f4fe0d0bab7bba59,TID_GOLD_PASS_PERK_DETAILS,اكتسب سرعة أكبر في عمليات البناء والتدريب والأبحاث!\n\nالامتيازات المتاحة عبر التذكرة الذهبية تشمل:
ab3f0c9098881c46,TID_BUTTON_PROCEED,المتابعة
64d07c2415f06a15,TID_CHAT_WELCOME,مرحبًا بك في المحادثة العالمية.\n\nمن فضلك تعامل باحترام وبتهذيب مع الآخرين. السلوك المهين غير مقبول.\n\nلا تشارك أي معلومات شخصية (بريد إلكتروني، رقم هاتف، عنوان، كلمات سر)!
23e6cc5c25699af3,TID_CLOCK_TOWER_INFO_SHORT,استغل الوقت من خلال القوة الآلية.
676074b4e9a3ad65,TID_CHARACTER_GRAVE_GOLEM,غولم الساحرة
2f720a4d0de56dd6,TID_LABORATORY_HINT,حدد ما تريد ترقيته
0cd2ec77ca4dd9de,TID_ERROR_POP_UP_SERVER_MAINTENANCE,عذرًا، فالخوادم قيد الصيانة. من فضلك حاول ثانيةً لاحقًا.
dc6f18492205dc9d,TID_LEAGUE_GOLD2_SHORT,الذهبي II
8413cce32a40d90a,TID_NEWS_TH11_UPDATE_ARTILLERY_TITLE,مدفعية النسر: الحارس النائم
542e9a9e4dd4d1e3,TID_BALLOON_HASTE_EVENT_INFO,تنطلق البالونات في مسارات سريعة بفضل تعويذة التسرع. وكلتاهما الآن متوفرتان بخصم. انفجار أسرع!
820598ea5e478c5b,TID_REPORT_REASON_OTHER,其他内容
a51842512f0076a0,TID_GIFT_CLAIM_FAIL_SERVER,فشل المطالبة بالهدية. يُرجى إعادة المحاولة لاحقًا.
7408f6c11ddc440d,TID_NPC_CHALLENGE_TH7_MINION_BARBARIAN_KING,انشر <c9916c8>ملكًا بربريًا</c> لتشتيت انتباه <cf70d16>برج الساحر</c>.
e3cc72cba9a65f2e,TID_OBSTACLE_MUSHROOM,فطر
9764a4e7adad92e8,TID_POPUP_BOOST_SPELL_FACTORY,هل تود تعزيز سرعة تحضير التعويذة بمقدار <multiplier>x لمدة <time>؟
22d7c0779e45a915,TID_LEAGUE_MEDALS_INFO,يتم ربح أوسمة الدوري من خلال المشاركة في حدث دوري حروب القبائل الشهري.
2476832b8cfc7b17,TID_BOOSTER_MOVE_OBSTACLE_ALT_2_LINE,مجرفة العوائق
cf5b6f8e639992ed,TID_ACHIEVEMENT_DESTROY_WEAPONISED_TH_COMPLETED,قاعات المدينة المسلحة المحطمة: <value>
8223a900946e7ee9,TID_VISIT_FAILED,تعذرت زيارة القرية. يُرجى إعادة المحاولة لاحقًا.
7affaa4347904ba7,TID_BUY_MULTIPLE_MISSING_RESOURCES_TEXT_N3,أتريد شراء العناصر الناقصة: <count1> من <resource2> و<count2> من <resource2> و<count3> من <resource3>؟
01f17c78f080e2cd,TID_NPC_CHALLENGE_TH9_WITCH_WITCHES1,انشر <c54a0fe>الساحرات</c> لإزالة المباني من الزاوية.
9c4f6d111fc0fd82,TID_SUPER_MINER,عامل المنجم الخارق
0146b65d4cb0d32e,TID_ACHIEVEMENT_DESTROY_MORTARS_TITLE,مدمر مدافع الهاون
539235163e123362,TID_POPUP_BREAK_GUARD_TEXT,من دون حراسة سيتمكن اللاعبون الآخرون من مهاجمتك. هل تريد بالتأكيد إزالة الحراسة؟
1445c6d92527de9b,TID_REENGAGEMENT_CHALLENGES_1,إليك بعض التحديات الخاصة لخوضها أيها الزعيم!
ca2808ef5902a914,TID_HAMMERJAM_OFFER2_MAGICITEMS_WALLRING_AND_ALLRUNES_INFO_1999,• <booster1> من خاتم الجدران\n• <booster2> من تميمة إكسير الظلام\n• <booster3> من جرعة البنَاء\n\n• لا توجد حدود للتخزين!\n• يمكن شراء هذا العرض 10 مرات!\n\nابدأ ترقياتك باستخدام مجموعة التحديث المدهشة هذه!
1a701758b58d0a40,TID_DECORATION_10YEAR_BIRTHDAY_STATUE,تذكار الملك الغول
76a9a6b77f77b369,TID_SPELL_SPEED_UP_SUCCESS,انتهت صناعة التعويذات!
9a365364cc4b1ba6,TID_CRAFTING_RESOURCE_LOCKED,ابلغ <building> من المستوى <level> لفتح الصياغة باستخدام <resource>
3882cf0489ba6b96,TID_BOOSTER_FINISH_TROOP_UPGRADE_OFFER_INFO,<num> من كتب القتال: لإنهاء عداد ترقية أي قوات على الفور.
212152e96bd5b91e,TID_SKIN_NOT_AVAILABLE,افتح هذا المظهر من تحديات الموسم.
e63650819a1d0dd5,TID_BATTLEPASS_TASK_WIN_BATTLES_USING_BOXERGIANTS,الكم كل شيء
68d20b8c4c5a4cb6,TID_SPELL_DAMAGE,إجمالي الضرر: <number>
fdf8d76d25a83d8c,TID_INFO_UNIT_COUNT,عدد <unit>: <number>
ed10a18987d2a2b9,TID_KICK_FAIL_CAPITAL,لا يمكنك طرد اللاعبين وأنت في العاصمة.
674090fa22b2a7a1,TID_COSMETICS_CUSTOM_UNITS,وحدات مولدة مخصصة
480cf2f2cbee67c7,TID_ALLIANCE_WAR_STAT_WINS,الهجمات الناجحة
bb963071d8d9b82a,TID_LEAGUE_TITLE1,لست في دوري!
39e0de1a71fcae24,TID_COPY_LAYOUT_FAILED_NOT_IN_CLAN,لا يمكن نسخ مخططات عاصمة القبيلة عندما لا تكون عضوًا في قبيلة.
63d3b3608854fff7,TID_NPC83,حالة طوارئ
f64aa61729d4cf37,TID_HINT_CAMP,القوات في المعسكرات للهجوم فقط - لن تدافع عن قريتك
f15f9226674bc406,TID_DOWNLOADING_SKIN,جارٍ تنزيل المظهر....
e3a4d5c084dc35a8,TID_CAULDRON_REWARD_INFO2,عند انتهاء الحدث ستحصل على زينة مرجل الإكسير الحمضي
3db39fa91841e1ee,TID_SOLD_OUT,نفدت الكمية!
692ffec5a7384070,TID_ACHIEVEMENT_PVP_DEFENSES_TITLE,دفاع منيع
7bb3203b422c4c95,TID_SURRENDER_POPUP_TEXT,أيها القائد، هل تريد بالتأكيد إصدار الأمر بالتراجع؟ سيتعرض جيشنا للهزيمة!
205770b409d848a8,TID_CAPITAL_SPELL_DURATION,المدة:
78344c5159878eaf,TID_DARK_ELIXIR_BARRACK_INFO,ستفتح ثكنات الظلام الأبواب للمخلوقات التي نشأت من إكسير الظلام. قم بترقية الثكنات لإلغاء قفل المزيد من القوات ذات المهارات القتالية الفريدة.
7fae97170efa59a2,TID_NPC74,منطقة محاصرة
d7fba1e32966e83d,TID_BABY_DRAGON_INFO,يكون هذا الوليد الذي ينفث النار خجولاً في حضور الوحدات الجوية الأخرى، لكنه سيشتاط غضبًا إذا تُرك وحده! تشعر التنانين الصغيرة بغضب عارم بعيدًا عن الوحدات الجوية الأخرى، ويزداد ضررها وسرعة هجومها.
ca57665fa2936c56,TID_DIAMOND_PACK_5,صندوق جواهر
f27342ab6863444d,TID_RECEIVED_WAR_REQUEST_FROM,تحدي حرب من قبيلة <clan>!
a3bca67aa70300c8,TID_BATTLEPASS_TASK_COLLECT_GOLD,استخراج الذهب
49c379c92d92a431,TID_ALLIANCE_TYPE_CLOSED,مغلق
67925abb31c1293d,TID_DIAMOND_BUNDLE_TH4_UPDATED_INFO,• دفاع جوي مستوى 2\n• <res0> من الذهب\n• <res1> من الإكسير\n• <gems>من الجواهر\n\nلا توجد حدود للتخزين!\n\nلا تفوت هذا العرض الذي يمنح <cffec78><value> من أمثال القيمة</c> ويأتي مرة واحدة!
8177b4fb93cde8db,TID_OBSTACLE_TOMBSTONE,شاهد القبر
b95d4854c87efc97,TID_TUTORIAL_WAR_DONATE_1,سنتبرع بالقوات في يوم الاستعدادات ونستكشف الأعداء.
98745164f5458df3,TID_NPC_CHALLENGE_TH11_LAVALOON_MINIONS,استخدم <c54a0fe>كائنات المينيون</c> للتخلص من هياكل/قوات العدو المتبقية!
da6ba9baf1bee094,TID_BUILDING_CRUSHER,الساحق
211f221d47520976,TID_SUPPORT_CREATOR_INFO,ادعم منشئ محتوى بإدخال رمز المنشئ.
0dbada93c5b18374,TID_VIEW_HIGHSCORES,عرض أقوى القبائل واللاعبين حول العالم.
e8340a6f47c6afa8,TID_BDRAG2_ABILITY_NAME,العصبية
416564f1527dafa4,TID_CLANGAMES_TASK_INFO_GET_KILLS_VS_ARCHERQUEEN,اقض على الملكة رامية السهام الخصم <num> من المرات في المعارك متعددة اللاعبين.
b146dc8e81f7bc0e,TID_BIND_TO_NEW_GAMECENTER_ACCOUNT_TITLE,تسجيل دخول جديد إلى Game Center
f6f8a66a4158fcf6,TID_ALLIANCE_INVITATION_FAILED_AVATAR_ALREADY_HAS_AN_INVITE,لقد دعوت هذا اللاعب بالفعل!
12402882ab7e50ad,TID_DAILY_TASK_2_DESC,احصل على نجمة من معركة قاعدة بنّاء.
c2ae4dd84d0d006c,TID_MAP_LOCATION_5,بحيرة متجمدة
afae7cc0da96b2f0,TID_STARTER_WINUSINGARCHER,راميات السهام المهاجمات
63f6877f2ce2b558,TID_WAR_STATS_WINS,مرات الفوز:
2152b7ee83118583,TID_LEAGUE_SILVER3,الدوري الفضي III
240b569203b9c336,TID_STREAM_EVENT_CHANGED_SETTINGS,إعدادات القبيلة محدثة
f0c088272313c268,TID_BATTLEPASS_TASK_INFO_USE_SIEGEZEPPELINS,استخدم منطاد المعركة لربح <num> من النجوم من المعارك متعددة اللاعبين.
dd280aeaf76d2e46,TID_UNITS_LEFT,متبقٍ <number>
edc97cecc01a9f71,TID_GOLD_PASS_SALES_ENDED,أوشك الموسم على الانتهاء. لا يمكن تفعيل التذكرة الذهبية. الرجاء إعادة المحاولة بعد انطلاق الموسم الجديد.
fba663f6db41dfa9,TID_BATTLE_LOG_TITLE,لقد تعرضت للهجوم!
03840fc75c3d2881,TID_BUY_SHIELD_WHILE_GUARDED_TEXT,هل تريد بالتأكيد شراء <name>؟\n<cff0000>ملحوظة: هذا سيعطل حراستك النشطة</c>
8c12ef78a8b471b4,TID_CONFIRM_CONTINUE_WANTS_INVITES_TITLE,أما زلت تبحث؟
ceb980619dc75735,TID_TUTORIAL_REINFORCEMENT_CAMP_INTRO_2,لا أعني إنك سيء في الهجوم. تبًا، لم أقصد قول ذلك.
1e14d26ec5abab0b,TID_PARENTS_GUIDE_BUTTON,دليل الآباء
ca9d98e411e195d6,TID_HERO_INSTRUCTIONS_ROYAL_CHAMPION,لا تخشى البطلة الملكية سوى أربعة أشياء، والعدو ليس أحدها. تهاجم عن قرب باستخدام رمحها ،وتلقي درعها لتدمير الدفاعات عند فتح قدرة الدرع المطارد الخاصة بها.
641d2804365aac39,TID_6ANNIVERSARY_OFFER_MAGICITEMS_BOOKS_AND_RUNES_INFO_9999,• <booster1> من كتب الأبطال: أكمل أي ترقية أبطال جارية على الفور.\n• <booster2> من كتب المباني: أكمل أي ترقية مبانٍ على الفور.\n• <booster3> من تمائم الذهب: املأ مخازن الذهب لديك بالكامل.\n• <booster4> من تمائم إكسير الظلام: املأ مخازن إكسير الظلام لديك بالكامل.\n\n• تخزين بلا حدود!\n• يمكن شراء هذا العرض مرتين!\n\nاحصل على مجموعة الذكرى السنوية الآن. متوفرة لفترة محدودة فقط!
cb392ec9beb0193c,TID_BATTLEPASS_TASK_WIN_BATTLES_USING_RECALL_INFO,استخدم تعويذات السحب لربح <num> من المعارك متعددة اللاعبين.
ef702aad9cf9e5b9,TID_TUTORIAL_TOWN_HALL_1,يمكننا ترقية قاعة المدينة بالذهب الذي أخذناه من الغيلان.
0e7929d32c213823,TID_GAMES_REWARDS_HEADLINE,الجوائز
a07a3f4f2b4b22c8,TID_CLANGAMES_TASK_INFO_GET_BUILDERBATTLEDESTRUCTION,ألحق دمارًا بنسبة <num>% في معارك البنّاء.
9606532002fbe4dd,TID_HERO_ABILITY_UNLOCK_PROMPT_MALE,قم بترقية بطلك إلى المستوى <number> لفتح هذه القدرة.
9fc48bc5ddcd2e63,TID_ARMY_OVERVIEW_HINT_SIEGE,تفتح آلات الحصار عند قاعة المدينة 12
343d0e32d9b56ded,TID_GUARD_BUY_CONFIRMATION,تم تفعيل الحراسة!
bca60a5fc3602874,TID_TENCENT_USER_PRIVACY_POPUP_TEXT_1,在您使用我们(腾讯)服务前，请您务必审慎阅读、充分理解<TOS>、<PP>、<CHILDREN>、<THIRDPARTY>的各条款。同时，您应特别注意前述协议中免除或者限制我们责任的条款、对您权利进行限制的条款、约定争议解决方式和司法管辖的条款。如您已详细阅读并同意以上条款，请点击\q同意\q开始使用我们的服务。\n我已经详细阅读并同意<TOS>、<PP>、<CHILDREN>、<THIRDPARTY>。\n
a467e110a0023842,TID_BUTTON_HELP_CENTER,المزيد من المساعدة
a332f4fd009b5b12,TID_BUTTON_CAPITAL_MAP,الخريطة
77f42494da543bda,TID_INVITATIONS_FULL,بلغت الحد الأقصى للدعوات!
2957fd1576403f48,TID_STREAM_SHARED_LAYOUT,شارك مخططه.
78f77a8f4ce64ed3,TID_CHANGE_NAME_ALREADY_USED,لا يمكن تغيير الاسم! تم تغيير الاسم لمرة واحدة بالفعل على هذا الحساب.
b61683180424c3be,TID_SETTINGS_LANGUAGE,اللغة
c13e442cb9b32e7d,TID_STARTER_TH3_INFO_BUILDLABORATORY,احصل على المعمل من المتجر.
a7c6e3550e4f6cf4,TID_WAR_INFO_BUTTON,تفاصيل الحرب
7eff3c917c909984,TID_NOT_ENOUGH_WORKERS_TEXT_MASTER_BUILDER,إكمال المبنى السابق ليتفرغ البنّاء الخبير؟
baee6b10d989339b,TID_SELF_SERVICE_BUTTON,الخدمة الذاتية
5b33da5739ce6cb3,TID_TUTORIAL_ENTER_AGE,سؤال واحد آخر...
81575df4ec85d788,TID_PLAYER_MUTED,تم كتم صوت اللاعب!
e7ae53009354bbf3,TID_NEWS_UPDATE_AIR_MORTAR_TEXT,
d6276bc04564a07b,TID_AURA_DAMAGE_WALL,ضرر الجدار في الثانية: <number>
2af535b1e7da6878,TID_PART_HOUSE_ROOF,سقف منزل القبيلة
588a0cbdd7f38db2,TID_AURA_DAMAGE,ضرر الهالة في الثانية: <number>
448e30c6c8a5b2f5,TID_START_WAR_FAILED_WAR_REQUEST_REJECTED,تعذر إرسال تحدي حرب ودية، لقد رفضت هذه القبيلة تحديك مؤخرًا. يرجى المحاولة ثانية لاحقًا.
8539ef08ce56ed81,TID_BLACKSMITH_LEVEL_TOO_LOW,عليك ترقية الحداد إلى المستوى <number>.
5b9e0ab24e827d84,TID_GEAR_INFO_BARBARIAN_CROWN,لاستدعاء مجموعة من البرابرة الغاضبين
b44ab59f2c54ee11,TID_ACHIEVEMENT_CASTLE_UPGRADE,ترقية قلعة القبيلة إلى المستوى <number>
e5b6174568599a55,TID_ACHIEVEMENT_CASTLE_TITLE,بنّاء الإمبراطورية
7505531a2462f794,TID_HERO_ABILITY_QUEEN_DESC,تختفي الملكة من المشهد لاستعادة بعض الصحة وإطلاق وابل من الذخائر عالية الضرر. ستختفي من أمام الدفاعات التي تستهدفها، وستظهر مجموعة من راميات السهام لتشتيت انتباههم!
a830454501c0c8a3,TID_AUTO_FORGE_SLOTS_ACTIVE,المواضع النشطة: <num>
7263247d0ed90058,TID_CHARACTER_INFO_FIREMITE,
17c4746a3998c576,TID_DECO_FOREST_3,الغابة
8b00b110bec14394,TID_ERROR_POP_UP_BANNED_ARTICLE_BUTTON,مزيد من المعلومات
4fa20fd8ee14e66a,TID_LINK_CODE_TITLE,رمز الربط
3031c6ac3e01d742,TID_BP_PERK_RESEARCH_BOOST_DESC,تستهلك ترقيات القوات والتعويذات وآلات الحصار في المعمل موارد ووقتًا أقل بنسبة <num>%.
6394ce8ac954855f,TID_SIEGE_MACHINES_BATTLE_TEXT,تختص كل آلة حصار بطريقة مختلفة في إلحاق الدمار. يمكنك أن تبني عدة آلات حصار، وبهذه الطريقة يمكنك أن تختار الطريقة التي تريد أن تستخدم بها الآلة في بدء المعركة. وبالإضافة إلى ذلك، إذا كنت تفضل ألا تستخدم آلة الحصار الخاصة بك، فلا يزال بمقدورك نشر تعزيزات قلعة القبيلة على الطريقة القديمة بالتبديل إلى راية قلعة القبيلة في شريط القبيلة. لا تنس أن تطلب قوات قلعة القبيلة من زملائك في القبيلة! إذا كانت قلعة القبيلة لديك فارغة، فهذا يعني أن آلات الحصار ستكون فارغك كذلك. كل الخيارات صائبة عند اختيارك آلة الحصار. وفي النهاية، أنت من تقرر الآلة المناسبة لتكمل مجموعة قوات قلعة القبيلة الخاصة بك!
7db3f4e86327ef85,TID_BP_TAB_REWARDS,الجوائز
d399e5747d3a7666,TID_MOVE_MASTER_BUILDER_ERROR_VILLAGE_HV,البنّاء الخبير في قاعدة البنّاء حاليًا.
423eece38737adbd,TID_BATTLEPASS_TASK_INFO_WIN_BATTLES_USING_MEGAPEKKA,اربح نجمة في <num> من معارك البنّاء باستخدام <num2> من قوات بيكا القوي.
c98e352dd12ba4d8,TID_INFO_POP_UP_IAP_NOTE_ANDROID,لعبة Clash of Clans مجانية، ولكن يمكنك تسريع تقدمك في اللعبة بواسطة عمليات الشراء داخل التطبيق. لتعطيل تلك الخاصية، عليك ضبط الحماية بواسطة كلمة مرور على عمليات الشراء في إعدادات تطبيق متجر Google Play Store. كما يجب أن يكون عمرك 13 عامًا أو أكثر لتلعب اللعبة.
7e092d58ac7f2f61,TID_INFO_RANGE,النطاق:
40cc4d32368ab7ec,TID_ACHIEVEMENT_CLEAR_OBSTACLES_COMPLETED,إجمالي العوائق المزالة: <value>
f7a83eab3fa4d0e7,TID_CLANGAMES_TASK_USE_ELECTROFIREWIZARD,الفرقعة الكهربائية النارية
d7765cc0b2a64eab,TID_CAPBUILD_GUARDPOST_GIANTS,مقر العملاق الخارق
93d43e7bd87bb2e5,TID_BOOST_ALL_HEROES,كل الأبطال
5d2294dc75554823,TID_LAYOUTS_EDIT_BUTTON,تعديل المخطط
f1d28c8c8c560643,TID_NOT_ENOUGH_GEAR_RESOURCES,لا توجد موارد ترقية كافية!
47516c56e29867a3,TID_FEATURE_BUILDER_BASE,قاعدة البنّاء
b4f1a347ed0c3db0,TID_POPUP_BOOST_RESOURCES,تعزيز مباني الموارد يضاعف إنتاجها من الموارد لمدة <time>.
ded1f44a29e8744a,TID_FEATURE_CLAN_GAMES_DESC,اعمل مع قبيلتك لإنجاز تحديات سترونجمان والفوز بمكافآت سحرية.
7ee9762aa983a5d0,TID_DIAMOND_BUNDLE_BH7_ALT,حزمة البنّاء المعلم
c6821d005d38180c,TID_GOOGLE_SERVICE_SIGN_IN,تسجيل الدخول
54b1c38cec6d9b9d,TID_CHALLENGE_INFO_2018,قاعة المدينة 12 والتنين الكهربي إضافتان مثيرتان. وتصل أيضًا آلات الحصار ودوري حروب القبائل والتاجر لجعل الأمر أكثر تحديًا.
44a70c129e09b72f,TID_POPUP_BOOST_ALL_COLLECTORS,هل تود مضاعفة إنتاج جميع المستخرجات الـ <number> من هذا النوع لمدة <time>؟
d58274f09b914255,TID_CHARACTER_INFO_SIEGE_MACHINE_FLYER,يتجاوز منطاد المعركة العوائق القائمة على الأرض، ويوصل قوات قلعة القبيلة الخاصة بك مباشرةً إلى قلب قرية العدو، بينما يسقط القنابل على طول الطريق. إلا أن سهولة ملاحظته تجعل من السهل إسقاطه. يتمتع بمناعة ضد تأثير التعويذات.
de94ef56493d2e4b,TID_LEAGUE_BRASS3,دوري النحاس الأصفر 3
3ace11bc9689c92b,TID_CLANGAMES_TASK_INFO_USE_SIEGE_BARRACKS,اربح <num> من النجوم من المعارك متعددة اللاعبين باستخدام <num2> من ثكنات الحصار.
ee879124072b0899,TID_CLANGAMES_TASK_INFO_LOOT_ELIXIR,اغنم إجمالي <num> من الإكسير في معارك متعددة اللاعبين.
4902aab052094730,TID_BUTTON_STORE_DECO,التخزين
41d8e93c428481a0,TID_DIAMOND_BUNDLE_MAGICITEMS_HERO_LEVEL_PACK_INFO,• <gems>الجواهر\n• <res0>إكسير الظلام\n• <booster1>x كتاب الأبطال\n• لا حدود للتخزين!\n\nكل شيء تحتاج إليه لترقية الملك البربري أو الملكة رامية السهام!\n\nلا تفوت هذا العرض!
8bd9a02c0d37169e,TID_SETTINGS_NOTIFICATIONS,إعدادات الإشعارات
042467cda477d59f,TID_CLANGAMES_TASK_INFO_USE_SIEGEZEPPELINS,اربح <num> من النجوم في المعارك متعددة اللاعبين باستخدام <num2> من مناطيد المعركة
ae5acbca9de8bb7c,TID_OBSTACLE_BIG_TREE,شجرة كبيرة
5a8204a57ca39745,TID_LOCAL_NOTIFICATION_EVENT_TROOP_DISCOUNT,أيها الزعيم، بدأ أحد أحداث القوات!
bea0089ade371433,TID_CLANGAMES_TASK_DESTROY_INFERNOTOWERS,تدمير أبراج النار
0a3528c4c69cc1f8,TID_NAME_REPORT_TITLE,أتريد الإبلاغ عن <name>؟
eb9a8f2094f8a677,TID_LIVE_REPLAY_FAIL_GENERIC,لا يمكن المشاهدة الحية. يُرجى المحاولة ثانيةً لاحقًا.
95b50206c73ad1e0,TID_WL_HIDDEN_FRIENDLY_VILLAGE_INFO,يمكن تغيير المشاركين والتبرع بالقوات في يوم الاستعداد.
ad1c90e9dad46020,TID_XMAS_PACK_INFO,• <gems>جواهر\n• <c80d8e8>هدايا القبيلة:</c>\n<giftgems> جواهر لكل أعضائها\n\nبما في ذلك هدايا لعدد يصل إلى <giftmates> من زملاء القبيلة!
7d70675f3006d250,TID_BP_SEASONAL_TASKS_HEADER,التحديات الجارية
c18ad357c4341601,TID_SPEED_UP_TROOP_REQUEST_TEXT,هل ترغب في تجاوز الانتظار وطلب التعزيزات الآن؟
005b585be2da1c55,TID_DEVICE_LINK_ERROR_TOO_MANY_DEVICES_TEXT,لقد قمت بالفعل بربط 10 أجهزة، وهذا هو أقصى عدد مسموح به.\n\nإذا أردت حذف بعض الأجهزة القديمة، يُرجى الاتصال بنا من خلال صفحة التعليمات والدعم.
bfb46a04f013ada9,TID_CAPITAL_RAID_SEASON_REWARD,لقد تلقيت <num> من ميداليات الغارة من غارة نهاية الأسبوع.
7a5144ae4d897cfa,TID_ACHIEVEMENT_DONATE_SIEGES,تبرع بـ <number> من آلات الحصار.
692cb39b563b7e28,TID_CONFIRM_CONFIRM,الرجاء كتابة \q<confirmword>\q والضغط على زر موافق لإكمال الإجراء
bde17f81ee3cb82d,TID_NEXT_REQUEST,الطلب التالي:
0ec0f6195c8e09ce,TID_PROMOTE_POPUP_TITLE,تم رفع رتبتك!
48cabd154be88b30,TID_BP_PERK_UNLOCKED_IN_REWARDS,يمكن الحصول على الترقية عبر الجوائز.
636e66a67dcae780,TID_RES_PACK,حزمة موارد
8339cbadcc4755cb,TID_ALLIANCE_WAR_RETURN_TO_CURRENT_WAR,الحرب الحالية
8051c11b255b2710,TID_BAT,خفاش
fd8fc7806c63baf9,TID_TUTORIAL_MODE_TITLE,وضع العرض التوضيحي
ddc74c2d2984ff44,TID_SETTINGS_ON,تشغيل
c4f4fc073f521862,TID_MAP_LOCATION_4,بربريا
9963b9d89550bf2e,TID_CAPBUILD_RAPID_ROCKETS,الصواريخ السريعة
f6ef2c1c23bbcb1a,TID_CLAN_TAG,شعار القبيلة:
343067a9758352c6,TID_BALLOON2_ABILITY_HELP,تلحق <num2> من الضرر، وتدمر الجدران وتنشر <num> من الهياكل العظمية عند تفعيلها
04ba14974ead967f,TID_INVITE_BUTTON,دعوة
57446527cad37e8a,TID_HINT_HERO_GRAND_WARDEN_MODE,هل تستخدم أي قوات جيش طائرة؟ حاول ضبط الآمر الكبير للوضع الجوي!
f08abc6961645442,TID_WEAPON_TOWN_HALL_14_INFO,يجعل البرج الناري العملاق أعداءك كشرائح لحم في حفل شواء. بعد الترقية الجديدة أصبح هذا البرج الآن يطلق سحابة سامة بعد تدميره تبطئ المهاجمين الموجودين بالقرب منه وتلحق بهم الضرر.
74454c8630ab03a0,TID_KUNLUN_APP_STORE_HUAWEI,Huawei
40115ce9cb754a0e,TID_NPC59,العيون الساهرة
d4f2d2e28abdb4b2,TID_CLAN_HOUSE_NAME_UNOCCUPIED,منزل مهجور
1667c6936cfe2c6b,TID_LEAGUE_EMERALD2,دوري الزمرد 2
6ae183b7f375338c,TID_HINT_NAMECHANGE,لا يمكنك تغيير اسم قريتك. لن يعرف أهل قريتك أين يعيشون!
717200eb61048210,TID_PET_DIGGY_ABILITY,المفاجأة المذهلة
a35eb32542491f7c,TID_WAR_DONATE_MESSAGE_SAVED,تم حفظ رسالة التبرع
115920e55df633d0,TID_NO_PRIVILEDGE_TO_EDIT,تحتاج إلى رتبة أعلى في القبيلة حتى يمكنك تدوين الملاحظات.
8c48a3aab565c902,TID_NOT_ENOUGH_SPACE_CC,مساحة قلعة القبيلة غير كافية
368cc234e62cb058,TID_BUTTON_SELECT_MORE,اختيار صف
f27cb44fc6f940e0,TID_CAPITAL_PLAYGROUND_SPELL_EXPLANATION,لا تحتوي التعويذات على مؤقتات في العاصمة.
a1ec32c2403b46ed,TID_LINK_CODE_TEXT,والآن اترك هذه الشاشة مفتوحة. وفي الجهاز الآخر، انتقل إلى شاشة الربط وانقر على الزر \qهذا هو الجهاز الجديد\q.
9d40d40886a6889e,TID_TUTORIAL_GOLDSTORAGE,تحتاج أيضًا إلى مكان لتخزين كل الذهب الثمين!
49f31a56d827f441,TID_NEWS_UPDATE_LEGEND_LEAGUE_TEXT,
1f4efdca217c7160,TID_LOCAL_NOTIFICATION_EVENT_SPECIAL_TROOP_DragonLighting,أيها الزعيم، اربح 200 جوهرة أثناء حدث تعويذة التنين / البرق!
558670eb1f00e503,TID_BB_START_ATTACK_POPUP_TITLE,ابدأ الهجوم
c1f900a2266a475f,TID_LOCAL_NOTIFICATION_SHIELDS_WILL_DISAPPEAR,أيها الزعيم، لقد انتهى درعنا!
f0ec0942a77b1d31,TID_CLAN_JOIN_FAIL_GENERIC,تعذر الانضمام إلى القبيلة!
1887f36c23f5cf86,TID_NEWS_UPDATE_BOOKMARKS_TITLE,
5232d902086c0f5e,TID_BOOSTER_FINISH_BUILDING_UPGRADE_OFFER_INFO,<num> من كتب المباني: لإنهاء عداد ترقية أي مبنى على الفور.
2f7bf55bffde0869,TID_FIND_MATCH_HEADER,البحث عن مطابقة؟
983ec8edf4c30e0e,TID_CAPITAL_PLAYGROUND_INTRO,هاجم أحد زملاء القبيلة هذه المنطقة بالفعل. لنكمل من حيث توقف!
b373fc7383e907aa,TID_OFFER_ANNIVERSARY,مجموعة عيد Clash السنوي
77c189e12c11da07,TID_REPLAY_BUTTON_FAIL,لم تعد إعادة العرض متوفرة!
ad2e9807f26045d7,TID_HERO_ABILITY_QUEEN_TITLE,عباءة ملكية
646b6e65174d10bd,TID_SHOP_CATEGORY_TRAPS,الفخاخ
d42ea0e18be1839e,TID_NOTIFICATION_UPGRADES,الترقيات
367ce3478aea9527,TID_CLANGAMES_TASK_INFO_USE_WIZARDS,اربح <num> من النجوم من المعارك متعددة اللاعبين باستخدام <num2> من السحرة
42489bb47210271e,TID_SPELL_FROST_INFO,
64fdd9eb2edb04d8,TID_HASTE_SPEED,زيادة السرعة: <number>
fa8b632027ba9293,TID_WAR_SPECTATOR_TITLE,مُشاهد الحرب
d8d4b29e6da8932e,TID_WARMACHINE,آلة المعركة
e58c8dc7559ca6d1,TID_ALLIANCE_WAR_RESOURCE_STORAGE_CAPACITY,<resource>: <number>
3549b2d7df383cb5,TID_STARTER_TH5_INFO_UPGRADEBUILDERHUT,احصل على كوخ بنّاء ثالث من المتجر
55d8b11c39547990,TID_SUPER_WITCH_ABILITY_HELP,تستدعي الساحرة هيكلًا عظميًا واحدًا ضخمًا.
baab44b75494099f,TID_ACHIEVEMENT_WL_STARS,أحرز <number> من النجوم لقبيلتك في معارك دوري الحروب.
ddee989087015af4,TID_WECHAT_LOGIN_BUTTON,تسجيل الدخول إلى WeChat
95e9993a320d3d7d,TID_ABOUT_BUTTON,معلومات
3f2554722f2d3704,TID_BATTLEPASS_TASK_WIN_BATTLES_USING_VALKYRIES,البلطة القاطعة
51b9cbd058cfa19b,TID_CHARACTER_ELITE_BARBARIAN,البربري الخارق
c0ae375612de5249,TID_STARTER_UPGRADEWALL_INFO,قم بترقية الجدران <num> من المرات.
a9dae50ddebe5900,TID_DECO_RESTORED_PILLAR,عمود
1b320724e62ba6e7,TID_RESOURCE_PACK_DARK_ELIXIR_FULL,ملء مخازن إكسير الظلام
265fbbc0661c42b1,TID_WAR_PERSONAL_INFO,هل تفضل المشاركة في حروب القبائل؟ ستكون تفضيلاتك متاحة لأعضاء القبيلة الآخرين.
802f67cb7f6b1942,TID_EVENT_TEXT_HALLOWEEN_GIANT_SKELETON,طارد أعداءك بشجاعة واربح 200 جوهرة وجرعة قوة باستخدام الهيكل العظمي العملاق خلال حدث الشبح العملاق!
871736eac7e1baa0,TID_OFFER_PURCHASE_PENDING_ERROR,عملية شرائك قيد المعالجة.
9c46d649c080be72,TID_CLANGAMES_TASK_INFO_USE_ICEGOLEMS,اربح <num> من النجوم من المعارك متعددة اللاعبين باستخدام <num2> من غولم الجليد.
3764fe09ce3a5555,TID_STARS_COLLECTED,胜利之星：<number>
bc81e6d7b09424cc,TID_DIAMOND_BUNDLE_BH6_INFO_ALT,• <gems> من الجواهر\n• <res0> من الإكسير\n• <res1> من الذهب\n\nبدون حدود على التخزين!\n\nلا تفوّت هذا العرض الذي يعطي <cffec78><value>أضعاف القيمة</c> ويأتي مرة واحدة!
c944bba0679afbb8,TID_WL_WARLESS_DAY,لا لعب
71eab16abedbcbd9,TID_EVENT_TITLE_6TH_ANNIVERSARY_PACK,مجموعة الذكرى السادسة
1833b14616c53f06,TID_NPC63,روح الفريق
9eef8fa365878ae8,TID_DIAMOND_BUNDLE_TH7_INFO,• <gems> من الجواهر\n• بطل الملك البربري\n• تيسلا مخفية مستوى 2\n\nدون وقت للبناء!\n\nلا تفوّت هذا العرض الذي يمنح <cffec78><value> من أمثال القيمة</c> ويأتي مرة واحدة!
fa3ff6f80f6e366e,TID_CONFIRM_ALLIANCE_GAMES_SPEEDUP_TITLE,هل أنت مستعد لتحدٍ جديد؟
31f0313b1c594ae5,TID_LOADING_CHINA,本网络游戏适合年满13周岁以上的用户使用；为了您的健康，请合理控制游戏时间。粤网文【2017】6138-1456号、 （总）网出证（粤）字第057号 著作权人：SUPERCELL OY 出版单位：北京昆仑乐享网络技术有限公司 文网游进字[2015]0062号 审批文号:新广出审[2015]1084号 出版物号：ISBN 978-7-89988-438-6 抵制不良游戏，拒绝盗版游戏。注意自我保护，谨防受骗上当。适度游戏益脑，沉迷游戏伤身。合理安排时间，享受健康生活。
b61311e0bd0ca5b7,TID_CLANGAMES_TASK_INFO_DESTROY_BB_GUARDPOST,دمر <num> من <building> في معارك البنّاء.
8dee2b0c7a064b1b,TID_CLAN_HAS_TOO_FEW_MEMBERS,لا يوجد لدى القبيلة ما يكفي من الأعضاء
9d5b4b0f8410698e,TID_HASTE_TOWER,تعويذة غضب البرج
ea692b3b5eaa6ace,TID_NPC_CHALLENGE_TH9_LAVALOON_BARBARIAN_KING_2,انشر <c9916c8>الملك البربري</c> ليتصدى لها حين تقفز خارج الجدران.
9e4ecbf1d93330a8,TID_BATTLEPASS_TASK_WIN_BATTLES_USING_ELECTROFIREWIZARD,فوز متعدد العناصر
982f16f539fe9405,TID_STARTER_TH3_INFO_WINSTARSGOBLINMAP,اربح <num> من النجوم في خرائط الغيلان في وضع اللعب الفردي.
f6b818a74bce767d,TID_BOB_TASK_DEFENCE_FLUFF,ترقية الدفاع القوي بنجاح فقط ستعلم البنّاء الخبير كيفية بناء بنّاء قوي لا يمكن إيقافه.
f9098c1a88a96872,TID_HAMMERJAM_OFFER2_MAGICITEMS_WALLRING_AND_ALLRUNES_INFO_9999,• <booster1> من خاتم الجدران\n• <booster2> من تميمة الإكسير\n• <booster3> من تميمة الذهب\n• <booster4> من تميمة إكسير الظلام\n\n• لا توجد حدود للتخزين!\n• يمكن شراء هذا العرض مرتين!\n\nابدأ ترقياتك باستخدام مجموعة التحديث المدهشة هذه!
3ea14da128fbd1f7,TID_ALLIANCE_GAMES_REWARDS_TAB,الجوائز
b55ad670a466e6f8,TID_ERROR_POP_UP_BANNED,تم حظرك مؤقتًا
852071747735e2b7,TID_BATTLEPASS_TASK_INFO_USE_SIEGERAMS,استخدم هادمة الجدران لربح <num> من النجوم من المعارك متعددة اللاعبين.
0143aeae971ad4b6,TID_CLANGAMES_TASK_DESTROY_DARKELIXIRSTORAGES,غارة مخزن إكسير الظلام
86be433191d1c59e,TID_POPUP_CANCEL_CONSTRUCTION,هل ترغب بالتأكيد في إيقاف إنشاء <item>؟ سيتم إعادة <number>% من التكلفة فقط.
41eced4ec5318b66,TID_CHARACTER_INFO_SUPER_WIZARDS,هل تعلم أنه متى اجتمع السحرة الخارقون، شاع \qالغرور\q في الأجواء؟ وهم رائعون في نسف المباني المتجاورة في نطاق واحد، ولكن ليس بالشدة التي يظنونها.
8d9fe0ac79478643,TID_HERO_AURA_WARDEN_DESC,يشع صولجان الآمر بهالة مُعزِزة للصحة، تتحسن مع كل مستوى. ستكتسب كل الوحدات الصديقة القريبة في الهجوم أو الدفاع نقاط إصابة أكثر، لكنها ستفقد التعزيز إن ابتعدت كثيرًا!
aafa9bd7e225d74f,TID_INFO_TARGET_TYPE_UNITS,القوات
0d079333a442534f,TID_GEAR_TITLE_ARCHER_CROWN,دمية رامية السهام
504387e9026a7101,TID_ALLIANCE_WAR_HAS_ENDED,انتهب حرب القبائل الحالية!
c1de3515d5d93141,TID_DECORATION_PIRATE_ANCHOR_INFO,بعد قطع حبل هذه المرساة ورسوبها إلى القاع، أصبحت متقاعدة. إنها تحاول البقاء في حالة جيدة، لكن لأمر صعب نظرًا لعمرها المتقدم.
ae6949e0280f5e3d,TID_DECORATION_FIRECRACKER,مفرقعات احتفالية
31daddd45d4314b8,TID_LEGENDS_UPCOMING_SHIELD_ACTIVE,ستتم حمايتك في يوم الدوري التالي. للمشاركة في الهجمات، يمكنك إزالة الدرع قبل بداية يوم الدوري التالي.
2a93aad09306dfaa,TID_TRADER_MENU_TITLE,الصفقات الأسبوعية
3812004c4d55c879,TID_TAP_TO_EXPAND,انقر للتوسعة
ca788a2be7a59f8e,TID_TUTORIAL_WAR_LEAGUE_11,القبيلة التي تجمع أكبر عدد من النجوم إجمالاً هي التي تربح الدوري بأكمله.
920c802a6151a92e,TID_CLAN_WAR_PREPARE_BUTTON,استعد!
58a4670ab9013c7e,TID_SPECIAL_OFFER_INFO_BUILDERBASE_ANNIVERSARY_9999,• <booster1> من تميمة ذهب البنّاء\n• <booster2> من تميمة إكسير البنّاء\n• <booster3> من كتاب القتال\n• <booster4> من كتاب المباني\n\n• لا توجد حدود للتخزين!\n• يمكن شراء هذا العرض مرتين!\n\nابدأ ترقياتك بهذه المجموعة المدهشة!
8f6ac814e8356afc,TID_NPC28,دفاع طبيعي
446a3c372cb5bdc4,TID_ALLIANCE_WAR_MOST_HEROIC_VICTORY,الهجوم الأكثر بطولة
42cd37e472145abf,TID_ACHIEVEMENTS_VILLAGE1,إنجازات القرية الأم
7a9c470db7b48fd6,TID_RECOVERY_BUILDING,كوخ الشفاء
04f96e282f80f4bd,TID_REPLACE_LAYOUT,استبدال المخطط
c4c754162bca302a,TID_BOOKS_OF_CLASH,Books of Clash
96c8f5e2feee49e2,TID_CAPITAL_CLAN_XP_REWARD,نقاط خبرة القبيلة: <number>
ba9c91780c059324,TID_CLANGAMES_TASK_DESTROY_GOLDSTORAGES,غارة مخزن الذهب
35122c87a75b4419,TID_IRONFIST_GIANT,عملاق ملاكم
b9e5b3a522e770b0,TID_TRADER_FEATURE_DESCRIPTION,ألق نظرة على البضائع السحرية التي يعرضها التاجر في المتجر كل أسبوع.
3ed482353ddbcba6,TID_GEAR_TITLE_SPEEDY_SPEARS,قارورة التسرع
4e0730e76ca282d2,TID_BP_REWARD_CATEGORY_CAP_HOUSE,أجزاء مساحة تسكين العاصمة
f3d3323cb1dc47ad,TID_MAP_LOCATION_7,بحيرة الحجر
cbf328ee9e03abb9,TID_BUY_PRIZE_SHOP_ITEM_HEADER,أتريد شراء <item>؟
22cee84d7079712f,TID_CLAN_GAMES_GET_REWARDS_AFTER_END,الجوائز متوفرة عند انتهاء المباريات.
ed3dc9fe032dda64,TID_LOCAL_NOTIFICATION_EVENT_SPECIAL_OFFER,أيها الزعيم، لديك عرض خصومات عالي القيمة متاحٌ لفترة محدودة!
ad6d87d1454c7974,TID_CHALLENGE_CHOOSE_LAYOUT,اختيار المخطط
2c4c7336a2e5c968,TID_WAR_ATTACK_CONFIRM_SPELLS_TEXT,التعويذات: <number>
34fa62c396dced14,TID_TUTORIAL_MAGICITEMS_1,أيها الزعيم، لقد عثرنا على عنصر غريب في قلعة قبيلة!
6a4f84932bb648cb,TID_EVENT_CHRISTMAS_TRAP,عنصر خاص بـ Clashmas: فخ التجمد
1887f6bd5a8ce908,TID_NEWS_UPDATE_TEXT,* تم تحسين تعويذات البرق والسم والزلازل والتجميد!\n* تمت إضافة تعويذة البرق من المستوى 7 و25 قطعة جدار جديدة إلى قاعة المدينة من المستوى 10\n* الدمار الكامل هو الآن العنصر الحاسم في حروب القبائل - إذا انتهت الحرب بالتعادل، فإن القبيلة صاحبة نسبة الدمار الأعلى في أفضل هجماتها ستكون المنتصرة!
1b03ac2041aaf0ed,TID_INFO_FORGING_TIME,مدة التصنيع:
19538e125158f687,TID_YOU_WIN,فاز دفاعك
a5d64f748d45c116,TID_PTE_PERK_TRAINING_BOOST_DESC,يستهلك تدريب القوات وصنع التعويذات وآلات الحصار وقتًا أقل بنسبة <num>%. يحتاج الأبطال إلى وقت أقل بنسبة <num>% لاسترجاع صحتهم.
b1142739aeefd9ce,TID_HINT_CRUSHER,يستطيع الساحق إبادة القوات الأرضية، لكن القوات الطائرة أو التي تضرب من مدى بعيد تستطيع تدميره دون أن يمسها.
786094d058ffb13c,TID_NPC_CHALLENGE_TH9_BABYDQW_INFO_WAIT,انتظر حتى تدمر <c9916c8>الملكة رامية السهام</c> <cf70d16>برج القنابل</c>.
4fe8af3d81e952da,TID_OTTO_TASKS_UPDATED,قم بالترقية!
1c4995c8104d7543,TID_CLANGAMES_TASK_DESTROY_AIRSWEEPERS,تدمير المراقبين الجويين
df6b02b18f9b93f0,TID_CLAN_GAMES_BONUS_REWARD_AVAILABLE,اجمع <num> من النقاط لتتمكن من اختيار جائزة إضافية عند انتهاء المباريات.
985efb7cd7087804,TID_BUTTON_CLAN_MAIL_NEXT,البريد التالي خلال:
0fb899bda998d4f1,TID_ACCOUNT_DELETION_WARNING_TEXT,استجابةً لطلبك سيتم حذف حسابك خلال <time>. إذا غيرت رأيك، فاتصل بالمساعدة والدعم لإلغاء طلب الحذف.
f74ba65736d483cc,TID_CLAN_TAGS,فئات القبيلة
d44fb8e7570b3d85,TID_CHARACTER_INFO_HULK_SMALL,عندما تشتد الرحلة، يشتد بأس هذا العنيد!
8efbf6f6783e77dd,TID_MOVE,تحريك
47973e1a09e8282e,TID_CAPBUILD_BARRACKS_BALLOON,ثكنات البالونات الصاروخية
cac46fe64029d654,TID_DEFENCE_TROOP_COUNT,قوات الدفاع: <number>
65d07516471ed7f3,TID_SPECIAL_OFFER_INFO_EASTER_LIMITED_9999,• <booster1>x خاتم الجدران\n• <booster2>x تميمة الإكسير\n• <booster3>x تميمة إكسير الظلام\n• <booster4>x تميمة الذهب\n\n• لا توجد حدود للتخزين!\n• يمكن شراء هذا العرض مرتين!\n\nابدأ عمليات الترقية، وارفع مستوى جدرانك من خلال هذه المجموعة المدهشة!
f248756b41e26d11,TID_LEGENDS_MULTIPLAYER,اللعب متعدد اللاعبين
964dd142e65329c1,TID_LEAGUE_BRONZE1_SHORT,البرونزي I
7c2f49db1ed3b036,TID_NPC87,الصداع المزعج
7a1e798201618133,TID_6ANNIVERSARY_OFFER_MAGICITEMS_BOOK_AND_RUNES_INFO_1999,• <booster1> من تمائم الذهب: املأ مخازن الذهب لديك بالكامل.\n• <booster2> من تمائم إكسير الظلام: املأ مخازن إكسير الظلام الخاصة لديك بالكامل.\n• <booster3> من كتب المباني: أكمل أي ترقية مبانٍ على الفور.\n\n• تخزين بلا حدود!\n• يمكن شراء هذا العرض 10 مرات!\n\nاحصل على مجموعة الذكرى السنوية الآن. متوفرة لفترة محدودة فقط!
1a9f4fac30ee2f40,TID_TRADER_ITEM_ALREADY_BOUGHT,غير متوفر
39b52f33fb76cf4e,TID_WL_TAB_SELECT_BONUSES,اختر المكافآت
0e759045d808fbec,TID_LEAGUE_STONE5_SHORT,الحجر 5
68d00967ae5f5785,TID_NPC_CHALLENGE_BOWIGI_WITCHES,توفر <c54a0fe>الساحرات</c> غطاءً لقواتك الأخرى. انشرها مع مجموعتك الرئيسية.
79ec7ebdbe97204c,TID_NAME_ALREADY_IN_USE,أنت تستخدم ذلك الاسم بالفعل!
8066aa54463c416b,TID_NPC_CHALLENGE_PROGRESS_WARNING_TEXT,قمت بعمل رائع! هل تريد التدرب دون خطوات الانتشار؟
2a623c296373cef8,TID_TOO_MANY_REPORTS_SENT,تخطيت حدود الإبلاغ اليومية الخاصة بك!
6de5e162a63a775f,TID_HINT_GUARD_GAIN,ستحصل على بعض الحراسة في كل مرة ينتهي فيها درع. هذا وقت رائع للهجوم!
2f7322c4b32c19d0,TID_TOO_MANY_TRAINED_SUPER_TROOPS,لديك عدد كبير من القوى الخارقة المدربة بالفعل.\n\nاستخدم تلك القوات أو أزلها أولاً.
20c46706bf57083b,TID_HERO_ABILITY_BATTLE_COPTER_DESC,تنطلق مروحية المعركة باتجاه هدفها وترمي قنبلة قوية عليه. تُصدر انفجارًا قويًا للغاية يحطم الهدف وكل شيء قريب منه. اشحنها لزيادة منطقة ضرر القنبلة!
bd16fa11f10da49c,TID_CHARACTER_INFO_SKELETON2,لا يمثل هذا المخلوق الميت الحي تهديدًا كبيرًا في حد ذاته. لكنه لا يحارب وحده أبدًا؛ فمنطاد الإسقاط يستطيع تسليط حشد هياكل عظمية لا حصر له على أعدائك!
c73a0ad1671bc335,TID_ACHIEVEMENT_DONATE_CAPITAL,ساهم بـ <number> من ذهب العاصمة في الترقيات في عاصمة القبيلة
c20b2ab4cbe492fd,TID_CAPITAL_REWARD,أوسمة الغارات
26043b7a5f842bee,TID_COME_BACK_NOTIFICATION_LARGE,عُد، تحتاج قريتك إلى قائد
d7e51bfe7b1b6fb0,TID_BATTLEPASS_TASK_WIN_STARS_USING_EARTHQUAKE,الأرض الغاضبة
5e1e3f16ec8907c8,TID_BUTTON_GO,بدء
7a5fb50d9fb039e1,TID_STARTER_TH3_INFO_DESTROYARCHERTOWER,دمر <num> من أبراج راميات السهام في معارك متعددة اللاعبين.
fb2464b02f61b878,TID_CAPITAL_RAID_AMOUNT_ATTACKS,إجمالي الهجمات: <number>
1e87a9179d5bbba1,TID_ACHIEVEMENT_WAR_LOOT,جمع <number> من الذهب من الخزينة
e1d49e4edcb49989,TID_LAYOUTS_ACTIVE_WAR_BASE,قاعدة حرب نشطة
73fafc4f3f5bd983,TID_DAILY_LOOT_LIMIT_FULL_INFO,لقد ربحت بالفعل كل الغنائم المتاحة اليوم. لكن ما زلت تستطيع القتال للحصول على الكؤوس!
14903677701193d7,TID_NPC_CHALLENGE_TH4_GIANT_WALL_BREAKERS,دمّر الجدران بسرعة قبل أن يموت <c54a0fe>العملاق</c>.
d163c09699523679,TID_HINT_ARCHER_TOWER_TARGET,تستطيع أبراج راميات السهام استهداف الوحدات الجوية والأرضية
b757025cc3fb1edd,TID_BUTTON_ASSIGN,التحديد
2ea23ce76ee22244,TID_LEGENDS_DEFENCE_CC_TITLE,حدّد قوات قلعة القبيلة
fe6fde730a4199be,TID_NOTIFICATION_EVENTS,الأحداث
8e8af6cc2f1fa0f1,TID_REENGAGEMENT_ATTACK_1,القوات متحمسة جدًا لعودتك!
edf851273c257c97,TID_BOOSTER_ERROR_GENERIC,لا يمكن استخدام <booster>!
e596d750bddd38de,TID_STARTER_TH2_INFO_BUILDCANNON,احصل على مدفع آخر من المتجر!
00a32b3a544a3eea,TID_ALLIANCE_WAR_CANNOT_ATTACK_WAR_ENDED,لا يمكن الهجوم، انتهت هذه الحرب!
bd61027dfc91cdb2,TID_DIAMOND_BUNDLE_TH5_REVISED_INFO,• <booster1> كتاب المباني\n• <res0> من الذهب\n• <res1> من الإكسير\n\nلا توجد حدود للتخزين!\n\nلا تفوّت هذا العرض الذي يمنح <cffec78><value> من أمثال القيمة</c> ويأتي مرة واحدة!
e8b95e41035334bf,TID_ACHIEVEMENT_DESTROY_WEAPONISED_BUILDERS_COMPLETED,إجمالي أكواخ البنّاء المسلحة المحطمة: <value>
0d1a7549e9fbb2fd,TID_WAR_SPECTATOR_TEXT,لست مشاركًا في هذه الحرب. اطلب من قائد قبيلة أو القائد المساعد أن يختارك في المرة القادمة إن كنت تريد اللعب.
87a8d0532317f6f6,TID_EDIT_MODE_CANCEL_BUTTON,إلغاء
d8641b11e393a588,TID_NPC_CHALLENGE_TH13_HYBRID_CLEAN_UP,أنهِ الهجوم بالتعويذات المتبقية.
01390c2d1880b354,TID_THUPGRADE_COMPLETE,تمت ترقية قاعة المدينة!
77fcca30a77f612e,TID_ACHIEVEMENT_WL_STARS_TITLE,أسطورة دوري الحروب
44e49ad90b4933e4,TID_SIEGE_MACHINE_FLYER,منطاد المعركة
8860c97b53cf1c92,TID_CAPITAL_PLAYGROUND_SUPER_WIZARDS,انشر <c54a0fe>السحرة الخارقين</c> لتدمير <cf70d16>رماة الرماح</c> و<cf70d16>أبراج القنابل</c> خلف الجدران.
1b17985464073d3f,TID_LEAGUE_RUBY1_SHORT,الياقوت 1
42fa50434a90dcd4,TID_DARK_AGES_SCENERY,منظر عصور الظلام
0c4a794c9aaaabc3,TID_ALLIANCE_GAMES_PICK_TASK_HEADER,اختر تحديًا
a1cd0c1b6f0cd148,TID_TRAP_RUIN_DESC,مجموعة من الفخاخ المهملة منذ فترة طويلة التي تنتظر إعادة بنائها.\n\nوهي قابلة لإعادة البناء من <building> المستوى <level>.
8318e83464ef2415,TID_STREAM_EVENT_LEFT,غادر القبيلة
bc31d22251c686c5,TID_WL_LEADERBOARD_BRACKET_POS1,الفائزون بالمجموعة
befd80219cef06b0,TID_SEARCH_TAB_PLAYERS,اللاعبون
447e06795c455d95,TID_STARTER_TH2_INFO_UPGRADEELIXIR,قم بترقية <num> من مستخرجي الإكسير إلى المستوى <num2>.
6bbd29824ef7da8e,TID_TESLA_TOWER_INFO_SHORT,خطر، خطر، فولت عالٍ!
d7d3d397336c03d7,TID_SUPER_TROOP_COOLDOWN,لا يمكن التعزيز مجددًا قبل <time>
d70b8305d63d8482,TID_MAGIC_ARCHER_ABILITY_HELP,تلحق أسهم رامية السهام الخارقة ضررًا بأهداف عديدة على امتداد واحد.
9a361bc126ce8dc8,TID_CLANGAMES_TASK_INFO_DESTROY_BB_CLOCKTOWER,دمر <num> من <building> في معارك البنّاء.
4afb53f969f30872,TID_BATTLEPASS_TASK_INFO_WIN_BATTLES_USING_WITCHES,استخدم الساحرات لربح <num> من المعارك متعددة اللاعبين.
d611047a47f6f521,TID_FAVORITE_TARGET_HEROS_TARGET,هدف البطل
84d55cea770fd4db,TID_TUTORIAL_OWN_HOUSE_3,إذا لم يكن يعجبك، فبإمكانك تغييره بنفسك.
17ec21e746fdf310,TID_BATTLEPASS_TASK_GET_STAR_BONUSES,مواد النجوم
29e492ab80795283,TID_BUTTON_SCENERY,تغيير المنظر
c20f262eed8a1665,TID_CAPITAL_PLAYGROUND_SUPER_GIANTS_2,عزز الهجوم بالمزيد من <c54a0fe>العمالقة الخارقين</c>.
c7d9f51c92d8edc8,TID_BATTLEPASS_TASK_WIN_BATTLES_USING_HOGGLIDERS,الخنازير المقاتلة
4813b311bed4978c,TID_SHOP_CATEGORY_DECOS,الزينات
45d07b25892cc6fd,TID_CHARGE_LEVEL,مستوى الشحن <number>
9e0f7ae19eb18919,TID_CLANGAMES_TASK_DESTROY_SCATTERSHOT,تخريب المنجنيق
051ab7c8f9e2ccbd,TID_ALLIANCE_GAMES_RESHUFFLE_BUTTON,إعادة توزيع
1833a6a0c6c5b949,TID_MORTAR_INFO,يمكن لمدفع الهاون حصد جحافل الأعداء بالضرب المنتشر من قذائفه. لا تدع الأعداء يقتربون منه!
acfa83f76bfe6b8e,TID_ALLIANCE_WAR_ATTACK_FAILED_ALL_ATTACKS_USED,لقد استخدمت كل هجماتك في هذه الحرب بالفعل!
3c5d36366a4ef388,TID_BUTTON_ATTACK_MODE_MULTIPLE,مضاعف
9dabb542efb18024,TID_DIAMOND_BUNDLE_MAGICITEMS_TROOP_LEVEL_PACK_INFO,• <gems>الجواهر\n• <res0> الإكسير\n• <booster1>x كتاب القتال\n• لا حدود للتخزين!\n\nكل شيء تحتاج إليه لترقية قواتك!\n\nلا تفوت هذا العرض!
442125b227a41835,TID_MEGA_TESLA_INFO_SHORT,«ميجا» مقصود بها «ميجا فولت».
6686e81e630ed395,TID_OBSTACLE_FORTUNE_TREE,شجرة الطالع
286b162edb7cbe56,TID_GEAR_RARITY_RARE,نادر
26dea9e71c771cf9,TID_DIAMOND_BUNDLE_MAGICITEMS_TRAINING_POTION_ONLY_INFO,• <booster1>x جرعة التدريب\n• لا حدود للتخزين!\n\nقم بتعزيز تدريب القوات، وتطوير التعويذة، وإعادة إنتاج الأبطال!\n\nلا تفوت هذا العرض!
ac8063cf6ef622bf,TID_ACCOUNT_DELETION_WARNING_TITLE,تحذير حذف الحساب
c333300e1eb69e9f,TID_HINT_BALLOON_TARGET,البالونات تستهدف دفاعات العدو بشكل أساسي مثل المدافع
50acf0f1d76c1eea,TID_NPC_CHALLENGE_TH10_BOBAT_RAGE,استخدم <cf07bf8>تعويذة الغضب</c> لتعزيز كل من <c9916c8>الملكة رامية السهام</c> و<c54a0fe>مدمري الجدران</c>.
033c7cf2fa982c2a,TID_BARRACK2_INFO,تدرب ثكنات البنّاء القوات لخوض معارك البنّاء. يمكنك أيضًا استبدال القوات بسرعة قبل الهجوم مباشرةً. أجرِ ترقية لثكنات البنّاء لفتح المزيد من أنواع القوات.
0c72148e6abba697,TID_BB_LEAGUE_THREE_STARS_PREFIX,3
41d137643fad6a47,TID_WEAPON_TOWN_HALL_13,البرج الناري العملاق
7c9698f2b692f794,TID_CLANGAMES_TASK_INFO_GET_KILLS_VS_GRANDWARDEN,اقض على الآمر الكبير الخصم <num> من المرات في المعارك متعددة اللاعبين.
8d2dfc4d0bdff66e,TID_LEAGUE_EXACT_SIZE,اختر <num> للمشاركة في الحرب
ae6a3caa8ad040b4,TID_EVENT_ARMY_BOOST,تسريع التدريب مقابل جوهرة
20ef9ec61a90676e,TID_HERO_ABILITY_HEALTH,استعادة الصحة: <number>
3e1efff518937481,TID_POPUP_BOOST_ALL_DARK_BARRACKS,تسريع سرعة تدريب <number> من ثكنات الظلام بمقدار <multiplier>x لمدة <time>؟
08cef331f6fc984b,TID_DECO_RAZER_PROMO,زينة Razer
fcc393c09c2ea0e3,TID_ALLIANCE_WAR_VISIT_FAILED_UNAVAILABLE,لا يمكن الزيارة، القرية غير متاحة! من فضلك حاول ثانيةً لاحقًا.
8c7fa1b0f9abcfe7,TID_POPUP_RED_GEMS_PURCHASED_TITLE,شكرًا أيها الزعيم!
1d37aeb65ef72ba5,TID_BUILDER_HALL_2_INFO_SHORT,وصلت راميات السهام... أم كنّ يختبئن هنا طوال الوقت؟
ae20b9b2042c4b86,TID_CLAN_AVAILABLE_FOR_RECRUITING_TITLE,أتبحث عن أعضاء جدد؟
d17346a4313e2eb2,TID_VILLAGE_OBJECT_SHIP_INFO,يتيح لك القارب زيارة أماكن جديدة!
bb5624a1d16c5f76,TID_BUTTON_INFO,معلومة
1480aee8451ff79c,TID_WAR_RESULTS_BUTTON,نتائج الحرب
686af18540e23063,TID_CHARACTER_INFO_SKELETON_BARRELS,هل قال أحد موكب البراميل؟ إنها حفلة هياكل عظمية في السماء، حتى تنفجر كل البالونات...ثم تصبح حفلة هياكل عظمية على الأرض.
222a73cc098a564a,TID_AUTUMN_QUEEN,ملكة الخريف
a807f1ea44ac0913,TID_SUPERCELL_ID_BUTTON_DISCONNECTED,غير متصل
6f94c0b1f959ba80,TID_ACHIEVEMENT_DONATE_SEIGES_COMPLETED,إجمالي آلات الحصار المتبرع بها: <value>
ab4555829dbae297,TID_STARTER_TH2_BUILDBARRACKS,ثكنات جديدة
bcbb7a0cc0e6a61c,TID_REGULAR_THEMED_BUILD_OFFER_INFO_TH0712_999,• <res0> ذهب\n•<booster1> من كتب المباني: لإكمال ترقية أي مبنى فورًا.\n\n• لا حدود للتخزين!\n• يمكن شراء هذا العرض 4 مرات خلال الفترة المحددة.\n• استغل هذا الوقت لترقية دفاعاتك!
7b41c99cf6133ef2,TID_CAPITAL_VISIT_DISTRICT_FAILED,فشلت زيارة عاصمة القبيلة
d283a6da57ca8562,TID_BATTLEPASS_TASK_INFO_USE_WALLBREAKERS,استخدم مدمري الجدران لربح <num> من النجوم من معارك متعددة اللاعبين.
6bcbd5b245b4168a,TID_LEADERBOARDBANNER_2,2)
6da4fd84239c37a4,TID_SUMMER_SCENERY,منظر الصيف
0a6ef906a67f5b07,TID_LEGENDS_SIGNUP,التسجيل في دوري الأسطورة
fe54ffb0f83dd793,TID_OTHER_SPELL_LEFT,تحديد تعويذة مختلفة
04b223cf6c312cd7,TID_ALLIANCE_WAR_ATTACK_CONFIRM,تأكيد رغبتك في الهجوم
9895647a71484563,TID_EVENT_ACHIEVEMENT_REWARD_CLAIMED,انتهى الحدث! حصلت على <gem> من الجواهر و<xp> من نقاط الخبرة!
41567962c4111411,TID_ACHIEVEMENT_CLAN_GAMES_POINTS_TITLE_II,بطل المباريات الثاني
23395337b48cd2a4,TID_ICE_HOUND,كلب الجليد
de57e6f25baf6990,TID_BOOSTER_FILL_ELIXIR2_STORAGE_INFO,نظرًا لأن هذا العنصر السحري يوفر إمدادًا لا نهائي من إكسير البنّاء كما يبدو، فهو يتيح لك ملء مخازن الإكسير بالكامل في قاعدة البنّاء.
9513cb55a42bbf54,TID_CHARACTER_INFO_MEGA_SPARKY,بلا خوف، تقضي هذه الآلة التي يبدو أنه لا يمكن إيقافها على الدفاعات ببطء ولكن بثبات، وذلك من خلال موجات صدمة كهربائية مدوية. ألن ينتهي هذا الكابوس أبدًا؟
f7c6d7405e6b2394,TID_DECO_RUIN_STONE_CIRCLE,دائرة حجرية
a6c85a36df8e727a,TID_GIFT_CLAIM_FAILED_RECENTLY_CHANGED_CLAN_TIME,لا يمكن المطالبة بالهدية، فقد غيّرت قبيلتك مؤخرًا! يُرجى إعادة المحاولة بعد <time>
e2ae60554d0c4eef,TID_TUTORIAL_ATTACK_DONE3,أيها الزعيم، كنت صاحب أفضل هجوم! وفزنا بغنيمة!
5478fdfbce36267b,TID_MAINTENANCE_NORMAL_TEXT,في هذه الأثناء، لماذا لا تلعب جولة من Clash Royale؟
f4a4d3b1a8c0eaf0,TID_TRAINING_TIME_REDUCTION,تقليل وقت التدريب: <number>
0c802fd044691261,TID_BUTTON_TRAIN,تدريب القوات
9a6eab2900caae4c,TID_GOOGLE_PLAY_KUNLUN_TUTORIAL_BUTTON,مشاهدة العرض التوضيحي!
93b82d5be09aa025,TID_CHALLENGE_TH8_GOWIPE,الوزن الثقيل
423b417a1d9c27b2,TID_LOCKED_IN_TUTORIAL,أكمل العرض التعليمي لإلغاء قفل هذه الميزة!
875595c07a9b193b,TID_INFO_ACTIVATION_TYPE_HIT_BUILDING_IN_RANGE,إصابة المبنى ضمن النطاق
d2d3270cdb99bf42,TID_LOOT_RECEIVED,الغنيمة المتلقاة:
f6214beb160863d6,TID_CHARACTER_INFO_SKELETON3,هذا الكائن الميت الحي يشكل تهديدًا بسيطًا بمفرده، ولكنه لا يقاتل وحده أبدًا لأنه عضو في عصابة من بني جنسه.
389a6b9404c66aaf,TID_MAP_LOCATION_17,بحيرة التنين
f7f16a6d47a15aca,TID_ALLIANCE_WAR_MOST_EXPENSIVE_ATTACK,أغلى انتصار
6c75821be3210728,TID_NPC_WARDEN_HEALTH_LOW,نقاط إصابة <c9916c8>الآمر الكبير</c> في تناقص. قم بتفعيل قدرته!
b6edf329eab4d28e,TID_AIR_DEFENSE_SMALL_INFO,أبعد الوحوش الطائرة بوابل من الصواريخ الصغيرة! هذا السلاح كصاعق الحشرات، لكن في صورة أجمل.
e939e150e38bb5ec,TID_ACCOUNT,أجهزة
9dc53ff6a0e84086,TID_LAYOUTS_ACTIVE_VILLAGE,قرية نشطة
57a566c5deb6b2bb,TID_BP_BONUS_POINTS_TITLE,نقاط إضافية!
ed9d7a87f8332928,TID_TENCENT_DOLPHIN_ERROR_4,其他系统错误，请重启手机重试。
8a59e439df9c4ddb,TID_PUSH_UNDER_ATTACK,تتعرض قريتك للغزو بواسطة <attacker>!
8001d2180f11735b,TID_TUTORIAL_CLASHOWEEN_EVENT_E2,عندما يكون لديك بعض الإكسير، طالب بجوائز رائعة من هنا!
94092b8d6f892267,TID_TUTORIAL_DEFEND_5,ذهب! نحن الغيلان نحب الذهب!
03d7cc0d5607cd06,TID_SMITHY,الحداد
57c3575a69f0732a,TID_DIAMOND_BUNDLE_MAGICITEMS_TRAINING_POTION_ONLY,كومة جرعات التدريب
7cbae2a6bba3ea87,TID_NAME_CHANGE_PREVENTED,تغيير الاسم معطل لمدة <time>
61947eb0269936a0,TID_BP_PERK_GEM_DONATION_COST_DESC_STARTER,ستكلف كل التبرعات السريعة جوهرة واحدة فقط.
d1d5de4c1691ebcd,TID_SUPER_TROOP_ALREADY_ACTIVE,سبق التعزيز
bbf94067c7121726,TID_TRAIN_ALL_HOUSINGS_FULL,كل المعسكرات ممتلئة!
aba8c0bf43bdf212,TID_HOG_WIZARD_ABILITY_HELP,مجرد منظره يلحق الضرر بالأعداء القريبين.
20c248b15d95927f,TID_INFERNO_DRAGON_ABILITY_HELP,يزداد هجوم التنين الناري قوة بمرور الوقت عندما يهاجم هدفًا واحدًا.
f862e15d0a477096,TID_INFO_POP_UP_TOS_PP_TITLE,ملحوظة مهمة
cc175f5f9966fedf,TID_CHALLENGE_NOT_AVAILABLE_IN_MODE_LIVE,العودة إلى الصفحة الرئيسية لمشاهدة بث مباشر!
46e90f629e6d392b,TID_DIAMOND_BUNDLE_TH10_ALT_REVISED_INFO,• <booster1>من كتاب المباني\n• <booster2> من كتاب الأبطال\n• <res0> من الذهب\n• <res1> من الإكسير\n\nلا توجد حدود للتخزين!\n\nلا تفوّت هذا العرض الذي يمنح <cffec78><value> من أمثال القيمة</c> ويأتي مرة واحدة!
5e75e5bd4b7f3aaa,TID_CHARACTER_ICE_SPIRIT_INFO,كريات الثلج الصغيرة لها تأثير فوضوي مفاجئ. تقفز من الفظ القطبي لتتجه إلى أقرب وحدة دفاعية وتطلق عليها موجة من الصقيع.
f09fda864e4c5c45,TID_EARTHQUAKE_INFO,أضعف الجدران والمباني بزلازل معيقة!\n\nتعويذة الزلازل تضر المباني بناءً على نقاط الإصابة القصوى. الزلازل المتكررة تسبب ضررًا متناقصًا للمباني نفسها، لكنها تسبب ضررًا متزايدًا للجدران نفسها. لا يمكن لأي جدار أن يصمد أمام عظمة أربع تعويذات زلازل!
c0ddeec0330d3f4b,TID_TH_RECOMENDATION_INFO,قبل قاعة المدينة <level> قد تريد ترقية هذه العناصر أولاً لتكون مستعدًا بشكل أفضل!
7a262f574a351fd5,TID_SCENERY_GHOST,منظر الأشباح
a348dca962a99ee9,TID_ACHIEVEMENT_DESTROY_XBOW_COMPLETED,إجمالي الأقواس المحطمة: <value>
358df58be26e4164,TID_PASTE_ACTION_BUTTON,لصق
d142b84ed31b63cf,TID_INFO_TARGET_TYPE_BUILDINGS_AND_WALLS,المباني والجدران
9e9ea4d8278ca721,TID_CHARACTER_INFO_RAM_RIDER,قد لا تعرف راكبة كباش كعك الزنجبيل عواقب الهزيمة لأن قوية وصامدة. يُعد ثنائي الحلوى هذا أفضل مزيج منذ أوريو وجولييت، ويجعل الجدران تنهار مثل فتات البسكويت.
019c02c5024f34d7,TID_PTE_PERK_NEEDS_PREMIUM,افتح بتذكرة الحدث
a85da0c3c8eb1f13,TID_EVENT_SHOP_TITLE,عروض الحدث
fe5227470d95c91c,TID_GEAR_UP_COMING_SOON,استعد لـ <building> القادم قريبًا!
11e1d1de9adec056,TID_BUTTON_RATE_APP_NEVER,أبدًا
16d0d58fa2476d7e,TID_LEAGUE_COPPER5_SHORT,النحاس 5
07ee8131a78332f7,TID_LEAGUE_SILVER1,الدوري الفضي I
77a16e88dc3f33fe,TID_LOCAL_NOTIFICATION_YOUR_SPELLS_ARE_READY,تعويذاتك جاهزة للاستخدام في المعركة!
b57a61b837719690,TID_MAP_LOCATION_25,السهل المطير
5cba3844b24ed9e0,TID_STREAM_EVENT_DEMOTED,تم تخفيض الرتبة بواسطة <name>
d8b2f753340e1f56,TID_HOG_RIDER,راكب الخنزير
ddc63bb6fd05e3ad,TID_TUTORIAL_CANNON_3,لا! إنهم الغيلان! أسرعوا بنصب مدفع لحماية القرية!
a529bad7bd1b5c4d,TID_LEGENDS_TODAY_SHIELD_ACTIVE,أنت محمي حاليًا. لا يمكنك شن هجمات أو التعرض لها اليوم.
5f71d19604d9903a,TID_CLANGAMES_TASK_INFO_WIN_STARS_VS_LEGENDLEAGUE,اربح <num> من النجوم في معارك متعددة اللاعبين ضد خصوم في دوري الأسطورة.
ec9a6acb800f935f,TID_GEAR_TITLE_SEEKING_SHIELD,الدرع المطارد
fa79b1c83f9f5f6d,TID_PET_POISON_LIZARD_ABILITY_INFO,تنفث كتلًا من السموم على أعدائها.
38c16afdb5f70767,TID_BOOSTER_FREE_TROOP_UPGRADE,مطرقة القتال
b18ab3bb471024fb,TID_BUTTON_CLAN_WAR_MATCHED_START,تحدي
392bdb6d31b7976f,TID_DIAMOND_BUNDLE_MAGICITEMS_FIGHTING_BOOK_WITH_SPELL_BOOK_AND_DARK_ELIXIR_INFO,• <res0> إكسير الظلام\n• <booster1>x كتاب القتال\n• <booster2>x كتاب التعويذات\n• لا حدود للتخزين!\n\nكل ما تحتاجه لترقية قوات الظلام والتعويذات!
5e0cfae492de9989,TID_HINT_BARBARIAN_TARGET,يميل البرابرة لمهاجمة أقرب شيء، بغض النظر عن نوع المبنى
3a5d55bd80bf76f2,TID_LEAGUE_IRON1_SHORT,الحديد 1
173b8cf0caf06553,TID_LINK_TARGET_IOS_BUTTON_ANDROID,أرغب في الربط\nبجهاز Android
94cbdb13e9c58344,TID_CLANGAMES_TASK_WIN_STARS_VS_TOWNHALL_9,9 الهُمامة
3bd7065d7bc0097a,TID_CHALLENGE_TH7_MINION,الغارة الجوية
a992c09d2e6f69e6,TID_BATTLEPASS_TASK_INFO_WIN_BATTLES_USING_PEKKAS,استخدم قوات بيكا لربح <num> من المعارك متعددة اللاعبين.
c9ee6c6757e391fc,TID_HINT_USABLE_WHILE_UPGRADING,تظل المعسكرات وقلاع القبيلة والمخازن فعّالة أثناء ترقيتها.
09b3fe4784692871,TID_6ANNIVERSARY_OFFER_MAGICITEMS_POTION_AND_GOLD_ELIXIR_INFO_1999,• <res0> ذهب\n•<res1> إكسير\n• <booster1> من جرعات البنّاء: تسمح للبنّائين بزيادة سرعتهم عشرة أمثال لمدة ساعة واحدة.\n\n• تخزين بلا حدود!\n• يمكن شراء هذا العرض 10 مرات!\n\nاحصل على مجموعة الذكرى السنوية الآن. متوفرة لفترة محدودة فقط!
c6630bf832feb86f,TID_LEAGUE_CLAY5_SHORT,الطين 5
49315a9bbbe6d72f,TID_NPC_CHALLENGE_TH9_LAVALOON_BALLOONS,انشر <c54a0fe>البالونات</c> خلف <c54a0fe>كلاب الحمم</c>.
82ab87a7206c3876,TID_EVENT_CONFIRM_TIER_UNLOCK_TITLE,أتريد شراء <soft_currency>؟
ec2560c972d5748f,TID_HEAL_AURA,التعافي في الثانية: <number>
e58b268d9cea7996,TID_EVENT_BOOST_COLLECTORS,حدث خاص: تسريع كل مستخرجات الموارد مقابل جوهرة واحدة لكل منها!
a14be03bfd490dae,TID_BOOSTER_USE_BB_STAR_BONUS_BOOSTER_QUESTION,أتريد استخدام <booster> لشحن مكافأة نجوم قاعدة البنّاء على الفور؟
8fc97a2a9779d24e,TID_LEAGUE_HERO2,دوري الجبابرة II
fb5321a70cf3f43c,TID_TIME_SECS,ث
00e343440ce50d71,TID_TREASURY_DARK_ELIXIR,إكسير ظلام الخزينة
ceaee585021dda6c,TID_CAPITAL_RAID_ATTACK_FAILED,فشل الهجوم على المنطقة
4657ed5206f763bd,TID_WL_TAB_BRACKET_WARS,الجولات
2e2c2a2a53c6c3b5,TID_CLANPERK_DESC_WAR_LOOT_MULT,مكافأة غنيمة الحرب الإضافية:
a774176b3fdf767c,TID_CLANGAMES_TASK_USE_HOGGLIDERS,الركوب والهبوط
bb1dc048e8ec2bd3,TID_BUILDING_MORTAR,مدفع هاون
b7aa7ac8a528743a,TID_DEVICE_LINK_WRONG_ACCOUNT_ANDROID,القرية الحالية مرتبطة بحساب Google آخر غير الحساب الذي سجلت الدخول إليه.\n\nيُرجى تسجيل الخروج من حساب Google الحالي من شاشة الإعدادات وتسجيل الدخول باستخدام الحساب المرتبط بهذه القرية.\n\nثم حاول الربط مرة أخرى.
f9068035001f7042,TID_POPUP_REPLACE_LAYOUT,استبدال المخطط؟
cd0b8e569eb6aea9,TID_BUTTON_CLEAR,إزالة
2929732c5fc2e9fa,TID_BOOSTER_BB_STAR_BONUS_ALREADY_AVAILABLE,مكافأة نجوم قاعدة البنّاء متاحة بالفعل!
23e1486876546448,TID_LEGEND_SIGN_UP_CONFIRM_TITLE,أتريد التسجيل في دوري الأسطورة؟
5e824ba5ed0b2471,TID_WL_LEADERBOARD_BRACKET_POS8,المركز 8 في المجموعة
ba2fe40a67f9ddc7,TID_MATCH_VICTORY_BONUS,الحد الأقصى لمكافأة الغنيمة:
878cd2c2c59af9c0,TID_TUTORIAL_SEASON_CHALLENGE_6,تساعد المزايا الأخرى في البناء والأبحاث والتدريب وتخفيض تكاليف التبرعات.
0fbd6158ec81360c,TID_BP_SEASON_ENDS,ينتهي الموسم:
1a289c67bc57dc38,TID_PET_PHOENIX,العنقاء
c9ad13d1aa8ede03,TID_ATTACK_SPEED_INCREASE,رفع سرعة الهجوم: <number>%
db32f80ebbcc423a,TID_BUTTON_DISABLED_PICK_ALL_REWARDS,اختر جائزة من كل مستوى جوائز مفتوح.
f52d3df0d32f2b08,TID_CHARACTER_INFO_LIGHTNINGDRAGON_SHORT,يطلق عظمة الصدمة من الأجواء.
11122259a323ca67,TID_OUTCOME,النتيجة:
33b9001990cbcb7e,TID_ADVANCED_TRAP_INFO_SHORT,قنبلة موقوتة بانتظار اقتراب القوات أكثر.
12b9b126c3d7632d,TID_TUTORIAL_WAR_MAP_ENEMY_3,ألقِ نظرة أيها الزعيم، ثم فلنراجع قواعدنا الحربية.
3006ef44bd77dc64,TID_NPC_CHALLENGE_TH13_HYBRID_ELECTRO_DRAGON,خلال انشغال <c9916c8>الملكة رامية السهام</c>، ابدأ بالتخلص من وجود العدو في الركن الآخر باستخدام <c54a0fe>التنين الكهربي</c>.
b863e6ab8025fe9d,TID_LEAVE_ALLIANCE_BUTTON,المغادرة
88da933e84022ba9,TID_WORKER_INFO,لا يتم شيء هنا من دون البنّائين! يمكنك استئجار المزيد من البنّائين لبدء مشاريع إنشاء متعددة، أو تسريع عملهم باستخدام الجواهر الخضراء.
876f105d621d60a4,TID_BUILDING_TEXT_NO_AMMO,فارغ
df777a6853770531,TID_JOURNEY_FEATURE_LABORATORY,بادر بترقية جيشك ليصبح أكثر قوة!
a1dedd4db7303ad9,TID_WAR_DONATE_FULL,لا يمكن لهذ اللاعب استقبال أي قوات إضافية
29664ae04be7ae8a,TID_HINT_STAR_BONUS,اربح مكافأة النجوم يوميًا عن طريق الفوز في المعارك متعددة اللاعبين.
9734689c5d8a7f03,TID_INFO_POP_UP_IAP_NOTE_BUTTON,حسنًا
e8bb24b4fed97be5,TID_MAINTENANCE_NORMAL_TITLE,فاصل للصيانة
9c0f8898b82dc094,TID_TENCENT_REFUSE,拒绝
1632aaab49b5c5bd,TID_LEAGUE_TITANIUM1_SHORT,التيتانيوم 1
6075d2d69831bdaf,TID_ALLIANCE_WAR_EVENT_WAR_ENDED,انتهت الحرب
b8cf41828dffb160,TID_ACHIEVEMENT_CLEAR_OBSTACLES,إزالة <number> من العوائق (أشجار، صخور، شجيرات)
8a2fb5923224fdd4,TID_CAPBUILD_GOBLIN_OUTPOST_INFO,إنه مركز قيادة غول مهجور. أين ذهب الجميع؟
080ecb40861fa286,TID_WL_COLUMN_LOSSES,الخسائر
dcbf10aff5ede1f9,TID_MEMBERS_SORTED_BY_TOWN_HALL,أعلى قاعة مدينة
28c4e774e1d80133,TID_CLASHIVERSARY_KING,ملك المستقبل
79b2c606c4138a05,TID_REPORT_PROFILE_IMAGE,الإبلاغ عن صورة ملف شخصي
7d7261dc3ea35d4c,TID_DIAMOND_BUNDLE_BH9_ALT,مجموعة البنّاء البطل
97c77112e52f8022,TID_SETTINGS_DARK_CLOUDS_INFO,عند التشغيل، سترى سحبًا أكثر سوادًا عند البحث عن من تهاجمه.
ac4514447109c5b0,TID_TENCENT_DOLPHIN_DOWNLOADING_70,安装包更新
a9e16fd86c4a0584,TID_BASIC_TURRET_INFO_SHORT,يفجر أي وحدات أرضية للمهاجمين.
2f2ce9da3a2b465b,TID_SUPER_WALLBREAKER_ABILITY_NAME,القنبلة الضخمة
dd4309de68c7fd69,TID_DECO_DEAD_TREE,شجرة ميتة
dba7f1d6708c7173,TID_BDRAG2_ABILITY_HELP,عندما ينفصل عن الوحدات الجوية الأخرى، يزداد الضرر بمقدار <num>%
7e6238c0ec0b1cd0,TID_GEM_BUY_CONFIRMATION,تم تلقي <amount> من الجواهر!
c8672dc2d8ed315a,TID_BOB_UNLOCK_BUILDING_INFO,نقدم إليك آخر ابتكارات البنّاء الخبير: مركز التحكّم. عند الترقية بالكامل، يصبح بوب بنّاءً إضافيًا في القرية الأم.
c917f859f49106a6,TID_DECORATION_PEKKA_STATUE,تمثال بيكا
289233e26c5f1f9d,TID_CLANGAMES_TASK_INFO_USE_BOWLERS,اربح <num> من النجوم من المعارك متعددة اللاعبين باستخدام <num2> من بطاقات الباولر.
f947ef9db6061a14,TID_TUTORIAL_RAID_WEEKEND_4,يحصل كل شخص على عدد من الهجمات التي يمكنه استخدامها. في المرة الأولى التي تحرز 3 نجوم في منطقة، ستحصل على هجمة إضافية.
f1a92b44cf2bb447,TID_ALLIANCE_GAMES_COMPLETE_TASK,تسليم
d52844c5685230c7,TID_NEWS_BOMB_TOWER_MORE_TITLE,تحديثات أخرى
5dbb7bb4a3aaa4d9,TID_OFFER_CAN_BE_PURCHASED_TIMES,يمكن شراء هذا العرض <num> من المرات خلال مدة العرض.
81387af6183d65e0,TID_HOG_GLIDER_ABILITY_NAME,الهبوط الصادم
2285fa15aa2fbd45,TID_WAR_STATS_HEADER_BEST_ATTACKS,أفضل الهجمات
d4a13534aa3c4fdc,TID_NPC22,شاطئ أوماها
9165b4431bd1993a,TID_TUTORIAL_PETS_1,لنلق نظرة!
d6cb6a033798dd74,TID_TUTORIAL_SEASON_CHALLENGE_4,سيمتلئ بنك الموسم تلقائيًا عند الحصول على غنيمة من المعارك العادية.
ee1e52fc2e213cb8,TID_NPC_CHALLENGE_TH9_BABYDQW_ARCHER_QUEEN,انشر <c9916c8>الملكة رامية السهام</c> للبدء في خلق طريق مؤدٍ إلى القرية.
4a4b12f8b9d8e62d,TID_AUTOMATED_ALLIANCE_MAIL_SENDER_NAME,البريد التلقائي
f6fc479e8d532f82,TID_GOLD,ذهب
ce56967eb7cc697a,TID_PLAYER_PREFERENCE_INVITES_AND_SUGGESTIONS,تلقي دعوات واقتراحات
10478b57a1c17a82,TID_SIEGE_MACHINE_INVISIBLE,
ad2654691621bca8,TID_GEAR_PIERCING_ARROW,السهم العملاق
ad0284e433e6d654,TID_CLANGAMES_TASK_INFO_GET_LEVELKILLS_VS_ROYALCHAMPION,اهزم ما يعادل <num> من مستويات البطلة الملكية في معارك متعددة اللاعبين.
692fbfefd8c1df18,TID_POISON_CLOUD,تعويذة السم
6c9db55c5fb033c4,TID_CAPBUILD_CAPHQ_INFO,قلب العاصمة! قم بالترقية لفتح مناطق جديدة وترقيات إضافية للمباني في قمة العاصمة.
d03af83aba9ce0c9,TID_WAR_RESULTS_INFO_FRIENDLYWAR_ADDITION,في نهاية الحرب، يتم تسليم المكافأة إلى الخزينة. الفوز في الحرب أيضًا سيكسبك مكافأة ضخمة من نقاط الخبرة لقبيلتك. يمكنك عرض النتائج وإعادات العرض للمعركة بعد انتهاء الحرب، لمدة من الوقت. راجع سجل حرب قبيلتك لمراجعة حتى الحروب القديمة!\n\nملحوظة: لا تأتي الحروب الودية بالغنائم أو نقاط خبرة القبيلة
2b69591d91358fd8,TID_CHARACTER_MECHA_DRAGON_INFO_SHORT,قوي بما يكفي للصمود ثلاث دقائق دون التعرض للانفجار.
2d356aaefe443cac,TID_UPGRADE_INFO_ATTACK_SPEED,<old> سرعة الهجوم (بمقدار <num>)
55c9b95b7408d710,TID_ACCOUNT_DELETED_DUE_INACTIVITY_TEXT,تم تعطيل هذا الحساب نظرًا لعدم النشاط، ولا يمكن استرجاعه.
772de4e021e40411,TID_BATTLEPASS_TASK_WIN_BATTLES_USING_BETAMINIONS,المينيون الفائقة
b46a0a301caeb414,TID_ALLIANCE_BADGE_BROWSE,تصفح
fa059da94bb42132,TID_CAPITAL_TUTORIAL_10,إلا أن... هذه لا تزال المفضلة لديّ.
9694578b5fedaa3f,TID_REMOVE_FRIEND_INVITE_CONFIRMATION,هل تريد بالتأكيد إلغاء طلب الصداقة Clash لديك المرسل إلى <name>؟
2a085eeb2e9d38e5,TID_BUTTON_JOIN,انضمام
1252e04aa37d14c0,TID_DARKAGES_CHAMPION,بطلة عصور الظلام
4cc69b3f80e4c575,TID_ACHIEVEMENT_DONATE_CAPITAL_TITLE,زميل القبيلة الأعلى قيمة
f9daf5d16f9377ee,TID_UPGRADE_THE_REQUIRED_BUILDING_FIRST,يلزم توفر <name> من المستوى <level> بقاعدة البنّاء!
db703ac3e5da4806,TID_CURRENT_WAR_LEAGUE,الدوري الحالي:
cc0361a1e843d620,TID_SETTINGS_API_TOKEN_SHOW_BUTTON,عرض
fbe4d59e5111944c,TID_BUTTON_CREATE_SPELL,صناعة
9c0894b24a1c5c5b,TID_ACHIEVEMENT_PVP_ATTACKS_TITLE,المنتصر
75214c1f990f7fd8,TID_CHALLENGE_CLOSED,القرية تتعرض للهجوم الاّن!
a5cc2c4f9bc19ef8,TID_DARKTOWER_AMMO_ALREADY_FULL,برج النار محمل بالكامل!
f77be080c00cd008,TID_TRADER_ITEM_NOT_UNLOCKED,غير مفتوح
6138791e6753dbfb,TID_TUTORIAL_ACHIEVEMENTS,إذا كنت تبحث عن تحديات جديدة لتفوز بها، فما عليك إلا الضغط هنا.
a3640fb2ed26b119,TID_WORKER_TARGET_OTHER_VILLAGE,يعمل البنّاء في قرية أخرى!
af0ea6b957b037e5,TID_WAROPTIN_TAKE,أخذ
2556b5f4c38b94fb,TID_CLAN_WAR_FREQ_ONCE_WEEKLY,مرة في الأسبوع
5b32077869fe4107,TID_SPECIAL_UNLOCKS_AT_LEVEL,سوف تُتاح القدرة الخاصة في المستوى <number>
fb510f6f7d330beb,TID_DEVICE_LINK_SUCCESFULL_OLD,لقد نجحت في ربط الجهاز التالي بحسابك:
2b23049a0c254adc,TID_BUILDING_CLASS_ARMY,مباني الجيش
fcc8c9d87bb84321,TID_DUPLICATE_SPELL_INFO,حوّل هذه التعويذة إلى جيش منبثق!\n\nتصنع تعويذات الاستنساخ دائرة من الإنتاج تصنع نسخًا محدودة العمر من القوات التي تدخلها. ويتم إنتاجها لأقصى عدد تستوعبه مساحة تسكين القوات.
585ac56a4e6f926d,TID_CLAN_WAR_FREQ_ALWAYS,دائمًا
57dc2703e644d4da,TID_LAYOUTS_USE_BUTTON,تعيين كمخطط نشط
e289fbb9898afa7e,TID_ABOUT_FACEBOOK,Facebook
267297585ee64b43,TID_CHARACTER_INFO_RAGED_BARBARIAN_SHORT,سرعة أكبر، غضب أكبر، متعة أكبر!
2e6e7642f4267088,TID_STREAM_EVENT_DISTRICT_LAYOUT_SCRAMBLED,تم إلغاء أحد مخططات عاصمة القبيلة لتضمنه محتوى غير لائق
3fcb3a5f332a25cc,TID_EP_RESOURCE_REWARD_GET_GEM_ALTERNATIVE_TEXT,لا تتسع مساحة التخزين لديك لكل ال<resource>.\nأتريد بيع الكمية الزائدة مقابل <amount> من الجواهر؟
262b11707989534e,TID_HINT_STORAGES_SPELL_IMMUNITY,كل مخازن الموارد محصنة ضد ضرر التعويذات!
484b435e38a6530f,TID_FRIENDLY_WAR,حرب ودية
d5245b31a238aec4,TID_LEGENDS_LEAGUE_DAY_STARTS,سيبدأ يوم الدوري التالي بعد:
6639b4a2aeb84a11,TID_ALLIANCE_WAR_BATTLE_XP,تم ربح <xpnum> من نقاط الخبرة من هجمات ناجحة
6812e00444862a91,TID_TROOP_REQUEST_FAIL_COOLDOWN,يجب أن تنتظر قبل طلب المزيد من التعزيزات.
8b594b2fc72c4dae,TID_WAR_SEARCH_CANCEL,إلغاء البحث...
ed061fb44599d8a0,TID_NPC_CHALLENGE_TH6_GIWIWA_GIANTS,ابدأ هجومك الرئيسي بنشر <c54a0fe>عمالقتك</c> أولاً لحماية <c54a0fe>السحرة</c>!
bc5071e7184f77cf,TID_GUARD_POST_INFO,يأوي القوات التي تساعد في الدفاع! هؤلاء المشاغبون سيعطلون تقدم العدو بالتأكيد.
16cfe853823607be,TID_BATTLEPASS_TASK_WIN_STARS_USING_HEAL_INFO,استخدم تعويذات الشفاء لربح <num> من النجوم من معارك متعددة اللاعبين.
c94181f242e22906,TID_BUILDING_CLASHOWEEN_BUILDING,مرجل الإكسير الحمضي
75d91c10ffacf14f,TID_CLANGAMES_TASK_USESUPERTROOP,فز بنجمة في <num> من المعارك متعددة اللاعبين باستخدام <troop>.
4fd4b5dcac3a7567,TID_NEWS_TH11_UPDATE_TH11_TEXT,• استكشف أكبر وأقوى وأصعب مستوى قاعة المدينة على الإطلاق: قاعة المدينة 11!\n• البطل الآمر الكبير لقاعة المدينة الجديدة 11 يمكنه أن يجعل الجيوش لا يمكن إيقافها تقريبًا!\n• دفاع مدفعية النسر في قاعة المدينة 11 الجديد يقدم قدرة تدميرية مخيفة من مسافة بعيدة\n• المزيد من الدفاعات، تتضمن مدفعًا إضافيًا وبرج راميات السهام وبرج الساحر والقوس!\n• مستويات قاعة المدينة 11 للمينيون والساحرة وبرج الساحر والمزيد!
a832ff2ce014b6c9,TID_CLANGAMES_TASK_INFO_DESTROY_ARCHERTOWERS,دمر <num> من <building> في معارك متعددة اللاعبين.
f48876c255720a09,TID_BATTLEPASS_TASK_INFO_WIN_BATTLES_USING_BARBARIANS,استخدم البرابرة لربح <num> من المعارك متعددة اللاعبين.
78c59f6af54bcf2b,TID_PREMIUM_PASS_PACKAGE_INFO,احصل على التذكرة الذهبية الخاصة بهذا الموسم لربح مزيد من الجوائز عبر تحديات الموسم!\n\nجوائز حصرية:\n•مظهر بطل جديد تمامًا\n•تبرعات الجوهرة الواحدة\n•تعزيزات البنّائين والمعمل والتدريب\n•5 أمثال سعة بنك الموسم كحد أقصى
97b0373d18a095f8,TID_PIXEL_CHAMPION,بطلة البكسل
6e6d074b2ffc4319,TID_UPGRADE_INFO_HP,<old> نقاط الإصابة (+<num>)
7ba5f54c9f2d4cf0,TID_BUILDING_MONOLITH,المنليث
6c51536d597fd639,TID_HINT_DARK_SPELLS,يمكن لتعويذات الظلام أن يأخذ مساحة أقل من التعويذات العادية، مما يتيح لك أخذ المزيد منه!
73f85c9415e0d7b5,TID_TRAP_DAMAGE_RADIUS,مساحة التأثير: <number> رقعات
8215f3ce83727db4,TID_PETS_FEATURE_DESCRIPTION,تساعد أبطالك في الهجمات بتزويدهم برفيق سحري رائع!
5ab18805b0c7f53c,TID_SHOP_CATEGORY_VILLAGE_BACKGROUNDS,المناظر
6981ccac15f3fa33,TID_EP_TROOP_UNLOCKED,تم فتح <troop>!
b57d9df5727eef5d,TID_START_WAR_FAILED_PENDING_REQUEST_EXISTS,لا يمكن شن حرب، فهناك طلبات معلّقة
c1994413bd225cd8,TID_INFO_TARGET_TYPE_GROUND_OR_AIR,أرضي أو جوي
67305e32301bfaf1,TID_FAMILY_FRIENDLY_INFO,صممنا القبائل الملائمة للعائلة بحيث تضمن سلامة اللاعبين من خلال معايير تصفية أكثر صرامة في الدردشة.
3f8b627dcd253dba,TID_CHARACTER_INFO_GIANT_SHORT,هؤلاء الرجال الأقوياء لا يريدون إلا تحطيم الدفاعات.
43b98ae69de1709b,TID_FEATURE_CLANS,قبائل
81a22c1f78ec9407,TID_PRESET_SAVE_FAIL,تعذّر حفظ الجيش، حاول مرة أخرى لاحقًا.
e798d6b2329cfceb,TID_CANCEL_WAR_ARRANGED_MATCHMAKING_CONFIRMATION_TITLE,هل تود إلغاء التحدي؟
98a87f5862049a1f,TID_HINT_PEKKA_TRAP,درع البيكا ثقيل جدًا لدرجة أن فخ الزنبرك لا يؤثر عليه.
6e792ea0c0e3580b,TID_REQUIRED_SIEGE_WORKSHOP_LEVEL,يلزم ورشة من المستوى <number>.
ba717878f919ea69,TID_SPELL_FACTORY_VOUCHER_CLAIM_SUCCESS_TEXT,<message>
2bb58991c426427a,TID_USE_CLOCKTOWER_POTION_TITLE,أتريد تعزيز قاعدة البنّاء؟
2ca8daff95e8253c,TID_BUILDING_SUPER_TROOP_ALERT,تعزيز
3e1ba0b4f570e44d,TID_TUTORIAL_WAR_LEAGUE_3,لنستعد. قد أخبرك بأمر أو اثنين لمساعدتنا على الاستعداد!
5062c84a821170e3,TID_ACHIEVEMENT_ACTIVATE_SUPER_TROOP,قم بتعزيز إحدى القوات الخارقة <number> من المرات.
690425279ae449cc,TID_BP_BONUSES_INFO,تفتح المزايا في مسار المكافآت وتبقى متاحة حتى نهاية هذا الموسم.
3b3e5c8a2fed99bd,TID_WEAPON_RAGE_SPELL,برج تعويذة الغضب
868238f95a9bb100,TID_BATTLEPASS_TASK_INFO_COLLECT_ELIXIR,اجمع <num> من الإكسير من مستخرجي الإكسير.
9d546879702c0556,TID_SETTING_AUTO_TRAIN_INFO,إذا تم تفعيل هذه الميزة، فأضف الجيش المُستخدم تلقائيًا إلى قائمة انتظار التدريب بعد المعركة.
87f4ef56493e787e,TID_LEAGUE_BRASS1,دوري النحاس الأصفر 1
7ab486ec240a5f70,TID_LEAGUE_BRONZE1,الدوري البرونزي I
4ca7a7995bd08a9b,TID_ROYAL_GHOST_ABILITY_NAME,الطيف
57f2b408f5cd18a0,TID_BUTTON_CUSTOMIZE_BUILDING,تخصيص
4e40d2587b84f47f,TID_PLAYER_PROFILE_PETS,الحيوانات الأليفة
8687048a95b67f81,TID_DISTRICT_BUILDERS_WORKSHOP,ورشة البنّاء
745f15a36b0e4414,TID_TENCENT_LOGIN_CHILDREN,إرشادات حماية خصوصية الأطفال الخاصة بألعاب Tencent
b06991813faa9058,TID_LEGEND_SEASON_END_TROPHY_RESET,تمت إعادة تعيين كؤوسك إلى <value> لبداية بطولة دوري الأسطورة الجديدة.
e0cdccdee00deeee,TID_EVENT_BOOST_GEM_AMOUNT,1x
0c0883d4b790634c,TID_TUTORIAL_CLASHOWEEN_EVENT_A3,هل تساءلت يومًا عما إذا كان بإمكاني بناء قوات...أم لا؟
a5a03e6efdef68b8,TID_EL_PRIMO,إل بريمو
fd1ebbeb02d2dd32,TID_GEAR_INFO_EARTHQUAKE_BOOTS,تسبب زلزالاً قويًا يدمر الجدران ويلحق الضرر بالمباني.
de72e8564351ccf3,TID_SIGN_MESSAGE,!
0a659040d858fbec,TID_LEAGUE_STONE2_SHORT,الحجر 2
b711e1be932017d4,TID_BUILDING_CLOCK_TOWER,برج الساعة
8d320d17ff32e1ce,TID_SHUTDOWN_ATTACK_DISABLED,الهجوم مُعطل حتى ينتهي فاصل الصيانة.
a90d5bcc6fc332eb,TID_DIAMOND_BUNDLE_TH11_ALT_REVISED_INFO,• <booster1>من كتاب المباني\n• <booster2> من كتاب الأبطال\n• <res0> من الذهب\n• <res1> من الإكسير\n\nلا توجد حدود للتخزين!\n\nلا تفوّت هذا العرض الذي يمنح <cffec78><value> من أمثال القيمة</c> ويأتي مرة واحدة!
f29d2cc24ed431b7,TID_STARTER_UPGRADEBUILDING_INFO,ابدأ <num> من ترقيات المباني في قريتك.
8270b0ec2829191a,TID_NOTIFICATION_CLAN_GAMES,مباريات القبيلة
9670928eee3a1873,TID_CHARACTER_APPRENTICE_WARDEN,تلميذ الآمر
a34926af94c97856,TID_BUTTON_OKAY,حسنًا
4504b97240187463,TID_CLANGAMES_TASK_DESTROY_KINGALTARS,تدمير أماكن الملك البربري
21e4d52079275b49,TID_RAID_WEEKEND_CLAN_PROMOTION,تمت ترقية <clan>
9b178533175047a4,TID_LEGENDS_DEFENCE_LAYOUT_BUTTON,اختيار
77673dd3e298f69f,TID_BATTLEPASS_TASK_WIN_STARS_USING_CLONE_INFO,استخدم تعويذات الاستنساخ لربح <num> من النجوم من معارك متعددة اللاعبين.
10b86e9d0c1c2faa,TID_CHARACTER_ELECTRO_TITAN_INFO_SHORT,محاربة عتيدة قوتها صادمة.
3f73ad50ae9ac273,TID_RESEARCH2_ABILITY_TITLE,قدرة خاصة
cdb47c8c3f8389fc,TID_REENGAGEMENT_BUILDER_1,شيد البنّاء بعض الأشياء خلال غيابك.
8e5c9257157af043,TID_TENCENT_DOLPHIN_ERROR_5,模块其他错误，请重启手机重试。
645313d4303ee6fd,TID_NPC30,مناورة الملكة
36b8dfc0ab568150,TID_NPC_CHALLENGE_ACTIVATE_QUEEN_ABILITY,حان وقت تفعيل <c9916c8>قدرة الملكة</c>.
9780eb664dae3776,TID_CLANGAMES_TASK_INFO_USE_HEALERS,اربح <num> من النجوم من المعارك متعددة اللاعبين باستخدام <num2> من المعالجات.
422a72c03d502f98,TID_ACHIEVEMENT_DONATE_UNITS_TITLE,الصديق وقت الضيق
50e99610b0a192f6,TID_RUIN_INFO_UNLOCKS,أعد البناء للحصول على:
8beba92b9a28b589,TID_TUTORIAL_REINFORCEMENT_CAMP_INTRO_3,لكنني أعتقد أن بعض التعزيزات في المرحلة الثانية قد تساعدك.
720723be3e9fcf25,TID_CLANGAMES_TASK_INFO_USE_BOMBERS,اربح <num> من النجوم من معارك البنّاء باستخدام <num2> من المفجرين.
21e7690cfdfa929b,TID_WATER,مياه
b9b1241cfdeda925,TID_HERO_INSTRUCTIONS,هذه الصيادة الرشيقة بارعة في استخدام القوة المدمرة، رغم تواضع صحتها. تقتنص الأهداف في منطقتها عند الدفاع، ويمكنها التسبب بدمار مخيف وتحرك سري عند الهجوم بمجرد فتح قدرة العباءة الملكية!
0aedd0a787737c7a,TID_CHARACTER_INFO_SKELETON,لا يمثل هذا الميت الحي تهديدًا كبيرًا في حد ذاته. لكنه لا يحارب وحده أبدًا؛ فالساحرة تستطيع استدعاء عدد لا حصر له من الهياكل العظمية لمواجهة عدوك!
e213cbf64edc7d42,TID_WAR_TEAM_TAB_DEFENSES,الدفاعات
c6a42f7c468d1867,TID_CHARACTER_INFO_BARCHER,يجمع رامي السهام البربري بين القوة الضارية للبربري والضراوة القوية لرامية السهام، ولذا فهو يدهشنا بكونه مهاجمًا قويًا بالنظر إلى مظهره غير الصحي.
e087b56fe0ca2ab8,TID_POPUP_FRIEND_LIST_TITLE,الأصدقاء
c43b5bd048543b4b,TID_ALLIANCE_WAR_CANNOT_SCOUT_WAR_OVER,لا يمكن الاستكشاف، انتهت هذه الحرب!
45ca932c2ccbe199,TID_WL_FAILED_TO_EDIT_ROSTER,تعذر حفظ التغييرات في قائمة المشاركين في الحرب.
027a5dd193dcfbc5,TID_POPUP_SPEED_UP_CONSTRUCTION_SLOWDOWN,يؤدي بناء <item> إلى إبطاء تدريب الجيش. هل تريد الإنهاء الآن؟
68f51430f2a36a41,TID_ADD_FRIEND_ERROR_OWN_AVATAR,لا يمكنك دعوة نفسك كصديق!
a02735dcb25f2d88,TID_LEAGUE_WOOD2_SHORT,الخشب 2
8f63587f0637f272,TID_HASTE,تعويذة الغضب
0f2d26e78ca3b80c,TID_NOT_ENOUGH_BOOSTER,لا يوجد لديك <booster> كافٍ!
0d3377bb3a1478f7,TID_CHARACTER_RAM_RIDER,راكبة الكباش
2161cace3eae3441,TID_ENDOFSEP_OFFER_INFO_TH0712_1999,• <booster1> من كتب المباني: أكمل أي ترقية للمباني على الفور.\n• <res0>x ذهب\n• <res1>x إكسير\n\n• تخزين بلا حدود!\n• يمكن شراء هذا العرض 3 مرات خلال مدة العرض.\n\nحان وقت قتال الخريف!
01fc06d02713d3c6,TID_CLAN_RECRUITMENT_OPT_IN_ITEM_TEXT,تمكين وظيفة تلقي دعوات القبائل
feff10b822885674,TID_CHANGE_LEAGUE_WAR_PARTICIPANTS,تغيير المشاركين في الحرب
e75eec6f51d9bf91,TID_OBSTACLE_BIRTHDAY2021,كعكة الذكرى السنوية التاسعة
306009d435931c46,TID_CLANGAMES_TASK_USE_BABYDRAGONS2,خداع التنين الصغير
4e06c9751701f0db,TID_CLEAR_SHOVELED_OBSTACLE_CONFIRM,هل ترغب بالتأكيد في إزالة العائق القابل للحركة <obstacle>؟ لن يتم استرداد تكلفة <booster> المستخدم.
aa18bdcc0e7a8747,TID_CHALLENGE_TH10_BOBAT,لعب البولينغ مع الخفافيش
92addf5dec2c5dc8,TID_BUTTON_CREATE_PRESET,إنشاء
24434e2ef0d0e241,TID_TUTORIAL_RAID_WEEKEND_5,في هذه الأثناء، تهاجم القبائل الأخرى عاصمتنا. حذرت من قبل إنه كان يجب علينا ترقية المزيد من تلك الدفاعات...
5399e9a07c5b04f8,TID_WAR_STATS_TOTAL,الإجمالي:
b66960dad86f0ed2,TID_BUY_SHIELD_HEADER,هل تريد شراء درع؟
f1ed5118a0896dc2,TID_SPECIAL_OFFER,عرض خاص
9b9749e73737571a,TID_WARMACHINE_INFO_SHORT,يذهب البنّاء الخبير إلى الميدان بهذه البدلة التي تعمل على البخار.
fd9c285f03142478,TID_OBSTACLE_CNY2017,مخبأ الألعاب النارية
0e513032d4679819,TID_CLANGAMES_TASK_INFO_WIN_STARS_VS_TOWNHALL_9,اربح <num> من النجوم ضد خصوم بقاعة مدينة من المستوى 9 في المعارك متعددة اللاعبين.
5c9546ae89af65d3,TID_CLANPERK_DESC_DONATION_REFUND,استرداد التبرع:
a5cc298e5942214c,TID_CHARACTER_INFO_HEADHUNTER_SHORT,متخصص في القضاء على أبطال العدو تحديدًا!
eeac9454ea361a25,TID_CLAN_LEADER,قائد القبيلة:
8e6bd227bffe7926,TID_FREEZE_TIME,مدة الإبطاء: <number> ث
481040aea6951d1b,TID_POPUP_TEXT_REPLACE_LAYOUT,هل تريد بالتأكيد استبدال مخطط موجود؟
5d292919fa5b4831,TID_TARGETS_FULL,طالب أحد اللاعبين بهذا الهدف بالفعل
38ee851a46c91844,TID_STARTER_TH2_BUILDCANNON,صنع المدفع
8d8a1b2fcb9c9bff,TID_STARTER_TH3_BUILDLABORATORY,العالم المجنون
6abe913d8fb9f512,TID_FAMILY_FRIENDLY,قبيلة ملائمة للعائلة
e8d2c30ba5e8ad18,TID_BATTLEPASS_TASK_WIN_STARS_USING_LIGHTNING_INFO,استخدم تعويذات البرق لربح <num> من النجوم من معارك متعددة اللاعبين.
bba9201120d34c42,TID_HEALTH_RECOVERY,استعادة الصحة: <number>%.
0c05579cc0681cd4,TID_DECORATION_BUILDER_STATUE,تمثال البنّاء
96af28a0df0a440d,TID_HALLOWEEN_2016_TITLE,
b5a2f45ae6031879,TID_REENGAGEMENT_BUILDER_4,ألق نظرة على قائمته إذا احتجت إلى بعض الأفكار.
856443d7dabac453,TID_WAR_STATS_TIES,مرات التعادل:
d16e4f93298e164b,TID_TRAP_ZAPTRAP,فخ الصاعق
f8598deecdeb50bd,TID_ALLIANCE_WAR_STAT_PARTICIPATION_TOP,الهجمات المستخدمة (أعلى القرى)
61193efb8f817e7f,TID_LEAGUE_BRASS1_SHORT,النحاس الأصفر 1
53fd0fdb6f921b46,TID_NUMBER_EIGHT,8
261570c072dedea1,TID_BUTTON_ATTACK_MODE_AIR,جوي
d1e316fa0b304d6a,TID_TUTORIAL_CANNON_1,مرحبًا أيها الزعيم! كنا بانتظارك...
f4e9a68cf347a870,TID_EP_GET_SCREEN_TITLE,احصل على تذكرة الحدث!
06b96970b5b94fc1,TID_PROFILE_LEGEND_BEST,أفضل: موسم <month> <year>
71cf6ebea63514c3,TID_WL_SEASON_ENDED,انتهى الموسم
62af1d985c438034,TID_OVERVIEW_TRAIN_PREVIOUS,تدريب
bd8e0f26cc602e3e,TID_PET_PHOENIX_ABILITY,المرحلة النهائية النارية
c363cc490ff792e5,TID_REGULAR_THEMED_BUILD_OFFER_INFO_TH0206_1999,• <res0> ذهب\n•<res1> إكسير\n• <booster1> من جرعات البنّاء: لتسريع عمل البنّائين بسرعة أكبر 10 مرات لمدة ساعة واحدة.\n\n• لا حدود للتخزين!\n• يمكن شراء هذا العرض 3 مرات خلال الفترة المحددة.\nاستغل هذا الوقت لترقية دفاعاتك!
40a9e0dc08929794,TID_BATTLEPASS_TASK_DEPLOY_TROOPS,هجوم!
8bf69212d145307d,TID_TROOP_REQUEST_FAIL_CASTLE_FULL,قلعة القبيلة ممتلئة بالفعل!
8693c0aa91c48ead,TID_PLAYABLE_IN,للعب بعد:
0b7f5f2334573587,TID_TUTORIAL_DEFEND_BUTTON,أرنا ما لديك!
8c826384f783b64b,TID_POPUP_REMOVE_TROOP_TEXT,هل ترغب حقًا في إزالة القوات؟
8d56cf2daabe4215,TID_WARNING_BH_LEVEL_TOO_LOW_TO_COPY_LEVEL,يجب أن تبلغ قاعة البنّاء المستوى <num> لتتمكن من نسخ المخططات.
115e414a24c082e1,TID_CAPITAL_PLAYGROUND_GATES_4,إنهم أهداف سهلة لوحداتك بعيدة المدى.
931f4e4f2930ef9e,TID_TROOP_SELF_DONATE_COMPLETED,تمت إضافة التعزيزات
39a4e7e330128ee7,TID_UPGRADE_DENIED_UPGRADE_COUNT_LIMIT,لقد قمتَ بترقية الكمية القصوى من هذه المباني!
4c23c549a5dae8fe,TID_CLANGAMES_TASK_WIN_STARS_VS_TOWNHALL_11,11 العجيبة
f925681a73a2c17c,TID_MORE_AVAILABLE_AGAIN_IN,فزت بكل الغنيمة المتاحة اليوم! سيتوفر المزيد خلال:
e26888d2c9b42f45,TID_POPUP_STORE_DECORATION,هل تريد أن تخزن الزينة؟
c8b14ebfd40c00c7,TID_GEAR_INFO_ETERNAL_TOME,يصبح الآمر الكبير وكل الوحدات الصديقة القريبة محصنين ضد الضرر.
974a0fcfebb3ede8,TID_BOOSTER_BUILDERS_INFO,أعد البنّاؤون هذه الجرعة القوية لحالات الطوارئ في نوبات العمل الليلية الطويلة، وهي تُمكن البنّائين لديك من العمل 10 مرات أسرع لمدة <time>. تعمل في القرية الأم!
4ffa51a89e51aeee,TID_CLANGAMES_TASK_INFO_DESTROY_CANNONS,دمر <num> من <building> في معارك متعددة اللاعبين.
947b6b6e76bda55e,TID_CLAN_GAMES_SUMMARY,الملخص:
b5e0d9c860ed9935,TID_ALLIANCE_DONATE_HEADER,التبرع بالتعزيزات
439b79710f77bdd9,TID_REENGAGEMENT_BUILDER_ALT_1,أصر البنّاء على أخذ قيلولة طويلة بعد أن غادرت. لم لا تكلفه بمهمة؟
a2a8b27d111571ed,TID_PROFILE_LEGEND_NO_LAST_RANK,لم يحقق مركزًا
2ade5e0b21b63298,TID_BUTTON_VIEW,عرض
22341d548d7b8626,TID_APPLICATION_SIGNATURE_ERROR,هذه نسخة غير مصرح بها من Clash of Clans، وقد تعرض حسابك أو جهازك للخطر. للاستمرار في اللعب، قم بتثبيت اللعبة من مصدر مصرح به، واستخدم Supercell ID لنقل حسابك.
a722ebc70a6e8f94,TID_SUPER_DRAGON_INFO,لا يكتفي التنين الخارق بالنار الموجودة بداخله، بل يطلقها حوله كذلك ليشعل الأجواء كلها!
5af5250657dd0c51,TID_DECO_SCARECROW,فزاعة قرع العسل
98c12ed27847081d,TID_BATTLEPASS_TASK_INFO_UPGRADE_HOME_WALL,قم بترقية <num> من قطع الجدران في القرية الأم.
da90813056013f29,TID_REPLAY_TIME,تنتهي إعادة العرض في:
77a0a396a63a0c1c,TID_WL_UPCOMING_WAR_TITLE,الحرب القادمة
f036c0d10579b301,TID_NPC_CHALLENGE_TH11_LAVALOON_BALLOONS3,انشر بقية <c54a0fe>البالونات</c>.
a92d2985cd07fcbd,TID_CHALLENGE_FRIEND_CONTENT,تحد صديقًا ليهاجم قريتك
bfeb8cae47bacecf,TID_SPELL_OVERGROWTH,
3b6c32fefa63a457,TID_ABOUT_TWITTER,Twitter
184c0c92b95177fa,TID_COSMETICS_EXTRA_ANIMATIONS,رسوم متحركة إضافية
ad6b70284cd423d9,TID_DAILY_LOOT_LIMIT_FILLED,تم الوصول إلى حد الغنيمة اليومي
67fb0710e4fc2df9,TID_DARKAGES_WARDEN,آمر عصور الظلام
82679a1e38569151,TID_CONFIRM_CLEAR_TRAINING_QUEUE_TITLE,هل تريد إزالة قائمة انتظار التدريب؟
9a3b6629ea0e5a36,TID_LEGEND_SEASON_TITLE,بطولة دوري الأسطورة <month><year>
80d1baa5176df12c,TID_IAP_NOT_AVAILABLE_ANDROID,الشراء غير متاح! احرص على استخدامك لحساب Google صالح وأن تكون وسيلة الدفع الرئيسية لديك محدّثة.
de28447c9e521bbc,TID_COSMETIC_ESTATE_3X3_WOODEN_CABIN_INFO,للقرويين الذين يحبون منازلهم متوسطة ومربعة، وفي الوقت نفسه أكبر من منازل جيرانهم.
3e7eba776bc9eb6c,TID_NPC_CHALLENGE_TH8_GOWIPE_GOLEM,يملك <c54a0fe>الغولم</c> نقاط صحة كثيرة؛ انشره في مقدمة قواتك الأخرى لحمايتها.
fb6841cdb4f2fda0,TID_SHADOW_QUEEN,ملكة الظل
4602c0ffd42973a5,TID_XMAS_SPELL_INFO,اسأل بابا نويل عن أفضل هدية على الإطلاق: وابل من الدمار سيمطر على أعدائك!
3f246d6c08f4dc35,TID_NEWS_TREASURY TITLE,الكنوز الجديدة والخزينة
2eaf7174599ef1dc,TID_ACHIEVEMENT_REPAIR_BUILDING,إعادة بناء <name>
b6d9535790d2054d,TID_CLAN_GAMES_CLAN_SCORE,نتيجة القبيلة:
54b87159b73b6eea,TID_CLANGAMES_TASK_INFO_USE_DROPSHIPS,اربح <num> من النجوم من معارك البنّاء باستخدام <num2> من مناطيد الإسقاط.
22d9ff44684da007,TID_CHARACTER_INFO_YETI,يحب ييتي القوي الطقس البارد وأصدقاءه الييتي الصغار. احذر غضب الييتي الصغار إذا آذيته.
f566d356f2cb2997,TID_BUILDING_AIR_DEFENSE,دفاع جوي
82fb875af453485f,TID_BOOSTER_BOOST_ALL_PRODUCTION_TEXT,استخدم جرعة تدريب لتعزيز تدريب القوات وتطوير التعويذة وسرعة إعادة إنتاج الأبطال بـ <multiplier> لمدة <time>؟
e1951530ac861c9a,TID_TRAP_DAMAGE,ضرر: <number>
40aaf1a32c1f4c34,TID_DECORATION_WAR_SHIELD,تمثال المحارب
550f80dea320855c,TID_NPC32,أحمق يحمل درع
4d700f232b39b208,TID_LEAGUE_INFO_LOOT_BONUS_PROMO,في الدوري الجديد، فإن الفوز بمباراة سيمنحك مكافأة حد أقصى للغنيمة من:
e45c062dca0bda3f,TID_STARS_TOTAL,إجمالي النجوم:
5f1e87676b9205b6,TID_PET_PHOENIX_INFO_SHORT,تفقس لتحافظ على صمود بطلها وقت الحاجة.
9a3ea3749bdf7027,TID_BUILDING_CRUSHER_INFO_SHORT,إذا كان بإمكانك قراءة ذلك، فأنت قريب للغاية.
e332fce76dddaf2a,TID_REPAIR_HERO_TITLE,إعادة بناء البطل؟
fa74a2909a060a92,TID_LEAGUE_II,II
17cc73125727dc34,TID_CHARACTER_INFO_BOWLER_SHORT,عملاق أزرق يضرب أعداءه بالصخور.
8a532bd95c55f014,TID_RECOVERY_BUILDING_INFO,يقدم وعاء حساء مغذيًا ورائعًا حسب وصفة جدة البنّاء الخبير. تتناول القوات بعض الحساء في طريقها إلى المرحلة التالية من الهجوم، ما يُعيد إليها بعضًا من صحتها.
0bcfcea33c6f1403,TID_PRIORITIZE_UPGRADE_NO_PERMISSION,غير مسموح بمنح أولوية للترقيات
53773ccced39454b,TID_TUTORIAL_RAID_WEEKEND_1,آه، لقد حان وقت الإغارة! ستواجه في غارات نهاية الأسبوع عواصم قبائل أخرى.
4b51d893c960db70,TID_LAYOUTS_WARBASE,قاعدة حرب
43661d8af179c04a,TID_CHALLENGE_TH8_GOWIVA,قوة الدوامة
c5452bc771f3facf,TID_TUTORIAL_WAR_MAP_ENEMY_1,يا للهول، قواعد حرب العدو في كل مكان!
e493bbb202567705,TID_LEGENDS_LIVE_UNDER_ATTACK,تتعرض الآن للهجوم من قبل:
22e67bb31e0bbbcd,TID_TUTORIAL_TH12_1,الآن أصبحت قاعة المدينة ترد النيران على المهاجمين!
9b8bd19bc4b3840a,TID_SCENERY_JUNGLE,منظر الأدغال
237b4d3d24124359,TID_INVISIBILITY_TOWER_SHORT,الاختفاء
1c39bd6db77018b7,TID_REENGAGEMENT_CHALLENGES_ALT_1,إليك تلك التحديات التي كنت تعمل عليها أيها الزعيم
3c7831b8e860ad9e,TID_CURRENT_DAY,اليوم الجاري
775371facc485273,TID_BONUS_GEMBOX,صندوق الجواهر
e60021b52ffc0e13,TID_NEWS_CHALLENGE_BOOST_TEXT,استعد للتحديث بمعزز موارد بجوهرة واحدة!
06fc985cdd905587,TID_TAB_ALLIANCE_CHAT,قبيلة
51a84cca15156991,TID_LOCAL_NOTIFICATION_EVENT_ARMY_DISCOUNT,أيها الزعيم، بدأ حدث خاص جديد يتعلق بالجيش!
37c8f54ea38c6f08,TID_MONTH_11,نوفمبر
34b07799fce1b05c,TID_DIAMOND_PACK_RED,(مجوعة جواهر) RED
a3231bb68b338bfa,TID_SHOP_CATEGORY_PRIZES,متجر الدوري
fe4377cf763f192d,TID_LEGENDS_UPCOMING_SHIELD_INACTIVE,لن تكون محميًا في يوم الدوري التالي. لتفادي الحاجة إلى الهجوم والدفاع، يمكنك شراء درع قبل بداية يوم الدوري التالي.
761b74d310657389,TID_PIXEL_SCENERY,منظر البكسل
6d94eaf38100a66e,TID_BUILDER_BASE_BUTTON_STAR_BONUS_COUNTER,<total>/<progress>
e61173551e8f6b60,TID_DIAMOND_BUNDLE_MAGICITEMS_STRENGTH_POTION,مجموعة جرعة القوة
29ec91630a745ae9,TID_TENCENT_LOGIN_PROMPT_UNBLOCKED_NONE,طبقًا لآخر قواعد الحماية من الإدمان، لن يكون بإمكانك إتمام عملية التحقق من الهوية عند تسجيل الدخول عبر حساب ضيف، وستكون مدة اللعب المسموح بها محدودة في ساعة واحدة كل 15 يومًا.\n\nلضمان الاستمتاع بأفضل تجربة لعب، ننصحك بشدة بتسجيل الدخول عبر QQ أو WeChat وإتمام عملية التحقق من الهوية.
ec5ee511b426ba0c,TID_SCOUT_PREP_DAY_INFO,يتم الكشف عن مخططات قاعدة حرب العدو في يوم المعركة
f281a55c6879b2c8,TID_CLANGAMES_TASK_INFO_DESTROY_EAGLEARTILLERY,دمر <num> من <building> في معارك متعددة اللاعبين.
3d89d446a6585146,TID_RAID_ERROR_NO_SEASON,لا تتوفر الغارات خارج موسم الغارات.
cc78e1d4c2d817d8,TID_DIAMOND_BUNDLE_MAGICITEMS_TROOP_BOOK_WITH_RESOURCES,مجموعة كتاب القتال
352a864ff160e653,TID_LEAGUE_BRONZE3_SHORT,البرونزي III
cc56e7eea1e4337b,TID_MAGIC_THEATRE_SCENERY,منظر المسرح السحري
8ec1823b6469ae7d,TID_PVP_BUTTON,البحث عن مطابقة
2bd4f1cf59435a94,TID_HEAL_ON_ACTIVATION,شفاء عند التنشيط: <number>
01e120ab4898b673,TID_CONFIRM_SCENERY_PURCHASE_TEXT,هل ترغب في الحصول على <name>؟
6b03572539fadf9a,TID_WARRIOR_QUEEN,الملكة المحاربة
1654e6c0ad80eaf2,TID_GOOGLE_PLAY_KUNLUN_LOAD_VILLAGE_TITLE,تحميل القرية
ab0baa3e03e0e7a8,TID_LAYOUTS_CANT_REPLACE_ACTIVE,لا يمكن استبدال المخطط النشط
ec42c43a28ee99bc,TID_BUTTON_RATE_APP_LATER,لاحقًا
1c6ad0d8d9669761,TID_MASTER_BUILDER'S_RETURN,عودة البنّاء الخبير
f0f6d0143a8ae7ad,TID_CLANGAMES_TASK_WIN_STARS_VS_TOWNHALL_12,12 الظافرة
03d5eb47a547be97,TID_SUPER_WIZARD_ABILITY_HELP,تنط الكرة النارية الجديدة المدهشة التي يطلقها الساحر الخارق، فتضرب الأهداف القريبة.
cae28cf37e33ad83,TID_OBSTACLE_POND,بركة
2323247ec38043d9,TID_BOOSTER_BOOST_RESOURCES_ALT_2_LINE,جرعة الموارد
aa64f1951bbd9384,TID_CLANGAMES_TASK_INFO_DESTROY_ELIXIRSTORAGES,دمر <num> من <building> في معارك متعددة اللاعبين.
b657004a1e709338,TID_LOCAL_NOTIFICATION_GUARD_WILL_DISAPPEAR,أيها الزعيم، الحراسة على وشك الانتهاء!
adff0038a737db7f,TID_SIEGE_WORKSHOP_INFO,الورشة هي المكان الذي يتم فيه بناء آلات الحصار. قم بترقية الورشة لفتح آلات حصار مختلفة.
9d76027e032510c3,TID_CONFIRM_SUPER_TROOP_PURCHASE_TITLE,أتريد التعزيز؟
11e237c5aa09020a,TID_ALLIANCE_CREATE_SHOW_LOG,سجل حرب عام
a4ac5a95d1521836,TID_CHARACTER_MEGA_SPARKY,سباركي العملاق
dea600a8f75fed74,TID_PET_HEALER_INFO_SHORT,يساعد بطلته على الحفاظ على صحتها وحالتها اللائقة للقتال.
9d59c7652ffa2429,TID_CLANGAMES_TASK_INFO_USE_MINERS,اربح <num> من النجوم من المعارك متعددة اللاعبين باستخدام <num2> من عمال المناجم.
34c64ba03c27b494,TID_TROOP_REQUEST_SPEED_UP_FAILED_FULL,قلعة القبيلة ممتلئة بالفعل!
7747012387ae9988,TID_TUTORIAL_PET_SHOP,دعني آخذك في جولة بمنزل الحيوانات الأليفة، أيها الزعيم!
422761e5b08233e2,TID_NPC_CHALLENGE_TH13_HYBRID_GRAND_WARDEN,استخدم <c9916c8>الآمر الكبير</c> وراء <c54a0fe>عمال المنجم</c> في الوضع الأرضي.
b8b691716d9ab777,TID_ACHIEVEMENT_DESTROY_XBOW,تدمير <number> من الأقواس في معارك متعددة اللاعبين
0bee73118d13680a,TID_SUMMER_WARDEN,آمر الصيف
6a7f2751260a53b3,TID_BOOSTER_HERO_POTION_ENABLED,الأبطال الذين تم تعزيزهم
dd598f84d3c240a2,TID_CLANGAMES_TASK_INFO_DESTROY_BOMBTOWERS,دمر <num> من <building> في معارك متعددة اللاعبين.
ff8609dd551eee13,TID_STREAM_EVENT_JOINED_AND_LEFT,انضم وغادر القبيلة
2323742a8e3a169e,TID_HINT_SPELL_FREEZE_DURATION,قم بترقية تعويذة التجميد لتعطيل الدفاعات والقوات لمدة أطول.
5b364e6d4effd5b7,TID_SNOWED_IN_SCENERY,اليوم المثلج
63fba577688d267f,TID_GRAND_WARDEN,الآمر الكبير
5bd8cb96877123d7,TID_PET_FROSTY_ABILITY_INFO,تنتج عددًا من كريات الصقيع على الدفاعات المجاورة كل مدة معينة.
e7f58b52568de2ce,TID_CHANGE_NAME_BUTTON,تغيير الاسم
5180ab6d9e3ea8b8,TID_MOUNTAIN_GOLEM_ABILITY_INFO,يدمر جميع الجدران بمجرد لمسها.
42cb4f42b3587853,TID_INFOBUBBLE_BUILDER_EXTRA_SUGGESTION,ترقيات أخرى:
18a4757c5b7ac970,TID_CHAT_INFO,للإبلاغ عن سلوك غير لائق، انقر على الرسالة المهينة واختر \qإبلاغ\q.
99ed1b324237a3ab,TID_ACHIEVEMENT_DESTROY_SCATTERSHOT,دمر <number> من المجانق في المعارك متعددة اللاعبين.
d113f81fba1da8e4,TID_CANNON_CART_MORTAR_MODE_UPGRADE_INFO,يزيد ضرر الهجوم في وضع مدفع الهاون إلى <num>
65256374836e9e1f,TID_BP_PERK_MULTIPLIER,<num>x\n<perk>
955aa9fe0a16fb03,TID_PET_ABILITY_INFO_UNIPONY,يتبع أحادي القرن الخيالي البطل الذي يرافقه ويعالجه.
d30990d465dba7dc,TID_BP_PERK_AUTO_FORGE,خانة ورشة صياغة تلقائية
b6af01c028ec21b1,TID_OBSTACLE_BIRTHDAY2023,كعكة الذكرى السنوية 11
828040aaa2496db7,TID_CLOCKWORK_KING,الملك الآلي
fcbc59e5705e111a,TID_CAPITAL_MAP_MODE_TEXT_VISITING_FINISHED_ATTACK,غارة الهجوم السابقة
c290eae46cdfba1f,TID_ATTACK_SPEED,سرعة الهجوم: <number>
e95b6a4623b332bc,TID_NEWS_UPGRADE_OS_TEXT,لأسباب تقنية عديدة، نحن مضطرون لإنهاء دعم كل إصدارات iOS الأقل من 5.1.1 في تحديث Clash of Clans التالي على App Store.\nبما أن جهازك في الوقت الحالي يعمل على إصدار iOS أقل من ذلك، لن تتمكن بعد ذلك من لعب Clash of Clans ما لم تقم بالتحديث إلى أحدث إصدارات iOS.\nلمزيد من المعلومات عن طريقة تحديث iOS عن طريق iTunes، انقر من فضلك على مزيد من المعلومات.
d26a76b4f8e563a4,TID_STARTER_TH3_INFO_BUILDMORTAR,احصل على مدفع هاون من المتجر.
367e9672eaad5c6b,TID_BOOSTER_WALL_UPGRADE_ALT_2_LINE,خاتم الجدران
868746bb1637b9ac,TID_EVENT_TITLE_END_OF_SEP_OFFER_TH0206,حصاد الكنوز
5cc37d57eee77519,TID_STARTER_WINUSINGWB_INFO,اربح <num> من النجوم من المعارك متعددة اللاعبين باستخدام <num2> من مدمري الجدران.
ea5d9290b564e9c6,TID_TRAINING_LEVELS,التدريب
9cbf422a73db57be,TID_TUTORIAL_WAR_LEAGUE_14,هناك شيء مهم! نكسب أوسمة الدوري من النجوم ومرات الفوز.
6bbe53fa5b24ed91,TID_POPUP_GOBLIN_BUILDER_DISCLAIMER,لا يزال بنّاء الغيلان بحاجة إلى الموارد والوقت للبناء.
b5a14eda4191ddc6,TID_NPC_CHALLENGE_TH11_LAVALOON_BALLOONS2,انشر بعض <c54a0fe>البالونات</c> لتدمير هياكل العدو بهذه المنطقة بسرعة.
f7292e5c0076ae94,TID_BUILDING_GOBLIN_CASTLE,قلعة الغيلان
44a96fc6b58482c0,TID_BOOSTER_FINISH_HERO_UPGRADE_ALT_2_LINE,كتاب الأبطال
efd61c2124cda103,TID_HINT_CLAN_WAR,انضم إلى حروب القبائل للاشتراك في حروب مثيرة وغنيمة إضافية!
087d4d777c1b8784,TID_BUTTON_SEND_AWAY_MASTERBUILDER,السفر
63166659c4235a93,TID_CAPBUILD_BOMBTOWER_INFO,تقوم أبراج القنابل بقصف القوات الأرضية المجاورة وتنفجر انفجارًا هائلاً عند تدميرها. يجدر بوحدات الاشتباك الاحتماء!
aed3bbb3e3b05f75,TID_DECORATION_BK_STATUE,تمثال البطل العظيم
f5b5b198836a0de8,TID_CLAN_GAMES_REWARDS_RECEIVED,الجوائز المتلقاة:
0ea32164707f8d72,TID_DECORATION_CLASH_FEST_22_STATUE_INFO,هل هذا الحريق لهيب أبدي؟
ff99728b622c1d9e,TID_PERSONALISED_SHOP_DESCRIPTION,إذا كان هذا الخيار 'قيد التشغيل'، يمكنك الحصول على عروض أكثر ملاءمة لك في المتجر.
2fee7c009ebd380d,TID_RAID_WEEKEND_OVER,انتهت غارة نهاية الأسبوع
c38ab4fe7b58c773,TID_NOT_ENOUGH_WORKERS_TEXT_GEAR_UP,أتريد إكمال الإصقال ليتفرغ البنّاء الخبير؟
41b38c034cad3aba,TID_TENCENT_AUTH_FAILED,لقد ألغيت مصادقة تسجيل الدخول.
18f4460f99a18c39,TID_NPC_CHALLENGE_TH10_BOBAT_FREEZES,استخدم <c38eaff>تعويذة التجميد</c> على أي دفاعات تستهدف القوات الجوية لمساعدة <c54a0fe>الخفافيش</c>.
2b265bfcd3a4da1d,TID_CHARACTER_ELECTRO_TITAN_INFO,المحاربة الكهربية الجبارة قوة لا متناهية في ساحة المعركة بفضل طاقتها السحرية النقية التي يُصعب التحكم فيها. تستجمع بعض مكوناتها السحرية في شكل سوط كهربي، بينما يتسرّب الفائض ليدمّر كل ما حولها.
533f9c41489ba3a7,TID_LOCAL_NOTIFICATION_CLAN_GAMES_TASK_EXPIRING,تحدي مباريات القبيلة الخاص بك قارب على الانتهاء!
c5f14cec72404092,TID_BUILD_TIME,وقت البناء
20599126b5224305,TID_HERO_INFO_BATTLE_COPTER_SHORT,بطبيعة الحال، تحتاج إلى آلة طائرة لاستكشاف أسفل الأرض.
df7ef1de25962d61,TID_SHOCKWAVE_DAMAGE,ضرر ارتدادي: <number>
c93e86a1f2887406,TID_INFO_DAMAGE_TYPE_SINGLE,هدف مفرد
9d6c49a37f833b89,TID_MAINTENANCE_UPDATE_TEXT,يتم تحديث Clash of Clans لأحدث إصدار، بما فيها قوات جديدة تمامًا والمزيد!
e77361af1baaa0a3,TID_BOOST_ALL_ELIXIR,كل مستخرجات الإكسير
f44da2d360da857c,TID_TRAP_SUPERBOMB_INFO,عندما تبحث عن قنبلة كبيرة، فستحتاج إلى القنبلة العملاقة.
85c5f5a0127f7c3e,TID_NEWS_ACCOUNT_TRANSFER_TEXT,حوّل قريتك الآن إلى متجر Android App مدعوم لحماية قريتك، احصل على دعم اللاعبين الرسمي والتحديثات والمزيد!
bbb88e5ea50310ed,TID_NPC_CHALLENGE_TH10_BOBAT_ARCHER_QUEEN,انشر <c9916c8>الملكة رامية السهام</c> لتدمير اثنين من <cf70d16>أبراج الساحر</c> للمساعدة على حماية <c54a0fe>الخفافيش</c> لاحقًا.
e7d17447c8f6a6e5,TID_CLOCK_TOWER_UPGRADE_NOTE,يجعل التعزيز يدوم <time> أطول
40fc9af855315754,TID_GOLD_MINE_INFO,منجم الذهب ينتج الذهب. قم بترقيته لزيادة سرعة إنتاجه وسعة مخزن الذهب.
47822fd6645a6d70,TID_INFO_NO_TAG,لم يتم تحديد أي فئة.
851ea4d997e6fc61,TID_TUTORIAL_ELIXIR_STORAGE_1,يمكن للمستخرج تخزين كمية صغيرة من الإكسير.
4f3b48daeed293b7,TID_NPC_CHALLENGE_TH4_GIANT_GIANTS1,انشر <c54a0fe>عملاقًا</c> لحماية <c54a0fe>مدمري الجدران</c>.
d9fbb88cfe3fc42f,TID_HEALING_WAVE_INFO_SHORT,تقدم إمدادات للصحة بسرعة عند الحاجة.
b3a43208494f4371,TID_HINT LEAGUE_PROMOTION,اربح المزيد من الكؤوس للتقدم إلى مستوى دوري أعلى. تمنحك بطولات الدوري الأعلى مستوى مكافآت وغنيمة أكبر!
b59bea131c4dc09b,TID_CLAN_GAMES_THEME_CNY_2018,مباريات المهرجان
3ea50d71648c80fe,TID_ALLIANCE_WAR_STAT_PARTICIPATION_MID,الهجمات المستخدمة (القرى الوسطى)
5e21bb1d2aa22ec1,TID_UPGRADE_INFO_DEPLOY_UNIT,<old> سرعة نشر ال<name> (+15%)
74c0eb217756beee,TID_DECO_CWL_HAMMER,مطرقة الدوري
8b70ce1007214b28,TID_DIAMOND_BUNDLE_MAGICITEMS_HERO_BOOK_WITH_RESOURCES_INFO_OLD,• <booster1>x كتاب الأبطال\n• <res0> إكسير الظلام\n• لا حدود للتخزين!\n\nأكمل أي ترقية بطل فورًا من خلال كتاب الأبطال!!\n\ nلا تفوت <cffec78><value>X هذه القيمة</c> عرض لمرة واحدة!
d078e25f99b90dc2,TID_TRAP_HALLOWEEN_SKEL,فخ الهياكل العظمية
6c2bd8f5b6e24b2e,TID_WAR_STATS_HEADER_WAR_STATS,إحصائيات الهجوم
ad13f1fc011e497a,TID_BATTLEPASS_TASK_INFO_USE_PEKKAS,استخدم قوات بيكا لربح <num> من النجوم من معارك متعددة اللاعبين.
4c5897e5bf9529eb,TID_ROYAL_GHOST_ABILITY_HELP,تتجاهله الدفاعات والجدران لمدة <num> من الثواني بعد نشره.
2749e28f7dec9f95,TID_OBSTACLE_BIRTHDAY2017,كعكة الذكرى السنوية الخامسة
775a3d71db9e05c7,TID_VALUE,القيمة!
231be068767512f8,TID_STAGE_BUILD_LIMIT_REACHED,لديك بالفعل الحد الأقصى: <number> من <name> في المرحلة <stage>.
514b09f7f2cc0d82,TID_BOOSTER_BOOST_RESOURCES,جرعة الموارد
08c0a501806d1341,TID_UNLOCKED_ARMY,جيش
cd9543cd4b17ddcf,TID_BOB_TASK_GEAR_UP,\nيمكن الإتمام عبر إصقال ثلاثة مبانٍ في القرية الأم.
2b6840e8322d8faf,TID_PLAYER_TAGS_HEADER,اختر فئات لتصفية النتائج
b190f6de0f801525,TID_DUEL_TARGET_FOUND,تم العثور على خصم لمعركة بنّاء! انطلق وهاجم!
da0d05a1c899ba07,TID_LAVA_LAUNCHER_INFO_SHORT,قذف الحمم أفضل من قذف النيران.
d4a29084ad4a92b0,TID_LEAGUES_I,I
d1745a75261af202,TID_TENCENT_DISAGREE,不同意
03eb30fc0c1a01b0,TID_DIAMOND_BUNDLE_TH9_INFO,• <gems> من الجواهر\n• بطل الملكة رامية السهام\n• القوس-X مستوى 1\n\nدون وقت للبناء!\n\nلا تفوّت هذا العرض الذي يمنح <cffec78><value> من أمثال القيمة</c> ويأتي مرة واحدة!
ab8f10f5cc29226c,TID_CLAN_GAMES_LEAVING_SOON_UNKNOWN_REWARDS,عذرًا، لقد نسيت أن تتحقق من نتائج مباريات القبيلة!
3ff7c4743dd68c70,TID_HINT_AIR_MINE_MINION,الألغام الجوية المطاردة لا تكتشف المينيون.
e7101a399ab3a312,TID_SUPERCELL_ID_BANNER_TEXT,اتصل بـ Supercell ID لحماية تقدمك في اللعبة، واللعب على أجهزة متعددة!
cac3d7684169cd78,TID_ACCEPT_NOT_AVAILABLE_IN_MODE,العودة إلى الصفحة الرئيسية للرد على الطلبات!
71d31c4f88902ad0,TID_CLANGAMES_TASK_USE_DRAGONS,فوضى التنين
728c1a956101b38e,TID_TUTORIAL_CAPITAL_UPGRADE_4,أحتاج فقط إلى ضربة واحدة جيدة من مطرقتي لإنجاز المهام، على عكس بعض الأشخاص...
2ca4a72a722fec58,TID_BOOST_POPUP_TITLE_RESUME,متابعة التعزيز!
173aad1bf9f0a97a,TID_DAILYLOGIN_DAY,اليوم <day>
7c80ad9732bf80c4,TID_TOWN_HALL_9_INFO_SHORT,مزيد من الجماجم، مزيد من المهارات، مزيد من المرح!
613a4e991e273b34,TID_AVAILABLE_TROOPS,القوات المتاحة:
52c9a4772517ec7d,TID_PET_RANGEDATTACKER_INFO,تصعق البومة الكهربية دفاعات العدو من مسافة بعيدة، وتحولها إلى تراب. تذكر أنها مغطاة بالريش؛ لذا فوفر لها حماية جيدة.
3ba5a79186d786cc,TID_RAID_WEEKEND_HISTORY,سجل غارات نهاية الأسبوع
3b6e3fc5cc316eb3,TID_NEXT_REPLAY,إعادة العرض التالية
78c2591eb1f777a3,TID_POPUP_GOBLIN_RESEARCHER_TEXT,يبدو أن معملك مشغول، لكن أتعلم أنه يمكنني إجراء الأبحاث من أجلك؟ سأحتاج فقط إلى عدد قليل من الجواهر الإضافية مقابل وقتي.
3b349e2460217978,TID_CLANGAMES_TASK_INFO_USE_DRAGON_RIDERS,اربح <num> من النجوم في معارك متعددة اللاعبين باستخدام <num2> من راكبي التنانين.
337b88bc14bfd226,TID_COSMETIC_ESTATE_2X2_SMALL_CABIN,كابينة صغيرة
663c97496e65f8ca,TID_CLOCK_TOWER_INFO,برج الساعة يجعل الأمور تتم بسرعة أكبر في قريتك. اجمع الموارد وأجرِ الأبحاث وأنشئ المباني بسرعة أكبر.
f2fa0e743ec86b33,TID_REMOVE_FRIEND_CONFIRMATION,هل تريد بالتأكيد إزالة <name> من أصدقاء Clash لديك؟
b285466b55e14e8c,TID_TOWN_HALL_3_INFO_SHORT,ارتق بمستواك وتعاون مع زملائك لتظلوا أقوياء.
473fd72f00f40509,TID_VILLAGE2_PVP_LOOT,انتصارات
60b49d6a865ebadf,TID_BUY_BUILDING_COMING_SOON,انتظروا <target> قريبًا!
52a6e53b736b0b5f,TID_DIAMOND_BUNDLE_TH5_ALT_UPDATED_INFO,• <res0> ذهب\n• <res1> إكسير\n\nلا توجد حدود للتخزين!\n\nلا تفوت هذا العرض الذي يمنح <cffec78><value> من أمثال القيمة</c>ويأتي مرة واحدة!
b01eb8c92999498a,TID_DARK_TOWER_INFO,سلّط لهب برج النار الذي يتخذ من إكسير الظلام وقودًا له على أهداف فردية لتلحق بها ضررًا هائلاً، أو على أهداف متعددة لتتفحم على الفور.
a3989166afd111ae,TID_SPECIAL_OFFER_BUILDERBASE_ANNIVERSARY_ALLPRICEPOINTS,مجموعة الذكرى السنوية
1f236d5275240886,TID_RESTART_REPLAY_BUTTON,إعادة التشغيل
84d5e4653d770488,TID_CHALLENGE_CHOOSE_NEW_LAYOUT,اختيار مخطط تحد جديد
c9996a7951e558fe,TID_REQUIRED_TOWN_HALL_LEVEL,يجب توفر قاعة مدينة من المستوى <number>
d69281553e1da874,TID_DECO_LAKE_8,بركة كبيرة
978e960e927b0109,TID_WL_INFO_LIVE_BONUS,مكافأة
95c1434059ac7cb4,TID_ACHIEVEMENT_TOWN_HALL_TITLE,أكبر وأفضل
4cde342c3e44d368,TID_CLANGAMES_TASK_USE_WALLBREAKERS,يوم الجدران المفتوحة
464e26ee9114c771,TID_DARKAGES_KING,ملك عصور الظلام
30850dc0d6e1ff60,TID_RAID_RESULTS_FROM_DIFFERENT_ALLIANCE,لم تهاجم في غارة نهاية الأسبوع الأخيرة مع هذه القبيلة.
de2d1dfc44434035,TID_BUILDING_CUSTOMIZE_SCREEN_BUTTON_SAVE,تطبيق
2f5e06ff895524a1,TID_TOWN_HALL_12_INFO_SHORT,قاعة مدينة ستصدمك حرفيًا!
583d9bd343489c07,TID_BARCHER_ABILITY_HELP,خلال الثواني الخمس الأولى، تكون غير مرئية للدفاعات، وتهاجم بشكل أسرع!
b4ab5c0d06804d9b,TID_LOCAL_NOTIFICATION_EVENT_REGULAR_THEMED_PREPARE_TH0212,احشد قواتك، لتلبي دعوات القتال! قم بترقية الأبطال والقوات واستدع التعويذات الأكثر قوة من خلال عرض الترقية هذا!
9947390c095de852,TID_NPC37,بايت إن سويتش
b2ae4dfb490f3c18,TID_COME_BACK_NOTIFICATION_SMALL,عُد أيها الزعيم! يحتاج جيشك إليك
2dec074fde67ff82,TID_COPY_ARMY_CANNOT_TRAIN,لا يمكنك تدريب هذا الجيش
de2f43eb0653b3dd,TID_CAPITAL_RESOURCE,ذهب العاصمة
44613eba10ad7ce2,TID_BATTLEPASS_TASK_INFO_WIN_WARATTACKS,اربح <num> من معارك حروب القبائل.
095cef48168c6fd0,TID_TH15_QUEEN,ملكة السحر
a8a9cb72a3d8e118,TID_WAR_DONATE_MESSAGE,طلب
16344349e6e80651,TID_BATTLEPASS_TASK_INFO_GET_CLANGAMES_POINTS,سجّل <num> من النقاط في مباريات القبيلة.
617987b0ebb06273,TID_NOTIFICATION_SHIELD_AND_GUARD,الدرع والدفاع
a43e2e8af26e5531,TID_LEAGUE_STEEL1,الدوري الفولاذي 1
e4d1389303d214c0,TID_TRAINING_TIME2,وقت التدريب:
2dcebf26d65e2161,TID_NOTIFICATION_WL_ENDED,انتهت دوريات حروب القبائل! تعال لترى كيف أبلت قبيلتك!
c47fd2961dcc17e1,TID_CLAN_CASTLE_TROOPS_INSIDE,التعزيزات:
74c3e27050b186be,TID_EP_REWARD_GET_GEM_ALTERNATIVE_TITLE,المخزن ممتلئ
a1cf9656dc1b2afb,TID_FEEDBACK_INFO2,\n
2190e67ccc6ba80c,TID_NPC_CHALLENGE_TH7_DRAGON_DRAGONS1,انشر <c54a0fe>تنينًا</c> لإخلاء جانبي القاعدة.
a1cf96537c1b2afb,TID_FEEDBACK_INFO4,\n
2f0fedbdcf9e9895,TID_SPECIAL_OFFER_EASTER_LIMITED_999,مجموعة الربيع الخاصة
e726ed6f7061d9b4,TID_LOCAL_NOTIFICATION_EVENT_CLAN_XP,أيها الزعيم، بدأ أحد أحداث نقاط خبرة القبيلة!
7ae315442dc5f552,TID_BUTTON_TREASURY2,عناصر سحر
01d2e01af588fe1c,TID_CLAN_TAG_ACTIVE_DAILY,نشط يوميًا
0cdcd405500aedaf,TID_SHIELD_SHIELD,درع
eacfafbf7a0112eb,TID_CLANGAMES_TASK_WIN_STARS_VS_HIGHER_TOWNHALL,هجوم صاعد
82cb35977b9c66c0,TID_CAPBUILD_INFERNO_INFO,قاهر جميع القوات الكبيرة، ويمكن لبرج النار أن يسبب ضررًا مدمرًا للوحدات التي يسلط التركيز عليها باستمرار.
cf1c3a8bf7c8d7d6,TID_TUTORIAL_CLANGAMES_1,مرحبًا أيها الزعيم! سعداء لوجودك هنا!
6484b234c56c6d8d,TID_CLANGAMES_TASK_INFO_DESTROY_BB_BUILDERHALL,دمر <num> من <building> في معارك البنّاء.
679e870dd6969880,TID_SEARCH_TAB,بحث
b936f93f9c8b0db0,TID_ZAP_TRAP_INFO,تصاب القوات المارة بصدمة شديدة عندما يكون هناك فخ صاعق في مكان قريب.
84886771add76875,TID_LOCAL_NOTIFICATION_EVENT_CLAN_LOOTXP,يا زعيم، أثناء حدث حرب القبيلة، اربح 2x الغنيمة ونقاط الخبرة!
63cb631546acf1a0,TID_TRAINING_SCREEN_TAB_SIEGE_MACHINES,بناء آلات حصار
d76c31d48d730dec,TID_ACHIEVEMENT_DONATE_CAPITAL_COMPLETED,إجمالي ذهب العاصمة المساهَم به: <value>
113ffed7b011e9d0,TID_DECO_FIRST_BARBARIAN_INFO,تمثال قديم من زمن لاقت فيه تصفيفات الشعر القبيحة شعبية كبيرة.
6502452b0cb43f53,TID_DIAMOND_BUNDLE_BH4_ALT,حزمة البنّاء المتدرب
a7320ce9a2c64f80,TID_CAPBUILD_REFLECTOR,العاكس
35ada943dceb952b,TID_NPC86,المنليث
9e24ed288bb9342d,TID_PLAYER_HOUSE_UNOCCUPIED_INFO,منطقة خالية لمنزل عضو قبيلة مستقبلي.
f833543d9a3f26b5,TID_START_WAR_FAILED_NO_RIGHTS,يمكن للقائد أو القائد المساعد فقط بدء الحرب!
1354c5c2bc0b6c27,TID_BP_SEASON_BANK_MAX_CAP,الحجم الأقصى: <value>
59aa8a0fe84356b7,TID_DIAMOND_BUNDLE_MAGICITEMS_BUILDER_BASE_FIGHTING_BOOK_WITH_ELIXIR_INFO,• <res0> إكسير البنّاء\n• <booster1>x كتاب القتال\n• لا حدود للتخزين!\n\nكل ما تحتاجه لترقية قوات البنّاء!
936d71b3bad2cde9,TID_LAYOUTS_CANT_COPY_EMPTY,لا يمكن نسخ مخطط فارغ
8580e7182212c306,TID_BOOST_ALL_GOLD,كل مناجم الذهب
c83de1b4137c4150,TID_NEWS_ECONOMY_TEXT3,\n• تم تقليل تكلفة التدريب لبعض القوات\n• تم تقليل تكلفة التدريب لبعض التعويذات\n• تم تقليل تكلفة التدريب لبعض القوات والتعويذات
9ad9a9ec46ad1573,TID_BOOKMARK_ADDED,تمت إضافة المرجعية
2691ade74603d043,TID_NPC7,خط ماجينو
b271422a4664c6ea,TID_BATTLEPASS_TASK_WIN_BATTLES_USING_ELECTRO_TITAN,هلع الجبابرة
95f7de58621e6a05,TID_HINT_GEAR_UP,ابحث عن الخيار \qإصقال\q في دفاعات قريتك الأم لتجري ترقيات خاصة من خلال البنّاء الخبير!
10b26848abd29edf,TID_ALLIANCE_REJECT_MESSAGE_TITLE,رفض: <name>
c77d42777ddf2dd6,TID_WL_COLUMN_PLAYER_NAME,الاسم
ee6405f633ee156b,TID_BATTLEPASS_TASK_INFO_USE_MEGAPEKKA,استخدم شخصيات بيكا القوي لربح <num> من النجوم من معارك البنّاء.
03e7ed16d03d4dae,TID_SUPER_TROOPS_FEATURE_DESCRIPTION,جاءت القوات الخارقة إلى اللعبة لتمنح قوى جديدة وشعرًا رائعًا للقوات التقليدية.
69a9570e123030f3,TID_BOOSTER_HERO_POTION_STARTED,تم تعزيز الأبطال والحيوانات الأليفة
4f3f81ea15c90e75,TID_PET_RANGEDATTACKER_INFO_SHORT,تدعم بطلها من السماء بصاعقة تلو الأخرى.
7266ec209c8b58b5,TID_LEGENDS_MP_CURRENT_DAY_TITLE,يوم الدوري الحالي
1fa669a70d295c1e,TID_LABORATORY_GOBLIN_HINT,يمكنني بدء ترقية ثانية من أجلك!
887c735712e8732f,TID_NPC_CHALLENGE_RAGE_THE_HEALERS,استخدم <cf07bf8>تعويذة الغضب</c> لتقوية <c54a0fe>معالجاتك</c>.
b8f4f26ba8730710,TID_V2_START_DUEL_ALREADY_IN_MATCHMAKING,فشل البحث عن مطابقة، قيد البحث بالفعل
b39a8548a302e1fa,TID_CAPITAL_HALL_LEVEL,قاعة العاصمة <level>
f42f9345929c7ab4,TID_CAPBUILD_GUARDPOST_DRAGONS_INFO,التنانين الخارقة متشبثة بمنطقتها للغاية وستقوم بشواء أي مهاجمين.
7054561deb99208c,TID_CLANGAMES_TASK_USE_MAGIC_ARCHERS,الاختراق الدقيق
a1525fd8dc03a28b,TID_BATTLEPASS_TASK_WIN_BATTLES_USING_CLONE_INFO,استخدم تعويذات الاستنساخ لربح <num> من المعارك متعددة اللاعبين.
81fe13f97a77ab11,TID_BP_PERK_GEM_DONATION_LIST_FORMAT,• تبرع الجوهرة الواحدة
eb9b7c6f1d3d44fe,TID_ELIXIR2,إكسير
aa7c845cc19a2c9c,TID_ALLIANCE_WAR_DEFEAT,هزيمة
f4dc4c4142c7b57a,TID_TUTORIAL_PETS_3,يمكنك ترقيتها لتجعلها أقوى بكثير.
f1bbaf6f2711ec3f,TID_ENEMY,العدو
4f70c28e5567b1e0,TID_TUTORIAL_CAPITAL_ARMY_1,عندما تهاجم هنا، تستخدم قوات عاصمتك الخاصة وتعويذاتها.
dcb03da194e409c9,TID_ACHIEVEMENT_WAR_STARS_TITLE,بطل الحرب
d9e7ab424f68e6ae,TID_CANCEL_CREATOR_SUPPORT_BUTTON,وقف الدعم
c0aa5c887e1096ae,TID_CLANGAMES_TASK_INFO_DESTROY_BB_ROASTER,دمر <num> من <building> في معارك البنّاء.
3d57ba0a9a57beff,TID_BATTLEPASS_TASK_WIN_WARATTACKS,بطل حرب
7f2b777ba9489761,TID_EFFECT_TIME,مدة التأثير: <number> من الثواني
528b0b06112b5c4c,TID_TRADER_CONFIRM_TEXT,هل تريد شراء <num> من <item>؟
af8cb70bbf1e9163,TID_TOWN_HALL_13_INFO_SHORT,تجمع بين الثلج ونيران البرج الناري العملاق.
feee3ed7838f5ba3,TID_ADD_FRIENDS_INFO_REQUESTS,أضف أصدقاء Clash من ملفات اللاعبين الشخصية. يظهر أصدقاء Game Center وSupercell ID تلقائيًا بمجرد تسجيلك للدخول.
a0b854f8bac9d208,TID_RESOURCE_BOOST,تعزيز الموارد
5e824ba5ed00d978,TID_WL_LEADERBOARD_BRACKET_POS4,المركز 4 في المجموعة
5c976b66cdbe99b9,TID_BATTLEPASS_TASK_INFO_WIN_BATTLES_USING_NIGHTWITCHES,اربح نجمة في <num> من معارك البنّاء باستخدام <num2> من ساحرات الليل.
cf6b0d9c88880ab6,TID_GEAR_GIANT_GAUNTLET,قفاز عملاق
5b1ac7a829807bc1,TID_BUTTON_SELECT_SKIN,تحديد
3cbea6b20377e4f7,TID_TREASURY_GOLD,ذهب الخزينة
d2c97a4dc25e0773,TID_DIAMOND_BUNDLE_ELIXIR_DARK_ELIXIR_INFO,• <gems> من الجواهر\n• <res0> من الإكسير\n• <res1> من إكسير الظلام\n\nبدون حدود على التخزين!\n\nلا تفوّت هذا العرض الذي يعطي <cffec78><value> أضعاف القيمة</c> ويأتي مرة واحدة!
25ba4e81968d94ed,TID_NEWS_BIRTHDAY_TEXT,Clash of Clans عمرها سنتان! يمكنك الآن تسريع كل مستخرجات الموارد لمدة أسبوع واحد مقابل جوهرة واحدة لكل منها حتى 7 أغسطس!
86824ba5ed0527fc,TID_WL_LEADERBOARD_BRACKET_POS2,المركز 2 في المجموعة
0800423c48b1136b,TID_ANTIADDICTION_ADULTHOOD_NOT_FULFILLED_15MIN_WARNING,نظرًا لأنك قاصر، فأنت مقيد بنظام الحماية من الإدمان. تبقت أمامك <MINS> د للعب اليوم.
6181d9ea08303522,TID_HINT_SHIELD_GAIN_TIME,ستحصل على درع طويل المدى إن تلقت قريتك الكثير من الضرر
203f43f7d7418597,TID_ALLIANCE_WAR_SAVE_VILLAGE,حفظ القرية
721f4ebab1fc96fe,TID_NPC_DEPLOY_STEPS_OFF_TITLE,هل أنت مستعد؟
4efef2aa83ce9691,TID_CLANS_SELECTOR_SEARCH,بحث
b84cd484eb11a1bf,TID_CLANGAMES_TASK_USE_SUPER_WITCHES,الساحرة والمساعد
9729e407e60145c0,TID_TARGET,هدف
667b9f660e402021,TID_VILLAGE_NOT_PREPARED,القرية ليست جاهزة
7a3be7a55c1d4601,TID_PLAYER_PROFILE_TROOPS,القوات
370af7448e6d5934,TID_CLANGAMES_TASK_USE_SIEGERAMS,هادمة الجدران هي الحل
109819aed8cdab09,TID_DIAMOND_BUNDLE_BH5,حزمة قاعة البنّاء 5
435e84c77d96e80e,TID_STARBONUS_WINDOW_AWARD_EVENT,<c66CC00><num>تم تلقي مكافأة النجوم!</c>
a4f1910f9dd861a8,TID_BATTLEPASS_TASK_INFO_USE_BOWLERS,استخدم قوات الباولر لربح <num> من النجوم من معارك متعددة اللاعبين.
ba864ee171e65329,TID_LEAGUE_BRONZE2_SHORT,البرونزي II
315d7aa0e51943d9,TID_CLAN_CAPITAL_LEAGUE,دوري العاصمة
a99f4906de3664f1,TID_LAKE_CORNER,ركن البحيرة
9f9a0b4035c7f3d4,TID_BOOSTER_CLOCKTOWER_ALT_2_LINE,جرعة برج الساعة
d39d0d1ebcc2a8be,TID_TRAINING_SCREEN_TAB_TROOPS,تدريب القوات
50ed988df952b284,TID_NOTIFICATION_BUILDER_IS_BACK,عاد البنّاء!
98992c907ca9d7ae,TID_ALLIANCE_BUTTON_SEARCH,بحث
940237f1977a9470,TID_NEW,جديد
3c59975ce6489fcb,TID_ALLIANCE_WAR_STAT_NUM_3STARS,3 نجوم
3c8a6b6f0ac56540,TID_GOOGLE_SERVICE_BOUND_TO_OTHER_ACCOUNT_TITLE,تنبيه حساب Google
717cac0acb1ff5b0,TID_WL_STAT_POSITION2,المركز الثاني
6fa42bec3434f972,TID_DECORATION_SKULL_FLAG,علم القراصنة
4a32076b8283a120,TID_BUILDING_DOUBLE_CANNON,مدفع مزدوج
a90a6724ed3f837e,TID_NPC_CHALLENGE_TH12_DRAGBAT_STONE_SLAMMER,انشر <c54a0fe>بالون الحجارة</c> لتدمير <cf70d16>برج النار المتعدد</c>.
45526550beaf9ab5,TID_RESOURCE_PACK_ELIXIR_FULL,ملء مخازن الإكسير
894153f95e57fa04,TID_ALLIANCE_GAMES_PERSONAL_COOLDOWN_HEADER,فترة هدوء التحدي
aa630b8a78eb7809,TID_BB_RESULTS_REWARDS,الجوائز:
8143567799f8b559,TID_CLANGAMES_TASK_INFO_WIN_STARS_VS_TITANLEAGUE,اربح <num> من النجوم ضد خصوم دوري التيتان في المعارك متعددة اللاعبين.
18ee65a7ee6dd2a3,TID_BOOST_LEFT,التسريع المتبقي:
605c3bd58e842735,TID_CLAN_JOIN_FAIL_NO_SCORE,لا تمتلك ما يكفي من الكؤوس للانضمام إلى هذه القبيلة!
92472b96caa25203,TID_LEGEND_LEAGUE_INFO_TAB0_HEADER,نظرة عامة
c64f7fe2cf50e275,TID_TUTORIAL_CLASHOWEEN_EVENT_B3,ها قد بدأ!
0299ff396862a025,TID_BOOSTER_FINISH_HERO_UPGRADE_INFO,يمكن استخدام هذا الكتاب السحري المليء بأساطير بطولية ونصائح حكيمة لإنهاء عداد ترقية أي بطل أو حيوان أليف على الفور. يعمل في كلتا القريتين.
f4a0aba8de62dfb5,TID_BARB2_ABILITY_HELP,تزداد السرعة والضرر في الثواني الـ <num> الأولى.
0b3748e5e1167a27,TID_RATE_APP_TITLE,تقييم Clash of Clans
5677e569ac52b7cb,TID_CLANGAMES_TASK_INFO_USE_BABYDRAGONS,اربح <num> من النجوم من المعارك متعددة اللاعبين باستخدام <num2> من بطاقات التنين الصغير.
b9b6fc621620229f,TID_SCENERY_HOG_MOUNTAIN,منظر جبل الخنزير
8c84225c25acc440,TID_REGENERATION_TIME,مدة التجديد: <number> دقيقة
fd20633e959c7684,TID_HINT_VERSUS_BATTLE1,احصل على نجوم أكثر للفوز بمعركة بنّاء! الفيصل هنا النسبة المئوية للدمار.
a7e26370eb3def18,TID_ALREADY_BOOSTED,يتم تسريع هذا المبنى بالفعل!
24211f8cf3987b6c,TID_SPELL_BATS_INFO,استدعِ جيشًا من الخفافيش إلى أي مكان في ساحة المعركة!\n\nانشر التعزيزات الجوية في أي مكان تكون في أشد الحاجة إليها فيه. الخفافيش لا تفعّل الفخاخ.
b9ba733c58db7f7f,TID_NPC56,الضغط الشديد
313144a4828f3faf,TID_V2_DUEL_FEED_BH_DESTROYED,تم تدمير قاعة البنّاء!
9043e36bb518e789,TID_HINT_ACHIEVEMENT_GEMS,أكمل الإنجازات لربح جواهر خضراء مجانية!
0e6e2d97aae1f00a,TID_BATTLEPASS_TASK_INFO_WIN_BATTLES_USING_HOGRIDERS,استخدم راكبي الخنزير لربح <num> من المعارك متعددة اللاعبين.
f7a390073c8ae365,TID_TUTORIAL_OWN_HOUSE_4,هناك عدة خيارات بالفعل، وكلما جمعت المزيد من ذهب العاصمة، فتحت خيارات أكثر.
85302af95bfb6121,TID_LEADERBOARDBANNER_PLAYER_HISTORY_TITLE,أساطير البطولة الأخيرة:
c4e309601c0c36be,TID_CAPBUILD_MULTIMORTAR,مدفع هاون متعدد المواسير
25068ed1f510ce84,TID_BUILDING_DRAGON_CAVE,كهف الهواجس
3466d2c219b7ee95,TID_NPC_CHALLENGE_TH9_BABYDQW_RAGE,استخدم <cf07bf8>تعويذة الغضب</c> لتعزيز كل من <c9916c8>الملكة رامية السهام</c> و<c54a0fe>المعالِجات</c>.
487450d038f89fb2,TID_CAPBUILD_CRUSHER,الساحق
f4a93205f29c0add,TID_NPC_CHALLENGE_TH8_GOWIPE_BARBARIAN_KING,انشر <c9916c8>الملك البربري</c>. بما أنه تم تدمير الجانبين، سيتجه نحو الوسط.
f9432585490f70f1,TID_HINT_VERSUS_BATTLE4,هل تواجه صعوبة في الفوز بمعارك البنّاء؟ شاهد إعادات العرض وحاول أن تحسّن دفاعك.
046d2930343bdc84,TID_BATTLEPASS_TASK_COLLECT_DARKELIXIR,استخراج إكسير الظلام
eaeaace45b257fb2,TID_NPC_CHALLENGE_TH11_LAVALOON_HOUNDS2,انشر <c54a0fe>كلب حمم</c> آخر.
efdcd277dc1844de,TID_NPC_CHALLENGE_TH12_YETI_HEALERS,انشر <c54a0fe>معالِجات</c> لدعم <c9916c8>الآمر الكبير</c>.
e7cda5330294f27c,TID_CLANGAMES_TASK_USE_GOLEMS,تقدم سلس
e4c5a2bdfdf63cbd,TID_EVENT_HERO_BOOST_ALT,حدث تعزيز الأبطال
10ece941c871a635,TID_MOVE_MASTER_BUILDER_ERROR_VILLAGE_BB,البنّاء الخبير في القرية الأم حاليًا.
cc85b469bd3640d9,TID_ACCEPT_FRIEND_CONFIRMATION,هل ترغب في إضافة <name> كصديق Clash لديك؟
4b16917db74b4331,TID_WAR_STATS_HEADER_TIEBREAKERS,جولة فاصلة
f88c9519b05a7c2c,TID_AIR_BLASTER_INFO_SHORT,تطيح بالمهاجمين الجويين بعيدًا بلا شفقة.
b65a0a84e9f7672c,TID_CLAN_TAG_DONATIONS,نشطة في التبرع
7e7cdbbc9eb5b3c2,TID_ICE_HOUND_ABILITY_INFO,تبطئ هجمات كلب الجليد الأهداف. يجمد كلب الجليد كل ما حوله عندما يُهزم.
c7bd65cda4f3d909,TID_PART_HOUSE_FOOT,جدران منزل القبيلة
175ddd00a87a31ee,TID_CLANGAMES_TASK_INFO_DESTROY_INFERNOTOWERS,دمر <num> من <building> في معارك متعددة اللاعبين.
d6b3a5f6bf7d2b2e,TID_PUSH_WAR_4,انتهت الحرب ضد <data>.
9e9b64a62e2abd7d,TID_DAILY_BONUS_LIMIT_REACHED,تم الوصول إلى حد الغنيمة اليومي
388d55bd80bd1b62,TID_LEAGUE_IRON2_SHORT,الحديد 2
de28da8031a5b2d1,TID_POPUP_GIFT_RECEIVED_TITLE,الموارد الإضافية
993606d1d922583a,TID_NPC81,الجبابرة
6564d99e67b5b409,TID_HINT_MORTAR_DAMAGE,تسبب مدافع الهاون ضررًا منتشرًا لكل الوحدات الأرضية الموجودة بالقرب من موضع الضرب
fce7901305fe7ecb,TID_RECORDING_CANT_GO_HOME,لا يمكن الانتقال إلى الصفحة الرئيسية، عليك إيقاف التسجيل أولاً!
8eaf8c65a9f8954a,TID_ADVANCED_MEGA_TRAP,لغم عملاق
c7e5d7714e47a06c,TID_PURCHASE_LIMIT_TITLE,تأكيد الشراء
7e19ecbeb03686fc,TID_SPELL_FACTORY_NOT_UNLOCKED,لم يُبنى مصنع السحر بعد
5d1602f77a165731,TID_TRAP_AIR_MEGA,لغم جوي مطارد
87d8a0b8dd7384df,TID_LEAGUE_SIZE,الدوري: تم اختيار <num> من الأعضاء
92c601fb17b31368,TID_CLANGAMES_TASK_DESTROY_CLANCASTLES,شحن قلعة القبيلة
6de8107cd95291c8,TID_JOINALLIANCEQUESTION,قبول دعوة القبيلة؟
92a086cc92fce996,TID_GEAR_RARITY_EPIC,ممتاز
f5e7be305a2bf224,TID_DISTRICT_LOCKED,مغلق
1dd0cd4be1ba64fa,TID_TESLA_TOWER_INFO,انصب فخًا مميتًا بالتيسلا المخفية! حاصر سحرتنا سحابة عاصفة في كل من هذه الأبراج الخبيثة. عندما يقترب أحد الأعداء أو يطير على مقربة، يتمدد البرج ويحرقه باستخدام القوة الكهربائية!
ef5a888f2a4c8712,TID_LOCAL_NOTIFICATION_LABORATORY_UPGRADE_DONE,تمت ترقية <item> إلى المستوى <level>
643c752d453446c6,TID_CLAN_HOUSE_NAME_OCCUPIED,منزل <name>
64ffa05d5d4a53ba,TID_CHALLENGE_WAIT_TITLE,تحدٍ ودي
9012f74dd1b75800,TID_WL_TAB_BRACKET_LEADERBOARD,المجموعة
6e664dcee53eb5a3,TID_LEAGUE_CHANGE_TEXT,مستوى الدوري: <league>
4bab3e0d3be6d677,TID_TRAP_MINE_INFO,لا يوجد ما يقول ابقَ بعيدًا كتحذير مثل قنبلة مخفية بالطراز القديم.
f2b14f632c7464dd,TID_DIAMOND_BUNDLE_TH10_ALT_UPDATED_INFO,• <res0> إكسير الظلام\n• <res1> ذهب\n• <res2> إكسير\n\nلا توجد حدود على التخزين!\n\nلا تفوّت هذا العرض الذي يمنح <cffec78><value> من أمثال القيمة</c> ويأتي مرة واحدة!
068ad5384f19bfc5,TID_CONFIRM_ARE_YOU_SURE,هل تريد بالتأكيد حذف القرية الحالية واستبدالها بـ:
ca6c09ba25433019,TID_CLANGAMES_TASK_DESTROY_BB_BUILDERBARRACKS,انهيار ثكنات البنّاء
5f040f60083e9dbd,TID_RESEARCH2_TITLE,فوائد الترقية:
ce8161b593e3d4ab,TID_BOUND_TO_OTHER_ACCOUNT_LOAD_VILLAGE_TITLE,تحميل القرية؟
c962e0b54b8abc93,TID_LEAGUE_LEADERBOARDS,الدوري الخاص بي
8f18492205def01c,TID_LEAGUE_GOLD1_SHORT,الذهبي I
08bcaa3ad57678a0,TID_DONATE,تبرع
c085b906d0d63d63,TID_DECO_PAINTED_BABY_DRAGON,تمثال التنين المزين
d18d0c73d56710ec,TID_RAID_RESULTS_NO_SIGNUP_FROM_ALLIANCE,لم تشارك القبيلة في غارة نهاية الأسبوع الأخيرة
fbe9395c635f363f,TID_CAPITAL_REWARD_END_BATTLE,تمت إضافة ميداليات الغارات إلى صندوق العاصمة لقبيلتك
ea481a5f65ab8de1,TID_CLANGAMES_TASK_USE_BABYDRAGONS,موعد قصص التنين الصغير
d6904b96a5604bcf,TID_NEWS_BD_GIFTS_TEXT,عيد Clan سنوي خامس سعيد! احتفل مع زملاء قبيلتك واحصل على جواهر إضافية لقبيلتك كلما اشتريت <c80d8e8>جواهر + هدايا القبيلة</c>.
b0141990f357bb6f,TID_TUTORIAL_PETS_6,نشجعك على تجربة ثنائيات متنوعة لترى الأفضل لك.
4f55250a30220b12,TID_LOCAL_NOTIFICATION_EVENT_REGULAR_THEMED_BATTLE_TH0212,أبواق الحرب تصرخ طلبًا للنصر! قم بترقية قواتك، وقُد قبيلتك إلى معركة المجد مع هذا العرض الخاص!
6976aebe87b36c07,TID_DIAMOND_BUNDLE_TH13,مجموعة قاعة المدينة 13
8396216fa4b31702,TID_CHARACTER_SIEGE_MACHINE_CATAPULT,منجنيق النيران
da50f23b1de2a8b5,TID_UNLOCK_BARRACK_TROOP,عناصر مفتوحة: <name>
8a85fddca3084a85,TID_CAPBUILD_BARRACKS_BATTLERAM_INFO,يمكن لهذه الثكنات الحصينة احتواء الكثير من مِدَقات المعركة في الداخل!
d23f2596fa96d5fd,TID_EVENT_TITLE_CLANWAR_LONG,ماراثون عطلة نهاية الأسبوع
81d3ef9bcc643129,TID_MOUNTAIN_GOLEM_ABILITY_NAME,السحق
baf575fd1384542b,TID_EQUIP_TITLE_GEAR1,المعدات
59e01118723379dd,TID_CLANGAMES_TASK_DESTROY_TESLATOWERS,تدمير أبراج تيسلا
24e3b8f1228de045,TID_CHALLENGE_TH12_DRAGBAT,السيرك الطائر
029a8cf09d9dd543,TID_LEGEND_SEASON_INFO_PRESTIGE_MORE,كؤوس الأسطورة هي رمز الفخامة الأفضل. لا يمكن فقدانها، وتتراكم بعد كل موسم.
a5a42155396a9640,TID_PROMOTE_TO_ADMIN_CONFIRMATION_TITLE,هل تريد رفع الرتبة؟
013de6e6270821de,TID_BOOSTER_FINISH_ANY_UPGRADE_OFFER_INFO,<num> من كتب كل شيء: لإنهاء أي عداد ترقية على الفور.
f8c570178185a328,TID_EVENT_TEXT_XMAS-MAGICITEM,عرض عناصر السحر
a1a64288f0c9fb0b,TID_BUILDING_CLASS_DEFENSE,الدفاعات
6cd0888b45782d70,TID_CAPBUILD_BLAST_BOW_INFO,يقدم قوس الانفجار في النهاية إجابة نهائية عن سؤال قديم: ما مدى خطورة السهام إذا كانت بحجم جذوع الأشجار؟ لا عجب أن تكون خطيرة للغاية.
82f30bdb61537c1b,TID_LOCAL_NOTIFICATION_EVENT_HAMMERJAM_PACK2,أيها الزعيم، هناك عرض تحديث مميز جدًا لك!
7578ccb3c746687f,TID_REQUEST_TO_JOIN_NEW_CLAN_WHILE_IN_CLAN_TITLE,مغادرة قبيلتك
53ec6c1fbd2f8d2c,TID_DECORATION_FLOWERBOX1,حوض زهور برية
ce4f1cc7c3b0da84,TID_BOOSTER_USE_BB_STAR_BONUS_BOOSTER_QUESTION_TITLE,أتريد شحن المكافأة؟
e38847d7f1eb5959,TID_SHOVEL_OBSTACLE_CONFIRM,هل تريد استخدام <booster> لجعل <obstacle> قابلاً للتحريك دومًا؟
d89256da129dc1e4,TID_NPC70,الساحة
ab1e06c7192e913f,TID_PRESET_INFO,ضع مخططات الجيش من أجل تدريب سهل!
ac3c8f82e6c012ca,TID_VILLAGE_ROWBOAT,قارب البنّاء
701bc69bf491ec5a,TID_UPGRADE_TASKS_TITLE,متطلبات الترقية
68cf73babf3c6ba2,TID_ALLIANCE_WAR_MY_ATTACKS,هجماتي:
2c447728040c7e38,TID_CLANGAMES_TASK_INFO_DESTROY_ELIXIRPUMPS,دمر <num> من <building> في معارك متعددة اللاعبين.
b61087f0aefcf25e,TID_CHARACTER_INFO_ARCHER,يحب هؤلاء القناصة البقاء على مسافة بعيدة في ميدان المعركة وفي الحياة. ولا يسعدهم شيء أكثر من إسقاط هدفهم الذي يركزون عليه.
66dda3ce9490e154,TID_CLAN_MIN_LEVEL,مستوى القبيلة الأدنى:
48e6f20bbb2382e2,TID_LEAGUE_BRONZE,برونزي
64c7d3b39c698ac3,TID_NPC_CHALLENGE_TH10_BOBAT_PEKKAS,انشر <c54a0fe>البيكا</c> لإخلاء الطريق.
6ee0156e7218b2b0,TID_DECORATION_SWORD_IN_STONE,تمثال البطل
57292a29182b53a8,TID_ALLIANCE_WAR_CANNOT_ATTACK_PREPARATION,لا يمكن الهجوم، لم تبدأ هذه الحرب بعد!
5264384e45669ecb,TID_COSMETICS_TIER_3,<ce86fff>أسطوري</c>
3a6c058e7a7dde2e,TID_ARTILLERY_INFO_SHORT,يدمر الجيوش من الجانب الآخر من القرية.
cb156ddda991e722,TID_WL_BONUSES_BEING_SENT,تم إرسال المكافآت!
df91257f7de32ce7,TID_COMPLETE_NEXT_TASK_TO_UPGRADE,أكمل المهمة التالية للترقية.
245630f6a563f109,TID_STREAM_EVENT_NAME_CHANGED,قام بتغيير اسمه إلى <name>
75c2645b4e86b860,TID_CLANGAMES_TASK_INFO_USE_DRAGONS,اربح <num> من النجوم من المعارك متعددة اللاعبين باستخدام <num2> من قوات التنين.
aa38a45a27bb0369,TID_LEAGUE_UNRANKED,غير مصنف
43c6e03e9be36cf1,TID_STARTER_REQUESTTROOPS_TH3,طلب التعزيزات
19c7605abedff06f,TID_NPC_CHALLENGE_TH11_LAVALOON_HOUNDS1,ابدأ بنشر <c54a0fe>كلاب الحمم</c> لحماية <c54a0fe>بالوناتك</c>!
479f8d063bbfb105,TID_INFO,i
1baafe3ec58c510c,TID_TUTORIAL_SEASON_CHALLENGE_2,من الآن فصاعدًا ستوجد تحديات وجوائز جديدة كل شهر!
fdea7b29eeb39c28,TID_SUPER_TROOP_ACTIVE_TIME,وقت النشاط
d2c6a1597aa3bcf6,TID_NEWS_DARK_SPELLS_TITLE,
169df9184b9559d2,TID_TOTAL_TROOP_HEAL,إجمالي شفاء القوات: <number>
7202671d39a730a7,TID_DIAMOND_BUNDLE_TH10_REVISED_INFO,• برج النار المستوى 1\n• <booster1> من كتاب الأبطال\n• <res0> من إكسير الظلام\n• <booster2> من جرعة البنّاء\n\nبلا وقت بناء، بلا حدود على التخزين!\n\nلا تفوّت هذا العرض الذي يمنح <cffec78><value> من أمثال القيمة</c>ويأتي مرة واحدة!
8ed0a443471e0da0,TID_ALLIANCE_GAMES_ABOUT_TASKS_HEADER,ما هي التحديات؟
c02e16a581b21ddc,TID_GIVE_NAME_TITLE,اسمي...
f218cbb9fadab079,TID_HINT_HEALER_INFO,يمكن للمعالجات شفاء وحداتك الأرضية، لكن لا تهاجم الأعداء
bc2f01f4015867fe,TID_PUSH_WAR_2,بدأ يوم المعركة ضد <data>!
02915fe554919410,TID_SHOP_MERGE_BUILDING_DISCLAIMER,سيتم دمج المبنيان في هذا المبنى الجديد. يتعذر التراجع عن هذا الإجراء.
45b56804119309f6,TID_POPUP_CANCEL_GOBLIN_CONSTRUCTION_TITLE,هل ترغب في إيقاف الإنشاء؟
07258617a4dfd637,TID_ALLIANCE_DONATE_DONATED_TROOPS,القوات المتبرع بها:
7d7346f31eb6e7d7,TID_EVENT_SPELL_BOOST,تسريع التطوير بجوهرة واحدة
a7772dc7f7e3bb0a,TID_CHAT_REPORT_CONFIRMATION,أأنت واثق من أنك تريد الإبلاغ عن <name> بسبب سلوك غير لائق؟
ee55fbce43aeb587,TID_CHARACTER_MAGIC_ARCHER,رامية السهام الخارقة
6963f0225965bcd5,TID_CLANGAMES_TASK_WIN_STARS_VS_TOWNHALL_7,7 الممتازة
916a2810802d00d9,TID_NPC_CHALLENGE_TH12_YETI_INFO_WARDEN_WALK,الهدف الرئيسي من نشر <c9916c8>الآمر الكبير</c> التخلص من وجود العدو في الركن وتدمير <cf70d16>برج النار</c>.
820e86553b119878,TID_BP_TAB_TASKS,التحديات
d09c8bd36310c7ea,TID_BATTLEPASS_TASK_INFO_DO_RAID_ATTACKS,شن <num> من هجمات غارة العاصمة
fa5a90cef38e2453,TID_LAST_ONLINE_MULTIPLE_DAYS_AGO,لعب قبل <num> من الأيام
4e8a4033136784f7,TID_CLANGAMES_TASK_INFO_WIN_STARS_VS_TOWNHALL_8,اربح <num> من النجوم ضد خصوم بقاعة مدينة من المستوى 8 في المعارك متعددة اللاعبين.
6cbf01489f0bd17d,TID_CLANGAMES_TASK_INFO_USE_BARBARIANS,اربح <num> من النجوم من المعارك متعددة اللاعبين باستخدام <num2> من البرابرة.
3254c2a5de2c774b,TID_SUPER_MINER_ABILITY_INFO,يلقي برميلاً متفجرًا عند تعرضه للهزيمة.
eb56c47eddf6f6a1,TID_ALLIANCE_WAR_DATA_NOT_AVAILABLE,جارٍ تحميل حروب القبائل، من فضلك حاول ثانيةً
b3777b2c0bc01620,TID_ALL_BUILDERS_AVAILABLE,اكتملت كل الترقيات
93de3a7cadfbd918,TID_CAPITAL_MAP_MODE_TEXT_VISITING_ONGOING_DEFENSE,غارة الدفاع
0ff183ba5f3ca22c,TID_ACCEPT_FRIEND_ERROR_GENERIC,فشل إضافة صديق، حاول ثانية لاحقًا
ce3b0a8760da6810,TID_POPUP_HEADER_ABOUT_TO_SPEED_UP,الإنهاء الآن!
40a694b803f4dae9,TID_LEAGUE_CHAMPION1_SHORT,الأبطال I
1c0772e276f53f14,TID_ARMY_DEEPLINK_INVALID,رابط الجيش هذا غير صالح
852dfe9b307074ce,TID_TOTAL_TRAINING_TIME,إجمالي الوقت:
d8b8b2acca259879,TID_GEAR_UP_AVAILABLE_LATER,قم بترقية هذا المبنى إلى المستوى <level> أولاً!
7f428b8ec5b284c0,TID_ACHIEVEMENT_DESTROY_TOWNHALL2,دمِّر <number> من قاعات البنّاء في معارك البنّاء.
cadef09f0f42567d,TID_AVATAR_MESSAGE_BUTTON_ALREADY_CLAIMED,تمت المطالبة بها بالفعل
bb4a142d3636dc2d,TID_WARRIOR_WARDEN,الآمر المحارب
0dd4bc2930dac60d,TID_TENCENT_DOLPHIN_ERROR_1,网络错误，请在网络环境正常下重启游戏。
3436e87c81522b44,TID_CLANGAMES_TASK_INFO_DESTROY_DARKSPELLFACTORIES,دمر <num> من <building> في معارك متعددة اللاعبين.
d13e9c915aa27e41,TID_IAP_NOT_AVAILABLE_CAFE_BAZAAR,عمليات الشراء غير متاحة! احرص على أن يكون تطبيق Cafe Bazaar مثبتًا على جهازك.
8ee5198f9127d981,TID_TRAP_TORNADO_INFO,الأعاصير قد تكسر العظام، ولكن هذا الفخ سيذهلك بالتأكيد. فقط انصب أحد هذه الفخاخ وسيثير دوامة تسحب قوات العدو إليها، وتعوق تقدمها.
92840e9382271b89,TID_CHARACTER_INFO_SPEAR_GOBLIN,من الذي ظن أن تعليم الغيلان كيفية رمي الرماح فكرة صائبة؟ من أين تأتي كل هذه الرماح؟ بغض النظر عن ذلك، فهي تشكل رادعًا قويًا لكل من المهاجمين الأرضيين والجوي.
0fa3af59c8d11905,TID_BATTLEPASS_TASK_INFO_WIN_BATTLES_USING_GOLEMS,استخدم كائنات الغولم لربح <num> من المعارك متعددة اللاعبين.
60053a1b425e8d40,TID_ALLIANCE_WAR_ATTACK_CONFIRM_TITLE,تأكيد الهجوم
29f22ac32619816d,TID_SPOOKY_QUEEN,الملكة المخيفة
c5d3e31ba55a519c,TID_EVENT_CHRISTMAS_INFO,
19f8bc96011ccf7f,TID_ALLIANCE_WAR_BEST_NO_ATTACK_ENEMY,لا نقاط تميز للعدو
f78be35155c719a5,TID_TOTAL_DAMAGE,إجمالي الضرر:
66164b22ec7b6741,TID_EVENT_CHRISTMAS_TRAP_INFO,أوقف المهاجمين في أماكنهم!\n\nيمكنك استخدام فخاخ التجمد، ولكن الجليد سيذوب عندما ينتهي الحدث.
ed5f9967051d6cbb,TID_PET_DIGGY_ABILITY_INFO,تحت الأرض في معظم الأحيان ويخرج أحيانًا لصعق الدفاعات وتحطيمها.
87731a12a31c045e,TID_BABY_DRAGON_ENRAGE_SPEED_INCREASE,الضر الإضافي للغضب:
39038ccbf414a362,TID_ARRANGED_WAR_START_BUTTON,إرسال تحدٍ
0cecfc81d944ca73,TID_BUTTON_FREE,مجانًا
cee7e563eb37a9a8,TID_BOOSTER_FREE_HERO_UPGRADE_INFO,ضربة واحدة من هذه المطرقة السحرية ستقوم بترقية أي بطل أو حيوان أليف إلى المستوى التالي على الفور. تعمل في كلتا القريتين.
fc4095c52f7d9cb1,TID_WELCOME_BACK_DEFENCES,تعرضت قريتك للهجوم
c60bb2c15549d9e0,TID_SUMMER_CHAMPION,بطلة الصيف
5a15321deb87a2ed,TID_WL_INFO_LIVE_TAB0_HEADER,أسبوع المعارك
a7a8c48bae4f46f2,TID_WARNING_CANNOT_COPY_LAYOUT_WHILE_EDITING,لا يمكنك نسخ مخطط أثناء تعديل مخطط آخر.
c8db0d4d48c9dade,TID_DONATION_REQUEST_ONLY_ALLOW_MAX_LEVEL,السماح بتلقي التبرعات عالية المستوى فقط
370a5c643fad6a43,TID_WEAPON_TOWN_HALL_14,البرج الناري العملاق
c1f04ae8c468c151,TID_BUTTON_ACCEPT,قبول
b33a9433edc8f79b,TID_STARTER_TH4_UPGRADEARCHERTOWER,أقواس أفضل
9b99162ef34deaeb,TID_TASK_GET_STAR_BONUS,النجوم اليومية
64db67f61dde6217,TID_SPEED_UP_HERO_HEALTH_TEXT,هل ترغب في شفاء <item> للصحة الكاملة؟
7d87b07ac5f3e854,TID_START_WAR_FAILED_NOT_ENOUGH_MEMBERS,لا يمكن بدء الحرب، لا يوجد عدد كافٍ من أعضاء القبيلة المؤهلين!
4fe92dcc9e6a7d20,TID_CAPBUILD_DISHQ_INFO,يعتني القرويون والبنّاء الكبير بهذه المنطقة من هنا. قم بالترقية لفتح ترقيات إضافية للمباني في هذه المنطقة.
5c08a7e399d1b563,TID_CHARACTER_BIG_BOY,الهيكل العظمي الضخم
ab56d6b2d0531a77,TID_DIAMOND_BUNDLE_MAGICITEMS_RESOURCE_POTION_ONLY_INFO,• <booster1>x جرعة الموارد\n• لا حدود للتخزين!\n\nقم بشحن مستخرجي الموارد لأقصى درجة!\n\nلا تفوت هذا العرض!
99c99e75a150de40,TID_ATTACK_FAIL_GENERIC,لا يمكن مهاجمة القرية! حاول ثانيةً لاحقًا.
f111debbb34531a6,TID_LEAGUE_HERO2_SHORT,الجبابرة II
629e510fe2b2517a,TID_ACHIEVEMENT_TOWN_HALL2_COMPLETED,مستوى قاعة البنّاء الحالي: <value>
0a2ae2025a10d404,TID_FEEDBACK_MAIL_TEXT,\n\n\n---------تجنب الحذف!---------\n<tags>\n------------------------------\n
6c533fe58f5b925e,TID_ALLIANCE_WAR_PREPARE_FOR_WAR,استعد للحرب!
47055ebe84d4b52e,TID_BOOST_BARRACKS_POPUP_TITLE,تعزيز تدريب القوات!
0c1311cf1f13a102,TID_ACHIEVEMENT_SEASON_CHALLENGE_POINTS,اربح <number> من النقاط في تحديات الموسم
3532b7cf27bb6c53,TID_FB_TRACKING_TEXT,تتطلب ميزات Facebook الاجتماعية من \qClash of Clans\q مشاركة بياناتك مع Facebook. تستخدم شركة Facebook هذه البيانات لأغراضها الخاصة، بما فيها الإعلانات والتتبع.\n\nقم بالسماح إذا كنت تريد مشاركة بياناتك مع Facebook وتمكين ميزات Facebook الاجتماعية.\n\nاطلب من التطبيق عدم التتبع إذا كنت لا تريد مشاركة بياناتك مع Facebook، وهو الأمر الذي سيؤدي إلى حذف ميزات Facebook الاجتماعية من \qClash of Clans\q. اطّلع على ميزات Supercell ID الاجتماعية الحافظة للخصوصية.
009e567d4b243fb5,TID_CLANGAMES_TASK_WIN_HOMEBATTLESINROW,سلسلة انتصارات
f955dea7f005458e,TID_ERROR_BOOKMARKS_FULL,لديك مرجعيات أكثر من اللازم! أزل إحدى المرجعيات لإضافة أخرى.
e4f6ebbeaef376dd,TID_TERMS_OF_SERVICE_BUTTON,شروط الخدمة
ee55f0b3b468e486,TID_HINT_BOOST_SPELLS,يمكنك تسريع معدل إنتاج مصنع السحر بالجواهر.
b05e1dfe75f19382,TID_LEAGUE_STONE5,دوري الحجر 5
72dc95559b69080f,TID_TRAP_SHRINK_SP,فخ انكماش الغيلان
762668583c1c5d13,TID_CANCEL_FRIENDLY_WAR_SENDER_HEADER,هل تود إلغاء التحدي؟
0f98cb9d501a3bc2,TID_HINT_DEFENSE,بناء الدفاعات القوية أمر مهم بنفس قدر الهجوم الشرس
2d2df8960a92b082,TID_LEAGUE_V,V
63423e7181e347e4,TID_TRANSITION_WAR_START,يوم المعركة
4437c1838a0995ba,TID_POPUP_GOBLIN_HELPER_DISCLAIMER,يمكنني المساعدة في البناء فقط إذا كانت\nلديك 5 أكواخ بنّاء.
1adb955be36e7334,TID_UNIT_STORAGE_CAPACITY,سعة القوات: <number>
8248710b3caa454d,TID_BONUSES_ASSIGNED,المكافآت الموزعة
2802aa9e13d011e1,TID_BUTTON_EDIT_PRESET,تعديل
d16b9f8b85d6d115,TID_TRAP_CAP_REACHED,لقد بنيت بالفعل الكمية القصوى من هذه الفخاخ.
d5552ed0ada65066,TID_BUTTON_CHANGE_VILLAGE,السفر
6db16c5e4a2fcf50,TID_TRAINING_SCREEN_TAB_PRESETS,تدريب سريع
bc5f43865995688d,TID_CLAN_MINIMUM_TOWN_HALL_LEVEL,مستوى قاعة المدينة المطلوب:
cceed8e811ccb06d,TID_FEATURE_CLAN_WARS_DESC,تعاون مع قبيلتك لهزيمة الخصوم وإثبات جدارتكم. استمتع بجوهر لعبة Clash of Clans.
cf61b78dc194058a,TID_6ANNIVERSARY_OFFER_MAGICITEMS_RING_AND_GOLD_ELIXIR_INFO_1999,• <res0> ذهب\n• <res1> إكسير\n• <booster1> من خواتم الجدران: تمكن من ترقية الجدران على الفور (قد تتطلب ترقية الجدران ذات المستويات الأعلى عدة خواتم).\n\n• تخزين بلا حدود!\n• يمكن شراء هذا العرض 10 مرات!\n\nاحصل على مجموعة الذكرى السنوية الآن. متوفرة لفترة محدودة فقط!
925552ab8dc90f12,TID_ALLIANCE_JOIN_CLAN,انضم إلى قبيلة أو أنشئ واحدة لتصبح أكثر قوة.\n\nيساعد الزملاء في القبيلة بعضهم ويمكنهم إرسال قوات التعزيز والتعويذات.
244e4ce4a21a1da3,TID_STARTER_WINUSINGHEALER_INFO,اربح <num> من النجوم من المعارك متعددة اللاعبين باستخدام <num2> من المعالجات.
7a3ca47a611ff5b0,TID_WL_STAT_POSITION8,المركز الثامن
01bbfb591ac66639,TID_RICOCHET_CANNON_INFO,يستخدم البنّاء حيلة واحدة غريبة لتطوير كرة مدفع مدمرة ترتد وتصيب هدفًا ثانيًا.
46e4ac75ce8109d5,TID_WL_OTHER_PLAYER_EDITING_ROSTER,يقوم عضو قبيلة آخر بتعديل قائمة المشاركين في الحرب بالفعل.
8f53b9ef5ee28c86,TID_LOCAL_NOTIFICATION_EVENT_XMAS_1,يا زعيم، احتفل بـ Clashmas مع تعزيزات مقابل جوهرة واحدة ومفاجأة بابا نويل!
5955225aaa9ed772,TID_CHARACTER_INFO_BARBARIAN,يعتمد هذا المحارب الشجاع على عضلاته المفتولة وشاربه المذهل لتخريب قرى العدو. أطلق حشدًا من البرابرة وتمتع بالفوضى!
6738cf159eec60c4,TID_VISIT_FAILED_RESTRICTED,تتعذر زيارة هذه القرية.
1b3bd0d95d1f05cc,TID_TUTORIAL_WORKER_MENU2,ستجد اقتراحاتي هنا دائمًا. لكنك أعلم باحتياجاتك. عليك الاختيار!
b88b1bb7a2ff0b39,TID_AUTO_FORGE_SLOT_NO_BUILDER,لا بنّاء
5659aaf5c3272a64,TID_BOOSTER_MAX_LEVEL_ARMY_MAXED,يتعذر تعزيز الجيش. في أقصى مستوى بالفعل!
bb8e3fd7b4f94815,TID_BATTLEPASS_TASK_INFO_DONATE_SIEGE_MACHINES,تبرع بـ <num> من آلات الحصار لأعضاء قبيلتك.
bc510a306c883299,TID_PREPARE_DURATION,الاستعداد:
f87e75ef96bae5b1,TID_BUTTON_SHARE_LAYOUT_CHAT,المشاركة عبر محادثة القبيلة
a5f48cb6fad51e1f,TID_BATTLEPASS_TASK_WIN_BATTLES_USING_LIGHTNING_INFO,استخدم تعويذات البرق لربح <num> من المعارك متعددة اللاعبين.
4676ee43ecb16fe9,TID_SELF_DONATE_TROOPS,تعزيز
30b9f4e6a764f7e2,TID_SPELL_QUEUE_IS_EMPTY,قائمة انتظار التعويذات فارغة
e88f23b5585bb7d6,TID_BP_NO_BONUS_POINTS_TEXT,احصل على نقاط تحدّ إضافية عبر شراء التذكرة الذهبية في مواسم متتالية.
8e459ce18446b47c,TID_ALLIANCE_WAR_ENEMY_CLAN,قبيلة العدو
85239e1f2eba8a66,TID_BUILDING_ARCHER_TOWER2,برج راميات السهام
87ccadc76588a07a,TID_MOVING_CANNON,عربة المدفع
24ed181f0407feff,TID_BOOSTER_FILL_GOLD_STORAGE_OFFER_INFO,<num> من تمائم الذهب: املأ مخازن الذهب الخاصة بك بالكامل.
23991534def78660,TID_BOOSTER_FILL_GOLD2_STORAGE_INFO,نظرًا لأن هذا العنصر السحري يوفر إمدادًا لا نهائي من ذهب البنّاء كما يبدو، فهو يتيح لك ملء مخازن الذهب بالكامل في قاعدة البنّاء.
72e0d7581dc71272,TID_BB_BATTLE_LOG_SHARE_BUTTON,مشاركة
3824994631763b7f,TID_NAME_CHANGE_IN_PROGRESS,لا يمكن تغيير الاسم. تغيير الاسم السابق جارٍ بالفعل.
d7fde18acfd5e2fd,TID_OFFER_SEASON_CHALLENGES_TEXT_4,بنك موسم أكبر!
80104e93cbcb1c66,TID_CHARACTER_APPRENTICE_WARDEN_INFO,ما زال تلميذ الآمر مجرد تلميذ رغم طموحاته الكبيرة، وهو يقوم بدعم القوات بهالة الحياة السحرية ونبلته العادية.
609e0152ba219cc7,TID_MULTIDEVICE_INFO_KUNLUN,للعب على العديد من الأجهزة التي تعمل بنظام التشغيل Android، قم بتنزيل Clash of Clans من متجر تطبيقات Android نفسه وسجّل الدخول باستخدام الحساب نفسه.
fc9e006e3d5298fb,TID_BB_ATTACK_GOLD_STORAGE_ALMOST_FULL_TEXT,أوشك مخزن ذهب قاعدة البنّاء على الامتلاء. هل تريد الهجوم على أي حال؟
9c49c50ef7069f80,TID_BUTTON_LOCAL_HIGHSCORE,محلي
009b5d53daf44fde,TID_ERROR_POP_UP_LOGGED_FROM_ANOTHER_DEVICE,هناك جهاز آخر يتصل بهذه القرية.
af57f48cc83970fd,TID_WAR_HISTORY_NOT_AVAILABLE_OTHER,لم تخُض هذه القبيلة أي حرب من قبل!
61284ee57c8ce56a,TID_CLAN_MIN_TROPHIES,نقاط القبيلة الدنيا:
887dfee8eeb9c3a5,TID_KUNLUN_APP_STORE_LENOVO,Lenovo
04add25f15eccafa,TID_NO_TROOPS,يجب تدريب بعض القوات أولاً.
6997ebab87b36c07,TID_DIAMOND_BUNDLE_TH12,مجموعة قاعة المدينة 12
7d010c8d891e2ff2,TID_WL_ALL_BONUSES_ALLOCATED,تم تعيين جميع المكافآت. قم بإلغاء تحديد عضو آخر.
a64099cfe5591db7,TID_BP_PERK_ACTIVATED,<num>% <perk> نشط!
2823583155648882,TID_BUILDER_HALL_3_INFO_SHORT,أزل العوائق ووسع قاعدتك باستخدام مبانٍ جديدة رائعة للغاية.
da4d6c2b2bc7ad8a,TID_CLANPERK_DESC_LOCKED_VALUE,يتم إلغاء القفل عند مستوى القبيلة <num>
3a08c727eb0a966d,TID_EDIT_MODE_COPY_BUTTON,نسخ\nالمخطط
3ec0515507a5f6dd,TID_MY_ALLIANCE_TAB,قبيلتي
0522188710b178a1,TID_NO_EVENTS_CONTENT,لم يتم ترتيب أي حدث حاليًا.\nيُرجى المراجعة لاحقًا!
56732d958b68e684,TID_BATTLE_LOG_COL_1,الخصم:
571cfcaba2ee939c,TID_DIAMOND_PACK_1,مجموعة جواهر
6ee7c4eb06bbe95f,TID_BUTTON_WATCH_EXCL,شاهدوا!
ff8d013020c69440,TID_NEWS_TH11_UPDATE_SPELLS_TITLE,خلط التعويذات
fc5ae529a7ff3d25,TID_NPC_CHALLENGE_TH9_LAVALOON_HASTE2,استخدم <cf07bf8>تعويذة تسرع</c> أخرى لتسريع <c54a0fe>بالوناتك</c>.
368bd4ffc5fd020c,TID_CLANGAMES_TASK_USETROOP_MAINVILLAGE,فز بنجمة في معركة متعددة اللاعبين باستخدام <troop>.
c1b40ebef29c5eb1,TID_FEATURES,الميزات
a74101fcdd33ec95,TID_CLANGAMES_TASK_WIN_STARS_VS_TOWNHALL_13,الـ 13 الهائلة
b31416454cffb62e,TID_NEW_PLAYER_PRIVACY_SETTINGS_ADVISORY,أضافت اللعبة إعدادات المعلومات الشخصية التي يكون إيقاف تشغيلها افتراضيًا. هل تريد السماح للعبة بتشغيلها؟\n\n✅ إظهار في لوحات الصدارة
eff60614c9109b7e,TID_HINT_RESOURCES_ARE_SAFE,لا يستطيع الأعداء سرقة الموارد الموجودة في قاعدة البنّاء الخاصة بك.
9eab1d1fae8fa0b3,TID_TENCENT_GUEST_LOGIN_WARNING_TITLE,أتريد تسجيل الدخول بصفة ضيف؟
aef47800885a1cd5,TID_OBSTACLE_SPIKE,صبار شوكي
ea372c282dcbf0ea,TID_ANNIVERSARY_KING,ملك الإيقاع
550172a589aa4856,TID_ATTACK_FAIL_ALREADY_UNDER_ATTACK,لا يمكن الهجوم! القرية تحت الهجوم الآن.
33c1e1ef5782d225,TID_OBSTACLE_BIRTHDAY2022,كعكة الذكرى السنوية العاشرة
50e1f4306b44e1f4,TID_ATTACK_IN_PROGRESS,الهجوم قيد التقدم
e92f87ac20204e6f,TID_BUTTON_VILLAGE_LOAD,تحميل
4a40feb7c595fe65,TID_CHARACTER_RIDERLESS_HOG,الخنزير الخارق
e88716bad95a44c3,TID_CLANGAMES_TASK_DESTROY_BB_CLOCKTOWER,فك أبراج الساعة
8bda14adc5f48977,TID_HOG_WIZARD_ABILITY_NAME,الراكب الناري
ff8c9527d9b3375f,TID_ROGUE_QUEEN,الملكة المتمردة
391f64bebb881867,TID_CHARACTER_INFO_HOG_GLIDER,الركّاب الحقيقيون في السماء. لديهم تجربة كبيرة في تخطي الجدران، ولكنهم ليسوا بارعين في تجنب الوقوع.
087c638269274bd0,TID_BATTLEPASS_TASK_WIN_BATTLES_USING_WALLBREAKERS,الاقتحام
cd7fc3ac356610bb,TID_CLANGAMES_TASK_BEAT_DARKELIXIRTARGET,تحدي إكسير الظلام
42ceecb3ab61edc4,TID_REENGAGEMENT_ATTACK_3,أنصحك بتدريب جيش على الفور يا زعيم!
24135564ab971b01,TID_CHALLENGE_BUTTON,تحدي
78f719eba6e73e68,TID_RAGE_TOWER_SHORT,الغضب
7cbe547f22fce28e,TID_ALLIANCE_CREATE_TH_LEVEL,مستوى قاعة المدينة الأدنى:
f5e77ebb4b44de8c,TID_MEMBERS_SORTED_BY_ROLE,حسب الدور
1ee48f9054eead0c,TID_TUTORIAL_WAR_BATTLE_1,سنهاجم في يوم المعركة! الكؤوس والدروع لا تحتسب هنا، النصر فحسب!
c59112ce6adf1a24,TID_BATTLEPASS_TASK_INFO_WIN_BATTLES_USING_STONE_SLAMMER,استخدم بالون الحجارة لربح <num> من المعارك متعددة اللاعبين.
ac1e02f827a8fdcc,TID_CAPITAL_SHOP_CONFIRM_TEXT,هل تريد شراء <num> من <item>؟
35fddf6539c0e989,TID_NPC_CHALLENGE_LOON_3,ركّز أولاً على تدمير الدفاعات التي تهاجم الوحدات الجوية!
4561aa5d191fd994,TID_GROWTH_AURA_MAX,أقصى زيادة لنقاط الإصابة: <number>
9be330f8c8a079c0,TID_START_WAR_FAILED_WAR_REQUEST_NO_LONGER_EXISTS,لا يمكن شن حرب، فالطلب لم يعد متوفرًا
e99339d0979c0fad,TID_TENCENT_DOLPHIN_ERROR,更新错误<error>
8e12f2efec3ce388,TID_BOOSTER_ERROR_BOOST,لا يمكن استخدام <booster>! لا يوجد شيء للتعزيز.
8eec579e1ac66751,TID_NOT_ENOUGH_SPACE_IN_TREASURY,لا توجد مساحة كافية في قاعة مدينتك لاحتواء <booster>.
3795c9d2cef04f89,TID_BARBARIAN_KING_INFO_SHORT,أكبر وأقوى وأشرس بربري على الإطلاق.
1e6d531f77bb0656,TID_TENCENT_LOGIN_AGREEMENTS,قرأت <TOS> و<PP> و<CHILDREN> و<THIRDPARTY> بعناية وأوافق عليها.
591a68bb0bb40d95,TID_HALLOWEEN_2016_INFO,
3966410ed966f200,TID_NO_CLAN,لا توجد قبيلة
ebf75a0628da6886,TID_TUTORIAL_ARTO_COMPLETE_4,سأرسله لمساعدة قريتك الآن.
d35c54b97aa41ed0,TID_AIR_DEFENSE_INFO,هذا البرج المضاد للأجسام الطائرة مميت بالنسبة لهم، لكن لا يمكنه استهداف الأعداء على الأرض. اختر مكانه بإحكام لتغطية أكبر مساحة جوية ممكنة.
2833eaaed2d3f644,TID_ACHIEVEMENT_VS_BATTLE_TROPHIES_COMPLETED,عدد كؤوس البنّاء: <value>
e7344c8fdc406b4a,TID_MASTER_BUILDER_BUSY,البنّاء الخبير مشغول!
6259bd2bdd204c60,TID_DIAMOND_BUNDLE_BOMB_TOWER,حزمة برج القنابل
9301f9a946ee2f49,TID_CAPITAL_LEAGUE_TITLE,دوريات العواصم
f35e58cc45f96f02,TID_TUTORIAL_RUINS_3,يمكنك معرفة ما ستحصل عليه والمقدار اللازم من ذهب العاصمة هنا.
f6fdedd9a87ca3a1,TID_CAPITAL_UNIT_HOME,لفتح وترقية <name>
ce54d567e5f350a1,TID_NPC_CHALLENGE_TH9_BABYDQW_JUMP,استخدم <c85ff3b>تعويذة القفز</c> حتى يتمكن <c9916c8>الملك البربري</c> من المشاركة في القتال!
060a48970b319a60,TID_BATTLEPASS_TASK_GET_BB_LOOT,مهاجم النجوم
fbc245eda81252be,TID_CLANGAMES_TASK_DESTROY_LABORATORIES,ضرب المختبر
9cba6afa5c1ac48b,TID_BATTLEPASS_TASK_WIN_BATTLES_USING_SKELETON_INFO,استخدم تعويذات الهياكل العظمية لربح <num> من المعارك متعددة اللاعبين.
9addb2d60c30c4a8,TID_CLAN_CASTLE_LEVEL_TOO_LOW,مستوى قلعة قبيلة المتلقي غير كافٍ.
933555013c51b9d6,TID_ARTO_TASK_CANNON_CART_FLUFF,قد يصعب التحكم في العجلات. تحسين عربة المدفع طريقة رائعة لضمان انتظام محاورها.
e9aed26ceb08cf5e,TID_HOLIDAY_PACK,باقة العطلات
eb0d3f4bebaa5539,TID_BATTLEPASS_TASK_INFO_WIN_BATTLES_USING_BABYDRAGONS,استخدم التنانين الصغيرة لربح <num> من المعارك متعددة اللاعبين.
112179c284ef450e,TID_DISTRICT_CHALLENGE_DEFAULT_INPUT,هل يمكنك الإيقاع بهذه المنطقة؟
8ed4d56850108bd5,TID_HINT_ARTILLERY3,تتميز مدفعية النسر بوجود منطقة كبيرة محصنة ضد النيران حولها. احرص على وضع أكثر المباني أهمية فيها!
6d0412fde0b1bdd6,TID_BUILDING_TELESCOPE,معمل النجوم
6ff73c205ec392f8,TID_EVENT_BOOSTS,تعزيزات الحدث
d0abbea53c8b8216,TID_POINTS_BB,قاعدة البنّاء
e40beb6b43c0b9b8,TID_POPUP_CONFLICTING_ACCOUNT_TITLE,حساب مُغاير
e690c19a7e8448af,TID_LEAGUE_RUBY1,دوري الياقوت 1
82479539779915f6,TID_NPC_CHALLENGE_TH11_LAVALOON_INFO_QUEEN,تحتاج كذلك إلى خطة للقضاء على <cf70d16>ملكة العدو</c>.
d534f20074840932,TID_REGION_CUSTOM1,
1341c23d17107184,TID_ALLIANCE_DONATE_HEADER_TROOPS,التبرع بالقوات:
b492ed6722cc3b8c,TID_SPELL_OVERGROWTH_INFO,
81383a6319a8082f,TID_NPC54,معقل الهياكل العظمية
07f3827e49df4fc7,TID_ANTIADDICTION_NO_REAL_NAME_VERIFIED_3,نظرًا لأنك لم تتمم عملية التحقق من الهوية، فأنت مقيد بنظام الحماية من الإدمان.بلغت الحد الأقصى للعب المسموح به يوميًا، وهو ساعة ونصف. زر موقعنا الإلكتروني الرسمي لإتمام التحقق من الهوية. يمكنك محاولة تسجيل الدخول لاحقًا بعد إتمام عملية التحقق من الهوية.
1b642724c0abc518,TID_ATTACKER_GOT,حصل المهاجم على:
cd739e36fe6a4a64,TID_DEFENCE_LOG,سجل الدفاع
416d5f16b12ca96b,TID_ADVANCED_TRAP,لغم
3d1c514c1def89c3,TID_LINK_NEW_DEVICE_TEXT2,للبدء انقر على الرقم واحد:
ba3def21d0604654,TID_CHARACTER_INFO_EL_PRIMO,يبدو أن هذا المقاتل المقنّع الغامض ظهر من العدم، وسدد اللكمات التي حطمت الجدران بسهولة! لا أحد يعرف هويته الحقيقية. ولا نعرف سوى أنه رجل قوي ويقاتل لصالح قبيلتك.
651499c050d8f774,TID_DIAMOND_BUNDLE_GOLD_INFO,• <gems> من الجواهر\n• <res0> من الذهب\n\nبدون حدود على التخزين!\n\nلا تفوّت هذا العرض الذي يعطي <cffec78><value> أضعاف القيمة</c> ويأتي مرة واحدة!
666e80024879a072,TID_POPUP_SPEED_UP_CONSTRUCTION,هل تريد إنهاء إنشاء <item>؟
245c05d07e54d232,TID_PRIORITIZE_UPGRADE_INTERNAL_ERROR,خطأ في منح الأولوية لترقية
590aab4660cf93a9,TID_SCENERY_CRYSTAL_CAVERNS,منظر كهوف الكريستال
9fc7648405bd93bf,TID_ELIXIR_SHOP_PACK,<number> إكسير
4ae29151fc128218,TID_SPOOKY2022_SCENERY,المنظر المخيف
fd9321a70608a71c,TID_TIME_MINS,د
0a962afb53668a2e,TID_CAPBUILD_BARRACKS_MEGAPEKKA,ثكنات بيكا القوي
12f5749a4ccdab4b,TID_ATTACK_FAIL_TARGET_ONLINE,لا يمكن الهجوم! مالك القرية متصل.
4378d92e29eca27d,TID_PET_ABILITY_INFO_SPIRIT_FOX,يجعل نفسه وبطله مختفيين.
18085c897b307aff,TID_RESOURCE_STORAGE_FULL,مخزن <res> ممتلئ لديك بالفعل.
fd58cae5c50d7e72,TID_CLANGAMES_TASK_DESTROY_BB_GOLDSTORAGE,تخريب مخزن الذهب
9f4f858a2205a890,TID_PROMOTE_TO_LEADER_CONFIRMATION,اجعل <name> قائد القبيلة الجديد؟
6fe8645a7d3b2175,TID_JOIN_NOW_BUTTON,انضم الآن
ab0ea8d6fb48dccf,TID_CHARACTER_INFO_SNEAKY_ARCHER_SHORT,ما الأفضل من قنص الدفاعات؟ أن تكون مخفيًا أثناء ذلك.
55b73664d5e8677e,TID_DEMOTE_POPUP_TITLE,كلا! تم تخفيض رتبتك!
8662948fbea88162,TID_BOOSTER_FILL_GOLD2_STORAGE,تميمة ذهب البنّاء
d5d160aca1c68fd0,TID_DETAILS_TEXT_TH12_INFERNO_PACK,مجموعة حصرية لقاعة المدينة 12 لفترة محدودة فقط!
76c36ebaf662fc1d,TID_CLANGAMES_TASK_INFO_LOOT_GOLD,اغنم إجمالي <num> من الذهب في معارك متعددة اللاعبين.
3a11e2425261f418,TID_CLANGAMES_TASK_DESTROY_CHAMPION_ALTARS,تدمير هياكل البطلة الملكية
f02fa5807f68185d,TID_CHARACTER_INFO_GOLEM_SEC,كائنات الغولم الصغيرة هي مثل غولم صغير تم تشييده داخل مخلوق عملاق. عند تدمير غولم، فإن كائنات الغولم الصغيرة تنبثق إلى الحياة وتستمر في القتال!
5c9da1d98531210e,TID_TENCENT_EXIT,退出
8b7d0994b4401190,TID_ACCOUNT_SWITCHING_NOT_SUPPORTED,تم تسجيل دخولك إلى حساب GameCenter ينتمي إلى زعيم قرية <name>.\n\nهذه القرية جاهزة للعب، لكن التحويل إلى هذا الحساب غير مدعوم على أنظمة التشغيل أقل من iOS الإصدار 7. للتحويل إلى هذا الحساب، من فضلك قم بتحديث إصدار iOS الخاص بك.\n\nالمزيد من المعلومات عن تحديثات iOS على:\nhttp://support.apple.com/kb/HT4623
607a4b082e748913,TID_TUTORIAL_WAR_LEAGUE_9,لننظر إلى الصورة العامة. المس الزر أدناه.
4bb71ee8cc43fd51,TID_NPC_CHALLENGE_TH11_LAVALOON_HASTE1,البالونات بطيئة. استخدم <cf07bf8>تعويذات التسرع</c> لزيادة سرعتها! حاول أن تستخدم عدة أصابع.
5ed50114f51bf5a9,TID_SUMMER_KING,ملك الصيف
035bfc0b9999cbed,TID_ACHIEVEMENT_DRAGON_SLAYER_TITLE,قاهر التنين
766eceb6abd58864,TID_OBSTACLE_XMASTREE,شجرة Clashmas
ae9c13e588985e0c,TID_CLANGAMES_TASK_INFO_USE_SNEAKYARCHERS,اربح <num> من النجوم من معارك البنّاء باستخدام <num2> من راميات السهام الماكرات.
a4081beaf26e5531,TID_LEAGUE_STEEL3,الدوري الفولاذي 3
30fc0e9315163fd4,TID_NPC_CHALLENGE_TH8_GOWIVA_ARCHER,انشر <c54a0fe>رامية سهام</c> لاستقطاب <cf70d16>القوات المدافعة</c> بعيدًا عن الوسط.
6812449cfd793dbd,TID_BP_SEASON_BANK_INCREASE,يزداد حجم بنك الموسم ليبلغ\nالذهب: <gold>\nالإكسير: <elixir>\nإكسير الظلام: <de>
6edf53ecec63f07b,TID_CLANGAMES_TASK_DESTROY_MORTARS,تدمير مدافع الهاون
78362acac99a6e29,TID_BUTTON_WATCH,مشاهدة
8efed990d3677389,TID_TENCENT_CREATE_NEW_ACCOUNT_CONFIRM,مستوى تقدمك الحالي مرتبط بحساب آخر. هل أنت متأكد من رغبتك في تسجيل الدخول وإنشاء لعبة جديدة باستخدام حساب QQ/WeChat هذا؟
99e0203a1d32ca3a,TID_TUTORIAL_CHANGE_NAME,كانت هذه معركة قوية! كيف ستكون معروفًا في تاريخنا؟
61686d086f82efe2,TID_PARTY_WIZARD,ساحر الحفلات
7f13b046e2b91343,TID_LAVA_LAUNCHER_INFO,تقذف الصخور المنصهرة لمسافات بعيدة وتشعل النيران في الأراضي فتشتعل كذلك في قوات العدو الأرضية.
2f247b83d5b020cf,TID_NEXT_RAID,الغارة التالية
e77da2b782d13e6f,TID_BATTLE_PASS_UNCLAIMED_REWARDS,لم يُطالب بها
f155e7bd502f5c91,TID_LINK_CODE_WARNING_TEXT,تحذير: لا تعط هذا الرمز لأي شخصٍ آخر أبدًا! لأنه للاستخدام الشخصي فقط. لاحظ أن هذا الربط سيكون دائمًا.
e78326407ec90ca6,TID_CHARACTER_INFO_SIEGE_MACHINE_TROOP_CATAPULT,
5dee473cc1865550,TID_CLANGAMES_TASK_INFO_WIN_STARS_VS_TOWNHALL_13,اربح <num> من النجوم ضد خصوم ذوي قاعة مدينة من المستوى 13 في المعارك متعددة اللاعبين.
de000ded1477d8d1,TID_LIVE_ESPORTS,مباشر
94a0f9046a4ffd99,TID_PRESET_SAVE_OK,تم حفظ الجيش!
321c7dd07459933c,TID_CAPITAL_VISIT_OWN_CAPITAL_FAILED,فشل دخول عاصمة القبيلة
bc4e8b0104e88d94,TID_SHOP_GUARD_2H,حراسة لساعتين
0fb19c8cbb900a93,TID_TUTORIAL_LOOK_LABORATORY_DO,يجب أن ترى القوات من البنّاء الأفضل بالطبع!
9f2d2ac90b2ea70e,TID_BUILDING_SPELL_FORGE,مصنع السحر
40f24a808cfabd57,TID_EVENT_TITLE_HAMMERJAM_PACK,مجموعة ترقية
ccc3e0d63b4c9455,TID_LEAGUES_GET_MORE_TROPHIES,اجمع <number> من الكؤوس للانضمام إلى دوري
2c5e4d10ecd183e3,TID_AURA_HITPOINTS_INCREASE,زيادة صحة الهالة: <number>%
db1829ab63b4055f,TID_CLANGAMES_TASK_GET_KILLS_VS_BATTLEMACHINE,مطاردة الآلات
d1503d3a5d464b81,TID_MEGA_TESLA_INFO,ماذا يحدث عندما تصبح تيسلا عملاقة الحجم؟ تلحق صدمتها القوية ضررًا كبيرًا حتى بأعتى الوحدات.
cdc713c20609600a,TID_ERROR_POP_UP_PURCHASE_FAILED_TITLE,فشلت عملية الشراء
a7007625f20ddf78,TID_ALLIANCE_GAMES_COMPLETED_TASK,انتهى
c0a5e06b370558cc,TID_LEAGUE_CRYSTAL,كريستالي
1d7043d0e410585f,TID_ALLIANCE_WAR_LAST_MOMENT_EVENT,آخر لحظة!
698ada7df9b65895,TID_CHINESE_APP_STORE_CONFLICT_MESSAGE,此微信/QQ帐号已经关联了从其他安卓应用商店下载的相同游戏，不能再次关联。如果您希望使用该微信/QQ帐号重新开始游戏，请从游戏内联系Supercell玩家支持团队。
305e0379f226ffc8,TID_CLANGAMES_TASK_GET_LEVELKILLS_VS_ALLHEROES,قناص مستوى البطل
578b476a68cac43e,TID_BARBARIAN_KING,الملك البربري
a1cb6ff067cbd6db,TID_WITCH2_ABILITY_HELP,ينشر مجموعة من <num> من الخفافيش الغاضبة تحديدًا عند تفعيله.
4674e8d92605ddeb,TID_HERO_RECHARGE_TIME,مدة إعادة الانطلاق: <number> ثوانٍ
29218577241de9e1,TID_NPC82,اللهيب البارد
1113c83b904853ef,TID_6ANNIVERSARY_OFFER_MAGICITEMS_RING_AND_ALLRUNES_INFO_4999,• <booster1> من خواتم الجدران: تمكن من ترقية الجدران على الفور (قد تتطلب ترقية الجدران ذات المستويات الأعلى عدة خواتم).\n• <booster2> من تمائم الإكسير: املأ مخازن الإكسير لديك بالكامل على الفور.\n• <booster3> من تمائم الذهب: املأ مخازن الذهب لديك بالكامل.\n• <booster4> من تمائم إكسير الظلام: املأ مخازن إكسير الظلام لديك بالكامل.\n\n• تخزين بلا حدود!\n• يمكن شراء هذا العرض 4 مرات!\n\nاحصل على مجموعة الذكرى السنوية الآن. متوفرة لفترة محدودة فقط!
96dba23bc1fdf836,TID_MOUNTAIN_GOLEM_INFO,قد يتحرك هذا الجبل الوحشي ببطء كالسلحفاة، لكن لا تستهن بقفازاته المعدنية. يهزم جبل غولم أعداءه بقوة الـ... حسنًا...الجبال. بمعنى الكلمة.
6ce739a421c33d2e,TID_LEAGUE_WOOD5,دوري الخشب 5
10060aa78316c09c,TID_OBSTACLE_HALLOWEEN2017,عوائق الهالوين
1cfabfdac68eff0c,TID_CONFIRM_SUPER_TROOP_CANCEL_AND_REMOVE_TROOPS_TEXT,هل ترغب بالتأكيد في وقف تعزيز القوة الخارقة الآن؟ ستجري إزالة أي وحدات معززة من جيشك، ولن تسترجع قيمة وقت التعزيز المتبقي.
a0aa3c7d61a7c4cb,TID_BUTTON_ENABLE_TUTORIAL,تشغيل العرض التوضيحي
a1b2aae2a168f73b,TID_TAB_VIEW_VILLAGE2,قاعدة البنّاء
1fb3edeacfcc3b99,TID_TUTORIAL_CLANCASTLE_2,المس قلعة القبيلة وأعد بناءها!
d56a8613daada2e4,TID_WARTOOLS_EMPTY_NOTES,انقر لإضافة ملاحظاتك
823c1b3d5f7bf3a7,TID_REGION_INT,دولي
1552a208b40d0175,TID_DIAMOND_BUNDLE_TH10,حزمة قاعة المدينة 10
70c94b75eed54d08,TID_UPGRADE_INFO_SPAWNED_UNITS,<old> عدد الوحدات الناتجة (+<num>)
cada9dfeff93fdf6,TID_LEGENDS_DEFENCE_CC_TEXT,حدّد قوات قلعة القبيلة للدفاع عن قريتك في يوم الدوري التالي.
fc2ba6bcf37679d1,TID_ERROR_POP_UP_BANNED_BUTTON_CONTACT_PS,الاتصال بالدعم
75262d9d5651bec3,TID_HINT_WELCOME,ذات مرة في منطقة مفتوحة في غابة سحرية...
ba74a86649fd549d,TID_LEGEND_LEAGUE_INFO_TAB2_HEADER,الدروع
c91dbfffac33427c,TID_ARTO_TASK_MEGA_TESLA_FLUFF,التوفر على طاقة كافية أمر حيوي في أي مشروع، وقد تساعدك تيسلا العملاقة المبنية بالكامل على الحصول عل الكثير منها!
56b6bb2b730c9862,TID_ALLIANCE_WAR_STAT_NUM_1STARS,نجمة واحدة
624cce962bd153a1,TID_INFO_TAGS,أضف فئات وصفية لقبيلتك، فهي تساعد اللاعبين الملائمين لقبيلتك على العثور عليها.
31a10684a67617e2,TID_BOOSTER_USE_BUTTON,استخدام
dfbed8dbd5d1def9,TID_BP_PERK_SAVINGS_MULTIPLIER_BB,مضاعف بنك البنّاء
b5975aa9573c67c2,TID_NPC_CHALLENGE_TH11_LAVALOON_BALLOONS1,انشر معظم <c54a0fe>البالونات</c>.
5ffe22b41ff96240,TID_DECORATION_HOG_FLAG,علم الخنازير
192e3ffb99e9926f,TID_NPC44,بالوعة المطبخ
5df6f14e3b0640fe,TID_DECO_CLOWN,المهرج \qالودود\q
39a833ee2a52031f,TID_TUTORIAL_ELIXIR_CART_1,تعرضنا لهجوم من بنّاء آخر. لنرَ كيف صمدت دفاعاتنا!
6d6cdafc13f5bdde,TID_LOCAL_NOTIFICATION_EVENT_XMAS_MAGICITEM,أيها الزعيم، أول عرض عطلة لعناصر السحر أصبح متوفرًا الآن!
ba5359602db90ace,TID_TUTORIAL_WAR_LEAGUE_2,هنا يمكننا أن نظهر أخيرًا أننا ضمن أعظم القبائل!
12ad627c0adef3c6,TID_REENGAGEMENT_BUILDER_2,للموافقة، ضع توقعيك هنا من فضلك... وهنا... وهنا...
8823317a31a06a88,TID_SUPER_TROOP_OVERVIEW,<troop>
e17678556a287bcc,TID_GOLD_SHOP_PACK,<number> ذهب
570cc60e2a5f0410,TID_LINK_SAME_PLATFORM_KUNLUN,للعب على العديد من الأجهزة التي تعمل بنظام التشغيل Android، قم بتنزيل Clash of Clans من متجر تطبيقات Android نفسه وسجّل الدخول باستخدام الحساب نفسه. ستتم مزامنة تقدمك تلقائيًا.
6792cb591307a6cb,TID_ALLIANCE_REQUEST_SENT,تم إرسال الطلب!
fc9cc14c11069b89,TID_LINK_CODE_GENERATE_CODE_TEXT,استخدم رمز الربط في الأسفل لتحويل قريتك إلى متجر Android App آخر. قم بمشاهدة العرض التوضيحي للوصول إلى دليل مفصّل!
1995ed7d2a235a5b,TID_ARMY_OVERVIEW_HINT_CLAN_CASTLE,انضم إلى قبيلة للحصول على قوات قلعة القبيلة، والتعويذات، وآلات الحصار
f5152d603a145901,TID_BATTLEPASS_TASK_WIN_BATTLES_USING_SKELETON,فرقة الهياكل العظمية
21f448d91f48c6fb,TID_CAPITAL_RAID_DISTRICT_STILL_LOCKED,لا يمكنك الهجوم على هذه المنطقة بعد
1c98b01786802241,TID_GOLD_PASS_SCENERY_DETAILS,المنظر الحصري لهذا الموسم هو <scenery>!
48c7b82e75cdbaed,TID_LEAGUE_COPPER4,دوري النحاس 4
55dabcf3d9865c96,TID_V2_START_DUEL_GENERIC_ERROR,فشل البحث عن مطابقة!
295c9155f4ef52bf,TID_BB_LEAGUE_DETAILS_TITLE,جوائز <name>
50f70ebc3f89ca6f,TID_FRIEND_FILTER_INGAME,الأصدقاء
4f3ec60a463c9bcb,TID_HERO_ABILITY_WARDEN_DESC,يطلق الآمر قوة المجلد السحري الكاملة، ويمنح نفسه وكل الوحدات الصديقة القريبة منه حصانة كاملة ضد الضرر لفترة قصيرة من الوقت!
adea708c3ca8dfc4,TID_NPC_CHAMPION_HEALTH_LOW,نقاط إصابة <c9916c8>البطلة الملكية</c> في تناقص. قم بتفعيل قدرتها!
1a190e0aa3a6869f,TID_DIAMOND_BUNDLE_BH8_ALT,حزمة البنّاء المعلم الأكبر
ab4ffcae048bd59b,TID_OBSTACLE_HALLOWEEN2015,مرجل الهالوين
4fb38768af42f908,TID_CLANGAMES_TASK_WIN_STARS_USING_HEAL_INFO,اربح <num> من المعارك متعددة اللاعبين باستخدام <num2> من تعاويذ الشفاء.
803d6e87a3be8d73,TID_TRAP_SHRINK,فخ التصغير
5bcae2d0131988a0,TID_WL_SEASON_NAME_SHORT,موسم <month>
36ba9a52ed183a73,TID_CHARACTER_INFO_DARK_WITCH_SHORT,لن تكون بمفردك أبدًا عندما تكون الخفافيش بجانبك.
6f679c4219b691a6,TID_RAID_WEEKEND_RESULTS,نتائج غارة نهاية الأسبوع!
fffd3a96e3ab9300,TID_CLANGAMES_TASK_INFO_DESTROY_DARKELIXIRPUMPS,دمر <num> من <building> في معارك متعددة اللاعبين.
c4153759c3ed8c7b,TID_COMPLETION_BONUS_INFO2,تم جمع كل الجوائز!
8304ece9a7e3e562,TID_TOWN_HALL_5_INFO_SHORT,حان الوقت لقليل من السحر!
2366d1e710ff586b,TID_TAB_SETTINGS,الإعدادات
a771e65288822f56,TID_WALL_INFO,تعد الجدران مثالية للحفاظ على أمان قريتك وأعداؤك على خط المواجهة.
1c79bc478a4df383,TID_TRAINING_SCREEN_DARK_ELIXIR,إكسير الظلام:
a45f70178185e56a,TID_EVENT_TEXT_XMAS_MAGICITEM,عرض عناصر السحر
603d6ee68bff0310,TID_BUNDLE_TOWN_HALL,حزمة البادئ لقاعة المدينة
81849f1c0716ecdb,TID_FEATURE_CLAN_CAPITAL,عاصمة القبيلة
e2c944d39f3cb797,TID_SCID_GIFT_RECEIVED_BODY,يريد إرسال تذكرة ذهبية إليك.
1c945bb4c4c956dc,TID_CLANGAMES_TASK_INFO_GET_LEVELKILLS_VS_GRANDWARDEN,اكتسب <num> من المستويات بالقضاء على الآمر الكبير في المعارك متعددة اللاعبين.
2421cce0b9af8956,TID_CAN_COPY_ONLY_TH_CLOSER_TO_YOUR_OWN,لا يمكن نسخ مخطط قاعة مدينة أعلى أو أقل بأكثر من مستوى واحد عن مستواك.
2588e89a461c1cd8,TID_RAID_ATTACK_CONFIRM_INFO,احرص على أن تكون جاهزًا قبل بدء شن الغارة!
13a3da289452fde7,TID_NPC_CHALLENGE_TH7_DRAGON_LIGHTNING,دمر أحد <cf70d16>الدفاعات الجوية</c> باستخدام <c38eaff>تعويذات البرق</c>.
9d4da126a74770dc,TID_CLANGAMES_TASK_WIN_STARS_USING_FREEZE_INFO,اربح <num> من المعارك متعددة اللاعبين باستخدام <num2> من تعاويذ التجميد.
9c5f5bb6b62e1b4e,TID_STAGE_LIMIT_EDIT_MODE,<cur>/<max> <name>
405bdafdce119ee3,TID_RAID_SIGNUP_ERROR_NO_PERMISSION,ليس لديك إذن للتسجيل
c6f29e1553fd6365,TID_ERROR_POP_UP_PURCHASE_FAILED_BUTTON,حسنًا
739965a7d68e9647,TID_BEST_ATTACK,أفضل هجوم:
a7edf7285b0032f6,TID_YOUR_RESULT,هجومك:
4ab65ea6bf5b9ede,TID_AVATAR_MESSAGE_BUTTON_CLAIM,المطالبة
9aa5411e24abdb8f,TID_BATTLEPASS_TASK_DESTROY_ARMYCAMPS,مدمر المعسكرات
8c585247019f1177,TID_RUINS_ARMY_CAMP,أنقاض معسكر الجيش
900f0bd2c2b12407,TID_TRAIN_TROOPS_HINT,درّب جيشًا قبل الهجوم!
02fcd8d75efbecf9,TID_ALLIANCE_TYPE_OPEN,يمكن لأي أحد الانضمام
d1ba2c8e6fc6b0c0,TID_ACHIEVEMENT_DESTROY_SPELL_TOWER_TITLE,التعويذة المضادة
c97042c6fefa75fb,TID_TRAP_AIR2_INFO,نصوص معلومات الفخ الجوي
27cc67c3cabab51e,TID_BP_REWARDS_LIST_TITLE,لائحة المكافآت
bcc53d0f291961d3,TID_DIAMOND_BUNDLE_BUILDER,حزمة البنّاء
cd1a9ba80ed1e344,TID_CLAN_GAMES_STARTED_NOTIFICATION,مباريات القبيلة قد بدأت!
b6ad23eab5070056,TID_WL_INFO_SIGNUP_TAB0_HEADER,نظرة عامة
ace62693531ab8d2,TID_DEVICE_LINK_ERROR_TOO_MANY_DEVICES,يوجد عدد كبير من الأجهزة المرتبطة
96cc06f6b59cc5a0,TID_ACHIEVEMENT_NPC_STARS3_TITLE,احصل على المزيد من الغيلان!
c212160682a4c3a8,TID_NPC_CHALLENGE_TH7_MINION_RAGE1,استخدم <cf07bf8>تعويذة الغضب</c> لزيادة سرعة <c54a0fe>البالونات</c> وفعاليتها.
88ced0a5f7aca14d,TID_POPUP_SPEED_UP_BOOSTER_CONSTRUCTION_SLOWDOWN,يؤدي بناء <item> إلى إبطاء تدريب الجيش. هل تريد الإنهاء الآن باستخدام <booster>؟
38e2a4ce34ab47b3,TID_WECHAT_NOT_INSTALLED,لم تقم بتثبيت WeChat بعد
ae50d1a466bd254a,TID_CLANGAMES_TASK_USE_SUPER_WALL_BREAKERS,تحطيم الجدران المهول
1f93fd3183840b85,TID_NPC_CHALLENGE_TH11_EDRAG_EDRAGS,انشر <c54a0fe>التنانين الكهربية</c> المتبقية في صف واحد.
dad133fb8ca3f5e2,TID_DEVICE_LINK_ERROR_INVALID_LINK_CODE,رمز ربط غير صالح
b3405c02ba682f71,TID_MAINTENANCE_ESTIMATED_TWO_HOURS,من فضلك حاول ثانيةً خلال ساعتين.
3e8e6f56c036961a,TID_CHALLENGE_INFO_2013,وصل الأبطال وقوات إكسير الظلام الأولى وقاعة المدينة 10!
eae42fafe04b40fc,TID_BATTLEPASS_TASK_INFO_START_ANY_UPGRADE,ابدأ <num> من ترقيات أي مبانٍ في أي من القريتين.
0b3498156a74f395,TID_BATTLEPASS_TASK_INFO_USE_BETAMINIONS,استخدم كائنات المينيون المشعة لربح <num> من النجوم من معارك البنّاء.
07739d56c8d0dc05,TID_TUTORIAL_GOLD_STORAGE_1,نحتاج أيضًا إلى مكان آمن لتخزين احتياطي الذهب.
5bb523d2fd4c5c48,TID_EVENT_PASS_PURCHASE_TITLE,احصل على تذكرة الحدث!
4c2bf0d99c8924f2,TID_ALLIANCE_WAR_COOLDOWN,تم وقف قبيلتك من حروب القبائل لمدة <time>
7214943ea8d25845,TID_COSMETICS_CUSTOM_MODEL,نموذج مخصص
cd699edfcad733a2,TID_CLANGAMES_TASK_INFO_DESTROY_MV_BUILDINGS,دمر <num> من المباني في معارك متعددة اللاعبين.
74ffbe8c5ac3d318,TID_MORE_YOUTUBE,تابع قناة Clash of Clans على YouTube!
6f55641e928435d6,TID_TENCENT_DOLPHIN_DOWNLOADING_73,更新下载全量文件
aeeab6d7da0765ec,TID_ARCHER_QUEEN,الملكة رامية السهام
6b07d97d9788d192,TID_BATTLEPASS_TASK_INFO_WIN_BATTLES_USING_RAGEDBARBARIANS,اربح نجمة في <num> من معارك البنّاء باستخدام <num2> من البرابرة الغاضبين.
ef61a6e8fad8bb1b,TID_CAPBUILD_BARRACKS_MEGAAIR,ساحة الحصن الطائر
7e09818083b9a352,TID_FRIENDLY_WAR_CHOOSE_LAYOUT,اختر المخطط
d79ffec33b38e60a,TID_GOLEM,غولم
61b96b4b8062acdd,TID_ALLIANCE_MAIL_NOTIFICATION,لديك رسالة جديدة من القبيلة!
aa37e239bdcbd7f1,TID_EVENT_TITLE_CLANWAR_SHORT,محارب عطلة نهاية الأسبوع
8d0ed150f7d39efe,TID_BUILDING_ALLIANCE_CASTLE,قلعة القبيلة
8fbda6d632ca504b,TID_PET_PHOENIX_ABILITY_INFO,تفقس لمنح بطلها لحظات أخيرة من الحصانة قبل أن يُقضى عليه.
77637d93c2e4c8b6,TID_CLANGAMES_TASK_INFO_DESTROY_BB_GOLDSTORAGE,دمر <num> من <building> في معارك البنّاء.
04ae1c07cb7b7bdb,TID_WITCH_GOLEM_ABILITY_NAME,جيش المقابر
9c25dcd1574e8dcf,TID_CLAN_WAR_LEAGUE_JOIN_BUTTON,الانضمام إلى الدوري
361f314a1ba12940,TID_PLACEMENT_HINT_TUTORIAL2,يمكنك نشر قوات متعددة بالضغط المستمر بإصبعك
f08cdb7b1a7c6d78,TID_BP_REWARD_LOCKED_NOT_ENOUGH_POINTS,يلزم <num> من النقاط الإضافية لفتح هذه المكافأة.
fd6506f1ff5f0433,TID_CLANGAMES_TASK_INFO_WIN_BATTLES_USING_YETI,اربح <num> من المعارك متعددة اللاعبين باستخدام <num2> من الييتي.
8170f652c6254140,TID_WL_COLUMN_WINS,الانتصارات
bf8dcf3f26c7c0b9,TID_CLAN_GAMES_SINGLE_LINE,مباريات القبيلة
8bdc5b2a9a71829f,TID_DIAMOND_BUNDLE_BUILDER_BASE_PACK,مجموعة قاعدة البنّاء
f586e71a128c4614,TID_INFO_HEAL_TYPE,نوع الشفاء:
5afd8a697fb30035,TID_TUTORIAL_WORKER_1,رائع، أحسنت! يجب أن نجهز هذه القرية للحرب!
09a1cfec3db59a5c,TID_CLAN_WAR_FREQ_LESS_THAN_ONCE_WEEKLY,نادرًا
f100b565f30d02fd,TID_KUNLUN_APP_STORE_ANZHI,Anzhi
0f4cd7d34ef906ed,TID_BP_BANK_MULTIPLIER,المضاعف:
1a98ce87fe0e8976,TID_BUILDING_HOUSING,معسكر الجيش
ab5e5c0f9338afc6,TID_CAPBUILD_SPELLLAB_FREEZE,مصنع تعويذة الصقيع
deb84b783ce06071,TID_BP_REWARD_CATEGORY_SCENERIES,المناظر
a49fcb8819df0c84,TID_BATTLEPASS_TASK_DEPLOY_SPELLS,لحظات ساحرة
7ce7ec151a2c385f,TID_NPC_CHALLENGE_TH12_YETI_GRAND_WARDEN,ابدأ بمشية <c9916c8>الآمر الكبير</c>. استخدم الوضع الأرضي.
9bd4aa4328ed2533,TID_REENGAGEMENT_DAILYCALENDAR_1,ولكن قبل ذلك، هناك أمر آخر..
e7c9bd18cff06542,TID_ALLIANCE_CREATE_NAME,اسم القبيلة:
a287ff1ca339e1d3,TID_CLANGAMES_TASK_INFO_USE_GOBLINS,اربح <num> من النجوم من المعارك متعددة اللاعبين باستخدام <num2> من الغيلان.
2707cb6952a0bf0f,TID_EVENT_TITLE_END_OF_SUMMER_OFFER_TH0206,مجموعة الطريق إلى النصر
695be19f125d3aa1,TID_NAME_TOO_SHORT,الاسم قصير جدًا!
d8465f8ddacd664d,TID_WARNING_INVALID_LAYOUT_CODE,رابط المخطط هذا غير صالح.
20fb19e7126fa53a,TID_CONTINUE,المتابعة
0797cc1f50d718cc,TID_CLANGAMES_TASK_INFO_DESTROY_GOLDMINES,دمر <num> من <building> في معارك متعددة اللاعبين.
05689c08b12d4510,TID_CHARACTER_RIDERLESS_HOG_INFO,عندما ينفصل الخنزير عن راكبه، يقفز فوق الجدران ويهاجم الدفاعات. إذن ما فائدة الراكب من الأساس؟
c02c4278038c82f3,TID_SHOP_GIFTS_ALLIANCE_GIFTS,+ هدايا القبيلة
9801d99fba83c1fb,TID_BOOSTER_FINISH_TROOP_UPGRADE,كتاب القتال
3f04b08b0cafe2a3,TID_ENDOFSUMMER_OFFER_INFO_TH0712_1999,• <res0> إكسير الظلام\n• <booster1>x من كتب الأبطال: أكمل أي ترقية جارية للأبطال فورًا.\n• <res1> ذهب\n• <res2> إكسير\n\n• تخزين بلا حدود!\n• يمكن شراء هذا العرض 5 مرات!\n\nالآن لفترة محدودة فقط!
2ce2a2472348e3e2,TID_DEVICE_LINK_ERROR_CODE_CURRENT_VILLAGE_TOO_HIGH_TEXT_KUNLUN,ترتبط قريتك بشكل دائم بالفعل بالحساب الذي سجلت الدخول بواسطته.\n\nلأن القاعدة يوجد بها تقدم بالفعل (مستوى قاعة المدينة <level> أو عملية الشراء التي تمت)، لذا لا يمكن استبدالها بأية حال.
32c54de527c8cd42,TID_CLANGAMES_TASK_USE_SNEAKYARCHERS,مطاردات راميات السهام الماكرات
6b5123d8d9e67241,TID_REENGAGEMENT_CHALLENGES_FINISHED_1,أحسنت أيها الزعيم! أنت الآن جاهز لمواصلة الرحلة!
a9fa583047ac86e4,TID_SHIELD_POPUP_REMOVE_BUTTON,إزالة
5c522c66d78bff47,TID_EVENT_CHRISTMAS_UNIT_UPCOMING,اليوم الثالث من Clashmas
a82c4ba4a7943267,TID_BP_RESOURCE_REWARD_GET_GEM_ALTERNATIVE_TEXT,لا تتسع مساحة التخزين لديك لكمية <resource>.\nأتريد بيع الكمية الزائدة مقابل <amount> من الجواهر؟
6f895036c213ac9b,TID_TUTORIAL_SEASON_CHALLENGE_3,هناك أيضًا جوائز جديدة تُعرف بالمزايا. لنلق نظرة!
76668f45a581f975,TID_WL_INFO_LIVE_WIN,الفوز
b051e87f39300941,TID_FREEZE_SPELL_INFO,عندما تشتعل المعركة، حافظ على برود أعصابك!\n\nتعويذة التجميد ترسل ضربة مجمدة تشل قوات العدو مؤقتًا وتعطل المباني الدفاعية داخل مداها.
f1ea6c110cb943d4,TID_TRAP_TORNADO,فخ الإعصار
ba5189de7cbe6f59,TID_BP_SKIN_TITLE,مظهر البطل
5b288b904ff53e00,TID_CLAN_GAMES,مباريات القبيلة
8bfb585ceb196ef4,TID_DEVICE_LINK_SUCCESFULL_NEW,لقد قمت بربط هذا الجهاز بحسابك بنجاح. لبدء اللعب، ما عليك سوى النقر فوق موافق وسيتم تحميل حسابك. استمتع باللعب!
db320c5ea5d581b5,TID_HINT_ACCOUNT_SECURITY_1,لا تُعطِ بيانات معرّف Supercell ID لأي شخص على الإطلاق.
992b0a41ad727390,TID_NPC_CHALLENGE_TH6_GIWIWA_HEAL1,استخدم <cffe346>تعويذة شفاء</c> لحماية <c54a0fe>العمالقة</c> من <cf70d16>برج الساحر</c>!
b86e5133259e88d8,TID_GHOST,الشبح الملكي
191622c1c87ac0e3,TID_ALLIANCE_VISIT_BUTTON,زيارة العاصمة
96b19f747fbe9c7e,TID_ALLIANCE_DONATE_BUTTON_QUICK,التبرع السريع
d3011e326e3904c8,TID_BATTLE_PASS_SEASON_END_TEXT,حصلت على:
e0b144d66d3986c3,TID_LEAGUE_MASTER,الأساتذة
16181a6a4f2cd080,TID_SIEGE_MACHINE_BALLOON_INFO_SHORT,حطم القواعد بإلقاء الصخور الكبيرة من الأعلى.
e2b66fb8760ffb66,TID_WARLOCK,ساحرة
7e7287a96f65295b,TID_BATTLEPASS_TASK_UPGRADE_ANY_WALL,تحصينات عديدة
add4308ea03d6c79,TID_ALLIANCE_WAR_STAT_NUM_2STARS,نجمتان
a98a7da36029d619,TID_TUTORIAL_SHOW_STAGE_2_3,بنيت أيضًا بعض الأشياء بداخله، ما يكفي لأشعر كأنني في منزلي.
cd07a8f1ae4de8a0,TID_CHARACTER_INFO_IRONFIST_GIANT_SHORT,أبطال مدهشون وأقوياء للغاية من دوريات القتال.
4538ffcd3f3dc444,TID_GAMES_TASKS_TEXT,الهدف من التحديات هو اختبار قوتك في مجالات مختلفة. تحصل من خلال إكمال التحدي خلال الوقت المحدد له على نقاط لقبيلتك. تختلف التحديات من حيث الصعوبة. إذا ظهر أن إحدى التحديات صعبًا للغاية بالنسبة لك، اطلب من زملائك بالقبيلة أن يبدأوا بها. وفي حالة بدأت في تحدي ولم تكمله، فإن بإمكانك حذفه. لاحظ أن عليك الانتظار لبعض الوقت بعد الحذف قبل أن تتمكن من البدء في تحدٍ جديد.
91e5021c396c8508,TID_STARTER_TH2_INFO_UPGRADEARCHERTOWER,احصل على برج راميات سهام من المتجر.
c0d97c050d48c441,TID_NPC_CHALLENGE_TH13_HYBRID_RAGE1,استخدم <cf07bf8>تعويذة الغضب</c> لاقتحام القاعدة بسرعة.
cce328f07b67189e,TID_BOOSTER_FILL_DARK_ELIXIR_STORAGE,تميمة إكسير الظلام
cd7aba497bcb006c,TID_RAID_LOG,سجل الغارات
b1dc319364c0afae,TID_ICE_HOUND_ABILITY_NAME,تجميد الجليد
b4620aa826a752fd,TID_DARKAGES_QUEEN,ملكة عصور الظلام
415a23a5aa91e41d,TID_HINT_BATTLE_ENDS,ستنتهي المعركة عندما تستهلك كل قواتك وتعزيزات القبيلة والتعويذات المدمرة.
0e0c82faebb56afa,TID_9TH_CLASHIVERSARY_SCENERY,منظر عيد Clash السنوي التاسع
15795533d502fa3b,TID_CAPBUILD_AIR_DEFENSE,الدفاع الجوي
8b07b21a5602f25a,TID_CNY_PACK,حزمة العام القمري الجديد
4dbdf712fac224e6,TID_CLANGAMES_TASK_USE_HOGRIDERS,غارة راكب الخنزير
6bfa594572c7b3c9,TID_BARBARIAN_KING_SKELETON,ملك الهياكل العظمية
c2f0e1c75a92bd9f,TID_TROOP_REQUEST_SPEED_UP_SUCCESS,قلعة القبيلة جاهزة لطلب التعزيزات!
8d1feee4377429b8,TID_LOCAL_NOTIFICATION_EVENT_SPECIAL_TROOP,أيها الزعيم، هناك قوات خاصة متاحة لفترة محدودة!
d390f0823229206a,TID_NPC_CHALLENGE_TH10_MINER_ARCHER_QUEEN,انشر <c9916c8>الملكة رامية السهام</c>. ينبغي أن تسير عكس منحى عقارب الساعة حول القاعدة.
32b2904fa6e60e20,TID_BUTTON_APPBANK,دليل AppBank
2c5628a8449f5dac,TID_RAID_WEEKEND_TOTAL_ATTACKS,إجمالي الهجمات:
bfbaf143cf729cbf,TID_BATTLEPASS_TASK_INFO_WIN_BATTLES_USING_BOWLERS,استخدم قوات الباولر لربح <num> من المعارك متعددة اللاعبين.
4aeb01815801d2f2,TID_CLANGAMES_TASK_USE_RAGEDBARBARIANS,ثورة البربري الغاضب
c1ad5a8152358db0,TID_FEEDBACK_BUTTON5,قرية مفقودة
1a67a84a1bf6230c,TID_LEAGUE_MASTER2,دوري الأساتذة II
6b3130c087b36c07,TID_DIAMOND_BUNDLE_TH15,مجموعة قاعة المدينة 15
0bf234b9b593e6ec,TID_CHARACTER_INFO_GOBLIN,هذه المخلوقات الصغيرة الشريرة لا تبحث إلا عن شيء واحد: الغنيمة! إنها أسرع من فخ الزنبرك، ونهبها للموارد بلا حدود.
8213be413a3507b1,TID_TUTORIAL_STAGE_2_INTRO,امم، مرحبًا. لا بد أنك تعرف ذلك.
be825210a1d8adb1,TID_DEVICE_LINK_WRONG_ACCOUNT_TITLE,تم تسجيل الدخول إلى حساب خاطئ
81ad886f61709bd1,TID_BUILDING_CUSTOMIZE_CATEGORY_GROUND,الأرضية
184c6b864c972f7f,TID_BATTLEPASS_TASK_WIN_BATTLES_USING_SNEAKYARCHERS,لمح البصر
325e6485fa8079ad,TID_OFFER_DONT_MISS_ONE_TIME_OFFER,لا تفوت هذا العرض الذي لا يتكرر!
58a340140101b6b5,TID_BUTTON_EQUIP,استخدام
16560ead534ab48d,TID_CAPBUILD_SPELLLAB_HEAL,مصنع تعويذة الشفاء
8b75a3e7658347b8,TID_BOOSTER_USE_HERO_POTION_QUESTION,هل تريد استخدام <booster> لتعزيز كل الأبطال والحيوانات الأليفة مؤقتًا إلى أقصى مستوى مسموح به لمستوى قاعة المدينة لمدة <time>؟
38b62b966685371a,TID_GEAR_EARTHQUAKE_BOOTS,أحذية الزلزال
5aaa59a2b3ce667b,TID_NPC72,منطقة فخاخ
c34a0a3d2044f966,TID_POPUP_BOOST_HERO_REST,تسريع معدل شفاء البطل بمقدار <multiplier>x لمدة <time>؟
601aeb73b64798a1,TID_GEAR_INFO_FROZEN_ARROW,تعمل السهام الجليدية على إبطاء الأهداف التي تصيبها.
712d72c779b14680,TID_DEVICE_LINK_ERROR_CODE_CURRENT_VILLAGE_TOO_HIGH,لا يمكن استبدال القرية
e6f0d27df3e4adf7,TID_LOADING_CHINA_TENCENT,本公司积极履行《网络游戏行业防沉迷自律公约》抵制不良游戏，拒绝盗版游戏。注意自我保护，谨防受骗上当。适度游戏益脑，沉迷游戏伤身。合理安排时间，享受健康生活。根据国家新闻出版署《关于防止未成年人沉迷网络游戏的通知》、《关于进一步严格管理切实防止未成年人沉迷网络游戏的通知》，所有网络游戏用户均需使用有效身份信息完成账号实名注册后方可进入游戏，认证为未成年的玩家将受到防沉迷功能限制。\n粤网文【2017】6138-1456号、（总）网出证（粤）字第057号 著作权人：SUPERCELL OY 出版单位：北京昆仑乐享网络技术有限公司 运营单位：北京昆仑乐享网络技术有限公司 文网游进字【2015】0062号 审批文号：新广出审【2015】1084号 出版物号：ISBN 978-7-89988-438-6
da369bc49afc909c,TID_NAME_CHANGE_LIMIT_EXCEEDED,لقد تجاوزت الحد المسموح به لتغيير الاسم.
8dd1c2e05634e779,TID_PRESET_UNLOCK_INFO,يصبح التدريب السريع مفتوحًا في قاعة المدينة من المستوى <number>!
109292187f839c6a,TID_EVENT_TITLE_CLANWAR_XMAS,مباريات الشتاء
448c795222cb45ee,TID_PROJECTILE_COUNT,عدد القذائف: <number>
5690e1d9d94a7de5,TID_RAGED_BARBARIAN,بربري غاضب
2b2ca3dd1c2d10aa,TID_REENGAGEMENT_LAB_NO_UPGRADES_NONE_LEFT_1,المعمل هادئ مؤخرًا لأنه أنجز الأبحاث كلها.
1a450779ea044322,TID_CAPITAL_RAID_OFFENSE_MEDALS_ALT_GEMS_RECEIVED,تلقيت <num> من الجواهر من مكافآت الهجوم في غارة نهاية الأسبوع الخاصة بالعاصمة
6cfb38c5a46fd98a,TID_CAPITAL_ARMY_SAVE_INVALID,تعذر حفظ جيش عاصمة غير صالح
2789d8d6ea9ec9f2,TID_BATTLEPASS_TASK_INFO_USE_DRAGONS,استخدم التنانين لربح <num> من النجوم من معارك متعددة اللاعبين.
cc73ada4b0a1cf9b,TID_CLANGAMES_TASK_INFO_DESTROY_WIZARDTOWERS,دمر <num> من <building> في معارك متعددة اللاعبين.
a4fc56acc8cbec07,TID_BUILD_TIME_INSTANT,لا شيء
59d0435589866fa6,TID_FEEDBACK_BUTTON,الإبلاغ عن مشكلة
06db36c6c514dbcc,TID_BASE_DPS,ضرر القاعدة في الثانية: <number>
fde4c36525f8188d,TID_CLANGAMES_TASK_INFO_USE_LOONS,اربح <num> من النجوم من المعارك متعددة اللاعبين باستخدام <num2> من البالونات.
6f442139f91d5834,TID_ALLIANCE_WAR_ATTACK_AVAILABLE,متاحة
62b05e0a7d39323b,TID_ERROR_POP_UP_AUTO_DISCONNECTED_BUTTON,إعادة تحميل اللعبة
c0b8d3ef956c6ebd,TID_LIVE_REPLAY_FAIL_NO_DATA_FOUND,لا يمكن المشاهدة الحية. لقد انتهت هذه المعركة .
8cf5f415ac6f3b45,TID_AVAILABLE_RAID_MEDALS,أوسمة الغارات المتاحة:
7f786c09028796e4,TID_CAPITAL_TUTORIAL_1,أيها الزعيم، هناك شخص يريد التحدث معك. يبدو وقحًا... للغاية.
fa797859af44b346,TID_FB_TRACKING_TITLE,تحديث تسجيل الدخول عبر Facebook
0b4257311dd17ff5,TID_NPC_CHALLENGE_BOWIGI_CLEANUP,انشر القوات المتبقية لتساعدك على القضاء على العدو.
629304c18d2729d4,TID_CONVERSION_OFFER_GEMS_NOOB_INFO_0099_0299_NEW,• <gems>x من الجواهر\n• <booster1> من جرعات التدريب: لرفع كفاءة الثكنات، ومصانع التعويذات، والورشة، وإعادة إنتاج الأبطال لمدة ساعة واحدة.\n\n• لا حدود للتخزين!\n• يمكن شراء هذا العرض مرة واحدة خلال الفترة المحددة.\n\nاحصل على المساعدة مع هذا العرض المذهل المتاح مرة واحدة!
41809453f0a8f948,TID_BP_BUILDER_SEASON_BANK_INCREASE,يزداد حجم بنك البنّاء ليسع\nذهب البنّاء:<builderGold>\nإكسير البنّاء: <builderElixir>
980e197ae4ce8f72,TID_BUILDING_CUSTOMIZE_CATEGORY_ROOF,السقف
334e85c1ccd26b8e,TID_SETTINGS_API_TOKEN_COPY_BUTTON,نسخ
d8dcd0b592481ead,TID_CLANGAMES_TASK_WIN_STARS_VS_LEGENDLEAGUE,اصطدام الأساطير
2f9e965d4f01b3a8,TID_POPUP_TEXT_STORE_OBSTACLE,سيتم تخزين <item> ويمكن وضعه مجددًا من محرر المخطط.
5e5fd23b0374c72c,TID_ONLY_FAMILY_FRIENDLY,القبائل الملائمة للعائلة فقط
3c4d45e6a74087bd,TID_CHARACTER_INFERNO_DRAGON_INFO,استغل التنين الناري وقت فراغه ليتعلم كيف يحول غضبه إلى شعاع قوي جدًا يُشحن بمرور الوقت.
b00e28a211784287,TID_WAR_INFO_HEADLINE,نظرة عامة
9ad7af09ae648087,TID_CLANGAMES_TASK_WIN_STARS_USING_JUMP_INFO,اربح <num> من المعارك متعددة اللاعبين باستخدام <num2> من تعاويذ القفز.
2244fea38d2b78dd,TID_CLANGAMES_TASK_USE_ICEGOLEMS,الهجوم الجليدي
683eaa2c9a480c8f,TID_ACHIEVEMENT_DESTROY_TOWNHALL_COMPLETED,إجمالي قاعات المدينة المحطمة: <value>
d8e14f1cadbc0ff3,TID_REGULAR_THEMED_PREPARE_OFFER_INFO_TH0712_4999,• <res0> إكسير الظلام\n•<res1> ذهب\n• <booster1> من كتب الأبطال: لإكمال أي ترقية جارية للأبطال فورًا.\n• <booster2> من كتب التعويذات: لإكمال أي ترقية جارية للتعويذات.\n\n• لا حدود للتخزين!\n• يمكن شراء هذا العرض مرتين خلال الفترة المحددة.\n• قم بترقية الأبطال والقوات واستدع التعويذات الأكثر قوة!
2e18880fbe7694e8,TID_SHARE_DIALOG_TITLE,مشاركة
0fd70091d02e032e,TID_SUPER_TROOPS_INTRO_LEVEL_TITLE,الملعب
5c35d928d4072036,TID_HERO_ABILITY_UNLOCK_PROMPT_FEMALE,قم بترقية بطلتك إلى المستوى <number> لفتح هذه القدرة.
55d0cf79732d0c39,TID_TUTORIAL_SEASON_CHALLENGE_1,مرحبًا أيها الزعيم! شعرت أنك مستعد لشيء جديد!
6353580aa8a35d8d,TID_OVERVIEW_SIEGE_TITLE,آلات الحصار: <number>
7741b63bcd5d6b5f,TID_DECORATION_WHITE_FLAG,علم أبيض
9b20b45d7ef3ac33,TID_OFFER_GIFT_COUNT,تتضمن هدايا لما يصل إلى <num> من زملاء القبيلة!
b497511614195d3a,TID_CAPBUILD_BARRACKS_SKELETON_BARREL,ثكنات براميل الهياكل العظمية
ea5593a55c7cc54c,TID_REENGAGEMENT_INTRO_2,أستطيع شم رائحة الغيلان مهما حاولوا التخفي...
17265cb1237b2245,TID_PRIVACY_POLICY_BUTTON_TENCENT,إرشادات حماية الخصوصية الخاصة بألعاب Tencent
699b4f5909e69726,TID_ALLIANCE_WAR_ATTACK_FAILED_SNAPSHOT_NOT_AVAILABLE,القرية المستهدفة غير متاحة الآن. حاول ثانيةً لاحقًا!
cdabc7759a36e2f1,TID_MAINTENANCE_ESTIMATED_HOUR_AND_HALF,من فضلك حاول ثانيةً خلال ساعة ونصف.
6d6f264c2cc96226,TID_GOOGLE_PLAY_ACHIEVEMENTS,إنجازات
86f3aed6d5a6ea1d,TID_CHALLENGE_EVENT_ENDED,انتهى حدث التحدي
e5f89edf32693ab4,TID_CLANGAMES_TASK_INFO_USE_GOLEMS,اربح <num> من النجوم من المعارك متعددة اللاعبين باستخدام <num2> من بطاقات غولم.
4f8000f75413a4ff,TID_CANNON2_INFO,إن هذا الدفاع الأرضي الأيقوني قد بُني ليدوم! حتى أن البنّاء الخبير يضعف أمام هذا المبنى الكلاسيكي.
7c9bace3b3249a9c,TID_PRIZE_SHOP_ITEM_PURCHASED_TREASURY,تمت إضافة <item> إلى قاعة مدينتك.
4e970843d2d68a94,TID_SKIN_THEME_LNY,مظهر العام القمري الجديد <year>
c450f852a3888ce3,TID_DECORATION_9YEAR_BIRTHDAY_STATUE,مجسّم ناري
9e992a8588bd3e84,TID_WAR_CANNOT_EXCLUDE_MAX_REACHED,لا يمكن استثناء أي أعضاء إضافيين من الحرب!
232c8f70eaee2839,TID_BOOSTER_FREE_HERO_UPGRADE_OFFER_INFO,<num> من مطارق الأبطال: قم بترقية أي بطل أو حيوان أليف إلى المستوى التالي على الفور.
91a7a1a277b78bb3,TID_CAPITAL_SPELL_DURATION_ATTACKS,<num> من الهجمات
6f8105e98bbf91fc,TID_ACHIEVEMENT_UNIT_UNLOCK2_TITLE,سابق عصره
498b5dd17d592b9e,TID_ALLIANCE_SEARCH_HINT_CN,أدخل بطاقة تعريف القبيلة
992af1e32b0d91e1,TID_HINT_INFERNO_TOWER_TARGETS_2,تتم إعادة تعيين معدل ضرر برج النار للحد الأدنى في كل مرة يستبدل فيها الأهداف.
f8a17766be469a55,TID_TUTORIAL_OUTPOST_INTRO_2,أوه. مَن أوتو؟
b239d34cfe1ea025,TID_MONTH_2,فبراير
5c099210f3b9534d,TID_HINT_SPELL_JUMP_DURATION,قم بترقية تعويذة القفز لمنح وحداتك المزيد من الوقت للقفز فوق الجدران.
6678176b51afce9f,TID_SHIELD_POPUP_GUARD_TIP,ستنتهي الحماية قريبًا. كن مستعدًا!
ab9025dce2643483,TID_CAPITAL_RAID__WEEKEND_STARTED_NOTIFICATION,بدأت غارة نهاية الأسبوع! هاجم عواصم القبائل المنافِسة وحقق النصر.
7caab9317aca8e2f,TID_INVALID_WAR_MEMBERS_COUNT,الأعضاء المختارون: <num>
3662d00e279d19e9,TID_CLAN_TAG_CLAN_CAPITAL,عاصمة القبيلة
12c50a3b2d516283,TID_REGULAR_THEMED_PREPARE_OFFER_INFO_TH0712_9999,• <res0> إكسير الظلام\n•<res1> ذهب\n• <booster1> من كتب الأبطال: لإكمال أي ترقية جارية للأبطال فورًا.\n• <booster2> من كتب التعويذات: لإكمال أي ترقية جارية للتعويذات.\n\n• لا حدود للتخزين!\n• يمكن شراء هذا العرض مرة واحدة فقط خلال الفترة المحددة.\n• قم بترقية الأبطال والقوات واستدع التعويذات الأكثر قوة!
86c814a0d5db0407,TID_REQUIRED_PET_SHOP_LEVEL,تحتاج إلى بيت حيوانات أليفة من المستوى <number>
8e44705b28e1e6d1,TID_CHALLENGE_TH12_YETI,دمار الييتي
320758b33b037afe,TID_SLOW_SPELL,بطيء
2a92d4cf292b5e3a,TID_CLANGAMES_TASK_WIN_STARS_VS_TOWNHALL_14,14 الجبارة
8ae73498611460ab,TID_TUTORIAL_CLASHOWEEN_EVENT_A4,اسمح لي بعرض أحدث اختراعاتي...
aa589a4fcd7e8d00,TID_CAPITAL_RAID_INVALID_TARGET,لا يمكنك الهجوم على هذه المنطقة
fe643186dffd3ab6,TID_TUTORIAL_WAR_LEAGUE_6,تأكد من تبرعك بالقوات لليوم التالي مقدمًا، أيها الزعيم!
81ecbcc11090b388,TID_WHAT_YOU_GOT,حصلت على:
9c6267983a123834,TID_CLANGAMES_TASK_INFO_DESTROY_BB_GEMMINE,دمر <num> من <building> في معارك البنّاء.
44e4286c0a1872d3,TID_STARTER_TH2_UPGRADEGOLDSTORAGE,خزائن أكبر
2884fa04b72403e0,TID_GOLD_PASS_EXCLUSIVE_TAG,خاص\nبالتذكرة الذهبية
ae7540e70d153881,TID_CLAN_SEARCH_OPTIONS,خيارات\nأكثر...
75d422235e9be3d1,TID_STARTER_TH4_WINSTARSPRACTICE,تعلم الأساسيات
8f7993ac7c53362e,TID_GEAR_PROTECTIVE_CLOAK,جوهرة ملكية
f4057e3cfd8a7e34,TID_CHARACTER_INFO_MOVING_CANNON_SHORT,ما عدد المدافع التي يمكن نقلها باستخدام عربة المدفع؟
0fd3ec20ca92f774,TID_CHARACTER_INFO_WALLBREAKER,لا شيء يشعر مدمري الجدران بالدفء ويحيي قلوبهم مثل تفجير الجدران. ستفتح فرقة منهم الطريق لوحداتك الأرضية، بعد تفجير مدوٍ!
d4f042829dd75bfd,TID_WAR_PARTICIPANTS_HEADER,المشاركون في الحرب:
acc08df7833600fb,TID_RAID_WEEKEND_REWARD_SUBTITLE,تمت مكافأتك بما يلي:
2d30263a86ef9fbb,TID_RAID_SIGNUP_ERROR_NO_LONGER_AVAILABLE,لم يعد التسجيل في غارة نهاية الأسبوع متاحًا.
396f21bd315f17ee,TID_SETTINGS_HIGH_FRAME_RATE_INFO,إذا تم تفعيل هذه الوظيفة، فسوف تشتغل اللعبة بمعدل <max> إطارًا/ث، وستستهلك طاقة أكبر. أما عند تعطيلها، فسوف تشتغل اللعبة بمعدل 60 إطارًا/ث، وستستهلك طاقة أقل.
5fab1e54e7cf354a,TID_ERROR_POP_UP_UNLOCK_UNAVAILABLE_BUTTON,حاول ثانيةً
dddf8f25e299686e,TID_BIND_TO_NEW_GAMECENTER_ACCOUNT,هل ترغب في حفظ لعبتك الحالية بهذا الحساب على Game Center؟
f267619ddb1e879e,TID_IAP_TRANSACTION_PENDING,يُرجى الانتظار. العملية قيد الانتظار.
1fd4a809ad8c6d41,TID_CHINA_REAL_NAME_REGULATION,مسجل باسم حقيقي
918c85325de39ede,TID_VILLAGE_EDIT_SUCCESS,تم حفظ قريتك!
1da54998df751cde,TID_CLANGAMES_TASK_SPEEDY_STARS_BB,النجوم المفاجئة
db7453d73f022e5f,TID_BIND_TO_NEW_GOOGLE_SERVICE_ACCOUNT,هل ترغب في حفظ لعبتك الحالية على حساب Google هذا؟
19325f0083271f4b,TID_CLANBADGE_LAYER_1,نمط
6874250d563a543e,TID_DPS_INCREASE,رفع الضرر في الثانية: <number>
77426d2316cc83f7,TID_PERSONAL_WAR_PREFERENCE_SHORT,تفضيل الحرب
75c7e2b7d2f0fb59,TID_BOOSTER_LAB_POTION,جرعة الأبحاث
002e0de05a4b8770,TID_MAINTENANCE_ESTIMATED_MINUTES,من فضلك حاول ثانيةً خلال <value> من الدقائق.
bc894c5991189d74,TID_BUY_PRIZE_SHOP_ITEM_MULTI_TEXT,هل ترغب بالتأكيد في شراء <num>x <item>؟
62c7437280cebaa8,TID_TUTORIAL_RAID_TEASER_2,عندما يحين الوقت المناسب، يمكن لقبيلتك المشاركة في غارات نهاية الأسبوع.
3e322d2672ec53ce,TID_CHARACTER_INFO_ICEGOLEM_SHORT,كتلة ثلجية متحركة تجمد محيطها عندما تسقط.
522af8fdcb77c3a0,TID_ALLIANCE_WAR_MATCHED_WAITING_OPPONENT,في انتظار الموافقة من الخصم
ac6ef39c9b7999bb,TID_BALLOON_CARRIER,منطاد إسقاط
1b99fe623d8f1652,TID_NPC_CHALLENGE_TH12_DRAGBAT_BALLOONS,انشر بقية <c54a0fe>البالونات</c>.
8c122366c48ab655,TID_BOW_INFO_SHORT,دمر مهاجميك بإطلاق صاعقة تلو الأخرى.
145c2eec95e54a1a,TID_BATTLEPASS_TASK_INFO_WIN_BATTLES_USING_SIEGE_BARRACKS,استخدم ثكنات الحصار لربح <num> من المعارك متعددة اللاعبين.
3fe35d0906a4b295,TID_CAPITAL_RAID_WEEKEND_ENDSOON_NOTIFICATION,قاربت غارة نهاية الأسبوع على الانتهاء! أكمل هجماتك.
73b7fff2e4bafdbe,TID_LEADERBOARDBANNER_PLAYERTOURNAMENTS_V2,بطولة معركة البنّاء
2d7d61f502cab614,TID_BUY_MULTIPLE_MISSING_RESOURCES_HEADER,تحتاج إلى المزيد من الموارد
22f6d7c84e2282f3,TID_CHALLENGE_FRIEND_TITLE,تحد صديقًا
9441d97f075d554c,TID_SUPER_WIZARD_ABILITY_NAME,السحر المتسلسل
879a9c58eab1a5ee,TID_SIEGE_MACHINE_BALLOON_INFO,بالون الحجارة هو جبل طائر متين يستهدف مباني دفاعية عن طريق سحقها بإسقاط الصخور الضخمة التي تحدث الزلازل. يتمتع بمناعة ضد تأثير التعويذات.
7326d8cdb265c589,TID_BOOSTER_STAR_POTION,جرة نجوم البنّاء
cbc77a83009aa9f9,TID_ACHIEVEMENT_ACCOUNT_BOUND_TENCENT_AND_GAME_CENTER,الاتصال بـ WeChat أو QQ أو Game Center
304732b0c4ca4eb0,TID_CAPITAL_TUTORIAL_5,كل القبائل العظيمة تبني معًا وتقاتل معًا. مجرد ملحوظة من عجوز حكيم.
1b7b3ededebff11c,TID_LAYOUTS_VILLAGE,القرية الأم
df05794c14f47dbd,TID_CLAN_WAR_FREQ,معدل تكرار الحرب:
04faffb1d7ea50e0,TID_GUEST_LOGIN_BUTTON,تسجيل الدخول للضيف
210a40b19d4a74cb,TID_BOOSTER_HERO_POTION_ALT_2_LINE,جرعة البطل
2fe6cd45a5b57a72,TID_ACHIEVEMENT_DESTROY_ARTILLERY_TITLE,مضاد المدفعية
4ca3f1a4e8b32ec6,TID_BATTLE_START_TIME,تبدأ المعركة بعد:
ca41d0423bfd63ef,TID_COSMETIC_ESTATE_3X3_WOODEN_HOUSE_INFO,منزل مبني بشكل أنيق. ويتميز بتصميم رائع. يوفر المأوى والراحة.
97a6000ee86ea851,TID_INFO_TARGET_TYPE_AIR,جوي
ba7497f7d691749d,TID_LEGEND_LEAGUE_INFO_TAB1_HEADER,الدفاع
76e4f746299a9725,TID_TUTORIAL_MODE_TEXT,المكافآت غير متاحة في الوضع التوضيحي.
437ef98ba4cdef97,TID_RESOURCE_PACK_DARK_ELIXIR_10,ملء المخازن بمقدار 10%
4aa3a1b0e0278066,TID_BATTLEPASS_TASK_WIN_BATTLES_USING_JUMP,تخطي الحواجز
26fcb3a1fd749278,TID_TOXIC_MINION,مينيون مشع
9903cf8c1fe38fd6,TID_NPC_CHALLENGE_TH12_YETI_EARTHQUAKES,استخدم <ca9561f>تعويذات الزلزال</c> لاختراق القاعدة وإلحاق بعض الضرر بالمباني.
b80bda41acfcf74b,TID_SETTING_SHOW_LEADERBOARDS_INFO,إذا كان هذا قيد 'التشغيل'، فإنك ستظهر في لوحات الصدارة وستكون مرئيًا للاعبين الآخرين. وإذا كان هذا قيد 'الإيقاف'، فلن تظهر في لوحة الصدارة ولن تكون مرئيًا للاعبين الآخرين.
ab94be82f965ebac,TID_OFFER_SEASON_CHALLENGES_TEXT_2,عناصر سحرية ومزايا!
a5615ab0ab8d21b7,TID_PLAYER_REPORTED_SUCCESSFULLY,تم الإبلاغ عن اللاعب!
bb4f133d92b4f9b9,TID_SHOP_CATEGORY_DEFENSE_BUILDINGS,الدفاعات
d072d7e157076f73,TID_ENDOFSEP_OFFER_INFO_9999,• <booster1> من تمائم الذهب: املأ مخازن الذهب لديك بالكامل.\n• <booster2> من تمائم الإكسير: املأ مخازن الإكسير لديك بالكامل.\n• <booster3> من كتب القتال: أكمل أي ترقية جارية للقوات على الفور.\n• <booster4> من كتب المباني: أكمل أي ترقية للمباني على الفور.\n\n• تخزين بلا حدود!\n• يمكن شراء هذا العرض مرة واحدة فقط خلال مدة العرض.\n\nحان وقت قتال الخريف!
c86cae4cca621fb2,TID_MISSION_COMPLETE_TITLE,اكتملت المهمة!
4cf45a45b3ab8be5,TID_PLACEMENT_HINT_TUTORIAL3,انشر قواتك!
b7d8c06d64f8ff3d,TID_WL_MEDALS_RECEIVED,تسلمت <num> من الأوسمة ضمن جوائز دوريات حروب القبائل.
9faacbefaee99b4c,TID_POPUP_EDIT_MODE_SAVE,هل تريد بالتأكيد حفظ تغييراتك؟
9ef4a827730061a0,TID_ERROR_POP_UP_PERSONAL_BREAK_BUTTON,إعادة التحميل
74605ffc04709e7e,TID_FEEDBACK_EMAIL_TITLE,آراء%20حول%20Clash%20of%20Clans
85843781f789efe8,TID_ATTACK_FAIL_SAME_ALLIANCE,لا يمكنك الهجوم على أعضاء قبيلتك!
f4eb336493707f87,TID_GEAR_RARITY_LEGENDARY,أسطوري
6750806639006742,TID_DECORATION_SHORT_FILM_STATUE_INFO,أخوان اثنان وملحمة واحدة
1ffd04391944044b,TID_STARTER_TH2_UPGRADEELXIR,ثورة الإكسير
2d66d41e857414ce,TID_START_RAID_FAILED_NO_RIGHTS,اطلب من قائد أو قائد مساعد أو عضو مميز شن غارة!
71d49315df51bad2,TID_HASTE_INFO_SHORT,تشعل حماسة جيشك ليصبح أسرع وأقوى.
60d279a3b190d7d0,TID_MEMBERS_SORTED_ALPHABETICALLY,حسب الترتيب الأبجدي
af627e9a3b20599e,TID_DEVICE_LINK_ERROR_CODE_ERROR_1,حدث خطأ ما. يُرجى المحاولة لاحقًا!
11f118be07b9f7ab,TID_NPC_CHALLENGE_TH13_HYBRID_GOLEM,يضم الركن السفلي من القاعدة العديد من الدفاعات القوية. استخدم <c54a0fe>الغولم</c> لامتصاص معظم الضرر.
6fdfc6daf06e3593,TID_NOT_ENOUGH_BOOSTERS,ليس لديك ما يكفي من عنصر السحر هذا للقيام بذلك.
b1a133229e2a150d,TID_EVENT_COLLECTOR_BOOST,تسريع المستخرِج مقابل جوهرة واحدة
853e8b495631d32f,TID_LEGEND_SEASON_INFO,قم بإنهاء موسم في دوري الأسطورة وسيتم تقديم الترتيبات النهائية في ملفك الشخصي!
c170235d3809a0fd,TID_POPUP_UPGRADE_ALREADY_IN_PROGRESS,الترقية قيد التقدم
13f042d7d90c2b73,TID_CAPBUILD_GOBLIN_HUT,كوخ الغول
76cb55770061feab,TID_TRAP_HALLOWEENBOMB_INFO,بوو! هذه القنبلة المخيفة متاحة لمدة محددة فقط.
cfbc782938553338,TID_NPC_CHALLENGE_TH10_MINER_MINERS,أصبح الآن أمام <c54a0fe>عمال المنجم</c> طريق خالٍ حول القاعدة.
258f532096cc2c61,TID_RAID_WEEKEND_CLAN_STAYED,بقي <clan> في الدوري نفسه.
8216de9fa62cc4aa,TID_DIAMOND_BUNDLE_RED_INFO,• <gems> من الجواهر\n• تمثال البطل العظيم\n• نقدم مظهرًا خاصًا (RED) للملك البربري لفترة محدودة\n\nستُخصص 100% من العائدات لمكافحة (RED) ضد مرض الإيدز.
d35679a1a4ee6f66,TID_LEAGUE_SILVER1_SHORT,الفضي I
c00a84645cf04629,TID_CLANGAMES_TASK_INFO_USE_CANNONCARTS,اربح <num> من النجوم من معارك البنّاء باستخدام <num2> من عربات المدفع.
a28c44355416dd48,TID_LOCAL_NOTIFICATION_GEARUP_READY,إصقال <item> جاهز
5a2ebdba22d01eba,TID_HINT_CANNON_UPGRADE_NOT_FUNCTIONING,لا يمكن للمباني الدفاعية مثل المدافع إطلاق النار أثناء ترقيتها
6dfa72ecc18509b4,TID_MONTH_1,يناير
b27fb6540c6bf7b9,TID_BP_BUTTON_REWARDS_LIST,لائحة المكافآت
74ec4668dedd750d,TID_INVALID_DESCRIPTION,وصف غير صالح! الرجاء استخدام وصف آخر.
1565847309d9bb55,TID_CHARACTER_ELITE_GIANT,العملاق الخارق
15fe2e042c446edc,TID_HERO_HEAL,شفاء الأبطال: <number>
726ea4fa62149031,TID_LAKE_STRAIGHT1,بحيرة مستقيمة
35ac6dbce926f5a2,TID_BOOSTER_CLOCKTOWER_INFO,هذا الإكسير المركز مصنوع من مسحوق تروس سحرية، ويفعل تعزيز برج الساعة لمدة <time>. تعمل في قاعدة البنّاء.
05c12bf897c7f301,TID_CONFIRM_CLEAR_TRAINING_QUEUE,هل تريد بالتأكيد إزالة قائمة انتظار التدريب؟
b55ff24fda3372df,TID_BUILDING_AIR_DEFENSE2,قنابل جوية
97d33a1a53ef9da8,TID_ERROR_POP_UP_PERSONAL_BREAK_EXTENDED_TITLE,استراحة ممتدة
3771c1fdc572ecb4,TID_NPC_CHALLENGE_TH11_LAVALOON_ICE_GOLEM,انشر <c54a0fe>غولم الجليد</c> ليجمد معظم المباني الدفاعية عند هلاكه.
299ab1666f8841ce,TID_LOCAL_NOTIFICATION_EVENT_SPECIAL_TRAP,أيها الزعيم، هناك فخ خاص متاح لفترة محدودة!
16ac2cf25a29d03e,TID_CLAN_TAG_AMATEUR_ATTACKER,مهاجم هاو
d7e74edbf26b5fae,TID_PRIZE_SHOP_ITEM_PURCHASED_RESOURCE,تمت إضافة <count> من <resource>
7f3e1c7e1c66fd30,TID_BP_PERK_INCREASED_SAVINGS,المزيد والمزيد
37cea66c0c10f163,TID_POPUP_REMOVE_SPELL_TITLE,إزالة التعويذات؟
30165f79afe66058,TID_DECO_TH14_FOUNTAIN,الينبوع الفياض
c5acbbdb102ca868,TID_CLANPERK_DESC_WAR_LOOT_CAPACITY,مساحة خزينة إضافية:
2efa8298cfedee72,TID_ATTACK_FRIEND_BUTTON,تحدي
ea824ba5ed0173b9,TID_WL_LEADERBOARD_BRACKET_POS5,المركز 5 في المجموعة
0f5973187f3cc49d,TID_POPUP_SHIELD_REMOVAL_TITLE,الهجوم أثناء تفعيل الدرع
65833ebe6daa5bc3,TID_HINT_YETI,لا يمكن لليتي القفز فوق الجدران، لكن صغاره قادرون على ذلك.
35db5c67814a5b71,TID_MASTER_BUILDER_INFO,إنه بيت البنّاء الخبير بعيدًا عن بيته. يمكن استخدام البنّاء الخبير كبنّاء إضافي أثناء مكوثه في القرية الأم.
bc6be072b84d8069,TID_SPELL_HEAL_SPIRIT_INFO,
96d60a4ea09cd9f4,TID_BP_AUTO_CONVERSION_TEXT,ليست هناك مساحة كافية لتخزين بعض الجوائز، وتم تلقي جواهر بدلاً منها.
c9564596407b152d,TID_BATTLEPASS_TASK_WIN_BATTLES_USING_FREEZE,طقس بارد
b0c8ff6b13ce9f4c,TID_NPC55,ممارسة السحر
5fb2b356a4410242,TID_TUTORIAL_CAPITAL_ARMY_3,جيشك جاهز دائمًا للقتال هنا عندما تقرر أخيرًا أن تستخدمه.
94656538f6a7af85,TID_ACHIEVEMENT_VS_BATTLE_TROPHIES_TITLE,البنّاء البطل
a1b15e5b82e4097b,TID_BUTTON_START_MATCHMAKE,ابحث الآن!
3ff57e79b536d57d,TID_SEARCH_TAB_CLANS,بحث في القبائل
75f736b16e368047,TID_ACHIEVEMENT_NPC_STARS_COMPLETED,النجوم في خريطة الحملة: <value>
ab3f636513c94fae,TID_SELECT_TROOP_OR_SPELL,يُرجى اختيار وحدة أو تعويذة للنشر
40b74d405704307a,TID_CHARACTER_INFO_ELITE_GIANT,العمالقة الخارقون أكبر من العمالقة العاديين، ويتقنون دك الجدران واختراقها بلكماتهم العنيفة. هذا الحزام مكافأة من مسابقة الأكل السنوية.
7a5ed741326f10e8,TID_TUTORIAL_OUTPOST_INTRO_4,...
0eef9bec6d639860,TID_NEWS_RED_TEXT,RED
73fcc79420cb5635,TID_NOTES_LAST_EDITED,آخر تعديل بواسطة: <cffffff><name></c>
a4f1d1fa40c37c62,TID_CHAT_REPORT_CONFIRMATION_TITLE,الإبلاغ عن <name>؟
3a659ee669f2c745,TID_BATTLEPASS_TASK_WIN_BATTLES_USING_MEGAPEKKA,النجاح الخارق
7c4fbe009971cbdf,TID_ACHIEVEMENT_PVP_DEFENSES,دفاع ناجح ضد <number> من الهجمات
e20979ab27e2ce42,TID_FINDING_RAID,العثور على غارة
d4d6346949a6887c,TID_TRAP_AIR2,فخ جوي
19df4e6b4a602ae4,TID_CLAN_TAG_FRIENDLY_WARS,حروب ودية
4bf18a00729e4e86,TID_BUILDING_WIZARD_TOWER,برج الساحر
de7cb07011b1970b,TID_CHALLENGE_TH9_LAVALOON,حمم وبالونات
301b5d72158caa3f,TID_ACCEPT_EXISTING_CHALLENGE,هل تود قبول التحدي؟
2b33b265f852ee8e,TID_BOOSTER_ERROR_UPGRADE,لا يمكن استخدام <booster>! لا يوجد شيء للترقية.
e1adcff9a308aade,TID_GUARD_INFO,إنها الأفضل في الهجوم والدفاع! الحراسة تمنع الهجمات على قريتك بينما تتيح لك مهاجمة الآخرين كما شئت. تكون متاحة فقط في غياب الدرع.
0b82d0a24f46f430,TID_NPC_CHALLENGE_TH9_LAVALOON_BARBARIAN_KING_1,<cf70d16>ملكة العدو</c> خصم خطير جدًا على <c54a0fe>بالوناتك</c>. تولَّ أمرها أولاً.
43da5bc3313c0906,TID_POPUP_BOOSTER_INSTANT_UPGRADE,أتريد استخدام <booster> لترقية <item> على الفور؟
f4fd9ca2ae713829,TID_NPC_CHALLENGE_TH9_WITCH_GOLEMS,انشر <c54a0fe>الغولم</c> ليهاجموا القاعدة إذ سيمتصون معظم الضرر القادم.
5e4daaf5da538bdf,TID_GOBLIN_QUEEN,ملكة الغيلان
8243cccbf2da0ba1,TID_NO,لا
66535d09c6170074,TID_LAYOUTS_COPY_EXPLANATION_V2,اختر موضعًا لنسخ المخطط المحدد.
47db3af04954f95e,TID_ALLIANCE_WAR_LOOT_NOT_EXIST,ليست لديك موارد مُخزنة في الخزينة!
98524eeed3e99df1,TID_BATTLEPASS_TASK_WIN_BATTLES_USING_MINIONS,كائنات المينيون العظيمة
d03848e93e64e1e8,TID_CLASHOWEEN_BUILDING_INFO,يحول هذا المبنى المسكون الذي صممه البنّاء غريب الأطوار مخزون الإكسير العادي إلى إكسير حمضي. نأمل أن يكون هذا الأمر مؤقتًا.
46d7bf618a4b5984,TID_PERSONAL_POINT_QUOTA_FINISHED,لا يمكنك بدء أي تحدي حيث أن لديك الحد الأقصى للنقاط!
c7d36db210623b4e,TID_GOOGLE_ACCOUNT_ALREADY_BOUND,فشل تسجيل الدخول إلى Google Play! يرتبط حسابك في Google بالفعل بحساب آخر في اللعبة.
a5fe4b7e0d9b5646,TID_WAR_EXCLUDED_MEMBERS,الأعضاء المستثنون:
4a3de0c463be0b25,TID_POPUP_CANCEL_GOBLIN_UPGRADE,هل تريد حقًا إيقاف ترقية <item>؟ لن يتم استرداد الجواهر المدفوعة إلى بنّاء الغيلان، وسيتم استرداد <number>% فقط من تكلفة المورد.
8b39bf6107b9c744,TID_CAPBUILD_BARRACKS_BATTLERAM,ثكنات مِدَقات المعركة
c2992a68747200ab,TID_NEXT_LEAGUE,الدوري التالي:
73ec68a3aebf1d25,TID_PET_ABILITY_INFO_ELECTROWL,ينط هجوم البومة الكهربية إلى أقرب هدف.
3d21d0d34fde97db,TID_STAR3,مثالي!
39d4ba141f2d57c6,TID_TH15_WARDEN,آمر السحر
b3aa075c087cc3bb,TID_ANONYMOUS_PLAYER,مجهول
1d2e1b5b67b9b61b,TID_CLAN_GAMES_THEME_DONATEDESTRUCT,مباريات\n\nالتبرع\n\nوالتدمير
f0c15212664bf534,TID_MAP_LOCATION_15,مأوى الملكة
5569e92262560652,TID_WL_NO_SIZE_CHOSEN,اختر حجم الحرب أعلاه
47a281f9379e05e5,TID_FEEDBACK_BUTTON1,مشكلة في الشراء
3a491740ea38314f,TID_CLAN_AVAILABLE_FOR_RECRUITING_NO,كلا، شكرًا.
2c05b30a86f22061,TID_NPC80,نوع من الاستفزاز
f4a684ad635e5f11,TID_CLANGAMES_TASK_INFO_DESTROY_BB_STARLABORATORY,دمر <num> من <building> في معارك البنّاء.
a9adff466fdbb0e8,TID_WAR_NOT_ENOUGH_PARTICIPANTS,بدء الحرب يتطلب المزيد من الأعضاء
f4767d3e4faaf8de,TID_BOOSTER_BUILDERS_ALT_2_LINE,جرعة البنّاء
b68e29be63922c38,TID_WL_SEARCHING_FOR_OPPONENTS,جارٍ البحث عن قبائل معادية...
bc92fdd410ec2cb2,TID_CANNON_CART_MORTAR_MODE,وضع مدفع الهاون
608e0d7b4671c253,TID_FIREPLACE,نيران تدفئة
ba32240fa3b5db18,TID_BOOSTER_PET_POTION,جرعة الحيوان الأليف
a0a309e47cf754d9,TID_BP_REWARD_LOCKED_NOT_ENOUGH_POINTS_AND_NEED_PREMIUM,يلزم <num> من النقاط الإضافية والتذكرة الذهبية لفتح هذه المكافأة.
af9e699a6161e151,TID_MORE_INSTAGRAM,تابع Clash of Clans على Instagram!
6993369e19c6065d,TID_TRAP_LOGTRAP,فخ الجذع
97a0fe04eb7a640e,TID_BOB_FEATURE,بوب البنّاء
c2c36b09a0c00c6a,TID_TRAP_FREEZE_INFO,يوقف المهاجمين في أماكنهم، يا له من جو بارد!\n\nمتاح للاستخدام لفترة محدودة فقط
6d2da584dd8eb461,TID_CAPITAL_ARMY_SAVE_FAILED_TOO_MANY_UNITS,هناك عدد كبير جدًا من القوات لهذه القبيلة.
af63cf2a3b20589f,TID_DEVICE_LINK_ERROR_CODE_ERROR_0,حدث خطأ ما. يُرجى المحاولة لاحقًا!
3d30433b4e0cb2a9,TID_GAMES_TASKS_HEADLINE,التحديات
d50d4de9ae5c4526,TID_BUY_PRIZE_SHOP_ITEM_TEXT,أتريد بالتأكيد شراء <item>؟
a020409818b582a2,TID_LEGEND_SEASON_END_INFO,أنهيت برتبة # <rank> عالميًا. تم تسجيل أدائك المذهل في ملف اللاعب الشخصي الخاص بك ليراه الجميع.
cd3f5865effbbbdc,TID_NEWS_BIRTHDAY_TITLE,عيد ميلاد سعيد يا زعيم!
ddf2d4e6b561096b,TID_DEVICE_LINK_ERROR_NOT_ATTACHED_ANDROID,لم يتم ربط قريتك بحساب Google. يُرجى الرجوع إلى شاشة الإعدادات وتسجيل الدخول بواسطة Google Play بدون قرية حالية مرتبطة.\n\nتحذير: سيكون ربط القرية دائمًا ولا يمكن تغييره بعد ذلك.
8df97a8401755c20,TID_THUPGRADE_COMPLETE_INFO,تلقيت التعزيزات التالية:
646d8b3bcaebfe42,TID_CLANGAMES_TASK_INFO_SPEEDY_STARS_MV,اجمع <num> من النجوم من معارك متعددة اللاعبين. يتم احتساب النجوم المكتسبة في الثواني الـ <num2> الأولى فقط.
4ad5bfa4b31f1452,TID_DEVICE_LINK_ERROR_CODE_SAME_PLATFORM_TEXT,لا تحتاج إلى استخدام رابط الرمز للعب على العديد من الأجهزة التي تعمل بنظام التشغيل iOS.\n\nللعب على جهاز iOS آخر، يُرجى التأكد من تسجيل الدخول إلى Game Center على ذلك الجهاز الآخر. ثم سجّل الدخول إلى حساب Game Center نفسه على هذا الجهاز.\n\nوستتم مزامنة تقدمك تلقائيًا من خلال حسابك على Game Center.
507fbdf86ffe3e41,TID_DIAMOND_BUNDLE_MAGICITEMS_BUILDING_BOOK_WITH_RESOURCES,مجموعة كتاب المباني
9bf230a66736ac65,TID_GEAR_INFO_PIERCING_ARROW,لإطلاق سهم خارق ضخم يعبر القرية كلها.
a58735d8697f2d88,TID_LEAGUE_WOOD4_SHORT,الخشب 4
91b561163b223219,TID_TUTORIAL_SHOW_STAGE_2_2,وعثرت على هذا الكهف الجديد تمامًا. انتظر بعض الأمور لأدخل فيه.
027858c5c0a91439,TID_POPUP_EDIT_MODE_COLLECT_TITLE,جمع الكل
6919deab9793ecc1,TID_TRAP_SANTA,ضربة بابا نويل
e5d6efffb49cc68d,TID_WAITING_FOR_ENEMY,في انتظار خصم
5c171463053bbd16,TID_DAILY_TASK_1_DESC,احصل على نجمة من معركة متعددة اللاعبين في القرية الأم.
c9e6240ca480a5fb,TID_MORTAR_INFO_SHORT,يقضي على الحشود المزعجة بقنبلة واحدة.
ba515307eee49292,TID_LAYOUTS_ALREADY_ACTIVE,المخطط مستخدم بالفعل
53aaca9fa639ecfe,TID_CHARACTER_SIEGE_MACHINE_TROOP_CATAPULT,
44642f54c5c6ed47,TID_CLANGAMES_TASK_INFO_USE_SUPER_WITCHES,اربح <num> من النجوم من المعارك متعددة اللاعبين باستخدام <num2> من الساحرات الخارقات.
db1cb0bbe9b8b6c8,TID_MAKE_SCENERY,منظر Supercell Make.\n\nمن تصميم:\n<cff8000><CREDIT></c>
61d8b196133f36d6,TID_PRIMAL_SCENERY,المنظر البدائي
54f1a6d205071906,TID_WL_TAB_CLAN_WARS,سجل الموسم
da5d9e62c8925453,TID_SCENERY_DESCRIPTION,<scenery>
409cb849c2e34f17,TID_NPC11,حرف هجائي يرمز للمدفع
195cddd513a126d3,TID_STARTER_COLLECTGOLD,اربح الذهب!
d427b3bc161f2fdd,TID_TRAP_FREEZE_SP,فخ تجميد الغيلان
0dca85d643b79809,TID_RESUME_BOOST,متابعة
96a371af39d24ba0,TID_STREAM_EVENT_STARTED_WAR_LEAGUE,بدأ بحث دوري حروب القبائل
894209da3a169231,TID_BUILDING_FLAMER,الحارقة
5a8ef3f0a4f23f12,TID_ACHIEVEMENT_CLAIM_BUTTON,مطالبة بالجائزة
8adb7a809ea7856f,TID_PROFILE_BEST_TROHPIES,الأفضل على الإطلاق:
7582ec698791404f,TID_PLUS_ONE_CLAN_STAR,+1 نجمة حرب
51ab5d83dcb57243,TID_BOOSTER_FINISH_SPELL_UPGRADE,كتاب التعويذات
b6e72fdfbdb65aa5,TID_DECO_RUIN_ABANDONED_PYRE,حاوية النيران المهجورة
814276f77b1b4c04,TID_INFO_POP_UP_IAP_NOTE_TITLE,عمليات الشراء داخل التطبيق
4d7902cd3530d7da,TID_CANCELLING,جارٍ الإلغاء
5c1d812c97e94223,TID_BOB_UNLOCK_BUILDING,مركز تحكم بوب
ba5505d8f7cc2f2a,TID_CAPBUILD_MINION_CRYPT,خلية المينيون الصغير
720133e60aa1c938,TID_LEAGUE_PASSED,تم الاجتياز
0a2b017778ac5fc1,TID_PRODUCTION_RATE,معدل الإنتاج: <number> في الساعة
868bdbc455edb0d4,TID_INFERNO_DRAGON_ABILITY_NAME,الشعاع الناري
17cdd5ad10f7173d,TID_PLAYER_LEADERBOARDS,أفضل اللاعبين
c3244d21526ee709,TID_GIFT_RECEIVED_INBOX_TEXT,لقد استبدلت رمز العرض الخاص بك مقابل موارد إضافية بنجاح. تمت إضافة الموارد على اليسار إلى مخزونك.
e2908f0f244da477,TID_CHOOSE_SPELL_MODE,اختر نمط التعويذة
f42e1eddc58f2a9a,TID_TUTORIAL_SELF_DONATING_3,يُفترض أن تكون مفيدة عندما يكون باقي أعضاء القبيلة نائمين.
76d749bae8e73dd4,TID_EVENT_TITLE_NOOB_PACK_0099_0299,عرض ملكي لا يتكرر
630b7d72eed08c67,TID_ENDOFSEP_OFFER_INFO_TH0206_0999,• <booster1> من جرعات البنّاء: سيعمل البنّاؤون الآن بسرعة أكبر 10 مرات لمدة ساعة واحدة.\n• <booster2> من جرعات القوة: عزز قواتك وتعويذاتك لأقصى درجة يسمح بها مستوى قاعة المدينة لمدة ساعة واحدة.\n• <res0> ذهب\n• تخزين بلا حدود!\n• يمكن شراء هذا العرض 4 مرات خلال مدة العرض!\nحان وقت قتال الخريف!
9510a840b157ed03,TID_SIEGE_MACHINE_INVISIBLE_FLYING,
db3a4c37cce3a67b,TID_LINK_DEVICES_ENTER_CODE_TEXT2,أدخل رمز الربط هنا:
6c50a8d99f758ec7,TID_CHARACTER_INFO_DARK_WITCH,تستدعي بشجاعة أسرابًا من المخلوقات الطائرة، وعلى عكس شقيقتها، تترك العشب دون مساس.
923b477f886cd7ff,TID_ELIXIR,إكسير
11873ff115ea1e8c,TID_NO_RIGHTS_TO_EDIT_DISTRICT_LAYOUT,يمكن للقادة والقادة المساعدين فقط تحرير مخططات المنطقة.
4401d9ece0d0a175,TID_BATTLEPASS_TASK_WIN_BATTLES_USING_GOBLINS,خطف الفوز
9d31ab8a9d2a2e89,TID_REVENGE,الانتقام
d906677b7ddb77fd,TID_DIAMOND_FOUND,عثرت على جوهرة في <name>!
203c2a2676550be1,TID_VILLAGE_EDIT_SAVE_FAILED,فشل حفظ القرية، من فضلك حاول ثانيةً.
b5c1ecac35d1cf8f,TID_ALLIANCE_BUTTON_LEAVE,المغادرة
e5e78508cc9d2c95,TID_BP_SEASON_BANK_BB_SIZE_INCREASE,بنك بنّاء\nأكبر
f753f93270b11e18,TID_CLANPERK_DESC_WAR_LOOT_CAPACITY_VALUE,<value>%
138665b89abbd806,TID_NPC_CHALLENGE_TH9_LAVALOON_KING_ABILITY,استخدم قدرة <c9916c8>الملك البربري</c> فورًا للقضاء على <cf70d16>ملكة</c> العدو بسرعة.
b3a9829115b0ced7,TID_DIAMOND_BUNDLE_GOLD_DARK_ELIXIR_INFO,• <gems> من الجواهر\n• <res0> من الذهب\n• <res1> من إكسير الظلام\n\nبدون حدود على التخزين!\n\nلا تفوّت هذا العرض الذي يعطي <cffec78><value> أضعاف القيمة</c> ويأتي مرة واحدة!
0c6911fef37b5723,TID_CAPITAL_ENDLESS_HASTE_SPELL_INFO,زود سرعة قواتك إلى الأبد باستخدام هذه التعويذة!\n\nألقِ هذه التعويذة لإنشاء حلقة تسرع. تزداد سرعة الوحدات التي تسير عبر الحلقة لبقية المعركة.
de4e0f526b76489a,TID_CLANGAMES_TASK_INFO_USE_HEADHUNTERS,اربح <num> من النجوم من المعارك متعددة اللاعبين باستخدام <num2> من صيادات الأبطال.
781f56841138fe9f,TID_ALLIANCE_WAR_LOOT_CONFIRMATION,هل تريد بالتأكيد نقل كل الموارد من الخزينة إلى مخازنك؟
fdbb1b3c24ba074c,TID_TUTORIAL_FORGE_3,وقد سألت كيف تعمل لكنه قال إننا لن نستوعب.
80f7aa01413ddaf4,TID_INFO_EFFECT_TYPE,نوع التأثير:
3aab2bd32b3bc2be,TID_NOT_ENOUGH_SPACE_IN_TREASURY_MULTI,لا توجد مساحة كافية في قاعة مدينتك لاحتواء <num> من <booster>.
e0569a834157b264,TID_STREAM_SHARED_LAYOUT_BUILDER_BASE,شارك مخططًا خاصًا بقاعة البنّاء <num>.
fd12fdc6ade8861e,TID_CAPITAL_RESOURCE_FULL,مساحة التخزين غير كافية!
78f7bb9b9c5a884b,TID_PROFILE_FRIENDS,الأصدقاء
2c68c625f7259d72,TID_BATTLEPASS_PURCHASE_TEXT,افتح أفضل الجوائز من خلال التذكرة الذهبية!
475b2d9aaac8fe6f,TID_TUTORIAL_WAR_LEAGUE_7,لتربح يومًا، نحتاج إلى جمع نجوم أكثر من الخصم.
9812fd5f0232f095,TID_CAPBUILD_AIRBOMBS,القنابل الجوية
b083b7ceaf23ad2a,TID_TENCENT_DOLPHIN_DOWNLOADING_74,更新校验完成文件
be547e0db06f00e1,TID_SHIELD_SCORE_LIMIT,ليس متاحًا لأكثر من <number> من الكؤوس
787a2130d2feb26a,TID_WL_PARTICIPANTS_HEADER,المشاركون في الدوري:
27336c9b150d387d,TID_CANNOT_ADD_MEMBER_TO_WAR_COOLDOWN,هذا اللاعب ليس مؤهلاً للحرب بعد
a54ae0df876c6958,TID_CHARACTER_INFO_BOWLER,هذا الكائن الأزرق الكبير يحب الأشياء البسيطة في الحياة - يشرب إكسير الظلام ويلقي الصخور. ترتد صخوره الضخمة عن الهدف وتصيب ما خلفه لتحقيق ضربة مضاعفة!
1bca9fbef394a802,TID_INFO_POP_UP_TOS_PP_NOTE_KUNLUN,لعبة Clash of Clans مجانية، ولكن يمكنك تسريع تقدمك في اللعبة بواسطة عمليات الشراء داخل التطبيق. انقر على موافق لقبول شروطنا وسياسة الخصوصية.
d0c969e3d4f4a520,TID_POPUP_EDIT_MODE_DISCARD,هل تريد بالتأكيد إلغاء التغييرات التي أجريتها والخروج من وضع التعديل؟
6b7edeef390622b5,TID_DARK_WITCH,ساحرة الليل
909fa47da14fbc7d,TID_TUTORIAL_RAID_TEASER_3,تحل بالصبر قليلاً. تدرب على هجماتك وقم ببناء دفاعات أقوى!
e54a551a1399e3b1,TID_CLANGAMES_TASK_LOOT_DARKELIXIR,سرقة إكسير الظلام
db9f8b39680738a3,TID_CLANGAMES_TASK_INFO_DESTROY_LABORATORIES,دمر <num> من <building> في معارك متعددة اللاعبين.
cafd03e8052d15bb,TID_ACHIEVEMENT_CLAN_GAMES_POINTS_COMPLETED,إجمالي نقاط مباريات القبيلة: <value>
8d252030fe4b489b,TID_ALLIANCE_DEFAULT_TROOP_REQUEST_MESSAGE,أحتاج إلى تعزيزات
606f3a9b557ab273,TID_ARROW_TRAP_INFO,ينتظر مرور مجموعة من الوحدات لتصبح هدفًا سهلاً لوابل من الرماح المدببة القاتلة.
5952ea0c0de6d697,TID_HINT_BOOST_RESOURCES,يمكنك تسريع معدل إنتاج مناجم الذهب ومستخرجات الإكسير بالجواهر بمجرد تحديثها إلى المستوى 5.
06b139e5785da33a,TID_CLAN_TAG_COMPETITIVE,تنافسية
613cb1225331df58,TID_BP_PERK_INCREASE,<num>%\n<perk>
35f8849bc98e0e41,TID_EVENT_STAR_BONUS,<starbonus>أضعاف مكافأة النجوم
b87d2e2fb3665590,TID_BB_LOOT_CART_ALL_COLLECTED,جوائز الدفاع:
16c7d7936cfe2c6b,TID_LEAGUE_EMERALD3,دوري الزمرد 3
6493cd34b26905b9,TID_CLANGAMES_TASK_DESTROY_BB_HEALINGHUT,خراب كوخ الشفاء
7214bc2c9d8915af,TID_TUTORIAL_CLANGAMES_2,هل أنت مستعد لمسابقة بسيطة! ادخل واعرف إذا كنت مستعدًا فعلاً!
a558ecaf7e4f9513,TID_HELP_TRAINING_TROOPS_HELP_POPUP,يمكنك تدريب المزيد من القوات وتركها هنا حتى تتوفر لدى جيشك مساحة فارغة.\n\nملحوظة: يتم تدريب قواتك بشكل أبطأ إذا كانت الثكنات قيد الإنشاء.
82e09594b803f4da,TID_LEAGUE_CHAMPION2_SHORT,الأبطال II
15671f6be61f13f5,TID_MULTI_MORTAR_INFO,يُحدث ضررًا ناريًا متناثرًا بعيد المدى عدة مرات لزيادة فرص إصابة هدفه إلى أقصى حد!
118b7d425fc53472,TID_SCID_PURCHASE_DELIVERED_CONTENTS,تمت إضافة العناصر التالية إلى حسابك:
eba8b9630b8d4108,TID_NOTIFICATION_WL_SIGNUP_STARTED,تم فتح الاشتراك في دوريات حروب القبائل! المجد والجوائز بانتظارك!
5c6bbe79013606bf,TID_RESOURCE_PACK_GOLD_10,ملء المخازن بمقدار 10%
a4af59f0598c8217,TID_EVENT_ARMYSPELL_BOOST_INFO,فز بجيوش كاملة بـ 4 أضعاف السرعة!\nسرّع ما يلي مقابل جوهرة واحدة لكل منها:\n• الأبطال\n• تدريب القوات\n• صناعة التعويذات
f0bde94ce4884443,TID_TENCENT_DOLPHIN_ERROR_6,当前版本不支持更新，请去应用商店下载最新版本。
9ab42b6856a4f9e6,TID_LEAGUE_GOLD2,الدوري الذهبي II
9db3e93784257896,TID_RAID_WEEKEND_SIGNUP_MEMBERS,في غارات نهاية الأسبوع، تقاتل قبيلتك ضد عواصم القبائل الأخرى. استخدم هجماتك وقاتلوا معًا للفوز بجوائز قيّمة.\n\nاطلب من أحد القادة أو القادة المساعدين أو الأعضاء المميزين الانضمام.\n\nتنتهي غارة نهاية الأسبوع خلال: <time>
bf0376e6ef0042af,TID_LOCAL_NOTIFICATION_FORGOT_ARMY,أوه، هل نسيت تدريب جيشك؟
ab42ff7faed9283c,TID_BATTLEPASS_TASK_INFO_WIN_BATTLES_USING_HEADHUNTER,استخدم صيادات الأبطال لربح <num> من المعارك متعددة اللاعبين.
94a28026bddae394,TID_CLANGAMES_TASK_INFO_SPEEDY_STARS_BB,اجمع <num> من النجوم من معارك البنّاء. تُحتسب النجوم المكتسبة في الثواني الـ <num2> الأولى فقط.
7a593f84cc091020,TID_TROOP_HEAL,شفاء القوات: <number>
074f82725a718c8a,TID_EVENT_HUB_ACCESS_INFO,مركز الأحداث
dbe02b7c9bcb3e25,TID_CLANGAMES_TASK_INFO_DESTROY_MORTARS,دمر <num> من <building> في معارك متعددة اللاعبين.
ee52e1b7af5d71b3,TID_DIAMONDS,جواهر
18089746cb616827,TID_MAP_LOCATION_21,المياه العكرة
12a40199fd1f947d,TID_LEAGUE_GOLD,ذهبي
596883aad170a5bf,TID_OBSTACLE_HALLOWEEN2014,ضريح الهالوين
978548437b136b99,TID_CLAN_TAG_INTERNATIONAL,عالمية
f2dd83416e720126,TID_DIAMOND_BUNDLE_MAGICITEMS_RESOURCE_POTION_ONLY,كومة جرعات الموارد
490f5509f932e753,TID_DECORATION_8YEAR_BIRTHDAY_STATUE_INFO,يتمنى لك التاجر عيد ميلاد ثامنًا لذيذًا!
0da19c17fb3f018c,TID_MEDAL_EVENT_COMBAT_ITEM_LOCKED,اجمع المزيد من <soft_currency> للفتح
c4038807157f25d3,TID_CLASHFEST_SCENERY,منظر مهرجان Clash
121d418519f51dee,TID_DEFEATED,هزيمة
0174e9b253cb952a,TID_UPGRADE_INFO_SPECIAL_ABILITY_IMPROVED,تحسن قدرة <name>!
30a45cd53701e836,TID_TROOP_SPEED_UP_SUCCESS,انتهى تدريب القوات!
93f2fcc5e3a06c22,TID_BATTLEPASS_TASK_WIN_BATTLES_USING_EARTHQUAKE_INFO,استخدم تعويذات الزلزال لربح <num> من المعارك متعددة اللاعبين.
c72b2a75f245b3d6,TID_CONFIRM_ALLIANCE_GAMES_SPEEDUP,تجاوز الانتظار واستعد لتحدٍ جديد الآن بإنفاق <number> من الجواهر؟
a2cc1db0d1917ec6,TID_CAPBUILD_SPELLLAB_JUMP,مصنع تعويذة القفز
0a7e2067c089baef,TID_CHARACTER_INFO_HEADHUNTER,لدى صيادة الأبطال وظيفة واحدة، وهي التخلص من أبطال العدو. تعمل أيضًا عند عطار القرية. إنها رشيقة بما يكفي للقفز فوق الجدران، وتبطئ أسلحتها المسمومة من تصيبهم، كما تبطئ هجومهم أيضًا.
e8311648b745d055,TID_ALLIANCE_MAIL_FAIL_COOLDOWN,يجب أن تنتظر قبل إرسال بريد ثانيةً
ace268f0fe7a4c44,TID_HINT_TESLA_TARGET,يمكن للتيسلا المخفية مهاجمة الوحدات الجوية والأرضية
1f00642580fa31f2,TID_HERO_SLEEPING,نائم
d26d02f75039cfcf,TID_AVAILABLE_LOOT,الغنائم المتاحة:
3028463c2f762b11,TID_CONGRATULATIONS,تهانينا
d623676c3f5b95ce,TID_ACHIEVEMENT_WL_STARS_COMPLETED,إجمالي النجوم المحرزة للقبيلة في معارك دوري الحروب: <value>
f7d5acb1353b25d0,TID_OPEN_GAMECENTER_BUTTON_ANDROID,تسجيل الدخول إلى Google
1e27d50e2647f4fe,TID_SUPERCELL_ID_TITLE,Supercell ID
d1865b3b91437cae,TID_COPY_LAYOUT_FAILED_DISTRICT_MISSING,لم يتم فتح المنطقة الخاصة بهذا المخطط بعد.
6d7eb12fd69d158d,TID_CAPITAL_FROST_INFO,في ظل اشتعال المعارك يجب أن تحافظ على برود أعصابك!\n\nاستخدم تعويذة الصقيع لإبطاء الدفاعات والمدافعين أو لإنشاء جسر ثلجي على الماء.
c57c099cbf8a3201,TID_USE_TROOP_EVENT_ACHIEVEMENT_NAME,استخدم <unit> من الوحدات
4034d8426b9cd4b2,TID_NPC71,الخريطة الورقية
acbf952e249afd44,TID_LAYOUTS_ACTIVE_LAYOUT,مخطط نشط
850cac0d6a2aa5ad,TID_REGULAR_THEMED_PREPARE_OFFER_INFO_TH0712_1999,• <res0> إكسير الظلام\n•<res1> إكسير\n• <booster1> من كتب الأبطال: لإكمال أي ترقية جارية للأبطال فورًا.\n\n• لا حدود للتخزين!\n• يمكن شراء هذا العرض 3 مرات خلال الفترة المحددة.\n• قم بترقية الأبطال والقوات واستدع التعويذات الأكثر قوة!
b445dc5c55fc5c30,TID_GEAR_INFO_HOG_TOTEM,تستدعي سلسلة من راكبي الخنازير.
b9c0a8b84d74b02f,TID_TRADER_UNLOCKS_TEXT,يصل التاجر عند قاعة المدينة من المستوى <value>
55c4c2969117d136,TID_ACHIEVEMENT_SPELL_DONATION,التبرع بقيمة <number> من سعة تخزين التعويذات
370936e7f6e396de,TID_DIAMOND_BUNDLE_MAGICITEMS_FIGHTING_BOOK_WITH_DARK_ELIXIR_INFO,• <res0> إكسير الظلام\n• <booster1>x كتاب القتال\n• لا حدود للتخزين!\n\nكل ما تحتاجه لترقية قوات الظلام!
eff0fe487c19d004,TID_TOWN_HALL_16_INFO_SHORT,أطلق قوة الطبيعة!
fa95ba427e1b23c4,TID_FEATURE_DARK_ELIXIR,إكسير الظلام
5fa389f485e93438,TID_CAPITAL_TUTORIAL_3,أخيرًا. هلم! فهناك الكثير لتفعله وليس أمامك متسع من الوقت. أسرِع.
3e38d5ffc3671312,TID_BATTLEPASS_TASK_INFO_WIN_BATTLES_USING_ELECTRO_TITAN,استخدم المحاربات الكهربيات الجبارات لربح <num> من المعارك متعددة اللاعبين.
5ecb1c818976443e,TID_EVENT_HUB_ACCESS,مركز الأحداث
158e132b2aa38629,TID_BUILDING_ELIXIR_STORAGE,مخزن الإكسير
9b025612b70bf1ef,TID_SUMMER_QUEEN,ملكة الصيف
067b4c1d89f35c68,TID_CAN_COPY_ONLY_SAME_BH_TO_YOUR_OWN,لا يمكن نسخ المخطط إذا لم يتطابق مستوى قاعة البنّاء مع مستوى قاعة البنّاء لديك.
0befc36c27ad84f7,TID_POPUP_BREAK_SHIELD,أتريد إزالة الدرع؟
bec9e42264d73026,TID_LEAGUES_DIVISIONS,الأقسام
224d1730826dc26d,TID_BATTLEPASS_TASK_WIN_BATTLES_USING_YETI,ضربة الييتي
a5f5495a63fde15d,TID_TUTORIAL_LOOK_LABORATORY,أنا بنّاء خبير! هل تريد أن ترى مبناي المفضل؟ إنه يمنح القوات قدرات خاصة!
aa45ac427a9c29eb,TID_CAPITAL_GOLD_STORAGE_FULL_TITLE,هل أنت متأكد؟
0ff4fc2ab31ee3d5,TID_CLANGAMES_TASK_INFO_WIN_STARS_VS_TOWNHALL_14,اربح <num> من النجوم ضد خصوم من قاعة المدينة 14 في المعارك متعددة اللاعبين.
f6ce1504155e17aa,TID_POPUP_BOOST_ELIXIR_COLLECTOR,مضاعفة إنتاج الإكسير لمدة <time>؟
717d79822c2328a0,TID_REMOVE_FRIEND_BUTTON,إزالة الصديق
49fa314c133a7503,TID_FEATURE_HERO_GEAR,المعدات
4621bba0901b8d74,TID_GOLD2_ALT,ذهب البنّاء
ce7870f8d27ed1e7,TID_BUILDING_TOWN_HALL2,قاعة البنّاء
49111f9e57665208,TID_CANNON_ABILITY_HELP,يستمر المدفع في الإطلاق بعد تدمير العربة ممتلكًا <num2> من نقاط الإصابة المؤقتة
6685aee28f5d9a97,TID_ACHIEVEMENT_DESTROY_SCATTERSHOT_COMPLETED,إجمالي المجانق المحطمة: <value>
b1293594a4e833fd,TID_CLANGAMES_TASK_WIN_STARS_USING_SKELETON_INFO,اربح <num> من المعارك متعددة اللاعبين باستخدام <num2> من تعاويذ الهياكل العظمية.
544a2d76532c9422,TID_CLAN_TAG_VETERAN,مخضرمة
b87fb0d44ad4f4d6,TID_CHARACTER_WATER_DRAGON,التنين المائي
dce477f70179f4ad,TID_DIAMOND_BUNDLE_TH4,حزمة قاعة المدينة 4
b41518c77b42ff37,TID_STAYS_AT_TEXT,باقية في
8aa118f4c39c8235,TID_CAPBUILD_ROCKET,مدفعية صاروخية
9c9bde42c396b511,TID_STREAM_REQUESTED_REINFORCEMENTS,المطلوب:
85602aad57717d2e,TID_NEWS_BOMB_TOWER_UPGRADES_TITLE,ترقيات جديدة
0744bdb6c5cd5edb,TID_ALLIANCE_WAR_PREPARATION_TIME_TITLE,يوم الاستعداد
388886a8809b6894,TID_HINT_CANNON_TARGET,المدافع لا تضرب إلا الوحدات الأرضية فقط
02462a417484b686,TID_CLANGAMES_TASK_INFO_USE_WITCHES,اربح <num> من النجوم من المعارك متعددة اللاعبين باستخدام <num2> من الساحرات.
1d6c254bd06ff5d5,TID_GOBLIN,غول
21e0b6bff6e0017d,TID_SKIN_PREVIEW,معاينة المظهر
5403c07f75e9da6c,TID_REPLAY_SPEED,سرعة إعادة العرض:
57c0bd4806eb0f10,TID_ACHIEVEMENT_WAR_STARS_COMPLETED,إجمالي النجوم المحرزة في معارك حرب القبائل: <value>
854adde8374aea1e,TID_BATTLEPASS_TASK_WIN_BATTLES_USING_BOWLERS,وقت الضرب
fa1dbfac05fd54e0,TID_CLANPERK_COMPLETED,مكتمل!
05470927eeeb39f8,TID_GIANT_ABILITY_NAME,لكمة القوة
5c32dd75f1d1c8fc,TID_HINT_BUY_TROOP_HOUSING,قم بترقية معسكرات الجيش لبناء جيش هائل!
55c141aa098ca2b0,TID_BUILDING_TEXT_TRAIN,تدريب
ba32a826763740c5,TID_NPC_CHALLENGE_LOON_2,انشر مجموعات متعددة للتقليل من الضرر الانتشاري الذي تتسبب فيه الفخاخ و<cf70d16>أبراج السحرة</c>.
18ed87e5bf4549b6,TID_POPUP_REMOVE_REINFORCEMENTS_TEXT,هل ترغب حقًا في إزالة التعزيزات؟ لن تتم إعادة التكاليف إليك.
1dad4913854a2acb,TID_SHOP_SHIELD_2D,درع لمدة يومين
4ad854ad264435fc,TID_WL_COLUMN_DESTRUCTION,الدمار %
cc40d20cd1cdc3aa,TID_GIFT_CLAIM_FAILED_NOT_PART_OF_CLAN,لا يمكنك المطالبة بالهدية؛ لستَ عضوًا في القبيلة!
c933fd53dfef2048,TID_CLEARED_LEVELS,المستويات التي تم إنهاؤها:
8a338edbda5dd51f,TID_EVENT_ARMY_INFO,دمّر القرى بهذا الجيش! أصبحت كل وحدة الآن أقل ثمنًا بنسبة <num>%!
444b07f3df90b7df,TID_EVENT_CHRISTMAS_SPELL_UPCOMING,اليوم الأول من Clashmas
dbf09f807f59f700,TID_ATTACK,هجوم
6897d97dcbf89336,TID_SHIELD_POPUP_NONE_TITLE,الدرع غير نشط
25a96f281b7f5620,TID_NOT_ENOUGH_SPACE_CC_REQUEST,لا توجد مساحة كافية في قلعة القبيلة، ويلزم التبرع بالعناصر المطلوبة.
a3c48620b76927c1,TID_HINT_XBOW_TARGETS_1,يمكنك إعداد القوس لمهاجمة الأهداف الجوية والأرضية في مدى قصير.
fe2a65dd4135d322,TID_TUTORIAL_CANNON_4,ضع المدفع في القرية. يجب أن نحمي قاعة المدينة!
de2739a421c33a43,TID_LEAGUE_WOOD1,دوري الخشب 1
b2caea2c453afa4b,TID_HINT_UPGRADE_WALLS,قم بترقية جدرانك لإبطاء العدو
587a14dc2e98ccf5,TID_MINION_HORDE,حشد المينيون
491e011d511742ad,TID_CHARACTER_INFO_AD_SEEKER_FRAG,اهجم بأعداد كبيرة بعد موت كلب الحمم، هذه المخلوقات الصغيرة تجعل المعركة مستمرة لفترة أطول قليلاً.
7b0436afaa66c150,TID_REGULAR_THEMED_BATTLE_OFFER_INFO_TH0206_1999,• <res0> ذهب\n•<res1> إكسير\n•<booster1> من جرعات القوة: لتعزيز قواتك وتعويذاتك إلى أقصى حد لمدة ساعة واحدة حسب ما يسمح به مستوى قاعة المدينة.\n\n• لا حدود للتخزين!\n• يمكن شراء هذا العرض 3 مرات خلال الفترة المحددة.\n• قُد قبيلتك إلى معركة المجد مع هذا العرض الخاص!
caf7ccfe8bcde925,TID_BARCHER_ABILITY_NAME,عباءة الغضب
4b18ff29cb37dbcb,TID_NPC_CHALLENGE_TH7_DRAGON_BARBARIAN_KING,انشر <c9916c8>الملك البربري</c> لحماية <c54a0fe>التنانين</c> من <cf70d16>أبراج راميات السهام</c>.
f459ea274a6397cc,TID_CHARACTER_INFO_PEKKA_SHORT,مسلح بسيف وحشي هائل.
922cadec6fe860c6,TID_WAR_STARTS_IN,ستبدأ الحرب خلال:
e9d1745b66b4d524,TID_TRADER_OFFER_TAB,الجواهر
6245fe2bfd3d8f63,TID_ALLIANCE_JOIN_ERROR_NOT_FAMILY_FRIENDLY,هذه القبيلة مخصصة لأنواع معينة فقط من الحسابات. يرجى البحث عن قبائل أخرى للانضمام.
926bb9d722d6d705,TID_GOBLIN_THROWER_INFO,يقذف اختراع الغيلان المتقن هذا البراميل المملوءة بالغيلان على المهاجمين بسرعة، ثم يرمي هؤلاء الغيلان رماحًا حادة على المهاجمين. ولكن ماذا ترمي الرماح؟
8369920ecbac3965,TID_POPUP_HEADER_ABOUT_TO_BOOST_VILLAGE,تعزيز مجاني!
6e6d654643455905,TID_SCENERY_CHESS,منظر الشطرنج
f62eab476f24f7e3,TID_NPC66,عملية الطموح الكبير
bc8344fd9090c482,TID_DIAMOND_BUNDLE_BH8_INFO_ALT,• <gems> من الجواهر\n• <res0> من الإكسير\n• <res1> من الذهب\n\nبدون حدود على التخزين!\n\nلا تفوّت هذا العرض الذي يعطي <cffec78><value>أضعاف القيمة</c> ويأتي مرة واحدة!
33a29d6e35f50f8c,TID_INVITE_FRIEND_CONFIRMATION,هل تود إرسال طلب صداقة Clash إلى <name>؟
6e50c50ce7d75918,TID_SHUTDOWN_STARTED,سيتم إغلاق اللعبة لفاصل صيانة قصير خلال 5 دقائق. يكون الهجوم مُعطلاً أثناء الفاصل.
305277690fe038a8,TID_ALLIANCE_WAR_ENEMY_TEAM,فريق العدو
170fa2ad6c7f4bea,TID_CHARACTER_INFO_SNEAKY_ARCHERS,تمثل فرقة راميات السهام المتسللة الحل الأكيد للقضاء على أهداف مهمة، وتبقى كذلك حتى تظهر للعيان.
da7dfd3e557fb760,TID_WAR_STATS_HEADER_TOTAL,الإجمالي
b24cd8c42d2d5c74,TID_ALLIANCE_UNAVAILABLE,معلومات القبيلة غير متاحة
158426f4d87f453e,TID_CONVERSION_OFFER_GEMS_NOOB_INFO_0099_0299,• <res0>x من الجواهر\n• <booster1> من جرعات التدريب: لرفع كفاءة الثكنات، ومصانع التعويذات، والورشة، وإعادة إنتاج الأبطال لمدة ساعة واحدة.\n\n• لا حدود للتخزين!\n• يمكن شراء هذا العرض مرة واحدة خلال الفترة المحددة.\n\nاحصل على المساعدة مع هذا العرض المذهل المتاح مرة واحدة!
d6d1adbe1b4c2a93,TID_DECO_FIRST_BARBARIAN,البربري الأول
b6e1f82fd1e52114,TID_CREATE_CLAN_ARRANGED_WARS_INFO,أتريد السماح للقبائل الأخرى بإرسال تحديات حرب ودية لك؟
ddac9f02ee0f65c0,TID_SPECIAL_OFFER_INFO_EASTER_LIMITED_4999,• <booster1>x خاتم الجدران\n• <booster2>x تميمة الإكسير\n• <booster3>x تميمة إكسير الظلام\n• <booster4>x تميمة الذهب\n\n• لا توجد حدود للتخزين!\n• يمكن شراء هذا العرض 4 مرات!\n\nاحصل على الموارد التي تحتاجها، وارفع مستوى جدرانك من خلال هذا العرض الرائع!
bbe6d9e18dd4ba5e,TID_DECO_COFFIN,التابوت المريح
11be1251e5018c42,TID_WL_COLUMN_ATTACKS,الهجمات
c9bdb5803360abd1,TID_NEWVILLAGE_LOG_INFO,انتظر حتى ينهي الخصم هجومه! سيفوز صاحب الهجوم الأفضل!
71381054f8e979e7,TID_DIAMOND_BUNDLE_MAGICITEMS_EVERYTHING_BOOK_INFO,• <gems>الجواهر\n• <booster1>x كتاب كل شيء\n• لا حدود للتخزين!\n\nأكمل أي ترقية فورًا من خلال كتاب كل شيء المذهل!\n\nلا تفوت هذا العرض!
ffb79ce96aaa5f46,TID_ARMOREDMACHINE,الآلة المدرعة
2f5010eb32b4d319,TID_CAPBUILD_BARRACKS_SUPER_DRAGON,ثكنات التنانين الخارقة
40fc21c6a2f02d63,TID_CLANGAMES_TASK_INFO_DESTROY_DARKELIXIRSTORAGES,دمر <num> من <building> في معارك متعددة اللاعبين.
1c3dbc9e2eef83ea,TID_DIAMOND_BUNDLE_GOLD_ELIXIR_DARK_ELIXIR_INFO,• <gems> من الجواهر\n• <res0> من الذهب\n• <res1> من الإكسير\n• <res2> من إكسير الظلام\n\nبما يفوق حدود المخزن!\n\nهذا العرض لن يتكرر وهو أفضل عروضنا <cffec78>على الإطلاق</c> - فلا تفوّته!
f344470f401a6db5,TID_ALLIANCE_WAR_STATS_TAB,إحصائيات الحرب
2ef83ac0db023eb3,TID_CHAT_JUST_BANNED,قام لاعبون آخرون بالإبلاغ عن قيامك بتعليقات غير لائقة. تم كتمك لمدة <time>.
6564ab592a7ec173,TID_UNDERAGE_PLAYER_PLAYTIME_ENDED_KUNLUN,根据国家防沉迷通知的相关要求和最新强化的防沉迷政策，由于您是未成年玩家，仅能在周五、周六、周日及法定节假日每日20时至21时登录游戏，在上述时间段之外无法游戏，请注意休息。
b1ac567de5ec0fd6,TID_DIAMOND_BUNDLE_TH13_ALT_INFO,• <res0> إكسير الظلام\n• <res1> ذهب\n• <res2> إكسير\n\nلا توجد حدود على التخزين!\n\nلا تفوّت هذا العرض الذي يمنح <cffec78><value> من أمثال القيمة</c> ويأتي مرة واحدة!
e6a2537d5f1d82bd,TID_CAPBUILD_BARRACKS_CANNONCART_INFO,ورشة لعربات الغارات. طريقة تجميع العربات واضحة، ولكن من أين يأتي البرابرة؟
44dc5b20f5c2fd00,TID_NPC3,قفاز الغول
eb3d8f6704ffe084,TID_LEAGUES_III,III
6ca870d2de27f812,TID_TUTORIAL_STARTER_CHALLENGE_1,أعددت لك بعض التحديات لتواجهها!
35708f186b5adda2,TID_HINT HEROES_REGENERATE,عالج بطلك بأن تتركه ينام أو باستخدام زر الشفاء.
9d7ebf5f555248a1,TID_ACHIEVEMENT_CASTLE_REPAIR,إعادة بناء قلعة القبيلة
a713baf10dd3ef22,TID_REPORT_CONFIRM_SCREENSHOT,你确定要提交这张截图作为证据吗？
2d829a1b04aaff46,TID_CHARACTER_FIRECRACKER,رامية المفرقعات
5c9d591400aca3d6,TID_CHANGE_NAME_TITLE,تغيير الاسم
b9d69c8c11a878f0,TID_STAR_BONUS_BOOST_TEXT_BONUS,يمنحك تعزيز مكافأة النجوم الجاري <num> من أمثال المكافأة.
4b07de2e75cdbaed,TID_LEAGUE_COPPER2,دوري النحاس 2
a2e3235e24153919,TID_CLANGAMES_TASK_USE_HEALERS,شفاء القوة
5b95b76cbd245370,TID_BUTTON_HOME,العودة للصفحة الرئيسية
d101f8f88d3760fb,TID_DARK_ELIXIR,إكسير الظلام
d7a477fcf5c6b4ad,TID_DIAMOND_BUNDLE_TH8,حزمة قاعة المدينة 8
50036a66e40e85eb,TID_REPLAY_SHARED_SUCCESS,تمت مشاركة إعادة العرض!
145a3cdef84c28bc,TID_TUTORIAL_ELIXIR_2,يمكنك ضخ الإكسير من الأنابيب تحت الأرض. فلنجرب هذا!
816eeec66853a6df,TID_BUTTON_ATTACK_MODE_NEAR_FAST,هجوم سريع
4aadaf8276be3f18,TID_BP_REACH_NEXT_TH_TEASER,ابلغ قاعة المدينة <th> لفتح تحديات جديدة
52ac0917035e6466,TID_WAROPTIN_COUNTIN,اختيار
2ce2b0275328af65,TID_GEAR_TYPE_OTHER,غير ذلك
5e6c23967a301521,TID_WL_STATS_DESTRUCTION,الدمار
a369beb08ff97c8b,TID_ALL_TROOPS_USED,تم نشر جميع القوات
e774a212e6d6f6ad,TID_RAID_INFO_TAB_REWARDS,تربح قبيلتك أوسمة الغارات من الهجوم والدفاع على حد سواء خلال عطلة نهاية الأسبوع في الغارة. توزع أوسمة الغارات في نهاية غارة نهاية الأسبوع على جميع المهاجمين. ستحصل على أوسمة غارات عن كل منطقة دمرتها قبيلتك. كلما كانت المنطقة قوية، زادت الأوسمة. تربح أوسمة الغارات أيضًا نظير الدفاع المحكم لعاصمة قبيلتك أمام القبائل الأخرى؛ لذا فاحرص على وضع مخططات إستراتيجية محنكة لتصعب هزيمة مناطقك بقدر الإمكان.\n\nعند شن الهجوم خلال الغارات، يمكنك اغتنام ذهب العاصمة من تدمير المباني.
2cd7709d0c16d69c,TID_BOOSTER_MAX_LEVEL_ARMY_ALREADY,تم تعزيز جيشك بالفعل!
04067cfec0a10b9e,TID_NPC_CHALLENGE_TH8_GOWIVA_HOG_RIDER,انشر <c54a0fe>راكب خنزير</c> لاستقطاب قوات العدو خارج <cf70d16>قلعة القبيلة</c>.
37646c940565bcaf,TID_3_WIN_BONUS,مكافأة الفوز 3 مرات
fbf902ef12490aca,TID_ACHIEVEMENT_WAR_LOOT_COMPLETED,إجمالي الذهب المجموع من مكافآت حرب القبائل: <value>
ee39237142130f67,TID_DEMOTE_TO_MEMBER_CONFIRMATION,تخفيض رتبة <name> إلى عضو قبيلة؟
018f3a298fe09a06,TID_LEAGUE_III,III
3cf89312eb266b9f,TID_WL_BUTTON_SEND_BONUSES,منح المكافآت
addcd6271ff05869,TID_NPC_CHALLENGE_TH9_BABYDQW_POISON,استخدم <ce98714>تعويذة السم</c> لإبطاء <cf70d16>أبطال العدو</c>.
e096bc0117f30d54,TID_LEGENDS_SET_CASTLE_TROOPS_TEXT,أتريد استخدام قوات قلعة القبيلة في دفاعات يوم الدوري التالي؟
88fdd3da3cd3d57f,TID_CHARACTER_INFO_BATTLERAM,ينطلق أربعة برابرة يمسكون بجذع ضخم لضرب هدفهم، محدثين ضررًا إضافيًا هائلاً عند الاتصال؛ ثم يواصلون القتال بسيوفهم!
26a69f6e7efd0b57,TID_MEDAL_EVENT_INFO_TRACK_ENDED,نفد <soft_currency>، لكن ما زال أمامك وقت للمطالبة بالجوائز وإنفاق <hard_currency> عند التاجر.
5cad156183e3b1f6,TID_NUMBER_THREE,3
717ed9e2b38c240a,TID_LEAGUE_BRONZE3,الدوري البرونزي III
fca1ec0852b9dd81,TID_ARRANGED_WAR_SELECT_MEMBERS_HINTS,لا تأتي الحروب الودية بغنائم أو نقاط خبرة القبيلة
8036271e39a9ca59,TID_DEVICE_LINK_ERROR_ALREADY_BOUND_TO_ALL_PLATFORMS,تم ربط القرية الحالية بالفعل. يمكن إجراء الربط مرة واحدة فحسب.
adc2ecadefb6db93,TID_BATTLEPASS_TASK_WIN_BATTLES_USING_HOGRIDERS,فرسان الخنازير
bf2cf4bc71bc5d01,TID_BOOSTER_WALL_UPGRADE_OFFER_INFO,<num> من خواتم الجدران: قم بترقية الجدران على الفور (قد تتطلب الجدران ذات المستويات الأعلى عدة خواتم للترقية)
64ad052b2f617c38,TID_EVENT_UPCOMING_TIME,<number> من الأيام
41e88f65d9841d73,TID_NEWS_TH11_UPDATE_HERO_TEXT,• أتقن تكتيكات جديدة قوية في أرض المعركة وذلك بتعزيز وحماية قواتك\n• الآمر الكبير يقوي كل القوات القريبة ويمكنه أن يجعلهم لا يقهرون بشكل مؤقت!\n• يقفز، ويطير - يمكنك ملائمة الآمر الكبير في أي إستراتيجية وجعل جيشك يتألق
a1f880b801b9c4cb,TID_XBOW_LOADING_COST,تكلفة التحميل: <number> <resource>
280715b51fc62af3,TID_STAR_LABORATORY_UPGRADING_CANNOT_START_UNIT,لا يمكن بدء ترقية الوحدات أثناء ترقية معمل النجوم
1536b5aa4f6e5155,TID_FAMILY_FRIENDLY_DISABLE_POPUP,صممنا القبائل الملائمة للعائلة بحيث تضمن سلامة اللاعبين من خلال معايير تصفية أكثر صرامة في الدردشة. إذا غيرت هذا الإعداد، فقد تتم إزالة بعض اللاعبين من القبيلة. يرجى العلم بأنه لا يمكنك تغيير هذا الإعداد لاحقًا.
05f35887c1392ee8,TID_MOVE_OBSTACLE_CONFIRM,هل تريد استخدام <booster> لتحريك <obstacle> هنا؟
aa20dff08e4bba33,TID_HINT_LABORATORY_UPGRADES,لا يمكنك إلغاء الترقيات في المعمل بعد بدئها. خطط مسبقًا!
276dfaf287de60a2,TID_CLAN_GAMES_CLAIM_BONUS_REWARD_BUTTON,المطالبة بالجائزة
7675019edfdc925b,TID_ENEMY_TERRITORY,منطقة العدو
0be73a646bb58111,TID_SPELL_DUPLICATE_HOUSING,سعة الاستنساخ: <number>
bd97516f2074524c,TID_EVENT_TITLE_CHINESENEWYEAR,عرض العام القمري الجديد
f9353e2b40dd2d22,TID_CHALLENGE_TH7_HOG,جنون الخنازير
59fc6eb0fcc5cef4,TID_PREVIOUS_BEST,الأفضل سابقًا
5c56d667dac1a4c6,TID_OBSTACLE_HALLOWEEN2019,شجرة مخيفة
0c49234328bf7739,TID_NOT_ENOUGH_RESOURCE,لا يوجد لديك ما يكفي من <resource>!
9c8148234d9e10ea,TID_PRESET_ORIGINAL_TROOP_ALREADY_INCLUDED,القوة الأصلية ضمن الجيش بالفعل.
33c0ee4a5476bafc,TID_NPC_CHALLENGE_TH9_BABYDQW_BABY_DRAGONS,تم تدمير معظم <cf70d16>الدفاعات الجوية</c>. حان وقت نشر <c54a0fe>التنانين الصغيرة</c>!
d804b193247440fd,TID_VALKYRIE_QUEEN,فالكيري الملكة
3034e91822eb52c6,TID_BUTTON_SWAP_SKIN,تغيير المظهر
bd305cde65e44c11,TID_BUILDING_GOLD_STORAGE,مخزن الذهب
ae62d637d8f1d794,TID_UPGRADE_INFO_HOUSING,<old> عدد الوحدات في كل معسكر للجيش (+<num>)
fdca294319ed41ea,TID_NPC_CHALLENGE_TH7_MINION_RAGE2,سيدمر <c54a0fe>المينيون</c> أهدافهم بسرعة بمساعدة <cf07bf8>تعويذة الغضب</c>.
a009a7c9eb336a00,TID_LEGENDS_SHIELD,درع الأسطورة
aa7a1c772f8877ca,TID_TREASURY_WINDOW_TITLE,خزينة
5bb2f971e908ae76,TID_GIANT_SKELETON,هيكل عظمي عملاق
9f754cf1d90b054b,TID_TUTORIAL_CAPITAL_UPGRADE_2,في العاصمة تقوم قبيلتك بأكملها بترقية المباني معًا. يمكن لكل عضو المساهمة بذهب العاصمة.
18ba275bbb1df159,TID_CLAN_GAMES_CENTRE,أراضي المعارض
f864873f2d6f0c8c,TID_CAPITAL_TUTORIAL_2,لماذا كل شيء هنا صغير جدًا؟ هل هذه قرية للنمل؟
a969b438f5e109f6,TID_ALLIANCE_WAR_VICTORY,انتصار
b430081ca8792e85,TID_MOVE_MASTER_BUILDER_CONFIRMATION_TITLE,هل أنت مستعد للسفر؟
7f74df7756367f54,TID_PIRATE_CHAMPION,البطلة القرصانة
6bef84191d8cdd08,TID_DECORATION_SNOWMAN_INFO,لديه جميع المزايا التقليدية لرجل الثلج: شعر أصفر رائع، وعينان صغيرتان براقتان، وهيكل من الثلج الصلب.
14bec7c7fb8b61be,TID_TUTORIAL_REINFORCEMENT_CAMP_INTRO_1,كنت أعتقد أن مهاجمة الآخرين أصحاب المرحلتين أمر خادع.
94a209474f3a0dce,TID_CLAN_SETTINGS,إعدادات القبيلة
6c146af7d918cf61,TID_STARTER_TH2_LOOTGOLD,ناهب الذهب
0b2638c3fa02a816,TID_ACHIEVEMENT_DESTROY_BUILDER_COMPLETED,إجمالي أكواخ البنّاء المحطمة: <value>
71081a53eb3133e8,TID_FINISH_SPELL,إنهاء الآن:
cddf84039ce83af0,TID_STARTER_TH5_BUILDSPELLFACTORY,الحركات السحرية
dc59d19532f180ff,TID_COOLDOWN,فترة الانتظار:
f0a48ff92479baff,TID_JUNGLE_KING,ملك الأدغال
aa2640e29430b6cc,TID_BOOMBOX_EVENTS,الأحداث
2d081fac73b0ce1b,TID_NPC_CHALLENGE_TH10_MINER_HEALS,استخدم تعويذات الشفاء للحفاظ على نقاط صحة <c54a0fe>عمال المنجم</c> عند تعرضهم لإطلاق النار الشديد.
6ce3eec2441edcca,TID_GOOGLE_PLUS_SIGNIN_TUTORIAL,هل لديك قرية بالفعل؟
6786c063b497726f,TID_AVAILABLE_AT_TOWN_HALL_LEVEL,ستجد <name> في قاعة المدينة من المستوى <number>
3c2e294cda798062,TID_BUILDING_TESLA_TOWER,تيسلا مخفية
3c6eb3e4280b515b,TID_STARTER_INFO_SECUREACCOUNT,احم قريتك بالاتصال بشبكة تواصل اجتماعي.
47267201e5af91f1,TID_HAMMERJAM_OFFER2_MAGICITEMS_WALLRING_AND_ALLRUNES_INFO_4999,• <booster1> من خاتم الجدران\n• <booster2> من تميمة الإكسير\n• <booster3> من تميمة الذهب\n• <booster4> من تميمة إكسير الظلام\n\n• لا توجد حدود للتخزين!\n• يمكن شراء هذا العرض 4 مرات!\n\nابدأ ترقياتك باستخدام مجموعة التحديث المدهشة هذه!
50f277136e164a57,TID_CAPBUILD_BARRACKS_BARBARIAN_INFO,منطقة سجال للبرابرة الخارقين. تنبعث منها رائحة الشجاعة والعرق.
92b7ee8201948332,TID_LEAGUE_SILVER2,الدوري الفضي II
072af959a9ac6e40,TID_POPUP_UPGRADE_WALL_SECTION_TITLE,ترقية الجدران
c0db9b3a61b00293,TID_DIAMOND_BUNDLE_MAGICITEMS_HEROES_BOOK_WITH_DARK_ELIXIR_INFO,• <res0> إكسير الظلام\n• <booster1>x كتاب الأبطال\n• لا حدود للتخزين!\n\nكل ما تحتاجه لترقية الملك البربري والملكة رامية السهام!
774331b671b84c0a,TID_BOOSTER_SUPER_POTION_ALT_2_LINE,الجرعة الخارقة
231e85c9e717be22,TID_CHARACTER_YETI,ييتي
cc22caed0fd3cc92,TID_GEAR_FIRE_IN_A_CAN,القداح السحري
d7bdc63aee30d1d8,TID_CONTAINER_MAX,الأقصى: <amount>
de2a69276b271660,TID_KICKED_FROM_ALLIANCE,تم طردك من القبيلة: <msg>
b0dbe30fa584b538,TID_MAX_SECONDARY_UNITS,الوحدات المولدة: <number>
b758733715240f21,TID_SKELETON_KING,ملك الهياكل العظمية
1594516148845c41,TID_CHARACTER_INFO_SIEGE_MACHINE_CARRIER_SHORT,تخرج السحرة وبيكا لينوبا عنها في أعمالها التخريبية.
d86da822a5892f2d,TID_ACHIEVEMENT_DESTROY_WEAPONISED_TH,دمر <number> من قاعات المدينة المسلحة في معارك متعددة اللاعبين.
fa746ae9ef556da3,TID_ACCOUNT_DELETION_WARNING_CONTACT_PS,لقد طلبت حذف هذا الحساب. أمامك <time> لإلغاء الحذف.
4131959109674ae0,TID_ACHIEVEMENT_DESTROY_INFERNO,تدمير <number> من أبراج النار في معارك متعددة اللاعبين
723a49fe3428768a,TID_NPC_CHALLENGE_GET_RID_OF_CC_WITH_POISON,استخدم <ce98714>تعويذة السم</c> للتخلص من وحدات قلعة قبيلة العدو.
be777e4daee54df1,TID_CAPITAL_PLAYGROUND_FROST_2,انشر <c38eaff>تعويذة الصقيع</c> هنا حتى تتمكن من مهاجمة دفاعات العدو من الخلف.
72df83a524ae192e,TID_PLAYER_PREFERENCE_NO_INVITES,لا توجد دعوات
12ffea3b93ca9525,TID_ACHIEVEMENT_LOOT_DARK_ELIXIR,سرقة <number> من إكسير الظلام
7b86313a7e12421c,TID_CLANGAMES_TASK_DESTROY_BB_XBOW,انفجار القوس
7496ef50974a199e,TID_LEAGUE_CRYSTAL3_SHORT,الكريستال III
a5b72954612d8981,TID_CHARACTER_INFO_COOKIE_PEKKA,لا يقتصر دور كعكة بيكا على إحماء وطيس المعركة من خلال القتال بضراوة، فهذه المقاتلة المخبوزة مسلحة بسيف عقدية، يلحق ضررًا انتشاريًا. قد تترك وراءها فتاتًا ولكن هذا ما يفعله الكعك.
1d842854197c98a3,TID_LOCAL_NOTIFICATION_TRAINING_HAS_STOPPED,انتهى تدريب الجيش!
23c5cb5c761de609,TID_BATTLEPASS_TASK_COMPLETE_EVENT,خبير الأحداث
a8bd31ea179bb2c9,TID_BUILDERHALL_LEVEL,قاعة البنّاء <level>
13810582c6d445a9,TID_INVISIBILITY_SPELL_INFO,تجعل تعويذة الاختفاء كل شيء في منطقة تأثيرها غير مرئي وغير قابل للاستهداف، ما عدا الجدران وآلات الحصار.
9795fb0de624a7ff,TID_TUTORIAL_MERGE_1,لدى البنّائين فكرة غريبة عن كيفية الحصول على دفاعات أكثر صلابة.
ef467d48fb0251cc,TID_DONATION_FAILED_PENDING_UPGRADE,فشل التبرع لأن الترقية السابقة لا تزال معلقة. يرجى إعادة المحاولة قريبًا.
0328007a99cddce7,TID_FRIENDLY_DISTRICT_CHALLENGE_CLOSED,تتعرض المنطقة الآن للهجوم بالفعل!
712eeab0eadc5efb,TID_TRAP_EJECT,فخ الزنبرك
9b7a42be61c15a84,TID_SIEGES_FEATURE_DESCRIPTION,آلات الحصار أسلحة خاصة يتم تصنيعها في الورشة التي تحمل قوات قلعة القبيلة.
dd49376975434596,TID_GATE,البوابة
a096dc4ad2bce421,TID_ACCEPT_ALLIANCE_JOIN_REQUEST,هل تقبل طلب الانضمام؟
81335193a2141615,TID_NUMBER_NINE,9
a9294f3374f9c970,TID_REPLAY_REPLAY,إعادة العرض
b57d43200f7aa389,TID_CHALLENGE_CANCELLED,لم يعد التحدي متاحًا بعد الآن!
db25a8ae7d736d79,TID_MAINTENANCE_ESTIMATED_UNKNOWN,يُرجى المحاولة ثانيةً لاحقًا.
aed187b700b13184,TID_CHARACTER_INFO_BAT,تحلق الخفافيش في أسراب كبيرة وتكون سريعة لدرجة مخيفة، ومميتة، لكن تسهل إبادتها بواسطة الضرر واسع النطاق.
802a9ebf4b81b451,TID_NPC_CHALLENGE_TH11_EDRAG_BALLOONS,وأخيرًا، انشر <c54a0fe>البالونات</c>.
2c78483cb728c580,TID_NEWS_UPGRADE_OS_TITLE,مهم!
f4bcbe8a9e0fd110,TID_NAMECHANGE_WARNING,احرص على اختيار اسم ملائم
85afc295088eabab,TID_CHALLENGE_NOT_AVAILABLE_IN_MODE_REPLAY,العودة إلى الصفحة الرئيسية لمشاهدة إعادة عرض!
47ebb42d687d1042,TID_BP_PERK_NEXT_AMOUNT,الترقية التالية:
388e9a851f0e349d,TID_LINK_CODE_TEXT2,أدخل هذا الرمز في جهازك الجديد:
17dd20849127457b,TID_ICE_HOUND_INFO,كلب الجليد مستعد دائمًا للقتال مهما اشتد حره.
89eab92f4ec423db,TID_GEAR_TITLE_BARBARIAN_CROWN,الدمية البربرية
56f33f7055ff243f,TID_OFFER_ITEM_GIFTS_FOR_EACH,<num> من الجواهر لكل منها
663105fcdd5170c2,TID_CLAN_GAMES_THEME_MINIGAMES,المباريات الصغيرة
9713341c56b4bf1e,TID_MODE_STILL_LOCKED,قم بالترقية للفتح.
f167bdec8a9c1ce2,TID_OBSTACLE_STONE,حجر
6e4b0ea511167662,TID_TENCENT_LOGIN_PP,إرشادات حماية الخصوصية الخاصة بألعاب Tencent
51cec45843abe01d,TID_BUTTON_CLOCK_TOWER_BOOST,تعزيز مجاني!
208999353f6300ad,TID_RAID_INFO_TAB_ATTACK_TITLE,الهجوم
1b1a198305ed2f6a,TID_SPELL_DAMAGE_PERCENT,الضرر: <number>%
0297b88d4b49b627,TID_SIEGE_WORKSHOP,الورشة
6c89dea6cc0be1c7,TID_MEMBERS_SORTED_BY_XP,أعلى مستوى خبرة
f34e607db7dc324d,TID_TEST_PACK_RES_V2,حزمة اختبارية لموارد القرية 2
003e816ac251cc0a,TID_WL_COLUMN_DETAILS,التفاصيل
e74533a7147a3f6b,TID_GINGERBREAD_WARDEN,آمر كعك الزنجبيل
91f204de247ff56b,TID_LABORATORY_INFO,ما الأسرار المظلمة التي يخفيها هؤلاء السحرة داخل المعمل؟ لم يجرؤ أحد على النظر. كل ما نعرفه هو أن بحثهم يجعل تعويذاتنا وقواتنا أصلب وأفضل وأسرع وأقوى!
ba2e2a388497b508,TID_WAR_DATA_ERROR_INVALID_WAR,لا يمكن العثور على تفاصيل الحرب.
c988819d6b105f47,TID_BP_SEASON_BANK_SIZE_INCREASE,بنك موسم\nأكبر
7b991a27890e9cb6,TID_NOT_ENOUGH_RAID_MEDALS,ليس لديك ما يكفي من ميداليات الغارات. اربح المزيد في غارة نهاية الأسبوع القادمة.
2b2403c6344438de,TID_POPUP_CANCEL_UPGRADE,هل ترغب بالتأكيد في إيقاف ترقية <item>؟ سيتم إعادة <number>% من التكلفة فقط.
6c25e3ef34937781,TID_TRADER_ITEM_CANNOT_FIT_IN_STORAGE,المخزن ممتلئ
b7f3440c222b242a,TID_DIAMONDS_GIFT_RECEIVED,حصلتَ من هدية القبيلةَ على جوهرة واحدة!
663cc253d5159426,TID_SLOW_ATTACK,انخفاض معدل الهجوم: <number>%
e2cf841ef51489dc,TID_DIAMOND_BUNDLE_BOMB_TOWER_INFO,• <gems> من الجواهر\n• <res0> من الذهب\n• برج قنابل من المستوى 2\n\nبدون وقت للبناء وبلا حدود على التخزين!\n\nلا تفوّت هذا العرض الذي يعطي <cffec78><value> أضعاف القيمة</c> ويأتي مرة واحدة!
4417017784603f0b,TID_BUY_GUARD_HEADER,شراء حراسة؟
1cc88d115f564438,TID_FRIENDLY_WARS,الحروب الودية ممكّنة
40d6b0157b7a78fc,TID_NEWS_TOS_UPDATE,قمنا بتحديث شروط الخدمة وسياسة الخصوصية الخاصة بنا! هذه الوثائق المهمة تحكم علاقتك بألعابنا وتحتوي على معلومات مفيدة لأي شخص يريد أن يلعب. يُرجى قضاء بعض الوقت في دراستها (متاحة في اللعبة خلف قسم الإعدادات). هذه الوثائق المهمة تحكم علاقتك بألعابنا، وتحتوي على معلومات مفيدة لأي شخص يريد أن يلعب. لمزيد من المعلومات، قم بزيارة منتدياتنا.
adad80bb20083344,TID_HUD_ATTACKER,مهاجم
53b46a79afaaca34,TID_EVENT_TITLE_HAMMERJAM_PACK2,مجموعة التحديث
56c735e110036dff,TID_HINT_TH12_WEAPON,هناك سلاح في قاعة المدينة 12 يتم تفعيله عندما يتعرض المبنى للضرر. تقدم بحذر!
4c9ef637ffcf1927,TID_STREAM_EVENT_CANCELLED_WAR,تم إلغاء بحث حرب القبائل
cd447a9e5e9b5ff7,TID_CHARACTER_SUPER_WITCH,الساحرة الخارقة
e2e7965da792ad8b,TID_BATTLE_BUILDER_FEATURE,بنّاؤو المعركة
b5952cda27ae481e,TID_WAR_RESULTS_INFO,في نهاية الحرب، يتم تسليم المكافأة إلى الخزينة. الفوز في الحرب أيضًا سيكسبك مكافأة ضخمة من نقاط الخبرة لقبيلتك. يمكنك عرض النتائج وإعادات العرض للمعركة بعد انتهاء الحرب، لمدة من الوقت. راجع سجل حرب قبيلتك لمراجعة حتى الحروب القديمة!
2536cfa48f6afb79,TID_WAIT_BEFORE_ARRANGING_WAR_AGAIN,يمكنك إرسال تحدٍ آخر إلى <time>
4cb1cea0fb05ab3e,TID_LEGENDS_GUARD_NOT_ENABLED,غير متاح في دوري الأسطورة
d0040f9c0efbc12c,TID_CAPBUILD_BARRACKS_ARCHER,ثكنات راميات السهام الماكرات
c1b492d052ff79c3,TID_HALLOWEEN_INFO_SCREEN_ITEM3,اجمع أوسمة المزيج وقم بمبادلتها للحصول على المزيد من الجوائز!
1115d9169d861d59,TID_LEAGUE_INFO_LOOT_BONUS,في دوري الجبابرة I، مكافأة الغنيمة القصوى هي:
c109657140849262,TID_BOOSTER_FILL_ELIXIR2_STORAGE,تميمة إكسير البنّاء
d4a07f08ffca1b15,TID_CLANGAMES_TASK_INFO_DONATE_SPELLS,تبرع بإجمالي تعويذات يساوى <num> من مساحات التسكين.
3fbf3ebf3698fbbf,TID_CLAN_GAMES_THEME_WAR,مباريات الحرب
277b05f3d206a355,TID_REGULAR_THEMED_BATTLE_OFFER_INFO_TH0206_999,• <res0> ذهب\n•<res1> إكسير\n•<booster1> من جرعات القوة: لتعزيز قواتك وتعويذاتك إلى أقصى حد لمدة ساعة واحدة حسب ما يسمح به مستوى قاعة المدينة.\n\n• لا حدود للتخزين!\n• يمكن شراء هذا العرض 4 مرات خلال الفترة المحددة.\n• قُد قبيلتك إلى معركة المجد مع هذا العرض الخاص!
b74afecd3449b651,TID_ADDITIONAL_DAMAGE_PER_TARGET_HP,الضرر الإضافي: <number>%
e6d9fa74e313c128,TID_FREEZE_SPELL_INFO_SHORT,جمد الدفاعات للهروب من العقاب.
60c9169843d030ef,TID_CAPBUILD_CAPHQ,قاعة العاصمة
ce62183e60845af5,TID_QQ_LOGGED_IN,الدخول مُسجل إلى QQ
db5b49010b932452,TID_TROOP_INFO_COMING_SOON,قريبًا!
023ef2de75afaf9c,TID_BUTTON_ATTACK_MODE_SINGLE,مفرد
e28af7c84c6be97b,TID_NATIVE_DIALOG_TENCENT_ACCOUNT_CONFLICT_MESSAGE,الحساب الذي تحاول تسجيل الدخول به مختلف عن الحساب المخزن محليًا، هل تريد التبديل إلى الحساب الجديد؟
7e8ca3bc47b098ec,TID_EVENT_ACHIEVEMENT_COMPLETE,اكتمل الحدث!
44425457e6075ce3,TID_CLANGAMES_TASK_USESPELL_MAINVILLAGE,فز بنجمة في معركة متعددة اللاعبين باستخدام <spell>.
25dfb4fab818d953,TID_TITLE_RENAME_PRESET,إعادة تسمية الجيش
95d398072e245cce,TID_NEWS_TH11_UPDATE_GAMEPLAY_TITLE,توازن اللعب
73fe570323beeca7,TID_10TH_CLASHIVERSARY_SCENERY,منظر عيد Clash السنوي العاشر
73e09c1c0712efa6,TID_JOLLY_WARDEN,آمر رأس السنة
d13c5653183b73ff,TID_SETTING_CHANGE_FAILED,خطأ في تغيير هذه الإعدادات - يُرجى المحاولة ثانيةً لاحقًا.
16bfed4044e58536,TID_BUTTON_SAVE_PRESET,حفظ
fedf6b463474b9cd,TID_CLANPERK_DESC_DONATION_UPGRADE,ترقية التبرع:
f3b6c2dad13735d3,TID_TRAINING_SCREEN_TAB_SPELLS,صناعة التعويذات
557b83f65d98568d,TID_GOLEM_SEC,غولم صغير
0abb7be83d6f6eb6,TID_DEFEAT,هزيمة
a3a63d6724def200,TID_LOG_BUTTON,سجل المعركة
11941d189caa9573,TID_OBSTACLE_HALLOWEEN2022,خدعة أم حلوى؟
c7be69032e6c1eac,TID_BIND_TO_NEW_GOOGLE_SERVICE_ACCOUNT_TITLE,تسجيل دخول جديد إلى Google Play
711fdb9f20928e55,TID_FINISH_TRAINING,إنهاء التدريب:
f78c02215e2c2fde,TID_CLANGAMES_TASK_INFO_USE_GIANTS,اربح <num> من النجوم من المعارك متعددة اللاعبين باستخدام <num2> من العمالقة.
f1a954bf32dccf0f,TID_CLAN_GAMES_THEME_SPRING,مباريات الربيع
f79b0910c07fb9fb,TID_BUTTON_UPGRADE_WEAPON,ترقية السلاح
6f81a217dbc9a0fc,TID_CHARACTER_INFO_GHOST,الشبح الملكي منزعج لأن لا أحد ينتبه لوجوده، لذا فهو مصرّ على تدمير كل شيء إلى أن يحصل على التقدير الذي يستحقه. حتى الجدران تغفل وجوده، فيمر خلالها!
e8b16650a76f55a7,TID_SEARCH_STATUS,البحث عن خصم...
c042d682e68f8e69,TID_MONTH_12,ديسمبر
aec84817b5713221,TID_UPGRADE_INFO_SPECIAL_ABILITY,تفتح القدرة الخاصة: <name>!
c9f4d9683ab9e690,TID_WL_SEASON_NAME,موسم <month> <year> لدوري الحرب
0a7ad4d662ec19d5,TID_WARRIOR_KING,الملك المحارب
51dfc19d9e0972b8,TID_NPC_CHALLENGE_WARDENABILITY,قم بتفعيل <c9916c8>قدرة الآمر الكبير</c> لحماية قواتك عند الحاجة!
87cf176542b2812f,TID_LOOT_CART_INFO,ترك المهاجمون بعض الغنيمة خلفهم، احرص على جمعها بعد كل دفاع!
93b4a706f4d656e5,TID_ACHIEVEMENT_DESTROY_TOWNHALL_TITLE,مذل الأعداء
f1cae8ee81ac8caa,TID_ICEGOLEM,غولم الجليد
7c0d2e3941ee99ab,TID_LEGENDS_LEAGUE_DAY_ENDS,سينتهي يوم الدوري الحالي بعد:
970da5aa9d75696b,TID_BATTLEPASS_TASK_WIN_STARS_USING_BAT_INFO,استخدم تعويذات الخفافيش لربح <num> من النجوم من معارك متعددة اللاعبين.
6248747d7c62a321,TID_TUTORIAL_ARTO_START_3,لن أجعلك تنتظر أكثر! أعمل على صنع شخص يمكنه المساعدة هناك بدلاً مني!
14518bc8448fb871,TID_SHIELD_TARGET_COUNT,إجمالي الأهداف المصابة
f80613f99013ed6c,TID_JUMP_SPELL,تعويذة القفز
fa89e01455e62108,TID_CLAN_GAMES_THEME_WINTER,مباريات الشتاء
2c58b24da2609f2e,TID_ERROR_POP_UP_PERSONAL_BREAK_FINAL_TITLE,استراحة ممتدة
e867bcc882470c57,TID_DIAMOND_BUNDLE_MAGICITEMS_VILLAGE_UPGRADE_PACK_INFO,• <gems>الجواهر\n• <res0> الذهب\n<res1> الإكسير\n• <booster1>x كتاب المباني\n• لا حدود للتخزين!\n\nهل تحتاج إلى ترقية أحد المباني؟ تحتوي هذه المجموعة على كل شيء تحتاجه!\n\nلا تفوت هذا العرض!
8f13e1636701410c,TID_BOOSTER_FREE_SPELL_UPGRADE_OFFER_INFO,<num> من مطارق التعويذات: قم بترقية أي تعويذة إلى المستوى التالي على الفور.
a70c7c72dda7a0d1,TID_DEVICE_LINK_SUCCESFULL_OLD_NO_DEVICE,لقد نجحت في ربط جهاز جديد بحسابك!
d999cdcf3e12f9c5,TID_DECORATION_GOLDEN_HOG,الخنزير الذهبي
7f7b3f3dcf265d33,TID_ALLIANCE_WAR_NO_BEST_ATTACK,لم يتعرض للهجوم
b63f4aa653c6e913,TID_FEATURE_HERO_GEAR_DESC,خصص أبطالك باستخدام المعدات! استخدم الحداد لاختيار القدرات لأبطالك.
f243b68ae4fe5389,TID_SHOP_CATEGORY_COSMETICS,الملحقات
9e9a62d529780beb,TID_ALLIANCE_REQUEST_ACCEPTED,مرحبًا بك في قبيلتنا!
b6eacd035463d051,TID_MEDALS,أوسمة الدوري
098e8807845f2fba,TID_POISON_CLOUD_INFO,اجعل جيشك يتفوق على قوات العدو بهذا السم المميت.\n\nالقوات المدافعة التي تنغمس في سحابة تعويذة السم ستتحرك بشكل أبطأ، وستهاجم بشكل أبطأ وتتلقى ضررًا أكبر بمرور الوقت. لا تؤثر تعويذات السم على المباني.
156ef4b1ef30fb7b,TID_DEVICE_LINK_ERROR_CODE_SAME_PLATFORM_TEXT_KUNLUN,لا تحتاج إلى استخدام رابط الرمز للعب على العديد من الأجهزة التي تعمل بنظام تشغيل Android.\n\nللعب على جهاز Android آخر، قم بتنزيل Clash of Clans من متجر تطبيقات Android نفسه وسجّل الدخول باستخدام الحساب نفسه.\n\nستتم مزامنة تقدمك تلقائيًا.
68a67824bc615a1f,TID_NO_MESSAGES,لا توجد رسائل جديدة حاليًا
4f8deabe21165ce4,TID_ACHIEVEMENT_DESTROY_BUILDER_TITLE,مدمّر الاتحاد
cf068bf83041d568,TID_NPC25,برج الصخر الأسود
ff04a49c4704f157,TID_HINT_WARMACHINE1,أعد بناء آلة المعركة لتستخدم هذا البطل القوي في هجماتك!
914787e88e253795,TID_MONTH_4,أبريل
e9291a31412bb719,TID_BUTTON_EDIT_TAG,الفئات
de7331122dcbd8bf,TID_PARTY_WARDEN,آمر الحفلات
c295adc476183894,TID_SINGLEPLAYER,لاعب مفرد
41b8c3fa9c4abd1b,TID_HERO_ABILITY_COOLDOWN_ACTIVE,يجب أن تنتظر قبل استخدام قدرة البطل ثانيةً!
758f68fa72f75550,TID_TRANSITION_WAR_PREPARE,يوم الاستعداد
dd9a5610443d172e,TID_AIR_DEFENSE2_INFO_SHORT,رفرف مثل الفراشة، انفجر مثل القنبلة.
19842a0a8397baa1,TID_TUTORIAL_RAID_TEASER_1,أنتم أيها الشباب تريدون أن تفعلوا كل شيء طوال الوقت.
0efbe01beee8dfae,TID_ALLIANCE_WAR_EVENT_50PERCENT_DESTROYED,50% دمّرت!
e91a9d58bfafad1d,TID_DAILYLOGIN_INFO_TEXT,سجل الدخول يوميًا لجمع الجوائز!
ed1822e3206b2c38,TID_TASK_GET_VS_BONUS,نجوم البنّاء اليومية
81edef27bcc578e3,TID_PET_MELEEJUMPER_INFO_SHORT,كلبة وفية تساعد بطلتها.
15031f3c45f28e3d,TID_DUEL_NOTIFICATION,بدأت معركة بنّاء ضد <attacker>!
c91e7c7f9e77af1c,TID_ARMY_CAMP_VILLAGE2,المعسكر <num>
b71c9592f3bf5d8f,TID_ACHIEVEMENT_PVP_ATTACKS,الفوز بـ<number> من المعارك متعددة اللاعبين
67fd6d9be7e27a2e,TID_BATTLEPASS_TASK_INFO_WIN_BATTLES_USING_BABYDRAGONS2,اربح نجمة في <num> من معارك البنّاء باستخدام <num2> من التنانين الصغيرة.
59ffcf4416eea973,TID_NEWS_JUNE_V1_BALANCING_TEXT,• ترقية المدفع وبرج راميات السهام وبرج النار\n• رفع مستوى بيكا والمعالجة والساحر وعامل المنجم ومدمر الجدران\n• خصومات وتوازنات تتضمن مستويات جديدة في قاعة المدينة 10
1a4192ef1fd6288b,TID_CLAN_CASTLE_SLEEP,سكون
fb85ab9436ad05d8,TID_DIAMOND_BUNDLE_MAGICITEMS_BUILDING_BOOK_INFO,• <gems>الجواهر\n• <booster1>x كتاب المباني\n• لا حدود للتخزين!\n\nأكمل أي ترقية للمباني مباشرةً من خلال كتاب المباني!\n\nلا تفوت هذا العرض!
f168b9d09f8b5267,TID_CLAN_GAMES_TAKE_A_TASK,اختر
54d05b99c4c0b96a,TID_DEMOTE_TO_MEMBER_CONFIRMATION_TITLE,هل تريد تخفيض الرتبة؟
a3e84b0d4e0eceeb,TID_OTTO_FEATURE_DESCRIPTION,يبني البنّاء الخبير روبوتًا صديقًا لمساعدته في قاعدة البنّاء.
25fe245c66345f43,TID_CHARACTER_INFO_SIEGE_CART,مدفع يتحرك على عجلات؟! بالتأكيد لن يتوقعوا ذلك! قوة نارية هائلة، وإن لم يكن متينًا بما فيه الكفاية!
5028e1706b07edba,TID_CLAN_GATE,شعار القبيلة
08e7a1bcc3109d54,TID_REPORT_REASON_VULGAR,色情和低俗
9e44a88529b4f3f1,TID_GEAR_INFO_LIFE_GEM,تحصل الوحدات الصديقة القريبة على نقاط إصابة إضافية.
f8f87f3be2cd24d2,TID_PET_MELEEJUMPER_INFO,تطارد كلبة القرية المخلصة لاسي الأعداء بلا تهاون أينما كانوا، ما عدا في السماء؛ حيث لا تستطيع سوى مراقبتهم.
f8351150691c5cec,TID_TRAP_SANTA_INFO,اترك هدية مفاجأة خاصة لأعدائك. ستتم مكافأة كرمك بشكل مؤكد!
0e53dc614125db61,TID_BOOSTER_FILL_ELIXIR_STORAGE,تميمة الإكسير
db616ea499ccc00d,TID_CHALLENGE_PROGRESS,تقدم التحدي
42be6be24df099ba,TID_CLAN_CHANGED_TITLE,تم تغيير القبيلة
83f71e1c8d412f65,TID_SPELL_FROST,
5478db7949a8aa34,TID_GIFT_CLAIM_FAILED_RECENTLY_CHANGED_CLAN,لا يمكن المطالبة بالهدية، فقد غيّرت قبيلتك مؤخرًا! يُرجى إعادة المحاولة في وقت لاحق.
ac74c6ed9cb6292a,TID_CLANGAMES_TASK_INFO_CLEAR_OBSTACLES,قم بإزالة <num> من العوائق من قريتك الأم أو قاعدة البنّاء.
084ad74735848a11,TID_NPC_CHALLENGE_TH8_GOWIPE_HEAL1,استخدم <cffe346>تعويذة الشفاء</c> على المدخل إذ تعبره كل قواتك.
3d69a31602baa005,TID_BATTLE_LOG_COL_2,الموارد المفقودة:
e5c1276432b8975b,TID_ANDROID_BILLING_PRODUCT_NOT_AVAILABLE_PRICE,اضغط للتفاصيل
7b6ace0370b1b5dc,TID_EVENT_CW_INFO,ارتقِ بمستوى قبيلتك بضعف السرعة!\n\nحروب القبائل النشطة أثناء هذا الحدث، تكسبك ضِعف خبرة القبيلة.
2430f444edf0f987,TID_CLANGAMES_TASK_INFO_WIN_BUILDERBATTLES,انتصر في <num>x من معارك البنّاء.
65ff7b6047f352fe,TID_LEGENDS_ATTACKS_LEFT,المباريات المتبقية:
c5a6ea2faacd90e6,TID_SPRING_SIZE_FOR_UNIT,وزن الزنبرك:
b9e9a0cf0c628372,TID_ACHIEVEMENT_DESTROY_SCATTERSHOT_TITLE,تدمير المجانق
a2c601e6b269604b,TID_SCENERY_EPIC_WINTER,منظر شتاء رائع
556c8f82b17df11b,TID_RES_PACK_INFO_ELIXIR,• <gems> من الجواهر\n• <res0> من الإكسير\n\nبلا حدود على التخزين!\n\nاحصل على خصم هائل على الموارد لوقت محدود!
e46a69c398c9db08,TID_HERO_STATS,تعزيزات الأبطال
cc563d7a6dd5c7e5,TID_TUTORIAL_ARTO_COMPLETE_5,آه، على الأغلب لن تلاحظ شيئًا غير عادي، أليس كذلك؟
0477788ab065f213,TID_ACHIEVEMENT_LOOT_GOLD_TITLE,انتزاع الذهب
3aef7e9e8787720a,TID_PRIMAL_WARDEN,الآمر البدائي
4e72324ac3100acb,TID_ATTACK_VILLAGE2_ATTACK_USED,تعذر الهجوم، تم استخدام الهجوم!
ddd1387b960bc51d,TID_NPC_CHALLENGE_HEALERS_TO_SUPPORT_QUEEN,انشر <c54a0fe>معالِجات</c> لدعم <c9916c8>الملكة رامية السهام</c>.
da7302daac91a5ca,TID_YES,نعم
3b240a49f50d0321,TID_CLANGAMES_TASK_GET_KILLS_VS_BARBARIANKING,مطاردة الملك
3a2148aa5e58bac5,TID_BUTTON_ENERGIZE,الشفاء
ceac79dea07dc5d6,TID_CHARACTER_MECHA_DRAGON,راكب التنين
5cbe3e1b32b4d5b3,TID_DIAMOND_BUNDLE_BH8_INFO,• <gems> من الجواهر\n• <res0> من الإكسير\n• <res1> من الذهب\n• برج تيسلا عملاق من المستوى 4\n\nبلا وقت للبناء وبلا حدود على التخزين!\n\nلا تفوّت عرض <cffec78><value>أضعاف القيمة</c> الذي لن يتكرر!
cd86f9aa90ede9ec,TID_HINT_SPELL_EARTHQUAKE2,تعويذات الزلازل المتكررة تسبب ضررًا أقل للمباني نفسها.
14e2a208b5a61bc5,TID_DIAMOND_BUNDLE_TH11,حزمة قاعة المدينة 11
37dd9dd6cef9bd05,TID_DECO_RUIN_TRUNKS,الجذوع
865d09762a1a6df2,TID_LOCAL_NOTIFICATION_EVENT_HERO_BOOST,أيها الزعيم، بدأ حدث تعزيز البطل بجوهرة واحدة!
3207edbc34143d25,TID_EP_BONUS_POINTS,+<num>
d473b8a6047b07dc,TID_CAPBUILD_BARRACKS_SKELETON_BARREL_INFO,إنها في الواقع ورشة عمل للبراميل بجانب مقبرة يديرها بائع بالونات.
883e607194295c25,TID_WAR_INFO_FRIENDLYWAR_ADDITION,كل حرب ملحمية ليومين تفوز بها القبيلة التي تحرز أكثر النجوم. مكافأة الغنيمة وجوائز نقاط الخبرة في انتظار القبيلة المنتصرة. قم بزيادة مكافأة الغنيمة بالفوز في الهجمات، لكن ستخسر أغلبها إن خسرت قبيلتك الحرب! في حالة التعادل، فإن القبيلة صاحبة إجمالي التدمير الأعلى لأفضل الهجمات ستكون هي المنتصرة.\n\nملحوظة: تستخدم الحروب الودية وقتًا مخصصًا ولا تأتي بالغنائم أو نقاط خبرة القبيلة
27d5567408d9b028,TID_SUPER_TROOP_TRY_BUTTON,التجربة
62a5c40d3757a7d9,TID_NPC_CHALLENGE_FOUR_EARTHQUAKES,تؤدي 4 <ca9561f>تعويذات زلزال</c> دائمًا إلى تدمير الجدران. استعملها لخلق ثغرة في دفاعات القاعدة!
16e8146aa4962e46,TID_BUTTON_UPGRADE_SELECTION,ترقية المجموعة
db70dd17351ae598,TID_RAID_RESULTS_NO_ATTACK_FROM_ALLIANCE,لم تهاجم القبيلة في غارة نهاية الأسبوع الأخيرة
5c6915b145d8f6fc,TID_BACK_BUTTON,الرجوع
322a7b7e4263eecf,TID_REQUIRED_DARK_SPELL_FORGE_LEVEL,يلزم مصنع سحر الظلام من المستوى <number>
95da47fb33f23046,TID_BATTLEPASS_TASK_WIN_STARS_USING_RAGE_INFO,استخدم تعويذات الغضب لربح <num> من النجوم من معارك متعددة اللاعبين.
9b885f3aa888f984,TID_EVENT_PASS_PURCHASE_TEXT,اشترِ تذكرة الحدث لنيل مزيد من الجوائز.
ca365983d0a1f179,TID_GOLD_PASS_SEASON_BANK_DETAILS,كبر حجم بنك الموسم لتحصل على غنائم أكبر عند انتهاء الموسم.\n\nباستخدام التذكرة الذهبية سيسع بنك الموسم:\n• الذهب: <gold>\n• الإكسير: <elixir>\n• إكسير الظلام: <de>
b4bc6aa41a8e4468,TID_CLANGAMES_TASK_DESTROY_EAGLEARTILLERY,إقصاء مدفعية النسر
688390698c5fecfa,TID_NEWS_UPDATE_OTHER_TEXT,* تعويذات التجميد تؤثر الآن أيضًا على قوات الدفاع الجوية\n* كلاب الحمم لم تعد تستهدف القوات الجوية\n* ستشتبك قوات الهجوم مع قوات الدفاع من مدى أبعد\n* يمكن لمشتركي دوري الجبابرة III وII الآن شراء دروع لمدة أسبوع من المتجر
5959392afc6ec4bc,TID_ARMY_OVERVIEW_HINT_SPELLS,متاحة في مستوى قاعة المدينة <number>
627f4be37145991a,TID_REPAIR_SHIP_TITLE,إعادة بناء القارب؟
2f3f7953c4c57e80,TID_CAPBUILD_ARMY_FIELD_INFO,ميدان مناسب لجيش قبيلتك لقضاء وقت فيه أثناء انتظار حدوث غارات. يمكن ترقيته لزيادة مساحة التسكين المتاحة.
b08905861ec4ea0c,TID_NEWS_TROOP_TEXT,هذا المخلوق الطائر مصنوع من الأحجار والحمم ويمكنه تحمل ضربات كثيرة. يصطاد الدفاعات الجوية ويتعمق في قرى العدو، ويوفر التغطية للقوات الأخرى. ينفجر بعد تدميره إلى فقاعات حمم صغيرة ستجعل القتال مستمرًا لمدة أطول قليلاً.
273e72ecc51b3429,TID_INVALID_WAR_MEMBERS_INFO_HIGH,حدد <value> من الأعضاء كحد أقصى
40c95616c5120d75,TID_GEAR_RESOURCE_COMMON_INFO,يساعد المعدن الخام اللامع على ترقية المعدات. يمكنك العثور عليه في مكافأة النجوم أو حروب القبائل.
97c2d11ddcd2fb17,TID_ALLIANCE_GAMES_TASKS,التحديات:
3ac7f9d857f307be,TID_MERGE_REQUIREMENTS,المتطلبات:
41d5e768b5cf867c,TID_NEWS_UPDATE_BOOKMARKS_TEXT,
f66cafb6519ccb10,TID_VERSUS_BATTLE_TRAIN_ARMY,قم بتدريب جيش كامل لبدء تحدٍ ودي!
6dc3141490951fe7,TID_UNCLOK_FROM_LABORATORY,إلغاء قفل من المعمل
9b85f1dab0e90607,TID_NPC_CHALLENGE_TH12_YETI_CLEANUP,استخدم <c54a0fe>السحرة</c> المتبقيين، و<cf07bf8>تعويذة التسرع</c>، و<c38eaff>تعويذة التجميد</c> لإنهاء الهجوم.
1bf0031144d3eb74,TID_CRAFT,صياغة
14d04b5bf3ef826f,TID_NPC_CHALLENGE_TH12_DRAGBAT_SNIPE_ARCHER_TOWER,استهدف <cf70d16>برج رامي السهام</c> مستخدمًا بعض <c54a0fe>البالونات</c>.
0874c9e3051c0d73,TID_EVENT_GET_GEM_ALTERNATIVE_TEXT,لا يتسع مخزن عناصرك السحرية لكل مكافآت الأحداث. هل تريد بيع المكافآت الزائدة مقابل <amount> من الجواهر؟
69dd8084489ffd91,TID_TENCENT_DOLPHIN_DOWNLOADING_SIZE,<nowsize>k/<totalsize>k
ea8a2ea01de85983,TID_CREATE_CLAN_PUBLISH_WAR_LOG,يسمح لبقية اللاعبين برؤية نتائج معارك حربك من على ملف قبيلتك التعريفي
cef2c5fbdc61df29,TID_WL_BONUSES_SENDING_FAILED_OTHER_PLAYER_SENT,قام قائد آخر بتوزيع المكافآت الإضافية بالفعل.
14da116af783a460,TID_BUILDING_FENCE,سور
3696ad958b7f2224,TID_WARRIOR_CHAMPION,البطلة المحاربة
44bdfc3a35daa384,TID_CHARACTER_INFO_DRAGON_SHORT,تمثل الحراشف القوية والنيران الشرسة مزيجًا مميتًا!
07a4054869ff3f0d,TID_DECO_DUCK_POND,بركة بط
403ad34dccf7276b,TID_CLANGAMES_TASK_DESTROY_SPELL_TOWERS,تدمير أبراج التعويذات
e816f688016d8cbf,TID_BATTLEPASS_TASK_WIN_BATTLES_USING_HEADHUNTER,الأبطال في خطر
da51c1054dbe1ddf,TID_SPELL_RECALL_INFO,ألا يسير الهجوم على ما يرام؟ هل ترغب في القدوم من اتجاه آخر؟ ستستدعي تعويذة السحب كل القوات والأبطال والحيوانات الأليفة إلى شريط النشر. يمكنك بعدها إرسال الوحدات المسحوبة لشن هجوم ثانٍ.
1968080621457377,TID_UPGRADE_INFO_ITEM_SPACER,<old> و
54bdea459a67bb73,TID_BATTLEPASS_TASK_START_BB_UPGRADE,تحسين قاعدة البنّاء
b4905d5b18dbf30b,TID_CHARACTER_INFO_SIEGE_MACHINE_LOG_LAUNCHER_SHORT,تطلق الجذع تلو الآخر بلا هوادة.
d8793f58bd3e2dc6,TID_ALLIANCE_DONATE_BUTTON_RETURN,عودة
2ae10e5a6e9d64ae,TID_BARRACKS_NOT_UNLOCKED,لم تُبنى هذه الثكنات بعد
57a23eaa395616ee,TID_CLANGAMES_TASK_INFO_USE_SUPER_WIZARDS,اربح <num> من النجوم من المعارك متعددة اللاعبين باستخدام <num2> من السحرة الخارقين.
75bf6247b208dced,TID_SPELL_SUMMON_TROOP_COUNT,عدد <name>: <number>
91a5540a79c0b451,TID_CLAN_GAMES_BUILDER_THEME,مباريات البنّاء
57b5217f1fec09b4,TID_TUTORIAL_SELF_DONATING_2,يمكنك استخدامها لملء قلعة قبيلتك بكل ما تريد.
9260e28f4e6bf4f3,TID_OBSTACLE_BIRTHDAY2018,كعكة الذكرى السنوية السادسة
dad6ff5c382a5620,TID_LEGEND_SEASON_END_PRESTIGE,كؤوس الأسطورة المكتسبة:
ca594baeb40a5a0d,TID_LOGIN_TO_SCID_BUTTON,تسجيل الدخول إلى Supercell ID
ce98955063eb6a8f,TID_POPUP_STORE_OBSTACLE,أتريد تخزين العوائق؟
58d66141127d949f,TID_CANT_START_PVP_VILLAGE_EDIT_OPEN,أغلق وضع تعديل القرية أولاً
182a76cc2caade1d,TID_BUILDING_PART_UNLOCKS_AT,يفتح عند
c363e29608606457,TID_NOT_ENOUGH_WORKERS_TEXT,إكمال المبنى السابق وتوفير أحد البنائين؟
9a34ffdc27b84917,TID_LINK_SAME_PLATFORM,للعب على العديد من الأجهزة التي تعمل بنظام تشغيل iOS، يُرجى التأكد من تسجيل الدخول إلى Game Center على هذا الجهاز.\n\nثم سجّل الدخول إلى Game Center باستخدام الجهاز الآخر. وستتم مزامنة تقدمك تلقائيًا.
99d774145ce3e7f4,TID_CHALLENGE_TH5_LOON,موكب البالونات
9a33f353efce8714,TID_WL_STATS_SELECT_CLASSIC,العادية
104f932be8a20eb2,TID_BP_MULTIPLE_REWARD_FORMAT,<num> x <reward>
739f324db9f69e47,TID_TRAP_MINE_INFO_SHORT,هدية غير مرغوبة يمكنك مفاجأة المهاجمين بها.
80e6e4a6065f4778,TID_DIAMOND_PACK_4,علبة جواهر
577861baf0ecad3b,TID_BUILDER_MENU_CAPITAL,عاصمة القبيلة
06d7000a3bc6dfbc,TID_BATTLEPASS_TASK_INFO_USE_RAGEDBARBARIANS,استخدم البرابرة الغاضبين لربح <num> من النجوم من معارك البنّاء.
65890b0ccd739933,TID_NO_FREE_TRAINING_SLOT_AVAILABLE,احذف الوحدات الموجودة أولاً
fad96272e9ed71b5,TID_VOUCHER_CLAIM_TITLE,المطالبة بالجائزة
08ba666acda2bf4c,TID_LOCAL_NOTIFICATION_YOUR_ARMY_IS_READY,قواتك جاهزة للمعركة!
09f4ee5cb5d58cf1,TID_CHALLENGE_ALREADY_CLOSED,تم إغلاق التحدي بالفعل
a1e10f55097f41ba,TID_PROFILE_BUTTON_ADD_FRIEND,إضافة صديق
80f5ea98257a3d89,TID_ZAPPY_INFO,الصواعق تتميز بطاقة كبيرة! والأهم أنها مستعدة دائمًا لاستخدام تلك الطاقة لتصعق كل مَن يجرؤ على تحطيم مركز قيادتها.
40a1e3a3156901d0,TID_ALLIANCE_REJECT_DEFAULT_MESSAGE,المعذرة، قررنا ألا نضمك إلى القبيلة.
4cc0252b7d7647af,TID_ACHIEVEMENT_LOOT_DARK_ELIXIR_TITLE,سرقة بطولية
bb4459773a830553,TID_NPC_CHALLENGE_TH10_BOBAT_BATWAVE,استخدم <c9916c8>تعويذات الخفافيش</c> نشر سرب ضخم من <c54a0fe>الخفافيش</c> إذ يستطيع تدمير الدفاعات المتبقية بسرعة.
da3e64a05301d694,TID_LINK_SAME_PLATFORM_TITLE_KUNLUN,المزامنة مع حسابك
28d4888ba207d41b,TID_LOOT_LIMIT_RESET_NOTIFICATION,أيها الزعيم، يتوفر المزيد من غنيمة قاعدة البنّاء. حان وقت المعركة!
5e1a6a60af9bfcfb,TID_NPC17,ممر
1dd361784e8d14b0,TID_CHARACTER_RAM_RIDER_CHARGE,هجوم راكبة الكباش
653563181934e549,TID_CLANPERK_DESC_DONATION_UPGRADE_VALUE_PLURAL,<value> من المستويات
69d07b2d9b80c503,TID_ANTIADDICTION_ADULTHOOD_NOT_FULFILLED_2,نظرًا لأنك قاصر، فأنت مقيد بنظام الحماية من الإدمان. بلغت الحد الأقصى للعب المسموح به يوميًا خلال العطلات الرسمية، وهو 3 ساعات.
9b0f3445ef57c395,TID_DIAMOND_BUNDLE_TH9_UPDATED_INFO,• قوس مستوى 2\n• بطل الملكة رامية السهام\n• <res0> إكسير الظلام\n• <res1> ذهب\n\nلا توجد حدود للتخزين!\n\nلا تفوت هذا العرض الذي يمنح <cffec78><value> من أمثال القيمة</c> ويأتي مرة واحدة!
45054da22737d437,TID_PRESET_CREATE_EDIT_TITLE,تغيير الجيش الودي
3982c8b03fbf0a2d,TID_TUTORIAL_ACHIEVEMENTS2,أيها الزعيم، من الواضح أنك بارع في ما تفعله. تعتمد عليك القرية كلها!
02e3785e8cb9fce3,TID_BIND_TO_NEW_FACEBOOK_ACCOUNT_TITLE,تسجيل دخول جديد إلى Facebook
f38f40fa5307d617,TID_CLANGAMES_TASK_USE_SIEGE_SLAMMER,حطم واجمع
a57a957f9cb0fdad,TID_PET_POISON_LIZARD_INFO_SHORT,حارسة شخصية سامة وغاضبة تحمي بطلها.
59f1d58ae5588c11,TID_MAINTENANCE_COMING_SOON_TEXT,أهلاً يا زعيم! نحن على وشك إجراء صيانة للخادم، وسنعود قريبًا.
b9f7e9616f66ce72,TID_PAINTER_SCENERY,منظر الطلاء
397e9c465a1c4c28,TID_DISTRICT_LAYOUT_LOCKED,يقوم <player> بتحرير المخطط بالفعل.
7d7185849f2a8c98,TID_CHARACTER_ELITE_GOBLIN,الغول المتسلل
2668764de25d29d4,TID_LOADING_FACEBOOK_FRIENDS,جارِ تحميل قائمة الأصدقاء...
7cf3fa8a42cf350a,TID_ALLIANCE_WAR_STARTWAR_INFO_LEADER,قاتل قبيلة ضد قبيلة مقابل المجد ومكافأة الغنائم ونقاط خبرة القبيلة!\n\n\nهل قبيلتك جاهزة؟ خُذها إلى الحرب!
5b6e36193392ceb0,TID_CLANGAMES_TASK_INFO_BEAT_DARKELIXIRTARGET,اغنم <num2> من إكسير الظلام على الأقل من معركة متعددة لاعبين واحدة.
61c92a082f14d6e0,TID_ABOUT_WEIBO,Weibo
d16447173b90bfef,TID_GOBLIN_WORKER_BUILDING,كوخ بنّاء الغيلان
468918fd3191dcf6,TID_NO_BOOKMARKS,لم تحدد أي قبائل كمرجعية.\n\nيمكنك تحديد قبيلة كمرجعية من صفحة معلومات القبيلة.
68e4d8ebd4cdc6fb,TID_NEWS_SEP_V2_BALANCING_TITLE,وصلت قاعة البنّاء المستوى 7!
adc67095ed9d37f5,TID_FRIENDLY_WAR_CHOOSE_NEW_LAYOUT,اختر مخطط حرب ودية جديد
e4d7dfce4e7348b9,TID_UNIT_ABILITY_COOLDOWN_ACTIVE,يجب أن تنتظر قبل استخدام قدرة القوات ثانيةً!
fe21d6c14afca8a1,TID_LIGHTNING_STORM_INFO_SHORT,لا تتردد في الضرب مرتين أو أكثر كما تريد.
6a3e704f16af9b5a,TID_ALLIANCE_DEMOTE_BUTTON,تخفيض الرتبة إلى <role>
66dcbaa17fa1d758,TID_CLANGAMES_TASK_INFO_GET_HOMEBATTLESTARS,اجمع إجمالي <num> من النجوم من المعارك متعددة اللاعبين.
44e8ce647250738c,TID_RAID_WEEKEND_ENEMY_DISTRICTS_DESTROYED,مناطق الأعداء المتدمرة:
7b4009ad1051ce05,TID_ACHIEVEMENT_DESTROY_TOWNHALL,تدمير <number> من قاعات المدينة في معارك متعددة اللاعبين
e4c816f6fa447a6e,TID_BUTTON_GENERATE_CODE,رمز الربط
f7a36e99a4715486,TID_PTE_PERK_TRAINING_BOOST,تعزيز التدريب
a60454b0f448705e,TID_CAPBUILD_DISHQ,قاعة المنطقة
0492c4e570e5438e,TID_LEGEND_ATTACK_CONFIRM_INFO,كن جاهزًا! ستستهلك المتابعة هجمة من هجماتك المتبقية.
660d9a5d06b926f8,TID_TENCENT_DOLPHIN_SUCCESS,检查更新完成
d536220074840932,TID_REGION_CUSTOM2,
af9fb0fc16918e93,TID_BATTLE_LOG_DEFENSE,سجل الدفاع
40b1650d57a45916,TID_REGULAR_THEMED_PREPARE_OFFER_INFO_TH0206_1999,• <res0> إكسير\n• <booster1> من جرعات التدريب: لرفع كفاءة الثكنات، ومصانع التعويذات، والورشة، وإعادة إنتاج الأبطال لمدة ساعة واحدة.\n• <booster2> من جرعات القوة: لتعزيز قواتك وتعويذاتك إلى أقصى حد بمعدل ساعة واحدة حسب ما يسمح به مستوى قاعة المدينة.\n• <booster3> من جرعات الموارد: لتعزيز كفاءة مستخرج الموارد لمدة يوم واحد.\n\n• لا حدود للتخزين!\n• يمكن شراء هذا العرض 3 مرات خلال الفترة المحددة.\n• قم بترقية الأبطال والقوات واستدع التعويذات الأكثر قوة.
dedaadb17fdd3e8e,TID_BATTLEPASS_TASK_INFO_WIN_BATTLES_USING_ELECTROFIREWIZARD,اربح نجمة في <num> من معارك البنّاء باستخدام <num2> من السحرة الكهربائيين الناريين.
081713e3bf55a0c3,TID_NPC_CHALLENGE_TH4_GIANT_GIANTS2,انشر <c54a0fe>العمالقة</c> الآن لتدمير كل الدفاعات.
f48ae286fc108e75,TID_CLANGAMES_TASK_INFO_DESTROY_BB_XBOW,دمر <num> من <building> في معارك البنّاء.
f15f462f6fa6dbca,TID_CLANGAMES_TASK_GET_HOMEBATTLESTARS,مستخرج النجوم
ab59fc02789c249c,TID_CHARACTER_INFO_GOLEM,يحب الغولم القوي امتصاص الضرر! عند تدميره، ينفجر وينقسم إلى كائنات غولم صغيرة تملك خُمس قوة الغولم وخُمس نقاط إصابته.
f72c821a7fe06aad,TID_DECORATION_BATTLEMACHINE,تمثال آلة المعركة
9d0f12ab98b53525,TID_PER_WEEKEND,كل نهاية أسبوع
3a359c0f73a551ff,TID_ATTACK_FAIL_LEVEL_DIFFERENCE,لا يمكن الهجوم! فارق المستوى أكثر من <level>
848029c20aa79c0c,TID_RECHARGE_TIME,مدة إعادة الشحن: <number> ث
a73662d49f6faddb,TID_CAPITAL_RAID_VISIT_INVALID_TARGET,لا يمكنك استكشاف هذه المنطقة
2628b8a9f0ee742c,TID_DIAMOND_BUNDLE_TH4_INFO,• <gems> من الجواهر\n• <res0> من الذهب\n• دفاع جوي مستوى 1\n\nبلا وقت للبناء وبلا حدود على التخزين!\n\nلا تفوّت هذا العرض الذي يمنح <cffec78><value> من أمثال القيمة</c> ويأتي مرة واحدة!
6da0d899b57997f0,TID_LAYOUT_EDITOR,محرر المخطط
b8eb149026919945,TID_MEMBERS_SORTED_BY_TROOPS_DONATED,أعلى عدد قوات متبرع بها
96f039731521b19b,TID_PAINTER_KING,الملك عامل الطلاء
5ab2489a2ba45cd7,TID_BATTLEPASS_TASK_WIN_BATTLES_USING_CANNONCARTS,فعالية العربات
2090c85d06dc71d9,TID_CLANGAMES_TASK_INFO_DESTROY_TESLATOWERS,دمر <num> من <building> في معارك متعددة اللاعبين.
a2950011fddd6483,TID_TUTORIAL_SHIP_READY,لا تخشَ الضياع. سنتذكر طريق العودة!
26fafee50fa6f7ac,TID_CHARACTER_BABY_ELECTRO_DRAGON,التنين الكهربي الصغير
448ecf91f367558e,TID_NPC_CHALLENGE_DEPLOY_AIR_GRAND_WARDEN,انشر <c9916c8>الآمر الكبير</c> الآن. استخدم وضع الطيران!
8eb313097cfa322c,TID_NPC57,منطقة حظر الطيران
edc1fde5836e663b,TID_TRAINING_SCREEN_QUEUE,قائمة انتظار
c1e405750cdc8ce9,TID_ALLIANCE_REJECTED_BY,تم الرفض بواسطة <name>
2614f8be7b7251ad,TID_REPORT_PROFILE_IMAGE_NOTIFICATION,تم الإبلاغ عن صورة الملف الشخصي!
edf778d8d849210c,TID_EXTERNAL_URL_TITLE,تنويه
8e5149e1e6d8f207,TID_TENCENT_AGREE,同意
affc5a042730f443,TID_SETTINGS_PLAYERNAME_CONFIRM_NEW,هل تريد بالتأكيد تغيير اسمك؟\nسيكون اسمك الجديد:
f25ee2073b0f80a7,TID_CLAN_TOTAL_POINTS,إجمالي النقاط:
fe63bd64ec453221,TID_CHALLENGE_NOT_AVAILABLE_RAID_SEASON,تحدي المنطقة الودي غير مسموح به خلال غارات نهاية الأسبوع!
6302a01d37b98e30,TID_BOMBER_ABILITY_HELP,تنط مرتين وتلحق <num> من الضرر عند هبوطها في كل مرة.
9d7ac05d972d329f,TID_PRIVACY_POLICY_BUTTON,سياسة الخصوصية
aeabfcb3bc2132ef,TID_STARTER_TH3_INFO_BUILDCLANCASTLE,أعد بناء قلعة القبيلة المتهدمة في قريتك.
a367f18da8c4ac30,TID_ALLIANCE_DONATE_HEADER_SPELLS,التبرع بالتعويذات:
52279256dc3fd90c,TID_CHARACTER_INFO_ROCKET_BALLOONS,عندما تعمل التضاريس ضدك، فربما يقوم سرب من البالونات الصاروخية بإنجاز المهمة...إذا لم تنفد معززاتها أولاً.
24e92296d9dd0f7b,TID_SELECT_RANDOM_SKIN_MODE,سيتم اختيار المظاهر عشوائيًا من بين كل المظاهر المحددة
a7e47b7b6a2d6183,TID_POPUP_UPGRADE_BUILD_MORE,بناء المزيد:
e041f354781f2651,TID_NEWVILLAGE_LOG_SEARCHING_INFO,هاجم أحد الخصوم أثناء مهاجمته لك. سيفوز صاحب أفضل هجوم!
72606201d68cd358,TID_REQUIRED_SPELL_FORGE_LEVEL,يجب توفر مصنع سحر من المستوى <number>
e39c6425f8f2eb48,TID_EDIT_MODE_SAVE_BUTTON,حفظ
c8cde016fe4dab20,TID_ACHIEVEMENT_CLAN_GAMES_POINTS_TITLE_III,بطل المباريات الثالث
e3237cae73fabb91,TID_NPC_CHALLENGE_TH10_MINER_BARBARIAN_KING,انشر <c9916c8>الملك البربري</c> لتشتيت انتباه دفاعات العدو كي لا تتمكن من مهاجمة <c54a0fe>عمال المنجم</c>.
c3c30bfce9deb86f,TID_LEAGUE_CLAY3_SHORT,الطين 3
b06e1db6fa636b1c,TID_NOT_ENOUGH_EVENT_TOKENS,ليس لديك ما يكفي من <hard_currency>. اربح المزيد بجمع <soft_currency>.
476896a3dc94dd83,TID_WATCH_LIVE_REPLAY,مشاهدة حية
44471025b176ddd3,TID_GEAR_TYPE_POTION,جرعة
0ed57822f28bcf81,TID_INVALID_PLACEMENT,لا يمكنك نشر القوات في المنطقة الحمراء!
8288d802028e8e62,TID_CLANGAMES_TASK_INFO_GET_KILLS_VS_ALLHEROES,اقض على البطل الخصم <num> من المرات في المعارك متعددة اللاعبين.
682ab80ab848e81f,TID_SUPER_MINION_ABILITY_HELP,ينفذ المينيون الخارق هجماته الـ <num> الأولى من مدى أبعد.
574aed419940f29a,TID_JOIN_NEW_CLAN_WHILE_IN_CLAN_TEXT,ستغادر قبيلتك إذا انضممت إلى هذه القبيلة الجديدة. هل أنت متأكد؟
0f9f3f32c4598538,TID_MAP_LOCATION_22,البحيرة الجافة
923c175eebf2eb3e,TID_NPC_CHALLENGE_TH12_YETI_STONE_SLAMMER,انشر <c54a0fe>بالون الحجارة</c> لإخلاء الجوانب. يحمل 8 <c54a0fe>بالونات</c>.
038a1dba229b56a7,TID_SPELL_FACTORY_VOUCHER_CLAIM_FAILED_TITLE,فشلت المطالبة بالقسيمة
e4fd1c567e7f8fa4,TID_GOOGLE_SERVICE_CONNECT_TITLE,يُنصح بتسجيل الدخول إلى Google Play
af1e818890e9d087,TID_MAINTENANCE_ESTIMATED_SOON,من فضلك حاول ثانيةً خلال بضع دقائق.
da609e97c803a791,TID_SUPER_HOG_RIDER_ABILITY,فرِّق تسُد
2cffea6d0fd6a378,TID_EVENT_PASS_PACKAGE_INFO,اشترِ تذكرة الحدث للوصول إلى المزيد من الجوائز
8e414304943fe0df,TID_HERO_INSTRUCTIONS_WARDEN,يتبع الآمر مجموعات من القوات الصديقة ويعززها بهالة الحياة الخاصة به. عند الهجوم، يمكنه المشي فوق الجدران أو التحليق عاليًا، وعند الدفاع، يتحول إلى برج. افتح قدرة المجلد الخالد لتصبح القوات القريبة منه محصنة ضد الضرر!
2d268b6e82d690da,TID_TRADER_FEATURE,محل التاجر
6f9170b5fa4ba32b,TID_MULTIPLAYER_POINTS,كؤوسك:
a53b9a5b56580c36,TID_GAME_CENTER,Game Center
6e0178c56e657d72,TID_TUTORIAL_WAR_LEAGUE_12,إذا فزنا، يمكننا الارتقاء إلى دوريات أعلى وأعلى!
7163d30e4b62c892,TID_NATIVE_DIALOG_TENCENT_ACCOUNT_CONFLICT_YES_BUTTON,نعم، قم بالتبديل إلى الحساب الحالي.
dff68dabb5e63934,TID_LOCAL_NOTIFICATION_EVENT_XMAS_3,يا زعيم، درِّب سحرة الثلج خلال أيام Clashmas الأخيرة!
8f6825f89b675256,TID_UPGRADE_TH_LOCKED_INFO,أنشئ المباني التالية لفتح مستوى قاعة البنّاء التالي!
6fa20b61cf1a00f9,TID_6ANNIVERSARY_OFFER_MAGICITEMS_POTION_AND_GOLD_ELIXIR_INFO_999,• <res0> ذهب\n•<res1> إكسير\n• <booster1> من جرعات البنّاء: تسمح للبنّائين بزيادة سرعتهم عشرة أمثال لمدة ساعة واحدة.\n\n• تخزين بلا حدود!\n• يمكن شراء هذا العرض 20 مرة!\n\nاحصل على مجموعة الذكرى السنوية الآن. متوفرة لفترة محدودة فقط!
5fca5b1d6602f899,TID_NPC5,برميلان مدخنان
ac9b7dac8a8ebcc9,TID_CLASHIVERSARY_WARDEN,آمر المستقبل
db73ff6c96e83f35,TID_MAP_LOCATION_18,مسار النسر
e8646e95ce6544cf,TID_TUTORIAL_ELIXIR_CART_4,لنجمع الإكسير ونستخدمه!
e6339c8b9985bc29,TID_ERROR_POP_UP_SERVER_MAINTENANCE_ESTIMATED_HOUR_AND_HALF,المعذرة، الخوادم تحت الصيانة في الوقت الحالي. من فضلك حاول ثانيةً خلال ساعة ونصف.
06ef50974b098f59,TID_LEAGUE_CRYSTAL2_SHORT,الكريستال II
0ba4bbd6bbbb09f0,TID_RANKTITLE,الرتبة
104925f083a20eb2,TID_EP_MULTIPLE_REWARD_FORMAT,<num> x <reward>
6b93319d83b904d8,TID_CLANPERK_DESC_BADGE_LEVEL,تم إلغاء قفل حدود شارة القبيلة: <value>
e5f0c3ba5c8448af,TID_LEAGUE_RUBY3,دوري الياقوت 3
4441d11bfcd0b294,TID_FEATURE_SPELLS,التعويذات
230b12aa26527532,TID_QQ_LOGIN_BUTTON,تسجيل الدخول إلى QQ
afd7ff6d9125c2b2,TID_BOOSTER_FREE_BUILDING_UPGRADE_OFFER_INFO,<num> من مطارق المباني: قم بترقية أي مبنى إلى المستوى التالي على الفور.
b8e65ecb9c47ee3b,TID_TUTORIAL_SMITHY_2,يمكنك استخدامه لفتح المعدات وترقيتها لجعل أبطالك أقوى.
2f80f7422c40c5f3,TID_ARRANGED_WAR_SIZE,حجم الحرب الودية: <num> ضد <num>
0cd7e990dcd7ad42,TID_MAP_LOCATION_12,نُزل البلوط الذهبي
49041e923160fb99,TID_JOLLY_SCENERY,منظر رأس السنة
baa56628a0c3b2dd,TID_EVENT_TITLE_CLANWAR_LONG3,الغنيمة الأسبوعية
c252613d66a02e92,TID_BP_CONFIRM_TIER_UNLOCK_TITLE,أتريد شراء نقاط؟
d5ed76ae6ac0abc1,TID_DIAMOND_BUNDLE_ELIXIR_HERO_PACK,مجموعة بطل الإكسير
32cd29b655ab753e,TID_BUILDING_MULTI_ARCHER_TOWER,برج عصابة راميات السهام
db2f7dafc94a1918,TID_COMPLETION_BONUS_TITLE,مسار المكافآت
d26cee1b57b9ccd6,TID_GARGOYLE,مينيون
c7f17f68fda77f99,TID_ALLIANCE_DEFAULT_JOIN_REQUEST_MESSAGE,أود الانضمام إلى قبيلتك
1473f4ab078ba420,TID_DIAMOND_BUNDLE_RESEARCH_PACK,مجموعة الأبحاث
19a3cf072045555c,TID_TAB_OVERVIEW,نظرة عامة
ac20f7531abad8f2,TID_REPAIR_CLAN_CASTLE_2,انضم إلى قبيلة لتكوين حلفاء جدد، استقبل التعزيزات وشارك في حروب القبائل ومباريات القبائل.\n\nأنشئ قبيلتك الخاصة للعب مع الأصدقاء، وتجنيد أعضاء جدد، ووضع بصمتك على العالم!
42a042d763d6ddf7,TID_BIRTHDAY_SPELL,قنبلة عيد الميلاد
9ec5f4d90d1d5728,TID_XP_BUTTON_UNLOCK_PUZZLEANDDRAGONS,إلغاء القفل
2e8ff1bb9cdf8f0b,TID_FOLLOW_BUILDER_TEXT,انطلق البنّاء في مغامرة، وأخذ كلمة مرور حساب Instagram الخاص بنا معه! تابع تنقلاته وتعرف على ما سيفعله بعد ذلك!
8ef1cedbc66ed61a,TID_BATTLEPASS_TASK_INFO_COLLECT_DARKELIXIR,اجمع <num> من إكسير الظلام من مستخرجي إكسير الظلام.
e9374354afbddc7b,TID_STREAM_EVENT_KICKED,تعرض للطرد من القبيلة بواسطة <name>
a1f85def2d09bbe3,TID_NEWS_BOMB_TOWER_ARMY_REVAMP_TITLE,تجديد تدريب الجيش
f965ab0493020a7d,TID_ROCKET_BALLOONS,البالونات الصاروخية
892036d50e25d9ad,TID_DECO_GOLDEN_BARBARIAN,البربري المذهّب
0ae240ea43fbb88a,TID_UPGRADE_CAPITAL_UNIT,لترقية <name> إلى المستوى <number>.
7f4d552bd5f1816f,TID_LOCAL_NOTIFICATION_WAR_PREPARATION_ENDS,الإعدادات لحرب القبيلة على وشك النهاية!
cac1cb134601a76b,TID_CLANGAMES_TASK_INFO_WIN_STARS_VS_HIGHER_TOWNHALL,اربح <num> من النجوم ضد الخصوم بقاعة مدينة من مستوى أعلى في المعارك متعددة اللاعبين.
44cc22f8c6b99710,TID_PRESET_TIME,الوقت
895f7da15312a611,TID_BUTTON_CLOCKTOWER_SPEEDUP,التعزيز الآن!
84478e452bf2b451,TID_TUTORIAL_CLASHOWEEN_EVENT_A2,العمل الدائم بلا مرح يجلب على البنّاء الكآبة....
dc33484a2ea95dff,TID_WL_MEDALS_BONUSES_ALT_GEMS_RECEIVED,حصلت على <num> من الجواهر الإضافية من جوائز دوريات حروب القبائل
d55e5efac588ee66,TID_HOG_RAIDERS,راكبو الخنازير
829dd1ef1fa4a236,TID_AVATAR_MESSAGE_SENDER_PLAYER_SUPPORT,دعم اللاعب
de42961e4bb0d898,TID_WL_INFO_LIVE_BONUS_MINIMUM,مضمونة
c596b7f54903867d,TID_HOG_GLIDER,مظلي الخنزير
8e0703849f8e48e3,TID_NPC10,غوبوتاون
ee933980d163f2f1,TID_NPC64,صالة البولينج
b329de34ed968dc0,TID_ARRANGED_WAR_EDIT_MEMBERS,اختر مشاركي الحرب الودية
ecf71669574c4ed2,TID_START_WAR,بدء الحرب!
814714c960a4d438,TID_ITEM_LOCKED,<item> (مغلق)
6c7236f058f5fa40,TID_ARTO_TASK_UPGRADE_GENERIC,\nقم بترقية <name> إلى المستوى <level>.
144cbaeee726eaf3,TID_PROJECTILE_DAMAGE,ضرر القذيفة: <number>
3c6db5e1d24f6de7,TID_HINT_GIANT_DEPLOY,يمكن للعمالقة تلقي ضربات كثيرة. انشرهم أولًا لجذب انتباهات المدافعين.
68dbdcf58c259b8b,TID_HERO_ROYAL_CHAMPION,البطلة الملكية
edfdc45536708014,TID_DECO_LAKE_5,بركة صغيرة
af56cca9f5783fe8,TID_BATTLEPASS_TASK_WIN_BATTLES_USING_ICEGOLEM,القيود الجليدية
bb77a904553707fc,TID_CLAN_GAMES_CHOOSE_REWARDS,اختر جوائز
f7589e6f85818692,TID_CLANGAMES_TASK_USE_SUPER_WIZARDS,السحر الخارق
28e9cccfb936813d,TID_BUTTON_REPAIR,إعادة بناء
2fdc9d75430befc3,TID_REQUIRED_BARRACK_LEVEL,يجب توفر ثكنات من المستوى <number>
7fc21a8f05d1d4e3,TID_POPUP_CANCEL_CLEAR,هل ترغب بالتأكيد في إيقاف إزالة <item>؟
a36064bc1b74bd04,TID_TUTORIAL_CLASHOWEEN_EVENT_E1,هذا هو المكان الذي ينتقل إليه الإكسير الحمضي اللذيذ.
82c1bd4eac770eff,TID_GEAR_HOG_TOTEM,دمية راكب الخنزير
be3f24bde54ac2f0,TID_PRIORITIZED_UPGRADES,الترقيات مرتبة الأولوية:
bbd9ab9f1d512a79,TID_DECO_BOULDER,الصخرة
c86159497ebf2192,TID_HERO_ABILITY_BARBARIAN_DESC,سيشتعل الملك من الغضب، ويستعيد كمية كبيرة من الصحة، ويعزز سرعته وقوة الهجوم. ستظهر مجموعة من البرابرة الغاضبين أيضًا للانضمام إلى الشجار!
eaa1cfdaa514db45,TID_START_WAR_FAILED_ALREADY_IN_WAR,لا يمكن بدء حرب جديدة، قبيلتك في حرب بالفعل!
dc63b1e8cf9706f1,TID_ALLIANCE_INVITATION_FAILED_USER_BANNED,لا يمكن دعوة اللاعب لأنه تم حظره من القبيلة!
523510de841bc292,TID_RESOURCE_CAP_FULL_DARK_ELIXIR,قم ببناء المزيد من مخازن إكسير الظلام أو ترقية الموجودة بالفعل!
4112522e1ea03412,TID_SKIN_OFFER_INFO,مظهر خاص بـ <name>
18217d2c2228514b,TID_WL_RESULT_DEMOTED,تم تخفيض ترتيب قبيلتك إلى
76759aef4375d7c0,TID_MOVE_MASTER_BUILDER_CONFIRMATION,أتريد إرسال البنّاء الخبير إلى القرية الأم مؤقتًا؟
9f4a535d2930a51e,TID_SCENERY_CLASSIC,منظر تقليدي
87610dced48a5517,TID_EDIT_MODE_TIP1,ضع المباني في المخزن باستخدام \qإزالة الكل\q أو \qمسح الكل\q
359ec0afab37f11b,TID_JUNGLE_QUEEN,ملكة الأدغال
f2dee18daa361963,TID_ALLIANCE_GAMES_EXPIRED_TASK,انتهى الوقت
f0b72344c2139291,TID_CLAN_TAG_BUILDER_BASE,قاعدة البنّاء
48ef6655dc874694,TID_RESOURCE_PACK_DARK_ELIXIR_50,ملء المخازن بمقدار النصف
41f6691ef4c041aa,TID_POPUP_ANDROID_EXIT_TITLE,تأكيد الخروج
d7486e6c877a8bc7,TID_SUPER_TROOP_DISCOUNT_STICKER,خصم <num>% على القوات الخارقة
3dee785029c6ca51,TID_BP_PERK_INCREASE_LIST_FORMAT,• <num>% <perk>
329be870e4590545,TID_SUPERCELL_ID_LOGIN_BUTTON,تسجيل الدخول بـ Supercell ID
49f4985464073d3d,TID_LEAGUE_RUBY2_SHORT,الياقوت 2
05c914735cfe45ed,TID_ADD_FRIENDS_INFO_REQUESTS_ANDROID,أضف أصدقاء Clash من خلال ملفات اللاعبين الشخصية. سيظهر أصدقاء Supercell ID تلقائيًا بمجرد تسجيلك للدخول.
77dd6526955ee4a2,TID_RAID_WEEKEND_REWARD_TOTAL_TROPHIES,إجمالي الكؤوس:
476a8907afcadf67,TID_NEWS_CLASHIVERSARY_TEXT,هذا صحيح! إنه عيد Clash of Clans السنوي الخامس! وللاحتفال فإننا سنملأ اللعبة بجميع أنواع المزايا الخاصة للاعبين، وتتضمن عوائق جديدة خاصة وعروض ومعزز جوهرة واحد والكثير جدًا غير ذلك!\nنخب خمس سنوات أخرى من البناء... ومن ثم التدمير!
f3e240ef1c51cf4b,TID_SPELL_RECALL_HOUSING,عدد القوات المسحوبة: <number>
02bf2ef14592e014,TID_ACHIEVEMENT_ACCOUNT_BOUND_TENCENT,الاتصال بـ WeChat أو QQ
e05da823e2ef476b,TID_USE_TROOP_EVENT_ACHIEVEMENT_DESC,حدث التحدي: اظفر بمعارك متعددة اللاعبين!\n<cffec78>• يجب استخدام <unit> واحدة</c>
b7ae699148da79cc,TID_BUTTON_DISABLED_RESOURCE_REWARD_WOULD_OVERFLOW,لا توجد مساحة كافية بخزينتك لـ <reward>.\nقم بإخلاء مساحة أو اختر جائزة مختلفة.
7a37835b1abbdb42,TID_BATTLEPASS_TASK_WIN_BATTLES_USING_STONE_SLAMMER,البالون الكبير
d0a4c100839c829b,TID_ALLIANCE_CREATE_BADGE,الشارة:
23849b90dcf08a78,TID_STREAM_REPLAY_TEXT_ATTACK,هجوم ضد:
cdf063ec3d7f1815,TID_CONFIRM_SUPER_TROOP_PURCHASE_TEXT,أتريد تعزيز <original> إلى <name> لمدة <duration>؟
57a452e833aaba88,TID_LEAGUE_CHAMPION,دوري الأبطال
c4eed2b0e9ece73d,TID_CLANGAMES_TASK_DESTROY_BB_BUILDINGS,تفجير المباني
4e6643c33d1f8d75,TID_INFO_ACTIVATION_TYPE,شرط التفعيل:
12c0d58fa2426d2e,TID_LEAGUE_COPPER2_SHORT,النحاس 2
0ff2c87694829702,TID_SETTING_GROUP_ATTACK,إعدادات الهجوم
3ee236fa66f2a70c,TID_DIAMOND_BUNDLE_MAGICITEMS_BUILDER_BASE_BUILDING_BOOK_WITH_GOLD_INFO,• <res0> ذهب البنّاء\n• <booster1>x كتاب البناء\n• لا حدود للتخزين!\n\nكل ما تحتاجه لترقية قاعة البنّاء والدفاعات!
921dda932cd41e22,TID_HINT_ARTILLERY2,يمكن لضربة سريعة أن تطغي على مدفعية النسر قبل أن تسبب ضررًا كبيرًا.
0ffcf9bbb884feb4,TID_ALLIANCE_WAR_CANNOT_ATTACK,القرية غير جاهزة، من فضلك حاول ثانيةً خلال بضع دقائق.
496dc21aa8aa7917,TID_CLAN_LANGUAGE_UNKNOWN,غير محدد
580740f56666a128,TID_REDUCE_TIME_BARRACK_TROOP2,وقت التدريب الجديد: <num2>
d09d32d31a7df3a9,TID_TUTORIAL_ELIXIR_CART_3,كل نجمة نفوز بها عند الدفاع توفر إكسيرًا.
165098de795504c6,TID_UPGRADE_COUNT_LIMIT_HIT,<c2>لا يمكنك ترقية أي مباني أخرى من هذه المباني</c>
e6505e27f3ade15a,TID_CAPBUILD_RAPID_ROCKETS_INFO,هذه الحزمة من الصواريخ المعبأة بإحكام لها مدى أقصر مقارنة بالدفاع الجوي، ولكنها تعوض ذلك بتوجيه ضربة أكثر شراسة.
206f1805f8069e31,TID_ACHIEVEMENT_ACCOUNT_BOUND_COMPLETED,مكتمل!
f4b9566f07e6ad55,TID_CLANGAMES_TASK_GET_KILLS_VS_ALLHEROES,مطاردة الأبطال
b992a68da9239893,TID_MEDAL_EVENT_HARD_CURRENCY,العملة الصعبة لحدث الأوسمة
4c9bb4980413d3c5,TID_POPUP_SHIELD_REMOVAL,يمكنك البحث عن مطابقة في أي وقت، ولكن ستنخفض مدة درعك إن بدأت هجوم. إن كان لديك أقل من تكلفة الهجوم، فستتم إزالة درعك.
508b13bf5d636f72,TID_V2_DUEL_FEED_DESTROYED,دُمرت
38aa0174988b5984,TID_ELECTROFIRE_WIZ_ELECTRO_MODE_UPGRADE_INFO,يسبب <num> من الضرر في الثانية في الوضع الكهربي.
8d575383613a9010,TID_LIFE_STEAL,التعافي في الضربة: <number>
329cc4b79dbcc084,TID_PLACED_AFTER_SHUFFLE_POPUP_TITLE,تم وضعك في دوري!
ad2c4942c2fb7363,TID_HINT_TRADER,يمتلك التاجر على أطراف قريتك مجموعة مختارة من السلع السحرية التي تتغير بشكل أسبوعي. ترقب هداياه المجانية.
a347aafe9ab0419f,TID_TENCENT_LOGIN_PROMPT_BLOCKED_WECHAT,طبقًا لآخر قواعد الحماية من الإدمان، لن يكون بإمكانك إتمام عملية التحقق من الهوية عند تسجيل الدخول عبر حساب ضيف، وستكون مدة اللعب المسموح بها محدودة في ساعة واحدة كل 15 يومًا.\n\nسبق تسجيل حسابك عبر WeChatِ. للاستمرار في اللعب، ننصحك بشدة بتسجيل الدخول مجددًا عبر WeChat وإتمام عملية التحقق من الهوية.
f2f27237d6a6bc59,TID_CHALLENGE_INFO_2017,تم اكتشاف قاعدة البنّاء على الجانب الآخر من البحر. ويظهر سترونجمان بأول مباريات القبيلة والعناصر السحرية.
385b9afe6509b10e,TID_MISSION_REWARD,الجائزة:
066ca036d9c654e9,TID_DUEL_REWARDS_TITLE,مكافآت معركة البنّاء
fe0b0f4cf371b3f4,TID_WITCH2_ABILITY_NAME,سرب الخفافيش
fad35d3d2742b1b8,TID_BATTLEPASS_TASK_UPGRADE_HOME_WALL,تحصين القرية
d82aab1b1a05ee16,TID_PURCHASE_LIMIT_CONFIRM,اكتب من فضلك \q<CONFIRM>\q واضغط زر الموافقة لشراء <ITEM> مقابل <PRICE>.
493ae80b4ffe0047,TID_HINT_CLOCK_TOWER,يمكنك تسريع الإنشاء وإنتاج الموارد وكل شيء آخر باستخدام برج الساعة!
535078fec7c71065,TID_RECALL_NO_TROOPS_TO_DEPLOY,لم يتم سحب أي قوات
70baca2612683a7d,TID_TOWN_HALL_4_INFO_SHORT,انظر إلى السماء واحلم.
4d39283adf1683c2,TID_CAPITAL_GRAVEYARD_INFO,تعيد هذه التعويذة السحرية المخيفة الحياة إلى من فقدناهم في ميدان المعركة.\n\nعند هزيمة أي قوة، تستدعي التعويذة عددًا من الهياكل العظمية بحسب مساحة تسكين تلك القوة. في حالة القوات الطائرة، ستحل محلها هياكل عظمية طائرة.
45c48dc605029097,TID_TUTORIAL_CLASHOWEEN_EVENT_A5,مرجل الإكسير الحمضي!
2c9f24e4d0f1ceea,TID_CLANGAMES_TASK_INFO_USE_SUPER_BARBARIANS,اربح <num> من النجوم من المعارك متعددة اللاعبين باستخدام <num2> من البرابرة الخارقين.
3b40f1aeea229739,TID_CAPITAL_SHOP_RESOURCE_CONFIRM_TEXT,هل تريد شراء <num> من <item>؟
c841930f9da8eeb0,TID_ACHIEVEMENT_REPAIR_BUILDING_TITLE,كنوز مخفية
62e9fb2f639bbb82,TID_NEWS_TH11_UPDATE_GUARD_TEXT,• الحراسة تحميك من الهجمات وتتيح لك مهاجمة الآخرين كما تريد\n• احصل على حراسة مجانية عند انتهاء صلاحية الدروع والعب بحرية دون قلق من التعرض للهجوم\n• بطولات الدوري الأعلى تمنح حراسة مجانية أطول - لاعبو دوري الجبابرة I والأسطورة يحصلون على تغطية 100%!\n• ساعتان من الحراسة الإضافية متاحتان في المتجر يوميًا
8f905faab3d0593c,TID_DECO_RUINED_PILLAR_INFO,تآكل بفعل الزمن، لكنه لا يزال قائمًا.
1becde604ca05774,TID_GEAR_INFO,معلومات
ab92a18fd598cd85,TID_NEWS_OTHER_TITLE,
0b99b83515dc7f4a,TID_CHARACTER_INFO_MAGIC_ARCHER,الآن وقد اشتد ساعد رامية السهام الخارقة، تستطيع إصابة أهداف على مسافة عدة مبانٍ.
4d65c5485435117e,TID_OPEN_TRAIN_TROOPS,تدريب
b188867108c40ed7,TID_BUTTON_BOOST,تسريع
7c09822de7332af4,TID_DECO_DEAD_JAKUZZI,المنتجع المخيف
e90df65e2b0061b9,TID_GEAR_RARITY_COMMON,شائع
ec2be4c87de3bc46,TID_NPC_CHALLENGE_BOWIGI_RAGE2,استخدم <cf07bf8>تعويذة الغضب</c> لمساعدة جيشك على التوغل في الوسط والأسفل!
d184522429dd720a,TID_WAR_STATS_HEADER_DEFEAT_BASES_SHORT,هزيمة قواعد الحرب
93d9d506fe9f3e66,TID_SUPPORT_CREATOR_BUTTON,إدخال الرمز
90d6f0962de38045,TID_ALLIANCE_WAR_TOTAL_LOOT_STOLEN,إجمالي الغنائم المسروقة:
d215bfb018b7a1e3,TID_TOWN_HALL_15_INFO_SHORT,مزيد من السحر، مزيد من الفوضى!
11e7c654dc002602,TID_BATTLEPASS_TASK_INFO_WIN_BATTLES_USING_ICEGOLEM,استخدم كائنات غولم الجليد لربح <num> من المعارك متعددة اللاعبين.
e0368545bbacf204,TID_EXTERNAL_URL_TEXT,مرحبًا يا زعيم. نحن بصدد توجيهك خارج Clash of Clans.
46ff62d9bbe37105,TID_NOTIFICATION_CLAN_WARS,حروب القبائل
e9a2fe7624814b08,TID_STREAM_DONATE_TEXT,يحتاج تعزيزات
13f819ad8ef8cb09,TID_DIAMOND_BUNDLE_BH7,حزمة قاعة البنّاء 7
e0b536d4badba8bc,TID_CAPBUILD_CRUSHER_INFO,لا يقبل الساحق أحدًا في مساحته الخاصة. يسحق هذا الحجر الثقيل الوحدات الأرضية بضربة هائلة.
1b47b41fc8347012,TID_HINT_REPLAY,يمكنك مشاهدة إعادات عرض المعارك من سجل المعركة!
f74c21ef53821808,TID_CHARACTER_INFO_TOXIC_MINION_SHORT,كائنات كرجول خضراء لامعة تمنح هدايا بدون مناسبة.
91011d9b735cbdd7,TID_SECOND_STAGE_FEATURE_DESCRIPTION,تعمّق أكثر في كهف مظلم. هناك المزيد لتكتشفه وتهاجمه!
264a7dee66726874,TID_GENERIC_NOTIFICATION_TITLE,تنويه
9f0dbb763aa52a4b,TID_BOOSTER_FILL_DARK_ELIXIR_STORAGE_INFO,نظرًا لأن هذا العنصر السحري يوفر إمدادًا لا نهائي من إكسير الظلام كما يبدو، فهو يتيح لك ملء مخازن إكسير الظلام بالكامل في القرية الأم.
0694f24c6c6dbc13,TID_GIFT_DIAMOND_PACK_5,صندوق جواهر وهدايا
ae8d807571098a01,TID_CLANGAMES_TASK_DESTROY_BOMBTOWERS,تدمير أبراج القنابل
f12e38d0d50d9ce3,TID_GEAR_UP_ARCHER_TOWER,ركّب مفتاحًا يمكن من خلاله خفض برج راميات السهام هذا ليطلق ضربات بمعدل سرعة أكبر بكثير!
e79aa901ddb9b2b1,TID_STREAM_EVENT_JOINED,انضم إلى القبيلة
a17a88fc72a6508c,TID_BP_SCENERY_UNLOCKED,تم فتح <scenery>!
1536d38f382d4360,TID_FRIENDLY_DISTRICT_CHALLENGE_NO_ATTACKS_YET,لا توجد هجمات حتى الآن.
21d4ebaa723be013,TID_ALLIANCE_WAR_VISIT_FAILED_NOT_FOUND,لا يمكن الزيارة، لم يُعثر على القرية! من فضلك حاول ثانيةً لاحقًا.
e1915eed5f8057b9,TID_POPUP_ARMY_OVERVIEW,نظرة عامة على الجيش
51add0417bc61762,TID_BUTTON_CANCEL_PRESET,إلغاء
1e16634bdb6440a5,TID_CLAN_TAG_TEACHER,معلم
8f0d43f962d2b6a0,TID_ALLIANCE_WAR_NOT_IN_CLAN,يجب أن تنضم إلى قبيلة قبل المشاركة في حرب القبائل!
b178f64b12d32ce6,TID_NOTIFICATION_FORGE_COMPLETE,ذهب العاصمة جاهز للجمع في ورشة الصياغة!
8062d6f3eea2c8eb,TID_ENDOFSEP_OFFER_INFO_4999,• <booster1> من كتب القتال: أكمل أي ترقية جارية للقوات على الفور.\n• <booster2> من كتب المباني: أكمل أي ترقية للمباني على الفور.\n• <res0>x ذهب\n• <res1>x إكسير\n\n• تخزين بلا حدود!\n• يمكن شراء هذا العرض مرتين خلال مدة العرض.\n\nحان وقت قتال الخريف!
e356d19a8a9803c2,TID_ALLIANCE_GAMES_CLAN_TAB,قبيلة
004ebb8ee0f1eba9,TID_SCENERY_GINGERBREAD,منظر كعك الزنجبيل
0239063d07e226c9,TID_UPDATE_REQUIRED_TO_CONTACT_SUPPORT,للتواصل مع المساعدة والدعم، يجب تحديث إصدار اللعبة.
d3352c15666cd43e,TID_CONFIRM_CONTINUE_WANTS_INVITES_TEXT,لقد رفضت دعوات قبائل متعددة. أتريد الاستمرار في تلقي الدعوات؟
e3400417b8294da1,TID_BP_CAP_HOUSING_UNLOCKED,تم فتح <housingpart>
1af04e3004ae4672,TID_NPC_CHALLENGE_TH7_HOG_HEAL1,فقد <c54a0fe>راكبو الخنازير</c> كل نقاط الإصابة. استخدم <cffe346>تعويذة شفاء</c> الآن!
8e705dcf419639bc,TID_BATTLEPASS_TASK_WIN_BATTLES_USING_DROPSHIPS,استراتيجية مناطيد الإسقاط
cf71e226f5af1f6b,TID_SHADOW_KING,ملك الظل
d84dae8d59eba9e9,TID_CAPBUILD_BARRACKS_MINION_INFO,بفضل الطريقة الجديدة يأتي المينيون الآن في حشود!
9a3d26ff54a9ea47,TID_HERO_ROYAL_CHAMPION_INFO_SHORT,بطل تجده دائمًا في قلب الحدث.
44f178345654d48d,TID_NO_DEFENSES_YET,لم تدافع بعد.
994ba291771bc465,TID_SCENERY_BOOKS_OF_CLASH,منظر Books of Clash
3ffb0ccd4cfdd7ab,TID_HINT_XBOW_TARGETS_2,يمكنك إعداد القوس لمهاجمة الأهداف الأرضية فقط في مدى طويل.
04e7654625184163,TID_CLANGAMES_TASK_INFO_USE_LOG_LAUNCHER,اربح <num> من النجوم من المعارك متعددة اللاعبين باستخدام <num2> من قاذفات الجذوع.
b2c7fcf39f02d842,TID_RES_PACK_SPECIAL,حزمة موارد
e5f4700e7dc0065c,TID_LEGENDS_SHIELDED,أنت محمي! لا يمكنك شن هجمات أو التعرض لها اليوم.
c489b66adc64b014,TID_FEEDBACK_BUTTON3,مشكلة أخرى
4c1813326988272e,TID_SPEEDUP_INFO,ضع بعض السرعة حتى في أثقل وحداتك!\n\nتفتقر تعويذة التسرع إلى زيادة الضرر الناتجة عن تعويذة الغضب، لكنها توفر أداة تعزيز أفضل لسرعة التحرك. تتيح مساحة التخزين المنخفضة لك أخذ المزيد منها إلى المعركة!
0dc2704af0849d40,TID_NPC33,أبراج معيبة
54e76455b783a378,TID_START_WAR_FAILED_GENERIC_ERROR,لا يمكن بدء حرب جديدة، حاول ثانيةً لاحقًا!
3681862daf426add,TID_DISTRICT_LAYOUT_UPDATED,غيّر <player> المخطط. أعد تحميل المنطقة لرؤية التغييرات.
0d3fd9ce066f15c2,TID_CAPITAL_HALL_LEVEL_STAT,مستوى قاعة العاصمة
f8265a79e00ff546,TID_CLANGAMES_TASK_INFO_DESTROY_BB_ELIXIRPUMP,دمر <num> من <building> في معارك البنّاء.
0fc590440378fbec,TID_LEAGUE_STONE4_SHORT,الحجر 4
76edfd06a25d3ded,TID_WL_MEDALS_ALT_GEMS_RECEIVED,تسلمت <num> من الجواهر ضمن جوائز دوريات حروب القبائل
1bfdf4d7f37a6bf8,TID_DECORATION_CLASHMAS_22,زلاجة Clashmas
660ec7c8227a304b,TID_WRONG_VILLAGE,عد إلى القرية الأم أولاً
cc614515f0ff65de,TID_BATTLEPASS_TASK_INFO_UPGRADE_ANY_WALL,قم بترقية <num> من قطع الجدران في أي من القريتين.
fbb07f538293db14,TID_CREATE_SKELETONS_SPELL_INFO,استدع جيشًا من الهياكل العظمية في أي مكان على أرض المعركة!\n\nضع القليل من السيوف الإضافية في الزمان والمكان اللذين تحتاج إليهما فيه. الهياكل العظمية لا تفعّل الفخاخ.
2b95722a711dcc36,TID_HINT_RESOURCE_UPGRADE_NOT_FUNCTIONING,مناجم الذهب ومستخرجات الإكسير لا تصنع الموارد بينما تتم ترقيتها.
0d7aa925887af2ba,TID_WALL_BREAKER,مدمر الجدران
9a1e8e86bb040d47,TID_TRAP_AIR_MEGA_INFO_SHORT,يترصد المهاجمين الطائرين ليهاجمهم فور مواجهتهم.
6e75046c703a531b,TID_TENCENT_AUTH_EXPIRED,انتهت صلاحية التفويض، من فضلك قم بتسجيل الدخول مجددًا.
8b0a815817c15761,TID_TRAP_HALLOWEEN_SKEL_INFO,انصب كمينًا وشتت انتباه خصومك غير المنتبهين مع مناوشة مفاجئة لقوات قصيرة العمر لكن خبيثة من الهياكل العظمية! يمكن إعداد فخاخ الهياكل العظمية لمطاردة إما القوات الأرضية أو الجوية.
6ba770809b3b9eba,TID_TENCENT_USER_PRIVACY_POPUP_TITLE_1,用户与隐私相关协议指引
70fccc51f21f800e,TID_ALLIANCE_WAR_SPECTATING_NOT_ALLOWED,لا يسمح بمشاهدة الحرب
f05454b39f3968c8,TID_FLYING_GOBLIN,الغول الطائر
1133a1c9781ab1d4,TID_DEVICE_LINK_ERROR_BOTH_HAVE_OPEN_ID,للعب على العديد من الأجهزة التي تعمل بنظام تشغيل iOS، يُرجى التأكد من تسجيل الدخول إلى WeChat أو QQ على هذا الجهاز.\n\nثم سجّل الدخول إلىWeChat أو QQ باستخدام الجهاز الآخر. وستتم مزامنة تقدمك تلقائيًا.
4fc8e34c63b6c633,TID_VILLAGE_PREPARED,القرية جاهزة
51e57407cf810a6b,TID_TUTORIAL_CLASHOWEEN_EVENT_D1,ينتج المرجل أيضًا الإكسير الحمضي...
de05fcccb916e179,TID_CLANGAMES_TASK_DESTROY_BB_GEMMINE,سرقة الجواهر
53d7cd09ab437461,TID_OBSTACLE_ROOT,جذر
1fbee3d44edc72c8,TID_TUTORIAL_PETS_5,اختيار ممتاز! لكل حيوان أليف صفاته الفريدة وهناك إمكانية تشكيل ثنائيات رائعة.
d3420461988ea212,TID_NPC_CHALLENGE_TH8_GOWIVA_WIZARDS,يستطيع <c54a0fe>السحرة</c> مهاجمة القوات الجوية، كما أنهم يلحقون ضررًا كبيرًا.
99023f28e6cafe8d,TID_BUILDING_ELIXIR_PUMP,مستخرج الإكسير
69be36163551bfae,TID_BATTLEPASS_TASK_WIN_STARS_USING_HASTE,جنون السرعة
0d82c15531fed8bf,TID_MAP_LOCATION_14,المخبأ المهجور
84fb2903860e91b1,TID_UNABLE_TO_COPY_CURRENT_ARMY_TO_FRIENDLY_ARMY,تعذر نسخ الجيش الحالي.
f835e6e906c68c45,TID_DIAMOND_BUNDLE_MAGICITEMS_VILLAGE_UPGRADE_PACK,مجموعة ترقية المباني
6f3db2a3d7e10a76,TID_CLANBADGE_LAYER_2,حدود
aab09b1644fc496a,TID_HINT_BOOST_TRAINING,يمكنك تسريع سرعة تدريب الثكنات بالجواهر.
33fb9310c6c11238,TID_WAR_ATTACK_CONFIRM_SIEGE_MACHINE_TEXT,آلة الحصار: <number>
29d13cdac5e52c73,TID_NPC48,أبراج شربات
306f720867998e3a,TID_UPGRADING_WEAPON_FIRST,يجب عليك ترقية السلاح أولاً.
a193cbd1a1f105d9,TID_OFFER_NO_BUILDING_TIME,لا وقت للبناء!
f2186db8f6edefbd,TID_BUILDING_MULTI_MORTAR,مدفع هاون متعدد
9b9841c5f5e0d4b0,TID_HINT_ARCHER_TOWER2,اخفض ارتفاع برج راميات السهام لمضاعفة قوته الرادعة على نطاق أصغر.
ac06a247a6e56922,TID_BUILDING_HOUSE,منزل
747826a4328079b8,TID_TRAINING_SCREEN_DARK_SPELLS,مصنع سحر الظلام
dad5bc5067a4f985,TID_TYPE_ACCEPT_CLAN_INVITE_WHILE_IN_CLAN_TEXT,ستغادر قبيلتك إذا قبلت هذه الدعوة إلى الانضمام إلى قبيلة. هل أنت متأكد؟
9db0abf42b46665a,TID_BUTTON_SEND,إرسال
b0d04001fab132f9,TID_BUILDER_HALL_5_INFO_SHORT,نقدم تطورات أكبر في تقنيات البنّاء.
61cdb1a675c7cffa,TID_SHADOW_WARDEN,آمر الظل
4308a992fff5417a,TID_GOLD_PASS_SKIN_DETAILS,مظهر البطل الحصري لهذا الموسم هو <skin>!\n\nإذا لم تكن فتحت <hero> بعد، سيصبح المظهر متاحًا لك عند فتح هذا البطل.
815635938008798c,TID_REENGAGEMENT_LAB_NO_UPGRADES_SOME_LEFT_2,لم لا تساعدهم في اتخاذ قرار؟
a24f984b699abcb5,TID_ACHIEVEMENT_DESTROY_SPELL_TOWER,تدمير <number> من أبراج التعويذات في معارك متعددة اللاعبين
a643a9346a5c2b41,TID_WL_INFO_LIVE_TITLE,أسبوع معارك دوريات الحرب
a082f79afc4bd83e,TID_OBSTACLE_ROOT_SMALL,جذر صغير
3c8d9417f98d113c,TID_ITEM_BROKEN,<item> (مكسور)
bf55e181f20e942d,TID_SETTING_DEPLOYMENT_BAR_SIZE_BUTTON,الضبط
4c1eaa16b4677442,TID_NPC_CHALLENGE_TH10_BOBAT_WALL_BREAKERS,دمر الجدار لتصل إلى<cf70d16>برج الساحر</c>. يلحق <c54a0fe>مدمرو الجدران</c> ضررًا أكبر بالجدران عندما يكونون تحت تأثير <cf07bf8>تعويذة الغضب</c>!
0694f24dc7770c13,TID_GIFT_DIAMOND_PACK_4,صندوق جواهر وهدايا
eb73b1a2d096b5d8,TID_ADVANCED_MEGA_TRAP_INFO,جرعة مخفية من الدمار الثقيل. اختر الجو أو الأرض!
4ccf0f5ea926cff4,TID_CHARACTER_INFO_MINION_SHORT,مصدر إزعاج لا هوادة فيه لا يتوقف عن الهجوم.
fb77e36201cc1dfc,TID_DECORATION_ARCHER_QUEEN_STATUE,تمثال الملكة رامية السهام
594f7f45dbdf61ce,TID_LEAGUE_SHUFLES,ينتهي الموسم خلال: <league_shufle_time>
697f19f25b95ceaf,TID_CAPITAL_RAID_ATTACKER_LEFT_THE_CLAN,لقد هاجمت بالفعل مع قبيلة أخرى
38e41e34097f208c,TID_NPC_CHALLENGE_TH11_EDRAG_ARCHER_QUEEN,انشر <c9916c8>الملكة رامية السهام</c> لإكمال التوجيه.
81a58a74e52036ec,TID_HEALING_WAVE_INFO,عالج قواتك لتشركهم في القتال!\n\nقم بإلقاء هذه التعويذة لإنشاء حلقة من الشفاء. ستُشفى وحداتك أثناء وجودها داخل هذه الحلقة.
c6298bff5fcc2e3e,TID_OFFER_SEASON_CHALLENGES_TEXT_3,20 مرة القيمة العادية كحد أقصى!
619c48863def63dc,TID_CHARACTER_INFO_LIGHTNINGDRAGON,بفضل ما يملكه التنين الكهربي من حراشف قوية كالحديد وما ينفثه من برق مدمر، فإن نشاطه المفضل هو إلحاق الدمار من أعلى. عند القضاء على التنين الكهربي، يضرب الأرض بصواعق برق!
deae382f381f95a3,TID_CLANGAMES_TASK_INFO_DESTROY_SPELLFACTORIES,دمر <num> من <building> في معارك متعددة اللاعبين.
7fd4abad7e838beb,TID_RECRUITING,ضم اللاعبين
2a73d26e65cd5440,TID_CLANPERK_DESC_DONATION_UPGRADE_VALUE,<value> مستوى
0f94ae9ceb50e13e,TID_TREASURY_ELIXIR,إكسير الخزينة
ec2f7a79a06fb4c3,TID_BOB_HUT_INFO,إن بوب بنّاء عادي تمامًا، ويعيش بيننا. طبعًا لا يتم التحكم فيه من قاعدة البنّاء.
3584ffe84cabe6a4,TID_NPC_CHALLENGE_TH8_GOWIPE_WIZARDS1,انشر <c54a0fe>السحرة</c> للدعم.
7cdb00bcc28a337e,TID_NEXT_MATCH,التالي
98080f678ebd532a,TID_DECO_FIREWORK_FANBOY,برميل الألعاب النارية
c157b58a0f5e01dd,TID_NPC_CHALLENGE_TH11_EDRAG_CLONES,استخدم <ca0c0fe>تعويذات الاستنساخ</c> لإنتاج المزيد من <c54a0fe>البالونات</c> في المركز.
628c8575261b39ca,TID_UNABLE_TO_LOCATE_COUNTRY_FOR_CLAN_SCORES,لا يمكن عرض أفضل النتائج لموقع قبيلتك
3d854dee31d9153f,TID_SPECIAL_PACK_BUILDER,حزمة البادئ
c78d01561053fa25,TID_UNDERAGE_PLAYER_PLAYTIME_ENDING_SOON_WARNING_KUNLUN,根据国家防沉迷通知的相关要求，未成年玩家仅能在\q周五、周六、周日和法定节假日每日20时至21时登录游戏\q，其他时间无法游戏，今日可游戏时间剩余<num>分钟。请您注意休息。
20690d2ecb84ee57,TID_ERROR_POP_UP_LOGIN_FAILED,يُرجى المحاولة ثانيةً لاحقًا.
1f1e8954cd661ed6,TID_ACHIEVEMENTS_INFO,الإنجازات في Game Center أيضًا
62fd62caba77909f,TID_SCID_GOLD_PASS_QUANTITY,<num> من التذاكر الذهبية
346184c851591526,TID_DECORATION_NATIONAL_FLAG,علم قومي
fe92e36625c0a1bc,TID_SEARCH_OPTIONS,خيارات البحث المتقدم
a7c702d0387b29b9,TID_BATTLEPASS_TASK_GET_CLANGAMES_POINTS,صديق سترونجمان
bf3f886886015696,TID_COPY_ACTION_BUTTON,نسخ
24aeb6677af11f67,TID_STREAM_SHARED_LAYOUT_HOME,شارك مخططًا خاصًا بقاعة المدينة <num>.
17f0852f318daca5,TID_SHOP_CATEGORY_OFFERS,عروض خاصة
07ebcde8f3197cd8,TID_ACHIEVEMENT_LOOT_CAPITAL,اغتنم <number> من ذهب العاصمة أثناء هجمات الغارة
42e92176760f7527,TID_TOWN_HALL_10_INFO_SHORT,قاعة المدينة الأكثر إثارة حتى الآن!
b3b1a3d26d2ed89a,TID_BB_ATTACK_GOLD_STORAGE_FULL_TITLE,هل أنت متأكد؟
cef87da7a852efcf,TID_POPUP_CHANGE_LANGUAGE_TITLE,إعدادات اللغة
7ced818aae093a99,TID_CLANGAMES_TASK_USE_WIZARDS,حروب الساحر
a5824086ba582f01,TID_CHALLENGE_TH13_HYBRID,مهلكة الخواتم
aa0ba6d3ef30063c,TID_NPC_CHALLENGE_TH11_LAVALOON_HASTE2,استخدم <cf07bf8>تعويذة التسرع</c> لمساعدة <c54a0fe>بالوناتك</c> على القيام بمهمتها!
648c03f68a751b28,TID_GIANT_CANNON_INFO,لا شيء يعترض طريق المدفع العملاق. تخترق قذائفه هائلة الحجم أي شيء وتتوغل أكثر فأكثر...
375018963ba396cc,TID_RAID_INFO_TAB_OVERVIEW_TITLE,نظرة عامة
89ff4704243392e4,TID_SHOP_CATEGORY_ARMY_BUILDINGS,الجيش
5ba5f19aa55bf976,TID_LEADERBOARDBANNER_REWARD,تتلقى أفضل 3 قبائل: (تُقسم بشكل متساوٍ بين أفضل 20 لاعبًا في القبيلة)
66fd9d42eb108bb7,TID_TENCENT_USER_PRIVACY_POPUP_TEXT_2,尊敬的用户，您需要详细阅读并同意<TOS>、<PP>、<CHILDREN>、<THIRDPARTY>，才可进入游戏哦。
cf07ae4a30dc391b,TID_EVENT_TITLE_REGULAR_THEMED_PREPARE_TH0212,أوقد النيران
9b406e8f71714be3,TID_STREAM_SENDER_YOU,أنت
1bc8c2c35a1187be,TID_DIAMOND_BUNDLE_MAGICITEMS_SPELL_BOOK_WITH_RESOURCES_INFO,• <booster1>x كتاب التعويذات\n• <res0>الإكسير\n• لا حدود للتخزين!\n\nأكمل أي ترقية لتعويذاتك فورًا من خلال كتاب التعويذات!\n\nلا تفوت هذا العرض!
d15900dad313a99c,TID_HINT_INFERNO_TOWER_TARGETS_1,يمكن لبرج النار أن يسبب ضررًا مدمرًا للوحدات التي يستمر في التركيز عليها.
f276530252a7e9cb,TID_SCID_GIFT_DECLINE_BUTTON,الرفض
c8a9bac468b92014,TID_HERO_ABILITY_LEVEL_UNLOCK_PROMPT,ستصبح القدرة متاحة في المستوى <number>!
6948150776c333f8,TID_SETTINGS_BUTTON_FACEBOOK_CONNECTED,متصل
ca67f97aab69aa1f,TID_RAID_WEEKEND_CLAN_DEMOTION,تم إنزال رتبة <clan>
93d14d8b7323186c,TID_JOIN_ALLIANCE_TAB,الانضمام إلى قبيلة
1a06095dc58455b0,TID_NEWS_ECONOMY_TEXT,\n• تم تقليل وقت وتكلفة التدريب لبعض القوات\n• تم تقليل وقت وتكلفة التدريب لبعض التعويذات\n• تم تقليل وقت وتكلفة التدريب لبعض القوات والتعويذات
4ae7ed2e75cdbaed,TID_LEAGUE_COPPER1,دوري النحاس 1
d1d0901e5785d70d,TID_TUTORIAL_ATTACK_NPC_2,أحسنت. والآن فلنلقن الكائنات الخضراء درسًا!
49172b5cd405a7d8,TID_CLANGAMES_TASK_INFO_GET_LEVELKILLS_VS_ARCHERQUEEN,اكتسب <num> من المستويات بالقضاء على الملكة رامية السهام في المعارك متعددة اللاعبين.
d5c98645f0e3ed58,TID_CADPA,《部落冲突》适龄提示：\n1）本游戏是一款战争策略类游戏，适用于年满12周岁及以上的用户，建议未成年人在家长监护下使用游戏产品。\n2）本游戏以荒蛮原始的孤岛为背景，讲述了原始部落为生存而相互抗争的故事，涉及的情节、环境、场景均为虚构，不会与现实生活相混淆。游戏玩法基于一定难度的思维判断，设有竞技对抗比赛，鼓励玩家提升和挑战自我。游戏中有基于文字和语音的陌生人社交系统。\n3）根据国家相关要求，游戏中有用户实名认证系统，未通过实名认证的用户不可进入游戏；认证为未成年人的用户除周五、周六、周日及法定节假日每日20时至21时外其他时间均不可进入游戏。\n游戏中部分玩法和道具需要付费。根据腾讯健康系统管理规定，认证为未成年人的用户将接受以\n管理：\n未满12周岁的用户不能付费；12周岁以上未满16周岁的未成年人用户，单次充值金额不得超过50元人民币，每月充值金额累计不得超过200元人民币；16周岁以上的未成年人用户，单次充值金额不得超过100元人民币，每月充值金额累计不得超过400元人民币。\n4）本游戏内所包含的对抗玩法需要玩家进行策略规划和推理判断，有助于帮助玩家提升逻辑思维能力。游戏设有需组队进行的大型团队任务和比赛，鼓励玩家互相配合完成比赛，有助于培养玩家的团队协作能力。游戏提供了丰富的社交系统，包括好友、公会等，玩家之间可以互相交流，互相配合，共同完成游戏任务，有助于促进玩家的社会交流，维持良好的社群关系。
c9b81ca936a25d00,TID_TIME_HOURS,س
8f7d21acb28cf308,TID_GEAR_INFO_SEEKING_SHIELD,تقذف درعها عند القفز بين الدفاعات، لتلحق عبره الضرر.
e7cfb6cefabe906c,TID_RECEIVE_INVITATIONS_BUTTON,تلقي الدعوات
778d525165eb476a,TID_DISTRICT_CAPITAL_PEAK,قمة العاصمة
a2f735dedfcf2d88,TID_LEAGUE_WOOD1_SHORT,الخشب 1
15b4b1073080c2ae,TID_BOOSTER_FINISH_HERO_UPGRADE,كتاب الأبطال
1f934cfb775ec555,TID_TUTORIAL_ATTACK_NPC_1,جاء سحرة برج العاج إلى هنا لمساعدتنا! فلنقضِ على معسكر الغيلان!
a6decb9d6123d6cd,TID_JOLLY_QUEEN,ملكة رأس السنة
f64294fcebcf92ed,TID_ALLIANCE_GAMES_NO_REWARDS_EARNED,قبيلتك لم تحصل على نقاط كافية لفتح أي جوائز.
5eb2f425a93a4924,TID_CLEAR_SHOVELED_OBSTACLE_CONFIRM_TITLE,تأكيد الإزالة
c0f504642ecfec98,TID_HERO_ABILITY_BARBARIAN_TITLE,القبضة الحديدية
df5c7a515094ff66,TID_DIAMOND_BUNDLE_MAGICITEMS_BUILDING_BOOK_AND_HERO_BOOK_INFO_OLD,• <gems> الجواهر\n• <booster1> كتاب الأبطال\n• <booster2>x كتاب المباني\n• لا حدود للتخزين!\n\nهل البناؤون مشغولون؟ هل هناك حاجة لإنفاق الكثير من الموارد ولا يوجد وقت كافٍ لذلك؟ احصل على حزمة الكتاب السحري لإنهاء ترقية واحدة للبطل وترقية واحدة للمبنى!\n\nلا يوجد حد على التخزين!\n\nلا تفوت هذا العرض!
68af6b59ebdd7edf,TID_NPC18,قلعة قفز
7b8de218dccffa3d,TID_NPC60,هجوم شامل
7e2df2f01f34d62d,TID_VILLAGE_EDIT_MODE_WAR,وضع تعديل قاعدة الحرب
848186d3632cc98c,TID_CANCEL_WAR_ARRANGED_MATCHMAKING_CONFIRMATION_TEXT,هل تريد بالتأكيد إلغاء تحدي الحرب الودية؟
3e7c2f51ae5b22ef,TID_HINT_REVENGE_OF_REVENGE,هجوم الانتقام غير متاح ضد اللاعبين الذين هاجمتهم أولاً.
8037de5b0214871a,TID_POPUP_REMOVE_SPELL_TEXT,هل ترغب حقًا في إزالة التعويذات؟ لن تتم إعادة التكاليف إليك.
bde1222bafd6dbc4,TID_GAMES_OVERVIEW_HEADLINE,نظرة عامة
ab69b41aa083d95e,TID_NEWS_UPDATE_TITLE,تفوق السحر وإضافة عنصر حاسم في حرب القبائل!
8566fc4c31939945,TID_PROFILE_ALL_DONATIONS,إجمالي مساهمة العاصمة
9ed3bc71f9201356,TID_BATTLEPASS_TASK_WIN_BATTLES_USING_MINERS,التنقيب عن الذهب
31a303514a9e2a84,TID_CHARACTER_INFO_VALKYRIE,هذه المحاربة العظيمة أستاذة في استخدام الفأس بكلتا يديها، وهي تركض بين المباني القريبة ويمكنها تمزيق قوات متعددة أو مبانٍ في الحال بفضل ضربة الدوامة!
af11ae3176c6bc9f,TID_TROOPS_USED,قوات تم استخدامها:
acbf8cd8da0cd168,TID_SPEED_UP_HERO_HEALTH_HEADER,الشفاء الآن!
5af93223c4cd2176,TID_WALL_INFO_SHORT,الجدران وسيلة رائعة لحماية قريتك.
60e80f9e262bacf1,TID_SEARCHING,جارٍ البحث...
49e578d0bbb86862,TID_HERO_INSTRUCTIONS_BARBARIAN,هذا الخطر الهائل يمكنه تلقي كميات هائلة من الأضرار وسحق أي شيء في طريقه. يحمي منطقته بقوة أثناء الدفاع، ويمكنه إطلاق غضب مدمر عند الهجوم بمجرد فتح قدرة القبضة الحديدية!
d577db1a9babab85,TID_HERO_ABILITY_WARMACHINE_DESC,تُنزل آلة المعركة ومضة برق مُنشطة، ما يعيد إليها بعض الصحة ويجعل هجماتها التالية تسبب ضررًا أكبر. اشحنها لاستعادة المزيد من الصحة وإلحاق ضرر أكبر. عند المستويات الأعلى سيُصيب البرق أهدافًا متعددة!
63d667d46b18c65e,TID_ALLIANCE_GAMES_TOWN_HALL_TOO_LOW,أنت بحاجة إلى الوصول إلى مبنى القرية <number> للبدء بلعب مباريات القبيلة.
7550d3f52c9a2a36,TID_ERROR_POP_UP_PERSONAL_BREAK_EXTENDED,لم يتم إعادة تعيين حدود فترة الاستراحة الشخصية الخاصة بك لأنك لم تحصل على درع في آخر مرة خرجت فيها في استراحة.
a04aaddd6630d237,TID_POPUP_EDIT_MODE_DISCARD_TITLE,إلغاء التعديل؟
e4814b8c64f097b8,TID_HERO_GEAR_RESOURCE_REWARD_INFO,تمنحك مكافأة النجوم موارد معدات أيضًا.
76005bc7bb2069df,TID_CLANGAMES_TASK_DESTROY_MV_WALLS,هادم الجدران
4ced20f357e5b516,TID_CLANGAMES_TASK_INFO_USE_PEKKAS,اربح <num> من النجوم من المعارك متعددة اللاعبين باستخدام <num2> من بطاقات بيكا.
ca555147f1426270,TID_WORKER_BUILDING,كوخ البنّاء
34b8cda5ae1e7388,TID_POPUP_BOOST_RESEARCH_TEXT,أتريد مضاعفة سرعة المعمل <multiplier> من المرات لمدة <time>؟
de43124201a8e9dc,TID_REJECT_FRIEND_CONFIRMATION,هل تريد بالتأكيد رفض طلب الصداقة من <name>؟
e1df5519bafa623e,TID_DECO_GOLDEN_BARBARIAN_INFO,لا يمكن أن يصبح الشعر أكثر لمعانًا من هذا!
8fb8d639cee5279b,TID_BP_AUTO_REWARDS_TITLE,تم تحصيل جوائز الموسم
c7ec003d79fc2749,TID_TUTORIAL_SELF_DONATING_1,أيها الزعيم، يمكن استخدام أوسمة الغارة التي حصلت عليها من العاصمة هنا.
99a4fa981f38efe5,TID_LINK_NEW_DEVICE_GAME_CENTER_NOTE,ملاحظة: إذا كنت تلعب فقط على أجهزة تعمل بنظام تشغيل iOS، وكنت تستخدم حسابك على Game Center، فلن تضطر إلى ربط أجهزتك. كل ما عليك هو تسجيل الدخول باستخدام حساب Game Center نفسه.
9d1d71eb2df7cc91,TID_ALLIANCE_WAR_REPLAY_PERSONAL_ATTACK_2,إعادة العرض 2
d27e005817e3acb0,TID_STARTER_TH3_DESTROYARCHERTOWER,إبادة أبراج راميات السهام
402ac6679dd22063,TID_RESOURCE_IN_TREASURY,في الخزينة:
be803cb2a1355af3,TID_HINT_TRAP_UPGRADING,احرص على ترقية فخاخك لإبقاء الزوار غير المرغوب فيهم بعيدًا عنك
629d62a358f28ab7,TID_CLANGAMES_TASK_WIN_STARS_USING_EARTHQUAKE_INFO,اربح <num> من المعارك متعددة اللاعبين باستخدام <num2> من تعاويذ الزلزال.
f2bb386379f0deaf,TID_ARTO_TASK_BATTLE_MACHINE_FLUFF,التشغيل التلقائي أمر معقد. لحسن الحظ، آلة المعارك منصة اختبار آمنة إذ لا تشكل أي خطر على سكان القرية.
fad8b3f3a61d44ac,TID_CLAN_HAS_REQUEST_ALREADY,لدى القبيلة تحدي حرب ودية معلق
fe7347f55581723b,TID_BUILDING_BOMB_TOWER_INFO,تقوم أبراج القنابل بقصف القوات الأرضية المجاورة وتنفجر انفجارًا هائلاً عند تدميرها! ينبغي على وحدات الاشتباك الاحتماء!
8115a47a99f85986,TID_WL_INFO_SIGNUP_TAB2_TEXT,<cFCE27F>ماذا سننال من دوريات حروب القبائل؟</c>\n\nالمجد بالطبع! لكن هناك جوائز حصرية يمكن الحصول عليها فقط بالاشتراك في دوريات حروب القبائل! ستربح أوسمة الدوري من الفوز بالحروب وإحراز النجوم في أسبوع المعارك. كلما ارتفع مستواكم بالدوري، زادت أوسمة الدوري التي ستربحها. يمكن استبدال أوسمة الدوري التي كسبتها بعناء في المتجر مقابل عناصر سحر نادرة وجوائز فريدة أخرى.\n\n<cFCE27F>أهناك طرق أخرى لربح أوسمة الدوري؟</c>\n\nقيادة القبيلة قد تمنح أحد المشاركين عددًا محدودًا من الأوسمة الإضافية حتى إن لم يقاتل. ستربح مكافآت أكبر وأكثر بمستويات الدوريات الأعلى؛ فلكل فوز مكافأة إضافية.
eb7bc65d6389e245,TID_NPC_CHALLENGE_LOON_1,انشر العديد من <c54a0fe>البالونات</c> لتقهر الدفاعات. <cf70d16>الدفاع الجوي</c> أولى أولوياتك.
c128808960778616,TID_BUILDER_BASE_TROPHIES,كؤوس قاعدة البنّاء
5d0b6c93fa305460,TID_CONFIRM_SKIN_PURCHASE_TITLE,شراء المظهر
cf3c369fd8828170,TID_POPUP_HALLOWEEN_EVENT_END_TITLE,انتهى حدث المزيج المجنون!
0f1b1062c4adf5ea,TID_CLANGAMES_TASK_INFO_BEAT_GOLDTARGET,اغنم <num2> من الذهب على الأقل من معركة متعددة لاعبين واحدة.
edd928822ffb77ad,TID_AVATAR_MESSAGE_BUTTON_SUPPORT,الاتصال بالدعم
644bc662b66de1bc,TID_CLAN_JOIN_FAIL_TOO_MANY_PENDING_REQUESTS,تعذر الانضمام إلى القبيلة في هذا الوقت. من فضلك حاول ثانيةً لاحقًا.
24748758e2ea54b1,TID_DECORATION_GOLDEN_GOBLIN_INFO,ذهب بالأطنان، حلم كل الغيلان!
43dfe5253e050bc0,TID_MONTH_3,مارس
eae9fa549ed09bc3,TID_DECORATION_PIRATE_ANCHOR,المرساة القديمة
f12fdb6f9cdd1671,TID_BATTLEPASS_TASK_DESTROY_BUILDERSHUTS,مدمر أكواخ البنّاء
586e5cbd52dce551,TID_MAP_LOCATION_6,جدول الناهب
5c3387aefcd8cb75,TID_ERROR_POP_UP_OUT_OF_SYNC_TITLE,خطأ!
6c6b7874ac8dfcc6,TID_REPORT_DONE,感谢您的举报
c67333da5c730975,TID_NATIVE_DIALOG_VERSION_NOT_UP_TO_DATE_STORE_NOT_READY_MESSAGE,نحن نقوم بالتحديث إلى إصدار جديد من Clash of Clans. ستكون قريتك جاهزة قريبًا. يُرجى إعادة التحقق بعد قليل!
57d3f47dbd7052bc,TID_CANCEL_FRIENDLY_WAR_HEADER,هل تود رفض التحدي؟
0c158e45f4da755e,TID_RESOURCE_MAX,الأقصى:
2794a4ee165fff5b,TID_CAPITAL_PLAYGROUND_JUMP_3,لا يمكن استخدام <c85ff3b>تعويذات القفز</c> للقفز فوق المنحدرات أو المياه المفتوحة.
479f43c7c46c9d2a,TID_CHARACTER_INFO_WALLBREAKER_SHORT,يساعد باقي جيشك من خلال فتح ثقوب في الجدران.
192da9a380020904,TID_VILLAGE_EDIT_MODE_V2,وضع تعديل قاعدة البنّاء
738b2bcd73694941,TID_LOCAL_NOTIFICATION_EVENT_END_OF_SUMMER_OFFER_TH0212,ذهب لهيب الصيف، لكن لهيب المعركة لا يخمد أبدًا! لا تفوت هذه العروض الحصرية!
69ddc1163e520a28,TID_STREAM_EVENT_ALLIANCE_LEVEL_UP_NO_PERKS,وصلت القبيلة إلى المستوى <value>!
c40d467f37d09887,TID_ALLIANCE_ACCEPTED_BY,تم القبول بواسطة <name>
43adca02b4b8d2ee,TID_GOBLIN_KING,ملك الغيلان
e5a422cbab80493a,TID_WL_SELECT_BONUS,اختر
d6899cbc2fd458b3,TID_PLAYER_AVAILABLE_FOR_RECRUITING_TITLE,أتبحث عن قبيلة؟
68aa8d1a60540dff,TID_ACHIEVEMENT_TOWN_HALL2,ترقية قاعة البنّاء إلى المستوى <number>
4fac7a8724225875,TID_ALLIANCE_WAR_STARTWAR_INFO_CLANMEMBER,قاتل قبيلة ضد قبيلة مقابل المجد ومكافأة الغنائم ونقاط خبرة القبيلة!\n\n\nهل أنت جاهز للبدء؟ اطلب من قائد القبيلة بدء الحرب.
ac3ba7f7dabb3bf5,TID_INFO_TRAINING_TIME,وقت التدريب:
a7d74c7dc84f4fff,TID_ERROR_POP_UP_WRONG_CLIENT_VERSION_BUTTON,تحديث
9f1ee833c6dab6aa,TID_NPC20,معسكر غوبو
af00961b4b522f22,TID_ERROR_POP_UP_BANNED_TITLE,معلومات الحساب
94601b0d94ca2116,TID_LOCAL_NOTIFICATION_EVENT_REGULAR_THEMED_BUILD_TH0212,اطمئن يا زعيم، عاصفة الحرب لم تهب بعد. اغتنم هذا الوقت لترقية دفاعاتك بهذا العرض الخاص.
86e5e3876b18df0d,TID_LOCAL_NOTIFICATION_EVENT_STAR_BONUS_4X,أيها الزعيم، بدأ حدث 4 أضعاف مكافأة النجوم!
1679c96e05af4032,TID_BATTLEPASS_TASK_WIN_BATTLES_USING_CLONE,الرؤية الرباعية
d0bcc6ea11bfbb6a,TID_BONUS,<percentage> مكافأة:
40a69ea56346a569,TID_BUTTON_COLLECT,جمع
748370845b611fbe,TID_BUY_RESOURCE_PACK_HEADER,هل تريد شراء <resource>؟
7d32ee0b4215a1e2,TID_BUTTON_TRADE,مبادلة
ee450aeea588acbd,TID_ATTACK_LOCKED,قم بترقية قاعة المدينة إلى المستوى 2 لإلغاء قفل هذه الميزة!
ab0395be49b193ac,TID_COSMETIC_ESTATE_3X3_WOODEN_CABIN,كابينة خشبية
4f0d52e699ec9a16,TID_DUEL_WIN_BONUS,مكافأة الانتصار:
5bb25681735f2399,TID_ATTACK_PERCENTAGE,الهجمات التي تم الفوز بها:
312bf220352542d7,TID_INFO_BALLOON_CARRIER_SHORT,قد يتطلب الأمر جمع قطع الفريق.
40da22882f28f07e,TID_PET_PHOENIX_INFO,سيسعفك الصديق الحقيقي في وقت الضيق. تبدأ العنقاء المعركة كبيضة عاجزة، لكن سرعان ما تفقس عندما يكون بطلها على وشك السقوط. عندها يمنح الطير الناري حصانة مؤقتة للبطل، ويشتبك مع الأعداء القريبين.
76226f621a969e12,TID_CLANPERK_DESC_DONATION_UPGRADE_PLURAL,ترقية القوات المتبرع بها بمقدار <value> من المستويات
035667b5c9b7818e,TID_CLAN_SEARCH_NO_RESULTS,لم يتم العثور على نتائج بحث
3016d576935144da,TID_DONATION_REQUEST_TAP_TO_EDIT,اضغط لاختيار التعزيزات المطلوبة
ebf361554725ae30,TID_REQUIRED_BUILDERS_HALL_LEVEL,يلزم توفر قاعة بنّاء من المستوى <number>
88ea0a7c0a5a7e82,TID_POPUP_UPGRADE_TITLE,هل تريد الترقية إلى المستوى <number>؟
49456d43cbc6ced1,TID_BUTTON_FBPAGE,آخر التحديثات
c3ca4fcd12abe1b7,TID_INFO_POP_UP_TOS_PP_NOTE_AMAZON,تتوفر لعبة Clash of Clans مجانًا، ولكن يمكنك تسريع تقدمك بواسطة عمليات الشراء داخل التطبيق (لحجب تلك الخاصية، قم بتعطيل عمليات الشراء داخل التطبيق في إعدادات متجر تطبيقات Amazon Appstore). اضغط على 'موافق' لقبول الشروط وسياسة الخصوصية لدينا.
94b5bec6bbc73aa9,TID_FRIENDLY_ARMY_INFO,يُستخدم الجيش الودي عندما تهاجم في التحديات الودية والحروب الودية.
5f091f256194204b,TID_UPGRADE_INFO_SPAWNING,<old>سرعة إنتاج ال<name> (+20%)
ece658a56d382d57,TID_BATTLEPASS_TASK_INFO_WIN_BATTLES_USING_BATTLE_BLIMP,استخدم منطاد المعركة لربح <num> من المعارك متعددة اللاعبين.
ea82782aadb719b6,TID_ADD_FRIEND_ERROR_TOO_MANY_FRIENDS_OTHER,لدى صديقك الكثير من الأصدقاء. يرجى إعادة المحاولة لاحقًا.
c893cd9034275eb4,TID_BOOSTER_MAX_LEVEL_ARMY_ALT_2_LINE,جرعة القوة
d7c323e8d1da811f,TID_POPUP_CANCEL_CONSTRUCTION_TITLE,هل ترغب في إيقاف الإنشاء؟
39b0a77ee14e91aa,TID_CLANGAMES_TASK_DESTROY_BB_GOLDMINE,لصوص منجم الذهب
d5f054f5dfb5ba6c,TID_HINT_SINGLE_PLAYER_REWARDS,أتحتاج إلى بعض الذهب الإضافي للترقية؟ احصل عليه من الغيلان في مهمة اللاعب الفردي!
4a2e8921c18df892,TID_INFOBUBBLE_BUILDER_NOT_INPROGRESS,لا توجد ترقيات قيد التقدم
8ae3b2890e47cf37,TID_SUPER_BOWLER_ABILITY_HELP,تنط الصخور إلى هدف ثالث وتلحق ضررًا انتشاريًا إضافيًا.
04594723df0a0259,TID_CLANGAMES_TASK_INFO_DESTROY_BB_HEALINGHUT,دمر <num> من <building> في معارك البنّاء.
cea455f608519ff3,TID_BP_SEASON_BANK_EXPANDED,زاد حجم بنك الموسم!
562a5c1445d1877d,TID_LEAGUE_MASTER2_SHORT,الأساتذة II
c88512343ac235b1,TID_TOP_HUD_WATCH_LIVE_BUTTON,مشاهدة حية
1e9be496bfe90c49,TID_NEWS_BALANCING_TITLE,
31551f9aad963d7e,TID_BATTLEPASS_TASK_INFO_USE_SNEAKYARCHERS,استخدم راميات السهام الماكرات لربح <num> من النجوم من معارك البنّاء.
065bb35fae787aa6,TID_SCENERY_GOBLIN_CAVES,منظر كهوف الغيلان
e196846213cab4ec,TID_DIAMOND_BUNDLE_TH7_REVISED_INFO,• بطل الملك البربري\n• <booster1> من كتاب الأبطال\n• <res0> من إكسير الظلام\n\nلا توجد حدود للتخزين!\n\nلا تفوّت هذا العرض الذي يمنح <cffec78><value> من أمثال القيمة</c> ويأتي مرة واحدة!
89a09233d2c16d14,TID_SCENERY_CHANGE_DOWNLOADING,ما زال المنظر قيد التنزيل، وسيتم استخدامه تلقائيًا عند انتهاء التنزيل.
681bb4e498bd5cfa,TID_ACHIEVEMENT_CASTLE_COMPLETED,مستوى قلعة القبيلة الحالي: <value>
218350780e45f7e6,TID_BOOSTER_LAB_POTION_ALT_2_LINE,جرعة الأبحاث
b0ce1485abc57d0f,TID_STARTER_TH2_INFO_CLAIMACHIEVEMENT,طالب بـ <num> من الإنجازات من ملفك الشخصي.
07f9311669a10f90,TID_SEASON_NAME,موسم <month> <year>
b808c6326d750142,TID_OBSTACLE_HALLOWEEN2023,الشجيرة الشريرة
e798c848171d06bf,TID_RAID_NUMBER,الغارة <number>
2c618c2be2d433d0,TID_NATIVE_DIALOG_TENCENT_ACCOUNT_CONFLICT_NO_BUTTON,لا، استخدم الحساب الأصلي.
381c869a87341641,TID_PIRATE_QUEEN,الملكة القرصانة
6f44ff4653437da2,TID_LOCAL_NOTIFICATION_CLOCK_TOWER,تسريع برج الساعة متاح
7e9a3670c1e4b75e,TID_TRAINING_RESOURCES,الموارد
925a6522cab0e2b8,TID_STAGE,المرحلة <stage>
a9b8c27bb59c6cde,TID_CLANGAMES_TASK_INFO_USE_WALLBREAKERS,اربح <num> من النجوم من المعارك متعددة اللاعبين باستخدام <num2> من مدمري الجدران.
460e1287aadff54d,TID_BOOSTER_FINISH_TROOP_UPGRADE_ALT_2_LINE,كتاب القتال
17b1472192a798c0,TID_ACHIEVEMENT_VICTORY_POINTS,تحقيق إجمالي <number> من الكؤوس في معارك متعددة اللاعبين
d829188673c58fc8,TID_HINT_TRAP_REPAIR,يجب إعادة تسليح الفخاخ والقنابل بعد استخدامها
a223eeed30f12572,TID_CHALLENGE_FAIL_RESTRICTED,تعذر بدء التحدي.
fa5bb892c1d2cfa8,TID_FEATURE_LABORATORY_DESC,أدخل السحرة إلى المعمل لترقية جيشك وتعزيز قوته.
93c20de343068db1,TID_TAB_NEWS,الأخبار
b1a853e4476839b5,TID_STARTER_WINELIXIR_INFO,اغنم <num2> من الإكسير على الأقل من معركة واحدة متعددة اللاعبين.
f2e4916f09788d21,TID_CHALLENGE_NOT_AVAILABLE_IN_MODE_CANCEL,العودة إلى الصفحة الرئيسية وإلغاء التحدي!
da0c49a3478e5717,TID_SUPER_TROOP_LEVEL_TOO_LOW,<cff0000>مطلوب <troop> من المستوى <num>.</c>
7091cdabd7d695b0,TID_NPC52,أسهم وأقواس
f6b539dd66dd7bac,TID_BATTLEPASS_TASK_WIN_BATTLES_USING_RAGEDBARBARIANS,ثورة النصر
cdd7d8a4e86ecc0d,TID_ALL_SPELLS_USED,لم تتبقَ أي تعويذات
0cd17bc784328036,TID_GEAR_INFO_ROYAL_CLOAK,لجعل الملكة تختفي ومنحها هجمات أقوى.
2cdc50b6e237feb0,TID_ALLIANCE_WAR_STAT_AVG_DESTRUCTION,متوسط الدمار
d38a8d54a3d91cf9,TID_CHARACTER_HOG_WIZARD,ساحر الخنزير
aefb56fd6d9f94e2,TID_REENGAGEMENT_INTRO_1,لا تقترب أكثر!
63e1c8b7e7cd2656,TID_TRAINING_INFO,اضغط مع الاستمرار على أيقونة الوحدة لتدريب قوات متعددة.
7838a322d372342f,TID_MAP_LOCATION_19,بحيرة ثعبان البحر
21a675095800b255,TID_ICE_QUEEN,ملكة الجليد
858d4b0f97a0d12a,TID_WL_TAB_SEASON_SUMMARY,نتائج الموسم
f6f1ca31c5d80bf8,TID_SEARCH_TERM_ANY,أي
9697f2187ac9395f,TID_EVENT_BOOST_BARRACKS,حدث الكريسماس الخاص: تسريع كل الثكنات ومستخرجات الإكسير مقابل جوهرة لكل منها! سيستمر الحدث حتى 7 يناير.
83fe1dfe75f19759,TID_LEAGUE_STONE3,دوري الحجر 3
6c5884f22d4403b7,TID_FINISH_BUTTON,إنهاء
ccb135341a450222,TID_ELECTROFIRE_WIZ_ELECTRO_MODE,الوضع الكهربي
cc989154e6080c58,TID_TUTORIAL_WAR_LEAGUE_5,في الأسفل، يمكنك لمس الأزرار للتنقل بين الحروب!
7bb15aec2777ea22,TID_JUNGLE_CHAMPION,بطلة الأدغال
7b5a93763eabc55e,TID_SIEGE_MACHINE_BALLOON,بالون الحجارة
fe93fd95f2c3c2c7,TID_BUILDING_SCATTERSHOT_INFO,يلقي المنجنيق كومة سائبة من الصخور الثقيلة للغاية على أقرب هدف. تتشتت الكومة لحظة الاصطدام فتلحق ضررًا إضافيًا بالقوات الموجودة في الخلف.
30b32861961bcbf0,TID_MAP_LOCATION_3,وادي الانتصار
7bde7e9145f8d089,TID_TOWN_HALL_LEVEL_TOO_LOW_2,أنت بحاجة إلى ترقية قاعة البنّاء إلى المستوى <number>!
6d232eee54d5a838,TID_NPC_CHALLENGE_TH8_GOWIPE_EARTHQUAKE,استخدم <ca9561f>تعويذة الزلزال</c> لإضعاف المباني والجدران الدفاعية المتكتلة.
a2fa74c099f8a9f9,TID_STARTER_TH4_DESTROYMORTARS,مدمر مدافع الهاون
c8f0eaa7b9612559,TID_WL_WARLESS_DAY_INFO_END,هناك قبائل أخرى تقاتل اليوم. ستكون نتائج الدوري متاحة غدًا.
07763cf394ed1c0a,TID_CHARACTER_INFO_TREANT_SHORT,يحطم جذر الشجرة القوي الجدران ويحول الدفاعات إلى فتات.
2aed412da4b71e99,TID_BP_PERK_NEXT_SCORE,تتوفر عند:
855ad2634a1a5e46,TID_POPUP_BOOST_VILLAGE,اجمع الموارد وأجر الأبحاث وأنشئ المباني بمعدل <multiplier> من المرات أسرع لمدة <time>.\n\nيمكنك التعزيز مجانًا مرة كل <cooldown>.
268633fada9af071,TID_WAR_PERSONAL_SETTING_LEAVE_ME,اتركني
4b18b4e37268e2f7,TID_SHARE_REPLAY_FAILED,تمت مشاركة إعادة العرض بالفعل من قِبل لاعب آخر
bbfa14e013c59f5b,TID_SUPER_TROOPS_UNLOCK,تصل القوات الخارقة عند قاعة المدينة من المستوى <num>
b2cb2c2f4025fe30,TID_CREATE_PRESET_INFO,أضف القوات والتعويذات ثم احفظ الجيش
ebc16eb31a6449e9,TID_PRESET_RESOURCES,التكلفة
2e2903e23c2a1edb,TID_BATTLE_PASS_PIGGY_BANK_TITLE,بنك الموسم
6f35656aaf5fd2b6,TID_NPC_CHALLENGE_BOWIGI_BOWLERS,<c54a0fe>الباولر</c> وسيلتك الرئيسية لإلحاق الضرر. انشر هذه القوات في الوسط والأسفل!
da6bb4fb400466e2,TID_TOWN_HALL_13_WEAPON_INFO,يشكّل البرج الناري العملاق حاجزًا ناريًا أمام أعدائك، وعندما يتم تدميره، يفجر قاعة المدينة انفجارًا مجمدًا يبطئ كل شيء حوله لبعض الوقت.
24e5d7925f633ece,TID_CAPITAL_RAID_PERSONAL_BREAK,الفاصل الشخصي
8eabc2e0b5ecf318,TID_BOB_FEATURE_DESCRIPTION,صديق آلي دؤوب للبنائين في القرية الأم. لا داعٍ للشك به.
6eb9c2273c5923ca,TID_SETTINGS_BUTTON_FACEBOOK_DISCONNECTED,غير متصل
cb20a0a81145332e,TID_CLANGAMES_TASK_DESTROY_BB_GIANTCANNON,مشكلة العملاق
c63ee6a49ec107fb,TID_EVENT_TITLE_CLANWAR_SHORT4,بوابة عطلة نهاية الأسبوع
de5ddf3670cd9b80,TID_BAN_ACKNOWLEDGEMENT_TITLE,إنذار الحساب
d54f0202b568bb41,TID_ACHIEVEMENT_REWARD_CLAIMED,اكتمل الإنجاز! لقد حصلت على <number> من الجواهر.
456978943630a2e4,TID_LEAGUE_MIN_SIZE,اختر <num> على الأقل من الأعضاء للدوري
69c7a5050912c202,TID_BARB2_ABILITY_NAME,الغضب
bc0ad714c0b1527d,TID_DIAMOND_PACK_6,ملء جيب من الجواهر
755196c873672ad1,TID_BP_CONFIRM_TIER_UNLOCK,أتريد شراء <num> من النقاط لبلوغ مستوى المكافآت التالي؟
0ac22ca78455b553,TID_DECO_DARK_AGES_DRAGON,كأس التنين
1115f7856b7a0e64,TID_BOOSTER_FINISH_SPELL_UPGRADE_ALT_2_LINE,كتاب التعويذات
78e03b5c4c699b81,TID_NPC_KING_HEALTH_LOW,نقاط إصابة <c9916c8>الملك البربري</c> في تناقص. قم بتفعيل قدرته!
fba0ae1017fa8ce8,TID_TUTORIAL_SHOW_STAGE_2_1,انجرفت وأنا ألوح بمطرقتي...
49b585f6f22cd4d2,TID_CONFIRM_ALLIANCE_GAMES_DISCARD,إذا قمت بحذف هذا التحدي لن تتمكن من البدء في تحدٍ آخر لمدة <time>.
4cb745928d1184c7,TID_DIAMOND_BUNDLE_MAGICITEMS_RESOURCE_POTION_INFO,• <gems>الجواهر\n• <booster1>x جرعة الموارد\n• لا حدود للتخزين!\n\nزود مستخرجي الموارد لديك بشحن فائق!\n\nلا تفوت هذا العرض!
6dcdfa197d2c598b,TID_SELECT_SINGLE_SKIN_MODE,لن يُستخدم إلا المظهر المحدد
cb9061b264fb66b4,TID_BARRACK_INFO,تتيح لك الثكنات تدريب القوات لمهاجمة الأعداء. قم بترقية الثكنات لإلغاء قفل الوحدات المتطورة التي يمكنها الفوز بمعارك ملحمية.
d6d851315df900c4,TID_FREEZE_SPELL,تعويذة التجميد
d6981e2ec8e05b0d,TID_ALLIANCE_WAR_WIN_XP,+<xpnum> من نقاط خبرة القبيلة للفوز في الحرب!
bedee0f313a49156,TID_SUPER_DRAGON_ABILITY_HELP,يلحق ضررًا انتشاريًا مستمرًا بالأهداف القريبة.
48ae7453fb6e60e0,TID_ATTACK_FAIL_SHIELD,لا يمكن الهجوم! القرية لديها درع نشط
cc849018febb70a0,TID_DIAMOND_BUNDLE_MAGICITEMS_TROOP_BOOK_WITH_RESOURCES_INFO,• <booster1>x كتاب القتال\n• <res0> الإكسير\n• لا حدود للتخزين!\n\nأكمل أي ترقية قوات باستخدام كتاب القتال!\n\nلا تفوت هذا العرض!
73f991e81581cd7f,TID_NPC_CHALLENGE_TH10_MINER_WALL_BREAKERS,انشر <c54a0fe>مدمري الجدران</c> الآخرين لكسر الجدار وجعل<c9916c8>الملكة رامية السهام</c> تسير في الداخل.
bcd492ff706abb82,TID_LEGEND_SEASON_END_INTRO,تهانينا على أدائك الأسطوري!
e2d85e9769f7e7b1,TID_ALLIANCE_WAR_EVENT_WAR_STARTED,بدأت الحرب
55cfbdc3827d61a1,TID_ARTO_TASK_GEAR_UP_FLUFF,تتطلب التكنولوجيا المتقدمة تفكيرًا متطورًا! سيمدك إكمال بعض المشاريع الخاصة في القرية الأم بمعلومات بالغة الأهمية.
de1d6b1d36843479,TID_BB_STAR_BONUS_MULTIPLIER,<mult>x تعزيز مكافأة النجوم!
2591586666ec1631,TID_ARCHER,رامية السهام
af60ac4a3b205a9d,TID_DEVICE_LINK_ERROR_CODE_ERROR_2,حدث خطأ ما. يُرجى المحاولة لاحقًا!
d00432e0332676fe,TID_POPUP_CHANGE_LANGUAGE,هل تريد بالتأكيد تغيير إعدادات اللغة؟
914a77a9b07ba8c4,TID_DAILYLOGIN_DISABLED_CLOSEBUTTON_TEXT,طالب بالجوائز أولاً!
bb55f730ab2bedfe,TID_STREAM_CLAN_WARS_ENTRY_VS,ضد
abea870333742573,TID_COMM_MAST,برج اللاسلكي
c43647dff70728ea,TID_FULLY_LOADED,محمل بالكامل
48fe72587157cf42,TID_MOREGAMES,ألعاب أخرى
ad50f67230f30d7c,TID_CAPBUILD_BARRACKS_HOG_RIDER,ثكنات راكبي الخنازير
df8477f4574c94ad,TID_DIAMOND_BUNDLE_TH6,حزمة قاعة المدينة 6
b5857c0e08c67c69,TID_WAR_PERSONAL_SETTING_IN,احتساب
f07dd444650232ea,TID_POPUP_GOBLIN_RESEARCHER_DISCLAIMER,لا يزال باحث الغيلان بحاجة إلى الموارد والوقت للبناء.
b7dc659564aafad6,TID_TENCENT_LOGIN_PROMPT_TITLE,انتباه!
198d9c54269e10ce,TID_CAPBUILD_SPELL_STORAGE_INFO,يحوي مخزن التعويذات تعويذات العاصمة المعدة. قم بالترقية لزيادة قدرة التعويذات في الغارات.
1cfa3bd80a140605,TID_ALLIANCE_WAR_EVENT_PREPARATION_STARTED,بدء الاستعدادات
0d2af0f470010630,TID_ACHIEVEMENT_SCID_BOUND_TITLE,قم بربط حسابك بـ Supercell ID للحفاظ على أمانه.
96a98b7c1ff423e3,TID_LINK_SAME_PLATFORM_TITLE,المزامنة مع Game Center
ff617001091d5902,TID_PLAYER_TAG,بطاقة تعريف اللاعب
3d43c5b7a53532b5,TID_TITLE_SHARE_REPLAY,مشاركة إعادة العرض
61a1881298af956b,TID_CLAN_GAMES_REWARDS_IN_TREASURY,جوائزك موجودة في قلعة القبيلة.
df605f34bd0c4e6d,TID_PREPARATION_DAY_DURATION,مدة الاستعداد
e74a6b59027ede24,TID_LEGENDS_SET_CASTLE_TROOPS_EMPTY_WARNING,لا توجد حاليًا قوات في قلعة القبيلة!
37b977468569139f,TID_REENGAGEMENT_LAB_DID_UPGRADES_SOME_LEFT_3,تحقق مما إذا كانت لدينا موارد كافية أم لا لبدء عمل آخر على الفور.
9f075bc01baf7ff3,TID_OBSTACLE_LANTERN_CNY2019,الفانوس المتوهج
e8ac9d2733e5e09b,TID_TENCENT_RETURN,返回
93fa10ed1591f247,TID_USE_SPELL_EVENT_ACHIEVEMENT_DESC,حدث التحدي: اظفر بمعارك متعددة اللاعبين!\n<cffec78>• يجب استخدام <unit> واحدة</c>
17c96f673ddd2fa8,TID_WL_INFO_SIGNUP_TAB0_TEXT,<cFCE27F>ما دوريات حروب القبائل؟</c>\n\nدوريات حروب القبائل هي أكبر مسابقة بين القبائل. وهي دوري شهري يضع قبيلتك في مواجهة سبع قبائل أخرى لتحديد الأفضل بينها. ستقاتلون ضد السبع قبائل الأخرى في سبعة حروب على مدار سبعة أيام. وفي النهاية، ستتم ترقية القبائل التي اكتسبت أكبر عدد من النجوم إلى دوريات أعلى بينما تظل القبائل الأخرى كما هي أو يتم خفض ترتيبها. وفي الشهر التالي ستستأنفون من حيث توقفتم. كلما وصلتم إلى مستوى أعلى، ربحتم المزيد من الجوائز وحققتم مجدًا أكبر. استمر في الارتقاء مع قبيلتك وقد تصبحون الأفضل في العالم في النهاية.
a6d30a7f8719f178,TID_BB_LEAGUE_ITEM_REQUIRED_STARS,النجوم المطلوبة:
75352a92f1ffc1d2,TID_ALLIANCE_ROLE_LEADER,قائد
9ab2ceb2f2390d38,TID_WELCOME_BACK_EVENTS,أحداث جديدة
d5205b1b49c72190,TID_MULTIDEVICE_INFO_TENCENT,للعب على أجهزة متعددة تعمل بنظام التشغيل Android، عليك تسجيل الدخول باستخدام حساب WeChat أو QQ نفسه.
c97d8cf0b53d246f,TID_POPUP_REMOVE_OTHERS_WAR_DONATION_DESCR,هل تريد بالتأكيد حذف الوحدة المتبرع بها من قلعة حرب هذا اللاعب؟
a7da908d4a0c1b0f,TID_CHALLENGE_TH4_GIANT,الخبطة العملاقة
183c5b0f3cb9a93d,TID_USE_CURRENT_ARMY_AS_FRIENDLY_ARMY,نسخ الجيش الحالي
ec0f89a7a12ffd42,TID_LEADERBOARDBANNER_PLAYER_NO_TOP_3,سيتم تقديم الفائز ببطولة دوري الأسطورة هنا!
3eaa2b55ba17fc90,TID_TAGS_SELECTED,تم اختيار <num>/<max>
c7677d88312295e2,TID_CLANGAMES_TASK_WIN_HOMEBATTLES3STARS,البحث عن ثلاث نجوم
286599d6680cf6d0,TID_SUPER_TROOP_MATCHES_LEVEL,مستوى <super> يكافئ مستوى ترقية <original>.
3173f52fe13db548,TID_BATTLEPASS_TASK_INFO_WIN_BATTLES_USING_BOMBERS,اربح نجمة في <num> من معارك البنّاء باستخدام <num2> من المفجّرين.
d92bbfdd15424de7,TID_CLANGAMES_TASK_LOOT_GOLD,انتزاع الذهب
25d3fb1e5c0a21e9,TID_GIANT_ABILITY_HELP,يسبب الهجوم الأول <num> من الضرر
4e9f812dcff0ce87,TID_ALLIANCE_WAR_LOOKING_FOR_OPPONENT,البحث عن قبيلة معادية...
49df3c39324f7aac,TID_BATTLEPASS_TASK_INFO_USE_ELECTROFIREWIZARD,استخدم السحرة الكهربائيين الناريين لتربح <num> من النجوم من معارك البنّاء.
dd9e036ae29b7d32,TID_POPUP_REMOVE_WAR_DONATION_TITLE,حذف القوات؟
09ce167233f743da,TID_CLANGAMES_TASK_DESTROY_SPELLFACTORIES,تخريب مصنع السحر
5b381f093c742c72,TID_WL_BONUSES_GIVEN_TO_STREAM,تم منح مكافآت دوري الحروب إلى <people>
4a8ffffae14f12a2,TID_CLANGAMES_TASK_INFO_DESTROY_BB_OUTPOST,دمر <num> من <building> في معارك البنّاء.
0d677e79900f6c58,TID_BOOSTER_SUPER_POTION_INFO,إكسير ظلام في صورة ذهبية جذابة. المشروب الأمثل للمشاركة مع أعز الأصدقاء. تسمح الجرعة الخارقة بتعزيز إحدى القوات لتتحول إلى نسختها الخارقة لمدة 3 أيام.
39e60cb476d1894a,TID_SPELL_CAPACITY_AFTER_TRAIN,سعة مخزن التعويذات بعد التصنيع:
7054cc7906688284,TID_BP_PERK_SAVINGS_MULTIPLIER_DESC,يمتلئ بنك الموسم بـ <num> من أضعاف كمية الغنائم المكتسبة.
88f5b9b5eff99b6d,TID_CAULDRON_REWARD_INFO1,زينة: مرجل الإكسير الحمضي
eb6f17289e1de361,TID_REMOVE_ARMY_CONFIRMATION,تأكيد التعديل؟
28bf16dd889ea23b,TID_BOOSTER_FINISH_SPELL_UPGRADE_OFFER_INFO,<num> من كتب التعويذات: لإنهاء عداد ترقية أي تعويذة على الفور.
7e60f6b5a3cf2180,TID_ALLIANCE_WAR_PERSONAL_ATTACK_1,هجوم 1
c82b3e4022a206cf,TID_DIAMOND_BUNDLE_TH8_REVISED_INFO,• <booster1> من كتاب الأبطال\n• <booster2> من كتاب التعويذات\n• <res0> من الإكسير\n\nلا توجد حدود للتخزين!\n\nلا تفوّت هذا العرض الذي يمنح <cffec78><value> من أمثال القيمة</c> ويأتي مرة واحدة!
fc421f94c11daace,TID_NPC89,معضلة الاختفاء
f14f5e9231e7bc4e,TID_WIZARD_TOWER_INFO,الدفاع المبهم الأفضل! سحرة البرج يلقون تعويذات ذات تأثيرات قوية في المنطقة تستهدف القوات الجوية والأرضية.
e0254b69e1fc1735,TID_SETTINGS_GOOGLE,تسجيل الدخول إلى Google Play
7c6ccf89519d0f14,TID_ANTIADDICTION_NO_REAL_NAME_VERIFIED_15MIN_WARNING,نظرًا لأنك لم تتمم عملية التحقق من الهوية، فأنت مقيد بنظام الحماية من الإدمان. تبقت أمامك <MINS> د للعب اليوم.
0af1ee3ac5e32efa,TID_BATTLEPASS_TASK_INFO_WIN_BATTLES_USING_DRAGONS,استخدم التنانين لربح <num> من المعارك متعددة اللاعبين.
c2d805ebc8f1339c,TID_TEST_DUMMY,دمية اختبار
bde60e1d06b0988a,TID_BATTLEPASS_TASK_WIN_STARS_USING_RAGE,الغضب الموجه
26cb69b20b4e448a,TID_CANCEL_WAR_MATCHMAKING_CONFIRMATION_TITLE,إيقاف البحث؟
a3696ca28f27ef15,TID_ACCEPT_FRIEND_ERROR_TOO_MANY_FRIENDS,فشل إضافة صديق، قائمة الأصدقاء ممتلئة!
847a043f0f272f6e,TID_ACHIEVEMENT_LOOT_GOLD_COMPLETED,إجمالي الذهب المسروق: <value>
3f7fd5911d9827f4,TID_NEWS_UPDATE_LEGEND_LEAGUE_TITLE,
a4d275377ca7ecd5,TID_HINT_CHAT_REPORT,إن رأيت رسالة مهينة في المحادثة، فانقرها واختر \qإبلاغ\q للإبلاغ عن اللاعب.
62410f3f7aa6517e,TID_HINT_SPELL_EARTHQUAKE1,تعويذات الزلازل يمكنها إسقاط مجموعة من المباني المتقاربة ذات نقاط الإصابة العالية.
b11188c13c5f8843,TID_POPUP_REMOVE_TROOP_AND_SPELL_TITLE,إزالة القوات والتعويذات؟
c86c7d193b8230e1,TID_BATTLE_LOG_ITEM,هاجمك <name> منذ <time>.
ac6d4e8e38399ae9,TID_BB_ATTACK_ELIXIR_STORAGE_FULL_TEXT,مخزن إكسير قاعدة البنّاء ممتلئ. هل تريد الهجوم على أي حال؟
4237c20114285d96,TID_FREE_CRAFTING_FINISHES_IN,متاح قريبًا...
8a02b6e21d54beea,TID_VALUE_STICKER_CONTENT,<value> أضعاف القيمة
e20293b76ff0be35,TID_GUIDANCE_WRONG_LOCATION,اختر موقع النشر الصحيح!
05341498a47f1b35,TID_HALLOWEEN_INFO_SCREEN_ITEM2,طالب بجوائز تشمل قوات Clash-o-Ween وتعزيزات
3c2cb504daab982c,TID_BOOSTER_MOVE_OBSTACLE_OFFER_INFO,<num> من مجارف العوائق - حرك أحد العوائق
99416b657bcfc060,TID_CANCLE_TRAINING_INFO,ملاحظة! إزالة القوات من قائمة الانتظار ستؤدي إلى استرداد <number>% فقط من التكلفة.
020d5f178145bcc8,TID_DEVICE_LINK_CODE_VALID_TIME,رمز صالح:
c01c6ad2a59cb8c0,TID_BUILDING_SPELL_TOWER,برج التعويذات
f96ef6073f28e2dc,TID_ALLIANCE_WAR_CLAN_BANK,مخزن القبيلة:
948825602aec0848,TID_GEAR_RESOURCE_RARE,معدن خام متوهج
53f685399da0f206,TID_COSMETICS_EXTRA_EFFECTS,تأثيرات إضافية
8cc492cafaeb799a,TID_BOOSTER_FILL_DARK_ELIXIR_STORAGE_OFFER_INFO,<num> من تمائم إكسير الظلام: املأ مخازن إكسير الظلام الخاصة بك بالكامل.
a45934592bce098b,TID_CAPITAL_PLAYGROUND,ملعب العاصمة
54c364ab8c567b3e,TID_PLAYER_TAGS_SELECTED,<max>/<num>
6f343a68aaf4748d,TID_BP_POINTS,نقاط التحدي
b4188e932df9d103,TID_BATTLEPASS_TASK_WIN_BATTLES_USING_BABYDRAGONS,هجوم الصغار
f931f62cd616b9fe,TID_TUTORIAL_STARTER_CHALLENGE_3,اربح ما يكفي من النقاط للفوز بجوائز!
6cfcf8e397c8350a,TID_SPECIAL_OFFER_INFO_BUILDERBASE_ANNIVERSARY_1999,• <booster1> من تميمة ذهب البنّاء\n• <booster2> من تميمة إكسير البنّاء\n• <booster3> من كتاب القتال\n• <booster4> من كتاب المباني\n\n• لا توجد حدود للتخزين!\n• يمكن شراء هذا العرض 10 مرات!\n\nابدأ ترقياتك بهذه المجموعة المدهشة!
30a31bc7a3583dcb,TID_WAR_ATTACK_CONFIRM_TROOPS_TEXT,القوات: <number>
6555d7090e1e58a9,TID_DIAMOND_BUNDLE_BH5_INFO,• <gems> من الجواهر\n• <res0> من الإكسير\n• مدفع هاون متعدد من المستوى 1\n\nبلا وقت للبناء وبلا حدود على التخزين!\n\nلا تفوّت عرض <cffec78><value>أضعاف القيمة</c> الذي لن يتكرر!
8a4fb9f1e7a243ff,TID_ADD_FRIENDS_INFO_REQUESTS_YP,أضف أصدقاء في اللعبة عبر الملف الشخصي للاعب.
3c73d129506681ad,TID_CAN_COPY_ONLY_SAME_DH_TO_YOUR_OWN,لا يمكن نسخ المخطط إذا لم يتطابق مستوى قاعة المنطقة مع مستوى قاعة المنطقة لديك.
bb934999d7c2a58a,TID_GC_CHALLENGE,تحدي الأصدقاء
fafdce635d7a2e9c,TID_BB_ATTACK_GOLD_STORAGE_FULL_TEXT,مخزن ذهب قاعدة البنّاء ممتلئ. هل تريد الهجوم على أي حال؟
77d84113755637ee,TID_RAID_MEDALS_INFO,يتم ربح أوسمة الغارات من خلال المشاركة في غارات نهاية الأسبوع في عاصمة القبيلة. استخدمها في التاجر أو لإضافة تعزيزات إلى قلعة قبيلتك.
3a868d2694149ac8,TID_LOOT,خسرت موارد:
e518da5f2fa58748,TID_HINT_ARTILLERY_TARGET,مدفعية النسر تستهدف أقوى القوات من أقرب المجموعات أو أكبرها.
5111380eba15e47b,TID_MINER_INFO_SHORT,لمَ تخترق الجدران إذا كنت تستطيع المرور تحتها؟
802c46ffbf01402b,TID_BATTLEPASS_TASK_INFO_WIN_BATTLES_USING_HEALERS,استخدم المعالِجات لربح <num> من المعارك متعددة اللاعبين.
d788420b320bd9a6,TID_AVATAR_SEARCH_TAG_NOT_FOUND,لا يمكن العثور على لاعب بهذه البطاقة التعريفية.
f635094fd9acc45f,TID_STARTER_TH2_UPGRADEARMYCAMP,معسكرات أكبر
5c59f91426fb4902,TID_REPORT_LAYOUT,举报排版
6f23078c1454f06c,TID_BP_SEASON_BANK_NEXT_CAP,الحجم التالي: <value>
2162d35ac9037836,TID_BB_LEAGUE_DETAILS_STARS_COLUMN,النجوم
f452854380b199a3,TID_CHAMPION_KING,الملك البطل
5426677f30e83ec9,TID_FEATURE_SPELLS_DESC,حضر قوارير السحر القوي في مصنع السحر، واستخدمها لقيادة جيشك إلى النصر.
e7961a04c99afa8f,TID_VILLAGE_OBJECT_ROWBOAT_INFO,يستطيع البنّاء الخبير زيارة قريتك ليمنح مبانيك تحسينات خاصة! ابحث عن خيار الإصقال في دفاعات قريتك!
91fde2b4530f1aa9,TID_CLAN_STAT_VICTORIES,الانتصارات:
d6f493d755f9768a,TID_SETTING_SCREEN_SHAKE_INFO,إذا كان هذا قيد التشغيل، فقد تهتز الكاميرا داخل اللعبة عند عمل تأثيرات معينة.
de4af6263b5b7166,TID_HITPOINTS,نقاط الإصابة: <number>
44002650a728e6e1,TID_SPELL_FACTORY_VOUCHER_CLAIM_SUCCESS_TITLE,تلقيت المكافأة
fd2115420eb24491,TID_EVENT_GET_GEM_ALTERNATIVE_TITLE,المخزن ممتلئ
7c166806f378f77c,TID_ADD_FRIENDS_INFO_REQUESTS_KUNLUN,أضف أصدقاء في اللعبة عبر الملف الشخصي للاعب.
271c492b29fb39fe,TID_POPUP_GOBLIN_BUILDER_TEXT,يبدو أن جميع البنّائين لديك مشغولون، لكنك تعلم أنه يمكنني بناء ذلك من أجلك، أليس كذلك؟ سأحتاج فقط إلى عدد قليل من الجواهر الإضافية مقابل وقتي!
75430dd826f75ba0,TID_STARTER_TH2_INFO_BUILDWALLS,احصل على <num> من قطع الجدران من المتجر.
e7afca762bee08d6,TID_SHIELD_ACTIVE,الدرع نشط
d4c15ae2f678d369,TID_WAR_SIZE,حجم الحرب: <num> ضد <num>
ce35c322821aff7e,TID_INFO_PREFERRED_TARGET,الهدف المفضل:
dcea56449ef3798d,TID_ACHIEVEMENT_CLEAR_OBSTACLES_TITLE,لطيف ومحكم
0693115d625cfd24,TID_BATTLEPASS_TASK_INFO_WIN_BATTLES_USING_FLAME_FLINGER,استخدم منجنيق النيران لربح <num> من المعارك متعددة اللاعبين.
168649fa31ba67c4,TID_HINT_SPELL_JUMP,تشق تعويذة القفز طريقًا مؤقتًا عبر جدران العدو لتتبعه قواتك.
517be130183d472b,TID_SHOP_CATEGORY_DIAMONDS,الجواهر
dd300a66ab8a0b6d,TID_DIAMOND_BUNDLE_TH7_ALT_UPDATED_INFO,• <res0> إكسير الظلام\n• <res1> ذهب\n• <res2> إكسير\n\nلا توجد حدود على التخزين!\n\nلا تفوّت هذا العرض الذي يمنح <cffec78><value> من أمثال القيمة</c> ويأتي مرة واحدة!
5526651f45aacbff,TID_TOWN_HALL2_INFO,مسكن البنّاء الخبير والهدف الرئيسي في المعركة.\n\nيمنحك تدمير قاعة بنّاء نجمة في الهجمات. أما تدمير 50% من المباني في إحدى المراحل، فيمنحك نجمة ثانية، بينما يمنحك التدمير بنسبة 100% ثلاث نجوم للمرحلة.\n\nأجر ترقية لقاعة البنّاء لفتح المباني والقوات المتقدمة.
28656c66e71821bd,TID_DECORATION_CLOCKWORK_STATUE,التمثال الآلي
e5dcd96a6c1e7546,TID_NAME_CHANGED_SUCCESS,تم تغيير اسمك!
268386bb48dd61d2,TID_DIAMOND_BUNDLE_TH7_UPDATED_INFO,• برج تيسلا مستوى 2\n• بطل الملك البربري\n• <res0> إكسير الظلام\n• <res1> ذهب\n\nلا توجد حدود للتخزين!\n\nلا تفوت هذا العرض الذي يمنح <cffec78><value> من أمثال القيمة</c> ويأتي مرة واحدة!
8462b84178ccf6c6,TID_CLAN_MEMBER_COUNT,الأعضاء:
f069ccf7e0e29ed0,TID_LEAGUE_CLAY3,دوري الطين 3
a6a44fd827c464ad,TID_DIAMOND_BUNDLE_TH11_ALT_UPDATED_INFO,• <res0> إكسير الظلام\n• <res1> ذهب\n• <res2> إكسير\n\nلا توجد حدود على التخزين!\n\nلا تفوّت هذا العرض الذي يمنح <cffec78><value> من أمثال القيمة</c> ويأتي مرة واحدة!
bbe28644fb50c0b2,TID_TUTORIAL_PETS_4,لنشكل أول ثنائي: لاسي مع أحد أبطالك!
66b7290d9f51ba28,TID_CLANGAMES_TASK_INFO_USE_MINIONS,اربح <num> من النجوم من المعارك متعددة اللاعبين باستخدام <num2> من كائنات المينيون.
1fb0944f4f9de896,TID_SPELL_ALREADY_AT_MAX_LEVEL,التعويذة في أقصى مستوى لها بالفعل!
4b044f66783f9f8d,TID_BP_REWARD_GET_GEM_ALTERNATIVE_TEXT,لا يتسع مخزن عناصرك السحرية لكل المكافآت. هل تريد بيع المكافآت الزائدة مقابل <amount> من الجواهر؟
d7f3fc99740cc558,TID_CLANGAMES_TASK_INFO_USE_SUPER_GIANTS,اربح <num> من النجوم من المعارك متعددة اللاعبين باستخدام <num2> من العمالقة الخارقين.
09f92c88bcf83379,TID_ERROR_POP_UP_UNLOCK_UNAVAILABLE,إلغاء قفل الحساب غير متوفر الآن. من فضلك حاول ثانيةً لاحقًا!
9510c7ba28a13333,TID_INVISIBILITY_SPELL_TOWER,تعويذة اختفاء البرج
aad27811bd9625dd,TID_TRAP_SUPERBOMB,قنبلة عملاقة
53ebc61066b4b957,TID_DIAMOND_BUNDLE_MAGICITEMS_EVERYTHING_BOOK,مجموعة كتاب كل شيء
e827d206b3f1c18f,TID_HINT_DPS,تُقاس إحصائيات الضرر في معلومات الوحدات والأبراج بالضرر في الثانية.
685a5f35d523737a,TID_ALLIANCE_GAMES_CHECKING_RESULTS,جار التحقق من النتائج...
d9ee8b6fbe344247,TID_LEAGUE_LEGENDARY,دوري الأسطورة
3c6cf36ab567265a,TID_NPC_CHALLENGE_BOWIGI_QUEENABILITY,استخدم <c9916c8>قدرة الملكة رامية السهام</c> إذا واجهت صعوبات.
81a1fd42d14886f7,TID_SUPER_MINION_ABILITY_NAME,الضربة بعيدة المدى
56a93b2b409730fd,TID_PLAYER_CLAN_TAB,قبيلة اللاعب
aac75674816ceba2,TID_DECO_HILL_6,قمة صغيرة
685360f5902e4068,TID_REENGAGEMENT_LAB_DID_UPGRADES_NONE_LEFT_3,يجب علينا ترقية المعمل لفتح مزيد من الخيارات.
4530854b78c75378,TID_BATTLE_BUILDER_FEATURE_DESC,سئم البنّاؤون من وضع الاستعداد، لذا سلحوا أكواخهم وانطلقوا للإصلاحات في وسط القتال!
e0b5e0ead9890af2,TID_REENGAGEMENT_APOLOGY_2,ماذا؟ أنت لست غولاً؟
ef050bd51d160888,TID_PLAYER_AVAILABLE_FOR_RECRUITING_DESC,أتريد تلقي دعوات للانضمام إلى قبيلة؟ هناك أيضًا خيار لتلقي اقتراحات بالقبائل التي تجند أعضاء جدد.
cf7a9853338e7fee,TID_RED_PROCEEDS,ستذهب 100% من العائدات إلى مكافحة (RED) ضد مرض الإيدز.
18966fa8566df759,TID_BOOST_POPUP_TITLE,تعزيز الإنتاج!
b8fa3ec0ced18641,TID_SHIELD_POPUP_SHIELD_TITLE,الدرع نشط
80d6f0a40a8d96ff,TID_CLAN_LOCALE,موقع القبيلة:
031526a805348eb4,TID_BATTLEPASS_TASK_DESTROY_TOWNHALLS,شرير القرية
dcd00b783b008fb6,TID_CAPBUILD_BARRACKS_ARCHER_INFO,ساحة تدريب لراميات السهام الماكرات. احترس من الأجسام الطائرة الحادة المتسللة.
a95c00795b5a4e18,TID_BARBARIAN_KING_INFO,الملك البربري هو البربري الأقوى والأكثر شرًا في كل الممالك، والذي سببت شهيته لإكسير الظلام أن ينمو لحجم عملاق. يمكنه مهاجمة قرى العدو أو حماية قريتك.
7e4f56f77302c91c,TID_POPUP_BOOST_ALL_BARRACKS,تسريع سرعة تدريب <number> من الثكنات بمقدار <multiplier>x لمدة <time>؟
84a9db9965aec4a9,TID_POWER_BOOST,تعزيز القوة
8c6ac3bdbccb54f9,TID_TUTORIAL_FORGE_2,ستصنع كل يوم بعضًا من ذهب العاصمة. يمكنك جمعه بالضغط هنا.
ad17721c74703954,TID_ACHIEVEMENT_DESTROY_TOWNHALL2_TITLE,تحويل البناء إلى حطام
cc9a5fee0daf5de8,TID_CAPBUILD_MEGATESLA_INFO,ماذا يحدث عندما تصبح تيسلا المخفية عملاقة الحجم؟ تسبب صدمتها القوية ضررًا كبيرًا حتى لأقوى الوحدات!
0e2d08e98f2a4bbd,TID_PART_HOUSE_DECO,زينات منزل القبيلة
fd18443b13072192,TID_LEAGUE_IRON2,الدوري الحديدي 2
d32da3b4fd07e2ba,TID_TAB_PREPARATION,يوم الاستعداد
d63c922b6f289014,TID_DIAMONDS_FOUND,عثرت على <number> جوهرة في <name>!
fb36d38af43fa96e,TID_LEAGUE_PLATINUM2,الدوري البلاتيني 2
386f19a4788d3e57,TID_6ANNIVERSARY_OFFER_MAGICITEMS_BOOK_AND_GOLD_ELIXIR_INFO_999,• <res0> ذهب\n•<res1> إكسير\n• <booster1> من كتب المباني: أكمل أي ترقية مبانٍ على الفور.\n\n• تخزين بلا حدود!\n• يمكن شراء هذا العرض 20 مرة!\n\nاحصل على مجموعة الذكرى السنوية الآن. متوفرة لفترة محدودة فقط!
43d3d9188c30581d,TID_BUNDLE_RESOURCE,حزمة موارد
34b33d35592df71f,TID_TRAP_FREEZE,فخ التجمد
f2dd18ae8a7cc562,TID_NUM_ATTACKS_SHORT,الهجمات:
748c8060062b2720,TID_AIR_DEFENSE2_INFO,إذا أردت دفاعًا جويًا من العيار الثقيل، فستفي القنابل الجوية بالغرض. ينطلق وابل لا ينضب من البراميل المتفجرة في السماء لإهلاك الأعداء الطائرين!
56913f8ff3594e14,TID_WL_COLUMN_POSITION,الموقع
36b12316afefe483,TID_NPC34,جزيرة خبير تحديد النقاط في الحرب
f02d3ce34c5bb727,TID_FRIENDLY_ARMY_CHANGED,تم تغيير الجيش الودي
8920ca4e864a5e62,TID_CLAN_CHANGED_TEXT,لم تعد عضوًا في هذه القبيلة. يرجى الرجوع إلى القرية الأم.
e5396f77b29b02e3,TID_NPC_CHALLENGE_TH9_BABYDQW_WALL_BREAKERS,انشر <c54a0fe>مدمري الجدران</c> لربح بعض الوقت.
d2da0f353edf6cdd,TID_LOCAL_NOTIFICATION_CLAN_GAMES_CHECK_RESULTS,مباريات القبيلة انتهت. حان وقت التحقق من النتائج!
88dafd009f00150d,TID_INFERNO_TOWN_SCENERY,منظر قاعدة الحرب الناري
10643ee251b601e2,TID_HERO_ABILITY_DURATION,مدة القدرة:
749c5ea27ce0cef5,TID_ADD_FRIEND_ERROR_TOO_MANY_REQUESTS_YOU,لقد أرسلت الكثير من طلبات الصداقة. قم بإزالة واحد وحاول مرة أخرى.
aec172c226de384b,TID_CLANGAMES_TASK_USE_MINERS,عمليات التعدين
92ed3c76a1d977fb,TID_TUTORIAL_WORKER_MENU,مرحى! لدي أفكار كثيرة جدًا لمبانٍ أريد إنشاءها. انظر إلى قائمة أمنياتي!
3df449024b422ac3,TID_TRANSITION_WAR_ENDED,انتهت الحرب
cdcd39a66c0cea2f,TID_CLANS_VS,ضد
dcbd7c662b9a125c,TID_PTE_PERK_BUILDING_BOOST,تعزيز البنّاء
560ff0b994539ea8,TID_ARMY_OVERVIEW_HINT_HEROES,متاحة في مستوى قاعة المدينة <number>
b4010062b2c026ab,TID_LOCAL_NOTIFICATION_EVENT_SPECIAL_SPELL,أيها الزعيم، هناك تعويذة خاصة متاحة لفترة محدودة!
ae0da1219123d300,TID_CHARACTER_INFO_FLYING_GOBLIN,تهديد طائر لنشر الدمار في القرية. لنأمل أن تكون قرية العدو.
819c78c772a4ad3b,TID_TUTORIAL_OWN_HOUSE_1,هذا منزلك بعيدًا عن القرية الأم. يتمتع بمنظر أفضل بكثير!
ef41c1d0a9fa5d2d,TID_ANTIADDICTION_NO_REAL_NAME_VERIFIED_2,نظرًا لأنك لم تتمم عملية التحقق من الهوية، فأنت مقيد بنظام الحماية من الإدمان. بلغت الحد الأقصى للعب المسموح به يوميًا خلال العطلات الرسمية، وهو 3 ساعات. زر موقعنا الإلكتروني الرسمي لإتمام التحقق من الهوية. يمكنك محاولة تسجيل الدخول لاحقًا بعد إتمام عملية التحقق من الهوية.
449451a691c03a34,TID_DEVICE_LINK_ERROR_CODE_CURRENT_VILLAGE_TOO_HIGH_TEXT,ترتبط قريتك بشكل دائم بالفعل بحسابك على Game Center الذي سجلت الدخول بواسطته.\n\nلأن القرية يوجد بها تقدم بالفعل (مستوى قاعة المدينة <level> أو عملية الشراء التي تمت)، لذا لا يمكن استبدالها بأية حال.
0e887824162b2231,TID_BUILDING_CLASS_WALL,الجدران
d71538b11920f7ef,TID_BB_ATTACK_ELIXIR_STORAGE_FULL_TITLE,هل أنت متأكد؟
1ee19b24066cfc31,TID_ARCHER_TOWER2_INFO_SHORT,دفاع يمكنه التبديل بين إطلاق النيران السريع والهجمات طويلة المدى.
ef1fe65aa6f5b57a,TID_CAPBUILD_AIR_DEFENSE_INFO,هذا البرج المضاد للأجسام الطائرة مميت بالنسبة لقوات الأعداء الجوية، لكن لا يمكنه استهداف الأعداء على الأرض. اختر مكانه بعناية لتغطية أكبر مساحة جوية ممكنة.
14e2aaab49b6f58e,TID_LEAGUE_TITANIUM2_SHORT,التيتانيوم 2
79b752bacba457c6,TID_HALLOWEEN_INFO_SCREEN_TITLE,مرحبًا بك في المزيج المجنون!
44c88302ca5bc857,TID_NPC8,وادي الفئران
3eee224721badfd9,TID_ACCEPT_FRIEND_CONFIRMATION_TITLE,إضافة صديق؟
a12bbf65135f2bfc,TID_ATTACK_FAIL_NEWBIE_PROTECTED,لا يمكن الهجوم على هذه القرية لأن مستوى قاعة مدينتها أقل من المستوى <number>.
f5a4b9c3d1f2beca,TID_BP_PERK_AUTO_FORGE_DESC_STARTER,موضع إضافي في ورشة الصياغة يتيح لك التصنيع بنصف الموارد المطلوبة، ودون الحاجة إلى بنّاء.
dbcf8102b62a3b70,TID_LABORATORY_UPGRADING_CANNOT_START_SPELL,لا يمكن بدء ترقية التعويذ أثناء ترقية المعمل
4dd8c5fad2d86ae9,TID_BUILDING_GOLD_MINE,منجم الذهب
48e10d5f78ef60e0,TID_OVERALL_DAMAGE,الضرر الإجمالي
efeca0a9bb318586,TID_PET_POISON_LIZARD,السحلية السامة
d952dc91157e9ed0,TID_BATTLEPASS_TASK_WIN_BATTLES_USING_ELECTRODRAGON,الوحش الصادم
b8104e6df941f2a3,TID_ATTACK_FAIL_NO_MATCHES,لا يمكن العثور على قرى لمهاجمتها!
ac9f8ea14e6a9e09,TID_GROWTH_AURA_PERCENT,زيادة نقاط الإصابة: <number>%
bfa1cb8ed6194544,TID_HINT_TOXIC_MINION,انشر كائنات المينيون المشعة بعيدًا عن مباني العدو لتستفيد من قدرة الضرب القوية لديها.
59df3a6d7cf11e04,TID_NPC_CHALLENGE_TH9_WITCH_WIZARD,انشر <c54a0fe>الساحر</c> المتبقي ليساعد على تدمير المباني المتبقية.
7a747b8307dc71fd,TID_GUARD_ON_COOLDOWN,الحراسة غير متاحة بعد!
04f0d90250bee43f,TID_BOOSTER_SHOVEL_OBSTACLE_INFO,هذه المجرفة السحرية ضعيفة لكنها فعالة، ويمكن استخدامها لجعل عائق واحد قابلاً للتحريك دومًا. يمكن استخدامها في كلتا القريتين.
19727cbc30389962,TID_DIAMOND_BUNDLE_TH10_INFO,• <gems> من الجواهر\n• <res0> من الذهب\n• برج النار مستوى 1\n\nدون وقت للبناء وبلا حدود على التخزين!\n\nلا تفوّت هذا العرض الذي يمنح <cffec78><value> من أمثال القيمة</c> ويأتي مرة واحدة!
63e3606d34fe5d9d,TID_MULTIPLAYER_STAR_BONUS,مكافأة النجوم
05888d1b0f7bc7d8,TID_CHAT_FAIL_BANNED,تم كتمك لمدة <time>.
2a8e19a1b7e351d1,TID_CRAFT_RESOURCES_TITLE,هل تريد بدء الصياغة؟
8ba9e5f5099ffa5c,TID_TRAP_EJECTOR,فخ الزنبرك
62663a82e66a3b9c,TID_NPC_CHALLENGE_TH9_BABYDQW_SPELLS,استخدم <cf07bf8>تعويذة الغضب</c> و<cffe346>تعويذة الشفاء</c> المتبقيتين لإتمام الهجوم.
fa6f58512f1105cf,TID_POPUP_CANCEL_CLEAR_TITLE,هل ترغب في إيقاف الإزالة؟
565657691415bb72,TID_HINT_UNLOCKS,قم بترقية قاعة المدينة لفتح مبانٍ جديدة ومستويات ترقية جديدة لمبانيك الحالية
c1edc07d0b74463d,TID_CLAN_TAG_TALKATIVE,كثيرة التفاعل
3802eca3c8f24cc3,TID_NPC_CHALLENGE_TH10_MINER_RAGE,استخدم <cf07bf8>تعويذة الغضب</c> في المدخل لتدمير <cf70d16>برج النار</c> بسرعة قبل أن يشعل النيران في <c54a0fe>المعالجات</c>!
b42d6e46227c30de,TID_ALLIANCE_WAR_ATTACK_FAILED_ATTACK_ONGOING,لديك هجمة نشطة الآن، حاول ثانيةً لاحقًا!
3aef6b352d278cb0,TID_ALLIANCE_DATA_FAILED_DELETED,تم حذف هذه القبيلة وتعذر تحميلها.
213fbcde74a9e643,TID_REPORT_REASON_POLITICAL,政治敏感性
64a7bb0c7e067be1,TID_ACHIEVEMENT_TOWN_HALL_COMPLETED,مستوى قاعة المدينة الحالي: <value>
c453e44b3ce6cb81,TID_UPGRADE_SHIPYARD_TO_SAIL,أعد بناء القارب لزيارة أماكن جديدة!
fb590b138255cb82,TID_BB_BATTLE_LOG_PERFECT,مثالي!
f2b16dbf258bb46f,TID_SUGGESTED_PLAYERS_TITLE,لاعبون مقترحون
75066410a6010d71,TID_KICK_FAIL_VISITING,لا يمكنك طرد اللاعبين أثناء الزيارة.
94ed0b2f26c4cb92,TID_CAPBUILD_BARRACKS_SUPER_DRAGON_INFO,بعد فوات الأوان، اتضح أن الخشب قد لا يكون أفضل مادة لبناء مقر تسكين التنانين. من عجيب أن المبنى لم تشتعل فيه النيران بعد.
92c2cc48a3011346,TID_BUTTON_GLOBAL_HIGHSCORE,عالمي
315e90dc15d04e7a,TID_CHARACTER_APPRENTICE_WARDEN_INFO_SHORT,سيدعم طلبة السحر هؤلاء جيشك عند انشغال الآمر الكبير بأمور أخرى.
936784f0326ba36f,TID_NEWS_IOS7_BUTTON,مزيد من المعلومات
23f654dfc957a412,TID_GEM_MINE_INFO,تتيح لك مناجم الجواهر الوصول إلى كميات نادرة من هذا المورد الثمين! التنقيب عن الجواهر عملية بطيئة وشاقة.
032a58bb85f82999,TID_DUEL_WIN_BONUS_PERCENTAGE,<percentage>% مكافأة معركة البنّاء:
44d51de65f2dc26c,TID_LEAGUE_CRYSTAL2,الدوري الكريستالي II
8d52cb4438b819d1,TID_BOMBER,المفجِّر
ffee585c7500b71c,TID_DISTRICT_BARBARIAN_CAMP,معسكر البرابرة
3ccd2a6200a4bb6c,TID_BATTLEPASS_TASK_INFO_WIN_BATTLES_USING_VALKYRIES,استخدم قوات الفالكيري لربح <num> من المعارك متعددة اللاعبين.
a300f74cef56ce7b,TID_HERO_ABILITY_NUM_SUMMONED_UNITS,الوحدات المستدعاة: <number>
da45990960609894,TID_BUTTON_ROTATE_MORE,تدوير الصف
068b03a9c9ace541,TID_LEGENDS_TODAY_SHIELD_INACTIVE,أنت غير محمي حاليًا. يمكنك شن هجمات أو التعرض لها اليوم.
2bb7d92050d841d4,TID_CLANGAMES_TASK_WIN_STARS_USING_LIGHTNING_INFO,اربح <num> من المعارك متعددة اللاعبين باستخدام <num2> من تعاويذ البرق.
4e8f5c7955f1b0b4,TID_BATTLEPASS_TASK_INFO_WIN_BATTLES_USING_WALLBREAKERS,استخدم مدمري الجدران لربح <num>من المعارك متعددة اللاعبين.
029d521501d21eda,TID_LINK_TARGET_OTHER_BUTTON,أرغب في الربط\nبجهاز آخر
62548037eccc265d,TID_NEWS_RABBIT_TITLE,سحر؟
a2b2ca1646a4cbd2,TID_UPGRADE_BUILDING_TO_LEVEL_TO_UNLOCK,قم بترقية <building> إلى المستوى <number> للفتح!
5e307e3031350fe8,TID_CLANGAMES_TASK_INFO_GET_LEVELKILLS_VS_ALLHEROES,اكتسب <num> من المستويات بالقضاء على الأبطال في المعارك متعددة اللاعبين.
61959c014d3e2ca0,TID_PROFILE_LEGEND_PRESTIGE,كؤوس الأسطورة
994f3af2fb54b85d,TID_SHOP_CATEGORY_FLAGS,الأعلام
f835a242412d07fb,TID_CLAN_JOIN_FAIL_NO_TOWN_HALL_LEVEL,مستوى قاعة مدينتك غير كافٍ للانضمام إلى هذه القبيلة.
7b489b935068a37b,TID_LINK_TARGET_IOS_BUTTON,أرغب في الربط\nبجهاز iPhone، أو iPad أو iPod
0765b2c0af23b561,TID_TENCENT_DOLPHIN_DOWNLOADING_77,更新校验差异文件
30a95be1d269df65,TID_ACHIEVEMENT_DESTROY_TOWNHALL2_COMPLETED,إجمالي قاعات البنّاء المحطمة: <value>
18f12d3f36b22c20,TID_UPGRADE_BUILDING_TO_LEVEL_TO_BUILD_MORE,قم بترقية <building> إلى المستوى <number> لبناء المزيد!
3ce176c27080fb74,TID_ADVANCED_SEARCH_BUTTON_LESS,إخفاء الخيارات المتقدمة
7ca2b320973cae36,TID_BP_PERK_TRAINING_BOOST,تعزيز التدريب
60756282fd4b4f8a,TID_TENCENT_DOLPHIN_ERROR_2,网络超时，请在网络环境正常下重启游戏。
2d7bde22e89b57af,TID_CLANGAMES_TASK_WIN_STARS_VS_TOWNHALL_10,10 الرائعة
0a84734c1df795d5,TID_NPC61,المنطقة الملتهبة
b1e8ef4efe4ca0f7,TID_SUPER_WIZARD,الساحر الخارق
a7aaa21599f712ca,TID_CAPBUILD_MEGATESLA,تيسلا عملاقة مخفية
42d5f2127c5e0693,TID_NPC_CHALLENGE_LOON_4,دمّر آخر <cf70d16>برج راميات السهام</c> باستخدام <c54a0fe>بالوناتك</c> المتبقية.
ebdf17b794d0c5ad,TID_HERO_INSTRUCTIONS_WARMACHINE,اختراع البنّاء الخبير الذي يستحق عليه جائزة؛ إذ يجعل مباني الأعداء ركامًا! فهل ثمة طريقة أفضل لإثبات أنه البنّاء الأفضل؟ افتح قدرة المطرقة الكهربية لتسدد ضربات ثقيلة ضد الخصم!
d532320074840932,TID_REGION_CUSTOM5,
ffee0105bda0dc46,TID_CAPBUILD_BARRACKS_HOG_RIDER_INFO,صراخ متواصل يتردد صداه في الداخل. أعتقد أن الركاب والمظليين سعداء أن يروا بعضهم بعضًا.
d5a701f90ee0195f,TID_LEADER_ROTATION_MAIL_TEXT,قائد هذه القبيلة غير نشط منذ أكثر من <daysInactive> من الأيام. سيتم نقل قيادة القبيلة بعد <daysToRotation> من الأيام إلى أقدم لاعب نشط والأعلى ترتيبًا. لمنع تغيير القيادة هذا من الحدوث، على القائد الحالي تسجيل الدخول.\n\nسيتم حاليًا نقل القيادة إلى <newLeader>.
79263c887dce1dcd,TID_DECO_RUIN_LARGE_FOREST,غابة كبيرة
935c4af9bd6fdabe,TID_TUTORIAL_WAR_LEAGUE_15,يمكننا استخدامها لشراء بعض العناصر القوية للغاية.
5088da60fbbd321b,TID_CHALLENGE_INFO_2022,تم اكتشاف عاصمة القبيلة فوق السحاب، مما يتيح للقبائل البناء والقتال معًا! وبذلك تكون قد انتهت السنوات العشر الأولى ولكن ما الذي سيتغير في السنوات العشر القادمة؟
25868fbd8963fccb,TID_STARTER_COLLECTELIXIR,اربح الإكسير!
fa63ca8c055f10f6,TID_NPC62,الحلول السرية
ac4706135286ec0b,TID_COPIED_TO_DEVICE_CLIPBOARD,تم نسخ العلامة إلى حافظة الجهاز!
6d1088663280aea8,TID_BUTTON_DONE,تم
c8d95aa79a0389dd,TID_BP_PERK_SAVINGS_PAYOUT_BB_DESC,يمتلئ بنك البنّاء فجأة كلما حصلت على غنائم من الهجوم والدفاع في قاعدة البنّاء. في نهاية الموسم ستتلقى المحتويات في المخازن.
9b981d658dea705e,TID_OBSTACLE_POND_LARGE,بركة كبيرة
1370d58fa243b65e,TID_LEAGUE_COPPER3_SHORT,النحاس 3
4b8b96f8f095643c,TID_NPC75,عرين التنين
aa507ff8a6aa3ab7,TID_INFO_RANGE_VALUE,<number> رقعات
b68da3c256e4aa62,TID_ALLIANCE_WAR_NEW_WAR,حرب جديدة
31013ef10f6b9ae4,TID_CLANGAMES_TASK_INFO_WIN_STARS_WITHOUT_HEROES,اربح <num> من النجوم دون استخدام الأبطال في المعارك متعددة اللاعبين.
3fbdea060a92b082,TID_LEAGUE_I,I
2fc4b918b85508f8,TID_ACHIEVEMENT_DONATE_SIEGES_TITLE,حصار التعاون
c90d0685b17b4497,TID_REENGAGEMENT_APOLOGY_1,عجيب... قوتك تفوق ما كنت أتوقعه بالنسبة إلى غول.
5da558d56892d6a2,TID_ERROR_POP_UP_SERVER_MAINTENANCE_ESTIMATED_MINUTES,المعذرة، الخوادم تحت الصيانة في الوقت الحالي. من فضلك حاول ثانيةً خلال <value> دقائق.
5f3175fe243cc3ce,TID_MULTI_ARCHER_TOWER_INFO,لقد تعاونت راميات السهام للقضاء على المهاجمين بشكل أسرع وأكثر شراسة من ذي قبل. العمل الجماعي يجعل الحلم حقيقة.
3b80081e9329fba1,TID_PET_ABILITY_BULLDOZER,هدام الجدران
6ada52a6c1dd040a,TID_STORAGES_SPELL_IMMUNITY,كل مخازن الموارد محصنة ضد ضرر التعويذات!
9608ea6a1ccffc7c,TID_TASK_INFO_GET_STAR_BONUS,احصل على مكافأة النجوم اليومية في القرية الأم.
552de8136910a0e9,TID_DISTRICT_SKULL_YARD,متنزه الهياكل العظمية
0899558fef658b74,TID_CAPITAL_TUTORIAL_4,هكذا فإن هذا مقياس مناسب للبناء. انظر، هذا الجبل عاصمة قبيلتك!
e29eec21d091d005,TID_NOTHING_TO_PASTE,لا يوجد شيء للصقه
2b4425ad9341cb5b,TID_CONFIRM_FINISH_TRAINING_TITLE,أتريد إنهاء التدريب؟
44015a80326b3950,TID_NPC_CHALLENGE_TH8_GOWIVA_VALKYRIES,انشر <c54a0fe>قوات الفالكيري</c>. هذه القوات فعالة ضد القواعد التي توجد فيها المباني على مقربة من بعضها.
69399637916633cf,TID_BATTLEPASS_TASK_WIN_BATTLES_USING_DRAGONS,ألسنة اللهب
cf50a6a926e90cca,TID_GC_NOCHALLENGE,فتح الإنجازات
a8ce886b63a5e280,TID_WIN_BONUS,مكافأة الفوز
ad83346d2c323de7,TID_CAPBUILD_MULTICANNON,مدفع متعدد المواسير
1c9c10e2ba62f4aa,TID_BUILDING_SPELL_TOWER_INFO_SHORT,وأخيرًا تمكن من إطلاق التعويذات على المهاجمين.
8a710ff02ab841cb,TID_UPGRADE_UNITS2,ترقية الوحدات
0b5f5cf6323f68b0,TID_CHALLENGE_DEFAULT_INPUT,أيمكنك التفوق على قريتي؟
7818c3803616981e,TID_TUTORIAL_ATTACK,حقًا؟ إذا كانت براعتك في القتال تضاهي براعتك في التنظيف، فربما نشكّل فريقًا جيدًا!
6943e8a61c586bb8,TID_CAPITAL_RAID_SEASON_FULL,وصلت قبيلتك إلى الحد الأقصى من عدد الأعضاء في غارة نهاية الأسبوع
5f716be35f2f3a85,TID_POPUP_CANCEL_GOBLIN_CONSTRUCTION,هل تريد حقًا إيقاف إنشاء <item>؟ لن يتم استرداد الجواهر المدفوعة إلى بنّاء الغيلان وسيتم استرداد <number>% فقط من تكلفة المورد.
f69d0f25a36b1275,TID_BUTTON_SWAP,التبديل
e115623b6ae7ceff,TID_LEAGUE_TITLE2,يستمر موسم كل دوري لمدة شهر. في بداية الموسم، هاجم قرية أي لاعب لرؤية الدوري الجديد ومكافأة الغنيمة.
0ea5e4903465e1d3,TID_BATTLEPASS_TASK_INFO_WIN_BATTLES_USING_LAVAHOUNDS,استخدم كلاب الحمم لربح <num> من المعارك متعددة اللاعبين.
b007fb5a6694c1f0,TID_CHAMPION_CHAMPION,بطلة الأبطال
677776bfb1f737cb,TID_KICKED_FROM_ALLIANCE_NO_MSG,تم طردك من القبيلة.
47adee298ecca1be,TID_ABOUT_TITLE,معلومات
2fc44d88907b55fc,TID_BOOSTER_FINISH_BUILDING_UPGRADE_INFO,يمكن استخدام هذا الكتاب السحري الذي يُزعم أن مؤلفه هو البنّاء الخبير نفسه لإكمال أي ترقية مبنى على الفور. يعمل في كلا القريتين!
3e0545ddaa4fac30,TID_DECORATION_SWORD_IN_STONE_INFO,أعضاء أعظم القبائل فقط يمكنهم الحصول على هذا التمثال الأسطوري كشهادة على قوتهم.
63725e969c970797,TID_EQUIP_TITLE_PET,حيوان أليف
a71bc8fec8bed4fd,TID_OBSTACLE_BIRTHDAY2020,كعكة الذكرى السنوية الثامنة
985825976a2518e0,TID_TUTORIAL_ATTACK_NPC_BUTTON,هجوم!
ab1c56b684ec0f83,TID_DIAMOND_BUNDLE_TH12_ALT_INFO,• <res0> إكسير الظلام\n• <res1> ذهب\n• <res2> إكسير\n\nلا توجد حدود على التخزين!\n\nلا تفوّت هذا العرض الذي يمنح <cffec78><value> من أمثال القيمة</c> ويأتي مرة واحدة!
1c0c266d15ad162a,TID_EVENT_TITLE_CLANWAR_FIRSTRUN,وقت بدء الألعاب!
7cb0f6b66ccf2180,TID_ALLIANCE_WAR_PERSONAL_ATTACK_2,هجوم 2
d281991086a17782,TID_SUPER_WITCH_ABILITY_NAME,الهيكل العظمي الضخم
0e5936daf6e800e0,TID_TRAIN_SPELL_STORAGE_FULL_INFO,قم بترقية مصنع السحر لزيادة السعة
040a5ecf667306b2,TID_BUILDING_CANNON,مدفع
e5849405da2260c9,TID_EP_REWARD_LOCKED_NEED_PREMIUM,تحتاج إلى تذكرة الحدث لفتح هذه الجائزة.
4a17d9ceaa7cb661,TID_ACHIEVEMENT_PVP_ATTACKS_COMPLETED,إجمالي المعارك متعددة اللاعبين التي فزت بها: <value>
34b5014de7d14e7c,TID_PRIZE_SHOP_ITEM_COOLDOWN,يجب أن تنتظر لمدة <time> لشراء <item> مرة أخرى.
f3a1e3e507aba4a8,TID_CONFIRM_PARTIAL_TRAINING,لا توجد مساحة كافية لجميع الوحدات المحددة. هل تريد تدريب الجيش جزئيًا على أي حال؟
94d975792e207176,TID_COSMETICS_SCENERY_FEATURES,يتضمن المنظر:
c7f36c6dc33fca3a,TID_CLANGAMES_TASK_INFO_DONATE_TROOPS,تبرع بإجمالي قوات يساوى <num> من مساحات التسكين.
29a76d7f46a89db3,TID_BOOKMARKS_FULL,المرجعيات ممتلئة
03d7832c5e7738a0,TID_TUTORIAL_MEET_NEW_BUILDER3,عجبًا! من أين أتيت؟!
a90af8699b95c3fb,TID_ACHIEVEMENT_CHALLENGE_BUTTON,تحدي الأصدقاء
63c31cc97db3ddd1,TID_HINT_SPELL_FREEZE,تعويذة التجميد تمنع المباني والقوات من الدفاع داخل مداها.
91e9e91f31105880,TID_BUILDING_STATUS,دفاعات
f86a7bb84dda7ecc,TID_NPC_CHALLENGE_TH9_WITCH_WITCHES2,انشر معظم <c54a0fe>الساحرات</c> لدعم <c54a0fe>الغولم</c>.
305da2e17a2a4f56,TID_GIANT,عملاق
bd0b15677ee25d74,TID_DUEL_TOTAL_WINS,انتصارات معركة البنّاء:
8ff3998c959cb59a,TID_OPTIONAL_AVAILABLE,هناك إصدار جديد من Clash of Clans. للاستمتاع بأفضل تجربة لعب، يرجى تحديث اللعبة.
5fd2407127cbffa5,TID_INFO_THROWING_POSITION_TARGET,الهدف
54f7ecdc3a594d0b,TID_RESOURCE_PACK_GOLD_50,ملء المخازن بمقدار النصف
1c55303f96133d9f,TID_EVENT_TITLE_CLANWAR_SHORT3,اندفاع عطلة نهاية الأسبوع
d9666233363dad67,TID_TRADER_COUNTDOWN,عروض جديدة خلال <time>!
fd833b3355b8c373,TID_BUTTON_DISABLED_GAMES_ENDING_SOON,قاربت على الانتهاء!
cf6d6f96f138aece,TID_CLANGAMES_TASK_INFO_DESTROY_GEAREDUPARCHERTOWERS,دمر <num> من <building> في معارك متعددة اللاعبين.
0fe37c422cbbdf41,TID_NPC_CHALLENGE_PROGRESS_WARNING_TITLE,أحسنت!
5dfd7fb78dc37ccc,TID_TUTORIAL_CLANCASTLE_1,أيها الزعيم، المخازن لدينا مليئة بالذهب. فلنصلح قلعة القبيلة!
aa49c61193107421,TID_BOB_TASK_HEROES,\nأنجز المهمة من خلال ترقية أبطال قاعدة البنّاء إلى المستوى الإجمالي <level>.
dc5ac78e48309ce3,TID_WL_STAT_POSITION1,المركز الأول
dd5e61afe928605c,TID_CHALLENGE_NOT_AVAILABLE_NO_ARMY,ابلغ المستوى 2 من قاعة العاصمة لإرسال تحديات المنطقة الودية!
752b3b86ad2251c1,TID_LEGENDS_DEFENCE_LAYOUT_TEXT,حدّد مخططًا لدفاع قريتك في يوم الدوري التالي.
5e59cdb52b564a15,TID_BUTTON_ATTACK_MODE_FAR_SLOW,نطاق بعيد
8cfd0d58f04e4b7e,TID_NEWS_BUILDER_GONE,هل رأى أحدكم البنّاء؟
90690fdd422709b8,TID_BATTLEPASS_TASK_INFO_USE_BABYDRAGONS,استخدم التنانين الصغيرة لربح <num> من النجوم من معارك متعددة اللاعبين.
381781cca5d92416,TID_BATTLEPASS_TASK_INFO_USE_BARBARIANS,استخدم البرابرة لربح <num> من النجوم من معارك متعددة اللاعبين.
4e71707f2eb27026,TID_ERROR_POP_UP_WRONG_CLIENT_VERSION,أخبار جيدة! يتوفر إصدار جديد من اللعبة.
9d3460446600d8c8,TID_CAPITAL_DISTRICTS_DESTROYED,المناطق المحطمة <progress>/<total>
9a80148bd37e14a9,TID_PRACTICE_MODE_UNLOCKS_LATER,يتم فتح وضع التدريب عند بلوغ قاعة المدينة 4
a9c051cb6e8038a6,TID_ERROR_POP_UP_SERVER_MAINTENANCE_ESTIMATED_TWO_HOURS,المعذرة، الخوادم تحت الصيانة في الوقت الحالي. من فضلك حاول ثانيةً خلال ساعتين.
575db6cb1fdd90e9,TID_BUNDLE_BUY_CONFIRMATION,تم تلقي <ce53cff><bundle>!</c>
bd69b9b032d06e7a,TID_CONFIRM_SUPER_TROOP_CANCEL_TEXT,هل ترغب بالتأكيد في وقف تعزيز القوة الخارقة الآن؟ لن تسترجع قيمة وقت التعزيز المتبقي.
0267ec71a379cd97,TID_HINT_SPELL_RAGE,تصنع تعويذة الغضب حلقة من الغضب تجعل وحداتك أقوى وأسرع وهي داخل الحلقة.
091c11c334b4405f,TID_DECORATION_GOLDEN_GOBLIN,الشاعر الذهبي
d80a30402a8d9224,TID_ACCOUNT_DELETED_ON_REQUEST_TEXT,تم تعطيل هذا الحساب بموجب طلب حذف، ولا يمكن استرجاعه.
5cb2a669699a4d2a,TID_TUTORIAL_WORKER_2,استئجار بنّاء ثانٍ سيتيح لك إمكانية بدء اثنين من الإنشاءات في وقت واحد.
d00021546a669e3b,TID_BUILDER_HALL_9_INFO_SHORT,هيكل صغير لاستكمال هذا الدمار بالكامل.
4891ff9a189069b1,TID_DIAMOND_BUNDLE_MAGICITEMS_FIGHTING_BOOK_WITH_SPELL_BOOK_AND_ELIXIR_INFO,• <res0> الإكسير\n• <booster1>x كتاب القتال\n• <booster2>x كتاب التعويذات\n• لا حدود للتخزين!\n\nكل ما تحتاجه لترقية قواتك والتعويذات!
e5a94f1318c61585,TID_ALLIANCE_RAID_FAILED_NOT_IN_RAID,لا يمكن الهجوم! لست في غارة.
03c9909f133ba261,TID_BUY_LAYOUT_SLOT_TEXT,هل ترغب بالتأكيد في شراء موضع مخطط جديد؟
e982caa12f716222,TID_SIEGE_MACHINES_BATTLE,في المعركة
46cd1e7ada1ff5b0,TID_WL_STAT_POSITION3,المركز الثالث
5e676b98d73c6762,TID_CAPITAL_PLAYGROUND_SNEAKY_ARCHERS,انشر <c54a0fe>راميات السهام الماكرات</c> لتدمير <cf70d16>المدافع متعددة المواسير</c> خلف الجدار.
efb8a863a27366b4,TID_IAP_NOT_AVAILABLE_AMAZON,عمليات الشراء غير متاحة! احرص على استخدامك حساب Amazon صالحًا، وأن تكون وسيلة الدفع الرئيسية لديك محدّثة.
908fa2f3e6b33c80,TID_DECORATION_10_YEAR_FOUNTAIN_INFO,احتفالاً بعيد ميلاد Supercell العاشر
aef1bf1dec288706,TID_ACHIEVEMENT_LOOT_ELIXIR_TITLE,مغامرة الإكسير
aae39e1b9b2b0ea7,TID_BATTLEPASS_TASK_WIN_STARS_USING_SKELETON_INFO,استخدم تعويذات الهياكل العظمية لربح <num> من النجوم من معارك متعددة اللاعبين.
20f7822c00b69fdf,TID_FEATURE_SEASON_CHALLENGES_DESC,خض تحديات جديدة كل شهر واربح مكافآت مدهشة!
9c5cbd30ac3be226,TID_CHARACTER_INFO_DRAGON,قوة التنانين معروفة في كل الأرض. فهذا الشيء المخيف الطائر في السماء عديم الرحمة ولن يهرب أي شيء من الرشقات النارية لأنفاسه.
f68b98a0e2ce6e5f,TID_CHARACTER_YETIMITE,ييتي الصغير
3646ef34d08ff0bb,TID_CLAN_TAG_TROPHY_PUSHING,جمع الكؤوس
19523500602037e9,TID_ALLIANCE_DEFAULT_MAIL_MESSAGE,انتباه يا زملاء القبيلة:
d426b6c105b0e20a,TID_SPECIAL_OFFER_INFO_EASTER_UNLIMITED,• <res0> ذهب\n• <booster1>x كتاب المباني\n• <booster2>x جرعة البنّاء\n• لا توجد حدود للتخزين!\n• يمكن شراء هذا العرض 10 مرات!\n\nكل ما تحتاجه لترقية قاعة المدينة والدفاعات!
71e0113166e1b9d5,TID_LEADERBOARDBANNER_TIMELEFT,ينتهي بعد:
4260280c08a2ab07,TID_MULTIPLAYER_BONUS_AVAILABLE_AGAIN,التالي خلال: <time>
a19735dd692f2d88,TID_LEAGUE_WOOD3_SHORT,الخشب 3
331fb2e5667f1240,TID_ME_BONUS_POINTS_INFO,احصل على <num> <soft_currency> عبر شراء تذكرة الحدث!
3aacd690d56f5ce1,TID_SIGN_TITLE,ملاحظة البنّاء
102b3e2f006cffee,TID_CLANGAMES_TASK_INFO_DESTROY_BB_GIANTCANNON,دمر <num> من <building> في معارك البنّاء.
b0d9ccf7e0e29f0b,TID_LEAGUE_CLAY2,دوري الطين 2
1e5e9c799541f2af,TID_BP_SEASON_BANK_MULTIPLIER,تعبئة أسرع
cc50b048567125e2,TID_CAPBUILD_MINION_CRYPT_INFO,يفتح هذا الدفاع المبني على خلية تحت الأرض ليطلق سربًا من المينيون الصغيرة شديدة الخطورة ذات الطبيعة العدائية التي تستطيع القضاء على أي مهاجم.
f27351188399f17c,TID_NPC_CHALLENGE_TH10_BOBAT_WALL_WRECKER,استخدم القوات المتبقية لإزالة <cf70d16>أبراج الساحر</c> المتبقية و<cf70d16>برج النار المتعدد</c>. ابدأ بـ <c54a0fe>هادمة الجدران</c>.
09e5d05508fbd7cb,TID_CHALLENGE_SWITCH_LAYOUT,المخطط المُختار
5a8eae59d407209f,TID_OBSTACLE_ROOT_LARGE,جذر كبير
4fc5d5e04adba438,TID_BUILDING_REQUIRED,مطلوب <building>
91e0623553315fc2,TID_SETTINGS_PLAYERNAME_ENTERNEW,أدخل الاسم الجديد:
ba92dd668a996295,TID_PREMIUM_PASS_PACKAGE,التذكرة الذهبية
450b76da9a592f67,TID_ACHIEVEMENT_ACCOUNT_BOUND_GAME_CENTER,الاتصال بـ Game Center
c42e60d30ff2958c,TID_CAPBUILD_SPELLLAB_HEAL_INFO,يحضّر براميل كبيرة من تعويذة الشفاء. تعالج الرائحة الوردية الصداع بطريقة سحرية!
81b0f48f28eec936,TID_POPUP_SPEED_UP_UPGRADE,هل تريد إنهاء ترقية <item>؟
16fa51e21acfd3cb,TID_TUTORIAL_STARTER_CHALLENGE_2,يمنحك كل تحدٍ نقاطًا عند إتمامه.
e679c0f8d2b9eb3b,TID_ACHIEVEMENT_DESTROY_MONOLITH,تدمير <number> من أعمدة المنليث في معارك متعددة اللاعبين
4688815259901e0c,TID_CAPITAL_PLAYGROUND_SUPER_BARBARIANS,انشر <c54a0fe>البرابرة الخارقين</c> لتدمير بعض المباني.
7506ee4e8493eeb0,TID_CLANBADGE_LAYER_0,خلفية
c306264394a91814,TID_CLAN_GAMES_CENTRE_INFO,عندما توجد مباراة قبيلة متاحة يمكنك
bfdf75f74d368b0e,TID_INFO_THROWING_POSITION_SELF,برج التعويذات
74434da4a1235eea,TID_TENCENT_LOGIN_PROMPT_BLOCKED_QQ,طبقًا لآخر قواعد الحماية من الإدمان، لن يكون بإمكانك إتمام عملية التحقق من الهوية عند تسجيل الدخول عبر حساب ضيف، وستكون مدة اللعب المسموح بها محدودة في ساعة واحدة كل 15 يومًا.\n\nسبق تسجيل حسابك عبر QQِِ. للاستمرار في اللعب، ننصحك بشدة بتسجيل الدخول مجددًا عبر QQ وإتمام عملية التحقق من الهوية.
c44c3586fc9c09bf,TID_LOCAL_NOTIFICATION_BUILDING_READY,إنشاء <item> اكتمل
4e757ee6744416f3,TID_NPC78,الفجوة المريبة
a86cb83ca441c9dd,TID_TENCENT_DOLPHIN_TITLE,检查更新
ea20bbc2e03907f1,TID_ACHIEVEMENT_PEKKA_SLAYER_TITLE,الابن ناكر الجميل
a020130bb7443fa5,TID_BOOSTER_MAX_LEVEL_ARMY_OFFER_INFO,<num> من جرعات القوة: عزز قواتك وتعويذاتك إلى أقصى مستوى مسموح به في مستوى قاعة المدينة لمدة <time>
c67e1b199a0cbd16,TID_ALLIANCE_WAR_ATTACK_FAILED_TARGET_NOT_IN_WAR,لا يمكن الهجوم في هذه الحرب، لقد انضممت إلى القبيلة بعد بدء الحرب!
5a5569d12f4aa5f7,TID_UPGRADE_TIME,وقت الترقية
71bfc97a2a9778c2,TID_LEAGUE_HERO3,دوري الجبابرة III
c713c9a565ad8dc7,TID_BUY_SHIELD_TEXT,هل تريد بالتأكيد شراء <name>؟
0e6ee80f4c0fcb43,TID_SIEGE_MACHINES_OVERVIEW_TEXT,آلات الحصار هي طريقة جديدة وبديلة لتوصيل تعزيزات قلعة القبيلة. بدلاً من نشر قوات قلعة القبيلة الخاصة بك من المحيط الخارجي للخريطة، تتيح لك آلات الحصار توصيل قواتك مباشرةً إلى قلب قرية العدو! تتيح لك الورشة بناء آلة حصار لنفسك، كما يمكن لزملائك في القبيلة التبرع لك بواحدة. تذكر أنه يجب أن تكون قلعة القبيلة في المستوى 6 على الأقل لتستوعب إحدى آلات الحصار.
bc5b935b2e0353d6,TID_CLANGAMES_TASK_INFO_DESTROY_BB_GOLDMINE,دمر <num> من <building> في معارك البنّاء.
1389d48c72becc39,TID_ALLIANCE_DONATE_DONATED,القوات والتعويذات المُتبرع بها:
a3655ecb9ba2b594,TID_COSMETIC_ESTATE_3X3_THATCHED_HUT_INFO,يسكنه البرابرة. رديء الصناعة وعالي القابلية للاشتعال.
197d1b45db783024,TID_BUILDER_HALL_10_INFO_SHORT,لا تتوقف عن الإيمان.
939f7a15d2867dc9,TID_CONFIRM_SUPER_TROOP_CANCEL_TITLE,أتريد وقف التعزيز؟
790f56ec7ec14bd4,TID_CLANGAMES_TASK_USE_SUPER_BARBARIANS,هجوم البرابرة الخارقين
57b0682c50701541,TID_NPC_CHALLENGE_TH9_LAVALOON_RAGE2,استخدم <cf07bf8>تعويذة غضب</c> أخرى لتدمير بقية <cf70d16>الدفاعات الجوية والمراقب الجوي</c>.
07e92d91a4492589,TID_KICK_MESSAGE_TITLE,طرد: <name>؟
761bec3716e571f6,TID_DARK_TOWER_INFO_SHORT,يمكنك صهر مهاجم واحد أو شواء عدة مهاجمين
dcddd273a38db524,TID_INFO_BALLOON_CARRIER,مملوء عن آخره بعظام بدلاً من القنابل، وتقفز الهياكل العظمية من هذه المناطيد لتسقط بجوار العدو مباشرةً!
008536a7100dd87e,TID_MEMBERS_SORTED_BY_TROPHY,أعلى عدد كؤوس
2aece23c84b1dff0,TID_XP_BUTTON_PUZZLEANDDRAGONS,مجانًا
84c49cf4b36975b8,TID_CLANGAMES_TASK_INFO_USE_SNEAKY_GOBLINS,اربح <num> من النجوم من المعارك متعددة اللاعبين باستخدام <num2> من الغيلان المتسللة.
bb2c3e0df119e3f7,TID_GOBLIN_THROWER,قذّاف الغيلان
77b22a3088744b8c,TID_HINT_SAFEGUARD_PROGRESS,سجل الدخول باستخدام حساب Supercell ID لحماية تقدمك.
48c5d4f3c2d40237,TID_BATTLEPASS_TASK_INFO_GET_FRIENDLY_BUILDERBATTLESTARS,اجمع <num> من النجوم من التحديات الودية من قاعدة البنّاء.
9aca6303cdda3d27,TID_LAYOUTS_REBUILD_CLAN_CASTLE,يجب عليك إعادة بناء قلعة قبيلتك أولاً
579b11b31267a0fb,TID_ACHIEVEMENT_VS_BATTLE_TROPHIES,أحرز إجمالي <number> من الكؤوس في معارك البنّاء.
9fa0d99517b04219,TID_POPUP_UPGRADE_NOT_AVAILABLE_TITLE,<character> بالمستوى <number>
7126bc6f6fcc6442,TID_PETS_FEATURE,الحيوانات الأليفة الخاصة بالأبطال
d1d21f5fa5100adb,TID_BOWLER,باولر
b10a8e00e2523349,TID_TESLA_TOWER2_INFO,هذا الدفاع يُعد برجًا من ناحية وفخًا من ناحية، وصادمًا بشدة! يصعق الخصوم الجوية والأرضية على حدٍ سواء بقوة العلم!
0582aa1e4d21b854,TID_CANCEL_BOOST_CONFIRMATION_TITLE,إنهاء التسريع؟
9fc958f8bc52029f,TID_BARBARIAN_KING_PEKKA,الملك بيكا
df59ecacb3041be5,TID_DECO_FIREPLACE,مدفأة
d7d843ec6c8677a8,TID_CHARACTER_INFO_SKELETON_GOLEM_WITCH,لا يمثل هذا المخلوق الميت الحي تهديدًا كبيرًا في حد ذاته. لكنه لا يحارب وحده أبدًا؛ إذ يمكن لغولم الساحرة استدعاء عدد لا حصر له من الهياكل العظمية لمواجهة عدوك!
fe4fc8d2b356d335,TID_MINER_QUEEN,ملكة المنجم
0c652e5f67ad6be8,TID_LINK_NEW_DEVICE_OLD_BUTTON,هذا هو\nالجهاز القديم
0b1c1a4115305933,TID_CAPBUILD_GOBLIN_HALL,قاعة الغيلان
585d06cb27ba09df,TID_BP_DAILY_REFRESH_IN,تتجدد التحديات اليومية بعد:
e8eb1dc9e4d74a8f,TID_TENCENT_DOLPHIN_ERROR_0,初始化错误
27ee611e3e4635cd,TID_CREATE_ALLIANCE_TAB,إنشاء قبيلة
1bf272d55fbe5000,TID,AR
8da02aa284e587a9,TID_GP_GET_BANNER_TITLE,الحصول على التذكرة الذهبية
a3fa29ea9c76ac87,TID_LAYOUTS_EXPLANATION,
0bd590410328fbec,TID_LEAGUE_STONE3_SHORT,الحجر 3
b572e73e822078c1,TID_CHALLENGE_START_FAILED,فشل بدء التحدي.
b9ccd475f4768ee7,TID_BATTLEPASS_TASK_WIN_BATTLES_USING_DRAGON_RIDER,القيادة إلى النصر
2f07e3a55c8d1bd1,TID_NPC_NAME_TUTORIAL,الثأر
db16d8a23ba4cd13,TID_HERO_ABILITY_WARMACHINE_TITLE,المطرقة الكهربية
405d6de90664af3d,TID_NPC76,نشر الدعم
35e23800691c4407,TID_OBSTACLE_BIRTHDAY2019,مفاجأة عيد الميلاد السابع
431e7d3131dfe0c6,TID_PLAYER_SEARCH_GENERIC,حدث خطأ ما. حاول مرة أخرى لاحقًا.
cb13fcc67b31fed6,TID_CANNON2_INFO_SHORT,عودة شخصية كلاسيكية. لماذا نصلح ما لم يتم كسره؟
f12ec0c543c7a23b,TID_POPUP_REVENGE_CLEAR,يمكنك اختيار الانتقام مرة واحدة فقط لكل إدخال في سجل الدفاع. هل أنت واثق من أنك مستعد؟
d269ad3d51dbf64f,TID_SIEGE_MACHINE_RAM,هادمة الجدران
6574aea6466df4b4,TID_BP_PERK_SAVINGS_PAYOUT,بنك الموسم
6ce11edfb1237c55,TID_NPC16,ذهب غير حقيقي
85387aab77dd09d8,TID_POPUP_BOOST_MINI_SPELL_FACTORY,تسريع صناعة تعويذات الظلام بمقدار <multiplier>x لمدة <time>؟
33faf0a47dd3b7e7,TID_ALLIANCE_WAR_ATTACK_FAILED,لا يمكن مهاجمة هذه القرية، حاول ثانيةً لاحقًا!
5bc947c919452f2f,TID_CLANGAMES_TASK_INFO_USE_HOGGLIDERS,اربح <num> من النجوم من معارك البنّاء باستخدام <num2> من قوات مظلي الخنزير.
35d6e32690025e03,TID_WL_INFO_LIVE_TAB1_HEADER,التسجيل ولوحة الصدارة
528fe01cf20edd5d,TID_POISON_CLOUD_INFO_SHORT,استخدم البِركة السامة لإبطاء المدافعين وإلحاق الضرر بهم.
2353315c0b80b802,TID_NPC_CHALLENGE_JUMP_TO_CLOSED_COMPARTMENTS,استخدم <c85ff3b>تعويذة القفز</c> لبلوغ الأماكن المغلقة!
1d1dbad1f0709bb5,TID_BUILDING_BARRACK,ثكنات
ba8bf7015473830f,TID_ACHIEVEMENT_LOOT_ELIXIR,سرقة <number> من الإكسير
094cbaf04d4b4a25,TID_CLANGAMES_TASK_DESTROY_GEAREDUPARCHERTOWERS,تدمير أبراج رامية السهام المستعدة
b13e01d09cf9651b,TID_BP_PERK_TRAINING_BOOST_DESC_STARTER,يستهلك تدريب القوات وصنع التعويذات وآلات الحصار وقتًا أقل. ويحتاج الأبطال إلى وقت أقل لاسترجاع صحتهم.
b1d4e405a3d0abf3,TID_BOOST_TIME_LEFT,التعزيز المتبقي:
daf85b0e8a0d4fd4,TID_ADD_FRIEND_ERROR_GENERIC,تعذّر إرسال دعوة الصديق. حاول مرة أخرى لاحقًا.
0d21674d299ce3c9,TID_CLANGAMES_TASK_INFO_USE_MEGAPEKKA_OLD,
19409f0204a3daa9,TID_BP_PERK_MAXIMUM_SEASON_BANK,تم فتح الحجم الأقصى
974bff7f8082aa6c,TID_CAPITAL_RAID_DEFENSIVE_REWARD,مكافأة الدفاع: <number>
df6591b6a73da230,TID_FRIEND_LIST_TEAMUP_1,تصارع مع الأصدقاء
f203ca791aff68bb,TID_LOCAL_NOTIFICATION_BUILDER_STAR_BONUS_READY,إنه وقت قاعدة البنّاء! مكافأة النجوم الخاصة بك جاهزة!
ad3715984dd1aae6,TID_CAPBUILD_GUARDPOST_GIANTS_INFO,العمالقة الخارقون على استعداد لتسديد لكمة قوية لأي قوات دخيلة.
a79707b7dcd10f65,TID_TUTORIAL_TH12_2,يمكنك ترقية السلاح بداخلها لتجعله أقوى.
c45b107733b2158c,TID_UPCOMING_EVENTS,الأحداث القادمة
8045a61749861b5d,TID_MULTI_ARCHER_TOWER_INFO_SHORT,المزيد من راميات السهام يعني المزيد من الألم للمهاجمين.
4bcc3d9df717f4f0,TID_INFO_TARGET_TYPE_GROUND_AND_AIR,أرضي وجوي
327d5d0271813a31,TID_LEAGUE_STEEL2_SHORT,الفولاذ 2
0132d66a00efcafa,TID_ACHIEVEMENT_DESTROY_ARTILLERY_COMPLETED,إجمالي مدفعيات النسر المُدمرة: <value>
ff51e135dc2d32a4,TID_BUTTON_CONFIRM,حسنًا
e63945abb47cfda8,TID_SETTINGS_FACEBOOK,Facebook
f131b5fa0a83c3a6,TID_SETTING_DEPLOYMENT_BAR_SIZE,حجم شريط النشر
711a8fc562d3fb96,TID_INVISIBILITY_SPELL,تعويذة الاختفاء
b0a06b64afb079a2,TID_ALLIANCE_WAR_ATTACKS_REMAINING,الهجمات الباقية
23381c28b7b3feb3,TID_WAR_PREPARE,استعد!
a9bd4c0aa5660ddd,TID_ALLIANCE_SCORE_LIMIT_NONE,0
f42ce4bd9630ac77,TID_BALLOON2_ABILITY_NAME,قنبلة الهياكل العظمية
8176c0805e25cc72,TID_BUILDING_CLASS_RESOURCE,الموارد
7a2810b27f710db8,TID_NPC_CHALLENGE_TH11_EDRAG_GRAND_WARDEN,انشر <c9916c8>الآمر الكبير</c> لدعم <c54a0fe>التنانين الكهربية</c>. تذكر أن تستخدم الوضع الجوي لتجنب أي فخاخ أرضية!
061d2f1231f1053a,TID_BOOSTER_BUILDERS_OFFER_INFO,<num> من جرعات البنّاء: سيعمل البنّاؤون لديك بـ <multiplier> أمثال السرعة لمدة <time>
36cf74dcd59c438a,TID_WAR_SIZE_TEXT,الحجم:
0382ee7d5f457df5,TID_STREAM_EVENT_PROMOTED,تمت الترقية بواسطة <name>
f2e84bd2fa00a98c,TID_CLANGAMES_TASK_DESTROY_MV_BUILDINGS,دك المباني
d892583a0eec8a5e,TID_NPC51,الغزاة
7ac287a57475eb9b,TID_CLANGAMES_TASK_DONATE_SPELLS,التبرع بالتعويذات
4914f2c1c31414c5,TID_PUSH_WAR_3,ستنتهي الحرب ضد <data> قريبًا.
dde900df9aa2908d,TID_POPUP_TEXT_STORE_DECORATION,سيتم نقل <item> إلى المتجر، ويمكن وضع هذه الزينة مرة أخرى دون مقابل.
63c375227f1f7918,TID_PLACEMENT_HINT_TUTORIAL1,انقر عدة مرات في منطقة فارغة لنشر قواتك
d3b07f34bf0f87a6,TID_STARTER_TH3_INFO_TRAINLABORATORY,أجر أبحاث <num> من الترقيات في معملك.
7e5a9277ad1e1378,TID_HINT_SHIELD_LOSE,إن هاجمت لاعبًا آخر أثناء وجود درع نشط لديك، فستفقد بضع ساعات من مدة الدرع
07a946c11525c049,TID_DIAMOND_BUNDLE_MAGICITEMS_HERO_BOOK_WITH_RESOURCES_INFO,• <booster1>x كتاب الأبطال\n• <res0> إكسير الظلام\n• لا حدود للتخزين!\n\nأكمل أي ترقية بطل فورًا من خلال كتاب الأبطال!!\n\nلا تفوت <cffec78><value>X هذه القيمة</c> عرض لمرة واحدة!
af8a290470919cd8,TID_SMITHY_INFO,أحضر المعادن الخام السحرية المناسبة هنا وحينها يمكن ترقية معدات أبطالك لتصبح أقوى! يساعد الدخان المنبعث من الفرن على إعداد لحم لذيذ، وإن كان غير صحي.
00b17c637ed4346c,TID_LOOT_CART_TRANSFERRED,تم جمع موارد عربة الغنائم!
10d0776ff28131ab,TID_REGENERATION_PER_SECOND,التعافي الذاتي في الثانية: <number>
a110218edf4ea20e,TID_NPC_CHALLENGE_TH9_LAVALOON_HASTE1,استخدم <cf07bf8>تعويذات التسرع</c> لتسريع الوحدات الجوية البطيئة والوصول إلى <cf70d16>المراقب الجوي</c> في ظرف وجيز.
be99e952ef0214b9,TID_ANTIADDICTION_ADULTHOOD_NOT_FULFILLED_1,نظرًا لأنك لم تتمم عملية التحقق من الهوية، فأنت مقيد بنظام الحماية من الإدمان. لا يسمح لك بتسجيل الدخول بين الساعة 10 مساءً والساعة 8 صباحًا من اليوم التالي.
ae583a7caee14ab9,TID_DIAMOND_BUNDLE_TH6_INFO,• <gems> من الجواهر\n• <res0> من الذهب\n• مراقب جوي مستوى 1\n\nبلا وقت للبناء وبلا حدود على التخزين!\n\nلا تفوّت هذا العرض الذي يمنح <cffec78><value> من أمثال القيمة</c> ويأتي مرة واحدة!
581fb73c2dae4e6b,TID_PRESTIGE_VERSUS_TROPHIES,المقام
2f8e18efb733b7a4,TID_LOCAL_NOTIFICATION_EVENT_ALL_ARMY_BOOST,أيها الزعيم، بدأ أحد أحداث تسريع الجيش بجوهرة واحدة!
44062a5d0454d187,TID_LEAGUE_MASTER3_SHORT,الأساتذة III
ff77041bfe14562e,TID_EVENT_TITLE_REGULAR_THEMED_BUILD_TH0212,هدوء يسبق العاصفة
5a5f2ab60e206c18,TID_CLANGAMES_TASK_DESTROY_BB_CRUSHER,سحق الساحقين
dc8e46c324b95303,TID_COSMETICS_CUSTOM_ANIMATIONS,رسوم متحركة خاصة
b856101601452ff5,TID_MONTH_8,أغسطس
f79df7ede655cc37,TID_BP_UPCOMING_TASKS_HEADER,نشطة بعد <time>
d2124c5e4eb73e08,TID_SETTINGS_MUSIC,الموسيقى
9b3b66b6a4225c59,TID_BUTTON_ATTACK_MODE_AIR_AND_GROUND,جوي وأرضي
016323be924e173b,TID_NPC_CHALLENGE_TH11_EDRAG_FUNNEL_EDRAG2,انشر <c54a0fe>تنينًا كهربيًا</c> واحدًا لإخلاء الزاوية.
ea5f2476d1877d62,TID_LEAGUE_MASTER1_SHORT,الأساتذة I
c13f6cbbfeaf0bc4,TID_OBSTACLE_CLEAR_TIME,وقت الإزالة
7281ccac15f7ab76,TID_BP_TROOP_UNLOCKED,تم فتح <troop>!
a9d652ab87c507a3,TID_BATTLEPASS_TASK_INFO_WIN_BATTLES_USING_DROPSHIPS,اربح نجمة في <num> من معارك البنّاء باستخدام <num2> من مناطيد الإسقاط.
182259ac24f8cb89,TID_CLANGAMES_TASK_INFO_USE_ICE_HOUNDS,اربح <num> من النجوم من المعارك متعددة اللاعبين باستخدام <num2> من كلاب الجليد.
de3477f5fc5624ad,TID_DIAMOND_BUNDLE_TH7,حزمة قاعة المدينة 7
1e79ec08a93d2d7f,TID_SUPER_BOWLER_ABILITY_NAME,الضربة الثلاثية
22927a1165613884,TID_BB_LOOT_CART_POPUP_TITLE,عربة الإكسير
168a107b12ed1a7c,TID_DIAMOND_BUNDLE_TH6_UPDATED_INFO,• برج الساحر مستوى 3\n• مدفع هاون مستوى 4\n• <res0> ذهب\n• <res1> إكسير\n\nلا توجد حدود للتخزين!\n\nلا تفوت هذا العرض الذي يمنح <cffec78><value> من أمثال القيمة</c> ويأتي مرة واحدة!
2148bbb9b92e91ec,TID_TUTORIAL_CLASHOWEEN_EVENT_B1,لنضع المرجل في مكان جيد.
d1f4488fa936b38e,TID_CHARACTER_COOKIE_PEKKA,كعكة بيكا
901c488dc0edf2ee,TID_CHARACTER_HOGLESS_RIDER,الراكب الخارق
ea97ad77640b2073,TID_STARTER_INFO_BUILDANY,قم بترقية <num> من مبان <building> إلى المستوى <num2>.
97ad109502366dcf,TID_XMAS_PACK,باقة العطلات المذهلة
2c98d93cced65c5b,TID_ALLIANCE_WAR_PREPARED_FOR_WAR,جاهز للحرب!
8113a184548ff227,TID_NEWS_ROYALE_BUTTON,العب الآن!
d5901b417d5fcdeb,TID_INFO_SPELL_STORAGE,مخزن التعويذات:
eb67690ba078aee3,TID_CHARACTER_HASTY_BALLOON,البالون الصاروخي
a6e57921c81c0c2c,TID_FIND_SPELL_FACTORY,مصنع البحث
57bca1df18d7e8ec,TID_BP_PERK_BUILDING_BOOST,تعزيز البنّاء
26bceab561b07316,TID_HERO_BOOST,تعزيز الأبطال
98f260ce3a58dc34,TID_WL_NORMAL_WAR_AVAILABLE_TEXT,مطلوب 15 عضو قبيلة على الأقل. ستكون حروب القبائل العادية متاحة للقبائل غير المشتركة عند انتهاء التسجيل في الدوري.
1077f6d627ec0d58,TID_ALLIANCE_WAR_LOOT_CONFIRMATION_TITLE,جمع الموارد؟
6189e9748e050bc0,TID_MONTH_5,مايو
12e274eecefe659a,TID_CHARACTER_INFO_GRAVE_GOLEM,بفضل إصرار الغولم الشديد والسحر الأسود للساحرة، يخترق هذا المزيج الوحشي دفاعات العدو ويحطمها.
462d00c3f5dcfe5b,TID_CLANGAMES_TASK_DESTROY_WARDENALTARS,تدمير أماكن الآمر الكبير
496b007c9d25c915,TID_DECO_RUIN_RUINED_PILLARS,الأعمدة المدمَّرة
83a348f7227677e2,TID_RAID_WEEKEND_SIGN_UP_NOT_ENOUGH_TIME,أوشكت غارة نهاية الأسبوع على الانتهاء، وليس هناك وقت كافٍ للتسجيل!
73d7e188d8fab733,TID_DONATION_REQUEST_REQUIRED_TROOPS,اختر التعزيزات المطلوبة أدناه
580781ff2d70a051,TID_CHARACTER_INFO_LUMBERJACK,لا يذهب إلى أي مكان دون قنينة \qالغضب\q الخاصة به، ولا يشاركها أبدًا إلا عندما يتم القضاء عليه.
8ef0b15e428e5e86,TID_ANNIVERSARY_TITLE,مرور 10 سنوات على Clash
38cf70c1639f601a,TID_LIGHTNING_STORM_INFO,اصعق أعداءك بصاعقة برق!\n\nألق هذه التعويذة على قرية العدو لتدمير المباني والوحدات داخل منطقة صغيرة وصعقها.
cd595fe97530bb70,TID_YOU_HAVE_ALREADY_CLAIMED_THE_GIFT,لقد طالبت بهذه الهدية بالفعل!
33d9d6a0a4ae0356,TID_CLAIMABLE_GEAR_LOCKED,عنصر يمكن تحصيله عبر الحدث أو المتجر أو التاجر.
5fdbe8645686bd78,TID_SUPER_TROOP_LIMIT_REACHED,تم بلوغ الحد الأقصى لتنشيط القوات الخارقة
480d4a3b8d25b01f,TID_SPELL_FORGE_INFO,مصنع السحر هو منزل الساحر المخضرم الذي تناسبه صناعة الأسلحة السحرية أكثر من القتال على الجبهة الأمامية. استخدم تعويذة الهجوم القوية الخاص به لتحويل دفة المعركة إلى صالحك!
c61873d5bf83d1c8,TID_RATE_APP_MESSAGE_ANDROID,يُرجى تقييم أو مراجعة Clash of Clans على Google Play لإعطائنا ملاحظات قيّمة!
39d0a86d04bac561,TID_CLANGAMES_TASK_INFO_DESTROY_WARDENALTARS,دمر <num> من أماكن الآمر الكبير في معارك متعددة اللاعبين.
f11b0d1d1657017a,TID_HALLOWEEN_TOKENS_LEFT,أوسمة المزيج المتبقية: <num>
c0548d6b70c201b8,TID_WL_INFO_LIVE_STAR,نجمة واحدة
2675cc519790a642,TID_HINT_XBOW_AMMO,القوس يستخدم الإكسير كذخيرة. تذكر تحميله بعد هجمات العدو!
9dcb2e431bf17ebc,TID_DEVICE_LINK_ERROR_CODE_CURRENT_VILLAGE_TOO_HIGH_TEXT_ANDROID,ترتبط قريتك بشكل دائم بالفعل بحسابك على Google الذي سجلت الدخول بواسطته.\n\nلأن القرية يوجد بها تقدم بالفعل (مستوى قاعة المدينة <level> أو عملية الشراء التي تمت)، لذا لا يمكن استبدالها بأية حال.
9d249cd9d6b5ebde,TID_DECO_RUIN_DESC,مجموعة من الزينات. أعد بناءها إذا كنت ترغب في نقلها أو تخزينها.\n\nوهي قابلة لإعادة البناء من <building> المستوى <level>.
d6cec6329660787f,TID_GIFT_DIAMOND_PACK_3,كيس جواهر وهدايا
5078b62dedb53d80,TID_BUILDING_ARCHER_TOWER,برج راميات السهام
eeeacc01c09115ad,TID_SKIN,مظهر <name> خاص بـ <hero>
49aaa782ca6c75db,TID_CANCLE_SPELL_INFO,ملاحظة! إزالة تعويذات من قائمة الانتظار ستؤدي إلى استرداد <number>% فقط من التكلفة.
938c9bdd7f7ea1eb,TID_EARTHQUAKE,تعويذة الزلزال
a05969559515f3af,TID_CLANGAMES_TASK_BEAT_GOLDTARGET,تحدي الذهب
5db0f0292eeac85d,TID_NAME_REPORT_TEXT,أأنت واثق من أنك تريد الإبلاغ عن <name> بسبب اسم غير لائق؟
f76a65df86229e32,TID_STREAM_EVENT_ALLIANCE_LEVEL_UP,وصلت القبيلة إلى المستوى <value>! تم فتح امتيازات جديدة:
44d2675736f2a8d9,TID_CHARACTER_INFO_SIEGE_MACHINE_RAM,صُممت هادمة الجدران لغرضين بسيطين: المرور عبر أي شيء يقف في طريقها، وتوصيل قوات قلعة القبيلة مباشرةً إلى قلب قرية العدو. تم تصنيعها من مواد ثقيلة ويمكنها تحمل الكثير من الضربات قبل أن تتوقف. تتمتع بمناعة ضد تأثير التعويذات.
23721215cabf30eb,TID_STARTER_TH3_WINSTARSGOBLINMAP,نل من تلك الغيلان!
9d487646fee2d70c,TID_EVENT_PASS_PACKAGE,تذكرة الحدث
9d094c39d85537c4,TID_LEGENDS_MATCHMAKING_COUNTDOWN,سيبدأ يوم الدوري التالي بعد:
b5dcc40765fca782,TID_NPC_CHALLENGE_TH13_HYBRID_MINERS,الجوانب مفتوحة الآن. انشر <c54a0fe>عمال المناجم</c> في المركز.
ca9daa6c4562d200,TID_CANCEL_WAR_MATCHMAKING_CONFIRMATION_TEXT,لن يؤدي إيقاف البحث وإعادة التشغيل إلى تقليل وقت البحث، وقد يؤدي إلى استغراق وقت أطول. هل أنت متأكد من أنك تريد إيقافه؟
d48bd2b7138550c2,TID_CHARACTER_INFO_SIEGE_MACHINE_FLYER_SHORT,تفسح قنابلها الطريق إلى قاعة المدينة.
79703ace16eb27c3,TID_CHALLENGE_WAITING_TO_JOIN_LIVE,هل تود مشاهدة إعادة عرض حية لمعرفة كيف يبلي صديقك؟
18fdd230e22faeaf,TID_XP_TITLE_PUZZLEANDDRAGONS,ذات صدى كبير في اليابان!
0aea8b29bdb93706,TID_CLAN_TAG_FRIENDLY,ودية
8a3e8c5e447fffee,TID_CAPITAL_UPGRADE_PRIORITIZE,منح الأولوية
c37f1d0e5a799989,TID_BUILDER_BASE_LEAGUE_TITLE,دوريات قاعدة البنّاء
0034851cfd8b27cf,TID_CLOCK_TOWER_BOOST_TIME,مدة التعزيز: <number> من الثواني
087ea2a752825f47,TID_DECORATION_SMALL_PINETREE,شجرة تنوب صغيرة
ba5346269daa0e35,TID_GAMES_TASK_REVIVE_CONFIRM_TITLE,أتريد تمديد الوقت؟
00731796edeac76d,TID_POPUP_BOOST_BARRACKS,هل تود تعزيز سرعة تدريب القوات بمقدار <multiplier>x لمدة <time>؟
2497f365c6d6af41,TID_EVENT_CHRISTMAS_UNIT,عنصر خاص بـ Clashmas: ساحر الثلج
28c15d95cfa1e48e,TID_CHALLENGE_NOT_AVAILABLE_IN_MODE,عُد إلى الصفحة الرئيسية لبدء تحدٍ ودي!
c9bbb0aae5cf1644,TID_CLANGAMES_TASK_INFO_WIN_HOMEBATTLES,فُز بـ <num> من المعارك متعددة اللاعبين.
b82bb5daeb4b0cec,TID_GEAR_RESOURCE_BONUS_LOOT_TITLE,تُمنح في نهاية الحرب:
42e1098298b86306,TID_TRAIN_SPELLS_QUEUE_SIZE,صناعة التعويذات: <num>/<max>
fef7020a5ea6561e,TID_WAR_PERSONAL_SETTING_OUT,استبعاد
8f877da7eb676a01,TID_TRAINING_SCREEN_CAPACITY,السعة:
846f32d72cd676ce,TID_NPC29,قفاز فولاذي
88cdeba8c48dd039,TID_BUILDING_ALLIANCE_MARKER,علم القبيلة
0eb62136e9354c95,TID_NEWS_CHALLENGE_PREVIEW_TEXT,• تحدى زملاء القبيلة لمهاجمة قريتك في أي وقت\n• قم بالهجوم في التحديات الودية دون فقدان جيشك\n• شارك النتائج وإعادات العرض بل وقم بإجراء مسابقات في القبيلة
02f63ba6949d7dc9,TID_BOOSTER_BOOST_PRODUCTION_ALT_2_LINE,جرعة التدريب
36e999b4a337c858,TID_STARTER_TH3_INFO_JOINCLAN,انضم إلى قبيلة! ستستفيد من العضوية في قبيلة بمزايا، منها الحصول على تعزيزات قوات جبارة.
44050c8863e9e35e,TID_GLADIATOR_CHAMPION,البطلة المبارزة
b97a2a977ae27de3,TID_LEAGUE_HERO1,دوري الجبابرة I
ec87c3ae48281537,TID_SNEAKY_ARCHERS,راميات السهام الماكرات
de1e5b80541053af,TID_ACCOUNT_DISABLED_TEXT,تعطيل الحساب
9038745d967b7428,TID_ALLIANCE_WAR_FAILED_ATTACKING_SAME_TARGET,لقد هاجمت هذا الهدف بالفعل!
1dc268f25e41a5ed,TID_UI_TOP_VIEWERS_TITLE,المشاهدين:
ac201323f825195b,TID_DEVICE_LINK_ERROR_TIMEOUT_TEXT,انتهت صلاحية رمز الربط. يجب إدخال الرمز إلى الجهاز الجديد خلال <time>.\n\nيمكنك الحصول على رمز جديد بسهولة عن طريق إعادة الدخول إلى شاشة رمز الربط.
d41536f7865e6156,TID_ACHIEVEMENTS_INFO_ANDROID,الإنجازات في Google Play أيضًا
66daa86ccde8eeea,TID_REENGAGEMENT_APOLOGY_3,الزعيم؟ أهذا أنت حقًا؟
8a8a26e05635c981,TID_NPC_CHALLENGE_TH13_HYBRID_ARCHER_QUEEN,استخدم <c9916c8>الملكة رامية السهام</c> للتصدي لـ<cf70d16>غولم الجليد</c>.
6b7ea44ed813e8be,TID_DELETE_ACCOUNT_TITLE,حذف حسابي
44e7467c8c716ae5,TID_BUTTON_SELECT,بدء!
44103e5eaf36c8e4,TID_POPUP_BOOST_ATTACK,تعزيز مباني الجيش يزيد من سرعة الإنتاج بمعدل <multiplier>× لمدة <time>.
050e514616016a81,TID_BATTLEPASS_TASK_GET_FRIENDLY_BUILDERBATTLESTARS,تطوير الإستراتيجيات
b25f039ab6eb4329,TID_BATTLEPASS_TASK_INFO_WIN_BATTLES_USING_BATTLE_DRILL,استخدم حفار المعركة لربح <num> من المعارك متعددة اللاعبين.
f6f253bbba0375f3,TID_GUEST_LOGIN_IAP_BLOCKED,حسب آخر قواعد الحماية من الإدمان، لا يسمح لك بإجراء عمليات شراء داخل اللعبة خلال تسجيلك الدخول بحساب ضيف. لضمان توفير أفضل تجربة لعب، ننصح بشدة بتسجيل الدخول باستخدام QQ أو WeChat، وإتمام عملية التحقق من الهوية. يمكنك ربط حسابك بـ WeChat أو QQ من إعدادات اللعبة إذا كنت قد سجلت الدخول بحساب ضيف.
99ac63381e7b6cec,TID_ALLIANCE_WAR_STAT_ATTACKS,الهجمات المستخدمة
e114c028196b725a,TID_PUSH_WAR_1,مدة الإعداد للحرب على وشك النفاد!
048c7d8e165a6959,TID_CLAN_JOIN_FAIL_ALREADY_IN_CLAN,أنت موجود في قبيلة بالفعل!
26031fa4c29a058d,TID_NPC13,جسم لا يمكن تحريكه
edeb5eefe94e4e4b,TID_BATTLEPASS_TASK_INFO_USE_VALKYRIES,استخدم قوات فالكيري لربح <num> من النجوم من معارك متعددة اللاعبين.
33888241f9570479,TID_DECORATION_FLOWERBOX2,حوض زهور عباد الشمس
df8785f7027781b0,TID_ALLIANCE_RAID_FAILED_RAID_IS_ENDING,لا يمكن الهجوم! غارة نهاية الأسبوع على وشك الانتهاء
81b756d08e825e65,TID_DECO_CWL_SHIELD,درع الدوري
bd08d397e09f8554,TID_BATTLEPASS_TASK_WIN_BATTLES_USING_EARTHQUAKE,الأرض الغاضبة
bf846dee762bcd41,TID_BABY_ELECTRO_DRAGON_ABILITY_NAME,البرق المتسلسل
fdb332c52aff380e,TID_NPC_CHALLENGE_TH7_HOG_HOGS,انشر كل <c54a0fe>راكبي الخنازير</c> ليبدؤوا هجومهم.
8f8d12c043b0e490,TID_CLAN_WAR_LEAGUE_SIGNUP_EXPIRY,ينتهي الاشتراك في الدوري خلال:<time>
6479e7574583eb67,TID_SETTINGS_CLAN_CHAT_FILTER,فلترة محادثة القبيلة
3ac7925146636704,TID_SHOP_SHIELD_7D,درع لمدة أسبوع واحد
6f5058fe72c4314d,TID_BUTTON_ATTACK,هجوم!
42cb2f3d59f338b5,TID_BUTTON_SHARE_LAYOUT_LINK,المشاركة على شكل رابط
9114153899c0c5da,TID_PET_DIGGY_INFO_SHORT,يختبئ تحت الأرض ما لم يكن مشغولاً بتدمير الدفاعات.
f7647e68720ee007,TID_CHALLENGE_ATTACK_CODE,كود الهجوم:
7317672ffc6a3c0f,TID_FIND_NEW_MATCH,بحث عن مطابقة جديدة
e7cb9a9f43012bba,TID_BABY_DRAGON2,تنين صغير
55566ea01e9f6ea6,TID_WAR_WAR_BASE_INFO,أثناء يوم الاستعدادات، تكون قواعد الحرب مفتوحة لتبرعات القوات ويمكن إعادة تصميمها باستخدام كل الأجزاء لقريتك العادية. تدافع هذه القواعد أثناء الحرب وستبقي مواردك وكؤوسك في أمان تام. لا تنسَ وضع أي مبان جديدة أنشأتها!
c109886ecd5604d4,TID_HINT_WALLBREAKER_TARGET,يصنع مدمرو الجدران فتحات في الجدران، ويفتحوا طريقًا لمهاجمة مباني العدو.
f2a6e73a4e776692,TID_ALLIANCE_GAMES_STARTING_IN,مباريات القبيلة تبدأ خلال:
8436fcf17583ef6c,TID_REENGAGEMENT_LOOTCART_1,ترك بعض الزوار هذه الأغراض أثناء... فرارهم.
47cd1285b292e135,TID_GEAR_VAMPSTACHE,شارب مصاص الدماء
6a297d40580d25cc,TID_SPELL_BAG_OF_FROSTMITES,حقيبة كريات الصقيع
66e4ac09f6733a61,TID_TUTORIAL_SETTINGS_HELP,هل تحتاج إلى المساعدة يا زعيم؟
f0c3e68b1f5658ae,TID_LINK_NEW_DEVICE_TITLE,ربط جهاز
ed382a6c0b1ce93c,TID_HINT_CLAN_CASTLE,ستدافع القوات في قلعة القبيلة عن قريتك
3cc2b876515c4e12,TID_ARTO_UNLOCKED_INFO,الآن يقدّم بوب المساعدة في القرية الأم! نأمل ألا يلاحظ أحد البنائين أي شيء غير معتاد.
e16ab7c02ca550b7,TID_RESOURCE_CAP_FULL_ELIXIR,قم ببناء المزيد من مخازن الإكسير أو ترقية الموجودة بالفعل!
1fd9215c3e6f7023,TID_STREAM_EVENT_PROMOTED_AUTOMATICALLY,تمت ترقية رتبته تلقائيًا.
6ce3e54592269c6b,TID_DIAMOND_BUNDLE_TH11_UPDATED_INFO,• مدفعية النسر مستوى 1\n• بطل الآمر الكبير\n• <res0> إكسير الظلام\n\nلا توجد حدود لوقت البناء ولا حدود للتخزين!\n\nلا تفوت هذا العرض الذي يمنح <cffec78><value> من أمثال القيمة</c> ويأتي مرة واحدة!
eaf5623965349fc0,TID_GRAND_WARDEN_INFO_SHORT,أستاذ السحر الذي يدعم أي جيش.
5fbd6f083b66c30a,TID_BATTLEPASS_TASK_INFO_USE_BABYDRAGONS2,استخدم التنانين الصغيرة لربح <num> من النجوم من معارك البنّاء.
1e7f7fed61603058,TID_TAB_VIEW_VILLAGE,القرية الأم
fea999f936062698,TID_TUTORIAL_DEFEND_1b,هواهاها، ما هذا؟ إنسان ضعيف آخر!
2b4d8bce98f37a47,TID_WL_RESULT_PROMOTED,تم ترقية قبيلتك إلى
f4af593aed77e852,TID_NEWS_SAFEGUARD_TITLE,أبق قريتك آمنة!
2e224ae0e7407e96,TID_CHAT_BANNED_REASON,قام لاعبون آخرون بالإبلاغ عن قيامك بتعليقات غير لائقة.
ba8a5b97f05897d9,TID_CHARACTER_INFO_AD_SEEKER_WITH_EXPLOSION,لا تستطيع هذه الوحوش النارية مقاومة مطاردة الدفاعات الجوية، وتوفير حماية ممتازة للقوات الأخرى. بمجرد تدميرها، تتحول إلى تهديدات أصغر وأضعف.
e55f26d28dbfff30,TID_GEAR_UP_MORTAR,حوِّل مدفع الهاون هذا إلى مدفع هاون متعدد ينشر نيرانه على نطاق أكبر!
6e4f0514e374fc64,TID_PIXEL_KING,ملك البكسل
fcf37187e361fb85,TID_BP_PERK_GEM_DONATION_COST_DESC,تكلف كل التبرعات السريعة جوهرة واحدة فقط.
0480ce90f9d34a26,TID_PROMOTE_TO_LEADER_CONFIRMATION_TITLE,هل تريد الانسحاب؟
b12def2bb5bb51eb,TID_BOOSTER_MOVE_OBSTACLE,مجرفة العوائق
3bb1a0f58145a476,TID_BATTLEPASS_TASK_WIN_STARS_USING_CLONE,الرؤية الرباعية
0dc3b9629d379ae3,TID_ACHIEVEMENT_NPC_STARS_MORE_TITLE,نل من هؤلاء الغيلان الآخرين!
200563d99252222f,TID_WORKER2_BUILDING,كوخ البنّاء الخبير
9d3460715cb8dc6d,TID_CURRENT_REWARDS,الحالية
e2fa548452e66582,TID_POPUP_REMOVE_TROOP_AND_SPELL_TEXT,هل ترغب حقًا في إزالة القوات والتعويذات؟ لن تتم إعادة التكاليف إليك.
ba2949d80caa2bfb,TID_CLANGAMES_TASK_DONATE_TROOPS,يد المساعدة
6d22560dbd1f5733,TID_DIAMOND_BUNDLE_BH3_ALT,حزمة البنّاء المبتدئ
da236552be660fff,TID_TRAP_AIR_INFO,أحدث الاختراعات في مجال مكافحة الحشرات بالطيران. يمكن لهذا الفخ تدمير وحدات جوية متعددة في منطقة صغيرة.
e7d1ff2938fdeb8e,TID_POPUP_BREAK_SHIELD_TEXT,هل تريد بالتأكيد إزالة درعك؟ ستحصل على بعض من الحراسة في كل مرة ينتهي فيها درع.
237d16a85da525ee,TID_NPC_CHALLENGE_TH13_HYBRID_ROYAL_CHAMPION,استخدم <c9916c8>البطلة الملكية</c>. إنها قوية للغاية مع <c54a0fe>راكبي الخنازير</c>.
1ba3f8cdfd13f4da,TID_NPC_CHALLENGE_TH12_DRAGBAT_FREEZE1,استخدم <c38eaff>تعويذة التجميد</c> للحفاظ على نقاط صحة <c54a0fe>الخفافيش</c>. استهدف كلاً من <cf70d16>برج الساحر</c> و<cf70d16>الدفاع الجوي</c>!
afd5adfae839d9be,TID_TOWNHALL_LEVEL,قاعة المدينة <level>
94816be5ac8d51d4,TID_TUTORIAL_WORKER_MENU4,أيها الزعيم، يبدو أن أمامنا عمل كثير هنا. فلنحرص على رعاية قريتنا أيضًا!
f5c70302ceabad75,TID_PROMOTE_TO_COLEADER_CONFIRMATION,رفع رتبة <name> إلى قائد مساعد في القبيلة؟
eabfecc25cfb2982,TID_CHARACTER_INFO_HEALER_SHORT,تحافظ على صحة جيشك لفترة أطول في القتال.
6cd4d9b938ff55d0,TID_EVENT_BOOST_EVERYTHING,حدث عطلة الأسبوع الخاص: قم بتسريع كل المباني مقابل جوهرة واحدة لكل منها!
f5c1ab6ad8f7606e,TID_ARCHER_QUEEN_GLADIATOR,الملكة المبارزة
bde25040a26aba39,TID_SIEGE_MACHINE_LOG_LAUNCHER,قاذفة الجذوع
e574699589714a8b,TID_LEADERBOARDBANNER_PLAYER_HISTORY_INFO,تتم إعادة تعيين اللاعبين من أصحاب ما يكفي من الكؤوس إلى بداية دوري الأسطورة بعد كل بطولة. الكؤوس التي يتم خصمها يتم منحها ككؤوس أسطورة.
6b13602369511219,TID_CHARACTER_INFO_YETI_SHORT,كائن ذو فراء يقاتل بصحبة رفاقه الصغار.
9082858dd3a1fd21,TID_SHOP_CATEGORY_BUILDERS,بنّاؤون
dd3da4169fbba68b,TID_CHARACTER_INFO_WIZARD_SHORT,لا يحتاج لاستخدام العصا السحرية لإطلاق الكرات النارية المتتالية.
fb9d4979359cb9ff,TID_POPUP_UPGRADE_WALL_SECTION_TEXT,هل تريد حقًا ترقية الجدران المختارة مقابل <number> <resource>؟
f9c737a382cf8d8a,TID_COSMETIC_ESTATE_4X4_LARGE_HOUSE,منزل كبير
1c55f31ab1c3081d,TID_SPELL_RECALL_INFO_SHORT,اسحب جيشك إذا فشل هجومك وسارت الأمور بشكل غير مخطط له.
7cdd04ee21600512,TID_BATTLE_LOG_OFFENSE,سجل الهجوم
1da0d68c22517d3c,TID_COSMETICS_CUSTOM_VO,صوت خاص
063161a3418b7c6e,TID_BOOSTER_FINISH_ANY_UPGRADE_ALT_2_LINE,كتاب كل شيء
ae2327dc8f3213f4,TID_BOOST_SPELLS_POPUP_TITLE,تعزيز صناعة التعويذات!
33b7551887b0151d,TID_TRAINING_SCREEN_BARRACKS,ثكنات
cf0c71b9ca2e70b6,TID_SHIELD_POPUP_NONE_DESCRIPTION_1,دون درع أو حراسة، قد يحدث هجوم في أي لحظة. دافع عن قاعة المدينة بأي ثمن! الفخاخ والأبطال وقوات قاعة المدينة ستزيد الدفاع للحد الأقصى.
d91023633e8646ac,TID_TENCENT_USER_PRIVACY_POPUP_TITLE_2,提示
8669b2728d49e791,TID_COMPLETE_PREVIOUS_CHALLENGE,أكمل التحدي السابق
9c9840cc4e5c2807,TID_CAPITAL_LOCKED_JOIN_CLAN,عليك الانضمام إلى قبيلة لتذهب إلى عاصمة القبيلة
4898a29c42651bef,TID_STARTER_TH5_INFO_BUILDWIZARDTOWER,قم بترقية برج ساحر إلى المستوى <num2>.
99f9719cb2f9e223,TID_CHARACTER_CHANGE_MODE_ACTIVE,وضع التغيير
702bb964254167b4,TID_BOOSTDEFENCES_SPELL,تسريع الدفاعات
176fd47592843f04,TID_TENCENT_DOLPHIN_DOWNLOADING_72,更新下载差异文件
de0abafc1174020a,TID_POPUP_RESUME_BOOST_TEXT,تم إيقاف معززك بشكل مؤقت أثناء الصيانة.
a19400320cbc2df8,TID_BOOSTER_FREE_TROOP_UPGRADE_OFFER_INFO,<num> من مطارق القتال: قم بترقية أي قوة إلى المستوى التالي على الفور.
8735e6e447412966,TID_DIAMOND_BUNDLE_MAGICITEMS_BUILDING_BOOK_AND_HERO_BOOK,حزمة الكتاب السحري
0b781d8135f871a6,TID_TUTORIAL_SHIP,أيها الزعيم، يمكننا الآن إعادة بناء حطام السفينة على شواطئنا!
671a8939b47e5369,TID_CHARACTER_INFO_ARCHER_SHORT,قناصة تصيب أهدافها من على مسافة بعيدة.
048ee082a3151b1c,TID_AGE_GATE_ERROR_PROMPT,رجاءً أدخل عمرك للمتابعة.
8e9e9cc77badf37a,TID_LAYOUTS_VILLAGE2,قاعدة البنّاء
b32497168e84e98f,TID_WAROPTIN_LEAVEOUT,استبعاد
947e40a297cafb96,TID_ALLIANCE_EXP_EARNED,+<value> من نقاط خبرة القبيلة
6521e778b5dc1efa,TID_CLANGAMES_TASK_WIN_WARSTARS,الحرب هي كل ما تحتاج إليه
7e0b7a7ecd761aab,TID_FLYING_FORTRESS_INFO,كنت تعتقد أن وضع أجنحة على القلعة سيؤدي إلى وقوع كارثة، لكن هذه القواعد لا تنطبق على الحصن الطائر. فمع وجود حمولة من الهياكل العظمية الطائرة، ينفذ هذا الأكروبوليس الجوي عمليات قصف فتاكة.
18838f5ae20f3a14,TID_WAR_STATS_LOSSES,مرات الخسارة:
da65aba991328569,TID_SPECIAL_OFFER_EASTER_LIMITED_1999,مجموعة الربيع الخاصة
95d9f4b5733309e5,TID_WORKER2_INFO,لا يتم شيء هنا بدون البنّاء الخبير! يمكنك تسريع عمله باستخدام الجواهر الخضراء.
f864ab8e70b74613,TID_REGULAR_THEMED_BATTLE_OFFER_INFO_TH0712_999,• <res0> إكسير\n•<booster1> من كتب القتال: لإكمال أي ترقية جارية للقوات فورًا.\n\n• لا حدود للتخزين!\n• يمكن شراء هذا العرض 4 مرات خلال الفترة المحددة.\n• قُد قبيلتك إلى معركة المجد مع هذا العرض الخاص!
13568b2296a7c8b9,TID_BATTLEPASS_TASK_WIN_STARS_USING_INVISIBILITY,لا يمكنك رؤيتي
f4b18b1fd3af0916,TID_STAGE_LIMIT_EDIT_MODE_TRAP,<cur>/<max> من الفخاخ
be7f0f9df6e5c7c5,TID_CLANGAMES_TASK_GET_LEVELKILLS_VS_BATTLEMACHINE,قناص مستوى الآلة
0d3620c071bc8ec1,TID_NPC_CHALLENGE_TH12_YETI_FUNNEL_WIZARDS,انشر بعض <c54a0fe>السحرة</c> للدعم.
1a91d048fe357f9d,TID_RAID_MAP,خريطة الغارة
4ebed986a141ef38,TID_CLAN_SHOW_ONLY_JOINABLE,القبائل التي يمكنني الانضمام إليها:
d6fc5a9d6e7e9b0a,TID_NEWS_ROYALE,Clash Royale متاحة الآن!
c2730bfd32aeb86f,TID_LEAGUE_CLAY2_SHORT,الطين 2
73dd1a383025daf4,TID_CLANGAMES_TASK_DESTROY_WIZARDTOWERS,حرب برج الساحر
da64ef1320edd9dc,TID_ALLIANCE_WAR_REPLAY_PERSONAL_DEFENSE,إعادة العرض
c054d7803c31da51,TID_CLANGAMES_TASK_WIN_STARS_USING_BAT_INFO,اربح <num> من المعارك متعددة اللاعبين باستخدام <num2> من تعاويذ الخفافيش.
1e3c75ebd3700fb8,TID_PAINTER_CHAMPION,البطلة عاملة الطلاء
8703d221e49e2e8e,TID_LEAGUE_TITANIUM1,دوري التيتانيوم 1
b469c73bcd127306,TID_BOOSTER_FILL_GOLD2_STORAGE_OFFER_INFO,<num> من تمائم ذهب البنّاء: املأ مخازن ذهب قاعدة البنّاء الخاصة بك بالكامل.
4553a34efd98477a,TID_REPAIR_SHIP_2,يتيح لك القارب زيارة أماكن جديدة!
5d69a70968a99580,TID_CLAN_GAMES_ALREADY_DOING_A_CHALLENGE,لديك تحدٍ بالفعل قيد التقدم.
e95f50d23d3434ce,TID_MAX_DPS,أقصى ضرر في الثانية: <number>
a85c9d9eeb7884d0,TID_DECORATION_LEAGUE_III_STATUE,تمثال المتحدي
0115ff8dda464c00,TID_CLANGAMES_TASK_INFO_DESTROY_SCATTERSHOT,دمر <num> من <building> في المعارك متعددة اللاعبين.
15d5de393ac6ed46,TID_CHARACTER_INFO_BABY_DRAGON2,لطيف ومرح وعرضة لنوبات غضب يبصق فيها النيران. لم يكن الدمار الهائل بهذا الجمال من قبل.
18dc59c1a92a543e,TID_CHARACTER_FIREMITE,
0d70d922381d2d25,TID_POPUP_EDIT_MODE_SAVE_TITLE,حفظ التغييرات
6ea5b27f4a4995a7,TID_CAPITAL_ARMY_SAVE_FAILED_SPELL_NOT_AVAILABLE,ليست كل التعويذات المحددة متوفرة في هذه القبيلة.
9b02cd4e8923d780,TID_WL_MUST_SELECT_ALL_BONUSES,حدد المزيد من الأعضاء. لم يتم تعيين جميع المكافآت!
f4736db98ee75f2a,TID_LOCAL_NOTIFICATION_FORGOT_SPELLS,أوه، هل نسيت تحضير تعويذاتك؟
72c061ce1b6132d0,TID_TUTORIAL_CLASHOWEEN_EVENT_D2,تذكر أن تجمعه. سيعجبك ما يفعله...
19e5e4d715c3a3b9,TID_TUTORIAL_LOOK_FINISH,استخدام القوات؟ أيها الزعيم، قد تفيدنا مهاراتك هنا كثيرًا!
2f68bbcc20cb7478,TID_CLANGAMES_TASK_USE_SIEGEZEPPELINS,نجاح منطاد المعركة
1da719c6c785a361,TID_BOOSTER_FILL_ELIXIR2_STORAGE_ALT_2_LINE,تميمة إكسير البنّاء
86824ba5ed038cfb,TID_WL_LEADERBOARD_BRACKET_POS6,المركز 6 في المجموعة
4741ac23068d04e7,TID_TOURNAMENT_HUB_DEFAULT_TITLE,بوابة البطولة
3af71b7d5a4c51c5,TID_MAX_SUMMONED_UNITS,أقصى وحدات مستدعاة: <number>
a7a68264d14a8afb,TID_ELIXIR_STORAGE_INFO,تحتوي هذه المخازن على الإكسير الذي يُضخ من تحت الأرض. قم بترقيتها لزيادة سعة الإكسير القصوى التي يمكنك تخزينها.
9f211e76edbca1d3,TID_CHARACTER_INFO_WIZARD2,هذا الساحر الأسطوري سيبطئ من دفاعات أعدائك باستخدام قاذفات ثلج مدمرة!\n\nمتاح لفترة محدودة فقط.
9e3aac914ea9b069,TID_ENDOFSEP_OFFER_INFO_TH0206_1999_0999,• <booster1> جرعة البنّاء: سيعمل البناؤون الآن بـ 10 أمثال السرعة لمدة ساعة واحدة.\n• <res0>x ذهب\n• <res1>x إكسير\n\n• تخزين بلا حدود!\n• يمكن شراء هذا العرض 3 مرات خلال مدة العرض.\n\nحان وقت قتال الخريف!
91439705bf1c7cb9,TID_BUTTON_LOAD,تحميل
f8702ad1a44b07bf,TID_FLAMER_INFO,أغرق الخصوم بفيضان ناري من البلازما الملتهبة! ستشعر كل من القوات الجوية والأرضية بالحرارة اللافحة!
d7f8a93907cdd728,TID_WAR_TEAM_TAB_ATTACKS,هجمات
4051d3b8853eebf2,TID_HINT_WARLOCK_INFO_1,قد تكون قذيفة الساحرة ضعيفة، لكن هياكلها المستدعاة يمكنها صرف انتباه الدفاعات بلا هوادة
5f7640a835fcbf38,TID_ALLIANCE_GAMES_REWARDS_NO_POINTS,أنت بحاجة إلى الحصول على بعض النقاط من التحدي لكي تكون قادرًا على المطالبة بجوائز.
08bce7b84e39133d,TID_TIME_LEFT,الوقت المتبقي:
7bbc6ecf7eb8e228,TID_CONTACT_US_WELCOME_TEXT,مرحبًا!
7974c21d16d229c5,TID_PLACEMENT_HINT,المس أو اضغط باستمرار لنشر القوات
4b542c36cb92c72b,TID_SHADOW_SCENERY,منظر الظل
3983f911fb753106,TID_CAPBUILD_BARRACKS_INFERNO_DRAGON_INFO,مكان جذاب تقضي فيه التنانين النارية وقتها معًا، حيث استخدم البنّاء الكبير أقوى مواد بناء مضادة للنار عثر عليها لتشييده.
1751498b9ccbe727,TID_CREATE_SKELETONS_SPELL_INFO_SHORT,فاجئ الدفاعات بجيش هياكل عظمية سريع الحشد.
3776ec78321ebd0a,TID_VICTORY,انتصار
85f85b7701d41c05,TID_LOCAL_NOTIFICATION_EVENT_SPELL_BREWING_BOOST,أيها الزعيم، بدأ أحد أحداث تسريع التطوير بجوهرة واحدة!
3fe45d396e0012ca,TID_BOOSTER_FINISH_HERO_UPGRADE_OFFER_INFO,<num> من كتب الأبطال: لإنهاء عداد ترقية أي بطل أو حيوان أليف على الفور.
2c050fac233548a9,TID_PART_HOUSE_GROUND,أرضية منزل القبيلة
d29d6477dca8c4ec,TID_VERSUS_BATTLE_ADD_MESSAGE,أضف رسالة لبدء تحدٍ ودي!
5105016e130f6ff3,TID_ALLIANCE_WAR_CANNOT_ATTACK_SPECTATOR,لا يمكن للمشاهدين الهجوم!
51c43beb14b27980,TID_WAR_DONATE_SPECTATOR,لا يمكن للمشاهدين التبرع!
f4d0707b5f218e9e,TID_CHALLENGE_INFO_2012,انطلاق لعبة Clash of Clans في جميع أنحاء العالم ومعها المتعة والمرح للكل!
a346dd1a94d4a64a,TID_REINFORCEMENT_CAMPS,التعزيزات:
ee077e41300f2026,TID_CAMP_FIRE_DECO,نيران معسكر الغيلان
b9bb250781256d82,TID_NEWS_RED_TITLE,أيها الزعيم، ادعم مكافحات (RED) ضد الإيدز!
3a3d21bc778023aa,TID_BATTLEPASS_TASK_INFO_USE_GIANTS,استخدم العمالقة لربح <num> من النجوم من معارك متعددة اللاعبين.
2f0ab369c87b620d,TID_DECORATION_CLASMAS_22_INFO,إن الإقلاع سهل، أما الهبوط فصعب.
3a313469599f7620,TID_DIAMOND_BUNDLE_MAGICITEMS_BUILDING_BOOK_WITH_GOLD_INFO,• <res0> الذهب\n• <booster1>x كتاب المباني\n• لا حدود للتخزين!\n\nكل ما تحتاجه لترقية قاعة المدينة والدفاعات!
a7d80e08c167ee5a,TID_SURRENDER_BUTTON,استسلام
912ef9fe7287a32f,TID_GEM_BALANCE,رصيد الجواهر الحالي:\n<total>\n\nمن الجواهر المجانية: <free>\n\nمن الجواهر المشتراة: <paid>
d1e72212714d1f79,TID_CLANGAMES_TASK_INFO_DESTROY_BB_FIRECRACKERS,دمر <num> من <building> في معارك البنّاء.
980fe7ee4216a310,TID_BOOST_ALL_ATTACK,كل مباني الجيش
202edc1511b9834a,TID_CHARACTER_INFERNO_DRAGON,التنين الناري
529fdc51bf8f0b7e,TID_REENGAGEMENT_LOOTCART_2,لنجمعها ولنبدأ بعض الترقيات!
ea69d36c2aee4c7c,TID_WAR_HISTORY_NOT_AVAILABLE,لم تخض قبيلتك حربًا من قبل!
f6b239cd8b59a213,TID_LINK_TARGET_DEVICE_TYPE,الجهاز الهدف
2325d8cee76bdd77,TID_SUPER_MINER_INFO,عامل المناجم الخارق مستعد لإسقاط أي قرية معادية بفضل حفاره المتين وشاربه الرائع.
18a32530385c106b,TID_CLANGAMES_TASK_INFO_USE_SIEGERAMS,اربح <num> من النجوم في المعارك متعددة اللاعبين باستخدام <num2> من آلات هادمة الجدران
180ee2a3df5e8de7,TID_TREASURY_BOOSTERS_EMPTY,ليس لديك أي من عناصر السحر هذه.
d8162a149c9ca93b,TID_SPELL_STORAGE_BREWING_CAPACITY,سعة التصنيع: <number>
1d9ed039ed097e45,TID_BATTLEPASS_TASK_INFO_USE_ELECTRODRAGON,استخدم التنانين الكهربية لربح <num> من النجوم من المعارك متعددة اللاعبين.
504d227b3f1fe330,TID_WL_STAT_POSITION6,المركز السادس
f9d4eaa19a115d9c,TID_HINT_TRAPS_TARGET,تظل الفخاخ مخفية عن المهاجمين حتى يقتربوا بما يكفي
eb54c7a571706973,TID_BOOSTER_FINISH_SPELL_UPGRADE_INFO,يمكن استخدام هذا الكتاب السحري الذي كتبه سحرة مجهولون لإنهاء عداد ترقية أي تعويذة على الفور. يعمل في القرية الأم.
c7c7b4d1b65ef5c0,TID_CHALLENGE_TH11_LAVALOON,الحمم ومزيد من البالونات
68b42df2fa5bfc6a,TID_CHARACTER_HEADHUNTER,صيادة الأبطال
a4a4f19c2d9ad73a,TID_NEW_ITEMS_UNLOCKED,تم فتح عناصر جديدة
eaa0bd70e05085bc,TID_ABOUT,المشاركون\n\n<names>\n\nClash of Clans ™ <version>\nحقوق النشر محفوظة لشركة Supercell Ltd للأعوام 2012-2023. جميع الحقوق محفوظة.\nبراءة الاختراع الأمريكية قيد الانتظار\nتخضع جميع استخدامات هذا البرنامج للشروط والأحكام وسياسة الخصوصية الموجودة على www.supercell.com.
607f4c3c8b7b3973,TID_NPC_CHALLENGE_BOWIGI_WALLWRECKER,انشر بعد ذلك <c54a0fe>هادمة جدران</c> و<c9916c8>ملكًا الآمر الكبير</c> و<c9916c8>الملك البربري</c>.
44328c16261a7b82,TID_LOCAL_NOTIFICATION_EVENT_SPECIAL_TROOP_GoVaHo,أيها زعيم، استخدم غولم وفالكيري وراكب الخنزير في هذا الحدث الخاص!
4d40bd795eefeab8,TID_POPUP_NO_UPGRADE_SLOTS_HEADER,معملك مشغول!
d22b4b3164a35315,TID_START_MATCHMAKE_HINT,هاجم ودافع! اربح معركة البنّاء لتحصل على غنيمة إضافية.
4e1bca9edc24b51f,TID_HEROES_FEATURE_DESCRIPTION,يقود الأبطال جيشك في المقدمة، ويساعدون في حراسة قريتك من الأعداء.
5d3f167cd8d6f9cd,TID_REPORT_PROFILE_IMAGE_TEXT,هل أنت واثق من أنك تريد الإبلاغ عن صورة ملف <name> الشخصي بسبب أمر غير لائق؟
54dad5b6304457bd,TID_DECO_GREAT_PYRE_INFO,رائعة لصنع المارشميلو وبعث الحماس للغناء عن المعارك العظيمة.
6c286a8c1f603d58,TID_ALLIANCE_DONATE_DONATE_INSTANTLY,تبرع فوري:
dff52a5038cba293,TID_BATTLEPASS_TASK_INFO_WIN_BATTLES_USING_LOONS,استخدم البالونات لربح <num> من المعارك متعددة اللاعبين.
c60d8783b2b46d3e,TID_HINT_SPELL_SPEEDUP,تعويذة التسرع رائعة على القوات التي تتميز بضرر كبير لكن سرعة منخفضة، مثل البالونات أو بيكا.
a159d6673e2a4574,TID_HULK_SMALL,هالك
f561232d013d018a,TID_TAB_COMMUNITY,مجتمع اللعبة
9cc925b680525dcc,TID_END_BATTLE_POPUP_TITLE,إنهاء المعركة؟
ec12c720984bcfad,TID_BURST_SIZE,النيران المنطلقة: <number> ضربات
32ccbc10da2c8fb8,TID_BOOSTER_MAX_LEVEL_ARMY_STARTED,تم تعزيز جيشك!
b29cc3c3db0cecbb,TID_NEWS_SAFEGUARD_TEXT,قم بتسجيل الدخول إلى Game Center لحماية تقدمك وللعب على أجهزة iOS متعددة.
2b06b9a4ff24b2a0,TID_NPC_DEPLOY_STEPS_ON_TITLE,أما زلت تحتاج مساعدة؟
b23e0392255f6f0b,TID_ALLIANCE_WAR_SNAPSHOT_FAILED,لم يتم حفظ القرية، من فضلك حاول ثانيةً لاحقًا!
204d7ce7a1115beb,TID_BOOSTER_FILL_ELIXIR2_STORAGE_OFFER_INFO,<num> من تمائم إكسير البنَاء: املأ مخازن إكسير قاعدة البنّاء الخاصة بك بالكامل.
35e5e8a458ccfc61,TID_ACHIEVEMENT_DESTROY_SPELL_TOWER_COMPLETED,إجمالي أبراج التعويذات التي تم تدميرها: <value>
8e1028f1dc601cf2,TID_ALLIANCE_WAR_MY_TEAM,فريقي
9323eb2d8d37d89d,TID_ALLIANCE_CREATE_DESCRIPTION,الوصف:
d523730bd06d4a32,TID_DECO_RUIN_CLIFFSIDE_FOREST,غابة المنحدر
f90af81e8c3c3107,TID_GOBLIN_CHAMPION,بطلة الغيلان
b1f30c9fc41a09bf,TID_DIAMOND_BUNDLE_TH8_ALT_UPDATED_INFO,• <res0> إكسير الظلام\n• <res1> ذهب\n• <res2> إكسير\n\nلا توجد حدود على التخزين!\n\nلا تفوّت هذا العرض الذي يمنح <cffec78><value> من أمثال القيمة</c> ويأتي مرة واحدة!
3134b3ec5ada43bf,TID_TUTORIAL_WORKER_MENU3,رائع! نحن فريق واحد الآن! ربما أستطيع حتى أن أزور منزلك في يوم ما و... خخخ...
568e88fd9742d015,TID_SETTING_SHOW_LEADERBOARDS,إظهار في لوحات الصدارة
bf869e50adce3761,TID_CHALLENGE_TH9_BABYDQW,الصغار الغاضبون
fbebcfd7e533b227,TID_NEWS_MIRROR_TITLE,الاستعداد
e541ff87b57e911d,TID_NUMBER_TARGETS,عدد الأهداف: <number>
82c0c2bc786d4b0e,TID_RESULTS_FOR_LAST_RAID_SEASON_ARE_STILL_BEING_PREPARED,نتائج غارة نهاية الأسبوع ما زالت قيد المعالجة
eccf1841d02e9e2e,TID_GEM_MINE_INFO_SHORT,لاستخراج جواهر قيّمة من الأرض.
f2ef0b8b84cfa8fd,TID_WARNING_SHARED_LAYOUT_NOT_AVAILABLE,لم يعد هذا المخطط متوفرًا.
8537bd147bd14bd5,TID_NPC45,أسوار الرهبة
da65a123b99a8569,TID_SPECIAL_OFFER_EASTER_LIMITED_9999,مجموعة الربيع الخاصة
975b4b4701f16fec,TID_TUTORIAL_MEET_NEW_BUILDER2,ها؟ زوار! مرحى!
c0e34bf191e94ee7,TID_COSMETIC_ESTATE_2X2_SMALL_HUT,كوخ صغير
4b2a7d1d124b6ec5,TID_CLAN_WIN_STREAK,سلسلة الفوز في الحرب:
1c60f6d8af4a5abd,TID_ARTO_BUILDING_INFO,آخر ابتكارات البنّاء الخبير جاهز في القرية الأم! عند ترقية أوتو بالكامل، سيصبح بنّاءً إضافيًا في قاعدة البنّاء، وسيمكّن البنّاء الخبير من التنقل بحرية بين القريتين!
26cb82d46debb0a4,TID_CLAN_GAMES_ALREADY_CLAIMED,سبق أن طالبت بهذه الجائزة!
b92201f92e9bb8c4,TID_BATTLEPASS_TASK_WIN_BATTLES_USING_HASTE,جنون السرعة
9e54659a7e7f4068,TID_PLAYER_AVAILABLE_FOR_RECRUITING_DESC_CN,هل تريد تلقي دعوات للانضمام إلى قبيلة؟
754496a8607689c4,TID_PLAYER_PROFILE_SPELLS,التعويذات
b1e022c2551091bc,TID_DECO_RUINED_PYRE,حاوية النيران المحطمة
bbb6d04458a141e2,TID_UNLOCK_PET,يفتح <name>
b688cd348fefb601,TID_PREFERRED_TARGET_EFFECT_BONUS,(التأثير x<number>)
1f8d7f9d52f3d040,TID_REQUIRED_LEAGUE,مطلوب <league>
f01c6f8be29679f4,TID_WAR_RESULTS_INFO_HEADLINE,نتائج الحرب
13723c3ddab1033a,TID_CHARACTER_INFO_SUPER_CHARGED_PEKKA,تشع طاقة غير مستقرة من درع الظلام المتين الذي يرتديه، وتنتظر من يطلق سراحها!
ae7d1dff0f948c72,TID_USE_TROOP_EVENT_ACHIEVEMENT_DESC_PLURAL,حدث التحدي: اظفر بمعارك متعددة اللاعبين!\n<cffec78>• يجب استخدام <usecount> وحدات <unit> </c>
f0473b4294f7ba8f,TID_WL_LEAGUE_RESULT,نتائج الموسم
a8564533d71fe515,TID_BUTTON_REJECT,رفض
f0a2809e3c191545,TID_DECORATION_GOLDEN_HOG_INFO,يشبه الذهب في مظهره، والذهب في رائحته، والذهب في ملمسه. إنه ذهب على الأغلب.
ffdcb2df8c139161,TID_PET_WALLBUSTER_INFO,هذا الثور الأليف أشبه بآلة حصار ويُعرف بنزعته إلى دك أي جدران يصادفها. حذار من ضرب رفيقه وإلا ستواجه غضبه العارم.
220a46875c990f34,TID_HOUSING_TROOPS_INSIDE,جميع القوات:
dcf0bb8e70ec178c,TID_CAPACITY_LEFT_INDICATOR_TEXT,باقي
d9d134ffbfd292f4,TID_TH15_CHAMPION,بطلة السحر
e51f40093c7c2618,TID_BATTLEPASS_TASK_INFO_WIN_BATTLES_USING_WALL_WRECKER,استخدم هادمة الجدران لربح <num> من المعارك متعددة اللاعبين.
465efe1b5ac1b6a0,TID_ALLIANCE_WAR_AVG_ATTACK_DURATION,متوسط مدة الهجوم
bc8176686095796f,TID_DIAMOND_BUNDLE_BH5_INFO_ALT,• <gems> من الجواهر\n• <res0> من الإكسير\n• <res1> من الذهب\n\nبدون حدود على التخزين!\n\nلا تفوّت هذا العرض الذي يعطي <cffec78><value>أضعاف القيمة</c> ويأتي مرة واحدة!
aa8ae039b96729e1,TID_CLANGAMES_TASK_INFO_WIN_STARS_VS_TOWNHALL_6,اربح <num> من النجوم ضد خصوم بقاعة مدينة من المستوى 6 في المعارك متعددة اللاعبين.
0cb369584edf1533,TID_CLASHIVERSARY_CHAMPION,بطلة المستقبل
3308ff02d2fb942b,TID_MORE_CAPITAL_UPGRADES_NEEDED,قم بفتح أو ترقية <number> من المباني أو الفخاخ الإضافية في أي حي لترقية قاعة العاصمة.
b3dbfd6f3d97210d,TID_NEED_TO_GIVE_WL_BONUSES,عليك منح أوسمة مكافآت دوري الحروب قبل بدء الحرب.
7b6cfaac2463af95,TID_MORE_FACEBOOK,تعرف على آخر الأخبار! انضم إلينا على Facebook!
f74d06fdcb792345,TID_SHIELD_ACTIVATED,تم تنشيط درع الخصم لمدة <hours> ساعة
5c58d6c4d6e72310,TID_WAITING_FOR_DUEL_NOTIFICATION,يوجد لاعب جاهز لمعركة بنّاء!
1206a20b38381ab6,TID_BP_TAB_PERKS,المزايا
ba2f0c912a4e7409,TID_SETTINGS_GENERAL,موضوعات عامة
551073e8ef0a2b3f,TID_GAMES_TASK_REVIVE_CONFIRM_TEXT,أتريد تمديد الوقت بمدة <time> لإتمام هذه المهمة؟ سيُحفظ تقدمك الحالي.
9a860d73908e3a68,TID_ACHIEVEMENT_GOLDSTORAGE_TITLE,خزائن أكبر
8a0d9a7da5ef564d,TID_BOOSTER_STAR_POTION_ALT_2_LINE,جرة نجوم البنّاء
948a38cba1a769a1,TID_FB_CONNECT_NOT_SAFE_TEXT,ربط قريتك بـ Facebook يتيح لك أن تكون متصلاً مع أصدقائك. لحماية تقدمك واللعب على أجهزة متعددة، من فضلك قم بالتسجيل إلى Game Center.
9e7aec885e057825,TID_CLANGAMES_TASK_INFO_WIN_HOMEBATTLES3STARS,أحرز ثلاث نجوم مثالية في <num> من المعارك متعددة اللاعبين.
f4d4684590606fec,TID_DAILY_TASK_1_TITLE,معركة متعددة اللاعبين يومية
1a69547d69168e12,TID_TRAINING_WARRIORS,محاربون:
cbf632af6389d84b,TID_SLOW_SPEED_AND_ATTACK,تنقل/هجوم بطيء: <number>%
4c7ac8c5b94504d3,TID_LEAGUE_CHAMPION2,دوري الأبطال II
fcc10ee9dfefb6ee,TID_BUTTON_REPLAY,إعادة العرض
a12bf429d4ced68f,TID_NEWS_IOS7_TITLE,توقف دعم الأجهزة التي تعمل بنظامي iOS 5 و6
bc7fbdf620ddd87f,TID_PROMOTE_TO_COLEADER_CONFIRMATION_TITLE,هل تريد رفع الرتبة؟
1764290b1ae0441d,TID_PET_ABILITY_SPIRIT_FOX,مسيرة الروح
ec8fc8cd02d24007,TID_MORE_WECHAT_SERVICE,关注官方认证微信服务号coc-kefu
f804db38e5455bd9,TID_COMING_SOON,قريبًا...
d1cb783ffb6f4a5a,TID_HINT_OBSTACLES,تحصل أحيانًا على الجواهر عند إزالة العوائق مثل الصخور والأشجار
6b6ae18c7493be4e,TID_PET_RANGEDATTACKER,البومة الكهربية
41a2d11ece1a2564,TID_CLANS_SELECTOR_BOOKMARKS,مرجعيات
a18c1494e770c8fc,TID_TRAP_MINE,قنبلة
8cc33b7b55663c60,TID_MATCHMAKE_VILLAGE2_TITLE,معركة البنّاء
a848f142ddf4035a,TID_CLAN_RAIDS,غارات القبائل
dcc20821cbfe0b3b,TID_PARENTS_GUIDE_BUTTON_TENCENT,إرشادات حماية خصوصية الأطفال الخاصة بألعاب Tencent
304d6034563178f7,TID_AD_SEEKER_FRAG,جرو الحمم
68dcfe2f43769d7b,TID_NPC_CHALLENGE_TH12_DRAGBAT_FREEZE2,استخدم ما تبقى من <c38eaff>تعويذة التجميد</c> و<c9916c8>قدرة الآمر الكبير</c> لضمان سقوط <cf70d16>قاعة المدينة</c>.
596827793bdab383,TID_SPEED_UP_DUEL_CONFIRMATION_TITLE,أتريد المزيد الآن؟
6fd6a1c213c6451a,TID_CLANGAMES_TASK_INFO_USE_NIGHTWITCHES,اربح <num> من النجوم من معارك البنّاء باستخدام <num2> من ساحرات الليل.
bc7e043f1d785225,TID_REQUEST_TO_JOIN_NEW_CLAN_WHILE_IN_CLAN_TEXT,ستغادر قبيلتك إذا تم قبول طلب الانضمام الذي تقدمه. هل أنت متأكد؟
0255aa0b24412a67,TID_COSMETIC_ESTATE_4X4_LARGE_HOUSE_INFO,أماكن معيشة فسيحة ومناظر جيدة ومساحة تخزين كبيرة.
51712694ca58f0a7,TID_CHARACTER_INFO_BALLOON,هذه الهياكل المدعمة استبدلت سعادتها بتدمير الجدران إلى تدمير الدفاعات. انشرها للقضاء على قذائف الهاون والمدافع المزعجة!
e797487c801f5bd4,TID_GEAR_ALREADY_EQUIPPED,العنصر مستخدم بالفعل
851de65f2f3f43ad,TID_LEAGUE_CRYSTAL1,الدوري الكريستالي I
9d5d0f25ccc5251a,TID_NEWS_IOS7_TEXT,سيلغي تحديث Clash of Clans القادم دعم كل أجهزة Apple التي تعمل بالإصدارات 5 و6 من نظام التشغيل iOS. لتتمكن من مواصلة لعب Clash of Clans، يرجى التحديث إلى iOS 7 أو أعلى. لمزيد من المعلومات، انقر أدناه!
cfeb968d2324e66b,TID_BATTLECOST,التكلفة:
363a2b8a98e4a709,TID_CONTRIBUTE,مساهمة
90d78154e4ea7c4f,TID_BOOKMARKS_NOT_LOADED_YET,لا يمكن تحميل المرجعيات. من فضلك حاول ثانيةً لاحقًا.
93d486a1d57c1cd2,TID_DEVICE_LINK_ERROR_BOTH_HAVE_OPEN_ID_KUNLUN,تم ربط القرية الحالية بالفعل. يمكن إجراء الربط مرة واحدة فحسب.
58151e9e3ef1b6c6,TID_FEEDBACK_INFO5,من فضلك زودنا بالمعلومات التالية عن قريتك المفقودة.\nاسم القرية:\nمستوى قاعة المدينة:\nمستوى الخبرة:\nاسم القبيلة (إن كان موجودًا):
72c3c87989f77e01,TID_GAMES_OVERVIEW_TEXT,تدور مباريات القبيلة حول إكمال التحديات والحصول على النقاط سويًا مع زملائك بالقبيلة. وكلما حصلت على نقاط أكثر كقبيلة، كلما حصلت على جوائز أفضل عند انتهاء المباراة. تأكد من إشراك زملائك بالقبيلة: كلما زاد عدد اللاعبين لديك، كلما كانت مستويات الجوائز أسهل على الصعود.
8c87f5702154613c,TID_NEWS_TH11_UPDATE_SPELLS_TEXT,• طلب تعويذات التعزيزات، ليست القوات فحسب، بداية من قلعة القبيلة من المستوى 4\n• التعويذات المُتبرع بها تتلقى كل منافع امتيازات القبيلة\n• تعويذة التجميد مفتوحة الآن عند قاعة المدينة 9 وبها مدة أطول قليلاً في المستويات الدنيا
fa8a0916ca81473f,TID_BB_DEFENCE_REWARD_CANT_COLLECT,ما من مكافآت للجمع
8046bda6ccd99af3,TID_BATTLEPASS_TASK_WIN_BATTLES_USING_GIANTS,جيش العمالقة
a29baa6408ff821b,TID_BOOSTER_FINISH_BUILDING_UPGRADE,كتاب المباني
61fdc25a542d5d53,TID_BUTTON_TRY_AGAIN,اللعب مجددًا
19058a66a4ea9e2a,TID_WL_INFO_LIVE_TAB0_TEXT,<cFCE27F>ما أسبوع المعارك؟ </c>\n\nخلال كل أسبوع معارك، ستتم إضافة قبيلتك إلى مجموعة من سبع قبائل أخرى من نفس مستوى الدوري. وخلال السبعة أيام التالية، ستحارب قبيلتك كل قبيلة أخرى لتحديد الأفضل في مجموعتك. قد تتم ترقية القبائل ذات الأداء الجيد إلى مستوى الدوري التالي بينما ستهبط القبائل ذات الأداء المتدني إلى المستوى الأقل من مستواكم الحالي.\n\nعند بداية أسبوع المعارك، ستدخل قبيلتك أولاً في فترة إعداد من أجل يوم الحرب الأول. خلال يوم الإعداد يمكنك اختيار المشاركين في الحرب التالية من بين جميع المسجلين. بعد مرور 24 ساعة، سيبدأ يوم الحرب الأول. في الوقت نفسه، ستبدأ الاستعدادات ليوم الحرب الثاني أيضًا.
f7d9d5ad358fdc89,TID_CREATE_SKELETONS_SPELL,تعويذة الهياكل العظمية
a6a8053d4faab0a6,TID_GEAR_INFO_FIRE_IN_A_CAN,يلقي كرة نارية متفجرة عملاقة على الهدف الحالي.
1c0d9033bb92c190,TID_ERROR_NAMES_DONT_MATCH,الأسماء غير متطابقة. من فضلك حاول ثانيةً.
c81298dd512ec24f,TID_SPECIAL_OFFER_INFO_BUILDERBASE_ANNIVERSARY_NOTIFICATION,أيها الزعيم، هناك عرض مميز جدًا للذكرى السنوية لقاعدة البنّاء متوفر لك!
55cd48f380d7cf43,TID_SECOND_STAGE_FEATURE_DESCRIPTION_SHORT,كانت فوق الماء أولاً، وأصبحت الآن تحت الأرض. حان وقت البناء والقتال في الأسفل!
090fff2b16c38bc1,TID_TOWN_HALL_WEAPON_INFO,تنتظر أعداءك مفاجأة هائلة عند مواجهة تيسلا الهائلة، وهي الأخت الكبرى في عائلة تيسلا الذي يسهل استفزازها. إذا تجرأ العدو وخدش الطلاء في قاعة مدينتك، ستصعقه القوة الكهربائية الغاضبة بعيدًا، فلا يتبقى منه سوى هشيم ورائحة التفحم...
c03fad86c19ad728,TID_GEM_BALANCE_TITLE,رصيد الجواهر
db0519e6e5406651,TID_CHARACTER_INFO_LAVALOON_PUP,هذه المخلوقات الخضراء العابثة تبرع في خوض المعارك ويطول القتال عند مواجهتها.
2dbbabb7161762b0,TID_ALLIANCE_INVITATION_FAILED_AVATAR_HAS_TOO_MANY_INVITES,لا يمكن دعوة اللاعب لأن صندوق بريده الوارد ممتلئ!
27b195c4a330ace9,TID_PUSHER_INFO,يمكنك قذف القوات الأرضية في الاتجاه الذي تختاره. مرحى!
ae50fd3bbbe92034,TID_CHARACTER_SUPER_WITCH_INFO,يعطي السحر الخارق نتائج أفضل. بدلاً من استدعاء حشود من الهياكل العظمية الصغيرة، تستدعي الساحرة الخارقة هيكلاً عظميًا واحدًا ضخمًا ذا عظام متينة.
87db268cb2c72ad1,TID_INFO_POP_UP_IAP_NOTE_KUNLUN,لعبة Clash of Clans مجانية، ولكن يمكنك تسريع تقدمك في اللعبة بواسطة عمليات الشراء داخل التطبيق.
ce966fc36c6d63f8,TID_BOOSTER_FILL_GOLD2_STORAGE_ALT_2_LINE,تميمة ذهب البنّاء
3bd6dd0538d3c201,TID_BP_BONUS_POINTS_INFO,لأنك اشتريت التذكرة الذهبية في الموسم الماضي، فستحصل على نقاط تحدٍ إضافية إن اشتريتها في هذا الموسم أيضًا.
1f6d45c017563379,TID_ADVANCED_MEGA_TRAP_INFO_SHORT,أي عقل مختل ابتكر هذه القنبلة الكبيرة للغاية؟
6d12cf8f51880493,TID_REENGAGEMENT_INTRO_4,لن تحصل على أي شيء دون قتال!
a5e5c58966c48542,TID_PLAYER_SEARCH_HINT,أدخل بطاقة تعريف اللاعب الذي ترغب في العثور عليه
10761851f6241f2b,TID_NEW_CLAN_MEMBER,جديد
3ca13e9d538efbff,TID_PLAYER_NOT_FOUND,تعذّر العثور على لاعب بالبطاقة التعريفية المقدمة.
da0991051f843b2f,TID_CLAN_JOIN_FAIL_CLOSED,القبيلة مغلقة!
60beaf6d0418bb2d,TID_HINT_DARK_ELIXIR_LOOT,يمكنك بدء الحصول على غنيمة إكسير الظلام بمجرد بناء المخزن له.
426fbd27357749db,TID_TOWN_HALL_8_INFO_SHORT,جارٍ تجهيز الأساسات.
fa63bc554a2e70bc,TID_BUILDING_TEXT_LOW_AMMO,ذخيرة قليلة
2e2aeb7dd7ae8210,TID_DECO_LOGMAS_TREE,شجرة جذع الشتاء
3bef7ca07157279c,TID_POPUP_BOOSTER_FILL_STORAGE,أتريد استخدام <booster> لإضافة <num> <res>؟
4c6580da9075d1a4,TID_ALLIANCE_LEAVE_CONFIRMATION_TITLE,مغادرة القبيلة؟
826dce8ef1c5f81e,TID_NEWS_TROOP_TITLE,قوات ظلام جديدة: كلب الحمم!
2dc95773f84385a8,TID_WAITING_FOR_ATTACK,الخصم يهاجم!
0f4a815c7418cd80,TID_SPELL_FACTORY_VOUCHER_CLAIM_FAILED_EXPIRED,انتهت صلاحية القسيمة.
65d264cf3bd0b9d0,TID_RESOURCE_PRODUCTION,الإنتاج في الساعة:
c55a46967239a001,TID_BOOSTER_SUPER_POTION_OFFER_INFO,<num> من الجرعات الخارقة: عزز إحدى القوات لتتحول إلى نسختها الخارقة لمدة 3 أيام.
6b325ccc90672962,TID_TUTORIAL_VILLAGERS_MOVE_OUT,تعبنا! فلنستقر هنا الليلة. سيكون هذا بيتنا في غربتنا!
3c448af1d9418024,TID_NEWS_TH11_UPDATE_OTHER_TEXT,• تمت إضافة إنجازين جديدين: مضاد المدفعية والمشاركة تعني الاهتمام\n• واجهة التبرع بالقوات/التعويذات قد تم تجديدها وتظهر الآن التبرعات السابقة\n• يمكن الآن وضع القوات في الثكنات في قائمة الانتظار على التوالي، بطريقة مشابهة لمصنع السحر\n• زر حرب القبيلة يتحرك الآن عند بدء هجوم حرب\n• يمكن الآن إنهاء الدرع النشط أو الحراسة وذلك بالنقر على الأيقونة\n• يمكنك الآن البقاء دون اتصال بالإنترنت لفترة أطول قبل أن تصبح عرضة للهجوم\n• يتم تشغيل صوت خاص عند العثور على هدف متعدد اللاعبين بعد 10 ثوان من البحث\n• يتم تشغيل صوت خاص عند تعذر العثور على أهداف متعددة اللاعبين ويتم إلغاء البحث\n• تم تقليل فترة الراحة الشخصية عبر الإنترنت إلى 3 ساعات\n• حدود الراحة الشخصية قد تم تمديدها الآن بدلاً من إعادة التعيين في بعض الحالات\n• مطابقة اللاعبين المتعددين أصبحت ذات احتمالية أقل لعرض خصوم أقل من مستوى قاعة المدينة الخاصة بك (فقط أقل من دوري الأبطال)
004ce0e53022a8ca,TID_BUTTON_TRAIN_PRESET,تدريب
e26185eb03ca8f8c,TID_ABILITY,قدرة خاصة
4ccd666a16cd5c0c,TID_DUPLICATE_SPELL_INFO_SHORT,أنشئ نسخًا من القوات متى رأيت ذلك مناسبًا.
65d690b2a686ce70,TID_CHAT_RULES,قواعد المحادثة
ced331db266b647c,TID_RAID_SIGNUP_ERROR_INTERNAL,لا يمكن التسجيل. يُرجى المحاولة مرة أخرى لاحقًا.
2b30d1361a5b35b6,TID_WEAPON_TOWN_HALL,تيسلا الهائلة
1ab5fe6ca07246d0,TID_ACHIEVEMENT_SPELL_DONATION_COMPLETED,إجمالي سعة التعويذات المتبرع بها: <value>
9df3e7c240fbed6d,TID_BUILDING_DARK_ELIXIR_PUMP,مستخرج إكسير الظلام
a0299f4fa6339c81,TID_DIAMOND_BUNDLE_BH6_ALT,حزمة البنّاء الخبير
3d796a29617272fc,TID_HINT_VERSUS_BATTLE3,انتصر في 3 معارك بنّاء في اليوم لتحصل على مكافأة غنيمة كبيرة.
0aec6532bd5d49f7,TID_NOT_ENOUGH_WORKERS_HEADER,كل البنائين مشغولون!
24b0b41f6f9b6899,TID_LAST_ONLINE_ONE_DAY_AGO,لعب قبل يوم
134dd4a42411c1da,TID_MOVE_MASTER_BUILDER_CONFIRMATION_BB,أتريد إرسال البنّاء الخبير إلى قاعدة البنّاء مؤقتًا؟
f60f704b1bf421a8,TID_BUTTON_RAID,الغارة
0332653de9ca7566,TID_STAR_BONUS_WINDOW_TITLE,مكافأة النجوم
b3e5f9c1d0e51675,TID_ERROR_POP_UP_SERVER_MAINTENANCE_TITLE,فاصل الصيانة
0b9ad4c493d60b7c,TID_SUPPORT_TEXTBOX_PROMPT,أدخل رمز المنشئ
d635fcff4cc8c912,TID_TENCENT_BOUND_TO_OTHER_ACCOUNT,هل تريد تحميل قرية الزعيم <name> حيث مستوى قاعة المدينة هو <number>؟
3dc2ab2cfa4b024d,TID_LEAGUE_HERO,الجبابرة
d9dc6ed065de387f,TID_ACHIEVEMENT_ACCOUNT_BOUND_TITLE,حافظ على أمان قريتك
ce28f6cbaf3b5b25,TID_NEWS_ECONOMY_TEXT2,\n• تم تقليل وقت التدريب لبعض القوات\n• تم تقليل وقت التدريب لبعض التعويذات\n• تم تقليل وقت التدريب لبعض القوات والتعويذات
007a7b19b6b73ad5,TID_PEKKA2_ABILITY_NAME,الشحن الزائد
3b9c2db6109e3444,TID_STARTER_TH2_INFO_UPGRADEGOLDSTORAGE,قم بترقية مخزن الذهب إلى المستوى <num2>.
d92562b1e80880c5,TID_POPUP_BOOST_PET_SHOP_TEXT,أتريد تسريع ترقيات الحيوانات الأليفة بمعدل <multiplier> لمدة <time>؟
eb38143a1beefcc6,TID_INFO_POP_UP_TOS_PP_NOTE,لعبة Clash of Clans مجانية، ولكن يمكنك تسريع تقدمك في اللعبة بواسطة عمليات الشراء داخل التطبيق. (يمكنك تعطيل تلك الخاصية في إعدادت جهازك). انقر على موافق لقبول شروطنا وسياسة الخصوصية.
dd4138f3c638e2ad,TID_UPDATING_CONTENT,تنزيل المحتوى
97a133ab79621f46,TID_NPC_CHALLENGE_TH8_GOWIPE_WIZARDS2,انشر <c54a0fe>سحرة</c> إضافيين لدعم <c9916c8>الملك البربري</c> و<c54a0fe>قوات بيكا</c>.
e27530db1b16da3d,TID_NPC_CHALLENGE_TH6_GIWIWA_WALL_BREAKERS2,بعد هبوط طلقات <cf70d16>مدفع هاون</c>، اخترق صف الجدران الثاني لكي تبلغ قواتك <cf70d16>قاعة المدينة</c>!
b1357b527dc7f511,TID_TENCENT_THIRDPARTY_INFO,قائمة مشاركة معلومات جهة خارجية
c14e19e217714820,TID_LEAGUE_INFO_REMEMBER,ارتقِ في مراتب الدوري للحصول على غنيمة أكبر!
e9946b329179b471,TID_HINT_GOBLIN_TARGET,الغيلان جشعة تجاه الذهب والإكسير. أهدافها المفضلة هي مباني الموارد
bdbc7024ed33b3f3,TID_HINT_SPELL_POISON_CLOUD2,سيقاتل جيشك بفعالية أكبر بكثير ضد قوات قلعة القبيلة داخل تعويذة السم.
d7ea0d823d040af7,TID_LOCAL_NOTIFICATION_BP_SEASON_ENDING,احصل على مزيد من النقاط والجوائز عبر تحديات الموسم قبل انتهائه.
6fc91fc4ed04affc,TID_REENGAGEMENT_BUILDER_3,لدى البنّاء أيضًا أفكار لما يمكن إنجازه لاحقًا.
1a6819a487685b09,TID_DIAMOND_BUNDLE_BH8,حزمة قاعة البنّاء 8
c9cd25dc54373c39,TID_BOOSTER_MAX_LEVEL_ARMY,جرعة القوة
3538bcc55af9c6fc,TID_BUTTON_ROTATE,تدوير
bc586597d290e99a,TID_DISTRICT_UNLOCKS_AT_MESSAGE,يتم الفتح في المستوى <num> من قاعة العاصمة
e618443b13072082,TID_LEAGUE_IRON3,الدوري الحديدي 3
0124d99f70244404,TID_COLLECTORS_FULL_NOTIFICATION,أيها الزعيم، المستخرجات جاهزة وفي الانتظار!
0e5124ddac3a05b9,TID_NPC90,مصحة الأم العقلية
a7c17a4a9cae6e3b,TID_HINT_BATTLE_LOG,يوضح سجل المعركة معلومات عن الهجمات ضد قريتك
d2224d19e2eae7b9,TID_NO_FACEBOOK_FRIENDS,لا يمكن العثور على أصدقاء عبر Facebook يلعبون Clash of Clans
52ab4736582bbaba,TID_TAB_EVENTS,الأحداث
67e2fab5445cbb09,TID_BATTLEPASS_TASK_WIN_BATTLES_USING_FREEZE_INFO,استخدم تعويذات التجميد لربح <num> من المعارك متعددة اللاعبين.
65f4e40bac51f859,TID_PREVIOUS_ARMY_INFO,درّب ما سبق بعد القيام بهجوم!
7507c8b0c46fd485,TID_WL_CURRENT_ROUND,الجولة الحالية: <x>/<y>
3c65da21c7069189,TID_ALLIANCE_WAR_SPECTATOR_MODE,مُشاهد الحرب
9083790755e31ed2,TID_MOVE_OBSTACLE_CONFIRM_TITLE,حرّك العائق '<obstacle>'
95688af5f9c5f8bb,TID_PRIORITIZE_UPGRADE_TOO_MANY_PRIORITIZED_UPGRADES_IN_ALLIANCE_DISTRICT,بلغت الحد الأقصى لمنح الأولوية للترقيات
eaa0b30064b1bdce,TID_COSMETICS_CUSTOM_EFFECTS,تأثيرات مرئية
722afe5efef3edc7,TID_POPUP_REVENGE_CLEAR_TITLE,الانتقام
a32b07e827f52282,TID_CHARACTER_SPEAR_GOBLIN,غول الرمح
c4141d8195e1ed72,TID_COME_BACK_NOTIFICATION_MEDIUM,تحتاج قريتك إلى قائد. عُد أيها الزعيم!
59d72fed5b502e59,TID_HINT_TROPHY_COUNT,يتم خصم الكؤوس التي تفوز بها من كؤوس خصمك!
f4e8a7aeccc5213c,TID_TRAP_TORNADO_INFO_SHORT,أدخلهم في الدوامة!
a594bb2a6de1377f,TID_BATTLEPASS_TASK_WIN_STARS_USING_POISON,الصراع السام
62fa212058040bf5,TID_BATTLEPASS_TASK_INFO_DESTROY_BUILDERSHUTS,دمر <num> من أكواخ البنّاء في معارك متعددة اللاعبين.
4b9b9a1f7716149b,TID_WL_BREAK_DAY,جولة الاستراحة
6950b86c73c2dfef,TID_CLANGAMES_TASK_USE_NIGHTWITCHES,ساحرة الليل تطلق خفافيش الهلاك
5a3a993818ecc127,TID_BOOSTER_BUILDERS,جرعة البنّاء
852a50357e41f9bb,TID_DARK_ELIXIR_STORAGE_INFO,لا يمكن احتواء قوة إكسير الظلام في وعاء إكسير عادي الشكل. حيث إنه أقوى ثلاث مرات، كان علينا ابتكار أداة تخزين ذات شكل مكعب!
669d6f18492205dd,TID_LEAGUE_GOLD3_SHORT,الذهبي III
c08189eae72efc05,TID_SCENERY_FUTURE,منظر المستقبل
4bf1a3be9253553b,TID_CAPITAL_PLAYGROUND_DEPLOY_AREA_EXPLANATION,لا يمكنك نشر وحدات من كل اتجاه في هجمات العاصمة.
9e9738e3f63b2e6a,TID_ACHIEVEMENT_UNIT_UNLOCK_TITLE,إطلاق الوحوش
4237496e9c1a8974,TID_CLANGAMES_TASK_USE_BOXERGIANTS,عراك العملاق الملاكم
6ee03cf65cf7da0e,TID_NPC_CHALLENGE_TH4_GIANT_GOBLINS,بعد تدمير <cf70d16>مدفع هاون</c>، انشر <c54a0fe>الغيلان</c> للمساعدة في التقدم.
973df7b2482b0c25,TID_EVENT_DAILYLOGIN_INFO,سجل الدخول يوميًا لجمع الجوائز!
c891b440622ee9a3,TID_ACHIEVEMENT_DESTROY_MONOLITH_TITLE,قاهر المنليث
4dad2a6af8c9da03,TID_BATTLEPASS_TASK_WIN_BATTLES_USING_ARCHERS,السهم الصائب
752d4ad5f485b104,TID_BB_LEAGUE_MAX_ELIXIR_REWARD,الحد الأقصى لجوائز الدفاع:
8f98cc8c3841de55,TID_ALLIANCE_TAB_BOOKMARKS,مرجعيات
061b080e7aad6800,TID_TENCENT_DOLPHIN_CHECK_VERSION,检查最新版本
0e70de32e219f6b8,TID_TUTORIAL_CLASHOWEEN_EVENT_B2,والآن...
2e14b01c54bdd765,TID_ACHIEVEMENT_DESTROY_INFERNO_TITLE,خبير إطفاء
700582a2484fcd89,TID_SIEGE_MACHINE_CARRIER,ثكنات الحصار
71fa049d48ce9a08,TID_EXISTING_PLAYER_PRIVACY_SETTINGS_ADVISORY,أضافت اللعبة إعدادًا للمعلومات الشخصية متاحًا للعرض حاليًا. يمكن ضبط ذلك في الإعدادات -> المزيد من الإعدادات.
1f70ff1af1d6d864,TID_BATTLEPASS_TASK_WIN_BATTLES_USING_POISON,الصراع السام
25d374395db798c5,TID_LAYOUTS_COPY_LABEL,نسخ المخطط
26662ab5ee7f3f16,TID_CLANGAMES_TASK_INFO_USE_HOGRIDERS,اربح <num> من النجوم من المعارك متعددة اللاعبين باستخدام <num2> من راكبي الخنزير.
a6659da057459e22,TID_BATTLEPASS_TASK_INFO_WIN_BATTLES_USING_GIANTS,استخدم العمالقة لربح <num> من المعارك متعددة اللاعبين.
e77379d1a05617b4,TID_CHIEFS_JOURNEY,رحلة الزعيم
83e0de1dd802d3fb,TID_SCID_GIFT_RECEIVED_TITLE,تلقيت هدية!
e43b565e2431b701,TID_DARK_ELIXIR_BARRACK,ثكنات الظلام
e35b3ef0f7c0ebdc,TID_LEADER_CANNOT_LEAVE_ALLIANCE,يجب أن تجعل أحد أعضاء القبيلة قائدًا قبل أن تتمكن من مغادرة قبيلتك.
382efbd174ebf31b,TID_CLAN_WAR_CHALLENGE_CANCELLED,تم الإلغاء بواسطة <name>
0f8d1efe0e74f798,TID_TUTORIAL_REINFORCEMENT_CAMP_INTRO_4,سأترك قرار كيفية استخدامها لك.
0c4cba37b05e8510,TID_AVATAR_MESSAGE_GEM_DONATION,تبرع لك أحدهم بالجواهر. انقر على المطالبة للحصول عليها.
a72ebfb437975eb0,TID_LEGEND_SIGN_UP_IN_PROGRESS,التسجيل في دوري الأسطورة قيد التنفيذ.
4867a92e75cdbaed,TID_LEAGUE_COPPER5,دوري النحاس 5
539112a624a31579,TID_POPUP_FORGE_TITLE,صناعة تعويذات <limit>
8db17c46b5a8f184,TID_LOCKED_BY_LABORATORY_LEVEL,
fe467f7d5f6758df,TID_LINK_NEW_DEVICE_TEXT,إذا أردت اللعب على جهازين أو كنت ترغب في نقل حسابك إلى جهاز جديد، فيمكنك القيام بذلك هنا.
8f161807936990e5,TID_ARTILLERY_AMMO_ALREADY_FULL,مدفعية النسر محملة بالكامل!
a6253c1b0dbbc08a,TID_CAPITAL_LOCKED_CLAN_LEVEL_TOO_LOW,يتم فتح عاصمة القبيلة في المستوى <level> من القبيلة
cafb5834502c1cea,TID_OBSTACLE_TRUNK,جذع
b41f32ef501aca4e,TID_MORE_APPBANK,AppBank
836f28017e39d26a,TID_CLANGAMES_TASK_USE_MEGAPEKKA,بيكا القوي الساحق
5c45f810a7862f15,TID_BATTLEPASS_TASK_INFO_DEPLOY_SUPER_TROOPS,انشر من القوات الخارقة ما يعادل <num> من مساحات التسكين في المعارك متعددة اللاعبين.
2a054558b09aca0b,TID_COPIED_TO_DEVICE_CLIPBOARD_GENERIC,تم النسخ إلى حافظة الجهاز!
93f58a0db9406462,TID_STARTER_TH4_BUILDAIRDEFENSE,الدفاعات الجوية
fe13c0504181e4f4,TID_COSMETICS_TIER_1,<cffffff>عادي</c>
90f263a061f09ba0,TID_TRAINING_LEVELS_DESCRIPTION,طور مهاراتك وجرّب استراتيجيات هجوم مختلفة مجانًا! تصبح مستويات التدريب الجديدة متاحة عندما تقوم بترقية قاعة المدينة.
35249b36cd020c2c,TID_CHARACTER_INFO_GIANT,قد يبدو الهدوء على هؤلاء العمالقة، لكن أرهم الأبراج أو المدافع وسترى غضبهم ينطلق! بطيئًا ولكنه مستمر، أفضل استخدام لهؤلاء المحاربين هو امتصاص الضربات.
2ab35e820934168c,TID_REENGAGEMENT_ATTACK_2,أتوقع أن يكون التدريب سريعًا للغاية لبعض الوقت!
1ff739a421c3382e,TID_LEAGUE_WOOD2,دوري الخشب 2
3293609d68717554,TID_ALLIANCE_WAR_PLAYER_ON_WAR_COOLDOWN,مؤهل للحرب التالية خلال
e0ac52c77de4a73a,TID_BP_COMPLETED,مكتمل!
f028fd169df00253,TID_DEVICE_LINK_ERROR_CODE_SAME_PLATFORM_TEXT_TENCENT,للعب على جهاز آخر يعمل بنظام التشغيل Android، قم بتنزيل Clash of Clans من متجر Tencent وسجِّل دخولك باستخدام حساب WeChat أو QQ نفسه.\n\nستتم مزامنة تقدمك تلقائيًا.
4a519395faa85975,TID_CLANGAMES_TASK_USE_ROCKET_BALLOONS,انفجارات الصواريخ
a2a2b83a4299b389,TID_OBSTACLE_HALLOWEEN2021,الزهرة \qاللطيفة\q
6c350e666dc47c1c,TID_SHIELD_NONE,لا شيء
2fd6f05da46f95a9,TID_ARTO_BUILDING,كوخ أوتو
2d3537f96a2e0937,TID_WAR_BATTLE_INFO_HEADLINE,يوم المعركة
433bce3269cb1666,TID_ACHIEVEMENT_SEASON_CHALLENGE_POINTS_TITLE,المخضرم
e217583d57bca55a,TID_DIAMOND_BUNDLE_MAGICITEMS_RESOURCE_POTION,مجموعة جرعة الموارد
d5f930236f6a64d0,TID_TROOP_SELF_DONATE_NO_REINFORCEMENTS,اختر التعزيزات المراد إضافتها
c3781f51cb484469,TID_BOOSTER_FILL_DARK_ELIXIR_STORAGE_ALT_2_LINE,تميمة إكسير الظلام
d47f4a739f949933,TID_DECORATION_TORCH,شعلة
695c5105b5ecdac6,TID_RESERARCH2_SWIPE,امسح الشاشة يسارًا/يمينًا لرؤية ترقيات أكثر
e36e2f67a87278b1,TID_POPUP_GIFT_RECEIVED_TEXT,لقد استبدلت رمز العرض الخاص بك مقابل موارد إضافية بنجاح. راجع بريدك الوارد داخل اللعبة لمزيد من التفاصيل!
9ca7fd98c5d3ae78,TID_SAVAGE_KING,الملك المتوحش
2fff475cc480ae09,TID_ACHIEVEMENT_LOOT_CAPITAL_TITLE,الرأسمالية العدوانية
f80be34d1f944bbe,TID_WELCOME_BACK_TITLE,مرحبًا بك مجددًا أيها الزعيم!
3e37c85ce6489fcb,TID_ALLIANCE_WAR_STAT_NUM_0STARS,0 نجوم
f85bf477396d4e10,TID_GAMECENTER_BOUND_TO_OTHER_ACCOUNT,هل تريد تحميل قرية الزعيم <name> بقاعة مدينة من المستوى <number>؟ تحذير: سيتم فقدان التقدم في اللعبة الحالية.
e2c4a232b8d6481e,TID_DEVICE_LINK_ERROR_CODE_ERROR_1_TITLE,حدث خطأ (101)
e7155fce77e79356,TID_MEMBERS_SORTED_BY_TROOPS_RECEIVED,أعلى عدد قوات متلقاة
5d015aa791497cae,TID_ALLIANCE_GAMES_REVIVE_TASK,تمديد الوقت
4036288ce93fcbee,TID_WL_HIDDEN_ENEMY_VILLAGE_INFO,سيتم كشف قرى الأعداء في يوم المعركة
700f5ab1645de216,TID_LEGENDS_CANNOT_ATTACK_DAY_END_TOO_SOON,تم تعطيل الهجوم! سينتهي يوم الدوري قريبًا.
5c249e40929c7d1e,TID_PARTY_CHAMPION,بطلة الحفل
58cfef8440be2358,TID_BUY_MULTIPLE_MISSING_RESOURCES_TEXT_N2,شراء العناصر الناقصة: <count1> من <resource1> و<count2> من <resource2>
e4f111dfaba24531,TID_LEAGUE_HERO3_SHORT,الجبابرة III
ed50be4b13a053ad,TID_OFFER_SEASON_CHALLENGES_TEXT_1,مظهر بطل جديد!
f5738f7691c3d762,TID_LINK_DEVICES_ENTER_CODE_TITLE,أدخل رمز الربط
fa9770c51227561d,TID_HINT_WIZARD_INFO,يمكن للسحرة إحداث ضرر كبير، لكن لا يمكنهم تلقي الكثير في المقابل
874559f4404ab217,TID_BUY_RESOURCES_STORAGE_FULL,مساحة التخزين لديك لا تتسع لكل <item>.\nهل ترغب في شراء <num> <item> فقط؟
3b07f03fbc8fd952,TID_BUTTON_CANCEL,إلغاء
6d60643c82e53a4e,TID_NPC_CHALLENGE_TH8_GOWIPE_SUPPORT_PEKKAS,انشر <c54a0fe>قوات بيكا</c>. ستتجه هي أيضًا الآن نحو الوسط.
c342224590dd4108,TID_ALLIANCE_GAMES_PICK_TASK_INFO,اختر تحديًا من المجموعة الموجودة على الجهة اليسرى وابدأ العمل عليه!
46d286fa48cbd5b7,TID_PET_SHOP_UPGRADING,لا يمكن بدء ترقية الحيوان الأليف أثناء ترقية بيت الحيوانات الأليفة
6ed749ae58293eb8,TID_DISTRICT_LEVEL_COMBO,<name>\nالمستوى <num>
848255346dfbab8c,TID_CLAN_MEMBERS_COUNT,الأعضاء <count>/<max>
bb00feefd7351ba6,TID_CLAN_WAR_LEAGUE_STARTS_IN,يبدأ الدوري خلال:<time>
6a8c49bea211b29b,TID_CHAT_RULES_RESPECT,عامل زملاءك المقاتلين باحترام!
cea6b4723d4300e3,TID_TROOP_UPGRADE_COMPLETED,اكتملت الترقية: <item> المستوى <number>
4d1b816d20548788,TID_BATTLEPASS_TASK_INFO_START_HOME_UPGRADE,ابدأ <num> من ترقيات المباني في القرية الأم.
bd099771997dcc7e,TID_CLANGAMES_TASK_DESTROY_BB_ARCHERTOWER,منتقمو برج راميات السهام
cc708a8add5bf93e,TID_PARTY_KING,ملك الحفلات
befce55dd3b63d7d,TID_BATTLEPASS_TASK_WIN_BATTLES_USING_LIGHTNING,طقس سيء
722fc415c2619877,TID_BUILDING_DARK_TOWER,برج النار
ca5ebc8f3cd63843,TID_CLANGAMES_TASK_DESTROY_BB_ELIXIRPUMP,ضرب مضخة الإكسير
d4f2b0d528e33f0f,TID_HINT_GUARD_LOSE,يمكنك المهاجمة كما تشاء دون خسارة أي من حراستك النشطة
c7ff4cdd003961ff,TID_NPC_CHALLENGE_TH13_HYBRID_SIEGE_BARRACKS,انشر <c54a0fe>ثكنات الحصار</c> خلف <c54a0fe>الغولم</c>.
6fbc7c557e06fed2,TID_TRAINING_FULL,الطابور ممتلئ!
7bb46e3d41c77a52,TID_COSMETICS_TIER_2,<cffd345>ذهبي</c>
3f7cde6a4a88643f,TID_NPC_CHALLENGE_TH10_BOBAT_BOWLERS,انشر <c54a0fe>الباولر</c> لدعم الهجوم.
48a8b26d83f4bf20,TID_HINT_VILLAGE_EDIT_MODE,قم بتمييز قريتك بسهولة بوضع تعديل القرية
bf45a9f008a2a69e,TID_LOCAL_NOTIFICATION_EVENT_6TH_ANNVERSARY_PACK,يا زعيم، وصلت مجموعات الذكرى السنوية السادسة الحصرية! ألق نظرة!
d86661a7fd3d3e55,TID_PET_ABILITY_UNIPONY,المعالج الشخصي
272a50779b9ed6c3,TID_VOUCHER_CLAIM_TEXT,هل ترغب في المطالبة بجائزتك الآن؟
c95236fafbc3c3ca,TID_LOCAL_NOTIFICATION_EVENT_MAGICITEM_PACK,أيها الزعيم، هناك عرض عناصر سحر متوفر لك الآن!
fd32106093ba8824,TID_WELCOME_BACK_UPGRADES,الترقيات المكتملة
5e0e457f0d6b079b,TID_FIND_CLAN_BUTTON,ابحث عن قبيلة
96670b2d6bbfdf5e,TID_PRESET_PRODUCTION_BUILDING_UNDER_UPGRADE,جارٍ ترقية مبنى الإنتاج!
d1f3b66a2a0da370,TID_SHIELD_POPUP_PERSONAL_BREAK,ملحوظة: سيحتاج القرويون إلى فترة استراحة قصيرة بعد البقاء لفترة طويلة دون درع.
82cae7c190927006,TID_BOOST_ALL_RESOURCES,كل مباني الموارد
27d626211d5bd643,TID_INFO_TEST_DUMMY,دمية اختبار غير قابلة للتلف وغير ضارة
f281deb0ef0ca18f,TID_CLASHOWEEN_COMBAT_ITEM_LOCKED,اجمع المزيد من الإكسير الحمضي للفتح
8131be309bd06b7b,TID_BATTLEPASS_TASK_WIN_BATTLES_USING_BAT_INFO,استخدم تعويذات الخفافيش لربح <num> من المعارك متعددة اللاعبين.
40052826ca538ad8,TID_REJECT_FRIEND_CONFIRMATION_TITLE,هل تود رفض طلب الصداقة؟
ec13b4c39ad04bfd,TID_XMAS_SPELL,مفاجأة بابا نويل
378592a1a6b2cf93,TID_CAPITAL_PLAYGROUND_INTRO_2,ألحق أضرارًا ببعض المباني ودمر البعض الآخر وترك <cffe346>تعويذة شفاء</c>.
5e8f7e44157bed26,TID_TAP_TO_VIEW,انقر لعرض التفاصيل
94c7fc4c384dba4c,TID_AVATAR_SEARCH_INVALID_TAG,بطاقة اللاعب التعريفية غير صحيحة. يُرجى التأكد منها.
4ef5de2bdb3f74d2,TID_HINT_HEROES_ABILITIES,يمتلك الأبطال قدرات خاصة قابلة للترقية يتم فتحها في المستوى 5 ويمكن استخدامها أثناء الهجوم.
1d551b14d4ab6efb,TID_OPEN_GAMECENTER_BUTTON,فتح Game Center
c6328214ad4a92b0,TID_LEAGUES_V,V
03b555ab0d89f61f,TID_STAR_BONUS_HELP_TEXT,اربح خمس نجوم من المعارك متعددة اللاعبين لربح مكافأة!
ae3a91f4240e2ac0,TID_CLAN_TAG_RELAXED,هادئة
0efce43dab8c8c24,TID_ALLIANCE_WAR_EVENT_75PERCENT_DESTROYED,75% دمّرت!
be3ff8daef074d5b,TID_CLANGAMES_TASK_INFO_USE_YETIS,اربح <num> من النجوم من المعارك متعددة اللاعبين باستخدام <num2> من الييتي.
9c2396380dcf53c8,TID_EDIT_MODE_REMOVE_ALL_BUTTON,إزالة الكل
b7b57c1ba7d2575f,TID_SKIN_ALREADY_OWNED,أنت تملك هذا المظهر.
5a6ee6672de2f7f3,TID_TAB_MORE,المزيد
8b13f0888f8a181d,TID_MAP_LOCATION_8,قوس أصلان
e204a6d38a025f23,TID_DECORATION_LEAGUE_I_STATUE_INFO,أظهر مالك هذا التمثال قوته في ساحة القتال، ولكن لديه المزيد ليحققه.
fba0406356a26dc2,TID_ALLIANCE_PROMOTE_BUTTON,رفع الرتبة إلى <role>
cc3d94405f4ccac8,TID_REGULAR_THEMED_BATTLE_OFFER_INFO_TH0712_4999,• <res0> إكسير الظلام\n•<res1> ذهب\n•<res2> إكسير\n• <booster1> من كتب القتال: لإكمال أي ترقية جارية للقوات فورًا.\n\n• لا حدود للتخزين!\n• يمكن شراء هذا العرض مرتين خلال الفترة المحددة.\n• قُد قبيلتك إلى معركة المجد مع هذا العرض الخاص!
58b329295bda9071,TID_GRAND_WARDEN_GLADIATOR,الآمر المبارز
761b5ec93838adcc,TID_CLANGAMES_TASK_DESTROY_GOLDMINES,فوضى منجم الذهب
e217774047c0282b,TID_RECOMMENDED_TARGET,الهدف الموصى به
6956544f180b8ef1,TID_LAYOUTS_DEFENSIVE_LAYOUT,المخطط الدفاعي
52977807b1b470c8,TID_MAINTENANCE_COMING_SOON_TITLE,تنبيه صيانة
ce996bdf3ac612e1,String,String
488a4513a5a4b114,TID_CLANGAMES_TASK_DESTROY_BB_STARLABORATORY,كسر الزجاج
c6e3bd1f74e9167e,TID_ATTACK_BUTTON,هجوم
718c4ee926fa876b,TID_ONLINE,عبر الإنترنت
d3094f3e60dcc6c6,TID_DECORATION_SKULL_ALTAR,جمجمة قديمة
934d903dbbb7f003,TID_WAR_STATS_HEADER_DEFEAT_BASES,هزيمة قواعد حرب العدو
a8fe661ee36e3d45,TID_CLANPERK_DESC_TROOP_REQUEST,مدة انتظار طلب التبرع:
78c411f0f4db9e49,TID_LOCKED_BY_BARRACK_LEVEL,
1c000f01280523e7,TID_WL_INFO_LIVE_TAB2_TEXT,يعتمد حد المكافآت الخاص بك على مستوى دوري قبيلتك ومركزها عند نهاية الموسم. تفوز بـ 20% من المكافآت، إضافة إلى 10% أكثر عن كل نجمة تحصل عليها. تحصل على المكافأة بالكامل عند جمع 8 نجوم أو أكثر.
e1973218170f90e1,TID_ALLIANCE_WAR_NOT_PREPARED_FOR_WAR,الاستعداد للحرب...
d9114d8994f09497,TID_BATTLEPASS_TASK_INFO_USE_HEALERS,استخدم المعالجات لربح <num> من النجوم من معارك متعددة اللاعبين.
90e362201675902a,TID_STARTER_UPGRADEWALL,الاحتماء بحواجز
b3d5b6af7971fa79,TID_FULL_ARMY_REQUIRED_V2,تحتاج إلى جيش كامل للهجوم!
a8bfa9f967ba44d3,TID_ACHIEVEMENT_GOLDSTORAGE_UPGRADE,ترقية مخزن الذهب إلى المستوى <number>
d49e1d2dbe1212c3,TID_BOOSTER_BOOST_RESOURCES_OFFER_INFO,<num> من جرعات الموارد: عزز كفاءة مستخرجي الموارد لمدة <time>
f1ad7ddea73f2a69,TID_SHIELD_BUY_CONFIRMATION,تم تنشيط الدرع!
c7b9fe38effb02d8,TID_STARTER_WINSTARS,معارك النجوم
98c2cf968c2b2bb2,TID_UPGRADE_INFO_DPS,<old> الضرر في الثانية (+<num>)
de0a7fd677f052d9,TID_BP_PERK_NEEDS_PREMIUM,يفتح باستخدام التذكرة الذهبية
8bd369bc6eacf44e,TID_NPC_CHALLENGE_TH9_LAVALOON_CLEAN_UP,انشر بقية القوات والتعويذات لتدمير القاعدة.
4be4d2d880b75f49,TID_DEFAULT_VILLAGE_NAME,قرية <name>
67d479b917a2bf3b,TID_HALLOWEEN_EVENT_2023_TITLE,المزيج المجنون
f7bf28a47f69ccf5,TID_STARTER_TH4_UPGRADEBARRACKS,ثكنات أفضل
70251e24243662b2,TID_CLAN_GAMES_NO_REWARDS_EARNED,فُز في تحدٍ واحد على الأقل، وابلغ مستويات جائزة نتيجة القبيلة حتى تربح الجوائز.
01e3d1f13276840c,TID_BUILDING_CUSTOMIZE_BUTTON,تخصيص
ce1a2f68658e5a64,TID_BOOSTER_BOOST_PRODUCTION,جرعة التدريب
5622051179a7ce99,TID_GEAR_RESOURCE_GENERIC_INFO,اجلب هذا المعدن الخام السحري إلى الحداد لترقية معدات أبطالك.
ad9958bd2193bc47,TID_HINT_CHAT_REPORT_LIMIT,استخدام الإبلاغ المتوفر في المحادثة عند الضرورة؛ لا تكن مبالغًا!
d3dfbb559820f566,TID_WAR_STREAM_ENTRY_TIME,متبقٍ <time>
da9a84a3b1a5df25,TID_CLAN_ADVANCED_SEARCH_RESULTS_WITH_NAME,عرض نتائج البحث لـ\q<name>\q، باستخدام خيارات متقدمة
36f1b43f9800c352,TID_DIAMOND_BUNDLE_TH6_REVISED_INFO,• <booster1> كتاب المباني\n• <res0> من الذهب\n• <res1> من الإكسير\n\nلا توجد حدود للتخزين!\n\nلا تفوّت هذا العرض الذي يمنح <cffec78><value> من أمثال القيمة</c> ويأتي مرة واحدة!
dc80e7128edb37f3,TID_SUMMON_SPEED,سرعة النشر: <number>
5f7edc76125fa3b4,TID_FB_CONNECT_NOT_SAFE_TEXT_ANDROID,ربط قريتك بـ Facebook يتيح لك أن تكون متصلاً مع أصدقائك. لحماية تقدمك واللعب على أجهزة متعددة، من فضلك قم بالتسجيل إلى Google Play.
4fbe7ff1a466e1a9,TID_PET_SPIRIT_FOX,الثعلب الشبحي
6d0c41eef63347f3,TID_PET_ALREADY_AT_MAX_LEVEL,بلغ هذا الحيوان الأليف أقصى مستوى!
aa159667e3e86a6a,TID_SIEGE_MACHINE_STORAGE_CAPACITY,سعة آلة الحصار: <number>
3b65804955ea640b,TID_CLANGAMES_TASK_DESTROY_BB_MULTIMORTAR,إحراق جميع البراميل!
92398e05a29134f2,TID_HELP_TRAINING_SPELLS_HELP_POPUP,يمكنك تحضير المزيد من التعويذات وتركها هنا حتى تتوفر لدى جيشك مساحة فارغة.
1d6d0753415b8e0c,TID_CLANGAMES_TASK_INFO_BEAT_ELIXIRTARGET,اغنم <num2> من الإكسير على الأقل من معركة متعددة لاعبين واحدة.
9f8bf1dc1a3234c7,TID_DIAMOND_SHOP_PACK,<number> جوهرة
0a8940099cc14ad1,TID_CLANGAMES_TASK_INFO_DESTROY_SCATTERSHOTS,دمر <num> من المجانق في معارك متعددة اللاعبين.
9b38019fa86a425c,TID_CHARACTER_SUPER_HOG_RIDER_INFO,ثنائي الراكب وخنزيره الخطير صار الآن أكثر روعة من ذي قبل. إنهما ينطلقان معًا، ثم ينفصلان ليواصلا القتال معًا.
cbf325b6b56ab6ad,TID_SHOP_CATEGORY_SPELLS,التعويذات
c7e727140b831e8a,TID_BUILDING_CANNON2,مدفع
cbd40e7d5ea4e6b6,TID_CAPITAL_SHOP_CONFIRM_TITLE,أتريد الشراء؟
e72d92ed08a4de6a,TID_NPC50,ملك الغول الإصدار 2
1bce5db843afd0b4,TID_YOUR_ATTACK,هجومك:
30a30c62bbbc85ea,TID_CLANGAMES_TASK_USE_GIANTS,فرصة العملاق
6dfec462d4b6e41d,TID_TOWN_HALL_LEVEL_TOO_LOW,أنت بحاجة إلى ترقية قاعة المدينة إلى المستوى <number>!
0a97e60dd239b400,TID_CHALLENGE_WAIT_HEADER,بانتظار زميل في القبيلة للهجوم!
b9e7af6f9d3fa852,TID_SINGLE_PLAYER_LEVEL_WARNING_HEADER,تحذير!
46e56a3341c9e6dd,TID_REINFORCEMENT_CAMPS_UNLOCK_BH,للفتح في\nقاعة البنّاء 6
b92cf8c785ad0174,TID_BUTTON_REPAIR_TRAP_ALL,إعادة تسليح الكل
9d1509f0076af96d,TID_NPC_CHALLENGE_TH6_GIWIWA_HEAL2,استخدم <cffe346>تعويذة شفاء</c> أخرى على <c54a0fe>العمالقة</c> ليستردوا صحتهم!
8b76185de58ef3da,TID_FORUMS_BUTTON,المنتديات
4d1fb8d7b9bb3d7c,TID_NUM_ATTACKS,عدد الهجمات
f34ac011b3aaceec,TID_BATTLEPASS_TASK_WIN_BATTLES_USING_BOMBERS,هدم الجدران
73512f188e629068,TID_BATTLEPASS_TASK_WIN_STARS_USING_FREEZE,طقس بارد
c047ced246781679,TID_6ANNIVERSARY_OFFER_MAGICITEMS_BOOKS_AND_RUNES_INFO_4999,• <booster1> من كتب الأبطال: أكمل أي ترقية أبطال جارية على الفور.\n• <booster2> من كتب المباني: أكمل أي ترقية مبانٍ على الفور.\n• <booster3> من تمائم الذهب: املأ مخازن الذهب لديك بالكامل.\n• <booster4> من تمائم إكسير الظلام: املأ مخازن إكسير الظلام لديك بالكامل.\n\n• تخزين بلا حدود!\n• يمكن شراء هذا العرض 4 مرات!\n\nاحصل على مجموعة الذكرى السنوية الآن. متوفرة لفترة محدودة فقط!
50c86233dae20b01,TID_POPUP_GOBLIN_BUILDER_HEADER,مرحبًا أيها الزعيم!
e44d2725b1eded21,TID_POPUP_BOOST_BUILDERS_TITLE,أتريد تسريع البنّائين؟
cff380bb7cf0b184,TID_CLANGAMES_TASK_INFO_USE_BETAMINIONS,اربح <num> من النجوم من معارك البنّاء باستخدام <num2> من كائنات المينيون المشعة.
37f66101859ec9fd,TID_BOOSTER_CLOCKTOWER,جرعة برج الساعة
6fb09c51027cf7c4,TID_NPC_CHALLENGE_TH10_MINER_WIZARDS1,انشر <c54a0fe>السحرة</c> لتدمير بعض المباني. سيضمن هذا بقاء <c9916c8>الملكة رامية السهام</c> داخل القرية.
884c26c9342777c1,TID_ADVANCED_SETTINGS,مزيد من الإعدادات
6d8e89db49581338,TID_BP_REWARD_AVAILABLE,تم فتح هذه المكافأة وهي الآن متاحة للتحصيل.
74fe8e3da45636ef,TID_HINT_LEAGUE_SHOP,يقدم متجر الدوري بعضًا من أفضل الجوائز على الإطلاق، ولكنك ستحتاج إلى القتال في دوريات حروب القبائل للحصول عليها!
349b7cb9f6673db9,TID_HINT_PUSH_TRAP,قم بتدوير فخاخ الدفع لكي تقذف القوات في الاتجاه الذي تريده.
13b1fa35ce39220a,TID_SHARE,مشاركة إعادة العرض
97c364e00917dcd2,TID_SHOP_NEW_ITEM,جديد
df37a1c75878e625,TID_BP_SEASON_BANK_CAP_INCREASES,زيادات الحجم:
3ef9089d6fca2c0d,TID_CHARACTER_INFO_MOVING_CANNON,مدفع على عجلات؟! مهلاً، هل تحوّل للتو إلى مدفع هاون؟؟ أعتقد أنهم لم يتوقعوا حدوث ذلك! إنه قوي ومتعدد الاستخدامات!
0e937ed327740559,TID_HINT_TH12_MAX_LEVEL_WEAPON,احترس من الاندفاع إلى قاعة المدينة 12 التي تمت ترقيتها بالكامل؛ فهي تنفجر عند تدميرها!
5262395143851da7,TID_TRAP_EJECTOR_INFO_SHORT,المهمة الأقل تفضيلاً للقرويين هي إرجاع الينابيع.
54fd332881e5c428,TID_COSMETIC_ESTATE_3X3_WOODEN_HOUSE,منزل خشبي
e8efab1382aa567d,TID_LEAGUES_LEAGUE_ORDER,مستويات الدوري
e674f6214257568b,TID_REENGAGEMENT_LAB_NO_UPGRADES_SOME_LEFT_1,لم ينجح السحرة في الاتفاق حول البحث التالي فتوقفوا.
9676c3deb6685c9e,TID_DEVICE_LINK_ERROR_GAME_CENTER_ANDROID,لم يتم تسجيل الدخول إلى Google Play
758b86f5ffc7316b,TID_LAYOUTS_EMPTY_SLOT,فارغ
307dde4983bdd992,TID_SIEGE_MACHINES_OVERVIEW,نظرة عامة
e67a3ca6edee1a3e,TID_BUTTON_BOOST_BUILDERS,تسريع البنّائين
88fd990c56931e88,TID_SHIELD_PROTECTION,خفض الضرر القادم: <number>%
e9f199077fbe1fe9,TID_SKIN_LEAGUE_CHAMPION,بطلة الدوري
bcecdebdf319477a,TID_DIAMOND_BUNDLE_MAGICITEMS_BUILDER_BASE_BUILDER_POTION_WITH_GOLD_INFO,• <res0> ذهب البنّاء\n• <booster1>x جرعة البنّاء\n• لا حدود للتخزين!\n\nكل ما تحتاجه لترقية قاعة البنّاء والدفاعات!
9977d5f399252c48,TID_BUILDING_OTTOS_OUTPOST_INFO,منزل أوتو والمبنى الأساسي في المرحلة الثانية. قد يحتوي على آليين نشيطين إضافيين.\n\nيمنح تدمير مركز قيادة أوتو مكافأة نجمة إضافية في الهجمات.
cf6f3d2b0492e1c7,TID_LUNAR_QUEEN,ملكة العام القمري
0a3991931df55896,TID_REINFORCEMENT_CAMP_INFO_SHORT,التأخير أفضل من العدم! يوفّر القوات بعد المرحلة الأولى.
127cf0dc42c13de2,TID_LANGUAGE_LOCALIZED_NAME,العربية
30ddd06226e8bdcc,TID_CHALLENGE_TH12_BOWIGI,بولينغ الساحرات
1e40c934d0e89c49,TID_CLAN_TAG_UNDERDOG,متواضعة
64f155e452b46a54,TID_HINT_RESOURCE_LOSSES,حتى إن تدمرت قريتك بالكامل، تحتفظ دائما ببعض من الذهب والإكسير.
5a267585cee59bf6,TID_MAINTENANCE_UPDATE_TITLE,تحديث قادم!
886f12c98ab12971,TID_ACHIEVEMENT_SPELL_DONATION_TITLE,المشاركة تعني الاهتمام
235f5af47d44a213,TID_BUTTON_DISABLED_REWARD_WOULD_OVERFLOW,المساحة بمخازنك لا تكفي <reward>.\nقم بإخلاء مساحة أو اختر جائزة مختلفة.
d0bfb9d14ddabe47,TID_BATTLEPASS_TASK_INFO_USE_MINERS,استخدم عمال المنجم لربح <num> من النجوم من معارك متعددة اللاعبين.
d6a3a7c95dd49d10,TID_SETTINGS_SNOW,ثلج
c9c8e8cbf162a96b,TID_AUTO_FORGE_SLOT_DESC,اصنع بنصف الموارد ودون الحاجة إلى بنّاء. يتم الفتح عبر التذكرة الذهبية.
38de76e5e28549df,TID_ERROR_POP_UP_CONNECTION_LOST_BUTTON,حاول ثانيةً
87cea14641b6ddf5,TID_POPUP_SPEED_UP_FORGE,هل تريد إكمال صياغة ذهب العاصمة الآن؟
43615d69a01d2488,TID_LEAGUE_WARDEN,آمر الدوري
6230f098a643b436,TID_BOOSTER_MAX_LEVEL_ARMY_ENABLED,تم تعزيز الجيش
2640fca1b2ce6f3e,TID_ADD_FRIENDS_INFO,يظهر الأصدقاء على Game Center عند تسجيل الدخول إلى Game Center
bff3b5835a609bee,TID_TUTORIAL_WAR_LEAGUE_4,أولاً، سنخوض معركة تلو الأخرى.
a4ba9935eff3cad5,TID_ACHIEVEMENTS_VILLAGE3,عاصمة القبيلة
a43735d9b20f2d88,TID_LEAGUE_WOOD5_SHORT,الخشب 5
c149e3f6021f2e3e,TID_ACHIEVEMENT_DESTROY_ARTILLERY,تدمير <number> من مدفعية النسر في معارك متعددة اللاعبين
4755e28902104bec,TID_CAPITAL_RAID_VISIT_FAILED,فشل استكشاف المنطقة
0e16894d4eb1c71d,TID_GOLD_PASS_MAGIC_ITEMS_DETAILS,عناصر السحر رائعة لكن أتعرف ما الأروع؟ المزيد من عناصر السحر!\n\nافتح ما يعادل حمولة قارب من عناصر السحر باستخدام التذكرة الذهبية. اطلع على التفاصيل الكاملة في مسار الجوائز.
82b3b7acdad78f5c,TID_BATTLEPASS_TASK_START_ANY_UPGRADE,متعة البنّاء
0d08c6498177763d,TID_BP_TAB_BANKS,البنوك
779ab4c8128d0594,TID_RAID_WEEKEND,غارة نهاية الأسبوع
98e932322e56435d,TID_VIEW_ALLIANCE,عرض القبيلة
b0fce8328baf102e,TID_SHARE_DIALOG_COPY_ALERT_MESSAGE,تم نسخ الرابط إلى الحافظة
26106f62a5adf71c,TID_LEAGUE_PLATINUM2_SHORT,البلاتين 2
701b64085f11a0f5,TID_TUTORIAL_MEET_NEW_BUILDER,خخخ...
c7d30bf9e98eb86f,TID_LEAGUE_CLAY4_SHORT,الطين 4
7c4ecd4d862a3bb0,TID_HOUSING2_INFO,قواتك مرابطة في معسكرات الجيش. يسع كل معسكر نوعًا واحدًا من القوات في المرة الواحدة. يمكن ترقية بعض القوات لكي تشغل مساحة أقل في المعسكر!
3b932f17eceb1fe2,TID_POPUP_BOOST_BUILDERS_TEXT,أتريد تسريع البنّائين بمقدار <multiplier>x لمدة <time>؟
39d4687d8025ce97,TID_ACHIEVEMENT_DESTROY_WEAPONISED_TH_TITLE,الأمر ليس سهلاً هذه المرة
95e67b35b95ce562,TID_PEKKA2_ABILITY_HELP,يسبب <num> من الضرر في انفجار هائل عند تدميره
431241494d6ee17a,TID_TUTORIAL_OWN_HOUSE_2,يبدو أنك تحب اللون البني جدًا؛ لذلك زيّنته على هذا النحو.
c0596d31e0e66e7a,TID_CHESS_KING,ملك الشطرنج
1df245436e67df44,TID_BUY_MISSING_RESOURCES_TEXT_TWO,هل تريد شراء <count> من <resource> و<count2> من <resource2> الناقصة؟
43cc9d45843eec23,TID_SETTING_AUTO_USE_HERO_ABILITIES,استخدام القدرات تلقائيًا عند تلقي ضربة قاضية
89ae67a80697c72d,TID_SCOUT_BUTTON,استكشاف
b58e8379c11045bd,TID_TUTORIAL_CAPITAL_UPGRADE_1,اممم. قد يكون هذا أفضل بكثير. لنقم بترقيته!
afec87acb4b69db9,TID_STARTER_WINUSINGARCHER_INFO,اربح <num> من النجوم من المعارك متعددة اللاعبين باستخدام <num2> من راميات السهام.
2d03e0a7da4868b0,TID_VILLAGE_OBJECT_SHIP,قارب
3ff66f418b1b0aa3,TID_CANT_SIGN_UP_RAID_NO_ARMY,ابلغ المستوى 2 من قاعة العاصمة للمشاركة في غارات نهاية الأسبوع!
7055b493d5f81982,TID_CAPBUILD_SPELLLAB_GRAVEYARD_INFO,يحضّر براميل كبيرة مليئة بتعويذة المقبرة. يُرجى تجاهل صوت طقطقة العظام هناك.
bc70cbe7a369fbe8,TID_TRAIN_ALL_HOUSINGS_FULL_INFO,قم ببناء أو ترقية المعسكرات لاستضافة المزيد من القوات، أو أرسلها للقتال!
3bb92bf994517c1d,TID_BP_PERK_RESEARCH_BOOST,تعزيز الأبحاث
dbece3a5963c9852,TID_ACHIEVEMENT_GEAR_UP,إصقال <number> من المباني باستخدام البنّاء الخبير
210ce5689ff937fe,TID_LEADERBOARDBANNER_CLANTOURNAMENTS,بطولة القبيلة
3e9858586139205b,TID_RECOVERY_BUILDING_INFO_SHORT,حساء لذيذ يساعد على استرخاء القوات بين المراحل.
08ae91c7dc4d0831,TID_ALLIANCE_GAMES_ABOUT_TASKS_INFO,اربح نقاطًا لقبيلتك عن طريق إكمال التحديات.\nيوجد لدى كل عضو بالقبيلة حصة يجب إكمالها. كن نشطًا واسع للحصول على أفضل الجوائز لك ولقبيلتك.\nتأكد من اختيار التحدي الذي يمكنك إكماله في الوقت المحدد!
d030862cbd9177f4,TID_VS_ATTACK_CONFIRM_INFO,احرص على أن تكون جاهزًا قبل بدء التحدي الودي!
d8d94d9df4951081,TID_SHOP_PURCHASED,تم اقتناؤه
55fc2235ddbd716c,TID_SIEGE_CART,عربة الحصار
9284edb6c2c88021,TID_WL_INFO_SIGNUP_TAB2_HEADER,الجوائز
aa77c291330adf9d,TID_CHARACTER_INFO_RAID_CART,هل يوجد مدفع آخر على عجلات؟! قد يفتقر إلى عنصر المفاجأة، لكنه يعوض عنه بكميات هائلة من القوة النارية المضافة ومرافقة البرابرة المشاغبين!
a5920a03386c8746,TID_ATTACK_IN_PROGRESS_WITH_NAME,يشن <name> هجومًا
8aebc7911e0f4870,TID_DRAW,تعادل
34a5614307d6f471,TID_DECORATION_GENERIC,زينة
090ee926fd4fb7fa,TID_PROFILE_FRIEND_REQUEST_QUERY,إضافة صديق؟
abd8d5ac071472df,TID_CHARACTER_INFO_HOG_WIZARD,يجمع هذا الثنائي الخطير بين السلوك الناري والسحر لدى الساحر، والقدرات الحركية القوية لراكب الخنزير. سيرتجف الخصوم رعبًا عند سماع صوت اقتراب هذا الثنائي.
b1f34bf479fafdb7,TID_STARTER_TH3_BUILDMORTAR,خطر بعيد المدى
8d4fab899445f4c8,TID_ALLIANCE_WAR_XP_EARNED,نقاط الخبرة المكتسبة من القبيلة
4ce9d472883ccef9,TID_EVENT_STAR_BONUS_INFO,املأ خزينتك بسرعة أكبر!\n\nمكافآت النجوم تمنحك <starbonus> أضعاف الغنائم أثناء هذا الحدث.
40d25c178fddb9b0,TID_BABY_ELECTRO_DRAGON_ABILITY_HELP,يصيب الهجوم 3 أهداف.
74d505ff2bb8e8b4,TID_MULTIDEVICE_INFO_ANDROID,سجل الدخول باستخدام حساب Supercell ID لحماية تقدمك واللعب على عدة أجهزة.
62c15cfaac314fec,TID_BP_ACTIVATE_SCID_TITLE,أتريد الحصول على التذكرة الذهبية؟
0023b0eeb333f751,TID_UPGRADE_COUNT_LIMITED,يمكنك أن ترقّي عددًا إضافيًا يبلغ <num> من هذه المباني
c95ca7cc52668857,TID_NPC_CHALLENGE_TH6_GIWIWA_WIZARDS2,الساحل خالٍ! انشر المزيد من <c54a0fe>السحرة</c>!
71969c648138dd99,TID_DECORATION_UPARROW_FLAG,علم الإشارة
bfd750cd5f370ad3,TID_BATTLEPASS_TASK_WIN_BATTLES_USING_JUMP_INFO,استخدم تعويذات القفز لربح <num> من المعارك متعددة اللاعبين.
f21697bde2c0e642,TID_NEWS_TH11_UPDATE_SHIELDS_TEXT,• تدمير قاعة المدينة لم يعد يمنح درعًا - اجلب قاعة المدينة إلى الداخل!\n• يمكنك الهجوم أثناء تشغيل الدرع في أي وقت مقابل تقليل صغير للدرع\n• احصل على درع عند 30% دمار، والمزيد عند 60%، ولكن فقط عند هجوم جيش كبير
1f6bfcfb1119becd,TID_EVENT_ARMY,حدث الجيش
49bfb368bbaf1047,TID_CANCEL_FRIENDLY_WAR_SENDER_TEXT,هل تريد إلغاء تحدي الحرب الودية؟
6a36041de953b16d,TID_CHARACTER_INFO_TREANT,تنسجم هذه المحاربة الأرضية مع الطبيعة لدرجة أنها لا تحتاج إلى المشي بنفسها. تخوض المعركة وهي تعتلي جذر شجرة قويًا يمكنه تحطيم الجدران وتحطيم الدفاعات إلى فتات.
a7c1bfb64c680350,TID_WAR_BASE,تعديل قاعدة الحرب
4e4b074638f404dd,TID_CHALLENGE_TITLE,تحدٍ ودي
ea999ed72166341c,TID_CHARACTER_INFO_YETIMITE,اليتي الصغار ظريفون للغاية لكنهم يغضبون بشدة عندما يتعرض صديقهم الكبير للأذى. إذا آذيته، فسيهاجمون أقرب دفاع بعزيمة مخيفة.
49d0e1260bfe07ba,TID_BP_PERK_SAVINGS_MULTIPLIER,مضاعف بنك الموسم
082f6eda826841b9,TID_GEM_COMPENSATION_CLAN_GAMES,مرحبًا أيها الزعيم! لاحظنا أنك فقدت المكافآت التي حصلت عليها من مباريات القبيلة الأخيرة. للأسف لا نستطيع منحك الموارد والعناصر السحرية؛ لذا فقد أرسلنا إليك 50 جوهرة عن كل مستوى مكافآت مفتوح. نعتذر عما حدث. واصل القتال!
7f69c35f34630d93,TID_START_WAR_FAILED_NOT_IN_ALLIANCE,لا يمكن بدء الحرب، يجب أن تكون في قبيلة لبدء الحرب!
ccef91421905dc79,TID_EP_GET_BANNER_TITLE,شراء تذكرة الحدث
f5e3be6aee04d2a4,TID_BP_SPELL_UNLOCKED,تم فتح <spell>!
3ecae1d9515841b6,TID_CHARACTER_BARCHER,رامي السهام البربري
ab204762720bd687,TID_SPEED_UP_TROOP_REQUEST_HEADER,اطلب الآن!
90eba0740b6667c9,TID_UNLOCK_BUILDINGS,إلغاء قفل المباني:
f9a7435d19caae44,TID_CONFIRM_SKIN_PURCHASE_TEXT,هل ترغب في الحصول على <name>؟
a23ca6469968b973,TID_CHARACTER_INFO_LAVALOON,من خلال مزج قنابل البالون هائلة الانفجار مع درع كلب الحمم شديد الصلابة، يدمر بالون كلب الحمم القاعدة بقنبلة واحدة في المرة.
198fcff1708c4cc1,TID_CHARACTER_MECHA_DRAGON_INFO,تدمر هذه الوحدة الجوية أي دفاعات تصادفها بكل سرعة وحماس. يدّعي الهيكل العظمي الذي يركبها أنه بريء من كل ذلك، ولم يلمس أزرار الإطلاق.
98ac8182e419fcf0,TID_REQUIRED_DARK_BARRACK_LEVEL,مطلوب المستوى <number> من ثكنات الظلام
6f601f78b9ab883d,TID_EVENT_TOKENS,أوسمة المزيج
48e5b0148ad19c00,TID_CHARACTER_INFO_SUPER_BARBARIANS,يمكنك دائمًا الاعتماد على عصابة من البرابرة الخارقين للتصدي الطارئ للأعداء بالضربات القوية. تتمتع بأقصى قوتها بعد نشرها، لكن تحافظ على أخلاقيات العمل الجيدة حتى بعد التهدئة.
c566f723a9993cf4,TID_TASK_DONATE_TROOPS,التبرعات اليومية
a36805897ed27401,TID_FRIENDLY_ARMY,الجيش الودي
da4a57b08ae39926,TID_NPC_CHALLENGE_TH11_LAVALOON_STONE_SLAMMER,انشر <c54a0fe>بالون الحجارة</c>، فهو يحمي <c54a0fe>بالوناتك</c> ويدمر الدفاعات!
014ea1160b1e6f45,TID_SCENERY_PIRATE,منظر القراصنة
dfbb74cb98fdf4f3,TID_UNLOCK_GEAR,لفتح المعدات:
fc0f017823914282,TID_MAX_MEDALS_INFO,الأوسمة المُطالب بها من المسار
3bf990aa64650177,TID_CLANGAMES_TASK_INFO_USE_RAGEDBARBARIANS,اربح <num> من النجوم من معارك البنّاء باستخدام <num2> من البرابرة الغاضبين.
7237acfee366bd19,TID_ALLIANCE_WAR_PERSONAL_LOOT_RESULT,تم منح مكافأة الحرب
44f850a9de8d9169,TID_BATTLEPASS_TASK_INFO_WIN_BATTLES_USING_CANNONCARTS,اربح نجمة في <num> من معارك البنّاء باستخدام <num2> من عربات المدفع.
318d3416f71ba0ff,TID_CHARACTER_INFO_BARBARIAN_SHORT,محارب عظيم يدمر الدفاعات بسيفه.
d4aa7f8f5e126fd3,TID_FORCED_TO_STAGE,يجب وضع <name> في المرحلة <stage>.
b1f21362bb1ee6f0,TID_LEAGUE_EMERALD1_SHORT,الزمرد 1
7877bd8aebb8a531,TID_CAPITAL_RAID_TARGET_UNDER_ATTACK,تتعرض المنطقة للهجوم بالفعل
511cb781553947e9,TID_INFOBUBBLE_BUILDER_SUGGESTION,ترقيات مقترحة:
9c0302f0a7486c78,TID_NPC_CHALLENGE_TH11_LAVALOON_BARBARIAN_KING,انشر <c9916c8>الملك البربري</c>.
41ac6d91b5de4afe,TID_WAR_LEAGUES,دوريات الحروب
fec77162cb077d34,TID_SEARCH_TAB_BOOKMARKS,المرجعيات
a86d5687fde71387,TID_DECORATION_CLOCKWORK_STATUE_INFO,قد يبدو جامدًا، لكن إذا أمعنت النظر فيه، فسترى العجلات المسننة تدور!
112819af73d71b09,TID_DIAMOND_BUNDLE_BH4,حزمة قاعة البنّاء 4
19a07dc28f354b16,TID_DAILYLOGIN_BUTTON_CLAIMED,مُطالب بها
054ffc5e0e6ac408,TID_YOUR_CLAN_IS_ALREADY_IN_WAR,قبيلتك في حرب بالفعل
5f8c8207fc50fd20,TID_NEWS_BUTTON_GO,ابدأ!
09078236d334ef5a,TID_OVERQUEUE_HELPER_SPELLS,ستتحرك هذه التعويذات إلى جيشك عندما تتوافر مساحة فارغة!
070192472d24bf29,TID_HOG_GLIDER_ABILITY_HELP,يصدم الهدف لمدة <num> من الثواني عند الارتطام به.
c05079e22739b226,TID_GOBLIN_SPEAKS_2,ربما تمكنت من هزيمتي مرة من قبل، لكن معسكر الغيلان هذا أقوى بكثير.
56fe3e375435fbe1,TID_DECORATION_CERTIFIED_CLASHER_STATUE,تمثال المقاتل المعتمد
f043b4ce2a81c2b3,TID_PIXEL_WARDEN,آمر البكسل
e2a082cea2e0c4f2,TID_TRAINING_BUTTON_BOOST,تسريع
cec22fc47529c1e2,TID_DEMOTE_TO_ADMIN_CONFIRMATION,تخفيض رتبة <name> إلى عضو قبيلة مميز؟
e8e87e2b1ecc3a04,TID_BUILDING_UNDER_CONSTRUCTION,<building> قيد البناء.
1c1aae5ffedc2606,TID_SLOW_SPEED,تقليل السرعة: <number>%
44a2538ef1ab2e9b,TID_CHALLENGE_COMPLETED,مكتمل!
bd5cc482550a6401,TID_ERROR_POP_UP_LOGGED_FROM_ANOTHER_DEVICE_BUTTON,إعادة التحميل
9326ccab99a0f5ff,TID_ALLIANCE_WAR_BEST_ATTACK_ENEMY,أفضل هجمة للعدو:
fe668f8b0ac2ae81,TID_BOOSTER_USE_MAX_LEVEL_ARMY,تعزيز الجيش
2837140b0cce26a7,TID_HERO_ABILITY_LEVEL,مستوى القدرة: <number>
a958aa5f9c605b83,TID_NPC_CHALLENGE_TH10_MINER_HEALERS,انشر <c54a0fe>المعالِجات</c> للحفاظ على نقاط صحة <c9916c8>الملكة رامية السهام</c>!
905c998718d8fef0,TID_CLANGAMES_TASK_INFO_WIN_BATTLES_USING_HEADHUNTER,اربح <num> من المعارك متعددة اللاعبين باستخدام <num2> من صيادات الأبطال.
87d7c4f1f5a2f7fa,TID_STATUE_LNY_2023_INFO,كيف تعيد الأرنب إلى داخل القبعة؟
cfb3be92f667621b,TID_OFFER_SEASON_CHALLENGES_TEXT,تمتع بـ 20 مرة من أمثال القيمة كحد أقصى في تحديات الموسم!
8601518524db0584,TID_ALLIANCE_WAR_ATTACK_CONFIRM_2STARS,فازت قبيلتك بالفعل بنجمتين من هذه القرية. أتريد المحاولة للحصول على نتيجة أفضل؟
7f59a6cc8e947b0a,TID_BATTLEPASS_TASK_WIN_BATTLES_USING_HASTE_INFO,استخدم تعويذات التسرع لربح <num> من المعارك متعددة اللاعبين.
97be9c73f60284f5,TID_MAP_LOCATION_16,التلال المشتعلة
e5f3a29eca6f9d8f,TID_ACHIEVEMENT_DESTROY_WALLS,تدمير <number> من الجدران في معارك متعددة اللاعبين
32644d655c6f1cf6,TID_EVENT_TITLE_REGULAR_THEMED_BATTLE_TH0212,بوتقة الحرب
63c93c06a0517e7f,TID_LEAGUE_BRASS2_SHORT,النحاس الأصفر 2
88fb4e551fd0d1b3,TID_POPUP_SPEED_UP_BOOSTER_CONSTRUCTION,هل تريد إنهاء إنشاء <item> باستخدام <booster>؟
b2d9ab86f280d730,TID_ERROR_POP_UP_AUTO_DISCONNECTED,تم قطع اتصالك بسبب عدم النشاط.
7620b2a1536f235f,TID_EVENT_ACHIEVEMENT_BOOSTER_XP_REWARD_CLAIMED,انتهى الحدث! حصلت على <number> من الـ<booster> <xp>ونقاط خبرة!
acf1bbd6f10e64ce,TID_BB_BATTLE_LOG_ONGOING_ATTACK,تتعرّض لهجوم!
7673118ab5120c86,TID_BOB_TASK_DEFENCE,\nأنجز المهمة بترقية أي دفاع لقاعدة البنّاء إلى المستوى <level>.
af475950251bc5ef,TID_OBSTACLE_TREE_STUMP,جذل شجرة
e8be9096272fb72c,TID_SUPER_TROOP_INTRO_TEXT,عزز القوات إلى قوات خارقة لتصبح آلات حرب مدمرة تفتك بالقرى.
861d8eded8b4450d,TID_ACCEPT_FRIENDLY_WAR_NOT_AVAILABLE_IN_MODE,العودة إلى الصفحة الرئيسية لقبول تحدي الحرب الودية!
11ab5ec6b472dae5,TID_BOOST_ALL_POPUP_TITLE,تعزيز التدريب والتطوير!
c872212c7238ba15,TID_VALENTINES_QUEEN,الملكة صيادة القلوب
618c3998895dd3df,TID_STARTER_TH2_UPGRADEGOLDMINE,جنون المناجم
daf7408cfd9eff6a,TID_EARTHQUAKE_INFO_SHORT,هز الأرض لتفتح قاعدة.
a99cfb4ea948662e,TID_ACHIEVEMENT_TOWN_HALL2_TITLE,هندسة ممتازة
726693f3b687ac2b,TID_GOOD_VALUE,قيمة رائعة!
943d4f3ed3e128db,TID_DECORATION_8YEAR_BIRTHDAY_STATUE,\qقطعة من كعكة عيد الميلاد\q
94e55a51e537236f,TID_NPC42,بارد كالثلج
b1f74f5f542b3f8c,TID_SHOP_CATEGORY_TREASURE,كنز
760feb46d68fc2f8,TID_KICK_DEFAULT_MESSAGE,المعذرة، قررنا طردك من القبيلة.
79d5fc814df164a6,TID_BOOSTER_FREE_SPELL_UPGRADE,مطرقة التعويذات
170fc222dbb66570,TID_ACHIEVEMENT_GEAR_UP_ONE,إصقال مبنى واحد باستخدام البنّاء الخبير
044141d541086262,TID_NEWS_UPGRADES_TEXT,
248b17b87f7064cf,TID_SHOP_OWNED,تم الاقتناء:
da65afbdc0738569,TID_SPECIAL_OFFER_EASTER_LIMITED_4999,مجموعة الربيع الخاصة
f1836cecf3bde7f9,TID_ADD_FRIEND_ERROR_DOES_NOT_EXIST,اللاعب الذي حاولت إضافته غير موجود.
380d72193ab5612a,TID_WATCH,مشاهدة الفيديو
32824ba5ed048d3d,TID_WL_LEADERBOARD_BRACKET_POS3,المركز 3 في المجموعة
b468ec2a11d53af2,TID_HINT_ROYAL_CHAMPION,تستطيع البطلة الملكية القفز فوق الجدران لمهاجمة دفاعات العدو.
b243b8d1f18bea40,TID_CAPBUILD_INFERNO,برج النار
4d378a7c611f65a0,TID_LAVALOON_ABILITY_NAME,قنبلة + انفجار
6bdd276b24925f0c,TID_OFFER_DONT_MISS_ONE_TIME_OFFER_VALUE,لا تفوت هذا العرض الذي يأتي مرة واحدة، ويمنح <cffec78><value> من أمثال القيمة</c>!
3555833b54c24ba0,TID_DEVICE_LINK_ERROR_CODE_SAME_PLATFORM_TEXT_ANDROID,لا تحتاج إلى استخدام رابط الرمز للعب على العديد من الأجهزة التي تعمل بنظام تشغيل Android.\n\nللعب على جهاز Android آخر، يُرجى التأكد من تسجيل الدخول إلى Google Play على الجهاز الآخر حتى تتمكن من اللعب على جهاز Android آخر. ثم سجّل الدخول إلى Google Play على هذا الجهاز. (يمكنك العثور على تسجيل الدخول إلى Google Play من إعدادات اللعبة.)\n\nوستتم مزامنة تقدمك تلقائيًا.
8b846a3dabf2eadb,TID_SINGLE_PLAYER_LEVEL_WARNING,يوصى بأن تكون قاعة المدينة من المستوى <number> على الأقل لدخول هذه المعركة.
7296ba99e1faecef,TID_OPEN_TRAIN_SPELLS,صناعة
e6c5ed6d3cf1de20,TID_HINT_SPELL_POISON_CLOUD1,تعويذات السم فعالة جدًا ضد المجموعات الكبيرة من هياكل العدو العظمية.
d552dc5e820f1e61,TID_CAPBUILD_SPELLLAB_LIGHTNING,مصنع تعويذة البرق
dff3246dfd525c69,TID_BATTLEPASS_TASK_INFO_USE_GOBLINS,استخدم الغيلان لربح <num> من النجوم من معارك متعددة اللاعبين.
400ff3990e45f0b7,TID_TUTORIAL_GOLD_EARNING_LEAGUES,كلما ربحنا عددًا أكبر من الكؤوس، وصلنا إلى دوريات أعلى.
57364295525a0ae8,TID_BP_ACTIVATE_BUTTON,الشراء
c6ef4f8844009b77,TID_LEGEND_SEASON_INFO_TEXT,دوري الأسطورة به قواعد وجوائز خاصة في نهاية الموسم!
9607a2b1c7f372cc,TID_DECO_RUIN_ROCKS,حقل صخري
1872f94f17f966cc,TID_CLANGAMES_TASK_INFO_USE_LAVAHOUNDS,اربح <num> من النجوم من المعارك متعددة اللاعبين باستخدام <num2> من بطاقات كلب الحمم.
4ae8b695feb8a7af,TID_LAYOUTS_COPY_BUTTON,نسخ المخطط
8a2e7e14053e80d2,TID_UPGRADE_TH_LOCKED_TITLE2,المباني المطلوبة:
b33ac7fef8da5e11,TID_RES_PACK_INFO,• <gems> من الجواهر\n• <res0> من الذهب\n• <res1> من الإكسير\n\nبدون حدود على التخزين!\n\nاحصل على خصم هائل على الموارد لوقت محدود!
90047b39a33143cc,TID_GEAR_UP_TIME,مدة الإصقال
f6d836e471628942,TID_ALLIANCE_WAR_STREAM_DEFENDED,تم الدفاع!
dec82f87cd0dee62,TID_ALLIANCE_JOIN_OK,أنت الآن عضو في قبيلة <name>!
ae1ec3b94914c3f3,TID_CLAN_TAG_NEWBIE,مبتدئ
6c1de1a1f248fa2d,TID_CLAN_GAMES_LEAVING_SOON_REWARDS,مباريات القبيلة قاربت على الانتهاء، تقدم لتحصل على جوائزك!
529f4806ebc90632,TID_SUPER_WIZARDS,السحرة الخارقون
de16e0b6b9f36d0e,TID_LAYOUT_EDITOR_UNAVAILABLE,محرر المخطط غير متاح لمدة <time>
a967d74756203b52,TID_TRAINING_CAPACITY,سعة التدريب: <number>
e23fc8be77fb5ceb,TID_LEAGUE_SILVER,فضي
5419b5459bd9f260,TID_BUY_LAYOUT_SLOT_HEADER,أتريد موضعًا جديدًا؟
334da10ede17f72c,TID_HITPOINT_INCREASE,رفع نقاط إصابة: <number>
57b12244fde1c9de,TID_JUMP_SPELL_INFO_SHORT,لمَ تخترق الجدران إذا كنت تستطيع المرور فوقها؟
33beff80c06a8ab3,TID_BOOSTER_HERO_POTION_MAXED,يتعذر تعزيز الأبطال إذ أن مستواهم قد بلغ حده الأقصى!
edfcf691140f5fab,TID_PERSONALISED_SHOP,العروض الشخصية
458aff8bc1391470,TID_DAMAGE_PER_HIT,الضرر لكل ضربة: <number>
8955a63f959e1241,TID_STARTER_TH3_JOINCLAN,البحث عن أصدقاء
2414bca59b7de681,TID_NO_FRIENDLY_ARMY,يجب أن تنشئ الجيش الودي أولاً.
cf4d14054ca03b6c,TID_REGULAR_THEMED_PREPARE_OFFER_INFO_TH0206_999,• <res0> إكسير\n• <booster1> من جرعات التدريب: لرفع كفاءة الثكنات، ومصانع التعويذات، والورشة، وإعادة إنتاج الأبطال لمدة ساعة واحدة.\n• <booster2> من جرعات القوة: لتعزيز قواتك وتعويذاتك إلى أقصى حد بمعدل ساعة واحدة حسب ما يسمح به مستوى قاعة المدينة.\n• <booster3> من جرعات الموارد: لتعزيز كفاءة مستخرج الموارد لمدة يوم واحد.\n\n• لا حدود للتخزين!\n• يمكن شراء هذا العرض 4 مرات خلال الفترة المحددة.\n• قم بترقية الأبطال والقوات واستدع التعويذات الأكثر قوة.
0d830fccf3477bc6,TID_CLAN_SEARCH_RESULTS,عرض نتائج البحث لـ\q<name>\q
356ad6f15f945b5b,TID_BATTLEPASS_TASK_DEPLOY_SIEGE_MACHINES,تحت الحصار
cc293d5922823069,TID_INFO_POP_UP_TOS_PP_BUTTON1,موافق
42363f5bacc94c00,TID_CAPBUILD_REFLECTOR_INFO,لم يتوقع أحد أن تعكس الدروع الدوّارة العتيقة هذه أي هجمات تتلقاها على المهاجمين... لكن هذا بالضبط ما يفعله سلاح العاكس.
276b49fef3cf8cb3,TID_BP_PERK_TRAINING_BOOST_DESC,يستهلك تدريب القوات وصنع التعويذات وآلات الحصار وقتًا أقل بنسبة <num>%. يحتاج الأبطال إلى وقت أقل بنسبة <num>% لاسترجاع صحتهم.
45c2ea2c3cd9f1bb,TID_BOOSTER_FREE_BUILDING_UPGRADE_ALT_2_LINE,مطرقة المباني
1b344761d81634bb,TID_DIAMOND_BUNDLE_TH8_INFO,• <gems> من الجواهر\n• <res0> من الذهب\n• برج القنابل مستوى 1\n\nدون وقت للبناء وبلا حدود على التخزين!\n\nلا تفوّت هذا العرض الذي يمنح <cffec78><value> من أمثال القيمة</c> ويأتي مرة واحدة!
57a3fe2b8afe168b,TID_NPC_CHALLENGE_TH12_YETI_YETIS,انشر قوات <c54a0fe>الييتي</c> لجذب انتباه <c9916c8>الآمر الكبير</c>.
2d981e834ab61e35,TID_STATUE_LNY_2023,تمثال العرض السحري
ed645f4cfccc677d,TID_LIGHTNING_STORM,تعويذة البرق
299415f0d986fe81,TID_ACHIEVEMENT_DESTROY_WEAPONISED_BUILDERS,دمر <number> من أكواخ البنّاء المسلحة في معارك متعددة اللاعبين.
3f1ce01ebfcfdfcf,TID_ALLIANCE_LIST_HEADER,قبيلة
4a81a56536e4c58e,TID_STARTER_CLEAROBSTACLES,تنظيف الحدائق
dbf845747e7fda83,TID_TARGET_ALREADY_IN_ALLIANCE,اللاعب في قبيلة بالفعل.
84cbb234d5fc9e25,TID_STARTER_INFO_REQUESTTROOPS_TH3,اطلب تعزيزات من قبيلتك <num> من المرات. يمكنك طلب تعزيزات عبر قلعة القبيلة أو قائمة التدريب.
41d23d1edaf96c6c,TID_STARTER_WINELIXIR,اغتنم الإكسير!
2d17cfeba5a127c5,TID_DOUBLE_CANNON_INFO_SHORT,قذائف مميتة من هذا المكان الرائع مزدوج المواسير.
57c7481c4910f38d,TID_TUTORIAL_WAR_MAP_FRIENDLY_3,انظر أيها الزعيم، هناك! لقد رأيت قبيلة العدو!
8eac3d07b655b379,TID_GOLD_STORAGE_INFO,ذهبك الثمين كله مخزن هنا. لا تدع الغيلان الخبيثة تقترب! قم بترقية المخزن لزيادة السعة والتحمل ضد الهجوم.
f47c6644f491f16f,TID_TENCENT_CREATE_NEW_ACCOUNT_CONFIRM_TITLE,حساب لعبة جديد
a0e2c32b54cc46a0,TID_DECO_CAP_REACHED,لقد بنيت بالفعل الكمية القصوى من هذه الزينة.
06b3a7fc9d59f9c2,TID_WL_EXPLAIN_REWARDS_TEXT,تعتمد مكافأة أوسمة الدوري الخاصة بك على عدد النجوم التي كسبتها ومستوى الدوري ومركز قبيلتك.
8dd07f806ceaa353,TID_GOOGLE_SERVICE_BOUND_TO_OTHER_ACCOUNT,هل تريد تحميل قرية الزعيم <name> بقاعة مدينة من المستوى <number>؟ تحذير: سيتم فقدان التقدم في اللعبة الحالية.
3fdfc2dc08cfc873,TID_LEGENDS_MATCHMAKING_SOON,قريبًا...
3a326f1fa50325b7,TID_DIAMOND_BUNDLE_MAGICITEMS_STRENGTH_POTION_ONLY_INFO,• <booster1>x جرعة القوة\n• لا حدود للتخزين!\n\nاحصل على أقصى استفادة من قواتك وجرّب تشكيلات جيوش جديدة!\n\nلا تفوت هذا العرض!
7772d23ea6812c5a,TID_BB_LEAGUE_ITEM_STAR_BONUS_REWARD,جائزة مكافأة النجوم:
5f9f1ef06e9257a0,TID_BP_SEASON_BANK_CURRENT_CAP,الحجم: <value>
9c98fa83b9993bb7,TID_BIND_TO_NEW_FACEBOOK_ACCOUNT,هل ترغب في ربط لعبتك الحالية بهذا الحساب على Facebook؟
11571edeb8f03387,TID_PUSHER,فخ الدفع
88753a30f5bfdd0c,TID_ALLIANCE_TYPE_INVITE_ONLY,بدعوة فقط
a4b2ae3097cb6369,TID_CAPITAL_ARMY_SAVE_FAILED_TOO_MANY_SPELLS,هناك عدد كبير جدًا من التعويذات لهذه القبيلة.
9b90a48fa8355d4d,TID_EDIT_MODE_BLOCKED,تم نقل المباني التي تسدها العوائق إلى مخزنك
df12e2c2aa536696,TID_TRAP_EJECT_HOUSING,سعة الزنبرك: <number>
fc03f671fb707a70,TID_UNLOCK_BUILDING_MULTIPLE,عناصر مفتوحة:
ce81389aca530148,TID_CHARGED_PEKKA_ABILITY_HELP,تلحق <num> من الضرر في انفجار هائل عند تفعيلها
f1ac718aadf468f3,TID_NPC_CHALLENGE_TH11_EDRAG_FUNNEL_EDRAG1,هذه القاعدة ضعيفة جدًا أمام <c54a0fe>التنانين الكهربية</c>. انشر واحدًا لتدمير <cf70d16>الدفاع الجوي</c> باستخدام البرق المتسلسل.
51d878d611b7336f,TID_BB_BATTLE_LOG_DEFEAT,هزيمة
d8fc8cece4aa4179,TID_LINK_SAME_PLATFORM_TITLE_ANDROID,المزامنة مع حساب Google
5db1c0b260c6266c,TID_ALLIANCE_WAR_MEMBER_STAT_DEFENCES,الدفاعات التي تم الفوز بها:
e2c671028bd6481e,TID_DEVICE_LINK_ERROR_CODE_ERROR_2_TITLE,حدث خطأ (102)
ab31dac317ad4325,TID_LINK_NEW_DEVICE_NEW_BUTTON,هذا هو\nالجهاز الجديد
124590fab58a177e,TID_STARTER_TH4_INFO_WINSTARSPRACTICE,اربح <num> من النجوم من مستويات التدريب. ستجد مستويات التدريب في قائمة الهجوم.
04c9462d53656587,TID_TUTORIAL_TRAIN_2,اضغط على الثكنات واختر تدريب القوات
0ac8c6897604d373,TID_LEAGUE_CHAMPION1,دوري الأبطال I
728acf9ee301f16c,TID_CLASHMAS_SLEIGH,زلاجة Clashmas
26c66c03a12c5c46,TID_SUPER_MINER_ABILITY,الانفجار الأخير
182c8d9c12ed1f0b,TID_DIAMOND_BUNDLE_TH4_REVISED_INFO,• <res0> من الذهب\n• <res1> من الإكسير\n• <booster1> من جرعة البنّاء\n\nدون حدود على التخزين!\n\nلا تفوّت هذا العرض الذي يمنح <cffec78><value> من أمثال القيمة</c> ويأتي مرة واحدة.
bde26cf96f74cc08,TID_ALLIANCE_WAR_UNDER_ATTACK_BY,تحت الهجوم من قبل <name>!
4584957940ebae9d,TID_CLASHIVERSARY_QUEEN,ملكة المستقبل
097e3292319e0bc2,TID_RAM_RIDER_ABILITY_TITLE,هجووووم!
be3d7cb1b14539c5,TID_GEAR_POPUP_DRAG_INFO,اسحب الأيقونات لتعيين المعدات للأبطال.
24160105cd00ec40,TID_PURCHASE_LIMIT_TEXT,لتجنب عمليات الشراء غير المقصودة، سيكون بمقدورك الشراء مرة أخرى خلال:
85f349aa3d19c8a2,TID_BATTLEPASS_TASK_INFO_USE_MINIONS,استخدم قوات المينيون لربح <num> من النجوم من معارك متعددة اللاعبين.
65ac5f0394aae77d,TID_ERROR_POP_UP_CONNECTION_LOST_TITLE,انقطع الاتصال
4311353d479a5a47,TID_ACHIEVEMENT_DONATE_UNITS_COMPLETED,إجمالي السعة المتبرع بها: <value>
8f1c7a39b16587b8,TID_TOWN_HALL_1_INFO_SHORT,هنا تبدأ أعظم الرحلات!
cdf20b686ed5eb22,TID_DEVICE_LINK_ERROR_GAME_CENTER_TEXT,يُرجى تسجيل الدخول إلى Game Center لإجراء الربط بالجهاز، ثم إعادة المحاولة.
8bdc63e310df13c1,TID_TREASURY_BOOSTERS_DESCRIPTION,تحتوي عناصر السحر على قوى مذهلة تتراوح من مساعدتك في الترقيات وحتى تعزيز أشياء متنوعة في قريتك وجيشك. يمكنك فقط الاحتفاظ بعدد محدود من كل عنصر في المرة الواحدة.
47ccd8514d94b17f,TID_NEWS_JUNE_V1_BALANCING_TITLE,ترقية مكثفة للقرية الأم
632b1e59a346d16d,TID_HERO_ABILITY_SUMMONED_UNITS_LEVEL,مستوى القوات المستدعاة: <number>
489a978bc60e0209,TID_TRADER_ITEM_GENERAL_ERROR,
029e1dfe75f194ef,TID_LEAGUE_STONE1,دوري الحجر 1
18c4419dc82e1ecb,TID_BOOSTER_USE_HERO_POTION,تعزيز الأبطال
ee3373302471fdb9,TID_RESOURCE_PACK_GOLD_FULL,ملء مخازن الذهب
f51475828f08e95a,TID_RESOURCE_PACK_ELIXIR_10,ملء المخازن بمقدار 10%
25696a4c607dd01a,TID_NPC_CHALLENGE_TH12_YETI_PEKKAS,انشر بقية <c54a0fe>البيكا</c>.
c1ebc431f518c3f0,TID_ACHIEVEMENT_ACCOUNT_BOUND_KUNLUN,قريتك محمية
0d93e99b41ba9dc7,TID_LAYOUT_SLOT_UNLOCK,قم بشراء موضع مخطط إضافي باستخدام الجواهر
241f6edc98579054,TID_OVERVIEW_HEROES_TITLE,الأبطال
59c7cf021349e18e,TID_HINT_INFERNO_TOWER_AMMO,برج النار يحرق إكسير الظلام لتزويد نيرانه بالطاقة. احرص على أن تجعله محملاً بالكامل!
f60de4fb99bf9bac,TID_MASTER_BUILDER_BUILDING,كوخ البنّاء الخبير
72a74e5c388fac03,TID_ONGOING_EVENTS,أحداث اليوم
243f63f194ab5c69,TID_CREDITS_BUTTON,المشاركون
6e0664a68ec94cac,TID_NPC_CHALLENGE_BOWIGI_KINGABILITY,نقاط إصابة <c9916c8>الملك البربري</c> في تناقص. قم بتفعيل <c9916c8>قدرته</c>!
580efcf5e72775dd,TID_SUPER_BARBARIANS,البرابرة الخارقون
d5867aa71cb95525,TID_LEAGUE_LEGENDARY_SHORT,أسطورة
7e8a9c17d9a1a83c,TID_CLANGAMES_TASK_INFO_DESTROY_CHAMPION_ALTARS,دمر <num> من هياكل البطلة الملكية في معارك متعددة اللاعبين.
9621959b9c46e8d3,TID_TROOP_REQUEST_SENT,تم إرسال الطلب!
76b8fac083ee35d5,TID_CLAN_STAT_DEFEATS,الهزائم:
add0a9c24940e7bf,TID_ALLIANCE_GAMES_TASK_TAB,التحديات
8735e741e49e2e8e,TID_LEAGUE_TITANIUM3,دوري التيتانيوم 3
b181d8c2a1d2eeac,TID_ALLIANCE_WAR_BEST_ATTACK_FRIENDLY,أفضل هجمة للقبيلة:
d76afbfa06ab5843,TID_UPGRADE_ARTO_INFO,أكمل المتطلبات التالية للترقية. عند إكمال المتطلبات الأربعة كلها، ستفتح آخر ابتكارات البنّاء الخبير: بوب!
9b2150ba63e472c8,TID_FACEBOOK_UNAVAILABLE_TRACKING_DISABLED,ميزات Facebook الاجتماعية معطلة حسب تفضيلات جهازك المتعلقة بالخصوصية.
fe81117909b91962,TID_BUTTON_GET_GIFT,المطالبة بالهدية
827a9ba2e000a249,TID_CAPBUILD_SPEAR_THROWER,رامي الرماح
b0dfecdc3b0db2a4,TID_NO_OPENID_LOGIN_KUNLUN_ACCOUNTS,此账号已成功完成绑定，请您继续使用原有方式登录，后续登录方式请留意官方公告。
2e5069a0c6752b68,TID_SPELL_HEAL_SPIRIT,
0a16c57147da816a,TID_STARTER_TH2_INFO_LOOTGOLD,اغنم إجمالي <num> من الذهب في معارك فردية أو متعددة اللاعبين.
9fa6633b428803d2,TID_BB_STAR_BONUS_POPUP_TEXT,مكافأة النجوم:
f7457824a457e523,TID_SCID_PURCHASE_PASS_EXPLANATION,يمكن استخدام التذاكر الذهبية لصالح حسابك الخاص في قائمة تحديات الموسم، أو يمكن التبرع بها لصالح أصدقاء Supercell ID عبر قائمة Supercell ID.
1794dd14e9c900a7,TID_SPELL_FACTORY_VOUCHER_CLAIM_FAILED_ALREADY_CLAIMED,تمت المطالبة بالقسيمة بالفعل.
83b00a2ef4a3d255,TID_ARMY_SLOT_DEFAULT_NAME,الجيش <num>
3c46e3b43ec730fc,TID_PLAYER_ATTACKING_YOU,اللاعبون الذين يهاجمونك:
1cdc2a5c3ff258d2,TID_RESOURCE_PACK_ELIXIR_50,ملء المخازن بمقدار النصف
b1cf3582e978c6d2,TID_NPC_CHALLENGE_TH10_MINER_WIZARDS3,انشر <c54a0fe>السحرة</c> المتبقين لضمان بقاء<c54a0fe>عمال المنجم</c> داخل القاعدة.
6940d5597c70bfc0,TID_BP_RECEIVED,تلقيت التذكرة الذهبية!
7c502d14c6a3d7c7,TID_BOOSTER_BOOST_PRODUCTION_INFO,يساعد هذا الإكسير الفعال على تعزيز إنتاج الجيش، وزيادة فعالية الثكنات ومصانع التعويذات، والورشة وتجديد الأبطال لمدة <time>. يعمل في القرية الأم.
7737cd79b74e7a87,TID_HASTE_DAMAGE_OFFSET,زيادة الضرر: <number>
3a2fee70df7c26a0,TID_POPUP_BOOST_DARK_ELIXIR_COLLECTOR,مضاعفة إنتاج إكسير الظلام لمدة <time>؟
2784749ba13b0eb8,TID_TUTORIAL_RUINS_4,المزيد من المباني تعني المزيد من الخيارات لدفاعات جيدة وهجمات قوية.
19cd0eb759acf758,TID_CAPBUILD_GUARDPOST_CART,مقر عربة الغارة
8185e2015041f485,TID_YOU_LOST,خسر دفاعك
6f4e1858ecb822b8,TID_PROFILE_LEGEND_LAST,السابق: موسم <month> <year>
4265dbfe169e953b,TID_ATTACK_NOT_AVAILABLE,يتعذر الهجوم الآن
ad3c32c131c1dde3,TID_WL_INFO_LIVE_TAB2_HEADER,النتائج والجوائز
b389baa3456c28fb,TID_WIZARD_STATUE,تمثال الساحر
852224e82e30b5ea,TID_POPUP_BREAK_GUARD,إزالة الحراسة؟
4714501c9d6f5606,TID_OTHER_TROOP_LEFT,حدد وحدة مختلفة.
fa01a02540c1ead8,TID_TUTORIAL_CANNON_2,هذه قريتك الجديدة. كانت الحياة هنا لتصبح مثالية لولا...
ac8a583786b6865b,TID_NPC_CHALLENGE_RAGE_ON_ENTRANCE,استخدم <cf07bf8>تعويذة الغضب</c> على المدخل حتى تستفيد منها معظم القوات.
7418a0b4d825b6cf,TID_MAGIC_SCENERY,منظر السحر
00b4a64cb5856f91,TID_POPUP_EDIT_MODE_COLLECT,هل تريد بالتأكيد جمع كل المباني؟
3d45ffe60f55e313,TID_CAPBUILD_BARRACKS_DRAGON,ثكنات التنانين الخارقة
47db3d47372ab534,TID_CLAN_IS_ALREADY_IN_WAR,القبيلة في حرب بالفعل
5649e91b4b97528f,TID_BATTLEPASS_TASK_WIN_BATTLES_USING_HEAL,سحر الشفاء
03fe9c53bbe88664,TID_NO_SPELLS,ستحتاج إلى صناعة بعض التعويذات أولاً.
c8d46c99eccb220a,TID_EVENT_SPELL_BOOST_INFO,اصنع السحر بسرعة أكبر 4 أضعاف!\n\nسرّع صناعة السحر بجوهرة واحدة.
086b353c42530c42,TID_MISSION_SCREEN_TITLE,المهام
b50adfa04012874f,TID_EVENT_CHRISTMAS,حدث العطلة
e22d4a822e71038a,TID_CHARACTER_SIEGE_BATTLE_DRILL_INFO,حفار المعركة مثال حي على عبقرية الغيلان، فيحفر هذا السلاح طريقًا تحت الأرض نحو أقرب دفاع. ويظهر فجأة عند وصوله ليصعق الدفاعات ويدمرها ببريمته الخطيرة.
c13f34fc58cc6298,TID_FILL_ARMY_CAMPS,اختر الجيش
1e4a67a84a1bf733,TID_LEAGUE_MASTER3,دوري الأساتذة III
38301f563a3a36a0,TID_SKIN_THEME_ANNIVERSARY,مظهر الذكرى السنوية <year>
a413015af26e5531,TID_LEAGUE_STEEL2,الدوري الفولاذي 2
057a586cdef9273f,TID_ALLIANCE_REQUEST_DECLINED,تم رفض طلب انضمامك للقبيلة!
36716813514381b4,TID_BUILDER_HALL_1_INFO_SHORT,حيث تبدأ رحلتك عبر البحار، وموطن البنّاء الخبير.
89b54389f70bb7a9,TID_OBSTACLE_SMALL_TREE,شجرة صغيرة
1a7e448f0d876d0b,TID_BATTLEPASS_TASK_WIN_STARS_USING_INVISIBILITY_INFO,استخدم تعويذات الاختفاء لربح <num> من النجوم من معارك متعددة اللاعبين.
4e6551ed9f26a863,TID_YOU_HAVE_BEEN_ATTACKED,أيها الزعيم، تعرضت قريتنا للهجوم!
38312041e37f17b3,TID_CHARACTER_INFO_BABY_ELECTRO_DRAGON,يقتصر ضرر التنين الكهربي الصغير على 3 أهداف، وهو ليس بالضرر الهائل لكنه ليس بطيئًا.
48c8b747a71d7836,TID_BUY_RESOURCE_PACK_TEXT,هل تريد بالتأكيد شراء <count> <resource>؟
5668d16aa14e8f7e,TID_SHOP_CATEGORY_SHIELD,درع
b86093d40fdc0c65,TID_CHAT_RULES_OK,مفهوم
aacd27f06f3be7a2,TID_FRIEND_FILTER_REQUESTS,بحث في اللاعبين
67ab28ac1f74c590,TID_POPUP_NO_UPGRADE_SLOTS_TEXT,هل تريد إنهاء الترقية السابقة وبدء هذه الترقية الآن؟
684551bac2f23035,TID_EVENT_END_SOUR_ELIXIR_DEPLETED,تلاشى تأثير لعنة الإكسير الحمضي. لا يزال يمكنك مبادلة أوسمة المزيج لدى التاجر
e1b0dffc73a7a586,TID_AVATAR_MESSAGE_TEXT_GEM_REVOKE_PLURAL,تلقينا طلبات استرداد أموال لهذا الحساب وقد تمت الموافقة عليها في <refundDate>. سوف يُرد المال بطريقة الدفع نفسها التي اتبعتها عند إجراء الطلب.\n\nتم خصم إجمالي <totalRevokedGems> من الجواهر من حسابك، بما يعادل قيمة المبلغ المُسترَد. قد يؤدي هذا إلى رصيد جواهر سلبي. يمكن استعادة الرصيد الإيجابي بإجراء طلبات إضافية وجمع الموارد في اللعبة.
5a8ec240513a41ff,TID_NEWS_CW_BD_GIFTS_TEXT,احتفل بالذكرى السنوية لميلاد حدث حروب القبائل! احصل على جواهر إضافية لقبيلتك كلما اشتريت <c80d8e8>جواهر + هدايا القبيلة</c>.
d0a71c6e4455ca36,TID_POPUP_MAX_OUT_ARMY,هل تريد استخدام <booster> لتعزيز قواتك إلى أقصى مستوى مسموح به في مستوى قاعة المدينة لمدة <time>؟
29dfb581108e51f2,TID_NPC_CHALLENGE_TH8_GOWIVA_HEAL,استخدم <cffe346>تعويذة الشفاء</c> على قواتك عند دخولها القاعدة.
d3b74f5e9b32c2f0,TID_BUTTON_GENERATE_CODE_TEXT,حوّل قريتك إلى متجر Android App آخر. تحويل قريتك سيساعد في حفظ بياناتك!
3e0db158f45c8ac9,TID_CLAN_TAG_CLAN_GAMES,مباريات القبيلة
d34b2dd9a8f5810c,TID_CAPBUILD_MULTIMORTAR_INFO,يُحدث ضررًا ناريًا متناثرًا بعيد المدى عدة مرات لزيادة فرص إصابة هدفه إلى أقصى حد!
5b17dd112398dae8,TID_BUY_MULTIPLE_BOOSTERS,<amount> <name>
6b88fa48912de8b6,TID_CANCEL_FRIENDLY_WAR_TEXT,هل تود رفض تحدي الحرب الودية؟ سيتم حظر التحديات الجديدة الصادرة من هذه القبيلة لبعض الوقت.
6586b74310b825f0,TID_BUNDLE_UPDATE,حزمة تحديث خاصة
e0c17654c31af88d,TID_BUTTON_SIGN_IN,تسجيل الدخول
4d6c8ffdfb566ea2,TID_MAP_LOCATION_1,بحيرة بيكا
1743d6e8f10f0bee,TID_CLAN_SETTINGS_NO,لا
60ad832c57f3d189,TID_BATTLEPASS_TASK_WIN_BATTLES_USING_HEALERS,العناية المركزة
1987b15114d4b6c6,TID_BATTLEPASS_TASK_INFO_START_BB_UPGRADE,ابدأ <num> من ترقيات المباني في قاعدة البنّاء.
cf4f97ebda3db3d3,TID_DIAMOND_BUNDLE_RED,(حزمة البطل)RED
1c4bca2dde86c09b,TID_BOOSTER_BOOST_RESOURCES_INFO,هذا الإكسير السحري الناتج عن تحويل تعويذة التسرع إلى جرعة يمكنه تعزيز فعالية مستخرج الموارد بشكل كبير لمدة <time>. يعمل في القرية الأم.
bc3283c4bb7c19c8,TID_PERSONAL_WAR_PREFERENCE_OUT,لن أشترك
3674e0b2a4597d06,TID_UPGRADE_INFO_START,تزيد القدرة
a6aecf135a95995f,TID_FLYING_FORTRESS_ABILITY_NAME,طاقم الهياكل العظمية
452cadd61cb54432,TID_6ANNIVERSARY_OFFER_MAGICITEMS_BOOKS_AND_ALLRUNES_INFO_9999,• <booster1> من خواتم الجدران: تمكن من ترقية الجدران على الفور (قد تتطلب ترقية الجدران ذات المستويات الأعلى عدة خواتم).\n• <booster2> من تمائم الإكسير: املأ مخازن الإكسير لديك بالكامل.\n• <booster3> من تمائم الذهب: املأ مخازن الذهب لديك بالكامل.\n• <booster4> من تمائم إكسير الظلام: املأ مخازن إكسير الظلام لديك بالكامل.\n\n• تخزين بلا حدود!\n• يمكن شراء هذا العرض مرتين!\n\nاحصل على مجموعة الذكرى السنوية الآن لفترة محدودة فقط!
d10340881028bfe2,TID_DECO_RUINED_PILLAR,العمود المحطم
2f93889fd1f2678e,TID_ERROR_POP_UP_AUTO_DISCONNECTED_TITLE,هل يوجد أحد هنا؟
548fe8b930c72533,TID_BUTTON_HERO_SLEEP,نائم
eea59eaa7b25a8a4,TID_BOOSTER_FINISH_ANY_UPGRADE,كتاب كل شيء
d98c6ac97c158bcb,TID_HERO_ABILITY_WARDEN_TITLE,المجلد الخالد
77b67fd8517a5b22,TID_STARTER_TH3_BUILDCLANCASTLE,إصلاح قلعة القبيلة
fed3e5437ba43e27,TID_TAGS,الفئات
4b374963c6c896ca,TID_DECORATION_PINETREE,شجرة تنوب
a792f5bad64d2360,TID_FEATURE_LABORATORY,معمل
dfb1abe817f294bf,TID_TUTORIAL_BATTLE_BUILDERS_1,أيها الزعيم، يقول البنّاؤون إنهم يريدون بذل المزيد في المعارك.
3fd990329882e7cd,TID_PET_ABILITY_INFO_BULLDOZER,يُلحق الثور الأليف ضررًا إضافيًا بالجدران.
8c0b47bddd485481,TID_TRAINING_SPELLS_INFO_BUILD,قم ببناء مصنع السحر لفتح التعويذات!
736717ddbbebe1e6,TID_BUILDING_TEXT_ALERT,!!!
9bcd7d23d097ad16,TID_INFO_ACTIVATION_TYPE_UNIT_IN_RANGE,الهدف ضمن النطاق
379e893237f9170d,TID_BATTLEPASS_TASK_INFO_WIN_BATTLES_USING_MINIONS,استخدم كائنات المينيون لربح <num> من المعارك متعددة اللاعبين.
f1be0428ce66d9ce,TID_CLANGAMES_TASK_INFO_DESTROY_GOLDSTORAGES,دمر <num> من <building> في معارك متعددة اللاعبين.
0e14434a9ad26835,TID_TRAINING_SLOTS,مواضع التدريب:
4695d02567afdff4,TID_HINT_GUARD_GAIN_TIME,كلما ارتفع مستوى بطولتك، ستحصل على مقدار حراسة أكبر عند انتهاء درع!
d463477f89d72fc3,TID_BUTTON_TREASURY,خزينة
bc810602d095b20e,TID_DIAMOND_BUNDLE_BH4_INFO_ALT,• <gems> من الجواهر\n• <res0> من الإكسير\n• <res1> من الذهب\n\nبدون حدود على التخزين!\n\nلا تفوّت هذا العرض الذي يعطي <cffec78><value>أضعاف القيمة</c> ويأتي مرة واحدة!
f3018fd21245f30d,TID_TENCENT_DOLPHIN_ERROR_8,当前环境下载安装包异常，请去应用商店下载最新版本。
a386c5184a265542,TID_EDIT_MODE_MOVE_ALL,تحريك الكل
2b12fc8867298b50,TID_CLAN_GAMES_CHOOSE_BONUS_REWARD,اختيار جائزة إضافية
9372e70070c522f2,TID_ALLIANCE_WAR_ATTACK_FAILED_INVALID_TARGET,لا يمكن مهاجمة هذه القرية، هدف غير صالح!
20ea8e2294865744,TID_BOOSTER_SHOVEL_OBSTACLE_OFFER_INFO,<num> من مجارف العوائق - تجعل العائق قابلاً للتحريك دومًا
bc1b1c1e7a959e1d,TID_DIAMOND_BUNDLE_MAGICITEMS_BUILDING_BOOK_WITH_BUILDER_POTION_AND_GOLD_INFO,• <res0> الذهب\n• <booster1>x كتاب المباني\n•<booster2>x جرعة البنّاء\n• لا حدود للتخزين!\n\nكل ما تحتاجه لترقية قاعة المدينة والدفاعات!
e49ed377d6a4f8d9,TID_HINT_WARMACHINE2,يمكن استخدام قدرة المطرقة الكهربية الخاصة بآلة المعركة مرة أخرى بعد أن يُعاد شحنها!
fd92a1fa2e7b5485,TID_PET_ABILITY_ELECTROWL,فولت عال
6bca65b3f5b4168a,TID_LEADERBOARDBANNER_3,3)
82db51b4d293adcd,TID_GOOGLE_SERVICE_CONNECT_TEXT,أيها الزعيم!\n<c2>قم بحماية تقدمك الآن</c> بتسجيل الدخول باستخدام حساب Google Play.\n\nبعد ذلك، <c2>ستكون قادرًا دائمًا على استعادة قريتك على أي جهاز يعمل بنظام Android</c>في أي وقت تسجل الدخول فيه ثانيةً باستخدام حساب Google Play نفسه.
a682eca81d72674a,TID_BP_ACTIVATE_SCID_CONFIRM,لديك <num> من التذاكر الذهبية في Supercell ID. أتريد استخدام إحداها لتفعيل التذكرة الذهبية لهذا الموسم؟
e05cd210dad57c8b,TID_STAGE_LIMIT_EDIT_MODE_DEFENSE,<cur>/<max> من الدفاعات
3eb094b6092edc65,TID_TIGER_MOUNTAIN_SCENERY,جبل النمر
d6ff15c331b1f6f7,TID_EVENT_TROOP,حدث <troop>
82b0ffe58f898273,TID_KUNLUN_APP_STORE_OPPO,Oppo
6bf007a72ecab030,TID_CLANGAMES_TASK_USE_HEADHUNTERS,الهجوم خلسة
8fb9d983082f17b6,TID_HINT_DRAGON_AIR,التنين وحدة طيران هائلة يمكنها مهاجمة الأهداف الأرضية والجوية
224834e556df9c08,TID_SUPER_TROOP_ACTIVATE,التفعيل
40db8b4dc1976734,TID_ARTILLERY_INFO,مدفعية النسر لها مدى غير محدود وتستهدف الأعداء الأقوياء بطلقات متفجرة، لكن لن يتم تفعيلها قبل نشر مجموعة ضخمة من القوات.
f6f3b40a969784fb,TID_NPC_DEPLOY_STEPS_ON_TEXT,هل تريد إعادة لعب المستوى مع تشغيل العروض التوضيحية؟
852fe5726cf73ea7,TID_TUTORIAL_SHIP_ARRIVE,اليابسة، عجبًا! ما هذا المكان الغريب؟
54d36b53a3b45d6b,TID_ADD_FRIENDS_INFO_ANDROID,الأصدقاء عبر Google Play قريبًا!
2cb05db5a03feb56,TID_TRAINING_SCREEN_SPELLS,مصنع السحر
3ecf4dc41044941a,TID_NPC_CHALLENGE_BOWIGI_FREEZE2,الآن استخدم <c38eaff>تعويذة التجميد</c> على <cf70d16>برج النار</c> الثاني!
7c8362a0ea29bf85,TID_BUILDING_REINFORCEMENT_CAMP,معسكر التعزيزات
48edac72cbff6694,TID_SCENERY_CHAMPION,منظر الأبطال
7b9a56c7229d047c,TID_BATTLEPASS_TASK_INFO_USE_BOXERGIANTS,استخدم العمالقة الملاكمين لربح <num> من النجوم من معارك البنّاء.
1e933d870f3c4a61,TID_BATTLEPASS_TASK_WIN_STARS_USING_JUMP,تخطي الحواجز
dc15a1c9f40aab89,TID_BUTTON_EDIT,تعديل الجيش
91298ad81d393c32,TID_NPC_CHALLENGE_TH11_LAVALOON_WARDEN_ABILITY,استخدم قدرة <c9916c8>الآمر الكبير</c> لحماية <c54a0fe>بالوناتك</c>!
89f450f326dd2de4,TID_MAP_LOCATION_11,بحر متعفن
c64e015283f68a79,TID_BUTTON_ATTACK_MODE_GROUND,أرضي
631ab73ed48bcdfa,TID_BUTTON_SET,التأكيد
ab019b70d80b9556,TID_RUINS,الأنقاض
056539d188060004,TID_NPC_CHALLENGE_SPELLS_TO_CLEAN_UP,استخدم التعويذات المتبقية لتساعدك على القضاء على العدو.
4d079373fff05ad1,TID_DISTRICT_BALLOON_LAGOON,بحيرة البالون
a1cf96540c1b2afb,TID_FEEDBACK_INFO1,\n
a76bda04775339e3,TID_DEVICE_LINK_SUCCESFULL_TITLE,تم الربط بنجاح!
c29ab53255d864b4,TID_STREAM_EVENT_CANCELLED_WAR_LEAGUE,أُلغي بحث دوري حروب القبائل
146a57d30d3ebac2,TID_CLANGAMES_TASK_INFO_USE_SIEGE_SLAMMER,اربح <num> من النجوم من المعارك متعددة اللاعبين باستخدام <num2> من بالونات الحجارة.
98cb6ec5c6d43597,TID_NPC27,البساط الأحمر
c85d9dcf1c224f2e,TID_PUMPKIN_BARBARIAN,بربري قرع العسل
ebd41a8d8d6b034f,TID_NEWS_BOMB_TOWER_ARMY_REVAMP_TEXT,لقد قمنا بتبسيط عملية تدريب الجيش وجعلنا من التدريب أمرًا سهلاً لا يحتاج إلى جهد من خلال خاصية التدريب السريع! شاهد هذا الفيديو القصير عن النظام الجديد!
4d3ef499835d5c29,TID_BUTTON_BOOSTS,التعزيزات
0649a5bf7bf2db44,TID_BUTTON_REPAIR_TRAP,إعادة تسليح
4f41d254e8a706c7,TID_WAR_SELECT_MEMBERS_HINTS,يمكنك اختيار أعضاء أقل أو أكثر باستخدام الأزرار في الأعلى.
1010d58fa24000be,TID_LEAGUE_COPPER1_SHORT,النحاس 1
070aba2e1c569dd2,TID_FAVORITE_TARGET_HERO,البطل
8b320ef984eb9b79,TID_BUILDING_CRUSHER_INFO,لا يقبل الساحق أحدًا في مساحته الخاصة! يسحق هذا الحجر الثقيل الوحدات الأرضية بضربة هائلة!
6f8130af7a6524eb,TID_MAKE_SKIN,مظهر Supercell Make.\n\nمن تصميم:\n<cff8000><CREDIT></c>
1db171cdef52f7ec,TID_SPELL_FACTORY_VOUCHER_CLAIM_FAILED_UNKNOWN,حدث خطأ ما. أعد المحاولة بعد قليل.
b3221362bb1c8b60,TID_LEAGUE_EMERALD2_SHORT,الزمرد 2
515da5a1ab6b9d4e,TID_ACHIEVEMENT_VICTORY_POINTS_COMPLETED,سجل الكؤوس: <value>
74c06915a74839bc,TID_LEAGUE_CRYSTAL1_SHORT,الكريستالي I
f8585569bde69790,TID_ALLIANCE_ROLE_ADMIN,عضو مميز
c6dd4607ada643f8,TID_DEFENDING_TROOPS,قوات الدفاع:
a798b706c4879a0d,TID_CHARACTER_INFO_SUPER_CHARGED_PEKKA_SHORT,يتميّز بيكا القوي للغاية هذا بقدرة سحق مدهشة.
f670949fb5c46e80,TID_ACHIEVEMENT_ACCOUNT_BOUND,عليك بتوصيل حسابك بشبكة تواصل اجتماعي للحفاظ على أمانه.
ef285d5bcccf89db,TID_DEVICE_LINK_ERROR_NOT_ATTACHED,لم يتم ربط قريتك بحساب على Game Center. يُرجى التأكد من تسجيل الدخول إلى حساب Game Center بدون قرية حالية مرتبطة وإعادة تشغيل اللعبة.\n\nسيتم سؤالك ما إذا كنت ترغب في ربط القرية الحالية بحساب Game Center. أجب بـ \qنعم\q.\n\nتحذير: سيكون ربط القرية دائمًا ولا يمكن تغييره بعد ذلك.
c0d555781fe35ef4,TID_ALLIANCE_WAR_TOTAL_DURATION,إجمالي مدة أفضل هجوم
1d15cfb80bc5ce22,TID_HALLOWEEN_END_CAULDRON,سيتم الآن تخزين زينة مرجل الإكسير الحمضي في قريتك.
07f53dd931dba66f,TID_BP_TIER_NUMBER,المستوى <num>
4724ddc655de6b2f,TID_POPUP_BOOSTER_INSTANT_UPGRADE_TITLE,قم بالترقية الآن!
43531535aeee3092,TID_NEWS_RED_MORE,مزيد من المعلومات
9175c583c7ecb025,TID_DIAMOND_BUNDLE_MAGICITEMS_SPELL_LEVEL_PACK,مجموعة ترقية التعويذات
43cadc2d2f12e7cd,TID_BUILDING_OTTOS_OUTPOST,مركز قيادة أوتو
93c060471dddb444,TID_BOB_HUT,كوخ بوب
e8e4a2820a060a92,TID_LEAGUE_IV,IV
719307a5e6737a31,TID_EVENT_ACHIEVEMENT_REWARD_CLAIMED_BOOSTER,انتهى الحدث! حصلت على <name>!
2d92adb1eb2f85d6,TID_EVENT_TITLE_CLANWAR_LONG2,مسيرة الاحتمال
22b1e8d30200e012,TID_WL_STATS_STARS,نجوم
5eb1d4b2abc706a5,TID_PIXEL_QUEEN,ملكة البكسل
2046ed979feb5234,TID_MAINTENANCE_ESTIMATED_LONG,من فضلك حاول ثانيةً خلال بضع ساعات.
072259cf8d9ecfdd,TID_NEWS_TH11_UPDATE_OTHER_TITLE,توازنات وتحسينات أخرى
8eab369accfc6524,TID_DIAMOND_BUNDLE_TH5_INFO,• <gems> من الجواهر\n• <res0> من الذهب\n• برج الساحر مستوى 1\n\nبلا وقت للبناء وبلا حدود على التخزين!\n\nلا تفوّت هذا العرض الذي يمنح <cffec78><value> من أمثال القيمة</c> ويأتي مرة واحدة!
d81b892bbf2f11f2,TID_TENCENT_LOGIN_PROMPT_UNBLOCKED_QQ,طبقًا لآخر قواعد الحماية من الإدمان، لن يكون بإمكانك إتمام عملية التحقق من الهوية عند تسجيل الدخول عبر حساب ضيف، وستكون مدة اللعب المسموح بها محدودة في ساعة واحدة كل 15 يومًا.\n\nسبق تسجيل حسابك عبر QQِِ. لضمان الاستمتاع بأفضل تجربة لعب، ننصحك بشدة بتسجيل الدخول مجددًا عبر QQ وإتمام عملية التحقق من الهوية.
c6106d7a4aa81dfb,TID_BOOST_ALL_DARK_BARRACKS,كل ثكنات الظلام
ce160d2b291328a6,TID_DECO_SOCK,جورب الهيكل العظمي
556b5a5cf1fa875f,TID_BATTLEPASS_TASK_START_HOME_UPGRADE,تحسين القرية الأم
576922158f23c4c6,TID_NPC_CHALLENGE_BOWIGI_HEALERS,لبدء مشي الملكة، انشر <c54a0fe>معالجاتك</c> في الزاوية.
1b3837bd0a0ca1c4,TID_PERSONAL_BREAK_STARTED,أنت بلا درع منذ فترة طويلة وسيتم طردك قريبًا لبضع دقائق.
48839267d00f6ec5,TID_DISTRICT_CHALLENGE_TITLE,ابدأ تحدي المنطقة الودي
8ff31494db51906e,TID_ACHIEVEMENT_GOLDSTORAGE_COMPLETED,أعلى مستوى لمخزن الذهب: <value>
7e9abb8c19cc005d,TID_STARTER_TH2_UPGRADEBARRACKS,وقت التجنيد
af8df342227840a4,TID_CLANGAMES_TASK_USE_SUPER_GIANTS,أعظم العمالقة
c3766b09dfdff469,TID_FAMILY_FRIENDLY_ENABLE_POPUP,صممنا القبائل الملائمة للعائلة بحيث تضمن سلامة اللاعبين من خلال معايير تصفية أكثر صرامة في الدردشة. يرجى العلم بأنه لا يمكنك تغيير هذا الإعداد لاحقًا.
33192edec6c8ff1f,TID_BATTLE_PASS_SEASON_END_TITLE,انتهى الموسم!
9f54aa47a3d32494,TID_BUTTON_SPEEDUP,إنهاء الآن
225c905f0f7cdfe9,TID_BOOST_DAMAGE_PERCENTAGE,زيادة الضرر: <number>%
45eb434e7172cb35,TID_ITEM_ALREADY_DONATED,هذا التعزيز بحوزتك.
6d7bddd5408b120d,TID_LAYOUTS_COPY_EXPLANATION,اختر الصفحة الرئيسية أو موضع الحرب لنسخ المخطط المحدد.
e21d1cdaca873547,TID_CLANGAMES_TASK_GET_LEVELKILLS_VS_BARBARIANKING,قناص مستوى الملك
d3d4237cb5081bcc,TID_STREAM_SHARED_ARMY,شارك تشكيل جيش
9a300d08b7e1f485,TID_LIGHTNINGDRAGON,التنين الكهربي
3cfff95369f986c7,TID_MORE_CLASH_COM,استكشف عالم Clash على ClashofClans.com
66c66e5baecf44a9,TID_CLANGAMES_TASK_INFO_DESTROY_QUEENALTARS,دمر <num> من أماكن الملكة رامية السهام في معارك متعددة اللاعبين.
a05366bebb4eaa42,TID_FEATURE_CLAN_GAMES,مباريات القبيلة
12171fbe0accd497,TID_SHARE_REPLAY_FAILED2,تمت مشاركة إعادة العرض بالفعل
fa86d221ee8fa96e,TID_LEAGUE_PLATINUM3,الدوري البلاتيني 3
ea59b72e4efdbb07,TID_PRESET_LOAD_FAIL,لا توجد مساحة كافية في طوابير التدريب
203d8b17d8fd3064,TID_RAID_DONT_HAVE_RESULTS_YET,لا نتائج غارات حتى الآن.
ab1f9616667a02f9,TID_MULTI_MORTAR_INFO_SHORT,سد ناري مدفعي في مجموعة واحدة صغيرة.
e7a375440df49d06,TID_CLANGAMES_TASK_INFO_WIN_STARS_WITHOUT_SPELLS,اربح <num> من النجوم دون استخدام التعاويذ في المعارك متعددة اللاعبين.
07e353792f1794fb,TID_BUILDING_WALL,جدار
ac747f4116ac7a34,TID_SETTINGS_SFX,المؤثرات الصوتية
43a21679368a1be5,TID_TRAP_LOGTRAP_INFO,احذر من الجذوع المتدحرجة.
03bf54825eaae509,TID_CLAN_GAMES_XP,نقاط خبرة القبيلة:
ecc6942687b9362f,TID_RED_NEWS_BUY,المتجر
0a3c0f52a4c16cfc,TID_HINT_GOBLIN_DAMAGE,تسبب الغيلان ضررًا مضاعفًا لمباني الموارد
56b8297f50294d60,TID_UNIT_COUNT,الوحدات:
3f76e3aa9dc6c994,TID_ALLIANCE_WAR_HISTORY_BROWSE_UNAVAILABLE,التفاصيل غير متاحة
940a4e645aa05caa,TID_TRAP_AIR_MEGA_INFO,أهو طائر؟ أم طائرة؟ لا يوجد فارق لأن اللغم الجوي المطارد سيفجره. يسبب هذا الفخ ضررًا هائلاً لوحدة جوية واحدة.
1c6763ae08501c89,TID_ALLIANCE_WAR_NUM_DEFENCES,مرات الدفاع: <number>
e1c9047b510e2be5,TID_CANNOT_SWITCH_TO_ACCOUNT_WITHOUT_SUPERCELL_ID,أيها الزعيم تم العثور على قرية <name> بمستوى مبنى القرية <number>! قم بتحميلها من خلال تسجيل الدخول عن طريق Supercell ID.
5fcf9cdbbf429784,TID_BOOMBOX_FOR_YOU,لك
e5c8f623c45a75c6,TID_NPC40,شر كبير
ec732affadd750ae,TID_LOCAL_NOTIFICATION_EVENT_CLAN_LootXP,يا زعيم، أثناء حدث حرب القبيلة، اربح 2x الغنيمة ونقاط الخبرة!
faf9d455ad0187bf,TID_CHAT_LANGUAGE,لغة المحادثة:
6f969a89a6bf5e62,TID_CAPITAL_UPGRADE_DEPRIORITIZE,تخفيض الأولوية
c16fbf29c4b56a5f,TID_ELIXIR_PUMP_INFO,يتم ضخ الإكسير من الأنابيب التي تمر تحت قريتك. قم بتحديث مستخرج الإكسير لزيادة إنتاج الإكسير لديك.
e440c2aa4d8448af,TID_LEAGUE_RUBY2,دوري الياقوت 2
6d054ed121ad3c62,TID_CLAN_CAPITAL_RESULTS,نتائج العاصمة:
cff5cd6618b7bc6a,TID_INFO_TARGET_TYPE,الأهداف:
e3f0481429df059e,TID_WL_INFO_SIGNUP_TAB1_TEXT,<cFCE27F>كيف يمكن لقبيلتي الاشتراك؟</c>\n\nيمكن للقادة أو القادة المساعدين إشراك قبيلتك أثناء فترة الاشتراك. إذا كنتم تشاركون للمرة الأولى، سيتم وضعكم في أحد مستويات الدوريات بناءً على قوة أقوى 15 عضوًا لديك. بعد العثور على سبع قبائل أخرى من نفس مستوى الدوري الخاص بقبيلتك، ستبدأ المشاركة في الجولة الأولى على الفور!<cFCE27F>\n\nقبيلتي ليست قوية جدًا. هل يمكننا أن نشارك؟</c>\n\nأجل! ما دام لديك 15 عضوًا على الأقل، يمكنكم المشاركة. يمكنكم ربح جوائز رائعة حتى لو لم تتم ترقيتكم إلى مستوى دوري أعلى.
4c70d92bbf9f090d,TID_USE_ATTACK_CODE_BUTTON,استخدام كود التحدي
83a77c261870f47c,TID_DECORATION_LEAGUE_II_STATUE,تمثال المنافس
ee9b8d3831b30226,TID_GOOGLE_SERVICE_CONNECT_BUTTON,اتصال
e6c04d0012a1896a,TID_LEADERBOARDBANNER_PLAYER_NO_HISTORY,لم يحقق لاعبو دوري الأسطورة مراكز في البطولة الأخيرة.
f44f69c01e812ccf,TID_COSMETICS_CUSTOM_SOUND,تأثيرات صوتية
d4df176cff3bcc25,TID_BUTTON_PET_SHOP,الحيوانات الأليفة
a3efee55c7771b7d,TID_CLANGAMES_TASK_USE_LAVAHOUNDS,عشق الحمم
89ac54498b9d375e,TID_NPC_CHALLENGE_TH9_LAVALOON_ARCHER_QUEEN,انشر <c9916c8>الملكة رامية السهام</c> للتخلص من <cf70d16>برج الساحر</c> و<cf70d16>الدفاعات الجوية</c> و<cf70d16>برج راميات السهام</c>.
721170659a297560,TID_FB_CONNECT_NOT_SAFE_TITLE,أنت مسجل الدخول الآن إلى Facebook
bbe9354147b76e14,TID_RESEARCHER_MENU_EXTRA_SUGGESTION,ترقيات أخرى:
378649010ed9dc35,TID_INVALID_WAR_MEMBERS_INFO_MID,حدد إما <low> أو <high> من الأعضاء
900370d1820cf65f,TID_REPORT_DESCRIPTION_TITLE,详细描述
4d9b225d05b35b93,TID_CLANGAMES_TASK_INFO_DESTROY_XBOWS,دمر <num> من <building> في معارك متعددة اللاعبين.
1951bb0faa26d339,TID_CAPBUILD_SPELLLAB_LIGHTNING_INFO,يحضّر براميل كبيرة من تعويذة البرق. كل من يقترب منه، يعاني من تلف الشعر.
78692e30beb8ab03,TID_SENT_WAR_REQUEST_TO,تم إرسال تحدي الحرب إلى قبيلة <clan>!
843c1c562c9c795f,TID_GHOST_KING,الملك الشبح
6b5dcf36546f424f,TID_ALLIANCE_RAID_ATTACK_FAILED_ALL_ATTACKS_USED,نفدت جميع هجمات غارة نهاية الأسبوع
40a4e980dacc00ed,TID_DIAMOND_BUNDLE_HERO_INFO,بطل
520e25da2a6acd42,TID_GIFT_DIAMOND_PACK_2,حقيبة جواهر وهدايا
686cf7129c2c22f6,TID_PROFILE_FRIEND_REQUEST_SENT,تم إرسال طلب الصداقة
88c0f1393b4682c2,TID_CAPBUILD_BARRACKS_MEGAGROUND_INFO,حفرة عملاقة على شكل غولم في الأرض. نأمل ألا تكون هناك حاجة إلى حفرة جديدة في كل مرة.
05522ad10b17645d,TID_SHOP_CATEGORY_TROOPS,القوات
1e245f3ac0dfceb5,TID_LUMBERJACK,الحطّاب
9fb407c9da082636,TID_BOMBER_ABILITY,القنبلة النطّاطة
9a005dd0f5bb81a8,TID_NO_CAPITAL_ARMY,اختر جيش العاصمة قبل الهجوم
66d33583c17cef0c,TID_ARCHER2_ABILITY_NAME,العباءة
a1b32077e3029ee0,TID_CHESS_QUEEN,ملكة الشطرنج
5c502cbc6033baee,TID_TUTORIAL_RUINS_1,هممم. يبدو أن الأشياء أصبحت في حالة سيئة...
2cb84dc54edabf5e,TID_BUTTON_TRAIN_PRESETS,تدريب سريع
a06842a2c266fbeb,TID_TERMS_OF_SERVICE_BUTTON_TENCENT,الترخيص واتفاقية الخدمة الخاصة بألعاب Tencent
c9874abc1eb1827e,TID_BOOSTER_FREE_HERO_UPGRADE,مطرقة الأبطال
aa0886c073979940,TID_MINER,عامل المنجم
831d514fc61f1f7b,TID_CAPITAL_TUTORIAL_8,كلما جعلت قاعة العاصمة أقوى، فتحت المزيد من المناطق لتبني فيها.
25d66edef7932f28,TID_DEVICE_LINK_CONFIRMATION_TOWNHALL_LEVEL,مستوى قاعة المدينة <level>
9a5b573944a17a0a,TID_REQUIRED_LABORATORY_LEVEL,يجب توفر معمل من المستوى <number>
5ffda847f9ed4755,TID_SKELETON,هيكل عظمي
1146924d505ccc2e,TID_CNY_CLAN_GAMES_HEADER,المباريات القمرية
b08848c2bf8987c4,TID_KUNLUN_APP_STORE_VIVO,Vivo
031df574d3bea545,TID_YOU_HAVE_BEEN_ATTACKED_TITLE,غارة العدو
0d0d3c4ef2b1fc00,TID_BUY_SHIELD,شراء درع
8ec4ae4b0225fd14,TID_HINT_VERSUS_BATTLE2,فُز بعدد كؤوس أكبر لكسب مزيد من مكافآت معركة البنّاء!
a33b92ac4fe1e978,TID_SPECIAL_OFFER_EASTER_UNLIMITED,تعزيز البنّاء
312a744d59669096,TID_ITEM_LEVEL,<item> (المستوى <number>)
fd2bdf6ccca884fb,TID_ACCEPT_FRIEND_ERROR_BANNED,تم حظر اللاعب، تعذر إضافته كصديق.
5dfeb6c1b2ca8046,TID_DAMAGE_RADIUS,ضرر المنطقة: <number> رقعات
907325fa9a348f9f,TID_NPC_CHALLENGE_TH12_YETI_RAGE2,استخدم <cf07bf8>تعويذة الغضب</c> للتخلص من وحدات العدو في المركز بسرعة.
ebfc374b880d1ce3,TID_HINT_PEKKA_INFO,هل البيكا فارس؟ أم ساموراي؟ أم روبوت؟ لا أحد يعرف!
30c80192ca12c4d0,TID_NEXT,التالي
fcbacd7711756937,TID_ACHIEVEMENT_PVP_DEFENSES_COMPLETED,إجمالي الدفاعات التي تم الفوز بها: <value>
08ae06f91c35aa4a,TID_WAR_STATS_HEADER_COLLECT_STARS,إحراز <num> من النجوم
a5acea07b4e14bc1,TID_LAYOUTS_LAST_USED,آخر استخدام
d9e0eebf40a3f957,TID_BARBARIAN,بربري
875eaef05acb5d2c,TID_CLAN_WAR_FREQ_NEVER,أبدًا
7132ddb50d57e007,TID_CHARACTER_INFO_WIZARD,يمثل الساحر حضورًا مخيفًا في ميدان المعركة. ضعه مع بعض من زملائه وأطلق ضربات تدميرية مركزة على أي شيء، في الأرض أو السماء!
5aafadfe2e433d9e,TID_CLAN_GAMES_REWARD_TIME_COUNTDOWN,الوقت المتبقي: <time>
4ccbc2ea2d34b194,TID_MONTH_6,يونيو
d6dea5cfcc76d029,TID_PUSH_ATTACKED,تعرضت قريتك للغزو بواسطة <attacker>!
84d89764c873ff97,TID_CAPBUILD_BOMBTOWER,برج القنابل
56bf8731b4f90003,TID_TENCENT_DOLPHIN_CONFIRM,检查到新版本，请立即更新下载，大约<totalsize>k
643cf24d4b8d7b28,TID_WAR_STATS_TITLE,إحصائيات الحرب
30dba24894890c96,TID_AUTO_FORGE_SLOT_UNLOCKS,تفتح بـ:
453ca6f5f4297a41,TID_HINT_GUARD,الحراسة النشطة ستحميك من الهجمات وتتيح لك مهاجمة الآخرين بحرية!
b07326ecaecebbe0,TID_CHARACTER_INFO_RAGED_BARBARIAN,ما سر غضبه الشديد وسرعته وشراسته؟ لا أحد يملك الشجاعة الكافية ليسأله. فهل يُحتمل أنه كذلك لأنه لا يستطيع العثور على سيفه؟
117af24f479ca381,TID_ADD_FRIEND_ERROR_TOO_MANY_REQUESTS_OTHER,لدى صديقك الكثير من الطلبات المعلّقة. حاول مرة أخرى لاحقًا.
d681d16b9c74e4a0,TID_DECO_RUIN_FOREST_CIRCLE,دائرة الغابة
dd5477f6aa6344ad,TID_DIAMOND_BUNDLE_TH5,حزمة قاعة المدينة 5
ee62f7f8285a8289,TID_CAPITAL_PLAYGROUND_JUMP_2,تسمح <c85ff3b>تعويذات القفز</c> أيضًا بتوسيع منطقة النشر. انشر التعويذة هنا.
6e77d7ce8581eb7d,TID_TOWN_HALL_INFO,هذا قلب قريتك. ترقية قاعة المدينة تفتح دفاعات ومباني وفخاخًا جديدة وأكثر من ذلك.\nسيحقق لك تدمير قاعة مدينة خصم الفوز بالمعركة والحصول على نجمة واحدة. سيمنحك تدمير 50% من مباني العدو نجمة ثانية، بينما إبادة 100% ستمنحك ثلاث نجوم كاملة.\nاحترس، سيحاول أعداؤك تدمير قاعة مدينتك أيضًا!\nللحماية القصوى، أبقِ قاعة مدينتك في وسط القرية واحمها بالجدران والفخاخ والمباني الدفاعية. أعداؤك خبثاء ويمكنهم المهاجمة من أي جانب!
b9b6662a84051696,TID_EDIT_MODE_TIP2,اسحب المباني من المخزن لوضعها
88fafdb2bb835476,TID_DIAMOND_BUNDLE_TH8_UPDATED_INFO,• برج القنابل مستوى 2\n• برج الساحر مستوى 5\n• <res0> إكسير الظلام\n\nلا توجد حدود للتخزين!\n\nلا تفوت هذا العرض الذي يمنح <cffec78><value> من أمثال القيمة</c> ويأتي مرة واحدة!
75be75943de6e051,TID_EP_REWARD_CLAIMED,حصلت على هذه الجائزة بالفعل.
0fed317c31c83cf1,TID_RUINS_BARRACKS,أنقاض الثكنات
694e7deb7317b72c,TID_BARBARIAN_KING_GLADIATOR,الملك المبارز
e98707510f7a05ef,TID_LEADERBOARDBANNER_PLAYER_NO_TOP_3_V2,سنعرض الفائزين ببطولة معركة البنّاء هنا!
32bc05b9b870f1d9,TID_NOTIFICATION_RESOURCES,الموارد والمكافآت اليومية
63fdf45fb6be1add,TID_ALLIANCE_WAR_PREPARED_HEADER_ENEMY,الأعداء الجاهزون للحرب:
039e73d381b391a8,TID_EVENT_TEXT_TH12_INFERNO_PACK,مجموعة النار لقاعة المدينة 12
45de084a425d9d60,TID_PRESET_CAPITAL_PRODUCTION_BUILDING_MISSING,لم يتم تشييد مبنى الإنتاج بعد
6e026a7c2fe26788,TID_PRESET_LOAD_FAIL_LOCKED_TROOP,مبنى التدريب المطلوب قيد الإنشاء
59608f77cfabe6d1,TID_PRIMAL_KING,الملك البدائي
4b892aa0b7c78db3,TID_WAR_WIN_BONUS,<percentage> مكافآت الانتصار في الحرب
1d6567da17eb72a8,TID_EVENT_BOOST_SPELL_AND_HEROES,حدث خاص: قم بتسريع الأبطال والتعويذات مقابل جوهرة لكل منها! سيستمر الحدث حتى 6 مارس.
fb54781e702cf0ea,TID_CLAN_GAMES_THEME_HOLIDAY,مباريات العطلة
c1a12105dd43be0c,TID_GOBLIN_WARDEN,آمر الغيلان
fc971b1ff2277f45,TID_DIAMOND_BUNDLE_MAGICITEMS_HERO_BOOK_WITH_RESOURCES,مجموعة كتاب الأبطال
adb71707b9235d4f,TID_FORGE_COST,التكلفة: <number> <resource>
2c2a4d3daef52a38,TID_SHOVEL_OBSTACLE_CONFIRM_TITLE,تحويل العوائق
f1dd8b804531a6bc,TID_LEAGUE_HERO1_SHORT,الجبابرة I
f2aaa403141de7a8,TID_LINK_DEVICE_BUTTON,ربط جهاز
4978550187f29b4b,TID_CLANGAMES_TASK_INFO_DESTROY_BB_BUILDINGS,دمر <num> من المباني في معارك البنّاء.
732fc4dfc09f9eac,TID_SETTINGS_API_TOKEN_COPY_NOTIFICATION,تم نسخ رمز API إلى حافظة الجهاز.
5e66e9dbbb16b3c9,TID_BUILDER_HALL_6_INFO_SHORT,حان وقت اكتشاف ما خلف هذه الصخرة.
bc8196bd0094efad,TID_DIAMOND_BUNDLE_BH7_INFO_ALT,• <gems> من الجواهر\n• <res0> من الإكسير\n• <res1> من الذهب\n\nبدون حدود على التخزين!\n\nلا تفوّت هذا العرض الذي يعطي <cffec78><value>أضعاف القيمة</c> ويأتي مرة واحدة!
9263321f85cd6514,TID_DIAMOND_BUNDLE_TH4_ALT_UPDATED_INFO,• <res0> ذهب\n• <res1> إكسير\n• <gems> جواهر\n\nلا توجد حدود للتخزين!\n\nلا تفوت هذا العرض الذي يمنح <cffec78><value> من أمثال القيمة</c> ويأتي مرة واحدة!
b7f9ebf4fd376a4f,TID_BATTLEPASS_TASK_INFO_WIN_BATTLES_USING_LOG_LAUNCHER,استخدم قاذفة الجذوع لربح <num>من المعارك متعددة اللاعبين.
1262e3f290afc226,TID_DECORATION_BARBARIAN_STATUE,تمثال عظيم
22afe5cf5ccbf0e4,TID_ACHIEVEMENT_WAR_STARS,إحراز <number> من النجوم لقبيلتك من معارك حرب القبائل
49ae27bf87f16305,TID_COSMETICS_CUSTOM_TEXTURES,هيئات مخصصة
c844536d2efba804,TID_SCORE,النتيجة
5f965adba19873f2,TID_GEAR_RESOURCE_EPIC,معدن خام نجمي
1ff9a79915b68fc1,TID_REENGAGEMENT_LAB_DID_UPGRADES_SOME_LEFT_1,أسمع ضجيجًا قادمًا من المعمل...
0f9446db1faade78,TID_CHARACTER_INFO_ELITE_BARBARIAN,البرابرة الخارقون متفوقون من حيث الصحة والقوة والسرعة، والأهم من ذلك، الشعر. إنهم محط أنظار البرابرة الآخرين ومثلهم الأعلى.
7ac3ce45050f959d,TID_BUILDING_CUSTOMIZE_CATEGORY_FOOT,الجدران
1e0fa71d2b776ab2,TID_DEATH_FREEZE_TIME,مدة التجميد بعد التدمير: <number> ث
af5fc0a85799348d,TID_WL_STARTWAR_INFO_CLANMEMBER,قاتل في مجموعة مكونة من <size> من القبائل واكتشف من الأقوى. فز بالمجد، والغنائم الإضافية، ونقاط خبرة القبيلة، وأوسمة الدوريات!\n\n\nهل أنت مستعد للبدء؟ اطلب من أحد قادة القبائل الانضمام إلى الدوري.\nسينتهي الاشتراك في:<time>
c430cb3d827f0e99,TID_WATER_2,مياه 2x2
6a8b5f0aad83c3e3,TID_GOLD_PASS_PURCHASE_INFO,اشتر التذكرة الذهبية لهذا الموسم لتتمكن من فتح الجوائز أعلاه.
4471e6136ad643e0,TID_OBSTACLE_HALLOWEEN2020,التابوت الفارغ
217bf3a287eff381,TID_TUTORIAL_WAR_MAP_ENEMY_2,الهجمات محدودة هنا، لذا فسنحتاج إلى قبيلتنا لمقاتلتهم جميعًا.
3a9604f23d05d11c,TID_DEVICE_LINK_ERROR_TIMEOUT,انتهت صلاحية رمز الربط
65a74bf907a6c2c8,TID_WL_INFO_SIGNUP_TAB1_HEADER,المشاركة
c4b5f8eadac22b71,TID_DECO_HILL_10,قمة ضخمة
e5e60c24cfaa09cf,TID_DIAMOND_BUNDLE_TH9_ALT_UPDATED_INFO,• <res0> إكسير الظلام\n• <res1> ذهب\n• <res2> إكسير\n\nلا توجد حدود على التخزين!\n\nلا تفوّت هذا العرض الذي يمنح <cffec78><value> من أمثال القيمة</c> ويأتي مرة واحدة!
d72c34e382f106da,TID_INFO_HOUSING,مساحة التسكين:
683845c645141167,TID_LINK_SAME_PLATFORM_ANDROID,للعب على العديد من الأجهزة التي تعمل بنظام تشغيل Android، تأكد من تسجيل الدخول إلى حساب Google الخاص بك في إعدادات اللعبة.\n\nثم سجّل الدخول باستخدام حساب Google الخاص بك أيضًا على الجهاز الآخر. وستتم مزامنة تقدمك تلقائيًا.
e687b040b6fb62a5,TID_ALLIANCE_WAR_SPECTATOR_MESSAGE,لم تتأهل إلى هذه الحرب
66665ee16dcbca8f,TID_SUPER_BOWLER_INFO,لدى الباولر الخارق الآن كل ما يريده: قفاز أكثر إحكامًا للقبض، وأحذية أكثر راحة، وصخور أكبر بكثير.
8026104d6a9d39e8,TID_ACHIEVEMENT_LEAGUE_PROGRESS_3,كن بطلاً!
b6e5dd98e62f5372,TID_FEATURE_CLAN_CAPITAL_DESC,حصن عظيم على الجبل يبنيه أعضاء قبيلتك معًا. قاتلوا معًا لجمع الغنائم من الأعداء.
f3815ae75196d9cc,TID_SETTINGS_PRIVACY,الخصوصية
47d6f6249762da86,TID_SETTING_AUTO_USE_HERO_ABILITIES_INFO,عند تفعيل هذه الميزة، سيستعمل الأبطال أو القوات قدراتهم إذا كانت متاحة عند وشك تلقي ضربة قاضية.
1fc03d877984831e,TID_HERO_ABILITY_ROYAL_CHAMPION_TITLE,الدرع المطارد
c81698887ce3ab2b,TID_CHARACTER_INFO_GIANT_SKELETON,كان الهيكل العظمي العملاق منذ سن مبكرة مقدرًا عليه دومًا تدمير ما هو أكثر من مجرد الجدران. حيث تدمير قنبلته الهائلة كل شيء حوله بعد أن يتم تدميره.
29b7de9e5c9ade74,TID_TUTORIAL_CHECK_PARENTAL_CONSENT,أيها الزعيم، قبل أن تتمكن من اللعب، تحتاج إلى موافقة شخص بالغ موثوق به.
8466de2d7183c3b0,TID_CHANGE_HEROES,تغيير الأبطال
68c31ca2877aba0d,TID_BUILDING_LAVA_LAUNCHER,قاذفة الحمم
9ee6d0780316f5f2,TID_NPC_CHALLENGE_TH7_HOG_HEAL2,استخدم بقية <cffe346>تعويذات الشفاء</c> لإبقاء <c54a0fe>راكبي الخنزير</c> على قيد الحياة بينما يدمرون القاعدة.
a71539b6ebe6fdad,TID_CHARACTER_ELECTRO_TITAN,المحاربة الكهربية الجبارة
02463bd9814dd660,TID_CLANGAMES_TASK_USE_YETIS,الييتي الشرسة
411fc6a6cbd11d2d,TID_SUPER_TROOP_BOOSTS_NEEDED,مطلوب تعزيزات قوات خارقة للوحدات التالية:
257f890a422e0105,TID_HASH,#
5981c63d5825a749,TID_ERROR_POP_UP_LOGIN_FAILED_BUTTON,حاول ثانيةً
973343a6179b26d3,TID_PUMPKIN_GRAVEYARD_SCENERY,مقبرة القرع
449e49b9b1e813ab,TID_GARG2_ABILITY_HELP,تكون أول <num> من الهجمات أسرع ويتم رميها من نطاق أبعد وتلحق <num3> من الضرر
08306e120f4e45f0,TID_WL_COLUMN_CLAN_NAME,القبيلة
d393782c3ad6676b,TID_POPUP_CANCEL_GOBLIN_CLEAR_TITLE,هل ترغب في إيقاف الإزالة؟
6faf2e8d15d2ff20,TID_STARTER_TH2_INFO_UPGRADEARMYCAMP,قم بترقية معسكر جيشك إلى المستوى <num2>.
cc688d0c1386dc68,TID_GEAR_TITLE_ROYAL_CLOAK,قارورة الاختفاء
f0c5f3a493238820,TID_TENCENT_DOLPHIN_DOWNLOADING_76,更新校验配置文件
af0bba4cca8035b3,TID_CAPBUILD_SPELLLAB_FREEZE_INFO,يحضّر براميل كبيرة من تعويذة الصقيع. يُنصح الزوار بإحضار ملابس ثقيلة.
27343e76d8f963a8,TID_CHARACTER_INFO_BOMBER,يتسم المفجِّرون بنهم في التدمير ومؤثرات خاصة عالية الجودة، ويفجرون أي شيء تقع عليه أعينهم محدثين ضررًا إضافيًا في الجدران!
d39ad005774d2fb6,TID_SPELL_FACTORY_VOUCHER_CLAIM_FAILED_INVALIDATED,لم تعُد القسيمة صالحة
0bb12ec31dfcb645,TID_UPGRADING_SUBTITLE,جارٍ الترقية إلى المستوى <number>
7399818def3a4e3d,TID_VERSUS_BATTLE_SELECT_VALID_LAYOUT,قم بتحديد مخطط صالح لبدء تحدٍ ودي!
60cdcdb70387365d,TID_BASIC_TURRET_INFO,المدافع رائعة في الدفاع الموجَّه نحو نقطة معينة. قم بترقية المدافع لزيادة قوتها، لكن انتبه إلى أن الأبراج الدفاعية لا يمكنها إطلاق النار أثناء ترقيتها!
c26d561a3d46e527,TID_BP_PERK_BUILDING_BOOST_DESC_STARTER,تتطلب المباني موارد أقل ووقتًا أقل للبناء والترقية. تتطلب الصياغة في ورشة الصياغة موارد أقل ووقتًا أقل.
72b3bf31284da842,TID_GUIDANCE_WRONG_UNIT,حدد الوحدة الصحيحة!
2e523053d79ad1ff,TID_REPLAY_SHARE_TEXT,أتريد مشاركة إعادات عرض معركة البنّاء في محادثة قبيلتك؟
c42de0249d2bbaad,TID_CLAN_GAMES_CHOOSE_A_CHALLENGE,اختر تحديًا
6037a5e7edbb5d6a,TID_BOOST_THIS_BUILDING,هذا <building>
db4c1c2bc374e456,TID_POPUP_UNDER_ATTACK,أنت تتعرض للهجوم! يُرجى الانتظار، سيتم تحميل قريتك تلقائيًا.
e67d0df5e8b162c8,TID_SHIELD_POPUP_GUARD_DESCRIPTION_1,الحراسة هي آخر فترة قبل نهاية الحماية من المهاجمين. يمكنك مهاجمة الآخرين دون عقوبة، لكن كن حذرًا - الحراسة لا تدوم لفترة طويلة!
748f3db8c4c997b2,TID_EVENT_CHRISTMAS_SPELL_INFO,يمكنك إهداء الأعداء الدمار الكامل!\n\nمفاجأة بابا نويل تتيح لك تطوير العناصر السحرية لفترة محدودة.
51c2493c79c3d6cc,TID_DIAMOND_BUNDLE_MAGICITEMS_TROOP_BOOK_INFO,• <gems>الجواهر\n• <booster1>x كتاب القتال\n• لا حدود للتخزين!\n\nأكمل فورًا أي ترقية قوات من خلال كتاب القتال!\n\nلا تفوت هذا العرض!
0580182e02263889,TID_XP_TITLE_UNLOCK_PUZZLEANDDRAGONS,أحسنت أيها الزعيم!
221e17526369dac7,TID_CLANGAMES_TASK_WIN_STARS_WITHOUT_HEROES,يُحظر دخول الأبطال
4ea569917128f7e0,TID_CAPBUILD_SPEAR_THROWER_INFO,يقذف رماحًا كبيرة على وحدات الأعداء الأرضية والجوية. إنه مخيف جدًا.
a6379b57892596dc,TID_ALLIANCE_WAR_SCOUT,استكشاف
1ee4f337ef23ec9b,TID_NPC_CHALLENGE_TH7_HOG_WIZARDS,انشر <c54a0fe>سحرة</c> لمساعدة الملك!
9122011399fec52c,TID_NPC_CHALLENGE_TH13_HYBRID_BABY_DRAGON,استخدم <c54a0fe>التنين الصغير</c> للتخلص من وحدات العدو في الجزء السفلي لإفساح الطريق أمام <c9916c8>الملكة رامية السهام</c> إلى الجزء العلوي.
b017be2cd3578b80,TID_ADVANCED_SETTINGS_BUTTON,العرض
8d156e878b310490,TID_WECHAT_LOGGED_IN,الدخول مُسجل إلى WeChat
70ff9fe8080db4b0,TID_ACHIEVEMENT_WAR_LOOT_TITLE,جامع كنوز الخزينة
d22ad9a92e63e78b,TID_CHARACTER_INFO_RIDER,بعد أن روض راكب الخنزير خنزيره القافز الشرس، انطلق ليعاقب من يختبئون خلف الجدران الضعيفة! لم تعرف الهزيمة طريقًا لهؤلاء المحاربين الذين يتغذون على إكسير الظلام!
3d00c84a59b91d8c,TID_DECO_GOBLIN_CHEST,صندوق الغول
daa99c158ad42391,TID_CLANGAMES_TASK_WIN_STARS_VS_TOWNHALL_8,8 المثيرة
d205acc8587d101b,TID_SPEEDUP_INFO_SHORT,لمسة من تعويذة التسرع قادرة على تسريع حتى أبطأ القوات.
7c7285ae1e4694e0,TID_NEWS_CLASHIVERSARY_TITLE,عيد Clash سنوي خامس سعيد!
652c5bbdcf50ec84,TID_BATTLEPASS_TASK_INFO_USE_LOONS,استخدم البالونات لربح <num> من النجوم من معارك متعددة اللاعبين.
6bad1c3689a16863,TID_CHALLENGE_INFO_2020,تصل القوات الخارقة إلى اللعبة لمنح القوات الكلاسيكية قوى جديدة وشعرًا رائعًا. تضيف صيادات الأبطال وقاذفة الجذوع وتعويذة الاختفاء إلى ذلك المزيد من الخيارات.
230ae05b8b6e0bcf,TID_DISTRICT_HALL_LEVEL_TOO_LOW,يجب ترقية قاعة المنطقة إلى المستوى <number>!
8f6102b53ffaadb2,TID_POPUP_BOOST_GOLD_MINE,مضاعفة إنتاج الذهب لمدة <time>؟
0302b4750c4c030c,TID_BUILDING_GUARD_POST,مقر الحراسة
a685f588389acc2b,TID_WORLD_FINALS_23_STATUE,تمثال نهائيات بطولة العالم 23
4acf5c89f2e09ffc,TID_CANCEL_BOOST_CONFIRMATION,ترقية المبنى ستنهي بالتسريع. هل أنت متأكد؟
54e8676d5b183872,TID_DECO_GOBLIN_KING_STATUE,تمثال ملك الغيلان
b7a41529c6ab69b5,TID_NPC_CHALLENGE_TH7_DRAGON_DRAGONS3,انشر بقية <c54a0fe>التنانين</c>.
54c8c4bd9535198d,TID_TUTORIAL_CAPITAL_UPGRADE_3,عند المساهمة بما يكفي، ستكتمل الترقية.
430ed2f4a40c0a4e,TID_EDIT_MODE_ERASE_OFF,إيقاف المسح
fb9256a5772b2676,TID_FRIEND_FILTER_ADDABLE,طلبات الصداقة
622287e43f3548bd,TID_BATTLEPASS_TASK_DEPLOY_SUPER_TROOPS,الهجوم الخارق
48745a42198a4fe0,TID_LEAGUE_DIVISIONS,الأقسام
8386f8ce5e68ecc1,TID_UPGRADE_FINISH_NOW,إنهاء الترقية:
dc6423472f4f86b9,TID_WAR_BATTLE_INFO,يشن الجميع الهجوم مرتين أثناء يوم المعركة. لن تحتسب إلا أفضل هجمة على كل عدو، لذا فإن إستراتيجية القبيلة هي المفتاح! لن تقلل هجمات حرب القبيلة من درعك ولن تؤثر على كؤوسك.
a980a477088a9d54,TID_DECORATION_10YEAR_BIRTHDAY_STATUE_INFO,هل هي قنبلة؟ أم زينة الذكرى العاشرة؟ أم قاعة المدينة؟ لا أحد يدري!
e1d65d7a68d34db6,TID_PLAYER_ALREADY_REPORTED,لقد أبلغت عن هذا اللاعب بالفعل!
e6225c66920a01c1,TID_BOOST,التعزيز
8d7f9adfa2781143,TID_MORE_WEIBO,请关注新浪蓝V认证微博@部落冲突Clash-of-Clans
3891054d41e75bda,TID_SUPPORT_TEXTBOX_TITLE,دعم منشئ محتوى
db54fe7165a8258a,TID_POPUP_BOOST_RESEARCH_TITLE,أتريد تسريع الأبحاث؟
b9813a684b0b5c0d,TID_UNLOCK_RUINS,لفتح الأنقاض:
d1536fc0df66d1f9,TID_BP_PERK_AUTO_FORGE_DESC,تفتح موضعًا إضافيًا في ورشة الصياغة يتيح لك التصنيع بنصف الموارد المطلوبة، ودون الحاجة إلى بنّاء.
d4312d56619515c0,TID_CHARACTER_SUPER_VALKYRIE,فالكيري الخارقة
a341cbed7bd7f334,TID_CLAN_TYPE,النوع:
8c2f545478fc6ff8,TID_CHARACTER_INFO_BABY_DRAGON2_SHORT,لا أحد يريد أن يساعد هذا الطفل الغاضب على التجشؤ.
21d01056642a87f2,TID_CAPBUILD_BARRACKS_MEGAAIR_INFO,ساحة بناء للحصون الطائرة. توجد في أعالي الجبال ربما لأن البنّاء ساورته الشكوك حول ما إذا كانت ستطير أم لا.
a8d8a99eb1ddbcee,TID_WL_CANNOT_EDIT_ROSTER,لا يمكن تعديل قائمة المشاركين في الحرب الآن.
832e7a2d8b111c38,TID_LEADERBOARDBANNER_PLAYER_REWARD,أفضل لاعب في البطولة السابقة:\n(انقر في الأسفل لرؤية المزيد)
adde59e213040e5d,TID_NPC_CHALLENGE_TH9_WITCH_FUNNEL_WIZARD,انشر <c54a0fe>ساحرًا</c> لتدمير معسكر الجيش.
70bb3382ce3941ce,TID_DOWNLOADING_SCENERY,جارٍ تنزيل المنظر...
2899c1eaf8b994ab,TID_CAPBUILD_BLAST_BOW,قوس الانفجار
553f0bcef50fac78,TID_DECO_MINE_CART,عربة المنجم
10b29fafcc69f4e0,TID_PET_WALLBUSTER_INFO_SHORT,عنيد ويهوى هدم الجدران تحديدًا.
093ff9487fa5d000,TID_CLANGAMES_TASK_USE_WITCHES,ساعة السحر
7cd5ac0fe53422ac,TID_TUTORIAL_CLASHOWEEN_EVENT_C2,يا سلام! الإكسير الحمضي! إنه شهي للغاية.
44364099a8052c91,TID_DECO_COZY_CLAM,محارة الاسترخاء
305aa1072e4cbcef,TID_CAPITAL_RAID_DISTRICT_ALREADY_DESTROYED,تم تدمير المنطقة بالفعل
a1c3fc9f53823322,TID_LAVALOON_ABILITY_HELP,عندما تنفجر قنابلها فإنها تطلق أيضًا جراء بالون كلب الحمم.
ea0da7e625478308,TID_CLANGAMES_TASK_INFO_DESTROY_BB_DOUBLECANNON,دمر <num> من <building> في معارك البنّاء.
27fe968a89c1811a,TID_SPELL_BATS,تعويذة الخفافيش
34643f1de9bdf06e,TID_SUPERCELL_ID_BUTTON_CONNECTED,متصل
b4da14183df27889,TID_CHALLENGE_TH11_EDRAG,الجراحة الكهربائية
6102f1edab029783,TID_ALLIANCE_WAR_AVAILABLE_BONUS,مكافآت الانتصار في الحرب
52ff11ab0b779d94,TID_WAR_DURATION,المعركة:
015e601d8ef9ca41,TID_BB_BATTLE_LOG_REPLAY_BUTTON,إعادة
65591b54ae24027b,TID_BUTTON_RATE_APP_REVIEW,مراجعة
ee12987713663b7f,TID_ADD_FRIENDS_INFO_REQUESTS_TENCENT,أضف أصدقاء Clash من خلال ملفات اللاعبين الشخصية. يظهر أصدقاء WeChat أو QQ تلقائيًا بمجرد تسجيلك للدخول.
50d35679a3c97e6f,TID_LEAGUE_SILVER2_SHORT,الفضي II
c3bcf61cfc09a176,TID_XP_TEXT_HAYDAY,عد إلى الطبيعة وجرّب الحياة البسيطة المسالمة حيث العمل بزراعة الأرض وتربية الحيوانات
639e841092922a15,TID_CLANGAMES_TASK_DESTROY_BB_FIRECRACKERS,أدوات المفرقعات
4ba2bc0b183fef05,TID_CHARACTER_INFO_MINION,وُلد هذا الشيء المخيف الطائر في السماء من إكسير الظلام. لا يمكن للغم الجوي كشف كائنات المينيون التي تتجسد بسهولة، لكنها هشة في عالمنا.
8bf049d49e0a6974,TID_BOOKMARK_REMOVED,تمت إزالة المرجعية
8264316155af6887,TID_INFO_POP_UP_IAP_NOTE,لعبة Clash of Clans مجانية، ولكن يمكنك تسريع تقدمك في اللعبة بواسطة عمليات الشراء داخل التطبيق. إذا كنت ترغب، يمكنك تعطيل عمليات الشراء في إعدادات جهازك. كما يجب أن يكون عمرك 13 عامًا أو أكثر لتلعب اللعبة.
1416c1f84f7035b9,TID_BOOMBOX_NEWS,الأخبار
2c602dde4e867ddf,TID_EVENT_CW_TITLE,ضعف نقاط خبرة القبيلة
4938bff25f18734d,TID_BATTLEPASS_TASK_WIN_BATTLES_USING_HEAL_INFO,استخدم تعويذات الشفاء لربح <num> من المعارك متعددة اللاعبين.
a2fb88f8cdc27108,TID_TOO_SHORT_ALLIANCE_NAME,اسم القبيلة قصير للغاية!
e062ffc112372c7f,TID_SHOW_SEARCH_OPTIONS,عرض
de9ec21765a21421,TID_MAP_LOCATION_2,الغابة المحرّمة
00bbb4cfe28ec01b,TID_CLANGAMES_TASK_WIN_STARS_VS_TITANLEAGUE,الفتك بالجبابرة
561eff4256a2be16,TID_LEGEND_SEASON_END_INFO_WITH_PRESTIGE,أنهيت برتبة # <rank> عالميًا وربحت <prestige> من كؤوس الأسطورة! تم تسجيل أدائك المذهل في ملف اللاعب الشخصي الخاص بك ليراه الجميع.
c98e82582f0635f2,TID_ALLIANCE_WAR_PREPARED_HEADER_FRIENDLY,زملاء القبيلة الجاهزون للحرب:
557dce68e7722ad9,TID_FAQ_BUTTON_TENCENT,قائمة مشاركة معلومات جهة خارجية
bfcaecf08f5c6c3b,TID_NPC_CHALLENGE_TH12_DRAGBAT_SPAWN_BATS2,استخدم <c9916c8>تعويذات الخفافيش</c> لتدمير ما تبقى من <cf70d16>برج الساحر</c>.
d64f0fbc9d14ca91,TID_LEAGUE_DROP_OUT_OF_LEAGUE,لم تعد في دوري.
5ead244b1d1fe050,TID_WL_STAT_POSITION4,المركز الرابع
01c8eba0fbae65e3,TID_CHALLENGE_FAIL_SERVER,لا يمكن بدء التحدي، يُرجى المحاولة ثانية!
0bfbfc3b4b8c7670,TID_SCENERY_NOT_AVAILABLE,افتح هذا المنظر من تحديات الموسم.
98ed0376bd9019ee,TID_CLANGAMES_TASK_WIN_STARS_WITHOUT_SPELLS,ممنوع السحر
a53ae333889b84e2,TID_ANTIADDICTION_NO_REAL_NAME_VERIFIED_1,نظرًا لأنك لم تتمم عملية التحقق من الهوية، فأنت مقيد بنظام الحماية من الإدمان. لا يُسمح لك بتسجيل الدخول بين الساعة 10 مساءً والساعة 8 صباحًا من اليوم التالي. زر موقعنا الإلكتروني الرسمي لإتمام التحقق من الهوية. يمكنك محاولة تسجيل الدخول لاحقًا بعد إتمام عملية التحقق من الهوية.
887691a986fd81b7,TID_GP_GET_SCREEN_TITLE,الحصول على التذكرة الذهبية
cb2fd9beec7d1359,TID_MONTH_10,أكتوبر
20a51fa8a4466eb9,TID_VIEW_PLAYER_ON_WAR_MAP_BUTTON,العرض على الخريطة
c234b1cbd3cbaa49,TID_FACEBOOK_BOUND_TO_OTHER_ACCOUNT_TITLE,تنبيه Facebook
385992c46578ae91,TID_TRAIN_TUTORIAL_ARROW,ضغطة طويلة
e07b15af3c34b753,TID_BUTTON_CHANGE_SPELL,اختر تعويذة
d894e9c46be45761,TID_REMOVE_TROOP_AND_SPELL_MESSAGE,تمت إزالة القوات والتعويذات
26ccf218650195ad,TID_BUILDING_BOMB_TOWER,برج القنابل
35b4e7afdad31f2b,TID_OBSTACLE_POND_OVERGROWN,البركة الضخمة
856647efb8a6e671,TID_NPC67,مهرجان الألعاب النارية
d3a24aec4d542d1d,TID_TUTORIAL_SHIP_LOAD_SHIP,أيها الزعيم، قاربنا وطاقمنا على استعداد للإبحار!
1b7edf17c6e67544,TID_CLANGAMES_TASK_DESTROY_BB_OUTPOST,القضاء على مركز قيادة أوتو
5c2adb3d7c21a1ec,TID_LOOT_CART,عربة الغنائم
ed9093f338a7d2b7,TID_POPUP_BOOST_BARRACKS_AND_SPELLS,هل تود تعزيز سرعة تدريب القوات وتطوير التعويذة بمقدار <multiplier>x لمدة <time>?
b667425b114b184d,TID_STARTER_TH4_BUILDSPRINGTRAP,تفعيل الفخ
7be92a8ac0a9d346,TID_CLANGAMES_TASK_WIN_STARS_USING_CLONE_INFO,اربح <num> من المعارك متعددة اللاعبين باستخدام <num2> من تعاويذ الاستنساخ.
fa1b738b898e89d8,TID_WARTOOLS_ATTACK_CONFIRMATION,طالب لاعب آخر بهذا الهدف. هل تريد مهاجمته على أية حال؟
6e3e4e64ef038720,TID_LOGIN_RESTRICTED_BY_LOCATION,تسجيل الدخول غير مدعوم من موقعك الحالي
609e5d0271813a33,TID_LEAGUE_STEEL1_SHORT,الفولاذ 1
01b98b64bed6410b,TID_NPC41,قشرة كريستال
637086bdf3d68b81,TID_LEGEND_LEAGUE_INFO_TAB1_TEXT,في دوري الأسطورة، يمكنك استخدام مخطط مختلف عن ذاك الذي يراه اللاعبون الآخرون عند زيارة قاعدتك. يمكنك أيضًا تغيير المخطط ودفاع قوات قلعة القبيلة في علامة تبويب الدفاع في قائمة الهجوم. ستظل إعدادات الدفاع مستخدمة حتى تغيرها أو تخرج من دوري الأسطورة.\n\nقد تحدث عمليات الدفاع حتى أثناء لعبك في قريتك. لن تخسر أي موارد في دوري الأسطورة عند الدفاع، وسيظل بإمكانك اللعب أثناء التعرض إلى هجوم.
dca4a014f14805c9,TID_HALLOWEEN_STORAGE_CONVERSION_INFO,سيحوّل المرجل إكسير أحد مخازن الإكسير إلى إكسير حمضي خلال <time>
5872d91d0f787c06,TID_CLANGAMES_TASK_USE_LOG_LAUNCHER,أطلق الجذوع!
1ef7f5abfb13888d,TID_NEWS_RABBIT_TEXT,كرات النار ليست الحيلة الوحيدة التي يمتلكها الساحر. اكتشف ماذا يمكنه أن يفعل أيضًا.
6b3eed47b541e4c4,TID_AGE_GATE_TITLE,ما عمرك؟
2b9cc991d278c930,TID_TAB_VIEW_VILLAGE3,عاصمة القبيلة
a220d16ab7b816b8,TID_FRIEND_LIST_TEAMUP_2,ستظهر طلبات الصداقة هنا
3d9b02bf9521ecdc,TID_PLAYER_MUTED_HUD_MESSAGE,تم كتم الدردشة. راجع البريد الوارد لمزيد من التفاصيل.
592b7fcd4df6b415,TID_BUILDER_HALL_4_INFO_SHORT,عزز الوقت باستخدام جرعة برج الساعة وفجّر خصومك في المعركة.
c684d9e14e456759,TID_CHARACTER_INFO_ELITE_GOBLIN,تتميز الغيلان المتسللة بالمهارة في التحرك خلسة بعد النشر دون أن يلحظها أحد لبعض الوقت، ولا يتسبب في رصدها سوى الأصوات العالية التي تصدر عند سرقتها الموارد.
242b6856a7c9d5f9,TID_LEAGUE_GOLD1,الدوري الذهبي I
28c1375f5c6d3f15,TID_WEAPON_POISON_SPELL,برج تعويذة السم
866dcefde673e5e6,TID_WL_WARLESS_DAY_INFO,هناك قبائل أخرى تقاتل اليوم. استعد لحرب الغد.
3b4ac1cd13fad010,TID_CHALLENGE_TH6_GIWIWA,الدرع الحي
8bc34e97f7b99615,TID_NUMBER_FOUR,4
0a7e196e5abf2402,TID_REGULAR_THEMED_BUILD_OFFER_INFO_TH0712_4999,• <res0> ذهب\n•<res1> إكسير\n• <booster1> من خواتم الجدران: لترقية أي جدار فورًا، إلا أن الجدران ذات المستوى الأعلى قد تتطلب عدة خواتم.\n• <booster2> من كتب المباني: لإكمال ترقية أي مبنى فورًا.\n\n• لا حدود للتخزين!\n• يمكن شراء هذا العرض مرتين فقط خلال الفترة المحددة.\n• استغل هذا الوقت لترقية دفاعاتك!
50af2acffcc8b644,TID_CAPITAL_PLAYGROUND_DEPLOY_AREA_EXPLANATION_2,تقع منطقة النشر الأولي داخل العشب الطويل.
f1e739fbdb0ddd2f,TID_BUTTON_DISABLED_PICK_A_REWARD,اختر جائزة من مستوى جوائز مفتوح.
faac3322ccc9b242,TID_NEWS_TREASURY TEXT,مكافأة النجوم اليومية\n• اربح 5 نجوم من المعارك متعددة اللاعبين لربح الغنيمة الإضافية\n• اربح مكافآت أكبر في بطولات الدوري الأعلى!\n• هناك مكافأة نجوم جديدة متاحة يوميًا!\n• يتم حفظ جوائز مكافأة النجوم في الخزينة بأمان\n\nعربة الغنائم\n• تظهر عربة غنائم مكسورة في قريتك بعد كل دفاع\n• اجمع هذه العربة لاستعادة بعض الموارد المفقودة\n• ستظهر عربة غنائم واحدة فقط في كل مرّة، لذا اجمعها في الحال!\n\nالخزينة\n• قلاع القبيلة تضم الآن بنك موارد محميًا جيدًا: الخزينة\n• تحمي الخزينة الغنيمة الإضافية من حروب القبائل ومكافآت النجوم\n• إنها أكثر الأماكن أمنًا لحفظ الغنيمة الإضافية حتى تصبح جاهزًا لإنفاقها!\n\nالموازنة\n• مدفعية النسر الآن تسبب ثلاثة أضعاف الضرر لكائنات الغولم الكبيرة والصغيرة\n• يتم فتح الدفاع الجوي الثاني الآن في قاعة المدينة 6 والثالث في قاعة المدينة 7
18dce3786182c8da,TID_LAYOUTS_OBSTRUCTED,يجب إزالة بعض العوائق أولاً
07e4f93a3d7a004b,TID_NEWS_RED_LIKE,إعجاب (RED)
19d55e2500b1403d,TID_CAPITAL_PLAYGROUND_WALL_EXPLANATION,لا يمكن للقوات الأرضية التجول حول الجدران المتصلة بالمياه أو المنحدرات أو حافة المنطقة.
691506f8f58ec278,TID_EDIT_MODE_WALLS_ONLY,عرض الجدران
d5dde3fcbf1c124d,TID_INVALID_PLAY_INSTALL,Clash of Clans غير مثبتة بالشكل الصحيح. يرجى إعادة تثبيتها من متجر Google Play لإصلاح هذه المشكلة.
7d1b3054b3153261,TID_SHOP_STORAGE,التخزين:
eee3be6aee0083e1,TID_EP_SPELL_UNLOCKED,تم فتح <spell>!
37bd754249e34fb0,TID_UPGRADE_TH_NOT_RECOMMENDED_TITLE,قبل أن تقوم بالترقية...
586fe1bb0242cf45,TID_STAR_BONUS_BOOST,تعزيز مكافأة النجوم
11d79f4ed2f65000,TID_FAVORITE_TARGET_HEROES_AND_TROOPS,الأبطال والقوات
03a7d85244c5b784,TID_INVALID_NAME,اسم غير صالح! الرجاء استخدام اسم آخر.
b2a02ad349cff7e5,TID_CLANGAMES_TASK_USE_INFERNO_DRAGONS,القتال الناري
5eefc03ececfc914,TID_EDIT_MODE_CANNOT_SAVE,هذا مخطط نشط ولا يمكن إنهاؤه لاحقًا
ea69b2d1ee17d356,TID_NPC_CHALLENGE_TH12_YETI_JUMP,استخدم <c85ff3b>تعويذة القفز</c> للوصول إلى <cf70d16>تيسلا الهائلة</c>.
52844f349dd1b8fe,TID_INVALID_WAR_MEMBERS_INFO_LOW,حدد <value> من الأعضاء على الأقل
68aec72ae5086b2a,TID_SUPPORTING_NOBODY,دعم منشئ محتوى
7bbc953623fedc77,TID_HINT_SPELL_JUMP_2,حاول استخدام تعويذة القفز لإعادة توجيه قوات القتال المشغولة في مهاجمة الجدار!
91b4d6cfcd67c774,TID_ALLIANCE_GAMES_ABANDON_TASK,حذف
c65200538841a15b,TID_CLANGAMES_TASK_INFO_WIN_WARSTARS,اربح <num> من النجوم من الهجوم في حروب القبائل.
064143eb9a277f1b,TID_ERROR_POP_UP_CONNECTION_FAILED,لا يمكنك الاتصال بالخادم. تحقق من اتصالك بالإنترنت ثم حاول مرة أخرى.
0125da00d92e2077,TID_TOWN_HALL_11_INFO_SHORT,قاعة مدينة أنيقة لعصر أكثر تحضرًا.
fcfa10750dacb08d,TID_HINT_ARCHER_TARGET,تهاجم راميات السهام أي شيء في مداهن
8703f8353b7df87a,TID_DECO_RESTORED_BARBARIAN_INFO,يجلب البهجة للقرية بأكملها!
5f791bc1be018c15,TID_CLAN_GAMES_TASK_CLAIMED_ELSEWHERE,عضو آخر بالقبيلة أخذ ذلك التحدي
5d1b37c9ddcc977b,TID_CLAN_JOIN_FAIL_BANNED,لا يمكنك الانضمام، فقد تم حظرك من هذه القبيلة!
340992186c3015da,TID_YOUR_BONUS,مُنحت مكافأة الفوز 3 مرات!
452bf5d4c3639195,TID_CLANGAMES_TASK_INFO_DESTROY_AIRDEFENSES,دمر <num> من <building> في معارك متعددة اللاعبين.
4c657fd789ddb849,TID_POPUP_BOOSTER_FILL_STORAGE_ALMOST_FULL,مخزن ال<res> لديك ممتلئ تقريبًا. هل ترغب بالتأكيد في استخدام <booster> لإضافة <num> <res>؟
db2796e579674f8e,TID_WARNING_1_GEM_DONATIONS_INACTIVE,تبرعات الجوهرة الواحدة غير نشطة. هل أنت متأكد من أنك تريد التبرع باستخدام جواهر؟
ccf99e31beb53690,TID_BP_PERK_SAVINGS_PAYOUT_DESC,يمتلئ بنك الموسم فجأة كلما حصلت على غنائم من المعارك متعددة اللاعبين. في نهاية الموسم ستتلقى المحتويات في المخازن.
ea6ddc63ef855c01,TID_GHOST_QUEEN,الملكة الشبح
b0adfc5899f36635,TID_CAPBUILD_SPELL_STORAGE,مخزن التعويذات
a8068e28f02f2efb,TID_GUARD_NOT_AVAILABLE,لا يمكن شراء الحراسة أثناء تفعيل الدرع!
5f057fef51e3115a,TID_DECO_FLEXING_BARB,البربري مفتول العضلات
ad60db52bd8e6ecd,TID_BUY_MISSING_RESOURCES_TEXT,هل تريد شراء <count> <resource> المفقود؟
5858da48acd06e61,TID_LEAGUE_CHAMPION_SHORT,الأبطال
c471729e6c916b7e,TID_TRAP_HALLOWEEN_SKEL_INFO_SHORT,شتّت مهاجميك بينما تواصل دفاعاتك إطلاق النار.
0a7b0462d89cc0d2,TID_BOW_INFO,تطلق الأقواس طلقات خيالية بقوة مرعبة. حمّلها بالإكسير وستعمل تلقائيًا بقوة السحر. يمكنك ضبطها لتستهدف الوحدات الأرضية على مدى بعيد، أو كل الأهداف على مدى قصير.
35231229501e7a6a,TID_RESOURCE_BOOST_INFO,يضاعف إنتاج الموارد في القرية الأم.
d2fae8f642156928,TID_SUPPORT_CREATOR_INVALID_CODE,رمز المنشئ غير صالح. تحقق منه وحاول مجددًا.
9c1cdb5beffb950e,TID_ACHIEVEMENT_LEAGUE_PROGRESS_1,انضم إلى الدوري الكريستالي
082f0782c7846a9d,TID_TAB_TREASURY_RESOURCES,الموارد
6b648cee7761821f,TID_CLANGAMES_TASK_GET_LEVELKILLS_VS_ARCHERQUEEN,قناص مستوى الملكة
7f87bfe8b9f6fee5,TID_ALLIANCE_WAR_VISIT_FAILED,لا يمكن الزيارة، من فضلك حاول ثانيةً لاحقًا.
3f32b75ca5123708,TID_TUTORIAL_FORGE_CRAFTING_1,يمكن للبناة أيضًا صياغة الموارد الحالية لإنتاج ذهب العاصمة.
08f73d55f0bee394,TID_TUTORIAL_WAR_LEAGUE_10,هنا يمكنك رؤية أدائنا ضد القبائل الأخرى.
e41c8ac6aa93a8d8,TID_CWL23_SCENERY,منظر ساحة الحرب
96c82585a930f08b,TID_STARTER_TH5_INFO_BUILDSPELLFACTORY,افتح تعويذات بمصنع سحر من المتجر.
ebf0892b348edd65,TID_GOBLIN_SPEAKS_1,لم أنته منك بعد.
532209dc102f62d2,TID_OTTO_FEATURE,أوتو
4e53dfd00a419776,TID_PTE_REWARD_LOCKED_NOT_ENOUGH_POINTS,يلزم <num> أكثر من <soft_currency> لفتح هذه الجائزة.
50c5a04b721877d1,TID_RECALL_TROOPS_ALREADY_DEPLOYED,تم نشر القوات المسحوبة بالفعل
11f96cd58a7df615,TID_FAVORITE_TARGET_AROUND_HERO,يبعد عن البطل بـ <num> من الرقعات
70b63195e6a8173b,TID_WAR_STATS_HEADER_ALLIANCE_EXP_INFO,يتم منح نقاط خبرة القبيلة في نهاية الحرب
833641b77e28aaa3,TID_CLAN_AVAILABLE_FOR_RECRUITING_DESC,أتريد أن تتلقى دعوات انضمام من اللاعبين الذين يبحثون عن قبيلة جديدة؟
dfd851edd9cc7f99,TID_ICE_PUP_INFO,هذه الجراء غير عادية. لا تتوقع منها اللطف أو الوفاء؛ فقد تجمدت مشاعرها بفعل قواها الجليدية. ستبطئ هجماتها الأعداء.
e98bc0fb52c651c4,TID_WAITING_FOR_BATTLE_CODE,في انتظار الكود...
f351ef74603ace3d,TID_WAR_DATA_ERROR_INTERNAL,لا يمكن الحصول على تفاصيل الحرب، من فضلك حاول ثانيةً لاحقًا.
2829d3514c7f696b,TID_CLAN_GAMES_THEME_AUTUMN,مباريات الخريف
43c841bd2049ae80,TID_NPC_DEPLOY_STEPS_OFF_TEXT,هل تريد إعادة لعب المستوى دون مساعدة إضافية؟
21241f94bedc5e89,TID_PRODUCTION_CAPACITY,السعة: <number>
99b636365469aa96,TID_BUILDING_CUSTOMIZE_SCREEN_TITLE,تخصيص <name>
e81ffa096bfa2e3f,TID_BUTTON_UPGRADE_TROOPS,بحث
a2f31576ed74ec99,TID_NEW_BEST,أفضل نتيجة جديدة
74ba62a5a7a773c8,TID_ERROR_POP_UP_PERSONAL_BREAK_TITLE,الاستراحة الشخصية
da1349edc6a77ad8,TID_TUTORIAL_CLASHOWEEN_EVENT_C1,ألقِ نظرة على مخزن الإكسير القديم الممل هذا...
572fb4c39c633019,TID_BUY_PRIZE_SHOP_ITEM_MULTI_HEADER,هل تريد شراء <num> من <item>؟
cea3ef54e7b2eb7a,TID_HINT_DARK_ELIXIR_BUILDINGS,يمكن تخزين إكسير الظلام وإنتاجه في قاعة المدينة من المستوى 7، مع قوات إكسير الظلام!
86906df088e90321,TID_STREAM_EVENT_WAR_NO_MATCH_FOUND,لم يُعثر على خصم حرب القبائل. يُرجى محاولة بدء حرب ثانيةً.
01a70417fe86ba50,TID_HERO_ABILITY_UNUSABLE_IN_RECALL,انشر البطل المسحوب لاستخدام القدرة.
0557d6f477f9668e,TID_TUTORIAL_ELIXIRSTORAGE,يحتاج ذلك الإكسير إلى مكان لتخزينه أيضًا.
460e126f67776e33,TID_SCID_GIFT_ACCEPT_BUTTON,القبول
94b95c5989bbffff,TID_POPUP_ABOUT_TO_SELL,أأنت واثق؟
228a621c97add9dc,TID_BOOSTER_FILL_GOLD_STORAGE,تميمة الذهب
ba227f18afdf84d1,TID_ACHIEVEMENT_UNIT_UNLOCK,إلغاء قفل <name> في الثكنات
cd605053bebf699b,TID_SETTINGS_TROOP_REQUEST_HELP,إذا كان هذا الخيار قيد التشغيل، فسترى طلبات التعزيزات التي يمكنك التبرع لها فقط.
9345c3219303ba90,TID_LINK_DEVICES_ENTER_CODE_TEXT,(للحصول على رمز الربط: في الجهاز الآخر، انتقل إلى شاشة الربط وانقر على الزر \qهذا هو الجهاز القديم\q.)
dd7e0afb7858834f,TID_CLAN_WAR_CHALLENGE_REJECTED,تم الرفض بواسطة <name>
4a2f486b84db5b1d,TID_V2_START_DUEL_ACTIVE,فشل البحث عن مطابقة، القتال نشط بالفعل
aab8f68cccd3575c,TID_CLANPERK_DESC_DONATION_LIMIT_VALUE_SINGLE_SPELL,قوات <troops> وتعويذة واحدة
8c5c7cc93c5a1705,TID_CHARACTER_INFO_BALLOON_SHORT,تفجر هذه القوات الضعيفة الدفاعات من الأعلى.
d6c0003cd0592fee,TID_CLANGAMES_TASK_DESTROY_BB_ELIXIRSTORAGE,القضاء على مخزن الإكسير
f5e488f7971aa39d,TID_CLAN_TAG_HUNGRY_LEARNER,متعطش للتعلم
a23c7ac8c4a95404,TID_LEAGUE_CHAMPION3,دوري الأبطال III
451ee1a884dab07f,TID_CHARACTER_INFO_FIRECRACKER,وصف رامية المفرقعات.
8417eebf2e9af1f3,TID_DIAMOND_BUNDLE_MAGICITEMS_EVERYTHING_BOOK_WITH_RESOURCES,مجموعة كتاب كل شيء
c3263e7e163e26bd,TID_HINT_GIANT_TARGET,يفضل العمالقة مهاجمة الهياكل الدفاعية مثل المدافع
73729f2da9cf1edb,TID_RESOURCE_STORAGE_CAPACITY,سعة التخزين: <number>
0c1e191a19a5b996,TID_BATTLEPASS_TASK_INFO_WIN_BATTLES_USING_ARCHERS,استخدم راميات السهام لربح <num> من المعارك متعددة اللاعبين.
5c60d35679a2120e,TID_LEAGUE_SILVER3_SHORT,الفضي III
280148fdb6bdb2a7,TID_CLANGAMES_TASK_DESTROY_BB_ROASTER,رجل الإطفاء قيد الخدمة
25f780e3796cade8,TID_CLANGAMES_TASK_INFO_DESTROY_BB_CRUSHER,دمر <num> من <building> في معارك البنّاء.
1215bbff8a13431b,TID_ALLIANCE_WAR_EVENTS,أحداث الحرب
c64b88f7e5edcc44,TID_POPUP_BOOST_VILLAGE_SPEEDUP,اجمع الموارد وأجر الأبحاث وأنشئ المباني بمعدل <multiplier> من المرات أسرع لمدة <time>.
280444a4d807367b,TID_NPC19,فيكوفا
14dbbb15b078791c,TID_XP_TEXT_PUZZLEANDDRAGONS,وصلت اللعبة الشعبية الأولى في اليابان إلى المملكة المتحدة. قم بتنزيلها مجانًا من App Store!
9ddddc1ecf6a7c2b,TID_PRIMAL_QUEEN,الملكة البدائية
c29a2b8d1dc05c6d,TID_CAPBUILD_BARRACKS_MEGA_SPARKY_INFO,المكان الذي يضرب فيه البرق البلورات الزجاجية بشكل متكرر ليبعث الحياة في سباركي العملاق. وهذا كافٍ لجعل المارة يرتجفون من الخوف.
f8a6577379b16202,TID_DARK_ELIXIR_PUMP_INFO,نجح بنّاؤونا أخيرًا في اكتشاف طريقة لاستخراج إكسير الظلام، وهو أكثر أشكال السحر ندرة.
2a3d5db6bd56859c,TID_HERO_ABILITY_TIME,مدة القدرة: <number> ث
1047eae69586a52b,TID_SHARE_SCID_ACTION_BUTTON,مشاركة Supercell ID
e9d6922ae9ab528d,TID_BATTLEPASS_TASK_WIN_BATTLES_USING_RAGE,الغضب الموجه
ecbf0cb6b8e026e3,TID_WL_COLUMN_DRAWS,التعادلات
d018443b130722a2,TID_LEAGUE_IRON1,الدوري الحديدي 1
b404b3d86ef8b2b1,TID_PROMOTE_TO_ADMIN_CONFIRMATION,رفع رتبة <name> إلى عضو قبيلة مميز؟
86df08d7cca1d8c3,TID_BATTLEPASS_TASK_GET_FRIENDLY_HOMEBATTLESTARS,التدريب سر الإتقان
a371372e733cdb1f,TID_CONFIRM,تأكيد
55e1e488e24a6def,TID_TUTORIAL_ARTO_COMPLETE_2,رحّب ببوب البنّاء!
e871bfac491cdfef,TID_DEVICE_LINK_ERROR_CODE_CURRENT_VILLAGE_TOO_HIGH_TEXT_TENCENT,ترتبط قريتك بشكل دائم بالفعل بالحساب الذي سجلت الدخول بواسطته.\n\nلأن القاعدة يوجد بها تقدم بالفعل (مستوى قاعة المدينة <level> أو عملية الشراء التي تمت)، لذا لا يمكن استبدالها بأية حال.
c7b47c1968e39bd5,TID_BUTTON_LOGIN,تسجيل الدخول
7ba519ce785c1caf,TID_JOLLY_KING,ملك رأس السنة
b6e7bd0205e61599,TID_NUMBER_SIX,6
6acfae4dfea5f7a2,TID_ERROR_POP_UP_CONNECTION_FAILED_BUTTON,حاول ثانيةً
baabf67e9943d2c5,TID_PET_FROSTY_ABILITY,أصدقاء الصقيع
34cf279b15eca9f4,TID_NEWS_BOMB_TOWER_UPGRADES_TEXT,قاعة المدينة 11\n• تنين من المستوى 6\n• تنين صغير من المستوى 5\n• القوس-X من المستوى 5\n• مدفع هاون من المستوى 10\n• تيسلا مخفية من المستوى 9\n• 25 من قطع الجدار الإضافية\n\nقاعة المدينة 11\n• الساحر من المستوى 7\n• أصبح التنين الصغير من المستوى 4 مفتوح الآن\n\nقاعة المدينة 9\n• أصبح الساحر من المستوى 6 مفتوح الآن
44884007404f75ee,TID_TENCENT_DOLPHIN_INSTALLFAIL,安装失败，请重试
d87eba64f194d477,TID_CLANPERK_DESC_DONATION_REFUND_VALUE,<value>% من التكلفة
3f1ff433ecf97dae,TID_NPC_CHALLENGE_TH6_GIWIWA_WALL_BREAKERS1,دمر صف الجدران الأول قبل هلاك <c54a0fe>العملاق</c>.
4ccbc2eb6b54b194,TID_MONTH_7,يوليو
a68c9a3e88c750b0,TID_DIAMOND_BUNDLE_TH11_REVISED_INFO,• مدفعية النسر مستوى 1\n• بطل الآمر الكبير\n• <booster1> من كتاب الأبطال\n• <res0> من الإكسير\n\nلا توجد بلا وقت بناء ولا حدود للتخزين!\n\nلا تفوت هذا العرض الذي يمنح <cffec78><value> من أمثال القيمة</c> ويأتي مرة واحدة!
f3c167468c0666fd,TID_BOOST_PETS,تسريع:
484a8497dca42a96,TID_EVENT_TEXT_HALLOWEEN_SKEL_BARREL,ألقِ براميل الهياكل العظمية على أعدائك وشاهد الهرج والمرج! يمكنك أن تربح 200 جوهرة وجرعة قوة مقابل مجهوداتك أيضًا!
1a4de4ed76e4ba5f,TID_NPC1,مركز قيادة الغول
5839b1f18184e3d9,TID_OBSTACLE_LARGE_PINE_TREE,مجموعة أشجار
0625b75c12863a55,TID_PLAYER_HOUSE,منزل القبيلة
5e7941eda0a0b2ea,TID_LOCAL_NOTIFICATION_EVENT_ANNIVERSARY_OFFER,أيها الزعيم، عرض الذكرى السنوية الخامسة معروض للبيع بقيمة مخفضة لفترة محدودة!
8c48088c8f6e96d2,TID_ENDOFSUMMER_OFFER_INFO_TH0712_0999,• <res0> إكسير الظلام\n• <booster1> من كتب الأبطال: أكمل أي ترقية جارية للأبطال فورًا.\n\n• تخزين بلا حدود!\n• يمكن شراء هذا العرض 5 مرات!\n\nالآن لفترة محدودة فقط!
40595913cc531fa1,TID_CHAT_JUST_DISABLED,قام لاعبون آخرون بالإبلاغ عن قيامك بتعليقات غير لائقة. تم تعطيل الدردشة لمدة <time>.
38c004cbb5c05164,TID_STREAM_REPLAY_TEXT_DEFENSE,دفاع ضد:
85263a7041865aa2,TID_SETTINGS_PLAYERNAME_CURRENT,الاسم الحالي:
e0083210adb82f83,TID_MORE_WECHAT,关注官方认证微信订阅号cocsupercell
9c8f4f80c3363bf3,TID_CAPBUILD_GOBLIN_OUTPOST,مركز قيادة الغول
f31a2066685c555c,TID_FRIENDLY_CHALLENGE_SET_CASTLE_TROOPS_TEXT,أتريد استخدام قوات قلعة القبيلة هذه في دفاعات التحدي الودي؟
13811ed03f4e5b73,TID_HINT_SPELL_HEALING,تصنع تعويذة الشفاء حلقة من الشفاء تشفي وحداتك أثناء وجود الوحدات داخلها.
f9f6eff2bb658e6e,TID_BOOSTER_FREE_TROOP_UPGRADE_ALT_2_LINE,مطرقة القتال
174b82e5a985809f,TID_NPC_CHALLENGE_TH12_DRAGBAT_DRAGONS,انشر <c54a0fe>التنانين</c> في صف واحد.
301ae20b4ae5e56a,TID_LAST_ONLINE_WITHIN_24H,لعب مؤخرًا
1678cef79d443cce,TID_PRESET_ORIGINAL_TROOP_LEVEL_TOO_LOW,مستوى القوة الأصلية منخفض جدًا.
745405e58e546a0a,TID_BUILDING_BOMB_TOWER_INFO_SHORT,يتمحور الأمر حول تفجير القوات الأرضية، حتى بعدما يتم تدميرها.
56af95d6d7eb6ba3,TID_WAR_ATTACK_CONFIRM_HEROES,الأبطال: <number>
6525d427a9ecda55,TID_CLAN_JOIN_FAIL_NO_DUEL_SCORE,عدد كؤوس معارك البنّاء لا يكفي للانضمام إلى هذه القبيلة!
154a5ad05aa26f96,TID_MAP_LOCATION_24,بلدة التعويذات
d094c171f70893a4,TID_TUTORIAL_MAGICITEMS_2,هل هي خطيرة؟ إنها تومض بطاقة هائلة!
8d806fdacdfeded2,TID_HELP_TRAINING_PRESET_PREVIOUS_ARMY,درب سريعًا الجيش الأخير الذي استخدمته في المعركة!
4690b5970a86376f,TID_NATIVE_DIALOG_VERSION_NOT_UP_TO_DATE_STORE_NOT_READY_TITLE,التحديث إلى إصدار جديد
e5048d5dd6c3b217,TID_TENCENT_RETRY,重试
3371ea16a87ffef9,TID_POPUP_HEADER_ABOUT_TO_BOOST,تسريع الإنتاج!
9a2195e89390850e,TID_CLANGAMES_TASK_USE_MINIONS,خراب الحشد
9334d0f61c4107d9,TID_TAB_TREASURY_BOOSTERS,عناصر سحر
025b3d5cf5c060af,TID_ARCHER_TOWER2_INFO,لا مفر لأي خصم من سهام الرامية. يتسم هذا البرج بإمكانية التبديل بين ميزتين - اختر النطاق الطويل أو الهجوم السريع!
11aecdffef265cbf,TID_BATTLEPASS_TASK_INFO_USE_GOLEMS,استخدم قوات الغولم لربح <num> من النجوم من معارك متعددة اللاعبين.
f42816b9facf9750,TID_TUTORIAL_CAPITAL_ARMY_4,افتح ثكنات القوات ومصانع السحر وقم بترقيتها إذا كنت تريد الحصول على المزيد من الخيارات أو كنت تريد جيشًا أقوى.
c7b871167544d989,TID_CLAN_MINIMUM_TROPHYS,الكؤوس المطلوبة:
eb16751fd2a49b5e,TID_KICK_OUT_FROM_ALLIANCE,طرد
e692bc93e594404a,TID_BATTLEPASS_TASK_INFO_WIN_BATTLES_USING_WIZARDS,استخدم السحرة لربح <num> من المعارك متعددة اللاعبين.
ce345a073cf9d7de,TID_TRAINING_SCREEN_TIME_LEFT,الوقت المتبقي:
83f8942246d1b022,TID_WL_WAR_INDICATOR_SHORT,الحرب <x>/<y>
652a26a3ba38db09,TID_REPLAY_PLAY_AGAIN,إعادة العرض
038d629091238a85,TID_RAID_CART,عربة الغارة
1159bad476c53bd3,TID_LAYOUTS_WARBASE_INFO,ملاحظة: تعديل مخطط قاعدة الحرب النشطة أثناء يوم المعركة لن يكون فعّالاً في الحرب التالية.
455d271ffcc521f8,TID_ALLIANCE_WAR_STAR_XP_DESC,+<xpnum> من نقاط خبرة القبيلة لربح <num> من النجوم
de064e57bc1e315a,TID_BLACK_FRIDAY_PACK,مجموعة الجمعة السوداء
1e0f92b47658fa99,TID_VILLAGE_UNDER_ATTACK,القرية تحت الهجوم!
c2693d919fbd10e0,TID_FEATURE_CLANS_DESC,انضم إلى قبيلة للدردشة مع زملائك من اللاعبين الآخرين، وتبادل تبرعات القوات وغير ذلك المزيد!
f9489242b79345af,TID_PROFILE_LEGEND_RANK_INLINE,مصنف # <value>
67715fe4fe5c599a,TID_TUTORIAL_ARTO_START_1,أتتذكر يوم وصلت إلى هنا لأول مرة؟ قلتُ إنني أريد زيارة بيتك.
ec814ea0d19f3322,TID_CLANGAMES_TASK_INFO_GET_LEVELKILLS_VS_BARBARIANKING,اكتسب <num> من المستويات بالقضاء على الملك البربري في المعارك متعددة اللاعبين.
667c8bba5ba9153d,TID_CHARACTER_INFO_WATER_DRAGON,وصف التنين المائي.
3c839bfaa6e4bfd1,TID_BATTLEPASS_TASK_WIN_BATTLES_USING_INVISIBILITY_INFO,استخدم تعويذات الاختفاء لربح <num> من المعارك متعددة اللاعبين.
4478fb4da700d810,TID_ERROR_POP_UP_SERVER_MAINTENANCE_ESTIMATED_LONG,المعذرة، الخوادم تحت الصيانة في الوقت الحالي. من فضلك حاول ثانيةً خلال بضع ساعات.
78d638cc9a862407,TID_NPC26,رأس السهم
31059739eddd0b90,TID_STARTER_TH3_UPGRADEELIXIRSTORAGE,رفع المخزون
10e815d8b0fb0b69,TID_DECO_QUARRY_5,محجر
922ab42b6856a5e9,TID_LEAGUE_GOLD3,الدوري الذهبي III
4e96d82cfd140c2a,TID_NO_RAIDS_MADE_YET,لم تشن أي غارات بعد.
adb0ad7d17a04e6f,TID_CLANGAMES_TASK_USE_ICE_HOUNDS,موجة الصقيع
2a7029deb18267ce,TID_CHARACTER_INFO_WARLOCK,لا تحارب الساحرة وحدها أبدًا، تحيي المحاربين الموتى باستمرار من معارك الماضي لقيادة هجماتها. الساحرات المترقيات تحيي المزيد من الهياكل العظمية في كل مرة.
dbc1c9d3e647f84d,TID_UPGRADING_TOWN_HALL_FIRST,يجب عليك ترقية قاعة المدينة أولاً.
aefdfb1f7619ffd2,TID_BATTLEPASS_TASK_WIN_STARS_USING_JUMP_INFO,استخدم تعويذات القفز لربح <num> من النجوم من معارك متعددة اللاعبين.
210bfcc86b0bc5d8,TID_EDIT_MODE_NEED_TO_FINISH,تمت استعادة جلسة تعديل القرية الأخيرة الخاصة بك
9718f4b6675de534,TID_ALLIANCE_TAB_NAME,بحث عن القبائل
a0229a168e897fac,TID_TESLA_TOWER2_INFO_SHORT,مفاجأة صادمة.
398d0ad5da3988ed,TID_PET_HEALER_INFO,ليس من السهل ربح ثقة أحادي القرن الخيالي، لكن كل شيء ممكن بقليل من العناية والصبر. تضاهي قدرات أحادي القرن الخيالي العلاجية قدرات المعالِجة العادية.
9aeda4172191ae53,TID_LOCAL_NOTIFICATION_EVENT_HAMMERJAM_PACK,أيها الزعيم، هناك عرض Hammer Jam مميز جدًا لك!
934ce5b315d3d157,TID_HERO_ROYAL_CHAMPION_INFO,البطلة الملكية محاربة مخضرمة لها تاريخ في معارك عديدة، وهي سريعة الحركة وهوائية، مما يعني أنها كثيرًا ما تهاجم قبل أن تفكر فتضع نفسها في مواقف صعبة.
2b98d87d6aac8503,TID_CHALLENGE_FAIL_SERVER_ALREADY_IN_PROGRESS,لا يمكن بدء التحدي، التحدي السابق قائم!
808805fa6d45787b,TID_UPGRADE_HOME_TH_NOT_RECOMMENDED_INFO,ستؤدي ترقية قاعة المدينة الخاصة بك إلى مواجهة خصوم أقوى. وستواجه صعوبة في التغلب عليهم بقوتك الحالية. يُنصح بترقية قوة الهجوم لديك قبل ترقية قاعة المدينة.
eedc2aa6d0aafd28,TID_SCENERY_EPIC_JUNGLE,منظر أدغال رائع
3b6afdcedb9e76da,TID_DISTRICT_GOBLIN_MINES,مناجم الغيلان
10833262d54da154,TID_ERROR_POP_UP_CONNECTION_FAILED_TITLE,خطأ أثناء الاتصال
9d32beb965831a0e,TID_INFO_POP_UP_IAP_NOTE_TENCENT,لعبة Clash of Clans مجانية، ولكن يمكنك تسريع تقدمك في اللعبة بواسطة عمليات الشراء داخل التطبيق.
b7317658d9d57ef3,TID_CAPBUILD_CANNON,المدفع
4d450033415d2a13,TID_SHIELD_GUARD,يحرس
57e7e0e7e70bd3dc,TID_ATTACK_FAIL_TARGET_HAS_GUARD,لا يمكن الهجوم! القرية لديها حراسة نشطة.
9a2a16c2098f68b1,TID_REMOVE_SPELL_MESSAGE,تمت إزالة التعويذات
ce23ff2c74b70804,TID_PET_HEALER,أحادي القرن الخيالي
e4d084d44b59a2fb,TID_HERO_INFO_BATTLE_COPTER,اصعد إلى المروحية! سئم البنّاء الخبير من الاصطدام بالجدران، ولذا فستسمح له آلته الطائرة من الجيل التالي بالتحليق فوقها. تهاجم مروحية المعركة من بعيد باستخدام مدافعها القوية؛ أو يمكنها الهجوم عن قرب عند استخدام قدرة اندفاع القنابل.
92bfd7682e3509ed,TID_SHOP_CATEGORY_SKINS,المظاهر
2acb5cce2e6c5aff,TID_TOWN_HALL_7_INFO_SHORT,عصر البطولة وإكسير الظلام.
e6f4d88b5f2f41d7,TID_CAPITAL_PLAYGROUND_SUPER_WIZARDS_2,يتمتع <c54a0fe>السحرة الخارقون</c> بنطاق أقصر قليلاً من <c54a0fe>راميات السهام الماكرات</c>.
9577439568c1eb5c,TID_BATTLEPASS_TASK_WIN_STARS_USING_EARTHQUAKE_INFO,استخدم تعويذات الزلزال لربح <num> من النجوم من معارك متعددة اللاعبين.
ebf0acccd220944d,TID_TUTORIAL_CLASHOWEEN_EVENT_A1,بسس! هنا أيها الزعيم...
7cb23eb2e2e8ff89,TID_ACHIEVEMENT_DESTROY_XBOW_ONE,تدمير قوس واحد في معركة متعددة اللاعبين
b369c4adac11bcfa,TID_PROFILE_LEGEND,بطولة دوري الأسطورة
343f67117bc70bd2,TID_HERO_ABILITY_BATTLE_COPTER,اندفاع القنابل
1a7ad0497f661f0d,TID_BATTLEPASS_TASK_WIN_BATTLES_USING_RAGE_INFO,استخدم تعويذات الغضب لربح <num> من المعارك متعددة اللاعبين.
f69dd96ae2fbdf4a,TID_CLAN_GAMES_LEADERBOARD,نتائج القبيلة:
8a8b63d53a081baf,TID_HERO_BOOST_INFO,عزز المستوى من جميع الأبطال إلى الحد الأقصى المسموح به على مستوى قاعة المدينة.
d501776f84488417,TID_BUILDING_TOWN_HALL,قاعة المدينة
a58e79310c2a7a99,TID_BUTTON_FIGHT,بدء!
a3a35a2eafb910de,TID_REQUIRED_CASTLE_LEVEL,يجب توفر قلعة من المستوى <number>
882ef4aa0e3b4239,TID_ACHIEVEMENT_GEAR_UP_TITLE,إصقال رفيع المستوى
a373e0820c37f201,TID_SINGLE_PLAYER_AVAILABLE_LOOT,الغنائم المتاحة:
f655aa91b79fc3cb,TID_RESOURCE_BUY_CONFIRMATION,الموارد المتلقاة!
e54b766d608ddb8f,TID_WL_INFO_SIGNUP_TITLE,دوريات الحروب
237ed469c8081013,TID_PREVIOUS_ARMY,الجيش السابق
08bd1d9048b1c35f,TID_ERROR_DOWNLOADING_SKIN,فشل تحميل المظهر! جرب إفساح مساحة في مخزونك وإعادة تحميل اللعبة.
09978a591d8ac5eb,TID_POPUP_SPEED_UP_UPGRADE_SLOWDOWN,تؤدي ترقية <item> إلى إبطاء تدريب الجيش. هل تريد الإنهاء الآن؟
c2782692f5ea4b92,TID_REPAIR_BUILDING_HEADER,<name>
24c35f51a5adf71c,TID_LEAGUE_PLATINUM1_SHORT,البلاتين 1
199b900cc92b6f6c,TID_PET_FROSTY_INFO_SHORT,يجمد أعداءه بصحبة أصدقائه من الفظ القطبي.
f1da0b064c49af0f,TID_WARTOOLS_CLAIM_TARGET,المطالبة بالهدف
5fa0546fd3e13f2d,TID_DONATED_TO_CLAN,القوات المتبرع بها:
9cecda932738ef5c,TID_PAID_NAME_CHANGE_INTRO_TEXT,أتريد استخدام الجواهر لبدء تغيير الاسم؟\nإذا اخترت اسمًا غير لائق، فنحن نحتفظ بحق تغييره دون رد الجواهر الخاصة بك.
43f99586fa61b34b,TID_CAPBUILD_GOBLIN_HUT_INFO,إنه كوخ غيلان فارغ. هل يمكن أن يكون معروضًا للبيع؟
54a9f5e76c4344a3,TID_CLAN_CASTLE_DEFEND,الدفاع
d1ed53ed07f6fff5,TID_NO_EVENTS_TITLE,
1db69b343580510c,TID_GEAR_HEALING_TOME,مجلد الشفاء
d36b53c6a8b6b5ed,TID_ALLIANCE_INVITATION_FAILED_NO_RIGHTS,يمكن للأعضاء المميزين والقادة فقط دعوة أعضاء جدد
37e53d874fe42256,TID_TRAP_AIR,قنبلة جوية
29b34b2cd4f9d1b4,TID_ARCHER_TOWER_INFO_SHORT,رامية السهام الخاصة به تضرب أي مهاجم.
5588346b1b6d076a,TID_TIP_SPELL_FORGE,اصنع تعويذات قوية يمكن استخدامها عند الهجوم
406b0198d9d5a147,TID_CLANGAMES_TASK_DESTROY_ELIXIRPUMPS,إقصاء مضخة الإكسير
fc5f7210078c8393,TID_BOOSTER_FILL_ELIXIR_STORAGE_INFO,نظرًا لأن هذا العنصر السحري يوفر إمدادًا لا نهائي من الإكسير كما يبدو، فهو يتيح لك ملء مخازن الإكسير بالكامل في القرية الأم.
1f12beb2554665f4,TID_TRADER_CONFIRM_TITLE,أتريد شراء العرض؟
b193a67177b0fcbb,TID_BUILDING_TESLA_TOWER2,تيسلا مخفية
f42467aeb7ab32cc,TID_TUTORIAL_PETS_2,الحيوانات الأليفة مرافقون أقوياء لأبطالك في المعركة.
df680eb3c3115126,TID_HINT_ARTILLERY,وحدة صغيرة من القوات يمكنها المساعدة في الإعداد لهجوم قبل أن يتم تفعيل مدفعية النسر.
b327fb4c61121fea,TID_PET_MELEEJUMPER,لاسي
3a40274e0c8902e5,TID_DECORATION_9YEAR_BIRTHDAY_STATUE_INFO,هل هي نار إشارة؟ أم زينة الذكرى السنوية التاسعة؟ أم شواية متطورة؟ لا أحد يدري!
bdfcfae12e43b1ef,TID_NPC_CHALLENGE_TH7_MINION_MINIONS,انشر <c54a0fe>المينيون</c> لتدمير <cf70d16>برج الساحر</c> ودعم الهجوم.
8d035f63e949d615,TID_NUMBER_ZERO,0
21c79ec7452764bd,TID_STARTER_TH3_INFO_LOOTELIXIR,اغنم إجمالي <num> من الإكسير في معارك فردية أو متعددة اللاعبين.
bde347490c85a56b,TID_MAP_LOCATION_10,معسكر الغيلان
bc9e5737b6006931,TID_ALL_WALLS,كل الجدران
f3f8ac1672b0c83c,TID_LEGENDS_ATTACKS_EXHAUSTED,اكتملت كل هجمات اليوم!
304bf979361101f1,TID_ACHIEVEMENT_DESTROY_WEAPONISED_BUILDERS_TITLE,حطّم هذا!
5f4739a421c339f5,TID_LEAGUE_WOOD3,دوري الخشب 3
9a11f17eb0635024,TID_NPC_CHALLENGE_TH13_HYBRID_VALKYRIES,ابدأ باستدراج قوات قلعة قبيلة العدو عن طريق نشر قوات <c54a0fe>فالكيري</c>.
2105fb20d31c2c79,TID_NPC_CHALLENGE_TH8_GOWIPE_FUNNEL_PEKKAS,انشر <c54a0fe>مقاتلَي بيكا اثنين</c> لإخلاء جانبي القرية.
38fbb2283afdfd6d,TID_CAPITAL_GOLD_INFO,يتم الحصول على ذهب العاصمة من ورشة الصياغة، وكغنيمة من غارات العواصم. استخدمه في الترقيات في عاصمة القبيلة.
f9b777d03d094e1f,TID_WAR_ATTACK_CONFIRM_CASTLE_TEXT,قوات قلعة القبيلة والتعويذات: <number>
c77309ff19c9ed18,TID_WIZARD2,ساحر الثلج
b0080d86057c0692,TID_CLANGAMES_TASK_INFO_WIN_STARS_VS_TOWNHALL_12,اربح <num> من النجوم ضد خصوم بقاعة مدينة من المستوى 12 في المعارك متعددة اللاعبين.
a7e4b8105c439700,TID_CLANGAMES_TASK_DESTROY_BB_LAVALAUNCHER,سحق القاذفة
1f93ccf6b3632a16,TID_PLAYER_PROFILE_CLAN_INVITES,دعوات القبائل
8669ec7b96281b43,TID_TUTORIAL_GOLD_EARNING_LEAGUES_AND_STARS,كلما وصلنا إلى دوريات أعلى، حصلنا على ذهب أكثر من كل نجمة!
2d9a1ffd363e6a80,TID_SHOP_CATEGORY_BUILD,المباني والفخاخ
e11c0f5ef0a9cbf0,TID_SUGGESTED_PLAYERS_ABOUT_TEXT,يجري تقييم اللاعبين المقترحين لقبيلتك بناءً على عوامل متنوعة يوميًا لضمان توافقهم مع العضوية. لن يظهر إلا اللاعبين الذين فعّلوا خيار العثور على قبيلة جديدة مؤخرًا.\n\nبعض العوامل المأخوذة في الاعتبار:\n- النشاط، مثل الهجمات والتبرعات والمحادثة.\n- الموقع واللغة وأوقات اللعب المعتادة.\n\nكما تؤثر إعدادات القبيلة أيضًا في المقترحات. لن ترى اللاعبين الذين لا يلبون تلك المعايير.\n- الحد الأدنى لقاعة القبيلة\n- الحد الأدنى للكؤوس في القرية الأم وقاعدة البنّاء\nلن يؤدي تغيير إعدادات القبيلة إلى تغيير الاقتراحات على الفور.
8cab3f95152f673a,TID_NPC_CHALLENGE_BOWIGI_WALLBREAKERS,استخدم <c54a0fe>مدمري الجدران</c> في الأسفل لفتح الطريق أمام <c54a0fe>قوات الباولر</c>!
58541e7c7d096db1,TID_BUNDLE_GEMS_CONFIRMATION,تم تلقي <ce53cff><amount> من الجواهر!</c>
fd5d2d4e7fc03d0e,TID_CAPBUILD_BARRACKS_DRAGON_INFO,بعد فوات الأوان، اتضح أن الخشب قد لا يكون أفضل مادة لبناء مقر تسكين التنانين. من عجيب أن المبنى لم تشتعل فيه النيران بعد.
4b034452b021e403,TID_GARG2_ABILITY_NAME,ضربة القوة
3ddaca96b073b07b,TID_SETTINGS_2_ROW_DEPLOYMENT_BAR,استخدام صفين
a4426dc5da259363,TID_BUILDING_AIR_DEFENSE_SMALL,المفرقعات
487f072b9df3f6f7,TID_CLANGAMES_TASK_DESTROY_BB_CANNON,كارثة المدفع
dd8ad0cb25e16b89,TID_NPC_CHALLENGE_DEPLOY_BARBARIAN_KING,انشر <c9916c8>الملك البربري</c>.
8952231c21199c96,TID_BATTLEPASS_TASK_WIN_STARS_USING_HEAL,سحر الشفاء
1787f5936cfe2c6b,TID_LEAGUE_EMERALD1,دوري الزمرد 1
bd10666c03981021,TID_DIAMOND_BUNDLE_MAGICITEMS_SPELL_BOOK_INFO,• <gems>الجواهر\n• <booster1>x كتاب التعويذات\n• لا حدود للتخزين!\n\nأكمل أي ترقية لتعويذاتك فورًا من خلال كتاب التعويذات!\n\nلا تفوت هذا العرض!
aca24104e3ea75ad,TID_ACHIEVEMENT_LOOT_DARK_ELIXIR_COMPLETED,إجمالي إكسير الظلام المسروق: <value>
e6ff2a300b2aa6c1,TID_ALLIANCE_DATA_FAILED_GENERIC,لا يمكن تحميل معلومات القبيلة.\n\nيُرجى المحاولة مرة أخرى لاحقًا.
ee73571907415e59,TID_ALLIANCE_WAR_MOST_HEROIC_DEFENCE,الدفاع الأكثر بطولة
87e3eb321d7a7012,TID_HEALING_WAVE,تعويذة الشفاء
08533426911ef723,TID_CAPITAL_TUTORIAL_11,لمَ لا تبدأ وترى كيف يمكنك المساعدة؟
97b7709a4c76df26,TID_ROGUE_KING,الملك المتمرد
891c17b33403c9eb,TID_BOARRIDER,راكب الخنزير
c4492fcc377a4221,TID_GEAR_RESOURCE_RARE_INFO,يساعد المعدن المتوهج على ترقية المعدات. يمكنك العثور عليه في مكافأة النجوم أو حروب القبائل.
6001b916b5b639f2,TID_CHARACTER_INFO_AD_SEEKER_NO_EXPLOSION,تنجذب هذه الوحوش النارية إلى الدفاعات الجوية، وممتازة في حماية القوات الأخرى. بمجرد تدميرها، تنتج تهديدات أصغر وأضعف.
fdf616cd04c6749e,TID_STARTER_WINUSINGWIZ,عاصفة السحرة
afd8289da60d140e,TID_POPUP_SOCIAL_LIST_TITLE,اجتماعي
ecf09a6835f7a038,TID_PRIMAL_CHAMPION,البطلة البدائية
7d402d88a54a9b88,TID_STREAM_BUTTON_ATTACK,هجوم
6bd075d587b36c07,TID_DIAMOND_BUNDLE_TH14,مجموعة قاعة المدينة 14
3f8303efa2df451c,TID_PLAYER_SEARCH_RESTRICTED,تعذر تحميل ملف اللاعب.
d627eaa73aed9314,TID_CAPITAL_PLAYGROUND_SUPER_GIANTS,انشر <c54a0fe>العمالقة الخارقين</c> لامتصاص الضرر.
b2f29ee0adf60f71,TID_ERROR_POP_UP_PERSONAL_BREAK_EXTENDED_FINAL,تم تمديد حدود فترة الاستراحة الشخصية الخاصة بك ولكن ستتم إعادة تعيينها الآن. لتجنب هذا في المستقبل، احرص على أن تكون قاعة المدينة الخاصة بك محمية وحاول زيادة عدد كؤوسك.
2ed819a1a9e255cf,TID_LEAGUE_DIAMOND_SHORT,الماسي
28e9fdcf651955f5,TID_ALLIANCE_WAR_ATTACK_FAILED_TARGET_UNDER_ATTACK,القرية تحت الهجوم الآن، حاول ثانيةً لاحقًا!
821f544a6594d835,TID_BUTTON_BUY,الشراء
c16ce970439d1b39,TID_AIR_BLASTER,المراقب الجوي
70574889880cd2dc,TID_MAGIC_ARCHER_ABILITY_NAME,السهم الخارق
783419f269d18c6c,TID_HINT_MORTAR_TARGET,مدافع الهاون لا تضرب إلا الأهداف الأرضية فقط
71bc2a82ec5b5bbf,TID_BATTLEPASS_TASK_WIN_BATTLES_USING_PEKKAS,بطل الوزن الثقيل
6ab7ad2276d39e7b,TID_NOT_UNLOCKED_YET,لم يتم الفتح بعد
d53e5090dd00aec6,TID_BUTTON_RETURN_TO_WAR,خريطة الحرب
e77cf27f1254b56f,TID_CLAN_GAMES_BONUS_REWARD_UNLOCKED,يمكنك اختيار جائزة إضافية عند انتهاء المباريات.
2c25713f9680df00,TID_BATTLEPASS_TASK_INFO_USE_HOGRIDERS,استخدم راكبي الخنزير لربح <num> من النجوم من معارك متعددة اللاعبين.
13ee4551e3b92fb6,TID_CAPITAL_PLAYGROUND_GATES,لا يمكن للوحدات الدفاعية القفز في العاصمة، لكن يمكنها السير عبر البوابات.
c1bd202df1e76333,TID_ACCOUNT_LOCKED_INVALID_CODE,رمز إلغاء القفل غير صالح!
78390a466d2f913f,TID_TUTORIAL_TRAIN_1,والآن فلندرب بعض القوات!
8421793f26e5b0e9,TID_MORE_TWITTER,تابعنا على Twitter! أرسل تغريدة بها ‎@clashofclans
ee694d6047a75087,TID_FORGE_SLOT_UNLOCKS,يتم الفتح في المستوى <num> من قاعة المدينة!
ff04c6370addce73,TID_WL_STATS_WINS,انتصارات
d40af33c737575a6,TID_UPDATE_TROOP_LEVEL,الترقية إلى المستوى <number>
dc5b5dff84c66d68,TID_CLANGAMES_TASK_INFO_DESTROY_BB_LAVALAUNCHER,دمر <num> من <building> في معارك البنّاء.
c9d418298a267ee4,TID_RAID_WEEKEND_SIGNUP_LEADERS,في غارات نهاية الأسبوع، تقاتل قبيلتك ضد عواصم القبائل الأخرى. استخدم هجماتك وقاتلوا معًا للفوز بجوائز قيمة!\n\nهل قبيلتك جاهزة؟ انضم الآن!\n\nتنتهي غارة نهاية الأسبوع خلال: <time>
0ef39d7fd0711c55,TID_BATTLE_INBOX,البريد الوارد
6565e6082fbdc102,TID_ACHIEVEMENT_NPC_STARS_TITLE,أمسك بهؤلاء الغيلان!
fa8c10e6461c7b53,TID_BATTLEPASS_TASK_DONATE_SIEGE_MACHINES,متبرع القبيلة
b42804d75f0d4d84,TID_TENCENT_AUTH_SUCCESS,تمت المصادقة بنجاح
37c552c87a4ec296,TID_LOOT_GAINED,الغنائم المستحوذ عليها:
84d6854510bb2d61,TID_WL_INFO_LIVE_TAB1_TEXT,<cFCE27F>كيف يتم ترتيب لوحة الصدارة؟</c>\n\nيمكنك التحقق من مركز قبيلتك الحالي مقارنةً بـ 7 قبائل أخرى في مجموعة الدوري الخاصة بقبيلتك من خلال الاطلاع على لوحة الصدارة. تعرض لوحة الصدارة حالة أداء قبيلتك طوال أسبوع المعارك، وهي مبنية على إجمالي عدد النجوم المكتسبة. وتربح قبيلتك 10 نجوم إضافية عن كل حرب تنتصر فيها. كلما زادت النجوم، ارتفع ترتيب قبيلتك.
75537623fbd8fa4f,TID_SPELL_FACTORY_VOUCHER_CLAIM_FAILED_INVALID_CODE,خطأ في رمز القسيمة. احرص على إدخال الرمز الصحيح وكرر المحاولة.
385f679f39b65634,TID_ARMY_USED,الجيش المستخدم:
2c37df5c36b7766f,TID_NPC_CHALLENGE_TH8_GOWIVA_GOLEM,انشر <c54a0fe>غولم</c> لتشتيت انتباه <cf70d16>بالونات العدو</c> بينما يبيدها <c54a0fe>السحرة</c>.
0d4cdef7c8960e9f,TID_FRIEND_LIST_ITEM_NEW,جديد!
9f772191ec92ece9,TID_LEGENDS_DEFENCE_LAYOUT_TITLE,تحديد المخطط
5992911977a78fdf,TID_BATTLEPASS_TASK_WIN_BATTLES_USING_POISON_INFO,استخدم تعويذات السم لربح <num> من المعارك متعددة اللاعبين.
30bd6cf46569049d,TID_RECORDING_CANT_GO_MAP,لا يمكن الانتقال إلى خريطة الحرب، عليك إيقاف التسجيل أولاً!
4d2112767873c7ac,TID_START_RAID,شن غارة
349d74e056bb9278,TID_WITCH_GOLEM_ABILITY_HELP,تستدعي جيشًا من الهياكل العظمية كل بضع ثوانٍ. وتُنتج هياكل عظمية ضخمة عند الهزيمة.
2903bfce461161a0,TID_SUPER_GIANTS,العمالقة الخارقون
d87a1c30c0736b27,TID_BOOSTER_FREE_BUILDING_UPGRADE_INFO,ستعمل ضربة واحدة من هذه المطرقة السحرية على ترقية أي مبنى إلى المستوى التالي على الفور. ويتطلب ذلك وجود بنّاء متفرغ. وهي تعمل في كلتا القريتين!
b1518a9779757cf5,TID_CHALLENGE_INFO_2014,وأخيرًا تتقاتل القبائل في حروب القبائل! يكتسب الأبطال القدرات وينضم كلب الحمم لساحة القتال.
ea5190387e67350f,TID_CLANGAMES_TASK_INFO_WIN_STARS_VS_TOWNHALL_7,اربح <num> من النجوم ضد خصوم بقاعة مدينة من المستوى 7 في المعارك متعددة اللاعبين.
000aa03c69aa3f7c,TID_END_BATTLE_POPUP_TEXT,هل تريد بالتأكيد إنهاء القتال الآن يا زعيم؟
7f2ee07074e42552,TID_PTE_REWARD_LOCKED_NEED_PREMIUM,تحتاج إلى تذكرة الحدث لفتح هذه الجائزة.
22bd002b45312c08,TID_BATTLEPASS_TASK_INFO_GET_FRIENDLY_HOMEBATTLESTARS,اجمع <num> من النجوم من التحديات الودية من القرية الأم.
2101b6de27327c86,TID_ASK_LEADERSHIP_START_RAID,اطلب من قائد أو قائد مساعد أو عضو مميز الانضمام إلى غارة نهاية الأسبوع.
30de09fc9132690f,TID_DIAMOND_BUNDLE_HERO,بطل
ad877b3e58a02f4f,TID_VILLAGE_EDIT_MODE,وضع تعديل القرية
2ce2b7d6d71ad392,TID_HINT LEAGUE_DEMOTION,إن فقدت الكثير من الكؤوس، يمكن تخفيض رتبتك إلى بطولة دوري أقل. قاتل من أجل هذه الكؤوس!
c73bca1118869ffa,TID_SPECIAL_OFFER_INFO_EASTER_LIMITED_1999,• <booster1>x خاتم الجدران\n• <booster2>x تميمة إكسير الظلام\n• <booster3>x جرعة البنّاء\n\n• لا توجد حدود للتخزين!\n• يمكن شراء هذا العرض 10 مرات!\n\nقم بترقية الجدران، واملأ مخزون إكسير الظلام، وسرّع عمل البنائين لديك من خلال هذه المجموعة المذهلة!
007cdd0c4c588d15,TID_STARTER_TH5_UPGRADEBUILDERHUT,وقت البناء
f1ea73c3a641940e,TID_CLANGAMES_TASK_INFO_WIN_HOMEBATTLESINROW,فُز بـ <num> من المعارك متعددة اللاعبين على التوالي.
274197f718fd6016,TID_NO_OPENID_LOGIN_DISALLOWED_TENCENT,根据相关部门的最新防沉迷规则，请您打开设备设置，将设备语言切换至简体中文后，即可使用QQ/微信账号登录游戏。
b817dc428ad7c732,TID_CLANPERK_DESC_DONATION_LIMIT_VALUE,قوات <troops> وتعويذات <spells>
496df802d5d95963,TID_WAR_ATTACK_CONFIRM_INFO,كن جاهزًا! ستستهلك المتابعة هجمة من هجماتك المتبقية.
8d7ea33c11b2cd6d,TID_BOOSTER_FREE_BUILDING_UPGRADE,مطرقة المباني
7905e02712e1e9c5,TID_MORE_HUNGRYAPP,클래시 오브 클랜 공략 및 팁을 지금 바로 공유하세요!
1c3535d59cb81d18,TID_STARBONUS_WINDOW_TREASURY,تم تسليم مكافأة الغنيمة إلى الخزينة.
92b5d21f84276514,TID_DIAMOND_BUNDLE_TH6_ALT_UPDATED_INFO,• <res0> ذهب\n• <res1> إكسير\n• <gems> جواهر\n\nلا توجد حدود للتخزين!\n\nلا تفوت هذا العرض الذي يمنح <cffec78><value> من أمثال القيمة</c> ويأتي مرة واحدة!
0a16220851b967c4,TID_ALLIANCE_WAR_BEST_NO_ATTACK_FRIENDLY,لا نقاط تميز للقبيلة
da2cd3ad7a840cf5,TID_TRAP_HALLOWEENBOMB,قنبلة قرع العسل
11b5909bba6cda2e,TID_OPEN_CHALLENGE,بدء التحدي
c0d2dffc82ca7595,TID_ALLIANCE_WAR_LOOT_COLLECT_INFO,يمكنك جمع مكافآت غنائم الحرب من خزينتك.
cbd6b3845a5a7872,TID_DIAMOND_BUNDLE_TH3,مجموعة قاعة المدينة 3
9531078de92d1a95,TID_CLAN_TAG_CLAN_WARS,حروب القبائل
88f626223e0dce04,TID_POPUP_CANCEL_GOBLIN_CLEAR,هل تريد حقًا إيقاف إزالة <item>؟ لن يتم استرداد الجواهر المدفوعة إلى بنّاء الغيلان.
49a26f9e87ee436e,TID_SETTINGS_OFF,إيقاف التشغيل
f0ee1dfe75f19259,TID_LEAGUE_STONE4,دوري الحجر 4
36aa746d54cf0851,TID_TENCENT_GUEST_LOGIN_WARNING,طبقًا لآخر قواعد الحماية من الإدمان، لن يكون بإمكانك إتمام عملية التحقق من الهوية عند تسجيل الدخول عبر حساب ضيف، وستكون مدة اللعب المسموح بها محدودة في ساعة واحدة كل 15 يومًا. لضمان الاستمتاع بأفضل تجربة لعب، ننصحك بشدة بتسجيل الدخول عبر QQ أو WeChat وإتمام عملية التحقق من الهوية.
2bfc5511439f7f1e,TID_POPUP_BOOST_PET_SHOP_TITLE,أتريد تسريع ترقيات الحيوانات الأليفة؟
58aa150c746085e6,TID_IAP_NOT_AVAILABLE,يُرجى تمكين عمليات الشراء داخل التطبيق في إعدادات التقييد في جهازك.
7b05500441f020a5,TID_PAINTER_QUEEN,الملكة عاملة الطلاء
a953a416c48f5eb7,TID_ALLIANCE_WAR_ENDED_PROMPT,انتهت الحرب
3a193da69818b033,TID_RAID_SIGNUP_ERROR_EVENT_NOT_ACTIVE,تعذر التسجيل، غارة نهاية الأسبوع ليست سارية.
85dfeb10d1e1f6ec,TID_EVENT_SPELL,حدث <troop>
0a8df2c7cef1279f,TID_POPUP_SPEED_UP_BOOSTER_UPGRADE,هل تريد إنهاء ترقية <item> بـ<booster>؟
7a6de4ce8704f4d2,TID_DECORATION_SNOWMAN,رجل الثلج
4b6ad0aa96632440,TID_TENCENT_LOGIN_PROMPT_UNBLOCKED_WECHAT,طبقًا لآخر قواعد الحماية من الإدمان، لن يكون بإمكانك إتمام عملية التحقق من الهوية عند تسجيل الدخول عبر حساب ضيف، وستكون مدة اللعب المسموح بها محدودة في ساعة واحدة كل 15 يومًا.\n\nسبق تسجيل حسابك عبر WeChat. لضمان الاستمتاع بأفضل تجربة لعب، ننصحك بشدة بتسجيل الدخول مجددًا عبر WeChat وإتمام عملية التحقق من الهوية.
05d6e8ad39fb0d8f,TID_CLANGAMES_TASK_DESTROY_SCATTERSHOTS,نهاية المجانق
8eea149a259ee2df,TID_LEAGUE_INFO_PLACEMENT,عدد كؤوسك بعد المباراة سيحدد مستوى الدوري
f0b401347f37da61,TID_TRAIN_TROOPS_QUEUE_SIZE,تدريب القوات: <num>/<max>
cad68d277282e4a6,TID_PRIVACY_CONTROLS_BUTTON,عناصر تحكم الخصوصية
4bb1d51de65f2c69,TID_LEAGUE_CRYSTAL3,الدوري الكريستالي III
9e1de3c03ea739bb,TID_PUSHER_INFO_SHORT,تسبب في فشل خطط المهاجم المدروسة بعناية.
96e6dedfa7415c96,TID_INCOMPLETE_CAPITAL_ARMY,أكمل جيش العاصمة قبل الهجوم
8cd94202999923cd,TID_FEEDBACK_BUTTON2,مشكلة في الاتصال
df3f9a3c029fb57a,TID_GHOST_CHAMPION,البطلة الشبح
ade9ebb6240ab7b4,TID_LOCKED_ITEM_LEVEL,<item> (الفتح في المستوى <number>)
24b8725923aed2ab,TID_CLANGAMES_TASK_INFO_USE_INFERNO_DRAGONS,اربح <num> من النجوم من المعارك متعددة اللاعبين باستخدام <num2> من التنانين النارية.
c9ac67cc1fede071,TID_STARTER_TH2_BUILDWALLS,بنّاء الجدران
da40d7420d4550b8,TID_CRAFTING_FINISHES_IN,اكتملت الصياغة:
64552c307f90402a,TID_CHALLENGE_WAS_ACCEPTED,تم قبول التحدي الودي!
ca1c253625f2bf3f,TID_TRAP_BOMB,فخ القنبلة
0a4451579f2167e5,TID_STAR2,ممتاز!
824c0f55fe8d3c01,TID_PREFERRED_TARGET_ANY,أي هدف
ea67b386a5d9c12e,TID_TROPHIES,الكؤوس:
b31fecdfefb0f3bc,TID_SPEED_UP_DUEL_CONFIRMATION,أتريد فتح مزيد من مكافآت معارك البنّاء الآن؟
a4f53ecfeec8ad34,TID_XP_TITLE_HAYDAY,العب Hay Day!
44a411bb111546ac,TID_BUTTON_SHOP,المتجر
bfcfd090a47c7c88,TID_EVENT_DAILYLOGIN_TITLE,تقويم تسجيل الدخول
d2b31b1fa2022172,TID_DECORATION_CLASH_FEST_22_STATUE,اللهيب الأبدي
db9f413e040ec2de,TID_CLANGAMES_TASK_INFO_USE_SUPER_VALKYRIES,اربح <num> من النجوم من المعارك متعددة اللاعبين باستخدام <num2> من قوات فالكيري الخارقة.
ec3c33a6abaedb29,TID_POPUP_CANCEL_UPGRADE_TITLE,هل ترغب في إيقاف الترقية؟
930343bd89bee56c,TID_BOOSTER_HERO_POTION_INFO,تُعزز هذه الجرعة القوية كل الأبطال والحيوانات الأليفة مؤقتًا إلى أقصى مستوى مسموح به في مستوى قاعة المدينة لمدة <time>. تعمل في القريتين.
9c89c4d71a49def9,TID_DECORATION_HOG_FLAG_INFO,هذه منطقة الخنازير السعيدة.
b8f62f4a8e9fc639,TID_REMOVE_TROOP_BUTTON,إزالة
faa8e3946ed50008,TID_NPC24,جزيرة الدفاع الصقلّيّ
ce3d09db71b3f67c,TID_TRAINING_SCREEN_DARK_BARRACKS,ثكنات الظلام
98250e6a5af68d39,TID_MAINTENANCE_ESTIMATED_HOUR,من فضلك حاول ثانيةً خلال ساعة.
e27b8a22ecdd1bff,TID_DARK_ELIXIR_SHOP_PACK,<number> من إكسير الظلام
c7b28763d72fb35e,TID_BUILDING_TEXT_RESEARCH,بحث
6c3da5e16fe8d9a2,TID_CLANPERK_DESC_DONATION_LIMIT,حد التبرع:
85ba8ddec29651a2,TID_CONFIRM_PARTIAL_TRAINING_TITLE,تأكيد التدريب
7ccd6eabdabe12a9,TID_AD_SEEKER,كلب الحمم
effc894de3181bee,TID_HINT_ARTILLERY_TARGET2,تظهر علامة تصويب حيث ستسقط طلقات مدفعية النسر.
2c36c7a215811f78,TID_CLAN_PERK_BONUS,مكافأة امتياز
539c89505c7fddc0,TID_NEWS_TH11_UPDATE_TH11_TITLE,ارفع المستوى إلى قاعة المدينة 11
d533820074840932,TID_REGION_CUSTOM4,
4aa53118ab75068c,TID_CAPBUILD_BARRACKS_BALLOON_INFO,لا وقت لتدابير الأمان عندما يجب صنع بالونات صاروخية. القاعدة الوحيدة هي الانطلاق بسرعة.
89676c2d9e5d9bfa,TID_ARTILLERY_AMMO_FILL_CONFIRMATION,مدفعية النسر محملة الآن!
d793213e6ebf71d8,TID_FRIENDLIST_FILTER,عامل تصفية:
33e50accd1c5420b,TID_CLAN_ADVANCED_SEARCH_RESULTS_NO_NAME,عرض نتائج البحث باستخدام خيارات متقدمة
a0e651f2b99aee22,TID_ERROR_MAX_TAGS_SELECTED,تم اختيار أقصى عدد من الفئات.
681f3cc4c130901a,TID_DECORATION_WAR_SHIELD_INFO,للحصول على هذا التمثال، تحتاج إلى إثبات أهميتك في دوريات حروب القبائل. اربح هذه الأوسمة!
4e7b35cea5f55665,TID_EDIT_MODE_PHOTO_MODE,وضع الصور
b646918534846ea4,TID_CLANGAMES_TASK_USE_ELECTRODRAGON,هرج التنين الكهربي
b7f83b3b8b056218,TID_CLANGAMES_TASK_DESTROY_CANNONS,سحق المدافع
437ea524a662527d,TID_TUTORIAL_ARTO_COMPLETE_3,مرحبًا يا صديقي البشري!
72c59322352bd251,TID_BUTTON_FIND_NOW,ابحث الآن!
1d5943976711da80,TID_ICE_KING,ملك الجليد
6bde7a196c3b6852,TID_GEAR_INFO_VAMPSTACHE,في كل مرة يهاجم فيها الملك البربري، يعالج نفسه.
18dbff5f7331ade3,TID_ALLIANCE_WAR_OBJECTIVES,أهداف القبيلة
310e58f21eb19728,TID_BABY_DRAGON,تنين صغير
cb19d1abcbb58842,TID_CLANGAMES_TASK_INFO_USE_BABYDRAGONS2,اربح <num> من النجوم من معارك البنّاء باستخدام <num2> من التنانين الصغيرة.
02c3f01f1daa47a9,TID_DIAMOND_BUNDLE_BH7_INFO,• <gems> من الجواهر\n• <res0> من الإكسير\n• <res1> من الذهب\n• مدفع عملاق من المستوى 4\n\nبلا وقت للبناء وبلا حدود على التخزين!\n\nلا تفوّت عرض <cffec78><value>أضعاف القيمة</c> الذي لن يتكرر!
fb673b7828a9ef82,TID_FREE_IN,مجانًا بعد:
94df5df6394b9a97,TID_POPUP_REMOVE_WAR_DONATION_DESCR,هل تريد بالتأكيد حذف الوحدة المتبرع بها من قلعة الحرب؟
4c8d7fea2ccc398f,TID_STARTER_TH3_TRAINLABORATORY,ترقية الجيش
ed61934766eff61b,TID_BOOST_POPUP_ITEM_RESUME,متابعة
0274bc70c9aa4fdd,TID_HINT_REBUILD_CLANCASTLE,أعد بناء قلعة القبيلة لتوحيد القوى مع لاعبين آخرين!
28609a3dd3536ace,TID_CLANGAMES_TASK_USE_MEGAPEKKA_OLD,
12cc77ad710064d5,TID_NEWS_BOMB_TOWER_UPDATE_TITLE,دفاع جديد: برج القنابل!
5caf45c84e3ae713,TID_BOOSTER_FREE_TROOP_UPGRADE_INFO,ضربة واحدة من هذه المطرقة السحرية ستقوم بترقية أي قوة إلى المستوى التالي على الفور. تعمل في كلتا القريتين!
4246c3b389e8771b,TID_LEGEND_SEASON_INFO_PRESTIGE,يتم تقليل كل مواسم دوري الأسطورة إلى <value> من الكؤوس لمنح بداية جديدة لكل موسم جديد. سيتم منح الكؤوس المخصومة ككؤوس أسطورة!
f8c0a49b7f77e29d,TID_TH15_KING,ملك السحر
291562fd6f2fc8c9,TID_BOOSTER_STAR_POTION_OFFER_INFO,<num> من جرة نجوم البنّاء - تتيح مكافأة النجوم في قاعدة البنّاء على الفور.
f13c303f07ab93e2,TID_NPC_CHALLENGE_BOWIGI_GIANTS,انشر <c54a0fe>عمالقة</c> في الوسط والأسفل.
0436e9aba1256359,TID_TELESCOPE_INFO,يبحث معمل النجوم في السماء عن أسرار يحرر كشفها كل القدرات الكامنة في القوات. يمكن من خلاله تحسين نقاط الإصابة والضرر ومساحة الإشغال بالإضافة إلى قدرات القوات الخاصة!
7e9704cf896985b3,TID_CLANGAMES_TASK_USE_PEKKAS,عراك بيكا
7577166e53e19521,TID_TOO_MANY_SHOVELED_OBSTACLES,بلغت الحد الأقصى من العوائق المنقولة. يرجى إزالة عائق تم نقله من قبل أولاً.
eea09bfa91730477,TID_NPC85,أرض البنّائين
5f8f43d8a3b2ee60,TID_TENCENT_DOLPHIN_DOWNLOADING_75,更新校验本地安装包
56fb17829b154891,TID_HINT_FORUMS,انضم إلى منتديات Clash of Clans! ابحث في الإعدادات - المزيد.
aee37a565c1d6412,TID_OFFER_NOT_AVAILABLE,العرض غير متاح حاليًا
32e43c8e3f12addd,TID_POPUP_HEADER_ABOUT_TO_BOOST_VILLAGE_SPEEDUP,تعزيز القرية؟
124819ac25e27b09,TID_DIAMOND_BUNDLE_BH6,حزمة قاعة البنّاء 6
7e7ea21d58a003a0,TID_KUNLUN_APP_STORE_XIAOMI,Xiaomi
fef6e311a5b892e0,TID_BATTLEPASS_TASK_INFO_WIN_BATTLES_USING_BOXERGIANTS,اربح نجمة في <num> من معارك البنّاء باستخدام <num2> من العمالقة الملاكمين.
6e52ef99d27ee160,TID_TRAP_TIMETRAP,فخ الوقت
44d86369743870b2,TID_UPGRADE_TH_TO_GEARUP_UNLOCK,قم بترقية قاعة البنّاء إلى المستوى <number> لإصقال المزيد من المباني!
5c6f55ed5fe6556d,TID_HINT_TROOP_ABILITIES,افتح قدرات خاصة لقواتك وقم بترقيتها عن طريق معمل النجوم.
c6b248ea54ce58ef,TID_CHARACTER_HOGLESS_RIDER_INFO,يحتفظ الراكب بقوته حتى بعد انفصاله عن خنزيره؛ حيث يقاتل بمطرقته ويهاجم أي أهداف حوله.
ead89adc78284676,TID_CAPITAL_RAID_SNAPSHOT_NOT_AVAILABLE,فشل الحصول على المنطقة
d19dcf480f690de2,TID_FLYING_FORTRESS,الحصن الطائر
3ef8a5911a1803fd,TID_POISON_TOWER_SHORT,السم
feac8880b0a2c7fc,TID_CAPBUILD_SPELLLAB_JUMP_INFO,يحضّر براميل كبيرة من تعويذة القفز. يبدو أن المبنى بأكمله على وشك الإقلاع.
ed005fa8190b8745,TID_BATTLEPASS_TASK_INFO_USE_BOMBERS,استخدم المفجّرين لربح <num> من النجوم من معارك البنّاء.
61079392c57cceb6,TID_SPELL_RADIUS,المدى: <number> من الرقعات
8379ccf7e0e29bd0,TID_LEAGUE_CLAY4,دوري الطين 4
c34e1dfe75f19682,TID_LEAGUE_STONE2,دوري الحجر 2
322d33aff0d8795b,TID_WARMACHINE_INFO,انكسرت هذه الآلة الضخمة أثناء محاولة رفع أكبر مطرقة في المملكة. تحتاج إلى بعض الإصلاحات، وبعدها يمكن استخدامها في المعركة!
96685c547b811fcc,TID_DEFENCE_TROOP_LEVEL,مستوى القوات: <number>
0e864a886682fd7f,TID_CHARACTER_INFO_TOXIC_MINION,يهاجم الأهداف من مسافة بعيدة ويتوهج في الظلام ويبدو مهووسًا بالتراقص في الميدان.
66a0d45c9529642b,TID_PIRATE_WARDEN,الآمر القرصان
7ee17dd4d66f2e60,TID_ACHIEVEMENT_NPC_STARS,الفوز بـ <number> من النجوم على خريطة الحملة
323f3e28198619d8,TID_STAR_BONUS_DESCRIPTION_NO_CC,يتم إرسال غنيمة مكافأة النجوم إلى الخزينة. قم بإصلاح قلعة القبيلة لفتح الخزينة.
c6f9808ea1aedbd0,TID_GEAR_INFO_GIANT_GAUNTLET,يصبح الملك البربري عملاقًا، فيلحق ضرر منطقة ويتلقى ضررًا أقل.
662e4c8b5449eab6,TID_CONNECT_WITH_SCID_BUTTON,الاتصال بـ Supercell ID
ac2741cb69293d17,TID_EVENT_TITLE_END_OF_SUMMER_OFFER_TH0712,مجموعة الظلام والقوة
c3c9ccf7e0e29a0b,TID_LEAGUE_CLAY5,دوري الطين 5
59ce19d9c0c0f654,TID_ACCOUNT_DELETION_SOON_WARNING_TEXT,استجابةً لطلبك، سيتم حذف حسابك قريبًا.
1ede8a7b6059d3ac,TID_STARBONUS_WINDOW_AWARD,تم تلقي مكافأة النجوم!
a0b2ce811d9349fc,TID_PROFILE_BEST_WAR_STARS,نجوم الحرب التي تم الفوز بها:
2c0e7b05b9987d11,TID_LEADERBOARDBANNER_PLAYER_TIMELEFT,ينتهي بعد:
5fc74eaacec80cea,TID_TRAINING_SPELLS_INFO,تصبح التعويذات متاحة في قاعة المدينة من المستوى 5
1f834a61fe3ee1fd,TID_WAR_DONATE_DONE,لقد تبرعت بالفعل بأقصى كمية من القوات لهذا اللاعب!
1d156c4e31ff558a,TID_BATTLEPASS_TASK_WIN_BATTLES_USING_LAVAHOUNDS,الحمم الرائعة
8c446c54a2da11e7,TID_GEAR_TYPE_SUMMON,استدعاء
1e46508af70e24bc,TID_ALLIANCE_WAR_NO_HEROIC_VICTORY,لا شيء
57b1ef62ca189820,TID_WAR_WAR_BASE_HEADLINE,يوم الاستعداد
fce7a1c5f4cd4a55,TID_DEVICE_LINK_ERROR_GAME_CENTER,لم يتم تسجيل الدخول إلى Game Center
5a6374e6c1434e57,TID_IF_LOST,هزيمة:
808a5f57bd54dbb6,TID_OVERVIEW_TROOPS_TITLE,القوات
e438377d5eaea34f,TID_NPC_CHALLENGE_TH8_GOWIPE_CLEAN_UP,انشر القوات المتبقية لتساعدك على القضاء على العدو.
b99520d5bc19e1b8,TID_CAPITAL_ENDLESS_HASTE_SPELL,تعويذة التسرع الأبدية
4054d1dac0b68a5f,TID_HEALER,معالِجة
342eb11ac9b31c1c,TID_MINER_INFO,هؤلاء الحفارون الماكرون يحفرون تحت الأرض، ويمرون تحت الجدران ويظهرون بجوار أهدافهم. لا يتعرض عمال المناجم للضرر وهم تحت الأرض وكذلك لن يفعّلوا الفخاخ، ولكنهم يستفيدون من أثر التعويذات رغم ذلك.
2349a52268a8ce39,TID_WINTER_CHAMPION,بطلة الشتاء
91a81974216cf3c2,TID_DECO_HILL_8,قمة كبيرة
ad292616abdbe17c,TID_TUTORIAL_DEFEND_1,هاااا هجووووم يا غيلان!!!
c750ffa5211680d5,TID_ASSIGN_PET,تعيين الحيوان الأليف
bc3422cf7b4ea906,TID_HINT_WARLOCK_INFO_2,تصبح الساحرة ضعيفة للغاية بعد تدمير كل هياكلها
64b4116920203766,TID_BUILDER_HALL_8_INFO_SHORT,قاعة جديدة ومدهشة.
b06b0265607c373a,TID_PTE_PERK_BUILDING_BOOST_DESC,تتطلب المباني موارد ووقتًا أقل بنسبة <num>% للبناء والترقية. تتطلب الصياغة في ورشة الصياغة موارد ووقتًا أقل بنسبة <num>%.
a75871e724988115,TID_PERSONAL_WAR_PREFERENCE_DESCR,حدد هنا ما إذا كنت ترغب في المشاركة في حروب القبائل أم لا لإعلام القائد.
b9d036f4b625589d,TID_NOT_ENOUGH_RESOURCE_TWO,لا يوجد لديك ما يكفي من <resource1> و<resource2>!
775688799afbb3dc,TID_BATTLEPASS_TASK_WIN_BATTLES_USING_BABYDRAGONS2,سرب الصغار
10edb5961010d4b9,TID_CLANGAMES_TASK_INFO_DESTROY_MV_WALLS,دمر <num> من قطع الجدران في معارك متعددة اللاعبين.
3766e9588031ced9,TID_VISIT_BUTTON,زيارة
b2fc0b32b57c7674,TID_LAYOUTS_INVALID,خطأ في حفظ المخطط
e9073a5441f6ad10,TID_CHALLENGE_TH9_WITCH,الساحرة الخارقة
5e729c91ca647095,TID_UNIT_STORAGE_CAPACITY_ALL,إجمالي سعة القوات: <number>
4056fa84f74161f0,TID_ARTO_TASK_GEAR_UP,\nقم بإصقال ثلاثة مبانٍ في القرية الأم.
bc86737aba908211,TID_HINT_SHIELD,هل تحصل على بعض الراحة من Clash of Clans؟ قم بشراء درع لحماية كؤوسك!
a0a720749d7b9ff9,TID_CREATOR_BOOST_SUPPORTING,تدعم:
410963fbecf124f9,TID_HASTY_BALLOON_ABILITY_HELP,تزداد السرعة في أول <num> ث
d591d56940069f64,TID_CHALLENGE_INFO_2015,يصل الآمر الكبير بالإضافة إلى قاعة المدينة 11. وكذلك تصل تعويذات الظلام الأولى. وفجأة تجد قاعات المدينة نفسها داخل القاعدة...
c7437779bb5b6aa4,TID_DIAMOND_BUNDLE_TH12_INFO,• الورشة مستوى 1\n• <res0> من إكسير الظلام\n• <res1> من الذهب\n\nبلا وقت للبناء ولا حدود للتخزين! ابدأ في بناء آلات الحصار فورًا في الورشة!\n\nلا تفوت هذا العرض الذي يمنح <cffec78><value> من أمثال القيمة</c> ويأتي مرة واحدة!
fa8079244c55b583,TID_POPUP_SHIELD_REMOVAL_REVENGE,سيتقلص درعك إن بدأت هجومًا انتقاميًا. إن كان لديك أقل من تكلفة الهجوم، فستتم إزالة درعك.
37642075a737f446,TID_LABORATORY_UPGRADING_CANNOT_START_UNIT,لا يمكن بدء ترقية الوحدات أثناء ترقية المعمل
2031de7ef2ed882a,TID_CLANGAMES_TASK_INFO_DESTROY_BB_CANNON,دمر <num> من <building> في معارك البنّاء.
ff3c3e455eb84a5a,TID_CHALLENGE_TH10_MINER,جنون عمال المنجم
fb665959d404ad8e,TID_DIAMOND_BUNDLE_MAGICITEMS_BUILDER_BASE_HEROES_BOOK_WITH_ELIXIR_INFO,• <res0> إكسير البنّاء\n• <booster1>x كتاب الأبطال\n• لا حدود للتخزين!\n\nكل ما تحتاجه لترقية آلة المعركة!
88fd87e821350f53,TID_ALLIANCE_GAMES_CLAIM_REWARDS_BUTTON,تحصيل المكافآت
504f60a09889deb2,TID_LAYOUTS_INCOMPLETE,يجب إنهاء المخطط أولاً
692dc0832d34c8cb,TID_FLYING_FORTRESS_ABILITY_INFO,دفاعها الهياكل العظمية المظلية، وتطلق <num2> من الهياكل العظمية الغاضبة عند هزمها.
eedf83466d529dc7,TID_BP_UNLOCKS_TEXT,تفتح تحديات الموسم عند بلوغ قاعة المدينة المستوى <value>
752558e0940ae897,TID_END_BATTLE_BUTTON,إنهاء المعركة
444b2328f2b8f705,TID_SNEAKY_ARCHER,رامية السهام الماكرة
99a1689afb257992,TID_REMOVE_FRIEND_INVITE_CONFIRMATION_TITLE,هل تود إلغاء طلب الصداقة؟
dcd3e66252c2cde0,TID_NPC4,تشغيل المدفع
adb55486248dab8a,TID_CLANGAMES_TASK_USE_BOWLERS,وقت رمي الكرة الحجرية
4e4be81904763196,TID_EDIT_MODE_BLOCKED_COPY,تم نقل المباني التي لم يعثر عليها من المخطط المنسوخ أو التي تسدها العوائق إلى مخزنك
562a97ec0cb4b648,TID_DISTRICT_DRAGON_CLIFFS,منحدرات التنين
376f2457a2f41215,TID_SIEGES_FEATURE,آلات الحصار
34bd3be8dfd0b111,TID_CAPITAL_HALL_LEVEL_TOO_LOW,يجب ترقية قاعة العاصمة إلى المستوى <number>!
f1c0e1d452d9c620,TID_STARTER_TH4_UPGRADELABORATORY,توسعة المعمل
3182aac6edcad675,TID_PET_FROSTY,الفظ القطبي
c6932c683dcbbafe,TID_LAYOUT_CHANGED_ERROR,تم تعديل هذا المخطط مؤخرًا، يمكن استخدامه ثانية في <time>.
93dc5d0271813a30,TID_LEAGUE_STEEL3_SHORT,الفولاذ 3
9ff10f1bad3f5a94,TID_POPUP_REMOVE_REINFORCEMENTS_TITLE,إزالة التعزيزات؟
4ebb58e708978f1c,TID_PUBLIC_WAR_LOG,سجل الحروب العام
b5510466dca6f656,TID_SPELL_TIME,مدة التعويذة:<number> ثوانٍ
f5e2e64000bcc4b5,TID_SUPER_VALKYRIE_ABILITY_NAME,هدية الوداع
b44d433bf3d13d46,TID_BUILDING_BARRACK2,ثكنات البنّاء
7b58b20d0ec60a86,TID_HINT HEROES_DIE,الأبطال خالدون، لكن يمكن إصابتهم ويجب شفاؤهم قبل أن يتمكنوا من القتال ثانيةً.
afd54e06a38a14a5,TID_NPC_CHALLENGE_TH11_LAVALOON_INFO_EAGLE,ابدأ هجومك بتدمير <cf70d16>مدفعية النسر</c> قبل أن تبدأ هي في إطلاق النار.
159d7dbf7d4804c3,TID_REPAIR_BUILDING_TITLE,إصلاح المبنى؟
003f51b151364161,TID_DIAMOND_BUNDLE_MAGICITEMS_EVERYTHING_BOOK_WITH_RESOURCES_INFO,• <booster1>x كتاب كل شيء\n• <res0> الذهب\n• <res1> الإكسير\n• <res2> إكسير الظلام\n• لا حدود للتخزين!\n\nأكمل أي ترقية فورًا من خلال كتاب كل شيء المذهل!\n\nلا تفوت هذا العرض!
879d9ad13ab04223,TID_CHARACTER_INFO_HASTY_BALLOON,ينطلق البالون الصاروخي إلى المعركة انطلاقة صاروخية بفضل تزويده بصاروخين آمنين معززين.
602bf77fe3648864,TID_CAPBUILD_BARRACKS_SUPER_MINER,ثكنات عمال المناجم الخارقين
ef23ca6edc4cd968,TID_ALL_CAPITAL_UPGRADES_DONE,تم إجراء جميع الترقيات الممكنة
9862006828cd96c9,TID_GEAR_ANGRY_TOME,جوهرة الغضب
3c81f5c886fb2349,TID_HINT_SIEGE BARRACKS,ثكنات الحصار وسيلة فعالة لبدء هجومك ولحماية بقية جيشك.
27a17f73a5adf71c,TID_LEAGUE_PLATINUM3_SHORT,البلاتين 3
d742172a6691c0dd,TID_OPEN_SHOP_TRAPS,بناء
9214ba62eccd2cbd,TID_SURRENDER_POPUP_TITLE,استسلام؟
87cd7bd615ffc578,TID_CLANGAMES_TASK_INFO_USE_SUPER_WALL_BREAKERS,اربح <num> من النجوم من المعارك متعددة اللاعبين باستخدام <num2> من مدمري الجدران الخارقين.
08a716aaa76f6d07,TID_REGULAR_THEMED_BATTLE_OFFER_INFO_TH0712_9999,• <res0> إكسير الظلام\n•<res1> ذهب\n•<res2> إكسير\n• <booster1> من كتب القتال: لإكمال أي ترقية جارية للقوات فورًا.\n\n• لا حدود للتخزين!\n• يمكن شراء هذا العرض مرة واحدة فقط خلال الفترة المحددة.\n• قُد قبيلتك إلى معركة المجد مع هذا العرض الخاص!
898e898f03d67933,TID_CHARACTER_INFO_SKELETON_GLIDER,يصعب على الهيكل العظمي العادي اجتياز الجدران، لكن الهياكل العظمية الطائرة بالمظلات تستطيع التحليق فوقها بسهولة.
e1a8a2089eed29ea,TID_TENCENT_LOGIN_TOS,الترخيص واتفاقية الخدمة الخاصة بألعاب Tencent
875cd2a20002b116,TID_BUILDING_MINI_SPELL_FACTORY,مصنع سحر الظلام
bab67d45927e5214,TID_DECO_HOG_PEN,حظيرة خنازير
87cd53231097d576,TID_REENGAGEMENT_DAILYCALENDAR_2,ستحصل على جائزة عن كل يوم تعود فيه أيها الزعيم.
e59672f6fb126788,TID_CLANGAMES_TASK_INFO_USE_MEGAPEKKA,اربح <num> من النجوم من معارك البنّاء باستخدام <num2> من قوات بيكا القوي.
191affdf91c9c369,TID_CAPITAL_PLAYGROUND_WALL_EXPLANATION_2,ولهذا السبب احتاجت إلى تدمير الجدار للوصول إلى <cf70d16>المدفع</c>.
ea86888782f9ce0a,TID_RAID_WEEKEND_RAIDS_COMPLETED,الغارات المكتملة:
96d9f375d663477e,TID_REENGAGEMENT_APOLOGY_5,عذرًا يا زعيم! حسبتك غولاً.
d215f3304087f516,TID_PERSONAL_WAR_PREFERENCE_IN,سأشترك
f0b42878f62d7791,TID_COSMETIC_ESTATE_4X4_GIANTS_HOUSE_INFO,يمكن للزوار استخدام المدخل الأصغر إذا كانت الأبواب الرئيسية ثقيلة للغاية.
f89caa01cae7c586,TID_STAR_BONUS_BONUS_TEXT_BONUS,يمنحك حدث مكافأة النجوم الجاري <num>من الجوائز
fa947a3f1ee9daee,TID_SPECTATOR_CAN_NOT_CLAIM,أنت لست مشاركًا في حرب القبيلة هذه.
680a789e298d3264,TID_RAID_DATA_ERROR_INTERNAL,تعذر الحصول على تفاصيل الغارة، يرجى إعادة المحاولة لاحقًا.
f1b67096ba526fef,TID_CLAN_GAMES_NOT_ENOUGH_POINTS,لم يتم تحصيل نقاط كافية لفتح جائزة.
c7adfc8752fc73a0,TID_CLANGAMES_TASK_GET_BUILDERBATTLEDESTRUCTION,مدمر معركة البنّاء
61fb23bd7b50c3bc,TID_SOUR_ELIXIR_LOOTED,الإكسير الحمضي:
e58b8b1108eaec9a,TID_TREASURY_DESCRIPTION,غنيمة حرب القبيلة وغنيمة مكافأة النجوم محمية جيدًا داخل الخزينة. قم بزيادة سعة الخزينة بترقية قاعة المدينة وامتيازات القبيلة.
c81a94d3521bc882,TID_BOOSTER_FREE_SPELL_UPGRADE_INFO,ضربة واحدة من هذه المطرقة السحرية ستقوم بترقية أي تعويذة إلى المستوى التالي على الفور. تعمل في القرية الأم!
3b846f3a9eaf219f,TID_BUILDING_SCATTERSHOT_INFO_SHORT,صخور ثقيلة + أعداء ضعاف = وصفة للهلاك
23912c8efb386364,TID_BATTLE_TIME_TITLE,تنتهي المعركة بعد:
07bfc0f475292bd6,TID_LOCAL_NOTIFICATION_YOUR_ARMY_IS_READY_ALL,جيشك جاهز لدخول المعركة!
8a73518522199615,TID_NUMBER_FIVE,5
61cc54bbd0110c88,TID_BUILDING_SCATTERSHOT,المنجنيق
4f6d74288e92b104,TID_CHARACTER_INFO_SNEAKY_ARCHER,تخرج راميات السهام خفية بعباءاتها تحت ضوء القمر، وتستطيع إسقاط الأهداف حتى قبل أن تراها العيون. نقطة ضعفها هي الثقة الزائدة.
961a89174e2fddec,TID_CHARACTER_INFO_HOG_RAIDERS,لم شمل جميل بين الركاب والمظليين. إنه حفل غارات الخنازير!
696814c05560003b,TID_GEAR_UP_CANNON,حوِّل هذا المدفع إلى مدفع مزدوج يسبب ضررًا أكبر بكثير في نطاق أصغر!
98c7b64d85ffe2e3,TID_MULTIPLAYER_COST,تكلفة المطابقة:
6f58cc298bbeb9c9,TID_HINT_XBOW_LVL_8,ترقية قاعة المدينة ستمنحك إمكانية الوصول إلى سلاح دفاعي جديد يُدعى القوس.
621d8b7d6002b558,TID_NPC_CHALLENGE_TH10_MINER_WIZARDS2,انشر بعض <c54a0fe>السحرة</c> لإزالة المباني من الزوايا والجوانب كي لا تشتت انتباه <c54a0fe>عمال المنجم</c>.
4f9ce98a497b1da1,TID_TRAP_SHRINK_INFO,أهدتنا الساحرة هذه اللعنة المعبأة في زجاجة التي تصغّر حجم المهاجمين وتقلل نقاط إصابتهم وضررهم مؤقتًا وتجعلهم مزحة. يا لقسوتها!
13200a7120ebd52b,TID_LOCAL_NOTIFICATION_CLAN_GAMES_ENDING_SOON_ALL_POINTS,مباريات القبيلة قاربت على الانتهاء!
e6423d915ff9b80c,TID_REVIVE_TIME,إحياء لمدة: <number> ث
708b114b99f97198,TID_REQUEST_IS_PENDING,طلبك قيد الانتظار
4fc153af64290e50,TID_WL_COLUMN_STARS,النجوم
12ae165050156f7c,TID_BUTTON_NOTE,ملاحظة
a739adc5a432e628,TID_STARTER_TH5_BUILDWIZARDTOWER,السحر الدفاعي
8231ad5ec3278b59,TID_POPUP_BREAK_LEGENDS_SHIELD_TEXT,هل أنت متأكد من أنك تريد إزالة درعك؟ ستتمكن من الهجوم والدفاع ابتداءً من يوم الدوري التالي.
d2c61273a57e8388,TID_CLAN_TAG_CLAN_WAR_LEAGUE,دوري حروب القبائل
d71df5df7dd1bfd8,TID_NPC39,اختر بحكمة
a2a05c48804a1a51,TID_ACHIEVEMENT_DESTROY_WALLS_COMPLETED,إجمالي الجدران المحطمة: <value>
a09f67422d8065d8,TID_ELDER_KICK_FAIL_COOLDOWN,لقد طردت عضو قبيلة مؤخرًا. حاول ثانيةً خلال <time>.
52e443c88a39cfd6,TID_CAPBUILD_AIRBOMBS_INFO,إذا أردت دفاعًا جويًا من العيار الثقيل، فستفي القنابل الجوية بالغرض. ينطلق وابل لا ينضب من البراميل المتفجرة في السماء لإهلاك الأعداء الطائرين.
09816f8546bcc2a1,TID_BUILDING_TEXT_REQUEST,طلب
d478dadbe07ed524,TID_CLANGAMES_TASK_DESTROY_BB_MEGATESLA,تطور صادم للأحداث
77204647509ad9ed,TID_LOADING,يتم التحميل
ff0c9c187ad577e3,TID_CAPITAL_TUTORIAL_9,لكل منطقة مبانٍ وتضاريس مختلفة. كلها مفيدة جدًا في جعل العاصمة أقوى.
10ec678ce8ebcd15,TID_PERSONAL_WAR_PREFERENCE_BUTTON_LABEL,حروب القبائل
7071caf8eaaf12d2,TID_MAP_LOCATION_20,جبل الهمهمة
867a51f719d8a184,TID_REGULAR_THEMED_BUILD_OFFER_INFO_TH0712_1999,• <res0> ذهب\n•<res1> إكسير\n• <booster1>x من كتب المباني: لإكمال ترقية أي مبنى فورًا.\n\n• لا حدود للتخزين!\n• يمكن شراء هذا العرض 3 مرات خلال الفترة المحددة.\n• استغل هذا الوقت لترقية دفاعاتك!
f67c50b0b76ad99b,TID_BUILDER,بنّاء:
0d351bff6b1e8ea0,TID_CAPITAL_DISTRICTS_STANDING,المناطق الصامدة <progress>/<total>
36c11b32a80d018c,TID_BATTLEPASS_TASK_WIN_BATTLES_USING_WIZARDS,تأثير ساحر
1e430d8d8ebd9722,TID_FRIEND_LEADERBOARD,لوحة الصدارة
3a8ac08dedf2a8a3,TID_UPGRADE_TH_LOCKED_TITLE,الترقية مغلقة
8a9f5cd2fae59a3a,TID_REGULAR_THEMED_PREPARE_OFFER_INFO_TH0712_999,• <res0> إكسير\n• <booster1> من كتب الأبطال: لإكمال أي ترقية جارية للأبطال فورًا.\n\n• لا حدود للتخزين!\n• يمكن شراء هذا العرض 4 مرات خلال الفترة المحددة.\n• قم بترقية الأبطال والقوات واستدع التعويذات الأكثر قوة!
2160ea2dc0d0acd1,TID_STARTER_TH2_INFO_BUILDBARRACKS,احصل على ثكنات أخرى من المتجر.
0c1f665ae66abfb1,TID_DECORATION_LEAGUE_III_STATUE_INFO,من يملكون هذا التمثال أقوياء حقًا، وعلى وشك أن يصبحوا أبطالاً.
443b7762d0389917,TID_DECORATION_DRAGON_STATUE,تمثال التنين
0ac9083d8611bfa0,TID_CAPITAL_FRIENDLT_ARMY_DATA_NOT_AVAILABLE,يرجى الانتظار حتى تتوفر بيانات جيش العاصمة
92dd28911d4fbed8,TID_CHARACTER_INFO_VALKYRIE_SHORT,يحوّل فأس المحارب الدوار هذا المباني إلى أنقاض.
92dea1dc6ef648ba,TID_TUTORIAL_ATTACK_DONE,أوه لا، إنهم يهاجموننا أيضًا!؟
1996a6f774af5f24,TID_REINFORCEMENT_CAMP_INFO,توفر معسكرات التعزيزات تعزيزات مفيدة خلال المعارك عند الوصول إلى المرحلة المعنية.
0528c769cac2fa44,TID_BP_DAILY_TASKS_REFRESH,تتجدد التحديات اليومية بعد <time>
011566761d15a430,TID_BP_PERK_SAVINGS_PAYOUT_BB,بنك البنّاء
70d90f846af4b18a,TID_SUGGESTED_CLANS,القبائل المقترحة
e55452b964c4265d,TID_BOOSTER_WALL_UPGRADE_INFO,عند توجيه لكمات أحجار الجدار وأنت ترتدي هذا الخاتم، تتم ترقية الجدار على الفور إلا أن الجدران من المستويات الأعلى قد تحتاج إلى عدة خواتم للترقية. يعمل في كلتا القريتين!
b6ac46f2c3cd6e03,TID_HINT_SWAP_TROOPS,هل تريد تغيير استراتيجيتك قبل الهجوم؟ انقر فوق الأسهم الخضراء لتبديل القوات!
0b21b80be7f0b6ba,TID_NEWS_CW_BD_GIFTS_TITLE,هدايا القبيلة!
067c3a5834fbd2c8,TID_TOTAL_COST,التكلفة الإجمالية
e1e165093e9c1579,TID_ARMY_CAMPS,البدء:
e2c51322a9d6481e,TID_DEVICE_LINK_ERROR_CODE_ERROR_0_TITLE,حدث خطأ (100)
36101f5c4e4087c0,TID_EVENT_TITLE_XMAS_RESOURCES,عرض العطلة
f9a6ac5a706f7bd9,TID_CLANGAMES_TASK_INFO_DESTROY_BB_ELIXIRSTORAGE,دمر <num> من <building> في معارك البنّاء.
07deb154fc359d9b,TID_DIAMOND_BUNDLE_HERO_PACK,مجموعة البطل
795c0fe50408d39a,TID_GEAR_INFO_HEALER_JAR,لاستدعاء مجموعة من المعالجات.
1760d58fa246b60e,TID_LEAGUE_COPPER4_SHORT,النحاس 4
0c6f886a2f8523da,TID_PLAYER_SEARCH,بحث عن لاعب:
7fd80129a128823f,TID_BATTLEPASS_TASK_INFO_USE_WIZARDS,استخدم السحرة لربح <num> من النجوم من معارك متعددة اللاعبين.
2ed0d359522a6cfc,TID_SPEEDUP,تعويذة التسرع
ce14fecd9a3a3f87,TID_OFFER_BUILDING_LEVEL,<building> مستوى <level>
8d7bc774d69e9f72,TID_CLAN_GAMES_THEME_WEEKENDGAMES,مباريات عطلة نهاية الأسبوع
9c347248f0a1c332,TID_TIGER_KING,الملك القمري
50e2131802d3b546,TID_POPUP_ACHIEVEMENTS_TITLE,إنجازات
6f708639830bdd4c,TID_POPUP_SELL_BOOSTER_TITLE,بيع عناصر سحر
ac85afea0a1afc21,TID_CAPBUILD_BARRACKS_INFERNO_DRAGON,ثكنات التنين الناري
a4b86e244f80025a,TID_NEWS_SPELLS_TITLE,تعويذات تم تعديلها وإعادة القوة إليها
bb1f436e437efef6,TID_RESEARCHER_MENU_SUGGESTION,ترقيات مقترحة:
f6ffc969dcc3aae9,TID_CLANGAMES_TASK_DESTROY_BB_HIDDENTESLA,مفاجأة صادمة
ee0db0083d420004,TID_HASTE_DAMAGE,زيادة الضرر: <number>%
c9bddc9e1bc9357b,TID_EVENT_TITLE_END_OF_SEP_OFFER_TH071,جني الموارد
0efce33adbfc8875,TID_ALLIANCE_WAR_EVENT_25PERCENT_DESTROYED,25% دمّرت!
75ab9be8ccfa7449,TID_BATTLEPASS_TASK_INFO_DEPLOY_SIEGE_MACHINES,انشر <num> من آلات الحصار في المعارك متعددة اللاعبين.
b0d4f93ea4496e89,TID_CHARACTER_INFO_SIEGE_MACHINE_RAM_SHORT,تشق طريقها إلى قاعة المدينة.
b145630ea4c92a07,TID_DIAMOND_BUNDLE_TH11_INFO,• <gems> من الجواهر\n• بطل الآمر الكبير\n• مدفعية النسر من المستوى 1\n\nبدون وقت للبناء!\n\nلا تفوّت هذا العرض الذي يعطي <cffec78><value> أضعاف القيمة</c> ويأتي مرة واحدة!
63399ab8199c1315,TID_BATTLEPASS_TASK_INFO_COLLECT_GOLD,اجمع <num> من الذهب من مناجم الذهب.
872efdf1e49e2e8e,TID_LEAGUE_TITANIUM2,دوري التيتانيوم 2
504d19aabc1ff2c0,TID_WL_STAT_POSITION5,المركز الخامس
9a29eb9da1c3f4b6,TID_EDIT_MODE_REMOVE_BUTTON,إزالة
4a55decda8f0c389,TID_BOOSTER_FILL_ELIXIR_STORAGE_OFFER_INFO,<num> من تمائم الإكسير: املأ مخازن الإكسير الخاصة بك بالكامل.
d76cb7adc011f810,TID_BUILDING_TEXT_FULL,ممتلئ!
7d22d06aa7c18290,TID_HINT LEAGUE_PLACEMENT,إن كانت لديك كؤوس كافية، فإن مهاجمة أي قرية ستضعك تلقائيًا في بطولة دوري.
109367d997364baf,TID_NPC35,أعلى مستوى
57dc474d890f752f,TID_DIAMOND_BUNDLE_BH6_INFO,• <gems> من الجواهر\n• <res0> من الإكسير\n• حارقة من المستوى 1\n• ساحق من المستوى 1\n\nبلا وقت للبناء!\n\nلا تفوّت عرض <cffec78><value>أضعاف القيمة</c> الذي لن يتكرر!
e163fc963ab01f79,TID_NPC6,ذروة الذهب
9507f09a55822ea7,TID_CLANGAMES_TASK_USE_BETAMINIONS,شجار المينيون المشع
8e3b1498193d7c27,TID_CLANGAMES_TASK_LOOT_ELIXIR,اختلاس الإكسير
4929d54d086c6ae0,TID_DIAMOND_MINE_FULL_NOTIFICATION,يا زعيم، منجم جواهرك ممتلئ بالجواهر!
37f2624c5916ce2b,TID_MUTE_PLAYER_BUTTON,كتم الصوت
294f6542694e8f21,TID_NATIVE_DIALOG_TENCENT_ACCOUNT_CONFLICT_TITLE,حساب مُغاير
bd46913e0ed739c8,TID_CHAT_RULES_REPORT,استعمل ميزة \qالإبلاغ\q للإبلاغ عن اللاعبين الذين يسيئون إلى غيرهم.
d9a0a92d94a980f2,TID_STUN_TIME,صعق الهدف: <number> ث
6547a7f8842fdaa7,TID_TRAINING_TIME,وقت التدريب: <number>
1052dc2a2a6f970c,TID_TUTORIAL_RAID_WEEKEND_3,عندما تهزم هذه العاصمة، ستواجه عاصمة أخرى. ستستمر في الحصول على خصوم جدد لحين انتهاء نهاية الأسبوع!
fad804168a150796,TID_CAPBUILD_MULTICANNON_INFO,إنه مدفع متعدد المواسير!
f855fc0a680235fc,TID_STARTER_TH2_UPGRADEARCHERTOWER,واجب الحراسة
35ef46c6d497d663,TID_SCID_PURCHASE_DELIVERED_TITLE,تم تسليم العنصر المشترى
f89ea7d1e14653f7,TID_RESOURCE_PACK_LOCKED,لا توجد مساحة تخزين كافية!
314067c55f46fc3d,TID_BATTLEPASS_TASK_INFO_USE_LAVAHOUNDS,استخدم كلاب الحمم لربح <num> من النجوم من معارك متعددة اللاعبين.
d74879bf52d5ec82,TID_CONFIRM_SCENERY_PURCHASE_TITLE,شراء المنظر
2f3d6cbc1c81afb0,TID_DIAMOND_BUNDLE_MAGICITEMS_BUILDER_POTION_WITH_GOLD_INFO,• <res0> الذهب\n• <booster1>x جرعة البنّاء\n• لا حدود للتخزين!\n\nكل ما تحتاجه لترقية قاعة المدينة والدفاعات!
4e9901eb131076f8,TID_SETTING_SCREEN_SHAKE,هز الشاشة
f5326638fd4ea5cf,TID_ARCHER_TOWER_INFO,تتمتع أبراج راميات السهام بمدى أطول من المدافع، وعلى عكس المدافع يمكنها مهاجمة الأعداء الطائرين.
58e00aed388ff656,TID_PRIORITIZE_UPGRADE_NOT_IN_ALLIANCE,ليس في قبيلة
3ea6de14e4142c06,TID_HINT LEAGUE_SHUFFLING,يستمر موسم كل دوري لشهر.
4570b051d90be577,TID_WAR_PERSONAL_SETTING_TAKE_ME,خذني
e1ea5ff37fc0e759,TID_SELECT_LEAGUE_PARTICIPANTS,حدد المشاركين في الدوري
9e5d0ae6eabb068e,TID_BP_NO_BONUS_POINTS_TITLE,نقاط إضافية!
0323aa1bdba01eed,TID_CLAN_AVAILABLE_FOR_RECRUITING_YES,أجل رجاءً!
75b4d116d09248bf,TID_CLANGAMES_TASK_DESTROY_BB_WALLS,إزالة الجدران
0e2b7929aaff9e5e,TID_NOT_ENOUGH_SPELL_STORAGE,مخزن التعويذات لديك ممتلئ بالكامل!
25a6f3367bca39d5,TID_TAB_GLOBAL_CHAT,عالمي
402e985f7c0e3550,TID_JOIN_NEW_CLAN_WHILE_IN_CLAN_TITLE,مغادرة قبيلتك
2262d7e3eb33d48e,TID_TUTORIAL_GOLD_STORAGE_2,قم ببناء مخزن ذهب حتى يمكننا تخزين مزيد من الذهب!
c681702e203103d2,TID_GUARD_POST_INFO_SHORT,قالوا: انضم إلى الحارس وشاهد العالم.
5ff7cf013aac02b5,TID_LINK_CANCELLED,لقد قمت بإلغاء الربط. لم يتم ربط أي أجهزة.
d08419b5a538876b,TID_TOO_MANY_ALLIANCE_CHAT_REPORTS_SENT,يرجى الانتظار قبل إرسال بلاغ آخر
599ad8c04ebbc3ad,TID_TUTORIAL_RUINS_2,أعد بناء هذه الأنقاض وستحصل على مبانٍ جديدة في هذه المنطقة.
b7c39340e4040abd,TID_BUILD_TRAINING_GROUNDS,ابنِ معسكر الجيش أولاً
69f2931e175b7228,TID_CAPITAL_PLAYGROUND_GATES_2,بالنسبة إلى المهاجمين، تعمل البوابات تمامًا مثل الجدران.
972bb7a3877a9dcb,TID_TOTAL_HEAL,إجمالي الشفاء: <number>
ebcb2f6b92a77b69,TID_CHARACTER_INFO_AD_SEEKER_WITH_EXPLOSION_SHORT,شتّت الدفاعات الجوية بهذه الدبابة الطائرة.
c800e2d389fccf1d,TID_CONFIRM_MERGE,أأنت واثق؟
361dfd470c5daa10,TID_EVENT_SPELL_INFO,تحضير قوات <troop> مقابل خصم!
721dfeacf853470f,TID_CHALLENGE_TH7_DRAGON,قتال حار
c0366a8f6e370c43,TID_LEGENDS_MP_ATTACK,الهجوم
ac51c109d2caa5f8,TID_PIRATE_KING,الملك القرصان
1cddbe5760035072,TID_EP_RECEIVED,تلقيت تذكرة الحدث!
d2323633f8a24c06,TID_NPC_CHALLENGE_TH7_HOG_BARBARIAN_KING,انشر <c9916c8>ملكًا بربريًا</c> لصد ملك العدو وإلّا فسيسحق <c54a0fe>راكبي الخنازير</c>.
9afbbc5bb5d99803,TID_BUILDING_XBOW2_INFO,يطلق القوس صواعق قوية ومخيفة. يمكنك توجيهه نحو وحدات أرضية أو وحدات جوية.
999baa384d242c8e,TID_DIAMOND_BUNDLE_MAGICITEMS_TRAINING_POTION_INFO,• <gems>الجواهر\n• <booster1>x جرعة التدريب\n• لا حدود للتخزين!\n\nقم بتعزيز تدريب القوات، وتطوير التعويذة، وإعادة إنتاج الأبطال!\n\nلا تفوت هذا العرض!
c4899df32f858575,TID_DECORATION_ANCIENT_BARBARIAN_STATUE,تمثال بربري عتيق
40c19f2628c36d7f,TID_DIAMOND_BUNDLE_MAGICITEMS_BUILDING_BOOK_AND_HERO_BOOK_INFO,• <gems> الجواهر\n• <booster1> كتاب الأبطال\n• <booster2>x كتاب المباني\n• لا حدود للتخزين!\n\nهل البناؤون مشغولين؟ هل هناك حاجة لإنفاق الكثير من الموارد ولا يوجد وقت كافٍ لذلك؟ احصل على حزمة الكتاب السحري لإنهاء ترقية واحدة لبطل وترقية واحدة لمبنى!\n\nلا تفوت هذا العرض!
123402823a2b0b88,TID_ALLIANCE_WAR_ENDING_PROMPT,نهاية الحرب
6a25599c187ddb96,TID_GEM_POPUP_TEXT,نفدت الجواهر لديك. اذهب إلى المتجر للحصول على المزيد!
4bf49cf9d93cbd82,TID_WARNING_CANNOT_SHARE_INCOMPLETE_LAYOUTS,يمكن مشاركة المخططات الكاملة فقط.
243b7bad887ec83f,TID_DIAMOND_PACK_2,حقيبة جواهر
b59875f197b9f798,TID_WL_PERSONAL_REWARDS,تمت مكافأتك
71c9f9311fb84a26,TID_HINT_ACCOUNT_SECURITY_2,لن يطلب موظفو Supercell بيانات Supercell ID منك أبدًا.
d82d2ad219d178f5,TID_BOOSTER_BOOST_PRODUCTION_OFFER_INFO,<num> من جرعات التدريب: قم بزيادة كفاءة تجديد الثكنات، ومصانع التعويذات، والورشة وإعادة إنتاج الأبطال لمدة <time>
93f3848d85426474,TID_ALLIANCE_CREATE_TROPHY_COUNT,حد الكؤوس الأدنى للانضمام:
c2ae695d6af9259f,TID_SETTINGS_API_TOKEN_SHOW,المس 'عرض' لإظهار رمز API
9b2c239de5f672b5,TID_ALLIANCE_WAR_ATTACK_CONFIRM_3STARS,هذه القرية تم تدميرها بالفعل ولا يمكن لقبيلتك الحصول على المزيد من النجوم منها. هل أنت واثق من رغبتك في الهجوم؟
17f7f7e649ec4ba2,TID_ERROR_POP_UP_CONNECTION_LOST,لقد فقدت الاتصال مع الخادم. من فضلك افحص اتصالك بالإنترنت وحاول ثانيةً.
2928be40cfac7f21,TID_LOCAL_NOTIFICATION_EVENT_SPECIAL_TROOP_DRAGONLIGHTNING,أيها الزعيم، اربح 200 جوهرة أثناء حدث تعويذة التنين / البرق!
7e40c908afc1c198,TID_ERROR_POP_UP_UNLOCK_UNAVAILABLE_TITLE,إلغاء قفل الحساب غير متوفر
aaa7bc4750372710,TID_NPC_CHALLENGE_TH8_GOWIPE_HEAL2,أبقِ <c54a0fe>سحرتك</c> على قيد الحياة باستخدام <cffe346>تعويذة الشفاء</c>!
5785aaffef44dbec,TID_BUTTON_RETRY,إعادة محاولة
8c5ce8727e26bc86,TID_BB_LEAGUE_DETAILS_ATTACK_COLUMN,الهجوم
3252c98aad8bf2e7,TID_COLLECT_CRAFTED_RESOURCE,جمع
552a667090a3a5d0,TID_DIAMOND_BUNDLE_BH5_ALT,حزمة البنّاء الماهر
336395e3c941e230,TID_GEAR_TITLE_LIFE_GEM,جوهرة الحياة
e6586e855bea124a,TID_PRESTIGE_TROPHIES,كؤوس الأسطورة
af2cd7fc136de8e8,TID_NEWS_TH11_UPDATE_GUARD_TITLE,حراسة - العب بأمان بعيدًا عن المهاجمين
493f4c5731ed26d0,TID_CLASHFEST_KING,ملك مهرجان Clash
92d12a05372088e7,TID_NPC88,ميدان البلدة الملوث
aa80c8138bbade73,TID_BOOSTER_SUPER_POTION,الجرعة الخارقة
721b6e02648972db,TID_AVATAR_MESSAGE_SUBJECT_THANK_YOU_FOR_REPORTING,نشكرك على إبلاغنا!
d16f658b1f1d39cc,TID_TRAINING_INFO2,اسحب الوحدات لتدريبها أو إعادة ترتيبها
b31cf25542d3fbf7,TID_BP_TASK_AVAILABLE_IN,يظهر التحدي بعد <time>
3938b97591a1e488,TID_CREATOR_TAG_NOT_ENTERED,أدخل رمزًا
7967e65d47115ec3,TID_RESOURCE_CAP_FULL_GOLD,قم ببناء المزيد من مخازن الذهب أو ترقية الموجودة بالفعل!
8a55721e16d52fa0,TID_ACHIEVEMENT_LEAGUE_TITLE,دوري النجوم
403a84816effdce2,TID_BP_PERK_CURRENT_AMOUNT,نشط
9ade6d1e66ea2304,TID_UPCOMING_DAYS,الأيام القادمة
9dfa48e4f891fab3,TID_NEWS_TH11_UPDATE_GAMEPLAY_TEXT,• حدود وقت المعركة ازداد بمقدار 30 ثانية\n• الغيلان أصبحت الآن تستهدف قاعة المدينة وقلعة القبيلة لمضاعفة الضرر\n• تم تقليل تكاليف إعادة التسليح لكل الفخاخ بشكل كبير\n• تم خفض تكاليف إعادة التحميل للأقواس بشكل كبير\n• كميات كبيرة من المعالجين قد انخفض تأثيرها على الوحدات نفسها\n• انخفضت تعزيزات الجيش إلى 5 جواهر لمدة ساعة واحدة من المعزز\n• تكلفة العثور على مطابق و\qالنقل\q قد انخفضت لقاعة المدينة 10\n• يوم الاستعدادات لحرب القبيلة قد انخفضت إلى 23 ساعة\n• الذكاء الاصطناعي لقتال القوات والعثور على الممرات قد تم تقويته وتعزيزه\n• النسبة المئوية للغنيمة المتاحة على قاعة المدينة من المستويات 6 إلى 10 قد ازدادات بدرجة بسيطة\n• قاعة المدينة الأقل مستوى في القرى أصبحت الآن تساوي أقل قليلاً من الغنيمة\n• حقل اللعب ومنطقة نشر القوات قد تم توسعتهما (العقبات النائية قد انتقلت تلقائيًا)
aec3f08494b803f4,TID_LEAGUE_CHAMPION3_SHORT,الأبطال III
882084dfc51126a7,TID_SAVE_ALLIANCE_SETTINGS,حفظ
533752564a333eee,TID_OTTO_FEATURE_DESCRIPTION_SHORT,صديق آلي دؤوب يحب البناء.
e3147b2de4ca71c0,TID_WARRIORGIRL,فالكيري
a7c786115510596c,TID_HINT_USE_SPELLS,يمكن أن يكون للتعويذات تأثير ضخم على نتيجة المعركة. احرص على استخدامها!
a12f725c5b26f98f,TID_POPUP_GOBLIN_HELPER_TEXT,مرحبًا أيها الزعيم! هل تحتاج إلى مساعدة في البناء أو إجراء الأبحاث؟ يمكنني مساعدتك إذا منحتني بعض الجواهر مقابل وقتي!
9e1a643c476b9484,TID_TUTORIAL_SEASON_CHALLENGE_7,احصل على التذكرة الذهبية لتربح كل المزايا بجانب جوائز أخرى مميزة!
1cfa1bda12caad12,TID_RAID_INFO_TAB_OVERVIEW,غارة نهاية الأسبوع هي الطريقة التي تثبت بها قبيلتك نفسها أمام القبائل الأخرى. ستقاتل قبيلتك ضد سلسلة من عواصم القبائل الأخرى. اهزم قبيلة تلو الأخرى لتحصل على جوائز أكبر. في هذه الأثناء، ستهاجم القبائل الأخرى عاصمتك، يمكنك مشاهدة ما يفعلونه وتعديل مخططات المناطق لتقوية أي نقاط ضعف.\n\nيحصل كل عضو في قبيلتك على العدد نفسه من الهجمات لاستخدامها خلال نهاية الأسبوع. في المرة الأولى التي يحرز فيها لاعب 3 نجوم على منطقة، سيربح هجومًا إضافيًا. ليس هناك طريقة للحصول على المزيد من الهجمات؛ لذا فاحرص على استخدامها بحكمة!
8c7554344b57692f,TID_NPC12,ميغابلاستر
a037677a6fc844d0,TID_ACHIEVEMENTS_VILLAGE2,إنجازات قاعدة البنّاء
a6967b51bd998a9d,TID_JUNGLE_WARDEN,آمر الأدغال
f4526e67e5b0fc3f,TID_BATTLEPASS_TASK_INFO_WIN_BATTLES_USING_YETI,استخدم قوات الييتي لربح <num> من المعارك متعددة اللاعبين.
9916c65a35a3a35f,TID_DUEL_REWARDS_INFO_TEXT,انتصر في معركة بنّاء لربح غنيمة. لن تُفقَد أي موارد عند الدفاع.\n\nفز بمزيد من الكؤوس لزيادة جوائزك.
934564f9db37e99a,TID_ALLIANCE_LEADERBOARDS,أفضل القبائل
8ecf02eda125b91d,TID_GRASS,حشائش طويلة
688ecdb4122ae4df,TID_LOCAL_NOTIFICATION_UPGRADE_READY,تمت ترقية <item> إلى المستوى <level>
a5f71f99c8b7496e,TID_BOOSTER_FREE_SPELL_UPGRADE_ALT_2_LINE,مطرقة التعويذات
64edff2110f4ebda,TID_EDIT_MODE_FINISH_LATER,الإنهاء لاحقًا
d32ff84fbdcc6bc4,TID_PERSONAL_WAR_PREFERENCE_TITLE,تفضيلات حرب القبائل
a87ff41ba31520d1,TID_CLAN_WAR_FREQ_UNKNOWN,غير محدد
cbe171c0ef056718,TID_RAID_INFO_TAB_REWARDS_TITLE,الجوائز
7f50f254af23bfb3,TID_TENCENT_DOLPHIN_DOWNLOADING_79,更新校验全量文件
574188982ad48b54,TID_OVERQUEUE_HELPER_TROOPS,ستنضم هذه الوحدات إلى جيشك عندما تتوافر مساحة فارغة!
3907ae54d2ba9816,TID_SUPERCELL_ID_NEW_GAME_BUTTON,اللعب دون Supercell ID
18e76b111bb4c082,TID_ELECTROFIRE_WIZARD_INFO,يحرق الساحر الكهربائي الناري، أستاذ السحر وساحر الأناقة، أهدافًا فردية أو يصعق خصومًا متعددين باستخدام الكهرباء المشحونة.
8c08f4006c25706b,TID_CLANGAMES_TASK_INFO_USE_ARCHERS,اربح <num> من النجوم من المعارك متعددة اللاعبين باستخدام <num2> من راميات السهام.
52857e3ede35ebe4,TID_BIRTHDAY_SPELL_INFO,استدع مفاجأة متفجرة للاحتفال بالذكرى السنوية! هذه الهدية الفاخرة تدمر المباني والقوات القريبة وتصعقها.
7408ac2fe8f592da,TID_GIFT_AVAILABLE_STREAM_TEXT,أرسل أحد زملاء القبيلة هدايا!
dd65012e00138645,TID_CAPITAL_RAID_DEFENSE_MEDALS_ALT_GEMS_RECEIVED,تلقيت <num> من الجواهر من مكافآت الدفاع في غارة نهاية الأسبوع الخاصة بالعاصمة
e383d920d49d557b,TID_FREE_NAME_CHANGE_INTRO_TEXT,لديك فرصة واحدة فقط لتغيير الاسم مجانًا. استخدمها بعناية لأن تغييرات الاسم ستكلفك جواهر مستقبلاً.
e9ab2d38386cce8d,TID_TUTORIAL_WAR_LEAGUE_16,عندما تكون مستعدًا، اذهب واستخدمها في المتجر!
7b144d30843de862,TID_UNLOCK_DISTRICT,لفتح المنطقة:
61c782a8e8ea4cfc,TID_GOLD2,ذهب
b0bbc4479a404a03,TID_BUTTON_SPEED_UP_REQUEST_TROOPS,اطلب الآن!
0b3ed4c5ce0702be,TID_GEAR_UP_ITEM,إصقال <item>
9e8f8eba3fe86e9e,TID_PLAYER_TAGS_SELECTED_TITLE,تم اختيار:
789a80acb2c58699,TID_GEM_BALANCE_BUTTON,رصيد الجواهر
3015ac90f768f468,TID_ACTIVE_ABILITY,قدرة نشطة
b11621cc501b8ef8,TID_HERO_GEAR_UPGRADED,تمت ترقية <item> إلى المستوى <level>.
e963e9f81d5ce3a2,TID_POPUP_GOBLIN_RESEARCHER_HEADER,مرحبًا أيها الزعيم!
1011044623b84221,TID_BP_REWARD_LOCKED_NEED_PREMIUM,تحتاج إلى التذكرة الذهبية لفتح هذه المكافأة.
2c5739a421c33cf5,TID_LEAGUE_WOOD4,دوري الخشب 4
2c512e54048ca933,TID_NPC_CHALLENGE_TH9_WITCH_ARCHER_QUEEN,انشر الآن <c9916c8>الملكة رامية السهام</c>. الآن وقد دمر معسكر الجيش، ستسير في منحى عقارب الساعة حول القاعدة.
893f89621b846ce5,TID_TOWN_HALL_2_INFO_SHORT,حان وقت تعلُّم الأساسيات!
bdc0d75bf2b40dcc,TID_MOVEMENT_SPEED,سرعة التحرك:
c6262b6b3123d802,TID_ADD_FRIEND_ERROR_TOO_MANY_FRIENDS_YOU,لديك الكثير من الأصدقاء. أزل واحدًا إن كنت تريد إضافة صديق جديد.
967ea5fd57cf920e,TID_TRADER_GEM_OFFERS_UNLOCKS_TEXT,تفتح عروض الجواهر في المستوى <value> من قاعة المدينة
772d4e06055a6446,TID_CLANGAMES_TASK_INFO_LOOT_DARKELIXIR,اغنم إجمالي <num> من إكسير الظلام في معارك متعددة اللاعبين.
9a133465ed728722,TID_BUILDING_CAP_REACHED,لقد بنيت بالفعل الكمية القصوى من هذه المباني.
094849876266b820,TID_TUTORIAL_DEFEND_4,بنينا القرية فوق خطوط لاي. ستصلح المدافع نفسها بطريقة سحرية بمرور الوقت.
be0523e985eaaf33,TID_NOT_ENOUGH_WORKERS_TEXT_ARTO,أتريد إكمال المبنى السابق ليتفرّغ بوب؟
e676a299026f858c,TID_CAPBUILD_SPELLLAB_RAGE_INFO,يحضّر براميل كبيرة مليئة بتعويذة الغضب. مجرد التواجد بالقرب منه يجعل الأشخاص غاضبين بجنون.
a1100edb9a09a51b,TID_BOOSTER_LAB_POTION_INFO,يساعد هذا المشروب الصحي السحرة الغامضين داخل المعمل على إجراء الأبحاث بسرعة مضاعفة <multiplier> من المرات لمدة <time>، وهو يعمل في القرية الأم!
9288deef845b57fe,TID_CAPITAL_REWARD_FULL,مساحة التخزين غير كافية!
7001ff639501d72d,TID_ALLIANCE_GAMES_REWARDS_AFTER_END,عندما تنتهي المباريات ستتمكن من اختيار جائزة واحدة من كل مستوى مفتوح.
304da0ee299bdf59,TID_AUTO_FORGE_UNLOCKED,فتح خانة ورشة صياغة تلقائية
4a0b95298591b2a6,TID_CLANGAMES_TASK_INFO_DESTROY_BB_WALLS,دمر <num> من قطع الجدران في معارك البنّاء.
a2a2e89468355a96,TID_STREAM_DONATE_BUTTON,تبرع
a1cf96576c1b2afb,TID_FEEDBACK_INFO3,\n
a86ead3b3ff7fc60,TID_BUTTON_ATTACK_MODE_BURST,انفجار
79afc090746cfdbb,TID_TUTORIAL_SEASON_CHALLENGE_5,في نهاية كل شهر، سيتم إيداعها كلها في مخازنك.
04a99e6afe118c84,TID_LOCAL_NOTIFICATION_EVENT_XMAS_RESOURCES,أيها الزعيم، هناك عرض عطلة لا يُفوّت، ومتوفر لك الآن!
fffcc40161ffb600,TID_GINGERBREAD_QUEEN,ملكة كعك الزنجبيل
77dc1bed45880b8a,TID_NPC79,التركيز على الهدف
23e5435da44f7d51,TID_START_WAR_FAILED_WAR_COOLDOWN_ACTIVE,لا يمكن شن حرب، ففترة تهدئة الحرب فعّالة.
8fa68198afe13fd5,TID_DIAMOND_BUNDLE_MAGICITEMS_FIGHTING_BOOK_WITH_ELIXIR_INFO,• <res0> الإكسير\n• <booster1>x كتاب القتال\n• لا حدود للتخزين!\n\nكل ما تحتاجه لترقية القوات!
d64c9622f4628ca1,TID_NPC14,مقابض الحصن
a92e30b2f7b5d05a,TID_SUPPORT_CREATOR_TITLE,دعم منشئ محتوى
f1670255cda30ce6,TID_PARTY_QUEEN,ملكة الحفلات
6b158bbf13511d83,TID_BB_BATTLE_LOG_VICTORY,انتصار!
5e6418750e44916d,TID_DEVICE_LINK_ERROR_CODE_SAME_PLATFORM,ربط الرمز غير متاح
eaf72535ce1ffe80,TID_CLANGAMES_TASK_INFO_DESTROY_BB_MULTIMORTAR,دمر <num> من <building> في معارك البنّاء.
053df8e4cda5e60f,TID_WIZARD,ساحر
11cc86489c1acadb,TID_CAPBUILD_BARRACKS_GIANT,ثكنات العمالقة الخارقين
27cdd2a8564d5a77,TID_GP_PURCHASE_COUNTDOWN,يتوقف بيع التذكرة بعد <time>
4f99a670894f71eb,TID_MORE_FAMITSU,ファミ通App
286447a8bbffc7b9,TID_CHAT_RULES_WARNING,قد يؤدي سوء السلوك إلى حظر حسابك.
6c5c4acdd4af0081,TID_PET_ABILITY_INFO_BARKY,تقفز لاسي فوق الجدران لمهاجمة الأهداف في الجانب الآخر.
3b27c949fd8ff93f,TID_HALLOWEEN_EVENT_2023_INFO_TRACK_ENDED,نفد الإكسير الحمضي، لكن ما زال أمامك وقت للمطالبة بالجوائز وإنفاق أوسمة المزيج عند التاجر.
b1320ceeaa98435a,TID_BB_STAR_BONUS_POPUP_TITLE,مكافأة النجوم!
7c9c60d0f2dbc4fa,TID_CHARACTER_INFO_RIDER_SHORT,يقفز فوق الجدران ليهاجم الدفاعات عن قرب.
8aa592aab95b6970,TID_SPELL_STORAGE_CAPACITY,سعة مخزن التعويذات: <number>
c8f5f11336d6c12a,TID_CLAN_LOCATION_UNKNOWN,غير محدد
7c8054492e5fb551,TID_STARTER_UPGRADEBUILDING,قم بترقية أي مبنى
200b58a6a96ddae8,TID_LAST_WAR,آخر حرب:
e52194eb02ec99c5,TID_DECO_GOBLIN_BARREL,برميل الغيلان
879725f42e31844b,TID_WL_STARTWAR_INFO_LEADER,قاتل في مجموعة مكونة من <size> من القبائل واكتشف من الأقوى. فز بالمجد، والغنائم الإضافية، ونقاط خبرة القبيلة، وأوسمة الدوريات!\n\nهل قبيلتك مستعدة؟ انضم إلى الدوري!\nسينتهي الاشتراك في:<time>.
22ea7e5a72135cbb,TID_HALLOWEEN_EVENT_2023_INFO,اجمع الإكسير الحمضي وطالب بالجوائز خلال حدث المزيج المجنون. استبدل أوسمة المزيج المجنون عند التاجر للحصول على المزيد من الجوائز!
67f75ad3f60a8aaa,TID_TUTORIAL_RAID_WEEKEND_6,عند انتهاء غارة نهاية الأسبوع، ستربح أوسمة الغارات بناءً على مدى جودة أداء قبيلتك في الهجوم والدفاع.
2e0dc11e921adafb,TID_PET_POISON_LIZARD_ABILITY,النفس الكريه
3e56268cfd97128e,TID_ACHIEVEMENT_DONATE_UNITS,التبرع بـ<number> من تعزيزات سعة قلعة القبيلة
3b592e57ea3614cc,TID_BUY_MISSING_RESOURCES_HEADER,تحتاج إلى <resource> أكثر
19a9678846d211f3,TID_BOOSTER_HERO_POTION_NOT_AVAILABLE,لا يمكن تعزيز الأبطال. جميع أبطالك مشغولون.
44e65f0ef45b3860,TID_HINT_LABORATORY,يمكنك ترقية قواتك في المعمل لتجعلها أفضل وأقوى!
0f95694cec679524,TID_HOUSING_SIEGE_MACHINES_INSIDE,آلات الحصار:
b3d57b448604a5dc,TID_ACHIEVEMENT_GEAR_UP_COMPLETED,إجمالي المباني المُصقَلة: <value>
13e69254431fd2bd,TID_XP_TEXT_UNLOCK_PUZZLEANDDRAGONS,يمكنك الآن إلغاء قفل Clash of Clans Dungeon في الألغاز والتنانين! اضغط الزر في الأسفل لفتح اللعبة وإلغاء القفل.
ca0d63e046ca000e,TID_CONFIRM_WORD,تأكيد
d20469897a47baad,TID_STONE_PATH,ممر حجري
25b64e432515ae80,TID_DISTRICT_WIZARD_VALLEY,وادي الساحر
ea2abd68c04e3aef,TID_PET_POISON_LIZARD_INFO,بسرعة البرق تبخ السحلية السامة سمومًا مبطئة نحو أعدائها. أيجدر أن يكون اسمها البرص السام؟ ربما، ولكن من سيتجرأ ويصحح لها الاسم؟
f933dbd43bb7d145,TID_BOOSTER_BOOST_ALL_PRODUCTION_TITLE,استخدم جرعة التدريب
f5af0c02f4ae30f0,TID_TUTORIAL_STARTER_CHALLENGE_5,ستصبح قريتنا أقوى فأقوى بفضل ذلك.
46bfcec4de273cfa,TID_TRAINING_SCREEN_ELIXIR,إكسير:
1defd95d91c2ae0e,TID_SPELL_RECALL,تعويذة السحب
e2041447fd3442ea,TID_WARDEN_OF_THE_NORTH,آمر الشمال
b0407e1b4a03658e,TID_WL_COLUMN_WARS,الحروب
eaed16fdd6d88ca1,TID_AURA_MAX_HITPOINTS_INCREASE,أقصى زيادة لصحة الهالة: <number>
e050c3c5b932f6ad,TID_SUPER_HOG_RIDER_ABILITY_INFO,عقب التعرض لهزيمة، ينقسم الراكب والخنزير إلى قوتين مستقلتين.
6f49141f52be4d55,TID_NEWS_NEW_TROOP_TEXT,
b07905acb0060413,TID_EDIT_MODE_ERASE_ON,تشغيل المسح
bd23d73c46f901d1,TID_STARTER_TH5_INFO_DESTROYANY,دمر <num> من المباني في معارك متعددة اللاعبين. كل أنواع المباني تحتسب.
6234121e7d2e26d9,TID_GAMES_GET_GEM_ALTERNATIVE_TITLE,المخزن ممتلئ
90be1247df797113,TID_MAP_LOCATION_13,ممر ضخم
f7fb57ef4331c4d9,TID_MORE_FORUMS,انضم إلى مجتمع Clash of Clans!
f0bd06013a1ed508,TID_GEAR_UP_BUILDING_SUBTITLE,ترقية خاصة:
8723e39692f4a660,TID_PET_DIGGY_INFO,البنغول المدرع انطوائي ويقضي معظم وقته مختبئًا تحت الأرض. أما في وقت المعارك، يؤدي دوره كما يجب لمساعدة بطله والهجوم على المباني. في حال القضاء على بطله، سيجد بطلاً آخر لدعمه.
742cf57394026f9f,TID_CAPITAL_LOCKED_PLAYER_LEVEL_TOO_LOW,يتم فتح عاصمة القبيلة في المستوى <level> من قاعة المدينة
6bc905b095b4168a,TID_LEADERBOARDBANNER_1,1)
43ce3b47e373f766,TID_BUTTON_DISABLE_TUTORIAL,الخروج من العرض التوضيحي
12dd3a7f07a17f63,TID_DEMOTED_TO_TEXT,تم تخفيض الترتيب إلى
3eb164adb8f820d5,TID_DECO_RUIN_TREE_FARM,مزرعة الأشجار
a7fa92ceefede71e,TID_CHARACTER_INFO_SIEGE_MACHINE_CARRIER,تسقط ثكنات الحصار من السماء لتفرج أولاً عن فريق من قوات بيكا والسحرة، متبوعًا بقوات قلعة القبيلة. لا أحد يعرف كيف تمكنوا كلهم من الدخول في ذلك الفضاء الضيق، ولا أحد يرغب في معرفة ذلك.
0a9d11be04cf1eb7,TID_CLAN_JOIN_FAIL_ALREADY_SENT,انتظر قبل إرسال طلب آخر للانضمام إلى هذه القبيلة!
bd22ea25cc5df4a5,TID_BATTLEPASS_TASK_WIN_BATTLES_USING_LOG_LAUNCHER,حرب الجذوع
69ab71c4138df277,TID_CLANGAMES_TASK_DESTROY_QUEENALTARS,تدمير أماكن الملكة رامية السهام
4fe310f63e518fb6,TID_DECO_GREAT_PYRE,حاوية النيران الكبيرة
7e33179541bed203,TID_BOOSTER_FILL_GOLD_STORAGE_INFO,نظرًا لأن هذا العنصر السحري يوفر إمدادًا لا نهائي من الذهب كما يبدو، فهو يتيح لك ملء مخازن الذهب بالكامل في القرية الأم.
4f90353010c521c2,TID_CHARACTER_INFO_SIEGE_MACHINE_INVISIBLE,
5c16b29a9100eb0a,TID_DIAMOND_BUNDLE_MAGICITEMS_HERO_BOOK_INFO,• <gems>الجواهر\n• <booster1>x كتاب الأبطال\n• لا حدود للتخزين!\n\nأكمل أي ترقية بطل فورًا من خلال كتاب الأبطال!!\n\nلا تفوت هذا العرض!
0899684522c9d310,TID_NPC_NAME_TUTORIAL2,غابة الغول
f8875c83bb70ae80,TID_YOU_GOT_REWARD,حصلت على:
61841e9da92dbba5,TID_POPUP_EDIT_MODE_COLLECT_STAGE,هل تريد بالتأكيد جمع كل المباني من المرحلة <stage>؟
630efab332b6d874,TID_BATTLEPASS_TASK_WIN_BATTLES_USING_SIEGE_BARRACKS,عربة المهرجين
d3a8ad41082c2703,TID_KUNLUN_APP_STORE_360,360
81e3091a543cee1c,TID_BUTTON_GENERATE_CODE_TITLE,تحويل الحساب
b307067e140cf4dd,TID_CLANGAMES_TASK_INFO_DESTROY_BB_HIDDENTESLA,دمر <num> من <building> في معارك البنّاء.
328895b765401594,TID_NAME_CHANGE_TH_LEVEL_TOO_LOW,تغيير الاسم متاح بدايةً من مستوى قاعة المدينة <level>
6747d60ad8a4c529,TID_CAPBUILD_SUPERWIZARDTOWER,برج الساحر الخارق
5c8bdf28d4413c7c,TID_TUTORIAL_CAPITAL_ARMY_2,ليس لديّ وقت لنقل القوات ذهابًا وإيابًا عندما متى غيرت رأيك.
8a178976ad943ce0,TID_ROYALE_SCENERY,منظر Royale
b5d8274445826046,TID_CLAN_TAG_FARMING,جمع الموارد
5dc5df8486953098,TID_REENGAGEMENT_LAB_DID_UPGRADES_NONE_LEFT_1,كان المعمل يضج بالنشاط.
393d55bd80bcc012,TID_LEAGUE_IRON3_SHORT,الحديد 3
0eea3e111e96ecf4,TID_CLOCKWORK_QUEEN,الملكة الآلية
ccbbed5bacedef6b,TID_FORGE,ورشة صياغة
593550366d5b8164,TID_REENGAGEMENT_LAB_NO_UPGRADES_NONE_LEFT_2,علينا ترقيته لنتمكن من إنجاز المزيد.
cd6dcef201cf8193,TID_DECORATION_DOWNARROW_FLAG,علم التجمع
7c0c282a08a3fe66,TID_KUNLUN_APP_STORE_UC,UC
7887c1d4c36c8b0e,TID_TUTORIAL_FAILED,عذرًا، حدث خطأ ما. أعد التشغيل وحاول مجددًا!
0e14f3be72a1b683,TID_DECO_RUIN_CAMPSITE,موقع معسكر
f4c59d5a6b655726,TID_DIAMOND_BUNDLE_MAGICITEMS_SPELL_LEVEL_PACK_INFO,• <gems>الجواهر\n• <res0> الإكسير\n• <booster1>x كتاب التعويذات\n• لا حدود للتخزين!\n\nكل شيء تحتاج إليه لترقية تعويذاتك!\n\nلا تفوت هذا العرض!
cbf7dd1956f188b6,TID_TRAINING_SCREEN_TAB_OVERVIEW,الجيش
08cd494386f17f17,TID_BUILDING_GIANT_CANNON,مدفع عملاق
9ae1003f84c66dee,TID_CHALLENGE_INFO_2019,ستبدأ الآن تحديات الموسم ومظاهر الأبطال. تصل قاعة البنّاء 9 ودوري الأسطورة المُحسن في منتصف قاعة المدينة 13، وتختتم البطلة الملكية وييتي العام.
fc9bb1d3f2c0bb46,TID_CLANGAMES_TASK_INFO_GET_HOMEBATTLEDESTRUCTION,اجمع إجمالي <num>% من التدمير من المعارك متعددة اللاعبين.
eb9a10f50bca26ba,TID_BABY_DRAGON_INFO_SHORT,سريع الغضب ويفضل العمل وحده!
deceaa68cc6aaae6,TID_ZAP_TRAP,فخ الصاعق
07419be5b7b0fdd9,TID_BATTLEPASS_TASK_COLLECT_ELIXIR,جامع الإكسير
91ed7fe308a2b0d8,TID_INFO_DAMAGE_TYPE,نوع الضرر:
0f9cf40d84efa90a,TID_ATTACK_LOG,سجل الهجوم
072d66032d192029,TID_POINTS_HOME_VILLAGE,القرية الأم
1b3747e880bface7,TID_ACHIEVEMENT_DESTROY_INFERNO_COMPLETED,إجمالي أبراج النار المحطمة: <value>
ac59ad06ec6dbf33,TID_SKELETON_BARRELS,براميل الهياكل العظمية
8f6e010e0122c7b3,TID_BATTLEPASS_TASK_INFO_WIN_BATTLES_USING_BETAMINIONS,اربح نجمة في <num> من معارك البنّاء باستخدام <num2> من كائنات المينيون المشعة.
2fd7f640f1d7ecff,TID_FIND_NEW_CLAN_PROMPT,الأحوال راكدة هنا. هل أبحث عن قبيلة جديدة؟
901ee115f73bb642,TID_CLANGAMES_TASK_USE_DRAGON_RIDERS,سباق التنانين
a0b0e4f0c41c9b14,TID_CAPBUILD_CANNON_INFO,قد يكون هذا المدفع بطيئًا في إطلاق النار، لكنه يعوض ذلك بضربة شديدة. العيب الآخر هو أنه لا يميل لأعلى بدرجة كافية للوصول إلى الأهداف الجوية.
fb9f13e7882afc5b,TID_CLAN_GAMES_THEME_SUMMER,مباريات الصيف
2db44a326252462a,TID_RAID_INFO,معلومات الغارة
d7913508209008dc,TID_DECO_DARK_AGES_DRAGON_INFO,تمثال مثير بعينين ناريتين ونفس دخاني، يحرس قريتك بحضوره المهيب
db49524b4e06996b,TID_WL_BONUS_CONFIRM_TEXT,هل تريد منح المكافآت للأعضاء المختارين؟
4abae666f69c1194,TID_LOCAL_NOTIFICATION_EVENT_STAR_BONUS,أيها الزعيم، بدأ أحد أحداث مكافآت النجوم!
44e7a533b5cb079e,TID_CLANPERK_INFO_TEXT,اكتسب نقاط خبرة القبيلة وارفع مستوى قبيلتك لفتح امتيازات قوية! تربح نقاط خبرة القبيلة بالتنافس في حروب القبائل ومباريات القبائل.
573031f1bb6c0094,TID_ALLIANCE_WAR_STAT_ATTACKS_LOST,الهجمات الخاسرة
d312a9c9be0e274a,TID_MULTIPLAYER,متعدد اللاعبين
abe198a2145b5943,TID_BP_DAILY_TASKS_HEADER,التحديات اليومية
b33b67521a816a15,TID_ACHIEVEMENT_DESTROY_BUILDER,تدمير <number> من أكواخ البنّاء في معارك متعددة اللاعبين
dbd0fa66e579fa89,TID_BOOSTER_SELL_BUTTON,بيع
532cae57377ddd83,TID_CHAT_RULES_MUTE,عطل الإشعارات من اللاعبين المزعجين في المحادثة.
1af80edb9a2f5004,TID_BATTLEPASS_TASK_INFO_USE_ARCHERS,استخدم راميات السهام لربح <num> من النجوم من معارك متعددة اللاعبين.
ac24583307ade1d7,TID_BOOSTER_PET_POTION_ALT_2_LINE,جرعة الحيوان الأليف
e9594897bd5f16ae,TID_NPC21,داني بوي
418cc78f8b083da7,TID_NEW_RAID,غارة جديدة
0544706916e23e72,TID_WAITING_FOR_COOLDOWN,متاحة:
5694aa417a042d35,TID_BUILDING_DARK_ELIXIR_STORAGE,مخزن إكسير الظلام
6436eb241ccbd5e1,TID_CLANGAMES_TASK_WIN_BATTLES_USING_INVISIBILITY_INFO,اربح <num> من المعارك متعددة اللاعبين باستخدام <num2> من تعويذات الاختفاء.
2131bce527d00f1d,TID_STAR1,رائع!
c1e89efb6910f76c,TID_TUTORIAL_BUILDER_MENU,هنا يمكنك أن تجد اقتراحات لعملية البناء أو الترقية التالية!
bdf8a7121d55cf85,TID_SKELETON_GLIDER,الهيكل العظمي الطائر
9f440a3744fb9be9,TID_BB_START_ATTACK_ALL_BUILDINGS_READY,كل الدفاعات جاهزة
0ade53c2546e0823,TID_WAR_DONATE,تبرع
93a3922de14ee9e8,TID_BUILDING_XBOW2,القوس
8f1ad7c5dee9248e,TID_NPC46,قصر هائل
0fd71356a295e8bb,TID_BATTLEPASS_TASK_WIN_BATTLES_USING_INVISIBILITY,خبير الغموض
579f94f7ad1e7039,TID_DUPLICATE_SPELL,تعويذة الاستنساخ
cb135f77bbac4772,TID_HINT_GEM_MINE,أعد بناء منجم الجواهر لتبدأ في جمع جواهر إضافية!
67eca0ef9a107516,TID_BUILDING_RICOCHET_CANNON,مدفع ارتدادي
c644328fff65bdf4,TID_BUTTON_ATTACK_MODE_NORMAL,عادي
51087a87972cde01,TID_CHARACTER_INFO_GOBLIN_SHORT,خبير في الاستيلاء على الذهب والإكسير.
57ca6ea37b077b04,TID_STAR_BONUS_BOOST_INFO,مكافأة النجوم التي تحصل عليها بالفوز في الهجمات متعددة اللاعبين تمنحك <starbonus> أمثال الجوائز!
7f7788af5e0ddf8f,TID_CLANGAMES_TASK_GET_LEVELKILLS_VS_ROYALCHAMPION,قناص مستوى البطلة
95d28cfbb9384eb5,TID_OFFER_NO_STORAGE_LIMITS,تخزين بلا حدود!
8115219bb45149d4,TID_COSMETIC_ESTATE_3X3_SLANTED_HOUSE_INFO,يعمل السقف جيدًا على منع تراكم الثلج، ولكنه يجعل التزيين الداخلي أمرًا مزعجًا.
9d97e0e4580cbcbe,TID_UPGRADE_TH_LOCKED_GEARUP,لقد أصقلت أقصى عدد مسموح به من هذه المباني!
8897e55d144dc72a,TID_AIR_BLASTER_INFO,يتحكم المراقب الجوي في السماء بدفعات قوية من الهواء تعيق تقدم الأعداء الطائرين. يستطيع المراقب الجوي اتخاذ اتجاه واحد فقط؛ لذا عليك تدويره لزيادة تأثيره لأقصى حد.
153819ab22920b09,TID_DIAMOND_BUNDLE_BH3,حزمة قاعة البنّاء 3
6280af63b3fd0cae,TID_DIAMOND_BUNDLE_MAGICITEMS_STRENGTH_POTION_INFO,• <gems>الجواهر\n• <booster1>x جرعة القوة\n• لا حدود للتخزين!\n\nاحصل على أقصى استفادة من قواتك، وجرّب تشكيلات جيوش جديدة!\n\nلا تفوت هذا العرض!
67b70395fbb2dff3,TID_LAYOUTS_ALREADY_DEFENSIVE,المخطط مُعين بالفعل للدفاع
5eb5c569657f1368,TID_TUTORIAL_BATTLE_BUILDERS_2,قم بترقية أكواخهم لترى كيف يمكنهم المساعدة!
6a366c1e5751c9d1,TID_BOOSTER_ALL_HEROES_LOCKED,يجب فتح أحد الأبطال أولاً لاستخدام جرعة البطل
6c05712d2f234531,TID_ARCHER2_ABILITY_HELP,غير مرئية أمام الدفاعات طوال الثواني الـ<num> الأولى
5ead277b2e1fe330,TID_WL_STAT_POSITION7,المركز السابع
397d45f9c90159a4,TID_TUTORIAL_ELIXIR_CART_2,الدفاع الجيد مهم مثل الهجوم الجيد! الأمر عادل!
35659f092e15bef0,TID_DEVICE_LINK_ERROR_NOT_ATTACHED_TITLE,ليس ملحقًا بـ Game Center
2567380fda91ba74,TID_RES_PACK_INFO_GOLD,• <gems> من الجواهر\n• <res0> من الذهب\n\nبلا حدود على التخزين!\n\nاحصل على خصم هائل على الموارد لوقت محدود!
fca535681f4f02b6,TID_CAPITAL_RAID_ALL_ATTACKS_USED,نفدت هجماتك
40aaa50aed9a0daf,TID_CLANGAMES_TASK_USE_SUPER_MINIONS,فوضى المينيون
75da568447bc8234,TID_GOLD_PASS_PURCHASE_INFO_SCID,احصل على التذكرة الذهبية لهذا الموسم لتتمكن من فتح الجوائز أعلاه.
97eb8ca955739c49,TID_CAPITAL_PLAYGROUND_SPELL_EXPLANATION_2,تظل موجودة طوال الهجوم وأيضًا للمهاجم التالي. بعد ذلك تختفي.
ece5c0796c893dda,TID_ALLIANCE_CREATE_OK,لقد أسست قبيلة جديدة بنجاح!
35e9e46f810a6f4b,TID_CHARACTER_LAVALOON_PUP,جرو بالون كلب الحمم
e6c1d124ab1e4153,TID_CHALLENGE_NOT_AVAILABLE_IN_MODE_SCOUT,العودة إلى الصفحة الرئيسية للاستكشاف!
75cfa19228a7b104,TID_CLANGAMES_TASK_INFO_DESTROY_AIRSWEEPERS,دمر <num> من <building> في معارك متعددة اللاعبين.
839e7169f673b7b6,TID_CLANGAMES_TASK_INFO_GET_KILLS_VS_BARBARIANKING,اقض على الملك البربري الخصم <num> من المرات في المعارك متعددة اللاعبين.
469b1237ff3510da,TID_ACCOUNT_LOCKED_TEXT2,أدخل رمز إلغاء القفل هنا:
3941897433840a05,TID_SETTINGS_DARK_CLOUDS,إظهار السحب السوداء خلال المطابقة
5f005edc913abd3b,TID_SELFHELP_UNAVAILABLE,المساعدة والدعم غير متاحَين الآن. يُرجى المحاولة لاحقًا.
9d959166f596acc8,TID_BOOSTER_LAB_OFFER_INFO,<num> من جرعات الأبحاث. سيُجري معملك الأبحاث بسرعة مضاعفة <multiplier> من المرات لمدة <time>.
803541f0f3ace703,TID_DIAMOND_BUNDLE_MAGICITEMS_HEROES_BOOK_WITH_ELIXIR_INFO,• <res0> الإكسير\n• <booster1>x كتاب الأبطال\n• لا حدود للتخزين!\n\nكل ما تحتاجه لترقية الآمر الكبير!
9f3305200a0949ad,TID_CAPBUILD_BARRACKS_MEGAPEKKA_INFO,كيف يدخل بيكا القوي إلى الداخل؟ هل يدخل كقطع؟
dacc4b7ac95c6dbe,TID_CHARACTER_ICE_SPIRIT,كريات الصقيع
319502bb1a412cc3,TID_WEAPON_INVISIBILITY_SPELL,برج تعويذة الاختفاء
2a24ef56493c8551,TID_LEAGUE_BRASS2,دوري النحاس الأصفر 2
a53b260f0ca65327,TID_LEAGUE_INFO_LOOT_BONUS3,الاشتراك في الدوري سيمنحك غنيمة إضافية على كل انتصار!
5b52a05a1e7071d3,TID_CLAN_ACCESS_DISABLED,تفاعلات القبيلة غير متاحة لمدة <time>
ad3556bf3d073077,TID_BP_REWARD_CLAIMED,حصلت على هذه المكافأة بالفعل.
b93c9a5744727bdf,TID_REGULAR_THEMED_BUILD_OFFER_INFO_TH0206_999,• <res0> ذهب\n• <booster1> من جرعات البنّاء: لتسريع عمل البنّائين بسرعة أكبر 10 مرات لمدة ساعة.\n\n• لا حدود للتخزين!\n• يمكن شراء هذا العرض 4 مرات خلال الفترة المحددة\n• استغل هذا الوقت لترقية دفاعاتك!
2e6777667359404f,TID_CAPITAL_TUTORIAL_7,قمة العاصمة بها كل ما تحتاج إليه. ينبوع ساخن، وحجرات مريحة، وقاعة العاصمة.
711e9ffaefd90162,TID_SETTING_AUTO_TRAIN,تدريب الجيش المستخدم تلقائيًا
0abb0c5ae355224c,TID_LEAGUE_DIAMOND,الدوري الماسي
b2a17dd59aff0024,TID_BOB_TASK_TROOP_FLUFF,قد تبدو دراسة القوات الأخطر كطلب غريب لبناء إنسان آلي مسالم، وهي كذلك بالطبع.
1626a8a6873e30d3,TID_HINT_LOOT_CART,اجمع عربات الغنائم لاستعادة الموارد المفقودة على الدفاع.
66b1a1269c7e5d32,TID_GEAR_INFO_ANGRY_TOME,تلحق الوحدات الودية القريبة ضررًا إضافيًا.
161a28fbb0c8de8b,TID_FACEBOOK_BOUND_TO_OTHER_ACCOUNT,حساب Facebook هذا مرتبط حاليًا بلعبة Clash of Clans أخرى. هل تريد ربطه بلعبتك الحالية بدلاً من ذلك؟
4d8e64aa46247850,TID_TYPE_ACCEPT_CLAN_INVITE_WHILE_IN_CLAN_TITLE,مغادرة قبيلتك
459393e216408bba,TID_INVALID_PLACEMENT_CAPITAL,انشر القوات في المنطقة البيضاء!
f166df16fc23b579,TID_DIAMOND_BUNDLE_MAGICITEMS_TROOP_LEVEL_PACK,مجموعة ترقية القوات
472277e87a6bcc0c,TID_STARTER_TH5_DESTROYANY,دمر أي شيء
94eb3185a3661b25,TID_CANNOT_SWITCH_TO_ACCOUNT_WITHOUT_TENCENT_ID,تم العثور على قرية الزعيم <name> بقاعة مدينة من المستوى <number>! أتريد تحميلها بتسجيل الدخول عبر حساب WeChat أو QQ المسجل؟
221bec85170ccd84,TID_DEVICE_LINKED_MAIL_ITEM,تم ربط جهاز جديد بقريتك.
092354a286f84f56,TID_TUTORIAL_FORGE_CRAFTING_2,سيستغرق الأمر بعض الوقت، ولكن يمكن أن يساعد على بناء العاصمة الخاصة بك بشكل أسرع!
4e1c2ff65832fde1,TID_NEWS_ACCOUNT_TRANSFER,احصل على إصدار CoC الصيني الرسمي!
e4d95e77d7e62ac9,TID_SHIELD_POPUP_NONE_TIP,نحن غير محميين! جهّز الدفاع!
f4a332de330e5f86,TID_POPUP_HEADER_ABOUT_TO_BOOST_HERO,تسريع معدل الشفاء!
671dd75cf0a8a7ee,TID_BOOST_ALL_DARK_ELIXIR,كل مستخرجات إكسير الظلام
6822915e48cf5350,TID_BUTTON_USE_FILL_STORAGE_BOOSTER,الملء
dea817f17f87fbaa,TID_CLANGAMES_TASK_CLEAR_OBSTACLES,ممارسة الزراعة
fb2553bb4d737151,TID_UPDATE_REQUIRED_TO_CONTACT_SUPPORT_TITLE,مطلوب التحديث
8bd84745c60aff1d,TID_BATTLEPASS_TASK_INFO_WIN_BATTLES_USING_DRAGON_RIDER,استخدم راكبي التنانين لربح <num> من المعارك متعددة اللاعبين.
b72f5cafe129088b,TID_BUTTON_UPGRADE,ترقية
a162bd7651a590d4,TID_SPOOKY_SCENERY,المنظر المخيف
59fd15ab5fd3e06b,TID_NEWS_TH11_UPDATE_OVERVIEW_TITLE,واحد من أكبر تحديثات Clash على الإطلاق!
43acf91259bae9e0,TID_CLASHMAS_CAMPAIGN_TITLE,احتفال Clashmas سعيد!
5c7ec6634d74ea55,TID_CLAN_WARS,حروب القبائل
78413a4a0f9fce64,TID_HINT_AIRGROUND_MINES,يمكن ضبط إعدادات الألغام والألغام العملاقة بحيث تدمر إما القوات الأرضية أو الجوية.
d9745d4aa49d44a5,TID_GIANT_CANNON_INFO_SHORT,مدفع هائل ينثر القوات الخفيفة مثل الدبابيس.
ccf1829390e74be2,TID_NEWS_UPDATE_DARK_SPELLS_TEXT,
105a22a9f74eaaf9,TID_PLAYER_HOUSE_YOUR_INFO,منزلك بعيدًا عن القرية الأم. تعالَ لتشاهد المنظر الخلاب، وابق هنا لرؤية الغارات المذهلة.
5633f9c2395f52f6,TID_NAME_ALREADY_CHANGED,يمكن تغيير الاسم مرة واحدة فقط.
ca2e825b9f5d1bd9,TID_TUTORIAL_WAR_LEAGUE_1,لقد نجحنا، أيها الزعيم! وصلنا إلى دوريات الحروب!
8e42cae54d9acf62,TID_ATTATID_POPUP_CONFLICTING_ACCOUNT_TEXT,الحساب الذي تحاول تسجيل الدخول به مختلف عن الحساب المخزن محليًا، هل تريد التبديل إلى الحساب الجديد؟
3e20ea1c733c1a4a,TID_HINT_CLAN_REINFORCEMENTS,استخدم قلعة القبيلة لطلب التعزيزات من زملائك في القبيلة!
6b172c4e40f53232,TID_GAMES_GET_GEM_ALTERNATIVE_TEXT,لا توجد مساحة كافية لهذه الجائزة في مخزن عناصر السحر لديك. أتريد الحصول على <amount> من الجواهر بدلاً منها؟
f51d563ff2d320b9,TID_NPC_CHALLENGE_INFO_AIR_SWEEPER,داهم القاعدة من خلف <cf70d16>المراقب الجوي</c>.
ec74a53d9b637128,TID_STARTER_TH2_CLAIMACHIEVEMENT,مكرس للأهداف
eb54ed62bd616856,TID_CAPITAL_UPGRADES,ترقيات العاصمة
faa07a2fb8e68c9b,TID_CAN_COPY_ONLY_SAME_CH_TO_YOUR_OWN,لا يمكن نسخ المخطط إذا لم يتطابق مستوى قاعة العاصمة مع مستوى قاعة العاصمة لديك.
440d8c10b38118e9,TID_HINT_CLAN_TROOP_DEPLOY,يمكن لقوات تعزيز قلعة القبيلة الدفاع عن قريتك من هجوم العدو، أو يمكنك نشرها عند الهجوم
341e0980457847d8,TID_NOT_ENOUGH_BOOSTER_SPACE,لا توجد مساحة كافية. استخدم العناصر السحرية الموجودة بالفعل أو قم ببيعها لتوفير مساحة.
513e51a739d998a6,TID_TRAP_TRIGGER_RADIUS,تفعيل المدى:
e0269ecc706881d6,TID_SHIELD_POPUP_SHIELD_TIP,نحن آمنون، مؤقتًا. اهدأ أو هاجم!
175855b8da1d6bc4,TID_BATTLERAM,مِدَق المعركة
5a6d1a31852945e6,TID_NUMBER_SEVEN,7
d6f6b3d8290770ad,TID_SPEED_UP_CRAFTING,هل تريد الانتهاء من صياغة ذهب العاصمة الآن؟
a2b3d99c35b38b5b,TID_CAPITAL_JUMP_INFO,هل هناك جدران ومياه تعترض طريقك؟ ألقِ هذه التعويذة عليها لإنشاء طريق مباشر فوقها. سوف تقفز قواتك كما لو لم يكن هناك شيء في طريقها!
25bdaef14a0b5f87,TID_PROFILE_LEGEND_RANK,رتبة
8c3b781a400c1dd0,TID_LINK_DEVICES_ENTER_CODE_KUNLUN_TEXT,يمكنك العثور على رمز الربط من قريتك بالانتقال إلى الإعدادات - ربط جهاز. راجع العرض التوضيحي للوصول إلى دليل مفصّل!
b4c8c8c1807e79fe,TID_BP_PERK_MAXIMUM_QUICK_DONATE,تبرعات الجوهرة الواحدة نشطة
af742caf0392a34b,TID_WL_TAB_CLAN_MEMBERS,قبيلة
8843bcca0d0b51f6,TID_SHOP_TITLE,المتجر
ee97604d41a37f05,TID_CHARACTER_GIANT_ACTIVE_INFO,يحجب الضرر كله لمدة <num> ث عند تفعيله.
338df14b44314794,TID_SUPER_DRAGON,التنين الخارق
361db1e15abe4b99,TID_BATTLEPASS_TASK_WIN_BATTLES_USING_NIGHTWITCHES,أسراب الخفافيش
4b94b57c0c71ab02,TID_TEST_PACK_RES_FOR_BOTH_VILLAGES,حزمة اختبارية لموارد القريتين من قاعة المدينة
20af2a5580a96e5d,TID_OBSTACLE_LNY2024,صندوق بريد الحظ
6e335db17c891587,TID_MULTIPLAYER_STAR_BONUS_BOOST_ACTIVE,<c66CC00>تعزيز مكافأة النجوم ذو <num> أمثال!</c>
7630145714801deb,TID_TOTAL_HERO_HEAL,إجمالي شفاء الأبطال: <number>
571261ae4525e84c,TID_BUTTON_GEAR_UP,إصقال
ac9bf99b9c4b4259,TID_DECO_COZY_CLAM_INFO,محارة الاسترخاء المكان المثالي للشعور بالراحة والحلم بالكنوز المخفية في أثناء لعب Clash على جهازك القابل للطي.
d18416c5d91f8ca9,TID_CLANGAMES_TASK_DESTROY_BB_GUARDPOST,إخلاء المواقع من الحراسة
900492cabe6de06a,TID_CHARACTER_SIEGE_BATTLE_DRILL_INFO_SHORT,يضرب من الأسفل ليضعف الدفاعات.
1f9a0cec3d5f6aa9,TID_WAROPTIN_LEAVE,المغادرة
0582045da5db4254,TID_BOB_TASK_HEROES_FLUFF,اختبار الأبطال الأقوياء سيمنح البنّاء الخبير المعرفة المطلوبة ليصبح بوب البنّاء روبوتًا قويًا ومستقلاً.
9014989de29b4b38,TID_NPC_CHALLENGE_TH6_GIWIWA_GIANT,انشر <c54a0fe>عملاقًا</c> لحماية <c54a0fe>مدمري الجدران</c>.
a7f058786601e9d8,TID_FRIEND_LIST_ITEM_SENT,تم إرسال الطلب
e5fb5284dc9d6427,TID_NEWS_CHALLENGE_PREVIEW_TITLE,قريبًا: التحديات الودية!
f9e6d177dbefa96e,TID_LEAGUE_PLATINUM1,الدوري البلاتيني 1
ab32d82b0b5d223b,TID_OFFER_CW_TITLE,حزمة حروب القبائل
193bec8a4f39307d,TID_HINT_AIR_DEFENSE_TARGET,يظهر تأثير صواريخ الدفاعات الجوية ضد الوحدات الطائرة فقط
44c8c9381e3f8f0d,TID_BOOSTER_PET_POTION_OFFER_INFO,<num> من جرعة الحيوان الأليف - ستجري ترقية الحيوانات الأليفة أسرع بمعدل <multiplier> مرة/مرات لمدة <time>.
3ef5f4d38379cae9,TID_BROKEN_BUILDING,مبنى محطم
2f3323b435fd1984,TID_CLANGAMES_TASK_DESTROY_ELIXIRSTORAGES,غارة مخزن الإكسير
665c01a8a641c971,TID_TUTORIAL_ELIXIR_STORAGE_2,فلنقم ببناء مخزن إكسير حتى نتمكن من تخزين الأشياء!
4a39d8e164a88fb4,TID_POPUP_MAX_OUT_ARMY_TITLE,هل تريد تعزيز القوات والتعويذات؟
5266d648948eddcc,TID_REVENGE_NOT_AVAILABLE,الانتقام غير متاح
a2d690425077bdd9,TID_ERROR_POP_UP_PERSONAL_BREAK_MULTIPLE_FINAL,تم تمديد الاستراحة الشخصية الخاصة بك عدة مرات ولكن ستتم إعادة تعيينها الآن. لتجنب هذا في المستقبل، احرص على أن تكون قاعة المدينة الخاصة بك محمية وحاول زيادة عدد كؤوسك.
f9e9d6128d6cb1dc,TID_MAP_LOCATION_9,بحيرة الحامض
50a21da71d7ebe2b,TID_POPUP_TRY_AGAIN,الوقت المقدر المتبقي:
3d6d9f40fc4d312b,TID_EDIT_MODE_TIP_WALLS,اسحب من السهم لبناء الجدران
49977c2efe42d12c,TID_WL_SELECT_BONUSES_TEXT,اختر الأعضاء الذين يستحقون مكافأة أوسمة الدوري. ستعلن المحادثة عن من اخترتهم للقبيلة. تُمنح المكافآت الإضافية نيابة عن القبيلة وتُوزع مرة واحدة فقط في كل موسم دوري، فاختر بعناية!
701d8db02f2e2506,TID_GEAR_INFO_IRON_FIST,لإلقاء تعويذة الغضب على الملك البربري.
cec74762022804e1,TID_BUILDER_BASE_CAMPAIGN_TITLE,تحدي الصفقات
67dd004145620ad4,TID_BP_PERK_NEEDS_PREMIUM_SEASON_BANK,تتم الترقية باستخدام التذكرة الذهبية
5e48de580e24cac0,TID_DIAMOND_BUNDLE_MAGICITEMS_HERO_LEVEL_PACK,مجموعة الترقية الملكية
fd5d184021e812d3,TID_COSMETIC_ESTATE_3X3_SLANTED_HOUSE,منزل مائل
f96a7765df76b658,TID_CHARACTER_ELITE_WALLBREAKER,مدمر الجدران الخارق
89e61ecabf485604,TID_PET_DESCRIPTION,أقوى المرافقين لأقوى الأبطال!
2a298c74e79bd021,TID_BP_PERK_SAVINGS_MULTIPLIER_BB_DESC,يمتلئ بنك البنّاء بـ <num> من أضعاف كمية الغنائم المكتسبة.
f3935ebb8573c9e9,TID_BB_LEAGUE_DETAILS_DEFENCE_COLUMN,الدفاع
68a814496b6ecfd8,TID_AVATAR_MESSAGE_SUBJECT_GEM_DONATION,تلقيت <amount> من الجواهر
f754c3b6f6db3989,TID_CASTLE_FULL,القلعة ممتلئة
d67fe4d8dac4e76b,TID_CLANGAMES_TASK_DESTROY_ARCHERTOWERS,هجوم برج راميات السهام
3ba179513ad10937,TID_POISON_CLOUD_TOWER,تعويذة سم البرج
4dc577b86e091bfb,TID_6ANNIVERSARY_OFFER_MAGICITEMS_BOOK_AND_GOLD_INFO_999,• <res0> ذهب\n• <booster1> من كتب المباني: أكمل أي ترقية مبانٍ على الفور.\n\n• تخزين بلا حدود!\n• يمكن شراء هذا العرض 20 مرة!\n\nاحصل على مجموعة الذكرى السنوية الآن. متوفرة لفترة محدودة فقط!
a43a5ac415d1694d,TID_TUTORIAL_ARTO_START_2,حسنًا، آه... غيرت رأيي. أنا سعيد هنا مع أوتو.
f0d3a275e52b9ab5,TID_BATTLEPASS_TASK_WIN_BATTLES_USING_GOLEMS,الانتصار الساحق
ca0aebfba54b5721,TID_HERO_ABILITY_ROYAL_CHAMPION_DESC,تلقي البطلة الملكية درعها على أقرب دفاع فتلحق به ضررًا. يرتد الدرع بعد ذلك نحو الدفاعات القريبة ملحقًا ضررًا إضافيًا.
caa9093c14de7d93,TID_DOUBLE_CANNON_INFO,مدافع مزدوجة وضربات مزدوجة من كل مدفع، مضاعفة الضربات ستزيد المشكلات!
a5cf0c611eba53fe,TID_CHALLENGE_ATTACK_CODE_HINT,تحد صديقًا ليهاجم قريتك بهذا الكود! يمكن لأصدقاء Clash لديك أن يقبلوا مباشرة هذا التحدي من قائمة الأصدقاء لديهم.
b3dab4e0863a06ba,TID_SUPPORT_CREATOR_CODE_SET,أنت الآن تدعم <name>
51dae70399a7a6a6,TID_EVENT_CHRISTMAS_TRAP_UPCOMING,اليوم الثاني من Clashmas
7109ccf7e0e29d66,TID_LEAGUE_CLAY1,دوري الطين 1
867059a4dddb269c,TID_REPAIR_CLAN_CASTLE_TITLE,إعادة بناء قلعة القبيلة
b115ba7c87cbca52,TID_CHARACTER_INFO_ICEGOLEM,يتصف غولم الجليد بشخصيته المرعبة وافتقاره إلى حس الدعابة. يكسو كل شيء يلمسه بطبقة من الجليد، كما يجمد الأشياء المحيطة به عند تحطمه، ويتجمد عندما يتحدث إليه الآخرون في الحفلات. عند الدفاع، يكون مفعول تجميده أقل ويدوم مدة أقصر.
5482eeff670b338c,TID_NEWS_SPELLS_TEXT,تعويذة البرق\n* تعويذة البرق من المستوى 7 تتلف المباني والقوات على حد سواء\n* ضرر متزايد لتعويذة البرق من المستوى 5 و6\n* صواعق تعويذة البرق أصبحت تضرب بالقرب من بعضها لتقليل الخطأ\n\nتعويذة السم\n* القوات داخل تعويذة السم تتلقى الآن ضررًا أقل في البداية، لكن أكثر بكثير بمرور الوقت\n* ضرر تعويذة السم يتزايد الآن بكميات ضخمة ويستمر بعد الخروج من التعويذة\n* تقلل تعويذة السم الآن أيضًا معدل الهجوم للقوات المدافعة\n\nتعويذة الزلزال\n* تسبب تعويذة الزلزال ضررًا أكبر بكثير، بغض النظر عن نقاط الإصابة الحالية للمبنى\n* تسبب تعويذات الزلزال المتكررة الآن ضررًا ساحقًا للمباني نفسها\n* أربع تعويذات زلازل ستظل قادرة على تدمير الجدار من أي مستوى!
4e6e368a4688ff07,TID_ATTACK_WON,لقد ربحت
29c7563a92740db5,TID_INFO_TAGS_PLAYER,اختر <max> من الفئات كحد أقصى لوصف أسلوبك في اللعب.
fd94e0f7c3f5a53e,TID_HINT_CLAN_CHAT_PROFANITY_FILTER,يمكنك تفعيل فلتر الألفاظ النابية في محادثات القبيلة من قائمة الإعدادات.
ffc590aa7fbe49d4,TID_GINGERBREAD_CHAMPION,بطلة كعك الزنجبيل
d54f3c5ac0b58de3,TID_BOOSTER_FREE_HERO_UPGRADE_ALT_2_LINE,مطرقة الأبطال
02eb35f90f02b8e8,TID_CAPITAL_ARMY_SAVE_PENDING,يرجى الانتظار. جارٍ حفظ جيش العاصمة
5d9fdbbf6ccfb236,TID_SHIELD_POPUP_SHIELD_DESCRIPTION_1,الدروع تمنع هجمات الآخرين. الدروع لا تتأثر باستكشاف الأهداف في متعدد اللاعبين أو الانتقام، لكنها ستتناقص إن بدأت هجمة.
9ad81c7361dd12b6,TID_KUNLUN_APP_STORE_BAIDU,Baidu
1b6a30c38ac3863e,TID_CLANGAMES_TASK_USE_CANNONCARTS,نزهة عربة المدفع
2491bca20d2e3f92,TID_CHARACTER_SUPER_VALKYRIE_INFO,فالكيري الخارقة ليست فقط أقوى من فالكيري العادية فحسب، بل أكثر غضبًا أيضًا.
bd324168f9a66ab6,TID_CLAN_MEMBER_NOT_DOING_CHALLENGE,<name> لا يعمل على أي تحدي.
c39d626eae9ae1f2,TID_TUTORIAL_ATTACK_DONE2,هكذا نحسم الأمور! صاحب الهجوم الأفضل يفوز بالجائزة. السرقة ممنوعة - نعدها \qعيبًا\q.
27a84a1bf5133f1a,TID_LEAGUE_MASTER1,دوري الأساتذة I
e7e67e9582cc2395,TID_HERO_ABILITY_USED,لقد استخدمت القدرة بالفعل!
7250eafa04810fe7,TID_SETTINGS_2_ROW_DEPLOYMENT_BAR_INFO,عند التشغيل، سيتم استخدام شريط نشر بضعف الارتفاع في هجمات القرية الرئيسية.
f3a947b0670eea33,TID_FRIENDLY_WAR_PARTICIPANTS,المشاركون في الحرب الودية
b8f21897ab079efc,TID_REENGAGEMENT_LAB_DID_UPGRADES_NONE_LEFT_2,سمعت إن السحرة أتموا للتو آخر مشاريع البحث المتاحة.
465cf13d02d4d505,TID_MEMBERS_SORTED_BY_REPUTATION,حسب السمعة
c8ac2e5d39df69d0,TID_AIR_DEFENSE_SMALL_INFO_SHORT,لإطلاق وابل مشتعل من صواريخ المفرقعات على الخصوم الطائرين.
546a05df3f9e5b7a,TID_CHARACTER_INFO_PUMPKIN_BARBARIAN,من كان يظن أن ثمار قرع العسل تلك مصممة لاستخدامها كدرع مؤقت جيد؟ توفر خوذات قرع العسل لهؤلاء البرابرة العاديين بعض نقاط الإصابة الإضافية حتى يتم تدميرهم.
87a7b0025002f488,TID_TUTORIAL_MERGE_3,أتطلع إلى رؤيته وهو يدافع عن القرية.
1e39822ebfd02957,TID_ERROR_POP_UP_OUT_OF_SYNC_BUTTON,إعادة تحميل اللعبة
b731228ba7744d49,TID_REMOVE_SHIELD,إزالة الدرع
2d79bd7f6c8362ee,TID_BATTLEPASS_TASK_WIN_BATTLES_USING_LOONS,مسيرة النصر
64a06bf8bc7f5af5,TID_PASSIVE_ABILITY,قدرة خاملة
ff230b0b2450976d,TID_AVATAR_MESSAGE_TEXT_THANK_YOU_FOR_REPORTING,اللاعبون الذين ينتهكون سياسة اللعب الآمن والنزيه الخاصة بنا يفسدون اللعبة على الجميع، وقيامك بالإبلاغ يساعدنا على التعرف عليهم.\n\nفي حين أنه لا يمكننا تقديم تفاصيل محددة عن العقوبات المطبقة على الحساب، نؤكد على اتخاذ إجراءات ضد حساب اللاعب الذي تم الإبلاغ عنه مؤخرًا. ساعدنا إبلاغك على جعل لعبة Clash of Clans بيئة أكثر ودية للجميع.\n\nإذا صادفت المزيد من السلوكيات السيئة، نأمل أن تواصل مساعدة المجتمع بإبلاغنا.\n\nمع تحياتنا،\nSupercell
2986e6dd4f79299f,TID_ME_BONUS_POINTS_TITLE,<soft_currency>
aea1fcf892c7650c,TID_ENDOFSUMMER_OFFER_INFO_9999_4999,• <res0> إكسير الظلام\n• <booster1> من كتب الأبطال: أكمل أي ترقية جارية للأبطال فورًا.\n• <res1> ذهب\n• <res2> إكسير\n\n• تخزين بلا حدود!\n• يمكن شراء هذا العرض مرتين!\n\nالآن لفترة محدودة فقط!
6e834ffd67331771,TID_REINFORCEMENTS_ARRIVING,ستصل التعزيزات بعد:
d893c46c3a5f2e7c,TID_PET_WALLBUSTER,الثور الأليف
d5fa65fdf70fcfac,TID_BB_LOOT_CART_POPUP_TEXT,جوائز الدفاع التي تم جمعها
e7eb3cff7a1eac66,TID_ALLIANCE_WAR_ENDED,انتهت الحرب
6b74c29db3e2769d,TID_ALLIANCE_WAR_EDIT_MEMBERS,اختيار المشاركين في الحرب
5217efaf46d42e25,TID_REPLAY_NOT_AVAILABLE,إعادة العرض غير متاحة
77ae7726c14bfca6,TID_RIVER,نهر
625cf349d236bc3a,TID_REPLAY_FAILED,حدث خطأ ما في عرض إعادة العرض.
1a7482fb0d8be826,TID_TENCENT_LOGIN_PROMPT_BLOCKED_NONE,طبقًا لآخر قواعد الحماية من الإدمان، لن يكون بإمكانك إتمام عملية التحقق من الهوية عند تسجيل الدخول عبر حساب ضيف، وستكون مدة اللعب المسموح بها محدودة في ساعة واحدة كل 15 يومًا.\n\nللاستمرار في اللعب، ننصحك بشدة بتسجيل الدخول عبر QQ أو WeChat وإتمام عملية التحقق من الهوية.
6cac80a2a974fe06,TID_WAR_INFO,كل حرب ملحمية ليومين تفوز بها القبيلة التي تحرز أكثر النجوم. الغنيمة الإضافية وجوائز نقاط الخبرة في انتظار القبيلة المنتصرة. قم بزيادة الغنيمة الإضافية عن طريق الفوز بالهجمات، لكن ستخسر أغلبها إن خسرت قبيلتك الحرب! في حالة التعادل، فإن القبيلة صاحبة إجمالي التدمير الأعلى في أفضل الهجمات ستكون هي المنتصرة.
c83fdd9fddd69d0f,TID_ALLIANCE_GAMES_PERSONAL_PROGRESS,نتيجتك:
ccc75aed34968b1b,TID_CLANGAMES_TASK_WIN_BUILDERBATTLES,انتصارات معركة البنّاء
bfb56be1f92e4ea9,TID_ACHIEVEMENT_TOWN_HALL,ترقية قاعة المدينة إلى المستوى <number>
5f14d35e4b567df3,TID_CLANGAMES_TASK_WIN_STARS_USING_RAGE_INFO,اربح <num> من المعارك متعددة اللاعبين باستخدام <num2> من تعاويذ الغضب.
50690e3f17275e55,TID_REPAIR_PER_SECOND,الإصلاح في الثانية: <number>
046380cd511e1e77,TID_TUTORIAL_STARTER_CHALLENGE_4,هنا ترى عدد النقاط المطلوبة لكل جائزة.
9b2a699d82ff41fe,TID_WL_STARS_BREAKDOWN_TEXT,من الهجمات: <num>\nمن انتصارات الحروب: <num2>
3a3b83d2ac7bbd74,TID_TUTORIAL_WAR_MAP_FRIENDLY_1,لقد وصلت أخيرًا أيها الزعيم! مرحبًا في منطقة الحرب!
a1cf96501c1b2afb,TID_FEEDBACK_INFO6,\n
5f2c440b8b06328c,TID_BUTTON_SELL,بيع
e779201a86bfb428,TID_CHARACTER_INFO_SIEGE_MACHINE_CATAPULT_SHORT,احرق القواعد وحولها إلى رماد عن بُعد.
864787f716c86abe,TID_DECO_HILL_3,سفح الجبل
fdf2587e6cad1b33,TID_STAGE_BUILD_LIMIT_REACHED_DEFENSE,لديك بالفعل الحد الأقصى من <number> من الدفاعات في المرحلة <stage>.
7253df82def977fd,TID_HINT HERO_ARCHER_QUEEN,الملكة رامية السهام هي محاربة بنظر ثاقب بارعة في استخدام قوس معدل مصغر.
db6e193479e45d24,TID_CHARACTER_SKELETON_BARREL,برميل الهياكل العظمية
28dc3b24f3d7c4d2,TID_DIAMOND_GIFT_RECEIVED,حصلتَ من هدية القبيلةَ على <number> من الجواهر!
da8539414acecaf5,TID_DECO_RUIN_OLD_TOMBS,المقابر القديمة
0340964b2de015cf,TID_YOU,أنت
0de7018c93cb3a9b,TID_OBSTACLE_XMASPRESENT,هدية
06cec496a160242d,TID_NPC_CHALLENGE_TH11_EDRAG_BATTLE_BLIMP,استخدم <c54a0fe>منطاد المعركة</c> لإرسال <c54a0fe>التنين الكهربي</c> إلى المركز لتدمير <cf70d16>مدفعية النسر</c>.
672d0f0420ab8178,TID_SPELL_IMMORTALITY_INFO,اجعل قواتك لا تُقهر في أي مكان في الميدان!\n\nألقِ هذه التعويذة على مجموعة من القوات لتجعلها محصنة تمامًا ضد التعرض للضرر لبعض الوقت.
0cbcd8f561f383f0,TID_PLAYER_PROFILE_TROOPS_VILLAGE2,قوات قاعدة البنّاء
6f235a1ce170c044,TID_TENCENT_LOGIN_THIRDPARTY,《第三方信息共享清单》
783ab51dd9f2be69,TID_TAB_ESPORTS,Esports
9be7a58d9d2dce0d,TID_SUPER_BOWLER,باولر الخارق
5b7da41e8db3c0a4,TID_CLANGAMES_TASK_GET_LEVELKILLS_VS_GRANDWARDEN,قناص مستوى الآمر
5348f3ef594581a1,TID_ACHIEVEMENT_PEKKA_SLAYER,اهزم الأم في خريطة الحملة
19652a3beba7c0fc,TID_FRIENDS_ONLINE,عبر الإنترنت
76988bf4b4ba8a44,TID_ALLIANCE_WAR_TOTAL_DESTRUCTION,<enemy> إجمالي الدمار <friendly>
d3d87e10a480ed8b,TID_PRODUCTION_RATE_PER_DAY,معدل الإنتاج: <number> في اليوم
7612b87673d4568a,TID_REENGAGEMENT_APOLOGY_6,حدثت أشياء كثيرة في غيابك. لنقابل الجميع!
01d75f7a1fd3fa22,TID_DEVICE_LINK_ERROR_ALREADY_BOUND_TO_ALL_PLATFORMS_TITLE,تم الربط بالفعل
58f18fa28553d15c,TID_EVENT_TRACK_REWARD_INFO_SPELL_NOT_AVAILABLE,التعويذات المؤقتة لم تعد متوفرة.
32824ba5ed02263a,TID_WL_LEADERBOARD_BRACKET_POS7,المركز 7 في المجموعة
20abd55743ff176b,TID_GINGERBREAD_KING,ملك كعك الزنجبيل
d762f606f8676749,TID_TRAP_EJECTOR_INFO,هذا الصغير سيطرد الزوار غير المرغوب بهم من ممتلكاتك!
63ee3cb90053cf1a,TID_TRAP_REPAIR_COST,تكلفة إعادة التسليح: <number>
cbda02fbc951cc60,TID_DIAMOND_BUNDLE_BUILD_PACK,مجموعة البناء
2c26d8af2bc8161b,TID_POPUP_GIFT_RECEIVED_BUTTON,موافق
40aca1c9d51dcc1b,TID_LOCAL_NOTIFICATION_EVENT_XMAS_2,يا زعيم، يستمر Clashmas مع فخ التجمد - اطّلع عليه!
e6e948376e161f92,TID_CONFIRM_WANTS_SUGGESTED_PLAYERS_TEXT,بما أنك لم تلعب من فترة، هل ما زلت تريد أن تظهر في اقتراحات الأعضاء للقبائل؟
b94106db32be59b1,TID_BUILDING_SPELL_TOWER_INFO,لسنوات عديدة جلب السحرة السحر إلى ساحة المعركة بضرب الكرات النارية، واحدة في المرة. الآن صارت لديهم أساليب آلية بالكامل لمنح قريتك وسائل أكثر لردع المهاجمين بالسحر!
a7d9febb8f11d2a0,TID_TUTORIAL_MERGE_2,نأخذ دفاعين عاديين وندمجهما في شيء واحد أقوى.
ac633f192353c4f6,TID_NPC_CHALLENGE_DEPLOY_ARCHER_QUEEN,انشر <c9916c8>الملكة رامية السهام</c>.
00542a9d89b18da7,TID_STAR_BONUS_HELP_TITLE,مكافأة النجوم
150724f10b1ac8f3,TID_LEGENDS_MP_SUMMARY,سجل المعارك
7286c0a61baaff5b,TID_NPC69,أحد الشرين
bc3eb682734ca1a4,TID_EVENT_ARMYSPELL_BOOST,تسريع الجيش بجوهرة
16ae4bc8d46b120e,TID_CONFIRM_DEVICE_LINKING,تأكيد الربط
2b5cfe18be8510cd,TID_BOOSTER_FINISH_ANY_UPGRADE_INFO,يمكن استخدام هذه الموسوعة السحرية القوية للغاية لإنهاء أي عداد ترقية زمني على الفور. تعمل في كلتا القريتين.
4262092a91362bb0,TID_LEADERBOARDBANNER_PLAYERTOURNAMENTS,بطولة دوري الأسطورة
c6abbd611eb2ebad,TID_BATTLEPASS_TASK_INFO_USE_DROPSHIPS,استخدم مناطيد الإسقاط لربح <num> من النجوم من معارك البنّاء.
e116affb9aa539c8,TID_HOUSING_VILLAGE2,الوحدات في كل معسكر:
40127cf8eec250f6,TID_ACHIEVEMENT_LOOT_ELIXIR_COMPLETED,إجمالي الإكسير المسروق: <value>
1cc11bc1dbc306ff,TID_NO_MORE_CALL_FOR_TARGETS,لقد طالبت بهذا الهدف بالفعل
155048f5d9b4a1e3,TID_COSMETICS_SKIN_FEATURES,يتضمن المظهر:
f3615e764c46eaee,TID_NPC_CHALLENGE_TH11_EDRAG_RAGE1,استخدم <cf07bf8>تعويذة الغضب</c> لزيادة قوة الهجوم.
ab1e920218797541,TID_TUTORIAL_DEFEND_2,نجونا! كانوا على وشك هزيمتنا. شكرًا يا زعيم!
bd6321b6e9302e75,TID_CLANGAMES_TASK_USE_SIEGE_BARRACKS,الحصن الطائر
4868a4f33252aec8,TID_HERO_INSTRUCTIONS_QUEEN,هذه الصيادة الرشيقة بارعة في استخدام القوة المدمرة، رغم تواضع صحتها. تقتنص الأهداف في منطقتها عند الدفاع، ويمكنها التسبب بدمار مخيف وتحرك سري عند الهجوم بمجرد فتح قدرة العباءة الملكية!
041ec84049f1f390,TID_TREASURY_CAPACITY,<resource>: <number>
e2f17b63ebe8756a,TID_PEKKA,بيكا
43eb943e84fd19e4,TID_ALLIANCE_DATA_FAILED_LOAD_FAILED,لا يمكن تحميل معلومات القبيلة.\n\nيُرجى المحاولة مرة أخرى لاحقًا.
3aad367c984a2c2c,TID_CAPBUILD_BARRACKS_MEGA_SPARKY,ورشة سباركي العملاق
52b5a504600f08a4,TID_WL_BREAK_DAY_INFO,كل قبيلة في مجموعتك لديها يوم عطلة واحد في هذا الموسم. واليوم حان دورك لتستريح!
6ffe3c011b06f363,TID_GOLEM_KING,ملك الغولم
0fdd5df9e666c3bc,TID_DIAMOND_BUNDLE_TH13_INFO,• بطلة ملكية من المستوى 3\n• <res0> إكسير الظلام\n\nلا توجد حدود لوقت البناء ولا حدود للتخزين!\n\nلا تفوت هذا العرض الذي يمنح <cffec78><value>X من أمثال القيمة</c> ويأتي مرة واحدة!
76857589d2163fe7,TID_HINT_LEAGUE_SHUFFLING2,يستمر موسم كل دوري لشهر.
5420c992fb54b308,TID_PRESET_LOAD_OK,تمت إضافة الجيش إلى طوابير التدريب!
19222a7122a910e3,TID_DIAMOND_BUNDLE_BUILDER_INFO,تتضمن حزمة البنّاء هذه <gems> من الجواهر وبنّاءً مجانيًا!
0149d05ed46713b9,TID_STARTER_INFO_WINSTARS,اجمع <num> من النجوم في معارك متعددة اللاعبين.
52fa21ce9901e52e,TID_ALLIANCE_WAR_IN_WAR,بدأت الحرب!
ee29f30de92021c2,TID_NPC2,حصن صخري
790ca15aba3cb797,TID_CREATOR_TAG_BEING_SENT,يجري الآن إرسال الرمز...
6ff26ad9ec8aaa0f,TID_CAPBUILD_GUARDPOST_CART_INFO,إذا كانت عربة الغارة قادرة على الشعور بالسعادة، فإن ما سيسعدها هو ضرب المهاجمين.
a76e6cb4d95756e8,TID_SUPER_MINION,المينيون الخارق
7550ad3bcea71b79,TID_NEWS_TH11_UPDATE_OVERVIEW_TEXT,• قاعة المدينة 11 ستتاح بسرعة وبقوة في اللعبة! بووم!\n• الآمر الكبير ومدفعية النسر: أقوى الإضافات وأكثرها إستراتيجية على الإطلاق!\n• مستويات قوات جديدة ومستويات دفاع وتبرعات تعويذات القبيلة\n• الهجوم عبر الدرع في أي وقت، لكن احرص على حماية قاعة المدينة!\n• احرس جلسات اللعب أثناء انخفاض الدرع وتجنب الهجوم المفاجئ مجددًا\n• الغيلان المطاردة لقاعات المدينة، ومكافآت دوري وعروض كؤوس أكبر، وغيرها المزيد!
e4dd04cda26c25e1,TID_CHAT_RULES_PRIVATE,لا تنس الحفاظ على خصوصية معلوماتك الخاصة.
1fbce8637522291c,TID_TAB_RESULTS,نتائج الحرب
e6e4e4e93c8523a4,TID_DIAMOND_BUNDLE_MAGICITEMS_HERO_BOOK,مجموعة كتاب الأبطال
3523583db00e1e51,TID_DIAMOND_BUNDLE_MAGICITEMS_SPELL_BOOK_WITH_RESOURCES,مجموعة كتاب التعويذات
9b6c06244d717b07,TID_BUILDING_PART_LOCKED_BY_REPUTATION,يصبح هذا الجزء متاحًا في مستوى سمعة القبيلة <level>
6f02e0047900d5bb,TID_CLAN_TAG_BASE_DESIGNING,تصميم القواعد
701aa24e4633b493,TID_HINT_ARTILLERY_TARGET3,الوحدات بالقرب من تأثير المدفعية ستتلقى بعض الضرر الارتدادي.
bc6384b31866987f,TID_ARCHER_QUEEN_INFO_SHORT,يحطم قوسها المباني بسهولة كما تحطم هي القلوب.
4a755ec003d85fe7,TID_TRAP_ZAPTRAP_INFO,وصف فخ الصاعق.
a092b5ae33bbeb19,TID_VIEW_PROFILE_TAB,ملف اللاعب الشخصي
5e4c122c1e90e5ec,TID_BATTLEPASS_TASK_INFO_DESTROY_TOWNHALLS,دمر <num> من قاعات المدينة في معارك متعددة اللاعبين.
64bc4fc3d2dfa050,TID_ALLIANCE_GAMES_THANKS_FOR_PLAYING,انتهت مباريات القبيلة. شكرًا لك وإلى اللقاء في مرة قادمة!
e5a2216a42ac506a,TID_ANTIADDICTION_WARNING_TITLE,تحذير
8a9db5555d7d0fa9,TID_EVENT_TITLE_MAGICITEM_PACK,مجموعة عناصر سحر
e59347d8600fdf0d,TID_NPC_CHALLENGE_TH11_LAVALOON_KING_ABILITY,فعّل <c9916c8>قدرة الملك البربري</c> قبل هلاكه.
7f281cef99574f33,TID_PRIORITIZE_UPGRADE_INVALID_ACTION,إجراء غير صالح
de1e89cfd228ccb0,TID_NPC_ATTACK_BUTTON,هجوم
c31d9d7ff9a59822,TID_ALLIANCE_WAR_LOOT_BONUS_TITLE,مكافآت الانتصار في الحرب
5bd1e919492c3a3a,TID_FLAMER_INFO_SHORT,أرض معركة تنشر الخوف. شاهد واستمتع.
b27f86927cd2664b,TID_ERROR_POP_UP_LOGGED_FROM_ANOTHER_DEVICE_TITLE,انقطع الاتصال
29345cdc0067f19f,TID_DECORATION_SUPER_TROOP_STATUE_INFO,وصلت القوات الخارقة!
3186b1434c5965dd,TID_BATTLEPASS_TASK_WIN_STARS_USING_HASTE_INFO,استخدم تعويذات التسرع لربح <num> من النجوم من معارك متعددة اللاعبين.
73ddb4b591adf393,TID_HALLOWEEN_END_TOKENS,تم تحويل أوسمة المزيج المتبقية لديك إلى <num> من الذهب.
34756d0b8732ca8f,TID_SPELL_BAG_OF_FROSTMITES_INFO,تُجمد المنطقة المستهدفة لفترة وجيزة وتستدعي كريات الصقيع النطاطة ببطء، والتي تُبطئ وتشتت الدفاعات القريبة.
3b67f3d2421f43a7,TID_DECO_GOBLIN_DRAGON_STATUE,تمثال تنين الغيلان
f519c8fb02c65602,TID_NEWS_TROOP_TEXT2,هذا المخلوق الطائر مصنوع من الأحجار والحمم ويمكنه تحمل ضربات كثيرة. يستهدف الدفاعات الجوية ويتعمق في قرى العدو، ويوفر التغطية للقوات الأخرى. يتوالد بعد تدميره إلى أخطار صغيرة ستشتت دفاعات العدو لمدة أطول قليلاً.
c94a637c5943c242,TID_IAP_NOT_AVAILABLE_OLD_GOOGLE_PLAY,عمليات الشراء غير متاحة! يجب تحديث متجر تطبيقات Google Play Store.
c70c308e34690c66,TID_BP_TITLE,تحديات الموسم
414bb4ea2a61ec2f,TID_ACHIEVEMENT_DESTROY_XBOW_TITLE,مبيد الأقواس
8b89f4cf21bcb24b,TID_STREAM_SHARED_LAYOUT_CAPITAL,تمت مشاركة مخطط <district> من المستوى <num>
0a439a4471cbe9ce,TID_JOINQUESTION,أترغب في الانضمام؟
bf69a44bdbd1aafd,TID_CLAN_INFO,معلومات القبيلة
8f60f9a5fad6dd4d,TID_CHAT_BANNED_PERIOD_OF,تم كتم الصوت في المحادثة العالمية لمدة:
5861dc6c52f24b0a,TID_WAR_LEAGUE_STATS_TITLE,سجل دوريات الحروب
174d99d55c8f366e,TID_NEWS_UPDATE_OTHER_TITLE,توازن اللعبة
70b26f37c417ea60,TID_CLAN_WAR_LEAGUE_BUILDING_LEAGUE_BRACKET,جارٍ تكوين مجموعة الدوري...
8fc3e2aa42ca5d21,TID_VS,ضد
d087aa14d8f0d019,TID_TAB_BATTLE,يوم المعركة
bfeab6537cc41074,TID_CLAN_WAR_CHALLENGE_REJECTED_AUTOMATICALLY,تم رفض التحدي
25523140525d8ffd,TID_BATTLEPASS_TASK_WIN_STARS_USING_SKELETON,فرقة الهياكل العظمية
e25a134d3d82117b,TID_ERROR_POP_UP_SERVER_MAINTENANCE_BUTTON,حاول ثانيةً
effd3e2c79677e9f,TID_CHARACTER_INFO_IRONFIST_GIANT,كان هؤلاء العمالقة بأياديهم الثقيلة وبنيتهم التي تشبه الثيران يتدربون على اللكمة الدائرية الفتاكة!
e4e32d7395f500be,TID_SPECIAL_OFFER_INFO_BUILDERBASE_ANNIVERSARY_4999,• <booster1> من تميمة ذهب البنّاء\n• <booster2> من تميمة إكسير البنّاء\n• <booster3> من كتاب القتال\n• <booster4> من كتاب المباني\n\n• لا توجد حدود تخزين!\n• يمكن شراء هذا العرض 4 مرات!\n\nابدأ ترقياتك بهذه المجموعة المدهشة!
9efc479a16ea6c8b,TID_BATTLEPASS_TASK_INFO_GET_STAR_BONUSES,احصل على مكافأة النجوم اليومية <num> من المرات في القرية الأم.
a565d56825022b31,TID_CHARACTER_LAVALOON,بالون كلب الحمم
04af2d8190f55247,TID_LEGEND_LEAGUE_INFO_TAB2_TEXT,لن تحصل على درع أو حراسة عند التعرض إلى هجوم في دوري الأسطورة. ومع ذلك، فمن الممكن أن تستريح بعد شراء الدروع. إذا كان درعك مفعلاً عند تغير يوم الدوري، لا تحتاج إلى الهجوم أو الدفاع في يوم الدوري التالي. لا يمكنك شراء درع أو إزالته بمفعولٍ سارٍ في يوم الدوري الحالي، بل فقط في اليوم التالي.\n\nإذا قمت بشراء درع صالح لليوم التالي ثم غادرت دوري الأسطورة، سيستمر مفعول الدرع في نظام اللعب متعدد اللاعبين العادي.
ceb5f12bb79de30e,TID_ACHIEVEMENT_DRAGON_SLAYER,اقض على التنين العملاق في خريطة الحملة.
6cda254c5ffe8f59,TID_ALLIANCE_LEAVE_CONFIRMATION,هل ترغب حقًا في المغادرة؟
985b58aefd56bc1a,TID_FEEDBACK_BUTTON6,تم قفل الحساب
5925e2a2da322f3f,TID_LANGUAGE_OTHER,غير ذلك
2a6eb808c7fd2dc7,TID_INFO_THROWING_POSITION,موضع النشر:
0b02117536cc5d6b,TID_WAR_BROWSE,التفاصيل
c580ca8d827e4b99,TID_WATER_3,مياه 3x3
f6ebe7656c7359e1,TID_TOWN_HALL_6_INFO_SHORT,حان وقت التحقق من صحتك.
6339fb9d44c687d2,TID_STREAM_EVENT_ACCEPTED,تم القبول في القبيلة بواسطة <name>
68ec9f936e72888d,TID_RUINS_SPELL_FACTORY,أنقاض مصنع السحر
07174ef248ac0e84,TID_BOOSTER_FILL_GOLD_STORAGE_ALT_2_LINE,تميمة الذهب
725bf2e69761c1b4,TID_NPC_CHALLENGE_TH12_YETI_FUNNEL_PEKKAS,انشر قوات <c54a0fe>بيكا</c> للتخلص من وجود العدو في الركن. أبقها منفصلة عن <c9916c8>الآمر الكبير</c> الخاص بك.
3884219897607dec,TID_CHARACTER_INFO_SIEGE_MACHINE_CATAPULT,تطلق هذه الآلة أرواح نار تضرب بقوة وتحرق أهدافها. يساعدها مداها الطويل في البقاء في أمان، لكن احذر الدفاعات طويلة المدى والفخاخ. لا تؤثر التعويذات على منجنيق النيران.
4e6786053561c69d,TID_CLANGAMES_TASK_SPEEDY_STARS_MV,النجوم السريعة
a287412adfcc40f0,TID_CLAN_WAR_LEAGUE,دوري حروب القبائل
1e173639ce5f5c3e,TID_TENCENT_GUEST_IGNORE_WARNING_TITLE,هل أنت متأكد؟
3efdd6a407efd15c,TID_CHARACTER_INFO_SIEGE_MACHINE_INVISIBLE_FLYING,
a58843113d83014e,TID_FRIENDLY_ZONE,منطقة صديقة
3670e8aa46b6613a,TID_ACHIEVEMENT_LOOT_CAPITAL_COMPLETED,إجمالي غنيمة ذهب العاصمة: <value>
9746bb12163c141c,TID_GEAR_TYPE_SKILL,مهارة
9cf280b0548ca14e,TID_POPUP_SPEED_UP_BOOSTER_UPGRADE_SLOWDOWN,يؤدي ترقية <item> إلى إبطاء تدريب الجيش. هل تريد الإنهاء الآن بـ <booster>؟
317b1ce467934d2f,TID_CLANPERK_DESC_TROOP_REQUEST_VALUE,<value> من الدقائق
cd17707e465de184,TID_TUTORIAL_SMITHY_1,الحداد جاهز وفي الانتظار يا زعيم!
c7421761da5224e6,TID_RESEARCHER_MENU_IN_PROGRESS,ترقيات قيد التنفيذ:
2714060704f13501,TID_PLAYER_PROFILE_SIEGE,آلات الحصار
3cf543ae2bf31e6e,TID_SETTINGS_PLAYERNAME_REENTERNEW,أعد إدخال الاسم الجديد:
d61477fd5edc04ad,TID_DIAMOND_BUNDLE_TH9,حزمة قاعة المدينة 9
fd6b20388630945a,TID_CAPITAL_RAID_NOTWEEKEND_STARTED_NOTIFICATION,حان وقت شن الغارة! هاجم عواصم القبائل المنافِسة وحقق النصر.
dbfdb5e10f5bb8d4,TID_PUSH_WAR_0,تم إعلان الحرب ضد <data>!
67b4df1d1de5924b,TID_HERO_GEAR_RESOURCES_TITLE,موارد المعدات:
66a4237de2902251,TID_TENCENT_CUSTOMER_SUPPORT,دعم عملاء Tencent
1aa7ea07548474c0,TID_STREAM_SHARED_LAYOUT_WAR,شارك مخطط قاعد حرب خاص بقاعة المدينة <num>.
d41fc231c158fb57,TID_GEAR_RESOURCE_COMMON,معدن خام لامع
4a00959240bdf7d3,TID_NEWS_TH11_UPDATE_ARTILLERY_TEXT,• هذا السلاح ذو المدى الطويل والواسع يمحي الجيوش المهاجمة ضعيفة الاستعدادات\n• وابل من القذائف المتفجرة تهزم القوات القوية وتُسقط الآخرين بالقرب من الانفجارات\n• تنشط مدفعية النسر فقط بعد نشر الكثير من القوات، وتتيح الفرصة للهجمات التكتيكية والهجمات متعددة الأوجه الخبيثة!
6aa488a473400da2,TID_LEAGUES_UNRANKED_AFTER_SHUFFLE,انتهى موسم الدوري. قم بمهاجمة أي قرية للانضمام إلى دوري جديد!
d815269d0ff2ab50,TID_CAPITAL_GOLD_STORAGE_FULL_TEXT,مخزن ذهب العاصمة ممتلئ. أتريد الهجوم على أي حال؟
2a6e0bae335cee63,TID_SETTINGS_CHANGENAMENOTE,ملاحظة: يمكنك تغيير اسمك مرة واحدة فقط!
31b1e1f95bae14e2,TID_CLANGAMES_TASK_DESTROY_DARKSPELLFACTORIES,تخريب مصنع سحر الظلام
e0cdb533ae840245,TID_TENCENT_DOLPHIN_DOWNLOADING_71,更新下载配置文件
833e4be9866ac16f,TID_CLANGAMES_TASK_INFO_USE_BOXERGIANTS,اربح <num> من النجوم من معارك البنّاء باستخدام <num2> من العمالقة الملاكمين.
eca7b7b170d2fbdb,TID_TRAP_BROKEN,<item> (غير مسلح)
6b570d566b4d6416,TID_ALLIANCE_TROOP_RECEIVED,لقد حصلت على <troop> مستوى <level> من <avatar>!
cc7c6e9e12f53e9d,TID_CAPBUILD_SUPERWIZARDTOWER_INFO,تتميز الأدوات الكهربائية السحرية الخاصة بالسحرة الخارقين بالقوة المذهلة ضد أسراب المهاجمين؛ حيث ترتد إلى كل شخص قريب جدًا من الهدف الأولي.
9575af4a66f30767,TID_NEWS_TH11_UPDATE_HERO_TITLE,الآمر الكبير: بطل جيشك الأحدث
57caf56ae50bb23e,TID_BUILDING_MONOLITH_INFO_SHORT,كلما كان الهدف قويًا، زادت ضراوة الضربة الموجهة.
d536e2375d7824f8,TID_BATTLEPASS_TASK_WIN_STARS_USING_LIGHTNING,طقس سيء
cce291a719152b2c,TID_TIME_DAYS,ي
d4c75168b9c88613,TID_LEAGUE_WAR_SIZE,حجم حرب الدوري <num> ضد <num>
30064ad45394da21,TID_CHARACTER_INFO_BOMBER_SHORT,نوع بسيط يحب القنابل ويكره الجدران.
cf3a298fe084ad4a,TID_LEAGUES_II,II
231b7a58cd6f7d0e,TID_STARTER_TH2_INFO_UPGRADEBARRACKS,قم بترقية <num> من الثكنات إلى المستوى <num2>.
d01110c7c7716787,TID_CAPITAL_PLAYGROUND_FROST,يمكن استخدام <c38eaff>تعويذات الصقيع</c> لإبطاء الدفاعات وتجميد المياه لجعلها ممهدة لسير القوات الأرضية.
3ff7a7576647eb19,TID_AIR_DEFENSE_INFO_SHORT,تهاجم القوات الجوية المحلقة في السماء بتحامل.
b8377c4c84796647,TID_BATTLEPASS_TASK_INFO_WIN_BATTLES_USING_GOBLINS,استخدم الغيلان لربح <num> من المعارك متعددة اللاعبين.
c41dc649da7106a0,TID_EVENT_BOOST_ATTACKS,حدث الهجوم: تسريع كل الثكنات والتعويذات والأبطال مقابل جوهرة لكل منها! سيستمر الحدث حتى 7 يناير.
abca729074f38fe9,TID_ACHIEVEMENT_CLAN_GAMES_POINTS_TITLE,بطل المباريات
b3b2f07bc96879b1,TID_BUY_MISSING_RESOURCES_HEADER_TWO,أنت بحاجة إلى المزيد من الموارد
658650b368716d3b,TID_BATTLEPASS_TASK_INFO_DEPLOY_SPELLS,انشر من التعويذات ما يعادل <num> من مساحات التسكين في المعارك متعددة اللاعبين.
438665fd010a8166,TID_NPC_CHALLENGE_TH13_HYBRID_HOGS,انشر بعض <c54a0fe>راكبي الخنازير</c> لدعم <c54a0fe>عمال المناجم</c>.
950b3ebef7a22f24,TID_TUTORIAL_FORGE_1,أرسل البنّاء الكبير ورشة الصياغة هذه. يقول إنها ستساعد في العاصمة.
225cfec473491c0b,TID_BUTTON_RESET_NOW,احصل على المزيد الآن!
6eeef02dc0070bf3,TID_ALLIANCE_WAR_WAR_STARTING,تم إعلان الحرب
85477ba6daeb9b5e,TID_FAQ_EXTERNAL_BUTTON,فاميتزو
763649ead0f099d2,TID_NPC_CHALLENGE_TH9_WITCH_BARBARIAN_KING,الآن وقد أصبح هناك طريق مؤدٍ إلى داخل القاعدة، انشر <c9916c8>الملك البربري</c>.
00923d9b41184175,TID_DIAMOND_BUNDLE_BH3_INFO,• <gems> من الجواهر\n• <res0> من الإكسير\n• ساحق من المستوى 1\n\nبلا وقت للبناء وبلا حدود على التخزين!\n\nلا تفوّت عرض <cffec78><value>أضعاف القيمة</c> الذي لن يتكرر!
ccdd59decbb760b5,TID_PET_SHOP,بيت الحيوانات الأليفة
ab01fc93aee615e5,TID_DIAMOND_BUNDLE_GOLD_ELIXIR_INFO,• <gems> من الجواهر\n• <res0> من الذهب\n• <res1> من الإكسير\n\nبدون حدود على التخزين!\nلا تفوّت هذا العرض الذي يعطي\n<cffec78><value>أضعاف القيمة</c> ويأتي مرة واحدة.
f2698f871a5f7b02,TID_TUTORIAL_BARRACK_1,أيها الزعيم، نحتاج إلى جيش لمقاتلة هذه الغيلان! فلنبنِ الثكنات.
37e352702ff60919,TID_MAX_MEDALS,إجمالي الأوسمة
9bc56bda0891a089,TID_OBSTACLE_HALLOWEEN2016,قرع العسل المخيف
544229d1ad624563,TID_V2_DUEL_FEED_BATTLE_STARTED,بدأت المعركة!
35f137e8d66b4d2e,TID_TUTORIAL_CLASHOWEEN_EVENT_C3,اجمع غنائم قرى العدو لاقتناء الإكسير الحمضي الثمين!
c1e579115494892f,TID_ACHIEVEMENT_DESTROY_MORTARS,تدمير <number> من مدافع الهاون في معارك متعددة اللاعبين
35093a96dbfc9292,TID_STREAM_BUTTON_SCOUT,استكشاف
3af7191fedda6b38,TID_BUTTON_REQUEST_TROOPS,طلب
7a79bb5893cd7917,TID_TOTAL_CAPACITY_AFTER_TRAIN,سعة القوات بعد التدريب:
df3197637b815425,TID_DECO_RESTORED_BARBARIAN,بربري ضخم
492bc67283499b60,TID_ARCHER_QUEEN_INFO,الملكة رامية السهام محاربة بعين الصقر، سلاحها المختار هو القوس المعُدل الذي يحلم بعض الرجال بالسيطرة عليه. يمكنها مهاجمة قرى العدو أو حماية قريتك.
bce91b24a4d26e90,TID_CAPITAL_FROST,تعويذة الصقيع
c252a925f834a818,TID_CLANGAMES_TASK_INFO_USE_MAGIC_ARCHERS,اربح <num> من النجوم من المعارك متعددة اللاعبين باستخدام <num2> من راميات السهام الخارقات.
b887b85b74a2413c,TID_CAPITAL_GRAVEYARD_SPELL,تعويذة المقبرة
81bb13194c4f3ced,TID_LOOT_SHORT,الغنيمة:
9cf3afeaecb89675,TID_POPUP_ANDROID_EXIT,هل تريد الخروج من اللعبة؟
7294561a0f1cd7ed,TID_BUTTON_VIEW_SKIN,عرض المظهر
a43238acf9a58779,TID_NPC84,ممر الآلام
8bfebe36ee498248,TID_HINT_SPELL_LIGTHNING,تدمر تعويذة البرق الوحدات والمباني في منطقة صغيرة.
8a137bc678a02193,TID_CHALLENGE_HEADER,تحدّ أعضاء قبيلتك لمهاجمة قريتك
65b0ef0c5d428a1b,TID_NPC_CHALLENGE_TH7_MINION_BALLOONS,انشر <c54a0fe>بالونات</c> لتدمير كل <cf70d16>الدفاعات الجوية</c>.
5da960144e13df93,TID_CLANGAMES_TASK_INFO_WIN_STARS_VS_TOWNHALL_11,اربح <num> من النجوم ضد خصوم بقاعة مدينة من المستوى 11 في المعارك متعددة اللاعبين.
1d8e22be6b0c8867,TID_TUTORIAL_SHIP_ARRIVE_FIX_VILLAGE,إننا محظوظون أيها الزعيم! يمكننا إصلاح تلك المباني القديمة لتصبح مأوى لنا!
fd93adfd3151e16d,TID_AVATAR_MESSAGE_TEXT_ALLIANCE_DISTRICT_LAYOUT_SCRAMBLED,تمت إعادة تعيين مخطط منطقة قبيلتك لأنها غير لائقة. ستؤدي أي تجاوزات أخرى إلى مد فترة إيقافك!\nلمزيد من المعلومات عن مخططات عاصمة القبيلة الأخرى غير اللائقة، يُرجى الضغط أدناه.
49e7a0c64ed95d82,TID_CHARACTER_INFO_GOLEM_SHORT,هذه الصخرة الصلبة قادرة على تحمل أضرار هائلة.
ede5076b9523a8a0,TID_EVENT_ARMY_BOOST_INFO,درَّب القوات بسرعة أكبر 4 أضعاف!\n\nسرّع تدريب القوات بجوهرة واحدة.
7392ecab3a72ba09,TID_REGULAR_THEMED_BATTLE_OFFER_INFO_TH0712_1999,• <res0> إكسير\n•<booster1> من كتب القتال: لإكمال أي ترقية جارية للقوات فورًا.\n\n• لا حدود للتخزين!\n• يمكن شراء هذا العرض 3 مرات خلال الفترة المحددة.\n• قُد قبيلتك إلى معركة المجد مع هذا العرض الخاص!
73898fae765b252b,TID_REQUESTED_FROM_CLAN,القوات المتلقاة:
2641e1cb0824afea,TID_DECO_JINGLEBELL,أجراس
8c835881e5b5f06f,TID_SUPER_CHARGED_PEKKA,بيكا القوي
dd54606b6a57872a,TID_CLANGAMES_TASK_WIN_STARS_USING_POISON_INFO,اربح <num> من المعارك متعددة اللاعبين باستخدام <num2> من تعاويذ السم.
de7e5ec8e8c9368e,TID_PET_DIGGY,البنغول المدرع
13b3087756e50e73,TID_DEVICE_LINK_ERROR_GAME_CENTER_TEXT_ANDROID,يُرجى تسجيل الدخول إلى Google Play لإجراء الربط بالجهاز. للقيام بذلك، انقر فوق زر تسجيل الدخول إلى Google Play في شاشة الإعدادات. ثم حاول مرة أخرى.
b21ea8b0d8bc8396,TID_CANCEL_HERO_BOOST_CONFIRMATION,ترقية البطل ستنهي التسريع. هل أنت متأكد؟
98d7f67757d626dd,TID_NEWS_SEP_V2_BALANCING_TEXT,• نقدم وحدتين إضافيتين لقاعدة البنّاء: دفاع المدفع العملاق وقوات منطاد الإسقاط.\n• قم بترقية قواتك إلى المستوى 14 ومبانيك إلى المستوى 7.\n• يمكن ترقية آلة المعركة إلى المستوى 15.
1bc344e6fbef5314,TID_NEXT_LEVEL,المستوى التالي
743d876762dd70fa,TID_NO_SHIELD,لا توجد دروع
01c7dd5242e1f1e6,TID_WARTOOLS_REMOVE_CLAIM,إزالة المطالبة
2f5537063be943d3,TID_ALLIANCE_STREAM_THANKS,شكرًا لك على التعزيزات!
90ff93f15764bdd8,TID_MAP_LOCATION_23,صخرة البنّاء
4fd19d3e8ff68b25,TID_TROOP_TRAINING_MAX,الأقصى
60180072700a4a47,TID_NPC15,برج المراقبة
62793dadbae17e7f,TID_LEAGUE_BRASS3_SHORT,النحاس الأصفر 3
ba75e34723a8b14a,TID_SETTINGS_API_TOKEN_RECEIVED,رمز API: <token>
a0569aa83f09a86c,TID_CHARACTER_INFO_SUPER_GIANTS,يعد زوج العمالقة الخارقين أداة فعالة متعددة المهام؛ فهما يمتازان بالقوة والكفاءة في تحطيم الدفاعات، وأيضًا موهوبان في اختراق الجدران عند الحاجة.
86e252fa37b28623,TID_LOCAL_NOTIFICATION_STAR_BONUS_READY,مكافأة النجوم متاحة! حان وقت المعركة!
82483aaa39653195,TID_ERROR_POP_UP_PERSONAL_BREAK,يحتاج القرويون إلى فترة استراحة قصيرة بسبب البقاء طويلاً دون درع
83cebb8050b6d407,TID_CAPBUILD_BARRACKS_SUPER_MINER_INFO,مكان استراحة مبهج لعمال المناجم الخارقين. وتُعد بيئة ترابية للغاية ذات رائحة زيت حفر غنية.
f639147a72151ba2,TID_CONFIRM_DEVICE_LINK_TEXT,هل تريد بالتأكيد حذف القرية الحالية واستبدالها بـ:
0b8d1468c1f610ee,TID_LAYOUTS_SET_DEFENSE_BUTTON,تعيين كدفاع
e855985464073d3c,TID_LEAGUE_RUBY3_SHORT,الياقوت 3
1d9a5d2100c74419,TID_BATTLEPASS_TASK_WIN_STARS_USING_POISON_INFO,استخدم تعويذات السم لربح <num> من النجوم من معارك متعددة اللاعبين.
fe89f24013f81ca0,TID_BUILDING_XBOW2_INFO_SHORT,لهزيمة القوات على الأرض أو سحقهم في الهواء.
6737a7061e8c5692,TID_TARGET_FOUND,تم العثور على الهدف!
82945a5d3bb8a88a,TID_NPC_CHALLENGE_TH13_HYBRID_HEAL,استخدم <cffe346>تعويذة الشفاء</c> لإبقاء <c54a0fe>عمال المناجم</c> و<c54a0fe>راكبي الخنازير</c> على قيد الحياة.
236093d21c6a2642,TID_REGULAR_THEMED_BUILD_OFFER_INFO_TH0712_9999,• <res0> ذهب\n•<res1> إكسير\n• <booster1> من خواتم الجدران: لترقية أي جدار فورًا، إلا أن الجدران ذات المستوى الأعلى قد تتطلب عدة خواتم.\n• <booster2> من كتب المباني: لإكمال ترقية أي مبنى فورًا.\n\n• لا حدود للتخزين!\n• يمكن شراء هذا العرض مرة واحدة فقط خلال الفترة المحددة.\nاستغل هذا الوقت لترقية دفاعاتك!
7098beec98c63463,TID_CHALLENGE_CHANGE_LAYOUT,تغيير المخطط
3c3b3fec01490bfd,TID_NPC_CHALLENGE_TH8_GOWIVA_POISON,استخدم <ce98714>تعويذة السم</c> لإبطاء <cf70d16>بالونات العدو</c>.
f545bd95634b32d7,TID_NPC_CHALLENGE_TH9_BABYDQW_BARBARIAN_KING,انشر <c9916c8>الملك البربري</c> لإخلاء الركن.
b239d8563e76e375,TID_MONTH_9,سبتمبر
b10da3a997e2371c,TID_LOCAL_NOTIFICATION_EVENT_NOOB_PACK_0099_0299,أيها الزعيم، إليك عرض المساعدة هذا لمدة ساعة واحدة. استخدمه بحكمة. استخدمه لتنال المجد!
2e8350d8c5385730,TID_STREAM_ENTRY_AGE,منذ <time>
0e2a0af1656844e6,TID_KUNLUN_APP_STORE_WANDOUJIA,Wandoujia
3da45747f72a5da8,TID_OFFER_ITEM_GIFTS,<c80d8e8>هدايا القبيلة:</c>
cdba45096dc09435,TID_NPC77,حلقة الطاقة
c2f8ec89b495eb61,TID_DAILY_TASK_2_TITLE,معركة البنّاء اليومية
359f3ede74662244,TID_RAID_INFO_TAB_ATTACK,يتطلب الأمر هجمات متعددة للتغلب على معظم مناطق العواصم. ويتراكم الضرر الذي يسببه المهاجمون السابقون في الهجمات المستقبلية. تنتقل التعويذات أيضًا إلى الهجوم التالي. وبوقوع المزيد من الضرر، تتوسع منطقة نشر القوات لتقديم خيارات جديدة.\n\nجرب هجمات الغارات في مستوى التدريب هذا!
1a0004f8d8c27c62,TID_ALLIANCE_WAR_STAR_XP,تم ربح <xpnum> من نقاط الخبرة من تسجيل <num> من النجوم
7b2ca5c114bea8ec,TID_ALLIANCE_GAMES_ENDING_IN,الوقت المتبقي:
7d58abc67faed775,TID_CLAN_BADGE_LOCKED,قم بترقية قبيلتك إلى المستوى <num> لإلغاء قفل هذا العنصر!
e1b8376a21cdccd7,TID_LEVEL_NUM,المستوى <number>
7e82e98f8bdc9e9c,TID_TITLE_HERO_GEAR,معدات الأبطال
150f71910f1c0af3,TID_EP_PURCHASE_BONUS,مكافأة
0a2a5bba9be16088,TID_CLAN_WAR_FREQ_MORE_THAN_ONCE_WEEKLY,مرتان في الأسبوع
9057252243d74932,TID_REPLAY_NOT_AVAILABLE_IN_MODE,العودة إلى الصفحة الرئيسية لمشاهدة إعادة عرض!
ee61c3208abcd65a,TID_GEAR_UP_BUILDING,إصقال المبنى؟
461d87d146fe90bb,TID_PRESET_TOO_MANY_DIFFERENT_SUPER_TROOPS,هناك العديد من القوات الخارقة المختلفة ضمن الجيش.
fa544e9558307fd5,TID_KUNLUN_APP_STORE_LANDING_PAGE,Kunlun Landing Page
ac8998e87a49fc12,TID_ALLIANCE_INVITATION_FAILED_ALREADY_IN_ALLIANCE,انضم اللاعب إلى قبيلة بالفعل!
96bde5488aeffd62,TID_BUTTON_CLAN_MAIL_SEND,إرسال البريد
ca6128a53365ff52,TID_PLAYER_HOUSE_OCCUPIED_INFO,منزل بعيد عن القرية الأم من أجل <name>. تعالَ لتشاهد المنظر الخلاب، وابق هنا لرؤية الغارات المذهلة.
870cbb65a6558185,TID_NPC_CHALLENGE_RAGE_TOUGH_TARGETS,سيساعدك استخدام <cf07bf8>تعويذات الغضب</c> على تدمير الأهداف الصعبة.
c3e2bc10ec29511b,TID_ACHIEVEMENTS_PROGRESS,التقدم
9181f7443104108e,TID_BATTLE_PASS_CLAIMED_REWARDS,مطالب بها
32d8f224702488c5,TID_BOOSTER_FILL_ELIXIR_STORAGE_ALT_2_LINE,تميمة الإكسير
9f11634a6ba0bcbc,TID_CHARACTER_INFO_MINION_HORDE,ستة مهاجمين طائرين سريعين غير مدرعين. الثلاثة يمثلون جمعًا، والستة يمثلون حشدًا!
9f7b96031991a36a,TID_GRAND_WARDEN_INFO,الآمر الكبير خبير تكتيكي مخضرم يحمل صولجانًا سحريًا ومجلدًا سحريًا. يقوم بتقوية القوات التي تهاجم قرى الأعداء أو التي تحمي قريتك.
8c208ec97544bb69,TID_DIAMOND_BUNDLE_TH10_UPDATED_INFO,• برج النار مستوى 1\n• قوس مستوى 2\n• <res0> إكسير الظلام\n\nلا توجد حدود للتخزين!\n\nلا تفوت هذا العرض الذي يمنح <cffec78><value> من أمثال القيمة</c> ويأتي مرة واحدة!
8d6dfc874cad535a,TID_ALLIANCE_WAR_STAT_STARS_PER_ATTACK,نجوم جديدة لكل هجمة
d46f5b3f8434ce32,TID_ALLIANCE_CREATE_TYPE,نوع القبيلة:
164eac2098338f2f,TID_ALLIANCE_WAR_STAT_PARTICIPATION_BOTTOM,الهجمات المستخدمة (القرى الدنيا)
8e908b48489b2f42,TID_CONFIRM_FINISH_TRAINING,أتريد استخدام الجواهر لإنهاء التدريب على الفور؟
79b3d08204344c64,TID_ALLIANCE_WAR_STARS_WON,نجوم
54a4f1cf174817c9,TID_COLLECTOR_BOOST_INFO,ضاعف إنتاج مواردك!\n\nيمكنك تسريع مستخرجات الموارد مقابل جوهرة واحدة فقط في كل مرة.
9e6b32911d4a27ed,TID_WAITING,في الانتظار
4e382191892c7b7d,TID_CLANGAMES_TASK_INFO_DESTROY_BB_BUILDERBARRACKS,دمر <num> من <building> في معارك البنّاء.
593ee983b0939f35,TID_INFO_DAMAGE_TYPE_AOE,رش المنطقة
94fa2666eeb0fe10,TID_BONUS_ATTACK_EARNED,تم اكتساب هجوم إضافي!
4f6691aed6a856de,TID_BATTLEPASS_TASK_INFO_UPGRADE_BB_WALL,قم بترقية <num> من قطع الجدران في قاعدة البنّاء.
47960573970e78ac,TID_CAPITAL_PLAYGROUND_DEPLOY_AREA_EXPLANATION_3,وتتسع منطقة النشر عندما تدمر المباني والجدران في طريقها.
6d5b09016b02e1f8,TID_PLAYER_PREFERENCE_INVITES,تلقي دعوات
c2a71e035abb225e,TID_GOOGLE_PLAY_KUNLUN_LOAD_VILLAGE_TUTORIAL_BUTTON,تحميل القرية
8f18db82aa07523f,TID_CLANGAMES_TASK_WIN_STARS_USING_HASTE_INFO,اربح <num> من المعارك متعددة اللاعبين باستخدام <num2> من تعاويذ التسرع.
cf383cdc52c146a2,TID_STARTER_WINUSINGWIZ_INFO,اربح <num> من النجوم من المعارك متعددة اللاعبين باستخدام <num2> من السحرة.
767f72dc0212b4ae,TID_HERO_AURA_WARDEN_TITLE,هالة الحياة
999edbc99a83f97f,TID_NPC47,مسرح بيكا
6258a0fa06380fff,TID_TUTORIAL_MEET_NEW_BUILDER4,منزلي! لقد... نظفتموه تمامًا! تستحقون جولة بلا شك.
db35a628ac2f759d,TID_WECHAT_LOGOUT_BUTTON,تسجيل الخروج
2a6aff8e09930db2,TID_MORE_YOUKU,请关注部落冲突（Clash of Clans）官方优酷频道。
dcb7bdedc4702cc3,TID_LAYOUT_LINK_COPIED_TO_CLIPBOARD,تم نسخ رابط المخطط إلى حافظة الجهاز!
f8837170ba400629,TID_POWER_BOOST_INFO,عزز قواتك وتعويذاتك إلى أقصى حد مسموح به في مستوى قاعة المدينة.
ee159aff814292e8,TID_HINT TOURNAMENT,تتم إعادة تعيين بطولة القبيلة وحساب تبرع القوات كل شهر.
dd1a91e8e7cfcafe,TID_SECOND_STAGE_FEATURE,التعمّق
6c29fcec58ae21e5,TID_SHIELD_INFO,دفاع يدوم طويلاً! الدروع تمنع الهجمات على قريتك، لكن الدرع الباقي سينهار إن قمت بالهجوم. إن اشتريت أكثر من درع، فستتم إضافة مدتها.
1fd880096ff42a1c,TID_PLAYER_PROFILE_HEROES,الأبطال
bb5d35f8d133f7e3,TID_POPUP_UNDER_ATTACK_LIVE_REPLAY,قريتك تحت الهجوم!
8d6ec59fd5e1ddc3,TID_UPGRADE_ANYWAY,المتابعة
0be267ca9e010862,TID_NEWS_UPGRADES_TITLE,
3d5c3171ba9b26b8,TID_MINI_SPELL_FACTORY_INFO,سادة السحرة الأكثر عبقرية أو تهورًا فقط هم من يعملون في مصنع سحر الظلام. تتطلب إجادة سحرهم المظلم المدمج بصيرة نافذة، لكنه يوفر مميزات تكتيكية فريدة.
2487049ed8cd85b9,TID_NEWS_OTHER_TEXT,
510813d58b1be2f8,TID_DIAMOND_BUNDLE_TH5_UPDATED_INFO,• برج الساحر مستوى 2\n• <res0> ذهب\n• <res1> إكسير\n\nلا توجد حدود للتخزين!\n\nلا تفوت هذا العرض الذي يمنح <cffec78><value> من أمثال القيمة</c> ويأتي مرة واحدة!
a2a5030e08f5f660,TID_ALLIANCE_WAR_STARTWAR_INFO_NOT_ENOUGH_MEMBERS,قاتل قبيلة ضد قبيلة مقابل المجد ومكافأة الغنائم ونقاط خبرة القبيلة!\n\n\nتحتاج إلى 10 أعضاء قبيلة على الأقل للبدء.
c1f5590e4127b21d,TID_FAQ_BUTTON,المساعدة والدعم
e7b440981628a901,TID_POPUP_TRAIN_TITLE,تدريب القوات <limit>
cbd42605d2b67d09,TID_HERO_BATTLE_COPTER,مروحية المعركة
f5c20b2bce09556a,TID_CHARACTER_INFO_SUPER_MINION,حجم جبين المينيون الخارق الكبير ليس مجرد شكل فحسب؛ فاستهداف دفاعات العدو من مسافة آمنة أمر يتطلب دماغًا كبيرًا، وخصوصًا عندما يكون جسمك قد بلغ حجمًا لا يسمح لك بتفادي الألغام الجوية المطاردة.
d968a8a685efe938,TID_CLAN_GAMES_EXPIRED_TASK,اختر
a495f0936f885284,TID_LOCAL_NOTIFICATION_BP_SEASON_ENDING_MAXED_POINTS,احصل على جوائز عبر تحديات الموسم قبل انتهائه.
741a156cf51398f8,TID_TUTORIAL_CANNON_5,أيها الزعيم، يمكنك إنفاق بعض الجواهر لتسريع الأمور!
8cf1c33e340eaacc,TID_DECO_RUIN_LAKESIDE_FOREST,غابة البحيرة
44a2a0621907361c,TID_SUPPORT_SEND_CODE,إرسال الرمز
2f806bf80d1f93d9,TID_INFO_POP_UP_TOS_PP_NOTE_TENCENT,لعبة Clash of Clans مجانية، ولكن يمكنك تسريع تقدمك في اللعبة بواسطة عمليات الشراء داخل التطبيق. انقر على موافق لقبول شروطنا وسياسة الخصوصية.
ac92f3ede3d28b3d,TID_TUTORIAL_GOLD_EARNING_GETTING_STARS,أحسنت في هذا الهجوم أيها الزعيم! الفوز والحصول على النجوم أمر مهم.
d643c5f12d441ad6,TID_CLAN_GAMES_CLAIM_REWARDS,النتائج
ffc23b8e928b054c,TID_RAID_RESULTS_INTERNAL_ERROR,حدث خطأ ما في الحصول على نتائج غارة نهاية الأسبوع الأخيرة
27562513ce28aa9d,TID_TRADER_TUESDAY_NOTIFICATION,إنه ثلاثاء التاجر! اطّلع على الصفقات الأسبوعية الجديدة.
54166e097f11d24b,TID_FRIENDLY_DISTRICT_CHALLENGE_DETAILS,تفاصيل تحدي المنطقة الودي
1dfc1d2ce449a649,TID_DIAMOND_BUNDLE_MAGICITEMS_TRAINING_POTION,مجموعة جرعة التدريب
691cdb25c94d9a79,TID_BATTLEPASS_TASK_WIN_BATTLES_USING_BATTLE_DRILL,الحفار الجبار
e017ed22f4385778,TID_EVENT_DONATION_INFO,تبرع بجوهرة واحدة فقط!
35bcab8bd5310386,TID_BOOSTER_USE_HERO_POTION_QUESTION_TITLE,هل ترغب في تعزيز الأبطال؟
c00b7372ad4977e6,TID_FEEDBACK_BUTTON4,الآراء
e709e52edad5a742,TID_CHAT_UNAVAILABLE,تم تعطيل الدردشة لـ <time>.
fc5d27f9dd285652,TID_MORE_TWITCH,انضم لمتابعة بث مقاطع Clash of Clans الحية على Twitch!
66c9f160a40aa54d,TID_BATTLEPASS_TASK_WIN_BATTLES_USING_RECALL,السحب الكامل
f7f414dd7775f141,TID_BP_SKIN_UNLOCKED,تم فتح <skin>!
82ba7d960eabec38,TID_GOBLIN_BALLOON,بالون
e6dacd14b15aad95,TID_SEASON_START_TEXT,إنه موسم شهر <month>!
22996f9f5412be4d,TID_NEWS_NEW_TROOP_TITLE,
53cf5093cc1e14f1,TID_BUILDING_CUSTOMIZE_CATEGORY_DECO,الزينات
4f8a9d494d8cbfc4,TID_CAPITAL_ARMY_SAVE_FAILED,فشل حفظ جيش العاصمة
cafbc7738deb1c9d,TID_DEVICE_LINK_ERROR_NOT_ATTACHED_TITLE_ANDROID,ليس ملحقًا بـ Google Play
2b78014d806dcbca,TID_ATTACK_FAIL_RESTRICTED,يتعذر الهجوم على هذه القرية.
e3a41fd853fbb304,TID_BUILDING_ARTILLERY,مدفعية النسر
0b0c343da8d7fa6e,TID_ACCONT_LOCKED_TEXT,تم قفل حسابك لأسباب تتعلق بالأمان. أدخل رمز إلغاء القفل لاسترداد حسابك.
898f1ac4ca77db38,TID_UNDERAGE_PLAYER_LOGIN_DISALLOWED_KUNLUN,根据国家防沉迷通知的相关要求和最新强化的防沉迷政策，由于您是未成年玩家，仅能在周五、周六、周日及法定节假日每日20时至21时登录游戏，在上述时间段之外无法游戏，请注意休息。
8f7a76fc4c64c11b,TID_BATTLEPASS_TASK_WIN_BATTLES_USING_BARBARIANS,جيش البربري
12637ab692d1b217,TID_EVENT_TIME_UNTIL_START,يبدأ خلال:
0489e6db33f276b9,TID_ERROR_POP_UP_PURCHASE_FAILED,خادم الدفع لا يستجيب. من فضلك حاول ثانيةً لاحقًا.
7c7baef777c8333b,TID_TASK_INFO_GET_VS_BONUS,احصل على مكافأة النجوم اليومية في قاعدة البنّاء.
530def4f8a22ae0d,TID_CHALLENGE_INFO_2016,ينمو عالم Clash بإطلاق لعبة Clash Royale. تمت إضافة التحديات والحروب الودية. وتصل بطاقات الباولر وعمال المنجم والتنانين الصغيرة.
79b1a538710db390,TID_UNPLACED_BUILDINGS,مباني غير موضوعة
d644db8fd139fe4b,TID_DIAMOND_BUNDLE_MAGICITEMS_STRENGTH_POTION_ONLY,كومة جرعات القوة
96e1af968f9ba0bc,TID_CLANGAMES_TASK_DESTROY_XBOWS,تدمير القوس
ff611334a2a1bc5e,TID_NEWS_BOMB_TOWER_UPDATE_TEXT,• اقصف الأعداء المجاورين بقنابل صغيرة قصيرة المدى!\n• تنفجر أبراج القنابل عند تدميرها لتفتك بقوات الاشتباك المجاورة لها!\n• يتوافر برج القنابل في قاعة المدينة من المستوى 8
d2cd163c8a510d5c,TID_HINT HEROES_USE,يمكن لبطلك مهاجمة قرى العدو أو حماية قريتك ضد هجمات العدو.
7426cdb064696988,TID_CONNECT_WITH_FACEBOOK_BUTTON,الاتصال بموقع Facebook
f4f6c895415501c6,TID_CHALLENGE_NOT_AVAILABLE_IN_MODE_ATTACK,العودة إلى الصفحة الرئيسية للهجوم!
db2fa98d0b9c3a6b,TID_EDIT_MODE_SAVE_FIRST,ستحتاج إلى إنهاء قريتك أولاً
1b84134df005ee6f,TID_CLANGAMES_TASK_GET_KILLS_VS_ARCHERQUEEN,مطاردة الملكة
7f2c892aa493de52,TID_NPC_CHALLENGE_BOWIGI_FREEZE1,استخدم <c38eaff>تعويذة التجميد</c> على <cf70d16>برج النار</c> قبل أن يدمر <c54a0fe>هادمة الجدران</c>!
f70391fdf0ec76b2,TID_DEVICE_LINK_ERROR_INVALID_LINK_CODE_TEXT,الرمز الذي أدخلته غير صالح أو انتهت صلاحيته. تأكد بحرص من إدخال الرمز بدقة كما هو معروض على الجهاز الآخر.\n\nيُرجى النقر فوق سهم العودة للمحاولة مرة أخرى.\n\nملاحظة: لا يمكن استخدام الرمز سوى مرة واحدة وستنتهي صلاحيته في <time>. يمكنك دائمًا الحصول على رمز جديد عن طريق الخروج والدخول إلى شاشة الربط مرة أخرى.
dccb1ae6107e7671,TID_NEXT_REWARDS,التالية
f0aa815627c9c302,TID_GIFT_NOT_AVAILABLE_IN_MODE,عد للصفحة الرئيسية لتسلّم الهدايا!
2f01fbf757170f74,TID_INFO_POP_UP_TOS_PP_BUTTON2,شروط الخدمة
fa9d745a1eb2fb8c,TID_SHOP_SHIELD_1D,درع لمدة يوم واحد
b2921362bb1d5010,TID_LEAGUE_EMERALD3_SHORT,الزمرد 3
9469568a49fc8b23,TID_TROOP_UPGRADE_TIME,إجمالي الوقت:
c11cc9d5dd38adb7,TID_LOCAL_NOTIFICATION_CLAN_GAMES_ENDING_SOON,مباريات القبيلة قاربت على الانتهاء. حان وقت زيادة نقاط للحد الأقصى!
e6b4c9d42c2ba7bc,TID_HINT_UPGRADE_TROOPS,قم بترقية جيشك! قم ببناء المعمل وترقية قواتك
15b0b15e4f078d93,TID_ABILITY_COOLDOWN,فترة الانتظار: <number> ث
bfc28a3c0bd930d7,TID_ALLIANCE_BUTTON_EDIT,تعديل
deabfaa716397517,TID_MULTIPLAYER_STAR_BONUS_EVENT_ACTIVE,<c66CC00><num>حدث مكافأة النجوم!</c>
39d35a450f23b667,TID_HINT_WIZARD_TOWER_TARGET,يمكن لبرج الساحر استهداف الوحدات الأرضية والجوية
8c88c6cf1396ca0d,TID_REQUEST_NOT_AVAILABLE_IN_MODE,العودة إلى الصفحة الرئيسية لطلب التعزيزات!
8f6741d0b668803d,TID_ACHIEVEMENT_ACTIVATE_SUPER_TROOP_COMPLETED,إجمالي مرات تعزيز القوات الخارقة: <value>
aaa836cdb32925de,TID_BOB_TASK_GEAR_UP_FLUFF,من خلال العمل في القرية الأم، سيتعلم البنّاء الخبير كيفية التحول إلى جاسوس لا يمكن كشفه ولن يشك به البناؤون.
11b157c3da94895e,TID_DECO_GINGERBREAD_BUILDING,مخبز كعك الزنجبيل
937d3de728ab16d4,TID_MEDAL_EVENT_TRACK_END,انتهى الحدث. ما زال بإمكانك إنفاق الأوسمة عند التاجر.
ddaa299d7084ad4a,TID_LEAGUES_IV,IV
d537920074840932,TID_REGION_CUSTOM3,
c788f095b12180fd,TID_CLAN_RECRUITMENT_OPT_IN_ITEM_TITLE,أتفضل أن تبحث عنك القبائل؟
e593b5a6ef62944b,TID_TUTORIAL_STARTER_CHALLENGE_6,حظًا طيبًا، أيها الزعيم! أنت كفيل بالتحدي!
85b10f8a1404d84c,TID_OFFER_PURCHASE_PENDING,جارِ الشراء...
d605c39be3bb72d9,TID_CLAN_GAMES_THEME_NEW_YEAR,مباريات العام الجديد
3eca2b4167ad155a,TID_CONFIRM_ALLIANCE_GAMES_DISCARD_TITLE,هل تريد حذف التحدي؟
b9c0bbf24b730917,TID_HASTE_INFO,اجعل وحداتك تغضب لتجعلها أكبر وأسرع وأقوى!\n\nقم بإلقاء هذه لتصنع حلقة من الغضب! ستكتسب وحداتك السرعة وقوة الهجوم وهم في داخل هذه الحلقة.
01395a2628f3328d,TID_REENGAGEMENT_BP_1,بسس! لا تخبر أحدًا، لكنني أعطيتك بعض النقاط لمساعدتك على إنهاء الموسم.
8f9fe272cee0ead3,TID_VIEW_ALLIANCE_TAB,عرض القبيلة
822303bd2b35687f,TID_MOUNTAIN_GOLEM,جبل غولم
3b9b5c085040d84b,TID_POPUP_NOT_ENOUGH_DIAMONDS_BUTTON,الدخول إلى المتجر
0531454b66846238,TID_SHIELD_TITLE,درع:
792cf402e1a51682,TID_ALLIANCE_WAR_LOOT_DELIVERED,تم تسليم مكافأة غنائم الحرب إلى خزينتك!
aeba7c18e85fa33d,TID_OBSTACLE_HALLOWEEN2018,قبعة الساحرة
28546b5ecac8d306,TID_COMPLETION_BONUS_INFO,واصل جمع <soft_currency> خلال الحدث لنيل مزيد من <hard_currency>.
e1326d75bc63e6fc,TID_DIAMOND_BUNDLE_TH3_REVISED_INFO,• <gems> من الجواهر\n• <res0> من الذهب\n• <res1> من الإكسير\n• <booster1> من جرعة البنّاء\n\nدون حدود على التخزين!\n\nلا تفوّت هذا العرض الذي يمنح <cffec78><value> من أمثال القيمة</c> ويأتي مرة واحدة.
3b475b30148b116d,TID_POPUP_HEADER_WARNING,تحذير!
96495101cf714ae6,TID_EVENT_PASS_PURCHASE_INFO,اشترِ تذكرة الحدث للوصول إلى مزيد من الجوائز.
aae45f1fcd202ce2,TID_LEGENDS_ESTIMATED_SEARCH_TIME,الوقت المقدر: <time>
d34f2f3131b7b957,TID_BOOSTER_WALL_UPGRADE,خاتم الجدران
3c6c64a1d47f4387,TID_ALLIANCE_JOIN_BUTTON,انضمام
cc182146759b3bcd,TID_CHARACTER_INFO_HOG_RIDER,إذا خسرت المظلة بقي المخاطران الأصليان. لا يواجه هذا الثنائي كثير الحركة أي مشاكل في تخطي الجدران.
fec4354f0e4bde3f,TID_FEATURE_CLAN_WARS,حروب القبائل
e553eeaa05a8ae86,TID_PET_ABILITY_BARKY,بطلة القفز
0421ebbfe2e7cce3,TID_BOOSTER_MAX_LEVEL_ARMY_INFO,بإمكان هذا المخلوط السحري القوي الرائحة تعزيز قواتك وتعويذاتك وآلات الحصار إلى أقصى مستوى مسموح به على مستوى قاعة المدينة لمدة ساعة. يعمل في القريتين.
08b59042b5c8fbec,TID_LEAGUE_STONE1_SHORT,الحجر 1
20dffadcb5e5bc51,TID_NPC65,هدوء الأعصاب
d2b7a69c3fc505b1,TID_CAPBUILD_BARRACKS_WIZARD_INFO,تبدو كثكنات للسحرة الخارقين، لكن الانفجارات المستمرة تجعل الاقتراب منها مخيفًا.
e2db9570f026d401,TID_TENCENT_DOLPHIN_ERROR_3,磁盘空间不足，请清理磁盘空间后，重启游戏。
c980944b5a165e65,TID_NEWS_CHALLENGE_PREVIEW_BUTTON,اعرف المزيد
40d574e160a33878,TID_CLANGAMES_TASK_GET_HOMEBATTLEDESTRUCTION,زعيم التدمير
d2e5f475335e51c7,TID_DIE_DAMAGE,الضرر عند التدمير: <number>
dd281277a51d559a,TID_ITEMS_LEFT,متبقٍ <number>
cafedc6dde74191e,TID_ICE_PUP,جرو الجليد
d38bc2468d7b314d,TID_ERROR_POP_UP_SERVER_MAINTENANCE_ESTIMATED_HOUR,المعذرة، الخوادم تحت الصيانة في الوقت الحالي. من فضلك حاول ثانيةً خلال ساعة.
165b40226975af77,TID_WL_WAR_TITLE,الحرب <x>
2342c501055fbe50,TID_X,x
f5746f856110cb04,TID_ALLIANCE_CREATE_ARRANGED_WARS,الحروب الودية
3a3b614d26d58ce6,TID_CLANGAMES_TASK_BEAT_ELIXIRTARGET,تحدي الإكسير
288301e2c9256963,TID_HINT_END_BATTLE,يمكنك إنهاء المعركة منتصرًا عندما تربح نجمة واحدة على الأقل فيها.
3ef5259488e0879f,TID_TIME_LEFT_NONE,قريبًا!
63df71d6ce2be7d3,TID_STARTER_WINGOLD_INFO,اغنم <num2> من الذهب على الأقل من معركة واحدة متعددة اللاعبين.
5abaee9d7f1c2b56,TID_GEAR_INFO_ARCHER_CROWN,لاستدعاء عصابة راميات سهام.
9a0b7bcd4b65fc33,TID_START_WAR_FAILED_ENEMY_HAS_TOO_MANY_REQUESTS_PENDING,لا يمكن شن حرب، فهناك الكثير من الطلبات المعلّقة
46f9c92e52e7b180,TID_CLAN_JOIN_FAIL_FULL,القبيلة ممتلئة!
a0c82450390e3a5a,TID_NPC_CHALLENGE_TH11_EDRAG_DEPLOY_BLIMP,فعّل <c54a0fe>منطاد المعركة</c> لنشر قوات قلعة القبيلة الموجودة في الداخل.
b1ea42cda8191c7a,TID_ADVANCED_SEARCH_BUTTON_MORE,الخيارات المتقدمة
a4897ebaaced94c6,TID_LINK_SAME_PLATFORM_TENCENT,للعب على العديد من الأجهزة، تأكد من أنك قمت بتسجيل الدخول إلى حساب WeChat أو QQ الخاص بك في إعدادات اللعبة.\n\nثم سجّل دخولك باستخدام حساب WeChat أو QQ نفسه على الجهاز الآخر أيضًا. ستتم مزامنة تقدمك تلقائيًا.
f202aa617988842a,TID_NPC_CHALLENGE_BOWIGI_BALLOON1,تصلح <c54a0fe>البالونات</c> لإزالة الفخاخ التي قد تؤذي <c54a0fe>معالجاتك</c>. انشر واحدًا الآن!
86dcf06490882d80,TID_NAME_CHANGE_ALREADY_USED,لقد غيرت اسمك مرة بالفعل
e7f52c7fe0bf32fe,TID_DIAMOND_BUNDLE_BUILDER_BASE_HERO_PACK,مجموعة بطل البنَاء
9f412faf9b66257e,TID_TENCENT_DOLPHIN_DOWNLOADING_78,更新合并差异文件
3f1a821a5e441f0a,TID_ALLIANCE_SEARCH_HINT,اكتب اسم القبيلة أو شعار القبيلة
3118e0181c06e2ce,TID_SHIELD_POPUP_GUARD_TITLE,الحراسة نشطة
6f7ad5386312ce57,TID_LEAGUE_QUEEN,ملكة الدوري
d83e62e165947690,TID_RUIN_DESC,مجموعة من المباني المهملة منذ فترة طويلة تنتظر إعادة بنائها إلى شيء آخر جديد.\n\nوهي قابلة لإعادة البناء من <building> المستوى <level>.
64eb3d994d6d5b62,TID_BALLOON_BUS,منطاد
9af3aecb4ac725ea,TID_NAME_CHANGE_ON_COOLDOWN,يجب انتظار <time> إضافية لتغيير اسمك مجددًا.
3a9cd4e15d3ec958,TID_ALLIANCE_GAMES_START_TASK,بدء
67ca4482297169d3,TID_CHARACTER_CANNON_CART_ACTIVE_INFO,للتبديل بين وضع العربة ووضع مدفع الهاون عند تفعيله.
dc3f85c8175ffe0a,TID_AMMO_FILL_CONFIRMATION,القوس محمل الآن!
db2f615cb93f6631,TID_CLAN_TAG_ACTIVE_DONATOR,متبرع نشط
04b4ca73e2c60e80,TID_ALLIANCE_ROLE_MEMBER,عضو
2da5514420941d6a,TID_STARTER_TH3_LOOTELIXIR,سارق الإكسير
0aada0968f182754,TID_ACHIEVEMENT_VICTORY_POINTS_TITLE,النصر الجميل!
e505a67c7680b7a3,TID_ARTO_UNLOCKED,تم إكمال بوب!
5cf3867f22f8a94b,TID_HEROES_FEATURE,الأبطال
66a11a4750fbeeab,TID_ATTACK_LOST,لقد خسرت
180b89db36c85337,TID_UPGRADE_INFO_DAMAGE,<old> الضرر (+<num>)
720367dfac8b86c9,TID_CLAN_SETTINGS_YES,نعم
9108e90ec29adf76,TID_UPGRADE_HOME_TH_LOCKED_INFO,أنشئ المباني التالية لفتح مستوى قاعة المدينة التالي!
1552aaab49b7e59f,TID_LEAGUE_TITANIUM3_SHORT,التيتانيوم 3
6ad4863da728c848,TID_ACHIEVEMENT_CLAN_GAMES_POINTS,اربح <number> من النقاط في مباريات القبيلة
07f4704946576d2d,TID_HEAL,الشفاء: <number>
72e3a13b67fe0593,TID_HASTY_BALLOON_ABILITY_NAME,المعززات
da14af63fc77aa44,TID_FOLLOW_BUILDER_TITLE,تابع البنّاء على Instagram!
240d2290af4482e1,TID_DECORATION_SUPER_TROOP_STATUE,تمثال خارق
a5b627066095a706,TID_ACHIEVEMENT_LOOT_GOLD,سرقة <number> من الذهب
541443eae36fcc14,TID_EVENT_TIME_LEFT,الوقت المتبقي:
58647505301a85fe,TID_BUILDING_TEXT_CREATE_SPELL,صناعة
29b43b76b928e920,TID_TOWNHALL_DIVIDER_TEXT,قاعة المدينة <level>
162747a84b20fe8f,TID_OPTIONAL_AVAILABLE_TITLE,تحديث جديد!
5c0e921b9179a651,TID_ALLIANCE_CASTLE_INFO,تضم قلعة القبيلة خزينتك وأي قوات تعزيز أو تعويذات يرسلها زملاؤك في القبيلة.
ebc16fe58e4f60e5,TID_TITLE_SELF_DONATE_TROOPS,إضافة تعزيزات
9d84265ffe921567,TID_CAPBUILD_GOBLIN_HALL_INFO,إنها قاعة غيلان هادئة بشكل مخيف، تخلو من أصوات التآمر وخشخشة الذهب المعتادة.
f4c67e82988ca4a6,TID_ERROR_POP_UP_SERVER_MAINTENANCE_ESTIMATED_SOON,المعذرة، الخوادم تحت الصيانة في الوقت الحالي. من فضلك حاول ثانيةً خلال بضع دقائق.
bbfd7c1af54fd187,TID_OBSTACLE_CNY2021,زرعة الحظ
a197cbd5b02576ab,TID_REENGAGEMENT_APOLOGY_4,نحن ممتنون لعودتك!
ade1681ed8b18429,TID_TUTORIAL_ARTO_COMPLETE_1,انتهى!
a1c630bbcf39052a,TID_BATTLEPASS_TASK_INFO_DESTROY_ARMYCAMPS,دمر <num> من معسكرات الجيش في معارك متعددة اللاعبين.
8574e23a468cd142,TID_RAIL,سكة حديد
1ad41f55fb2003b6,TID_MASTER_WARDEN,الآمر المعلم
2d6bc40d7ac34106,TID_ACCOUNT_LOCKED_TITLE,تم قفل الحساب
236b87d7d41a38d2,TID_TRAIN_SPELL_STORAGE_FULL,مخزن التعويذات ممتلئ!
b71aae9f5081b93b,TID_REPAIR_CLAN_CASTLE,إلغاء قفل القبائل
564a5db6ee4dde0c,TID_INVITE_FRIEND_CONFIRMATION_TITLE,إضافة صديق؟
7e5b70d2708afcdd,TID_LEGEND_SIGN_UP_FAILED,التسجيل في دوري الأسطورة غير متاح مؤقتًا. حاول لاحقًا.
82e8b6b56aced2ef,TID_SUPPORTING_CURRENT,يتم حاليًا دعم: <name>
924a2e4294c0fd30,TID_CLANGAMES_TASK_USE_SUPER_VALKYRIES,غضب الفالكيري
97961c983c865869,TID_ERROR_POP_UP_OUT_OF_SYNC,لا يوحد تزامن بين العميل والخادم! هناك تحديث جديد يتضمن تعديلات وإصلاحات أخطاء نشرناه في متجر التطبيقات.
ed612f42d165a32d,TID_DECORATION_SHORT_FILM_STATUE,تمثال الأسطورة
1f2d37cc4fd39f19,TID_YOUR_TROOPS,قواتك
eaa6f327806ef560,TID_ALLIANCE_WAR_LOOT_TRANSFERRED,تم جمع موارد الخزينة!
fb114c0d78c8c66a,TID_ALLIANCE_WAR_ATTACK_TIME_TITLE,يوم المعركة
d464aee2e92389ea,TID_HINT LOOT_BONUS,أتريد غنيمة أكبر؟ انضم إلى دوري واحصل على غنيمة مكافأةً على كل هجوم ناجح!
1ce3d817442144fc,TID_TUTORIAL_OUTPOST_INTRO_3,إنه صديق آلي صغير بنيته لمساعدتي. قل مرحبًا يا أوتو!
040f85d67d65d6ca,TID_TUTORIAL_WAR_LEAGUE_13,المس زر المعلومات لعرض مزيد من المعلومات. أعتقد أننا مستعدون!
d91cc915560acd0f,TID_WAR_STATS_HEADER_ALLIANCE_EXP,نقاط خبرة القبيلة
d9c9b16b1660ceb0,TID_NPC_CHALLENGE_TH7_DRAGON_DRAGONS2,انشر <c54a0fe>تنينًا</c> واحدًا إضافيًا لإخلاء زاوية القاعدة. سيساعدك هذا على توجيه بقية جيشك نحو المركز.
d204c35eea5d31b1,TID_V2_START_DUEL_SNAPSHOT_FAILED,فشل البحث عن مطابقة، تعذر الحصول على لقطة
f8e86dc283120f35,TID_CLANGAMES_TASK_INFO_USE_ROCKET_BALLOONS,اربح <num> من النجوم في معارك متعددة اللاعبين باستخدام <num2> من البالونات الصاروخية.
7d5714677a7d4384,TID_REQUIRED_EXP_LEVEL,يجب توفر خبرة من المستوى <number>
056af0d9482650b6,TID_CAPBUILD_WALL_INFO,الجدران تحمي المناطق وتبعد الأعداء.\n\nتكون جدران المنطقة دائمًا في مستوى واحد وتتم الترقية في الوقت نفسه. نحن نبني معًا، ونقاتل معًا، ونقوم بترقية الجدران معًا!
42d68ead567a35c6,TID_DAILYLOGIN_TITLE,الجائزة اليومية!
f3a47e12ed160046,TID_LABORATORY_HINT2,امسح الشاشة لرؤية قائمة الترقيات بالكامل
5bedb54f4f3820d2,TID_CHARACTER_INFO_HULK_BIG,عندما يشتد بأس هذا العنيد، تشتد الرحلة أمام أعدائه!
3394dbd3c8ac90b1,TID_LABORATORY_UPGRADING,الترقية:
e3b9ce536da90784,TID_BUTTON_WAR_ATTACK_CONFIRM_ATTACK,هجوم
af4edc76aa14107e,TID_GEAR_INFO_SPEEDY_SPEARS,تلقي تعويذة التسرع على البطلة الملكية.
357052de95080dfc,TID_BATTLEPASS_TASK_INFO_USE_WITCHES,استخدم الساحرات لربح <num> من النجوم من معارك متعددة اللاعبين.
ebe999ddbcb248fa,TID_DIAMOND_BUNDLE_DARK_ELIXIR_INFO,• <gems> من الجواهر\n• <res0> من إكسير الظلام\n\nبدون حدود على التخزين!\n\nلا تفوّت هذا العرض الذي يعطي <cffec78><value> أضعاف القيمة</c> ويأتي مرة واحدة!
69ca8d36eae20fa0,TID_UNABLE_TO_LOCATE_COUNTRY_FOR_SCORES,لا يمكن العثور على لوحات الصدارة لموقعك.
0cff14de6b4cc941,TID_SETTINGS_API_TOKEN_HEADER,رمز API
a694ac3e81706589,TID_BATTLEPASS_TASK_WIN_BATTLES_USING_WITCHES,الساحرات البارعات
66522f24ef1ac681,TID_INVALID_CAPITAL_ARMY,قم بتحديث جيش العاصمة قبل الهجوم
08da33efa0e540d7,TID_ALLIANCE_GAMES_ALLIANCE_MISMATCH,أنت بحاجة لإعادة الانضمام إلى <alliance> لتتمكن من الاستمرار في لعب مباريات القبيلة الآن، أو انتظر حتى تبدأ مباريات القبيلة القادمة.
853426fc1d2f45c7,TID_CHARACTER_INFO_WARLOCK_SHORT,استدع الهياكل العظمية بأسلوب فريد!
518d4ac5520d5ac4,TID_COSMETICS_EXTRA_SOUNDS,أصوات إضافية
ab2d2f5fabd15564,TID_HINT_SCATTERSHOT,يتفوق المنجنيق في إلحاق الضرر بالقوات التي توجد خلف هدفه الأساسي.
505819fc4c16afb6,TID_START_WAR_FAILED_INVALID_SIZE,لا يمكن بدء الحرب!
53b889999b76db8c,TID_DECO_FOREST_2,بستان
ab12b3ee928a1212,TID_DIAMOND_BUNDLE_ELIXIR_INFO,• <gems> من الجواهر\n• <res0> من الإكسير\n\nبدون حدود على التخزين!\n\nلا تفوّت هذا العرض الذي يعطي <cffec78><value> أضعاف القيمة</c> ويأتي مرة واحدة!
d39f4a509a070a55,TID_BOB_TASK_TROOP,\nالإتمام من خلال ترقية أي قوات قاعدة البنّاء إلى المستوى <level>
127420ab055f9ccb,TID_DIAMOND_BUNDLE_TH9_REVISED_INFO,• بطل الملكة رامية السهام\n• <booster1> من كتاب الأبطال\n• <res0> من إكسير الظلام\n\nلا توجد حدود للتخزين!\n\nلا تفوّت هذا العرض الذي يمنح <cffec78><value> من أمثال القيمة</c> ويأتي مرة واحدة!
9d332de8fbc12983,TID_EDIT_CAPITAL_ARMY,تغيير جيش العاصمة
6b1263b1f3602b98,TID_NEWS_TH11_UPDATE_SHIELDS_TITLE,الدروع - الدفاع المرن والمعتدل
55e5a95ee8d267d4,TID_COSMETIC_ESTATE_4X4_GIANTS_HOUSE,منزل العمالقة
bf6738d2acb08f0b,TID_SHARE_DIALOG_COPY_ALERT_BUTTON,حسنًا
31638c2a533a1c8c,TID_LIVE_SPECTATOR_COUNT,المشاهدين <num>
3e039fae8c8fdfbe,TID_POPUP_BOOST_ALL_BARRACKS_BOOSTER,هل تريد تسريع سرعة تدريب <number> من الثكنات ومصانع التعويذة بمقدار <multiplier>x لمدة <time>؟
deb3374920dfb19d,TID_ARMY_FULL,الجيش مكتمل
573d8632a2af1292,TID_DECO_GOBLIN_CELLAR,قبو الغيلان
dc1631ef0b0ebae2,TID_CLOCK_TOWER_BOOST_DURATION,مدة التعزيز: <number>
a155c9b4e17e3ada,TID_WIZARD_TOWER_INFO_SHORT,تنصهر أي قوة تتعرض للكرات النارية السحرية بعد عدة إصابات.
6e15ab20eba400fe,TID_ELECTROFIRE_WIZARD,الساحر الكهربائي الناري
183fc184edfeeed4,TID_TENCENT_CDKEY_EXCHANGE,兑换码
13f2a54f8161fc6f,TID_CHARACTER_INFO_BIG_BOY,يحب الهيكل العظمي الضخم شرب الحليب؛ لذا فقد فاق نمو عظامه كل التوقعات. لكن لا تنخدع بمظهره، فهو ما زال فتى أمه المدلل.
e3219ab746f93710,TID_REQUIRED_STAR_LABORATORY_LEVEL,يلزم توفر المستوى <number> من معمل النجوم
3663654be20af304,TID_WARNING_WAR_MEMBER_NOT_IN_CLAN,هذا اللاعب ليس في القبيلة حاليًا.
6bc619ede5512268,TID_CREATE_ALLIANCE_BUTTON,إنشاء
bf33045fad49906f,TID_CAPBUILD_BARRACKS_CANNONCART,ثكنات عربات الغارات
99ec98e238412798,TID_STREAM_BUTTON_FIND_CLAN,البحث
12da90da390278c5,TID_CLANPERK_DESC_WAR_LOOT_MULT_VALUE,<value>%
240a3d5d291d4db1,TID_AVATAR_MESSAGE_BUTTON_MORE_INFO,المزيد من المعلومات
b16cc55b2fe426f9,TID_DIAMOND_PACK_3,كيس جواهر
4fb788e06320bbb6,TID_DIAMOND_BUNDLE_MAGICITEMS_BUILDING_BOOK_WITH_RESOURCES_INFO,• <booster1>x كتاب البناء\n• <res0> الذهب\n• <res1> الإكسير\n• لا حدود للتخزين!\n\nأكمل ترقية أي من المباني على الفور من خلال كتاب المباني!\n\nلا تفوت هذا العرض!
a01dfc4f0480fb01,TID_CLANGAMES_TASK_DESTROY_BB_ARMYCAMP,فوضى أرض المعسكر
94b4d0dd1e63e9dc,TID_CAPBUILD_SPELLLAB_GRAVEYARD,مصنع سحر المقبرة
3797f9df6ce7dd09,TID_LAST_ONLINE_OVER_WEEK_AGO,لعب قبل أكثر من أسبوع
0d181ef6e842430f,TID_NPC_CHALLENGE_TH11_LAVALOON_JUMP,استعمل <c85ff3b>تعويذة القفز</c> لتمكين <c9916c8>الملكة رامية السهام</c> من إصابة أهدافها!
695d11392b7eca91,TID_EPIC_MAGIC_SCENERY,منظر السحر الرائع
b7318c68dbd87046,TID_CAPBUILD_SPELLLAB_RAGE,مصنع تعويذة الغضب
93d5f5dbe59b8f6f,TID_OVERQUEUE_HELPER_SIEGE_MACHINE,ستنضم آلات الحصار هذه إلى جيشك عندما تتوفر مساحة فارغة!
68f4fc471e43a61a,TID_CLANGAMES_TASK_USE_GOBLINS,خداع الغيلان
436b3264c7b81de4,TID_DEMOTE_TO_ADMIN_CONFIRMATION_TITLE,هل تريد تخفيض الرتبة؟
f4d6a9f6e9e7f56a,TID_PERK_NEW,جديد!
457190cf6fc3c4aa,TID_ALLIANCE_MAIN_BUTTON,قبيلة
cd9c9397bab75172,TID_STARTER_WINUSINGHEALER,أيادي الشفاء
76401076aef1e1b4,TID_CLANGAMES_TASK_USE_BARBARIANS,شجار البرابرة
350b0ef8fedc97cd,TID_GEAR_TITLE_IRON_FIST,قارورة الغضب
a2f740d347bdc6f4,TID_ALLIANCE_WAR_ATTACK_CONFIRM_1STAR,فازت قبيلتك بنجمة واحدة من هذه القرية. أتريد المحاولة للحصول على نتيجة أفضل؟
222bb276e199c2e9,TID_PRESET_EMPTY,لم يتم إعداد جيش
9a745e2e7ba8268e,TID_MEDAL_EVENT_SOFT_CURRENCY,العملة المرنة لحدث الأوسمة
a122a88220233b49,TID_TROOP_ALREADY_AT_MAX_LEVEL,الوحدة في أقصى مستوى بالفعل!
c5de28629d8fa7df,TID_TUTORIAL_RAID_WEEKEND_2,ترى هنا قبيلة العدو التي تقوم بمداهمتها حاليًا. للفوز، يجب على قبيلتك إبادة كل مناطقها.
36b58ba853123b9b,TID_DECO_GOBLIN_CART,عربة الغيلان
b5095f11d4295259,TID_PLAYER_SEARCH_INTERNAL_ERROR,فشل البحث عن اللاعب. حاول مرة أخرى لاحقًا.
8459cec59d3b745a,TID_SUPER_GIANT_ABILITY_HELP,يلحق ضررًا أكبر بالجدران.
c249317011754ee0,TID_SETTINGS_NAME,الاسم
3f1ee6dea3bd7acd,TID_WL_MEDALS_BONUSES_RECEIVED,مُنحت <num> من الأوسمة الإضافية ضمن جوائز دوريات حروب القبائل
bb1bf5216ab559cd,TID_RECALL_TROOPS_TO_DEPLOY_THEM_AGAIN,سحب القوات لنشرها مجددًا
edd2d4232bbef303,TID_BUILDING_MEGA_TESLA,تيسلا عملاقة
a069ad2a19939408,TID_EVENT_CHRISTMAS_SPELL,عنصر خاص بـ Clashmas: مفاجأة بابا نويل
abff92d0c3c9b3fe,TID_BB_STAR_BONUS_COOLDOWN,ستصبح مكافأة النجوم متاحة خلال: <time>
4e9b3a15632e6029,TID_ARROW_TRAP,فخ الرماح
5e2f951ee8a4a540,TID_DIAMOND_BUNDLE_BH4_INFO,• <gems> من الجواهر\n• <res0> من الإكسير\n• مقر حراسة من المستوى 1\n• قنبلة جوية من المستوى 1\n\nبلا وقت للبناء وبلا حدود على التخزين!\n\nلا تفوّت عرض <cffec78><value>أضعاف القيمة</c> الذي لن يتكرر!
17a5a762539f865c,TID_PRESET_FULL,ممتلئ!
148350f2160b9bd8,TID_ACHIEVEMENTS_COMPLETED,مكتمل:
250e8a2fea13a84e,TID_ALLIANCE_SEARCH,بحث عن القبائل:
48e1c6d72b56b5c9,TID_WAR_STATS_HEADER_FEATURED_BATTLES,معارك مميزة
64d617bb093b7cbc,TID_AMMO_ALREADY_FULL,القوس محمل بالكامل!
b91af8a6eb033b59,TID_BUILDER_HALL_7_INFO_SHORT,نقدم إليكم الهياكل العظمية، والحل للهياكل العظمية أيضًا.
ad1e4228d29d5d6a,TID_SPELL_BATS_INFO_SHORT,استدع سربًا من الخفافيش متى شئت.
17706f40174a8580,TID_BATTLEPASS_TASK_WIN_BATTLES_USING_BAT,موسم الأسراب
a27e005e22e48296,TID_BUTTON_PLAY,العب
fe9908b0d24ec213,TID_CHARACTER_BABY_DRAGON_ACTIVE_INFO,يعطس نيرانًا تلحق <num> من الضرر عند التفعيل.
ba1d8563308ebb55,TID_CLANGAMES_TASK_USE_LOONS,حملة البالون
d0cc2029a1ceb705,TID_STARTER_WINGOLD,اغتنم الذهب!
ca58c363c87dfeab,TID_GEAR_HEALER_JAR,دمية المعالجة
2661945967903029,TID_CLANGAMES_TASK_WIN_HOMEBATTLES,مجموعة انتصارات
61aa0e20a222e694,TID_LOGIN_TO_FACEBOOK_BUTTON,تسجيل الدخول إلى Facebook
22494353855a6d4e,TID_CLANGAMES_TASK_GET_BUILDERBATTLESTARS,خبير نجمة معركة البنّاء
48f4d7fa601d0699,TID_PROMOTED_TO_TEXT,تمت الترقية إلى
516df6d043f4b8c5,TID_DONATION_FAILED_ALREADY_UPGRADED,أنهى عضو قبيلة آخر الترقية!
b99ec41d1a01ea4e,TID_SHOP_CATEGORY_RESOURCE_BUILDINGS,الموارد
b325cebe0bd3aea9,TID_NO_MESSAGES_TEXT,بعد إعادة بناء قلعة القبيلة، ستتلقى دعوة قبيلة هنا
242cb1225331d828,TID_EP_PERK_INCREASE,<num>%\n<perk>
383b0f52b88adea1,TID_BATTLEPASS_TASK_INFO_USE_CANNONCARTS,استخدم عربات المدفع لربح <num> من النجوم من معارك البنّاء.
60359e5585890df2,TID_EVENT_ARMY_GOWIWI_INFO,دمّر القرى بجيش تقليدي يتكون من قوات الغولم والسحرة والساحرات! كل وحدة أرخص الآن بنسبة 50%!
186251a62b0d30c9,TID_CAPITAL_GOLD_STORAGE_ALMOST_FULL_TEXT,مخزن ذهب العاصمة أوشك على الامتلاء. أتريد الهجوم على أي حال؟
5bf8eec851237191,TID_BP_REWARD_CATEGORY_SKINS,مظاهر الأبطال
c292eb2bb60a6d71,TID_NPC9,قوة غاشمة
7751e1298373bc1e,TID_BATTLEPASS_TASK_WIN_STARS_USING_FREEZE_INFO,استخدم تعويذات التجميد لربح <num> من النجوم من معارك متعددة اللاعبين.
8b00110351bbeb24,TID_CLANGAMES_TASK_INFO_USE_SUPER_MINIONS,اربح <num> من النجوم من المعارك متعددة اللاعبين باستخدام <num2> من المينيون الخارقة.
d858e4bb3f66d387,TID_INFO_TAGS_SEARCH,اختر <max> من الفئات كحد أقصى للعثور على قبائل تناسبك.
8d4559e387566898,TID_DECO_RESTORED_PILLAR_INFO,عليه نقوش متقنة دقيقة. في الواقع دقيقة جدًا لدرجة لا يمكن تفسيرها.
369528ec571e22bd,TID_REENGAGEMENT_OWN_VILLAGE,قريتك
9b95b671c79d3f39,TID_AVATAR_MESSAGE_CLAN_WAR_COOLDOWN_WARNING,تم إيقاف قبيلتك وحسابك على اللعبة مؤقتًا من حروب القبائل كإجراء تأديبي.
3dfa3a1f3ab15332,TID_PREFERRED_TARGET_DAMAGE_BONUS,(ضرر x<number>)
b7455e9baadd8a06,TID_PRIZE_SHOP_ITEM_PURCHASED_INVENTORY,تمت إضافة <item> إلى مخزونك
d63e9d97df3b4a9f,TID_CHAMP_WARDEN,الآمر البطل
0d343e59d0b0e1d8,TID_TITLE_REQUEST_TROOPS,طلب التعزيزات
cdadd06db7fa21b9,TID_HINT_TREASURY,الخزينة تحمي غنيمة حرب القبيلة وغنيمة مكافأة النجوم في قلعة القبيلة.
83f62257b8c2b789,TID_NPC58,حفل التخرج
356a6b971de4fa8f,TID_COSMETICS_CUSTOM_MUSIC,موسيقى مخصصة
be2d2c553d9240d2,TID_REPLAY_SHARED_FAIL,لقد شاركت بإعادة عرض بالفعل. شارك ثانيةً خلال <time>.
ec18534e57c3a61f,TID_BP_COMPLETED_TASKS_HEADER,التحديات المكتملة
5185dface4d1aaa4,TID_TUTORIAL_WAR_INFO_1,انقر زر المعلومات لتعلم المزيد. تعتمد القبيلة عليك أيها الزعيم!
a347781424d5f106,TID_BOOST_SIEGE_WORKSHOP_POPUP_TITLE,عزز تشييد آلة الحصار!
20426fa488cb752f,TID_NOTIFICATION_ARMY,الجيش
a0d6a84808c67f5e,TID_CLANGAMES_TASK_INFO_DESTROY_BB_AIRBOMBS,دمر <num> من <building> في معارك البنّاء.
35e189d0b8866bef,TID_NPC68,عاصمة الغيلان
a45729732e58fd5a,TID_MULTIPLAYER_SHIELD_COST,تكلفة الهجوم:
731c912cde7a170b,TID_RESEARCHER_MENU_ALL_UPGRADED,اكتملت جميع الترقيات
519f6dfda3a7b6b6,TID_OPEN_DAILYLOGIN,مفتوح
0e754c5503e69516,TID_HALLOWEEN_INFO_SCREEN_ITEM1,هاجم القواعد متعددة اللاعبين لجمع الإكسير الحمضي
56d93ba358dbb745,TID_RAID_WEEKEND_INFO,معلومات غارة نهاية الأسبوع
15b0767d492bf559,TID_SHIELD_POPUP_PERSONAL_BREAK_REMAINING,الوقت المتبقي حتى الاستراحة الشخصية:
afa847d0ea5b37e0,TID_STREAM_REPLAY_BUTTON,إعادة العرض
cd1fb115747422ad,TID_SUPER_TROOPS_FEATURE,القوات الخارقة
b34bbe2e47d145e2,TID_STREAM_EVENT_STARTED_WAR,بدأ بحث حرب القبائل
fbf40bf9a3b1269e,TID_DARKTOWER_AMMO_FILL_CONFIRMATION,برج النار محمل الآن!
cf274d40ebe31239,TID_FEATURE_DARK_ELIXIR_DESC,نوع أقوى وأكثر نقاءً من الإكسير، يسمح بتشييد جيش أقوى بكثير.
2f72933e45455a77,TID_EVENT_TROOP_INFO,درّب قوات <troop> مقابل خصم وأكمل حدث التحدي!
c6ccb4e2da7b2212,TID_POPUP_GOBLIN_HELPER_HEADER,خدمات مساعدة
4e25c71b7b90d1dd,TID_ALLIANCE_GAMES_PERSONAL_COOLDOWN_TEXT,ترتيب التجهيزات للتحدي القادم...
4c84597cf095d146,TID_WAR_ATTACK_CONFIRM_CASTLE_TROOPS_ONLY_TEXT,قوات قلعة القبيلة: <number>
bc805717c097c229,TID_DIAMOND_BUNDLE_BH3_INFO_ALT,• <gems> من الجواهر\n• <res0> من الإكسير\n• <res1> من الذهب\n\nبدون حدود على التخزين!\n\nلا تفوّت هذا العرض الذي يعطي <cffec78><value>أضعاف القيمة</c> ويأتي مرة واحدة!
dba1da5eb95c180a,TID_SHARE_DUEL_TEXT,أتريد مشاركة إعادة عرض معركة بنّاء مع قبيلتك؟
a8750b135892fa43,TID_SOUR_ELIXIR,الإكسير الحمضي
f27c79eeb30fcbc3,TID_CLANGAMES_TASK_DESTROY_MONOLITHS,تدمير المنليث
87942a885ca883b8,TID_LEAGUE_KING,ملك الدوريات
c0882e7d4a2b83c1,TID_ACCEPT_PRIVACY_SUGGESTIONS,قبول
2d01e89a79552628,TID_HINT_CLAN_GAMES,سجّل قبيلتك في ألعاب القبائل لإكمال التحديات واربح بعض الجوائز الرائعة مع زملائك في القبيلة!
ddffe081d928aab7,TID_LEAGUE_INFO_PLACEMENT_HEADLINE,قم بمهاجمة قرية أي لاعب للاشتراك في دوري
6b73c4e778f2b0c1,TID_CAPITAL_PLAYGROUND_DEPLOY_AREA_EXPLANATION_4,لاحظ كيف تتوسع منطقة النشر بعد ذلك.
efbc1214b3814e29,TID_POPUP_BOOST_ALL_COLLECTORS_BOOSTER,هل تود مضاعفة إنتاج جميع المستخرجات الـ <number> لمدة <time>؟
a6b7b9dc865f1186,TID_DECO_HOGMASTER,بابا نويل البربري
a55cb58fb9f0c472,TID_TUTORIAL_TOWN_HALL_2,أحسنت! يمكننا الآن بناء مبانٍ جديدة من المتجر بفضل ترقية قاعة المدينة.
ee8135da66ca313e,TID_CLANGAMES_TASK_DESTROY_BB_AIRBOMBS,تم إطلاق القنابل!
7ca149daca0c965e,TID_OBSTACLE_OLD_BARBARIAN_STATUE,تمثال بربري قديم
64365dc116f2de85,TID_USES_VILLAGE2_BUILDER,يلزم بنّاء خبير!
df226e7c7ff69260,TID_LEVEL_UP,ارتفع مستواك!
988e6d5693d05f13,TID_EVENT_ARMY_GOWIWI,حدث \qغوساسا\q
9f39ecfdff41031f,TID_DIAMOND_BUNDLE_MAGICITEMS_BUILDER_BASE_BUILDING_BOOK_WITH_BUILDER_POTION_AND_GOLD_INFO,• <res0> ذهب البنّاء\n•<booster1>x كتاب البنّاء\n• <booster2>x جرعة البنّاء\n• لا حدود للتخزين!\n\nكل ما تحتاجه لترقية قاعة البنّاء والدفاعات!
3b6620487eaf150d,TID_PRIZE_SHOP_ITEM_PURCHASED_TREASURY_MULTI,تمت إضافة <num> من <item> إلى قاعة مدينتك.
bc003353ce0b4328,TID_CLAN_GAMES_THEME_DARKHEROIC,مباريات الظلام و\nالبطولات\n
f7a7976fe5298e73,TID_WL_RESULT_STAYED,قبيلتك بقيت في
2bbf4f328132f8ba,TID_BUILDING_CONSTRUCTION_PREVENTS,متوفر عند انتهاء الإنشاء!
424d2d5b22c9afe1,TID_HERO_ABILITY_UPGRADE_PROMPT_MALE,قم بترقية بطلك إلى المستوى <number> لتحسين قدرته.
cb2def5180eb8e05,TID_LOCAL_NOTIFICATION_EVENT_SPELL_DISCOUNT,أيها الزعيم، بدأ أحد أحداث التعويذات!
fc3c884562fe84f9,TID_VISITING,قيد الزيارة
1d02c9f2e72f9811,TID_BP_BANK_INFO,يتم تسليم محتويات البنك إلى مخازنك عند انتهاء هذا الموسم.
ea7e35dbe42b41c8,TID_CHARACTER_INFO_HEALER,تعيش هذه المخلوقة العظيمة لحماية زملائها من القوات ومساعدتهم. ويتحسن أي جيش بفضل دعمها الشفائي، لكن احرص على حمايتها من الدفاعات الجوية!
96c9bb6588c96893,TID_CLANGAMES_TASK_INFO_WIN_STARS_VS_TOWNHALL_10,اربح <num> من النجوم ضد خصوم بقاعة مدينة من المستوى 10 في المعارك متعددة اللاعبين.
d56cfa4b89fbe257,TID_FRIEND_LIST_ITEM_PENDING,إضافة صديق؟
c0a30bff5f3eb86f,TID_LEAGUE_CLAY1_SHORT,الطين 1
7d31868c2004f5b9,TID_HUD_DEFENDER,مدافع
397323267757d3cc,TID_DISTRICT_GOLEM_QUARRY,محجر الغولم
cf23a5e6b919a3f5,TID_NPC73,الطريق الكبير
df8ec7c137a16ab3,TID_GEAR_FROZEN_ARROW,السهم المتجمد
733c4c762938002c,TID_NPC_CHALLENGE_TH6_GIWIWA_WIZARDS1,انشر <c54a0fe>السحرة</c> أثناء تشتت الدفاعات!
9b670e0ef1139ea6,TID_CAPITAL_ARMY_SAVE_OK,تم تغيير جيش العاصمة
2cb911b7f362f981,TID_NPC_QUEEN_HEALTH_LOW,نقاط إصابة <c9916c8>الملكة رامية السهام</c> في تناقص. قم بتفعيل قدرتها!
9b510127faa1f877,TID_CHARACTER_SUPER_HOG_RIDER,راكب الخنزير الخارق
693351e15f7f392d,TID_HINT_ENEMY_TOWN_HALL,تدمير قاعة مدينة العدو يمنحك نجمة واحدة
30df3c8ea5c5d415,TID_PET_SHOP_INFO,يستحق كل بطل رفيقًا وفيًا. يمكّنك بيت الحيوانات الأليفة من فتح حيوانات أليفة قوية تملك قدرات متنوعة لتقاتل إلى جانب أبطالك.
6cefd67d56e6e3ae,TID_CLANGAMES_TASK_DESTROY_BB_BUILDERHALL,تفجير قاعة البنّاء
6ca60ea61a077232,TID_ACHIEVEMENTS_REWARD,الجوائز:
fc39e1aacb8aa66f,TID_BONUS_FROM_GEAR,+<number> من المعدات
f2196b4d6d8f9be9,TID_CLANGAMES_TASK_USE_DROPSHIPS,الرحلة الليلية لمنطاد الإسقاط
7681f31347351a7b,TID_TRAINING_BUILDING_STATUS,ثكنات
cf76549681cc7e18,TID_LEGENDS_MP_PREVIOUS_DAY_TITLE,يوم الدوري السابق
507121a514ce336a,TID_CHALLENGE_LAYOUT,المخطط
097619b473d0ae00,TID_XP_BUTTON_HAYDAY,مجانًا
b0e8d6ca375f86a7,TID_TOWN_HALL_14_INFO_SHORT,مرحبًا بك في الأدغال حيث الألعاب المسلية!
4fe44d5ef885a3e7,TID_TITLE_CLAN_MAIL_SEND,إرسال البريد
eac0972239b5c280,TID_EDIT_MODE_VIEW_AS_ENEMY,عرض المستكشف
b1945f6a0b552f78,TID_HINT_SHIELD_GAIN,ستحصل على درع مجاني إن قام أحد المهاجمين بتدمير قريتك
e0b2abc33ab7a5aa,TID_TRAINING_QUEUE_IS_EMPTY,قائمة انتظار التدريب فارغة
3dedf011b8009414,TID_REPORT_REASON_ABUSIVE,辱骂
b63f41af9eafdca8,TID_CHALLENGE_CHANGE_LAYOUT_BUTTON,تغيير
a49df50c2f3b3772,TID_CLANPERK_UNLOCKED_PERKS,امتيازات القبيلة
8f0c96455330ac45,TID_ACHIEVEMENT_UNIT_UNLOCK2,فتح <name> في ثكنات البنّاء
f5380245c202d05f,TID_SUPER_GIANT_ABILITY_NAME,هدام الجدران
d8c77e2afa7b99d7,TID_CLANGAMES_TASK_INFO_USE_VALKYRIES,اربح <num> من النجوم من المعارك متعددة اللاعبين باستخدام <num2> من بطاقات فالكيري.
dbb550185319726c,TID_CHARACTER_INFO_ELITE_WALLBREAKER,من كان يظن أن التدحرج أفضل بكثير من الجري؟ يستخدم مدمرو الجدران الخارقون قنابل مشتعلة الفتيل قابلة للانفجار تحت أي ظرف. لا مجال لفشل الانفجارات بعد الآن.
04de6bd34d185edb,TID_IAP_INFO_TEXT,"청약철회는 구매일로부터 7일 이내 가능(단, 사용시 철회불가) 법정대리인 동의 없는 미성년자명의 결제 시 취소가능"
a66eedfa00c3b52a,TID_BP_PERK_RESEARCH_BOOST_DESC_STARTER,تستهلك ترقيات كل من القوات والتعويذات وآلات الحصار في المعمل موارد ووقتًا أقل.
2c24c2dbc9bee1a0,TID_DRAGON,تنين
09f703b6d991eb39,TID_SPECIAL_OFFER_INFO_EASTER_LIMITED_999,• <res0> ذهب\n• <res1> إكسير الظلام\n• <gems> جواهر\n\n• لا توجد حدود للتخزين!\n• يمكن شراء هذا العرض 20 مرة!\n\nتمتع بقيمة عظيمة في ترقية دفاعاتك، وأبطالك، وقوات إكسير الظلام في حزمة واحدة ممتازة!
4b62116ef074cab0,TID_NPC_CHALLENGE_TH9_LAVALOON_RAGE1,استخدم <cf07bf8>تعويذة الغضب</c> في موقع يفيد معظم القوات.
0ed0140d1aed152f,TID_BATTLEPASS_TASK_UPGRADE_BB_WALL,تحصين القلعة
ffbdbc5c612160cc,TID_BOOSTER_MAX_LEVEL_ARMY_MAXED_UP_LAB,يتعذر تعزيز الجيش. قم بترقية قاعة المدينة أولاً!
e94a89ff5cb1ec72,TID_NOTIFICATION_WL_LEAGUE_STARTED,دخلت قبيلتك دوريات حروب القبائل!
87067002470e08c2,TID_ENDOFSEP_OFFER_INFO_TH0712_0999,• <booster1> من كتب المباني: أكمل أي ترقية للمباني على الفور.\n• <res0>x ذهب\n\n•تخزين بلا حدود!\n• يمكن شراء هذا العرض 4 مرات خلال مدة العرض.\n\nحان وقت قتال الخريف!
044126f11df0dcc1,TID_NEWS_UPGRADE_OS_MORE,مزيد من المعلومات
a7b288213dc925dd,TID_COSMETIC_ESTATE_2X2_SMALL_HUT_INFO,منزل صغير غريب. غير مناسب لطوال القامة.
83c720bead2fdc25,TID_DIAMOND_BUNDLE_DARK_RESEARCH_PACK,مجموعة أبحاث الظلام
98efe0c5c30f31c0,TID_HINT_UPGRADE_CANNONS,قم بترقية مدافعك لتحسين دفاعك ضد الدخلاء
89a738832814766a,TID_DIAMOND_BUNDLE_MAGICITEMS_SPELL_BOOK,مجموعة كتاب التعويذات
ee95d038f3ad0a8b,TID_CLANGAMES_TASK_GET_KILLS_VS_GRANDWARDEN,مطاردة الآمر
e9e4c6eec78db348,TID_LOCAL_NOTIFICATION_EVENT_TROOP_TRAINING_BOOST,أيها الزعيم، بدأ أحد أحداث تسريع التدريب بجوهرة واحدة!
10816e17e4a809e8,TID_REPORT_REASON,原因
011821da750aada7,TID_CLAN_GAMES_TOO_MANY_MEMBERS,شارك عدد كبير جدًا من الأشخاص في هذه القبيلة بالفعل في مباريات القبيلة.
7e096f484df7df99,TID_MAX_TROOP_LEVEL,أقصى مستوى
4f75d48ab0207257,TID_TRAP_AIR_INFO_SHORT,يجب أن تنال الوحدات الجوية حظها من التفجير أيضًا.
56025f230d25bd50,TID_CLAN_WAR_CHALLENGE_ACCEPTED,تم القبول بواسطة <name>
7621d98d2eee6d9b,TID_CAPBUILD_SPELLLAB_LONG_HASTE_INFO,يحضّر براميل كبيرة من تعويذة التسرع الأبدية. دائمًا ما يسرع المارة القرويون الخطى عند المرور به.
a6e24ec563bac22b,TID_NEWS_SAFEGUARD_TEXT_ANDROID,استخدم تسجيل الدخول إلى Google Play لحماية تقدمك وللعب على أجهزة Android متعددة.
cde3df8b0037674b,TID_CLANGAMES_TASK_DESTROY_BB_DOUBLECANNON,مشكلة المدفع المزدوج
8eba70a7731969b9,TID_CLAN_MEMBERS,الأعضاء:
b3f0bdabe757b619,TID_LIVE_REPLAY_FAIL_NO_FREE_SLOTS,لا يمكن المشاهدة الحية. كل مواضع المشاهد ممتلئة.
bcf6c2295451156d,TID_NPC_CHALLENGE_TH12_DRAGBAT_SPAWN_BATS1,استخدم <c9916c8>تعويذات الخفافيش</c> للتخلص من <cf70d16>مدفعية النسر</c> و<cf70d16>برج النار المنفرد</c>.
367fe068581ce7cb,TID_REQUIRED_HQ_LEVEL,مطلوب قاعة عاصمة من المستوى <number>
3f021b7583e4430d,TID_DECO_RUIN_RIVERSIDE_FOREST,غابة النهر
1c1d2f40d7a67c54,TID_TOP_HUD_FRIENDLY_BATTLE,تحدٍ ودي
334a1d48c04d854f,TID_MEDAL_EVENT_END_GOLD,انتهى الحدث. تم تحويل الأوسمة المتبقية لديك إلى <num> من الذهب.
7a9468cc4caf5109,TID_SETTINGS_TROOP_REQUEST,عرض طلبات التعزيزات الملائمة فقط
004f00e055059153,TID_ALLIANCE_REPORT_TEXT,هل تريد بالتأكيد الإبلاغ عن اسم القبيلة <name> أو وصفه على أنه غير لائق؟
528297d588a25b0f,TID_DECORATION_LEAGUE_II_STATUE_INFO,يرمز إلى المهارات المتزايدة. أصبح ملاك هذا التمثال قوة لا يستهان بها.
552f4aacab91865a,TID_BUTTON_BOOST_ALL,تسريع الكل
83dcd02d2b779078,TID_ADD_FRIENDS_INFO_CLASH,أضف لاعبين كأصدقاء Clash لبدء التحديات الودية وتابعهم في لعبة Clash Of Clans!
75c187094a83c18b,TID_CLAN_CAPITAL_TROPHIES,كؤوس العاصمة:
99949a9b6c68b383,TID_REPORT_PLAYER_BUTTON,إبلاغ
b0b8f640a71c86ad,TID_PTE_PERK_RESEARCH_BOOST,تعزيز الأبحاث
10cb5ed19d4cfd14,TID_ALLIANCE_INVITATION_FAILED_NO_CASTLE,لا يمكن دعوة اللاعب لأنه لا يملك قلعة قبيلة!
07f98149c6b55635,TID_SETTINGS_HIGH_FRAME_RATE_TITLE,معدل إطار أعلى
5213aa66f645f4fb,TID_HOUSING_INFO,قواتك متمركزة في المعسكرات. قم ببناء المزيد من المعسكرات وترقيتها لحشد جيش قوي.
1b76f3600a892702,TID_TUTORIAL_OUTPOST_INTRO_1,هذا هو المبنى حيث يسكن أوتو.
54a023f0e4de8d3a,TID_CLANGAMES_TASK_INFO_DESTROY_BB_MEGATESLA,دمر <num> من <building> في معارك البنّاء.
3733564e481c57a7,TID_BATTLEPASS_TASK_INFO_COMPLETE_EVENT,أكمل <num> من الأحداث في علامة تبويب الأحداث.
ab6600bbfd173f12,TID_YOU_HAVE_BEEN_ATTACKED_HEADER,أيها الزعيم، تعرضت القرية للهجوم أثناء غيابك!
00124d266a90906e,TID_ALLIANCE_WAR_EVENT_TOWN_HALL_DESTROYED,تم تدمير قاعة المدينة!
a8c76bd1cba7b3ef,TID_RESOURCE_CAP_FULL_GENERIC,قم ببناء المزيد من المخازن أو ترقية الموجود منها بالفعل!
020df9fa26bb177a,TID_DONATE_NOT_AVAILABLE_IN_MODE,العودة إلى الصفحة الرئيسية للتبرع بالقوات!
25fcdcebcbfba3ad,TID_CHALLENGE_CANT_REQUEST,انضم إلى قبيلة لطلب قوات قلعة القبيلة، والتعويذات، وآلات الحصار
c3bd8b51201de564,TID_CHARACTER_INFO_SIEGE_MACHINE_LOG_LAUNCHER,قاذفة الجذوع ليست الأسرع ولا الأقوى، لكن خطورتها لا يستهان بها. آلة رمي الجذوع هذه تقصف كل شيء في طريقها بعدد مهول من الجذوع، لتفتح طريقًا مؤديًا إلى قاعة مدينة العدو. لا تؤثر التعويذات عليها إطلاقًا.
cc375d19bff678cd,TID_ELECTROFIRE_WIZARD_INFO_SHORT,للسحرة العظماء تعويذتَين وزيَين.
8dd4e964a805e43f,TID_VILLAGE_GUARD_TITLE,حراسة:
2d55aa5b3d9eb127,TID_BUILDING_LABORATORY,معمل
f3aa6339e16d1de4,TID_BOOSTER_MOVE_OBSTACLE_INFO,هذه المجرفة السحرية هشة لكنها فعالة، ويمكن استخدامها لتحريك عائق واحد. قابلة للاستخدام في كلتا القريتين.
b5b4da5a8bd3ceee,TID_POPUP_CANCEL_GOBLIN_UPGRADE_TITLE,هل ترغب في إيقاف الترقية؟
4365fb9a5f1d3db7,TID_NPC36,نزهة الغول
0d155e9f76659f63,TID_LOCAL_NOTIFICATION_EVENT_GEM_BOOST_ATTACK,الآن يجري التعزيز بجوهرة واحدة! ضاعف سرعة جيوشك الكاملة 4 مرات بتعزيز تدريب القوات، وصناعة التعويذات، والأبطال!
4f0f21ecf0146386,TID_POPUP_RED_GEMS_PURCHASED_TEXT,شكرًا لك على دعم حملة (RED) ضد مرض الإيدز. هل تود إظهار الدعم بتزيين قاعة المدينة بشعار (RED) حتى 8 من ديسمبر؟
fabdf677967125db,TID_TRADER_NEW,جديد
2aaf9dd58bd03f09,TID_HINT_UPGRADE_MINES,هل نفد الذهب؟ حاول ترقية مناجم الذهب
4c9b8fbf28a135ec,TID_AVATAR_MESSAGE_TEXT_GEM_REVOKE,تم طلب استرداد أموال لهذا الحساب وقد تمت الموافقة عليه في <refundDate>. سوف يُرد المال بطريقة الدفع نفسها التي اتبعتها عند إجراء الطلب.\n\nتم خصم إجمالي <totalRevokedGems> من الجواهر من حسابك، بما يعادل قيمة المبلغ المُسترَد. قد يؤدي هذا إلى رصيد جواهر سلبي. يمكن استعادة الرصيد الإيجابي بإجراء طلبات إضافية وجمع الموارد في اللعبة.
d61962901ab250f0,TID_BOOMBOX_MAINTENANCE_TIME,الوقت المقدر المتبقي: <time>
0e2d2ee0899f45b0,TID_EVENT_CHRISTMAS_UNIT_INFO,جمِّد أعداءك في أماكنهم بفضل هذه القوات الأسطورية!\n\nسحرة الثلج جاهزون للتدريب لفترة محدودةّ!
65fe3ece04537b40,TID_ALLIANCE_STREAM_REWARD,تلقيت <number> من نقاط الخبرة
04e18ff2273115a2,TID_UPGRADE_WINDOW_NOTE,ملاحظة!
ae920f57388d6163,TID_SUPER_DRAGON_ABILITY_NAME,الشواء
a1efaf04038af15d,TID_IN_PROGRESS,قيد التقدم
ada4c79533d21e61,TID_BOOSTER_FINISH_BUILDING_UPGRADE_ALT_2_LINE,كتاب المباني
159d6fad09db2aeb,TID_NEWS_TH11_UPDATE_LOOT_TITLE,غزو أكثر ثراء: غنيمة وكؤوس
b69fee316de7e1b6,TID_WAR_STATS_HEADER_BATTLES,إجمالي الهجوم
fdfa726fa97ded0c,TID_ENDOFSUMMER_OFFER_INFO_TH0206_1999_0999,• <res0> ذهب\n• <res1> إكسير\n• <booster1>x من جرعات القوة: عزز قواتك وتعويذتك إلى أقصى مستوى لمدة ساعة.\n• <booster2>x من جرعات البنّاء: تتيح للبنّائين العمل بعشرة أمثال السرعة لمدة ساعة.\n\n• تخزين بلا حدود!\n• يمكن شراء هذا العرض 5 مرات!\n\nالآن لفترة محدودة فقط!
4cccf02aadf8bae5,TID_HINT_DARK_ELIXIR_USAGE,يمكنك استخدام إكسير الظلام لاستدعاء أقوى الأبطال في العالم!
dcff163b03f1b90d,TID_NPC_CHALLENGE_TH10_MINER_TEST_WALL_BREAKER,انشر <c54a0fe>مدمر الجدران</c> للتحقق مما إذا كانت هناك أي <cf70d16>قنابل</c> بالقرب من الجدران.
2ba0766ff35bc3ac,TID_CONTRIBUTED,مساهمة من <name>
35d5631e1185292d,TID_TUTORIAL_ELIXIR_1,يُستخدم الإكسير لتدريب القوات وتشييد المباني.
996679b76afeb07b,TID_CHALLENGE_INFO_2021,تبدأ قاعة المدينة 14 معركة في الغابة. ويحصل الأبطال على حيوانات أليفة لتكون برفقتهم وتضيف إلى قوتهم الهجومية! ويضيف راكب التنين ومنجنيق النيران الإثارة إلى الأمر.
3932b15d5de8653d,TID_ALLIANCE_DATA_FAILED_NOT_FOUND,لم يتم العثور على القبيلة.
b027a20121f61599,TID_NUMBER_TWO,2
63855fb50e5e0fbf,TID_BP_PERK_GEM_DONATION_COST,تبرعات الجوهرة الواحدة
ae6d3e834f89ccc5,TID_SCENERY_ALREADY_OWNED,لديك هذا المنظر بالفعل.
4ba7cf2e75cdbaed,TID_LEAGUE_COPPER3,دوري النحاس 3
f5bab248884d75b9,TID_LOCAL_NOTIFICATION_EVENT_CHINESENEWYEAR,أيها الزعيم، هناك عرض عام قمري مميز جدًا متوفر لك الآن!
9d33d72c62cc13b6,TID_TROOP_UPGRADE_ALREADY_ONGOING,الترقية قيد التنفيذ بالفعل.
b193087a24df3d88,TID_BOOSTER_STAR_POTION_INFO,بتكسير جرة النجوم الهشة هذه ستحصل على مكافأة النجوم في قاعدة البنّاء فورًا.
802f8c33335bceea,TID_COSMETIC_ESTATE_3X3_THATCHED_HUT,كوخ القش
54cecf9a460f82c9,TID_CAPITAL_PLAYGROUND_GATES_3,تم حبس هؤلاء <cf70d16>العمالقة الخارقين</c> الضعفاء داخل مقصورتهم.
5ab61f3f91d44560,TID_ELIXIR2_ALT,إكسير البنّاء
998f86ab1534fc57,TID_NPC_CHALLENGE_POISON_TO_SLOW_DOWN_QUEEN,استخدم <ce98714>تعويذة السم</c> لإبطاء <cf70d16>ملكة العدو</c>.
6bc5dbfd6123093f,TID_TUTORIAL_STARTER_CHALLENGE_2A,أحيانًا أيضًا ستفتح تحديات جديدة.
ec4d8e5e84d46fdc,TID_ATTACK_COOLDOWN_AFTER_MAINTENANCE,الهجوم على اللاعبين الآخرين معطل مؤقتًا!
7aa0b00b0f6c74d4,TID_CAPITAL_TUTORIAL_6,لنبدأ من الأعلى، أليس كذلك؟
9e386783a3108e14,TID_UNLOCK_DISTRICT_RUINS,لفتح المنطقة والأنقاض:
9e57e95b832360ca,TID_BP_SCENERY_TITLE,منظر
a326dcf8c36ffe25,TID_REMOVE_TROOP_MESSAGE,تمت إزالة القوات
c4083eaf0bbcd4f4,TID_POPUP_BOOSTER_FILL_STORAGE_TITLE,أتريد ملء المخازن؟
1a9b5d150b036082,TID_STAR_BONUS_DESCRIPTION,يتم تسليم غنيمة مكافأة النجوم إلى الخزينة.
52988e0389178666,TID_AVATAR_MESSAGE_TEXT_LAYOUTS_SCRAMBLED,تمت إعادة تعيين مخططات قريتك لأنها غير لائقة. ستؤدي أي تجاوزات أخرى إلى مد فترة إيقافك!\nلمزيد من المعلومات عن مخططات القرية الأخرى غير اللائقة، يُرجى النقر أدناه.
f74d73d60e8a7288,TID_WAR_ATTACK_CONFIRM_TITLE,هل تريد الهجوم الآن؟
c74d6f2fe5625f2e,TID_V2_TRAINING_BARRACKS_UPGRADING,يتوقف تدريب القوات مؤقتًا في أثناء ترقية الثكنات!
bfa1d090411359f4,TID_BUTTON_HERO_PATROL,يحرس
7f933e47ef365fae,TID_TASK_BANNER_START_NEW,تحد جديد
42132321183714f9,TID_HINT_SHIELD2,الدرع النشط يمكنه حمايتك من الهجمات، لكن مهاجمة الآخرين ستقلل مدته.
8b6dbd87e833b428,TID_CHARACTER_ITEM_ALREADY_OWNED,تمتلك هذه المعدات بالفعل.
b9aa9113fc78b68e,TID_STAGE_BUILD_LIMIT_REACHED_TRAP,لديك بالفعل الحد الأقصى من <number> من الفخاخ في المرحلة <stage>.
63a552a801a2dfbf,TID_WAR_DATA_ERROR_NO_LONGER_AVAILABLE,لم تعد تفاصيل هذه الحرب متاحة.
e6472b5ab8b0820f,TID_HOUSE_PART_UNLOCKED,تم فتح جزء من منزل القبيلة!
446553bfd0d51a05,TID_ALLIANCE_WAR_CLOSE_RESULTS_SCREEN,عرض الخريطة
745a791855dcca4a,TID_CHARACTER_INFO_PEKKA,هل البيكا فارس؟ أم ساموراي؟ أم روبوت؟ لا أحد يعرف! يمتص درع البيكا أقوى الضربات.
78eb5d46cbc96426,TID_BB_ATTACK_ELIXIR_STORAGE_ALMOST_FULL_TEXT,أوشك مخزن إكسير قاعدة البنّاء على الامتلاء. هل تريد الهجوم على أي حال؟
06fbe49b460a53e1,TID_NPC_CHALLENGE_TH12_DRAGBAT_ICE_GOLEMS,انشر <c54a0fe>غولم الجليد</c> لحماية <c9916c8>الملكة رامية السهام</c>.
9baae70cd8a46928,TID_ALLIANCE_WAR_ATTACK_NOT_USED,غير مستخدم
c20a7383f4b59cbe,TID_LOOT_AVAILABLE,الغنيمة المتاحة:
d59b35fb0c867010,TID_HERO_ABILITY_SUMMONED_TROOP_TYPE,الوحدة المستدعاة:
050f4bfed2092570,TID_TOWN_HALL_UPGRADE_WARNING,ملاحظة: ستقلل الترقية غنيمتك من الخصوم بقاعة المدينة من المستوى <number> وما أقل.
c37c6c5fd6ef0e7c,TID_ERROR_POP_UP_LOGIN_FAILED_15,يمكن الوصول إلى تقدم قريتك بتثبيت وتشغيل Clash of Clans من <APP_STORE> Android App Store.
89a903f4febc9f32,TID_ERROR_POP_UP_LOGIN_FAILED_TITLE,فشل تسجيل الدخول
d7ece675c6fb654d,TID_CHARACTER_GIANT_ACTIVE,حجب الملاكم
f569e6df8597e3f2,TID_SUPER_TROOP_BOOSTS_NEEDED_TITLE,مطلوب تعزيزات قوات خارقة
372551da12ef3668,TID_ZAPPY,الصاعق
722b1c6da6f68b19,TID_OBSTACLE_BUSH,شجيرة
00f61a8e620d41fb,TID_BATTLEPASS_TASK_INFO_WIN_BATTLES_USING_HOGGLIDERS,اربح نجمة في <num> من معارك البنّاء باستخدام <num2> من قوات مظلي الخنزير.
f1cf4f084712f4d6,TID_ALLIANCE_INVITATION_OK,تم إرسال الدعوة بنجاح.
ff2210a1fcfd3a13,TID_CLANGAMES_TASK_WIN_STARS_USING_INVISIBILITY_INFO,اربح <num> من النجوم في معارك متعددة اللاعبين باستخدام <num2> من تعويذات الاختفاء.
427b16a7b0a178a2,TID_SKIN_THEME_WORLDS,مظهر بطولة العالم <year>
be81011509a6856e,TID_DECORATION_WINDMETER,دليل اتجاه الرياح
a20fea44f442695b,TID_WARNING_TH_LEVEL_TOO_LOW_TO_COPY_LEVEL,يجب أن يكون مستوى قاعة مدينتك <num> لنسخ المخططات.
5b371d15d67cea6a,TID_HERO_ABILITY_UPGRADE_PROMPT_FEMALE,قم بترقية بطلتك إلى المستوى <number> لتحسين قدرتها.
8a88ee4f4fba0775,TID_NPC_CHALLENGE_TH9_LAVALOON_FREEZE,استخدم <c38eaff>تعويذة التجميد</c> لتعطيل <cf70d16>المراقب الجوي</c> بينما تقترب قواتك.
ac7da35b0c3cf77e,TID_GEAR_INFO_PROTECTIVE_CLOAK,تعالج البطلة الملكية بنسبة صحة إضافية كبيرة.
c9b188d84bd354bb,TID_NEWS_UPDATE_AIR_MORTAR_TITLE,
6f9081b449215cfd,TID_BP_PERK_BUILDING_BOOST_DESC,تتطلب المباني موارد ووقتًا أقل بنسبة <num>% للبناء والترقية. تتطلب الصياغة في ورشة الصياغة موارد ووقتًا أقل بنسبة <num>%.
92184e94c3be5340,TID_DPS,الضرر في الثانية: <number>
96c2d12cae0de260,TID_STREAM_EVENT_CHANGED_SETTINGS_PLAYERS_LEFT,تم تحديث إعدادات القبيلة. غادر بعض اللاعبين القبيلة.
2a9466a098060224,TID_UNLOCK_SPELL_FORGE_SPELL,عناصر مفتوحة: <name>
e80ca78f9721e450,TID_CAPITAL_CLAN_RANK,رتبة القبيلة:
b46b3f069877027a,TID_NEWS_TH11_UPDATE_LOOT_TEXT,• قاعات المدينة الآن تحتوي على الكثير من الغنيمة المتاحة - قم بتدميرهم في معركة مقابل مكافأة كبيرة!\n• مكافآت الدوري أكبر من أي شيء في السابق، لكن يتأثر بالنسبة المئوية لدمارك\n• تزداد عروض الكأس وتنخفض خسارات الكأس كلما ازداد مستوى بطولة الدوري لديك!
a3f3961d17c1b763,TID_WARS_WON,الحروب التي تم الفوز بها
c4bb1e268808c288,TID_ALLIANCE_WAR_EXP_AVAILABLE,الهجمات الناجحة تمنح +<num> من نقاط الخبرة
5b6e03a1c71abd87,TID_BATTLE_LOG_COL_3,النتيجة:
08fe487c19d48b0f,TID_PRESET_SUPER_TROOP_ALREADY_INCLUDED,القوة الخارقة ضمن الجيش بالفعل.
1fe3b2143d6936dd,TID_HINT_SHIELD_SINGLE_PLAYER,يمكنك مهاجمة حشد الغيلان (العب مهام اللاعب الفردي) دون فقدان درعك النشط
cfeb06ab769709a1,TID_ACHIEVEMENT_ACTIVATE_SUPER_TROOP_TITLE,عمل رائع
71ef2382edcc1bd6,TID_JUMP_SPELL_INFO,هل تعطلك الجدران؟ حاول اتخاذ طريق مختصر!\n\nقم بإلقاء هذه التعويذة بالقرب من جدران العدو لإنشاء طريق مباشر فوقها. ستقفز قواتك فوق قطع الجدار المتأثرة كما لو كانت غير موجودة!
ad2f4d5a4348a350,TID_CLANGAMES_TASK_DESTROY_DARKELIXIRPUMPS,مركبو إكسير الظلام
431038f2725dd0d4,TID_PTE_PERK_RESEARCH_BOOST_DESC,تستهلك ترقيات القوات والتعويذات وآلات الحصار في المعمل موارد ووقتًا أقل بنسبة <num>%.
9e431b10e720eb5c,TID_BATTLEPASS_TASK_INFO_GET_BB_LOOT,احصل على مكافأة النجوم اليومية <num> من المرات في قاعدة البنّاء.
36e26446f2eab4f0,TID_HINT_HEALER_AIR,المعالِجة وحدة طائرة. يمكن للدفاعات الجوية وأبراج راميات السهام إسقاطها بالضربات بسرعة
983e3aab24142811,TID_ERROR_POP_UP_BANNED_BUTTON,حسنًا
8b151a7f8b450e7e,TID_BUTTON_CLAN_WAR_HISTORY,سجل الحرب
b2f7acf605a61599,TID_NUMBER_ONE,1
22196a8ef08cf930,TID_RAID_WEEKEND_TOTAL_LOOT,إجمالي غنيمة العاصمة:
b13a7c0972991106,TID_ALLIANCE_SELECT_BADGE,تعديل شارة القبيلة
338e137d65a8d962,TID_BP_PERK_MAXIMUM,التعزيز الأقصى نشط
c157994177ee091c,TID_CHARACTER_SIEGE_BATTLE_DRILL,حفار المعركة
3c141fef329c1489,TID_BUILDING_MONOLITH_INFO,نتج شيء مخيف للغاية من تجربة البنّاء الأولى لاستخدام إكسير الظلام. كلما زادت قوة هدف المنليث، زادت نسبة الضرر. ممتاز للدفاع عن قريتك لكن مخيف قليلاً في المواجهة.
06dd16746b3362b6,TID_CLANGAMES_TASK_USE_VALKYRIES,غارة الفالكيري
66ea4d226b308a79,TID_EVENT_CONFIRM_TIER_UNLOCK,أتريد شراء <num>من <soft_currency> لبلوغ مستوى المكافآت التالي؟
131ad19173d97190,TID_WL_BUTTON_CHANGE_MEMBERS,تغيير الأعضاء
151db8845ed77246,TID_WL_LEAGUE_INFO_BUTTON,معلومات الموسم
4791f7d0e8951296,TID_DEVICE_LINK_ERROR_OLD_DEVICE_NOT_ACTIVE,الجهاز القديم غير نشط
3fd84948b8514213,TID_CLANGAMES_TASK_USETROOP_BUILDERBASE,فز بنجمة في معركة بنّاء باستخدام <troop>.
3df2612c5c376f79,TID_NPC_CHALLENGE_BOWIGI_ARCHERQUEEN,انشر <c9916c8>الملكة رامية السهام</c> في مقدمة <c54a0fe>معالجاتك</c>.
0f2f441490d5c71c,TID_TUTORIAL_WAR_LEAGUE_8,يستطيع كل عضو قبيلة القيام بهجمة واحدة فقط؛ لذا فلنجعلها مؤثرة!
d89a80398716a688,TID_EVENT_TITLE_CLANWAR_SHORT2,اندفاع القبيلة
b0fbf46aaf6d5acf,TID_LEGEND_SEASON_END_TIP,ملحوظة: دوري الأسطورة به قواعد وجوائز خاصة في نهاية الموسم!
6a9009dcb5ba3381,TID_VIEW_PROFILE_BUTTON,ملف شخصي
f3c6a4daea217138,TID_NOTIFICATION_WL_DAY_CHANGED,بدأ يوم جديد في دوريات حروب القبائل. ستحارب قبيلتك اليوم ضد <clan>.
0f110d213dbe623b,TID_POPUP_UPGRADE_TROOP_TITLE,اختر ما تريد ترقيته
68613c7b4389964a,TID_CLANGAMES_TASK_USE_BOMBERS,تفجير المفجِّر
6fdb2985fb253c6e,TID_WELCOME_BACK_SUBTITLE,خلال فترة غيابك...
9fa6bcb985bf693c,TID_NEWS_BOMB_TOWER_MORE_TEXT,• الحروب الودية: تحدى القبائل الأخرى في حروب مخصصة\n• إضافة أصدقاء Clash من ملف اللاعب الشخصي\n• تم تحديث قواعد مكافآت غنيمة حروب القبائل ونقاط خبرة القبيلة\n• تقليل الوقت والتكلفة الخاصين بالعديد من مستويات الترقية\n• العديد من التغييرات لخلق التوازن، من الساحرات إلى السحرة!\nلغات جديدة في الإعدادات: الإندونيسية والمالايو\n\nاعرف المزيد من الملاحظات الكاملة الخاصة بالإصدار!
17251744cc7dfcce,TID_EVENT_TRACK_REWARD_INFO_CHARACTER_NOT_AVAILABLE,القوات المؤقتة لم تعد متوفرة.
c98f80aa63ff70af,TID_NOT_ENOUGH_HOUSING_SPACE,لا توجد لديك مساحة كافية في معسكرات الجيش!
97c6110617400af1,TID_ERROR_POP_UP_WRONG_CLIENT_VERSION_TITLE,التحديث متوفر!
ab0f277991896ac2,TID_LAKE_CURVE,منحنى البحيرة
517baaf5b34ebc98,TID_HINT_WIZARD_TOWER_DAMAGE,يسبب برج الساحر ضررًا ضد كل الوحدات في منطقة الهدف
e5fd92e1fac0f4da,TID_NPC49,ملك الغول الإصدار 1
cbf8115a3290ba8b,TID_FEATURE_BUILDER_BASE_DESC,أبحر عبر البحر الهائج في مغامرة جديدة إلى أرض غامضة.
e1c93bda3210039f,TID_CHANGE_TROOPS,تغيير القوات
dab4252693c10db0,TID_GIFT_GIVEN_STREAM_TEXT,لقد أرسلتَ هدايا القبيلة!
7c68005744b29e9b,TID_CAPBUILD_GUARDPOST_DRAGONS,مقر التنين الخارق
6dc756f57d0e8034,TID_PET_FROSTY_INFO,الفظ القطبي حيوان جليدي أليف تتسبب أنفاسه الباردة في تهدئة أعدائه، كما يطلق كريات الصقيع لإبطاء الدفاعات ومساعدة بطله في المعركة.
f89b27f1e9fe35b7,TID_REMOVE_FRIEND_CONFIRMATION_TITLE,إزالة الصديق؟
620c065a04d05315,TID_PERSONAL_BREAK_ATTACK_DISABLED,يجب أن تنتظر لما بعد الاستراحة الشخصية لبدء الهجوم.
798646adcb1636e6,TID_INFO_DAMAGE_TYPE_MULTIPLE,أهداف متعددة
418c6b260ad32464,TID_BEAST_KING,الملك الوحش
d1e36c500795ec66,TID_BATTLEPASS_TASK_DO_RAID_ATTACKS,قاعدة الغارات
0b4370c5526f5dbb,TID_CHARACTER_ELECTROFIRE_WIZARD_ACTIVE_INFO,للتبديل بين وضع النيران والوضع الكهربائي عند تفعيله.
96c78454a05e8cb4,TID_CAPBUILD_BARRACKS_WIZARD,ثكنات السحرة الخارقين
a636e4b17334287c,TID_OFFER_TITLE_GENERIC,عرض خاص
cb92509144450662,TID_CLANGAMES_TASK_INFO_DESTROY_KINGALTARS,دمر <num> من أماكن الملك البربري في معارك متعددة اللاعبين.
37d193a05ec80074,TID_ACHIEVEMENT_DESTROY_WALLS_TITLE,هدام الجدران
f613f18a3740aa58,TID_BUTTON_BUY_SKIN,الشراء
512f0c883c812df4,TID_SHOP_AVAILABLE,تم بناء:
735b12aa72869698,TID_RIVER_BRIDGE,جسر
17abbafcc6727371,TID_WAR_STATS_HEADER_WIN_WAR,الفوز في الحرب
6d1c9e2a480bf430,TID_DEFENCE_PERCENTAGE,الدفاعات التي تم الفوز بها:
0f2ea27c2a25cd55,TID_BALLOON_HASTE_EVENT_TITLE,حدث بالون زوم
6d234ca1aeec66b0,TID_LEGEND_LEAGUE_INFO_TAB0_TEXT,دوري الأسطورة هو المكان الذي يتعارك فيه لاعبو النخبة لمعرفة صاحب أفضل الهجمات ومخططات القاعدة. يحصل الجميع في دوري الأسطورة على عدد ثابت من الهجمات والدفاعات كل يوم. يمكنك ربح ما <num> من الكؤوس كحد أقصى ولا يمكن خسارة أي منها عند الهجوم. ليس هناك وقت للبحث بعد الضغط على زر الهجوم.\n\nإذا كان عدد كؤوسك منخفضًا جدًا عند انتهاء أحد أيام الدوري، ستخرج من دوري الأسطورة وتعود إلى النظام متعدد اللاعبين العادي.\n\nعند انضمامك إلى دوري الأسطورة، قد تحصل عند انضمامك إلى دوري الأسطورة على عدد منخفض من الهجمات والدفاعات في اليوم الأول.
e55038fa898f1cad,TID_BOOSTER_PET_POTION_INFO,تحتوي هذه الجرعة على كل ما يحتاج إليه الحيوان الأليف للحصول على شعر قوي لامع، كما تساعد على ترقية الحيوانات الأليفة أسرع بمعدل <multiplier> مرة/مرات لمدة <time>.
831af226310aba3c,TID_ADVANCED_TRAP_INFO,جهّز مفاجأة متفجرة للقوات التي تقترب كثيرًا. اختر تلك الجوية أو الأرضية!
2078079180af63b5,TID_BATTLEPASS_TASK_WIN_BATTLES_USING_FLAME_FLINGER,اللعب بالنار
fcc3ea97ad9bbcb8,TID_WL_INFO_LIVE_REWARDS,الجوائز
c12206157e822965,TID_BOOSTER_CLOCKTOWER_OFFER_INFO,<num> من جرعات برج الساعة: لتفعيل تعزيز برج الساعة لديك لمدة <time>
91e5625ee30cc2a4,TID_BATTLEPASS_TASK_INFO_USE_HOGGLIDERS,استخدم قوات مظلي الخنزير لربح <num> من النجوم من معارك البنّاء.
fb22035a69f9edfb,TID_PTE_REWARD_LOCKED_NOT_ENOUGH_POINTS_AND_NEED_PREMIUM,تحتاج إلى <num> من <soft_currency> وتذكرة الحدث لفتح هذه الجائزة.
bee4fdc998072d23,TID_INFOBUBBLE_BUILDER_INPROGRESS,ترقيات قيد التنفيذ:
8f03bcb79c7b6c46,TID_SHIELD_ON_COOLDOWN,الدرع غير متاح بعد!
ad19ce3a3118ab64,TID_POPUP_BOOST_SIEGE_WORKSHOP,هل تريد تعزيز سرعة بناء آلة الحصار بمقدار <multiplier> من المرات لمدة <time>؟
1ca702035a57820e,TID_MY_PROFILE_TAB,ملفي الشخصي
64328c16101a7b82,TID_LOCAL_NOTIFICATION_EVENT_SPECIAL_TROOP_GOVAHO,أيها زعيم، استخدم غولم وفالكيري وراكب الخنزير في هذا الحدث الخاص!
9cfd42eb2df7cc91,TID_ALLIANCE_WAR_REPLAY_PERSONAL_ATTACK_1,إعادة العرض 1
f26ca1938abb2c4b,TID_LEGEND_SIGN_UP_CONFIRM_SHIELD_REMOVAL,ستتم إزالة درعك إذا سجلت في دوري الأسطورة. أتريد المتابعة؟
b54980c802c7cec5,TID_BUTTON_CONFLICTING_ACCOUNT_NO,لا، استخدم الحساب الأصلي.
005f734477367e4c,TID_FIND_BARRACKS,البحث عن ثكنات
9f73602704c6d438,TID_WL_DAY_TITLE,الجولة <x>
54d66fe3b2d40625,TID_CLANGAMES_TASK_WIN_STARS_VS_TOWNHALL_6,6 المشاكسة
5b9e54bb63c2a448,TID_PLAYER_HOUSE_INFO,منزل بعيد عن القرية الأم لزوار أعضاء القبيلة. تعالَ لتشاهد المنظر، وابق هنا لرؤية الغارات المذهلة.
84fa2b916fc57465,TID_ACHIEVEMENT_COMPLETED,اكتمل الإنجاز!
441f9e15aff50e88,TID_WAR_PREPARE_ARMYCAMP_INFO,جهّز قريتك للحرب!\nاملأ <c2>قلعة القبيلة</c> وساعد زملاءك في القبيلة، قم بتجنيد أفضل <c2>القوات</c> واصنع <c2>تعويذات</c> قوية واحرص على أن يكون <c2>الأبطال</c> جاهزين للقتال!
045ce70c398924ed,TID_SUPER_WIZARD_INFO,الساحر الخارق مشحون بالطاقة السحرية الإيجابية. لا يقدر أحد على معارضته أو الوقوف في وجهه، وإلا ناله عقابه القاسي.
45a823752d156327,TID_GEAR_RESOURCE_EPIC_INFO,يساعد المعدن الخام النجمي على ترقية المعدات. يمكنك العثور عليه في حروب القبائل أو الأحداث الخاصة.
2c0a7cc07e4ed4c6,TID_INVISIBILITY_SPELL_INFO_SHORT,كانت أمام عينيك والآن اختفت!
cf428436f2bb4ef8,TID_USE_SPELL_EVENT_ACHIEVEMENT_DESC_PLURAL,تحدي الحدث: اظفر بمعارك متعددة اللاعبين!\n<cffec78>• يجب استخدام <usecount><unit>تعويذات</c>
2596a5d5f6d394e2,TID_REDUCE_COST,الخصم على التكلفة:
ab2008a034d7e528,TID_DONATION_LIMIT_REACHED,تم بلوغ الحد الأقصى للتبرع
d81f887bb0c89178,TID_NEWS_MIRROR_TEXT,الاستعداد والشكل المثالي هما مفاتيح المعركة الجيدة. اكتشف كيف يستعد الساحر للقتال.
2baae165138fa33b,TID_WL_BONUSES_SENDING_FAILED,تعذر إرسال المكافآت. يُرجى المحاولة لاحقًا.
4a601df0530e5be3,TID_CLANGAMES_TASK_INFO_USE_ELECTRODRAGON,اربح <num> من النجوم من المعارك متعددة اللاعبين باستخدام <num2> من قوات التنين الكهربي
9611247483ae3a4e,TID_COSMETIC_ESTATE_2X2_SMALL_CABIN_INFO,للقرويين الذين يحبون منازلهم متوسطة ومربعة.
b17ee948d2de47f6,TID_MULTIDEVICE_INFO,سجل الدخول باستخدام حساب Supercell ID لحماية تقدمك واللعب على عدة أجهزة.
a4e75b4cec008568,TID_DIAMOND_BUNDLE_BUILDER_BASE_RESEARCH_PACK,مجموعة أبحاث البنّاء
f6af783707618fc2,TID_RAID_WEEKEND_REWARDED,تمت مكافأتك
bce174bccb0346ab,TID_GEAR_TITLE_ETERNAL_TOME,المجلد الخالد
66fe40a594b2d4a9,TID_CAPITAL_RAID_RECENT_PROGRESS,التقدم الأخير:
c7ec58af0c8082ea,TID_BATTLEPASS_TASK_WIN_STARS_USING_BAT,موسم الأسراب
d4f50ac8cafe60be,TID_TUTORIAL_WAR_MAP_FRIENDLY_2,أعداؤنا متعطشون للحرب، لكن قبيلتنا هنا وجاهزة للقتال!
777b8defa3f11a9c,TID_ALLIANCE_SNEAK_PREVIEW,فتح القبائل بإعادة بناء قلعة القبيلة!\n\nيساعد زملاء القبائل بعضهم ويرسلون قوات التعزيزات والتعويذات.
316f678a30371dc7,TID_PRESET_CANNOT_TRAIN,لا يمكن تدريب <item> حاليًا.
0e57919bec9f0e91,TID_SPELLS_INSIDE,سعة مخزن التعويذات المستخدمة: <number> / <number2>
cf898cefde441491,TID_WL_BONUSES_FAILED_NO_RIGHTS,يمكن للقائد أو القائد المساعد فقط منح المكافآت!
e463d94b952faa1b,TID_NPC43,التنقل
199455025f9e7f19,TID_FIND_NEW_MEMBERS,العثور على أعضاء جدد
b19f450f33693a6a,TID_STAR_BONUS_BONUS_TEXT,في بطولة الدوري الحالية، مكافأة النجوم هي:
c423a051b4aefaf3,TID_REDUCE_TIME_BARRACK_TROOP,يقلل وقت التدريب بمعدل:
72d178f7be9205b9,TID_SUPER_WALLBREAKER_ABILITY_HELP,قنابل أكبر تنفجر في كل الحالات.
c37489ee0dcab3da,TID_ANTIADDICTION_ADULTHOOD_NOT_FULFILLED_3,نظرًا لأنك قاصر، فأنت مقيد بنظام الحماية من الإدمان. بلغت الحد الأقصى للعب المسموح به يوميًا، وهو ساعة ونصف.
a5d8b122dfb905a5,TID_ROGUE_CHAMPION,البطلة المتمردة
715b10b6f1f780ec,TID_LOCAL_NOTIFICATION_HERO_HAS_FULL_HEALTH,<name> جاهز لقتال آخر!
cfd2c1797b23f9ac,TID_LINK_TARGET_DEVICE_TEXT,اختر نوع الجهاز الذي ترغب ربطه بـ:
45844663078ed7dc,TID_UNABLE_TO_WATCH,اللاعب لا يشارك حاليًا في أي معركة.
d86164362b762489,TID_HINT_CLAN_WAR_LEAGUES_1,هل تتعامل مع حروب القبائل بجدية؟ سجّل قبيلتك في دوريات حروب القبائل واكتشف مدى روعة قبيلتك بحق!
4d5d1f8c69dd6620,TID_RAID_SIGNUP_ERROR_NOT_IN_ALLIANCE,تعذر التسجيل، لم تعد موجودًا في القبيلة.
2b50150aab5a97b1,TID_CHARACTER_BABY_DRAGON_ACTIVE,العطسة النارية
7102fcb68b9756b8,TID_BP_TASK_HIDDEN_REQUIREMENT,أتمم المهام السابقة للكشف.
19e1250ac6951f1b,TID_CHARACTER_INFO_HOG_GLIDER_SHORT,حر مثل الطير، وسعيد مثل الخنزير.
b7243266d60a5046,TID_STARTER_WINUSINGWB,اختراق!
4f0076ed4c7e2216,TID_BB_LOOT_CART_EMPTY_LIST_TEXT,لا توجد جوائز دفاع جديدة. ستحصل على مكافأة دفاع عند كل هجوم تبدأه.
37eab64e2fa0b2c5,TID_CLANGAMES_TASK_INFO_DESTROY_CLANCASTLES,دمر <num> من <building> في معارك متعددة اللاعبين.
fa3f44d719c2de51,TID_ARRANGED_WAR_REQUEST_SENT,تم إرسال طلب الحرب
88ec8c5cceda0625,TID_HINT_BALLOON_AIR,البالون وحدة طائرة، وهذا يعني أن المدافع ومدافع الهاون لا يمكنها استهدافه
1da6baab0a69ef6e,TID_DECORATION_10_YEAR_FOUNTAIN,نافورة الذكرى السنوية
45d3d674eee468ad,TID_POPUP_NOT_ENOUGH_DIAMONDS_TITLE,لا توجد جواهر كافية
4aa3b3649ca6a576,TID_CANNON_ABILITY_NAME,المواجهة الأخيرة
5a0bf33377e11a16,TID_GEAR_INFO_HEALING_TOME,لشفاء الآمر الكبير وجميع الوحدات الصديقة القريبة.
a8d722365860708a,TID_NAME_INSTRUCTIONS,اختر اسمًا يعجبك. يظهر الاسم للاعبين الآخرين! يمكنك تغيير اسمك بعد ذلك من قائمة الإعدادات.
543bdb46b80fa744,TID_STARTER_INFO_DESTROYANY,دمر <num> من <building> في معارك متعددة اللاعبين.
6a50c478151f426d,TID_HINT_HERO_GRAND_WARDEN,الآمر الكبير يسخر تحفًا غامضة لجعل القوات القريبة قوية للغاية.
3979b4912720ce8a,TID_REENGAGEMENT_LAB_DID_UPGRADES_SOME_LEFT_2,أظن أن السحرة أكملوا بحثًا ما من أجلك.
82aab365d10da641,TID_CAPBUILD_BARRACKS_GIANT_INFO,مأوى للعمالقة الخارقين. وتوجد معدات تدريب منتشرة في كل مكان!
804406700b725a34,TID_COPY_HERE_BUTTON,النسخ هنا
c911e0a54dda51a3,TID_FAQ_WINDOW_TITLE,المساعدة والدعم
2b8624d3df9279cd,TID_BATTLE_LOG,سجل المعركة
0a4612f1e90ee29c,TID_OBSTACLE_LNY_LANTERN_2023,فانوس الأرنب
9f00cb025717453f,TID_MOVE_MASTER_BUILDER_ERROR_HUT,يجب بناء كوخ البنّاء الخبير في القرية الأم.
1ab74b290c67eeed,TID_RATE_APP_MESSAGE_AMAZON,يُرجى تقييم Clash of Clans أو مراجعتها على متجر تطبيقات Amazon Appstore لمنحنا تعليقاتك القيّمة!
cae3ee6ff3d7bdc3,TID_OBSTACLE_TREE,شجرة
349919106b21cf46,TID_TENCENT_GUEST_IGNORE_WARNING,إذا واصلت اللعب عبر هذا الحساب دون تسجيل الدخول، فسيتم توقيفه لمدة 15 يومًا بعد ساعة واحدة من اللعب.
0a4c410c75b6ab4d,TID_BATTLEPASS_TASK_INFO_USE_NIGHTWITCHES,استخدم ساحرات الليل لربح <num> من النجوم من معارك البنّاء.
0fd4b580281a91b6,TID_CHARACTER_INFO_SKELETON_BARREL,هل هذا طائر؟ هل هذه طائرة؟ لا، إنهم فقط هاري، ولاري، وتيري، والعديد من الأصدقاء يتجهون نحو أقرب مبنى في برميل عظام!
b5808a655efd6668,TID_REQUIRED_BLACKSMITH_LEVEL,مطلوب حداد من المستوى <number>.
532fdc245119b839,TID_CHARACTER_INFO_PARTY_WIZARD,إذا رأيت سكان القرية يصفقون ويهتفون فهذا يعني أن ساحر الحفلات قد وصل؛ سيقدم عرضًا رائعًا وكرات نارية ضخمة.
2f674d03e49683a7,TID_ALLIANCE_GAMES_NO_ALLIANCE,أنت بحاجة إلى الانضمام لقبيلة للبدء بلعب مباريات القبيلة.
d2711cb6dca42e63,TID_CLANGAMES_TASK_USE_SNEAKY_GOBLINS,خداع الغيلان المتسللة
087ba1d905ba92be,TID_PAINTER_WARDEN,الآمر عامل الطلاء
761b7bc6c540074b,TID_TRAIN_COST,تكلفة التدريب: <number> <resource>
6a83eac6c217aef3,TID_CAPITAL_PLAYGROUND_CLEAN_UP,والآن دمّر الدفاعات المتبقية. لا تتردد في تجربة ذلك!
b9e0931197345166,TID_SCENERY_CLASHY_CONSTRUCTS,منظر منشآت Clash
aa0e58b95fb6db8f,TID_LIVE_REPLAY,إعادة حية
469afa1c3e1e4e86,TID_NATIVE_DIALOG_VERSION_NOT_UP_TO_DATE_STORE_NOT_READY_BUTTON,حسنًا
d61894f272ae77a1,TID_ACHIEVEMENT_DESTROY_MONOLITH_COMPLETED,إجمالي أعمدة المنليث التي تم تدميرها: <value>
00612f5bef526606,TID_LOCAL_NOTIFICATION_EVENT_ALL_COLLECTORS_BOOST,أيها الزعيم، بدأ أحد أحداث تسريع المستخرج بجوهرة واحدة!
e70272aa76bfc362,TID_JOLLY_CHAMPION,بطلة رأس السنة
a71b7269c21909d2,TID_CLANGAMES_TASK_DESTROY_AIRDEFENSES,تدمير الدفاعات الجوية
f42734888438fd51,TID_NPC_CHALLENGE_TH8_GOWIPE_WALL_BREAKERS,استخدم <c54a0fe>مدمري الجدران</c> لهدم الجدار بينما تستهدف الدفاعات قواتك الأخرى.
967d66071ca0fec3,TID_CLANGAMES_TASK_INFO_DESTROY_BB_ARCHERTOWER,دمر <num> من <building> في معارك البنّاء.
3aac5bd0ba4e8544,TID_LEGENDS_MP_DEFENCE,الدفاع
aca406ffea31a149,TID_RIVER_CAVE,كهف النهر
4aefdadbb0e7a643,TID_BOOSTER_HERO_POTION_OFFER_INFO,<num>تُعزز جرعة البطل كل الأبطال والحيوانات الأليفة إلى أقصى مستوى مسموح به في مستوى قاعة المدينة لمدة <time>. تعمل في القريتين.
64a3e5873674b42a,TID_BUY_PREV_SLOT_FIRST,قم بشراء الموضع السابق أولاً
a92905db74f7f5be,TID_BOOSTER_FINISH_TROOP_UPGRADE_INFO,يمكن استخدام هذا الكتاب السحري المليء ببرامج تدريب فعالة للغاية لإنهاء عداد ترقية أية قوات على الفور. يعمل في كلا القريتين.
47a120dca92cc0dd,TID_CLAN_TAG_NEWBIE_FRIENDLY,للمبتدئين
883d681048cfe36e,TID_POPUP_REMOVE_TROOP_TITLE,إزالة القوات؟
a26d5f18ccfecac3,TID_LOCAL_NOTIFICATION_EVENT_6TH_1_GEM_BOOST,إنه عيد ميلادنا السادس! ضاعف إنتاج مواردك! عزز مستخرجات الموارد مقابل جوهرة واحدة فقط في كل مرة.
fa4dcf5d3ebb6442,TID_ACHIEVEMENT_SEASON_CHALLENGE_POINTS_COMPLETED,إجمالي نقاط تحديات الموسم: <value>
912cc91fce638f3a,TID_COMPLETION_REWARD,جائزة الإكمال
c281b67ecd79ba94,TID_HINT HERO_BARBARIAN_KING,الملك البربري هو الأقوى بين الجميع. استهلاكه لإكسير الظلام جعله ينمو بشكل أكبر من العمالقة.
08d90c14ced92c52,TID_BATTLEPASS_TASK_INFO_DEPLOY_TROOPS,انشر من القوات ما يعادل <num> من مساحات التسكين في المعارك متعددة اللاعبين.
a821a6924b7a42da,TID_TO,إلى
299d308c8fc7c409,TID_BATTLEPASS_TASK_INFO_WIN_BATTLES_USING_MINERS,استخدم عمال المنجم لربح <num> من المعارك متعددة اللاعبين.
2c2a54ba5d7c16b9,TID_ACHIEVEMENT_LEAGUE_PROGRESS_2,الوصول إلى دوري الأساتذة
b585ed005d314051,TID_HINT_TESLA_HIDDEN,يظل برج التيسلا المخفية مخفيًا عن المهاجمين حتى يقتربوا بما يكفي
dd165732ef210fd7,TID_HAMMERJAM_OFFER1_MAGICITEMS_BUILDER_POTION_AND_GOLD_INFO_999,• <res0> من الذهب\n• <booster1> من جرعة البنَاء\n\n• لا توجد حدود للتخزين!\n• يمكن شراء هذا العرض 5 مرات!\n\nحقق أقصى استفادة من موسم الترقيات من خلال Hammer Jam عرض المدهش!
ce5924aaf7ce1dd8,TID_BUTTON_CONFLICTING_ACCOUNT_YES,نعم، قم بالتبديل إلى الحساب الحالي.
b811aac5fecb6a64,TID_DEVICE_LINK_WRONG_ACCOUNT,القرية الحالية مرتبطة بحساب آخر على Game Center غير الحساب الذي سجلت الدخول إليه.\n\nيُرجى تسجيل الخروج من تطبيق Game Center وتسجيل الدخول مرة أخرى باستخدام الحساب المرتبط بهذه القرية.\n\nثم حاول الربط مرة أخرى.
ad0946facece598c,TID_WAIT_A_WHILE_BEFORE_RETRY_CHALLENGE,لقد بدأت تحديًا مؤخرًا، حاول ثانيةً خلال <time>
76648b16b9bbdd6e,TID_GEAR_RESOURCE_BONUS_LOOT_INFO,ستتلقى موارد معدات في نهاية الحرب. ستحصل على أكثر عند الانتصار، وأقل عند الهزيمة.
5c70f7bfd6e2045f,TID_ALLIANCE_ROLE_COLEADER,قائد مساعد
fa1c483ae34fa790,TID_BATTLEPASS_TASK_INFO_WIN_BATTLES_USING_SNEAKYARCHERS,اربح نجمة في <num> من معارك البنّاء باستخدام <num2> من راميات السهام الماكرات.
a254bbb6d19004d1,TID_WAR_ATTACK_CONFIRM_CASTLE_TEXT_WITH_SIEGE,تعزيزات قلعة القبيلة: <number>
b25dc3cf047b2cf0,TID_WL_STATS_SELECT_WL,دوري الحروب
7af9c811496eb341,TID_CAPBUILD_BARRACKS_MEGAGROUND,محجر جبل غولم
7bdc5235fbb9cc97,TID_PRESET_CAPITAL_HOUSING_BUILDING_MISSING,لم يتم تشييد مبنى التسكين بعد
c791e43d20acbfa0,TID_CHARACTER_TREANT,مقاتلة الأدغال
04cd085dc150f00c,TID_CAPBUILD_SPELLLAB_LONG_HASTE,مصنع تعويذة التسرع الأبدية
b26796e8c1f75c89,TID_NPC31,واجهة كاملة
6fda7c1f9752c097,TID_RAID_WEEKEND_STARTS_IN,ستبدأ غارة نهاية الأسبوع خلال: <time>
373fa842e9cd2c5b,TID_CAPITAL_ARMY_SAVE_FAILED_UNIT_NOT_AVAILABLE,ليست كل القوات المحددة متوفرة في هذه القبيلة.
72029deb85b0f2a2,TID_STREAM_EVENT_CANCELLED_ARRANGED_WAR,حرب ودية مُلغاة
041407b9872a8757,TID_DEVICE_LINK_ERROR_OLD_DEVICE_NOT_ACTIVE_TEXT,لربط أجهزتك بنجاح، يجب تنشيط الجهاز القديم، وعرض شاشة رمز الربط.
027ee1affaa77026,TID_HALLOWEEN_EVENT_TITLE,المزيج المجنون
a192ad5bcd402a94,TID_DIAMOND_BUNDLE_MAGICITEMS_TROOP_BOOK,مجموعة كتاب القتال
51d799538b68a77f,TID_HULK_BIG,هالك الغاضب
b51adc235376d0e0,TID_WAR_DAY_DURATION,مدة المعركة
23045c452d1183c8,TID_LOCAL_NOTIFICATION_WAR_ENDS,حرب القبيلة على وشك النهاية!
5e9d6e5478e54223,TID_DAILYLOGIN_BUTTON_CLAIM,المطالبة
b52037f71446294c,TID_LINK_CANCELLED_TITLE,تم إلغاء الربط
a64c5396f133f0b6,TID_INFO_POP_UP_TOS_PP_NOTE_ANDROID,لعبة Clash of Clans مجانية، ولكن يمكنك تسريع تقدمك في اللعبة بواسطة عمليات الشراء داخل التطبيق. (لتعطيل تلك الخاصية، عليك ضبط خاصية الحماية بكلمة المرور في إعدادات تطبيق متجر Google Play.) انقر على موافق لقبول شروطنا وسياسة الخصوصية.
83aa6ad8036249c8,TID_LEGENDS_DEFENCE_CC_BUTTON,اختيار
612793ca4acd33b0,TID_DECORATION_LEAGUE_I_STATUE,تمثال الأستاذ
052e69cfde2aefd7,TID_NPC53,جولة في الغابات
6efd96c4dac92ea7,TID_UPGRADE_TH_NOT_RECOMMENDED_TITLE2,ترقيات موصى بها:
ecb5b863a9e4c94a,TID_REPORT_DESCRIPTION_DEFAULT,请描述你要举报的内容
dbd80c7663f490fd,TID_NO_TREASURY_LOOT_TO_COLLECT,الخزينة فارغة! لا شيء للجمع.
383c3f4d6940786e,TID_HOME,الصفحة الرئيسية
e88b563da4a0819b,TID_CHOOSE_WAR_LEAGUE_SIZE,اختيار حجم حرب للدوري
27e7d98bd5aca2da,TID_LAYOUTS_ACTIVE_BASE,قاعدة نشطة
47a60793778700e8,TID_RAM_RIDER_ABILITY_INFO,تهاجم أول دفاع تراه وتحطم الجدران في طريقها.
18db27b99529ca07,TID_RICOCHET_CANNON_INFO_SHORT,أصب هدفين بكرة مدفع واحدة!
c188c107fd0bb31c,TID_GAMECENTER_BOUND_TO_OTHER_ACCOUNT_TITLE,تنبيه Game Center
941f92cf75c9e47c,TID_POPUP_NOT_ENOUGH_DIAMONDS,هل ترغب في الحصول على المزيد؟
5962422f855de003,TID_CLANGAMES_TASK_INFO_GET_BUILDERBATTLESTARS,اجمع <num> من النجوم من معارك البنّاء.
e80594bde76ad837,TID_DEGENERATION_TIME,مدة الفاعلية: <number> ث
0c4c3cf93001ac14,TID_ACHIEVEMENT_DESTROY_MORTARS_COMPLETED,إجمالي مدافع الهاون المحطمة: <value>
692d009206051781,TID_SUPER_VALKYRIE_ABILITY_HELP,تطلق فالكيري الخارقة تعويذة غضب عندما تهزم.
9dc21df4a90c4978,TID_NEWS_BALANCING_TEXT,
2ea2602eecf9a0fe,TID_CHAMPION_QUEEN,الملكة البطلة
709d356ea23e7a94,TID_DIAMOND_BUNDLE_MAGICITEMS_BUILDING_BOOK,مجموعة كتاب المباني
ecdc680a1d281082,TID_TRADER_CAPITAL_TAB,أوسمة الغارات
41a1cae28ae9e8c3,TID_HINT_WALLBREAKER_DAMAGE,يسبب مدمرو الجدران ضررًا هائلاً لجدارن العدو، لكنهم يفجرون أنفسهم أثناء ذلك
c316e0adddd11463,TID_TRAINING_SLOT_STOPPED,متوقف!
daeebd8cea6004d1,TID_LEGENDS_MATCHMAKING_ONGOING,يجري البحث عن خصوم!
5d071427414c24a6,TID_BUILDING_GEM_MINE,منجم جواهر
7fc9e5a90d29ed28,TID_ALLIANCE_TAB_CLANS,قبائل
344d237c286b1470,TID_OFFER_HAS_EXPIRED,انتهت صلاحية العرض
88f34cb8fdc31515,TID_BP_PURCHASE_BUTTON_PROMPT,",\qشراء التذكرة الذهبية"
4502f0564da7b0f7,TID_KNOCKBACK,قوة الدفع: <number> رقعات
34526588a2f81a70,TID_NPC23,جدران من الصلب
35d7f332d74a364f,TID_CAPBUILD_BARRACKS_MINION,ثكنات المينيون
29767a6226122a04,TID_CAPBUILD_BARRACKS_BARBARIAN,ثكنات البرابرة الخارقين
731595c65cc39620,TID_CLANGAMES_TASK_USE_ARCHERS,كمين رامية السهام
976a1b9369bc75be,TID_BUILDING_OTTOS_OUTPOST_INFO_SHORT,كل قاعدة جيدة بحاجة إلى قاعة، وأوتو يلبّي.
d01fb9815bf7e200,TID_RATE_APP_MESSAGE,يُرجى تقييم أو مراجعة Clash of Clans على App Store لإعطائنا ملاحظات قيّمة!
5c50974c39a27cdc,TID_FEATURE_SEASON_CHALLENGES,تحديات الموسم
3a44a473c6923e7d,TID_FRIEND_LIST_TEAMUP_2_FRIENDS,اتبع أصدقاءك أينما ذهبوا!
f6e2e84bb4223cac,TID_CLAN_GAMES_THEME_BIRTHDAY,مباريات عيد الميلاد
7aa31416ba473909,TID_INFO_TARGET_TYPE_GROUND,أرضي
72cc6ad29895047f,TID_PET_SPIRIT_FOX_INFO_SHORT,خجول للغاية لدرجة أنه يختفي عن الأنظار.
ebafafbc831c63bf,TID_SHADOW_CHAMPION,بطلة الظل
110e550b9fbe5be7,TID_ALLIANCE_WAR_FAILED_WAR_IS_ENDING,لا يمكن الهجوم، الحرب على وشك الانتهاء!
4ed849a93c240a5f,TID_LEAGUE_BRONZE2,الدوري البرونزي II
2a1845a462ea122a,TID_SIEGE_MACHINES_TROOP_BAR_HINT,آلة <name> لديك فارغة!
00469468f6f77607,TID_REENGAGEMENT_INTRO_3,لن يسرق أحد مواردنا بعد الآن.
57fcdd354fa812e4,TID_HINT_REBUILD_BOAT,استخدم القارب الموجود على شاطئك للوصول إلى قاعدة البنّاء!
44d4a7c3f6d2cbd2,TID_TUTORIAL_OUTPOST_INTRO_5,حسنًا، ربما لا يمكنه أن يقول مرحبًا... لكن يمكنه أن يلوح بالمطرقة جيدًا!
727459844b89640c,TID_BATTLEPASS_TASK_INFO_WIN_BATTLES_USING_ELECTRODRAGON,استخدم التنانين الكهربية لربح <num> من المعارك متعددة اللاعبين.
ffa3b36d0f7f1534,TID_GHOST_WARDEN,الآمر الشبح
a81235b9d6db45b7,TID_CAPITAL_PLAYGROUND_JUMP,يمكن استخدام <c85ff3b>تعويذات القفز</c> للقفز فوق الجدران والأنهار والمياه الساحلية.
b5057f8728a9af55,TID_BOOSTER_HERO_POTION,جرعة البطل
76dd52fb0189f139,TID_NEWS_ROYALE_INFO,Clash Royale هي لعبة معارك واقعية تنافسية جديدة في عالم Clash Universe.\nمرحبًا في ساحة القتال!
669c71d2f288fb45,TID_BUILDING_BOW,قوس
d0fd8a8170623541,TID_CLOCKWORK_WARDEN,الآمر الآلي
53779fdf67987860,TID_GAMES_REWARDS_TEXT,عندما تنتهي مباريات القبيلة، يكون الوقت قد حان للاستمتاع بالجوائز. تأتي الجوائز في عدة مستويات مختلفة تفتح عند جمع قبيلتك للنقاط من التحديات المكتملة. كل من يشارك في مباريات القبيلة بإكمال تحدٍ واحد على الأقل يصبح مؤهلاً لاختيار جائزة واحدة من كل مستوى جوائز. ستختفي الجوائز غير المطالب بها بعد 7 أيام.
0d99ed5377b98b05,TID_LINK_SAME_PLATFORM_TITLE_TENCENT,المزامنة مع حسابك
21224d712f3f1d22,TID_CAPBUILD_ROCKET_INFO,تقذف صواريخ متفجرة على أهداف جوية وأرضية، والعجيب أنها لا تخطئ هدفها أبدًا.
d512fc5ec383b589,TID_CLANGAMES_TASK_INFO_DESTROY_BB_ARMYCAMP,دمر <num> من <building> في معارك البنّاء.
64fa1c743e050a82,TID_NPC_CHALLENGE_TH9_LAVALOON_HOUNDS,انشر <c54a0fe>كلاب الحمم</c> لحماية <c3e8cb8>بالوناتك</c> والتخلص من الفخاخ الموجودة في القاعدة.
51d9e6c2e2e642dd,TID_CAPITAL_MAP_MODE_TEXT_RAID,غارة الهجوم
f8d71659f2b66947,TID_SETTINGS_SCREEN_TITLE,الإعدادات
31150c2381d4a033,TID_PET_SPIRIT_FOX_INFO,مخلوق خجول للغاية، يفضل العيش سعيدًا بمفرده في الغابة خارج القرية. عند استدعائه للمعركة، يقاتل الثعلب الشبحي بشراسة بجانب بطله ويساعده عن طريق الاختفاء.
56a7b1c832f0d2c4,TID_NPC38,أضرار جانبية
10407ed3bf3bea62,TID_WL_ROUND_INFO_BUTTON,معلومات الحرب
b89b986b214e9489,TID_MEMBERS_SORTED_BY_ACTIVE,حسب آخر ظهور
45819ba6dbcb2761,TID_CAPITAL_MAP_MODE_TEXT_VISITING_FINISHED_DEFENSE,غارة الدفاع السابقة
c98f9585f1d28ea4,TID_CAPITAL_RAID_OFFENSIVE_REWARD,مكافأة الهجوم: <number>
03c131c4b5e75cc8,TID_FREEZE_PERCENT,الإبطاء: <number>%
baca806fd56a6408,TID_HINT_STAR_BONUS_LEAGUE,اربح مكافآت نجوم أكبر في بطولات دوري أعلى!
7873bbe53f1c9014,TID_POPUP_UPGRADE_WALL_TITLE,قم بترقية الجدار
60dbfe199a59cf87,TID_SPELL_OVERGROWTH_INFO_SHORT,تتشابك حول العدو للإيقاع به.
949b889d976845cb,TID_CHAT_ERROR_UNDEFINED,حدث خطأ ما. يُرجى المحاولة مجددًا.
9ef872fc9c6acfdc,TID_SMITHY_INFO,أحضر المعادن الخام السحرية المناسبة إلى هنا، لترقية معدات أبطالك لتصبح أقوى. يساعد الدخان المنبعث من الفرن على إعداد لحم لذيذ، وإن كان غير صحي.
0dca0d528f9d4f9f,TID_KEYBOARD_CONTROL_GROUP_TITLE_SIEGE_MACHINES,التحكم في آلة الحصار
8f05fcbb5d0d9d91,TID_CHAT_ERROR_THROTTLE,يُرجى الانتظار قليلاً قبل الإشارة إلى لاعبين مجددًا.
06034deecb5f2983,TID_POPUP_GOBLIN_BUILDER_EXPENSIVE_DISCLAIMER,لا يزال بنّاء الغيلان في حاجة إلى الموارد والوقت للبناء. في هذه الحالة يعد تحرير أحد البنّائين الخيار الأرخص.
acbf97c549ec9976,TID_STREAK_EVENT_COMPLETE_CURRENT_TIER_TO_RUSH,أكمل المهمة الحالية للتسريع
0ec17b2d6ac2b715,TID_SILVER_PASS_REWARDS,جوائز التذكرة الفضية
337d5e350a3fecec,TID_KEYBOARD_CONTROL_SELECT_SIEGE_MACHINE,تحديد آلة حصار
bf9011c7a310294d,TID_STREAK_EVENT_STREAK_BROKEN_TITLE,انكسرت سلسلة انتصاراتك!
0e11c473526da916,TID_ALLIANCE_WAR_LOOT_COLLECT_INFO_2,يمكنك جمع مكافآت غنائم الحرب من خزينتك والحداد.
5074aade0e8d1680,TID_LAST_ONLINE_MULTIPLE_WEEKS_AGO,لعب قبل <num> من الأسابيع
da67f9230e43a66e,TID_STREAK_COUNTER,<num>/<max>
715cb34ff299e4ce,TID_CHAT_TAG_LEADERS_INFO,إشارة إلى قادة القبيلة
c8fa3657acd3d0e1,TID_AVAILABLE_IN_SHOP,متاح في المتجر!
589843abbd70efb8,TID_EVENT_ACHIEVEMENT_BOOSTER_GEM_XP_REWARD_CLAIMED,انتهى الحدث! حصلت على <gem> من الجواهر، و<number> من <booster> و<xp> من نقاط الخبرة!
273b6b49e5b8e24d,TID_EP_ACTIVATE_BANNER_TITLE,تفعيل تذكرة الحدث
4904e26f8d0145d5,TID_JOIN_CLAN_INFO_TOGETHER,العبوا معًا واربحوا المزيد من الغنائم!
57440b77e1b57f5b,TID_EP_ACTIVATE_BUTTON,التفعيل
74d9ab8d9c6b7ef8,TID_GOBLIN_BUILDER_AVAILABLE,متاح!
f5323305e0b7bdb7,TID_CHAT_TAG_TITLE_ALL,الكل
997b00cb2def3207,TID_DECO_EGYPT_2024_HOG,خنزير سفنكس
bac0b9aaac35e913,TID_FEATURE_HERO_GEAR_DESC,خصص أبطالك باستخدام المعدات. استخدم الحداد لاختيار القدرات لأبطالك.
84eeca995fd4985c,TID_KEYBOARD_CONTROL_GROUP_TITLE_TROOPS,التحكم في القوات
a587b1f181262e3f,TID_DECO_LNY24_BABY_DRAGON,تمثال التنين الصغير
6530b51d2a6cd40c,TID_STREAK_EVENT_STREAK_COMPLETED,اكتملت سلسلة الانتصارات!
e23c74d8b028f67e,TID_LAST_ONLINE_OVER_MONTH_AGO,لعب قبل شهر
5b6334bed7462386,TID_STREAK_EVENT_PERK_LEAGUE_BOOST_TOPIC,تعزيز الدوري:
fd09ce2be1f3e14a,TID_CHAT_BUTTON_REMOVE_PIN,إلغاء تثبيت
476218973f2ea2e4,TID_CHAT_TAG_TITLE_LEADERS,القادة
27b0cef5dd0d6762,TID_KEYBOARD_CONTROL_SELECT_CLAN_CASTLE,تحديد قلعة القبيلة
20def01cfc8fd4ce,TID_CHARACTER_INFO_SIEGE_MACHINE_TROOP_CATAPULT,يطلق قوات آلة الحصار.
cdd6ed9e41d50687,TID_KEYBOARD_CONTROL_SELECT_TROOP,تحديد قوات <num>
53ab747f2f022ed3,TID_DECO_LNY24_DRAGON_PINATA,بينياتا التنين
5eba8c721a36e792,TID_CLAN_STATUS_ACTIVE,نشط
1560ab0150bbc393,TID_PIN_ERROR_MESSAGE,فشل تثبيت الرسالة: {0}
884035d2eb4caca5,TID_INFO_SCREEN_TITLE,<object> <cffcc33>المستوى <number></c>
8f36ba0a4194f864,TID_JOIN_CLAN_INFO_FEATURES,تفتح حروب القبائل ومباريات القبيلة والمزيد!
5472e5fe79f5c2e7,TID_CLAN_STATUS_CHAT,الدردشة:
f04b35baab7e5fda,TID_INFO_SCREEN_TITLE_UPGRADE,هل تريد ترقية <object> إلى <cffcc33>المستوى <number>؟</c>
fcbcb750b6f6951a,TID_SETTING_CHAT_TAG,الإشارة إلى اللاعبين في دردشة القبيلة
135427eb3327e971,TID_LNY24_WARDEN,آمر التنانين
c0d05b97dd7d623a,TID_CANCEL,إلغاء
79056ebd0913eeeb,TID_SPELL_OVERGROWTH_INFO,فخاخ على هيئة جذور صلبة لعرقلة المباني. تشل هجوم دفاعات العدو، وتتيح للقوات تجاهلها والإسراع في التوغل بالقرية.
bbb125fba21c0b63,TID_CHARACTER_SIEGE_MACHINE_TROOP_CATAPULT,مقلاع قوات تجريبي
527ab5f81b1888e8,TID_BP_TAB_TRACK,المسار
060c64365cd63ed7,TID_MEGA_TESLA_INFO_SHORT,كلمة \qعملاقة\q تشير إلى \qالفولت العملاق\q.
4e1d4ff893d6183d,TID_DECO_SPACE_2024_GOBLIN_STATUE,الغول المستكشف
2e542db4af2a4290,TID_GEAR_INFO_ROCKET_SPEAR,ستكون رميات الرمح التالية أقوى وأطول مدىً.
ac3b55d69fc6fab8,TID_BUTTON_CLAN_NOTICE_PUBLISH,نشر التنويه
a52836a81a19968e,TID_KEYBOARD_CONTROL_GROUP_TITLE_HEROES,التحكم في الأبطال
6604a934dec289b5,TID_KEYBOARD_CONTROL_ACTIVATE_SPELL,تفعيل تعويذة <num>
7800cc260c09c6d1,TID_BUTTON_CLAN_NOTICE_PUBLISH_INFO_1,لا يتوفر لديك تنويه قبيلة نشط حاليًا.
02f96486944d81f7,TID_DECO_LNY24_ANCHOR,مرساة الحظ
3865fa7792d82125,TID_STREAK_EVENT_STREAK_BROKEN_TEXT_CONTINUE,تابع سلسلة انتصاراتك من حيث توقفت
02bd850838ee50ef,TID_UNPIN_ERROR_MESSAGE,فشل إلغاء تثبيت الرسالة: {0}
cb4215ca6ebc77d3,TID_JUST_NOW,الآن
9c6acc9e69bd0722,TID_DECO_EGYPT_2024_BABYDRAGON,التنين بتاح
db8cd3db4861dd0d,TID_EP_SUPER_TROOP_UNLOCKED,تم تفعيل <name>!
4344b1074d9223c7,TID_STREAK_EVENT_HUD_NOTIFICATION,اكتملت المهمة <num>/<max>
e25833e7eb3debc4,TID_SETTING_CHAT_TAG_INFO,إذا كان هذا 'قيد التشغيل'، فستتلقى إشعارات عند الإشارة إلى اسمك في دردشة القبيلة.
d235f07f41a50799,TID_DRAGON_PALACE_SCENERY,منظر قصر التنانين
4cd444d86a1f4e39,TID_PIN_ERROR_THROTTLED,يُرجى الانتظار قليلاً قبل تثبيت المزيد من الرسائل.
165ab87e4d30fd7d,TID_LUNAR_KING,ملك التنانين
dc9a5b3574a40544,TID_BP_ACTIVATE_SCID_TITLE,أتريد تفعيل التذكرة الذهبية؟
acf015d203b8e27a,TID_HERO_INSTRUCTIONS_QUEEN,الأطول بين راميات السهام الأخريات كلهن، وهي قناصة بارعة في استخدام القوة المدمرة. رغم تواضع صحتها، تقتنص الأهداف من بعيد بواسطة قوسها المتين. تحمي القرية بكل ذرة في كيانها كمدافعة حقيقية.
80371902b9e26408,TID_STREAK_EVENT_PERK_LEAGUE_BOOST_INFO,مع تعزيز الدوري الأعلى، يمكنك الحصول على جوائز أكبر نظير الهجوم.
100439535fd6693e,TID_HERO_INSTRUCTIONS_BARBARIAN,أكبر البرابرة وأشجعهم! يستطيع هذا الخطر الهائل تلقي كميات هائلة من الأضرار وسحق أي شيء في طريقه بواسطة سيفه. يحمي منطقته بقوة في أثناء الدفاع.
42218a28a4eb58da,TID_STREAK_EVENT_REWARD_PERCENT,<num>%
f33deffaeb51b9bc,TID_PIN_ERROR_INVALID_STREAM_ENTRY_ID,حدث خطأ ما. يُرجى المحاولة لاحقًا!
2064bce7ba372997,TID_CHAT_TEXTFIELD_TEXT,رسالة القبيلة...
f85f11aa3410de9f,TID_CLAN_STATUS_DONATIONS,التبرعات:
30c53dffc36294dd,TID_FIRST_TIME_DISCOUNT,خصم المرة الأولى
f0efbc54807bf9b7,TID_BUTTON_CLAN_NOTICE_PUBLISH_INFO_2,تنويه القبيلة نشط حاليًا.
62899a7e1243b6a8,TID_KEYBOARD_CONTROL_GROUP_TITLE_SPELLS,التحكم في التعويذات
1cfae6749f171aae,TID_SUPER_TROOP_MENU_EVENT_TROOP,قوة الحدث
50333061171da4b7,TID_GRAND_WARDEN_INFO,الآمر الكبير خبير تكتيكي مخضرم يحمل صولجانًا ذا قوى سحرية خارقة. يمكنه دعم قواتك في الهجوم على قرى الأعداء أو في حماية قريتك.
25f9904540b07e3e,TID_POPUP_GOBLIN_RESEARCHER_EXPENSIVE_DISCLAIMER,ما زال باحث الغيلان يحتاج إلى موارد ووقت للبناء. في هذه الحالة يعد خيار إنهاء البحث الحالي أرخص تكلفة.
20af4d0e20af5e52,TID_KEYBOARD_CONTROL_SELECT_HERO,تحديد البطل <num>
46ee9c5afe21228b,TID_MEDAL_EVENT_BUTTON_TITLE,الجوائز
67834c72d31f536b,TID_CHARACTER_INFO_WATER_DRAGON,يمثل عام التنين اللازوردي القوة والنفوذ، وهذا التنين العظيم يجسد كلا المعنين. وكما يجلب التنين اللازوردي بهجة الربيع وروعة الأمطار، سيجلب إليك النصر في ميدان المعركة. يتمتع بنقاط صحة عالية وقذائف انتشارية خارقة تلحق ضررًا بما بعد هدفه المبدئي أيضًا. ثق بأن هذه القوة المهيبة ستقصّر من طول المعركة لصالحك.
9454c090fa94268a,TID_CHAT_NO_PINNED_MESSAGES,لا توجد رسائل مثبتة حاليًا.
16f4e23b1b5e0587,TID_FREE_A_BUILDER,تحرير بنّاء
8142a2dedc062e69,TID_SUPER_TROOP_AVAILABLE_FROM_EVENT,متاح مجانًا في حدث <event>!
3ff3db75293c2e1f,TID_FREE_RESEARCHER,إنهاء الأبحاث
46785bade309e98c,TID_GOBLIN_BUILDER,بنّاء الغيلان
df05e50178e0a438,TID_OPEN_STREAK_EVENT,فتح
39c909aa515c1b1d,TID_PIN_ERROR_NOT_PINNABLE,لا يمكن تثبيت هذه الرسالة.
6667e0708bed6c4c,TID_STREAK_EVENT_RUSH_STREAK_TEXT,يمكنك فتح المستوى التالي من سلسلة الانتصارات مبكرًا!
8fc01aa101bfe5ae,TID_PIN_ERROR_INTERNAL_ERROR,حدث خطأ ما. يُرجى المحاولة لاحقًا.
6dc212e1af414da7,TID_DECO_LNY24_CRAB,سلطعون في صدفة
d8b0bc21f54087cc,TID_ABOUT,المشاركون\n\n<names>\n\nClash of Clans ™ <version>\nحقوق النشر محفوظة لشركة Supercell Ltd للأعوام 2012-2024. جميع الحقوق محفوظة.\nبراءة الاختراع الأمريكية قيد الانتظار\nتخضع جميع استخدامات هذا البرنامج للشروط والأحكام وسياسة الخصوصية الموجودة على www.supercell.com.
d7d4c6331661371f,TID_STREAK_EVENT_BUTTON_PURCHASE,<TID_STREAK_EVENT_BUTTON_PURCHASE>
a50526494448964c,TID_GOLD_PASS_PERKS,امتيازات التذكرة الذهبية
69c4f93ec6e48d4d,TID_GEAR_TITLE_HASTE_VIAL,قارورة التسرع
90449400df0a5cea,TID_NUM_ATTACKS_UNTILL_DEACTIVATE,الهجمات: عدد
8af052fde7260cab,TID_STREAK_EVENT_STREAK_BROKEN_BUTTON_BREAK,إعادة ضبط
d87a82e70f75bff4,TID_STREAK_EVENT_STREAK_BROKEN_TEXT,يمكنك متابعة سلسلة الانتصارات أو إعادة ضبطها للبدء
ea0f81617642ab02,TID_CHAT_FEATURE_TITLE,مزايا دردشة جديدة!
6460f515b80662fd,TID_PIN_ERROR_NOT_IN_ALLIANCE,لا يمكن تثبيت الرسالة لأنك لست ضمن قبيلة.
6b284e8adc0a3d84,TID_TAB_CLANS_FIND_PLAYERS,البحث عن لاعبين
a48b0f5bf986874e,TID_GEAR_INFO_HASTE_VIAL,تلقي تعويذة التسرع على البطلة الملكية.
53154e67e1b57f5b,TID_BP_ACTIVATE_BUTTON,التفعيل
2153ee973d9f9c09,TID_CHAT_TEXTFIELD_PIN_TEXT,رسالة مثبتة...
9d715347de8b4ec9,TID_HERO_INSTRUCTIONS_WARDEN,الآمر الكبير خبير سحر قوي، يدعم قواتك المهاجمة بتفجيرات عبر صولجانه السحري. يمكنه المشي فوق الجدران أو التحليق عاليًا مع القوات الجوية؛ لذلك فهو قادر على مساعدة أي قوات مهاجمة. عند الدفاع، يتحول إلى برج قوي.
23674a1ef1948af5,TID_BP_REWARD_RESOURCE_INFO,اجمع الموارد وأنفقها على ترقيات قريتك الأم وقاعدة البنّاء وعاصمة القبيلة!
45cefd6c2a200237,TID_WINTER_KING,ملك الشمال
0052694174b4c713,TID_SCENERY_OFTHENORTH,منظر من الشمال
5d518a84d5c20b1f,TID_CHARACTER_WATER_DRAGON,التنين اللازوردي
4067697276ad2eb5,TID_BP_REWARD_UNLOCKED_IN_TRACK,يمكن الحصول على الجائزة في المسار
a30af0282febdda7,TID_INFO_SCREEN_PASS_TEASER,يمكنك بالتذكرة الذهبية أن توفر حتى:
d299441b118a7003,TID_STREAK_EVENT_TASK_NUMBER,المهمة <num>/<max>
8020ab4d4abb2405,TID_EVENT_TRACK_REWARD_INFO_SUPER_TROOP_NOT_AVAILABLE,لم تعد القوات الخارقة المجانية متاحة
aaa094e00aa302ee,TID_STAR_BONUS_LOOT_HEADER,تم تسليم غنيمة مكافأة النجوم إلى <destination>:
56e1b24642b6d202,TID_EP_ACTIVATE_SCID_TITLE,هل تريد تفعيل تذكرة الحدث؟
d50af07fa39e684c,TID_CHAT_ERROR_PERMISSION_DENIED,حدث خطأ ما. يُرجى المحاولة لاحقًا.
a3c38285458df0b9,TID_SUPER_TROOP_ALREADY_ACTIVE_THROUGH_EVENT,تم تفعيل هذه الوحدة بالفعل عبر حدث
27c3193cb9fa38dd,TID_PET_ABILITY_INFO_SPIRIT_FOX,يخفي نفسه وبطله لمدة معينة.
a4cab998db179110,TID_GOLD_PASS_ACTIVATE_INFO,قم بتفعيل التذكرة الذهبية لهذا الموسم لتتمكن من فتح الجوائز أعلاه وغيرها!
d37f93808cf54186,TID_STREAK_DESCRIPTION_TASK_BROKEN,انكسرت سلسلة انتصاراتك! يمكنك متابعة سلسلة انتصاراتك أو إعادة ضبطها للبدء.
ba7c2de3f979dc87,TID_SIEGE_MACHINE_INVISIBLE,آلة خفية
b135a08ad67bdef4,TID_STREAK_EVENT_STREAK_COMPLETED_DESCRIPTION,تهانينا أيها الزعيم! نجحت في إكمال سلسلة الانتصارات!
d49c366e8b10cad4,TID_EP_ACTIVATE_COUNTDOWN,ستنتهي نافذة تفعيل تذكرة الحدث خلال <time>
adf613368befea62,TID_INFO_SCREEN_TITLE_UPGRADING,جارٍ ترقية <object> إلى <cffcc33>المستوى <number></c>
66da0cf73a9f43e7,TID_GEAR_ROCKET_SPEAR,رمح الصاروخ
ca7ed887375bb595,TID_GP_ACTIVATE_COUNTDOWN,سيتم إغلاق نافذة تفعيل التذكرة بعد <time>
58374e81ed3c2bb9,TID_JOIN_CLAN_INFO_CAPITAL,ابنوا وقاتلوا معًا في عاصمة القبيلة!
9aeef2e352037ca1,TID_NAME_UNKNOWN,
8a7d3a03ee327ad2,TID_INVISIBILITY_SECONDS,الاختفاء: ثوانٍ
7b425ce5e71e9ed1,TID_STARBONUS_WINDOW_AWARD_EVENT,<c66CC00>تم تلقي <num> من مكافآت النجوم!</c>
f3882e9e5e79071e,TID_DECO_SPACE_2024_GLOBE,الكرة الأرضية الصخرية
a1c902cf7d909cde,TID_EVENT_PASS_ACTIVATE_TEXT,فعّل تذكرة الحدث للحصول على مزيد من الجوائز!
57d1ae5aeaf25ade,TID_STREAK_COUNTER_STREAKS,سلسلة الانتصارات
005b0bb5387f5ff5,TID_STREAK_EVENT_STREAK_BROKEN_BUTTON_CONTINUE,متابعة
c1fbf0892f82ae29,TID_WINTER_QUEEN,ملكة الشمال
60daec1e2e5e54bb,TID_CHAT_INELIGIBLE_PIN_INFO,يمكن للقادة والقادة المساعدين فقط تثبيت الرسائل.
8e12d14d57826048,TID_PUSH_CHAT_TAG,تمت الإشارة إليك في دردشة القبيلة
83cff904bd47c1ae,TID_DECO_EGYPT_2024_GOBLIN,الغول الفرعون
039714d407942b51,TID_PIN_ERROR_NO_MORE_PINS,تم تثبيت الحد الأقصى من الرسائل.
b3bda567140c53df,TID_STREAK_EVENT_TIME_LEFT,ينتهي الحدث بعد: <time>
7affaa40449048a4,TID_BUY_MULTIPLE_MISSING_RESOURCES_TEXT_N3,أتريد شراء العناصر الناقصة: <count1> من <resource1> و<count2> من <resource2> و<count3> من <resource3>؟
46278d3b4ff93b9c,TID_PIN_NOT_ALLOWED_FEED_FULL,تم بلوغ الحد الأقصى من الرسائل المثبتة: <num>!
1570dea48d37ea38,TID_KEYBOARD_CONTROL_GROUP_TITLE_CLAN_CASTLE,التحكم في قلعة القبيلة
6a4cfbca0cff570a,TID_CLAN_STATUS_VERY_ACTIVE,كثير النشاط
541307d357146ede,TID_CLAN_STATUS_WARS,الحروب
24b7b08f9d1f3bcc,TID_PTE_REWARD_LOCKED_NOT_ENOUGH_POINTS_AND_NEED_PREMIUM,تحتاج إلى <num> أكثر من <soft_currency> وتذكرة الحدث لفتح هذه الجائزة.
22e07092b80032cf,TID_BUTTON_EDIT_CLAN_SETTINGS,تحرير إعدادات القبيلة
9b1182d11c917b81,TID_GOBLIN_RESEARCHER,باحث الغيلان
2b896f00f4f08657,TID_GP_ACTIVATE_BANNER_TITLE,تفعيل التذكرة الذهبية
2dd26532bf106e44,TID_STREAK_EVENT_RUSH_STREAK_BUTTON_CONTINUE,تسريع
4cdebf0e7cff7fdd,TID_STREAK_EVENT_BUTTON_RUSH,تسريع
df35acefbd57f42d,TID_GOLD_PASS_REWARDS,جوائز التذكرة الذهبية
55c5739ab91011b7,TID_LNY24_CHAMPION,بطلة التنانين
61214717fb455647,TID_CHAT_FEATURES_LIST,- قم بالإشارة إلى اسم <cff8000>@لاعب</c> في رسالتك لإرسال إشعار إليه.\n- اضغط مطولاً على رسالة لإضافة رمز تعبيري.\n- يمكن للقادة المساعدين والقادة تثبيت الرسائل.
1971658e8dc356f3,TID_CHARACTER_FIREMITE,عثة النار
c94c292a10b16868,TID_CHAT_ERROR_TOO_MANY_TAGS,أجريت إشارات لعديد من اللاعبين في رسالتك.
530802ded2d3168c,TID_JOIN_CLAN_INFO_DONATE,احصل على تبرعات جيش مجانية!
33997c5d9052af3b,TID_STREAK_EVENT_BUTTON_CLAIM,المطالبة
039dab33f6f26eda,TID_SIEGE_MACHINE_INVISIBLE_FLYING,مركبة الاختفاء المسيرة
20a46c3b9dc7c22a,TID_OBSTACLE_BALL,شيء غامض
ef663b8b11138d70,TID_CHAT_TAG_ALL_INFO,إشارة إلى كل أعضاء القبيلة
955ae784272a42a1,TID_DECO_SPACE_2024_CRATER,فوهة القتال
8a8096de6fe75a7e,TID_STREAK_EVENT_RUSH_STREAK_BUTTON_CANCEL,إلغاء!
9a29334ebb638b16,TID_STREAK_EVENT_STREAK_BROKEN_TEXT_RESET,أعد ضبط سلسلة انتصاراتك للبدء
dd8cce1bb3e18342,TID_JOIN_CLAN_INFO_CHAT,دردش مع أعضاء القبيلة!
5093974705e55e60,TID_POPUP_UPGRADE_WALL_TEXT,أتريد استخدام <num> من <booster> لترقية هذا الجدار؟
c46353bdd47572c9,TID_PIN_NOT_ALLOWED_REGULAR_MEMBER,يمكن للقادة والقادة المساعدين فقط كتابة الرسائل المثبتة.
a111c9280ddb2bcd,TID_STREAK_EVENT_BUTTON_BOOSTS,التعزيزات
c642435c9d5a65e1,TID_EP_ACTIVATE_SCID_CONFIRM,معرف Supercell ID الخاص بك يتضمن <num> من تذاكر الأحداث. هل تريد تفعيل واحدة لهذا الحدث؟
7fa7f6f4fc731034,TID_STREAK_EVENT_PERK_LEAGUE_BOOST_NAME,تعزيز الدوري
b6cfe8bbb07702d0,TID_GEAR_INFO_FIRE_IN_A_CAN,يلقي كرة نارية متفجرة عملاقة على أقرب دفاع.
73246fd2661ba36b,TID_INFO_TARGET_TYPE_DEFENSES_AND_HEROES,الدفاعات والأبطال
5a89112c4ea0edb8,TID_CREATE_CLAN_NOTICE_SUBTEXT,سيستخدم تنويه القبيلة إعدادات قبيلتك الحالية.
c06c71d6e77eacdc,TID_CHAT_ERROR_MESSAGE,فشل إرسال رسالة الدردشة: {0}
99a50119a21fdd66,TID_ATTACK_RANGE_TILES,نطاق الهجوم: رقعات
4520a402528a996c,TID_STREAK_EVENT_RUSH_STREAK_TITLE,سرّع سلسلة انتصاراتك!
028b44f364d9fffc,TID_DEAL_END_TIME,ينتهي العرض خلال:
869e38d056c1bf71,TID_STREAK_EVENT_BUTTON_BROKEN,متابعة
f9ba4634edecdbd7,TID_CHAT_BUTTON_ADD_PIN,تثبيت
83abd8f50f346cfc,TID_MEDAL_EVENT_TROOP_BONUS,مكافأة لاستخدام <troop>
36f52580c8a54c73,TID_CHAT_ERROR_INVALID_TAGS,استخدمت إشارات غير صالحة. يُرجى المحاولة لاحقًا.
b65dcd62669d3511,TID_GEAR_FIRE_IN_A_CAN,كرة نارية
1f0b08d0fba69351,TID_OFTHENORTH_BATTLE_MACHINE,آلة معركة الشمال
332539cf22cb5581,TID_LAST_ONLINE_ONE_WEEK_AGO,لعب قبل أسبوع
9a30223fe609a498,TID_JOIN_CLAN_TITLE,انضم إلى قبيلة
b267bb3a46da581d,TID_HERO_GEAR_UNLOCKED,تم فتح <gear>!
2d90dc2c1a05e75e,TID_EVENT_PASS_ACTIVATE_TITLE,فعّل تذكرة الحدث!
14f9adb3f3cf66ff,TID_SPELL_FROST,الصقيع الموجّه
d3ad56d1a7a34412,TID_UNPIN_ERROR_INTERNAL_ERROR,حدث خطأ ما. يُرجى المحاولة لاحقًا.
1f40ce44c761cd32,TID_LNY24_QUEEN,ملكة التنانين
291b82f632b622e4,TID_SPELL_OVERGROWTH,تعويذة عراقيل الجذور
2ca80d0ab5aa8f59,TID_SPELL_HEAL_SPIRIT,روح الشفاء
8d76d237e7b7daf7,TID_CLAN_NOTICE_TITLE,تنويه القبيلة
fa305eab2be29d70,TID_HERO_INSTRUCTIONS_ROYAL_CHAMPION,فوق الجدار وهجوم! تخاف البطلة الملكية من أربعة أشياء، لكن العدو ليس واحدًا منها. ضرباتها القصيرة المدى مثالية لطعن الدفاعات عن قريب.
5e3957cd1ccf5312,TID_CHAT_PIN_NOTIFICATION_INFO,هل تريد إرسال إشعار إلى اللاعبين المشار إلى أسمائهم؟
7023a70650e983c2,TID_CHARACTER_INFO_FIRECRACKER,تمردت رامية السهام ذات الشعر الوردي على قوسها القديم بعدما غلبها حبها لإشعال النيران والمزيد من القوة النارية، فأصبحت رامية المفرقعات. تسعى رامية المفرقعات دائمًا إلى قذف متفجراتها الوامضة على أقرب هدف، إلا أن ارتداد سلاحها يدفعها إلى الخلف قليلاً بعد الإطلاق. يُشاع أنها من وراء الألعاب النارية وعروض الألوان خلال احتفال العام القمري الجديد. تحذير: لا تترك أي شيء قابل للاشتعال بالقرب منها.
1d5d02a97cf5f34c,TID_STREAK_EVENT_BUTTON_RESET,إعادة ضبط
92a61cb6a9ac8e7f,TID_NAME_UNKNOWN,مجهول
755103376736d6cf,TID_STREAK_EVENT_BUTTON_RESET,البدء من جديد!
5d78f35020f49f8a,TID_CLAN_WIN_STREAK,سلسلة الانتصارات في الحرب:
e9c9d501d46ccf68,TID_EDIT_CLAN_NOTICE_TITLE,
8f27e5a7b528db7b,TID_STREAM_EVENT_CANCELLED_WAR_LEAGUE_NEW,ألغى <player> بحث دوري حروب القبائل
c190851b50353760,TID_BUTTON_CLAN_SEND_REQUEST,إرسال الطلب
4374657b1502011c,TID_DECO_GIFT_2024_CROWNSWORD,سيف التاج
3aa97a378671a9d0,TID_SPELL_YELLOW_CARD_INFO,الرياضيون السيئون يستحقون العقاب ويُعدّ إفساد هجومك أمرًا وقحًا. علّق الدفاع أو البطل المستهدف بشكل مؤقت. لا يمكنها شن هجوم أو التعرض لهجوم أثناء التعليق.
66b6bf5112293602,TID_STREAM_EVENT_JOINED_AND_LEFT_NEW,انضم <player>إلى القبيلة وغادرها
a91bf40f201651ba,TID_STREAK_EVENT_BUTTON_RUSH,إلغاء القفل
c1ecbbe57dc36eb2,TID_STREAK_EVENT_STREAK_COMPLETED_DESCRIPTION,تهانينا أيها الزعيم! نجحت في إكمال السلسلة!
c008545f1865af50,TID_LABORATORY_HUB_TEXT,استمتع <cffcc33>بتعزيز الأبحاث</c> لديك
a95d64e97cb291cc,TID_DECO_CLASHBALL_TROPHYBALL,أفضل كرة
aa373e35261ecf66,TID_SPACE_KING,ملك الفضاء
7df8fea45a4611b6,TID_HERO_ABILITY_SUMMONED_UNITS_DAMAGE,ضرر الوحدات المستدعاة: <number>
39f6e15dacf47ecf,TID_CHARACTER_CHAIN_HEAL_DRUID_INFO,
5818fb7b5e56c8fc,TID_EVENTS_HUB_TEXT,تحقق من <cffcc33>الأحداث</c> لمزيد من المتعة والجوائز
d143b0d8e1406e34,TID_CLANGAMES_TASK_USE_EQUIPMENT_FOOTBALL,هاتريك!
dc10950ca3a01836,TID_STREAK_EVENT_STREAK_BROKEN_TEXT_CONTINUE,هل تريد متابعة السلسلة من حيث توقفت أم البدء من جديد؟
d5066d5c0acf1354,TID_EP_RESOURCE_REWARD_GET_GEM_ALTERNATIVE_TOO_LOW_TH_TEXT,يمكن تخزين <resource> بعد بناء الحداد في قاعة المدينة 8.\nهل تريد البيع مقابل <amount> من الجواهر بدلاً من ذلك؟
2e19bd4f8873a4ed,TID_TRYING_TO_TYPE_TOO_MANY_TAGS,يمكنك الإشارة إلى ما يصل إلى <num> فقط من اللاعبين في كل رسالة.
fe15605175ae2f09,TID_BUTTON_CLAN_NOTICE_BOARD,
8e6966a288206d7b,TID_SPACE_QUEEN,ملكة الفضاء
19f8dd54be5c4dad,TID_REENGAGEMENT_HUB_TITLE,مركز العرض التوضيحي
b99cf8251ff47630,TID_EVENT_TRACK_REWARD_INFO_SUPER_TROOP,فعّل <name> مجانًا!
a321a6da35a5323c,TID_CHAT_ENTRY_WAR_SIGNUP_INFO,<cffffff>هل تريد التسجيل في حرب القبائل التالية؟</c>
38c4d64be4f92eca,TID_MASS_TAG_CLAN,القبيلة
58275ca998762a8b,TID_EP_RESOURCE_REWARD_GET_GEM_ALTERNATIVE_TOO_LOW_TH_TITLE,لا توجد مساحة تخزين
e76126ad8848a9e8,TID_MESSAGE_WAR_SIGNUP_CONFIRM,هل تريد إرسال تسجيل في الحرب إلى دردشة القبيلة؟
67587bd5ad768ccf,TID_STREAK_EVENT_STREAK_COMPLETED,اكتملت السلسلة!
a11b813ea88c21c5,TID_STREAM_EVENT_KICKED_NEW,تم طرد <player> من القبيلة بواسطة <name>
f3ae9e3c3fd4037b,TID_BUTTON_CLAN_NOTICE_DESCRIPTION,
50dfc5a2204e404d,TID_GEAR_CLONING_CLOAK_GIVEN_ABILITY,الاستنساخ
f110fd4858937ef9,TID_STREAK_EVENT_STREAK_BROKEN_TEXT,يمكنك متابعة السلسلة أو البدء بأخرى جديدة
3f135b17216ec8cb,TID_JOINCLAN_HUB_TEXT,<cffcc33>انضم إلى قبيلة</c> والعب مع الآخرين لمزيد من المتعة
845dbae33f7a047c,TID_GEAR_FOOTBALL_BOUNCE_INFO,
08a8a5ffeb41bf48,TID_STREAK_EVENT_BANNER_TITLE,التقدم
4239b25a3ff23faf,TID_CHARACTER_INFO_FREE_KICKER,ابدأ المباراة بطلقة مستهدفة هادئة ودقيقة لتدمر أقرب دفاع. ثم تابع ثوران البرابرة العادي.
e6d02e29498fe161,TID_ABILITY_THROW_IN_INFO,تنط مرتين وتدمر الجدران وتلحق <num> من الضرر عند هبوطها في كل مرة
a2e31bbb9dbc264f,TID_SPELL_OVERGROWTH_INFO,هل تمنيت من قبل تجاهل مجموعة كاملة من قاعدة الأعداء؟ ستضع تعويذة عراقيل الجذور فخًا للمباني القريبة لتحبسها في جذور قوية، وتوقف بالتالي هجوم الدفاعات. تتجاهل القوات المباني المحاصرة.
bb770168c940d684,TID_EP_RESOURCE_REWARD_GET_GEM_ALTERNATIVE_NO_BLACKSMITH_TITLE,لا توجد مساحة تخزين
f95a3bb89b53209c,TID_SETTING_CHAT_TAG_INFO,إذا كان هذا \qقيد التشغيل\q، فستتلقى إشعارات عند الإشارة إلى اسمك في دردشة القبيلة.
e0657cc072cce8fb,TID_STREAK_EVENT_EXTRA_REWARD,+‏<num>
6d81aa1471b1d8b8,TID_MESSAGE_INFO_WAR_SIGNUP_ACTIVE,يتوفر بالفعل تسجيل في حرب نشط في الدردشة.
35b37b7c3ae08eed,TID_PRACTICELEVELS_HUB_TEXT,أعد تشغيل <cffcc33>التدرب على الهجمات</c> لتعزيز مهاراتك
d2902d0a7f2c9013,TID_STREAK_EVENT_RUSH_STREAK_TEXT,هل تريد فتح المستوى التالي من السلسلة مبكرًا؟
781535113e4842f9,TID_BUTTON_SEND_WAR_SIGNUP,إرسال التسجيل في الحرب
5748c6bc8d584a68,TID_NERF_DAMAGE_PERCENTAGE,تم تقليل الضرر إلى: <number>%
a377ce3d255987fd,TID_NO_MATCHING_RESULTS_FOUND,لم يتم العثور على نتائج متطابقة
f2b9c0c1e730424c,TID_STREAM_EVENT_CANCELLED_ARRANGED_WAR_NEW,ألغى <player> الحرب الودية
8d3f30fad09fc58f,TID_STREAK_EVENT_STREAK_BROKEN_TITLE,انكسرت السلسلة!
d1271c2f25ee974a,TID_DECO_CLASHBALL_STATUECHARACTER,
84a5bd2c644f8ce1,TID_STREAK_EVENT_PERK_LEAGUE_BOOST_INFO,مع مكافأة سلسلة أكبر، ستحصل على المزيد من مكافآت الغنيمة في الهجمات المتعددة اللاعبين!
a9a584466bcb96d9,TID_STREAK_EVENT_STREAK_BROKEN_BUTTON_BREAK,البدء من جديد!
2631ddf850bd71e1,TID_OFFER_TOWNHALL_UPGRADE_PACK,مجموعة قاعة المدينة <num> متاحة الآن في المتجر!
22261f05732d0b50,TID_STREAM_EVENT_LEFT_NEW,غادر <player> القبيلة
2c86891951135eed,TID_STREAM_EVENT_STARTED_WAR_NEW,بدأ <player> بحث حرب القبائل
bef582725cc0753c,TID_DECO_WILDWEST_TOTEM,وثن التنين
31220ee4e791078b,TID_STREAK_EVENT_COMPLETE_CURRENT_TIER_TO_RUSH,عليك إكمال المهمة الحالية قبل أن تتمكن من الإسراع
288c56c86f5d3282,TID_CHARACTER_INFO_GIANT,قد يبدو الهدوء على هؤلاء العمالقة، لكن أرهم مدفعًا أو برج راميات السهام وسترى غضبهم ينطلق! بطيئون لكن مثابرون، أفضل استخدام لهؤلاء المحاربين هو لامتصاص الضربات.
c99eba65273f0d50,TID_PUSH_CHAT_TAG,<name>، ذُكر اسمك في دردشة القبيلة!
b0a461b7fd404fb7,TID_DECO_CLASHBALL_GOLDENBOOT,الحذاء الذهبي
e2da75ffa1daae44,TID_STREAK_EVENT_LEAGUE_BOOST,مكافأة السلسلة
c713b358723d0143,TID_HERO_ABILITY_SUMMONED_UNITS_DPS,الضرر في الثانية للوحدات المستدعاة: <number>
30cdcd5bebb5d863,TID_STREAM_EVENT_JOINED_NEW,انضم <player> إلى القبيلة
701792da1242bc64,TID_PET_ANGRY_JELLY,جيلي الغاضب
95e2a1799bcecfc0,TID_SPACE_CHAMPION,بطلة الفضاء
0b4648ee21c72e91,TID_GEAR_TITLE_LIGHT_BOMB,
a965380c7deb2644,TID_NOTICE_BOARD_FTUE_ACTIVITY,
3ed889bf0b8a0044,TID_GEAR_TITLE_FOOTBALL,كرة الشوك
11da79a75700eb2b,TID_CHARACTER_SHAPESHIFTER_DRUID,
9e9a031cb62c9e13,TID_STREAK_COUNTER_STREAKS,التقدم
867a768016c3b0e4,TID_BUILDER_HUB_TEXT,استمتع <cffcc33>بتعزيز البنّاء</c> لديك
4f7148d7a3e6407d,TID_MESSAGE_WAR_SIGNUP_CONFIRM_TITLE,هل تريد إرسال التسجيل في الحرب؟
043e48bf26c3aa20,TID_GEAR_TITLE_OLYMPIC_BATON,
a79bbe98440095c4,TID_WAIT_BEFORE_TAGGING,ستكون ميزة الإشارة في الدردشة متاحة بعد الانضمام إلى القبيلة بمدة <number> من الدقائق!
0bdb1131d8420a72,TID_STREAK_EVENT_INFO_SCREEN_2,سلسلة الانتصارات الأطول تفتح مضاعفات مكافأة دوري أكبر وجوائز أخرى.
b1244242b7e984b3,TID_MEDAL_EVENT_INFO_TRACK_ENDED,لا يمكنك التقدم أكثر، لكن لا يزال أمامك وقت للامطالبة بالجوائز وإنفاق <hard_currency> عند التاجر!
cd2dc9079611a799,TID_SPACE_WARDEN,آمر الفضاء
cf95c2e2e15e2a0c,TID_GEAR_INFO_SUPER_ARCHER_PUPPET,
00d50042f7f38c29,TID_STREAK_EVENT_PERK_LEAGUE_BOOST_NAME,مكافأة السلسلة
966240da8ee9dd20,TID_DECO_CLASHBALL_TROPHYBEVERAGE,
f5c42b9251a77e53,TID_STREAK_EVENT_REWARD_PERCENT_TOTAL,<num>%
e345f362f5a0b56f,TID_STREAK_DESCRIPTION_TASK_BROKEN,كسرت سلسلتك! يمكنك متابعة السلسلة أو البدء من جديد.
c00f6a8e639e5be5,TID_STREAM_EVENT_CANCELLED_WAR_NEW,ألغى <player> بحث حرب القبائل
97fc2c7092eaed26,TID_STREAM_EVENT_PROMOTED_NEW,تمت ترقية <player> إلى <role> بواسطة <name>
1074b8a6ab11c389,TID_SPELL_YELLOW_CARD,بطاقة صفراء
d9e6528fe9cb3e6e,TID_DECO_CLASHBALL_GOAL,
1af608080ae0b833,TID_PET_ANGRY_JELLY_INFO,ينفد صبر كتلة الغضب المطلق هذه عند الانتظار في أنحاء القرية، فهي متعطشة لقتال جيد. خلال المعركة، تقنع بطلها بمهاجمة الدفاعات قبل الانقسام للقتال بشكل منفصل.
5239235ac4ecfb7d,TID_STREAK_EVENT_NOTIFICATION_STREAK_BROKEN,انكسرت السلسلة
7bdf832626d3c30a,TID_EGYPTIAN_QUEEN,الملكة المصرية
0100b21c424e4d6c,TID_CHARACTER_FREE_KICKER,المهاجم البربري
a1261125097f222c,TID_GIVEN_ABILITY_DURATION,مدة <ability>: ثوانٍ
5ee3fac51cca771f,TID_BUTTON_USE,استخدام
a44ad84b5e955bee,TID_CHALLENGES_HUB_TEXT,تحقق من <cffcc33>التحديات</c> للحصول على إرشادات في خطواتك التالية
01a720e2e005767d,TID_ABILITY_FREE_KICK_INFO,تستهدف أقرب دفاع متسببة في <num> من الضرر
c2d7f25f23caed7e,TID_STREAK_TASK_REVEALED_IN,تظهر مهمة <task> بعد:
b183931136925206,TID_GEAR_TITLE_CLONING_CLOAK,المرآة السحرية
e4b861d559c71ed8,TID_DECO_WILDWEST_SKELLY,الهيكل العظمي راعي البقر
7cb25a3dc4cb018a,TID_BATTLEPASS_TASK_WIN_BATTLES_USING_DRAGONS,سلسلة من نار
85dd60c716c6503e,TID_ABILITY_FREE_KICK,ركلة حرة
dd8ddccebce9e69a,TID_CHARACTER_BATTLE_DRUID,
653eebd94743473e,TID_DECO_CLASHBALL_TROPHYCROWN,كأس النصر
4b10d85f1fc1cbd5,TID_BASIC_TURRET_INFO,المدافع رائعة في الدفاع الموجَّه نحو نقطة معينة. قم بترقية المدافع لزيادة قوتها، لكن انتبه إلى أن الدفاعات لا يمكنها إطلاق النار أثناء ترقيتها!
1b2b71ed3bec9aa1,TID_EGYPTIAN_WARDEN,الآمر المصري
c7aecf45643dfb73,TID_CHARACTER_CHAIN_HEAL_DRUID,
c50af47029368bff,TID_STREAK_EVENT_LEAGUE_BOOST_DESCRIPTION,اربح <num>% من الموارد الإضافية من مكافأة غنيمة الدوري!
f124a2f71bc3cf18,TID_EVENT_TRACK_REWARD_INFO_SUPER_TROOP_BOOSTED,فعّل <name> مجانًا!\nسيقل وقت التدريب بنسبة <pct>%.
50e33bc8d7080dea,TID_GEAR_INFO_LIGHT_BOMB,
cca53c6c8cbcbe85,TID_GEAR_INFO_FOOTBALL,يتم إطلاق كرة شوك تلحق الدمار بين المباني
a11e397c48b59ee3,TID_SCENERY_SPACE,منظر الفضاء
08fab84b92a06723,TID_DELETE_BUTTON,إزالة
5a807c412a7a0471,TID_GEAR_FOOTBALL_STRIKE_INFO,
9b27301623012d86,TID_LOOTCART_HUB_TEXT,اجمع <cffcc33>غنيمة مكافأة</c> وابدأ في ترقية قريتك
1fed9574792b9ffa,TID_CHARACTER_SIDE_THROWER,الرامي العملاق
294873a9a49dff55,TID_CHIEFSJOURNEY_HUB_TEXT,اعرض <cffcc33>رحلة الزعيم</c> لترى ما فتحت
db44aba6255cea5c,TID_CHALLENGE_CASTLE_EMPTY,قلعة القبيلة الخاصة بك فارغة!
d92b4374b6142cee,TID_STREAM_EVENT_NAME_CHANGED_NEW,غيّر <player> اسمه إلى <name>
ee04c88cd2de5ddc,TID_CHARACTER_BATTLE_DRUID_INFO,
b8f88966d1a0375d,TID_STREAM_EVENT_DEMOTED_NEW,تم تخفيض ترتيب <player> إلى <role> بواسطة <name>
f3f5813d69f0b7c0,TID_PET_ABILITY_ANGRY_JELLY,غسل الدماغ
e4c9cbc2ecba70af,TID_STREAM_EVENT_CHANGED_SETTINGS_NEW,حدّث <player> إعدادات القبيلة
ae5f8aec7275089f,TID_CHARACTER_INFO_SIDE_THROWER,هذا الرياضي الصاعد العملاق يرمي كرة نطاطة ثقيلة على أقرب مبنى. ثم ينتقل إلى الخبطة العملاقة المعتادة!
d9d4710e58bb35ac,TID_GEAR_FOOTBALL_STRIKE,
043be3fa8efd0a20,TID_GEAR_TITLE_OLYMPIC_TORCH,
44b61e8c37fcfa42,TID_HERO_ABILITY_CLONE_HEALTH,صحة المستنسخ: <number>
1c8bdf7525d11a1f,TID_STREAK_EVENT_FAILED,فشلت المهمة
0a0b65a6ea1e7a65,TID_EP_RESOURCE_REWARD_GET_GEM_ALTERNATIVE_NO_BLACKSMITH_TEXT,ابنِ الحداد لتخزين <resource>.\nهل تريد البيع مقابل <amount> من الجواهر بدلاً من ذلك؟
4e260397407fa1d3,TID_CHAT_ENTRY_WAR_SIGNUP_NO,<cff6266>تم إلغاء تسجيلك في حرب القبائل التالية</c>
3badc376bed91f51,TID_HERO_ABILITY_NUM_CLONES,المستنسخات: <number>
7f911cc5793176a4,TID_SCENERY_EGYPT,منظر مصر
b8b916b6d6a20a79,TID_CHARACTER_SHAPESHIFTER_DRUID_INFO,
7d261f10b25211c6,TID_CLANGAMES_TASK_USE_FREE_KICKERS,أول ظهور للمهاجم
bc8680d822459c2a,TID_STREAK_EVENT_NO_TIMER_YET,أكمل أول مهمة لديك للبدء!
8936e3743b21761b,TID_DAILY_LOGIN_HUB_TEXT,تحقق من <cffcc33>تقويم تسجيل الدخول</c> للحصول على جوائز يومية
e3abcb6cdf0257d9,TID_CHAT_ENTRY_WAR_SIGNUP_YES,<c6cd900>تم تسجيلك في حرب القبائل التالية</c>
6a2f0c7f506e80a3,TID_STREAM_EVENT_PROMOTED_AUTOMATICALLY_NEW,تمت ترقية <player> إلى <role> تلقائيًا
d8a738357a456328,TID_GEAR_BARBARIAN_CROWN_GIVEN_ABILITY,الغضب
cef138d25559bc75,TID_HERO_ABILITY_CLONE_DAMAGE,ضرر المستنسخ: <number>
3d015a941d187b04,TID_CLANPERK_DESC_DONATION_LIMIT_VALUE,قوات <troops>، تعويذات <spells>، آلات حصار <sieges>
94afe2c805af20a0,TID_STREAM_EVENT_STARTED_WAR_LEAGUE_NEW,بدأ <player> بحث دوري حروب القبائل
67007d07bbd42410,TID_STREAK_EVENT_INFO_SCREEN_4,ألا يمكنك الانتظار حتى تفتح المهمة التالية؟ أنفق الجواهر لفتحها الآن.
5ec2e4d6709ff303,TID_STREAK_EVENT_STREAK_BROKEN_TEXT_RESET,بدء
fd674de7d9ba073b,TID_CHAT_ENTRY_WAR_SIGNUP_TITLE,التسجيل في حرب القبائل
b99f7df12b8e2cd6,TID_GEAR_INFO_OLYMPIC_TORCH,
886f5a57a4da5f66,TID_WAR_SIGNUP_RESPONSE_NOT_AVAILABLE_IN_MODE,العودة إلى الصفحة الرئيسية للرد!
01933dd6b322d46c,TID_STREAK_EVENT_TIME_REMAINING,الوقت المتبقي: <time>
57c5c9fd8ecb6f6e,TID_MASS_TAG_LEADERS,القادة
d9d47c8a4cbf7f1c,TID_GEAR_FOOTBALL_BOUNCE,
248994bad9d8c95c,TID_HINT_DPS,تُقاس إحصائيات الضرر في معلومات الوحدات والدفاع بالضرر في الثانية.
545b88f3c79d882f,TID_STREAK_EVENT_INFO_SCREEN_1,أكمل مهمة كل يوم خلال المدة المحددة لتمديد سلسلتك.
c50bb3739ac43a81,TID_PET_ABILITY_INFO_ANGRY_JELLY,يستهدف البطل الدفاعات لبعض الوقت بعد النشر.
f9abdb102c9bf591,TID_HERO_ABILITY_SUMMONED_UNITS_HEALTH,صحة الوحدات المستدعاة: <number>
494816d42ac8fa02,TID_NOTICE_BOARD_FTUE_SUBTEXT,
426b42c6de5b60c4,TID_STREAK_EVENT_PERK_LEAGUE_BOOST_TOPIC,مكافأة السلسلة:
7cdcc2d96da6030a,TID_EGYPT_KING,الملك المصري
460f35855b6691f4,TID_TUTORIAL_ENTER_AGE_ALTERNATE_PATH,أهلاً يا زعيم! لنبدأ.
0c7574d4c8e0b49c,TID_GIVEN_ABILITY_NERF_DAMAGE_PERCENTAGE,تم تقليل ضرر <ability> إلى: <number>%
d4500cd515657dd7,TID_STREAK_EVENT_BROKEN_TIMER,فشلت المهمة: 0 س 0 د
ec2837e31a9e49d3,TID_HERO_ABILITY_CLONE_DPS,الضرر في الثانية للمستنسخ: <number>
699332cb83ab571a,TID_STREAK_EVENT_INFO_SCREEN_TITLE,حدث السلسلة
b99ad6b483b08cd6,TID_GEAR_INFO_OLYMPIC_BATON,
8fbdaf40c3ec1705,TID_STREAK_EVENT_RUSH_STREAK_TITLE,سرّع السلسلة!
625d4753a52bd6c9,TID_GIVEN_ABILITY_BOOST_DAMAGE_PERCENTAGE,زيادة ضرر <ability>‏: <number>%
e0a9268c9fdecbd2,TID_STREAK_EVENT_NOTIFICATION_STREAK_ADVANCED,اكتملت المهمة!
225b61f3c61c5000,TID_EGYPTIAN_CHAMPION,البطلة المصرية
04ba7bd1026237a8,TID_GEAR_TITLE_SUPER_ARCHER_PUPPET,
d1f25b5a795720e1,TID_DECO_CLASHBALL_TROPHYCUP,كأس الاحتفال
fd0c8aa0ca723b5f,TID_DECO_GAME_CAMPAIGN,
1c6b4dda592e6821,TID_STREAK_EVENT_REWARD_PERCENT,+‏<num>‏%
079ee82e0241c4f1,TID_SCENERY_CLASHBALL,
b77a61497c38c133,TID_ABILITY_THROW_IN,رمية التماس
11143c564a4600e7,TID_NOTICE_BOARD_FTUE_TITLE,
d11320fb3d2fa06f,TID_GEAR_TITLE_OLYMPIC_TORCH_GIVEN_ABILITY,
b435c4e1be6da66b,TID_STREAM_EVENT_ACCEPTED_NEW,تم قبول <player> في القبيلة بواسطة <name>
209556adc6f47d21,TID_INFO_TARGET_TYPE_BUILDINGS,المباني
b5d8b8a44720b02d,TID_STREAK_EVENT_INFO_SCREEN_3,إذا لم تُكمل مهمتك في الوقت المحدد، فابدأ من جديد أو استخدم الجواهر لإعادة محاولة إكمال المهمة
397b4985bec04ed8,TID_DECO_WILDWEST_CACTUS,الرجل الصبار
ae487b4211f91b47,TID_BUTTON_CLAN_NOTICE_MESSAGE,
939a28a3c34ded73,TID_STREAK_EVENT_REWARDS,الجوائز:
809b624da5d18c8a,TID_TRAINING_HUB_TEXT,استمتع <cffcc33>بتعزيز التدريب</c> الخاص بك وشارك في القتال
6a67a5ff3ff2619f,TID_KEYBOARD_CONTROL_GROUP_TITLE_REINFORCEMENTS,
5dd84e1695f8b747,TID_CLANGAMES_TASK_USE_EQUIPMENT,فز بنجمة في <num> من المعارك المتعددة اللاعبين باستخدام <equipment>.
d9651202563d90d2,TID_GEAR_INFO_CLONING_CLOAK,تستدعي مستنسخات من الملكة رامية السهام
a3e7c13ba108395d,TID_KEYBOARD_CONTROL_SELECT_REINFORCEMENTS,
de7c49e46dd9f177,TID_GEAR_INFO_OLYMPIC_TORCH_GIVEN_ABILITY,
bbee69db540c29f2,TID_WILDWEST_QUEEN,ملكة الغرب القديم
398a8c1f202041bb,TID_APPRENTICE_UPGRADED,تمت ترقية <item> إلى المستوى <level>!
ddf267c8013006ba,TID_TRADER_SPECIAL_OFFER_TAB_INFO,يمكنك الآن شراء هذه العناصر السحرية المحددة عدة مرات كل أسبوع! لكل عنصر عدد محدود من عمليات الشراء بتخفيضات خاصة.
c753ea788ec63b84,TID_BA_CONFIRM_ASSIGN_JOB_LOSE_TIME,ستفقد الوقت الزائد.
92bbce6a4b63d551,TID_PET_ANGRY_JELLY,الهلام الغاضب
708210c16a5ec04e,TID_VILLAGER_LIST_ASSIGN,هل تريد تكليف تلميذ البنّاء بأعمال؟
6e720649d0a2c76b,TID_CLAN_NOTICE_UNPUBLISH_FAILED_INTERNAL_ERROR,حدث خطأ ما. يُرجى المحاولة مجددًا.
32e61afa582bb677,TID_CLAN_NOTICE_BOARD_REFRESH,تحديث
7eb354ddc305b7b1,TID_GEAR_INFO_ELECTRO_SHIELD,يلحق الضرر بشكل دوري بكل شيء حول البطلة الملكية
d0039da4aaedb23e,TID_VILLAGER_STATUS_WORKING,الوقت المتبقي: <time>
30a19f5159c7c512,TID_SQUAD_KING,ملك Squad الخارق
832cd86ac2c855f8,TID_BUILDER_APPRENTICE,تلميذ البنّاء
e380b09d4d1f580a,TID_DECORATION_CLASH_FEST_22_STATUE,قبضة اللهب
800ff6829e871227,TID_HARD_MODE_DESC,تلحق الدفاعات ضررًا أكبر بنسبة 5%. يمتلك الأبطال المهاجمون جرعة صحة أقل بنسبة 10%، ويلحقون ضررًا أقل بنسبة 15%.
1bb815d552037eaa,TID_KEYBOARD_CONTROL_SELECT_REINFORCEMENTS,تحديد التعزيزات
6cf4223e1798df25,TID_CLAN_NOTICE_SAVE_FAILED_THROTTLED,يرجى الانتظار لحظة حتى يتم تعديل التنويه.
9feffd910cd6d261,TID_BA_CONFIRM_ASSIGN_JOB,هل تريد تكليف التلميذ بالعمل على <building>؟
d630a04a64c5b0f9,TID_CLAN_NOTICE_BOARD_HEADER_TITLE,اكتشف القبائل من أحدث التنويهات!
38dce4ca57d5f388,TID_HAALANDCLASH_KING,ملك كرة القدم
8f2e93f22f39622b,TID_BUILDING_BOW_GROUND_CONFIG,قوس الاستهداف الأرضي
aa67890fe1fee6cc,TID_STREAK_EVENT_BUTTON_RUSH,الفتح
92a35963792d6760,TID_GEAR_TITLE_HEROIC_TORCH,الشعلة البطولية
e89ed70a35a2ad8e,TID_SPECIAL_REENG_TUTORIAL_4,حسنًا، لنرَ إن كان بإمكانك هزيمة دفاعك!
258c162f22ff91ec,TID_VILLAGER_LIST_WAITING,الترقيات الجارية:
23ed36820e6a6f18,TID_BUTTON_VILLAGERS,تلميذ البنّاء
d6715bee753ef1d6,TID_BA_JOB_TIME_SAVED,الوقت المُوفَر: <time>
033fa9da9d896bb2,TID_SPECIAL_FTUE_TUTORIAL_1,مرحبًا أيها الزعيم! إرلينج هالاند هنا! مرحبًا بك في الفريق!
ef166e0a351540c5,TID_DECO_CLASHBALL_TROPHYBEVERAGE,مشروب النصر
8feb2b350fc36fc6,TID_KEYBOARD_CONTROL_GROUP_TITLE_REINFORCEMENTS,التحكم في التعزيزات
daba3c7e5978a5e5,TID_SPECIAL_FTUE_TUTORIAL_3,أوه لا، إنهم الغيلان مجددًا... أسرع، أنصب مدفعًا لحماية قريتك!
276352b6f28cb60d,TID_VILLAGER_STATUS_WAITING,متاح في: <time>
0ef128bd4899b25b,TID_SPECIAL_REENG_TUTORIAL_2,آمل ألا تكون قد فقدت مهاراتك أثناء جلوسك على مقعد البدلاء.
edab1e4b4760a2f6,TID_POPUP_REMOVE_CLAN_NOTICE_TITLE,هل تريد تعديل تنويه القبيلة؟
2e5d12b8324a971a,TID_RANDOM_REWARD_TAP,اضغط!
efe8bbb07702d0af,TID_GEAR_INFO_FIRE_IN_A_CAN,يلقي كرة نارية متفجرة عملاقة على أقرب دفاع
1f187061b1356ca8,TID_SPECIAL_REENG_TUTORIAL_3,ما رأيك في خوض مباراة ودية لاستعراض مهاراتك؟
868d3565161ea66a,TID_CLAN_NOTICE_LANGUAGE_MISSING_INFO,النقطة الأخيرة! يبدو أن القبيلة ليس لها لغة قبيلة محددة. قم بتحديد لغتك لتساعد اللاعبين في العثور على قبيلتك!
61ad3eccd8c2fc54,TID_CLAN_NOTICE_SAVE_FAILED_INTERNAL_ERROR,حدث خطأ ما. يُرجى المحاولة مجددًا.
6d96daac6b1889e5,TID_DECO_SC_GAUNTLET,القفاز العملاق
2c723dfa2ca80aea,TID_DECO_CLASHBALL_GOAL,معسكر كرة القدم
d408257e9550e9da,TID_TRADER_SPECIAL_OFFER_TAB,عروض خاصة
e10097286f76d14c,TID_VILLAGER_STATUS_READY,جاهز للعمل!
57af303d557402cd,TID_NOTICE_BOARD_FTUE_SUBTEXT,لا يزال بإمكانك تغيير هذا الإعداد لاحقًا
1fb88fa0948632a2,TID_GEAR_INFO_HEROIC_TORCH,عند استخدامه، تتحرك القوات القريبة بشكل أسرع، وتتلقى ضررًا أقل وتستطيع القفز
1687b1e0b43f9939,TID_SPECIAL_REENG_TUTORIAL_8,أراك لاحقًا في الملعب!
b2c9daab28ec21b1,TID_OBSTACLE_BIRTHDAY2024,كعكة الذكرى السنوية 12
0979077e879754e5,TID_CHARACTER_INFO_COURIER,ساحرة تحت التدريب تطير حول ساحة المعركة لتسليم أرواح الساحرة، وتكره السحرة المتعجرفين فوق الأبراج الفاخرة.
9cacce6f2be9ddf9,TID_BUTTON_CLAN_NOTICE_BOARD,لوحة التنويهات
00093a824e9a60ea,TID_CLAN_NOTICE_SAVE_FAILED_MESSAGE,فشل حفظ تنويه القبيلة: {0}
2a5e61260b414224,TID_BUILDER_APPRENTICE_INFO,تلميذ البنّاء يساعد البنّائين في إكمال الترقيات بشكل أسرع. قم بتكليفه بعمل مرة واحدة في اليوم وارفع مستواه ليعمل بشكل أسرع!
4f441dc556a46cf2,TID_SHOP_SCID_DESCRIPTION,فعّل بطاقة مكافآت Supercell ID واحصل على 1000 نقطة مجانية!
5cce18cfee8e2793,TID_BUILDER_APPRENTICE_BOOST_MULTIPLIER,سرعة العمل:
c6af6af3f003cad2,TID_BUTTON_CLAN_NOTICE_DESCRIPTION,وصف التنويه
c54f2e91c1076d5d,TID_CLAN_NOTICE_SAVE_FAILED_NO_PERMISSION,يمكن للقادة والقادة المساعدين فقط تعديل التنويه.
2aad82f46cabdbb5,TID_BUILDING_ARCHER_TOWER_LONG_RANGE_CONFIG,برج راميات السهام طويل المدى
d75a5f613e122b5e,TID_APPRENTICE_UNLOCKED,تم فتح <item>!
6732014505ca4fd7,TID_CHARACTER_SHAPESHIFTER_DRUID_INFO_SHORT,معالِج مساعد يتحول إلى دب غاضب للغاية.
00895fd0e1c5e2b4,TID_VILLAGER_WAIT_COOLDOWN,تلميذ البنّاء يستريح الآن. عُد في وقت لاحق!
a2a20e0fb96c8dfc,TID_CHARACTER_SHAPESHIFTER_DRUID,الدرويد
3bb486c482893edc,TID_DECO_GAME_CAMPAIGN,تذكار Squad
77d9d9586e7b4137,TID_PET_ANGRY_JELLY_INFO_SHORT,يحرض بطله على مهاجمة الدفاعات.
c17d5f5bd8609d5b,TID_SPECIAL_REENG_TUTORIAL_5,رائع أيها المدرب!
be35bfee4b96b55b,TID_DECO_SC_BEACH_CANNON,تذكار Boom
0ef332ba316de7b0,TID_VILLAGER_LIST_IN_PROGRESS,المهمة قيد التقدم
298d46a7f8588a8c,TID_VILLAGER_UNLOCK_FIRST,قم بفتح تلميذ البنّاء في المتجر لتكليفه بإنجاز ترقية
35647c5348e9458e,TID_SCENERY_CLASHBALL,منظر كرة القدم
2a962db47971d85c,TID_DANCE_FLOOR_INFO,
9f66b6dcd765d53e,TID_SPECIAL_FTUE_TUTORIAL_2,أهلاً بك في قريتك! كانت الحياة هنا لتصبح مثالية لولا...
612fc6f29d99d573,TID_ME_BONUS_POINTS_INFO,احصل على <num> من <soft_currency> عبر شراء تذكرة الحدث!
4ca4827f0269c793,TID_BUTTONS_SETTINGS_RESET,إعادة ضبط خيارات البحث
855a8e5b5d1e2f03,TID_GEAR_TITLE_HEROIC_TORCH_GIVEN_ABILITY,القدرة
aadb14fade7b8686,TID_CHARACTER_SHAPESHIFTER_DRUID_INFO,الدرويد لديه مشاعر معقدة، فأحيانًا يساعد في شفاء القوات الحليفة، وهو بكامل هدوئه، وفي اللحظة التالية يتحول إلى دب غاضب جدًا.
205799a5efee9430,TID_BUILDING_DARK_TOWER_SINGLE_CONFIG,برج النار ذو هدف مفرد
dd12bfcec7f61371,TID_BUILDING_CANNON_BURST_CONFIG,مدفع انفجاري
b084017dccb0a179,TID_DECO_CLASHGAMES_GOBLINDIVE,غطسة الغول
16cb2ff65f3171d2,TID_POPUP_REMOVE_CLAN_NOTICE_TEXT,هل تريد إزالة التنويه الحالي من لوحة التنويهات؟
eb455dc47083297b,TID_GIVEN_ABILITY_HASTE_SPEED,<ability> زيادة السرعة: <number>
a4e61cc20c501a03,TID_NOTIFICATION_VILLAGER_READY,تلميذ البنّاء جاهز لتسريع الترقيات!
08ae41bde5d7ad52,TID_CLAN_NOTICE_PUBLISH_FAILED_INTERNAL_ERROR,حدث خطأ ما. يُرجى المحاولة مجددًا.
d5f464a7c91c9c4a,TID_BUTTON_CLAN_NOTICE_MESSAGE,استخدم رسالة القبيلة
0e3e1f486cccd800,TID_BUTTON_RECRUIT_MEMBERS,تجنيد أعضاء
ce8441dea4d69fc2,TID_GEAR_INFO_PHOENIX_STICK,
c5b5b5336ab68e3c,TID_BUILDING_ARCHER_TOWER_FAST_CONFIG,برج راميات السهام سريع الهجوم
5aa20704d5df3c8b,TID_BA_ASSIGN_BUTTON,تكليف تلميذ
afe6c33d5852f9f8,TID_GIVEN_ABILITY_MOVEMENT_SPEED,سرعة تحرك <ability>:
1f3b456f32ad1992,TID_EDIT_CLAN_NOTICE_TITLE,تعديل تنويه القبيلة
1ea0daec6be12281,TID_UNLOCKING_ITEM,<cffcc33>هل تريد فتح</c> <item>؟
1c69813c8426c6db,TID_BUTTON_SEND_WAR_SIGNUP,إرسال التسجيل
47c24add00c09c5c,TID_BA_CONFIRM_ASSIGN_JOB_TITLE,هل تريد تسريع <building>؟
b40cd4575537086d,TID_BUTTON_TIMER_AVAILABLE_IN,تتوفر في:
64822a6dedfb1107,TID_HEROJELLY_EVENT_TITLE,أبطال غير محدودين!!!
3a4331d207609977,TID_NOTICE_ACTIVE_FOR,نشط لمدة:
4cf6d54b8a19161c,TID_HAALAND_KING,الملك هالاند
bad799f0cca329bd,TID_CHARACTER_SHAPESHIFTER_DRUID_BEAR_INFO,الدرويد غاضب وقوي مثل الدب، وهو يحب ضرب الدفاعات وتحطيمها!
03e96dbcf44a1891,TID_FLYING_FORTRESS_ABILITY_INFO,دفاعها الهياكل العظمية المظلية، وتطلق <num> من الهياكل العظمية الغاضبة عند هزمها.
c014315b9ad4096d,TID_HEROJELLY_BANNER_SHORT_DESCRIPTION,يستطيع الأبطال الاستمرار في القتال في المعارك بينما تجري ترقيتهم!
03a469dbe79f458f,TID_CLAN_NOTICE_PUBLISH_FAILED_MESSAGE,فشل نشر تنويه القبيلة: {0}
8fecae89e2ccad61,TID_DEFENSIVE_LAYOUT_OBSTRUCTED_TEXT,تم حظر المخطط الدفاعي الخاص بك بسبب العوائق. سيتم استخدام المخطط النشط للدفاع حتى تتم إزالة العوائق.
73f100ab73ae4446,TID_APPRENTICEBUILDER_KING,
8f36ed7feb21cdbf,TID_FOOTBALL_WARDEN,آمر كرة القدم
e99894b223818dce,TID_DECO_ANIME_BONSAI_TREE,بونساي الكرز
19fac4859b1064f3,TID_DEFENSIVE_LAYOUT_OBSTRUCTED_TITLE,تمت عرقلة المخطط الدفاعي
e73b9d3b410628bb,TID_FOOTBALL_QUEEN,ملكة كرة القدم
20df31d6f41bbc92,TID_STREAK_EVENT_TASK_REQUIREMENT_COMBAT,احصل على دمار بنسبة <amount>% على الأقل لتكمل مهمة السلسلة.
9b31ec1ceb45e2e4,TID_STARS_COLLECTED,النجوم: <number>
8177b99ccf55806f,TID_BUY_MULTIPLE_BOOSTERS,<name> من <amount>
fdc8fd28bbbcf768,TID_LAYOUTS_UNPLACED_BUILDINGS_OR_TRAPS,ضع المباني والفخاخ غير الموجودة أولاً
f373a2b100c3c633,TID_VILLAGER_BUILDER_INFO_ITEM3,ويعمل لمدة ساعة يوميًا. ارفع مستواه لتضاعف سرعته في العمل.
2da6d586f3c52b36,TID_CHARACTER_COURIERSPAWN,روح الساحرة
d84313d39b35ff10,TID_CLAN_NOTICE_BOARD_INFO,ابحث عن القبيلة المثلى من خلال التنويهات التي تنشرها القبيلة. واضبط الخيارات المتقدمة للبحث عن أفضل قبيلة لك!\n\nيستطيع القادة والقادة المساعدون في القبائل إنشاء تنويهاتهم ومشاركتها هنا. يتوفر كل تنويه لمدة 24 ساعة أو حتى تمتلئ القبيلة.
93eb9f93a6ecc661,TID_DECO_TTRPG_TREEPORTAL,البوابة الجميلة
8d187f2101785c39,TID_DECO_ANIME_FORTUNETELLER,البائع الساحر
04d9dc17bb592639,TID_SPECIAL_REENG_TUTORIAL_1,أيها المدرب! هنا إرلينج هالاند! تسعدني رؤيتك مجددًا!
1c53b77055bdcef7,TID_DECO_CLASHBALL_STATUECHARACTER,تمثال هالاند
4cc9e81abbbd6109,TID_UNLOCK_BARRACK_TROOP,يتم فتح: <name>
17f178a6c3f2609b,TID_MECHA,ميكا
a2085c5b15612f69,TID_DANCE_FLOOR,
337fc92914bf1502,TID_CLAN_NOTICE_UNPUBLISH_FAILED_NO_PERMISSION,يمكن للقادة والقادة المساعدين فقط حذف التنويه.
c3377b45fb509553,TID_DECO_TTRPG_MIMIC_CHEST,الصندوق اللطيف
8199ea35a95d2ccc,TID_SHOP_SCID_TITLE,اربح جوائز رائعة!
6d566f464597c44a,TID_DECO_ANIME_CHIBI_ARCHER,رامية السهام المصغرة
236d98f39261a542,TID_CLAN_NOTICE_UNPUBLISH_FAILED_THROTTLED,يرجى الانتظار لحظة حتى يتم حذف التنويه.
1bd6f371bf992d90,TID_GEAR_ELECTRO_SHIELD,الحذاء الكهربي
041acc031ee3fd5f,TID_DANCE_STUDIO,
5611006eec25a0b7,TID_VILLAGER_STATUS_LOCKED,مغلق
9855f114f49c44a1,TID_WILDWEST_KING,ملك الغرب القديم
21668092061e2dda,TID_BUILDING_BOW_GROUND_AND_AIR_CONFIG,قوس الاستهداف الأرضي والجوي
b86e1f6ef6aff061,TID_SHOP_SCID_BUTTON_CTA,فتح بطاقتي
78685d0ca6c44fa4,TID_WILDWEST_CHAMPION,بطلة الغرب القديم
5019a6783177cacc,TID_DANCE_STUDIO_INFO,
a08461e234bee67a,TID_NOTICE_BOARD_FTUE_TITLE,مرحبًا أيها الزعيم! لنكتشف أفضل قبيلة مناسبة إليك بتحديد لغتك أولاً.
4cc2f23deb2ace77,TID_CHALLENGE_TITLE_HARD_MODE,الوضع الصعب
4b25735e58050b15,TID_DECO_CLASHGAMES_ARCHERFOOT,تذكار القدم
3be7287cb9a41fa9,TID_BUILDING_BOW_AIR_CONFIG,قوس الاستهداف الجوي
18672afdd5690640,TID_COOLDOWN_TIME,فترة الانتظار:
8e66d54a02aa4990,TID_DANCE_STUDIO_TOO_LOW,
0da9bfb569fe899e,TID_BA_CANT_UPGRADE_WORKING,لا يمكن ترقية تلميذ البنّاء أثناء عمله. حاول مجددًا عندما يستريح!
8dea1dd5019f6a5a,TID_GEAR_INFO_HEROIC_TORCH_GIVEN_ABILITY,تتحرك القوات بشكل أسرع، وتتلقى ضررًا أقل وتستطيع القفز
efe70e6d7851f97f,TID_VILLAGER_LIST_PROGRESS_BUTTON_START,تكليف
8ad9b517e9e6c239,TID_GIVEN_ABILITY_SHIELD_PROTECTION,<ability> خفض الضرر: <number>%
54cc91f504341e56,TID_GOBLIN_HALL_INFO,هذا مركز قرية الغيلان.
7320dfd501a5b934,TID_GEAR_TITLE_PHOENIX_STICK,
32b8dfa9dc98e597,TID_DECO_CLASHGAMES_FIREBOWL,مشعل الأبطال
59845906bc42ac34,TID_DECO_SC_ROYALE_CASTLE,برج Royale
93ce6bd154179b7d,TID_SPECIAL_REENG_TUTORIAL_6,تتمتع بسرعة وقوة ووضعية رائعة حقًا!
0a6b1507540bf667,TID_CHARACTER_COURIER,ساحرة المكنسة
42be994f45364be0,TID_CHARACTER_SHAPESHIFTER_DRUID_BEAR,الدب
b7f8f81ef6ed7d80,TID_DECO_CLASHBALL_TROPHYBALL,كرة أفضل لاعب
2009d5024c598af3,TID_CHARACTER_INFO_COURIERSPAWN,تبدو شرارات الأذى الصغيرة هذه لطيفة، لكنها تسدد ضربات خطيرة للدفاعات القريبة.
56aace12d0749623,TID_BUILDING_DARK_TOWER_MULTI_CONFIG,برج النار متعدد الأهداف
baf344bad3dd53ac,TID_STREAK_EVENT_LEAGUE_BOOST_DESCRIPTION,TID_STREAK_EVENT_LEAGUE_BOOST_DESCRIPTION
e3afbf4b1caf788c,TID_EVENT_CONFIRM_TIER_UNLOCK,أتريد شراء <num> من <soft_currency> لبلوغ مستوى المكافآت التالي؟
ff5726c8dcbe1d9d,TID_STREAK_EVENT_TASK_REQUIREMENT_COMBAT_100,حقق دمارًا بنسبة 100% لتكمل مهمة السلسلة!
8e46844532c3eb9c,TID_CREATE_CLAN_NOTICE_SUBTEXT_ACTIVE,تنويه القبيلة نشط حاليًا على لوحة التنويهات!
497b36fbee8f35cd,TID_BUILDING_GOBLIN_HALL,قاعة الغيلان
070a5c2f6b77899e,TID_VILLAGER_BUILDER_INFO_ITEM1,تلميذ البنّاء يساعد البنّائين في إكمال الترقيات بشكل أسرع!
4fdd293587b42212,TID_FOOTBALL_CHAMPION,بطلة كرة القدم
e625a5d836a21e9c,TID_WILDWEST_WARDEN,آمر الغرب القديم
cca41051fa81dd3e,TID_CLAN_NOTICE_UNPUBLISH_FAILED_MESSAGE,فشلت إزالة تنويه القبيلة: {0}
fd5c29505c2fd089,TID_DECO_TTRPG_SUPERDECO_D20,نرد القرار
6d6d448e1a1e7230,TID_BUILDER_APPRENTICE_BOOST_COOLDOWN,فترة الانتظار:
c35eee5d71253f31,TID_BUILDING_MORTAR_BURST_CONFIG,مدفع هاون انفجاري
af5ab50b88ce4c5c,TID_DECO_ANIME_GIANT_SCHOOL_GIRL,عملاق الكاواي
3bb7f812ee0d2982,TID_DECO_SC_BRAWLSTARS,نجم Brawl Stars
94954233c1365a50,TID_BOOSTER_BUILDERS_INFO,أعد البنّاؤون هذه الجرعة القوية لحالات الطوارئ في نوبات العمل الليلية الطويلة، وهي تُمكّن البنّائين لديك من العمل 10 مرات أسرع لمدة <time>. تعمل في القرية الأم! ولسوء الحظ، تلميذ البنّاء صغير جدًا على الاستمتاع بهذه الجرعة، لذا لن تتأثر سرعته في العمل.
095125abc7286d8a,TID_VILLAGER_LIST_BUILDER_NO_JOB,ابدأ ترقية البنّاء لتكليف تلميذ البنّاء
a699918dedddbc87,TID_BUTTON_CLAN_NOTICE_REMOVE,إزالة التنويه
7bb24848805d440f,TID_DECO_SC_HAYDAY_CHICKEN,الدجاجة البطلة
f2e060a4f71fb745,TID_CHARACTER_INFO_MECHA,هل ميكا فارسة؟ ساموراي؟ روبوت؟ نعم! تدمر ميكا الجدران التي بينها وبين الدفاع التالي بسهولة!
c9ba854a4489027a,TID_BA_JOB_UPGRADE_TIME,ستصبح الترقية جاهزة خلال: <cffcc33><time></c>
2e269675c2f161d0,TID_BUILDER_APPRENTICE_BOOST_DURATION,وقت العمل:
a1e9aece46b90df4,TID_UNLOCK_BUILDING_MULTIPLE,يتم فتح:
601b6f39f435525e,TID_SPECIAL_REENG_TUTORIAL_7,بعد كل ما حدث في قريتك، لنبدأ بإلقاء نظرة عليها، ما رأيك؟
ca773fcaec84b490,TID_VILLAGER_BUILDER_INFO_ITEM2,ويمكن تكليفه بالعمل على ترقية مرة واحدة في اليوم، عندما يكون أخذ قسطه من الراحة.
e50e513fa8b43b6d,TID_SCENERY_WILDWEST,منظر الغرب القديم
8bb96a41d7de6bb1,TID_STREAK_EVENT_RUSH_STREAK_TITLE,هل تريد فتح المهمة التالية؟
165899c352fbcef4,TID_CLAN_NOTICE_SETTINGS_APPLY_TITLE,أتريد تطبيق التغييرات؟
c0b526aa8100e96b,TID_CONSUMABLE_INSTANT_TRAINING_WARN,لديك تعزيز تدريب نشط!
c756ce7aa3f5a621,TID_CONSUMABLE_BOOST_ARMY,فطائر القوة
58ec3b64af6b05d6,TID_CLAN_NOTICE_PUBLISH_FAILED_ALLIANCE_FULL,تعذر نشر التنويه لأن القبيلة مكتملة بالفعل.
2652b208a9fb3e0b,TID_ACHIEVEMENT_MINI_LEVEL_COMPLETED,إجمالي الشحن الخارق: <value>
30c278ae80aca9ca,TID_STORAGE_ITEM_EXPIRED,انتهت صلاحية العنصر
4c11f7eb8759bc88,TID_ALLIANCE_CREATE_MIN_TROPHIES,حد الكؤوس الأدنى:
58e06df06b7e4eaf,TID_ICE_MINION_ABILITY_INFO,يجمد ما يحيط به عند تدميره.
32a3bec7f2a6e1f9,TID_DELIVER_REWARD_TEMPORARY_STORAGE,تم توصيل العنصر إلى المخزون المؤقت.
f3f23a3696598817,TID_GEAR_INFO_ARCHER_CROWN,لاستدعاء مجموعة من راميات السهام الخفيات
02ce43ae4b65566b,TID_DELIVER_REWARD_DELIVERED_OVERFLOWING,المخزون على وشك الامتلاء! ستفيض الموارد عن سعة مخزونك.
05bf776bbc694d83,TID_NOTICE_BOARD_ERROR,خطأ في لوحة التنويهات
138afd268b233b54,TID_TTRPG_CHAMPION,بطلة البالادن
3f48192ae3bffbb7,TID_STORAGE_ITEM_QUICK_TRAINING_LEFT,التدريب الفوري المتبقي:
15ae7bdd314c6670,TID_CLAN_NOTICE_STAT_LOCATION,الموقع:
02ddbc2f12f6f5d1,TID_NOTICES_REFRESH_THROTTLED_HUD_MESSAGE,يُرجى الانتظار قليلاً قبل التحديث.
9b4fd2c80dfc37c3,TID_FAILED_TO_RETRIEVE_NOTICES,تعذر استرجاع تنويهات القبيلة.\nيُرجى المحاولة مجددًا لاحقًا.
802df0557993b420,TID_DECO_SC_ROYALE_BED,الملك الناعس
e7745221a5cf79eb,TID_STORAGE_ITEM_CC_REFILL_LEFT,إعادة التعبئة المتبقية:
176b611a4ce18840,TID_ICE_MINION_ABILITY_NAME,متجمد القلب
9ece37b76061a005,TID_JOIN_CLAN_REQUIREMENT_CASTLE,تتطلب قلعة القبيلة
10c852cb2551bab6,TID_FAMILY_FRIENDLY_LOCKED_YOUNG_PLAYER,يمكنك البحث عن القبائل الملائمة للعائلة فقط
86e0437de697e661,TID_EVENT_TREASURE_HUNT_FOUND,الصناديق المعثور عليها:
acae04ed1242336f,TID_CONSUMABLE_INSTANT_TRAINING,حلوى التدريب
8748603624e01495,TID_ADVANCED_SEARCH_BUTTON_MORE,خيارات البحث
535b11b6d587e753,TID_DECO_CLASHOWEEN_2024,رأس الهيدرا
550dfe0eeb78b5fb,TID_CLAN_SETTINGS_APPLY_REMOVE_NOTICE_INFO,سيتسبب تغيير إعدادات لغة الدردشة في إزالة تنويه القبيلة من لوحة التنويهات. هل تريد تطبيق التغييرات؟
31352dfe8a8408ac,TID_HARD_MODE_DESC,تلحق الدفاعات ضررًا أكبر بنسبة 5%. يكون للأبطال المهاجمين صحة أقل بنسبة 5%، ويلحقون ضررًا أقل بنسبة 5%. الحد الأقصى للمعدات الشائعة المستوى 15، وحد المعدات الممتازة المستوى 21.
3f257428a037dcf2,TID_NOTICE_BOARD_SEARCH_NO_RESULTS_INFO,جرب تغيير خيارات البحث لديك لعرض المزيد من النتائج.
1f6bd52b3e45fafa,TID_MINI_LEVEL_INFO_TITLE,الشحن الخارق
65713908c77a620a,TID_BOOSTER_HERO_POTION_MAXED_FOR_TH,يتعذر تعزيز الأبطال. قم بترقية قاعة المدينة أولاً!
393c266a6dcc6616,TID_INFO_SCREEN_TITLE_UPGRADE_MINI_LEVEL,هل تريد تطبيق الشحن الخارق على <object> <c00ffff>لشحن <number></c>؟
f59269ccd91ae92e,TID_MINI_LEVEL_REMOVED_REFUND,تم رد تكلفة ترقيات الشحن الخارق غير المنتهية لديك.
8d829c8cdc872260,TID_EVENT_TREASURE_HUNT_DESCRIPTION,دمر مباني الأعداء للعثور على الكنز المخفي!
30bdb3abcfdc98b5,TID_ACHIEVEMENT_MINI_LEVEL,لتنفيذ الشحن الخارق على المباني <number> من المرات
7225c2291827c069,TID_CLAN_SETTINGS_APPLY_REMOVE_NOTICE_TITLE,هل تريد إزالة تنويه القبيلة؟
e104c8057b30ec50,TID_CONSUMABLE_CC_REFILL,كعكة قلعة القبيلة
cc534cffe020010b,TID_STORAGE_ITEM_USES_EXPIRES,تنتهي الصلاحية بعد:
93dd5cb72d6b603b,TID_CLAN_NOTICE_REPORT_TITLE,هل تريد الإبلاغ عن تنويه القبيلة؟
4baf22e32c541f39,TID_INFO_SCREEN_INFO_MINI_LEVEL_UPGRADE,الشحن الخارق
f4415e700c826cfa,TID_ALLIANCE_JOIN_ERROR_NOTICE_EXPIRED,انتهت صلاحية التنويه.
89b8d565e09cea58,TID_CHAT_NOTICE_EXPIRED,انتهت صلاحية تنويه القبيلة بعد أن كان نشطًا لمدة <time>
47895723c8bb8366,TID_CLAN_NOTICE_OPEN_FAILED_INTERNAL_ERROR,حدث خطأ ما. يُرجى المحاولة مجددًا.
754ca4d9400fffbe,TID_INFO_SCREEN_MINI_LEVEL_INFO_TITLE,تم تطبيق الشحن الخارق!
bbf4c8a1c6c8c531,TID_CLAN_SETTINGS_APPLY_INFO,هل تريد تطبيق التغييرات على إعدادات القبيلة؟
358ce8b196491a52,TID_BUTTON_CHEST_DROPRATES,عرض احتمالات المكافآت
c533f6f5f798e28a,TID_CONSUMABLE_BOOST_LAB_INFO,هذا الحساء المملوء بالفقاعات يسرع بحث المعمل <num> أمثال لمدة <time>. يعمل في القرية الأم!
223494f271eb34d5,TID_TREASURE_HUNT_EVENT_TIMER,ينتهي بعد: <time>
df4e438ffc45f31e,TID_BUTTON_TRAIN_PRESET_INSTANT,التدريب الفوري
40eba058bd1b2245,TID_POPUP_SPEED_UP_UPGRADE_MINI_LEVEL,هل تريد إنهاء الشحن الخارق لمبنى <item> هذا؟
952727e2ae2cf01f,TID_CLAN_NOTICE_STAT_LANGUAGE,اللغة:
403a20da34da9918,TID_OBSTACLE_CLASHWEEN_2024,صندوق بريد الأشباح
259369883e6bb5cb,TID_CLAN_NOTICE_JOIN_DISCLAIMER,تنبيه: تم ضبط نوع قبيلتك إلى <type>. لا يزال بإمكان اللاعبين الانضمام إلى قبيلتك من خلال تنويه القبيلة.
1b20e4c478b99abd,TID_DELIVER_REWARD_NOT_DELIVERED_RESOURCE_FULL,عذرًا! امتلأ مخزونك ولا مكان لهذه المكافأة.
f35c5a63f1e0dcbb,TID_DELIVER_REWARD_TEMPORARY_STORAGE_STORAGE_FULL,المخزون ممتلئ! تم إيداع العناصر الإضافية في المخزون المؤقت.
0d7e5da3152f006b,TID_ANIME_QUEEN,ملكة الأنمي
e7ff0f242d8dd0ec,TID_SUPERCELL_ID_BUTTON_CONNECTED,مفتوح
681e4acf3901e954,TID_TTRPG_KING,الأورك البربري
cd24dd5acdc1017b,TID_SHOP_SCID_TITLE,اربح مكافآت حصرية!
e779d95904da5c0d,TID_DECO_SC_ROYALE_CASTLE,الملك الناعس
551030519b486ab0,TID_POPUP_SPEED_UP_BOOSTER_UPGRADE_MINI_LEVEL,هل تريد إنهاء الشحن الخارق لمبنى <item> هذا بواسطة <booster>؟
bcd2dc509578c8a0,TID_GEAR_SUMMONED_TROOPS_NO_UPGRADE_TEXT,القوات المستدعاة
947c9fef2e1599d5,TID_CONSUMABLE_BOOST_BUILDER_WARN,لن يضاعف هذا تعزيز جرعة البنّاء؛ فهي تعمل بشكل منفصل.
0c609ab845b945e3,TID_BUTTON_CLAN_NOTICE_DESCRIPTION,رسالة التنويه
4a9220e2dfb3014d,TID_INFO_SCREEN_DISCLAIMER_MINI_LEVEL_TITLE,مستوى جديد قادم!
ec9dbcb64b265777,TID_POPUP_CANCEL_UPGRADE_MINI_LEVEL,هل ترغب بالتأكيد في إيقاف الشحن الخارق ل<item>؟ سيتم إعادة <number>% فقط من التكلفة.
f7935210f70f1109,TID_ALLIANCE_CREATE_MIN_REQUIREMENTS,حد المتطلبات الأدنى:
60c78bc658d48e8a,TID_LEGEND_SIGN_UP_CONFIRM_SHIELD_REMOVAL,يتميز دوري الأسطورة بقواعد مختلفة عن الدوريات الأخرى، مثل عدد محدود من الهجمات. أيضًا ستتم إزالة درعك إذا اشتركت في دوري الأسطورة. هل تريد المتابعة؟
706dcf007039b151,TID_CONSUMABLE_BOOST_HERO_WARN,أبطالك وحيواناتك الأليفة معززة بالفعل!
2e65b5eb17d57ea0,TID_BUTTON_SKIP,التخطي
14f7b0fd72112bdc,TID_CONSUMABLE_CONFIRM_TITLE,أتريد استخدام الوجبة السحرية؟
1e2c498926261c47,TID_BUTTON_CLAN_NOTICE_MESSAGE,استخدام وصف القبيلة
30be4b72c4d93dea,TID_TTRPG_QUEEN,ساتير رامية السهام
1d650b362f1d6412,TID_STORAGE_ITEM_UNPLACED,غير موضوع
511ce4e740712aa1,TID_ANIME_CHAMPION,بطلة الأنمي
065edee46700d256,TID_DONATE_WAR_AMOUNT_AND_CAPACITY,<capacity>/<donations>
713dda911b5bda22,TID_INFO_SCREEN_INFO_TEXT_MINI_LEVEL,هل تنتظر مستوى المبنى التالي؟ قم بتطبيق الشحن الخارق على المباني التي تمت ترقيتها بالكامل لتجعلها أقوى في الوقت الحالي!
c91d2ef6953c31a4,TID_TREASURE_HUNT_INFO_TEXT_1,هاجم القواعد المتعددة اللاعبين ودمر المباني لتعثر على الكنز المخفي!
0f925ccb527c3571,TID_POPUP_NOT_ENOUGH_DIAMONDS_SHOW_MISSING_TITLE,ينقص <number> من الجواهر!
63f728d7fd9b216e,TID_GEAR_TITLE_ARCHER_PUPPET_GIVEN_ABILITY,الاختفاء
63759af3c6729ff3,TID_BUTTONS_SETTINGS_RESET,إعادة الضبط
f8d01ec49d9bee87,TID_CANNON_ABILITY_HELP,يستمر المدفع في الإطلاق بعد تدمير العربة ممتلكًا <num> من نقاط الإصابة المؤقتة
75a8ec1fd6ef0f41,TID_CLASH_GAMES_WARDEN,آمر ألعاب Clash
35ce075188cdc272,TID_PLAYER_ALREADY_REPORTED,تم الإبلاغ عن هذا اللاعب بالفعل
b0f6502eea391e82,TID_SET_CHAT_LANGUAGE_HUD_MESSAGE,يجب أن تقوم بتعيين لغة الدردشة قبل نشر التنويه!
983c34013caaeebf,TID_GEAR_INFO_LAVALOON_PUPPET,لاستدعاء بالونات كلب الحمم المخيفة
f3d1c454c231751a,TID_ADVANCED_SEARCH_BUTTON_LESS,إخفاء خيارات البحث
7ff2f21f66a139ca,TID_POPUP_CANCEL_GOBLIN_UPGRADE_MINI_LEVEL,هل تريد حقًا إيقاف الشحن الخارق ل<item>؟ لن يتم استرداد الجواهر المدفوعة إلى بنّاء الغيلان وسيتم رد <number>% فقط من تكلفة المورد.
6666b5bcca659535,TID_ANIME_KING,ملك الأنمي
c49f94a1be2841e4,TID_INFO_SCREEN_TITLE_UPGRADING_MINI_LEVEL,جارٍ تطبيق الشحن الخارق على <object> <c00ffff>لشحن <number></c>
f31225a62c536452,TID_BUTTON_UPGRADE_MINI_LEVEL,الشحن الخارق
c8f53c0e260a6f46,TID_CANCEL,الإلغاء
b953cd43ba1a9570,TID_NOTICE_BOARD_SEARCH_NO_RESULTS,لا نتائج
303b82a19ad618f3,TID_TREASURE_HUNT_INFO_TEXT_3,يمكن الحصول على إجمالي ثلاثة صناديق حتى إعادة ضبط المؤقت.
abc627a57aea437a,TID_CLAN_ADVANCED_SEARCH_RESULTS_NO_NAME,عرض نتائج البحث باستخدام خيارات البحث
d37fb916b792cc00,TID_ACHIEVEMENT_MINI_LEVEL_TITLE,خبير الشحن الخارق
e79ff7c8a7dafd22,TID_CONSUMABLE_BOOST_ARMY_INFO,وجبة مغذية تعزز القوات والتعويذات وآلات الحصار إلى المستوى الأقصى لقاعة المدينة خلال <battles> من المعارك التالية. تعمل في القرية الأم!
cfd216a505ceeccd,TID_MINI_LEVEL_TIMER_TEXT,على وشك النفاد!
9b2ceaf4981e06c9,TID_CHAT_NOTICE_CREATED,قام <name> بإنشاء تنويه قبيلة جديد.
7b1b786f67d7d8c7,TID_BOX_OPEN_INFO_ON_SKIP,فتحت صندوقًا وحصلت على <reward>
78de561eadb32fe2,TID_TREASURE_HUNT_INFO_TEXT_4,حطم الصناديق لتحظى بفرصة الحصول على المكافآت النادرة!
f370ca9bcf03b7b6,TID_INFO_SCREEN_DISCLAIMER_MINI_LEVEL,سيستمر هذا الشحن الخارق حتى يتوفر مستوى ترقية جديد لهذا المبنى.
3ba33c2d7590f0bc,TID_TREASURE_HUNT_INFO_TEXT_2,واحد فقط من مواقع الكنوز المحتملة خلال الهجمات يحتوي على صندوق!
1bad4919bae01610,TID_CONSUMABLE_BOOST_BUILDER_INFO,وجبة خفيفة لذيذة تجعل البنّائين لديك يعملون بـ <num> أمثال السرعة لمدة <time>. تعمل في القرية الأم! لسوء الحظ تلميذ البنّاء نباتي، ولن يتم تعزيزه بهذه الوجبة.
b0b3e55ee3ee54a4,TID_CLAN_NOTICE_RESET_SETTINGS_CONFIRM,هل تريد إعادة ضبط خيارات البحث إلى القيم الافتراضية؟
13f76ef4ab7d761f,TID_INFO_SCREEN_MINI_LEVEL_DEFAULT_INFO,الشحن الخارق يجعل المباني أقوى! اضغط على زر المعلومات لمعرفة المزيد.
38735b613d331479,TID_STORAGE_ITEM_BATTLES_LEFT,المعارك المتبقية:
f45f4f9627d8fe85,TID_MINI_LEVEL_REMOVED_TEXT,تتوفر مستويات جديدة لهذه المباني!\nتم استنزاف جميع الشحنات الخارقة الخاصة بها الآن!
a7c22c6605f85382,TID_ANIME_WARDEN,آمر الأنمي
75a618d4c95201df,TID_DECO_SUPERDECO_MOCHAPOT,عصارة السحرة
b62164d15522d80a,TID_NO_BOOKMARKS,لم تضف أي قبائل إلى قائمة المرجعيات.\n\nيمكنك تحديد قبيلة كمرجعية من صفحة معلومات القبيلة أو تنويه القبيلة.
d002faf2e16e011e,TID_CHAT_NOTICE_MAX_PLAYERS,لم يتم نشر تنويه القبيلة بسبب الوصول إلى الحد الأقصى لأعضاء القبيلة.
6ad3c46e9bead197,TID_POPUP_REMOVE_CLAN_NOTICE_TITLE,هل تريد إزالة تنويه القبيلة؟
85df5cb3e62a9122,TID_CONSUMABLE_CC_REFILL_INFO,صفقة رائعة! أضف تعزيزات مجانية إلى قلعة قبيلتك لمدة <time>. للاستمتاع بهذه الحلوى، انضم إلى قبيلة وأضف التعزيزات في قلعة القبيلة الخاصة بك!
abeac6a2eae3c7ac,TID_CLAN_NOTICE_STAT_WAR_FREQUENCY,معدل تكرار الحرب:
114e25915a83ad3f,TID_CLAN_ADVANCED_SEARCH_RESULTS_WITH_NAME,عرض نتائج البحث عن \q<name>\q باستخدام خيارات البحث
0080c186540a58fe,TID_MINI_LEVEL_INFO_ITEM1,طبّق الشحن الخارق على بعض من مباني المستوى الأقصى لديك باستخدام البنّائين.
1a9de03e540147cc,TID_CLASH_GAMES_KING,ملك ألعاب Clash
97edd8f9ef781b89,TID_CONSUMABLE_CLAIM_WARNING,\n\n <c3c74a5>استخدم هذا العنصر بينما هو متاح وإلا فستخسره.</c>
8911927d06438b3a,TID_INFO_SCREEN_MINI_LEVEL_INFO_TEXT,سيستمر الشحن الخارق حتى يتوفر مستوى ترقية جديد.
2370661e189fad99,TID_CLAN_BADGE_APPLY_INFO,هل تريد تطبيق التغييرات على شارة القبيلة؟
163f18092c5ba213,TID_CONSUMABLE_CC_REFILL_AMOUNT_INFO,كعكة قلعة القبيلة نشطة!
894541413fbca6b3,TID_CLAN_NOTICE_REPORT_INFO,هل أنت واثق من أنك تريد الإبلاغ عن تنويه قبيلة <name> لكونه غير لائق؟
0e6a310a1018c564,TID_CONSUMABLE_BOOST_LAB,حساء الدراسة
c2c0efe28718a860,TID_POPUP_BOOSTER_INSTANT_UPGRADE_MINI_LEVEL,هل تريد استخدام <booster> لتطبيق الشحن الخارق على <item> فورًا؟
814b3e772515dbb7,TID_DIAMOND_PACK_7,مخزون الجواهر
85a502ba3367f4e7,TID_GENERIC_ERROR_HOME_VILLAGE,يمكنك القيام بذلك فقط في القرية الأم.
065b575ff5974b34,TID_EVENT_TREASURE_HUNT_TITLE,البحث عن الكنز
ec4e80da3b3f230b,TID_REPORT_PLAYER_BUTTON,الإبلاغ
aca6a5022a3434b7,TID_SCENERY_CLASHGAMES,استاد ألعاب Clash
f54a5b13022d7111,TID_GEAR_LAVALOON_PUPPET,جرو بالون كلب الحمم
3492372135809791,TID_INFO_SCREEN_INFO_MINI_LEVEL_CONFIRM,التأكيد
1df72284e549bd1f,TID_CONFIRM,التأكيد
94a195472fff94ce,TID_MUST_CREATE_ALLIANCE_HUD_PROMPT,أنشئ قبيلة لتطبيق تغييراتك!
7f22b76d66d909b4,TID_NOTICE_CREATE_INFO,انشر تنويه القبيلة الذي سيظهر على لوحة التنويهات لمدة 24 ساعة. يمكنك تعديل الرسالة واختيار نمطه المرئي.\n\nستتم إضافة التنويهات إذا أصبحت قبيلتك ممتلئة.
f5ac276e82c140d9,TID_CONSUMABLE_BOOST_ARMY_WARN,تم تعزيز جيشك بالفعل!
f1ae90173fbb3d02,TID_DECO_CLASHWEEN_2024,
0617fe5dc6885b3e,TID_SKIP_CHEST_OPEN,تخطي فتح الصندوق
13a2c0aeb9701314,TID_CLAN_BADGE_APPLY_TITLE,أتريد تطبيق التغييرات؟
f821d152c517c49c,TID_CLAN_NOTICE_REPORT_NOTIFICATION,تم الإبلاغ عن تنويه القبيلة!
9c9c30bc4373355d,TID_CONSUMABLE_CC_REFILL_BANNER_INFO,عزز قلعة القبيلة لديك مجانًا مع كعكة قلعة القبيلة!
21bb707deb8e69ce,TID_ACHIEVEMENT_CLAIM_BUTTON,المطالبة بالجائزة
840a189b24268fae,TID_CONSUMABLE_BOOST_LAB_WARN,لن يضاعف هذا تعزيز جرعة الأبحاث؛ فهي تعمل بشكل منفصل.
5a3948f98c94bf67,TID_EVENT_TREASURE_HUNT_COOLDOWN,ستظهر صناديق جديدة بعد: <time>
f9b1fdd008013459,TID_STORAGE_ITEM_USES_ACTIVE,نشط
24d145e50f68ad07,TID_CLAN_NOTICE_BOARD_INFO,اكتشف القبيلة المثالية من خلال التنويهات التي تنشرها القبائل. اضبط خيارات البحث للعثور على أفضل قبيلة لك!\n\nيستطيع القادة والقادة المساعدون في القبائل إنشاء تنويهاتهم ومشاركتها هنا. يبقى كل تنويه لمدة 24 ساعة أو حتى تمتلئ القبيلة.
b668834d3804c2b1,TID_MINI_LEVEL_INFO_ITEM2,كل شحن خارق يجعل مبانيك أقوى.\nادفع المباني لديك إلى أقصى حد!
dfadb63f09013eb8,TID_CHARACTER_INFO_ICEMINION,يجمع مينيون الجليد بين شراسة المينيون وجليد غولم الجليد، وهو يستهدف الدفاعات ويبطئها. إنه هش مثل ندفة الثلج!
80c49328abbe4908,TID_CLAN_NOTICE_STAT_WAR_LEAGUE,دوري الحروب:
89e2a174f6190919,TID_GENERIC_ERROR_MESSAGE,لا يمكنك القيام بذلك الآن.
bbed0190ec75d898,TID_STORAGE_BUTTON_USE,استخدام
49410efecbea35e5,TID_SCENERY_TTRPG,صراع التنانين
1a5b8debd032d860,TID_SKIP_CHEST_OPEN_DESCRIPTION,ستتلقى الجائزة لكن سيتم تخطي ترتيب فتح الصندوق. أما زلت تريد التخطي؟
20564b4ed325c8f0,TID_CONSUMABLE_BOOST_HERO,وجبة العظماء
579ed2a1902adc95,TID_SEARCH_OPTIONS,خيارات البحث
1dac78df6eb3a5e1,TID_CLAN_NOTICE_APPLY_TITLE,أتريد تطبيق التغييرات؟
2c87c9680d066466,TID_CONSUMABLE_BOOST_BUILDER,وجبة البنّاء
296590fa54f2f1d4,TID_MINI_LEVEL_INFO_ITEM3,سيستمر الشحن الخارق حتى يتوفر مستوى ترقية جديد للمبنى.
29ee420368060547,TID_ITEM_INSTANTLY_TRAINED,تم تدريب <item> فورًا!
6e9623cda5ae367b,TID_DECO_CLASHOWEEN_2024_PRISONBOX,قفص السجن المكسور
e73f489ca106bd90,TID_CLAN_SETTINGS_APPLY_TITLE,أتريد تطبيق التغييرات؟
05d05fe3a13fcfbf,TID_LEGEND_SIGN_UP_CONFIRM_TEXT,يتميز دوري الأسطورة بقواعد مختلفة عن الدوريات الأخرى، مثل عدد محدود من الهجمات. هل أنت واثق من أنك تريد الاشتراك؟
4f61298dcda2dc6c,TID_CLASH_GAMES_QUEEN,ملكة ألعاب Clash
35b06b2cbf2fd142,TID_CONSUMABLE_INSTANT_TRAINING_INFO,قضمة صغيرة ستدرب جميع القوات والتعويذات وآلات الحصار فورًا لمدة <time> أو بحد أقصى <battles> من المعارك.
54a1be49f7cc973b,TID_TTRPG_WARDEN,الآمر القزم
743200418d21b591,TID_DECO_CLASHOWEEN_2024_SUPERDECO_CAULDRON,مرجل الخليط السحري
aa8d5472d6f19f05,TID_CONSUMABLE_BOOST_HERO_INFO,وجبة عظيمة تعزز الأبطال والحيوانات الأليفة والمعدات إلى المستوى الأقصى لقاعة المدينة خلال <battles> من المعارك التالية. تعمل في القرية الأم!
f5b86cc680593067,TID_BUILDING_MAXED_MINI_LEVEL_INFO,مطلوب قاعة المدينة من المستوى <number> لتطبيق الشحن الخارق
7722f0f06b0ea854,TID_BUILDING_MORTAR,كوخ البنّاء
57d7c40c2d401172,TID_ICEMINION,مينيون الجليد
dc9370c10d3aa029,TID_GENERIC_ERROR_BUILDER_BASE,يمكنك القيام بذلك في قاعدة البنّاء
48ba2208ad034319,TID_STEAMPUNK_BATTLE_COPTER,مروحية ستيم بانك
4d4765e6df3842ab,TID_WORKER_CONTEXT_MINI_LEVEL,تطبيق الشحن الخارق على <object>
2a921646befdee83,TID_PRESET_INSTANTLY_TRAINED,تم تدريب الجيش فورًا!
e598a4649742470b,TID_STORAGE_ITEM_USE_CC_REFILL,عزز قلعة القبيلة لديك مجانًا مع كعكة قلعة القبيلة!
f6b2a5f7aed2352f,TID_DECO_SC_BEACH_CANNON,زينة نزهة الشاطئ
60ba752b8a24558a,TID_DECO_SC_BEACH_PARASOL,اقتحام الشاطئ
653ec6c2e7b41b88,TID_SCENERY_ANIME,منظر الأنمي
29189aa87db58a0d,TID_BUILDING_CUSTOMIZE_SCREEN_BUTTON_SAVE,التطبيق
f7ac15c3ddde3035,TID_CLAN_NOTICE_APPLY_INFO,هل تريد تطبيق التغييرات على تنويه القبيلة؟
1244aa77685ad317,TID_STORAGE_ITEM_USES_LEFT,الاستخدامات المتبقية:
553d6d5569fd81be,TID_MINI_LEVEL_REMOVED_TITLE,مستويات مبان جديدة!
4b17109330a6d90a,TID_CLAN_NOTICE_SETTINGS_APPLY_INFO,هل تريد تطبيق التغييرات على خيارات البحث في تنويه القبيلة؟
e8f3725b655ded7a,TID_DECO_ANIME_FORTUNETELLER,كشك الساحر
626e8474e3aa20a8,TID_TUTORIAL_HERO_TAVERN_INTRO_2,جررر!
695ebad94a8a1a60,TID_HERO_TAVERN_UNLOCKS_PENDING,أبطال جدد متاحون!
86934aa10a5d199a,TID_SPELL_RESURRECT_INFO,
200a733221c3616a,TID_HERO_TAVERN_POP_UP_UNLOCKS_AT_TEXT,يفتح مبنى <building> عند قاعة المدينة من المستوى <level>
d90a6fc9db648959,TID_HERO_TAVERN_POP_UP_DEFENCE_TEXT,يحمي الأبطال قريتك من الهجمات. ضع رايات الأبطال في قاعدتك وكلف الأبطال بالدفاع عنها.
ff92ecd3a548264d,TID_PTE_REWARD_LOCKED_NOT_ENOUGH_POINTS_AND_NEED_PREMIUM_MINI,تحتاج إلى <num> أكثر من <soft_currency> وتذكرة الحدث المصغر لفتح هذه الجائزة.
a08636d94e8e73ee,TID_HEROES_UNLOCK_AT,يفتح الأبطال عند قاعة المدينة <level>.
204f54674a6c8e7e,TID_VILLAGER_STOP_RECURRENCE,هل تريد إزالة <villager> من الوظيفة المتكررة في <building>؟\nيمكنك تكليف <villager> مجددًا عند التوفر للعمل.
f1b6c42230a2a344,TID_HERO_SELECTION_UPGRADE_TAVERN_INFO,قم بترقية <building>\n لفتح المزيد من الأبطال.
4dd5c93365342ad8,TID_TUTORIAL_HERO_TAVERN_INTRO_5,قم بترقية قاعة الأبطال لترقية المزيد من الأبطال ورايات الأبطال! الآن، أطلق بطلك في المعركة.
5d6fafcb3e57c1f9,TID_CHARACTER_INFO_SNAKE_BARREL,في العام القمري الجديد تمطر السماء ثعابين. هذه الكائنات الخضراء الخطيرة ممتعة في الاستخدام؛ حيث تقضم قطعًا من الدفاعات. ستزحف على الجدران، وتزداد فاعليتها عندما تهاجم في مجموعات.
cc2c9a7959bf2415,TID_HERO_IS_UPGRADING,<name> قيد الترقية، ولا يمكن الاستخدام في الهجوم حاليًا
d11ac39dc187dc7d,TID_DECO_CLASHMAS_2024,أيل هزاز
e895b6acb7a35489,TID_NOTIFICATION_VILLAGER_READY,أحد المساعدين جاهز للعمل!
9c6ad75563aa6c7b,TID_TROOP_TRAINING_COPY_ARMY_TEXT,نسخ الجيش
4c74d1e9653acf6f,TID_GEAR_INFO_SNAKE_ARMOR,استدع الثعابين للقتال إلى جانبك عند تلقي الضرر
fc80089fceb76425,TID_GEAR_TITLE_SNAKE_ARMOR,سوار الثعبان
c32dc7722f55467d,TID_HERO_TAVERN_MENU_HEART_POP_UP_TEXT,يفقد الأبطال صحتهم في الهجمات، لكنهم يستعيدونها بمرور الوقت.
c6934d41e6939416,TID_CLAIM_HERO_AT_TAVERN,طالب بهذا البطل عن طريق زيارة قاعة الأبطال!
63efff4ef073ac11,TID_TRAP_GIGA_BOMB_INFO_SHORT,القنبلة الكبرى!
96b3510c8c72c24f,TID_EVENT_PASS_MINI_PURCHASE_INFO,اشترِ تذكرة الحدث المصغر لكسب المزيد من الجوائز
424126e6ff7d4b12,TID_HERO_TAVERN_LEVEL,قاعة الأبطال - <cffcc33>المستوى <level></c>
e8d33619c5ffdb1d,TID_ATTACK_WARNING_HERO_TAVERN_INFO,ضع قاعة الأبطال لجلب أبطالك إلى المعركة.
a36a13ef1a0a7ba1,TID_HERO_INSTRUCTIONS_MINION_HERO_SHORT,يحلّق هذا البطل غير المتوقع عاليًا ليلحق الدمار من السماء.
a9da94c81ef70406,TID_VILLAGER_MIGRATION_TUTORIAL_3,يبدو أن المعمل بحاجة إلى شخص في موهبتي.
6acb0b4fbf5a4109,TID_HERO_TAVERN_UNPLACED,تم إلغاء وضع قاعة الأبطال!
ce9d4e151ac0b048,TID_ALCHEMIST_WAIT_COOLDOWN,الخيميائية تستريح الآن. عُد في وقت لاحق!
bdc4c881c6397de9,TID_CONVERT_RESOURCES_INSTANT,سيتم تحويل الموارد على <cffcc33>الفور</c>
20ccb43975cfffd4,TID_BUTTON_ATTACK_HERO_TAVERN_PLACE,وضع قاعة الأبطال
c0329370bfe86fcd,TID_CHARACTER_INFO_SNAKE,هذه الكائنات الخضراء الصغيرة والخطيرة تخرج من تحت الأرض لتشارك في المعركة. ستزحف على الجدران وتلدغ أي شيء وكل شيء. هذه الثعابين أكثر فتكًا عندما تكون في جماعات.
ec3c604a86db1bc1,TID_ATTACK_WARNING_HERO_TAVERN_TITLE,لا يوجد أبطال في جيشك!
d07eeda5bee7cd03,TID_BUTTON_WATCH_REPLAY,مشاهدة الإعادة
3ea49c9f9dd160b7,TID_UNPLACED_HERO_TAVERN_HINT,ضع قاعة الأبطال لاستخدام الأبطال
c7c5c90cfcf3dc7e,TID_HERO_SELECTION_UNLOCK_BLACKSMITH_INFO,شيّد <building>\n لفتح المزيد من المعدات.
fc332a15f2e96be0,TID_VILLAGER_ALCHEMIST_TARGET_RESOURCE,تحويل <resource> إلى:
9408328b967ec4b1,TID_HERO_TAVERN_POP_UP_VISIT_TAVERN,زيارة قاعة الأبطال
9763223d27769956,TID_TH17_WARDEN,آمر العدالة
a0ef0f94ed98e34f,TID_TUTORIAL_HERO_TAVERN_MIGRATION_1,جرررر! هيكل ضعيف متهالك لا يليق بملك أبدًا!
b982932c96495797,TID_SCENERY_CLASHMAS2024,WIP
f4af1af497ea3dd3,TID_TUTORIAL_OFFENSIVE_HERO_SWAPPING_1,اختر أفضل الأبطال للانضمام إلى جيوشك في المعركة. افتح مواضع الأبطال من خلال ترقية قاعة الأبطال.
91e334bf3aa2004b,TID_STEAMPUNK_BATTLE_MACHINE,آلة ستيم بانك
0843aaca9b626bc3,TID_HERO_SELECTION_UNLOCK_PET_SHOP_INFO,شيّد <building>\n لفتح الحيوانات الأليفة.
6b5084f88d1480a8,TID_GOBLINMACHINE,آلة الغيلان
c0aea5f26ccde5ff,TID_HERO_FLAG,راية بطل
64c8d86c5308ad35,TID_ALCHEMIST_APPRENTICE_INFO,تساعد الخيميائية في تحويل الموارد إلى أنواع مختلفة. يمكنك تكليفها بالعمل مرة في اليوم، ورفع مستواها للعمل بكفاءة أكبر.
71c92ef2dafc6935,TID_ALCHEMIST_BOOST_MULTIPLIER,مكافأة التحويل:
7fcea1a886bde3ed,TID_GEAR_INFO_MINION_BODYGUARDS,تستدعي حراسًا طائرين لدعم أمير المينيون
433c18710e3e2fd8,TID_VILLAGER_LAB_INFO_ITEM2,يستطيع المساعدة بعقله المبدع في إجراء ترقية واحدة باليوم عندما يكون مستريحًا جيدًا.
3811acbdcf1cf309,TID_TUTORIAL_HERO_TAVERN_INTRO_4,يحمي الأبطال أيضًا قريتك من الهجمات باستخدام رايات الأبطال. لنضع واحدة!
b165202b2ab43044,TID_ALL_HEROES_LOCKED,لم يتم فتح أي بطل
5d52239a3e4d775b,TID_BUTTON_TIMER_AVAILABLE_IN,متوفّر:
6c1e4a675ce822bb,TID_CLASHOWEEN_WARDEN,آمر مينيون الظلام
132600857be3ec94,TID_HERO_TAVERN_POP_UP_SHOP,الانتقال إلى المتجر
04f14fe7b2588160,TID_INFO_DISCLAIMER_PLACE_TAVERN,ضع قاعة الأبطال للوصول إلى الأبطال
ec1f466411cbcd78,TID_FIRST_TIME_DISCOUNT,تخفيض خاص!
bdb300ec57663e58,TID_GOLD2,ذهب البنّاء
42b6f4c6892847f6,TID_HERO_INSTRUCTIONS_WARDEN_SHORT,أستاذ السحر الذي يدعم أي جيش.
54e9932c9e576cdb,TID_LAB_APPRENTICE_TITLE,مساعد المعمل
9b5fb9a0079fb872,TID_HERO_TAVERN_POP_UP_NEXT_FLAG_TEXT,تفتح الراية التالية عند قاعة الأبطال من المستوى <level>!
9ed06acc1bf22fb6,TID_EP_MINI_ACTIVATE_COUNTDOWN,ستنتهي نافذة تفعيل تذكرة الحدث المصغر خلال <time>
a58ace541082c22a,TID_VILLAGER_MIGRATION_TUTORIAL_1,مرحى! أخيرًا وبعد كل عملي الشاق، حصلت على مكاني الخاص!
e19e13e50f0ddc79,TID_UPGRADE_TH_LOCKED_TITLE3,الترقيات المطلوبة:
4b499d56f87c2193,TID_CHARACTER_INFO_THROWER,هذا الرامي القوي لا يشيح بعينيه عن الهدف. يرمي على الأعداء رماحًا كبيرة من مسافة طويلة ويستهدف دفاعاتهم. أتسأل عن سره؟ تكمن قوته في شعر وجهه الرائع.
1b3b5c8192cbd343,TID_EVENT_PASS_MINI_ACTIVATE_TEXT,قم بتفعيل تذكرة الحدث المصغر لنيل مزيد من الجوائز.
365a5133bb4fa5c3,TID_VILLAGER_ALCHEMIST_INFO_ITEM3,ارفع مستواها لزيادة قدرة التحويل ومعدله لديها.
45ffd6a4ce3487df,TID_VILLAGER_LIST_ASSIGN_LAB_ASSISTANT,هل تريد تكليف مساعد المعمل بالعمل؟
040684c4af907d08,TID_HERO_TAVERN_INFO,هذه القاعة الفاخرة تليق بأعظم محاربي القرية. زر قاعة الأبطال لتلبية احتياجاتك البطولية الأساسية وترقية الأبطال. قم بترقية قاعة الأبطال لفتح المزيد من الأبطال.
ef36f9369631f637,TID_HERO_TAVERN_UNLOCKS_PENDING_TEXT,الأبطال الجدد جاهزون للفتح في قاعة الأبطال. أتريد زيارة قاعة الأبطال لمقابلتهم؟
c3b051f02b9a01d4,TID_SNAKE,الثعبان
d537de06af82ab99,TID_BUILDING_TROOP_CAGE,قفص الحلوى
e11c704d6b74fa99,TID_HERO_TAVERN_TOO_LOW,مطلوب قاعة أبطال من المستوى <number>!
a0375701efea7d49,TID_SPELL_REVIVE_INFO_SHORT,أتظن أن بطلك خرج من القتال؟ أعد النظر!
fd97ffac27afb8f6,TID_OBSTACLE_DEPLOY_AREA_MARKER,علامة منطقة النشر
9420c94eb6841365,TID_CONVERT_RESOURCES_TEXT,أتريد تحويل <resource1> إلى <resource2>؟
bafd1755611ee059,TID_HERO_TAVERN_POP_UP_PLACE_TAVERN,وضع قاعة الأبطال
af606dd550b60710,TID_LA_ASSIGN_BUTTON,تكليف مساعد
cfdb3caba8c358c5,TID_GEAR_TITLE_MINION_BODYGUARDS,دمية التابع
7dc5da678690ca04,TID_HERO_SLOT_UNLOCK_INFO,سيفتح الموضع رقم <slot> عند \n<building> من المستوى <level>.
6d3cda53ea0d0bc8,TID_VILLAGER_ALCHEMIST_UPGRADE_INFO,السعة القصوى الجديدة لمدخلات الموارد:
a493f67b97dd4abc,TID_CLANGAMES_TASK_INFO_DESTROY_WARDENALTARS,دمر <num> من هياكل الآمر الكبير في معارك متعددة اللاعبين.
df0d7f1fd6ee025d,TID_VILLAGER_LIST_PROGRESS_BUTTON_START,التكليف
537655fe979ba9a2,TID_EVENT_MINI_PASS_ACTIVATE_TITLE,قم بتفعيل تذكرة الحدث المصغر!
6672ed977641ab43,TID_HERO_SLOT_DESCRIPTION,تقدم رايات الأبطال مركزًا دفاعيًا إلى أبطالك، ولا يمكن تدميرها خلال الهجمات.
5269c5f62bf6f6b9,TID_BUILDING_GATLING_GUN_INFO,تطلق قاذفة اللهب ألسنة اللهب بمعدل سريع يفوق القوس. إذا أخطأت هدفها، فسوف تطلق أبعد من هدفها لتلحق الضرر بالأعداء خلفه. يمكنها مواجهة اتجاه واحد فقط؛ لذا فضعها بعناية!
a40f94133c22e163,TID_NO_HERO_FLAGS_PLACED,ليست لديك رايات أبطال موضوعة!
300b7a7945812378,TID_HERO_INSTRUCTIONS_MINION_HERO,أمير المينيون أو أمير الظلام - كما يطلق على نفسه - محارب لا يعرف المزاح. يحلق في السماء، ويسقط مادة سوداء لزجة تلحق الضرر بدفاعات العدو وقواته. عندما يتخذ وضع الدفاع، تجده يحوم بالقرب من راية البطل الخاصة به.
c849a9d58f7f84e6,TID_VILLAGER_POPUP_INFO_ASSIGN_REPEAT,أبق على التكليف حتى انتهاء الترقية.
27a9faab5949ffaf,TID_HERO_TAVERN_POP_UP_PURCHASE_BUILDING,يمكن شراء <building> الآن!
43bd0ece34efda06,TID_CLANGAMES_TASK_INFO_DESTROY_QUEENALTARS,دمر <num> من هياكل الملكة رامية السهام في معارك متعددة اللاعبين.
93b5aa7616048a22,TID_TRAINING_EDIT_HERO_SELECT_GEAR,اختيار المعدات
e3938acbba531d85,TID_HERO_TAVERN_POP_UP_DEFENCE_BUTTON,عرض رايات الأبطال
6bef44a75535b3d5,TID_HERO_HEAL_PERCENT,شفاء البطل: <number>%
bf93d5d6acfaa43c,TID_HERO_FLAG_INFO,راية البطل الشامخة هذه تميز الموقع الدفاعي لأحد أبطالك!
00ccaddb6b816e27,TID_LAB_ASSISTANT_CONFIRM_ASSIGN_JOB,هل تريد تكليف المساعد بالعمل على <building>؟
c31241457be3600f,TID_CONVERT_RESOURCES_TITLE,أتريد تحويل الموارد؟
71db2b0c3f462d6f,TID_GUIDANCE_WRONG_LOCATION_FOR_CONTROLLABLE_HERO_GROUND,اضغط على الموقع الصحيح!
70b5d212bdca5684,TID_DECO_CLASHMAS_2024_SACK,كيس هدايا
79dbb072d759f5dd,TID_HERO_TAVERN_HERO_MAX_LEVEL_FOR_TAVERN,قم بترقية قاعة الأبطال إلى المستوى <level> لترقية <hero> أكثر.
dc7c474d4d81a9d7,TID_VILLAGER_LAB_INFO_ITEM3,يعمل ساعة واحدة كل يوم. ارفع مستواه لتسريع عمله.
c66a4b48f59dca09,TID_EP_MINI_ACTIVATE_BANNER_TITLE,تفعيل تذكرة الحدث المصغر
258529df9982d78c,TID_VILLAGER_LIST_RESEARCHER_NO_JOB,ابدأ ترقية أبحاث المعمل لتكليف مساعد المعمل.
2d10e9b72abc2f2a,TID_ATTACK_WARNING_HERO_TAVERN,قاعة الأبطال غير موضوعة
dcd1fc02f562bd52,TID_BUILDING_TEXT_RESEARCH,البحث
9c3a9d300f855046,TID_HERO_TAVERN,قاعة الأبطال
cc5321e00755f441,TID_MINION_HERO,أمير المينيون
db0f40144e996f65,TID_TRAP_GIGA_BOMB_INFO,لم يرد القرويون الإبقاء على هذا السلاح الخطير داخل قاعة المدينة، فأخرجوه بعيدًا. تطيح القنبلة الضخمة بالأعداء إلى الوراء عبر ضررها الهائل. هذا الفخ مميت لدرجة إنه لا داعي لإخفائه.
b6f0ccc4e914591b,TID_SCENERY_TH17,منظر العدالة
fec99a895ad2bbac,TID_SPELL_RESURRECT,
7bfc03e7214e2048,TID_EVENT_PASS_MINI_PURCHASE_TITLE,احصل على تذكرة الحدث المصغر!
770be14969eb5e3d,TID_TUTORIAL_HERO_TAVERN_MIGRATION_3,مرحبًا بك في قاعة الأبطال! كل مستلزماتك البطولية ستجدها هنا!
386216fe435e33ef,TID_HERO_TAVERN_POP_UP_PET_SHOP_BUTTON,إلى بيت الحيوانات الأليفة
de2db7a334e60fc5,TID_HERO_TAVERN_UNPLACED_TEXT,لديك قاعة أبطال غير موضوعة! لن تتمكن من استخدام الأبطال في هجماتك إلى أن تضعها! أتريد وضعها الآن؟
b91388dab1e4d13b,TID_BUILDING_VILLAGER_APPRENTICE_INFO,يستريح المساعدون على أسرّة دافئة مزدوجة داخل هذا الكوخ المريح. زر كوخ المساعدين وكلف المساعدين بالأعمال في القرية.
90e1ee5d9995b724,TID_HERO_INSTRUCTIONS_QUEEN_SHORT,يحطم قوسها المباني بسهولة كما تحطم هي القلوب.
cc8b35db261c9f9f,TID_CHARACTER_THROWER,الرامي
b8e3f6d5005b3670,TID_HERO_SWAP,تبديل البطل
32f1908e9dc2e8f0,TID_HERO_TAVERN_POP_UP_BLACKSMITH_TEXT,عزز قوة أبطالك بالمعدات وامنحهم قدرات جديدة في المعركة. قم بترقية المعدات لدى الحداد باستخدام المعادن الخام.
fc1392135a8f50e5,TID_BUTTON_NEXT_LEVEL,المستوى التالي!
67c6e58c593d1ebc,TID_ALCHEMIST_CANT_UPGRADE_WORKING,لا يمكن ترقية الخيميائية في أثناء عملها. حاول مجددًا عندما تستريح.
1fc04aea833df041,TID_BUTTON_TRAIN_ALL,تدريب الكل
755d733cd7271404,TID_ELIXIR2,إكسير البنّاء
54fedd0f203c9d8a,TID_HERO_TAVERN_POP_UP_ATTACK_BUTTON,الانتقال إلى التدريب
fd2076522c1ca7ac,TID_BUILDING_DEFENSE_TROOP_CAGE,عصا الحلوى
a6c02d4e137410bd,TID_HERO_TAVERN_HERO_LOCKED,الفتح في قاعة الأبطال المستوى <level>
9792004bb450a027,TID_ALCHEMIST_WAIT_LOCKED,يجب توفر الخيميائية أولاً!
62a691ba6cacda76,TID_SCENERY_CLASHOWEEN2024,منظر الهلاك
10fb30f5ac156e23,TID_EP_MINI_GET_SCREEN_TITLE,احصل على تذكرة الحدث المصغر!
c70701c82f520ba5,TID_CLANGAMES_TASK_DESTROY_QUEENALTARS,تدمير هياكل الملكة رامية السهام
c4c460f9634d3bf9,TID_HERO_TAVERN_POP_UP_BUTTON_LOCKED,مغلق
fd6af09712475b14,TID_VILLAGER_ALCHEMIST_INFO_ITEM1,تحول الخيميائية الموارد في مخزونك إلى نوع موارد آخر بسرعة.
78d070964a328431,TID_HERO_INSTRUCTIONS_ROYAL_CHAMPION_SHORT,بطلة تجدها دائمًا في قلب الحدث.
1e6c0002a516f62a,TID_HERO_TAVERN_POP_UP_UNPLACED_FLAG_BUTTON,وضع راية بطل
4c0d180cf5c2c463,TID_CLANGAMES_TASK_DESTROY_KINGALTARS,تدمير هياكل الملك البربري
70e7150ae3465031,TID_TUTORIAL_HERO_TAVERN_MIGRATION_5,أزلنا الهياكل، لكن سيظل الأبطال يحمون قريتنا. لنضع إحدى رايات الأبطال.
223945a96acfc038,TID_BUTTON_UPGRADE_TROOPS,البحث
81edbd46f1799e0c,TID_LAB_ASSISTANT_CANT_UPGRADE_WORKING,لا يمكن ترقية مساعد المعمل أثناء عمله. حاول مجددًا عندما يستريح.
0bd61706fa9b4016,TID_CHEST_EPIC_NAME,صندوق ممتاز
09a0872cd9072907,TID_CHEST_RARE_NAME,صندوق نادر
fa9e264a6df80f65,TID_TRAINING_TAB_TITLE_RESERVE,الاحتياطي
8cd7272caf521d2d,TID_CLASHOWEEN_KING,ملك مينيون الظلام
297fd9a1c768e738,TID_SPELL_REVIVE_INFO,تعويذة الإنعاش وصفة خاصة من صنع المعالِجة، تعمل على استحضار بطل مهزوم إلى المعركة ضمن نطاقها مع بعض من صحته. اجلب هذه التعويذة إلى المعركة، وعندها سيظهر قلب ذهبي فوق أي بطل مهزوم قابل للاستحضار. قم بترقية تعويذة الإنعاش لرفع كمية الصحة التي يستعيدها الأبطال.
e0e04faa76f7e23d,TID_MINI_LEVEL_STATUS,الشحنة <charge> للمستوى <level>
a3aefb8c70dd5ef4,TID_TROOP_TRAINING_CC_OVERVIEW,تعزيزات قلعة القبيلة
2793d682ae8d1cd1,TID_CONSUMABLE_BOOST_LAB_INFO,هذا الحساء المملوء بالفقاعات يسرّع بحث المعمل وترقيات بيت الحيوانات الأليفة بمقدار <num> أمثال لمدة <time>. يعمل في القرية الأم!
65128e3a7b759eac,TID_UPGRADE_HOME_TH_LOCKED2_INFO,قم بترقية المباني التالية لفتح مستوى قاعة المدينة التالي!
222051d039c5f82f,TID_PLACEMENT_HINT_CONTROLLABLE_HERO,ضع البطل في منطقة النشر لبدء الهجوم!
72f38c93e8b71c35,TID_HERO_TAVERN_POP_UP_UNPLACED_FLAG_TEXT,لديك راية بطل غير موضوعة!
6252b1fe28cf4733,TID_VILLAGER_TOTAL_SAVED_TIME,إجمالي الوقت المُوفَر: <time>
7821dfbde361a519,TID_PTE_REWARD_LOCKED_NEED_PREMIUM_MINI,تحتاج إلى تذكرة الحدث المصغر لفتح هذه الجائزة.
cd1a30379642a7fb,TID_TH17_KING,ملك العدالة
6a10c2cf7335b362,TID_CLASHMAS_QUEEN,الملكة الدمية
53bee21128d4e80b,TID_CHEST_COMMON_INFO,صندوق يحتوي على مكافأة عشوائية.
c2ffe88e1e8f97d7,TID_DECO_DIWALI_2024,فانوس المهرجان
9ea847dcd5782eab,TID_HERO_TAVERN_POP_UP_BLACKSMITH_BUTTON,الانتقال إلى الحداد
818ab39a34ab876c,TID_AVAILABLE_DEFENDING_HEROES,أبطال متاحون
30d102dfbd900f39,TID_TRAINING_TAB_TITLE_ARMY,الجيش
6e12419540737bb1,TID_BARBKINGEQUIPSNAKE,الثعبان
c36d992c8352e8f3,TID_HERO_TAVERN_POP_UP_CONTINUE_ATTACKING,متابعة الهجوم
073719a133957aae,TID_ICE_HOUND_ABILITY_INFO,تبطئ الهجمات الأهداف. يتجمد كل ما حوله عندما يُهزم.
9b4cff3c11d8ba25,TID_VILLAGER_STATUS_WAITING,متوفر بعد: <time>
b8c5eef0f0903316,TID_HERO_INSTRUCTIONS_WARDEN,كبير السحرة القوي هذا يدعم القوات بتسديد الضربات للأعداء عن طريق صولجانه. يمكن للآمر الكبير المشي أو حتى الطيران فوق الجدران. عند الدفاع، سيتمركز بصمود سحري بجوار راية البطل الخاصة به لحماية القرية.
704233e300fd8e56,TID_INFO_DISCLAIMER_VISIT_TAVERN,زر قاعة الأبطال لفتح الأبطال!
223c7ca95ddb46e5,TID_EVENT_PASS_MINI_PURCHASE_TEXT,اشترِ تذكرة الحدث المصغر لنيل مزيد من الجوائز!
2c8d7ba051079278,TID_VILLAGER_MIGRATION_TUTORIAL_2,ليس بهذه السرعة!
ab8b02939f11e400,TID_INFO_DISCLAIMER_BUILD_TAVERN,شيد قاعة الأبطال لفتح الأبطال
7c0524f1b623a807,TID_VILLAGER_LAB_INFO_ITEM1,يساعد مساعد المعمل في تسريع ترقيات الأبحاث بالمعمل.
b862af45b7b6c016,TID_TRAP_GIGA_BOMB,قنبلة ضخمة
751782729a1e7227,TID_BUILDING_VILLAGER_APPRENTICE,كوخ المساعد
4d82e6b32d40c9f5,TID_HERO_IS_SLEEPING,<name> في فترة التعافي، ولا يمكن الاستخدام في الهجوم حاليًا
9b6e71dbb67bdeea,TID_TUTORIAL_DEFENSIVE_HERO_SWAPPING_1,يمكنك الآن تحديد البطل الذي سيحرس هذه الراية. تستطيع تغييره في أي وقت.
eb80acc20e58e53a,TID_PTE_PERK_NEEDS_PREMIUM_MINI,افتح بتذكرة الحدث المصغر
66fd68a5ded9e5d0,TID_GOLD_SHOP_PACK_2,<number> من ذهب البنّاء
c82861055b3347c8,TID_MEDAL_EVENT_INFO_TRACK_ENDED,لا يمكنك التقدم أكثر، لكن لا يزال أمامك وقت للمطالبة بالجوائز وإنفاق <hard_currency> عند التاجر!
022d3c7d4ec5a77e,TID_TUTORIAL_HERO_TAVERN_INTRO_1,مرحبًا أيها الزعيم! وصل بطل عظيم إلى قاعة أبطالنا الجديدة. فلنرحب به!
afde14b114b49da4,TID_CLASHMAS_KING,الملك الروبوت
34ce578ce43f6601,TID_TROOP_TRAINING_HERO_INFO_TEXT,اضغط لتعديل الأبطال
e5f5d3cdc7d947ff,TID_VILLAGER_ALCHEMIST_AMOUNT_ZERO,عليك اختيار مورد للتحويل
e753b51945dcf1ab,TID_CLANGAMES_TASK_DESTROY_WARDENALTARS,تدمير هياكل الآمر الكبير
ee70674065960d07,TID_BUTTON_OK,موافق
32ba77dc3c215cce,TID_CHEST_COMMON_NAME,صندوق
b71b73b7f800e974,TID_HERO_TAVERN_POP_UP_DEFENCE_TITLE,أبطال الدفاع
36e4b368cad46a86,TID_HOTROD_BATTLE_COPTER,مروحية هوترود
e384014029ebb98c,TID_DECO_CLASHMAS_2024_SUPERDECO_GLOBE,بلورة الشتاء
dc9c885eedd4b5ea,TID_HERO_INSTRUCTIONS_BARBARIAN_SHORT,أكبر وأقوى وأشرس بربري على الإطلاق.
2e21bf30dec6db10,TID_ALCHEMIST_WAIT_WORKING,الخيميائية تعمل الآن. أعد المحاولة لاحقًا!
e64f656ac3f4ed25,TID_HERO_TAVERN_POP_UP_GO_TO_TRAINING,الانتقال إلى التدريب
8277732eec60bee8,TID_TUTORIAL_HERO_TAVERN_INTRO_3,ملك قليل الكلام. الأبطال أهم جزء في جيشك!
9220f1e5ad6c08e1,TID_BOOSTER_LAB_POTION_INFO,يساعد هذا المشروب الصحي السحرة الغامضين داخل المعمل على إجراء الأبحاث بسرعة مضاعفة <multiplier> من المرات لمدة <time>، وهو يعمل في القرية الأم. للأسف لا يُعد مساعد المعمل مؤهلاً لدور الساحر بعد، ولهذا لن تتأثر سرعة عمله.
0e103b8b0b8bf5da,TID_HERO_TAVERN_POP_UP_BLACKSMITH_TITLE,معدات الأبطال
296f864fb7596f67,TID_ELIXIR_SHOP_PACK_2,<number> من إكسير البنّاء
b9f8a6a1a9e75b9c,TID_PIRATE_BATTLE_COPTER,القارب المروحي
e220238e95d702e8,TID_BUILDING_GATLING_GUN,قاذفة اللهب
d43d85ab5cdb71a4,TID_ALCHEMIST_SOURCE_MULTIPLIER,مدخلات الموارد:
45bfcd5887c7cbe8,TID_CLASHOWEEN_QUEEN,ملكة مينيون الظلام
2a828895bd6efdfa,TID_BUILDING_GATLING_GUN_INFO_SHORT,أشعل المنافسة بألسنة اللهب المستعرة!
f468803515f66660,TID_VILLAGER_ALCHEMIST_CHOOSE_RESOURCE,اختر موردًا للتحويل:
7e17aa5bf3bf306c,TID_CHOOSE_DEFENDING_HERO,اختر بطلاً للتبديل
fa9ba0f64f7b00c6,TID_CHEST_RARE_INFO,صندوق يحتوي على مكافأة نادرة واحدة على الأقل.
cadee1b2d8df5510,TID_EVENT_PASS_MINI_PACKAGE,تذكرة الحدث المصغر
9df8a914c1c16b6c,TID_INFO_TRIGGER_HOUSING,مساحة التسكين اللازمة للتفعيل:
c101514ff2fed30e,TID_ALCHEMIST_CANT_CONVERT_SAME_RESOURCE,لا يمكن التحويل إلى العنصر نفسه
082e5a10ca9e370d,TID_DECO_CLASHMAS_2024_CHOIR,الجوقة الآلية
de547ddead4af9a8,TID_TUTORIAL_HERO_TAVERN_MIGRATION_2,أخبار سارة! شيدنا مبنى جديرًا بأبطالنا. لنضع قاعة الأبطال!
1fffce059a18ee83,TID_CHARACTER_INFO_BARBKINGEQUIPSNAKE,تُستدعى هذه الثعابين الجائعة بفعل سوار قديم غامض لهدف واحد فقط، وهو لدغ كل شيء.
1dced85b2564bd62,TID_TRAINING_TAB_TITLE_PRESETS,جيوش معدة مسبقًا
f8bfbd75b8c70658,TID_BUTTON_BOOST_TRAINING,تعزيز التدريب
608518e133899189,TID_BUTTON_ATTACK_HERO_TAVERN_ATTACK,تابع المعركة
41dc67df6c4097e6,TID_DECO_SC_BEACH_PARASOL,زينة نزهة الشاطئ
0c9af8ddf1d3345c,TID_GEAR_TITLE_DARK_ORB,بلورة الظلام
812f02148d5088aa,TID_ME_MINI_BONUS_POINTS_INFO,احصل على <num> من <soft_currency> عبر شراء تذكرة الحدث المصغر!
fff448c0e1ec576f,TID_WEAPON_TOWN_HALL_17_INFO,أشعل ساحة المعركة! تطلق المدفعية النارية 4 متفجرات تتعقب العدو، وتترك بركًا حارقة في المكان الذي تسقط فيه. إذا كان هناك أقل من 4 أعداء في نطاقها، فقد تضرب الهدف الواحد أكثر من مرة. يا لها من سلاح غاشم!
6151d26e4b300c2e,TID_VILLAGER_LIST_ASSIGN_ALCHEMIST,هل تريد تكليف الخيميائية بالعمل؟
7d9966515e9e20ee,TID_VILLAGER_ALCHEMIST_INFO_ITEM2,يمكنها العمل على تحويل واحد في اليوم عندما تكون ارتاحت جيدًا.
72f9a404f24416a1,TID_VILLAGER_STOP_RECURRENCE_TITLE,أتريد وقف التكرار؟
640c6c9c695299d4,TID_UPGRADE_TOWNHALL_EAGLE_MERGE_INFO,سيجري دمج مدفعية النسر في قاعة المدينة لبدء هذه الترقية. لا يمكن التراجع بعد هذا الإجراء.
047299205bbfd9db,TID_ALCHEMIST_NOT_ENOUGH_RESOURCES,كمية <resource> غير كافية
c301238fe0432c4e,TID_TOWN_HALL_17_INFO_SHORT,افرض القانون!
0c37424eb1644fee,TID_EVENT_PASS_MINI_PACKAGE_INFO,اشترِ تذكرة الحدث المصغر للوصول إلى المزيد من الجوائز
1b0f63653ed4d022,TID_SPELL_REVIVE,تعويذة الإنعاش
7055f4b06e769754,TID_INFO_SCREEN_TITLE_HERO_FLAG,</c><hero><cffcc33> :<flag>
5fdb39ff29e1bc9f,TID_CHARACTER_INFO_THROWER_SHORT,كلما رميت، عرفت المزيد!
b1388efc6fe19460,TID_BUILD_HERO_TAVERN_TO_UNLOCK_HEROES,شيّد قاعة الأبطال لفتح الأبطال!
19a15f1500bc99d4,TID_TROOP_TRAINING_INFO_TAP_TO_EDIT,اضغط للتعديل
d2acdd68a9b796f0,TID_BUILDING_PET_CAGE,قفص الحلوى
cdfcffdbb43869f4,TID_ALCHEMIST_ASSIGN_BUTTON,تحويل الموارد
75f41085ae4df75f,TID_BUILDING_DIRECT_HERO_CONTROL_MAIN_BUILDING,ألعاب نارية احتفالية
046b761676fa75bb,TID_EP_MINI_ACTIVATE_SCID_TITLE,أتريد تفعيل تذكرة الحدث المصغر؟
16ddf5f30cadd9d0,TID_UNLOCK_SPELL_FORGE_SPELL,يتم فتح العنصر: <name>
f6d421aba0eea4f3,TID_ATTACK_WARNING_SWAP_HERO_RECOVER_TEXT,لديك في جيشك بطل ما زال يتعافى ولا يمكنه القتال. لكن يتوفر بطل آخر. أتريد تحديث جيشك؟
a7868da5a53988cb,TID_RESEARCHER_APPRENTICE_INFO,يساعد مساعد المعمل في تسريع الأبحاث. كلفه بالعمل مرة في اليوم، وارفع مستواه ليعمل بسرعة أكبر.
430569b9a80593c4,TID_EP_MINI_REWARD_LOCKED_NEED_PREMIUM,تحتاج إلى تذكرة الحدث المصغر لفتح هذه الجائزة.
46f7ff33307d7546,TID_ATTACK_WARNING_SWAP_HERO_RECOVER,استبدل البطل قيد التعافي!
ac6c06c677ccb324,TID_ALCHEMIST_APPRENTICE,الخيميائية
27d6bd39a3978df5,TID_TRAINING_EDIT_HERO_SELECT_PET,اختيار الحيوان الأليف
80ad1e8708bdd532,TID_ATTACK_WARNING_SWAP_HERO_UPGRADE,استبدل البطل قيد الترقية!
9396ce2ed955f261,TID_TRAINING_EDIT_HERO_SELECT_HERO,اختيار البطل
e8e73f44e8a9e3ab,TID_ATTACK_WARNING_SWAP_HERO_UPGRADE_TEXT,لديك في جيشك بطل ما زال قيد الترقية ولا يمكنه القتال. لكن يتوفر بطل آخر. أتريد تحديث جيشك؟
a15300d02fe5fc95,TID_CHEST_EPIC_INFO,صندوق يحتوي على مكافأة ممتازة واحدة على الأقل.
46be43683a727186,TID_HERO_TAVERN_POP_UP_PET_SHOP_TEXT,الحيوانات الأليفة أفضل أصدقاء للأبطال. قم بتعيين الحيوانات الأليفة إلى الأبطال لتقويتهم أكثر في المعركة.
8804c569e9019617,TID_EP_MINI_ACTIVATE_SCID_CONFIRM,معرف Supercell ID الخاص بك يتضمن <num> من تذاكر الأحداث المصغرة. هل تريد تفعيل واحدة لهذا الحدث؟
9bd6d8d86975d67c,TID_HERO_TAVERN_POP_UP_PET_SHOP_TITLE,الحيوانات الأليفة
14baca54f57e2a68,TID_CHARACTER_INFO_MINION_BODYGUARD,يستطيع أمير المينيون استدعاء الأشقاء الأشرار للقتال إلى جانبه؛ حيث سيمتصون الضرر ويهاجمون الدفاعات.
6c5c32ea2a91acf1,TID_CHARACTER_SNAKE_BARREL,برميل الثعابين
e6cddfa145607efd,TID_MINION_BODYGUARD,التابع
380e7153ddfe451c,TID_HERO_IS_LOCKED,لم يتم فتح <name> بعد
aedcb2a3b7fcee08,TID_TH17_QUEEN,ملكة العدالة
a179e49b0b7537e5,TID_SCENERY_WAR_MACHINE,منظر آلة الحرب
21cb36bb548b67e9,TID_ALCHEMIST_CONFIRM_ASSIGN_JOB,هل تريد تكليف الخيميائية بالعمل على <building>؟
afdb7230e0225877,TID_TUTORIAL_HERO_TAVERN_MIGRATION_4,أزلنا الهياكل، لكن سيظل الأبطال يحمون قريتنا. لنطلع على إحدى رايات الأبطال.
715bf0a60a37257b,TID_GEAR_INFO_DARK_ORB,تدمر وتبطئ كل شيء تلمسه
17ddfad10d189a09,TID_SPELL_MASS_DESTRUCTION,الدمار الشامل
d01efb1f6569606f,TID_WEAPON_TOWN_HALL_17,المدفعية النارية
342a62aec5938fc6,TID_SCENERY_MASHUP,منظر تداخل الألعاب
a579bf63d3a37f4e,TID_EP_MINI_RECEIVED,تلقيت تذكرة الحدث المصغر!
aa43f02ce9781e15,TID_EP_MINI_GET_BANNER_TITLE,اشتر تذكرة الحدث المصغر
9d193df0b88c10dc,TID_BUILDING_SPELL_CAGE,مفاجأة التعويذات
1aa73dd21a539505,TID_CLANGAMES_TASK_INFO_DESTROY_KINGALTARS,دمر <num> من هياكل الملك البربري في معارك متعددة اللاعبين.
7aeea4b3d31cc9e2,TID_RESEARCHER_APPRENTICE,مساعد المعمل
c312c23e3b1d2d8a,TID_CONVERT_RESOURCES_WARN,<c3c74a5>مخزونك أوشك على الامتلاء وستفقد بعض مواردك.</c>
72a896204459a6d8,TID_HERO_TAVERN_UNDER_CONSTRUCTION,قاعة الأبطال قيد البناء
ff82c288ba6d8d26,TID_CHARACTER_INFO_APRIL25RRBL,بمدى هائل، يقوم ييتير بإلقاء 4 من أعضاء قبيلته المخلصين في بداية المعركة الذين يهاجمون كل شيء، قبل أن يعود إلى رماحه الموثوقة. قُلها بصوت عالٍ الآن، عاش ييتير!
e4814e262d78279c,TID_OBSTACLE_LNY2025_EGG,تمثال الثعبان
7a377d78f17e6d0a,TID_SPELL_FACTORY_REVOKE_SUCCESS_TITLE,معالجة استرداد الأموال
3006011d9b8fa8e5,TID_BOOSTER_MAX_LEVEL_ARMY_INFO,لتعزيز قواتك وتعويذاتك وآلات الحصار إلى أقصى مستوى مسموح به في قاعة المدينة لمدة ساعة. تعمل في كلتا القريتين!
db7210a313a60e64,TID_BOOSTER_FINISH_TROOP_UPGRADE_INFO,لإنهاء أي ترقية قوات فورًا. يعمل في كلتا القريتين!
0d943948fd304861,TID_ARMY_QUICKSAVE_CONFIRM,تم حفظ الجيش الحالي إلى <recipe>
5669f9014c8d528a,TID_SCENERY_CLASHMAS2024,منظر ورشة الألعاب
ad22f0e8f8e3de10,TID_SELECT_WAR_TARGET_TO_ATTACK,اختر هدفًا لمهاجمته!
cda3e4030e4f22cf,TID_BUTTON_TAB_LOAD_ARMY,استخدام الجيش
db9fa1d8b2fed57a,TID_BUILDING_CLASS_ANY_BUILDING,مباني
64dc0138a398c5a5,TID_TUTORIAL_STARTER_CHALLENGE_2,أنجز أحدها لربح نقاط.
e8d792576eccdf38,TID_MILITARY_KING,ملك الاشتباك
1081e0ab1050e7c7,TID_APRIL25_TBRM_ABILITYNAME,مولود وسط النيران
1244320105eb3890,TID_BOOSTER_STAR_POTION_INFO,اجعل مكافأة النجوم لديك متاحة فورًا في قاعدة البنّاء.
0a4e8d8cdb2b5b48,TID_SPECIAL_REENG_TUTORIAL_5,نجحت! هذه عودة مميزة للغاية!
7ab4d3fe408faee3,TID_INFO_POP_UP_TOS_PP_TITLE_OLD_PLAYER,ملحوظة مهمة
0fddb807b00ff172,TID_SETTINGS_HAPTIC_FEEDBACK,ردود الفعل اللمسية
5b4cbf762f78c341,TID_DELIVER_REWARD_NOT_DELIVERED_RESOURCE_FULL,امتلأ مخزونك ولا مكان لهذه المكافأة.
384cd3ae0d065970,TID_LNY25_WARDEN,آمر الثعابين
048e6603d2e3f6e4,TID_DECO_FIRE_ICE_SAUNA,ساونا مريح
2dc8e72b55e4782f,TID_BOOSTER_FREE_BUILDING_UPGRADE_INFO,لترقية أي مبنى إلى المستوى التالي على الفور. يتطلب ذلك وجود بنّاء متفرغ. تعمل في كلتا القريتين!
29a18d11c4efa213,TID_SPELL_SUMMON_TROOP_LEVEL,مستوى <name>: <number>
94c02ed23ca4eb0b,TID_ARMY_LOADOUT_NO_SPACE,المساحة في الجيش غير كافية
fc4506cc3ff5960a,TID_SPECIAL_FTUE_TUTORIAL_BUILDER_MENU,هنا يمكنك أن تجد اقتراحات لعملية البناء أو الترقية التالية!
7f2a04b2f3cfe042,TID_UPGRADE_GEARUP_BUILDING_TO_LEVEL_TO_BUILD_MORE,قم بترقية <building> إلى المستوى <number> وإصقاله لبناء المزيد!
51178e353272c5c8,TID_CHARACTER_APRIL25GTG,العملاق العملاق
43868197e78f368c,TID_CHARACTER_INFO_MINION_BODYGUARD,هؤلاء الأشقاء الأشرار مخلصون لأمير المينيون. سيمتص الحراس الضرر ويمزقون أهدافهم.
0b81cce8d950417e,TID_SPECIAL_REENG_TUTORIAL_4,حان الوقت للقتال!
3837a1332af9fafc,TID_GEARED_UP,<building> تم إصقاله
c0229b01bdd8bacd,TID_CHARACTER_INFO_TAX_COLLECTOR,هذا الطماع! يستهدف جامع الديون مباني الموارد والغنائم أكثر من الغول العادي. لا يأخذ الغنائم الإضافية من المدافع، بل ينتجها ذلك الجامع بنفسه!
bac14df1484e89f0,TID_FINISH_HERO_TAVERN,إنهاء قاعة الأبطال
6b36ac55095bbcf4,TID_HINT_BOOST_TRAINING,القوات جاهزة للقتال دائمًا. دربها فقط!
660f04d76fe41865,TID_CHARACTER_INFO_FURNACE_SHORT,تُطلق عث النار الذي يحرق المباني.
095c96ca7badefe2,TID_FIRE_QUEEN,ملكة النار
37c4899e5785a6a6,TID_ACHIEVEMENT_DESTROY_FIRESPITTER_COMPLETED,إجمالي قاذفات اللهب التي تم تدميرها: <value>
2bb9331391bdef5d,TID_BP_PERK_CLAN_CASTLE_REQUEST_COOLDOWN,اطلب تقليل الوقت
db74e493f8a81fdf,TID_STARTER_PASS_TIMER_TEXT,تنتهي تذكرة البدء عقب بلوغك قاعة المدينة 7.
faaf9e6bd34d185e,TID_IAP_INFO_TEXT,"청약철회는 구매일로부터 7일 이내 가능(단, 사용시 철회불가) 법정대리인 동의 없는 미성년자명의 결제 시 취소가능."
57a5865167f91c7c,TID_BULDING_ARCHER_CANNON_FAST_ATTACK_CONFIG,البرج المتعدد العتاد السريع الهجوم
edb5f0178440176a,TID_INFO_DAMAGE_MULTIPLIER_TARGET_TEXT,(ضرر x<number>)
b04cd04bad65f594,TID_CHARACTER_INFO_APRIL25TBRM,هذه الوحدة القوية تفعل ما تريد! يشعر كين بالغضب دائمًا، ويتوجه مباشرة نحو قاعة المدينة. يضرب الوحدات الأرضية والجوية التي تعترض طريقه بضربات مدوية تسبب ضررًا واسع النطاق. عند هزيمته، يعود من جديد مشتعلًا مع زيادة في الضرر وهالة نارية شديدة.
1ac2b5715715dc21,TID_ATTACK_WARNING_NO_HEROES_ASSIGNED_TEXT,هناك مساحة للمزيد من الأبطال في جيشك. هل تريد إضافة المزيد من الأبطال؟
4c8871c6ee3f608b,TID_ARMY_TAB_RESERVE,الاحتياطي
40a7f1821c509ee1,TID_GEAR_TITLE_TURBO_START,الأثقال النبيلة
4b30c71c02f8239c,TID_SCENERY_LNY2025_STONE_TRAIT1,عملي
90fa524e6c5f1a60,TID_HINT HEROES_REGENERATE,قاعة الأبطال هي وجهتك الوحيدة لكل ما تحتاج إليه من مستلزمات الأبطال.
159ae4510c837fe2,TID_SPECIAL_FTUE_TUTORIAL_BARRACK_1,نحتاج إلى جيش لمقاتلة هذه الغيلان! فلنبنِ الثكنات.
3ef811055bededeb,TID_BOOSTER_LAB_POTION_INFO,لتعزيز أبحاث المعمل حتى <multiplier> أضعاف سرعتها العادية في القرية الأم لمدة <time>. لن يتأثر مساعد المعمل.
75c94ea62144514c,TID_SCENERY_LNY2025_WATER_TRAIT2,غامض
6431f6490f6accbe,TID_LOADOUT_CC_DONATION_REQUEST_ACTIVE,لا يمكنك تعديل وحدات قلعة القبيلة المفضلة لديك أثناء وجود طلب تبرعات نشط.
44e61225f43ff6a1,TID_ACHIEVEMENT_DESTROY_MULTI_GEAR_TOWER_TITLE,هادم البرج المتعدد العتاد
f363977c9bac9c90,TID_SPECIAL_FTUE_TUTORIAL_WORKER_2,قم باستئجار بنّاء ثانٍ لتتمكن من بدء اثنين من الإنشاءات في وقت واحد.
ac79bfaf7703799c,TID_ACHIEVEMENT_DESTROY_FIRESPITTER_TITLE,مُنهي قاذفة اللهب
edb67013ab4fb079,TID_SPECIAL_REENG_TUTORIAL_3,لنرَ إذا كنت لا تزال تملك ما يلزم لمواجهة دفاعاتك الخاصة!
9af07e1fe7bcd08e,TID_LOCAL_NOTIFICATION_SUPERCHARGE_READY,مشحون بالشحن الخارق! تمت ترقية <item> إلى مستوى الشحن <level>
ed6c3829854eaf0d,TID_EVENT_TREASURE_HUNT_NEW_CHESTS_IN,<value> من الصناديق الجديدة خلال: <time>
18c069bcc2e9c51d,TID_BOOSTER_PET_POTION_INFO,لتعزيز ترقيات الحيوان الأليف حتى <multiplier> أضعاف سرعتها العادية لمدة <time>.
7266ffd386936f16,TID_ARMY_SLOT_DEFAULT_IMPORTED_NAME,الجيش المنقول <num>
ad1173679094ca7e,TID_CLAN_PROGRESS_EVENT_INFO_TEXT_3,أكمل مسار الجوائز مع قبيلتك لفتح الجائزة النهائية.
ea598b3c3e6e31b9,TID_SCENERY_LNY2025_WOOD_TRAIT1,دبلوماسي
872b65c032297b2c,TID_SPECIAL_FTUE_TUTORIAL_1,مرحبًا أيها الزعيم! أطلق الحاكم المتسلط رودز العنان لنجوم WWE لبدأ القتال!
8fae53346588178b,TID_ARMY_TAB_PRESETS,تشكيلات الجيش
e05d5e4d473d8aca,TID_GEAR_INFO_ACTION_FIGURE,يستدعي العملاق العملاق للقتال بجانب الملكة رامية السهام
c187eec6df362916,TID_SPECIAL_FTUE_TUTORIAL_5,أيها الزعيم، يمكنك إنفاق الجواهر لتسريع الأمور!
6f94fa11169e25f8,TID_INFO_POP_UP_TOS_PP_TITLE_NEW_PLAYER_ANDROID,ملحوظة مهمة
1ee0d1ce8752d01e,TID_TUTORIAL_STARTER_CHALLENGE_6,أتريد المزيد من الجوائز؟ جرب تذكرة البدء.
e1272005454cb451,TID_APRIL25_RRBL_ABILITYINFO,يقوم ييتير بإلقاء 4 من أعضاء قبيلته المخلصين من مدى طويل في بداية المعركة، فيقومون بمهاجمة كل شيء!
927b62ada5f64615,TID_SPECIAL_REENG_TUTORIAL_ATTACK_2,وهي جاهزة للقتال!
d66cd80de4db14e8,TID_HERO_TAVERN_MENU_HEART_POP_UP_TEXT,يفقد الأبطال صحتهم في أثناء الهجمات، لكنهم يستعيدونها بمرور الوقت.
4f93c9bbb63bba70,TID_ACHIEVEMENT_DESTROY_MULTI_ARCHER,دمر <number> من أبراج عصابة راميات السهام في معارك متعددة اللاعبين
ba75c05724f9a261,TID_SPECIAL_FTUE_TUTORIAL_GOLD_STORAGE_2,قم ببناء مخزن ذهب لنتمكن من جميع تلك الأشياء اللامعة! مواها!
18123183273a5ffd,TID_WALL_WIZARD_BUTTON_ADD_WALL,إضافة جدار
ecb562afea10b94a,TID_OVERVIEW_REINFORCEMENTS_TITLE,التعزيزات
eb415123c80c8f55,TID_SUPER_YETI_ABILITY_NAME,عظمة الصدمة
6659e889fe8d80e3,TID_DECO_COC_GIANT_2025,العملاق الذهبي
22ececc411b9aa4e,TID_CHARACTER_INFO_SNEEZY_SPAWN,ينطلق البوجر الشرير مباشرة من أنف عطّوسة المحمّل. تمتص هذه القوات الدفاعية الجوية الضرر وتستهدف المباني. فقط اجعلها بعيدة عن المناديل!
9696d79c68d7fade,TID_POPUP_CONFIRM_USE_RECIPE_TITLE,هل تريد استخدام تشكيلة الجيش؟
e23a0a56908e3b09,TID_GEAR_INFO_STONE_AMULET,ينشئ حاجزًا وقائيًا يقلل الضرر المتكبد موقتًا.
fe73c729f9be904f,TID_APRIL25_GTG_ABILITY_NAME,غضب العملاق
d9a53c7992634c5c,TID_SPECIAL_FTUE_TUTORIAL_DEFEND_4,حتى مبانيك لن تبقى مدمرة! فهي تصلح نفسها بشكل سحري.
d93d172c4fb35ea4,TID_ACHIEVEMENT_DESTROY_MULTI_ARCHER_TITLE,مُدمّر برج عصابة راميات السهام
e9f598dfd9031dc6,TID_GEAR_TITLE_STONE_AMULET,السروال المعدني
0092275ad9fdadef,TID_FORGE_UI_END_CRAFTING_POP_UP_CANCEL_TEXT,هل ترغب بالتأكيد في إلغاء هذا العمل في ورشة الصياغة؟ لن تسترد الموارد التي أنفقتها.
00fdab5ce24c68ac,TID_SPECIAL_TUTORIAL_STARTER_CHALLENGE_3,اربح ما يكفي من النقاط لفتح الجوائز!
ae1cf611ac519b64,TID_ATTACK_WARNING_SWAP_HERO_RECOVER_TEXT,لديك في جيشك بطل ما زال يتعافى ولا يمكنه القتال. لكن يتوفر بطل آخر. أتريد تبديل البطلين؟
f7e292f1dad915ed,TID_BOOSTER_FILL_GOLD2_STORAGE_INFO,املأ مخازن ذهب البنّاء بالكامل في قاعدة البنّاء.
e29fbf388ab944a5,TID_OPEN_CLAN_PROGRESS_EVENT,البدء
68b8e10b4b7d65a0,TID_CHARACTER_SUPER_DRAGON_RIDER,
4caa67b4ea27fd7c,TID_PET_RANGEDATTACKER_INFO,تصعق البومة الكهربية دفاعات العدو من مسافة بعيدة، وتحولها إلى تراب. تذكر أنها مغطاة بالريش؛ لذا وفّر لها حماية جيدة!
93c22fefcd52b1f4,TID_HINT HEROES_DIE,الأبطال خالدون، كيف؟ ولماذا؟ لا أحد يعرف!
6d14dc44f9b85fe4,TID_CLAN_PROGRESS_EVENT_BUTTON_CONTRIBUTE,المساهمة
c0960402fe467de1,TID_CLAN_PROGRESS_EVENT_WRONG_CLAN,أنت مشارك بالفعل في الحدث مع قبيلة مختلفة!
e2178798b0c09775,TID_BUTTON_USE_PRESET,استخدام
860dbf5d804f9f0a,TID_SCENERY_LNY2025_WOOD_YEARCYCLE,دورة الأعوام
802e31370fc25e85,TID_STARTER_PASS,تذكرة البدء
2ecd721013d8414f,TID_VILLAGER_STATUS_READY_MALE,جاهز للعمل!
ddad71ac18473f99,TID_SPECIAL_FTUE_TUTORIAL_3,الغيلان!؟ هذه قريتك أيها الزعيم. جهّز مدفعًا واهزمهم!
f26a0e1cb1afc4c9,TID_CLAN_PROGRESS_EVENT_INFO_TEXT_1,اربح الذهب مع قبيلتك من الهجمات والمستخرِجات وعربة الغنائم، وستحصل على نفس المبلغ من عملات الحدث.
0aaabaf72c23a7ab,TID_BUTTON_ADD_PRESET,احفظ الجيش باعتباره تشكيلة جديدة
6d67fbfcb54c03b1,TID_ARMY_PRESET_LOADED_FRIENDLY_ARMY,تم تعيين تشكيلة <army> باعتبارها الجيش الودي.
6dbf01162065a6b0,TID_PET_DIGGY_ABILITY_INFO,يخرج البنغول المدرع من مخبئه الاعتيادي تحت الأرض لصعق الدفاعات وتحطيمها.
e538179c1cfff0e6,TID_PRESET_CANT_LOAD_EMPTY,لا يمكن تحميل تشكيلة فارغة
ba1e626ad72048c7,TID_CLAN_PROGRESS_EVENT_END_COUNTDOWN,الوقت المتبقي لجمع الجوائز:
8b7153403fab2f99,TID_CLAN_PROGRESS_EVENT_TOP_CONTRIBUTORS,أفضل المساهمين
6c8135328f1ca6dc,TID_SPECIAL_TUTORIAL_ENTER_AGE_ALTERNATE_PATH,زعيم جديد يدخل الساحة!
25bffbf7d2a4bcbc,TID_ACHIEVEMENT_DESTROY_MULTI_GEAR_TOWER_COMPLETED,إجمالي الأبراج المتعددة العتاد التي تم تدميرها: <value>
a6e10dfa0a90c620,TID_SCENERY_LNY2025_WOOD_TRAIT2,مبدع
2008e4b6ab00e841,TID_CLAN_PROGRESS_EVENT_SUBTITLE,اربح عملات الحدث مع قبيلتك!
a89715a2f6b87139,TID_SPECIAL_REENG_TUTORIAL_LOOTCART_2,سيكون من المحزن عدم إنفاقها على الترقيات!
00f7fad7fca28af2,TID_SPECIAL_TUTORIAL_STARTER_CHALLENGE_1,ستمنحك تحديات المبتدئين الخبرة المطلوبة لتصبح بطلاً حقيقيًا!
44cebbeab409fc2f,TID_EDIT_ARMY_RECIPE_HEADER,تعديل التشكيلة: <army>
30a356d0bb60b48e,TID_CHARACTER_FIREMITE,عُثّ النار
525dc6016e1e12d6,TID_SPECIAL_FTUE_TUTORIAL_DEFEND_2,وسيجن جنون الجماهير! قتال رائع أيها الزعيم.
e2d7a83dacd06560,TID_SPECIAL_REENG_TUTORIAL_8,بعضهم ودود، لكن البعض الآخر... ليس كذلك. لذا، كن حذرًا!
e38ee9c7563fd002,TID_SPECIAL_REENG_TUTORIAL_LAB_UPGRADES_3,يمكننا بدء بحث آخر مباشرة إذا كانت لدينا الموارد اللازمة!
3abe8be6d3c1ee92,TID_SPECIAL_REENG_TUTORIAL_BUILDER_2,يا له من شخص لطيف!
a860b5aa9f8b1290,TID_BUTTON_ATTACK_COOLDOWN,الهجوم متوفر خلال:
72adee1cee80ea91,TID_SCENERY_LNY2025_FIRE_TRAIT1,شغوف
1cd35e5772f7ef5c,TID_SP_RECEIVED,تلقيت تذكرة البدء!
2e5e459f56500ec0,TID_ARMY_LOADOUT_SHARED_TO_CHAT,تمت مشاركة الجيش في الدردشة.
3836db1c70ab607b,TID_TUTORIAL_STARTER_CHALLENGE_3,افتح المزيد من تحديات المبتدئين بترقية قاعة مدينتك.
379a3e4a9a096803,TID_CLAN_PROGRESS_EVENT_INFO,اجمع الذهب مع قبيلتك من الهجمات والمستخرِجات وعربة الغنائم، وساهم بعملة الحدث لفتح الجوائز المشتركة.
ae9e63fe409d9651,TID_INFO_POP_UP_TOS_PP_TITLE_NEW_PLAYER,ملحوظة مهمة
66fb22929e8f3294,TID_SPECIAL_REENG_TUTORIAL_BUILDER_1,كان البنّاء منشغلاً أثناء غيابك.
0a106fe6101b48da,TID_CHARACTER_SIEGE_MACHINE_TROOP_CATAPULT,قاذفة القوات
3b4632066baf230c,TID_BOOST_HEALTH_PERCENTAGE,زيادة الصحة: <number>%
1db9d47f6895ef22,TID_INFO_POP_UP_TOS_PP_NOTE_NEW_PLAYER_ANDROID,لعبة Clash of Clans مجانية، ولكن يمكنك تسريع تقدمك في اللعبة بواسطة عمليات الشراء داخل التطبيق. (لتعطيل تلك الخاصية، عليك ضبط خاصية الحماية بكلمة المرور في إعدادات تطبيق متجر Google Play). بالضغط على زر 'القبول'، أنت تقبل شروط الخدمة.
df89acf8502178ed,TID_INFO_ATTACK_COOLDOWN,لا تزال قواتك تقاتل! يُرجى الانتظار قليلاً حتى انتهاء المعركة.
bf93811b66c2a801,TID_EVENT_TREASURE_HUNT_CHESTS_COLLECTED,المجمعة:
1d72bd6b73704f4b,TID_LNY25_KING,ملك الثعابين
b72ead2742987d9d,TID_SCENERY_FIRE_ICE,منظر النار والجليد
5ddc5a2f52cc2fa9,TID_CLAN_SEARCH_TOWN_LEVEL_DISCLAIMER_TEXT,مستوى قاعة المدينة مرتفع للغاية
7880fd5c328cf5ba,TID_ALCHEMIST_SOURCE_MULTIPLIER,الحد الأقصى لتحويل الموارد:
0151af20cf576d16,TID_BOOSTER_SUPER_POTION_INFO,لتعزيز إحدى القوات لتتحول إلى نسختها الخارقة لمدة 3 أيام!
fb20b98ad93d0d67,TID_DECO_APRIL_2025,لقب WWE
210f15b063fd99c7,TID_EVENT_TREASURE_HUNT_CHESTS_COMPLETE,تم جمع كل الصناديق!
a7f834ac42be85a4,TID_BUTTON_ARMY_PRESET_SAVE_HERE,حفظ الجيش
e9a6c9bf31c45ad1,TID_SCENERY_LNY2025_METAL_YEARCYCLE,دورة الأعوام
a584947d05fc8656,TID_WALL_WIZARD_NO_SELECTED_WALLS,لم تتبق جدران من هذا المستوى للإزالة من المنطقة المحددة.
1678f2f8217e9e79,TID_CREATOR_FOUNTAIN_DECO,نافورة الصانع
2f8873d51d364361,TID_SPECIAL_FTUE_TUTORIAL_TRAIN_3,هذا كل شيء! والآن، يمكنك إطلاق هؤلاء البرابرة وهزيمة المزيد من الأعداء الخضر.
e7b72958c56cc53d,TID_DECO_LNY_2025,مزار الثعبان
bd7088401ea29923,TID_VILLAGER_STATUS_READY_FEMALE,جاهزة للعمل!
cba3b460c83ee79f,TID_SCENERY_ACTION_HEROES,المنظر العسكري
bd0974b152be15dd,TID_SCENERY_LNY2025_METAL_TRAIT3,محنك
9d5fb5d953734037,TID_POPUP_CONFIRM_USE_RECIPE_TEXT_UNITS,لن يتم استخدام تشكيلة قلعة القبيلة لأن لديك تعزيزات بالفعل
75adfdb6b7abc2f3,TID_TAX_COLLECTOR,جامع الديون
a06de74fb02f1bc8,TID_UNABLE_TO_USE_GEARUP_FOR_MERGE,لا يمكن استخدام الدفاعات المصقلة لهذا الدمج.
522eeb8d4020ea91,TID_SCENERY_LNY2025_FIRE_TRAIT3,شجاع
8e9eacd6bb27fcea,TID_CLAN_PROGRESS_EVENT_INFO_TEXT_2,ساهم بعملات الحدث التي جمعتها مع قبيلتك للحصول على جوائز مشتركة.
5b5c75d421a1920b,TID_AGE_GATE_INFO,لماذا أرى هذا؟
165fb6f8a58bf894,TID_GEAR_INFO_TURBO_START,تزيد سرعة أمير المينيون ومداه وقوته في أول بضع هجمات.
c8de319116b9b591,TID_BUTTON_ALCHEMIST_CONVERT,التحويل
c4ef229653ddbf0e,TID_PET_ABILITY_SNEEZY,آتشو!
5ffdcbaa9657bb88,TID_INVALID_PLACEMENT_CAPITAL,انشر القوات في المنطقة المحددة!
74b695cbc271aff2,TID_SP_REWARD_LOCKED_NEED_PREMIUM,تحتاج إلى تذكرة البدء لفتح هذه الجائزة.
634a171d0531856e,TID_DONATION_RESOURCE_TITLE,مورد التبرع
d9acf681daaf96e8,TID_SPECIAL_FTUE_TUTORIAL_ELIXIR_STORAGE_2,فلنقم ببناء مخزن إكسير حتى نتمكن من تخزين الإكسير.
3419d06b56ff3581,TID_DECO_MILITARY_2025_SUPERDECO_RANGE,ميدان الرماية
05aa20a1e65a09f0,TID_SCENERY_LNY2025_WOOD_TRAIT3,متعمق
69354ffcfd370788,TID_PET_ABILITY_INFO_SNEEZY,تنشر قوات جوية داعمة عند العطس وتهاجم عند سقوط بطلها
a5e10f90e0a3c732,TID_BOOSTER_FREE_HERO_UPGRADE_INFO,لترقية أي بطل أو حيوان أليف إلى المستوى التالي على الفور. تعمل في كلتا القريتين!
4687b0ec71438457,TID_TUTORIAL_TRAIN_3,هذا كل شيء! والآن، يمكنك إطلاق هؤلاء البرابرة وهزيمة المزيد من الأعداء الخضر.
e72c9f67d3c4b6a0,TID_BOOSTER_BOOST_RESOURCES_INFO,لتعزيز كفاءة مستخرج الموارد لمدة <time> في القرية الأم.
c658000276658eaa,TID_APRIL25_GTG_ABILITY_HELP,ينفجر العملاق العملاق غضبًا مع زيادة في السرعة والضرر بعد أن يفقد نصف صحته القصوى.
a110ea857367304d,TID_SCENERY_LNY2025_FIRE_TITLE,النار
55f46c992979ed44,TID_CLAN_PROGRESS_EVENT_START_COUNTDOWN,يبدأ الحدث خلال:
8ec7d5c36286d108,TID_ACHIEVEMENT_DESTROY_ARTILLERY,تدمير <number> من مدفعية النسر أو المدفعية النارية في معارك متعددة اللاعبين
1969acc2d6dede5f,TID_REPAIR_CLAN_CASTLE_TITLE,أعِد بناء قلعة القبيلة
17098d12d6bd901a,TID_DECO_LNY_2025_MONK,تمثال الناسك
ddac807a6b08345c,TID_BOOSTER_BUILDERS_INFO,لتعزيز عمل البنّاء 10 أضعاف سرعته العادية لمدة <time> في القرية الأم. لن يتأثر تلميذ البنّاء.
d54fd8a98fa2cd8b,TID_BOOSTER_FINISH_SPELL_UPGRADE_INFO,لإنهاء ترقية أي تعويذة على الفور في القرية الأم.
de6507ea69df2d9a,TID_CHARACTER_INFO_FURNACE,الفرن لا يتحرك، لكنه ينشر عُثّ النار الذي يستهدف المباني مع مرور الوقت. تلك المخلوقات الصغيرة تترك بركًا من النار أينما ذهبت!
cd13e95d58071972,TID_ALCHEMIST_TUTORIAL,برّشة سحرية أستطيع تحويل مواردك إلى أنواع مختلفة.
32066f74fac183f6,TID_POPUP_CONFIRM_USE_RECIPE_TEXT_DONATION,لن يتم استخدام قلعة قبيلة التشكيلة لأن لديك طلب تبرعات جاريًا
8acfb975dcdf2cf0,TID_SPECIAL_REENG_TUTORIAL_LAB_UPGRADES_1,يصدر المعمل الكثير من الضجيج والانفجارات.
4e2030730e5e5acb,TID_OBSTACLE_APRIL25,حقيبة النقود
08f3cf98490689fa,TID_CHARACTER_ELECTROMITE_INFO,صغار لامعون ينتشرون عند إلحاق الأذى بالييتي الخارق، يصعقون أقرب مبنى ويتسببون في تفاعل متسلسل صاعق.
ac811167605e1c55,TID_ARMY_LOADOUT_COPIED_TO_DEVICE_CLIPBOARD,تم نسخ الجيش إلى حافظة الجهاز.
2a7b916e1e8d5e80,TID_SCENERY_LNY2025_FIRE_TRAIT2,مغامر
e999f83ccb72fe1b,TID_SAVING_CHANGES,جارٍ حفظ التغيرات
32daef8d23268073,TID_SPECIAL_FTUE_TUTORIAL_4,أرني مهاراتك! ضع المدفع واحمِ قاعة المدينة!
6962b35c3e0998dc,TID_SCENERY_LNY2025_STONE_TRAIT2,صبور
5b865e76f3eae74f,TID_POPUP_NOT_ENOUGH_RESOURCE_TITLE,لا توجد موارد كافية!
7ec42078f855b980,TID_SPECIAL_FTUE_TUTORIAL_ATTACK_NPC_1,سيدخل السحرة من صالة العاج الرياضية إلى المعركة! لنُسقط معسكر الغيلان!
3e2140c8c2b44736,TID_TUTORIAL_DEFEND_4,كان هناك ساحر حكيم يعيش في هذه الأرض، لذا ستقوم المباني بإصلاح نفسها بشكل سحري!
4f2cf373a905aa77,TID_FRIENDLY_CHALLENGE_SET_CASTLE_TROOPS_TEXT,ضع قوات قلعة القبيلة للدفاع عن قريتك في دفاعات التحدي الودي.
b86aa6f5a0ddd608,TID_STREAM_SHARED_ARMY,شارك تشكيلة جيش
05425869f22d9087,TID_SPECIAL_REENG_TUTORIAL_LOOTCART_1,يبدو أن أحدهم ترك غنيمته خلفه.
1147ae811cf9eea8,TID_SPECIAL_REENG_TUTORIAL_2,ستحتاج إلى كامل قوتك!
4104e02b199cc958,TID_WALL_WIZARD_NOT_ENOUGH_AVAILABLE_WALLS,تبقى أقل من <number> من الجدران المتاحة للتحديد.
21cdbeafbc7c1a41,TID_SPECIAL_FTUE_TUTORIAL_ELIXIR_2,يمكنك ضخ الإكسير من الأنابيب تحت الأرض. فلنقم بذلك!
82147efe4cc26ee6,TID_SPECIAL_REENG_TUTORIAL_7,أطلق الحاكم المتسلط رودز العنان لنجوم WWE!
2c312b3dfc4891df,TID_SPECIAL_REENG_TUTORIAL_ATTACK_1,ترحب قواتك بقدومك أيها الزعيم.
4be2548807410f8d,TID_TUTORIAL_STARTER_CHALLENGE_5,ستتلقى تحديات مبتدئين خلال طريقك إلى قاعة المدينة 7.
62a4be34390b5a68,TID_BUILDING_ARCHER_CANNON,البرج المتعدد العتاد
b90bb16dbe46bc72,TID_SPECIAL_FTUE_TUTORIAL_TRAIN_1,لندرب بعض القوات!
78780e05e4d4ad84,TID_NERF_HEALTH_PERCENTAGE,انخفاض الصحة: <number>%
778df719fe2945b5,TID_WALL_WIZARD_TOO_MANY_UPGRADES,يمكنك ترقية <number> من المباني فقط في المرة.
b57c78e8ae483f06,TID_SPECIAL_FTUE_TUTORIAL_GOLD_STORAGE_1,نحتاج أيضًا إلى مكان آمن لتخزين احتياطي الذهب.
762a4691693f8bbc,TID_SCENERY_LNY2025_METAL_TRAIT1,طموح
795d25c31fe38ff1,TID_SPECIAL_REENG_TUTORIAL_9,تفقد جيشك، ربما يكون أحد هؤلاء النجوم هنا بالفعل!
f593a956c44be2c4,TID_TUTORIAL_STARTER_CHALLENGE_1,لديّ لك بعض من تحديات المبتدئين.
b874b9a048d3658d,TID_ARMY_TRAINING_RENAME_LOADOUT_POPUP_TITLE,إعادة تسمية تشكيلة الجيش
42a2453c07583e5c,TID_SCENERY_LNY2025_STONE_TRAIT3,حكيم
d34c74f83b56a988,TID_SPECIAL_FTUE_TUTORIAL_WORKER_1,حركات رائعة! لنجعل هذه القرية مستعدة للقتال.
32e70ae5714f05c9,TID_SKIN_FEATURE_LIST_TITLE,يتضمن:
b7a1eb2e64b4a3c8,TID_APRIL25_TBRM_ABILITYINFO,يتوجه مباشرة نحو قاعة المدينة، ويعود من جديد مشتعلاً بالنيران عند هزيمته مع زيادة في الضرر وهالة نارية.
305670a45fdf5f85,TID_OFFER_DONT_MISS_ONE_TIME_OFFER,يمكن شراء هذا العرض مرة واحدة فقط خلال مدة العرض.
0cc7e8487dd2b171,TID_SPECIAL_REENG_TUTORIAL_1,أيها الزعيم، جئت في الوقت المناسب للحدث الرئيسي!
e974b825fec822ba,TID_EXTRA_LOOT_STOLEN_PERCENTAGE,غنيمة إضافية: <number>%
0ce1dd6d7cfd43d3,TID_GEM_BUY_CONFIRMATION,تم تلقي <cb3f357><amount></c> من الجواهر!
1c3fb96a557c4b19,TID_CHARACTER_INFO_SIEGE_MACHINE_TROOP_CATAPULT_SHORT,تطلق قذائف قوات لدعم جيشك.
12cf094e3e132cea,TID_CHARACTER_FURNACE,الفرن
41da2dce6fba19d5,TID_DECO_APRIL_GOBLINS_2025,غيلان المصارعة
1478399362baa5e7,TID_CHARACTER_INFO_SIEGE_MACHINE_TROOP_CATAPULT,تطلق هذه الآلة الثابتة قذائف من القوات وقوات قلعة القبيلة على حلفائك في المعركة لدعمهم. يمكن للقذيفة الواحدة حمل قوات متعددة، بما فيها قوة قلعة قبيلة واحدة. توجد قذائف محدودة فقط بداخلها؛ فاستخدمها بحرص.
6dfda71d0e6ed214,TID_SPECIAL_FTUE_TUTORIAL_ELIXIR_STORAGE_1,يمكن للمستخرج تخزين كمية صغيرة من الإكسير.
87386459b600e71e,TID_SCENERY_LNY2025_METAL_TRAIT2,مثابر
4a8370373b460748,TID_CLAN_PROGRESS_EVENT_RESOURCE,عملة حدث القبيلة
5bcbf7718e84875f,TID_SCENERY_LNY2025_FIRE_YEARCYCKLE,دورة الأعوام
ff22afb84923f406,TID_ICE_WARDEN,آمر الجليد
62ec762bbd17f155,TID_SPECIAL_FTUE_TUTORIAL_TOWN_HALL_2,استمر في الترقية، وسرعان ما سيظهر هؤلاء النجوم الودودون... أو... غير الودودين!
9e4d8b154394b93c,TID_SPECIAL_FTUE_TUTORIAL_ELIXIR_1,يُستخدم الإكسير لبناء المباني وترقيتها، وترقية القوات أيضًا.
92da8afd6a00ff12,TID_BOOSTER_FREE_SPELL_UPGRADE_INFO,لترقية أي تعويذة إلى المستوى التالي على الفور في القرية الأم.
56ad986b205b4df4,TID_ARMY_OVERVIEW_HINT_SPELLS_BUILD_SPELLFACTORY,قم ببناء مصنع السحر لفتح التعويذات
9655508eaf051c25,TID_HARD_MODE_DESC,تلحق الدفاعات ضررًا إضافيًا بنسبة 20%. تزيد صحة الأبطال المدافعين وضررهم بنسبة 20%. تقل صحة الأبطال المهاجمين وضررهم بنسبة 10%. الحد الأقصى للمعدات الشائعة هو المستوى 15، أما الحد الأقصى للمعدات الممتازة، فهو المستوى 21.
cfeb2db760bc9d0a,TID_CHARACTER_ELECTROMITE,العُثّ الكهربائي
bb2b92e7f688a9d5,TID_SPECIAL_REENG_TUTORIAL_LAB_UPGRADES_2,لنرَ ما قام به هؤلاء السحرة المجانين!
757bb32540dbf15c,TID_MILITARY_CHAMPION,بطلة القنص
0a32c6475c178eba,TID_DIAMOND_FOUND,عثرت على <cb3f357>جوهرة</c> في <name>!
3339ffcc3bed3848,TID_MILITARY_QUEEN,الملكة سريعة الإطلاق
22e765b55910eb57,TID_DIAMONDS_FOUND,عثرت على <cb3f357><number> من الجواهر </c>في <name>!
bdaee6a74cc34ffb,TID_CHARACTER_INFO_APRIL25GTG,يهاجم العملاق العملاق الدفاعات، ويضربها بقوة 10 عمالقة، لإلحاق ضرر انتشاري هائل. آه! إذا خسر نصف صحته القصوى، فسيغضب أكثر وتزداد سرعته وقوته.
fd10ec3f6f760c42,TID_ACHIEVEMENT_DESTROY_RICOCHET_CANNON_TITLE,ساحق المدفع الارتدادي
3e74dbaabc882204,TID_SCENERY_LNY2025_WATER_YEARCYCLE,دورة الأعوام
f253fa07b664dbd2,TID_BUTTON_SAVE_CURRENT_RECIPE,حفظ التشكيلة الحالية
2e324a38bfaa4e7c,TID_AVATAR_MESSAGE_SUBJECT_GEM_DONATION,تلقيت <cb3f357><amount> من الجواهر</c>
ae184dcf988370d5,TID_STARTER_PASS_PURCHASE_INFO,ابدأ مغامرتك في Clash مع تذكرة البدء، واربح الجوائز أعلاه والمزيد.
b748e8bf3579e342,TID_GEAR_INFO_TRAP_SHIELD,
4ac24941237ccdce,TID_TUTORIAL_TRAIN_BARBARIANS_HINT,درّب <number> من البرابرة
11ba0dc84ef393e5,TID_BOOSTER_CLOCKTOWER_INFO,لتفعيل تعزيز جرعة برج الساعة لمدة <time>. تعمل في قاعدة البنّاء!
36c6390702de693e,TID_SCENERY_LNY2025_STONE_TITLE,الأرض
f45b1e36a0d72687,TID_CLAN_PROGRESS_EVENT_NOT_IN_CLAN,انضم إلى قبيلة للمشاركة في الحدث!
c2a36a8952b5bf36,TID_BUILDING_ARCHER_CANNON_INFO_SHORT,السرعة؟ أم المدى؟ القرار لك!
a4c2e2d588c9e2f5,TID_CLAN_EVENT_LEADERBOARD_TITLE_ALT,يبدأ قريبًا
de617359481f549a,TID_CHARACTER_INFO_APRIL25BLTM,إنها الأهم! تُركِّز مُفَكِّكة الدفاعات هجماتها على الدفاعات بضربات حاقدة بمضربها وتتعامل مع الجدران بسهولة من خلال القفز فوقها مباشرة. يجب القضاء عليها 3 مرات قبل أن تُهزم فعلاً. حقًا، إنها قوية!
7c39b984a7cfbaec,TID_BOOSTER_HERO_POTION_HERO_UPGRADING,تعذر تعزيز الأبطال. الأبطال المؤهلون قيد الترقية!
f84eb1688bc0ade1,TID_APRIL25_RRBL_ABILITYNAME,رمي القبيلة
b012d967a79dc262,TID_INFO_POP_UP_TOS_PP_BUTTON1_NEW_TOS,القبول
ea449d34278c02a3,TID_WALL_WIZARD_NO_AVAILABLE_WALLS,لم تتبق جدران من هذا المستوى للإضافة إلى المنطقة المحددة.
bdb707f9d43b0557,TID_ATTACK_WARNING_SWAP_HERO_UPGRADE_TEXT,لديك في جيشك بطل ما زال قيد الترقية ولا يمكنه القتال. لكن يتوفر بطل آخر. أتريد تبديل البطلين؟
b51dac6ea0a18b69,TID_SCENERY_LNY2025_WATER_TITLE,المياه
be30e7e3e10a3d31,TID_GEAR_ACTION_FIGURE,مجسّم شخصية
ea494bf1725e65b4,TID_ERROR_CANT_SAVE_EMPTY_ARMY,لا يمكن حفظ جيش فارغ
371a397540ec12bb,TID_BOOSTER_HERO_POTION_INFO,لتعزيز جميع الأبطال والحيوانات الأليفة للوصول إلى الحد الأقصى المسموح به في قاعة المدينة لمدة <time>. تعمل في كلتا القريتين!
c1be552dab30f711,TID_TUTORIAL_STARTER_CHALLENGE_2A,اربح ما يكفي من النقاط لفتح جوائز!
2b8e12b0fb4cbdfe,TID_MILITARY_WARDEN,الآمر الصاروخي
54564072b3efbb56,TID_BOOSTER_MOVE_OBSTACLE_INFO,اجعل عنصرًا واحدًا قابلاً للتحريك بشكل دائم. تعمل في كلتا القريتين!
66f678e24268a3f3,TID_INFO_POP_UP_TOS_PP_BUTTON1,القبول
1e78cac033281b54,TID_ARMY_OVERVIEW_HINT_SIEGE_BUILD_WORKSHOP,قم ببناء الورشة لفتح آلات الحصار
39ea0051eadf62a8,TID_BOOSTER_FINISH_ANY_UPGRADE_INFO,لإنهاء أي ترقية فورًا. يعمل في كلتا القريتين!
32b028942deeb2c4,TID_CLAN_PROGRESS_EVENT_AMOUNT_LABEL,العدد المجموع
64b42d1c9d08a5ed,TID_ACHIEVEMENT_DESTROY_ARTILLERY_COMPLETED,إجمالي مدفعيات النسر أو المدفعيات النارية المُدمرة: <value>
1c460357fc936e65,TID_BUTTON_TRAINING_CREATE_NEW_PRESET,إنشاء جديد
ead2624e86fdb313,TID_BOOSTER_FINISH_BUILDING_UPGRADE_INFO,لإنهاء أي ترقية مبنى فورًا. يعمل في كلتا القريتين!
ad24e5dd923a7c7d,TID_CLAN_EVENT_CURRENCY_REQUIREMENT,تحتاج قبيلتك إلى المساهمة بـ <num> من عملة الحدث الإضافية لربح هذه الجائزة.
a698b47051bd9d73,TID_APRIL25_BLTM_ABILITYNAME,لحظة المجد
5de91d96218b68e1,TID_CHARACTER_SUPER_DRAGON_RIDER_INFO,
86730b9f9e935c83,TID_SPECIAL_FTUE_TUTORIAL_TOWN_HALL_1,مع كل هذا الذهب، يمكننا ترقية قاعة المدينة، ما سيفتح مبانٍ جديدة في المتجر.
297cd7f3af4e084e,TID_BOOSTER_FINISH_HERO_UPGRADE_INFO,لإنهاء ترقية أي بطل أو حيوان أليف فورًا. يعمل في كلتا القريتين!
fd25f802fc418ec9,TID_CLAN_PROGRESS_EVENT_REWARD_CLAIM_FAILED,شارك مرة واحدة على الأقل لتربح الجوائز
e35d07926c1a87a4,TID_APRIL25_BLTM_ABILITYINFO,تزداد السرعة والضرر في أول 20 ثانية، ويجب هزيمتها 3 مرات قبل أن تُهزم تمامًا.
2e7738f295d2ccf5,TID_SETTING_GROUP_ATTACK,إعدادات اللعب
94bb52edeb7b7aa6,TID_SPECIAL_TUTORIAL_STARTER_CHALLENGE_4,افتح المزيد من تحديات المبتدئين من خلال ترقية قاعة مدينتك.
33b75accf8041581,TID_WALL_WIZARD_BUTTON_REMOVE_WALL,إزالة جدار
97ffaebd745da355,TID_ATTACK_WARNING_NO_HEROES_ASSIGNED,جيشك ينقصه أبطال
c39dd3bc151c3a39,TID_ACHIEVEMENT_DESTROY_MULTI_ARCHER_COMPLETED,إجمالي أبراج عصابة راميات السهام التي تم تدميرها: <value>
b3c3d08f2aeba1ea,TID_BUILDING_ARCHER_CANNON_INFO,البرج المتعدد العتاد مزيج قوي من دفاعين تقليديين. اختر وضع الهجوم الذي يناسبك، وأطلق العنان للدمار. يستهدف الوحدات الجوية والأرضية.
99fc631f01de0a35,TID_FORGE_UI_END_CRAFTING_POP_UP_CANCEL_TITLE,أتريد إلغاء العمل؟
a3b138c4d8de0fc7,TID_CLAN_PROGRESS_EVENT_MAX_CONTRIBUTORS,وصلت هذه القبيلة إلى الحد الأقصى من عدد المساهمين.
73254783ab28cfaf,TID_WALL_WIZARD_BUTTON,ترقية المزيد
917d90ae05cb0d1d,TID_TRAINING_TAB_TITLE_PRESETS,تشكيلات الجيش
84a21bb9c66d424a,TID_ARMY_TAB_ARMY,الجيش
ce99978bd0fa3fcd,TID_WALL_WIZARD_TITLE,<building> x <number>
aa0280b9705351b9,TID_CHARACTER_INFO_SUPER_YETI,هذا الييتي المقنع الغامض مشحون لأقصى حد! ينطلق أصدقاؤه الكهربائيون الصغار للقتال عندما يتعرض للضرر ويصعقون أقرب مبنى لإلقاء تفاعل متسلسل مدمر.
b8ecfd21f3832977,TID_CLAN_PROGRESS_EVENT_TITLE,حدث القبيلة
bf304cf1ecf59b1e,TID_SPECIAL_TUTORIAL_STARTER_CHALLENGE_2,أنجز أحدها لربح النقاط.
2ee990b1f9407d32,TID_LNY25_QUEEN,ملكة الثعابين
1fbdd82f4491650a,TID_PET_DIGGY_INFO,البنغول المدرع انطوائي ويقضي معظم وقته مختبئًا تحت الأرض. أما في وقت المعارك، فيؤدي دوره كما يجب لمساعدة بطله والهجوم على المباني. في حال القضاء على بطله، سيجد بطلاً آخر لدعمه.
a4657062197652d1,TID_ACHIEVEMENT_DESTROY_RICOCHET_CANNON,دمر <number> من المدافع الارتدادية في المعارك متعددة اللاعبين
c94e57cf05e62a61,TID_GEAR_DARK_CROWN,تاج الظلام
5455e37321965b6e,TID_SPECIAL_REENG_TUTORIAL_BUILDER_4,ألق نظرة على قائمته إذا احتجت إلى بعض الأفكار!
1312c83e1783b30f,TID_INFO_POP_UP_TOS_PP_NOTE_ANDROID,لعبة Clash of Clans مجانية، ولكن يمكنك تسريع تقدمك في اللعبة بواسطة عمليات الشراء داخل التطبيق. (لتعطيل تلك الخاصية، عليك ضبط خاصية الحماية بكلمة المرور في إعدادات تطبيق متجر Google Play). بالضغط على زر 'القبول'، أنت تقبل شروط الخدمة وسياسة الخصوصية لدينا.
a480efd379cb8fd1,TID_BOOSTER_FILL_DARK_ELIXIR_STORAGE_INFO,املأ مخازن إكسير الظلام الخاصة بك بالكامل في القرية الأم.
65c737de2c2b11b7,TID_LNY25_CHAMPION,بطلة الثعابين
7e4b63ae0a7666fe,TID_HERO_INSTRUCTIONS_MINION_HERO,أمير المينيون أو أمير الظلام، كما يلقب نفسه، لا يعرف المزاح. يحلّق أمير المينيون في السماء، ويلحق الضرر بأهدافه بالسحر الأسود. عند اتخاذه وضع الدفاع، لا يمكن الهجوم عليه إلا من قبل الوحدات الجوية والبعيدة المدى.
18a90d4deaff1ae1,TID_PET_FROSTY_ABILITY_INFO,ينتج عددًا من كريات الصقيع على الدفاعات المجاورة كل مدة معينة.
e89c9d79768a7bd0,TID_SPECIAL_REENG_TUTORIAL_6,مرحبًا بعودتك أيها الزعيم! حدث الكثير أثناء غيابك.
f3f8360bf7766016,TID_ACHIEVEMENT_REWARD_CLAIMED,اكتمل الإنجاز! حصلت على <cb3f357><number> من الجواهر.</c>
f1ea6460d7f1fdf6,TID_CHARACTER_SUPER_YETI,الييتي الخارق
5e9df33b5299bd57,TID_HINT_BOOST_SPELLS,اصنع التعويذات في مصنع السحر واجعل جيشك أقوى بكثير.
790de16f00e5454b,TID_BOOSTER_FREE_TROOP_UPGRADE_INFO,لترقية أي قوات إلى المستوى التالي على الفور. تعمل في كلتا القريتين!
6eea947ebc494747,TID_INFO_POP_UP_TOS_PP_NOTE,قمنا بتحديث شروط الخدمة. اضغط على \qالقبول\q للموافقة على الشروط الجديدة ومواصلة اللعب.
20014d0cecbfeeb7,TID_ARMY_PRESET_LOADED,تم إعداد تشكيلة <army> باعتبارها جيشًا فعالاً!
10c392fc367a19f7,TID_PRESET_CANT_SHARE_EMPTY,لا يمكن مشاركة تشكيلة فارغة
06c3eb84cbce3142,TID_SPECIAL_TUTORIAL_ATTACK_NPC_BUTTON,هجوم
9438cba3115a8081,TID_INFO_POP_UP_TOS_PP_NOTE_OLD_PLAYER,قمنا بتحديث شروط الخدمة. اضغط على 'القبول' لقبول الشروط الجديدة ومواصلة اللعب.
b591fb34fba01da8,TID_SPECIAL_REENG_TUTORIAL_ATTACK_3,لندرب جيشًا قويًا!
8e15aad5535a98a3,TID_BP_PERK_CLAN_CASTLE_REQUEST_COOLDOWN_DESC,تم تقليل وقت انتظار طلب قوات قلعة القبيلة بمقدار <num>%
fb3cfed897443d4e,TID_STARTER_PASS_SHOP_ITEM_SUBTITLE,متاحة حتى قاعة المدينة 7
2d7f1d9687ccbd84,TID_SETTINGS_LEGENDARY_LOADING,
f459da828bc807d3,TID_PRESET_ALREADY_LOADED,تم تحميل التشكيلة بالفعل
e0519b3a6af3c19c,TID_BOOSTER_HERO_POTION_PET_UPGRADING,تعذر تعزيز الأبطال. الأبطال المؤهلون بلغوا الحد الأقصى أو قيد الترقية، والحيوانات الأليفة المتأثرة قيد الترقية!
af596be009fb4e67,TID_ARMY_LOADOUT_UNLOCK_WITH_TH_LEVEL,تفتح تشكيلات الجيش عند قاعة المدينة من المستوى <number>!
44d68c161c142006,TID_VILLAGER_ALCHEMIST_UPGRADE_INFO,الحد الأقصى الجديد لتحويل الموارد:
0053ec7794ddbe05,TID_CHARACTER_INFO_FIREMITE,مخلوقات سريعة وفضولية صغيرة ذات صحة منخفضة ورغبة ملحة في استكشاف المباني! كل ما يريدونه هو مكان دافئ للاختباء، لكنهم يتركون بركًا من النار حيثما ذهبوا، ما يسبب ضررًا تدريجيًا لهدفهم مع مرور الوقت.
e6e5dcfa67a66924,TID_CHARACTER_APRIL25RRBL,ييتير
0507eb4aea80197f,TID_ICE_CHAMPION,بطلة الجليد
6d1310c5267d778c,TID_WALL_WIZARD_CANT_AFFORD_WALLS,الجدران الإضافية تتجاوز سعة مواردك.
338da6bc5431a147,TID_SCENERY_LNY2025,عام الثعبان
dd555c1aa5fc9fcf,TID_DECO_JAPAN_2025,البوابة العريقة
5d63631cd278eed7,TID_BUTTON_OPEN_LABORATORY,فتح المعمل
429e7b5e123d9175,TID_ALCHEMIST_APPRENTICE_INFO,تساعد الخيميائية في تحويل الموارد إلى أنواع مختلفة. تعمل مرة في اليوم. ارفع مستواها لتعزيز كفاءتها.
c4759f0b09bd842a,TID_PET_SNEEZY_INFO_SHORT,تنشر القوات الجوية عند العطس لامتصاص الضرر، آتشووو!
a91022ef18041ad0,TID_GET_STARTER_PASS_TITLE,شراء تذكرة البدء
b63303f7f3fd542d,TID_BUILDING_ARCHER_CANNON_LONG_RANGE_CONFIG,البرج المتعدد العتاد الطويل المدى
b96c206e6053cd10,TID_TUTORIAL_ELIXIR_1,يُستخدم الإكسير لبناء المباني وترقيتها، وأيضًا ترقية القوات.
6755ed5039b30a19,TID_SCENERY_LNY2025_WATER_TRAIT3,اجتماعي
9c4f0e6589e362c6,TID_INFO_FRIENDLY_FREE_FRIENDLY_CC,التعزيزات مجانية للهجمات الودية!
8665cfdcfd8aa364,TID_LNY25_PRINCE,أمير الثعابين
f6e7088f2bc00d65,TID_SUPER_YETI_ABILITY_HELP,يتسبب العُثّ الكهربائي في تفاعل متسلسل صاعق عند تدمير الييتي الخارق.
1f265be9294028e0,TID_SNEEZY_SPAWN,البوجر
8f001e7af094c473,TID_BUTTON_SETTINGS_CHEST_DROPRATES,احتمالات جوائز الصناديق
9a87fa4b670652cd,TID_FIRE_KING,ملك النار
39784ab4f09917c2,TID_BOOSTER_FILL_ELIXIR2_STORAGE_INFO,املأ مخازن إكسير البنّاء بالكامل في قاعدة البنّاء.
eb61e030b5df0bbb,TID_BOOSTER_FILL_ELIXIR_STORAGE_INFO,املأ مخازن الإكسير الخاصة بك بالكامل في القرية الأم.
7d8d8d1010ea610d,TID_SPELL_FACTORY_VOUCHER_CLAIM_FAILED_CONDITIONS_NOT_MET,غير مؤهل للمطالبة بقسيمة
14deb0ecbfcf46cb,TID_SPECIAL_REENG_TUTORIAL_BUILDER_3,لديه أيضًا أفكار عمّا سيقوم به بعد ذلك.
97d362cd9e6ddad0,TID_BUNDLE_GEMS_CONFIRMATION,تلقيت <cb3f357f><amount> من الجواهر!</c>
a77f6f25b607fe76,TID_CHARACTER_APRIL25BLTM,مُفككة الدفاعات
af05f603213073c2,TID_POPUP_CONFIRM_DELETE_RECIPE,هل تريد حذف التشكيلة؟
d36d0265f7f55bf0,TID_SPECIAL_FTUE_TUTORIAL_CHANGE_NAME,إنك منافس قوي أيها الزعيم! ماذا ستطلق عليك كتب التاريخ؟
e47a96206738bff8,TID_REQUEST_NOT_IN_ALLIANCE,تحتاج إلى الانضمام إلى قبيلة للحصول على التعزيزات
6f08d91726111675,TID_PET_SNEEZY_INFO,أنفها مسدود ومحمّل! تقف عطّوسة خلف بطلها بسبب الحساسية وتنشر البوجر الدفاعي الجوي عند العطس والذي يستهدف المباني. تشن عطّوسة الهجوم عند سقوط بطلها!
7b13da0a2d17fce6,TID_SCENERY_LNY2025_STONE_YEARCYCKLE,دورة الأعوام
28d4fea827eb2b9d,TID_BOOSTER_FILL_GOLD_STORAGE_INFO,املأ مخازن الذهب الخاصة بك بالكامل في القرية الأم.
b642d3d59ff2b9b2,TID_DECO_LNY_2025_COOKIE,كعك الحظ
46bfb574c67bc8d4,TID_DECO_APRIL_2025_SUPERDECO,عجلة المفاجآت
2f4de9558a0e6949,TID_INFO_DAMAGE_MULTIPLIER_TARGET,الضرر الإضافي إلى:
b0278aeccd7e9ddc,TID_SPECIAL_REENG_TUTORIAL_10,لتبدأ الإثارة!
aea2b713db69c780,TID_CHARACTER_TRIBAL_TAG_TEAM,الفريق الثنائي القبلي
0d01980349a37af7,TID_VILLAGER_ALCHEMIST_INFO_ITEM1,تحوّل الخيميائية الموارد في مخزونك إلى نوع موارد آخر بسرعة.
772b6161b2a8fcb0,TID_PET_SNEEZY,عطّوسة
8c3f3c74dc0d5c4a,TID_ACHIEVEMENT_DESTROY_FIRESPITTER,دمر <number> من قاذفات اللهب في معارك متعددة اللاعبين
dc516de51008630b,TID_INFO_POP_UP_TOS_PP_NOTE_NEW_PLAYER,لعبة Clash of Clans مجانية، ولكن يمكنك تسريع تقدمك في اللعبة بواسطة عمليات الشراء داخل التطبيق. (يمكنك تعطيل تلك الخاصية في إعدادات جهازك). بالضغط على زر 'القبول'، أنت تقبل شروط الخدمة.
9b62fc1fe6cb4ebd,TID_SPECIAL_FTUE_TUTORIAL_2,سيظهر هؤلاء النجوم في قريتك قريبًا. لذا دعهم يرونك الطريق...
631bb9ed0dfe8667,TID_CHARACTER_TRIBAL_TAG_TEAM_INFO,لا تحتاج إلى الحجم عندما تكمن القوة في العدد! يلقى ييتير هذا الرباعي القتالي في المعركة عند نشره، فيقومون بمهاجمة كل شيء يقف أمامهم بأيديهم الصغيرة والقوية!
6f8be3b6d3c1bc67,TID_BOOST_MAX_HEALTH_PERCENTAGE,زيادة الصحة القصوى: <number>%
31867e38e20ae78c,TID_OFFER_DONT_MISS_ONE_TIME_OFFER_VALUE,يمكن شراء هذا العرض مرة واحدة فقط خلال مدة العرض. تمثل <cffec78>قيمة <value>X</c> المضاعف بناءً على سعر الجواهر النظري للعناصر المتضمنة.
6ca5e18d7c873513,TID_BUTTON_TRAINING_ADD_CC,الإضافة
b6213dfbbfaaf04d,TID_SCENERY_LNY2025_WOOD_TITLE,الخشب
7b8af32900e7996a,TID_BOOST_MAX_DAMAGE_PERCENTAGE,زيادة الضرر القصوى: <number>%
1684194504551f47,TID_TREASURE_HUNT_INFO_TEXT_3,اجمع حتى <number> من الصناديق خلال الحدث. سيتوفر <number2> من الصناديق الجديدة كل <number3> س.
22595d77f47f4cf4,TID_MILITARY_PRINCE,الجنرال مينيون
a117a1f93fbdfc14,TID_SCENERY_LNY2025_METAL_TITLE,المعدن
d48d55987e1a84f0,TID_GEAR_INFO_DARK_CROWN,يعزز الصحة والضرر ثلاث مرات إجمالاً عندما تتم هزيمة الحلفاء.
6ba38eba5188b074,TID_CHARACTER_APRIL25TBRM,كين
8e3cbd0e7f1f9faf,TID_POPUP_CONFIRM_DELETE_RECIPE_TEXT,هل تريد بالتأكيد حذف هذه التشكيلة؟
5dffd249ca7abd57,TID_SCENERY_LNY2025_WATER_TRAIT1,مُبالٍ
dce37fbef0ec6d66,TID_ACHIEVEMENT_DESTROY_RICOCHET_CANNON_COMPLETED,إجمالي المدافع الارتدادية التي تم تدميرها: <value>
e4706d6fa5b68b89,TID_BOOSTER_WALL_UPGRADE_INFO,لترقية قطعة جدار فورًا. قد تتطلب بعض الجدران من المستويات الأعلى خواتم متعددة للترقية. يتطلب بنّاءً متفرغًا. يعمل في كلتا القريتين!
71dbafd8db21120f,TID_PRESET_CANT_LOAD_MISSING_HEROES,لم تُخصص جميع مواضع الأبطال في التشكيلة!
f3e6c987bae578c6,TID_ARMY_IMPORT_CONFIRM,تم حفظ الجيش المشترك في <recipe>
11a8af78c3500c52,TID_ACHIEVEMENT_DESTROY_MULTI_GEAR_TOWER,دمر <number> من الأبراج المتعددة العتاد في معارك متعددة اللاعبين
dcc96f427cf866b3,TID_SHOP_MERGE_BUILDING_DISCLAIMER_NON_GEARED,سيتم دمج المبنيين في هذا المبنى الجديد، ويجري استخدام مبان غير مصقلة. يتعذر التراجع عن هذا الإجراء.
f9434dcc138f2c61,TID_GEAR_TITLE_TRAP_SHIELD,
cb5f88688927f85d,TID_CLAN_EVENT_LEADERBOARD_INFO,اجمع الذهب مع قبيلتك من الهجمات والمستخرِجات وعربة الغنائم، وستكسب نفس المبلغ من العملة الخاصة بالحدث خلال الحدث. ساهم بعملة الحدث مع قبيلتك لفتح الجوائز المشتركة.
eae2ec60e9d97af1,TID_SP_REWARD_LOCKED_NOT_ENOUGH_POINTS_AND_NEED_PREMIUM,يلزم <num> من النقاط الإضافية وتذكرة البدء لفتح هذه الجائزة.
917e1ee593cef267,TID_AGE_GATE_DESCRIPTION,لعبة Clash of Clans لعبة لكل الجماهير. نحتاج إلى معرفة عمرك لضمان استمتاعك بأفضل تجربة ممكنة.
b9a4ffce707dba1e,TID_OBSTACLE_APRIL25,
e5cb49601047c76c,TID_BUILDING_SUN_BEAM_INFO,
168a12add4a928bb,TID_STARTERARMY_TH05_WIZARD_RUSH,قاعة المدينة 5 - غارة السحرة
8544d06403bd48ac,TID_CREATORARMY_TH17_FURNACEQUAKE,زلزال الفرن
43a13cfc3674a9dd,TID_HINT_REQUEST_REINFORCEMENTS_FOR_YOUR_CC_SLOT,<cffcd443d>اطلب أو أضف تعزيزات لجيشك.</c>
ad4322350a433fe5,TID_SPECIAL_FTUE_TUTORIAL_ELIXIR_1,يُستخدم الإكسير لبناء المباني وترقيتها، ويستخدم في ترقية القوات.
94176cc254e88299,TID_BUILDING_SUN_BEAM,
8914cc65ae650d0f,TID_ICE_BLOCK_SPELL_INFO,إستراتيجية دفاعية تثير الرعشة!\n\nاستخدم هذا الاختراع الرائع لتغليف قواتك البرية والجوية بالجليد الذي يحجب معظم الضرر تقريبًا، ولكنه سيجمد حركتها وهجومها.
e10a79d085a9ca77,TID_SEASONAL_DEFENCE_INFO_ITEM_2,ضع إستراتيجيتك من خلال <cffcc33>اختيار الوحدات المراد ترقيتها</c>. ستقوم الدفاعات المُصنّعة بالدفاع حتى خلال الترقية.
b00d9573133a5926,TID_STARTERARMY_TH12_GO_GO_WITCHES,قاعة المدينة 12 - الساحرات الصخريات
2b47f8956138d7c6,TID_BUILDING_SEASONAL_PLATFORM_INFO,يمكنك بناء دفاعات مُصنّعة وترقية إحصاءاتها كما ترغب. تدوم الدفاعات المُصنّعة حتى انتهاء مرحلة التصنيع. ستحل الدفاعات الجديدة محلها في المرحلة التالية! جرّب دفاعات جديدة، وقد تجد دفاعك المفضل الجديد.
f280e78f5a04e6fb,TID_DECO_CLASHARAMA_TABLE_2025,مقعد الحفلات
12013cf4957b394b,TID_UNLOCK_UTIL_REQUIRED_BLACKSMITH_LEVEL,يتم الفتح من خلال <cffcd443d>ترقية الحداد إلى المستوى <number></c>.
787dcb6aaba2a4e7,TID_UNLOCK_UTIL_REQUIRED_SIEGE_WORKSHOP_UPGRADE,يتم الفتح من خلال <cffcd443d>ترقية الورشة إلى المستوى <number></c>.
84c1069688ca3d93,TID_REENGAGEMENT_ATTACK_3,درّب جيشًا قويًا وعُد إلى القتال.
5f74167fdd15146c,TID_STARTERARMY_TH11_LAVALOON_2,قاعة المدينة 11 - البالون الساخن 2.0
b4edf82801bcf32c,TID_DECO_CLASHARAMA_EP01_SUPERDECO,منحوتة Clash
2ca79ee60d65a797,TID_DECO_CLASHARAMA_SODASTAND_2025,كشك الصودا
8f0bcdab7cbe93b6,TID_STARTERARMY_TH17_FURNACES,قاعة المدينة 17 - الحشد
03c81a8227a66193,TID_DARKDAYS_KING,البربري الجزار
58c1b3903e441c68,TID_BUTTON_GUIDE,الدليل
c6c3eda397b5b386,TID_CLANGAMES_TASK_USE_SUPER_YETIS,مقاوم للصدمات
2c6de9d4df501ba0,TID_TUTORIAL_ELIXIR_STORAGE_2,لنقم ببناء مخزن إكسير حتى لا نضيّع قطرة واحدة.
e6f16929eb4a5a3b,TID_APRIL25_QUEEN,ملكة الوحشية
7cc55b2e25359160,TID_STARTERARMY_TH17_THROWERS,قاعة المدينة 17 - الرمح المتجمد
7b34be8dfad55504,TID_UNLOCK_UTIL_REQUIRED_HERO_HALL_AT_LEVEL,يتم الفتح من خلال <cffcd443d>بناء قاعة أبطال</c> و<cffcd443d>الترقية إلى المستوى <number></c>.
add327e3d9f9ab96,TID_STARTERARMY_TH15_ELECTROTITAN,قاعة المدينة 15 - المهاجمون الكهربائيون
b37b21aed183ebe8,TID_UNLOCK_UTIL_REQUIRED_SIEGE_WORKSHOP_BUILDING_AT_LEVEL,يتم الفتح من خلال <cffcd443d>بناء ورشة</c> و<cffcd443d>الترقية إلى المستوى <number></c>.
53c36dcea36d456e,TID_CLANGAMES_TASK_USE_SUPER_BOWLERS,دقة الرمية
c58d4d55818b2369,TID_STARTERARMY_TH07_MAGIC_HOGS,قاعة المدينة 7 - الخنازير السحرية
41027bd73190301e,TID_HINT_NOT_ALL_HERO_SLOTS_USED,<cffcd443d>حدد المزيد من الأبطال</c> لاستخدام المساحة المتوفرة بالكامل.
13b7faf37c06c97d,TID_APRIL25_PRINCE,الأمير ميستيريو
eef439b059c891cf,TID_SEAONAL_DEFENSE_SUN_BEAM_MODULE_ATTACK,
c408c5af228522af,TID_TUTORIAL_WORKER_1,أنفق الذهب الذي تجمعه على المباني والترقيات. ما عليك إلا البناء والقتال، الأمر سهل للغاية.
2b82605addbae328,TID_GAMES_REWARDS_TEXT,عندما تنتهي مباريات القبيلة، يكون الوقت قد حان للاستمتاع بالجوائز. تأتي الجوائز في عدة مستويات مختلفة تفتح عند جمع قبيلتك للنقاط من التحديات المكتملة. كل من يشارك في مباريات القبيلة بإكمال تحدٍ واحد على الأقل يصبح مؤهلاً لاختيار جائزة واحدة من كل مستوى جوائز. ارفع مساهماتك من النقاط إلى الحد الأقصى، وستحظى بفرصة اختيار جائزة إضافية عند انتهاء مباريات القبيلة. ستختفي الجوائز غير المطالب بها بعد 7 أيام.
4991c801f9d34b13,TID_SETTINGS_DATA_EXPORT_COPY_NOTIFICATION,تم نسخ بيانات القرية إلى حافظة الجهاز.
4d624140b2c04faa,TID_STARTERARMY_TH17_DRAGONS,قاعة المدينة 17 - الغضب المجنح
b7419e59cfd718fa,TID_JAPAN_CHAMPION,النينجا الملكية
d89b15283354b24f,TID_TUTORIAL_GOLD_STORAGE_1,هيا نبني مكانًا مناسبًا لتخزين ذهبنا أيضًا.
d55602b37a1ce578,TID_BUTTON_UPGRADE_MODULE_ONE,ترقية الوحدة واحد
12b69740d52fcf2d,TID_SCENERY_JAPAN25,منظر أعالي البحار
bcbe46138a55390d,TID_UNLOCK_UTIL_HERO_SLOT_REQUIRES_HERO_HALL_UPGRADE,افتح موضع البطل <slot> من خلال <cffcd443d>ترقية قاعة الأبطال إلى المستوى <number></c>.
6ceef3692841ab5c,TID_TUTORIAL_TRAIN_1,والآن لندرب بعض القوات!
95c512b99ac1d7ff,TID_STARTERARMY_TH14_MASS_HOGS,قاعة المدينة 14 - الخنزير الوحشي
006cf67835d98ac7,TID_CLANGAMES_TASK_USE_SUPER_MINERS,حادث عامل المنجم
ee3e317d8198d342,TID_STARTERARMY_TH14_ELECTROTITAN,قاعة المدينة 14 - بادئ الصدمات
b8d248bb54d4d240,TID_CLAN_PROGRESS_EVENT_BOOST_INFO,تحويل <event resource> يتمتع الآن بتعزيز بنسبة <percentage>.
d28c7cc5bd414460,TID_CLANGAMES_TASK_USE_SUPER_DRAGONS,الأنفاس الحارقة
528b0a4d0dca16a0,TID_CLAN_PROGRESS_EVENT_BOOST_LABEL,معزز: +<percentage>
36a3ad864714f004,TID_UNLOCK_UTIL_REQUIRED_BLACKSMITH_UPGRADE,يتم الفتح من خلال <cffcd443d>ترقية الحداد إلى المستوى <number></c>.
95358d234e746785,TID_BUILDING_BOMB_SPAWNER_INFO,
b8f455c2465a7e57,TID_TUTORIAL_ATTACK_NPC_1,أتممنا كل شيء. لنقضِ الآن على معسكر الغيلان بمساعدة السحرة.
454e5dffce0e80b5,TID_SEAONAL_DEFENSE_SUN_BEAM_MODULE_HP,
7fec2815bcc800f0,TID_ACHIEVEMENT_SEASONAL_DEFENSE_TITLE,خبير الصناعة
1de6c562c6e30e3f,TID_STARTERARMY_TH10_BOWLING_WITCHES,قاعة المدينة 10 - ساحرات البولينج
7ec75c994ecc6815,TID_STARTERARMY_TH13_YETIWITCH,قاعة المدينة 13 - سرب الييتي
32be816afdafc7ca,TID_SIEGE_NOT_AT_CAPACITY_TOOLTIP,<cffcd443d>حدد المزيد من آلات الحصار</c> لاستخدام مساحة التسكين كاملة.
51c2552c9c85c601,TID_SEAONAL_DEFENSE_CRUSHER_MORTAR_MODULE_HP,وحدة صحة هاون السحق
ecdf02889dddd0d8,TID_STARTERARMY_TH10_GOHO_MAGIC,قاعة المدينة 10 - محاربو التعويذات
8b9ebcee737eb2d1,TID_ICE_BLOCK_SPELL_INFO_SHORT,تعامل مع دفاعات العدو ببرود.
dd194071809667f7,TID_TRAINING_SCREEN_TAB_OVERVIEW,جيشي
3808ee69aeb1c22a,TID_STARTERARMY_TH11_ELECTRO_DRAGONS,قاعة المدينة 11 - الطقس الصادم
3708a88399296d13,TID_STARTERARMY_TH16_SNOW_WITCH,قاعة المدينة 16 - السحر البارد
e2f8c2b4e5d68b8b,TID_STARTERARMY_TH15_NATURES_WRATH,قاعة المدينة 15 - غزاة الجذور
6a5fbf0bbc4c8a6a,TID_SEASONAL_DEFENCE_SEASON_1_DESCRIPTION,وصلت قطع جديدة يا زعيم. قم ببناء دفاعاتك المُصنّعة وترقيتها الآن.
cabb76a3ee08833c,TID_STARTERARMY_TH05_GREEDY_GOBLINS,قاعة المدينة 5 - بالونات النهب
7249681dcaef54c9,TID_HINT_HEROES_IN_ARMY_ARE_UNAVAILABLE,بعض الأبطال في جيشك غير متاحين.
807fb8b94fe23f00,TID_DECO_CLASHARAMA_EP02_SUPERDECO_PAINT,مستدعي الرسومات
4875fd518f96a90d,TID_BUILDING_CRUSHER_MORTAR_INFO_SHORT,كل ما ارتفع، سيتحطم ويقع.
ede571931439c366,TID_STARTERARMY_TH12_ZAP_DRAGONS,قاعة المدينة 12 - تنانين الصعق
b2927ad359961891,TID_SCENERY_APRIL25,منظر ClashaMania
389830800525e3ef,TID_SEAONAL_DEFENSE_LOG_LOBBER_MODULE_ATTACK,
ca8cab0a8d0315d3,TID_JAPAN_QUEEN,ملكة الكيودو
01078c6041fa7c40,TID_BP_PERK_CLAN_CASTLE_REQUEST_COOLDOWN_DESC_STARTER,يقلل من وقت الانتظار لطلب قوات قلعة القبيلة.
7390eb49191bf202,TID_SETTINGS_DATA_EXPORT_HEADER,تصدير البيانات
ac636d746abae386,TID_STARTERARMY_TH09_LAVA_LOONS,قاعة المدينة 9 - البالون الساخن
c3ba63e8587a93d4,TID_BUILDING_FLAME_SPINNER,دوارة النار
240d26e7bcbba2ba,TID_STARTERARMY_TH09_HOG_HEALS,قاعة المدينة 9 - الخنزير المعالج
b2289fbe28ec21b1,TID_OBSTACLE_BIRTHDAY2025,كعكة الذكرى السنوية 13
126b0de48086b798,TID_SEAONAL_DEFENSE_HOOK_TOWER_MODULE_EFFECT,وحدة تأثير برج الخطاف
7c06f1b6b4833e05,TID_UNLOCK_UTIL_REQUIRED_BLACKSMITH_BUILDING,يتم الفتح من خلال <cffcd443d>بناء حداد</c>.
c460888072bf66ff,TID_TUTORIAL_GOLD_STORAGE_2,ابن مخزن ذهب لنتمكن من تخزين تلك الأشياء اللامعة.
8c7c661b5103de77,TID_EDIT_MODE_BLOCKED_COPY_SEASONAL_DEFENSE,الدفاع المُصنّع من المخطط المنسوخ غير متاح. استقرت محطة التصنيع في مكانها.
bea6de2aed438bed,TID_STARTERARMY_TH04_GIANT_LOON,قاعة المدينة 4 - البالون العملاق
a2da0216e381daaa,TID_SEASONAL_DEFENCE_SEASON_CARD_TITLE,مرحلة التصنيع نشطة
12a480d1ca8ab01b,TID_CLANGAMES_TASK_USESUPERTROOP,فز بنجمة في <num> من المعارك المتعددة اللاعبين باستخدام قوة واحدة على الأقل من: <troop>.
366c6408d6963a30,TID_UNLOCK_UTIL_REQUIRED_DARK_BARRACK_BUILDING,يتم الفتح من خلال <cffcd443d>بناء ثكنات الظلام</c>.
68aae23b55ad300e,TID_INFO_TOOLTIP_COMMUNITY_RECIPES,يمكنك من هنا عرض اقتراحات تشكيلات جيش مُعدة مسبقًا ومصممة خصيصًا لمستوى قاعة مدينتك واستخدامها.\n\nيتجدد جيش منشئ المحتوى كل x ي.
09f6b808003acf1f,TID_UNLOCK_UTIL_REQUIRED_PET_SHOP_UPGRADE,يتم الفتح من خلال <cffcd443d>ترقية بيت الحيوانات الأليفة إلى المستوى <number></c>.
73c913f8b242c295,TID_STARTERARMY_TH11_OVER_AND_UNDER,قاعة المدينة 11 - حوِّل، انتهى
79a86c838746aa0e,TID_EVENTARMY_TH10_HOTHOGSUMMER,صيف الخنازير الساخن
d7b78597bd59366c,TID_BUILDING_BOMB_SPAWNER,
e452ccf3720c37ff,TID_TUTORIAL_DEFEND_4,في هذه الأراضي السحرية، تقوم المباني بإصلاح نفسها... بطريقة سحرية.
9deed2d1b35bd0b6,TID_DARKDAYS_WARDEN,العراب الأكبر
903eb462c6cebe7a,TID_STARTERARMY_TH16_AIR_RAID,قاعة المدينة 16 - سماء الهياكل العظمية
5a22cb47fe0013ef,TID_UNLOCK_UTIL_REQUIRED_DARK_BARRACK_UPGRADE,يتم الفتح من خلال <cffcd443d>ترقية ثكنات الظلام إلى المستوى <number></c>.
02777a420559d45a,TID_UNLOCK_UTIL_REQUIRED_SPELL_FORGE_UPGRADE,يتم الفتح من خلال <cffcd443d>ترقية مصنع السحر إلى المستوى <number></c>.
b869a3173f5b8e87,TID_STARTERARMY_TH07_FIRE_IN_THE_SKY,قاعة المدينة 7 - بالون النار
e4e1c3e6737324e2,TID_APRIL25_KING,الملك كودي
0c05736d5a955777,TID_REENGAGEMENT_ATTACK_1,القوات متحمسة لعودتك!
7be31cb6ac2c49c9,TID_UNLOCK_UTIL_TIME_LIMITED_SPELL_NO_LONGER_AVAILABLE,هذه التعويذة المؤقتة لم تعد متاحة.
c38cafb8b77906fb,TID_BUILDING_FLAME_SPINNER_INFO_SHORT,دوامة لا تنتهي من المواد الساخنة.
3e27a6e024750b35,TID_BUTTON_SEASONAL_ARCHETYPE_INFO,معلومات / ترقية
e0c137a74dc9b950,TID_STARTERARMY_TH07_MASS_ARCHERS,قاعة المدينة 7 - فوضى الرماية
049d4cfb943c845c,TID_SCENERY_DARK_DAYS,منظر الأيام الحالكة
039b584b0de3abf6,TID_CREATORARMY_TH16_YETIROOTS,كائنات الييتي المتجذرة
0b8618b89d76fb01,TID_GIVEN_ABILITY_DURATION,مدة <ability>بالثواني:
042089b7dc2e73aa,TID_SEASONAL_DEFENCE_INFO_ITEM_1,<cffcc33>حدد الدفاعات المُصنّعة وقم بترقيتها.</c>يمكنك التبديل بينها في أي وقت.
bb4d7b8ecc96b233,TID_DECO_COMMUNITY_CROWN_AND_SWORD,تاج العدالة
1c04608fe08d4176,TID_STARTERARMY_TH13_LAVALOON,قاعة المدينة 13 - البالون الساخن 3.0
04736ab4ff083ee2,TID_CLANGAMES_TASK_USETROOP_BUILDERBASE,فز بنجمة في معركة بنّاء باستخدام قوة واحدة على الأقل من: <troop>.
cd44cd6992ddc9ed,TID_HUD_MESSAGE_ARMY_HEROES_HAVE_BEEN_SANITIZED,تمت إزالة الأبطال غير المتاحين حاليًا من هذه التشكيلة.
de63c62c94f0fa11,TID_BUILDING_SEASONAL_PLATFORM,محطة التصنيع
1931f81e7a421bfb,TID_UNLOCK_UTIL_DONATION_REQUEST_REQUIRES_CC_LEVEL,يتم الفتح من خلال <cffcd443d>ترقية قلعة القبيلة إلى المستوى <number></c>.
da479cc405638819,TID_INFO_ARMY_PRESET_TAG,اضغط مطولاً لإعادة ترتيب تشكيلات الجيش
cc9113f18012d046,TID_UNLOCK_UTIL_REQUIRED_SPELL_FORGE_BUILDING,يتم الفتح من خلال <cffcd443d>بناء مصنع سحر</c>.
9749751fc786a576,TID_DARKDAYS_CHAMPION,بطلة العرض
e02e6616dd0a58c1,TID_ICE_BLOCK_SPELL,تعويذة كتلة الجليد
af489c4eb842b775,TID_CREATOR_ARMY_REMAINING_TIME_EXPIRED,يتجدد خلال: انتهى الوقت
73e38a79dc9bd812,TID_UNLOCK_UTIL_HEROES_REQUIRE_TOWN_HALL_LEVEL,افتح الأبطال من خلال <cffcd443d>ترقية قاعة المدينة إلى المستوى <number></c>.
5d1af1cb7db045da,TID_ACTIVE,نشط
49bdca3622e8cb95,TID_UNLOCK_UTIL_REQUIRED_CLAN_CASTLE_BUILDING,يتم الفتح من خلال <cffcd443d>إعادة بناء قلعة القبيلة</c>.
156a5e9fe76bbd1f,TID_SEAONAL_DEFENSE_LAZY_LASER_MODULE_ATTACK,
320151ec1b8794ea,TID_UNLOCK_UTIL_REQUIRED_DARK_SPELL_FORGE_BUILDING_AT_LEVEL,يتم الفتح من خلال <cffcd443d>بناء مصنع سحر ظلام</c> و<cffcd443d>الترقية إلى المستوى <number></c>.
84f8176a0689ffa9,TID_CREATOR_ARMY_REMAINING_TIME,يتجدد خلال: <time>
3c188edb558e63d3,TID_SEAONAL_DEFENSE_HOOK_TOWER_MODULE_ATTACK,وحدة هجوم برج الخطاف
34333788e83f27e0,TID_STARTERARMY_TH08_PEKKA_SMASH,قاعة المدينة 8 - التحطيم بطريقة بيكا
dccee9be59d819a8,TID_STARTERARMY_TH06_HEALER_HELP,قاعة المدينة 6 - مساعدة المعالِجة
a9a32fdf44e425c4,TID_SEAONAL_DEFENSE_LOG_LOBBER_MODULE_HP,
537ef7667ebdddcd,TID_SEASONAL_DEFENCE_SELECTION_SCREEN_TITLE,ملخص الدفاع
38e8a147500ea196,TID_TUTORIAL_CHANGE_NAME,ممتاز! الهجوم خير وسيلة للحصول على الغنائم. ما الاسم الذي تحب أن نناديك به؟
350a84df96b4418a,TID_STARTERARMY_TH09_GO_WITCH,قاعة المدينة 9 - انهض ودمر
a1e89c2ccf7325db,TID_TROOPS_NOT_AT_CAPACITY_TOOLTIP,<cffcd443d>حدد المزيد من القوات</c> لاستخدام مساحة التسكين كاملة.
885dd48f7433332d,TID_SPELLS_NOT_AT_CAPACITY_TOOLTIP,<cffcd443d>حدد المزيد من التعويذات</c> لاستخدام مساحة التسكين كاملة.
7bc522b0e5a1863a,TID_STARTERARMY_TH11_ICE_WITCH,قاعة المدينة 11 - ساحرات الصقيع
d6a20876c9abe290,TID_DARKDAYS_MINION_PRINCE,المينيون الشرطي
7dc3ed25b4ec92eb,TID_SEAONAL_DEFENSE_CRUSHER_MORTAR_MODULE_ATTACK,وحدة هجوم هاون السحق
de7af24e8b3c0343,TID_SETTINGS_DATA_EXPORT_TITLE,تصدير بيانات القرية بصيغة JSON
39a910ae92e362d2,TID_ARMY_OVERVIEW_HINT_SPELLS,تُفتح التعويذات عند مستوى قاعة المدينة <number>.
be61455458e9daac,TID_STARTERARMY_TH06_GIANTLOON,قاعة المدينة 6 - البالون العملاق 2.0
1aa6600cefe680a6,TID_POPUP_CONFIRM_AUTOFIX_RECIPE_TEXT,سيجري تغيير الأبطال غير المتاحين أو المعدات غير المتاحة في هذا التشكيل حتى يجهز للمعركة.
ceabb8d3f5e58a7c,TID_BUILDING_CRUSHER_MORTAR,هاون السحق
8a46a6a40ed82438,TID_UNLOCK_UTIL_CHARACTER_ITEM_NOT_OWNED,لا تمتلك هذه المعدات.
e5aad45654c03a46,TID_TRAINING_TAB_TITLE_COMMUNITY_PRESETS,كتاب التشكيلات المقترحة
34586bb256b37efd,TID_BUILDING_SEASONAL_PLATFORM_INFO_SHORT,ابتكر إستراتيجية جديدة باستخدام الدفاعات المُصنّعة المؤقتة.
fbf0a756c4f05a46,TID_STARTERARMY_TH15_GO_SKELLY,قاعة المدينة 15 - جنون الهياكل العظمية
3241250cb6fc745e,TID_TUTORIAL_TRAIN_3,هذا كل شيء! والآن، يمكنك إطلاق هؤلاء البرابرة.
d56464ee4372f182,TID_SEAONAL_DEFENSE_FLAME_SPINNER_MODULE_ATTACK,وحدة هجوم دوارة النار
0b25c903368256ae,TID_UNLOCK_UTIL_REQUIRED_DARK_SPELL_FORGE_UPGRADE,يتم الفتح من خلال <cffcd443d>ترقية مصنع سحر الظلام إلى المستوى <number></c>.
e4b40875dd8611f1,TID_DECO_CYBERCLASH_HOLOPROJECTOR,الهولوجرام السيبراني
1da0b9db8a5aeec8,TID_STARTERARMY_TH17_ROOTRIDERS,قاعة المدينة 17 - الجذور والفؤوس
a9f512525560a6a2,TID_DECO_DARKDAYS_2025_SUPERDECO,صانع الأجراس
33acf84f5863c4ef,TID_ICE_BLOCK_SPELL_ABILITY,التعويذة
7179f86e1a0d5569,TID_SELECT,التحديد
6c57e5c4418d4b88,TID_GEAR_INFO_HEROIC_TORCH,يمنح القوات القريبة رغبة مشتعلة في اختراق الجدران، والتحرك أسرع، وتلقي ضررًا أقل.
f7d7527f153f9063,TID_SEASONAL_DEFENCE_NO_SEASON_TITLE,مرحلة التصنيع غير نشطة
0bed712f74513308,TID_SEAONAL_DEFENSE_LAZY_LASER_MODULE_HP,
ddfeefeead1e1f80,TID_STARTERARMY_TH12_DIG_AND_RIDE,قاعة المدينة 12 - حوِّل، انتهى 2.0
6d1ccf30b55fa58a,TID_ACHIEVEMENT_SEASONAL_DEFENSE,قم بترقية الدفاعات المُصنّعة <number> من المرات.
7506ce4e99317be9,TID_DARKDAYS_QUEEN,الملكة الجذابة المهلكة
7a338514b2838e99,TID_EVENT_TROOP_EXPIRED,اختفت قوات الحدث والتعويذات
314e15fbb505b2b4,TID_HINT_SUPER_TROOPS_NEED_ACTIVATING,<cffcd443d>فعّل القوات الخارقة</c> لاستخدامها في جيشك.
25e9284dbd337009,TID_STARTERARMY_TH13_ELECTRO_DRAGONS,قاعة المدينة 13 - الممرات الجوية الكهربية
64be5727c3aaafc7,TID_STARTERARMY_TH14_PEKKA_BOWLER,قاعة المدينة 14 - باولر بيكا
388aa086dd5d852f,TID_SEAONAL_DEFENSE_LOG_LOBBER_MODULE_EFFECT,
76315e974cce751d,TID_BUILDING_LAZY_LASER,
388c880130fcb0fd,TID_INFO_ARMY_PRESET_DRAG,اضغط مطولاً لإعادة ترتيب تشكيلات الجيش الخاصة بك
557d3b9fc79f3c20,TID_BUTTON_UPGRADE_MODULE_THREE,ترقية الوحدة ثلاثة
1ea0ca83f29a6f53,TID_SEASONAL_DEFENCE_SWITCH_BUTTON_SWITCH,التبديل
89ba17376b296833,TID_UNLOCK_UTIL_REQUIRED_BARRACK_UPGRADE,يتم الفتح من خلال <cffcd443d>ترقية الثكنات إلى المستوى <number></c>.
628144df70080d52,TID_HEROES_NOT_AT_CAPACITY_TOOLTIP,<cffcd443d>حدد المزيد من الأبطال</c> لاستخدام المساحة المتوفرة بالكامل.
c106c164940bffca,TID_UNLOCK_UTIL_REQUIRED_SPELL_FORGE_BUILDING_AT_LEVEL,يتم الفتح من خلال <cffcd443d>بناء مصنع سحر</c> و<cffcd443d>الترقية إلى المستوى <number></c>.
dfb1576360afbb17,TID_ACHIEVEMENT_DESTROY_SEASONAL_DEFENSE,تدمير <number> من الدفاعات المُصنّعة في معارك متعددة اللاعبين
f28bf446be4bf106,TID_SEASONAL_DEFENCE_ACTIVE_TEXT,نشط
e8d827e33cf7a557,TID_GAMES_TASKS_TEXT,الهدف من التحديات هو اختبار قوتك في مجالات مختلفة. تحصل من خلال إكمال التحدي خلال الوقت المحدد له على نقاط لقبيلتك. تختلف التحديات من حيث الصعوبة. إذا بدا لك أن أحد التحديات أصعب من اللازم، فاطلب من زملائك بالقبيلة تولي أمرها. وفي حالة بدأت في تحدي ولم تكمله، فبإمكانك حذفه. لاحظ أن عليك الانتظار لبعض الوقت بعد الحذف قبل أن تتمكن من البدء في تحدٍ جديد.
3ccf3a8956982faf,TID_GAMES_OVERVIEW_TEXT,تدور مباريات القبيلة حول إكمال التحديات والحصول على النقاط مع زملائك بالقبيلة. كلما حصلتم على نقاط أكثر كقبيلة، حصلت على جوائز أفضل عند انتهاء المباراة. احرص على إشراك زملائك بالقبيلة: كلما زاد عدد اللاعبين لديك، كان التقدم أسهل في مستويات الجوائز.
93de24c44ba3b3b6,TID_SEASONAL_DEFENCE_WORKSHOP_TITLE,الدفاعات المُصنّعة
48864eb97f3615be,TID_UNLOCK_UTIL_REQUIRED_HERO_HALL,يتم الفتح من خلال <cffcd443d>بناء قاعة أبطال</c>.
84948ce20300558f,TID_STARTERARMY_TH14_ELECTRIC_AIR,قاعة المدينة 14 - اسحب وافلت
35b325005d0c8c8e,TID_SEASONAL_DEFENCE_NO_SEASON_DESCRIPTION,عد قريبًا!
7ee9f438908d80ad,TID_INFO_SCREEN_TITLE_NO_LEVEL,<object>
260e4ee5afa22f59,TID_SEASONAL_DEFENCE_SEASON_1_TITLE,مرحلة التصنيع
649281299355513d,TID_BUTTON_UPGRADE_MODULE_TWO,ترقية الوحدة اثنين
c4bee31252ed4282,TID_UNLOCK_UTIL_REQUIRED_DARK_SPELL_FORGE_BUILDING,يتم الفتح من خلال <cffcd443d>بناء مصنع سحر الظلام</c>.
e509e87a55ed2acf,TID_STARTERARMY_TH04_BARCHER_BLAST,قاعة المدينة 4 - غضب الرماة
5108c81dd714bc3f,TID_SEAONAL_DEFENSE_FLAME_SPINNER_MODULE_EFFECT,وحدة تأثير دوارة النار
bcf5be18c479df50,TID_UNLOCK_UTIL_REQUIRED_PET_SHOP_BUILDING_AT_LEVEL,يتم الفتح من خلال <cffcd443d>بناء بيت الحيوانات الأليفة</c> و<cffcd443d>الترقية إلى المستوى <number></c>.
5207faa67d071484,TID_HINT_ADD_UNITS_TO_ARMY_CC_SLOT,<cffcd443d>حدد القوات والتعويذات وآلات الحصار، ثم اطلب أو أضف تعزيزات</c> إلى جيشك.
eee6a9b681b0f70f,TID_SEAONAL_DEFENSE_SUN_BEAM_MODULE_EFFECT,
663816d67fd72533,TID_UNLOCK_UTIL_REQUIRED_SIEGE_WORKSHOP_BUILDING,يتم الفتح من خلال <cffcd443d>بناء ورشة</c>.
76ad105b437a6838,TID_SEASONAL_DEFENCE_SWITCH_BUTTON_SELECT,التحديد
47556dd87eee5512,TID_TRAINING_TAB_TITLE_PRESETS,التشكيلات المحفوظة
dfa8b6734990d833,TID_REMOVE_EXPIRED_TEMP_TROOPS_FROM_ARMY,<cffcd443d>احذف القوات والتعويذات وآلات الحصار المؤقتة</c> التي لم تعد متاحة.
95adfa5dde65e15e,TID_BUILDING_LAZY_LASER_INFO,
cb58438d03949b00,TID_BUTTON_CYCLE_SEASONAL_ARCHETYPE,تدوير الدفاع
d768549749007b67,TID_HINT_HEROES_IN_ARMY_ARE_UNAVAILABLE_SUGGEST_SWAP,بعض الأبطال في جيشك غير متاحين. <cffcd443d>حدد أبطالاً آخرين</c> لاستخدام المساحة المتوفرة بالكامل.
42f8962570a0fb44,TID_STARTERARMY_TH10_AIR_RAID,قاعة المدينة 10 - غارات نارية
f1f29ee0524e8e27,TID_STARTERARMY_TH08_FLY_HIGH,قاعة المدينة 8 - المحلقون عاليًا
fdbce7f0fde221ed,TID_BUTTON_CHANGE_SEASONAL_ARCHETYPE,ملخص الدفاع
a361e363aee07338,TID_EVENTARMY_TH10_ARMYOFTHEMONTH,جيش الشهر
194f15ccbe29d1d4,TID_STARTERARMY_TH16_ELECTRO_HEALING,قاعة المدينة 16 - المعالِجة الجبارة
cf52f320a211bd0a,TID_BUTTON_COOKBOOK_RECIPE_SAVE,الحفظ
315c9485c6f46112,TID_STARTERARMY_TH05_BARCHER,قاعة المدينة 5 - الرماة الثائرون
1868c6ab3a648660,TID_SETTINGS_DATA_EXPORT_COPY_BUTTON,النسخ
84a65886ff1cbfa6,TID_SHOP_LINK,معلومات
335905a986ea877a,TID_SEASONAL_ARCHETYPE_TUTORIAL_SCREEN_TEXT,يمكنك التبديل بين الدفاعات المُصنّعة في أي وقت.
fe48ced9d28de2d0,TID_CLANGAMES_TASK_USESPELL_MAINVILLAGE,فز بنجمة في معركة متعددة اللاعبين باستخدام قوة واحدة على الأقل من: <spell>.
3a60235a4e67fb65,TID_CREATOR_ARMY_NAME,بواسطة <creator>
3c53a535d70d5934,TID_BUILDING_HOOK_TOWER_INFO_SHORT,الجاذبية الخاطفة! يسحب الأعداء ويصعقهم.
1fa110ea1ec75b2a,TID_STARTERARMY_TH13_HOGMINER,قاعة المدينة 13 - حوِّل، انتهى 3.0
60e49bb5155cf61a,TID_UNLOCK_UTIL_TIME_LIMITED_TROOP_NO_LONGER_AVAILABLE,هذه القوة المؤقتة لم تعد متاحة.
5768ee1c85f5f9e9,TID_SEASONAL_DEFENCE_INFO_ITEM_4,من الصعب إتقانها؛ لذلك فهي مخصصة فقط للزعماء أصحاب <cffcc33>أقصى مستوى من قاعة المدينة</c>.
1f4575c74ee3723d,TID_UNLOCK_UTIL_REQUIRED_LABORATORY_LEVEL,يتطلب معملاً من المستوى <number>.
8da50b30ed1be32d,TID_CLANGAMES_TASK_USE_SUPER_ARCHERS,السهم العنيد
e048640df335fefb,TID_UNLOCK_UTIL_REQUIRED_TOWN_HALL_LEVEL,يتم الفتح من خلال <cffcd443d>ترقية قاعة المدينة إلى المستوى <number></c>.
c8f9176dda43f511,TID_TUTORIAL_BUILDER_MENU,حدد اقتراح بناء من هنا وابدأ في تنفيذه فورًا.
1eba87e5a21ba4dc,TID_APRIL25_CHAMPION,الملكية الأفضل
01536b512fe59871,TID_ATTACK_COOLDOWN,فترة انتظار الهجوم بالثواني:
877a7d96576d21e8,TID_TUTORIAL_BARRACK_1,أيها الزعيم، نحتاج إلى جيش لمقاتلة هذه الغيلان! فلنقم ببناء الثكنات.
4d5c24e53b4a849c,TID_DECO_DARKDAYS_2025,عربة جامع الغنائم
4fe0836edc6e006f,TID_BUILDING_HOOK_TOWER_INFO,لن يمانع البنّاء الخبير أننا استعرنا حبلاً من قاربه، أليس كذلك؟\n\nيسحب برج الخطاف الأعداء من بعيد ويصعقهم. للأسف، آلات الحصار ثقيلة بعض الشيء.
fcda83e2cc3a5910,TID_SHOP_DETAILS_LINK,http://support.supercell.com/clash-of-clans/en/articles/info-cc.html
4a979af1f5df000a,TID_SEASONAL_ARCHETYPE_TUTORIAL_SCREEN_TITLE,حدد دفاعًا مُصنّعًا
8773d29d3e2eb9db,TID_DECO_CLASHARAMA_FROZEN_WIZARD_2025,الساحر المتجمد
7690ebc70f2ccc35,TID_REENGAGEMENT_ATTACK_2,وجاهزة للقتال!
da4b5020c8d53f71,TID_UNLOCK_UTIL_REQUIRED_BLACKSMITH_BUILDING_AT_LEVEL,يتم الفتح من خلال <cffcd443d>بناء حداد</c> و<cffcd443d>الترقية إلى المستوى <number></c>.
be95c3de9f26090b,TID_ACHIEVEMENT_DESTROY_SEASONAL_DEFENSE_COMPLETED,إجمالي الدفاعات المُصنّعة المُدمَرة: <value>
e07e4d0a2fa80eec,TID_SEASONAL_DEFENCE_INFO_ITEM_3,تظل الدفاعات حتى انتهاء <cffcc33>مرحلة التصنيع</c>. ستصدر مجموعة جديدة مع المرحلة الجديدة. التدريب يؤدي إلى الإتقان.
be45629faa33892a,TID_ACHIEVEMENT_DESTROY_SEASONAL_DEFENSE_TITLE,كابوس المُصنِّع
df4a57b57d901f30,TID_SEASONAL_DEFENCE_SEASON_CARD_DESCRIPTION,تنتهي المرحلة بعد:
23c91715aecb8f00,TID_SEASONAL_DEFENCE_ERROR_ARCHETYPE_UPGRADING,يقوم الدفاع بترقية وحدة بالفعل.
9ba36f118bf03dcd,TID_UNLOCK_UTIL_REQUIRED_TROOP_LEVEL_UPGRADE,يتم الفتح من خلال <cffcd443d>ترقية <troop> إلى المستوى <number></c>.
c3f22d72e5ef4713,TID_APRIL25_WARDEN,الآمر الحانوتي
e181c6a1a176b40c,TID_TUTORIAL_ELIXIR_1,بالإضافة إلى الذهب، سنحتاج إلى الإكسير.
09b60b8b8ebb35dc,TID_STARTERARMY_TH08_DARK_ELIXIR_SPECIAL,قاعة المدينة 8 - الوزن الثقيل
2de337a3beea04c4,TID_SEAONAL_DEFENSE_HOOK_TOWER_MODULE_HP,وحدة صحة برج الخطاف
73ebd476107526de,TID_RESOURCE_FEST_BOOST,مهرجان الموارد \n تعزيز <amount>%
cd8d5b6a386c6451,TID_ABOUT,المشاركون\n\n<names>\n\nClash of Clans ™ <version>\nحقوق النشر محفوظة لشركة Supercell Ltd للأعوام 2012-2025. جميع الحقوق محفوظة.\nبراءة الاختراع الأمريكية قيد الانتظار.\nتخضع جميع استخدامات هذا البرنامج للشروط والأحكام وسياسة الخصوصية الموجودة على www.supercell.com.
2a8e4b3df9d50019,TID_UNLOCK_UTIL_REQUIRED_PET_SHOP_BUILDING,يتم الفتح من خلال <cffcd443d>بناء بيت حيوانات أليفة</c>.
ad2f7853614ab9aa,TID_TUTORIAL_ELIXIR_STORAGE_1,عظيم! يُستخدم الإكسير لبناء المباني وترقيتها.
e48db1e9aacc63d1,TID_SEASONAL_DEFENCE_NO_SEASON_TIMER,قريبًا...
00b1d7e18dd4677d,TID_UNLOCK_UTIL_REQUIRED_HERO_UNLOCKED,يُفتح من خلال <cffcd443d>فتح <hero></c>.
c176d7d7ec8df952,TID_CLANGAMES_TASK_USETROOP_MAINVILLAGE,فز بنجمة في معركة متعددة اللاعبين باستخدام قوة واحدة على الأقل من: <troop>.
6817d598b6016d30,TID_JAPAN_KING,الملك الساموراي
9c3d7b623fe89115,TID_JAPAN_MINION_PRINCE,أمير الإعصار
1578ce993f13dbdf,TID_SEAONAL_DEFENSE_LAZY_LASER_MODULE_EFFECT,
02682e818a26f48e,TID_SHOP_CATEGORY_OFFERS,العروض
728ccb8c71b7d887,TID_CLANGAMES_TASK_USE_SUPER_HOG_RIDERS,خنازير وبريق
d49d6c5192dea59c,TID_CHARACTER_INFO_APRIL25TBRM,هذه الوحدة القوية تفعل ما تريد! يشعر كين بالغضب دائمًا، ويتوجه مباشرةً نحو قاعة المدينة. يضرب الوحدات الأرضية والجوية التي تعترض طريقه بضربات مدوية تسبب ضررًا واسع النطاق. عند هزيمته، يعود من جديد مشتعلاً مع زيادة في الضرر وهالة نارية شديدة.
e1080150482c4ff7,TID_JAPAN_WARDEN,الناسك الأكبر
d07fabe2b19c0b77,TID_STARTERARMY_TH15_DRAGON_WARDEN,قاعة المدينة 15 - سيد التنانين
e607da60fbe1868f,TID_SEAONAL_DEFENSE_FLAME_SPINNER_MODULE_HP,وحدة صحة دوارة النار
366afd8355ac1507,TID_UNLOCK_UTIL_REQUIRED_DARK_BARRACK_BUILDING_AT_LEVEL,يتم الفتح من خلال <cffcd443d>بناء ثكنات الظلام</c> و<cffcd443d>الترقية إلى المستوى <number></c>.
3854e769ac30cffd,TID_SEAONAL_DEFENSE_CRUSHER_MORTAR_MODULE_EFFECT,وحدة تأثير هاون السحق
1b7807d7e0ad6a13,TID_SETTINGS_DATA_EXPORT_INFO,تتضمن بيانات القرية الكمية ومستويات الترقية لكل من المباني، الفخاخ، الزينات، العوائق، القوات، التعويذات، آلات الحصار، الأبطال، الحيوانات الأليفة، المعدات، أجزاء المنزل، المظاهر، المناظر لكلا القريتين.
5ebf89fafdbf50f6,TID_STARTERARMY_TH06_BIG_BARCHERS,قاعة المدينة 6 - الرماية البربرية
3e7899ce7c63c7c0,TID_EVENTARMY_TH15_BARCHENING,هجوم الرماة البرابرة
c00db7c5b4f68819,TID_TUTORIAL_TOWN_HALL_2,قم بترقية قاعة المدينة لفتح أغراض جديدة. إذا كان الذهب لا يكفي، فقاتل من أجل المزيد.
4587fb8b4ffdc17b,TID_BUILDING_CRUSHER_MORTAR_INFO,تصطف كائنات الباولر من كل مكان للحصول على توقيع هذا الهاون! تهبط صخور هاون السحق الشائكة برشاقة الغولم، قبل أن تقفز مسببة أضرارًا جانبية إضافية. يُنصح بارتداء خوذات واقية للرأس.
dea4f64574a15866,TID_STARTERARMY_TH12_YETIBOWLER,قاعة المدينة 12 - الوحوش الرائعة
4f33a5e7bab33de4,TID_BUILDING_FLAME_SPINNER_INFO,احذر من الدوران الغاشم لفرن الطهي السابق.\n\nلن تشعر بالدوار مطلقًا، تصنع دوارة النار دوامة لا نهائية من النيران لتُلحق الضرر بالأعداء القريبين على الأرض وفي الجو.
8d29dc930034d72c,TID_BUILDING_HOOK_TOWER,برج الخطاف
127d331f19fd92fc,TID_ACHIEVEMENT_SEASONAL_DEFENSE_COMPLETED,إجمالي ترقيات الدفاعات المُصنّعة: <value>
1e0530f05894d10e,TID_STARTERARMY_TH16_MINERS,قاعة المدينة 16 - من المنجم
e3158f47172063f6,TID_LEADERBOARDBANNER_PLAYER_TIMELEFT,الوقت حتى الانتهاء
1f1d77bfd82d3517,TID_PLACEMENT_TH_SHORT,<value>
f5d7c1da4f61fa6d,TID_BATTLE_MODE_INFO_OVERVIEW_3,يمكنك الرجوع إلى القرية الأم دون عقوبة ما دمت لم تنشر أي قوات.
92a0b249072654f7,TID_BATTLE_MODE_INFO_OVERVIEW_2,استخدم زر 'التالي' للعثور على الخصم المناسب لك؛ حيث أن بعض القرى تحتوي على موارد أكثر من غيرها.
c02b2fb589520c7d,TID_STARTERARMY_TH17_FIREBALL,قاعة المدينة 17 - جنون الكرة النارية
43979d4eb48d1c52,TID_GEAR_INFO_METEOR_WAND,يستدعي نيازك غامضة تضرب أقرب دفاع باستمرار.
8ff64637a3ebf7bf,TID_STARTERARMY_TH15_MASS_MINERS,قاعة المدينة 15 - حشد عمال المناجم
c30aac042b19c58f,TID_SETTINGS_BUTTON_MANAGE_CONSENT,الإدارة
42655c0e9351c740,TID_GP_POP_RUNES,+ 5 تمائم
36e6646f566806ab,TID_LEAGUE_SEASON_ENDED_MONTH_10,انتهت البطولة: <day> أكتوبر <year>
76177498f61f35e8,TID_SHIELD_INFO_ITEM2,لا يؤثر الهجوم على مدة الدرع؛ فانطلق إلى المعركة وهاجم.
431ce966f629837c,TID_METEOR_GOLEM_SMALL_INFO,عندما ينقسم صغيرا الغولم النيزكي، فإنهما يسعيان إلى هدف قريب لتحطيمه أو العثور على صغير غولم نيزكي للاندماج معه. هذه الصخور الوحشية يمكنها حتى التسلق فوق الجدران في هيئتها المنفصلة.
a915e0347c9ba30c,TID_LOOT_MODE,المعركة
8a9a34bf950d1e9f,TID_MODE_TITLE_MINUS_TWO,متقدم
456d6ac6a2e12997,TID_SHOP_GIFTS_ALLIANCE_GIFTS,#الاسم؟
5298a1b027a5c490,TID_LEAGUE_LEADERBOARD_DEMOTION_ZONE_TEXT,منطقة خفض الترتيب
38cd474a6b3a53cf,TID_REVENGE_TIMER,متبقٍ <time>
85156d7f6b9f52f3,TID_RANKED_MODE_INFO_BATTLE_3,ستتلقى الكؤوس حسب أدائك، وستحتفظ بالموارد التي تغنمها.
be968a8c93b7892e,TID_LEAGUE_LEADERBOARD_ATTACKS_PERFORMED,الهجمات:
5fa0480e87b711ef,TID_LEAGUE_TIER_5_RANK_3,دوري فالكيري 13
ab261c4c01946493,TID_LEAGUE_WARNING_NO_DEFENSE,عليك وضع مخططك الدفاعي وقوات قلعة القبيلة الدفاعية من قائمة المخطط.
615779a6e173e2b9,TID_2014_CLASHMAS_TREE,شجرة Clashmas ‏2014
b442527b7fb73900,TID_LEAGUE_TIER_4_RANK_1,دوري الساحر 12
1ab6b19a17f80f10,TID_DEFENSE_RANKED_MODE,إعداد مخطط الدفاع
57373d5fc97fb049,TID_LEAGUE_TIER_2_RANK_3,دوري البربري 4
a4e5e5da2e782863,TID_STARTERARMY_TH10_GO_WITCH_2,قاعة المدينة 10 - انطلقي يا ساحرة 2
ffdc164cfa06ef0a,TID_MAGIC_SHIELD_MIGRATED_LEGENDS_FTUE,ابق في أمان. تحمي الدروع السحرية مواردك من الهجمات في المعارك العادية.
b5a7dc22f5649c13,TID_LEAGUE_TIER_10_RANK_2_SHORT,التنين 29
74f863a47ae52ca4,TID_GOLDEN_SHIELD_INFO2,يمكنك أيضًا مهاجمة اللاعبين الآخرين دون خسارة الدرع الذهبي.
a90dc97a09206b78,TID_COSMICCURSE_KING,
2abd25be698624ea,TID_CLAN_JOIN_FAIL_NO_LEAGUE_TIER,تحتاج إلى ترتيب دوري أعلى للانضمام إلى هذه القبيلة.
8dd8fe67bc4db7c1,TID_SPECIAL_REENG_TUTORIAL_4,لكن أولاً، هناك اختبار لياقة ضد دفاعاتك.
d5bf9a05fd69a861,TID_SHOP_MAGIC_SHIELD_7D_INFO,احم مواردك طوال الأسبوع بأكمله. درع الأسبوع الواحد السحري سيحمي مواردك من المهاجمين لمدة سبعة أيام. شراء أكثر من درع يراكم مُدد الفعالية.
e9f5c65e843043ca,TID_STARTERARMY_TH9_FIRE_IN_THE_SKY_2,قاعة المدينة 9 - نيران في السماء 2
cf3a60ee7363b8ea,TID_TAB_LEAGUE_HISTORY,سجل الدوريات
fe913d2cb73b7895,TID_TUTORIAL_TH12_1,تمتلك قاعة مدينتك الآن سلاحًا ترد به على ضربات المهاجمين.
e409ae7dcbae2177,TID_WASTELANDS_CHAMPION,
a78417fbc0a5e99c,TID_DECO_COSMIC_TELESCOPE,مرصد النيازك
7afbd3cc9ec95689,TID_POPUP_GOBLIN_RESEARCHER_EXPENSIVE_DISCLAIMER,ما زال باحث الغيلان يحتاج إلى موارد ووقت للبحث. في هذه الحالة يعد خيار إنهاء البحث الحالي أرخص تكلفة.
5d7bb46768075b13,TID_LEAGUE_TIER_6_RANK_3_SHORT,الساحرة 16
2f3b677a89e67d04,TID_NEW_TAG,جديد!
ef565a489b96e739,TID_ACHIEVEMENT_RANKED_TITLE_2,متحمس الدوري
23a83a21613dc01c,TID_LEAGUE_TIER_9_RANK_1,دوري الجبابرة 27
481b1fcb4551ec83,TID_LEGEND_SHIELD_ACTIVE,لا يمكنك الهجوم أو التعرض للهجوم في دوري الأسطورة. يمكنك فقط إزالة الدرع لليوم التالي.
b7c0d8ab3a761994,TID_LEAGUE_SEASON_ENDED_MONTH_9,انتهت البطولة: <day> سبتمبر <year>
427ef31ee39bc757,TID_BATTLE_MODE_INFO_SHIELD_2,ستحصل على درع سحري مدته 8 ساعات بعد تعرض قريتك للهجوم.
038cc311b3e1861c,TID_EVENTARMY_TH11_SEPTEMBER_WITCHES,الساحرات الشريرات
1ea06ea63a5cc06b,TID_COSMICCURSE_QUEEN,
bf4d77bfd82d2e7d,TID_PLACEMENT_ST_SHORT,<value>
a4c2e2eee71292f5,TID_CLAN_EVENT_LEADERBOARD_TITLE_ALT,تبدأ قريبًا
335d06273333d8d8,TID_NO_SHIELD_TEXT,لا توجد دروع
5ddba56768075b13,TID_LEAGUE_TIER_6_RANK_2_SHORT,الساحرة 17
7a966c22f5649e7e,TID_LEAGUE_TIER_10_RANK_1_SHORT,التنين 30
bde32f62fa0dfe28,TID_HARD_MODE_MINUS_ONE_DESC_LIST,• تلحق <cff4b84ff>الدفاعات</c> ضررًا إضافيًا بنسبة 20%.\n• تزيد صحة <cffff4ba8>الأبطال المدافعين</c> وضررهم بنسبة 20%.\n• تقل صحة <cffff4ba8>الأبطال المهاجمين</c> وضررهم بنسبة 10%.
c0aca68f794ad680,TID_LEGEND_MODE_INFO_SHIELD_2,يتم تفعيل دروع الأسطورة في يوم الدوري التالي.
bbb6b185a933319d,TID_ATTACK_LEAGUEGROUP_OUTSIDE_OF_SEASON_BATTLE_TIME_WINDOW,بطولة الدوري غير نشطة.
7f4f3230a071769f,TID_LEAGUE_RANKINGS_RESULTS_BUTTON,النتائج
5611a68d4c65b718,TID_REVENGE_USED,تم استخدام هذا الانتقام.
1845c8545a9bfa77,TID_LEAGUE_INFO_POPUP_TAB_PREPARATION,تسجيل الاشتراك
2a3c08ad1af1c016,TID_BATTLE_MODIFIER_3,الأسطورة
a600a15c0443290a,TID_EVENTARMY_TH17_CLASHERAMA_MASS_MINERS,مهرجان عامل المنجم!
b69162487fb73900,TID_LEAGUE_TIER_4_RANK_2,دوري الساحر 11
857d77bfd82d3a37,TID_PLACEMENT_ND_SHORT,<value>
87084020fd347cd5,TID_JOIN_LEAGUE_TITLE_INFO,ارتق في الدوريات لنيل الغنائم والمجد
f9e48f8c9eac744e,TID_SPECIAL_REENG_TUTORIAL_8,يمكنك تحويل قريتك إلى قلعة مهيبة!
f7d37262b9d5c62f,TID_DEFENSE_POPUP_TITLE,المخطط والتعزيزات
749b05115e4d0789,TID_LEAGUE_TIER_8_RANK_1_SHORT,بيكا 24
f517dc22f5649dc8,TID_LEAGUE_TIER_10_RANK_3_SHORT,التنين 28
a6899cb6846dd8e8,TID_GEAR_RESOURCE_EPIC_INFO,يساعد المعدن الخام النجمي على ترقية المعدات. يمكنك العثور عليه في حروب القبائل، والأحداث الخاصة، ومكافأة النجوم في الدوري 8 وأعلى.
404c3f29647eccf5,TID_GP_POP_MORE,والمزيد
2604e352d1993ca1,TID_STAR_BONUS_BONUS_TEXT,مكافأة نجوم الدوري الحالي:
a95321fa1c7c733b,TID_CLASHARAMA_2_KING,ملك الجيلي
6c55a3b006b174d1,TID_BATTLE_MODE_INFO_SHIELD_1,استخدم درعًا سحريًا لحماية مواردك من المهاجمين.
9f2aba07a35968f7,TID_TRAP_DAMAGE_TO_HEROES,الضرر الملحق بالأبطال: <number>
10e9c889c3e94b10,TID_LEAGUE_TIER_9_RANK_3_SHORT,الجبابرة 25
a27c589aaa6395fd,TID_RANKED_MODE_INFO_BUTTON_FTUE,اضغط على زر المعلومات لمعرفة المزيد.
bfa11f156c6502bc,TID_EVENT_NOTIFY,!
50a14f84da792863,TID_STARTERARMY_TH11_GO_WITCH_3,قاعة المدينة 11 - انطلقي يا ساحرة 3
713b06a7be4d0789,TID_LEAGUE_TIER_8_RANK_3_SHORT,بيكا 22
4fb3a5c375e38162,TID_LEAGUE_TIER_3_RANK_1,دوري رامية السهام 9
dbe3787a5f4f1b53,TID_SHIELD_INFO_SHORT,يحمي الموارد من الهجمات في المعارك العادية.
af73b4596a2b3604,TID_CLASHARAMA_2_WARDEN,الآمر إيفان
fcde8b80424cfe12,TID_EXPERT_MODE_DESC,تلحق الدفاعات ضررًا إضافيًا بنسبة 20%. تزيد صحة الأبطال المدافعين وضررهم بنسبة 20%. تقل صحة الأبطال المهاجمين وضررهم بنسبة 10%.
8ef4535cbd91a9dd,TID_ACHIEVEMENT_RANKED_4_PROGRESS_2,بلوغ دوري التنين 30
b1d9a1efe2a15511,TID_PLACEMENT_SECOND,المركز الثاني
93fbd4d6dde42c90,TID_LEGEND_MODE_INFO_DEMOTION_1,إذا ختمت أسبوعًا تحت 4900 كأس، فسوف تخرج من دوري الأسطورة إلى أعلى دوري متاح.
ea3374d132bbfa74,TID_SPRING_TRAP_ABILITY_HELP,يدفع ويلحق الضرر بالقوات الأكبر غير المقذوفة. تتكبد الحيوانات الأليفة وآلات الحصار والأبطال نصف الضرر.
8847b9d9d2046251,TID_LEGEND_MODE_INFO_DEFENSE_1,تستطيع تغيير مخططك الدفاعي وقوات قلعة القبيلة الدفاعية ليوم الدوري التالي من قائمة المخطط في شاشة الهجوم.
b08f8693c9ad4a16,TID_ACHIEVEMENT_RANKED_TITLE_3,عاشق الدوري
577b966768075b13,TID_LEAGUE_TIER_6_RANK_1_SHORT,الساحرة 18
1d1a69b8f40601d4,TID_RANKED_MODE_INFO_PREP_4,يمكن أن يختلف مخطط الدفاع لمعارك المصنف عن مخطط القرية المعتاد.
e9f611ca94920580,TID_SHOP_MAGIC_SHIELD_1D_INFO,احم مواردك طوال اليوم. درع اليوم الواحد السحري سيحمي مواردك من المهاجمين لمدة 24 ساعة. شراء أكثر من درع يراكم مُدد فاعليتها.
f8acb0b66482865c,TID_STARTERARMY_TH4_BALLOONED_BARCH,قاعة المدينة 4 - بالون رامي السهام البربري
3171c8431af5ac14,TID_ACHIEVEMENT_RANKED_2_PROGRESS_2,بلوغ دوري الساحرة 18
42e7b4e81ee94146,TID_RANKED_PENDING_LEAGUE_RESULT,جارٍ حساب نتائج البطولة الحالية.
016a283c182548d4,TID_LEADERBOARDBANNER_TIMELEFT,الوقت حتى الانتهاء
0854e6abfb7fe5fb,TID_STARTERARMY_TH7_MAGIC_HOGS,قاعة المدينة 7 - الخنازير السحرية
d43d77bfd82d3a2c,TID_PLACEMENT_RD_SHORT,<value>
2a3dd26d2f906b16,TID_BATTLE_MODIFIER_2,الأساتذة
bd2e0f816ae0f452,TID_HINT_TRAP_REPAIR,العب بانتظام لإبقاء فخاخك مسلحة.
5df1cdb0a091cfcc,TID_LEAGUE_INFO_LOOT_BONUS,في دوري الجبابرة I، مكافأة الدوري القصوى:
fc6cb167c27e2866,TID_STARTERARMY_TH12_GO_WITCH_4,قاعة المدينة 12 - انطلقي يا ساحرة 4
d5f258f7995f8a39,TID_STARTERARMY_TH8_PEKKA_SMASH,قاعة المدينة 8 - التحطيم بطريقة بيكا
88108a5f9beccd84,TID_STARTERARMY_TH6_TANK_AND_TORCH,قاعة المدينة 6 - الدبابة والمشعل
818cc311b06c30c4,TID_EVENTARMY_TH13_SEPTEMBER_WITCHES,الساحرات الشريرات
85ca4e0eb75b1021,TID_LEAGUE_TIER_2_RANK_3_SHORT,البربري 4
f822ce88f610b990,TID_RANKED_AUTO_SIGNUP_INFO,سجّل الاشتراك تلقائيًا في البطولات القادمة.
87564a2571a4c93e,TID_HARD_MODE_MINUS_ONE_DESC,تلحق الدفاعات ضررًا إضافيًا بنسبة 14%. تزيد صحة الأبطال المدافعين وضررهم بنسبة 14%. تقل صحة الأبطال المهاجمين وضررهم بنسبة 6%. الحد الأقصى للمعدات الشائعة هو المستوى 16، أما الحد الأقصى للمعدات الممتازة، فهو المستوى 23.
0a8fbcec16671641,TID_RANKED_LEGEND_RULE_TEXT_3,خفض أسبوعي لترتيبات أصحاب الكؤوس الأقل من 4900.
3ca3fed55e854562,TID_CYBERPUNK_CHAMPION,
5bb0480f97a611ef,TID_LEAGUE_TIER_5_RANK_2,دوري فالكيري 14
6a31106d819dac47,TID_CLAN_MINIMUM_BUILDER_BASE_TROPHYS,كؤوس قاعدة البنّاء المطلوبة:
1267e63029d9bbc2,TID_LEAGUE_BATTLE_START_TIME,تبدأ المعارك خلال: <time>
a43be510e97d9737,TID_ACHIEVEMENT_RANKED_TITLE_4,مهووس الدوري
dc458d7d9a004b61,TID_STARTERARMY_TH17_MASS_MINERS,قاعة المدينة 17 - حشد عمال المناجم 2
4a54aef603fda1dc,TID_INFO_CASUAL_MODE,معلومات الوضع اللا تنافسي
d15f312c1eda4fb4,TID_LEAGUE_INFO_REMEMBER,ارتقِ في الدوريات للحصول على مكافأة دوري أكبر.
cd253a7e2bb9cdc7,TID_TIME_WEEKS,أسبوع
45a4e7f436503202,TID_CLANGAMES_TASK_USESPELL_MAINVILLAGE,فز بنجمة في معركة متعددة اللاعبين باستخدام تعويذة واحدة على الأقل من: <spell>.
acd715ab943e1d91,TID_LEGENDS_SHIELD_1D_INFO,تخط الهجوم والدفاع لليوم التالي في دوري الأسطورة. ممتاز إذا كنت تريد الاستراحة من المعركة.
68d9d827363c518d,TID_ATT_UC_DISAGREE_TEXT,لقد حظرت التتبع في إعدادات خصوصية جهازك.\nلمنح الموافقة على التتبع، يرجى تمكين التتبع في إعدادات النظام وإعادة المحاولة.
f3668b12f127b08f,TID_RANKED_MODE_FTUE_5,جرب تسجيل الاشتراك في أول بطولاتك.
e0ea1ec75b2a651c,TID_STARTERARMY_TH13_HOGMINER,قاعة المدينة 13 - حوِّل، انتهى 3
c0828b7a02cad7c9,TID_TRAP_EJECTOR_BB_INFO,هذا السلاح الصغير القوي يطيح بقوة صغيرة خارج المعركة، بينما يتم الدفع بالقوات الكبيرة ذات مساحة التسكين الأعلى إلى الوراء وإلحاق الضرر بها.
3d1194c53eb2dd14,TID_STARTERARMY_TH5_PRECISION_DROP,قاعة المدينة 5 - إسقاط دقيق
50a94f02d6b1a9be,TID_CLAN_WAR_LEAGUE_SIGNUP_EXPIRY,ينتهي تسجيل الاشتراك في الدوري خلال:<time>
b569ce3f78d6a71d,TID_LEAGUE_INFO_LOOT_BONUS_PROMO,في الدوري الجديد، سيمنحك الفوز بمباراة مكافأة دوري قصوى مقدارها:
663515ba464f8562,TID_LEAGUE_TIER_1_RANK_3_SHORT,الهيكل العظمي 1
339cf46c1ea8abd0,TID_RANKED_MODE_INFO_BATTLE_1,عقب بدء المعركة، سيمكنك البدء في شن عدد معين من الهجمات.
1b8496d6eae393a7,TID_GP_POP_FORGE,خانة ورشة صياغة تلقائية
7790f0b3be3d088f,TID_LEAGUE_TIER_7_RANK_2,دوري الغولم 20
ff197c875b113030,TID_LEAGUE_TIER_4_RANK_2_SHORT,الساحر 11
19b5a6709088b03b,TID_LEGEND_SHIELD_FTUE,خذ استراحة في دوري الأسطورة عبر درع الأسطورة. سيحمي الدرع كؤوسك طوال يوم الدوري التالي.
ad1b78bc30852d98,TID_RANKED_SIGNUP_PENDING_INFO,جارٍ إعداد البطولة...
215f3b3f9b60066e,TID_PLACEMENT_THIRD_SHORT,الثالث
74b2b64c328a90b1,TID_LEAGUE_INFO_POPUP_TAB_BATTLE,المعركة
ec0e6b2b6664b259,TID_LEAGUE_TIER_2,البربري
fdd0714c44126a48,TID_STARTERARMY_TH8_WHIRLWIND_ENTRY,قاعة المدينة 8 - العواصف الدوّارة
49283ec550f91a96,TID_CLASHARAMA_KING,ملك Clash-A-Rama
df01fff674a3c2f0,TID_BATTLE_LOG_IN_PROGRESS,الدفاع قيد التقدم...
32c15422b14cc7c2,TID_GOLDEN_SHIELD_TITLE,الدرع الذهبي
55ac2151ff690831,TID_ADVANCED_MODE_DESC,تلحق الدفاعات ضررًا إضافيًا بنسبة 14%. تزيد صحة الأبطال المدافعين وضررهم بنسبة 14%. تقل صحة الأبطال المهاجمين وضررهم بنسبة 6%.
c84c381a9b9bbc56,TID_LEAGUE_TIME_LEFT_CURRENT_LL_DAY,ينتهي اليوم خلال:
c860081ee9841927,TID_GP_POP_OFFER2,خصم 20% لكل التكاليف والمؤقتات
629725adaaff10b6,TID_MODE_TITLE_MINUS_ONE,خبير
7fb3bba41f7e0046,TID_SPRING_TRAP_ABILITY_NAME,الدفعة القوية
c5a07ae29e42effc,TID_LEAGUE_INFO_LOOT_BONUS3,الاشتراك في الدوري سيمنحك مكافأة دوري على كل انتصار.
8e33963a2d7d114a,TID_TRAP_DAMAGE_TO_PETS,الضرر الملحق بالحيوانات الأليفة: <number>
83750bcda6d1432c,TID_BATTLE_MODE_INFO_REVENGE_1,أتريد الانتقام من الخصم الذي نهب مواردك؟ يمكنك الانتقام من مهاجميك باختيارهم من سجل الدفاع.
90185d0a2c5a9ce8,TID_ACHIEVEMENT_RANKED_TITLE_5,أستاذ الدوري
5ea5b24e4cfa643b,TID_CLASHARAMA_2_MINION_PRINCE,أمير الحمم
4793a5c023d6e162,TID_LEAGUE_TIER_3_RANK_3,دوري رامية السهام 7
7b44926ff04c7272,TID_LEAGUE_TIME_UNTIL_NEXT_LL_DAY,الوقت حتى بداية اليوم التالي
4303bf8d1d88ae38,TID_LEAGUE_SEASON_ENDED_MONTH_1,انتهت البطولة: <day> يناير <year>
cc2b625a2de1e979,TID_BATTLE_MODE_INFO_REVENGE_2,حتى الدروع السحرية لن تمنع الهجمات الانتقامية.
22183a21613ef02f,TID_LEAGUE_TIER_9_RANK_2,دوري الجبابرة 26
5e555be45bbc2d59,TID_BUTTON_LEAGUE_OVERVIEW,نظرة عامة على الدوري
05120d08e3d6ed9c,TID_ACHIEVEMENT_RANKED_2_PROGRESS_1,بلوغ دوري فالكيري 15
ba256c4605e0a0be,TID_SHOP_SHIELD_1D,درع اليوم الواحد السحري
16f1ce8f603d31d3,TID_BATTLE_DETAILS_DESTRUCTION_DEFENSE,متوسط الدمار لكل دفاع
b0247902df7df60b,TID_STARTERARMY_TH6_SKY_SURGE,قاعة المدينة 6 - اندفاع السماء
759e3454fae42c1d,TID_RANKED_ATTACKS_COMPLETED,اكتملت الهجمات!
13530f5561ab217a,TID_BATTLE_MODIFIER_4,Esports
d31787030878a438,TID_LEAGUE_TIER_10_RANK_3,دوري التنين 28
0da9589057eb7aca,TID_LEGEND_MODE_INFO_SHIELD_3,لا يمكنك تفعيل درع أسطورة أو إزالته خلال يوم دوري جارٍ.
4f728dc8be2ee411,TID_ALLIANCE_SEARCH_HINT,اكتب اسم القبيلة أو بطاقة تعريف القبيلة
61ce2aaa538c6a18,TID_LEAGUE_INFO_POPUP_TAB_DEFENSE,الدفاع
f3ba8e4455d52fb4,TID_SHOP_MAGIC_SHIELD_2D_INFO,احم مواردك لمدة يومين كاملين. درع اليومين السحري سيحمي مواردك من المهاجمين لمدة 48 ساعة. شراء أكثر من درع يراكم مُدد الفعالية.
5ba2fa7eb883c0dc,TID_ACHIEVEMENT_RANKED_1_PROGRESS_1,بلوغ دوري البربري 6
6030dd4fd53e4475,TID_INFO_LEADERBOARD_BATTLE_DETAILS,تفاصيل المعركة: <name>
5fe025d47ce8c488,TID_WASTELANDS_DECO_COGULATOR_INFO,دلو التروس القوي الهائل هذا يمكنه التنبؤ بالمستقبل، بل وطباعته.
655516ec732f8562,TID_LEAGUE_TIER_1_RANK_1_SHORT,الهيكل العظمي 3
cdf2817277c11773,TID_RANKED_SIGNUP_PENDING,تم تسجيل الاشتراك
93c66f25bf3e355c,TID_LEAGUE_TIER_UNRANKED,غير مصنف
106b07a5e5c3266f,TID_LEAGUE_LL_ESTIMATED_SEARCH_TIME_TIME,الوقت المقدر: <time>
e59fe04c994e6b15,TID_LEAGUE_OVERVIEW_TOWN_HALL_REQUIREMENT,ابلغ قاعة المدينة <level> لفتح معارك المصنف وربح جوائز أكثر ومكافآت أكبر واللعب في سبيل المجد.
0355c4205e74f36a,TID_STARTERARMY_TH8_FLY_HIGH,قاعة المدينة 8 - التحليق عاليًا
358cc311b7775d75,TID_EVENTARMY_TH17_SEPTEMBER_WITCHES,الساحرات الشريرات
ad5ce6b4dcee4654,TID_MATCH_VICTORY_BONUS,مكافأة الدوري القصوى:
a591b0f45e48efc3,TID_HARD_MODE_MINUS_TWO_DESC,تلحق الدفاعات ضررًا إضافيًا بنسبة 7%. تزيد صحة الأبطال المدافعين وضررهم بنسبة 7%. تقل صحة الأبطال المهاجمين وضررهم بنسبة 3%. الحد الأقصى للمعدات الشائعة هو المستوى 16، أما الحد الأقصى للمعدات الممتازة، فهو المستوى 25.
b78764f84b9c408c,TID_BUTTON_RANKED_SIGNUP_CONFIRM,تسجيل الاشتراك
26770870af8da63e,TID_HINT_SHIELD_GAIN,ستتلقى درعًا سحريًا مجانيًا إذا أخذ مهاجم الكثير من غنيمتك.
919cb12365d09f59,TID_LEAGUE_PLACEMENT_UNCHANGED,احتفظت بمركزك في الدوري
393405dae0fc3041,TID_DECO_COMMUNITY_EAGLEHEAD,نُصب النسر
5a81087224d3cfe4,TID_RANKED_MODE_INFO_BATTLE_4,تحدد الكؤوس مركزك على لوحة الصدارة.
b7a35473c74eb2cd,TID_SHOP_SHIELD_7D,درع الأسبوع الواحد السحري
a8bb1395c280a55a,TID_LEAGUE_TIER_11_RANK_2,دوري الكهربائي 32
f3a64075c2efc3c5,TID_SPECIAL_REENG_TUTORIAL_3,اجعل قريتك جاهزة للقتال من خلال معسكرات التدريب المعززة للموارد.
319102120e9acb88,TID_BATTLE_LOG_MISSING_ATTACK,لم يُشن هجوم.
a9e018a8254b2b43,TID_REVENGE_COMPLETED,اكتمل الانتقام
d75b4d40bf76f3b5,TID_RANKED_LEGEND_RULE_TEXT_1,العب ضد الأفضل في العالم.
92b474f9ebe4111e,TID_METEOR_GOLEM,الغولم النيزكي
afe81a725aa7c891,TID_GHOST_DEFENSE_INFO,سيجري هذا الدفاع لاحقًا خلال البطولة أو يكون متوسط دفاعاتك الأخرى.
f9e3fa7648eb7fb7,TID_METEOR_GOLEM_INFO,من الفضاء الكوني إلى قلب جيشك. هذا الثنائي القذّاف يرمي نفسه على أي شيء لإلحاق ضرر قريب المدى. عندما ينفصل صغيرا الغولم النيزكي، يهاجمان الأهداف القريبة أو يندمجان مع صديق لتكوين غولم نيزكي.
3cd866b643d89b44,TID_PLACEMENT_SECOND_SHORT,الثاني
6074b699e173e2b9,TID_2017_CLASHMAS_TREE,شجرة Clashmas ‏2017
3a090e3c4fbc716a,TID_CHALLENGE_TITLE_HARD_MODE,Esports
a600a15d0543280b,TID_EVENTARMY_TH16_CLASHERAMA_MASS_MINERS,مهرجان عامل المنجم!
45885bb4db7af881,TID_JOIN_LEAGUE_INFO_TEXT,اربح الكؤوس من المعارك وارتق في الدوريات. ستكافئك الدوريات العليا بمكافأة دوري وجوائز زائدة ضمن مكافأة النجوم.
4e37832c93d93548,TID_LEAGUE_TIER_5_RANK_1_SHORT,فالكيري 15
0187f56d3974e2e7,TID_HARD_MODE_MINUS_THREE_DESC_LIST,• تلحق <cff4b84ff>الدفاعات</c> ضررًا إضافيًا بنسبة 7%.\n• تزيد صحة <cffff4ba8>الأبطال المدافعين</c> وضررهم بنسبة 7%.\n• تقل صحة <cffff4ba8>الأبطال المهاجمين</c> وضررهم بنسبة 3%.
3d7a9ab77b5e2d9b,TID_OBSTACLE_COSMICTREE,النبتة الملعونة
1acbd62122faf485,TID_LEAGUE_TIER_10,التنين
246e37b32efc6705,TID_SETTING_HIDE_DECO_IN_BATTLE,إخفاء الزينات والعوائق خلال المعركة
45acb22b003bb1e6,TID_CLASHARAMA_CHAMPION,بطلة Clash-A-Rama
f5c6df103c93a048,TID_HINT LEAGUE_PLACEMENT,افتح معارك المصنف في قاعة المدينة 7 وقاتل لنيل المجد.
bc6dcf980e1b64c4,TID_LEAGUE_SEASON_ENDED_MONTH_4,انتهت البطولة: <day> أبريل <year>
60c2d830e5a84fb3,TID_NEXT_LEAGUE_START_TIME,تبدأ البطولة التالية خلال: <league_start_time>
86287d794bd10890,TID_MODE_SELECT_RANKED,معركة المصنف
8d1dbfd8886b0a99,TID_PLACEMENT_FIRST,المركز الأول
41a6f99d313b65e3,TID_HINT LEAGUE_SHUFFLING,تجري بطولات المصنف لمدة أسبوع واحد، بينما تجري بطولات دوري الأسطورة لمدة شهر واحد.
c2c498995d6db93c,TID_STARTERARMY_TH10_BOWLER_SMASH,قاعة المدينة 10 - تدمير باولر
5db9c2985f31450a,TID_LEGEND_LOW_TROPHY_DISCLAIMER,ارفع عدد كؤوسك فوق 4900 قبل نهاية يوم الأحد للبقاء في الدوري.
a60920d0c69cb547,TID_MODE_SELECT_CASUAL,المعركة
d5b24222c03af14d,TID_LEAGUE_TIER_3_RANK_3_SHORT,رامية السهام 7
4031ce80bc5ae50e,TID_LEAGUE_TIER_8_RANK_1,دوري بيكا 24
acaa251da8dfb68a,TID_LEGEND_MODE_INFO_DEMOTION_3,إذا خرجت من دوري الأسطورة، فبإمكانك تسجيل الاشتراك في البطولة المتاحة التالية في الدوري الجديد لديك.
c08cc311b1aaeba8,TID_EVENTARMY_TH12_SEPTEMBER_WITCHES,الساحرات الشريرات
1fda7438e11b88a5,TID_SPECIAL_REENG_TUTORIAL_6,العرق خير من الغنائم!
6310e7d8e173e2b9,TID_2012_CLASHMAS_TREE,شجرة Clashmas ‏2012
748cc311b6b18619,TID_EVENTARMY_TH16_SEPTEMBER_WITCHES,الساحرات الشريرات
7d93e5699e03e419,TID_HARD_MODE_MINUS_TWO_DESC_LIST,• تلحق <cff4b84ff>الدفاعات</c> ضررًا إضافيًا بنسبة 14%.\n• تزيد صحة <cffff4ba8>الأبطال المدافعين</c> وضررهم بنسبة 14%.\n• تقل صحة <cffff4ba8>الأبطال المهاجمين</c> وضررهم بنسبة 6%.
eeced86a02597d3f,TID_MY_TOWN_HALL,قاعة مدينتي
b1b414e061cef867,TID_BATTLE_DETAILS_AVERAGE_STARS,متوسط النجوم لكل هجوم
4e88e430a921bf48,TID_TRAP_EJECTOR_INFO,هذا الفخ الصغير يرمي الزوار غير المرغوب بهم من مساحتك.
22e00b18e5b9aa51,TID_RANKED_RULE_TEXT_1,تبدأ البطولات كل <duration>
e72340319a49e56a,TID_STARTERARMY_TH9_LAVALOON,قاعة المدينة 9 - بالون كلب الحمم
b8ef253b635adad3,TID_POPUP_GOBLIN_RESEARCHER_DISCLAIMER,لا يزال باحث الغيلان بحاجة إلى الموارد والوقت للبحث.
fb5358bbaac85989,TID_STARTERARMY_TH7_GIANT_BLAZE,قاعة المدينة 7 - العملاق المشتعل
0c7cc6d2df1d63f0,TID_SCENERY_COSMICCURSE,
5d288411b05f8a4e,TID_INFO_RANKED_MODE,معلومات الوضع المصنف
e74b90648de8048a,TID_TRAINING_LEVELS_DESCRIPTION,اصقل مهاراتك بإستراتيجيات هجومية مختلفة. ستفتح مستويات التدريب بينما تقوم بترقية قاعة المدينة.
ff27b93894ca1885,TID_POPUP_BREAK_SHIELD_TEXT,هل تريد بالتأكيد إزالة درعك؟
de4f1a8a0632db37,TID_LEAGUE_INFO_POPUP_TAB_DEMOTION,خفض الترتيب
e05b9c8135416232,TID_NEXT_DAY_SHIELD_ACTIVE,لا يمكنك الهجوم أو التعرض للهجوم. <cffcc33>أزل الدرع قبل بداية اليوم التالي</c> لاستئناف الهجوم والدفاع.
aa2278a365bc0212,TID_BUTTON_LEAGUE_RANKING,ترتيب الدوري
1cb4ecbc641ac4b9,TID_LEAGUE_TITLE2,يستمر موسم كل دوري لمدة شهر واحد. في بداية الموسم، هاجم قرية أي لاعب لرؤية الدوري الجديد ومكافأة الدوري.
924f26dd53f4a301,TID_PLACEMENT_UNPLACED_SHORT,غير موضوع
fc43f90141d80782,TID_ACHIEVEMENT_RANKED_3_PROGRESS_1,بلوغ دوري بيكا 24
5430b659dd0b6c50,TID_BATTLE_MODIFIER_BUTTON_TEXT,المغيّر: <name>
1adbc53156e66fe4,TID_LEAGUE_BONUS,مكافأة الدوري
a3f26cbe6996d7da,TID_LEAGUE_SIGNUP_MODIFIER_INFO,مغيّرات <league_name>
059d9d0e5dd41cb2,TID_RANKED_RULE_TEXT_2,تنافس في مجموعات مكونة من <group> بحد أقصى
d8a8db2b6114acfc,TID_LEAGUE_TIER_6,الساحرة
e6f45bacf7adb8bb,TID_ATTACK_LEAGUEGROUP_FAIL_GENERIC,لا يمكن شن هجوم على قرية مصنفة!
d19898eab5982936,TID_BABY_DRAGON_ABILITY_NAME,العصبية
f9d35db06ec53184,TID_LEAGUE_LEADERBOARD_ATTACKS_COUNT,الهجمات: <count>/<total>
bb244eb749dc73f0,TID_BATTLE_MODE_INFO_TITLE,معلومات المعركة
f49ffe8ff70db9f5,TID_ATT_UC_DISAGREE_OK_BUTTON,موافق
64475d5bcc1b6ff4,TID_LEAGUE_TIER_9,الجبابرة
254f82f773d88791,TID_NEXT_DAY_SHIELD_INACTIVE,أتحتاج إلى راحة؟ تخلّ عن الهجوم والدفاع لليوم التالي من خلال شراء درع أسطورة.
9f24898da9566ceb,TID_RANKED_MODE_FTUE_3,هنا يتقاتل الزعماء على المجد.
71d711ac9a983057,TID_LEAGUE_TIER_7_RANK_3_SHORT,الغولم 19
9e08f919a3ac299e,TID_LEADERBOARDBANNER_REWARD,تتلقى أفضل 3 قبائل: (تُقسم بشكل متساوٍ بين أفضل <number> من اللاعبين في القبيلة)
43cee7530476c7e1,TID_TUTORIAL_TH12_2,احم قاعة مدينتك بالدفاعات حتى يتمكن سلاحها من إلحاق ضرر أكثر.
a8c29fe8b81d8f13,TID_LEAGUE_LEGENDARY_SHORT,الأسطورة
ef8308537e19de59,TID_LEAGUE_TIME_UNTIL_NEXT_LL_DAY_TIME,الوقت حتى بداية اليوم التالي <time>
b86d933a5d01d89a,TID_SPECIAL_REENG_TUTORIAL_5,هذا هو المطلوب، استشعر حرارة الجهد أيها الزعيم!
1e743d27b9cd44d9,TID_STARTERARMY_TH13_DRAGONFIRE,قاعة المدينة 13 - نار التنانين
9282214913822743,TID_LEAGUE_INFO_POPUP_TAB_REVENGE,الانتقام
8e9d91cb7f870709,TID_ACHIEVEMENT_RANKED_5_PROGRESS_3,بلوغ دوري الأسطورة
8424c395c280a559,TID_LEAGUE_TIER_11_RANK_1,دوري الكهربائي 33
83b8cb7be74b29a1,TID_CHARACTER_INFO_TREANT,تنسجم هذه المحاربة الأرضية مع الطبيعة لدرجة أنها لا تحتاج إلى المشي بنفسها. تخوض المعركة وهي تعتلي جذر شجرة قويًا، بينما تخترق الجدران وتحطّم الدفاعات إلى فتات.
54b1b19ef0089dae,TID_LEAGUE_TIER_3,رامية السهام
4a646fe701dca6a2,TID_CLASHARAMA_QUEEN,ملكة Clash-A-Rama
98c1f8d132addf88,TID_GP_POP_BOOKS,+ 4 كتب
2c15c8f036777142,TID_BUILDING_GEN_DIRECT_HERO_CONTROL_MAIN_BUILDING,المفرقعات المشتعلة
226690a6d9f6ae63,TID_RANKED_POPUP_TITLE_SIGNED_UP,تبدأ البطولة قريبًا
b787145add4138c1,TID_STARTERARMY_TH17_ROOT_RIDERS,قاعة المدينة 17 - جذور ملكية
c206e3919a6f5a3e,TID_DECO_COSMIC_BOOK_OF_SPELLS,المجلد الملعون
8f67ffba276c10ac,TID_LEGEND_MODE_INFO_OVERVIEW_1,دوري الأسطورة هو الميدان الذي يختبر فيه أفضل اللاعبين مهاراتهم.
d33de54e12ee01ea,TID_LEAGUE_TIER_11,الكهربائي
5361337adf75f072,TID_TOWN_HALL_INFO,\nهذا قلب قريتك. قم بترقية قاعة المدينة لفتح دفاعات ومبان وفخاخ جديدة وغير ذلك المزيد.\n\nعند تدمير قاعة مدينة خصم، تحصل على نجمة في المعركة. احم قاعة مدينتك من الهجمات بوضعها في وسط قريتك وإحاطتها بالجدران والفخاخ والدفاعات.
0f50c00063187a93,TID_NEXT_LEAGUE_DAY_TIMER,يبدأ خلال <time>
4d36c3ceb5928e18,TID_BATTLE_MODIFIER_1,خبير
009bf02e2d4e0d37,TID_CLAN_MINIMUM_BUILDER_BASE_LEAGUE,دوري قاعدة البنّاء المطلوب:
c895474ffc58a89f,TID_STARTERARMY_TH5_BLAST_AND_BASH,قاعة المدينة 5 - التفجير والدعس
529a4bea59b69bb2,TID_LEGEND_MODE_INFO_SHIELD_1,يمكنك الاستراحة من الهجوم والدفاع بشراء دروع الأسطورة من المتجر.
7ba330a2be3d088f,TID_LEAGUE_TIER_7_RANK_3,دوري الغولم 19
7dbbb9672e3275fb,TID_REVENGE_ATTACK,هجوم انتقامي!
79d29dc00e31c01d,TID_RANKED_MODE_FTUE_1,أخبار سارّة يا زعيم! ذاع صيت انتصاراتك في المعارك.
930b2131750ec213,TID_ATT_UC_DISAGREE_TITLE,تمكين التتبع
2e3207cb41052816,TID_LEAGUE_LEADERBOARD_DEFENCES_COUNT,الدفاعات: <count>/<total>
9a529acd136ed87f,TID_STARTERARMY_TH16_ELECTRO_DRAGONS,قاعة المدينة 16 - العاصفة الكهربائية 3
65d8455ae173e2b9,TID_2018_CLASHMAS_TREE,شجرة Clashmas ‏2018
4e03a5c188cc5162,TID_LEAGUE_TIER_3_RANK_2,دوري رامية السهام 8
f8735bc7226371ed,TID_LEAGUE_TIME_LEFT_CURRENT_LL_DAY_TIME,الوقت حتى انتهاء اليوم <time>
a1f5ef13c34320eb,TID_COSMICCURSE_CHAMPION,
708b077cce4d0789,TID_LEAGUE_TIER_8_RANK_2_SHORT,بيكا 23
76884e0eb75b1022,TID_LEAGUE_TIER_2_RANK_1_SHORT,البربري 6
9c9351db739fd1ec,TID_COSMICCURSE_DECO_LANTERN_INFO,يستخدم الآمر الأبدي فانوسه الكوني للعثور على عوالم جديدة في الأكوان... ثم يصيبها باللعنة.
05667c379aea2810,TID_LOG_CASUAL_MODE,سجل المعركة - الوضع اللا تنافسي
219746da18f18b73,TID_RANKED_TOURNAMENT_END_TITLE,انتهت البطولة
ad4dc8fcd6c63f06,TID_LEAGUE_TIER_1,الهيكل العظمي
42567644dd607afc,TID_GP_POP_PERKS,امتيازات القبيلة
e8e641d80a115eaf,TID_SHOP_SHIELD_2D,درع اليومين السحري
a6686548d20da674,TID_RANKED_MODE_FTUE_2,تأهلت قريتنا لخوض <c2c84ad>معارك المصنف</c>.
a600a15901432c0f,TID_EVENTARMY_TH12_CLASHERAMA_MASS_MINERS,مهرجان عامل المنجم!
cfb88cfbc95adaa5,TID_RANKED_LOG_CURRENT_LISTING,مراكز المصنف الحالية
49136de5373f65a3,TID_SHIELD_INFO_ITEM3,لا تؤثر الدروع السحرية على معارك دوري الأسطورة أو معارك المصنف. دورها حماية الموارد من الهجمات المستمرة فقط.
a87bad65254ab3c8,TID_SHOP_LEGENDS_SHIELD_2D,درع أسطورة ليومين
44cbacf3fe55230d,TID_CYBERPUNK_KING,
67f38fb943a87fb7,TID_LEAGUE_TIER_6_RANK_2,دوري الساحرة 17
ee721d34cc4c850c,TID_NEXT_LEAGUE_DAY,يوم الدوري التالي
3327d7b7df5502cf,TID_RANKED_MODE_INFO_BATTLE_2,ستتعرض للهجوم من اللاعبين الآخرين في مجموعتك؛ فجهّز دفاعاتك.
c5b1a9ef26f983b0,TID_ALLIANCE_JOIN_ERROR_AVATAR_IS_LEADER,تم إلغاء دعوة القبيلة لأنه لا يمكنك الانضمام إلى قبيلة جديدة بينما أنت قائد قبيلة حاليًا.
182fca72cb612067,TID_RANKED_MODE_INFO_PREP_1,سجّل الاشتراك في بطولة ليتم إدراجك في مجموعة وتبدأ المنافسة.
ad34f4fb7965c1b6,TID_PLACEMENT_RD,المركز <value>
65544ff55f353f1f,TID_CHARACTER_DEBRIS,
40ac0e6ade486933,TID_HINT_SHIELD_GAIN_TIME,اشتر درعًا سحريًا واطمئن أن مواردك ستكون تحت الحماية.
63f1a2cde173e2b9,TID_2013_CLASHMAS_TREE,شجرة Clashmas ‏2013
835b2dc23617c6a8,TID_SHOP_CATEGORY_CONSUMABLES,قابلة للاستهلاك
549c03c523fa4c8a,TID_RANKED_LEGEND_SHIELD_EXPIRES_IN,الوقت حتى انتهاء صلاحية اليوم
29ec036cbf2503a2,TID_TRAP_DAMAGE_TO_SIEGE_MACHINES,الضرر الملحق بآلات الحصار: <number>
fd5758ecd97398ab,TID_LEAGUE_SEASON_ENDED_MONTH_3,انتهت البطولة: <day> مارس <year>
e4d4c9d7778dcc7f,TID_HINT_TROPHY_COUNT,اختبر مهارتك في معارك المصنف وارتق في الدوريات.
ce13c971adea54a5,TID_STARTERARMY_TH12_FIRE_IN_THE_SKY_3,قاعة المدينة 12 - نيران في السماء 3
1849698a1c8494ba,TID_CLASHARAMA_MINION_PRINCE,أمير Clash-A-Rama
4ca5f3c58e76833d,TID_RANKED_MODE_INFO_OVERVIEW_2,اربح المعارك للارتقاء في لوحة الصدارة وتحقيق المجد.
3ce5c1ac9a98318c,TID_LEAGUE_TIER_7_RANK_2_SHORT,الغولم 20
b31c01f9638e975a,TID_SEASONAL_DEFENCE_ERROR_ARCHETYPE_UPGRADING,يقوم الدفاع بترقية أحد الإحصاءات بالفعل.
fe3c31e992604f9e,TID_LEAGUE_INFO_POPUP_TAB_OVERVIEW,نظرة عامة
af4a0b74df27819f,TID_LEAGUE_OVERVIEW_BATTLES_PER_SEASON,<amount> من المعارك في الدوري
82bb118088bb0b9e,TID_STARTERARMY_TH9_GO_WITCH,قاعة المدينة 9 - انطلقي يا ساحرة
99b4fd56c284d50d,TID_HINT_PEKKA_TRAP,درع بيكا ثقيل للغاية لكن فخاخ الزنبرك ما زالت قادرة على دفعها للخلف.
63f08102de73e2b9,TID_2023_CLASHMAS_TREE,شجرة Clashmas ‏2023
4d71f9b5c05070d4,TID_COSMICCURSE_MINION_PRINCE,
c1fd3bdcc9998cd4,TID_LEGEND_MODE_INFO_DEFENSE_2,سيبقى مخطط دفاعك نشطًا إلى أن تغيره.
f35353d03617b4d3,TID_GP_POP_SUBTITLE,افتح جوائز رائعة
49b7a12c93d93548,TID_LEAGUE_TIER_5_RANK_3_SHORT,فالكيري 13
6f6d2ee4f3426ce8,TID_HINT TOURNAMENT,يُعاد ضبط بطولات دوري الأسطورة كل أربعة أسابيع.
593e5ad90a6b67ab,TID_LEAGUE_HISTORY_PLACEMENT,المركز <num>
a600a15800432d0e,TID_EVENTARMY_TH13_CLASHERAMA_MASS_MINERS,مهرجان عامل المنجم!
e94284e93ad1ecdc,TID_SHOP_MAGIC_SHIELD_2D,درع ليومين
a600a15a02432f0c,TID_EVENTARMY_TH11_CLASHERAMA_MASS_MINERS,مهرجان عامل المنجم!
4421ce80bc58889e,TID_LEAGUE_TIER_8_RANK_2,دوري بيكا 23
6095f38ce173e2b9,TID_2016_CLASHMAS_TREE,شجرة Clashmas ‏2016
4c81fcc7cbafbeb7,TID_SHIELD_ACTIVE_TEXT,نشط
fb7d108a04d26651,TID_ALLIANCE_JOIN_ERROR_AVATAR_IS_NOT_IN_CORRECT_STATE_TO_JOIN,تعذر قبول الدعوة لأن اللاعب لا تنطبق عليه الحالة الملائمة للانضمام إلى القبيلة.
07e6a2175093a605,TID_DECO_COSMIC_BOOMBOX,مكبر الصوت
d53dea0d719a0de8,TID_SETTING_HIDE_DECO_IN_BATTLE_INFO,يجري إخفاء الزينات والعوائق فقط في معارك القرية الأم.
bc710c4fd310e79b,TID_LEAGUE_SIGNUP_TIME,الوقت حتى انتهاء تسجيل الاشتراك
97916c1a27b5c959,TID_GP_POP_BP,نقاط إضافية
b410cd3588cad759,TID_BUILDING_GEN_SPELL_CAGE,قِدر التعويذات
c22faa0c6c83d07b,TID_RANKED_CANNOT_ATTACK_THROUGH_LEGEND_SHIELD,لا يمكن المشاركة في المعارك لأن لديك درع أسطورة نشط.
dec47742c03af14d,TID_LEAGUE_TIER_3_RANK_1_SHORT,رامية السهام 9
9420ded7dddbb6ba,TID_LEGENDS_DEFENCE_CC_TEXT,2. ضع تعزيزات دفاعية.
fd3baa5142c00c5c,TID_ACHIEVEMENT_RANKED_1_PROGRESS_2,بلوغ دوري رامية السهام 9
478305a25a8546af,TID_RANKED_LEGEND_RULE_TEXT_4,اربح كؤوس الأسطورة عند إعادة الضبط الشهرية
64e514115cff8562,TID_LEAGUE_TIER_1_RANK_2_SHORT,الهيكل العظمي 2
3bd45ddb15d7c027,TID_CHARACTER_ARTIFICER_INFO,
7623c080be3d088f,TID_LEAGUE_TIER_7_RANK_1,دوري الغولم 21
cf7d1075aa8fd0f2,TID_BUTTON_RANKED_SIGNUP,تسجيل الاشتراك
af72470091ecac4e,TID_CREATORARMY_TH16__MOOSE_ROOTTITANS,جبابرة الجذور
297bf27498c51059,TID_HINT LEAGUE_PROMOTION,اربح الكؤوس للارتقاء في الدوريات بمعارك المصنف. تمنح الدوريات الأعلى مكافآت دوري ومكافآت نجوم أفضل.
fd66b38d7856ed24,TID_STARTERARMY_TH6_GOB_SMASH,قاعة المدينة 6 - تدمير الغول
de9417210878a438,TID_LEAGUE_TIER_10_RANK_1,دوري التنين 30
dbb810f285ea857b,TID_ACTIVE_COLORED,نشط
4f1e5c09a371be70,TID_POPUP_UNDER_ATTACK_LIVE_REPLAY,يهاجم قريتك!
54b7a9c96dd7e87e,TID_STARTERARMY_TH11_DRAGONS,قاعة المدينة 11 - أطلقوا التنانين
4e8074289b9e451f,TID_ACHIEVEMENT_RANKED_TITLE_1,متابع الدوري
8d9c1fa15b809d73,TID_GP_POP_MORE_ALT,والمزيد
f3c8de72e99699db,TID_RANKED_MODE_INFO_RESULTS_2,سيرتقي اللاعبون أصحاب أعلى أداء إلى دوريات أعلى، وينزل اللاعبون أصحاب الأداء الأدنى إلى دوريات منخفضة، بينما يظل اللاعبون المتبقون في نفس الدوري.
564cfd73f567de8f,TID_LEAGUE_HISTORY_STARS_COUNT,إجمالي النجوم: <total>
b171a395c280a55b,TID_LEAGUE_TIER_11_RANK_3,دوري الكهربائي 31
1a52e33abac98d8d,TID_BUILDING_GEN_TROOP_CAGE,قفص القوات
84102746d1a67111,TID_CHARACTER_ARTIFICER,
54573f7feb7fb049,TID_LEAGUE_TIER_2_RANK_1,دوري البربري 6
9b34f4fb796c732d,TID_PLACEMENT_TH,المركز <value>
ccd4bc6f3d16844f,TID_CHARACTER_DEBRIS_INFO,
6d83d6a442561441,TID_SHOP_MAGIC_SHIELD_1D,درع ليوم واحد
4591ce80bc5953ee,TID_LEAGUE_TIER_8_RANK_3,دوري بيكا 22
44b4827954ef838c,TID_BATTLE_MODE_MODIFIER_FRIENDLY_CHALLENGE,هل تريد تطبيق مغيّرات المعركة؟
3ea02906a38a68d3,TID_RANKED_MODE_INFO_RESULTS_1,عند انتهاء مرحلة المعركة، ستظهر النتائج.
27e44d72d4f3e43a,TID_SCENERY_CYBERCLASH,
2f87f61f3c4c7abc,TID_LEAGUE_LEADERBOARD_DEFENCES_PERFORMED,الدفاعات:
b72072597fb73900,TID_LEAGUE_TIER_4_RANK_3,دوري الساحر 10
84e4d3c11792a956,TID_OBSTACLE_RARE_ORE_STONE,الحجر النابض
057083b6498b0367,TID_RANKED_AUTO_SIGNUP_ON,تسجيل الاشتراك التلقائي مفعّل
03de3012bf1c82cc,TID_CLAN_TAG,بطاقة تعريف القبيلة:
ec34f4fb7978776d,TID_PLACEMENT_ST,المركز <value>
a261b9b64c8a96b9,TID_RANKED_MODE_INFO_RESULTS_3,عند انتهاء البطولة، يمكنك تسجيل الاشتراك في البطولة التالية.
dd52ed4e09c17e28,TID_LEGEND_MODE_INFO_DEFENSE_3,سيظل ممكنًا اللعب بينما تتعرض للهجوم في دوري الأسطورة.
9281b7bff3e6e611,TID_STARTERARMY_TH14_LAVALOON_3,قاعة المدينة 14 - بالون كلب الحمم 3
a61a47d6a9bb6cad,TID_LEAGUE_SEASON_ENDED_MONTH_8,انتهت البطولة: <day> أغسطس <year>
0e4d62dbc1ba51a4,TID_CLASHARAMA_2_QUEEN,الملكة بيكا
1c0a3f20270c7647,TID_LEGEND_MODE_INFO_DEMOTION_2,إذا نزلت تحت 4900 كأس قبل انتهاء الأسبوع، فمازال أمامك فرصة للقتال والرجوع إلى مكانتك في الدوري.
82c5e1a19241a9dd,TID_ACHIEVEMENT_RANKED_4_PROGRESS_1,بلوغ دوري التنين 29
078b98dbf65a8a8d,TID_COSMICCURSE_DECO_LANTERN,الفانوس الكوني
efe270ed8efce2e0,TID_SPECIAL_REENG_TUTORIAL_9,الجميع في انتظارك أيها الزعيم.
e1cabd0a5f48863c,TID_LEAGUE_SEASON_ENDED_MONTH_11,انتهت البطولة: <day> نوفمبر <year>
859d7d3f9502e75a,TID_STAR_BONUS_HELP_TEXT,اربح خمس نجوم من المعارك المتعددة اللاعبين لربح مكافأة!
43d8d4aeb31fe20b,TID_LEGEND_MODE_INFO_TITLE,معلومات دوري الأسطورة
3aa90c0077194602,TID_LEGEND_SHIELD_INACTIVE,يمكنك الهجوم والتعرض للهجوم في دوري الأسطورة
e081851a272f4b07,TID_HINT_SHIELD_LOSE,تمنحك الهجمات الانتقامية الفرصة لاسترداد مواردك المنهوبة.
c41dd2212f74b616,TID_LEAGUE_SEASON_ENDED_MONTH_12,انتهت البطولة: <day> ديسمبر <year>
6311c417de73e2b9,TID_2022_CLASHMAS_TREE,شجرة Clashmas ‏2022
ab36b7d9cfc39913,TID_RANKED_RULES_TITLE,آلية العمل
20c83a21613fe03e,TID_LEAGUE_TIER_9_RANK_3,دوري الجبابرة 25
9ebb27c8509b4cf6,TID_RANKED_SIGNUP_JOIN_ONGOING,الانضمام إلى بطولة
41cca8f3b96c07e3,TID_MAGIC_SHIELD_TITLE,الدرع السحري
85e485bea54dfa0d,TID_SETTINGS_TITLE_CONSENT_CHOICES,خيارات الموافقة
56873c4fd87fb049,TID_LEAGUE_TIER_2_RANK_2,دوري البربري 5
61565a69de73e2b9,TID_2024_CLASHMAS_TREE,شجرة Clashmas ‏2024
60f0defd406affa5,TID_CLASHARAMA_2_CHAMPION,بطلة الييتي
6f46bfa2e51b7139,TID_LEAGUE_SEASON_ENDED_MONTH_7,انتهت البطولة: <day> يوليو <year>
b78cc311b4faebad,TID_EVENTARMY_TH15_SEPTEMBER_WITCHES,الساحرات الشريرات
7a9bada4063c8dd2,TID_STREAK_EVENT_PERK_LEAGUE_BOOST_INFO,مع مكافأة سلسلة أكبر، ستحصل على مكافأة دوري أكبر في الهجمات المتعددة اللاعبين.
df6380740a1310f0,TID_LEAGUE_TIER_11_RANK_1_SHORT,الكهربائي 33
3caaf828fdad0a28,TID_RANKED_POPUP_AUTO_SIGNUP_TOGGLE,استمرار تسجيل الاشتراك
45ca017bee901f55,TID_CLASHARAMA_WARDEN,آمر Clash-A-Rama
3cab6651f76d7144,TID_LEADERBOARD_TOWNHALL_SEASON,الترتيب العالمي الموسمي
e22a63b089176f52,TID_SCENERY_CLASHARAMA2025,
4a392c5f9f79efaf,TID_PROFILE_LEGACY_RECORD,الأفضل على الإطلاق (القديم):
255249aef67e3678,TID_MAGIC_SHIELD_FTUE,تحمي الدروع السحرية مواردك من الهجمات في المعارك العادية.
8b98d3acf1bef859,TID_LEAGUE_INFO_UNRANKED_WARNING,إذا لم تسجل الاشتراك في البطولة التالية، فسوف تخرج من التصنيف.
07c7cf3f09379960,TID_COSMICCURSE_WARDEN,
1389caa9e1e94b10,TID_LEAGUE_TIER_9_RANK_1_SHORT,الجبابرة 27
6d3f8b89e80884ca,TID_LEAGUE_LL_ESTIMATED_SEARCH_TIME,الوقت المقدر
c7c4b07ad39f6948,TID_RANKED_POPUP_TITLE_UPCOMING,سجّل الاشتراك في البطولة القادمة
e01ee8aa31546647,TID_GOLDEN_SHIELD_INFO3,يمكنك كسب الدرع الذهبي بعد تعرض قريتك الأم للنهب. للحفاظ على مخازنك، يمكنك أيضًا شراء الدرع الذهبي من المتجر.
cfebd32165ccb86a,TID_RANKED_MODE,معركة المصنف
d64c295b078b9601,TID_LEAGUE_HISTORY_EMPTY,أكمل بطولة دوري لاستعراض أدائك الماضي هنا.
f071b2f5772e6e4b,TID_ACHIEVEMENT_RANKED_2_PROGRESS_3,بلوغ دوري الغولم 21
5b9a538b8324e4a5,TID_LEAGUE_LEADERBOARD_TOURNAMENT_END,تنتهي البطولة خلال: <time>
a9c23878c396acef,TID_CLAN_MINIMUM_LEAGUE,الدوري المطلوب:
9ec30545393a693e,TID_LEAGUE_TIER_5,فالكيري
f5145145ac76e307,TID_DECO_COMMUNITY_EAGLEHEAD_INFO,تذكار لتكريم الدفاع الشهير الذي أطلق قذائف تأسر القلوب. لن ننسى كم كنت كبيرًا وأقرع وجميلاً.
12b9d3e40bc2c4d9,TID_STARTERARMY_TH4_BARCHER_BLAST,قاعة المدينة 4 - انفجار رامي السهام البربري
61b63cb3e173e2b9,TID_2015_CLASHMAS_TREE,شجرة Clashmas ‏2015
c0106bc89a12b128,TID_MISSING_ATTACK_INFO,هاجم خصمًا من الدوري المشترك فيه لربح الكؤوس.
f96ea8aebd696f12,TID_SPECIAL_REENG_TUTORIAL_7,فقط تخيل! ستحصل في مهرجان الصيف على تعزيزات موارد وتخفيضات في أوقات العدادات الزمنية...
8999ecef15c85369,TID_WAR_TEAM_TAB_ATTACKS,الهجمات
7e1f870c4ee4f396,TID_ATTACK_LEAGUEGROUP_BATTLE_COUNT_EXCEEDED,بلغت الحد الأقصى من المعارك لهذا الدوري بالفعل.
9279bb47170eedb4,TID_CHARACTER_INFO_TAX_COLLECTOR,هذا الطماع! يستهدف جامع الديون مباني الموارد والغنائم أكثر من الغول العادي. لا يأخذ الغنائم الإضافية من المدافع، بل ينتجها جامع الديون بنفسه.
a59c7c35d8520557,TID_GP_POP_BANK,بنك موسم أكبر
7428643a9cb42df9,TID_WASTELANDS_DECO_COGULATOR,طابعة الحظ
acc2e846d0efc398,TID_RANKED_MODE_SETUP_DEFENSES_2,يمكن إضافة قوات قلعة القبيلة الدفاعية مجانًا. قم بتعديلها هنا.
61b71f7cde73e2b9,TID_2025_CLASHMAS_TREE,شجرة Clashmas ‏2025
6e638fba739b7fb7,TID_LEAGUE_TIER_6_RANK_1,دوري الساحرة 18
2a79098245cd826a,TID_DECO_COSMIC_BOOK_OF_SPELLS_INFO,بمجرد قراءة عدة كلمات من هذا المجلد المخيف، تُطلَق لعنة كونية. ليست بالقراءة الممتعة.
f68cc311b53c30c1,TID_EVENTARMY_TH14_SEPTEMBER_WITCHES,الساحرات الشريرات
4e1b57a3ad6eb985,TID_SCENERY_MASHARAMA,منظر Mash-A-Rama
bbfbecd28590fe06,TID_ARMY_NAME,اسم الجيش
f08bc85a3e681dd7,TID_ATTACK_LEAGUEGROUP_NO_LEAGUEGROUP_ALLOCATED,لم يتم إدراجك في مجموعة دوري بعد.
9c9d6016a23eb24a,TID_GP_POP_POTIONS,+ 6 جرعات
c26a9b55680ad32b,TID_LEADERBOARD_TOP_PERCENTAGE_TITLE,أفضل
0de62cda688c8425,TID_RANKED_LEGEND_RULE_TEXT_2,هاجم ودافع يوميًا من أجل الكؤوس.
5cf5e6cf28392f2f,TID_MODE_TITLE_MINUS_THREE,متوسط
93d9fede780e7d38,TID_CREATORARMY_TH11_MOOSE_MASSDRAGONS,حشد التنانين
c134f4fb7965d5b7,TID_PLACEMENT_ND,المركز <value>
ded38074092323f0,TID_LEAGUE_TIER_11_RANK_2_SHORT,الكهربائي 32
3ec97c875b11325d,TID_LEAGUE_TIER_4_RANK_1_SHORT,الساحر 12
8c08cfc87343a03a,TID_LEGENDS_MATCHMAKING_SOON,قريبًا
6e2b4b4a3dd5a67b,TID_LEAGUE_START_TIME,الوقت حتى بداية البطولة
f0e87391a7b5830b,TID_HARD_MODE_DESC_LIST,• تلحق <cff4b84ff>الدفاعات</c> ضررًا إضافيًا بنسبة 20%.\n• تزيد صحة <cffff4ba8>الأبطال المدافعين</c> وضررهم بنسبة 20%.\n• تقل صحة <cffff4ba8>الأبطال المهاجمين</c> وضررهم بنسبة 10%.\n• يقل مستوى <cff4ebd59>المعدات الشائعة</c> بمقدار 3.\n• يقل مستوى <cff4ebd59>المعدات الممتازة</c> بمقدار 6.
25342d12e7316f5f,TID_STARTERARMY_TH5_LOOT_SMASH,قاعة المدينة 5 - غنيمة وتدمير
f98b847ef8f58492,TID_ACHIEVEMENT_RANKED_4_PROGRESS_3,بلوغ دوري الكهربائي 31
7b45b1dd446d83c1,TID_COOLDOWN_RANKED_MODE,الهجوم قيد فترة الانتظار
dac90396f6f99f1e,TID_LOG_RANKED_MODE,سجل المعركة - الوضع المصنف
ae42bc1d9ae89ddb,TID_PLACEMENT_THIRD,المركز الثالث
6b17e36184c3f5ea,TID_HINT_SHIELD2,درع سحري نشط يحمي مواردك من الهجمات.
46d6e11813da774f,TID_LEAGUE_LEADERBOARD_EMPTY,تنافس في بطولة دوري لرؤية مركزك بلوحة الصدارة هنا.
c6f1d84db4c3a4d9,TID_HINT LOOT_BONUS,أتريد غنيمة أكبر؟ انضم إلى دوري واحصل على مكافأة دوري عن كل هجوم ناجح.
6f37a5001226b80c,TID_LEAGUE_UNLOCK_TITLE,ابلغ قاعة المدينة <level> لفتح الدوريات
50a883a7a62b6395,TID_WASTELANDS_QUEEN,
0871ebd01c0a718d,TID_BATTLE_MODE_MODIFIER,مغيّر المعركة
f3c7a217fb1ff057,TID_LEAGUE_OVERVIEW_BATTLES_PER_SEASON_LEGENDS,<amount> من المعارك في اليوم
fc18b84864fd26c5,TID_CYBERPUNK_MINION_PRINCE,
352b005413e774ee,TID_LEAGUE_LEADERBOARD_PROMOTION_ZONE_TEXT,منطقة الترقية
d625e2f7a7271f06,TID_ACHIEVEMENT_RANKED_3_PROGRESS_3,بلوغ دوري التنين 28
d982a21a468f808e,TID_COMM_DECO_EDRAGSKULL,الجمجمة الكهربية
e91928f6be3cf37b,TID_BABY_DRAGON_ABILITY_HELP,عندما ينفصل عن الوحدات الجوية الأخرى، يزداد الضرر بمقدار <num>%
984ee87feb8735de,TID_BATTLE_MODE_INFO_REVENGE_3,ستتضمن القرية التي تهاجمها نفس كمية الموارد التي نُهبت منك على أقل تقدير.
0b22123bcb3ba18e,TID_PLACEMENT_FIRST_SHORT,الأول
fcbce12b452bdadd,TID_METEOR_GOLEM_SMALL,صغير الغولم النيزكي
f22c71eff3644878,TID_LEGENDS_SHIELD_2D_INFO,تخط الهجوم والدفاع لليومين التاليين في دوري الأسطورة. ممتاز إذا كنت تريد الاستراحة من المعركة.
696cb381a04dca4f,TID_REVENGE_BUTTON_LOOT_MULTIPLAYER,<number> من أمثال الغنيمة
35ab4e28a95a465f,TID_HINT LEAGUE_DEMOTION,إذا خسرت كؤوسًا كثيرة في معارك المصنف، فسيتم خفض ترتيبك. قاتل في سبيل تلك الكؤوس.
1556a3b8c938b42b,TID_LEAGUE_RESULTS_TITLE,نتائج البطولة
f7a3d97f217839c5,TID_SHOP_MAGIC_SHIELD_7D,درع لأسبوع واحد
ddc38a3c7912b211,TID_RANKED_AUTO_SIGNUP_TOGGLE,تسجيل الاشتراك التلقائي
df76b76bf85d7a63,TID_INTERMEDIATE_MODE_DESC,تلحق الدفاعات ضررًا إضافيًا بنسبة 7%. تزيد صحة الأبطال المدافعين وضررهم بنسبة 7%. تقل صحة الأبطال المهاجمين وضررهم بنسبة 3%.
e6adf0ff5b8406bd,TID_LEGEND_MODE_INFO_OVERVIEW_2,لكل لاعب عدد محدد من الهجمات والدفاعات في اليوم الواحد.
f9f90e553e2ee8e2,TID_ACHIEVEMENT_RANKED_5_PROGRESS_1,بلوغ دوري الكهربائي 32
4cb7b02c93d93548,TID_LEAGUE_TIER_5_RANK_2_SHORT,فالكيري 14
3849c5684876a3bd,TID_RANKED_MODE_SETUP_DEFENSES_1,ستبدأ المعارك قريبًا يا زعيم. لنبدأ في <c2c84ad>وضع الدفاعات.</c>
e94748f703fe380b,TID_BUILDING_GEN_DEFENCE_TROOP_CAGE,عمود العدو
27a34a29c76b6ad4,TID_RANKED_RULE_TEXT_3,الهجمات والدفاعات محدودة
2b70fb930ea29f1f,TID_HARD_MODE_DESC,تلحق الدفاعات ضررًا إضافيًا بنسبة 20%. تزيد صحة الأبطال المدافعين وضررهم بنسبة 20%. تقل صحة الأبطال المهاجمين وضررهم بنسبة 10%. تقل مستويات معدات الأبطال بمقدار 3 للشائعة و6 للممتازة.
64f558433a7524ca,TID_RANKED_ATTACK_BUTTON_LEGEND_SHIELD_ACTIVE,درع الأسطورة نشط!
50834e13d755cb62,TID_ABILITY_COOLDOWN_TIME,فترة الانتظار:
37e5e58b97c864c4,TID_RANKED_MODE_INFO_OVERVIEW_3,تنقسم البطولات إلى ثلاث مراحل: تسجيل الاشتراك والمعركة والنتائج.
afeead1e1f80f4bd,TID_STARTERARMY_TH12_DIG_AND_RIDE,قاعة المدينة 12 - حوِّل، انتهى 2
1cc49dff6122d322,TID_LEAGUE_SEASON_ENDED_MONTH_2,انتهت البطولة: <day> فبراير <year>
66438fb853b97fb7,TID_LEAGUE_TIER_6_RANK_3,دوري الساحرة 16
a600a15f07432a09,TID_EVENTARMY_TH14_CLASHERAMA_MASS_MINERS,مهرجان عامل المنجم!
6f19c4e7c159c412,TID_LEAGUE_OVERVIEW_SIGN_UP_INSTRUCTION,اشترك في معارك المصنف للارتقاء في الدوريات أو النزول فيها حسب أدائك. تتضمن الدوريات العليا جوائز أكبر.
147d0fdeb6a7ac0b,TID_ACHIEVEMENT_RANKED_1_PROGRESS_3,بلوغ دوري الساحر 12
dd895892c03af14d,TID_LEAGUE_TIER_3_RANK_2_SHORT,رامية السهام 8
8132806a6e802cae,TID_RANKED_RULE_TEXT_4,احتل أحد المراكز العليا للارتقاء
1239c999d2e94b10,TID_LEAGUE_TIER_9_RANK_2_SHORT,الجبابرة 26
335bb9cdeda2b70b,TID_HINT_TH12_MAX_LEVEL_WEAPON,احترس من الاندفاع إلى قاعة المدينة 12؛ فهي تنفجر عند تدميرها.
9674eadff767ab68,TID_OBSTACLE_EPIC_ORE_STONE,الحجر اللامع
246b4e0eb75b1020,TID_LEAGUE_TIER_2_RANK_2_SHORT,البربري 5
60ac69f1d7121619,TID_DEMOTION_LEGEND_TROPHY_COUNT,عدد كؤوسك كان أقل من <value>
5b0062701cd8ff31,TID_RANKED_MODE_INFO_TITLE,معلومات معركة المصنف
a600a15b03432e0d,TID_EVENTARMY_TH10_CLASHERAMA_MASS_MINERS,مهرجان عامل المنجم!
7d08b511890feca4,TID_LEAGUE_TIER_1_RANK_3,دوري الهيكل العظمي 1
d2a697120878a438,TID_LEAGUE_TIER_10_RANK_2,دوري التنين 29
5e2421596fa7237b,TID_STARTERARMY_TH7_FIRE_IN_THE_SKY,قاعة المدينة 7 - نيران في السماء
5a00480ca79511ef,TID_LEAGUE_TIER_5_RANK_1,دوري فالكيري 15
da61e345f7e7d621,TID_HINT_XBOW_AMMO,سجل الدخول باستمرار لإبقاء الأقواس والمجانق وأبراج النار ومدفعية النسر نشطة.
fe55c1ac9a9833e1,TID_LEAGUE_TIER_7_RANK_1_SHORT,الغولم 21
7396ed30c4556694,TID_LEAGUE_INFO_POPUP_TAB_SHIELD,الدرع
5c8c0d1b7423685e,TID_STARTERARMY_TH14_DRAGONS,قاعة المدينة 14 - اسحب وافلت
7f562cf5665637ec,TID_REMOVE,الإزالة
f845f1ca51ffe3fc,TID_DECO_EDRAGSKULL_INFO,ممنوع اللمس! خطر التعرض لصدمات إستاتيكية. متّع عينيك بهذه الزينة ذات الجمال الصادم.
bc7f475049cec32d,TID_RANKED_MODE_INFO_PREP_2,يمكنك تفعيل تسجيل الاشتراك التلقائي حتى لا تفوتك أي بطولة.
6539004fe173e2b9,TID_2019_CLASHMAS_TREE,شجرة Clashmas ‏2019
8f6d94f03be2aeba,TID_OBSTACLE_COMMON_ORE_STONE,الحجر المتوهج
c8869160e7834851,TID_BOOSTER_HERO_POTION_ENABLED,تم تعزيز الأبطال
5df8d6d27cc12651,TID_BUTTON_STATS,الإحصاءات
57e6100817cbeba7,TID_RANKED_MODE_INFO_OVERVIEW_1,لكل دوري في المعارك المصنفة بطولته الأسبوعية الخاصة.
c1c56852db1f8806,TID_SHOP_CATEGORY_CHESTS,الصناديق
ef2392e75b4f3ba6,TID_LEGENDS_DEFENCE_LAYOUT_TEXT,1. ضع مخطط دفاع.
d39f8db041f2423b,TID_RANKED_MODE_FTUE_4,انضم إلى البطولات واربح الكؤوس وابلغ الدوريات العليا لربح جوائز أكبر.
fb2b6114acfee1f9,TID_LEAGUE_TIER_4,الساحر
12127d6266a1488f,TID_ATT_UC_ERROR_CONNECTION,تعذر الاتصال بمدير الموافقة. يرجى التحقق من اتصالك بالإنترنت وإعادة المحاولة.
6ea059dd11a9722f,TID_BATTLE_MODE_INFO_SHIELD_3,لا يؤثر الهجوم على مدة الدرع السحري؛ فانطلق إلى المعركة وهاجم.
d0eaeb25236c92c9,TID_LEAGUE_TIER_7,الغولم
e04ff5eb0615cd87,TID_STARTERARMY_TH16_ROOT_RAIDERS_2,قاعة المدينة 16 - غزاة الجذور 2
f6e2713120aaf560,TID_SPECIAL_REENG_TUTORIAL_1,للأسف، قريتك ليست في أفضل حال، أيها الزعيم.
11430e34b7849a1b,TID_RANKED_MODE_INFO_OVERVIEW_4,اطلع على الفيديو الإرشادي لمعرفة مزيد من التفاصيل.
428cc311b2275d70,TID_EVENTARMY_TH10_SEPTEMBER_WITCHES,الساحرات الشريرات
b1045d122b0306ee,TID_LEAGUE_INFO_POPUP_TAB_RESULTS,النتائج
7914274a45ee6ff6,TID_SPECIAL_REENG_TUTORIAL_10,هيا نقول مرحبًا!
8ad8b511890e47be,TID_LEAGUE_TIER_1_RANK_2,دوري الهيكل العظمي 2
2468b511890cba91,TID_LEAGUE_TIER_1_RANK_1,دوري الهيكل العظمي 3
f1e0c8e67e839503,TID_WASTELANDS_KING,
62d34e3dde73e2b9,TID_2020_CLASHMAS_TREE,شجرة Clashmas ‏2020
890989638a4b8556,TID_BATTLE_LOG_MISSING_DEFENSE,لم يتم تلقي دفاع.
0cf1f0f8f192fb11,TID_LEAGUE_TIER_8,بيكا
38712d42c8cce7b3,TID_SEASONAL_DEFENCE_INFO_ITEM_2,ضع إستراتيجيتك من خلال <cffcc33>اختيار الإحصاءات المراد ترقيتها</c>. ستقوم الدفاعات المُصنّعة بالدفاع حتى خلال الترقية.
4c81d3013c298387,TID_HINT_SHIELD,هل تريد الاستراحة قليلاً من Clash of Clans؟ قم بشراء درع سحري لحماية مواردك.
f13c7117c2236679,TID_STAR_DEFENDERS,مدافعو النجوم
580000484cd25f99,TID_DECO_COSMIC_BOOMBOX_INFO,قاد بحث الساحر إلى اختراع مكبر الصوت الأعلى صوتًا على الإطلاق. يمكن سماع أمواجه الصوتية بل والإحساس بها من الفضاء.
6f46bfa1a9c01d49,TID_LEAGUE_SEASON_ENDED_MONTH_6,انتهت البطولة: <day> يونيو <year>
262e0bb60d721519,TID_SPECIAL_REENG_TUTORIAL_2,حان وقت مهرجان الصيف!
62320b28de73e2b9,TID_2021_CLASHMAS_TREE,شجرة Clashmas ‏2021
c15dcf85648d806c,TID_LEAGUE_ACTIVE_LAYOUT_SET,تم تحديث المخطط النشط
ade2a05c9e96e8c0,TID_STAR_BONUS_DESCRIPTION_BLACKSMITH,تُسلم المعادن الخام إلى الحداد.
a600a15e06432b08,TID_EVENTARMY_TH15_CLASHERAMA_MASS_MINERS,مهرجان عامل المنجم!
8b23d872b0539889,TID_LEAGUE_SEASON_ENDED_MONTH_5,انتهت البطولة: <day> مايو <year>
e5d9b9f94a9951f1,TID_LEGEND_MODE_INFO_OVERVIEW_3,يمكنك كسب 40 كأسًا بحد أقصى في الهجوم الواحد.
583da8c3b3abb523,TID_CYBERPUNK_QUEEN,
91099a17b2738461,TID_RANKED_MODE_INFO_PREP_3,بعد تسجيل الاشتراك، سيمكنك إعداد مخططك الدفاعي وقوات قلعة القبيلة.
8e9573e843bd39e2,TID_ACHIEVEMENT_RANKED_3_PROGRESS_2,بلوغ دوري الجبابرة 27
f414e3737a26b9aa,TID_SCENERY_CLASHAVERSARY2025,
660152f96cbe6e15,TID_CYBERPUNK_WARDEN,
45faa8c502a59b48,TID_REVENGE_LOOT_MULTIPLIER,<number> من أمثال الغنيمة
dc038074083332f0,TID_LEAGUE_TIER_11_RANK_3_SHORT,الكهربائي 31
ef0ef9da14efb1f9,TID_TH_EVENT_METEOR_DISABLED_BUILDING,النيزك
fbbac16a3e2ee8e2,TID_ACHIEVEMENT_RANKED_5_PROGRESS_2,بلوغ دوري الكهربائي 33
1f5cf144b8558c95,TID_WASTELANDS_MINION_PRINCE,
d6ad7dbaf51af41d,TID_BATTLE_MODE_INFO_OVERVIEW_1,شارك في معارك غير محدودة لربح الموارد والتدرب على الإستراتيجيات والانتقام من المهاجمين.
5170b2e755d2b6dd,TID_READY_COLORED,جاهز
6bb1303b18ee30b7,TID_SHIELD_INFO_ITEM1,احصل على درع سحري مدته 8 ساعات بعد تعرض قريتك للهجوم. سيحمي مواردك من الهجمات الإضافية.
43022ec30bc9b3fa,TID_RANKED_POPUP_TITLE_ACTIVE,انضم إلى بطولة
2bc9ced0b4ad1139,TID_CANT_SIGNUP,لا يمكن تسجيل الاشتراك الآن
2d1eb6bafcd72d6a,TID_SHOP_LEGENDS_SHIELD_1D,درع أسطورة ليوم واحد
f46cd2640bf36b25,TID_CREATORARMY_TH15_CORRUPT_ROOTVALKS,قوات فالكيري الجذور
69ae7964719eb3f3,TID_GOLDEN_SHIELD_INFO1,يحمي الدرع الذهبي مخزونك. لن تخسر أي موارد أو كؤوس عند تعرضك للهجوم من اللاعبين الآخرين.
bfa97c875b1131eb,TID_LEAGUE_TIER_4_RANK_3_SHORT,الساحر 10
4e6f3986576a6d49,TID_GP_POP_OFFER1,مظهر بطل حصري
105a2fe7347da453,TID_PLACEMENT_UNPLACED,غير موضوع
117dd0676633f34e,TID_HINT_END_BATTLE,احشد جيوشًا قوية لمعارك المصنف. يأتي النصر بإحراز ثلاث نجوم في الهجمات.
782f60b956567b11,TID_GEAR_METEOR_WAND,صولجان النيازك
532ce87781de0b9e,TID_BATTLE_DETAILS_DESTRUCTION_ATTACK,متوسط الدمار لكل هجوم
7b1a4a79cce7e615,TID_STARTERARMY_TH12_LAVALOON_2,قاعة المدينة 12 - بالون كلب الحمم 2
400f60c1866369e6,TID_REGION_NIGER,النيجر
cc3c2cf84f7cfe7a,TID_BUTTON_GUARDIANS_CYCLE_BUTTON,تدوير الحراس
90fb449e9fa07588,TID_REGION_ANGOLA,أنجولا
30d6a117f0bbf8f9,TID_BUILDING_SUN_BEAM_INFO_SHORT,يشعل الأعداء في نطاق قريب أو بعيد.
f531cd7da7084f6b,TID_REGION_CANADA,كندا
2b9ad6c0b73d60fd,TID_REGION_MEXICO,المكسيك
31fbc400f382c4bd,TID_BUILDING_BOMB_SPAWNER_INFO,قنابلنا العزيزة تنفجر بسرعة فائقة. تترك القنابل العش في خطوط مستقيمة لتنفجر عند ارتطامها بهدف أرضي أو جوي.
f5293e51e2c618aa,TID_REGION_CHILE,تشيلي
942758e97cc49d8c,TID_REGION_MADAGASCAR,مدغشقر
4d0f411b4e8436d4,TID_FROSTAGE_KING,الملك المتجمد
22bb4f940087a81a,TID_REGION_MACAU,ماكاو
cd0666cb2ffafd92,TID_REGION_AUSTRIA,النمسا
6a14aaadee63b9e7,TID_REGION_BAHRAIN,البحرين
54a8dc03bde51d99,TID_REGION_C_TE_D_IVOIRE,كوت ديفوار (ساحل العاج)
b3600eef526627b6,TID_REGION_R_UNION,ريونيون
27d4e1afc17bf92c,TID_GIGA_INFERNO_GUARDIAN,
446d2d79ef8663ad,TID_REGION_SAINT_MARTIN,سانت مارتن
4c165b66a1a86ff0,TID_STUN_TIME,مدة الصعق: <number> ث
c019257a17349804,TID_BUILDING_HERO_BOOSTER_INFO_SHORT,رناته تعزز الأبطال المدافعين.
113372753ec8a60a,TID_REGION_GRENADA,جرينادا
ccc148bc9345128f,TID_STARTERARMY_TH18_SUPER_YETIS,اجتهاد الييتي
f2e947e5e7806101,TID_REGION_UGANDA,أوغندا
dd2f88ad115e1cff,TID_REGION_AZERBAIJAN,أذربيجان
c155bdb212269336,TID_SHOP_MAGIC_SHIELD_7D,درع أسبوع واحد سحري
9491f37bcaeed422,TID_REGION_SOUTH_KOREA,كوريا الجنوبية
b71df5b409ba1acc,TID_TH18_UPGRADE_CUTSCENE_1,مذهل! قاعة المدينة هذه ستكون مبهرة. أثق في ذلك.
18da4d8817e79303,TID_MELEE_AREA_GUARDIAN_INFO,هذا الحارس الصلب يلحق ضررًا انتشاريًا بالقوات الأرضية والجوية. لا يتقبل المحطِم الهزيمة ويستشيط غضبًا عند تدمير قاعة المدينة ويترك أثرًا من الغضب إذا هُزم.
a9096750107de9f7,TID_GUARDIANS_MENU_SELECTION_NONE,لا يوجد حارس!
d3f634dbaa412cd7,TID_COSMICCURSE_MINION_PRINCE,أمير الكوابيس
2f9e0721aa382804,TID_CHARACTER_ARTIFICER_INFO_SHORT,
525db615cce7e67c,TID_REGION_AUSTRALIA,أستراليا
90c664c643be91b6,TID_CYBERPUNK_WARDEN,الدكتور الأكبر
c3ab01e52ee431d2,TID_REGION_SINGAPORE,سنغافورة
a8d3a3d81cdceade,TID_COSMICCURSE_QUEEN,الصيادة الرامية السهام
81b56170f0c48b06,TID_REGION_PERU,بيرو
313f358953c4c663,TID_REGION_UZBEKISTAN,أوزبكستان
ed47115f1fd186db,TID_REGION_CYPRUS,قبرص
2fe23ae58e9d9453,TID_TIME_SOON,قريبًا
6140d2ab196f794e,TID_TOTEM_SPELL_INFO,انظر إلى هناك! شتت الدفاعات الأرضية والجوية بإسقاط تعويذة الطوطم. سيركز الأعداء القريبون هجومهم على الطوطم، وهو ما يقلل الضغط على القوات الأخرى. للعلم، هذا الطوطم مصنوع من صخر كوني صلب، وهو يصعق المنطقة التي يسقط عليها ويلحق بها الضرر.
a75ce34024b99152,TID_SHOP_SUPERCHARGE_DECO_DESCRIPTION,تأثير مرئي
1b6bee6cedf7b5c1,TID_SUPERDECO_WOLF_STATUE_INFO,هذا الكلب الجائع يبحث عن فريسة مشبعة.
2b95d6ee350ada14,TID_REGION_ANDORRA,أندورا
a9b45549866473d6,TID_REGION_MONGOLIA,منغوليا
f53e6fd92fc37125,TID_REGION_SEYCHELLES,سيشيل
484227238bc1ba89,TID_REGION_JAPAN,اليابان
f2f4e33fb78070f1,TID_REGION_RWANDA,رواندا
b66d44807a0d7a65,TID_REGION_TRISTAN_DA_CUNHA,تريستان دا كونا
eb93acee4deb27ce,TID_REGION_INDONESIA,إندونيسيا
e31b82a7b9173ed7,TID_REGION_LEBANON,لبنان
8809d84c64038b75,TID_GUARDIAN_CHARACTER_COUNT,عدد <character>: <number>
324572ee7eeb6493,TID_REGION_GEORGIA,جورجيا
0b8f2d908c710ffa,TID_SEASONAL_DEFENSE_BUILDING_RESET_TITLE,انتهت مرحلة الدفاعات المصنّعة!
3e530a94049b5b00,TID_REGION_PALAU,بالاو
56871e33793afba4,TID_REGION_NORFOLK_ISLAND,جزيرة نورفولك
0c49a98889a1fbe6,TID_REGION_GAMBIA,غامبيا
4ad7fa089b86087c,TID_REGION_COLOMBIA,كولومبيا
19fe86c62642ab24,TID_SEASONAL_DEFENCE_SEASON_CARD_TITLE_ENDS_SOON,تنتهي مرحلة التصنيع قريبًا
badcd403b74a9195,TID_BUTTON_ADD_EFFECT,إضافة تأثير
c67edeaa37695a9b,TID_REGION_ALBANIA,ألبانيا
f88bf84380b4d4c5,TID_SUPERCHARGE_DECOS,إضافة تأثير شحن
e0a6949df811100b,TID_REGION_ROMANIA,رومانيا
813e6479e6907466,TID_REGION_LATVIA,لاتفيا
146a4dac229fa10c,TID_SCENERY_CLASHARAMA2025,منظر Clash-A-Rama
a1e58514fc9c1e03,TID_REGION_SAMOA,ساموا
59fcd5cfdd622cc4,TID_REGION_SENEGAL,السنغال
1d2ae485509a5b1a,TID_REGION_MALTA,مالطا
49b129e54de2f7cb,TID_REGION_TOKELAU,توكيلاو
082b4d403bafb7cf,TID_REGION_SAUDI_ARABIA,المملكة العربية السعودية
b8d126f9e98d390e,TID_RANKED_MODE_DEMOTION_ALERT,إنذار خفض الترتيب
619778ef6adab864,TID_REGION_SURINAME,سورينام
a754303d3d4cb394,TID_REGION_BHUTAN,بوتان
381201b8528c0a3e,TID_TH18_UPGRADE_CUTSCENE_3,ياه! كان ذلك... شديدًا. لكن قريتنا تمكنت من الصمود.
3b0d6824827bb7d7,TID_REGION_MAURITANIA,موريتانيا
13218cf91a57d6a2,TID_STARTERARMY_TH4_BARCHER_BLAST,قاعة المدينة 4 - انفجار رامية السهام البربري
7d380191e3b38e7a,TID_REGION_BENIN,بنين
0372e7e498578975,TID_REGION_WALLIS_AND_FUTUNA,واليس وفوتونا
3192f29810fd05f0,TID_REGION_PUERTO_RICO,بورتوريكو
d952cec2beca79f3,TID_SHOP_ITEM_TYPE_BUILDER_SKIN,مظهر البنّاء
6ae7ed03f3fe0e4d,TID_REGION_NORTH_KOREA,كوريا الشمالية
d6daa65cfbf5e202,TID_REGION_BELGIUM,بلجيكا
1ea4c2ec862f54a2,TID_REGION_MARTINIQUE,مارتينيك
dbcca7d88db92e2c,TID_TOTEM_SPELL,تعويذة الطوطم
ce869565f6df71e0,TID_GUARDIANS_INFO_SCREEN_ITEM_2,حدد الحراس وقم بترقيتهم. يمكنك <cffcc33>التبديل بينهم في أي وقت</c>.
1153bc6c292f0e04,TID_SUPERDECO_FIRE_HORSE_INFO,حصان نبيل مفعم بالقوة والحماس. هذا التمثال يجسد معاني الفخر.
4130b43dfda2efbc,TID_SHOP_PRESTIGE,متجر الأناقة
426c482102332dfd,TID_SHOP_PRESTIGE_TAB_DESCRIPTION,اربح <num1> من <resource> لكل ترقية دفاع مصنّع و<num2> من <resource> لكل شحن خارق.
31f4ee99afbcd8ca,TID_REGION_ESTONIA,إستونيا
8f5f28d5a4cff18d,TID_REGION_CZECH_REPUBLIC,جمهورية التشيك
a6eb4d932bf1cab1,TID_REGION_TUNISIA,تونس
6bd0be3971fd64f9,TID_REGION_IRAN,إيران
234089b5d831fbd0,TID_MODE_TITLE_MINUS_ONE,الأسطورة
5ff861d5a08015ce,TID_REGION_IRELAND,أيرلندا
b4340988497fb808,TID_REGION_ARGENTINA,الأرجنتين
91578b98325e2457,TID_REGION_BAHAMAS,جزر البهاما
55e1457f70be0a1e,TID_REGION_HAITI,هايتي
234df7c31c4050d0,TID_MODE_TITLE_MINUS_TWO,الأساتذة
2e90ccc077175a70,TID_REGION_SERBIA,صربيا
1d2a45bbea4c02c2,TID_MEMBERS_SORTED_BY_LEAGUE,أعلى دوري وكؤوس
acb2c103314d7932,TID_GIVEN_ABILITY_DURATION,مدة <ability> بالثواني:
11b8460dc063d25d,TID_EVENT_DECO_LNY26_SCROLL,المخطوطة المعلقة
30c84a1a46e29116,TID_REGION_PARAGUAY,باراجواي
ddb65df0cf7e65d5,TID_REGION_NEW_ZEALAND,نيوزيلندا
66623315e2d55954,TID_INFERNO_GUARDIAN_ABILITY,الضربة الأخيرة
d920dfb556679421,TID_REGION_VATICAN_CITY,مدينة الفاتيكان
06c30efa699b11f5,TID_LEAGUE_START_TIME,حتى البداية
925aa417d99a0a9b,TID_REGION_ITALY,إيطاليا
53b8afa0fbb9d36e,TID_REGION_CONGO_REPUBLIC,الكونغو (جمهورية)
b90a2fa9e99e7ac2,TID_REGION_DOMINICAN_REPUBLIC,جمهورية الدومنيكان
dc5d64948a92772e,TID_CYBERPUNK_QUEEN,الملكة المتمردة
0c49b67ab9a1fbe6,TID_REGION_ZAMBIA,زامبيا
5d453c009a616e8f,TID_REGION_NORWAY,النرويج
ece5667647333636,TID_SUPERDECO_MYSTICAL_LAMP,مصباح الأمنيات
eedddc5cece21bca,TID_SUPERDECO_MYSTICAL_LAMP_INFO,عُثر على مصباح الأمنيات في كهف للغنائم، ويمكنك استخدامه لتحقيق أصعب أمنياتك.
bc0335c2c6918d73,TID_REGION_SOUTH_SUDAN,جنوب السودان
b36a333ce7a00e04,TID_REGION_U_S_OUTLYING_ISLANDS,جزر الولايات المتحدة
2c9d3b1283179b8f,TID_LOADING_VIDEO_INFO,جارٍ تحميل الفيديو...
90f36fb8b31b00b0,TID_METEOR_GOLEM_INFO_SHORT,ما فائدة الأصدقاء؟ رميهم على الأعداء.
f84337d974ab7852,TID_REGION_CARIBBEAN_NETHERLANDS,جزر المملكة الهولندية الكاريبية
eecf79621d0db97b,TID_REGION_CROATIA,كرواتيا
6aa9b31762c12166,TID_CYBERPUNK_CHAMPION,الضابطة الملكية
f7ddd1cf34a52378,TID_GEAR_INFO_STICK_HORSE,اقفز فوق الجدران واحصل على سرعة زائدة للحركة والهجوم بعد النشر.
f728c4921212d2d7,TID_STARTERARMY_TH18_METEOR_GOLEMS,فوضى النيازك
d5cf91c7b8dfae19,TID_REGION_PHILIPPINES,الفلبين
f3a3ea63296b88fc,TID_REGION_BULGARIA,بلغاريا
9b304f0894352abb,TID_BUILDING_SUN_BEAM,شعاع النور
6e86cafc5e67d44c,TID_SEASONAL_DEFENSE_BUILDING_REMOVED_TITLE,بدأت مرحلة الدفاعات المصنّعة!
949ca05df0216be0,TID_SKIP_VIDEO_BUTTON,التخطي
18b5b10a200de976,TID_REGION_CURA_AO,كوراساو
5df8e53ba4bf4473,TID_REGION_SLOVAKIA,سلوفاكيا
d2e97f5af7e0189d,TID_MERGED_WIZARD_TOWER_INFO_SHORT,عالٍ ومهيب وسحري.
fe594ec0130fc576,TID_REGION_HONDURAS,هندوراس
5c43aca45eb9a311,TID_GEAR_TITLE_STICK_HORSE,عصا الحصان
a116f65bb8381b33,TID_ASSASSINS_GUARDIAN,
203f291160baf791,TID_REGION_FRENCH_POLYNESIA,بولينيزيا الفرنسية
2963164ff8fcc8ec,TID_REGION_MAYOTTE,مايوت
1d8bd8f1f0b91e81,TID_BUILDING_HERO_BOOSTER_INFO,يشعل قرع الجرس الروح القتالية بداخل الأبطال المدافعين، فيعزز قوتهم وصحتهم. عند تدميره، يرجع الأبطال إلى طبيعتهم العادية الرائعة. عووو!
d1e8dfebc496844e,TID_PRESTIGE_RESOURCE_DESCRIPTION_FOR_SKINS,اربح حجارة براقة بترقية الدفاعات المصنّعة والشحن الخارق للمباني.
1c44f1e03ee7637f,TID_REGION_BELIZE,بليز
9b52bd1520981bdb,TID_SEASONAL_DEFENSE_BUILDING_REMOVED_TEXT,بدأت مرحلة تصنيع جديدة. هذه المرحلة متاحة فقط في مستوى قاعة المدينة الأقصى.\nتمت إزالة محطة التصنيع.
4c5c99066b16df17,TID_REGION_ERITREA,إريتيريا
36d250bf12cbb030,TID_REGION_CONGO_DRC,الكونغو (جمهورية الكونغو الديموقراطية)
05103674d0dd85ab,TID_REGION_CHINA,الصين
b6678305a25a8546,TID_RANKED_LEGEND_RULE_TEXT_4,اربح كؤوس الأسطورة عند إعادة الضبط الشهرية.
a35424e197724687,TID_LEGEND_MODE_INFO_DEMOTION_1,إذا ختمت أسبوعًا بأقل من 4900 كأس، فسوف تخرج من دوري الأسطورة إلى أعلى دوري متاح.
4b359604b43bb257,TID_REGION_CUBA,كوبا
a85fbcc063526f10,TID_REGION_RUSSIA,روسيا
36d7510eb1f602a8,TID_REGION_COCOS_KEELING_ISLANDS,جزر كوكوس (كيلينج)
5a2a5f1ee78a903f,TID_REGION_ISRAEL,إسرائيل
409917f43799f331,TID_REGION_TAJIKISTAN,طاجيكستان
b680da321b2a749e,TID_REGION_ASCENSION_ISLAND,جزيرة أسنسيون
d21e2afe9abe9cc0,TID_REGION_AFRICA,أفريقيا
d9a09f0f52459cdf,TID_REGION_GUATEMALA,جواتيمالا
808745d7ffb04f45,TID_REGION_KUWAIT,الكويت
74540e59b5d5a6a7,TID_GUARDIAN_MENU_SELECT_UPGRADING,لا يمكن الدفاع في أثناء الترقية.
bdc9d5cd5965c93a,TID_GUARDIANS_INFO_SCREEN_TITLE,الحراس
a60437f8861c8de4,TID_REVIVER_GUARDIAN,
62a44f8b04c1befc,TID_REGION_NEPAL,نيبال
aaf4704f1654f14e,TID_REGION_LUXEMBOURG,لوكسمبورج
edcedcafa66bdc8b,TID_REGION_JAMAICA,جامايكا
367ed5374285f8ba,TID_REGION_NIGERIA,نيجيريا
5e850e0957258f75,TID_REGION_URUGUAY,أوروجواي
bd59b14f22252265,TID_TH18_UPGRADE_CUTSCENE_2,مهلاً... ما ذلك الشيء اللامع في السماء؟!
c53897c4985c56f2,TID_REGION_BANGLADESH,بنجلاديش
474009bd489af13d,TID_REGION_BERMUDA,برمودا
3cb570944d17bc5c,TID_REGION_SAINT_KITTS_AND_NEVIS,سانت كيتس ونيفس
1a45005b7fac9f7c,TID_REGION_SWEDEN,السويد
0423e5077cbb2acf,TID_INFERNO_GUARDIAN_ABILITY_INFO,تترك مفاجأة متفجرة لأعدائها عند الهزيمة.
ad0f3dfe75fcd128,TID_ARMY_DISCLAIMER_ARMY_NOT_FULL,لا تزال لديك مساحة متاحة في جيشك.
2494c374ed81e8f8,TID_REGION_KENYA,كينيا
beeaf84addb57836,TID_GUARDIAN_MENU_SELECT_INACTIVE,قيد الانشغال!
16651780287ea93e,TID_REGION_FINLAND,فنلندا
b752c1fd9c84b347,TID_WASTELANDS_MINION_PRINCE,الأمير المدرع
8a36aeebfc021102,TID_REGION_AMERICAN_SAMOA,ساموا الأمريكية
0aaf0e5dc8a51860,TID_REGION_WESTERN_SAHARA,الصحراء الغربية
7d802b9190ce5d49,TID_INFERNO_GUARDIAN_INFO,استخدم رأسك. تطلق القناصة صواعق متفجرة من جمجمتها لمدى بعيد، فتغرق المهاجمين بالضرر الانتشاري.
35aacdb0a2c07dc6,TID_EVENT_DECO_FLEX_AXE,فأس المعركة العضلي
51889c0d9f75f6e0,TID_REGION_VIETNAM,فيتنام
7c0247cfdfdbb040,TID_GUARDIANS_INFO_SCREEN_ITEM_3,لا يمكن للحراس <cffcc33>تولي الدفاع خلال الترقية</c>. اختر حارسًا مجانيًا للدفاع.
7c9953db2271d671,TID_ARMY_DISCLAIMER_MISSING_EVENT_TROOPS,ملحوظة: لا يمكن استخدام القوات والتعويذات المؤقتة في معارك المصنف.
ba5f7ca4999e9966,TID_PRESTIGE_DECO_CRAFTED_DEFENCES_INFO,صنعه البنّاء لتخليد ذكرى الدفاعات المصنّعة. أظهر مدى اكتراثك بهذه القطعة الجميلة.
b3e3b11eaec1af23,TID_REGION_ECUADOR,الإكوادور
0c0577fca0e847dd,TID_SHOP_MAGIC_SHIELD_1D,درع اليوم الواحد السحري
050158678cfad2af,TID_REGION_SAN_MARINO,سان مارينو
98e54c1513592016,TID_REGION_MALAYSIA,ماليزيا
eaebadefa70e6d21,TID_REGION_JERSEY,جيرسي
b807cd52baadcdea,TID_REGION_KOSOVO,كوسوفو
0918cd804ddf13bd,TID_REGION_NORTHERN_MARIANA_ISLANDS,جزر ماريانا الشمالية
945aa33457841d8e,TID_REGION_POLAND,بولندا
0800363d355b2389,TID_REGION_COMOROS,جزر القمر
049c484288ce763b,TID_SEASONAL_DEFENSE_SLOWDOWN_TOWER_MODULE_HP,
83aa7b00cc73f57b,TID_REGION_SOUTH_AFRICA,جنوب أفريقيا
87f235c6e062e2b2,TID_SEASONAL_DEFENSE_SLOWDOWN_TOWER_MODULE_EFFECT,
a6eb2616ea3c0a4a,TID_REGION_FAROE_ISLANDS,جزر فارو
1510b315480b6f2a,TID_REGION_ARUBA,آروبا
d68bf3897bd731a7,TID_DECO_SMOKY_STOVE,الموقد المدخن
73e0a7b5bd7e0a4a,TID_COSMICCURSE_SCENERY,المنظر الكوني
be35aa85bae035e6,TID_REGION_ASIA,آسيا
4d83283f6f6ceb28,TID_REGION_DJIBOUTI,جيبوتي
7be40a4d619dfbfe,TID_REGION_OMAN,سلطنة عُمان
96f701a069945338,TID_CYBERPUNK_KING,الملك المتمرد
ca67f527865842d6,TID_GUARDIAN_MENU_SELECT_ACTIVATE,التحديد
d000e72a0d3760a1,TID_REGION_LESOTHO,ليسوتو
9ce45134185b6619,TID_REGION_NAURU,ناورو
87f1742a8af5436b,TID_REGION_GREENLAND,جرينلاند
351ea68c00facd77,TID_FROSTAGE_WARDEN,المشعوذ الأكبر
e2080c40de5b4f65,TID_REGION_UNITED_ARAB_EMIRATES,الإمارات العربية المتحدة
4e8b71d74be26515,TID_POPUP_ADD_CHARGE_EFFECT_TITLE,أتريد إضافة تأثير الشحن؟
55f48801999b29a1,TID_REGION_QATAR,قطر
5a0ebdf467fe983e,TID_INFERNO_GUARDIAN_INFO_SHORT,رأس مليئة بالأفكار المتفجرة.
0c9a7d0a790fb995,TID_BUILDING_MERGED_WIZARD_TOWER,برج الساحر الخارق
f4350b77a21aa461,TID_REGION_FRENCH_SOUTHERN_TERRITORIES,الأقاليم الجنوبية الفرنسية
457e7d9f68262e1d,TID_REGION_NORTH_MACEDONIA,مقدونيا الشمالية
b1d8075c0f2d7e29,TID_REGION_SAINT_HELENA,سانت هيلينا
ff3c44ebd80388f8,TID_WASTELANDS_WARDEN,الآمر الشامان
fa83c389048d54ef,TID_BUILDING_DEBRIS_TOWER_INFO,سوف يستهدفك برج الانتقام إذا دمرت رفاقه من المباني، ويرد لك الصاع صاعين. كلما انهارت مبانيه الصديقة، ازداد قوة وغضبًا.
8183610c7024b676,TID_PRESTIGE_DECO_CRAFTED_DEFENCES,تمثال الدفاعات المصنّعة
769e3ff25395d071,TID_DECO_LNY_HORSESHOE_INFO,هذه الحدوة اللامعة البراقة تجلب الحظ السعيد إلى قريتك.
f394fbfea4cc6a6b,TID_ARMY_DISCLAIMER_MISSING_EVENT_TROOPS_WAR,ملحوظة: لا يمكن استخدام القوات المؤقتة في معارك الحروب.
8cf35787a53bcbb3,TID_REGION_MALAWI,مالاوي
a87dfd77a53c4797,TID_REGION_MONACO,موناكو
cd7049b3a771bfa5,TID_REGION_GREECE,اليونان
2918ea0cd07c3037,TID_EVENT_DECO_FLEX_AXE_INFO,استعرض عضلاتك الفولاذية أمام أعدائك.
ccfcf30c7f9bb2c2,TID_REGION_UKRAINE,أوكرانيا
0a9282bd4bd738f1,TID_REGION_COSTA_RICA,كوستاريكا
330a8e9f7692173c,TID_REGION_SINT_MAARTEN,سينت مارتن
6d42574bbd780458,TID_SCENERY_WAR_RUINED,منظر الحرب: المملكة الهالكة
3ea66567a0762994,TID_REGION_FRENCH_GUIANA,غيانا الفرنسية
38d6830423f4f7fa,TID_COSMICCURSE_WARDEN,الآمر الأبدي
588475537c5ff1ef,TID_REGION_EQUATORIAL_GUINEA,غينيا الاستوائية
ea54d65c67caeab5,TID_REGION_LAND_ISLANDS,جزر أولاند
29c087c7cfcbb40e,TID_REGION_AFGHANISTAN,أفغانستان
9de2460bb7f10523,TID_DEATH_DAMAGE_RADIUS,نطاق انفجار الهزيمة: <number>
15a6a46c7e0ec66a,TID_REGION_ARMENIA,أرمينيا
235f7a20eb3bf890,TID_REGION_BURUNDI,بوروندي
e897ba43dd672dfc,TID_REGION_FALKLAND_ISLANDS,جزر فوكلاند
6d63fc5a56f1ba89,TID_REGION_GABON,الجابون
8c1c176f203479eb,TID_REGION_DENMARK,الدنمارك
a6801cac302accba,TID_REGION_NICARAGUA,نيكاراغوا
4582a77700571494,TID_TROOPS_NOT_ALLOWED_TOOLTIP,<cffcd443d>استبدل القوات المؤقتة</c> في جيشك.
906597f4b48bd01c,TID_REGION_SWAZILAND,إسواتيني
a92d19d1cf6d71a5,TID_REGION_GERMANY,ألمانيا
ba16bf7c80fe24ee,TID_FROSTAGE_CHAMPION,البطلة المستكشفة
3a71ba5aa9f52fbe,TID_OBSTACLE_RARE_ORE_STONE,نيزك المعدن الخام المتوهج
1dc10c54df8b6cf2,TID_PLAYER_PROFILE_GUARDIANS,الحراس
cda1855dfa4851e6,TID_REGION_BOTSWANA,بوتسوانا
f8a8a5b643f4abc5,TID_STARTERARMY_TH13_HOGMINER,قاعة المدينة 13 - فوق وتحت 3
821fc374d3af6bc2,TID_REGION_LIBYA,ليبيا
edf5c8e7367a04de,TID_TH18_UPGRADE_CUTSCENE_4,تتوهج هذه الصخرة بطاقة غريبة. ربما يستطيع البنّاء استغلال هذا الشيء.
0e2de619c39a78e4,TID_SHOP_MAGIC_SHIELD_2D,درع اليومين السحري
b5c04931c5871933,TID_GUARDIANS_INFO_SCREEN_ITEM_1,<cffcc33>يدافع الحراس - كل بطريقته الخاصة - عن قريتك</c> عند تعرضها لهجوم.
c3ec919e87a29c25,TID_SCENERY_COSMICCURSE,المنظر الكوني
88805b81f4814a8a,TID_REGION_CAMEROON,الكاميرون
14f0f6c7b8519bfa,TID_REGION_BOLIVIA,بوليفيا
bab90780785fbed2,TID_REGION_GUYANA,غيانا
16456f85b78a6625,TID_REGION_BRUNEI,بروناي
7f0affcb4efe9952,TID_REGION_LITHUANIA,ليتوانيا
c74402f133d3281e,TID_REGION_KIRIBATI,كيريباتي
9f703fe80eae2fce,TID_REGION_YEMEN,اليمن
4a854f06297f771a,TID_REGION_GHANA,غانا
6a5c700aa34e5a6a,TID_SEASONAL_DEFENCE_SEASON_2_DESCRIPTION,وصلت قطع جديدة يا زعيم. قم ببناء دفاعاتك المُصنّعة وترقيتها الآن.
7a8ab51a4d6c82a0,TID_BUILDING_BOMB_SPAWNER_INFO_SHORT,قنابل... قنابل في كل مكان!
8099dd70b2519dc3,TID_SEASONAL_DEFENSE_HERO_BOOSTER_MODULE_ATTACK,
d7248203defa492a,TID_REGION_SRI_LANKA,سريلانكا
54e58674d0db2cea,TID_REGION_SYRIA,سوريا
56e9c7c6a1c6174b,TID_REGION_VANUATU,فانواتو
cdcdadd6939d05d3,TID_DECO_SMOKY_STOVE_INFO,ممتاز للتحميص وصياغة الأسلحة الملحمية.
e722f89376790140,TID_REGION_U_S_VIRGIN_ISLANDS,جزر فيرجن الأمريكية
4f5b54a5ce392afb,TID_REGION_COOK_ISLANDS,جزر كوك
bb0195e21020bd74,TID_REGION_TUVALU,توفالو
7113891a01c7453a,TID_REGION_NEW_CALEDONIA,كاليدونيا الجديدة
a788e0bcbcc87ef3,TID_REGION_NORTH_AMERICA,أمريكا الشمالية
15af0854330e78ba,TID_REGION_NAMIBIA,ناميبيا
9600e986f119517c,TID_REGION_MYANMAR_BURMA,ميانمار (بورما)
87e0a5c0381a8472,TID_SEASONAL_DEFENSE_SLOWDOWN_TOWER_MODULE_ATTACK,
f8f65d57e67ee3cf,TID_DEFAULT_BUILDER_SKIN,البنّاء
094d82ae9c690c93,TID_REGION_HEARD_MCDONALD_ISLANDS,جزر هيرد ومكدونالد
7a75347cefb08360,TID_POPUP_ADD_CHARGE_EFFECT,ستتم إضافة تأثير شحن على الفور وبشكل دائم إلى <item> بتكلفة <cost> من <resource>.
17254458d711819f,TID_REGION_ISLE_OF_MAN,جزيرة مان
56732ad90c5743df,TID_STARTERARMY_TH10_BOWLER_SMASH,قاعة المدينة 10 - التحطيم بطريقة الباولر
8ac4a22bf8218518,TID_REGION_SUDAN,السودان
3907fe5a30b22c46,TID_REGION_ZIMBABWE,زيمبابوي
e0a7f858a232ba22,TID_STARTERARMY_TH6_GOB_SMASH,قاعة المدينة 6 - التحطيم بطريقة الغول
51608d000c7c5976,TID_REGION_CAMBODIA,كمبوديا
b6c17868024428d9,TID_CHOOSE_BATTLE_MODE,المعركة
5d7d37ba17706b8f,TID_REGION_ANGUILLA,أنجيلا
042f7fda63734b94,TID_NOT_ENOUGH_PRESTIGE_RESOURCE,الموارد لا تكفي لشراء هذا العنصر
2bd354895c178cff,TID_REGION_PORTUGAL,البرتغال
808b4d766a29fb03,TID_SEASONAL_DEFENSE_HERO_BOOSTER_MODULE_EFFECT,
3d25eef39facbb4e,TID_REGION_TAIWAN,تايوان
655d8d1c7a9ed7ca,TID_REGION_DOMINICA,دومينيكا
2d16f96c7899a8f3,TID_GUARDIAN_MENU_STATUS_UPGRADING,قيد الترقية - لا يمكن الدفاع!
a046257868b5e098,TID_RANKED_MODE_INFO_RESULTS_4,يمكنك أخذ استراحة أسبوع والاستمرار في الاحتفاظ برتبتك، لكن احرص على الاشتراك في البطولة التالية لتجنب تخفيض الترتيب.
cca1a3b1411774d1,TID_SCENERY_CYBERCLASH,المنظر السيبراني
30677e5929648785,TID_COSMICCURSE_KING,الملك البرسركي
642ea621fdad3a9e,TID_REVENGE_TOWER_ABILITY,نوبة غضب البرج
46cfda1cf77644ca,TID_ARMY_DISCLAIMER_MISSING_SUPER_TROOPS,ملحوظة: قم بتفعيل القوات الخارقة أو إزالتها في جيشك.
251174e39e80a267,TID_EAGLE_GUARDIAN,
00754975d9aefff0,TID_ARMY_DISCLAIMER_REMOVE_EVENT_TROOPS,لديك قوات مؤقتة غير صالحة في جيشك.
0914513cebda73d9,TID_CYBERPUNK_MINION_PRINCE,المينيون المخترع
66ef6c5584e3340e,TID_GUARDIAN_FEATURE,الحراس
17e0b79656e75d80,TID_OBSTACLE_XMAS_TREE_2025,شجرة Clashmas ‏2025
b142a3c90f916147,TID_REGION_BOSNIA_AND_HERZEGOVINA,البوسنة والهرسك
6489141471eedb3e,TID_LEGEND_ATTACK_CONFIRM_INFO,احرص على الاستعداد قبل استخدام واحدة من هجماتك المتبقية.
1d02e25e63d9dfac,TID_REGION_BRITISH_INDIAN_OCEAN_TERRITORY,إقليم المحيط الهندي البريطاني
44e625aba3de4358,TID_BATTLE_MODE_INFO_OVERVIEW_3,لن تخسر الكؤوس في المعارك العادية؛ لذا فاستمتع باللعب.
bf163c8669ebe2f7,TID_STARTERARMY_TH11_OVER_AND_UNDER,قاعة المدينة 11 - فوق وتحت
9d33251bebba8fef,TID_REGION_SAINT_LUCIA,سانت لوسيا
3999a9102c153d66,TID_WASTELANDS_CHAMPION,البطلة الرحّالة
9359542454384a46,TID_MELEE_AREA_GUARDIAN_ABILITY_INFO,يستشيط غضبًا عند تدمير قاعة المدينة ويترك وراءه أثرًا من ذلك الغضب عند هزيمته.
7a7674901b7e5676,TID_REGION_BRAZIL,البرازيل
29c064eddc0b73b3,TID_REGION_LIBERIA,ليبريا
ce1306884fd6b457,TID_AURA_BOOST_DAMAGE_PERCENTAGE_DEFENDING_HEROS,ضرر البطل المدافع: <number>%
22b5d6b9ca061c03,TID_STARTERARMY_TH12_DIG_AND_RIDE,قاعة المدينة 12 - فوق وتحت 2
f78e960aa2b2345b,TID_REGION_MOLDOVA,مولدوفا
8765f1af49e5290a,TID_REGION_GUERNSEY,جيرنسي
90240dff9fc1a1d3,TID_SCENERY_WASTELANDS,منظر الأرض الخراب
e4814dd72d8101f1,TID_REGION_PAKISTAN,باكستان
911e86dea3cd909c,TID_GUARDIAN_FEATURE_DESC,خرج هؤلاء المحاربون الغامضون من النيزك الساقط، وسيدافعون عن قريتك كالأبطال.
97430435548dd3c7,TID_DECO_LNY_HORSESHOE,حدوة الحظ
32e2a4435b4faf2d,TID_REGION_TIMOR_LESTE,تيمور الشرقية
b06e53159f51ec5c,TID_REGION_SIERRA_LEONE,سيراليون
e3ef13a7b1ba6c50,TID_INFERNO_GUARDIAN,القناصة
bffa4027f8eb8ac5,TID_BUILDING_SLOWDOWN_TOWER,
605e0bbdec2c2a40,TID_BUILDING_SLOWDOWN_TOWER_INFO,
5d7261d5bda965ce,TID_REGION_ICELAND,آيسلندا
de9c38b01d47bc79,TID_OBSTACLE_FROZEN_STONE,الحجر المتجمد
9e42dc62554bcaa1,TID_REGION_UNITED_KINGDOM,المملكة المتحدة
a8f8e53d1212b882,TID_REGION_SLOVENIA,سلوفينيا
727d0dba48994f75,TID_REGION_THAILAND,تايلاند
d444401378fefbdf,TID_METEORITE_BUILDER_SKIN,البنّاء النيزكي
aac2b8fd94587d19,TID_REGION_CEUTA_AND_MELILLA,سبتة ومليلية
efea3bc2ee2c342b,TID_COSMICCURSE_CHAMPION,البطلة الملعونة
dddee5c0c37cf6eb,TID_REGION_ALGERIA,الجزائر
db2418f4e59bc1fd,TID_REGION_FRANCE,فرنسا
b3b1cd41bb7a3866,TID_REGION_CHAD,تشاد
4f7b845f17a4fdc4,TID_STARTERARMY_TH18_ELECTRO_DRAGONS,العاصفة الكهربائية 4
311614215cfb41d7,TID_BUTTON_GUARDIANS_MENU,الحراس
958ffe363fbafc64,TID_TOTEM_SPELL_INFO_SHORT,شتت انتباه الدفاعات بهذا الطوطم المتين.
3c193e973ebea32b,TID_GARG2_ABILITY_HELP,تكون أول <num> من الهجمات أسرع، ويتم رميها من نطاق أبعد، وتلحق <num2> من الضرر.
a812bae79e8fa373,TID_REGION_ANTARCTICA,القارة القطبية الجنوبية
8884822aa647efb8,TID_FROSTAGE_MINION_PRINCE,أمير الصقيع
aeeff5eed98b29a4,TID_REGION_EGYPT,مصر
aef4339084b12af0,TID_MERGED_WIZARD_TOWER_INFO,يمكن لضربة الساحر الخارق الأولى أن تصعق حتى 15 عدوًا قريبًا. تتكبد الأهداف المسلسلة ضررًا أقل.
eb88b5d54467e322,TID_REGION_TONGA,تونجا
6839e569c943f20b,TID_GET_SKIN_FROM_PRESTIGE_SHOP,احصل على هذا المظهر من متجر الأناقة
87373a0169574303,TID_REGION_TURKS_AND_CAICOS_ISLANDS,جزر توركس وكايكوس
6304b3c26c9914b7,TID_REGION_ST_VINCENT_GRENADINES,سانت فنسنت وغرينادين
c847bf25c2b67077,TID_GUARDIANS_INFO_SCREEN_ITEM_4,
fdede671c08dcc2d,TID_TRAINING_BATTLE_MODE_WAR,معركة الحرب
0e2690f70c5a63d6,TID_REGION_BARBADOS,باربادوس
ff5ae0ce7210516f,TID_REGION_CHRISTMAS_ISLAND,جزيرة كريسماس
1f868b521648a87b,TID_SCENERY_CLASHAVERSARY2025,منظر عيد ميلاد Clash الـ 13
4d5137dbd2eea91d,TID_REGION_ETHIOPIA,إثيوبيا
87747bbbe68078ed,TID_MELEE_AREA_GUARDIAN_INFO_SHORT,التحطيم أبلغ من الكلام.
5157d0e26261aa1e,TID_ONLY_STASHED_DECOS_FOR_CHARGE_EFFECT,كل الزينات القابلة لتأثير الشحن مخزنة!
1d85e4b0590ef4ea,TID_REGION_SOMALIA,الصومال
93ea1cbd19d6d436,TID_REGION_BELARUS,بيلاروسيا
31d154c7cef3c324,TID_SKIP_VIDEO_TEXT,أتريد تخطي الفيديو؟
7c9e16ec7905b9e2,TID_STARTERARMY_TH4_BALLOONED_BARCH,قاعة المدينة 4 - بالون رامية السهام البربري
9d9e726aa0b2d990,TID_REGION_DIEGO_GARCIA,دييغو غارسيا
697903b6a7e4f87b,TID_BUILDING_DEBRIS_TOWER,برج الانتقام
2f9415252ae2f707,TID_REGION_HUNGARY,المجر
95286bbb72466318,TID_MELEE_AREA_GUARDIAN_ABILITY,رفض الخسارة
e462d98d4c1f1d59,TID_REGION_LIECHTENSTEIN,ليختنشتاين
90426b0df9dab4dd,TID_REGION_MICRONESIA,ميكرونيزيا
b14957de1b49b75e,TID_WASTELANDS_KING,الملك الصلب
57f13e25a930f162,TID_REGION_SOUTH_AMERICA,أمريكا الجنوبية
705c1355fee6e782,TID_REGION_SWITZERLAND,سويسرا
4576bb8cab6c1b15,TID_REGION_GIBRALTAR,جبل طارق
6209df7e0b007a80,TID_REGION_KAZAKHSTAN,كازخستان
95a2dd881da56f00,TID_REGION_TURKMENISTAN,تركمانستان
ec330c7b2def37ad,TID_TOWN_HALL_18_INFO_SHORT,قاعة مدينة نيزكية.
3b8451a6240dc1b0,TID_WASTELANDS_QUEEN,ملكة الغضب
77ce3ee2721c07f7,TID_REGION_MALI,مالي
3b80a5ecfc32726d,TID_REGION_S_O_TOM_AND_PR_NCIPE,ساو تومي وبرينسيبي
e5dfceeb1081df7d,TID_REGION_IRAQ,العراق
c6f7a51372217133,TID_MELEE_AREA_GUARDIAN,المحطِم
52af01d97beb8ba8,TID_REGION_PAPUA_NEW_GUINEA,بابوا غينيا الجديدة
5266bcb620d1e0a0,TID_REGION_MONTSERRAT,مونتسيرات
967447dffaaffa51,TID_REGION_T_RKIYE,تركيا
59e3550f233142ff,TID_BUILDING_SUN_BEAM_INFO,شعاع النور شديد السطوع لدرجة أن تغميض العينين لا يحمي منه. له مدى طويل جدًا لكن إضاءته تنخفض مع بُعد المسافة. تتلقى الأهداف الأقرب ضررًا أكبر.
0694c1b62681a563,TID_SUPERDECO_FIRE_HORSE,حصان اللهب
d2418d34f8694b3d,TID_REGION_INDIA,الهند
69d809a0acdf6256,TID_REGION_CAPE_VERDE,الرأس الأخضر
4270df1c44634cb6,TID_REGION_UNITED_STATES,الولايات المتحدة
f81dc2ac7dc2794b,TID_REGION_PALESTINE,فلسطين
328a857803e6a44b,TID_REGION_TRINIDAD_AND_TOBAGO,ترينداد وتوباجو
a472f3c6f22933f3,TID_GEAR_FROST_CHARM,رقاقات الصقيع
d798b848347a5437,TID_SUPERDECO_WOLF_STATUE,كلب الصيد الجائع
c3e030dd8d852f03,TID_REGION_MARSHALL_ISLANDS,جزر مارشال
6afa298d302beeab,TID_SEASONAL_DEFENSE_REFUND,تم رد تكلفة ترقياتك غير المكتملة.
d5644cd21b3b668a,TID_REGION_SAINT_PIERRE_AND_MIQUELON,سان بيير وميكلون
2b3526c83398aa07,TID_PRESTIGE_RESOURCE,الأحجار البراقة
a18c61b399f9339b,TID_BUILDING_HERO_BOOSTER,جرس البطل
38d0af1d1e9d3168,TID_REGION_JORDAN,الأردن
e17c6bb00a413c5d,TID_NO_VISIBLE_DECOS_FOR_CHARGE_EFFECT,لا توجد زينة قابلة لتأثير الشحن!
865dcfa2efa56b14,TID_REGION_EUROPE,أوروبا
0db6d3802e5fe004,TID_REGION_CAYMAN_ISLANDS,جزر كايمان
343738fda31ff7b0,TID_SELECT_TARGET_FOR_THE_EFFEFCT,حدد زينة للتأثير
abacf4f575900580,TID_GEAR_INFO_FROST_CHARM,ترمي رقاقات الصقيع على أقرب الدفاعات لتجميدها.
8de943eaa5bfd4a3,TID_GUARDIAN_MENU_SELECT_ACTIVE,يتولى الدفاع!
a951b2e2f829b1d9,TID_REGION_ANTIGUA_AND_BARBUDA,أنتيجوا وباربودا
045e7ce4d1e4d753,TID_REGION_BRITISH_VIRGIN_ISLANDS,جزر فيرجن البريطانية
5522366caf76b0ff,TID_DECO_KUMQUAT_TREE,شجرة الكمكوات
1c9872f05528fa5c,TID_REGION_SOLOMON_ISLANDS,جزر سليمان
998a0d6aa48248c4,TID_SPELLS_NOT_ALLOWED_TOOLTIP,<cffcd443d>استبدل التعويذات المؤقتة</c> في جيشك.
517a8a3095418d35,TID_REGION_HONG_KONG,هونج كونج
90c5855731f378e9,TID_REGION_KYRGYZSTAN,قيرغيزستان
47cca3b2b3e3c825,TID_REGION_PITCAIRN_ISLANDS,جزر بيتكيرن
81a9928954b08866,TID_REGION_TOGO,توجو
8b5b105bb12f8dc6,TID_REGION_GUAM,جوام
7455942f079f1b98,TID_MODE_TITLE_MINUS_THREE,الخبير
646d7359064798a0,TID_REGION_LAOS,لاو
ee7c3b3af5e35f96,TID_GUARDIANS_MENU_TITLE,الحراس
fed751f38dc1d26e,TID_SEASONAL_DEFENSE_HERO_BOOSTER_MODULE_HP,
c8416900637b22de,TID_OBSTACLE_COMMON_ORE_STONE,نيزك المعدن الخام اللامع
8dbf89b03cb98177,TID_SUPERCHARGE_DECO_EFFECT_TITLE,إضافة تأثير شحن
539fb14cf07035df,TID_REGION_BOUVET_ISLAND,جزيرة بوفيت
bab90cc04605e982,TID_REGION_GUINEA,غينيا
77c116956522b527,TID_REGION_NIUE,نيوي
7a79cabb5edbddce,TID_REGION_GUINEA_BISSAU,غينيا بيساو
a14da93495f597da,TID_REGION_MOZAMBIQUE,موزمبيق
7e126c7926c1b86d,TID_RANKED_MODE_DEMOTION_ALERT_INFO,سجل اشتراكك قبل <c7a34f7>بداية البطولة التالية</c> لتجنب تخفيض الترتيب.
5b1f24f6859a0a89,TID_REGION_SPAIN,إسبانيا
a72e06fdb3df9952,TID_REGION_SVALBARD_AND_JAN_MAYEN,سفالبارد ويان ماين
ca83ad64994e18b4,TID_AURA_HITPOINTS_INCREASE_DEFENDING_HEROS,صحة البطل المدافع: <number>%
e53f860ea85e4732,TID_REVENGE_TOWER_ABILITY_INFO,يصبح أقوى وأشد غضبًا عند تدمير <num> و<num2> و<num3>.
cf9fe9bcdb6c1b50,TID_REGION_TANZANIA,تنزانيا
77ce02f7df0ab137,TID_REGION_FIJI,فيجي
e6dedaac173a6679,TID_BUILDING_DEBRIS_TOWER_INFO_SHORT,يصبح أكثر قوة وغضبًا مع انهيار المباني الأخرى.
34095b5feb5b470c,TID_REGION_SAINT_BARTH_LEMY,سانت بارتيليمي
3e5450c0709fb6a6,TID_EDIT_MODE_BLOCKED_COPY_GUARDIAN,أحد الحراس من المخطط المنسوخ غير متاح. يرجى تحديد حارس آخر.
49a9e0671b357fec,TID_REGION_CANARY_ISLANDS,جزر الكناري
24f36135afa22f59,TID_SEASONAL_DEFENCE_SEASON_2_TITLE,مرحلة التصنيع
d0a8db841db74ecc,TID_REGION_EL_SALVADOR,السلفادور
0031fef1170861a5,TID_REGION_PANAMA,بنما
f064151487187768,TID_SEASONAL_DEFENSE_BUILDING_RESET_TEXT,انتهت مرحلة التصنيع، وتمت إعادة ضبط محطة التصنيع. استعد للمرحلة التالية.
df73c45ab66942cf,TID_SHOP_ITEM_TYPE_VFX,تأثير مرئي
f3d5b88a85d17e04,TID_GUARDIANS_MENU_SELECTION_NONE_INFO,لم يتم تحديد حارس. اختر أحد الحراس أدناه للدفاع عن قريتك عند تعرضها لهجوم.
293fe9c7fa94c760,TID_SUPERCHARGE_DECOS_INFO,أضف تأثير شحن مرئيًا إلى أي زينة أو عائق تم تحريكه بصورة دائمة. حدد هذا العنصر لتمييز كل الأهداف الممكنة في قريتك.
7c71213c718f61ae,TID_REGION_MONTENEGRO,الجبل الأسود
65ca66d02b645087,TID_REGION_BURKINA_FASO,بوركينا فاسو
e6b7a9052014c39b,TID_OBSTACLE_EPIC_ORE_STONE,نيزك المعدن الخام النجمي
8336165cde9d4ae4,TID_LEGEND_MODE_INFO_DEMOTION_2,إذا نزلت تحت 4900 كأس قبل انتهاء الأسبوع، فما زال أمامك فرصة للقتال والرجوع إلى مكانتك في الدوري.
195337367712caa8,TID_GUARDIAN_MENU_STATUS_DEFENDING,المهمة المسندة: الحراسة
f4b8018070ed2ac5,TID_BUILDING_BOMB_SPAWNER,خلية القنابل
3642ee63b25fe8df,TID_REGION_VENEZUELA,فنزويلا
b9757d79c07956b5,TID_REGION_MALDIVES,جزر المالديف
92ce6ce91c71205c,TID_REGION_MAURITIUS,موريشيوس
c03ba691b9415828,TID_REGION_NETHERLANDS,هولندا
c9e6be08dd26f1f5,TID_REGION_MOROCCO,المغرب
b1d303f550e560f7,TID_FROSTAGE_QUEEN,ملكة العواصف الثلجية
ca066945a5057d9a,TID_REGION_GUADELOUPE,جوادلوب
6f9e9cde8cbef2a3,TID_REGION_CENTRAL_AFRICAN_REPUBLIC,جمهورية أفريقيا الوسطى
165a0b3176fcadce,TID_BUILDING_ROASTER,الحارقة
dd1c8913036fec5d,TID_DESERTNIGHTS_MINION_PRINCE,الأمير الجني
999b5b4040190dbb,TID_PROSPECTOR_GP_AD_TITLE2,استخدم المنقِّب لتحويل المعادن الخام
35528466c6133ecf,TID_BP_PERK_CLAN_CASTLE_REQUEST_COOLDOWN_DESC,يتم تقليل وقت انتظار طلب قوات قلعة القبيلة بنسبة <num>%. طالب بهذه المزية عبر التذكرة الذهبية.
a4bd07e7f1dc728a,TID_DRAGON_DUKE,الدوق التنين
ea062a2f87eb97e3,TID_SEASONPASS_TOOLTIP_HELPERHUT_HOME_INFO,ضع كوخ المساعد في القرية الأم.
491662844acbb341,TID_GEAR_INFO_VAMPSTACHE,في كل مرة يهاجم الملك البربري، يعالج نفسه.
562f3c2a3bc7b9c0,TID_DRAGON_DUKE_PASSIVE_ABILITY_NAME,الثوران الملكي
2cc1e3d0dc16f4f5,TID_GIVEN_ABILITY_BOOST_DAMAGE_PERCENTAGE,نسبة زيادة ضرر <ability> (%): <number>
44d73e473ba69211,TID_ATTACK_RANGE_TILES,مدى رقعة الهجوم:
a167d9cc4bd691fa,TID_SEASON_PASS_BANK_PAYOUT_MUL_DESC,اكسب <num> أضعاف محتويات البنك في نهاية الموسم. طالب بهذه المزية عبر التذكرة الذهبية.
853050413c39225b,TID_BP_MULTIPLE_REWARD_FORMAT,<num> من <reward>
d08235e451d22ada,TID_PIGGY_BANK_GP_TITLE,مضاعف حصّالة الخنزير
1ac1ee4582440271,TID_SEASON_PASS_PERK_UNLOCKS_AT,يفتح في:
d3607584df65fb74,TID_DECO_HOGSKULL_INFO,رأس الخنزير أثقل من الغولم. يبدو هذا مستحيلاً، لكنها الحقيقة.
5670a3844ed398fc,TID_BP_SKIN_UNLOCKED,تمت المطالبة بـ <skin>َ!
f717d4c8d4de71d3,TID_CLAN_PROGRESS_EVENT_SPECIAL_PROGRESS_MULTIPLIER_STAR_DESC,هاجم وأحرز <cffff99><count> من النجوم</c> لتعزيز مكاسب عملة الحدث بمقدار <number>.
6f4e15e2f3c9c165,TID_PROSPECTOR_GP_AD_EXPIRES,حتى انتهاء الصلاحية
4807186409f68ed1,TID_VILLAGER_PROSPECTOR_AMOUNT_ZERO,عليك اختيار معدن خام للتحويل!
dfda8eb2a693ad1e,TID_SPELL_RECALL_HOUSING,سعة الاستدعاء: <number>
5f9353e8f20c12d9,TID_DECO_DARKNESS_THRONE_INFO,اعتل عرش الظلام، وأصدر الأوامر للقرية وأنت على وسائده الوثيرة.
4cd34c07207c454e,TID_GOLD,الذهب
62b01a8f91774ea6,TID_HEROJELLY_EVENT_MULTIPLE_HERO_TITLE,بعض الأبطال غير محدودين
676c5582b12dd964,TID_PROSPECTOR_NOT_ENOUGH_RESOURCES,كمية <resource> غير كافية
b6c8fb28de129e0b,TID_SEASON_PASS_PERK_GEM_DESC,التبرعات السريعة وتعزيزات قلعة القبيلة الشخصية تكلف جوهرة واحدة فقط.
7917e36b1bcacb37,TID_FREEZE_TIME,مدة الإبطاء (ث): <number>
bef5a65d7e9ec434,TID_HERO_INFO_DRAGON_DUKE_SHORT,بطل شديد ناري يبدع في القتال منفردًا.
14088e1481a9204e,TID_HERO_HEAL_PERCENT,نسبة شفاء البطل (%): <number>
85259bd70560c772,TID_CLAN_PROGRESS_EVENT_ENDED,انتهى حدث سباق القبائل. تم جمع الجوائز غير المطالب بها تلقائيًا.
607b4b7ecc5b9de9,TID_SP_TASK_INFO_02,
184815f37c108003,TID_GEAR_TITLE_STUN_BLAST,مسدس الصعق
d02f27a6bd125b1c,TID_TITLE_SEASON_BANK_REWARDS,جوائز حصّالة الخنزير
081ae5258b2c45ef,TID_BP_PERK_AUTO_FORGE_DESC,تفتح موضعًا إضافيًا في ورشة الصياغة يتيح لك التصنيع بنصف الموارد المطلوبة، ودون الحاجة إلى بنّاء. طالب بهذه المزية عبر التذكرة الذهبية.
33ffa2ba0339f954,TID_TRAP_DAMAGE_RADIUS,مدى رقعة التأثير: <number>
0e9a5c2f6b77899e,TID_VILLAGER_BUILDER_INFO_ITEM1,تلميذ البنّاء يساعد البنّائين في إكمال الترقيات بشكل أسرع.
bf7683e8de7a4d95,TID_HARD_MODE_MINUS_ONE_DESC_LIST,• تلحق <cff4b84ff>الدفاعات</c> ضررًا إضافيًا بنسبة 15%.\n• تزيد صحة <cffff4ba8>الأبطال المدافعين</c> وضررهم بنسبة 15%.\n• تقل صحة <cffff4ba8>الأبطال المهاجمين</c> وضررهم بنسبة 5%.
5b1b07dca87319ee,TID_GEAR_INFO_STUN_BLAST,يطلق موجة صادمة تصعق الأعداء والمباني القريبة وتلحق بها الضرر.
671d8116928bd561,TID_STUN_TIME,مدة الصعق (ث): <number>
b7ce9a10dc81268e,TID_CLANGAMES_TASK_USE_HERO_BATTLE_MACHINE,الآلة الوحشية
b18f10932d0b0cd5,TID_DECO_BUILDER_HEAD,رأس البنّاء
cd63e48630c36cf3,TID_DECO_HOGSKULL,جمجمة الخنزير
f0c7251340b50a9f,TID_SPEEDUP_INFO_SHORT,لمسة من هذه التعويذة قادرة على تسريع حتى أبطأ القوات.
96fe822016b33560,TID_PROSPECTOR_GP_AD_TITLE,احصل على المنقِّب عبر التذكرة الذهبية
13484952c15112b4,TID_SP_TASK_INFO_SUBTITLE,بطاقات المهام
47187ec93e5d7086,TID_SEASON_PASS_BANK_PAYOUT_TOOLTIP_TEXT,احصل على <num> أضعاف محتويات البنك في نهاية الموسم.
490a472f37961b3c,TID_SP_PURCHASE_WARNING_TEXT,ينتهي الموسم الحالي خلال <cff0000><time></c>. ستنتهي صلاحية المزايا، ويتم تحصيل الجوائز غير المطالب بها أو تحويلها إلى جواهر بعد هذه المرة.\n\nهل ترغب بالتأكيد في الشراء؟
d98c62a47d1f2b2d,TID_SEASON_PASS_PERK_PROSPECTOR_DESC,احصل على المنقِّب لتحويل المعادن الخام يوميًا.
c7352cbda778b91e,TID_EP_EQUIPMENT_REWARD_NO_HERO_TEXT,لدى <hero> هذه المعدات. قم بترقية قاعة الأبطال إلى المستوى <level> لفتحها والبدء في استخدامها.
56108d49bf429022,TID_BP_PERK_GEM_DONATION_LIST_FORMAT,تعزيزات الجواهر
688f3c5a5ef8d903,TID_CHARACTER_INFO_ICEGOLEM_SHORT,هذه الكتلة الجليدية المتحركة تجمد محيطها عند الهزيمة.
4e627a9cd41437f2,TID_HERO_TAVERN_HERO_LOCKED_BY_CALENDAR_LOCKED,ما زال قيد الحبس! سيأتي إلى قاعة الأبطال <level> قريبًا!
cf0cdee87b10dcf5,TID_CHARACTER_APPRENTICE_WARDEN_INFO_SHORT,تلامذة السحر الذين يساعدون جيشك عند انشغال الآمر الكبير.
7b4c79e48e83bb8a,TID_SEASONAL_DEFENSE_LAVA_LAUNCHER_MODULE_ATTACK,
39f86601f450c3dd,TID_SEASONPASS_PURCHASE_SCREEN_SKIN_AD,مظاهر أبطال حصرية
d89d9533e4ea78bd,TID_SP_TASK_COMPLETE_STAR_BONUS,إكمال مكافأة نجوم
7fb5f95024a36d39,TID_LNY26_QUEEN,الملكة الشبحية
e58524715cff548a,TID_CLANGAMES_TASK_USE_HERO_ARCHER_QUEEN,الملكة العظمى
307a0051eadf62a8,TID_BOOSTER_FINISH_ANY_UPGRADE_INFO,لإنهاء أي ترقية فورًا. يعمل في كلتا القريتين.
a1159332e5952ad1,TID_SP_TASK_UPGRADE_HERO,بدء ترقية بطل أو حيوان أليف
87b89ed58314a32b,TID_HERO_INFO_DRAGON_DUKE,هذا البطل الطائر العنيف تم حبسه نظرًا لنوبات غضبه الجنونية. يستشيط غضبًا ويزداد شراسة عند انفصاله عن الوحدات الطائرة الحليفة. يعزز ثورانه الملكي الضرر بنسبة 100%، وسرعة الهجوم بنسبة 50%، ويقلل الضرر المتكبد من الفخاخ إلى النصف. عند اتخاذه وضع الدفاع، لا يمكن تعرضه للهجوم إلا من الأعداء المستهدفين للقوات الجوية.
78d7051a709f5ef5,TID_BUILDING_ROASTER_INFO,تغلي وتطلق بلازما ساخنة على وحدات العدو الأرضية والجوية. احم نضارة بشرتك بالوقوف على مسافة آمنة منها.
3345af7ad09f7f36,TID_HARD_MODE_MINUS_TWO_DESC_LIST,• تلحق <cff4b84ff>الدفاعات</c> ضررًا أكبر بنسبة 10%،\n• وتزيد صحة <cffff4ba8>الأبطال المدافعين</c> وضررهم بنسبة 10%.\n
2d065b02457edf42,TID_LNY26_KING,الملك القرد
24965da37cea5acf,TID_SEASONAL_DEFENSE_ROASTER_MODULE_HP,
ec96b55a25bc373b,TID_SEASON_PASS_CHEST_INFO,افتح الصناديق لتحظى بفرصة كسب جوائز ممتازة!
8ef69a7e9266a8c6,TID_DEGENERATION_TIME,مدة البقاء (ث): <number>
ead2e218d98b8bb1,TID_VILLAGER_PROSPECTOR_INFO_ITEM1,يحوّل المنقِّب أنواع المعادن الخام يوميًا.
6265515c5162ae9e,TID_SIEGES_FEATURE_DESCRIPTION,أسلحة خاصة يتم تصنيعها في الورشة التي تحمل قوات قلعة القبيلة إلى المعركة.
1f3833bddbd128f0,TID_SP_STORAGE_ALMOST_FULL,المخزن أوشك على الامتلاء!
d9fc8042ff39f2b0,TID_GEAR_INFO_FIRE_BLAST,
042804a595c6b3bd,TID_DECO_EDRAG_STATUE,تمثال التنين الكهربي
834d4fa9df5c62a8,TID_BP_PERK_BUILDING_BOOST_DESC,تمتع بخفض الوقت والموارد المطلوبة بنسبة <num>% للبناء والترقيات. تتطلب الصياغة في ورشة الصياغة موارد ووقتًا أقل بنسبة <num>%. طالب بهذه المزية عبر التذكرة الذهبية.
355c75fb2cd7d812,TID_VILLAGER_PROSPECTOR_INFO_ITEM2,يعمل على تحويل واحد في اليوم عندما يكون مرتاحًا جيدًا.
90fc891ef9de6d2a,TID_CHARACTER_INFO_FURNACE_SHORT,يُطلق عث النار الذي يستكشف ويحرق المباني.
6eed0809a7e505ea,TID_NEW_TASK_CARDS_INTRO,أيها الزعيم! أكمل المهام بأي عدد من المرات للتقدم على مسار الموسم.
2baa6e131a2d555b,TID_PET_ABILITY_INFO_ELECTROWL,يقفز هجوم البومة الكهربية إلى أقرب هدف.
fc7886cbed98882c,TID_SP_COMPLETED,اكتملت تذكرة الموسم!
c525e67468abcb4e,TID_NERF_DAMAGE_PERCENTAGE,نسبة انخفاض الضرر (%): <number>
9d36ebacb68fc473,TID_SEASONPASS_TOOLTIP_GOTO_SHOP,انتقل إلى المتجر
17a338187378ad92,TID_BANK_HOME_VILLAGE,بنك القرية
f6315ebdae4cf77d,TID_NUM_ATTACKS_UNTILL_DEACTIVATE,عدد الهجمات:
021f8d300b72fd49,TID_SHOW_EFFECT,عرض التأثير
91f4785db6728452,TID_CLANGAMES_TASK_USE_HERO_ROYAL_CHAMPION,البطلة الحالية
bfcc099e5dc7ed01,TID_SEASONPASS_BANNER_TEXT_ENDS_IN,ينتهي بعد: <time>
73504e7596fac997,TID_PROSPECTOR_APPRENTICE_INFO,المنقِّب
320577ba37e347c3,TID_SEASONAL_DEFENSE_LAVA_LAUNCHER_MODULE_HP,
ad9fd38f0052aa2d,TID_LOCAL_NOTIFICATION_PET_SHOP_UPGRADE_DONE,تمت ترقية <item> إلى المستوى <level>
8a38993652115189,TID_SP_REWARD_TITLE_GEM_DONATION_PERK,املأ قلعة القبيلة بتكلفة جواهر أقل
f7402393a019e1be,TID_CLANGAMES_TASK_USE_HERO_BARBARIAN_KING,القائد الملك
71d532f129f8c20e,TID_BP_PROSPECTOR_ACTIVATED,تمت المطالبة بالمنقِّب!
70a6b544a808f378,TID_POPUP_ADD_CHARGE_EFFECT,سيُضاف تأثير شحن إلى <item> على الفور بتكلفة <cost> من <resource>. يمكنك تشغيل التأثير أو إيقافه في أي وقت.
e6a5509116ba9e1c,TID_SP_TASK_UPGRADE_TROOP,بدء أبحاث المعمل
949f28e21bdcd270,TID_ALL_REWARDS_CLAIMED,تمت المطالبة بالجوائز كلها
c4533fce39db2290,TID_BP_AUTO_REWARDS_TITLE,تم جمع جوائز البنك
56c15ecce7494460,TID_SEASONPASS_BANNER_TEXT_VALUE_DESC,مزايا حصرية وجوائز أخرى.
b3d5cf15d8a46d70,TID_ADDITIONAL_DAMAGE_PER_TARGET_HP,نسبة الضرر الإضافي (%): <number>
9ae8d263e993d92b,TID_SP_TASK_INFO_HEADER,أكمل المهام لكسب النقاط
9487b77209194ed0,TID_SP_CATCH_UP_POINTS,<mult>
6b0dde9661bf7f11,TID_SHIELD_PROTECTION,نسبة تقليل الضرر المتكبد (%): <number>
7586acab58e9821f,TID_EARTHQUAKE_TOWER_SHORT,الزلزال
59662b0bc1f49241,TID_SEASON_PASS_REWARD_LIST_HEADER,جوائز التذكرة
530c1182278469d4,TID_PROSPECTOR_WAIT_WORKING,المنقِّب يعمل الآن. أعد المحاولة لاحقًا!
231884890b544185,TID_PIGGY_BANK_DESC,احتفظ بغنيمة إضافية من المعركة وافتحها في نهاية الموسم.
1cc256a82f7394ee,TID_BP_PERK_MAXIMUM_QUICK_DONATE,تم تحصيل تعزيزات الجواهر!
3d394152d6a6c17a,TID_LNY26_WARDEN,الآمر النهري
57a3959b937ab9de,TID_JUMP_SPELL_INFO_SHORT,لمَ تخترق الجدران إذا كنت تستطيع العبور فوقها؟
858954fa62a498a0,TID_SP_RESOURCE_REWARD_GET_GEM_ALTERNATIVE_TEXT,لا تتسع مساحة التخزين لديك لكل الـ<resource>.\n\nأتريد بيع الكمية الزائدة مقابل <cb3f357><amount> من الجواهر</c>؟
1e15410d9ed8c993,TID_BUILDING_SD_LAVA_LAUNCHER_INFO,طرد ساخن من قاعدة البنّاء. تطلق قاذفة الحمم النار مباشرةً على هدف واحد من مسافة بعيدة. تتكبد القوات الأرضية أضرارًا جسيمة دائمًا من هذه القذائف الحارقة الخطيرة.
561a8ca660b8d4ce,TID_SP_TASK_CARD_BONUS,مكافأة
1f88dedba19066a0,TID_DRAGON_DUKE_PASSIVE_ABILITY_HELP,الابتعاد عن الوحدات الطائرة الحليفة يزيد الضرر بنسبة <num>%، وسرعة الهجوم بنسبة <num2>%، ويقلل ضرر الفخاخ إلى النصف.
da3beb9089f4b502,TID_PET_SNEEZY_INFO,أنفها مسدود ومحمّل! تقف عطّوسة خلف بطلها بسبب الحساسية وتنشر المخاط الدفاعي الجوي عند العطس والذي يستهدف المباني. تشن عطّوسة الهجوم عند سقوط بطلها.
132396971f28719b,TID_SP_POPUP_AD_DESC_PERKS_GP,افتح المزايا من مسار المكافآت.
6c10a2add5b19425,TID_GIVEN_ABILITY_NERF_DAMAGE_PERCENTAGE,نسبة انخفاض ضرر <ability> (%): <number>
1dc5bb2c7b4da716,TID_SP_REWARD_TITLE_AUTO_FORGE_PERK,تصنيع أكثر وبتكلفة أرخص
cc08d50abbcc8cc1,TID_GEAR_TITLE_FLAME_BREATH,منفاخ اللهب
efc5bfeb0f906d03,TID_SCENERY_CLASSIC_METEOR,منظر ما بعد النيزك التقليدي
cf9f1948149b688f,TID_HERO_TAVERN_HERO_LOCKED_UNKNOWN,مغلق
e71c40fc14279dc6,TID_GEAR_INFO_PROTECTIVE_CLOAK,تعالج البطلة الملكية بنسبة كبيرة.
6a0a09492f507356,TID_SP_SELL_FOR_GEMS,بيعها مقابل <cb3f357><amount> من الجواهر</c>
4ca0854b78c75378,TID_BATTLE_BUILDER_FEATURE_DESC,سئم البنّاؤون من وضع الاستعداد، لذا سلحوا أكواخهم وانطلقوا للإصلاحات في وسط القتال.
ede06d6fa5b68b89,TID_BOOSTER_WALL_UPGRADE_INFO,لترقية قطعة جدار فورًا. قد تتطلب بعض الجدران من المستويات الأعلى خواتم متعددة للترقية. يتطلب بنّاءً متفرغًا. يعمل في كلتا القريتين.
521a6d29af6cc1a4,TID_GP_POP_BANK,بنك أكبر
a5b968aa166cbeda,TID_SCENERY_FROSTAGE,منظر عصر الصقيع
b371941a7836f394,TID_WL_NORMAL_WAR_AVAILABLE_TEXT,مطلوب <num> من أعضاء القبيلة على الأقل. ستكون حروب القبائل العادية متاحة للقبائل غير المشتركة عند انتهاء التسجيل في الدوري.
507382f3d2c6155f,TID_COOLDOWN_RANKED_MODE,لا تزال قواتك تقاتل! يُرجى الانتظار قليلاً حتى انتهاء المعركة.
dc8471afee5da4f1,TID_PROSPECTOR_CONFIRM_ASSIGN_JOB,هل تريد تكليف المنقِّب بالعمل على <building>؟
4b4c568e84db4ffe,TID_GEAR_INFO_FLAME_BREATH,ينفخ نيرانًا حارقة تلحق الضرر بالأعداء والمباني.
0609e4308ad7d2b8,TID_SP_REWARD_TITLE_BUILDER_PERK,شيَد أسرع وبتكلفة أرخص
5f6ea85ff9c0318b,TID_SUPERDECO_BARBBLE_HEAD_INFO,هذه الزينة بمساحة 3×3 غرضها جعل الرأس تهتز، وهذا ما ستفعله.
1fb5a53d2728db79,TID_CAPITAL_GOLD_TOOLTIP_DESCRIPTION,ساهم بذهب العاصمة في عاصمة قبيلتك لتشييد المباني وترقيتها وفتح المناطق.
465aebc90801ef37,TID_DECO_BONE_IDOL_INFO,كومة من العظام بمساحة 3×3 تولّد قطعة جديدة مع كل ضغطة.
bc16c703ecd98f3a,TID_HARD_MODE_DESC_LIST,• تلحق <cff4b84ff>الدفاعات</c> ضررًا إضافيًا بنسبة 20%.\n• تزيد صحة <cffff4ba8>الأبطال المدافعين</c> وضررهم بنسبة 20%.\n• تقل صحة <cffff4ba8>الأبطال المهاجمين</c> وضررهم بنسبة 20%.\n• يقل مستوى <cff4ebd59>المعدات الشائعة</c> بمقدار 3.\n• يقل مستوى <cff4ebd59>المعدات الممتازة</c> بمقدار 6.
886f4dda463c68d3,TID_SLOW_SPEED_AND_ATTACK,نسبة بطء الحركة/الهجوم (%): <number>
dc47380c48084dbe,TID_SCENERY_DESERT_NIGHTS,منظر ليالي الصحراء
63079238dcef69ba,TID_PROSPECTOR_CANT_CONVERT_SAME_RESOURCE,لا يمكن التحويل إلى المعدن الخام نفسه
fc5f0980e02f7e6e,TID_RECHARGE_TIME,مدة إعادة الشحن (ث): <number>
862b49e597c662ff,TID_SP_HUD_NEW,جديد!
f27115affce2032f,TID_PIGGY_BANK_GP_DESC,افتح هذه المزية واحصل على مكاسب أكبر بمقدار ×<num> عند انتهاء الموسم.
1479abe88aa20299,TID_BANK_FULL,امتلأ البنك
d6757d72a6fba918,TID_HINT_SPELL_EARTHQUAKE2,تسبب تعويذات الزلازل المتكررة ضررًا أقل لنفس الأهداف.
ce157690c9095f2f,TID_ACT_AS_PENETRATING_DAMAGE,الضرر: <number>
6650ff74cd7ff64d,TID_SP_TASK_REQUEST_REINFORCEMENTS,طلب تعزيزات
6c8d19b620ff5fd8,TID_SUPER_TROOP_LEVEL_TOO_LOW_NO_COLOR,مطلوب <troop> من المستوى <num>.
dbfe9ce43f1c2cb6,TID_SUPER_TROOPS_FEATURE_DESCRIPTION,جاءت القوات الخارقة لتمنح القوات الكلاسيكية قوى جديدة وشعرًا رائعًا.
c95b85dd9dc26891,TID_GEAR_TITLE_BABY_DRAGON_PUPPET,
21f84ccd8d043397,TID_SEASON_PASS_COSMETICS,الملحقات
d69fc86c97fd675d,TID_HEROJELLY_EVENT_SINGLE_HERO_TITLE,<hero_name> بلا حدود
afe7ae5c0f179312,TID_HERO_INSTRUCTIONS_ROYAL_CHAMPION,فوق الجدار واهجم! تخاف البطلة الملكية من أربعة أشياء، لكن العدو ليس واحدًا منها. ضرباتها القصيرة المدى مثالية لطعن الدفاعات عن قريب.
bb6115bea22f8019,TID_SP_TASKS_INFO,شيّد وقاتل لإكمال المهام وكسب النقاط.
1455e84b04e94cfe,TID_UPGRADING_TOWN_HALL_FIRST,ضع قاعة مدينتك في موقع ملائم للدفاع.
cbf93d919fbd10e0,TID_FEATURE_CLANS_DESC,انضم إلى قبيلة للدردشة مع زملائك من اللاعبين الآخرين، وتبادل تبرعات القوات وغير ذلك المزيد.
1327f67244c4eea9,TID_ALLIANCE_PROFILE_GUARDIAN_LOCKED,يُفتح في مستوى قاعة المدينة <level>.
7997841c148c4fe3,TID_SP_STORAGE_FULL,المخزن ممتلئ!
30105028bdfa836a,TID_SUPERDECO_BARBBLE_HEAD,بربري الروك
cbc0e4272176c653,TID_SHIELD_LOW,منخفض
6753ade34d11e14a,TID_SP_ALL_TASKS_COMPLETED_TITLE,كل المهام مكتملة حاليًا!
73c08747ab781f0d,TID_SPELL_DUPLICATE_HOUSING,سعة المستنسخ: <number>
853050413a8ff930,TID_EP_MULTIPLE_REWARD_FORMAT,<num> من <reward>
3b32dcddb2500e10,TID_SP_CLAIM,المطالبة
ac75ccdec6796de8,TID_FREEZE_SPELL_INFO_SHORT,جمّد الدفاعات للهروب من العقاب.
dd690e38cee8f172,TID_SEASONPASS_REWARD_LIST_SILVER_TRACK,التذكرة الفضية
12c54dec78e90993,TID_BP_PERK_ACTIVATED,تمت المطالبة بـ <num>% من <perk>!
e5cf219ab323cc45,TID_SP_REWARD_TITLE_RESEARCH_PERK,بحث أسرع وبتكلفة أرخص
a1df73282eb2c5c5,TID_ALLIANCE_PROFILE_BUILDER_BASE_HERO_LOCKED,شيّد <building> للفتح.
ebc0aab0487ec16a,TID_TOTEM_SPELL_INFO_SHORT,شتت انتباه الدفاعات بطوطم متين.
24d6ae02e9caca05,TID_SP_PERK_GEM_DONATION_COST_ALLOW_SELF_DONATE,التبرعات السريعة وتعزيزات قلعة القبيلة الشخصية تكلف جوهرة واحدة فقط. طالب بهذه المزية عبر التذكرة الذهبية.
e7f311764e1b35b2,TID_SEASONAL_DEFENSE_AIR_BOMBS_MODULE_EFFECT,
ce2905b84dcc5819,TID_ARTILLERY_INFO_SHORT,تدمر الجيوش من الجانب الآخر من القرية.
65ddea040e43271c,TID_GEAR_TITLE_RING_OF_FIRE,
45fa69879aadc5e0,TID_ALLIANCE_PROFILE_PET_LOCKED,يُفتح في مستوى بيت الحيوانات الأليفة <level>.
41949205fe18537d,TID_GROWTH_AURA_MAX,زيادة نقاط الإصابة القصوى: <number>
a155d072f76b4df1,TID_PROSPECTOR_LEVEL_DESC,حوّل المعادن الخام يوميًا في كوخ المساعد طوال الموسم. طالب بهذه المزية عبر التذكرة الذهبية.
5c8a2fff48ecb841,TID_ONE_GEM_SELF_DONATE_UNLOCK_PERK,افتح مزية تعزيزات الجواهر من مسار التذكرة الذهبية لشراء التعزيزات بالجواهر.
ee638c0f4549e9b2,TID_PET_POISON_LIZARD_ABILITY_INFO,تنفث تكتلات من السموم على أعدائها.
7b4fbdc7d2f688f6,TID_SEASON_PASS_PERK_GEM_DESC_NO_SELF_DONATE,تكلف التبرعات السريعة جوهرة واحدة فقط.
27bd34d09896ffb2,TID_HARD_MODE_MINUS_THREE_DESC_LIST,• تلحق <cff4b84ff>الدفاعات</c> ضررًا أكبر بنسبة 5%،\n• وتزيد صحة <cffff4ba8>الأبطال المدافعين</c> وضررهم بنسبة 5%.\n
5df244e7a3d14b4f,TID_ELIXIR,الإكسير
7a50815fb1fc73a5,TID_EFFECT_TIME,مدة التأثير (ث): <number>
18891a45dbe03eeb,TID_SEASON_PASS_PERK_FORGE_DESC,افتح خانة إضافية في ورشة الصياغة التي تصنع دون استخدام بنّاء.
e0debc910fdbdf96,TID_GP_POP_RUNES,تمائم
c86a364240e9767a,TID_SEASONPASS_BUTTON_MISSIONS,المهام
9ca79ab5cedcf0df,TID_BURST_SIZE,ضربات النيران المنطلقة: <number>
6293d031d5044c63,TID_BUILDING_SD_LAVA_LAUNCHER_INFO_SHORT,لتتدفق الحمم!
8fed62d5570d81d8,TID_CLANGAMES_TASK_USE_HERO,فز بنجمة في <num> من المعارك المتعددة اللاعبين باستخدام <hero>.
a6b38f51451f5fcc,TID_SEASON_PASS_PERK_RT_DESC,خفض لأوقات انتظار طلب قوات قلعة القبيلة تصل نسبته إلى <num>%.
9771b13014959864,TID_SEASONPASS_BANNER_TEXT_PERKS_DESC,عزز البناء والترقية عبر المزايا.
b52e0d37c3c5cd4b,TID_LNY26_MINION_PRINCE,الأمير الثور
a91ce3c66f3c2d81,TID_PROSPECTOR_WAIT_COOLDOWN,المنقِّب يستريح الآن. عُد في وقت لاحق!
3032c46d4786a402,TID_SEASON_PASS_PERK_ACTIVE,نشطة
13656ac851e8ce80,TID_ALCHEMIST_APPRENTICE_INFO,تحول الخيميائية الموارد إلى أنواع مختلفة مرة في اليوم. ارفع مستواها لزيادة كفاءتها.
ee3e2faefaa48894,TID_AURA_HITPOINTS_INCREASE,نسبة زيادة صحة الهالة (%): <number>
d2e210a313a60e64,TID_BOOSTER_FINISH_TROOP_UPGRADE_INFO,لإنهاء أي ترقية قوات فورًا. يعمل في كلتا القريتين.
3b542c8748ddf22a,TID_EQ_EQUIPMENT_REWARD_ALREADY_OWNED,المعدات لديك بالفعل
52115b2ebb7fc7e4,TID_CLANGAMES_TASK_USE_HERO_DRAGON_DUKE,انطلاق الدوق
0884d33b4fd7b4fc,TID_SP_GET_GEM_ALTERNATIVE_TITLE,المخزن ممتلئ
f0369fbc205ea2c0,TID_SCENERY_LNY26,عام حصان النار
0c7406e6a8cbd4a8,TID_SC_PAY_SETTINGS,الشراء عبر محل Supercell
b733dc7fa586c0f7,TID_SEASON_PASS_ITEM_UNLOCKED,تم الفتح!
b1a7c5d24059b384,TID_EP_EQUIPMENT_REWARD_NO_HERO_TITLE,أنت بحاجة إلى بطل!
e7e1817096635372,TID_SEASONAL_DEFENSE_AIR_BOMBS_MODULE_ATTACK,
7cfc0b6a214ea567,TID_SUPERCHARGE_DECOS_INFO,أضف تأثير شحن مرئيًا إلى أي زينة أو عائق تم تحريكه. حدد هذا العرض لتمييز كل الأهداف الممكنة في قريتك. يمكنك تشغيل التأثير أو إيقافه في أي وقت.
7b5ee9e256fbdd4a,TID_SEASONAL_DEFENSE_LAVA_LAUNCHER_MODULE_EFFECT,
4624e3fecfbc76a2,TID_DESERTNIGHTS_KING,ملك الصحراء
fd43d8c7b28db67d,TID_PET_DIGGY_ABILITY_INFO,يخرج البنغول المدرع من تحت الأرض لصعق الدفاعات وتحطيمها.
c3a0e425d7e608ec,TID_REQUIRE_HERO_UNLOCKED,مطلوب <hero> للفتح
61d2274a10cf2e6a,TID_FEATURE_DARK_ELIXIR_DESC,نوع أنقى وأقوى من الإكسير، يساعد في بناء جيش أكثر قوة مما سبق.
09bea444b48585a3,TID_DEATH_FREEZE_TIME,مدة التجميد عند الهزيمة (ث): <number>
b5b5c25669c27d4d,TID_BOOST_DAMAGE_PERCENTAGE,نسبة زيادة الضرر (%): <number>
d787ef291b8a90a1,TID_PET_ABILITY_INFO_RAVEN,يستهدف مباني الموارد ويلحق بها ضررًا إضافيًا.
76a4a8bf2585b004,TID_EARTHQUAKE_INFO,أضعف الأهداف الأرضية بزلازل معيقة.\n\nتضر تعويذات الزلازل الأهداف بناءً على نقاط الإصابة القصوى. تسبب الزلازل المتكررة ضررًا متناقصًا للأهداف نفسها، لكن لا يمكن لأي جدار أن يصمد أمام عظمة أربع تعويذات زلازل.
bcd2070f9a45003c,TID_ATTACK_SPEED_INCREASE,نسبة زيادة سرعة الهجوم (%): <number>
b1e3e97f390cfe55,TID_SP_ALL_TASKS_COMPLETED_MORE,بطاقات مهام أكثر خلال:
dd4d884b22837635,TID_TRAP_EJECTOR_BB_INFO_SHORT,يُعد لف الزنبرك المهمة الأقل تفضيلاً للبنّاء الخبير.
b0990238830e6595,TID_SP_CLAIM_TASK,المطالبة
7978bce96b6346cf,TID_PTE_PERK_BUILDING_BOOST_DESC,تمتع بخفض الوقت والموارد المطلوبة بنسبة <num>% للبناء والترقيات. تتطلب الصياغة في ورشة الصياغة موارد ووقتًا أقل بنسبة <num>%. طالب بهذه المزية عبر التذكرة الذهبية.
7c7e72cedc5d15a2,TID_SP_POPUP_AD_DESC_PERKS_SP,عزز قريتك بالتذكرة الذهبية
cf0b31afd4de0f35,TID_DECO_DARKNESS_THRONE,عرش الظلام
90fe6fe0cff4fb3e,TID_HASTE_DAMAGE,نسبة زيادة الضرر (%): <number>
d3b3d4bb65a5c45a,TID_BUILDING_SPELL_TOWER_INFO_SHORT,وأخيرًا تستطيع توجيه التعويذات إلى المهاجمين.
9f20f1ed7ccd2cfb,TID_SP_TASK_UPGRADE_BUILDING,بدء أي ترقية مبان
8ff4a3f4643c4444,TID_CLANGAMES_TASK_USE_HERO_BATTLE_COPTER,رعب مروحي
fce740e0e35b65df,TID_EP_MULTIPLE_REWARD_FORMAT_SIMPLE,<num> من <reward>
242cd63939bbfe7b,TID_SEASONPASS_REWARD_CLAIMED,تمت المطالبة بها بالفعل
af5a4a9a338e66f5,TID_BP_AUTO_CONVERSION_TEXT,أي جوائز تفيض عن حد مخزونك ستتحول إلى جواهر.
48bf71dd1f63c114,TID_GEAR_TITLE_FIRE_HEART,قلب النار
5ae59f42c1eb1c56,TID_SEASONAL_DEFENSE_AIR_BOMBS_MODULE_HP,
5eeaf93e86565996,TID_GP_PURCHASE_COUNTDOWN,ينتهي الموسم خلال <time>
17f71f17a158de46,TID_RANKED_LOG_PREVIOUS_LISTING,مراكز المصنف السابقة
16ba6cfe81941dce,TID_CLAN_PROGRESS_EVENT_SPECIAL_PROGRESS_MULTIPLIER_UNIT_AND_STAR_DESC,هاجم باستخدام <cffff99><unit></c> أو أحرز <cffff99><count> من النجوم</c> لتعزيز مكاسب عملة الحدث بمقدار <number>.
569869b3f5400f73,TID_SP_CHOICE_OR,اختر <val1> أو <val2>
97683e4fdbd533c7,TID_SP_TASKS_INFO_TITLE,بطاقات مهام الموسم
c6e2b63ea1dfcc0f,TID_GEAR_INFO_BABY_DRAGON_PUPPET,
e342624e86fdb313,TID_BOOSTER_FINISH_BUILDING_UPGRADE_INFO,لإنهاء أي ترقية مبنى فورًا. يعمل في كلتا القريتين.
65611cea475692e5,TID_CHARACTER_ITEM_NOT_VIEWABLE,المعدات غير متاحة.
ca7e27693afef1e3,TID_SP_TASK_INFO_TIMER,تُفتح بطاقة المهمة التالية خلال: <time>
54318a6c16b540f2,TID_CLANGAMES_TASK_USE_HERO_MINION_PRINCE,دورية الأمير
8a995f0fdacf9cdc,TID_PET_SPIRIT_FOX_INFO,مخلوق خجول للغاية، يفضل العيش سعيدًا بمفرده في الغابة خارج القرية. عند استدعائه للمعركة، يقاتل الثعلب الشبحي بشراسة بجانب بطله ويساعده عن طريق القليل من الاختفاء.
17e77172e7787ebb,TID_FEATURE_LABORATORY_DESC,أبحاث الساحر داخل المعمل يمكن أن تجعل جيشك أقوى.
041a5b0b12c87fc9,TID_SP_GET_GEM_ALTERNATIVE_TEXT,لا يتسع مخزن عناصرك السحرية لكل مكافآت الأحداث.\n\nهل تريد بيع المكافآت الزائدة مقابل <cb3f357><amount> من الجواهر</c>؟
e926d40e667ed6a5,TID_SEASONPASS_TOOLTIP_POINTS_REQUIRED,يلزم <num> من النقاط لفتح هذه الجائزة.
ee56294383c0af45,TID_TITLE_PIGGY_BANK_BONUS,+ مكافأة حصّالة الخنزير
579958d52d9e5b87,TID_GEAR_INFO_FIRE_HEART,يجدد الصحة ببطء وينفجر إلى قطع من اللهب عند سقوط الدوق التنين.
109bb86ea5cd5e3d,TID_CHARACTER_INFO_TREANT_SHORT,يحطم جذر شجرتها القوي الجدران ويحول الدفاعات إلى فتات.
870dce60579a45f4,TID_PET_DIGGY_INFO_SHORT,يخرج من تحت الأرض لصعق الدفاعات وتحطيمها.
9213ad073c67c87e,TID_SEASON_PASS_UNCLAIMED_FILTER,الجوائز غير المُطالب بها فقط
c8a0f0b5e21f4820,TID_PET_RAVEN,الغراب الطمّاع
813a448105251ae8,TID_SEASON_PASS_BANK_PAYOUT_MUL,مضاعف حصّالة الخنزير
da9232cb8c8bf03f,TID_DESERTNIGHTS_QUEEN,ملكة الكثبان
cb9b638f216020da,TID_SP_TASK_DESTROY_TOWNHALLS,تدمير قاعة مدينة
3a601f4a7ff5edde,TID_SEASON_PASS_BANK_PAYOUT_MUL_GP1,احصل على ×<num> غنائم إضافية.
95d1e775bb5c7269,TID_INVISIBILITY_SECONDS,الاختفاء بالثواني:
08c92e6c1dcadb82,TID_DECO_MECHA_BULL,الثور الآلي
e108df77e8d57975,TID_HEROJELLY_BANNER_NOT_ALL_HEROS_DESCRIPTION,يمكن لـ<hero_name> الاستمرار في القتال في المعارك بينما الترقية جارية.
ff08425a763e5bc7,TID_HERO_INSTRUCTIONS_MINION_HERO,أمير المينيون أو أمير الظلام، كما يلقب نفسه، لا يعرف المزاح. يحلّق أمير المينيون في السماء، ويلحق الضرر بأهدافه بالسحر الأسود. عند اتخاذه وضع الدفاع، لا يمكن الهجوم عليه إلا من قبل وحدات العدو المستهدفة للقوات الجوية.
d2e7d5482b2b84b2,TID_HINT_SPELL_EARTHQUAKE1,تستطيع تعويذات الزلازل إلحاق ضرر شديد بمجموعات متكتلة من الأهداف الأرضية عالية الصمود.
5bc8c8c4b73121d0,TID_BUILDING_SD_LAVA_LAUNCHER,قاذفة الحمم
31353b7d809c3a04,TID_PROSPECTOR_LEVEL,مستوى المنقِّب
8bfcb9e1b732cfbf,TID_GP_POP_BOOKS,كتب
429f2448fb3c235e,TID_SPELL_TIME,مدة التعويذة (ث): <number>
e599baf179476633,TID_SEASONPASS_BUTTON_REWARDS,الجوائز
2ad184931e92f848,TID_SLOW_SPEED,نسبة تقليل السرعة (%): <number>
35954a10540eb6f7,TID_GP_POP_PERKS,المزايا الخاصة
3f8af3fc14bee4fc,TID_TOOLTIP_CHEST_INFO,صندوق
72622ef537450824,TID_DECO_BUILDER_HEAD_INFO,هل الأفكار تملأ رأس البنّاء الخبير ذي الشارب العظيم؟ لا. هذا الرأس فارغ تمامًا من الداخل.
1810581fd8109193,TID_SEASONAL_DEFENSE_ROASTER_MODULE_ATTACK,
d93fcea1a886bde3,TID_GEAR_INFO_MINION_BODYGUARDS,تستدعي حراسًا طائرين لدعم أمير المينيون.
cfccedc12e7c96ca,TID_SEASON_PASS_REWARD_LOCKED,تحتاج إلى التذكرة الذهبية لفتح هذه الجائزة.
326d0d1d2656a47c,TID_SP_CHOICE_HEADER,اختر جائزتك
fe84d93d991183b3,TID_SEASONPASS_BANNER_TEXT_SEASON_NAME,اسم الموسم
4a27c98eac26b5c4,TID_SEASONPASS_PURCHASE_SCREEN_TEASER_TEXT,افتح مظهرًا ومزايا وعناصر والمزيد
93bc8944ac09b538,TID_TITLE_SEASON_BANK,حصّالة الخنزير
5bea44cb3e074108,TID_ONE_GEM_SELF_DONATE_NEED_PREMIUM_PASS,تلزم التذكرة الذهبية لشراء تعزيزات بالجواهر
f53d9a3e6ca86880,TID_SEASONPASS_PURCHASE_SCREEN_SHOP_LINK,معلومات
c535d5382459e53c,TID_BASIC_TURRET_INFO_SHORT,يفجر الوحدات الأرضية المهاجمة المزعجة.
5a6505aaee9ffef3,TID_BP_REWARDS_LIST_TITLE,جوائز التذكرة
0240680d28d8ef9b,TID_SPELL_RADIUS,نطاق الرقعة: <number>
7e66374a8de54fa9,TID_GP_POP_BUILD_RESEARCH,تعزيزات التقدم
cf39190e25b80ad5,TID_SEASON_PASS_BANK_PAYOUT_MUL_GP2,مضاعف مكاسب البنك بمقدار ×<num> نشط!
29c0e11d65d385a3,TID_BP_PERK_GEM_DONATION_COST,تعزيزات الجواهر
ad411e9de01a3f5c,TID_PROSPECTOR_RESOURCE_INFO,الحد الأقصى لتحويل الموارد:
fd42dd46faaa2731,TID_SP_CHOOSE,الاختيار
ae1961228aabd212,TID_PET_RAVEN_INFO,لا توجد فزاعة مخيفة بما يكفي لردع الغراب الطمّاع عن سلب الغنائم اللامعة. قاطع الطريق المقنّع هذا يستهدف أعداءه بريشه سريع التطاير ويلحق ضررًا إضافيًا بمباني الموارد وهيبة القادة.
045e8154b23421ec,TID_VILLAGER_PROSPECTOR_INFO_ITEM3,استخدم المنقِّب في الموسم بالحصول عليه من مسار التذكرة الذهبية.
8459354ffcfd3707,TID_PET_ABILITY_INFO_SNEEZY,تنشر قوات جوية داعمة عند العطس وتهاجم عند سقوط بطلها.
710a10e2fefdfee9,TID_SEASONPASS_TOOLTIP_DISCLAIMER,ضع كوخ المساعد للمطالبة بهذه المزية
d7e4c59d1c5e9fc4,TID_BOOST_MAX_HEALTH_PERCENTAGE,نسبة زيادة الصحة القصوى (%): <number>
ebaca73d945bc99f,TID_HERO_ABILITY_TIME,مدة القدرة (ث): <number>
cd95148eca69d5a1,TID_SHOP_STASHED,الكمية المخزنة:
47372904f58f7cd4,TID_SP_REWARD_TITLE_BANK,بنك أكبر
eb4ef031cc35d45e,TID_SP_TASK_DONATE_REINFORCEMENTS,التبرع بتعزيزات
a626e395666bdf8f,TID_FEATURE_SEASON_CHALLENGES_DESC,خض تحديات جديدة كل شهر واربح جوائز مدهشة.
5143e1a17d65d1d3,TID_GEAR_INFO_RING_OF_FIRE,
330e00cb96d6af3b,TID_GROWTH_AURA_PERCENT,نسبة زيادة نقاط الإصابة (%): <number>
c73fe90fd4dd5d34,TID_DIE_DAMAGE,الضرر عند الهزيمة: <number>
9ea46a1400c78797,TID_BUILDING_SD_AIR_BOMBS_INFO_SHORT,سلسلة من البراميل المتفجرة
0eaec2e014ab8b6b,TID_BUILDING_SD_AIR_BOMBS,القنابل الجوية
9900b76d3b0cb59c,TID_DESERTNIGHTS_WARDEN,الساحر الأعظم
213c4e297e1b9827,TID_SEASONPASS_PURCHASE_SCREEN_TITLE,للاستمتاع بجوائز أفضل وأكبر
45710a8f316c9988,TID_PET_RAVEN_INFO_SHORT,حيوان أليف مزعج يخطف الغنائم من أعلى.
1ab01cef20f0ae6c,TID_WEAPON_EARTHQUAKE_SPELL,برج تعويذة الزلزال
25a423f606f46f1b,TID_SP_REWARD_TITLE_PROSPECTOR_PERK,مساعدة إضافية
56c7d1f58d118eb4,TID_SP_REWARD_TITLE_REQUEST_PERK,طلبات أسرع
4eca0dbebd2be3dc,TID_WL_INFO_SIGNUP_TAB2_TEXT,<cFCE27F>ماذا سننال من دوريات حروب القبائل؟</c>\n\nالمجد بالطبع! لكن هناك جوائز حصرية يمكن الحصول عليها فقط بالاشتراك في دوريات حروب القبائل! ستربح أوسمة الدوري من الفوز بالحروب وإحراز النجوم في أسبوع المعارك. كلما ارتفع مستواكم بالدوري، زادت أوسمة الدوري التي ستربحها. يمكن استبدال أوسمة الدوري التي كسبتها بعناء في المتجر مقابل عناصر سحر نادرة وجوائز فريدة أخرى.\n\n<cFCE27F>أهناك وسائل أخرى لربح أوسمة الدوري؟</c>\n\nقيادة القبيلة قد تمنح لأي مشارك عددًا محدودًا من الأوسمة الإضافية حتى إن لم يقاتل. تمنح الحروب الأكبر مكافآت أكثر، وستربح مكافآت أكبر وأكثر في مستويات الدوريات الأعلى؛ فلكل فوز مكافأة إضافية.
0712724ebd369a33,TID_BP_PERK_RESEARCH_BOOST_DESC,تمتع بخفض الوقت والموارد المطلوبة بنسبة <num>% لترقيات القوات والتعويذات والحيوانات الأليفة وآلات الحصار. طالب بهذه المزية عبر التذكرة الذهبية.
ce3230027e31a65f,TID_BUILDING_ROASTER_INFO_SHORT,أقم حفل شواء على شرف أعدائك.
1a8869048c4aff84,TID_SEASON_PASS_REWARDS_RUNES,الجوائز والتمائم
607afb7ecc5b9de9,TID_SP_TASK_INFO_03,
4e9533d305daf9e0,TID_SEASONPASS_PURCHASE_SCREEN_DISCOUNT,خصم خاص!
15c7585193f53485,TID_SP_DAILY_TASKS,المهام اليومية
4f0c5bc3d2c7740b,TID_SEASON_PASS_PERK_POPUP_INFO,افتح هذه المزايا على مسار المكافآت عبر التذكرة الذهبية.\n ستبقى كل المزايا نشطة حتى نهاية الموسم.
20ecd7f3af4e084e,TID_BOOSTER_FINISH_HERO_UPGRADE_INFO,لإنهاء ترقية أي بطل أو حيوان أليف فورًا. يعمل في كلتا القريتين.
1739a141f7d03779,TID_SP_POPUP_AD_DESC_PERKS_UNLOCKED,تم فتح كل المزايا.
204c3e5c482dddfc,TID_FAVORITE_TARGET_AROUND_HERO,على بُعد <num> من الرقعات من البطل
dae144cf29b6cede,TID_SP_CLAIM_AND_USE,المطالبة بها واستخدامها الآن
b201e89a0bd19fa4,TID_HERO_RECHARGE_TIME,مدة إعادة الشحن (ث): <number>
d52bfde05f1e5a68,TID_BP_PERK_GEM_DONATION_COST_DESC,تكلف التبرعات السريعة جوهرة واحدة فقط. طالب بهذه المزية عبر التذكرة الذهبية.
b9715cba1c9d7eb7,TID_ALLIANCE_PROFILE_CAPITAL_ITEM_LOCKED,شيّد <building> للفتح.
cf635e1c7ff9b40f,TID_PROSPECTOR_INFO,يحوّل المنقِّب أنواع المعادن الخام يوميًا. احصل عليه من مسار التذكرة الذهبية للموسم.
213202ac227dc7a3,TID_OBSTACLE_FACEMELTER,مُذيب الوجوه
6a5d350a564fea6a,TID_SEASONAL_DEFENCE_SEASON_3_DESCRIPTION,وصلت قطع جديدة يا زعيم. قم ببناء دفاعاتك المُصنّعة وترقيتها الآن.
0c39bd080bd44bee,TID_GEAR_INFO_SEEKING_SHIELD,تلقي درعها فيقفز بين الدفاعات ويلحق الضرر.
d4af6a969f783e2b,TID_SEASON_PASS_PERK_RESEARCH_DESC,خفض حتى <num>% لوقت الترقية ومواردها للقوات والتعويذات والحيوانات الأليفة وآلات الحصار.
28ed2106e8dc49d1,TID_SP_TASK_CARD,بطاقة مهام الموسم
8c4e65b97fb15886,TID_HERO_INSTRUCTIONS_BARBARIAN,إنه أكبر البرابرة وأشجعهم! يستطيع هذا العملاق الهائل تلقي كميات ضخمة من الأضرار وسحق أي شيء في طريقه بواسطة سيفه. يحمي منطقته بقوة في أثناء الدفاع.
1642ac15996284d3,TID_DECO_BONE_IDOL,نُصب الجماجم
ca9ebfc623e81a3d,TID_HERO_TAVERN_HERO_LOCKED_BY_CALENDAR,سيتحرر قريبًا!
709142792bea3462,TID_CHARACTER_INFO_BALLOON_SHORT,تدمر هذه القوات الطائرة الهشة الدفاعات من الأعلى.
a85c6232063c19c6,TID_SP_TASK_WIN_BATTLE,الفوز بمعركة
731755a5d8221b36,TID_GEAR_TITLE_DEADLY_DASH,حقيبة ظهر الصواريخ
d5ae3eeba8230b13,TID_LNY26_CHAMPION,البطلة الحمراء
a76f5d464cc8c14c,TID_BANK_BUILDER_BASE,بنك البنّاء
8259f36409f6d1cb,TID_GEAR_TITLE_FIRE_BLAST,
7ec7439fc9803c48,TID_DAMAGE_RADIUS,مدى رقعة الضرر: <number>
c3e4c844eef39a14,TID_BOOST_MAX_DAMAGE_PERCENTAGE,نسبة زيادة الضرر القصوى (%): <number>
ba630dd0e8975c47,TID_INFO_LEADERBOARD_AVERAGE_DEFENSE_DESTRUCTION,<number>‏%
2affee46f8292017,TID_TROOP_DAMAGE_PERCENT,نسبة ضرر القوات (%): <number>
c12908a7d6bc3284,TID_HARD_MODE_MINUS_ONE_DESC,تلحق الدفاعات ضررًا إضافيًا بنسبة 15%. تزيد صحة الأبطال المدافعين وضررهم بنسبة 15%. تقل صحة الأبطال المهاجمين وضررهم بنسبة 5%.
1e3284887751bfb2,TID_SP_TASKS_MORE_UNLOCKS,تفتح بطاقات مهام أكثر خلال:
7bde53cbac6e7417,TID_SEASON_PASS_PERK_BUILDER_DESC,خفض يصل إلى <num>% في الوقت والموارد المطلوبة للبناء والترقيات.
085fe68bc797389e,TID_SEASONPASS_BANNER_TEXT_VALUE_TITLE,افتح مظهر بطل
3167cd12b609a96f,TID_SEASON_PASS_REWARD_LIST_BUTTON_TEXT,لائحة\nالمكافآت
7f01cc6869fbdc93,TID_FREEZE_PERCENT,نسبة الإبطاء (%): <number>
25587b85afa22f59,TID_SEASONAL_DEFENCE_SEASON_3_TITLE,مرحلة التصنيع
3bf3c7fe0ea32d12,TID_SP_PURCHASE_WARNING_TITLE,قارب الموسم على الانتهاء!
f47a21f9b045c5c6,TID_HIDE_EFFECT,إخفاء التأثير
1d8e54e17b5ca920,TID_INFO_LEADERBOARD_AVERAGE_ATTACK_STARS,<number>‏%
6e090d6478948c1b,TID_BUILDING_SD_AIR_BOMBS_INFO,برميل تلو الآخر يتفجر ليدمر أعتى قوات العدو الطائرة في السماء. مجال قريتك الجوي لم يعد آمنًا بفعل هذه القنابل الجوية الكلاسيكية من قاعدة البنّاء.
36ddea5e148db1b5,TID_HARD_MODE_MINUS_TWO_DESC,تلحق الدفاعات ضررًا أكبر بنسبة 10%، وتزيد صحة الأبطال المدافعين وضررهم بنسبة 10%.
c88f0545f8505b0f,TID_PET_ABILITY_RAVEN,المسح الشامل
3c1ea2d064ca43e6,TID_SP_TASK_INFO_01,أكمل المهام بأي عدد من المرات للتقدم على مسار الموسم.
d4f9f9fd4be9333c,TID_EQUIPMENT_LOCKED_UNKNOWN_REASON,مغلق
9d7991af28af58d7,TID_WAR_ATTACK_CONFIRM_INFO,احرص على الاستعداد! ستستهلك المتابعة هجمة من هجماتك المتبقية.
0a52e130323cb2a8,TID_ATTACK_COOLDOWN,مدة انتظار الهجوم بالثواني:
398db84d4239ef39,TID_SP_POPUP_AD_TITLE_PERKS,افتح مزايا مدهشة
51fedea3ba36603b,TID_GEAR_INFO_DEADLY_DASH,يندفع عبر وسط القرية نافثًا النار ومتجنبًا الهجمات.
e778fb309d3d58c8,TID_DESERTNIGHTS_CHAMPION,بطلة السراب
713cc17283437737,TID_GP_POP_NEW_SEASON_IS_HERE,وصل موسم <name>!
768c42eb746d2a3b,TID_CHARACTER_INFO_WALLBREAKER_SHORT,يساعد جيشك من خلال فتح ثقوب في الجدران.
8e1956960e168c30,TID_GEAR_INFO_EARTHQUAKE_BOOTS,تسبب زلزالاً قويًا يدمر الجدران ويلحق الضرر بالأهداف الأرضية.
cc9bca5137627240,TID_PROSPECTOR_APPRENTICE,المنقِّب
2efbc2e0b5ecf31e,TID_BOB_FEATURE_DESCRIPTION,صديق آلي دؤوب للبنائين في القرية الأم. لا داعي للشك به.
430c42e2ffc1ac50,TID_PIGGY_BANK_TITLE,حصّالة الخنزير
d72f49bd1b29bce1,TID_DECO_WILDWEST_TOTEM,طوطم التنين
3e465c4638f40d88,TID_CLANGAMES_TASK_USE_HERO_GRAND_WARDEN,المواجهة الكبرى
68a273ff114f9e8c,TID_PROJECTILE_SPELL_TOTAL_DAMAGE,ضرر الحرق: <number>
121319c32eb2764a,TID_SEASON_PASS_BANK_PAYOUT_MUL_SP,افتح التذكرة الذهبية واحصل على حصيلة بنك أكبر بمقدار ×<num>.
88ecff6bd617820b,TID_PROSPECTOR_GP_AD_TEXT,حوّل المعادن الخام يوميًا عبر التذكرة الذهبية
1802c8190068f753,TID_SEASONAL_DEFENSE_ROASTER_MODULE_EFFECT,
0dd9b4877b15d568,TID_HEROES_FEATURE_DESCRIPTION,يقود الأبطال جيشك في المعركة ويحمون قريتك من الهجمات.
ec0aee5961c5fa86,TID_SEASONPASS_BANNER_TEXT_PERKS_TITLE,افتح مزايا كبيرة
33ddb06760d35dbc,TID_PROSPECTOR_ASSIGN_BUTTON,تحويل المعدن الخام
6d306e718b585348,TID_KNOCKBACK,مدى رقعة الدفع للخلف: <number>
a76ff086f2cfe581,TID_BUILDING_DAMAGE_PERCENT,نسبة ضرر المباني (%): <number>
1017bc5a9635670f,TID_SLOW_ATTACK,نسبة انخفاض معدل الهجوم (%): <number>
7baf7e5b580a3bab,TID_PROSPECTOR_WAIT_LOCKED,يجب الحصول على المنقِّب أولاً!
dca312ddd51dd1cc,TID_WALL_WIZARD_TITLE,<number> من <building>
c0db6a37609e2bdd,TID_INFO_SEASON_BANK,اربح موارد إضافية عند القتال. ستُنقل محتويات البنك إلى مخزنك في نهاية الموسم.
23ce61260b414224,TID_BUILDER_APPRENTICE_INFO,تلميذ البنّاء يساعد البنّائين في إكمال الترقيات بشكل أسرع. قم بتكليفه بعمل مرة واحدة في اليوم وارفع مستواه ليعمل بشكل أسرع.
730019f2c3c34a2c,TID_SEASONPASS_REWARD_LIST_GOLD_TRACK,التذكرة الذهبية
29a9596d2c6a6770,TID_SP_CONGRATULATIONS,تهانينا!
44a319c0d0ca44da,TID_CLAN_PROGRESS_EVENT_SPECIAL_PROGRESS_MULTIPLIER_UNIT_DESC,هاجم باستخدام <cffff99><unit></c> لتعزيز مكاسب عملة الحدث بمقدار <number>.
477ce6ca9b240a8b,TID_INFO_LEADERBOARD_AVERAGE_ATTACK_DESTRUCTION,<number>‏%
809e53ea0270725b,TID_GP_POP_POTIONS,جرعات
1ca9c97851091623,TID_ARCHER2_ABILITY_HELP,غير مرئية أمام الدفاعات طوال <num> ثوانٍ الأولى
0a66ac1ba43ecf83,TID_DECORATION_SMALL_PINETREE,شجرة صنوبر صغيرة
bdb4926f9cc342a8,TID_FAQ_TEXT_RECRUIT,يمكنك دعوة الأصدقاء على Game Center وFacebook إلى قبيلتك أو دعوة أشخاص من المحادثة العالمية.\n\nلتتمكن من دعوة الأصدقاء على Game Center أو Facebook، يجب على أصدقائك أولاً لعب Clash of Clan والاتصال بـ Game Center أو Facebook بحساباتهم وإعادة بناء قلعة القبيلة. بعد هذا، يمكنك رؤية أصدقائك في قائمة الأصدقاء، حيث يمكنك النقر على أسمائهم واختيار الدعوة من قائمة السياق. وتعمل الدعوة من المحادثة العالمية بطريقة مشابهة: انقر على رسالة لاعب، واختر الدعوة من قائمة السياق.
4e30dff70b6c6340,TID_NEWS_MAYTROOPS_TITLE,قوات جديدة!
45b1930b280cc722,TID_FAQ_TEXT_BUYING_ANDROID,احرص على استخدامك لحساب Google صالح وأن تكون وسيلة الدفع الرئيسية لديك محدّثة. يمكنك مراجعة هذا في صفحة Google Wallet الشخصية. إن كانت لديك استفسارات عن أساليب الدفع أو الطلبات الملغاة، من فضلك تواصل مع Google مباشرة.
441bcf7c6aa7e602,TID_FAQ_TITLE_UPGRADES,كيف أرقي المباني؟
4fa03132225a5009,TID_BUTTON_LOAD_ALL,تحميل الكل
b3e5f9c1fb8b5375,TID_ERROR_POP_UP_SERVER_MAINTENANCE_TITLE,فاصل للصيانة
9dcf9e2088bdd9b8,TID_TIME_HOURS,ساعة
22928db99a224ce4,TID_ARMY_OVERVIEW_HINT_CLAN_CASTLE,انضم إلى قبيلة لتلقي قوات قلعة القبيلة والتعويذات
8fa1aed809350c7c,TID_BUY_MISSING_RESOURCES_HEADER,تحتاج إلى المزيد من <resource>
00fc781f1b0d0c0f,TID_AIR_BLASTER_INFO,يتحكم الكنّاس الجوي في السماء بدفعات قوية من الهواء تعيق تقدم الأعداء الطائرين. يستطيع الكنّاس الجوي اتخاذ اتجاه واحد فقط؛ لذا عليك تدويره لزيادة تأثيره لأقصى حد.
ebcde5f9a893d750,TID_FILL_ARMY_CAMPS,ملء معسكرات الجيش
ca34093d1f187bf8,TID_NEWS_BUILDER_BASE_TEXT1,• انطلق في مغامرة جديدة عبر شواطئك: قاعدة البنّاء!\n• ابنِ قاعدة جديدة بقوات خاصة ومبان والمزيد!\n• أصلح قاربك لبدء الرحلة
cefeca82ba4f22ee,TID_IAP_INFO_TEXT,"청약철회는 구매일로부터 7일 이내 가능(단, 사용시 철회불가) 법정대리인 동의 없는 미성년자명의 결제 시 취소가능 (자세히보기)"
6d09f5c7f81826b6,TID_ACHIEVEMENT_VS_BATTLE_TROPHIES,تحقيق إجمالي <number> من الكؤوس في معارك المواجهة
0d3dd25f15eccafa,TID_NO_TROOPS,يجب تدريب بعض القوات أولاً!
a2b39ac415b0a0c9,TID_SHOP_CATEGORY_ARMY_BUILDINGS,جيش
08afb05406d8e01f,TID_UNLOCK_BARRACK_TROOP,عناصر مفتوحة <name>
ca38dab31e66b994,TID_HERO_INSTRUCTIONS_WARDEN,يتوجه خبير المعارك المخضرم هذا نحو مجموعات من القوات الصديقة للقتال خلفها ويعززها بهالة الحياة الخاصة به، ويتخذ شكل برج عند الدفاع. وعند الهجوم، يمكنه المشي فوق الجدران أو الطيران عاليًا، ويمكنه جعل القوات القريبة منيعة ضد الضرر بمجرد فتح المجلد الخالد الخاص به!
8595103e9e8026c4,TID_NEWS_VIDEO_TEXT_WAR,شاهد فيديو للعب من داخل اللعبة يسلط الضوء على مميزات حرب القبيلة الجديدة. تابع إلى المنتديات للحصول على مزيد من المعلومات!
d75ac191f249b7f9,TID_MEGA_TESLA_INFO,ماذا يحدث عندما تصبح التيسلا عملاقة؟ تسبب صدمتها القوية ضررًا كبيرًا حتى في أقوى الوحدات!
a51ed9ff69e154df,TID_EVENT_CHRISTMAS_SPELL_UPCOMING,اليوم الأول من Clash عيد الميلاد!
9ca67615e217d747,TID_POPUP_HEADER_ABOUT_TO_CANCEL_SPELL,أأنت واثق؟
e611c1c41a6c3676,TID_NEWS_VIDEO_TITLE,شاهده أولاً!
daac3cc0d57ad753,TID_ACHIEVEMENT_DESTROY_MORTARS_COMPLETED,إجمالي مدافع الهاون المدمرة: <value>
4a240a7661234fd3,TID_TOWN_HALL2_INFO,موطن البنَّاء الخبير والهدف الرئيسي في المعركة.\n\nيمنحك تدمير قاعة البنّاء نجمة إضافية في الهجمات. فُز بمعركة مواجهة بالحصول على أغلب النجوم أو التسبب في المزيد من الضرر في حالة التعادل.\n\nقم بترقية قاعة البنّاء لفتح المباني والقوات المتقدمة!
4d129f15d8222a0a,TID_ADVANCED_SEARCH_BUTTON_LESS,إخفاء عوامل التصفية
3b2d12c191825451,TID_MAP_LOCATION_14,مخبأ الملك الغول
d2b2182ca3906c48,TID_HINT_ACCOUNT_SECURITY_2_ANDROID,لن يطلب موظفو Supercell معرفة كلمة سر حساب Google الخاصة بك.
ae37afed1d317f91,TID_HINT_SAFEGUARD_PROGRESS_ANDROID,قم بتسجيل الدخول باستخدام حساب Google Play لحماية تقدمك.
8f5b14cc15164c78,TID_DIAMOND_BUNDLE_TH7_INFO,• <gems> من الجواهر\n• بطل الملك البربري\n• تيسلا مخفية من المستوى 3\n\nبدون وقت للبناء!\n\nلا تفوّت هذا العرض الذي يعطي <cffec78><value> أضعاف القيمة</c> ويأتي مرة واحدة!
7e39d370f7b5850a,TID_OBSTACLE_XMASTREE,شجرة الكريسماس
37143cc3923b9c9d,TID_FAQ_TEXT_RESET_ANDROID,لا نوصي بإعادة اللعبة إلى الحالة الافتراضية. إن قمت بإلغاء تثبيت اللعبة (أو أزلت بيانات اللعبة من مدير التطبيقات)، فستفقد أي تقدم أحرزته. ملحوظة مهمة: لمنع فقدان تقدمك بالخطأ، من فضلك استخدم تسجيل الدخول إلى Google Play لحماية قريتك. بعد استخدامك تسجيل الدخول إلى Google Play مرة، فسيمكنك دائمًا استعادة قريتك بتسجيل الدخول إلى الحساب نفسه.
52b963857d2f124b,TID_TUTORIAL_TOWN_HALL_2,أحسنت! يمكننا الآن بناء مبانٍ جديدة بفضل ترقية قاعة المدينة.
05974736c2e59e84,TID_NEWS_VIDEO_BUTTON_WAR,شاهد الآن!
cdd747d165c4d7a0,TID_ACHIEVEMENT_DESTROY_INFERNO_COMPLETED,إجمالي أبراج النار المدمرة: <value>
e017acbd356784b1,TID_RES_PACK_INFO_GOLD,• <gems> من الجواهر\n• <res0> من الذهب\n\nبدون حدود على التخزين!\n\nاحصل على خصم هائل على الموارد لوقت محدود!
706dbc7b0cd2d19c,TID_DUEL_REWARDS_INFO_TEXT,انتصر في معركة مواجهة لربح الغنيمة! لا تُفقَد أي موارد عند الدفاع.\n\nاحصل على مزيد من الكؤوس لزيادة جوائزك!
345fb33804fc73d2,TID_TRAINING_BUILDING_STATUS,الثكنات
9df334d64c615561,TID_NEWS_VIDEO_TEXT,شاهد شخصيات Clash المفضلة لديك تدب فيها الحياة في إعلاننا التليفزيوني الجديد من الرسوم المتحركة!
9711c4720a8c947d,TID_POPUP_ABOUT_TO_SELL_TITLE,بيع المبنى
82f443b4c1e147a8,TID_FAQ_TITLE_INTERNET,أفقد الاتصال أحيانًا. كيف أتجنب هذا؟
6d5649b6c467f01b,TID_NAMECHANGE_WARNING,ملاحظة: يمكنك تغيير اسمك مرة واحدة فقط
a7e9f1b34becca9e,TID_POPUP_RELOAD_ALL,إعادة تحميل الكل
b5b8d5e635cad0b9,TID_ARRANGED_WAR_EDIT_MEMBERS,اختر المشاركين في الحرب الودية
8920a7e6603f4936,TID_KICK_MEMBER_CONFIRMATION_TITLE,إقصاء!
e9b6d64f13cdca26,TID_SETTINGS_OFF,إيقاف تشغيل
e6e73bbdec00713b,TID_CALL_CENTER_TITLE,الاستفسار عبر الهاتف
ed4824fd3894fa28,TID_NEWS_OCT_2017_UPDATE_TITLE_2,مستويات جديدة للمباني والقوات
5b9d361d5d0e04cc,TID_DUEL_TOTAL_WINS,الانتصارات في معارك المواجهة:
e642e4b262cea7ff,TID_FAQ_TEXT_CLANSCORE,يتم احتساب نتيجة القبيلة عن طريق صيغة تستخدم النتائج المرجحة من جميع أعضاء القبائل. ليس مجموع كل نتائج الأعضاء. نتيجة القبيلة مصممة للسماح بتصنيف قبيلة أكثر تنافسية وعدالة.
2e1b9306646ce5be,TID_POPUP_REMOVE_TROOP_TEXT,هل ترغب حقًا في إزالة القوات؟ لن تتم إعادة التكاليف إليك.
29b0cefee0bde4c0,TID_NEWS_XMAS_2016_MORE_TITLE,تحديثات أخرى
b0648c6809a0c18b,TID_FAQ_TEXT_DESTROYED,إذا لم يكن لديك درع نشط أو حراسة نشطة وخرجت من اللعبة، فستكون قريتك عرضة للهجمات من لاعبين آخرين. سيتمكن اللاعب المهاجم من سرقة بعض مواردك، لكن ليس كلها. يمكنك حماية قريتك بمبانٍ دفاعية وجدران وفخاخ أو شراء درع جديد أو حراسة من المتجر. لا تمنع عوائق المنطقة وحافة الخريطة القوات المهاجمة!
14d45ed8423e5d7d,TID_NEWS_OCT_2017_UPDATE_MAIN_TITLE,تحديث أكتوبر!
c19ecee9b4745f9d,TID_FAQ_TITLE_GUARD,ما الحراسة وكيف تعمل؟
5ec75817504007de,TID_NEWS_MARCH_2017_UPDATE_TITLE,تحديث خاص بالتوازن!
fb4d4808c8d9c02c,TID_WAR_ELIXIR,إكسير الحرب
8b57665fa2936d8d,TID_DIAMOND_PACK_4,صندوق جواهر
1a6bce543ee67e11,TID_ALLIANCE_JOIN_BUTTON,الانضمام
75b1c67b0fc93b02,TID_DUEL_NOTIFICATION,بدأت معركة مواجهة ضد <attacker>!
1b7bc83e3e4710d7,TID_FAQ_TITLE_CLAN_WARS,كيف أنضم إلى حرب القبائل؟
a0607cd3fafdb5d9,TID_NOT_ENOUGH_RESOURCE,لا يوجد لديك <resource> كافٍ!
5b6686faaa95fba5,TID_BOMBER_ABILITY_HELP,تُحدث أول قنبلة مُلقاة <num3>% من الضرر
2419958f10b64338,TID_ALL_BUILDERS_AVAILABLE,جميع البنائين متاحون
2bef4850d9fe1ea3,TID_FAQ_TITLE_BUYING,لا أستطيع شراء الجواهر، ألا يوجد خيار في اللعبة؟
9fe3e85d546d67d6,TID_EVENT_CHRISTMAS_TRAP,في Clash عيد الميلاد فقط: فخ التجمد
018121fa92b12999,TID_FAQ_TITLE_GEM_BOX,كيف أحصل على صندوق جواهر؟
fe3edbc35152c22a,TID_CHAT_JUST_BANNED,قام لاعبون آخرون بالإبلاغ عن قيامك بتعليقات غير لائقة. تم كتم الصوت في المحادثة العالمية.
9951684076d59ab5,TID_DIAMOND_BUNDLE_TH6_INFO,• <gems> من الجواهر\n• <res0> من الذهب\n• كنّاس جوي من المستوى 2\n\nبدون وقت للبناء وبلا حدود على التخزين!\n\nلا تفوّت هذا العرض الذي يعطي <cffec78><value> أضعاف القيمة</c> ويأتي لمرة واحدة!
1fbaa24bc5706af5,TID_DIAMOND_BUNDLE_TH8_INFO,• <gems> من الجواهر\n• <res0> من الذهب\n• برج قنابل من المستوى 2\n\nبدون وقت للبناء وبلا حدود على التخزين!\n\nلا تفوّت هذا العرض الذي يعطي <cffec78><value> أضعاف القيمة</c> ويأتي مرة واحدة!
aa060510a1838525,TID_TUTORIAL_CANNON_2,هذه قريتك الجديدة، إنها جميلة! كانت الحياة هنا لتصبح مثالية لولا...
dbc31eaa9de015ca,TID_YES,أجل
49c2a13fb2d2a9a7,TID_LOADING_CHINA,本网络游戏适合年满13周岁以上的用户使用；为了您的健康，请合理控制游戏时间。京网文[2016]4066-516号 （总）网出证（京）字第149号 著作权人：SUPERCELL OY 出版单位：北京昆仑乐享网络技术有限公司 文网游进字[2015]0062号 新广出审[2015]1084号 出版物号：ISBN 978-7-89988-438-6 抵制不良游戏，拒绝盗版游戏。注意自我保护，谨防受骗上当。适度游戏益脑，沉迷游戏伤身。合理安排时间，享受健康生活。
a70053b12ce291a7,TID_TIME_DAYS,يوم
ac388e2516a8ac13,TID_FAQ_TEXT_TEXTSIZE_ANDROID,لسوء الحظ، في هذه المرحلة لا يمكن زيادة حجم الكتابة، لكننا نعمل دائمًا على تحسين تجربة اللعب، وتشمل القراءة وسهولة الاستخدام.
ec2ecb3cb0033fb2,TID_FAQ_TEXT_INTERNET,لتقليل هذا الخطر، استخدم اتصالاً آمنًا وقويًا (Wi-Fi أو 3G/4G) مع مزود خدمة اتصال بالإنترنت موثوق به. وأيضًا قبل اللعب، احرص على إغلاق أي تطبيقات أخرى غير ضرورية ربما تستخدم بعضًا من السعة النطاقية الخاصة بك.
d39129dcc31d7b6c,TID_POPUP_SPEED_UP_UPGRADE_SLOWDOWN,يؤدي ترقية <item> إلى إبطاء تدريب الجيش. هل تريد الإنهاء الآن للحصول على <number> من الجواهر؟
974f1030ca126d42,TID_TRAINING_BUTTON_BOOST,معزز
6f356e117291846a,TID_FAQ_TITLE_CLANSCORE,لماذا نتيجة قبيلتي أقل من مجموع نتائج الأعضاء؟
a35d776a6197013a,TID_WAR_TEAM_TAB_DEFENSES,دفاعات
5c3d9dab0200c729,TID_TUTORIAL_ELIXIR_STORAGE_2,فلنقم ببناء وعاء تخزين حتى نتمكن من تخزين الأشياء!
506b1369bbe9f715,TID_NEWS_XMAS_2016_UPGRADES_TITLE,ترقيات جديدة
e8d2a88cafcb3f0b,TID_POPUP_TEXT_ABOUT_TO_SELL_FREE,هل تريد حقًا إزالة <item>؟
cc664591fb8ce1e5,TID_NEWS_BUILDER_BASE_TITLE1,اتجه إلى عالم جديد تمامًا
805d7bbf0016f395,TID_CHARACTER_INFO_GOLEM,يحب الغولم القوي امتصاص الضرر! عند تدميره، ينفجر وينقسم إلى اثنين. كائنات الغولم الصغيرة الناتجة تتمتع بخُمس قوة الغولم ونقاط إصابته.
877041028eefe64c,TID_LOCAL_NOTIFICATION_EVENT_XMAS_1,يا زعيم، احتفل بعيد Clash المجيد مع تعزيزات مقابل جوهرة واحدة ومفاجأة بابا نويل!
646fd652efa8ae87,TID_NEWS_MAYUPGRADES_TEXT,قاعة المدينة 11\n• المدفع من المستوى 14\n• كلب الحمم من المستوى 4\n• البالون من المستوى 7\n\nقاعة المدينة 7 وأعلى\n• مستويات فخ الزنبرك 2-4\n\nقاعة المدينة 10 وأعلى\n• تم تقليل مساحة تسكين الباولر إلى 6
a54022a6db81f101,TID_LOCAL_NOTIFICATION_EVENT_XMAS_2,يا زعيم، يستمر عيد Clash المجيد مع فخ التجمد - اطّلع عليه!
3424d07c65d49e99,TID_DUEL_REWARDS_TITLE,جوائز معركة المواجهة
21823f3caca20b3c,TID_GARG2_ABILITY_NAME,الضربة بعيدة المدى
68311a1f4ee2f7eb,TID_EVENT_CHRISTMAS_UNIT,في Clash عيد الميلاد فقط: ساحر الثلج
c3f050c2a1c71306,TID_TUTORIAL_CANNON_4,ضع المدفع في مركز القرية. يجب أن نحمي قاعة المدينة!
9ae75272b9f3d9cc,TID_LABORATORY_INFO,ما هي الأسرار السرية التي يخفيها الكيميائيون داخل المعمل؟ لم يجرؤ أحد على النظر. كل ما نعرفه هو أن بحثهم يجعل تعويذاتنا وقواتنا أقسى وأفضل وأسرع وأقوى!
e029e89b3cd2a2fe,TID_WAR_SPECTATOR_TEXT,لا يمكنك المشاركة في هذه الحرب. يجب أن تكون عضوًا في قبيلة قبل بدء الحرب، وفي رتبة عالية بما يكفي ولا يمكن أن تكون في حرب مختلفة بالفعل.
9fffc075767a7d22,TID_FAQ_TITLE_RESET,أيمكنني إعادة تعيين اللعبة والبدء ثانيةً من البداية؟
13a400999b098570,TID_FAQ_TEXT_LOSTGEMS,بينما تتم معظم المعاملات بسلاسة، إلا أن أحيانًا الاستجابة من مزود الدفع أو خوادمنا قد تكون أبطأ من المعتاد أو قد تؤدي إلى أخطاء. انتظر من فضلك لبعض الوقت لمعرفة إن كانت ستصل. إن لم يساعدك ذلك، فاخرج من اللعبة وأعد تشغيلها. يفترض أن يتم منحك جواهرك.\n\nإن لم يساعدك ذلك، من فضلك تواصل معنا عبر زر \qإبلاغ عن مشكلة\q في الأسفل.
6c8c171a128b361e,TID_INFO_HEAL_TYPE,نوع العلاج:
f60d56a9fa6bd308,TID_FAQ_TITLE_TEXTSIZE,أيمكنني زيادة حجم الكتابة؟
9282a21660fe414a,TID_POPUP_TEXT_RELOAD_ALL_XBOWS,هل تريد إعادة تحميل كل الأقواس مقابل <number> <resource>؟
a26aa5e3576a5829,TID_ABOUT,المشاركون\n\n<names>\n\nClash of Clans ™ <version>\nحقوق النشر محفوظة لشركة Supercell Ltd لعام 2012 - 2017. جميع الحقوق محفوظة.\nبراءة الاختراع الأمريكية معلقة\nتخضع جميع استخدامات هذا البرنامج لشروط الخدمة وسياسة الخصوصية على الموقع www.supercell.net.\nللحصول على الدعم اتصل بـ clashofclans.feedback@supercell.net.\n\nتقنية ترميز الصوت MPEG Layer-3 المرخصة من شركة Fraunhofer IIS والحاصلة على ترخيص شركة Thomson
8f5ce1e9b4c419c0,TID_NEWS_RESOURCE_BOOST,يمكنك الآن تسريع كل جامعي الموارد مقابل جوهرة واحدة لكل منها.
0d3ce37fe940a09f,TID_CLANPERK_DESC_DONATION_LIMIT_VALUE,<value> من القوات
bf04fc07c5e7b9fe,TID_CLAN_LOCATION_UNKNOWN,لم يتحدد
6f03f690a87e88e4,TID_FAQ_TITLE_SPELLS,ما التعويذات وكيف يمكنني استخدامها؟
b6b13b164f6f722c,TID_INFOBUBBLE_BUILDER_INPROGRESS,الترقيات قيد التنفيذ:
9200cb4fad5eb3ce,TID_NEWS_UPDATE_INFO_TEXT_SHORT,
20b8c4a832660dee,TID_BOMBER_ABILITY,القنبلة الكبيرة
8c66ca4cdbc401f1,TID_FAQ_TEXT_CLAN,لتنضم إلى قبيلة، يجب عليك أولاً إعادة بناء قلعة القبيلة. بعد إعادة بنائها، يمكنك النقر عليها واختيار الانضمام إلى قبيلة أو إنشاء قبيلة. يمكن لقلعة القبيلة أيضًا استضافة قوات التعزيزات والتعويذات من زملائك في القبيلة. ستدافع القوات المرابطة داخل قلعة القبيلة عن قريتك. يمكن أيضًا استخدام قوات التعزيز والتعويذات لمهاجمة لاعبين آخرين.
7b9561da8108129e,TID_ADD_FRIENDS_INFO_REQUESTS,قم بإضافة أصدقاء Clash من ملفات اللاعبين التعريفية. يظهر أصدقاء Game Center وFacebook تلقائيًا بمجرد تسجيلك للدخول.
286ffbdcbaf0ab65,TID_WAR_ATTACK_CONFIRM_INFO,احرص على أن تكون جاهزًا! المتابعة ستستخدم واحدة من هجمات الحرب الباقية لديك.
5c1c5a1095c15c9c,TID_WAR_PERSONAL_INFO,هل تفضل المشاركة في حروب القبيلة؟ ستكون تفضيلاتك متاحة لأعضاء القبيلة الآخرين.
28476589c434a9f2,TID_FAQ_TEXT_RECRUIT_ANDROID,يمكنك دعوة الأصدقاء على Google Play وFacebook إلى قبيلتك أو دعوة أشخاص من المحادثة العالمية.\n\nلتتمكن من دعوة الأصدقاء على Facebook أو Google Play، يجب على أصدقائك أولاً لعب Clash of Clan والاتصال بـ Google Play أو Facebook بحساباتهم وإعادة بناء قلعة القبيلة. بعد هذا، يمكنك رؤية أصدقائك في قائمة الأصدقاء، حيث يمكنك النقر على أسمائهم واختيار الدعوة من قائمة السياق. وتعمل الدعوة من المحادثة العالمية بطريقة مشابهة: انقر على رسالة لاعب، واختر الدعوة من قائمة السياق.
a15b146e662fa05e,TID_FAQ_TITLE_TROOPS,ماذا يحدث للقوات التي تنجو من المعارك؟
2deac4052522584e,TID_GIANT_ABILITY_HELP,الهجوم الأول يسبب <num>% من الضرر
e93ba74cc84dea28,TID_CHARACTER_INFO_GHOST,معلومات الشبح
ac74c71a14d3a476,TID_PLACEMENT_HINT,انقر أو اضغط باستمرار لنشر القوات
0a784a47ebc56c07,TID_FAQ_TEXT_TEXTSIZE,لا يمكن زيادة حجم الكتابة، لكن للحصول على أفضل تجربة للعب Clash of Clans، ننصح باللعب بأجهزة الجيل الحالي أو الجيل السابق التي تعمل بنظام iOS، بدايةً من iPad 2 أو iPhone 4 أو iPod الجيل الرابع.\n\nتعمل اللعبة أيضًا على أجهزة أقدم، لكن تجربة اللعب قد لا تكون الأمثل.
7c844a548fee3ff5,TID_NEWS_UPDATE_INFO_TEXT,القصة الملحمية لجرو الحمم الذي لا يتوقف. مستوحى من قصة Clash حقيقية من CamaroBro.
8d897f20f7f8465c,TID_REPLAY_SHARE_TEXT,مشاركة إعادات عرض معركة المواجهة في محادثة قبيلتك؟
1c15edcb80443754,TID_HINT_ACCOUNT_SECURITY_1,لا تمنح كلمة سر Game Center الخاصة بك إلى أي أحد.
ae012a006a62d712,TID_NEWS_VIDEO_BUTTON_FINALLY,شاهد الآن!
52e15f67c0ff619e,TID_DIAMOND_BUNDLE_TH4_INFO,• <gems> من الجواهر\n• <res0> من الذهب\n• دفاع جوي من المستوى 2\n\nبدون وقت للبناء وبلا حدود على التخزين!\n\nلا تفوّت هذا العرض الذي يعطي <cffec78><value> أضعاف القيمة</c> ويأتي مرة واحدة!
196c262e27790015,TID_CHAT_FAIL_BANNED,تم كتم الصوت في المحادثة العالمية مؤقتًا.
75a8dc9087d2e5ae,TID_ACHIEVEMENT_DESTROY_XBOW_COMPLETED,إجمالي الأقواس المدمرة: <value>
5aec205836c02067,TID_NEWS_BUTTON_FIND_OUT_MORE,اكتشف المزيد!
603c2caa8e08ce4f,TID_FAQ_TITLE_DESTROYED,ماذا سيحدث عند انتهاء الدرع أو الحراسة؟
ef34821278577361,TID_NEWS_XMAS_2016_UPGRADES_TEXT,قاعة المدينة 11\n• الملك البربري من المستويات 41-45\n• الملكة رامية السهام من المستويات 41-45\n• غولم من المستوى 6\n• راكب الخنزير من المستوى 7\n• تعويذة السم من المستوى 5\n• قلعة القبيلة من المستوى 7\n• برج الساحر من المستوى 10\n• الجدار من المستوى 12 (بحد أقصى 50 قطعة)
530d3b03a35ed616,TID_NEWS_OCT_2017_UPDATE,القبائل والأصدقاء وأصدقاء القبائل
fde12d49f5cd1df7,TID_LEADERBOARDBANNER_PLAYER_NO_TOP_3_V2,سنذكر لمحة عن الفائزين ببطولة معارك المواجهة هنا!
a0a9f9d375833536,TID_FAQ_TEXT_TROPHIES,عند الهجوم أو التعرض للهجوم من لاعبين آخرين، ستربح أو تخسر الكؤوس على حسب نتيجة المعركة. يعتمد عدد الكؤوس التي ستربحها أو تخسرها على مقدار نجاح الهجوم أو الدفاع. انتصارك على أحد الخصوم بعدد كؤوس أكبر مما لديك سيمنحك أكثر مما ستحققه من انتصارك على أحد الخصوم بعدد كؤوس أقل.
e1d54677ee91bcb6,TID_TUTORIAL_CANNON_5,أيها الزعيم، يمكنك إنفاق بعض الجواهر الخضراء لتسريع الأشياء!
a7c47b76e882ae28,TID_INFO_POP_UP_IAP_NOTE_TENCENT,لعبة Clash of Clans مجانية، لكن يمكنك تسريع تقدمك في اللعبة بواسطة عمليات الشراء داخل التطبيق.
eb82399313da2aba,TID_TRAPS_ALREADY_ARMED,تم إعادة تسليح كل الفخاخ!
18af212243febfd4,TID_TREASURY_CAPACITY,الخزينة <resource>: <number>
ddc638fa1f79d351,TID_ACHIEVEMENT_DESTROY_BUILDER_COMPLETED,إجمالي أكواخ البنّاء المدمرة: <value>
6286265f3c1cf766,TID_WAR_BATTLE_INFO,يمكن للجميع الهجوم مرتين أثناء يوم المعركة. لن تحتسب إلا أفضل هجمة على كل عدو، لذا فإن إستراتيجية القبيلة هي المفتاح! لن تقلل هجمات حرب القبيلة من درعك ولن تؤثر على كؤوسك.
0f7b0b61e15b8b43,TID_ACHIEVEMENT_NPC_STARS,الفوز بـ<number> من النجوم على خريطة الحملة
b966da2e809fd231,TID_ALLIANCE_DONATE_BUTTON_QUICK,تبرع الآن!
aeaec98a9a02062d,TID_DARK_TOWER_INFO,سلّط لهب برج النار التي تتخذ من إكسير الظلام وقودًا لها على أهداف فردية لتلحق بهًا ضررًا لا يُصدَق، أو على أهداف متعددة لتشويها على الفور. تفقد تأثيرات الشفاء فاعليتها أمام الحرارة الهائلة!
6c04908a29c433d2,TID_EVENT_CHRISTMAS_SPELL,في Clash عيد الميلاد فقط: مفاجأة بابا نويل
0f91dc78f09d24d8,TID_FAQ_TITLE_DISCONNECTED,انقطع الاتصال وفقدت كؤوسًا. هل يمكنكم إعادتها لي؟
c13faa15f8a2b501,TID_NEWS_VIDEO_BUTTON_APRIL,شاهد الآن
8961e4b8761b34f2,TID_FAQ_TEXT_UPGRADES,يمكنك ترقية مبانيك بالنقر عليها واختيار خيار \qترقية\q. ترقية قاعة المدينة ستفتح مبانٍ جديدة وتتيح لك ترقية مبانيك الحالية أكثر!\n\nلن تعمل المباني أثناء ترقيتها. وهذا يعني أن المناجم ومستخرجات الإكسير لن تنتج الموارد والمدافع والأبراج لن تضرب الأعداء أثناء ترقيتها.
9fdd72d9751d7688,TID_BUTTON_CALL_CENTER,الاستفسار عبر الهاتف
0bc7acd7051c656c,TID_ANDROID_BILLING_PRODUCT_NOT_AVAILABLE_PRICE,انقر للحصول على المعلومات!
fb1345a444407416,TID_ADD_FRIENDS_INFO_REQUESTS_ANDROID,قم بإضافة أصدقاء Clash من ملفات اللاعبين التعريفية. يظهر أصدقاء Facebook تلقائيًا بمجرد تسجيلك للدخول.
ae7cd4c045687dad,TID_FAQ_TITLE_LOSTGEMS,اشتريت الجواهر لكنها لم تصلني. ماذا يمكنني أن أفعل؟
ba5b195d4ec78398,TID_DARKTOWER_AMMO_ALREADY_FULL_ALL,كل أبراج النار محملة بالكامل!
a4c90bd49464bf41,TID_DIAMOND_BUNDLE_BH7_INFO,
1f7c885d4a960948,TID_HERO_ABILITY_BARBARIAN_DESC,سيشتعل الملك من الغضب، ويستعيد كمية كبيرة من الصحة وزيادة السرعة المؤقتة وقوة الهجوم لنفسه وكل البرابرة بالقرب منه. ستظهر مجموعة من البرابرة أيضا للانضمام إلى الشجار!
2ca00aa9384e7eeb,TID_POPUP_BOOST_VILLAGE_SPEEDUP,اجمع الموارد ودرب القوات وادرسها وأنشئ المباني <multiplier> مرات أسرع لمدة <time>!
7c303fb6dbe78a88,TID_FAQ_TEXT_BUYING,تأكد من ضبط جهازك على السماح بعمليات الشراء داخل التطبيق. اذهب إلى الإعدادات ثم عام ثم قيود واضبط عمليات الشراء داخل التطبيق إلى وضع التشغيل. ثم اخرج وقم بإعادة تشغيل اللعبة: اضغط على زر القائمة الرئيسية *(المربع) في جهازك مرتين، انقر مع الضغط على أيقونة Clash of Clans حتى تبدأ في الاهتزاز، انقر على الأيقونة الحمراء في الركن العلوي الأيمن، اضغط زر القائمة الرئيسية ثانيةً، أعد تشغيل Clash of Clans ويفترض بعد ذلك أن تصبح قادرًا على شراء الجواهر.
77cefd282565819d,TID_NEWS_VIDEO_TEXT_APRIL,شاهد هذا الفيديو الجديد بالرسوم المتحركة احتفالاً بوصول حروب القبائل! نعدك بالجدية هذه المرة. حقًا.
ba1d63f8e7f66393,TID_POPUP_BOOST_MINI_SPELL_FACTORY,تسريع صناعة سحر الظلام بمقدار <multiplier>x لمدة <time>؟
9e773501fa2281c8,TID_NEWS_BUILDER_BASE_TITLE2,قاتل في وضع معركة المواجهة الجديد
6c3b2bd1e27271a9,TID_UNLOCK_SPELL_FORGE_SPELL,عناصر مفتوحة <name>
359da10a44b18469,TID_HERO_ABILITY_UPGRADE_PROMPT_QUEEN,قم بترقية بطلتك إلى المستوى <number> لتحسين قدرتها!
bbfa54932e6916cc,TID_BARRACK2_INFO,ثكنات البنّاء تدرب القوات من أجل معارك المواجهة! يمكنك أيضًا استبدال القوات بسرعة قبل الهجوم مباشرةً! قم بترقية ثكنات البنّاء لفتح المزيد من أنواع القوات!
da3be3038d264d7d,TID_BALLOON2_ABILITY_NAME,الانفجار العظمي
ec08ab3f257d1fb3,TID_POPUP_TEXT_RELOAD_ALL_ELIXIR,هل تريد إعادة تحميل كل الأقواس ومدفعية النسر مقابل <number> <resource>؟
e1c19d5b697791ca,TID_CHARACTER_INFO_MOVING_CANNON,مدفع يتحرك على عجلات؟! أراهن أنهم لن يتوقعوا ذلك! قوة نارية هائلة، وإن لم تكن ثابتة كثيرًا!
3d6f4dd6ce1c36aa,TID_FAQ_TEXT_MULTIDEVICE_ANDROID,أجل! تأكد أولاً من ربط قريتك بحساب Google الخاص بك باستخدام تسجيل الدخول إلى Google Play. يمكنك عندئذٍ تحميل القرية نفسها على أجهزة Android أخرى بالاتصال بحساب Google Play نفسه عبر الإعدادات داخل اللعبة.
d3a3209c6d493860,TID_HERO_ABILITY_UNLOCK_PROMPT,قم بترقية بطلك إلى المستوى <number> لإلغاء قفل هذه القدرة!
0ed88fc006e024a3,TID_BUTTON_TRAPS_ARMED,كل الفخاخ مجهّزة
e6bc9b91e0cf24c0,TID_TRAINING_TIME2,مدة التدريب:
b2f23a9b2ecbb6ad,TID_ACHIEVEMENT_DESTROY_WALLS_TITLE,مدمر الجدران
5d339a22be0161d4,TID_ACHIEVEMENT_ACCOUNT_BOUND_GOOGLE_PLAY,الاتصال بـ Google Play
44f11c72464b4084,TID_NPC33,أبراج معيوبة
5de98f248622192b,TID_AMMO_ALREADY_FULL_ALL,كل الأقواس محملة بالكامل!
8ee5b13493b18922,TID_POPUP_TEXT_ABOUT_TO_SELL,هل تريد حقًا بيع <item> مقابل <number> <resource>؟
d491fd0b60634a56,TID_PERSONAL_WAR_PREFERENCE_DESCR,تحديد إن كنت تفضل أن يتم ضمك أو استبعادك من حروب القبائل. ستكون تفضيلاتك مرئية لأعضاء القبيلة الآخرين.
a66c36b1daf4aed3,TID_DARK_ELIXIR_PUMP_INFO,نجح الكيميائيون لدينا أخيرًا في اكتشاف طريقة لاستخراج إكسير الظلام، أكثر أشكال السحر ندرة.
4dfa78e0f724efd2,TID_TUTORIAL_TRAIN_2,انقر الثكنات واختر تدريب القوات
0d78ab95c46ccf50,TID_NOT_ENOUGH_WORKERS_HEADER,جميع البنائين مشغولون!
7e33625cd59724a4,TID_HERO_ABILITY_WARDEN_DESC,الآمر يطلق قوة المجلد الغامض الكاملة، ويجعل نفسه وكل الوحدات الصديقة القريبة منه في مناعة كاملة ضد الضرر لفترة قصيرة من الوقت!
0a4222ba7ecac6da,TID_TUTORIAL_DEFEND_4,بنينا القرية فوق أنابيب. وهذا يعني أن المدافع ستصلح نفسها بطريقة سحرية بمرور الوقت.
36262fbf6b9587b1,TID_GARG2_ABILITY_HELP,أول <num> من الهجمات يتم إطلاقها من نطاق أبعد
35999df328f5a724,TID_DECORATION_ANCIENT_BARBARIAN_STATUE,تمثال بربري قديم
df8c714288ab69bf,TID_NEWS_OCT_2017_UPDATE_TEXT_2,• مستويات جديدة للقوات في الغولم وفالكيري\n• مستويات مباني جديدة للمراقب الجوي وبرج القنابل\n• 25 قطعة إضافية من الجدار بالحد الأقصى للمستوى
06ce4976ca920665,TID_FAQ_TITLE_MATCHMAKING,ما طريقة عمل العثور على مطابقة؟
9c5c43660c117e3c,TID_TIME_MINS,دقيقة
06486cce4c542bf9,TID_POPUP_SPEED_UP_CONSTRUCTION_SLOWDOWN,يؤدي بناء <item> إلى إبطاء تدريب الجيش. هل تريد الإنهاء الآن للحصول على <number> من الجواهر؟
bc493b5fbc93aa8e,TID_NEWS_VIDEO_TITLE_WAR,أينتابك الفضول عن حروب القبائل؟
df8ef90f50245805,TID_CLAN_WAR_FREQ_UNKNOWN,لم يتحدد
cc623286481b02f5,TID_HINT_VERSUS_BATTLE3,اربح 3 معارك مواجهة في اليوم لتحصل على مكافأة غنيمة كبيرة.
2f9c2640f757d9b5,TID_TOWN_HALL_LEVEL_TOO_LOW,أنت بحاجة إلى ترقية قاعة المدينة إلى المستوى <number>!'مستوى واحد'
45a707c1301dd8d3,TID_DIAMOND_BUNDLE_BH4_INFO,• <gems> من الجواهر\n• <res0> من الإكسير\n• مقر حراسة من المستوى 1\n• برج تيسلا من المستوى 1\n\nبلا وقت للبناء وبلا حدود على التخزين!\n\nلا تفوّت عرض <cffec78><value>أضعاف القيمة</c> الذي لن يتكرر!
292a22e51e446ade,TID_POPUP_BREAK_SHIELD,إزالة الدرع؟
b1316400be6ed0e3,TID_DEVICE_LINK_ERROR_CODE_CURRENT_VILLAGE_TOO_HIGH_TEXT_TENCENT,ترتبط قريتك ارتباطًا دائمًا بالفعل بالحساب الذي سجلت الدخول بواسطته.\n\nنظرًا لأن القاعدة أحرزت تقدمًا بالفعل (بوصول قاعة المدينة إلى المستوى <level> أو إجراء عملية شراء)، فإنه لا يمكن استبدالها بعد الآن.
5f6eb2b75afaf27a,TID_HINT_ACCOUNT_SECURITY_2,لن يطلب موظفو Supercell معرفة كلمة سر Game Center الخاصة بك.
ee4883573a0dd54b,TID_GHOST,شبح هالوين
8aff2bb50d461033,TID_NEWS_MAY_BALANCING_TITLE,تحديث خاص بالتوازن في مايو 2017
3dfa6bfd09e4621a,TID_NEWS_MAYSPELLS_TEXT,تعويذة قاعة المدينة 10: تعويذة الاستنساخ\n• تعويذات الاستنساخ تصنع نسخًا من القوات التي تدخل دائرتها!\n• ترقية تعويذات الاستنساخ تولد المزيد من مساحة تسكين الوحدات\n• حضّر تعويذات الاستنساخ في مصنع السحر من المستوى 5\n\nسحر الظلام لقاعة المدينة 9: تعويذة الهيكل العظمي\n• استدع جيشًا من الهياكل العظمية في أي مكان على أرض المعركة!\n• تعويذات الهياكل العظمية التي تمت ترقيتها تولد المزيد والمزيد من الهياكل العظمية\n• اصنع تعويذات الهياكل العظمية في مصنع سحر الظلام الجديد من المستوى 4
e772e50c19265265,TID_ACHIEVEMENTS_REWARD,جوائز:
0904e08d99b366e6,TID_INFOBUBBLE_BUILDER_SUGGESTION,الترقيات المقترحة:
123e41e09579e3de,TID_POPUP_REARM_ALL,إعادة تسليح كل الفخاخ
57184d83efb62171,TID_FAQ_TEXT_SPELLS,لتتمكن من استخدام التعويذات، يجب عليك أولاً ترقية قاعة المدينة إلى المستوى 5. يفتح هذا مبنى جديدًا يدعى مصنع السحر. يعمل مصنع السحر بطريقة مشابهة للثكنات. يمكنك صناعة الجرعات اللازمة للتعويذات في المصنع، لكن هناك حد للعدد الذي يمكنك تخزينه في الوقت نفسه. ترقية مصنع السحر تفتح تعويذات جديدة وتتيح لك تخزين المزيد من التعويذات للقتال.\n\nيمكنك استخدام التعويذات عند مهاجمة لاعبين آخرين فقط. يمكنك إلقاء التعويذات بطريقة مشابهة لنشر قواتك في المعركة. اختر التعويذات من الشريط الموجود أسفل الشاشة وانقر على المكان الذي تريد إلقاءها فيه. على عكس القوات، يمكن إلقاء التعويذات في أي مكان في مجال اللعب.
b01701ab4faf7f2f,TID_MULTIDEVICE_INFO,قم بتسجيل الدخول باستخدام حساب Game Center لحماية تقدمك والعب على أجهزة iOS متعددة.
141fd96f5deddc5f,TID_LAYOUTS_USE_BUTTON,ضبط كمخطط نشط
e92b4cd3fb22482d,TID_LEADERBOARDBANNER_PLAYER_TIMELEFT,ينتهي خلال:
71972593f2edd8f6,TID_NEWS_XMAS_2016_UPDATE_TEXT,إنه موسم مثلج تملؤه الأحداث المميزة!\n\nتفقَّدوا علامة تبويب<c76589b>الأحداث</c> الجديدة وتابعوا كل المرح القادم!
9dbd77fee76bfcb4,TID_TOTEM,وثن
726420162306482a,TID_EVENT_CHRISTMAS_UNIT_UPCOMING,اليوم الثالث من Clash عيد الميلاد!
83e9fac41fc829e8,TID_ERROR_POP_UP_OUT_OF_SYNC,لا يوحد تزامن بين العميل والخادم!
1cb5073e22e660a6,TID_POPUP_RELOAD_ALL_INFERNOS,إعادة تحميل كل أبراج النار
83cbb2f518be282a,TID_POPUP_TEXT_ABOUT_TO_REARM_ALL,هل تريد حقًا إعادة تسليح كل الفخاخ مقابل <number> <resource>؟
1844e1ddb4d8ebcd,TID_NEWS_UPDATE_INFO_TITLE,أسطورة جرو الحمم الأخير
01f257dae975372c,TID_TUTORIAL_DEFEND_1b,غواهاها، ما هذا؟ بشري ضعيف آخر!
3874a866a0dc4427,TID_NEW_BEST,الأفضل الجديد
de39a058e02d9eaa,TID_HINT_VERSUS_BATTLE2,اربح كؤوس أكثر لتزداد جوائزك في معركة المواجهة!
62e78483da2f7ec5,TID_CHAT_UNAVAILABLE,المحادثة غير متاحة!
56d3adbb170853ee,TID_WAR_DARK_ELIXIR,إكسير الظلام الحربي
f7e422a12eca8987,TID_FAQ_TEXT_RESET,ليس ممكنًا في الوقت الحالي إعادة تشغيل لعبتك. لكن يمكنك بدء لعبة جديدة على أي جهاز ليست عليه لعبة Clash of Clans سابقة.
503b0edb343db72c,TID_LEAGUE_INFO_LOOT_BONUS3,الاشتراك في الدوري سيمنحك غنيمة مكافأة على كل انتصار!
92b441e25f91eb47,TID_AIR_BLASTER,الكنّاس الجوي
78ae484c324ad26b,TID_LIGHTNING_STORM_INFO,اصعق أعداءك بصواعق من البرق!\n\nقم بإلقاء هذه التعويذة على قرية العدو لتدمير المباني والوحدات داخل منطقة صغيرة.
dda3ce9490e15435,TID_CLAN_MIN_LEVEL,مستوى القبيلة الأدنى
e6e054501b80d03b,TID_LEADERBOARDBANNER_PLAYERTOURNAMENTS_V2,بطولة معارك المواجهة
cd193eefc95281d1,TID_CLAN_JOIN_FAIL_NO_DUEL_SCORE,لا تمتلك ما يكفي من كؤوس معارك المواجهة للانضمام إلى هذه القبيلة!
639f85a42ac85c11,TID_XMAS_PACK_INFO,• <gems>جواهر\n• <c80d8e8>هدايا القبيلة:</c>\n<giftgems> جواهر لكل أعضائها\n\nبما في ذلك هدايا حتى <giftmates>زملاء القبيلة!
a670e381a5f1802b,TID_FAQ_TEXT_MULTIACCOUNT,Clash of Clans تدعم حسابًا واحدًا فقط لكل جهاز.
97f4b138f37c6a97,TID_TUTORIAL_ELIXIR_1,الإكسير ضروري لتدريب القوات وبناء هياكل كثيرة.
2f0edd2e615886b3,TID_FAQ_TEXT_CHATBAN,من فضلك انتظر انتهاء مدة الحظر. لا تتواصل مع الدعم بسبب ذلك لأنه لن يؤثر على الحظر.
61235568122ce2dd,TID_PREFERRED_TARGET_ANY,أي
6e7fa45ee54ce0e2,TID_POPUP_TEXT_RELOAD_ALL_INFERNOS,هل تريد إعادة تحميل كل أبراج النار مقابل <number> <resource>؟
b8275bf71e705d65,TID_NEWS_VIDEO_TEXT_INTRO,ماذا يميز حرب القبائل؟ شاهد الفيديو التقديمي واكتشف المزيد!
bedeaa157f3377c8,TID_ACHIEVEMENT_DESTROY_TOWNHALL_COMPLETED,إجمالي قاعات المدينة المدمرة: <value>
02ee1bc278ea9517,TID_DARKTOWER_AMMO_FILL_CONFIRMATION_ALL,كل أبراج النار محملة الاَن!
a4c90bd49464b6d1,TID_DIAMOND_BUNDLE_BH8_INFO,
6c8e2f39fadcd86a,TID_ACHIEVEMENT_VS_BATTLE_TROPHIES_COMPLETED,عدد كؤوس المواجهة: <value>
25081329b123800c,TID_FAQ_TITLE_SHIELD,ما هو الدرع وكيف يعمل؟
26f7d9ea6744a2f0,TID_POISON_CLOUD_INFO,امنح جيشك نقطة التفوق ضد قوات العدو بالسم المميت!\n\nالقوات المدافعة التي تنغمس في سحابة تعويذة السم ستتحرك بشكل أبطأ، هاجم بشكل أبطأ وتلقَّ الضرر بمزيد من الشدة بمرور الوقت. لا تؤثر تعويذات السم على المباني.
75eaa06c950da51f,TID_ACHIEVEMENT_DESTROY_TOWNHALL2,تدمير <number> من قاعات البنّاء في معارك المواجهة
2abe1caf3ae2ee58,TID_POPUP_ABOUT_TO_CANCEL_SPELL,بإلغاء التعويذات في قائمة الانتظار لن تسترد إلا <number>% من التكلفة فقط.
a8fc7907dfc4e94c,TID_NEWS_MAY_BALANCING_TEXT,• مستويات جديدة لتعويذة الشفاء والتجميد والاستنساخ\n• منجم الذهب السابع ومستخرج الإكسير في قاعة المدينة 9\n• توازنات أخرى وخصومات
076b9ffc7acfd564,TID_HERO_ABILITY_TIME,مدة القدرة: <number> ثوانٍ
69b66f07067a6763,TID_NEWS_VIDEO_TITLE_APRIL,لقد وصل حقًا
83144cb682eaef5d,TID_RES_PACK_INFO_ELIXIR,• <gems> من الجواهر\n• <res0> من الإكسير\n\nبدون حدود على التخزين!\n\nاحصل على خصم هائل على الموارد لوقت محدود!
775dd883c2c319d3,TID_PEKKA2_ABILITY_NAME,انطلاق خارق
166c365a1da18427,TID_TUTORIAL_DEFEND_1,ها هم! هجوم حشد الغيلان!!
9c4c1f32c2cd6cbc,TID_NEWS_VIDEO_TITLE_FINALLY,نقدم حروب القبائل
4515ba9eda84be19,TID_FAQ_TEXT_CHANGENAME,المعذرة، لا يمكنك تغيير اسم قريتك. لن يعرف أهل قريتك أين يعيشون!
09328dce17dd7830,TID_DUEL_TARGET_FOUND,تم العثور على خصم لمعركة مواجهة! انطلق وهاجم!
8d85cb3aaa99bf12,TID_FAQ_TITLE_CHANGENAME,هل بإمكاني تغيير اسم قريتي؟
0b7afb94d7c661af,TID_FAQ_TEXT_MATCHMAKING,تتم مطابقة لاعب ضد لاعب فقط بناءً على الكؤوس التي تمتلكها، وليس مستوى خبرتك أو الدوري الخاص بك. وهذا يعني أن في استطاعتك الهجوم أو التعرض للهجوم من لاعبين من نفس مدى الكؤوس التي لديك. نبقي هذا المدى واسعًا بما يكفي للحرص على وجود قرية لتغزوها.
0a5ecfd823797fa1,TID_WAROPTIN_LEAVE,ترك
ff55c0b896f53259,TID_VILLAGE2_DUEL_WAITING,ثمة لاعب آخر يبحث عن معركة مواجهة!
2ef172f813c538e2,TID_FAQ_TEXT_TROOPS,بعد المعركة، تتحول كل القوات المنشورة على أرض المعركة إلى إكسير وتمتصها الأرض.\n\nاستهلاك القوات للفوز بالمعارك في صميم إستراتيجية Clash of Clans. اعتبر قواتك موارد يجب إنفاقها بحكمة. عليك التخطيط لكل معركة بحذر ومحاولة استخدام العدد الصحيح من نوع القوات الصحيح. إلقاء كل قواتك في المعركة للقتال دون النظر إلى التكلفة مقابل المنفعة قد يؤدي إلى انتصار باهظ الثمن، حيث سينتهي الأمر بإنفاق موارد أكثر مما تربح.
9f40147d80a38fda,TID_HINT_DARK_SPELLS,يمكن لسحر الظلام أن يأخذ مساحة أقل من التعويذات العادية، مما يتيح لك أخذ المزيد منه!
9cda8fed0e2b0ed5,TID_NPC45,إرهاب متداول
837c2813ba852f6b,TID_NEWS_VIDEO_BUTTON,شاهد الآن!
46530917226fd466,TID_WAROPTIN_COUNTIN,احتساب
a6e56410ead8b4d7,TID_HINT_VERSUS_BATTLE1,احصل على نجوم أكثر لتفوز بمعركة المواجهة! الفيصل هنا هو النسبة المئوية للدمار.
30f0580e62a2f9aa,TID_ATTACK_FAIL_ALREADY_UNDER_ATTACK,لا يمكن الهجوم! القرية تحت الهجوم الاّن.
34b47cc33ed96a8c,TID_POPUP_SPEED_UP_CONSTRUCTION,هل تريد إنهاء إنشاء <item> مقابل <number> جوهرة؟
a030070fd8f23977,TID_NEWS_VIDEO_TEXT_FINALLY,اقترب \qالقبيلة ضد قبيلة\q! شاهد هذا الفيديو الجديد بالرسوم المتحركة حيث تشاهد فيه راكب الخنزير المفضل لديك. هل هناك من قال رائع؟
42fa5d60d32814d9,TID_POPUP_RED_GEMS_PURCHASED_TEXT,شكرًا لك على دعم مكافحة (RED) ضد مرض الإيدز. هل تود إظهار الدعم وتزيين قاعة مدينتك بـ (RED) حتى 8 ديسمبر؟
73cb1f06cf3d872b,TID_REPAIR_CLAN_CASTLE_2,انضم إلى قبيلة لتكوين حلفاء جدد، استقبل التعزيزات وشارك في حروب القبائل.\n\nأنشئ قبيلتك الخاصة للعب مع الأصدقاء وتجنيد أعضاء جدد وضع بصمتك على العالم!
e6ec89ece05abe49,TID_INFO_TARGET_TYPE,أهداف:
303e3847eb42153c,TID_NEWS_BUILDER_BASE_TEXT2,• اهجم مباشرة مع الجيوش الجديدة وأسلوب اللعب ولوحة الصدارة\n• قم بتدريب القوات بالمهارات مثل عباءة تسلل رامية السهام!\n• استخدم بطل جديد ذو قوة عالية مع قدرة قابلة لإعادة الاستخدام!
b74e739fbfb5fee1,TID_OTHER_TROOP_LEFT,تحديد وحدة مختلفة
b5c3eaa56867a28a,TID_FAQ_TEXT_MULTIDEVICE,يمكنك لعب لعبة واحدة على أجهزة متعددة، لكن احرص على تسجيل الدخول إلى Game Center بالحساب نفسه على كل جهاز. تسجيل الدخول إلى Game Center يربط قريتك بحساب Game Center هذا، ويتيح لك تحميل لعبتك على أي جهاز.
4140c9a235a7ee69,TID_NEWS_MAYSPELLS_TITLE,تعويذات جديدة!
ff809954a07ac85e,TID_HINT_TOXIC_MINION,انشر كائنات المينيون المشعة بعيدًا عن مباني العدو لتستفيد من قدرة الضرب بعيدة المدى لديها.
3c1bf0edc9997fd8,TID_NEWS_OCT_2017_UPDATE_TEXT,• تحد زميلك في القبيلة لخوض معارك ودية في قاعدة البنّاء\n• تعاون مع قبيلتك لفتح القفل عن مستويات جديدة من تنشيط القبيلة وتمتع بالوصول إلى شارات القبيلة\n• شاهد الحالة عبر الإنترنت لأصدقائك\n• شاهد حالات هجوم أصدقاءك بشكل حي في كل من قاعدة القرية والبنّاء الرئيسية
e359235416a44e68,TID_DIAMOND_BUNDLE_TH10_INFO,• <gems> من الجواهر\n• <res0> من الذهب\n• برج النار من المستوى 2\n\nبدون وقت للبناء وبلا حدود على التخزين!\n\nلا تفوّت هذا العرض الذي يعطي <cffec78><value> أضعاف القيمة</c> ويأتي مرة واحدة!
5d04d9e5a6a47b20,TID_ALLIANCE_WAR_ATTACK_FAILED_SNAPSHOT_NOT_AVAILABLE,لا يمكن الهجوم، القرية المستهدفة غير متاحة!
f8fac73995181f9c,TID_ACHIEVEMENT_VS_BATTLE_TROPHIES_TITLE,صانع الأبطال
cd92d68f79c525cf,TID_ERROR_POP_UP_BANNED_TITLE,تم حظرك!
7dfcdd601562d57f,TID_TUTORIAL_TRAIN_1,والآن فلنقم بتدريب بعض القوات!
f800113bb16e6e1e,TID_DIAMOND_BUNDLE_TH9_INFO,• <gems> من الجواهر\n• بطل الملكة رامية السهام\n• القوس-X من المستوى 2\n\nبدون وقت للبناء!\n\nلا تفوّت هذا العرض الذي يعطي <cffec78><value> أضعاف القيمة</c> ويأتي مرة واحدة!
104d95a21af4db2c,TID_YOU_GOT_REWARD,لقد حصلتَ على:
dbd625a9f39dcc34,TID_HINT_VERSUS_BATTLE4,هل تواجه صعوبة في الفوز بمعارك المواجهة؟ شاهد إعادات العرض وحاول أن تحسّن دفاعك!
4c87b59c5f04077e,TID_FAQ_TEXT_DISCONNECTED,إن فقدت الكؤوس بسبب انقطاع الاتصال، فإما أنك تعرضت للهجوم أو توقف هجومك وخسرت. بسبب نظام التسجيل المستخدم في Clash of Clans، لا يمكننا إعادة كؤوسك تحت أي ظروف. هذا لأن كل كأس تخسره ينتقل إلى لاعب آخر، ولا يمكننا منحك كأسًا جديدًا دون الإخلال بنظام التصنيف.\n\nلمنع فقدان الكؤوس بسبب مشاكل الشبكة، ننصح بأن تهاجم اللاعبين الآخرين عندما يكون اتصالك ثابتًا (يفضل أن يكون اتصال WiFi).
3ad4c09cbbaee2c7,TID_NEWS_XMAS_2016_MORE_TEXT,• برج الساحر من المستوى 9 متوفر الآن عند قاعة المدينة 10\n• تمت زيادة مدى تعويذة السم قليلاً\n• تمت زيادة ضرر الساحرة ونقاط الإصابة\n• تم تحسين سرعة الهجوم لبالون والتنين وبيكا\n• تم تخفيض تكاليف وفترات عدة ترقيات
d86f9ed2d71068f4,TID_SUPER_CHARGED_PEKKA,بيكا الخارق
b25efc023eeacb59,TID_CHALLENGE_CANT_REQUEST,انضم إلى قبيلة لطلب قوات قلعة القبيلة والتعويذات
3fe9bcff11c43c5c,TID_TUTORIAL_CANNON_1,مرحبًا أيها الزعيم! لقد كنا ننتظرك.
74405c7165316116,TID_ACHIEVEMENT_DESTROY_WALLS_COMPLETED,إجمالي الجدران المدمرة: <value>
8f1cef073080b8b6,TID_START_MATCHMAKE_HINT,هاجم ودافع! اربح معركة المواجهة لتحصل على غنيمة كمكافأة إضافية!
d15bf35a645aa5c1,TID_HERO_ABILITY_WARMACHINE_DESC,تُنزل آلة المعركة ومضة برق منشِّطة، تعيد إليها بعض الصحة وتجعل هجماتها التالية تسبب ضررًا أكبر. بعد فترة، تتم إعادة شحن تلك القدرة ويمكن استخدامها مجددًا!
a81f591f41cd2d74,TID_NEWS_XMAS_2016_UPDATE_TITLE,عيد Clash مجيد!
f92ab1ea8f8ee3a1,TID_NAME_INSTRUCTIONS,اختر اسمًا تفضله. يُعرض للاعبين الآخرين ولا يمكنك تغييره لاحقًا!
a098594f96415b56,TID_POPUP_SPEED_UP_UPGRADE,هل ترغب في إنهاء ترقية <item> مقابل <number> جوهرة؟
788e75fc1aa66daf,TID_WAR_STATS_HEADER_COLLECT_STARS,إحراز <num> نجوم
c2baff37e7e7e02e,TID_TUTORIAL_DEFEND_2,نجونا، كانوا على وشك هزيمتنا. شكرًا يا زعيم!
8d1561d6f224cb33,TID_HERO_ABILITY_UPGRADE_PROMPT_KING,قم بترقية بطلك إلى المستوى <number> لتحسين قدرته!
d67c0c5ed071318e,TID_FAQ_TEXT_CONTROL,بمجرد وضع قواتك في ميدان المعركة، تصبح مستقلة ولا يمكن التحكم بها بمجرد نشرها. عند انتشارها، يتم تحديد الهدف الأول لكل وحدة بعلامة مرمى. ستقوم الوحدات المختلفة بالهجوم وفقًا لقدراتها وأهدافها المفضلة. راجع معلومات كل وحدة في شاشة تدريب القوات في الثكنات، وراجع معلومات أبراج الدفاع المختلفة أيضًا لمعرفة الوحدات التي تستهدفها.
d4f38a923fb0162d,TID_NEWS_MAYUPGRADES_TITLE,الترقيات والتوازن
74ec05e618d61eef,TID_CANCEL_WAR_MATCHMAKING_CONFIRMATION_TEXT,مهلاً! يمكنك إغلاق شاشة حروب القبائل دون إيقاف البحث. هل تريد التوقف بالتأكيد؟
70edb736509adfe2,TID_DIAMOND_BUNDLE_HERO_INFO,
0da0efef6f42e326,TID_WAR_PREPARE_INFO,جهّز قريتك للحرب!\nاملأ<c2>قلعة القبيلة</c>، وقم بتسليح <c2>قواتك</c>، وأعد تحميل <c2>دفاعاتك</c> واحرص على أن يكون <c2>الأبطال</c> جاهزين للقتال!
ac7f73081680a56a,TID_FAQ_TITLE_CHATBAN,تم حظري من المحادثة العالمية. ماذا يمكنني أن أفعل؟
1f8466c16f28b1b5,TID_FAQ_TITLE_CLAN,كيف أنضم إلى قبيلة أو أنشئ واحدة؟
680835c33f7d014b,TID_ELIXIR_AMMO_ALREADY_FULL_ALL,كل الأقواس ومدفعية النسر محملة بالكامل!
b4dfa64bbe051843,TID_ALLIANCE_WAR_ATTACK_CONFIRM_2STARS,فازت قبيلتك بنجمتين من هذه القرية. أتريد المحاولة للحصول على نتيجة أفضل؟
fa3a3c9c0ca71a70,TID_EVENT_CHRISTMAS_TRAP_UPCOMING,اليوم الثاني من Clash عيد الميلاد!
9beec8451e93511d,TID_SHIELD_GUARD,حراسة
f9f94ebb3fe2dff2,TID_NO,كلا، شكرًا
7b44bc8c72500706,TID_HERO_AURA_WARDEN_DESC,تشع تُحف الآمر باستمرار هالة مُعزِزة للصحة، تتحسن مع كل مستوى. كل الوحدات الصديقة القريبة، في الهجوم أو الدفاع، ستكتسب نقاط إصابة أكثر، لكنها ستفقد التعزيز إن بعدت كثيرًا!
dac375a57c555189,TID_FAQ_TITLE_RECRUIT,كيف أضم المزيد من الأشخاص إلى قبيلتي؟
6b54eb6c99d5807c,TID_FAQ_TEXT_LOSTGEMS_ANDROID,تتم أغلب الطلبات بسلاسة، لكن أحيانا يتطلب تأكيد تلقي طلبك في خوادمنا بعض الوقت. اصبر قليلاً فحسب، يفترض أن تصلك الجواهر قريبًا. إن لم يحدث هذا، حاول الخروج من اللعبة وإعادة تشغيلها. إن لم يتغير الأمر ولم تحصل عليها، من فضلك راجع حالة طلبك في Google Wallet.
4025586b4a195a88,TID_FAQ_TEXT_CLAN_WARS,للقتال في حرب القبائل، انضم إلى قبيلة بها عشرة أعضاء على الأقل. لمزيد من المعلومات، اضغط على زر \qالمزيد من المساعدة\q.
17d93fa8696d7e2c,TID_NEWS_VIDEO_BUTTON_INTRO,شاهد الآن!
3bc54cd10f44a0bc,TID_WAR_GOLD,ذهب الحرب
8080caf7e1cad5d9,TID_TRAINING_SCREEN_BARRACKS,الثكنات
dd98d2eb9c2f09ac,TID_CLAN_WAR_SAVE_VILLAGE_BUTTON,أنا جاهز!
49671064c98f28d2,TID_NEWS_BUILDER_BASE_TEXT3,• تفوق على الخصوم بدفاعات جامحة مثل الساحق وفخ الدفع!\n• قم بتعزيز قاعدتك بمنجم الجواهر وبرج الساعة\n• اصقل قريتك بترقيات خاصة من هذه المملكة!
ba2a4b5945ef8ba4,TID_KICK_MEMBER_CONFIRMATION,هل تريد طرد <name> من القبيلة؟
db3e89be68e3fb44,TID_ALLIANCE_WAR_STAT_WINS,الهجمات التي تم الفوز بها
2026413241e2c2e3,TID_TOWN_HALL_INFO,هذا قلب قريتك. ترقية قاعة المدينة تفتح دفاعات ومبانٍ وفخاخًا جديدة وأكثر من ذلك.\nسيحقق لك تدمير قاعة مدينة خصم الفوز بالمعركة والحصول على نجمة واحدة. سيمنحك تدمير 50% من مباني العدو نجمة ثانية، بينما إبادة 100% ستمنحك ثلاث نجوم كاملة.\nاحترس، سيحاول أعداؤك تدمير قاعة مدينتك أيضًا!\nللحماية القصوى، أبقِ قاعة مدينتك في وسط القرية واحمها بالجدران والفخاخ والمباني الدفاعية. أعداؤك خبثاء ويمكنهم المهاجمة من أي جانب!
89b595484b4ad5be,TID_OPEN_TRAIN_SPELLS,تحضير
536f37179147615e,TID_FAQ_TITLE_MULTIACCOUNT,أيمكنني اللعب بحسابات متعددة على جهاز واحد؟
21dd89951feec0bd,TID_FAQ_TEXT_GUARD,الحراسة تمنع الهجمات ضدك مثل الدرع. ولكن على عكس الدروع، يمكنك مهاجمة القرى الأخرى كما تريد دون التأثير على الحراسة. ستحصل على بعض الحراسة في كل مرة ينتهي فيها درع، وكلما ارتفع مستوى الدوري الخاص بك، زادت مدة الحراسة التي ستحصل عليها! يمكنك أيضًا شراء حراسة إضافية من المتجر يوميًا مقابل كمية صغيرة جدًا من الجواهر.
34e36d78d5aca993,TID_TUTORIAL_CANNON_3,كلا، إنه حشد الغيلان! بسرعة، فلننصب مدفعًا للدفاع عن القرية!
d25c1bbf176efed4,TID_FAQ_TITLE_CONTROL,كيف يمكنني التحكم في وحداتي في المعركة؟
edcc42b621803a4c,TID_POPUP_BOOST_VILLAGE,اجمع الموارد ودرب القوات وادرسها وأنشئ المباني <multiplier> مرات أسرع لمدة <time>!\n\nيمكنك التعزيز مجانًا مرة كل <cooldown>!
096b1ec0d9a05406,TID_RANKTITLE,رتبة
e6495bd83712a422,TID_ACHIEVEMENT_DESTROY_TOWNHALL2_COMPLETED,إجمالي قاعات البنّاء المدمرة: <value>
13b8462d45522a5f,TID_SHOP_PURCHASED,ما تم شراؤه
0c7f83ddd05457fb,TID_FAQ_TITLE_REPLAY,ما سبب عدم توفر إعادات عرض المعارك؟
37d04ff671d058a2,TID_TUTORIAL_ACHIEVEMENTS,إذا كنت تبحث عن تحديات جديدة لتفوز بها، فما عليك سوى النقر هنا.
85b7cf1260e463af,TID_FAQ_TITLE_BUYING_ANDROID,لا أستطيع شراء الجواهر. أرجو المساعدة!
b61b0885dc0fb837,TID_TUTORIAL_GOLD_STORAGE_2,قم ببناء مخزن ذهب حتى يمكننا تخزين الذهب!
3a95f93a0eadc70a,TID_AMMO_FILL_CONFIRMATION_ALL,كل الأقواس محملة الآن!
b279e86b5bf867e8,TID_FAQ_TEXT_HEROES,بعد ترقية قاعة المدينة إلى مستوى عالٍ بما يكفي، ستتمكن من تجنيد الأبطال من قائمة المتجر. يمكن للبطل مهاجمة قرى الأعداء أو حراسة قريتك في حالة الهجوم.\nالأبطال خالدون لكن يمكن إصابتهم ويجب شفاؤهم. يمكنك شفاء بطلك بالسماح له بالنوم أو باستخدام زر الشفاء.
6c484ee609276aab,TID_TIME_SECS,ثانية
fa3f96585c6aeab8,TID_FAQ_TEXT_REPLAY,هناك حدود لعدد إعادات العرض التي يمكن تخزينها في نظام اللعبة في كل مرة؛ لذا من المستحسن مشاهدتها في أقرب وقت ممكن. يمكن أن تصبح الإعادات أيضًا غير متاحة بعد تحديث اللعبة أو إجراء الصيانة.
5cb8584a7ac9f2ad,TID_ADVANCED_SEARCH_BUTTON_MORE,عوامل تصفية
f3e6d62255c62119,TID_NEWS_MARCH_2017_UPDATE_TEXT,• تمت إضافة دفاع جوي من المستوى 9 إلى قاعة المدينة 11\n• تمت زيادة حدود الجدار من المستوى 12 بمقدار 25\n• تمت زيادة الإحصائيات الخاصة براكب الخنزير وعامل المنجم والساحرة والتنين وبيكا
dd26dda7a51d559a,TID_ITEMS_LEFT,يتبقى <number>
1dc7231fe3acb92e,TID_POPUP_RELOAD_ALL_XBOWS,إعادة تحميل كل الأقواس
7ba6b202117a03f8,TID_CLANPERK_INFO_TEXT,اكتسب نقاط خبرة القبيلة وارفع مستوى قبيلتك لإلغاء قفل امتيازات فعالة! يتم اكتساب نقاط خبرة القبيلة بالتنافس في حروب القبائل.
18a2ff3b692cf817,TID_FAQ_TEXT_SHIELD,يمنع الدرع الآخرين من مهاجمتك لمدة طويلة من الوقت. ستفقد الدرع عند نفاد الوقت ومهاجمة القرى الأخرى تجعله ينتهي بسرعة أكبر. عند تدمير قريتك بسبب هجوم من العدو، ستحصل على درع جديد تلقائيًا لمدة 12 ساعة على الأقل. يمكنك أيضًا شراء دروع تمتد لمدة أطول من المتجر.
a08e308ca3a8595f,TID_FAQ_TITLE_HEROES,ما وحدات البطل وكيف أستخدمها؟
83be733992a4029b,TID_BALLOON2_ABILITY_HELP,يسبب <num2> من الضرر وينتج عنه <num> من الهياكل العظمية عند تدميره
0285d9d82819dbd6,TID_FAQ_TEXT_GEM_BOX,يظهر صندوق الجواهر بشكل عشوائي في كل قرى اللاعبين. وتكون الفواصل الزمنية بين مرات ظهورها عشوائية أيضًا؛ ولهذا قد يبدو أن بعض اللاعبين يحصلون على صناديق جواهر أكثر من غيرهم. لا داعٍ للقلق، على المدى الطويل سيحصل كل اللاعبين على عدد صندوق الجواهر نفسه، وتحتوي كلها على عدد الجواهر نفسه.
5e33ee1f84f2b70c,TID_FAQ_TITLE_MULTIDEVICE,أيمكنني توصيل أجهزة متعددة بالحساب نفسه؟
a3103668ff137939,TID_NEWS_MAYTROOPS_TEXT,القوات الجديدة في قاعة المدينة 10: عامل المنجم\n• يحفر عمال المناجم تحت الأرض، أسفل الجدران ويظهرون بجوار أهدافهم\n• لا يتعرض عمال المناجم للضرر تحت الأرض ولن يفعّلوا الفخاخ\n• قم بتدريب عمال المناجم في مستوى الثكنات 12 الجديد\n\nالقوات الجديدة في قاعة المدينة 9: التنين الصغير\n• تصبح التنانين الصغيرة غاضبة وهي بعيدة عن الوحدات الجوية الأخرى!\n• تزداد قوة التنانين الصغيرة الغاضبة وتزداد سرعة هجومها\n• قم بتدريب التنانين الصغيرة في مستوى الثكنات 11 الجديد
e002d1d52a044ffd,TID_ELIXIR_AMMO_FILL_CONFIRMATION_ALL,كل الأقواس ومدفعية النسر محملة الآن!
4f1e3039846f0f9e,TID_CLANS_SELECTOR_BOOKMARKS,المرجعيات
3053127ec48d3c05,TID_GRAND_WARDEN_INFO,الآمر الكبير هو تكتيكي عبقري قضى سنوات في تعلم تسخير تحف قوية من أصل مجهول. يقوي القوات التي تهاجم قرى الأعداء أو تحرس قريتك.
6bab3c4f8f6c28f0,TID_HINT_SAFEGUARD_PROGRESS,قم بتسجيل الدخول باستخدام حساب Game Center لحماية تقدمك.
6c35691e0a6d1296,TID_LOCAL_NOTIFICATION_EVENT_XMAS_3,يا زعيم، درِّب سحرة الثلج خلال أيام عيد Clash المجيد الأخيرة!
bdc0c6979733b614,TID_NEWS_BUILDER_BASE_TITLE3,مبان جديد وحيل وكنوز
789b26c794f90d87,TID_BARB2_ABILITY_HELP,تزداد السرعة والضرر في أول <num> ثوانٍ
9a50491567688585,TID_ALLIANCE_TROOP_RECEIVED,لقد حصلت على المستوى <level> <troop> من <avatar>!
5851ef1f25d6cd03,TID_CALL_CENTER_TEXT,[Supercell Service Center]\n\nهاتف:1688-6276\nساعات العمل: الاثنين إلى الجمعة / 10:00 ص ~ 18:00 م\n\nمعلومات إضافية\nخدمة الاتصال لا تعمل في عطلات الأسبوع والعطلات الرسمية\nيمكنك الحصول على المزيد من المساعدة بإرسال بريد إلكتروني في اللعبة
89732e10f8af688d,TID_BOOST,تعزيز
27bf16e82cba51b6,TID_SPEED_UP_DUEL_CONFIRMATION,أتريد فتح مزيد من مكافآت معارك المواجهة الآن؟
45dbc37ae5847fc7,TID_SHARE_DUEL_TEXT,أتريد مشاركة قبيلتك إعادة عرض معركة المواجهة؟
6fb43986bd63c09e,TID_CLOCK_TOWER_INFO,برج الساعة يجعل الأشياء تحدث بسرعة أكبر في قريتك! اجمع الموارد ودرب القوات وادرسها وأنشئ المباني بسرعة أكبر.
994aa45f2141d5d0,TID_DUEL_WIN_BONUS_PERCENTAGE,<percentage>% مكافأة معركة المواجهة:
5e2d12a7d6fbff60,TID_WAITING_FOR_DUEL_NOTIFICATION,ثمة لاعب جاهز لمعركة مواجهة!
b47ba5b572c4c2db,TID_NEWS_VIDEO_TITLE_INTRO,فن الحرب
4ea432a4dc3200cb,TID_NEWS_RESOURCE_BOOST_TITLE,عرض خاص بعطلة الأسبوع!
8c6761ed4181b086,TID_MATCHMAKE_VILLAGE2_TITLE,معركة مواجهة
6d2b31f8d8072fb0,TID_ABOUT_ANDROID,"المشاركون\n\n<names>\n\nClash of Clans ™ <version>\nحقوق النشر محفوظة لشركة Supercell Ltd لعام 2012 - 2017. جميع الحقوق محفوظة.\nبراءة الاختراع الأمريكية معلقة\nتخضع جميع استخدامات هذا البرنامج لشروط الخدمة وسياسة الخصوصية على الموقع www.supercell.net.\nللحصول على الدعم اتصل بـ clashofclans.android@supercell.net.\n\nنظام الصوت FMOD، حقوق النشر © محفوظة لشركةFirelight Technologies Pty, Ltd لعام 1994 -2017.\n\nتقنية ترميز الصوتMPEG Layer-3 المرخصة من شركةFraunhofer IIS والحاصلة على ترخيص شركة Thomson"
d8a9be65a2009aaa,TID_BUTTON_HOME,العودة إلى الصفحة الرئيسية
9ec33b38e60a4cb4,TID_GOLEM,غول
82eea93fba42491d,TID_DIAMOND_BUNDLE_TH5_INFO,• <gems> من الجواهر\n• <res0> من الذهب\n• برج الساحر من المستوى 2\n\nبدون وقت للبناء وبلا حدود على التخزين!\n\nلا تفوّت هذا العرض الذي يعطي <cffec78><value> أضعاف القيمة</c> ويأتي مرة واحدة!
b33c117353d93981,TID_WITCH2_ABILITY_HELP,تتحول إلى سرب يضم <num> من الخفافيش عند تدميرها
51b416e92bfaf305,TID_FAQ_TITLE_TROPHIES,ما طريقة عمل نظام الكؤوس؟
32c3b0ca9eb17186,TID_COOLDOWN,فترة الهدوء:
01f575a0329f7675,TID_HINT_ACCOUNT_SECURITY_1_ANDROID,لا تمنح بيانات Google الخاصة بك إلى أي أحد.
6b9459401beaf4e0,TID_GIANT_CANNON_INFO,لا شيء يعترض طريق المدفع العملاق. تخترف قذائفه هائلة الحجم أي شيء وتتوغل أكثر فأكثر فأكثر...
4554bb374963c6c8,TID_DECORATION_PINETREE,شجرة صنوبر
83175a83b6c89172,TID_MULTIDEVICE_INFO_ANDROID,استخدم تسجيل الدخول إلى Google Play لحماية تقدمك وللعب على أجهزة Android متعددة.
4625495c5735f0b5,TID_EVENT_TITLE_Xmas_Resources,عرض العطلة
ee912d269e3998f9,TID_DIAMOND_BUNDLE_MAGICITEMS_RESOURCE_POTION_INFO,• <gems>الجواهر\n• <booster1>x جرعة الموارد\n\nزود مستخرجي الموارد لديك بشحن فائق!\n\nلا تفوت هذا العرض!
79eafb25427668b5,TID_CLANGAMES_TASK_INFO_DESTROY_SPELLFACTORIES,تدمير <num> من <building> في معارك متعددة اللاعبين
f282cfbb106f812f,TID_CLANGAMES_TASK_INFO_DESTROY_DARKELIXIRSTORAGES,تدمير <num> من <building> في معارك متعددة اللاعبين
65b0c6a4a61a4a67,TID_EVENT_TITLE_ClanWar_short4,بوابة عطلة نهاية الأسبوع
867adf563a62b9f2,TID_DIAMOND_BUNDLE_MAGICITEMS_SPELL_LEVEL_PACK_INFO,• <gems>الجواهر\n• <res0> الإكسير\n• <booster1>x كتاب التعويذات\n\nكل شيء تحتاج إليه لترقية تعويذاتك!\n\nلا تفوت هذا العرض!
9c4447b68ceb34e3,TID_BOOSTER_USE_MAX_LEVEL_ARMY,تعزيز القوات
6b54bf59bb498d76,TID_NEWS_DEC_2017_UPDATE_TITLE_2,عناصر سحر
b783d32f76541e09,TID_DARK_TOWER_INFO,سلّط لهب برج النار التي تتخذ من إكسير الظلام وقودًا لها على أهداف فردية لتلحق بها ضررًا هائلاً، أو على أهداف متعددة لتشويها على الفور.
7304dc7e87513f7e,TID_CLANGAMES_TASK_INFO_LOOT_GOLD,اغنم إجمالي <num> من الذهب من المعارك متعددة اللاعبين.
89039016731a9de8,TID_CLANGAMES_TASK_INFO_WIN_HOMEBATTLES,الفوز بـ <num> من المعارك متعددة اللاعبين.
693218866e541d5a,TID_NEWS_DEC_2017_UPDATE_TEXT_3,• مساحة التسكين: تمت إضافة مستوى معسكر جيش جديد إلى مبنى القرية 11، مما أدى إلى رفع مساحة التسكين لأقصى حد إلى 260\n• مستويات الأبطال: يمكن الآن لكل من مستوى البربري والملكة رامية السهام الوصول إلى 50\n• تطوير كبير في الكشف عن المعدّلات ومنعها\n• الكثير من تغييرات التوازن، التي تشمل جعل كائنات الغولم منخفضة المستوى أكثر قوة وتقليل تدمير القوس لكل ثانية بالمستويات المنخفضة.
78f8e75fde2f4739,TID_DIAMOND_BUNDLE_MAGICITEMS_HERO_LEVEL_PACK_INFO,• <gems>الجواهر\n• <res0>إكسير الظلام\n• <booster1>x كتاب الأبطال\n\nكل شيء تحتاج إليه لترقية الملك البربري أو الملكة رامية السهام!\n\nلا تفوت هذا العرض!
60b76787a8396f89,TID_CLANGAMES_TASK_INFO_DESTROY_ELIXIRPUMPS,تدمير <num> من <building> في معارك متعددة اللاعبين
9ce9da53f76e37e4,TID_CLANGAMES_TASK_INFO_USE_BABYDRAGONS2,اربح <num> من النجوم من معارك المواجهة باستخدام <num2> من بطاقات التنين الصغير.
3428b5ad353b442b,TID_CLANGAMES_TASK_INFO_USE_DROPSHIPS,اربح <num> من النجوم من معارك المواجهة باستخدام <num2> من بطاقات منطاد الإسقاط.
0537dfc6d93493d5,TID_POPUP_MAX_OUT_ARMY_TITLE,هل تريد تعزيز القوات؟
67543e23faeb2b27,TID_CLANGAMES_TASK_INFO_WIN_HOMEBATTLESINROW,فز بـ <num> من المعارك متعددة اللاعبين على التوالي.
e8f49286d6bf1fc2,TID_CLANGAMES_TASK_INFO_LOOT_DARKELIXIR,اغنم إجمالي <num> من إكسير الظلام من المعارك متعددة اللاعبين.
8724d49fadcbaf23,TID_CLANGAMES_TASK_INFO_USE_CANNONCARTS,اربح <num> من النجوم من معارك المواجهة باستخدام <num2> من عربات المدفع.
68b89fe9b3efed10,TID_DIAMOND_BUNDLE_MAGICITEMS_SPELL_BOOK_INFO,• <gems>الجواهر\n• <booster1>x كتاب التعويذات\n\nأكمل أي ترقية لتعويذاتك فورًا من خلال كتاب التعويذات!\n\nلا تفوت هذا العرض!
8a2fb7d41174d16e,TID_CLANGAMES_TASK_INFO_DESTROY_DARKELIXIRPUMPS,تدمير <num> من <building> في معارك متعددة اللاعبين
0941685720317dbe,TID_CLANGAMES_TASK_INFO_WIN_HOMEBATTLES3STARS,إحراز ثلاث نجوم مثالية في <num> من المعارك متعددة اللاعبين.
3a4e1bbeacd9bb4b,TID_CLANGAMES_TASK_INFO_GET_HOMEBATTLESTARS,تحصّل على إجمالي <num> من النجوم من المعارك متعددة اللاعبين.
cfbe743b7c861a8b,TID_CLANGAMES_TASK_INFO_DESTROY_TESLATOWERS,تدمير <num> من <building> في معارك متعددة اللاعبين
4862f852e3082f52,TID_CLANGAMES_TASK_INFO_USE_BOMBERS,اربح <num> من النجوم من معارك المواجهة باستخدام <num2> من المفجرين.
edbadf7d2f435d22,TID_DIAMOND_BUNDLE_MAGICITEMS_EVERYTHING_BOOK_WITH_RESOURCES_INFO,• <booster1>x كتاب كل شيء\n• <res0> الذهب\n• <res1> الإكسير\n• <res2> إكسير الظلام\n\nأكمل أي ترقية فورًا من خلال كتاب كل شيء المذهل!\n\nلا تفوت هذا العرض!
3553361c5f4d4e6f,TID_GAMES_REWARDS_TEXT,عندما تنتهي مباريات القبيلة، يكون الوقت قد حان للاستمتاع بالجوائز! تأتي الجوائز في عدة مستويات مختلفة يتم فتحها مع جمع قبيلتك للنقاط من التحديات المكتملة. سيصبح كل شخص يشارك في مباريات القبيلة من خلال إكمال تحدٍ واحد على الأقل مؤهلاً لاختيار جائزة واحدة من كل مستوى جوائز. سيتم تسليم الجوائز المختارة مباشرةً إلى الخزينة في قلعة قبيلتك، لذا تأكد من وجود مساحة كافية لها! سيتم فقد الجوائز غير المطالب بها بعد 7 أيام.
b498ae739d09c00d,TID_CLANGAMES_TASK_INFO_GET_BUILDERBATTLEDESTRUCTION,اجمع <num>% من التدمير من معارك المواجهة.
768e7fb3deb16b6d,TID_CLANGAMES_TASK_INFO_DESTROY_ARCHERTOWERS,تدمير <num> من <building> في معارك متعددة اللاعبين
7a6dd3b1b6130544,TID_EVENT_TITLE_ClanWar_short3,اندفاع عطلة نهاية الأسبوع
78ba308ea015e4f1,TID_ALLIANCE_WAR_STAT_NUM_2Stars,نجمتان
dcb28a96b5c1c35e,TID_CLANGAMES_TASK_INFO_DESTROY_BOMBTOWERS,تدمير <num> من <building> في معارك متعددة اللاعبين
84b33bb79fe3e33d,TID_CLANGAMES_TASK_INFO_DESTROY_WIZARDTOWERS,تدمير <num> من <building> في معارك متعددة اللاعبين
026d46b1ecd60159,TID_CLANGAMES_TASK_INFO_USE_RAGEDBARBARIANS,اربح <num> من النجوم من معارك المواجهة باستخدام <num2> من البرابرة الغاضبين.
e43f20034229afbe,TID_EVENT_TITLE_MagicItem_Pack,مجموعة عناصر سحر
2816ea3be0a6e58c,TID_BOOSTER_FINISH_HERO_UPGRADE_INFO,يمكن استخدام هذا الكتاب السحري المليء بأساطير بطولية ونصائح صوتية لإكمال أي ترقية أبطال جارية على الفور. يعمل كلا القريتين!
00c02c608e5fe300,TID_BOOSTER_FINISH_TROOP_UPGRADE_INFO,يمكن استخدام هذا الكتاب السحري المليء ببرامج تدريب فعالة للغاية لإكمال أي ترقية جارية للقوات على الفور. يعمل في كلا القريتين!
880eb0e05b2f28b1,TID_DIAMOND_BUNDLE_MAGICITEMS_TROOP_BOOK_INFO,• <gems>الجواهر\n• <booster1>x كتاب القتال\n\nأكمل فورًا أي ترقية قوات من خلال كتاب القتال!\n\nلا تفوت هذا العرض!
91b80e9bb1eba640,TID_LOCAL_NOTIFICATION_EVENT_Xmas_MagicItem,أيها الزعيم، أول عرض عطلة لعناصر السحر متوفر لك الآن!
aea1a9b2eb6de3be,TID_DIAMOND_BUNDLE_MAGICITEMS_TRAINING_POTION_INFO,• <gems>الجواهر\n• <booster1>x جرعة التدريب\n\nقم بتعزيز تدريب القوات وتطوير التعويذة وإعادة إنتاج الأبطال!\n\nلا تفوت هذا العرض!
c9b60602458cb54a,TID_GAMES_REWARDS_HEADLINE,جوائز
6d3499abaa091fc0,TID_DIAMOND_BUNDLE_MAGICITEMS_STRENGTH_POTION_ONLY_INFO,• <booster1>x جرعة القوة\n\nاحصل على أقصى استفادة من قواتك وجرّب تركيبات جيوش جديدة!\n\nلا تفوت هذا العرض!
f60148f068fb1cf1,TID_ALLIANCE_WAR_ATTACK_CONFIRM_2Stars,فازت قبيلتك بالفعل بنجمتين من هذه القرية. أتريد المحاولة للحصول على نتيجة أفضل؟
aa383beb0db45867,TID_DIAMOND_BUNDLE_MAGICITEMS_BUILDING_BOOK_INFO,• <gems>الجواهر\n• <booster1>x كتاب المباني\n\nأكمل أي ترقية مباني مباشرةً من خلال كتاب المباني!\n\nلا تفوت هذا العرض!
1e55036bbc3b4dfd,TID_LOCAL_NOTIFICATION_EVENT_ChineseNewYear,أيها الزعيم، عرض عام قمري مميز جدًا متوفر لك الآن!
2a172aeafa3ce861,TID_NEWS_DEC_2017_UPDATE_MAIN_TITLE,تحديث ديسمبر هنا!
b69eaec0aa557892,TID_CLANGAMES_TASK_USE_NIGHTWITCHES,باتوكليبس ساحرة الليل
03fc2b88f4c44527,TID_POPUP_SPEED_UP_BOOSTER_UPGRADE,هل تريد إنهاء ترقية <item> بـ <booster>؟
ba99b1ba7d7f34ba,TID_LOCAL_NOTIFICATION_EVENT_MagicItem_Pack,أيها الزعيم، عرض عناصر سحر متوفر لك الآن!
2ae87d02388cc6bc,TID_ALLIANCE_GAMES_EXPIRED_TASK,فشل
27155c73f62baf68,TID_ALLIANCE_WAR_ATTACK_CONFIRM_3Stars,هذه القرية تم تدميرها بالفعل ولا يمكن لقبيلتك الحصول على المزيد من النجوم منها. هل أنت واثق من رغبتك في الهجوم؟
0c07ec35546398ea,TID_EVENT_TITLE_ClanWar_long3,الغنيمة الأسبوعية
508c2f32f7318ef5,TID_POPUP_SPEED_UP_BOOSTER_CONSTRUCTION_SLOWDOWN,يؤدي بناء <item> إلى إبطاء تدريب الجيش. هل تريد الإنهاء الآن بـ <booster>؟
d0e8a36106ae0df5,TID_BOOSTER_MAX_LEVEL_ARMY_MAXED_UP_LAB,يتعذر تعزيز الجيش. قم بترقية مختبرك أولاً!
66adddfbc1a4fb8e,TID_DIAMOND_BUNDLE_MAGICITEMS_HERO_BOOK_WITH_RESOURCES_INFO,• <booster1>x كتاب الأبطال\n• <res0> إكسير الظلام\n\nأكمل أي ترقية بطل فورًا من خلال كتاب الأبطال!!\n\nلا تفوت هذا العرض!
9ca059e9650e877d,TID_BOOSTER_FINISH_ANY_UPGRADE_INFO,يمكن استخدام هذه الموسوعة السحرية القوية للغاية لإكمال أي ترقية جارية على الفور. تعمل في كلا القريتين!
8894d11bf4fe06a7,TID_CLANGAMES_TASK_INFO_DESTROY_KINGALTARS,تدمير <num> من أماكن الملك البربري في معارك متعددة اللاعبين.
40ad0e02a8eff998,TID_DIAMOND_BUNDLE_MAGICITEMS_VILLAGE_UPGRADE_PACK_INFO,• <gems>الجواهر\n• <res0> الذهب\n<res1> الإكسير\n• <booster1>x كتاب المباني\n\nهل تحتاج إلى ترقية مبنى؟ تحتوي هذه المجموعة على كل شيء تحتاجه!\n\nلا تفوت هذا العرض!
6e860ecfb5b2609f,TID_EVENT_TITLE_ClanWar_Firstrun,وقت بدء الألعاب!
33ac131ec7bb934e,TID_CLANGAMES_TASK_INFO_DESTROY_AIRDEFENSES,تدمير <num> من <building> في معارك متعددة اللاعبين
6f8e0b2073c57ee5,TID_CLANGAMES_TASK_INFO_DESTROY_LABORATORIES,تدمير <num> من <building> في معارك متعددة اللاعبين
43f6b6619851240c,TID_CLANGAMES_TASK_USE_CANNONCARTS,نزهة عربة المدفع البحرية
5b164421fedc529d,TID_DIAMOND_BUNDLE_MAGICITEMS_STRENGTH_POTION_INFO,• <gems>الجواهر\n• <booster1>x جرعة القوة\n\nاحصل على أقصى استفادة من قواتك وجرّب تركيبات جيوش جديدة!\n\nلا تفوت هذا العرض!
883385242c679b37,TID_POPUP_SPEED_UP_BOOSTER_CONSTRUCTION,هل تريد إنهاء إنشاء <item> بـ <booster>؟
3c5997746ec0176b,TID_ALLIANCE_WAR_STAT_NUM_3Stars,3 نجوم
54043bb361ccad29,TID_CAN_COPY_ONLY_TH_CLOSER_TO_YOUR_OWN,يتعذر نسخ المخطط من خلال مبنى قرية أعلى أو أقل بمستوى واحد عن مستواك.
34bdebfa524a6f43,TID_CLANGAMES_TASK_INFO_DESTROY_GOLDSTORAGES,تدمير <num> من <building> في معارك متعددة اللاعبين
62d0d27e4eefc0c4,TID_POPUP_MAX_OUT_ARMY,هل تريد استخدام <booster> لتعزيز قواتك إلى أقصى مستوى يسمح به مختبرك لمدة <time>؟
0496bb2b4859cd37,TID_ALLIANCE_WAR_STAT_NUM_1Stars,نجمة واحدة
a0aa2418a058c254,TID_BOOSTER_BOOST_PRODUCTION_INFO,يساعد هذا الإكسير على تعزيز إنتاج الجيش الخاص بك وزيادة فعالية الثكنات ومصانع التعويذات وتجديد الأبطال. يعمل في القرية الأم.
1de8cd44161fef13,TID_CLANGAMES_TASK_INFO_DESTROY_CANNONS,تدمير <num> من <building> في معارك متعددة اللاعبين
26b737e8ba2d1370,TID_CLANGAMES_TASK_INFO_USE_DRAGONS,اربح <num> من النجوم من المعارك متعددة اللاعبين باستخدام <num2> من بطاقات التنين.
948f694188bfd296,TID_CLANGAMES_TASK_INFO_DESTROY_ELIXIRSTORAGES,تدمير <num> من <building> في معارك متعددة اللاعبين
1fe75ddfdaa63b0c,TID_CLANGAMES_TASK_INFO_DESTROY_DARKSPELLFACTORIES,تدمير <num> من <building> في معارك متعددة اللاعبين
2678be596deb1be5,TID_CLANGAMES_TASK_INFO_DESTROY_EAGLEARTILLERY,تدمير <num> من <building> في معارك متعددة اللاعبين
259469ce039baaf2,TID_DIAMOND_BUNDLE_MAGICITEMS_RESOURCE_POTION_ONLY_INFO,• <booster1>x جرعة الموارد\n\nزود مستخرجي الموارد بشحن فائق!\n\nلا تفوت هذا العرض!
09f42395ac473de0,TID_BOOSTER_BOOST_ALL_PRODUCTION_TEXT,استخدم جرعة تدريب لتعزيز تدريب القوات وتطوير التعويذة وسرعة إعادة إنتاج الأبطال بسرعة <multiplier> x لمدة <time>؟
5407c42d3ef59c7d,TID_EVENT_TITLE_ClanWar_Xmas,مباريات الشتاء
8fd50b40f9b3e67e,TID_CLANGAMES_TASK_INFO_USE_NIGHTWITCHES,اربح <num> من النجوم من معارك المواجهة باستخدام <num2> من بطاقات ساحرة الليل.
25aae0181e1c342c,TID_ALLIANCE_GAMES_CLAIM_REWARDS_BUTTON,الإضافة إلى قلعة القبيلة
15e2f3272b5a9a0d,TID_GAMES_TASKS_TEXT,الهدف من التحديات هو اختبار حماستك في مجالات مختلفة. تحصل من خلال إكمال التحدي خلال الوقت المحدد له على نقاط لقبيلتك. تختلف التحديات من حيث الصعوبة. إذا ظهر أن إحدى التحديات صعبًا للغاية بالنسبة لك، اطلب من زملائك بالقبيلة أن يبدأوا بها. وفي حالة بدأت في تحدي ولم تكمله، فإن بإمكانك حذفه. لاحظ أن عليك الانتظار لبعض الوقت بعد الحذف قبل أن تتمكن من البدء في تحدٍ جديد.
888fa3fd7745224f,TID_BOOSTER_FINISH_SPELL_UPGRADE_INFO,يمكن استخدام هذا الكتاب السحري الذي كتبه سحرة مجهولون لإكمال أي ترقية جارية للتعويذات على الفور. يعمل في القرية الأم.
3bed3088d411dcae,TID_CLANGAMES_TASK_DESTROY_CANNONS,مجزرة المدفع
86dae7b447f8f266,TID_EVENT_TITLE_ChineseNewYear,عرض العام القمري الجديد
1417e20166864b28,TID_EVENT_TITLE_ClanWar_short,محارب عطلة نهاية الأسبوع
ebd47360df15c0e0,TID_CLANGAMES_TASK_INFO_LOOT_ELIXIR,اغنم إجمالي <num> من الإكسير من المعارك متعددة اللاعبين.
12483e926a961541,TID_CLANGAMES_TASK_INFO_DESTROY_WARDENALTARS,تدمير <num> من أماكن الآمر الكبير في معارك متعددة اللاعبين.
6766e3c28cdbb9dc,TID_NEWS_DEC_2017_UPDATE_TEXT,اجمع بين أعضاء قبيلتك واستعد للقيام بأفضل ما لديكم جميعًا في مباريات القبيلة! أكمل التحديات مع زملائك بالقبيلة سويًا لتتمكن من الصعود عبر مستويات الجوائز لتصل إلى القمة وتحصل على الموارد والجواهر وعناصر السحر!
3d72b9de33625332,TID_DIAMOND_BUNDLE_MAGICITEMS_HERO_BOOK_INFO,• <gems>الجواهر\n• <booster1>x كتاب الأبطال\n\nأكمل أي ترقية بطل فورًا من خلال كتاب الأبطال!!\n\nلا تفوت هذا العرض!
bf060c152192d51d,TID_EVENT_TEXT_Xmas-MagicItem,عرض عناصر السحر
73c137a131427564,TID_LOCAL_NOTIFICATION_EVENT_Xmas_Resources,أيها الزعيم، عرض عطلة \qيجب الحصول عليه\q متوفر لك الآن!
fffcdb78d3fb34cc,TID_SUPERCELL_ID_LOGIN_BUTTON,تسجيل الدخول بمعرّف Supercell ID
9f40fd1ed7725d87,TID_NEWS_DEC_2017_UPDATE_TITLE_3,تغييرات وإضافات أخرى
f4633b6dd9cd3933,TID_BOOSTER_BOOST_RESOURCES_INFO,يمكن لهذا الإكسير السحري الذي هو عبارة عن سحر تسرع متحول إلى جرعة تعزيز فعالية مستخرج الموارد الخاص بك بشكل كبير لمدة <time>. يعمل في القرية الأم.
82f575596c01370e,TID_SUPERCELL_ID_NEW_GAME_BUTTON,اللعب بدون معرّف Supercell ID
2c39d9c125351ab6,TID_BUTTON_DISABLED_REWARD_WOULD_OVERFLOW,لا توجد مساحة كافية بخزينتك لـ <reward>.\nقم بإخلاء مساحة أو اختر جائزة مختلفة.
3d0c138b9dfdc138,TID_CLANGAMES_TASK_INFO_GET_BUILDERBATTLESTARS,تحصّل على <num> من النجوم من معارك المواجهة.
8c7cd782d403cac8,TID_DIAMOND_BUNDLE_MAGICITEMS_TRAINING_POTION_ONLY_INFO,• <booster1>x جرعة التدريب\n\nقم بتعزيز تدريب القوات وتطوير التعويذة وإعادة إنتاج الأبطال!\n\nلا تفوت هذا العرض!
97cbab362a0e0efa,TID_DIAMOND_BUNDLE_MAGICITEMS_SPELL_BOOK_WITH_RESOURCES_INFO,• <booster1>x كتاب التعويذات\n• <res0> الإكسير\n\nأكمل أي ترقية لتعويذاتك فورًا من خلال كتاب التعويذات!\n\nلا تفوت هذا العرض!
228ef48d1d060bbc,TID_CLANGAMES_TASK_INFO_USE_SNEAKYARCHERS,اربح <num> من النجوم من معارك المواجهة باستخدام <num2> من راميات السهام الماكرات.
5eb6a56b53a7dc58,TID_NEWS_DEC_2017_UPDATE_TEXT_2,لقد ظهرت عناصر قوية بخصائص سحرية! تحتوي عناصر السحر على قوى رائعة تتراوح من مساعدتك في الترقيات وحتى تعزيز أشياء متنوعة في قريتك وجيشك. تم تعديل الخزينة في قلعة القبيلة لتتمكن من تخزينها بأمان!
d8b0b7fad101e5de,TID_EVENT_TITLE_ClanWar_short2,اندفاع القبيلة
c0b8586c7b8258dd,TID_CLANGAMES_TASK_INFO_DESTROY_GOLDMINES,تدمير <num> من <building> في معارك متعددة اللاعبين
b43f1d755496ed26,TID_EVENT_TITLE_ClanWar_long,ماراثون عطلة نهاية الأسبوع
8548b46c06f809a2,TID_CLANGAMES_TASK_INFO_DESTROY_CLANCASTLES,تدمير <num> من <building> في معارك متعددة اللاعبين
4bd8fbc48121d17c,TID_CLANGAMES_TASK_INFO_DESTROY_GEAREDUPARCHERTOWERS,تدمير <num> من <building> في معارك متعددة اللاعبين
27d2a9c2415a9ad9,TID_CLANGAMES_TASK_INFO_USE_BOXERGIANTS,اربح <num> من النجوم من معارك المواجهة باستخدام <num2> من بطاقات العملاق الملاكم.
8872dd0676993209,TID_CLANGAMES_TASK_INFO_DESTROY_QUEENALTARS,تدمير <num> من أماكن الملكة رامية السهام في معارك متعددة اللاعبين.
07a56ee7de6ef3d6,TID_EVENT_TITLE_ClanWar_long2,مسيرة الاحتمال
3527a79711d2af67,TID_DIAMOND_BUNDLE_MAGICITEMS_BUILDING_BOOK_AND_HERO_BOOK_INFO,• <gems> الجواهر\n• <booster1> كتاب الأبطال\n• <booster2>x كتاب المبنى\n\nهل البناؤون مشغولين؟ هل هناك حاجة لإنفاق الكثير من الموارد ولا يوجد وقت كافٍ لذلك؟ احصل على حزمة الكتاب السحري لإنهاء ترقية واحدة للبطل وترقية واحدة للمبنى!\n\nلا يوجد حد على التخزين!\n\n لا تفوت هذا العرض!
96a8ba4c20228198,TID_NEWS_DEC_2017_UPDATE,مباريات القبيلة
de05908284e4f78d,TID_DIAMOND_BUNDLE_MAGICITEMS_TROOP_BOOK_WITH_RESOURCES_INFO,• <booster1>x كتاب القتال\n• <res0> الإكسير\n\nأكمل فورًا أي ترقية قوات من خلال كتاب القتال!\n\nلا تفوت هذا العرض!
616511ad78fc8e36,TID_CLANGAMES_TASK_INFO_WIN_BUILDERBATTLES,فز بـ <num> من معارك المواجهة.
65f98d52192194fd,TID_DIAMOND_BUNDLE_MAGICITEMS_TROOP_LEVEL_PACK_INFO,• <gems>الجواهر\n• <res0> الإكسير\n• <booster1>x كتاب القتال\n\nكل شيء تحتاج إليه لترقية قواتك!\n\nلا تفوت هذا العرض!
2a3dd5d90479f264,TID_CLANGAMES_TASK_INFO_USE_BETAMINIONS,اربح <num> من النجوم من معارك المواجهة باستخدام <num2> من كائنات المينيون المشع.
501711e2f0077163,TID_BOOSTER_MAX_LEVEL_ARMY_INFO,بإمكان هذا التطوير السحري القوي تعزيز قواتك وتعويذاتك إلى أقصى مستوى يسمح به مختبرك لمدة <time>. يعمل في كلا القريتين!
be7a89815186b178,TID_CLAN_GAMES_NO_REWARDS_EARNED,لم تربح أي جوائز.
9c16f6b6776c1a88,TID_CLANGAMES_TASK_INFO_DESTROY_XBOWS,تدمير <num> من <building> في معارك متعددة اللاعبين
11bcab651f80cf9f,TID_DIAMOND_BUNDLE_MAGICITEMS_EVERYTHING_BOOK_INFO,• <gems>الجواهر\n• <booster1>x كتاب كل شيء\n\nأكمل أي ترقية فورًا من خلال كتاب كل شيء المذهل!\n\nلا تفوت هذا العرض!
d0cb76800c653b16,TID_CLANGAMES_TASK_INFO_DESTROY_MORTARS,تدمير <num> من <building> في معارك متعددة اللاعبين
24725d1cb1934725,TID_CLANGAMES_TASK_INFO_DESTROY_INFERNOTOWERS,تدمير <num> من <building> في معارك متعددة اللاعبين
815ad19e23efd5a5,TID_CLANGAMES_TASK_INFO_DESTROY_AIRSWEEPERS,تدمير <num> من <building> في معارك متعددة اللاعبين
ee81cb90b8d57c38,TID_CLANGAMES_TASK_USE_SNEAKYARCHERS,مطاردات رامية السهام الماكرة
c24d635dd11abc83,TID_TREASURY_BOOSTERS_EMPTY,ليس لديك أي عناصر سحر! شارك في مباريات القبيلة للحصول على بعض منها.
2d6cefd6619eb200,TID_ALLIANCE_GAMES_REWARDS_TAB,جوائز
5c9496507f420148,TID_DIAMOND_BUNDLE_MAGICITEMS_BUILDING_BOOK_WITH_RESOURCES_INFO,• <booster1>x كتاب المباني\n• <res0> الذهب\n• <res1> الإكسير\n\nأكمل أي ترقية مباني مباشرةً من خلال كتاب المباني!\n\nلا تفوت هذا العرض!
