3c540ae7a1bf4eb3,TID_TUTORIAL_TOWN_HALL_1,有了从哥布林那里获得的金币，我们就可以升级大本营了。
0852234a6ff7b9a9,TID_TH15_WARDEN,魔法守护者
352479ae642a148d,TID_DIAMOND_BUNDLE_TH11_REVISED_INFO,• 1级天鹰火炮\n• 大守护者\n• <booster1>本英雄之书\n• <res0>圣水\n\n礼包中的建筑无需花费建造时间，存放礼包中的物品不受最大储量限制！\n\n该<cffec78><value>倍超值礼包</c>只可购买\n一次，千万不要错过哦！
3c6f41e4a12be292,TID_REGULAR_THEMED_BATTLE_OFFER_INFO_TH0206_999,• <res0>金币\n•<res1> 圣水\n• <booster1>瓶力量药水，可在1小时内将您的部队和法术强化至您当前大本营所支持的最高等级\n\n• 存放礼包中的物品不受最大储量限制！\n• 该礼包在显示期间可购买4次\n• 使用这个特惠礼包带领部落创造辉煌战绩！
152830544cb79a20,TID_ACCOUNT_DELETION_WARNING_CONTACT_PS,您已请求删除该账号，您可以在<time>内取消该请求。
8b4d3cf2977478ef,TID_DAILY_LOOT_LIMIT_FILLED,已达每日战利品上限
a0147d7ac3a0cebd,TID_PROFILE_FRIENDS,好友
45e39694a570a2e4,TID_DEVICE_LINK_ERROR_OLD_DEVICE_NOT_ACTIVE_TEXT,为了成功地关联您的设备，您需要打开原有设备的关联代码界面。
c10822b074372253,TID_LEAGUE_WOOD1_SHORT,木头1
820598ea5e478c5b,TID_REPORT_REASON_OTHER,其他内容
6b8c96e6af538d76,TID_CLANGAMES_TASK_INFO_GET_KILLS_VS_ALLHEROES,在联机模式中击败敌方英雄<num>次。
e2827d189f92da1a,TID_SHIELD_GUARD,村庄守卫
67532bc968eabc08,TID_CAPITAL_MAP_MODE_TEXT_VISITING_FINISHED_DEFENSE,之前的突袭防守
30ad14e7d6d23f54,TID_ARTO_TASK_CANNON_CART_FLUFF,维修车轮可不简单。升级加农炮战车是让车轴对齐的好方法。
83a2eaabbf49921b,TID_ARCHER2_ABILITY_NAME,隐形披风
b07534123ab09469,TID_HEROES_FEATURE,英雄
6691ce718bfed2bb,TID_NPC_CHALLENGE_TH9_BABYDQW_WALL_BREAKERS,派出<c54a0fe>炸弹人</c>可以节约些时间。
868a0faee1ae729a,TID_NPC35,三个尖塔
7f0f70a30bd7c051,TID_TRADER_ITEM_CANNOT_FIT_IN_STORAGE,仓库已满
c713609e8812a8b2,TID_SETTINGS_PLAYERNAME_CONFIRM_NEW,您确定要更改名称吗？\n您的新名称是：
26a1242274ee09ab,TID_BUTTON_LOGIN,登录
672134f4d6a9104a,TID_KUNLUN_APP_STORE_360,360手机助手
90407d6874b780a6,TID_UPGRADE_HOME_TH_NOT_RECOMMENDED_INFO,升级大本营后，您将匹配到更强的对手。您当前的整体实力还难以战胜他们，建议您在升级大本营之前先进行一些进攻方面的升级。
20c546e91195f373,TID_BATTLEPASS_TASK_WIN_BATTLES_USING_HASTE,唯快不破
75bb192bc058d892,TID_CHARACTER_INFO_SIEGE_MACHINE_RAM,攻城战车的作用简单直接：攻破挡在路上的一切障碍将部落援军运送到村庄核心地带。它由坚固材料打造而成，可以承受不少伤害。法术对攻城战车无效。
f260b702a381d54b,TID_WL_LEAGUE_RESULT,赛季结果
a2f65b1d12cc6554,TID_ALLIANCE_WAR_VISIT_FAILED_NOT_FOUND,未找到村庄，无法访问！请稍后重试。
d05fde53bc29a0a9,TID_LEAGUE_WOOD5,木头联赛5
308c0a08d61d8c6c,TID_CAPBUILD_MINION_CRYPT,迷你亡灵巢
1a5533bedb3f259f,TID_REENGAGEMENT_LAB_NO_UPGRADES_SOME_LEFT_2,也许您能帮忙做个决定？
b8416cfa7cf7d888,TID_STARTER_WINGOLD,获取金币
7a71f3ef41432caa,TID_CHALLENGE_CHOOSE_NEW_LAYOUT,选择新的友谊战阵型
db528fcb93546cb2,TID_ACHIEVEMENT_DESTROY_ARTILLERY,在联机模式中摧毁<number>门天鹰火炮
f878f7729b1d0c24,TID_DIAMOND_BUNDLE_TH4_ALT_UPDATED_INFO,• <res0>金币\n• <res1>圣水\n• <gems>宝石\n\n存放礼包中的物品不受最大储量限制！\n\n该<cffec78><value>倍超值礼包</c>只可购买\n一次，千万不要错过哦！
8794559a61fdb934,TID_CONNECT_WITH_FACEBOOK_BUTTON,连接Facebook
4fa4edaddce7aa95,TID_CLAN_GAMES_CHOOSE_REWARDS,选择奖励
aa8206f8aae43ea2,TID_DECORATION_SKULL_FLAG,航海旗
ab325a0bca57e170,TID_CLANGAMES_TASK_INFO_BEAT_GOLDTARGET,在单场联机模式战斗中获取<num2>金币。
337726aa1ff38452,TID_HINT_USABLE_WHILE_UPGRADING,兵营、部落城堡和用于存储资源的建筑在升级之时都能正常运转。
7ea6b0608429e9f6,TID_CLAN_HAS_TOO_FEW_MEMBERS,部落成员不够
fcd43257d8ed4a33,TID_LOCAL_NOTIFICATION_YOUR_SPELLS_ARE_READY,您的法术准备就绪！
b26dffef36b3b4a3,TID_CLANGAMES_TASK_INFO_DESTROY_BB_HIDDENTESLA,在建筑大师基地战斗中摧毁<num>个<building>。
37773c8c83890181,TID_NOT_ENOUGH_SPELL_STORAGE,法术工厂已满！
c169a80b9b28146e,TID_CONFIRM,确认
3dcd039bca36d1ac,TID_NPC_CHALLENGE_TH9_WITCH_ARCHER_QUEEN,现在部署<c9916c8>弓箭女皇</c>，兵营摧毁后，她将沿顺时针方向推进。
45e3f9b9afd757ad,TID_TRADER_ITEM_ALREADY_BOUGHT,已售完
07d12193e47d396a,TID_REPLAY_SHARED_SUCCESS,视频回放已分享！
6783bbc9eba8c375,TID_HINT_INFERNO_TOWER_TARGETS_2,地狱之塔每次切换目标后攻击力将降至最低。
887959925877aad8,TID_TAP_TO_EXPAND,点击以放大画面
78cad276e4f0dd6f,TID_BP_TAB_BANKS,资源箱
8493b6e3fd99f4c2,TID_CAPITAL_JUMP_INFO,城墙或水域挡了部队的去路？在敌军城墙或水域位置施放该法术，就可以创建通道，方便您的大军一跃而过，保证畅通无阻！
8fc213fb392905d4,TID_NPC42,冰冻三尺
efcaac1c56b02d49,TID_NOTIFICATION_WL_ENDED,部落对战联赛已结束，快来看看您的部落战绩如何！
17ec30db2589f10a,TID_REPAIR_SHIP_TITLE,重建帆船？
4d08c55c5b1ae634,TID_DEVICE_LINK_ERROR_CODE_ERROR_0,出现问题。请重试！
901f046684dc1504,TID_DIAMOND_BUNDLE_MAGICITEMS_TROOP_BOOK,战斗之书礼包
df7f93dbc8c6c223,TID_MONTH_4,四月
3d0d7f4567169823,TID_CHARACTER_ICE_SPIRIT_INFO,别看这些小家伙比雪球还冰冷，它们可一点都不冷静。小冰怪会从冰牙身上跳下来，蹦向最近的防御建筑，让它们尝尝严重冻伤的滋味。
3723a7487533de02,TID_CLAN_GAMES_BONUS_REWARD_UNLOCKED,部落竞赛结束后您可以选择额外奖励！
8abb0cfe5b0a731d,TID_ERROR_POP_UP_WRONG_CLIENT_VERSION_BUTTON,更新
d30e57f4434092fa,TID_CHALLENGE_BUTTON,友谊战
4694c48b67925855,TID_BOOSTER_FINISH_ANY_UPGRADE_OFFER_INFO,<num>本万能之书，可立即完成任一正在升级的项目
39eec55290a38f4b,TID_CLANBADGE_LAYER_1,样式
0a1b360ce3615074,TID_ALLIANCE_WAR_LOOT_CONFIRMATION_TITLE,要收集资源吗？
080e1b7846e93584,TID_FEATURE_SPELLS,法术
0df4e190340118bd,TID_TRAP_RUIN_DESC,一组荒废了很久的陷阱，只等人重建。\n\n<building>升至<level>级就可以重建。
78563cec711eff54,TID_CLANGAMES_TASK_BEAT_DARKELIXIRTARGET,暗黑重油挑战
5761c8957039cbac,TID_POPUP_BOOST_BARRACKS,确定在<time>内将部队训练速度提升至原来的<multiplier>倍吗？
9016787717b8f7d8,TID_REENGAGEMENT_LAB_DID_UPGRADES_NONE_LEFT_1,实验室里一直忙个不停。
eacce18bd7ad3a1c,TID_WAR_STATS_HEADER_COLLECT_STARS,获取<num>颗胜利之星
69a050eb263e784f,TID_BATTLEPASS_TASK_INFO_USE_GOLEMS,在联机模式中使用戈仑石人赢得<num>颗胜利之星。
1febb6f16b2e7ad4,TID_BP_DAILY_REFRESH_IN,每日挑战\n刷新倒计时：
bed5de5fbe90dfe6,TID_ACCEPT_FRIEND_ERROR_TOO_MANY_FRIENDS,添加好友失败，您的好友列表已满！
96d112193a1c3df4,TID_HINT_DARK_SPELLS,暗黑法术占用的空间比大部分普通法术要小，因此您可以携带更多暗黑法术！
1e5aa52a395d121c,TID_ALLIANCE_WAR_DEFEAT,失败
3cd58e835d4c6330,TID_NPC_CHALLENGE_TH9_WITCH_FUNNEL_WIZARD,派出一个<c54a0fe>法师</c>清理敌军兵营。
732647e30c40dd14,TID_NPC24,西西里防御
d1c62dba18c18461,TID_TUTORIAL_MODE_TITLE,教程模式
111329c999925286,TID_EP_REWARD_CLAIMED,您已收集该奖励。
c032d1629205eae0,TID_TAB_VIEW_VILLAGE3,部落都城
add7d2a27e5d97dc,TID_ACHIEVEMENTS_VILLAGE1,家乡成就
89b2ffc2491d266f,TID_HINT_YETI,虽然大雪怪不能跳过城墙，但小雪怪可以。
d06cef361f6d99c0,TID_SUPPORT_CREATOR_BUTTON,输入代码
d5ebd44b3572e643,TID_SHARE_DIALOG_COPY_ALERT_MESSAGE,链接已复制到剪贴板！
10c017724981c801,TID_LEAGUE_RUBY1,红宝石联赛1
e4325da0491f0fec,TID_ACHIEVEMENT_WAR_STARS_COMPLETED,在部落对战中总共为部落赢得<value>颗胜利之星
ab8bce29923f50fb,TID_BOOSTER_STAR_POTION,建筑大师星瓶
3282e509da4d084c,TID_HINT_FORUMS,
ec9733685cf9f80a,TID_LIGHTNING_STORM_INFO,放出一道闪电攻击敌军！\n\n施放雷电法术，击晕小范围内的建筑和部队，并对其造成伤害。
bca60a5fc3602874,TID_TENCENT_USER_PRIVACY_POPUP_TEXT_1,在您使用我们(腾讯)服务前，请您务必审慎阅读、充分理解<TOS>、<PP>、<CHILDREN>、<THIRDPARTY>的各条款。同时，您应特别注意前述协议中免除或者限制我们责任的条款、对您权利进行限制的条款、约定争议解决方式和司法管辖的条款。如您已详细阅读并同意以上条款，请点击\q同意\q开始使用我们的服务。\n我已经详细阅读并同意<TOS>、<PP>、<CHILDREN>、<THIRDPARTY>。\n
cc47aad016bdf366,TID_BATTLEPASS_TASK_WIN_STARS_USING_INVISIBILITY_INFO,在联机模式中使用隐形法术赢得<num>颗胜利之星。
a94dba9b6800c042,TID_HERO_INFO_BATTLE_COPTER,快上直升机！建筑大师厌倦了锤城墙，于是他发明了可以飞跃城墙的新一代飞行器。战斗直升机可从远处发射威力巨大的炮弹，也可以使用爆弹冲锋技能靠近目标发动奇袭。
bb53e4b39650a7fe,TID_BUILD_TIME,建造时间
c465194b72cd179f,TID_LAYOUTS_SET_DEFENSE_BUTTON,设为防御
6c175c63ad578027,TID_FRIENDLY_WAR_CHOOSE_LAYOUT,选择阵型
82e3cc1d581d275d,TID_GOOGLE_PLAY_KUNLUN_TUTORIAL_BUTTON,查看教程！
fdc2b8cc734e275d,TID_HINT_SHIELD2,护盾可以保护您免受他人袭击，但是如果您主动出击的话，护盾的时间会相应减少哦。
b31b6a6f6ee68a1f,TID_CLAN_CHANGED_TITLE,已更换部落
ddfbdad348d80799,TID_REPLAY_REPLAY,回放
09500950c8cd2980,TID_TUTORIAL_ATTACK,真的吗？如果你领兵作战的本领跟你清理废墟的本领一样强，那我们联手肯定很厉害！
db517f439a147f64,TID_ALLIANCE_WAR_VICTORY,胜利
4a9dff3d7f1233d4,TID_CAPBUILD_SPELLLAB_HEAL_INFO,配制一桶桶疗伤法术。里面散发出的花香能让你的头疼奇迹般消失！
a744563f944a2f90,TID_TASK_GET_VS_BONUS,建筑大师基地每日胜利之星奖励
eb0002fc10426ac3,TID_NPC_CHALLENGE_TH11_EDRAG_CLONES,施放<ca0c0fe>镜像法术</c>，在核心地带复制出更多<c54a0fe>气球兵</c>。
248f7cfaf1044a38,TID_TRAIN_SPELL_STORAGE_FULL,法术工厂已满！
f1af91f72eaeb7de,TID_STARTER_TH5_UPGRADEBUILDERHUT,第三支锤
8be1e7288c0045ba,TID_POPUP_BREAK_LEGENDS_SHIELD_TEXT,您确定要解除护盾吗？从下一个联赛日开始，您可以发动进攻和进行防守。
57aef7c62297f67d,TID_MULTI_ARCHER_TOWER_INFO_SHORT,弓箭手越多，来犯之敌就越痛苦。
593de34811eaf667,TID_CAPBUILD_BARRACKS_WIZARD_INFO,看起来像是超级法师的训练营，但接连不断的爆炸吓得大家都不敢靠近。
7f16a0da853bd4bc,TID_CLAN_BADGE_LOCKED,将您的部落升至<num>级以解锁！
c8fde3d0ca17bf49,TID_WAR_STATS_WINS,胜利：
e7ae53009354bbf3,TID_NEWS_UPDATE_AIR_MORTAR_TEXT,
eb6db3a625d79ced,TID_BATTLEPASS_TASK_INFO_USE_BABYDRAGONS,在联机模式中使用飞龙宝宝赢得<num>颗胜利之星。
e5ba96d391e61364,TID_COSMETIC_ESTATE_3X3_THATCHED_HUT,稻草屋
32499a930e16615c,TID_STARTER_TH3_JOINCLAN,志同道合
a120440c8e59842d,TID_WITCH_GOLEM_ABILITY_HELP,每隔几秒会召唤骷髅军团。被击倒时还会召唤多个大宝宝。
be9b1d7e5a7b2cba,TID_OPEN_GAMECENTER_BUTTON,打开苹果游戏中心(Game Center)
a2906cf5079d178b,TID_SHOP_STORAGE,容量：
c7113dd39ef9151d,TID_CLANGAMES_TASK_USE_VALKYRIES,瓦基丽旋风
0bb4ec7ce96bb3e7,TID_BOOSTER_BOOST_PRODUCTION,训练药水
7263247d0ed90058,TID_CHARACTER_INFO_FIREMITE,
45bccdb7a711f14b,TID_AVAILABLE_LOOT,可获得的战利品：
a96844826dec894c,TID_CLAN_TAG_COMPETITIVE,实力强劲
65c00e2968f93f61,TID_SHOP_CATEGORY_TROOPS,部队
92ca5f1126d7bb2c,TID_CLANGAMES_TASK_INFO_DESTROY_SCATTERSHOTS,在联机模式中摧毁<num>座投石炮。
077bd40139cc4690,TID_BOOSTER_FILL_ELIXIR2_STORAGE_OFFER_INFO,<num>块建筑大师圣水符石，可使建筑大师基地的圣水立即达到最大储量
fb6918aa3258a777,TID_CLANPERK_DESC_DONATION_LIMIT_VALUE,<troops>个援军，<spells>个法术
955034df1206b0e6,TID_MINI_SPELL_FACTORY_INFO,只有那些最聪明，或者最鲁莽的法术大师才敢使用暗黑重油来配制法术。要精通这些空间较小的暗黑法术需要敏锐的洞察力，不过这也能带来独一无二的战术优势。
928fb932bb6e4b30,TID_STREAM_EVENT_NAME_CHANGED,已将名称更改为：<name>
2132140b7b46e14b,TID_CHARACTER_INFO_SUPER_BARBARIANS,对于要靠拳头解决的紧急情况，你永远可以相信这群超级野蛮人。他们刚上战场时冲得最猛，但冷静下来后依然保持良好的职业操守。
9b1a34243beceea9,TID_SEARCH_TAB_BOOKMARKS,收藏
42b68a16be55bf60,TID_DUEL_TOTAL_WINS,建筑大师基地战斗胜场：
9be87587d3f1a2b9,TID_RES_PACK_INFO_GOLD,• <gems>宝石\n• <res0>金币\n\n存放礼包中的资源不受最大储量限制！\n\n巨大折扣，限时优惠！
099154dbbf130183,TID_TENCENT_LOGIN_AGREEMENTS,我已经仔细阅读并同意<TOS>、<PP>、<CHILDREN>和<THIRDPARTY>。
52422b13d6d4bdc1,TID_SPECIAL_OFFER_INFO_EASTER_LIMITED_999,• <res0>金币\n• <res1>暗黑重油\n• <gems>宝石\n\n• 存放礼包中的物品不受最大储量限制！\n• 该礼包可购买20次！\n\n升级防御建筑、英雄和暗黑重油部队，一个礼包全搞定，真是物超所值！
d0963b063f554407,TID_ALLIANCE_WAR_STARTWAR_INFO_LEADER,参与部落对战，为荣誉、资源奖励和部落经验值而战！\n\n\n准备好了吗？那就开战吧！
2b1b2a1468cd23b7,TID_OPEN_DAILYLOGIN,打开
7711e6798cbf8f0a,TID_POPUP_MAX_OUT_ARMY,要使用<booster>在<time>内暂时将您的军队强化至您当前大本营所支持的最高等级吗？
09bc2d042263bdf0,TID_TUTORIAL_WAR_LEAGUE_14,噢，还有一件重要的事！通过在部落对战联赛中赢得战斗日和胜利之星，我们可以获得联赛奖章。
ec48823c9972db4b,TID_NPC_CHALLENGE_TH13_HYBRID_HOGS,派出<c54a0fe>野猪骑士</c>支援<c54a0fe>掘地矿工</c>。
72fd30a709f62e73,TID_CANCEL_FRIENDLY_WAR_SENDER_HEADER,取消友谊战邀请？
afc82abb1d574b1f,TID_LAYOUTS_ALREADY_ACTIVE,阵型已投入使用
71d6c29f9d9cffaa,TID_NPC17,一马平川
0d5f3d9623848d93,TID_CLANGAMES_TASK_INFO_DESTROY_BB_CLOCKTOWER,在建筑大师基地战斗中摧毁<num>个<building>。
b50cf55f1b28cfad,TID_LEAGUE_CHAMPION1,冠军杯联赛1
3d5652bfd664ac66,TID_CAPITAL_PLAYGROUND_SUPER_GIANTS,派出<c54a0fe>超级巨人</c>吸引火力。
36c667e868388d24,TID_DIAMOND_BUNDLE_TH5,5级大本营礼包
07125a674d42949c,TID_LEAGUE_COPPER2,红铜联赛2
716fd52ecd025a40,TID_CHARACTER_INFO_HASTY_BALLOON,气球兵重装升级为火箭气球兵，最新配备的两个火箭助推器都已通过严格的安全检查，助力气球快速飞入战场！
20e377273e6cdad1,TID_LAYOUTS_COPY_EXPLANATION,选择主基地或战争基地以复制选中的阵型。
df7af0b28408a0cd,TID_LEAGUES_UNRANKED_AFTER_SHUFFLE,联赛赛季已经结束。攻击敌人村庄以进入新的联赛！
3142d95a7625719f,TID_YOU_HAVE_BEEN_ATTACKED_HEADER,首领，您不在的时候村庄遭受了袭击！
dbe1dbeb6cbe0ad4,TID_BATTLEPASS_TASK_INFO_WIN_WARATTACKS,在部落对战中获胜<num>场。
8634a09b27caa28d,TID_NPC63,团队精神
f8cb52c3874783ae,TID_CHARACTER_HOGLESS_RIDER_INFO,没有野猪的骑士依旧势不可挡，他会抡起锤子攻击所有周围的目标。
60983563dfe2505e,TID_ALLIANCE_DONATE_DONATE_INSTANTLY,立即增援：
dd29aad7fa38e58e,TID_CREATE_ALLIANCE_BUTTON,创建
9dce558c1c079f84,TID_INFO_TARGET_TYPE_BUILDINGS_AND_WALLS,建筑和城墙
ec2bb5fe36b26321,TID_BUY_SHIELD_HEADER,要购买护盾吗？
83839c64af5c91ef,TID_NPC_CHALLENGE_TH8_GOWIPE_CLEAN_UP,部署剩余的部队清理战场。
05c25a674d429753,TID_LEAGUE_COPPER1,红铜联赛1
9f337db2f2e227db,TID_COSMETICS_SKIN_FEATURES,皮肤包括：
294bdb43723c3533,TID_TUTORIAL_WAR_LEAGUE_13,点击\qi\q图标可以查看更多信息，我想我们已经准备好了！
a642db23e760e04d,TID_NPC_CHALLENGE_WARDENABILITY,在关键时刻激活<c9916c8>大守护者的英雄技能</c>，保护您的部队！
d3807f821690bd5d,TID_NPC_CHALLENGE_TH11_LAVALOON_HOUNDS2,再部署一只<c54a0fe>熔岩猎犬</c>。
3dea33cbe4d0a995,TID_CONTAINER_MAX,最大储量：<amount>
88cc97067dc76967,TID_ICE_KING,冰雪蛮王
9510b09f04376261,TID_DIAMOND_PACK_3,一麻袋宝石
8a851946c4ce4b3b,TID_LOCAL_NOTIFICATION_BP_SEASON_ENDING_MAXED_POINTS,别忘了在月度挑战结束前领取已解锁的奖励。
7a61a7fbe1e06249,TID_CLANGAMES_TASK_WIN_STARS_USING_FREEZE_INFO,在联机模式中赢得<num>场战斗，每场战斗需使用<num2>个冰冻法术。
16668a795ebfc974,TID_NPC32,武装黑猩猩
948bb15be080a6f1,TID_ALLIANCE_TAB_BOOKMARKS,收藏
54d6343840232d41,TID_LEAGUE_INFO_PLACEMENT_HEADLINE,进攻任何玩家村庄以获得进入联赛的资格
e7c46b94c68be753,TID_NPC_CHALLENGE_TH11_EDRAG_FUNNEL_EDRAG2,派出一条<c54a0fe>雷电飞龙</c>清理角落。
9aac3c8197c9fd48,TID_HEAL_AURA,每秒治疗量<number>
031e996bf7a130a4,TID_CAPITAL_RAID_TARGET_UNDER_ATTACK,有人正在进攻该子城
24d07b6d6d47aa7a,TID_NPC_CHALLENGE_TH11_EDRAG_BATTLE_BLIMP,派出<c54a0fe>攻城飞艇</c>将<c54a0fe>雷电飞龙</c>运送到核心地带，摧毁<cf70d16>天鹰火炮</c>。
c600d8fc340ac961,TID_AGE_GATE_TITLE,您的年龄是？
060770135d0d98fe,TID_TRAIN_TUTORIAL_ARROW,按住不放
f59a8a66cbd0fdf3,TID_CHARACTER_INFO_SIEGE_MACHINE_CARRIER_SHORT,脏活累活都不怕，召唤法师和皮卡超人替它干。
7997c9e8da5b9d06,TID_MAP_LOCATION_3,得胜谷
cea5e6c14894ae88,TID_BUTTON_LOCAL_HIGHSCORE,本地
1fb3ae08974708f2,TID_WL_TAB_CLAN_WARS,赛季记录
bcc0f90f0f0f1702,TID_LEGENDS_LIVE_UNDER_ATTACK,您正遭受该玩家的进攻：
78de568cab9c7c98,TID_SPECIAL_OFFER,特惠活动
e175205f2b9f73d1,TID_TOWN_HALL_LEVEL_TOO_LOW,您需要将大本营升至<number>级！
6298c4bb70fcfd3d,TID_NOTIFICATION_UPGRADES,升级
f289a4a58a8ee732,TID_LOCAL_NOTIFICATION_EVENT_XMAS_RESOURCES,首领，节日礼包上线了，不容错过哦！
ec7d2a56de5b8c48,TID_CLANGAMES_TASK_INFO_GET_KILLS_VS_BARBARIANKING,在联机模式中击败敌方野蛮人之王<num>次。
65cf6c4204fae21b,TID_POPUP_GOBLIN_HELPER_TEXT,嘿，首领！需要人手帮忙建造或研究吗？如果您能给我一些宝石的话，我很乐意为您效劳！
bc6eb71727647f8c,TID_ACHIEVEMENT_DESTROY_INFERNO_TITLE,灭火英雄
e475f4254fd737ed,TID_LOOT_CART,资源车
6c9c08e565c03b8f,TID_CLANGAMES_TASK_DESTROY_KINGALTARS,摧毁野蛮人之王王座
7902c61b77d1c280,TID_BUTTON_FREE,免费
8d928e287a4a6bc0,TID_ARTO_TASK_MEGA_TESLA_FLUFF,充足的动力对于任何项目都至关重要。升至满级的超级特斯拉电磁塔能提供源源不断的动力。
325518385eff306b,TID_TENCENT_AUTH_FAILED,您已取消登录授权。
2fde86cbfaf35d52,TID_CHARACTER_SIEGE_MACHINE_CATAPULT,攻城烈焰车
3d502876b9471b91,TID_HINT_SPELL_EARTHQUAKE2,对同一建筑重复投掷地震法术，造成的伤害会递减。
aea6e6033449db8e,TID_ALLIANCE_BUTTON_EDIT,编辑
3ea3a516c5e552a5,TID_TIGER_MOUNTAIN_SCENERY,虎啸长城
38c170c60a7d87b5,TID_FRIEND_LIST_ITEM_PENDING,添加好友？
799b3bb05b6657d2,TID_INVITE_FRIEND_CONFIRMATION,向<name>发送好友请求？
cc753dfbd1505d7c,TID_ERROR_POP_UP_SERVER_MAINTENANCE_BUTTON,重试
32343b9640b52641,TID_STARTER_INFO_DESTROYANY,在联机模式中摧毁<num>个<building>。
33ba51c51bebff43,TID_POPUP_EDIT_MODE_SAVE_TITLE,保存更改
49f31a56d827f441,TID_NEWS_UPDATE_LEGEND_LEAGUE_TEXT,
1887f36c23f5cf86,TID_NEWS_UPDATE_BOOKMARKS_TITLE,
3fc9bcaa8500f236,TID_SKELETON,骷髅兵
8f2a58fd769d8ebb,TID_CLAN_SETTINGS,部落设置
7d3c205a8ccfb20a,TID_GAMES_OVERVIEW_HEADLINE,概况
9419b382b4f45454,TID_MAP_LOCATION_9,酸湖
0c1203a11a59d6fc,TID_TOWN_HALL_14_INFO_SHORT,欢迎来到丛林，这里精彩又刺激！
a36c24825d8ba40f,TID_SPECIAL_OFFER_EASTER_LIMITED_1999,春季特惠
42489bb47210271e,TID_SPELL_FROST_INFO,
f2bdb923c7e8cffd,TID_DIAMOND_BUNDLE_TH10_ALT_REVISED_INFO,• <booster1>本建筑之书\n• <booster2>本英雄之书\n• <res0>金币\n• <res1>圣水\n\n存放礼包中的物品不受最大储量限制！\n\n该<cffec78><value>倍超值礼包</c>只可购买\n一次，千万不要错过哦！
89500fd876df02f6,TID_TIME_LEFT,剩余时间：
34df2c65c2ba126a,TID_FLAMER_INFO,用滚烫的岩浆给敌军洗个澡！地面部队和空中部队都将会感受到这灼热！
737153b0fe7e51a1,TID_WL_COLUMN_ATTACKS,进攻
79d322a55556d2b2,TID_REPAIR_CLAN_CASTLE,解锁部落
3942fcb1b4f5e105,TID_PLAYABLE_IN,离开始还有：
70e97255a019a190,TID_AUTOMATED_ALLIANCE_MAIL_SENDER_NAME,系统邮件
832271cea03b2818,TID_BUTTON_ATTACK_MODE_NEAR_FAST,快速攻击
629ef3993194515b,TID_CLANGAMES_TASK_INFO_WIN_BATTLES_USING_YETI,在联机模式中赢得<num>场战斗，每场战斗需使用<num2>个大雪怪。
75446e49411c4aa3,TID_HALLOWEEN_STORAGE_CONVERSION_INFO,<time>后，坩埚将会把您的一个圣水瓶转换成酸腐圣水瓶。
bc1f3d92bf54785c,TID_OPEN_CHALLENGE,发起挑战
f9330fced5b38fde,TID_DIAMOND_BUNDLE_MAGICITEMS_BUILDING_BOOK_WITH_BUILDER_POTION_AND_GOLD_INFO,• <res0>金币\n• <booster1>本建筑之书\n• <booster2>瓶建筑工人药水\n• 存放礼包中的物品不受最大储量限制！\n\n包含升级大本营和防御建筑所需的一切！
8884aa306f912257,TID_WL_CANNOT_EDIT_ROSTER,现在无法编辑参战成员名单。
baef7e1407373624,TID_CLAN_HOUSE_NAME_OCCUPIED,<name>的营房
bb752e7dd05bf477,TID_CLAN_GAMES_TAKE_A_TASK,选择
b9501757558c4f18,TID_CHARACTER_INFO_AD_SEEKER_WITH_EXPLOSION_SHORT,可吸引防空火箭火力的空中肉盾。
650b74beeb248968,TID_YOUR_RESULT,您的进攻：
348d8992f21b9285,TID_CAPITAL_PLAYGROUND_SPELL_EXPLANATION_2,法术在整场进攻中都会生效，并且效果会延续到下一位进攻者的进攻中。两次进攻后，法术效果消失。
a67d3e306483188f,TID_ACCOUNT_LOCKED_TEXT2,在此输入解锁代码：
66a29f4d5c879649,TID_DECORATION_SHORT_FILM_STATUE,皇冠传说雕像
6856c7d507212e18,TID_HINT_CLOCK_TOWER,利用时光钟楼加快建筑建造、资源生产和其他所有项目的运行速度！
ea6be1c82480d236,TID_FORGE_COST,费用：<number> <resource>
0c5dbfaf7bb12fde,TID_DIAMOND_BUNDLE_TH5_INFO,• <gems>宝石\n• <res0>金币\n• 1级法师塔\n\n礼包中的建筑无需花费建造时间，存放礼包中的资源不受最大储量限制！\n\n该<cffec78><value>倍超值礼包</c>只可购买\n一次，千万不要错过哦！
81b9a31ee1d2405b,TID_BUTTON_DISABLED_PICK_ALL_REWARDS,从每列已解锁的奖励中选择一项。
4cf9644e04a685d8,TID_NEWS_CW_BD_GIFTS_TEXT,部落对战周年庆！您每次购买<c80d8e8>宝石 + 部落礼物</c>，部落成员都有机会领取赠送的宝石。
3764fe09ce3a5555,TID_STARS_COLLECTED,胜利之星：<number>
8c935ed13c57d7eb,TID_DIAMOND_BUNDLE_MAGICITEMS_SPELL_BOOK_WITH_RESOURCES_INFO,• <booster1>本法术之书\n• <res0>圣水\n• 存放礼包中的物品不受最大储量限制！\n\n使用法术之书立即完成法术升级！\n\n千万不要错过哦！
e599fceeadce3b38,TID_CLANGAMES_TASK_INFO_DESTROY_BB_ELIXIRPUMP,在建筑大师基地战斗中摧毁<num>个<building>。
31f0313b1c594ae5,TID_LOADING_CHINA,本网络游戏适合年满13周岁以上的用户使用；为了您的健康，请合理控制游戏时间。粤网文【2017】6138-1456号、 （总）网出证（粤）字第057号 著作权人：SUPERCELL OY 出版单位：北京昆仑乐享网络技术有限公司 文网游进字[2015]0062号 审批文号:新广出审[2015]1084号 出版物号：ISBN 978-7-89988-438-6 抵制不良游戏，拒绝盗版游戏。注意自我保护，谨防受骗上当。适度游戏益脑，沉迷游戏伤身。合理安排时间，享受健康生活。
684f45502e4a744f,TID_LEAGUE_BRASS2,黄铜联赛2
6d2962e6e483d5b9,TID_DIAMOND_BUNDLE_BH3,3级建筑大师大本营礼包
d454d5774359b48e,TID_BUTTON_CREATE_PRESET,创建
f9924e3da4bb9cf0,TID_POPUP_UPGRADE_TROOP_TITLE,选择要升级的对象
a17ae8a8f836c98a,TID_DECO_DARK_AGES_DRAGON,飞龙奖杯
dfc6a8931fe5d5b9,TID_STARTER_TH2_INFO_UPGRADEARCHERTOWER,从商店获取一座箭塔。
7ee4447ca64b4256,TID_LUNAR_QUEEN,如意兔女皇
873440febf182086,TID_NEWS_CLASHIVERSARY_TEXT,没错！《部落冲突》5岁啦！为了和大家一起庆祝，我们为首领们准备了各种各样的特殊礼物：新的特殊障碍物、优惠礼包、1宝石加速活动，还有更多精彩内容！\n让我们共同期待下一个5年——建造不止，战斗不息！
ee0e1ff1fb2e7fa7,TID_DECO_RUIN_ROCKS,岩地
38dbe12e9b84e7f5,TID_BATTLEPASS_TASK_INFO_WIN_BATTLES_USING_DRAGONS,在联机模式中使用飞龙赢得<num>场战斗。
5896c27edde08684,TID_CHARACTER_INFO_GRAVE_GOLEM,戈仑坚如磐石的决心加上女巫神奇的暗黑魔法，这个可怕的合体兵种能轻松摧毁敌方防御！
7d19c80c6cbbf0d4,TID_DECO_RUIN_CAMPSITE,露营地
71339720f68cd419,TID_PIRATE_CHAMPION,海上战神
f29a3b12f4cab2f9,TID_LEAGUE_COPPER2_SHORT,红铜2
ce31b206d187ef9d,TID_POPUP_REMOVE_OTHERS_WAR_DONATION_DESCR,您确定要移除该成员部落城堡中的这一增援部队吗？
1d6430894750e441,TID_NPC_CHALLENGE_TH8_GOWIPE_HEAL2,使用<cffe346>疗伤法术</c>为您的<c54a0fe>法师</c>提供治疗，让他们保持战斗力！
ef2e2ec28bb8ba87,TID_CLANGAMES_TASK_DESTROY_MORTARS,摧毁迫击炮
928b45a69355b976,TID_WAR_TEAM_TAB_ATTACKS,进攻
dc07e09b8d3e0a2b,TID_LAYOUTS_DEFENSIVE_LAYOUT,防御阵型
591e364f29e060cd,TID_REENGAGEMENT_ATTACK_1,您回来了，您的部队都非常振奋！
ff426d88b7281a22,TID_TITLE_HERO_GEAR,英雄装备
be441b357a41f78b,TID_DIAMOND_BUNDLE_MAGICITEMS_SPELL_LEVEL_PACK_INFO,• <gems>宝石\n• <res0>圣水\n• <booster1>本法术之书\n• 存放礼包中的物品不受最大储量限制！\n\n包含升级法术所需的一切！\n\n千万不要错过哦！
a41d81c65ad15eb0,TID_CLANPERK_COMPLETED,已完成！
86fd8493e199ecba,TID_DECORATION_LEAGUE_II_STATUE_INFO,这尊雕像代表了不断进步的战斗技巧，其拥有者实力不容小觑。
89a6ee7ebba2b625,TID_LOCKED_IN_TUTORIAL,完成教程后您才能解锁该功能！
1cf19cd9eb8d4875,TID_JOLLY_SCENERY,温馨冬夜
b31222713fa54206,TID_RECALL_TROOPS_TO_DEPLOY_THEM_AGAIN,召回部队才能重新部署
c13db16e9ffa9a4e,TID_CLANGAMES_TASK_INFO_USE_RAGEDBARBARIANS,在建筑大师基地战斗中赢得<num>颗胜利之星，每场战斗需使用<num2>个狂暴野蛮人。
f48eebacfbe16004,TID_CHALLENGE_TH12_YETI,雪怪出击
84355aee6a6037c9,TID_ERROR_POP_UP_PERSONAL_BREAK_EXTENDED_FINAL,您的在线时间已延长，稍后即将重置。保护您的大本营，并提高奖杯数量，可以有效地减少被强制下线的次数。
a2e32787e757a2a1,TID_CLANGAMES_TASK_INFO_SPEEDY_STARS_MV,在联机模式战斗前<num2>秒内累计赢得<num>颗胜利之星。
b93aa35fc8a00366,TID_BATTLEPASS_TASK_INFO_WIN_BATTLES_USING_BABYDRAGONS2,参加<num>场建筑大师基地战斗，每场战斗需使用<num2>只飞龙宝宝且赢得至少1颗胜利之星。
64531d9b9334013c,TID_CLANGAMES_TASK_INFO_WIN_WARSTARS,在部落对战中赢得<num>颗胜利之星。
a11acbc7096f1668,TID_SIEGE_MACHINE_RAM,攻城战车
484d872e7489edc7,TID_CHALLENGE_INFO_2022,云层之巅，部落都城横空出世。部落成员同心建设，并肩战斗！这是我们走过的第一个10年，下一个10年又会有什么变化呢？
e5c47a9ef5932617,TID_TOO_MANY_ALLIANCE_CHAT_REPORTS_SENT,您需要稍等片刻才能再次举报
3781438260c9644a,TID_ACCEPT_FRIEND_CONFIRMATION,是否添加<name>为您的好友？
f993b486f9020595,TID_DIAMOND_BUNDLE_MAGICITEMS_TROOP_LEVEL_PACK,兵种升级礼包
4829d4c8847f584c,TID_ALLIANCE_WAR_STAT_WINS,进攻获胜次数
7cc9894d82c71d26,TID_EVENT_TITLE_XMAS_RESOURCES,节日特惠
c9cb6263aa03bd11,TID_SHIELD_POPUP_NONE_TIP,我们当前不受保护，准备防御！
c852d5b37dda6c3d,TID_TUTORIAL_CANNON_1,欢迎您，首领！我们已恭候您多时了。
2ee440719c32c6b2,TID_REQUIRED_DARK_BARRACK_LEVEL,需要<number>级暗黑训练营
b69ef7568c4fb9be,TID_BUTTON_BOOST,提速
1e227639ac1f3c9a,TID_TREASURY_BOOSTERS_EMPTY,您暂无该魔法物品！
f3b767578976befe,TID_DARK_TOWER_INFO,建造有暗黑重油加持火焰的地狱之塔，可以对单一目标造成难以估算的伤害，或者一次对多重目标进行持续攻击。
51a060f377644d52,TID_TREASURY_DARK_ELIXIR,宝库暗黑重油
af4e48ff0aeb470d,TID_OTHER_SPELL_LEFT,该法术已用完，请选择其他法术
618ed1c295299dfa,TID_SUPER_BOWLER_INFO,如今，超级巨石投手拥有了他想要的一切：一副抓得更稳的手套、更舒服的鞋子，还有很多大到离谱的巨石。
b2485573059e0049,TID_CAPITAL_FROST,冰霜法术
17a272aace552fcc,TID_WAR_STATS_HEADER_DEFEAT_BASES,击败敌军部落对战基地
1777be7e7012ecbe,TID_BATTLE_LOG,战斗日志
64734b92b233bfb2,TID_TRAP_HALLOWEENBOMB,南瓜炸弹
0785e84e79a6be4e,TID_BOOSTER_FREE_TROOP_UPGRADE_OFFER_INFO,<num>把战斗之锤，可将任一兵种立即升至更高一级
53219f967fc13d21,TID_NPC_CHALLENGE_BOWIGI_QUEENABILITY,如果您的弓箭女皇身陷险境，立即使用她的<c9916c8>英雄技能</c>帮她摆脱困境！
17e83bf84d9b483b,TID_REPORT_PROFILE_IMAGE_TEXT,确定要以头像不合适为由举报<name>吗？
9fa40fd1a488cee6,TID_CLAN_GAMES_LEAVING_SOON_UNKNOWN_REWARDS,哎呀，您好像忘记查看部落竞赛结果了！
773681f2d8df8da5,TID_KUNLUN_APP_STORE_VIVO,vivo应用商店
2cf77e27af758311,TID_SUPER_TROOP_COOLDOWN,<time>内不能再次强化
8c154db2f20ffda7,TID_TOTAL_HEAL,总恢复能力：<number>
1509ccee13769b69,TID_CHARACTER_INFO_YETIMITE,这些小家伙看上去很可爱，但如果大雪怪受伤，他们会变得无比焦虑。如果大雪怪被伤到了一定程度，他们会义无反顾地涌向最近的防御建筑。
e6677610d8a49631,TID_SPECIAL_UNLOCKS_AT_LEVEL,特殊技能在<number>级时解锁
4ede989e853e1a07,TID_STREAM_SHARED_LAYOUT_CAPITAL,分享了一个<num>级<district>阵型
7ea4514b0181cf8f,TID_LEADERBOARDBANNER_PLAYER_NO_HISTORY,上次锦标赛中，没有传奇杯联赛玩家入围。
f1b5c1c8c3281d79,TID_CHARACTER_BARCHER,野蛮箭手
9b5ae667f225935c,TID_BAN_ACKNOWLEDGEMENT_TITLE,账号警告
a7441b80e2f3aaea,TID_LEAGUE_CRYSTAL1,水晶杯联赛1
fb08b66894813797,TID_EDIT_MODE_ERASE_ON,删除模式开启
4d43f030010b231d,TID_BATTLEPASS_TASK_INFO_WIN_BATTLES_USING_HEADHUNTER,在联机模式中使用英雄猎手赢得<num>场战斗。
4da5bff18faee1af,TID_ARTO_TASK_GEAR_UP_FLUFF,先进的思想才能创造先进的技术！在家乡完成一些特殊项目能大大激发创造灵感。
571d4975746a6995,TID_NEW_BEST,新的最佳记录
17ba588fc4871209,TID_NPC_CHALLENGE_TH4_GIANT_GIANTS2,现在继续派遣<c54a0fe>巨人</c>摧毁所有防御建筑。
b8c55e658ce61ef3,TID_TUTORIAL_FORGE_3,我问过他是怎么造出来的，但他说就算说了我们也听不懂。
af817693bc5a1c57,TID_PROFILE_LEGEND_LAST,上一个：<year>年<month>赛季
c54dd3654fe4ee0a,TID_REMOVE_ARMY_CONFIRMATION,要确认编辑吗？
95978479f8cdfd97,TID_EVENT_HUB_ACCESS_INFO,活动中心
44a9143097e1466c,TID_DECORATION_8YEAR_BIRTHDAY_STATUE,\q一块生日蛋糕\q
6ffa72b41d6fde9f,TID_DOWNLOADING_SKIN,正在下载皮肤...
ece64450e3c0575e,TID_DECORATION_PEKKA_STATUE,皮卡超人神像
45e9c1703f935510,TID_BUTTON_REPAIR,重建
c011de3585137949,TID_LEAGUE_GOLD3_SHORT,金杯3
ef836e67255da396,TID_WAIT_BEFORE_ARRANGING_WAR_AGAIN,您需要等待<time>后才可发送新的挑战
a1396986e6106c5d,TID_INFOBUBBLE_BUILDER_NOT_INPROGRESS,没有正在升级的项目
5c7d52375c441d2f,TID_BUILDING_BOMB_TOWER_INFO_SHORT,目标只有一个，那就是即使被摧毁也要炸翻地面部队。
5ef6e57bf3af05c3,TID_GIANT_ABILITY_HELP,首次攻击造成<num>伤害
779f74c12fa9ef05,TID_PARTY_WARDEN,派对守护者
a3bc378d73405e9a,TID_CONGRATULATIONS,恭喜
28732e89ea2631e0,TID_BATTLEPASS_TASK_WIN_BATTLES_USING_FREEZE_INFO,在联机模式中使用冰冻法术赢得<num>场战斗。
9ffbb65bff30f91f,TID_SETTINGS_HIGH_FRAME_RATE_INFO,将该功能设置为\q开启\q后，游戏将以<max>帧率运行，电量消耗较多；设置为\q关闭\q后，则以60帧率运行，电量消耗较少。
b5243677e13e8576,TID_ADD_FRIENDS_INFO_REQUESTS_TENCENT,在其他玩家的简介页面可将其添加为好友。登录微信或QQ后，您的微信或QQ好友就会显示在这里。
7284e392e2c4685a,TID_CAPITAL_PLAYGROUND_DEPLOY_AREA_EXPLANATION_4,多留意部署区域之后是如何扩大的吧。
98adb3f2533bea8d,TID_TRAP_ZAPTRAP_INFO,电击陷阱描述
08a276ef215fcdaf,TID_SHIELD_SHIELD,护盾
525336e0e595e6b9,TID_BUILDING_SPELL_TOWER_INFO_SHORT,终于可以使用法术对付入侵的敌人了！
5ad982ade4234d19,TID_DECO_GOBLIN_DRAGON_STATUE,哥布林飞龙雕像
ace9213b1602b895,TID_BB_STAR_BONUS_MULTIPLIER,<mult>倍胜利之星奖励加成！
241842508bd6a449,TID_CLANGAMES_TASK_INFO_USE_SIEGE_SLAMMER,在联机模式中赢得<num>颗胜利之星，每场战斗需使用<num2>个攻城气球。
0298c050607a64b9,TID_HINT_SPELL_JUMP,弹跳法术可以创建一个跨越敌军城墙的临时通道，让您的大军顺畅通过。
149eccdb99ea80b2,TID_TENCENT_GUEST_IGNORE_WARNING,如果您继续在未登录微信或QQ账号的情况下进行游戏，当累计游戏时间超过1小时后，您15天内将无法游戏。
5f5764f0558529b0,TID_CLANGAMES_TASK_INFO_USE_LOONS,在联机模式中赢得<num>颗胜利之星，每场战斗需使用<num2>个气球兵。
cb8eab0954d8fe22,TID_TUTORIAL_PETS_4,先试试为莱希找个搭档，把它指派给一位英雄吧！
9c69644115d3e3b0,TID_CLANGAMES_TASK_INFO_USE_SIEGERAMS,在联机模式中赢得<num>颗胜利之星，每场战斗需使用<num2>台攻城战车。
f9af288e265ebe3f,TID_BUTTON_UPGRADE_TROOPS,研究
ec0f1ae06f7c5721,TID_DIAMOND_BUNDLE_MAGICITEMS_BUILDING_BOOK_WITH_RESOURCES_INFO,• <booster1>本建筑之书\n• <res0>金币\n• <res1>圣水\n• 存放礼包中的物品不受最大储量限制！\n\n使用建筑之书立即完成任一建筑的升级！\n\n千万不要错过哦！
881d825a107fdc00,TID_MAGIC_ARCHER_ABILITY_HELP,超级弓箭手的箭矢可对路径上的多个目标造成伤害。
2fb3590bcb7d8031,TID_NPC8,恶鼠谷
47472ccbf60db669,TID_NPC_CHALLENGE_TH13_HYBRID_VALKYRIES,先派出<c54a0fe>瓦基丽武神</c>引出敌方的部落援军。
be534de1ac1465c0,TID_TARGET,箭靶
68808c57c43907f5,TID_CHARACTER_CHANGE_MODE_ACTIVE,模式切换
86210dfdaee0a6f8,TID_VILLAGE_ROWBOAT,建筑大师小船
7af9e79c0aee9696,TID_ERROR_POP_UP_LOGGED_FROM_ANOTHER_DEVICE_BUTTON,重新载入
6c2a1820adce0a18,TID_TRAP_SUPERBOMB_INFO,如果你想要的是一场大爆炸，那选巨型炸弹准没错。
5fd98a3904b5a5b5,TID_CHALLENGE_ATTACK_CODE,进攻代码：
93e77137a5f9d93d,TID_STARTER_TH3_INFO_JOINCLAN,加入部落，享受部落带来的各种福利，包括接收强大的部落援军！
adf0305e24799c6f,TID_CHARACTER_INFO_SKELETON_BARREL,鸟儿？飞机？都不是，这是坐在骷髅桶里的哈里、拉里、特里还有几个朋友，他们正飞向最近的建筑！
832c323212876705,TID_MAP_LOCATION_11,腐朽海
2d0d4bd997417a45,TID_TUTORIAL_WAR_LEAGUE_16,准备好了吗？前往商店使用联赛奖章吧！
087dddbe0799fe93,TID_CLANGAMES_TASK_INFO_USE_HOGGLIDERS,在建筑大师基地战斗中赢得<num>颗胜利之星，每场战斗需使用<num2>个野猪飞骑。
1ab0c8641e4edb07,TID_CLAN_JOIN_FAIL_CLOSED,该部落不对外开放！
6b56ab885169acbe,TID_CHESS_KING,象棋蛮王
f103857a86153bd9,TID_LEAGUE_CLAY1_SHORT,黏土1
9219d13773381511,TID_BUTTON_BOOSTS,加成
9b66ce97f28096b9,TID_CHARACTER_INFO_TOXIC_MINION,可远距离攻击目标，在暗夜中闪闪发光，于舞池中疯狂不已。
f067e210f6a4a5cd,TID_BATTLE_PASS_SEASON_END_TITLE,本次月度挑战已结束！
fb59e6d9e943527a,TID_GIFT_DIAMOND_PACK_3,一麻袋宝石和礼物
39bdc4c7ee0c4d72,TID_HINT_WIZARD_TOWER_TARGET,法师塔可以攻击陆空目标。
a268e4658e9c24d5,TID_CHARACTER_INFO_DRAGON,飞龙喷出的烈焰让人胆寒，这种恐怖的空中生物面对敌军毫不留情，任何人都难以逃出它的魔掌。
7ba39228e16a5856,TID_NOTIFICATION_WL_LEAGUE_STARTED,您的部落已加入部落对战联赛！
d55abcd27196c5fc,TID_BEST_ATTACK,最佳进攻：
7f5e1d5acf990454,TID_EVENT_STAR_BONUS,胜利之星奖励x<starbonus>
1f202776ed85ff79,TID_BB_ATTACK_GOLD_STORAGE_ALMOST_FULL_TEXT,建筑大师金币已接近存储上限，仍要继续进攻？
e1437377920c9e5a,TID_BOOSTER_PET_POTION_ALT_2_LINE,战宠药水
79eb2ac2eac02ee0,TID_LINK_NEW_DEVICE_GAME_CENTER_NOTE,注意：如果您只在iOS设备上玩，并使用您的苹果游戏中心(Game Center)账号，您不需要关联您的其它设备。只需用相同的Game Center账号登录。
c6df21a296eb6ebd,TID_NPC48,果子露塔
6987c5ee26e37aed,TID_SEARCH_TAB_PLAYERS,玩家
0c72148e6abba697,TID_BB_LEAGUE_THREE_STARS_PREFIX,3
a98c8812a429166a,TID_WARTOOLS_REMOVE_CLAIM,移除锁定
40a7fb2ca3ba245d,TID_TUTORIAL_ELIXIR_STORAGE_2,让我们来修建一个圣水瓶吧，这样就可以存储更多圣水了！
5aca2d78b2520c41,TID_CHALLENGE_NOT_AVAILABLE_IN_MODE_SCOUT,回营进行侦察！
0337b7918e59167f,TID_ACHIEVEMENT_DESTROY_WALLS,在联机模式中摧毁<number>块城墙
98f346bcf345256f,TID_BP_SCENERY_UNLOCKED,<scenery>场景已解锁！
9ad2f7f08e3f576b,TID_INFO_TARGET_TYPE_GROUND_AND_AIR,地面和空中目标
414028e0ddbc0343,TID_MAGIC_SCENERY,魔法世界
0c18393373a09e6e,TID_OFFER_ITEM_GIFTS,<c80d8e8>部落礼物：</c>
44e4e3ff7fa42640,TID_ERROR_POP_UP_OUT_OF_SYNC_BUTTON,重新载入游戏
079ca8fc96be9f76,TID_DECO_FOREST_2,树丛
0df5d47980181397,TID_ALL_TROOPS_USED,已经派出所有兵力
0f2b9971729223de,TID_INFO_TARGET_TYPE,目标：
75829b5fe52c3fe3,TID_DECORATION_BATTLEMACHINE,战争机器雕像
cb977fa7f166c199,TID_ACHIEVEMENT_LEAGUE_PROGRESS_1,进入水晶杯联赛
af9358e61a58edf4,TID_ADD_FRIEND_ERROR_TOO_MANY_REQUESTS_YOU,您发送的好友请求过多，请先移除一个请求再重试。
bf8568a382473e66,TID_ALLIANCE_LEADERBOARDS,顶级部落
357f0ffce2d4694f,TID_GEAR_TITLE_BARBARIAN_CROWN,野蛮人木偶
d9fed3af0ef3b2f8,TID_CHARACTER_SKELETON_BARREL,骷髅飞桶
4c3ad20f2bf2641c,TID_TITLE_CLAN_MAIL_SEND,发送邮件
ea33d458cf2673d7,TID_CHARACTER_INFO_HOG_RAIDERS,野猪骑士和野猪飞骑的完美结合，掀起一场野猪突袭派对！
02009639d312a6ce,TID_PETS_FEATURE,英雄战宠
078780db1222e109,TID_MORE_AVAILABLE_AGAIN_IN,已赢得今天的全部战利品！更多战利品请等待：
396e584f39149119,TID_BUILDER_HALL_1_INFO_SHORT,这里是你漂洋过海开启新旅程的地方，也是建筑大师的家。
93ca3fcc65e0d92a,TID_BUY_RESOURCE_PACK_TEXT,确定购买<count><resource>吗？
4690b4710709613e,TID_SKIN_ALREADY_OWNED,您已获得该皮肤
31d108e136e04344,TID_DECO_LAKE_8,大池塘
ba732243110d896e,TID_POPUP_REMOVE_REINFORCEMENTS_TEXT,您真的要移除这些援军吗？
db7ef2b9236c8430,TID_ERROR_POP_UP_SERVER_MAINTENANCE_TITLE,系统维护
70675658c3a4c14a,TID_CLANGAMES_TASK_DESTROY_TESLATOWERS,摧毁特斯拉电磁塔
a13fd6d44837d75c,TID_WAR_STATS_HEADER_FEATURED_BATTLES,经典战役
59dc3218b0696a96,TID_CLANGAMES_TASK_USE_SIEGERAMS,攻城战车破墙计
c60936482e55e6ae,TID_ALLIANCE_WAR_MATCHED_WAITING_OPPONENT,等待对手接受友谊战
5269b0bb6e50404e,TID_SINGLEPLAYER,单人模式
4e6fefc22e9a0d5d,TID_CLANGAMES_TASK_DESTROY_CANNONS,拆除加农炮
3a583a70a1f6b86e,TID_BOOSTER_FILL_ELIXIR_STORAGE_INFO,这件魔法物品仿佛能带来无尽的圣水，它能够立即使家乡的圣水达到最大储量。
ea57a50674f7e412,TID_CLANGAMES_TASK_INFO_DONATE_SPELLS,向部落成员增援总计<num>空间的法术。
2c5195b4b996a5d1,TID_BOOSTER_FREE_SPELL_UPGRADE_OFFER_INFO,<num>把法术之锤，可将任一法术立即升至更高一级
30fe901c2cc48a4d,TID_INFO_ACTIVATION_TYPE_UNIT_IN_RANGE,目标进入作用范围
cee28764520da8cd,TID_LABORATORY_UPGRADING,升级：
dd5271ebd93b1c62,TID_OFFER_PURCHASE_PENDING,正在购买...
867eafb1aef7116a,TID_HEALTH_RECOVERY,生命值恢复：<number>%
388acccb9fd1838b,TID_DECORATION_WAR_SHIELD,勇士雕像
dc80eca55bc6dcfa,TID_TUTORIAL_SHIP,首领，现在我们可以重建岸边的帆船了！
d3d978cd6e82f5c9,TID_HINT_GIANT_TARGET,巨人喜欢攻击加农炮等防御建筑。
53c9c5101603e03f,TID_DECO_GREAT_PYRE,烈火神坛
1debd86da2c67518,TID_LANGUAGE_OTHER,其他
6134710309c72fef,TID_CLANGAMES_TASK_INFO_WIN_HOMEBATTLES3STARS,在联机模式中赢得<num>场三星完胜。
5efeea2fb40a9004,TID_CLANPERK_DESC_DONATION_LIMIT_VALUE_SINGLE_SPELL,<troops>个援军，1个法术
67d14a80c8f56fbe,TID_DEVICE_LINK_ERROR_NOT_ATTACHED_TITLE_ANDROID,未与Google Play关联
601eaa0455c4f884,TID_LEGEND_SEASON_END_INFO_WITH_PRESTIGE,您的赛季排名是第<rank>名，获得了<prestige>个传奇奖杯！您的杰出表现已经记录到您的玩家简介中，所有玩家都能看到。
c69f881114d90459,TID_6ANNIVERSARY_OFFER_MAGICITEMS_RING_AND_GOLD_ELIXIR_INFO_1999,• <res0>金币\n• <res1>圣水\n• <booster1>枚壁垒之戒，可用于立即升级城墙（升级高等级城墙需要多枚壁垒之戒）\n\n• 存放礼包中的物品不受最大储量限制！\n• 该礼包可购买10次！\n\n限时生日礼包，千万不要错过哦！
a415274c0bdaa714,TID_LEAGUE_CLAY3,黏土联赛3
5900067160436853,TID_RAID_RESULTS_NO_ATTACK_FROM_ALLIANCE,上次突袭周末期间，该部落未发动进攻。
354c605a7e778b62,TID_TROOP_ALREADY_AT_MAX_LEVEL,该兵种已是最高等级！
694c7c9e2b8e170b,TID_COPY_LAYOUT_FAILED_NOT_IN_CLAN,尚未加入部落，无法复制部落都城阵型。
8baa7535cfea14b1,TID_YOU,您
263104f114d2c4bb,TID_INFO_UNIT_COUNT,<unit>数量：<number>
a31f04b678ce46f2,TID_HINT_SPELL_SPEEDUP,急速法术非常适合那些高伤害但移动速度缓慢的部队，比如气球兵和皮卡超人。
5d0da9c00d450d3b,TID_BUTTON_RATE_APP_LATER,稍后
25b561e059577fa2,TID_RESTART_REPLAY_BUTTON,重新开始
3b66aa5ef3992e82,TID_TUTORIAL_SHOW_STAGE_2_2,然后就发现了这个全新的洞穴，就等着放点东西进去了。
b501b14df3a49e9b,TID_LEGENDS_DEFENCE_LAYOUT_BUTTON,选择
48db8f595af2c272,TID_MAX_DPS,每秒最大伤害值：<number>
f07732bbb2bfcda0,TID_BUTTON_NOTE,备忘录
909ce26011352a5b,TID_FRIEND_FILTER_ADDABLE,好友请求
768a85b426deb758,TID_TROOP_SELF_DONATE_COMPLETED,援军已添加
bd333d76633c1fd9,TID_TREASURY_GOLD,宝库金币
9cca18f517223fd4,TID_CLANGAMES_TASK_INFO_GET_LEVELKILLS_VS_GRANDWARDEN,在联机模式中击败的大守护者等级累计达到<num>。
ed9d7a87f8332928,TID_TENCENT_DOLPHIN_ERROR_4,其他系统错误，请重启手机重试。
b34f5c4e5afa40e5,TID_ROGUE_KING,绿林蛮王
77e0514d008ad8c3,TID_GOBLIN_SPEAKS_1,咕噜咕噜！我跟你没完！
fb931394c3f02ff6,TID_LAYOUTS_INCOMPLETE,需首先完成阵型编辑
1a1ad9eea031384d,TID_STUN_TIME,瘫痪目标：<number>秒
3f9c441c125cedc8,TID_CLANGAMES_TASK_INFO_DESTROY_MV_BUILDINGS,在联机模式中摧毁<num>座建筑。
aae2474eff5dbc14,TID_POPUP_BREAK_GUARD_TEXT,解除村庄守卫后，其他玩家就能攻击您。确定要解除吗？
4160d7d112da661a,TID_CHARACTER_ELECTROFIRE_WIZARD_ACTIVE_INFO,激活时可在烈火和电击模式间切换。
bc6c2937eaf8c7cc,TID_PET_PHOENIX_INFO_SHORT,在关键时刻破壳而出，为英雄提供一线生机！
3a1da9dd8ba9f6bd,TID_LEGENDS_LEAGUE_DAY_STARTS,离下一个联赛日开始还有：
156229e134519773,TID_CAPBUILD_BARRACKS_MINION_INFO,多亏了新技术，小小亡灵如今已发展成亡灵大军！
8d02f98998f5eed7,TID_NPC25,黑曜石之塔
9f19f0160416f643,TID_POPUP_BOOST_GOLD_MINE,确定在<time>内使金币产量加倍吗？
035c631d95b1bc75,TID_POPUP_SPEED_UP_BOOSTER_CONSTRUCTION,您想使用<booster>立即完成<item>的建造吗？
03d3f272edd8c1af,TID_FEATURE_CLAN_WARS_DESC,和部落成员齐心协力击败对手部落，展现自己部落的强大实力，这就是\q部落冲突\q！
6dc20bc66314227c,TID_COPY_LAYOUT_FAILED_DISTRICT_MISSING,尚未解锁该阵型所对应的子城。
1e0b06070d244be7,TID_TRAP_HALLOWEENBOMB_INFO,哇喔！限时供应这款令人毛骨悚然的炸弹。
38191c2fe544f4ac,TID_WL_LEADERBOARD_BRACKET_POS1,小组第1名
6f3fb723fbdcb824,TID_HEALING_WAVE_INFO_SHORT,只要有需要，就能为您的部队迅速恢复生命值。
cf9a1192b8972e0e,TID_NUM_ATTACKS,进攻次数
9fdf19d2a86268d7,TID_CHARACTER_INFO_HOG_GLIDER_SHORT,像鸟一样自由，像野猪一样快乐。
089a06ede75c28df,TID_END_BATTLE_BUTTON,结束战斗
1d96b3bfbafa7cd7,TID_COSMETIC_ESTATE_3X3_THATCHED_HUT_INFO,住着野蛮人。这简陋小屋建起来快，燃起来更快。
e081be24e0df813f,TID_REQUIRED_DARK_SPELL_FORGE_LEVEL,需要<number>级暗黑法术工厂
f1ce5b16f782ae03,TID_PUSHER,弹射陷阱
1c7b8cc43bfb8d2d,TID_PERSONAL_WAR_PREFERENCE_SHORT,对战偏好
094ac8163e56f3c0,TID_TRAINING_INFO,点击并长按要训练的兵种，开始训练您的部队。
327da11653da301c,TID_BOOSTER_FILL_GOLD2_STORAGE_INFO,这件魔法物品仿佛能带来无尽的金币，它能够立即使建筑大师基地的金币达到最大储量。
004aaaa1449668a4,TID_CLANGAMES_TASK_WIN_STARS_VS_TOWNHALL_10,毁灭10本
5bd5517e75414af0,TID_BATTLE_BUILDER_FEATURE,防守建筑工人
5b8456bdd4bb363d,TID_LEAGUE_TITANIUM3_SHORT,钛金3
cfc305841aae30b0,TID_COMPLETE_NEXT_TASK_TO_UPGRADE,完成所有任务以升级。
725f02343756adda,TID_GEAR_HEALER_JAR,天使木偶
31659a0c73848244,TID_ARTO_TASK_UPGRADE_GENERIC,\n需要将<name>升至<level>级。
eb3db44e5020ecc0,TID_OPEN_TRAIN_SPELLS,配制
afbff4d6ed13c66f,TID_ACHIEVEMENT_WAR_LOOT_COMPLETED,通过部落对战奖励获得的金币总数：<value>
e1859f2346b95d18,TID_ALLIANCE_WAR_HAS_ENDED,您当前的部落对战已经结束！
f62b1961e1557430,TID_PET_POISON_LIZARD_ABILITY,腐坏吐息
e82bd7c64242a9fb,TID_BOOST_THIS_BUILDING,此<building>
a7ae668ffdf7d038,TID_MINER_QUEEN,矿工女皇
d665b87175736abd,TID_DIAMOND_BUNDLE_MAGICITEMS_BUILDER_BASE_BUILDING_BOOK_WITH_BUILDER_POTION_AND_GOLD_INFO,• <res0>建筑大师金币\n• <booster1>本建筑之书\n• <booster2>瓶建筑工人药水\n• 存放礼包中的物品不受最大储量限制！\n\n包含升级建筑大师大本营和防御建筑所需的一切！
3e1d792ee763e0d1,TID_CHARACTER_BABY_DRAGON_ACTIVE_INFO,激活时喷出一团火焰，造成<num>伤害。
4c895db3751c8911,TID_BOOSTER_HERO_POTION_INFO,这瓶强力药水会在<time>内暂时将所有英雄和战宠强化至您当前大本营所支持的最高等级。在家乡和建筑大师基地都可使用！
7a85e3959ec7cd2a,TID_CLANGAMES_TASK_INFO_DESTROY_BB_XBOW,在建筑大师基地战斗中摧毁<num>个<building>。
ed5cecb9a3822a7e,TID_EVENT_TITLE_NOOB_PACK_0099_0299,一次性助力礼包！
4e717b91e22be5e3,TID_GUIDANCE_WRONG_LOCATION,请在正确的位置部署兵种或法术！
343ca085dace6860,TID_ATTACK_COOLDOWN_AFTER_MAINTENANCE,暂时不能攻击其他玩家！
208aa4bd95edfb72,TID_CHAT_INFO,要举报不当言论，请点击该条不当言论消息并选择\q举报\q。
daf047e401837aa5,TID_TREASURY_BOOSTERS_DESCRIPTION,魔法物品拥有强大的力量，可以为您的村庄和军队提供各种加成，或帮助您立即完成项目升级。每种魔法物品可同时存放的数量有限。
deb7a51336bed6c4,TID_CAPBUILD_BLAST_BOW_INFO,树干那么粗的箭有多危险？\n爆炸强弩的出现让这个古老的问题有了答案，那就是：毫不意外，非常危险。
daa2aaec2b59fcf3,TID_HINT_XBOW_TARGETS_1,您可设定十字连弩攻击小范围内的地面和空中目标。
49c2f06a22606295,TID_BUILDER_HALL_6_INFO_SHORT,该去看看那块巨石后面有什么了。
7d48b87f8b379e3f,TID_CHARACTER_INFERNO_DRAGON_INFO,地狱飞龙不会因为落单而狂暴，因为它学会了将怒火转化为一道烈焰射线，而且射线造成的伤害会随着时间递增！
91e888160f42de3d,TID_DIAMOND_BUNDLE_TH12_INFO,• 1级攻城机器工坊\n• <res0>暗黑重油\n• <res1>金币\n\n礼包中的建筑无需花费建造时间，存放礼包中的物品不受最大储量限制！获取攻城机器工坊，立即建造攻城机器！\n\n该<cffec78><value>倍超值礼包</c>只可购买\n一次，千万不要错过哦！
cb2ffbf5532399a5,TID_WAITING_FOR_DUEL_NOTIFICATION,一名玩家准备好进行建筑大师基地战斗了！
08f7d070b53593d5,TID_ACHIEVEMENT_TOWN_HALL2,将建筑大师大本营升至<number>级
af7df2edc915151b,TID_NPC_CHALLENGE_TH7_HOG_BARBARIAN_KING,派出您的<c9916c8>野蛮人之王</c>对付敌军蛮王，保护您的<c54a0fe>野猪骑士</c>免遭碾压。
7ba1f44230ab00fd,TID_ATTACK_FAIL_NO_MATCHES,无法找到可进攻的村庄！
dfd3e79ca251530c,TID_CHALLENGE_TITLE,友谊战
a5388133869cad48,TID_WAR_LEAGUE_STATS_TITLE,部落对战联赛历史战绩
2c16066ccde1959e,TID_CLANGAMES_TASK_USE_BABYDRAGONS2,飞龙宝宝迷魂计
d8ad06e8bde24ea3,TID_BATTLEPASS_TASK_INFO_USE_BOWLERS,在联机模式中使用巨石投手赢得<num>颗胜利之星。
44029189316a2f09,TID_CAPITAL_VISIT_DISTRICT_FAILED,无法参观部落都城
35db93be730a4aa1,TID_HOG_GLIDER_ABILITY_HELP,撞击目标后可使其瘫痪<num>秒。
67db59aff7f8859e,TID_INVALID_PLACEMENT_CAPITAL,在白色区域内部署部队！
778034ec3607c84d,TID_PUSHER_INFO,将敌军地面部队弹向您设定的方向。走你！
0f2aae697c1965df,TID_TAB_SETTINGS,设置
9c0f8898b82dc094,TID_TENCENT_REFUSE,拒绝
42f7bb8ba1817cbf,TID_CLASHMAS_SLEIGH,欢乐雪橇
3f29d3e5b11619e9,TID_TUTORIAL_OUTPOST_INTRO_2,噢，奥仔是谁？
dd7433e911e029da,TID_WIZARD_TOWER_INFO_SHORT,几颗魔法火球便能熔化所有部队。
2e22a97d35a2aa95,TID_CLANGAMES_TASK_INFO_DESTROY_EAGLEARTILLERY,在联机模式中摧毁<num>个<building>。
a8e0565f28bd0f5f,TID_INFO_RANGE,范围：
f89c64315eacb210,TID_LAYOUTS_ACTIVE_BASE,启用的基地阵型
acb9ff5ed574f8a1,TID_FRIENDLY_ZONE,我军阵地
4dbef8b9ee980eb0,TID_NO_TROOPS,您需要先训练一些部队。
06956184039b051d,TID_CLANGAMES_TASK_GET_LEVELKILLS_VS_ROYALCHAMPION,悬赏战神
06e58e75b6f2c4f6,TID_STAYS_AT_TEXT,保持在
d57416d5aa6e5de4,TID_LEAGUE_EMERALD3_SHORT,绿宝石3
f53295c7f89f625f,TID_NPC_DEPLOY_STEPS_ON_TEXT,在使用教程的情况下重玩当前关卡？
52abbc61aa18d6bc,TID_BATTLEPASS_TASK_WIN_BATTLES_USING_FREEZE,冰天雪地
e4b8788a713f2e52,TID_USE_ATTACK_CODE_BUTTON,使用挑战代码
03851dc7a9f58896,TID_ALLIANCE_WAR_STAT_NUM_1STARS,1星胜利
5f5629d3a8cfe23a,TID_LINK_SAME_PLATFORM_TITLE_KUNLUN,同步您的游戏进度
36739b58472d0060,TID_NPC_CHALLENGE_TH13_HYBRID_SIEGE_BARRACKS,在<c54a0fe>戈仑石人</c>后方部署<c54a0fe>攻城训练营</c>。
ac4514447109c5b0,TID_TENCENT_DOLPHIN_DOWNLOADING_70,安装包更新
83d0f36cf3183681,TID_TRANSITION_WAR_PREPARE,准备日
066202c5129fbfe0,TID_PARTY_QUEEN,派对女皇
754207ff1d119563,TID_SLOW_ATTACK,攻击速度降低：<number>%
7c8353c62837945e,TID_BUTTON_ATTACK_MODE_AIR,空中模式
b7cc26e1ad5e9ef0,TID_BATTLEPASS_TASK_INFO_USE_MEGAPEKKA,在建筑大师基地战斗中使用雷霆皮卡赢得<num>颗胜利之星。
16ac69901a9c53a1,TID_CLAN_MEMBER_NOT_DOING_CHALLENGE,<name>目前没有正在进行的挑战。
7abce0511d416a3d,TID_CAPITAL_PLAYGROUND,都城练习场
4559a431f9d8331d,TID_HOG_WIZARD_ABILITY_HELP,这个脾气火爆无比的家伙会对附近敌人造成伤害！
9b87c4b0feadc7a9,TID_POPUP_CANCEL_UPGRADE,确定取消升级<item>吗？取消后只会返还<number>%的费用。
dba3f43a1873cc35,TID_ADDITIONAL_DAMAGE_PER_TARGET_HP,额外伤害：<number>%
7fad8a01b0cf8573,TID_VICTORY,胜利
a4e0118b9bd996e6,TID_WARDEN_OF_THE_NORTH,北境守护者
875137bfa0b70cb7,TID_RESEARCHER_MENU_ALL_UPGRADED,已完成全部升级
e23d233564a64914,TID_TENCENT_LOGIN_PROMPT_BLOCKED_WECHAT,根据防沉迷系统最新规则，游客登录的用户无法进行实名认证，15天内只能累计游戏1小时。\n\n您的账号之前已经绑定了微信。要继续游戏，我们强烈建议您继续使用微信登录游戏以完成实名认证。
81d4340ceb3a2b41,TID_TOTAL_TRAINING_TIME,总时间：
3a1df56f249b8e6e,TID_EDIT_MODE_BLOCKED,被障碍物阻挡的建筑物已被移至您的仓库
0879f0ec44e4256f,TID_ALLIANCE_WAR_EVENT_25PERCENT_DESTROYED,摧毁25%！
84e45ea7b60baf95,TID_DIAMOND_BUNDLE_MAGICITEMS_BUILDING_BOOK_AND_HERO_BOOK_INFO,• <gems>宝石\n• <booster1>本英雄之书\n• <booster2>本建筑之书\n• 存放礼包中的物品不受最大储量限制！\n\n建筑工人都在忙？资源太多但时间不够？有了这个魔法书礼包，您将可以立即完成一个英雄和一个建筑的升级！\n\n千万不要错过哦！
28a8ce11231767b3,TID_PROMOTE_TO_ADMIN_CONFIRMATION_TITLE,确定晋升吗？
b8df81b0a70a3c0d,TID_REQUIRED_BARRACK_LEVEL,需要<number>级训练营
3b92e22051058f82,TID_CAPACITY_LEFT_INDICATOR_TEXT,剩余空间
05c457d90564a76a,TID_PRESET_LOAD_FAIL_LOCKED_TROOP,所需的部分军队建筑正在升级中
2dbb4a92d2356034,TID_DECO_CWL_SHIELD,联赛护盾
d616ad851b0c06d1,TID_BUILDING_WALL,城墙
e9f54417cf0cc705,TID_CAPITAL_RAID_ATTACKER_LEFT_THE_CLAN,您在其他部落时已发动过进攻
faf119e461eefea9,TID_CAPBUILD_BARRACKS_HOG_RIDER,野猪突袭队训练营
df7b1f1cb8931081,TID_LAYOUTS_WARBASE,战争基地
10478b57a1c17a82,TID_SIEGE_MACHINE_INVISIBLE,
d69fde53bc29a5bd,TID_LEAGUE_WOOD1,木头联赛1
c648ecd4d06b5a1b,TID_NPC57,禁飞区
24163a77c6ea0b44,TID_CLANGAMES_TASK_INFO_USE_HEALERS,在联机模式中赢得<num>颗胜利之星，每场战斗需使用<num2>个天使。
b58729a0d79ec7ad,TID_WAR_DONATE_FULL,该玩家无法接受更多增援部队
571cbe27ab7f20f6,TID_BUY_PRIZE_SHOP_ITEM_MULTI_HEADER,购买<num>x<item>？
1026716955feca88,TID_GAMES_OVERVIEW_TEXT,在部落竞赛中，您和部落成员通过完成各种挑战来赢取积分。您的部落赢得的积分越多，部落竞赛结束后您和部落成员获得的奖励也越多。记得鼓励所有部落成员一起参加：参赛人数越多，解锁更多奖励的机会也越大！
2fc775cd1a7abab2,TID_OFFER_NOT_AVAILABLE,暂无优惠
20c13faeadf5be26,TID_ALLIANCE_WAR_TOTAL_DESTRUCTION,<friendly>总摧毁率<enemy>
b35d59dd2722b02a,TID_ALLIANCE_INVITATION_OK,已成功发送邀请。
5cc4e3e7611d24fb,TID_CLANGAMES_TASK_USE_NIGHTWITCHES,暗夜女巫蝙蝠战
c01ecbad8ef07ebc,TID_DIAMOND_BUNDLE_RED,(英雄礼包)RED
beb5a643bac94b7c,TID_SPELL_FACTORY_VOUCHER_CLAIM_FAILED_UNKNOWN,出错了，请稍后重试。
039d5075aaa5c900,TID_SHOP_CATEGORY_FLAGS,旗帜
64ee11d89c3eeccf,TID_MAP_LOCATION_23,建筑工人巨石
51a15f1c6d20facc,TID_WIZARD_STATUE,法师雕像
1489873a138eb16b,TID_LINK_NEW_DEVICE_NEW_BUTTON,这是新添设备
43e85f83423b8e3c,TID_ALLIANCE_GAMES_CLAN_TAB,部落
c4b49c5c0b8e519b,TID_NPC55,魔法实践
624242b5bcd72c58,TID_PRESET_LOAD_FAIL,训练队列空间不足
d5020e00b1538b88,TID_CLANGAMES_TASK_INFO_USE_SUPER_GIANTS,在联机模式中赢得<num>颗胜利之星，每场战斗需使用<num2>个超级巨人。
ddcac21b45f65424,TID_CLANGAMES_TASK_DONATE_SPELLS,增援法术
bea9c70cd22611e3,TID_FRIEND_FILTER_REQUESTS,搜索玩家
3e9e2ac33221b603,TID_ERROR_POP_UP_CONNECTION_FAILED_BUTTON,重试
1fe0f87d44daa6b8,TID_PUSH_WAR_2,与<data>的部落对战已经开始！
e5db2d79c2fe265d,TID_GAMES_GET_GEM_ALTERNATIVE_TITLE,仓库已满
72a422b9e517af22,TID_SETTINGS_LANGUAGE,语言
19e2e31da2697399,TID_REPORT_PROFILE_IMAGE_NOTIFICATION,已举报该头像！
381ab1fbe34b64c1,TID_TROOP_UPGRADE_TIME,总时间：
afc2a3dccc6f97dc,TID_ACHIEVEMENTS_INFO,苹果游戏中心(Game Center)中也会显示您的成就
8c27292d3b470ef2,TID_ALLIANCE_DEFAULT_MAIL_MESSAGE,部落成员请注意：
83693488c139818a,TID_DIAMOND_BUNDLE_MAGICITEMS_STRENGTH_POTION_ONLY_INFO,• <booster1>瓶力量药水\n• 存放礼包中的物品不受最大储量限制！\n\n发挥军队最强实力，尝试新的兵种组合！\n\n千万不要错过哦！
a1ebf0fa91efafea,TID_OVERQUEUE_HELPER_TROOPS,当您的兵营有剩余空间时，这些兵种将会自动补充至军队！
d20e72b9fc0b1872,TID_CHARACTER_SIEGE_BATTLE_DRILL_INFO_SHORT,从地底发动突袭，瘫痪防御建筑。
cf8723a5a9ee3ae9,TID_CONFIRM_ALLIANCE_GAMES_DISCARD,如果您放弃这项挑战，您需要等待<time>才能开始新的挑战。
a3863da8d84b6b76,TID_ALLIANCE_DONATE_BUTTON_RETURN,返回
808704ffe084ad4a,TID_LEAGUES_III,3
3cbf7d74fbfaf4ef,TID_TUTORIAL_WAR_BATTLE_1,我们将在战斗日攻击！这里不存在护盾，也不会有奖杯得失，胜利是唯一的目标！
7291124bcd8d1943,TID_ACHIEVEMENT_DESTROY_MORTARS_COMPLETED,总共摧毁迫击炮：<value>
7d7c1e6eb94026e4,TID_CLANGAMES_TASK_INFO_GET_KILLS_VS_ARCHERQUEEN,在联机模式中击败敌方弓箭女皇<num>次。
e289fbb9898afa7e,TID_ABOUT_FACEBOOK,Facebook
e3e9cf1e749761f5,TID_SUPER_MINION_ABILITY_NAME,远程狙击
c7c8a5fa6253ba17,TID_CAPBUILD_AIR_DEFENSE_INFO,防空火箭是歼灭敌军空中部队的利器，可惜它不能攻击地面上的敌人。\n请巧妙部署防空火箭，最大限度保护您的领空。
c6c07006f40686af,TID_CLAN_WAR_LEAGUE_SIGNUP_EXPIRY,离联赛报名结束还有：<time>
04a676f57103bfd1,TID_PUSH_ATTACKED,您的村庄被<attacker>袭击了！
f3ad12c74ad0738a,TID_BOOSTER_BOOST_RESOURCES_ALT_2_LINE,资源药水
61eb72120742006d,TID_CLAN_GAMES_TASK_CLAIMED_ELSEWHERE,另一名部落成员已领取该挑战
f68a3b12f4cab422,TID_LEAGUE_COPPER5_SHORT,红铜5
08ed1e8e9be2e94c,TID_ARMY_USED,已投入的军队：
8dbdf6172b6423be,TID_LOOT_AVAILABLE,可获得的战利品：
dd52fa8c7def1819,TID_MATCHMAKE_VILLAGE2_TITLE,建筑大师基地战斗
6efcb47fc74c6ad7,TID_CHAT_WELCOME,由于技术原因，我们需要暂时关闭公众聊天功能，很抱歉给您带来不便，敬请理解！
555f66769b31a316,TID_POPUP_TEXT_REPLACE_LAYOUT,确定要替换现有阵型吗？
4e72d83caf7b568a,TID_V2_START_DUEL_ALREADY_IN_MATCHMAKING,正在匹配中，无法进行新的匹配
bf3228cceab35abe,TID_REVIVE_TIME,复苏持续时间：<number>秒
37ade3b3f11349ca,TID_RAID_WEEKEND_STARTS_IN,离突袭周末开始还有<time>
bc2d47d762e8520b,TID_CONFIRM_FINISH_TRAINING,使用宝石立即完成训练？
7c94cbdde30cb2a1,TID_WL_SEASON_NAME_SHORT,<month>赛季
8c65a5e4efd27907,TID_BATTLEPASS_TASK_WIN_STARS_USING_FREEZE,冰天雪地
35bc0d014587ee30,TID_SPELL_ALREADY_AT_MAX_LEVEL,法术已升到最高等级！
a07ed2abe1d8f089,TID_GAMES_TASKS_HEADLINE,挑战
b93139d9c7a4a497,TID_ENDOFSEP_OFFER_INFO_TH0206_0999,• <booster1>瓶建筑工人药水，可在1小时内将建筑工人的工作速度提升至原来的10倍\n• <booster2>瓶力量药水，可在1小时内将部队和法术强化至您当前大本营支持的最高等级\n• <res0>金币\n• 存放礼包中的物品不受最大储量限制！\n• 该礼包在显示期间可购买4次！\n快来加入金秋酣战吧！
0e7f22bd29bd16e3,TID_CHARACTER_BIG_BOY,大宝宝
166cc6f7c1150b6b,TID_PAINTER_QUEEN,粉刷匠女皇
14bc2fee0cdbcc46,TID_CHARACTER_INFO_GIANT_SKELETON,骷髅巨人从小就骨骼粗大，他能炸毁的可不只是城墙。被消灭后，他的超大炸弹能对周围的一切造成伤害。
c49815a97a3db6d7,TID_HINT_WIZARD_TOWER_DAMAGE,法师塔发出的火球可以对目标区域内的多个目标造成伤害。
8d3d9db9178f0654,TID_TRAP_FREEZE,冰冻陷阱
e044595de712f716,TID_EVENT_DONATION_INFO,增援只需1宝石！
fc0b8eb8ff3fdd12,TID_LAVA_LAUNCHER_INFO,它向很远的地方发射熔岩团，点燃地面。让敌军地面部队尝尝灼烧的滋味！
d670a36053c62f60,TID_FRIENDLIST_FILTER,筛选条件：
865a978f1b04f81c,TID_EVENT_PASS_PACKAGE_INFO,购买活动令牌有机会获取更多奖励
a0bfe97b79930478,TID_SHIELD_INFO,长期防御！护盾能保护您的村庄免遭攻击，不过如果您发动进攻，护盾的有效时间将会减少。如果您购买多个护盾，那么护盾的持续时间会叠加。
dc2d893fe3f20d20,TID_BUY_MISSING_RESOURCES_TEXT_TWO,购买缺少的<count><resource>和<count2><resource2>？
ba717878f919ea69,TID_SPELL_FACTORY_VOUCHER_CLAIM_SUCCESS_TEXT,<message>
8ce75697284239f7,TID_ADVANCED_SEARCH_BUTTON_LESS,隐藏高级选项
5d6d92f5f77f610d,TID_CHARACTER_RAM_RIDER,蛮羊骑士
7fabde8d3b70441c,TID_ACHIEVEMENT_DONATE_UNITS_COMPLETED,总共派出援兵：<value>
eb6c3e01a0932b28,TID_CLAN_ADVANCED_SEARCH_RESULTS_WITH_NAME,显示关于\q<name>\q的高级搜索结果
41cc0adf710cac49,TID_CLAN_RECRUITMENT_OPT_IN_ITEM_TITLE,更希望部落向您发送邀请？
d47c8d01592dbe39,TID_NPC6,淘金热
631994293d4c00ba,TID_REGULAR_THEMED_PREPARE_OFFER_INFO_TH0712_9999,• <res0>暗黑重油\n•<res1> 金币\n• <booster1>本英雄之书，可用于立即完成任一正在进行的英雄升级\n• <booster2>本法术之书，可用于立即完成任一正在进行的法术升级\n\n• 存放礼包中的物品不受最大储量限制！\n• 该礼包在显示期间只可购买1次\n• 立即升级您的英雄、部队和法术！
f18c07a64204a96f,TID_TUTORIAL_SEASON_CHALLENGE_3,还有一种新的\q特权\q奖励，一起来看看吧！
4fdaa50bb2770bf0,TID_WL_WAR_TITLE,第<x>场对战
0e6ea5888600be08,TID_MORE_WECHAT_SERVICE,
90f2644ceb6543c1,TID_CHALLENGE_EVENT_ENDED,挑战活动已结束
eb0a7f882ba29464,TID_PERSONAL_WAR_PREFERENCE_OUT,退出
e0c4d259d4241173,TID_TUTORIAL_CLANGAMES_2,准备好参加竞赛了吗？好了的话就进来瞧瞧吧！
f44a4c0b4f89ef1c,TID_RESOURCE_BOOST,资源加成
e0cdccdee00deeee,TID_EVENT_BOOST_GEM_AMOUNT,1x
de72e8564351ccf3,TID_SIGN_MESSAGE,!
a057089d18a4a239,TID_INFO_POP_UP_TOS_PP_NOTE_KUNLUN,《部落冲突》是一款免费游戏，但是您可以通过应用内购买加速游戏进度。点击确定以接受我们的条款与隐私保护政策。
dfb3542b7194b3ab,TID_BP_MULTIPLE_REWARD_FORMAT,<reward>x<num>
347b1b0e9157955c,TID_DIAMOND_BUNDLE_BH6_ALT,建筑工人专家礼包
9af2909a060a92b0,TID_LEAGUE_II,2
e11f0f339a92187f,TID_EXISTING_PLAYER_PRIVACY_SETTINGS_ADVISORY,游戏中新增一项个人信息设置，该设置目前已开启显示。您可前往游戏内设置 -> 更多设置中进行调整。
8e5c9257157af043,TID_TENCENT_DOLPHIN_ERROR_5,模块其他错误，请重启手机重试。
13a3a1924981c801,TID_LEAGUE_RUBY3,红宝石联赛3
59924e4847a38f63,TID_DEVICE_LINK_ERROR_CODE_CURRENT_VILLAGE_TOO_HIGH_TEXT_TENCENT,您的村庄已与您登录的账号永久关联。\n\n该村庄已发展到一定规模（大本营达到<level>级或者进行过游戏内购），因此该村庄不能被覆盖。
7a99f263b4b64811,TID_LEAGUE_MASTER2,大师杯联赛2
6e0d1495e675271b,TID_DIAMOND_BUNDLE_TH10_INFO,• <gems>宝石\n• <res0>金币\n• 1级地狱之塔\n\n礼包中的建筑无需花费建造时间，存放礼包中的资源不受最大储量限制！\n\n该<cffec78><value>倍超值礼包</c>只可购买\n一次，千万不要错过哦！
6b3226864d8b6f6d,TID_WAR_BASE,编辑战争基地
3e45b102b28a2d71,TID_TRAIN_SPELL_STORAGE_FULL_INFO,升级法术工厂以获得更大容量
1c7e5893537958da,TID_PET_SHOP_UPGRADING,战宠小屋正在升级，暂时无法升级战宠。
63abea2e1debcf41,TID_BP_REWARD_AVAILABLE,该奖励已解锁，等待收集。
5dda0f1ab29ca510,TID_DARK_ELIXIR_BARRACK_INFO,暗黑训练营将向源于暗黑重油的生物敞开大门。升级暗黑训练营解锁更多有独特战斗力的部队。
48488fd9ac2e9438,TID_VIEW_PROFILE_BUTTON,更多信息
2859946f91547900,TID_SHOP_CATEGORY_SKINS,皮肤
a389654d8d8979f4,TID_DECO_HILL_6,小山峰
be4fb753cc5d2d93,TID_DIAMOND_BUNDLE_TH6_ALT_UPDATED_INFO,• <res0>金币\n• <res1>圣水\n• <gems>宝石\n\n存放礼包中的物品不受最大储量限制！\n\n该<cffec78><value>倍超值礼包</c>只可购买\n一次，千万不要错过哦！
63a8d2b227dc3ab0,TID_ALLIANCE_REJECT_MESSAGE_TITLE,拒绝：<name>
da20c2e25d8aa43c,TID_TUTORIAL_ACHIEVEMENTS,如果您想挑战更多成就，请点击此处查看。
14b321fcadee0bcf,TID_GOLD_PASS_PURCHASE_INFO,购买本赛季黄金令牌，即有机会解锁以上奖励和更多精彩内容！
0a3adafff98376d7,TID_HERO_ABILITY_SUMMONED_UNITS_LEVEL,被召唤单位等级：<number>
8399bddaa9b03029,TID_CLAN_TAG_TALKATIVE,发言踊跃
c6a89b9e2ff4022b,TID_HINT_REPLAY,您可以从战斗日志中观看战斗回放！
520e843b71b0dd9a,TID_RAID_WEEKEND_REWARDED,您获得了
748f876700341681,TID_ACHIEVEMENT_DESTROY_TOWNHALL_TITLE,攻城拔寨
db0d7e21d959a5bd,TID_REENGAGEMENT_APOLOGY_5,对不起，首领，刚刚把您当成了哥布林。
8814aed071cefd02,TID_SPELL_STORAGE_BREWING_CAPACITY,配制容量：<number>
2ebea5b911812e1f,TID_CLAN_SHOW_ONLY_JOINABLE,只显示我能加入的部落:
9197273627584095,TID_KICKED_FROM_ALLIANCE_NO_MSG,您已被踢出部落。
16f2409d2c2c60e3,TID_NAME_CHANGE_IN_PROGRESS,名称更改正在处理中，暂时无法再次更改。
df5a9a64c6a44d12,TID_STARTER_TH2_LOOTGOLD,抓金能手
af7993a69af92f97,TID_BUILDING_CANNON2,加农炮
9f170b1aecd5e9c5,TID_LEAGUE_BRASS1_SHORT,黄铜1
d6b3d7f75413cbd9,TID_BUILDING_HOUSING,兵营
84581e908e9067d8,TID_BONUS_GEMBOX,宝箱
a551b48e0986f895,TID_BUY_SHIELD,购买护盾
4cd6b68605350200,TID_SIEGE_MACHINES_OVERVIEW_TEXT,攻城机器为您带来了部署部落援军的全新方式。相比在村庄外围部署援军，攻城机器可以直接将援军运送到敌军村庄核心地带。您可以在攻城机器工坊中建造攻城机器，也可以请求部落成员为您增援攻城机器。请注意，您的部落城堡必须达到6级才能接收攻城机器。
c79e848042905cbd,TID_ACHIEVEMENT_DESTROY_BUILDER_COMPLETED,总共摧毁建筑工人小屋：<value>
a29c22233057666c,TID_CAPITAL_ARMY_SAVE_PENDING,都城军队正在保存，请稍候。
6bfd1c6f0c805597,TID_BB_LOOT_CART_EMPTY_LIST_TEXT,暂无全新防御奖励。您每发起一次进攻都会进行一次防御。
fa0334196b04c2ac,TID_CLAN_GAMES_EXPIRED_TASK,选择
b55c9e7f0743d304,TID_ACHIEVEMENT_DESTROY_TOWNHALL,在联机模式中摧毁<number>座大本营
c372769d24fcd26b,TID_REMOVE_SPELL_MESSAGE,法术已移除
a2db9a66a78beed9,TID_BUILDING_MULTI_MORTAR,多管迫击炮
6a7c754301a98c3e,TID_CAPITAL_PLAYGROUND_JUMP_2,<c85ff3b>弹跳法术</c>还能让部署区域扩大。在这里施放法术。
0377a409959bcc54,TID_STARTER_TH5_INFO_DESTROYANY,在联机模式中摧毁<num>个任意建筑。
a569f9cf8be61048,TID_HINT_SPELL_POISON_CLOUD2,您的部队可以更有效地攻击处于伤害药水法术影响下的部落援军。
cb387e7d8507258c,TID_HINT_NAMECHANGE,您不能随意更改村庄名称，否则您的村民会找不到回家的路！
de246b06ecb4dc8f,TID_CHALLENGE_SWITCH_LAYOUT,当前阵型
2e5d3e55f4535ea5,TID_LAYOUTS_REBUILD_CLAN_CASTLE,您必须先重建您的部落城堡
94c686770d1050b1,TID_PREVIOUS_BEST,此前最佳记录
bf5bea8cefbb32bd,TID_CLANGAMES_TASK_DESTROY_DARKELIXIRPUMPS,捣毁暗黑重油钻井
18895f4e272219ba,TID_DECORATION_LEAGUE_III_STATUE,挑战者雕像
7cbc7df0323be1a6,TID_HERO_BOOST,英雄加成
ba1f6bad573bf5c5,TID_EVENT_CHRISTMAS_SPELL_UPCOMING,部落冲突圣诞节第一天
35e5eb725a69a77b,TID_UPGRADE_INFO_SPECIAL_ABILITY,解锁特殊技能：<name>！
cf6be4097bc6e589,TID_RESOURCE_CAP_FULL_GOLD,建造更多储金罐或升级已有的储金罐！
b81002ac68aa4830,TID_HERO_ABILITY_SUMMONED_TROOP_TYPE,召唤兵种：
adb7a4825d8ba40f,TID_SPECIAL_OFFER_EASTER_LIMITED_9999,春季特惠
5e66654f54608254,TID_CHALLENGE_WAIT_HEADER,等待部落成员进攻您的村庄！
6f27a9eb1d74851b,TID_CAPBUILD_SPELLLAB_FREEZE_INFO,配制一桶桶冰霜法术。如果要来参观，最好穿暖和点！
59ff46c4406fa014,TID_BP_PERK_MULTIPLIER,<num>倍\n<perk>
9f52820a060a92b0,TID_LEAGUE_IV,4
38191c292544f1b8,TID_WL_LEADERBOARD_BRACKET_POS5,小组第5名
dfc3469efecc2b97,TID_NPC_CHALLENGE_TH11_LAVALOON_MINIONS,派出<c54a0fe>亡灵</c>清场！
d73cd6d6853f0f9e,TID_NPC_QUEEN_HEALTH_LOW,<c9916c8>弓箭女皇</c>的生命值在减少，快激活她的技能！
1dd735aaaa7c6570,TID_JUMP_SPELL_INFO_SHORT,既然可以跃过城墙，为什么还要穿过去呢？
21ce5ff9dcc259c7,TID_EVENT_ARMY_BOOST_INFO,部队训练加速至原来的4倍！\n\n只需1宝石即可加速部队训练。
96af28a0df0a440d,TID_HALLOWEEN_2016_TITLE,
36cea642cd6f4937,TID_DIAMOND_BUNDLE_TH13_ALT_INFO,• <res0>暗黑重油\n• <res1>金币\n• <res2>圣水\n\n存放礼包中的资源不受最大储量限制！\n\n该<cffec78><value>倍超值礼包</c>只可购买\n一次，千万不要错过哦！
26d5a67803024596,TID_BATTLEPASS_TASK_WIN_BATTLES_USING_BETAMINIONS,异变力量
5b979fe25e2a321b,TID_CHARACTER_INFO_SIEGE_MACHINE_CATAPULT,这架可爱的攻城机器能投掷出多个烈焰精灵，不仅会给敌方村庄造成重击，还会留下一片持续燃烧的区域。攻城烈焰车的攻击范围很远，足以让自己在攻击时远离危险，但要小心攻击范围更远的防御建筑和陷阱！法术对攻城烈焰车无效。
c0561c7687bda805,TID_ARTO_BUILDING_INFO,小屋里住着建筑大师的最新发明——奥仔，这里也是他充电的地方。奥仔小屋升至最高等级后，奥仔会成为建筑大师基地的第二个建筑工人，从此建筑大师可以自由往返两座村庄！
8dab84f0183bc852,TID_TUTORIAL_SHIP_ARRIVE_FIX_VILLAGE,我们运气不错，首领！我们可以修复那些旧建筑作为栖身之所！
2c34192007087810,TID_CLANGAMES_TASK_WIN_STARS_VS_TOWNHALL_7,完胜7本
2e6f7547fd7b9645,TID_UNITS_LEFT,还剩<number>
6a255539747c084b,TID_LOCAL_NOTIFICATION_EVENT_6TH_ANNVERSARY_PACK,首领，《部落冲突》6周岁啦！快来看看6周年专属生日礼包吧！
aa5cb498e3d1f0eb,TID_CLANGAMES_TASK_INFO_DESTROY_BB_DOUBLECANNON,在建筑大师基地战斗中摧毁<num>个<building>。
53fd0fdb6f921b46,TID_NUMBER_EIGHT,8
4deb16a6751c9b2b,TID_UNCLOK_FROM_LABORATORY,从实验室解锁
6de729de41289cd3,TID_PET_SPIRIT_FOX_INFO,灵狐生性极其害羞，最喜欢独自待在村庄外的树林里。被召唤到战场时，灵狐会与它的英雄并肩作战，并帮助其隐身。
e65cdef51430728e,TID_BUTTON_INFO,信息
2a50d0f4a097e892,TID_CHARACTER_ELITE_GOBLIN,隐秘哥布林
7420adcc878b175f,TID_EL_PRIMO,艾尔·普里莫
ede27f918799b97d,TID_SINGLE_PLAYER_LEVEL_WARNING_HEADER,请注意！
3a6ae28bac99122e,TID_BUILDING_CRUSHER,撼地巨石
6e9463d60277692e,TID_BOOSTER_FREE_SPELL_UPGRADE_ALT_2_LINE,法术之锤
fb9c01ec0db9bc97,TID_TUTORIAL_RUINS_4,更多建筑意味着你在打造坚固防御和发起强力进攻时有更多选择。
2355be016ab585b2,TID_CANCEL_WAR_ARRANGED_MATCHMAKING_CONFIRMATION_TEXT,确定取消部落友谊战邀请吗？
5f75d62218761a1a,TID_CHALLENGE_FRIEND_TITLE,挑战好友
f176e3c1abad815c,TID_OBSTACLE_BIRTHDAY2020,8周岁生日蛋糕
18e81b5fd0e11d7f,TID_ATTACK_FAIL_LEVEL_DIFFERENCE,等级相差超过<level>级，无法攻击！
1ee4add4cadb0f7c,TID_ALLIANCE_WAR_PREPARE_FOR_WAR,准备作战！
2bc2d9d046ee5602,TID_BUTTON_REPAIR_TRAP,重新布置
ad76d068c12ae44c,TID_WL_STARS_BREAKDOWN_TEXT,进攻获得：<num>\n部落赢得战斗日获得：<num2>
70c1b5aab2ac146e,TID_SUPER_TROOPS_UNLOCK,超级部队在<num>级大本营解锁
489518c49c125dcb,TID_NO_EVENTS_CONTENT,暂无活动安排。\n请稍后再次查看！
0498c6695c567b22,TID_PLAYER_TAGS_SELECTED,<num>/<max>
c5179bf58f5c4bee,TID_ALLIANCE_SEARCH,搜索部落：
daac1f42c4b36be7,TID_CHARACTER_INFO_GHOST,透明的皇家幽灵很难被人注意到，他为此很苦恼，因此决心大肆破坏来找回应有的存在感。皇家幽灵实在太透明了，有时候连城墙都不会阻拦他！
e22b7f885b4529c9,TID_POPUP_UPGRADE_BUILD_MORE,建造更多：
c0f005cd44c23295,TID_TRADER_GEM_OFFERS_UNLOCKS_TEXT,大本营达到<value>级时可花费宝石购买特惠
05c8c5e4c075627b,TID_SPEED_UP_DUEL_CONFIRMATION_TITLE,立即获取更多？
aa3686a4984bb9f5,TID_NEWS_TH11_UPDATE_ARTILLERY_TITLE,天鹰火炮：沉睡的哨兵
8c0534a6af3e331b,TID_ARMY_OVERVIEW_HINT_SIEGE,攻城机器在12级大本营解锁
cb970ab56bf67907,TID_BABY_ELECTRO_DRAGON_ABILITY_NAME,闪电链
a5cfaa9ca78c5b6d,TID_ALLIANCE_WAR_MOST_HEROIC_DEFENCE,最顽强的防御
d94beb4da639e7e1,TID_CLAN_JOIN_FAIL_ALREADY_IN_CLAN,您已经在其他部落了！
a85fde0b48c03e26,TID_LAKE_STRAIGHT1,平直湖泊
1247907804e893f4,TID_ACHIEVEMENT_DESTROY_MONOLITH,在联机模式中摧毁<number>座擎天巨柱。
e8e0a216b21ab3d7,TID_CANNON_ABILITY_NAME,奋战到底
2c3189523c51e493,TID_AVAILABLE_AT_TOWN_HALL_LEVEL,<name>在<number>级大本营解锁
46e7fc8742d34518,TID_WAR_SIZE_TEXT,规模：
b0efbed70a03ce3d,TID_CLANGAMES_TASK_DESTROY_BOMBTOWERS,摧毁炸弹塔
4c94d4792e93ee69,TID_NPC72,危险陷阱
bfeb8cae47bacecf,TID_SPELL_OVERGROWTH,
809049ce8c7c9d58,TID_NPC65,稳如泰山
3b6c32fefa63a457,TID_ABOUT_TWITTER,Twitter
c57ec4452d852822,TID_HALLOWEEN_EVENT_2023_INFO_TRACK_ENDED,酸腐圣水消失了，但您仍有时间领取奖励、在商人处使用合体奖章！
be8cccbb7121007f,TID_ACHIEVEMENT_DESTROY_INFERNO,在联机模式中摧毁<number>座地狱之塔
975058cfd51480bb,TID_CLANGAMES_TASK_INFO_GET_BUILDERBATTLEDESTRUCTION,在建筑大师基地战斗中达到总计<num>%的摧毁率。
cdb1f57ac216c7fa,TID_CONFIRM_CONTINUE_WANTS_INVITES_TITLE,还在寻找部落吗？
487a7c785ba72630,TID_OBSTACLE_LNY_LANTERN_2023,福兔灯笼
1eccae93a2e40ff6,TID_RECALL_TROOPS_ALREADY_DEPLOYED,已部署被召回的部队
21ce3391910d0299,TID_HERO_ABILITY_QUEEN_DESC,弓箭女皇披上皇室披风后可以短暂隐身。隐身后，她能恢复一定生命值并连续发射大量毁灭性且伤害极高的弓箭；且任何防御建筑都无法将她锁定为攻击目标。同时，弓箭女皇还会召唤一队弓箭手为她引开敌军的注意力。
0011ab52c9e289ce,TID_RAID_WEEKEND_REWARD_TOTAL_TROPHIES,总奖杯数：
721ccf5e5e8ad682,TID_REQUIRED_CASTLE_LEVEL,需要<number>级部落城堡
95b6966636775cfd,TID_MAINTENANCE_UPDATE_TEXT,《部落冲突》正在更新至最新版本，包含全新兵种以及更多精彩内容。
88829aac8b88b9ca,TID_POPUP_GOBLIN_BUILDER_HEADER,嘿，首领！
62f319ca49943856,TID_REENGAGEMENT_LAB_NO_UPGRADES_NONE_LEFT_1,实验室最近很安静，因为所有可进行的升级都已完成。
f71894903b199b5e,TID_KICK_OUT_FROM_ALLIANCE,踢出
9e09ddfd124ae29e,TID_CLANGAMES_TASK_INFO_USE_LAVAHOUNDS,在联机模式中赢得<num>颗胜利之星，每场战斗需使用<num2>只熔岩猎犬。
92b56ba8ae3e7856,TID_INFO_POP_UP_TOS_PP_BUTTON2,服务条款
866125e3a017f88e,TID_BUILDING_CUSTOMIZE_CATEGORY_FOOT,外墙
b73a188a18e49d7f,TID_BOOSTER_MAX_LEVEL_ARMY_ALREADY,您的军队已强化！
056f76de158af773,TID_OBSTACLE_HALLOWEEN2022,不给糖就捣蛋
ee1d5ac97aca0f23,TID_GIFT_CLAIM_FAIL_SERVER,领取礼物失败，请稍后重试。
e7549c0d10b87f3a,TID_SPELL_DUPLICATE_HOUSING,可复制的部队单位：<number>
e37c996778515006,TID_GARGOYLE,亡灵
6d84798a8d0c1626,TID_TRAINING_TIME2,训练时间：
b68f534b795277c2,TID_ALLIANCE_GAMES_REVIVE_TASK,延长时限
94d430b4a7db8bc6,TID_TOWN_HALL_5_INFO_SHORT,现在是见证魔法的时刻！
5dd21d1faebe30f7,TID_SHIELD_POPUP_PERSONAL_BREAK_REMAINING,剩余在线时间：
b707aec5f72609ff,TID_BOOST_BARRACKS_POPUP_TITLE,加快部队训练！
0f099b788bcdb54f,TID_TRAP_REPAIR_COST,重新布置成本： <number>
7016188dc1a40112,TID_CAPBUILD_BARRACKS_DRAGON,超级飞龙训练营
43ae3c3f0b6ca715,TID_LEAGUE_IRON3,精铁联赛3
702e75a3644a2bca,TID_ADD_FRIEND_ERROR_TOO_MANY_FRIENDS_YOU,您的好友人数过多，请先移除一些，再添加新的好友。
707f93cd7c177221,TID_MONTH_7,七月
7018de9296507885,TID_NPC_CHALLENGE_TH8_GOWIPE_FUNNEL_PEKKAS,派出<c54a0fe>2个皮卡超人</c>清理村庄周边建筑。
d745934bf62c9c52,TID_NAME_CHANGE_PREVENTED,<time>内无法更改名称
d1906f580c277c86,TID_BP_PERK_SAVINGS_PAYOUT_BB,建筑大师资源箱
f602f7233928c6bf,TID_EVENT_ARMY_GOWIWI,石法巫活动
c78101bc9f81cdff,TID_PARTY_KING,派对蛮王
2d2449510eee4743,TID_NEWS_RED_MORE,更多信息
d2ef26195be927be,TID_EVENT_ARMY_BOOST,1宝石加速训练
d3cc20a79190cde7,TID_MOVING_CANNON,加农炮战车
58d312cad87403f1,TID_CLAN_TAG_NEWBIE_FRIENDLY,欢迎新手
aebc4d74d5bffc8a,TID_MULTI_MORTAR_INFO,远距离发射多枚能造成溅射伤害的炮弹，以保证最大可能命中目标！
f5d499a850a1a6db,TID_GIFT_CLAIM_FAILED_NOT_PART_OF_CLAN,您不是该部落的成员，无法领取礼物！
fffbdef9e12ad7f7,TID_BP_REWARD_CATEGORY_SCENERIES,场景
50cf86f0cba0e303,TID_SCENERY_GHOST,幽灵诡地
6291d3cf62e474a9,TID_ARMY_OVERVIEW_HINT_SPELLS,在<number>级大本营解锁
add43e8bba93c1b5,TID_TAB_OVERVIEW,概况
4d7ac7ef49e7bf57,TID_DONATE_NOT_AVAILABLE_IN_MODE,回营派出增援！
ebd8fad7a46f4410,TID_NPC76,全力支援
02f532499005cbd7,TID_DIAMONDS,宝石
64581fb6d3e38569,TID_BUTTON_COLLECT,收集
e898af078dc6a7c0,TID_DISTRICT_LAYOUT_LOCKED,<player>已经在编辑阵型。
e388adc4fe721621,TID_ALLIANCE_EXP_EARNED,+<value>部落经验值
aa526d5998fe9bcb,TID_FIND_BARRACKS,定位训练营
cb65c38c5b96c5e9,TID_LEAVE_ALLIANCE_BUTTON,退出
890b38a26ffc72a1,TID_LINK_NEW_DEVICE_TEXT,如果您想在两台设备上玩同一个村庄或者想将自己的游戏账号绑定到新添设备，您可以在这里操作。
55f50ebfea216d70,TID_REDUCE_COST,花费折扣：
c9691cf7e059f1f0,TID_COSMETIC_ESTATE_4X4_LARGE_HOUSE,大房子
4d0c9f4addc13f0f,TID_WL_STAT_POSITION4,第4名
991b04b09ec51446,TID_ALLIANCE_WAR_NO_HEROIC_VICTORY,无
94b793ac48e2b0c4,TID_LEGEND_SEASON_INFO_PRESTIGE_MORE,传奇奖杯是声望的终极标志。传奇奖杯不会丢失，并且可以随着赛季进行不断积累。
a4d83b4db59b71d3,TID_GIANT_CANNON_INFO,什么都无法阻挡巨型加农炮的攻击。\n它发射的巨型加农炮弹可以射穿任何东西，并一直向前飞行，一直向前......
d58485addf2f193b,TID_MAX_SECONDARY_UNITS,生成数量：<number>
50b3a77d70386dcf,TID_COMING_SOON,敬请期待......
19df1beb95c8a6f0,TID_LINK_TARGET_DEVICE_TEXT,请选择您要关联的设备类型：
1485e2a5cc5023df,TID_TH_RECOMENDATION_INFO,在大本营达到<level>级之前，建议您先升级这些项目，做好更周全的准备！
a6063b96a726ec07,TID_ERROR_POP_UP_BANNED,您的账号已被临时封禁
630c9f33db3dc48f,TID_DECORATION_WINDMETER,风向标
ec0313470450ec10,TID_NPC_CHALLENGE_TH11_EDRAG_EDRAGS,排成一行派出剩余的<c54a0fe>雷电飞龙</c>。
606cc7e32f90e13a,TID_REMOVE_TROOP_AND_SPELL_MESSAGE,部队和法术已移除
f58e921bb3da8f4f,TID_LOCAL_NOTIFICATION_EVENT_HAMMERJAM_PACK,首领，我们为您精心准备了特别的\q夯木节\q特惠！
50f254f22a26ac4b,TID_NPC_CHALLENGE_TH10_BOBAT_WALL_WRECKER,使用剩余的部队清理剩余的<cf70d16>法师塔</c>和<cf70d16>多重目标模式的地狱之塔</c>，先派出<c54a0fe>攻城战车</c>。
4e0b2446013a293d,TID_GEAR_TITLE_IRON_FIST,狂暴药水瓶
4a6a25c580523c3e,TID_GEAR_INFO_ANGRY_TOME,附近的友军单位会造成额外伤害
d232f28355e995f7,TID_NEWS_ECONOMY_TEXT,\n• 降低了某些兵种的训练时间和训练费用\n• 降低了某些法术的训练时间和训练费用\n• 降低了某些兵种和法术的训练时间和训练费用
40de8ff8143bf334,TID_REENGAGEMENT_INTRO_1,站住，别过来！
4df403f922b99354,TID_POPUP_REMOVE_REINFORCEMENTS_TITLE,移除援军？
ab6b296980d8883c,TID_REINFORCEMENT_CAMP_INFO,进入相应区域后，预备营会提供增援助您一臂之力。
5827b5bd4f02807b,TID_CLANGAMES_TASK_DESTROY_BB_ROASTER,熄灭熔岩火炮
19ede6b93ba5c445,TID_NPC_CHALLENGE_TH10_MINER_ARCHER_QUEEN,部署<c9916c8>弓箭女皇</c>，她应该会沿逆时针方向推进。
57ad32d98073459a,TID_ATTACK_PERCENTAGE,攻击获胜：
0ff12e88b8e43a2b,TID_HERO_ABILITY_LEVEL,技能等级：<number>
066daa8f4652ebdb,TID_NPC_CHALLENGE_TH9_LAVALOON_BARBARIAN_KING_1,<cf70d16>弓箭女皇</c>是<c54a0fe>气球兵</c>的克星，所以要先把她消灭。
6909ff8bb4dd600e,TID_OBSTACLE_CLEAR_TIME,移除时间
74298d322b1ce72e,TID_COSMETICS_TIER_2,<cffd345>黄金</c>
6589f5f93706bfca,TID_COSMETIC_ESTATE_4X4_GIANTS_HOUSE_INFO,如果大门太重推不开，访客可以从稍微小点的那个入口进去。
b2ee422f5ec8f67f,TID_CREATOR_TAG_NOT_ENTERED,输入代码
9a040b15d29c46a0,TID_CLOCK_TOWER_INFO_SHORT,利用发条的魔力操控时间。
5a3456bdd4bb3778,TID_LEAGUE_TITANIUM2_SHORT,钛金2
6126fbfb9d5caef1,TID_MULTIPLAYER_BONUS_AVAILABLE_AGAIN,下次奖励倒计时：<time>
0a431233bd9a9a5b,TID_WAR_ATTACK_CONFIRM_HEROES,英雄：<number>
9ad36cded0b8c228,TID_HEALING_WAVE,疗伤法术
724e8fb12411d737,TID_STARTER_TH4_DESTROYMORTARS,迫击炮克星
ab96923a096dfd94,TID_ALL_WALLS,所有城墙
d03ece3283f28db4,TID_HINT_CANNON_TARGET,加农炮只能攻击地面部队。
c089715158299f55,TID_CLANGAMES_TASK_INFO_USE_BOMBERS,在建筑大师基地战斗中赢得<num>颗胜利之星，每场战斗需使用<num2>个炸弹兵。
bd7d25cfa0a65920,TID_ELECTROFIRE_WIZARD_INFO_SHORT,最伟大的法师能熟练使用两种法术，当然还要有两身行头。
cb5625c8449e6014,TID_SPELL_RECALL_HOUSING,可召回的部队单位：<number>
343ef7eaf1702c38,TID_JOINQUESTION,确定加入吗？
60f0365e1a58475e,TID_YOU_LOST,您的防守失败了
1680f8e2978a7ef8,TID_ACHIEVEMENT_NPC_STARS_COMPLETED,单人模式地图上获得的星数：<value>
e60fd5cbb0e73cef,TID_PLAYER_PREFERENCE_NO_INVITES,不接收邀请
67831343a7de7402,TID_SPECIAL_OFFER_BUILDERBASE_ANNIVERSARY_ALLPRICEPOINTS,生日礼包
93cb1dd75ba31fb0,TID_POPUP_RESUME_BOOST_TEXT,服务器维护期间提速已暂停。
ff76b28c0a448fed,TID_TROOP_REQUEST_FAIL_COOLDOWN,稍等片刻才能再次请求增援哦。
2e559ef86d1fa579,TID_NPC_CHALLENGE_TH9_LAVALOON_FREEZE,当您的部队靠近时，使用<c38eaff>冰冻法术</c>来冻住敌方的<cf70d16>空气炮</c>。
e3a40c5bd2c331b7,TID_CHALLENGE_NOT_AVAILABLE_IN_MODE_REPLAY,回营观看回放！
bcfb626de68190c2,TID_DECORATION_CERTIFIED_CLASHER_STATUE,首领认证雕像
51dbff3a19dbb2c3,TID_BUTTON_CUSTOMIZE_BUILDING,自定义
747548ec4620c42b,TID_TUTORIAL_CANNON_3,不好，哥布林来了！快部署加农炮，准备防御！
5a5014ffcd5e41cc,TID_KNOCKBACK,推力强度：<number>格
d97d1b509913223f,TID_CLANGAMES_TASK_INFO_USE_DROPSHIPS,在建筑大师基地战斗中赢得<num>颗胜利之星，每场战斗需使用<num2>个骷髅气球。
4b3dbd6e3b6ac03f,TID_CLAN_MEMBERS_COUNT,成员 <count>/<max>
91c1022a239f9c63,TID_ERROR_POP_UP_PERSONAL_BREAK_EXTENDED,由于上次强制下线时您未获得护盾，因此您的在线时间未重置。
4ceb388fbd12b366,TID_CHINESE_APP_STORE_CONFLICT_MESSAGE,此微信/QQ账号已经关联了从其他安卓应用商店下载的相同游戏，不能再次关联。如果您希望使用该微信/QQ账号重新开始游戏，请从游戏内联系Supercell玩家支持团队。
78d3f786a7dc3365,TID_LEGENDS_SET_CASTLE_TROOPS_EMPTY_WARNING,部落城堡中目前没有援军！
7c1f25406f595967,TID_GARG2_ABILITY_HELP,前<num>次攻击速度更快，距离更远，可造成<num3>伤害。
4ed7eb2d02c548ed,TID_BABY_DRAGON_INFO,会喷火的飞龙宝宝在其他空中部队旁边时显得有些害羞，不过要是落单了，它可会大发雷霆。当周围没有其他空中部队时，飞龙宝宝会变得狂暴，攻击伤害和攻击速度都会提升。
d8c210c2c17d7935,TID_VISITING,参观中
e86d1f5d05ad6d35,TID_NOTIFICATION_WL_SIGNUP_STARTED,部落对战联赛报名现已开启！为荣誉和奖励而战！
1c0573e79c1957a5,TID_SMITHY_INFO,把合适的魔法矿石带到这来，升级英雄的装备，让他们变得更加强大！熔炉冒出的烟可用于熏制美味的牛腩，虽然这并不健康。
080ec44c1bd1c906,TID_CANCLE_SPELL_INFO,注意！移除队列中的法术只会返还<number>%的费用。
b6783e8d28141bf3,TID_DEVICE_LINK_ERROR_GAME_CENTER_TEXT_ANDROID,请登录Google Play以进行此操作。在设置界面上点击\qGoogle Play 登录\q按钮。接着再试一次。
3dee44f524850f34,TID_CLANGAMES_TASK_INFO_USE_GOBLINS,在联机模式中赢得<num>颗胜利之星，每场战斗需使用<num2>个哥布林。
5289c71676b41dcb,TID_ONGOING_EVENTS,今日活动
60a0fb2c2c0f2010,TID_DIAMOND_BUNDLE_MAGICITEMS_BUILDING_BOOK,建筑之书礼包
01ffea3bb68ba28a,TID_UPDATE_REQUIRED_TO_CONTACT_SUPPORT_TITLE,请更新游戏
33803e1fd48e8abb,TID_BUILDING_CAP_REACHED,此建筑数量已达上限。
c5a1a4ae6bdc515c,TID_NOT_ENOUGH_WORKERS_HEADER,所有建筑工人都很忙！
fcfdf569c666f0c7,TID_WAR_DATA_ERROR_INTERNAL,无法获得部落对战的详细信息，请稍后重试。
e291df534a00bf2f,TID_RAM_RIDER_ABILITY_TITLE,蛮羊冲锋！
6ea4da61236ad93e,TID_POPUP_CANCEL_GOBLIN_CONSTRUCTION_TITLE,取消建造？
d418decfa27b053b,TID_NOTIFICATION_FORGE_COMPLETE,可以去铸币坊收集都城金币啦！
e99f41e60ef36304,TID_HASTE_SPEED,速度提高：<number>
11a2cac14c7ba039,TID_CAPITAL_RAID_WEEKEND_ENDSOON_NOTIFICATION,突袭周末即将结束！抓紧时间使用您剩下的进攻机会！
4889da86cd0202a5,TID_BATTLEPASS_TASK_INFO_WIN_BATTLES_USING_GIANTS,在联机模式中使用巨人赢得<num>场战斗。
251e58a9bcc9b019,TID_TUTORIAL_STARTER_CHALLENGE_1,我为您准备了一些挑战！
4d1393b7d98f8e47,TID_REENGAGEMENT_INTRO_2,哥布林，别以为换个装我就认不出你了......
2b6cc1c1b2e0fa91,TID_UPCOMING_DAYS,即将到来的联赛日
c8c58a593caee01e,TID_FRIEND_LIST_ITEM_NEW,新！
aa70526d5a98731f,TID_ERROR_DOWNLOADING_SKIN,无法载入皮肤！建议您释放设备的存储空间并重启游戏。
0a0647f64d66e3d9,TID_LOCAL_NOTIFICATION_STAR_BONUS_READY,可以收集胜利之星了，快去进攻吧！
3d8d82ad67e73460,TID_BUILDING_FENCE,篱笆
f645004d7e793d30,TID_MAINTENANCE_COMING_SOON_TITLE,即将维护
9a61daa9b500c658,TID_NEWS_BUILDER_GONE,呃，有人看到建筑工人了吗？
e764e657146b3550,TID_STARTER_TH2_UPGRADEARCHERTOWER,站岗放哨
6f3b687782ff89b1,TID_RAID_INFO_TAB_REWARDS_TITLE,奖励
e4fb975c21135fd7,TID_HINT HERO_ARCHER_QUEEN,一双锐利的鹰眼，一把精良的十字连弩，成就了这位所向披靡的弓箭女皇。
f8dc453bd082ac0c,TID_CAPITAL_PLAYGROUND_FROST,<c38eaff>冰霜法术</c>可减速防御建筑，或冻结水面让您的地面部队从冰面通行。
a676177f71d0c36b,TID_DECO_RUIN_TREE_FARM,林场
749327d766f696cc,TID_BASIC_TURRET_INFO,加农炮很适合防御单个目标。升级加农炮可以增强火力。注意！防御建筑在升级时不能开火！
4ba5b65de91586b6,TID_HEROES_FEATURE_DESCRIPTION,进攻时，英雄会带领大军向前冲；防守时，英雄会抵御来犯敌军，保护您的村庄。
a6f10093a1ca4ce2,TID_PET_FROSTY_INFO,冰牙是最冷酷的战宠......又冷又酷。它不仅能呼出冰冷的气息减缓敌人的速度，还能释放出一群小冰怪，进一步减缓敌方防御建筑的攻击速度，帮助它的英雄驰骋战场。
8b5640e8d135e528,TID_NO_PRIVILEDGE_TO_EDIT,您需要晋升到更高的部落职位才能编辑备注
2dc251c91f0860bb,TID_HINT_PEKKA_INFO,皮卡超人是骑士？是武士？还是机器人？只有天知道！
765f341afc04d797,TID_STARTER_TH3_INFO_BUILDMORTAR,从商店获取一座迫击炮。
bde850bee4b835af,TID_POPUP_HEADER_ABOUT_TO_SPEED_UP,立即完成！
21cba1e902e73141,TID_BOOSTER_FILL_DARK_ELIXIR_STORAGE,暗黑重油符石
f78dc112888f0246,TID_STAR_BONUS_BONUS_TEXT_BONUS,胜利之星奖励活动期间您可获得<num>倍胜利之星奖励
f6f7fd20ca2c54d9,TID_PART_HOUSE_GROUND,部落营房地面
861dbe0c70441a4b,TID_REMOVE_SHIELD,解除护盾
da3c70701e679bd8,TID_CHALLENGE_ALREADY_CLOSED,友谊战已关闭
49b0343b01ce313c,TID_SHOP_CATEGORY_COSMETICS,装扮
b4b7e7aaa019715a,TID_NEWS_TH11_UPDATE_TH11_TEXT,• 体验有史以来最大、最惊人、最具挑战的大本营等级：11级大本营！\n• 解锁新英雄大守护者，他能让军队所向披靡！\n• 解锁天鹰火炮防御建筑，能在远距离向敌人倾泻毁灭性打击\n• 更多防御建筑，包括一门额外的加农炮、箭塔、法师塔以及十字连弩！\n• 亡灵、女巫、法师塔的等级也有所提升！
b3edd427f6c99486,TID_CLASHOWEEN_COMBAT_ITEM_LOCKED,收集更多酸腐圣水以解锁
dd6197b1f31f179a,TID_CHARACTER_RAM_RIDER_CHARGE,蛮羊骑士冲锋
76a33d2aa7a2d512,TID_ACHIEVEMENT_DESTROY_XBOW_TITLE,连弩终结者
bb6c00fefc19bbc6,TID_TENCENT_GUEST_IGNORE_WARNING_TITLE,您确定吗？
0eeede343f4b0bb3,TID_ALLIANCE_WAR_TOTAL_DURATION,最佳攻击总持续时间
d1745a75261af202,TID_TENCENT_DISAGREE,不同意
efbf61782c4d732e,TID_SCID_GIFT_DECLINE_BUTTON,拒绝
b9d601291fa0f0f9,TID_DEMOTE_POPUP_TITLE,很遗憾，您降到更低级别的联赛了！
a4757548b38fa7e6,TID_HINT_VERSUS_BATTLE4,在建筑大师基地战斗中一胜难求？您可以观看回放，并尝试改进您基地的防御！
3ca1dae1f2397cbe,TID_TUTORIAL_WAR_LEAGUE_5,您可以点击界面下方的按钮，查看各场对战的详情！
e97b4e951d6c5f1e,TID_DIAMOND_BUNDLE_MAGICITEMS_STRENGTH_POTION,力量药水礼包
a5fec53d206510bf,TID_BATTLEPASS_TASK_INFO_DEPLOY_SIEGE_MACHINES,在联机模式中部署<num>台攻城机器。
54af9d45667a6f25,TID_CHARACTER_INFO_MEGA_SPARKY,这台机器无所畏惧，似乎无人可挡，总是从容不迫地发射雷鸣般的电磁冲击波摧毁防御。这将是敌人永远无法摆脱的噩梦吧？
af2ec3db05d30151,TID_WARNING_TH_LEVEL_TOO_LOW_TO_COPY_LEVEL,您的家乡大本营需要达到<num>级才能复制阵型。
3f5a0eb712aac189,TID_BUTTON_GLOBAL_HIGHSCORE,全服
aee3bd8e9789b7ba,TID_TUTORIAL_WAR_LEAGUE_8,每位部落成员只能进攻一次，所以请认真打好每一场战斗！
49206f6f024fca3f,TID_CLANGAMES_TASK_INFO_WIN_STARS_WITHOUT_HEROES,在联机模式中不使用英雄，并赢得<num>颗胜利之星。
9fbb17d35d26af97,TID_CLANGAMES_TASK_INFO_DESTROY_BB_GOLDSTORAGE,在建筑大师基地战斗中摧毁<num>个<building>。
50b5d8fdd794546e,TID_NEWS_TH11_UPDATE_TH11_TITLE,将大本营升至11级
77f4cdaa9275a578,TID_CHARACTER_RIDERLESS_HOG_INFO,没有骑士的野猪也能跃过城墙、攻击防御建筑。所以骑士一开始存在的意义是什么？
efa58ff0771d7cf5,TID_NPC_CHALLENGE_TH12_YETI_YETIS,派出<c54a0fe>大雪怪</c>吸引<c9916c8>大守护者</c>的注意！
21bee18730587a32,TID_BATTLEPASS_TASK_UPGRADE_ANY_WALL,铜墙铁壁
d88580b377b9b32b,TID_AIR_DEFENSE_INFO,防空火箭是歼灭敌军空中部队的利器，可惜它不能攻击地面上的敌人。请巧妙部署防空火箭，最大限度保护您的领空。
08514feb5765ca85,TID_BATTLEPASS_TASK_WIN_BATTLES_USING_GOBLINS,巧取胜利
4f3279bd9ac7f836,TID_ALLIANCE_WAR_ATTACK_NOT_USED,未使用
6cbefa96948f7713,TID_HASTE_DAMAGE_OFFSET,伤害提高：<number>
8a6c69967aac67e6,TID_SETTINGS_TROOP_REQUEST_HELP,将该功能设置为\q开启\q后，您将只会看到您可以增援的请求。
6af3832082ed1b33,TID_NOT_ENOUGH_RESOURCE,您没有足够的<resource>！
8e1130286be63c30,TID_MORE_FORUMS,加入《部落冲突》社区！
082fef78ad7f438e,TID_LOCAL_NOTIFICATION_EVENT_HERO_BOOST,首领，1宝石加速英雄恢复的活动开始啦！
4d517b1e97d40757,TID_SCENERY_CLASSIC,经典村庄
76fb841cca46e285,TID_DIAMOND_PACK_6,一捧宝石
7bbb4ded3738db88,TID_CLANGAMES_TASK_INFO_GET_HOMEBATTLESTARS,在联机模式中赢得总计<num>颗胜利之星。
8d5392270c131a64,TID_SHADOW_SCENERY,暗夜绝境
4517099b6f67fc03,TID_CHARACTER_INFO_PARTY_WIZARD,听见远处架子鼓的声音了吗？派对法师华丽登场！他脚踩节奏，手扔火球，绝对是庆功派对的灵魂人物。
c21aa783eac566cf,TID_ALLIANCE_SEARCH_HINT_CN,输入部落标签
37c8045c8dbe8e75,TID_CHARACTER_INFO_BIG_BOY,每天一桶奶，养成大骷髅。大宝宝绝对是史上最大的骷髅兵，但别看他样子吓人，其实他还是个离不开妈妈的宝宝。
748856573d137f97,TID_GEAR_UP_TIME,改装时间
8aea34b0af4f6430,TID_START_WAR_FAILED_NOT_IN_ALLIANCE,无法发起部落对战，您需要加入部落才能发起部落对战！
a1cf9656dc1b2afb,TID_FEEDBACK_INFO2,\n
a1cf96537c1b2afb,TID_FEEDBACK_INFO4,\n
ee439025bc5c5865,TID_BP_PERK_NEEDS_PREMIUM,使用黄金令牌解锁
f73a3b12f4cab567,TID_LEAGUE_COPPER4_SHORT,红铜4
666fdf1a0b810a89,TID_CLANGAMES_TASK_USE_DRAGON_RIDERS,龙骑竞速
2a56eb0b1b874268,TID_PROFILE_BEST_TROHPIES,历史最佳：
546b306e529b3c75,TID_DECORATION_SNOWMAN,雪人
b72bd937e19e6382,TID_STREAM_EVENT_ALLIANCE_LEVEL_UP_NO_PERKS,部落已升至<value>级！
e72e67cf4649e617,TID_GEAR_TITLE_ETERNAL_TOME,永恒书卷
83ab492987c09cea,TID_MULTIPLAYER_SHIELD_COST,攻击扣除：
57e7aebcd32ddc01,TID_UPGRADE_INFO_DEPLOY_UNIT,<old><name>部署速度 (+15%)
97018d9d546c9d15,TID_CAPITAL_PLAYGROUND_SPELL_EXPLANATION,在都城里，法术没有持续时间的限制。
10fe75a20b668e6a,TID_CAPITAL_TUTORIAL_8,都城大本营发展得越好，可以解锁的子城就越多。
8d60248e2cfa99a1,TID_CHARACTER_INFO_ICEGOLEM_SHORT,被消灭后可以冻住周围一切的冰人。
13427a5d562ec323,TID_NPC_CHALLENGE_DEPLOY_BARBARIAN_KING,部署<c9916c8>野蛮人之王</c>。
da2933c6bfdbfaf1,TID_RAID_NUMBER,突袭<number>
082d55cb8b756887,TID_BATTLEPASS_TASK_INFO_USE_BARBARIANS,在联机模式中使用野蛮人赢得<num>颗胜利之星。
746465ccc53d8e52,TID_CLANPERK_DESC_BADGE_LEVEL,部落徽章边框已解锁：<value>
07862c7cafcb37b3,TID_PET_DIGGY_ABILITY,地下惊喜
3c673a2e4713fb81,TID_STARTER_INFO_WINSTARS,在联机模式中赢得<num>颗胜利之星。
f1b1e38f815e0d1f,TID_GEAR_INFO_GIANT_GAUNTLET,野蛮人之王体型变大，可造成范围伤害且减少所受伤害。
df27f6e2bd62a16e,TID_GINGERBREAD_WARDEN,姜饼守护者
25611375826afdb1,TID_REENGAGEMENT_APOLOGY_1,好吧，你这哥布林还挺厉害的。
bad9fb1c36f217d9,TID_NPC_CHALLENGE_TH10_MINER_RAGE,在城墙缺口处施放<cf07bf8>狂暴法术</c>，以便您能够在<cf70d16>地狱之塔</c>锁定您的<c54a0fe>天使</c>之前快速摧毁它！
1cff7ffee8a4d9b2,TID_COME_BACK_NOTIFICATION_LARGE,嗨，快回来吧，您的村庄可不能群龙无首啊
81aa735bbd3d0028,TID_XMAS_PACK_INFO,• <gems>宝石\n• <c80d8e8>部落礼物：</c>\n每个包含<giftgems>宝石\n\n礼物可供<giftmates>部落成员领取！
064ede5371cc57e0,TID_WAR_RESULTS_BUTTON,对战结果
83caad0bd5d5487c,TID_BATTLE_PASS_UNCLAIMED_REWARDS,未领取
07e6f3ee155691f6,TID_LAYOUTS_USE_BUTTON,设为启用
a325466b3f03ed4a,TID_LEADERBOARDBANNER_PLAYERTOURNAMENTS_V2,建筑大师基地战斗锦标赛
60007465d71218cd,TID_TRAP_EJECT_HOUSING,弹射能力：<number>
2d4714a6093e9fee,TID_WL_CURRENT_ROUND,当前回合：<x>/<y>
c3979ea3f66272e8,TID_ALLIANCE_WAR_ATTACK_CONFIRM_2STARS,您的部落已经从该战争基地赢得2星。您要尝试获得更好的成绩吗？
5e78e8c54202c553,TID_NPC88,伤害方阵
008ddb5244914ee8,TID_BUTTON_TREASURY2,魔法物品
19f5d4eb9801e119,TID_BUY_RESOURCES_STORAGE_FULL,空间不足，无法存放全部<item>。\n是否只购买<num><item>？
7aca84bf56dc9b1c,TID_PREMIUM_PASS_PACKAGE_INFO,获取本次月度挑战的黄金令牌，赢取更多奖励！\n\n专属奖励：\n• 全新的英雄皮肤\n• 1 宝石快速增援\n• 建筑工人加成、实验室研究加成和训练加成\n• 月度挑战资源箱容量提升，最高可达5倍
dba615aec1feb3f5,TID_TOWN_HALL_15_INFO_SHORT,魔力满溢，激战升级！
db825839c6fcca5d,TID_SHIELD_POPUP_GUARD_DESCRIPTION_1,村庄守卫能为您提供最后一点保护。您可以在不缩短村庄守卫的情况下攻击其他玩家，不过要当心，因为村庄守卫不会持续太久！
76143f437ab7ebb7,TID_YOU_HAVE_BEEN_ATTACKED,首领，我们的村庄被袭击了！
c382ed5b2610a4b7,TID_DECORATION_GOLDEN_GOBLIN_INFO,聚富之志比金坚，\n哥布林们最爱钱。\n男女老少齐奋斗，\n共筑金山存万年。
b230db1ac3f0ae69,TID_NPC_CHALLENGE_TH8_GOWIVA_HEAL,当您的部队进入敌军基地中心地带时，记得为部队施放一个<cffe346>疗伤法术</c>。
6e6be334e1b7fb47,TID_PIXEL_SCENERY,像素世界
8196b4a6640ec37a,TID_BB_LEAGUE_DETAILS_DEFENCE_COLUMN,防御
935e9fb48dc388f0,TID_XMAS_PACK,节日超级礼包
9b086a8c690e0985,TID_DISTRICT_LOCKED,未解锁
658bfcf07f0a2210,TID_CLAN_WAR_LEAGUE,部落对战联赛
e71440fed3822f84,TID_LINK_SAME_PLATFORM_TENCENT,要在多台设备上玩同一个村庄，请确保您已在游戏设置中登录微信或QQ账号。\n\n然后，在另一台设备上登录同一个微信或QQ账号，您的游戏进度将会自动同步。
1cc64ea3ef59901a,TID_ARCHER_QUEEN_GLADIATOR,角斗士女皇
9fdb7746ee17c784,TID_CLANGAMES_TASK_USE_ELECTRODRAGON,雷电飞龙大暴击
1cde04ab73b5a8a9,TID_STREAM_REPLAY_BUTTON,播放视频
e86f836b6d03d2bb,TID_DEVICE_LINK_SUCCESFULL_TITLE,关联成功！
d3a64bcb8d0a5887,TID_INVISIBILITY_TOWER_SHORT,隐形法术
58eab175e14a87fd,TID_WL_INFO_LIVE_TAB2_HEADER,结果和奖励
495761c1f082a990,TID_CLANGAMES_TASK_DESTROY_BB_HEALINGHUT,摧毁治疗小屋
c86ece05211040c4,TID_SUPER_BOWLER,超级巨石投手
eb275d495c241a94,TID_START_WAR_FAILED_NOT_ENOUGH_MEMBERS,部落可参战成员数量不足，无法发起对战！
c2c65ab24afe1570,TID_CAPBUILD_MULTICANNON_INFO,拥有多根炮管的加农炮！
f8550fb7d6bec9dd,TID_CHARACTER_INFO_ELITE_WALLBREAKER,谁能想到，脚踩炸弹滚出去比抱着它跑出去效果好这么多！超级炸弹人使用的是延时引信炸弹，无论什么情况它都会爆炸。拒绝哑弹！
2e1b2d5ec348dc40,TID_LEGENDS_MULTIPLAYER,联机模式
8beec6666bf45cc7,TID_TUTORIAL_PETS_1,来看看！
62c44629a7ac6dee,TID_NPC64,保龄球道
47ba11e2b79f2d7b,TID_CLANGAMES_TASK_INFO_DESTROY_KINGALTARS,在联机模式中摧毁<num>个野蛮人之王王座。
1d18be5105f4ff4a,TID_CAPBUILD_RAPID_ROCKETS,疾速火箭
2be7c5bfed540dca,TID_CLAN_MEMBER_COUNT,成员：
34b393123f7f2d2d,TID_FAQ_EXTERNAL_BUTTON,电玩通
617d702f8f947510,TID_CLAN_GAMES_CLAIM_REWARDS,结果
9967fb3ec89c891a,TID_BATTLEPASS_TASK_INFO_WIN_BATTLES_USING_ELECTRODRAGON,在联机模式中使用雷电飞龙赢得<num>场战斗。
2f411d01f1a1ba8c,TID_DIAMOND_BUNDLE_MAGICITEMS_HEROES_BOOK_WITH_ELIXIR_INFO,• <res0>圣水\n• <booster1>本英雄之书\n• 存放礼包中的物品不受最大储量限制！\n\n包含升级大守护者所需的一切！
fea1c3654344991d,TID_DUEL_WIN_BONUS,获胜奖励：
cfe44816a069e5b7,TID_OBSTACLE_FORTUNE_TREE,摇钱树
99508c9969f31529,TID_OPTIONAL_AVAILABLE,可以下载《部落冲突》新版本啦，请将您的游戏升至最新版本以获得最佳游戏体验。
b2c5a98bf273ae2f,TID_ALLIANCE_TAB_NAME,搜索部落
021bc2bb174454a3,TID_ARRANGED_WAR_SELECT_MEMBERS_HINTS,部落友谊战不提供战利品和部落经验值
2aafc8114fce2971,TID_GEAR_UP_ARCHER_TOWER,安装一个开关，让箭塔降下来以更快的速度发动攻击。
3c248b4cc0c274dc,TID_EXTERNAL_URL_TITLE,注意
263b7731db8c73f9,TID_LEAGUE_STONE4,石头联赛4
eb4d290139e0cd8d,TID_ALLIANCE_GAMES_NO_REWARDS_EARNED,您的部落没有赢得足够的积分，未能解锁任何奖励。
45bc25d2735e1961,TID_ACHIEVEMENT_LOOT_ELIXIR_COMPLETED,总共获得圣水战利品：<value>
f425c7c1e595464f,TID_ALLIANCE_WAR_XP_EARNED,获得的部落经验值
f307504c8e9249ee,TID_LAST_ONLINE_OVER_WEEK_AGO,一周前登录过
e51617e29f00cb97,TID_LUMBERJACK,狂暴樵夫
25ee003aafcebf11,TID_TROOP_SPEED_UP_SUCCESS,部队训练已完成！
bbf3d47ee712a79a,TID_SUPERCELL_ID_NEW_GAME_BUTTON,不使用Supercell ID进行游戏
44ee86c052c51dba,TID_BUILDING_ELIXIR_PUMP,圣水收集器
184b4b720ce8b995,TID_NPC_CHALLENGE_POISON_TO_SLOW_DOWN_QUEEN,使用<ce98714>伤害药水法术</c>减缓<cf70d16>敌方弓箭女皇</c>的速度。
9df662ecbe73a7bc,TID_DUPLICATE_SPELL_INFO_SHORT,随时复制一批部队。
1ee2d719f8cfd716,TID_GAMES_REWARDS_TEXT,部落竞赛结束后就可以领取奖励了！您的部落完成挑战获得的积分越多，解锁的奖励也就越多。参与部落竞赛的每位成员完成至少一项挑战，就可以从每列奖励中选择一项。未领取的奖励只会保留7天时间，请记得及时领取奖励。
0f002c5474ef942d,TID_HERO_GEAR_UPGRADED,<item>已升至<level>级！
1da7f43a78559449,TID_HINT_DRAGON_AIR,飞龙是强大的空中部队，可以攻击陆空目标。
46946aa7f690d584,TID_WL_INFO_SIGNUP_TAB2_TEXT,<cFCE27F>部落对战联赛有哪些奖励？</c>\n\n您将赢得荣誉和部落对战联赛专属奖励！在对战周内赢得胜利之星可获得联赛奖章。您的部落所在的联赛段位越高，您获得的联赛奖章也越多。您可以使用来之不易的联赛奖章在商店中兑换稀有的魔法物品和其他的独特物品。\n\n<cFCE27F>是否有其他方式可以获得联赛奖章？</c>\n\n部落首领或副首领可以将限定数量的额外联赛奖章发放给加入联赛的成员，即使他们没有进行战斗！您的部落所在的联赛段位越高，可分配的额外奖励也越多；同时部落每赢得一次战斗日，可增加一个额外奖励的分配名额！
3060326d06283164,TID_DAILY_TASK_2_TITLE,每日建筑大师基地战斗
a861159e530677bd,TID_LEAGUE_STEEL1,坚钢联赛1
80a83336e445f6a5,TID_CLAN_JOIN_FAIL_BANNED,您被禁止加入该部落，无法加入！
09d97fe5e6ca01aa,TID_ACHIEVEMENT_DESTROY_XBOW_COMPLETED,总共摧毁十字连弩：<value>
2666f847ac763b1e,TID_BATTLEPASS_TASK_WIN_STARS_USING_JUMP,畅通无阻
7808bf9961681972,TID_NPC21,丹尼男孩
71e0d9ec9d341679,TID_EP_GET_SCREEN_TITLE,获取活动令牌！
afb2216d47727422,TID_PET_POISON_LIZARD_INFO,论速度，猛蜥称第二，没人敢称第一。它可以向敌人喷吐减速毒素。猛蜥真的有毒吗？可能吧，但谁又有那么大的胆子去验明真假呢？
d72e3f981f46a8ad,TID_BARB2_ABILITY_HELP,在部署后的<num>秒内狂暴，移动速度和伤害提升。
ffbebfc163f8d268,TID_ITEM_LEVEL,<item>（<number>级）
3baaa26fdb7441ba,TID_CHARACTER_INFO_DARK_WITCH,从容地召唤出成群的飞行生物，和她的妹妹不同，她可不会破坏草皮。
547e7169e87cf667,TID_HELP_TRAINING_SPELLS_HELP_POPUP,您可以在队列中配制额外的法术，当您有剩余的法术存储容量时，这些法术将会自动补充至军队！
c76b0bd260c292e8,TID_POPUP_BOOST_ALL_DARK_BARRACKS,要在<time>内将<number>个暗黑训练营的训练速度提高至原来的<multiplier>倍吗？
a3b829a67ee4a8c2,TID_AUTO_FORGE_UNLOCKED,自动铸币栏位已解锁
bd567256ca59f79c,TID_DEVICE_LINK_SUCCESFULL_OLD,您已成功将您的游戏进度关联到了下列设备:
ad9e14e423145fd3,TID_CLAN_TAG_UNDERDOG,潜力股
8d71c032ff10d3bf,TID_XP_BUTTON_HAYDAY,免费
70f0c7082e04e14c,TID_BOOSTER_FREE_HERO_UPGRADE_OFFER_INFO,<num>把英雄之锤，可将任一英雄或战宠立即升至更高一级
52c49b2adac491a7,TID_BP_UNLOCKS_TEXT,月度挑战在大本营达到<value>级时解锁
c1ef22ba5c4577f1,TID_HINT_LEAGUE_SHOP,联赛商店中有些商品是非常珍贵的奖励，但是您需要加入部落对战联赛才有机会获得购买这些商品的资源，加油奋战吧！
1494b1ff1c7518ef,TID_POPUP_ACHIEVEMENTS_TITLE,成就
41d1b36e38a2a2c1,TID_LEADERBOARDBANNER_TIMELEFT,离结束还有：
a22e9836f5365547,TID_NPC_CHALLENGE_TH11_LAVALOON_BALLOONS3,派出剩余的<c54a0fe>气球兵</c>。
8febd42acf07c647,TID_CHARACTER_INFO_COOKIE_PEKKA,身为饼干战士，饼干皮卡战力满满，甜翻全场。它能使用椒盐卷饼进行回旋攻击，造成溅射伤害。它可能会带来毁灭性的破坏，但这就是饼干碎裂的方式。
bb50b9d2f090880c,TID_BP_TAB_TASKS,挑战
3fb60ee5745ddf8d,TID_NPC54,骷髅来了
0dfc33d69aceb0ec,TID_WORKER2_BUILDING,建筑大师小屋
21af3a481115cb35,TID_CLANGAMES_TASK_DESTROY_BB_BUILDERHALL,狂轰建筑大师大本营
ca7b5bc078db4b50,TID_DECORATION_CLOCKWORK_STATUE_INFO,它有点害羞，但如果您仔细看，说不定能看到那些齿轮在转动哦。
75b93c2ab226afeb,TID_NEWS_JUNE_V1_BALANCING_TEXT,• 升级加农炮、箭塔、地狱之塔\n• 升级皮卡超人、天使、法师、掘地矿工和炸弹人\n• 优惠活动和平衡性调整，10级大本营建筑或兵种可升至更高等级
8fd210440b6edcdc,TID_BUTTON_WATCH_EXCL,观看！
be76858a8e38d0cf,TID_CLAN_JOIN_FAIL_NO_DUEL_SCORE,您的建筑大师基地战斗奖杯数不够，无法加入该部落！
ee8e4b23571ffa5f,TID_ROGUE_QUEEN,绿林女皇
a0c8a4b67092cd54,TID_SPELL_FACTORY_VOUCHER_CLAIM_FAILED_EXPIRED,礼券已过期
afa690d6ec83c128,TID_CLAN_TAG_AMATEUR_ATTACKER,不擅进攻
421e3c3f0b6ca650,TID_LEAGUE_IRON2,精铁联赛2
e42dac9b35bf31cc,TID_ERROR_POP_UP_LOGIN_FAILED_15,您之前的村庄是从<APP_STORE>下载的，请回到该安卓应用商店安装《部落冲突》，登录正确的账号和密码，您就可以加载您的村庄了。
af5acc8aa4f5c546,TID_IAP_NOT_AVAILABLE_ANDROID,无法购买！确保您使用了有效的Google账号，并且已更新了您的主要付款方式。
0aa448ae03a7be8c,TID_NO_RAIDS_MADE_YET,尚未发动过突袭。
ee34e73eebb9868b,TID_BUTTON_SET,确认
7bdf6dbd7a78f858,TID_CHARACTER_SUPER_VALKYRIE,超级瓦基丽武神
808e26c0bb5d6879,TID_START_WAR_FAILED_WAR_COOLDOWN_ACTIVE,友谊战冷却时间还未结束，无法发起部落友谊战。
0c94a982eedcd0eb,TID_WAR_LEAGUES,部落对战联赛
abce089a768b6ebc,TID_POPUP_REMOVE_TROOP_TITLE,移除部队？
992c957cd4056e47,TID_CHALLENGE_TH13_HYBRID,环形终结
ced42efde0d2e060,TID_GIANT_CANNON_INFO_SHORT,一门巨大的加农炮，可轻易射穿生命值较低的部队。
ae8e78556bd7ae5d,TID_CLANGAMES_TASK_INFO_GET_BUILDERBATTLESTARS,在建筑大师基地战斗中赢得<num>颗胜利之星。
0385114e7014d43b,TID_ACHIEVEMENT_LOOT_GOLD_COMPLETED,总共获得金币战利品：<value>
4529b72f6c1462a1,TID_LOOT_CART_TRANSFERRED,资源已收集
c6fc93d51fb86c92,TID_ANONYMOUS_PLAYER,匿名
bd24f5ddfeb8acc3,TID_OFFER_ANNIVERSARY,《部落冲突》生日礼包
fe165191648caae0,TID_CAPITAL_PLAYGROUND_JUMP,<c85ff3b>弹跳法术</c>可以帮助部队跳过城墙、河流和沿岸水域。
43ab70df8e19b8dd,TID_NEWS_BOMB_TOWER_MORE_TITLE,更多更新内容
2a581d5ab0e95e54,TID_CHARACTER_INFO_BOWLER,这个蓝皮大个子一辈子只做两件简单的事：狂饮暗黑重油和扔石头。他扔出的巨石击中第一个目标后仍会向前弹跳，可以继续对撞到的目标造成伤害。
00da390034fb2a18,TID_HINT_GUARD_GAIN_TIME,联赛等级越高，您在护盾失效时获得的村庄守卫时间就越长！
c5df7364eab17e1a,TID_TOWN_HALL_1_INFO_SHORT,从这里开始史诗之旅！
85eee33194a78ea7,TID_REQUIRED_LEAGUE,需要达到<league>
d284d8e32304b26d,TID_WL_COLUMN_DETAILS,详细信息
aa721a99a9c0d845,TID_ALLIANCE_WAR_EVENT_WAR_ENDED,战争已结束
d30305c8d6c799ae,TID_BUTTON_WATCH,观看
609e0861af16ccec,TID_UPGRADE_INFO_HP,<old>生命值 (+<num>)
f9e4fc065c30ee07,TID_WAR_STATS_HEADER_WAR_STATS,攻击统计数据
4f07ed2e10feae45,TID_CLANGAMES_TASK_INFO_USE_SUPER_MINIONS,在联机模式中赢得<num>颗胜利之星，每场战斗需使用<num2>个超级亡灵。
f0a6a79033ccc1fe,TID_BB_LEAGUE_ITEM_STAR_BONUS_REWARD,胜利之星奖励：
316d8f6cbe6d3210,TID_NEWS_TROOP_TEXT2,这种由岩石和熔岩生成的飞行生物能承受大量伤害。它的攻击目标是防空火箭，可深入敌人村庄，为其他部队提供掩护。被摧毁后，它会发生爆炸，变成更多体型和威胁都更小的生物，继续分散敌军防御的注意力。
74d3311146394c50,TID_POPUP_GIFT_RECEIVED_TEXT,您已成功使用优惠码兑换了额外资源，快快点击游戏内收件箱了解详情吧！
412fb3f8a893a28f,TID_RECOVERY_BUILDING_INFO_SHORT,在进攻第2区域前，美味的浓汤能帮助部队恢复元气。
ad17a1fb1a0a88be,TID_TUTORIAL_MEET_NEW_BUILDER2,咦？！哇，有人来了！太棒咯！
8731b13831c55af6,TID_EDIT_MODE_COPY_BUTTON,复制阵型
fd9ee115abb19c17,TID_SETTINGS_API_TOKEN_COPY_NOTIFICATION,令牌已复制到设备剪贴板
88889f9a492005f0,TID_TUTORIAL_TH12_2,您可以升级大本营武器，让它变得更加强大。
82fb7fe0bf530229,TID_WAR_BATTLE_INFO_HEADLINE,战斗日
edd293912df79295,TID_BOOSTER_HERO_POTION_OFFER_INFO,<num>瓶英雄药水，在<time>内将英雄和战宠强化至您当前大本营所支持的最高等级。在家乡和建筑大师基地都可使用！
00d6e79c5f84fc5c,TID_CAPBUILD_INFERNO,地狱之塔
2c6a55012ff00eae,TID_GUARD_POST_INFO,部队驻扎于此，协助守卫村庄！这些士气高昂的部队肯定能延缓敌军进攻。
b96596a461f09381,TID_ARRANGED_WAR_START_BUTTON,发送挑战
2697ae6ccd5a808b,TID_GEAR_HOG_TOTEM,野猪骑士木偶
9d763aa8b9d8d18b,TID_LOCAL_NOTIFICATION_EVENT_SPECIAL_SPELL,首领，特殊法术的限时活动开始啦！
62c04b95f125d341,TID_DIAMOND_BUNDLE_TH11_ALT_REVISED_INFO,• <booster1>本建筑之书\n• <booster2>英雄之书\n• <res0>金币\n• <res1>圣水\n\n存放礼包中的物品不受最大储量限制！\n\n该<cffec78><value>倍超值礼包</c>只可购买\n一次，千万不要错过哦！
e94f6a8a5b5b0a5b,TID_OBSTACLE_BIRTHDAY2023,11周岁生日蛋糕
24b7706b258e683e,TID_CHARACTER_INFO_MINION_HORDE,六个行动迅速、无护甲保护的飞行战士。三人为伍，六人成军！
9205beeef7002f4b,TID_SCID_GOLD_PASS_QUANTITY,<num>个黄金令牌
b899e921bfd3a23e,TID_ALLIANCE_REQUEST_SENT,请求已发送！
d519e1c7f19fabd6,TID_DECO_RESTORED_BARBARIAN_INFO,给整个村庄带来欢乐！
2e87e0b0f2482e82,TID_FEATURE_BUILDER_BASE,建筑大师基地
f7f68e110ffd31e6,TID_ALLIANCE_WAR_MY_ATTACKS,我的进攻次数：
eafdcc99cf010865,TID_HERO_AURA_WARDEN_TITLE,生命光环
612ac1cb4a9792bf,TID_NPC_CHALLENGE_TH10_MINER_WIZARDS1,派出一些<c54a0fe>法师</c>清理部分建筑，这能确保<c9916c8>弓箭女皇</c>持续攻击基地内部。
96ad3e0c2f1fbf5a,TID_OBSTACLE_SMALL_TREE,小树
62b7c9ce81ecdf5d,TID_ERROR_POP_UP_CONNECTION_LOST_TITLE,连接中断
09b92d9446bb8c78,TID_ALLIANCE_GAMES_CLAIM_REWARDS_BUTTON,收集奖励
8de4b4b53b376190,TID_DONATION_FAILED_PENDING_UPGRADE,无法贡献，之前的升级仍在处理中，请稍后重试。
1592498ce884d03d,TID_LOCAL_NOTIFICATION_EVENT_CHINESENEWYEAR,首领，春节特惠礼包到了，快去看看吧！
cf2aedb95b447f6c,TID_ALLIANCE_WAR_PLAYER_ON_WAR_COOLDOWN,参与下次部落对战请等待
a88dbdf78cf30b1c,TID_BOOSTER_CLOCKTOWER_INFO,这瓶粘稠药水由碾碎的魔法齿轮提炼而成，可以开启时光钟楼提速效果并使其持续运转<time>。只可在建筑大师基地使用。
9467fca37b780c28,TID_PRIZE_SHOP_ITEM_PURCHASED_RESOURCE,已添加<count><resource>
7d169a6fa10000ca,TID_REGULAR_THEMED_BUILD_OFFER_INFO_TH0712_9999,• <res0>金币\n• <res1>圣水\n• <booster1>枚壁垒之戒，可用于立即升级城墙，升级高等级城墙需要多枚壁垒之戒\n• <booster2>本建筑之书，可用于立即完成任一建筑的升级\n\n• 存放礼包中的物品不受最大储量限制！\n• 该礼包在显示期间只可购买1次\n不要错过这个升级防御的好机会哦！
b185a777b55003a2,TID_REPAIR_SHIP_2,帆船带您探索新世界！
1b45737b7ebe5f09,TID_EVENT_TROOP_INFO,训练<troop>可享受折扣，快来完成活动挑战吧！
6bc292ad08501bd8,TID_BATTLEPASS_TASK_INFO_USE_GIANTS,在联机模式中使用巨人赢得<num>颗胜利之星。
5290957ebb3c5f65,TID_BOUND_TO_OTHER_ACCOUNT_LOAD_VILLAGE_TITLE,要加载村庄吗？
479f8d063bbfb105,TID_INFO,i
bb1354d9e2326430,TID_NPC52,核心连弩
1db2a40f92a854f3,TID_RAID_SIGNUP_ERROR_NO_PERMISSION,您没有报名权限
baab585b3967b4ed,TID_DECORATION_FLOWERBOX2,太阳花
d17a6e090003e876,TID_LINK_DEVICE_BUTTON,关联另一设备/账号
9127f7c0c6399b25,TID_LEAGUE_PLATINUM1,铂金联赛1
ed977983bceac603,TID_CHALLENGE_TH9_WITCH,女巫进击
40f11c686442566a,TID_MINER,掘地矿工
67a3450b44dd59cb,TID_WL_STATS_DESTRUCTION,摧毁率
5d1a7f5159b74dff,TID_ADVANCED_MEGA_TRAP_INFO,一个隐藏的强力爆炸陷阱。可选择对地或对空！
43d73038e16c13aa,TID_CLANGAMES_TASK_INFO_DESTROY_DARKELIXIRSTORAGES,在联机模式中摧毁<num>个<building>。
d2c6a1597aa3bcf6,TID_NEWS_DARK_SPELLS_TITLE,
03c6b25104452490,TID_VERSUS_BATTLE_ADD_MESSAGE,添加一条信息，开始友谊战！
b6cfa17aa4705ffa,TID_POISON_TOWER_SHORT,伤害药水法术
931ab0f5074b0fe1,TID_TUTORIAL_SHIP_ARRIVE,哇，新大陆！这是哪儿？好奇怪的地方！
96d39da322c55e37,TID_ALLIANCE_WAR_STARTWAR_INFO_CLANMEMBER,参与部落对战，为荣誉、资源奖励和部落经验值而战！\n\n\n准备好了吗？向部落首领请求开战吧。
5aebf5d9a458460c,TID_STAR_LABORATORY_UPGRADING_CANNOT_START_UNIT,星空实验室正在升级，暂时无法升级兵种
bc81847eec995a1e,TID_PRIORITIZED_UPGRADES,优先升级的项目：
c2dd4c3f73095113,TID_ITEMS_LEFT,剩余<number>
9a65fc4bb1def8d6,TID_LEGENDS_MP_ATTACK,进攻
18da307c473c8886,TID_TRAINING_TIME_REDUCTION,训练时间减少：<number>
c2b38f5b3bbb65f6,TID_CLANGAMES_TASK_INFO_WIN_STARS_VS_LEGENDLEAGUE,在联机模式中进攻处于传奇杯联赛的村庄，并赢得<num>颗胜利之星。
5e1e0254a3ca03da,TID_HINT_CRUSHER,撼地巨石可以碾压地面部队，但空中部队和远程攻击部队可以毫发无损地摧毁它。
3e302ab9ffd8151f,TID_BUTTON_REPLAY,回放
95e9b9eaeebbd6e2,TID_BATTLEPASS_TASK_INFO_WIN_BATTLES_USING_HOGGLIDERS,参加<num>场建筑大师基地战斗，每场战斗需使用<num2>个野猪飞骑且赢得至少1颗胜利之星。
b26d76d10305a459,TID_LINK_TARGET_IOS_BUTTON,我想关联\niPhone、iPad 或 iPod
7a5b1d3bb40448ff,TID_CLAN_AVAILABLE_FOR_RECRUITING_NO,不了，谢谢。
74a32f957018d72e,TID_TASK_GET_STAR_BONUS,每日胜利之星奖励
34b3d78bfc088875,TID_TUTORIAL_RAID_TEASER_2,时机一到，你的部落就可以参加突袭周末。
0d7fea24e23ffc2c,TID_BUILDING_STATUS,防御
1bc44a1e05bc6163,TID_REVENGE,反击
5cc3eb41893e86d7,TID_DIAMOND_BUNDLE_TH4_UPDATED_INFO,• 2级防空火箭\n• <res0>金币\n• <res1>圣水\n• <gems>宝石\n\n存放礼包中的物品不受最大储量限制！\n\n该<cffec78><value>倍超值礼包</c>只可购买\n一次，千万不要错过哦！
905434f4ef0ef8b2,TID_WL_BUTTON_CHANGE_MEMBERS,更换成员
ef8bd2c76b017159,TID_CHARACTER_INFO_ARCHER,这些神箭手在战场上总是能够百步穿杨，一箭封喉。她们觉得没有什么比一箭打爆对手更爽的了。
0dd4bc2930dac60d,TID_TENCENT_DOLPHIN_ERROR_1,网络错误，请在网络环境正常下重启游戏。
7d75b3952c0c85c1,TID_EDIT_MODE_TIP2,将建筑从仓库拖出，以放置它们
2981f61395c7ad34,TID_CLAN_ADVANCED_SEARCH_RESULTS_NO_NAME,显示高级搜索的结果
c1bc3966bd20a5db,TID_BOOST_ALL_DARK_BARRACKS,所有暗黑训练营
d47efb7de2e0f2dd,TID_TOWN_HALL_UPGRADE_WARNING,注意：升级后，如果对手的大本营等级为<number> 级或更低等级，您从该对手处可获得的战利品将会比升级前少。
b4b2bc7315f5f131,TID_BARCHER_ABILITY_NAME,狂暴披风
7f6f7ae94ef98f6d,TID_WL_LEAGUE_INFO_BUTTON,赛季信息
9d6f5966c47049a6,TID_BATTLECOST,花费：
5b82e4767303d82f,TID_WAR_WAR_BASE_INFO,在准备日，部落对战专属基地可以接收增援部队，并且可以使用您村庄现有的所有建筑进行防御布局。部落对战专属基地将会在部落对战期间进行防御，完美地保护您的资源和奖杯。请记得在部落对战专属阵型中添加您新建的建筑哦！
76127a29dc9a9be3,TID_TRAINING_LEVELS_DESCRIPTION,磨练战斗技巧，免费尝试不同的进攻战术！将大本营升至更高等级即可解锁新的练习关卡。
c5d3e31ba55a519c,TID_EVENT_CHRISTMAS_INFO,
3df0b34379a5cb49,TID_CLANGAMES_TASK_SPEEDY_STARS_MV,得星狂人
103aa4727c2e71af,TID_POISON_CLOUD_TOWER,伤害药水法术模式
e1515c60bee0edb9,TID_HINT_SPELL_RAGE,狂暴法术可以产生一个狂暴光环，让身处光环内的军队变得更快、更强。
623d50da4db8fb38,TID_STAR_BONUS_DESCRIPTION_NO_CC,胜利之星奖励会运送到您的宝库中，修复部落城堡以解锁宝库！
55f5a36947796eae,TID_DECORATION_BARBARIAN_STATUE,万能神像
181cef62288d6ce5,TID_NPC_CHALLENGE_TH6_GIWIWA_GIANTS,全面进攻！先派出<c54a0fe>巨人</c>，保护后面登场的<c54a0fe>法师</c>！
18e6cb6caccb764c,TID_MORE_YOUTUBE,来看看《部落冲突》的YouTube频道吧！
c1a1de358513780c,TID_LEAGUE_GOLD2_SHORT,金杯2
01f416792709a98d,TID_STARTER_TH2_INFO_BUILDCANNON,从商店获取一座新的加农炮！
d7bc8d73e87f71b6,TID_WL_COLUMN_STARS,胜利之星
49ff386dd4ca6361,TID_PER_WEEKEND,每周
902a1976e71fda27,TID_CHARACTER_INFO_LIGHTNINGDRAGON,雷电飞龙拥有钢铁般坚硬的鳞片，还能从高空中喷吐雷电。它最喜欢从空中对敌方实施毁灭性打击。被消灭时，雷电飞龙还会释放雷电再次劈向敌方！
429388a45ae602eb,TID_UNIT_COUNT,单位：
15db66a6cec9f0e2,TID_HINT_ARTILLERY2,在天鹰火炮造成大量伤害之前，可以通过快速攻击将其摧毁。
00186e6d7877457b,TID_CLANGAMES_TASK_INFO_USE_MAGIC_ARCHERS,在联机模式中赢得<num>颗胜利之星，每场战斗需使用<num2>个超级弓箭手。
6e2f78ca031864ca,TID_JOLLY_WARDEN,圣诞守护者
d5c7388d598c1277,TID_LEGENDS_MATCHMAKING_SOON,即将到来......
057965e37ae52ccb,TID_DIAMOND_BUNDLE_MAGICITEMS_BUILDER_BASE_HEROES_BOOK_WITH_ELIXIR_INFO,• <res0>建筑大师圣水\n• <booster1>本英雄之书\n• 存放礼包中的物品不受最大储量限制！\n\n包含升级战争机器所需的一切！
5e47b3730d151f6b,TID_BLACKSMITH_LEVEL_TOO_LOW,您需要将铁匠铺升至<number>级！
a4c7bc7db37e2418,TID_TUTORIAL_PET_SHOP,首领，我们参观一下战宠小屋吧！
3a0773f807938cfb,TID_CNY_CLAN_GAMES_HEADER,春节竞赛
b9de029884f92074,TID_TUTORIAL_LOOK_FINISH,是说用兵打仗吗？首领，看来您的本领在这儿也能派上用场！
612510a24f113ff3,TID_CHARACTER_INFO_SIEGE_CART,带轮子的加农炮？敌军肯定没料到！加农炮战车火力强劲，但不是那么坚固！
49d3c31f3b330469,TID_BATTLEPASS_TASK_WIN_BATTLES_USING_GOLEMS,实力碾压
abf974808e7803d2,TID_PET_ABILITY_INFO_ELECTROWL,闪枭的电击会弹射到附近的另一个目标。
00c3e7c9f0a3efe6,TID_RATE_APP_MESSAGE_AMAZON,请在亚马逊应用商店给《部落冲突》(Clash of Clans)评分并反馈意见！
0b3a91c423c1c774,TID_BUILDING_TOWN_HALL,大本营
54b1b67b5106aae6,TID_WAR_SELECT_MEMBERS_HINTS,您可以使用上方的按钮增加或减少参战成员。
d33b85484b8862a3,TID_CHARACTER_INFO_GIANT_SHORT,这些又高又壮的家伙只想着摧毁防御！
2d35a01847e11024,TID_TUTORIAL_ARTO_COMPLETE_1,完工！
c5cdb184198eb73f,TID_CLASHIVERSARY_WARDEN,未来守护者
0a4aa3c1141d737b,TID_TAB_RESULTS,对战结果
7396fd7a32fbacd7,TID_ABILITY,特殊技能
403c1f25acdcd2d3,TID_BATTLEPASS_TASK_WIN_BATTLES_USING_LOONS,胜利飞行
ab29c26c52ade8cd,TID_BATTLEPASS_TASK_WIN_BATTLES_USING_WIZARDS,法力无边
e01c2b768edbbba9,TID_CLAN_PERK_BONUS,部落特权奖励
4766506916c8068b,TID_NEWS_TH11_UPDATE_SPELLS_TEXT,• 从4级部落城堡开始，您不仅可以请求援军，还可请求法术增援\n• 增援的法术可以享受已有的部落特权加成\n• 现在，冰冻法术在9级大本营即可解锁，并且延长了低等级时的持续时间
e7865ed5c947bc27,TID_CAPITAL_LOCKED_JOIN_CLAN,您需要先加入一个部落才能前往部落都城
4d2baf44359b26c9,TID_NPC_CHALLENGE_TH11_EDRAG_BALLOONS,最后，派出<c54a0fe>气球兵</c>。
64e4594f16d100ba,TID_SUPER_VALKYRIE_ABILITY_NAME,临别赠礼
3ab9ec5dbbbd5df6,TID_SHOP_AVAILABLE,已建：
e9d7e2bc2c3b9aa6,TID_CLAN_WAR_PREPARE_BUTTON,开始准备！
01d541d2c647ba5a,TID_PTE_PERK_RESEARCH_BOOST_DESC,升级兵种、法术、战宠和攻城机器所需的资源和时间减少<num>%。
cde7bde72bf1e31a,TID_MATCH_VICTORY_BONUS,最大资源奖励：
e94f6b512b5ad12b,TID_OBSTACLE_BIRTHDAY2022,10周岁生日蛋糕
2dc0a4ad1783f675,TID_NEWS_TH11_UPDATE_SHIELDS_TITLE,护盾：灵活公平的防御
d857a201b88170a9,TID_CLANGAMES_TASK_USE_LOONS,气球闪电战
80b933ff7816fca3,TID_CRAFT,铸造
7d953ddf563f7d60,TID_NPC_CHALLENGE_TH4_GIANT_WALL_BREAKERS,在<c54a0fe>巨人</c>阵亡前快速摧毁城墙。
30379fb893ffd0b4,TID_ALLIANCE_WAR_AVG_ATTACK_DURATION,平均攻击时长
c8a413a5003699c4,TID_UPGRADING_WEAPON_FIRST,您需要先升级武器。
a525af0f203004af,TID_NPC14,罗布堡
0b4d5d085f6713fb,TID_RAGED_BARBARIAN,狂暴野蛮人
e086e08b546f4199,TID_DEFENCE_TROOP_COUNT,防御部队：<number>
4471de5145ce21dd,TID_CLANGAMES_TASK_GET_LEVELKILLS_VS_BATTLEMACHINE,悬赏战争机器
0c3222c6761301c7,TID_GEAR_INFO_IRON_FIST,使野蛮人之王获得狂暴效果
5855338d2dcdcd85,TID_CHARACTER_INFO_ELITE_GOBLIN,隐秘哥布林身怀绝技，能在部署后隐形一段时间，但是他们获取资源时会弄出巨大的响动，很容易暴露行踪。
4d5dc407298c0baa,TID_EVENT_CHRISTMAS_SPELL_INFO,给敌人的村庄送上一份毁灭性的礼物！\n\n圣诞奇袭法术仅限活动期间配制。
a1c0b28f0f0ad45c,TID_POPUP_GOBLIN_RESEARCHER_HEADER,嘿，首领！
a775ce0339fe27e5,TID_TENCENT_LOGIN_PROMPT_UNBLOCKED_NONE,根据防沉迷系统最新规则，游客登录的用户无法进行实名认证，15天内只能累计游戏1小时。\n\n为了保证最佳游戏体验，我们强烈建议您通过微信或QQ登录游戏以完成实名认证。
94e47720c3a5d41e,TID_CAPBUILD_BARRACKS_MINION,亡灵训练营
3385dc58ded30882,TID_ALLIANCE_WAR_RESOURCE_STORAGE_CAPACITY,<resource>：<number>
6d57afa67d1597e3,TID_TOWN_HALL2_INFO,建筑大师的家，战斗中的主要目标。\n\n在进攻中摧毁敌军的建筑大师大本营可获得一颗胜利之星。摧毁一个区域中50%的建筑可获得第二颗胜利之星，摧毁率达到100%可获得该区域的三颗胜利之星奖励。\n\n升级建筑大师大本营来解锁更高级的建筑和兵种！
6d4c457c443c1df2,TID_BATTLEPASS_TASK_INFO_USE_WITCHES,在联机模式中使用女巫赢得<num>颗胜利之星。
eb6a34e1bb980719,TID_CLAN_TAG_VETERAN,多年玩家
228d9de1bf3e9810,TID_CLANGAMES_TASK_USE_HOGRIDERS,野猪突袭
3bd080e07f7c6d97,TID_PAINTER_KING,粉刷匠蛮王
9649412db6a10f68,TID_ALLIANCE_BADGE_BROWSE,浏览
0f25b8617d822ffa,TID_BONUS_ATTACK_EARNED,获得了额外进攻机会！
3cf6260c9c670bc3,TID_CLANGAMES_TASK_INFO_USE_GIANTS,在联机模式中赢得<num>颗胜利之星，每场战斗需使用<num2>个巨人。
7b5fc89ba446fbc2,TID_HASTY_BALLOON_ABILITY_HELP,在部署后的<num>秒内提升移动速度
6315d4c5f665a3f8,TID_CHARACTER_INFO_RAID_CART,又是一个带轮子的加农炮？可能没什么新意，但一些大块头的加入弥补了这点遗憾。现在它火力更强，还有不好惹的野蛮人一路护送！
0fae4f3b1249d3cb,TID_DECORATION_ARCHER_QUEEN_STATUE,弓箭女皇雕像
8cbcd0c0866bad4c,TID_BB_LEAGUE_MAX_ELIXIR_REWARD,防御奖励上限：
f560030708ed15ce,TID_BAT,蝙蝠
38df2701ee76770c,TID_GEM_MINE_INFO,宝石矿井中藏有少量宝石，这是极其珍贵的资源！开采宝石既费时又费力。
2e067d8c2d25ba0e,TID_BOOST_SIEGE_WORKSHOP_POPUP_TITLE,加快建造攻城机器！
19d7c604efc00f3a,TID_ICE_HOUND_ABILITY_NAME,寒气逼人
339e92e24a3bfacb,TID_LEAGUE_BRONZE2_SHORT,铜杯2
582f27bec74ddc33,TID_REENGAGEMENT_LOOTCART_1,来犯的敌人留下了这些东西，然后......就溜了。
ea503c2d8c7a9468,TID_ATTACK_WON,您获胜了
71b08e5c6b1461e1,TID_BATTLEPASS_TASK_GET_CLANGAMES_POINTS,大力士之友
e2abc716a97e741f,TID_CHARACTER_RIDERLESS_HOG,超猛野猪
9b7c8bda1626fa44,TID_BOOSTER_FINISH_TROOP_UPGRADE,战斗之书
c965fee303a05734,TID_TRAP_AIR_MEGA,搜空地雷
8965671e76ea74f5,TID_NPC_CHALLENGE_TH8_GOWIPE_HEAL1,在城墙缺口处施放<cffe346>疗伤法术</c>，让部队安全通过。
fd56ae34070f9f9a,TID_CHARACTER_INFO_IRONFIST_GIANT,别看巨人行动笨拙、体壮如牛，他们可是一直在练习拳击！
5c09071b47430e57,TID_DIAMOND_BUNDLE_MAGICITEMS_RESOURCE_POTION_INFO,• <gems>宝石\n• <booster1>瓶资源药水\n• 存放礼包中的物品不受最大储量限制！\n\n加速资源采集器的采集速度！\n\n千万不要错过哦！
27b7ec5138ed5e40,TID_CLAN_GAMES_REWARDS_RECEIVED,获得奖励：
88fadf3193178e95,TID_BATTLEPASS_TASK_INFO_USE_HEALERS,在联机模式中使用天使赢得<num>颗胜利之星。
5c433a1f1474e549,TID_IAP_TRANSACTION_PENDING,请稍等。支付进行中。
0303cb5e2b5fbd60,TID_SUMMER_KING,夏日蛮王
62801ff6ba35714c,TID_SHOP_CATEGORY_DEFENSE_BUILDINGS,防御
161e02bd289ab5b6,TID_CAPITAL_RESOURCE,都城金币
85c2b45adc713ef8,TID_WL_BONUSES_GIVEN_TO_STREAM,已将部落对战联赛额外奖励发放给：<people>
b73df0ef9d5a1c69,TID_SETTING_CHANGE_FAILED,更改该设置时出错，请稍后重试。
ae7cd6ef2fcfb2f1,TID_JOLLY_CHAMPION,欢乐战神
e5d3081b10d14d19,TID_CLANGAMES_TASK_DESTROY_BB_GUARDPOST,解除警戒
e252bca0c1475433,TID_NPC39,明智的选择
3d2cb8fefa787bde,TID_ERROR_POP_UP_LOGIN_FAILED_BUTTON,重试
52fe53bb73c3b77f,TID_ARTILLERY_INFO_SHORT,可以消灭村庄各个角落的敌军。
9f52c4a65cddbca3,TID_GIANT,巨人
aa97447977773877,TID_CHARACTER_LAVALOON_PUP,迷你熔岩气球犬
d4ec6df78fd54bd5,TID_DARK_AGES_SCENERY,黑暗时代
666e364a34934668,TID_NPC_CHALLENGE_TH13_HYBRID_BABY_DRAGON,派出<c54a0fe>飞龙宝宝</c>清理基地底部建筑，让<c9916c8>弓箭女皇</c>向基地上方进攻。
6c3c8b6b8902f512,TID_OBSTACLE_LNY2024,红包信箱
b012e4d1a719152b,TID_TIME_DAYS,天
2ebf68e387048be0,TID_CLANGAMES_TASK_DESTROY_SPELL_TOWERS,摧毁法术塔
1e43b94f5dd8c01c,TID_LEGEND_LEAGUE_INFO_TAB2_HEADER,护盾
0567538c9dd30e93,TID_BUTTON_CLAN_WAR_MATCHED_START,部落友谊战
68d3031ca04a822e,TID_HINT_SINGLE_PLAYER_REWARDS,还差一点金币进行升级？可通过单人模式从哥布林那里获得一些！
1e6d4134bbd94b8e,TID_SHARE,分享视频
e99339d0979c0fad,TID_TENCENT_DOLPHIN_ERROR,更新错误<error>
ec6a074d5e9f5223,TID_TUTORIAL_WAR_MAP_ENEMY_2,部落对战的进攻次数有限，所有部落成员必须团结一致并肩作战。
00cf2c6fcb284337,TID_CLANGAMES_TASK_USE_WALLBREAKERS,炸墙日
302d1aae43a9e2a5,TID_DIAMOND_BUNDLE_BH8_INFO,• <gems>宝石\n• <res0>圣水\n• <res1>金币\n• 4级超级特斯拉电磁塔\n\n礼包中的建筑无需花费建造时间，存放礼包中的资源不受最大储量限制！\n\n该<cffec78><value>倍超值礼包</c>只可购买\n一次，千万不要错过哦！
a76a57479f06cb75,TID_SHOP_CATEGORY_BUILDERS,建筑工人
ea8a6e4765be226c,TID_CANNOT_SWITCH_TO_ACCOUNT_WITHOUT_TENCENT_ID,已找到大本营等级为<number>级的村庄<name>！要登录与之绑定的微信或QQ来加载游戏进度吗？
1370eddd5a77cca9,TID_DECORATION_GOLDEN_HOG_INFO,黄金的光泽，黄金的气味，黄金的触感，大概就是黄金做的吧。
3a8ed302cb422198,TID_STARTER_TH2_BUILDCANNON,建造加农炮
591a68bb0bb40d95,TID_HALLOWEEN_2016_INFO,
ff528306d8307402,TID_DEFENCE_PERCENTAGE,成功防御：
14d205103f89074a,TID_OBSTACLE_TREE_STUMP,树桩
c1ba1c8732bdcef6,TID_POPUP_REMOVE_WAR_DONATION_TITLE,移除增援部队？
f37ed5d58e906fff,TID_START_WAR_FAILED_ENEMY_HAS_TOO_MANY_REQUESTS_PENDING,还有多个友谊战邀请待处理，无法发起部落友谊战！
d59b086fcc2a498b,TID_TRAP_FREEZE_INFO,冻住进攻中的敌军，冻起来！\n\n仅限活动期间使用
6aadd073aa36c43c,TID_CLANGAMES_TASK_DESTROY_DARKSPELLFACTORIES,破坏暗黑法术工厂
c1d60de906150253,TID_BOOSTER_FILL_ELIXIR2_STORAGE_INFO,这件魔法物品仿佛能带来无尽的圣水，它能够立即使建筑大师基地的圣水达到最大储量。
49b1be072f19afe0,TID_ACHIEVEMENT_LEAGUE_PROGRESS_3,进入冠军杯联赛
315629c92117d6d8,TID_LEGEND_SEASON_END_PRESTIGE,赢取的传奇奖杯数：
3852061cf82c36ea,TID_HERO_INFO_BATTLE_COPTER_SHORT,探索地底需要一台飞行器，这很合理。
4b6da3cb89a8f416,TID_LEGENDS_DEFENCE_CC_BUTTON,选择
8409eae581678e67,TID_SUPER_WIZARD_ABILITY_NAME,链式魔法
9c528cf22d8299f3,TID_TRAP_SHRINK,玲珑陷阱
b37f93f6dbe6c228,TID_MONTH_8,八月
1ed2d4a008111d00,TID_LINK_DEVICES_ENTER_CODE_TEXT,（如要获取关联代码：在原有设备上，转到关联设备操作界面，单击\q这是原有设备\q按钮。）
6bd0cad16ae4c043,TID_NEWS_IOS7_TEXT,下次更新后，《部落冲突》将无法继续在系统版本为iOS 5和iOS 6的苹果设备上运行。为了能继续享受《部落冲突》带来的乐趣，请尽快将您的设备系统升级至iOS 7或更高版本。请点击下方按钮查看更多信息！
bb15154b193b8e82,TID_CAPBUILD_AIRBOMBS,空中炸弹发射器
451582d21b623e24,TID_GIVE_NAME_TITLE,我的村庄叫做......
f34b444e4e523cfe,TID_BP_SEASON_BANK_MULTIPLIER,更快填满
d534f20074840932,TID_REGION_CUSTOM1,
cf64a95a92114d79,TID_BUILDING_XBOW2,十字连弩
b492ed6722cc3b8c,TID_SPELL_OVERGROWTH_INFO,
85d1069836e078d9,TID_DECO_LAKE_5,小池塘
ea5430b8533a5faf,TID_STREAM_EVENT_ALLIANCE_LEVEL_UP,部落已达<value>级！解锁了新的部落特权：
216e5484e0d72d7d,TID_CLAN_GAMES_NOT_ENOUGH_POINTS,积分不足，未能解锁任何奖励。
fbd8874fd96cc43f,TID_NPC87,剧烈头痛
cfd42d5f91e8ccc4,TID_NPC_DEPLOY_STEPS_OFF_TITLE,准备好了吗？
7e328cc9f3af32f8,TID_LAYOUTS_ACTIVE_LAYOUT,当前使用的阵型
5835a9dd101a124d,TID_SUPER_BARBARIANS,超级野蛮人
99a744c15ee1d578,TID_WEAPON_RAGE_SPELL,狂暴法术塔
d64cc28e2eddc6ed,TID_BATTLEPASS_TASK_INFO_UPGRADE_ANY_WALL,在家乡或建筑大师基地升级<num>块城墙。
43c6fedf8fa61f61,TID_SHOP_CATEGORY_OFFERS,特惠
031c65e5a9a254ac,TID_LEAGUE_SIZE,联赛：已选择<num>名成员
f9118bc35471bbc0,TID_CHARACTER_SIEGE_BATTLE_DRILL_INFO,攻城钻机完美体现了哥布林的聪明才智。它能够深入地底，钻向距离最近的防御建筑。到达目的地后，它会冒出地面，使用威力十足的钻头瘫痪并摧毁目标。
4a2819853a4ebd15,TID_DEFEATED,被击败
ff339292b796d9c6,TID_ACHIEVEMENT_DESTROY_MORTARS,在联机模式战斗中摧毁<number>门迫击炮
d2797807ead57e4c,TID_CLANGAMES_TASK_DESTROY_SCATTERSHOT,破坏投石炮
4ff26806348175b3,TID_TUTORIAL_WORKER_MENU4,首领，看来您在这里有得忙了。但我们那边的村庄也需要您打理，别忘了哦！
724caeab24d7756e,TID_BATTLEPASS_TASK_WIN_WARATTACKS,战争英雄
048fd0ba6fc693a6,TID_LOCAL_NOTIFICATION_BP_SEASON_ENDING,在月度挑战结束前赢取更多积分，解锁更多奖励。
f43feb2c6c3ab983,TID_HINT_SHIELD_GAIN,如果有敌人摧毁了您的村庄，您可免费获得护盾。
976d3a784090016e,TID_BATTLEPASS_TASK_WIN_STARS_USING_FREEZE_INFO,在联机模式中使用冰冻法术赢得<num>颗胜利之星。
fbfbf431f9db361a,TID_BUILDING_BOW,十字连弩
1e03ce352afbc22c,TID_CHAMPION_CHAMPION,冠军战神
70fb32af35fda06e,TID_CHARGE_LEVEL,充能等级<number>
e040604e8bcc3052,TID_CAPITAL_PLAYGROUND_SUPER_GIANTS_2,部署更多<c54a0fe>超级巨人</c>增强进攻火力。
4c04e3d2f6d78506,TID_DIAMOND_BUNDLE_MAGICITEMS_HERO_BOOK_WITH_RESOURCES_INFO_OLD,• <booster1>本英雄之书\n• <res0>暗黑重油\n• 存放礼包中的物品不受最大储量限制！\n\n使用英雄之书立即完成任一英雄的升级！！\n\n该<cffec78><value>倍超值礼包</c>只可购买\n一次，千万不要错过哦！
3c600e74377b7365,TID_REINFORCEMENT_CAMP_INFO_SHORT,迟到总比不到好！进攻完第1区域后提供部队增援。
2a5b651dabefc770,TID_SPECIAL_OFFER_EASTER_LIMITED_999,春季特惠
c79ada5ec2e06e22,TID_OBSTACLE_HALLOWEEN2023,邪恶树苗
7010e90ec92ead2a,TID_POPUP_HEADER_ABOUT_TO_BOOST_HERO,加快恢复速度！
5c9da1d98531210e,TID_TENCENT_EXIT,退出
199d73ad115793dd,TID_DECO_GOBLIN_CHEST,哥布林宝箱
b8067ca9df88fcbe,TID_DIAMOND_BUNDLE_ELIXIR_DARK_ELIXIR_INFO,• <gems>宝石\n• <res0>圣水\n• <res1>暗黑重油\n\n存放礼包中的资源不受最大储量限制！\n\n该<cffec78><value>倍超值礼包</c>只可购买\n一次，千万不要错过哦！
429fd020636bb691,TID_CLANS_SELECTOR_SEARCH,搜索
b0fce68046e6c0c8,TID_SUGGESTED_PLAYERS_TITLE,推荐玩家
ca1c14ebef1d1532,TID_STARTER_WINUSINGHEALER_INFO,在联机模式中赢得<num>颗胜利之星，每场战斗需使用<num2>个天使。
5f0817c366f8bc5f,TID_ACHIEVEMENT_ACCOUNT_BOUND_TENCENT_AND_GAME_CENTER,绑定微信、QQ或Game Center账号
66defd5e1026c7d1,TID_PIXEL_WARDEN,像素守护者
d73cae3135916e4a,TID_BOOST_ALL_ATTACK,所有军队建筑
318358b0166f9c64,TID_CLANGAMES_TASK_INFO_WIN_HOMEBATTLES,在联机模式中获胜<num>场。
c4619e30740d089a,TID_BUILDING_CUSTOMIZE_CATEGORY_DECO,装饰
44b8c473e6873fce,TID_LEADERBOARDBANNER_PLAYER_TIMELEFT,结束还有：
d31403b06d5af826,TID_STREAM_EVENT_CANCELLED_WAR_LEAGUE,已取消搜索部落对战联赛对手
989ecd5dbdf38a2c,TID_BOOKMARKS_NOT_LOADED_YET,无法加载收藏，请稍后重试。
290d287574f13d0e,TID_SUPER_WITCH_ABILITY_HELP,超级女巫会召唤一个体型超大的骷髅兵。
26a26e88f944ca92,TID_TRAP_AIR,空中炸弹
9e76fd658df10eb8,TID_CAPITAL_GRAVEYARD_SPELL,骷髅召唤法术
b72ae8bb0a2767e1,TID_COSMETICS_CUSTOM_SOUND,声音特效
73e06ade01ffd9dc,TID_BUTTON_BOOST_ALL,提速所有同类项目
8477aeee20003052,TID_NPC_CHALLENGE_RAGE_THE_HEALERS,施放一个<cf07bf8>狂暴法术</c>，提升<c54a0fe>天使</c>的治疗能力。
4a3f4357379cf8ed,TID_COSMETICS_CUSTOM_MODEL,独特模型
ef3a49a0b33d4e43,TID_DIAMOND_BUNDLE_TH7_UPDATED_INFO,• 2级特斯拉电磁塔\n• 野蛮人之王\n• <res0>暗黑重油\n• <res1>金币\n\n存放礼包中的物品不受最大储量限制！\n\n该<cffec78><value>倍超值礼包</c>只可购买\n一次，千万不要错过哦！
18fead04a752b288,TID_BATTLEPASS_TASK_COLLECT_DARKELIXIR,黑油大亨
a59039b1ea36bef0,TID_INFO_TARGET_TYPE_GROUND_OR_AIR,地面或空中目标
e78326407ec90ca6,TID_CHARACTER_INFO_SIEGE_MACHINE_TROOP_CATAPULT,
4fe3a7805c046962,TID_POPUP_EDIT_MODE_DISCARD_TITLE,要取消编辑吗？
f45eca5aebafd93c,TID_FACEBOOK_UNAVAILABLE_TRACKING_DISABLED,已根据您的设备隐私偏好禁用Facebook社交功能。
9f4270069261f697,TID_GIFT_NOT_AVAILABLE_IN_MODE,回营领取礼物！
ab35169a6c5b4b80,TID_WELCOME_BACK_EVENTS,新活动
a0cbf5d016b6d8ec,TID_CHANGE_NAME_ALREADY_USED,无法更改名称！该账号已经使用了仅限一次的改名机会。
0d2ed9e531f44124,TID_LOCAL_NOTIFICATION_WAR_PREPARATION_ENDS,部落对战准备日即将结束！
d72401b9af8a4f8d,TID_IN_PROGRESS,进行中
406a99dd555619ca,TID_DAILYLOGIN_BUTTON_CLAIM,领取
f3406f405dc69d9a,TID_BASIC_TURRET_INFO_SHORT,炮轰来袭的地面敌军。
fe75945ff0630c5b,TID_HINT_WELCOME,很久很久以前，在魔法森林里有一片空地......
8378d2c09a9d9f6d,TID_BATTLEPASS_TASK_INFO_WIN_BATTLES_USING_WALLBREAKERS,在联机模式中使用炸弹人赢得<num>场战斗。
0e603548b61da4dd,TID_STREAM_SHARED_LAYOUT_HOME,分享了一个<num>级家乡大本营阵型
ee97c94d9a1bbfce,TID_DIAMOND_BUNDLE_BH4_INFO,• <gems>宝石\n• <res0>圣水\n• 1级守卫岗哨\n• 1级空中炸弹\n\n礼包中的建筑无需花费建造时间，存放礼包中的资源不受最大储量限制！\n\n该<cffec78><value>倍超值礼包</c>只可购买\n一次，千万不要错过哦！
7c06be0d83fbf0b4,TID_CLANGAMES_TASK_DESTROY_BB_BUILDINGS,捣毁建筑
7f17f996d1c396b7,TID_BUTTON_FIGHT,开始！
69412c3dab6e9d0b,TID_BUTTON_CAPITAL_MAP,地图
9b63a420b3e4d285,TID_PRIZE_SHOP_ITEM_PURCHASED_INVENTORY,<item>已添加至您的库存中
faa117ae971665c9,TID_MOVE_MASTER_BUILDER_ERROR_VILLAGE_HV,建筑大师目前在建筑大师基地
0a817e7e6f26504a,TID_COMM_MAST,无线电塔
bcd467ca58b47856,TID_TITLE_SHARE_REPLAY,分享视频
8d887e67dfae601a,TID_RUIN_DESC,成片的建筑长期无人打理，只等人重建，让它们焕发新生。\n\n<building>升到<level>级就可以重建。
950db022cec22181,TID_STARTER_UPGRADEWALL,强势阻挡
71bc841ace1d583a,TID_FAVORITE_TARGET_HEROES_AND_TROOPS,英雄和部队
ec6cac156a9ac459,TID_DECORATION_LEAGUE_I_STATUE,大师雕像
06e1507335360d1c,TID_TUTORIAL_DEFEND_5,咕噜咕噜，金币！哥布林最爱金币了！
e9e47db0a680b62e,TID_CLANGAMES_TASK_USE_BARBARIANS,野蛮人乱斗
5db8a04ab0e04987,TID_NPC_NAME_TUTORIAL,恶有恶报
566562b1f8cb148d,TID_NPC_CHALLENGE_TH9_WITCH_WIZARD,派出剩余的<c54a0fe>法师</c>帮助清理剩余建筑。
0c408f3cda137ecd,TID_BB_LOOT_CART_POPUP_TEXT,已收集防御奖励
9f03ccc1b9fa493c,TID_VIEW_PROFILE_TAB,玩家简介
630e9b4ec44b9415,TID_PRACTICE_MODE_UNLOCKS_LATER,练习模式在家乡大本营达到4级时解锁
3ce495c1fbeaf3c8,TID_EP_GET_BANNER_TITLE,购买活动令牌
0da3167bb7ac5f32,TID_ALLIANCE_WAR_MOST_HEROIC_VICTORY,最英勇的进攻
4993495fc2492d45,TID_PREFERRED_TARGET_DAMAGE_BONUS,（伤害x<number>）
594c99a7b3c8abdc,TID_TROOP_INFO_COMING_SOON,即将推出！
64d3915ec1169488,TID_CLAN_GAMES_THEME_BIRTHDAY,生日竞赛
50961150c64ea5d4,TID_DAMAGE_RADIUS,范围伤害：<number>格
07a221390d4cddf4,TID_NEWS_UPGRADE_OS_TEXT,很遗憾，基于多种技术原因，在下次App Store更新后，《部落冲突》将不再支持在5.1.1以下的iOS系统上运行。\n而您的设备目前使用的版本低于此要求，因此，除非将iOS升级至最新版本，否则您将无法继续玩《部落冲突》。\n如需了解怎样利用iTunes升级iOS，请点击\q更多信息\q。
2cd768d28c52665e,TID_BATTLEPASS_TASK_INFO_DEPLOY_SPELLS,在联机模式中施放<num>空间的法术。
8823317a31a06a88,TID_SUPER_TROOP_OVERVIEW,<troop>
de4f266202bf2af1,TID_NOT_ENOUGH_WORKERS_TEXT_GEAR_UP,立即完成改装以空出建筑大师？
3d14f828cf5c658c,TID_CLANGAMES_TASK_INFO_USE_DRAGONS,在联机模式中赢得<num>颗胜利之星，每场战斗需使用<num2>条飞龙。
fa652d771612cc62,TID_BOOST_POPUP_TITLE,加快采集速度！
23a4c45374181a73,TID_NPC11,迫击炮阵地
5626697ba7dc4611,TID_BP_SCENERY_TITLE,场景
051c2805a7725a39,TID_TUTORIAL_CLASHOWEEN_EVENT_A3,有没有想过我也能建造......部队？
21b0aa3f832e5105,TID_COSMETIC_ESTATE_2X2_SMALL_CABIN_INFO,如果村民喜欢明亮方正的房子，那很适合住在这里。
b09bf2a488f6435b,TID_NPC_CHALLENGE_TH9_BABYDQW_POISON,使用<ce98714>伤害药水法术</c>减缓<cf70d16>敌方英雄</c>的速度。
05e7302b31a94743,TID_BP_COMPLETED,已完成！
b82279e906c06c6a,TID_CLANPERK_DESC_DONATION_UPGRADE_VALUE_PLURAL,<value>级
44dc6c634186f29c,TID_ALLIANCE_GAMES_NO_ALLIANCE,您需要加入部落才能参加部落竞赛。
505a6ce779ba9239,TID_OBSTACLE_HALLOWEEN2017,万圣节障碍物
d0da829bc4775c90,TID_GEAR_RESOURCE_RARE,璀璨矿石
9b85b2905c2216e5,TID_TYPE_ACCEPT_CLAN_INVITE_WHILE_IN_CLAN_TEXT,如果您接受该部落邀请，您将退出当前所在的部落。您确定吗？
5a067d8444c6b13f,TID_BOOSTER_FILL_DARK_ELIXIR_STORAGE_OFFER_INFO,<num>块暗黑重油符石，可使家乡的暗黑重油立即达到最大储量
0e0534efba012dbb,TID_DECORATION_CLASMAS_22_INFO,起飞容易，降落不易。
df25dcb78280e186,TID_MORE_INSTAGRAM,来看看《部落冲突》(Clash of Clans)的Instagram频道吧！
2522edb7c98e9af8,TID_LEAGUE_TITANIUM1,钛金联赛1
8b479f8a8ee1a702,TID_FREE_CRAFTING_FINISHES_IN,即将出炉......
ea6b4ec25694980e,TID_LOCAL_NOTIFICATION_EVENT_ANNIVERSARY_OFFER,首领，商店推出了限时5周年生日礼包，不要错过哦！
16a4d4b082dd5ac7,TID_LEAGUE_MIN_SIZE,至少要选择<num>名成员才能加入联赛
7fc1f7f739f57028,TID_BOOSTER_FINISH_ANY_UPGRADE,万能之书
3e9b7b98c33a8b8b,TID_GROWTH_AURA_PERCENT,生命值提升：<number>%
c41dec8f13f2fc53,TID_MORE_WEIBO,
b556551146746121,TID_TUTORIAL_CHECK_PARENTAL_CONSENT,首领，在开始游戏之前，我们需要征得一位值得信任的成年人同意。
0cdd75bbd13fbe80,TID_ALLIANCE_ROLE_LEADER,首领
0b36efe5f5f66b44,TID_CLANGAMES_TASK_WIN_STARS_VS_TOWNHALL_11,终结11本
49af6fe3720a5cf4,TID_HERO_ABILITY_UPGRADE_PROMPT_FEMALE,将英雄升至<number>级以增强其技能！
2997f6726ba52213,TID_PERSONALISED_SHOP,商店个性化推荐
43c7d3c34a3a903e,TID_DECORATION_SNOWMAN_INFO,非常漂亮的黄头发，圆溜溜的小眼睛，全身都是冰雪，它就是一个经典的雪人。
eb95e3410433465e,TID_CAPITAL_REWARD_END_BATTLE,突袭奖章已添加至您的部落都城宝箱
8de9403081b7859d,TID_PERSONAL_POINT_QUOTA_FINISHED,您的积分已经达到上限，无法开始新挑战！
cdb21be815b9da05,TID_DECORATION_10_YEAR_FOUNTAIN_INFO,庆祝成立10周年！
fbf8e949f2c182e7,TID_FEEDBACK_BUTTON1,付费问题
a4328aa438d09c7b,TID_WAR_ATTACK_CONFIRM_TITLE,要立即进攻吗？
a248270716230476,TID_EVENT_TROOP,<troop>活动
c728c618e211e7d6,TID_INFOBUBBLE_BUILDER_SUGGESTION,建议升级：
4a36f09c9cd2d524,TID_CLANGAMES_TASK_INFO_DESTROY_CHAMPION_ALTARS,在联机模式中摧毁<num>个飞盾战神王座。
e25b1f0c9fe93958,TID_NPC62,地底伏击
e9731736c1b052f1,TID_ALLIANCE_GAMES_COMPLETE_TASK,提交
5ebe50ca1ae6c539,TID_OFFER_SEASON_CHALLENGES_TEXT_3,高达20倍超值！
56ee65cd068f5d34,TID_POPUP_ANDROID_EXIT_TITLE,确定退出
a07fce95dfeff51c,TID_CLANGAMES_TASK_USE_MEGAPEKKA,雷霆皮卡横扫千军
4da1749ceace2368,TID_MODE_STILL_LOCKED,升级以解锁。
52feed8d9c900d21,TID_NPC56,高压区
e54f7dd33cc3ff52,TID_CLANGAMES_TASK_DESTROY_BB_ELIXIRPUMP,强拆圣水收集器
37c0ecb451a922ff,TID_SCENERY_GOBLIN_CAVES,哥布林洞窟
655c537d5078b5cc,TID_CLANGAMES_TASK_DESTROY_BB_DOUBLECANNON,双管加农炮末日
e010a2b578f16d64,TID_HINT_RESOURCE_UPGRADE_NOT_FUNCTIONING,金矿和圣水收集器在升级的时候不能产出资源。
5ce8b1ce60559835,TID_ACHIEVEMENT_DESTROY_WEAPONISED_TH_TITLE,迎难而上
1345b16c2e8c05e1,TID_SINGLE_PLAYER_AVAILABLE_LOOT,可获得的资源：
df7fe28c0da3ee14,TID_LEADERBOARDBANNER_CLANTOURNAMENTS,部落锦标赛
bec6853b7517740f,TID_KUNLUN_APP_STORE_OPPO,OPPO应用商店
98e7383ef763c250,TID_TAB_EVENTS,活动
314e92e24a3bf904,TID_LEAGUE_BRONZE1_SHORT,铜杯1
f6882fb8c464f875,TID_POPUP_BOOST_PET_SHOP_TITLE,提升战宠升级速度？
cf20e5716b5b2ce1,TID_REQUEST_NOT_AVAILABLE_IN_MODE,回营请求增援
132493214f809351,TID_BATTLEPASS_TASK_INFO_WIN_BATTLES_USING_ICEGOLEM,在联机模式中使用戈仑冰人赢得<num>场战斗。
ac9f8c9078a5c489,TID_ACCEPT_PRIVACY_SUGGESTIONS,接受
d994fdbfdb736401,TID_ACHIEVEMENT_ACCOUNT_BOUND,为您的村庄绑定一个社交账号，避免村庄丢失。
7fc5829e13de36c5,TID_DEVICE_LINK_ERROR_TOO_MANY_DEVICES,连接的设备过多
76132922ba20ddaa,TID_DIAMOND_BUNDLE_TH9_INFO,• <gems>宝石\n• 弓箭女皇\n• 1级十字连弩\n\n礼包中的建筑无需花费建造时间！\n\n该<cffec78><value>倍超值礼包</c>只可购买\n一次，千万不要错过哦！
53f9d34fc66b92c2,TID_SURRENDER_BUTTON,放弃
f976d5c91dc164bb,TID_CLANGAMES_TASK_INFO_WIN_STARS_VS_TOWNHALL_14,在联机模式中进攻14级大本营村庄，并赢得<num>颗胜利之星。
d388e29f8718b88e,TID_PROFILE_BUTTON_ADD_FRIEND,添加好友
61ecd969b729f918,TID_BATTLEPASS_TASK_WIN_BATTLES_USING_BAT_INFO,在联机模式中使用蝙蝠法术赢得<num>场战斗。
ea06af6fbce9f4f7,TID_TUTORIAL_ELIXIR_STORAGE_1,圣水收集器只能存储少量圣水。
e67723a8d0b10100,TID_ALLIANCE_STREAM_THANKS,感谢您的增援！
1463a8bc996f7d1c,TID_LIVE_REPLAY_FAIL_NO_DATA_FOUND,无法实时观看，这场战斗已经结束。
464751845e3edd5d,TID_HERO_ROYAL_CHAMPION,飞盾战神
ba75396d5d3afe55,TID_CLAN_GAMES_CLAN_SCORE,部落积分：
4d53fa240566c0ee,TID_VERSUS_BATTLE_TRAIN_ARMY,训练军队，填满兵营后开始友谊战！
f526b24a40ddc553,TID_CHARACTER_INFO_SKELETON,这些不死生物本身不构成太大的威胁，但它们从来不单独作战，因为女巫会不断召唤成群的骷髅兵来对抗您的敌人！
52bda057630d1503,TID_BUTTON_CANCEL,取消
fdfcd5c7da462bfe,TID_TITLE_SELF_DONATE_TROOPS,添加援军
993e96f8f07d8837,TID_DECORATION_SUPER_TROOP_STATUE,超级部队雕像
36f32b97ec8838d2,TID_MISSION_REWARD,奖励：
b49779d59def512a,TID_CLANGAMES_TASK_DESTROY_QUEENALTARS,摧毁弓箭女皇王座
ab8a1bb121c51b44,TID_TRAP_AIR_MEGA_INFO_SHORT,跟踪敌方空中部队，给他们送上真正的暴击式问候。
adb9708f4800e1b9,TID_FRIEND_LIST_TEAMUP_2,好友请求会出现在这里
c27a752b8a3c8eaa,TID_COME_BACK_NOTIFICATION_MEDIUM,嗨，快回来吧，您的村庄可不能群龙无首啊！
23e5053476ecea1b,TID_NPC37,诱饵开关
939e8829e1544afc,TID_HINT_DARK_ELIXIR_LOOT,建好暗黑重油罐，就可以去获得暗黑重油了。
44db41b67189e1a7,TID_CHARACTER_INFO_MINION_SHORT,一只能从远处持续攻击的小家伙。
8408c8ae7504eec6,TID_GHOST_KING,幽灵蛮王
cdb4c75bc8b302a8,TID_BATTLEPASS_TASK_INFO_WIN_BATTLES_USING_DRAGON_RIDER,在联机模式中使用龙骑士赢得<num>场战斗。
68bddbc24efe8196,TID_TIGER_KING,虎威蛮王
50c431b756d742ec,TID_BIND_TO_NEW_GAMECENTER_ACCOUNT_TITLE,登录新的苹果游戏中心(Game Center)账号
6db8715c15b99940,TID_GEAR_INFO_PROTECTIVE_CLOAK,为飞盾战神提供大量额外治疗
6f55641e928435d6,TID_TENCENT_DOLPHIN_DOWNLOADING_73,更新下载全量文件
2f3ebb940ff8faf2,TID_CAPBUILD_ROCKET_INFO,向空中和地面目标发射会爆炸的火箭。它百发百中，从未失手，真是令人惊叹！
64686667102c5548,TID_DARKAGES_CHAMPION,黑暗时代战神
a3bd3152bdc524a0,TID_ARMY_OVERVIEW_HINT_HEROES,在<number>级大本营解锁
989800ca9ac3c581,TID_ENDOFSEP_OFFER_INFO_TH0206_1999_0999,• <booster1>瓶建筑工人药水，可在1小时内将建筑工人的工作速度提升至原来的10倍\n• <res0>金币\n• <res1>圣水\n\n• 存放礼包中的物品不受最大储量限制！\n• 该礼包在显示期间可购买3次！\n\n快来加入金秋酣战吧！
5715f3e5e46ac40c,TID_LOCAL_NOTIFICATION_EVENT_SPECIAL_TROOP_DRAGONLIGHTNING,首领，雷电法术+飞龙活动开始了，200颗宝石等您赢取！
4127f2084f83c170,TID_BUTTON_LOAD,装填弹药
08f63c53ba842940,TID_POPUP_BOOSTER_FILL_STORAGE_TITLE,填满资源仓库？
941e19290f315ce0,TID_TRAIN_SPELLS_QUEUE_SIZE,配制法术：<num>/<max>
cfe213d3f65fc651,TID_TUTORIAL_CLASHOWEEN_EVENT_A4,请允许我展示我的最新作品......
17d08f0812f73625,TID_CHARACTER_INFO_BABY_ELECTRO_DRAGON,电龙宝宝的闪电链一次只能击中3个目标，而且伤害不是很高，但它速度可不慢。
43f505c13f5468fc,TID_REENGAGEMENT_BUILDER_4,您可以参考他的建议清单哦！
b0f3e09469b63132,TID_TUTORIAL_CANNON_5,首领，您可以花费宝石来立即完成建造！
e4a3805927c5f1aa,TID_GOBLIN,哥布林
948fc3afce45a538,TID_BUTTON_CLAN_MAIL_SEND,发送邮件
3191ae7d00850c4a,TID_NEWS_TH11_UPDATE_OVERVIEW_TITLE,《部落冲突》(Clash of Clans)有史以来最大更新！
becdb193fd710e3a,TID_NPC_CHALLENGE_PROGRESS_WARNING_TEXT,您完成得非常好！想在不使用教程的情况下自由练习吗？
815d30215f42ab5e,TID_NPC_CHALLENGE_TH11_EDRAG_DEPLOY_BLIMP,释放<c54a0fe>攻城飞艇</c>里搭载的部落城堡援军。
acc88e2c1b83c5a7,TID_NOT_ENOUGH_SPACE_CC,部落城堡空间不足
8f3a7edf4194df8f,TID_BUILDING_CANNON,加农炮
9084e45db8c06cb5,TID_CAPBUILD_BARRACKS_MEGA_SPARKY,超级电磁炮工坊
3a0a7b0a817d7366,TID_CAPBUILD_DISHQ_INFO,村民们和超级建筑工人在这里管理着子城。升级子城大本营以提高子城建筑的等级上限。
6e310aef13f91d23,TID_HOG_WIZARD_ABILITY_NAME,火爆骑士
04263cd72405a0ef,TID_INFO_RANGE_VALUE,<number>格
b1c0c223d28006a7,TID_AURA_MAX_HITPOINTS_INCREASE,光环提升生命值上限：<number>
1f5f383c76c8321d,TID_CLANGAMES_TASK_DESTROY_GEAREDUPARCHERTOWERS,摧毁改装箭塔
909af5cd0a3478db,TID_BUILDING_ALLIANCE_MARKER,部落旗帜
6c8ba368b9ec83d6,TID_BOOSTER_BB_STAR_BONUS_ALREADY_AVAILABLE,可以赢取建筑大师基地胜利之星奖励啦！
be1379267106574f,TID_BATTLEPASS_TASK_INFO_COMPLETE_EVENT,完成\q活动\q选项卡中的<num>个活动。
1eebfa0a78807005,TID_BUILDING_DOUBLE_CANNON,双管加农炮
c3a71e8e316b34f2,TID_PET_PHOENIX_INFO,真正的朋友会在你遇到困难时及时出手相助。战斗开始时，凤凰只是一颗蛋，帮不上什么忙。但当它跟随的英雄可能被击倒时，它会破壳而出，愤怒地攻击附近的敌人，还能让英雄暂时免疫伤害。
6379bfbf604e45cc,TID_POINTS_HOME_VILLAGE,家乡
9f4e78eccc7b2b27,TID_POPUP_REMOVE_TROOP_TEXT,您真的要移除这些部队吗？
1a102d3009908f25,TID_POPUP_GOBLIN_RESEARCHER_TEXT,您的实验室现在好像很忙，其实我也可以帮您研究，您知道吧？只要额外给我一些宝石就好啦！
0edb5549205e06a5,TID_ACCOUNT_LOCKED_TITLE,账号已锁定
9289d6e04c72e774,TID_ALLIANCE_GAMES_ABANDON_TASK,放弃
a707817013b24db8,TID_ALLIANCE_INVITATION_FAILED_ALREADY_IN_ALLIANCE,玩家已经加入了另一个部落！
a175bd5fa90bbc94,TID_LEGENDS_LEAGUE_DAY_ENDS,离当前联赛日结束还有：
386e36eec4212318,TID_MORTAR_INFO_SHORT,一炮就能解决一大群讨厌的敌人。
fefe2d1eadd447ec,TID_CLANGAMES_TASK_INFO_WIN_STARS_VS_HIGHER_TOWNHALL,在联机模式中进攻大本营等级高于自己的村庄，并赢得<num>颗胜利之星。
bdf35732f9f63e85,TID_CREATE_SKELETONS_SPELL_INFO,在战场任意位置召唤一群骷髅兵！\n\n必要的时候，在关键位置召唤出一群骷髅兵补上那么几刀可解燃眉之急。骷髅兵不会触发陷阱。
9465c64a5d1da0c1,TID_ALLIANCE_WAR_STAR_XP_DESC,赢得<num>颗星后获得了<xpnum>点部落经验值奖励
0c20270de2f06d07,TID_BATTLEPASS_TASK_INFO_UPGRADE_HOME_WALL,在家乡升级<num>块城墙。
38f2f459926eb98c,TID_CLAN_LOCALE,部落位置：
d29f1bf1e1af147e,TID_DECORATION_ANCIENT_BARBARIAN_STATUE,远古野蛮人雕像
c40800af5d1adc53,TID_MORE_YOUKU,
774e1fad341ad758,TID_POPUP_BOOST_RESOURCES,提速资源采集器使它们的资源产量在<time>内加倍。
1d936b9be44de55a,TID_CLAN_WAR_CHALLENGE_ACCEPTED,<name>已接受
153b7e2bfc30c31d,TID_LEAGUE_HERO1,泰坦杯联赛1
b7d768c4a13a74a3,TID_BATTLEPASS_TASK_WIN_STARS_USING_JUMP_INFO,在联机模式中使用弹跳法术赢得<num>颗胜利之星。
458aeb5027121b89,TID_OVERQUEUE_HELPER_SPELLS,当您有剩余的法术存储容量时，这些法术将会自动补充至军队！
b2462b1008ef4470,TID_LEGEND_LEAGUE_INFO_TAB0_TEXT,传奇杯联赛是精英玩家的竞技场，他们在这里比拼军队进攻实力和阵型防守实力。在传奇杯联赛中，所有玩家每天都有固定次数的进攻和防守机会。您最多可获得<num>个奖杯，而且进攻不会丢失奖杯。点击\q进攻\q按钮后无需等待搜索时间。\n\n联赛日结束时，如果您的奖杯数过低，您将降至传奇杯联赛以下，回到常规的联机模式。\n\n参加传奇杯联赛后，您第一天的进攻和防守次数可能少于固定次数。
84d1cbc5eb742699,TID_NO_FREE_TRAINING_SLOT_AVAILABLE,请先移除已有的部队
79b14d1981038968,TID_SHADOW_WARDEN,暗夜守护者
bc386b05ecf37204,TID_CLANGAMES_TASK_INFO_USE_WIZARDS,在联机模式中赢得<num>颗胜利之星，每场战斗需使用<num2>个法师。
91cd010f7b050a4d,TID_CHARACTER_INFO_PEKKA_SHORT,身披重甲，手持利刃。
759c2628e70d64d5,TID_BATTLEPASS_TASK_WIN_BATTLES_USING_RAGEDBARBARIANS,狂暴奇袭
cab058cb87211773,TID_POPUP_NOT_ENOUGH_DIAMONDS_BUTTON,进入商店
6a27be7142c26e3d,TID_UPGRADE_COUNT_LIMITED,您还可升级<num>个这样的建筑
7a8cf56d22922289,TID_DIAMOND_BUNDLE_TH10_ALT_UPDATED_INFO,• <res0>暗黑重油\n• <res1>金币\n• <res2>圣水\n\n存放礼包中的物品不受最大储量限制！\n\n该<cffec78><value>倍超值礼包</c>只可购买\n一次，千万不要错过哦！
230996500c6687c7,TID_BP_CONFIRM_TIER_UNLOCK_TITLE,购买积分？
1a1852fbfca51681,TID_CLAN_TAG_FARMING,打资源
b5b7c261bdb56f01,TID_DUEL_REWARDS_INFO_TEXT,在建筑大师基地战斗中获胜可赢得奖励！您不会在防守中损失资源。\n\n提升奖杯数可获得更多奖励！
3a702e6a9321be33,TID_BOB_HUT_INFO,小博和我们住在一起，就是个普通的建筑工人，绝不是什么被建筑大师基地控制的机器人。
97a3ef006c8742bd,TID_ACHIEVEMENT_VS_BATTLE_TROPHIES_TITLE,冠军建筑大师
37b1c84e8c731a13,TID_ACHIEVEMENT_DESTROY_WEAPONISED_TH_COMPLETED,总共摧毁配备武器的大本营：<value>
28e208602ea4516d,TID_ALLIANCE_WAR_ATTACK_FAILED_INVALID_TARGET,无效目标，无法进攻此村庄！
c9a91f7aaeecc87f,TID_DECORATION_GENERIC,装饰
0d0135920a867949,TID_SIEGE_CART,攻城炮车
2c8c6c60c1ea2d0b,TID_GAME_CENTER,苹果游戏中心(Game Center)
fddde531c7477663,TID_STARTER_TH2_BUILDBARRACKS,全新训练营
fda4319572e1d03a,TID_WAR_SPECTATOR_TEXT,您没有参加本次对战。如果您想参加下次对战，请在对战开始前向首领或副首领请求参战。
b36f40b9f0d523c4,TID_DEVICE_LINK_ERROR_INVALID_LINK_CODE_TEXT,您输入的代码错误，或已经失效。请确保您输入的代码与原有设备上显示的完全相同。\n\n请点击后退箭头，重试一次。\n\n注意：一个代码只能使用一次，并且会在 <time> 内失效。您每次重新进入设备关联界面都能获取一个新的代码。
c3bc7bdc000e213a,TID_OBSTACLE_POND_LARGE,大池塘
c3e6c6706a8e0006,TID_SPELL_FACTORY_VOUCHER_CLAIM_FAILED_ALREADY_CLAIMED,已领取礼券
42a89fb5869810f3,TID_BUTTON_HERO_SLEEP,正在休息
45f4e1d3467c8134,TID_HAMMERJAM_OFFER2_MAGICITEMS_WALLRING_AND_ALLRUNES_INFO_1999,• <booster1>枚壁垒之戒\n• <booster2>块暗黑重油符石\n• <booster3>瓶建筑工人药水\n\n• 存放礼包中的物品不受最大储量限制！\n• 该礼包可购买10次！\n\n这个超值更新礼包可以助您升级各种项目！
51ec807b058d44cc,TID_EVENT_TEXT_XMAS-MAGICITEM,魔法物品特惠
8aa0f82d10645ffb,TID_SETTINGS_SNOW,雪
1d939017343292fa,TID_LOCAL_NOTIFICATION_EVENT_XMAS_1,首领，为了迎接部落冲突圣诞节的到来，我们特别推出了1宝石加速活动和圣诞奇袭法术！
cb77d84dfbfdfd89,TID_DECO_HILL_10,巨型山峰
05271e1b454b9c2f,TID_RAID_INFO_TAB_OVERVIEW_TITLE,概况
2190113df3d234e1,TID_RESOURCE_IN_TREASURY,宝库中：
458dddc65e5d15eb,TID_UPGRADE_ARTO_INFO,升级需要满足以下条件。四个条件均满足即可解锁建筑大师的最新发明——小博！
81c7ea991e437f0a,TID_BB_STAR_BONUS_POPUP_TITLE,胜利之星奖励！
46b9cbf60c262888,TID_NPC_CHALLENGE_TH8_GOWIPE_WIZARDS2,继续派出<c54a0fe>法师</c>支援<c9916c8>野蛮人之王</c>和<c54a0fe>皮卡超人</c>。
2153271b84709e0c,TID_DIAMOND_BUNDLE_MAGICITEMS_FIGHTING_BOOK_WITH_ELIXIR_INFO,• <res0>圣水\n• <booster1>本战斗之书\n• 存放礼包中的物品不受最大储量限制！\n\n包含升级部队所需的一切！
6b4a91eede2b4447,TID_UPDATING_CONTENT,正在下载
8dc580d2e15415da,TID_VISIT_FAILED_RESTRICTED,无法参观该村庄。
18814eb52c379c46,TID_BABY_DRAGON_ENRAGE_SPEED_INCREASE,狂暴状态伤害加成：
36c66e5e218ecd24,TID_DIAMOND_BUNDLE_TH9,9级大本营礼包
20459666f7338ca6,TID_REJECT_FRIEND_CONFIRMATION_TITLE,拒绝好友请求？
e07f25a0241b2819,TID_WL_SEARCHING_FOR_OPPONENTS,搜索对战部落......
18974a61a1cbb795,TID_NO_SHIELD,无护盾
0be1c116a983be9b,TID_BUTTON_ATTACK_MODE_FAR_SLOW,远程攻击
fbfb82bc968c6dfb,TID_TUTORIAL_SMITHY_2,您可以用它来解锁和升级装备，让您的英雄变得更强。
741557fba09d4f7e,TID_CLAN_GAMES_REWARDS_IN_TREASURY,您的奖励存放在部落城堡中。
870ed9e2c4253757,TID_ALLIANCE_GAMES_ALLIANCE_MISMATCH,您需要重新加入<alliance>才能继续参加本次部落竞赛，否则您需要等到下一次部落竞赛开始。
95aae1898ecf3ae3,TID_BP_SEASON_BANK_BB_SIZE_INCREASE,更大\n建筑大师资源箱
e8d31be3c665922a,TID_TROOP_REQUEST_SPEED_UP_FAILED_FULL,部落城堡已满！
9e108b777fa99393,TID_ROYALE_SCENERY,皇家竞技场
644c2c77d0792286,TID_DIAMOND_BUNDLE_DARK_ELIXIR_INFO,• <gems>宝石\n• <res0>暗黑重油\n\n存放礼包中的资源不受最大储量限制！\n\n该<cffec78><value>倍超值礼包</c>只可购买\n一次，千万不要错过哦！
33895ffed936d96b,TID_LEAGUE_INFO_LOOT_BONUS_PROMO,在新的联赛中，赢得一场战斗的最大资源奖励是：
820c2c2ef956e121,TID_CHARACTER_SPEAR_GOBLIN,哥布林投矛手
a56867c5c175e225,TID_TUTORIAL_DEFEND_BUTTON,来吧！
0958eb4be1d19a65,TID_CURRENT_REWARDS,当前阶段
45be54c447415f10,TID_PET_POISON_LIZARD_ABILITY_INFO,朝敌人喷吐一团团毒素。
de96bf3e1ca56756,TID_DECO_GOBLIN_CART,哥布林小车
e6f0d27df3e4adf7,TID_LOADING_CHINA_TENCENT,本公司积极履行《网络游戏行业防沉迷自律公约》抵制不良游戏，拒绝盗版游戏。注意自我保护，谨防受骗上当。适度游戏益脑，沉迷游戏伤身。合理安排时间，享受健康生活。根据国家新闻出版署《关于防止未成年人沉迷网络游戏的通知》、《关于进一步严格管理切实防止未成年人沉迷网络游戏的通知》，所有网络游戏用户均需使用有效身份信息完成账号实名注册后方可进入游戏，认证为未成年的玩家将受到防沉迷功能限制。\n粤网文【2017】6138-1456号、（总）网出证（粤）字第057号 著作权人：SUPERCELL OY 出版单位：北京昆仑乐享网络技术有限公司 运营单位：北京昆仑乐享网络技术有限公司 文网游进字【2015】0062号 审批文号：新广出审【2015】1084号 出版物号：ISBN 978-7-89988-438-6
2137a0587bde74f5,TID_NEWS_TH11_UPDATE_HERO_TITLE,全新英雄：大守护者
fc58710d81292d79,TID_ZAPPY_INFO,电击车永远充满能量，随时做好防御准备！谁要敢来破坏哨站，它们会立马释放能量发动电击！
89104f69498efe1e,TID_TRADER_FEATURE,商人精选
d881ed6f3fe5750a,TID_UNLOCK_GEAR,解锁装备：
a5878c46fec85c2f,TID_HERO_ABILITY_USED,您已经使用了该英雄技能！
f5052620d9427500,TID_CLANPERK_DESC_LOCKED_VALUE,部落等级达到<num>级时解锁
f1f55e409b30aa39,TID_PLAYER_PROFILE_SPELLS,法术
c82a4494ba557a4f,TID_CHALLENGE_PROGRESS,挑战进度
9247f7c0c63999af,TID_LEAGUE_PLATINUM3,铂金联赛3
cbb24d61e683b1a7,TID_BATTLEPASS_TASK_WIN_STARS_USING_SKELETON,骷髅成群
fddc824f53c0ea38,TID_PRESET_UNLOCK_INFO,一键训练功能在大本营达到<number>级时解锁！
7a895ea5c4033d00,TID_SOLD_OUT,售罄！
38191c23d544ffc1,TID_WL_LEADERBOARD_BRACKET_POS8,小组第8名
178d7912e0efb650,TID_CHARACTER_ELECTRO_TITAN_INFO_SHORT,魔力超群、威震四方的战士。
11d6ef20191d4860,TID_DISTRICT_CHALLENGE_TITLE,发起子城友谊战
ca488a4f8a3682af,TID_FIREPLACE,营火
76bc677d89be633e,TID_PLAYER_HOUSE_UNOCCUPIED_INFO,暂时空着的营房，等待后面加入的部落成员入驻。
b6f52ff0d4c330c3,TID_ALLIANCE_WAR_SNAPSHOT_FAILED,无法保存村庄阵型，请稍后重试！
35155332d17fd4ab,TID_GEAR_RESOURCE_EPIC_INFO,星辉矿石可用于升级装备。\n您可通过参加部落对战或特别活动获取。
8ba1a617f87a8c83,TID_COLLECTORS_FULL_NOTIFICATION,首领，您的采集器已满，等待收集！
d60255e49a8b235e,TID_BUILDING_TEXT_RESEARCH,研究
da0056f0b6717dfd,TID_STREAM_EVENT_WAR_NO_MATCH_FOUND,未找到部落对战对手，请尝试重新开始搜索对手。
ca076d1c5f3e0c27,TID_DIAMOND_BUNDLE_MAGICITEMS_STRENGTH_POTION_INFO,• <gems>宝石\n• <booster1>瓶力量药水\n• 存放礼包中的物品不受最大储量限制！\n\n发挥军队最强实力，尝试新的兵种组合！\n\n千万不要错过哦！
02ff18d3036b464b,TID_WAR_CANNOT_EXCLUDE_MAX_REACHED,无法将更多成员排除在对战之外！
dcd8070563cff798,TID_ARTILLERY_AMMO_FILL_CONFIRMATION,天鹰火炮已准备就绪！
480316ecf452f5c6,TID_ALLIANCE_WAR_COOLDOWN,您的部落在<time>内无法进行部落对战。
1f074532f4153ebc,TID_CLANGAMES_TASK_DONATE_TROOPS,援助之手
c35590ec6126ace1,TID_CLANGAMES_TASK_INFO_GET_LEVELKILLS_VS_ALLHEROES,在联机模式中击败的英雄等级累计达到<num>。
ccc88babe75b1643,TID_VOUCHER_CLAIM_TEXT,您想现在领取奖励吗？
be88251fbbadb8b9,TID_HINT_REBUILD_CLANCASTLE,重建部落城堡后就可以和其他玩家一起并肩战斗！
9ecd04a74e7a4d4e,TID_SPELL_DAMAGE_PERCENT,伤害：<number>%
322e92e24a3bfb8e,TID_LEAGUE_BRONZE3_SHORT,铜杯3
31fcfdbed8aae341,TID_UNLOCKED_ARMY,军队
609de7b32349b64e,TID_PRESET_TIME,时间
52bc577d2e9c032c,TID_CAPITAL_TUTORIAL_10,但......我最爱的还是这个。
bec0cd0af9e1d74d,TID_ARROW_TRAP_INFO,等待一群敌方单位经过，然后发射威力十足的尖矛，打他们个措手不及。
c9772cd3d267c0d5,TID_CLAN_JOIN_FAIL_NO_TOWN_HALL_LEVEL,您的大本营等级太低，无法加入该部落！
0908cc6c1b6e72ba,TID_BUTTON_SEND_AWAY_MASTERBUILDER,出发
d4c5cda5aa6e5de4,TID_LEAGUE_EMERALD2_SHORT,绿宝石2
a03c3acf3d1c9d47,TID_CLANGAMES_TASK_GET_LEVELKILLS_VS_GRANDWARDEN,悬赏大守护者
907418130b9d9892,TID_SEASON_START_TEXT,<month>赛季，等你来挑战！
a688c2cc73c53f77,TID_MEMBERS_SORTED_BY_ACTIVE,按上次登录时间
afe9d01f09f4e764,TID_COLLECTOR_BOOST_INFO,资源产量加倍！\n\n只需1宝石即可加速任意一个资源采集器。
f7f3144cd811e996,TID_RICOCHET_CANNON_INFO,建筑工人凭借他的奇思妙想发明了一种威力巨大的炮弹，这种炮弹会弹射击中第二个目标。
f6b61b9249597503,TID_INVALID_PLAY_INSTALL,未正确安装《部落冲突》，请前往Google Play Store重新下载安装以修复该问题。
0d9ed20d11fee26e,TID_BP_REWARDS_LIST_TITLE,奖励清单
565c0d91eaf84ed8,TID_NPC_CHALLENGE_TH9_LAVALOON_RAGE2,再用一个<cf07bf8>狂暴法术</c>帮助部队摧毁剩余的<cf70d16>防空火箭和空气炮</c>。
4e2b1c506930c525,TID_CLANGAMES_TASK_USE_SIEGE_SLAMMER,巨石攻城
449997724fa9f408,TID_NPC_CHALLENGE_TH12_DRAGBAT_SPAWN_BATS2,使用<c9916c8>蝙蝠法术</c>摧毁剩余的<cf70d16>法师塔</c>。
07909add107d2d04,TID_LEGENDS_TODAY_SHIELD_ACTIVE,您目前受到护盾保护。当前联赛日您无法发动进攻，也不会受到攻击。
893d7dde9fea4e81,TID_BOOSTER_WALL_UPGRADE,壁垒之戒
3eecf3c2276d52d4,TID_ALLIANCE_REQUEST_DECLINED,很抱歉，您申请加入部落的请求已被拒绝。
a0fe2ca6a94f3e54,TID_BATTLEPASS_TASK_INFO_WIN_BATTLES_USING_HOGRIDERS,在联机模式中使用野猪骑士赢得<num>场战斗。
66f7bc03d8316329,TID_MERGE_REQUIREMENTS,要求：
c95db85960353000,TID_UPGRADE_THE_REQUIRED_BUILDING_FIRST,需要建筑大师基地中的<name>达到<level>级
079026547b22a962,TID_OBSTACLE_TREE,树
45599925bfb99f8c,TID_BUILDING_SUPER_TROOP_ALERT,强化
33706961fbca6259,TID_CONVERSION_OFFER_GEMS_NOOB_INFO_0099_0299_NEW,• <gems>宝石\n• <booster1>瓶训练药水，可在1小时内提高部队训练速度、法术配制速度、攻城机器建造速度和英雄恢复速度\n\n• 存放礼包中的物品不受最大储量限制！\n• 该礼包在显示期间只可购买1次！\n\n这个超值礼包将助您变得更强！
f94ac7ab41d6ea98,TID_REGULAR_THEMED_BUILD_OFFER_INFO_TH0712_999,• <res0>金币\n• <booster1>本建筑之书，可用于立即完成任一建筑的升级\n\n• 存放礼包中的物品不受最大储量限制！\n• 该礼包在显示期间可购买4次\n• 不要错过这个升级防御的好机会哦！
d2ffb58eb530b6c3,TID_BUILDING_CRUSHER_INFO_SHORT,如果你看得清这行字，那说明你站太近了。
14f2bb0cfcd0584c,TID_EARTHQUAKE_INFO_SHORT,让大地震颤，将敌方阵型撕开一条口子。
f2efa2ab7fa8acf6,TID_DEVICE_LINK_ERROR_CODE_ERROR_1_TITLE,发生错误 (101)
c29fea8b55e00a41,TID_HERO_ABILITY_QUEEN_TITLE,皇室披风
6cd10a9779fe7db1,TID_LEAGUE_TITLE1,您还未进入联赛！
47b153640f2f47a5,TID_CHARACTER_INFO_LUMBERJACK,狂暴樵夫无论到哪都扛着他那瓶狂暴法术，谁都不能碰。只有当他倒下时，狂暴法术才会释放出来给战友使用。
cfee57e5ff1c7733,TID_ERROR_POP_UP_CONNECTION_LOST,与服务器失去连接，请检查您的网络连接后再次尝试。
30ebaccbf36208c4,TID_LOCAL_NOTIFICATION_YOUR_ARMY_IS_READY,您的部队已经做好了战斗准备！
1d7d7817caeb6164,TID_PASTE_ACTION_BUTTON,粘贴
9629550167c474e8,TID_CHARACTER_INFO_SKELETON2,这些不死生物本身并不具备什么威胁，但它们从不单独作战，因为骷髅气球会不断地向敌方村庄投放成群的骷髅！
035f78250f994c13,TID_ENDOFSUMMER_OFFER_INFO_9999_4999,• <res0>暗黑重油\n• <booster1>本英雄之书，可用于立即完成任一正在进行的英雄升级\n• <res1>金币\n• <res2>圣水\n\n• 存放礼包中的物品不受最大储量限制！\n• 该礼包可购买2次！\n\n限时礼包，不要错过哦！
b5f1833c80c91ab3,TID_HINT_CAMP,兵营里的部队只能对外攻击，而不会保护您的村庄。
8fda6ddcba2f7d59,TID_STATUE_LNY_2023_INFO,怎么把兔子放回帽子里？
53f8481c58c0e3c1,TID_END_BATTLE_POPUP_TEXT,首领，确定要结束战斗吗？
0c60dc8950cbe3c1,TID_WARTOOLS_CLAIM_TARGET,锁定目标
de914bfdef2c9286,TID_GOBLIN_QUEEN,哥布林女皇
bfceaa82bf89fc42,TID_CLANGAMES_TASK_INFO_USE_MINIONS,在联机模式中赢得<num>颗胜利之星，每场战斗需使用<num2>只亡灵。
c745ae250404785e,TID_CLANPERK_INFO_TEXT,赢取部落经验值，升级您的部落，解锁强大的部落特权！参加部落对战和部落竞赛都可以赢取部落经验值。
bbb0f06828d21d30,TID_DECO_GINGERBREAD_BUILDING,姜饼烘焙坊
46d4280916bb0484,TID_ONLY_FAMILY_FRIENDLY,仅限全年龄部落
b0aac6593a39dc00,TID_NPC13,牢不可破
6258391204f79257,TID_STAR3,堪称完美！
aa6a584625a8eac2,TID_TH15_CHAMPION,魔法战神
11485aeb8e41c28f,TID_BUTTON_JOIN,加入
7e49b262dddd52b0,TID_ACHIEVEMENT_PVP_ATTACKS_TITLE,常胜将军
193800d4daad91a3,TID_LEADER_CANNOT_LEAVE_ALLIANCE,您必须先将一位部落成员提升为首领才能退出部落。
bb61f90b2b583940,TID_FEATURE_CLAN_CAPITAL,部落都城
bc0c399ee24ff5a5,TID_DETAILS_TEXT_TH12_INFERNO_PACK,12级大本营专属礼包，限时供应哦！
69f2aa27b6c2c341,TID_HERO_ABILITY_BATTLE_COPTER,爆弹冲锋
857b6b19626cc751,TID_MOVE_MASTER_BUILDER_CONFIRMATION,您想让建筑大师立即前往家乡村庄吗？
857f93f37be6c220,TID_MONTH_6,六月
d714d86e432d280d,TID_CAPBUILD_SPEAR_THROWER_INFO,向地面和空中的敌方单位投掷长矛，令人生畏。
5b356ac31dd5640d,TID_MORE_CLASH_COM,前往ClashofClans.com探索一个激烈的战争世界
c2e8f3e764234076,TID_BUILDING_SCATTERSHOT_INFO_SHORT,啪嗒！重重的石块砸向柔弱的敌军就是这种响声！
03aa813dc398b2a5,TID_BP_PERK_BUILDING_BOOST_DESC,建造及升级建筑所需的资源和时间减少<num>%。在铸币坊铸造都城金币所需的资源和时间减少<num>%。
451eea00a7a2af58,TID_CHARACTER_INFO_FLYING_GOBLIN,这帮飞行捣蛋鬼会把村庄闹得鸡犬不宁，幸好是在敌军村庄。
4ec39f480dc13f0f,TID_WL_STAT_POSITION7,第7名
47c68a3d2d396a43,TID_WL_ROUND_INFO_BUTTON,对战信息
f04a3b12f4cab136,TID_LEAGUE_COPPER1_SHORT,红铜1
a96baa22ca5f58d6,TID_BB_BATTLE_LOG_SHARE_BUTTON,分享
e2ccfba0eda5e587,TID_GEAR_RARITY_LEGENDARY,传奇
5c7ce6aed13363fd,TID_POPUP_GIFT_RECEIVED_BUTTON,确定
e933d5760467cb9c,TID_ACHIEVEMENT_PEKKA_SLAYER_TITLE,叛逆小孩
3220db47e25cb342,TID_TOWN_HALL_4_INFO_SHORT,仰望天空，心怀梦想。
33986e9f2b211706,TID_CLANGAMES_TASK_INFO_USE_YETIS,在联机模式中赢得<num>颗胜利之星，每场战斗需使用<num2>个大雪怪。
a47811dd14b36b78,TID_CLANGAMES_TASK_USE_DRAGONS,飞龙在天
22714590d8c47a49,TID_CHALLENGE_CHOOSE_LAYOUT,选择阵型
7cf9afaa3cb8be5c,TID_SUPPORT_TEXTBOX_PROMPT,输入创作者代码
3cacae33d63c279a,TID_MOVE_MASTER_BUILDER_CONFIRMATION_BB,您想让建筑大师立即前往建筑大师基地吗？
4b1acc010b521e8f,TID_MAGIC_ARCHER_ABILITY_NAME,穿透利箭
0639021ecd00be4b,TID_PROJECTILE_COUNT,投射物数量：<number>
6bc57cd3478619f5,TID_SPELL_TIME,法术持续时间：<number> 秒
6f7dfce4de10ef85,TID_SPECIAL_OFFER_INFO_EASTER_LIMITED_1999,• <booster1>个壁垒之戒\n• <booster2>块暗黑重油符石\n• <booster3>瓶建筑工人药水\n\n• 存放礼包中的物品不受最大储量限制！\n• 该礼包可购买10次！\n\n这个超值礼包可以助您升级城墙、填满暗黑重油罐、加速建筑工人！
01450826e483d1f9,TID_DIAMOND_BUNDLE_BH7,7级建筑大师大本营礼包
076f5489f1172193,TID_DAILYLOGIN_DISABLED_CLOSEBUTTON_TEXT,请先领取奖励！
9b7e2e9829d3211e,TID_SUPER_GIANT_ABILITY_NAME,城墙克星
0ede7b82cbab3091,TID_CAPBUILD_MEGATESLA_INFO,如果特斯拉电磁塔变得超级庞大会怎样？\n即使面对最强大的敌军，它的超强力电流也能对他们造成重创！
2642edb7c98e9872,TID_LEAGUE_TITANIUM3,钛金联赛3
fab4c2f9113bb676,TID_POPUP_UPGRADE_WALL_SECTION_TITLE,升级城墙
895a286a0f1f813a,TID_BROKEN_BUILDING,破旧的建筑
e2cd71f41cf644e6,TID_ELIXIR_STORAGE_INFO,圣水瓶用来保存从地下收集的圣水。升级圣水瓶以提升其存储上限。
e922802dfab109b2,TID_STARTER_WINELIXIR,获取圣水
1f7a7605f267bf83,TID_MOVE,移动
d4536ff5ad72bf30,TID_NPC_CHALLENGE_BOWIGI_HEALERS,开始\q天女滑步\q战术，请在角落的位置派出<c54a0fe>天使</c>。
0928229f95629c72,TID_SPEED_UP_TROOP_REQUEST_TEXT,您想跳过等待，马上请求增援吗？
72baef2ba5070dd5,TID_WAR_NOT_ENOUGH_PARTICIPANTS,让更多成员加入才能开启对战
65a6f3b054a933b7,TID_CAPITAL_GOLD_STORAGE_FULL_TITLE,您确定吗？
c37e3cbeca16a554,TID_EDIT_MODE_REMOVE_BUTTON,移除
d8b3d03bedb4a030,TID_CHAT_BANNED_PERIOD_OF,您在公众聊天室被禁言：
23237f20ee608199,TID_CLANGAMES_TASK_INFO_USE_BABYDRAGONS,在联机模式中赢得<num>颗胜利之星，每场战斗需使用<num2>只飞龙宝宝。
6ccb2b58642a73b0,TID_STARTER_WINSTARS,为星而战
09028005b7f5efb9,TID_CLANGAMES_TASK_GET_KILLS_VS_ALLHEROES,英雄猎手
3262bc6952626a07,TID_HINT_PUSH_TRAP,旋转弹射陷阱，将敌军地面部队弹向您设定的方向。
bf8505e590b23395,TID_SUPPORTING_NOBODY,支持创作者
68a42810e1f96603,TID_LEGENDS_UPCOMING_SHIELD_INACTIVE,下一个联赛日您将不受到护盾保护，要跳过进攻或防守，您可以在下一个联赛日开始前购买一个护盾。
3e64bb819264105f,TID_TUTORIAL_MEET_NEW_BUILDER,呼呼......
dea095fee29a8d60,TID_DECORATION_FIRECRACKER,春节鞭炮
9251d7708514aa1e,TID_SIEGE_MACHINE_FLYER,攻城飞艇
57cb61b4fe910ec3,TID_BOOSTER_PET_POTION_INFO,要想战宠的皮毛看起来健康有光泽，战宠药水必不可少。战宠药水可使战宠的升级速度提升至原来的<multiplier>倍，持续<time>。
0da1f3faa0bbd405,TID_ALLIANCE_WAR_PREPARED_HEADER_ENEMY,敌方已就位村庄：
6f7c4457366bfe5c,TID_TENCENT_THIRDPARTY_INFO,第三方信息共享清单
f298067a682f5c73,TID_DIAMOND_BUNDLE_MAGICITEMS_EVERYTHING_BOOK_WITH_RESOURCES_INFO,• <booster1>本万能之书\n• <res0>金币\n• <res1>圣水\n• <res2>暗黑重油\n• 存放礼包中的物品不受最大储量限制！\n\n使用强大的万能之书立即完成任一项目的升级！\n\n千万不要错过哦！
183d4f9d571b382d,TID_SPELLS_INSIDE,已使用的法术存储容量：<number>/<number2>
6f0beec367b24609,TID_CHAMPION_QUEEN,冠军女皇
0061dd858c6c6aea,TID_CHARACTER_INFO_VALKYRIE_SHORT,手拿利斧的勇士，能使出旋风斩粉碎建筑。
5f2500b4c089f040,TID_DARKAGES_KING,黑暗时代蛮王
7fcffbdb682599f6,TID_REENGAGEMENT_CHALLENGES_FINISHED_1,干得漂亮，首领！您现在可以继续您的征程啦！
ee37fed945d1f965,TID_ALLIANCE_GAMES_CHECKING_RESULTS,正在整理竞赛结果...
043694eca4ff1916,TID_BUILDING_TESLA_TOWER,特斯拉电磁塔
cf7f90a55e101955,TID_CREATE_CLAN_PUBLISH_WAR_LOG,是否允许其他玩家通过您的部落简介查看部落对战结果
214b7731db8c77a8,TID_LEAGUE_STONE1,石头联赛1
b1d99d7084ad4a92,TID_LEAGUES_IV,4
586aca19d364340a,TID_HINT_PEKKA_TRAP,凭借一身重型盔甲，皮卡超人可以无视隐形弹簧。
31d24630c37e5a9a,TID_CHARACTER_INFO_WATER_DRAGON,Water Dragon description.
c1ed9b8f0d3db9d1,TID_BUILDING_SPELL_FORGE,法术工厂
a0f4005990205b20,TID_ATTATID_POPUP_CONFLICTING_ACCOUNT_TEXT,您尝试登录的账号并不是设备上已保存的账号，确定切换至新账号吗？
2fa7919d7a236817,TID_ACHIEVEMENT_SPELL_DONATION,增援的法术容量达到<number>
d1084bec239cefc9,TID_ERROR_POP_UP_SERVER_MAINTENANCE,抱歉，服务器正在维护中。请稍后重试。
7e41574cd76bb15b,TID_CAPITAL_GOLD_INFO,都城金币通过铸币坊和都城突袭战利品获得，可用于部落都城中的升级。
9fe2507a4b3f9b24,TID_POPUP_REMOVE_WAR_DONATION_DESCR,您确定要移除您部落城堡中的这一增援部队吗？
6ffce57a12257b88,TID_REPAIR_CLAN_CASTLE_TITLE,重建部落城堡
64af9c61682f1bf8,TID_BATTLEPASS_TASK_WIN_BATTLES_USING_HEALERS,天使强援
f43d3bedc6af66ce,TID_FEATURE_CLANS_DESC,加入部落，与部落成员聊天、相互增援，还有更多福利！
9dca40b48ff9376f,TID_OBSTACLE_LANTERN_CNY2019,红火灯笼
4b992e3d57c867a3,TID_NOTIFICATION_CLAN_GAMES,部落竞赛
2ec43886d3e4bbe2,TID_CLAN_WAR_CHALLENGE_CANCELLED,<name>已取消
ac64ed3dd1820776,TID_BOOSTER_MAX_LEVEL_ARMY_OFFER_INFO,<num>瓶力量药水，可在<time>内将您的部队和法术强化至您当前大本营所支持的最高等级
6deee9066dbc3a22,TID_CHARACTER_INFO_SUPER_MINION,超级亡灵的大脑门可不光是好看，更代表了智慧！既然体型变大让它无法躲开搜空地雷，那从安全距离远程攻击防御建筑显然非常明智！
32282237a2d44f40,TID_LEGEND_ATTACK_CONFIRM_INFO,请确保您已做好准备！继续操作将消耗一次进攻机会。
2ebd1bd57b47d6a0,TID_TUTORIAL_STARTER_CHALLENGE_5,这些奖励可以帮助我们把村庄打造得更好更强大。
25b9f71189942b8e,TID_SETTINGS_API_TOKEN_COPY_BUTTON,复制
8aa58bf06c4628fd,TID_DOUBLE_CANNON_INFO_SHORT,双筒输出，火力超强。
c1bbc3265c4c9ea3,TID_NEWS_RED_LIKE,点赞 (RED)
4c47a272797563af,TID_ADD_FRIENDS_INFO_CLASH,添加好友可以与好友进行友谊战，并随时了解他们在《部落冲突》中的动态！
b1e2af2ef46557c8,TID_HOG_RIDER,野猪骑士
9f0050c954a73c51,TID_HERO_ABILITY_UNLOCK_PROMPT_MALE,将英雄升至<number>级以解锁此技能！
317f93c4ef777226,TID_MONTH_2,二月
844c93d95ae8fe6c,TID_BATTLEPASS_TASK_WIN_BATTLES_USING_EARTHQUAKE,地动山摇
1e2f68b2c3970dad,TID_BOOSTER_BUILDERS_OFFER_INFO,<num>瓶建筑工人药水，可在<time>内将建筑工人的工作速度提升至原来的<multiplier>倍
01063e62d8bda5e2,TID_LEGENDS_SIGNUP,报名参加传奇杯联赛
9a7c4d14de05c6f4,TID_WITCH_GOLEM_ABILITY_NAME,骷髅灾难
6e7530b3e7c50457,TID_EVENT_TITLE_CLANWAR_SHORT3,周末冲刺
647f1bf7fcb24ef4,TID_HALLOWEEN_EVENT_TITLE,合体狂潮
c005da86541fbeba,TID_STAR_BONUS_BOOST_TEXT_BONUS,当前的胜利之星奖励加成提供<num>倍奖励
c8bbbdb8d7a2bfbd,TID_GEAR_INFO_SPEEDY_SPEARS,使飞盾战神获得急速效果
851752bc0e23f87b,TID_BOOSTER_WALL_UPGRADE_INFO,戴上这枚戒指给您的城墙来上一拳，被击中的城墙会立刻升一级！不过升级高等级城墙可能需要同时使用多枚戒指。在家乡和建筑大师基地都可使用！
73c8f3aed6e89006,TID_ACHIEVEMENT_GEAR_UP_ONE,使用建筑大师改装1个建筑
2c16c4988fff2cca,TID_ALLIANCE_GAMES_PERSONAL_PROGRESS,您的积分：
8f1401af64292465,TID_CLANGAMES_TASK_GET_HOMEBATTLEDESTRUCTION,毁灭领主
90586b2eda9ff674,TID_HEAL,治疗量：<number>
c2ac05ac3c9980cb,TID_NPC_CHALLENGE_LOON_1,派出多个<c54a0fe>气球兵</c>摧毁防御建筑，您的首要目标是<cf70d16>防空火箭</c>。
2f7f9fd561133232,TID_HINT_ARTILLERY,先使用小规模部队发动进攻可以避免过早触发天鹰火炮。
d1371a0e6aabb182,TID_NPC_CHALLENGE_BOWIGI_BOWLERS,<c54a0fe>巨石投手</c>是这支部队的伤害输出担当，在战场中部和底部派出他们。
efa96da32e614e67,TID_DEVICE_LINK_ERROR_CODE_CURRENT_VILLAGE_TOO_HIGH_TEXT_KUNLUN,您的村庄已与您所登录的账号永久关联。\n\n您的村庄大本营已经达到<level>级或者进行过游戏内购，因此该村庄不能被覆盖。
9d91af50837848f2,TID_CHARACTER_INFO_WIZARD,法师的出现为战场蒙上了一层恐怖色彩。集结一群法师，他们将摧毁各种陆空目标！
200938160caa7bef,TID_ELIXIR2_ALT,建筑大师圣水
2b1fa33e758414a7,TID_REGULAR_THEMED_BUILD_OFFER_INFO_TH0712_4999,• <res0>金币\n•<res1> 圣水\n• <booster1>枚壁垒之戒，可用于立即升级城墙，升级高等级城墙需要多枚壁垒之戒\n• <booster2>本建筑之书，可用于立即完成任一建筑的升级\n\n• 存放礼包中的物品不受最大储量限制！\n• 该礼包在显示期间可购买2次\n• 不要错过这个升级防御的好机会哦！
33adff17daf89971,TID_AURA_DAMAGE_WALL,对城墙每秒伤害：<number>
cbdc37c8b3ced64d,TID_RES_PACK_INFO,• <gems>宝石\n• <res0>金币\n• <res1>圣水\n\n存放礼包中的资源不受最大储量限制！\n\n巨大折扣，限时优惠！
ebddee9f69f05817,TID_CLANGAMES_TASK_INFO_USE_ROCKET_BALLOONS,在联机模式中赢得<num>颗胜利之星，每场战斗需使用<num2>个火箭气球兵。
d0c4d4fd7c6a89f5,TID_DIAMOND_MINE_FULL_NOTIFICATION,首领，您的宝石矿井满了！
69c7e240f831459a,TID_DIAMOND_BUNDLE_MAGICITEMS_EVERYTHING_BOOK_WITH_RESOURCES,万能之书礼包
dc7f1529f28f4997,TID_BB_BATTLE_LOG_PERFECT,堪称完美！
137b9b64e982839f,TID_PTE_REWARD_LOCKED_NOT_ENOUGH_POINTS,您还需要<num><soft_currency>才能解锁该奖励。
7f4a82955c7bd8d7,TID_ALLIANCE_GAMES_REWARDS_TAB,奖励
91034401c14d611b,TID_HERO_ABILITY_DURATION,技能有效时间：
bc6be072b84d8069,TID_SPELL_HEAL_SPIRIT_INFO,
74ea24c60e8a9a74,TID_HINT_LABORATORY_UPGRADES,实验室内的项目一旦开始升级就不能取消。请首领三思哦！
8d1fa878e7a31822,TID_SPOOKY2022_SCENERY,惊魂场景
85e2d6ce3d41670e,TID_LEAGUE_GOLD,金杯
082a5da8d4ed3691,TID_REGENERATION_PER_SECOND,每秒自身治疗量：<number>
9b85e57d82ba8b1d,TID_BATTLEPASS_TASK_DESTROY_TOWNHALLS,大本营终结者
3ab561c3da1e5000,TID_MEMBERS_SORTED_BY_TROOPS_RECEIVED,按近期收到的增援递减
2b12112e4eaccff9,TID_DECO_QUARRY_5,石场
eef22f8d4b0f65e6,TID_CLANGAMES_TASK_DESTROY_MV_WALLS,暴力拆墙
aaabbb4b3a2614fd,TID_STREAM_EVENT_CANCELLED_WAR,取消搜索部落对战对手
0fdd280655a1868c,TID_PET_ABILITY_SPIRIT_FOX,灵隐诡步
f80a2b9cd7d6f011,TID_DIAMOND_BUNDLE_GOLD_INFO,• <gems>宝石\n• <res0>金币\n\n存放礼包中的资源不受最大储量限制！\n\n该<cffec78><value>倍超值礼包</c>只可购买\n一次，千万不要错过哦！
97e22e2553828533,TID_EVENT_CHRISTMAS_UNIT_UPCOMING,部落冲突圣诞节第三天
fadf90f54bd8730c,TID_TUTORIAL_MODE_TEXT,教程模式中不提供奖励
c570cdf9dff086ca,TID_LEAGUE_RUBY2_SHORT,红宝石2
68ef8fbf3a96547a,TID_OBSTACLE_POND,池塘
0eef9bec6d639860,TID_NEWS_RED_TEXT,RED
7672a967c166a09e,TID_TENCENT_AUTH_EXPIRED,授权已过期，请重新登录。
0fae013d500c45fd,TID_LOCAL_NOTIFICATION_FORGOT_SPELLS,哎呀，首领您是不是忘记配制法术了？
2e47d86a43b0ae69,TID_BDRAG2_ABILITY_HELP,飞龙宝宝周围没有其他空中部队时，伤害提升<num>%
aed5e1914f1b21c0,TID_CLANGAMES_TASK_DESTROY_BB_HIDDENTESLA,震慑特斯拉
b2bcac7645708c19,TID_CANCLE_TRAINING_INFO,注意！移除列队中的部队只能返还<number>%的费用。
8a1d9a7bb8e86b21,TID_COSMETIC_ESTATE_3X3_WOODEN_HOUSE_INFO,建造和设计都很不错，温馨舒适，让人有家的感觉。
e0a3a73038bffed3,TID_CAULDRON_REWARD_INFO1,装饰：酸腐圣水坩埚
98e27476ded2701f,TID_NATIVE_DIALOG_VERSION_NOT_UP_TO_DATE_STORE_NOT_READY_MESSAGE,我们正在将《部落冲突》(Clash of Clans)更新至最新版本，您的村庄马上就能准备就绪了。请稍后重新尝试进入游戏！
7cf00019ace02484,TID_LOOT,您丢失的资源：
2c36b0adf7e4d405,TID_CHALLENGE_INFO_2017,在海的另一边发现了建筑大师基地。大力士和部落竞赛首度亮相，魔法物品登场。
f0fb8c02510389e4,TID_ADD_FRIENDS_INFO_REQUESTS,在其他玩家的简介页面可将其添加为好友。登录苹果游戏中心(Game Center)和Supercell ID后，您可以在这里查看您的好友。
b38bf4544140e7e0,TID_ARTILLERY_AMMO_ALREADY_FULL,天鹰火炮装填完毕！
0a77f361f32ca57a,TID_ACHIEVEMENT_ACCOUNT_BOUND_COMPLETED,已完成！
dea2153e7384bfbc,TID_CLANGAMES_TASK_USE_SIEGEZEPPELINS,攻城飞艇大空袭
7c1082e5b49c435e,TID_BOOSTER_FREE_TROOP_UPGRADE,战斗之锤
c6ddb6793ac08292,TID_SKIN_NOT_AVAILABLE,通过月度挑战解锁这款皮肤
b68b562ddeebc198,TID_RAID_INFO_TAB_ATTACK_TITLE,进攻
af90c2a7f5a1addf,TID_ACHIEVEMENT_LOOT_ELIXIR,取得<number>圣水
c4ec0090bd2800a3,TID_DIAMOND_BUNDLE_DARK_RESEARCH_PACK,暗黑重油军队升级礼包
421b5d2b8273c521,TID_STARBONUS_WINDOW_AWARD_EVENT,<c66CC00>已收到<num>倍胜利之星奖励！</c>
05626b8274c21351,TID_FREEZE_PERCENT,减速：<number>%
42079351af6a9203,TID_CLANGAMES_TASK_DESTROY_WARDENALTARS,摧毁大守护者王座
a33090162e881812,TID_BOOSTER_BOOST_RESOURCES_INFO,这瓶魔法药水是由急速法术转化而成，可在<time>内大幅提升资源采集器的采集速度。只可在家乡使用。
022dbda3974c9e2c,TID_CLANGAMES_TASK_WIN_STARS_VS_TOWNHALL_13,攻陷13本
df0f7f84a27a8e48,TID_TAB_TREASURY_RESOURCES,资源
1fe7c2771996b1de,TID_BATTLEPASS_TASK_WIN_BATTLES_USING_POISON,伤害气体弥漫
9a27d09d5ff2c3a4,TID_MOVE_MASTER_BUILDER_ERROR_HUT,请先在家乡建造建筑大师小屋。
1f096ed24a47c8cd,TID_DEVICE_LINK_WRONG_ACCOUNT_TITLE,登录账号错误
4fc0362c37e53bb9,TID_DIAMOND_BUNDLE_TH13,13级大本营礼包
1d1cbc235ef74370,TID_NPC_CHALLENGE_TH11_LAVALOON_WARDEN_ABILITY,使用<c9916c8>大守护者</c>的英雄技能让您的<c54a0fe>气球兵</c>免疫伤害！
f507fcce8d876818,TID_POPUP_REPLACE_LAYOUT,要替换阵型吗？
bd4b6e326ca63ffb,TID_OTTO_TASKS_UPDATED,升级！
bb546963fab24a78,TID_SHOP_CATEGORY_BUILD,建筑和陷阱
6a5651b56e3e6c77,TID_HASTE_INFO,让部队士气飙涨，变得更快、更强！\n\n施放狂暴法术会产生一个狂暴效果光环！在此光环中的部队速度增快，攻击力增强。
2d3feb079ee5f3d8,TID_HINT_UPGRADE_MINES,金币不够用了？赶紧升级您的金矿吧。
62e7499492e14a1f,TID_DIAMOND_BUNDLE_BUILDER,建筑工人礼包
e9109b108cc447b4,TID_ALLIANCE_WAR_UNDER_ATTACK_BY,遭到<name>的进攻！
5efa4e35f2271f82,TID_DECORATION_SHORT_FILM_STATUE_INFO,两位兄弟，一段传说。
eaf89bdeac5c9a3f,TID_ATTACK_FAIL_SAME_ALLIANCE,无法攻击同一部落的玩家！
af37d9f451352816,TID_DECORATION_CLOCKWORK_STATUE,齿轮雕像
316cc1e63b9d92a0,TID_SCENERY_HOG_MOUNTAIN,新春集市
84cf902354774cfa,TID_NPC46,豪宅
66cef258ff1da2aa,TID_NPC_CHALLENGE_SPELLS_TO_CLEAN_UP,施放剩余法术帮助部队清理战场。
8eb17f5e69dc2a85,TID_NPC_CHALLENGE_TH12_YETI_JUMP,使用<c85ff3b>弹跳法术</c>帮助部队靠近<cf70d16>巨型特斯拉电磁塔</c>。
5f89f35aff353aa7,TID_COSMETICS_CUSTOM_VO,特殊配音
b98ee4b0b3fd1deb,TID_POPUP_REMOVE_TROOP_AND_SPELL_TEXT,您真的要移除这些部队和法术吗？
73dd26e329f4335b,TID_UNPLACED_BUILDINGS,待放置的物品
106f80aa13ca98c8,TID_BP_REWARD_LOCKED_NEED_PREMIUM,您需要黄金令牌才能解锁这个奖励。
7a08987bf904bc18,TID_CHARACTER_INFO_WARLOCK,女巫从来不是一个人在战斗，她能不断召唤骷髅兵发起攻击。升级您的女巫，让她每次可以召唤更多骷髅兵。
6d5d0268b6bd5c34,TID_ACHIEVEMENT_DESTROY_MORTARS_TITLE,迫击炮破坏达人
87a11cc677b8035a,TID_NPC61,烈火燃烧
cc35679f52e25938,TID_ACHIEVEMENT_DESTROY_ARTILLERY_TITLE,火炮破坏者
72b27049a7989f84,TID_WALL_INFO,城墙是保护村庄、阻挡敌军的最好防线。
3c431dd7b4b62c7f,TID_POPUP_BREAK_SHIELD,要解除护盾吗？
ef27ff23fed14ab8,TID_SETTINGS_2_ROW_DEPLOYMENT_BAR_INFO,将该功能设置为\q开启\q后，家乡战斗界面部署栏位将分双行显示。
e183a8987be6910c,TID_SIEGE_MACHINES_BATTLE,战斗中
7b9f3472cdb5ad2e,TID_NEWS_CHALLENGE_PREVIEW_TEXT,• 随时发起挑战，邀请部落成员攻击您的村庄\n• 友谊战不会消耗您任何部队\n• 分享友谊战结果和战斗回放，还可在部落内部开展比赛
048ae394a8854d0e,TID_SHIELD_POPUP_NONE_DESCRIPTION_1,如果您没有护盾或者村庄守卫，那您可能会随时遭到攻击。务必不惜一切代价保卫大本营！陷阱、英雄和部落城堡援军能够大幅强化防御。
2e33123cebd25978,TID_BB_ATTACK_ELIXIR_STORAGE_FULL_TITLE,您确定吗？
eaa0877337ba1a3b,TID_CLAN_GAMES_CENTRE,竞赛场
0df8044cb37c23e1,TID_RES_PACK_INFO_ELIXIR,• <gems>宝石\n• <res0>圣水\n\n存放礼包中的资源不受最大储量限制！\n\n巨大折扣，限时优惠！
07d9b10fceed9140,TID_AUTO_FORGE_SLOT_DESC,铸造无需建筑工人且所需资源减半。获取黄金令牌后可解锁。
beab0aa20611dd27,TID_NEWS_TH11_UPDATE_ARTILLERY_TEXT,• 这门巨大的远程武器能消灭缺少防备的攻击军队\n• 在爆破弹的齐射之下，强大的部队将被彻底击垮，爆炸附近的单位也会受到伤害\n• 天鹰火炮只有在很多部队部署之后才会启动，\n针对性的战术和狡猾的多波进攻则会让它形同虚设！
375a62fcd7d3fd36,TID_EVENT_TITLE_CLANWAR_SHORT4,欢乐周末
a77e813ab6d51e77,TID_HALLOWEEN_INFO_SCREEN_ITEM3,收集合体奖章，并使用合体奖章兑换更多奖励！
cc8d791ad5cfeb00,TID_PRESET_LOAD_OK,军队配置已添加至训练队列！
4f6c5909942847de,TID_TUTORIAL_WAR_LEAGUE_9,点击下方的按钮，我们可以查看部落对战联赛的整体战况。
9de348f9092bb2f4,TID_NPC80,小菜一碟
1fd6f9fdfaa6a701,TID_EDIT_MODE_PHOTO_MODE,截图模式
cb8414c5e0cc10c5,TID_LEGENDS_MATCHMAKING_COUNTDOWN,离下一个联赛日开始还有：
ea1dd569f10cdf3b,TID_ALLIANCE_INVITATION_FAILED_USER_BANNED,该玩家被禁止加入您的部落，无法邀请！
aca29ea190243bb9,TID_CAPBUILD_GUARDPOST_GIANTS,超级巨人岗哨
e34b910117a9c0e6,TID_TRAP_SANTA,圣诞奇袭
46ed9902df4f0d8a,TID_CAPBUILD_SPELL_STORAGE_INFO,储存都城里配制的法术。升级法术仓库可提升突袭时的法术容量。
eaf236b50e1a8c51,TID_POPUP_BOOST_ALL_BARRACKS,确定在<time>内将<number>个训练营的训练速度提升至原来的<multiplier>倍吗？
05abdbed2c0928ea,TID_SCENERY_EPIC_WINTER,冰天雪地
e1838d486e5a1176,TID_RUINS_BARRACKS,训练营废墟
0e83971c67738bbf,TID_SPEED_UP_DUEL_CONFIRMATION,现在解锁更多建筑大师基地战斗奖励？
978e89df9f1ab9e5,TID_DUPLICATE_SPELL,镜像法术
c4551e06933c1f49,TID_CONFIRM_SUPER_TROOP_CANCEL_AND_REMOVE_TROOPS_TEXT,确定要取消已启用的超级部队吗？所有已强化的单位都会被移除出您的军队，且剩余强化时间不会返还任何费用。
58823019cc48e126,TID_WAITING_FOR_ATTACK,对手正在进攻！
13c9addb1c9fe392,TID_ALLIANCE_WAR_PREPARED_FOR_WAR,准备就绪！
df233293815f49d4,TID_HALLOWEEN_TOKENS_LEFT,剩余合体奖章：<num>
a922504dadcf718f,TID_BUILDING_MONOLITH_INFO_SHORT,面对的目标越强，造成的伤害越高。
53aaca9fa639ecfe,TID_CHARACTER_SIEGE_MACHINE_TROOP_CATAPULT,
3456056836fd971f,TID_BUTTON_CLAN_MAIL_NEXT,下一封邮件请等待：
ed84525211afb614,TID_DARKAGES_WARDEN,黑暗时代守护者
90568e56009fb27c,TID_CLANGAMES_TASK_INFO_BEAT_ELIXIRTARGET,在单场联机模式战斗中获取<num2>圣水。
3e1c40b7f80b6f7b,TID_SPELL_BATS_INFO_SHORT,在任意位置召唤一群蝙蝠。
6fdb5444f0177a0b,TID_ACCOUNT_DELETED_DUE_INACTIVITY_TEXT,由于长期没有登录，该账号已被永久删除，且无法再恢复。
836e42a53581e3ab,TID_SETTINGS_GENERAL,通用
00375e8b9cd72148,TID_CWL23_SCENERY,部落联赛
5e96ea462852d902,TID_REPORT_LAYOUT,举报阵型
28c90f3e7ac04a92,TID_BP_BONUS_POINTS_TITLE,额外积分！
0af559ee2c15ded5,TID_DECO_TH14_FOUNTAIN,潺潺清泉
7aa0ecd567455c8d,TID_DIAMOND_BUNDLE_BOMB_TOWER,炸弹塔礼包
cf39c69aa7c895ec,TID_ACCOUNT_DELETION_WARNING_TEXT,根据您的请求，您的账号将于<time>后被删除。如果您不希望进行此操作，请在游戏内点击\q帮助与支持\q联系玩家支持团队取消您的请求。
4fc03441a7e75629,TID_DIAMOND_BUNDLE_TH10,10级大本营礼包
2040ef6a6f6becb8,TID_CHARACTER_INFO_PEKKA,皮卡超人是骑士？是武士？还是机器人？只有天知道！皮卡超人的重型盔甲可以抵御强大的攻击。
14e827d42da98257,TID_TENCENT_CREATE_NEW_ACCOUNT_CONFIRM_TITLE,新的游戏账号
9a4b913bff0ac134,TID_WL_UPCOMING_WAR_TITLE,即将到来的对战
196a8752f912c712,TID_BUTTON_ATTACK_MODE_BURST,连发模式
fb0b53556430c2bf,TID_BOOSTER_FREE_TROOP_UPGRADE_INFO,挥舞这把魔法锤即可将任一兵种立即升至更高一级。在家乡和建筑大师基地都可使用！
b20393d575654960,TID_ENEMY_TERRITORY,敌军阵地
0f52e2c670175f77,TID_CLAN_TAG_TEACHER,老带新
132e99e34a5b0c19,TID_TRAIN_TROOPS_QUEUE_SIZE,训练部队：<num>/<max>
79df6c3d868a150e,TID_EVENT_BOOST_SPELL_AND_HEROES,特别活动：每个英雄和法术加速仅需一颗宝石！活动持续到3月6日。
2d6a8a65879612d0,TID_NOT_ENOUGH_EVENT_TOKENS,您的<hard_currency>不足，继续收集<soft_currency>以赢取更多。
dfb15addaacea052,TID_EVENT_HUB_ACCESS,活动中心
70c58d0cd29e38bc,TID_CLANGAMES_TASK_DESTROY_ELIXIRSTORAGES,摧毁圣水瓶
4e62cf0a1566f0f5,TID_WAR_STARTS_IN,对战开始倒计时：
1e34ec539a2a8f92,TID_STARTER_TH4_BUILDSPRINGTRAP,弹力十足
e920a753661d1edd,TID_NPC_CHAMPION_HEALTH_LOW,<c9916c8>飞盾战神</c>的生命值在减少，快激活她的英雄技能！
6427fb05e0fee731,TID_HERO_ABILITY_LEVEL_UNLOCK_PROMPT,在<number>级时解锁技能！
9510a840b157ed03,TID_SIEGE_MACHINE_INVISIBLE_FLYING,
07b8c127edd5ea04,TID_GEAR_TYPE_OTHER,其他
be17dbfa268c8ff8,TID_RED_NEWS_BUY,商店
6f617c101d44a8bd,TID_MAP_LOCATION_24,法术小镇
396845fa5c07e19b,TID_XP_TEXT_UNLOCK_PUZZLEANDDRAGONS,如果您也在玩《智龙迷城》，您可以点击下方按钮解锁《智龙迷城》中的《部落冲突》副本。
54a70cf110eecd81,TID_BUILDING_REINFORCEMENT_CAMP,预备营
920d7ed56c5a4e4d,TID_BUILDING_ARCHER_TOWER,箭塔
be823a32496a0f84,TID_HINT_VERSUS_BATTLE1,在建筑大师基地战斗中赢得更多胜利之星的一方获胜！星数相同时，摧毁率更高的一方获胜。
b6dc389c95f7acbc,TID_NPC_CHALLENGE_LOON_2,分批派出气球兵，减少陷阱和<cf70d16>法师塔</c>造成的溅射伤害。
e2abc1d128052bb1,TID_BP_PERK_BUILDING_BOOST_DESC_STARTER,减少建造及升级建筑所需的资源和时间。减少在铸币坊铸造都城金币所需的资源和时间。
7d5c3c538ec0410c,TID_ALLIANCE_WAR_STAT_ATTACKS_LOST,进攻失败次数
fb6553e5288dd4ea,TID_CLANGAMES_TASK_INFO_DESTROY_BB_ARCHERTOWER,在建筑大师基地战斗中摧毁<num>个<building>。
e31f98da4c944555,TID_BOOSTER_MOVE_OBSTACLE_INFO,这把神奇的铲子很有用但也不耐用，可用来移动一个障碍物。在家乡和建筑大师基地都可使用！
f9325c8174603f84,TID_LOCAL_NOTIFICATION_EVENT_END_OF_SUMMER_OFFER_TH0212,夏季热浪即将退去，战斗热情仍将持续！千万不要错过这些专属特惠哦！
f07c0ff214aa7bc0,TID_WARMACHINE_INFO_SHORT,建筑大师穿着这身蒸汽驱动的装备，威风凛凛地走上战场。
0234267bc0d93958,TID_ALLIANCE_GAMES_START_TASK,开始
55b8a6d7e1c0d11d,TID_SCOUT_BUTTON,侦察
dba4729bb05fd56e,TID_EVENT_END_SOUR_ELIXIR_DEPLETED,酸腐圣水的诅咒已失效。您现在仍可在商人处使用合体奖章。
c14134cb70e13816,TID_RED_PROCEEDS,本次活动的全部收益将用于支持(RED)抗艾滋活动。
71083d34c60b86bf,TID_SETTING_DEPLOYMENT_BAR_SIZE_BUTTON,调整
f753f93270b11e18,TID_CLANPERK_DESC_WAR_LOOT_CAPACITY_VALUE,<value>%
3bbb586b4860790e,TID_WL_RESULT_PROMOTED,您的部落晋级到
09bce590f693c2af,TID_CONFIRM_CONTINUE_WANTS_INVITES_TEXT,您已多次拒绝部落邀请，您希望继续接收部落邀请吗？
5149891babdf5b6c,TID_PROMOTE_TO_ADMIN_CONFIRMATION,晋升<name>为部落长老吗？
3b4bf68477221a76,TID_DISTRICT_BARBARIAN_CAMP,野蛮人兵营
0333dae45085a19e,TID_ANNIVERSARY_KING,律动蛮王
cedbdea45c32ff2b,TID_FORUMS_BUTTON,论坛
5e18c77b182a3a10,TID_BOB_TASK_GEAR_UP,\n需要在家乡改装3座建筑。
092921c61cde4dbb,TID_CHARACTER_INFO_SIEGE_MACHINE_FLYER,攻城飞艇可以无视地面障碍，并将您的部落援军直接运送至敌军村庄中心，在飞行途中还会不断投放炸弹。由于外壳不够结实，它很容易被敌军击落。法术对攻城飞艇无效。
cd21ca67bb260e4a,TID_LEGENDS_ATTACKS_LEFT,剩余战斗：
3152477a39cdc9bb,TID_NOTIFICATION_CLAN_WARS,部落对战
32e3791c24ab16b1,TID_TUTORIAL_ARTO_START_1,嗨，还记得初次见面时我说过的话吗？我说过我会去你的另一个家瞧瞧......
e129f15973c2e916,TID_RECRUITING,正在招募
2c039abe183639ac,TID_SHADOW_QUEEN,暗夜女皇
2963bf1404f3129c,TID_BUTTON_SWAP,替换
d492d424126457e3,TID_NPC_CHALLENGE_BOWIGI_CLEANUP,派出剩余的部队帮助清理战场。
8e77bad9832b7660,TID_BB_BATTLE_LOG_DEFEAT,失败
58c83939c6220321,TID_NPC_CHALLENGE_TH13_HYBRID_ELECTRO_DRAGON,<c9916c8>弓箭女皇</c>进攻时，派出<c54a0fe>雷电飞龙</c>清理另一个角落。
2664716ac5359368,TID_NOTIFICATION_WL_DAY_CHANGED,部落对战联赛迎来了新的战斗日。今天您的部落将和 <clan> 部落进行对战。
b083b7ceaf23ad2a,TID_TENCENT_DOLPHIN_DOWNLOADING_74,更新校验完成文件
d5748e6c3c32df4c,TID_WL_SEASON_NAME,<year>年<month>部落对战联赛赛季
4d08c55c5a0af734,TID_DEVICE_LINK_ERROR_CODE_ERROR_1,出现问题。请重试！
f7c3857a86153ecd,TID_LEAGUE_CLAY5_SHORT,黏土5
9985d39f34c5a38d,TID_COSMETIC_ESTATE_4X4_GIANTS_HOUSE,巨人之家
ac3ba538fc80bb2f,TID_CLANGAMES_TASK_INFO_USE_SUPER_VALKYRIES,在联机模式中赢得<num>颗胜利之星，每场战斗需使用<num2>个超级瓦基丽武神。
86808ccdc7fb8c11,TID_TUTORIAL_CLASHOWEEN_EVENT_D2,记得收集哦，它一定会让您爱不释手......
24afc19b16ef37a9,TID_WAR_INFO,在为期两天的激烈对战中获得更多胜利之星的部落将赢得胜利！获胜部落可获得资源奖励和部落经验值奖励。进攻获胜可赢得额外的战争奖励；但如果您的部落战败了，您将只能获得少量资源奖励。此外，部落对战出现平局时，在最佳攻击中总摧毁率更高的部落将赢得对战胜利！
25c9b9078177da0f,TID_SEARCH_STATUS,搜索对手...
a1b96098949fbd07,TID_BUY_PRIZE_SHOP_ITEM_MULTI_TEXT,您确定要购买<num>x<item>？
50a3a00251de4a39,TID_RECALL_NO_TROOPS_TO_DEPLOY,没有召回任何部队
a84d866dc2dc2614,TID_INFO_SPELL_STORAGE,法术容量：
9bdfc705f726e3e3,TID_MAP_LOCATION_15,女皇港
6141b6445d1a8fa9,TID_TOWN_HALL_13_WEAPON_INFO,巨型地狱之塔会让敌军觉得自己就是一团向篝火发动攻击的棉花糖。被摧毁时，巨型地狱之塔会炸碎大本营同时引发一场冰冻，在一段时间内减速附近所有敌军。
f30163fca82fb49c,TID_NPC_CHALLENGE_TH9_BABYDQW_JUMP,使用<c85ff3b>弹跳法术</c>，让<c9916c8>野蛮人之王</c>真正地加入战斗！
600958340e77d207,TID_BATTLEPASS_TASK_INFO_WIN_BATTLES_USING_FLAME_FLINGER,在联机模式中使用攻城烈焰车赢得<num>场战斗。
e2343d5c76abfa47,TID_AUTO_FORGE_SLOTS_ACTIVE,已启用栏位：<num>
58c2124270c1e7eb,TID_SUPER_TROOP_LEVEL_TOO_LOW,<cff0000>需要<num>级<troop>。</c>
7f5de34ce1273dde,TID_CLAN_LANGUAGE_UNKNOWN,未设置
e8b8e22c2062fb99,TID_SETTING_SHOW_LEADERBOARDS,在排行榜中显示
1e6088f29c2a16e6,TID_TUTORIAL_CLASHOWEEN_EVENT_B2,然后......
d407e38d45e47b3c,TID_CLANGAMES_TASK_INFO_DESTROY_BB_ROASTER,在建筑大师基地战斗中摧毁<num>个<building>。
a51b598b07f0561b,TID_TRADER_ITEM_NOT_UNLOCKED,未解锁
985f2e6316abd5e7,TID_BATTLEPASS_TASK_INFO_GET_STAR_BONUSES,在家乡赢取<num>次每日胜利之星奖励。
6f4740aa159c277e,TID_CLANGAMES_TASK_DESTROY_BB_AIRBOMBS,摧毁空中炸弹发射器
96debf79c7288cb2,TID_LEAGUE_HERO1_SHORT,泰坦杯1
3566745fb433f461,TID_PRESTIGE_TROPHIES,传奇奖杯
ba3ffda527424ed8,TID_ATTACK_FAIL_GENERIC,暂时无法攻击此村庄！请稍后再试。
e032f421c75e25db,TID_BATTLEPASS_TASK_START_HOME_UPGRADE,发展家乡
283640aa49e41ca5,TID_PET_ABILITY_INFO_BARKY,莱希可以跳过城墙攻击另一边的目标。
78eb6da489ebeac4,TID_DECO_HOG_PEN,野猪圈
9ee28214ad4a92b0,TID_LEAGUES_V,5
e46b0a6d7627fc74,TID_SHIELD_BUY_CONFIRMATION,护盾已启用！
b928698b742e66b9,TID_CLANGAMES_TASK_USE_BOMBERS,炸弹兵狂轰滥炸
d25ed0a5e0f2ece0,TID_SPECTATOR_CAN_NOT_CLAIM,您没有参与本次部落对战
9a53a1ce3c053b7b,TID_LEAGUE_EMERALD3,绿宝石联赛3
d596d834eeb10050,TID_HINT_SHIELD,太忙了没空玩《部落冲突》？记得购买护盾保护您的奖杯！
ed52ef70692970ee,TID_GUARD_NOT_AVAILABLE,无法在护盾有效期间购买村庄守卫！
5b00a81e7a256986,TID_NEWS_TH11_UPDATE_GUARD_TEXT,• 村庄守卫能保护您免遭攻击，并能让您攻击他人\n• 您可以在护盾失效时获得免费的村庄守卫，然后就可以自由攻击，无需担心受袭\n• 联赛等级越高，您获得的免费村庄守卫时间越长 - 泰坦杯联赛I和传奇联赛的玩家能获得100%保护！\n• 您每天可以在商店购买一次2小时的额外村庄守卫
f0bde94ce4884443,TID_TENCENT_DOLPHIN_ERROR_6,当前版本不支持更新，请去应用商店下载最新版本。
803ee2531d277a23,TID_BATTLEPASS_TASK_WIN_BATTLES_USING_POISON_INFO,在联机模式中使用伤害药水法术赢得<num>场战斗。
2cd8c3afff06f46d,TID_BATTLEPASS_TASK_WIN_BATTLES_USING_SKELETON,骷髅成群
8ef72fbee426f409,TID_WAR_PERSONAL_SETTING_TAKE_ME,我要参战
6538e83dac53691d,TID_ERROR_POP_UP_PERSONAL_BREAK_FINAL_TITLE,在线时间已延长
c6d5059e8a65bda0,TID_POPUP_CHANGE_LANGUAGE_TITLE,语言设置
245981bcec267365,TID_CHARACTER_INFO_HEALER_SHORT,治疗部队，让他们在战场上坚持更久。
8dc5e75471505495,TID_HINT_INFERNO_TOWER_TARGETS_1,地狱之塔可对其持续锁定的目标造成毁灭性的伤害。
0952af1b0f82a31c,TID_NPC_CHALLENGE_TH9_LAVALOON_BARBARIAN_KING_2,只要她一跳出城墙，马上派出您的<c9916c8>野蛮人之王</c>对付她。
a69b483e88026436,TID_CLAN_WAR_FREQ_UNKNOWN,未设置
2340ecf8c41cf416,TID_GEM_BALANCE_BUTTON,宝石总量
317ae8ab44395396,TID_HINT_UPGRADE_CANNONS,升级加农炮可以提高您的防御能力。
9fee7c136586e4b0,TID_EVENT_CONFIRM_TIER_UNLOCK,购买<num><soft_currency>以立即解锁下一级奖励？
7a8cfc343c8bf4b6,TID_CAPITAL_PLAYGROUND_GATES_2,对进攻方而言，城门的作用和城墙一样。
00273400a6ee3596,TID_NEWS_BOMB_TOWER_UPGRADES_TITLE,等级上限提高
7b7ba0a6c3a48a68,TID_TUTORIAL_CAPITAL_UPGRADE_1,嗯，还能建得更好些。来升级它吧！
b8b4d209292caae5,TID_CHALLENGE_WAIT_TITLE,友谊战
5c0ad1f06f5a6f4d,TID_CLANGAMES_TASK_INFO_USE_LOG_LAUNCHER,在联机模式中赢得<num>颗胜利之星，每场战斗需使用<num2>台攻城滚木车。
f819b380662f145f,TID_MAP_LOCATION_5,冻湖
33443e864d5b441d,TID_NPC2,石头堡垒
8deb5caa5e859e0b,TID_HINT_TREASURY,宝库可以保护部落城堡中的部落对战奖励和胜利之星奖励。
7c99f23d57aa6c2b,TID_VALKYRIE_QUEEN,瓦基丽女皇
c536c0dc7b920822,TID_INFO_POP_UP_TOS_PP_BUTTON1,确定
41818dd2528b619a,TID_PET_HEALER,独角
4aeca678830628bb,TID_ERROR_POP_UP_BANNED_TITLE,账号信息！
6a437682fe7b2f6a,TID_COSMETICS_SCENERY_FEATURES,场景包括：
0c392d5edddeeb0a,TID_HERO_ABILITY_BATTLE_COPTER_DESC,战斗直升机冲向目标，投掷一枚威力十足的炸弹。在一声悦耳的巨响过后，该目标及其周围的一切都会遭到巨大的破坏。充能越满，炸弹的范围伤害越高！
bd5e1e658edff5b1,TID_LAYOUTS_INVALID,保存阵型时出错
3b5a927b59c888e9,TID_BOOSTER_HERO_POTION_ALT_2_LINE,英雄药水
2d16326c2df60f83,TID_HOME,我军
0b353aea03cb3487,TID_BATTLEPASS_TASK_WIN_BATTLES_USING_BARBARIANS,野蛮冲撞
e0b4d808926687d9,TID_NPC_DEPLOY_STEPS_OFF_TEXT,在不使用教程的情况下重玩当前关卡？
1e2e85f0314cd894,TID_RAID_ATTACK_CONFIRM_INFO,请确保做好准备再发动进攻！
1e27d50e2647f4fe,TID_SUPERCELL_ID_TITLE,Supercell ID
9d0a14b4dd3434b0,TID_WARNING_CANNOT_COPY_LAYOUT_WHILE_EDITING,编辑阵型时不能复制阵型。
2628007a8be92907,TID_CLAN_GAMES_THEME_NEW_YEAR,新年竞赛
ba0d6f8758b8efb4,TID_ALL_CAPITAL_UPGRADES_DONE,所有可升级的项目都已完成升级
4ae38584ec43c3d6,TID_NEWS_RABBIT_TITLE,是魔术吗？
1e044d0966ce051d,TID_CANCEL_FRIENDLY_WAR_SENDER_TEXT,您想要取消部落友谊战邀请吗？
320aba6c2ea6e819,TID_BP_BANK_MULTIPLIER,加成：
393ae826437b61c6,TID_SHARE_REPLAY_FAILED,视频已经被另一个玩家分享
cee8728b65a67750,TID_UPGRADE_TH_TO_GEARUP_UNLOCK,将建筑大师大本营升至<number>级以改装更多建筑！
0d74f1c05132bb6f,TID_WAITING_FOR_ENEMY,等待对手
e5f2545b29af156c,TID_BARRACK_INFO,在训练营训练部队助您征战。升级训练营可解锁更高级的兵种，助您在史诗般的战斗中赢得胜利。
bfca2e52fa5b5afc,TID_BUILDING_SCATTERSHOT_INFO,投石炮朝射程内最近的目标发射又大又重的石块，但这些石块捆得并不牢固，它们撞击目标后会散开，对目标后方的部队造成溅射伤害。
cd0ce394dfca5b75,TID_GEAR_POPUP_DRAG_INFO,拖动图标为英雄配置装备
68614c21f63e5b8b,TID_CHAT_JUST_BANNED,其他玩家举报了您的不当言论。您被禁言<time>。
347477de44291ab9,TID_LEADERBOARDBANNER_PLAYER_HISTORY_TITLE,上次锦标赛中的传奇玩家：
8b8c6fc08873a28b,TID_PRIVACY_POLICY_BUTTON_TENCENT,腾讯游戏隐私保护指引
e38ce836c7954a20,TID_NPC_CHALLENGE_TH11_LAVALOON_BARBARIAN_KING,派出<c9916c8>野蛮人之王</c>。
157c4e69e40e2827,TID_TRADER_TUESDAY_NOTIFICATION,今天是商人星期二！快来看看最新的每周精选！
bd8d0151b9b09ec6,TID_ALLIANCE_WAR_BEST_NO_ATTACK_ENEMY,无敌军最佳战斗记录
5d3d87c935735af1,TID_CAPITAL_RAID_DEFENSE_MEDALS_ALT_GEMS_RECEIVED,您获得了都城突袭周末防守奖励：<num>宝石
bf1bed6518b8a3df,TID_INVALID_WAR_MEMBERS_INFO_LOW,请选择至少<value>名成员
b8e64cf0c85d1771,TID_ALLIANCE_WAR_ENDED,战争已经结束
796e0a31a21d5358,TID_TUTORIAL_CLASHOWEEN_EVENT_D1,坩埚也会生产酸腐圣水......
2f3e0c24908d1794,TID_LIFE_STEAL,每次攻击治疗量：<number>
01afbc2bdcaac009,TID_REVENGE_NOT_AVAILABLE,无法反击
3ab858e26627bce5,TID_NOT_ENOUGH_GEAR_RESOURCES,升级资源不足！
6368c7b9eb82519e,TID_ALLIANCE_RAID_FAILED_RAID_IS_ENDING,无法进攻！突袭周末即将结束。
18dfd7c28fd45d6e,TID_GOLD_PASS_PERK_DETAILS,加速建造，加速训练，加速研究！\n\n获取黄金令牌可解锁以下特权：
98af98deb815194e,TID_LINK_NEW_DEVICE_TEXT2,如要开始，点击一项：
c5c586ec97ed3b99,TID_CLANGAMES_TASK_DESTROY_BB_MEGATESLA,超级特斯拉克星
d38a403bcf3cf756,TID_PREVIOUS_ARMY,上一次使用的军队配置
3463a73cad54a56f,TID_DIAMOND_BUNDLE_BH5_ALT,建筑工人行家礼包
8eaba92f504f0905,TID_CREATE_SKELETONS_SPELL_INFO_SHORT,召唤一支骷髅大军对防御建筑发动奇袭。
5fc12ec43bba2a00,TID_HERO_ABILITY_UNLOCK_PROMPT_FEMALE,将英雄升至<number>级以解锁此技能！
dbfe5cb386c3ee56,TID_MEDAL_EVENT_TRACK_END,活动已结束，但您仍可在商人处使用奖章！
182f5e7612c44977,TID_ALLIANCE_INVITATION_FAILED_NO_RIGHTS,只有首领、副首领和长老能邀请新成员
190400fa41fdd696,TID_CAPBUILD_MEGATESLA,超级特斯拉电磁塔
88893abcf5d3acc8,TID_ACHIEVEMENT_DESTROY_ARTILLERY_COMPLETED,总共摧毁天鹰火炮：<value>
af4dd62edc0095f2,TID_SPECIAL_OFFER_INFO_BUILDERBASE_ANNIVERSARY_9999,• <booster1>块建筑大师金币符石\n• <booster2>块建筑大师圣水符石\n• <booster3>本战斗之书\n• <booster4>本建筑之书\n\n• 存放礼包中的物品不受最大储量限制！\n• 该礼包可购买2次！\n\n这个超值礼包可以助您升级各种项目！
2aa2df58b73856a4,TID_AMMO_ALREADY_FULL,十字连弩装填完毕！
38dc22160d309fbf,TID_BARBARIAN_KING_INFO,野蛮人之王是领地范围内最强、最凶悍的野蛮人。以暗黑重油为食的他身材巨大，可以进攻敌军村庄也能守护您的家乡。
b97ca20639bb2718,TID_EVENT_TITLE_CLANWAR_FIRSTRUN,竞赛开幕！
3835d7ecfa3b15b7,TID_PLAYER_TAG,玩家标签
6fa6f919b2719aeb,TID_CLANGAMES_TASK_INFO_DESTROY_BB_HEALINGHUT,在建筑大师基地战斗中摧毁<num>个<building>。
708ca2b48ad361dc,TID_BOOSTER_FREE_BUILDING_UPGRADE,建筑之锤
f2728a0b609a138b,TID_DECO_DUCK_POND,小鸭池塘
99d732ff7e8994c3,TID_COSMETICS_CUSTOM_MUSIC,独特音乐
aebc8e5fb4a5f2dc,TID_BOOMBOX_NEWS,新闻
d1d258b4930a29ac,TID_SETTINGS_2_ROW_DEPLOYMENT_BAR,战斗界面部署栏位双行显示
2425748c654c2649,TID_CHOOSE_SPELL_MODE,选择法术模式
8076631c852ee323,TID_ACCOUNT_DISABLED_TEXT,账号已被永久删除
bee738fc548c68a3,TID_SKELETON_KING,骷髅蛮王
60da37aca88b0fa3,TID_BP_REWARD_GET_GEM_ALTERNATIVE_TEXT,您的魔法物品仓库无法存放所有的奖励，出售溢出的奖励以获得<amount>宝石？
9ffd4c27ed494067,TID_ARCHER_QUEEN_INFO,弓箭女皇是一名英勇的战士，她双眼锐利如鹰，手握独门秘器改良十字连弩，既能攻击敌军也能保护村庄。
49fdd1049b3a3fc1,TID_BUTTON_RATE_APP_NEVER,不再提示
ab17035ad68ebf65,TID_CLANPERK_DESC_DONATION_UPGRADE_VALUE,<value>级
832a40b2387c9cbf,TID_TUTORIAL_WAR_LEAGUE_4,首先，我们会接连进行多场对战。
6a3332de01b60ae4,TID_DIAMOND_BUNDLE_BH3_INFO,• <gems>宝石\n• <res0>圣水\n• 1级撼地巨石\n\n礼包中的建筑无需花费建造时间，存放礼包中的资源不受最大储量限制！\n\n该<cffec78><value>倍超值礼包</c>只可购买\n一次，千万不要错过哦！
fe3ff55d7c9672bd,TID_BUTTON_UPGRADE_WEAPON,升级武器
cb9ffde7d457f735,TID_EVENT_SPELL_BOOST,1宝石加速法术配制
15298d5a08b755fd,TID_SETTING_AUTO_TRAIN_INFO,将该功能设置为\q开启\q后，对战中使用过的军队配置会在对战结束后自动添加至训练队列。
28609cdab4f6bc61,TID_FEATURE_CLANS,部落
f1c142f7bbc98a1b,TID_HINT_SAFEGUARD_PROGRESS,登录Supercell ID保护您的游戏进度。
aadea30a11e44926,TID_LOADING_FACEBOOK_FRIENDS,正在加载好友列表...
a3051b05bc49c790,TID_EVENT_UPCOMING_TIME,<number>天
f7869680931fba64,TID_INFO_THROWING_POSITION_TARGET,目标
0b06feb51e55eca5,TID_ALLIANCE_WAR_SPECTATOR_MODE,观战模式
cbd7526e02b14ea3,TID_SCID_GIFT_RECEIVED_TITLE,收到礼物！
d85cfe93dd246b15,TID_BATTLEPASS_TASK_INFO_WIN_BATTLES_USING_WALL_WRECKER,在联机模式中使用攻城战车赢得<num>场战斗。
81c7ef060e1bcbbf,TID_PET_POISON_LIZARD,猛蜥
5d94c4145ba2cbb7,TID_UPGRADE_INFO_ATTACK_SPEED,<old>攻击速度 (<num>秒)
f7bfced44c4e3c6c,TID_LOCAL_NOTIFICATION_EVENT_REGULAR_THEMED_BATTLE_TH0212,战斗号角已吹响，胜利在呼唤！使用这个特惠礼包升级您的部队，带领部落创造辉煌战绩！
c8958b372fb345d0,TID_CONFIRM_SUPER_TROOP_PURCHASE_TEXT,将<original>强化为<name>？强化有效时间为<duration>。
9c19fd81430eb8be,TID_STARTER_TH3_BUILDLABORATORY,科学狂人
3710293f46029d6e,TID_LEGENDS_MP_DEFENCE,防守
47d89c08913c82f6,TID_POPUP_HEADER_WARNING,警告！
10d653e403692e82,TID_ALLIANCE_CASTLE_INFO,宝库以及部落成员增援的部队和法术都会存放在您的部落城堡中。
a55611875b1e6ed2,TID_LEGENDS_MATCHMAKING_ONGOING,寻找对手！
2f76b3ebdd8ed429,TID_ZAP_TRAP,电击陷阱
02ced4bf486fb95d,TID_EVENT_ARMY_INFO,用该军队摧毁敌军村庄！现在活动中各兵种训练费用减少<num>%！
b4aa4e16288ccc88,TID_BATTLEPASS_TASK_WIN_STARS_USING_LIGHTNING_INFO,在联机模式中使用雷电法术赢得<num>颗胜利之星。
88d8c9167bfa6429,TID_STREAM_EVENT_PROMOTED_AUTOMATICALLY,被自动晋升
32c338b96d287a40,TID_CONFIRM_SUPER_TROOP_CANCEL_TITLE,取消强化？
3f53a7276601fb91,TID_TRAINING_CAPACITY,训练容纳量：<number>
5f721c7faf419ea0,TID_CLOCK_TOWER_BOOST_TIME,提速时长：<number>秒
3a871290b1d379da,TID_POPUP_REVENGE_CLEAR,您只有一次机会向该玩家反击。确定现在反击吗？
0eb7eccf81e5a1e4,TID_CAPITAL_PLAYGROUND_DEPLOY_AREA_EXPLANATION_3,您摧毁敌方建筑或城墙后，部署区域会扩大。
834ae0517bc5cfa7,TID_BOB_HUT,小博木屋
a5967610e2f3aaea,TID_LEAGUE_CRYSTAL2,水晶杯联赛2
6564ab592a7ec173,TID_UNDERAGE_PLAYER_PLAYTIME_ENDED_KUNLUN,根据国家防沉迷通知的相关要求和最新强化的防沉迷政策，由于您是未成年玩家，仅能在周五、周六、周日及法定节假日每日20时至21时登录游戏，在上述时间段之外无法游戏，请注意休息。
95f841e5b7adeda7,TID_SPELL_RADIUS,作用半径：<number>格
fb40bbdff698b76d,TID_CONFIRM_CLEAR_TRAINING_QUEUE_TITLE,清空训练队列？
faa084ec4d111b45,TID_BB_LEAGUE_DETAILS_ATTACK_COLUMN,进攻
733dea060a92b082,TID_LEAGUE_I,1
0f23a7aed68f35f5,TID_NPC_CHALLENGE_BOWIGI_ARCHERQUEEN,在<c54a0fe>天使</c>前方派出<c9916c8>弓箭女皇</c>。
c754e739f23f932f,TID_START_WAR_FAILED_WAR_REQUEST_REJECTED,无法发送部落友谊战邀请，该部落不久前拒绝了您的邀请。请稍后重试。
471726ef74d254f2,TID_CAPITAL_SPELL_DURATION,持续时间：
fb5ef6750d30544e,TID_EVENT_BOOSTS,活动加成
f489533c34264018,TID_NPC_CHALLENGE_FOUR_EARTHQUAKES,叠加使用4个<ca9561f>地震法术</c>即可摧毁任一等级的城墙。施放地震法术，打开敌军防御的缺口！
bcdb289f7cdd3b91,TID_BOMBER_ABILITY_HELP,弹跳两次，每次落地造成<num>伤害
123a1600e6c95ad6,TID_MULTI_ARCHER_TOWER_INFO,这些弓箭手联手出击，可以更迅速、更凶猛地消灭来犯之敌。团结就是力量！
58e8e7b82b67e7b6,TID_CLAN_WAR_FREQ_ONCE_WEEKLY,一周一次
7abc4214b6e31a09,TID_LEVEL_UP,升级成功！
be67b0ef8c3c7c41,TID_NAME_REPORT_TEXT,确定要以不当名称为由举报<name>吗？
daefa159cf75dcd8,TID_CLANGAMES_TASK_DESTROY_BB_ARMYCAMP,兵营大暴乱
a713baf10dd3ef22,TID_REPORT_CONFIRM_SCREENSHOT,你确定要提交这张截图作为证据吗？
97a2164425907445,TID_CLAN_TAG,部落标签：
84467fa2d806f997,TID_REGULAR_THEMED_PREPARE_OFFER_INFO_TH0712_999,• <res0>圣水\n• <booster1>本英雄之书，可用于立即完成任一正在进行的英雄升级\n\n• 存放礼包中的物品不受最大储量限制！\n• 该礼包在显示期间内可购买4次\n• 立即升级您的英雄、部队和法术！
4f991fbf818181e3,TID_OTHER_TROOP_LEFT,请选择其他兵种
0ab74f0f78f3be1e,TID_WL_MEDALS_BONUSES_ALT_GEMS_RECEIVED,部落给您额外发放了部落对战联赛奖励：<num>宝石
b075245e010e3cde,TID_ALLIANCE_WAR_STAT_PARTICIPATION_BOTTOM,已用攻击数（实力靠后村庄）
07b1ba79ab291366,TID_POPUP_SHIELD_REMOVAL,您可以随时搜索对手，但是一旦您发动攻击，您的护盾时间就会相应减少。如果所需扣除的护盾时间多于您剩余的护盾时间，那么您的护盾会立即失效。
79d2bf3277c54836,TID_LEGEND_SEASON_END_TIP,注意：传奇杯联赛使用了特殊的赛季结束规则与奖励！
440ab0cdafaac32a,TID_TROOP_TRAINING_MAX,最大值
bd36a0961396893e,TID_SUPERCELL_ID_BUTTON_CONNECTED,已连接
c19e3a88d761a6da,TID_ALLIANCE_INVITATION_FAILED_AVATAR_ALREADY_HAS_AN_INVITE,您已经邀请过该玩家了！
e115425b1f238ea4,TID_BARRACK2_INFO,建筑大师训练营为建筑大师基地战斗训练部队！您还可以在发动进攻前快速更换部队。升级建筑大师训练营以解锁更多兵种！
842490aee46de088,TID_PARTY_WIZARD,派对法师
9acf378aa38baf49,TID_CLANBADGE_LAYER_2,边框
91bfe61ea76b2c38,TID_GEAR_UP_BUILDING_SUBTITLE,特殊升级：
868209791755124e,TID_GIFT_DIAMOND_PACK_5,一大箱宝石和礼物
ffbf9618369c4785,TID_LEGENDS_SHIELD,传奇杯护盾
35928265ff0e16c1,TID_BOB_UNLOCK_BUILDING,小博控制室
e28b1e93c14e22f8,TID_CLANGAMES_TASK_INFO_DESTROY_BB_CANNON,在建筑大师基地战斗中摧毁<num>个<building>。
19230caca2e5e194,TID_DIAMOND_BUNDLE_BUILDER_BASE_PACK,建筑大师建筑升级礼包
c8e22b6e0e56949f,TID_SCENERY_PIRATE,海上基地
4219939b532a1361,TID_NPC30,皇后布局
822cf82f585696d8,TID_BATTLEPASS_TASK_WIN_BATTLES_USING_NIGHTWITCHES,蝙蝠成群
b4f679388170e8bf,TID_GEAR_RESOURCE_EPIC,星辉矿石
5b9172516b004a68,TID_LEVEL_NUM,<number>级
dddf19b59869ba0d,TID_POWER_BOOST,力量加成
5cad156183e3b1f6,TID_NUMBER_THREE,3
c698bc09490a7d3e,TID_CLANGAMES_TASK_INFO_DESTROY_BB_OUTPOST,在建筑大师基地战斗中摧毁<num>个<building>。
483177f00aeb43af,TID_TUTORIAL_OWN_HOUSE_3,当然，你要是不喜欢，可以在这里自由更换！
20f9c1ea9ca3c536,TID_BUTTON_SAVE_PRESET,保存
c91d30ccabbf741f,TID_NEWS_TH11_UPDATE_OTHER_TITLE,其他平衡性调整和改进
505ed0b6036bb3cd,TID_LABORATORY_INFO,法师们在实验室里隐藏着什么秘密呢？没人敢去瞧一眼。我们只知道他们的研究可以使部队和法术变得更强！
9ac5256409ae0294,TID_OBSTACLE_TOMBSTONE,墓碑
528e92284347f647,TID_FRIENDS_ONLINE,在线
0374a52878e39336,TID_SIEGE_MACHINE_LOG_LAUNCHER,攻城滚木车
3605d6c7fd570a96,TID_CRAFTING_RESOURCE_LOCKED,将<building>升至<level>级才能使用<resource>进行铸造。
7851777ed6e0005f,TID_ALLIANCE_WAR_EVENT_PREPARATION_STARTED,已开始准备
5dba0628046dbb6d,TID_ADD_FRIEND_ERROR_GENERIC,无法发送好友请求，请稍后重试。
6dcf5f18b2debe8a,TID_SUPPORT_CREATOR_CODE_SET,您正在支持<name>
c4a1022ec167317c,TID_HINT_ACCOUNT_SECURITY_2,Supercell员工绝不会向您索要您的Supercell ID账号信息。
134161013fca15e0,TID_CHARACTER_HOGLESS_RIDER,超猛骑士
ea1c3ce1b3c16fb2,TID_NPC40,超级邪恶
405b57c364b1c28c,TID_BUTTON_SELL,出售
8109d0ae781bd1a8,TID_NPC82,冰冷火焰
855c37312a75df15,TID_NEWS_UPDATE_TITLE,优化法术和部落对战决胜机制！
bb5063d91f2b5a78,TID_BOB_TASK_DEFENCE_FLUFF,建筑大师必须成功升级强大的防御，才能学会如何建造无比强大的建筑工人。
ba621dad64408d9d,TID_BUILDING_CRUSHER_INFO,撼地巨石非常在意自己的私人空间。这块巨石会凶狠地砸向入侵的地面部队，将他们碾压！
a41a3fab6eee8146,TID_CONFIRM_SKIN_PURCHASE_TEXT,确定购买<name>吗？
998ac8b689e8394b,TID_SPECIAL_OFFER_INFO_BUILDERBASE_ANNIVERSARY_NOTIFICATION,首领，我们为您精心准备了特别的建筑大师基地周年特惠！
741cb18249fbff37,TID_WINTER_CHAMPION,凛冬战神
1c84932ceb23cf33,TID_BP_BANK_INFO,月度挑战结束时，资源箱中的资源将转存到您的资源仓库。
92f4fa4ce7029b15,TID_BATTLEPASS_TASK_INFO_USE_DROPSHIPS,在建筑大师基地战斗中使用骷髅气球赢得<num>颗胜利之星。
5d0885c4f654c317,TID_SPECIAL_OFFER_EASTER_UNLIMITED,加速建筑工人
56c08928feee2c7a,TID_MAP_LOCATION_14,废旧隐匿处
d5ffde53bc29a737,TID_LEAGUE_WOOD3,木头联赛3
990354b9c97124ba,TID_FEATURE_LABORATORY,实验室
016694b0bcafae54,TID_ACHIEVEMENT_DONATE_CAPITAL_TITLE,最有价值部落成员
a7247ec17a70c803,TID_BUTTON_TRAIN,训练部队
65010b48965c9ecc,TID_UPGRADE_INFO_DAMAGE,<old>伤害 (+<num>)
a11ddacca96c4adf,TID_EQUIP_TITLE_GEAR1,装备
3c9bfc068611b364,TID_NPC_CHALLENGE_TH8_GOWIPE_SUPPORT_PEKKAS,派出<c54a0fe>皮卡超人</c>，她们也会直奔战场中心。
4ae9a5b0fe81c280,TID_BUTTON_DONE,完成
8feb50070375a132,TID_TUTORIAL_CLASHOWEEN_EVENT_C2,嘭！酸腐圣水！喝了还想喝。
fd070779278f2acc,TID_CLANGAMES_TASK_GET_BUILDERBATTLESTARS,建筑大师基地摘星达人
3bf7fae961fa7371,TID_CLANGAMES_TASK_DESTROY_BB_CLOCKTOWER,推倒时光钟楼
ddc37226aa7a8eb7,TID_PET_HEALER_INFO_SHORT,治愈伤痛，让英雄以最好的状态继续战斗。
4b7df1faecf441d1,TID_POINTS_BB,建筑大师基地
4ebbfa2c1cc005da,TID_ONLINE,在线
24b260f2b2327a34,TID_POPUP_UNDER_ATTACK_LIVE_REPLAY,您的村庄正在遭受攻击！
9d37b535cc84eba1,TID_NEW,新
a571efed09ee4a9c,TID_SHIELD_SCORE_LIMIT,奖杯数高于<number>不可用
779651b3ea45a069,TID_INFO_POP_UP_TOS_PP_TITLE,重要提醒
a775274c0bdaa59e,TID_LEAGUE_CLAY1,黏土联赛1
2d455cc0a144ec27,TID_CAPITAL_PLAYGROUND_JUMP_3,<c85ff3b>弹跳法术</c>无法帮助部队跳过悬崖或开放水域。
12b6f4e746231f19,TID_EVENT_SPELL,<troop>活动
20219a2a8cbe86b8,TID_SPELL_BATS_INFO,在战场上任意地点召唤一群蝙蝠大军！\n\n在您最需要空中支援时施放蝙蝠法术。蝙蝠不会触发陷阱。
fc792a2096a40c8a,TID_NEWS_TH11_UPDATE_HERO_TEXT,• 强化并保护我方部队，施展强大新战术\n• 大守护者能让附近的部队更加强大，并能让他们在短时间内无敌！\n• 大守护者能翻越城墙，也能飞行，可以配合任何战术使用，从而可以让军队所向披靡
56e6450e2b6c0a25,TID_CHARACTER_INFO_GOBLIN_SHORT,擅长夺取金币和圣水。
44548992dd36e8f2,TID_POPUP_GOBLIN_BUILDER_DISCLAIMER,哥布林建筑工人进行建造仍需花费资源和时间。
142de5c0cc7a4f8f,TID_PTE_PERK_BUILDING_BOOST,建筑工人加成
f7d06dfb1c3e2cdb,TID_NO_RIGHTS_TO_EDIT_DISTRICT_LAYOUT,只有首领和副首领可以编辑子城阵型。
413cfa3e27eceb9e,TID_GP_GET_BANNER_TITLE,获取黄金令牌
e02f289b57bc6604,TID_HUD_ATTACKER,进攻
bf6a87c8a9323f9f,TID_POPUP_REMOVE_SPELL_TEXT,您真的要移除这些法术吗？
077775391e174470,TID_HALLOWEEN_END_TOKENS,您剩余的合体奖章已被转换为<num>金币。
db203adefe47836b,TID_TUTORIAL_MERGE_2,我们可以将两个常规的防御设施合并成更强的防御！
7ea30cbcff84cf8b,TID_SCENERY_CHANGE_DOWNLOADING,正在下载该场景，下载完成后将自动更换。
1c4544a5b7ff2eac,TID_LEGEND_SIGN_UP_IN_PROGRESS,传奇杯联赛报名进行中
4ad16b662f268eb8,TID_CONFIRM_DEVICE_LINKING,确认关联
4fc0359ad7e68d59,TID_DIAMOND_BUNDLE_TH11,11级大本营礼包
995f303f1530b7aa,TID_BP_REWARD_LOCKED_NOT_ENOUGH_POINTS,您还需要<num>积分才能解锁这个奖励。
7db33a04d70bf60f,TID_CLANPERK_DESC_DONATION_REFUND,部落援军返还：
ea7f36fb1e4c6eb4,TID_KUNLUN_APP_STORE_LENOVO,联想乐商店
d439a3b3c5012b91,TID_BUTTON_TRY_AGAIN,再来一次
99384ebfaf42dbc9,TID_PLACEMENT_HINT_TUTORIAL2,按住屏幕不放可以迅速地派出部队
ea38b9a6e9dbd887,TID_ALLIANCE_SELECT_BADGE,编辑部落徽章
ba48cf6ca6a3fe52,TID_WATER,水
ee7331c8315bef72,TID_CLANGAMES_TASK_INFO_USE_DRAGON_RIDERS,在联机模式中赢得<num>颗胜利之星，每场战斗需使用<num2>个龙骑士。
31217345853cde53,TID_WL_MEDALS_BONUSES_RECEIVED,部落给您额外发放了部落对战联赛奖励：<num>枚奖章
5e3be892d60c908e,TID_CNY_PACK,春节礼包
7ae10162f2938fd2,TID_BUTTON_CHANGE_VILLAGE,启航
95c59fd8f67645e2,TID_CLANGAMES_TASK_USETROOP_BUILDERBASE,在一场建筑大师基地战斗中赢得一颗胜利之星，需使用1x<troop>。
5399ef024dee9d47,TID_SELF_SERVICE_BUTTON,自助服务
f18eb7edfac46a32,TID_EVENT_TITLE_CLANWAR_LONG2,耐力赛
58b3f426d83d47cb,TID_EVENT_TITLE_END_OF_SUMMER_OFFER_TH0206,胜利之路礼包
3de80208ad16daec,TID_OBSTACLE_HALLOWEEN2016,恐怖南瓜
232431dc7ed6c4e9,TID_LEADER_ROTATION_MAIL_TEXT,本部落的首领已超过<daysInactive>天未登录游戏。<daysToRotation>天后，部落首领的职位将移交给加入部落时间最长且职位最高的活跃成员。\n\n在此期间，如果现任部落首领上线，则首领职位保持不变；如果现任首领一直未上线，首领职位将移交给 <newLeader>。
b66f43bf1b28cfad,TID_LEAGUE_CHAMPION3,冠军杯联赛3
81335193a2141615,TID_NUMBER_NINE,9
38191c2bf544f277,TID_WL_LEADERBOARD_BRACKET_POS6,小组第6名
232fa6d0d409495a,TID_BOOSTER_FREE_BUILDING_UPGRADE_ALT_2_LINE,建筑之锤
eb78093ab38f1d70,TID_CLANGAMES_TASK_INFO_DESTROY_ARCHERTOWERS,在联机模式中摧毁<num>个<building>。
16a4647d5c9c3fee,TID_CLAN_GAMES_CLAIM_BONUS_REWARD_BUTTON,领取奖励
1aa1ce25b48f8ef5,TID_DISTRICT_GOLEM_QUARRY,戈仑石场
c51358af7a3cb269,TID_POPUP_BOOST_MINI_SPELL_FACTORY,要在<time>内将暗黑法术配制速度提高至原来的<multiplier>倍吗？
c20becc5b9ff83d0,TID_GEAR_INFO_HEALING_TOME,治疗大守护者和所有附近友军单位
79939249005a7eaf,TID_TUTORIAL_WAR_MAP_ENEMY_1,我的妈呀，到处都是敌军的战争基地！
b8589490d2db3d65,TID_LAYOUTS_ALREADY_DEFENSIVE,已设置为防御阵型
e70f85cb92b8c8ce,TID_REJECT_FRIEND_CONFIRMATION,您确定拒绝<name>向您发送的好友请求？
1be0a2207428b4e8,TID_RESOURCE_PACK_DARK_ELIXIR_FULL,装满暗黑重油
e9113eb1a2b4738a,TID_NPC_CHALLENGE_TH7_DRAGON_BARBARIAN_KING,派出<c9916c8>野蛮人之王</c>为<c54a0fe>飞龙</c>吸引敌方<cf70d16>箭塔</c>的火力。
8410d43d2f8639ce,TID_CAPBUILD_MULTIMORTAR_INFO,远距离发射多枚能造成溅射伤害的炮弹，以保证最大可能命中目标！
dabab2635c6ae8a7,TID_CAPITAL_MAP_MODE_TEXT_VISITING_FINISHED_ATTACK,之前的突袭进攻
e8b29add2c88f185,TID_OBSTACLE_POND_OVERGROWN,枝蔓池塘
e004f4d2cc395017,TID_TRAINING_FULL,队列已满！
a64165a6a2c18cb0,TID_BUTTON_PET_SHOP,战宠
7293b6aa36fb23f9,TID_CHARACTER_INFO_GOLEM,戈仑石人乐于吸收伤害。被摧毁时，他们会爆炸并分裂成小戈仑石人。每个小戈仑石人拥有原戈仑石人1/5的攻击力和生命值。
12f7ab3ebd4b0016,TID_GOBLIN_WORKER_BUILDING,哥布林建筑工人小屋
5b73731d267622ea,TID_PET_ALREADY_AT_MAX_LEVEL,战宠已升至最高等级！
14ebca5d36760f8f,TID_RAIL,栏杆
baf8b61129a84f0e,TID_DAILY_TASK_2_DESC,在建筑大师基地战斗中赢得一颗胜利之星。
8c523f04fece920c,TID_ACHIEVEMENT_VS_BATTLE_TROPHIES,在建筑大师基地战斗中总计获得<number>个奖杯
1ef33cf6f2732e67,TID_SPECIAL_OFFER_INFO_EASTER_LIMITED_4999,• <booster1>个壁垒之戒\n• <booster2>块圣水符石\n• <booster3>块暗黑重油符石\n• <booster4>块金币符石\n\n• 存放礼包中的物品不受最大储量限制！\n• 该礼包可购买4次！\n\n这个超值礼包为您提供丰富资源，还能助您秒升城墙！
3a6f96a298be1583,TID_HINT_CLAN_CASTLE,部落城堡里的部队会保护您的村庄。
ba0376929b26f580,TID_WL_FAILED_TO_EDIT_ROSTER,修改参战成员名单失败。
5035d3a9d3229036,TID_TRAP_AIR2,空中陷阱
8b12152cb6b09b04,TID_TOTAL_TROOP_HEAL,对部队总治疗量：<number>
ac90d4966a82c7a7,TID_WAR_STREAM_ENTRY_TIME,离部落对战结束还有<time>
3f90dbe857f571b6,TID_PERSONAL_WAR_PREFERENCE_DESCR,设置您的对战偏好，向部落首领表明您是否希望参加部落对战。
deec8286e23a27b2,TID_HINT_BATTLE_LOG,战斗日志里面记录了您的交战记录哦。
f1b811f76b33087c,TID_CHARACTER_INFO_SKELETON_GLIDER,骷髅兵身材矮小，很难越过城墙。好在骨头和滑翔翼足够轻巧，让它能轻松飞过去！
c4c11689dff086ca,TID_LEAGUE_RUBY3_SHORT,红宝石3
439abe6adba767e6,TID_CAPBUILD_BOMBTOWER_INFO,炸弹塔可以投掷炸弹轰炸附近的地面部队，被摧毁后会产生一个大爆炸！\n近战部队最好离它远点吧！
649da22cff390f2d,TID_COPY_HERE_BUTTON,复制到此
b91f0d86455507d0,TID_BB_LEAGUE_DETAILS_STARS_COLUMN,胜利之星
6aa217989ddc88f1,TID_BOOSTER_STAR_POTION_ALT_2_LINE,建筑大师星瓶
31f6e6bd0dfa355f,TID_POPUP_BOOST_ALL_COLLECTORS_BOOSTER,确定在<time>内使所有<number>个采集器的产量加倍吗？
b312dfee93af9cc3,TID_YOU_WIN,您的防守成功了
cb1f1c3b8ebaef2e,TID_OBSTACLE_MUSHROOM,蘑菇
f6d414c364d1b2f8,TID_REPLAY_BUTTON_FAIL,抱歉，已无法回放！
ef8694b3d426e7e9,TID_BATTLEPASS_TASK_WIN_STARS_USING_EARTHQUAKE,地动山摇
eab514d82f2cca9e,TID_NPC_CHALLENGE_TH12_YETI_CLEANUP,派出剩余的<c54a0fe>法师</c>，并施放<cf07bf8>急速法术</c>和<c38eaff>冰冻法术</c>完成进攻。
cb8f3e2f68106a37,TID_CLANPERK_DESC_TROOP_REQUEST_VALUE,<value>分钟
077201486f64a8a0,TID_GEAR_INFO_ETERNAL_TOME,大守护者和附近所有友军单位免疫伤害
0ad2b7a0860fe439,TID_CHAT_RULES,聊天准则
833b3c68c10ac78d,TID_ALLIANCE_WAR_BEST_ATTACK_FRIENDLY,部落最佳进攻：
5dc245bb31149232,TID_ACHIEVEMENT_DESTROY_BUILDER_TITLE,工棚破坏者
17eb16cf42ef26e2,TID_ACHIEVEMENT_LOOT_DARK_ELIXIR_COMPLETED,总共获得暗黑重油战利品：<value>
4c25c2b6c4ce0c7c,TID_BUILDING_DRAGON_CAVE,不祥洞窟
9a026c5b1c810e22,TID_ACHIEVEMENTS_PROGRESS,进度
e51180897aba752a,TID_CONVERSION_OFFER_GEMS_NOOB_INFO_0099_0299,• <res0>宝石\n• <booster1>瓶训练药水，可在1小时内提高部队训练速度、法术配制速度、攻城机器建造速度和英雄恢复速度\n\n• 存放礼包中的物品不受最大储量限制！\n• 该礼包在显示期间只可购买1次！\n\n这个超值礼包将助您变得更强！
fad9aa2bdbdea1ac,TID_TRAP_MINE_INFO_SHORT,一份送给敌人的惊喜，虽然他们不太喜欢。
47e54c863fe4ffde,TID_CAN_COPY_ONLY_SAME_BH_TO_YOUR_OWN,无法复制建筑大师大本营等级不同的阵型。
d86a8643a4844e5a,TID_BATTLEPASS_TASK_WIN_BATTLES_USING_MINIONS,亡灵高飞
566cae655789b16c,TID_LEAGUE_WAR_SIZE,联赛对战规模：<num> v <num>
26a25899e35bd450,TID_XP_TEXT_PUZZLEANDDRAGONS,日本最潮的游戏终于抵达英国。从App Store上免费下载！
7d01b39ad6717f57,TID_ERROR_POP_UP_OUT_OF_SYNC,客户端和服务器不同步！请前往您的应用商店查看并下载最新版本，以便获得最佳游戏体验。
5fe090342063aee4,TID_BATTLEPASS_TASK_INFO_WIN_BATTLES_USING_ARCHERS,在联机模式中使用弓箭手赢得<num>场战斗。
8301450bc19b3fa6,TID_PET_RANGEDATTACKER_INFO_SHORT,发射一道道闪电，为英雄提供空中支援。
0631525102fc17da,TID_TUTORIAL_CLASHOWEEN_EVENT_E1,您可以在这里使用美味的酸腐圣水。
ee21faa7d04cad64,TID_STREAM_DONATE_TEXT,需要增援
93a72ba711dff322,TID_CAPBUILD_BARRACKS_SUPER_DRAGON,超级飞龙训练营
0e940ee53cd1c29c,TID_BUTTON_SHOP,商店
3a1a687f8685431c,TID_NPC1,哥布林前哨基地
5e19ea4483622331,TID_CLEAR_SHOVELED_OBSTACLE_CONFIRM,您确定要移除<obstacle>吗？这是一个可移动的障碍物，移除后不会退还您已使用的<booster>。
4099c8a1518dcfa3,TID_BOB_UNLOCK_BUILDING_INFO,建筑大师最新发明的控制中心！全面升级后，小博会成为家乡村庄的又一位建筑工人！
4a71d9ba4eae8d32,TID_BP_PERK_AUTO_FORGE_DESC_STARTER,铸币坊中的一个额外栏位，在该栏位铸造不需要建筑工人，且所需资源减半。
d212e9e9b8fd07b6,TID_DARK_TOWER_INFO_SHORT,熔化一个或多个敌方目标！
8e3cd11af25c97d1,TID_STARTER_TH3_INFO_TRAINLABORATORY,在实验室进行<num>次升级。
b88586ce9237fde5,TID_CHARACTER_INFO_MOVING_CANNON_SHORT,一台加农炮战车能运载多少门加农炮？
ae33b50b4c17cb98,TID_HERO_ABILITY_BARBARIAN_TITLE,铁拳出击
2e6c820fd8f643d4,TID_ACHIEVEMENT_PVP_DEFENSES_TITLE,固若金汤
b0da24ea5a7b6edc,TID_LEGENDS_GUARD_NOT_ENABLED,传奇杯联赛中不可用
0d159b8c7dc13c27,TID_MORE_TWITTER,在Twitter上关注我们！发推@clashofclans
39ac6bcf39575db4,TID_NPC66,群英荟萃
01265527800256ca,TID_HINT_UNLOCKS,升级大本营可以解锁新型建筑和新的建筑等级哦！
42309f419dc13f0f,TID_WL_STAT_POSITION8,第8名
3d85283c93e70db2,TID_HERO_AURA_WARDEN_DESC,大守护者的法杖不断发出提高生命值的光环，其效果能随着等级的提升而不断加强。附近所有友军单位，无论是在进攻还是防守时，都将获得生命值提升。不过如果他们走得太远，就会失去这种强化效果。
3d2332b7ddcd8d7f,TID_USE_CLOCKTOWER_POTION_TITLE,提速建筑大师基地？
ffeb1e245dd1f554,TID_WAR_HISTORY_NOT_AVAILABLE_OTHER,该部落尚未参加过部落对战！
2b9146a3fa404541,TID_LOOT_CART_INFO,敌方留下了一些战利品，防守后，请及时收集！
382b5d40b6bb908e,TID_CLANGAMES_TASK_USE_BETAMINIONS,异变亡灵大乱斗
e9c7b4d76f4191da,TID_HINT_GIANT_DEPLOY,巨人可承受大量伤害，先派遣他们吸引敌军火力吧。
f9bf003e075e411f,TID_FEEDBACK_BUTTON5,村庄丢失
fb475ad0c36aa22d,TID_WALL_INFO_SHORT,城墙能有效保卫您的村庄。
e4cb290d91c91012,TID_DECORATION_9YEAR_BIRTHDAY_STATUE,烽火雕像
b8e579ab5d9b55e4,TID_SUPERCELL_ID_LOGIN_BUTTON,使用Supercell ID登录
0e062adf454dbc83,TID_STAGE_LIMIT_EDIT_MODE_DEFENSE,防御：<cur>/<max>
fc4da895f749cee8,TID_CLANPERK_DESC_DONATION_UPGRADE_PLURAL,部落援军等级已提升了<value>级
7c3a5ae78ed3c8f2,TID_HINT TOURNAMENT,部落锦标赛和捐兵数量每个月更新一次。
3d8f1de7b4c157e3,TID_INFO_POP_UP_IAP_NOTE_BUTTON,确定
2a2a424611c2f773,TID_ALLIANCE_JOIN_BUTTON,加入
53467c7f24385125,TID_TUTORIAL_REINFORCEMENT_CAMP_INTRO_3,但要是在进攻第二个区域时有增援，你应该能打得更好！
6761cafd1a8a0e63,TID_HINT_SIEGE BARRACKS,进攻开始时部署攻城训练营非常有效，因为它可以为您的部队提供掩护！
665baf8ad68ae465,TID_ADVANCED_TRAP_INFO_SHORT,一枚等待敌人靠近的定时炸弹。
f4c19abcc534a60d,TID_SUPER_HOG_RIDER_ABILITY,分头作战
068ddfdce1df7902,TID_AIR_DEFENSE2_INFO_SHORT,像蝴蝶一样飞舞，像炸弹一样爆炸。
8184aece293c8455,TID_CONFIRM_SCENERY_PURCHASE_TITLE,购买场景！
10f1cc5f95b604fe,TID_TUTORIAL_MERGE_1,如何让我们的防御更加坚固？建筑工人们有一个疯狂的想法！
3c1c5e3a894e389d,TID_NPC_CHALLENGE_TH10_MINER_TEST_WALL_BREAKER,派出一个<c54a0fe>炸弹人</c>试探城墙附近是否有<cf70d16>隐形炸弹</c>。
c104082b92d8aa8f,TID_HINT_SPELL_POISON_CLOUD1,伤害药水法术对大群的敌军骷髅兵尤其有效。
8251c666bf01bbe4,TID_BATTLEPASS_TASK_INFO_GET_FRIENDLY_BUILDERBATTLESTARS,在建筑大师基地友谊战中累计赢得<num>颗胜利之星。
6e7b5e1ca95815aa,TID_LOCAL_NOTIFICATION_EVENT_TROOP_TRAINING_BOOST,首领，1宝石加速训练的活动开始啦！
059525d54ebb1948,TID_MOREGAMES,更多游戏
7c9c5839306ea320,TID_BUILDING_DARK_ELIXIR_STORAGE,暗黑重油罐
2326e2f9bd0d5d77,TID_REQUIRED_HQ_LEVEL,需要<number>级都城大本营
6cbd9f5f6ca0993f,TID_CHARACTER_INFO_GIANT,这些大块头看上去沉默寡言，但倘若他们发现箭塔或加农炮，您将见识他们狂躁的一面！巨人行动缓慢，但是抗打击能力强，可用于吸引火力。
e56aadbda7fae8ec,TID_ACHIEVEMENT_DESTROY_WEAPONISED_BUILDERS_TITLE,爆裂出击
fbb4c7904465d60b,TID_NPC_KING_HEALTH_LOW,<c9916c8>野蛮人之王</c>的生命值在减少，快激活他的技能！
171ac056beb6878d,TID_CANCEL_BOOST_CONFIRMATION_TITLE,取消提速？
8d469ea333fc7494,TID_STARTER_INFO_BUILDANY,将<num>个<building>升至<num2>级。
b831592acf1ccb41,TID_NEWS_TOS_UPDATE,我们更新了《服务条款》以及《隐私保护政策》，请花些时间阅读（可在游戏的\q设置\q中找到）。这些重要文档规范了您与我们游戏之间的关系，包含一些对所有选择玩我们游戏的玩家的有益信息。要了解更多信息，请访问我们的论坛。
6533e9db861fe5e4,TID_LEAGUE_BRONZE3,铜杯联赛3
be425907da41802e,TID_NPC_CHALLENGE_TH7_HOG_HEAL2,使用剩余的<cffe346>疗伤法术</c>治疗<c54a0fe>野猪骑士</c>，让他们继续清理战场。
0f533e1783798b24,TID_COSMETICS_EXTRA_SOUNDS,额外音效
a88ab683e4778310,TID_MINION_HORDE,亡灵大军
12a9e667e6d2e15e,TID_ATTACK_BUTTON,进攻
38970170544719ed,TID_FULL_ARMY_REQUIRED_V2,您要将兵营全部填满后才能进攻！
ee1b2c623bef9392,TID_NATIVE_DIALOG_VERSION_NOT_UP_TO_DATE_STORE_NOT_READY_BUTTON,确定
480ee78f44e557bf,TID_GIFT_CLAIM_FAILED_RECENTLY_CHANGED_CLAN_TIME,您刚刚才更换到该部落，无法领取礼物！请在<time>后重试。
9def55d23477be45,TID_NPC_CHALLENGE_TH9_WITCH_WITCHES1,派出<c54a0fe>女巫</c>清理角落的建筑。
17e283e4cd99fe33,TID_PRESET_ORIGINAL_TROOP_LEVEL_TOO_LOW,普通兵种等级太低
7697cea174280dcc,TID_STREAM_BUTTON_FIND_CLAN,寻找
d9d28f401f733b33,TID_LOCAL_NOTIFICATION_EVENT_TROOP_DISCOUNT,首领，部队活动开始啦！
67377ed33c9e1ec4,TID_LAST_ONLINE_WITHIN_24H,最近登录过
83b6c0cbaab2397c,TID_SPELL_RECALL_INFO,进攻效果不佳？想换个方向出击？回溯法术可将部队、英雄和战宠召回部署栏，让你可以重新部署召回的单位，再次进攻。
49a5960f49f516ed,TID_STARTER_TH3_LOOTELIXIR,圣水搬运工
bc9110bb67940c68,TID_EDIT_MODE_TIP_WALLS,拖动箭头以建造城墙
d6fbc48e4a256dbe,TID_FAVORITE_TARGET_AROUND_HERO,离英雄不超过<num>格
9ec8df43eb719447,TID_ALLIANCE_INVITATION_FAILED_AVATAR_HAS_TOO_MANY_INVITES,该玩家的收件箱已满，无法邀请！
dffe09bdbb67690a,TID_CLAN_JOIN_FAIL_FULL,部落已满员！
72858585e6fd70ca,TID_REMOVE_FRIEND_BUTTON,移除好友
6d34a16fd88a63bb,TID_ANTIADDICTION_NO_REAL_NAME_VERIFIED_1,由于您未满18周岁或未实名认证，已被纳入防沉迷系统，每日晚22：00至次日8:00 不允许游戏。
e7aec72702a7f65d,TID_PERSONAL_BREAK_STARTED,您在没有护盾的情况下在线时间过长，系统即将强制您下线几分钟。
cedd9a4b323b5d37,TID_ERROR_POP_UP_CONNECTION_LOST_BUTTON,重试
63ab4731f771861c,TID_CLANGAMES_TASK_USE_MINIONS,亡灵浩劫
9f28b17a7c021afd,TID_PLACEMENT_HINT_TUTORIAL1,在空地多次点击屏幕可以派出部队
7a71fc3ff671fd1f,TID_WAROPTIN_COUNTIN,参战
dbd62cf0833510e2,TID_ICEGOLEM,戈仑冰人
9c1793856ce2c0f4,TID_ARCHER_QUEEN,弓箭女皇
d2f44d6d6bb488d8,TID_PERSONAL_BREAK_ATTACK_DISABLED,您即将进入强制下线时间，请休息片刻再发动进攻。
8da80f73d47e873a,TID_SUPER_WITCH_ABILITY_NAME,大宝宝
cfddffba1b558b50,TID_ATTACK_VILLAGE2_ATTACK_USED,未能发起进攻，进攻机会已使用！
d5fbdf7a7b2f9bbe,TID_DEVICE_LINK_ERROR_CODE_SAME_PLATFORM_TEXT_ANDROID,您无需使用关联代码即可在多台安卓设备上玩同一个村庄。\n\n要在另一台安卓设备上玩同一个村庄，请确保您当前的游戏进度已经绑定到了一个Google Play账号。然后，在另一台设备上，用相同的Google Play账号登录。（您可以从游戏设置中找到Google Play登录。）\n\n您的游戏进度将会自动同步。
08e7a1bcc3109d54,TID_REPORT_REASON_VULGAR,色情和低俗
3b419dbbb7a724fb,TID_HERO_ROYAL_CHAMPION_INFO,飞盾战神久经沙场，战斗经验极其丰富。她思维敏捷、反应迅速，常常不假思索就发动进攻，让自己陷入困境。
34470e6b5ac263fb,TID_TRAINING_INFO2,拖拽兵种以进行训练或调整队列顺序
83f71e1c8d412f65,TID_SPELL_FROST,
067d58175c420710,TID_POPUP_SPEED_UP_CONSTRUCTION_SLOWDOWN,<item>正在建造，无法训练军队。您是否要立即完成建造？
eec4155b64e0bc37,TID_BATTLEPASS_TASK_INFO_WIN_BATTLES_USING_MEGAPEKKA,参加<num>场建筑大师基地战斗，每场战斗需使用<num2>个雷霆皮卡且赢得至少1颗胜利之星。
e57e146d3300e72f,TID_FRIENDLY_DISTRICT_CHALLENGE_DETAILS,子城友谊战详情
95bd0999c7288cb2,TID_LEAGUE_HERO3_SHORT,泰坦杯3
056a721a1045d063,TID_REPLACE_LAYOUT,切换阵型
3ae0c739aec6237a,TID_NEWS_RED_TITLE,首领，来支持(RED)抗艾滋活动吧！
8cd139698dba5313,TID_BUILDING_REQUIRED,需要<building>
3add2528d76094cc,TID_BATTLEPASS_TASK_WIN_STARS_USING_BAT,蝙蝠压境
a798df4a4d12a12b,TID_EVENT_TITLE_HAMMERJAM_PACK,升级礼包
8f648bec58543bab,TID_HINT_SHIELD_LOSE,在护盾保护期间进攻其他玩家，您的护盾有效时间将减少几个小时。
cb9ae3434e37ab88,TID_AIR_DEFENSE2_INFO,要应对繁重的空中防御任务，使用空中炸弹发射器准没错。它能持续不断地向空中发射木桶，木桶会在空中爆炸重创敌军！
66e9060c5328b2ca,TID_BARBARIAN_KING_PEKKA,皮卡蛮王
3c887053c965b8e4,TID_PET_ABILITY_BULLDOZER,破墙专家
bfbbce56d27e28ed,TID_POPUP_BOOST_RESEARCH_TITLE,加速研究？
5f9b2c041986faf0,TID_BOOST_ALL_ELIXIR,所有圣水收集器
79834ad24efc210b,TID_POPUP_SPEED_UP_UPGRADE,您想立即完成<item>的升级吗？
543302cadfbe41ba,TID_BUTTON_GET_GIFT,领取礼物
417f7e47e7d028a0,TID_ERROR_POP_UP_PERSONAL_BREAK,您已长时间在线且没有护盾保护，您的村民们需要短暂休息。
03d544987290a88e,TID_CLANGAMES_TASK_USE_SUPER_MINIONS,亡灵飞袭
ba90c62c7d41ff58,TID_TRAP_TORNADO,飓风陷阱
1edef03c839a55bf,TID_LEGEND_SEASON_INFO_PRESTIGE,新赛季开始时，所有传奇杯玩家的奖杯数会被重置为<value>。扣除的奖杯将以传奇奖杯的形式授予玩家！
93bed23e6894b165,TID_HINT_BALLOON_AIR,气球兵是空中部队，加农炮和迫击炮无法攻击到它。
50d1359a499f6c16,TID_NEWS_BOMB_TOWER_MORE_TEXT,• 部落友谊战：向其他部落发起部落友谊战，可自定义对战\n• 在其他玩家的简介页面可直接添加其为好友\n• 调整了部落对战战利品和部落经验值分配标准\n• 减少了部分升级所需时间和花费\n• 一系列平衡性调整，包括法师和女巫！\n• 游戏设置中新增了两种语言：印度尼西亚语和马来语\n\n详细更新内容请阅读更新预告！
3e59cccede373d80,TID_RESOURCE_BOOST_INFO,家乡村庄的资源采集器产量加倍。
63316977bc49388e,TID_SETTINGS_PLAYERNAME_REENTERNEW,请再次输入您的新名称：
c931b31df4ffa72a,TID_CHAT_RULES_PRIVATE,永远不要和任何人分享您的私人信息。
d657d1d9f747cf1d,TID_CHARACTER_INFO_SKELETON_GOLEM_WITCH,这个不死生物本身并不可怕，但它从不单独作战，因为女巫戈仑可以召唤无数骷髅兵来对付敌人！
3207edbc34143d25,TID_EP_BONUS_POINTS,+<num>
d7aa16f788fb0870,TID_LEAGUE_MEDALS_INFO,联赛奖章可通过参加月度部落对战联赛获得。
8eb387b80c989fca,TID_CAPITAL_TUTORIAL_5,作为过来人，我有几句话要告诉你。每个厉害的部落都有自己的都城，部落成员在这里同心建设，并肩战斗。
784b9ff3b4b64811,TID_LEAGUE_MASTER1,大师杯联赛1
6374435437cc8607,TID_LOOT_SHORT,战利品：
6a9f45502e4a7780,TID_LEAGUE_BRASS1,黄铜联赛1
e1a98b2f14069227,TID_CLANGAMES_TASK_INFO_DESTROY_AIRSWEEPERS,在联机模式中摧毁<num>个<building>。
eef814424a123f04,TID_INVALID_WAR_MEMBERS_COUNT,已选成员：<num>
29cbeb3e50275b2b,TID_STREAM_CLAN_WARS_ENTRY_VS,对战
5765680bb35e050a,TID_LOCAL_NOTIFICATION_EVENT_ALL_ARMY_BOOST,首领，1宝石加速军队训练的活动开始啦！
6e3238af5ea5317f,TID_WARNING_WAR_MEMBER_NOT_IN_CLAN,该玩家当前不在该部落中。
06a25a674d4295d9,TID_LEAGUE_COPPER3,红铜联赛3
bfa335ae62633d50,TID_ADD_FRIENDS_INFO,登录苹果游戏中心(Game Center)账号后您可以在这里看到您的游戏中心好友
95227a455c7cb188,TID_ACHIEVEMENT_SPELL_DONATION_COMPLETED,增援法术所占容量：<value>
b68b66f3dbe8df4c,TID_UNABLE_TO_LOCATE_COUNTRY_FOR_SCORES,无法找到本地排行榜。
bb9ee68032d70ef5,TID_NEWS_BOMB_TOWER_UPGRADES_TEXT,11级大本营\n• 飞龙可升至6级\n• 飞龙宝宝可升至5级\n• 十字连弩可升至5级\n• 迫击炮可升至10级\n• 特斯拉电磁塔可升至9级\n• 新增25块城墙\n\n10级大本营\n• 法师可升至7级\n• 可解锁4级飞龙宝宝\n\n9级大本营\n• 可解锁6级法师
f81933a7dbe02763,TID_SKIN_THEME_WORLDS,<year>全球锦标赛限定皮肤
4510efb34292a4b3,TID_TUTORIAL_ENTER_AGE,对了，还有一个问题......
41d5e768b5cf867c,TID_NEWS_UPDATE_BOOKMARKS_TEXT,
cbebe1ede0aea684,TID_ALLIANCE_WAR_HISTORY_BROWSE_UNAVAILABLE,无法查看详情
73799fe4056aa1dc,TID_CLANGAMES_TASK_INFO_DESTROY_BB_GIANTCANNON,在建筑大师基地战斗中摧毁<num>个<building>。
a03b15f9bfc71d06,TID_COSMETIC_ESTATE_4X4_LARGE_HOUSE_INFO,宽敞的居所，视野很好，储物空间也大。
316b19e95db2267b,TID_BATTLEPASS_TASK_DESTROY_ARMYCAMPS,全力拆营
51f9d91bda8c20ee,TID_ELDER_KICK_FAIL_COOLDOWN,您不久前已经踢出了一位部落成员，需要等待<time>才能继续该操作。
8d1555a0cc98bda5,TID_GEAR_UP_ITEM,改装<item>
9823c71338a21004,TID_SETTINGS_NOTIFICATIONS,通知设置
c4103922b3a7352a,TID_DIAMOND_BUNDLE_TH5_REVISED_INFO,• <booster1>本建筑之书\n• <res0>金币\n• <res1>圣水\n\n存放礼包中的物品不受最大储量限制！\n\n该<cffec78><value>倍超值礼包</c>只可购买\n一次，千万不要错过哦！
69dd8084489ffd91,TID_TENCENT_DOLPHIN_DOWNLOADING_SIZE,<nowsize>k/<totalsize>k
12127ae24981c801,TID_LEAGUE_RUBY2,红宝石联赛2
c293596df5d5156c,TID_MAP_LOCATION_10,哥布林营地
0c249ffaf8478e5b,TID_AURA_HITPOINTS_INCREASE,光环提升生命值：<number>%
ed34afd54faf11e5,TID_CAPITAL_TUTORIAL_2,为什么这里的东西都这么小？这个村庄是给蚂蚁住的吗？
bf58c1bdacdad247,TID_TAB_GLOBAL_CHAT,公众聊天
7597b74ceab716fb,TID_CHAT_RULES_REPORT,使用\q举报\q按钮来告知我们游戏内令人不适的行为。
3e8114b88f5fd825,TID_TUTORIAL_CLANCASTLE_2,点击部落城堡，开始重建！
8928399675093656,TID_TRAINING_SCREEN_SPELLS,法术工厂
2ccd4faeee6033f9,TID_POPUP_BOOST_SPELL_FACTORY,确定在<time>内将法术配制速度提升至原来的<multiplier>倍吗？
d03c5429fd8c1155,TID_REENGAGEMENT_DAILYCALENDAR_1,另外，还有一件事......
736c65b1370723f8,TID_YOUR_ATTACK,您的进攻：
e287e577b95bd99f,TID_WL_COLUMN_PLAYER_NAME,名称
85bae36ec0fcc20d,TID_FEEDBACK_BUTTON,报告问题
45ab23833f38c311,TID_DECO_RUIN_DESC,一组装饰物。如果您想移动或存放这些装饰物，需要先重建它们。\n\n<building>升至<level>级就可以重建。
e159437a01d89d9b,TID_CLAN_WAR_FREQ,对战频率：
6dcbba29103a287f,TID_TUTORIAL_ARTO_START_3,别慌，我造了个新帮手，它会接手我在那边的工作！
ed6e0ba5afe294d5,TID_UPGRADE_TH_NOT_RECOMMENDED_TITLE,在您升级之前......
f9620110288f67a1,TID_SELF_DONATE_TROOPS,增援
62063f7c27e4ca37,TID_CLANGAMES_TASK_WIN_HOMEBATTLES,常胜将军
f2ee42987fa8acf6,TID_DEVICE_LINK_ERROR_CODE_ERROR_2_TITLE,发生错误 (102)
1fb367267d7f4d1d,TID_HINT_SCATTERSHOT,投石炮非常适合用来对初始目标后方的敌军造成伤害。
b2d77d84341096fc,TID_MAP_LOCATION_2,禁忌森林
6f939c85b48860f0,TID_BOOSTER_FREE_SPELL_UPGRADE,法术之锤
52210be67f926d71,TID_TUTORIAL_ARTO_COMPLETE_2,打个招呼吧，小博！
5ed01e04a01cc62e,TID_BATTLEPASS_TASK_WIN_BATTLES_USING_EARTHQUAKE_INFO,在联机模式中使用地震法术赢得<num>场战斗。
82b3ff4f50c8b186,TID_BARBARIAN_KING_GLADIATOR,角斗士之王
71acf7ad51dafd24,TID_STARTER_UPGRADEWALL_INFO,升级城墙<num>次
a7f6f2bd16cd23aa,TID_CLOCKWORK_KING,发条木偶蛮王
7736893523063d9e,TID_BATTLEPASS_TASK_INFO_USE_RAGEDBARBARIANS,在建筑大师基地战斗中使用狂暴野蛮人赢得<num>颗胜利之星。
f94aacbca7077678,TID_BP_DAILY_TASKS_HEADER,每日挑战
305904dfd37beac7,TID_CHARACTER_INFO_HEALER,伟大的天使生来就是为了守护您的部队。她能帮助各种地面部队恢复元气，但要记得小心保护天使免受防空火箭的袭击！
408b1a7a320ad22e,TID_MAINTENANCE_ESTIMATED_UNKNOWN,请稍后重试。
1537e1037a21c2f1,TID_XMAS_SPELL,圣诞奇袭
b3747a5fc9317e6e,TID_NOT_ENOUGH_WORKERS_TEXT,立刻完成建筑工人手上的一项工作，空出一个建筑工人？
79cf3e6dbc6b7b1a,TID_CAPITAL_SPELL_DURATION_ATTACKS,<num>次进攻
2f316474ac89fa8c,TID_COSMETICS_TIER_3,<ce86fff>传奇</c>
81fb48490e107f6a,TID_CAPITAL_PLAYGROUND_GATES_4,对于您的远程部队来说，他们简直就是活靶子。
6755a4206523f294,TID_POPUP_HEADER_ABOUT_TO_BOOST,加快速度！
64d1236faa0e0dda,TID_BATTLEPASS_TASK_WIN_BATTLES_USING_MEGAPEKKA,重甲告捷
77838cc4b84c3d70,TID_OFFER_BUILDING_LEVEL,<level>级<building>
9c8a26fec5cbc582,TID_NPC_CHALLENGE_BOWIGI_WALLBREAKERS,在战场底部派出<c54a0fe>炸弹人</c>，为您的<c54a0fe>巨石投手</c>炸出一条通道！
a659e9aa4da8a292,TID_RESEARCH2_TITLE,升级加成：
a53da96ce643ed7a,TID_AVATAR_MESSAGE_SUBJECT_GEM_DONATION,收到了<amount>颗宝石
d4e54b2e2122314a,TID_LINK_SAME_PLATFORM_TITLE_TENCENT,同步您的游戏进度
8907009a0959fc64,TID_LOCAL_NOTIFICATION_EVENT_NOOB_PACK_0099_0299,首领，巧用这个一次性礼包助您一臂之力，为荣誉而战！
a6376f6f499290bd,TID_BOOSTER_FINISH_BUILDING_UPGRADE_INFO,据说这本魔法古籍是由建筑大师亲笔撰写，可立即完成任一正在进行的建筑升级。在家乡和建筑大师基地都可使用！
e4e5b3720ba8986e,TID_POPUP_BREAK_SHIELD_TEXT,确定要解除护盾吗？护盾每次结束时，您将获得村庄守卫。
a62cad664cbbe84a,TID_NO_MESSAGES_TEXT,部落城堡修好后，您将从这里收到部落邀请
0b51e024f51a02bb,TID_BOB_TASK_GEAR_UP_FLUFF,在家乡村庄工作时，建筑大师可以学习如何制造不被人发现的密探，建筑工人们绝对不会起半点疑心。
c3933a5aa35e44dc,TID_REQUESTED_FROM_CLAN,近期收到：
6bf03cc2c0ef7fe5,TID_TUTORIAL_CAPITAL_ARMY_4,如果你想有更多选择或更强的军队，那就去解锁并升级训练营和法术工厂吧。
9bff22dae2febd1b,TID_NO_MESSAGES,暂时没有新信息
0b552066d4ae968a,TID_LEAGUE_DIAMOND,钻石联赛
856ab37851e3c6c3,TID_UNLOCK_PET,解锁<name>
1dd7cc469c0068c5,TID_BATTLE_START_TIME,开战倒计时：
753148b72dd3222e,TID_CHARACTER_MEGA_SPARKY,超级电磁炮
6009a30f656209d5,TID_EVENT_ACHIEVEMENT_BOOSTER_XP_REWARD_CLAIMED,活动挑战已完成！您收到了<number>x<booster>和<xp>经验值！
eecca284083934ea,TID_TOO_MANY_TRAINED_SUPER_TROOPS,您训练的超级部队种类太多。\n\n请先使用或移除这些超级部队。
2a3eb75ec0d1b710,TID_WARNING_BH_LEVEL_TOO_LOW_TO_COPY_LEVEL,您的建筑大师大本营需要达到<num>级才能复制阵型。
70c50067fc9b39aa,TID_LOCAL_NOTIFICATION_SHIELDS_WILL_DISAPPEAR,首领，我们的护盾失效了！
d09804060da35cf4,TID_LEAGUE_BRONZE,铜杯
ebd0ee659e13f646,TID_HINT LEAGUE_DEMOTION,倘若丢失太多奖杯，会掉落至低级别的联赛。为奖杯而战！
d686dd572b5b4ada,TID_DIAMOND_BUNDLE_TH5_UPDATED_INFO,• 2级法师塔\n• <res0>金币\n• <res1>圣水\n\n存放礼包中的物品不受最大储量限制！\n\n该<cffec78><value>倍超值礼包</c>只可购买\n一次，千万不要错过哦！
c528268f53b22799,TID_TAB_MORE,更多
9e8fd67692849c1e,TID_GARG2_ABILITY_NAME,超强狙击
75a94177b0eaf76d,TID_ALLIANCE_WAR_NUM_DEFENCES,防守成功次数：<number>
c5ca671ec8278f21,TID_TRAINING_TIME,训练时间：<number>
660d9a5d06b926f8,TID_TENCENT_DOLPHIN_SUCCESS,检查更新完成
d536220074840932,TID_REGION_CUSTOM2,
d333a26de57a9efc,TID_TUTORIAL_LOOK_LABORATORY_DO,要比试出谁是最棒的建筑大师，我们需要一些部队，这是肯定的！
55ed050c04f21377,TID_PREMIUM_PASS_PACKAGE,黄金令牌
78c32c888a281a39,TID_USE_CURRENT_ARMY_AS_FRIENDLY_ARMY,复制当前军队
4eebd983848a8b35,TID_NOT_ENOUGH_WORKERS_TEXT_ARTO,立即完成当前的建造或升级以空出小博吗？
31a7c122f7a5d850,TID_DIAMOND_BUNDLE_MAGICITEMS_SPELL_BOOK_WITH_RESOURCES,法术之书礼包
569b6f70ac84806b,TID_FLYING_FORTRESS,飞行堡垒
0315c5d9797dd75f,TID_COMPLETION_BONUS_INFO2,已收集所有奖励！
4b09cbb29e482da1,TID_TUTORIAL_RAID_WEEKEND_6,突袭周末结束时，根据部落的攻防表现，你们将赢得突袭奖章。
b7de98cf1b28cfad,TID_LEAGUE_CHAMPION2,冠军杯联赛2
e070c9f832f59df7,TID_DIAMOND_BUNDLE_MAGICITEMS_FIGHTING_BOOK_WITH_SPELL_BOOK_AND_DARK_ELIXIR_INFO,• <res0>暗黑重油\n• <booster1>本战斗之书\n• <booster2>本法术之书\n• 存放礼包中的物品不受最大储量限制！\n\n包含升级暗黑重油部队和法术所需的一切！
6e124437c7b86fc0,TID_CHARACTER_INFO_BALLOON,这些乘着气球的高级骷髅兵对于摧毁敌人的防御乐此不疲。精心部署气球兵，他们将为您扫除各种障碍！
c92050ebd8c75565,TID_RICOCHET_CANNON_INFO_SHORT,一枚炮弹击中两个目标！
b720916f32d2b379,TID_CHARACTER_INFO_HULK_SMALL,狭路相逢勇者胜！
e41bfbd020a90aaa,TID_CHARACTER_APPRENTICE_WARDEN_INFO_SHORT,如果大守护者在忙别的事，这些魔法学徒可助你的部队一臂之力。
b549a933524085b7,TID_GEAR_RARITY_EPIC,史诗
23141bac145656cc,TID_CLAN_WAR_LEAGUE_STARTS_IN,离联赛开始还有：<time>
9a90e635903c0664,TID_ACHIEVEMENT_DESTROY_SCATTERSHOT_COMPLETED,总共摧毁投石炮：<value>
2b9d935f30401010,TID_SHIELD_POPUP_SHIELD_TITLE,护盾已激活
3337805c89b240fc,TID_HINT_CLAN_WAR_LEAGUES_1,如果您热衷于部落对战，快快带领部落加入部落对战联赛，证明部落的实力吧！
128a8af7e9bd4d70,TID_GIFT_RECEIVED_INBOX_TEXT,您已成功使用优惠码兑换额外资源，左侧的资源已添加至您的库存中。
ccf9d3083d3d7bad,TID_BUTTON_ENERGIZE,治愈
866646d3bf5f24a0,TID_INFO_PREFERRED_TARGET,攻击偏好：
769d478f1dc44922,TID_CHARACTER_INFO_SPEAR_GOBLIN,是谁想出了这么个馊主意，教哥布林扔长矛？这些长矛又是从哪里来的？不过话说回来，不管是对地面还是空中的进攻者，他们的威慑力真的很大。
d3401ec787f3f37f,TID_BATTLEPASS_TASK_INFO_USE_ARCHERS,在联机模式中使用弓箭手赢得<num>颗胜利之星。
ea3c07c128a5e0e0,TID_HINT_BARBARIAN_TARGET,头脑简单的野蛮人只会攻击最近的目标。
abe8e2d758357f1d,TID_PLAYER_NOT_FOUND,没有找到该玩家标签所对应的村庄。
3678dabc3df17b5c,TID_BATTLEPASS_TASK_INFO_USE_CANNONCARTS,在建筑大师基地战斗中使用加农炮战车赢得<num>颗胜利之星。
cb2dd98b2e1decb1,TID_SCENERY_FUTURE,未来都市
dec971d3c8835532,TID_STARTER_TH4_BUILDAIRDEFENSE,守护领空
8e5149e1e6d8f207,TID_TENCENT_AGREE,同意
8db29953891a1579,TID_LEAGUE_INFO_LOOT_BONUS3,进入联赛意味着每次胜利都能获取额外的奖励！
0ec972200195cee6,TID_DEVICE_LINK_ERROR_CODE_CURRENT_VILLAGE_TOO_HIGH_TEXT,您的村庄已与您所登录的苹果游戏中心(Game Center)账号永久关联。\n\n您的村庄大本营已经达到<level>级或者进行过游戏内购，因此该村庄不能被覆盖。
30e129a0a26a995c,TID_CLANGAMES_TASK_DESTROY_ELIXIRPUMPS,拆除圣水收集器
f82161322b361077,TID_EVENT_ACHIEVEMENT_REWARD_CLAIMED_BOOSTER,活动已结束！您获得了<name>！
8ae751c93c5f2cc7,TID_POPUP_GOBLIN_RESEARCHER_DISCLAIMER,哥布林研究工人进行研究仍需花费资源和时间。
d78e6893cdaa3aaf,TID_CHARACTER_INFO_HOG_WIZARD,这个危险的兵种拥有法师火爆的性格和魔法，还有野猪骑士的超强灵活性。野猪法师的到来定会让敌方闻风丧胆！
5b853e9daf7456f3,TID_ALLIANCE_WAR_STAT_AVG_DESTRUCTION,平均摧毁率
0c330ff8ead41744,TID_ALLIANCE_WAR_STARS_WON,胜利之星
94cabbe276043fc1,TID_ALLIANCE_REPORT_TEXT,确定要以部落名称或部落描述不当为由举报<name>部落吗？
5a051a8615824d78,TID_PET_ABILITY_BARKY,跳高健将
a23479933dd064b8,TID_POPUP_BOOSTER_INSTANT_UPGRADE_TITLE,现在升级！
1eff407f64b81c0c,TID_CHARACTER_LAVALOON,熔岩气球
bbf887a85403ec3a,TID_BUY_MULTIPLE_MISSING_RESOURCES_HEADER,需要更多资源
74f3f896c6fc1df6,TID_NPC_CHALLENGE_TH4_GIANT_GIANTS1,派出一个<c54a0fe>巨人</c>为<c54a0fe>炸弹人</c>吸引火力。
c0288a39c2c960fd,TID_TRANSITION_WAR_START,战斗日
d660e355d11e084d,TID_RUINS_ARMY_CAMP,兵营废墟
4fca09a45617a842,TID_REGULAR_THEMED_BATTLE_OFFER_INFO_TH0712_4999,• <res0>暗黑重油\n•<res1> 金币\n• <res2>圣水\n• <booster1>本战斗之书，可用于立即完成任一正在进行的部队升级\n\n• 存放礼包中的物品不受最大储量限制！\n• 该礼包在显示期间可购买2次\n• 使用这个特惠礼包带领部落创造辉煌战绩！
7af2bb3bad8e1cd5,TID_ACHIEVEMENT_ACTIVATE_SUPER_TROOP_COMPLETED,启用超级部队的总次数：<value>
f7e0f4e4ae4a40db,TID_BUILDING_OTTOS_OUTPOST_INFO_SHORT,每个优秀的基地都有大本营，这里的大本营由奥仔负责。
e42f639b313c42db,TID_CLANGAMES_TASK_INFO_WIN_STARS_WITHOUT_SPELLS,在联机模式中不使用法术，并赢得<num>颗胜利之星。
0beb953dc938ba88,TID_BOOSTER_WALL_UPGRADE_OFFER_INFO,<num>枚壁垒之戒，可立即升级城墙（升级高等级城墙需要多枚壁垒之戒）
6b88cc75dceafb05,TID_HINT_CHAT_REPORT,如果在聊天室发现不当言论，请点击该言论，并点击\q举报\q按钮。
f40be7f9c546e783,TID_GEM_BALANCE_TITLE,宝石总量
1a539e802d642d27,TID_DIAMOND_BUNDLE_RESEARCH_PACK,军队升级礼包
3de1674b9042915a,TID_HINT_AIR_MINE_MINION,搜空地雷无法探测到亡灵。
e43a03fd6fece696,TID_NPC_CHALLENGE_TH12_DRAGBAT_ICE_GOLEMS,派出<c54a0fe>戈仑冰人</c>保护<c9916c8>弓箭女皇</c>。
98a4bd7d393a203d,TID_EDIT_MODE_MOVE_ALL,整体移动
24f00351c5eef365,TID_WL_BONUSES_FAILED_NO_RIGHTS,只有部落首领或副首领可以发放额外奖励！
86ed17c1f73b0de3,TID_NAME_TOO_SHORT,用户名太短！
234d265db15145fb,TID_HINT_MORTAR_TARGET,迫击炮只能攻击地面部队。
44624421a3c9abcf,TID_DECORATION_WHITE_FLAG,白旗
6ddb20fffc6465e0,TID_CLANGAMES_TASK_INFO_DESTROY_CANNONS,在联机模式中摧毁<num>个<building>。
c3f6e669a0ba7524,TID_FREE_IN,离免费还有：
14729f03690689ba,TID_SETTING_DEPLOYMENT_BAR_SIZE,部署栏位大小
63bfce760d542100,TID_RIVER_CAVE,河洞
b9e2816a9e2f2d1d,TID_CLANGAMES_TASK_INFO_USE_WALLBREAKERS,在联机模式中赢得<num>颗胜利之星，每场战斗需使用<num2>个炸弹人。
9f2a0d2a4aa1ee78,TID_HERO_INSTRUCTIONS_ROYAL_CHAMPION,翻越城墙，无往不利！飞盾战神一生只怕四件事，但敌军不在其列。她可以投掷长矛攻击附近的目标，解锁\q飞盾寻踪\q技能后，她还能飞掷盾牌摧毁敌方防御建筑！
117b2576474f6c6a,TID_TASK_INFO_GET_VS_BONUS,赢得建筑大师基地每日胜利之星奖励。
7b647b25b23aeabb,TID_TUTORIAL_SETTINGS_HELP,需要帮助吗，首领？
03bba93c8fff6eaa,TID_STARTER_TH3_INFO_DESTROYARCHERTOWER,在联机模式中摧毁<num>座箭塔。
01ddd373a989e390,TID_PET_DIGGY,地兽
1aa4d00e56fc8aa1,TID_BUILDING_DARK_TOWER,地狱之塔
a4450a0a6e8eb150,TID_ALLIANCE_WAR_ATTACK_FAILED,无法进攻此村庄，请稍后重试！
83a32120b5f35c64,TID_RAID_WEEKEND_ENEMY_DISTRICTS_DESTROYED,摧毁的敌方子城：
baf14f802ad2fb60,TID_DIAMOND_BUNDLE_MAGICITEMS_RESOURCE_POTION_ONLY_INFO,• <booster1>瓶资源药水\n• 存放礼包中的物品不受最大储量限制！\n\n加速资源采集器的采集速度！\n\n千万不要错过哦！
612dbb93fafe4a3b,TID_CAPBUILD_BARRACKS_MEGAPEKKA,雷霆皮卡训练营
9d42eac01b0f3f6f,TID_PET_ABILITY_INFO_BULLDOZER,大牦可对城墙造成额外伤害。
bdb2fbc8f03af050,TID_CHALLENGE_TH11_LAVALOON,狗球大军
986dc26320d5a578,TID_BUILDING_CUSTOMIZE_CATEGORY_GROUND,地面
ef437d2573e8f260,TID_EVENT_GET_GEM_ALTERNATIVE_TEXT,您的魔法物品仓库无法存放所有的活动奖励，出售溢出的奖励以获得<amount>宝石？
a7e433937b3d9229,TID_FORGE,铸币坊
07a104903732869a,TID_GEAR_INFO_ROYAL_CLOAK,使弓箭女皇隐身并强化其攻击
428d92cfa1e17f6c,TID_LEGENDS_ATTACKS_EXHAUSTED,今天所有的进攻机会已用完！
da0da0b8e5aa5cc0,TID_OPEN_TRAIN_TROOPS,训练
f154f21869d7782c,TID_SHARE_DUEL_TEXT,将建筑大师基地战斗回放分享到部落？
5933a2270b7bedc8,TID_CLAN_LEADER,部落首领：
b317f677a5289c26,TID_BUTTON_DISABLED_RESOURCE_REWARD_WOULD_OVERFLOW,您的宝库空间不足，不能存放<reward>。\n释放一些空间，或者选择另一项奖励。
ef1a3a45d938a2c6,TID_BOW_INFO_SHORT,不断发射弩箭抵御敌军。
6fe85822db63cf44,TID_PET_SHOP_INFO,英雄配战宠，战斗如有神！建造战宠小屋，解锁强力战宠，让它们在战场上发挥各自的能力，与您的英雄并肩作战。
1f7fca361ee72f32,TID_REENGAGEMENT_INTRO_4,想得到我们的东西？先打一场再说！
ca7bbf5d0136c5c9,TID_JUNGLE_CHAMPION,丛林战神
f0612c1effa78916,TID_LEAGUE_SILVER1_SHORT,银杯1
32c5c7ad56320602,TID_ARMY_CAMPS,首发：
a64930227228a734,TID_CLASHMAS_CAMPAIGN_TITLE,节日快乐
eca23be042283f9a,TID_BASE_DPS,每秒基础伤害值：<number>
3dfaaa0a45b483ba,TID_CLANGAMES_TASK_SPEEDY_STARS_BB,速星狂人
9d7c9915fe21ae6c,TID_MAINTENANCE_UPDATE_TITLE,更新来啦！
0f706b7de81e6264,TID_TUTORIAL_TRAIN_1,现在开始训练一些部队吧！
8c92b1aade31f804,TID_CAPITAL_ARMY_SAVE_INVALID,都城军队无效，无法保存
86861e768e5ea616,TID_TRADER_NEW,新
eeb06294f44b14de,TID_POPUP_ARMY_OVERVIEW,军队概况
55d4b1c9d1d53dd5,TID_WARRIORGIRL,瓦基丽武神
89c3d6ad8a724617,TID_HERO_ABILITY_WARMACHINE_DESC,战争机器召唤一道闪电强化战锤，提高接下来几次攻击的伤害，同时恢复部分生命值！充能越满，可恢复的生命值越多，攻击伤害越高。充能等级较高时，闪电可攻击多个目标！
39adcf973be9ba66,TID_FAQ_BUTTON_TENCENT,第三方信息共享清单
0c18a78f4fca8925,TID_CLANGAMES_TASK_INFO_USE_SIEGEZEPPELINS,在联机模式中赢得<num>颗胜利之星，每场战斗需使用<num2>艘攻城飞艇。
566e5c116e3d0834,TID_CLANGAMES_TASK_INFO_DESTROY_MV_WALLS,在联机模式中摧毁<num>块城墙。
b9c4d235b509b040,TID_TERMS_OF_SERVICE_BUTTON,服务条款
c84054c90dd124ff,TID_DIAMOND_BUNDLE_MAGICITEMS_RESOURCE_POTION,资源药水礼包
67831880940a1652,TID_DECORATION_UPARROW_FLAG,点标旗
f3ef3d20f7263a1d,TID_BATTLEPASS_TASK_INFO_WIN_BATTLES_USING_DROPSHIPS,参加<num>场建筑大师基地战斗，每场战斗需使用<num2>个骷髅气球且赢得至少1颗胜利之星。
91227b1a5ddf00bf,TID_NPC_CHALLENGE_TH11_LAVALOON_INFO_EAGLE,开始进攻！在触发<cf70d16>天鹰火炮</c>之前先将它摧毁。
a82f77d03cd5f4b5,TID_NPC_CHALLENGE_TH13_HYBRID_RAGE1,使用<cf07bf8>狂暴法术</c>帮助部队快速攻入基地内部！
06889ffb39010222,TID_CHAT_RULES_RESPECT,尊重每一位玩家！
f7d588076c325094,TID_ATTACK_FAIL_TARGET_HAS_GUARD,该玩家已启用村庄守卫，无法攻击！
3c87bcd7a107ec6e,TID_TUTORIAL_OUTPOST_INTRO_5,好吧，他可能不会打招呼......但他锤子抡得可好啦！
f10ae60ce38f01c7,TID_RAID_SIGNUP_ERROR_NOT_IN_ALLIANCE,无法报名，您已不在该部落。
175a89cd53927c9d,TID_TOP_HUD_FRIENDLY_BATTLE,友谊战
fd489c9d30909805,TID_TUTORIAL_CLASHOWEEN_EVENT_C3,进攻敌方村庄，夺取珍贵的酸腐圣水！
284baf255cad5a88,TID_WAR_STATS_HEADER_TIEBREAKERS,决胜
6983a4b3dc8ad76e,TID_CHAT_JUST_DISABLED,其他玩家举报了您的不当言论。您的聊天功能被禁用<time>。
ad36c3dbf3c4ecbc,TID_CHARACTER_INFO_GOLEM_SEC,小戈仑石人是由这个巨大生物孕育的更小的戈仑石人。当戈仑石人被摧毁时，小戈仑石人被赋予生命并继续战斗！
b5859ffd28879068,TID_TOTAL_DAMAGE,摧毁率：
1403432ffe69c50e,TID_CAPBUILD_BARRACKS_SUPER_DRAGON_INFO,现在想想，木头可能不太适合用来给飞龙造房子。这房子一直都没着火也是个奇迹。
b63b2484df292c46,TID_NOT_ENOUGH_RESOURCE_TWO,您没有足够的<resource1>和<resource2>！
f9b9f03156f151bc,TID_DIAMOND_BUNDLE_BH5_INFO,• <gems>宝石\n• <res0>圣水\n• 1级多管迫击炮\n\n礼包中的建筑无需花费建造时间，存放礼包中的资源不受最大储量限制！\n\n该<cffec78><value>倍超值礼包</c>只可购买\n一次，千万不要错过哦！
4c02a22ef04a1152,TID_LOCAL_NOTIFICATION_EVENT_MAGICITEM_PACK,首领，魔法物品礼包上线了，不要错过哦！
c3bb8eb9605fb8dd,TID_NPC_CHALLENGE_TH10_BOBAT_WALL_BREAKERS,炸毁城墙抵达<cf70d16>法师塔</c>，<c54a0fe>炸弹人</c>在<cf07bf8>狂暴法术</c>的帮助下可以造成更多伤害！
edffbd7f6a08bee6,TID_CLANGAMES_TASK_USE_GOBLINS,哥布林诡计
3644a1070defc8bf,TID_RAID_WEEKEND_INFO,突袭周末信息
0916fa356e5b1729,TID_BOWLER,巨石投手
8a020d47c6b5d273,TID_NEWS_BOMB_TOWER_UPDATE_TITLE,全新防御建筑：炸弹塔！
e7dee4d058ccd17e,TID_HERO_ABILITY_ROYAL_CHAMPION_TITLE,飞盾寻踪
5450fff9b51c635f,TID_CLEAR_SHOVELED_OBSTACLE_CONFIRM_TITLE,确认移除
6f7ba40336ef3f96,TID_CHARACTER_INFO_MOVING_CANNON,带轮子的加农炮？等等！它怎么又变成了迫击炮？敌军肯定想不到！它不仅威力巨大而且功能全面！
93f7f7c0c63998ea,TID_LEAGUE_PLATINUM2,铂金联赛2
de332b22c34aecdf,TID_WAR_ATTACK_CONFIRM_CASTLE_TEXT,部落城堡中的部队和法术：<number>
96675b6d1e414a9c,TID_ACHIEVEMENT_CLAN_GAMES_POINTS_TITLE,竞赛冠军
a427ad60e2f3aaea,TID_LEAGUE_CRYSTAL3,水晶杯联赛3
fb318816d61d11b0,TID_QQ_LOGIN_BUTTON,QQ登录
8e32cb5a0c040704,TID_ACCEPT_FRIEND_ERROR_BANNED,玩家被封禁，无法将其加为好友。
42739f2ce330a63d,TID_CLAN_TAG_FRIENDLY,友好
4a929f4f7dc13f0f,TID_WL_STAT_POSITION2,第2名
c872fbbf91c0a935,TID_INVALID_WAR_MEMBERS_INFO_HIGH,最多可以选择<value>名成员
daee40849dcfff1d,TID_CLANGAMES_TASK_INFO_WIN_STARS_VS_TITANLEAGUE,在联机模式中进攻处于泰坦杯联赛的村庄，并赢得<num>颗胜利之星。
fe8c1ee3d18fba1c,TID_PIRATE_KING,海上蛮王
ce400a77ebf71876,TID_STARTER_TH4_UPGRADELABORATORY,发展实验室
3f257b28ee480e42,TID_CLANGAMES_TASK_USE_PEKKAS,皮卡强袭
f7da2e401c26fc7e,TID_TRAINING_BUILDING_STATUS,训练营
3c96ac0d43fc22f4,TID_CANCEL_HERO_BOOST_CONFIRMATION,升级英雄将结束提速。您确定吗？
4517131f2c003440,TID_DECO_RUIN_OLD_TOMBS,古墓群
a3755c1a6a15a38f,TID_DEATH_FREEZE_TIME,被摧毁时冰冻效果：<number>秒
047f362cb69f451f,TID_INFO_ACTIVATION_TYPE,触发条件：
e9fbdf8f5c0b0bac,TID_STARTER_TH2_BUILDWALLS,建墙能手
333653b43b5a7336,TID_POPUP_CANCEL_GOBLIN_UPGRADE_TITLE,取消升级？
5cef85a9f057bb32,TID_ALLIANCE_WAR_STATS_TAB,部落对战统计数据
1ee894b08224f48a,TID_ACHIEVEMENT_CASTLE_REPAIR,重建部落城堡
23eb4adbf06e1c52,TID_TUTORIAL_OWN_HOUSE_1,这里是你除了家乡村庄之外的第二个家，视野更好，风景更美！
6db7cd2a39f8d799,TID_GOBLIN_WARDEN,哥布林守护者
96e89526323a2928,TID_CLAN_TAGS,部落个性标签
b28db38818e1c75a,TID_FLYING_FORTRESS_INFO,你可能觉得堡垒插上翅膀会很危险，但飞行堡垒不存在这个问题。搭载着骷髅飞骑的飞行堡垒能对敌方实施可怕的轰炸。
fe400f76d5fcef5e,TID_RECEIVED_WAR_REQUEST_FROM,收到来自<clan>的部落友谊战邀请！
335223ee45b90608,TID_GEM_BALANCE,宝石总量：\n<total>\n\n免费宝石：<free>\n\n购买的宝石：<paid>
c67822b074372602,TID_LEAGUE_WOOD4_SHORT,木头4
a868e2986ac117c5,TID_CLANGAMES_TASK_DESTROY_AIRSWEEPERS,摧毁空气炮
67997ea814566ef5,TID_FEATURE_SEASON_CHALLENGES,月度挑战
89325eacc52d653b,TID_ICE_PUP,迷你寒冰犬
c0aad77bdf8790fb,TID_NPC4,炮弹飞车
3bbba8ba13442d5a,TID_OVERVIEW_HEROES_TITLE,英雄
3a9b5ec85a8281cd,TID_BOOST_POPUP_TITLE_RESUME,恢复提速！
a2b72cb8e4557437,TID_BP_PERK_ACTIVATED,已启用<perk> <num>%！
a0d19512bfc3eb54,TID_GEAR_INFO_FIRE_IN_A_CAN,向当前目标投掷一个巨大的爆炸火球
fcaaad2e607c150f,TID_CLANGAMES_TASK_INFO_DONATE_TROOPS,向部落成员增援总计<num>空间的部队。
1e312fdb8649524c,TID_BATTLEPASS_TASK_INFO_START_HOME_UPGRADE,在家乡开始<num>座建筑的升级。
5cbdee9595b687eb,TID_ACCOUNT_DELETION_WARNING_TITLE,账号删除警告
7bd203941ff5e873,TID_STREAM_EVENT_DISTRICT_LAYOUT_SCRAMBLED,由于包含不当内容，部落都城阵型已被重置。
7e694a0d140cb9cb,TID_ALLIANCE_CREATE_ARRANGED_WARS,部落友谊战
93eeda1947f0517b,TID_BATTLEPASS_TASK_WIN_BATTLES_USING_PEKKAS,重甲冠军
5c2f751aff7fdaf4,TID_TUTORIAL_WAR_LEAGUE_15,我们可以用联赛奖章在商店中兑换一些非常强大的物品！
fafc647ee9ef7ffd,TID_RECORDING_CANT_GO_HOME,无法返回大本营，请您先停止录制回放！
748cb1d69a38cb7d,TID_POPUP_ABOUT_TO_SELL,您确定吗？
0b0943d3f3f09ad5,TID_TH15_KING,魔法蛮王
f828ea0123611a0b,TID_ERROR_POP_UP_PURCHASE_FAILED,计费服务器未响应。请稍后再试。
11aeba94fb411327,TID_LEADERBOARDBANNER_PLAYER_NO_TOP_3,这里将显示传奇杯联赛锦标赛的获胜玩家！
2d752da69eb19c0c,TID_CLANS_VS,对战
b7fdb477d67324ce,TID_CLASHIVERSARY_QUEEN,未来女皇
f51134d5b676a66a,TID_ALLIANCE_WAR_PREPARED_HEADER_FRIENDLY,我方已就绪成员：
685e4da6c3d203e5,TID_HINT_TH12_WEAPON,一旦遭到攻击，12级大本营的武器就会激活。请谨慎安排进攻路线！
e97e2ba9410bcf3e,TID_HOG_GLIDER,野猪飞骑
fa8a1769ce3d03b3,TID_GP_PURCHASE_COUNTDOWN,令牌限时购：<time>后截止
c85de808554977de,TID_REQUIRED_BLACKSMITH_LEVEL,需要<number>级铁匠铺
5ccc8f80defb706a,TID_IAP_INFO_TEXT,请适度娱乐理性消费
9d6aff72f1d73cac,TID_WATCH,点击观看
e27e4827466246a6,TID_WAR_PERSONAL_SETTING_IN,参战
cf009fb603486f29,TID_CLANGAMES_TASK_INFO_DESTROY_BB_CRUSHER,在建筑大师基地战斗中摧毁<num>个<building>。
6bf5578255e14f20,TID_POPUP_CANCEL_GOBLIN_CLEAR_TITLE,取消移除？
4e0db6d3fa0007c5,TID_DIAMOND_BUNDLE_MAGICITEMS_TROOP_LEVEL_PACK_INFO,• <gems>宝石\n• <res0>圣水\n• <booster1>本战斗之书\n• 存放礼包中的物品不受最大储量限制！\n\n包含升级部队所需的一切！\n\n千万不要错过哦！
c2b5c5ea2f15c161,TID_SECOND_STAGE_FEATURE_DESCRIPTION,深入黑暗洞穴进行建造！更多区域等您探索和进攻！
d916d4c4c0d7b342,TID_CHARACTER_INFO_HOG_RIDER,滑翔翼被摧毁后，战场上将出现一人一猪两位勇士，他们可以轻松跃过城墙，继续为您战斗。
615abb14c1b83b38,TID_DIAMOND_BUNDLE_MAGICITEMS_VILLAGE_UPGRADE_PACK,建筑升级礼包
a73d5fba42648afa,TID_LOCAL_NOTIFICATION_EVENT_CLAN_LOOTXP,首领，部落对战双倍奖励活动开始了，双倍战利品和部落经验值等着您！
c3aa02cfaf8e31fc,TID_EVENT_TITLE_MAGICITEM_PACK,魔法物品礼包
30fa2084a2f50c3a,TID_STAR_BONUS_DESCRIPTION,胜利之星奖励会运送到您的宝库中。
6d87f82ea331c63f,TID_TRAP_TRIGGER_RADIUS,触发半径：
a6297026e956a045,TID_TAB_VIEW_VILLAGE2,建筑大师基地
f53eb4251840ab6d,TID_LINK_DEVICES_ENTER_CODE_TITLE,输入关联代码
9c0bb39a7554f815,TID_HINT_XBOW_LVL_8,升级大本营可获取新的防御武器——十字连弩。
ab92a18fd598cd85,TID_NEWS_OTHER_TITLE,
4431fbfd468ffbe5,TID_POPUP_SPEED_UP_FORGE,想立即完成都城金币的铸造吗？
7394b8cf889d6ba2,TID_POPUP_MAX_OUT_ARMY_TITLE,强化部队和法术？
0bbb20723e57e2ff,TID_CAPBUILD_GUARDPOST_CART_INFO,如果突袭炮车也能感受到快乐，那它最快乐的事一定是朝敌人开炮。
d18853b698a45135,TID_RIVER_BRIDGE,桥
178968fb8d894269,TID_DECO_HILL_8,大山峰
f39bc9e2b16d98a6,TID_MAINTENANCE_NORMAL_TITLE,系统维护
dc58a4e2ded0aa1c,TID_ACHIEVEMENT_ACCOUNT_BOUND_GAME_CENTER,绑定苹果游戏中心(Game Center)账号
52c2e5c6dd09ab6b,TID_LOCAL_NOTIFICATION_HERO_HAS_FULL_HEALTH,<name>已经为下场战斗做好准备了！
6e0ac6fe9e75e9a9,TID_MAP_LOCATION_25,多雨平原
22f9ca392e3e0a00,TID_PRODUCTION_RATE,生产速度：每小时<number>
8027f3d90b2629b7,TID_BATTLEPASS_TASK_WIN_BATTLES_USING_INVISIBILITY,隐身高手
701679fdc4947169,TID_ARTO_TASK_GEAR_UP,\n需要在家乡改装3座建筑。
6d71695020bdbcb9,TID_SCORE,奖杯
ee1a206afcfb1119,TID_SETTINGS_API_TOKEN_HEADER,令牌
45b457a77405ab0c,TID_NEWS_CHALLENGE_PREVIEW_TITLE,友谊战即将登场！
bb38a0d73c467e7e,TID_WL_INFO_SIGNUP_TAB1_TEXT,<cFCE27F>我的部落如何加入部落对战联赛？</c>\n\n部落首领和副首领可在报名期为部落报名加入联赛。第一次加入部落对战联赛时，系统会根据排名前15位的成员的实力来确定该部落所在的联赛段位。一旦系统找到7个与您的部落所在联赛段位相同的部落，将立即进入第1回合的准备阶段！<cFCE27F>\n\n我的部落实力不强，可以加入联赛吗？</c>\n\n当然！只要您的部落有至少15名成员就可以加入。即使未能成功晋级到更高联赛段位，部落仍然可以获得丰厚的奖励！
248ffa99dd30cae8,TID_BATTLEPASS_TASK_COLLECT_GOLD,淘金热潮
1619bb320e78807f,TID_CHALLENGE_CANT_REQUEST,加入部落，向部落成员请求部队、法术和攻城机器
1f59df7c521aa7d1,TID_NPC_CHALLENGE_TH6_GIWIWA_WIZARDS2,沿线的防御已清理完，派出更多<c54a0fe>法师</c>！
1aaf8f16c991f4fe,TID_CLAN_SETTINGS_YES,是
8583250e92c3f040,TID_DEVICE_LINK_CONFIRMATION_TOWNHALL_LEVEL,<level>级大本营
a4d900006705911d,TID_DIAMOND_BUNDLE_MAGICITEMS_HEROES_BOOK_WITH_DARK_ELIXIR_INFO,• <res0>暗黑重油\n• <booster1>本英雄之书\n• 存放礼包中的物品不受最大储量限制！\n\n包含升级野蛮人之王或弓箭女皇所需的一切！
58e456bdd4bb34b7,TID_LEAGUE_TITANIUM1_SHORT,钛金1
c59abf3127f1b3f1,TID_POPUP_SHIELD_REMOVAL_TITLE,在护盾保护期间发动进攻
704672f28dc214bb,TID_EVENT_PASS_PACKAGE,活动令牌
45489227daa40c0d,TID_DECORATION_SKULL_ALTAR,古代头骨
fe1e5924fda44b95,TID_SIEGE_MACHINE_BALLOON,攻城气球
e76b71d24c4edcfe,TID_STAR1,爽！
c8e43912b70b0e86,TID_BATTLEPASS_TASK_WIN_BATTLES_USING_STONE_SLAMMER,天降巨石
fc707d2a6aa538b9,TID_TRADER_CAPITAL_TAB,突袭奖章
a8662c29c0797fea,TID_INVITATIONS_FULL,邀请已满！
847f50f79a3dfb98,TID_TAB_TREASURY_BOOSTERS,魔法物品
bec7b17d4e944cf7,TID_GC_NOCHALLENGE,打开成就
64d3dbfb83463d89,TID_CLANGAMES_TASK_WIN_STARS_VS_TITANLEAGUE,泰坦陨落
b2f2a3acd9cf10a0,TID_BUILDING_LAVA_LAUNCHER,熔岩发射器
574fbdb23dd134bf,TID_GEAR_RESOURCE_BONUS_LOOT_INFO,您将在部落对战结束时获得装备资源。部落对战胜利获得的装备资源更多，战败获得的该资源相对较少！
14a6a0f7837e35f5,TID_ACHIEVEMENT_DONATE_SIEGES,增援<number>台攻城机器
51d7306b756b75da,TID_BATTLEPASS_TASK_WIN_BATTLES_USING_RECALL_INFO,在联机模式中使用回溯法术赢得<num>场战斗。
f176ebac9eafbccc,TID_OBSTACLE_BIRTHDAY2017,5周岁生日蛋糕
4cd5027b40adee29,TID_LEAGUE_MASTER3_SHORT,大师杯3
3fb28bf7fad9a53a,TID_BUNDLE_BUY_CONFIRMATION,<ce53cff><bundle>已收到！</c>
4a1b0656b920c84c,TID_BUTTON_DISABLE_TUTORIAL,退出教程
8f98ef876ce49e75,TID_BATTLEPASS_TASK_WIN_BATTLES_USING_BAT,蝙蝠压境
70d08a3402c0a315,TID_INFO_POP_UP_IAP_NOTE_KUNLUN,《部落冲突》是一款免费游戏，但是您可以通过应用内购买加速游戏进度。
2019d94121c629b4,TID_BUTTON_RETRY,重试
dbecfde4269a8d0a,TID_ALLIANCE_WAR_IN_WAR,部落对战已经开始！
eb62602fb2921b44,TID_DIAMOND_BUNDLE_TH9_UPDATED_INFO,• 2级十字连弩\n• 弓箭女皇\n• <res0>暗黑重油\n• <res1>金币\n\n存放礼包中的物品不受最大储量限制！\n\n该<cffec78><value>倍超值礼包</c>只可购买\n一次，千万不要错过哦！
98a7c345fa9d3c70,TID_HERO_STATS,英雄强化
0b0764d433a9e40f,TID_WL_SELECT_BONUSES_TEXT,选择您认为应当获得额外联赛奖章的部落成员，您的选择结果将公布在部落聊天窗口中。额外联赛奖章以部落名义发放，且每个联赛赛季只能发放一次，请您慎重选择！
30cdd0014f437ec3,TID_ACHIEVEMENT_LOOT_CAPITAL_COMPLETED,获得的都城金币总数：<value>
7cb79407076cb762,TID_ALLIANCE_CREATE_DESCRIPTION,描述：
7aabb76a6d693618,TID_TROOP_UPGRADE_COMPLETED,升级完成：<number>级<item>
7fe0bf9dbaf435ff,TID_DIAMOND_BUNDLE_BUILDER_BASE_RESEARCH_PACK,建筑大师军队升级礼包
eed67ec7f4ea797b,TID_NEXT_REQUEST,下一次请求：
45af769020368370,TID_CLAN_GAMES_ALREADY_CLAIMED,您已领取过该奖励！
d44b04785acf84f5,TID_PIXEL_CHAMPION,像素战神
de53221c6ed561ce,TID_DOUBLE_CANNON_INFO,双管加农炮，每管二连发。四倍炮弹，四倍火力！
f9d074e424fe457c,TID_BP_SEASON_BANK_INCREASE,月度挑战资源箱容量提升至：\n金币：<gold>\n圣水：<elixir>\n暗黑重油：<de>
0c32625456ee99ea,TID_LINK_CODE_TEXT,现在，请勿关闭这个界面。在另一台设备上，转到关联界面，单击\q这是新添设备\q按钮。
2db602e3c5001d12,TID_NUM_ATTACKS_SHORT,进攻次数：
226c89b454ed9495,TID_ALLIANCE_WAR_REPLAY_PERSONAL_DEFENSE,回放
efdc16f2e0de4de5,TID_PUSH_WAR_0,您的部落已经向<data>宣战！
e577f6a21eb2e0a6,TID_ICE_QUEEN,冰雪女皇
3e848bd36764dd04,TID_CLAN_TAG_CLAN_CAPITAL,部落都城
5d10eb6397f216ea,TID_NPC79,瞄准目标
e5986fd95e439b30,TID_PLAYER_ATTACKING_YOU,正在攻击您的玩家：
70e256a80f3393d7,TID_BOOST_ALL_POPUP_TITLE,部队训练和法术配制提速！
ea0e5fbc5298f4fe,TID_LOCAL_NOTIFICATION_EVENT_6TH_1_GEM_BOOST,《部落冲突》6周岁啦！资源产量加倍！只需1宝石即可加速任意一个资源采集器。
115c92649013d0da,TID_LOGIN_TO_SCID_BUTTON,登录Supercell ID
621237f83a847b0d,TID_NPC_CHALLENGE_TH9_LAVALOON_ARCHER_QUEEN,派出<c9916c8>弓箭女皇</c>摧毁<cf70d16>法师塔</c>、<cf70d16>防空火箭</c>和<cf70d16>箭塔</c>。
cc7aee8fa88d83bb,TID_SPECIAL_OFFER_INFO_EASTER_LIMITED_9999,• <booster1>个壁垒之戒\n• <booster2>块圣水符石\n• <booster3>块暗黑重油符石\n• <booster4>块金币符石\n\n• 存放礼包中的物品不受最大储量限制！\n• 该礼包可购买两次！\n\n这个超值礼包可以助你升级项目、秒升城墙！
6ba770809b3b9eba,TID_TENCENT_USER_PRIVACY_POPUP_TITLE_1,用户与隐私相关协议指引
37733d46e483d3d9,TID_DIAMOND_BUNDLE_BH5,5级建筑大师大本营礼包
65d0fd699b7be301,TID_RESOURCE_PACK_GOLD_FULL,装满金币
4fd81109b1ad9d2c,TID_CHARACTER_INFO_GOBLIN,这些麻烦的小家伙眼里只有一件事：资源！他们的反应比隐形弹簧更快，会无休止地取得资源。
1f0e41c09d5d6a43,TID_V2_DUEL_FEED_BATTLE_STARTED,战斗开始！
8c7232947b15d874,TID_NEED_TO_GIVE_WL_BONUSES,您需要发放完部落对战联赛额外奖章后才能发起对战。
f8bca961b914a9a0,TID_EVENT_ARMYSPELL_BOOST_INFO,军队训练加速至原来的4倍！\n\n分别使用1宝石加速：\n• 单个英雄\n• 部队训练\n• 法术配制
3103cb9ae79c5101,TID_BP_PERK_NEEDS_PREMIUM_SEASON_BANK,使用黄金令牌升级
509385b59e9176de,TID_CLAN_CAPITAL_LEAGUE,都城联赛
3820d17e50d637ba,TID_CHARACTER_INFO_WARLOCK_SHORT,可以不断召唤骷髅兵！
876b81999d73bfd2,TID_HALLOWEEN_INFO_SCREEN_TITLE,欢迎加入合体狂潮！
cab913a17fd51a9e,TID_ADD_FRIENDS_INFO_REQUESTS_ANDROID,在其他玩家的简介页面可将其添加为好友。登录Supercell ID后，您可以在这里查看您的好友。
bad757f68e4253bd,TID_CLAN_GAMES_THEME_DONATEDESTRUCT,多捐多拆\n竞赛
c28db15e184e3a9d,TID_BUILDER_HALL_5_INFO_SHORT,引进更多先进的建筑技术。
7eb51d1e09a1bbdf,TID_BATTLEPASS_TASK_INFO_WIN_BATTLES_USING_MINERS,在联机模式中使用掘地矿工赢得<num>场战斗。
80020f0f4964b7d0,TID_BATTLE_BUILDER_FEATURE_DESC,建筑工人们不再袖手旁观，他们将小屋武装起来，并在战斗中走出小屋修复建筑！
93a0be3a9a23cd3a,TID_STARTER_TH3_BUILDCLANCASTLE,重建部落城堡
3c3bbc74bb593401,TID_6ANNIVERSARY_OFFER_MAGICITEMS_RING_AND_ALLRUNES_INFO_4999,• <booster1>枚壁垒之戒，可用于立即升级城墙（升级高等级城墙需要多枚壁垒之戒）\n• <booster2>块圣水符石，可使家乡的圣水立即达到最大储量\n• <booster3>块金币符石，可使家乡的金币立即达到最大储量\n• <booster4>块暗黑重油符石，可使家乡的暗黑重油立即达到最大储量\n\n• 存放礼包中的物品不受最大储量限制！\n• 该礼包可购买4次！\n\n限时生日礼包，千万不要错过哦！
d63e9371b6589ceb,TID_STARTER_TH2_UPGRADEARMYCAMP,兵营扩容
ac76112b3c700913,TID_ALLIANCE_WAR_PERSONAL_ATTACK_1,第1次进攻
0d46cf4a62020669,TID_MULTIPLAYER_COST,消耗：
8193573f2f3f14b3,TID_BATTLEPASS_TASK_WIN_BATTLES_USING_WITCHES,女巫制敌
f41d4c3b045b581d,TID_CAPBUILD_BARRACKS_CANNONCART_INFO,制造突袭炮车的工坊。突袭炮车是如何组装起来的倒是好理解，可这些野蛮人是从哪来的呢？
5c5d4a2b7b79ea10,TID_FRIENDLY_ARMY,友谊战军队配置
1fcbeb7621457377,TID_UPGRADE_INFO_ITEM_SPACER,<old>和
fabcb90a504cebf0,TID_DAILY_LOOT_LIMIT_FULL_INFO,您已赢得今天的全部战利品，但您仍能继续战斗，赢取奖杯！
9ef7e8540842a281,TID_BUTTON_RAID,突袭
86be5692ff1d63aa,TID_HASTE_INFO_SHORT,让部队进入狂暴状态，变得更快更强！
8fe365b754a2491a,TID_PET_ABILITY_UNIPONY,专属天使
cfc18c477cb0d7a2,TID_CAPITAL_HALL_LEVEL_TOO_LOW,您需要将都城大本营升至<number>级！
38132c6a687eaaef,TID_PRIZE_SHOP_ITEM_PURCHASED_TREASURY,<item>已添加至您的大本营
7c3072bceb04c69a,TID_SPEED_UP_HERO_HEALTH_TEXT,想让<item>立刻恢复吗？
1800f0b2e8b5780f,TID_CAPITAL_RAID_DISTRICT_STILL_LOCKED,您还不能进攻该子城
e3bdea9d01b3b533,TID_LOCAL_NOTIFICATION_EVENT_SPECIAL_TROOP_GOVAHO,首领，快参加此次特别活动，带上你的石武猪大军一展身手吧！
a5e5f9d321e2b358,TID_NEWS_SPELLS_TITLE,重做与重新修改的法术
53c9939713f0e1a4,TID_EP_REWARD_LOCKED_NEED_PREMIUM,您需获得活动令牌才能解锁该奖励。
06b94645292210e9,TID_TARGETS_FULL,该目标已被其他玩家锁定
30686f92fef9ebbc,TID_KICK_MESSAGE_TITLE,踢出<name>？
ced96af7f97ff9d2,TID_ADVANCED_TRAP_INFO,给那些靠得太近的敌军准备一份\q爆炸\q惊喜。可选择对地或对空！
d0b431a71da9ecc1,TID_CAPBUILD_INFERNO_INFO,地狱之塔是高生命值部队的克星，可对其持续锁定的目标造成毁灭性的伤害。
55b86bc63256ca73,TID_CLANGAMES_TASK_USESPELL_MAINVILLAGE,在一场联机模式中赢得一颗胜利之星，需使用一个<spell>。
36c663334ce3ad24,TID_DIAMOND_BUNDLE_TH3,3级大本营礼包
8cc3bb3cfae4ea79,TID_BUTTON_BUY_SKIN,购买
9c0f6ba3c99205f9,TID_HAMMERJAM_OFFER2_MAGICITEMS_WALLRING_AND_ALLRUNES_INFO_4999,• <booster1>枚壁垒之戒\n• <booster2>块圣水符石\n• <booster3>块金币符石\n• <booster4>块暗黑重油符石\n\n• 存放礼包中的物品不受最大储量限制！\n• 该礼包可购买4次！\n\n这个超值更新礼包可以助您升级各种项目！
4319e4376403d24c,TID_LOCAL_NOTIFICATION_CLAN_GAMES_CHECK_RESULTS,部落竞赛结束了，快来查看结果吧！
b728d109891a5648,TID_ALLIANCE_WAR_BATTLE_XP,进攻成功后赢取了<xpnum>点部落经验值
ef78069b9f5bb0f9,TID_PART_HOUSE_ROOF,部落营房屋顶
81397de19faa2402,TID_XP_TEXT_HAYDAY,返璞归真，体验平静、简单的田园放牧生活
c78d01561053fa25,TID_UNDERAGE_PLAYER_PLAYTIME_ENDING_SOON_WARNING_KUNLUN,根据国家防沉迷通知的相关要求，未成年玩家仅能在\q周五、周六、周日和法定节假日每日20时至21时登录游戏\q，其他时间无法游戏，今日可游戏时间剩余<num>分钟。请您注意休息。
5e7fcb5103feabca,TID_BOOST_ALL_HEROES,所有英雄
2f260b2371389f70,TID_CONTACT_US_WELCOME_TEXT,您好！
ffcf84fbc03ec08f,TID_PLACEMENT_HINT_TUTORIAL3,派出部队！
b48a134babf6b79f,TID_LOCAL_NOTIFICATION_EVENT_GEM_BOOST_ATTACK,1宝石提速活动开始啦！将部队训练速度、法术配制速度和任一英雄的恢复速度提升至原来的4倍！
a35a4df5bb4944f5,TID_CANCEL_WAR_ARRANGED_MATCHMAKING_CONFIRMATION_TITLE,取消部落友谊战？
3bb6b52883cc8c05,TID_NEXT_LEAGUE,下一级联赛：
1a5e1296e483d0e9,TID_DIAMOND_BUNDLE_BH6,6级建筑大师大本营礼包
92adaa84b40b9033,TID_EVENT_CHRISTMAS_TRAP_UPCOMING,部落冲突圣诞节第二天
7064cf64fd6c7e71,TID_GEAR_RARITY_COMMON,普通
981d4f8ed8ac0664,TID_STAGE_BUILD_LIMIT_REACHED_TRAP,您已拥有<number>个陷阱，已达第<stage>区域上限。
9633fbbc17f65310,TID_BATTLEPASS_TASK_INFO_USE_BOXERGIANTS,在建筑大师基地战斗中使用巨人拳击手赢得<num>颗胜利之星。
b4f4d705d6c61184,TID_BUILDING_CLASS_ARMY,军队建筑
5ef91bbb5f7059c3,TID_DEVICE_LINK_WRONG_ACCOUNT_ANDROID,当前村庄已与另一个Google账号关联，而这个账号并非您目前登录的账号。\n\n请从设置界面注销当前Google账号，然后用与这个村庄关联的Google账号登录。\n\n然后尝试再次关联。
31adb55f7fb6e818,TID_HINT_LEAGUE_SHUFFLING2,每个联赛赛季历时一个月。
5808935cc4fb3a10,TID_REENGAGEMENT_BUILDER_1,您离开村庄后，建筑工人建造了一些东西。
c8cbbe041bf71272,TID_ZAP_TRAP_INFO,如果附近有个电击陷阱，路过的部队一定会被电得惊慌失措。
61944c16dda07ea0,TID_TUTORIAL_DEFEND_1b,咕噜咕噜，这是什么？只不过是渺小的人类罢了！
ab9a665867a116f0,TID_ALLIANCE_GAMES_EXPIRED_TASK,已过期
dec3b803bccb1e7d,TID_CHAT_FAIL_BANNED,您被禁言<time>。
fd82361ec74183ee,TID_POPUP_RED_GEMS_PURCHASED_TEXT,感谢您支持(RED)抗艾滋活动。您要在12月8日之前用(RED)装饰您的大本营，表示自己对活动的支持吗？
de2468d09683b98b,TID_WELCOME_BACK_UPGRADES,完成的升级
e09b7a9b4108a69d,TID_NPC29,钢铁骑士团
8d9ca889452a1893,TID_CHARACTER_INFO_BARBARIAN,这些无畏的勇士长着引人注目的胡子，凭借一身壮硕的肌肉在敌人的村庄肆虐。训练一队野蛮人，他们将为您出生入死！
ca1a5fedbda42924,TID_REGULAR_THEMED_PREPARE_OFFER_INFO_TH0712_4999,• <res0>暗黑重油\n•<res1> 金币\n• <booster1>本英雄之书，可用于立即完成任一正在进行的英雄升级\n• <booster2>本法术之书，可用于立即完成任一正在进行的法术升级\n\n• 存放礼包中的物品不受最大储量限制！\n• 该礼包在显示期间可购买2次\n• 立即升级您的英雄、部队和法术！
d2ecd3c1a7675473,TID_3_WIN_BONUS,第3次获胜奖励
bb81a9f2cf0b51d1,TID_6ANNIVERSARY_OFFER_MAGICITEMS_POTION_AND_GOLD_ELIXIR_INFO_1999,• <res0>金币\n• <res1>圣水\n• <booster1>瓶建筑工人药水，可在1小时内将建筑工人的工作速度提升至原来的10倍\n\n• 存放礼包中的物品不受最大储量限制！\n• 该礼包可购买10次！\n\n限时生日礼包，千万不要错过哦！
43d991e4c68fea5d,TID_SCENERY_DESCRIPTION,<scenery>场景
2baa686fa11ce3bd,TID_SPEED_UP_TROOP_REQUEST_HEADER,立刻请求增援！
16f6e4ab9a0bc535,TID_CLANGAMES_TASK_WIN_STARS_USING_INVISIBILITY_INFO,在联机模式中赢得<num>颗胜利之星，每场战斗需使用<num2>个隐形法术。
b5c26e826665513b,TID_CLASHFEST_SCENERY,终极盛典
b394052b37697698,TID_WAR_RESULTS_INFO,部落对战结束时，资源奖励会送至您的宝库。战争获胜的一方还可获得可观的部落经验值。在战争结束后的一段时间内，您可以查看战争结果和战斗回放。您还可以在部落对战日志上查看更早的战争记录！
6038b24f86c42208,TID_GRAND_WARDEN_GLADIATOR,角斗士守护者
e8a92da40dcf9dba,TID_STREAM_REPLAY_TEXT_ATTACK,攻击了：
93286c365e782a9c,TID_BOOSTER_FINISH_SPELL_UPGRADE_OFFER_INFO,<num>本法术之书，可立即完成任一正在进行的法术升级
244c9c529d2f635c,TID_DIAMOND_BUNDLE_MAGICITEMS_TRAINING_POTION_ONLY_INFO,• <booster1>瓶训练药水\n• 存放礼包中的物品不受最大储量限制！\n\n提高部队训练速度、法术配制速度和英雄恢复速度！\n\n千万不要错过哦！
66fd9d42eb108bb7,TID_TENCENT_USER_PRIVACY_POPUP_TEXT_2,尊敬的用户，您需要详细阅读并同意<TOS>、<PP>、<CHILDREN>、<THIRDPARTY>，才可进入游戏哦。
cb5ac814217b2e3a,TID_MOVE_OBSTACLE_CONFIRM,确定要使用<booster>将<obstacle>移到这里吗？
58d413e6aecba5f0,TID_GUEST_LOGIN_BUTTON,游客登录
3de989fd70e94802,TID_NPC_CHALLENGE_TH7_MINION_BALLOONS,派出<c54a0fe>气球兵</c>摧毁所有<cf70d16>防空火箭</c>。
13437bedba2f8efa,TID_REQUEST_IS_PENDING,正在处理您的请求
3629efe3a1fea638,TID_STARTER_TH2_CLAIMACHIEVEMENT,雄心壮志
efda5ce51e54e248,TID_NPC_CHALLENGE_TH12_DRAGBAT_DRAGONS,排成一行派出<c54a0fe>飞龙</c>。
22a7de6b0383c188,TID_CURRENT_DAY,当前联赛日
3c6d2ef7729eb9e4,TID_HINT_TROOP_ABILITIES,在星空实验室中解锁和升级兵种的特殊技能。
8a3b5e3a3e9e4a99,TID_ACHIEVEMENT_DESTROY_WALLS_COMPLETED,总共摧毁城墙：<value>
de48ba09ac491300,TID_BUTTON_DISABLED_GAMES_ENDING_SOON,即将结束！
8e066e14f2c370aa,TID_CAPITAL_PLAYGROUND_DEPLOY_AREA_EXPLANATION,在都城进攻时，并不是任意方向都可以部署部队。
afeaef95a76991e5,TID_BATTLEPASS_TASK_WIN_BATTLES_USING_SNEAKYARCHERS,隐身有术
5bbb0dc399c3a85f,TID_CLAN_GAMES_SUMMARY,成绩：
0a3bbcb9bba2c02a,TID_POPUP_BOOST_BARRACKS_AND_SPELLS,确定在<time>内将部队训练速度和法术配制速度提升至原来的<multiplier>倍吗？
e0dc8df993dbbd21,TID_CLAN_GAMES_THEME_MINIGAMES,迷你竞赛
ee63dee8e503b84c,TID_RAID_WEEKEND_CLAN_DEMOTION,<clan>已降级
03e5088b8091d21b,TID_CHARACTER_INFO_BOMBER,炸弹兵渴望毁灭、追求高质特效，他会炸毁看到的一切东西，对城墙可造成额外伤害！
e10304dc968deff1,TID_CHARACTER_INFO_ICEGOLEM,戈仑冰人个性冷酷而且毫无幽默感。他经过的地方无不冷冻成霜，被消灭时还会冻住四周的事物。聚会时要是有人跟他说话，戈仑冰人会原地冻住。抵御入侵村庄的敌军时，他的冰冻效果范围比进攻时小，持续时间也更短。
39dea4d9527c249b,TID_CHARACTER_SIEGE_BATTLE_DRILL,攻城钻机
5085ffad3c4db9e2,TID_ALLIANCE_ROLE_ADMIN,长老
582f96e0cfbc97b1,TID_CHARACTER_INFO_HULK_BIG,勇者相逢莽者胜！
3695a32d7d5c5609,TID_CLANGAMES_TASK_GET_LEVELKILLS_VS_BARBARIANKING,悬赏蛮王
d5c98645f0e3ed58,TID_CADPA,《部落冲突》适龄提示：\n1）本游戏是一款战争策略类游戏，适用于年满12周岁及以上的用户，建议未成年人在家长监护下使用游戏产品。\n2）本游戏以荒蛮原始的孤岛为背景，讲述了原始部落为生存而相互抗争的故事，涉及的情节、环境、场景均为虚构，不会与现实生活相混淆。游戏玩法基于一定难度的思维判断，设有竞技对抗比赛，鼓励玩家提升和挑战自我。游戏中有基于文字和语音的陌生人社交系统。\n3）根据国家相关要求，游戏中有用户实名认证系统，未通过实名认证的用户不可进入游戏；认证为未成年人的用户除周五、周六、周日及法定节假日每日20时至21时外其他时间均不可进入游戏。\n游戏中部分玩法和道具需要付费。根据腾讯健康系统管理规定，认证为未成年人的用户将接受以\n管理：\n未满12周岁的用户不能付费；12周岁以上未满16周岁的未成年人用户，单次充值金额不得超过50元人民币，每月充值金额累计不得超过200元人民币；16周岁以上的未成年人用户，单次充值金额不得超过100元人民币，每月充值金额累计不得超过400元人民币。\n4）本游戏内所包含的对抗玩法需要玩家进行策略规划和推理判断，有助于帮助玩家提升逻辑思维能力。游戏设有需组队进行的大型团队任务和比赛，鼓励玩家互相配合完成比赛，有助于培养玩家的团队协作能力。游戏提供了丰富的社交系统，包括好友、公会等，玩家之间可以互相交流，互相配合，共同完成游戏任务，有助于促进玩家的社会交流，维持良好的社群关系。
06673b87e39fa5e3,TID_HINT_GOBLIN_TARGET,哥布林总是觊觎金币和圣水，他们将优先攻击资源建筑。
b0876b2a98f32a0b,TID_BATTLEPASS_TASK_INFO_WIN_BATTLES_USING_RAGEDBARBARIANS,参加<num>场建筑大师基地战斗，每场战斗需使用<num2>个狂暴野蛮人且赢得至少1颗胜利之星。
c443e123df80752c,TID_CLANGAMES_TASK_INFO_DESTROY_BB_GEMMINE,在建筑大师基地战斗中摧毁<num>个<building>。
39e2d20b08322ba2,TID_RESOURCE_CAP_FULL_DARK_ELIXIR,建造更多暗黑重油罐或升级已有的暗黑重油罐！
1821f1d3063388c6,TID_SUPER_MINER_ABILITY,终极大爆炸
6c4904656144df9b,TID_DRAW,平局
6ab5b52c23472301,TID_SCENERY_JUNGLE,幽静丛林
d19cc0236cdfaddf,TID_ALLIANCE_WAR_OBJECTIVES,部落目标
861fab13c09db23a,TID_CHARACTER_INFO_SUPER_GIANTS,两个超级巨人绝对是一加一大于二：他们身强力壮，擅长摧毁防御，有需要时还能使出绝活，砸墙开路。
eeeb6d5bd239769d,TID_TOWN_HALL_16_INFO_SHORT,释放自然之力！
8be7fd453be98cf5,TID_SHIELD_TITLE,护盾：
f2115f74cf2495f5,TID_STREAM_EVENT_CHANGED_SETTINGS,部落设置已更新
6867da15e6cc538b,TID_YOU_GOT_REWARD,您获得了：
9bda50d0b8ba689a,TID_SPELL_DAMAGE,总伤害：<number>
7db2219c0e6b28d1,TID_NEWS_UPDATE_TEXT,* 改良了雷电、伤害药水、地震与冰冻法术！\n* 10级大本营可解锁7级雷电法术和25块全新的城墙哦！\n* 总摧毁程度现在成为了部落对战的胜负标准：从现在起，如果部落对战结束时双方所获胜利之星数量相等，在最佳攻击中总摧毁程度更高的部落将赢得对战胜利！
a4fd6d517ed60c7f,TID_OVERQUEUE_HELPER_SIEGE_MACHINE,当您有剩余的攻城机器容量时，这些攻城机器将会自动补充至军队！
4a264c554414a77c,TID_VILLAGE_EDIT_SUCCESS,您的村庄阵型已保存！
eae2b458c205c8cb,TID_LOCAL_NOTIFICATION_EVENT_STAR_BONUS,首领，胜利之星奖励活动开始啦！
fb86c5d851591af9,TID_ACHIEVEMENT_TOWN_HALL2_COMPLETED,建筑大师大本营当前等级：<value>
5fe7ea8244f3d0ea,TID_GEAR_TITLE_SPEEDY_SPEARS,急速药水瓶
894037b1a70cf3f4,TID_TIME_SECS,秒
999d0705a2941680,TID_BATTLEPASS_TASK_WIN_BATTLES_USING_HEAL,妙手回春
d9c86735f8771346,TID_STARTER_CLEAROBSTACLES,村庄大扫除
6848dfd2b9d79d86,TID_HINT_VILLAGE_EDIT_MODE,使用村庄编辑功能可轻松设计村庄阵型。
3df93c7ac2690d8d,TID_STARTER_UPGRADEBUILDING_INFO,在家乡村庄开始<num>座建筑的升级。
1b22d32f8cfb47d9,TID_CHALLENGE_LAYOUT,阵型
3fddbb5069c3352f,TID_DIAMOND_BUNDLE_TH10_REVISED_INFO,• 1级地狱之塔\n• <booster1>本英雄之书\n• <res0>暗黑重油\n• <booster2>瓶建筑工人药水\n\n礼包中的建筑无需花费建造时间，存放礼包中的物品不受最大储量限制！\n\n该<cffec78><value>倍超值礼包</c>只可购买\n一次，千万不要错过哦！
0c4e376fb460c557,TID_BUNDLE_UPDATE,更新特惠礼包
e8b6782c750834b0,TID_ACHIEVEMENT_VICTORY_POINTS_TITLE,战无不胜！
520b28397afe93b1,TID_BB_STAR_BONUS_POPUP_TEXT,收到的胜利之星奖励：
00aa31dfe5d609cd,TID_HINT_REBUILD_BOAT,搭乘岸边的帆船前往建筑大师基地！
d8ba2f26c048df71,TID_HINT_SPELL_LIGTHNING,雷电法术可对小范围内的建筑和军队造成伤害。
1b16a8e1d5eceee2,TID_FLAMER_INFO_SHORT,炙烤战场，是敌人的梦魇。请自带棉花糖。
d93302688d86ec33,TID_SUPERCELL_ID_BANNER_TEXT,绑定Supercell ID，妥善保护您的游戏进度，还可在多台设备上同步游戏进度！
ceb71f46df05abb3,TID_CLOCK_TOWER_UPGRADE_NOTE,提速时长增加<time>
4c79d1228e0cf786,TID_NO_CLAN,无部落
737e6b295991b556,TID_HOUSE_PART_UNLOCKED,部落营房该部分样式已解锁！
b24ee2dc0088f47c,TID_TOWNHALL_DIVIDER_TEXT,<level>级大本营
9dacd9eb85715016,TID_SETTINGS_GOOGLE,Google Play登录
234c2db691f834e0,TID_ALLIANCE_CREATE_NAME,部落名称：
b27b31f2d6bb1b52,TID_OVERVIEW_TRAIN_PREVIOUS,训练
77ecd553dda74848,TID_BOOSTER_FILL_ELIXIR_STORAGE,圣水符石
a7063348f02b514a,TID_COSMETICS_CUSTOM_TEXTURES,独特材质
73e3f3ec96a43901,TID_OVERALL_DAMAGE,摧毁率
9f7d45ee3f6c9b4e,TID_INFO_DAMAGE_TYPE_AOE,区域溅射
896edc2d20c593ce,TID_POPUP_SPEED_UP_UPGRADE_SLOWDOWN,<item>升级期间，军队训练速度会有所减慢。您是否要立即完成升级？
02611234b03c8df1,TID_BB_START_ATTACK_POPUP_TITLE,开始进攻
f2df0cce7edc4c34,TID_LINK_CANCELLED,您已取消关联。未关联任何设备。
e987c32ac44d4d84,TID_TAGS_SELECTED,已选择<num>/<max>
8b158ec333aa5e55,TID_ACHIEVEMENT_CLAN_GAMES_POINTS_COMPLETED,在部落竞赛中累计赢得积分：<value>
49962167a19aea39,TID_BUILDING_GUARD_POST,守卫岗哨
6c6b7874ac8dfcc6,TID_REPORT_DONE,感谢您的举报
c1b5d31f9adf7dbd,TID_TOWN_HALL_2_INFO_SHORT,是时候学习基础知识啦！
736e713cf1b9fed9,TID_CAPBUILD_GOBLIN_HALL,哥布林大本营
5a266d2c844daaff,TID_CHAT_RULES_WARNING,不当行为将导致账号封禁。
4513a758a139c349,TID_ACHIEVEMENT_CLEAR_OBSTACLES,移除<number>个障碍物（树木和岩石等）
37868d34012025d4,TID_BATTLEPASS_TASK_INFO_WIN_BATTLES_USING_WITCHES,在联机模式中使用女巫赢得<num>场战斗。
87e90d69bbaad4b6,TID_BUTTON_APPBANK,AppBank指南
7f4b8689bab996ff,TID_STARTER_TH5_INFO_BUILDWIZARDTOWER,建造一座法师塔并将其升至<num2>级。
4dbf219be98a98ec,TID_BP_PERK_SAVINGS_MULTIPLIER_BB,建筑大师资源箱加成
837b8008a3ac45df,TID_TOWN_HALL_6_INFO_SHORT,保重身体，好好养伤。
9ceb452baac7594f,TID_CAPITAL_PLAYGROUND_SNEAKY_ARCHERS,派出<c54a0fe>隐秘弓箭手</c>摧毁城墙后方的<cf70d16>多管加农炮</c>。
0a18780e776bbfd6,TID_CLANGAMES_TASK_INFO_WIN_STARS_VS_TOWNHALL_10,在联机模式中进攻10级大本营村庄，并赢得<num>颗胜利之星。
6969a6b9b92991a0,TID_BATTLEPASS_TASK_INFO_WIN_BATTLES_USING_VALKYRIES,在联机模式中使用瓦基丽武神赢得<num>场战斗。
a51d4d2f049be6d1,TID_TUTORIAL_ATTACK_NPC_2,干得好！现在就让我们给那些绿矮子点颜色看看！
f4068da4868ba5d4,TID_DEVICE_LINK_SUCCESFULL_OLD_NO_DEVICE,您已成功将游戏进度关联到了一台新添设备！
f74cebe373f423ba,TID_BUILDING_BOMB_TOWER,炸弹塔
66c62176cefbd06d,TID_ALLIANCE_WAR_SCOUT,侦察
f13c25ebc49be82b,TID_BP_RECEIVED,已获取黄金令牌！
612b147a474dd1eb,TID_CLANGAMES_TASK_USE_SNEAKYARCHERS,隐秘弓箭手狙击行动
203b3d8f1ccfb31d,TID_NPC_CHALLENGE_TH13_HYBRID_MINERS,两边的建筑已清理完，派出<c54a0fe>掘地矿工</c>直奔核心地带！
3fa54130d4f50af9,TID_BATTLEPASS_TASK_WIN_BATTLES_USING_DRAGON_RIDER,骑往胜利
4973a219d49ecceb,TID_GOBLIN_KING,哥布林蛮王
5802f99ef83072a0,TID_ALLIANCE_RAID_FAILED_NOT_IN_RAID,无法进攻！现在不是突袭周末。
3718e349964fb3a7,TID_ALLIANCE_WAR_MOST_EXPENSIVE_ATTACK,代价最昂贵的胜利
6ffa208f6c2377e9,TID_CONFIRM_SUPER_TROOP_PURCHASE_TITLE,确认强化？
c39cadf6f8b50fd6,TID_EVENT_BOOST_BARRACKS,圣诞优惠：任一训练营和圣水收集器加速仅需一颗宝石！活动持续到1月7日。
3777aca33806ba6d,TID_MEDAL_EVENT_HARD_CURRENCY,奖章活动硬货币
ed808d20bc994049,TID_DEFENCE_TROOP_LEVEL,部队等级：<number>
f193faa2e9a099bf,TID_MORE_HUNGRYAPP,클래시 오브 클랜 공략 및 팁을 지금 바로 공유하세요!
faeb7a186bf47594,TID_CAPITAL_GRAVEYARD_INFO,可怕的魔法让这个法术有了起死回生的魔力！\n\n战场上的部队阵亡后，骷髅召唤法术将召唤一定数量的骷髅兵，具体数量取决于阵亡部队的所需空间。如果飞行部队阵亡，则会召唤出飞行骷髅兵。
a5a5274c0bdaa651,TID_LEAGUE_CLAY2,黏土联赛2
97418ffb7b90a973,TID_SUPER_BOWLER_ABILITY_HELP,超级巨石投手扔出的巨石可以连续弹跳击中3个目标，并能造成额外溅射伤害。
2c587d5d8164e6f6,TID_TAB_ESPORTS,电竞赛事
b141bdcf173285d6,TID_PET_FROSTY_ABILITY_INFO,每隔一段时间都会生成小冰怪攻击附近的防御建筑。
6ab5a7c3f493c42d,TID_HERO_BATTLE_COPTER,战斗直升机
a547ea6a65b3f5b4,TID_LEADERBOARDBANNER_3,3）
a41e172a7fb9a5b5,TID_KUNLUN_APP_STORE_XIAOMI,小米应用商店
94f9c7408ad7c7e5,TID_WAROPTIN_TAKE,参战
82d284a03636cfe5,TID_SHADOW_KING,暗夜蛮王
4d86929286744860,TID_TRADER_CONFIRM_TEXT,购买<num>x<item>？
9bc84642383f5d71,TID_DISTRICT_GOBLIN_MINES,哥布林矿井
4538f868639e535d,TID_COSMETIC_ESTATE_3X3_WOODEN_CABIN,平顶木屋
387db9b553863fee,TID_DECO_RAZER_PROMO,雷蛇装饰
97420cca53f93b5e,TID_BATTLEPASS_TASK_WIN_STARS_USING_SKELETON_INFO,在联机模式中使用骷髅法术赢得<num>颗胜利之星。
9ffbc00d6e0fc821,TID_BP_ACTIVATE_BUTTON,获取
99fc7fb23c10bc65,TID_BP_ACTIVATE_SCID_CONFIRM,您的Supercell ID有<num>个黄金令牌。要使用其中一个来获取本赛季的黄金令牌吗？
466d2f6f3795c301,TID_NOTIFICATION_SHIELD_AND_GUARD,护盾和村庄守卫
51b07c05806c8e8b,TID_CREATOR_BOOST_SUPPORTING,正在支持：
aaa90eb20faebe9d,TID_SIEGES_FEATURE,攻城机器
7929dbfe8fa17a20,TID_CAPBUILD_SPELLLAB_HEAL,疗伤法术工厂
121e2f644bf39962,TID_CLANGAMES_TASK_USE_ELECTROFIREWIZARD,电火交加
366e7518bae02724,TID_LEGENDS_MP_PREVIOUS_DAY_TITLE,上一个联赛日
ae1134624ce464b5,TID_ALLIANCE_DEMOTE_BUTTON,降职为<role>
c8ab2372174e8cbb,TID_CLANGAMES_TASK_USE_ICE_HOUNDS,冰天雪地
5781800c7d804794,TID_PET_DIGGY_ABILITY_INFO,虽然大部分时候都躲在地底，但地兽也会钻出地面瘫痪并摧毁敌方防御建筑。
1e9be496bfe90c49,TID_NEWS_BALANCING_TITLE,
307a4af0325238c9,TID_ALLIANCE_WAR_MEMBER_STAT_DEFENCES,成功防御：
4e38a8434ec2d2ce,TID_BOOSTER_MAX_LEVEL_ARMY_STARTED,您的军队已强化！
f43b1539ea197fcf,TID_CLANGAMES_TASK_LOOT_ELIXIR,斩获圣水
f0d270ddc1ae0806,TID_HINT LEAGUE_SHUFFLING,每个联赛赛季历时一个月。
c104a2092c4f8016,TID_IAP_NOT_AVAILABLE_OLD_GOOGLE_PLAY,无法购买！Google Play商店应用程序需要升级。
66eadbb8fc44eef9,TID_EVENT_TRACK_REWARD_INFO_SPELL_NOT_AVAILABLE,临时法术不再可用
0296c2cd1ae6a536,TID_TRAP_FREEZE_SP,哥布林冰冻陷阱
97cc76d0a0a46ab4,TID_DEVICE_LINK_ERROR_GAME_CENTER,未登录苹果游戏中心(Game Center)
d98c0f5465accf31,TID_AVATAR_SEARCH_TAG_NOT_FOUND,没有找到该玩家标签所对应的村庄。
8dc20ca5aa96ad04,TID_LABORATORY_GOBLIN_HINT,我可以为您再开始一项升级！
3f072507dd6feaa3,TID_CHARACTER_ELECTRO_TITAN,雷霆泰坦
e1902ffbda4ea9dc,TID_DECO_SOCK,骷髅圣诞袜
e6c2b25d03de721a,TID_POPUP_BOOST_ALL_BARRACKS_BOOSTER,确定在<time>内将<number>个训练营和法术工厂的速度提升至原来的<multiplier>倍吗？
0595098edee65c8f,TID_SETTINGS_ON,开启
12a383dd4d4561ae,TID_CLAN_GAMES_LEADERBOARD,部落成绩：
58971bb45794482c,TID_PLAYER_MUTED,玩家已被屏蔽！
c38a147fd920c66a,TID_TENCENT_LOGIN_PROMPT_BLOCKED_NONE,根据防沉迷系统最新规则，游客登录的用户无法进行实名认证，15天内只能累计游戏1小时。\n\n要继续游戏，我们强烈建议您通过微信或QQ登录游戏以完成实名认证。
20e5e6ca10255055,TID_AVATAR_MESSAGE_TEXT_ALLIANCE_DISTRICT_LAYOUT_SCRAMBLED,您的部落子城阵型不合适，已被重置。如果再次使用不当阵型，您将面临更长时间的封禁！\n要了解更多关于不合适部落都城阵型的信息，请点击下方查看。
e9108a0d9a97187c,TID_BP_SEASON_ENDS,月度挑战剩余：
dde071b47353816c,TID_DIAMOND_BUNDLE_MAGICITEMS_BUILDING_BOOK_INFO,• <gems>宝石\n• <booster1>本建筑之书\n• 存放礼包中的物品不受最大储量限制！\n\n使用建筑之书立即完成任一建筑的升级！\n\n千万不要错过哦！
23fd357683f19974,TID_CLANGAMES_TASK_INFO_DESTROY_BB_LAVALAUNCHER,在建筑大师基地战斗中摧毁<num>个<building>。
7aec7500f1a722d8,TID_NEWS_TH11_UPDATE_OVERVIEW_TEXT,• 11级大本营炫酷登场！哇喔!\n• 大守护者和天鹰火炮：有史以来最强大的战术大师和战略武器！\n• 全新军队等级、防御建筑等级和部落法术增援\n• 护盾保护期间您可以随时发动攻击，不过要保护好大本营！\n• 在护盾失效时，村庄守卫会保护你的村庄免受袭击，让你的村庄更安全\n• 哥布林现在会去大本营获取资源，更丰厚的联赛奖励以及奖杯奖励等精彩内容！
91b655489197ca02,TID_ALLIANCE_WAR_EVENT_WAR_STARTED,战争已开始
9ab77643d7bfd4b9,TID_SHADOW_CHAMPION,暗夜战神
026a6e4a5ed74132,TID_TUTORIAL_OUTPOST_INTRO_4,......
40599ebdbed0cb6c,TID_YOUR_TROOPS,您的部队
f26ee61cb56f65b9,TID_SUGGESTED_PLAYERS_ABOUT_TEXT,系统每天会根据各种因素来评估并推荐适合加入您部落的玩家，且仅显示近期启用了\q寻找部落\q功能的玩家。\n\n部分考量因素包括：\n- 进攻、增援和聊天等方面的活跃程度。\n- 位置、语言以及主要游戏时段。\n\n部落设置也会影响推荐结果，且仅显示符合部落设置标准的玩家。这些标准是：\n- 加入所需最低大本营等级\n- 加入所需最低奖杯数（家乡村庄和建筑大师基地）\n更改部落设置不会立即影响推荐玩家名单。
180e39760abf3961,TID_GOOGLE_PLAY_ACHIEVEMENTS,成就
67a9441a9f64abc0,TID_PRESET_INFO,创建军队配置，快捷训练军队！
facd662c98fba8b1,TID_CHALLENGE_FAIL_RESTRICTED,无法发起挑战。
95f39515ca12db60,TID_BOOSTER_MAX_LEVEL_ARMY,力量药水
54f6a92816475adc,TID_CAPBUILD_BARRACKS_MEGA_SPARKY_INFO,闪电反复击中玻璃球，于是就有了这台超级电磁炮。这足以让经过的人毛发悚立。
9930172e3c053b7b,TID_LEAGUE_EMERALD1,绿宝石联赛1
dbc6f2c9516600ee,TID_PREPARATION_DAY_DURATION,准备阶段
2463bd923b6d3080,TID_BATTLEPASS_TASK_INFO_USE_MINIONS,在联机模式中使用亡灵赢得<num>颗胜利之星。
4cb1f062bc10f2ec,TID_CAULDRON_REWARD_INFO2,活动结束后您将获得装饰奖励——酸腐圣水坩埚
56e9e4513baa6c49,TID_MAX_MEDALS,总奖章
cd704124bc83aff9,TID_BATTLEPASS_TASK_INFO_WIN_BATTLES_USING_LAVAHOUNDS,在联机模式中使用熔岩猎犬赢得<num>场战斗。
1d2523e6210a85fe,TID_CONFIRM_SCENERY_PURCHASE_TEXT,确定获取<name>场景吗？
6b37198a11f8ab16,TID_ALLIANCE_WAR_STAT_ATTACKS,已进攻的次数
5a48b3da131e1ad9,TID_BATTLEPASS_TASK_WIN_BATTLES_USING_JUMP_INFO,在联机模式中使用弹跳法术赢得<num>场战斗。
64400bbe6ace8b4d,TID_LAYOUTS_EMPTY_SLOT,空闲
84a99b4306b8117b,TID_CLANGAMES_TASK_DESTROY_BB_ELIXIRSTORAGE,掏空圣水瓶
bb68b7dda32af456,TID_RAID_WEEKEND_CLAN_PROMOTION,<clan>已晋级
1c55c8e70436593f,TID_BUTTON_SELECT_SKIN,选择
ce6caa1ccb1952c5,TID_FEATURE_CLAN_WARS,部落对战
8065b2c865c67f26,TID_LEGENDS_CANNOT_ATTACK_DAY_END_TOO_SOON,联赛日即将结束，无法进攻！
524bcc7cc3164c4c,TID_GEAR_INFO_FROZEN_ARROW,冰封箭矢会减缓被命中目标的速度
dc8177e1c30eab04,TID_LOCAL_NOTIFICATION_UPGRADE_READY,<item>已升至<level>级
7e9b55b71199c725,TID_ERROR_POP_UP_PURCHASE_FAILED_TITLE,购买失败
345d70b48fe9e9e5,TID_BUILDING_TOWN_HALL2,建筑大师大本营
3d72ee2d6c79136b,TID_BP_AUTO_REWARDS_TITLE,赛季奖励已收集
7e0a0069faf20e4c,TID_STARTER_TH4_UPGRADEBARRACKS,巩固训练营
f5fbcc0cb54a6e9b,TID_EVENT_TITLE_REGULAR_THEMED_BATTLE_TH0212,战场历练
8700e28f06e40da3,TID_PLAYER_REPORTED_SUCCESSFULLY,已举报该玩家！
9ba7fab61dac6e57,TID_ACHIEVEMENT_PEKKA_SLAYER,在单人模式关卡\q皮卡妈妈大暴走\q中击败皮卡妈妈
2cbe9280f5cb6dfe,TID_SECOND_STAGE_FEATURE,深度探索
b8d47aff18c316b6,TID_TRAP_SHRINK_INFO,这个陷阱中装着女巫诅咒过的药水，触发后会使范围内的敌军体型变小，暂时降低他们的生命值和伤害，并让他们看起来萌萌哒。厉害啦！
f2b12c1effa78ad9,TID_LEAGUE_SILVER2_SHORT,银杯2
f545b30af803260c,TID_UPGRADE_INFO_HOUSING,<old>每个兵营可容纳的部队数量 (+<num>)
52578392105067ab,TID_PET_DESCRIPTION,英雄战宠，强强联手！
b2c7b8dc7cbcf1b7,TID_POPUP_FORGE_TITLE,配制法术：<limit>
95778e2be66d4c54,TID_BOOSTER_FINISH_TROOP_UPGRADE_OFFER_INFO,<num>本战斗之书，可立即完成任一正在进行的部队升级
e7da3a2d57e341f8,TID_FREE_NAME_CHANGE_INTRO_TEXT,您只有一次免费更改名称的机会，请谨慎使用。以后再次更改名称需要花费宝石。
b2b7361d6cb8a10d,TID_TRAINING_SCREEN_TAB_PRESETS,一键训练
9ff428e6f6c6ec0f,TID_BOOSTER_SUPER_POTION_OFFER_INFO,<num>瓶超级药水 - 可将一个普通兵种强化为对应的超级兵种，强化有效时间为3天
27a86b4b35e0567e,TID_OBSTACLE_HALLOWEEN2018,女巫帽
a8751be165df6d08,TID_CAPBUILD_CRUSHER,撼地巨石
bedf4903550098c1,TID_BUTTON_ATTACK_MODE_NORMAL,标准模式
bccd564dfc967628,TID_CHARACTER_TREANT,根蔓骑士
0acb94909144690b,TID_STREAM_ENTRY_AGE,<time>前
4fcf6591fd6d0078,TID_POPUP_BOOSTER_FILL_STORAGE,确定要使用<booster>补充<num><res>吗？
1366d4d5a707c237,TID_BOOSTER_FREE_HERO_UPGRADE_INFO,挥舞这把魔法锤即可将任一英雄或战宠立即升至更高一级。在家乡和建筑大师基地都可使用！
615ab5d2c619b5b1,TID_LOCAL_NOTIFICATION_LABORATORY_UPGRADE_DONE,<item>已升至<level>级
c017652958296c6c,TID_SCOUT_PREP_DAY_INFO,敌军战争基地阵型在战斗日可显示
7cc73df65d3a245a,TID_BP_PERK_SAVINGS_MULTIPLIER_BB_DESC,存入建筑大师资源箱中的资源数量为所获得战利品的<num>倍。
0c9d2d96d11c955a,TID_CLANGAMES_TASK_INFO_DESTROY_BB_MEGATESLA,在建筑大师基地战斗中摧毁<num>个<building>。
23cffcbc114b59af,TID_WELCOME_BACK_SUBTITLE,您离开村庄的这段时间里......
7fcccce3e0f44f2a,TID_TOWN_HALL_3_INFO_SHORT,发展升级、并肩作战、不断变强。
96628d15a8fd7f8c,TID_SHOP_CATEGORY_TREASURE,宝藏
6dcff361df7a40d3,TID_SUPPORT_CREATOR_INFO,输入创作者代码，支持内容创作者！
ec4e56f98abf230d,TID_NEWS_ACCOUNT_TRANSFER_TEXT,还在担心村庄丢失吗？还在担心无法正常购买宝石吗？还在担心无法获得官方客服支持吗？快快将您的游戏转换为官方安卓版吧，这样您遇到的以上问题都将迎刃而解了！如何转移，请点击右方\q查看教程\q按钮。
ab9d109ab8d58ea2,TID_RAID_SIGNUP_ERROR_EVENT_NOT_ACTIVE,无法报名，突袭周末还未开始。
3688ddc0cf36f8d4,TID_CAPITAL_RESOURCE_FULL,存储空间不足！
e744fc59f104212a,TID_CHARACTER_INFO_AD_SEEKER_WITH_EXPLOSION,这些暴躁的猛兽会不由自主地寻找防空火箭，为其他部队提供绝佳的保护。被摧毁后，它们会分裂成多个体型和威胁都更小的迷你熔岩犬。
97c76678465ecd17,TID_BATTLEPASS_TASK_WIN_BATTLES_USING_VALKYRIES,旋风过境
11d4ed7872dfe2f7,TID_TRAP_CAP_REACHED,您建造的陷阱数量已经达到最大值。
83221471fa1b8b42,TID_WARS_WON,对战胜利
726a7dfbd7031433,TID_TUTORIAL_FAILED,出错了，请重新开始再试一次吧！
5b591c0e5460b956,TID_CAPBUILD_SPELLLAB_LIGHTNING_INFO,配制一桶桶雷电法术。别靠近它，否则头发会炸，运气会差。
5bc764c84e8d2970,TID_ELECTROFIRE_WIZARD,电火法师
4a37a805d2cef821,TID_SIGN_TITLE,建筑工人备忘录
c04398672aa35cfa,TID_INVITE_BUTTON,邀请
7ef93c0f509bbbec,TID_BOOSTER_PET_POTION_OFFER_INFO,<num>瓶战宠药水 - 战宠的升级速度提升至原来的<multiplier>倍，持续<time>。
b53871ba206e92ee,TID_NAME_CHANGE_TH_LEVEL_TOO_LOW,从<level>级大本营开始可以更改名称
5d0321d6a8bd614d,TID_DECORATION_BK_STATUE,超级英雄雕像
538e183ff5258721,TID_BATTLEPASS_TASK_INFO_WIN_BATTLES_USING_LOONS,在联机模式中使用气球兵赢得<num>场战斗。
8574e69bf40f19df,TID_BATTLE_INBOX,收件箱
e0156ca443171968,TID_ACCONT_LOCKED_TEXT,出于安全原因，您的账号已被锁定。请输入解锁代码恢复您的账号。
03439e4c6ab657e0,TID_NEXT,下一页
831a2cd49d0dba35,TID_NEWS_ACCOUNT_TRANSFER,获取《部落冲突》中文官方安卓版本！
1716e1a8aaa37741,TID_DARK_ELIXIR,暗黑重油
0778fc6e37833bc5,TID_SUMMON_SPEED,部署速度：<number>
b9d98a991048fd06,TID_STARTER_TH2_INFO_UPGRADEBARRACKS,建造<num>个训练营并将其升至<num2>级。
85e864dfa884384a,TID_TUTORIAL_LOOK_LABORATORY,我是一个建筑大师。想看看我最喜欢的建筑吗？它能赋予部队特殊技能！
a72cedd580121519,TID_BOOSTER_BOOST_PRODUCTION_OFFER_INFO,<num>瓶训练药水，可在<time>内提高部队训练速度、法术配制速度、攻城机器建造速度和英雄恢复速度
e7467e92b9efd44d,TID_ANNIVERSARY_TITLE,《部落冲突》10年征程
7b482995959b9c41,TID_WIZARD2,寒冰法师
0889adc30ef8f834,TID_NPC_CHALLENGE_TH8_GOWIVA_POISON,使用<ce98714>伤害药水法术</c>减缓<cf70d16>敌军气球兵</c>的移动和攻击速度。
6a528839d17d83ea,TID_FAMILY_FRIENDLY_ENABLE_POPUP,全年龄部落通过更严格的聊天过滤机制来确保玩家安全。请注意：之后您将无法更改此设置。
802ed891962f1bc5,TID_DIAMOND_BUNDLE_BH8_INFO_ALT,• <gems>宝石\n• <res0>圣水\n• <res1>金币\n\n存放礼包中的资源不受最大储量限制！\n\n该<cffec78><value>倍超值礼包</c>只可购买\n一次，千万不要错过哦！
b2d54214a5d974d8,TID_ABOUT_TITLE,关于
36b130ce8af0e275,TID_DECORATION_CLASHMAS_22,欢乐雪橇
9fb3dac2233fb8b3,TID_CAPBUILD_GUARDPOST_CART,突袭炮车岗哨
612c1fb4d12fc6d2,TID_BUILDER,建筑工人：
b2fb2aa3f9653584,TID_CLANGAMES_TASK_INFO_USE_ELECTRODRAGON,在联机模式中赢得<num>颗胜利之星，每场战斗需使用<num2>条雷电飞龙。
348c440564913d40,TID_BUY_RESOURCE_PACK_HEADER,购买<resource>吗？
e8ac9d2733e5e09b,TID_TENCENT_RETURN,返回
c0f31d76528e9be4,TID_ARTILLERY_INFO,天鹰火炮的攻击范围几乎覆盖了地图的每个角落，它发射的火炮可以对汹汹而来的敌方部队造成溅射伤害。然而，只有大规模的部队才会触发天鹰火炮。
67c799581bbf776c,TID_DIAMOND_BUNDLE_TH11_UPDATED_INFO,• 1级天鹰火炮\n• 大守护者\n• <res0>暗黑重油\n\n礼包中的建筑无需花费建造时间，存放礼包中的物品不受最大储量限制！\n\n该<cffec78><value>倍超值礼包</c>只可购买\n一次，千万不要错过哦！
3db26594317f8cc0,TID_PTE_REWARD_LOCKED_NEED_PREMIUM,您需获得活动令牌才能解锁该奖励。
61ca6694a3937e4c,TID_NPC_CHALLENGE_TH7_DRAGON_DRAGONS1,派出<c54a0fe>飞龙</c>清理外围建筑。
b98c9d21d4c698cf,TID_CLANGAMES_TASK_BEAT_GOLDTARGET,金币挑战
ad51e923d70931ce,TID_HINT_CLAN_GAMES,带领部落加入部落竞赛、完成各项挑战，和您的部落成员一起赢取超赞奖励！
e330f34658a76a2d,TID_CLANGAMES_TASK_INFO_USE_SIEGE_BARRACKS,在联机模式中赢得<num>颗胜利之星，每场战斗需使用<num2>个攻城训练营。
86e21affca162d19,TID_POPUP_ANDROID_EXIT,确定退出游戏？
a8abfe2062e9b7b1,TID_TEST_PACK_RES_V2,资源2的测试包
312e0a7dcf3ac98f,TID_INVALID_DESCRIPTION,此部落描述无效，请修改。
35bc6d788b26c634,TID_CHARACTER_INFO_HEADHUNTER_SHORT,专门对付敌方英雄！
4e65e7263d177bc2,TID_SUPER_TROOP_BOOSTS_NEEDED_TITLE,需启用超级部队
a69b3fb4215413c5,TID_TUTORIAL_DEFEND_1,注意！哥布林听令，进攻！
490899952bb45986,TID_CHARACTER_MECHA_DRAGON,龙骑士
7ede2f82f82c4884,TID_STARTER_TH5_DESTROYANY,尽情摧毁
743bf71e6379a515,TID_LOCAL_NOTIFICATION_EVENT_SPECIAL_TROOP,首领，特殊兵种的限时活动开始啦！
ed02422550afff80,TID_BIRTHDAY_SPELL,生日大爆炸
1484d7186a534cfe,TID_WL_TAB_BRACKET_LEADERBOARD,小组
6e18d6a287e680ea,TID_TUTORIAL_GOLD_STORAGE_1,我们还要一个安全的地方来储藏金币。
8b044ec4d8efe4b8,TID_TOWN_HALL_9_INFO_SHORT,骷髅多多，法术多多，乐趣多多！
4d08c55c593ac434,TID_DEVICE_LINK_ERROR_CODE_ERROR_2,出现问题。请重试！
7f2b051e48ef6063,TID_CLAN_WAR_FREQ_LESS_THAN_ONCE_WEEKLY,很少
2fa638b22e674630,TID_SPELL_STORAGE_CAPACITY,法术存储容量：<number>
7deb4775c810ecc8,TID_SUPER_MINION_ABILITY_HELP,超级亡灵的前<num>次攻击为远距离攻击。
38cff2d23e458c04,TID_STARBONUS_WINDOW_AWARD,已收到胜利之星奖励！
5a9ddfb3e21e1e1e,TID_ALL_SPELLS_USED,所有法术已用完
0113c124f179da5e,TID_WAR_DONATE_SPECTATOR,观战的玩家不能捐兵！
af4bacad29d9e416,TID_TRAINING_SPELLS_INFO,法术将在大本营达到5级时解锁
e5764cc7a2c9bcb7,TID_LINK_DEVICES_ENTER_CODE_KUNLUN_TEXT,您可通过登录原有村庄，点击\q设置 - 关联另一设备/账号\q来获得村庄的关联代码。查看我们的教程以获得详细的指导说明。
9fb16850939241f6,TID_DECO_BOULDER,巨石
61c0c7f18329c4bd,TID_LAST_ONLINE_MULTIPLE_DAYS_AGO,<num>天前登录过
3064d650fa9f13de,TID_DISTRICT_CHALLENGE_DEFAULT_INPUT,你能攻破这个子城吗？
85328b8a897e844f,TID_WAR_ATTACK_CONFIRM_SIEGE_MACHINE_TEXT,攻城机器：<number>
12726ed2de186bea,TID_CAPBUILD_BARRACKS_INFERNO_DRAGON,地狱飞龙训练营
4ba0cbb75019715b,TID_CLANGAMES_TASK_DESTROY_BB_CANNON,捣毁加农炮
2b6d42171bdc8165,TID_CAPITAL_RAID_INVALID_TARGET,您无法进攻该子城
a01e583d9332513c,TID_PET_RANGEDATTACKER,闪枭
62fae5a456b216fe,TID_DIAMOND_BUNDLE_MAGICITEMS_TRAINING_POTION_INFO,• <gems>宝石\n• <booster1>瓶训练药水\n• 存放礼包中的物品不受最大储量限制！\n\n提高部队训练速度、法术配制速度和英雄恢复速度！\n\n千万不要错过哦！
3f7fd5911d9827f4,TID_NEWS_UPDATE_LEGEND_LEAGUE_TITLE,
f2206a47e71caf02,TID_NPC45,极度恐惧
886bbc6e9a7ed888,TID_LEGEND_SEASON_INFO,完成传奇杯联赛赛季，您的最终排名将显示在您的玩家简介中。
8db4c7146e745099,TID_CAPBUILD_BARRACKS_WIZARD,超级法师训练营
30b1168a95cf690f,TID_DIAMOND_BUNDLE_HERO,英雄
6dfb7594e520e1f4,TID_CHARACTER_FIRECRACKER,烟花炮手
a001aa558b619b73,TID_BUTTON_UPGRADE,升级
e441cd7630151838,TID_CLAN_GAMES_GET_REWARDS_AFTER_END,竞赛结束后可领取奖励。
dcdec69cae7a74f5,TID_PART_HOUSE_DECO,部落营房装饰
9276d66e18da0fc6,TID_START_RAID,发起突袭
a33128cf98b494fd,TID_REENGAGEMENT_DAILYCALENDAR_2,首领，您每天回到游戏都可获取奖励。
5bb2e9aefc6070d0,TID_PLUS_ONE_CLAN_STAR,胜利之星+1
6d94dabdf75b54e8,TID_WAR_RESULTS_INFO_FRIENDLYWAR_ADDITION,部落对战结束时，资源奖励会送至您的宝库。战争获胜的一方还可获得可观的部落经验值。在战争结束后的一段时间内，您可以查看战争结果和战斗回放。您还可以在部落对战日志上查看更早的战争记录！\n\n注意：部落友谊战不提供战利品和部落经验值。
c37c8dad01ff3b81,TID_ADD_FRIENDS_INFO_ANDROID,Google Play好友马上就到！
0e76424b7c86798f,TID_INVALID_PLACEMENT,您不能在红线范围内派遣部队！
f6b7033f79a52c14,TID_CHARACTER_INFO_SIEGE_MACHINE_LOG_LAUNCHER,虽然攻城滚木车不是最快也不是最牢固的，但它绝对会让人疲于应付。攻城滚木车会不断抛出滚木，碾平路径上的一切，扫清通往敌军大本营的道路。法术对攻城滚木车无效。
a455747ae3bfd99b,TID_BUILDING_CLASS_WALL,城墙
1d5492ff8201ef7e,TID_CHARACTER_INFO_SKELETON3,这些不死生物独自行动时并不具备什么威胁，但它们从不单打独斗，而是成群结队，并肩作战！
c79c6b3ac87aaa61,TID_MOUNTAIN_GOLEM_INFO,这座高山可能移动起来慢得像蜗牛，但不要小瞧了它那矿化之后的石手。高山戈仑能轻松碾压敌人，这就是......呃......高山的力量，就这么简单。
a08fc4f284d08b4f,TID_DEFENCE_LOG,防守日志
d4240d52b6627211,TID_FRIEND_LIST_ITEM_SENT,已发送好友请求
95ec88ab9db52c60,TID_ENDOFSUMMER_OFFER_INFO_TH0712_1999,• <res0>暗黑重油\n• <booster1>本英雄之书，可用于立即完成任一正在进行的英雄升级\n• <res1>金币\n• <res2>圣水\n\n• 存放礼包中的物品不受最大储量限制！\n• 该礼包可购买5次！\n\n限时礼包，不要错过哦！
965c2117f33a4dd4,TID_WL_BREAK_DAY,休战回合
a84c107fc38a4abf,TID_SPEEDUP_INFO,即使最笨重的兵种也能加点速了！\n\n急速法术虽不像狂暴法术能提升伤害，但却可以更好地提升移动速度。它占用空间小，您可以将更多急速法术带到战场之中！
0be4fd45cf9bf271,TID_HINT_GEAR_UP,点击家乡的防御建筑找找\q改装\q按钮，让建筑大师为这些建筑进行特殊升级！
b177e248f64a498e,TID_CHALLENGE_CANCELLED,挑战已失效！
b5859e73ffb97d39,TID_DECO_RUINED_PILLAR,破败石柱
387bb0e85510eaf8,TID_TRAINING_WARRIORS,战士：
43e883de15b6de16,TID_BUILDING_GIANT_CANNON,巨型加农炮
8587d8c026da0fc7,TID_CLANGAMES_TASK_INFO_WIN_BATTLES_USING_HEADHUNTER,在联机模式中赢得<num>场战斗，每场战斗需使用<num2>个英雄猎手。
9e8e1faaaaec7832,TID_GOOGLE_PLAY_KUNLUN_LOAD_VILLAGE_TITLE,加载村庄
303848254248954b,TID_POPUP_CANCEL_CLEAR,确定停止移除<item>？
056825bbb6a19d4a,TID_PRESTIGE_VERSUS_TROPHIES,荣誉
f8a295066a510bf7,TID_LINK_SAME_PLATFORM,要在多台iOS设备上玩同一个村庄，请确保您已在本台设备上登录苹果游戏中心(Game Center)。\n\n然后，请在另一台苹果设备上登录此Game Center账号。您的游戏进度将会自动同步。
d46df72b4d18da27,TID_PLAYER_ALREADY_REPORTED,您已经举报过这位玩家了！
5df509a0ba77ab8d,TID_HINT_STORAGES_SPELL_IMMUNITY,所有资源仓库均免疫法术伤害！
2e0a85eb0d5204a9,TID_LOCAL_NOTIFICATION_BUILDING_READY,<item>建造完毕
49166f9921fec5f4,TID_TROOP_UPGRADE_ALREADY_ONGOING,升级正在进行中。
1bad6c55020b0191,TID_ALLIANCE_DATA_FAILED_LOAD_FAILED,无法加载部落信息。\n\n请稍后重试。
726a37fcba91b48d,TID_CHARACTER_INFO_SUPER_CHARGED_PEKKA,这件强大的暗黑盔甲不断辐射出不稳定的能量，这些能量随时都可能挣脱盔甲的束缚！
0547480bb83b5394,TID_LEAGUE_KING,联赛蛮王
7daa7206ee362dbb,TID_ACHIEVEMENT_DONATE_UNITS,向部落成员派出<number>空间援兵
c2ff29915daf470c,TID_NPC_WARDEN_HEALTH_LOW,<c9916c8>大守护者</c>的生命值在减少，快激活他的技能！
540246578805ba74,TID_MOVE_MASTER_BUILDER_CONFIRMATION_TITLE,准备出发？
9e1faa71c0057bf6,TID_DIAMOND_BUNDLE_MAGICITEMS_HERO_BOOK,英雄之书礼包
42b38ce242cb497d,TID_CLANGAMES_TASK_INFO_DESTROY_WARDENALTARS,在联机模式中摧毁<num>个大守护者王座。
837ad9604d87cca1,TID_SUMMER_WARDEN,夏日守护者
2aa89f80ebe23d92,TID_LOCAL_NOTIFICATION_EVENT_HAMMERJAM_PACK2,首领，商店中推出了特别的更新礼包，快来看看吧！
66229649bfca9d9e,TID_BOOSTER_FILL_DARK_ELIXIR_STORAGE_ALT_2_LINE,暗黑重油符石
996a80596f6efcd3,TID_LAYOUTS_WARBASE_INFO,注意：在战斗日编辑正在使用的战争基地阵型时，修改后的阵型只能在下次对战时生效。
6da7846056922b0e,TID_SETTINGS_MUSIC,音乐
3bdf1bf0890987e8,TID_KUNLUN_APP_STORE_ANZHI,安智市场
9b1f5897ca5c2e74,TID_NEWS_CHALLENGE_PREVIEW_BUTTON,查看更多
dd06026de100eca1,TID_LEAGUE_DIAMOND_SHORT,钻石
b95c137279d91b00,TID_LOG_BUTTON,战斗日志
0ad2ec5f10078abe,TID_TUTORIAL_SHOW_STAGE_2_3,我还在里面建造了一些东西，让它看起来像个家。
b45a203a055d2f3c,TID_NEWS_JUNE_V1_BALANCING_TITLE,家乡升级闪击战
97400096cf28a7a8,TID_PROMOTE_POPUP_TITLE,恭喜您，您升级到更高一级联赛了！
e8a595340e8221b5,TID_CLAN_CAPITAL_TROPHIES,都城奖杯：
dce9623d58fd2c55,TID_CLANGAMES_TASK_USE_CANNONCARTS,加农炮战车漫游记
d9728e452e2b2b8a,TID_NPC_CHALLENGE_TH11_LAVALOON_KING_ABILITY,在野蛮人之王被击败之前激活他的<c9916c8>英雄技能</c>。
61cadaa215710136,TID_LOCAL_NOTIFICATION_EVENT_ARMY_DISCOUNT,首领，特殊兵种活动开始啦！
68f35704a0f007a0,TID_HINT_HEALER_INFO,天使只能治疗地面部队，不能攻击敌人。
1e14bcfce3863cfc,TID_CHARACTER_INFO_SIEGE_MACHINE_LOG_LAUNCHER_SHORT,不断抛出滚木，一根接一根。
3f3ae251144cf37f,TID_CASTLE_FULL,城堡已满
62a0217bc991ba25,TID_ACHIEVEMENT_DESTROY_SPELL_TOWER,在联机模式中摧毁<number>座法术塔。
e59cbe55d03b2a1f,TID_HINT_DEFENSE,运筹帷幄，攻防兼备才是最明智的！
af24bee102f01488,TID_ELECTROFIRE_WIZ_ELECTRO_MODE_UPGRADE_INFO,电击模式下，对每个目标造成的每秒伤害为<num>
84838a1de025fe7f,TID_STARTER_TH2_UPGRADEELXIR,圣水泉涌
afa6c73c5cc768db,TID_BATTLEPASS_TASK_INFO_USE_HOGGLIDERS,在建筑大师基地战斗中使用野猪飞骑赢得<num>颗胜利之星。
ecc0292428fdd230,TID_FIND_CLAN_BUTTON,查找部落
12ccf2174965320f,TID_NPC_CHALLENGE_TH10_BOBAT_ARCHER_QUEEN,部署<c9916c8>弓箭女皇</c>摧毁两座<cf70d16>法师塔</c>，保护接下来上场的<c54a0fe>蝙蝠</c>。
8868a254854a66a1,TID_FLYING_FORTRESS_ABILITY_NAME,空降骷髅
5a8cc3b7b5ba31b6,TID_GHOST_QUEEN,幽灵女皇
5607d333d9f7d569,TID_NPC_CHALLENGE_TH11_LAVALOON_ICE_GOLEM,派出<c54a0fe>戈仑冰人</c>，利用它的阵亡附加效果冻住附近大部分防御建筑。
40a805dc0dfd09a0,TID_ARROW_TRAP,投矛陷阱
4d64d90b40adee29,TID_LEAGUE_MASTER2_SHORT,大师杯2
fa72fd6c9618b760,TID_MULTIDEVICE_INFO_ANDROID,登录Supercell ID保护您的游戏进度，并可在多台设备上同步您的游戏进度。
7d5ecfaaa60960d4,TID_SPRING_SIZE_FOR_UNIT,弹射重量：
0b13f4616922dd3c,TID_FRIENDLY_WAR_CHOOSE_NEW_LAYOUT,选择新的友谊战阵型
758d4b6eca2a79fc,TID_DECO_SCARECROW,南瓜头稻草人
b9f13b9c1906f635,TID_ALLIANCE_WAR_LAST_MOMENT_EVENT,最后时刻！
f960d7f4f9171dec,TID_NATIVE_DIALOG_TENCENT_ACCOUNT_CONFLICT_TITLE,账号冲突
0d04080d4036e0a0,TID_BB_START_ATTACK_ALL_BUILDINGS_READY,所有防御准备就绪
48b24dc39e7edc90,TID_BP_PERK_TRAINING_BOOST_DESC,训练部队、配制法术和建造攻城机器所需时间减少<num>%，英雄恢复所需时间减少<num>%。
d9516975b4b7e597,TID_CLANGAMES_TASK_DESTROY_BB_OUTPOST,奥仔哨站破坏者
0cf742b96c43be2f,TID_MISSION_SCREEN_TITLE,任务
b744c7f9018b33f7,TID_ACHIEVEMENT_LEAGUE_TITLE,联赛明星
59b62e435364e60a,TID_TUTORIAL_SELF_DONATING_3,如果其他部落成员都在休息，这些奖章就能派上用场啦。
ff7c0400623a601c,TID_DEVICE_LINK_ERROR_BOTH_HAVE_OPEN_ID,要在多台设备上玩同一个村庄，请确保您已在本台设备上登录微信或QQ账号。\n\n然后，请在另一台设备登录同一个微信或QQ账号。您的游戏进度将会自动同步。
64014608595f0206,TID_ERROR_POP_UP_PERSONAL_BREAK_MULTIPLE_FINAL,您的在线时间已多次延长，现在将重置。保护您的大本营，并提高奖杯数量，可以有效地减少被强制下线的次数。
c6178165c414684d,TID_OBSTACLE_CNY2021,鸿运盆栽
96d00cb1d6d0aa8d,TID_HINT_AIR_DEFENSE_TARGET,防空火箭只会攻击空中目标。
7e0ac7d4952fd6c1,TID_HINT_ROYAL_CHAMPION,飞盾战神能够跳过城墙，直接向敌方防御建筑发起进攻！
59dffe75cfe35ad5,TID_DECORATION_10_YEAR_FOUNTAIN,十周年喷泉
ad22cd5cde27405e,TID_STARTER_INFO_SECUREACCOUNT,绑定社交账号，保护您的村庄！
f6dc8a451568ae82,TID_ACHIEVEMENT_SCID_BOUND_TITLE,将游戏绑定至Supercell ID以妥善保护您的游戏进度
fee243c1f0d5684b,TID_TRAINING_SCREEN_TAB_SPELLS,配制法术
429dae79052fc2ab,TID_HOUSING_VILLAGE2,每个兵营可容纳：
e0515d6bc2837846,TID_EDIT_MODE_REMOVE_ALL_BUTTON,移除全部
b5b2be3fce55d0e9,TID_HINT_SHIELD_SINGLE_PLAYER,攻打哥布林部落（单人模式）不会导致护盾失效。
910bdaac8033bdc6,TID_ALLIANCE_GAMES_ABOUT_TASKS_HEADER,什么是挑战？
7be8f003504dee2d,TID_BUILDING_UNDER_CONSTRUCTION,<building>正在建造中！
6dee50ecbb37acad,TID_WL_NORMAL_WAR_AVAILABLE_TEXT,至少需要15名部落成员。未加入联赛的部落可在联赛报名结束后开启常规的部落对战。
a81971c0361a68c8,TID_CLANGAMES_TASK_USE_ICEGOLEMS,冰临城下
870080d8669b7a97,TID_CLANPERK_DESC_TROOP_REQUEST,请求部落增援的等待时间：
42752f4c68e3dd98,TID_AIR_DEFENSE_SMALL_INFO,发射一连串的小型火箭来驱赶\q飞虫\q！就像灭虫器一样，但它的造型更加美观。
6614d3712aa3583e,TID_LAYOUTS_OBSTRUCTED,需首先清除一些障碍
0e4d117b4fde9ce4,TID_NAME_CHANGED_SUCCESS,您的名称已更改！
7aac6977f067bbec,TID_TUTORIAL_ELIXIR_1,圣水可以用来建造和升级建筑。
ab5e18c1bc333484,TID_STREAM_BUTTON_SCOUT,侦察
a03aaddcc291235f,TID_TUTORIAL_REINFORCEMENT_CAMP_INTRO_1,我觉得要进攻两个区域还是挺难的。
7fd6db77e3dc2b3f,TID_LINK_TARGET_DEVICE_TYPE,目标设备
f64a366881825c7d,TID_CLANGAMES_TASK_WIN_STARS_VS_TOWNHALL_14,强袭14本
bde2d94d40057050,TID_INFO_TAGS,添加个性标签，让志同道合的玩家找到您的部落，和您一起并肩作战！
601b819927633cd2,TID_CLAN_GAMES_THEME_WINTER,冬季竞赛
5a96161155107e7a,TID_SCID_PURCHASE_DELIVERED_TITLE,订单已到账
75723d75464b76d2,TID_ERROR_POP_UP_WRONG_CLIENT_VERSION,好消息！现在可以下载新版本了。
a4d0f2c37801a2f5,TID_CHARACTER_INFO_BABY_DRAGON2,飞龙宝宝可爱又温暖，一发脾气就喜欢喷射火焰。没有哪个爱搞破坏的家伙能有它这么可爱。
2c92daa0b7ebdd08,TID_MEMBERS_SORTED_BY_REPUTATION,按声誉
0ddf8a880c5eceb9,TID_HINT_WARLOCK_INFO_1,虽然女巫自身的远程攻击能力较弱，但她召唤的骷髅勇士们可以无情地撕开敌人的防线。
80f1e6c42dcc22c7,TID_GEAR_GIANT_GAUNTLET,巨型手套
5cf1eb2251f7eb08,TID_GEAR_TITLE_LIFE_GEM,生命宝石
0cd3bf5a9405d9ee,TID_SETTINGS_DARK_CLOUDS_INFO,将该功能设置为\q开启\q后，搜索对手时的白云效果将换成乌云效果。
f2c2db448b915aca,TID_DECORATION_DRAGON_STATUE,飞龙雕像
5e1824506e9f6b6d,TID_ALLIANCE_CREATE_TROPHY_COUNT,加入所需最低奖杯数：
3425697d788a3176,TID_STREAM_EVENT_STARTED_WAR,已开始搜索部落对战对手
e53d6b9c1a4aa335,TID_CAPBUILD_BARRACKS_HOG_RIDER_INFO,屋子里的尖叫声就没停过，我猜野猪骑士和野猪飞骑都很高兴见到彼此吧。
fadfb7a0f47baf4a,TID_CLANBADGE_LAYER_0,背景
e94549470bb256ad,TID_ALLIANCE_WAR_WIN_XP,战争获胜便可获得<xpnum>点部落经验值奖励！
cf2bfc607debc47e,TID_SHIELD_POPUP_SHIELD_TIP,我们安全了，至少目前如此。放松一下或发起进攻！
78909505f6b219ad,TID_ALLIANCE_WAR_STAT_STARS_PER_ATTACK,每次攻击新增胜利之星
7d035be1469f0b2a,TID_LEADERBOARDBANNER_PLAYER_REWARD,上次锦标赛中的顶级玩家：\n（点击下方查看更多信息）
04b6c917c87c26bb,TID_PROFILE_LEGEND_RANK_INLINE,名列第<value>
8352613242d26c3b,TID_CAPITAL_UPGRADES,都城升级
c7cf1fa2f049c2a0,TID_GOBLIN_CHAMPION,哥布林战神
990739b6bf4e0dc9,TID_CAPBUILD_DISHQ,子城大本营
213fbcde74a9e643,TID_REPORT_REASON_POLITICAL,政治敏感性
cd27f8cca8ad241b,TID_BATTLEPASS_TASK_INFO_USE_VALKYRIES,在联机模式中使用瓦基丽武神赢得<num>颗胜利之星。
afdb0f256891f6d8,TID_SETTING_SCREEN_SHAKE,屏幕抖动
e35922a3d12bffa2,TID_NOT_ENOUGH_RAID_MEDALS,您的突袭奖章数不足，参加下个突袭周末以赢取更多。
37e1ce0eb7c3377e,TID_FEEDBACK_BUTTON3,其他问题
e153a69fafddd870,TID_SHOP_GUARD_2H,两小时村庄守卫
670942fccbbeec53,TID_BOOSTER_USE_HERO_POTION_QUESTION,确定要使用<booster>在<time>内暂时将所有英雄和战宠强化至您当前大本营所支持的最高等级吗？
6e0f52bf805abe84,TID_CLANGAMES_TASK_USE_ROCKET_BALLOONS,火爆火箭
321f777207d3ef6d,TID_BATTLEPASS_TASK_INFO_DEPLOY_SUPER_TROOPS,在联机模式中部署<num>空间的超级部队。
54af3d65151acc78,TID_BUILDING_OTTOS_OUTPOST,奥仔哨站
55e476b60053e5b2,TID_GEAR_RARITY_RARE,稀有
3f1cadf164866eb9,TID_JOIN_NEW_CLAN_WHILE_IN_CLAN_TITLE,退出当前部落
af39d4fbe2d96b9a,TID_TRAP_LOGTRAP,滚木陷阱
633c4474dab87fc0,TID_NATIVE_DIALOG_VERSION_NOT_UP_TO_DATE_STORE_NOT_READY_TITLE,正在升级至最新版本
1f6d16606b5b4569,TID_UPGRADE_DENIED_UPGRADE_COUNT_LIMIT,此建筑可升级数量已达上限！
e00af6545e0472a1,TID_CLANGAMES_TASK_USE_SUPER_WITCHES,女巫和拍档
ac742898e11a78ba,TID_CANCELLING,正在取消
85c500068563f630,TID_BP_PERK_GEM_DONATION_COST,1 宝石快速增援
8b5f5e34f36efd09,TID_CLANGAMES_TASK_WIN_STARS_WITHOUT_HEROES,英雄免入
82a5e916ed9b1c8b,TID_HINT_ARCHER_TARGET,任何进入射程的敌人都逃不过弓箭手的穿杨之箭。
6bffa5873633b880,TID_SEARCH_TAB,搜索
4e08be0492f9b49c,TID_CLANGAMES_TASK_INFO_DESTROY_BB_FIRECRACKERS,在建筑大师基地战斗中摧毁<num>个<building>。
55c3679938e0889d,TID_REENGAGEMENT_ATTACK_3,首领，现在就训练部队吧！
f3e5b99dc6ec976a,TID_TUTORIAL_ARTO_COMPLETE_4,我现在就派他去你的村庄帮忙。
2465dddef4dbceca,TID_SPECIAL_PACK_BUILDER,新手礼包
d548961a08b44b86,TID_BUY_MULTIPLE_MISSING_RESOURCES_TEXT_N2,购买缺少的<count1><resource1>和<count2><resource2>？
afb75c9dec8706f0,TID_PETS_FEATURE_DESCRIPTION,拥有神奇力量，是英雄的好搭档，能在进攻中助英雄一臂之力！
9305f86de0ed473b,TID_MISSION_COMPLETE_TITLE,任务完成！
01f1d837abc94b0b,TID_EDIT_MODE_VIEW_AS_ENEMY,侦察模式
3f3b0b1e802befc7,TID_NPC_CHALLENGE_TH12_YETI_PEKKAS,派出剩余的<c54a0fe>皮卡超人</c>。
9ffa095651fbeafd,TID_REENGAGEMENT_LAB_DID_UPGRADES_SOME_LEFT_1,实验室里动静很大......
584866e478bd3b00,TID_REENGAGEMENT_APOLOGY_6,您离开之后，村庄发生了很多变化，来看看吧！
d3e8e4d95f6344f5,TID_DISTRICT_LEVEL_COMBO,<name>\n<num>级
b3da049248ab5e8c,TID_REMOVE_FRIEND_INVITE_CONFIRMATION,您确定撤回您向<name>发送的好友请求？
570198ba06985e24,TID_NAMECHANGE_WARNING,请确保选择合适的名称
b9c44213d462c246,TID_BATTLEPASS_TASK_INFO_WIN_BATTLES_USING_BETAMINIONS,参加<num>场建筑大师基地战斗，每场战斗需使用<num2>只异变亡灵且赢得至少1颗胜利之星。
830d3b3a7fe4fe48,TID_WL_RESULT_STAYED,您的部落保持在
2b1f5d02a6a54bc3,TID_BALLOON_HASTE_EVENT_INFO,使用急速法术助力气球兵迅速攻入敌营。训练气球兵、配制急速法术都可享受折扣。极速轰炸！
884832289359962a,TID_PROMOTE_TO_COLEADER_CONFIRMATION,晋升<name>为部落的副首领吗？
f22631476367f256,TID_DECORATION_TORCH,火把
9ffc55307977635a,TID_BOOSTER_FINISH_HERO_UPGRADE_ALT_2_LINE,英雄之书
f6ea7582b0cb3ccc,TID_EVENT_TEXT_HALLOWEEN_GIANT_SKELETON,看谁胆子大！在\q勇闯惊魂夜\q活动中使用骷髅巨人进攻敌军，赢取200颗宝石和一瓶力量药水！
7f89ddc27fa1342a,TID_LOCAL_NOTIFICATION_EVENT_SPECIAL_TRAP,首领，特殊陷阱的限时活动开始啦！
efee43469939bda7,TID_PUBLIC_WAR_LOG,公开部落对战日志
71cf96981067c9b2,TID_LEAGUE_UNRANKED,未排名
a717772d81328afa,TID_LOCAL_NOTIFICATION_EVENT_CLAN_LootXP,首领，部落对战双倍奖励活动开始了，双倍战利品和部落经验值等着您！
87bf17e82f0c03e9,TID_CAPITAL_ARMY_SAVE_FAILED_UNIT_NOT_AVAILABLE,选择的部队有一部分在该部落不可用。
d28a4cc7804daaba,TID_OFFER_ITEM_GIFTS_FOR_EACH,每个包含<num>宝石
0765b2c0af23b561,TID_TENCENT_DOLPHIN_DOWNLOADING_77,更新校验差异文件
186301a86819b0e9,TID_SPEED_UP_CRAFTING,要立即完成都城金币的铸造吗？
0df713521bb129e2,TID_DECO_HILL_3,山麓小丘
b26364ae7220ffbe,TID_LOCAL_NOTIFICATION_BUILDER_STAR_BONUS_READY,可以赢取胜利之星奖励啦，快前往建筑大师基地发起进攻吧！
60756282fd4b4f8a,TID_TENCENT_DOLPHIN_ERROR_2,网络超时，请在网络环境正常下重启游戏。
c0989dbd12c5f585,TID_CAPBUILD_SPELLLAB_RAGE_INFO,配制一桶桶狂暴法术。稍微离它近一点，你都会变得异常狂暴。
53b0e7cf733867e3,TID_ALLIANCE_WAR_ATTACK_FAILED_TARGET_UNDER_ATTACK,该村庄正遭受攻击，请稍后重试！
f2f1e82f8e29756c,TID_BUY_SHIELD_WHILE_GUARDED_TEXT,确定购买<name>吗？\n<cff0000>注意：这会让您当前开启的村庄守卫失效</c>
c7f0be7ca7ef9b5b,TID_REQUIRED_BUILDERS_HALL_LEVEL,需要<number>级建筑大师大本营
d385e524a32de25d,TID_WL_MUST_SELECT_ALL_BONUSES,请选择更多成员，以分配所有额外奖励！
28de59469479ea5f,TID_INFO_BALLOON_CARRIER_SHORT,组装骷髅气球可能需要大伙一起努力。
bff0b3c7075ba6b4,TID_INFO_POP_UP_IAP_NOTE_ANDROID,《部落冲突》是一款免费游戏，但是您可以通过应用内购买加速游戏进度。要禁用这一功能，请在您的Google Play商店应用设置中设置购买密码保护。此款游戏仅适合年满13周岁以上的玩家。
6e72a63f0159f583,TID_SHIELD_POPUP_NONE_TITLE,护盾未激活
0802ef77918ed17b,TID_OFFER_DONT_MISS_ONE_TIME_OFFER,该礼包只可购买一次，千万不要错过哦！
5433aeae451ff146,TID_CHARACTER_INFO_RAM_RIDER,姜饼蛮羊骑士坚毅无比，即使战败也\q蛮\q不在乎。这对甜点组合是自奥利奥和牛奶以来的最佳搭档，城墙在她面前就像烤焦的饼干一样，一碰就碎。
e54fd6fde7c2ad6f,TID_ACCEPT_FRIEND_CONFIRMATION_TITLE,添加好友？
02a4dd0d3844a3a8,TID_BP_SEASON_BANK_NEXT_CAP,下一级容量：<value>
a2a208350b56a94f,TID_NPC_CHALLENGE_TH12_DRAGBAT_SNIPE_ARCHER_TOWER,派出几个<c54a0fe>气球兵</c>摧毁<cf70d16>箭塔</c>。
d532320074840932,TID_REGION_CUSTOM5,
f32a3b12f4cab3bc,TID_LEAGUE_COPPER3_SHORT,红铜3
b1da43b9bc8bb9bb,TID_STARTER_TH2_INFO_UPGRADEGOLDSTORAGE,将储金罐升至<num2>级。
85809f68c0d07b01,TID_CLANGAMES_TASK_DESTROY_LABORATORIES,扫荡实验室
d26848aa459fd480,TID_ERROR_POP_UP_LOGGED_FROM_ANOTHER_DEVICE,另一个设备正在连接这个村庄。
04b003658146a553,TID_DECO_CWL_HAMMER,联赛战锤
e7b68d4abd51e053,TID_TUTORIAL_OUTPOST_INTRO_3,他是我造出来的小机器人，给我帮忙的。打个招呼，奥仔！
a39728c86f492db2,TID_ALLIANCE_WAR_CANNOT_ATTACK_SPECTATOR,观战玩家无法进攻！
d4f97f6d3248b035,TID_DIAMOND_BUNDLE_MAGICITEMS_HERO_BOOK_INFO,• <gems>宝石\n• <booster1>本英雄之书\n• 存放礼包中的物品不受最大储量限制！\n\n使用英雄之书立即完成任一英雄的升级！！\n\n千万不要错过哦！
f39ac130afb042c9,TID_CLAN_GAMES_THEME_WAR,战争竞赛
47b44f630f23921b,TID_UPGRADE_INFO_START,提升
7c3975f6320847f3,TID_BATTLEPASS_TASK_GET_BB_LOOT,摘星能手
9da8071b2697bb7c,TID_SEARCH_OPTIONS,高级搜索选项
a2cbedfdac53ab13,TID_STAGE_LIMIT_EDIT_MODE,<name>：<cur>/<max>
0b558a46fdbc45d5,TID_DRAGON,飞龙
39ee7f7205b453ae,TID_ROYAL_GHOST_ABILITY_NAME,匿迹隐形
0d3463d422947f56,TID_BONUS,<percentage> 奖励：
e5b4efef266463dc,TID_NEWS_BIRTHDAY_TITLE,首领，生日快乐！
d62bfba0a7dcf2af,TID_REGULAR_THEMED_BATTLE_OFFER_INFO_TH0206_1999,• <res0>金币\n•<res1> 圣水\n• <booster1>瓶力量药水，可在1小时内将您的部队和法术强化至您当前大本营所支持的最高等级\n\n• 存放礼包中的物品不受最大储量限制！\n• 该礼包在显示期间可购买3次\n• 使用这个特惠礼包带领部落创造辉煌战绩！
86f69d6641fc0a09,TID_BUILDER_HALL_10_INFO_SHORT,坚定信念。
c1f9b8eb3fdcb44a,TID_CAPBUILD_BARRACKS_INFERNO_DRAGON_INFO,地狱飞龙玩耍的地方，由超级建筑工人建造而成，使用的是防火性能最好的材料。
8dd7b014abbe32a1,TID_NPC_CHALLENGE_TH8_GOWIPE_GOLEM,<c54a0fe>戈仑石人</c>生命值很高，先派出戈仑石人掩护后方部队。
a7b41376f73fedae,TID_BUILDING_TEXT_TRAIN,训练
67ca65d701a7b321,TID_MASTER_BUILDER_INFO,建筑大师在家乡村庄的家。到家乡村庄后，建筑大师将成为家乡村庄新的建筑工人。
1bba8a238dbc624a,TID_RAID_WEEKEND_REWARD_SUBTITLE,您获得了：
dc8c8de625f7a48b,TID_EVENT_TITLE_CHINESENEWYEAR,春节特惠
9a998996642ebb88,TID_CLANGAMES_TASK_INFO_DESTROY_GEAREDUPARCHERTOWERS,在联机模式中摧毁<num>个<building>。
12aaa72e093a80d5,TID_CLANPERK_DESC_DONATION_UPGRADE,增援升级：
eb37d6142e3695b6,TID_CANNON2_INFO_SHORT,经典回归。东西又没坏，为什么要修理？
0a1b7f3d3932e078,TID_CAPBUILD_BARRACKS_MEGAPEKKA_INFO,雷霆皮卡到底是怎么把自己塞进去的？拆成一块一块吗？
6d7c69db9bcbdda0,TID_YOUR_CLAN_IS_ALREADY_IN_WAR,您的部落已处于对战中
f7380fd8afc225f1,TID_STARTER_TH2_UPGRADEGOLDMINE,淘金盛宴
95b274fae30c174d,TID_STARTER_TH2_UPGRADEGOLDSTORAGE,储金达人
76f3af2c0e97203f,TID_PLAYER_TAGS_HEADER,选择个性标签作为筛选条件
b483447a0780d21d,TID_DECO_RUIN_CLIFFSIDE_FOREST,崖畔森林
7efcc6dd0b2304a5,TID_BUTTON_DISABLED_REWARD_WOULD_OVERFLOW,空间不足，不能存放<reward>。\n释放一些空间，或者选择另一项奖励。
0b1a4666e01bbc57,TID_BOOSTER_HERO_POTION_NOT_AVAILABLE,无法强化英雄，所有英雄都在升级。
603e8d9b6d69eedc,TID_REQUEST_TO_JOIN_NEW_CLAN_WHILE_IN_CLAN_TITLE,退出当前部落
dc32b8a4fd786eef,TID_REENGAGEMENT_CHALLENGES_1,首领，这里有一些特殊挑战等您参加！
3fe8cee9897de94d,TID_TRAINING_SCREEN_TAB_OVERVIEW,军队概况
d50ade3100e7195c,TID_ATTACK_NOT_AVAILABLE,现在无法进攻
97dcc3124e40738e,TID_CANT_START_PVP_VILLAGE_EDIT_OPEN,请先退出阵型编辑模式
65944141e286a303,TID_DECO_GOLDEN_BARBARIAN,镀金野蛮人
4468b024bdfb9b31,TID_BUILDING_SCATTERSHOT,投石炮
b9e546409cd7a6f4,TID_NPC_CHALLENGE_TH12_YETI_GRAND_WARDEN,先使用<c9916c8>大守护者</c>滑步战术，记得选择地面模式！
b5848843565e3ae9,TID_FEATURE_HERO_GEAR,装备
6248197acbc7b2f9,TID_CHAT_LANGUAGE,聊天语言：
44de1526a953e5bc,TID_LAYOUTS_COPY_EXPLANATION_V2,选择一个栏位以复制选定的阵型。
3a8c46c56e919e3e,TID_DEVICE_LINK_ERROR_BOTH_HAVE_OPEN_ID_KUNLUN,当前村庄已经关联。只可关联一次。
1773aff1cd719cf5,TID_CLANGAMES_TASK_USE_WITCHES,女巫时光
3feffe242450109b,TID_GOOGLE_SERVICE_SIGN_IN,登录
5fcc5e8e15295142,TID_EVENT_CHRISTMAS_TRAP,部落冲突圣诞节特别活动：冰冻陷阱
0dc52a6b49547169,TID_BOOSTER_FILL_ELIXIR2_STORAGE,建筑大师圣水符石
c614eba2374db1c5,TID_BUTTON_ENABLE_TUTORIAL,开始教程
879959f3826074e2,TID_POPUP_SPEED_UP_BOOSTER_UPGRADE_SLOWDOWN,<item>升级期间，军队训练速度会有所减慢。您是否要使用<booster>立即完成升级？
e9c7e84394becd15,TID_BATTLEPASS_TASK_WIN_BATTLES_USING_CLONE_INFO,在联机模式中使用镜像法术赢得<num>场战斗。
4f2caa880bbd7196,TID_SCENERY_CHESS,棋艺世界
347df84cc5f1f2a4,TID_HINT_END_BATTLE,获得一颗胜利之星后，您可以选择结束战斗并获得胜利。
ab8b4e2c4b7e08b8,TID_BOOSTER_FINISH_HERO_UPGRADE,英雄之书
25ba52640440cc48,TID_DECO_CAP_REACHED,您购买的装饰品数量已经达到上限。
88ff95ba1632d9ea,TID_BOOSTER_FINISH_SPELL_UPGRADE,法术之书
f867cc352721d899,TID_ALLIANCE_WAR_VISIT_FAILED_UNAVAILABLE,无法访问该村庄！请稍后重试。
e0954f6f5d96b09c,TID_SETTINGS_DARK_CLOUDS,搜索对手时显示乌云效果
a0df80d9c61f12b7,TID_CLANGAMES_TASK_WIN_STARS_USING_RAGE_INFO,在联机模式中赢得<num>场战斗，每场战斗需使用<num2>个狂暴法术。
44cac2e20a829731,TID_BATTLEPASS_TASK_GET_STAR_BONUSES,胜利明星
eb297740ee8af25d,TID_CAPITAL_GOLD_STORAGE_ALMOST_FULL_TEXT,都城金币已接近存储上限，仍要继续进攻？
b8268611c21cb3fa,TID_GOOGLE_SERVICE_CONNECT_TEXT,首领！\n现在，使用您的Google Play账号登录可<c2>保证游戏进度安全</c>。\n\n之后，只要使用同一Google Play账号登录游戏，<c2>您便可以在任一台Android设备上恢复自己的村庄</c>。
00dbc5f18d549547,TID_TUTORIAL_GOLD_EARNING_LEAGUES,获得的奖杯越多，联赛段位越高。
bb7af4e57190f0b3,TID_CHALLENGE_TH12_DRAGBAT,空中联欢
ae33b5efb684a093,TID_DIAMOND_BUNDLE_TH3_REVISED_INFO,• <gems>宝石\n• <res0>金币\n• <res1>圣水\n• <booster1>瓶建筑工人药水\n\n存放礼包中的物品不受最大储量限制！\n\n该<cffec78><value>倍超值礼包</c>只可购买\n一次，千万不要错过哦！
6e88579acd037ea9,TID_TUTORIAL_SHIP_READY,别担心我们会迷失方向，我们记得回家的路！
e86db11722f849f3,TID_CLANGAMES_TASK_INFO_USE_MEGAPEKKA,在建筑大师基地战斗中赢得<num>颗胜利之星，每场战斗需使用<num2>个雷霆皮卡。
99edd96aaf0bd90c,TID_CHALLENGE_INFO_2014,部落对战打响，部落间的冲突终于在战场上爆发！英雄被赋予技能，熔岩猎犬加入战斗。
0596ee9f448186cd,TID_WAR_PREPARE,准备！
f2901a9662178315,TID_LIGHTNING_STORM_INFO_SHORT,可以随便用个两三瓶，也可以想用多少用多少。
6f624a91278ae96b,TID_ADVANCED_TRAP,地雷
ac75de2b3c700adc,TID_ALLIANCE_WAR_PERSONAL_ATTACK_2,第2次进攻
73f79e9bfc5ec30c,TID_TUTORIAL_RAID_TEASER_3,别心急。多练习进攻，还有打造更强防御！
b76327b6fc84ee6a,TID_HERO_RECHARGE_TIME,冷却时间：<number>秒
05ac7533d4b158a8,TID_COSMETICS_EXTRA_ANIMATIONS,额外动画
345569dedfb92286,TID_WAR_ATTACK_CONFIRM_SPELLS_TEXT,法术：<number>
e7f88a34e4924552,TID_TUTORIAL_RAID_TEASER_1,你们年轻人总是什么事都想干。
13797bb4b7406ca7,TID_RAID_INFO_TAB_ATTACK,大部分子城都需要您的部落发动多次进攻才会被完全摧毁。之前进攻时造成的摧毁率会延续到之后的进攻中。法术效果也会延续，但只会延续到下一场进攻。随着摧毁率提高，可部署部队的区域会扩大，在进攻方面也会有更多战术选择。\n\n在本练习模式关卡中体验突袭进攻吧！
10dd63c3bdab1d2a,TID_BIND_TO_NEW_FACEBOOK_ACCOUNT_TITLE,登录新的Facebook账号
46c2b1b4693629bd,TID_INFO_TARGET_TYPE_GROUND,地面目标
84f78cfe78441a4f,TID_CLANGAMES_TASK_GET_HOMEBATTLESTARS,胜利之星收藏家
88aaecf1603a4190,TID_OUTCOME,结果：
2f86d4a04d021ab0,TID_SKIN_THEME_LNY,<year>春节限定皮肤
3e54131b6e614474,TID_GEAR_INFO_HOG_TOTEM,召唤一群野猪骑士
5c5a2f0315b32bf4,TID_STAGE_BUILD_LIMIT_REACHED_DEFENSE,您已拥有<number>个防御建筑，已达第<stage>区域上限。
827ac711c08d65aa,TID_CHARACTER_INFO_SNEAKY_ARCHER_SHORT,比狙击敌方防御更厉害的是什么？当然是狙击时还会隐身。
3615c7becf1ed167,TID_BATTLE_PASS_CLAIMED_REWARDS,已领取
12ca46171024a303,TID_CLAN_ACCESS_DISABLED,<time>内无法进行部落互动
b3d3ec748b2095ea,TID_AVATAR_MESSAGE_TEXT_GEM_REVOKE_PLURAL,此账号申请退款，且请求已于<refundDate>获得批准。退款将通过订单的付款方式退回。\n\n您的账号已被扣除共<totalRevokedGems>颗宝石，该数额与您的退款金额相符。您的宝石余额可能因此变为负数，您可以再次购买宝石或在游戏中获取宝石来将其变为正数。
3d94b0af5b7b6449,TID_MAGIC_THEATRE_SCENERY,魔法剧院
cc961e9f246f9f82,TID_GOLD,金币
c5bae33f81d1c9ec,TID_BP_REWARD_CATEGORY_SKINS,英雄皮肤
a87c71c2962f32d5,TID_HINT_ARTILLERY_TARGET3,在天鹰火炮伤害范围附近的单位将受到冲击伤害。
6f6cf08e8d053adc,TID_POPUP_TEXT_STORE_DECORATION,<item>将存放至商店中，再次摆放无需任何费用。
64c12027a584061e,TID_WAR_DONATE,增援
fe7ccc729461dc52,TID_ENDOFSEP_OFFER_INFO_9999,• <booster1>块金币符石，可使家乡的金币立即达到最大储量\n• <booster2>块圣水符石，可使家乡的圣水立即达到最大储量\n• <booster3>本战斗之书，可立即完成任一正在进行的部队升级\n• <booster4>本建筑之书，可立即完成任一建筑的升级\n\n• 存放礼包中的物品不受最大储量限制！\n• 该礼包在显示期间仅可购买1次！\n\n快来加入金秋酣战吧！
8f95ab0b11c952d2,TID_OFFER_SEASON_CHALLENGES_TEXT,最多可获得20倍超值的月度挑战奖励！
a4b44488bc9785d8,TID_SEARCH_TERM_ANY,任何
ebaea1ed90420e69,TID_PRIMAL_SCENERY,原始秘地
c2a81865c1586ed4,TID_EVENT_CW_INFO,部落升级速度加倍！\n\n活动期间进行部落对战，对战双方获得的经验值加倍。
d902187d0526492f,TID_PRIZE_SHOP_ITEM_COOLDOWN,您需要等待<time>后才能再次购买<item>。
1d84fdfa514bb0c1,TID_SLOW_SPEED_AND_ATTACK,移动/进攻减速：<number>%
1726e73782bf8fa0,TID_WL_DAY_TITLE,第<x>回合
e8240c1f46327b95,TID_TUTORIAL_VILLAGERS_MOVE_OUT,呼！今晚就住这吧。这是我们在远方的第二个家！
b7d5757ecb4feca9,TID_TIME_HOURS,小时
15ce6ff4e701a831,TID_REPAIR_HERO_TITLE,修复英雄？
89cea2a3162ad5db,TID_WIZARD,法师
5b356ab6bd7c6538,TID_CONFIRM_CLEAR_TRAINING_QUEUE,您确定要清空训练队列吗？
1dec33cda2e4df83,TID_GATE,城门
fa1817df57dcd10d,TID_BUILDING_ARCHER_TOWER2,箭塔
b4927632922ab40f,TID_BOOSTER_FILL_ELIXIR_STORAGE_OFFER_INFO,<num>块圣水符石，可使家乡的圣水立即达到最大储量
1680dba62361a21d,TID_TUTORIAL_CLANGAMES_1,首领，您好！很高兴您来了！
4cb03caf628713d1,TID_SPELL_RECALL_INFO_SHORT,如果进攻效果不理想，可以召回军队重新部署。
2b3a7fe01ab54f0b,TID_LEGENDS_UPCOMING_SHIELD_ACTIVE,下一个联赛日您将受到护盾保护，如果要发动进攻，您可以在下一个联赛日开始前解除护盾。
b233790556161e6d,TID_DOWNLOADING_SCENERY,正在载入场景......
7bd0999c128b5dd2,TID_NEWS_BOMB_TOWER_ARMY_REVAMP_TEXT,我们改进了军队训练系统！您现在可以使用一键训练按钮快捷地训练军队了！请观看视频以了解新的训练系统！
a86cb83ca441c9dd,TID_TENCENT_DOLPHIN_TITLE,检查更新
7cdda16448055a0b,TID_CHARACTER_ELITE_BARBARIAN,超级野蛮人
2feb5e704688dda3,TID_LOCAL_NOTIFICATION_EVENT_REGULAR_THEMED_PREPARE_TH0212,首领，赶快集结军队，准备作战！使用这个礼包升级您的英雄、部队和法术！
7fbf89516463c0b4,TID_ARMY_SLOT_DEFAULT_NAME,军队配置<num>
aea334bd49e55ed9,TID_LOCAL_NOTIFICATION_EVENT_XMAS_3,首领，抓住部落冲突圣诞节的尾巴，带着寒冰法师出征吧！
51558c50415e08a2,TID_ACHIEVEMENT_NPC_STARS,在单人模式地图上赢取<number>颗星
309d30fa940c2725,TID_CLOCK_TOWER_BOOST_DURATION,提速时长：<number>
03c2c2598285604f,TID_REQUIRED_STAR_LABORATORY_LEVEL,需要<number>级星空实验室
2d53b50725e45c63,TID_WALL_BREAKER,炸弹人
af89747b43085bcd,TID_WL_COLUMN_WARS,对战
ac468ffacdc8a778,TID_EVENT_BOOST_ATTACKS,攻击活动：任一训练营、法术和英雄加速仅需一颗宝石！活动持续到1月7日。
45ab64ad6dba43ab,TID_BATTLEPASS_TASK_WIN_BATTLES_USING_DROPSHIPS,骷髅计划
396f4400a6997a2a,TID_POPUP_CANCEL_CONSTRUCTION,确定取消建造<item>吗？取消后只能返还<number>%的费用。
2f3a6265220fd497,TID_DEFAULT_VILLAGE_NAME,<name>的村庄
e2ab5aeeca496fde,TID_GAMECENTER_BOUND_TO_OTHER_ACCOUNT_TITLE,Game Center提醒
69a1f90c26002931,TID_EPIC_MAGIC_SCENERY,史诗魔法世界
917d5b543d6a18ec,TID_BATTLEPASS_TASK_INFO_WIN_BATTLES_USING_WIZARDS,在联机模式中使用法师赢得<num>场战斗。
385052798ea00f00,TID_FRIENDLY_DISTRICT_CHALLENGE_NO_ATTACKS_YET,暂无进攻记录。
4e18082072b591bb,TID_BUILDING_FLAMER,熔岩火炮
92de85c2c94474bc,TID_TRAP_DAMAGE,伤害：<number>
88c97d40ba20ae7e,TID_BOOSTER_FINISH_BUILDING_UPGRADE,建筑之书
ac24c36d12c7156a,TID_WL_HIDDEN_ENEMY_VILLAGE_INFO,敌军村庄将在战斗日显示
bc7ed42e9c837fc0,TID_BOOMBOX_MAINTENANCE_TIME,预计剩余时间：<time>
4d1e543c03530bcf,TID_MUTE_PLAYER_BUTTON,屏蔽
ae839af3c1df4109,TID_SIEGE_MACHINES_OVERVIEW,概况
176001f4247d627d,TID_CLAN_LOCATION_UNKNOWN,未设置
44871500edc4a19a,TID_CLAN_SEARCH_NO_RESULTS,未找到匹配结果
4513b40497695c6a,TID_DECO_FIREWORK_FANBOY,烟花迷弟
6913f5e00272b874,TID_EVENT_DAILYLOGIN_TITLE,每日登录奖励
073892ee99662647,TID_NPC_CHALLENGE_TH8_GOWIVA_ARCHER,派出一个<c54a0fe>弓箭手</c>将敌方基地中心的<cf70d16>部落援军</c>引出来。
73b45be48c09f514,TID_NPC9,野蛮哥布林
e14bdd09db6c1ea9,TID_MOVEMENT_SPEED,移动速度：
7ca8619bb83b15e3,TID_STARTER_REQUESTTROOPS_TH3,请求增援
5c39b13aead5b13a,TID_ACHIEVEMENT_NPC_STARS_TITLE,消灭哥布林！
fc8ed1628fed4509,TID_ACHIEVEMENT_VICTORY_POINTS_COMPLETED,最高奖杯记录：<value>
9a607295d8851cde,TID_DIAMOND_BUNDLE_BH6_INFO_ALT,• <gems>宝石\n• <res0>圣水\n• <res1>金币\n\n存放礼包中的资源不受最大储量限制！\n\n该<cffec78><value>倍超值礼包</c>只可购买\n一次，千万不要错过哦！
8775705456731930,TID_CHARACTER_YETIMITE,小雪怪
a471fd42b432d3d2,TID_DIAMOND_BUNDLE_TH4_REVISED_INFO,• <res0>金币\n• <res1>圣水\n• <booster1>瓶建筑工人药水\n\n存放礼包中的物品不受最大储量限制！\n\n该<cffec78><value>倍超值礼包</c>只可购买\n一次，千万不要错过哦！
938f2523c98e0971,TID_ALLIANCE_REJECTED_BY,<name>拒绝了该请求
e8eb1dc9e4d74a8f,TID_TENCENT_DOLPHIN_ERROR_0,初始化错误
eaf0f5eb5d823312,TID_CONTINUE,继续
5c31dca2608e6e1b,TID_LEAGUE_LEADERBOARDS,我的联赛
499ed6192a6cfeb5,TID_BUTTON_START_MATCHMAKE,立即寻找！
40ad714b752f74d2,TID_BATTLEPASS_TASK_DEPLOY_SUPER_TROOPS,超级力量！
31a11186480bf53e,TID_XP_BUTTON_UNLOCK_PUZZLEANDDRAGONS,解锁
b476e4a807966ced,TID_ERROR_POP_UP_CONNECTION_FAILED_TITLE,连接错误
3c297c9dde1b27e4,TID_BATTLEPASS_TASK_WIN_BATTLES_USING_MINERS,地下霸主
4fd8b5a35574f60f,TID_CHARACTER_HEADHUNTER,英雄猎手
4e8f459958333cc7,TID_NPC53,丛林迷宫
97083191d0ad9abe,TID_AIR_BLASTER,空气炮
a3fa29ea9c76ac87,TID_LAYOUTS_EXPLANATION,
3b001b9e2035965b,TID_CAPBUILD_SPELLLAB_LONG_HASTE_INFO,配制一桶桶永恒急速法术。村民们每次路过这里都会加快脚步。
84b062f5b076f442,TID_CAPBUILD_MULTICANNON,多管加农炮
c3a23dc4096e2be9,TID_ATTACK_FAIL_RESTRICTED,无法进攻该村庄。
43eb410345d8822c,TID_HINT LEAGUE_PLACEMENT,如果您有足够的奖杯，在进攻村庄后会自动加入联赛。
ee3153f6893d86a5,TID_LEAGUE_PLATINUM2_SHORT,铂金2
d727a0efeb3201b4,TID_NPC59,午夜石油
40b0ec5d9573c42d,TID_COOLDOWN,冷却时间：
cee96f5c081b5ba7,TID_DIAMOND_BUNDLE_ELIXIR_INFO,• <gems>宝石\n• <res0>圣水\n\n存放礼包中的资源不受最大储量限制！\n\n该<cffec78><value>倍超值礼包</c>只可购买\n一次，千万不要错过哦！
a72c734fd513a485,TID_UPGRADE_TH_LOCKED_INFO,要解锁下一级建筑大师大本营，请先建造以下建筑！
1479f9a6fdc760f8,TID_GEAR_HEALING_TOME,治疗书卷
d8dff5ebc11a9d39,TID_GC_CHALLENGE,挑战好友
beea1d8c8218ede9,TID_PET_SHOP,战宠小屋
6d37f21669f689ec,TID_CLANGAMES_TASK_INFO_USE_WITCHES,在联机模式中赢得<num>颗胜利之星，每场战斗需使用<num2>个女巫。
7db8427818a8d9ae,TID_MAP_LOCATION_13,科隆索要塞
4ce8d6fdf84c803c,TID_DONATION_FAILED_ALREADY_UPGRADED,其他部落成员已完成该升级！
8e7b8a960717c91e,TID_CLANGAMES_TASK_DESTROY_CLANCASTLES,攻占部落城堡
7ae5a9737c29f29a,TID_CONFIRM_DEVICE_LINK_TEXT,您确定要删除当前村庄并替换为：
e9666e2a2e183030,TID_GEAR_RESOURCE_COMMON_INFO,闪亮矿石可用于升级装备。\n您可以通过胜利之星奖励或部落对战获取。
b6ae1ab1b2c443a1,TID_SUPER_TROOP_LIMIT_REACHED,启用的超级部队数量已达上限
8cc4d118f5a8a639,TID_HINT_GEM_MINE,修复宝石矿井后可以开始收集额外宝石！
faa600197a113dc4,TID_CAPITAL_PLAYGROUND_INTRO_2,他们损坏和摧毁了部分建筑，还留下一个<cffe346>疗伤法术</c>。
1b93ecf759a7323b,TID_BUILDING_BARRACK,训练营
308981a505613c3d,TID_IRONFIST_GIANT,巨人拳击手
0d21674d299ce3c9,TID_CLANGAMES_TASK_INFO_USE_MEGAPEKKA_OLD,
b1a0e6dd4af9f5b3,TID_CAPBUILD_REFLECTOR_INFO,会旋转、带护盾、还能反弹敌人的进攻？这种奇特的装置想都没想过......但反弹机全都做到了！
35f803530c62b84b,TID_POPUP_CONFLICTING_ACCOUNT_TITLE,账号冲突
e8c68d42685617b8,TID_VALUE,超值！
634022b4b4f1c280,TID_BUTTON_HOME,回营
ea24f5906337ea98,TID_BUY_SHIELD_TEXT,确定购买<name>吗？
b5fd47fb352aaae7,TID_RAID_WEEKEND_CLAN_STAYED,<clan>的联赛段位保持不变
c36ca5d880750bf9,TID_SPELL_RECALL,回溯法术
473673984d702493,TID_IAP_NOT_AVAILABLE_AMAZON,无法进行购买！请确保您使用的亚马逊账号有效且已更新您的主要支付方式。
c388fcdce62dd2cc,TID_TUTORIAL_CAPITAL_UPGRADE_4,我只要挥一下锤子就能把事情搞定，可不像某些人......
0832db85b3d908fb,TID_10TH_CLASHIVERSARY_SCENERY,10周岁生日
48732754951cf3b9,TID_SECOND_STAGE_FEATURE_DESCRIPTION_SHORT,之前漂洋过海，现在深入地底，是时候开启地底的建造和战斗啦！
e5db39b7d198c1db,TID_TUTORIAL_SMITHY_1,铁匠铺已准备就绪，就等首领您了！
a6df56a9a6c87b98,TID_DECO_RUIN_ABANDONED_PYRE,废弃神坛
de098109107a0803,TID_TRAINING_RESOURCES,资源
699767ea16ea4b49,TID_ERROR_POP_UP_AUTO_DISCONNECTED_TITLE,还在吗？
0b4bd53ba1af1a93,TID_DIAMOND_BUNDLE_BH7_INFO,• <gems>宝石\n• <res0>圣水\n• <res1>金币\n• 4级巨型加农炮\n\n礼包中的建筑无需花费建造时间，存放礼包中的资源不受最大储量限制！\n\n该<cffec78><value>倍超值礼包</c>只可购买\n一次，千万不要错过哦！
ad7a5cc518e1951e,TID_HITPOINT_INCREASE,生命值提升：<number>
e63945abb47cfda8,TID_SETTINGS_FACEBOOK,Facebook
263c444ad4835f36,TID_WL_PARTICIPANTS_HEADER,加入联赛成员：
0d44ece0e2331298,TID_BUTTON_VIEW,查看
dc33762271ced47e,TID_BOOSTER_BUILDERS_ALT_2_LINE,建筑工人药水
d8977d1fcb7b182f,TID_BATTLEPASS_TASK_INFO_WIN_BATTLES_USING_BATTLE_DRILL,在联机模式中使用攻城钻机赢得<num>场战斗。
32c633258d6801cd,TID_BOOSTER_FINISH_TROOP_UPGRADE_ALT_2_LINE,战斗之书
f4242fc9738a922d,TID_CHARACTER_INFERNO_DRAGON,地狱飞龙
caeb0eb10f0beefc,TID_CLAN_SETTINGS_NO,否
3eeeda858631f6f0,TID_ALLIANCE_WAR_ATTACK_CONFIRM_3STARS,此战争基地已经被摧毁，您的部落无法从中获得更多的胜利之星。您确定要进攻吗？
11159f12f2925286,TID_BP_REWARD_CLAIMED,您已收集该奖励。
e4fa669eb482e2eb,TID_BP_PERK_INCREASED_SAVINGS,更大容量
a9bd4c0aa5660ddd,TID_ALLIANCE_SCORE_LIMIT_NONE,0
ad6ce31de653fc41,TID_GOLD_SHOP_PACK,<number>金币
7b2f358bd17b7616,TID_RESOURCE_BUY_CONFIRMATION,已收到资源！
09db97ad24911fea,TID_HINT_GUARD_LOSE,您可以随意攻击，并且不会减少当前村庄守卫的有效时间。
cc065be9d4d6fd3e,TID_EVENT_PASS_PURCHASE_TITLE,获取活动令牌！
edc629d92e225113,TID_NPC27,迎宾红地毯
ee4395ff571b1442,TID_DONATION_REQUEST_REQUIRED_TROOPS,从下方选择希望获得的增援
236531a33712edb0,TID_HINT_VERSUS_BATTLE3,每天在建筑大师基地战斗中获胜3场可获得丰厚的战利品奖励。
2adb92783d6ff1ab,TID_CLAN_MINIMUM_TROPHYS,所需奖杯：
7a0a79ca9b7ac210,TID_TUTORIAL_STARTER_CHALLENGE_2,每次完成挑战都可以获得积分。
7dcdb99fada478a7,TID_STARTER_INFO_REQUESTTROOPS_TH3,向部落成员请求增援<num>次。您可以在部落城堡或训练界面发送增援请求。
a55c9cba3931c281,TID_BUTTON_SEND,发送
5aa3b2c66a92f2a9,TID_CAPBUILD_BARRACKS_SKELETON_BARREL,骷髅飞桶训练营
4a65f2b0af91fe5b,TID_LAVA_LAUNCHER_INFO_SHORT,喷熔岩还是要比喷火焰强点。
c924d5bb8ba87196,TID_NPC_CHALLENGE_TH6_GIWIWA_WALL_BREAKERS1,在<c54a0fe>巨人</c>阵亡前摧毁第一排城墙。
24aaaac427264b32,TID_CHALLENGE_INFO_2020,超级部队来袭！普通部队可以被强化，拥有全新的力量，还有飘逸的秀发。英雄猎手、攻城滚木车和隐形法术登场，让游戏玩法更多样。
3a2bebfc6ec58d5b,TID_OVERVIEW_TROOPS_TITLE,部队
6ed2b743082f0982,TID_WORLD_FINALS_23_STATUE,2023年全球总决赛雕像
3904c6f75f682eb8,TID_HERO_ABILITY_UPGRADE_PROMPT_MALE,将英雄升至<number>级以增强其技能！
2de228b8d4893ea4,TID_ICE_HOUND,寒冰猎犬
380c82ac9004c346,TID_TUTORIAL_WORKER_MENU,太好了！我有好多东西想建造。看看我的心愿单吧！
13d27cdf7d230cfd,TID_SHIELD_PROTECTION,所受伤害减少：<number>%
f777b986c78458a7,TID_MEDAL_EVENT_END_GOLD,活动已结束，您剩余的奖章已转换为<num>金币。
ba0a8ff3ce9c99a0,TID_BOOSTER_BUILDERS,建筑工人药水
ef8153f6893d87e0,TID_LEAGUE_PLATINUM3_SHORT,铂金3
56e4d58d9bc93255,TID_BIND_TO_NEW_GOOGLE_SERVICE_ACCOUNT_TITLE,登录新的Google Play账号
ca071d2d9e3ee026,TID_WATER_2,水2x2
5c55c85bca509e3f,TID_RUIN_INFO_UNLOCKS,重建以获得：
93eb52744944fdf9,TID_WL_PERSONAL_REWARDS,您获得了奖励
d5148a8cce971352,TID_CLANGAMES_TASK_USE_ARCHERS,弓箭手伏击
4a5542de4ff75533,TID_WL_INFO_LIVE_TAB1_TEXT,<cFCE27F>排行榜简介！</c>\n\n点击排行榜，即可查看到您的部落和其他7个部落在联赛小组中的排名情况。排行榜记录着您的部落在整个对战周中的表现，部落排名由部落在对战周中获得的胜利之星总数决定。您的部落每赢得一次战斗日可额外获得10颗胜利之星，您的部落获得的胜利之星越多，排名就越靠前！
37c5cde4c0e6ea1d,TID_BATTLE_LOG_DEFENSE,防守日志
8b837fc1a630724d,TID_BP_TASK_HIDDEN_REQUIREMENT,完成之前的挑战才会显示！
939217620163877a,TID_POPUP_BOOST_ALL_COLLECTORS,确定在<time>内使<number>个该类型的采集器产量加倍吗？
75d5531124f84636,TID_ALLIANCE_WAR_FAILED_WAR_IS_ENDING,无法进攻，部落对战即将结束！
6fb5b52b10369938,TID_DEVICE_LINK_ERROR_OLD_DEVICE_NOT_ACTIVE,原有设备没有打开
75f5116692c5edcc,TID_FRIENDLY_ARMY_CHANGED,已更换友谊战军队配置
61051ff273c1cc0a,TID_HINT_SPELL_FREEZE_DURATION,升级冰冻法术，这样您就可以将敌人的防御冰封更长的时间了。
1f06c59e6c2e2e1d,TID_TRAIN_TROOPS_HINT,训练部队后再发起进攻！
24b7cf890d9f0644,TID_BABY_DRAGON,飞龙宝宝
10699a168ad3c1d9,TID_INFO_HEAL_TYPE,恢复类型：
d120ff67f5378839,TID_LOCAL_NOTIFICATION_EVENT_XMAS_MAGICITEM,首领，首个魔法物品礼包上线啦！
73837c993a6a8d93,TID_WAR_STATS_HEADER_ALLIANCE_EXP,部落经验值
771f943d6834068c,TID_BUILDING_BOMB_TOWER_INFO,炸弹塔可以投掷炸弹轰炸附近的地面部队，被摧毁后会产生一个大爆炸！近战部队最好离它远点吧！
2977e18b31909f92,TID_ACHIEVEMENT_DONATE_SEIGES_COMPLETED,总共增援攻城机器：<value>
bfcb85b04de861ed,TID_CHARACTER_INFO_BOWLER_SHORT,一个擅长投掷巨石的蓝色大块头。
fc880f115741c907,TID_CLAN_CHANGED_TEXT,您不再是该部落的成员。请返回家乡村庄。
5a5265ffcc4bafee,TID_ERROR_POP_UP_PERSONAL_BREAK_TITLE,请休息一下
26892df67c64eb2f,TID_OBSTACLE_SPIKE,斯派克的仙人掌
dee74a54bf7348e9,TID_MULTIDEVICE_INFO,登录Supercell ID保护您的游戏进度，并可在多台设备上同步您的游戏进度。
56561d5c8f8b5330,TID_INFO_POP_UP_IAP_NOTE_TENCENT,《部落冲突》是一款免费游戏，但是您可以通过应用内购买加速游戏进度。
0538aabf92af7fd0,TID_OBSTACLE_BIG_TREE,大树
165168daf8247a33,TID_NPC_CHALLENGE_TH7_DRAGON_DRAGONS2,再派出一条<c54a0fe>飞龙</c>摧毁边缘的建筑，让您剩余的部队可以免受干扰，直奔敌军核心地带。
3aa5628cde72d9c2,TID_GEAR_UP_COMING_SOON,<building>改装即将推出！
d51ef76ac73e4944,TID_LAYOUTS_LAST_USED,最近使用
0c2de01d38c29f9d,TID_NPC_CHALLENGE_TH11_EDRAG_FUNNEL_EDRAG1,这个基地在<c54a0fe>雷电飞龙</c>面前不堪一击。派出一条雷电飞龙，利用它的闪电链效果摧毁<cf70d16>防空火箭</c>。
5c8743e7ca95d5da,TID_DONATE,捐兵
127326b9257cc6ff,TID_ANTIADDICTION_ADULTHOOD_NOT_FULFILLED_1,由于您未满18周岁或未实名认证，已被纳入防沉迷系统，每日晚22：00至次日8:00 不允许游戏。
dd20c732e8660315,TID_CAPITAL_PLAYGROUND_GATES_3,这些可怜的<cf70d16>超级巨人</c>一直被困在这里。
04eb2dc0e944dc5b,TID_SUPER_TROOP_DISCOUNT_STICKER,强化费用减少<num>%！
3639101a6d9eacd3,TID_V2_START_DUEL_SNAPSHOT_FAILED,匹配失败，无法获得快照
c7515f16d40c13c6,TID_LINK_CODE_WARNING_TEXT,警告：切勿将此代码透露给任何人！此代码仅供本人使用。请注意此关联为永久关联。
32bad3408ca1720f,TID_DISTRICT_BALLOON_LAGOON,气球环礁
96e471f8f9297ac7,TID_REPLAY_SHARE_TEXT,将建筑大师基地战斗回放分享到部落聊天界面？
03061a1550577b22,TID_CHALLENGE_INFO_2016,随着《部落冲突:皇室战争》的正式上线，《部落冲突》世界变得更加丰富多彩，同时还推出了友谊战和部落友谊战，迎来了新成员巨石投手、掘地矿工和飞龙宝宝。
9bf2c86474018e83,TID_HINT_SPELL_FREEZE,冰冻法术作用区域内的敌方建筑和部队将在一段时间内失去防御能力。
8a4aa44076605896,TID_DEMOTE_TO_ADMIN_CONFIRMATION,将<name>降职为部落长老吗？
35136773972af70d,TID_RAID_INFO_TAB_OVERVIEW,突袭周末是比拼部落都城实力的好机会。您的部落将与多个不同部落战斗。依次击败每个对手部落，赢取更丰厚的奖励。与此同时，其他部落也会进攻您部落的都城，您可以观看他们的进攻，并相应调整子城阵型，弥补防御弱点。\n\n突袭周末期间，每位部落成员拥有一样多的进攻机会，进攻子城时，成员首次赢得3星将获得一次额外的进攻机会。除此之外，您无法通过其他途径获得更多进攻机会，请把握好每一次进攻机会！
288d48cbbbae6fa2,TID_CAPITAL_MAP_MODE_TEXT_RAID,突袭进攻中
5812505651401a36,TID_DUEL_TARGET_FOUND,已找到建筑大师基地战斗对手！发起进攻！
60931d557cd0b874,TID_CLANGAMES_TASK_USE_SUPER_WIZARDS,超级魔法
bb6bfb78c0fd7817,TID_CLOCKWORK_QUEEN,发条木偶女皇
6c7c4e12ef2f9ca2,TID_BATTLEPASS_TASK_INFO_GET_CLANGAMES_POINTS,在部落竞赛中累计获得<num>积分。
5a783d136ca14015,TID_STARTER_TH2_INFO_CLAIMACHIEVEMENT,在您的个人简介界面领取<num>项成就的奖励
7e33ec17ee416dd3,TID_SCID_PURCHASE_PASS_EXPLANATION,您可以在自己村庄的月度挑战界面使用黄金令牌，也可以通过Supercell ID界面将黄金令牌赠送给您的Supercell ID好友。
36dc9666c98521f6,TID_LEAGUE_STONE1_SHORT,石头1
ff6e460bf47c7a08,TID_SETTINGS_BUTTON_FACEBOOK_DISCONNECTED,已断开
7a43feb950a71333,TID_DIAMOND_BUNDLE_MAGICITEMS_FIGHTING_BOOK_WITH_SPELL_BOOK_AND_ELIXIR_INFO,• <res0>圣水\n• <booster1>本战斗之书\n• <booster2>本法术之书\n• 存放礼包中的物品不受最大储量限制！\n\n包含升级部队和法术所需的一切！
32acba87013cffae,TID_WARMACHINE_INFO,在尝试举起当地最大的铁锤时，这台巨型机器出了故障。稍加修复，它便能投入战斗！
321acf94dcb5ba94,TID_RAID_ERROR_NO_SEASON,仅能在突袭季发起突袭。
12c84440f77680b5,TID_GEM_BUY_CONFIRMATION,收到<amount>颗宝石！
861c986fdbdfe2ab,TID_BP_PERK_MAXIMUM_SEASON_BANK,已解锁最大容量
eb83dd2c27073e5e,TID_BUY_PREV_SLOT_FIRST,请先购买前一个栏位
0964563b6784c0ec,TID_DECO_RESTORED_BARBARIAN,巨型野蛮人
396444302a00e372,TID_NPC_CHALLENGE_TH12_YETI_RAGE2,使用<cf07bf8>狂暴法术</c>快速清理核心区域！
93980550ce2b7244,TID_PAINTER_WARDEN,粉刷匠守护者
01dc4c001258cc3d,TID_POPUP_EDIT_MODE_COLLECT_STAGE,确定要收起第<stage>区域的所有建筑吗？
6a96b4fc6a0a8cf9,TID_BUTTON_ATTACK_MODE_GROUND,地面模式
7ce7d607e6f694f9,TID_STARTER_TH5_INFO_UPGRADEBUILDERHUT,从商店获取第3座建筑工人小屋
26b2775709904457,TID_MAINTENANCE_ESTIMATED_HOUR_AND_HALF,请在约1个半小时后重试。
51481cd7fd7726ca,TID_MEDAL_EVENT_INFO_TRACK_ENDED,<soft_currency>已消失，但您仍有时间领取奖励、在商人处使用您的<hard_currency>！
1c7d3706561df843,TID_BATTLEPASS_TASK_WIN_BATTLES_USING_WALLBREAKERS,畅行无阻
85335d35e86a2b0d,TID_POPUP_GOBLIN_HELPER_DISCLAIMER,您需要有5座建筑工人小屋\n才能找我帮忙建造
68272fac67bc4813,TID_GOBLIN_THROWER_INFO,这件精美的哥布林手工艺品会朝进攻者快速丢出装满哥布林的飞桶，\n而这些哥布林会向进攻者丢出尖锐的长矛。那长矛又会丢出什么呢？
b3dbc999b0c0b8bb,TID_LEAGUE_CHAMPION1_SHORT,冠军杯1
033d12e9f8bca2aa,TID_NPC_CHALLENGE_TH9_WITCH_BARBARIAN_KING,进入基地内部的进攻路线已经打通，现在就部署<c9916c8>野蛮人之王</c>吧。
a1edc82067c4d31d,TID_DECO_RUIN_RIVERSIDE_FOREST,河畔森林
9df3fd5c05ac18f1,TID_BUTTON_REPAIR_TRAP_ALL,全部重新布置
d7bb9c6416298d9b,TID_HINT_WARMACHINE2,战争机器的电磁战锤技能在其冷却时间结束后可再次使用！
0fa6f91538ac2622,TID_DECO_GREAT_PYRE_INFO,既能用来烤棉花糖，又能用来鼓舞战士们的士气。
f680ab54386e0a0f,TID_LAYOUTS_CANT_REPLACE_ACTIVE,无法替换正在使用中的阵型
661eb612f3f1be50,TID_BATTLEPASS_TASK_INFO_WIN_BATTLES_USING_NIGHTWITCHES,参加<num>场建筑大师基地战斗，每场战斗需使用<num2>个暗夜女巫且赢得至少1颗胜利之星。
0543b1ffe7f347e3,TID_HINT_SHIELD_GAIN_TIME,如果您的村庄破坏严重，就能获得时间更为持久的护盾。
c2ec72b7c265a88f,TID_UPGRADE_COUNT_LIMIT_HIT,<c2>您无法升级更多这样的建筑</c>
ccdf07e94af78a3d,TID_ALLIANCE_WAR_EVENT_TOWN_HALL_DESTROYED,已摧毁大本营！
481af3b2e28a6164,TID_SEARCH_TAB_CLANS,搜索部落
e1af1f9af39db46d,TID_LEGENDS_SHIELDED,您受到护盾保护！今天您无法发动进攻，也不会受到攻击。
98bc83daa3fea96c,TID_STREAM_EVENT_KICKED,被<name>踢出部落了
dd89b540e7fa320d,TID_NPC60,烈焰四起
34e62a426b6de900,TID_SHOP_CATEGORY_DECOS,装饰
0c4ba527558b4a7e,TID_ALLIANCE_DEFAULT_JOIN_REQUEST_MESSAGE,我想加入你们的部落
9e37003fcc9c0cfe,TID_DIAMOND_BUNDLE_MAGICITEMS_BUILDING_BOOK_WITH_RESOURCES,建筑之书礼包
f3814c2b54c7ce7b,TID_IAP_NOT_AVAILABLE,请在设备的访问限制设定中开启\qApp 内购买项目\q。
1ce722f99d63c98f,TID_POPUP_SELL_BOOSTER_TITLE,出售魔法物品
a7ce2d94e176eb89,TID_BATTLEPASS_TASK_INFO_USE_SNEAKYARCHERS,在建筑大师基地战斗中使用隐秘弓箭手赢得<num>颗胜利之星。
614de87bf83f2392,TID_KICK_FAIL_VISITING,您在参观玩家村庄时无法将他们踢出部落。
b115ed49e74a05b2,TID_RAID_DONT_HAVE_RESULTS_YET,您目前暂无突袭战绩。
8b810cea318da85a,TID_CLANGAMES_TASK_BEAT_ELIXIRTARGET,圣水挑战
04d7e56c18bca279,TID_ALLIANCE_WAR_LOOT_CONFIRMATION,确定要将宝库中的所有资源转移到您的资源仓库吗？
d398ae5c2d4da64b,TID_TRAIN_ALL_HOUSINGS_FULL,兵营已满！
b58262b7a5654339,TID_HINT_XBOW_AMMO,十字连弩以圣水作为弹药。要记得在遭受敌人攻击后及时装填圣水！
b038048308400228,TID_SPELL_QUEUE_IS_EMPTY,法术配制队列为空
d340b559092a9833,TID_OPEN_SHOP_TRAPS,建造
e70d37d1b61670d7,TID_BATTLEPASS_TASK_INFO_USE_PEKKAS,在联机模式中使用皮卡超人赢得<num>颗胜利之星。
b5d065e7b1d52193,TID_PET_DIGGY_INFO_SHORT,平常都躲在地下，攻击防御建筑时才会破土而出。
8b431bd136036152,TID_POPUP_UPGRADE_TITLE,确定升至<number>级吗？
f2557ac44bfdd3b9,TID_ERROR_POP_UP_UNLOCK_UNAVAILABLE,账号暂时无法解锁。请稍后重试！
edf0df60960da382,TID_CLANGAMES_TASK_INFO_DESTROY_BB_BUILDERBARRACKS,在建筑大师基地战斗中摧毁<num>个<building>。
93de6ab18e68d56f,TID_TRAP_AIR_MEGA_INFO,鸟儿？飞机？不管是什么，反正搜空地雷会把它炸飞。这类陷阱会对单个空中部队造成毁灭性打击。
e25878852b7fb04f,TID_DIAMOND_BUNDLE_HERO_PACK,英雄升级礼包
8852faf43aaec9ce,TID_BP_SKIN_UNLOCKED,<skin>已解锁！
2e86ce62e32e1f86,TID_BALLOON2_ABILITY_NAME,骷髅轰炸
cd178fca24ec9fd6,TID_CONFIRM_PARTIAL_TRAINING_TITLE,确认训练
ec73e71c93083fb7,TID_BOOSTER_FINISH_BUILDING_UPGRADE_ALT_2_LINE,建筑之书
d979155148732a59,TID_DECO_GOBLIN_BARREL,哥布林飞桶
ec549a5c28c8b2f2,TID_MEDALS,联赛奖章
cd9451085284cfec,TID_ERROR_POP_UP_LOGIN_FAILED,请稍后重试。
464f68be34817484,TID_CHAT_RULES_OK,我了解
139884e9361ae715,TID_CLANGAMES_TASK_INFO_DESTROY_SCATTERSHOT,在联机模式中摧毁<num>个<building>。
71cbf297422abdfa,TID_SETTINGS_CHANGENAMENOTE,注意！您只能更改一次名字！
390fa3d53387619c,TID_BUILDING_TELESCOPE,星空实验室
a88cb095520b5d00,TID_BATTLEPASS_TASK_WIN_STARS_USING_BAT_INFO,在联机模式中使用蝙蝠法术赢得<num>颗胜利之星。
fd9836b2353cbca5,TID_CHARACTER_GRAVE_GOLEM,女巫戈仑
cff6617c94215023,TID_WL_COLUMN_DRAWS,平局
6d3e8ed9d4a3adb6,TID_PLAYER_AVAILABLE_FOR_RECRUITING_DESC_CN,是否愿意接收加入部落的邀请？
f32c4cbef3ea23d2,TID_CHALLENGE_NOT_AVAILABLE_NO_ARMY,都城大本营升至2级即可发起子城友谊战！
940b5d0333366374,TID_BABY_DRAGON2,飞龙宝宝
f8f2d381618a30f3,TID_CLANGAMES_TASK_LOOT_DARKELIXIR,暗黑重油大案
c65d9d336c6b4fe3,TID_WARMACHINE,战争机器
1214031a4467e1e8,TID_UNLOCK_DISTRICT,解锁子城：
f37366b7f65b606c,TID_ARRANGED_WAR_REQUEST_SENT,部落友谊战邀请已发送
49a1bfb92570d85c,TID_NPC85,建筑工人大都会
db6d810f2ca84a6f,TID_PRESET_SAVE_FAIL,无法保存军队配置，请重试
d5befb308ed4ffd5,TID_PRESET_FULL,已满！
525fb8dadd53748c,TID_GEAR_INFO_LIFE_GEM,附近友军单位获得额外生命值
3cfbed29d785fc41,TID_NEWS_UPGRADE_OS_MORE,更多信息
1fe3ef1fff2c3002,TID_SHIELD_ACTIVATED,对手获得<hours>小时护盾
c5d9e51a74a57276,TID_DECO_FIRST_BARBARIAN,野蛮人先祖
a48251d14bdc8112,TID_EDIT_MODE_ERASE_OFF,删除模式关闭
d751ac107a90108e,TID_REQUIRED_LABORATORY_LEVEL,需要<number>级实验室
971be2af1c1b6a18,TID_BATTLEPASS_TASK_DO_RAID_ATTACKS,全面突袭
1583b723bc788903,TID_EVENT_TEXT_TH12_INFERNO_PACK,12级大本营地狱之塔礼包
a49a2cb8cedf8114,TID_FEATURE_DARK_ELIXIR_DESC,另一种形式的圣水，但纯度更高，能量更大，可用于训练更强大的军队！
7be98bc0517e225d,TID_NPC_CHALLENGE_TH12_YETI_HEALERS,派出<c54a0fe>天使</c>支援<c9916c8>大守护者</c>。
22aa8619b32fdc89,TID_REENGAGEMENT_BUILDER_2,请您签字验收，这里......这里......还有这里......
fa2b4c15f35a8509,TID_RAID_CART,突袭炮车
99a0e4a83832531f,TID_STARBONUS_WINDOW_TREASURY,胜利之星奖励已运送至您的宝库！
5ae85236abbb5dc9,TID_PEKKA2_ABILITY_NAME,能量过载
d3900617c98aad3c,TID_BATTLEPASS_TASK_INFO_WIN_BATTLES_USING_LOG_LAUNCHER,在联机模式中使用攻城滚木车赢得<num>场战斗。
f668eee768057e32,TID_LABORATORY_UPGRADING_CANNOT_START_SPELL,实验室正在升级，暂时无法升级法术
f731e8e4100b377d,TID_OBSTACLE_HALLOWEEN2019,惊魂树
1d10a483db4895f7,TID_DIAMOND_BUNDLE_TH4_INFO,• <gems>宝石\n• <res0>金币\n• 1级防空火箭\n\n礼包中的建筑无需花费建造时间，存放礼包中的资源不受最大储量限制！\n\n该<cffec78><value>倍超值礼包</c>只可购买\n一次，千万不要错过哦！
c908c3f4bb8899cb,TID_TRAP_AIR2_INFO,空气陷阱信息文本
ae369ab34ed0603d,TID_BATTLEPASS_TASK_WIN_BATTLES_USING_YETI,雪怪出没
d4c9e8a34123eb10,TID_NPC_CHALLENGE_TH8_GOWIPE_WIZARDS1,派出<c54a0fe>法师</c>提供支援。
1a92722b22bd548e,TID_VILLAGE_PREPARED,村庄已准备就绪
6ec45586dd887368,TID_TENCENT_CREATE_NEW_ACCOUNT_CONFIRM,您目前的游戏进度已绑定了另一个账号。您确定要登录这个QQ/微信账号来创建新的游戏进度吗？
26da3400ce09ecc8,TID_BUTTON_SHARE_LAYOUT_CHAT,分享至\n部落内部
a50ef47f4fa7a01a,TID_LINK_CODE_TITLE,关联代码
b6a736819b9b371a,TID_BUTTON_PLAY,参加挑战
01b375dd788e28c7,TID_TUTORIAL_WAR_LEAGUE_11,获得最多胜利之星的部落将赢得整场部落对战联赛。
3a288acc2acf6c04,TID_GOLEM_SEC,小戈仑石人
0d7603dd0e6adbb5,TID_WAR_SEARCH_CANCEL,正在取消搜索...
434dda09a817d0fa,TID_SUPER_GIANTS,超级巨人
b8ddcb747cfe4717,TID_HINT LOOT_BONUS,想要获得更多战利品吗？加入联赛，每次获胜后可获取资源奖励。
75a665d2c53dadbe,TID_DIAMOND_FOUND,您从<name>中找到1颗宝石！
c30cc092262b5ab9,TID_NPC28,自然防御
b0da034e62f4c731,TID_DIAMOND_BUNDLE_BH7_INFO_ALT,• <gems>宝石\n• <res0>圣水\n• <res1>金币\n\n存放礼包中的资源不受最大储量限制！\n\n该<cffec78><value>倍超值礼包</c>只可购买\n一次，千万不要错过哦！
9627b8c42a27cd03,TID_NOTES_LAST_EDITED,最后编辑：<cffffff><name></c>
d2fd584b29d56e38,TID_SETTINGS_OFF,关闭
2e1a6d04518945e0,TID_CLAN_AVAILABLE_FOR_RECRUITING_TITLE,寻找新成员？
bbbf25bc6cc75503,TID_WAR_DURATION,对战时间：
340c9666c9852239,TID_LEAGUE_STONE2_SHORT,石头2
300f508ef79f7172,TID_BUTTON_RETURN_TO_WAR,战争地图
0f217664201546e7,TID_BUTTON_SELECT_MORE,选择整行
06436f8d3d4b13d4,TID_BP_SEASON_BANK_EXPANDED,月度挑战资源箱容量已提升！
740421f222d4a720,TID_BUILDING_AIR_DEFENSE_SMALL,防空火炮
aeb8610966d57c3d,TID_DONATION_REQUEST_ONLY_ALLOW_MAX_LEVEL,只接收您目前可以接收的最高等级单位
5b1daa9a131f05af,TID_CLANGAMES_TASK_INFO_DESTROY_GOLDMINES,在联机模式中摧毁<num>个<building>。
3c63b144cee6f4c2,TID_INFO_BALLOON_CARRIER,里面挤满的不是炸弹，而是骷髅兵，骷髅兵从气球里直接跳到敌军旁边发动攻击！
1a4b1407148be5dc,TID_NPC_CHALLENGE_GET_RID_OF_CC_WITH_POISON,使用<ce98714>伤害药水法术</c>消灭敌方部落援军。
63748fc0e27f7405,TID_TRAP_HALLOWEEN_SKEL_INFO_SHORT,配合防御建筑扰乱敌人的进攻。
d18348c38507f8eb,TID_TENCENT_LOGIN_TOS,《腾讯游戏许可及服务协议》
458c8a99be232372,TID_PROMOTE_TO_LEADER_CONFIRMATION_TITLE,移交职位？
621f4fda8d920928,TID_WL_COLUMN_LOSSES,战败
3e057d3b2a145b24,TID_LEGEND_SEASON_END_INTRO,恭喜，您的传奇表现令人惊叹！
c8f070a7abf0b07e,TID_CLANGAMES_TASK_WIN_STARS_USING_HEAL_INFO,在联机模式中赢得<num>场战斗，每场战斗需使用<num2>个疗伤法术。
80248bf89b1ab4e0,TID_TAB_ALLIANCE_CHAT,部落内部
a723273fe15e980d,TID_LEAGUES_LEAGUE_ORDER,联赛等级
a54eaf957edeed96,TID_CLANPERK_UNLOCKED_PERKS,部落特权
af82f7b99737e286,TID_BP_PERK_GEM_DONATION_COST_DESC,所有快速增援仅需1宝石。
80e1b30ee2313fd3,TID_ALLIANCE_ACCEPTED_BY,<name>接受了该请求
5afedcc20aaf6ca6,TID_RIVER,河流
4e02e8e130db6302,TID_TUTORIAL_WAR_LEAGUE_6,首领，别忘了提前给部落成员进行增援，为第二天的对战做好准备！
4551b7a8092130ba,TID_REGULAR_THEMED_BUILD_OFFER_INFO_TH0206_999,• <res0>金币\n• <booster1>瓶建筑工人药水，可在1小时内将建筑工人的工作速度提升至原来的10倍\n\n• 存放礼包中的物品不受最大储量限制！\n• 该礼包在显示期间可购买4次\n• 不要错过这个升级防御的好机会哦！
d91023633e8646ac,TID_TENCENT_USER_PRIVACY_POPUP_TITLE_2,提示
2bcf980f4840645f,TID_BATTLEPASS_TASK_WIN_BATTLES_USING_GIANTS,无敌巨人
554cf221b26783c7,TID_STREAM_SHARED_LAYOUT_BUILDER_BASE,分享了一个<num>级建筑大师大本营阵型
212ff9c0817b3ac1,TID_IAP_NOT_AVAILABLE_CAFE_BAZAAR,无法购买！确保您的设备安装了《Cafe Bazaar》应用。
32fac82841755ae5,TID_RESOURCE_PRODUCTION,每小时产量：
4ef6677dff8f889f,TID_CLAN_AVAILABLE_FOR_RECRUITING_DESC,是否愿意接收其他玩家加入您部落的请求？
687f7629f1d5b1d4,TID_FEEDBACK_MAIL_TEXT,\n\n\n---------请勿删除！---------\n<tags>\n------------------------------\n
caf73efe40437293,TID_CLANGAMES_TASK_GET_LEVELKILLS_VS_ARCHERQUEEN,悬赏女皇
68c3d656ec60f943,TID_DIAMOND_BUNDLE_MAGICITEMS_HERO_BOOK_WITH_RESOURCES,英雄之书礼包
84cb083795d7e779,TID_BATTLEPASS_TASK_WIN_STARS_USING_INVISIBILITY,隐身大法
1156d1943b9aa3b6,TID_NOTIFICATION_RESOURCES,资源和每日奖励
176fd47592843f04,TID_TENCENT_DOLPHIN_DOWNLOADING_72,更新下载差异文件
65bf5ce519e4b47c,TID_AIR_BLASTER_INFO_SHORT,毫不客气地将敌方空中单位吹走。
7ac915b2208dd1a5,TID_TRAINING_QUEUE_IS_EMPTY,部队训练队列为空
e405ff25af9bce15,TID_INFO_TAGS_PLAYER,最多可选择<max>项个性标签描述您的游戏风格。
2f0c3ab563365c62,TID_CAPITAL_TUTORIAL_9,每个子城都有不同的建筑和地形。好好利用这些建筑和地形，让你的都城变得更强。
5097a5349b1927a6,TID_ALLIANCE_WAR_SAVE_VILLAGE,保存村庄阵型
01b16d8532c05d3e,TID_CHALLENGE_HEADER,发起挑战，邀请部落成员攻击您的村庄
78b247b127e5bd3c,TID_PET_MELEEJUMPER_INFO,作为村庄里最忠诚的猎犬，莱希时刻保持警惕，守护着村庄。一旦发现敌人，她会毫不留情地发动追击。但如果敌人会飞，她便只能用目光震慑他们了。
ac484deba3ff6538,TID_STARTER_UPGRADEBUILDING,升级任意建筑
fc2750f018e0d3df,TID_REENGAGEMENT_LOOTCART_2,快来收集这些资源，开始升级吧！
f4e5859edaf697b9,TID_CLANPERK_DESC_DONATION_REFUND_VALUE,<value>%费用
e5fbe3bee8b96cdb,TID_ALLIANCE_DATA_FAILED_NOT_FOUND,无法搜索到部落。
98229084ad4a92b0,TID_LEAGUES_I,1
5c1cfa7dc95c2344,TID_CLOCKWORK_WARDEN,发条木偶守护者
7b925407a725dbf2,TID_STARTER_TH2_INFO_BUILDBARRACKS,从商店获取一座新的训练营！
f384512bd24da674,TID_BOB_FEATURE,小博
bd2f1cc39abc20d2,TID_CHARACTER_INFO_PUMPKIN_BARBARIAN,自制南瓜头盔效果还挺不错，意不意外？直到破碎前，南瓜头盔都能替野蛮人承受伤害。
f8c69ebf5c247129,TID_DECO_GOBLIN_CELLAR,哥布林地窖
8520924d3071a522,TID_ALLIANCE_STREAM_REWARD,您获得了<number>点经验值
123a66e1ab6d3a87,TID_POPUP_BOOST_ELIXIR_COLLECTOR,确定在<time>内使圣水产量加倍吗？
d61c9708a1a53aa3,TID_REENGAGEMENT_LAB_DID_UPGRADES_SOME_LEFT_2,应该是法师为您完成了一些研究。
661b0bd76dc0515b,TID_GEAR_INFO_SEEKING_SHIELD,投掷盾牌，在防御建筑间弹跳并造成伤害。
4982a43a5f477620,TID_ALLIANCE_WAR_STAT_PARTICIPATION_TOP,已用攻击数（实力靠前村庄）
4e3c92bc42e47d2f,TID_PET_ABILITY_ELECTROWL,电击高手
d9a5a6b0ad31ebbb,TID_ALLIANCE_LEAVE_CONFIRMATION_TITLE,退出部落吗？
100ea62222dce332,TID_ACHIEVEMENT_DRAGON_SLAYER_TITLE,屠龙勇士
8ad7a056fb0fe056,TID_MEDAL_EVENT_COMBAT_ITEM_LOCKED,收集更多<soft_currency>以解锁
23d30ff6f9dc1e09,TID_FREEZE_SPELL_INFO,当战斗进入白热化，我们更要保持冷静！\n\n冰冻法术能发出一道低温冲击波，可以暂时冻结有效范围内的敌军部队和防御性建筑。
340a3baff28e5727,TID_FRIENDLY_WARS,已启用部落友谊战
7226ea8483145387,TID_TROOP_HEAL,对部队治疗量：<number>
18dc59c1a92a543e,TID_CHARACTER_FIREMITE,
9f4a90dcef7d13f2,TID_BATTLE_LOG_COL_3,结果：
80971b8da2b446d2,TID_EQUIP_TITLE_PET,战宠
1326c16695978240,TID_HINT_RESOURCE_LOSSES,即使您的村庄被彻底摧毁，您也不会失去全部金币和圣水。
d06baccfc052e52d,TID_TUTORIAL_RUINS_3,你可以在这里查看可获得的物品和所需的都城金币数量。
a77a84f3faa2a467,TID_SNOWED_IN_SCENERY,凛冬雪夜
bebcd0f8986b99aa,TID_PLAYER_MUTED_HUD_MESSAGE,您已被禁言，详情请查看您的收件箱。
faba301d19e5b474,TID_ACHIEVEMENT_GEAR_UP,使用建筑大师改装<number>个建筑
239bc5bf6a68f1b6,TID_TUTORIAL_RAID_WEEKEND_3,击败这个都城后，你的部落会匹配另一个部落。你们会不断遇到新的对手部落，直到突袭周末结束。
7fa80bbbcbf8ccc1,TID_CHALLENGE_WAITING_TO_JOIN_LIVE,观看实时回放，看看您的好友打得怎么样？
5196a594cce779c4,TID_CHESS_QUEEN,象棋女皇
b4c06f498e2302a7,TID_FRIEND_LIST_TEAMUP_1,与好友一起游戏
0032065d7c859803,TID_DIAMOND_BUNDLE_MAGICITEMS_VILLAGE_UPGRADE_PACK_INFO,• <gems>宝石\n• <res0>金币\n• <res1>圣水\n• <booster1>本建筑之书\n• 存放礼包中的物品不受最大储量限制！\n\n想升级建筑？这个礼包有您需要的一切！\n\n千万不要错过哦！
6f449986e7e8d101,TID_DEVICE_LINK_SUCCESFULL_NEW,您已成功将游戏关联到该设备。要开始玩游戏，点击「确定」即可加载您的账号。祝您玩得开心！
38f194f380980800,TID_ALLIANCE_WAR_NOT_IN_CLAN,您要先加入部落才能参加部落对战！
af77ae84cbb0fa6a,TID_DIAMOND_BUNDLE_MAGICITEMS_BUILDING_BOOK_AND_HERO_BOOK,魔法书礼包
753a63d9bed8afce,TID_ERROR_POP_UP_SERVER_MAINTENANCE_ESTIMATED_HOUR,抱歉，服务器正在维护中。请在约1小时后重试。
7b882a5c2f12e893,TID_BUTTON_SCENERY,更换场景
1b148997f2628bea,TID_SUPPORT_CREATOR_TITLE,助力创作者
ce638bd88bf9731e,TID_REGULAR_THEMED_PREPARE_OFFER_INFO_TH0206_999,• <res0>圣水\n• <booster1>瓶训练药水，可在1小时内提高部队训练速度、法术配制速度、攻城机器建造速度和英雄恢复速度\n• <booster2>瓶力量药水，可在1小时内将您的部队和法术强化至您当前大本营所支持的最高等级\n• <booster3>瓶资源药水，可在1天内大幅提升资源采集器的采集速度\n\n• 存放礼包中的物品不受最大储量限制！\n• 该礼包在显示期间可购买4次\n• 立即升级您的英雄、部队和法术！
eed523400275f87e,TID_CLANPERK_DESC_WAR_LOOT_CAPACITY,宝库额外储藏空间：
785e4a072ff833f1,TID_BB_ATTACK_GOLD_STORAGE_FULL_TEXT,建筑大师金币已达存储上限，仍要继续进攻？
936ece87d527305c,TID_LEAGUE_CRYSTAL1_SHORT,水晶杯1
1bac3d8f9ff1270b,TID_CAPITAL_PLAYGROUND_INTRO,已有成员进攻过这座子城。让我们接力作战，继续进攻吧！
b62a0835b08ceef6,TID_NPC_CHALLENGE_TH13_HYBRID_CLEAN_UP,使用剩余的法术帮助部队完成进攻。
7d7759a26340a85e,TID_BATTLE_LOG_ITEM,<name>在<time>之前攻击了您。
fd36eb1f28cbd191,TID_TUTORIAL_CHANGE_NAME,这一仗打得精彩！赶紧为您的村庄取个响亮的名字吧。
ea1a542ae53f3a68,TID_PLAYER_SEARCH_HINT,输入您要搜索的玩家标签
fdc7a34d514a4774,TID_AVATAR_MESSAGE_SENDER_PLAYER_SUPPORT,玩家支持
3d07bdc4e83fed9c,TID_BATTLEPASS_TASK_INFO_WIN_BATTLES_USING_SIEGE_BARRACKS,在联机模式中使用攻城训练营赢得<num>场战斗。
7c18acca8f3e1a12,TID_SHIELD_ON_COOLDOWN,护盾暂不可用！
4427248560146ec0,TID_UNIT_STORAGE_CAPACITY,部队容量：<number>
e284fab099cae1b9,TID_CAPBUILD_SPELLLAB_GRAVEYARD_INFO,配制一桶桶骷髅召唤法术。时不时会有骨头咔嗒作响，你就当没听到吧。
7cf944e6f1e69945,TID_CLAN_GAMES_CENTRE_INFO,部落竞赛开始后，您可以
032b882b2f331358,TID_BP_AUTO_CONVERSION_TEXT,仓库空间不足，溢出的奖励已替换为宝石。
f88509dcd2f8d184,TID_CAPITAL_ARMY_SAVE_OK,都城军队已更改
1f201b4e39a4a987,TID_ACHIEVEMENT_CASTLE_UPGRADE,将部落城堡升至<number>级
0c1fb797f72d865f,TID_PLAYER_SEARCH_INTERNAL_ERROR,搜索玩家失败。请稍后重试。
cfe1770b6c4a00d5,TID_DECORATION_PINETREE,杉树
18880bb73b3dfecb,TID_LINK_SAME_PLATFORM_TITLE,与苹果游戏中心(Game Center)同步
b57d8cec1312a72d,TID_SIEGE_MACHINE_BALLOON_INFO,攻城气球这台重型飞行器会朝防御建筑飞过去，然后投掷巨石将其夷为平地并造成地震效果。法术对攻城气球无效。
ebaaf373b8edbbb3,TID_NAME_ALREADY_CHANGED,名称仅能更改一次。
a71acff92812a699,TID_LAYOUTS_VILLAGE2,建筑大师基地
6e79eff33bac232a,TID_CAPITAL_RAID_DISTRICT_ALREADY_DESTROYED,子城已被摧毁
bb1c9fe72050f0e3,TID_ALLIANCE_UNAVAILABLE,无法查看部落信息
dbdfa4d4b453912b,TID_MAINTENANCE_ESTIMATED_SOON,请在几分钟后重试。
0dad239ca621684e,TID_CHARACTER_INFO_SIEGE_MACHINE_FLYER_SHORT,一路投掷炸弹，目标直指敌方大本营。
4755b3977d7bd903,TID_PRESET_ORIGINAL_TROOP_ALREADY_INCLUDED,普通兵种已在军队配置中
e2faa88c88692909,TID_BUILDER_BASE_CAMPAIGN_TITLE,大狂欢挑战
ae5e0282d376c2b0,TID_WAR_DONATE_DONE,您向该玩家派遣的部队数量已达上限！
27241f350573a396,TID_SEARCHING,正在搜索......
3db31652ffbf39db,TID_LEAGUE_INFO_REMEMBER,参与的联赛级别越高，额外奖励越丰厚！
67ce4acf9a432fa1,TID_ACCOUNT_LOCKED_INVALID_CODE,解锁代码无效！
bf9c628c29e6080c,TID_TAB_PREPARATION,准备日
af2fc016f0f5f3df,TID_CAPBUILD_SPELLLAB_FREEZE,冰霜法术工厂
4ef7e05f00a5f078,TID_HINT_DARK_ELIXIR_BUILDINGS,从7级大本营开始可以储存、生产暗黑重油，还可训练暗黑重油部队！
3c2d2a06b2a6c46c,TID_BP_PERK_SAVINGS_MULTIPLIER,月度挑战资源箱加成
3291e703d138d19a,TID_CHALLENGE_DEFAULT_INPUT,你能攻破我的村庄吗？
e913980863af18ba,TID_BATTLEPASS_TASK_WIN_STARS_USING_EARTHQUAKE_INFO,在联机模式中使用地震法术赢得<num>颗胜利之星。
0ba47d8d29af5b26,TID_SKIN,<hero>的<name>皮肤
85a2c09fb9f91779,TID_DIAMOND_BUNDLE_TH8_INFO,• <gems>宝石\n• <res0>金币\n• 1级炸弹塔\n\n礼包中的建筑无需花费建造时间，存放礼包中的资源不受最大储量限制！\n\n该<cffec78><value>倍超值礼包</c>只可购买\n一次，千万不要错过哦！
fec2ea65c56302a8,TID_MAINTENANCE_ESTIMATED_HOUR,请在约1小时后重试。
978dfce58f19815a,TID_ERROR_POP_UP_SERVER_MAINTENANCE_ESTIMATED_LONG,抱歉，服务器正在维护中。请在几小时后重试。
65b2920864aeae56,TID_STREAM_EVENT_CANCELLED_ARRANGED_WAR,部落友谊战已取消
f390f97d1556c588,TID_WAR_STATS_TITLE,部落对战数据
a371351971eaf006,TID_LAYOUTS_COPY_LABEL,复制阵型
ea3c520137f00371,TID_NEWS_UPDATE_OTHER_TITLE,游戏平衡性调整
c8ec412e2af5572c,TID_TENCENT_CUSTOMER_SUPPORT,腾讯客户支持
f54c05f13f48fd9b,TID_ACHIEVEMENT_GOLDSTORAGE_COMPLETED,最高储金罐等级：<value>
0d5e863ffb32aa05,TID_CANNON2_INFO,标志性地面防御建筑，经典铸就永恒！这一经典之作让建筑大师不免心生几分感怀。
986c322d6699d3ef,TID_TRADER_FEATURE_DESCRIPTION,商人每周都会带来各种精选商品，记得常来看看！
bd0aa081a888a3da,TID_DIAMOND_BUNDLE_TH13_INFO,• 3级飞盾战神\n• <res0>暗黑重油\n\n礼包中的建筑无需花费建造时间，存放礼包中的资源不受最大储量限制！\n\n该<cffec78><value>倍超值礼包</c>只可购买\n一次，千万不要错过哦！
8e1c43ab722b9173,TID_CHARACTER_INFO_MAGIC_ARCHER,超级弓箭手练就了超强臂力，她的箭矢可以对路径上的多个建筑造成伤害。
9d46eaf1522b3000,TID_NPC_CHALLENGE_TH8_GOWIPE_EARTHQUAKE,施放<ca9561f>地震法术</c>削弱密集排布的防御建筑和城墙。
51b6f6b1f66e688c,TID_WL_INFO_LIVE_TAB0_HEADER,对战周
53a42627aa70f8c3,TID_RES_PACK,资源礼包
f9ef0bb8046e9f77,TID_DECO_FOREST_3,森林
a3c9a438b66b527c,TID_WAR_INFO_HEADLINE,概况
91bca317d527305c,TID_LEAGUE_CRYSTAL2_SHORT,水晶杯2
de8c6514681b5998,TID_REMOVE_TROOP_MESSAGE,部队已移除
3f48af728fdfcb8d,TID_NEW_ITEMS_UNLOCKED,已解锁
d4e56df962373d9f,TID_CHARACTER_INFO_DARK_WITCH_SHORT,有蝙蝠陪着，你永远不会感到孤单。
16ac48991d2ed2e7,TID_COLLECT_CRAFTED_RESOURCE,收集
32b76dc1c97a7583,TID_NO_TREASURY_LOOT_TO_COLLECT,宝库空荡荡，暂无资源可收集！
8a29395cc89ed51f,TID_ACHIEVEMENT_DESTROY_INFERNO_COMPLETED,总共摧毁地狱之塔：<value>
e6b53e5a1bf6b51c,TID_BATTLEPASS_TASK_DEPLOY_SPELLS,法术弥漫
df26de97600c588d,TID_ALLIANCE_WAR_NEW_WAR,新战争
cc505912cdbbb4ec,TID_CONFIRM_ALLIANCE_GAMES_SPEEDUP_TITLE,准备好迎接新挑战了？
314497686b8fccae,TID_BUILDING_PART_LOCKED_BY_REPUTATION,都城声誉等级达到<level>级即可解锁该部分
22f2f804c26a6ff9,TID_TRAP_AIR_INFO,作为防空领域的一大革新之作，这种陷阱可以对小范围内的多个空中目标造成伤害。
17d13390cff8e1c1,TID_CANCEL_FRIENDLY_WAR_HEADER,拒绝友谊战邀请？
7b682a44d0e97db7,TID_RUINS_SPELL_FACTORY,法术工厂废墟
e727ac67beb46c81,TID_RESOURCE_PACK_GOLD_10,补充最大储量的10%
894a19e5816e1e2c,TID_MOVE_MASTER_BUILDER_ERROR_VILLAGE_BB,建筑大师目前在家乡村庄
7f4cdaf784eab514,TID_ADVANCED_MEGA_TRAP_INFO_SHORT,是哪个狡猾的人设计出了这么大的炸弹？
f11f59f667b0f0b1,TID_KICK_DEFAULT_MESSAGE,抱歉，我们决定将您请出部落。
a0380c9e03872185,TID_SPELL_BAG_OF_FROSTMITES_INFO,短暂冰冻目标区域，并缓慢召唤活蹦乱跳的小冰怪，来吸引附近防御设施的火力，并减缓其速度。
23e3ceae627ef0eb,TID_NOT_ENOUGH_SPACE_IN_TREASURY,您的大本营空间不足，不能存放<booster>。
a0a7d008f2927964,TID_CAPBUILD_BARRACKS_GIANT_INFO,超级巨人的家。到处都散落着他们的训练器材！
fe1115bc9c2d1534,TID_CANNON_CART_MORTAR_MODE_UPGRADE_INFO,迫击炮模式下的伤害提升至<num>
a8c1c88bf3a47bc1,TID_SUPER_CHARGED_PEKKA,雷霆皮卡
0055cd32a71ea405,TID_SIEGE_MACHINE_CARRIER,攻城训练营
937178a40e5f2fd7,TID_BUNDLE_TOWN_HALL,大本营升级礼包
4c6e139960b61c96,TID_JUMP_SPELL,弹跳法术
d28eb79383fbf0ae,TID_CLANGAMES_TASK_DESTROY_MV_BUILDINGS,拆毁建筑
d3268a757868f54e,TID_SHOP_SHIELD_7D,一周护盾
9a21ef8af3545be3,TID_DECORATION_GOLDEN_GOBLIN,招财诗人
bc74a2cac9f7c2ec,TID_POPUP_SPEED_UP_BOOSTER_UPGRADE,您想使用<booster>立即完成<item>的升级吗？
bccae33ebf092cdf,TID_ALLIANCE_VISIT_BUTTON,参观都城
3b3baa5f747999f9,TID_BUTTON_SPEEDUP,立即完成
142498bfcccfa859,TID_REQUIRED_SIEGE_WORKSHOP_LEVEL,需要<number>级攻城机器工坊。
ddd4ac704ad0c60a,TID_GEAR_RESOURCE_BONUS_LOOT_TITLE,部落对战结束时可获得：
4bc4a5b1dff3ac71,TID_HINT_LABORATORY,您可以在实验室升级部队，让它们变得更加强大！
007d2e50c321a9c2,TID_ATTACK_SPEED_INCREASE,攻击速度提升：<number>%
bc28f57df9b669e7,TID_TUTORIAL_SEASON_CHALLENGE_6,其他特权可以让您在建造、升级、研究、训练或增援时花费更少时间或资源。
559fcc63cb2ef5b0,TID_BOW_INFO,十字连弩会发射威力巨大的弩箭。在装填圣水后，十字连弩会自动运行。您可将十字连弩设置为攻击大范围内的地面目标，或较小范围内的所有目标。
4c153ab7d509af8c,TID_CLAN_WAR_FREQ_ALWAYS,始终
b67c01f9bdf2bd82,TID_CAPBUILD_CANNON,加农炮
63fdeb563976f34a,TID_NEWS_SEP_V2_BALANCING_TEXT,• 建筑大师基地推出两个全新单位：防御建筑——巨型加农炮；空中部队——骷髅气球。\n• 您的部队可升至14级，建筑可升至7级。\n• 战争机器可升至15级。
bcf675d8b9221389,TID_BOOSTER_MAX_LEVEL_ARMY_ENABLED,军队已强化
947f6b9ae2abe4a9,TID_BOOSTER_FILL_GOLD2_STORAGE,建筑大师金币符石
c1518509194b45b0,TID_NPC22,奥马哈海滩
0d5606287a676450,TID_BP_BONUS_POINTS_INFO,您上一赛季获取了黄金令牌，如果本赛季再次获取黄金令牌，您将获得额外的月度挑战积分。
47eb105b8472403e,TID_CAPITAL_ARMY_SAVE_FAILED,保存都城军队失败
fcdabede67580318,TID_CHAT_REPORT_CONFIRMATION,确定要以不当行为为由举报<name>吗？
48bc9f7666383812,TID_CLANGAMES_TASK_INFO_DESTROY_BB_BUILDERHALL,在建筑大师基地战斗中摧毁<num>个<building>。
eab720435ce63074,TID_EVENT_BOOST_EVERYTHING,周末特惠：任一建筑加速仅需一颗宝石！
18ee5c0699422787,TID_TAB_NEWS,新闻
8d70aa4086d81b36,TID_SEASON_NAME,<year>年<month>赛季
2a53074ceb7f108d,TID_BATTLEPASS_TASK_WIN_BATTLES_USING_BOWLERS,投石全中
93578ea4fb0b934b,TID_CAPBUILD_ARMY_FIELD_INFO,等待突袭开始的日子里，您的部落大军可以在这里休息放松。升级兵营可增加部队容量。
3f9634f99f743836,TID_XMAS_SPELL_INFO,向圣诞老人许个愿，让他把那些\q爆炸性\q的礼物砸向敌人的村庄吧！
3c81fa6aa6d944eb,TID_XP_BUTTON_PUZZLEANDDRAGONS,免费
2fcc3c4bc4ceaa57,TID_NEXT_MATCH,下一个
c5501481dbaf6550,TID_CHARACTER_INFO_DRAGON_SHORT,坚硬的鳞片配上凶猛的火焰，令人闻风丧胆。
60b88291b6a1a975,TID_CLANGAMES_TASK_USE_WIZARDS,法师派对
495d9f4dadc13f0f,TID_WL_STAT_POSITION1,第1名
911008dbcd1fd102,TID_BUY_LAYOUT_SLOT_HEADER,购买新栏位？
862291941182e53b,TID_TRAINING_SCREEN_TAB_SIEGE_MACHINES,建造攻城机器
d4adb5d2e1171105,TID_TRAP_BOMB,隐形炸弹
dca270c8e2c599a5,TID_BOMBER_ABILITY,弹跳炸弹
6327093c35fddcc0,TID_LEAGUE_WARDEN,联赛守护者
a5a447f29eed4159,TID_POPUP_BOOSTER_FILL_STORAGE_ALMOST_FULL,您的<res>储量已接近最大储量，您确定要使用<booster>补充<num><res>吗？
1a26656f96e99a41,TID_TRADER_MENU_TITLE,每周精选
08031f116fc5d18e,TID_RESOURCE_PACK_ELIXIR_FULL,装满圣水
f757fe0d7d83f159,TID_CAPITAL_UPGRADE_DEPRIORITIZE,取消
743b5f99c07f164b,TID_SUPER_DRAGON_INFO,体内有火不算什么，超级飞龙内外都冒火！只要开始战斗，他全身每一处都能迸发出熊熊烈焰。
4e8f9e74a336e671,TID_ENDOFSUMMER_OFFER_INFO_TH0712_0999,• <res0>暗黑重油\n• <booster1>本英雄之书，可用于立即完成任一正在进行的英雄升级\n\n• 存放礼包中的物品不受最大储量限制！\n• 该礼包可购买5次！\n\n限时礼包，不要错过哦！
3bbd9fabca739262,TID_CAPITAL_RAID_VISIT_INVALID_TARGET,您无法侦察该子城
b04e7c0d7d7f3e2a,TID_COMPLETION_BONUS_INFO,活动期间继续收集<soft_currency>，以获取更多<hard_currency>！
e50a6b418f775cfa,TID_INFO_POP_UP_TOS_PP_NOTE_AMAZON,《部落冲突》是一款免费游戏，但是您可以通过应用内购买加速游戏进度。（要禁用这一功能，请在亚马逊应用商店设置中关闭应用程序内购买功能。）点击确定以接受我们的条款与隐私保护政策。
f974fc971962be52,TID_ARTO_UNLOCKED_INFO,小博正在家乡村庄帮忙！希望那里的建筑工人不会察觉到什么异常。
bb9f058891b9c081,TID_JUNGLE_QUEEN,丛林女皇
651423601b087a61,TID_ALREADY_BOOSTED,此建筑已经提速！
b2c2e04f5f2c8861,TID_PAID_NAME_CHANGE_INTRO_TEXT,想花费宝石更改名称？\n如果您更改的名称令人不适，我们保留对其进行修改的权利，且不会退还宝石。
e45e75f20d0dce70,TID_TOWN_HALL_13_INFO_SHORT,巨型地狱之塔的烈焰与凛冽寒冰的合奏。
aeb49a3ced327f36,TID_FIND_NEW_MEMBERS,寻找新成员
1e235ca9089ba46b,TID_ACHIEVEMENT_COMPLETED,该成就已完成！
8ffee7f1f00d8bed,TID_ALLIANCE_REJECT_DEFAULT_MESSAGE,抱歉，我们不接受您的加入请求。
f6cb8581244c92e8,TID_ALLIANCE_WAR_STARTWAR_INFO_NOT_ENOUGH_MEMBERS,参与部落对战，为荣誉、资源奖励和部落经验值而战！\n\n\n您的部落至少需要10名部落成员才能参与部落对战。
22807f46e528db16,TID_JOINALLIANCEQUESTION,接受部落邀请？
ece153f6893d856a,TID_LEAGUE_PLATINUM1_SHORT,铂金1
5f9346669a7b2e5e,TID_WAR_DONATE_MESSAGE_SAVED,捐兵消息已保存
e6172115e8d7d5cf,TID_PET_FROSTY_INFO_SHORT,释放一群冰冷的小不点，让敌人冷静冷静。
c8503aa9ac633463,TID_BUILDING_OTTOS_OUTPOST_INFO,奥仔的家，也是第2区域的主要建筑，里面可能还有其他好斗的机器人。\n\n在进攻中摧毁奥仔哨站可额外获得一颗胜利之星。
24cc1ab29712a290,TID_BUTTON_OKAY,确定
74713564b5ad036e,TID_CLANGAMES_TASK_INFO_DESTROY_BB_AIRBOMBS,在建筑大师基地战斗中摧毁<num>个<building>。
eaf33e2a782508ca,TID_CHALLENGE_COMPLETED,已完成！
ff424b04c1225081,TID_BATTLEPASS_TASK_INFO_WIN_BATTLES_USING_STONE_SLAMMER,在联机模式中使用攻城气球赢得<num>场战斗。
594a0ad73860b4bf,TID_CLANGAMES_TASK_INFO_WIN_STARS_VS_TOWNHALL_9,在联机模式中进攻9级大本营村庄，并赢得<num>颗胜利之星。
a7617164f8dbfcf3,TID_ALLIANCE_INVITATION_FAILED_NO_CASTLE,该玩家未重建部落城堡，无法邀请！
c6b7dcdc54624d24,TID_NEWS_BD_GIFTS_TEXT,《部落冲突》5周年生日快乐！和部落成员一起庆祝吧！您每次购买<c80d8e8>宝石 + 部落礼物</c>，都能给部落成员赠送额外的宝石。
1342c350ccd13418,TID_ACHIEVEMENT_GEAR_UP_COMPLETED,总共改装建筑：<value>
f3fe960ff2f012bf,TID_CANCEL_BOOST_CONFIRMATION,升级建筑将结束提速。您确定吗？
b88871a3052f6c87,TID_CLANGAMES_TASK_WIN_STARS_USING_POISON_INFO,在联机模式中赢得<num>场战斗，每场战斗需使用<num2>个伤害药水法术。
399f7989a8f59c5e,TID_CLANGAMES_TASK_INFO_USE_BABYDRAGONS2,在建筑大师基地战斗中赢得<num>颗胜利之星，每场战斗需使用<num2>只飞龙宝宝。
6e1a190c9cb9ec13,TID_BUTTON_TRAIN_PRESET,训练
7f247c58e7fb9e0d,TID_DIAMOND_BUNDLE_MAGICITEMS_TRAINING_POTION_ONLY,一小堆训练药水
721d220be5f679db,TID_ALLIANCE_JOIN_OK,现在您是 <name> 部落的一员了！
33bebca5158f70c3,TID_TRADER_COUNTDOWN,商品刷新倒计时：<time>
c92f7229f7b2af61,TID_SETTINGS_PLAYERNAME_CURRENT,当前名称：
d9d4fa75454d00af,TID_DIE_DAMAGE,被摧毁时造成伤害：<number>
13355a75c720dcd2,TID_SPEEDUP,急速法术
37818dfffc6bc158,TID_STARTER_TH3_TRAINLABORATORY,精兵强将
5a5b4c6e0ef98161,TID_DEVICE_LINK_ERROR_ALREADY_BOUND_TO_ALL_PLATFORMS,当前村庄已经关联。只可关联一次。
6a828200faa9ce1b,TID_ACHIEVEMENT_LOOT_ELIXIR_TITLE,圣水大亨
f4342f9d00f2d782,TID_CLAN_JOIN_FAIL_ALREADY_SENT,您需要稍等片刻才能再次发送加入该部落的请求！
9c1f9dda772de98c,TID_WECHAT_NOT_INSTALLED,您的设备尚未安装微信
a4583d9072979952,TID_TUTORIAL_CANNON_2,这是您的新村庄！这里本来是世外桃源，可是......
8a400df7a80759e7,TID_CLANGAMES_TASK_DESTROY_CHAMPION_ALTARS,摧毁飞盾战神王座
5aa1af055f9039b7,TID_DECO_COFFIN,舒适木棺
8e1f268e818a35e9,TID_BUTTON_CHANGE_SPELL,选择法术
142840246a5b60cf,TID_NPC_CHALLENGE_BOWIGI_GIANTS,在中部和底部派出您的<c54a0fe>巨人</c>。
0f8b06274923ee34,TID_CLAN_SEARCH_OPTIONS,更多\n选项
3a98194ce1a0ed05,TID_BATTLEPASS_TASK_WIN_BATTLES_USING_SKELETON_INFO,在联机模式中使用骷髅法术赢得<num>场战斗。
0fa89799dcf7235c,TID_CLANGAMES_TASK_DESTROY_BB_MULTIMORTAR,多管噩梦
4436b8a7658c6dca,TID_EVENT_TRACK_REWARD_INFO_CHARACTER_NOT_AVAILABLE,无法再使用限时兵种
b2ad2d4cf5a09d91,TID_INFO_DAMAGE_TYPE_SINGLE,单个目标
05e3664c85190533,TID_FINISH_TRAINING,立即完成训练：
9e4895c913c91228,TID_POPUP_NO_UPGRADE_SLOTS_HEADER,您的实验室正忙！
b263e0704525073b,TID_STARTER_TH3_INFO_BUILDLABORATORY,从商店获取实验室。
ed0713be77d99b11,TID_ACHIEVEMENT_TOWN_HALL,将大本营升至<number>级
dab56fb1ea70be3a,TID_BOOKMARK_ADDED,已添加收藏
b874ed2c5b300544,TID_TENCENT_LOGIN_PROMPT_BLOCKED_QQ,根据防沉迷系统最新规则，游客登录的用户无法进行实名认证，15天内只能累计游戏1小时。\n\n您的账号之前已经绑定了QQ。要继续游戏，我们强烈建议您继续使用QQ登录游戏以完成实名认证。
c3d822b07437219c,TID_LEAGUE_WOOD2_SHORT,木头2
b1c02218c0b77d0e,TID_BATTLEPASS_TASK_WIN_BATTLES_USING_ICEGOLEM,寒意袭人
71dcdd08acbec8fd,TID_WAR_WIN_BONUS,<percentage>对战胜利奖励
574b14763cfa377b,TID_CLASHOWEEN_BUILDING_INFO,这个有点吓人的东西是一个行为怪异的建筑工人建造的，会将常规圣水转换成酸腐圣水，希望这只是暂时的。
57ae5a21d7d8e706,TID_BATTLEPASS_TASK_WIN_BATTLES_USING_RECALL,全面召回
15e185fe7f23a0ad,TID_EP_TROOP_UNLOCKED,已解锁<troop>！
e4c807af52e9dc6d,TID_CHALLENGE_TH5_LOON,气球乐园
a04e87c0c1c7ace5,TID_RECORDING_CANT_GO_MAP,无法进入战争地图，请您先停止录制回放！
5e1c45c449b6e5c2,TID_CAPITAL_RAID_DEFENSIVE_REWARD,防守奖励：<number>
a1b0ccbd38973c84,TID_DPS_INCREASE,每秒伤害值提升：<number>
2e41f0c2a19a8e2f,TID_LINK_CODE_TEXT2,在您的新添设备上输入这个代码：
057651901ce6a0b9,TID_STARTER_WINUSINGWIZ,法师狂欢
8bef64010dd3adba,TID_SIEGE_MACHINE_BALLOON_INFO_SHORT,从空中投掷巨石进行毁灭性打击。
eda078c3f6130412,TID_BOOSTER_MAX_LEVEL_ARMY_MAXED,军队已是最高等级，无法强化！
cc98d217b1f8fe62,TID_TAB_VIEW_VILLAGE,家乡
1f3ed3019d20e009,TID_WAR_SPECTATOR_TITLE,观战模式
0ecad822a0265f9f,TID_GEAR_RESOURCE_COMMON,闪亮矿石
b2f9eb803e378ecb,TID_CLAN_GAMES_TOO_MANY_MEMBERS,该部落中已有太多成员参加了部落竞赛。
45b9529ee7633ccd,TID_CLAN_GAMES_THEME_SUMMER,夏季竞赛
3743ebf19ff21ba0,TID_CAPBUILD_SPELLLAB_RAGE,狂暴法术工厂
3d1c2cff032711b7,TID_ALLIANCE_WAR_ATTACK_AVAILABLE,可进攻
0f55a1d895cf88cc,TID_PARTY_CHAMPION,派对战神
6aac8b8a288cc025,TID_BOOSTDEFENCES_SPELL,提升防御
529db7575598001c,TID_BP_SEASON_BANK_SIZE_INCREASE,更大\n月度挑战资源箱
9abbe821c6b33a4e,TID_INFOBUBBLE_BUILDER_EXTRA_SUGGESTION,其他升级：
21ae8a2dd7d2ea94,TID_BUILDING_CLOCK_TOWER,时光钟楼
cb152a01761cee3b,TID_RESOURCE_STORAGE_CAPACITY,容量：<number>
72c813aa4ec51479,TID_POPUP_CHANGE_LANGUAGE,您确定要更改语言设置吗？
917d0f8cf3df60c9,TID_CLAN_GATE,部落标识
0c58d5154e29caad,TID_FRIEND_FILTER_INGAME,好友
a99e26047eabb6bf,TID_CLANGAMES_TASK_INFO_USE_ARCHERS,在联机模式中赢得<num>颗胜利之星，每场战斗需使用<num2>个弓箭手。
fa921093b1cdde6b,TID_PUSH_WAR_1,部落对战准备日即将结束！
a8a946a9d05566c3,TID_REINFORCEMENT_CAMPS_UNLOCK_BH,解锁于\n建筑大师大本营6级
ae7b89ef44d4aba1,TID_ACCOUNT_SWITCHING_NOT_SUPPORTED,您登录的苹果游戏中心账号关联了首领<name>的村庄。该村庄已准备好了，但如果您的游戏设备版本低于iOS7，您将无法切换到这个账号。您需要升级iOS版本才能切换账号。如需了解如何升级iOS，可参考: http://support.apple.com/kb/HT4623
b60b28c53129f77f,TID_INFO_POP_UP_TOS_PP_NOTE_ANDROID,《部落冲突》是一款免费游戏，但是您可以通过应用内购买加速游戏进度（要禁用此功能，请在Google Play Store的应用设置中设置密码保护）。点击确定以接受我们的条款与隐私保护政策。
99a222dc3ae32d83,TID_BUTTON_FBPAGE,最新动态
0fa11a23fec99c91,TID_EDIT_MODE_BLOCKED_COPY,复制阵型中未找到的建筑和被障碍物遮挡的建筑已被移至您的仓库
bbc8d710c7a036b1,TID_NPC_CHALLENGE_TH6_GIWIWA_HEAL2,再施放一个<cffe346>疗伤法术</c>，帮助<c54a0fe>巨人</c>恢复生命值！
2845f422ff77b8a3,TID_BUTTON_EDIT,编辑军队
2b9b088768d661e7,TID_GAMES_TASK_REVIVE_CONFIRM_TEXT,要延长<time>以完成这个挑战吗？您已取得的进度将被保留。
39729ea1d36f9823,TID_TUTORIAL_OWN_HOUSE_4,现在已经有几个样式可以选，你贡献的都城金币越多，解锁的样式也越多！
2e15419c80b46f3e,TID_WL_STARTWAR_INFO_CLANMEMBER,在<size>个部落组成的小组中与其他部落对战，决出最强部落。赢取荣誉、资源奖励、部落经验值和联赛奖章！\n\n\n准备好了吗？请求部落首领加入联赛吧。\n离报名结束还有：<time>
478965db20e38f6f,TID_TRAIN_COST,训练费用：<number><resource>
2a288778eb0dd606,TID_CAPBUILD_GOBLIN_HUT,哥布林小屋
1a732fbdcab16ba2,TID_CLANGAMES_TASK_DESTROY_XBOWS,摧毁十字连弩
31ebdae572ca7a19,TID_ARTO_BUILDING,奥仔小屋
0da30f8f947fb4ca,TID_POPUP_BOOST_PET_SHOP_TEXT,将战宠的升级速度提升至原来的<multiplier>倍，持续<time>？
4824b5bd9d3cc74a,TID_INFO_NO_TAG,未选择个性标签
2a09e6039f4633a5,TID_HINT_ENEMY_TOWN_HALL,摧毁敌军大本营您可以获得一颗胜利之星。
6199ae9d4b4cf2b5,TID_BATTLEPASS_TASK_WIN_BATTLES_USING_BABYDRAGONS,天降龙宝
2dd042f3788c5900,TID_SHOP_CATEGORY_TRAPS,陷阱
6766b90d3d61a3cf,TID_POPUP_STORE_DECORATION,存放装饰？
0fb7cce830136350,TID_ACHIEVEMENT_DESTROY_XBOW,在联机模式中摧毁<number>个十字连弩
3b1614f30fda4a01,TID_TUTORIAL_SELF_DONATING_1,首领，您在都城里获得的突袭奖章可以在这里使用。
c217d1ace7bdef9c,TID_INFO_DAMAGE_TYPE,伤害类型：
910467c1ffc13f48,TID_VILLAGE_OBJECT_SHIP_INFO,帆船带您探索新世界！
2dc433edeb966fdd,TID_LEADERBOARDBANNER_PLAYER_HISTORY_INFO,每次锦标赛结束后，拥有足够奖杯数的玩家将会重新回到传奇杯联赛的起点。被扣除的奖杯会以传奇奖杯的形式奖励给玩家，这是永久性奖励。
9bb9bb3463140dcf,TID_REENGAGEMENT_LAB_NO_UPGRADES_NONE_LEFT_2,我们要先升级实验室才能进行更多升级。
111194665132e02d,TID_ARMY_FULL,军队已满
7eaee97c27c01681,TID_BUTTON_BUY,购买
189fd06285bd1193,TID_HINT_CLAN_TROOP_DEPLOY,部落城堡内驻扎的援军既可以保护村庄免受敌军袭击，也可以跟随您外出征战。
e74758c2910df5d4,TID_GOLD_PASS_SKIN_DETAILS,当前赛季的专属英雄皮肤是<skin>！\n\n如果您尚未解锁<hero>，您解锁该英雄后将有机会使用该皮肤。
d078e7877d9aa136,TID_BATTLE_LOG_COL_2,您失去的资源：
d8e4038e45b4bc0d,TID_REENGAGEMENT_LAB_DID_UPGRADES_SOME_LEFT_3,看看我们有没有资源可以马上升级新的项目。
e78ca636ee71f995,TID_MAP_LOCATION_22,干涸湖泊
1a38bde7e5306107,TID_EVENT_COLLECTOR_BOOST,1宝石加速资源采集器
8eb62040dd5e40d9,TID_CLAN_CASTLE_DEFEND,正在防御
44c0b824efc04749,TID_BATTLE_PASS_PIGGY_BANK_TITLE,月度挑战资源箱
dbec8450dd969d24,TID_MOUNTAIN_GOLEM,高山戈仑
d2e8889f4be56f95,TID_CHAT_BANNED_REASON,有玩家举报您发送了不当言论。
dbfd8e026bd19177,TID_ANTIADDICTION_ADULTHOOD_NOT_FULFILLED_15MIN_WARNING,由于您未满18周岁或未实名认证，已被纳入防沉迷系统，今日可游戏时间剩余<MINS>分钟。
85baacce1e047ebc,TID_CLANGAMES_TASK_DESTROY_BB_XBOW,终结十字连弩
061b080e7aad6800,TID_TENCENT_DOLPHIN_CHECK_VERSION,检查最新版本
66be6c3cf27281a4,TID_LEAGUE_LEGENDARY,传奇杯联赛
56a5800c7ccfa8c1,TID_NEWS_TROOP_TITLE,新的暗黑兵种：熔岩猎犬！
d68eb345087d210e,TID_CAPITAL_ARMY_SAVE_FAILED_TOO_MANY_SPELLS,法术太多，不适用于该部落。
0a4922ae1f497acd,TID_CLANGAMES_TASK_INFO_GET_KILLS_VS_GRANDWARDEN,在联机模式中击败敌方大守护者<num>次。
bb17448e7181a37c,TID_NEWS_TH11_UPDATE_SPELLS_TITLE,调换法术顺序
70f4d5b83184481c,TID_WL_INFO_SIGNUP_TAB1_HEADER,加入
fe9372ea13376876,TID_PET_PHOENIX,凤凰
eecb2de678f5f6a5,TID_TRANSITION_WAR_ENDED,对战已经结束
02781023aec01689,TID_CLANGAMES_TASK_USESUPERTROOP,参加<num>场联机模式战斗，每场战斗需使用1x<troop>且赢得至少1颗胜利之星。
279bc7adcdbadd23,TID_CHARACTER_INFO_ROCKET_BALLOONS,地面进攻受阻怎么办？一排火箭气球兵应该能帮你搞定......如果它们的助推器还有燃料。
b0b87f79b0c0b8bb,TID_LEAGUE_CHAMPION3_SHORT,冠军杯3
7b282913b4b64811,TID_LEAGUE_MASTER3,大师杯联赛3
fd0788b1ffc92c32,TID_DIAMOND_PACK_RED,(小堆宝石)RED
a6ed839370aa73ea,TID_TUTORIAL_ARTO_COMPLETE_3,你好，我的人类伙伴！
656551f182c27c4c,TID_GRASS,高草丛
b2ace8b318581590,TID_CHARACTER_BABY_ELECTRO_DRAGON,电龙宝宝
c024323f19662987,TID_BATTLE_PASS_SEASON_END_TEXT,您收到了：
d843088efb6c4e72,TID_PEKKA,皮卡超人
899b5d907d14bbb7,TID_BUILDING_TESLA_TOWER2,特斯拉电磁塔
90b1e6a51409bd95,TID_TOP_HUD_WATCH_LIVE_BUTTON,实时观看
476442d277b95ae8,TID_VILLAGE_EDIT_MODE_WAR,部落对战专属阵型编辑模式
8db17c46b5a8f184,TID_LOCKED_BY_LABORATORY_LEVEL,
f5f0d02886554273,TID_ACHIEVEMENTS_REWARD,奖励：
45f5672aabd20828,TID_TUTORIAL_CAPITAL_ARMY_2,如果你要改主意，我可没闲工夫来来回回给你运送军队。
b1321a858ac5c693,TID_PLAYER_SEARCH_GENERIC,出错了。请稍后重试。
e269dd40c590bd6e,TID_CLANGAMES_TASK_GET_KILLS_VS_BATTLEMACHINE,战争机器猎手
6dd95daa537b68ac,TID_NO_FRIENDLY_ARMY,您需要先创建友谊战军队配置。
d1bd5224ff66a516,TID_DEVICE_LINK_ERROR_CODE_CURRENT_VILLAGE_TOO_HIGH_TEXT_ANDROID,您的村庄已与您所登录的Google账号永久关联。\n\n您的村庄大本营已经达到<level>级或者进行过游戏内购，因此该村庄不能被覆盖。
2ecfebece12ba213,TID_ACCOUNT_DELETION_SOON_WARNING_TEXT,根据您的请求，您的账号即将被删除。
fa29d8355c90b8b9,TID_CAPITAL_HALL_LEVEL,<level>级都城大本营
c89f6bac2d26bb8d,TID_BUILDER_MENU_CAPITAL,部落都城
190a76e7014d4659,TID_BATTLEPASS_TASK_WIN_BATTLES_USING_RAGE_INFO,在联机模式中使用狂暴法术赢得<num>场战斗。
afcc9c09462e42bf,TID_CHARACTER_INFO_WALLBREAKER_SHORT,炸毁城墙帮助您的部队进攻。
b41f32ef501aca4e,TID_MORE_APPBANK,AppBank
e3e57b7fe4fa9895,TID_NO_DEFENSES_YET,尚未被进攻过。
e7e4deee3ff2e5e6,TID_BOOKMARK_REMOVED,已移除收藏
bf4895aa92e35ee4,TID_EVENT_TITLE_CLANWAR_SHORT,周末勇士
f91db1977a89fee9,TID_NEWS_TH11_UPDATE_GAMEPLAY_TEXT,• 战斗时间上限增加30秒\n• 哥布林现在会将大本营和部落城堡作为攻击目标，并造成双倍伤害\n• 大幅降低了所有陷阱的重新布置成本\n• 大幅降低了十字连弩的重新装弹成本\n• 降低了多个天使对同一个单位的治疗效果\n• 降低了训练加速的成本，现在花费5颗宝石即可加速1小时\n• 降低了10级大本营时搜索对手和\q下一个对手\q的成本\n• 部落对战准备日降至23小时\n• 优化了部队战斗和寻路AI\n• 稍微提高了6-10级大本营中可获取的战利品比例\n• 降低了大本营等级低一级的村庄的战利品的比例\n• 扩大了游戏区域和部队部署区域（村庄边缘障碍物也已自动外移）
155e60b95c183257,TID_CHALLENGE_CHANGE_LAYOUT_BUTTON,更换
8b81519f0d95be48,TID_AVATAR_MESSAGE_GEM_DONATION,您获得了宝石，请点击领取。
e9f6aacf03c54783,TID_SHOVEL_OBSTACLE_CONFIRM,要使用<booster>将<obstacle>变成可随时移动的障碍物吗？
fd136868277aaf92,TID_CLANGAMES_TASK_INFO_USE_SNEAKYARCHERS,在建筑大师基地战斗中赢得<num>颗胜利之星，每场战斗需使用<num2>个隐秘弓箭手。
2a92bfd4a6644386,TID_PET_WALLBUSTER_INFO,大牦像攻城机器一样坚实，有着不撞倒城墙不罢休的毅力。大牦会在跟随的英雄被击倒时陷入狂怒。
c3812cdf7303db28,TID_ADVANCED_SEARCH_BUTTON_MORE,高级选项
15fb73470ae857dd,TID_POPUP_NOT_ENOUGH_DIAMONDS_TITLE,宝石不够
a6097b3f692cc0b9,TID_COSMETIC_ESTATE_3X3_SLANTED_HOUSE,斜顶屋
c9b3b791c4691404,TID_RESOURCE_PACK_ELIXIR_10,补充最大储量的10%
8f38a518c4a664b2,TID_CAPITAL_PLAYGROUND_SUPER_WIZARDS,派出<c54a0fe>超级法师</c>来摧毁城墙后方的<cf70d16>投矛器</c>和<cf70d16>炸弹塔</c>。
0868ee504d9379bb,TID_HASTY_BALLOON_ABILITY_NAME,急速飞行
1ba463f783343f78,TID_MEMBERS_SORTED_BY_ROLE,按职位排列
819e46ea2f0e2509,TID_LEAGUE_DROP_OUT_OF_LEAGUE,您已经退出联赛。
57bfa8a9d7072196,TID_NO_BOOKMARKS,您尚未收藏任何部落。\n\n您可以在部落信息界面收藏部落。
3be785abbfa8c152,TID_BB_LEAGUE_DETAILS_TITLE,<name>奖励
c5f098246b493cea,TID_OBSTACLE_TRUNK,树干
9390c13ccc6f1619,TID_WECHAT_LOGOUT_BUTTON,退出登录
aa1250e753e45554,TID_INVISIBILITY_SPELL_TOWER,隐形法术模式
7e57655aebf93fa8,TID_STREAM_EVENT_JOINED_AND_LEFT,加入又退出了部落
6661fe86fa0f39ac,TID_HERO_ABILITY_ROYAL_CHAMPION_DESC,飞盾战神朝最近的防御建筑飞掷盾牌，对其造成毁灭性打击。盾牌会接着飞向附近的防御建筑，继续造成破坏。
4fc0332c67e03be9,TID_DIAMOND_BUNDLE_TH14,14级大本营礼包
5b50f84c5c433406,TID_BATTLEPASS_TASK_WIN_BATTLES_USING_HOGRIDERS,出奇制胜
59f62af9bbb9ced4,TID_SOUR_ELIXIR_LOOTED,酸腐圣水：
390d1e2d62342ffc,TID_PAINTER_SCENERY,缤纷乐园
66fdc87cc89d3088,TID_GEAR_INFO_ARCHER_CROWN,召唤一群弓箭手
8a52e6411e3ec955,TID_CLANGAMES_TASK_GET_KILLS_VS_BARBARIANKING,蛮王猎手
82893b11dddc96c9,TID_CLANPERK_DESC_WAR_LOOT_MULT,部落对战额外奖励：
a49c308898a8f725,TID_FB_TRACKING_TEXT,要在《部落冲突》中使用Facebook的社交功能，您需要与Facebook分享您的数据。Facebook将会基于他们的目的使用该数据，包括进行广告投放和跟踪。\n\n\q允许\q即表示您同意与Facebook分享您的数据并启用Facebook的社交功能。\n\n\q要求App不跟踪\q即表示您不希望与Facebook分享您的数据，同时会关闭《部落冲突》中的Facebook社交功能。试试Supercell ID吧，既能畅享社交功能，又能保障隐私安全！
2f356744b86f3965,TID_OFFER_NO_BUILDING_TIME,礼包中的建筑无需花费建造时间！
27836eff08505bba,TID_TOTAL_COST,总费用
5f53ea1e4052d881,TID_NPC70,竞技场
f902142ec9137a3e,TID_BACK_BUTTON,返回
586ae3721daa1d0a,TID_GAMES_GET_GEM_ALTERNATIVE_TEXT,您的魔法物品仓库空间不足，无法存放该奖励，是否替换为<amount>宝石？
4bc2dca219cca86e,TID_ERROR_POP_UP_CONNECTION_FAILED,无法连接至服务器。请检查您的网络连接后再次尝试。
4ae1a509fb3a2c77,TID_SENT_WAR_REQUEST_TO,部落友谊战邀请已发送至<clan>！
269f0977cf3a78a7,TID_PREPARE_DURATION,准备时间：
a60b2249971198cb,TID_CLANGAMES_TASK_USE_BOWLERS,滚石派对
99073bd5d73244f5,TID_CAPBUILD_CAPHQ,都城大本营
1160b61df466e615,TID_CANNON_CART_MORTAR_MODE,迫击炮模式
21060f921a54670d,TID_TUTORIAL_WAR_LEAGUE_2,现在，我们终于可以证明我们是最强的部落啦！
45d422bb77f029dd,TID_JOIN_NEW_CLAN_WHILE_IN_CLAN_TEXT,如果您加入这个新的部落，您将退出当前所在的部落。您确定吗？
eade2be87c080e2d,TID_REGULAR_THEMED_BATTLE_OFFER_INFO_TH0712_1999,• <res0>圣水\n• <booster1>本战斗之书，可用于立即完成任一正在进行的部队升级\n\n• 存放礼包中的物品不受最大储量限制！\n• 该礼包在显示期间可购买3次\n• 使用这个特惠礼包带领部落创造辉煌战绩！
59919225a912c4c0,TID_SPECIAL_OFFER_INFO_BUILDERBASE_ANNIVERSARY_4999,• <booster1>块建筑大师金币符石\n• <booster2>块建筑大师圣水符石\n• <booster3>本战斗之书\n• <booster4>本建筑之书\n\n• 存放礼包中的物品不受最大储量限制！\n• 该礼包可购买4次！\n\n这个超值礼包可以助您升级各种项目！
1e663e085ca4e312,TID_ARCHER_QUEEN_INFO_SHORT,她的十字连弩能轻而易举地粉碎建筑，就像她能轻易粉碎敌人的幻想。
e790f1ed1cd3a9e0,TID_BOOSTER_FREE_BUILDING_UPGRADE_OFFER_INFO,<num>把建筑之锤，可将任一建筑立即升至更高一级
0022498ef841c903,TID_BUTTON_CONFLICTING_ACCOUNT_NO,不，使用原来的账号。
0354df7a822a9baa,TID_WAR_PREPARE_ARMYCAMP_INFO,全副武装，准备参战吧！\n让<c2>部落城堡</c>驻满增援部队，帮助您的部落成员，招募最英勇的<c2>部队</c>，配制强大的<c2>法术</c>，同时务必让您的<c2>英雄们</c>做好战斗准备！
f713b5cf359bf553,TID_CLAN_RAIDS,部落突袭
d39707b0202d7d92,TID_SUPER_TROOP_INTRO_TEXT,将普通部队强化为超级部队，帮助他们实现梦想，成为强大的村庄摧毁机器！
337b4c3dd49551ff,TID_PET_WALLBUSTER,大牦
9e74bbca01fe12b4,TID_PVP_BUTTON,搜索对手
e17455b8f2fc544b,TID_SUPER_MINION,超级亡灵
f5ec52855e5a2c52,TID_DECO_HOGMASTER,野蛮人圣诞老人
0111ceb2bd629d40,TID_NEWS_TROOP_TEXT,这种由岩石和熔岩生成的飞行生物能承受大量伤害。它的攻击目标是防空火箭，可深入敌人村庄，为其他部队提供掩护。被摧毁后，它会分裂成更多体型和威胁都更小的迷你熔岩犬，继续与敌军战斗。
a68204242d6685f4,TID_CAPITAL_RAID_SNAPSHOT_NOT_AVAILABLE,无法获取子城
d8968596c94685a1,TID_SELECT_TROOP_OR_SPELL,请选择要部署的兵种或法术
91f5b59d88f330f7,TID_ACHIEVEMENT_PVP_DEFENSES_COMPLETED,总共成功防御次数：<value>
2e87b62c8aa90024,TID_LEAGUE_IRON2_SHORT,精铁2
5aeb93aa11ecfe56,TID_GENERIC_NOTIFICATION_TITLE,通知
895f83f0621e9e1f,TID_SCID_PURCHASE_DELIVERED_CONTENTS,以下物品已添加至您的游戏账号：
aa1a92f94bccb106,TID_CHARACTER_INFO_SIEGE_MACHINE_RAM_SHORT,打开一条直通敌方大本营的路。
c709535e7fd6f620,TID_SETTINGS_API_TOKEN_SHOW_BUTTON,显示
5c39d5d1749a3e5e,TID_BUILDING_MULTI_ARCHER_TOWER,多人箭塔
2d69dc653c0ba210,TID_FEATURE_HERO_GEAR_DESC,给英雄配置装备，打造您的专属英雄！在铁匠铺里为您的英雄选择技能。
96322636ff1575a2,TID_CHALLENGE_WAS_ACCEPTED,友谊战已接受！
0b56cb0c398fd605,TID_DEVICE_LINK_WRONG_ACCOUNT,当前村庄已关联至另一个苹果游戏中心(Game Center)账号，而这个账号并非您目前登录的账号。\n\n请从苹果游戏中心应用程序中退出该账号，然后登录与本村庄关联的Game Center账号。\n\n然后尝试再次关联。
15b099c0a68d2488,TID_BUY_PRIZE_SHOP_ITEM_HEADER,购买<item>？
3acfdf162946a752,TID_CAPITAL_CLAN_RANK,部落段位：
eaefbe53317dd51b,TID_DEVICE_LINK_ERROR_GAME_CENTER_TEXT,如需进行设备关联，请先登录苹果游戏中心(Game Center)，再尝试操作。
264b703cddb0ad44,TID_NPC_CHALLENGE_TH9_LAVALOON_RAGE1,在适当的位置施放<cf07bf8>狂暴法术</c>，让它的加成效果覆盖大多数部队。
6e694233ae67dd38,TID_WAR_PERSONAL_SETTING_LEAVE_ME,我要退出
447ce016aed37389,TID_BATTLEPASS_TASK_INFO_WIN_BATTLES_USING_GOLEMS,在联机模式中使用戈仑石人赢得<num>场战斗。
59a75bd42d2c56e2,TID_CHARACTER_INFO_EL_PRIMO,这个神秘的面具侠来历不明，大家只知道他是个大力士，可以用自己的铁拳轻松击垮城墙，为部落疯狂乱斗。
18cb00bc7f6ba948,TID_NPC_CHALLENGE_TH8_GOWIVA_HOG_RIDER,派出一个<c54a0fe>野猪骑士</c>将敌方的援军引出<cf70d16>部落城堡</c>。
89b7ece56bd14b66,TID_CLANGAMES_TASK_INFO_DESTROY_BB_MULTIMORTAR,在建筑大师基地战斗中摧毁<num>个<building>。
16bed98e55e0430a,TID_CAPITAL_SHOP_CONFIRM_TEXT,购买<num>x<item>？
87b8daae4bdbc328,TID_PLAYER_HOUSE_YOUR_INFO,这里是您除了家乡村庄之外的第二个家。来这看看风景，等待参加精彩刺激的突袭吧！
6d6687f545ca4bc6,TID_NPC_CHALLENGE_BOWIGI_FREEZE1,施放<c38eaff>冰冻法术</c>冻住<cf70d16>地狱之塔</c>，保护<c54a0fe>攻城战车</c>！
eb68cd3e85a20c7f,TID_SHOW_SEARCH_OPTIONS,显示
faf17e324928cde2,TID_WECHAT_LOGGED_IN,已登录微信
ba1a009e6c2d7bb7,TID_ENDOFSEP_OFFER_INFO_TH0712_0999,• <booster1>本建筑之书，可立即完成任一建筑的升级\n• <res0>金币\n\n• 存放礼包中的物品不受最大储量限制！\n• 该礼包在显示期间可购买4次！\n\n快来加入金秋酣战吧！
1bda511a1b559dd2,TID_DIAMOND_BUNDLE_BH4_ALT,建筑工人新秀礼包
5359a32ce0f6a0ea,TID_EXTERNAL_URL_TEXT,您正要访问《部落冲突》之外的网站。
13ef965b9f2476f6,TID_WARNING_1_GEM_DONATIONS_INACTIVE,您未启用1宝石快速增援。确定要使用宝石进行增援吗？
bfcf8d8ae487c8b3,TID_BUILDING_DARK_ELIXIR_PUMP,暗黑重油钻井
8c374dbafe587822,TID_ACHIEVEMENT_CLAN_GAMES_POINTS_TITLE_II,竞赛冠军1
4f8950f31f501576,TID_BOOSTER_USE_HERO_POTION_QUESTION_TITLE,强化英雄？
d29fbd9dea1b07d7,TID_RAID_WEEKEND_RESULTS,突袭周末战绩！
fe037b347191ebeb,TID_AVATAR_MESSAGE_BUTTON_ALREADY_CLAIMED,已领取
b31c66a34ed13ca0,TID_BUILDING_CLASS_RESOURCE,资源
31ac9666c98525a7,TID_LEAGUE_STONE4_SHORT,石头4
8a659fd6a0f74a05,TID_DIAMOND_BUNDLE_TH7_INFO,• <gems>宝石\n• 野蛮人之王\n• 2级特斯拉电磁塔\n\n礼包中的建筑无需花费建造时间！\n\n该<cffec78><value>倍超值礼包</c>只可购买\n一次，千万不要错过哦！
8b0078dda0fd3180,TID_LINK_SAME_PLATFORM_ANDROID,要在多台安卓设备上玩同一个村庄，请确保您已在当前的安卓设备的设置中登录自己的Google账号。\n\n然后，如果您在另一台设备也使用该Google账号登录，您的游戏进度将会自动同步。
a1ec118179b631bb,TID_PET_FROSTY_ABILITY,冷酷伙伴
ca5a89ab0bf3617a,TID_ADD_FRIEND_ERROR_TOO_MANY_FRIENDS_OTHER,您好友的好友人数过多，请稍后重试。
010907c1bd716106,TID_VISIT_BUTTON,参观
ce996bdf3ac612e1,String,String
8960db49d4f9d094,TID_CAPITAL_PLAYGROUND_FROST_2,在此施放<c38eaff>冰霜法术</c>，以便从后方攻击敌方防御建筑。
72629680377c7eda,TID_WL_TAB_SEASON_SUMMARY,赛季结果
195dbdc5480dc7b2,TID_SCENERY_CRYSTAL_CAVERNS,水晶洞穴
78c411f0f4db9e49,TID_LOCKED_BY_BARRACK_LEVEL,
f1ff552cd1826325,TID_POPUP_UNDER_ATTACK,您的村庄正在遭受攻击。稍等片刻您就可以回到村庄！
0bb112d55fbe5000,TID,CN
40e529b9bc03f43e,TID_SPELL_SUMMON_TROOP_COUNT,<name>数量： <number>
c6485e1c5eec0ded,TID_TUTORIAL_ELIXIR_2,您能从地下获取圣水。试试看吧！
8116061d6948ae76,TID_CLAN_TAG_ACTIVE_DAILY,日常活跃
bd0b972b3038d5ca,TID_CANCEL_WAR_MATCHMAKING_CONFIRMATION_TITLE,确定停止搜索吗？
e31ceb9a5c170d32,TID_HINT_REVENGE_OF_REVENGE,您先攻击对方的情况下是不能再向对方反击的。
919b46361a77ee9c,TID_CAPITAL_LOCKED_PLAYER_LEVEL_TOO_LOW,部落都城在大本营达到<level>级时解锁
a79e85fe167e36b2,TID_BDRAG2_ABILITY_NAME,火冒三丈
39b8289a38c977aa,TID_SNEAKY_ARCHERS,隐秘弓箭手
1746a291f6e80bcf,TID_V2_TRAINING_BARRACKS_UPGRADING,训练营在升级时，部队训练暂停！
ced99d26c8d27bdf,TID_FIND_NEW_MATCH,寻找新的对手
8829dde410d34c32,TID_GOLD_PASS_SALES_ENDED,本赛季即将结束，无法启用黄金令牌。请在新赛季开始后重试。
67e734ba7e737fee,TID_LEADERBOARDBANNER_PLAYER_NO_TOP_3_V2,这里将显示建筑大师基地战斗锦标赛的获胜玩家！
df8c6d0d07387bd5,TID_MAP_LOCATION_12,金橡树旅馆
53b81710dc31f6d3,TID_ACHIEVEMENT_DESTROY_SCATTERSHOT,在联机模式中摧毁<number>座投石炮
8e58a3c07f166ca0,TID_DECO_DARK_AGES_DRAGON_INFO,一座眼中冒火、口吐烈焰的凶狠雕像，凭借其强大的气场守护村庄。
3f08b2f15b49b02a,TID_RAID_WEEKEND,突袭周末
61b01adc4496da1c,TID_BOOSTER_FREE_SPELL_UPGRADE_INFO,挥舞这把魔法锤即可将任一法术立即升至更高一级。只可在家乡使用！
9f8647285fa9b014,TID_CLAN_JOIN_FAIL_TOO_MANY_PENDING_REQUESTS,暂时无法加入该部落，请稍后重试。
dd0b8ee5a116f4b5,TID_NPC_CHALLENGE_TH7_HOG_HOGS,派出所有<c54a0fe>野猪骑士</c>发动攻击。
74b5a8f50b36b125,TID_HINT_ARTILLERY_TARGET,天鹰火炮偏向于攻击那些离它最近或者规模最大部队中生命值最高的敌军。
548ed3fc86339c04,TID_SPELL_BATS,蝙蝠法术
3adc5fc4deb70dad,TID_BP_BONUSES_INFO,特权可通过奖励之路解锁，且其效果将持续到本次月度挑战结束。
b03a7beba1d7a621,TID_HINT_RESOURCES_ARE_SAFE,建筑大师基地中的资源不会被敌人夺取。
d5155d339f60201b,TID_NEWS_MIRROR_TEXT,对法师来说，万全的准备和完美的发型一个都不能少！快来看看法师是如何备战的吧。
c70a1b569ec033d9,TID_SPECIAL_OFFER_INFO_EASTER_UNLIMITED,• <res0>金币\n• <booster1>本建筑之书\n• <booster2>瓶建筑工人药水\n• 存放礼包中的物品不受最大储量限制！\n• 该礼包可购买10次！\n\n包含升级大本营和防御建筑所需的一切！
bf54426b9d210efb,TID_CAPITAL_TUTORIAL_1,首领，有人找您。这个人看起来特别......粗鲁。
9f8260fcae69e3dc,TID_BATTLEPASS_TASK_WIN_BATTLES_USING_SIEGE_BARRACKS,马戏表演
f9b003f45f8a137d,TID_CHARACTER_INFO_SUPER_CHARGED_PEKKA_SHORT,这个无比强大的皮卡超人步伐沉重，听脚步声就让人害怕。
1361fb9675317ae3,TID_ALLIANCE_CREATE_BADGE,徽章：
8dd23a968f530432,TID_POPUP_BREAK_GUARD,要解除村庄守卫吗？
38e0d4b14d88c2a6,TID_TREASURY_WINDOW_TITLE,宝库
192b09c5e9bb46b3,TID_REPORT_PROFILE_IMAGE,举报头像
4cbd4238e2c0cbb3,TID_DECO_RUIN_FOREST_CIRCLE,圆形树阵
5c735d684e794c0e,TID_WAR_STATS_HEADER_ALLIANCE_EXP_INFO,部落对战结束后将获得部落经验值
5adddd5f65c07512,TID_BUILDING_TEXT_CREATE_SPELL,配制
b1ec7ee009dfce78,TID_LEGEND_SEASON_END_INFO,您的赛季排名是第<rank>名。您的杰出表现已经记录到您的玩家简介中，所有玩家都能看到。
bcfea30db1dc185a,TID_CLAN_WIN_STREAK,对战连胜数：
8b176cadb1e80190,TID_ACHIEVEMENT_PVP_DEFENSES,成功防御<number>次进攻
7b827ecc4b4ee7c1,TID_LOCAL_NOTIFICATION_CLAN_GAMES_ENDING_SOON_ALL_POINTS,部落竞赛即将结束！
05f656be1043ebbe,TID_ALLIANCE_WAR_CANNOT_SCOUT_WAR_OVER,无法侦察，这场战争已结束！
b4ea873c2494df03,TID_STARTER_WINUSINGHEALER,疗伤圣手
bf8028a6400add85,TID_ACHIEVEMENT_ACCOUNT_BOUND_TITLE,村庄守护者
0aff6bd96c1605f1,TID_DECO_RUIN_RUINED_PILLARS,破败石柱群
f0da0c323837418a,TID_DIAMOND_PACK_4,一小箱宝石
4c499f4b6dc13f0f,TID_WL_STAT_POSITION5,第5名
adbdc84182c54746,TID_CAPBUILD_GOBLIN_OUTPOST_INFO,一个被遗弃的哥布林前哨基地，大家都去哪了？
2bdc246d459a969e,TID_LOCAL_NOTIFICATION_EVENT_SPELL_BREWING_BOOST,首领，1宝石加速法术配制的活动开始啦！
f4e993f3ae4e73d1,TID_PRIORITIZE_UPGRADE_INVALID_ACTION,操作无效
94bfc81fc021c625,TID_ACCEPT_FRIEND_ERROR_GENERIC,添加好友失败，请稍后重试
4f6f3a43895e332c,TID_NPC_CHALLENGE_TH7_HOG_WIZARDS,派出<c54a0fe>法师</c>帮助您的野蛮人之王！
1ce409e1fefaa8d2,TID_BATTLEPASS_TASK_INFO_WIN_BATTLES_USING_PEKKAS,在联机模式中使用皮卡超人赢得<num>场战斗。
6f9089f77c0f25a8,TID_SHIELD_POPUP_PERSONAL_BREAK,注意：若长时间没有护盾保护，那村民们也需要短暂休息。
6795ac0b6a493736,TID_CONFIRM_CONFIRM,请输入\q<confirmword>\q并按[确定]按钮
22c7fc0e86cef376,TID_DEVICE_LINK_ERROR_NOT_ATTACHED,您的村庄目前尚未与苹果游戏中心(Game Center)账号关联。请先登录未关联任何村庄的Game Center，然后重启游戏。\n\n系统将询问您是否要将当前村庄关联到该Game Center账号。请回答\q是\q。\n\n警告：关联村庄是永久性操作，并且今后无法更改。
5a3a8430ca9a3357,TID_DAILY_TASK_1_DESC,在家乡村庄联机模式中赢得一颗胜利之星。
f4a25c445186be7a,TID_CLANGAMES_TASK_INFO_DESTROY_ELIXIRSTORAGES,在联机模式中摧毁<num>个<building>。
8d12188b968ec6ec,TID_ACHIEVEMENT_DRAGON_SLAYER,在单人模式关卡\q龙穴历险\q中击败巨龙
904b00d3e5c9b69b,TID_STAR_BONUS_HELP_TEXT,在联机模式中赢取五颗胜利之星即可获得一份奖励！
6ff4e2d9dc616bf0,TID_CLAIMABLE_GEAR_LOCKED,可通过活动、商店或商人领取的物品
c17542d4db7886f2,TID_CHALLENGE_TH7_HOG,野猪集结
785f16dcc2f934d2,TID_HINT_INFERNO_TOWER_AMMO,地狱之塔需要装填暗黑重油才能正常运转。请确保您的地狱之塔始终装填有足够的暗黑重油！
c5b486f12ebb82fb,TID_HINT HEROES_USE,英雄可以攻击敌人的村庄也能保护您的村庄。
b44a278caf952d10,TID_SINGLE_PLAYER_LEVEL_WARNING,建议您将大本营升至<number>级后再来体验这一关卡。
f9fd9fb341ee7138,TID_LEGENDS_DEFENCE_CC_TEXT,为下一个联赛日设置防守村庄的部落城堡援军。
873b29bccad70e5c,TID_LOOT_GAINED,已获得的战利品：
19eb7a14e55f0830,TID_CLEARED_LEVELS,已完成关卡：
20dcff7ce2e27368,TID_PRESET_PRODUCTION_BUILDING_UNDER_UPGRADE,军队建筑正在升级！
bda346c279beac92,TID_MORE_TWITCH,查看Twitch上《部落冲突》(Clash of Clans)的直播！
f2c86fc30cad9929,TID_NEWS_SAFEGUARD_TITLE,保证您村庄的安全！
ba71fc855adeb486,TID_CHINA_REAL_NAME_REGULATION,已完成实名认证
f7be6bbaf86234b8,TID_REENGAGEMENT_LAB_NO_UPGRADES_SOME_LEFT_1,法师们对升级哪些项目无法达成一致意见，研究工作暂停了。
4dd883be73320fac,TID_BOOSTER_BOOST_PRODUCTION_ALT_2_LINE,训练药水
af82edfd08045788,TID_GINGERBREAD_QUEEN,姜饼女皇
8158dd021926b312,TID_ALLIANCE_WAR_ENDED_PROMPT,战争已经结束
0dfb5e309d171df6,TID_REGENERATION_TIME,恢复需要：<number>分钟
8b9efa2e824783b7,TID_DECO_FIREPLACE,营火
110bf9214c5d4c6d,TID_ADD_FRIEND_ERROR_DOES_NOT_EXIST,您想要添加的好友不存在。
97168e60fc117ea0,TID_HASTE,狂暴法术
ec4bfeacf5f7eab7,TID_CANCEL_FRIENDLY_WAR_TEXT,您确定要拒绝该部落友谊战邀请？在一段时间内您将不会再次收到该部落发来的邀请。
91ac85e50742cd62,TID_POPUP_REMOVE_SPELL_TITLE,移除法术？
880a02d33a35c515,TID_BUTTON_ACCEPT,接受
2ecd516efc9fef63,TID_REGULAR_THEMED_PREPARE_OFFER_INFO_TH0712_1999,• <res0>暗黑重油\n•<res1> 圣水\n• <booster1>本英雄之书，可用于立即完成任一正在进行的英雄升级\n\n• 存放礼包中的物品不受最大储量限制！\n• 该礼包在显示期间可购买3次\n• 立即升级您的英雄、部队和法术！
8616a804a385c7ac,TID_BUILDING_TEXT_LOW_AMMO,弹药不多
2f148736f9be8152,TID_SUPER_TROOP_TRY_BUTTON,立即体验
888f6823f2b75283,TID_STARTER_TH3_INFO_BUILDCLANCASTLE,重建家乡村庄的部落城堡。
a868321b46610dc5,TID_PRESET_TOO_MANY_DIFFERENT_SUPER_TROOPS,军队配置中的超级部队种类太多
8d01374814db5d18,TID_TUTORIAL_ELIXIR_CART_1,我们被攻击了，来看看我们的防御有多出色吧！
334abc051c89f53c,TID_TRAP_EJECT,隐形弹簧
825a9e49acc222e9,TID_WIN_BONUS,获胜奖励
120d37dff3701b53,TID_CLANGAMES_TASK_USE_HEADHUNTERS,斗篷与武器
c1b36d6afe67aad2,TID_INFO_TAGS_SEARCH,最多可选择<max>项个性标签来搜索最适合您的部落。
2958bbde936f96a5,TID_BOOSTER_SUPER_POTION_INFO,用暗黑重油熬制而成的金黄色美味饮品，最适合在炎热潮湿的环境中和好友举杯共饮。超级药水可将一个普通兵种强化为对应的超级兵种，强化有效时间为3天。
d15188b9b2b6a61f,TID_BABY_ELECTRO_DRAGON_ABILITY_HELP,可击中3个目标。
fcee2e6ab931a5a5,TID_LOCKED_ITEM_LEVEL,<item>（<number>级时解锁）
54f56e36820e36cf,TID_6ANNIVERSARY_OFFER_MAGICITEMS_POTION_AND_GOLD_ELIXIR_INFO_999,• <res0>金币\n• <res1>圣水\n• <booster1>瓶建筑工人药水，可在1小时内将建筑工人的工作速度提升至原来的10倍\n\n• 存放礼包中的物品不受最大储量限制！\n• 该礼包可购买20次！\n\n限时生日礼包，千万不要错过哦！
fde45ce63a674079,TID_CLANGAMES_TASK_INFO_DESTROY_CLANCASTLES,在联机模式中摧毁<num>个<building>。
8a6f1ac93d80c864,TID_EVENT_TITLE_CLANWAR_XMAS,冬季竞赛
98dc98b6e483de09,TID_DIAMOND_BUNDLE_BH8,8级建筑大师大本营礼包
df82f862fc311a49,TID_SPELL_IMMORTALITY_INFO,让您的军队在战场上刀枪不入！\n\n施放该法术，让处于其有效范围内的所有部队在一段时间内完全免疫伤害。
74b7eabb67d1cde7,TID_ERROR_POP_UP_PERSONAL_BREAK_EXTENDED_TITLE,在线时间已延长
1ea22b316d22c1b4,TID_CLAN_GAMES_THEME_WEEKENDGAMES,周末竞赛
3a155c9ec837f3bd,TID_NAME_ALREADY_IN_USE,您已经在使用这个名称了！
c64894da256f5d4b,TID_BOB_TASK_DEFENCE,\n需要将任意建筑大师基地防御建筑升至<level>级
9402d2385f8fd7bb,TID_POPUP_TRY_AGAIN,预计等待时间：
7794dbdd0ecde414,TID_NEXT_REWARDS,下一阶段
860f49981743bbd7,TID_NPC90,皮卡妈妈大暴走
afd79db5b6b58563,TID_ALLIANCE_WAR_FAILED_ATTACKING_SAME_TARGET,您已经攻打过这个目标！
0aaff9414b161215,TID_CHARACTER_INFO_WALLBREAKER,只有轰塌一面面城墙才能让炸弹人那颗冰冷的心得到些许温暖。\q砰\q的一声巨响，他们为您的地面部队开道！
2062cb765ff302db,TID_NOT_ENOUGH_SPACE_IN_TREASURY_MULTI,您的大本营空间不足，不能存放<num>x<booster>。
ddd1dc3b507b7b9c,TID_SUPER_TROOP_MATCHES_LEVEL,<super>的等级与<original>的等级相同。
8a524b5866bab100,TID_BOOSTER_MOVE_OBSTACLE_OFFER_INFO,<num>把移位任意铲，可移动障碍物
1fdbc3fc5262a62e,TID_TUTORIAL_SEASON_CHALLENGE_2,从现在起，每个月都会有新的挑战和奖励！
60a8f5fc05f5d255,TID_HERO_ABILITY_WARDEN_TITLE,永恒书卷
ed6efa932c2fa8ee,TID_BUILDING_CLASHOWEEN_BUILDING,酸腐圣水坩埚
d6d7d36c0295a34f,TID_VILLAGE_OBJECT_ROWBOAT_INFO,建筑大师可以拜访您的村庄，并给村庄内的建筑带来特殊增强效果！点击村庄中的防御建筑，找找\q改装\q按钮吧！
2917e711bcdf760b,TID_HINT_TROPHY_COUNT,您所赢得的奖杯都来自对手！
df22429ee207acbc,TID_WRONG_VILLAGE,请先返回家乡村庄
2ba7a662d2f0194f,TID_CAPBUILD_SPELLLAB_JUMP_INFO,配制一桶桶弹跳法术。这个工厂看起来好像随时会原地起飞。
69a8d37f2f54f02f,TID_PLACEMENT_HINT,点击或按住屏幕可以派出部队
fa529e1f6f73cd91,TID_BB_ATTACK_GOLD_STORAGE_FULL_TITLE,您确定吗？
4d8df3826f1716c7,TID_CLAN_AVAILABLE_FOR_RECRUITING_YES,好的，谢谢！
c0dcb97ebe9f5a09,TID_PRESET_SAVE_OK,军队配置已保存！
9cffec419caa10a6,TID_SURRENDER_POPUP_TEXT,首领，我们还没有取得战斗的胜利，现在撤退我们将丢失奖杯，您确定要下达撤退命令吗？
7195431b20c0536a,TID_COMPLETE_PREVIOUS_CHALLENGE,请完成之前的挑战
2e971febed139fbd,TID_CHARACTER_INFO_WIZARD_SHORT,没有魔杖也能不断发射火球。
8fb449cd8b0bedf4,TID_WL_NO_SIZE_CHOSEN,请先选择一种对战规模
a3263171e4cf1d62,TID_CAPITAL_RAID_NOTWEEKEND_STARTED_NOTIFICATION,是时候发动突袭啦！进攻对手的部落都城，勇攀胜利高峰！
40724a2119a4a97b,TID_PRIORITIZE_UPGRADE_INTERNAL_ERROR,设置优先升级时出错
b49e7adcd8a4dc22,TID_GIFT_CLAIM_FAILED_RECENTLY_CHANGED_CLAN,您刚刚才更换到该部落，无法领取礼物！请稍后重试。
a5967c93d19e8a4e,TID_CHALLENGE_FAIL_SERVER,无法发起挑战，请稍后重试！
76e1b3d4a1b0fdb6,TID_PRIMAL_WARDEN,原始守护者
c5d012f8da61ab5a,TID_POISON_CLOUD_INFO_SHORT,制造一片腐蚀性区域，让敌人减速并对其造成伤害。
dd79b9856bdb4e55,TID_EVENT_ACHIEVEMENT_COMPLETE,活动挑战已完成！
dc096cb3ef3deac5,TID_MEGA_TESLA_INFO_SHORT,\q超级\q指的是\q超级高压\q。
5c748ad359921542,TID_CLANGAMES_TASK_INFO_GET_LEVELKILLS_VS_ARCHERQUEEN,在联机模式中击败的弓箭女皇等级累计达到<num>。
52acfb68ceaed119,TID_TUTORIAL_BATTLE_BUILDERS_1,首领，建筑工人说他们想为战斗胜利贡献更多力量。
b5bd02b772c637f1,TID_TREASURY_DESCRIPTION,宝库可以很好地保护部落对战奖励和胜利之星奖励。升级大本营和解锁相关部落特权都可以提高宝库的容量。
c779bb2c60aef3ec,TID_OFFER_DONT_MISS_ONE_TIME_OFFER_VALUE,该<cffec78><value>倍超值礼包</c>只可购买\n一次，千万不要错过哦！
d9d0ddebef78f43b,TID_TRAINING_SCREEN_DARK_BARRACKS,暗黑训练营
a25d5f1394fe6db6,TID_ALLIANCE_GAMES_ENDING_IN,剩余时间：
93e20a242bbc4f95,TID_JOLLY_KING,圣诞蛮王
6e3ea360728cb616,TID_BATTLEPASS_TASK_INFO_WIN_BATTLES_USING_BOMBERS,参加<num>场建筑大师基地战斗，每场战斗需使用<num2>个炸弹兵且赢得至少1颗胜利之星。
0acc3d41b6aaabe7,TID_BP_PERK_GEM_DONATION_LIST_FORMAT,• 1 宝石快速增援
f263857a86153953,TID_LEAGUE_CLAY3_SHORT,黏土3
3a3271ee60a25e68,TID_ACHIEVEMENT_GOLDSTORAGE_UPGRADE,将储金罐升至<number>级
3d773e78b3bdc16f,TID_BATTLEPASS_TASK_COMPLETE_EVENT,活动达人
02a62d36b1ef734b,TID_ACHIEVEMENT_DESTROY_WEAPONISED_BUILDERS,在联机模式中摧毁<number>个配备武器的建筑工人小屋
b19d7d7b54a9bbc7,TID_DECORATION_LEAGUE_I_STATUE_INFO,这尊雕像的拥有者展示了自己在战场的实力，同时还在向更高目标冲刺。
8677bc9511da1a95,TID_LEAGUE_CRYSTAL,水晶杯
847ba8cd29a2e16e,TID_CLAN_WAR_CHALLENGE_REJECTED,<name>已拒绝
6483e9db861fe4a1,TID_LEAGUE_BRONZE2,铜杯联赛2
5dfe5db3e5e968ba,TID_FINISH_SPELL,立即完成：
98175f3da2e2a607,TID_HINT_CLAN_WAR,参加部落对战，享受战斗的快感，收获丰厚的战利品！
77e1a6735a896673,TID_POPUP_HALLOWEEN_EVENT_END_TITLE,合体狂潮活动已结束！
14943fe09b8a52c1,TID_ALLIANCE_GAMES_RESHUFFLE_BUTTON,刷新
8491c7a1e00cc5ae,TID_CAPITAL_PLAYGROUND_GATES,都城里的防御部队无法跳跃，但他们可以从城门通过。
72ba70ae62fe1869,TID_CLANGAMES_TASK_INFO_DESTROY_BB_ARMYCAMP,在建筑大师基地战斗中摧毁<num>个<building>。
253b34ce9951f205,TID_DIAMOND_BUNDLE_BUILDER_BASE_HERO_PACK,建筑大师英雄升级礼包
9daacbf67d3349b8,TID_NPC12,大爆炸
5eec759e274e6320,TID_UPGRADE_TH_LOCKED_GEARUP,您改装的这类建筑数量已达上限！
b90d9bcc361047e3,TID_NO_MORE_CALL_FOR_TARGETS,您已经锁定了一个目标
8be696cd173ba312,TID_NEWVILLAGE_LOG_SEARCHING_INFO,您发动进攻的同时，对手也会进攻您的村庄。进攻最佳的一方获胜！
41c2c9682bb97f80,TID_MEGA_TESLA_INFO,如果特斯拉电磁塔变得超级庞大会怎样？即使面对最强大的敌军，它的超强力电流也能对他们造成重创！
92c30a2d9c889401,TID_HINT_TH12_MAX_LEVEL_WEAPON,突袭5星12级大本营时千万要当心，它被摧毁时可是会爆炸的！
dafeb8a510ac3c08,TID_NPC_CHALLENGE_TH12_YETI_STONE_SLAMMER,部署<c54a0fe>攻城气球</c>清边，它里面装载着8个<c54a0fe>气球兵</c>。
1a09a4b4e671117c,TID_CHARACTER_INFO_BABY_DRAGON2_SHORT,没人想让这个暴脾气宝宝打嗝。
e27b7d0af2ce9ec6,TID_VILLAGE_EDIT_SAVE_FAILED,村庄阵型保存失败，请重试。
0b9b0b37fdcaf55d,TID_FEATURES,功能
728ed7863c7675b7,TID_ALLIANCE_GAMES_TASK_TAB,挑战
f60bbd79426b29f5,TID_CLANGAMES_TASK_INFO_USE_SUPER_WIZARDS,在联机模式中赢得<num>颗胜利之星，每场战斗需使用<num2>个超级法师。
449863d08e304e3e,TID_BOOST_LEFT,提速/强化还剩
d48344cbd5962f5a,TID_CHARACTER_INFO_GOLEM_SHORT,这座会爆裂的巨石能承受巨量伤害。
d44fde53bc29a672,TID_LEAGUE_WOOD2,木头联赛2
c3447c3d2cba890e,TID_PLAYER_AVAILABLE_FOR_RECRUITING_TITLE,寻找部落？
c3cf9a7b670f8a39,TID_PLAYER_PROFILE_HEROES,英雄
75ae9cbe7a6bd45e,TID_NPC_CHALLENGE_TH11_LAVALOON_HASTE1,气球兵移动速度较慢，使用<cf07bf8>急速法术</c>让它们的移动速度变快！试试多个手指同时派兵。
2de0e23795964704,TID_KUNLUN_APP_STORE_UC,九游游戏中心
ef87a10d63c7394a,TID_BATTLEPASS_TASK_WIN_STARS_USING_HASTE_INFO,在联机模式中使用急速法术赢得<num>颗胜利之星。
f02919c200e0dda1,TID_BUTTON_FIND_NOW,立即寻找！
2bfce0d99cf4d87c,TID_SPELL_SPEED_UP_SUCCESS,法术配制完成！
a40d4227687d8aee,TID_SCENERY_CHAMPION,冠军舞台
066b66c45b85687d,TID_DISTRICT_DRAGON_CLIFFS,飞龙悬崖
5b9d6459c57d2c23,TID_TUTORIAL_CAPITAL_ARMY_3,你的军队在这里随时准备战斗，只等你做出最终决定。
68247b7ef1c71215,TID_BOOSTER_FREE_HERO_UPGRADE,英雄之锤
5b4ea15f6ce7d1ff,TID_GEAR_PIERCING_ARROW,巨型箭矢
832e7fb750bdcaa3,TID_CLAN_GAMES_LEAVING_SOON_REWARDS,部落竞赛即将落幕，快来收集奖励！
a5c537444525c192,TID_CONFIRM_ALLIANCE_GAMES_SPEEDUP,要使用<number>颗宝石跳过冷却时间并开始一项新挑战？
9611b3e17fe8ed91,TID_FAMILY_FRIENDLY_INFO,全年龄部落通过更严格的聊天过滤机制来确保玩家安全。
fd779b7bd2273ccc,TID_OBSTACLE_BIRTHDAY2019,7周岁生日惊喜
c6efd23a8847bd95,TID_GOBLIN_SPEAKS_2,你这次不过是运气好罢了，但是接下来的哥布林部落你不一定攻得下哦。
8a36238a452994d4,TID_FEATURE_CLAN_GAMES_DESC,和部落成员一起完成大力士的挑战，赢取魔法奖励。
ae93d0ec7a4adabe,TID_TUTORIAL_FORGE_2,铸币坊每天会铸造一些都城金币，点击这里就可以收集。
a219b38df11c745c,TID_MAP_LOCATION_7,石湖
3a5265a08fd987c2,TID_STARTER_WINUSINGARCHER,弓箭手就位
1ee07f465005c35f,TID_GUARD_BUY_CONFIRMATION,村庄守卫已启用！
05ff46b6244c4e75,TID_GOLEM_KING,戈仑蛮王
50bc6696139d5046,TID_COMPLETION_REWARD,完成奖励
c16147110d4d2b5a,TID_NPC_CHALLENGE_TH8_GOWIVA_GOLEM,派出一个<c54a0fe>戈仑石人</c>吸引<cf70d16>敌军气球兵</c>，让<c54a0fe>法师</c>趁机将气球兵一网打尽。
0c86aa237594d0c0,TID_DONATION_REQUEST_TAP_TO_EDIT,点击以选择希望获得的增援
1c0dbed1f8936823,TID_TREASURY_ELIXIR,宝库圣水
fac293a498c8cedd,TID_DEMOTE_TO_MEMBER_CONFIRMATION_TITLE,确定降职吗？
71de238b18848ff7,TID_ACHIEVEMENT_DESTROY_XBOW_ONE,在联机模式中摧毁1个十字连弩
28a86421d9a5a892,TID_BATTLEPASS_TASK_WIN_BATTLES_USING_RAGE,狂暴袭击
806e1a76cb06ef81,TID_WL_SELECT_BONUS,选择
161995e00ee1bfa5,TID_CLAN_WAR_LEAGUE_BUILDING_LEAGUE_BRACKET,正在进行联赛分组......
4ed21784ac09474e,TID_CLAN_TAG_NEWBIE,新手
8de2544f82f52f69,TID_CHARACTER_INFO_BOMBER_SHORT,一个喜欢炸弹讨厌城墙的兵种。
c09690da074c5a96,TID_BATTLE_TIME_TITLE,离战斗结束还有：
2faa36493c462e00,TID_6ANNIVERSARY_OFFER_MAGICITEMS_BOOKS_AND_ALLRUNES_INFO_9999,• <booster1>枚壁垒之戒，可用于立即升级城墙（升级高等级城墙需要多枚壁垒之戒）\n• <booster2>块圣水符石，可使家乡的圣水立即达到最大储量\n• <booster3>块金币符石，可使家乡的金币立即达到最大储量\n• <booster4>块暗黑重油符石，可使家乡的暗黑重油立即达到最大储量\n\n• 存放礼包中的物品不受最大储量限制！\n• 该礼包可购买2次！\n\n限时生日礼包，千万不要错过哦！
0ae2ff0a3ae3d3a8,TID_WL_TAB_CLAN_MEMBERS,部落
3b4476a5263b5c0e,TID_ALLIANCE_WAR_CLAN_BANK,部落储备：
bd2ceaa454e4dd06,TID_BATTLEPASS_TASK_WIN_BATTLES_USING_BABYDRAGONS2,龙宝狂欢
6d6cf790cf694775,TID_PROFILE_FRIEND_REQUEST_QUERY,添加好友？
022774bc304fc6f0,TID_ACHIEVEMENT_DONATE_SIEGES_TITLE,攻城增援
a547ea6bd5b245b4,TID_LEADERBOARDBANNER_2,2）
320e97ff23bf6ca9,TID_ENEMY,敌军
f20efe03d7d184bc,TID_BARB2_ABILITY_NAME,野蛮狂暴
34ea3f6f50fde1a9,TID_ACHIEVEMENT_SEASON_CHALLENGE_POINTS_COMPLETED,总共赢取月度挑战积分：<value>
2321ce6ac3f68460,TID_BUILDING_HOUSE,房屋
425beb64e1336241,TID_LAYOUT_EDITOR,阵型编辑器
6d3d4590ae144bd3,TID_WL_INFO_SIGNUP_TAB2_HEADER,奖励
53a9003e392baf61,TID_SHOP_CATEGORY_SPELLS,法术
09b82afc11d62f15,TID_WL_STATS_STARS,胜利之星
8cafc5e969902aa7,TID_ALLIANCE_WAR_SPECTATOR_MESSAGE,您无法参与此次部落对战
5eef5772277f9c25,TID_EVENT_HERO_BOOST_ALT,英雄快速恢复活动
dba59b65965aecca,TID_LEAGUE_SHUFLES,赛季剩余时间：<league_shufle_time>
5ab83d102491a3b6,TID_PRESET_CAPITAL_HOUSING_BUILDING_MISSING,尚未建造安放建筑
28d4dc7563d82a46,TID_TUTORIAL_WAR_MAP_FRIENDLY_1,首领，您终于来了！欢迎来到前线！
4acf2ac329aba663,TID_KUNLUN_APP_STORE_BAIDU,百度手机助手
3d562e117419e7f2,TID_UNIT_STORAGE_CAPACITY_ALL,总兵力：<number>
044141d541086262,TID_NEWS_UPGRADES_TEXT,
ac336521bfa36d08,TID_SETTINGS_NAME,名字
4f2ddd65734c4a0f,TID_FIND_NEW_CLAN_PROMPT,这儿太安静了，要不我们找个新部落吧？
c41341437fca6fd0,TID_LEAGUES_GET_MORE_TROPHIES,集齐<number>奖杯加入联赛
38e6fc04f5816b3d,TID_LEGENDS_DEFENCE_CC_TITLE,设置部落城堡援军
9d8b88bb8824bae9,TID_CLAN_GAMES_THEME_HOLIDAY,假日竞赛
03d9bdf63faa3865,TID_USE_SPELL_EVENT_ACHIEVEMENT_DESC_PLURAL,活动挑战：在联机模式中获胜！\n<cffec78>• 必须使用<usecount>个<unit></c>
abd6ccedbc07b2fd,TID_BUTTON_CREATE_SPELL,配制
376680e1f05c68b2,TID_FIND_SPELL_FACTORY,定位法术工厂
7bb99297774928fc,TID_JUNGLE_WARDEN,丛林守护者
892455257bdee28c,TID_PROMOTE_TO_LEADER_CONFIRMATION,晋升<name>为新的部落首领吗？
23e39f74519d2129,TID_CHALLENGE_INFO_2013,英雄、首批暗黑重油部队和10级大本营重磅登场！
802ab1bc602252bc,TID_NPC_CHALLENGE_TH11_EDRAG_RAGE1,施放<cf07bf8>狂暴法术</c>提升军队的攻击力。
d2913a3facd11c2c,TID_NEWS_SAFEGUARD_TEXT_ANDROID,登录Google Play来保存您的进度，并在多台安卓设备上玩同一个村庄。
3d43c4d93f3642fc,TID_CAPBUILD_SUPERWIZARDTOWER,超级法师塔
d2f7fd77ab371505,TID_TASK_INFO_GET_STAR_BONUS,赢得家乡每日胜利之星奖励。
6fce450b35c69bff,TID_NOT_ENOUGH_BOOSTERS,所需魔法物品数量不足，不能进行该操作。
18c70d0bf10f4b5e,TID_BATTLEPASS_TASK_INFO_WIN_BATTLES_USING_YETI,在联机模式中使用大雪怪赢得<num>场战斗。
21fec4ce4d4a423e,TID_ALLIANCE_WAR_LOOT_TRANSFERRED,宝库资源已收集！
899bf33f33be51f0,TID_DECO_RESTORED_PILLAR_INFO,上面刻的字非常好看，好看到根本看不懂。
8ca41a6178e956af,TID_TESLA_TOWER2_INFO,有点像塔，有点像陷阱，绝对震撼！用科学的力量电击敌军空中和地面部队！
e4a6382a3ead302f,TID_LIGHTNINGDRAGON,雷电飞龙
aad6201175b9b336,TID_NEWS_TH11_UPDATE_OTHER_TEXT,• 新增两个成就：\q火炮破坏者\q和\q分享即关爱\q\n• 部队/法术增援界面经重新设计，现在可以显示已有的增援\n• 和法术工厂类似，训练营中的部队现在可以按次序排列\n• 进攻开始时，\q部落对战\q按钮现将显示动画\n• 现在按对应按钮就能手动停用已启动的护盾与村庄守卫\n• 稍微延长了您离线后可遭受进攻的时间\n• 经过10秒搜索后发现目标时，将播放特别音效\n• 未找到攻击目标且取消搜索时，将播放特别音效\n• 根据个人强制下线规定，玩家在线时间的上限降低至3小时\n• 在某些情况下，在线时间的时限不会重置，而是会延长\n• 现在联机匹配为您找到低于您的大本营等级的对手的可能性更小（仅限冠军联赛以下）
978ac2d9eca05228,TID_PLAYER_SEARCH,搜索玩家：
998ae0925239b1d6,TID_LOCAL_NOTIFICATION_CLAN_GAMES_ENDING_SOON,部落竞赛即将结束，抓紧时间赢取更多积分！
070399880540dfe2,TID_START_RAID_FAILED_NO_RIGHTS,提醒部落首领、副首领或长老发起突袭！
f9911a307213bedd,TID_HINT_ACHIEVEMENT_GEMS,完成成就可以获取免费宝石！
9a402af16a1b25e4,TID_BATTLEPASS_TASK_INFO_DONATE_SIEGE_MACHINES,向部落成员增援<num>台攻城机器。
675a975b295e1451,TID_CLANGAMES_TASK_INFO_DESTROY_GOLDSTORAGES,在联机模式中摧毁<num>个<building>。
83790c1695cf42fe,TID_EVENT_TEXT_HALLOWEEN_SKEL_BARREL,活动期间，在敌方领空投放骷髅飞桶，看敌军被骷髅海包围！对啦，您还可以赢得200颗宝石和一瓶力量药水哦！
fa5d3ab9ffcce286,TID_BATTLEPASS_TASK_INFO_USE_MINERS,在联机模式中使用掘地矿工赢得<num>颗胜利之星。
028186c333b071d2,TID_CHARACTER_INFO_RAGED_BARBARIAN_SHORT,更快、更狂暴、更多口水！
8451710c9fe35840,TID_ALLIANCE_WAR_ATTACK_FAILED_ALL_ATTACKS_USED,您已使用完本次对战的所有进攻机会！
a38a0a9ebae767e8,TID_WL_MEDALS_RECEIVED,您获得了部落对战联赛奖励：<num>枚奖章
3c196874336ba2af,TID_BATTLEPASS_TASK_INFO_USE_DRAGONS,在联机模式中使用飞龙赢得<num>颗胜利之星。
21e4cc752c6bde7c,TID_BOOST_TIME_LEFT,加成还剩
be1645bf7828e728,TID_WL_STATS_SELECT_WL,部落对战联赛
4542a99feca6e73c,TID_ARMOREDMACHINE,装甲机器
b9e14f3018c24414,TID_ALLIANCE_WAR_LOOT_NOT_EXIST,宝库中没有资源！
b5f4e0694ccefcec,TID_BUTTON_UPGRADE_SELECTION,升级选择
07717f16542b98de,TID_LAKE_CORNER,湖畔一隅
03025a674d429247,TID_LEAGUE_COPPER5,红铜联赛5
01c77dc5c3bf6234,TID_CHARACTER_INFO_SNEAKY_ARCHER,弓箭手隐身于月色中，她们甚至可以在被发现之前就将目标消灭。她们的弱点？高傲自负。
2c57b62c8aa903eb,TID_LEAGUE_IRON1_SHORT,精铁1
c80997ea4d6123d0,TID_CANNON_ABILITY_HELP,战车被摧毁后，加农炮获得<num2>临时生命值，将继续射击
1c2d258331639c58,TID_DUEL_WIN_BONUS_PERCENTAGE,<percentage>%建筑大师基地战斗奖励：
8e4078dd6f03688a,TID_CAPBUILD_BARRACKS_BALLOON_INFO,既然要造火箭气球兵，哪还有时间去管安不安全。最重要的是快！
8e97fc8f216a6364,TID_ACHIEVEMENT_DESTROY_MONOLITH_COMPLETED,总共摧毁擎天巨柱：<value>
215b474f7575b373,TID_ACHIEVEMENT_WAR_LOOT_TITLE,部落对战大富翁
8dba47b92eec967c,TID_FEATURE_BUILDER_BASE_DESC,扬帆起航，穿过狂风暴雨，前往神秘大陆开始新的历险！
a8566a72c18cb9b5,TID_BUTTON_USE_FILL_STORAGE_BOOSTER,填满
09cb9e2d299aaccc,TID_DPS,每秒伤害值：<number>
9d7b8b6124d3d2c7,TID_GEAR_TITLE_SEEKING_SHIELD,寻踪飞盾
c7305a56c5ba2807,TID_ALLIANCE_DATA_FAILED_GENERIC,无法加载部落信息。\n\n请稍后重试。
5547ca84c514a31a,TID_HINT_SPELL_EARTHQUAKE1,地震法术可以对生命值较高并密集排列的建筑群造成大量伤害。
463a96892fbaadce,TID_NEWS_TH11_UPDATE_GAMEPLAY_TITLE,游戏平衡性调整
e91a50d9fa57b0c4,TID_TUTORIAL_CLASHOWEEN_EVENT_A5,酸腐圣水坩埚！
0f8b110adb308be5,TID_HULK_SMALL,浩克
63285047f56340c0,TID_UNLOCK_BARRACK_TROOP,解锁<name>
eff2a30b94b42ccd,TID_INCOMPLETE_CAPITAL_ARMY,进攻前请先填满都城军队
257705ca41d16309,TID_LEAGUE_DIVISIONS,级别
aeca6866f61afc9c,TID_CHALLENGE_INFO_2015,大守护者携11级大本营震撼降临！首批暗黑法术投入战场。突然之间，大本营都被安置到村庄中心地带。
e5118fdaa6dc2423,TID_ACHIEVEMENT_DESTROY_SPELL_TOWER_TITLE,法术反制
bf2d4baa729f4e91,TID_HINT_UPGRADE_WALLS,升级城墙以延缓敌军的进攻。
26ce78abbf00f3da,TID_TH15_QUEEN,魔法女皇
99481024d4752f99,TID_AD_SEEKER_FRAG,迷你熔岩犬
7ec7752ca68c9598,TID_TUTORIAL_RAID_WEEKEND_1,啊，是时候发动突袭啦！突袭周末期间，你的部落将和其他部落战斗，比拼部落都城实力。
38191c2c8544f626,TID_WL_LEADERBOARD_BRACKET_POS3,小组第3名
2c9f511a1b52e2cb,TID_DIAMOND_BUNDLE_BH3_ALT,建筑工人新手礼包
749b4341fb4b9504,TID_DEVICE_LINK_ERROR_CODE_SAME_PLATFORM_TEXT_KUNLUN,您无需使用关联代码即可在多台安卓设备上玩同一个村庄。\n\n要在其他安卓设备上玩同一个村庄，请从同一个安卓应用商店下载游戏，并使用同一个账号在这些设备上登录。\n\n您的游戏进度会自动同步。
3f48d7704a3b992d,TID_SUPER_WIZARDS,超级法师
fb58d7714d95127a,TID_GIFT_DIAMOND_PACK_2,一小袋宝石和礼物
7681938e7a35fc25,TID_HERO_ABILITY_HEALTH,生命值恢复：<number>
2ae386e21e0e5e0a,TID_WAR_BATTLE_INFO,参战成员在战斗日发动进攻。对敌军战争基地造成的损失以最佳战绩为准，所以战争策略非常重要！部落对战时的攻击不会减少您的护盾有效时间，也不会影响您的奖杯数。
b3c9e66dcef1c8e5,TID_DEMOTE_TO_ADMIN_CONFIRMATION_TITLE,确定降职吗？
240bf467a0ca158b,TID_CONFIRM_ALLIANCE_GAMES_DISCARD_TITLE,放弃挑战？
3c372df66063f06b,TID_LINK_DEVICES_ENTER_CODE_TEXT2,在这里输入关联代码：
ab203f4eafe262b8,TID_LINK_SAME_PLATFORM_KUNLUN,要在多台安卓设备上玩同一个村庄，请从同一个安卓应用商店下载游戏，并使用同一个账号在这些设备上登录。您的游戏进度会自动同步。
dd485814b3eb60e5,TID_NPC71,纸质地图
f673857a86153f88,TID_LEAGUE_CLAY4_SHORT,黏土4
c9539ade0646b480,TID_CLANGAMES_TASK_WIN_STARS_USING_BAT_INFO,在联机模式中赢得<num>场战斗，每场战斗需使用<num2>个蝙蝠法术。
0a7d110a129b8529,TID_KUNLUN_APP_STORE_WANDOUJIA,豌豆荚
aede7da525b7f560,TID_NPC_CHALLENGE_RAGE_TOUGH_TARGETS,使用<cf07bf8>狂暴法术</c>能帮您解决难缠的目标。
17b5f74f205561fd,TID_REPAIR_BUILDING_TITLE,修复建筑？
b61949822f583c42,TID_WAR_BROWSE,详细信息
27bde98e7858a4cb,TID_ERROR_POP_UP_AUTO_DISCONNECTED,因为太久没有进行操作，您已断开连接。
3365f56f000cbcf7,TID_TENCENT_GUEST_LOGIN_WARNING,根据防沉迷系统最新规则，游客登录的用户无法进行实名认证，15天内只能累计游戏1小时。为了保证最佳游戏体验，我们强烈建议您通过微信或QQ登录游戏以完成实名认证。
b1dcd5644ab8e482,TID_NPC_CHALLENGE_TH13_HYBRID_ARCHER_QUEEN,部署<c9916c8>弓箭女皇</c>对付<cf70d16>戈仑冰人</c>。
11024a1cc098c296,TID_LEGEND_LEAGUE_INFO_TAB0_HEADER,概况
d12d21eb761e2c98,TID_BATTLEPASS_TASK_WIN_STARS_USING_RAGE,狂暴袭击
e732dd9a1735ed23,TID_CHALLENGE_NOT_AVAILABLE_IN_MODE_CANCEL,回营取消友谊战！
4ee9031e4278c9ed,TID_ALLIANCE_DONATE_HEADER_TROOPS,增援部队：
96cce8f4268560d7,TID_CAPITAL_PLAYGROUND_WALL_EXPLANATION,地面部队无法绕过与水域、悬崖或子城边缘相连的城墙。
dc6d4fa845bdb2ca,TID_VS,对战
489a978bc60e0209,TID_TRADER_ITEM_GENERAL_ERROR,
190fb862b25bd6c9,TID_CAPBUILD_BARRACKS_BARBARIAN_INFO,超级野蛮人互相切磋的场地。充斥着他们的汗臭味和放狠话的声音。
4e2aa7675f541b17,TID_STATUE_LNY_2023,魔术秀雕像
d1ffe3f44dafa9b8,TID_CHARACTER_INFO_LIGHTNINGDRAGON_SHORT,让敌军瑟瑟发抖的空中霸主。
749351120e58227f,TID_CAPBUILD_GUARDPOST_DRAGONS,超级飞龙岗哨
71e22ca2c1bcf01f,TID_WAR_DONATE_MESSAGE,请求增援
b1a7db90da6c3e5b,TID_CLANGAMES_TASK_INFO_DESTROY_TESLATOWERS,在联机模式中摧毁<num>个<building>。
c0293857817bd191,TID_RECOVERY_BUILDING,治疗小屋
e45571eb81466afe,TID_SETTINGS_CLAN_CHAT_FILTER,过滤部落聊天
49b72aacf3f1a3a1,TID_MAP_LOCATION_20,呼啸山脉
c5aa7199caed05b3,TID_VISIT_FAILED,无法参观村庄，请稍后重试。
57bb39d3b3927610,TID_PRESET_CANNOT_TRAIN,目前无法训练<item>
8021023cac31c692,TID_WL_INFO_LIVE_TAB2_TEXT,您可获得的奖励上限取决于您部落所在的联赛段位和赛季结束时的排名。您至少能获得20%的奖励，且每赢得一颗胜利之星可以多获得10%的奖励。赢得8颗或以上的胜利之星，您可以获得全部奖励。
5473b35b3a973e46,TID_FREEZE_SPELL_INFO_SHORT,冰冻防御建筑，给火热的战场降降温！
da026231c1986b17,TID_NPC43,肆意乱跳
56fc19f7446d90f5,TID_PLAYER_TAGS_SELECTED_TITLE,已选择：
b4e670fde0b8d995,TID_ACHIEVEMENT_REPAIR_BUILDING,重建<name>
747bbd81fe182ed0,TID_CHALLENGE_TH4_GIANT,巨人猛攻
cc700b8ac983dc2a,TID_TRAP_HALLOWEEN_SKEL,骷髅陷阱
81a1b47864f8d4bc,TID_HERO_INSTRUCTIONS_WARMACHINE,建筑大师的获奖发明，可以粉碎敌方建筑。只有它才能证明谁是这里最好的建筑工人！解锁电磁战锤技能，狠狠地击打敌人！
61ad79c61eb5df05,TID_ANTIADDICTION_ADULTHOOD_NOT_FULFILLED_2,由于您未满18周岁或未实名认证，已被纳入防沉迷系统，法定节假日已达到最大游戏时长3小时。
b0dfecdc3b0db2a4,TID_NO_OPENID_LOGIN_KUNLUN_ACCOUNTS,此账号已成功完成绑定，请您继续使用原有方式登录，后续登录方式请留意官方公告。
2e5069a0c6752b68,TID_SPELL_HEAL_SPIRIT,
62cb107220f6c96d,TID_HINT_ARCHER_TOWER2,箭塔降下后射程变短，但它攻击敌军的速度会提升为原来的两倍。
ab84e5f51451f7bf,TID_EVENT_SPELL_BOOST_INFO,法术配制加速至原来的4倍！\n\n只需1宝石即可加速法术配制。
07b92ad021e7003d,TID_BP_REWARD_CATEGORY_CAP_HOUSE,部落营房样式
0eb16cf24aa0b903,TID_BOOST_POPUP_ITEM_RESUME,恢复
b14ffb5ba9d4c7ca,TID_CAPITAL_RAID_OFFENSE_MEDALS_ALT_GEMS_RECEIVED,您获得了都城突袭周末进攻奖励：<num>宝石
61b2e2fb0c9bfac3,TID_DECO_FIRST_BARBARIAN_INFO,一座古老的雕像，在那个年代，毫无品味的发型格外受欢迎。
a9b47188a2935ec7,TID_BP_PERK_NEXT_SCORE,需达到：
be3f9e8100cdf8a1,TID_CHARACTER_INFO_BARCHER,既像野蛮人一样强悍，也如弓箭手一般凶猛。野蛮箭手虽然长得怪异，但拥有惊人的进攻实力。
126e75409b23cf79,TID_DECORATION_HOG_FLAG_INFO,这里就是猪猪乐园。
39ecba66ad4a0eaf,TID_TRAP_DAMAGE_RADIUS,作用范围：<number>格
4ee349d0c57db567,TID_SUPER_WALLBREAKER_ABILITY_NAME,超级炸弹
857d98a503a7a7ea,TID_TUTORIAL_WAR_MAP_FRIENDLY_2,敌人对我们虎视眈眈，我们也绝不会手软！
6014776d2c7eca8d,TID_START_WAR_FAILED_GENERIC_ERROR,无法发起新的部落对战，请稍后重试！
daf490cda3fc506a,TID_WORKER_TARGET_OTHER_VILLAGE,建筑大师正在另一边的村庄中工作！
a24f21607d74f1c3,TID_CAPBUILD_BOMBTOWER,炸弹塔
af04acf1fd3574f5,TID_GOLD_PASS_SEASON_BANK_DETAILS,提升月度挑战资源箱容量，在赛季结束时收集更多资源！\n\n获取黄金令牌后，您的月度挑战资源箱可容纳：\n• 金币：<gold>\n• 圣水：<elixir>\n• 暗黑重油：<de>
92268a757868f34a,TID_SHOP_SHIELD_1D,一天护盾
f8dcff078bf1b9e0,TID_FAQ_WINDOW_TITLE,帮助与支持
253d9eea0903b3a0,TID_FRIENDLY_WAR_PARTICIPANTS,部落友谊战参战成员
fcc739db445c8311,TID_BUTTON_TRAIN_PRESETS,一键训练
9be27abe3c053b7b,TID_LEAGUE_EMERALD2,绿宝石联赛2
b4cd360f3c938e52,TID_TUTORIAL_CAPITAL_ARMY_1,在这里进攻时，你将使用都城的部队和法术。
ba68da4dff3a9a47,TID_NPC_CHALLENGE_TH11_LAVALOON_BALLOONS1,派出大部分<c54a0fe>气球兵</c>。
9675a0f7cdf9d989,TID_EDIT_MODE_SAVE_FIRST,您需要先完成您的村庄阵型编辑
dd161b861c521394,TID_ACHIEVEMENT_SEASON_CHALLENGE_POINTS_TITLE,月度挑战达人
9ae445585a914820,TID_TUTORIAL_WAR_LEAGUE_1,首领，我们成功了！我们成功进入了部落对战联赛！
d9bb71afd5ee9601,TID_HOUSING_INFO,部队驻扎在兵营。建造并升级兵营以容纳更多部队。
d370a618251ead33,TID_INFERNO_TOWN_SCENERY,烈焰之城
6e6e20e52e369cb0,TID_TESLA_TOWER2_INFO_SHORT,电你个措手不及。
9a733866424f0c59,TID_EVENT_GET_GEM_ALTERNATIVE_TITLE,仓库已满
5042d8bb18654718,TID_TOTAL_CAPACITY_AFTER_TRAIN,训练后的总兵力：
6911c28fa5c4ba91,TID_TRAP_SUPERBOMB,巨型炸弹
0808d9bd1efc3f10,TID_BATTLEPASS_TASK_WIN_STARS_USING_POISON,伤害气体弥漫
c2e6bc3238376892,TID_DIAMOND_PACK_1,一小堆宝石
31abbf6f97ad92dc,TID_BP_PERK_INCREASE_LIST_FORMAT,• <perk> <num>%！
d06df9ee792ceceb,TID_EVENT_TITLE_END_OF_SEP_OFFER_TH0206,战火燃 屯资源
5429446c07354964,TID_WECHAT_LOGIN_BUTTON,微信登录
7d4d0be9cd8603ce,TID_PTE_PERK_RESEARCH_BOOST,研究加成
c0b130f7f2dc1f4e,TID_BOOST_SPELLS_POPUP_TITLE,加快法术配制！
161d772ce1480341,TID_ICE_HOUND_ABILITY_INFO,寒冰猎犬的攻击会让目标减速，它被消灭时还会冻结附近的一切。
29e1ff06db793c0a,TID_LEAGUE_INFO_LOOT_BONUS,在泰坦杯联赛1中，最大资源奖励为：
e0b011132f672762,TID_CHALLENGE_NOT_AVAILABLE_IN_MODE,回营开始友谊战！
685963adb3b64152,TID_LEAGUE_STEEL2_SHORT,坚钢2
f25b4c5a3b40a451,TID_NPC_CHALLENGE_TH6_GIWIWA_WALL_BREAKERS2,<cf70d16>迫击炮</c>的炮弹落地后，炸开第二排城墙，让您的部队可以直达<cf70d16>敌方大本营</c>！
442faf314d8eb8c1,TID_HERO_ABILITY_WARDEN_DESC,大守护者释放魔法书卷的全部力量，让自己和附近所有友军单位在短时间内完全免疫伤害！
a624421ca49de0a5,TID_TUTORIAL_FORGE_CRAFTING_2,铸造需要点时间，但有利于更快发展您的都城！
277b50f787d4b019,TID_ALLIANCE_GAMES_PERSONAL_COOLDOWN_TEXT,请做好准备，迎接下一项挑战......
d9c76306d1a0b2f7,TID_CLANGAMES_TASK_USE_LOG_LAUNCHER,滚木出击
5a702cd2b4e71e04,TID_UPGRADE_HOME_TH_LOCKED_INFO,要解锁下一级大本营，请先建造以下建筑！
95306128a2b9116f,TID_ACHIEVEMENT_DONATE_CAPITAL_COMPLETED,贡献的都城金币总数：<value>
64660c4d3a117cdf,TID_PRODUCTION_CAPACITY,容量：<number>
733dfd11ffe62b40,TID_LIVE_REPLAY,实时回放
5b17dd112398dae8,TID_BUY_MULTIPLE_BOOSTERS,<amount> <name>
94fa56339edc2c59,TID_NEWS_TREASURY TITLE,全新财富和宝库
d2a79ff40d343f59,TID_NPC_CHALLENGE_TH10_MINER_MINERS,现在<c54a0fe>掘地矿工</c>的前进路线畅通无阻。
c17a75e73244916f,TID_BUTTON_GEAR_UP,改装
6190bbaef2c1db79,TID_ARTO_TASK_BATTLE_MACHINE_FLUFF,要实现自动化并不容易。不过幸好我们可以拿这台战争机器做实验。它绝对安全、操作简便......反正建筑大师是这么说的。
9b01f5dddbadb973,TID_XP_TITLE_PUZZLEANDDRAGONS,在日本也流行！
b437148677ea2dce,TID_NPC_NAME_TUTORIAL2,哥布林森林
a709df26f4627496,TID_RANKTITLE,等级
949714d339328992,TID_DIAMOND_BUNDLE_TH11_ALT_UPDATED_INFO,• <res0>暗黑重油\n• <res1>金币\n• <res2>圣水\n\n存放礼包中的物品不受最大储量限制！\n\n该<cffec78><value>倍超值礼包</c>只可购买\n一次，千万不要错过哦！
8d0d278b5acd9811,TID_CAPITAL_RAID_SEASON_FULL,您部落参加本次突袭周末的成员人数已达上限
36070d16ff644ea5,TID_FREEZE_TIME,减速持续时间：<number>秒
5c2b0ac0ce6205c5,TID_ELIXIR,圣水
b63655d2633fe85a,TID_PERSONAL_WAR_PREFERENCE_TITLE,部落对战偏好
f62912fe5dbb128f,TID_ASSIGN_PET,指派战宠
249d8cce4804b679,TID_BP_REWARD_LOCKED_NOT_ENOUGH_POINTS_AND_NEED_PREMIUM,您还需要<num>积分和黄金令牌才能解锁这个奖励。
0914438b1aa41bef,TID_SUPER_TROOP_ALREADY_ACTIVE,已强化
ab00f984c35250bb,TID_USES_VILLAGE2_BUILDER,需要建筑大师！
6083f92513cff4a2,TID_WELCOME_BACK_DEFENCES,您的村庄被袭击了
c24f8a6f5f02feb3,TID_DECORATION_10YEAR_BIRTHDAY_STATUE_INFO,是炸弹？是10周岁生日装饰物？还是大本营？没人知道！
e1e68a92da631497,TID_NPC_CHALLENGE_BOWIGI_KINGABILITY,<c9916c8>野蛮人之王</c>的生命值在减少，快激活他的<c9916c8>英雄技能</c>！
16aa0740cd5cd701,TID_NPC_CHALLENGE_BOWIGI_WALLWRECKER,再派出<c54a0fe>攻城战车</c>、<c9916c8>大守护者</c>和<c9916c8>野蛮人之王</c>跟在巨人身后。
aa2adac1eaadfb21,TID_PET_HEALER_INFO,独角不轻易相信他人，但它绝对值得您付出爱心和耐心与它建立信任，因为它会像天使一样治愈所有伤痛！
6ed98520032465c1,TID_BATTLEPASS_TASK_WIN_BATTLES_USING_BATTLE_DRILL,钻机奇袭
00d4a3390aa65e09,TID_GROWTH_AURA_MAX,最大生命值提升：<number>
a1a7fe2c6b1c30e3,TID_RATE_APP_MESSAGE_ANDROID,请在Google Play给《部落冲突》(Clash of Clans)评分并反馈意见！
e9899dea5d49d17e,TID_PROMOTE_TO_COLEADER_CONFIRMATION_TITLE,确定晋升吗？
2e0e73954faf5704,TID_NEW_PLAYER_PRIVACY_SETTINGS_ADVISORY,游戏中新增个人信息设置，当前这些设置已默认关闭。是否允许游戏开启这些设置？\n\n✅ 在排行榜中显示
1afaa8b8717fc197,TID_PTE_PERK_NEEDS_PREMIUM,使用活动令牌解锁
e7ffb6295ec78c68,TID_SUPER_WIZARD,超级法师
49d99a97a542b908,TID_SETTING_AUTO_USE_HERO_ABILITIES_INFO,将该功能设置为\q开启\q后，如果英雄或部队技能尚未使用，他们在即将被击败时会自动使用技能。
b37e7d95871855cc,TID_SIEGE_WORKSHOP_INFO,攻城机器工坊是专门建造攻城机器的地方。升级攻城机器工坊以解锁不同的攻城机器！
97459e84ac7cede4,TID_CAPBUILD_WALL_INFO,城墙可以保卫子城，阻挡敌人的进攻。\n\n同一个子城内，所有城墙会同时升级，等级始终保持一致。 同心建设，并肩战斗，子城城墙，同步升级！
736717ddbbebe1e6,TID_BUILDING_TEXT_ALERT,!!!
81e8b60ca6872bdb,TID_CAPBUILD_GOBLIN_HUT_INFO,一间空空如也的哥布林小屋，可能是要卖掉吧？
c8b4cf01dc50b176,TID_NPC16,笨蛋的金子
756bd30d3282c160,TID_ALLIANCE_WAR_LOOKING_FOR_OPPONENT,正在搜索对战部落...
8b59f5ff67c82c28,TID_LEGEND_SEASON_INFO_TEXT,传奇杯联赛使用了特殊的赛季结束规则与奖励！
f3018fd21245f30d,TID_TENCENT_DOLPHIN_ERROR_8,当前环境下载安装包异常，请去应用商店下载最新版本。
5510700bac0fcd55,TID_REINFORCEMENTS_ARRIVING,离增援抵达还有：
f67062c6271c674a,TID_DONATED_TO_CLAN,近期增援：
cb5b6ebbcbad7823,TID_STREAM_EVENT_JOINED,已加入部落
bc8f88794b94edf3,TID_TARGET_ALREADY_IN_ALLIANCE,玩家已经加入其他部落了。
3998f69eadd854b5,TID_ADD_FRIEND_ERROR_OWN_AVATAR,您无法向自己发送好友邀请！
f6228a808b389d40,TID_BOOSTER_CLOCKTOWER_OFFER_INFO,<num>瓶时光钟楼药水，可以开启时光钟楼提速效果并使其持续运转<time>
86254fd0c4110657,TID_BOOSTER_LAB_OFFER_INFO,<num>瓶研究药水，可在<time>内将实验室的研究速度提升至原来的<multiplier>倍
0df2f954da2449bf,TID_ROYAL_GHOST_ABILITY_HELP,在部署后的<num>秒内不会被防御建筑攻击，也不会被城墙阻拦。
02ca5059f4813911,TID_BP_PERK_TRAINING_BOOST_DESC_STARTER,减少训练部队、配制法术和建造攻城机器所需时间，减少英雄恢复所需时间。
10c4ea14aebe7717,TID_CAN_COPY_ONLY_SAME_CH_TO_YOUR_OWN,无法复制都城大本营等级不同的阵型。
d1f83f089db75806,TID_TENCENT_LOGIN_PP,《腾讯游戏隐私保护指引》
fcdc8b042073e61b,TID_ARCHER,弓箭手
55161f46496bba73,TID_CLAN_GAMES_BONUS_REWARD_AVAILABLE,赢取<num>积分即可在部落竞赛结束后选择一项额外奖励！
e33ab67184e1864f,TID_FB_CONNECT_NOT_SAFE_TEXT_ANDROID,将村庄绑定到Facebook可以让您找到好友。要保存游戏进度，并在多台设备上玩同一个村庄，请登录Google Play。
3f9180cff1dbc7ed,TID_REENGAGEMENT_ATTACK_2,这段时间，部队的训练速度肯定会非常快！
d5038418877db4d3,TID_BP_POINTS,挑战积分
c25aded04473900e,TID_HOUSING_SIEGE_MACHINES_INSIDE,攻城机器：
fa8988af9ff7980c,TID_BATTLEPASS_TASK_INFO_DESTROY_ARMYCAMPS,在联机模式中摧毁<num>座兵营。
34ffd2a5e2624cac,TID_BUY_LAYOUT_SLOT_TEXT,您确定要购买新的阵型栏位吗？
1030fc071201aac9,TID_CLANGAMES_TASK_INFO_DESTROY_XBOWS,在联机模式中摧毁<num>个<building>。
d1daf636d3d91a1f,TID_TROOP_REQUEST_SENT,请求已发送！
edd6c88a7e324fd7,TID_CHARACTER_SUPER_HOG_RIDER,超级野猪骑士
7411f61a6db381b8,TID_ACCEPT_NOT_AVAILABLE_IN_MODE,回营回应请求！
73f3c5779dc7d6e5,TID_CREATE_SKELETONS_SPELL,骷髅法术
19987e524d301ac8,TID_TUTORIAL_SEASON_CHALLENGE_5,月度挑战结束时，这些资源将转存到您的资源仓库！
bb32d1945d548a92,TID_SHIELD_POPUP_GUARD_TIP,保护即将消失，做好准备吧！
d5dfa46ebb6c9512,TID_STAGE,第<stage>区域
fdab371a410640a9,TID_ICE_HOUND_INFO,摆脱了熔岩引起的消化不良后，寒冰猎犬准备冻结敌军村庄。冷静点，否则......
0329277b1190a9e7,TID_TIP_SPELL_FORGE,配制强大的法术让您在战斗中如虎添翼
5c5c9a6a4891b300,TID_MAINTENANCE_NORMAL_TEXT,等待期间，不妨来一局《部落冲突:皇室战争》！
44ef7289dc52900c,TID_UPDATE_REQUIRED_TO_CONTACT_SUPPORT,如需联系玩家支持团队，请将您的游戏更新至最新版本。
ecffb7a91eecead9,TID_BATTLEPASS_TASK_INFO_USE_SIEGEZEPPELINS,在联机模式中使用1艘攻城飞艇赢得<num>颗胜利之星。
51eaa56651b961c3,TID_BOOSTER_FILL_GOLD_STORAGE_OFFER_INFO,<num>块金币符石，可使家乡的金币立即达到最大储量
5aa01b7c894caa72,TID_BUTTON_PROCEED,继续
a1cf96540c1b2afb,TID_FEEDBACK_INFO1,\n
0b0be5960677eb39,TID_DARK_WITCH,暗夜女巫
fe73b17862db6964,TID_CAPBUILD_SPELLLAB_LONG_HASTE,永恒急速法术工厂
8a12fcd501860959,TID_BB_LOOT_CART_ALL_COLLECTED,防御奖励：
73dde2895333051b,TID_ALLIANCE_WAR_WAR_STARTING,已经宣战
6ea788717e4e2517,TID_NPC_CHALLENGE_TH8_GOWIPE_BARBARIAN_KING,外围建筑都已被摧毁，现在就派出<c9916c8>野蛮人之王</c>吧，他将直奔战场中心。
048080d10da237e1,TID_BATTLEPASS_TASK_WIN_STARS_USING_RAGE_INFO,在联机模式中使用狂暴法术赢得<num>颗胜利之星。
12ca8098469b221a,TID_ACHIEVEMENT_DESTROY_MONOLITH_TITLE,擎天巨柱粉碎机
04391107f19ea3d5,TID_COSMETICS_CUSTOM_EFFECTS,视觉特效
c53b209b6526e3b8,TID_ALLIANCE_GAMES_TOWN_HALL_TOO_LOW,您的大本营需要达到<number>级才能参加部落竞赛。
0ca18a99e924013f,TID_AMMO_FILL_CONFIRMATION,十字连弩已准备就绪！
22630998afbfea95,TID_HERO_INSTRUCTIONS_WARDEN,大守护者会跟随聚集在一起的友军，利用生命光环为他们提升生命值。进攻时，他可以随意地跳过城墙或者高高飞起；防守时，他将化成一座高塔。解锁大守护者的永恒书卷技能，让他周围的友军免疫伤害！
65e8263311731306,TID_NPC_CHALLENGE_TH9_BABYDQW_INFO_WAIT,耐心等待<c9916c8>弓箭女皇</c>摧毁<cf70d16>炸弹塔</c>。
5e1b3fc990265461,TID_OBSTACLE_ROOT,树根
59fa6e7e78660604,TID_BUILDING_GOBLIN_CASTLE,哥布林城堡
832827f2f5b24646,TID_DEGENERATION_TIME,持续时间：<number>秒
69ff45502e4a750a,TID_LEAGUE_BRASS3,黄铜联赛3
6a8239428be601c5,TID_TUTORIAL_GOLD_EARNING_GETTING_STARS,首领，您的进攻非常精彩！获胜和赢取胜利之星很重要。
8ba40070114bc49d,TID_SETTINGS_API_TOKEN_RECEIVED,令牌：<token>
a29edd251f4469dc,TID_CHARACTER_INFO_AD_SEEKER_NO_EXPLOSION,这些狂躁的猛兽进入战场后会扑向防空火箭，从而很好地保护其他部队。被摧毁后，它们会发生爆炸并生成多个体型和威胁都更小的迷你熔岩犬。
b4d2cd8e8356535a,TID_POPUP_BOOST_SIEGE_WORKSHOP,要在<time>内将攻城机器建造速度提升至原来的<multiplier>倍吗？
0daf63600413e36a,TID_ACHIEVEMENT_LOOT_DARK_ELIXIR,取得<number>暗黑重油
76a3dc5367f7b0f7,TID_UPGRADE_BUILDING_TO_LEVEL_TO_UNLOCK,将<building>升至<number>级以解锁！
0f0562ce104c0acc,TID_TUTORIAL_WAR_MAP_FRIENDLY_3,看，首领，在那里！我已发现敌方部落！
cf3c38069b5ff72c,TID_RAID_WEEKEND_RAIDS_COMPLETED,完成的突袭次数：
84cabe9391e37887,TID_TOTAL_HERO_HEAL,对英雄总治疗量：<number>
c3415a02252f3a6c,TID_REQUIRED_SPELL_FORGE_LEVEL,需要<number>级法术工厂
3168fed3a4ae917c,TID_NEWS_SAFEGUARD_TEXT,登录苹果游戏中心(Game Center)来保存您的进度，并在多台苹果设备上玩同一个村庄。
ad84f00c5c5ced7b,TID_DIAMOND_GIFT_RECEIVED,您从部落礼物中获得了<number>颗宝石！
c3f8974a5a2bce4a,TID_TUTORIAL_WORKER_MENU2,我的想法会一直出现在这里，不过你有你自己的考虑，一切由你决定！
d54900934f4be8b9,TID_BATTLERAM,野蛮人攻城槌
bda56b77877424f1,TID_SMITHY,铁匠铺
dbe40bfd076b21c5,TID_ADVANCED_SETTINGS,更多设置
e9b53e498a906888,TID_BOOSTER_FILL_GOLD_STORAGE_ALT_2_LINE,金币符石
d99fbd93ceda14fc,TID_CLANGAMES_TASK_INFO_USE_BARBARIANS,在联机模式中赢得<num>颗胜利之星，每场战斗需使用<num2>个野蛮人。
ceb8d8d038dcc97b,TID_TRAINING_SCREEN_TAB_TROOPS,训练部队
7917e96c09c75f5f,TID_PURCHASE_LIMIT_TEXT,为避免意外购买宝石，再次购买前请您稍等：
c58e44943d275f1b,TID_HINT_HEROES_ABILITIES,英雄等级达到5级便拥有可升级的特殊技能，可在进攻时使用。
4ac1c50fd073ede5,TID_GOOGLE_SERVICE_CONNECT_BUTTON,连接
7e7588a8315cda64,TID_VILLAGE2_PVP_LOOT,胜场
5f1e2d0475b05338,TID_GOLD_PASS_MAGIC_ITEMS_DETAILS,魔法物品很酷，但拥有更多魔法物品会更酷！\n\n获取黄金令牌，解锁更多魔法物品。前往奖励之路查看奖励详情！
10b8e7a10c5deae2,TID_BATTLEPASS_TASK_WIN_BATTLES_USING_BOMBERS,劲爆拆墙
0478d8995e63cac4,TID_TUTORIAL_REINFORCEMENT_CAMP_INTRO_4,就由你来决定如何使用它们吧！
e2d56e6bbaf8a85a,TID_CAPBUILD_BLAST_BOW,爆炸强弩
9af55ca024bbfaff,TID_LIVE_ESPORTS,直播
e1e917535618df1b,TID_PRESET_EMPTY,无可用的军队配置
48c6506f96a8aad6,TID_EVENT_ARMYSPELL_BOOST,1宝石加速军队训练
ff2aeba4d39c8dca,TID_CLANGAMES_TASK_DESTROY_AIRDEFENSES,摧毁防空火箭
b27180551539b994,TID_PLAYER_PROFILE_SIEGE,攻城机器
8a69c7b5f4357304,TID_REPAIR_CLAN_CASTLE_2,加入部落与其他玩家结盟，互相派出增援部队，并在部落对战和部落竞赛中并肩作战。\n\n创建自己的部落，与好友并肩作战，招募部落成员，最终率领您的部落雄霸天下！
993c71ee4d438386,TID_HINT_DARK_ELIXIR_USAGE,您可以使用暗黑重油召唤领地内最强大的英雄。
e29d16684895fc85,TID_REENGAGEMENT_APOLOGY_2,啊......你不是哥布林？
5dbb99673c7adaa6,TID_LEAGUE_HERO,泰坦杯
d8f0452c35304be9,TID_DIAMOND_BUNDLE_MAGICITEMS_HERO_BOOK_WITH_RESOURCES_INFO,• <booster1>本英雄之书\n• <res0>暗黑重油\n• 存放礼包中的物品不受最大储量限制！\n\n使用英雄之书立即完成任一英雄的升级！！\n\n该<cffec78><value>倍超值礼包</c>只可购买\n一次，千万不要错过哦！
eb7f450fd214168c,TID_SUPER_BOWLER_ABILITY_NAME,三重打击
f3f80181d826f937,TID_ERROR_POP_UP_PURCHASE_FAILED_BUTTON,确定
af1d89f863e1380c,TID_BP_TAB_PERKS,特权
68677cd1e0aea0b1,TID_CHALLENGE_TH10_BOBAT,蓝胖蝙蝠
2d05c49fe9052bbe,TID_GEAR_RESOURCE_GENERIC_INFO,将这块魔法矿石拿到铁匠铺去，可升级您英雄的装备！
1b85ef00ddd4d921,TID_NPC_CHALLENGE_TH11_LAVALOON_BALLOONS2,派出一些<c54a0fe>气球兵</c>快速清理这片区域。
e31bfb5fbcea5d45,TID_WAR_INFO_BUTTON,对战详细信息
95590e99a3c769b3,TID_OPTIONAL_AVAILABLE_TITLE,可以更新啦！
d906cb73a40ff471,TID_GRAND_WARDEN_INFO_SHORT,辅助部队作战的魔法大师。
bb997720a413a267,TID_WITCH2_ABILITY_HELP,激活时召唤<num>只异常愤怒的蝙蝠
d364cfbeffc54e98,TID_CLASHFEST_KING,盛典蛮王
2754694d891b2ee7,TID_PTE_PERK_BUILDING_BOOST_DESC,建造及升级建筑所需的资源和时间减少<num>%。在铸币坊铸造都城金币所需的资源和时间减少<num>%。
40bd98560bb9f11d,TID_PET_PHOENIX_ABILITY,浴火重生
816dd1f25d23eebb,TID_BB_ATTACK_ELIXIR_STORAGE_FULL_TEXT,建筑大师圣水已达存储上限，仍要继续进攻？
c22bcf948b17f395,TID_WARRIOR_CHAMPION,勇将战神
7911d499695d06c4,TID_CHARACTER_APPRENTICE_WARDEN,守护者学徒
8bd7628e2d9490a1,TID_BATTLEPASS_TASK_INFO_USE_HOGRIDERS,在联机模式中使用野猪骑士赢得<num>颗胜利之星。
0b66f87fd0d08400,TID_SHOP_CATEGORY_VILLAGE_BACKGROUNDS,场景
713011e7ac06146a,TID_DIAMOND_BUNDLE_ELIXIR_HERO_PACK,圣水英雄升级礼包
9da7f21768c8147e,TID_BOOSTER_MOVE_OBSTACLE,移位任意铲
09dd2548736eaefe,TID_UPGRADE_UNITS2,升级部队
e9e4e6bc376d1038,TID_MULTIPLAYER_POINTS,您的奖杯：
d17c258099299a09,TID_TRAINING_SCREEN_BARRACKS,训练营
23c52fad5aacf28f,TID_LEGEND_SIGN_UP_CONFIRM_TITLE,报名参加传奇杯联赛？
9b8fc27b4d7750c9,TID_SHOP_CATEGORY_ARMY_BUILDINGS,军队
ae992212f28aca31,TID_ACHIEVEMENT_UNIT_UNLOCK2,在建筑大师训练营中解锁<name>
28ebfe40c136a756,TID_NEWS_BUTTON_GO,去看看！
a231fd35fa68f4e5,TID_LAYOUTS_EDIT_BUTTON,编辑阵型
eb66646d78272eb5,TID_FB_CONNECT_NOT_SAFE_TITLE,您已登录Facebook
5ed44e1d59cf65d7,TID_TREASURY_CAPACITY,<resource>：<number>
900370d1820cf65f,TID_REPORT_DESCRIPTION_TITLE,详细描述
1ff7c8e2132b9f9a,TID_TRAINING_SLOT_STOPPED,已暂停！
e32fc9d10fb26fde,TID_6ANNIVERSARY_OFFER_MAGICITEMS_BOOKS_AND_RUNES_INFO_9999,• <booster1>本英雄之书，可用于立即完成任一正在进行的英雄升级\n• <booster2>本建筑之书，可用于立即完成任一建筑的升级\n• <booster3>块金币符石，可使家乡的金币立即达到最大储量\n• <booster4>块暗黑重油符石，可使家乡的暗黑重油立即达到最大储量\n\n• 存放礼包中的物品不受最大储量限制！\n• 该礼包可购买2次！\n\n限时生日礼包，千万不要错过哦！
dca6167951cfc272,TID_CLANGAMES_TASK_INFO_WIN_BUILDERBATTLES,在建筑大师基地战斗中获胜<num>场。
deeaa170c01679b6,TID_TUTORIAL_FORGE_1,超级建筑工人给我们送来了这个铸币坊，说在都城里用得上。
8b6671a5d4a61175,TID_AVAILABLE_RAID_MEDALS,可用的突袭奖章：
31dd91fcff2e2c29,TID_WAR_DAY_DURATION,对战阶段
f8fb219ddfc4b340,TID_INFO_TRAINING_TIME,训练时间：
2ecdaa9cc6bc88ff,TID_MAKE_SCENERY,玩家创意场景。\n\n场景创意：\n<cff8000><CREDIT></c>
853b4f37a4974322,TID_NPC_CHALLENGE_TH12_DRAGBAT_SPAWN_BATS1,使用<c9916c8>蝙蝠法术</c>摧毁<cf70d16>天鹰火炮</c>和<cf70d16>单一目标模式下的地狱之塔</c>。
e15c4a4852cdb6fe,TID_FINDING_RAID,正在搜索对手
736447fde7f64394,TID_LEAGUE_PASSED,已晋级
bff1da15a76f8ea0,TID_CHARACTER_YETI,大雪怪
afef702756eedcfa,TID_NPC26,箭头
69f1fd86ab1ef7c8,TID_BUTTON_GO,前往
03c3c66a830eb903,TID_CLAN_CASTLE_LEVEL_TOO_LOW,对方部落城堡等级太低，无法接收援军！
a0027b12bfa4d1a7,TID_TIME_MINS,分钟
e0c1a9478d26df19,TID_RAID_SIGNUP_ERROR_NO_LONGER_AVAILABLE,已无法报名参加突袭周末。
c68933a77f8eddba,TID_SCENERY_BOOKS_OF_CLASH,冲突与战争
dc32f1149799b87a,TID_TOXIC_MINION,异变亡灵
ae094d2340098bf6,TID_BATTLEPASS_TASK_START_ANY_UPGRADE,建造之乐
d8552e3760031710,TID_OFFER_NO_STORAGE_LIMITS,存放礼包中的物品不受最大储量限制！
be6c544973852e2f,TID_BOOSTER_LAB_POTION_INFO,有了这瓶补气提神的药水，神秘的法师们可在<time>内将实验室的研究速度提升至原来的<multiplier>倍。只可在家乡使用！
dedd6e286a27a581,TID_DECO_JINGLEBELL,节日铃铛
8894186bdfb960e3,TID_ACHIEVEMENT_DONATE_CAPITAL,贡献<number>都城金币用于部落都城中的升级
3caf4469de86b8f2,TID_BOOSTER_FINISH_HERO_UPGRADE_INFO,这本魔法古籍记录了各种英雄事迹和金玉良言，可立即完成任一正在进行的英雄或战宠升级。在家乡和建筑大师基地都可使用！
8068972ab3daf4d5,TID_NPC_CHALLENGE_PROGRESS_WARNING_TITLE,非常好！
af1495ada5686376,TID_TYPE_ACCEPT_CLAN_INVITE_WHILE_IN_CLAN_TITLE,退出当前部落
4fc032f717e1e099,TID_DIAMOND_BUNDLE_TH15,15级大本营礼包
2021c29e4e0f95c2,TID_GHOST_WARDEN,幽灵守护者
1540d857d293c650,TID_NATIVE_DIALOG_TENCENT_ACCOUNT_CONFLICT_YES_BUTTON,是，切换至当前账号。
289076047fa48b9c,TID_AVATAR_MESSAGE_BUTTON_SUPPORT,联系玩家支持团队
940cd2e9c7288cb2,TID_LEAGUE_HERO2_SHORT,泰坦杯2
9b92965d11ddb24c,TID_SKELETON_GLIDER,骷髅飞骑
a94461b0358a5d49,TID_SPELL_FACTORY_VOUCHER_CLAIM_FAILED_INVALIDATED,礼券已失效
bdd53414f53a070f,TID_CHARACTER_INFO_BATTLERAM,四个野蛮人托举着巨大的攻城槌向目标发起冲锋，攻城槌撞击目标时会造成大量伤害。攻城槌破裂后，他们将拿着剑继续奋力战斗！
88e0232a0d761b1e,TID_BATTLEPASS_TASK_WIN_BATTLES_USING_BOXERGIANTS,一拳定音
3be1649e796fe2ac,TID_WL_INFO_LIVE_TITLE,部落对战联赛对战周
0ccab1575667de85,TID_DECORATION_8YEAR_BIRTHDAY_STATUE_INFO,商人送来了美味的\q生日蛋糕\q，一起庆祝8周岁生日吧！
717feaa9d7758e0c,TID_NPC_CHALLENGE_TH10_MINER_HEALS,当<c54a0fe>掘地矿工</c>受到敌方炮火的猛攻时，记得施放疗伤法术及时治疗他们。
196597aadf14a2d7,TID_CLANGAMES_TASK_DESTROY_BB_WALLS,疯狂拆墙
f97c8ae7a961ac6b,TID_MULTIPLAYER,联机模式
cb598c860ab68afb,TID_ALLIANCE_GAMES_TASKS,挑战：
b3d138283378ed4a,TID_TRAP_AIR_INFO_SHORT,空中单位也值得拥有爆炸惊喜。
4466baced496904b,TID_DIAMOND_BUNDLE_GOLD_ELIXIR_DARK_ELIXIR_INFO,• <gems>宝石\n• <res0>金币\n• <res1>圣水\n• <res2>暗黑重油\n\n存放礼包中的资源不受最大储量限制！\n\n<cffec78>最超值礼包</c>，只可购买一次，千万不要错过哦！
8f65147c5e7db578,TID_ACHIEVEMENT_PVP_ATTACKS,赢得<number>场联机模式战斗
56bf8731b4f90003,TID_TENCENT_DOLPHIN_CONFIRM,检查到新版本，请立即更新下载，大约<totalsize>k
dc410f9fc0e1db62,TID_CLANS_SELECTOR_BOOKMARKS,收藏
1cbff086cdcf832e,TID_NPC_CHALLENGE_TH10_BOBAT_BATWAVE,施放<c9916c8>蝙蝠法术</c>，召唤一大群<c54a0fe>蝙蝠</c>快速摧毁剩余防御建筑。
ec220e31f1fed304,TID_REMOVE_TROOP_BUTTON,移除
69934a52a657e455,TID_NAME_INSTRUCTIONS,请选择合适的村庄名称，其他玩家会看到您的村庄名称！您以后可以在设置界面更改村庄名称。
2d43d805114c2291,TID_PROJECTILE_DAMAGE,投射物伤害：<number>
448788031a4f8356,TID_SUPER_MINER_INFO,拿着大钻机，留着拉风的胡子，这位超级矿工随时准备暗中破坏敌方防御！
5e446db1af088bcf,TID_DELETE_ACCOUNT_TITLE,删除账号
67a1c5f3fe3bfa50,TID_ACHIEVEMENT_CLAN_GAMES_POINTS_TITLE_III,竞赛冠军2
53fac48908d7b371,TID_CLANGAMES_TASK_INFO_USE_VALKYRIES,在联机模式中赢得<num>颗胜利之星，每场战斗需使用<num2>个瓦基丽武神。
81120e876f75878b,TID_TUTORIAL_PETS_6,多多尝试，找到您最喜欢的组合吧！
6b455babf4bcb2b8,TID_EDIT_MODE_NEED_TO_FINISH,您上一次编辑的村庄阵型已恢复
db60ff69a251590a,TID_MAINTENANCE_ESTIMATED_TWO_HOURS,请在几小时后重试。
b590a40f73d65a6c,TID_RAID_RESULTS_INTERNAL_ERROR,获取上次突袭周末战绩时出错！
876bd9dc8edeae12,TID_IF_LOST,失败：
33301785e5b19e31,TID_NPC_CHALLENGE_TH13_HYBRID_ROYAL_CHAMPION,部署<c9916c8>飞盾战神</c>，她和<c54a0fe>野猪骑士</c>的搭配威力无穷。
4aa55a15fb1094fc,TID_BATTLEPASS_TASK_WIN_BATTLES_USING_HOGGLIDERS,野猪天降
5dfee2ef2e304747,TID_CHARACTER_INFO_TREANT_SHORT,她坚硬无比的根蔓可轻松摧毁城墙和防御建筑。
01b18c3abfc0b551,TID_GOLD_MINE_INFO,金矿生产金币。升级金矿提高金币产量和容量。
575e0bcdd114000b,TID_LOCAL_NOTIFICATION_EVENT_ALL_COLLECTORS_BOOST,首领，1宝石加速资源采集器的活动开始啦！
d142b33191ae7be0,TID_CLAN_TAG_CLAN_WAR_LEAGUE,部落对战联赛
31ae9b21ff2f05d4,TID_BATTLEPASS_TASK_WIN_BATTLES_USING_LIGHTNING_INFO,在联机模式中使用雷电法术赢得<num>场战斗。
b851f4084b8da451,TID_DECORATION_SMALL_PINETREE,小杉树
af42fd12785c1f87,TID_WL_STATS_SELECT_CLASSIC,常规部落对战
b15fffbbefcd07dd,TID_TENCENT_LOGIN_PROMPT_UNBLOCKED_WECHAT,根据防沉迷系统最新规则，游客登录的用户无法进行实名认证，15天内只能累计游戏1小时。\n\n您的账号之前已经绑定了微信。为了保证最佳游戏体验，我们强烈建议您继续使用微信登录游戏以完成实名认证。
b715649b59899019,TID_GOOGLE_SERVICE_BOUND_TO_OTHER_ACCOUNT_TITLE,Google账号提醒
3b16b4d49e0b45dc,TID_MAINTENANCE_ESTIMATED_LONG,请在几小时后重试。
23c4d063267fdcee,TID_THUPGRADE_COMPLETE,大本营已升级！
6f4ab3df3d4b7691,TID_TUTORIAL_MERGE_3,我等不及想用它来守卫村庄啦！
9414ca5ee190ff22,TID_STARTER_COLLECTELIXIR,圣水满罐
63236fa02016dc77,TID_ITEM_BROKEN,<item>（损坏）
a2afe700e2a705c0,TID_DEFEAT,失败
9a507a1bd5bff31d,TID_SUMMER_CHAMPION,夏日战神
683cafee6b6048aa,TID_CONFIRM_PARTIAL_TRAINING,空间不足，只能训练部分指定的军队，确定要训练吗？
6a8963adb3b6429d,TID_LEAGUE_STEEL1_SHORT,坚钢1
946cab6407daa5a9,TID_LEAGUE_GOLD1,金杯联赛1
bf6778e1f4735611,TID_ALLIANCE_WAR_LOOT_BONUS_TITLE,对战胜利奖励
c2faafff36103e01,TID_NPC_CHALLENGE_LOON_3,集中摧毁能够攻击空中目标的防御建筑。
e4191dcbb2451275,TID_SKIN_OFFER_INFO,<name>的皮肤
80b90898461f7d5a,TID_EDIT_MODE_CANNOT_SAVE,当前阵型正在使用，无法选择稍后完成。
04ea7c3ccb1a7ac1,TID_CAPITAL_TUTORIAL_6,要不就从最上面开始？
94f22c3238376261,TID_DIAMOND_PACK_2,一小袋宝石
34797228be3b980a,TID_DIAMOND_BUNDLE_BH8_ALT,建筑工人特级大师礼包
6f2d87b8343bd2d9,TID_REGULAR_THEMED_PREPARE_OFFER_INFO_TH0206_1999,• <res0>圣水\n• <booster1>瓶训练药水，可在1小时内提高部队训练速度、法术配制速度、攻城机器建造速度和英雄恢复速度\n• <booster2>瓶力量药水，可在1小时内将您的部队和法术强化至您当前大本营所支持的最高等级\n• <booster3>瓶资源药水，可在1天内大幅提升资源采集器的采集速度\n\n• 存放礼包中的物品不受最大储量限制！\n• 该礼包在显示期间可购买3次\n• 立即升级您的英雄、部队和法术！
7f7bbc6669bd5bfc,TID_CHARACTER_INFO_SIEGE_MACHINE_CATAPULT_SHORT,从远处发动火攻，烧毁敌方村庄。
3d1314a10ac1232d,TID_SHOP_CATEGORY_PRIZES,联赛商店
5ac3d37fadc1090d,TID_CLANGAMES_TASK_INFO_WIN_STARS_VS_TOWNHALL_11,在联机模式中进攻11级大本营村庄，并赢得<num>颗胜利之星。
d70dfdcbd783921d,TID_TOWN_HALL_INFO,大本营是村庄的核心。升级大本营，可解锁新的防御、建筑、陷阱和更多内容。\n摧毁敌军大本营，您将赢得战争，并获得一颗星。\n摧毁敌军50%的建筑及其大本营，可赢得第二颗星。\n如果100%全毁敌军建筑，则获得满分三星。\n小心！敌军也会尝试摧毁您的大本营！\n把大本营建在村庄中心，并在其周围建造城墙、陷阱以及其他防御是最安全的举措。\n敌军十分狡猾，可能在村庄的任何一侧发起进攻！
c6622c895f6cb1da,TID_AUTUMN_QUEEN,金秋女皇
7de69e9dc26ad590,TID_CLANGAMES_TASK_INFO_USE_BOXERGIANTS,在建筑大师基地战斗中赢得<num>颗胜利之星，每场战斗需使用<num2>个巨人拳击手。
bd486da326b7b806,TID_WAIT_A_WHILE_BEFORE_RETRY_CHALLENGE,您不久前已发起过友谊战，请在<time>后再发起挑战
1b214293022ef8fc,TID_CLAN_MINIMUM_TOWN_HALL_LEVEL,所需大本营等级：
6e3cd6fb0ca6c75b,TID_CLAN_MIN_TROPHIES,最低部落积分：
b9d27016981faf06,TID_ME_BONUS_POINTS_INFO,购买活动令牌可获得<num><soft_currency>！
f2a93587822c8681,TID_CLAN_TAG_ACTIVE_DONATOR,捐兵活跃
595391a681d97ae9,TID_CONFIRM_WANTS_SUGGESTED_PLAYERS_TEXT,已经过去一段时间，您仍然希望继续被推荐给部落吗？
f271404adbb05f72,TID_GOBLIN_BALLOON,气球兵
239b7731db8c7467,TID_LEAGUE_STONE2,石头联赛2
8cf69c1dedbe8ea8,TID_RAGE_TOWER_SHORT,狂暴法术
49d3c7c6b28a9cc8,TID_GEAR_INFO_VAMPSTACHE,野蛮人之王每次攻击都会治疗自身
f95b5e673406565d,TID_PERSONALISED_SHOP_DESCRIPTION,将该功能设置为\q开启\q后，您在商店中看到的商品以及收到的通知可能会与您的游戏习惯关联性更强。
f716cb428b12ffa6,TID_EVENT_STAR_BONUS_INFO,更快地填满您的宝库！\n\n活动期间可获得<starbonus>倍胜利之星奖励。
5cdf5d8b4fa75491,TID_REDUCE_TIME_BARRACK_TROOP,减少训练时间：
257f890a422e0105,TID_HASH,#
a1b5274c0bdaa08a,TID_LEAGUE_CLAY5,黏土联赛5
08c0d7ea1a0799b8,TID_BUTTON_EQUIP,装备
a3b82a08661bc5ba,TID_LAYOUT_EDITOR_UNAVAILABLE,<time>内无法使用阵型编辑器
3aaca67f7d4d4bd3,TID_CHAMPION_KING,冠军蛮王
dc1051eb7f85fe49,TID_WL_WAR_INDICATOR_SHORT,对战<x>/<y>
4e6e052a45751e60,TID_CLAN_TAG_INTERNATIONAL,国际化
5a770fda97a428ae,TID_BUILDING_ALLIANCE_CASTLE,部落城堡
4e5100e8668a4b96,TID_SETTINGS_API_TOKEN_SHOW,点击\q显示\q按钮以查看令牌
f0c5f3a493238820,TID_TENCENT_DOLPHIN_DOWNLOADING_76,更新校验配置文件
0105ed932006274d,TID_NPC_CHALLENGE_TH11_LAVALOON_HASTE2,使用剩余的<cf07bf8>急速法术</c>帮助<c54a0fe>气球兵</c>清理战场！
c48a12ea4ac530cc,TID_TUTORIAL_RAID_WEEKEND_2,在这里可以看到你们正在突袭的敌方部落。要赢得突袭，你的部落需要摧毁敌方部落的全部子城。
d46b5c15db5b0c5f,TID_VILLAGE_EDIT_MODE_V2,建筑大师基地编辑模式
236365969917aa3a,TID_BOOSTER_HERO_POTION_ENABLED,英雄已强化
5ca62be435e2424f,TID_SLOW_SPELL,慢
2b3d858a081c71e5,TID_NEWS_TH11_UPDATE_GUARD_TITLE,村庄守卫：攻守兼备
5af14be61ea0edec,TID_CHARACTER_ICE_SPIRIT,小冰怪
1394126ca9e292ec,TID_CAPITAL_DISTRICTS_STANDING,尚存的子城：<progress>/<total>
7e34e190cb5cd47d,TID_DIAMOND_BUNDLE_MAGICITEMS_EVERYTHING_BOOK,万能之书礼包
189cedb464769e8e,TID_KUNLUN_APP_STORE_LANDING_PAGE,昆仑游戏官方网站
024610d0313ab338,TID_FEATURE_CLAN_GAMES,部落竞赛
6a23b5be10fd3fbf,TID_HASTE_TOWER,狂暴法术模式
f4bb0d30d4c3f94d,TID_TOWN_HALL_10_INFO_SHORT,有史以来最热的大本营！
a3718f298caa7f32,TID_CREATE_ALLIANCE_TAB,创建部落
f6fe5db42db99dda,TID_ALLIANCE_SEARCH_HINT,输入您要搜索的部落标签
9f9fa86a4cce8817,TID_CLANGAMES_TASK_GET_KILLS_VS_ARCHERQUEEN,女皇猎手
c478486152456a7c,TID_CAPBUILD_BARRACKS_ARCHER,隐秘弓箭手训练营
2caafe4481a41dda,TID_NPC_CHALLENGE_TH9_WITCH_GOLEMS,派出<c54a0fe>戈仑石人</c>朝基地内部前进，它们将吸收敌军防御的大部分伤害。
c873637942843d0e,TID_BP_PERK_SAVINGS_PAYOUT,月度挑战资源箱
4e7e02a68339507a,TID_SPELL_FORGE_INFO,法术工厂是资深法师的家，比起在前线战斗，他们更适合去创造各种魔力武器。使用强大的法术，在战斗中扭转乾坤吧！
a048b82f0d023234,TID_CLANGAMES_TASK_USE_YETIS,毛球猛兽
0df78e6eeb50fba8,TID_BUILDER_HALL_8_INFO_SHORT,电力十足的全新大本营。
158d31db659b7363,TID_UNIT_ABILITY_COOLDOWN_ACTIVE,您需要稍等片刻才能再次使用该部队技能！
f82b1c5884215ebe,TID_REENGAGEMENT_BP_1,嘘！别告诉其他人，我给了您一些积分帮助您完成月度挑战。
3c0edd0169398c0a,TID_WL_INFO_LIVE_TAB0_TEXT,<cFCE27F>什么是对战周？</c>\n\n在对战周，您的部落将与其他7个处于同一联赛段位的部落匹配到一个小组。在接下来的7天内，您的部落将与其他7个部落一一对战，决出最强部落！在对战周中表现优异的部落将晋级到更高联赛段位，而排名靠后的部落将被降级到更低联赛段位。\n\n对战周开始后，您的部落将进入第1个战斗日的准备阶段。在准备日，您可以在所有加入联赛的成员中选择下一个战斗日的参战成员。24小时后，立即开始第1个战斗日，而第1个战斗日即为第2个战斗日的准备日，以此类推！
f2c130dca1f258d3,TID_ANTIADDICTION_NO_REAL_NAME_VERIFIED_2,由于您未满18周岁或未实名认证，已被纳入防沉迷系统，法定节假日已达到最大游戏时长3小时。
ea35cbe6cb9819ca,TID_NEWS_TH11_UPDATE_LOOT_TITLE,回报更高：战利品和奖杯
6768f113d5e27afd,TID_NPC_DEPLOY_STEPS_ON_TITLE,仍需提示？
88c32108cc3ea268,TID_UPGRADE_TH_LOCKED_TITLE,升级尚未解锁
391259abdbbbaa56,TID_SHOP_CATEGORY_RESOURCE_BUILDINGS,资源
4d0a8453dca9f62b,TID_PAINTER_CHAMPION,粉刷匠战神
033b52ff69bcc71c,TID_TUTORIAL_GOLDSTORAGE,您还需要一个地方来存储珍贵的金币！
50edc9c9f0bf1344,TID_BOMBER,炸弹兵
20a56020fce332c9,TID_CLANGAMES_TASK_WIN_STARS_VS_TOWNHALL_6,轻取6本
ae6d2b642f4d2879,TID_REPLAY_TIME,离回放结束还有：
e4283cdb4e5313e2,TID_UNABLE_TO_LOCATE_COUNTRY_FOR_CLAN_SCORES,无法显示您部落所在地的最高分
b5945c9b1ced65ae,TID_BATTLEPASS_TASK_INFO_GET_BB_LOOT,赢得建筑大师基地每日胜利之星奖励<num>次。
df04a900991ff944,TID_ALLIANCE_WAR_ENEMY_CLAN,敌军部落
32ec85c908a6a540,TID_ERROR_POP_UP_LOGGED_FROM_ANOTHER_DEVICE_TITLE,连接断开
2a5b8d9994715dd0,TID_MAP_LOCATION_21,祸水之地
dfbb675f1088c316,TID_BOOSTER_BUILDERS_INFO,建筑大师精心配制的药水，提神醒脑，熬夜必备！它可以在<time>内将建筑工人的工作速度提升至原来的10倍。只可在家乡使用！
e9b9ddf202f26763,TID_PEKKA2_ABILITY_HELP,被摧毁时产生巨大的爆炸，造成<num>伤害
8f352775c1b8dade,TID_LOGIN_TO_FACEBOOK_BUTTON,登录Facebook
d52fcff699f1ff71,TID_LAYOUTS_CANT_COPY_EMPTY,无法复制空阵型
4f52ca11dda6e12b,TID_BOOSTER_HERO_POTION_MAXED,英雄已达最高等级，无法强化！
b75232ea055940a3,TID_TOWN_HALL_11_INFO_SHORT,文明时代的精致大本营。
57ba0d8272a4d0e4,TID_FAMILY_FRIENDLY,全年龄部落
e5d44422da2227ad,TID_POPUP_CANCEL_GOBLIN_CLEAR,确定取消移除<item>吗？取消后，支付给哥布林建筑工人的宝石不会返还。
6375d106fa121f04,TID_SUPPORT_SEND_CODE,发送代码
0a0b25372d8c4cd1,TID_HINT_USE_SPELLS,法术对战斗结果有决定性作用，一定要明智使用！
f2abb234ef7c5785,TID_GEM_MINE_INFO_SHORT,从地下开采珍贵宝石。
bb3cdc5c911f93b5,TID_CHALLENGE_ATTACK_CODE_HINT,邀请好友使用该代码来进攻您的村庄！您的好友也可以从他们自己的好友列表中直接接受挑战。
6ad5fa9764e32a53,TID_GEAR_UP_AVAILABLE_LATER,请先将该建筑升至<level>级！
024438c01a7022a4,TID_XP_TITLE_UNLOCK_PUZZLEANDDRAGONS,首领，干得漂亮！
08e589d1f0130b19,TID_BOOSTER_BOOST_RESOURCES,资源药水
b4259fecad5f6ca3,TID_BOOST,提速
2f27417a3a7a90e7,TID_HINT_BUY_TROOP_HOUSING,升级兵营以组建一支庞大的军队！
8e5548694b0b5daa,TID_EARTHQUAKE,地震法术
ccf2cb5add288dfb,TID_ABOUT,制作人员\n\n<names>\n\nClash of Clans ™ <version>\n2012-2023 Supercell Ltd.版权所有，保留所有权利。\n美国专利申请中\n所有使用本软件的行为受制于我们在www.supercell.com列明的条款、细则以及隐私保护政策。
bc6c7e13a85b2f45,TID_EFFECT_TIME,持续时间：<number>秒
0567a92192dda365,TID_TITLE_REQUEST_TROOPS,请求增援
632a3f0154641acb,TID_BOOSTER_CLOCKTOWER_ALT_2_LINE,时光钟楼药水
7e078b0bea251beb,TID_TUTORIAL_SEASON_CHALLENGE_7,获取黄金令牌，解锁所有特权和其他丰厚奖励吧！
14cb8134fe62ac8f,TID_CONFIRM_MERGE,您确定吗？
044a2196fd614132,TID_ALLIANCE_DONATE_DONATED,增援的部队和法术：
30edb24641994e57,TID_LEGEND_SIGN_UP_CONFIRM_SHIELD_REMOVAL,报名参加传奇杯联赛将导致您的护盾被解除，确定要继续吗？
7c16f5a9eaaf1889,TID_ALLIANCE_WAR_BEST_NO_ATTACK_FRIENDLY,无部落最佳战斗记录
7e26b53ff873df17,TID_BOOSTER_SHOVEL_OBSTACLE_OFFER_INFO,<num>把移位任意铲 - 将障碍物变成可随时移动的物体
ce209cad00bdc87c,TID_GEM_POPUP_TEXT,您的宝石用光了。去商店买一些吧！
7d736a59794d43c3,TID_ACHIEVEMENT_DESTROY_WEAPONISED_BUILDERS_COMPLETED,总共摧毁配备武器的建筑工人小屋：<value>
4e7f5b747ae73025,TID_LEAGUE_TITLE2,每个联赛赛季历时一个月。在赛季开始时，进攻任何村庄可查看自己的新联赛排名和资源奖励。
69f5299b0f7a2fcd,TID_PTE_REWARD_LOCKED_NOT_ENOUGH_POINTS_AND_NEED_PREMIUM,您还需要<num><soft_currency>并启用活动令牌才能解锁该奖励。
6c4507d636e26b67,TID_CLAN_TAG_BUILDER_BASE,建筑大师基地
a373ffddf873d020,TID_ACHIEVEMENT_TOWN_HALL2_TITLE,精英工程师
79dfd1381d8b99cf,TID_REGULAR_THEMED_BATTLE_OFFER_INFO_TH0712_9999,• <res0>暗黑重油\n•<res1> 金币\n•<res2> 圣水\n• <booster1>本战斗之书，可用于立即完成任一正在进行的部队升级\n\n• 存放礼包中的物品不受最大储量限制！\n• 该礼包在显示期间只可购买1次\n• 使用这个特惠礼包带领部落创造辉煌战绩！
b212401882c0014b,TID_ERROR_POP_UP_OUT_OF_SYNC_TITLE,错误！
cffddd2ab0da98a6,TID_DIAMOND_BUNDLE_MAGICITEMS_BUILDER_BASE_BUILDING_BOOK_WITH_GOLD_INFO,• <res0>建筑大师金币\n• <booster1>本建筑之书\n• 存放礼包中的物品不受最大储量限制！\n\n包含升级建筑大师大本营和防御建筑所需的一切！
4f2feae788301d44,TID_ACHIEVEMENT_ACCOUNT_BOUND_KUNLUN,您的村庄进度已保存
8ffaac0d46c341d2,TID_TUTORIAL_WAR_LEAGUE_12,如果我们赢了，我们可以晋级到更高联赛段位！
18b14a2277a7bc8d,TID_WARRIOR_QUEEN,巾帼木兰
ff124c32c1079f9a,TID_FEEDBACK_EMAIL_TITLE,给《部落冲突》的反馈意见
0d98c16034707673,TID_WARNING_CANNOT_SHARE_INCOMPLETE_LAYOUTS,只能分享已完成的阵型
9bffacddedf7dadf,TID_ATTACK_FRIEND_BUTTON,挑战
8f989ca997a4b396,TID_V2_START_DUEL_GENERIC_ERROR,匹配失败！
60b0d5bb62de0392,TID_BOOSTER_ERROR_GENERIC,无法使用<booster>！
559fe1b027297fdc,TID_NPC_CHALLENGE_TH13_HYBRID_GRAND_WARDEN,部署<c9916c8>大守护者</c>跟随<c54a0fe>掘地矿工</c>，记得使用地面模式！
a547ea6905b095b4,TID_LEADERBOARDBANNER_1,1）
c4c21b7e3c5ced7d,TID_BP_PERK_BUILDING_BOOST,建筑工人加成
698ef16578f1d415,TID_TROOP_SELF_DONATE_NO_REINFORCEMENTS,选择要添加的援军
513f9350fa76f5f1,TID_CLANGAMES_TASK_INFO_USE_BETAMINIONS,在建筑大师基地战斗中赢得<num>颗胜利之星，每场战斗需使用<num2>只异变亡灵。
4b66ac91f796b87d,TID_DIAMOND_BUNDLE_MAGICITEMS_FIGHTING_BOOK_WITH_DARK_ELIXIR_INFO,• <res0>暗黑重油\n• <booster1>本战斗之书\n• 存放礼包中的物品不受最大储量限制！\n\n包含升级暗黑重油部队所需的一切！
e9a1909a987bdd7c,TID_BATTLEPASS_TASK_INFO_COLLECT_GOLD,从金矿收集<num>金币。
68d56413235483cf,TID_NPC_CHALLENGE_TH8_GOWIVA_WIZARDS,<c54a0fe>法师</c>可以攻击空中目标并且伤害很高。
42307a3fdf76f47c,TID_STARTER_WINELIXIR_INFO,在单场联机模式战斗中获取<num2>圣水。
26a63da5a4a167f3,TID_POPUP_EDIT_MODE_DISCARD,确定要放弃更改并退出编辑模式吗？
83369b66f122a2b8,TID_TUTORIAL_ELIXIR_CART_4,收集圣水，充分发挥它们的作用！
c829cb5929bdcb5e,TID_DIAMOND_BUNDLE_BH9_ALT,建筑大师基地辉煌礼包
72e97de72c051ed6,TID_HINT_CANNON_UPGRADE_NOT_FUNCTIONING,加农炮等防御建筑在升级的时候无法进行防守！
d34e98a0092d5ff1,TID_HINT_UPGRADE_TROOPS,建造实验室并升级军队，增强军队战斗力！
d9ebf31e736ba877,TID_ALLIANCE_JOIN_CLAN,加入或者创建部落，一起变得更强大。\n\n部落成员可以互相帮助、相互增援部队和法术。
16dea588f0675960,TID_ACHIEVEMENT_GOLDSTORAGE_TITLE,储金罐达人
0af85e625ebb2015,TID_DONATION_LIMIT_REACHED,已达部落增援上限
442db31b32402890,TID_PET_ABILITY_INFO_UNIPONY,独角会跟随搭档英雄并提供治疗。
c64a54a1450e417b,TID_LEAGUE_CHANGE_TEXT,联赛等级：<league>
9c1ff2fd5f207ddc,TID_HINT_HEALER_AIR,天使是飞行部队，防空火箭和箭塔能把她轻易击落。
ccf9a07fc2ea8081,TID_LOCAL_NOTIFICATION_EVENT_SPECIAL_TROOP_DragonLighting,首领，雷电法术+飞龙活动开始了，200颗宝石等您赢取！
7a485cf136d3a41a,TID_CLANGAMES_TASK_INFO_USE_ICE_HOUNDS,在联机模式中赢得<num>颗胜利之星，每场战斗需使用<num2>个寒冰猎犬。
1ae6188f0c0a4ee4,TID_WL_INFO_LIVE_TAB1_HEADER,积分和排行榜
683f3eafa5b518fb,TID_DISTRICT_HALL_LEVEL_TOO_LOW,您需要将子城大本营升至<number>级！
8bc34e97f7b99615,TID_NUMBER_FOUR,4
385489ae756714fe,TID_EVENT_TIME_UNTIL_START,离开始还有：
4c4ecd261799dd1d,TID_CLANPERK_DESC_DONATION_LIMIT,部落援军上限：
612765cbe50c8d2b,TID_GEAR_UP_CANNON,将这座加农炮改装成双管加农炮，改装后它的射程变短，但伤害输出大大增加！
6fbf6af7121d8646,TID_VERSUS_BATTLE_SELECT_VALID_LAYOUT,选择有效阵型，开始友谊战！
ab23ecda53d473f8,TID_CHAT_REPORT_CONFIRMATION_TITLE,要举报<name>吗？
0fc5f8ae8821fb58,TID_RECOVERY_BUILDING_INFO,按照建筑大师祖母的秘方，熬制一大锅丰盛又美味的汤。在进攻下一区域前，部队喝些汤可恢复部分生命值。
69aef4b86f8b39aa,TID_BB_BATTLE_LOG_REPLAY_BUTTON,回放
6356e73c94c78953,TID_GOLD_STORAGE_INFO,您珍贵的金币都存在这里！不要让狡猾的哥布林有机可乘！升级储金罐，提高它们的容量和抗打击能力。
645d58ffee8e16ec,TID_BUTTON_SELECT,开始！
b9b23345be1b4d2f,TID_CHALLENGE_TH9_LAVALOON,天狗气球
67c9c442f65ec23d,TID_DAILY_BONUS_LIMIT_REACHED,已达每日战利品上限
b2cd4f8f43bf2ef0,TID_ALLIANCE_WAR_STREAM_DEFENDED,防守成功！
7dc314716e68955c,TID_BOOSTER_SHOVEL_OBSTACLE_INFO,这把神奇的铲子很有用但不耐用，可将一个障碍物变成可随时移动的物体。在家乡和建筑大师基地都可使用！
662faa82b8c3fff6,TID_CAPBUILD_BARRACKS_MEGAGROUND,高山戈仑石场
7271bf74ee5b8d74,TID_TUTORIAL_CLASHOWEEN_EVENT_A2,只工作不玩耍，建筑工人会变傻......
9a21d0a327dbdd26,TID_HERO_GEAR_RESOURCE_REWARD_INFO,胜利之星奖励也会为您提供装备资源！
a4e12186ba343cc4,TID_BATTLEPASS_TASK_INFO_WIN_BATTLES_USING_HEALERS,在联机模式中使用天使赢得<num>场战斗。
aa15d516fe080f47,TID_ARRANGED_WAR_SIZE,部落友谊战规模：<num> 对战 <num>
dfe0aff99b32f5db,TID_PROFILE_LEGEND_RANK,排名
9f4ef44b5fc51078,TID_VILLAGE_NOT_PREPARED,村庄尚未准备就绪
e25cc238584593e8,TID_SUPER_VALKYRIE_ABILITY_HELP,超级瓦基丽武神被消灭时会扔下一个狂暴法术。
5ea79cdd13e36bba,TID_ALLIANCE_WAR_CANNOT_ATTACK_WAR_ENDED,不能进攻，这场战争已经结束！
b98204f8ea2fa0fd,TID_BUILDING_XBOW2_INFO,十字连弩会发射威力巨大的弩箭。您可将十字连弩设置为攻击地面单位，或攻击空中单位。
3943dcdfee6d4fd8,TID_ARCHER_TOWER_INFO_SHORT,塔上的弓箭手会射倒所有敌人。
0ef652ae24edec8a,TID_POPUP_CANCEL_CLEAR_TITLE,停止移除？
8a713918c918d3b5,TID_PET_SPIRIT_FOX,灵狐
fa73466c682aeec7,TID_BOOSTER_SUPER_POTION,超级药水
f3e81a055d008451,TID_CHALLENGE_TH10_MINER,矿工狂欢
d7f39e89311d69fa,TID_BUILDER_BASE_TROPHIES,建筑大师基地奖杯
d931443129e79912,TID_GEAR_TITLE_ARCHER_CROWN,弓箭手木偶
c73336b8d931a264,TID_ALLIANCE_WAR_REPLAY_PERSONAL_ATTACK_1,回放1
c7898d4a5af004b7,TID_PRESET_CAPITAL_PRODUCTION_BUILDING_MISSING,尚未建造生产建筑
33db02fcf65ff520,TID_RESEARCH2_ABILITY_TITLE,特殊技能
efa864aca05f3793,TID_CLAN_TAG_BASE_DESIGNING,阵型设计
43259fad4247c050,TID_CHARACTER_GIANT_ACTIVE,拳手格挡
e7f82e6157f17146,TID_BATTLEPASS_TASK_INFO_WIN_BATTLES_USING_BOWLERS,在联机模式中使用巨石投手赢得<num>场战斗。
567d478890f30448,TID_SUPPORT_TEXTBOX_TITLE,支持创作者
ae35d46387baeaec,TID_SHIELD_TARGET_COUNT,可击中的目标总数
9b2411399bb3d8c5,TID_CHARACTER_INFO_LAVALOON,兼具气球兵的强力炸弹和熔岩猎犬的坚硬外壳，熔岩气球能轻松摧毁基地，一炸一个坑！
03a417f728473a17,TID_GEAR_TYPE_SKILL,技能
327e5ac59e3dde6d,TID_CLANGAMES_TASK_DESTROY_SCATTERSHOTS,粉碎投石炮
5c4fe30f48865043,TID_LINK_CANCELLED_TITLE,关联已取消
b56cf61e232aa6d6,TID_BIND_TO_NEW_FACEBOOK_ACCOUNT,您想将当前游戏连接到该Facebook账号吗？
22d84ef7286b2899,TID_CLANGAMES_TASK_INFO_USE_NIGHTWITCHES,在建筑大师基地战斗中赢得<num>颗胜利之星，每场战斗需使用<num2>个暗夜女巫。
44e41f0fa95ce999,TID_ATTACK_LOST,您战败了
36c6663319e3fd24,TID_DIAMOND_BUNDLE_TH4,4级大本营礼包
4484e3e33c244ffa,TID_WAR_STATS_TIES,平局：
4084d3a65aefd255,TID_GEAR_INFO_HEALER_JAR,召唤一群天使
1f0c75ef2073b9fa,TID_AVATAR_MESSAGE_TEXT_GEM_REVOKE,此账号申请退款，且申请已于<refundDate>获得批准。退款将通过订单的付款方式退回。\n\n您的账号已被扣除共<totalRevokedGems>颗宝石，该数额与您的退款金额相符。您的宝石余额可能因此变为负数，您可以再次购买宝石或在游戏中获取宝石来将其变为正数。
da3cfe0495ab5ecf,TID_CAN_COPY_ONLY_SAME_DH_TO_YOUR_OWN,无法复制子城大本营等级不同的阵型。
0f723be44d6dcced,TID_UNABLE_TO_COPY_CURRENT_ARMY_TO_FRIENDLY_ARMY,无法复制当前的军队配置
6b6057aff0e482dd,TID_ALLIANCE_BUTTON_LEAVE,退出
2b82526d08b26c9e,TID_NEWS_ROYALE_INFO,《部落冲突:皇室战争》(Clash Royale)\n是一款基于《部落冲突》(Clash of Clans)世界观的全新实时对战游戏。\n欢迎来到竞技场！
761a7ca1d8b08d36,TID_TOO_SHORT_ALLIANCE_NAME,部落名称太短了！
2b119e629bb5cfa1,TID_WAROPTIN_LEAVE,退出
718fecb4b5107b83,TID_RECEIVE_INVITATIONS_BUTTON,接收邀请
b1bdac891ff75683,TID_SPOOKY_QUEEN,惊魂女皇
36192d6c82dbf6b1,TID_BB_ATTACK_ELIXIR_STORAGE_ALMOST_FULL_TEXT,建筑大师圣水已接近存储上限，仍要继续进攻？
d688a67103a5e7e6,TID_6ANNIVERSARY_OFFER_MAGICITEMS_BOOK_AND_RUNES_INFO_1999,• <booster1>块金币符石，可使家乡的金币立即达到最大储量\n• <booster2>块暗黑重油符石，可使家乡的暗黑重油立即达到最大储量\n• <booster3>本建筑之书，可用于立即完成任一建筑的升级\n\n• 存放礼包中的物品不受最大储量限制！\n• 该礼包可购买10次！\n\n限时生日礼包，千万不要错过哦！
d5d781054432fc10,TID_BOOSTER_BOOST_RESOURCES_OFFER_INFO,<num>瓶资源药水，可在<time>内大幅提升资源采集器的采集速度
9392b81a91dd0681,TID_CLANGAMES_TASK_DESTROY_SPELLFACTORIES,破坏法术工厂
e1e5ff27f728df06,TID_BUTTON_WAR_ATTACK_CONFIRM_ATTACK,进攻
85ca344d5b23a312,TID_FOLLOW_BUILDER_TEXT,
776d6f1fd20baacc,TID_START_WAR_FAILED_INVALID_SIZE,无法发起部落对战！
758bad1a646c0d03,TID_BOOSTER_FREE_BUILDING_UPGRADE_INFO,挥舞这把魔法锤即可将任一建筑立即升至更高一级。使用这把魔法锤需要建筑工人。在家乡和建筑大师基地都可使用！
321e10e11a566f19,TID_CLANGAMES_TASK_WIN_STARS_USING_LIGHTNING_INFO,在联机模式中赢得<num>场战斗，每场战斗需使用<num2>个雷电法术。
7bac1a04b24c3efb,TID_MOUNTAIN_GOLEM_ABILITY_NAME,一碰就倒
8db53d77276de541,TID_NPC_CHALLENGE_TH10_BOBAT_FREEZES,在任一对空防御建筑上方施放<c38eaff>冰冻法术</c>保护<c54a0fe>蝙蝠</c>。
81929e9a0e42abcd,TID_WL_COLUMN_WINS,胜场
d0bd65fc8f216358,TID_BUTTON_VIEW_SKIN,查看皮肤
264575e01217c03e,TID_LOCAL_NOTIFICATION_GEARUP_READY,<item>改装完成
a48e12d9c4b5ad04,TID_BATTLEPASS_TASK_INFO_WIN_BATTLES_USING_ELECTROFIREWIZARD,使用<num2>个电火法师在<num>场建筑大师基地战斗中赢得一颗胜利之星。
267d13c623be4a68,TID_CLANGAMES_TASK_USETROOP_MAINVILLAGE,在一场联机模式中赢得一颗胜利之星，需使用1x<troop>。
b46b06f408f721aa,TID_HINT_BOOST_SPELLS,您可以用宝石提升法术工厂的配制速度。
3d258ff3ade5ce2e,TID_EDIT_MODE_CANCEL_BUTTON,取消
f9d6e7057781175f,TID_BATTLEPASS_TASK_WIN_BATTLES_USING_LOG_LAUNCHER,滚滚向前
649a913db94dcb07,TID_INVITE_FRIEND_CONFIRMATION_TITLE,添加好友？
621c684a8f77893a,TID_ERROR_POP_UP_PERSONAL_BREAK_BUTTON,重新载入
76195218c0287c43,TID_BOOST_ALL_GOLD,所有金矿
bd18d7b4b2988bec,TID_ACHIEVEMENT_CASTLE_COMPLETED,目前的部落城堡等级：<value>
4e0129587813fa3a,TID_BUTTON_BOOST_BUILDERS,加速建筑工人
6856f919d84a1836,TID_CHARACTER_INFO_HOG_GLIDER,当之无愧的空中骑士！他们是翻越城墙的专家，但不太擅长平稳着陆，容易撞上建筑。
132091e1c1f465c1,TID_AD_SEEKER,熔岩猎犬
29d34a8aa71cce42,TID_BOOSTER_FINISH_BUILDING_UPGRADE_OFFER_INFO,<num>本建筑之书，可立即完成任一正在进行的建筑升级
82c69151e927fd5e,TID_ALLIANCE_GAMES_COMPLETED_TASK,已完成
bcfce600896af68a,TID_BOOSTER_PET_POTION,战宠药水
bad86c145499e923,TID_STONE_PATH,石板路
4bba9248ec66cd1a,TID_ALLIANCE_WAR_ATTACK_FAILED_ATTACK_ONGOING,您正在进攻其他村庄，请稍后重试！
c9e04de2707678bb,TID_CAPITAL_RAID_OFFENSIVE_REWARD,进攻奖励：<number>
efe04c00169ba180,TID_RESOURCE_PACK_ELIXIR_50,补充最大储量的一半
cc153189bf65b031,TID_CAPITAL_LOCKED_CLAN_LEVEL_TOO_LOW,部落都城在部落达到<level>级时解锁
ced4474d52117c2c,TID_DAMAGE_PER_HIT,每发攻击伤害：<number>
8aceffe0bde8b640,TID_SURRENDER_POPUP_TITLE,放弃？
f08985cd7a436cca,TID_INVISIBILITY_SPELL,隐形法术
41bf0a994fd6b986,TID_LAVALOON_ABILITY_HELP,炸弹爆炸时还会生成迷你熔岩气球犬。
229c78720955c500,TID_BUTTON_ASSIGN,指派
88b52d05d5f8ef3d,TID_DECO_DEAD_JAKUZZI,惊悚温泉
037b2d5ea7386f6c,TID_PUSH_WAR_4,与<data>的部落对战已经结束。
712e267439d4ee20,TID_UPGRADE_TIME,升级时间
d9d6b078748fdf7e,TID_ARCHER_TOWER2_INFO_SHORT,防御建筑，可在快速攻击和远程攻击两种模式间切换。
7a927491abaa6e1b,TID_DECORATION_9YEAR_BIRTHDAY_STATUE_INFO,它是烽火台？是9岁生日装饰物？还是制作精良的烧烤炉？这答案可没人知道！
887ed25524d9c96f,TID_TUTORIAL_CLASHOWEEN_EVENT_A1,嘘！首领，在这里......
508f7ade980e5cfd,TID_AIR_DEFENSE_SMALL_INFO_SHORT,发射一连串燃烧的小型火箭，攻击敌方飞行单位。
c7b6635e83ec3b09,TID_BATTLEPASS_TASK_INFO_USE_WIZARDS,在联机模式中使用法师赢得<num>颗胜利之星。
e1014bc408b736a8,TID_AVATAR_SEARCH_INVALID_TAG,玩家标签无效，请检查您输入的标签是否正确。
ef9c42aa88f1fb26,TID_ERROR_BOOKMARKS_FULL,您的收藏过多！请先移除一个收藏，再添加新收藏。
3ca804af849af57d,TID_POPUP_CANCEL_GOBLIN_UPGRADE,确定取消升级<item>吗？取消后，支付给哥布林建筑工人的宝石不会返还，且只会返还<number>%的资源花费。
5195739df7e40697,TID_ALLIANCE_WAR_AVAILABLE_BONUS,对战胜利奖励
a132b68a5eb8bd91,TID_HALLOWEEN_END_CAULDRON,酸腐圣水坩埚装饰将存放到您的村庄。
599c4ecf80cb0aa1,TID_TUTORIAL_SEASON_CHALLENGE_1,嘿，首领，我相信您可以尝试新内容啦。
031a473d4d64bba9,TID_TOWN_HALL_8_INFO_SHORT,打好地基。
af60af082a248d33,TID_PLAYER_HOUSE_OCCUPIED_INFO,这里是<name>除了家乡村庄之外的第二个家。来这看看风景，等待参加精彩刺激的突袭吧！
736de8aa00ca0104,TID_WAR_STATS_HEADER_BATTLES,总攻击数
0241702ddb776b38,TID_BUTTON_REQUEST_TROOPS,请求
5f26e052d46bafb2,TID_SHIELD_POPUP_GUARD_TITLE,村庄守卫已激活
b6e7bd0205e61599,TID_NUMBER_SIX,6
d165df98100c201e,TID_NPC_CHALLENGE_TH12_DRAGBAT_BALLOONS,派出剩余的<c54a0fe>气球兵</c>。
44884007404f75ee,TID_TENCENT_DOLPHIN_INSTALLFAIL,安装失败，请重试
ef364a3e1245a7f1,TID_NPC_CHALLENGE_TH9_LAVALOON_HOUNDS,派出<c54a0fe>熔岩猎犬</c>为<c3e8cb8>气球兵</c>吸引火力，并触发敌方陷阱。
b586d317b1784e64,TID_CAPITAL_REWARD_FULL,存储空间不足！
798ff4d4c9b92495,TID_EP_MULTIPLE_REWARD_FORMAT,<num>x<reward>
b35d300867708339,TID_DECO_GOBLIN_KING_STATUE,哥布林之王雕像
60c660829d806287,TID_CHARACTER_INFO_RIDER,驯服了狂暴的跳跳猪后，野猪骑士可以直接攻击那些躲在城墙后面的鼠辈了！有暗黑重油的滋养，这些勇士战无不胜！
73eb5228f6763dad,TID_REGULAR_THEMED_BUILD_OFFER_INFO_TH0206_1999,• <res0>金币\n•<res1> 圣水\n• <booster1>瓶建筑工人药水，可在1小时内将建筑工人的工作速度提升至原来的10倍\n\n• 存放礼包中的物品不受最大储量限制！\n• 该礼包在显示期间可购买3次\n• 不要错过这个升级防御的好机会哦！
bad34a9113680817,TID_LEGENDS_TODAY_SHIELD_INACTIVE,您目前未受到护盾保护。当前联赛日您可以发动进攻，也会受到他人攻击。
50e895b62f89308c,TID_CLAN_GAMES_CHOOSE_BONUS_REWARD,选择额外奖励
cc073f1cb1337634,TID_TUTORIAL_SEASON_CHALLENGE_4,月度挑战资源箱的神奇之处在于：您通过常规战斗赢得战利品时，也会有资源同时存入月度挑战资源箱。
a5f679200bff4d2c,TID_CHALLENGE_INFO_2012,《部落冲突》正式上线，欢乐征程由此出发！
42160b118bae0eff,TID_WL_STATS_WINS,胜场
fdddc8a360f36cb0,TID_BOOSTER_FREE_TROOP_UPGRADE_ALT_2_LINE,战斗之锤
9a0cf72d245ac2ea,TID_GOLEM,戈仑石人
41206c15cb17c8c4,TID_BOOSTER_ERROR_BOOST,现在没有可强化的项目，无法使用<booster>！
ec9c240939a600a1,TID_BATTLEPASS_TASK_INFO_WIN_BATTLES_USING_ELECTRO_TITAN,在联机模式中使用雷霆泰坦赢得<num>场战斗。
96e226ebc6ef96a8,TID_MASTER_BUILDER'S_RETURN,建筑大师回归
de3549fca82ed7a7,TID_CHOOSE_WAR_LEAGUE_SIZE,选择联赛对战规模
e5048d5dd6c3b217,TID_TENCENT_RETRY,重试
6757f0483db8bd7e,TID_CLANGAMES_TASK_INFO_DESTROY_BB_GOLDMINE,在建筑大师基地战斗中摧毁<num>个<building>。
d5434aaab95dacbe,TID_DIAMOND_BUNDLE_GOLD_ELIXIR_INFO,• <gems>宝石\n• <res0>金币\n• <res1>圣水\n\n存放礼包中的资源不受最大储量限制！\n\n该<cffec78><value>倍超值礼包</c>只可购买\n一次，千万不要错过哦！
a13f516e52a3688c,TID_NPC19,飞科华
ec1d93842519ce47,TID_BATTLEPASS_TASK_INFO_WIN_BATTLES_USING_GOBLINS,在联机模式中使用哥布林赢得<num>场战斗。
4cb9bffc6c1c7801,TID_TUTORIAL_MAGICITEMS_1,首领，我们在部落城堡中发现了这个奇怪的东西！
198664dc74bde1b1,TID_CHARACTER_INFO_ELITE_GIANT,身为普通巨人的大表哥，超级巨人体型更庞大，且擅长砸开城墙，为自己开路。他们的腰带是在村庄每年的大胃王比赛中赢得的。
691512cacac2360d,TID_CHARACTER_INFO_BALLOON_SHORT,这些脆弱的飞行单位可从空中炸毁防御建筑。
aed1bbdfddf15108,TID_HOUSING2_INFO,您的部队驻扎在兵营，每个兵营一次只能容纳一种兵。升级某些兵种可以提高兵营容纳该兵种的数量。
21c00ec859cf3108,TID_TUTORIAL_WAR_MAP_ENEMY_3,首领，抓紧时间探视一下敌情吧，然后回到我们的战争基地再作部署！
34c3b2731fc13880,TID_TRAINING_SCREEN_CAPACITY,空间：
71012bb5deac6e03,TID_BATTLEPASS_TASK_WIN_BATTLES_USING_ARCHERS,百步穿杨
eff6d5f4f179c274,TID_HALLOWEEN_EVENT_2023_INFO,在合体狂潮活动期间，收集酸腐圣水并领取奖励，还可以使用合体奖章同商人兑换更多奖励！
a27065040335e2be,TID_DEFENDING_TROOPS,防御部队：
4b85ed4ffe6ab17b,TID_BUY_MISSING_RESOURCES_HEADER,您需要更多的<resource>
029af769ce0f3863,TID_PRIORITIZE_UPGRADE_NO_PERMISSION,不允许设置优先升级
4694da4033977926,TID_LOCAL_NOTIFICATION_GUARD_WILL_DISAPPEAR,首领，我们的村庄守卫就要失效了！
5f18c1e67082c4ff,TID_INFO_ACTIVATION_TYPE_HIT_BUILDING_IN_RANGE,作用范围内有建筑受到攻击
0b23424b37c781e6,TID_BUILDING_ELIXIR_STORAGE,圣水瓶
8c73a148b6935945,TID_DIAMOND_BUNDLE_TH10_UPDATED_INFO,• 1级地狱之塔\n• 2级十字连弩\n• <res0>暗黑重油\n\n存放礼包中的物品不受最大储量限制！\n\n该<cffec78><value>倍超值礼包</c>只可购买\n一次，千万不要错过哦！
cae13583c923e128,TID_SUPER_WIZARD_INFO,超级法师全身充满了魔法能量！他可能是实验室里最聪明的人，但也有可能会把实验室炸上天。
46c6422f07eaf0aa,TID_POPUP_GOBLIN_HELPER_HEADER,雇我吧！
0da40fc5a3fa3c8f,TID_POPUP_BOOST_DARK_ELIXIR_COLLECTOR,确定在<time>内使暗黑重油产量加倍吗？
86832cc74d95124e,TID_GIFT_DIAMOND_PACK_4,一小箱宝石和礼物
4fc67fa257d232e4,TID_STARTER_TH4_INFO_WINSTARSPRACTICE,在练习关卡中共赢得<num>颗胜利之星。点击\q进攻\q图标即可找到练习关卡。
1d6806bb51a6bdf9,TID_BATTLEPASS_TASK_COLLECT_ELIXIR,圣水满满
b86b0f38a67b428b,TID_CLANGAMES_TASK_INFO_DESTROY_WIZARDTOWERS,在联机模式中摧毁<num>个<building>。
b6a734dda6655ba3,TID_CLANGAMES_TASK_USE_DROPSHIPS,骷髅气球暗夜行
e49ecce6b0803f37,TID_ACHIEVEMENT_SEASON_CHALLENGE_POINTS,在月度挑战中累计赢取<number>积分
678df727a81e7461,TID_BP_BUTTON_REWARDS_LIST,奖励清单
4bbb7754b6624d50,TID_AVATAR_MESSAGE_BUTTON_MORE_INFO,更多信息
41c01ed2dd269ef2,TID_INVALID_WAR_MEMBERS_INFO_MID,请选择<low>名或<high>名成员
54bb8e3c767dab37,TID_NO_SPELLS,您需要先配制一些法术。
4dc8563d7638462a,TID_SETTING_GROUP_ATTACK,进攻设置
cdbc192591087834,TID_CLANGAMES_TASK_WIN_STARS_VS_TOWNHALL_9,决胜9本
80bb0e11cd2c773e,TID_NPC_CHALLENGE_LOON_4,派出剩余的<c54a0fe>气球兵</c>来摧毁最后一座<cf70d16>箭塔</c>。
152f97305dc6fb8e,TID_ALLIANCE_GAMES_PICK_TASK_HEADER,选择一项挑战
3cef10e5a9af8dc8,TID_CLANGAMES_TASK_INFO_LOOT_GOLD,在联机模式中共获取<num>金币。
ddda98f9e614d479,TID_BATTLEPASS_TASK_GET_FRIENDLY_BUILDERBATTLESTARS,运筹帷幄
f37fd8cec1eb0d51,TID_AVATAR_MESSAGE_TEXT_THANK_YOU_FOR_REPORTING,违反我们账号安全和游戏公平政策的玩家破坏了每个玩家的游戏环境，您的举报将帮助我们找到这些破坏游戏环境的人。\n\n虽然我们不能告知您具体的惩罚细节，但请您放心，我们已根据您最近一次的举报对被举报的玩家采取了相应措施。感谢您进行举报，您的参与有助于《部落冲突》营造更和谐更公平的游戏环境。\n\n如果您以后再次遇到破坏游戏环境的行为，请您继续向我们举报，共同维护良好的游戏环境！
db525193592decb2,TID_BP_SEASON_BANK_CURRENT_CAP,容量：<value>
de0a533ae0a51585,TID_CHALLENGE_TH8_GOWIVA,旋风之力
68f4847ec9d80105,TID_TUTORIAL_GOLD_EARNING_LEAGUES_AND_STARS,联赛段位越高，每颗胜利之星提供的金币奖励就越多！
096910a6f91489c5,TID_GAMES_TASKS_TEXT,挑战是对您各方面实力的一个考验。在规定的时间内完成挑战即可为您的部落赢得积分。挑战难度各有不同。如果您觉得某项挑战难度过大，您可以建议部落其他成员领取这项挑战。如果您无法完成领取的挑战，您可以放弃挑战。请注意：放弃一项挑战后，您需要等待一定的时间才能领取新的挑战。
21c6b973e5d81599,TID_UPGRADE_ANYWAY,继续
420e0013ba629e60,TID_ALLIANCE_DONATE_HEADER_SPELLS,增援法术：
5028971bf40193f0,TID_TUTORIAL_CANNON_4,赶快部署加农炮，我们必须保卫大本营！
0c08c6cca15c0a2c,TID_CHALLENGE_START_FAILED,发起友谊战失败
08d892f6d2877254,TID_BIRTHDAY_SPELL_INFO,为5周岁生日献上一份爆炸性惊喜。这份精美礼物可以对附近的敌军建筑和部队造成伤害和眩晕效果。
da8704983c0460fa,TID_BOOST_PETS,加速：
a375f20a74980be2,TID_BP_CONFIRM_TIER_UNLOCK,购买<num>积分以立即解锁下一级奖励？
e48ff77fc465fc53,TID_PROFILE_LEGEND_PRESTIGE,传奇奖杯
8c97c929be17de8c,TID_BUILDING_PART_UNLOCKS_AT,解锁于
47a8b1904ad70893,TID_HINT HEROES_DIE,英雄拥有不死之身，但也会受伤。要治愈之后才能再次投入战斗。
09f23c7da2a17abd,TID_DIAMOND_BUNDLE_TH8_REVISED_INFO,• <booster1>本战斗之书\n• <booster2>本法术之书\n• <res0>圣水\n\n存放礼包中的物品不受最大储量限制！\n\n该<cffec78><value>倍超值礼包</c>只可购买\n一次，千万不要错过哦！
bdadc27de3423a95,TID_WL_RESULT_DEMOTED,您的部落降级到
e1764656b8c89ef4,TID_QQ_LOGGED_IN,已登录QQ
4ce25b9e9fe73bdf,TID_CAPITAL_CLAN_XP_REWARD,部落经验值：<number>
17e913bbfc30c31d,TID_LEAGUE_HERO2,泰坦杯联赛2
067c224b05d331fe,TID_NPC_CHALLENGE_TH4_GIANT_GOBLINS,<cf70d16>迫击炮</c>被摧毁后，派出<c54a0fe>哥布林</c>清场。
d1803f0afc668874,TID_TUTORIAL_ELIXIR_CART_3,防御时，每阻止对手获得一颗胜利之星都可赢得圣水奖励。
29bd384affc5a79c,TID_HINT_TESLA_HIDDEN,特斯拉电磁塔只在攻击者靠近时才显现。
c6bbd159e3cac411,TID_SCENERY_ALREADY_OWNED,您已拥有该场景
7d0d484dea8e7a18,TID_FRIENDLY_WAR,部落友谊战
8fd0aaafa2217a13,TID_POPUP_UPGRADE_NOT_AVAILABLE_TITLE,<character>等级<number>
08d2518a3c33a651,TID_FLYING_GOBLIN,飞行哥布林
9650cd473ed4f69d,TID_REENGAGEMENT_APOLOGY_4,太好了，您终于回来啦！
334426b6365daa04,TID_VILLAGE_EDIT_MODE,村庄编辑模式
b2116661e19fdd14,TID_DIAMOND_BUNDLE_TH7_REVISED_INFO,• 野蛮人之王\n• <booster1>本英雄之书\n• <res0>暗黑重油\n\n存放礼包中的物品不受最大储量限制！\n\n该<cffec78><value>倍超值礼包</c>只可购买\n一次，千万不要错过哦！
fcd9c89f439e8281,TID_CAPITAL_PLAYGROUND_DEPLOY_AREA_EXPLANATION_2,一开始只能在高草丛附近部署部队。
4c5c383b396f0725,TID_CAPBUILD_BARRACKS_BATTLERAM_INFO,这东西竟然能塞进这么多根攻城槌！
dd1ccd909e219209,TID_DECO_RUIN_LARGE_FOREST,大森林
1ddcc4abd7edc7fe,TID_OPEN_GAMECENTER_BUTTON_ANDROID,登录Google
bf84e2596c0af867,TID_NPC_CHALLENGE_BOWIGI_RAGE2,使用<cf07bf8>狂暴法术</c>帮助部队攻破敌方中部和底部的防线！
e12896dba2e4802a,TID_PET_RANGEDATTACKER_INFO,闪枭可以从相当远的距离发动电击，重创敌军！但它几乎全身都是羽毛，要好好保护它哦！
b4494c36b4135199,TID_BB_STAR_BONUS_COOLDOWN,胜利之星奖励需等待：<time>
0ac0e49be3119395,TID_HINT_TRAP_REPAIR,陷阱和炸弹被触发后，需重新布置。
9dc70b1aecd5ea0a,TID_LEAGUE_BRASS2_SHORT,黄铜2
dbfe4ce17656a52a,TID_NEWS_SPELLS_TEXT,雷电法术\n* 新增7级雷电法术，既可以用来摧毁建筑，也可以消灭敌军哦！\n* 提高了5级和6级雷电法术的总伤害\n* 雷电法术现在攻击更精准，范围更集中了哦\n\n伤害药水法术\n* 被伤害药水法术击中的部队在刚开始受到的伤害较小，但随着时间推移伤害会逐渐加深\n* 大幅度提高了伤害药水法术的伤害，并且部队在离开法术范围后仍会受到持续伤害\n* 伤害药水法术现在还可以减缓敌方部队的攻击速度哦\n\n地震法术\n* 地震法术所带来的伤害更高了，且建筑物当前生命值对法术伤害值没有影响哦\n* 对同一建筑重复使用地震法术，造成的伤害将会递减\n* 投掷四次地震法术依然可以摧毁任意等级的城墙哦！
2b636278d3ed7b46,TID_STAGE_BUILD_LIMIT_REACHED,您已拥有<number>个<name>，已达第<stage>区域上限。
236bff5f16d9c2f0,TID_OFFER_TITLE_GENERIC,特惠活动
4b9165443fd31409,TID_TUTORIAL_ATTACK_DONE3,首领，您的进攻最佳！我们获得了战利品奖励！
6547df10617ff399,TID_ARMY_CAMP_VILLAGE2,兵营<num>
c2782692f5ea4b92,TID_REPAIR_BUILDING_HEADER,<name>
531a18e163c56d12,TID_CLANGAMES_TASK_WIN_STARS_VS_HIGHER_TOWNHALL,遇强则强
bb016eab11d44670,TID_LEGEND_SEASON_TITLE,<year>年<month>传奇杯联赛锦标赛
81a2d99ad9e6a5ef,TID_KUNLUN_APP_STORE_HUAWEI,华为游戏中心
f176e21ada76f15c,TID_OBSTACLE_BIRTHDAY2021,9周岁生日蛋糕
b6b62caad8f54890,TID_DARK_ELIXIR_PUMP_INFO,建筑工人们终于找到了提炼纯净暗黑重油的方法，这是一种非常稀有的魔法物质。
35114eecec417ca3,TID_SHIELD_POPUP_REMOVE_BUTTON,移除
eab9dff5b94c77b6,TID_ACCEPT_ALLIANCE_JOIN_REQUEST,是否接受加入请求？
73dd41c19c9ed47f,TID_ACHIEVEMENT_WL_STARS_COMPLETED,在部落对战联赛中通过进攻为部落赢得的胜利之星总数：<value>
ff5633982f51d7cc,TID_COSMETIC_ESTATE_3X3_WOODEN_HOUSE,木屋
9f78d6a098238da5,TID_HERO_HEAL,对英雄治疗量：<number>
11ae50803fa878ff,TID_CLAN_GAMES_REWARD_TIME_COUNTDOWN,剩余时间：<time>
446883a79e10a787,TID_CAPITAL_UNIT_HOME,解锁和升级<name>
d1ed53ed07f6fff5,TID_NO_EVENTS_TITLE,
76de0de2ddb4f38d,TID_DIAMOND_BUNDLE_TH12_ALT_INFO,• <res0>暗黑重油\n• <res1>金币\n• <res2>圣水\n\n存放礼包中的资源不受最大储量限制！\n\n该<cffec78><value>倍超值礼包</c>只可购买\n一次，千万不要错过哦！
4dec612af5cea58c,TID_NEWS_TH11_UPDATE_SHIELDS_TEXT,• 现在，大本营被毁后不再提供护盾保护，快把大本营内置吧！\n• 在护盾保护期间，您随时可以发动进攻，但这会消耗少量护盾有效时间\n• 您可在30%受损程度时获得护盾，60%时能获得更多护盾，但这只有在大规模敌军进攻时才会生效
800452d33f464201,TID_TUTORIAL_ATTACK_DONE,不是吧，他们同时也在攻击我们？！
953a6d30f1a62324,TID_DARKTOWER_AMMO_ALREADY_FULL,地狱之塔装填完毕！
f2dcede86ee1c4c6,TID_LEAGUE_LEGENDARY_SHORT,传奇杯
c5288119b9e1d5e0,TID_BOB_TASK_TROOP,\n需要将任意建筑大师基地部队升至<level>级
8d035f63e949d615,TID_NUMBER_ZERO,0
b53e7643472dbca7,TID_RUINS,废墟
acea36f4ae975772,TID_BP_SKIN_TITLE,英雄皮肤
6d6257992ae80c91,TID_MAP_LOCATION_8,阿斯兰天穹
9b487a88a6e90a7f,TID_CONTRIBUTE,贡献
ca1b021f394bc3c6,TID_CHARACTER_INFO_TOXIC_MINION_SHORT,一群发着绿光的亡灵在派发免费礼物。
c3a38f305f024092,TID_BUILDING_SPELL_TOWER,法术塔
5f3368ad97cf5ece,TID_BP_SEASONAL_TASKS_HEADER,活跃挑战
573be8cfe578d020,TID_CHARACTER_SUPER_VALKYRIE_INFO,比起普通的瓦基丽武神，超级瓦基丽武神无论在哪一方面都更加优秀，而且她们也暴躁得多！
5f83d231289b7649,TID_FB_CONNECT_NOT_SAFE_TEXT,将村庄绑定到Facebook可以让您找到好友。要保存游戏进度，并在多台设备上玩同一个村庄，请登录苹果游戏中心(Game Center)。
412e92de2962b744,TID_VIEW_ALLIANCE_TAB,查看部落
0021d8a041e2787b,TID_ALLIANCE_WAR_EXP_AVAILABLE,成功进攻可获取<num>部落经验值
0265424a79748498,TID_UPGRADE_BUILDING_TO_LEVEL_TO_BUILD_MORE,将<building>升至<number>级以建造更多！
0daf04407fd169e9,TID_WHAT_YOU_GOT,您得到了：
5066ddb220e3550d,TID_STREAM_SHARED_LAYOUT_WAR,分享了一个<num>级家乡大本营战争基地阵型
5a656e99269ac50f,TID_BUTTON_ROTATE,旋转
3a281d75eece5f0c,TID_HINT_CHAT_REPORT_LIMIT,只在必要时举报玩家——别玩过火了！
1fd53fc24e532e80,TID_ALLIANCE_ROLE_MEMBER,成员
d4c6d1c95209868b,TID_CLANGAMES_TASK_INFO_USE_SUPER_WITCHES,在联机模式中赢得<num>颗胜利之星，每场战斗需使用<num2>个超级女巫。
1e8a0ada19c21609,TID_PROMOTED_TO_TEXT,晋级到
971e6652683c11c2,TID_CHANGE_LEAGUE_WAR_PARTICIPANTS,更换参战成员
faec1a3209f868b7,TID_SETTINGS_PRIVACY,隐私
04c39333b03acc53,TID_BUTTON_HELP_CENTER,更多帮助信息
d44e460eb32b9d07,TID_DEMOTE_TO_MEMBER_CONFIRMATION,把<name>降为部落成员吗？
05740731efc38711,TID_INFO_POP_UP_TOS_PP_NOTE_TENCENT,《部落冲突》是一款免费游戏，但是您可以通过应用内购买加速游戏进度。点击确定以接受我们的条款与隐私保护政策。
d046bcccaec70937,TID_NPC_CHALLENGE_TH7_MINION_BARBARIAN_KING,派出<c9916c8>野蛮人之王</c>吸引<cf70d16>法师塔</c>的火力。
0c665f235b189dd3,TID_BUY_MISSING_RESOURCES_TEXT,购买缺少的<count><resource>？
05c664c58af629dc,TID_GEAR_RESOURCE_RARE_INFO,璀璨矿石可用于升级装备。\n您可以通过胜利之星奖励或部落对战获取。
0040c8b2fdcd1bf0,TID_TASK_DONATE_TROOPS,每日增援
e9d58de254dcd267,TID_SHOVEL_OBSTACLE_CONFIRM_TITLE,转变障碍物
05c692d02c493d6c,TID_PUSH_WAR_3,与<data>的部落对战即将结束。
a03dcdbe1a0a96b7,TID_BUILDER_HALL_4_INFO_SHORT,可使用时光钟楼加速时间，还可在战斗中炸翻敌人。
abc9bc7b68be39a5,TID_NPC_CHALLENGE_TH13_HYBRID_GOLEM,基地底部的角落有很多强力防御建筑，派出<c54a0fe>戈仑石人</c>吸收这些建筑的大部分火力。
d9d840490969d7ad,TID_NPC73,康庄大道
81c0b53774a0cd22,TID_LAST_WAR,上一场战争：
35b7d01d09505012,TID_SUPERCELL_ID_BUTTON_DISCONNECTED,已断开
d97c9fff834cda93,TID_NPC_CHALLENGE_TH6_GIWIWA_GIANT,派出一个<c54a0fe>巨人</c>为<c54a0fe>炸弹人</c>吸引火力。
e42e3d43e9e7ceeb,TID_PET_MELEEJUMPER_INFO_SHORT,忠诚的猎犬，英雄的好帮手。
6a137ca2fc06a999,TID_CAPITAL_TUTORIAL_11,快行动起来，看看你能做些什么吧。
578a46f6c2ce0b44,TID_BP_NO_BONUS_POINTS_TEXT,连续两个赛季获取黄金令牌，即可获得额外的月度挑战积分。
c5bff050c4c2410f,TID_CAPITAL_TUTORIAL_3,你总算来了。别磨蹭了，事情很多，时间紧迫，快快快！
a4ee2c6f841a4b40,TID_PLAYER_CLAN_TAB,玩家部落
0a8baeee9c79d5cd,TID_ACHIEVEMENT_UNIT_UNLOCK,在兵营中解锁<name>
7ba24279a56e3359,TID_NPC49,哥布林之王1
0d0c9f8502bfa216,TID_REMOVE_FRIEND_CONFIRMATION,您确定将<name>从您的好友列表中移除？
1adf88d413e63d70,TID_PLAYER_LEADERBOARDS,顶级玩家
9277ccfe38575e60,TID_ALLIANCE_WAR_ATTACK_FAILED_SNAPSHOT_NOT_AVAILABLE,目标村庄目前无法被进攻，请稍后重试！
1658c8cbfc30c31d,TID_LEAGUE_HERO3,泰坦杯联赛3
1f8f5df0730a9d35,TID_CLASHIVERSARY_KING,未来蛮王
d7dbd8346f3cfbd9,TID_PLAYER_AVAILABLE_FOR_RECRUITING_DESC,是否愿意接收加入部落的邀请？您也会被推荐给正在招募新成员的部落。
8879cf3b6e4da725,TID_AUTO_FORGE_SLOT_NO_BUILDER,无需建筑工人
9836e2b37ddc3533,TID_BATTLEPASS_TASK_INFO_USE_LOONS,在联机模式中使用气球兵赢得<num>颗胜利之星。
eb977c4d6c2ef1ea,TID_LEGENDS_SET_CASTLE_TROOPS_TEXT,在下一个联赛日中使用这些部落城堡援军防守村庄吗？
e4f034c89df70f75,TID_RAM_RIDER_ABILITY_INFO,冲向她看到的第一个防御建筑，并摧毁挡道的城墙！
301c9666c98524e2,TID_LEAGUE_STONE5_SHORT,石头5
c70b33f707df92ac,TID_ANTIADDICTION_NO_REAL_NAME_VERIFIED_3,由于您未满18周岁或未实名认证，已被纳入防沉迷系统，非法定节假日已达到最大游戏时长1.5小时。
822a715ad282f4a7,TID_DIAMOND_BUNDLE_MAGICITEMS_STRENGTH_POTION_ONLY,一小堆力量药水
ebe64581069f8fe7,TID_LEAGUE_MASTER,大师杯
b76161e690a97de5,TID_TUTORIAL_DEFEND_4,村庄地下埋藏着丰富的圣水。借助这些圣水的魔力，村庄里的建筑被敌人摧毁后都可以奇迹般地自我修复。
0121748ab740855a,TID_WORKER_BUILDING,建筑工人小屋
abf8a9d84d9deb53,TID_OBSTACLE_HALLOWEEN2015,万圣节坩埚
2edcc3acdb3a48f7,TID_BATTLEPASS_TASK_WIN_STARS_USING_HASTE,唯快不破
7920cae4983d3389,TID_DECO_DEAD_TREE,枯树
5781d365bd8e64b4,TID_NPC75,龙穴历险
80a2445e57081054,TID_LAYOUT_LINK_COPIED_TO_CLIPBOARD,阵型链接已复制到设备剪贴板
3e7e7708c81839ff,TID_ATTACK_LOCKED,将大本营升至2级，以解锁该游戏内容！
034509c611fc5cb8,TID_WORKER_INFO,没有建筑工人一切都免谈！您可以雇佣多个建筑工人同时开始多个项目的建造或升级，或者使用宝石加快施工速度。
b6292cffa3f6c5ee,TID_BATTLE_LOG_OFFENSE,进攻日志
93334ece365f9c21,TID_ALLIANCE_WAR_BEST_ATTACK_ENEMY,敌军最佳进攻：
21e5e965ad321b0d,TID_CLANGAMES_TASK_INFO_DESTROY_AIRDEFENSES,在联机模式中摧毁<num>个<building>。
c96e7f9f9dc3e74f,TID_ERROR_POP_UP_SERVER_MAINTENANCE_ESTIMATED_HOUR_AND_HALF,抱歉，服务器正在维护中。请在约1.5小时后重试。
4b4a54ff83e18ec7,TID_LEGENDS_MP_CURRENT_DAY_TITLE,当前联赛日
44bf47044e2c4019,TID_NPC_CHALLENGE_TH9_BABYDQW_BARBARIAN_KING,派出<c9916c8>野蛮人之王</c>清理角落。
6be8675605f32109,TID_CHALLENGE_TH12_BOWIGI,蓝胖女巫
8635e1da65392fbf,TID_REDUCE_TIME_BARRACK_TROOP2,新的训练时间：<num2>
06379b4d58f1ec77,TID_CLANGAMES_TASK_USE_HOGGLIDERS,天外飞猪
dfc039a69a75e313,TID_TUTORIAL_WORKER_2,再雇佣一个建筑工人，这样您就可以同时建造两座建筑了。
d0db7ed6847a10be,TID_POPUP_STORE_OBSTACLE,存放障碍物？
787b2fae1deeac42,TID_STARTER_WINUSINGARCHER_INFO,在联机模式中赢得<num>颗胜利之星，每场战斗需使用<num2>个弓箭手。
e2d396568298a279,TID_TUTORIAL_SHOW_STAGE_2_1,我抡锤子抡得有点忘乎所以了......
c28c5527a9b8874a,TID_CAPITAL_MAP_MODE_TEXT_VISITING_ONGOING_DEFENSE,突袭防守中
187a319db6a67c6c,TID_WEAPON_TOWN_HALL_14,巨型地狱之塔
27d7c295e0474160,TID_NPC_CHALLENGE_TH10_MINER_WALL_BREAKERS,派出其他<c54a0fe>炸弹人</c>炸毁城墙，让<c9916c8>弓箭女皇</c>进入基地内部。
be1c7324c4adfd1c,TID_NPC44,厨房水槽
7bd4cb5a15844cde,TID_BOOSTER_USE_BB_STAR_BONUS_BOOSTER_QUESTION_TITLE,激活奖励？
516e609da3194059,TID_MASTER_BUILDER_BUSY,建筑大师正忙！
7485017b00691825,TID_ALLIANCE_GAMES_REWARDS_NO_POINTS,您需要完成挑战赢得积分才能领取奖励。
057168bef0986d01,TID_BUILDING_TEXT_FULL,已满！
42786b5a20a7772b,TID_ACHIEVEMENT_DONATE_UNITS_TITLE,患难之交
131a9547f1e9f979,TID_TAB_COMMUNITY,玩家社区
cdd0fd3174684c49,TID_CAPBUILD_CANNON_INFO,加农炮威力巨大，弥补了它射速缓慢的不足。\n它的另一个缺点是炮口没法向上抬太高，因此攻击不到空中目标。
c371de3585137bc3,TID_LEAGUE_GOLD1_SHORT,金杯1
67d30ca763c7e200,TID_CLAN_STAT_VICTORIES,胜利次数：
94ea673982aef586,TID_STARTER_TH5_BUILDWIZARDTOWER,魔法防御
a9096ac3054af418,TID_RAID_DATA_ERROR_INTERNAL,无法获取突袭详情，请稍候重试。
383f4396dc56494f,TID_CLANGAMES_TASK_INFO_LOOT_ELIXIR,在联机模式中共获取<num>圣水。
be71de6462a26a23,TID_TUTORIAL_RUINS_1,嗯......看起来许多地方已经年久失修。
ba9ed50d6880e622,TID_HINT HEROES_REGENERATE,让英雄休息或使用\q治愈\q按钮以恢复其生命值。
f234b483ea58163e,TID_NPC_CHALLENGE_DEPLOY_AIR_GRAND_WARDEN,现在，派出您的<c9916c8>大守护者</c>，记得选择空中模式！
0ebe4e7d227a0f29,TID_WAR_ATTACK_CONFIRM_CASTLE_TROOPS_ONLY_TEXT,部落城堡部队： <number>
274197f718fd6016,TID_NO_OPENID_LOGIN_DISALLOWED_TENCENT,根据相关部门的最新防沉迷规则，请您打开设备设置，将设备语言切换至简体中文后，即可使用QQ/微信账号登录游戏。
36c6645e8b8e6d24,TID_DIAMOND_BUNDLE_TH7,7级大本营礼包
7e2b972eacf41f50,TID_NPC_CHALLENGE_TH10_BOBAT_RAGE,使用<cf07bf8>狂暴法术</c>为<c9916c8>弓箭女皇</c>和<c54a0fe>炸弹人</c>提供加成。
dfc232a9ca8c5b98,TID_CAPBUILD_MULTIMORTAR,多管迫击炮
def488606cdb4f32,TID_CHARACTER_MECHA_DRAGON_INFO,这台热衷破坏的飞行机器很乐意，甚至是非常兴奋能够摧毁范围内的任何防御建筑。坐在里面的骷髅兵发誓说他绝不会碰那些控制装置。
7824fadcf9b243d2,TID_POPUP_HEADER_ABOUT_TO_BOOST_VILLAGE,免费提速！
ed67bad27d3888ab,TID_SPELL_FACTORY_VOUCHER_CLAIM_FAILED_INVALID_CODE,礼券代码错误，请确保代码正确后再重试。
9c4359868918feaf,TID_CLANGAMES_TASK_DESTROY_BB_GEMMINE,宝石大案
a1036a3413a6e57f,TID_SCENERY_NOT_AVAILABLE,通过月度挑战解锁该场景
cd3a6495fabce8b5,TID_NPC67,烟花工厂
0a7882e726288c74,TID_CLANGAMES_TASK_WIN_STARS_VS_TOWNHALL_12,粉碎12本
c4c1e0fd24ca35dd,TID_EDIT_CAPITAL_ARMY,更改都城军队
308fd5104eb6e764,TID_WITCH2_ABILITY_NAME,蝙蝠召唤
a57e36a707dc0581,TID_CREATE_CLAN_ARRANGED_WARS_INFO,是否允许其他部落向您的部落发送部落友谊战邀请？
8f992b0910516f90,TID_GEAR_ANGRY_TOME,狂暴宝石
9d667bce37a0cd7c,TID_CHALLENGE_TH7_MINION,空中突袭
d7ee139d1f3c79af,TID_LOCAL_NOTIFICATION_EVENT_XMAS_2,首领，部落冲突圣诞节期间还有新奇的冰冻陷阱哦，赶快去看看吧！
1b7927603e3f3e10,TID_CLAN_TOTAL_POINTS,总积分：
d98caa7be72021b5,TID_CONFIRM_ARE_YOU_SURE,您确定要删除当前村庄并将其替换为：
7c3d629737708ecc,TID_BATTLEPASS_TASK_INFO_DESTROY_BUILDERSHUTS,在联机模式中摧毁<num>座建筑工人小屋。
2c4598f5cb6edcbe,TID_GINGERBREAD_KING,姜饼蛮王
2227e352344e0205,TID_RESERARCH2_SWIPE,向左/右滑动以查看更多升级信息
36713a889317579d,TID_EVENT_TITLE_HAMMERJAM_PACK2,更新礼包
38191c2a4544f332,TID_WL_LEADERBOARD_BRACKET_POS7,小组第7名
c7a2a069dff086ca,TID_LEAGUE_RUBY1_SHORT,红宝石1
dead6b34ba504e7f,TID_CLANGAMES_TASK_INFO_DESTROY_QUEENALTARS,在联机模式中摧毁<num>个弓箭女皇王座。
cdec1498c0088adb,TID_LINK_TARGET_IOS_BUTTON_ANDROID,我想关联一台安卓设备
d2bb0558fcc702b6,TID_NEXT_RAID,下次突袭
7523c083d7399f94,TID_TUTORIAL_SELF_DONATING_2,有了这些奖章，您可以往部落城堡里装填任何您想要的军队。
34db1b2716a0acd3,TID_WL_SEASON_ENDED,赛季已结束
7c86bcb27b3792b4,TID_BUTTON_ATTACK_MODE_MULTIPLE,多重目标模式
73038718b1327011,TID_TOO_MANY_SHOVELED_OBSTACLES,可移动的障碍物数量已达上限，请先移除一个此类型障碍物。
82b8c8e6c38b4f12,TID_ACHIEVEMENT_DESTROY_WEAPONISED_TH,在联机模式中摧毁<number>座配备武器的大本营
cbe92ee2f46c50c3,TID_GEAR_FROZEN_ARROW,冰封箭矢
c998e7fbad69e9f6,TID_CLANGAMES_TASK_DESTROY_WIZARDTOWERS,推倒法师塔
64879ea6c79edc1c,TID_ACHIEVEMENT_LOOT_GOLD,取得<number>金币
39224a8bfcf4d4d6,TID_HINT_ARTILLERY3,天鹰火炮周围有一大片盲区，请确保您最重要的建筑在它的保护范围内！
a4f07af98fb44531,TID_BP_TIER_NUMBER,第<num>级
06b7a5656d187ced,TID_SUPER_MINER,超级矿工
90465a9686c4fc37,TID_START_WAR,发起战争！
5c2ab0f928d6c472,TID_CONFIRM_SUPER_TROOP_CANCEL_TEXT,确定要取消已启用的超级部队吗？剩余强化时间不会返还任何费用。
f6a5c828c0ed1ebd,TID_GEAR_FIRE_IN_A_CAN,魔法火柴盒
a9aac0dad076894b,TID_DISTRICT_BUILDERS_WORKSHOP,建筑工人工坊
db4f9513d4505c48,TID_TUTORIAL_TRAIN_2,点击训练营，选择「训练部队」开始训练
894d324e748fdfea,TID_ADD_FRIEND_ERROR_TOO_MANY_REQUESTS_OTHER,该玩家待处理的好友请求过多，请您稍后重试。
325b8709af7e6ef7,TID_BUILDER_HALL_7_INFO_SHORT,骷髅兵登场，附赠骷髅兵解决方案。
a0c34dfce76349d3,TID_CLANGAMES_TASK_LOOT_GOLD,金币猎手
26de3d46a022a2ed,TID_STARTER_TH3_INFO_WINSTARSGOBLINMAP,在单人模式哥布林地图上赢取<num>颗胜利之星。
e8bf640e26d8d281,TID_BB_BATTLE_LOG_ONGOING_ATTACK,有人正在攻击您！
0dc0ce58910cc2e2,TID_NAME_CHANGE_ON_COOLDOWN,您需要等待<time>后才能再次更改名称。
990aeffb3cc2929f,TID_DIAMOND_BUNDLE_TH5_ALT_UPDATED_INFO,• <res0>金币\n• <res1>圣水\n\n存放礼包中的物品不受最大储量限制！\n\n该<cffec78><value>倍超值礼包</c>只可购买\n一次，千万不要错过哦！
fdebf963c96ba15a,TID_NOTIFICATION_BUILDER_IS_BACK,建筑工人回来啦！
2f44cc1aca3b7d37,TID_TUTORIAL_RAID_WEEKEND_5,同时，其他部落也会进攻我们的都城。我早说了，我们应该多升级那些防御设施......
172ef1509a7a41f9,TID_STREAM_EVENT_DEMOTED,被<name>降职了
f02484345bc5f26c,TID_CLANGAMES_TASK_INFO_DESTROY_BB_BUILDINGS,在建筑大师基地战斗中摧毁<num>座建筑。
22658fbc1f40725b,TID_ALLIANCE_WAR_DATA_NOT_AVAILABLE,部落对战仍在加载中，请重试
ee3a65c4edcfc7f5,TID_EVENT_ARMY,军队活动
27ebacece698ebaf,TID_PRIMAL_KING,原始蛮王
73434b0e2d2a8499,TID_UPGRADE_INFO_SPAWNING,<old>召唤<name>的速度 (+20%)
37c45d91bec4ad8d,TID_ALLIANCE_TROOP_RECEIVED,您已获得<avatar>增援的<level>级<troop>！
fab54104bcae7b88,TID_NPC_CHALLENGE_TH10_MINER_HEALERS,派出<c54a0fe>天使</c>治疗您的<c9916c8>弓箭女皇</c>，让她保持战斗力！
69b8596482d97f50,TID_REENGAGEMENT_OWN_VILLAGE,您的村庄
99bfb98e35956137,TID_BUILDING_TEXT_REQUEST,请求增援
03258b3f35e92aa2,TID_TUTORIAL_WAR_DONATE_1,在准备日，我们可以向部落成员派出增援部队，还可侦察敌情。
49beb04d7fc6b0cd,TID_BOOSTER_FILL_DARK_ELIXIR_STORAGE_INFO,这件魔法物品仿佛能带来无尽的暗黑重油，它能够立即使家乡的暗黑重油达到最大储量。
d533820074840932,TID_REGION_CUSTOM4,
a6ea693da3745774,TID_DIAMOND_BUNDLE_MAGICITEMS_EVERYTHING_BOOK_INFO,• <gems>宝石\n• <booster1>本万能之书\n• 存放礼包中的物品不受最大储量限制！\n\n使用强大的万能之书立即完成任一项目的升级！\n\n千万不要错过哦！
c14c3763cc4a5609,TID_WARTOOLS_EMPTY_NOTES,点击添加备注
b3906080a37870f0,TID_DEVICE_LINK_ERROR_TOO_MANY_DEVICES_TEXT,您已关联了10台设备，这是允许的最大关联数量。\n\n如要移除某些原有设备，请通过帮助与支持中心页面联系我们。
d938e3760bb8eb0d,TID_HINT_BATTLE_ENDS,当您耗尽所有部队、部落援军和伤害法术时，战斗结束。
55e5f2bba4d544a5,TID_HERO_ABILITY_UNUSABLE_IN_RECALL,部署被召回的英雄才能使用技能。
ff01c33971b00d12,TID_POPUP_SPEED_UP_CONSTRUCTION,您想立即完成<item>的建造吗？
2042fd4b13c17e20,TID_ERROR_POP_UP_SERVER_MAINTENANCE_ESTIMATED_SOON,抱歉，服务器正在维护中。请在几分钟后重试。
59c0f1a4b5cc2a0c,TID_MINER_INFO,聪明的掘地矿工可穿行于地底，钻过城墙，在攻击目标旁破土而出。他们在地底时不会受到任何伤害并且不会触发陷阱，不过即便在地下他们也能受到法术的增益效果。
96fee5091e18a9fd,TID_BATTLEPASS_TASK_DEPLOY_SIEGE_MACHINES,攻城计
3532d6ac7f9f488d,TID_FRIENDLY_DISTRICT_CHALLENGE_CLOSED,子城正遭受攻击！
ccd7acc7c0c147f2,TID_BURST_SIZE,连发数量：<number>连发
d3db05b4d0cc51c3,TID_MORE_FACEBOOK,想获取最新消息，关注我们的Facebook吧！
07fd34961203d214,TID_INFO_POP_UP_IAP_NOTE_TITLE,应用内购买
fb20a95ad150811d,TID_CAPBUILD_BARRACKS_SKELETON_BARREL_INFO,其实就是个建在墓地边的木桶厂，老板是个卖气球的。
74a1c262e3f7e3f3,TID_CHARACTER_ITEM_ALREADY_OWNED,您已拥有该装备！
33fd99885797e471,TID_OBSTACLE_BUSH,灌木
8f2178fe2ba11fec,TID_TUTORIAL_RAID_WEEKEND_4,每位部落成员都有一定数量的进攻机会。进攻子城时，成员首次赢得3星将获得一次额外进攻机会。
ab6c31dbc2881e9f,TID_EVENT_CW_TITLE,部落经验值x2
228615138991f457,TID_WARTOOLS_ATTACK_CONFIRMATION,该目标已被其他玩家锁定，您仍要发动进攻吗？
69febcae64d807a9,TID_SKIN_PREVIEW,皮肤预览
7036edd707acf5d2,TID_ATTACK,进攻
eaa5937d6b7f4867,TID_CLAN_TYPE,类型：
5cae0295497dc5f9,TID_HEALING_WAVE_INFO,恢复部队的元气，让他们保持战斗力！\n\n施放疗伤法术会产生一个治疗光环，治愈该法术光环之内的部队。
28609a3dd3536ace,TID_CLANGAMES_TASK_USE_MEGAPEKKA_OLD,
40dcdc67b130e9cb,TID_CHARACTER_HOG_WIZARD,野猪法师
34cbbdade8ce7394,TID_ALLIANCE_WAR_LOOT_COLLECT_INFO,您可以从宝库收集部落对战奖励。
c0f4d67e2747615f,TID_CLANGAMES_TASK_INFO_USE_SUPER_BARBARIANS,在联机模式中赢得<num>颗胜利之星，每场战斗需使用<num2>个超级野蛮人。
7eb5ddec2f88c942,TID_GEAR_INFO_PIERCING_ARROW,发射一支穿透力极强的巨大箭矢，穿过整个村庄。
7edbfd9b9a3d65eb,TID_NPC_CHALLENGE_TH7_MINION_RAGE2,您可以用<cf07bf8>狂暴法术</c>帮助<c54a0fe>亡灵</c>迅速解决敌方防御。
10e26361074bcf4e,TID_MINER_INFO_SHORT,既然可以从地底钻过城墙，为什么还要穿过去呢？
97efab39eb579840,TID_CLANGAMES_TASK_INFO_WIN_HOMEBATTLESINROW,在联机模式中连胜<num>场。
5c3e384bcd768482,TID_REPLAY_PLAY_AGAIN,重播
5f8f43d8a3b2ee60,TID_TENCENT_DOLPHIN_DOWNLOADING_75,更新校验本地安装包
9f9712c88f9d949d,TID_SHIELD_NONE,无
780ce9b072936cfe,TID_HINT_TRAPS_TARGET,陷阱只在攻击者靠近时才显现。
cbc6676f9b5631fa,TID_CLAN_JOIN_FAIL_GENERIC,无法加入该部落！
66477c336d663358,TID_DECO_RUIN_STONE_CIRCLE,圆形石阵
8a527f047be03dab,TID_BUY_MULTIPLE_MISSING_RESOURCES_TEXT_N3,购买缺少的<count1><resource2>、<count2><resource2>和<count3><resource3>？
1abbc48d19c79bae,TID_CHARACTER_INFO_ARCHER_SHORT,可以远程攻击的神箭手。
4c285040f392357e,TID_BUTTON_CONFIRM,确定
36c66f855055bd24,TID_DIAMOND_BUNDLE_TH8,8级大本营礼包
c902e9895cd4fe0c,TID_RATE_APP_TITLE,给《部落冲突》(Clash of Clans)评分
3defea9017cb68a0,TID_BP_PERK_NEXT_AMOUNT,下次升级：
68e1de6e13710df4,TID_CLANGAMES_TASK_INFO_SPEEDY_STARS_BB,在建筑大师基地战斗前<num2>秒内累计赢得<num>颗胜利之星。
769a28de58abe224,TID_HERO_ABILITY_WARMACHINE_TITLE,电磁战锤
2e20251eb1b65289,TID_COSMETICS_CUSTOM_UNITS,独特生成兵种
11de25645f151540,TID_CLAN_WAR_CHALLENGE_REJECTED_AUTOMATICALLY,部落友谊战邀请被拒绝
9f625ed36deaec68,TID_ERROR_POP_UP_UNLOCK_UNAVAILABLE_BUTTON,重试
4f58402346ead17b,TID_FORGE_SLOT_UNLOCKS,在大本营达到<num>级时解锁
499475a987d22816,TID_CLANGAMES_TASK_INFO_USE_GOLEMS,在联机模式中赢得<num>颗胜利之星，每场战斗需使用<num2>个戈仑石人。
294c9c4c7305360f,TID_BATTLEPASS_TASK_INFO_WIN_BATTLES_USING_BABYDRAGONS,在联机模式中使用飞龙宝宝赢得<num>场战斗。
f44c4a33bb00d0fd,TID_STARTER_TH5_INFO_BUILDSPELLFACTORY,在商店获取法术工厂以解锁法术。
08640a58b11fcc65,TID_DISTRICT_SKULL_YARD,骷髅公园
f9aca46f2717134d,TID_NPC_CHALLENGE_BOWIGI_WITCHES,<c54a0fe>女巫</c>能为部队提供掩护，将她们与主力部队一同派出。
1d5f8563ca5c80db,TID_APPLICATION_SIGNATURE_ERROR,您目前使用的《部落冲突》版本未经授权，这可能会给您的账号或设备带来安全隐患。要继续游戏，请您前往官方渠道下载游戏，并将游戏绑定至Supercell ID以便转移您的游戏进度。
0d573f44c3a992fd,TID_CAPITAL_REWARD,突袭奖章
966c27457d868421,TID_RAID_WEEKEND_TOTAL_LOOT,获得的都城战利品总数：
c277a46da42bf413,TID_CLAN_GAMES,部落竞赛
88b77b1543edf0cc,TID_CONTRIBUTED,<name>贡献了
5bd2781b9e7ef33d,TID_MAP_LOCATION_19,鳗鱼湖
cb1efced2bf5f042,TID_TUTORIAL_CAPITAL_UPGRADE_2,在都城里，所有部落成员共同升级建筑。每一位部落成员都可以出力贡献都城金币。
ae7e31bc13245607,TID_DECO_RUIN_TRUNKS,树干
da3beafc070362b5,TID_CLAN_GAMES_STARTED_NOTIFICATION,部落竞赛已经开始了！
f4819eaba9bd8d22,TID_SIEGE_MACHINES_TROOP_BAR_HINT,您的<name>为空！
222ba76d67e5d0cb,TID_TUTORIAL_BUILDER_MENU,您可以在这里查看建造或升级建议！
9b31e9aba895759c,TID_BOOSTER_FILL_GOLD2_STORAGE_ALT_2_LINE,建筑大师金币符石
df9b8c8b33c09e8e,TID_JUNGLE_KING,丛林蛮王
c62c36b8d931a264,TID_ALLIANCE_WAR_REPLAY_PERSONAL_ATTACK_2,回放2
5a307b8625604e1e,TID_TUTORIAL_MAGICITEMS_2,这东西危险吗？它浑身散发着力量的光芒！
b109a409b0c0b8bb,TID_LEAGUE_CHAMPION2_SHORT,冠军杯2
27f2edb7c98e9937,TID_LEAGUE_TITANIUM2,钛金联赛2
d07e1b9a80f48d2e,TID_RECHARGE_TIME,冷却时间：<number>秒
91b6f3bf6ae2e3a5,TID_RESOURCE_PACK_LOCKED,存储空间不足！
303d5315e7e38026,TID_REQUIRED_EXP_LEVEL,需要经验等级达到<number>级
c12951e9e0c6ae36,TID_UPGRADE_FINISH_NOW,立即完成升级：
30e3658cfacdb14e,TID_BUILDING_MORTAR,迫击炮
769f00496ae35ff5,TID_BOOSTER_USE_HERO_POTION,强化英雄
1ec4e981f73bdd4c,TID_BOOKS_OF_CLASH,冲突与战争
36b398eb9df9b773,TID_ALLIANCE_MAIN_BUTTON,部落
71781d757e18b18c,TID_FAVORITE_TARGET_HERO,英雄
fec752bb1e15cc17,TID_POPUP_NO_UPGRADE_SLOTS_TEXT,完成之前的升级并开始此项目的升级？
5e35384e0db48edb,TID_ALLIANCE_GAMES_PICK_TASK_INFO,在左侧选择一项挑战，然后开始这项挑战！
4cd823dc5fe024b4,TID_BATTLEPASS_TASK_INFO_START_BB_UPGRADE,在建筑大师基地开始<num>座建筑的升级。
117cd5e5ce604a6c,TID_CHARACTER_HASTY_BALLOON,火箭气球兵
60e4fb97f4ab705a,TID_REENGAGEMENT_BUILDER_ALT_1,自从您离开村庄，建筑工人就一直睡懒觉。您要不要给他安排点工作？
63c3f97e4fd5fdfd,TID_NPC_CHALLENGE_TH11_LAVALOON_INFO_QUEEN,您还要设法消灭<cf70d16>敌方弓箭女皇</c>。
06cb3ebf2a7c7f3f,TID_EVENT_TITLE_6TH_ANNIVERSARY_PACK,6周年生日礼包
a8cf594dc4bee333,TID_STARTER_TH3_BUILDMORTAR,远程威胁
28aa7825bc0b42cb,TID_HINT_SPELL_JUMP_2,试着使用弹跳法术让攻击城墙的近战部队直捣黄龙！
438ed01781af1a5b,TID_BUILDING_MONOLITH_INFO,建筑工人首次尝试使用暗黑重油，建造出了一个极其可怕的庞然大物。擎天巨柱面对的目标越强，造成的伤害就越高。它是保卫村庄的利器，也是敌人的噩梦。
33fc04530c4c306b,TID_WARLOCK,女巫
bfc03d6b266cf388,TID_VILLAGE_UNDER_ATTACK,村庄正遭受攻击！
71c71a0a8e50105a,TID_BATTLEPASS_TASK_WIN_BATTLES_USING_HEAL_INFO,在联机模式中使用疗伤法术赢得<num>场战斗。
d72e566b02075814,TID_TOWN_HALL_7_INFO_SHORT,英雄和暗黑重油的时代。
fc875b2670c25eaa,TID_TRAINING_SPELLS_INFO_BUILD,要配制法术，请先建造法术工厂！
044efced1739590b,TID_GOLD_PASS_EXCLUSIVE_TAG,黄金令牌\n专属
72d383695ffc80c9,TID_CLANGAMES_TASK_USE_SUPER_WALL_BREAKERS,破墙记
bca49125275555e9,TID_OTTO_FEATURE,奥仔
44766cd0f34f7392,TID_HOG_RAIDERS,野猪突袭队
07c46fd00e0f09d5,TID_MORE_CAPITAL_UPGRADES_NEEDED,在子城再解锁或升级<number>个建筑或陷阱以升级都城大本营。
6ea0cb41a9d32eaf,TID_JOIN_ALLIANCE_TAB,加入部落
4ada207ae37e4f36,TID_DIAMOND_BUNDLE_MAGICITEMS_BUILDING_BOOK_AND_HERO_BOOK_INFO_OLD,• <gems>宝石\n• <booster1>本英雄之书\n• <booster2>本建筑之书\n• 存放礼包中的物品不受最大储量限制！\n\n建筑工人都在忙？资源太多但时间不够？有了这个魔法书礼包，您将可以立即完成一个英雄和一个建筑的升级！\n\n千万不要错过哦！
3eceed8b93b14e0f,TID_POPUP_RED_GEMS_PURCHASED_TITLE,谢谢您，首领！
5e549fe57068420b,TID_WL_OTHER_PLAYER_EDITING_ROSTER,部落其他成员正在编辑参战成员名单。
10aa3e5c90f2f77b,TID_NPC15,瞭望台
8cc8643c054bf193,TID_STARTER_TH2_INFO_UPGRADEARMYCAMP,将您的兵营升至<num2>级。
7a916132f0c8fe74,TID_ALLIANCE_DONATE_BUTTON_QUICK,快速增援
392713875b01dab5,TID_GRAND_WARDEN_INFO,大守护者熟读魔法书卷，手握神秘法杖，是位身经百战的战术家。他能让您的部队在进攻和防守中变得更强大。
62247111dca6e976,TID_PIRATE_WARDEN,海上守护者
d06df3f516e785b4,TID_GEM_COMPENSATION_CLAN_GAMES,首领，您好！我们注意到您没有收到上一次部落竞赛的奖励。很遗憾，我们无法直接为您发放资源和魔法物品，因此对于每列已解锁的奖励，我们已为您送上50颗宝石。由此给您带来不便，请您谅解。祝您游戏愉快！
1cbec147e81deb12,TID_ALLIANCE_WAR_LOOT_DELIVERED,部落对战奖励已经运送到您的宝库！
eb7261ff3da9263e,TID_ACHIEVEMENT_DESTROY_SPELL_TOWER_COMPLETED,总共摧毁法术塔：<value>
bc1be5c7ebbddb33,TID_LOOT_LIMIT_RESET_NOTIFICATION,首领，又可以去建筑大师基地赢取战利品了。开战吧！
920b3e757868f085,TID_SHOP_SHIELD_2D,两天护盾
d84eb13c1e563d86,TID_POPUP_BOOST_ATTACK,提速军队建筑使训练速度在<time>内提升至原来的<multiplier>倍。
a1bc6ebd6bd41fce,TID_FACEBOOK_BOUND_TO_OTHER_ACCOUNT,该Facebook账号已经连接至另一个村庄。要连接至当前村庄吗？
7aa9a218dabbdc28,TID_CHARACTER_MECHA_DRAGON_INFO_SHORT,不算坚固，但能保证3分钟内不爆炸。
5a768e42483cb78d,TID_NPC_CHALLENGE_TH9_BABYDQW_ARCHER_QUEEN,部署<c9916c8>弓箭女皇</c>，让她开始清理出通向基地内部的进攻路线。
f99c757d5eb624e3,TID_TUTORIAL_CLASHOWEEN_EVENT_C1,瞧瞧这个平平无奇的旧圣水瓶......
581b546878608b03,TID_SUPER_MINER_ABILITY_INFO,被消灭时丢下一个炸药桶。
ab01159e53067537,TID_LEAGUE_STEEL3,坚钢联赛3
5c07608c3a638501,TID_XBOW_LOADING_COST,填充花费：<number> <resource>
d0c45e9f2be1c991,TID_ALLIANCE_WAR_ATTACK_CONFIRM_TITLE,确认进攻
e8f1fc8167d904e8,TID_BALLOON_HASTE_EVENT_TITLE,急速气球活动
1dac359b8f75702c,TID_ALLIANCE_WAR_CANNOT_ATTACK,村庄未准备就绪，请在几分钟后重试。
f7a0d4541d67a190,TID_TRAP_MINE_INFO,还在找\q危险，请勿靠近\q的警示牌吗？别浪费时间了，隐形炸弹是不会让你发现的，除非......
2a7f93d26f777222,TID_MONTH_5,五月
1285aa15b8685597,TID_BUILDER_BASE_LEAGUE_TITLE,建筑大师基地联赛
6547395a9555eb4c,TID_WARRIOR_KING,武将蛮王
ced05250e013280b,TID_WAR_DATA_ERROR_NO_LONGER_AVAILABLE,已无法查看本次部落对战详情。
eed058acc8be9acf,TID_TUTORIAL_CAPITAL_UPGRADE_3,部落成员贡献的都城金币达到足够数量时，即可完成升级。
781668846ef8b285,TID_BONUSES_ASSIGNED,奖励已分配
c1b78bd0d8eb6d83,TID_GEAR_TYPE_SUMMON,召唤
0a793a099571d303,TID_POPUP_BOOST_RESEARCH_TEXT,要在<time>内将实验室的研究速度提升至原来的<multiplier>倍吗？
50f39ee35eb3fd18,TID_HINT_WALLBREAKER_DAMAGE,炸弹人愿意与敌军城墙同归于尽，能给城墙造成巨大破坏。
4a247d0ba1e7dbe0,TID_BB_LEAGUE_ITEM_REQUIRED_STARS,所需胜利之星：
7e371cb743c5c231,TID_WIZARD_TOWER_INFO,感受神秘法术的威力吧！塔上的法师会施放威力强大的范围性攻击法术，抵御侵入领土和领空的敌军。
2435c3c545226ba5,TID_BATTLEPASS_TASK_INFO_USE_ELECTROFIREWIZARD,使用电火法师在建筑大师基地战斗中赢得<num>颗胜利之星。
0683d1fa34b66461,TID_BOOSTER_USE_MAX_LEVEL_ARMY,强化军队
4f0e31db7408192a,TID_NPC20,哥布林营地
cf149122ac66ab00,TID_DIAMOND_BUNDLE_BH4_INFO_ALT,• <gems>宝石\n• <res0>圣水\n• <res1>金币\n\n存放礼包中的资源不受最大储量限制！\n\n该<cffec78><value>倍超值礼包</c>只可购买\n一次，千万不要错过哦！
11d2f800ba501214,TID_FRIEND_LIST_TEAMUP_2_FRIENDS,随时了解好友动态！
e34a39586d6b750a,TID_CLANGAMES_TASK_USE_GOLEMS,石人碾压
c45a9e9027a85ebc,TID_DIAMOND_BUNDLE_MAGICITEMS_BUILDER_BASE_BUILDER_POTION_WITH_GOLD_INFO,• <res0>建筑大师金币\n• <booster1>瓶建筑工人药水\n• 存放礼包中的物品不受最大储量限制！\n\n包含升级建筑大师大本营和防御建筑所需的一切！
1a33c4208b33a88d,TID_DIAMOND_BUNDLE_BH3_INFO_ALT,• <gems>宝石\n• <res0>圣水\n• <res1>金币\n\n存放礼包中的资源不受最大储量限制！\n\n该<cffec78><value>倍超值礼包</c>只可购买\n一次，千万不要错过哦！
b3f158af057d7d05,TID_POPUP_HEADER_ABOUT_TO_BOOST_VILLAGE_SPEEDUP,提速村庄？
650389de31308307,TID_CLANGAMES_TASK_USE_BABYDRAGONS,飞龙宝宝传说
ff9453b7b7f78db4,TID_GUEST_LOGIN_IAP_BLOCKED,根据防沉迷系统最新规则，未完成实名认证的游客账号无法进行付费。为了保证最佳游戏体验，我们建议您通过微信或QQ绑定账号以完成实名认证。如果您是通过游客账户登录，也可以在游戏内\q设置\q中绑定微信或QQ。
a7f27a25e098a128,TID_ACHIEVEMENT_WAR_LOOT,从部落城堡收集<number>金币
a18f9850efec0453,TID_BOOSTER_FINISH_SPELL_UPGRADE_ALT_2_LINE,法术之书
e9e026a30717cc13,TID_CAPBUILD_AIRBOMBS_INFO,要应对繁重的空中防御任务，使用空中炸弹发射器准没错。\n它能持续不断地向空中发射木桶，木桶会在空中爆炸重创敌军！
dc2da373d13b51d0,TID_HITPOINTS,生命值：<number>
d0937aace449fcc2,TID_NPC_CHALLENGE_TH9_LAVALOON_HASTE2,再使用一个<cf07bf8>急速法术</c>来加快<c54a0fe>气球兵</c>的移动速度。
a5da94825d8ba40f,TID_SPECIAL_OFFER_EASTER_LIMITED_4999,春季特惠
4b550151b3d9965f,TID_TUTORIAL_CLASHOWEEN_EVENT_E2,如果您有一些酸腐圣水，您就可以在这里领取同样美味的奖励！
4696780a8e4dc81e,TID_TOWN_HALL_WEAPON_INFO,只要敌方敢碰大本营，作为特斯拉家族中的暴脾气老大哥，巨型特斯拉电磁塔定会让他们好看。它会发射出超强电流击退敌方，你或许还能闻到空气中弥漫着一股......椰子和金属的气味。
f306b2cf646c8073,TID_POPUP_GIFT_RECEIVED_TITLE,额外资源
879e15b0fc689f21,TID_ENDOFSUMMER_OFFER_INFO_TH0206_1999_0999,• <res0>金币\n• <res1>圣水\n• <booster1>瓶力量药水，可在1小时内将您的部队和法术强化至您当前实验室所支持的最高等级\n• <booster2>瓶建筑工人药水，可在1小时内将建筑工人的工作速度提升至原来的10倍\n\n• 存放礼包中的物品不受最大储量限制！\n• 该礼包可购买5次！\n\n限时礼包，不要错过哦！
22c1dbeaafa897df,TID_NPC_CHALLENGE_TH9_BABYDQW_RAGE,使用<cf07bf8>狂暴法术</c>为<c9916c8>弓箭女皇</c>和<c54a0fe>天使</c>提供加成。
a2c6c31be4836072,TID_CHARACTER_SUPER_WITCH_INFO,凝聚魔法，召唤强大力量。超级女巫召唤的不是成群的小骷髅兵，而是一个骨骼密度惊人的超大骷髅兵。
d7f126a1664aee5a,TID_WARRIOR_WARDEN,智将守护者
f64390397f41ff8d,TID_ACHIEVEMENT_ACTIVATE_SUPER_TROOP_TITLE,超能出击
1dc2f136ed6500eb,TID_ALLIANCE_TYPE_CLOSED,不可加入
d8a37e524b6e5c17,TID_RAID_LOG,突袭日志
ce89d2450ff5ba3f,TID_NEWS_UPDATE_OTHER_TEXT,* 冰冻法术如今也可作用于空中部队了\n* 熔岩猎犬不再攻击空中部队了\n* 攻击部队现在可以在更远的范围内发现防御部队并与之交战了\n* 泰坦杯联赛3与泰坦杯联赛2的玩家如今可在商店买一周护盾
f1c7bb16620b70d6,TID_PLAYER_PROFILE_PETS,战宠
3acbac04c5b70e1d,TID_BP_RESOURCE_REWARD_GET_GEM_ALTERNATIVE_TEXT,空间不足，无法存放全部<resource>。\n是否出售溢出部分以获得<amount>宝石？
22c3b627cc316722,TID_CLAN_RECRUITMENT_OPT_IN_ITEM_TEXT,开启接收部落邀请的功能
6076b8de0581603d,TID_ICE_PUP_INFO,和大多数迷你犬不同，这些迷你犬全身上下都是坚冰，冷酷至极。它们的攻击会让敌方部队和防御减速！
37749af32801d2ad,TID_TARGET_FOUND,找到目标！
3f0bdf3ece2839cc,TID_NPC_CHALLENGE_HEALERS_TO_SUPPORT_QUEEN,派出<c54a0fe>天使</c>支援<c9916c8>弓箭女皇</c>。
d1c0f8cd2e614030,TID_WL_COLUMN_CLAN_NAME,部落
601842cf0d2f928a,TID_BATTLEPASS_TASK_WIN_STARS_USING_HEAL,妙手回春
6a3847c7ad1c555a,TID_POISON_CLOUD,伤害药水法术
a22b3de8d842156d,TID_NPC89,毫不犹豫
e653f02dd5215ee2,TID_MONTH_10,十月
4af618ac737636e9,TID_FREEZE_SPELL,冰冻法术
6ceb5ba93c78f6d4,TID_NPC3,交叉掩护
331f136e37097a1b,TID_ACCEPT_FRIENDLY_WAR_NOT_AVAILABLE_IN_MODE,回营接受部落友谊战邀请！
47fb6758c0cb9949,TID_CLANGAMES_TASK_INFO_BEAT_DARKELIXIRTARGET,在单场联机模式战斗中获取<num2>暗黑重油。
44d6e065e84b9f73,TID_ABOUT_WEIBO,
e70a8eeb3d13585d,TID_LEGENDS_ESTIMATED_SEARCH_TIME,预计所需时间：<time>
c05202489d1fd3d2,TID_CHARACTER_COOKIE_PEKKA,饼干皮卡
bf729c3a171f3f97,TID_LINK_CODE_GENERATE_CODE_TEXT,现在，请记住以下关联代码，您将在之后转移至官方安卓版本的过程中使用此代码。您可以查看教程以获得详细指南。
8a73518522199615,TID_NUMBER_FIVE,5
fa49b5b2e00d0127,TID_NPC_CHALLENGE_TH9_WITCH_WITCHES2,派出大部分<c54a0fe>女巫</c>支援<c54a0fe>戈仑石人</c>。
64f1543e02f57d14,TID_DECORATION_PIRATE_ANCHOR,废弃船锚
efc83c50f08c3399,TID_BOOSTER_BOOST_PRODUCTION_INFO,这瓶魔法药水可以在<time>内提高部队训练速度、法术配制速度、攻城机器建造速度和英雄恢复速度。只可在家乡使用。
abd58df6c04ebb7f,TID_PIXEL_QUEEN,像素女皇
9d2d3b33d23a0d2f,TID_ACHIEVEMENT_CLEAR_OBSTACLES_COMPLETED,总共移除障碍物：<value>
a0099c1bd4a6fd37,TID_BUILDER_HALL_3_INFO_SHORT,清理障碍物、建造超赞的新建筑，扩大您的基地！
a4921ab1678cb565,TID_PREVIOUS_ARMY_INFO,训练上一次进攻中所使用的军队！
adaec26f02d78e6c,TID_CLANGAMES_TASK_GET_LEVELKILLS_VS_ALLHEROES,悬赏英雄
82dd34a53fc64d3c,TID_LEAGUE_CHAMPION_SHORT,冠军杯
602fa919b97497c9,TID_POPUP_NOT_ENOUGH_DIAMONDS,您想获取更多宝石吗？
bf91a7ce55dc8eb1,TID_DIAMOND_BUNDLE_RED_INFO,• <gems>宝石\n• 超级英雄雕像\n• 野蛮人之王限时(RED)皮肤\n\n所有收入将全部用于(RED)抗艾滋活动。
32b682ad41715561,TID_BATTLEPASS_TASK_UPGRADE_BB_WALL,加固基地城墙
5edc8ec634d4f3af,TID_ASK_LEADERSHIP_START_RAID,提醒首领、副首领或长老参加本次突袭周末
b23695898192615b,TID_PIXEL_KING,像素蛮王
c6db127efd92c52e,TID_BUTTON_CONFLICTING_ACCOUNT_YES,是，切换至当前账号。
43e4bb7b21d8c17f,TID_NPC_CHALLENGE_TH10_MINER_BARBARIAN_KING,部署<c9916c8>野蛮人之王</c>，他可以为<c54a0fe>掘地矿工</c>吸引敌军防御建筑的火力。
39113035fb720cef,TID_CRAFTING_FINISHES_IN,离铸造完成还有：
77ab1889e5a8ed6e,TID_POPUP_SPEED_UP_BOOSTER_CONSTRUCTION_SLOWDOWN,<item>正在建造，无法训练军队。您是否要使用<booster>立即完成建造？
414204310b53817c,TID_BATTLEPASS_TASK_WIN_BATTLES_USING_CANNONCARTS,战车迫近
80df5b5940bd641e,TID_AVATAR_MESSAGE_BUTTON_CLAIM,领取
943ec0801b3f21ae,TID_NPC74,兵临城下
cda0427b1c66c135,TID_ACHIEVEMENT_TOWN_HALL_COMPLETED,目前大本营的等级：<value>
b79c6e4873297414,TID_MULTI_MORTAR_INFO_SHORT,可发射多枚炮弹进行密集轰炸。
57791990df7aecec,TID_DIAMOND_BUNDLE_BUILD_PACK,建筑升级礼包
bda3348b55ec6a79,TID_HINT_DPS,军队和防御建筑的伤害值显示的是每秒伤害值。
31259ee0aee74ba0,TID_ACHIEVEMENT_SPELL_DONATION_TITLE,分享即关爱
bf57f9876532ad78,TID_INFOBUBBLE_BUILDER_INPROGRESS,升级中：
3f8de1236825b840,TID_DIAMOND_BUNDLE_TH9_ALT_UPDATED_INFO,• <res0>暗黑重油\n• <res1>金币\n• <res2>圣水\n\n存放礼包中的物品不受最大储量限制！\n\n该<cffec78><value>倍超值礼包</c>只可购买\n一次，千万不要错过哦！
21a57ca49431529c,TID_GEAR_INFO,信息
4e74a4d78d61fa44,TID_CHALLENGE_INFO_2018,12级大本营和雷电飞龙重磅上线，电翻全场！还有令人激动的攻城机器、部落对战联赛和商人。
2bffcd66901a50cc,TID_HINT_TRAP_UPGRADING,别忘了升级您的陷阱，将那些不速之客拒之门外！
bfeb5a3cc3eefda1,TID_ALLIANCE_SNEAK_PREVIEW,重建部落城堡即可解锁部落！\n\n部落成员可以相互增援部队和法术。
e99163d436627e4c,TID_DECO_PAINTED_BABY_DRAGON,炫彩飞龙宝宝雕像
31ab630bc73c8cde,TID_BATTLEPASS_TASK_INFO_DO_RAID_ATTACKS,在都城突袭中发动<num>次进攻
2130f1376750cbdb,TID_TROOPS_USED,损耗的部队：
c993e2321bdef04b,TID_DECO_RUINED_PYRE,破败神坛
4fb953eddd82c933,TID_ERROR_NAMES_DONT_MATCH,所输名称不一致，请重试。
63d1b14b2cc489c2,TID_CLANGAMES_TASK_INFO_USE_SUPER_WALL_BREAKERS,在联机模式中赢得<num>颗胜利之星，每场战斗需使用<num2>个超级炸弹人。
68ea8a1e09f7df58,TID_BP_PERK_INCREASE,<perk>\n<num>%
e92e1df12e2a1e96,TID_END_BATTLE_POPUP_TITLE,结束战斗？
4f15120a5391611d,TID_ABOUT_BUTTON,关于
4c1a7c74b02cb073,TID_ARMY_DEEPLINK_INVALID,该军队配置链接无效
88c2ab92ce30b954,TID_CAPITAL_HALL_LEVEL_STAT,都城大本营等级
cbdd1698e2c4e3f4,TID_UNLOCK_RUINS,解锁废墟：
b69435edee9248e5,TID_HINT_SWAP_TROOPS,在发动进攻前想调整战术？点击绿色箭头即可更换兵种！
0fc32666dbc45ffc,TID_EVENT_TITLE_CLANWAR_SHORT2,部落冲刺
5e9c87b1f92123ce,TID_BATTLEPASS_TASK_WIN_BATTLES_USING_ELECTRODRAGON,电龙出击
817b8c4853306baf,TID_TUTORIAL_ATTACK_DONE2,这就是我们这里的规矩！打得最好的人才能赢得奖励。绝不用抢的，那太野蛮了。
954c5b67462a2cb7,TID_TUTORIAL_REINFORCEMENT_CAMP_INTRO_2,我不是在说你不擅长进攻，嗯，我不是那个意思。
181bbc4917286772,TID_NPC_CHALLENGE_TH10_MINER_WIZARDS2,派出一些<c54a0fe>法师</c>清理角落和旁边的建筑，确保<c54a0fe>掘地矿工</c>朝着正确的方向进攻。
5f265fe8488852e8,TID_NPC_CHALLENGE_TH11_EDRAG_GRAND_WARDEN,部署<c9916c8>大守护者</c>支援<c54a0fe>雷电飞龙</c>，记得使用空中模式来躲开地面陷阱！
c5a1ec7a0ec447d3,TID_WL_BONUS_CONFIRM_TEXT,将额外奖励发放给选定的成员？
5fbdd3908711afb3,TID_CLANGAMES_TASK_WIN_BUILDERBATTLES,建筑大师基地战斗冠军
f176e9c105746ccc,TID_OBSTACLE_BIRTHDAY2018,6周岁生日蛋糕
09cb0a55c117219e,TID_BP_PERK_SAVINGS_PAYOUT_DESC,您通过联机模式获得战利品时，您的月度挑战资源箱会发挥神奇功效同时存入资源。月度挑战结束时，这些资源将转存到您的资源仓库。
8b38332a497723ce,TID_GOOGLE_PLUS_SIGNIN_TUTORIAL,加载原有村庄？
bebf8cb81264d2a8,TID_BUTTON_TREASURY,宝库
97d7f95914d4ac9f,TID_NPC_CHALLENGE_TH6_GIWIWA_HEAL1,<c54a0fe>巨人</c>正遭受<cf70d16>法师塔</c>攻击，施放一个<cffe346>疗伤法术</c>保护他们！
4f869f49bdc13f0f,TID_WL_STAT_POSITION6,第6名
c6099c6032cf1f18,TID_CLANGAMES_TASK_INFO_DESTROY_BB_ELIXIRSTORAGE,在建筑大师基地战斗中摧毁<num>个<building>。
df1cfbb8d41fa266,TID_CLASHIVERSARY_CHAMPION,未来战神
aaf4f33fd4d52ed5,TID_BATTLEPASS_TASK_INFO_WIN_BATTLES_USING_MINIONS,在联机模式中使用亡灵赢得<num>场战斗。
4ba8a6389e94b6a3,TID_BATTLEPASS_TASK_DONATE_SIEGE_MACHINES,部落帮手
d2fe8dcb33d5699a,TID_DECORATION_10YEAR_BIRTHDAY_STATUE,哥布林之王的贡品
3330df8bdfb6cece,TID_REENGAGEMENT_APOLOGY_3,首......首领！真的是您吗？
3bd02a29c8ee32b3,TID_ATTACK_FAIL_TARGET_ONLINE,首领在家，无法攻击！
9bca2c06b2710c95,TID_MORTAR_INFO,迫击炮可以发出威力无比的炮弹，其造成的溅射伤害可以击败大群敌军。注意，要防止敌军过于接近迫击炮！
514a9fccac7ba30e,TID_WAR_INFO_FRIENDLYWAR_ADDITION,在为期两天的激烈对战中获得更多胜利之星的部落将赢得胜利！获胜部落可获得资源奖励和部落经验值奖励。进攻获胜可赢得额外的战争奖励；但如果您的部落战败了，您将只能获得少量资源奖励。此外，部落对战出现平局时，在最佳攻击中总摧毁率更高的部落将赢得对战胜利！\n\n注意：部落友谊战可自定义时间，不提供战利品和部落经验值。
e54b1d1db86bcc72,TID_CHARACTER_GIANT_ACTIVE_INFO,激活时格挡所有伤害，持续<num>秒。
6e2c99f9b18578d0,TID_6ANNIVERSARY_OFFER_MAGICITEMS_BOOK_AND_GOLD_INFO_999,• <res0>金币\n• <booster1>本建筑之书，可用于立即完成任一建筑的升级\n\n• 存放礼包中的物品不受最大储量限制！\n• 该礼包可购买20次！\n\n限时生日礼包，千万不要错过哦！
c761503e900f2fef,TID_CLANGAMES_TASK_DESTROY_BB_STARLABORATORY,破坏星空实验室
96bcab6407daa666,TID_LEAGUE_GOLD2,金杯联赛2
47980881e1981020,TID_PURCHASE_LIMIT_TITLE,确认购买
8b7233bd047ae3dd,TID_TUTORIAL_WAR_LEAGUE_10,在这里您可以对比您的部落和其他部落的战斗表现。
dcc50cac86212097,TID_CHARACTER_CANNON_CART_ACTIVE_INFO,激活时可在炮车和迫击炮两种模式间切换。
a53d714041cb6f0b,TID_NPC_CHALLENGE_TH10_BOBAT_BOWLERS,派出<c54a0fe>巨石投手</c>辅助进攻。
12248989c2ed5526,TID_NEWS_CHALLENGE_BOOST_TEXT,准备好迎接更新和1宝石加速资源采集器的活动！
7bfd875d5095e6b2,TID_INFERNO_DRAGON_ABILITY_HELP,持续攻击同一个目标时，地狱飞龙的攻击伤害会随着时间递增。
2ce20af69ece0195,TID_PET_FROSTY,冰牙
8993003e4a77d2bc,TID_BP_PERK_SAVINGS_PAYOUT_BB_DESC,您在建筑大师基地通过进攻和防守获得战利品时，您的建筑大师资源箱会发挥神奇功效同时存入资源。月度挑战结束时，这些资源将转存到您的资源仓库。
34ac010275444ae5,TID_CLANGAMES_TASK_DESTROY_INFERNOTOWERS,摧毁地狱之塔
95705be9ce08806e,TID_BUILDER_BASE_BUTTON_STAR_BONUS_COUNTER,<progress>/<total>
a6abdeda97d4f1d9,TID_CLANGAMES_TASK_WIN_BATTLES_USING_INVISIBILITY_INFO,在联机模式中赢得<num>场战斗，每场战斗需使用<num2>个隐形法术。
937b001e894d6b72,TID_BUILD_TIME_INSTANT,无
fcddb1f49286ac64,TID_POPUP_EDIT_MODE_COLLECT_TITLE,收集全部
1560e9e074b6d34f,TID_HINT_LOOT_CART,点击资源车，及时回收防守所损失的部分资源。
5edb4cbca616ce04,TID_UNLOCK_SPELL_FORGE_SPELL,解锁<name>
f01bb92a803f9cf8,TID_BALLOON_BUS,飞艇
f7de10df2743102b,TID_CLANGAMES_TASK_WIN_STARS_USING_JUMP_INFO,在联机模式中赢得<num>场战斗，每场战斗需使用<num2>个弹跳法术。
6769d1b15346f5b4,TID_LAVALOON_ABILITY_NAME,爆炸分裂
ca3ca7a2cac35ea3,TID_JOIN_NOW_BUTTON,立即加入
738fcb7e47447450,TID_CAPBUILD_BARRACKS_BARBARIAN,超级野蛮人训练营
1ab9ba4862b917c3,TID_V2_DUEL_FEED_DESTROYED,已摧毁
ebeec4a436b9b59d,TID_NPC81,巨大无比
2e2ce09a2e5a4aad,TID_EVENT_TITLE_END_OF_SEP_OFFER_TH071,迎金秋 大丰收
233cb9505c96eea7,TID_OBSTACLE_OLD_BARBARIAN_STATUE,古老野蛮人雕像
b8a3adf835c8dd7e,TID_SCENERY_GINGERBREAD,姜饼世界
0cb9b8480b3d169d,TID_CLANGAMES_TASK_DESTROY_BB_FIRECRACKERS,防空火炮终结者
94a10c538b64f1fe,TID_SUPER_TROOPS_FEATURE_DESCRIPTION,普通部队可以被强化成超级部队，拥有全新的力量，还有飘逸的秀发。
fef62019cb850adc,TID_BP_PERK_MAXIMUM_QUICK_DONATE,已启用1宝石快速增援
c2665adb60c31847,TID_CAPBUILD_AIR_DEFENSE,防空火箭
79db2095ebdd3338,TID_ALLIANCE_TYPE_OPEN,任何人都可加入
2a2c4da196a58744,TID_INVISIBILITY_SPELL_INFO_SHORT,看见了吗？看不见了吧！
3923f05bc12ccb51,TID_REENGAGEMENT_LAB_DID_UPGRADES_NONE_LEFT_2,听说法师们刚刚完成了可进行的最后一项升级！
0e7f5e2683537ca0,TID_FRIENDLY_ARMY_INFO,友谊战军队配置将用于友谊战和部落友谊战的进攻。
6a455cb78bc4e7ec,TID_CLAN_HOUSE_NAME_UNOCCUPIED,空营房
827601d48981d8b2,TID_LAST_ONLINE_ONE_DAY_AGO,1天前登录过
2a61e537bcfc13ca,TID_RESEARCHER_MENU_IN_PROGRESS,升级中：
6fb4dca11aad9d57,TID_DIAMOND_BUNDLE_MAGICITEMS_TROOP_BOOK_WITH_RESOURCES_INFO,• <booster1>本战斗之书\n• <res0>圣水\n• 存放礼包中的物品不受最大储量限制！\n\n使用战斗之书立即完成部队升级！\n\n千万不要错过哦！
7fba8160ab2831e8,TID_LAYOUT_SLOT_UNLOCK,使用宝石购买新的阵型栏位
5cac6a174b11753a,TID_STORAGES_SPELL_IMMUNITY,所有资源仓库均免疫法术伤害！
25e156b6e397a882,TID_REINFORCEMENT_CAMPS,预备：
42db912168917fc7,TID_HINT_ARCHER_TOWER_TARGET,箭塔射程远，并且可以攻击陆空目标。
58bef2f71c81adb2,TID_TUTORIAL_CLASHOWEEN_EVENT_B3,就开始啦！
c9705f3b02fb8cc1,TID_LEGENDS_DEFENCE_LAYOUT_TITLE,设置阵型
c91804b2e4ec105d,TID_ACHIEVEMENT_CLAN_GAMES_POINTS,在部落竞赛中赢得<number>积分
b9e98778cdf81a4a,TID_DIAMOND_BUNDLE_MAGICITEMS_BUILDER_POTION_WITH_GOLD_INFO,• <res0>金币\n• <booster1>瓶建筑工人药水\n• 存放礼包中的物品不受最大储量限制！\n\n包含升级大本营和防御建筑所需的一切！
9ab7854f16f93974,TID_CAPBUILD_GOBLIN_HALL_INFO,一座异常安静的哥布林大本营，没有平日里密谋策略的声音，也没有金币声。
4a63ecbf061b23a3,TID_FOLLOW_BUILDER_TITLE,
3610a13faeb41556,TID_WAITING,等待中
539181a228f0fda9,TID_DECORATION_NATIONAL_FLAG,国旗
a4555114fccca027,TID_BP_BUILDER_SEASON_BANK_INCREASE,建筑大师资源箱容量提升至\n建筑大师金币：<builderGold>\n建筑大师圣水：<builderElixir>
5841c1c6ea004338,TID_DIAMOND_BUNDLE_MAGICITEMS_TROOP_BOOK_INFO,• <gems>宝石\n• <booster1>本战斗之书\n• 存放礼包中的物品不受最大储量限制！\n\n使用战斗之书立即完成部队升级！\n\n千万不要错过哦！
9300061fb52f72f0,TID_RAID_SIGNUP_ERROR_INTERNAL,无法报名，请稍后重试。
fd531f643d8291e8,TID_MULTIPLAYER_STAR_BONUS_EVENT_ACTIVE,<c66CC00>胜利之星奖励x<num>活动！</c>
517efc1e7d67f2c3,TID_CLANGAMES_TASK_WIN_HOMEBATTLES3STARS,三星猎人
009995a66abe1290,TID_INFO_DAMAGE_TYPE_MULTIPLE,多目标
7501104cff340552,TID_CLANGAMES_TASK_INFO_USE_BOWLERS,在联机模式中赢得<num>颗胜利之星，每场战斗需使用<num2>个巨石投手。
19fca1d1a04c95cb,TID_BABY_DRAGON_INFO_SHORT,脾气暴躁，最好单独行动！
6c5f78b2ff80b99b,TID_UPGRADE_INFO_SPECIAL_ABILITY_IMPROVED,<name>技能增强！
4a839ef3f2a30da8,TID_STAR_BONUS_BOOST,胜利之星奖励加成
b5c98fe09a060a92,TID_LEAGUE_III,3
e3fde42573e2506c,TID_WARNING_INVALID_LAYOUT_CODE,该阵型链接无效。
79cb6b2bd3b5f34c,TID_LIVE_REPLAY_FAIL_GENERIC,无法实时观看，请稍后重试。
1badef249d06ca0c,TID_USE_TROOP_EVENT_ACHIEVEMENT_DESC_PLURAL,活动挑战：在联机模式中获胜！\n<cffec78>• 必须使用<usecount>个<unit></c>
661dc15a287c9b47,TID_DEVICE_LINK_ERROR_NOT_ATTACHED_TITLE,未与苹果游戏中心(Game Center)关联
0cc7f83ad0ada5e1,TID_BOOSTER_USE_BB_STAR_BONUS_BOOSTER_QUESTION,使用<booster>立即激活建筑大师基地胜利之星奖励？
1211c57677630c06,TID_SETTING_AUTO_USE_HERO_ABILITIES,即将被击败时自动使用技能
1e28b7527ad9deed,TID_ACHIEVEMENT_UNIT_UNLOCK_TITLE,新兵集结
a358176c0f8263b4,TID_BP_SEASON_BANK_MAX_CAP,最大容量：<value>
e91b594a249b9d5b,TID_REQUIRED_PET_SHOP_LEVEL,需要<number>级战宠小屋
ab4ac9b4afe4a5b3,TID_NPC_CHALLENGE_INFO_AIR_SWEEPER,从<cf70d16>空气炮</c>后方靠近基地。
8a9e86a9840b21e2,TID_POWER_BOOST_INFO,将部队和法术强化至您当前大本营所支持的最高等级。
e1ef190f46c73d4c,TID_DIAMOND_BUNDLE_BH7_ALT,建筑大师礼包
5baddba941d6fcfc,TID_GOLD2,金币
0a0436d6d0b59ee7,TID_TOURNAMENT_HUB_DEFAULT_TITLE,赛事中心
36066dfb200fc586,TID_GEAR_ALREADY_EQUIPPED,已装备该物品
576de84a0d40cbc7,TID_ACHIEVEMENT_CHALLENGE_BUTTON,挑战好友
18944aa663402e68,TID_ERROR_POP_UP_BANNED_ARTICLE_BUTTON,更多信息
a597581d0f865484,TID_CLAN_CASTLE_SLEEP,正在休息
46fb9383eaf793ad,TID_MEMBERS_SORTED_ALPHABETICALLY,按字母顺序排列
d3890d0a95c8668f,TID_CAPBUILD_SPELLLAB_JUMP,弹跳法术工厂
c2e236f7dd360e05,TID_ALLIANCE_WAR_ATTACK_CONFIRM_1STAR,您的部落已经从该战争基地赢得1星。您要尝试获得更好的成绩吗？
7f50f254af23bfb3,TID_TENCENT_DOLPHIN_DOWNLOADING_79,更新校验全量文件
a187ca03204a15e1,TID_NPC69,送命难题
5747d638fae40b20,TID_CAPBUILD_BARRACKS_ARCHER_INFO,隐秘弓箭手的训练场地。当心有锋利的东西猛地飞过来！
fee7a9467f04a215,TID_CLANGAMES_TASK_INFO_USE_PEKKAS,在联机模式中赢得<num>颗胜利之星，每场战斗需使用<num2>个皮卡超人。
06dd1bd8f0e228cc,TID_WAR_RESULTS_INFO_HEADLINE,对战结果
e06acf655622c48a,TID_CLANGAMES_TASK_DESTROY_ARCHERTOWERS,突袭箭塔
4ca781dcf2b424f4,TID_BOOKMARKS_FULL,收藏已满
27f0a07706ba250b,TID_MY_PROFILE_TAB,我的简介
d7a6cf326a41c846,TID_ADD_FRIENDS_INFO_REQUESTS_YP,在其他玩家的简介页面可将其添加为好友。
1742b816e63f373e,TID_DIAMOND_BUNDLE_MAGICITEMS_RESOURCE_POTION_ONLY,一小堆资源药水
2cec72eabd45a768,TID_GOOGLE_SERVICE_CONNECT_TITLE,建议用Google Play登录
64eaddd472cbaa23,TID_PART_HOUSE_FOOT,部落营房外墙
864aa3998867538f,TID_GIANT_ABILITY_NAME,重拳出击
01c854cb5af6f4a5,TID_SETTINGS_PLAYERNAME_ENTERNEW,请输入新名称：
278895c261f3f2fc,TID_MORE_WECHAT,
3db1f7737c17eb99,TID_TOO_MANY_REPORTS_SENT,您已达到每日举报上限！
863fdc0ba7a6b529,TID_HOG_GLIDER_ABILITY_NAME,奇袭俯冲
c96b040c0cf51afb,TID_BATTLEPASS_TASK_INFO_USE_BETAMINIONS,在建筑大师基地战斗中使用异变亡灵赢得<num>颗胜利之星。
3b69df3d8df0fa82,TID_BATTLEPASS_TASK_INFO_WIN_BATTLES_USING_SNEAKYARCHERS,参加<num>场建筑大师基地战斗，每场战斗需使用<num2>个隐秘弓箭手且赢得至少1颗胜利之星。
28d430a580915542,TID_SHOCKWAVE_DAMAGE,冲击伤害：<number>
73651343200c48e1,TID_ITEM_ALREADY_DONATED,您已获得该增援。
797d4352d56e3359,TID_NPC50,哥布林之王2
46a7868e4af7aab9,TID_BUTTON_GENERATE_CODE_TEXT,将您的游戏转换为官方安卓版本，以保护您的村庄！
0297a1924a4aa8a5,TID_BUTTON_ATTACK_MODE_AIR_AND_GROUND,陆空兼顾模式
36ac175561c6fb1c,TID_CLANGAMES_TASK_USE_RAGEDBARBARIANS,狂暴野蛮人大暴走
6a3565eb1d3a49b8,TID_STREAM_EVENT_CHANGED_SETTINGS_PLAYERS_LEFT,部落设置已更新，部分玩家已离开部落。
b074e5a4d062907d,TID_DIAMONDS_FOUND,您从<name>中找到了<number>颗宝石！
c027591e8ce75e17,TID_STREAM_SHARED_LAYOUT,分享了他们的阵型。
d9adb4fd2d5030cf,TID_CLANGAMES_TASK_DESTROY_BB_GOLDMINE,摧毁金矿
e7ddf62a4479caab,TID_LIVE_REPLAY_FAIL_NO_FREE_SLOTS,无法实时观看，观看席已满。
87da6f6194eff2e6,TID_CLAN_JOIN_FAIL_NO_SCORE,您的奖杯数不够，不能加入该部落！
dbabe0e49e384f48,TID_BOOSTER_FINISH_ANY_UPGRADE_ALT_2_LINE,万能之书
caf2eca7f46f610e,TID_MULTIDEVICE_INFO_KUNLUN,要在多台安卓设备上玩同一个村庄，请从同一个安卓应用商店下载游戏，并使用同一个账号在这些设备上登录。
91f8d38f242fe236,TID_TEST_PACK_RES_FOR_BOTH_VILLAGES,资源2的测试包
d570a1f2f005e03a,TID_ALLIANCE_CREATE_SHOW_LOG,公开部落对战日志
2f7c583759cf57f6,TID_POPUP_TRAIN_TITLE,训练部队<limit>
6c0b66a1a2ce09bb,TID_BUTTON_CLEAR,移除
a1cf96576c1b2afb,TID_FEEDBACK_INFO3,\n
df9a4eaa07dadad8,TID_DIAMOND_BUNDLE_MAGICITEMS_BUILDING_BOOK_WITH_GOLD_INFO,• <res0>金币\n• <booster1>本建筑之书\n• 存放礼包中的物品不受最大储量限制！\n\n包含升级大本营和防御建筑所需的一切！
c0a3c68fe4665c35,TID_RESUME_BOOST,恢复
972c0987695b045c,TID_ENDOFSEP_OFFER_INFO_4999,• <booster1>本战斗之书，可立即完成任一正在进行的部队升级\n• <booster2>本建筑之书，可立即完成任一建筑的升级\n• <res0>金币\n• <res1>圣水\n\n• 存放礼包中的物品不受最大储量限制！\n• 该礼包在显示期间可购买2次！\n\n快来加入金秋酣战吧！
e0e050b455789350,TID_DARKAGES_QUEEN,黑暗时代女皇
6085442b74821880,TID_HINT_ACCOUNT_SECURITY_1,切勿将您的Supercell ID账号信息告知他人。
127f6c5c039ddd8c,TID_TAB_BATTLE,战斗日
13f4f92542335edd,TID_WL_COLUMN_POSITION,排名
77dc0fa1af9f8913,TID_GRAND_WARDEN,大守护者
970cab6407daa723,TID_LEAGUE_GOLD3,金杯联赛3
ca193d66eed4936c,TID_SHUTDOWN_ATTACK_DISABLED,维护结束前，不能发起进攻，请耐心等待。
3afbd22969ba15dc,TID_ALLIANCE_CREATE_OK,您成功创建了一个新的部落！
8514c70fc8e45b3a,TID_GOOD_VALUE,超值
069ec962638bfcf2,TID_CLANGAMES_TASK_DESTROY_GOLDMINES,捣毁金矿
96a45e9605c8bde0,TID_CAPITAL_TUTORIAL_4,这样子的规模才能叫建造。看好了，这座山就是你的部落都城！
187a3198b6f67c6c,TID_WEAPON_TOWN_HALL_13,巨型地狱之塔
6fafccad9e5296c5,TID_CHAMP_WARDEN,冠军守护者
9c770b1aecd5eb4f,TID_LEAGUE_BRASS3_SHORT,黄铜3
3cd57eb1590f4dbf,TID_BUILDING_GOLD_STORAGE,储金罐
4e9812c0ac1d2b67,TID_GINGERBREAD_CHAMPION,姜饼战神
07b0c46ef84a3ba1,TID_REENGAGEMENT_CHALLENGES_ALT_1,首领，这些是您之前参加的挑战！
8b038c0df9549a9c,TID_CAPITAL_RAID_ATTACK_FAILED,无法进攻子城
10bed01a4472ae53,TID_CLANGAMES_TASK_DESTROY_DARKELIXIRSTORAGES,摧毁暗黑重油罐
4f99a670894f71eb,TID_MORE_FAMITSU,ファミ通App
fd053e84011cdd30,TID_REGULAR_THEMED_BATTLE_OFFER_INFO_TH0712_999,• <res0>圣水\n• <booster1>本战斗之书，可用于立即完成任一正在进行的部队升级\n\n• 存放礼包中的物品不受最大储量限制！\n• 该礼包在显示期间可购买4次\n• 使用这个特惠礼包带领部落创造辉煌战绩！
4733f4e09f85f706,TID_DIAMOND_BUNDLE_TH6_REVISED_INFO,• <booster1>本建筑之书\n• <res0>金币\n• <res1>圣水\n\n存放礼包中的物品不受最大储量限制！\n\n该<cffec78><value>倍超值礼包</c>只可购买\n一次，千万不要错过哦！
575ecb99bd2f1f8e,TID_GOLD2_ALT,建筑大师金币
3a6b2c2c70191bbc,TID_PRIORITIZE_UPGRADE_NOT_IN_ALLIANCE,不在部落中
42e7c0fa42f48c32,TID_LANGUAGE_LOCALIZED_NAME,简体中文
eedd07e9ae120009,TID_MOUNTAIN_GOLEM_ABILITY_INFO,轻轻一碰就可以推倒城墙。
12a7ce8079ade4d4,TID_OFFER_HAS_EXPIRED,优惠已过期
762096f88ffcabb7,TID_CLAN_TAG_CLAN_WARS,部落对战
8946ef313a122265,TID_REPAIR_PER_SECOND,每秒修复值：<number>
2c8e5aceb518dd1d,TID_DAILYLOGIN_BUTTON_CLAIMED,已领取
10469eeeaafc13bc,TID_BATTLEPASS_TASK_INFO_UPGRADE_BB_WALL,在建筑大师基地升级<num>块城墙。
2a463e1a48f2a4bc,TID_CAPITAL_RAID_PERSONAL_BREAK,强制下线
0e1869a9105421f0,TID_WAR_ATTACK_CONFIRM_INFO,请确保您已做好准备！您即将使用一次进攻机会。
72766a4243afb37e,TID_VOUCHER_CLAIM_TITLE,领取奖励
620c3fec37f801e3,TID_NPC31,狭路相逢
99e4fba2c9173695,TID_PERK_NEW,新！
5222e9c7dc381285,TID_FINISH_BUTTON,完成
b79aa02b1e1c6f4f,TID_FEEDBACK_BUTTON4,反馈意见
a2332b5327b4cbe9,TID_TERMS_OF_SERVICE_BUTTON_TENCENT,腾讯游戏许可及服务协议
6f49141f52be4d55,TID_NEWS_NEW_TROOP_TEXT,
f218b8380c6abce7,TID_STARTER_COLLECTGOLD,金币满仓
75fbab4ef1caf40f,TID_CAPITAL_PLAYGROUND_SUPER_BARBARIANS,派出<c54a0fe>超级野蛮人</c>摧毁一些建筑。
2ccdb7f88cbcd194,TID_POPUP_BOOST_VILLAGE_SPEEDUP,在<time>内，采集资源、研究和建造的速度提升至原来的<multiplier>倍！
7518025365bbd44c,TID_DIAMOND_BUNDLE_GOLD_DARK_ELIXIR_INFO,• <gems>宝石\n• <res0>金币\n• <res1>暗黑重油\n\n存放礼包中的资源不受最大储量限制！\n\n该<cffec78><value>倍超值礼包</c>只可购买\n一次，千万不要错过哦！
eda348ddaaa526cb,TID_DECO_COZY_CLAM_INFO,想放松放松、做个挖到宝藏的美梦？快到舒适贝壳里面来！和折叠屏设备更配哦！
0a732b4a3dcf8bda,TID_GHOST_CHAMPION,幽灵战神
64d54dfab4697f6b,TID_BATTLEPASS_TASK_WIN_STARS_USING_POISON_INFO,在联机模式中使用伤害药水法术赢得<num>颗胜利之星。
4fb6b49b40adee29,TID_LEAGUE_MASTER1_SHORT,大师杯1
cb99020e434f35ed,TID_CAPITAL_TUTORIAL_7,都城之巅有你需要的一切。天然温泉，舒适小屋，还有都城大本营。
aeb62d4282c5ddb0,TID_CHARACTER_SUPER_HOG_RIDER_INFO,野猪和骑士这对可怕的组合如今实力更加强劲。他们既可一起冲锋陷阵，也能分开行动，继续并肩作战。
b86a7b01fba2a41c,TID_LOCAL_NOTIFICATION_WAR_ENDS,部落对战即将结束！
c4a428e150a3502d,TID_NOT_ENOUGH_HOUSING_SPACE,兵营空间不够啦！
cc8f7ff7780af3a3,TID_EVENT_CHRISTMAS_UNIT_INFO,这一传奇兵种会让您的敌人颤栗不已！\n\n寒冰法师仅限活动期间训练。
367940a63c1cf3a9,TID_NPC_ATTACK_BUTTON,进攻
bdd13653ea2ee197,TID_ELECTROFIRE_WIZ_ELECTRO_MODE,电击模式
3215dbfdf3ca436b,TID_LOADING,正在载入
4f90353010c521c2,TID_CHARACTER_INFO_SIEGE_MACHINE_INVISIBLE,
55bd96997ed9026f,TID_DEMOTED_TO_TEXT,降级到
909ae096b3b1781e,TID_FRIEND_LEADERBOARD,排行榜
d4cdf8bdf295fcdb,TID_NEWS_CLASHIVERSARY_TITLE,首领，一同来欢庆《部落冲突》5周年吧！
671a4051877116f7,TID_STREAM_EVENT_ACCEPTED,被<name>允许加入部落
46c4e53b9bc1bd83,TID_DECORATION_LEAGUE_III_STATUE_INFO,这尊雕像的拥有者实力非凡，距离冠军之位一步之遥。
e69e3742da1e4105,TID_TO,至
d98015fde3090458,TID_VS_ATTACK_CONFIRM_INFO,请确保做好准备再开始友谊战！
08a6104129e8843b,TID_ACHIEVEMENT_LEAGUE_PROGRESS_2,进入大师杯联赛
c9b00dd3a611e310,TID_CAPITAL_ENDLESS_HASTE_SPELL,永恒急速法术
41f3c6fdb28c66a6,TID_BUY_MISSING_RESOURCES_HEADER_TWO,您需要更多的资源
8bd075267ae84152,TID_CAPITAL_RAID_RECENT_PROGRESS,最新进度：
7301b0750d105e57,TID_DARK_ELIXIR_SHOP_PACK,<number>暗黑重油
2b3371fdc72643bc,TID_NEW_CLAN_MEMBER,新成员
054f91e9f5c4161a,TID_RAID_RESULTS_FROM_DIFFERENT_ALLIANCE,在上次突袭周末期间，您没有和该部落并肩作战发动进攻。
64eb1b81fa88c9de,TID_BUTTON_SPEED_UP_REQUEST_TROOPS,马上请求！
30515e7470907dd8,TID_AVATAR_MESSAGE_CLAN_WAR_COOLDOWN_WARNING,我们进行了如下惩戒措施：您的部落和村庄将暂时无法参加部落对战。
277a13ac85c6a446,TID_SUPER_DRAGON,超级飞龙
1f692585843385f2,TID_MAP_LOCATION_6,好汉溪
35bc9666c985237c,TID_LEAGUE_STONE3_SHORT,石头3
5b0026ca1f23131c,TID_WAR_EXCLUDED_MEMBERS,被排除在外的成员：
ce83fd1cca2b8918,TID_PROFILE_LEGEND_NO_LAST_RANK,未能入围
5ce814a9846907dd,TID_BATTLEPASS_TASK_UPGRADE_HOME_WALL,加固家乡城墙
7fec57b62d2115ec,TID_CAPITAL_RAID_ALL_ATTACKS_USED,您的进攻机会已用完
249f731addaf622d,TID_CONFIRM_WORD,确认
c53419a3984a4e2d,TID_CAPBUILD_BARRACKS_DRAGON_INFO,现在想想，木头可能不太适合用来给飞龙造房子。这房子一直都没着火也是个奇迹。
19ea266323a48c7e,TID_TUTORIAL_STARTER_CHALLENGE_4,您可以在这里看到解锁各项奖励所需的积分。
89800b1475338c87,TID_CAPBUILD_SPELLLAB_GRAVEYARD,骷髅召唤法术工厂
b54b2ad54ccfcb26,TID_BUTTON_CLOCKTOWER_SPEEDUP,现在提速！
8947d7f4c3b6a37c,TID_GOLD_PASS_SCENERY_DETAILS,本次赛季的专属场景是<scenery>！
94f80e1a9c0cf7ae,TID_ALLIANCE_BUTTON_SEARCH,搜索
a609ee47edd77e8e,TID_EP_PURCHASE_BONUS,额外
6ee9752d9192b6be,TID_CHARACTER_INFO_YETI_SHORT,一个毛茸茸的家伙，有一群脾气不太好的小伙伴。
25d07c9e084f3c8e,TID_START_WAR_FAILED_PENDING_REQUEST_EXISTS,还有友谊战邀请待处理，无法发起部落友谊战！
f80f846dc9bacbe6,TID_WAR_SIZE,对战规模：<num> 对战 <num>
ebd8e623edd0f4f0,TID_PRIVACY_POLICY_BUTTON,隐私保护政策
2b0d4fab7b211ffd,TID_CAPBUILD_SPEAR_THROWER,投矛器
6aca108bb1360e2d,TID_START_MATCHMAKE_HINT,攻防兼顾！赢得建筑大师基地战斗，获取额外奖励！
2cd1d2662bf93419,TID_BATTLEPASS_TASK_WIN_STARS_USING_CLONE,分身有术
c43e91c4239098c7,TID_CLAN_SEARCH_RESULTS,显示\q<name>\q的搜索结果
b3120fcaff9d4036,TID_NEWS_BOMB_TOWER_ARMY_REVAMP_TITLE,优化军队训练系统
6d6aac1d44ea5658,TID_BATTLEPASS_PURCHASE_TEXT,使用黄金令牌解锁超赞奖励！
17a58516948e40b8,TID_TUTORIAL_ATTACK_NPC_1,来自象牙塔的法师们来帮助我们啦！让我们一举摧毁哥布林的营地！
3316aecc56910ee2,TID_DAILY_TASK_1_TITLE,每日联机战斗
50ec23afb2b1ac4c,TID_ACHIEVEMENTS_INFO_ANDROID,Google Play中也会显示您的成就
b8c1a9d7c04d4755,TID_GEAR_TITLE_ROYAL_CLOAK,隐形药水瓶
3741880239c83dcf,TID_HERO_INSTRUCTIONS,虽然生命值不高，但这位优雅的女猎手掌握着毁灭性的力量。在防御时她可以精确打击范围内的目标；而当她的皇室披风技能解锁后，她在进攻时使用该技能即可进入隐身状态，对敌军造成大量伤害！
ea34e170a38356d3,TID_CHARACTER_INFO_AD_SEEKER_FRAG,熔岩猎犬爆炸后会分裂成大量的迷你熔岩犬，这些小生物可以接着战斗。
b0083cd4a4217874,TID_HERO_BOOST_INFO,将所有英雄强化至您当前大本营所支持的最高等级。
f13ab00ad03b1081,TID_ALLIANCE_WAR_CLOSE_RESULTS_SCREEN,查看地图
96b2d53e40df9094,TID_CLANGAMES_TASK_USE_SUPER_VALKYRIES,瓦基丽之怒
0d340523540f64a7,TID_CLAN_CAPITAL_RESULTS,都城战绩：
dabfb5ff28c51f7a,TID_BUILDING_AIR_DEFENSE2,空中炸弹发射器
7bb4bd7bc9af523d,TID_FAMILY_FRIENDLY_DISABLE_POPUP,全年龄部落通过更严格的聊天过滤机制来确保玩家安全。如果您更改此设置，部分玩家可能会被移出部落。请注意：之后您将无法更改此设置。
b30534a35feb8071,TID_OFFER_CAN_BE_PURCHASED_TIMES,该礼包在显示期间可购买<num>次！
775dec367da06ad6,TID_EVENT_TOKENS,合体奖章
ae851f325d272cee,TID_STARTER_TH2_INFO_UPGRADEELIXIR,将<num>个圣水收集器升至<num2>级。
bbed8d04d54cdf3e,TID_BATTLEPASS_TASK_WIN_STARS_USING_LIGHTNING,电闪雷鸣
407c63dc77d78756,TID_SHARE_REPLAY_FAILED2,已分享过该回放
c4a5887204bbb3bd,TID_SUPER_TROOPS_INTRO_LEVEL_TITLE,练习场
9363f99ff6495f23,TID_CLANGAMES_TASK_GET_KILLS_VS_GRANDWARDEN,大守护者猎手
f71eb55413f94f0a,TID_NATIVE_DIALOG_TENCENT_ACCOUNT_CONFLICT_NO_BUTTON,不，使用原来的账号。
d2eb4125bfbed546,TID_CLAN_GAMES_NO_REWARDS_EARNED,完成至少一项挑战，同时部落积分需达到奖励临界值，才能获得奖励。
b9a59063a3c3742e,TID_STARTER_WINUSINGWIZ_INFO,在联机模式中赢得<num>颗胜利之星，每场战斗需使用<num2>个法师。
3ff13a1eb536442d,TID_CLAN_WAR_FREQ_NEVER,从不
c26822b0743720d9,TID_LEAGUE_WOOD3_SHORT,木头3
2c7ae094ae78ab23,TID_SPELL_FACTORY_VOUCHER_CLAIM_FAILED_TITLE,领取礼券失败
2921412d4692179c,TID_STREAM_REPLAY_TEXT_DEFENSE,防御了：
cea1f89b3d720d19,TID_PUSHER_INFO_SHORT,打乱进攻者精心制定的计划。
69310637421ab3ce,TID_PLAYER_PREFERENCE_INVITES,接收邀请
93ba1fe233306323,TID_TRADER_CONFIRM_TITLE,购买商品？
47eae39eba2a10be,TID_CLANGAMES_TASK_WIN_STARS_USING_EARTHQUAKE_INFO,在联机模式中赢得<num>场战斗，每场战斗需使用<num2>个地震法术。
35684a67036b47e5,TID_NOT_ENOUGH_SPACE_CC_REQUEST,部落城堡空间不足，请求的单位仍需增援。
64e6f9a8a4adeae5,TID_TUTORIAL_ARTO_COMPLETE_5,他们应该不会发现异常吧？
900d7867d527305c,TID_LEAGUE_CRYSTAL3_SHORT,水晶杯3
2236ee43f4d5a520,TID_SELECT_LEAGUE_PARTICIPANTS,选择联赛成员
34fef33f5fb66745,TID_LINK_NEW_DEVICE_TITLE,关联另一设备/账号
ab5d8248bd069da6,TID_ACHIEVEMENTS_VILLAGE3,部落都城
4ada50110c69d328,TID_NPC_CHALLENGE_TH7_DRAGON_DRAGONS3,派出剩余的<c54a0fe>飞龙</c>。
ade4a0dd98ca14b2,TID_CLANGAMES_TASK_INFO_WIN_STARS_VS_TOWNHALL_7,在联机模式中进攻7级大本营村庄，并赢得<num>颗胜利之星。
5c1fc5d7661d7c74,TID_NEWS_TH11_UPDATE_LOOT_TEXT,• 大本营现在储存大量可获取战利品 - 在战斗中摧毁它就能获得丰厚奖励！\n• 有史以来最丰厚的联赛奖励，奖励与您的摧毁程度成正比\n• 联赛等级越高，获得的奖杯就越多，损失的就越少。
9ff5bf91eab8357f,TID_CLAN_STAT_DEFEATS,失败次数：
a9bfc8cbc313ceed,TID_BOOST_ALL_RESOURCES,所有资源采集器
d144021ce8de6955,TID_TUTORIAL_WAR_INFO_1,请点击信息按钮了解更多信息。首领，部落靠您了！
da824223fa4e9d83,TID_GEAR_TYPE_POTION,药水
bd79c69999d107d9,TID_EP_RECEIVED,已获得活动令牌！
ede1737d08a88e38,TID_INVALID_NAME,名称无效，请尝试其他名称。
555db4bfdb9d0436,TID_MAKE_SKIN,玩家创意皮肤。\n\n皮肤创意：\n<cff8000><CREDIT></c>
fbe5760da78a0422,TID_WL_BONUSES_BEING_SENT,正在发放额外奖励！
366ffe536d521cbd,TID_SHUTDOWN_STARTED,系统即将开始维护，游戏将在5分钟后关闭。很抱歉，在此期间不能发起进攻。
7cd5f3b2302b6633,TID_CAPITAL_ENDLESS_HASTE_SPELL_INFO,永久提升部队的速度！\n\n施放该法术会产生一个急速光环，穿过该光环的单位会获得加速效果，一直持续到当场战斗结束！
7c817cc9cdd1a0f4,TID_DARK_ELIXIR_BARRACK,暗黑训练营
d617a035aa6e5de4,TID_LEAGUE_EMERALD1_SHORT,绿宝石1
d3cf7ffd48e7fe13,TID_BUTTON_RATE_APP_REVIEW,评论
64a0bfc2fc2babb9,TID_START_WAR_FAILED_ALREADY_IN_WAR,您的部落已在对战中，无法发起新的对战！
700a7ec0a335270b,TID_GAMES_TASK_REVIVE_CONFIRM_TITLE,延长时限？
f85e1a50d8314261,TID_LINK_SAME_PLATFORM_TITLE_ANDROID,与Google账号同步
acad1e1b7757d43c,TID_CHANGE_NAME_TITLE,更改名称
056a4b73d14a770e,TID_DECORATION_SWORD_IN_STONE,冠军雕像
30b1adcc6804f17c,TID_HALLOWEEN_INFO_SCREEN_ITEM2,领取包括万圣节兵种和加成在内的奖励
afacc9dbd5d31ada,TID_BUTTON_DISABLED_PICK_A_REWARD,从一列已解锁的奖励中选择一项。
30d177a123ad90a5,TID_BOOSTER_MAX_LEVEL_ARMY_INFO,这瓶气味浓烈的魔法药水会在1小时内暂时将您的部队、法术和攻城机器强化至您当前大本营所支持的最高等级。在家乡和建筑大师基地都可使用！
a3ab9e5503083469,TID_RESOURCE_CAP_FULL_GENERIC,建造更多资源仓库或升级已有的资源仓库！
145665d2e111c9cd,TID_TRAP_MINE,隐形炸弹
51377c76b43a85e3,TID_ALLIANCE_WAR_EDIT_MEMBERS,选择参战人员
fe8eaf8ccf44792c,TID_FACEBOOK_BOUND_TO_OTHER_ACCOUNT_TITLE,Facebook警告
d16519f83d1f9082,TID_BATTLEPASS_TASK_INFO_USE_GOBLINS,在联机模式中使用哥布林赢得<num>颗胜利之星。
a54ecf83720ae02e,TID_DIAMOND_BUNDLE_TH6_INFO,• <gems>宝石\n• <res0>金币\n• 1级空气炮\n\n礼包中的建筑无需花费建造时间，存放礼包中的资源不受最大储量限制！\n\n该<cffec78><value>倍超值礼包</c>只可购买\n一次，千万不要错过哦！
1f606936a5680c10,TID_TUTORIAL_FORGE_CRAFTING_1,建筑工人还可以将现有的资源铸造成都城金币。
fa3d7ed11f069266,TID_SIEGES_FEATURE_DESCRIPTION,攻城机器是在攻城机器工坊中建造的特殊武器，可以装载部落城堡中的部队。
0135f432a366a00e,TID_LAYOUT_CHANGED_ERROR,该阵型不久前被编辑过，<time>后可再次使用。
c2362df3a27b4409,TID_BUNDLE_GEMS_CONFIRMATION,<ce53cff><amount> 宝石已收到！</c>
e5aee0f9161770ef,TID_DIAMOND_BUNDLE_BH5_INFO_ALT,• <gems>宝石\n• <res0>圣水\n• <res1>金币\n\n存放礼包中的资源不受最大储量限制！\n\n该<cffec78><value>倍超值礼包</c>只可购买\n一次，千万不要错过哦！
85463bd6cea6cc2c,TID_DAILYLOGIN_DAY,第<day>天
65a818a7dfd3f9ea,TID_PROFILE_FRIEND_REQUEST_SENT,已发送好友请求
84e02bb7d4fb3c4f,TID_HINT_HERO_GRAND_WARDEN,大守护者掌握了神秘的神器，能让周围的部队更加强大。
e94e9bd5f68e86ce,TID_NPC_CHALLENGE_TH6_GIWIWA_WIZARDS1,趁防御建筑在攻击其他部队，派出<c54a0fe>法师</c>！
9d36597f1ebee670,TID_CHARACTER_WATER_DRAGON,水龙
e94eb30d504acdd1,TID_UNABLE_TO_WATCH,该玩家目前不在战斗中。
be7a48a5efd95900,TID_PRESET_CREATE_EDIT_TITLE,更换友谊战军队配置
518942cfd61837f8,TID_BARBARIAN_KING_INFO_SHORT,个头最大、最凶狠、最强悍的野蛮人。
4e7fd914589d7cda,TID_NPC77,力量之戒
b213441b9159e28d,TID_CLAN_MIN_LEVEL,最低部落等级
3f4b00dea941c7e5,TID_COPIED_TO_DEVICE_CLIPBOARD,标签已复制到设备剪贴板！
15663f898256f857,TID_ALLIANCE_MAIL_NOTIFICATION,您有一封新的部落邮件！
50d4a1695f334c4a,TID_POPUP_SOCIAL_LIST_TITLE,社交
f98390e8dc298885,TID_PRIMAL_QUEEN,原始女皇
7b90213b6c57ec68,TID_CLAN_WAR_LEAGUE_JOIN_BUTTON,加入联赛
7e18912787108e8d,TID_CAPBUILD_GUARDPOST_DRAGONS_INFO,超级飞龙领地意识极强，任何来犯之敌都逃不过它们的龙息炙烤。
842477521fa80892,TID_BUILDING_CUSTOMIZE_SCREEN_BUTTON_SAVE,应用
f160f1603eed87f9,TID_EVENT_PASS_PURCHASE_TEXT,购买活动令牌以获取更多奖励！
4eb99b38aadaa0f2,TID_UPGRADE_INFO_DPS,<old>每秒伤害值 (+<num>)
38e39aaa60d7d5de,TID_PRIZE_SHOP_ITEM_PURCHASED_TREASURY_MULTI,<num>x<item>已添加至您的大本营
ad4877aab2259b78,TID_WL_INFO_SIGNUP_TITLE,部落对战联赛
c47f93c39c177227,TID_MONTH_3,三月
5e10df60e2e131fe,TID_ACHIEVEMENT_WL_STARS,在部落对战联赛中通过进攻为部落赢得<number>颗胜利之星
7a6574d7edcb1245,TID_BP_PERK_SAVINGS_MULTIPLIER_DESC,存入月度挑战资源箱中的资源数量为所获得战利品的<num>倍。
aab9f2118c0b0cec,TID_CLANGAMES_TASK_USE_SUPER_BARBARIANS,狂野秀发
e5fb7eab5d99a439,TID_ALLIANCE_GAMES_REWARDS_AFTER_END,部落竞赛结束后，您可以从每一列已解锁的奖励中选择一项奖励。
af8d784f454f0290,TID_RAID_WEEKEND_TOTAL_ATTACKS,总进攻次数：
ff3bc3dd4f8399a3,TID_CHALLENGE_TH7_DRAGON,火从天降
b8b0cd0225c2a6a7,TID_RESOURCE_STORAGE_FULL,您的<res>储量已满。
8b2b3582c62bf44f,TID_LABORATORY_HINT,选择升级对象
b448caffeb4a3dd3,TID_HINT_OBSTACLES,清除岩石和树木等障碍物将有机会获得宝石哦。
a7a98af4338601ed,TID_CLANGAMES_TASK_USE_INFERNO_DRAGONS,烈焰灼烧
36c66585fa551d24,TID_DIAMOND_BUNDLE_TH6,6级大本营礼包
3de920f932693631,TID_ACHIEVEMENT_REPAIR_BUILDING_TITLE,隐藏的宝藏
b1b73b8e9d54de5f,TID_SPEEDUP_INFO_SHORT,有了急速法术，再慢的部队也能快起来。
547898846b173cbf,TID_ACHIEVEMENT_LOOT_GOLD_TITLE,抓金手
ef971c7cf731d317,TID_STREAM_DONATE_BUTTON,增援
0f860e242126bd45,TID_PET_MELEEJUMPER,莱希
e3d6313589f6ffca,TID_OFFER_PURCHASE_PENDING_ERROR,系统正在处理您的订单。
10581742ff82341b,TID_POPUP_BOOST_HERO_REST,要在<time>内将英雄的恢复速度提高至原来的<multiplier>倍吗？
03d59fa829be28ac,TID_HERO_ABILITY_BARBARIAN_DESC,野蛮人之王施展铁拳出击技能后，将恢复大量生命值并进入狂暴状态，提升自身移动速度和攻击力，同时他还会召唤出一群狂暴的野蛮人一起并肩作战！
63add8796e078e32,TID_LINK_NEW_DEVICE_OLD_BUTTON,这是原有设备
f5b7b7638f79514f,TID_LIVE_SPECTATOR_COUNT,观战人数 <num>
3128912f0c6eb350,TID_ERROR_POP_UP_LOGIN_FAILED_TITLE,登录失败
c41702a4d9139cf9,TID_BUY_GUARD_HEADER,要购买村庄守卫吗？
a503a2edf22d0c72,TID_GEAR_VAMPSTACHE,治疗胡须
ccf1829390e74be2,TID_NEWS_UPDATE_DARK_SPELLS_TEXT,
b21f6f436d23df92,TID_HERO_INSTRUCTIONS_BARBARIAN,这个大块头能吸收大量伤害，也会摧毁所有拦路之物。他在防御时会拼命守护领土；一旦解锁铁拳出击技能，他就能在进攻时释放出恐怖的力量！
5f5c9bb5d1955440,TID_TRAINING_SCREEN_DARK_SPELLS,暗黑法术工厂
b39a29242aeb2832,TID_BATTLEPASS_TASK_INFO_START_ANY_UPGRADE,在家乡或建筑大师基地开始<num>座建筑的升级。
0e2dccf1fc2305ea,TID_DEVICE_LINK_ERROR_ALREADY_BOUND_TO_ALL_PLATFORMS_TITLE,已关联！
1d15f2b309e6deab,TID_SCENERY_CLASHY_CONSTRUCTS,部落工坊
822fba396cddce4d,TID_DIAMOND_BUNDLE_MAGICITEMS_HERO_LEVEL_PACK_INFO,• <gems>宝石\n• <res0>暗黑重油\n• <booster1>本英雄之书\n• 存放礼包中的物品不受最大储量限制！\n\n包含升级野蛮人之王或弓箭女皇所需的一切！\n\n千万不要错过哦！
291af9f333a52817,TID_NOT_ENOUGH_WORKERS_TEXT_MASTER_BUILDER,让建筑大师完成他手上的工作，开始新的工作？
5e6e44aa04d8e333,TID_CLANGAMES_TASK_INFO_CLEAR_OBSTACLES,在家乡和建筑大师基地中移除<num>个障碍物。
77132c1077546df5,TID_THUPGRADE_COMPLETE_INFO,您获得了以下加成：
8f2d5bdac10cbfa4,TID_ROCKET_BALLOONS,火箭气球兵
5a6d1a31852945e6,TID_NUMBER_SEVEN,7
93b7a20ceefc3ea5,TID_WAR_STATS_HEADER_DEFEAT_BASES_SHORT,击败敌军基地
8a026f185e5dd9ce,TID_CLANGAMES_TASK_INFO_DESTROY_SPELLFACTORIES,在联机模式中摧毁<num>个<building>。
3b27e2602ba8c2c3,TID_NO_CAPITAL_ARMY,进攻前请选择您的都城军队
c914cef2f19e4cd4,TID_PRIVACY_CONTROLS_BUTTON,隐私控制
c552ed69ef983a5d,TID_NEWVILLAGE_LOG_INFO,等待对手完成进攻。进攻最佳的一方获胜！
0b13a0eacd557f0f,TID_MULTIPLAYER_STAR_BONUS_BOOST_ACTIVE,<c66CC00><num>倍胜利之星奖励加成！</c>
7a3fb27852dce12d,TID_BUILDING_AIR_DEFENSE,防空火箭
0e6dc739a9fabd43,TID_ALLIANCE_DATA_FAILED_DELETED,该部落已被删除，无法加载。
5e0cc68e122ac791,TID_TAGS,玩家个性标签
dbad8ca49d4d4719,TID_POPUP_CANCEL_GOBLIN_CONSTRUCTION,确定取消建造<item>吗？取消后，支付给哥布林建筑工人的宝石不会返还，且只会返还<number>%的资源花费。
b1e2a7471f483aa8,TID_BOARRIDER,野猪骑士
bd16027961d02104,TID_NPC58,毕业典礼
938a1ddceeabb693,TID_SPELL_FACTORY_NOT_UNLOCKED,尚未建造该法术工厂
87bda801a1dae618,TID_ACHIEVEMENT_CLEAR_OBSTACLES_TITLE,清爽整洁
fd134f40a0b0607d,TID_SUPER_TROOP_ACTIVE_TIME,有效时间
3418e51796e35d12,TID_NPC78,诱敌缺口
30efde6c253aefb7,TID_BOOMBOX_EVENTS,活动
ae0bbdba0d4872c7,TID_NPC_CHALLENGE_TH11_EDRAG_ARCHER_QUEEN,部署<c9916c8>弓箭女皇</c>让其他部队顺利攻入基地内部。
27ff9ba1ab0d05f6,TID_HELP_TRAINING_TROOPS_HELP_POPUP,您可以在队列中训练额外的部队，当您的兵营有剩余空间时，这些兵种将会自动补充至军队！\n\n请注意：如果您有训练营正在建造或升级，训练部队的速度将会减慢。
dcfc4b92e3cd6265,TID_ELIXIR_SHOP_PACK,<number>圣水
26aa3e195c5e59b2,TID_WAR_PERSONAL_INFO,您想加入部落对战吗？其他部落成员可以看到您的偏好设置。
e14036850980aaf7,TID_LOCAL_NOTIFICATION_EVENT_STAR_BONUS_4X,首领，4倍胜利之星奖励的活动开始啦！
8faf9535ca44f4b1,TID_YES,是
f65d9d89f4d88ce2,TID_OBSTACLE_STONE,石头
d486d8183205f99f,TID_BIND_TO_NEW_GOOGLE_SERVICE_ACCOUNT,您想用这个Google账号保存当前游戏进度吗？
b19de05a89cced42,TID_RAID_WEEKEND_SIGN_UP_NOT_ENOUGH_TIME,突袭周末即将结束，来不及报名啦！
e9bb12531c5e213a,TID_OBSTACLE_ROOT_LARGE,大树根
6489effd4765e219,TID_HINT_MORTAR_DAMAGE,迫击炮能对地面部队造成溅射式伤害。
888e690a6a09d0c9,TID_BP_UPCOMING_TASKS_HEADER,<time>后开启
52ae17474b0e2b75,TID_DIAMOND_BUNDLE_BUILDER_INFO,该礼包含有<gems>颗宝石和一个免费的建筑工人！
4d71e651f833f82e,TID_ALLIANCE_WAR_PERSONAL_LOOT_RESULT,获得的部落对战奖励
00c68fe58aecad03,TID_POPUP_REMOVE_TROOP_AND_SPELL_TITLE,要移除部队和法术吗？
718df7830bd54afd,TID_TUTORIAL_ELIXIR_CART_2,好的防御和好的进攻同样重要！这很公平！
25d4048744302749,TID_CAPITAL_RAID__WEEKEND_STARTED_NOTIFICATION,突袭周末开始啦！进攻对手的部落都城，勇攀胜利高峰！
1d8856e536642834,TID_BOOSTER_SUPER_POTION_ALT_2_LINE,超级药水
de81900dae59ad9b,TID_FEATURE_SPELLS_DESC,在法术工厂里配制一瓶瓶神奇的魔法药水，助力您的部队夺取胜利。
d2d0de4487b1f232,TID_ALLIANCE_RAID_ATTACK_FAILED_ALL_ATTACKS_USED,突袭周末的进攻机会已全部用完
744810da31e8370b,TID_SPEED_UP_HERO_HEALTH_HEADER,立即治愈！
8344aa4d3c4290a1,TID_MASTER_WARDEN,宗师守护者
c2f2620569d2a8ea,TID_SHOP_PURCHASED,已获得
64c44071c456bfbd,TID_BUTTON_ATTACK,进攻！
263a80493e7dd898,TID_CAPITAL_PLAYGROUND_WALL_EXPLANATION_2,因此他们需要先摧毁城墙来接近<cf70d16>加农炮</c>。
ef12d303c869293c,TID_HINT_WALLBREAKER_TARGET,炸弹人会炸毁城墙为部队开路，以便让主力部队更好地攻击敌军建筑。
a3996800849e0e11,TID_PROFILE_BEST_WAR_STARS,赢得的胜利之星：
92104557fdfda00a,TID_PUSH_UNDER_ATTACK,您的村庄正在遭受<attacker>攻击！
6eb08aa2aae018d0,TID_SETTINGS_TROOP_REQUEST,只显示相关的增援请求
844fdaad91306ec0,TID_CAPBUILD_BARRACKS_SUPER_MINER,超级矿工训练营
4c64f33b6fb2ef33,TID_CLANGAMES_TASK_USE_MINERS,矿工行动
eec812d66a93e246,TID_TROOP_REQUEST_SPEED_UP_SUCCESS,部落城堡已准备好请求增援！
d16d32cc4b4cc7c1,TID_POPUP_BOOST_VILLAGE,在<time>内，采集资源、研究和建造的速度提升至原来的<multiplier>倍！\n\n每<cooldown>可免费提速一次！
8c449d7c49dcef3b,TID_USE_TROOP_EVENT_ACHIEVEMENT_NAME,使用<unit>
28a41914db95bceb,TID_ABILITY_COOLDOWN,冷却时间<number>秒
553e664032c46389,TID_TRAINING_SLOTS,训练地点：
222994c9b6e24bef,TID_NO_FACEBOOK_FRIENDS,找不到玩《部落冲突》的Facebook好友
4e80f4472b3430a9,TID_SUMMER_SCENERY,夏日海滨
e4db1fc7a4ff82d6,TID_SUPER_WIZARD_ABILITY_HELP,超级法师的新式火球威力惊人，击中目标后可溅射伤害附近其他目标。
67b127e3a9276098,TID_GEAR_UP_MORTAR,将这座迫击炮改装成多管迫击炮，它发出的一连串炮弹能造成更大范围的溅射伤害！
50533da989c35c02,TID_CHARACTER_INFO_RIDER_SHORT,跃过城墙，用锤子摧毁防御建筑。
ac9249b70c63cccc,TID_TOWN_HALL_12_INFO_SHORT,一座有着惊人电力的大本营！
1b8bab528d785afb,TID_CLAN_GAMES_THEME_AUTUMN,秋季竞赛
59f4db9544bd8bcf,TID_NPC_CHALLENGE_TH9_BABYDQW_SPELLS,使用剩余的<cf07bf8>狂暴法术</c>和<cffe346>疗伤法术</c>帮助部队完成进攻。
df861d2f902ea67e,TID_CAPBUILD_ROCKET,火箭炮
ae6e7beb77c33c68,TID_FEATURE_LABORATORY_DESC,派实验室里的法师升级您的军队，让他们变得更强！
570b2bf821e14eef,TID_ALLIANCE_DEFAULT_TROOP_REQUEST_MESSAGE,救命啊！我需要增援！
bf814f228dfd6eea,TID_NPC_CHALLENGE_TH8_GOWIVA_VALKYRIES,派出<c54a0fe>瓦基丽武神</c>，她们很适合对付密集排布的建筑群。
296af6248ab12f50,TID_CLANGAMES_TASK_INFO_DESTROY_MORTARS,在联机模式中摧毁<num>个<building>。
eced8c25595d1301,TID_TIME_LEFT_NONE,即将开始！
8c4fe22c41af89b5,TID_CAPBUILD_GUARDPOST_GIANTS_INFO,超级巨人跃跃欲试，准备给入侵的敌军一顿痛揍。
861e6c884d62c14d,TID_MULTIDEVICE_INFO_TENCENT,要在多台安卓设备上玩同一个村庄，请登录同一个微信或QQ账号。
36a25a8fdc70db30,TID_COPY_ARMY_CANNOT_TRAIN,您无法训练该军队配置
56ee4fc72112ae67,TID_BATTLEPASS_TASK_INFO_DESTROY_TOWNHALLS,在联机模式中摧毁<num>座大本营。
d16d7b1723e52c50,TID_CLAN_GAMES_THEME_CNY_2018,节日竞赛
d85599602e0a6e89,TID_SPOOKY_SCENERY,惊魂场景
b4798fe084ad4a92,TID_LEAGUES_II,2
78a2e7a8f0b690a1,TID_BP_PERK_RESEARCH_BOOST_DESC_STARTER,减少在实验室中升级兵种、法术和攻城机器所需的资源和时间。
0dd094ef9f39d2f5,TID_CHARACTER_INFO_ELITE_BARBARIAN,生命值更高、力量更强、速度更快，最重要的是秀发更浓密。成为超级野蛮人是每个普通野蛮人的梦想！
05e74a1badf67665,TID_FORCED_TO_STAGE,必须在第<stage>区域放置<name>。
2b21ac5b21bdaf33,TID_CLANGAMES_TASK_WIN_STARS_WITHOUT_SPELLS,法术禁区
ca066d333ddcedc8,TID_ALLIANCE_GAMES_THANKS_FOR_PLAYING,部落竞赛已结束。感谢您的参与，下次再见！
08ed7083a293b064,TID_WL_BUTTON_SEND_BONUSES,发放额外奖励
c3c02583e48f0e79,TID_ACCOUNT,设备
5084dbb281c4dd12,TID_ATTACK_IN_PROGRESS,正在进攻
8ae21bf3c57f54bc,TID_STREAM_SHARED_ARMY,分享了一个军队配置
7862d9ef16736875,TID_CLANGAMES_TASK_INFO_DESTROY_INFERNOTOWERS,在联机模式中摧毁<num>个<building>。
95ab7803a210313b,TID_DECORATION_DOWNARROW_FLAG,集合旗
ecbe0f60a828bab8,TID_REQUIRED_TOWN_HALL_LEVEL,需要<number>级大本营
b3dc50b0287b06ed,TID_CAPBUILD_SPELL_STORAGE,法术仓库
6851e64275699b4e,TID_SKIN_THEME_ANNIVERSARY,<year>生日限定皮肤
82cbc4828aa71b6a,TID_BOOMBOX_FOR_YOU,为您推荐
a65c533fc12d7f8e,TID_ADD_FRIENDS_INFO_REQUESTS_KUNLUN,在其他玩家的简介页面可将其添加为好友。
a1dca0ba5582df84,TID_BATTLEPASS_TASK_INFO_WIN_BATTLES_USING_BARBARIANS,在联机模式中使用野蛮人赢得<num>场战斗。
37a63d933cf1a448,TID_BUILD_TRAINING_GROUNDS,请先建造兵营
068a7756f8d83914,TID_CHANGE_NAME_BUTTON,更改名称
6e692515eb19116d,TID_MAX_TROOP_LEVEL,最高等级
023148883dcc79f2,TID_SCID_GIFT_ACCEPT_BUTTON,接受
eddea5c044142c94,TID_HULK_BIG,狂暴浩克
409e5cecd57e56c1,TID_CLAN_TAG_CLAN_GAMES,部落竞赛
38191c2d3544f763,TID_WL_LEADERBOARD_BRACKET_POS2,小组第2名
13e70e6fb88b4bc1,TID_ACHIEVEMENT_ACTIVATE_SUPER_TROOP,启用超级部队<number>次
7f0980ec44e3556a,TID_ALLIANCE_WAR_EVENT_75PERCENT_DESTROYED,摧毁75%！
1dde9c0f79f1b97d,TID_BATTLEPASS_TASK_INFO_USE_ELECTRODRAGON,在联机模式中使用雷电飞龙赢得<num>颗胜利之星。
ba568e26d44d0bda,TID_STAR_BONUS_WINDOW_TITLE,胜利之星奖励
8c979a52e9654c65,TID_TRAP_SANTA_INFO,给敌人制造一份特别的惊喜。您的慷慨定将获得回报！
6210f7b68429c09e,TID_VIEW_PLAYER_ON_WAR_MAP_BUTTON,在地图上查看
064cfb0a03b988fb,TID_ERROR_POP_UP_BANNED_BUTTON_CONTACT_PS,联系玩家支持团队
a969ae9ccea53ca7,TID_WAITING_FOR_BATTLE_CODE,等待代码...
2db104e5e4dffbf7,TID_GEAR_PROTECTIVE_CLOAK,皇家宝石
767eb1301b302c3d,TID_NPC18,充气城堡
5dbb1937ecce3e04,TID_OBSTACLE_ROOT_SMALL,小树根
4c0cd30428f3ed58,TID_CREATE_PRESET_INFO,添加部队和法术，保存军队配置
ed5c276c035192d9,TID_KICK_FAIL_CAPITAL,您在部落都城时无法踢出玩家。
43c5f5bc6f378dad,TID_DECORATION_PIRATE_ANCHOR_INFO,有一天，船锚因为绳索被砍断沉到海底，嵌入了岩石中。这么多年过去了，要让船锚一直维持原样可不是件容易的事。
2986e6dd4f79299f,TID_ME_BONUS_POINTS_TITLE,<soft_currency>
12398f4d82e6bdee,TID_BUILDING_GEM_MINE,宝石矿井
1c0a4fabc630443d,TID_UPDATE_TROOP_LEVEL,升至<number>级
c7ff4e9d70408ff4,TID_DECORATION_CLASH_FEST_22_STATUE_INFO,这熊熊燃烧的可是永恒烈焰？
1ba3476b35684a1e,TID_ACHIEVEMENT_LOOT_CAPITAL_TITLE,都城大发展
02b25a674d429302,TID_LEAGUE_COPPER4,红铜联赛4
4e95cb08e65bd915,TID_STARTER_TH4_WINSTARSPRACTICE,循序渐进
9b135893839f0251,TID_TRAINING_SCREEN_QUEUE,队列
c77bee65a17ba919,TID_CAPBUILD_GOBLIN_OUTPOST,哥布林前哨基地
5f1f3477470302de,TID_CLANGAMES_TASK_CLEAR_OBSTACLES,园艺大师
a5b61160f6f2c5ea,TID_WEAPON_TOWN_HALL_14_INFO,巨型地狱之塔会让敌军觉得自己就是一团向篝火发动攻击的棉花糖。经过技术升级后，它现在变得更加强大，被摧毁时会释放伤害气体，对附近敌军造成伤害并使其减速。
0462f1a33ff7c52d,TID_ATTACKER_GOT,进攻方获得了：
e1a9f4515ba57335,TID_LEAGUE_EXACT_SIZE,选择<num>名成员参战
b2f19b92f60d0e3a,TID_DIAMOND_BUNDLE_MAGICITEMS_SPELL_LEVEL_PACK,法术升级礼包
5880ae6e6c104e8a,TID_6ANNIVERSARY_OFFER_MAGICITEMS_BOOK_AND_GOLD_ELIXIR_INFO_999,• <res0>金币\n• <res1>圣水\n• <booster1>本建筑之书，可用于立即完成任一建筑的升级\n\n• 存放礼包中的物品不受最大储量限制！\n• 该礼包可购买20次！\n\n限时生日礼包，千万不要错过哦！
bcc93b677d3b5c4f,TID_CHAT_UNAVAILABLE,聊天功能被禁用<time>。
945447356e28983e,TID_BALLOON_CARRIER,骷髅气球
a1cf96501c1b2afb,TID_FEEDBACK_INFO6,\n
c9e69afcd524b59a,TID_HINT_GUARD,在村庄守卫期间您的村庄不会遭受攻击，并且向他人发动进攻不会扣除守卫时间。
9930e8cf3f297a07,TID_PET_PHOENIX_ABILITY_INFO,在跟随的英雄快被击倒时，凤凰会破壳而出，让英雄暂时免疫伤害。
8bdc610d2f198636,TID_GIFT_AVAILABLE_STREAM_TEXT,一位部落成员送出了礼物！
d11e57a803ace01c,TID_LAYOUTS_ACTIVE_WAR_BASE,启用的战争基地阵型
51a5428da50dc466,TID_BOOSTER_USE_BUTTON,使用
e739625fbbbac8c6,TID_FEEDBACK_INFO5,请提供关于您丢失的村庄的以下信息。\n村庄具体名称：\n大本营等级：\n经验等级：\n村庄所在部落名称（如果存在）：
6f235a1ce170c044,TID_TENCENT_LOGIN_THIRDPARTY,《第三方信息共享清单》
5010d405b9f35306,TID_STARTER_TH2_INFO_LOOTGOLD,在单人模式或联机模式中共获取<num>金币。
826e03d7da8db0da,TID_PLAYER_HOUSE,部落营房
56d2defcfb7330b9,TID_INFO_TARGET_TYPE_UNITS,部队
6af98b9c29d367a1,TID_INFO_THROWING_POSITION,部署位置：
0cb5edef8275a867,TID_SHARE_DIALOG_COPY_ALERT_BUTTON,确定
fbe5eac7b614b65c,TID_PROFILE_LEGEND_BEST,最佳：<year>年<month>赛季
cb8a1c07663916b1,TID_DIAMOND_BUNDLE_MAGICITEMS_HERO_LEVEL_PACK,英雄升级礼包
2f680681fc980e67,TID_ALLIANCE_MAIL_FAIL_COOLDOWN,很抱歉，您需要等待一段时间，才能再次发送邮件。
8cbeb00d52d6e9fd,TID_DARKTOWER_AMMO_FILL_CONFIRMATION,地狱之塔已准备就绪！
7724fea84c8ce111,TID_GUIDANCE_WRONG_UNIT,请选择正确的兵种或法术！
db5b5f93dca69874,TID_CLANGAMES_TASK_USE_SUPER_GIANTS,最强巨人
937e0cd62740bb08,TID_RAID_WEEKEND_OVER,突袭周末已结束
603a8d0d10a26608,TID_BOOSTER_STAR_POTION_OFFER_INFO,<num>个建筑大师星瓶 - 可立即激活建筑大师基地的胜利之星奖励。
aa5c70a803a78fa2,TID_NEWS_RABBIT_TEXT,火球可不是法师唯一会的技能哦。快来看看他还有什么别的能耐。
2da6d3745c3c839c,TID_ACHIEVEMENT_VS_BATTLE_TROPHIES_COMPLETED,建筑大师基地战斗奖杯记录：<value>
e63b51b266db3b18,TID_CLANGAMES_TASK_INFO_DESTROY_ELIXIRPUMPS,在联机模式中摧毁<num>个<building>。
c6bf838ec55bab8d,TID_ALLIANCE_LIST_HEADER,部落
68c34da620e7e843,TID_HINT_TESLA_TARGET,特斯拉电磁塔可以攻击陆空部队。
89d3be4e342e0aa0,TID_RAID_MAP,突袭地图
50c225362cbdf5eb,TID_TUTORIAL_WORKER_MENU3,非常好！我们现在是队友了！说不定哪天我会去你的另一个家瞧瞧并且......呼呼......
41e9e4b0c1ac9758,TID_USE_TROOP_EVENT_ACHIEVEMENT_DESC,活动挑战：在联机模式中获胜！\n<cffec78>• 必须使用1个<unit></c>
a5ac77250b6394b3,TID_LEAGUE_SILVER2,银杯联赛2
f139ae568b58b766,TID_CLANGAMES_TASK_INFO_DESTROY_BB_WALLS,在建筑大师基地战斗中摧毁<num>块城墙。
85a0d6b8eb4343e1,TID_BUTTON_RESET_NOW,立即获取更多！
3851fca734e71903,TID_BATTLEPASS_TASK_INFO_WIN_BATTLES_USING_BATTLE_BLIMP,在联机模式中使用攻城飞艇赢得<num>场战斗。
ed762b887816094f,TID_DECORATION_FLOWERBOX1,矢车菊
1b971cd9abc21fb2,TID_PERSONAL_WAR_PREFERENCE_BUTTON_LABEL,部落对战
b14fe414b33202e2,TID_HINT_STAR_BONUS,每天可通过在联机模式中获胜赢取一次胜利之星奖励。
5f51aee14c4454b8,TID_ACHIEVEMENT_NPC_STARS3_TITLE,消灭超多哥布林！
e0e6a456a2a7bbce,TID_NPC_CHALLENGE_TH9_LAVALOON_HASTE1,施放<cf07bf8>急速法术</c>让这些速度较慢的空中部队飞得更快，迅速靠近<cf70d16>空气炮</c>。
2376add9f8a3c94c,TID_CLAN_WAR_FREQ_MORE_THAN_ONCE_WEEKLY,一周两次
ea82f2f73f5ec00a,TID_DIAMOND_BUNDLE_MAGICITEMS_SPELL_BOOK,法术之书礼包
1bd28ea3366c67b6,TID_EVENT_SPELL_INFO,配制<troop>可享受折扣！
8b9f7b6c111368c0,TID_FAQ_BUTTON,帮助与支持
febbcd824d633d35,TID_NPC33,非常大酒店
95e2020467b40c86,TID_INFO_FORGING_TIME,配制时间：
c46fb14032f94ec2,TID_MEMBERS_SORTED_BY_TOWN_HALL,按大本营等级递减
acb89ea6d2b38aad,TID_BP_PERK_UNLOCKED_IN_REWARDS,可前往奖励界面领取升级
44074e250a9035b9,TID_REENGAGEMENT_BUILDER_3,建筑工人还列出了接下来可以建造的项目。
26b6ab9abb8115a1,TID_CHARACTER_INFO_HEADHUNTER,英雄猎手在战场上只有一个任务：消灭敌方英雄。此外，她还在村庄药剂师那儿兼职。身体轻盈的她能轻松跳过城墙，而且她的兵器可以减缓目标的移动速度和攻击速度。
cd4f6bbfc7c78763,TID_EVENT_TITLE_END_OF_SUMMER_OFFER_TH0712,暗黑力量礼包
d07462f147d2b444,TID_SPECIAL_OFFER_INFO_BUILDERBASE_ANNIVERSARY_1999,• <booster1>块建筑大师金币符石\n• <booster2>块建筑大师圣水符石\n• <booster3>本战斗之书\n• <booster4>本建筑之书\n\n• 存放礼包中的物品不受最大储量限制！\n• 该礼包可购买10次！\n\n这个超值礼包可以助您升级各种项目！
b62de7b23750a3ec,TID_BOB_TASK_TROOP_FLUFF,要建造一台与暴力毫不相干的机器人，却要先研究最可怕的部队。这要求好像挺奇怪的，确实奇怪。
cfd0370d5762c755,TID_HUD_DEFENDER,防守
93cc3d18dcb79610,TID_TUTORIAL_ATTACK_NPC_BUTTON,进攻！
763f758a007609cc,TID_CLANGAMES_TASK_USE_BOXERGIANTS,巨人拳击手出击
80f49027b0b6c546,TID_NPC_CHALLENGE_TH12_YETI_INFO_WARDEN_WALK,<c9916c8>大守护者</c>的主要目标是清理角落和摧毁<cf70d16>地狱之塔</c>。
0547b76a614011b0,TID_CHARACTER_INFO_SUPER_WIZARDS,你知道吗，一群超级法师聚在一起就会觉得自己天下第一！他们尤其擅长轰炸靠在一起的建筑，但并没有他们自己想的那么强壮！
62188c8998f32345,TID_UPGRADE_WINDOW_NOTE,注意！
a872c96f2e948820,TID_ALLIANCE_WAR_ATTACK_FAILED_TARGET_NOT_IN_WAR,您是在开战后才加入部落的，无法参与本次部落对战！
bc7d70a4b870cce9,TID_STAR_BONUS_BOOST_INFO,通过联机模式获胜赢取的胜利之星奖励，将变成原来的<starbonus>倍！
2c9bde81688f85cc,TID_PRIORITIZE_UPGRADE_TOO_MANY_PRIORITIZED_UPGRADES_IN_ALLIANCE_DISTRICT,优先升级的项目已达上限
64050b958a76160e,TID_GIFT_GIVEN_STREAM_TEXT,您已送出部落礼物！
2bfde9b1869aafd2,TID_RAID_RESULTS_NO_SIGNUP_FROM_ALLIANCE,该部落未参加上次突袭周末
0684c9056d5215d6,TID_BARBARIAN,野蛮人
fabf3c1e941061cb,TID_WL_ALL_BONUSES_ALLOCATED,已分配所有额外奖励，请取消一位成员。
75647e7602c7dc20,TID_DEVICE_LINK_ERROR_CODE_SAME_PLATFORM_TEXT_TENCENT,要在其他安卓设备上玩同一个村庄，请从腾讯应用宝下载《部落冲突》并登录同一个微信或QQ账号。\n\n您的游戏进度将会自动同步。
e0d1fb34c2610860,TID_WORKER2_INFO,如果没有建筑大师，在这里什么事都干不成！您可以使用宝石加快建筑大师的工作速度。
01eb42c7a9f58896,TID_ALLIANCE_WAR_STAT_NUM_2STARS,2星胜利
35e3ca397f4acc9c,TID_SOUR_ELIXIR,酸腐圣水
0c9b1a67676a2071,TID_OFFER_CW_TITLE,部落对战礼包
2fc488da83e60de5,TID_NPC_CHALLENGE_BOWIGI_FREEZE2,现在，再次施放<c38eaff>冰冻法术</c>冻住另一座<cf70d16>地狱之塔</c>！
c19fc2ce028759ca,TID_STARS_TOTAL,星星总数：
4f413a3430597e4d,TID_HERO_ABILITY_TIME,技能持续时间：<number>秒
74a827eede67be5d,TID_ACHIEVEMENT_LOOT_CAPITAL,在部落突袭中获得<number>都城金币
35ea80f0953563d5,TID_ALLIANCE_WAR_MY_TEAM,我方战队
2e63c6b176341d0e,TID_NPC_CHALLENGE_TH12_YETI_FUNNEL_PEKKAS,派出<c54a0fe>皮卡超人</c>清理另一个角落，记得部署在离<c9916c8>大守护者</c>远一点的位置！
5f478a654343fa9c,TID_CLAN_TAG_HUNGRY_LEARNER,求教学
e44a92a708da71d5,TID_ALLIANCE_GAMES_STARTING_IN,离部落竞赛开始还有：
9e910a26f911acac,TID_ALLIANCE_WAR_STAT_NUM_0STARS,0颗胜利之星
85cf81a281ab106c,TID_WARNING_SHARED_LAYOUT_NOT_AVAILABLE,无法再使用该阵型
01d51ce264b60dbf,TID_ACHIEVEMENT_WAR_STARS_TITLE,战争英雄
b778417bd20b580f,TID_TRAP_TORNADO_INFO,飞沙走石会造成皮肉伤，而飓风陷阱还能让敌人晕头转向！把飓风陷阱埋在地下，它产生的漩涡能把敌军卷至飓风中心，阻挡他们的进攻。
25731404188f7a41,TID_CAPBUILD_SPELLLAB_LIGHTNING,雷电法术工厂
a77c77250b63977c,TID_LEAGUE_SILVER1,银杯联赛1
3b039e29957a76ed,TID_GIANT_SKELETON,骷髅巨人
bf4d3cab7b60d800,TID_REGION_INT,全球
ac246686e966a65f,TID_LEGEND_LEAGUE_INFO_TAB2_TEXT,在传奇杯联赛中，被他人进攻后您不会获得护盾或村庄守卫，但您仍可以选择购买护盾来休息一会儿。如果您的护盾在下一个联赛日开始前已启用，您将可以跳过下一个联赛日的进攻和防守。在当前联赛日，您只能为下一个联赛日购买护盾或解除已启用的护盾，而无法为当前联赛日购买或解除护盾。\n\n如果您已购买一个护盾但降至传奇杯联赛以下，您购买的护盾在常规的联机模式中仍将正常生效。
5a29a76df66b4557,TID_BUTTON_SHARE_LAYOUT_LINK,分享链接
8212b339805bc55c,TID_BUTTON_ROTATE_MORE,整排旋转
fc9d0d8433de1178,TID_MAP_LOCATION_1,皮卡超人湖
bf7c3b718e4b3bd3,TID_LEGEND_SIGN_UP_FAILED,暂时无法报名参加传奇杯联赛，请稍后再试。
1bac8d785a015bd4,TID_STREAM_EVENT_PROMOTED,被<name>晋升了
f91a68c326bfe7ba,TID_USE_SPELL_EVENT_ACHIEVEMENT_DESC,活动挑战：在联机模式中获胜！\n<cffec78>• 必须使用1个<unit></c>
f934e56ddf87fd0c,TID_HINT_HERO_GRAND_WARDEN_MODE,使用飞行部队进攻？把大守护者切换为空中模式看看吧！
367987510ce1a0b9,TID_TENCENT_BOUND_TO_OTHER_ACCOUNT,您想加载名叫<name>且大本营为<number>级的村庄吗？
bc83aee013742106,TID_STARTER_TH2_UPGRADEBARRACKS,新升力量
7a8bbb1fb61921f2,TID_CLANGAMES_TASK_INFO_DESTROY_DARKELIXIRPUMPS,在联机模式中摧毁<num>个<building>。
6b7782b52ab29de5,TID_BP_PERK_MAXIMUM,已启用最大加成效果
7cb39fc1b2f7bf71,TID_BOOST_DAMAGE_PERCENTAGE,伤害提升：<number>%
590e08103afcdcb9,TID_POPUP_GOBLIN_BUILDER_TEXT,您的建筑工人好像都在忙，其实我也可以帮您建造，您知道吧？只要额外给我一些宝石就好啦！
abb73e4ba300762b,TID_SUPER_DRAGON_ABILITY_NAME,炙热龙息
d196009d7385135b,TID_DIAMOND_BUNDLE_TH8_ALT_UPDATED_INFO,• <res0>暗黑重油\n• <res1>金币\n• <res2>圣水\n\n存放礼包中的物品不受最大储量限制！\n\n该<cffec78><value>倍超值礼包</c>只可购买\n一次，千万不要错过哦！
3dd2bc38ba2763d1,TID_ACHIEVEMENT_GEAR_UP_TITLE,改装专家
82448fcaf3c025be,TID_MAINTENANCE_COMING_SOON_TEXT,首领，您好！我们即将进行服务器维护，请您稍候！
22c85723e1568f9d,TID_BATTLEPASS_TASK_WIN_BATTLES_USING_CLONE,分身有术
291079ff86e0d838,TID_TUTORIAL_OUTPOST_INTRO_1,奥仔就住在这个建筑里。
f9c09c8f34c09224,TID_EARTHQUAKE_INFO,用强烈的地震摧毁城墙与建筑吧！\n\n地震法术造成的伤害受建筑最大生命值影响。对同一建筑重复施放地震法术，造成的伤害将会递减。但是，对同一块城墙重复施放该法术则可以产生更大的伤害。没有任何城墙能抵抗四次地震法术！
569394d89666cdde,TID_BUILDING_MONOLITH,擎天巨柱
31c32330f6ae53e6,TID_BOOSTER_BOOST_ALL_PRODUCTION_TITLE,使用训练药水
382127889d8c18ca,TID_PERSONAL_WAR_PREFERENCE_IN,参战
44eede87d6fef88f,TID_CAPBUILD_BARRACKS_MEGAGROUND_INFO,一个形似戈仑石人的巨坑，希望不是每次训练高山戈仑都要挖一个新坑。
af2c3fc416a5064f,TID_PET_WALLBUSTER_INFO_SHORT,性格倔强，尤其喜欢撞城墙！
c2913069ab885c25,TID_CAPITAL_RAID_VISIT_FAILED,无法侦察子城
f0083eb1411bbb20,TID_CAPITAL_UPGRADE_PRIORITIZE,优先
8d789b3aa0534dd5,TID_MONTH_12,十二月
9e0fe55669841aa2,TID_PLACED_AFTER_SHUFFLE_POPUP_TITLE,您已进入联赛！
16cc139846b0eb64,TID_SUPER_WALLBREAKER_ABILITY_HELP,一定会引爆的大号炸弹。
cc3bfcb78f2948ba,TID_EVENT_TITLE_REGULAR_THEMED_PREPARE_TH0212,全面备战
ffe2eb3c6d227cf0,TID_HINT_BALLOON_TARGET,气球兵优先攻击敌军的各种防御建筑，例如加农炮。
60b8a3ce75acd18b,TID_FEATURE_SEASON_CHALLENGES_DESC,每个月都可以参加新的挑战，赢取超赞奖励！
5a1bd50b346f732d,TID_ALLIANCE_JOIN_ERROR_NOT_FAMILY_FRIENDLY,该部落仅对部分类型的账号开放，请您寻找其他部落加入。
30032a50e139f364,TID_ALLIANCE_WAR_SPECTATING_NOT_ALLOWED,不允许观战
8bade1b831b04fac,TID_GLADIATOR_CHAMPION,角斗士战神
14afcc92bf8cdb76,TID_UPGRADING_SUBTITLE,升至<number>级
657cffc367ffd428,TID_CHARACTER_APPRENTICE_WARDEN_INFO,虽然守护者学徒雄心勃勃，但他只是一位学徒，所以他只能使用神奇的生命光环和没那么神奇的弹弓助部队一臂之力。
2c6827f6e483d2c9,TID_DIAMOND_BUNDLE_BH4,4级建筑大师大本营礼包
b8445fc7041106da,TID_BUILDING_MINI_SPELL_FACTORY,暗黑法术工厂
3cc661a9cf1ea731,TID_STREAM_EVENT_STARTED_WAR_LEAGUE,已开始搜索部落对战联赛对手
b844fbc72863c8bd,TID_ALLIANCE_PROMOTE_BUTTON,晋升为<role>
bc004884e5425e2a,TID_LOCAL_NOTIFICATION_CLAN_GAMES_TASK_EXPIRING,您的部落竞赛挑战即将结束！
2ab5a35a23ce522c,TID_PREFERRED_TARGET_ANY,任何
71334efccb4d06c2,TID_BUILDING_SPELL_TOWER_INFO,多年来，法师在战场上只有火球这一种魔法，一次还只能扔一颗。现在，他们发明了一种全自动的魔法利器，可以使用不同魔法扰乱敌人的进攻！
9558960f58683551,TID_TESLA_TOWER_INFO,隐藏在地下的特斯拉电磁塔就像一个危险陷阱！法师在这个防御建筑中注入了雷电的力量，当敌军地面或空中部队靠近时，特斯拉电磁塔会弹出并运用雷电之力攻击这些倒霉蛋。
3c41383f4e10422b,TID_BUILDING_XBOW2_INFO_SHORT,既可击溃地面敌军，也可消灭空中单位。
7b8c16e54c8e849e,TID_CAPBUILD_BARRACKS_CANNONCART,突袭炮车训练营
003177c7a9f58896,TID_ALLIANCE_WAR_STAT_NUM_3STARS,3星胜利
eaf38ac5089803c7,TID_CAPBUILD_BARRACKS_BATTLERAM,野蛮人攻城槌训练营
149348e4aae429e0,TID_CHALLENGE_TH6_GIWIWA,肉盾先行
aa3bb98e991f893a,TID_NOTIFICATION_EVENTS,活动
164ac2d24f36959d,TID_ACHIEVEMENT_NPC_STARS_MORE_TITLE,消灭更多哥布林！
933d03759764b344,TID_INFO_TEST_DUMMY,不会受伤、不会被摧毁的试验模型
17323e71e881c2ec,TID_CLAN_GAMES_SINGLE_LINE,部落竞赛
3efdd6a407efd15c,TID_CHARACTER_INFO_SIEGE_MACHINE_INVISIBLE_FLYING,
139262a9d8ba253d,TID_LABORATORY_UPGRADING_CANNOT_START_UNIT,实验室正在升级，暂时无法升级兵种
a5cdd2bd1f8a0ac7,TID_CLAN_TAG_TROPHY_PUSHING,冲杯
07b1073c3cadde41,TID_BUTTON_STORE_DECO,存放
4660b74412404f31,TID_TRAP_SHRINK_SP,哥布林玲珑陷阱
732607f23f51fc36,TID_SHIELD_POPUP_SHIELD_DESCRIPTION_1,护盾能阻止敌方攻击，在联机模式或反击中查看目标并不会对其产生影响；但是如果发动攻击，护盾的有效时间就会缩短。
2ab0bc154cfb7440,TID_NPC_CHALLENGE_DEPLOY_ARCHER_QUEEN,部署<c9916c8>弓箭女皇</c>。
aef5c0fbd9f19921,TID_CLANGAMES_TASK_DESTROY_BB_CRUSHER,粉碎撼地巨石
48803130657d0212,TID_CLANGAMES_TASK_INFO_GET_LEVELKILLS_VS_ROYALCHAMPION,在联机模式中击败的飞盾战神等级累计达到<num>。
b1aed629cef31491,TID_WEAPON_INVISIBILITY_SPELL,隐形法术塔
8d524f88f842ad2c,TID_AURA_DAMAGE,光环每秒伤害：<number>
0c6889fe3f751494,TID_WAR_PARTICIPANTS_HEADER,参战人员：
ef413b50d6f85fc1,TID_HEAL_ON_ACTIVATION,激活后治疗量：<number>
52be03645561602c,TID_WL_HIDDEN_FRIENDLY_VILLAGE_INFO,在准备日可更换成员以及进行增援
5299b4b68bfbda80,TID_BP_TITLE,月度挑战
e59f8589a3e84567,TID_LEADERBOARDBANNER_PLAYERTOURNAMENTS,传奇杯联赛锦标赛
722783b35c640acc,TID_COMPLETION_BONUS_TITLE,额外奖励
6bdfda44d9a2a350,TID_WL_TAB_SELECT_BONUSES,选择额外奖励
e0cdb533ae840245,TID_TENCENT_DOLPHIN_DOWNLOADING_71,更新下载配置文件
e5d7ba7d3a6b3975,TID_BLACK_FRIDAY_PACK,黑色星期五礼包
2ef5a3b80155b840,TID_BUILDING_BARRACK2,建筑大师训练营
27afb287e4b10231,TID_6ANNIVERSARY_OFFER_MAGICITEMS_BOOKS_AND_RUNES_INFO_4999,• <booster1>本英雄之书，可用于立即完成任一正在进行的英雄升级\n• <booster2>本建筑之书，可用于立即完成任一建筑的升级\n• <booster3>块金币符石，可使家乡的金币立即达到最大储量\n• <booster4>块暗黑重油符石，可使家乡的暗黑重油立即达到最大储量\n\n• 存放礼包中的物品不受最大储量限制！\n• 该礼包可购买4次！\n\n限时生日礼包，千万不要错过哦！
da4b39ccc7130bd7,TID_BATTLEPASS_TASK_INFO_USE_LAVAHOUNDS,在联机模式中使用熔岩猎犬赢得<num>颗胜利之星。
2041c97aacc4e410,TID_GAMECENTER_BOUND_TO_OTHER_ACCOUNT,您想加载名叫<name>且大本营为<number>级的村庄吗？警告：如果加载该村庄，本机原来的游戏进度将丢失。
d306501badecb95a,TID_DECO_GOLDEN_BARBARIAN_INFO,没有比这更有光泽的头发了！
53efc4f5d164d435,TID_NPC_CHALLENGE_JUMP_TO_CLOSED_COMPARTMENTS,使用<c85ff3b>弹跳法术</c>帮助部队跃过城墙！
f16eb32bf33fd6d4,TID_DECORATION_GOLDEN_HOG,福气金猪
d60020d17829ecc6,TID_ACHIEVEMENT_UNIT_UNLOCK2_TITLE,全面进化
622f52c902b30ca8,TID_NPC83,边边角角
8ba1d92de21a1ec1,TID_BOOSTER_FREE_HERO_UPGRADE_ALT_2_LINE,英雄之锤
9a7cf87b040c8923,TID_SPELL_CAPACITY_AFTER_TRAIN,配制后的法术存储容量：
48034e493c2de10b,TID_ACHIEVEMENT_WAR_STARS,在部落对战中为您的部落赢得<number>颗星
41cd930e079c2648,TID_ADVANCED_SETTINGS_BUTTON,显示
7e17820ac37c3ff0,TID_JOURNEY_FEATURE_LABORATORY,升级军队，变得更强！
36d923922aef0f4a,TID_CLANGAMES_TASK_WIN_STARS_VS_LEGENDLEAGUE,传奇之星
4a3adafd4956b8bc,TID_MEDAL_EVENT_SOFT_CURRENCY,奖章活动软货币
c961fa196d3bf13a,TID_CHARGED_PEKKA_ABILITY_HELP,激活时会引发大爆炸，造成<num>伤害。
086bcd246f2c8430,TID_EDIT_MODE_FINISH_LATER,稍后完成
f888a61383937242,TID_RAID_WEEKEND_SIGNUP_MEMBERS,突袭周末期间，您的部落将和其他部落战斗，比拼部落都城实力。充分利用您的进攻机会，和部落成员并肩战斗，赢取丰厚奖励！\n\n提醒部落首领、副首领或长老参加！\n\n离突袭周末结束还有<time>
594965a4557ad831,TID_TRAP_EJECTOR_INFO,曾经有一个精妙的弹簧摆在我的面前，我没有看见，然后，就没有然后了！
ce5c3dd9ea27e769,TID_TUTORIAL_WAR_LEAGUE_7,要在战斗日获胜，我们部落必须比其他部落赢得更多胜利之星。
54da61e878a01130,TID_DEVICE_LINK_ERROR_CODE_SAME_PLATFORM,代码关联不可用
26cc02c82e697236,TID_DISTRICT_LAYOUT_UPDATED,<player>更改了阵型。重新加载子城以查看阵型变化。
3f040a5b649c88c1,TID_BUILDER_HALL_9_INFO_SHORT,稍微建造一下，即可拥有巨大的摧毁力。
24ed70efa5504fc2,TID_BUTTON_SWAP_SKIN,更换皮肤
3fa9c5cc8e489eb7,TID_DEVICE_LINK_ERROR_NOT_ATTACHED_ANDROID,您的村庄尚未关联Google账号。返回设置界面，并登录一个未关联任何村庄的Google Play账号。\n\n警告：关联村庄是永久性操作，并且今后无法更改。
7779fc0f4d30c0b4,TID_BOOSTER_HERO_POTION_STARTED,您的英雄和战宠已强化
e449e19999cfbed0,TID_ALLIANCE_WAR_NO_BEST_ATTACK,未遭受攻击
3c8744bda63fd973,TID_TUTORIAL_OWN_HOUSE_2,我猜你很喜欢棕色，所以把它刷成了这个颜色。
c1f1c729b8bce600,TID_NAME_CHANGE_ALREADY_USED,您已经更改过一次名称了！
96c0b4a119251bc7,TID_BARBARIAN_KING,野蛮人之王
f336c6b128f37879,TID_BUTTON_ATTACK_MODE_SINGLE,单一目标模式
3b323b411accddf9,TID_SNEAKY_ARCHER,隐秘弓箭手
fdbc352150da7de8,TID_MAX_SUMMONED_UNITS,最大召唤数量： <number>
a70adbab31e99ed8,TID_WELCOME_BACK_TITLE,首领，欢迎回来！
bf5d469ce4c4b58a,TID_CLANGAMES_TASK_DESTROY_BB_LAVALAUNCHER,熔岩末日
9ad36c25ee51367c,TID_UPGRADE_SHIPYARD_TO_SAIL,重建帆船，探索新世界！
caea529f44cec271,TID_DUEL_NOTIFICATION,和<attacker>的建筑大师基地战斗开始了！
d1e08bcd1ff96567,TID_WL_MEDALS_ALT_GEMS_RECEIVED,您获得了部落对战联赛奖励：<num>宝石
4b3047656e33592a,TID_NPC68,哥布林之都
2fa6d69721c10a95,TID_POPUP_CANCEL_UPGRADE_TITLE,取消升级？
4aa418168cedaa72,TID_NPC_CHALLENGE_TH9_LAVALOON_BALLOONS,再派出<c54a0fe>气球兵</c>跟在<c54a0fe>熔岩猎犬</c>后方。
2e7bc956be7ed67c,TID_RECOMMENDED_TARGET,推荐目标
ca2e6d5fabb54c8e,TID_TUTORIAL_PETS_2,战宠是英雄的强力伙伴，它们将与您的英雄并肩作战。
99f541ad4ff0f854,TID_START_WAR_FAILED_WAR_REQUEST_NO_LONGER_EXISTS,友谊战邀请已失效，无法开始部落友谊战！
c629a10eeb165990,TID_FAVORITE_TARGET_HEROS_TARGET,英雄的目标
3e46ac316a0d10ee,TID_PTE_PERK_TRAINING_BOOST_DESC,训练部队、配制法术和建造攻城机器所需时间减少<num>%，英雄恢复所需时间减少<num>%。
7f065ddc5638290b,TID_DEVICE_LINK_CODE_VALID_TIME,代码有效时间：
433ebc02525768e3,TID_HINT_SPELL_JUMP_DURATION,升级弹跳法术，这样您的军队就有更多的时间从容地跃过城墙了。
c702f4a5da935eea,TID_STARTER_TH3_INFO_LOOTELIXIR,在单人模式或联机模式中共获取<num>圣水。
457857e1a697ac83,TID_WAR_WAR_BASE_HEADLINE,准备日
5d21148099fc8ef8,TID_HALLOWEEN_EVENT_2023_TITLE,合体狂潮
dd2881d0b32b58df,TID_HOUSING_TROOPS_INSIDE,所有部队：
23e1e7fd3fafbcb1,TID_HINT_STAR_BONUS_LEAGUE,联赛等级越高，胜利之星奖励越丰厚！
1aa8edf2a2058327,TID_BATTLEPASS_TASK_INFO_USE_WALLBREAKERS,在联机模式中使用炸弹人赢得<num>颗胜利之星。
e142d8fc35c75dd5,TID_EVENT_SHOP_TITLE,活动特惠
13d2cfedeaebc8c2,TID_AVAILABLE_TROOPS,可用部队：
8b5801db7f7cbca8,TID_EP_SPELL_UNLOCKED,已解锁<spell>！
1a5f70b7b98156c9,TID_OVERVIEW_SIEGE_TITLE,攻城机器：<number>
293955f872b441ef,TID_START_WAR_FAILED_NO_RIGHTS,只有首领或者副首领能发起新的部落对战！
80d21c1eff305594,TID_SIEGE_WORKSHOP,攻城机器工坊
819485b301ba3049,TID_HERO_ROYAL_CHAMPION_INFO_SHORT,总能在战斗的关键时刻看到她的身影。
abaf2eedc23ed260,TID_CLANGAMES_TASK_INFO_WIN_STARS_VS_TOWNHALL_12,在联机模式中进攻12级大本营村庄，并赢得<num>颗胜利之星。
4a056261351ece1a,TID_AVATAR_MESSAGE_TEXT_LAYOUTS_SCRAMBLED,您的村庄阵型不当，已被重置。如果再次使用令人不适的阵型，您将面临更长时间的封禁！\n要了解更多关于不合适村庄阵型的信息，请点击下方查看。
93bc88a1ba404a74,TID_CLANGAMES_TASK_INFO_USE_CANNONCARTS,在建筑大师基地战斗中赢得<num>颗胜利之星，每场战斗需使用<num2>辆加农炮战车。
bcd6c8fb033959d4,TID_CLAN_GAMES_ALREADY_DOING_A_CHALLENGE,您有一个正在进行的挑战。
6ed0ad1b7cbf003c,TID_BUTTON_CLAN_WAR_HISTORY,部落对战日志
bf09a5130516d9ff,TID_CLANGAMES_TASK_DESTROY_EAGLEARTILLERY,天鹰陨落
693c09f678d2c889,TID_ACHIEVEMENT_DESTROY_TOWNHALL2,在建筑大师基地战斗中摧毁<number>座建筑大师大本营
caf7c5610b4f77cb,TID_CHALLENGE_FRIEND_CONTENT,邀请好友进攻您的村庄
4ff925502782bc96,TID_BUILDING_RICOCHET_CANNON,跳弹加农炮
9dbe304b31ec9f75,TID_CLANGAMES_TASK_DESTROY_BB_GIANTCANNON,铲除巨型加农炮
09ef4e0a98ac73e0,TID_NEWS_ECONOMY_TEXT3,\n• 降低了某些兵种的训练费用\n• 降低了某些法术的训练费用\n• 降低了某些兵种和法术的训练费用
8b0aa957ece31ac4,TID_DIAMOND_BUNDLE_TH7_ALT_UPDATED_INFO,• <res0>暗黑重油\n• <res1>金币\n• <res2>圣水\n\n存放礼包中的物品不受最大储量限制！\n\n该<cffec78><value>倍超值礼包</c>只可购买\n一次，千万不要错过哦！
955a1ba346a18127,TID_TUTORIAL_STAGE_2_INTRO,呃，这个你应该知道。
3931298b68b30af5,TID_TROOP_REQUEST_FAIL_CASTLE_FULL,部落城堡已满！
7ff335011c52a44a,TID_RAID_WEEKEND_HISTORY,突袭周末历史战绩
32e8125468d82edc,TID_CLANGAMES_TASK_INFO_GET_HOMEBATTLEDESTRUCTION,在联机模式中达到总计<num>%的摧毁率。
a85079e78b1cc094,TID_DEVICE_LINK_ERROR_TIMEOUT,关联代码失效
0b2aeaffcc8df0bf,TID_CLANGAMES_TASK_USE_SNEAKY_GOBLINS,隐秘诡计
d5955ddb3c3e2e2b,TID_SETTINGS_SFX,音效
5adaa9a1d27cf752,TID_REPLAY_NOT_AVAILABLE,抱歉，已无法回放！
54d32ef013aeb250,TID_TUTORIAL_CLASHOWEEN_EVENT_B1,把坩埚放到一个合适的地方吧。
a35097e8d34a6409,TID_CLANGAMES_TASK_INFO_USE_HOGRIDERS,在联机模式中赢得<num>颗胜利之星，每场战斗需使用<num2>个野猪骑士。
78c206aa9cd71e4f,TID_NPC86,擎天巨柱群
7cbcb0f02ef71029,TID_CHARACTER_INFO_WIZARD2,这位传奇法师发射的冰晶具有很大的威力，能降低敌军防御建筑的攻击速度！\n\n仅限活动期间使用。
d4d3e4d8baab7c77,TID_ALLIANCE_CREATE_TYPE,部落类型：
bf3ef760d77db79e,TID_STREAM_REQUESTED_REINFORCEMENTS,请求：
2ff1ce080646a5a6,TID_SHARE_DIALOG_TITLE,分享
bb392789254ebdae,TID_NPC34,核心人物
33b2570d67da2a57,TID_BP_COMPLETED_TASKS_HEADER,已完成的挑战
dceed145b675ad54,TID_TUTORIAL_STARTER_CHALLENGE_6,您肯定可以的！首领，祝您好运！
ec1c621705d05306,TID_MAX_MEDALS_INFO,通过活动奖励之路领取的奖章
e9633a0ce862a3b4,TID_BIND_TO_NEW_GAMECENTER_ACCOUNT,您想将本设备上的游戏进度保存到这个苹果游戏中心(Game Center)账号吗？
806b5e9af4cfb720,TID_PLAYER_SEARCH_RESTRICTED,无法载入玩家简介。
3730bab1feb66042,TID_DIAMOND_BUNDLE_TH9_REVISED_INFO,• 弓箭女皇\n• <booster1>本英雄之书\n• <res0>暗黑重油\n\n存放礼包中的物品不受最大储量限制！\n\n该<cffec78><value>倍超值礼包</c>只可购买\n一次，千万不要错过哦！
124fa7eb9df63fae,TID_PRESET_SUPER_TROOP_ALREADY_INCLUDED,超级兵种已在军队配置中
42e0dc099a4062f5,TID_REMOVE_FRIEND_INVITE_CONFIRMATION_TITLE,撤回好友请求？
6fee0717e4c20a19,TID_NPC_CHALLENGE_TH10_MINER_WIZARDS3,派出剩余的<c54a0fe>法师</c>，确保<c54a0fe>掘地矿工</c>持续攻击基地内部。
45762fd5714786c2,TID_CREATOR_TAG_BEING_SENT,正在发送代码...
e5592be60098fe93,TID_MY_ALLIANCE_TAB,我的部落
00802c0bdba381af,TID_ERROR_POP_UP_SERVER_MAINTENANCE_ESTIMATED_MINUTES,抱歉，服务器正在维护中。请在约<value>分钟后重试。
2dafab90593ed3e0,TID_ALLIANCE_WAR_STAR_XP,赢得<num>颗星后赢取了<xpnum>点部落经验值
28795058c7417d4e,TID_DIAMOND_SHOP_PACK,<number>颗宝石
50174a4ba31fcd8f,TID_HINT_GUARD_GAIN,每当护盾失效时，您将获得村庄守卫。此时是进攻的绝佳时机！
33966803f58e37eb,TID_TROPHIES,奖杯：
d40dce0e092d30c1,TID_BOOSTER_FILL_ELIXIR_STORAGE_ALT_2_LINE,圣水符石
9fa9ad4aab889e90,TID_BATTLE_LOG_TITLE,您遭到了攻击！
988fd14ff597e1e6,TID_GUARD_INFO,攻守兼备的最佳选择！村庄守卫不仅能保护您的村庄免受敌人攻击，还能让您随心所欲地攻击其他玩家。村庄守卫只能在没有护盾的情况下使用。
9a9bac01c5e4d54b,TID_EP_RESOURCE_REWARD_GET_GEM_ALTERNATIVE_TEXT,空间不足，无法存放全部<resource>。\n是否出售溢出部分以获得<amount>宝石？
95e1f20ed7b15b38,TID_LEAGUE_CHAMPION,冠军杯联赛
6db047be3377aae2,TID_WL_TAB_BRACKET_WARS,回合
5901a2cc4bd4379e,TID_DEVICE_LINK_ERROR_GAME_CENTER_ANDROID,未登录Google Play
6b5885dff14e285e,TID_GAMES_REWARDS_HEADLINE,奖励
8b5801db7b2df9b8,TID_BP_SPELL_UNLOCKED,已解锁<spell>！
d8bb986f67a69d3f,TID_RAID_WEEKEND_SIGNUP_LEADERS,突袭周末期间，您的部落将和其他部落战斗，比拼部落都城实力。充分利用您的进攻机会，和部落成员并肩战斗，赢取丰厚奖励！\n\n您的部落准备好了吗？现在就加入吧！\n\n离突袭周末结束还有<time>
9304e1117281163c,TID_CHALLENGE_CLOSED,村庄正在遭受攻击！
40a992563ad1c83e,TID_BUTTON_CLOCK_TOWER_BOOST,免费提速！
bd1a5ebcae0779f5,TID_CLAN_TAG_DONATIONS,捐兵
237626e8c8a1eeb0,TID_BP_SEASON_BANK_CAP_INCREASES,容量提升：
c27d60325f971fc2,TID_CHIEFS_JOURNEY,首领征程
30affc0ad3df95ed,TID_INFO_TARGET_TYPE_AIR,空中目标
8a7905ccd6da0536,TID_LEGEND_SEASON_END_TROPHY_RESET,新的传奇杯联赛锦标赛开始了，您的奖杯数被重置为<value>。
cf16282bfcca2305,TID_ANDROID_BILLING_PRODUCT_NOT_AVAILABLE_PRICE,点击查看详情！
a62ce3d6072de364,TID_DEVICE_LINK_ERROR_CODE_CURRENT_VILLAGE_TOO_HIGH,无法覆盖村庄
e2afa0c48803ebe8,TID_CHARACTER_INFO_YETI,这个毛茸茸的家伙力气很大，他喜欢极寒天气，对自己的小雪怪们情有独钟。千万不要伤害大雪怪，否则小雪怪们会要你好看。
2b9b2afacdded736,TID_POPUP_EDIT_MODE_COLLECT,您确定要收集全部建筑吗？
50e0102329caf4ef,TID_CHARACTER_INFO_TREANT,这位大地战士与大自然融为一体，甚至不用自己走路，而是骑在坚硬无比的根蔓上作战。她的根蔓可摧毁城墙，将防御建筑夷为平地。
2dd431c1bb69020f,TID_UI_TOP_VIEWERS_TITLE,观战成员：
8d7898fee3334dd5,TID_MONTH_11,十一月
02edbc8e13713c65,TID_BOB_TASK_HEROES,\n需要升级建筑大师基地英雄，使英雄等级累计达到<level>级
a5542a9b890deb53,TID_OBSTACLE_HALLOWEEN2014,万圣节墓碑
ff893ac0fc4bdfda,TID_DUPLICATE_SPELL_INFO,使用镜像法术复制出一批奇袭部队！\n\n镜像法术将会在施放地点生成一个圆形光环，任何进入光环的部队都会被复制，被复制部队的存活时间有限。复制的部队单位达到其单位上限时，镜像法术将会失效。
751418af29716d7c,TID_HERO_ABILITY_NUM_SUMMONED_UNITS,召唤数量：<number>
6ad0f37e99faa78c,TID_LINK_TARGET_OTHER_BUTTON,我想关联另一种设备
87c23376cc748339,TID_ACHIEVEMENT_WL_STARS_TITLE,叱咤部落对战联赛
1b0a6e214549022f,TID_WAR_ATTACK_CONFIRM_CASTLE_TEXT_WITH_SIEGE,部落城堡增援：<number>
7c896ebb1f48de39,TID_BP_CAP_HOUSING_UNLOCKED,<housingpart>已解锁！
524364c73496421f,TID_DIAMOND_BUNDLE_TH11_INFO,• <gems>宝石\n• 大守护者\n• 1级天鹰火炮\n\n礼包中的建筑无需花费建造时间！\n\n该<cffec78><value>倍超值礼包</c>只可购买\n一次，千万不要错过哦！
98e7552b5f8b2984,TID_OTTO_FEATURE_DESCRIPTION_SHORT,一个不知疲倦、热爱建造的机器人。
9a5233cca1b5a1a7,TID_COSMETIC_ESTATE_2X2_SMALL_HUT_INFO,别致小巧，不适合高个子住。
57f7d007af999d5d,TID_BATTLEPASS_TASK_INFO_GET_FRIENDLY_HOMEBATTLESTARS,在家乡村庄友谊战中累计赢得<num>颗胜利之星。
0be267ca9e010862,TID_NEWS_UPGRADES_TITLE,
01fef16576d0a3ae,TID_SUPPORT_CREATOR_INVALID_CODE,创作者代码错误，请检查后再次尝试。
a7f41e0d0206d6fb,TID_ALLIANCE_WAR_CANNOT_ATTACK_PREPARATION,不能进攻，这场战争尚未开始！
dd281621335ac6c8,TID_CLAN_GAMES_CHOOSE_A_CHALLENGE,选择一项挑战
2487049ed8cd85b9,TID_NEWS_OTHER_TEXT,
cbdf7a2805714ceb,TID_WAR_STATS_HEADER_WIN_WAR,部落对战获胜
5338a60e5d85dccc,TID_CLANGAMES_TASK_INFO_GET_LEVELKILLS_VS_BARBARIANKING,在联机模式中击败的野蛮人之王等级累计达到<num>。
7fcc61477add82f0,TID_CLAN_TAG_FRIENDLY_WARS,部落友谊战
dba14fbcee6647a8,TID_LABORATORY_HINT2,滑动屏幕以查看完整列表
2f42253c55c5a896,TID_ALLIANCE_CREATE_TH_LEVEL,加入所需最低大本营等级：
9bab77d1e228cc12,TID_CLANGAMES_TASK_INFO_USE_INFERNO_DRAGONS,在联机模式中赢得<num>颗胜利之星，每场战斗需使用<num2>条地狱飞龙。
05df10c9ba28b477,TID_ALLIANCE_GAMES_ABOUT_TASKS_INFO,完成挑战，为您的部落赢得积分。\n每一位部落成员都可以领取并完成挑战。积极完成挑战，为自己和部落赢取丰厚奖励。\n请选择自己能够按时完成的挑战！
52611535d1b389ac,TID_CHAT_RULES_MUTE,屏蔽聊天窗口中令人不适的玩家。
99d1e522755a51c3,TID_NEWS_BOMB_TOWER_UPDATE_TEXT,• 在小范围内投掷小型炸弹轰炸敌军地面部队！\n• 炸弹塔被摧毁后会爆炸，对周围的近战部队造成伤害！\n• 炸弹塔在8级大本营解锁
2ed4b1b546339ba2,TID_PREFERRED_TARGET_EFFECT_BONUS,（效果x<number>）
4e7712aee14be5a5,TID_WL_INFO_LIVE_WIN,胜利
66f341dfaa83e0cf,TID_OBSTACLE_LARGE_PINE_TREE,小树林
92fdc267871d0534,TID_EVENT_TITLE_REGULAR_THEMED_BUILD_TH0212,风暴前夕
af1833e87f1f5b70,TID_HOLIDAY_PACK,节日礼包
8a01163c0d994d45,TID_JUMP_SPELL_INFO,城墙挡了您的去路？那就开辟一条捷径吧！\n\n在敌军城墙附近施放该法术，就可以在城墙上方创建通道，方便您的大军直接跳过这段城墙，保证畅通无阻！
75109224f5ee0787,TID_NPC_CHALLENGE_BOWIGI_BALLOON1,敌人的对空陷阱可能会对您的<c54a0fe>天使</c>造成威胁，而<c54a0fe>气球兵</c>很适合为天使清除陷阱，赶快派遣一个！
34b52f1a34fd8df9,TID_ACHIEVEMENT_DESTROY_TOWNHALL2_COMPLETED,总共摧毁建筑大师大本营：<value>
3b685a2a84679dae,TID_VIEW_HIGHSCORES,查看最强悍的部落和玩家。
3c2c5b33bc35e79f,TID_NOT_ENOUGH_BOOSTER,您没有足够的<booster>！
6911c93e6de18281,TID_POPUP_UPGRADE_ALREADY_IN_PROGRESS,正在升级中
940e18a39bb2fbd5,TID_TRADER_OFFER_TAB,宝石
aaf11248c81ca29d,TID_ARMY_OVERVIEW_HINT_CLAN_CASTLE,加入部落，接收部落成员增援的部队、法术和攻城机器
d99e76170badf91c,TID_SUPER_TROOP_BOOSTS_NEEDED,以下单位未启用超级部队：
b11a863d10b66558,TID_INFO_POP_UP_TOS_PP_NOTE,《部落冲突》是一款免费游戏，但是您可以通过应用内购买加速游戏进度（您可在设备的设置中禁用该功能）。点击确定以接受我们的条款与隐私保护政策。
0d75bccedcf3bb46,TID_GEAR_INFO_BARBARIAN_CROWN,召唤一群狂暴野蛮人
63b5fdc625899a1b,TID_PLAYER_PROFILE_TROOPS_VILLAGE2,建筑大师基地部队
50af7e9c33539948,TID_TUTORIAL_RUINS_2,重建这些废墟，你就能在这个子城获得新的建筑。
c177d03eb92f7c33,TID_HAMMERJAM_OFFER1_MAGICITEMS_BUILDER_POTION_AND_GOLD_INFO_999,• <res0>金币\n• <booster1>瓶建筑工人药水\n\n• 存放礼包中的物品不受最大储量限制！\n• 该礼包可购买5次！\n\n快用这个\q夯木节\q礼包疯狂升级吧！
5c97b35896f5946c,TID_ARCHER_TOWER_INFO,箭塔范围比加农炮远，而且还可以攻击空中目标。
8e1a6bd5b5c11ded,TID_SHARE_SCID_ACTION_BUTTON,分享Supercell ID
5db3810eea00f6c3,TID_GOOGLE_PLAY_KUNLUN_LOAD_VILLAGE_TUTORIAL_BUTTON,加载村庄
ea16b77c7e6b8075,TID_DECORATION_WAR_SHIELD_INFO,要获得这尊雕像，您需要在部落对战联赛中证明自己的实力。快去赢取奖章吧！
a8f580bc7ab2788e,TID_TESLA_TOWER_INFO_SHORT,高压危险，切勿靠近！
005b4f6772025825,TID_BOOSTER_ERROR_UPGRADE,现在没有可升级的项目，无法使用<booster>！
22996f9f5412be4d,TID_NEWS_NEW_TROOP_TITLE,
a45527868c06d512,TID_ATTACK_FAIL_SHIELD,玩家已启用护盾，无法攻击！
3d39f4eac0c851ba,TID_ACHIEVEMENT_VICTORY_POINTS,在联机模式中累计赢得<number>个奖杯
a95f2938f3808c2e,TID_GOOGLE_SERVICE_BOUND_TO_OTHER_ACCOUNT,您想加载名叫<name>且大本营为<number>级的村庄吗？警告：如果加载该村庄，本机原来的游戏进度将丢失。
36c9ca31e5b153d3,TID_LEGEND_LEAGUE_INFO_TAB1_HEADER,防守
176dfc81ad884ba0,TID_CLOCK_TOWER_INFO,时光钟楼使您基地中的项目运行加快！采集资源、研究和建造的速度加快。
f3012c1effa78b9c,TID_LEAGUE_SILVER3_SHORT,银杯3
2d1abf481193c547,TID_OBSTACLE_CNY2017,新年烟花
278b7731db8c72bc,TID_LEAGUE_STONE5,石头联赛5
f40dfa815e0f3b11,TID_ALLIANCE_GAMES_PERSONAL_COOLDOWN_HEADER,挑战冷却时间
898f1ac4ca77db38,TID_UNDERAGE_PLAYER_LOGIN_DISALLOWED_KUNLUN,根据国家防沉迷通知的相关要求和最新强化的防沉迷政策，由于您是未成年玩家，仅能在周五、周六、周日及法定节假日每日20时至21时登录游戏，在上述时间段之外无法游戏，请注意休息。
e403b60259672d75,TID_EVENT_BOOST_COLLECTORS,特别活动：您现在只需一颗宝石就可以提升任何一个资源采集器的产量！
210e7d3a7340400d,TID_SUPER_HOG_RIDER_ABILITY_INFO,被击倒后，野猪和骑士会分开，成为相互独立的部队。
0ff32e40c75f75c7,TID_CAPITAL_LEAGUE_TITLE,都城联赛
15e658ff448da78a,TID_TUTORIAL_ARTO_START_2,是这样，嗯......我改主意了，我想和奥仔待在这边。
e5f46e672749bff6,TID_BUTTON_CANCEL_PRESET,取消
8bb75742b965e946,TID_LEAGUE_INFO_PLACEMENT,进攻结束后，您拥有的奖杯数量将决定您进入的联赛级别
a1e1789d96459334,TID_ALLIANCE_WAR_ENEMY_TEAM,敌方战队
82655f81dd2ad0f1,TID_TUTORIAL_SHIP_LOAD_SHIP,首领，帆船和船员都已准备就绪，等待启航！
7499298e441f7d9f,TID_BUTTON_GENERATE_CODE_TITLE,转移账号
375ec43a8fef8556,TID_HERO_INSTRUCTIONS_QUEEN,虽然生命值不高，但这位优雅的女猎手掌握着毁灭性的力量。在防御时她可以精确打击范围内的目标；而当她的皇室披风技能解锁后，她在进攻时使用该技能即可进入隐身状态，对敌军造成大量伤害！
3fe7497866a5803e,TID_EVENT_CHRISTMAS_UNIT,部落冲突圣诞节特别活动：寒冰法师
1c4b2bc512cba422,TID_EVENT_PASS_PURCHASE_INFO,购买活动令牌以获取更多奖励
661b2ff1195c9554,TID_ACTIVE_ABILITY,主动技能
fc28104e03e45f19,TID_NUMBER_TARGETS,目标数量：<number>
57749d9cfe511858,TID_TUTORIAL_PETS_5,真不错！每个战宠都是独一无二的，可以搭配不同的英雄。
116a32ab52397c41,TID_DIAMOND_BUNDLE_MAGICITEMS_TRAINING_POTION,训练药水礼包
28ea7a436125d393,TID_DISTRICT_CAPITAL_PEAK,都城之巅
f3c55fd16375d9c8,TID_SCID_GIFT_RECEIVED_BODY,赠送您一个黄金令牌。
b9a926349499cacb,TID_ALLIANCE_WAR_RETURN_TO_CURRENT_WAR,当前对战
336949cd3e6546be,TID_ACCEPT_EXISTING_CHALLENGE,接受挑战？
4b944a3f6189db0c,TID_CLANGAMES_TASK_INFO_USE_HEADHUNTERS,在联机模式中赢得<num>颗胜利之星，每场战斗需使用<num2>个英雄猎手。
0d36bed6552849c4,TID_NPC_CHALLENGE_TH12_YETI_EARTHQUAKES,使用<ca9561f>地震法术</c>打开防御缺口，并对敌方建筑造成伤害。
c7bdc6e7430c28c6,TID_BEAST_KING,野兽蛮王
e04543a2dc340e81,TID_FEATURE_CLAN_CAPITAL_DESC,立于高山之巅的巨型堡垒。部落成员在这里同心建设，并肩战斗。合力进攻其他部落的都城，赢取战利品。
075bd8c72435fff5,TID_COSMETIC_ESTATE_3X3_SLANTED_HOUSE_INFO,屋顶可以有效防止积雪，但屋子里面装修起来就麻烦了。
7454b7eeee9af089,TID_PURCHASE_LIMIT_CONFIRM,如果您仍然愿意用<PRICE>购买<ITEM>，请输入\q<CONFIRM>\q然后按下\q确定\q按钮。
6aeb937a932d4ec2,TID_BATTLEPASS_TASK_WIN_BATTLES_USING_HEADHUNTER,狩猎行动
f5e1447761df8742,TID_NATIVE_DIALOG_TENCENT_ACCOUNT_CONFLICT_MESSAGE,您尝试登录的账号并不是设备上已保存的账号，确定切换至新账号吗？
0d782ef80336c5aa,TID_WL_STARTWAR_INFO_LEADER,在<size>个部落组成的小组中与其他部落对战，决出最强部落。赢取荣誉、资源奖励、部落经验值和联赛奖章！\n\n您的部落准备好了吗？快来加入联赛吧！\n离报名结束还有：<time>
6c5378d042794f11,TID_AVATAR_MESSAGE_SUBJECT_THANK_YOU_FOR_REPORTING,感谢您的举报！
98919d7597f69f16,TID_BOOSTER_FILL_ELIXIR2_STORAGE_ALT_2_LINE,建筑大师圣水符石
e7eea430954147da,TID_EVENT_CHRISTMAS_TRAP_INFO,冻住进攻中的敌军！\n\n冰冻陷阱出现啦，不过活动结束后就会消失不见。
d537920074840932,TID_REGION_CUSTOM3,
6af9eac3be52a6da,TID_RATE_APP_MESSAGE,请在苹果商店给《部落冲突》(Clash of Clans)评分并反馈意见！
90374f2904c2a87f,TID_ACHIEVEMENTS_COMPLETED,已完成：
632bb6298a7335a9,TID_HERO_GEAR_RESOURCES_TITLE,装备资源：
46259021f4b98eb5,TID_STARTER_TH3_DESTROYARCHERTOWER,摧毁箭塔
7e6997ed513fe332,TID_BATTLEPASS_TASK_INFO_DEPLOY_TROOPS,在联机模式中部署<num>空间的部队。
59fc85db747ce51c,TID_ALLIANCE_WAR_STAT_PARTICIPATION_MID,已用攻击数（实力居中村庄）
06d85fdc93b34715,TID_NPC_CHALLENGE_TH11_LAVALOON_JUMP,使用<c85ff3b>弹跳法术</c>，让您的<c9916c8>弓箭女皇</c>跳过城墙，接近目标！
f5798e6e85eafee7,TID_DEVICE_LINKED_MAIL_ITEM,您的村庄已关联到新添设备。
9ab58836df4a8025,TID_CHALLENGE_TH9_BABYDQW,龙宝之怒
e03500645755ab57,TID_WL_BREAK_DAY_INFO,本赛季您的部落所在小组中，每个部落都会休战一天，今天轮到您的部落休战！
5e71686e3f4879b2,TID_HINT_BOOST_RESOURCES,当金矿和圣水收集器升级到5级后，您可以用宝石提高金矿和圣水收集器的产量。
68e15d6dca52dd1f,TID_TRADER_UNLOCKS_TEXT,商人在家乡大本营达到<value>级时解锁
5c8f932ce5cd693e,TID_STARTER_WINUSINGWB,破墙而入
d2a4271ba586e388,TID_STREAM_EVENT_LEFT,已退出部落
1fbf857055a88dca,TID_BP_PERK_RESEARCH_BOOST,研究加成
a8a804c237866a7b,TID_CHARACTER_INFO_SIEGE_MACHINE_CARRIER,攻城训练营平稳降落在战场后，首先会释放出装载的皮卡超人和法师，然后再释放出部落援军。想知道攻城训练营为什么能塞得下这么多部队？天机不可泄露，你还是不知道比较好。
a6ac7cc186c67f79,TID_WL_WARLESS_DAY_INFO,今天您的部落没有对战，其他部落正在对战中。请做好准备迎接明天的对战。
f41cb9db17677278,TID_CLANGAMES_TASK_DESTROY_MONOLITHS,摧毁擎天巨柱
3f26fe7fb2d48073,TID_INVISIBILITY_SPELL_INFO,隐形法术可以让范围内的一切隐形且无法被锁定，城墙和攻城机器除外。
67bb0bcf5dfcf8ce,TID_EVENT_TIME_LEFT,剩余时间：
69e963adb3b64017,TID_LEAGUE_STEEL3_SHORT,坚钢3
16275518dc21b976,TID_UNLOCK_DISTRICT_RUINS,解锁子城和废墟：
d4997ee0a2f47bf2,TID_MAP_LOCATION_4,蛮荒之地
d4a074bf3a2638b3,TID_TRAP_TORNADO_INFO_SHORT,让敌人晕头转向，分不清东南西北！
40913be98a9407ad,TID_GP_GET_SCREEN_TITLE,获取黄金令牌
2e6ab42551953b5b,TID_CAPITAL_VISIT_OWN_CAPITAL_FAILED,无法进入部落都城
f572237b5f6770f5,TID_NOT_ENOUGH_BOOSTER_SPACE,空间不足，使用或出售已有的魔法物品以腾出空间。
20365ea792b8fbb7,TID_MEMBERS_SORTED_BY_TROOPS_DONATED,按近期增援递减
dce761d08882ccb8,TID_SELECT_RANDOM_SKIN_MODE,英雄皮肤将从所有选中的皮肤中随机选择一款使用
e2db9570f026d401,TID_TENCENT_DOLPHIN_ERROR_3,磁盘空间不足，请清理磁盘空间后，重启游戏。
e7850d0be71171bc,TID_YOU_HAVE_BEEN_ATTACKED_TITLE,敌军突袭
7cd9f033ef9003c1,TID_ACHIEVEMENTS_VILLAGE2,建筑大师基地成就
d7272294ba51d39c,TID_RESOURCE_MAX,最大储量：
37ac42f47d9ea8c2,TID_OBSTACLE_XMASTREE,Clash圣诞树
4321ecb7f6eb7036,TID_NPC41,水晶地壳
2d02f786d83abf03,TID_RESEARCHER_MENU_EXTRA_SUGGESTION,其他升级：
2e86d01c17366606,TID_FEATURE_DARK_ELIXIR,暗黑重油
6f94a3917cb7498c,TID_TUTORIAL_GOLD_STORAGE_2,修建一个储金罐，这样可以存储更多金币！
758a4f0dbe4b7c8b,TID_DEVICE_LINK_ERROR_INVALID_LINK_CODE,无效的关联代码
b82a5512ac54e356,TID_NPC_CHALLENGE_TH7_DRAGON_LIGHTNING,使用<c38eaff>雷电法术</c>摧毁一座<cf70d16>防空火箭</c>。
2342c501055fbe50,TID_X,x
091c335c952d2601,TID_ALLIANCE_LEAVE_CONFIRMATION,您确定要退出部落吗？
2ec7ea56375f0b23,TID_WL_INFO_LIVE_REWARDS,奖励
5fa4799fb5d64bea,TID_DECORATION_SUPER_TROOP_STATUE_INFO,超级部队，超级开战！
dfcffc6bd213504e,TID_UPGRADE_TH_NOT_RECOMMENDED_TITLE2,推荐升级项目：
9d0857084981b4d7,TID_EP_REWARD_GET_GEM_ALTERNATIVE_TITLE,仓库已满
9f412faf9b66257e,TID_TENCENT_DOLPHIN_DOWNLOADING_78,更新合并差异文件
697789b0be565fdf,TID_CHARACTER_INFO_RAGED_BARBARIAN,为什么野蛮人会狂暴不安、横冲直撞还满身戾气？没人敢去问他。也许是因为他找不到自己的剑了？
86a0757b87f38ab8,TID_DISTRICT_UNLOCKS_AT_MESSAGE,在都城大本营达到<num>级时解锁
dc43597af2af6874,TID_NPC_CHALLENGE_TH12_YETI_FUNNEL_WIZARDS,派出一些<c54a0fe>法师</c>进行支援。
7bcb8cbc0909f7fd,TID_SETTINGS_BUTTON_FACEBOOK_CONNECTED,已连接
f2f7f661808a0244,TID_BOOSTER_FINISH_SPELL_UPGRADE_INFO,这本魔法古籍由神秘的法师所撰写，可立即完成任一正在进行的法术升级。只可在家乡使用。
441c9e3a9f4c32e9,TID_BATTLEPASS_TASK_DESTROY_BUILDERSHUTS,小屋破坏王
3b00fc582b964303,TID_DECO_FLEXING_BARB,肌肉野蛮人
4f0f1aee6abe98b1,TID_UPGRADE_TASKS_TITLE,升级条件
2f37b62c8aa90161,TID_LEAGUE_IRON3_SHORT,精铁3
72977c57c4999624,TID_CANT_SIGN_UP_RAID_NO_ARMY,都城大本营升至2级即可参加突袭周末！
0217889db5dd77ca,TID_BUTTON_HERO_PATROL,正在防御
ae23b756e1fc5062,TID_GOOGLE_ACCOUNT_ALREADY_BOUND,Google Play登录失败！您的Google账号已关联另一个村庄。
202bb5208ca194a4,TID_RESOURCE_PACK_DARK_ELIXIR_50,补充最大储量的一半
c7c7e874fd7630b7,TID_POPUP_UPGRADE_WALL_SECTION_TEXT,您确定要花费<number>个<resource>升级选中的城墙吗？
214f2df308d19e77,TID_PIRATE_QUEEN,海上女皇
ecbadf43bc1c265d,TID_ARCHER2_ABILITY_HELP,在部署后的<num>秒内隐身，不会被锁定为攻击目标
21b97499f26caeb9,TID_NPC_CHALLENGE_TH9_BABYDQW_BABY_DRAGONS,大部分<cf70d16>防空火箭</c>已被摧毁，现在就派出<c54a0fe>飞龙宝宝</c>吧！
f4be4bc88173f8c0,TID_HINT_CLAN_REINFORCEMENTS,通过部落城堡向部落成员请求增援！
5bb51def0f51cd83,TID_BATTLEPASS_TASK_INFO_COLLECT_ELIXIR,从圣水收集器收集<num>圣水。
22b1a644e4e3cd07,TID_NPC_CHALLENGE_TH11_LAVALOON_STONE_SLAMMER,部署<c54a0fe>攻城气球</c>，它可以保护<c54a0fe>气球兵</c>，还能摧毁敌军防御！
75fdf8960a92b082,TID_LEAGUE_V,5
fae55992ca008cca,TID_BATTLEPASS_TASK_WIN_BATTLES_USING_ELECTRO_TITAN,雷霆之怒
9cde992484e2018c,TID_CLANGAMES_TASK_DESTROY_GOLDSTORAGES,摧毁储金罐
ad5171ac439de72b,TID_REENGAGEMENT_INTRO_3,村庄的资源谁都想得到，我们真是受够了。
37c41467156de627,TID_PET_POISON_LIZARD_INFO_SHORT,会喷吐毒素的英雄保镖，就是脾气不太好。
bfcb46677f405d2f,TID_BB_RESULTS_REWARDS,奖励：
67499a219cbcb281,TID_PET_SPIRIT_FOX_INFO_SHORT,害羞到隐身！
5584d62e6d16d702,TID_BATTLEPASS_TASK_WIN_BATTLES_USING_LAVAHOUNDS,天狗制霸
4d1fd3fd6ce471e0,TID_SUMMER_QUEEN,夏日女皇
51e58f5dbe4be659,TID_SUPER_TROOPS_FEATURE,超级部队
0f907985ab8741cf,TID_EVENT_ARMY_GOWIWI_INFO,用经典石法女巫流摧毁敌军村庄！现在，戈仑石人、法师和女巫的训练费用减少50%！
112b0db83e4b092b,TID_RES_PACK_SPECIAL,资源礼包
8662826455c2767d,TID_POPUP_EDIT_MODE_SAVE,您确定要保存更改吗？
a303d744ce9f85d3,TID_BATTLEPASS_TASK_WIN_BATTLES_USING_HASTE_INFO,在联机模式中使用急速法术赢得<num>场战斗。
394ce0ec43903038,TID_ALLIANCE_WAR_EVENT_50PERCENT_DESTROYED,摧毁50%！
458ffb6687764cc1,TID_CHARACTER_ELITE_WALLBREAKER,超级炸弹人
cee894b2037a95e0,TID_CAMP_FIRE_DECO,哥布林营火
95f630af5f28dcf2,TID_CAPBUILD_CAPHQ_INFO,它是都城的核心！升级都城大本营以解锁新的子城，并提高都城之巅建筑的等级上限。
68973556f5d3377d,TID_EVENT_TITLE_CLANWAR_LONG3,每周拉力赛
59c42a2b714e41bd,TID_CHALLENGE_INFO_2019,我们在年初迎来了月度挑战和英雄皮肤。接着是9级建筑大师大本营的推出和传奇杯联赛的重新设计。最后，13级大本营、飞盾战神和大雪怪的登场为这一年画上了圆满的句号。
8bac93a50d477204,TID_CREDITS_BUTTON,制作人员
10ec474bc8715918,TID_POPUP_BOOST_BUILDERS_TEXT,要在<time>内将所有建筑工人的工作速度提升至原来的<multiplier>倍吗？
507f17371641a3b7,TID_SHOP_NEW_ITEM,新
bb1d369bb56c2778,TID_RESOURCE_CAP_FULL_ELIXIR,建造更多圣水瓶或升级已有的圣水瓶！
e5a27ab708cefbe5,TID_BOOSTER_HERO_POTION,英雄药水
e3f3eff64c67f896,TID_BUILDING_CUSTOMIZE_CATEGORY_ROOF,屋顶
3512b5604e18e459,TID_SAVAGE_KING,猛武蛮王
b3867bad5bdb2340,TID_EDIT_MODE_WALLS_ONLY,只显示城墙
b7d717b1c6d603c8,TID_CLANGAMES_TASK_INFO_USE_MINERS,在联机模式中赢得<num>颗胜利之星，每场战斗需使用<num2>个掘地矿工。
163e036bca27bdf5,TID_DISTRICT_WIZARD_VALLEY,法师山谷
4b6f2059c043106e,TID_BB_LOOT_CART_POPUP_TITLE,圣水车
3e6e981b7f84114f,TID_DIAMOND_BUNDLE_MAGICITEMS_TROOP_BOOK_WITH_RESOURCES,战斗之书礼包
5ce9ed87da737230,TID_CHANGE_TROOPS,更换部队
efe130bf6c4d8e77,TID_LOCAL_NOTIFICATION_FORGOT_ARMY,哎呀，首领您是不是忘记训练部队了？
b2d234dca6fb24d2,TID_BALLOON2_ABILITY_HELP,激活时造成<num2>伤害，摧毁城墙，同时释放出<num>个骷髅兵
b1717be9a9c60d9b,TID_DECO_COZY_CLAM,舒适贝壳
c4a7e9ae0ace0a89,TID_BOOSTER_SELL_BUTTON,出售
f787df70aa6a3e2a,TID_MOVE_OBSTACLE_CONFIRM_TITLE,移动<obstacle>
cb13c8dab2f6d38e,TID_BATTLEPASS_TASK_WIN_STARS_USING_CLONE_INFO,在联机模式中使用镜像法术赢得<num>颗胜利之星。
74497252cec25d84,TID_FEEDBACK_BUTTON2,连接问题
0bb5eeab8740a8af,TID_AIR_DEFENSE_INFO_SHORT,专门打击敌方空中部队。
10991dfe53107294,TID_COSMETIC_ESTATE_3X3_WOODEN_CABIN_INFO,如果村民喜欢明亮方正的房子，而且要比邻居家大，那这里很适合。
a4e8374bae49742a,TID_WAR_DATA_ERROR_INVALID_WAR,无法找到部落对战的详细信息。
486ab80851d3f0d0,TID_GEAR_INFO_EARTHQUAKE_BOOTS,引发强烈地震，摧毁城墙并对建筑造成伤害
21bd269d556036c4,TID_BOOSTER_FINISH_TROOP_UPGRADE_INFO,这本魔法古籍中记载了各种高效的训练技巧，可立即完成任一正在进行的部队升级。在家乡和建筑大师基地都可使用！
0589aba1fae4ff5c,TID_HINT_ARTILLERY_TARGET2,在天鹰火炮的炮弹将要掉落的目标地点会出现一个瞄准标记。
3eb71c9d9e3ee027,TID_WATER_3,水3x3
a9c8fab8c3471696,TID_COPY_ACTION_BUTTON,复制
8e7e403817b9d220,TID_ATTACK_LOG,进攻日志
677725b0992ad012,TID_NOTIFICATION_ARMY,军队
f7cd83f9dc426347,TID_PLAYER_HOUSE_INFO,离开家乡，去拜访部落成员时的落脚之处。来这欣赏美景，等待参加精彩刺激的突袭吧。
8439609394c3362a,TID_SKELETON_BARRELS,骷髅飞桶
183fc184edfeeed4,TID_TENCENT_CDKEY_EXCHANGE,兑换码
c7d64bf9ebe9aa4e,TID_HINT_TOXIC_MINION,将异变亡灵部署在离敌军建筑较远的地方，充分利用它们的\q超强狙击\q技能。
e8b4e5e27989ebcc,TID_AIR_BLASTER_INFO,空气炮利用强力气流控制着天空，可以击退飞行的敌人。空气炮仅能朝一个方向喷射气流，因此请旋转它们来发挥最大作用！
faf12db2da0ba105,TID_NO,否
749654a2607cf937,TID_GUARD_POST_INFO_SHORT,他们说，加入守卫岗哨；他们说，去看看世界。
d22b5430b05d5cf3,TID_CLANGAMES_TASK_USE_LAVAHOUNDS,熔岩之爱
4498c889aae64817,TID_CLAN_MEMBERS,成员：
9fdb2195d2aef8ce,TID_HINT_WARLOCK_INFO_2,当女巫召唤的所有骷髅勇士都被消灭时，她最为脆弱。
f5483519586495cd,TID_CHARACTER_INFO_VALKYRIE,这位光荣的勇士擅长使用双手斧，她在相邻的建筑物之间跑动，能够通过狂暴旋风将多个敌人或建筑一同粉碎！
be5a393aac146c52,TID_INFO_HOUSING,所需空间：
bc5154a7b1559fd0,TID_POPUP_REVENGE_CLEAR_TITLE,反击
b8c94129b5f907ad,TID_INFERNO_DRAGON_ABILITY_NAME,地狱烈焰
d133096a714bc719,TID_EVENT_CONFIRM_TIER_UNLOCK_TITLE,购买<soft_currency>？
2c1d483020d2fab0,TID_STAGE_LIMIT_EDIT_MODE_TRAP,陷阱：<cur>/<max>
7dc90656cba0d34b,TID_DECORATION_CLASH_FEST_22_STATUE,永恒烈焰
4b2172f204c47da1,TID_BP_PERK_AUTO_FORGE_DESC,在铸币坊解锁一个额外栏位，在该栏位铸造不需要建筑工人，且所需资源减半。
8244b1812d4b6472,TID_CAPBUILD_BARRACKS_BALLOON,火箭气球兵训练营
3b9dc55e60208f3a,TID_UPGRADE_INFO_SPAWNED_UNITS,<old>召唤的部队数量 (+<num>)
68127993f4b0d8a4,TID_BOOST_ALL_DARK_ELIXIR,所有暗黑重油钻井
368eef28c6e5699a,TID_BP_PERK_RESEARCH_BOOST_DESC,升级兵种、法术、战宠和攻城机器所需的资源和时间减少<num>%。
aa16aa3cc6b5e639,TID_BATTLEPASS_TASK_WIN_BATTLES_USING_DRAGONS,火烧连营
12da90da390278c5,TID_CLANPERK_DESC_WAR_LOOT_MULT_VALUE,<value>%
4f59a18391919aef,TID_NPC51,入侵者
5755521715e83e0e,TID_OFFER_SEASON_CHALLENGES_TEXT_1,全新英雄皮肤！
3ed29f08aa4941a9,TID_STAR2,太棒了！
ddedf9f29b40a6e3,TID_CLAN_GAMES_XP,部落经验值：
5d79aec1a7f2d231,TID_CHANGE_HEROES,更换英雄
964ed10733bbd268,TID_CLANGAMES_TASK_INFO_WIN_STARS_VS_TOWNHALL_6,在联机模式中进攻6级大本营村庄，并赢得<num>颗胜利之星。
94f189a48ae35008,TID_TUTORIAL_STARTER_CHALLENGE_2A,有时候您也会解锁新的挑战。
e52fdd4ee082da8f,TID_CLANGAMES_TASK_USE_HEALERS,治愈之力
d217cb3bbdecfee5,TID_ANTIADDICTION_ADULTHOOD_NOT_FULFILLED_3,由于您未满18周岁或未实名认证，已被纳入防沉迷系统，非法定节假日已达到最大游戏时长1.5小时。
8380fb1e50100091,TID_WL_INFO_SIGNUP_TAB0_TEXT,<cFCE27F>部落对战联赛是什么？</c>\n\n部落对战联赛是各部落间的终极对决。在每个月的部落对战联赛中，您的部落将和其他7个部落进行对战，决出最强部落。在7天时间内，您的部落将参加7次对战，即与其他7个部落一一对战。最终，获得更多胜利之星的部落将晋级到更高联赛段位，其他部落则保持在原有联赛段位或降级。下个月新的联赛开始时，您的部落将以上个赛季结束时所在的联赛段位为起点继续战斗。您的部落所在的联赛段位越高，部落赢得的奖励和荣誉也越多。和您的部落成员一起勇攀高峰，努力晋级到更高联赛段位，为登顶最强部落而战！
b259a7866035a5d2,TID_WATCH_LIVE_REPLAY,实时观看
01eae78a1b555a7b,TID_BATTLEPASS_TASK_WIN_BATTLES_USING_LIGHTNING,电闪雷鸣
a002738a5ac5d2ab,TID_BP_ACTIVATE_SCID_TITLE,获取黄金令牌？
c4b4cd9d60ba91eb,TID_ACHIEVEMENT_DESTROY_TOWNHALL2_TITLE,奇袭大本营
311d58efc75b86ad,TID_BUILDERHALL_LEVEL,<level>级建筑大师大本营
ec2b5f6e6f31108f,TID_WEAPON_POISON_SPELL,伤害药水法术塔
a1cf052d48800e78,TID_ERROR_MAX_TAGS_SELECTED,选择的个性标签数量已达上限
9350e58d729d6df3,TID_WL_INFO_LIVE_BONUS,额外奖励
29b53934f047d635,TID_UNLOCK_BUILDING_MULTIPLE,解锁：
a292bb6190fed4d4,TID_DIAMOND_BUNDLE_BOMB_TOWER_INFO,• <gems>宝石\n• <res0>金币\n• 2级炸弹塔\n\n礼包中的建筑无需花费建造时间，存放礼包中的资源不受最大储量限制！\n\n该<cffec78><value>倍超值礼包</c>只可购买\n一次，千万不要错过哦！
253f0a58e42a4b34,TID_OFFER_SEASON_CHALLENGES_TEXT_2,魔法物品和特权！
8d31f13e5718de90,TID_WAR_STATS_HEADER_TOTAL,总计
5a61f67cffa649bb,TID_POPUP_CANCEL_CONSTRUCTION_TITLE,取消建造？
d828c8294f834e9d,TID_ADVANCED_MEGA_TRAP,巨型地雷
79401f84abe168d9,TID_WL_WARLESS_DAY_INFO_END,今天您的部落没有对战，其他部落正在对战中。联赛结果将于明天公布。
cf4cab91dd5be3b0,TID_DECO_LOGMAS_TREE,滚木圣诞树
373ea5e721383e9c,TID_TRAINING_SCREEN_TIME_LEFT,剩余时间：
7ae59b90d30b6496,TID_NPC_CHALLENGE_TH13_HYBRID_HEAL,施放<cffe346>疗伤法术</c>治疗<c54a0fe>掘地矿工</c>和<c54a0fe>野猪骑士</c>。
38b1ed5ce7561b6f,TID_ARRANGED_WAR_EDIT_MEMBERS,选择部落友谊战参战成员
6b81de5f8b2a1364,TID_PTE_PERK_TRAINING_BOOST,训练加成
2a4524a133c3333f,TID_TRAP_HALLOWEEN_SKEL_INFO,骷髅兵虽然脆弱，但异常狡猾，他们出其不意地伏击毫无戒备的敌军部队，并分散敌军注意力！您可以将骷髅陷阱的目标设置为地面部队或空中部队。
e4e51f4988f7ce77,TID_PRESET_RESOURCES,花费
d5da488f20b4ab48,TID_EDIT_MODE_SAVE_BUTTON,保存
09de473e6132ba92,TID_PLAYER_PREFERENCE_INVITES_AND_SUGGESTIONS,接收邀请和被推荐
75b3a34e948c0144,TID_WL_BONUSES_SENDING_FAILED_OTHER_PLAYER_SENT,已有首领或其他副首领将额外奖励分配完成。
d53a5475cd49e398,TID_STARTER_TH4_UPGRADEARCHERTOWER,强弓劲弩
5125a00d09edc194,TID_SHOP_OWNED,已获得：
5eaea19eafeb1a0b,TID_DECORATION_LEAGUE_II_STATUE,决斗者雕像
9e7f93cfac177224,TID_MONTH_1,一月
27cb4d2e928cdaa0,TID_PRIMAL_CHAMPION,原始战神
f19993e6289af728,TID_BUILDING_LABORATORY,实验室
dbd099a9885cc805,TID_CHARACTER_SUPER_WITCH,超级女巫
8f7280043755ea54,TID_SPELL_BAG_OF_FROSTMITES,袋装小冰怪
2bb82403d6f3439c,TID_ACHIEVEMENT_LOOT_DARK_ELIXIR_TITLE,暗黑重油大亨
ad970a052db7b2b7,TID_TUTORIAL_MEET_NEW_BUILDER4,这可是我的地盘！你......你都清理干净了！为了表示感谢，我带你四处参观参观吧。
d5bb2ebcbcfcd778,TID_UPGRADE_TH_LOCKED_TITLE2,请先建造：
056c3caca963d296,TID_STARTER_WINUSINGWB_INFO,在联机模式中赢得<num>颗胜利之星，每场战斗需使用<num2>个炸弹人。
242cb1225331d828,TID_EP_PERK_INCREASE,<num>%\n<perk>
f934d95839119280,TID_NPC_CHALLENGE_TH9_LAVALOON_CLEAN_UP,部署剩余的部队和法术彻底摧毁敌方基地。
59e2abc7887fbe8e,TID_BP_TASK_AVAILABLE_IN,新挑战开始倒计时：<time>
ca2c9588ba81aa51,TID_CHALLENGE_TH8_GOWIPE,实力出击
b11aad44fac7fca0,TID_CLANGAMES_TASK_INFO_DESTROY_BB_STARLABORATORY,在建筑大师基地战斗中摧毁<num>个<building>。
f3d3857a86153816,TID_LEAGUE_CLAY2_SHORT,黏土2
2559d0f6c5008b0d,TID_TUTORIAL_BATTLE_BUILDERS_2,升级建筑工人小屋，看看他们怎么贡献力量吧！
6692f95bdb3fc8a0,TID_CLANGAMES_TASK_INFO_USE_SNEAKY_GOBLINS,在联机模式中赢得<num>颗胜利之星，每场战斗需使用<num2>个隐秘哥布林。
ae784105b7408c43,TID_UNLOCK_BUILDINGS,解锁建筑：
3a3755f9635c0612,TID_LOCAL_NOTIFICATION_EVENT_SPECIAL_OFFER,首领，超值礼包现已推出，限时供应哦！
cd2d5c8f186eb2e9,TID_TUTORIAL_ELIXIRSTORAGE,我们还需要一个地方来存储圣水。
f6c7fbd4643b1333,TID_CHALLENGE_NOT_AVAILABLE_RAID_SEASON,突袭周末期间无法发起子城友谊战！
08b43a512cf07f5f,TID_BATTLEPASS_TASK_WIN_BATTLES_USING_FLAME_FLINGER,玩火高手
34a206a8b809befd,TID_XP_TITLE_HAYDAY,玩《卡通农场》(Hay Day)！
2f4456ac22e4523a,TID_OFFER_SEASON_CHALLENGES_TEXT_4,更大的月度挑战资源箱容量！
1924bf6a8ac564fe,TID_HINT_SPELL_HEALING,疗伤法术可形成治疗光环，治疗身处光环内的军队。
904bb6add7613de8,TID_NOT_UNLOCKED_YET,尚未解锁
dfe3bd8d03cdbf14,TID_BATTLEPASS_TASK_WIN_BATTLES_USING_JUMP,畅通无阻
ce38d709760cb43f,TID_SUPER_TROOP_ACTIVATE,启用
8790e20872d15099,TID_DIAMOND_BUNDLE_BH6_INFO,• <gems>宝石\n• <res0>圣水\n• 1级熔岩火炮\n• 1级撼地巨石\n\n礼包中的建筑无需花费建造时间！\n\n该<cffec78><value>倍超值礼包</c>只可购买\n一次，千万不要错过哦！
77db7b41861f1da6,TID_LOCAL_NOTIFICATION_CLOCK_TOWER,可以使用时光钟楼的提速功能啦！
9736c945d70d8842,TID_CANCEL_WAR_MATCHMAKING_CONFIRMATION_TEXT,停止搜索后重新开始并不会缩短搜索时间，而且可能会延长搜索时间，您确定要停止吗？
93f1baf07393860c,TID_PARENTS_GUIDE_BUTTON,家长指南
f16b63d934252b9b,TID_ALLIANCE_WAR_TOTAL_LOOT_STOLEN,失去的战利品总数：
b5959c13ca9e11ca,TID_NPC5,击破两杆烟雾炮
95cd4a4d7abacb11,TID_FILL_ARMY_CAMPS,选择军队
fd298667b01d0f07,TID_BATTLEPASS_TASK_GET_FRIENDLY_HOMEBATTLESTARS,熟能生巧
423e37c46b242aea,TID_STREAM_BUTTON_ATTACK,进攻
28545ca7e4548309,TID_ARCHER_TOWER2_INFO,没人能逃过弓箭手的箭。这种箭塔有一个特殊开关，可在远程攻击和快速攻击两种模式间切换！
73695db688404e84,TID_CAPITAL_FROST_INFO,战斗再激烈也要保持冷静！\n\n冰霜法术可以减缓敌方防御设施和部队的速度，也可以冻结水面，让部队从冰面上通行。
09fa7e2e4616e14b,TID_TELESCOPE_INFO,星空实验室通过探索宇宙的奥秘来发掘兵种的全部潜能。可以提升兵种的生命值和伤害、减少兵种所需空间，还可以增强兵种的特殊技能！
662fa0ea74dfa71c,TID_TOWN_HALL_LEVEL_TOO_LOW_2,您需要将建筑大师大本营升至<number>级！
744d59fbeb705f02,TID_WAR_HISTORY_NOT_AVAILABLE,您的部落尚未参与任何部落对战！
d441c982b565bbff,TID_NEWS_SEP_V2_BALANCING_TITLE,7级建筑大师大本营来啦！
083f03330634e521,TID_NEWS_BIRTHDAY_TEXT,《部落冲突》两周岁了！8月7日前，您只需花费一颗宝石就能为任意一个资源采集器提速一周！
721da442223c17db,TID_PUMPKIN_BARBARIAN,南瓜野蛮人
f13c276d01b7c410,TID_CAPITAL_ARMY_SAVE_FAILED_SPELL_NOT_AVAILABLE,选择的法术有一部分在该部落不可用。
3351823a38d34214,TID_BOOSTER_FINISH_HERO_UPGRADE_OFFER_INFO,<num>本英雄之书，可立即完成任一正在进行的英雄或战宠升级
a092d0e0a85a460a,TID_CAPITAL_SHOP_RESOURCE_CONFIRM_TEXT,购买<num><item>？
a1467b13e59e4c4c,TID_DUEL_REWARDS_TITLE,建筑大师基地战斗奖励
145a5c34927d5900,TID_CLANGAMES_TASK_GET_BUILDERBATTLEDESTRUCTION,建筑大师基地破坏大师
20b881da18e51714,TID_BUILDING_CLASS_DEFENSE,防御设施
6b67102e72e6be2b,TID_GHOST,皇家幽灵
bdd47f70da8876c7,TID_LOOT_RECEIVED,已获得的战利品：
b6f9e82c99999117,TID_CLANGAMES_TASK_DESTROY_BB_BUILDERBARRACKS,夷平建筑大师训练营
51ec807b70aa16cc,TID_EVENT_TEXT_XMAS_MAGICITEM,魔法物品特惠
56330b620945167c,TID_PET_ABILITY_INFO_SPIRIT_FOX,每隔一段时间使自己和跟随的英雄隐身。
4a5c135e828057fa,TID_RESOURCE_PACK_GOLD_50,补充最大储量的一半
c0f91235a8fd9226,TID_NPC47,皮卡超人游乐场
a6ceef1f24eca9c2,TID_CHARACTER_INFO_BARBARIAN_SHORT,一位极具代表意义的战士，擅长用剑摧毁防御建筑。
7d540146a3c75ec0,TID_BP_NO_BONUS_POINTS_TITLE,额外积分！
6fd4f1931c718cb3,TID_HALLOWEEN_INFO_SCREEN_ITEM1,发起联机模式战斗，收集酸腐圣水
f123e5763837418a,TID_DIAMOND_PACK_5,一大箱宝石
0e0f08438bc05c19,TID_BP_TROOP_UNLOCKED,<troop>已解锁！
fef13028e47ddc9e,TID_ALLIANCE_DONATE_DONATED_TROOPS,增援的部队：
d15790b5adb28b31,TID_SUPPORTING_CURRENT,正在支持：<name>
f64d594a0c02ad5e,TID_ACHIEVEMENT_REWARD_CLAIMED,完成成就！您获得了<number>颗宝石。
1fa032192b53d11f,TID_CANCEL_CREATOR_SUPPORT_BUTTON,不再支持
259bde8028b5bff0,TID_CLAN_TAG_RELAXED,休闲
c17f24758f7ca73b,TID_ATTACK_FAIL_NEWBIE_PROTECTED,该村庄大本营等级低于<number>，无法攻击。
311f254dd4cbf30f,TID_MULTIPLAYER_STAR_BONUS,胜利之星奖励
65a999ef64a107d8,TID_BATTLEPASS_TASK_INFO_COLLECT_DARKELIXIR,从暗黑重油钻井收集<num>暗黑重油。
2621681c76971021,TID_UPGRADE_CAPITAL_UNIT,将<name>升至<number>级。
5e4dafb2f67e2f3d,TID_BUILDING_CUSTOMIZE_SCREEN_TITLE,自定义<name>
ef2ff7efdd3532a7,TID_LOCAL_NOTIFICATION_TRAINING_HAS_STOPPED,军队训练完毕！
097350c613049d60,TID_BP_PERK_TRAINING_BOOST,训练加成
a68670bd01e4b87e,TID_JOLLY_QUEEN,欢乐女皇
927581c8039ef709,TID_REGULAR_THEMED_BUILD_OFFER_INFO_TH0712_1999,• <res0>金币\n•<res1> 圣水\n• <booster1>本建筑之书，可用于立即完成任一建筑的升级\n\n• 存放礼包中的物品不受最大储量限制！\n• 该礼包在显示期间可购买3次\n• 不要错过这个升级防御的好机会哦！
e4f076f5fcd31e66,TID_CHARACTER_INFO_IRONFIST_GIANT_SHORT,部落拳击联赛超重量级冠军选手。
667ba62f50b1cc34,TID_BOOSTER_FILL_GOLD_STORAGE,金币符石
73785978b504302e,TID_ITEM_LOCKED,<item>（未解锁）
a0f5ebdd1073a37e,TID_CHARACTER_INFO_SKELETON_BARRELS,是谁说飞桶嘉年华来着？这本来是一场空中骷髅派对，直到飞桶上的气球都破了......然后就变成了地上的骷髅派对！
7b456ac33aca171d,TID_COSMETIC_ESTATE_2X2_SMALL_CABIN,平顶屋
2ad07498d4abc6f3,TID_DECO_RUINED_PILLAR_INFO,饱经风霜却依然挺立。
d63e746b698c3444,TID_HINT LEAGUE_PROMOTION,获得更多奖杯，晋级至更高联赛等级。联赛等级越高，获得的资源奖励越丰厚！
eac4d44072b21f33,TID_VILLAGE_GUARD_TITLE,村庄守卫：
c6cd77ef1145a6a0,TID_SHIELD_ACTIVE,护盾已启用
a0dfbcacf97bc318,TID_FRIENDLY_CHALLENGE_SET_CASTLE_TROOPS_TEXT,在友谊战中使用这些部落援军进行防守？
58090ce900aef3ec,TID_TUTORIAL_DEFEND_2,呼，刚才好险。首领，谢谢您了！
816176363044d5d5,TID_CLANGAMES_TASK_USE_MAGIC_ARCHERS,穿透狙击
3dedf011b8009414,TID_REPORT_REASON_ABUSIVE,辱骂
783bd94078977dbb,TID_CLAN_IS_ALREADY_IN_WAR,部落已处于对战中
4ffeb82d8c5fa112,TID_HINT_XBOW_TARGETS_2,您可设定十字连弩只攻击大范围的地面目标。
94f13763b050a2fc,TID_TRAP_EJECTOR,隐形弹簧
80279aba514f08b3,TID_WL_BONUSES_SENDING_FAILED,无法发放额外奖励，请稍后重试。
f705447fc998657c,TID_BUTTON_SIGN_IN,登录
6d2a57db1fb6d698,TID_BP_DAILY_TASKS_REFRESH,每日挑战刷新倒计时：<time>
3ceb04ad15646ab1,TID_BUY_BUILDING_COMING_SOON,<target>即将登场！
027dfc5a73f77f9f,TID_CONFIRM_FINISH_TRAINING_TITLE,立即完成训练？
e5544a34b6ec5755,TID_EVENT_CHRISTMAS_SPELL,部落冲突圣诞节特别活动：圣诞奇袭
a1d70fc7b2794fb4,TID_ACHIEVEMENT_DESTROY_SCATTERSHOT_TITLE,碎石金刚
bedfa3585aff3c4b,TID_TITLE_RENAME_PRESET,重命名军队配置
ad4731d09f40a081,TID_CAPBUILD_MINION_CRYPT_INFO,这座防御建筑下面藏着一个地下巢穴，每次打开都会释放一群迷你亡灵，它们誓死捍卫自己的领地且极其凶猛，绝不放过任何来犯敌军。
31e920f62a95fbba,TID_ACHIEVEMENT_CASTLE_TITLE,强国缔造者
317ec1e2a1120441,TID_REPLAY_SHARED_FAIL,您已分享了一段视频回放。请在 <time> 后再次分享。
0747bd6e22cb2e30,TID_ANTIADDICTION_NO_REAL_NAME_VERIFIED_15MIN_WARNING,由于您未满18周岁或未实名认证，已被纳入防沉迷系统，今日可游戏时间剩余<MINS>分钟。
0cf0545bbb95a959,TID_ERROR_POP_UP_AUTO_DISCONNECTED_BUTTON,重新载入游戏
4e3305e12873342f,TID_CLAN_GAMES_THEME_SPRING,春季竞赛
3be8d3030e433d17,TID_SLOW_SPEED,速度降低：<number>%
03013b86e3a4574f,TID_BOOSTER_FILL_GOLD_STORAGE_INFO,这件魔法物品仿佛能带来无尽的金币，它能够立即使家乡的金币达到最大储量。
7b9df755e3fdb75f,TID_ELECTROFIRE_WIZARD_INFO,作为精通魔法的时尚达人，电火法师既可释放烈火焚烧单一目标，也可使用超强电流电击多重目标。
9248553771ab48c7,TID_LOCAL_NOTIFICATION_EVENT_CLAN_XP,首领，部落经验值活动开始啦！
db548aceece7f8ec,TID_STAR_BONUS_HELP_TITLE,胜利之星奖励
b1ef9d42c1fa7dbf,TID_HELP_TRAINING_PRESET_PREVIOUS_ARMY,一键训练您在上次战斗中使用的军队！
10816e17e4a809e8,TID_REPORT_REASON,原因
39b1fec775ec8905,TID_WL_COLUMN_DESTRUCTION,摧毁率 (%)
3e02a5fdd8ebeb26,TID_BP_PERK_AUTO_FORGE,自动铸币栏位
f5b4bf99e44d0d80,TID_CLANGAMES_TASK_DESTROY_BB_GOLDSTORAGE,摧毁储金罐
a005274c0bdaa1cf,TID_LEAGUE_CLAY4,黏土联赛4
9347fbb71c8050cb,TID_ALLIANCE_WAR_ATTACK_CONFIRM,请您确认进攻
bee6ee4c62c9f56b,TID_CHALLENGE_FAIL_SERVER_ALREADY_IN_PROGRESS,无法再次发起友谊战，上次发起的友谊战仍在生效中！
72d301e19da4a0a3,TID_GOLD_PASS_PURCHASE_INFO_SCID,获取本赛季黄金令牌即有机会解锁以上奖励。
f7f8c7a1cb669386,TID_INFO_POP_UP_IAP_NOTE,《部落冲突》是一款免费游戏，但是您可以通过应用内购买加速游戏进度。要禁用这一功能，请在您的设备设置中关闭应用程序内购买功能。此款游戏仅适合年满13周岁以上的玩家。
6080643c44b5f341,TID_RAID_INFO,突袭信息
3ef52b18d147b729,TID_VALUE_STICKER_CONTENT,<value>倍超值
e066f08793a523e4,TID_NPC_CHALLENGE_TH12_DRAGBAT_STONE_SLAMMER,派出<c54a0fe>攻城气球</c>摧毁<cf70d16>多重目标模式下的地狱之塔</c>。
a2ab61df18aea4c2,TID_BUTTON_EDIT_TAG,个性标签
7df441d23b19a92a,TID_NPC36,哥布林野餐
b19deabf2188c246,TID_LOCAL_NOTIFICATION_EVENT_SPECIAL_TROOP_GoVaHo,首领，快参加此次特别活动，带上你的石武猪大军一展身手吧！
30070c8194dafdb4,TID_ACHIEVEMENT_ACCOUNT_BOUND_TENCENT,绑定微信或QQ账号
7d51e38d021e2a0b,TID_TUTORIAL_TH12_1,您的大本营现在可以反击敌人！
83291d9445016901,TID_TUTORIAL_ACHIEVEMENTS2,首领，您显然是胸有成竹哇。整个村子就靠您了！
29cccb7405fb7e1b,TID_EVENT_TITLE_CLANWAR_LONG,工作日马拉松
8cadc9b95d20e8e0,TID_SETTING_AUTO_TRAIN,自动训练使用过的军队配置
31a069df51e53090,TID_V2_DUEL_FEED_BH_DESTROYED,已摧毁建筑大师大本营！
dbca1ee06bf9725e,TID_TRAP_ZAPTRAP,电击陷阱
a6a933fda23c7a4d,TID_WL_INFO_LIVE_BONUS_MINIMUM,必定获得
30fce553d56c68ff,TID_BUTTON_VILLAGE_LOAD,加载
71a6f2bfee6181a5,TID_CAPBUILD_CRUSHER_INFO,撼地巨石非常在意自己的私人空间。\n这块巨石会凶狠地砸向入侵的地面部队，将他们碾压！
675a6bbf338f7212,TID_ATTACK_SPEED,攻击速度：<number>
0ff8e9ae194cbdda,TID_BOOSTER_STAR_POTION_INFO,打破这个装满星星的易碎瓶子，可立即激活建筑大师基地的胜利之星奖励。
971f154e1f721e30,TID_ACHIEVEMENT_PVP_ATTACKS_COMPLETED,总共赢得的联机模式战斗次数：<value>
fd6962c99aad6e31,TID_RAID_INFO_TAB_REWARDS,突袭周末期间，进攻和防御都可以获得突袭奖章。突袭周末结束时，突袭奖章将分发给所有参与进攻的成员。您的部落每次摧毁敌方子城都可以获得突袭奖章，摧毁的子城越强大，获得的突袭奖章越多。根据部落抵御敌方部落突袭时的防守表现，您的部落也能获得突袭奖章奖励。布置精妙阵型，尽可能强化防御，阻止敌人破城。\n\n进攻其他部落的都城时，您还可以通过摧毁建筑获得都城金币。
0f2b21fd10a3b859,TID_AGE_GATE_ERROR_PROMPT,请输入您的年龄以继续。
e0e20a6b2952278a,TID_TRAP_EJECTOR_INFO_SHORT,给弹簧复位是村民们最不喜欢做的事情。
fcfb5c2556076022,TID_CLANGAMES_TASK_WIN_STARS_VS_TOWNHALL_8,专攻8本
cb3827e166303a05,TID_BATTLEPASS_TASK_INFO_USE_BOMBERS,在建筑大师基地战斗中使用炸弹兵赢得<num>颗胜利之星。
9e1379a92a88cb20,TID_NPC10,哥布林镇
e8a801699915706a,TID_ALLIANCE_TAB_CLANS,部落
97aeeaf328af9f40,TID_REPLAY_FAILED,视频回放出错！
884184dc288a883a,TID_SUPER_GIANT_ABILITY_HELP,对城墙造成更多伤害。
07f11358552621d6,TID_LEAGUES_DIVISIONS,级别
83a97b9d7cb619d7,TID_ALLIANCE_WAR_NOT_PREPARED_FOR_WAR,正在准备部落对战...
39298da4e0f0ae17,TID_RESOURCE_PACK_DARK_ELIXIR_10,补充最大储量的10%
a0f3047a1c8a699c,TID_CAPITAL_RAID_SEASON_REWARD,您在突袭周末获得了<num>枚突袭奖章。
2b1b8b1437226021,TID_VALENTINES_QUEEN,猎心女皇
febeaaac70e12c58,TID_WAITING_FOR_COOLDOWN,需等待：
43383a58f585c772,TID_WAROPTIN_LEAVEOUT,退出
96ffce02b524de33,TID_TENCENT_LOGIN_CHILDREN,《腾讯游戏儿童隐私保护指引》
3ac85b0afceb73fe,TID_BONUS_FROM_GEAR,装备效果+<number>
b19f1384861805c5,TID_CLANGAMES_TASK_INFO_LOOT_DARKELIXIR,在联机模式中共获取<num>暗黑重油。
c18ef3b65991ba91,TID_CAPITAL_ARMY_SAVE_FAILED_TOO_MANY_UNITS,部队太多，不适用于该部落。
d7427c935e51ce9f,TID_EVENT_CHRISTMAS,节日活动
19ac4ff8bc72821a,TID_NPC23,铜墙铁壁
1407e3497cbfd29f,TID_NPC_CHALLENGE_TH7_MINION_MINIONS,派出<c54a0fe>亡灵</c>摧毁<cf70d16>法师塔</c>，帮助清理战场。
1cfbc78cc9a7a136,TID_PUMPKIN_GRAVEYARD_SCENERY,南瓜墓园
08b1df156b097f32,TID_CHARACTER_ELITE_GIANT,超级巨人
94fc812a59bb454f,TID_STARTER_TH2_INFO_BUILDWALLS,从商店获取<num>块城墙。
0d7dbc42dcc49e82,TID_PROFILE_ALL_DONATIONS,总共为都城贡献：
fece939ec22ca4e4,TID_LAKE_CURVE,蜿蜒湖畔
ddaa21bde749a135,TID_ALLIANCE_WAR_ATTACK_TIME_TITLE,战斗日
83b13d2d10459ce8,TID_RAID_MEDALS_INFO,突袭奖章通过参加部落都城的突袭周末获得，可用于购买商人出售的商品，或为您的部落城堡添加援军。
19ce9527a62fef3c,TID_SHOP_TITLE,商店
918e21e782735236,TID_TENCENT_GUEST_LOGIN_WARNING_TITLE,确定使用游客账号登录？
0eda531c03ddef56,TID_LAYOUTS_ACTIVE_VILLAGE,启用的村庄阵型
2949dbdd7ff7c849,TID_DIAMOND_BUNDLE_MAGICITEMS_SPELL_BOOK_INFO,• <gems>宝石\n• <booster1>本法术之书\n• 存放礼包中的物品不受最大储量限制！\n\n使用法术之书立即完成法术升级！\n\n千万不要错过哦！
4f83e7f7dbc39747,TID_STARTER_WINGOLD_INFO,在单场联机模式战斗中获取<num2>金币。
be793dc500c345df,TID_TRAP_LOGTRAP_INFO,小心滚木。
b027a20121f61599,TID_NUMBER_TWO,2
d9ebab1c2e0dfef7,TID_CLANGAMES_TASK_INFO_DESTROY_LABORATORIES,在联机模式中摧毁<num>个<building>。
83cb625fc8929c77,TID_NPC_CHALLENGE_TH12_DRAGBAT_FREEZE2,利用剩余的<c38eaff>冰冻法术</c>和<c9916c8>大守护者的英雄技能</c>，确保摧毁 <cf70d16>大本营</c>。
3fe7f2841298301b,TID_TUTORIAL_TOWN_HALL_2,干得好！大本营升级后，我们可以从商店购买并修建新的建筑了。
b7ada7c1add21c4c,TID_TENCENT_LOGIN_PROMPT_TITLE,注意
21d54fe4f2cfa2c0,TID_ROGUE_CHAMPION,绿林战神
c30b5b7272fdac16,TID_SHOP_GIFTS_ALLIANCE_GIFTS,+部落礼物
e85811fb004b8858,TID_NEXT_LEVEL,下一等级
ec39e6843ea1c3b8,TID_COSMETIC_ESTATE_2X2_SMALL_HUT,小屋
7c2fa8a5176bd035,TID_CAPBUILD_BARRACKS_GIANT,超级巨人训练营
26186eda765dae8c,TID_CHALLENGE_NOT_AVAILABLE_IN_MODE_ATTACK,回营发起进攻！
9088509291b8a350,TID_ERROR_POP_UP_WRONG_CLIENT_VERSION_TITLE,可以更新了！
7cdf57ee7b7db4bf,TID_UPGRADING_TOWN_HALL_FIRST,您需要先升级大本营。
7c22c3da604fec1c,TID_ALLIANCE_TYPE_INVITE_ONLY,只有被批准才能加入
bb4c5f73a7f39433,TID_WAR_ATTACK_CONFIRM_TROOPS_TEXT,部队：<number>
dcb5c853f023783a,TID_CAPBUILD_BARRACKS_MEGAAIR_INFO,制造飞行堡垒的地方，之所以建在高山上，也许是因为建筑工人怕它飞不起来。
9fd81789da5e7957,TID_CLAN_WARS,部落对战
943d0dfc3cfd2c2f,TID_CRAFT_RESOURCES_TITLE,开始铸造？
fe5a735c1a90425e,TID_HINT_GOBLIN_DAMAGE,哥布林能对资源建筑造成双倍伤害。
6909998e03afed1d,TID_CANNOT_ADD_MEMBER_TO_WAR_COOLDOWN,该玩家尚无参战资格
f138b869c04d208c,TID_CLANGAMES_TASK_WIN_WARSTARS,部落对战达人
cb5790ae571432bd,TID_GUARD_ON_COOLDOWN,村庄守卫暂不可用！
7a606af3073ecc1c,TID_CLANGAMES_TASK_INFO_DESTROY_BOMBTOWERS,在联机模式中摧毁<num>个<building>。
c6349f72aae343cf,TID_WEAPON_TOWN_HALL,巨型特斯拉电磁塔
2f65037e39e24fac,TID_REPLAY_SPEED,回放速度：
332acae1e95c502d,TID_GEAR_EARTHQUAKE_BOOTS,地震金靴
58ca9095c515ddfd,TID_BOOSTER_BOOST_ALL_PRODUCTION_TEXT,要使用训练药水在<time>内将部队训练速度、法术配制速度和英雄恢复速度提升至原来的<multiplier>倍吗？
40ce3c3f0b6ca59f,TID_LEAGUE_IRON1,精铁联赛1
df9577606a9e5d3a,TID_COSMETICS_CUSTOM_ANIMATIONS,特殊动画
1da36f05a803a5b8,TID_FEEDBACK_BUTTON6,账号已锁定
366417d167fec57a,TID_MEMBERS_SORTED_BY_XP,按经验等级递减
784ac14b94b34379,TID_YOUR_BONUS,已收到第3次获胜奖励！
25813566b6ba3a72,TID_V2_START_DUEL_ACTIVE,匹配失败，战斗已开始
b09690e84da86184,TID_TENCENT_LOGIN_PROMPT_UNBLOCKED_QQ,根据防沉迷系统最新规则，游客登录的用户无法进行实名认证，15天内只能累计游戏1小时。\n\n您的账号之前已经绑定了QQ。为了保证最佳游戏体验，我们强烈建议您继续使用QQ登录游戏以完成实名认证。
dbbceb6df62db851,TID_DIAMONDS_GIFT_RECEIVED,您从部落礼物中获得了1颗宝石！
467f93de5da77229,TID_MONTH_9,九月
023545c0a42f8792,TID_STARTER_TH3_WINSTARSGOBLINMAP,消灭哥布林
30bfbf1d5b6c0f04,TID_CAPITAL_PLAYGROUND_CLEAN_UP,现在去摧毁剩余的防御建筑吧。不用担心，放心尝试！
9df124dad63f1f11,TID_LEGENDS_DEFENCE_LAYOUT_TEXT,为下一个联赛日设置村庄的防守阵型。
83644c0dd1e49105,TID_FB_TRACKING_TITLE,Facebook登录更新
75c814455f76fb1d,TID_EDIT_MODE_TIP1,通过使用\q移除全部\q或\q删除模式\q，将建筑放入仓库
ea5b216ecc463ad4,TID_POPUP_BOOSTER_INSTANT_UPGRADE,使用<booster>立即升级<item>？
a1679db04ee1acfa,TID_CLANGAMES_TASK_DESTROY_BB_ARCHERTOWER,箭塔反击者
6653e9db861fe76e,TID_LEAGUE_BRONZE1,铜杯联赛1
e4daf56c4c435b6b,TID_SELFHELP_UNAVAILABLE,帮助与支持功能暂不可用，请稍后再试。
432bde0bdceb14eb,TID_POPUP_FRIEND_LIST_TITLE,好友
b4303f948de9f997,TID_CLANGAMES_TASK_USE_SIEGE_BARRACKS,空降堡垒
197a99c19413ea26,TID_ELIXIR2,圣水
a35ad51ef316967b,TID_CHARACTER_INFO_FIRECRACKER,Firecraker description.
0313a7c75c05e29a,TID_BOOSTER_ALL_HEROES_LOCKED,您需要先解锁一位英雄才能使用英雄药水
5fb7032ed53d4a11,TID_DECORATION_SWORD_IN_STONE_INFO,这尊传奇雕像代表了真正的战斗实力，只有最强部落中的成员才可以获得。
17ebc43576ad2219,TID_NPC_CHALLENGE_RAGE_ON_ENTRANCE,在城墙缺口处施放<cf07bf8>狂暴法术</c>，让更多部队享受狂暴效果。
60e06b6b8cfc70db,TID_ELIXIR_PUMP_INFO,圣水收集器可以从村庄地下的圣泉中收集圣水。升级您的圣水收集器以使圣水产量最大化。
9592f0a817579248,TID_BUTTON_GENERATE_CODE,关联代码
0598fb82f2bce259,TID_AUTO_FORGE_SLOT_UNLOCKS,解锁需使用：
8dadd12b2bdeae0d,TID_CHALLENGE_CHANGE_LAYOUT,更换阵型
c9b188d84bd354bb,TID_NEWS_UPDATE_AIR_MORTAR_TITLE,
cc3337fa967f41c7,TID_BATTLEPASS_TASK_WIN_BATTLES_USING_INVISIBILITY_INFO,在联机模式中使用隐形法术赢得<num>场战斗。
30770c38198a34f5,TID_CAPITAL_RAID_AMOUNT_ATTACKS,总进攻次数：<number>
8725009984023a5f,TID_CHARACTER_INFO_SNEAKY_ARCHERS,打击重要目标的任务就交给这队隐秘弓箭手吧，绝对靠谱。前提是她们不暴露自己，就是这样。
e5f6eb1774f92e41,TID_ALLIANCE_DONATE_HEADER,增援
3aa3879f4144b41f,TID_CLAN_INFO,部落信息
5c5058cb6b266cad,TID_GOBLIN_THROWER,哥布林发射器
08f28c5b2ce51bf6,TID_BOOSTER_MOVE_OBSTACLE_ALT_2_LINE,移位任意铲
d3496a8b030cb611,TID_ATTACK_IN_PROGRESS_WITH_NAME,<name>正在进攻
e841064968262b2e,TID_CHARACTER_INFO_MINION,这些飞行的小家伙诞生于暗黑重油。它们在战场上来去自如，不会被搜空地雷检测到，但是在我们的世界里它们很脆弱。
3d770364eeb7741e,TID_CLANGAMES_TASK_INFO_DESTROY_DARKSPELLFACTORIES,在联机模式中摧毁<num>个<building>。
8cbb108f1fdd3d1f,TID_CANNOT_SWITCH_TO_ACCOUNT_WITHOUT_SUPERCELL_ID,名叫<name>且大本营为<number>级的村庄已找到！请登录您的Supercell ID加载该村庄！
f07558c512a054cd,TID_BP_REACH_NEXT_TH_TEASER,将大本营升至<th>级以解锁新挑战
222b7731db8c7522,TID_LEAGUE_STONE3,石头联赛3
8ee175e6386cdfa1,TID_NOTHING_TO_PASTE,请先复制要粘贴的内容
5a8635f25003cd59,TID_TUTORIAL_CLANCASTLE_1,首领，我们的仓库堆满了金币，现在就重建部落城堡吧！
1e76d949814d7289,TID_CHARACTER_INFO_LAVALOON_PUP,这些调皮的绿色小怪物就是为战斗而生的，无论什么情况他们都会接着战斗。
e628efc902f93bd1,TID_BATTLEPASS_TASK_INFO_WIN_BATTLES_USING_CANNONCARTS,参加<num>场建筑大师基地战斗，每场战斗需使用<num2>辆加农炮战车且赢得至少1颗胜利之星。
ce93af9f479c77a4,TID_SETTINGS_SCREEN_TITLE,设置
6cd99341f9e24797,TID_DAILYLOGIN_TITLE,每日奖励！
59c15384c8708f77,TID_CLANGAMES_TASK_WIN_HOMEBATTLESINROW,连战连捷
b2f7acf605a61599,TID_NUMBER_ONE,1
cc61c40e661be764,TID_NAME_CHANGE_LIMIT_EXCEEDED,您更改名称的次数已达上限。
c21c2f16c110133c,TID_NEWS_ECONOMY_TEXT2,\n• 降低了某些兵种的训练时间\n• 降低了某些法术的训练时间\n• 降低了某些兵种和法术的训练时间
74114af5bfa139fa,TID_ERROR_POP_UP_BANNED_BUTTON,确定
d2363058fcc65ead,TID_BUY_PRIZE_SHOP_ITEM_TEXT,您确定要购买<item>吗？
bd539a94b27df5e8,TID_CAN_COPY_ONLY_TH_CLOSER_TO_YOUR_OWN,无法复制与您大本营等级相差超过1级的阵型。
defd33d8771322d1,TID_HERO_ABILITY_COOLDOWN_ACTIVE,您需要稍等片刻才能再次使用该英雄技能！
664f57de2f704918,TID_SETTINGS_HIGH_FRAME_RATE_TITLE,更高帧率
dcef2e26a5814cb9,TID_LEGENDS_MP_SUMMARY,战斗日志
1fa155eb1a768d44,TID_ACHIEVEMENT_CLAIM_BUTTON,领取奖励
d6348c0b6939c3f5,TID_REQUEST_TO_JOIN_NEW_CLAN_WHILE_IN_CLAN_TEXT,如果您的加入请求被接受，您将退出当前所在的部落。您确定吗？
66cf8b51d2a45294,TID_ALLIANCE_ROLE_COLEADER,副首领
a43b013eb5a61cc2,TID_BUILDING_TEXT_NO_AMMO,空
0796c0199a9f73b5,TID_TUTORIAL_WAR_LEAGUE_3,让我们全力备战，我可以教您一些备战的小技巧！
99f7c0b25f50f11c,TID_ACHIEVEMENT_DESTROY_TOWNHALL_COMPLETED,总共摧毁大本营：<value>
025892bf20284aef,TID_REMOVE_FRIEND_CONFIRMATION_TITLE,移除好友？
518e08f9dd34d66c,TID_CHARACTER_MAGIC_ARCHER,超级弓箭手
4357a703a71dade2,TID_CAPBUILD_RAPID_ROCKETS_INFO,这台机器装填有多发火箭。\n和防空火箭相比，它射程更短，但攻势更猛烈，弥补了射程上的不足。
b4f45a62507a280a,TID_DIAMOND_BUNDLE_TH6_UPDATED_INFO,• 3级法师塔\n• 4级迫击炮\n• <res0>金币\n• <res1>圣水\n\n存放礼包中的物品不受最大储量限制！\n\n该<cffec78><value>倍超值礼包</c>只可购买\n一次，千万不要错过哦！
dbbef42940f7a205,TID_HINT_TRADER,驻扎在村庄边的商人每周都会提供不同的魔法商品，有时他还会免费赠送商品呢，记得查看哦！
d3257fec4fb65ceb,TID_LEAGUE_SILVER,银杯
8ff6e46be31bd315,TID_STREAM_SENDER_YOU,您
32a61630dfcfbdbd,TID_TRAP_TIMETRAP,时间陷阱
2c558d4268fff4e8,TID_COSMETICS_EXTRA_EFFECTS,额外特效
a25e73af8547e015,TID_BATTLEPASS_TASK_INFO_USE_SIEGERAMS,在联机模式中使用1台攻城战车赢得<num>颗胜利之星。
0e76b46cf0b2c8b5,TID_COME_BACK_NOTIFICATION_SMALL,嗨，快回来吧，您的村庄可不能群龙无首啊
cd87cb6f2eee56f2,TID_ARTO_UNLOCKED,小博已解锁！
d315c7f01832b9ca,TID_DECO_RUIN_LAKESIDE_FOREST,湖畔森林
ecb32bc465a7750c,TID_LIGHTNING_STORM,雷电法术
b728fdc1b508a902,TID_BUILDING_MEGA_TESLA,超级特斯拉电磁塔
cd58c5d5f00be689,TID_NPC_CHALLENGE_TH7_MINION_RAGE1,使用<cf07bf8>狂暴法术</c>让<c54a0fe>气球兵</c>飞得更快、造成更多伤害！
686017c9bcdeff4d,TID_TRAINING_SCREEN_DARK_ELIXIR,暗黑重油：
c289a07c584b3546,TID_SKIN_LEAGUE_CHAMPION,联赛战神
aab1159e53067472,TID_LEAGUE_STEEL2,坚钢联赛2
37e1fda4b79c38ef,TID_TEST_DUMMY,试验模型
77b2605691388582,TID_HASTE_DAMAGE,伤害提高：<number>%
a4691cddf866db4e,TID_ALLIANCE_WAR_VISIT_FAILED,无法访问，请稍后重试。
0d240a4235856142,TID_TAP_TO_VIEW,点击查看详情
a58fe22a970c80e9,TID_BOOSTER_LAB_POTION_ALT_2_LINE,研究药水
b78f72c07d179c6f,TID_HERO_SLEEPING,正在休息
1bc640402f8e86d0,TID_TUTORIAL_WORKER_1,哇噢，干得真棒！现在，我们必须进入战斗状态了。
4fc037f747e4e0c9,TID_DIAMOND_BUNDLE_TH12,12级大本营礼包
9bfb7d3adda2ca50,TID_MASTER_BUILDER_BUILDING,建筑大师小屋
205ec630590db1a2,TID_NPC7,马奇诺防线
04ee5b191eaf3512,TID_NPC84,痛苦小路
717d929c4a7d4a5b,TID_NPC_CHALLENGE_TH9_LAVALOON_KING_ABILITY,立即激活<c9916c8>野蛮人之王</c>的英雄技能，让他能快速击败敌方的<cf70d16>弓箭女皇</c>。
34f58e05878e2fb4,TID_VIEW_ALLIANCE,查看部落
2d7a88eda3405fee,TID_9TH_CLASHIVERSARY_SCENERY,9周岁生日
529de40e8288e3f5,TID_BOOSTER_CLOCKTOWER,时光钟楼药水
ba9020e784797a3a,TID_WAR_PERSONAL_SETTING_OUT,退出
d27cd4a76656506f,TID_DEVICE_LINK_ERROR_CODE_SAME_PLATFORM_TEXT,您无需使用关联代码即可在多台苹果设备上玩同一个村庄。\n\n要在另一台苹果设备上玩同一个村庄，请确保您当前的游戏进度已经绑定到了一个苹果游戏中心(Game Center)账号。然后，在另一台设备上，用相同的Game Center账号登录。\n\n通过您的Game Center账号即可自动同步您的游戏进度。
29c09249e06d2b0f,TID_BATTLE_LOG_COL_1,对手：
c01916e85f8a7a28,TID_TUTORIAL_PETS_3,您可以升级战宠，让它们变得更强大。
2454263a8a84a93d,TID_DECO_RESTORED_PILLAR,石柱
c79c5057cae23a39,TID_PLAYER_PROFILE_TROOPS,部队
ab38b25b1a53d73a,TID_BUILDER_HALL_2_INFO_SHORT,弓箭手来了......还是说她们一直藏在这里？
f933544f78174d9f,TID_LAYOUTS_COPY_BUTTON,复制阵型
e7ddf0e6b071a88c,TID_DARK_ELIXIR_STORAGE_INFO,暗黑重油蕴藏的巨大能量是圣水的三倍，无法存储在普通的圣水瓶中，所以我们得建造一个立方体的暗黑重油罐来存储它。
84954cd4a1d030e8,TID_LOCAL_NOTIFICATION_EVENT_SPELL_DISCOUNT,首领，法术活动开始啦！
7afced6662c3846b,TID_POPUP_TEXT_STORE_OBSTACLE,<item>将被存放，可通过阵型编辑器再次摆放。
5548a1508f008f2c,TID_BATTLEPASS_TASK_WIN_STARS_USING_HEAL_INFO,在联机模式中使用疗伤法术赢得<num>颗胜利之星。
31d6c670cc46ba64,TID_CAPITAL_FRIENDLT_ARMY_DATA_NOT_AVAILABLE,都城军队数据暂不可用，请稍候。
2e85efdea680422a,TID_NEXT_REPLAY,下个回放
012ba9a7e88730ba,TID_DAILYLOGIN_INFO_TEXT,每天登录收集奖励！
d3fc85a13275f540,TID_WAR_STATS_TOTAL,总计：
10e756bfeb565374,TID_LEGEND_LEAGUE_INFO_TAB1_TEXT,在传奇杯联赛中，您无需使用村庄平时的阵型，您可以设置不同的阵型用于防守。您可以在家乡进攻菜单的\q防守\q选项卡中更换阵型和用于防守的部落城堡援军。只要您未作修改或未降至传奇杯联赛以下，您设置的阵型和用于防守的部落城堡援军将持续生效。\n\n即使您在线，您的村庄也可能受到他人攻击，需要进行防守。在传奇杯联赛中您不会因防守而丢失资源，即使遭到他人进攻时也能玩游戏。
c999d3e825eb224a,TID_CHARACTER_INFO_BAT,蝙蝠行动异常迅捷，一大群蝙蝠可是相当可怕的，不过它们很容易被溅射伤害消灭。
95a001f443547439,TID_NEWS_ROYALE_BUTTON,开始挑战！
f862247ae0302dee,TID_POISON_CLOUD_INFO,借助危险的伤害药水，让您的部队在对抗敌军中占据上风！用伤害药水法术让敌军处于萦绕着的伤害气体中，他们的移动和攻击速度都会变慢，并且受到的伤害会随着时间而加重。伤害药水法术对建筑物不起作用。
c9bfc17269ec8301,TID_CLAN_GAMES_BUILDER_THEME,建筑大师基地竞赛
f2ef02ba7fa8acf6,TID_DEVICE_LINK_ERROR_CODE_ERROR_0_TITLE,发生错误 (100)
07668824ca051e10,TID_STARTER_TH3_UPGRADEELIXIRSTORAGE,增加储备
14c5cdf866fe5660,TID_WAR_TEAM_TAB_DEFENSES,防御
35f2b8c7b788d49c,TID_BARCHER_ABILITY_HELP,部署后的5秒内对防御建筑隐身，并提升攻击速度！
da1d681792858cd0,TID_PARENTS_GUIDE_BUTTON_TENCENT,腾讯游戏儿童隐私保护指引
a9dcc1da7daa7610,TID_INFO_THROWING_POSITION_SELF,法术塔
7cba3d73e3869afc,TID_TRAINING_BUTTON_BOOST,提速
1cc4ffbe5cb574ba,TID_CLANGAMES_TASK_INFO_DESTROY_BB_GUARDPOST,在建筑大师基地战斗中摧毁<num>个<building>。
38191c289544f0fd,TID_WL_LEADERBOARD_BRACKET_POS4,小组第4名
08b2c0ad56e3ddc3,TID_LOGIN_RESTRICTED_BY_LOCATION,您当前所在地区不支持该登录方式
06e0ca6b263d1e04,TID_SUPER_DRAGON_ABILITY_HELP,造成会溅射至周围目标的持续伤害
9fefda41d500a612,TID_CHALLENGE_TH11_EDRAG,电龙特攻
183459257ef9305a,TID_ENDOFSEP_OFFER_INFO_TH0712_1999,• <booster1>本建筑之书，可立即完成任一建筑的升级\n• <res0>金币\n• <res1>圣水\n\n• 存放礼包中的物品不受最大储量限制！\n• 该礼包在显示期间可购买3次！\n\n快来加入金秋酣战吧！
6ad024ff305d5e97,TID_NEW_RAID,新的突袭
926400dffdbdfe66,TID_NEWS_MIRROR_TITLE,准备
5c5cb78d6d9b05c5,TID_HEALER,天使
cb597736a17713f8,TID_EVENT_DAILYLOGIN_INFO,每天登录收集奖励！
93338009ccede284,TID_ALLIANCE_WAR_EVENTS,对战事件
da47aaf553bd0ff0,TID_LAYOUTS_VILLAGE,家乡
6a0183cc9477b460,TID_MAP_LOCATION_16,焦黑之丘
c8f235b120f14963,TID_BOOSTER_MAX_LEVEL_ARMY_ALT_2_LINE,力量药水
6e3e8200939b4b1e,TID_LOCAL_NOTIFICATION_EVENT_REGULAR_THEMED_BUILD_TH0212,首领，放轻松，趁着战斗风暴还未袭来，赶快使用这个特惠礼包升级您的防御吧。
4bb7a919bb5a3141,TID_BARBARIAN_KING_SKELETON,骷髅蛮王
7ea3a03fa0fc8976,TID_NEWS_UPGRADE_OS_TITLE,重要提醒！
1ba555c7513afa42,TID_BOOSTER_MAX_LEVEL_ARMY_MAXED_UP_LAB,无法强化军队，请先升级您的大本营！
915ecaf0a4dac515,TID_BUTTON_REJECT,拒绝
50dd8909cf8bbe2a,TID_ACHIEVEMENT_DESTROY_BUILDER,在联机模式中摧毁<number>个建筑工人小屋
fad4e5962ae68503,TID_WAR_STATS_HEADER_BEST_ATTACKS,最佳攻击数
22504714830c9aac,TID_CLAN_GAMES_THEME_DARKHEROIC,暗黑&英雄\n竞赛
402277f416180a3e,TID_CLANGAMES_TASK_USE_GIANTS,巨人出击
483cfb99076ae739,TID_UPCOMING_EVENTS,即将开始的活动
8265049932cfc902,TID_RESEARCHER_MENU_SUGGESTION,建议升级：
d1efde53bc29a1ec,TID_LEAGUE_WOOD4,木头联赛4
a9063e1d762eea77,TID_HINT_WARMACHINE1,修复战争机器，带着这位强大的英雄驰骋战场！
7b654513cf1ff24f,TID_PASSIVE_ABILITY,被动技能
640e2663e0cc2724,TID_NAME_REPORT_TITLE,举报<name>？
f12c01a37bb8b869,TID_ANTIADDICTION_WARNING_TITLE,警告
099b09c10ebaf9de,TID_POPUP_SHIELD_REMOVAL_REVENGE,一旦您在反击中发动攻击，您的护盾时间就会相应减少。如果所需扣除的护盾时间多于您剩余的护盾时间，那么您的护盾会立即失效。
96c139444c93df89,TID_TOWNHALL_LEVEL,<level>级大本营
a66f226424c6232f,TID_BUILDING_CONSTRUCTION_PREVENTS,建造完成后可用！
f8bfcdfbaa99c692,TID_BOB_TASK_HEROES_FLUFF,驾驭强大的英雄能让建筑大师获得有用的知识，从而将小博打造成强势而独立的机器人。
d9e0a561a770fec6,TID_HINT_WIZARD_INFO,法师可以给敌人造成大量伤害，但自身防御能力不强。
dd50bfa76b769a2e,TID_VILLAGE_OBJECT_SHIP,帆船
e781b113c048a826,TID_SIEGE_MACHINE_STORAGE_CAPACITY,攻城机器容量：<number>
6b48e7d128696d01,TID_BUILDING_ARTILLERY,天鹰火炮
fbd9b36fdcb4f2a1,TID_CAPBUILD_REFLECTOR,反弹机
775c0422d0864eea,TID_REPLAY_NOT_AVAILABLE_IN_MODE,回营观看回放！
d38180215eb4d899,TID_BB_DEFENCE_REWARD_CANT_COLLECT,没有可收集的奖励
ac9e14b7c7aee040,TID_HINT_VERSUS_BATTLE2,赢取更多奖杯来提升您的建筑大师基地战斗奖励！
ab7d6499fb36a404,TID_PLAYER_PROFILE_CLAN_INVITES,部落邀请
595f026c8f21d924,TID_TASK_BANNER_START_NEW,新挑战
a3d372a52296e95b,TID_HAMMERJAM_OFFER2_MAGICITEMS_WALLRING_AND_ALLRUNES_INFO_9999,• <booster1>枚壁垒之戒\n• <booster2>块圣水符石\n• <booster3>块金币符石\n• <booster4>块暗黑重油符石\n\n• 存放礼包中的物品不受最大储量限制！\n• 该礼包可购买2次！\n\n这个超值更新礼包可以助您升级各种项目！
1e206e5b8f2b7981,TID_TENCENT_AUTH_SUCCESS,授权成功。
b1ee4dcc4894a799,TID_ALLIANCE_WAR_PREPARATION_TIME_TITLE,准备日
d09bb7d869e300d9,TID_BOOSTER_WALL_UPGRADE_ALT_2_LINE,壁垒之戒
825292ced113cdce,TID_NPC_CHALLENGE_TH10_BOBAT_PEKKAS,派出<c54a0fe>皮卡超人</c>扫清障碍。
3ac73089f122f6c0,TID_ACHIEVEMENT_DESTROY_WALLS_TITLE,拆墙达人
a86272d3664f60aa,TID_TRAP_BROKEN,<item>（已失效）
94b610a01e809efa,TID_CLANGAMES_TASK_INFO_USE_ICEGOLEMS,在联机模式中赢得<num>颗胜利之星，每场战斗需使用<num2>个戈仑冰人。
e74dbf5498c57fa4,TID_DECO_MINE_CART,矿车
76e2a2fdfcad69a4,TID_BUTTON_TRADE,兑换
53b36f4ef22fe712,TID_SPELL_FACTORY_VOUCHER_CLAIM_SUCCESS_TITLE,奖励已领取
d626c0376cedf149,TID_NEWS_TREASURY TEXT,每日胜利之星奖励\n• 在联机模式中获得5颗胜利之星即可赢得奖励\n• 联赛等级越高，奖励越丰厚！\n• 每天都有全新胜利之星奖励！\n• 胜利之星奖励存放在宝库中，安全无虞\n\n资源车\n• 每次被攻击后，一辆损坏的资源车都会出现在您的村庄中。\n• 点击资源车可以找回部分失去的资源\n• 每次只会出现一辆资源车，请记得及时收集！\n\n宝库\n• 部落城堡内新增了一座防护极佳的资源银行：宝库\n• 宝库可以很好地保护您的部落对战奖励和胜利之星奖励\n• 在您不需要使用这些奖励时，将它们存放在此是最安全的！\n\n平衡性调整\n• 天鹰火炮现在对戈仑石人和小戈仑石人造成三倍伤害\n• 6级大本营即可解锁第二个防空火箭，7级时解锁第三个
6037470a146527c9,TID_TRAIN_ALL_HOUSINGS_FULL_INFO,升级或建造新的兵营以便容纳更多部队，或将更多部队派上战场！
1d7ad9f545d0f75b,TID_HINT_AIRGROUND_MINES,您可以将地雷和巨型地雷设置为攻击地面或空中部队。
a18caf7655bfe097,TID_NPC_CHALLENGE_TH8_GOWIPE_WALL_BREAKERS,趁敌方防御攻击我方部队时，派出<c54a0fe>炸弹人</c>摧毁敌军城墙。
0c81c4b76fc16a18,TID_ACHIEVEMENT_TOWN_HALL_TITLE,更大，更好
dd809e923f315129,TID_FLYING_FORTRESS_ABILITY_INFO,骷髅飞骑为它保驾护航，被击落后还会释放<num2>个愤怒的骷髅兵。
b80d09dadb57f449,TID_BATTLEPASS_TASK_INFO_WIN_BATTLES_USING_BOXERGIANTS,参加<num>场建筑大师基地战斗，每场战斗需使用<num2>个巨人拳击手且赢得至少1颗胜利之星。
36ffd36014192c6d,TID_CAPBUILD_BARRACKS_SUPER_MINER_INFO,超级矿工的快乐老家，这里非常接地气，还有一股浓浓的石油味。
fa9a82e66a0c7572,TID_TUTORIAL_MEET_NEW_BUILDER3,嘿！你从哪里冒出来的？
582b32ddf3e1b222,TID_NPC38,间接伤害
3045b88c519dacf3,TID_NEWS_ROYALE,《部落冲突:皇室战争》(Clash Royale)闪耀登场啦！
31e5aa581d833b3c,TID_BATTLEPASS_TASK_INFO_USE_NIGHTWITCHES,在建筑大师基地战斗中使用暗夜女巫赢得<num>颗胜利之星。
79101db5def363ee,TID_TRAINING_LEVELS,练习模式
0f5e39f3c3e33a64,TID_ACCOUNT_DELETED_ON_REQUEST_TEXT,由于账号主人申请删除账号，本账号已被永久删除，且无法再恢复。
da4278b6db7265a2,TID_BP_PERK_CURRENT_AMOUNT,已启用
ac693ce1178d204e,TID_CAPBUILD_BARRACKS_MEGAAIR,飞行堡垒工坊
402e3935f5ea3c46,TID_NEWS_CW_BD_GIFTS_TITLE,部落礼物！
c6927e74aeba3fe6,TID_COSMETICS_TIER_1,<cffffff>标准</c>
ce232511c90f0725,TID_DECORATION_BUILDER_STATUE,建筑工人雕像
c6afc735ce71003b,TID_BUTTON_EDIT_PRESET,编辑
64e6e9b1866790d5,TID_BATTLEPASS_TASK_DEPLOY_TROOPS,冲锋陷阵！
c8e13c0ee88fcbc1,TID_BUILDING_GOLD_MINE,金矿
781412e961bde203,TID_PROFILE_LEGEND,传奇杯联赛锦标赛
986ef18aaad16d7d,TID_LEADERBOARDBANNER_REWARD,排名前三的部落将得到：（由部落内排名前二十名的玩家平分）
6bad07fcb902d9ae,TID_REPORT_PLAYER_BUTTON,举报
b8c1c641926607ce,TID_BATTLEPASS_TASK_WIN_BATTLES_USING_ELECTROFIREWIZARD,多元素胜利
c47479def374ea01,TID_ERROR_POP_UP_UNLOCK_UNAVAILABLE_TITLE,账号无法解锁
246d2c58e690f078,TID_OTTO_FEATURE_DESCRIPTION,建筑大师造了一个机器人当帮手，协助他在建筑大师基地的工作。
f8aaed85dfc33e59,TID_SIEGE_MACHINES_BATTLE_TEXT,术业有专攻，每种攻城机器擅长的进攻方式各不相同。您可以建造多个攻城机器，并在战斗开始前选择您希望带上战场的攻城机器。另外，如果您不想使用攻城机器，您也可以像之前一样直接点击部队栏中的部落城堡标识来部署部落援军。别忘了向您的部落成员请求部落援军！如果部落城堡中没有援军，这意味着您的攻城机器也不会搭载任何援军。攻城机器的选择并无对错之分，关键在于您需要根据您的部落援军选择合适的攻城机器！
509d049181525c69,TID_BB_BATTLE_LOG_VICTORY,胜利！
b5ec408a2548e4b3,TID_CONFIRM_SKIN_PURCHASE_TITLE,购买皮肤！
99d00efdeb17c6c6,TID_CAPITAL_DISTRICTS_DESTROYED,被摧毁的子城：<progress>/<total>
40cbf6f6de3100ed,TID_DIAMOND_BUNDLE_HERO_INFO,英雄
6bf6058d6cc69959,TID_WL_INFO_SIGNUP_TAB0_HEADER,概况
844300811e786bd0,TID_CHALLENGE_NOT_AVAILABLE_IN_MODE_LIVE,回营实时观看！
45130513076bf6fc,TID_SUGGESTED_CLANS,推荐部落
4bd79f4ecdc13f0f,TID_WL_STAT_POSITION3,第3名
45c52a27f753e50a,TID_DEVICE_LINK_ERROR_TIMEOUT_TEXT,关联代码已经失效。代码必须在 <time> 内输入新添设备。\n\n重新进入关联代码窗口，您便能得到一个新的代码。
c28fe172cdb61b81,TID_HINT_BOOST_TRAINING,您可以用宝石提升训练营的训练速度。
97a9661f96630ab5,TID_OBSTACLE_HALLOWEEN2021,\q友爱\q鲜花
142712c38c79ddb1,TID_CLAN_HAS_REQUEST_ALREADY,该部落有待处理的部落友谊战邀请
52167380d01baf7e,TID_SHOP_CATEGORY_SHIELD,护盾
ac4619c4e26b006c,TID_CAPITAL_SHOP_CONFIRM_TITLE,购买？
5f0b7bf8742a4e40,TID_WL_INFO_LIVE_STAR,胜利之星
b16ba66a74fd290e,TID_CHARACTER_BABY_DRAGON_ACTIVE,烈焰喷嚏
fddce8e620e0694c,TID_NEWS_IOS7_BUTTON,更多信息
c979f889d501b1ef,TID_BOOSTER_LAB_POTION,研究药水
252bf217ce6ec360,TID_OBSTACLE_XMASPRESENT,礼物
393d5fd12e2b5615,TID_NPC_CHALLENGE_ACTIVATE_QUEEN_ABILITY,赶快激活<c9916c8>弓箭女皇的英雄技能</c>。
a41c77250b6395f6,TID_LEAGUE_SILVER3,银杯联赛3
2c2596b1c81cd354,TID_BOOSTER_FINISH_ANY_UPGRADE_INFO,这本魔力无穷的万能之书可立即完成任一正在升级的项目。在家乡和建筑大师基地都可使用！
fdff0d8f8f404bac,TID_BOOSTER_FILL_GOLD2_STORAGE_OFFER_INFO,<num>块建筑大师金币符石，可使建筑大师基地的金币立即达到最大储量
5df7b8fb1f8d4bbd,TID_STAR_BONUS_BONUS_TEXT,在您所处联赛中，胜利之星奖励为：
4052817a4011ff80,TID_OBSTACLE_HALLOWEEN2020,无人墓
4dfca8e691f4dcc2,TID_SHOP_CATEGORY_DIAMONDS,宝石
9f67e2a0ba0a88b3,TID_TUTORIAL_STARTER_CHALLENGE_3,积累一定的积分后，您就可以解锁相应的奖励啦！
8c24223e362a35b1,TID_ZAPPY,电击车
265536efe3f8eb88,TID_HINT HERO_BARBARIAN_KING,野蛮人之王是个强悍的家伙，吸食暗黑重油的他长得比巨人更壮硕。
bf487c00599f280f,TID_CONNECT_WITH_SCID_BUTTON,绑定\nSupercell ID
5d3ed9f012c16ab4,TID_SCENERY_EPIC_JUNGLE,狂野丛林
9bf00c212f475cc5,TID_CLAN_CASTLE_TROOPS_INSIDE,增援：
53952a7f26f74fc4,TID_WAR_STATS_LOSSES,战败：
dd72b7eb55aa2c5b,TID_CLANGAMES_TASK_WIN_STARS_USING_SKELETON_INFO,在联机模式中赢得<num>场战斗，每场战斗需使用<num2>个骷髅法术。
7cdb8d14e6564062,TID_BP_TAB_REWARDS,奖励
37947b7f2ad8e366,TID_DIAMOND_BUNDLE_TH8_UPDATED_INFO,• 2级炸弹塔\n• 5级法师塔\n• <res0>暗黑重油\n\n存放礼包中的物品不受最大储量限制！\n\n该<cffec78><value>倍超值礼包</c>只可购买\n一次，千万不要错过哦！
29b3e55745dc67f2,TID_BATTLEPASS_TASK_START_BB_UPGRADE,发展建筑大师基地
37cea1e2fa9b9531,TID_CLANGAMES_TASK_WIN_STARS_USING_HASTE_INFO,在联机模式中赢得<num>场战斗，每场战斗需使用<num2>个急速法术。
bfba90a73a82ecf1,TID_SELECT_SINGLE_SKIN_MODE,仅使用选中的英雄皮肤
4bef4daea43f9ec0,TID_STARTER_TH5_BUILDSPELLFACTORY,魔法之门
0007d1195a537371,TID_ATTACK_FAIL_ALREADY_UNDER_ATTACK,村庄正遭受攻击，无法攻击！
943d1c413319841c,TID_CAPBUILD_SUPERWIZARDTOWER_INFO,超级法师电力十足，在对付大批来犯之敌时能发挥巨大作用，\n因为他们的攻击可以弹射到初始目标附近的其他敌人。
687cae210a168ba2,TID_ALLIANCE_WAR_ENDING_PROMPT,战争结束
0f576776013f78cf,TID_CHARACTER_ELECTRO_TITAN_INFO,雷霆泰坦从不控制自己与生俱来的魔力，在战场上，她就是无比强大的存在。她将自己的一部分魔力转化为一条威力十足的电鞭，而剩下的魔力则围绕在她身边，破坏周遭的一切。
565c963fcf016506,TID_CHALLENGE_INFO_2021,丛林深处，大地颤动，14级大本营狂野登场。英雄们有了战宠的陪伴，更是如虎添翼！龙骑士和攻城烈焰车首度出击，燃爆战场。
526514d00ca689dd,TID_BUILDING_WIZARD_TOWER,法师塔
9edd5409134684da,TID_COPIED_TO_DEVICE_CLIPBOARD_GENERIC,已复制到设备剪贴板！
2c7e4c971740230e,TID_BARRACKS_NOT_UNLOCKED,尚未建造该训练营
16b145ca4bea27f2,TID_MAINTENANCE_ESTIMATED_MINUTES,请在约<value>分钟后重试。
0777dffb29b19b6c,TID_CAPITAL_GOLD_STORAGE_FULL_TEXT,都城金币已达存储上限，仍要继续进攻？
a2b963c93f6de44a,TID_SETTING_SCREEN_SHAKE_INFO,将该功能设置为\q开启\q后，游戏内出现某些特效时，游戏画面将会抖动。
3f7c6298d24b85d3,TID_MAP_LOCATION_18,天鹰小道
c8affbea21fe52de,TID_BATTLEPASS_TASK_INFO_USE_BABYDRAGONS2,在建筑大师基地战斗中使用飞龙宝宝赢得<num>颗胜利之星。
ecb5b863a9e4c94a,TID_REPORT_DESCRIPTION_DEFAULT,请描述你要举报的内容
9008e2fd48a7866e,TID_TUTORIAL_BARRACK_1,首领，我们需要训练一支军队去攻打那些哥布林！让我们修建一个训练营吧。
96541b43cabec20b,TID_DECO_CLOWN,\q友爱\q小丑
f2393e9edb96f7cf,TID_CAPITAL_PLAYGROUND_SUPER_WIZARDS_2,<c54a0fe>超级法师</c>的射程略短于<c54a0fe>隐秘弓箭手</c>。
1744b03bbb1a1297,TID_RESULTS_FOR_LAST_RAID_SEASON_ARE_STILL_BEING_PREPARED,突袭周末战绩仍在处理中
ffafe8d4fe608a22,TID_GEAR_UP_BUILDING,改装建筑？
a3e7f4aa7453c38e,TID_WL_EXPLAIN_REWARDS_TEXT,您的联赛奖章奖励取决于您赢得的胜利之星数量以及您部落所在的联赛段位和排名。
650c87c5e62c5d05,TID_WL_WARLESS_DAY,没有对战
9dc21df4a90c4978,TID_NEWS_BALANCING_TEXT,
b88b9e8f168e3a4b,TID_ERROR_POP_UP_SERVER_MAINTENANCE_ESTIMATED_TWO_HOURS,抱歉，服务器正在维护中。请在几小时后重试。
9df5555d04010d24,TID_SHOP_MERGE_BUILDING_DISCLAIMER,两个建筑将合并为这个新建筑，该操作无法撤销。
5c8a51f6b8c51ddb,TID_CURRENT_WAR_LEAGUE,当前段位：
2dc074381e1e4b0c,TID_INFO_EFFECT_TYPE,效果类型：
952e1763d98dd4eb,TID_ALLIANCE_WAR_ATTACKS_REMAINING,剩余进攻次数
62e07b0d93117265,TID_CLANGAMES_TASK_INFO_WIN_STARS_VS_TOWNHALL_8,在联机模式中进攻8级大本营村庄，并赢得<num>颗胜利之星。
3db74239ba6f41b9,TID_LOCAL_NOTIFICATION_YOUR_ARMY_IS_READY_ALL,您的军队已经准备好投入战斗了！
88f34cb8fdc31515,TID_BP_PURCHASE_BUTTON_PROMPT,",\qشراء التذكرة الذهبية"
c7c822b074372747,TID_LEAGUE_WOOD5_SHORT,木头5
44635f025bef6b47,TID_OFFER_GIFT_COUNT,礼物最多可供<num>名部落成员领取！
81f71a550cbaab25,TID_PRODUCTION_RATE_PER_DAY,生产速度：每天<number>颗
9c7e2bce638c4142,TID_FULLY_LOADED,装填完毕
45ef869e3f7e7414,TID_REENGAGEMENT_LAB_DID_UPGRADES_NONE_LEFT_3,我们需要先升级实验室才能解锁更多选项！
de0556837b27321d,TID_TRAINING_SCREEN_ELIXIR,圣水：
62c6efe29799ee87,TID_HINT_CLAN_CHAT_PROFANITY_FILTER,您现在可以在\q设置\q菜单中开启部落聊天不雅用语过滤器。
16aa09f0038ea281,TID_DECORATION_HOG_FLAG,野猪旗帜
9955a71abf0e303e,TID_LEAGUE_QUEEN,联赛女皇
4c440de215c2ee33,TID_EVENT_ACHIEVEMENT_REWARD_CLAIMED,活动挑战已完成！您收到了<gem>颗宝石和<xp>点经验值！
43c85c793a9225ab,TID_POPUP_BOOST_BUILDERS_TITLE,加速建筑工人？
4c5917866cd45684,TID_KICKED_FROM_ALLIANCE,您被请出了这个部落：<msg>
70be06fda2471eaa,TID_BUILDING_CUSTOMIZE_BUTTON,自定义
638412d845476558,TID_CLANGAMES_TASK_WIN_STARS_USING_CLONE_INFO,在联机模式中赢得<num>场战斗，每场战斗需使用<num2>个镜像法术。
944ef7aa28b4638b,TID_BP_PERK_GEM_DONATION_COST_DESC_STARTER,所有快速增援仅需1宝石
be66a8751d5766a7,TID_SAVE_ALLIANCE_SETTINGS,保存
335826cbd2759ce7,TID_MAP_LOCATION_17,飞龙湖泊
b9062f28145bd42e,TID_BOB_FEATURE_DESCRIPTION,一个不知疲倦的机器人，也是家乡村庄建筑工人的朋友。绝对不会有人怀疑它的身份。
fb74859c189464bb,TID_CLANGAMES_TASK_INFO_WIN_STARS_VS_TOWNHALL_13,在联机模式中进攻13级大本营村庄，并赢得<num>颗胜利之星。
393d0355442f01dc,TID_NPC_CHALLENGE_TH11_LAVALOON_HOUNDS1,首先派出<c54a0fe>熔岩猎犬</c>为您的<c54a0fe>气球兵</c>吸引火力！
62a535e88427e5ff,TID_NPC_CHALLENGE_TH12_DRAGBAT_FREEZE1,使用<c38eaff>冰冻法术</c>保护<c54a0fe>蝙蝠</c>不被消灭，记得同时覆盖<cf70d16>法师塔</c>和<cf70d16>防空火箭</c>！
080787b127d51498,TID_DIAMOND_BUNDLE_MAGICITEMS_BUILDER_BASE_FIGHTING_BOOK_WITH_ELIXIR_INFO,• <res0>建筑大师圣水\n• <booster1>本战斗之书\n• 存放礼包中的物品不受最大储量限制！\n\n包含升级建筑大师基地部队所需的一切！
5afdf9b24dd308ac,TID_PET_DIGGY_INFO,地兽生性腼腆，大部分时候都躲在地下。但在战斗中，它还是会做好自己分内的事：破土而出攻击建筑，助英雄一臂之力。地兽跟随的英雄被击倒后，它会寻找另一位英雄为其提供帮助。
65e17f565b65fd3d,TID_NEWS_IOS7_TITLE,iOS 5和iOS 6版本的设备无法继续游戏
2975028d6f02878b,TID_FIND_MATCH_HEADER,寻找对手？
9e9c0a9ad1aae9c8,TID_BUNDLE_RESOURCE,资源礼包
877fd372ffc419ad,TID_ALL_BUILDERS_AVAILABLE,已完成全部升级
5e40094a4d4110ed,TID_MEMBERS_SORTED_BY_TROPHY,按奖杯数递减
a45d24890d0fea31,TID_SETTING_SHOW_LEADERBOARDS_INFO,设置为\q开启\q，其他玩家可以在排行榜上看到您的排名。如果设置为\q关闭\q，其他玩家不会在排行榜上看到您。
daf1f066526bafd0,TID_NPC_CHALLENGE_TH7_HOG_HEAL1,<c54a0fe>野猪骑士</c>损伤惨重，赶快使用<cffe346>疗伤法术</c>！
b9fdc58def1ed842,TID_YOU_HAVE_ALREADY_CLAIMED_THE_GIFT,您已领取过该礼物了！
3cb1c3ae573b5a76,TID_ALLIANCE_REQUEST_ACCEPTED,欢迎来到我们的部落！
593239cbf24cd8b0,TID_INVALID_CAPITAL_ARMY,进攻前请更新您的都城军队
59bca332b881a831,TID_GRAND_WARDEN_INFO,大守护者手握神秘法杖，是位身经百战的战术家。在进攻和防守时，他能为您的部队提供支持。
0920f7175c49fb41,TID_HERO_INSTRUCTIONS_BARBARIAN,所有野蛮人中体型最大、最勇猛的一个。这个大块头能吸收大量伤害，并会用他的剑摧毁所有拦路之物。他在防守时会拼命守护领土。
052d333050e81599,TID_KEYBOARD_CONTROL_GROUP_TITLE_HEROES,英雄控制
81d6d5d406bf107e,TID_CHAT_TEXTFIELD_PIN_TEXT,钉选消息......
45f55c85f39b360b,TID_CHARACTER_FIREMITE,小火怪
2012b607f26a527b,TID_CHAT_ERROR_PERMISSION_DENIED,出错了，请稍后重试。
a484e7a8fbff0b7b,TID_SILVER_PASS_REWARDS,白银令牌奖励
e9963a9792d2bef1,TID_SPELL_OVERGROWTH_INFO_SHORT,将敌方缠住以击败他们。
50f9c9c01518125b,TID_CHAT_TAG_ALL_INFO,提及所有部落成员
b7a3a4ea0562e952,TID_EVENT_PASS_ACTIVATE_TEXT,启用活动令牌以获取更多奖励！
51b661549a2a7524,TID_LUNAR_KING,海龙蛮王
52896ec584ca1425,TID_LNY24_QUEEN,海龙女皇
c4d9d9a23dacdd0f,TID_CLAN_STATUS_WARS,对战
9f9a3d8df70d04ee,TID_STREAK_EVENT_BUTTON_CLAIM,领取
2eba1162f16f393d,TID_GEAR_INFO_HASTE_VIAL,使飞盾战神获得急速效果
da67f9230e43a66e,TID_STREAK_COUNTER,<num>/<max>
79fe7eb51348b37d,TID_FIRST_TIME_DISCOUNT,首次折扣
9af3d80d295e2c85,TID_STREAK_EVENT_BUTTON_RUSH,冲刺!
858c9465c1820b4d,TID_CHARACTER_SIEGE_MACHINE_TROOP_CATAPULT,部队弹射原型机
9a150077d0f198ec,TID_LAST_ONLINE_ONE_WEEK_AGO,1周前登录过
2e8c488cf3d4a10a,TID_GOBLIN_BUILDER,哥布林建筑工人
9386cba29d1770c7,TID_KEYBOARD_CONTROL_SELECT_HERO,选择英雄<num>
e1a6f0e3026001ce,TID_CHARACTER_WATER_DRAGON,驭水青龙
394b82d06648afb8,TID_PIN_NOT_ALLOWED_REGULAR_MEMBER,只有首领和副首领可以发送钉选消息！
a00dffa78465b178,TID_BUTTON_CLAN_NOTICE_PUBLISH_INFO_1,您目前尚未启用部落公告。
caec0a10dce899b7,TID_SPELL_OVERGROWTH_INFO,将附近的建筑困在坚固的根蔓中，阻止防御建筑攻击。部队会无视被困建筑。
5b96c8c2ef8236d2,TID_PIN_ERROR_INTERNAL_ERROR,出错了，请稍后重试。
40bcc36cf31b2e6a,TID_EP_ACTIVATE_SCID_CONFIRM,您的Supercell ID存有<num>x活动令牌。要为本次活动启用一个吗？
7529606ae4727792,TID_CLAN_STATUS_ACTIVE,活跃
d8975561dfdc7669,TID_EP_ACTIVATE_SCID_TITLE,启用活动令牌？
b6be15c25c9b01b3,TID_JOIN_CLAN_INFO_DONATE,获取免费军队增援！
c568f5991cfb8776,TID_PIN_ERROR_INVALID_STREAM_ENTRY_ID,出错了，请稍后重试！
e2558d1d9c1859f7,TID_INFO_TARGET_TYPE_DEFENSES_AND_HEROES,防御和英雄
bdbfe47bfd253821,TID_EP_ACTIVATE_BUTTON,启用
df0a1edf9321b007,TID_SUPER_TROOP_AVAILABLE_FROM_EVENT,在<event>活动中可免费使用！
36147f14a4051583,TID_LAST_ONLINE_OVER_MONTH_AGO,一个月前登录过
b41b06b4affdfa2f,TID_KEYBOARD_CONTROL_ACTIVATE_SPELL,启用法术<num>
045d11a1441b6c19,TID_MEDAL_EVENT_BUTTON_TITLE,奖励
0d5eada653ebdd96,TID_ATTACK_RANGE_TILES,射程：格
a6a8ef1835f39bec,TID_ALLIANCE_WAR_LOOT_COLLECT_INFO_2,您可以从您的宝库和铁匠铺中收集部落对战奖励。
e0c540e880487bc1,TID_INFO_SCREEN_TITLE,<cffcc33><number>级</c><object>
c38adbdf38ea27b3,TID_KEYBOARD_CONTROL_GROUP_TITLE_CLAN_CASTLE,部落城堡控制
e194277edbed9e54,TID_SETTING_CHAT_TAG_INFO,如果将此设置为\q开启\q，部落聊天中有人提及您时，您会收到通知。
82c457524eaffffb,TID_JOIN_CLAN_INFO_TOGETHER,一起战斗，赢取更多战利品！
7591d50d27cc2e4e,TID_STREAK_EVENT_STREAK_COMPLETED,连胜已完成！
f95485f89f49e09a,TID_EVENT_ACHIEVEMENT_BOOSTER_GEM_XP_REWARD_CLAIMED,活动已完成！您获得了<gem>颗宝石、<number>个<booster>和<xp>点经验值！
3925ac538162d5b9,TID_GEAR_FIRE_IN_A_CAN,巨大火球
4dfcad29c989563c,TID_UNPIN_ERROR_MESSAGE,取消钉选消息失败：{0}
e475b6389365123b,TID_OFTHENORTH_BATTLE_MACHINE,北境战争机器
6277b25f509ac82c,TID_CHAT_INELIGIBLE_PIN_INFO,只有首领和副首领能钉选消息。
159c468fba32ee9a,TID_SPELL_OVERGROWTH,疯狂蔓生法术
25e42dca32d9e090,TID_DECO_LNY24_CRAB,宅家螃蟹
e62657213be3aa84,TID_HERO_GEAR_UNLOCKED,已解锁<gear>！
ea6807ec1eefd37c,TID_SPELL_FROST,精准冰霜法术
79748907d85fb3c4,TID_GP_ACTIVATE_COUNTDOWN,启用令牌的窗口将在<time>后关闭
bf560e86f8f7d7ac,TID_FREE_RESEARCHER,完成研究
f86f06ed8bfbb3b3,TID_DECO_SPACE_2024_GLOBE,石头地球仪
3ccb47ba8d94bea2,TID_KEYBOARD_CONTROL_SELECT_SIEGE_MACHINE,选择攻城机器
22c876cab8975fda,TID_HERO_INSTRUCTIONS_ROYAL_CHAMPION,翻越城墙，无往不利！飞盾战神一生只怕四件事，但敌军不在其列。她的近距离攻击非常适合用来摧毁近处的防御建筑。
1804973436dde62b,TID_STREAK_EVENT_STREAK_BROKEN_TEXT_RESET,重置连胜，重新开始
cf6f2b92f660dcdd,TID_GOBLIN_RESEARCHER,哥布林研究工人
9c2f56d309180a45,TID_CLAN_STATUS_DONATIONS,增援：
62509c508ba5858a,TID_CHAT_PIN_NOTIFICATION_INFO,向被提及的玩家发送通知？
c048cfea508cea3d,TID_CHAT_BUTTON_REMOVE_PIN,取消钉选
cd5c862dbf320a69,TID_CHAT_TEXTFIELD_TEXT,部落消息......
7c70e1d97d6300ae,TID_STREAK_EVENT_RUSH_STREAK_TEXT,您可以提前解锁连胜活动的下一级！
d23a2ae47eec74e7,TID_GEAR_ROCKET_SPEAR,火箭飞矛
9630371cb016c6ac,TID_STREAK_EVENT_RUSH_STREAK_BUTTON_CONTINUE,冲刺!
5aea6bffe23fe00e,TID_CHARACTER_INFO_FIRECRACKER,这位粉头发的前弓箭手超爱玩火，她卖掉了自己的弓，换上了火力更凶猛的武器。烟花炮手会向离她最近的目标发射威力巨大、效果华丽的烟花，但每次攻击的后坐力会使她略微后退。她可以让农历新年的夜空变得绚丽多彩，但要记得别在她周围留下任何可燃物。
bacf937bfd253821,TID_BP_ACTIVATE_BUTTON,启用
881912b0ebe03dab,TID_BUY_MULTIPLE_MISSING_RESOURCES_TEXT_N3,购买缺少的<count1><resource1>、<count2><resource2>和<count3><resource3>？
5a0f15e5a9c6c271,TID_DRAGON_PALACE_SCENERY,深海龙宫
fa1d13d3389aae3c,TID_STREAK_EVENT_BUTTON_BOOSTS,加成
97d2c203199bdd40,TID_NUM_ATTACKS_UNTILL_DEACTIVATE,攻击：次
42218a28a4eb58da,TID_STREAK_EVENT_REWARD_PERCENT,<num>%
0abb1908a81a2141,TID_INVISIBILITY_SECONDS,隐形：秒
da16ece99edc94b3,TID_KEYBOARD_CONTROL_SELECT_CLAN_CASTLE,选择部落城堡
96715bad15eb696d,TID_SIEGE_MACHINE_INVISIBLE_FLYING,隐形无人机
c9cce1b5c295719c,TID_BP_ACTIVATE_SCID_CONFIRM,您的Supercell ID有<num>个黄金令牌。要使用其中一个来启用本赛季的黄金令牌吗？
662014291fefcfa1,TID_JOIN_CLAN_INFO_CHAT,与部落成员聊天！
180821f544b4406b,TID_BP_REWARD_RESOURCE_INFO,收集资源，用于您家乡村庄、建筑大师基地和部落都城的各项升级！
b930fd38620b79dd,TID_DECO_SPACE_2024_GOBLIN_STATUE,哥布林探险家
eea2051e27fc09cc,TID_CHAT_FEATURE_TITLE,全新聊天功能！
352f6314172aee20,TID_PIN_ERROR_NOT_PINNABLE,该消息无法钉选。
ea1d19aef0480dbf,TID_CHAT_ERROR_THROTTLE,请稍等片刻再提及玩家。
3f2e9e19a94092d5,TID_PIN_ERROR_NOT_IN_ALLIANCE,您没有加入部落，因此无法钉选消息。
16f2daea9f985076,TID_STREAK_EVENT_HUD_NOTIFICATION,已完成<num>/<max>个任务！
d7d4c6331661371f,TID_STREAK_EVENT_BUTTON_PURCHASE,<TID_STREAK_EVENT_BUTTON_PURCHASE>
96c3efa03622a0d8,TID_CLAN_STATUS_VERY_ACTIVE,非常活跃
6481c9ba7d2d29ce,TID_STREAK_EVENT_BUTTON_BROKEN,继续!
ea614d5df5e83327,TID_STREAK_EVENT_STREAK_BROKEN_BUTTON_CONTINUE,继续!
4c7a10f4a575f3a6,TID_BUTTON_CLAN_NOTICE_PUBLISH,发布公告
08bdc0710a377344,TID_GEAR_INFO_ROCKET_SPEAR,她接下来几次投掷的飞矛威力更强，范围更远。
dc0400ebdf36e438,TID_OPEN_STREAK_EVENT,开启
b7cff154f6e827a3,TID_KEYBOARD_CONTROL_GROUP_TITLE_SPELLS,法术控制
528d680922602092,TID_STREAK_DESCRIPTION_TASK_BROKEN,您的连胜已中断！您可以选择继续连胜或重新开始。
76cb33a2981a0392,TID_STREAK_COUNTER_STREAKS,连胜
212a393ea337c371,TID_JOIN_CLAN_TITLE,加入一个部落
1236dc099ecafd53,TID_STREAK_EVENT_PERK_LEAGUE_BOOST_TOPIC,联赛加成：
33a59c2ec9484cfc,TID_STREAK_EVENT_STREAK_BROKEN_TEXT,您可以继续连胜或重新开始
8deb5dd64df1fed8,TID_GOLD_PASS_PERKS,黄金令牌特权
62cc46ae71709a94,TID_CHAT_ERROR_UNDEFINED,出错了，请重试。
7677786559664f8d,TID_EVENT_TRACK_REWARD_INFO_SUPER_TROOP_NOT_AVAILABLE,无法再使用免费超级部队
230d5c87204390c1,TID_EP_SUPER_TROOP_UNLOCKED,<name>已启用！
8dc5597308ddae05,TID_CHAT_FEATURES_LIST,- 在你的消息中提及<cff8000>@玩家</c>，给他们发送通知！\n- 按住一条消息，添加反应！\n- 首领和副首领可钉选消息！
1abc0a9adc55624d,TID_SUPER_TROOP_MENU_EVENT_TROOP,活动兵种
8ea23a66fc8ea83b,TID_KEYBOARD_CONTROL_SELECT_TROOP,选择部队<num>
a4a533367b307539,TID_POPUP_UPGRADE_WALL_TITLE,升级城墙！
23fea7b0d5528047,TID_STREAK_EVENT_PERK_LEAGUE_BOOST_NAME,联赛加成
5a2634c1c16e580e,TID_CHAT_BUTTON_ADD_PIN,钉选
8bc77a9f1115ea4d,TID_SPELL_HEAL_SPIRIT,治疗精灵法术
9671f5a02669fdbd,TID_CLAN_NOTICE_TITLE,部落公告
48053e868832787e,TID_HERO_INSTRUCTIONS_QUEEN,这位优雅的女猎手掌握着毁灭性的力量，实力碾压其他所有弓箭手。虽然生命值不高，但她能用威力十足的十字连弩从远处攻击目标。在防守时她会拼尽全力守卫村庄。
786452975d10500f,TID_DEAL_END_TIME,离特惠结束还有：
7f5cc0e17190565b,TID_BUTTON_EDIT_CLAN_SETTINGS,编辑部落设置
9aeef2e352037ca1,TID_NAME_UNKNOWN,
1cbb465c9d051b96,TID_GP_ACTIVATE_BANNER_TITLE,启用黄金令牌
02dbdfdb3956dec1,TID_CHAT_ERROR_TOO_MANY_TAGS,您消息中提及的玩家过多。
be613d2770043575,TID_CHAT_ERROR_INVALID_TAGS,您的提及无效，请稍后重试。
241e7007763cb3da,TID_PIN_ERROR_MESSAGE,钉选消息失败：{0}
d8a0c6116508e29a,TID_BP_ACTIVATE_SCID_TITLE,启用黄金令牌？
ac8338c3f5fff0da,TID_SCENERY_OFTHENORTH,北境雪原
e5c1dfd94349f609,TID_UNPIN_ERROR_INTERNAL_ERROR,出错了，请稍后重试。
bc5e2caa83528372,TID_POPUP_GOBLIN_RESEARCHER_EXPENSIVE_DISCLAIMER,哥布林研究工人进行研究仍需花费资源和时间。目前情况下，完成您当前的研究会更划算。
3d161fd348e53a2e,TID_GEAR_INFO_FIRE_IN_A_CAN,向距离最近的防御投掷一个巨大的爆炸火球。
ff643312fbf966d1,TID_DECO_EGYPT_2024_GOBLIN,哥布林法老
bff0974855e811ca,TID_KEYBOARD_CONTROL_GROUP_TITLE_TROOPS,部队控制
c952cd756cf6f7e3,TID_WINTER_QUEEN,北境女皇
a5c8a119db34cc22,TID_STREAK_EVENT_TASK_NUMBER,任务<num>/<max>
73b8d883e90204a3,TID_FREE_A_BUILDER,空出一个建筑工人
96f1f1a54cdee35d,TID_BP_TAB_TRACK,奖励之路
ad4e2cd4a94e0db2,TID_AVAILABLE_IN_SHOP,从商店中获取！
7da68fbe8fcc226d,TID_OBSTACLE_BALL,神秘物体
bc2b8bc24438a08d,TID_CHAT_NO_PINNED_MESSAGES,目前没有钉选消息。
b0ebb7ec663e8777,TID_GEAR_RESOURCE_EPIC_INFO,星辉矿石可用于升级装备。\n您可以通过部落对战或特别活动获取。
8df16e769bde75e0,TID_BUTTON_CLAN_NOTICE_PUBLISH_INFO_2,您已启用部落公告。
f54e258aee7eea0f,TID_PIN_ERROR_NO_MORE_PINS,钉选消息已达数量上限。
4a2c500738f0860a,TID_CHAT_TAG_TITLE_ALL,全部
b167788d2619aa40,TID_LNY24_WARDEN,海龙守护者
853d35629864aa67,TID_JUST_NOW,刚刚
652afd6d53e5099e,TID_CHARACTER_INFO_WATER_DRAGON,青龙象征着力量与威严，而这条驭水青龙更是集聚了这两方面的神力。它预示着春天的到来，能行云布雨，还能助您斩获胜利。驭水青龙的生命值很高，并能造成带有穿透效果的溅射伤害，可攻击到其初始目标后方的敌军。有它的帮助，您在战场上肯定能如鱼得水，势如破竹！
74b19305eca6a101,TID_STAR_BONUS_LOOT_HEADER,胜利之星奖励已运送至<destination>：
d2a429fb2aca5de9,TID_STREAK_EVENT_STREAK_COMPLETED_DESCRIPTION,恭喜您，首领！您完成了连胜目标！
2dc294b0d72a74ec,TID_DECO_EGYPT_2024_BABYDRAGON,普塔飞龙宝宝
79bbc2a7791c4ec4,TID_STREAK_EVENT_PERK_LEAGUE_BOOST_INFO,联赛加成越高，您通过进攻获得的奖励就多！
74113d3d8d88845c,TID_CHAT_TAG_LEADERS_INFO,提及部落首领
0dbbe648672cdf72,TID_STREAK_EVENT_RUSH_STREAK_TITLE,冲刺连胜！
398ecb9da50d0d67,TID_EVENT_PASS_ACTIVATE_TITLE,启用活动令牌！
b029173f97affc1d,TID_DECO_LNY24_BABY_DRAGON,飞龙宝宝雕像
76a95487166d8731,TID_DECO_SPACE_2024_CRATER,冲突陨石坑
7bd8ebb12ea1b6a1,TID_CREATE_CLAN_NOTICE_SUBTEXT,您的部落公告将使用您当前的部落设置。
25c9fcb9c37a7a4a,TID_STREAK_EVENT_TIME_LEFT,离活动结束还有：<time>
f24a12d32c50a053,TID_JOIN_CLAN_INFO_CAPITAL,在部落都城共同建造，并肩战斗！
9c3e9deaa02f6246,TID_CHARACTER_INFO_SIEGE_MACHINE_TROOP_CATAPULT,投掷您的攻城机器部队
e1414d067af6b4aa,TID_INFO_SCREEN_PASS_TEASER,使用黄金令牌最高可省：
253491e1eddc5728,TID_POPUP_GOBLIN_BUILDER_EXPENSIVE_DISCLAIMER,哥布林建筑工人仍需要资源和时间进行建造。空出一个建筑工人可能更划算。
fe35e3b104bf0b41,TID_GOBLIN_BUILDER_AVAILABLE,可使用！
9d6e6474770dbbad,TID_DECO_LNY24_ANCHOR,幸运船锚
87727eb0c7b24521,TID_DECO_LNY24_DRAGON_PINATA,神龙皮纳塔
046a9f61e03b7ae1,TID_CHAT_TAG_TITLE_LEADERS,首领
e1716976a65a138b,TID_DECO_DUCK_POND,小鸭浴盆
2ba0fbd370a07b3d,TID_DECO_EGYPT_2024_HOG,斯芬克斯野猪像
bb8604fb4c992133,TID_PUSH_CHAT_TAG,部落聊天中提到了你
e2deb2eebfd69a1a,TID_GOLD_PASS_ACTIVATE_INFO,启用本赛季的黄金令牌，即可解锁以上奖励和更多超赞奖励！
cd8d1e8f9a837d04,TID_STREAK_EVENT_BUTTON_RESET,重置!
7b5a44e00415288f,TID_GEAR_INFO_ANGRY_TOME,附近友军单位会造成额外伤害
f23aa4a95e47a25e,TID_EP_ACTIVATE_COUNTDOWN,启用活动令牌的窗口将在<time>后关闭
3b9b0a465824a419,TID_SIEGE_MACHINE_INVISIBLE,匿踪攻城机
eaea223a2a23653d,TID_KEYBOARD_CONTROL_GROUP_TITLE_SIEGE_MACHINES,攻城机器控制
e4c3d56ee0869366,TID_STREAK_EVENT_STREAK_BROKEN_BUTTON_BREAK,重置!
892f4f4a92b62189,TID_SETTING_CHAT_TAG,部落聊天提及
46bde0c5d78004cd,TID_BP_REWARD_UNLOCKED_IN_TRACK,奖励之路上可领取的奖励
a3e022a7c760d64c,TID_JOIN_CLAN_INFO_FEATURES,解锁部落对战、部落竞赛等更多内容！
7f7dcbb4c0e719d3,TID_CLAN_STATUS_CHAT,聊天：
1cd72c6e9bc7ef81,TID_INFO_SCREEN_TITLE_UPGRADING,正在将<object>升至<cffcc33><number>级</c>
434f1b3fd92c05d6,TID_CANCEL,取消
9af968078826a64a,TID_STREAK_EVENT_RUSH_STREAK_BUTTON_CANCEL,取消!
33655be21c0a1453,TID_GOLD_PASS_REWARDS,黄金令牌奖励
a9304c76a3493de1,TID_GEAR_TITLE_HASTE_VIAL,急速药水瓶
f0c743f0f9806c4f,TID_MEDAL_EVENT_TROOP_BONUS,使用<troop>的额外奖励
3dc8be4734e0fa56,TID_LAST_ONLINE_MULTIPLE_WEEKS_AGO,<num>周前登录过
dc6b1fb480eb4035,TID_TAB_CLANS_FIND_PLAYERS,搜索玩家
2ddee3fd240f3574,TID_HERO_INSTRUCTIONS_WARDEN,大守护者是一位强大的魔法大师，他会用手中的法杖支援进攻部队。他可以跳过城墙或和空中部队一样飞翔，因此可以为任何进攻部队提供帮助。防守时，他将变成一座强大的防御塔。
a433b68488b120d2,TID_POPUP_UPGRADE_WALL_TEXT,要使用<num>x<booster>升级该城墙吗？
63c598702201c306,TID_PIN_ERROR_THROTTLED,请稍等片刻再钉选更多消息。
7d9691e77c81477c,TID_WINTER_KING,北境之王
bcaa9b6a4481f4ad,TID_CHAT_ERROR_MESSAGE,发送部落消息失败：{0}
6a415cc87e0acd07,TID_PIN_NOT_ALLOWED_FEED_FULL,钉选消息已达上限<num>条！
2219ec7c30f8216d,TID_SUPER_TROOP_ALREADY_ACTIVE_THROUGH_EVENT,已通过活动启用
8ab74b01e42f3aac,TID_EP_ACTIVATE_BANNER_TITLE,启用活动令牌
1545ec370984b232,TID_STREAK_EVENT_COMPLETE_CURRENT_TIER_TO_RUSH,完成当前任务以冲刺
85db9ba349cffb40,TID_LNY24_CHAMPION,海龙战神
c8c943689d3b464c,TID_STREAK_EVENT_STREAK_BROKEN_TEXT_CONTINUE,从中断的地方继续您的连胜
0ce19435da758632,TID_STREAK_EVENT_STREAK_BROKEN_TITLE,您的连胜已中断！
d53dd99704e79dff,TID_ABOUT,制作人员\n\n<names>\n\nClash of Clans ™ <version>\n2012-2024 Supercell Ltd.版权所有，保留所有权利。\n美国专利申请中\n所有使用本软件的行为受制于我们在www.supercell.com列明的条款、细则以及隐私保护政策。
2c53121e8b442922,TID_INFO_SCREEN_TITLE_UPGRADE,将<object>升至<cffcc33><number>级？</c>
d617aab0673be8ae,TID_LOOTCART_HUB_TEXT,收集<cffcc33>战利品</c>并开始升级您的村庄。
2ff3e8e30d7b374a,TID_CLANGAMES_TASK_USE_EQUIPMENT_FOOTBALL,帽子戏法
77f3d19eb7d13c12,TID_STREAK_EVENT_FAILED,任务失败
e9c9d501d46ccf68,TID_EDIT_CLAN_NOTICE_TITLE,
07a98e4723a80552,TID_REENGAGEMENT_HUB_TITLE,教程中心
f235ae81fa0145b2,TID_STREAK_EVENT_PERK_LEAGUE_BOOST_NAME,连续打卡奖励
b803edb1d82eb3b6,TID_STREAK_EVENT_NOTIFICATION_STREAK_ADVANCED,任务完成！
39f6e15dacf47ecf,TID_CHARACTER_CHAIN_HEAL_DRUID_INFO,
5ec6a451a6b057fe,TID_STREAK_TASK_REVEALED_IN,离任务<task>开启还有：
de8ff34667453570,TID_HERO_ABILITY_CLONE_DPS,克隆体每秒伤害值：<number>
7d9691d639ea077c,TID_WINTER_KING,北境蛮王
e9ba53aaf2d73938,TID_STREAK_EVENT_STREAK_BROKEN_TEXT_CONTINUE,补卡继续还是重新开始？
8cd9c2ad7dc2ed96,TID_DECO_CLASHBALL_TROPHYBALL,盖世金球
8a2f9b0020e10b22,TID_PET_ABILITY_ANGRY_JELLY,心灵控制
50cda8667dc103ba,TID_OFFER_TOWNHALL_UPGRADE_PACK,<num>级大本营礼包现可通过商店获取！
da66e1458a115a5f,TID_PET_ANGRY_JELLY,愤怒水母
a749b662cab89722,TID_DECO_CLASHBALL_TROPHYCROWN,冠军奖杯
fe15605175ae2f09,TID_BUTTON_CLAN_NOTICE_BOARD,
7275de0d92e1e505,TID_EP_RESOURCE_REWARD_GET_GEM_ALTERNATIVE_NO_BLACKSMITH_TEXT,建造铁匠铺以存储<resource>。\n以<amount>宝石的价格出售？
73fba020ca4785dd,TID_GIVEN_ABILITY_BOOST_DAMAGE_PERCENTAGE,<ability>伤害提升：<number>%
53aeb10ce6bd9373,TID_EVENTS_HUB_TEXT,查看我们的<cffcc33>活动</c>，乐趣多多、奖励多多。
67eb7611b52021df,TID_GEAR_INFO_CLONING_CLOAK,召唤弓箭女皇的克隆体
f3ae9e3c3fd4037b,TID_BUTTON_CLAN_NOTICE_DESCRIPTION,
de6704624fbddb9b,TID_DAILY_LOGIN_HUB_TEXT,查看<cffcc33>登录活动</c>领取每日奖励。
c7b1a9356926d7e1,TID_STREAK_EVENT_INFO_SCREEN_2,连续打卡的记录越长，解锁的联赛奖励加成和其他奖励就越好。
81c1f0f6f5f5e2f0,TID_STREAM_EVENT_PROMOTED_AUTOMATICALLY_NEW,<player>被自动晋升为<role>
e9e083ce907f2edf,TID_MASS_TAG_LEADERS,首领
845dbae33f7a047c,TID_GEAR_FOOTBALL_BOUNCE_INFO,
1d086ae2e47e7b35,TID_DECO_CLASHBALL_TROPHYCUP,庆典金杯
6023fa6c85cabcde,TID_SPACE_WARDEN,太空守护者
dd031a6074bc055a,TID_ABILITY_FREE_KICK,任意球
5865e21cfe5ad166,TID_ABILITY_THROW_IN_INFO,弹跳两次，摧毁城墙，每次落地造成<num>伤害
e7fca2b7368e2610,TID_STREAK_EVENT_STREAK_BROKEN_BUTTON_BREAK,重新开始!
964ca93d27f56a94,TID_CLANPERK_DESC_DONATION_LIMIT_VALUE,<troops>个部队、<spells>个法术、<sieges>个攻城机器
202d4f62dca82fd8,TID_MESSAGE_WAR_SIGNUP_CONFIRM_TITLE,发送对战报名？
5328e31ff2c501fb,TID_STREAM_EVENT_CHANGED_SETTINGS_NEW,<player>已更新部落设置
093e504b600176e2,TID_NO_MATCHING_RESULTS_FOUND,未找到符合的结果
14d5a17912611234,TID_STREAM_EVENT_NAME_CHANGED_NEW,<player>已将名称更改为<name>
954e910788aa13b1,TID_JOINCLAN_HUB_TEXT,<cffcc33>加入部落</c>和其他玩家一起玩游戏，收获更多乐趣。
2dbaee6fe6f02bc6,TID_STREAK_EVENT_INFO_SCREEN_3,如果您没有按时完成任务，可以重新开始或使用宝石重做该任务。
73f5b47d5c61fdf9,TID_EVENT_TRACK_REWARD_INFO_SUPER_TROOP,免费启用<name>！
e91cbdd4a9e51f55,TID_PRACTICELEVELS_HUB_TEXT,观看<cffcc33>进攻练习</c>回放，以提升您的技巧。
e36ec355812fa225,TID_LABORATORY_HUB_TEXT,充分利用<cffcc33>研究加成</c>。
b8c284a76b9d468c,TID_STREAK_EVENT_TIME_REMAINING,剩余时间：<time>
df8853d98daa3447,TID_SCENERY_EGYPT,埃及古迹
ad9910d00a3a6917,TID_STREAK_EVENT_LEAGUE_BOOST,连续打卡奖励
8545ae16c08c2737,TID_CHALLENGE_CASTLE_EMPTY,您的部落城堡是空的！
5c2f5d50ccf76f5e,TID_STREAK_EVENT_BUTTON_RESET,重新开始!
4e63f0610bb2fbcd,TID_EGYPTIAN_QUEEN,埃及女皇
d1271c2f25ee974a,TID_DECO_CLASHBALL_STATUECHARACTER,
924ec724b54535c2,TID_BUTTON_SEND_WAR_SIGNUP,发送对战报名
5df453e2ee58396d,TID_CHIEFSJOURNEY_HUB_TEXT,点击<cffcc33>首领征程</c>，查看您已解锁的内容。
42b437de70c1439f,TID_HERO_ABILITY_SUMMONED_UNITS_HEALTH,被召唤单位生命值：<number>
db228506164837fe,TID_STREAK_EVENT_INFO_SCREEN_1,每天在规定时间内完成一项任务，挑战更高的连续打卡记录。
e451f21f9de7d05d,TID_STREAK_EVENT_BANNER_TITLE,进度
6db0f24eb32180bf,TID_INFO_TARGET_TYPE_BUILDINGS,建筑
53befafa9b92377b,TID_EP_RESOURCE_REWARD_GET_GEM_ALTERNATIVE_TOO_LOW_TH_TEXT,大本营达到8级且建造铁匠铺后可存储<resource>。\n以<amount>宝石的价格出售？
74f54c5fb1580ab2,TID_STREAK_EVENT_NOTIFICATION_STREAK_BROKEN,打卡中断
b8d2e6967881f451,TID_HINT_DPS,军队和防御建筑的伤害值显示为每秒伤害值。
4a8c0e4cf6e9bd6c,TID_STREAM_EVENT_JOINED_NEW,<player>已加入部落
0b4648ee21c72e91,TID_GEAR_TITLE_LIGHT_BOMB,
a965380c7deb2644,TID_NOTICE_BOARD_FTUE_ACTIVITY,
8704eb827cf67c53,TID_STREAK_EVENT_EXTRA_REWARD,+<num>
11da79a75700eb2b,TID_CHARACTER_SHAPESHIFTER_DRUID,
8a7b4748a7e3fa39,TID_SPELL_YELLOW_CARD,黄牌法术
043e48bf26c3aa20,TID_GEAR_TITLE_OLYMPIC_BATON,
daf0a1459895a542,TID_HERO_ABILITY_SUMMONED_UNITS_DPS,被召唤单位每秒伤害值：<number>
c0193037bfe5ca18,TID_STREAM_EVENT_DEMOTED_NEW,<player>被<name>降职为<role>
cf95c2e2e15e2a0c,TID_GEAR_INFO_SUPER_ARCHER_PUPPET,
a71727430c303a0e,TID_HERO_ABILITY_CLONE_DAMAGE,克隆体伤害：<number>
355a23ef7c22300e,TID_STREAK_EVENT_RUSH_STREAK_TEXT,提前解锁连续打卡活动的下一级？
6c88c0ba69cf9e00,TID_SPACE_CHAMPION,太空战神
e6e6d0dcf03d8f0f,TID_MESSAGE_WAR_SIGNUP_CONFIRM,发送对战报名至部落聊天？
ee0de66f9f0625aa,TID_STREAK_EVENT_RUSH_STREAK_TITLE,冲刺打卡！
966240da8ee9dd20,TID_DECO_CLASHBALL_TROPHYBEVERAGE,
f5c42b9251a77e53,TID_STREAK_EVENT_REWARD_PERCENT_TOTAL,<num>%
82437375a25473a7,TID_ABILITY_THROW_IN,界外球
33c2e284699547fc,TID_EGYPTIAN_CHAMPION,埃及战神
22830862c5177369,TID_STREAM_EVENT_KICKED_NEW,<player>已被<name>踢出部落
d9e6528fe9cb3e6e,TID_DECO_CLASHBALL_GOAL,
e81a45f6b8173137,TID_SPACE_KING,太空蛮王
698200aa94056b3b,TID_STREAM_EVENT_ACCEPTED_NEW,<player>允许<name>加入部落
63d9b495e8f13e45,TID_STREAK_EVENT_STREAK_BROKEN_TITLE,您的打卡已中断！
9cb9adcdaaf503e7,TID_STREAM_EVENT_STARTED_WAR_NEW,<player>已开始搜索部落对战对手
55e3bfb3b09bafe6,TID_MASS_TAG_CLAN,部落
7c88771151187593,TID_DECO_WILDWEST_CACTUS,仙人掌战士
5a7dc4908c80de69,TID_STREAK_EVENT_COMPLETE_CURRENT_TIER_TO_RUSH,您需要先完成当前任务才能冲刺打卡
76ac509cb6313c29,TID_CLANGAMES_TASK_USE_EQUIPMENT,参加<num>场联机模式战斗，每场战斗需使用<equipment>且赢得至少1颗胜利之星。
dd8ddccebce9e69a,TID_CHARACTER_BATTLE_DRUID,
1467f5b5fe8f2495,TID_HERO_ABILITY_NUM_CLONES,克隆体：<number>
44fe6d0c351f1bf5,TID_SCENERY_SPACE,太空幻境
e215661577b2eac1,TID_GEAR_TITLE_CLONING_CLOAK,克隆魔镜
8f3f5d16ae1e81c2,TID_STREAM_EVENT_STARTED_WAR_LEAGUE_NEW,<player>已开始搜索部落对战联赛对手
821568decb313165,TID_GEAR_TITLE_FOOTBALL,尖刺足球
d20a5a3007961bf1,TID_GEAR_BARBARIAN_CROWN_GIVEN_ABILITY,狂暴
c7aecf45643dfb73,TID_CHARACTER_CHAIN_HEAL_DRUID,
b785dd62998345a0,TID_MESSAGE_INFO_WAR_SIGNUP_ACTIVE,您已在聊天中发送对战报名。
50e33bc8d7080dea,TID_GEAR_INFO_LIGHT_BOMB,
1ca54d6d4d971aee,TID_NAME_UNKNOWN,未知
684caf25a638e7d7,TID_STREAK_EVENT_NO_TIMER_YET,完成您的第一个任务以开始！
5a807c412a7a0471,TID_GEAR_FOOTBALL_STRIKE_INFO,
73c926085591e046,TID_BUTTON_CLAN_SEND_REQUEST,发送请求
3870b335efe98d27,TID_ABILITY_FREE_KICK_INFO,对最近的防御建筑造成<num>伤害
6ce0252283c94355,TID_STREAK_EVENT_INFO_SCREEN_TITLE,连续打卡活动
ee04c88cd2de5ddc,TID_CHARACTER_BATTLE_DRUID_INFO,
a7a01614e0706e8d,TID_PET_ANGRY_JELLY_INFO,这团愤怒的水母在村庄附近等得不耐烦了，它渴望一场酣畅淋漓的战斗。在战斗中，它会说服其跟随的英雄优先攻击防御建筑，然后再分头作战。
d61a8bdd94e0f980,TID_STREAK_EVENT_STREAK_COMPLETED,完成连续打卡！
c37f37686664d136,TID_DECO_CLASHBALL_GOLDENBOOT,荣誉金靴
ddb10378cfdbf0ea,TID_GIVEN_ABILITY_NERF_DAMAGE_PERCENTAGE,<ability>伤害减少至：<number>%
d9d4710e58bb35ac,TID_GEAR_FOOTBALL_STRIKE,
d8c6002e885b7e08,TID_BUILDER_HUB_TEXT,充分利用<cffcc33>建筑工人加成</c>。
043be3fa8efd0a20,TID_GEAR_TITLE_OLYMPIC_TORCH,
ce1f483a7c923c45,TID_STREAM_EVENT_LEFT_NEW,<player>已退出部落
3d2faaf77dadcea7,TID_TUTORIAL_ENTER_AGE_ALTERNATE_PATH,欢迎您，首领！我们开始吧。
32b3a19201f33238,TID_EGYPT_KING,埃及蛮王
b8b916b6d6a20a79,TID_CHARACTER_SHAPESHIFTER_DRUID_INFO,
dd3cc68a0532f12a,TID_EGYPTIAN_WARDEN,埃及守护者
d6e1aea57e042d90,TID_SPELL_OVERGROWTH_INFO,有没有想过无视一整片敌方防御呢？疯狂蔓生法术会将附近的建筑困在坚固的根蔓中，阻止防御建筑攻击。部队会无视被困建筑。
b8b7de095cb48f03,TID_CHARACTER_INFO_GIANT,这些大块头看上去沉默寡言，但倘若他们发现加农炮或箭塔，您将见识他们狂躁的一面！巨人行动缓慢，但是抗打击能力强，很适合吸引火力。
550a0955e81a0392,TID_STREAK_COUNTER_STREAKS,进度
8b40b41fca92aa16,TID_CHARACTER_FREE_KICKER,任意球野蛮人
fbca5282c4772bcb,TID_SPACE_QUEEN,太空女皇
e331239c178ffda4,TID_CHARACTER_INFO_FREE_KICKER,登场时，他会冷静、精准地大脚开球，摧毁最近的防御建筑。随后会像普通野蛮人一样开始横冲直撞。
d01daf2b36eb7cfa,TID_DELETE_BUTTON,移除
607e3a8221007ccc,TID_TRYING_TO_TYPE_TOO_MANY_TAGS,每条消息最多只能提及<num>名玩家
45ab36cd5cd5e11c,TID_STREAK_EVENT_LEAGUE_BOOST_DESCRIPTION,获得额外<num>%的联赛资源奖励！
7b1908c2a383e595,TID_STREAK_EVENT_PERK_LEAGUE_BOOST_TOPIC,连续打卡奖励：
666a164ced780303,TID_STREAK_EVENT_STREAK_BROKEN_TEXT_RESET,开始
039e90b44bfb5691,TID_BUTTON_USE,使用
36aa4b053411d23f,TID_STREAK_EVENT_PERK_LEAGUE_BOOST_INFO,连续打卡奖励提供的加成越高，您在联机模式战斗中获得的资源奖励就越丰厚！
7ab16db3d79404d4,TID_STREAK_EVENT_REWARDS,奖励：
a3fda8d912851946,TID_CLANGAMES_TASK_USE_FREE_KICKERS,任意球开球
d2e051e82afe26c0,TID_SPELL_YELLOW_CARD_INFO,阻挡您的进攻是缺乏竞技精神的无礼行为，理应受到惩罚，因此目标防御建筑或英雄将被临时禁赛。禁赛期间，这些防御建筑或英雄无法发动攻击，也无法被攻击。
8abd3f15a6acafdd,TID_DECO_WILDWEST_TOTEM,飞龙宝宝图腾
db7726ef1ab9ca5c,TID_CHALLENGES_HUB_TEXT,查看<cffcc33>挑战</c>以获取下一步指南。
c4f0bc455bef6420,TID_CHAT_ENTRY_WAR_SIGNUP_INFO,<cffffff>报名参加即将开始的部落对战？</c>
6194f4d016113ae5,TID_GEAR_CLONING_CLOAK_GIVEN_ABILITY,克隆
b99f7df12b8e2cd6,TID_GEAR_INFO_OLYMPIC_TORCH,
13eca31ec0ae8255,TID_CHAT_ENTRY_WAR_SIGNUP_TITLE,部落对战报名
059a415786708903,TID_CHARACTER_SIDE_THROWER,边线球巨人
6f8f068b1666e248,TID_DECO_GIFT_2024_CROWNSWORD,剑与皇冠
c41209247b87aa7e,TID_HERO_ABILITY_CLONE_HEALTH,克隆体生命值：<number>
d9d47c8a4cbf7f1c,TID_GEAR_FOOTBALL_BOUNCE,
494816d42ac8fa02,TID_NOTICE_BOARD_FTUE_SUBTEXT,
005da432e38b1755,TID_EP_RESOURCE_REWARD_GET_GEM_ALTERNATIVE_NO_BLACKSMITH_TITLE,无存储空间
4cf3c040eaea98b3,TID_GIVEN_ABILITY_DURATION,<ability>持续时间：秒
d3f224c0ec77cceb,TID_STREAM_EVENT_JOINED_AND_LEFT_NEW,<player>加入又退出了部落
d1919528fa83f747,TID_CHAT_ENTRY_WAR_SIGNUP_YES,<c6cd900>您已选择参加下一次部落对战</c>
da3204ddc125693c,TID_DECO_WILDWEST_SKELLY,牛仔骷髅兵
b99ad6b483b08cd6,TID_GEAR_INFO_OLYMPIC_BATON,
9ad1984673d99675,TID_STREAK_EVENT_BUTTON_RUSH,解锁!
68ca59747f965ff5,TID_STREAK_DESCRIPTION_TASK_BROKEN,您的打卡已中断！您可以选择补卡继续或重新开始。
04ba7bd1026237a8,TID_GEAR_TITLE_SUPER_ARCHER_PUPPET,
fb89a29a92bed9ef,TID_PET_ABILITY_INFO_ANGRY_JELLY,让跟随的英雄在部署后的一段时间内优先攻击防御建筑。
ce029e3b5cec3767,TID_STREAM_EVENT_CANCELLED_WAR_NEW,<player>已取消搜索部落对战对手
d6c284177f3bd26b,TID_STREAK_EVENT_STREAK_BROKEN_TEXT,您可以选择补卡继续或重新开始打卡
fd0c8aa0ca723b5f,TID_DECO_GAME_CAMPAIGN,
6b868868ccaa0aa7,TID_GEAR_INFO_FOOTBALL,发射一个尖刺足球，可在建筑之间弹射并造成伤害。
3c4ee5c2712d198d,TID_EVENT_TRACK_REWARD_INFO_SUPER_TROOP_BOOSTED,免费启用<name>！\n训练时间缩短<pct>%。
079ee82e0241c4f1,TID_SCENERY_CLASHBALL,
3728d39f8ce2ee62,TID_WAR_SIGNUP_RESPONSE_NOT_AVAILABLE_IN_MODE,回营以响应！
059f2a0b5538feaa,TID_STREAM_EVENT_CANCELLED_WAR_LEAGUE_NEW,<player>已取消搜索部落对战联赛对手
11143c564a4600e7,TID_NOTICE_BOARD_FTUE_TITLE,
013445e7ff171ecf,TID_TRAINING_HUB_TEXT,充分利用<cffcc33>训练加成</c>，尽情战斗。
64e9acabd813af8c,TID_CHARACTER_INFO_SIDE_THROWER,这名新秀运动员又高又壮，他会向最近的建筑投掷一个威力巨大的弹跳足球。随后他会回归巨人的招牌动作——重拳锤击！
d11320fb3d2fa06f,TID_GEAR_TITLE_OLYMPIC_TORCH_GIVEN_ABILITY,
f938b6ea18b73b12,TID_MEDAL_EVENT_INFO_TRACK_ENDED,目前已无法推进进度，但您仍可领取奖励并在商人处使用您的<hard_currency>！
cd3459040fb1ee69,TID_HERO_ABILITY_SUMMONED_UNITS_DAMAGE,被召唤单位伤害：<number>
96cadd4da09c0785,TID_PUSH_CHAT_TAG,<name>，有人在部落聊天中提及了您！
b58aad984a6570f6,TID_WAIT_BEFORE_TAGGING,加入部落<number>分钟后即可使用聊天提及功能！
ff56044cbc809448,TID_STREAK_EVENT_REWARD_PERCENT,+<num>%
ac8316c940bd6e66,TID_STREAK_EVENT_INFO_SCREEN_4,迫不及待想解锁下一个任务？花费宝石可立即解锁。
019d94fd5755750d,TID_EP_RESOURCE_REWARD_GET_GEM_ALTERNATIVE_TOO_LOW_TH_TITLE,无存储空间
47691fe36199367e,TID_STREAK_EVENT_STREAK_COMPLETED_DESCRIPTION,恭喜您，首领！您完成了连续打卡目标！
758a5e2c9967b22a,TID_STREAM_EVENT_CANCELLED_ARRANGED_WAR_NEW,<player>已取消部落友谊战
ae487b4211f91b47,TID_BUTTON_CLAN_NOTICE_MESSAGE,
6a67a5ff3ff2619f,TID_KEYBOARD_CONTROL_GROUP_TITLE_REINFORCEMENTS,
1219caddac3e2a1b,TID_CHAT_ENTRY_WAR_SIGNUP_NO,<cff6266>您已选择退出下一次部落对战</c>
609461a806694a40,TID_STREAK_EVENT_BROKEN_TIMER,任务失败：0小时0分
9954dd5956d902e1,TID_STREAM_EVENT_PROMOTED_NEW,<player>被<name>晋升为<role>
2f93554a752e0f8b,TID_NERF_DAMAGE_PERCENTAGE,伤害减少至：<number>%
a3e7c13ba108395d,TID_KEYBOARD_CONTROL_SELECT_REINFORCEMENTS,
de7c49e46dd9f177,TID_GEAR_INFO_OLYMPIC_TORCH_GIVEN_ABILITY,
b8e6d4643eca2974,TID_DECO_ANIME_GIANT_SCHOOL_GIRL,卡哇伊巨人
25c3b071bcf75652,TID_STREAK_EVENT_RUSH_STREAK_TITLE,解锁下一个任务？
0486c4fd03f8b71c,TID_BUTTON_RECRUIT_MEMBERS,招募成员
3830b8450189743e,TID_BA_CANT_UPGRADE_WORKING,您无法升级正在工作的建筑工人学徒，请在他休息时再试试！
c2e0dc9d66033ea2,TID_SPECIAL_REENG_TUTORIAL_3,来场友谊赛展示一下您的球技如何？
62f635cd8ec9acb3,TID_CHAT_TAG_TITLE_ALL,所有人
aa8efe8b5f8208b0,TID_SPECIAL_REENG_TUTORIAL_7,您的村庄里发生了很多事，我们先来好好看看四处的情况吧。
96de2a4b63722e9f,TID_CHARACTER_SHAPESHIFTER_DRUID,德鲁伊
e94f68e7cb5e0a0b,TID_OBSTACLE_BIRTHDAY2024,12周岁生日蛋糕
130c7da6524ffa6b,TID_SPECIAL_REENG_TUTORIAL_6,您出色的速度、力量和跑位确实令人惊叹！
9b7797222537ccb8,TID_WILDWEST_KING,狂野西部蛮王
1deac778c62ae753,TID_CLAN_NOTICE_BOARD_INFO,通过部落发布的公告找到最喜欢的部落。调整高级选项找到最适合自己的部落！\n\n部落中的首领和副首领可以在这里创建并分享公告。每个公告会在24小时或部落满员后失效。
0f1df9c692ccc7e8,TID_FOOTBALL_WARDEN,足球守护者
0b5f33ca759873aa,TID_BA_JOB_TIME_SAVED,节省时间：<time>
1c7a343afd5aac3c,TID_DECO_CLASHBALL_STATUECHARACTER,哈兰德雕像
7062049d5a013d43,TID_SUPER_TROOP_LIMIT_REACHED,启用的超级兵种数量已达上限
2b8b73d5643de7e6,TID_STREAK_EVENT_TASK_REQUIREMENT_COMBAT,获取至少<amount>%的摧毁率以完成您的连续打卡任务！
f1c5ee0c527db3fa,TID_POPUP_REMOVE_CLAN_NOTICE_TEXT,将当前公告从公告板上移除？
5a7b9c3237b807d7,TID_VILLAGER_STATUS_LOCKED,未解锁
b1516ba9fcaf1c9b,TID_RANDOM_REWARD_TAP,点击！
001cbd0b04190607,TID_DECO_CLASHBALL_GOAL,足球训练营
27a885b69196278f,TID_CHARACTER_INFO_COURIER,一名见习女巫，她会在战场上飞来飞去，召唤女巫精灵。她特别不喜欢那些站在塔上的傲慢法师。
3bed60c6779d5396,TID_SHOP_SCID_BUTTON_CTA,解锁我的卡牌
f8307c938e395b71,TID_VILLAGER_STATUS_READY,空闲中！
bf27e415d356b54e,TID_GEAR_INFO_HEROIC_TORCH_GIVEN_ABILITY,部队移动速度更快，承受的伤害降低，且能跳跃。
f82cb114ed777185,TID_CHARACTER_SHAPESHIFTER_DRUID_INFO,德鲁伊的情绪复杂多变，上一秒他还在冷静地治疗友军，下一秒就变成了一只愤怒无比的巨熊。
f584c86735fa848f,TID_BUTTONS_SETTINGS_RESET,重置搜索选项
fc85ba6cefdd4dba,TID_DECO_TTRPG_TREEPORTAL,精美传送门
47f667c1aa818ba4,TID_CHARACTER_COURIERSPAWN,女巫精灵
94a3f59314ef7fe3,TID_BOOSTER_BB_STAR_BONUS_ALREADY_AVAILABLE,已有建筑大师基地胜利之星奖励可供赢取！
3feb5ed42d37a117,TID_CLAN_NOTICE_PUBLISH_FAILED_MESSAGE,发布部落公告失败：{0}
cf54eefafcdc02ab,TID_GIVEN_ABILITY_HASTE_SPEED,<ability>速度提高：<number>
dbe1547071c06cfe,TID_VILLAGER_LIST_PROGRESS_BUTTON_START,指派
5538b4a3ab3cfc7f,TID_BUTTON_CLAN_NOTICE_BOARD,公告板
f0acd3f6630409ed,TID_DECO_ANIME_CHIBI_ARCHER,可爱弓箭手
af47f48c4cc4d1cc,TID_GOBLIN_HALL_INFO,这里是哥布林村庄的核心。
252510977b1bb1b7,TID_GEAR_ELECTRO_SHIELD,雷电战靴
773808f10dcb30ca,TID_SPECIAL_REENG_TUTORIAL_5,打得不错，教练！
389da5093d54f6eb,TID_BUILDING_BOW_GROUND_AND_AIR_CONFIG,地面和空中模式十字连弩
fa603c6f753b7ecb,TID_DECO_CLASHGAMES_FIREBOWL,冠军火焰
edcab8745eb872d3,TID_GIVEN_ABILITY_MOVEMENT_SPEED,<ability>移动速度：
49a1176c4be0a659,TID_SUPER_TROOPS_FEATURE,超级兵种
5cbcbb9222abc206,TID_VILLAGER_BUILDER_INFO_ITEM3,他每天工作一小时，升级后他的工作速度会提高。
911c93e7c71eb901,TID_CLAN_NOTICE_BOARD_HEADER_TITLE,通过最新公告发现部落！
b51c734374d61147,TID_VILLAGER_LIST_WAITING,进行中的升级：
af3471b94dab3643,TID_BUILDING_ARCHER_TOWER_LONG_RANGE_CONFIG,远程攻击模式箭塔
c6e3ea9e698f077b,TID_HAALAND_KING,蛮王哈兰德
d50905cbf5ee1c1b,TID_VILLAGER_STATUS_WAITING,需等待：<time>
4ffdee7cee46d619,TID_BUILDING_BOW_GROUND_CONFIG,地面模式十字连弩
f517c69a4931947c,TID_TRADER_SPECIAL_OFFER_TAB_INFO,现在您每周可多次购买这些精选魔法物品！所有特惠享受特定折扣，购买次数有限。
4589d03b3539f36c,TID_NOTICE_BOARD_FTUE_TITLE,首领，请先选择您使用的语言，以便我们为您找到最适合您的部落。
6e33e054accd0f8d,TID_EVENT_TRACK_REWARD_INFO_SUPER_TROOP_NOT_AVAILABLE,无法再使用免费超级兵种
0648613659fc3990,TID_CONFIRM_SUPER_TROOP_CANCEL_AND_REMOVE_TROOPS_TEXT,确定要取消已启用的超级兵种吗？所有已强化的单位都会被移除出您的军队，且剩余强化时间不会返还任何费用。
0f5fc2a3e0237319,TID_DECO_ANIME_FORTUNETELLER,法师售货机
b3c86cae800eaef9,TID_HEROJELLY_EVENT_TITLE,无尽英雄！
5bd6b812e94cc88a,TID_KEYBOARD_CONTROL_SELECT_REINFORCEMENTS,选择增援
2a962db47971d85c,TID_DANCE_FLOOR_INFO,
7054db843591a895,TID_HEROJELLY_BANNER_SHORT_DESCRIPTION,英雄在升级时也会参加战斗！
5ebea74c6f9af0a3,TID_SUPER_TROOP_BOOSTS_NEEDED,以下超级兵种单位未启用：
351c23544283130b,TID_DECO_SC_ROYALE_CASTLE,皇室防御塔
f3bd8ef38b822df6,TID_GEAR_INFO_HEROIC_TORCH,使用后，附近的部队移动速度更快，承受的伤害降低，且能跳跃。
b0df272e5b826aef,TID_SPECIAL_REENG_TUTORIAL_8,球场上见！
cb725459cbb25a9e,TID_COOLDOWN_TIME,冷却时间：
27ce805fe15974f6,TID_CLAN_NOTICE_SAVE_FAILED_INTERNAL_ERROR,出错了，请重试。
0ff422e8b73702ea,TID_SUPER_TROOPS_FEATURE_DESCRIPTION,普通兵种可以被强化成超级兵种，拥有全新的力量，还有飘逸的秀发。
7570f4d3b757045d,TID_CHIEFSJOURNEY_HUB_TEXT,前往<cffcc33>首领征程</c>，查看您已解锁的内容。
cb85175d24785b10,TID_SQUAD_KING,爆裂小队蛮王
9ad0c3c9369917f1,TID_GEAR_INFO_FIRE_IN_A_CAN,向距离最近的防御建筑扔出一个巨大的爆炸火球
fef8d619ff310504,TID_FOOTBALL_QUEEN,足球女皇
ac1afb6d6cd2986a,TID_VILLAGER_LIST_IN_PROGRESS,进行中的项目
f7959ea8e3096b2b,TID_BUILDING_ARCHER_TOWER_FAST_CONFIG,快速攻击模式箭塔
ce8441dea4d69fc2,TID_GEAR_INFO_PHOENIX_STICK,
96bf10058a67855a,TID_SUPER_TROOP_INTRO_TEXT,将普通兵种强化为超级兵种，帮助他们实现梦想，成为强大的村庄摧毁机器！
46633cb50e65e9cb,TID_DECO_SC_BEACH_CANNON,海岛偶像
11dc65e0640b568c,TID_CHARACTER_COURIER,扫帚女巫
b727f79f4b167cc6,TID_NOTICE_BOARD_FTUE_SUBTEXT,您之后仍可更改该设置
70ee7debaf13b377,TID_CHARACTER_SHAPESHIFTER_DRUID_BEAR_INFO,德鲁伊变身成愤怒的熊灵之后，拥有较高的生命值，会冲向防御建筑并摧毁它们！
b1ba376e456317d4,TID_DEFENSIVE_LAYOUT_OBSTRUCTED_TEXT,您的防御阵型被障碍物遮挡。在障碍物被清除之前，当前使用的阵型将用于防御。
f0813b557204dd7e,TID_BUILDING_CANNON_BURST_CONFIG,连发模式加农炮
8c98b19787a5e6e4,TID_SPECIAL_OFFER,特惠
46a9ef0feb9410a8,TID_SPECIAL_FTUE_TUTORIAL_3,不好，哥布林又来了...... 快部署加农炮，保卫您的村庄！
3ce5f64b4328ee8c,TID_TRADER_SPECIAL_OFFER_TAB,特惠
56217f17c8bc3bc2,TID_SUPER_TROOP_BOOSTS_NEEDED_TITLE,需启用超级兵种
b5bf31a531925f8a,TID_GEAR_INFO_ELECTRO_SHIELD,每隔一段时间对飞盾战神附近的一切造成伤害
a8f474b808fae7f0,TID_DECO_SC_HAYDAY_CHICKEN,英雄母鸡
dbeabf222e5f1eb4,TID_GEAR_TITLE_HEROIC_TORCH_GIVEN_ABILITY,技能
cb4420171dd8067f,TID_DECO_CLASHGAMES_ARCHERFOOT,敬意石足
c08f5ba02e16b622,TID_BUILDING_MORTAR_BURST_CONFIG,连发模式迫击炮
e55945a2680ec361,TID_CHALLENGE_TITLE_HARD_MODE,困难模式
25d8a31c06b001bb,TID_DECO_CLASHBALL_TROPHYBEVERAGE,胜利牛奶
2b122f7ccff5c193,TID_CLAN_NOTICE_UNPUBLISH_FAILED_THROTTLED,请稍等片刻再移除公告。
bc8708980e676634,TID_BUTTON_CLAN_NOTICE_MESSAGE,使用部落消息
281b137db4d7ca9c,TID_BA_CONFIRM_ASSIGN_JOB,确定要指派建筑工人学徒到<building>项目吗？
96630e6311376e47,TID_VILLAGER_STATUS_WORKING,剩余时间：<time>
5898c888fa7456e5,TID_VILLAGER_UNLOCK_FIRST,在商店中解锁建筑工人学徒，给他指派升级项目。
73f100ab73ae4446,TID_APPRENTICEBUILDER_KING,
a849e8131e34df02,TID_DECO_SC_BRAWLSTARS,乱斗之星
6bdf75b79f3bbffc,TID_SCENERY_WILDWEST,狂野西部
587c04f0eb9b9247,TID_BUILDER_APPRENTICE_INFO,建筑工人学徒能帮助建筑工人更快完成升级。您每天可以指派他一次，升级建筑工人学徒还会提升其工作速度！
9735abeceb0c6f3f,TID_CONFIRM_SUPER_TROOP_CANCEL_TEXT,确定要取消已启用的超级兵种吗？剩余强化时间不会返还任何费用。
ba37826ef486d7a8,TID_LAYOUTS_UNPLACED_BUILDINGS_OR_TRAPS,请先放置未放置的建筑和陷阱
7d63c8760330ce95,TID_GEAR_TITLE_HEROIC_TORCH,英雄火炬
75a6d6a2dea3af70,TID_CLAN_NOTICE_SAVE_FAILED_NO_PERMISSION,只有首领和副首领可以编辑公告。
ebc83006b22e94aa,TID_NOTICE_ACTIVE_FOR,生效持续时间：
283edc663d60f053,TID_FOOTBALL_CHAMPION,足球战神
0e4be604552e362b,TID_BUILDING_DARK_TOWER_SINGLE_CONFIG,单一目标模式地狱之塔
25134403000a83bd,TID_HAALANDCLASH_KING,足球蛮王
f2d27b386af2b558,TID_APPRENTICE_UPGRADED,<item>已升至<level>级！
00593463d9c11aea,TID_BUTTON_TIMER_AVAILABLE_IN,需等待：
4bf0ecbb98257c63,TID_CLAN_NOTICE_SAVE_FAILED_THROTTLED,请稍等片刻再编辑公告。
38403da6e0c768a8,TID_CHARACTER_SHAPESHIFTER_DRUID_BEAR,巨熊
ba3d14eab270ebb2,TID_SPECIAL_REENG_TUTORIAL_4,那就看看您能否突破自己的防守吧！
7c3d425b679a51cc,TID_WAIT_BEFORE_TAGGING,加入部落<number>分钟后才能使用聊天提及功能！
b27bf886d1420279,TID_WILDWEST_WARDEN,狂野西部守护者
6a96b4ea58c0a057,TID_HARD_MODE_DESC,防御设施造成5%额外伤害，进攻方英雄生命值减少10%，且伤害降低15%！
53e87cc2ddaeab8c,TID_BUILDING_DARK_TOWER_MULTI_CONFIG,多重目标模式地狱之塔
7c56dd0b10de62db,TID_BUTTON_CLAN_NOTICE_DESCRIPTION,公告描述
e301d60f2ae6550e,TID_KEYBOARD_CONTROL_GROUP_TITLE_REINFORCEMENTS,增援控制
cc4d9121be6c5470,TID_MECHA,机甲超人
706ae05f950b2f41,TID_BUILDER_APPRENTICE_BOOST_DURATION,工作时间：
fc028f4ef4dda680,TID_BUILDING_GOBLIN_HALL,哥布林大本营
c6c63ba89f3d33ea,TID_SHOP_SCID_TITLE,赢取超赞奖励！
e9efc3fb78d97a28,TID_VILLAGER_LIST_BUILDER_NO_JOB,开始建筑工人升级项目以指派建筑工人学徒
a2085c5b15612f69,TID_DANCE_FLOOR,
5a11fdefd89716d2,TID_APPRENTICE_UNLOCKED,<item>已解锁！
2df7d35fa4eaffd6,TID_VILLAGER_WAIT_COOLDOWN,建筑工人学徒正在休息，请稍后再来看看！
f5c1829a0b4202f9,TID_ACHIEVEMENT_ACTIVATE_SUPER_TROOP_COMPLETED,启用超级兵种的总次数：<value>
1a328af4d9559704,TID_BUILDER_APPRENTICE_BOOST_MULTIPLIER,工作速度：
db0fca0e0ffc4735,TID_BUILDING_BOW_AIR_CONFIG,空中模式十字连弩
041acc031ee3fd5f,TID_DANCE_STUDIO,
1d0b0566f1e88f82,TID_SPECIAL_REENG_TUTORIAL_2,但愿您不会因为板凳坐久了而状态全无。
23faf8be33c99be3,TID_DECO_ANIME_BONSAI_TREE,樱花盆景
f49dadccd738f76d,TID_CLAN_NOTICE_UNPUBLISH_FAILED_MESSAGE,移除部落公告失败：{0}
5019a6783177cacc,TID_DANCE_STUDIO_INFO,
af63ee15c79802cb,TID_CLAN_NOTICE_SAVE_FAILED_MESSAGE,保存部落公告失败：{0}
7517684e59f0af1c,TID_BA_ASSIGN_BUTTON,指派建筑工人学徒
ead25c6e4c2d0f21,TID_PET_ANGRY_JELLY_INFO_SHORT,对英雄进行心灵控制，使其攻击防御建筑。
134cc5e2ace1a8b1,TID_UNLOCKING_ITEM,<cffcc33>解锁</c><item>？
9bdee6b77d9f2dcf,TID_SUPER_TROOPS_UNLOCK,超级兵种在<num>级大本营解锁
5792b869cc7d9073,TID_DECORATION_SUPER_TROOP_STATUE,超级兵种雕像
8e66d54a02aa4990,TID_DANCE_STUDIO_TOO_LOW,
3db1f4d77e229687,TID_VILLAGER_BUILDER_INFO_ITEM1,建筑工人学徒能帮助建筑工人更快完成升级！
d1714e795285e7ef,TID_ACHIEVEMENT_ACTIVATE_SUPER_TROOP,启用超级兵种<number>次
4c51dca2fb6b8400,TID_STREAK_EVENT_TASK_REQUIREMENT_COMBAT_100,获取100%的摧毁率以完成您的连续打卡任务！
7320dfd501a5b934,TID_GEAR_TITLE_PHOENIX_STICK,
bc5403c73951a2e9,TID_DEFENSIVE_LAYOUT_OBSTRUCTED_TITLE,防御阵型被遮挡
36381263dec5514e,TID_CREATE_CLAN_NOTICE_SUBTEXT_ACTIVE,您的部落公告当前已在公告板上生效！
e3da8aafa8fe10ab,TID_CLAN_NOTICE_UNPUBLISH_FAILED_INTERNAL_ERROR,出错了，请重试。
39d61b410768bb9d,TID_WILDWEST_CHAMPION,狂野西部战神
6874a490cbdbce0e,TID_CHARACTER_SHAPESHIFTER_DRUID_INFO_SHORT,从乐于治疗友军的疗伤高手变成了愤怒无比的巨熊。
ad991799df69df63,TID_SPECIAL_REENG_TUTORIAL_1,教练！埃尔林·哈兰德前来报到！您能回来真是太好啦！
a99273574fa4a180,TID_CHARACTER_INFO_MECHA,机甲超人是骑士？是武士？还是机器人？都没错！机甲超人能轻易摧毁挡在她和防御建筑之间的城墙！
8dd7dd0575a2b2e2,TID_SCENERY_CLASHBALL,绿茵球场
eb0434e83f3d7e52,TID_NOTIFICATION_VILLAGER_READY,建筑工人学徒已准备好加速升级啦！
debdf1ea03124b3f,TID_DECO_CLASHGAMES_GOBLINDIVE,哥布林跳水
1775bdcd3040ebef,TID_VILLAGER_BUILDER_INFO_ITEM2,他休息好之后，您每天可以指派他进行一项升级工作。
0929690b7d7580e4,TID_CHARACTER_INFO_COURIERSPAWN,这些淘气的小火花看起来很可爱，但可以对附近的防御造成大量伤害。
e5aedff8a16129ca,TID_BOOSTER_BUILDERS_INFO,建筑大师精心配制的药水，提神醒脑，熬夜必备！它可以在<time>内将建筑工人的工作速度提升至原来的10倍。只可在家乡村庄使用！遗憾的是，建筑工人学徒太年轻，还无法享用此药水，所以他的工作速度不会受到影响。
99b4ad1569401575,TID_CLAN_NOTICE_PUBLISH_FAILED_INTERNAL_ERROR,出错了，请重试。
32f0d09188d6a754,TID_OFFER_TITLE_GENERIC,特惠
da802959fe70ec87,TID_BA_JOB_UPGRADE_TIME,升级完成倒计时：<cffcc33><time></c>
2a2c3ce8599460ae,TID_BUILDER_APPRENTICE_BOOST_COOLDOWN,冷却时间：
219135348d92541d,TID_CLAN_NOTICE_UNPUBLISH_FAILED_NO_PERMISSION,只有首领和副首领可以移除公告。
a3f08729a44bc01a,TID_BUTTON_CLAN_NOTICE_REMOVE,移除公告
996867b35d133508,TID_DECORATION_SUPER_TROOP_STATUE_INFO,超级兵种，超级开战！
637f611c554d1a45,TID_CHALLENGE_INFO_2020,超级兵种来袭！普通兵种可以被强化，拥有全新的力量，还有飘逸的秀发。英雄猎手、攻城滚木车和隐形法术登场，让游戏玩法更多样。
b45cf68a901a9448,TID_FLYING_FORTRESS_ABILITY_INFO,骷髅飞骑为它保驾护航，被击落后还会释放<num>个愤怒的骷髅兵。
0e6820dec8edc36e,TID_TOO_MANY_TRAINED_SUPER_TROOPS,您训练的超级兵种种类太多。\n\n请先使用或移除这些超级兵种。
1af9629c4953d873,TID_BUILDER_APPRENTICE,建筑工人学徒
7719cac1d9337921,TID_VILLAGER_LIST_ASSIGN,指派建筑工人学徒？
ff377dd34781d177,TID_DECO_GAME_CAMPAIGN,惊喜小队
85e0ac8e863ed1d8,TID_GIVEN_ABILITY_SHIELD_PROTECTION,<ability>伤害减免：<number>%
ead9e804a8890b64,TID_DECO_TTRPG_MIMIC_CHEST,搞怪宝箱
335f0c31ff68d460,TID_POPUP_REMOVE_CLAN_NOTICE_TITLE,移除部落公告？
c40276b0ce3459c1,TID_SPECIAL_FTUE_TUTORIAL_1,嗨，首领！我是埃尔林·哈兰德！欢迎加入球队！
356badc487c1362c,TID_BA_CONFIRM_ASSIGN_JOB_TITLE,加速<building>项目？
d323776a434bde98,TID_BATTLEPASS_TASK_INFO_DEPLOY_SUPER_TROOPS,在联机模式中部署<num>空间的超级兵种。
6afb350094ccc0c7,TID_EDIT_CLAN_NOTICE_TITLE,编辑部落公告
3adff5746bd90dc3,TID_CLAN_NOTICE_BOARD_REFRESH,刷新
529d28bce6d24509,TID_SPECIAL_FTUE_TUTORIAL_2,欢迎来到您的村庄！这里本来是世外桃源，可是......
8b6f60a7bd1320d2,TID_WILDWEST_QUEEN,狂野西部女皇
dc47c529b2222ff1,TID_DECO_TTRPG_SUPERDECO_D20,命运骰子
968aa45b508b0369,TID_PRESET_TOO_MANY_DIFFERENT_SUPER_TROOPS,军队配置中的超级兵种种类太多
ccf84cbd6927a25a,TID_BA_CONFIRM_ASSIGN_JOB_LOSE_TIME,超出的时间将被浪费。
b8d62fa377017b20,TID_SHOP_SCID_DESCRIPTION,激活您的Supercell ID奖励卡，获取1000免费积分！
e7b7955e3cee7926,TID_DECO_SC_GAUNTLET,巨型金手套
aa229c040ed41cc8,TID_BUTTON_VILLAGERS,建筑工人学徒
7f12f7c029fcef40,TID_CLAN_NOTICE_LANGUAGE_MISSING_INFO,最后一件事！您的部落没有设定部落语言。请设置您的语言，以帮助玩家找到您的部落！
24be15735bcf84a6,TID_ANIME_CHAMPION,动漫战神
c6b8ce42c0edb694,TID_MINI_LEVEL_INFO_ITEM2,每次超级充能都会让您的建筑变得更强。\n让您的建筑释放出最大实力！
eb2cca5e75bddbf0,TID_NOTICE_CREATE_INFO,发布的部落公告会显示在公告板上，保留24小时。您可以编辑信息，选择视觉风格。\n\n部落满员后，公告会被移除。
4426f9d47d3774f7,TID_DIAMOND_PACK_7,一仓库宝石
09a444b19e753372,TID_TREASURE_HUNT_INFO_TEXT_4,砸开宝箱有机会获得稀有奖励！
427ad86b9ffd7beb,TID_BOOSTER_HERO_POTION_MAXED_FOR_TH,无法强化英雄，请先升级您的大本营！
3220419c15c99878,TID_BUILDING_MAXED_MINI_LEVEL_INFO,超级充能需要大本营达到<number>级
052483904d62af7e,TID_CONSUMABLE_CC_REFILL_BANNER_INFO,使用部落城堡蛋糕，免费为您的部落城堡提供增援！
b3f0847de54c1f99,TID_INFO_SCREEN_DISCLAIMER_MINI_LEVEL,超级充能将持续到该建筑的全新等级上线。
e5119004b997ad45,TID_ALLIANCE_CREATE_MIN_REQUIREMENTS,最低要求：
f5840dc48003dc50,TID_ADVANCED_SEARCH_BUTTON_MORE,搜索选项
22a2d10f8df699c6,TID_OBSTACLE_CLASHWEEN_2024,幽灵岗哨
1319a19578e60fb0,TID_CLAN_NOTICE_RESET_SETTINGS_CONFIRM,将搜索选项重置为默认值？
236d5cc5a895cd9b,TID_WORKER_CONTEXT_MINI_LEVEL,对<object>进行超级充能
23a206d62a3bf834,TID_CLAN_BADGE_APPLY_INFO,要应用对部落徽章所做的更改吗？
62c5878a2ec4eddb,TID_CONSUMABLE_BOOST_HERO_WARN,您的英雄和战宠已强化！
02d1a1d5b4baa34e,TID_DECO_CLASHOWEEN_2024_PRISONBOX,越狱铁笼
274de647c349722e,TID_CONSUMABLE_BOOST_ARMY_WARN,您的军队已强化！
a2badcc24eb8ed36,TID_NOTICE_BOARD_SEARCH_NO_RESULTS,无结果
fa7da8d60b1dbba8,TID_MINI_LEVEL_INFO_ITEM3,超级充能将持续到该建筑的全新等级上线。
1b18b11ac8d09dff,TID_DELIVER_REWARD_TEMPORARY_STORAGE,物品已运送到临时仓库。
a84486842bafcfe1,TID_CLAN_NOTICE_SETTINGS_APPLY_TITLE,应用更改？
4d4015f5bdeaf679,TID_CONSUMABLE_BOOST_BUILDER_INFO,一顿丰盛的大餐，能让您的建筑工人以<num>倍的速度工作，持续<time>。只可在家乡使用！遗憾的是，建筑工人学徒是素食主义者，无法享受此加成！
5d63a97e57937154,TID_NOTICE_BOARD_ERROR,公告板出错
212970a6c4aebce5,TID_SCENERY_ANIME,动漫世界
fd50266d1a454a18,TID_INFO_SCREEN_MINI_LEVEL_DEFAULT_INFO,超级充能让建筑变得更强！点击信息按钮了解详情。
0dccbb5068b0bd29,TID_PLAYER_ALREADY_REPORTED,该玩家已被举报过
b1b1db0856c90bf2,TID_GENERIC_ERROR_HOME_VILLAGE,您只能在家乡村庄执行此操作。
c307f0a5fc5d35ca,TID_CONSUMABLE_CC_REFILL_INFO,一块甜甜的蛋糕，能让您免费给自己的部落城堡提供增援，持续<time>。要享用这份美食，您必须加入一个部落，然后前往您的部落城堡提供增援！
e34d5e493d68b8e4,TID_ACHIEVEMENT_MINI_LEVEL_TITLE,超级充能达人
847d698cc469e405,TID_BUTTONS_SETTINGS_RESET,重置
c2402d41c2968a1f,TID_CONSUMABLE_BOOST_BUILDER_WARN,该加成效果不能与建筑工人药水的效果叠加，两者无法同时生效
a04bbf7dfe05f7a4,TID_ALLIANCE_JOIN_ERROR_NOTICE_EXPIRED,公告已过期。
2a0ca78602c90dad,TID_DECO_SC_BEACH_PARASOL,海岛假期
478a375d17bb2b78,TID_NOTICES_REFRESH_THROTTLED_HUD_MESSAGE,请稍等片刻再刷新。
1d5eb910838a3734,TID_CHAT_NOTICE_MAX_PLAYERS,部落公告已在部落人数已满时被移除
ba71399e2d739d27,TID_CONSUMABLE_CC_REFILL,部落城堡蛋糕
6ede8e161d57aade,TID_ANIME_WARDEN,动漫守护者
764786b4e3df78d3,TID_BUTTON_TRAIN_PRESET_INSTANT,瞬时训练
d294433626777e58,TID_DONATE_WAR_AMOUNT_AND_CAPACITY,<donations>/<capacity>
91282cd42f2f4ede,TID_DECO_SC_ROYALE_CASTLE,酣睡国王
828f414f72adea16,TID_PRESET_INSTANTLY_TRAINED,已瞬时完成军队训练！
ca94079a1eec6477,TID_INFO_SCREEN_TITLE_UPGRADING_MINI_LEVEL,正在对<object>进行<c00ffff>第<number>级超级充能</c>
8abef0fccbebd598,TID_CHAT_NOTICE_EXPIRED,部落公告已在生效<time>后过期
cc77273a70fe8689,TID_CLAN_NOTICE_STAT_LANGUAGE,语言：
afb5769e0a0875c6,TID_CLAN_BADGE_APPLY_TITLE,应用更改？
52190b4e3937e56b,TID_GENERIC_ERROR_BUILDER_BASE,您只能在建筑大师基地执行此操作
5964eaea8f559470,TID_CLAN_NOTICE_REPORT_TITLE,举报部落公告？
e8be218a03d3f802,TID_CLAN_NOTICE_SETTINGS_APPLY_INFO,要应用对部落公告搜索选项所做的更改吗？
bb45846ee75d1576,TID_CLAN_NOTICE_APPLY_TITLE,应用更改？
5d71ae49be65e9cb,TID_DECO_SC_BEACH_CANNON,海岛假期
544bdc63238b6822,TID_CLAN_SETTINGS_APPLY_TITLE,应用更改？
63af40a8662a15f9,TID_POPUP_SPEED_UP_BOOSTER_UPGRADE_MINI_LEVEL,您想要使用<booster>完成这个<item>的超级充能吗？
b28a31a1d836ac01,TID_POPUP_SPEED_UP_UPGRADE_MINI_LEVEL,您想要完成这个<item>的超级充能吗？
fdef5d25e142606b,TID_EVENT_TREASURE_HUNT_FOUND,找到的宝箱：
75902ebf979e85fb,TID_MINI_LEVEL_REMOVED_REFUND,对于您未完成的超级充能升级，其花费的资源已返还。
eeb176e112cfe721,TID_GEAR_LAVALOON_PUPPET,熔岩气球玩偶
4a03fcfc5f9d5b29,TID_TREASURE_HUNT_INFO_TEXT_3,在倒计时重置之前，总共可以领取三个宝箱。
2ac7c712d15688db,TID_MINI_LEVEL_INFO_TITLE,超级充能！
9c4a1c1c9212f94d,TID_DELIVER_REWARD_TEMPORARY_STORAGE_STORAGE_FULL,仓库已满！存放不下的部分已运送到临时仓库。
bae2778cdb423e8f,TID_ADVANCED_SEARCH_BUTTON_LESS,隐藏搜索选项
236d5d5eae65e8b4,TID_ACHIEVEMENT_MINI_LEVEL,对建筑进行<number>次超级充能
f1b8c5929d5acdda,TID_TTRPG_KING,半兽蛮王
182c4a58af482787,TID_EVENT_TREASURE_HUNT_DESCRIPTION,摧毁敌方建筑，找到隐藏宝物！
3e20f4170e0398c7,TID_STORAGE_ITEM_USES_LEFT,剩余使用次数：
ccff2689a8eafdc1,TID_ACHIEVEMENT_MINI_LEVEL_COMPLETED,超级充能总计：<value>
cf29f45aac779b13,TID_CLAN_NOTICE_STAT_WAR_LEAGUE,部落对战联赛：
6efff63fa9a1cb56,TID_NOTICE_ACTIVE_FOR,持续时间：
a5129665b8b87d03,TID_POPUP_NOT_ENOUGH_DIAMONDS_SHOW_MISSING_TITLE,缺少<number>宝石！
84da9f2656d768d0,TID_DECO_CLASHOWEEN_2024,海蛇墓碑
5c89e20bd570c69d,TID_INFO_SCREEN_MINI_LEVEL_INFO_TEXT,超级充能将持续到全新等级上线。
6140e06943dc47dc,TID_CLAN_NOTICE_BOARD_INFO,通过部落发布的公告找到最喜欢的部落。调整搜索选项找到最适合自己的部落！\n\n部落中的首领和副首领可以在这里创建并分享公告。每个公告会在24小时或部落满员后失效。
fe566a7a04b9b2f7,TID_CHAT_NOTICE_CREATED,<name>创建了一条新的部落公告。
2aba4b82c09cad05,TID_STEAMPUNK_BATTLE_COPTER,蒸汽朋克直升机
01d79beebee96576,TID_TREASURE_HUNT_EVENT_TIMER,离结束还有：<time>
72fbdc708d1e99a2,TID_DECO_SC_ROYALE_BED,酣睡国王
f773b8c5f7d2cd68,TID_LEGEND_SIGN_UP_CONFIRM_TEXT,传奇杯联赛的规则与其他联赛不同，例如进攻次数有限。确定要报名参加吗？
18be343816f12cfc,TID_CONSUMABLE_BOOST_ARMY,战力煎饼
120ebb3f79bb329c,TID_BUTTON_SKIP,跳过
6997ca53927c0720,TID_CLAN_NOTICE_APPLY_INFO,要应用对部落公告所做的更改吗？
ac4d379f1acfb5cf,TID_SKIP_CHEST_OPEN_DESCRIPTION,您将获得奖励，但会跳过开箱动画。仍要跳过吗？
e5f9d512e20457c3,TID_ALLIANCE_CREATE_MIN_TROPHIES,最低奖杯数：
cc701c4f693d26c6,TID_CONSUMABLE_BOOST_BUILDER,建筑工人大餐
b70dfacc22d3718e,TID_JOIN_CLAN_REQUIREMENT_CASTLE,需要部落城堡
1611d7a47e7400dc,TID_INFO_SCREEN_TITLE_UPGRADE_MINI_LEVEL,对<object>进行<c00ffff>第<number>级超级充能</c>？
77e2eeaa4d414da7,TID_SKIP_CHEST_OPEN,跳过开箱动画
6f96d5ac6beace5a,TID_CONSUMABLE_BOOST_LAB,研究浓汤
b19c1d50df8f9508,TID_CHARACTER_INFO_ICEMINION,寒冰亡灵兼具亡灵的凶猛和戈仑冰人的冷酷，会锁定防御建筑并减缓其攻击速度。但它像雪花一样脆弱！
f7a12b70067eb2d5,TID_TREASURE_HUNT_INFO_TEXT_1,发起联机模式战斗，摧毁建筑，寻找隐藏宝物！
4bf178503b78fc33,TID_EVENT_TREASURE_HUNT_TITLE,战场寻宝
ae3220bc3f576634,TID_BUTTON_CLAN_NOTICE_MESSAGE,使用部落描述
89addf19dc3bb703,TID_DECO_CLASHOWEEN_2024_SUPERDECO_CAULDRON,沸腾坩埚
ea2d47d081e21347,TID_DELIVER_REWARD_NOT_DELIVERED_RESOURCE_FULL,哎呀，仓库已满，这个奖励放不下了。
1da39d1c0b5e3a96,TID_CANNON_ABILITY_HELP,战车被摧毁后，加农炮获得<num>临时生命值，将继续射击
f07d0d8b7f03f98e,TID_CLAN_SETTINGS_APPLY_INFO,要应用对部落设置所做的更改吗？
f913e36bea23280e,TID_BUTTON_UPGRADE_MINI_LEVEL,超级充能！
0dba6c0182055033,TID_CONSUMABLE_INSTANT_TRAINING_INFO,一口吃完的甜点，能瞬时完成所有部队的训练、法术的配制和攻城机器的建造，持续<time>，或最多在<battles>场战斗中生效。
5b8f026a078011e1,TID_CONSUMABLE_CC_REFILL_AMOUNT_INFO,部落城堡蛋糕已启用！
cb06c04936a2c7ae,TID_GENERIC_ERROR_MESSAGE,您目前无法执行此操作。
017ebc2d41b9f356,TID_CONSUMABLE_CONFIRM_TITLE,使用魔法零食？
b07c6fafed46f2b2,TID_SCENERY_TTRPG,飞龙领地
dd72a9ebf70e52dc,TID_ICE_MINION_ABILITY_INFO,被消灭时会冻结附近的一切。
4eefac4c62d57dc1,TID_POPUP_CANCEL_GOBLIN_UPGRADE_MINI_LEVEL,确定取消对<item>的超级充能吗？取消后，支付给哥布林建筑工人的宝石不会返还，且只会返还<number>%的资源花费。
c906a43defe74e15,TID_BUTTON_CHEST_DROPRATES,查看奖励几率
5d3570e6a4cc9adf,TID_FAMILY_FRIENDLY_LOCKED_YOUNG_PLAYER,您只能搜索全年龄部落
56cee85b910d43fb,TID_CLAN_ADVANCED_SEARCH_RESULTS_WITH_NAME,使用搜索选项，显示关于\q<name>\q的搜索结果
d02b2dda0ed0c27f,TID_INFO_SCREEN_INFO_TEXT_MINI_LEVEL,还在等建筑的全新等级？对已升至满级的建筑进行超级充能，让它们变得更强！
4bed025f500b34c4,TID_STORAGE_ITEM_USES_ACTIVE,已启用
172803d236abd458,TID_CONSUMABLE_INSTANT_TRAINING_WARN,您当前已启用训练加成！
ff9a942e27f0603e,TID_INFO_SCREEN_DISCLAIMER_MINI_LEVEL_TITLE,即将推出全新等级！
f8450eaccf056273,TID_GEAR_INFO_LAVALOON_PUPPET,召唤可怕的熔岩气球
10746d082cd6b84c,TID_STORAGE_ITEM_UNPLACED,待放置
b4bd5cfb5ae9281f,TID_DECO_SUPERDECO_MOCHAPOT,魔法酿造机
54bffd94ce795d4e,TID_ANIME_QUEEN,动漫女皇
40c916ab6c81a3f9,TID_STORAGE_ITEM_CC_REFILL_LEFT,剩余提供增援时间：
de7b8ee96eae6201,TID_CLAN_NOTICE_STAT_LOCATION,位置：
333df0a1df841ff3,TID_CONSUMABLE_BOOST_LAB_WARN,该加成效果不能与研究药水的效果叠加，两者无法同时生效
8826ef6dd63acc9d,TID_GEAR_SUMMONED_TROOPS_NO_UPGRADE_TEXT,被召唤部队
5115c2958a3379e9,TID_INFO_SCREEN_MINI_LEVEL_INFO_TITLE,已完成超级充能！
0e9d255104aa43e0,TID_POPUP_BOOSTER_INSTANT_UPGRADE_MINI_LEVEL,使用<booster>立即完成<item>的超级充能？
56a0d62c82270f6c,TID_STORAGE_ITEM_BATTLES_LEFT,剩余战斗次数：
7445545822725dff,TID_FAILED_TO_RETRIEVE_NOTICES,无法检索部落公告。\n请稍后重试。
e3690ef46d2646a8,TID_SET_CHAT_LANGUAGE_HUD_MESSAGE,在发布公告前，您必须先设置聊天语言！
e474654d9009b637,TID_CLAN_SETTINGS_APPLY_REMOVE_NOTICE_INFO,更改聊天语言设置后，公告板上的部落公告将被移除。要应用更改吗？
73f026d2494e4b11,TID_CLAN_NOTICE_REPORT_INFO,确定要以内容不当为由举报<name>部落的公告吗？
f8be2ca570d6d99f,TID_CONSUMABLE_BOOST_HERO_INFO,一份能量满满的点心，能在接下来的<battles>场战斗中，将英雄、战宠和装备强化至您当前大本营所支持的最高等级。只可在家乡使用！
793555bb7f15c344,TID_SEARCH_OPTIONS,搜索选项
27f4c1674e311d06,TID_CONSUMABLE_CLAIM_WARNING,\n\n<c3c74a5>请在该物品可用时使用，否则您将失去该物品。</c>
74433211da3c34ff,TID_CLAN_NOTICE_OPEN_FAILED_INTERNAL_ERROR,出错了，请重试。
ffe547c3e19d5d1a,TID_STORAGE_BUTTON_USE,使用
7209f0d084c070d5,TID_CLAN_ADVANCED_SEARCH_RESULTS_NO_NAME,显示使用搜索选项的搜索结果
8da8b9efad652556,TID_MINI_LEVEL_REMOVED_TITLE,建筑全新等级！
4372556fbd6c416b,TID_GEAR_INFO_ARCHER_CROWN,召唤一群隐形弓箭手
b031729a6e8cb9aa,TID_MUST_CREATE_ALLIANCE_HUD_PROMPT,创建一个部落才能应用您做的更改！
903ba7e8b24e5d67,TID_CONSUMABLE_BOOST_ARMY_INFO,一份美味的煎饼，能在接下来的<battles>场战斗中，将部队、法术和攻城机器强化至您当前大本营所支持的最高等级。只可在家乡使用！
e1046ed548af1b85,TID_GEAR_TITLE_ARCHER_PUPPET_GIVEN_ABILITY,隐形
a8e279f509db88ae,TID_POPUP_CANCEL_UPGRADE_MINI_LEVEL,确定取消对<item>的超级充能吗？取消后只会返还<number>%的花费。
012c89e0cf33fb31,TID_CONSUMABLE_INSTANT_TRAINING,训练甜点
0b952f54f9af0eb2,TID_CLAN_NOTICE_PUBLISH_FAILED_ALLIANCE_FULL,您的部落已满员，无法发布公告。
45314c4eab0a75ed,TID_SUPERCELL_ID_BUTTON_CONNECTED,打开
f1ae90173fbb3d02,TID_DECO_CLASHWEEN_2024,
0564f4bf7142204f,TID_TTRPG_QUEEN,半羊人女皇
2ec502c2996367d0,TID_CLAN_NOTICE_REPORT_NOTIFICATION,已举报该部落公告！
6ee3f5151ddd02db,TID_BUTTON_CLAN_NOTICE_DESCRIPTION,公告信息
bf154fc2879d7765,TID_MINI_LEVEL_INFO_ITEM1,使用建筑工人为部分满级建筑进行超级充能。
3def390b9c3018b4,TID_EVENT_TREASURE_HUNT_COOLDOWN,宝箱刷新倒计时：<time>
2a5deaeab67b023a,TID_ANIME_KING,动漫蛮王
c6c63eb2f5fe8ad6,TID_SHOP_SCID_TITLE,赢取专属奖励！
2bc2d5b60902d8d6,TID_ICE_MINION_ABILITY_NAME,冷酷无情
87e9266365ae5c5d,TID_DELIVER_REWARD_DELIVERED_OVERFLOWING,仓库快满了！资源将溢出存储空间。
3281693287d0888d,TID_NO_BOOKMARKS,您尚未收藏任何部落。\n\n您可以在部落公告或部落信息界面收藏部落。
e1d9593abddc4387,TID_HARD_MODE_DESC,防御设施伤害提高5%，进攻方英雄生命值减少5%，且伤害降低5%！普通装备的等级上限为15级，史诗装备的等级上限为21级。
442042bd9a4489c9,TID_BOX_OPEN_INFO_ON_SKIP,打开了一个宝箱并获得了<reward>
ac0dc609c06bf890,TID_LEGEND_SIGN_UP_CONFIRM_SHIELD_REMOVAL,传奇杯联赛的规则与其他联赛不同，例如进攻次数有限。报名参加传奇杯联赛将导致您的护盾被移除，确定要继续吗？
fbe5ac2609e17209,TID_MINI_LEVEL_REMOVED_TEXT,这些建筑的全新等级已上线！\n它们的所有超级充能效果已结束。
6d815f2abf0ec9f7,TID_TTRPG_CHAMPION,圣骑士战神
d5e11e9399052c9b,TID_STORAGE_ITEM_USES_EXPIRES,离过期还有：
2f87f7feee2c2d9b,TID_CLASH_GAMES_WARDEN,部落运动会守护者
eefe62b78e76cfaa,TID_CLAN_NOTICE_JOIN_DISCLAIMER,注意！您的部落类型设置为<type>。玩家仍然可通过部落公告加入您的部落。
6a47cdf68c234dfa,TID_ICEMINION,寒冰亡灵
9172b41adf90ef97,TID_TREASURE_HUNT_INFO_TEXT_2,战场上有多处宝物标记，但其中只有一处包含宝箱！
822d2acc99b806b0,TID_CLASH_GAMES_QUEEN,部落运动会女皇
7c12cd78e8421083,TID_SCENERY_CLASHGAMES,部落运动会体育场
2f786f00a83c0f33,TID_INFO_SCREEN_INFO_MINI_LEVEL_UPGRADE,超级充能
3515dbfb48faad6a,TID_ITEM_INSTANTLY_TRAINED,已瞬时完成<item>训练！
727bd7bbb4f2e787,TID_CONSUMABLE_BOOST_HERO,能量点心
6f6ecd96ce560671,TID_CONSUMABLE_BOOST_LAB_INFO,一碗热滚滚的浓汤，能让您实验室的研究速度提升至原来的<num>倍，持续<time>。只可在家乡使用！
2fece97920dde0ad,TID_HEROJELLY_EVENT_TITLE,英雄不息
0575af9f649bc3b6,TID_NOTICE_BOARD_SEARCH_NO_RESULTS_INFO,请调整搜索选项，以获得更多结果。
01cf6482f5b4d49d,TID_STORAGE_ITEM_USE_CC_REFILL,使用部落城堡蛋糕，免费为您的部落城堡提供增援！
b4f142f97619ab33,TID_STORAGE_ITEM_QUICK_TRAINING_LEFT,剩余瞬时训练时间：
afc53af3b5abdf76,TID_MINI_LEVEL_TIMER_TEXT,即将结束！
563a3c44ea728b78,TID_INFO_SCREEN_INFO_MINI_LEVEL_CONFIRM,确认
5ca20ebf206d8a49,TID_STORAGE_ITEM_EXPIRED,物品已过期
d363c40e3688dec2,TID_CLASH_GAMES_KING,部落运动会蛮王
8222fb947b9ca957,TID_TTRPG_WARDEN,矮人守护者
44a8b78ee0e5a17c,TID_CLAN_NOTICE_STAT_WAR_FREQUENCY,对战频率：
09ab69db2eb14cbc,TID_CLAN_SETTINGS_APPLY_REMOVE_NOTICE_TITLE,移除部落公告？
9c3ade9d9d51d820,TID_EP_MINI_ACTIVATE_COUNTDOWN,启用迷你活动令牌的窗口将在<time>后关闭
ec0475a730d8c233,TID_HERO_TAVERN_POP_UP_BLACKSMITH_BUTTON,前往铁匠铺
762f545805439b6e,TID_VILLAGER_MIGRATION_TUTORIAL_1,哇噢！辛苦了那么久，我终于要有自己的小窝啦！
86934aa10a5d199a,TID_SPELL_RESURRECT_INFO,
c8bbac93af9b35dd,TID_TROOP_TRAINING_INFO_TAP_TO_EDIT,点击以编辑
d1a772f3e5ce1ef8,TID_TUTORIAL_HERO_TAVERN_MIGRATION_5,英雄王座被移除了，但英雄们仍会保卫我们的村庄。来放置英雄战旗吧！
40a37d3f404204c0,TID_TROOP_TRAINING_COPY_ARMY_TEXT,复制军队
5f15390aff497ce5,TID_DECO_CLASHOWEEN_2024,蛇头怪墓碑
5f59b542aa92399e,TID_PTE_REWARD_LOCKED_NOT_ENOUGH_POINTS_AND_NEED_PREMIUM_MINI,您还需要<num><soft_currency>并启用迷你活动令牌才能解锁该奖励。
2a40338bb25cae91,TID_HERO_TAVERN_POP_UP_PURCHASE_BUILDING,现在可以购买<building>啦！
b2613f8e448e6dfe,TID_VILLAGER_LAB_INFO_ITEM1,实验助手可以加快实验室中升级项目的研究速度。
c74444ed337bf7f1,TID_GEAR_TITLE_DARK_ORB,暗黑魔球
b0cf363b94f06efc,TID_CHOOSE_DEFENDING_HERO,选择要替换的英雄
59628ce5ca07e3c2,TID_TUTORIAL_HERO_TAVERN_MIGRATION_1,呃！英雄王座又小又挤！对国王来说真是够丢人的！
35aa92120d1f798f,TID_HERO_TAVERN_UNPLACED,未放置英雄殿堂！
6a261b2a786f233b,TID_ATTACK_WARNING_SWAP_HERO_RECOVER,替换恢复中的英雄！
aa789918f377f85d,TID_BUILDING_TROOP_CAGE,糖果笼
3a605eb88f14d0a0,TID_UPGRADE_TH_LOCKED_TITLE3,请先升级：
7cc21c726a1f2bcd,TID_SCENERY_CLASHOWEEN2024,末日地牢
fb6d6bb7f917469e,TID_ATTACK_WARNING_SWAP_HERO_RECOVER_TEXT,您军队中有一位英雄正在恢复，无法参战，但可使用另外一位英雄。您想要更新您的军队阵容吗？
5ae20fe6a8e7c0b5,TID_INFO_DISCLAIMER_VISIT_TAVERN,前往英雄殿堂以解锁英雄！
1856ef95b9618a78,TID_HERO_TAVERN_TOO_LOW,需要将英雄殿堂升至<number>级！
bdd5aab740d02220,TID_HERO_TAVERN_POP_UP_PLACE_TAVERN,放置英雄殿堂
4291b20fb31a0b9c,TID_BA_ASSIGN_BUTTON,指派学徒
42d1de70d9728aed,TID_HERO_TAVERN_UNLOCKS_PENDING_TEXT,英雄殿堂中有新英雄等您解锁！要前往英雄殿堂去见见他们吗？
ecc09bea47b25b9f,TID_ALCHEMIST_CONFIRM_ASSIGN_JOB,确定要指派炼金术士到<building>项目吗？
5588a0d61feae59c,TID_LA_ASSIGN_BUTTON,指派助手
59bf1578dffe5c37,TID_TUTORIAL_HERO_TAVERN_INTRO_2,呃！
66f02239546d680d,TID_CHARACTER_INFO_BARBKINGEQUIPSNAKE,这些饥饿的大蛇被一只神秘的古老手镯召唤出来，它们只有一个目的——咬碎一切！
478833dc1cdcad34,TID_HERO_TAVERN_HERO_MAX_LEVEL_FOR_TAVERN,将英雄殿堂升至<level>级以进一步升级<hero>！
1b99b62a9195499e,TID_GOLD2,建筑大师金币
0aac491ca5269a45,TID_WEAPON_TOWN_HALL_17_INFO,火力全开！地狱火炮会发射4枚追踪敌人的炮弹，而且会在落点处留下燃烧的弹坑。如果射程内的敌人少于4个，则会多次攻击同一目标，那叫一个劲爆！
78c38660830d58a1,TID_EVENT_PASS_MINI_PURCHASE_INFO,购买迷你活动令牌以获取更多奖励
c9d101c62fa44825,TID_HERO_INSTRUCTIONS_MINION_HERO_SHORT,这位看起来不太像英雄的英雄飞上天空，引发了一场皇室骚乱！
131f81d9185c93ef,TID_BUILDING_PET_CAGE,糖果笼
1cd5254ce537a902,TID_ALCHEMIST_ASSIGN_BUTTON,转换资源
b982932c96495797,TID_SCENERY_CLASHMAS2024,WIP
be8b65c9527c4a87,TID_VILLAGER_MIGRATION_TUTORIAL_3,看来实验室需要我这样的人才。
5b669994e02d545a,TID_HERO_TAVERN_UNLOCKS_PENDING,新英雄登场！
ac9053b8f6df27dc,TID_HERO_TAVERN_POP_UP_UNPLACED_FLAG_TEXT,您有一面英雄战旗未放置！
bb76d383ccd24a66,TID_SCENERY_TH17,正义殿堂
91bf751701150e3d,TID_INFO_DISCLAIMER_PLACE_TAVERN,放置英雄殿堂以解锁英雄
6afe07f44c8f2eb1,TID_TRAP_GIGA_BOMB,终极炸弹
3dd6304b1d573fa9,TID_EVENT_MINI_PASS_ACTIVATE_TITLE,启用迷你活动令牌！
1b1352f510dab6bb,TID_BUILDING_GATLING_GUN_INFO,火焰喷射器喷射火焰的速度比十字连弩的攻速还要快！即使打歪了，火焰喷射器的攻击也会越过目标，对后方的敌人造成伤害。它只能朝向一个方向，所以要仔细考虑如何放置它！
e18d9f88ceaada29,TID_EVENT_PASS_MINI_ACTIVATE_TEXT,启用迷你活动令牌以获取更多奖励！
05ef734c505db0f2,TID_CLASHOWEEN_KING,暗黑亡灵蛮王
c1698f33a8fd6676,TID_HERO_SLOT_UNLOCK_INFO,栏位<slot>将在\n<building>达到<level>级时解锁。
ac0f8c0ed3c98717,TID_CHARACTER_THROWER,巨矛投手
b6ef057e08df488d,TID_TUTORIAL_DEFENSIVE_HERO_SWAPPING_1,您现在可以选择由哪位英雄来守护这面战旗，选择的英雄可随时更换。
22d0d10c1eec08f2,TID_HERO_TAVERN_POP_UP_DEFENCE_TEXT,在受到攻击时，英雄会保卫您的村庄。在您的村庄放置英雄战旗，指派英雄保卫它们。
b59b2aa84b671a9f,TID_CONSUMABLE_BOOST_LAB_INFO,一碗热滚滚的浓汤，能让您实验室和战宠小屋中的升级速度提升至原来的<num>倍，持续<time>。只可在家乡使用！
cffefc9082f654c0,TID_BUILDING_SPELL_CAGE,法术惊喜
008acbd94fe851f4,TID_HERO_INSTRUCTIONS_MINION_HERO,这个自称暗黑王子的家伙是个狠角色！亡灵王子会在空中发射暗黑粘液，对防御建筑和部队造成伤害！防守时，他会在自己的英雄战旗附近盘旋。
579ee67a5dcf23da,TID_TRAINING_EDIT_HERO_SELECT_PET,选择战宠
a240264926a61471,TID_VILLAGER_LIST_ASSIGN_LAB_ASSISTANT,指派实验助手？
b51cd81a44c860dd,TID_HERO_TAVERN_MENU_HEART_POP_UP_TEXT,英雄在进攻中损失的生命值之后会逐渐恢复。
5bf04babef16748b,TID_HERO_TAVERN_POP_UP_NEXT_FLAG_TEXT,下一面战旗在英雄殿堂达到<level>级时解锁！
eb4639b6e9ffe73f,TID_CHARACTER_SNAKE_BARREL,灵蛇飞桶
543a10b580ae5d58,TID_ELIXIR2,建筑大师圣水
ef03e0b5befbe9ff,TID_CONSUMABLE_CLAIM_WARNING,\n\n<c3c74a5>请在该物品过期前使用，否则您将失去该物品。</c>
885d18515f22d267,TID_ATTACK_WARNING_SWAP_HERO_UPGRADE,替换升级中的英雄！
d18dc9451f21fe2d,TID_HERO_TAVERN_HERO_LOCKED,在英雄殿堂达到<level>级时解锁！
e974fc29b89eb91d,TID_HERO_SELECTION_UNLOCK_BLACKSMITH_INFO,建造<building>\n以解锁更多装备！
b70866514e04f6d9,TID_BUILDING_GATLING_GUN,火焰喷射器
425c63b208172db6,TID_GEAR_INFO_SNAKE_ARMOR,受到伤害时，召唤灵蛇与您并肩作战
49c4793dc07edcb9,TID_SNAKE,灵蛇
8992ca6c6a6507a1,TID_HERO_INSTRUCTIONS_QUEEN_SHORT,她的十字连弩能轻而易举地粉碎建筑，就像她能轻易让人心碎。
6d776303958db467,TID_HERO_TAVERN_POP_UP_CONTINUE_ATTACKING,继续进攻
b0c1c7dd54043408,TID_BUILDING_DEFENSE_TROOP_CAGE,糖果拐杖
8021adde8b82b91e,TID_VILLAGER_STOP_RECURRENCE_TITLE,停止持续指派？
04d5fc8c02139cf4,TID_SPELL_MASS_DESTRUCTION,重度摧毁
40703909d47d710e,TID_BUILD_HERO_TAVERN_TO_UNLOCK_HEROES,建造英雄殿堂以解锁英雄！
8ad04f754786acd4,TID_TOWN_HALL_INFO,大本营是村庄的核心。升级大本营，可解锁新的防御、建筑、陷阱和更多内容。\n摧毁敌军大本营，您将赢得战争，并获得一颗星。\n摧毁敌军50%的建筑及其大本营，可赢得第二颗星。\n如果100%全毁敌军建筑，则获得满分三星。小心！敌军也会尝试摧毁您的大本营！把大本营建在村庄中心，并在其周围建造城墙、陷阱以及其他防御是最安全的举措。敌军十分狡猾，可能在村庄的任何一侧发起进攻！
f188d721b86a4897,TID_VILLAGER_LIST_ASSIGN_ALCHEMIST,指派炼金术士？
dbd23ca83e34c446,TID_LAB_ASSISTANT_CANT_UPGRADE_WORKING,您无法升级正在工作的实验助手，请在他休息时再试试！
984e69829c7600b8,TID_ATTACK_WARNING_HERO_TAVERN,未放置英雄殿堂
3f8a42447ebeaacc,TID_CHEST_EPIC_NAME,史诗宝箱
276a75f322a6bc87,TID_TRAINING_EDIT_HERO_SELECT_GEAR,选择装备
f585941d393c5b8f,TID_CHEST_RARE_INFO,至少包含一项稀有奖励的宝箱！
55ca94f3fd9db75c,TID_TRAINING_TAB_TITLE_PRESETS,预设军队
9b6a8d4cdd75e941,TID_ELIXIR_SHOP_PACK_2,<number>建筑大师圣水
551837b54fb70cae,TID_MINI_LEVEL_STATUS,<level>级 充能<charge>级
1c3e3ec379424c8a,TID_EP_MINI_RECEIVED,已获得迷你活动令牌！
f178de836c292f24,TID_HERO_TAVERN_POP_UP_PET_SHOP_TITLE,战宠
7be00d5c11256650,TID_GEAR_INFO_DARK_ORB,对命中的所有目标造成伤害，并减缓目标的速度
7451f413b1f6b518,TID_GEAR_TITLE_MINION_BODYGUARDS,护卫玩偶
1b5241cf938fea17,TID_BUTTON_NEXT_LEVEL,下一关!
be1669493ecef162,TID_STEAMPUNK_BATTLE_MACHINE,蒸汽朋克机器
6647e49c7b00908d,TID_OBSTACLE_DEPLOY_AREA_MARKER,部署区标识
2970b9c10e7124f1,TID_HERO_TAVERN_POP_UP_DEFENCE_BUTTON,查看英雄战旗
0b4ea5576ad5628b,TID_HERO_TAVERN_POP_UP_DEFENCE_TITLE,防守英雄
31738f98ca9d33b4,TID_AVAILABLE_DEFENDING_HEROES,可用英雄
a2b2bd535034abb2,TID_DECO_CLASHMAS_2024_SUPERDECO_GLOBE,水晶球
7050e983af1d1f66,TID_SPELL_REVIVE_INFO,天使的独家秘方！复苏法术能让效果范围内被击倒的英雄恢复一部分生命值，重新回到战斗中。将该法术带入战斗，被击倒且可复活的英雄上方就会出现一颗漂浮的金色心脏。升级复苏法术，可为英雄恢复更多生命值。
87cce19e9e5ae27e,TID_TUTORIAL_HERO_TAVERN_MIGRATION_3,欢迎来到英雄殿堂！这里有与英雄相关的所有信息！
fec99a895ad2bbac,TID_SPELL_RESURRECT,
7edc1103cd58232e,TID_TH17_QUEEN,维序者女皇
2b5d204638fee609,TID_ALCHEMIST_APPRENTICE_INFO,炼金术士可以将资源转换为不同类型。您每天可以指派她一次，升级炼金术士还会提升其工作速度！
1a8045b0721b343e,TID_EP_MINI_ACTIVATE_BANNER_TITLE,启用迷你活动令牌
83f3bf8092a611f8,TID_CHARACTER_INFO_THROWER,这位力大无穷的投手目标明确，志在必得！他会从远处向敌人和防御建筑投掷威力十足的长矛。他哪来那么大力气？秘诀就在于他那浓密的胡须！
66fe7ff633410130,TID_CONVERT_RESOURCES_TITLE,转换资源？
b759bef4fd78d0c1,TID_VILLAGER_ALCHEMIST_UPGRADE_INFO,新的可投入资源数量上限：
6de899eecdffd653,TID_GEAR_INFO_MINION_BODYGUARDS,召唤空中护卫来增援亡灵王子
2a3077243e2b3329,TID_GOBLINMACHINE,哥布林机甲
a24e4944804e6877,TID_VILLAGER_ALCHEMIST_TARGET_RESOURCE,将<resource>转换为：
27d46efc51b720b2,TID_VILLAGER_ALCHEMIST_INFO_ITEM3,升级后她的资源转换量和速度会提升。
fa3ea28864854fc5,TID_ALCHEMIST_APPRENTICE,炼金术士
960d725f49de16c9,TID_EVENT_PASS_MINI_PACKAGE_INFO,购买迷你活动令牌以获取更多奖励
92b6581e3702deea,TID_TRAP_GIGA_BOMB_INFO,村民们不想把这么危险的武器放在大本营里，所以把它搬了出来！终极炸弹会将敌人击退，并造成巨大伤害。这个陷阱的威力足够大，所以没必要藏起来！
a281612316af1a1b,TID_HERO_TAVERN_POP_UP_GO_TO_TRAINING,前往训练界面
9f1ae4edb3f3aabb,TID_ALCHEMIST_NOT_ENOUGH_RESOURCES,<resource>不足
275338ce63885dbb,TID_VILLAGER_ALCHEMIST_AMOUNT_ZERO,您需要选择一种资源进行转换！
153bf8f2a357552f,TID_HERO_HEAL_PERCENT,复活后英雄生命值：<number>%
23b44cc014e59267,TID_VILLAGER_LAB_INFO_ITEM2,休息好之后，他可以充分发挥聪明才智，每天为您助力一项升级工作。
c2257274e826dcc9,TID_CONVERT_RESOURCES_TEXT,您想将<resource1>转换为<resource2>吗？
332ef7aa57321c68,TID_HERO_TAVERN_POP_UP_BLACKSMITH_TEXT,装备可提升英雄的战力，让他们在战斗中获得新的技能！可在铁匠铺中使用矿石升级装备。
d2073933bc6ce71e,TID_ALCHEMIST_WAIT_LOCKED,您需要先解锁炼金术士！
dedac30818843cf7,TID_EP_MINI_ACTIVATE_SCID_TITLE,启用迷你活动令牌？
13f0195e8593df26,TID_CLASHMAS_KING,机器蛮王
9f3a575bb0b7b075,TID_HEROES_UNLOCK_AT,大本营达到<level>级时可解锁英雄！
ca84fadbfa2eac46,TID_BUILDING_GATLING_GUN_INFO_SHORT,用迅猛的火焰点燃战斗激情！
442e3dcd0b37bc4c,TID_TROOP_TRAINING_CC_OVERVIEW,部落城堡增援
8692b8399b938cd6,TID_SPELL_REVIVE_INFO_SHORT,觉得您的英雄已经出局了吗？那可就错了！
c0582bd9fdffdffd,TID_TH17_WARDEN,大裁决者
e5fb2ab4d1022f7e,TID_HERO_TAVERN_POP_UP_PET_SHOP_BUTTON,前往战宠小屋
83b1ceb22864fcad,TID_GEAR_TITLE_SNAKE_ARMOR,灵蛇手镯
4d64ad1769873a85,TID_WEAPON_TOWN_HALL_17,地狱火炮
73f1c6aeb2332033,TID_UNPLACED_HERO_TAVERN_HINT,放置英雄殿堂以使用英雄
30a5afaa8d9abe4e,TID_TUTORIAL_HERO_TAVERN_INTRO_1,嘿，首领！新建的英雄殿堂里来了一位强大的英雄。去打个招呼吧！
754127371659b4b3,TID_UPGRADE_TOWNHALL_EAGLE_MERGE_INFO,开始本次升级会使天鹰火炮合并至大本营中，且该操作无法撤销。
613542668252646f,TID_ALCHEMIST_CANT_CONVERT_SAME_RESOURCE,无法转换为相同类型的资源
f13fae6d363baef1,TID_HERO_TAVERN_POP_UP_BLACKSMITH_TITLE,英雄装备
4dc423d16b83a9cf,TID_HOTROD_BATTLE_COPTER,改装直升机
37aad3c3b7d7680a,TID_EVENT_PASS_MINI_PURCHASE_TITLE,获取迷你活动令牌！
0e83e523ef7b8fe0,TID_VILLAGER_LAB_INFO_ITEM3,他每天工作一小时，升级后他的工作速度会提高。
9f5657deb0717fa5,TID_HERO_TAVERN_POP_UP_ATTACK_BUTTON,前往训练界面
aa02195108ad26ea,TID_ALCHEMIST_WAIT_COOLDOWN,炼金术士正在休息，请稍后再来看看！
56eea0eefef821f9,TID_RESEARCHER_APPRENTICE_INFO,实验助手可以加快研究速度。您每天可以指派他一次，升级实验助手还会提升其工作速度！
71d90ca030ec99ff,TID_HERO_INSTRUCTIONS_WARDEN_SHORT,辅助部队作战的魔法大师。
6cd051c6d2263c2f,TID_INFO_SCREEN_TITLE_HERO_FLAG,<flag>：<cffcc33><hero></c>
ac84bfa67b0711e3,TID_HERO_INSTRUCTIONS_BARBARIAN_SHORT,个头最大、最凶狠、最强悍的野蛮人。
9944a2c85c031140,TID_EVENT_PASS_MINI_PACKAGE,迷你活动令牌
f3e8d386af7dd3a9,TID_CONSUMABLE_BOOST_ARMY_WARN,您的军队当前已被强化！
0d5ad350ed113dd2,TID_HERO_TAVERN_POP_UP_UNPLACED_FLAG_BUTTON,放置英雄战旗
7621555547841852,TID_CHEST_EPIC_INFO,至少包含一项史诗奖励的宝箱！
4e9901dbf540c74a,TID_VILLAGER_TOTAL_SAVED_TIME,节省时间总计：<time>
af3d7e7587e46914,TID_MINION_BODYGUARD,护卫
00f73b051a4e0b2d,TID_BOOSTER_LAB_POTION_INFO,有了这瓶补气提神的药水，神秘的法师们可在<time>内将实验室的研究速度提升至原来的<multiplier>倍。只可在家乡使用！遗憾的是，实验助手还不是一名合格的法师，因此他的工作速度不会受到影响。
e873e75ef74cd653,TID_HERO_TAVERN_POP_UP_UNLOCKS_AT_TEXT,<building>在大本营达到<level>级时解锁
ca5333420b640c16,TID_VILLAGER_LIST_RESEARCHER_NO_JOB,开始实验室研究项目以指派实验助手。
766870cb4af0de3c,TID_VILLAGER_ALCHEMIST_CHOOSE_RESOURCE,选择一种资源进行转换：
622c5fa685a6e04b,TID_TRAINING_TAB_TITLE_ARMY,军队
821529387fe717d5,TID_DECO_DIWALI_2024,节日彩绘灯
fa92be6e0bb6679b,TID_BARBKINGEQUIPSNAKE,灵蛇
47c8ce71fe170dbd,TID_HERO_SELECTION_UNLOCK_PET_SHOP_INFO,建造<building>\n以解锁战宠！
d1293ecb965ef7ce,TID_BUTTON_OK,好的
2e453e98d93c8218,TID_TRAINING_EDIT_HERO_SELECT_HERO,选择英雄
54c7fe1cd5c8de10,TID_VILLAGER_MIGRATION_TUTORIAL_2,别急，室友！
3378e46c4166bc62,TID_HERO_TAVERN_LEVEL,英雄殿堂 - <cffcc33><level>级</c>
292195b28214baed,TID_NO_HERO_FLAGS_PLACED,您没有放置英雄战旗！
97578ac5a1af7e75,TID_VILLAGER_STOP_RECURRENCE,您想停止持续指派<villager>到<building>项目吗？\n当<villager>可以工作时，您可再次为其指派工作。
8b4f6d9ac7763ea0,TID_INFO_TRIGGER_HOUSING,触发所需空间：
40c2923d4fd3c204,TID_ALCHEMIST_SOURCE_MULTIPLIER,投入资源：
41d493e42823bc9b,TID_MINION_HERO,亡灵王子
9a28a4bcdc28e772,TID_HERO_IS_SLEEPING,<name>正在恢复中，无法用于进攻。
47e5a44af5ed7681,TID_ME_MINI_BONUS_POINTS_INFO,购买迷你活动令牌可获得<num><soft_currency>！
87c8af13f1f334ec,TID_CLASHOWEEN_WARDEN,暗黑亡灵守护者
bb5ac9557d464973,TID_PIRATE_BATTLE_COPTER,船载直升机
d7ce203e1509eba5,TID_FIRST_TIME_DISCOUNT,特别折扣！
a0617da43c0b054a,TID_HERO_SWAP,更换英雄
acf67475cbc969cc,TID_CHEST_COMMON_INFO,包含一项随机奖励的宝箱！
ed4a631cfac7f121,TID_DECO_CLASHMAS_2024,摇摆驯鹿
d91f9e573bb940c1,TID_VILLAGER_ALCHEMIST_INFO_ITEM1,炼金术士能快速将您仓库中的资源转换成不同类型的资源。
661051a99809b046,TID_ALCHEMIST_CANT_UPGRADE_WORKING,您无法升级正在工作的炼金术士，请在她休息时再试试！
e4e9c34654217303,TID_HERO_SLOT_DESCRIPTION,英雄战旗代表英雄的防守阵地，敌人无法在进攻中摧毁英雄战旗。
b5a35a781e96b4dd,TID_HERO_TAVERN_POP_UP_SHOP,前往商店
e566fbd059b535e5,TID_RESEARCHER_APPRENTICE,实验助手
44e83c2971902cd6,TID_EP_MINI_REWARD_LOCKED_NEED_PREMIUM,您需获得迷你活动令牌才能解锁该奖励。
ff4a5e66a6ea4500,TID_HERO_IS_UPGRADING,<name>正在升级中，无法用于进攻。
ca33b93cd8aa7aeb,TID_TUTORIAL_HERO_TAVERN_INTRO_3,一位惜字如金的国王。英雄是您军队里的中流砥柱！
66a0114b1bb4988b,TID_HERO_INSTRUCTIONS_WARDEN,这位强大的魔法大师会用法杖攻击敌人，为己方部队提供支援！大守护者可以跳过或飞过城墙！防守时，他将在英雄战旗前坚守阵地。
98830c476f1ad3d4,TID_EP_MINI_GET_SCREEN_TITLE,获取迷你活动令牌！
af76e06a1e5126a8,TID_BUTTON_ATTACK_HERO_TAVERN_ATTACK,继续战斗
d608bbdad92131d1,TID_TUTORIAL_HERO_TAVERN_INTRO_5,升级英雄殿堂以解锁更多英雄和英雄战旗！快去战斗中释放英雄的强大战力吧！
6de019bc4b5a6582,TID_HERO_FLAG_INFO,这面象征荣耀的英雄战旗代表您的某位英雄会在这里防守！
912b5d090c6bccea,TID_EVENT_PASS_MINI_PURCHASE_TEXT,购买迷你活动令牌以获取更多奖励！
201548bc8530f845,TID_CHARACTER_INFO_SNAKE_BARREL,农历新年到，灵蛇从天降！这些绿油油的家伙危险又有趣，它们会狠狠撕咬防御建筑。灵蛇还还可以爬过城墙，当它们成群结队时非常危险！
568f91de929b0c6b,TID_TH17_KING,审判者蛮王
3ec94952a0376f4c,TID_HERO_TAVERN_POP_UP_BUTTON_LOCKED,未解锁
fbe2765da105f193,TID_CONSUMABLE_BOOST_HERO_WARN,您的英雄和战宠当前已被强化！
64b06114d188b3e5,TID_BUILDING_DIRECT_HERO_CONTROL_MAIN_BUILDING,节日烟花
c57e44289cb7a4f6,TID_HERO_TAVERN_INFO,这座华丽的殿堂是为了颂扬村庄里最强大的勇士！前往英雄殿堂，查看所有与英雄相关的信息，并升级英雄。升级英雄殿堂可解锁更多英雄！
d33de73cd74b8ba0,TID_HERO_TAVERN_POP_UP_VISIT_TAVERN,前往英雄殿堂
e04d23fe0070ff2d,TID_PLACEMENT_HINT_CONTROLLABLE_HERO,将英雄放置在部署区域以开始进攻！
5de9091231ec4dce,TID_HERO_TAVERN,英雄殿堂
1d719d1d31e3130f,TID_PTE_REWARD_LOCKED_NEED_PREMIUM_MINI,您需获得迷你活动令牌才能解锁该奖励。
8f585580a3ae1019,TID_TUTORIAL_OFFENSIVE_HERO_SWAPPING_1,选择最强的英雄加入您的出战阵容。升级英雄殿堂，解锁英雄栏位。
b15cc153b8c19de9,TID_HERO_FLAG,英雄战旗
53f17b9d0bc6e31a,TID_DECO_CLASHMAS_2024_CHOIR,发条合唱团
243cfa3157722653,TID_BUTTON_TRAIN_ALL,训练全部
0d6cd011f2ff98c3,TID_TROOP_TRAINING_HERO_INFO_TEXT,点击以编辑英雄
5dfb9a637885a446,TID_CLASHMAS_QUEEN,木偶女皇
087996b0d2256599,TID_GOLD_SHOP_PACK_2,<number>建筑大师金币
0d576227926db7bc,TID_HERO_SELECTION_UPGRADE_TAVERN_INFO,升级<building>\n以解锁更多英雄！
3f45a714338cdc71,TID_CHEST_COMMON_NAME,宝箱
7fc246d29e9f96d2,TID_ALCHEMIST_WAIT_WORKING,炼金术士正在工作，请稍后再试！
bf837d347707ce00,TID_TRAP_GIGA_BOMB_INFO_SHORT,炸弹之王！
89ea10ff586a253f,TID_CHARACTER_INFO_THROWER_SHORT,投的越多，懂的越多！
af1ed617f60ac155,TID_CHARACTER_INFO_MINION_BODYGUARD,亡灵王子可以召唤这些邪恶的兄弟姐妹与他并肩作战！他们会吸收伤害并攻击防御建筑。
3b0f8eacf9077425,TID_ATTACK_WARNING_HERO_TAVERN_INFO,放置英雄殿堂，让您的英雄参加战斗。
3e17d9c971edd1f8,TID_ICE_HOUND_ABILITY_INFO,攻击会让目标减速，被消灭时还会冻结附近的一切。
378b2229dfe185a8,TID_BUILDING_VILLAGER_APPRENTICE_INFO,在这个舒适的小屋里，帮手们躺在暖和的高低床上休息！前往帮手小屋，给帮手们指派村庄里的工作。
d9211a86e3f1b9df,TID_HERO_TAVERN_POP_UP_PET_SHOP_TEXT,战宠是英雄最好的朋友。为英雄指派战宠，让他们在战斗中更加强大！
500b1b99c9b5f730,TID_TUTORIAL_HERO_TAVERN_MIGRATION_2,好消息！我们建了一座配得上所有强大英雄的建筑！去放置英雄殿堂吧！
9d0212f7c9da7e93,TID_CHEST_RARE_NAME,稀有宝箱
74ff6ec7b19ff5b6,TID_HERO_TAVERN_UNPLACED_TEXT,您尚未放置英雄殿堂，这将导致您无法在进攻中使用英雄！要现在就放置吗？
8eb4cd1959551ee7,TID_VILLAGER_ALCHEMIST_INFO_ITEM2,她休息好之后，每天都可以进行一次资源转换工作。
1b94959cd39e2ecf,TID_EP_MINI_ACTIVATE_SCID_CONFIRM,您的Supercell ID存有<num>个迷你活动令牌。要为本次活动启用一个吗？
237c2c1c7333ebd8,TID_HERO_IS_LOCKED,<name>未解锁
b80f17ea431ecf4f,TID_BUTTON_ATTACK_HERO_TAVERN_PLACE,放置英雄殿堂
c1f053d59f9449ae,TID_DECO_CLASHMAS_2024_SACK,礼品袋
23f9dfca2bd20790,TID_CLASHOWEEN_QUEEN,暗黑亡灵女皇
f4e4b94213bd638d,TID_ATTACK_WARNING_SWAP_HERO_UPGRADE_TEXT,您军队中有一位英雄正在升级，无法参战，但可使用另外一位英雄。您想要更新您的军队阵容吗？
e41dd7d43e0816e9,TID_GUIDANCE_WRONG_LOCATION_FOR_CONTROLLABLE_HERO_GROUND,请点击正确的位置！
3e15a87d3707561d,TID_LAB_ASSISTANT_CONFIRM_ASSIGN_JOB,确定要指派助手到<building>项目吗？
2853563227d549ea,TID_CLAIM_HERO_AT_TAVERN,前往英雄殿堂领取这位英雄！
42e7cbf0472a41f8,TID_TOWN_HALL_17_INFO_SHORT,制定法则，步步为营！
8d9d5f265847f0d0,TID_ALCHEMIST_BOOST_MULTIPLIER,转换加成：
1dcdc04ff12962b9,TID_ALL_HEROES_LOCKED,未解锁英雄
31c0b6dc5754b9a7,TID_CONVERT_RESOURCES_WARN,<c3c74a5>您的仓库快满了，部分资源将丢失。</c>
5a58f7edcc2a26ba,TID_NOTIFICATION_VILLAGER_READY,一位帮手空闲中！
80bb919eeb867ab0,TID_ATTACK_WARNING_HERO_TAVERN_TITLE,您的军队中没有英雄！
c874d1f8feb63e6b,TID_EP_MINI_GET_BANNER_TITLE,购买迷你活动令牌
446849f399aaa799,TID_CHARACTER_INFO_SNAKE,这些绿色的危险生物从地底钻出来，想尝尝战斗的滋味！它们会爬过城墙，用牙齿撕咬一切！它们成群结队时更加危险！
6afac48edd288823,TID_TRAINING_TAB_TITLE_RESERVE,储备
36898ae535d73756,TID_UPGRADE_HOME_TH_LOCKED2_INFO,要解锁下一级大本营，请先升级以下建筑！
0df95f4042a4ce79,TID_TUTORIAL_HERO_TAVERN_INTRO_4,您可通过英雄战旗派出英雄抵御进攻，保卫村庄。去放置英雄战旗吧！
718deb0dc4248a77,TID_LAB_APPRENTICE_TITLE,实验助手
5b9a0a7498b27b27,TID_SCENERY_MASHUP,联动欢乐谷
fac72f7377516e2c,TID_DECORATION_BARBARIAN_STATUE,强者雕像
ce1db5e2c2ac6834,TID_BUILDING_VILLAGER_APPRENTICE,帮手小屋
d3662aca2a683026,TID_PTE_PERK_NEEDS_PREMIUM_MINI,使用迷你活动令牌解锁
a389ec7be4980d24,TID_VILLAGER_POPUP_INFO_ASSIGN_REPEAT,持续指派，直至完成该升级。
c0296dd8923623c3,TID_HERO_INSTRUCTIONS_ROYAL_CHAMPION_SHORT,总能在战斗的关键时刻看到她的身影。
5cb7e5a04b84ce38,TID_TUTORIAL_HERO_TAVERN_MIGRATION_4,英雄王座被移除了，但英雄们仍会保卫我们的村庄。来看看英雄战旗吧！
1b4cbadb807e4c2d,TID_SPELL_REVIVE,复苏法术
2ca597baad152588,TID_INFO_DISCLAIMER_BUILD_TAVERN,建造英雄殿堂以解锁英雄
396ffb5318087454,TID_BUTTON_BOOST_TRAINING,加速训练
a2aee673b6115576,TID_CONVERT_RESOURCES_INSTANT,资源将被<cffcc33>立即</c>转换
3edf5fa64eab79da,TID_BUTTON_WATCH_REPLAY,观看回放
5a9f7a51d2f25166,TID_SCENERY_WAR_MACHINE,战争机器
3dac3d0f1175001d,TID_BOOSTER_FILL_ELIXIR2_STORAGE_INFO,使建筑大师基地的圣水立即达到最大储量。
239b72c9c9c78e51,TID_PET_ABILITY_INFO_SNEEZY,喷出空中支援部队。跟随的英雄被击倒后，她仍会继续战斗。
79abba9410fc2f42,TID_ALCHEMIST_APPRENTICE_INFO,炼金术士可以将资源转换为不同类型！她每天工作一次，升级炼金术士可提高她的工作效率！
eb9180f4c4a79c3a,TID_BP_PERK_CLAN_CASTLE_REQUEST_COOLDOWN,请求等待时间缩短
9eecbbc49b6970dd,TID_CHARACTER_INFO_SIEGE_MACHINE_TROOP_CATAPULT_SHORT,发射装满部队的飞桶，助友军一臂之力！
d9a0754eafbc6aec,TID_BOOSTER_FILL_GOLD2_STORAGE_INFO,使建筑大师基地的金币立即达到最大储量。
52b74e3390a62e86,TID_ARMY_PRESET_LOADED_FRIENDLY_ARMY,将<army>设为友谊战军队！
7236bb93c67fbfc7,TID_CLAN_EVENT_LEADERBOARD_INFO,活动期间和部落成员一起通过进攻、资源采集器和资源车获取金币，您也将获得等量的活动货币。和部落成员一起贡献活动货币以解锁共同奖励！
e997b7b1125d14a5,TID_CHARACTER_INFO_SIEGE_MACHINE_TROOP_CATAPULT,这是一台无法移动的机器，它会向友军发射装满部队和部落城堡援军的飞桶，为他们提供支援。每个飞桶可容纳多个单位，包括一个部落城堡援军。飞桶数量有限，一定要充分发挥它们的作用！
5151f310298b67ca,TID_EVENT_TREASURE_HUNT_CHESTS_COMPLETE,已收集所有宝箱！
ab862ede1cf66478,TID_SCENERY_LNY2025_WOOD_TRAIT2,创意
803117b0c2caf041,TID_APRIL25_GTG_ABILITY_NAME,霸天狂暴
f730cbea2d6e66ca,TID_SPECIAL_FTUE_TUTORIAL_TOWN_HALL_2,继续升级，那些友好的......或者不那么友好的超级明星很快就会登场！
1a98344d27be7817,TID_ACHIEVEMENT_DESTROY_RICOCHET_CANNON_TITLE,跳弹加农炮破碎机
2462ba2d09ff8012,TID_ATTACK_WARNING_SWAP_HERO_RECOVER_TEXT,您军队中有一位英雄正在恢复，无法参战，但可使用另外一位英雄。您想要替换英雄吗？
ec70089e213fef68,TID_SPELL_FACTORY_REVOKE_SUCCESS_TITLE,退款已处理
567a3fa80d3296c1,TID_DECO_JAPAN_2025,神圣之门
ae3b9dcc65a6ac6b,TID_SCENERY_LNY2025_WATER_TITLE,水
18667072f9b76200,TID_SPECIAL_FTUE_TUTORIAL_5,首领！您可以花费宝石来加快速度！
1b9a938f32611629,TID_BOOSTER_FILL_GOLD_STORAGE_INFO,使家乡的金币立即达到最大储量。
c1644b75b605ead4,TID_ICE_WARDEN,冰雪守护者
4f364f2797cd1264,TID_POPUP_CONFIRM_USE_RECIPE_TITLE,使用该军队配置？
f902840bde01c491,TID_ATTACK_WARNING_SWAP_HERO_UPGRADE_TEXT,您军队中有一位英雄正在升级，无法参战，但可使用另外一位英雄。您想要替换英雄吗？
9cb8bccebbe95666,TID_SPECIAL_TUTORIAL_STARTER_CHALLENGE_4,升级大本营，解锁更多新手挑战。
284826710a6a03e7,TID_ARMY_OVERVIEW_HINT_SPELLS_BUILD_SPELLFACTORY,建造法术工厂以配制法术
6c1445ce739129eb,TID_SPECIAL_REENG_TUTORIAL_BUILDER_1,您不在的日子里，建筑工人也没闲着。
418ee82b31179c6f,TID_VILLAGER_STATUS_READY_MALE,空闲中！
24ce37b48b451aea,TID_ARMY_LOADOUT_COPIED_TO_DEVICE_CLIPBOARD,军队已复制到设备剪贴板！
df44b8bdcc4ff540,TID_BOOSTER_HERO_POTION_PET_UPGRADING,无法强化英雄，符合条件的英雄已满级或正在升级，对应的战宠也正在升级！
87f3789fbd16702c,TID_ALCHEMIST_SOURCE_MULTIPLIER,可转换的资源数量上限：
cdc369776624b218,TID_FORGE_UI_END_CRAFTING_POP_UP_CANCEL_TITLE,取消项目？
78849fad28359a71,TID_ALCHEMIST_TUTORIAL,只要略施魔法，我就能把资源转换成不同类型。
859ac1bc4fdd79d1,TID_ARMY_TAB_ARMY,军队概况
72a32347e36c7a66,TID_TAX_COLLECTOR,收债哥布林
917a652c786bc631,TID_VILLAGER_ALCHEMIST_INFO_ITEM3,升级后她的资源转换量和比率会提升。
4a10fd1125fb573d,TID_SCENERY_LNY2025_WATER_TRAIT1,关爱
2f4451fd06b881f2,TID_BOOSTER_LAB_POTION_INFO,在<time>内将家乡村庄实验室的研究速度提升至原来的<multiplier>倍。不会对实验助手生效。
2d420dd7ce9a4c33,TID_CHARACTER_SIEGE_MACHINE_TROOP_CATAPULT,部队发射器
bbf15b1cdd2f8222,TID_PRESET_CANT_LOAD_MISSING_HEROES,该配置中还有英雄栏位未分配！
3f4bb180e68bf958,TID_HINT_BOOST_SPELLS,在法术工厂配制法术，让您的军队如虎添翼！
b1ae1ab4c018bb3e,TID_DECO_FIRE_ICE_SAUNA,温暖桑拿房
827f75a59011a758,TID_STARTER_PASS_SHOP_ITEM_SUBTITLE,限7级以下大本营
fee149b1d13d6994,TID_CLAN_PROGRESS_EVENT_REWARD_CLAIM_FAILED,至少需贡献一次才能获得奖励
faaf9e6bd34d185e,TID_IAP_INFO_TEXT,"청약철회는 구매일로부터 7일 이내 가능(단, 사용시 철회불가) 법정대리인 동의 없는 미성년자명의 결제 시 취소가능."
7fc236a55f66464c,TID_MILITARY_WARDEN,喷气背包守护者
7e1301f0ed094d2c,TID_ACHIEVEMENT_DESTROY_MULTI_GEAR_TOWER_TITLE,复合机械塔破坏者
1455529f0dbed4b9,TID_CHARACTER_INFO_APRIL25RRBL,战吼狂人的攻击范围超远，战斗一开始他会投出4名忠诚的部族成员，攻击一切目标！之后，他会投掷自己最擅长的巨矛。现在，大声喊出来——咦哈！
907bdc736a64d42a,TID_OFFER_DONT_MISS_ONE_TIME_OFFER_VALUE,该礼包在显示期间仅可购买1次！<cffec78><value>倍超值</c>是根据礼包内物品换算成宝石的参考价格计算得出的倍数。
c02968a9bf49225d,TID_BOOST_HEALTH_PERCENTAGE,生命值提升：<number>%
4e515840b1528659,TID_CLAN_PROGRESS_EVENT_START_COUNTDOWN,离活动开始还有：
97d592d7ba6bedc1,TID_SPECIAL_REENG_TUTORIAL_LAB_UPGRADES_1,实验室里动静很大。
33e8ec6a5fc6fb0d,TID_DECO_LNY_2025,灵蛇神龛
ac1d3dd5bff19634,TID_BUTTON_ATTACK_COOLDOWN,进攻需等待：
2af0cc3e116f5109,TID_SPECIAL_REENG_TUTORIAL_10,让战斗开始吧！
687ee18e34594369,TID_DIAMONDS_FOUND,您从<name>中找到了<cb3f357><number>颗宝石</c>！
99aaf66eab1adfd6,TID_SCENERY_FIRE_ICE,冰火极境
a19855a5605d38a5,TID_ATTACK_WARNING_NO_HEROES_ASSIGNED,您的军队中缺少英雄
49c330ef06f0d726,TID_SETTING_GROUP_ATTACK,玩法相关设置
fdbbee8b203cfac6,TID_SCENERY_LNY2025_WOOD_TITLE,木
7c1f54951974fb19,TID_VILLAGER_ALCHEMIST_UPGRADE_INFO,可转换的资源数量上限提升至：
53e1ae8c5affbdb9,TID_CLAN_PROGRESS_EVENT_INFO,活动期间和部落成员一起通过进攻、资源采集器和资源车获取金币，并贡献活动货币以解锁共同奖励！
9cb52ad1802d79c2,TID_CHARACTER_APRIL25TBRM,皮卡凯恩
a08d513da266aed2,TID_ARMY_LOADOUT_UNLOCK_WITH_TH_LEVEL,大本营达到<number>级时可解锁军队配置！
29ce1b48771bae1c,TID_BOOSTER_FINISH_BUILDING_UPGRADE_INFO,立即完成任一正在进行的建筑升级。在家乡和建筑大师基地都可使用！
b5bddbff7bee17f8,TID_NERF_HEALTH_PERCENTAGE,生命值降低：<number>%
e02437ad1206d429,TID_CHARACTER_INFO_SNEEZY_SPAWN,邪恶的鼻涕小怪从阿啾的鼻孔中喷射而出！这些生命值较高的空中部队能吸收伤害并攻击建筑。离纸巾远点就行！
2efd354e184e5c8c,TID_BUILDING_ARCHER_CANNON_INFO,复合机械塔是两种经典防御建筑的强力结合体！选择适合您的攻击模式，释放毁灭之力！可攻击空中和地面单位。
1c82c942e3ecbe73,TID_SCENERY_CLASHMAS2024,玩具工坊
20e024b7b4d521b4,TID_SUPER_YETI_ABILITY_NAME,闪电狂袭
8f65a77d530a1ca3,TID_INFO_POP_UP_TOS_PP_TITLE_NEW_PLAYER_ANDROID,重要提醒
c11ba087b9be3c26,TID_SPECIAL_FTUE_TUTORIAL_4,展示您的实力！放置加农炮，保护大本营！
3cdd1b4603774252,TID_ACHIEVEMENT_DESTROY_ARTILLERY_COMPLETED,总共摧毁天鹰火炮或地狱火炮：<value>
6e7fef7bcbb622cb,TID_SPECIAL_FTUE_TUTORIAL_TRAIN_1,开始训练一些部队吧！
95c836a30bf1f59c,TID_SP_REWARD_LOCKED_NOT_ENOUGH_POINTS_AND_NEED_PREMIUM,您还需要<num>积分并启用新手令牌才能解锁该奖励。
6e11e3f9d8a0211c,TID_HERO_TAVERN_UNDER_CONSTRUCTION,英雄殿堂正在建造中
e0bc3b63e0a78a91,TID_SPECIAL_REENG_TUTORIAL_1,首领，您正好赶上了重头戏！
9ab45c5ee0fbdcfa,TID_SHOP_MERGE_BUILDING_DISCLAIMER_NON_GEARED,两个建筑将合并为这个新建筑，请使用未改装的建筑，该操作无法撤销。
f835dc545ed06e53,TID_CLAN_PROGRESS_EVENT_TOP_CONTRIBUTORS,贡献排行榜
4b193a21ab02cebb,TID_SPECIAL_REENG_TUTORIAL_4,是时候战斗了！
20d2406a0c215bf4,TID_ARMY_QUICKSAVE_CONFIRM,已将当前军队保存为<recipe>
4c51999bbafd4c70,TID_APRIL25_RRBL_ABILITYINFO,战斗一开始，战吼狂人就远程投掷4名忠诚的部族成员，他们会攻击一切目标！
34957286b3a50525,TID_SCENERY_LNY2025_FIRE_TRAIT1,热情
6a76dab13aa24385,TID_CLAN_PROGRESS_EVENT_INFO_TEXT_1,和部落成员一起通过进攻、资源收集器和资源车获取金币，同时您将获得等量的活动货币。
e1377e13130e759b,TID_DECO_MILITARY_2025_SUPERDECO_RANGE,射击场
e671609e2564ebc4,TID_CLAN_SEARCH_TOWN_LEVEL_DISCLAIMER_TEXT,大本营等级过高
535ab029887de7ee,TID_SETTINGS_HAPTIC_FEEDBACK,触控反馈
1c172f47e9997e1d,TID_OBSTACLE_APRIL25,合约公文包
12c4bda1f6dcba6c,TID_POPUP_NOT_ENOUGH_RESOURCE_TITLE,资源不足！
46a21c9456e9d4bd,TID_GEAR_INFO_ACTION_FIGURE,召唤霸天巨人与弓箭女皇并肩作战。
0e1adbc5137a18f2,TID_GEARED_UP,已改装的<building>
cecc52a909ae068e,TID_SPECIAL_REENG_TUTORIAL_6,欢迎回来，首领！您不在的时候发生了不少事。
ca64030eec5e6321,TID_SPECIAL_FTUE_TUTORIAL_WORKER_2,再雇佣一个建筑工人，这样您就可以同时建造两座建筑了。
10ae1e74dc4464bc,TID_BUILDING_ARCHER_CANNON_LONG_RANGE_CONFIG,复合机械塔（远程攻击）
1728fc4339f3cd9b,TID_BUTTON_ALCHEMIST_CONVERT,转换
68b8e10b4b7d65a0,TID_CHARACTER_SUPER_DRAGON_RIDER,
10a417dd21c47e72,TID_BUILDING_ARCHER_TOWER_LONG_RANGE_CONFIG,箭塔（远程攻击模式）
f5585c817a9c5ebe,TID_SPECIAL_FTUE_TUTORIAL_3,哥布林！？首领，这是您的村庄，建造加农炮来保护村庄！
0b511ca8e9b4b03e,TID_BUILDING_DARK_TOWER_SINGLE_CONFIG,地狱之塔（单一目标模式）
3fef2e40abe5da03,TID_SPECIAL_FTUE_TUTORIAL_WORKER_1,操作很秀！我们必须进入战斗状态了。
1c006115ca4c9f73,TID_CLAN_PROGRESS_EVENT_MAX_CONTRIBUTORS,该部落的贡献人数已达上限。
0fbf2c27b99cb823,TID_SPECIAL_REENG_TUTORIAL_9,去看看您的军队吧，那里应该已经有位超级巨星在等着您啦！
f5d859dc8b4a3eff,TID_TUTORIAL_TRAIN_BARBARIANS_HINT,训练<number>个野蛮人
4c9acc61524d3c64,TID_PRESET_CANT_SHARE_EMPTY,无法分享空白配置
0a952f372bc63189,TID_OBSTACLE_LNY2025_EGG,灵蛇雕塑
8ec62dde2fc00228,TID_ACHIEVEMENT_DESTROY_RICOCHET_CANNON,在联机模式中摧毁<number>座跳弹加农炮。
685c91b3eb63a4f3,TID_APRIL25_TBRM_ABILITYINFO,直冲大本营，被击倒后将在烈焰中重生，伤害获得提升且带有凶猛的烈焰气场。
956560fca60951a0,TID_ARMY_PRESET_LOADED,已将军队配置<army>设为启用！
39d869fa907e6234,TID_SKIN_FEATURE_LIST_TITLE,包括：
f7530a84ab0cc6b4,TID_PRESET_ALREADY_LOADED,军队配置已加载
caf584482e91593c,TID_BOOSTER_PET_POTION_INFO,将战宠的升级速度提升至原来的<multiplier>倍，持续<time>。
6cbb7702bd0b6875,TID_BOOSTER_FREE_BUILDING_UPGRADE_INFO,立即将任一建筑升至更高一级。使用这把魔法锤需要有空闲的建筑工人。在家乡和建筑大师基地都可使用！
87c9a65fd8e81151,TID_SPECIAL_FTUE_TUTORIAL_BARRACK_1,我们需要训练一支军队去攻打那些哥布林！让我们建造一个训练营吧。
f00b26795d6dd0ae,TID_DECO_APRIL_2025_SUPERDECO,惊喜转盘
93fecb7425270676,TID_EDIT_ARMY_RECIPE_HEADER,编辑<army>
116fb27d7b996741,TID_LNY25_WARDEN,木蛇守护者
035f85f87e90b5df,TID_SPECIAL_REENG_TUTORIAL_LAB_UPGRADES_2,让我们看看那些疯狂的法师们都在干什么！
db3eea946f9936c8,TID_PET_SNEEZY_INFO,她的鼻子堵住了，随时准备打喷嚏！阿啾因过敏躲在英雄身后，朝建筑喷出黏糊糊的鼻涕小怪。跟随的英雄被击倒后，她仍会继续战斗！
ebad6ef3bb91245b,TID_SCENERY_LNY2025_STONE_YEARCYCKLE,干支纪年
f54e9e80da9933e0,TID_SPECIAL_REENG_TUTORIAL_BUILDER_2,他人真好！
e2b948b48c6b45bf,TID_SCENERY_LNY2025_STONE_TRAIT1,务实
461dcef0ace64f42,TID_SNEEZY_SPAWN,鼻涕小怪
4f86f4c95dfc030d,TID_GEAR_TITLE_STONE_AMULET,铁甲短裤
cef4c66bbcbcbe18,TID_WALL_WIZARD_BUTTON,升级更多
d8efa83ef11ffc00,TID_INFO_POP_UP_TOS_PP_BUTTON1_NEW_TOS,同意
93d877dd2c0e41d0,TID_REQUEST_NOT_IN_ALLIANCE,您需要加入部落才能获得增援
fcf5882fc29e87bc,TID_BUTTON_TRAINING_ADD_CC,添加
fdb1b0c25c90ea82,TID_BUNDLE_GEMS_CONFIRMATION,<cb3f357f><amount>颗宝石已收到！</c>
f11a78cbae3052f5,TID_SPECIAL_REENG_TUTORIAL_BUILDER_4,您可以参考他的建议清单哦！
fda9c7cfc0db1463,TID_ATTACK_WARNING_NO_HEROES_ASSIGNED_TEXT,您的军队队列里还有空间容纳更多英雄，要添加其他英雄吗？
d83e05cff1ec31e4,TID_DIAMOND_FOUND,您从<name>中找到<cb3f357>1颗宝石</c>！
722160b09fc86b1d,TID_BUTTON_SETTINGS_CHEST_DROPRATES,宝箱奖励几率
dd9afd6c0b649817,TID_SPECIAL_REENG_TUTORIAL_ATTACK_3,让我们训练一支强大的军队！
a72421554045406d,TID_INFO_DAMAGE_MULTIPLIER_TARGET,额外伤害目标：
d13a3a15f944461f,TID_BUILDING_ARCHER_TOWER_FAST_CONFIG,箭塔（快速攻击模式）
26ca88fd0a504a2c,TID_APRIL25_BLTM_ABILITYNAME,屹立不倒
3bca452e116ae73e,TID_SCENERY_LNY2025_WATER_TRAIT3,交际
06401cfe772bc0c2,TID_AGE_GATE_DESCRIPTION,《部落冲突》是一款适合所有玩家的游戏。我们需要询问您的年龄，以确保您获得最佳体验。
ef84abfc9a5bc112,TID_ARMY_OVERVIEW_HINT_SIEGE_BUILD_WORKSHOP,建造攻城机器工坊以解锁攻城机器
b56f33489f92e25e,TID_WALL_WIZARD_NOT_ENOUGH_AVAILABLE_WALLS,剩余可选的城墙少于<number>块。
e3330a0f9cab762c,TID_CHARACTER_INFO_MINION_BODYGUARD,这些邪恶的兄弟姐妹对亡灵王子忠心耿耿，他们会吸收伤害并疯狂攻击敌方目标！
edc2d6bfca134d5c,TID_SPECIAL_FTUE_TUTORIAL_GOLD_STORAGE_1,我们还要一个安全的地方来储藏金币。
9a516770a9f97193,TID_SCENERY_ACTION_HEROES,军事基地
1bcbfc1c889d6df7,TID_GEM_BUY_CONFIRMATION,<cb3f357><amount></c>颗宝石已收到！
0060689092bc556f,TID_BUILDING_BOW_GROUND_AND_AIR_CONFIG,十字连弩（地面和空中模式）
d963e8195543874e,TID_CLAN_PROGRESS_EVENT_INFO_TEXT_2,和部落成员齐心协力，贡献各自收集到的活动货币，赢取共同奖励！
9db0f1c6d1a70ad7,TID_POPUP_CONFIRM_USE_RECIPE_TEXT_DONATION,您有正在进行的增援请求，因此该配置的部落城堡设置无法生效。
ceeca5b19b6e2dd5,TID_CLAN_PROGRESS_EVENT_SUBTITLE,和部落成员一起赢取活动货币！
6887df78a136b85b,TID_MILITARY_QUEEN,疾射女皇
799e934cb6900ede,TID_SCENERY_LNY2025_METAL_TRAIT1,野心
fed3eba97c44999e,TID_POPUP_CONFIRM_USE_RECIPE_TEXT_UNITS,您已获得增援，因此该配置的部落城堡设置无法生效。
9756cd9e9f01a87f,TID_SCENERY_LNY2025_STONE_TITLE,土
e1ed8678323fb967,TID_BUTTON_TRAINING_CREATE_NEW_PRESET,新建
52d128d9f7c4caf2,TID_SAVING_CHANGES,保存修改
18384bf9b118ff15,TID_SPECIAL_REENG_TUTORIAL_2,您必须全力以赴！
7c2f44afb644be5a,TID_WALL_WIZARD_BUTTON_ADD_WALL,添加城墙
2ce7ebfde126bb92,TID_SPECIAL_FTUE_TUTORIAL_ELIXIR_STORAGE_1,圣水收集器只能存储少量圣水。
58ab88a454fa0726,TID_BUTTON_SAVE_CURRENT_RECIPE,保存当前配置
67ef48fa8b5d422f,TID_SPELL_FACTORY_VOUCHER_CLAIM_FAILED_CONDITIONS_NOT_MET,无法领取礼券
82480f8ef0703091,TID_BOOSTER_MOVE_OBSTACLE_INFO,将单个物体变成可随时移动的状态。在家乡和建筑大师基地都可使用！
e142483ca505f85c,TID_SPECIAL_FTUE_TUTORIAL_ATTACK_NPC_1,来自象牙健身房的法师们登场了！我们一起去摧毁哥布林营地！
1b23c73cc5e8d251,TID_INFO_POP_UP_TOS_PP_NOTE_NEW_PLAYER,《部落冲突》是一款免费游戏，但是您可以通过应用内购买加速游戏进度（您可在设备的设置中禁用该功能）。点击\q同意\q即表示您接受我们的《服务条款》。
d97e223937216822,TID_INFO_POP_UP_TOS_PP_BUTTON1,同意
96524ddfaadcd725,TID_ACHIEVEMENT_DESTROY_FIRESPITTER_TITLE,火焰喷射器毁灭者
cb84f3aa2e1e761f,TID_CHARACTER_INFO_FURNACE_SHORT,喷出好奇的小火怪灼烧建筑！
e6b077e74cfe9e94,TID_GEAR_TITLE_TURBO_START,贵族哑铃
5ae7797a25b1d7f7,TID_SPECIAL_REENG_TUTORIAL_8,他们有的很友好，但有的就......难说了。所以，小心点！
35c2a9beefcdc8a0,TID_HERO_TAVERN_MENU_HEART_POP_UP_TEXT,英雄在进攻中损失的生命值会在战斗后逐渐恢复。
1ed2928dca4e8466,TID_BUILDING_CANNON_BURST_CONFIG,加农炮（连发模式）
4443f490570baea8,TID_BUTTON_ADD_PRESET,将军队保存为新配置
a6c09b3224d66527,TID_SCENERY_LNY2025_FIRE_TRAIT2,冒险
6fa721563e6f5967,TID_CHARACTER_APRIL25RRBL,战吼狂人
df1f6d2de3f8373f,TID_SCENERY_LNY2025_WATER_TRAIT2,神秘
d429d22f304fad51,TID_SPECIAL_TUTORIAL_STARTER_CHALLENGE_2,完成挑战即可获得积分。
88fd76097eb38ff4,TID_ICE_CHAMPION,冰雪战神
6b258be75f15811d,TID_BUTTON_ARMY_PRESET_SAVE_HERE,保存军队
eef21f2b46c9c726,TID_BOOSTER_FREE_HERO_UPGRADE_INFO,立即将任一英雄或战宠升至更高一级。在家乡和建筑大师基地都可使用！
da18c0b30f96856a,TID_BUILDING_CLASS_ANY_BUILDING,建筑
103f4e54c7721565,TID_BOOSTER_BOOST_RESOURCES_INFO,在<time>内大幅提升资源采集器的采集速度。
de35a75fb7468247,TID_ACHIEVEMENT_DESTROY_FIRESPITTER,在联机模式中摧毁<number>座火焰喷射器。
19e3a2f52065fbe3,TID_ARMY_TAB_RESERVE,储备
695d03c8a74e58fd,TID_BOOSTER_WALL_UPGRADE_INFO,立即升级一块城墙。升级高等级城墙可能需要同时使用多枚戒指。使用戒指需要有空闲的建筑工人。在家乡和建筑大师基地都可使用！
5d00ebc7d66e0012,TID_CLAN_PROGRESS_EVENT_NOT_IN_CLAN,需加入部落才能参加该活动！
4eed6ecfaabe2d5f,TID_WALL_WIZARD_CANT_AFFORD_WALLS,您的资源储量不支持继续添加城墙。
f552065c452c2d2f,TID_APRIL25_RRBL_ABILITYNAME,蛮荒怒掷
316cf5a534647da7,TID_LOADOUT_CC_DONATION_REQUEST_ACTIVE,您发出的增援请求仍在生效中，无法修改您希望获得的援军！
ed56ae8f8b2599b1,TID_CHARACTER_INFO_APRIL25GTG,霸天巨人的力量堪比十个普通巨人，他能对防御建筑造成巨大的溅射伤害。糟糕！如果他的生命值降至一半，则会进入狂暴状态，速度和力量大幅提升。
1a8fa955cddf162f,TID_GEAR_INFO_TURBO_START,提升亡灵王子前几次攻击的速度、范围和威力。
d57ff38bac7a6007,TID_TUTORIAL_STARTER_CHALLENGE_6,想要获得更多奖励？启用新手令牌吧！
73f7c35f02246d35,TID_TUTORIAL_TRAIN_3,就是这样！释放这些野蛮人，给那些绿矮子点颜色看看！
39d3411f98f030d1,TID_SPECIAL_REENG_TUTORIAL_5,您做到了！这是一次史诗级的翻盘！
11dc29c2491c3725,TID_LNY25_KING,金蛇蛮王
d545811814ee2944,TID_SPECIAL_REENG_TUTORIAL_LOOTCART_2,不用来升级就太可惜了！
0ee401252b83349a,TID_BUILDING_MORTAR_BURST_CONFIG,迫击炮（连发模式）
ccd808a5650ad2ba,TID_ARMY_IMPORT_CONFIRM,已将分享的军队配置保存至<recipe>
c7a9641c4616cc33,TID_TUTORIAL_STARTER_CHALLENGE_1,我为您准备了一些新手挑战！
5fe3ed2896230f9c,TID_ACHIEVEMENT_DESTROY_MULTI_GEAR_TOWER_COMPLETED,总共摧毁复合机械塔：<value>
ba1ff4e8eeac6ce2,TID_CHARACTER_INFO_FURNACE,烈焰熔炉无法移动，但会随时间召唤小火怪攻击建筑。这些好奇的小家伙所到之处都会留下火焰！
8bb0a780151c9883,TID_INFO_ATTACK_COOLDOWN,您的部队还在战斗！请稍等片刻，等待战斗结束。
b3d057b99430f041,TID_INFO_POP_UP_TOS_PP_NOTE_OLD_PLAYER,我们更新了《服务条款》。点击\q同意\q以接受新的条款并继续游戏。
87865f5b55ee2bbc,TID_BOOSTER_CLOCKTOWER_INFO,开启时光钟楼的提速效果，持续<time>。只可在建筑大师基地使用！
0f848730b3f24ea8,TID_BULDING_ARCHER_CANNON_FAST_ATTACK_CONFIG,复合机械塔（快速攻击）
1006702bef81bedd,TID_SCENERY_LNY2025_METAL_TRAIT3,谋略
b0d650cb1fd63c06,TID_BUILDING_BOW_GROUND_CONFIG,十字连弩（地面模式）
4260d6abd7e4affd,TID_DONATION_RESOURCE_TITLE,增援资源
14a7f606a3be64d6,TID_SPELL_SUMMON_TROOP_LEVEL,<name>等级：<number>
7a7bb10e0693e077,TID_BUTTON_OPEN_LABORATORY,打开实验室
f089cbaf0aab4115,TID_FRIENDLY_CHALLENGE_SET_CASTLE_TROOPS_TEXT,为友谊战设置防守村庄的部落城堡援军。
6744325940c1ee73,TID_SPECIAL_TUTORIAL_ATTACK_NPC_BUTTON,进攻!
9e7229e11261a843,TID_GEAR_DARK_CROWN,暗黑皇冠
cde5d9bddb4f79b4,TID_BOOST_MAX_DAMAGE_PERCENTAGE,最大伤害提升：<number>%
d78c17163134fe52,TID_BOOST_MAX_HEALTH_PERCENTAGE,最大生命值提升：<number>%
5689befc8a5439c0,TID_GEAR_ACTION_FIGURE,动作人偶
679e5887b89d3f39,TID_SPECIAL_FTUE_TUTORIAL_DEFEND_4,您的建筑也不会被彻底摧毁，它们拥有神奇的自我修复能力！
04a78f59707dfef3,TID_CLAN_EVENT_CURRENCY_REQUIREMENT,您的部落还需贡献<num>活动货币才能获得这个奖励。
bea4ae13493fe19d,TID_ACHIEVEMENT_DESTROY_RICOCHET_CANNON_COMPLETED,总共摧毁跳弹加农炮：<value>
831559afa95d2f6f,TID_ACHIEVEMENT_DESTROY_ARTILLERY,在联机模式中摧毁<number>门天鹰火炮或地狱火炮
e8a47b699eafc4db,TID_LOCAL_NOTIFICATION_SUPERCHARGE_READY,已完成超级充能！<item>的超级充能等级已升至<level>级。
99b01a70c5b995bc,TID_SCENERY_LNY2025_STONE_TRAIT3,智慧
71a7a200e160eee4,TID_MILITARY_CHAMPION,狙击手战神
b7f11cef5d9a8de0,TID_OVERVIEW_REINFORCEMENTS_TITLE,增援
3d187cc394d22acc,TID_PET_SNEEZY_INFO_SHORT,喷出空中支援部队吸收伤害，哈啾！
2aa16f047a732b71,TID_SPECIAL_FTUE_TUTORIAL_ELIXIR_STORAGE_2,让我们来建造一个圣水瓶吧，这样就可以存储更多圣水了！
a852c71f60349778,TID_DECO_APRIL_GOBLINS_2025,乱斗哥布林
1b1c0301447cca8c,TID_INFO_POP_UP_TOS_PP_NOTE_NEW_PLAYER_ANDROID,《部落冲突》是一款免费游戏，但是您可以通过应用内购买加速游戏进度（要禁用此功能，请在Google Play Store的应用设置中设置密码保护）。点击\q同意\q即表示您接受我们的《服务条款》。
d5d518d40c350e9b,TID_BP_PERK_CLAN_CASTLE_REQUEST_COOLDOWN_DESC,请求部落增援的等待时间缩短<num>%
3eeedba7cf50dce5,TID_SPECIAL_FTUE_TUTORIAL_1,首领，欢迎您！OverlordRHODES已经将WWE的超级巨星们召唤到战场上啦！
5f8fd495055a1341,TID_SPECIAL_FTUE_TUTORIAL_DEFEND_2,全场都沸腾了！打得漂亮，首领！
f427ee0145a9dc26,TID_ARMY_LOADOUT_SHARED_TO_CHAT,军队配置已分享至聊天！
b1f5a7a320bd40ca,TID_TUTORIAL_DEFEND_4,一位高深莫测的法师曾居住于此，这里的建筑拥有神奇的自我修复能力！
282efbc421bba7e3,TID_BUILDING_ARCHER_CANNON,复合机械塔
91e100592e742a72,TID_SPECIAL_FTUE_TUTORIAL_GOLD_STORAGE_2,建造一个储金罐，这样可以存储这些闪闪发光的宝贝啦！哈哈！
5ab3abff029f5718,TID_SCENERY_LNY2025_FIRE_YEARCYCKLE,干支纪年
58cb981b098b7d5e,TID_SPECIAL_REENG_TUTORIAL_7,OverlordRHODES召唤了WWE超级巨星！
ed4dca38d5485822,TID_PET_ABILITY_SNEEZY,哈啾！
2d05a262ae3fd9f9,TID_SCENERY_LNY2025,灵蛇福地
e29c2541d3cd9296,TID_SCENERY_LNY2025_METAL_YEARCYCLE,干支纪年
bd5bdfde80ecaafa,TID_SPECIAL_REENG_TUTORIAL_LOOTCART_1,看来有人把战利品落下了。
ef96a4f4f36794b1,TID_TUTORIAL_STARTER_CHALLENGE_2,完成挑战即可获得积分。
5c9bd2be5e266526,TID_SCENERY_LNY2025_FIRE_TRAIT3,勇敢
7ebb496fb82d830f,TID_INFO_FRIENDLY_FREE_FRIENDLY_CC,友谊战中增援免费！
eef289a080e2598c,TID_ACHIEVEMENT_DESTROY_FIRESPITTER_COMPLETED,总共摧毁火焰喷射器：<value>
50575a829ba5ce3b,TID_FIRE_KING,烈火蛮王
a30b864e3bf5d07f,TID_STARTER_PASS,新手令牌
b748e8bf3579e342,TID_GEAR_INFO_TRAP_SHIELD,
c4e306f61af4477c,TID_WALL_WIZARD_NO_AVAILABLE_WALLS,无更多该等级的城墙可选择。
667683eebc481bd4,TID_WALL_WIZARD_NO_SELECTED_WALLS,无法再移除您已选择的城墙。
64b00bf1036535f0,TID_UNABLE_TO_USE_GEARUP_FOR_MERGE,本次合并无法使用已改装的防御建筑。
ba19c5965e81f992,TID_DELIVER_REWARD_NOT_DELIVERED_RESOURCE_FULL,仓库已满，这项奖励放不下了。
1df0455431884ed2,TID_EVENT_TREASURE_HUNT_CHESTS_COLLECTED,已收集：
44037e6c4fb7f2a5,TID_HINT HEROES_REGENERATE,英雄殿堂是您的一站式英雄管理中心！
8f6189a4c273bf50,TID_DECO_APRIL_2025,WWE冠军
2c1b3e30e75dd4bd,TID_INFO_POP_UP_TOS_PP_TITLE_NEW_PLAYER,重要提醒
b0725bde84ad331b,TID_AGE_GATE_INFO,我为什么会看到这个？
d07390bf91300c4d,TID_SPECIAL_REENG_TUTORIAL_BUILDER_3,接下来要做什么，他都想好了。
39073b8a2e9a2a94,TID_SPECIAL_FTUE_TUTORIAL_ELIXIR_2,您能从地下获取圣水。试试看吧！
1ddc3f2162512391,TID_SPECIAL_FTUE_TUTORIAL_CHANGE_NAME,首领，您真了不起，一定会名留青史的！
dc969a8636a1aa2d,TID_MILITARY_KING,战斗蛮王
bb905388f94584d0,TID_TUTORIAL_STARTER_CHALLENGE_3,升级大本营，解锁更多新手挑战。
0230aa78ead5039f,TID_CLAN_PROGRESS_EVENT_END_COUNTDOWN,收集奖励剩余时间：
c1b42351637b4edc,TID_SCENERY_LNY2025_METAL_TRAIT2,坚定
e24f415ae7b33300,TID_CHARACTER_APRIL25BLTM,铁臂终结者
387251e95b2afe7e,TID_CHARACTER_ELECTROMITE,雷电小雪怪
a79ca9771610cd8e,TID_ACHIEVEMENT_DESTROY_MULTI_GEAR_TOWER,在联机模式中摧毁<number>座复合机械塔。
d630cdb349397853,TID_CHARACTER_TRIBAL_TAG_TEAM,部族小队
8fc6600417b0864b,TID_EXTRA_LOOT_STOLEN_PERCENTAGE,额外战利品：<number>%
9f629dbf71a3a499,TID_SCENERY_LNY2025_METAL_TITLE,金
085d0564958c3347,TID_BOOSTER_HERO_POTION_HERO_UPGRADING,无法强化英雄，符合条件的英雄正在升级！
0221cb85969e46ec,TID_CHARACTER_INFO_APRIL25TBRM,这个强悍的兵种想做什么就做什么！皮卡凯恩怒火中烧，直奔大本营！他的猛击带有溅射伤害，可碾碎挡道的地面与空中单位。被击败后，他将在烈焰中重生，伤害获得提升且带有凶猛的烈焰气场。
ff7a1e640eb7efc6,TID_SCENERY_LNY2025_FIRE_TITLE,火
342250a115c827c0,TID_CREATOR_FOUNTAIN_DECO,创作者喷泉
2441ec16cff46fc1,TID_HINT HEROES_DIE,英雄拥有不死之身。这是如何做到的？为什么会这样？无人知晓！
2ebf8d14a0b29b8c,TID_CLAN_PROGRESS_EVENT_WRONG_CLAN,已在其他部落参加了该活动！
6b6b51d28403c8ae,TID_CHARACTER_INFO_FIREMITE,这些小家伙速度快、好奇心强，生命值较低，对探索建筑有着炽热的渴望！它们只想找个温暖的地方藏起来，所到之处都会留下火焰，对目标造成持续伤害。
2b06ecea624500fd,TID_CLAN_PROGRESS_EVENT_RESOURCE,部落活动货币
02803382d823c1c8,TID_CHARACTER_ELECTROMITE_INFO,超级大雪怪受伤时，这些带电的小家伙会立刻行动，电击最近的建筑，引发惊人的连锁反应！
5de91d96218b68e1,TID_CHARACTER_SUPER_DRAGON_RIDER_INFO,
f8517d0594dca92f,TID_INFO_POP_UP_TOS_PP_NOTE_ANDROID,《部落冲突》是一款免费游戏，但是您可以通过应用内购买加速游戏进度（要禁用此功能，请在Google Play Store的应用设置中设置密码保护）。点击\q同意\q即表示您接受我们的《服务条款》和《隐私保护政策》。
791d956f3c798928,TID_INFO_POP_UP_TOS_PP_NOTE,我们更新了《服务条款》。点击\q同意\q以接受新的条款并继续游戏。
15331f4424b1c392,TID_WALL_WIZARD_BUTTON_REMOVE_WALL,移除城墙
6230e0881f18faa3,TID_POPUP_CONFIRM_DELETE_RECIPE_TEXT,确定删除该配置吗？
f18641d929166857,TID_STARTER_PASS_PURCHASE_INFO,启用新手令牌，开启您的部落冲突之旅，还可以获取以上奖励并体验更多精彩内容！
d98a26be0c8016d9,TID_GEAR_INFO_STONE_AMULET,生成一层防护屏障，暂时减少所受伤害
9dba5ebb187397a6,TID_BOOSTER_BUILDERS_INFO,使家乡村庄建筑工人的工作速度提升至原来的10倍，持续<time>。不会对建筑工人学徒生效。
868eab8feaa60a05,TID_SPECIAL_FTUE_TUTORIAL_TOWN_HALL_1,有了这些金币，我们可以升级大本营。大本营升级后，我们就能在商店中解锁新建筑。
bdb4586c80693bb0,TID_UPGRADE_GEARUP_BUILDING_TO_LEVEL_TO_BUILD_MORE,将<building>升级并改装至<number>级以建造更多！
8e573de9ec68dd71,TID_CHARACTER_INFO_TAX_COLLECTOR,收债哥布林贪婪无比，喜欢直奔资源建筑，夺取的战利品数量远超普通哥布林。而且，额外夺取的战利品并非来自防守方，而是由收债哥布林自己变出来的！
13478f2661e44195,TID_PET_SNEEZY,阿啾
e7d04b3bd5cb27bd,TID_CLAN_PROGRESS_EVENT_INFO_TEXT_3,和部落成员一起完成奖励之路，解锁最终奖励！
051982a8bc7c1cf5,TID_BOOSTER_FILL_DARK_ELIXIR_STORAGE_INFO,使家乡的暗黑重油立即达到最大储量。
8f8fccd0073a0e5c,TID_BUILDING_BOW_AIR_CONFIG,十字连弩（空中模式）
156d6a670a63d58d,TID_ERROR_CANT_SAVE_EMPTY_ARMY,无法保存空白军队
efecca2a3c40d15e,TID_SCENERY_LNY2025_WOOD_YEARCYCLE,干支纪年
ff82489ed86516a2,TID_INVALID_PLACEMENT_CAPITAL,请在高亮区域部署部队！
2cd68d9e8491a72e,TID_GEAR_INFO_DARK_CROWN,当友军被击倒时，提升生命值和伤害，共计3次。
18f0e74cc8e6647a,TID_SCENERY_LNY2025_WOOD_TRAIT1,变通
d53748464950a5cb,TID_BOOSTER_FREE_SPELL_UPGRADE_INFO,立即将家乡村庄任一法术升至更高一级。
933615772463b6a1,TID_DECO_LNY_2025_MONK,武僧雕像
c5b7c97c89c7d6cb,TID_SP_REWARD_LOCKED_NEED_PREMIUM,您需要启用新手令牌才能解锁该奖励。
bfe50d4edb594ee2,TID_BOOSTER_FINISH_TROOP_UPGRADE_INFO,立即完成任一正在进行的兵种升级。在家乡和建筑大师基地都可使用！
47e6118c23778d04,TID_SPECIAL_FTUE_TUTORIAL_BUILDER_MENU,您可以在这里查看建造或升级建议！
df04f83eb7a28ec1,TID_ARMY_TRAINING_RENAME_LOADOUT_POPUP_TITLE,重命名军队配置
4ea56086c5a7b45c,TID_CLAN_EVENT_LEADERBOARD_TITLE_ALT,即将开始
5c76e6928e1a6410,TID_BUTTON_TAB_LOAD_ARMY,使用军队
12cfa5955fba0734,TID_LNY25_QUEEN,水蛇女皇
65b3219dd37a82de,TID_CHARACTER_FURNACE,烈焰熔炉
eff009efb697e785,TID_BOOSTER_FREE_TROOP_UPGRADE_INFO,立即将任一兵种升至更高一级。在家乡和建筑大师基地都可使用！
672d60f336f3db31,TID_OFFER_DONT_MISS_ONE_TIME_OFFER,该礼包在显示期间仅可购买1次！
94eab4ee54e470f5,TID_ACHIEVEMENT_DESTROY_MULTI_ARCHER_COMPLETED,总共摧毁多人箭塔：<value>
3df345a97b53f124,TID_SPECIAL_TUTORIAL_STARTER_CHALLENGE_3,积累足够的积分后，您就可以解锁相应的奖励啦！
bd52aa4a14e88dd9,TID_SP_RECEIVED,已获得新手令牌！
ae2931e47045fa14,TID_APRIL25_TBRM_ABILITYNAME,浴火重生
d149f30f8d8325fb,TID_INFO_DAMAGE_MULTIPLIER_TARGET_TEXT,（伤害x<number>）
05dec2d6e4b231bb,TID_SELECT_WAR_TARGET_TO_ATTACK,选择一个进攻目标！
2a9ab381a09ea187,TID_CHARACTER_INFO_APRIL25BLTM,她就是那个狠角色！铁臂终结者挥舞球棒，狠狠砸向防御建筑，毫不留情！城墙？对她来说根本不是问题，一跃而过轻松突破！她必须被击倒三次才会彻底倒下，这才叫硬茬！
5076280ac13e6068,TID_SPECIAL_REENG_TUTORIAL_ATTACK_2,他们已经做好了战斗准备！
4315c9cc2e03dc2c,TID_OPEN_CLAN_PROGRESS_EVENT,去看看!
bba6294abcd3070d,TID_SPECIAL_REENG_TUTORIAL_LAB_UPGRADES_3,如果资源足够，我们马上就可以开始另一项研究！
816fcac9f402dc51,TID_VILLAGER_STATUS_READY_FEMALE,空闲中！
0836105f750b08f4,TID_ACHIEVEMENT_REWARD_CLAIMED,完成成就！您获得了<cb3f357><number>颗宝石。</c>
edbc14361beb79b8,TID_ARMY_SLOT_DEFAULT_IMPORTED_NAME,导入的军队配置<num>
981306c5d16cce8e,TID_HARD_MODE_DESC,防御设施伤害提高20%，防守方英雄伤害和生命值提高20%，进攻方英雄伤害和生命值减少10%。普通装备的等级上限为15级，史诗装备的等级上限为21级。
544778b121a2e6c5,TID_CLAN_PROGRESS_EVENT_TITLE,部落活动
0c58f3858e911207,TID_APRIL25_GTG_ABILITY_HELP,霸天巨人在失去一半生命值后会进入狂暴状态，提升速度和伤害。
2d7f1d9687ccbd84,TID_SETTINGS_LEGENDARY_LOADING,
b9353ff5135797fe,TID_DECO_COC_GIANT_2025,黄金巨人
6d1b3e30f8884596,TID_INFO_POP_UP_TOS_PP_TITLE_OLD_PLAYER,重要提醒
db74f08c6571f9f0,TID_DECO_LNY_2025_COOKIE,幸运饼干
023d569f35273bf9,TID_CHARACTER_SUPER_YETI,超级大雪怪
8282efb3dfca077d,TID_PRESET_CANT_LOAD_EMPTY,无法加载空白配置
9445c040d195e589,TID_BOOSTER_HERO_POTION_INFO,在<time>内将所有英雄和战宠强化至您当前大本营所支持的最高等级。在家乡和建筑大师基地都可使用！
ff9031e043de83a5,TID_FIRE_QUEEN,烈火女皇
92f1dadf976ef07f,TID_BUILDING_DARK_TOWER_MULTI_CONFIG,地狱之塔（多重目标模式）
33c746bdd610fa9f,TID_EVENT_TREASURE_HUNT_NEW_CHESTS_IN,<time>后刷新<value>个新宝箱
fd751a7cdfc40e26,TID_HINT_BOOST_TRAINING,部队时刻准备战斗，快训练他们吧！
c912da021e8108be,TID_HERO_INSTRUCTIONS_MINION_HERO,这个自称暗黑王子的家伙是个狠角色！亡灵王子会在空中使用暗黑魔法对目标造成伤害！防守时，他只会被远程和空中单位攻击。
a693128210ef01d3,TID_APRIL25_BLTM_ABILITYINFO,前20秒内速度和伤害大幅提升，必须被击倒三次才会彻底倒下。
fa7bf3c7f153fde8,TID_SPECIAL_FTUE_TUTORIAL_ELIXIR_1,圣水可以用来建造和升级建筑，还可以用来升级兵种。
c516545cc1ca2741,TID_CLAN_PROGRESS_EVENT_BUTTON_CONTRIBUTE,贡献
7e2b4e09c31b743a,TID_BUILDING_ARCHER_CANNON_INFO_SHORT,要攻速还是射程？选择权在您手里！
7ce304d33c9fcb3d,TID_AVATAR_MESSAGE_SUBJECT_GEM_DONATION,收到了<cb3f357><amount>颗宝石</c>
45dc436d18529fa9,TID_SPECIAL_FTUE_TUTORIAL_TRAIN_3,就是这样！释放这些野蛮人，给那些绿矮子点颜色看看！
a01bbc4f20c62069,TID_CHARACTER_APRIL25GTG,霸天巨人
cd17e9f55ea31ff1,TID_BUTTON_USE_PRESET,使用
c1ed3045b659268e,TID_TUTORIAL_STARTER_CHALLENGE_2A,积累足够的积分后，您就可以解锁相应的奖励啦！
bc2ea7b7823ade77,TID_WALL_WIZARD_TOO_MANY_UPGRADES,每次只能升级<number>座建筑。
cc462ba0407025ee,TID_CHARACTER_INFO_SUPER_YETI,这个神秘的蒙面大雪怪蓄势待发！每当他受到伤害，都会召唤出电力十足的小雪怪，电击最近的建筑，引发毁灭性的连锁反应！
961662766346c0c4,TID_TRAINING_TAB_TITLE_PRESETS,军队配置
2f0c023c6a40225f,TID_TREASURE_HUNT_INFO_TEXT_3,活动期间最多可收集<number>个宝箱！每隔<number3>小时会刷新<number2>个新宝箱。
b027cb8365e46794,TID_CHARACTER_TRIBAL_TAG_TEAM_INFO,数量占优时，体型便不再重要！战吼狂人登场时，会将这个四人小队投掷到战场上——他们擅长近战，会用迷你但强大的双手猛击一切目标！
7003482143cfec26,TID_SPECIAL_FTUE_TUTORIAL_2,这些超级巨星很快就会出现在您的村庄中。让我来带您了解一下......
1722651a36779281,TID_SCENERY_LNY2025_WATER_YEARCYCLE,干支纪年
520eefe17f919f0c,TID_ACHIEVEMENT_DESTROY_MULTI_ARCHER,在联机模式中摧毁<number>座多人箭塔。
bbc75f08ed874990,TID_FORGE_UI_END_CRAFTING_POP_UP_CANCEL_TEXT,您想要取消该铸造项目吗？花费的资源不会退还。
56b0af42a56c9479,TID_SCENERY_LNY2025_WOOD_TRAIT3,自省
56c56fe47a48c2cf,TID_MILITARY_PRINCE,亡灵将军
b017b55245c8e72d,TID_SPECIAL_REENG_TUTORIAL_3,您是否有实力摧毁自己的防御呢？
d98dc69ea43bb4ce,TID_SPECIAL_TUTORIAL_ENTER_AGE_ALTERNATE_PATH,竞技场迎来了一位新首领！
c20f6e5e1f0b1331,TID_ARMY_LOADOUT_NO_SPACE,军队队列空间不足
0acd6f2638d00007,TID_LNY25_PRINCE,土蛇王子
7a60e084b6d7aa19,TID_SUPER_YETI_ABILITY_HELP,超级大雪怪受伤时，雷电小雪怪会引发惊人的连锁反应。
53386f2103b7d87d,TID_TUTORIAL_STARTER_CHALLENGE_5,在大本营升至7级前，都有新手挑战供您完成。
9dc087c0e132cee6,TID_GET_STARTER_PASS_TITLE,购买新手令牌
1ebe014cb58ed6d5,TID_BOOSTER_FILL_ELIXIR_STORAGE_INFO,使家乡的圣水立即达到最大储量。
07cbe4efb27ffc4d,TID_BOOSTER_MAX_LEVEL_ARMY_INFO,在1小时内暂时将您的部队、法术和攻城机器强化至您当前大本营所支持的最高等级。在家乡和建筑大师基地都可使用！
1fe0bcfc2673a7ac,TID_BOOSTER_SUPER_POTION_INFO,将一个普通兵种强化为对应的超级兵种，强化有效时间为3天！
94f8dd652d7db0df,TID_WALL_WIZARD_TITLE,<building>x<number>
81b0aeb48b409888,TID_BOOSTER_STAR_POTION_INFO,立即激活建筑大师基地的胜利之星奖励。
b03401694c9577c7,TID_SPECIAL_TUTORIAL_STARTER_CHALLENGE_1,完成新手挑战是您成为高手的必经之路！
8485ce460ccfe98a,TID_LNY25_CHAMPION,火蛇战神
a7b0c21dd597ce24,TID_BOOSTER_FINISH_ANY_UPGRADE_INFO,立即完成任一正在进行的升级。在家乡和建筑大师基地都可使用！
79924e0c876278b0,TID_CLAN_PROGRESS_EVENT_AMOUNT_LABEL,已收集
6cebc1c41d5b1e9f,TID_BOOSTER_FINISH_SPELL_UPGRADE_INFO,立即完成家乡村庄任一正在进行的法术升级。
5c53f8983281b5bd,TID_SCENERY_LNY2025_STONE_TRAIT2,耐心
562133b6907aaee7,TID_POPUP_CONFIRM_DELETE_RECIPE,删除配置？
f9434dcc138f2c61,TID_GEAR_TITLE_TRAP_SHIELD,
74a29b279667fc4c,TID_FINISH_HERO_TAVERN,完成英雄殿堂的建造
ba49e9b103cfdddc,TID_TUTORIAL_ELIXIR_1,圣水可以用来建造和升级建筑，还可以用来升级兵种。
029851bbd5d7c353,TID_STARTER_PASS_TIMER_TEXT,新手令牌会在您的大本营达到7级时消失
c4199f6469ca11e5,TID_SPECIAL_REENG_TUTORIAL_ATTACK_1,部队欢迎您的到来，首领。
c9f8a1e0d022b3dd,TID_ARMY_TAB_PRESETS,军队配置
7d2f83074be51d25,TID_ACHIEVEMENT_DESTROY_MULTI_ARCHER_TITLE,多人箭塔终结者
4ca9b26d1b4de2d7,TID_BOOSTER_FINISH_HERO_UPGRADE_INFO,立即完成任一正在进行的英雄或战宠升级。在家乡和建筑大师基地都可使用！
6c597ca98a26be0c,TID_GEAR_INFO_STONE_AMULET,生成一层防护屏障，暂时减少所受伤害。
b9a4ffce707dba1e,TID_OBSTACLE_APRIL25,
e5cb49601047c76c,TID_BUILDING_SUN_BEAM_INFO,
5f382891dffa265a,TID_STARTERARMY_TH15_NATURES_WRATH,15本 - 根蔓武神
94176cc254e88299,TID_BUILDING_SUN_BEAM,
f59866a692452e7a,TID_STARTERARMY_TH05_GREEDY_GOBLINS,5本 - 哥布林气球
58cfce619f3ac6ab,TID_STARTERARMY_TH07_MASS_ARCHERS,7本 - 弓箭流
16fb4bca4e9ab4e2,TID_STARTERARMY_TH09_GO_WITCH,9本 - 石头女巫
51b92105678a1188,TID_HINT_NOT_ALL_HERO_SLOTS_USED,<cffcd443d>选择更多英雄</c>以充分利用军队空间。
f15d969874aa8e17,TID_STARTERARMY_TH07_FIRE_IN_THE_SKY,7本 - 飞龙球
d8ffbb42f15068fe,TID_HUD_MESSAGE_ARMY_HEROES_HAVE_BEEN_SANITIZED,目前无法使用的英雄已从该配置中移除。
98d6c3a869a3f5b5,TID_UNLOCK_UTIL_DONATION_REQUEST_REQUIRES_CC_LEVEL,解锁条件：<cffcd443d>将部落城堡升至<number>级</c>
0c5f3b8abf4d869f,TID_TUTORIAL_ATTACK_NPC_1,全部搞定！现在让我们在法师的协助下摧毁哥布林营地！
cd23c5d3683315fd,TID_STARTERARMY_TH06_GIANTLOON,6本 - 巨人球2.0
11acaa40f9a43502,TID_STARTERARMY_TH12_GO_GO_WITCHES,12本 - 双戈仑女巫
a5802d1e9afc60bb,TID_UNLOCK_UTIL_REQUIRED_PET_SHOP_UPGRADE,解锁条件：<cffcd443d>将您的战宠小屋升至<number>级</c>
cb314b0e9b345640,TID_UNLOCK_UTIL_REQUIRED_BLACKSMITH_BUILDING,解锁条件：<cffcd443d>建造一座铁匠铺</c>
a6f53fdd1e109a87,TID_CLANGAMES_TASK_USE_SUPER_HOG_RIDERS,野猪登场
464d604f078310c0,TID_STARTERARMY_TH11_LAVALOON_2,11本 - 熔岩气球2.0
b9bc91f59837313d,TID_TUTORIAL_TOWN_HALL_2,升级大本营可解锁新内容！如果金币不够，可通过进攻获取更多资源！
d7f685360bff27d5,TID_SEASONAL_DEFENCE_NO_SEASON_TIMER,即将到来......
97050ff35ee46c0c,TID_SEAONAL_DEFENSE_FLAME_SPINNER_MODULE_ATTACK,旋转喷火器攻击力模组
a6f607e2e8ffdd23,TID_STARTERARMY_TH11_OVER_AND_UNDER,11本 - 野猪矿工
ece7452cc50fc943,TID_INFO_TOOLTIP_COMMUNITY_RECIPES,在这里，您可以查看并使用预设的军队配置，这些都是根据您的大本营等级专门定制的。\n\n创作者精选军队配置每x天刷新一次。
6670c251af742e0c,TID_STARTERARMY_TH13_LAVALOON,13本 - 熔岩气球3.0
9d5e5ffc9135a928,TID_CLAN_PROGRESS_EVENT_BOOST_INFO,<event resource>转换目前有<percentage>加成！
47d14aab0d4f07c4,TID_DARKDAYS_CHAMPION,舞台战神
d38583a97bf78f99,TID_BUILDING_CRUSHER_MORTAR_INFO_SHORT,飞得越高，砸得越重！
eef439b059c891cf,TID_SEAONAL_DEFENSE_SUN_BEAM_MODULE_ATTACK,
c5219c3128e06764,TID_CLAN_PROGRESS_EVENT_BOOST_LABEL,加成：+<percentage>
8f3d368b68fe337e,TID_ICE_BLOCK_SPELL_INFO,冻得结结实实，绝对安全！\n\n利用此冷冻合剂将您的地面与空中部队包裹在冰块中，几乎可以抵挡所有伤害，但同时会冻结他们的移动与攻击！
335cb42a9ee2cb4f,TID_STARTERARMY_TH06_HEALER_HELP,6本 - 天使保护流
6880c43d829b877b,TID_CREATORARMY_TH17_FURNACEQUAKE,熔炉地震
312a76bb8655e39a,TID_JAPAN_MINION_PRINCE,飓风王子
64c2d982ee5d58b6,TID_ACHIEVEMENT_SEASONAL_DEFENSE_COMPLETED,总共升级精工防御：<value>
a778960df18105fc,TID_BUILDING_FLAME_SPINNER,旋转喷火器
1c5bea4171efe444,TID_STARTERARMY_TH17_FURNACES,17本 - 大雪怪熔炉
2e7eebf9926f894f,TID_TUTORIAL_GOLD_STORAGE_1,还要建造一处存储金币的地方！
b43e40ff7e61044a,TID_SEASONAL_DEFENCE_ERROR_ARCHETYPE_UPGRADING,该防御已经有一个模组正在升级。
20c9696341132dfe,TID_ABOUT,制作人员\n\n<names>\n\nClash of Clans ™ <version>\n2012-2025 Supercell Ltd.版权所有，保留所有权利。\n美国专利申请中\n所有使用本软件的行为受制于我们在www.supercell.com列明的条款、细则以及隐私保护政策。
a6fb55c94c177529,TID_BUILDING_SEASONAL_PLATFORM_INFO_SHORT,使用临时精工防御，制定全新战术！
578b75618465ec10,TID_UNLOCK_UTIL_REQUIRED_SIEGE_WORKSHOP_UPGRADE,解锁条件：<cffcd443d>将您的攻城机器工坊升至<number>级</c>
95358d234e746785,TID_BUILDING_BOMB_SPAWNER_INFO,
92b7f6ecd414c7d2,TID_JAPAN_WARDEN,僧侣守护者
29c6f2d3c06a69f4,TID_STARTERARMY_TH12_DIG_AND_RIDE,12本 - 野猪矿工2.0
fe7a39d488fbd3a2,TID_TUTORIAL_CHANGE_NAME,很好！进攻是获取战利品的最佳方式！该如何称呼您呢？
6c765d37e480cb13,TID_STARTERARMY_TH15_ELECTROTITAN,15本 - 雷霆蓝胖
454e5dffce0e80b5,TID_SEAONAL_DEFENSE_SUN_BEAM_MODULE_HP,
fec2d6828b07b3d5,TID_SEASONAL_DEFENCE_WORKSHOP_TITLE,精工防御
0f96cb2b82229ff9,TID_UNLOCK_UTIL_REQUIRED_DARK_SPELL_FORGE_BUILDING_AT_LEVEL,解锁条件：<cffcd443d>建造一座暗黑法术工厂</c>并<cffcd443d>将其升至<number>级</c>
57ac1eaddd6aaf17,TID_BUTTON_UPGRADE_MODULE_ONE,升级模组一
38838ecde0ffde46,TID_BUILDING_FLAME_SPINNER_INFO,这台经过改造的烤箱会永不停歇地旋转，令人望而生畏！\n\n旋转喷火器无论转多久都不会晕，还能制造无尽的烈焰旋风，对地面和空中的敌人造成伤害。
a9e5ef22b62b6a38,TID_UNLOCK_UTIL_REQUIRED_HERO_HALL,解锁条件：<cffcd443d>建造一座英雄殿堂</c>
0fb1f09d206d1611,TID_GEAR_INFO_HEROIC_TORCH,激发附近部队的斗志，让他们能够穿过城墙、加速移动，并降低所受伤害
a675b7c818a35c71,TID_UNLOCK_UTIL_CHARACTER_ITEM_NOT_OWNED,您未拥有该装备。
684db7729e4403f6,TID_TROOPS_NOT_AT_CAPACITY_TOOLTIP,<cffcd443d>选择更多部队</c>以充分利用军队空间。
81c1d22928f84a95,TID_SETTINGS_DATA_EXPORT_HEADER,数据导出
91d25438049a879d,TID_SIEGE_NOT_AT_CAPACITY_TOOLTIP,<cffcd443d>选择更多攻城机器</c>以充分利用军队空间。
389830800525e3ef,TID_SEAONAL_DEFENSE_LOG_LOBBER_MODULE_ATTACK,
3ae5f91fb4457a59,TID_ACHIEVEMENT_DESTROY_SEASONAL_DEFENSE,在联机模式战斗中摧毁<number>座精工防御
9bf07597d0abe368,TID_APRIL25_QUEEN,野蛮女皇
e3f01eaad45242ed,TID_HINT_REQUEST_REINFORCEMENTS_FOR_YOUR_CC_SLOT,为您的军队<cffcd443d>请求或添加援军</c>。
4d7789e6ce3e44a7,TID_SCENERY_JAPAN25,怒海战船
d186b03e462bf0dd,TID_CLANGAMES_TASK_USETROOP_BUILDERBASE,在一场建筑大师基地战斗中赢得一颗胜利之星，至少需使用1x<troop>。
f5e5b080d1d8c52e,TID_DECO_DARKDAYS_2025_SUPERDECO,魔音制造机
3f23bba494c1b188,TID_STARTERARMY_TH10_BOWLING_WITCHES,10本 - 蓝胖女巫
3ba525b7bcc10ab7,TID_SPELLS_NOT_AT_CAPACITY_TOOLTIP,<cffcd443d>选择更多法术</c>以充分利用军队空间。
37017d71a6226a7b,TID_DECO_CLASHARAMA_EP01_SUPERDECO,部落雕刻
3cecc781bb9ee52a,TID_ACHIEVEMENT_DESTROY_SEASONAL_DEFENSE_TITLE,精工噩梦
e0abdbf424760e5f,TID_BP_PERK_CLAN_CASTLE_REQUEST_COOLDOWN_DESC_STARTER,缩短请求部落增援的等待时间。
bf1d682bfb072fb1,TID_ACTIVE,已启用
60287a64c40f1fdf,TID_DECO_CLASHARAMA_TABLE_2025,派对长凳
d7b78597bd59366c,TID_BUILDING_BOMB_SPAWNER,
a5153d3d26afd15f,TID_STARTERARMY_TH11_ICE_WITCH,11本 - 冰人女巫
46b9a01cdabca7f2,TID_STARTERARMY_TH12_ZAP_DRAGONS,12本 - 闪电龙
8e1e9146dee44a0e,TID_UNLOCK_UTIL_REQUIRED_BLACKSMITH_LEVEL,解锁条件：<cffcd443d>将您的铁匠铺升至<number>级</c>
38ac3a884c1700cd,TID_CREATOR_ARMY_REMAINING_TIME_EXPIRED,离刷新还有：已过期
782796d0b5c0f09b,TID_BUTTON_COOKBOOK_RECIPE_SAVE,保存
ce48d20ce7a3da35,TID_BUTTON_SEASONAL_ARCHETYPE_INFO,信息/升级
074951d18f9c58aa,TID_STARTERARMY_TH15_DRAGON_WARDEN,15本 - 龙族学徒
79d0fe23997feb11,TID_UNLOCK_UTIL_REQUIRED_TOWN_HALL_LEVEL,解锁条件：<cffcd443d>将您的大本营升至<number>级</c>
26e985775941e8c2,TID_HINT_ADD_UNITS_TO_ARMY_CC_SLOT,<cffcd443d>选择部队、法术和攻城机器，</c>然后为您的军队<cffcd443d>请求或添加援军</c>。
dc6439a102942c8f,TID_STARTERARMY_TH05_WIZARD_RUSH,5本 - 法师输出流
d854b93e4bb33935,TID_UNLOCK_UTIL_REQUIRED_DARK_SPELL_FORGE_UPGRADE,解锁条件：<cffcd443d>将您的暗黑法术工厂升至<number>级</c>
487859b007afeae6,TID_SEAONAL_DEFENSE_FLAME_SPINNER_MODULE_EFFECT,旋转喷火器效果模组
ab4177a240e745c0,TID_SELECT,选择
0fe91ed74dfca880,TID_REENGAGEMENT_ATTACK_3,训练精锐之师，重返战场！
529abce2e9db384c,TID_STARTERARMY_TH10_AIR_RAID,10本 - 空中火力
aaa9c2860ca731a0,TID_TUTORIAL_GOLD_STORAGE_2,建造一个储金罐，这样就可以存储这些闪闪发光的宝贝啦！
001cd6a83f09c75f,TID_UNLOCK_UTIL_HERO_SLOT_REQUIRES_HERO_HALL_UPGRADE,英雄栏位<slot>解锁条件：<cffcd443d>将您的英雄殿堂升至<number>级</c>
aae035aaff41d8d0,TID_CREATORARMY_TH16_YETIROOTS,根蔓大雪怪
a89f878efb4e58dc,TID_BUILDING_SEASONAL_PLATFORM,精制台
15304a5b9f378264,TID_UNLOCK_UTIL_REQUIRED_SPELL_FORGE_BUILDING_AT_LEVEL,解锁条件：<cffcd443d>建造一座法术工厂</c>并<cffcd443d>将其升至<number>级</c>
f270b45e78076386,TID_UNLOCK_UTIL_REQUIRED_SIEGE_WORKSHOP_BUILDING,解锁条件：<cffcd443d>建造一座攻城机器工坊</c>
e94f693cbb5fd17b,TID_OBSTACLE_BIRTHDAY2025,13周岁生日蛋糕
7fa28ffe713f348d,TID_REENGAGEMENT_ATTACK_1,听说您回来了，部队士气大振！
76cb2fb3639094f8,TID_STARTERARMY_TH17_THROWERS,17本 - 巨矛冰人
9b5795ce68efea7b,TID_UNLOCK_UTIL_REQUIRED_BLACKSMITH_BUILDING_AT_LEVEL,解锁条件：<cffcd443d>建造一座铁匠铺</c>并<cffcd443d>将其升至<number>级</c>
156a5e9fe76bbd1f,TID_SEAONAL_DEFENSE_LAZY_LASER_MODULE_ATTACK,
d28caa13f5c300b9,TID_STARTERARMY_TH13_YETIWITCH,13本 - 雪怪人海流
421111071fed0a93,TID_STARTERARMY_TH04_BARCHER_BLAST,4本 - 黄毛弓箭
a9a32fdf44e425c4,TID_SEAONAL_DEFENSE_LOG_LOBBER_MODULE_HP,
53248dd07d24db3e,TID_DECO_CLASHARAMA_EP02_SUPERDECO_PAINT,速写召唤
b46fa8a0453518df,TID_SEASONAL_DEFENCE_NO_SEASON_TITLE,未开启精制阶段
6f673727723de85a,TID_UNLOCK_UTIL_REQUIRED_DARK_BARRACK_BUILDING_AT_LEVEL,解锁条件：<cffcd443d>建造一座暗黑训练营</c>并<cffcd443d>将其升至<number>级</c>
8e2773f50dbd2547,TID_UNLOCK_UTIL_REQUIRED_BLACKSMITH_UPGRADE,解锁条件：<cffcd443d>将您的铁匠铺升至<number>级</c>
cf2dee0ac8ad94a2,TID_SETTINGS_DATA_EXPORT_COPY_NOTIFICATION,村庄数据已复制到设备剪贴板！
71fea08799b70b35,TID_UNLOCK_UTIL_HEROES_REQUIRE_TOWN_HALL_LEVEL,英雄解锁条件：<cffcd443d>将您的大本营升至<number>级</c>
7087d5ab20ece490,TID_POPUP_CONFIRM_AUTOFIX_RECIPE_TEXT,此配置中不可用的英雄或装备将被替换，以便在对战中使用该配置。
6e296ae3c24ddd66,TID_UNLOCK_UTIL_REQUIRED_LABORATORY_LEVEL,需要<number>级实验室。
91942deb3f549ac5,TID_UNLOCK_UTIL_REQUIRED_DARK_BARRACK_UPGRADE,解锁条件：<cffcd443d>将您的暗黑训练营升至<number>级</c>
0b45b477395605dd,TID_CLANGAMES_TASK_USESUPERTROOP,参加<num>场联机模式战斗，每场战斗至少需使用1x<troop>且赢得至少1颗胜利之星。
557d724bb8166152,TID_STARTERARMY_TH17_DRAGONS,17本 - 狂怒空袭
95de72149f0b0b11,TID_UNLOCK_UTIL_REQUIRED_SPELL_FORGE_UPGRADE,解锁条件：<cffcd443d>将您的法术工厂升至<number>级</c>
38568c0f2b7d2fd2,TID_SEASONAL_DEFENCE_INFO_ITEM_4,这些防御设施很难掌握，因此仅限达到<cffcc33>最高等级大本营</c>的首领使用。
f750ad28f80e932f,TID_HEROES_NOT_AT_CAPACITY_TOOLTIP,<cffcd443d>选择更多英雄</c>以充分利用军队空间。
384c39e653cf3248,TID_TRAINING_TAB_TITLE_COMMUNITY_PRESETS,精选库
fe8d072f9ecc152d,TID_TUTORIAL_ELIXIR_STORAGE_1,好极了！圣水可以用来建造和升级建筑。
88164350b814a1d1,TID_HINT_HEROES_IN_ARMY_ARE_UNAVAILABLE,您军队中的部分英雄无法使用。
78b50f642c50d34d,TID_STARTERARMY_TH16_SNOW_WITCH,16本 - 大雪怪女巫
4f9c75a185a1b8dc,TID_UNLOCK_UTIL_REQUIRED_SPELL_FORGE_BUILDING,解锁条件：<cffcd443d>建造一座法术工厂</c>
9d9fe642e3259f25,TID_SEASONAL_DEFENCE_SEASON_CARD_DESCRIPTION,离阶段结束还有：
386fc80921a03446,TID_STARTERARMY_TH14_PEKKA_BOWLER,14本 - 皮卡蓝胖
b28ffd6900a988bc,TID_DECO_CYBERCLASH_HOLOPROJECTOR,赛博全息
f9f8e951f9be983c,TID_UNLOCK_UTIL_REQUIRED_DARK_SPELL_FORGE_BUILDING,解锁条件：<cffcd443d>建造一座暗黑法术工厂</c>
cb76f953472c6c13,TID_SEAONAL_DEFENSE_CRUSHER_MORTAR_MODULE_ATTACK,碎岩迫击炮攻击力模组
172e47416610c1f0,TID_DECO_CLASHARAMA_SODASTAND_2025,苏打汽水摊
0bed712f74513308,TID_SEAONAL_DEFENSE_LAZY_LASER_MODULE_HP,
29be0cc46a02a272,TID_SEASONAL_DEFENCE_ACTIVE_TEXT,已启用
781b35d932779999,TID_TUTORIAL_ELIXIR_STORAGE_2,建造一个圣水瓶吧！圣水宝贵，不要浪费。
7bce0b2dec1e9695,TID_EVENT_TROOP_EXPIRED,活动兵种和法术已消失
2add017008b77f97,TID_CLANGAMES_TASK_USESPELL_MAINVILLAGE,在一场联机模式战斗中赢得一颗胜利之星，至少需使用1x<spell>。
7ffb05c039d58a86,TID_DARKDAYS_WARDEN,教父守护者
762ae065b97e516d,TID_SCENERY_APRIL25,狂热擂台
98a75d789f666d8b,TID_SETTINGS_DATA_EXPORT_INFO,村庄数据包括两个村庄的建筑、陷阱、装饰、障碍物、部队、法术、攻城机器、英雄、战宠、装备、营房样式、皮肤和场景的数量和升级等级。
97d504efe25ab11d,TID_UNLOCK_UTIL_REQUIRED_SIEGE_WORKSHOP_BUILDING_AT_LEVEL,解锁条件：<cffcd443d>建造一座攻城机器工坊</c>并<cffcd443d>将其升至<number>级</c>
c2463ec1e93037b9,TID_UNLOCK_UTIL_REQUIRED_PET_SHOP_BUILDING_AT_LEVEL,解锁条件：<cffcd443d>建造一座战宠小屋</c>并<cffcd443d>将其升至<number>级</c>
3a66e7b641d8cbda,TID_BUTTON_CYCLE_SEASONAL_ARCHETYPE,切换防御
3c8c23a13e062aa3,TID_ARMY_OVERVIEW_HINT_SPELLS,法术在大本营达到<number>级时解锁
b6566952ef63c7c2,TID_SEAONAL_DEFENSE_CRUSHER_MORTAR_MODULE_HP,碎岩迫击炮生命值模组
388aa086dd5d852f,TID_SEAONAL_DEFENSE_LOG_LOBBER_MODULE_EFFECT,
76315e974cce751d,TID_BUILDING_LAZY_LASER,
52e62203fa17bb9e,TID_TRAINING_TAB_TITLE_PRESETS,已保存的配置
624299000413e842,TID_UNLOCK_UTIL_REQUIRED_TROOP_LEVEL_UPGRADE,解锁条件：<cffcd443d>将<troop>升至<number>级</c>
2116c7f53da2840b,TID_ATTACK_COOLDOWN,进攻冷却时间：秒
f642c4686c316858,TID_STARTERARMY_TH09_LAVA_LOONS,9本 - 熔岩气球
4bad9789869a3b13,TID_STARTERARMY_TH14_ELECTROTITAN,14本 - 雷霆女巫
ebff817d2907ee67,TID_GAMES_REWARDS_TEXT,部落竞赛结束后就可以领取奖励了！您的部落完成挑战获得的积分越多，解锁的奖励也就越多。参与部落竞赛的每位成员完成至少一项挑战，就可以从每列奖励中选择一项。如果您获得的积分达到个人积分上限，您可以在部落竞赛结束后选择一项额外奖励。未领取的奖励只会保留7天时间，请记得及时领取奖励。
657b0129c042e3ca,TID_TUTORIAL_BARRACK_1,首领，我们需要训练一支军队去攻打那些哥布林！来修建一座训练营吧。
329175d58cbbdc3f,TID_CLANGAMES_TASK_USE_SUPER_BOWLERS,精准定位
efd125efbb7a26b5,TID_STARTERARMY_TH11_ELECTRO_DRAGONS,11本 - 雷电龙
3bf6160197ac036f,TID_APRIL25_PRINCE,神秘王子
7ee9f438908d80ad,TID_INFO_SCREEN_TITLE_NO_LEVEL,<object>
db825bafc2f21cb9,TID_CREATOR_ARMY_REMAINING_TIME,离刷新还有：<time>
1c83f560f48c2712,TID_UNLOCK_UTIL_REQUIRED_DARK_BARRACK_BUILDING,解锁条件：<cffcd443d>建造一座暗黑训练营</c>
614c4c5bac72b216,TID_UNLOCK_UTIL_REQUIRED_CLAN_CASTLE_BUILDING,解锁条件：<cffcd443d>重建部落城堡</c>
e7f5c01df477c63f,TID_APRIL25_CHAMPION,至尊战神
7e9da2d53e8f8a53,TID_SEASONAL_DEFENCE_SWITCH_BUTTON_SELECT,选择
f62b1edf4665c03b,TID_EDIT_MODE_BLOCKED_COPY_SEASONAL_DEFENSE,复制阵型中的精工防御不可用，其位置已被精制台取代。
f8aade5f893a5522,TID_CLANGAMES_TASK_USE_SUPER_DRAGONS,烧尽万物
eee6a9b681b0f70f,TID_SEAONAL_DEFENSE_SUN_BEAM_MODULE_EFFECT,
ab861c9924a54ca7,TID_BUILDING_HOOK_TOWER_INFO,建筑大师应该不会介意我们借用他船上的绳索吧？\n\n钩索塔可将远处的敌人拖拽过来并击晕。不过攻城机器实在太重了，这招对它们无效！
8b0e4aa19b571b38,TID_EVENTARMY_TH15_BARCHENING,野蛮箭手群
8601e1d1cf4d8627,TID_BUILDING_HOOK_TOWER_INFO_SHORT,钩索来啦！把敌人拉过来击晕！
25c5d574de249db9,TID_BUILDING_CRUSHER_MORTAR_INFO,世界各地的巨石投手都排着队要它的签名！碎岩迫击炮会发射带有尖刺的巨石，石头如戈仑石人般优雅坠落，落地后还会继续弹跳、造成附带伤害。建议佩戴安全帽！
e06307124150527f,TID_STARTERARMY_TH04_GIANT_LOON,4本 - 巨人球
95adfa5dde65e15e,TID_BUILDING_LAZY_LASER_INFO,
5078ced19ec3f949,TID_INFO_ARMY_PRESET_DRAG,长按以重新排列您的军队配置
eaa415aa6b1d3882,TID_SEASONAL_DEFENCE_INFO_ITEM_3,防御设施的有效期会持续到<cffcc33>精制阶段</c>结束。下个阶段会推一组新的防御设施！熟能生巧！
50beda79eb9074df,TID_STARTERARMY_TH16_MINERS,16本 - 矿工流
bf8a03067ed4487b,TID_STARTERARMY_TH12_YETIBOWLER,12本 - 冰人大雪怪
a9c6191b949b6814,TID_SEASONAL_DEFENCE_SEASON_CARD_TITLE,已开启精制阶段！
054b3ae6a6441e4c,TID_UNLOCK_UTIL_REQUIRED_HERO_HALL_AT_LEVEL,解锁条件：<cffcd443d>建造一座英雄殿堂</c>并<cffcd443d>将其升至<number>级</c>
8e743b537165d438,TID_STARTERARMY_TH06_BIG_BARCHERS,6本 - 扩容版黄毛弓箭
ace4921f2eec360e,TID_SEAONAL_DEFENSE_HOOK_TOWER_MODULE_ATTACK,钩索塔攻击力模组
4dbb4e7e5a068a10,TID_STARTERARMY_TH14_MASS_HOGS,14本 - 野猪法
9ec2d1f671cd81ce,TID_JAPAN_QUEEN,弓道女皇
5b2643adc7964164,TID_APRIL25_WARDEN,暗黑守护者
de51de999753a2e2,TID_SEASONAL_ARCHETYPE_TUTORIAL_SCREEN_TITLE,选择一座精工防御！
248be9828c045dc9,TID_ICE_BLOCK_SPELL_ABILITY,法术
b676ae9de0cfb61f,TID_JAPAN_CHAMPION,忍者战神
e6cc01804b2884ec,TID_CLANGAMES_TASK_USE_SUPER_ARCHERS,强硬箭矢
dcf20fe4fb54e188,TID_STARTERARMY_TH05_BARCHER,5本 - 黄毛弓箭2.0
a30808c6010646e8,TID_DECO_COMMUNITY_CROWN_AND_SWORD,正义皇冠
14b32b680dc7a591,TID_STARTERARMY_TH15_GO_SKELLY,15本 - 石法女巫
5b99d3ac777dca63,TID_SEASONAL_DEFENCE_SELECTION_SCREEN_TITLE,防御概况
5cfb184ae7a3e750,TID_CLANGAMES_TASK_USETROOP_MAINVILLAGE,在一场联机模式战斗中赢得一颗胜利之星，至少需使用1x<troop>。
27e4b030c79a65c1,TID_STARTERARMY_TH08_PEKKA_SMASH,8本 - 皮卡猛攻
b5e1008d30d6b98e,TID_STARTERARMY_TH13_ELECTRO_DRAGONS,13本 - 雷电飞龙
653b4325b50b4e5b,TID_STARTERARMY_TH16_AIR_RAID,16本 - 骷髅龙
c31ad1fbd0cae1b9,TID_TUTORIAL_WORKER_1,将夺取的金币投入到建筑与升级上。一边建造一边战斗，轻松制胜！
77126da13cd5c275,TID_SETTINGS_DATA_EXPORT_COPY_BUTTON,复制
1ddd139ac904ca43,TID_SEASONAL_DEFENCE_SWITCH_BUTTON_SWITCH,切换
910d39f84699f556,TID_SEASONAL_DEFENCE_SEASON_1_DESCRIPTION,首领，新的零件已送达！趁着它们还能用，赶快建造并升级精工防御吧！
be21f36ec8092ec1,TID_DARKDAYS_MINION_PRINCE,治安王子
f54ba3f596b6eaf2,TID_SHOP_LINK,信息
5d4a4b50c21312e8,TID_STARTERARMY_TH17_ROOTRIDERS,17本 - 根蔓利斧
ad42e30339155d38,TID_CREATOR_ARMY_NAME,作者：<creator>
11121203050db3eb,TID_REENGAGEMENT_ATTACK_2,他们已经做好了战斗准备！
531bf4820879dab0,TID_DECO_CLASHARAMA_FROZEN_WIZARD_2025,冰冻法师
3f512a1e87714b01,TID_SCENERY_DARK_DAYS,复古年代
50a54a0b407f2d1e,TID_TRAINING_SCREEN_TAB_OVERVIEW,我的军队
8aab3d1d4a863575,TID_UNLOCK_UTIL_REQUIRED_BARRACK_UPGRADE,解锁条件：<cffcd443d>将您的训练营升至<number>级</c>
ddda2ea2939523be,TID_UNLOCK_UTIL_REQUIRED_PET_SHOP_BUILDING,解锁条件：<cffcd443d>建造一座战宠小屋</c>
f80b676c1ddafb55,TID_ICE_BLOCK_SPELL,冰障法术
f19f7e2dcd87254e,TID_JAPAN_KING,武士蛮王
d287f75eee4dffc8,TID_SEAONAL_DEFENSE_HOOK_TOWER_MODULE_HP,钩索塔生命值模组
c046604ea54e9229,TID_STARTERARMY_TH10_GOHO_MAGIC,10本 - 石法野猪
3b29c40dec2f4103,TID_INFO_ARMY_PRESET_TAG,长按以重新排列军队配置
7b860b85d610da70,TID_SEASONAL_DEFENCE_INFO_ITEM_2,<cffcc33>选择要升级的模组</c>，制定最佳防御战术！精工防御在升级期间也会防御！
32488cedfc30b744,TID_BUILDING_FLAME_SPINNER_INFO_SHORT,热浪滔天，永不停歇！
2f4855fe98268a17,TID_SEASONAL_DEFENCE_NO_SEASON_DESCRIPTION,请稍后再来看看！
f4de63ea81b833b8,TID_HINT_SUPER_TROOPS_NEED_ACTIVATING,<cffcd443d>启用超级兵种</c>，将它们添加到您的军队中。
1b3ae79555e32adf,TID_TUTORIAL_TRAIN_3,就是现在！派出野蛮人大军！
e40e7e04ecfcf636,TID_STARTERARMY_TH14_ELECTRIC_AIR,14本 - 飞龙气球
a1167fff0c6c2e38,TID_STARTERARMY_TH07_MAGIC_HOGS,7本 - 法师猪
fbd505cf7eeed35a,TID_ACHIEVEMENT_SEASONAL_DEFENSE,升级精工防御<number>次
5c988effcf9fb9a4,TID_BUTTON_GUIDE,指南
8abbda04f01b7dd9,TID_SEAONAL_DEFENSE_FLAME_SPINNER_MODULE_HP,旋转喷火器生命值模组
cfea1a3d547f01cf,TID_STARTERARMY_TH08_DARK_ELIXIR_SPECIAL,8本 - 石头武神
ee642413eec26709,TID_APRIL25_KING,科迪蛮王
8715c6e4b6706016,TID_HINT_HEROES_IN_ARMY_ARE_UNAVAILABLE_SUGGEST_SWAP,您军队中的部分英雄无法使用。<cffcd443d>选择其他英雄</c>，充分利用军队空间。
5c104685702ef7e3,TID_UNLOCK_UTIL_TIME_LIMITED_SPELL_NO_LONGER_AVAILABLE,无法再使用该限时法术。
e03eee8dcd6f503b,TID_RESOURCE_FEST_BOOST,资源盛宴\n<amount>%加成！
8be475f7a9325fcd,TID_SEAONAL_DEFENSE_HOOK_TOWER_MODULE_EFFECT,钩索塔效果模组
3c15a3baaa02a244,TID_EVENTARMY_TH10_ARMYOFTHEMONTH,本月强军
5190b85ccd6aaf17,TID_BUTTON_UPGRADE_MODULE_TWO,升级模组二
2baeeddc0aeb7c06,TID_STARTERARMY_TH16_ELECTRO_HEALING,16本 - 雷霆德鲁伊
10023b18aae0bb33,TID_DARKDAYS_QUEEN,蛇蝎女皇
290996bd13dfb095,TID_ICE_BLOCK_SPELL_INFO_SHORT,让敌方防御体会一下被冷落的滋味！
6502f1592bdc94c8,TID_SETTINGS_DATA_EXPORT_TITLE,以JSON格式导出村庄数据
9cfe64c1e383cb9c,TID_DECO_DARKDAYS_2025,战利品货车
f86191b018cb2f01,TID_SEAONAL_DEFENSE_CRUSHER_MORTAR_MODULE_EFFECT,碎岩迫击炮效果模组
0146e05ad10459b5,TID_BUILDING_SEASONAL_PLATFORM_INFO,建造精工防御，按需升级它们的属性！精工防御将持续至当前精制阶段结束，新的防御将在下个阶段替代它们！尝试各种防御组合，说不定就能发现新的最爱！
39ed83b0270c7d7c,TID_CLANGAMES_TASK_USE_SUPER_MINERS,矿工行动
57d71fbfe9699eeb,TID_UNLOCK_UTIL_REQUIRED_HERO_UNLOCKED,解锁条件：<cffcd443d>解锁<hero></c>
dd5e3451a7c20df0,TID_BUTTON_CHANGE_SEASONAL_ARCHETYPE,防御概况
c75a50d896f8989e,TID_ACHIEVEMENT_SEASONAL_DEFENSE_TITLE,精工行家
6eae829bdb584bf2,TID_CLANGAMES_TASK_USE_SUPER_YETIS,电力防护
8af7706797b9ca0a,TID_TUTORIAL_DEFEND_4,在这片魔法大陆上，建筑会自我修复......这就是魔法的力量。
924a7d0853bec9ba,TID_STARTERARMY_TH09_HOG_HEALS,9本 - 野猪天使
5fb78199e611ec30,TID_STARTERARMY_TH13_HOGMINER,13本 - 野猪矿工3.0
04fe615d8efe3559,TID_ACHIEVEMENT_DESTROY_SEASONAL_DEFENSE_COMPLETED,总共摧毁精工防御：<value>
43cb1874c8bc310e,TID_BUTTON_UPGRADE_MODULE_THREE,升级模组三
d2e9d0ba81fe800d,TID_STARTERARMY_TH08_FLY_HIGH,8本 - 飞龙球2.0
1578ce993f13dbdf,TID_SEAONAL_DEFENSE_LAZY_LASER_MODULE_EFFECT,
d8cb5cbe3a7a6389,TID_UNLOCK_UTIL_TIME_LIMITED_TROOP_NO_LONGER_AVAILABLE,无法再使用该限时兵种。
5add19784de28976,TID_SEASONAL_ARCHETYPE_TUTORIAL_SCREEN_TEXT,您可以随时切换精工防御！
7be62eba5d4a47ef,TID_REMOVE_EXPIRED_TEMP_TROOPS_FROM_ARMY,<cffcd443d>移除无法再使用的限时兵种、法术和攻城机器</c>。
f5f9ad1a43175911,TID_BUILDING_HOOK_TOWER,钩索塔
b4f0a7a1869c3e4c,TID_BUILDING_CRUSHER_MORTAR,碎岩迫击炮
a7ab67ad8fd7c21b,TID_TUTORIAL_ELIXIR_1,除了金币，我们还需要圣水。
fe1860e02fac38e2,TID_DARKDAYS_KING,屠夫蛮王
0fba53f27bc46513,TID_SEASONAL_DEFENCE_SEASON_1_TITLE,精制阶段
22782069c554379d,TID_TUTORIAL_BUILDER_MENU,在这里选择建筑方案并立即动工！
e8610ced5323ed74,TID_SHOP_DETAILS_LINK,https://support.supercell.com/zh_cn/index.html
7b4b11c47ae747e3,TID_SEASONAL_DEFENCE_INFO_ITEM_1,<cffcc33>选择并升级精工防御</c>，您可以随时切换它们。
d3371f762dbb8c3a,TID_EVENTARMY_TH10_HOTHOGSUMMER,野猪骑士狂欢
5d481484e1753e9e,TID_ACHIEVEMENT_RANKED_3_PROGRESS_2,联赛等级达到泰坦27
e5d29c1d1ae2590d,TID_LEAGUE_TIER_9_RANK_1_SHORT,泰坦27
dde9eec06682b88d,TID_CLASHARAMA_2_QUEEN,皮卡女皇
59f29c1d1ae2590e,TID_LEAGUE_TIER_9_RANK_2_SHORT,泰坦26
57d09fb18a4169a8,TID_REVENGE_ATTACK,反击！
c3af7cca20519490,TID_EVENTARMY_TH12_CLASHERAMA_MASS_MINERS,矿工流！
40a80e811a33eea1,TID_LEAGUE_LEADERBOARD_EMPTY,参加联赛锦标赛，即可在此查看您的排行榜排名！
f29260c4dfec7b49,TID_BATTLE_DETAILS_DESTRUCTION_DEFENSE,每次防守平均摧毁率
181ecf611e30eb21,TID_SPECIAL_REENG_TUTORIAL_6,流汗比打资源更爽！
fc87f138969d39d9,TID_RANKED_SIGNUP_PENDING_INFO,锦标赛筹备中...
e9be64ce1e025d13,TID_BATTLE_MODE_INFO_TITLE,常规战信息
529eca9183e76c3e,TID_RANKED_LEGEND_RULE_TEXT_4,在每月重置时获得传奇奖杯。
a0afd8340df2bc1a,TID_MODE_SELECT_RANKED,排位战
34223aaf4dcd4b61,TID_LEAGUE_SEASON_ENDED_MONTH_1,锦标赛已结束：<year>年1月<day>日
e0abbbf47e2a6e33,TID_BATTLE_LOG_MISSING_DEFENSE,没有进行过防守。
ec3b717dd5d1df04,TID_OBSTACLE_COSMICTREE,秘咒幼芽
a791381d9e901daa,TID_LEGENDS_SHIELD_1D_INFO,跳过下一个传奇杯联赛日的进攻和防守。暂时脱离紧张的战斗，享受休息时间！
d7003051130f8278,TID_ABILITY_COOLDOWN_TIME,冷却时间：
fcead779828284e7,TID_HINT_SHIELD2,魔法护盾生效期间，您的村庄不会因遭受攻击而损失资源！
c5c79fd14bd2ffb2,TID_RANKED_MODE_FTUE_2,我们的村庄可以参加<c2c84ad>排位战</c>了。
454dd97c4a8c0a18,TID_CHALLENGE_TITLE_HARD_MODE,电竞
5579fc164fe92420,TID_LEGEND_MODE_INFO_DEMOTION_3,如果您掉出了传奇杯联赛，可报名参加新联赛的下一次锦标赛。
a90dc97a09206b78,TID_COSMICCURSE_KING,
8d3a20ae8aa12e61,TID_STARTERARMY_TH12_GO_WITCH_4,12本 - 石头女巫4.0
778d71d233728e99,TID_2017_CLASHMAS_TREE,2017 Clash圣诞树
b4c9782467ef0937,TID_SHIELD_INFO_ITEM2,发动进攻不会影响护盾持续时间，放心大胆地去战斗吧！
cedac27396bef887,TID_GP_POP_RUNES,符石+5
e409ae7dcbae2177,TID_WASTELANDS_CHAMPION,
24a71b47405fe40b,TID_RANKED_MODE_INFO_OVERVIEW_2,赢取战斗胜利，在排行榜上不断提升名次，赢取荣耀！
a3159c258945fa3a,TID_LEAGUE_LEADERBOARD_ATTACKS_PERFORMED,进攻：
1ea06ea63a5cc06b,TID_COSMICCURSE_QUEEN,
052adcd2ee42d8e3,TID_HARD_MODE_DESC,防御设施伤害提高20%，防守方英雄伤害和生命值提高20%，进攻方英雄伤害和生命值降低10%。英雄装备等级降低：普通装备降低3级，史诗装备降低6级。
f4f61023816ab9b7,TID_LEAGUE_TIER_11_RANK_2_SHORT,雷龙32
41496e7a4d9677ca,TID_LEGEND_MODE_INFO_OVERVIEW_2,每位玩家每天可进行一定次数的进攻和防守。
7f553f06d292c2a8,TID_LEAGUE_INFO_LOOT_BONUS,在泰坦杯联赛1中，最大联赛奖励为：
3c5cd18f492cb918,TID_STARTERARMY_TH9_GO_WITCH,9本 - 石头女巫
34223aaf1cd91f61,TID_LEAGUE_SEASON_ENDED_MONTH_5,锦标赛已结束：<year>年5月<day>日
0b0610238150a8ef,TID_LEAGUE_TIER_10_RANK_1_SHORT,飞龙30
40a93ab40f3719ea,TID_CLAN_MINIMUM_BUILDER_BASE_TROPHYS,建筑大师基地奖杯数最低要求：
bc0b0a5e7c4019dc,TID_HINT_SHIELD_GAIN,如果有敌人夺取了您大量的资源，您将免费获得一个魔法护盾。
00527c2dd0598b2e,TID_RANKED_LEGEND_SHIELD_EXPIRES_IN,离过期还有：
1c86138378251e0d,TID_LEAGUE_TIER_7_RANK_1,戈仑石人联赛21
4c22c89801664356,TID_LEAGUE_TIER_8_RANK_2,皮卡超人联赛23
c3af7cca25abcb30,TID_EVENTARMY_TH14_CLASHERAMA_MASS_MINERS,矿工流！
8d8cfbc38f795e73,TID_STARTERARMY_TH5_PRECISION_DROP,5本 - 精准轰炸
35a5111b9d5f9d15,TID_DECO_COMMUNITY_EAGLEHEAD,天鹰纪念碑
edbcdfc05877e1f3,TID_ADVANCED_MODE_DESC,防御设施伤害提高14%。防守方英雄伤害和生命值提高14%。进攻方英雄伤害和生命值降低6%。
a1ce0d2cb245a037,TID_ATT_UC_DISAGREE_TITLE,启用追踪
0084d19b7bb51866,TID_PLACEMENT_TH_SHORT,第<value>
d067a0238150a8ed,TID_LEAGUE_TIER_10_RANK_3_SHORT,飞龙28
7d2a825611c61cb7,TID_LEAGUE_TIER_6,女巫
318fd92e6a99b895,TID_LEAGUE_OVERVIEW_BATTLES_PER_SEASON,<amount>次战斗/锦标赛
353e03b72d6475e6,TID_STARTERARMY_TH9_FIRE_IN_THE_SKY_2,9本 - 飞龙球2.0
9fceb175bb3e6b0b,TID_READY_COLORED,准备就绪！
db32917fc73cd5c4,TID_STARTERARMY_TH15_MASS_MINERS,15本 - 矿工海
bd8972dd859d627d,TID_LEAGUE_BATTLE_START_TIME,离战斗开始还有：<time>
8bd21a2e04ce4b87,TID_ACHIEVEMENT_RANKED_TITLE_1,联赛参与者
ce0a25d60df63e3d,TID_LEAGUE_TIER_11,雷龙
9340fd977179cf40,TID_GP_POP_SUBTITLE,解锁超赞奖励！
310d5fd31d705d82,TID_STARTERARMY_TH14_LAVALOON_3,14本 - 经典狗球3.0
425de9c4672e7f8b,TID_SPECIAL_REENG_TUTORIAL_4,但首先要进行体能测试——进攻自己村庄的防御来热个身！
bfa11f156c6502bc,TID_EVENT_NOTIFY,!
4d92c89801679826,TID_LEAGUE_TIER_8_RANK_3,皮卡超人联赛22
589c52976c25ebc1,TID_PLACEMENT_FIRST,第1名
86c41f2760826435,TID_BATTLE_MODE_INFO_SHIELD_1,使用魔法护盾，保护您的资源不被进攻者夺取。
cdc0a69f1bfc9461,TID_SEASONAL_DEFENCE_ERROR_ARCHETYPE_UPGRADING,该防御已经有一个属性正在升级。
c131d66bb97d261d,TID_TUTORIAL_TH12_2,保护好您的大本营，让它的武器造成更多伤害！
86d5b4da2842e4f2,TID_CLASHARAMA_CHAMPION,Clash-A-Rama战神
d1d0cec10c4266c9,TID_RANKED_POPUP_TITLE_UPCOMING,报名参加即将开始的锦标赛！
8cd1b211ec65dcb7,TID_STAR_DEFENDERS,星星守护者！
607c9d4da63f08fe,TID_SHOP_LEGENDS_SHIELD_1D,一天传奇护盾
cc5c1211822e744e,TID_RANKED_MODE_INFO_BATTLE_2,您也会受到小组其他玩家的攻击，所以要布置好防御！
7010fa9481554dc8,TID_ACHIEVEMENT_RANKED_1_PROGRESS_3,联赛等级达到法师12
eecfce4c0177f197,TID_ACHIEVEMENT_RANKED_2_PROGRESS_2,联赛等级达到女巫18
2ef9062f886bb87e,TID_HARD_MODE_MINUS_ONE_DESC_LIST,•<cff4b84ff>防御设施</c>伤害提高20%。\n•<cffff4ba8>防守方英雄</c>伤害和生命值提高20%。\n•<cffff4ba8>进攻方英雄</c>伤害和生命值降低10%。
6f6df68e53ad6d55,TID_TRAP_DAMAGE_TO_SIEGE_MACHINES,对攻城机器伤害：<number>
bf95f63dd7ffc1f3,TID_LEAGUE_TIER_10_RANK_3,飞龙联赛28
19140d3bc79f96c7,TID_GEAR_RESOURCE_EPIC_INFO,星辉矿石可用于升级装备。您可以通过部落对战、特别活动和8级或以上联赛中的胜利之星奖励获取。
4fdf9716ca1fe572,TID_EXPERT_MODE_DESC,防御设施伤害提高20%。防守方英雄伤害和生命值提高20%。进攻方英雄伤害和生命值降低10%。
c85bc87c3cdc54b9,TID_LEAGUE_OVERVIEW_SIGN_UP_INSTRUCTION,报名参加排位战，根据您的表现，您将在联赛中晋级或降级！联赛等级越高，获得的奖励越丰厚！
17ee7e797383f7db,TID_RANKED_MODE_INFO_OVERVIEW_3,锦标赛分为三个阶段：报名、战斗和结算。
ab209e766e5ac5f8,TID_LEAGUE_TIME_UNTIL_NEXT_LL_DAY,离下个联赛日开始还有：
f3694955bea2d77b,TID_GP_POP_MORE_ALT,还有更多！
7e7c6f757515c054,TID_DEFENSE_POPUP_TITLE,阵型和援军
ad42cf1a9e459912,TID_LOG_RANKED_MODE,排位模式战斗日志
d550c28abf4cc198,TID_LEGEND_SHIELD_INACTIVE,在传奇杯联赛中，您可以发动进攻，也会被他人进攻。
6e56e20864273d3b,TID_CHARACTER_INFO_TREANT,这位大地战士与大自然融为一体，甚至不用自己走路，而是骑在坚硬无比的根蔓上作战。根蔓骑士可摧毁城墙，将防御建筑夷为平地。
0c9fd19c44041553,TID_LEAGUE_TIER_8_RANK_2_SHORT,皮卡超人23
8a4a53bc778c93f1,TID_STARTERARMY_TH11_GO_WITCH_3,11本 - 石头女巫3.0
3ca3fed55e854562,TID_CYBERPUNK_CHAMPION,
904c6eb4fdaf7e8f,TID_BATTLE_MODE_INFO_REVENGE_1,想要让夺走您资源的对手也吃点苦头？通过防守日志选择要进攻的对手，发动反击！
97e3924583f59ce5,TID_LEAGUE_OVERVIEW_BATTLES_PER_SEASON_LEGENDS,每日<amount>次战斗
301d4f66e72b26a2,TID_STARTERARMY_TH12_LAVALOON_2,12本 - 经典狗球2.0
9b6b69dad37c6957,TID_NEXT_DAY_SHIELD_ACTIVE,您无法进攻或被他人进攻。<cffcc33>在下一个联赛日开始前移除护盾</c>，即可继续发动进攻、 进行防守。
c3af7cca26fdfe50,TID_EVENTARMY_TH16_CLASHERAMA_MASS_MINERS,矿工流！
257ab37b92659b75,TID_ACHIEVEMENT_RANKED_2_PROGRESS_3,联赛等级达到戈仑石人21
d76dfc660dbac34d,TID_CREATORARMY_TH16__MOOSE_ROOTTITANS,根蔓泰坦
7b63a0ac9938aadd,TID_BATTLE_MODE_MODIFIER,战斗属性调整
4ab4e0e2d8919923,TID_DECO_COSMIC_BOOK_OF_SPELLS,秘咒古籍
a300e286fb3d5e9b,TID_2025_CLASHMAS_TREE,2025 Clash圣诞树
c3af7cca2756e4e0,TID_EVENTARMY_TH17_CLASHERAMA_MASS_MINERS,矿工流！
c900af92646ff074,TID_LEAGUE_TIER_4_RANK_2,法师联赛11
9c724d5b5362c9b6,TID_LEAGUE_TIER_3_RANK_1_SHORT,弓箭手9
72b6c14e8bc22a23,TID_RANKED_LEGEND_RULE_TEXT_2,每天通过进攻和防守获得奖杯。
853b417c81dd3345,TID_SPECIAL_REENG_TUTORIAL_7,想象一下！夏日狂欢节资源加成搭配项目升级时间减少......
5630bf5ba09b6042,TID_HINT_TRAP_REPAIR,别忘了常常上线，确保您的陷阱都已布置好。
857b9f75ed4dcee9,TID_BATTLE_MODE_INFO_OVERVIEW_2,使用\q下一个\q按钮来寻找合适的对手，部分村庄的资源会更为丰厚。
f95767f11271a134,TID_RANKED_RULE_TEXT_2,每组最多<group>人参赛
02132d3a8045ab11,TID_STARTERARMY_TH17_FIREBALL,17本 - 火球狂潮
adc79a34f78a1850,TID_LEAGUE_TIME_LEFT_CURRENT_LL_DAY_TIME,离联赛日结束还有：<time>
31ba49cc8813b43b,TID_REVENGE_TIMER,还剩<time>
3f58a6caaa68f965,TID_BUILDING_GEN_SPELL_CAGE,法术坩埚
b1e6239fe72f5bf0,TID_LEADERBOARD_TOWNHALL_SEASON,赛季全服排名
70682f2e67c881d4,TID_LEAGUE_TIER_2,野蛮人
fdb66ef66306ee1a,TID_LEAGUE_TIER_7_RANK_3_SHORT,戈仑石人19
45f03608b37c1fe9,TID_LEAGUE_TIER_5_RANK_2,瓦基丽武神联赛14
c2f0a52f3a51eb9b,TID_DECO_COSMIC_BOOMBOX,手提音响
21fb6f07c2b29274,TID_LEAGUE_WARNING_NO_DEFENSE,您需要在阵型菜单中设置用于防守的阵型和部落城堡援军。
5eae891f1b77887b,TID_RANKED_RULE_TEXT_3,进攻和防守次数有限
d44fd98b366bc979,TID_LEAGUE_TIER_5_RANK_3_SHORT,瓦基丽武神13
317a6e2397d2cdea,TID_BATTLE_LOG_IN_PROGRESS,正在防守......
6c82e95e1768e1d5,TID_RANKED_MODE_FTUE_4,参加锦标赛，赢取奖杯，提升联赛等级，从而赢取更丰厚的奖励！
620280a5b7d90885,TID_DECO_COSMIC_BOOK_OF_SPELLS_INFO,只要念出这本恐怖古籍里的只言片语，就会让宇宙诅咒生效！这绝对不是一本轻松的读物。
b8a4278528667e37,TID_STARTERARMY_TH13_DRAGONFIRE,13本 - 龙骑流
0f4c0670fb7ad691,TID_LEADERBOARDBANNER_REWARD,排名前三的部落将得到：（由部落内排名前<number>的玩家平分）
164fffeca9218953,TID_TIME_WEEKS,周
2530f25c09de278a,TID_HINT_TROPHY_COUNT,在排位战中展现您的实力，冲击更高联赛！
9af4d1889f64a3b2,TID_LEAGUE_SEASON_ENDED_MONTH_11,锦标赛已结束：<year>年11月<day>日
06e27ac540386180,TID_RANKED_MODE_INFO_PREP_2,您可以开启自动报名，以免错过锦标赛。
bdd2afdfa34a2bf9,TID_SHIELD_INFO_SHORT,在常规战中保护您的资源不被进攻者夺取
825dd4abf1994d23,TID_CLAN_JOIN_FAIL_NO_LEAGUE_TIER,您的联赛等级较低，不能加入该部落。
9c5307b4aa401601,TID_CLASHARAMA_KING,Clash-A-Rama蛮王
85c7ae4b81ef379f,TID_ACHIEVEMENT_RANKED_TITLE_4,联赛狂人
7c77ff92e4da6f52,TID_STARTERARMY_TH4_BALLOONED_BARCH,4本 - 气球黄毛弓箭
c3af7cca22acbb40,TID_EVENTARMY_TH11_CLASHERAMA_MASS_MINERS,矿工流！
28768d75edf5e235,TID_BATTLE_DETAILS_AVERAGE_STARS,每次进攻平均胜利之星
b45fee7d063f9169,TID_LEAGUE_TIER_1_RANK_3,骷髅兵联赛1
c9bb08dc844185f2,TID_LEGEND_MODE_INFO_DEFENSE_2,防守阵型应用后就会一直生效，直到您再次修改。
008d77011bb51866,TID_PLACEMENT_ND_SHORT,第<value>
788a61381091b910,TID_SPRING_TRAP_ABILITY_NAME,弹力十足
768c3af8ba61d40d,TID_STARTERARMY_TH7_MAGIC_HOGS,7本 - 法师猪
6e8bee0f601e0086,TID_LEAGUE_INFO_POPUP_TAB_SHIELD,护盾
fc5ee6f60d043be0,TID_LEAGUE_LL_ESTIMATED_SEARCH_TIME,预计所需时间：
cfa0720c6ad32160,TID_LEAGUE_TIER_4_RANK_1_SHORT,法师12
9af4d18b53976c8d,TID_LEAGUE_SEASON_ENDED_MONTH_12,锦标赛已结束：<year>年12月<day>日
ddc28a24dbc70159,TID_ACHIEVEMENT_RANKED_3_PROGRESS_1,联赛等级达到皮卡超人24
f0570cd1df716de9,TID_LEAGUE_HISTORY_EMPTY,完成一次联赛锦标赛，即可在此查看您之前的表现。
c3af7cca2400d180,TID_EVENTARMY_TH15_CLASHERAMA_MASS_MINERS,矿工流！
aeee41196e8ad0c6,TID_METEOR_GOLEM_SMALL_INFO,分开的小陨石戈仑会对一个附近的目标进行攻击，或者寻找它的同伴重新合体。即便在分开后，这些顽皮的小石头也能翻越城墙。
beb588b7585306ec,TID_RANKED_MODE_INFO_RESULTS_1,战斗阶段结束后，就到了结算的时间！
f0b11844362587f7,TID_GP_POP_PERKS,部落特权
52f1909bb38f4e3d,TID_PROFILE_LEGACY_RECORD,历史最佳：
6584fa2aa795dd60,TID_NEW_TAG,新！
a1ba18f3c18c5e48,TID_HINT LEAGUE_PROMOTION,在排位战中赢取奖杯，提升您的联赛等级。联赛等级越高，获得的联赛奖励和胜利之星奖励越丰厚！
4589d21c4e5259b8,TID_ATTACK_LEAGUEGROUP_BATTLE_COUNT_EXCEEDED,您在本联赛中的战斗次数已达上限。
60fa5b39f185286f,TID_SCENERY_MASHARAMA,Mash-A-Rama
79088ebe956ff81a,TID_LEAGUE_TIER_9_RANK_1,泰坦联赛27
24cbfd099db10006,TID_LEAGUE_TIER_3,弓箭手
03b8b51382e67f3c,TID_PLACEMENT_FIRST_SHORT,第1
907314c49e95afa5,TID_BATTLE_MODE_INFO_SHIELD_3,发动进攻不会影响您的魔法护盾持续时间，放心大胆地去战斗吧！
9dc020cb5362c9b6,TID_LEAGUE_TIER_3_RANK_2_SHORT,弓箭手8
9b04461e2c27c029,TID_LEAGUE_TIER_11_RANK_2,雷龙联赛32
f4be9365caa91284,TID_CREATORARMY_TH15_CORRUPT_ROOTVALKS,根蔓瓦基丽
8a2f38d390fffc46,TID_EVENTARMY_TH10_SEPTEMBER_WITCHES,女巫海
9a0b0099c0e4a124,TID_NO_SHIELD_TEXT,无护盾
458ed82d4946e7a7,TID_ALLIANCE_JOIN_ERROR_AVATAR_IS_LEADER,部落邀请已取消，因为您目前担任部落首领，无法加入其他部落。
40f02708b37c1fe9,TID_LEAGUE_TIER_5_RANK_3,瓦基丽武神联赛13
191242d7e6e63523,TID_STARTERARMY_TH10_BOWLER_SMASH,10本 - 蓝胖流
878e604ff97a8339,TID_TRAP_EJECTOR_BB_INFO,这款弹力十足的小装置可以将小型部队从战场上弹飞！体型更大、所需空间更多的部队则会被击退并受到伤害。
0f035cbd49a23cc3,TID_LEAGUE_TIER_6_RANK_3,女巫联赛16
c3af7cca2307a1f0,TID_EVENTARMY_TH10_CLASHERAMA_MASS_MINERS,矿工流！
332e21e9ee7e62ef,TID_GP_POP_FORGE,自动铸币栏位
fa2cbab1bcfcfab4,TID_SPECIAL_REENG_TUTORIAL_1,呃！您的村庄都走样了，首领。
d8db4075953738d4,TID_COOLDOWN_RANKED_MODE,进攻正在冷却
cea0c021da2bb972,TID_MODE_TITLE_MINUS_TWO,进阶
8b5a430ddc97f881,TID_STARTERARMY_TH10_GO_WITCH_2,10本 - 石头女巫2.0
d0129eb8b0726569,TID_STARTERARMY_TH6_SKY_SURGE,6本 - 气球流
5606991e5d9487a7,TID_LOOT_MODE,常规战
2bf97ba0144b8d49,TID_SHOP_MAGIC_SHIELD_7D_INFO,在整整一周时间里保护您的资源安全！一周魔法护盾可以保护您的资源不被进攻者夺取，持续7天。如果您购买多个护盾，那么护盾的持续时间会叠加。
09c229df6e38fe53,TID_DEMOTION_LEGEND_TROPHY_COUNT,您的奖杯数低于<value>杯
a187c714b057af6b,TID_RANKED_AUTO_SIGNUP_ON,自动报名开启
1dc6002360830c66,TID_LEAGUE_TIER_UNRANKED,未进入联赛
c1a2c7a05f67d135,TID_RANKED_MODE_FTUE_5,快来报名参加您的首次锦标赛吧。
228610139a598bc1,TID_LEAGUE_TIER_7,戈仑石人
c28f10cdb1b8bb8d,TID_INFO_RANKED_MODE,排位模式信息
cdee56198998071a,TID_MATCH_VICTORY_BONUS,最大联赛奖励：
64f9bcb611870117,TID_RANKED_POPUP_TITLE_SIGNED_UP,锦标赛即将开始！
69b361b57304855b,TID_LEGEND_SHIELD_ACTIVE,您在传奇杯联赛中无法进攻或被他人进攻。您只能移除下一个联赛日的护盾。
0374932e165eca2b,TID_BATTLE_MODIFIER_3,传奇
88b9f55d5ba9a868,TID_LEGEND_MODE_INFO_DEFENSE_3,在传奇杯联赛中，被进攻不会影响您正常游戏。
a0f821f1838de431,TID_GEAR_METEOR_WAND,陨石法杖
cc328178bf1adb87,TID_SPECIAL_REENG_TUTORIAL_9,首领，大家都在等您。
3a46d4fb9270f7af,TID_HINT_END_BATTLE,打造强力军队参加排位战，目标是三星完胜！
3435cef9b8e5b1a6,TID_LEAGUE_TIER_1_RANK_3_SHORT,骷髅兵1
fa9fdfb4be2c0dda,TID_LEAGUE_HISTORY_PLACEMENT,第<num>名
44a0bd5913ba65da,TID_REMOVE,移除
63ab5a475ae3ce27,TID_GP_POP_POTIONS,魔法药水+6
a9ce8999c6d98b1f,TID_MODE_TITLE_MINUS_THREE,中等
ea758781f623ef1d,TID_HINT LEAGUE_PLACEMENT,大本营达到7级即可解锁排位战，为荣耀而战吧！
34c43d3be75ed433,TID_RANKED_CANNOT_ATTACK_THROUGH_LEGEND_SHIELD,传奇护盾启用时无法参加战斗。
a2d95c969983cb91,TID_TRAP_DAMAGE_TO_HEROES,对英雄伤害：<number>
9496c6e028367544,TID_NEXT_LEAGUE_DAY_TIMER,离开始还有：<time>
292911694130f795,TID_LEAGUE_SIGNUP_MODIFIER_INFO,<league_name>属性调整
34223aaf089c0a61,TID_LEAGUE_SEASON_ENDED_MONTH_4,锦标赛已结束：<year>年4月<day>日
a48397115aa4368d,TID_LEAGUE_TIER_3_RANK_1,弓箭手联赛9
c418af6887482ced,TID_ALLIANCE_JOIN_ERROR_AVATAR_IS_NOT_IN_CORRECT_STATE_TO_JOIN,无法接受邀请，该玩家当前状态不符合加入部落的条件。
8ebce22a36dff390,TID_HARD_MODE_MINUS_TWO_DESC,防御设施伤害提高7%，防守方英雄伤害和生命值提高7%，进攻方英雄伤害和生命值降低3%。普通装备的等级上限为16级，史诗装备的等级上限为25级。
0f4cb0525ddc1a2f,TID_BATTLE_MODIFIER_4,电竞
37567819b8e5b1a6,TID_LEAGUE_TIER_1_RANK_1_SHORT,骷髅兵3
48d61023816ab9b4,TID_LEAGUE_TIER_11_RANK_1_SHORT,雷龙33
f034bef6630558fa,TID_LEAGUE_TIER_7_RANK_1_SHORT,戈仑石人21
4974ea792b6105a9,TID_MY_TOWN_HALL,我的大本营
153da43753fc7b27,TID_GP_POP_BOOKS,魔法之书+4
b923b86cd1329a58,TID_LEGEND_MODE_INFO_DEMOTION_1,如果您在一周结束时，奖杯数低于4900杯，就会从传奇杯联赛降级至最高的普通联赛。
f2a4461e2c27c028,TID_LEAGUE_TIER_11_RANK_3,雷龙联赛31
f5bd3cffbe0d1452,TID_STARTERARMY_TH7_FIRE_IN_THE_SKY,7本 - 飞龙球
e1218249a894893f,TID_CANT_SIGNUP,当前无法报名
6a2fddf5ded78171,TID_STARTERARMY_TH5_BLAST_AND_BASH,5本 - 胖法流
7f1f8b2d07f73186,TID_ACHIEVEMENT_RANKED_5_PROGRESS_3,升至传奇杯联赛
cdec38e0456cc5e9,TID_LEAGUE_TIER_8,皮卡超人
d0aac5fcad60cb96,TID_HARD_MODE_MINUS_TWO_DESC_LIST,•<cff4b84ff>防御设施</c>伤害提高14%。\n•<cffff4ba8>防守方英雄</c>伤害和生命值提高14%。\n•<cffff4ba8>进攻方英雄</c>伤害和生命值降低6%。
0194b9d888e321cf,TID_MAGIC_SHIELD_MIGRATED_LEGENDS_FTUE,注意安全！魔法护盾可以在常规战中保护您的资源不被进攻者夺取。
559fb5045aaad912,TID_DECO_COSMIC_BOOMBOX_INFO,法师的研究造就了史上最震耳欲聋的音乐冲击炮！它的声波不仅能传到太空，还能让人切身感受到震动。
bcbe788142186aa0,TID_CLAN_MINIMUM_BUILDER_BASE_LEAGUE,建筑大师基地联赛最低要求：
8a2f38d3969f9a46,TID_EVENTARMY_TH16_SEPTEMBER_WITCHES,女巫海
6a4d777e59b28e9c,TID_2013_CLASHMAS_TREE,2013 Clash圣诞树
20926e12565b7cc9,TID_SHOP_MAGIC_SHIELD_2D_INFO,在整整两天时间里保护您的资源安全！两天魔法护盾可以保护您的资源不被进攻者夺取，持续48小时。如果您购买多个护盾，那么护盾的持续时间会叠加。
34223aaf71027461,TID_LEAGUE_SEASON_ENDED_MONTH_2,锦标赛已结束：<year>年2月<day>日
4832c89801642ec6,TID_LEAGUE_TIER_8_RANK_1,皮卡超人联赛24
aea8b27b503bd9e3,TID_HINT TOURNAMENT,传奇杯联赛锦标赛每四周重置一次。
c7ebd570f1ce082a,TID_HINT LEAGUE_DEMOTION,在排位战模式中，丢失太多奖杯可能会被降级。为奖杯而战吧！
6e0ccba70347eb60,TID_SHOP_SHIELD_2D,两天魔法护盾
40415794fb0fed46,TID_RANKED_MODE_INFO_PREP_1,报名参加锦标赛，在分入的小组中与其他首领一较高下。
328046d5fae09c76,TID_LEAGUE_TIER_6_RANK_3_SHORT,女巫16
fd0330230a3801c6,TID_ACHIEVEMENT_RANKED_4_PROGRESS_1,联赛等级达到飞龙29
139a3454539a52d8,TID_INTERMEDIATE_MODE_DESC,防御设施伤害提高7%。防守方英雄伤害和生命值提高7%。进攻方英雄伤害和生命值降低3%。
ff6e350888a69bf0,TID_SPRING_TRAP_ABILITY_HELP,会将无法被弹飞的大型部队击退，并对其造成伤害。对英雄、战宠和攻城机器造成的伤害会减半。
2b40cecb8f1f7107,TID_HINT_TH12_MAX_LEVEL_WEAPON,突袭12级大本营时千万要当心，它被摧毁时可是会爆炸的！
ef55f61700cb139e,TID_GOLDEN_SHIELD_INFO2,您进攻其他玩家的村庄也不会导致黄金护盾失效。
ae868beff31b77d1,TID_LEAGUE_LEADERBOARD_DEFENCES_COUNT,防守：<count>/<total>
c0c551d82d3bdc7d,TID_GP_POP_BANK,更大的月度挑战资源箱容量
d85a04c44b9e2617,TID_DECO_EDRAGSKULL_INFO,请勿触摸！小心静电！这款酷炫无比的装饰真的能对你的眼睛放电！
d74ed7fa600020c6,TID_STARTERARMY_TH8_PEKKA_SMASH,8本 - 皮卡猛攻
0350e6d7be2d5e9d,TID_2022_CLASHMAS_TREE,2022 Clash圣诞树
ac888ebe956ff818,TID_LEAGUE_TIER_9_RANK_3,泰坦联赛25
c870e32de18d5e9a,TID_2024_CLASHMAS_TREE,2024 Clash圣诞树
bff97960ec3c2eee,TID_STARTERARMY_TH5_LOOT_SMASH,5本 - 资源流
0c7cc6d2df1d63f0,TID_SCENERY_COSMICCURSE,
9d561023816ab9b6,TID_LEAGUE_TIER_11_RANK_3_SHORT,雷龙31
bf05eb5e76c95a80,TID_GOLDEN_SHIELD_TITLE,黄金护盾
d1c35cbd49a23cc1,TID_LEAGUE_TIER_6_RANK_1,女巫联赛18
ba998c4256812e84,TID_TUTORIAL_TH12_1,您的大本营现在可以使用武器反击敌人！
e398df050780b135,TID_WASTELANDS_DECO_COGULATOR_INFO,这台神奇而强大的齿轮装置，能够预知未来并把它打印出来！
b9606214db65b026,TID_LEGENDS_DEFENCE_CC_TEXT,2.设置防守增援
08a68fa62f87bbba,TID_LEGEND_SHIELD_FTUE,传奇护盾可以让您在传奇杯联赛中休息一下！该护盾会在下个联赛日保护您的奖杯。
7640af92646ff077,TID_LEAGUE_TIER_4_RANK_1,法师联赛12
940faa17b2bc1982,TID_STARTERARMY_TH6_GOB_SMASH,6本 - 哥布林海
34223aaf34533561,TID_LEAGUE_SEASON_ENDED_MONTH_7,锦标赛已结束：<year>年7月<day>日
30529c1d1ae2590f,TID_LEAGUE_TIER_9_RANK_3_SHORT,泰坦25
2d7da584a06a3735,TID_LEAGUE_TITLE2,每个联赛赛季历时一个月。在赛季开始时，进攻任意村庄可查看自己的新联赛等级和联赛奖励。
1ab664d1319b6490,TID_HINT LEAGUE_SHUFFLING,排位战锦标赛持续一周，传奇杯联赛锦标赛则持续一个月。
36e41589b8e5b1a6,TID_LEAGUE_TIER_1_RANK_2_SHORT,骷髅兵2
9f20b5f364e28e33,TID_SHOP_MAGIC_SHIELD_7D,一周护盾
aca021f15aa4368d,TID_LEAGUE_TIER_3_RANK_3,弓箭手联赛7
4da66f2321cf5880,TID_SETTINGS_TITLE_CONSENT_CHOICES,权限设置
013d76d543028e9d,TID_2012_CLASHMAS_TREE,2012 Clash圣诞树
e548ee83e64f2051,TID_BATTLE_DETAILS_DESTRUCTION_ATTACK,每次进攻平均摧毁率
72657b1e5f5ed9ce,TID_BATTLE_MODE_INFO_SHIELD_2,村庄遭受进攻后，您可以获得8小时的魔法护盾。
dacca6af95f3f977,TID_CLASHARAMA_WARDEN,Clash-A-Rama守护者
42ac6276f74d2ab9,TID_LEAGUE_TIER_2_RANK_2,野蛮人联赛5
31645e848e988136,TID_LEAGUE_LEADERBOARD_DEMOTION_ZONE_TEXT,降级区
ce23c4eda048d3ff,TID_RANKED_AUTO_SIGNUP_INFO,自动报名参加即将开始的锦标赛。
82b31e7721a78c3e,TID_NEXT_LEAGUE_START_TIME,离下一次锦标赛开始还有：<league_start_time>
ca1d732f1ca28e9a,TID_2014_CLASHMAS_TREE,2014 Clash圣诞树
34223aaf20162061,TID_LEAGUE_SEASON_ENDED_MONTH_6,锦标赛已结束：<year>年6月<day>日
b8674e50a5d2d42e,TID_GP_POP_OFFER1,限定英雄皮肤！
bec0e42a91fd5e9e,TID_2021_CLASHMAS_TREE,2021 Clash圣诞树
b6389cb418f5bb8d,TID_DECO_COSMIC_TELESCOPE,流星观测仪
e6825826cf62d0b1,TID_SHOP_GIFTS_ALLIANCE_GIFTS,#名称？
72d43df58fc4de99,TID_LEAGUE_LEADERBOARD_PROMOTION_ZONE_TEXT,晋级区
008d63005bb51866,TID_PLACEMENT_RD_SHORT,第<value>
6d54eb0e68999ba8,TID_SEASONAL_DEFENCE_INFO_ITEM_2,<cffcc33>选择要升级的属性</c>，制定最佳防御战术！精工防御在升级期间也会防御！
bd12bfa74592def3,TID_HINT_XBOW_AMMO,记得经常登录，让您的十字连弩、投石炮、地狱之塔和天鹰火炮处于激活状态！
a0ed608d71726c10,TID_JOIN_LEAGUE_INFO_TEXT,通过战斗赢取奖杯，提升联赛等级！更高等级的联赛可提供联赛奖励，以及更丰厚的胜利之星奖励！
bf8fbabcc0633381,TID_LEAGUE_LEADERBOARD_ATTACKS_COUNT,进攻：<count>/<total>
1a20720c6ad32162,TID_LEAGUE_TIER_4_RANK_3_SHORT,法师10
c6e0de74dfa28e7f,TID_HINT_SHIELD_LOSE,反击让您有机会夺回损失的资源！
3a1492183198b037,TID_LEAGUE_TIER_2_RANK_2_SHORT,野蛮人5
42406ea3adce61d0,TID_HINT_SHIELD_GAIN_TIME,购买魔法护盾，再也不用担心损失资源啦！
d95ab083de722933,TID_TAB_LEAGUE_HISTORY,联赛历史战绩
1d3613837827739d,TID_LEAGUE_TIER_7_RANK_2,戈仑石人联赛20
aac47ea755a31fe9,TID_LEAGUE_LEADERBOARD_DEFENCES_PERFORMED,防守：
97d830212a1a0597,TID_ACHIEVEMENT_RANKED_3_PROGRESS_3,联赛等级达到飞龙28
076895fc3080b962,TID_LEGEND_MODE_INFO_SHIELD_3,您无法在当前的联赛日直接启用或移除传奇护盾。
474ae0aedc814ad9,TID_BUTTON_RANKED_SIGNUP,立即报名!
0f99478101dc2235,TID_LEAGUE_UNLOCK_TITLE,将大本营升至<level>级以解锁联赛！
78feeddf0ee52e62,TID_HARD_MODE_MINUS_ONE_DESC,防御设施伤害提高14%，防守方英雄伤害和生命值提高14%，进攻方英雄伤害和生命值降低6%。普通装备的等级上限为16级，史诗装备的等级上限为23级。
e0dcbd681ac910d8,TID_LEAGUE_TIER_1,骷髅兵
45a9c61b48276ce7,TID_LEAGUE_INFO_REMEMBER,参与的联赛等级越高，联赛奖励越丰厚！
809dcd898213c8ff,TID_SPECIAL_REENG_TUTORIAL_2,夏日狂欢节开始啦！
a1f5ef13c34320eb,TID_COSMICCURSE_CHAMPION,
b2bade48d526ab37,TID_RANKED_RULES_TITLE,具体规则
584c48b2a413ffb6,TID_LEAGUE_INFO_POPUP_TAB_DEFENSE,防守
f392c5b5465af807,TID_LEAGUE_TIME_UNTIL_NEXT_LL_DAY_TIME,离下个联赛日开始还有：<time>
34223aaffba0f661,TID_LEAGUE_SEASON_ENDED_MONTH_8,锦标赛已结束：<year>年8月<day>日
0090d5db2bb51866,TID_PLACEMENT_ST_SHORT,第<value>
112b1d698be85dd9,TID_LEAGUE_OVERVIEW_TOWN_HALL_REQUIREMENT,将大本营升至<level>级以解锁排位战，赢取更多奖励，为荣耀而战！
0af07789e426ee7c,TID_SPECIAL_REENG_TUTORIAL_3,加入资源加成特训计划，让您的村庄快速进入战斗状态！
a729fabb6c3250c6,TID_BATTLE_MODIFIER_BUTTON_TEXT,属性调整：<name>
8a2f38d3978f8b46,TID_EVENTARMY_TH17_SEPTEMBER_WITCHES,女巫海
cbe0987007eaa4fd,TID_TH_EVENT_METEOR_DISABLED_BUILDING,陨石
d5b0e5818b4d5e9f,TID_2020_CLASHMAS_TREE,2020 Clash圣诞树
80bef02915f87402,TID_SHOP_MAGIC_SHIELD_1D_INFO,在一整天时间里保护您的资源安全！一天魔法护盾可以保护您的资源不被进攻者夺取，持续24小时。如果您购买多个护盾，那么护盾的持续时间会叠加。
a8537b06404836d2,TID_DEFENSE_RANKED_MODE,设置防守阵型
5b0d4aba51e5ed71,TID_PLACEMENT_TH,第<value>名
44cbacf3fe55230d,TID_CYBERPUNK_KING,
5b0fca5952d85c9d,TID_CLASHARAMA_2_WARDEN,伊万守护者
7b9c057c35a66533,TID_COSMICCURSE_DECO_LANTERN_INFO,永恒守护者借助这盏宇宙灯笼在宇宙中搜寻新世界......然后对其降下诅咒！
19ecbc5fc9ea8bd1,TID_RANKED_SIGNUP_JOIN_ONGOING,参加锦标赛
cb01162e55858b08,TID_LEAGUE_INFO_UNRANKED_WARNING,如果您不报名参加下一次锦标赛，您将不会进入联赛！
ec62dedfcbe0dd08,TID_GEAR_INFO_METEOR_WAND,召唤出神秘的陨石，反复轰击最近的防御建筑
982b2bccdc0d2a97,TID_COMM_DECO_EDRAGSKULL,雷龙头骨
eb6ab6bf8e354116,TID_RANKED_MODE_INFO_BATTLE_1,战斗阶段开始后，您可以进行多次攻击。
65544ff55f353f1f,TID_CHARACTER_DEBRIS,
b4e26254df64ccbe,TID_LEAGUE_TIER_9,泰坦
7614660663926af9,TID_LEGEND_MODE_INFO_DEFENSE_1,在进攻界面的阵型菜单中，您可以调整用于下个联赛日防守的阵型和部落城堡援军。
ea8b2bb68ffe5b84,TID_METEOR_GOLEM_INFO,来自宇宙的它们，将加入您的军队！这对热衷投掷的组合，会将自己扔向任何目标，造成近战伤害。当它们分开时，小陨石戈仑会攻击附近目标，或者寻找同伴重新合体变成陨石戈仑！
52f79194ae46a6f6,TID_INFO_CASUAL_MODE,休闲模式信息
47700508b37c1fe9,TID_LEAGUE_TIER_5_RANK_1,瓦基丽武神联赛15
5ec7c29dc4897f61,TID_SHOP_CATEGORY_CHESTS,宝箱
c7abc1f2156f1723,TID_JOIN_LEAGUE_TITLE_INFO,冲击更高联赛，赢取战利品与荣耀！
a138b507d3bec96f,TID_PLACEMENT_THIRD_SHORT,第3
6832b173fc175f2c,TID_BUILDING_GEN_DIRECT_HERO_CONTROL_MAIN_BUILDING,盛放烟花
297d94e4e5654c47,TID_OBSTACLE_EPIC_ORE_STONE,流光陨石
bf4c9ace7b3071ea,TID_ACHIEVEMENT_RANKED_2_PROGRESS_1,联赛等级达到瓦基丽武神15
cf902293be377b1f,TID_SETTINGS_BUTTON_MANAGE_CONSENT,管理
4d71f9b5c05070d4,TID_COSMICCURSE_MINION_PRINCE,
f5e6ae84096d11fc,TID_LEAGUE_RANKINGS_RESULTS_BUTTON,结果
3357a8dc24fe9714,TID_LEAGUE_INFO_LOOT_BONUS3,进入联赛意味着每次胜利都能获得联赛奖励！
142d9a86991935d7,TID_STARTERARMY_TH8_FLY_HIGH,8本 - 飞得更高
5aca13cd1dd66e5e,TID_LEGEND_MODE_INFO_DEMOTION_2,如果您在一周结束前掉到4900杯以下，您仍有机会奋力冲杯留在传奇杯联赛！
34223aaf65476161,TID_LEAGUE_SEASON_ENDED_MONTH_3,锦标赛已结束：<year>年3月<day>日
3ba549683198b037,TID_LEAGUE_TIER_2_RANK_3_SHORT,野蛮人4
93bc9d4da45298d3,TID_SHOP_LEGENDS_SHIELD_2D,两天传奇护盾
f240d5760e1ebcfb,TID_HARD_MODE_MINUS_THREE_DESC_LIST,•<cff4b84ff>防御设施</c>伤害提高7%。\n•<cffff4ba8>防守方英雄</c>伤害和生命值提高7%。\n•<cffff4ba8>进攻方英雄</c>伤害和生命值降低3%。
29d7522a8d3ee237,TID_HINT LOOT_BONUS,想要获得更多战利品吗？加入联赛，每次进攻胜利后可获得联赛奖励。
e812efe0b6fa6177,TID_RANKED_MODE_INFO_TITLE,排位战信息
d5a7fada39432ed2,TID_STARTERARMY_TH6_TANK_AND_TORCH,6本 - 胖法流
3dcb59dc37f51626,TID_LEAGUE_INFO_POPUP_TAB_OVERVIEW,概览
33efb7b3fc250091,TID_BATTLE_MODE_MODIFIER_FRIENDLY_CHALLENGE,应用战斗属性调整？
ae8757055ea07f17,TID_SPECIAL_REENG_TUTORIAL_10,打个招呼吧！
ad1b68ca600a2307,TID_SHIELD_ACTIVE_TEXT,已启用
0291e33c890f638d,TID_ATTACK_LEAGUEGROUP_OUTSIDE_OF_SEASON_BATTLE_TIME_WINDOW,联赛锦标赛尚未开启。
d2be1574be9b6f0f,TID_TOWN_HALL_INFO,\n大本营是村庄的核心。升级大本营，可解锁新的防御、建筑、陷阱和更多内容。\n\n在战斗中摧毁敌军大本营，您将获得一颗星。把大本营建在村庄中心，并在其周围建造城墙、陷阱以及其他防御是最安全的举措。
0ee0cb19ed665528,TID_STARTERARMY_TH9_LAVALOON,9本 - 经典狗球
3bd45ddb15d7c027,TID_CHARACTER_ARTIFICER_INFO,
baf629e4251f575b,TID_BATTLE_MODE_INFO_REVENGE_2,即使是魔法护盾也无法阻止通过反击发动的进攻。
431db906f74d2ab9,TID_LEAGUE_TIER_2_RANK_3,野蛮人联赛4
a0a6291252c0e4fe,TID_LEGEND_MODE_INFO_TITLE,传奇杯联赛信息
a51b77a090e01d0d,TID_BABY_DRAGON_ABILITY_NAME,火冒三丈
4ccd0a225fffebc1,TID_PLACEMENT_THIRD,第3名
16f79d11ad6fa89b,TID_LEGENDS_DEFENCE_LAYOUT_TEXT,1.设置防守阵型
b5b228840660fa8d,TID_CLASHARAMA_QUEEN,Clash-A-Rama女皇
ccc85cd5912a7d82,TID_GOLDEN_SHIELD_INFO1,黄金护盾可以保护您的资源仓库。当您的村庄被其他玩家进攻时，您不会损失任何资源或奖杯。
13f31265af64ccb4,TID_LEAGUE_TIER_4,法师
407e0fe6f74d2ab9,TID_LEAGUE_TIER_2_RANK_1,野蛮人联赛6
8ee3ad4d4edef922,TID_SPECIAL_REENG_TUTORIAL_8,您完全可以把村庄打造成一座健身堡垒！
3b0a25ec1d763e3c,TID_LEAGUE_TIER_10,飞龙
e6c33d9404546fc0,TID_SHIELD_INFO_ITEM1,您的村庄被进攻后可获得持续8小时的魔法护盾，防止再次因被进攻而损失资源。
0e1f4698020fd0e9,TID_RANKED_POPUP_AUTO_SIGNUP_TOGGLE,每次都报名
84102746d1a67111,TID_CHARACTER_ARTIFICER,
72f81f6cbf4cb4ff,TID_STARTERARMY_TH8_WHIRLWIND_ENTRY,8本 - 石法女武神
6faa55f2f3298c79,TID_ARMY_NAME,军队名称
1a4594465aa2ff10,TID_RANKED_LEGEND_RULE_TEXT_1,与世界顶级玩家对决！
ccd4bc6f3d16844f,TID_CHARACTER_DEBRIS_INFO,
4281759e48545720,TID_PLACEMENT_UNPLACED_SHORT,无排名
27e44d72d4f3e43a,TID_SCENERY_CYBERCLASH,
5b62aec3d23c53ca,TID_COSMICCURSE_DECO_LANTERN,宇宙灯笼
653d9ffed0dd27c9,TID_LEAGUE_INFO_LOOT_BONUS_PROMO,在新的联赛中，赢得一场战斗的最大联赛奖励是：
584046d5fae09c77,TID_LEAGUE_TIER_6_RANK_2_SHORT,女巫17
cab8bd72fac085f6,TID_RANKED_RULE_TEXT_1,锦标赛每<duration>开始一次
d40ee0db04525ec4,TID_SHOP_CATEGORY_CONSUMABLES,消耗品
2724461e2c27c02a,TID_LEAGUE_TIER_11_RANK_1,雷龙联赛33
9451fbbb5362c9b6,TID_LEAGUE_TIER_3_RANK_3_SHORT,弓箭手7
b828668d6ea4e405,TID_NEXT_LEAGUE_DAY,下个联赛日
cbd1557d8c52e56d,TID_OBSTACLE_COMMON_ORE_STONE,明耀陨石
1cfd707929c28e98,TID_2016_CLASHMAS_TREE,2016 Clash圣诞树
2eeecdf866fe5660,TID_WAR_TEAM_TAB_DEFENSES,防守
8d0ebe8ef4b557c0,TID_BATTLE_MODE_INFO_REVENGE_3,您进攻的村庄拥有的资源数量，不会少于您被夺走的资源。
d5b0f9d39cd89865,TID_RANKED_MODE_SETUP_DEFENSES_2,您可以往部落城堡里免费添加防御援军，就在这里编辑！
26a10cb1d3522349,TID_GHOST_DEFENSE_INFO,本次防守机会将在锦标赛后段使用，如果没有，则按照您其他防守的平均水平计算。
952c8400d9baf646,TID_LEAGUE_PLACEMENT_UNCHANGED,您的联赛等级保持不变！
2e049975369d292a,TID_GP_POP_MORE,还有更多！
0e4cdc80006b14a8,TID_CLASHARAMA_2_CHAMPION,大雪怪战神
aba4cfcace7d129f,TID_ACHIEVEMENT_RANKED_TITLE_5,联赛大师
53a8dc6c5e30f97c,TID_MODE_TITLE_MINUS_ONE,专家
38c6ff883198b037,TID_LEAGUE_TIER_2_RANK_1_SHORT,野蛮人6
aa1a2c994761cc9f,TID_ACHIEVEMENT_RANKED_TITLE_3,联赛铁粉
75e3ca3ba6f23a1a,TID_LEGEND_MODE_INFO_OVERVIEW_1,传奇杯联赛是顶尖玩家检验自身水平的最佳战场！
8a2f38d395afa946,TID_EVENTARMY_TH15_SEPTEMBER_WITCHES,女巫海
c48966b7b908cdcd,TID_LEAGUE_TIER_5,瓦基丽武神
88721871341d6ffe,TID_STREAK_EVENT_PERK_LEAGUE_BOOST_INFO,连续打卡奖励提供的加成越高，您在联机模式战斗中获得的联赛奖励就越丰厚！
f184bef66307356a,TID_LEAGUE_TIER_7_RANK_2_SHORT,戈仑石人20
19ceb06e051bf7ee,TID_LEAGUE_SIGNUP_TIME,离报名结束还有：
c4e9f58efe3b60c0,TID_REVENGE_BUTTON_LOOT_MULTIPLAYER,<number>倍战利品！
fb5d4aba51e5f61b,TID_PLACEMENT_ST,第<value>名
80808e7d6e362a53,TID_LEAGUE_START_TIME,离锦标赛开始还有：
8a2f38d394bfb846,TID_EVENTARMY_TH14_SEPTEMBER_WITCHES,女巫海
bd21daa93176d96c,TID_METEOR_GOLEM,陨石戈仑
872d7970b9528e94,TID_2019_CLASHMAS_TREE,2019 Clash圣诞树
b2e517b0017bfbe7,TID_MISSING_ATTACK_INFO,进攻和您处于同一联赛的对手，赢取奖杯。
7fe6564a641a833a,TID_SETTING_HIDE_DECO_IN_BATTLE_INFO,装饰和障碍物只会在家乡村庄战斗中被隐藏
f4b70fe05f6950e7,TID_REVENGE_USED,已使用该次反击机会。
6820e77ca49d5e9c,TID_2023_CLASHMAS_TREE,2023 Clash圣诞树
fa1466c3723718aa,TID_SPECIAL_REENG_TUTORIAL_5,就是这样！燃起来吧，首领！
e22a63b089176f52,TID_SCENERY_CLASHARAMA2025,
07c7cf3f09379960,TID_COSMICCURSE_WARDEN,
d14fc88b366bc979,TID_LEAGUE_TIER_5_RANK_2_SHORT,瓦基丽武神14
d1e3116301443ec2,TID_GP_POP_OFFER2,所有花费和时间减少20%！
9dc942c89db7d9ce,TID_RANKED_LOG_CURRENT_LISTING,当前排位战排行榜
e6f780203a3110ed,TID_ACHIEVEMENT_RANKED_5_PROGRESS_2,联赛等级达到雷龙33
de0d01f364e28bf8,TID_SHOP_MAGIC_SHIELD_2D,两天护盾
b73c589d063f9169,TID_LEAGUE_TIER_1_RANK_1,骷髅兵联赛3
c87bd73e336cf783,TID_BUILDING_GEN_TROOP_CAGE,部队营地
b58920809030c67b,TID_RANKED_LEGEND_RULE_TEXT_3,每周低于4900杯的玩家会被降级。
8a2f38d393cfcf46,TID_EVENTARMY_TH13_SEPTEMBER_WITCHES,女巫海
8db6e9b0d41d15be,TID_CLAN_MINIMUM_LEAGUE,联赛最低要求：
75cbc301c09eca28,TID_BATTLE_MODIFIER_1,专家
de20b5f364e28837,TID_SHOP_MAGIC_SHIELD_1D,一天护盾
baa7a0238150a8ec,TID_LEAGUE_TIER_10_RANK_2_SHORT,飞龙29
36c70e1bb915bf25,TID_BATTLE_MODE_INFO_OVERVIEW_3,只要您尚未部署军队，就可以随时返回家乡村庄，不会有任何损失。
54ccf27e849f100c,TID_STAR_BONUS_DESCRIPTION_BLACKSMITH,矿石已运送到铁匠铺。
286b23ae2f6b5566,TID_LEGEND_MODE_INFO_OVERVIEW_3,您每次进攻最多可赢取40个奖杯。
7b2c4e1df6dc8c84,TID_LEGENDS_MATCHMAKING_SOON,即将
a2784bd9422a82d6,TID_RANKED_MODE_INFO_RESULTS_3,锦标赛结束后，您可以报名参加下一次锦标赛。
a531fa815aa4368d,TID_LEAGUE_TIER_3_RANK_2,弓箭手联赛8
0998c9f0084ea486,TID_RANKED_MODE_INFO_BATTLE_3,根据战斗中的表现，您将获得一定数量的奖杯，同时也会保留进攻夺取的资源！
9dcccba7048cfa4d,TID_SHOP_SHIELD_7D,一周魔法护盾
c5288ebe956ff819,TID_LEAGUE_TIER_9_RANK_2,泰坦联赛26
05f89a8d2f3f72d5,TID_REVENGE_COMPLETED,反击已完成
87f2a5528cafb9ba,TID_BUTTON_STATS,数据
64f4463dd7ffc1f1,TID_LEAGUE_TIER_10_RANK_1,飞龙联赛30
261725d964ddca90,TID_SETTING_HIDE_DECO_IN_BATTLE,在对战中隐藏装饰和障碍物
06ab1a045fd7636c,TID_CHARACTER_INFO_TAX_COLLECTOR,收债哥布林贪婪无比，喜欢直奔资源建筑，夺取的战利品数量远超普通哥布林。注意：额外夺取的战利品并非来自防守方，而是由收债哥布林自己变出来的！
fff5632a10df7a2a,TID_BATTLE_MODIFIER_2,大师
5195aaf2c66dba96,TID_STARTERARMY_TH7_GIANT_BLAZE,7本 - 胖弓流
1104c3837826a8ed,TID_LEAGUE_TIER_7_RANK_3,戈仑石人联赛19
a2541c660633f16c,TID_TRAINING_LEVELS_DESCRIPTION,通过尝试不同的进攻战术，磨练战斗技巧！升级大本营即可解锁新的练习关卡。
50a883a7a62b6395,TID_WASTELANDS_QUEEN,
fc18b84864fd26c5,TID_CYBERPUNK_MINION_PRINCE,
a3c0af92646ff075,TID_LEAGUE_TIER_4_RANK_3,法师联赛10
4d7ac718c211e52c,TID_STARTERARMY_TH12_FIRE_IN_THE_SKY_3,12本 - 飞龙球3.0
6fe24a37fdd003b9,TID_RANKED_MODE_INFO_OVERVIEW_1,排位战中的每个联赛都有各自的每周锦标赛。
71f8bc6f7d093737,TID_HINT_SHIELD,太忙了没空玩《部落冲突》？记得购买魔法护盾保护您的资源！
f08280212a201146,TID_ACHIEVEMENT_RANKED_4_PROGRESS_3,联赛等级达到雷龙31
7489ed1baffb596a,TID_LOG_CASUAL_MODE,休闲模式战斗日志
c5fd40f753771ad4,TID_PLACEMENT_SECOND_SHORT,第2
bc9c7c833a388d55,TID_RANKED_POPUP_TITLE_ACTIVE,参加一次锦标赛
a205d5a521d811a8,TID_LEAGUE_INFO_POPUP_TAB_RESULTS,结算
a1a410bb5b6b0087,TID_LEAGUE_INFO_POPUP_TAB_BATTLE,战斗
9052d17979c5bede,TID_ATT_UC_DISAGREE_TEXT,您已在设备的隐私设置中关闭了追踪功能。\n如果要授权追踪，请在系统设置中启用追踪功能并再试一次。
f7fc5ce8b8cef487,TID_MAGIC_SHIELD_FTUE,魔法护盾可以在常规战中保护您的资源不被进攻者夺取。
e74780230a0210ed,TID_ACHIEVEMENT_RANKED_5_PROGRESS_1,联赛等级达到雷龙32
8e3e3d5c281200ff,TID_HINT_PEKKA_TRAP,皮卡超人虽然身披重甲，碰到隐形弹簧也照样要被击退。
5110d21525e5edc7,TID_MODE_SELECT_CASUAL,常规战
9af4d189db35e6a7,TID_LEAGUE_SEASON_ENDED_MONTH_10,锦标赛已结束：<year>年10月<day>日
8a2f38d391efed46,TID_EVENTARMY_TH11_SEPTEMBER_WITCHES,女巫海
b4046d027478d6a5,TID_GP_POP_BP,额外积分
65c35cbd49a23cc2,TID_LEAGUE_TIER_6_RANK_2,女巫联赛17
b9a7410c8b2b1f28,TID_BABY_DRAGON_ABILITY_HELP,飞龙宝宝周围没有其他空中部队时，伤害提升<num>%
7de9f75b0e049312,TID_LEAGUE_INFO_POPUP_TAB_PREPARATION,报名
64d0d663c4fe10d1,TID_RANKED_PENDING_LEAGUE_RESULT,正在计算当前锦标赛结果。
57f17469fc75ddd6,TID_RANKED_MODE_INFO_BATTLE_4,奖杯数决定了您在排行榜上的名次。
d265d0d5c06f3bba,TID_BATTLE_LOG_MISSING_ATTACK,没有发动过进攻。
defe447ff936bfcc,TID_LEAGUE_TIME_LEFT_CURRENT_LL_DAY,离联赛日结束还有：
611324b7efa39953,TID_INFO_LEADERBOARD_BATTLE_DETAILS,战斗详情：<name>
bd9d6c7c0acc8d6b,TID_ATT_UC_ERROR_CONNECTION,无法连接至同意管理平台，请检查您的网络连接后再次尝试。
ec4046d5fae09c74,TID_LEAGUE_TIER_6_RANK_1_SHORT,女巫18
d5c97c1f34903b4e,TID_CLASHARAMA_2_KING,触手蛮王
cfe98466f751723d,TID_LEAGUE_LL_ESTIMATED_SEARCH_TIME_TIME,预计所需时间：<time>
246c1b2287b1241b,TID_STARTERARMY_TH16_ROOT_RAIDERS_2,16本 - 根蔓武神2.0
ead4c1242aab2f33,TID_NEXT_DAY_SHIELD_INACTIVE,想休息一下？购买传奇护盾，跳过下一个联赛日的进攻和防守。
34223aafefe5e361,TID_LEAGUE_SEASON_ENDED_MONTH_9,锦标赛已结束：<year>年9月<day>日
caa105ebdbfb3221,TID_ACHIEVEMENT_RANKED_1_PROGRESS_2,联赛等级达到弓箭手9
d69bcc0d3c1edf6d,TID_HARD_MODE_DESC_LIST,•<cff4b84ff>防御设施</c>伤害提高20%。\n•<cffff4ba8>防守方英雄</c>伤害和生命值提高20%。\n<cffff4ba8>进攻方英雄</c>伤害和生命值降低10%。\n•<cff4ebd59>普通装备</c>的等级降低3级。\n•<cff4ebd59>史诗装备</c>的等级降低6级。
c4f84b2febdf4858,TID_BUTTON_RANKED_SIGNUP_CONFIRM,我要报名
0d3e0427438db965,TID_STARTERARMY_TH4_BARCHER_BLAST,4本 - 黄毛弓箭速攻
a1df56904177291f,TID_BUTTON_LEAGUE_RANKING,联赛等级
0d2fd19c4405ce23,TID_LEAGUE_TIER_8_RANK_3_SHORT,皮卡超人22
6e928254b1ad475f,TID_ATTACK_LEAGUEGROUP_FAIL_GENERIC,无法进攻已进入联赛的村庄！
f13280203a0b01c6,TID_ACHIEVEMENT_RANKED_4_PROGRESS_2,联赛等级达到飞龙30
9b795c7336aaaee0,TID_RANKED_MODE,排位战
c16d4aba51e5e251,TID_PLACEMENT_ND,第<value>名
ac3aafcffe1ed4de,TID_BATTLE_MODE_INFO_OVERVIEW_1,战斗不限次数，可以获取资源、练习战术，以及对进攻者展开反击！
2911014e4cd579e4,TID_RANKED_SIGNUP_PENDING,已报名！
28163c9029de0621,TID_CREATORARMY_TH11_MOOSE_MASSDRAGONS,飞龙流
da17495229459846,TID_RANKED_AUTO_SIGNUP_TOGGLE,自动报名
fee23b482233ed8f,TID_MAGIC_SHIELD_TITLE,魔法护盾
88303ed5990a0e6c,TID_BUILDING_GEN_DEFENCE_TROOP_CAGE,敌方据点
90358a01c53fd453,TID_ACHIEVEMENT_RANKED_TITLE_2,联赛爱好者
09e4ed3a3300a0a8,TID_LEGENDS_SHIELD_2D_INFO,跳过下两个传奇杯联赛日的进攻和防守。暂时脱离紧张的战斗，享受休息时间！
fa135e331cdedd7c,TID_RANKED_MODE_INFO_RESULTS_2,表现优异的玩家会晋级，而表现不佳的玩家会降级，其余玩家则会留在原来的联赛等级。
be14bcc070e26d8c,TID_GOLDEN_SHIELD_INFO3,家乡村庄被进攻后，您可以获得黄金护盾。为了确保资源仓库的安全，您也可以在商店中购买黄金护盾。
d3cffb8b366bc979,TID_LEAGUE_TIER_5_RANK_1_SHORT,瓦基丽武神15
50b293704d657bfa,TID_OBSTACLE_RARE_ORE_STONE,律动陨石
25213e7919c05ebb,TID_CLASHARAMA_2_MINION_PRINCE,熔岩王子
fd8e9add53f323c5,TID_TRAP_DAMAGE_TO_PETS,对战宠伤害：<number>
90f1e57d5cfcd356,TID_RANKED_MODE_INFO_BUTTON_FTUE,点击信息按钮了解详情。
642a6668b2917fc7,TID_STARTERARMY_TH17_MASS_MINERS,17本 - 矿工海2.0
d76e51be41ade6ed,TID_STARTERARMY_TH11_DRAGONS,11本 - 飞龙流
1fd8077b11fe1191,TID_STAR_BONUS_BONUS_TEXT,您当前联赛的胜利之星奖励：
073862dc2fbfa2f6,TID_POPUP_UNDER_ATTACK_LIVE_REPLAY,正在进攻您的村庄！
902d4aba51e5e24a,TID_PLACEMENT_RD,第<value>名
c649871d59e61649,TID_ACTIVE_COLORED,已启用
588f9778025a1c80,TID_WASTELANDS_DECO_COGULATOR,命运打印机
9dcccba7012a7b4d,TID_SHOP_SHIELD_1D,一天魔法护盾
b60e2ab51336e582,TID_LEAGUE_ACTIVE_LAYOUT_SET,当前启用的阵型已更新
83b28a398738dc3a,TID_ATT_UC_DISAGREE_OK_BUTTON,好的
9fcd92dd8bfcd3ff,TID_LEAGUE_HISTORY_STARS_COUNT,胜利之星总数：<total>
e2fe6d1b949d906a,TID_RANKED_MODE_INFO_PREP_4,排位战的防御阵型可以和您村庄的常规阵型不同。
f1e0c8e67e839503,TID_WASTELANDS_KING,
0c4dc3f054b04700,TID_PLACEMENT_SECOND,第2名
b8f5d50768d19dfd,TID_RANKED_MODE_INFO_OVERVIEW_4,查看视频介绍，了解更多详细信息！
d555f63dd7ffc1f2,TID_LEAGUE_TIER_10_RANK_2,飞龙联赛29
ceb89cff0f27f30d,TID_RANKED_MODE_FTUE_1,好消息，首领！您连战连捷的光辉事迹已经传开了。
27e8a2d5a05310d6,TID_LEAGUE_INFO_POPUP_TAB_DEMOTION,降级
70e0720c6ad32163,TID_LEAGUE_TIER_4_RANK_2_SHORT,法师11
d26f60a03ddffe8a,TID_LEGEND_LOW_TROPHY_DISCLAIMER,在本周日结束前升至4900杯以上，可留在当前联赛！
b241b0ec57ee2f25,TID_RANKED_MODE_FTUE_3,这是首领们为荣耀而战的竞技场！
519b570da924ee14,TID_STARTERARMY_TH14_DRAGONS,14本 - 飞龙气球
ec5d78dba3e28e95,TID_2018_CLASHMAS_TREE,2018 Clash圣诞树
273b1edbcf140d67,TID_LEAGUE_BONUS,联赛奖励
ec8c41a821cfb080,TID_STARTERARMY_TH16_ELECTRO_DRAGONS,16本 - 雷电风暴3.0
c7c2e75d95dd2f88,TID_RANKED_MODE_SETUP_DEFENSES_1,首领，战斗很快就会开始。先<c2c84ad>布置好我们的防御。</c>
495c0b0526d0b110,TID_SHIELD_INFO_ITEM3,魔法护盾不会影响排位战和传奇杯联赛战斗，只能在常规战中保护您的资源。
40bd52a66aa80743,TID_RANKED_RULE_TEXT_4,排名前列即可晋级！
bd8cdf20668cc642,TID_STARTERARMY_TH17_ROOT_RIDERS,17本 - 皇室根蔓
088fd19c440678c3,TID_LEAGUE_TIER_8_RANK_1_SHORT,皮卡超人24
8a2f38d392dfde46,TID_EVENTARMY_TH12_SEPTEMBER_WITCHES,女巫海
ac68168e8638ebc5,TID_RANKED_ATTACKS_COMPLETED,进攻已完成！
b68e350d063f9169,TID_LEAGUE_TIER_1_RANK_2,骷髅兵联赛2
583da8c3b3abb523,TID_CYBERPUNK_QUEEN,
f414e3737a26b9aa,TID_SCENERY_CLASHAVERSARY2025,
6f05a638b9027b93,TID_ACHIEVEMENT_RANKED_1_PROGRESS_1,联赛等级达到野蛮人6
660152f96cbe6e15,TID_CYBERPUNK_WARDEN,
fd85f801736f35c7,TID_ATTACK_LEAGUEGROUP_NO_LEAGUEGROUP_ALLOCATED,您尚未被分配到任何联赛小组。
dcd7bbefb3b794b2,TID_POPUP_BREAK_SHIELD_TEXT,确定要移除您的护盾吗？
b927d194d696a1f9,TID_RANKED_ATTACK_BUTTON_LEGEND_SHIELD_ACTIVE,传奇护盾已启用！
c3af7cca21fa8e20,TID_EVENTARMY_TH13_CLASHERAMA_MASS_MINERS,矿工流！
1f5cf144b8558c95,TID_WASTELANDS_MINION_PRINCE,
1b65672e698d757b,TID_RANKED_MODE_INFO_PREP_3,报名后，您可以设置防守阵型和部落城堡援军。
a16d728406128e9b,TID_2015_CLASHMAS_TREE,2015 Clash圣诞树
c8fd04445f978f03,TID_METEOR_GOLEM_SMALL,小陨石戈仑
61d01be5d84e1f71,TID_LEAGUE_LEADERBOARD_TOURNAMENT_END,离锦标赛结束还有：<time>
e82286feac30932f,TID_CLASHARAMA_MINION_PRINCE,Clash-A-Rama王子
785f3bbfe96ed4d4,TID_DECO_COMMUNITY_EAGLEHEAD_INFO,向那座曾经发射爆炸火炮、直击我们内心的传奇防御建筑致敬！你曾是那么的高大耀眼，即使没有羽毛也能吸引众人目光。
874a84ee7489e8d1,TID_RANKED_TOURNAMENT_END_TITLE,锦标赛已结束
44c3e6b6168808db,TID_BUTTON_LEAGUE_OVERVIEW,联赛概况
897e0e2a91a93373,TID_LEAGUE_RESULTS_TITLE,锦标赛结果
44c89b7508c4b20b,TID_LEGEND_MODE_INFO_SHIELD_1,如果想要休息一下，可在商店中购买传奇护盾，暂时不进行进攻和防守。
9b2beca7aee44784,TID_LEADERBOARD_TOP_PERCENTAGE_TITLE,前
129bd0e2750ef8b1,TID_PLACEMENT_UNPLACED,无排名
66e278827b1b71b6,TID_LEAGUE_INFO_POPUP_TAB_REVENGE,反击
d578d3f99ec6ce7f,TID_LEGEND_MODE_INFO_SHIELD_2,传奇护盾将在下个联赛日生效。
68b5cc6ca0624504,TID_REVENGE_LOOT_MULTIPLIER,<number>倍战利品！
601e6dba519068bf,TID_REGION_CHAD,乍得
64bd5229d23ba53c,TID_DECO_LNY_HORSESHOE,幸运马蹄铁
de1e9f1dcb5758e0,TID_REGION_LITHUANIA,立陶宛
3c6cad689203d04d,TID_REGION_MICRONESIA,密克罗尼西亚
31de97fd6897fb67,TID_GUARDIAN_FEATURE,守卫
3eda542e5061d8b0,TID_REGION_TOGO,多哥
1aae7f57431132e0,TID_REGION_HEARD_MCDONALD_ISLANDS,赫德和麦克唐纳群岛
c4219c7c5b5d6ecb,TID_REGION_SOUTH_KOREA,韩国
edadf5d238986a31,TID_OBSTACLE_RARE_ORE_STONE,璀璨矿石陨石
03cdb3b833dd504a,TID_RANKED_MODE_DEMOTION_ALERT_INFO,请在<c7a34f7>下一次锦标赛开始前</c>完成报名，以避免降级。
9f732cf277ad0df4,TID_REGION_ITALY,意大利
2990a41812649707,TID_OBSTACLE_FROZEN_STONE,冰封石头
53ee7d279984fecd,TID_REGION_NORTH_KOREA,朝鲜
cf64cc4d507043dd,TID_GUARDIANS_INFO_SCREEN_ITEM_2,选择并升级守卫，您可以<cffcc33>随时切换他们</c>。
e7b26399a76fb9b8,TID_REGION_TONGA,汤加
f2efffcd1af5d503,TID_INFERNO_GUARDIAN_INFO,动动脑子！远袭者能从颅骨发射远程爆炸弩箭，让入侵者满满当当地尝到溅射伤害的滋味。
d1d366e82ddf547f,TID_SCENERY_CYBERCLASH,赛博之城
102267889590ba45,TID_MELEE_AREA_GUARDIAN_INFO,这位重型守卫会对地面和空中部队造成溅射伤害。粉碎者是个输不起的暴躁角色——如果大本营被摧毁，他就会勃然大怒；如果他自己被击倒，他也会留下愤怒的余威。
4317ff6729557100,TID_REGION_SERBIA,塞尔维亚
27d4e1afc17bf92c,TID_GIGA_INFERNO_GUARDIAN,
9d01877ee50dd846,TID_REGION_UZBEKISTAN,乌兹别克斯坦
ee8adcc826c202f5,TID_REGION_MAURITANIA,毛里塔尼亚
b07dfabc9879e822,TID_SPOOKY2022_SCENERY,惊魂诡境
3a3329122f142120,TID_REGION_SAN_MARINO,圣马力诺
faebdbe3755017ab,TID_GUARDIANS_INFO_SCREEN_ITEM_1,<cffcc33>守卫会在村庄遭受进攻时进行防守</c>，每个守卫都有自己独特的防守方式。
533b533e378b2c7b,TID_REGION_KENYA,肯尼亚
346f3b2e8228317c,TID_REGION_CZECH_REPUBLIC,捷克共和国
4201abc997e2116f,TID_REGION_COLOMBIA,哥伦比亚
a82e78ebe786e276,TID_REGION_BRITISH_VIRGIN_ISLANDS,英属维尔京群岛
196d19ac7af75922,TID_COSMICCURSE_QUEEN,弓箭猎手
e237f5cc46e068b1,TID_REGION_IRAN,伊朗
f434e8fd959ee2dc,TID_REGION_LUXEMBOURG,卢森堡
e502db96e73ea3d1,TID_REGION_MEXICO,墨西哥
be767282b2c6a74f,TID_REGION_BOUVET_ISLAND,布维岛
4ddfba770c58b8cd,TID_REGION_SOLOMON_ISLANDS,所罗门群岛
3dde042881a7e26d,TID_REGION_TAJIKISTAN,塔吉克斯坦
f87db7419ec5a41e,TID_SCENERY_WAR_RUINED,战争废墟
bdc0acb0bcbb309d,TID_REGION_ECUADOR,厄瓜多尔
2f9e0721aa382804,TID_CHARACTER_ARTIFICER_INFO_SHORT,
6f7d707f446fe271,TID_REGION_BOLIVIA,玻利维亚
eb0f896a974c7ae5,TID_REGION_ASCENSION_ISLAND,阿森松岛
356fa44c585b5402,TID_EVENT_DECO_FLEX_AXE_INFO,亮出坚实的钢铁肱二头肌，让对手望而生畏！
31f9973a7a8bf0e6,TID_REGION_BERMUDA,百慕大群岛
10dc4d7bc643c6c0,TID_OBSTACLE_COMMON_ORE_STONE,闪亮矿石陨石
d161c45c8f114163,TID_REGION_GERMANY,德国
99d0af250107871b,TID_SCENERY_CLASHAVERSARY2025,13周年庆典
e5e4624eb33099ac,TID_REGION_AZERBAIJAN,阿塞拜疆
c71ec17c30e916c9,TID_COSMICCURSE_MINION_PRINCE,梦魇王子
c8b6654e54a2b46e,TID_REGION_ARUBA,阿鲁巴岛
093b5331bdf3f20b,TID_REGION_SAMOA,萨摩亚
99ac96ee5342b8be,TID_REGION_NIUE,纽埃
b12758f268950e9e,TID_REGION_IRELAND,爱尔兰
c13b9b56fc3eb784,TID_REGION_KYRGYZSTAN,吉尔吉斯斯坦
e02b33875220271e,TID_REGION_BANGLADESH,孟加拉国
5bd86d42ae83f5b4,TID_REGION_VATICAN_CITY,梵蒂冈城
3335152d1dafb9b5,TID_REGION_HAITI,海地
f4f271d7d70ca779,TID_REGION_CROATIA,克罗地亚
a769036803047ad8,TID_CYBERPUNK_MINION_PRINCE,发明家王子
7dfd256c65e095b1,TID_REGION_KUWAIT,科威特
774aa93ffdbb2d93,TID_REGION_COMOROS,科摩罗
d139fb2fb73d38c4,TID_TOWN_HALL_18_INFO_SHORT,一座陨石风大本营。
5995103c1341c50f,TID_REGION_EUROPE,欧洲
64fb76a4cfaae791,TID_REGION_CAYMAN_ISLANDS,开曼群岛
084988e6d138fe57,TID_TROOPS_NOT_ALLOWED_TOOLTIP,请将您军队中的<cffcd443d>限时兵种替换掉</c>。
39bfae5eecd8868d,TID_REGION_EL_SALVADOR,萨尔瓦多
741919a5d8c342d6,TID_REGION_UKRAINE,乌克兰
844d031cfce25604,TID_REGION_ALGERIA,阿尔及利亚
b3203207ffaa939d,TID_REGION_MALAYSIA,马来西亚
d13e06acbee3bd5a,TID_BATTLE_MODE_INFO_OVERVIEW_3,在常规战中不会损失奖杯，尽情享受吧！
111037e219ce5ac0,TID_TH18_UPGRADE_CUTSCENE_3,哇！刚才真是......惊心动魄。不过我们的村庄挺过来了。
464f018b57d1d8b3,TID_REGION_GUAM,关岛
2cbf721319652466,TID_GEAR_INFO_STICK_HORSE,部署后可直接跃过城墙，同时移动速度与攻击速度加快。
305157449d7e7500,TID_REGION_SWEDEN,瑞典
d2e0845bc9b4360f,TID_SHOP_ITEM_TYPE_VFX,视觉特效
fa0d8e0a95ec5509,TID_REGION_AFRICA,非洲
97600fca3655404a,TID_REGION_LATVIA,拉脱维亚
24e792bb82be7ef5,TID_REGION_NICARAGUA,尼加拉瓜
87b0948d17eba940,TID_METEORITE_BUILDER_SKIN,陨石建筑工人
1e84ab095e1799b1,TID_REGION_BENIN,贝宁
f40dd5a2fc5c1198,TID_TOTEM_SPELL_INFO_SHORT,用坚固的图腾吸引防御火力。
ff2756df8d24584b,TID_REVENGE_TOWER_ABILITY_INFO,当被摧毁建筑数量达到<num>、<num2>和<num3>座时，它将愈发愤怒，且战力节节攀升
74c6df02e9ba7bab,TID_REGION_PHILIPPINES,菲律宾
e696ab0e829ecbbd,TID_EDIT_MODE_BLOCKED_COPY_GUARDIAN,复制阵型中的守卫不可用，请选择其他守卫。
d579c067257855e8,TID_REGION_LEBANON,黎巴嫩
07692afe49cedf52,TID_MERGED_WIZARD_TOWER_INFO,超级法师的首次攻击最多可电击附近15个敌人，被闪电链命中的目标受到的伤害更低。
267d272143137500,TID_REGION_JORDAN,约旦
b9817b31aa97464b,TID_SHOP_MAGIC_SHIELD_7D,一周魔法护盾
87b55f51372fc40a,TID_REGION_MALAWI,马拉维
0381e7a11221af68,TID_REGION_ZAMBIA,赞比亚
cbab2cdcdab05c91,TID_REGION_UGANDA,乌干达
3d2396e4e3d7c171,TID_REGION_SAINT_BARTH_LEMY,圣巴托洛缪岛
19a5f32526576e8e,TID_REGION_PALESTINE,巴勒斯坦
b6f0f0b4bf1e7aec,TID_SUPERCHARGE_DECOS_INFO,为任意装饰或使用了移位任意铲的障碍物永久添加充能视觉特效。选择此物品即可突出显示村庄中所有符合条件的目标。
5638ca50a56716d9,TID_REGION_NORTH_AMERICA,北美洲
92213d6d652d5883,TID_REGION_PANAMA,巴拿马
ed7054b2c96b784e,TID_REGION_AMERICAN_SAMOA,美属萨摩亚
49cddb9dbf9cf4ec,TID_REGION_MONACO,摩纳哥
668ecae4318105c8,TID_REGION_MACAU,中国澳门
05500c268537c427,TID_RANKED_MODE_DEMOTION_ALERT,降级警告
2e3fe339f10ecd0c,TID_REGION_MALTA,马耳他
3fd9f2d14ba2af0f,TID_REGION_SAINT_MARTIN,圣马丁岛
bd471e34ad683bf3,TID_FROSTAGE_CHAMPION,探险家战神
bea96c1c5d44451b,TID_REGION_SOUTH_SUDAN,南苏丹
8d5c5adce6d98b1f,TID_MODE_TITLE_MINUS_THREE,专家
1a553aff434068b8,TID_REGION_ASIA,亚洲
1cacfa6d45c9f0fe,TID_SELECT_TARGET_FOR_THE_EFFEFCT,选择要添加特效的装饰
743e5254936e09a5,TID_REGION_NAURU,瑙鲁
fe84d740fe8ac826,TID_REGION_COOK_ISLANDS,库克群岛
9839df6cbe7ba78c,TID_ONLY_STASHED_DECOS_FOR_CHARGE_EFFECT,所有可添加充能特效的装饰均已被存放！
be8cb038e82cbd1d,TID_REGION_MOLDOVA,摩尔多瓦
2a3cb0d44fee47a1,TID_REGION_NAMIBIA,纳米比亚
62d0cd24b9f289d7,TID_SPELLS_NOT_ALLOWED_TOOLTIP,请将您军队中的<cffcd443d>限时法术替换掉</c>。
fc9aba0bfff41d41,TID_SEASONAL_DEFENSE_BUILDING_RESET_TEXT,当前精制阶段已结束，精制台已重置。为下个精制阶段做准备吧！
96410e7945c4c48a,TID_TRAINING_BATTLE_MODE_WAR,部落对战
2796fa9837bc576a,TID_REVENGE_TOWER_ABILITY,恼羞成怒
421cc0840c906cd9,TID_REGION_NEW_ZEALAND,新西兰
fd330e5c105cd9b8,TID_REGION_CHINA,中国
f558b2848f45974d,TID_BUILDING_SUN_BEAM_INFO,太亮了，就算眯起眼睛也没用！圣光灯塔的射程极远，但光束的亮度会随距离递减。目标离得越近，承受的伤害越高。
6eae18a88709150f,TID_REGION_GREECE,希腊
177c9d99c9733546,TID_REGION_BELIZE,伯利兹城
bfa78e3c75626a09,TID_REGION_SAINT_LUCIA,圣露西亚岛
f6a688ad99ae65e4,TID_SUPERDECO_WOLF_STATUE_INFO,这条猎犬饥饿难耐，就想整点滚烫的！
faf38854be5e18fd,TID_REGION_ISRAEL,以色列
7a242927cf125724,TID_REGION_NORFOLK_ISLAND,诺福克岛
685271a53eb6e8e5,TID_REGION_BRITISH_INDIAN_OCEAN_TERRITORY,英属印度洋领地
0fba53f016546513,TID_SEASONAL_DEFENCE_SEASON_2_TITLE,精制阶段
73788cac99a49948,TID_REGION_CENTRAL_AFRICAN_REPUBLIC,中非共和国
5f4012a6ae557651,TID_REGION_U_S_VIRGIN_ISLANDS,美属维尔京群岛
b9d8e8229b91e6f6,TID_REGION_BAHAMAS,巴哈马群岛
d73c88207c3c8528,TID_REGION_ROMANIA,罗马尼亚
a116f65bb8381b33,TID_ASSASSINS_GUARDIAN,
b78d28f3bb57bc65,TID_SEASONAL_DEFENSE_REFUND,对于您未完成的升级，其花费的资源已返还。
243838825b2ee3b1,TID_REGION_C_TE_D_IVOIRE,科特迪瓦
c39a3fe183a3dad0,TID_AURA_HITPOINTS_INCREASE_DEFENDING_HEROS,防守方英雄生命值：<number>%
3a27660208e5cc46,TID_REGION_IRAQ,伊拉克
8a7f3a56ee170640,TID_REGION_WESTERN_SAHARA,西撒哈拉
c8fed5dab2af8782,TID_REGION_HONG_KONG,中国香港
aa5ec19674789ef5,TID_BUILDING_SUN_BEAM_INFO_SHORT,照射近处和远方的敌人。
f3f3063bd0aa1ff1,TID_SHOP_ITEM_TYPE_BUILDER_SKIN,建筑工人皮肤
1b8bd3b1ee6224e6,TID_REGION_ZIMBABWE,津巴布韦
713fd9cb2ca82ce5,TID_PRESTIGE_DECO_CRAFTED_DEFENCES_INFO,建筑工人亲手打造，以致敬精工防御。用这件精美的装饰彰显您的专注与热情。
0a608f21620a056a,TID_SEASONAL_DEFENCE_SEASON_2_DESCRIPTION,首领，新的零件已送达！趁着它们还能用，赶快建造并升级精工防御吧！
7c1f24056f595967,TID_GARG2_ABILITY_HELP,前<num>次攻击速度更快，距离更远，可造成<num2>伤害。
37acd30e90a7c499,TID_REGION_MADAGASCAR,马达加斯加
ebb6cb478e714972,TID_MODE_TITLE_MINUS_TWO,大师
ab861d3eb9d91b61,TID_BUILDING_BOMB_SPAWNER_INFO_SHORT,炸弹......到处都是炸弹！
0f0ed581462a788d,TID_REGION_FRENCH_POLYNESIA,法属玻里尼西亚
7aee22baa7bfab51,TID_REGION_R_UNION,留尼旺
75153bddb2b5c180,TID_WASTELANDS_MINION_PRINCE,重甲王子
6e4da517ac972a29,TID_REGION_MALDIVES,马尔代夫
9d5df5a6f989c583,TID_SHOP_PRESTIGE_TAB_DESCRIPTION,每次精工防御升级可获取<num1>块<resource>，每次超级充能可获取<num2>块<resource>。
d3cacfe3cb4bb4f3,TID_REGION_BULGARIA,保加利亚
c1ac5dbeb1ad41b1,TID_CYBERPUNK_QUEEN,叛逆女皇
343abce40f8799b1,TID_REGION_SUDAN,苏丹
cb3a2e085a2e63fa,TID_GUARDIAN_MENU_SELECT_UPGRADING,升级期间无法参加防守。
9897957a23cacc31,TID_REGION_VENEZUELA,委内瑞拉
8ab46fc6dbe2eaa7,TID_REGION_UNITED_ARAB_EMIRATES,阿联酋
a60437f8861c8de4,TID_REVIVER_GUARDIAN,
507bdcb8a7e91142,TID_SHOP_PRESTIGE,珍品商店
5660de4337efb9be,TID_REGION_CHILE,智利
216840ef3ce73ebc,TID_REGION_CAMBODIA,柬埔寨
d18e57c52ad9245a,TID_REGION_SOMALIA,索马里
0eaceffc2987f680,TID_PRESTIGE_DECO_CRAFTED_DEFENCES,精工雕像
1401b4e1d539aa21,TID_REGION_GUATEMALA,危地马拉
064d4ad0512f7ef1,TID_REGION_ANTARCTICA,南极洲
b50392369fe4fa55,TID_REGION_ANGUILLA,安圭拉岛
347ad9a68b1f26b3,TID_REGION_CONGO_REPUBLIC,刚果共和国
f8384a5922b5577b,TID_REGION_FAROE_ISLANDS,法罗群岛
69bd0b6e047feec1,TID_REGION_SAINT_HELENA,圣赫勒拿
2a1a1e92dae526aa,TID_SEASONAL_DEFENSE_BUILDING_RESET_TITLE,精工防御阶段已结束！
b9010d29ce29d37c,TID_RANKED_LOG_CURRENT_LISTING,当前排位战排名
df425305aa2ac30e,TID_REGION_LIBYA,利比亚
b11cc2cad5afa149,TID_REGION_HUNGARY,匈牙利
bdd60efe1de0f485,TID_SKIP_VIDEO_TEXT,跳过视频？
049c484288ce763b,TID_SEASONAL_DEFENSE_SLOWDOWN_TOWER_MODULE_HP,
9c24487932b2b8a5,TID_REGION_PERU,秘鲁
c0351f4f34282d7e,TID_REGION_SEYCHELLES,塞舌尔
a6f28d688b6caf4c,TID_REGION_ESTONIA,爱沙尼亚
322a456d59881ae8,TID_COSMICCURSE_SCENERY,宇宙奇境
87f235c6e062e2b2,TID_SEASONAL_DEFENSE_SLOWDOWN_TOWER_MODULE_EFFECT,
f673e7f25fe98780,TID_ARMY_DISCLAIMER_MISSING_EVENT_TROOPS_WAR,注意！限时兵种无法在部落对战中使用。
8e38ca50a0675302,TID_REGION_SOUTH_AMERICA,南美洲
79c0e12f6f7f6fce,TID_MELEE_AREA_GUARDIAN_ABILITY_INFO,大本营被摧毁时会勃然大怒，且在被击倒后留下愤怒的余威
bcd097fcfcc92478,TID_REGION_CEUTA_AND_MELILLA,休达和梅利利亚
e2ee6aecb6ec42cf,TID_REGION_CONGO_DRC,刚果民主共和国
db7b4178062a98b1,TID_REGION_OMAN,阿曼
32dcacbc2fb2a073,TID_REGION_ANDORRA,安道尔
c858b805c80e60a0,TID_NOT_ENOUGH_PRESTIGE_RESOURCE,无法购买该物品
d62b0cd532786dba,TID_REGION_CARIBBEAN_NETHERLANDS,荷兰加勒比区
eed923940c4e25b7,TID_INFERNO_GUARDIAN_INFO_SHORT,满脑子的爆炸性想法。
ecf40361618783b2,TID_REGION_GUERNSEY,根西岛
446563d84d41383b,TID_MERGED_WIZARD_TOWER_INFO_SHORT,高大、威严且神秘。
26e7608c29f4eaa5,TID_CYBERPUNK_WARDEN,博士守护者
eb9e8d52450ab943,TID_GEAR_TITLE_STICK_HORSE,木棍马驹
a7625830f4914b87,TID_REGION_KIRIBATI,基里巴斯
ee9e3c6614dc3edf,TID_REGION_SINGAPORE,新加坡
1117b70114a83ad0,TID_STARTERARMY_TH18_METEOR_GOLEMS,陨石大混乱
df9dd72bf2bfb705,TID_SUPERDECO_FIRE_HORSE_INFO,一匹高贵的战马，浑身燃烧着力量与渴望，其所至之处，必引燃全场！
da63c1fd5078dfba,TID_REGION_BOTSWANA,博茨瓦纳
c07fb6eedcaa1546,TID_REGION_GREENLAND,格陵兰
de6053c329745ef7,TID_INFERNO_GUARDIAN_ABILITY,致命一击
debe2cd16492a6cc,TID_REGION_RWANDA,卢旺达
399cecbc9cfedd87,TID_FROSTAGE_MINION_PRINCE,冰霜王子
4a6c52e8ba3c068e,TID_REGION_SURINAME,苏里南
31ad3775fa616c2b,TID_REGION_CAMEROON,喀麦隆
34c6e2a5c159a500,TID_REGION_BHUTAN,不丹
44babf122ea2cc04,TID_REGION_SENEGAL,塞内加尔
61b0fcc5a9a46820,TID_REGION_PAKISTAN,巴基斯坦
950aaac4625b175c,TID_CYBERPUNK_KING,叛逆蛮王
786d6e9230ab28a0,TID_REGION_LAOS,老挝
97994b03c7ac050f,TID_REGION_FRENCH_SOUTHERN_TERRITORIES,法属南半球领地
44e035fb631ae3e8,TID_REGION_EQUATORIAL_GUINEA,赤道几内亚
e369dcccb0cc73ba,TID_INFERNO_GUARDIAN,远袭者
7b4b31e4676fa093,TID_REGION_CAPE_VERDE,佛得角
b6320d1193d0c50e,TID_REGION_POLAND,波兰
d0bb11ab9b23ab37,TID_DECO_KUMQUAT_TREE,金桔树
3cea1588f5d0612a,TID_GUARDIANS_INFO_SCREEN_TITLE,守卫
9bcb38467533058b,TID_SEASONAL_DEFENSE_BUILDING_REMOVED_TEXT,新的精制阶段已开始！该阶段仅对大本营达到满级的玩家开放。\n精制台已被移除。
ced54158e63abe02,TID_STUN_TIME,击晕/瘫痪时间：<number>秒
420e32c6588a0a12,TID_REGION_URUGUAY,乌拉圭
8a467ab66d80b384,TID_GUARDIANS_MENU_TITLE,守卫
97d35c9dd782f620,TID_REGION_JAMAICA,牙买加
bbce68e887fc8926,TID_REGION_NIGERIA,尼日利亚
80f2a1c1a77aaff0,TID_REGION_SWAZILAND,斯威士兰
0cb05eb012c4f623,TID_REGION_MONTENEGRO,黑山
8099dd70b2519dc3,TID_SEASONAL_DEFENSE_HERO_BOOSTER_MODULE_ATTACK,
916145f45c662a6e,TID_REGION_AUSTRALIA,澳大利亚
29984017d9e34108,TID_POPUP_ADD_CHARGE_EFFECT,花费<cost><resource>使<item>立即获得永久充能特效。
bdfe48d4a22e1df8,TID_GUARDIAN_FEATURE_DESC,这些神秘战士从陨石中诞生，如英雄般守卫着您的村庄！
d09297771eae2592,TID_REGION_PORTUGAL,葡萄牙
41ade1b8584b0586,TID_SUPERDECO_WOLF_STATUE,饥饿猎犬
bc5b18eb580a38c3,TID_DECO_SMOKY_STOVE_INFO,既能暖手，也能锻造史诗武器。
e4787f0857dae5e4,TID_REGION_MAYOTTE,马约特岛
e28697bf4ad99270,TID_REGION_DOMINICA,多米尼加岛
f39467efb64bbcbe,TID_REGION_NETHERLANDS,荷兰
3bd86d5ff68cb5dc,TID_REGION_GUYANA,圭亚那
bd632739026d2034,TID_GET_SKIN_FROM_PRESTIGE_SHOP,通过珍品商店获取这款皮肤
95a5b6e765d6373e,TID_REGION_LIECHTENSTEIN,列支敦斯登
a7b97a2be8346350,TID_WASTELANDS_CHAMPION,游牧战神
e7bb24eb5f21a2c2,TID_REGION_TIMOR_LESTE,东帝汶
b9b9a3ea4054b247,TID_REGION_LESOTHO,莱索托
d83b4442f3386e76,TID_REGION_DOMINICAN_REPUBLIC,多米尼加共和国
1c42fa08f7351621,TID_REGION_TRINIDAD_AND_TOBAGO,特立黎达和多巴哥
2b3c1530a39b3851,TID_REGION_TOKELAU,托克劳群岛
0009929c8a440e6e,TID_GEAR_INFO_FROST_CHARM,向距离最近的防御建筑投掷冰晶，将其冻住。
7fe12a31ba15d5cf,TID_REGION_UNITED_STATES,美国
87e0a5c0381a8472,TID_SEASONAL_DEFENSE_SLOWDOWN_TOWER_MODULE_ATTACK,
6a818ed2d710d760,TID_ARMY_DISCLAIMER_MISSING_EVENT_TROOPS,注意！限时兵种和法术无法在排位战中使用。
0416e29d05eb199c,TID_FROSTAGE_WARDEN,术士守护者
9890c1de0dc47a97,TID_REGION_COSTA_RICA,哥斯达黎加
7ef847f4eb4a3dd8,TID_GUARDIAN_MENU_STATUS_DEFENDING,守卫中！
8dbeee5e5b891ad2,TID_MELEE_AREA_GUARDIAN,粉碎者
74c7008258539bd3,TID_RANKED_MODE_INFO_RESULTS_4,您可以休息一周并留在当前联赛等级，但请务必报名参加下一次锦标赛，以避免降级。
b03488670ea67f3f,TID_CHOOSE_BATTLE_MODE,战斗
0acd4a0be2822a83,TID_BUTTON_ADD_EFFECT,添加特效
02d575e829a447b9,TID_REGION_THAILAND,泰国
8ccc92969c4d69a4,TID_REGION_EGYPT,埃及
808b4d766a29fb03,TID_SEASONAL_DEFENSE_HERO_BOOSTER_MODULE_EFFECT,
6dc8e7b4ab2a5f38,TID_REGION_GUINEA,几内亚
0f6cbcc1f4bfe1d4,TID_REGION_NEPAL,尼泊尔
ca1f67dab1c581d2,TID_REGION_NORTH_MACEDONIA,北马其顿
28872db0131e2384,TID_LEGEND_ATTACK_CONFIRM_INFO,在使用剩余进攻机会前，请确保您已做好准备！
a097691038b2622e,TID_BUILDING_MERGED_WIZARD_TOWER,超级法师塔
b0a15ee3fe813077,TID_REGION_LAND_ISLANDS,奥兰群岛
bc51311285de1598,TID_REGION_MOROCCO,摩洛哥
d48ab7c3fd54d011,TID_CYBERPUNK_CHAMPION,警官战神
c0b96dda3242a558,TID_TH18_UPGRADE_CUTSCENE_4,那块石头散发着奇异的能量，也许建筑工人能用上。
8ff250545dae31a4,TID_REGION_BAHRAIN,巴林岛
c5c8a1dda9e84062,TID_REGION_SRI_LANKA,斯里兰卡
251174e39e80a267,TID_EAGLE_GUARDIAN,
72f5ab35ad04324a,TID_REGION_SVALBARD_AND_JAN_MAYEN,斯瓦尔巴和扬马延
118c5f07e706cb57,TID_REGION_DIEGO_GARCIA,迪戈加西亚岛
4f3e791b781d7f8b,TID_REGION_SAINT_PIERRE_AND_MIQUELON,圣皮埃尔和密克隆群岛
51608854f6b2a47e,TID_REGION_VIETNAM,越南
f7651aa6e7b25791,TID_REGION_U_S_OUTLYING_ISLANDS,美国本土外岛屿
3d340d56a55b8e0d,TID_LEAGUE_START_TIME,离开始还有：
602d0000966fc924,TID_REGION_GRENADA,格林纳达
9c11674cdc826850,TID_REGION_CURA_AO,库拉索岛
1f5608a86d98c06a,TID_ARMY_DISCLAIMER_MISSING_SUPER_TROOPS,注意！请启用或移除军队配置中的超级兵种。
049c5f85d08a57de,TID_REGION_FALKLAND_ISLANDS,福克兰群岛
bbe779e1643acb7d,TID_SCENERY_CLASHARAMA2025,Clash-A-Rama
b9817b31af31c74b,TID_SHOP_MAGIC_SHIELD_1D,一天魔法护盾
2472285054303f15,TID_SUPERDECO_MYSTICAL_LAMP,许愿灯
f0910a2494629eac,TID_GUARDIAN_MENU_STATUS_UPGRADING,升级中 - 无法防守！
47a4d05bb91ec50f,TID_REGION_FRANCE,法国
753c21750534d3a3,TID_REGION_BELGIUM,比利时
a6557ccc3c37ad4b,TID_WASTELANDS_WARDEN,萨满守护者
db4369b261165699,TID_REGION_SLOVAKIA,斯洛伐克
966ca534c9cc2ca0,TID_REGION_QATAR,卡塔尔
27368a86d4c8e2d0,TID_COSMICCURSE_WARDEN,永恒守护者
2f45979ec8d4d1b6,TID_TIME_SOON,即将
ac4186864b7774a8,TID_REGION_GIBRALTAR,直布罗陀
c44253362c7c76a9,TID_REGION_SYRIA,叙利亚
c3d15ae81f8f76de,TID_REGION_UNITED_KINGDOM,英国
8743859226e225fa,TID_REGION_CHRISTMAS_ISLAND,圣诞岛
63d8e9b24887e5b6,TID_REGION_LIBERIA,利比里亚
480f1df76531b094,TID_REGION_SAINT_KITTS_AND_NEVIS,圣基茨和尼维斯
6c39b329d130050e,TID_OBSTACLE_XMAS_TREE_2025,2025 Clash圣诞树
875f721678f1172f,TID_REGION_SINT_MAARTEN,荷属圣马丁
bffa4027f8eb8ac5,TID_BUILDING_SLOWDOWN_TOWER,
605e0bbdec2c2a40,TID_BUILDING_SLOWDOWN_TOWER_INFO,
e7c77e2a9e0308b5,TID_REGION_FIJI,斐济
53c9ebf93e1098fc,TID_REGION_PAPUA_NEW_GUINEA,巴布新几内亚
ef81c0db682d69b8,TID_REGION_INDIA,印度
7a2b2d53294e226c,TID_REGION_NORTHERN_MARIANA_ISLANDS,北马里亚纳群岛
28af8350cd9973c1,TID_GEAR_FROST_CHARM,冷冽冰晶
ebf1e77f06b28f1f,TID_REGION_TUVALU,图瓦卢
7177b55a6b191509,TID_BUILDING_HERO_BOOSTER,英雄警钟
e31d367bfa9a98b5,TID_REGION_MALI,马里
846a7f0fc6b33e7b,TID_REGION_DENMARK,丹麦
b8e308e72833e077,TID_REGION_MARSHALL_ISLANDS,马绍尔群岛
968a785f65c41dbd,TID_REGION_JERSEY,泽西岛
5b378895b5c5e774,TID_REGION_SIERRA_LEONE,塞拉利昂
4282e51697e6f472,TID_REGION_FINLAND,芬兰
5ae76997d4b10926,TID_REGION_T_RKIYE,土耳其
eee6da752ad664d6,TID_COSMICCURSE_CHAMPION,秘咒战神
71c180b85a1ebe63,TID_REGION_MOZAMBIQUE,莫桑比克
3e497ffff7549b3e,TID_SUPERDECO_FIRE_HORSE,烈焰战马
76922e77ccb17422,TID_REGION_MAURITIUS,毛里求斯
255319ec1eef3ac3,TID_GUARDIANS_MENU_SELECTION_NONE_INFO,未选择守卫。请从以下守卫中选择一个，在村庄遭受进攻时替您防守！
c6e9223d59acb057,TID_REGION_ARMENIA,亚美尼亚
522dcf1094e9a383,TID_REGION_MONGOLIA,蒙古
161774804931d8b8,TID_REGION_CUBA,古巴
c6c20e135a669e99,TID_REGION_VANUATU,瓦努阿图
018d365e9549754d,TID_TOTEM_SPELL_INFO,嘿，看那边！施放图腾法术吸引地面和空中防御的火力。附近的敌人会优先攻击图腾，从而减轻其他友方部队的压力。图腾由高密度的宇宙巨石锻造而成，落地时还会对区域内的目标造成伤害与击晕效果。
df3edb9236aa5d12,TID_INFERNO_GUARDIAN_ABILITY_INFO,被击倒时给敌人留下爆炸惊喜
c847bf25c2b67077,TID_GUARDIANS_INFO_SCREEN_ITEM_4,
ceebc626082d4573,TID_REGION_CANADA,加拿大
4ac48d13fffb4831,TID_REGION_SPAIN,西班牙
0a88ac6b9e924f5e,TID_REGION_BURUNDI,布隆迪
315697914e5fb595,TID_SUPERCHARGE_DECO_EFFECT_TITLE,添加充能特效
ef34feb41e8cb9c7,TID_REGION_GEORGIA,格鲁吉亚
57bc972d41388131,TID_REGION_TURKS_AND_CAICOS_ISLANDS,特克斯和凯科斯群岛
04e8efa345dd3246,TID_REGION_GUADELOUPE,瓜德罗普岛
3b0d11f5d72e9fc0,TID_REGION_GUINEA_BISSAU,几内亚比绍
054bff08bfecaec8,TID_DECO_SMOKY_STOVE,轻烟火炉
0f5e2afa2ea6c51f,TID_REGION_NORWAY,挪威
5f50a34c1953956e,TID_REGION_ISLE_OF_MAN,马恩岛
e537cba451d09e89,TID_SPOOKY_SCENERY,惊魂诡境
dc82ea9819dd7499,TID_REGION_BARBADOS,巴巴多斯
8e3622400025e86f,TID_SUPERDECO_MYSTICAL_LAMP_INFO,这盏许愿灯是在一个神秘的藏宝洞中找到的，能够实现你最狂野的愿望。
2aff5a2f67af991e,TID_POPUP_ADD_CHARGE_EFFECT_TITLE,添加充能特效？
cbd429e5fff417c7,TID_REGION_SAUDI_ARABIA,沙特阿拉伯
4a417b31ad5c5766,TID_SHOP_MAGIC_SHIELD_2D,两天魔法护盾
ddddb0305728ec60,TID_REGION_AFGHANISTAN,阿富汗
a812dc3c211fcb80,TID_TH18_UPGRADE_CUTSCENE_1,哇！我就知道这个大本营一定会大受欢迎。
5fbbda5e8dda8058,TID_SHOP_SUPERCHARGE_DECO_DESCRIPTION,视觉特效
921454e9db12ce82,TID_REGION_ANGOLA,安哥拉
c0f9a479c111bd9e,TID_FROSTAGE_KING,觉醒蛮王
f890b6d82e648798,TID_BUTTON_GUARDIANS_CYCLE_BUTTON,切换守卫
f67ccbf040c5d693,TID_REGION_FRENCH_GUIANA,法属圭亚那
e91010b2115c801d,TID_OBSTACLE_EPIC_ORE_STONE,星辉矿石陨石
5f3740e4720a0e1f,TID_REGION_CYPRUS,塞浦路斯
1137541cec3ad3d0,TID_REGION_PARAGUAY,巴拉圭
9eeb0e3a85eaeccb,TID_LOADING_VIDEO_INFO,正在加载过场动画...
145c74fdd79ad231,TID_REGION_TAIWAN,中国台湾
9d8057368d89a9a6,TID_AURA_BOOST_DAMAGE_PERCENTAGE_DEFENDING_HEROS,防守方英雄伤害：<number>%
dfab5d705d44f07f,TID_GUARDIAN_MENU_SELECT_ACTIVE,守卫中！
130f766f97a5ffb6,TID_REGION_ARGENTINA,阿根廷
931c2c95595478aa,TID_REGION_AUSTRIA,奥地利
9f70a4c3cf4cfdc8,TID_REGION_RUSSIA,俄罗斯
c15900667482c527,TID_REGION_HONDURAS,洪都拉斯
eaaa7302c61095f4,TID_GUARDIANS_MENU_SELECTION_NONE,无守卫！
98c8e7a11221b1fd,TID_REGION_GAMBIA,冈比亚
6152be9c0ac81503,TID_REGION_BRAZIL,巴西
3cbcf223a4d9ad49,TID_REGION_SLOVENIA,斯洛文尼亚
0f2bb4dc6322567f,TID_MEMBERS_SORTED_BY_LEAGUE,按联赛等级和奖杯数递减
d27b95c7d4b29111,TID_REGION_BURKINA_FASO,布基纳法索
f52e9533da3d69b8,TID_REGION_GHANA,加纳
dcd60bc45c1ae820,TID_REGION_ERITREA,厄立特里亚
97abf41a06593a0b,TID_DEFAULT_BUILDER_SKIN,建筑工人
286b2ae7c2cfb9b1,TID_REGION_JAPAN,日本
0fe1b2a103a666cf,TID_GUARDIAN_CHARACTER_COUNT,<character>数量：<number>
cde24c63064822b3,TID_MELEE_AREA_GUARDIAN_ABILITY,败局狂怒
9f190c9c37de1001,TID_TH18_UPGRADE_CUTSCENE_2,等等......天上那闪闪发光的东西是什么？！
84975fb549760e4e,TID_REGION_SOUTH_AFRICA,南非
bebd74ecac167ae7,TID_BUILDING_SUN_BEAM,圣光灯塔
674e712cedea5ace,TID_SKIP_VIDEO_BUTTON,跳过
b84737878adb960d,TID_BUILDING_DEBRIS_TOWER,反击之塔
2766bbf7ed7ac504,TID_REGION_BRUNEI,文莱
caebdc0bd49cdf85,TID_REGION_BOSNIA_AND_HERZEGOVINA,波黑
2baa5f5783ecd9b1,TID_REGION_YEMEN,也门
b42c3533508d606b,TID_STARTERARMY_TH18_SUPER_YETIS,疯狂大雪怪
a9fda4cf91fae3b5,TID_GUARDIAN_MENU_SELECT_INACTIVE,正忙！
6439046365dc88f7,TID_PRESTIGE_RESOURCE_DESCRIPTION_FOR_SKINS,通过升级精工防御和对建筑进行超级充能来获取电涌灵石。
5407ffa799022e20,TID_BUTTON_GUARDIANS_MENU,守卫
60cc286f6b617223,TID_REGION_NEW_CALEDONIA,新喀里多尼亚
b223fb4a45773652,TID_FROSTAGE_QUEEN,暴雪女皇
47cec4cf42edef4d,TID_REGION_MARTINIQUE,马提尼克
7749f57ef0aa80f7,TID_REGION_PITCAIRN_ISLANDS,皮特凯恩群岛
7f178c4388f0f97c,TID_MODE_TITLE_MINUS_ONE,传奇
9ee2a73b821955b6,TID_MELEE_AREA_GUARDIAN_INFO_SHORT,粉碎胜于言辞。
6a662d98d722dbd7,TID_REGION_TURKMENISTAN,土库曼斯坦
fed751f38dc1d26e,TID_SEASONAL_DEFENSE_HERO_BOOSTER_MODULE_HP,
9a44a4a005d5d249,TID_REGION_ETHIOPIA,埃塞俄比亚
25c268ceda3d69b1,TID_REGION_GABON,加蓬
4c24be4e254b7b4a,TID_REGION_TUNISIA,突尼斯
250e9859c9eb63b6,TID_NO_VISIBLE_DECOS_FOR_CHARGE_EFFECT,没有可添加充能特效的装饰！
65bf5a126ded119d,TID_REGION_WALLIS_AND_FUTUNA,瓦利斯群岛和富图纳群岛
14f910c9e22ee6ab,TID_REGION_KAZAKHSTAN,哈萨克斯坦
1e188b95676b9269,TID_REGION_COCOS_KEELING_ISLANDS,科科斯（基林）群岛
33e72e4ac13502eb,TID_REGION_ANTIGUA_AND_BARBUDA,安提瓜和巴布达
1042f80698eb748f,TID_REGION_S_O_TOM_AND_PR_NCIPE,圣多美和普林西比
5e3f69470b10fd43,TID_REGION_KOSOVO,科索沃
0f6ca51d52fbddd4,TID_REGION_NIGER,尼日尔
096f81eca5974b82,TID_TOTEM_SPELL,图腾法术
b9ce2ed406c9a017,TID_REGION_CANARY_ISLANDS,加那利群岛
ef99ce7566350110,TID_BUILDING_HERO_BOOSTER_INFO_SHORT,它的钟声可以强化防守方英雄。
5c4d17068714c304,TID_REGION_ALBANIA,阿尔巴尼亚
03867d83d9d9bb70,TID_STARTERARMY_TH18_ELECTRO_DRAGONS,雷电风暴4.0
d062584222e20fc0,TID_REGION_DJIBOUTI,吉布提
103a1289dbe18745,TID_GUARDIAN_MENU_SELECT_ACTIVATE,选择
1534b8c5a5fcd983,TID_EVENT_DECO_FLEX_AXE,巨力战斧
c269f4ffe9122efd,TID_WASTELANDS_KING,战锤蛮王
0f5c592233418e37,TID_ARMY_DISCLAIMER_ARMY_NOT_FULL,您的军队中仍有剩余空间。
712a0a32d0bd0521,TID_DECO_LNY_HORSESHOE_INFO,这块锃亮的马蹄铁经过精心打磨，能为您的村庄带来好运。
541c75817131304e,TID_REGION_PUERTO_RICO,波多黎各
712b709522159182,TID_BUILDING_BOMB_SPAWNER_INFO,瞧瞧我们这炸弹，引爆那叫一个快！这些炸弹会沿直线飞出蜂巢，一旦命中地面或空中目标就会爆炸。
0d703cbd0fa77b23,TID_BUILDING_DEBRIS_TOWER_INFO,如果你摧毁了它的建筑伙伴，反击之塔就会锁定你、追踪你，然后狠狠惩罚你。随着周围建筑被摧毁，它会变得更强大、更愤怒！
430ca51fc6abfa3b,TID_SEASONAL_DEFENCE_SEASON_CARD_TITLE_ENDS_SOON,精制阶段即将结束！
0a8282d6aab5785b,TID_GUARDIANS_INFO_SCREEN_ITEM_3,守卫<cffcc33>升级期间无法参与防守</c>。请选择一个空闲的守卫进行防守！
7bfbf50f3302f772,TID_REGION_ICELAND,冰岛
4c6932cdf1d91fc1,TID_REGION_BELARUS,白俄罗斯
4922ceebfadf7969,TID_PLAYER_PROFILE_GUARDIANS,守卫
b9220514651f6051,TID_DEATH_DAMAGE_RADIUS,击倒爆炸范围：<number>
112208ae70331746,TID_REGION_MONTSERRAT,蒙特色拉特岛
5b56eb5da9fecd75,TID_REGION_INDONESIA,印度尼西亚
7d2e95fa5f00b125,TID_SCENERY_COSMICCURSE,宇宙奇境
d07d0085629194d7,TID_REGION_SWITZERLAND,瑞士
e9a32bf66c2fb484,TID_METEOR_GOLEM_INFO_SHORT,朋友就是用来砸敌人的。
f6652b48fd67b861,TID_REGION_TANZANIA,坦桑尼亚
000e6e1f857df0c8,TID_SCENERY_WASTELANDS,废土世界
98f63cac93902980,TID_REGION_ST_VINCENT_GRENADINES,圣文森特和格林纳丁斯
0f5e61c55d85d080,TID_EVENT_DECO_LNY26_SCROLL,英俊画轴
7b73c164085144d1,TID_COSMICCURSE_KING,狂战士蛮王
53bf6aaebc13d4d4,TID_BUILDING_DEBRIS_TOWER_INFO_SHORT,随着其他建筑被摧毁，它会变得更强大、更愤怒。
69e3053fd8e9157d,TID_WASTELANDS_QUEEN,狂怒女皇
fa9f634797f690dd,TID_SEASONAL_DEFENSE_BUILDING_REMOVED_TITLE,精工防御阶段已开始！
2a8cd49bc8d14986,TID_BUILDING_BOMB_SPAWNER,炸弹蜂巢
6d267e99686872ab,TID_PRESTIGE_RESOURCE,电涌灵石
03e3952d14c7a88c,TID_REGION_MYANMAR_BURMA,缅甸
27379bf17da8f010,TID_REGION_TRISTAN_DA_CUNHA,特里斯坦-达库尼亚群岛
b932e7b1d34231a5,TID_ARMY_DISCLAIMER_REMOVE_EVENT_TROOPS,您的军队中有无效的限时兵种。
279cb38a6480bdfe,TID_REGION_PALAU,帕劳群岛
03abef7a48402546,TID_SUPERCHARGE_DECOS,添加充能特效
ab08d489d1214faa,TID_BUILDING_HERO_BOOSTER_INFO,警钟鸣响时会激发防守方英雄的斗志，提升其攻击力与生命值。警钟被摧毁后，英雄们便会恢复常态。真没劲！
d9620ed1813155e7,TID_SP_TASK_DONATE_REINFORCEMENTS,提供增援
48ae04cea3764134,TID_PROSPECTOR_NOT_ENOUGH_RESOURCES,<resource>不足
da368e8cafdd1bce,TID_SEASONPASS_BANNER_TEXT_PERKS_DESC,利用特权加速建造和升级！
90aa4db5687264b4,TID_PIGGY_BANK_GP_TITLE,猪猪资源箱加成
1ba5439517de578b,TID_GEAR_INFO_FLAME_BREATH,吹出炽热烈焰，灼烧敌人和建筑。
6f82ed64612c415e,TID_SEASON_PASS_BANK_PAYOUT_MUL_DESC,月度挑战结束时，资源箱中开出的资源提升至<num>倍。可通过黄金令牌启用此特权！
e0c2feee2154867d,TID_BANK_FULL,资源箱已满
926d6bb75179e813,TID_CLAN_PROGRESS_EVENT_ENDED,部落大作战活动已结束，未领取的奖励已被自动领取。
ad967f5c3222c676,TID_GEAR_INFO_IRON_FIST,使野蛮人之王获得狂暴效果。
8afc2ecde59b57f6,TID_SUPERDECO_BARBBLE_HEAD,摇摆蛮仔
78254eb35efcbad4,TID_BUILDING_ROASTER_INFO_SHORT,让敌人焦灼不安
4cf344ca4d4a653b,TID_BUILDING_ROASTER,熔岩火炮
c5ccdad5f20bed37,TID_SLOW_SPEED_AND_ATTACK,移动/攻击减速%：<number>
2960422697cb6d16,TID_HEROES_FEATURE_DESCRIPTION,进攻时，英雄会带领大军；防守时，英雄会抵御进攻，守卫您的村庄。
b5ca8d2ee6e9babb,TID_INVISIBILITY_SECONDS,隐形（秒）：
9a2ac4ff2a4151b3,TID_PROSPECTOR_WAIT_LOCKED,您需要先解锁探矿者！
2bc14f85ba82d3c9,TID_SCENERY_FROSTAGE,冰霜要塞
607b4b7ecc5b9de9,TID_SP_TASK_INFO_02,
8568a83be00d5c11,TID_GEAR_INFO_DARK_ORB,对命中的所有目标造成伤害，并减缓目标的速度。
6ae21ca29565f9d9,TID_SP_REWARD_TITLE_PROSPECTOR_PERK,额外帮手！
b8600531ef00a8d3,TID_TOWN_HALL_INFO,\n大本营是村庄的核心。升级大本营，可解锁新的防御、建筑、陷阱和更多内容。\n\n在战斗中摧毁敌军大本营，您将获得一颗胜利之星。把大本营建在村庄中心，并在其周围建造城墙、陷阱以及其他防御是最安全的举措。
1805d30a63f55811,TID_ADDITIONAL_DAMAGE_PER_TARGET_HP,额外伤害%：<number>
76361781931eadd5,TID_BP_PROSPECTOR_ACTIVATED,已领取探矿者！
abac7b8236e5ff4c,TID_CLAN_PROGRESS_EVENT_SPECIAL_PROGRESS_MULTIPLIER_UNIT_DESC,使用<cffff99><unit></c>发动进攻，以将获得的活动货币提升<number>。
69bbf7c9f2d56a10,TID_SP_SELL_FOR_GEMS,以<cb3f357><amount>宝石</c>的价格出售
f9ffb22d3ef6b86a,TID_SP_TASK_WIN_BATTLE,赢得1场战斗
dc52deccd0bbf67c,TID_SEASONPASS_REWARD_LIST_SILVER_TRACK,白银令牌
b71a7b5f6be19dae,TID_SHOP_STASHED,已存放：
0e43fe8da0c9ed90,TID_BOOST_MAX_DAMAGE_PERCENTAGE,最大伤害提升%：<number>
dcd23684cbfd997c,TID_BP_AUTO_REWARDS_TITLE,已收集资源箱奖励
e68490bf01d53b03,TID_SPELL_RADIUS,作用半径（格）：<number>
8456e489e8cb59b3,TID_DECO_BUILDER_HEAD_INFO,留着华丽胡须的建筑大师。他的脑袋里真在酝酿巧思吗？不，里面空空如也。
db3cbc8544733608,TID_DRAGON_DUKE,飞龙公爵
a8dff80f06c4eebc,TID_PET_RAVEN_INFO_SHORT,擅长从空中夺取战利品的烦人战宠！
385f1954b0e98ce3,TID_SEASONPASS_TOOLTIP_GOTO_SHOP,前往商店!
c7bed190302f9a7e,TID_PROSPECTOR_APPRENTICE_INFO,探矿者
c60c12dab4883d9c,TID_TITLE_SEASON_BANK_REWARDS,猪猪资源箱奖励
1a1754699a4dbe84,TID_GEAR_TITLE_STUN_BLAST,爆震器
9a22a4872df1949c,TID_SEASONPASS_PURCHASE_SCREEN_TEASER_TEXT,解锁皮肤、特权，各种物品和更多超赞奖励！
603898a1b34d77ea,TID_PROSPECTOR_GP_AD_TEXT,启用黄金令牌后，可每天转换矿石！
247daafde899eecd,TID_GEAR_INFO_MINION_BODYGUARDS,召唤空中护卫来增援亡灵王子。
7811f29449114d6a,TID_SP_REWARD_TITLE_GEM_DONATION_PERK,使用更少的宝石填满部落城堡！
7b4c79e48e83bb8a,TID_SEASONAL_DEFENSE_LAVA_LAUNCHER_MODULE_ATTACK,
a06b68434044152b,TID_BUILDING_SD_LAVA_LAUNCHER_INFO_SHORT,熔岩肆虐！
344575be02586e81,TID_COOLDOWN_RANKED_MODE,您的部队还在战斗！请耐心等待战斗结束。
5663777fc3da2aaa,TID_SEASON_PASS_PERK_GEM_DESC_NO_SELF_DONATE,快速增援仅需1宝石。
1070d6a1f05d6879,TID_SUPERDECO_BARBBLE_HEAD_INFO,这款大小为3x3的装饰专为摇摆而生，晃个不停就是它存在的意义。
7f6a9f19fcee6382,TID_SP_REWARD_TITLE_RESEARCH_PERK,研究提速，费用降低！
72df73d7e4bc47ab,TID_JOLLY_KING,欢乐蛮王
52c4ff25805eb834,TID_SP_TASK_CARD_BONUS,额外奖励
a05f6d37740eda99,TID_DECO_HOGSKULL,野猪头骨
827069b7eb7611b5,TID_GEAR_INFO_CLONING_CLOAK,召唤弓箭女皇的克隆体。
f21854fababab1db,TID_GEAR_INFO_FIRE_HEART,缓慢恢复飞龙公爵的生命值，当他倒下时，会爆发出灼伤敌人的烈焰。
bd92daf2818f1b3f,TID_BUILDING_SD_LAVA_LAUNCHER_INFO,来自建筑大师基地的炽热速递。熔岩发射器从远处向单个目标喷吐烈焰，将战场变成一片火海，让地面部队无处可逃。
24965da37cea5acf,TID_SEASONAL_DEFENSE_ROASTER_MODULE_HP,
53d0b9cef6e57bf3,TID_GIANT_ABILITY_HELP,首次攻击造成<num>伤害。
f7d557df2d7d8d28,TID_ALCHEMIST_APPRENTICE_INFO,炼金术士可以将资源转换为不同类型，每天一次。升级炼金术士可提高她的工作效率！
e79c0b45158b6121,TID_SP_TASK_INFO_SUBTITLE,任务卡
22271392d234dca6,TID_BALLOON2_ABILITY_HELP,激活时造成<num2>伤害，摧毁城墙，同时释放出<num>个骷髅兵。
e65038f4e5e40176,TID_PET_RAVEN_INFO,再可怕的稻草人，也挡不住贪婪渡鸦扑向闪亮的战利品！这只蒙面怪鸟快速挥动羽翼，专门攻击资源建筑和关键目标，对其造成额外伤害。
d9fc8042ff39f2b0,TID_GEAR_INFO_FIRE_BLAST,
ef9df8be54131b6e,TID_GEAR_INFO_HOG_TOTEM,召唤一群野猪骑士。
e56a9a5372556fbd,TID_GEAR_INFO_ARCHER_CROWN,召唤一群隐形弓箭手。
d18b6b20a9322e8b,TID_BP_SKIN_UNLOCKED,已领取<skin>！
a5db54f8a4c2bd7a,TID_HEROJELLY_EVENT_MULTIPLE_HERO_TITLE,部分英雄精力无限！
0a894386abc1fc5f,TID_DECO_BUILDER_HEAD,建筑大师半身像
7b959c19423be0b2,TID_SP_CONGRATULATIONS,恭喜！
2c1e1d11f5fe0358,TID_CLAN_PROGRESS_EVENT_SPECIAL_PROGRESS_MULTIPLIER_STAR_DESC,发动进攻并获得<cffff99><count>颗胜利之星</c>，以将获得的活动货币提升<number>。
d2134efd2a73d939,TID_DECO_DARKNESS_THRONE_INFO,稳坐黑暗王座，村庄尽在掌握！
169b62d71f439cf3,TID_GIVEN_ABILITY_DURATION,<ability>持续时间（秒）：
b90ff6919950d31d,TID_WAR_ATTACK_CONFIRM_INFO,请确保您已做好准备！继续操作将消耗一次进攻机会。
35b330ddcfe423dd,TID_SEASON_PASS_BANK_PAYOUT_MUL_GP1,获得<num>倍战利品！
b33a0b48449a8912,TID_CLANGAMES_TASK_USE_HERO_GRAND_WARDEN,大显神威
31446ad886f12f6a,TID_SC_PAY_SETTINGS,Supercell商城结算
02aa516ad22b2f5e,TID_EARTHQUAKE_TOWER_SHORT,地震法术
0eaa5c69f9ae7034,TID_SUPERCHARGE_DECOS_INFO,为任意装饰或使用了移位任意铲的障碍物添加充能视觉特效。选择此礼包即可突出显示村庄中所有符合条件的目标。您可以随时开启或关闭此特效。
028d2dd7b803b3e2,TID_VILLAGER_PROSPECTOR_INFO_ITEM3,通过黄金令牌奖励之路解锁探矿者，即可在当前月度挑战期间使用他。
49314f9957708f38,TID_GEAR_INFO_DEADLY_DASH,冲刺穿越村庄中心，沿途会喷吐烈焰并规避攻击。
2975e1ccce5f7ae6,TID_SP_POPUP_AD_DESC_PERKS_SP,启用黄金令牌，加速发展村庄。
1412ea24b938090d,TID_TITLE_PIGGY_BANK_BONUS,+猪猪资源箱加成
dd71985b5fc89ba4,TID_HASTY_BALLOON_ABILITY_HELP,在部署后的<num>秒内提升移动速度。
f84ef43375c5a933,TID_SLOW_SPEED,速度降低%：<number>
b2dd8f4ed3f7efbf,TID_GP_POP_PERKS,特权
71a0cd540061838c,TID_SP_POPUP_AD_DESC_PERKS_UNLOCKED,所有特权已解锁。
e7f6689eba1162f1,TID_GEAR_INFO_HASTE_VIAL,使飞盾战神获得急速效果。
a6070948ab65955c,TID_CLANGAMES_TASK_USE_HERO_ROYAL_CHAMPION,战神无双
1adaefe95896c3f0,TID_TROOP_DAMAGE_PERCENT,对兵种伤害%：<number>
cf53866078a7313e,TID_PROSPECTOR_GP_AD_TITLE,使用黄金令牌解锁探矿者！
ac80836976986d93,TID_SHOW_EFFECT,显示特效
320577ba37e347c3,TID_SEASONAL_DEFENSE_LAVA_LAUNCHER_MODULE_HP,
93a45986e0ca6b26,TID_SUPER_DRAGON_ABILITY_HELP,造成会溅射至周围目标的持续伤害。
4803fc63ab72aa9b,TID_SEASON_PASS_COSMETICS,装扮
700e55d991081717,TID_TRAP_DAMAGE_RADIUS,作用范围（格）：<number>
ad7a41eb997720a4,TID_WITCH2_ABILITY_HELP,激活时召唤<num>只异常愤怒的蝙蝠。
626f8689d3c7c6b2,TID_GEAR_INFO_VAMPSTACHE,野蛮人之王每次攻击都会治疗自身。
dccbde13aea75482,TID_SP_CHOOSE,选择
40038d6ece033b06,TID_SEASONPASS_PURCHASE_SCREEN_SKIN_AD,限定英雄皮肤！
0fbef5e7d762be16,TID_SEASONPASS_TOOLTIP_POINTS_REQUIRED,您需要<num>积分才能解锁该奖励。
5f2d4e04affa49da,TID_SP_CHOICE_OR,选择<val1>或<val2>
577333e757c8d559,TID_SP_TASKS_MORE_UNLOCKS,离解锁更多任务卡还有：
604b53c65ebc6689,TID_HEROJELLY_EVENT_SINGLE_HERO_TITLE,<hero_name>不息！
5d131b8ee8629308,TID_EP_MULTIPLE_REWARD_FORMAT_SIMPLE,<num>x<reward>
efde2c36d0c5fedf,TID_HERO_INFO_DRAGON_DUKE,这名坦克型飞行英雄因为情绪管理问题被关了起来，一旦远离友方飞行单位，他就会变得更加愤怒与强大！进入皇室狂暴状态后，他的伤害会提升100%、攻击速度提升50%，同时使自身受到的陷阱伤害减半。在防守时，他只能被敌方的对空单位攻击。
0de3503bda91206c,TID_ONE_GEM_SELF_DONATE_UNLOCK_PERK,在黄金令牌奖励之路上解锁宝石增援特权，即可使用宝石购买援军
831aa9d95640e333,TID_PET_ABILITY_INFO_RAVEN,锁定资源建筑并对其造成额外伤害。
3b508da298ebe4d9,TID_SP_PURCHASE_WARNING_TITLE,月度挑战即将结束！
33898814eda0f92a,TID_ALLIANCE_PROFILE_BUILDER_BASE_HERO_LOCKED,建造<building>以解锁！
9487b77209194ed0,TID_SP_CATCH_UP_POINTS,<mult>
486df3dbc89c81f0,TID_ONE_GEM_SELF_DONATE_NEED_PREMIUM_PASS,需启用黄金令牌才能使用宝石购买援军
77207fb152fa3e89,TID_VILLAGER_PROSPECTOR_INFO_ITEM2,他休息好之后，每天都可以进行一次资源转换工作。
049e6ecfe51c07e1,TID_LNY26_KING,大圣蛮王
579aff627ef9a76f,TID_PET_RAVEN,贪婪渡鸦
4ffd97ef9b951016,TID_HIDE_EFFECT,隐藏特效
ce30826e9ea5feda,TID_BP_PERK_GEM_DONATION_COST,宝石增援
fcd8314c3a4fedd1,TID_EARTHQUAKE_INFO,用强烈的地震摧毁地面目标吧！\n\n地震法术造成的伤害受建筑最大生命值影响。对同一目标重复施放地震法术，造成的伤害将会递减。但是，没有任何城墙能抵抗四次地震法术！
e13c218dc505058f,TID_CLANGAMES_TASK_USE_HERO,参加<num>场联机模式战斗，每场战斗需使用<hero>且赢得至少1颗胜利之星。
5dc150ec7996f8a4,TID_BP_PERK_AUTO_FORGE_DESC,在铸币坊解锁一个额外栏位，在该栏位铸造无需使用建筑工人，且所需资源减半。可通过黄金令牌启用此特权！
86f1ff941667062a,TID_NEW_TASK_CARDS_INTRO,首领！任务可重复完成，助您推进月度挑战奖励之路的进度！
e9a8f4192a693297,TID_BUILDING_ROASTER_INFO,熔岩翻涌喷发，将炽热的等离子体射向地面和空中敌人。保持安全距离，它能让您的肌肤散发出健康光泽。
204de7e5c6cb710d,TID_CHARACTER_APPRENTICE_WARDEN_INFO_SHORT,如果大守护者在忙，这些魔法学徒可助您的部队一臂之力。
f58bf02cf67f421d,TID_HARD_MODE_MINUS_THREE_DESC_LIST,•<cff4b84ff>防御设施</c>伤害提高5%。\n•<cffff4ba8>防守方英雄</c>伤害和生命值提高5%。\n
33e4838bb3df6758,TID_DRAGON_DUKE_PASSIVE_ABILITY_NAME,皇室狂暴
e9b338f042366353,TID_SEASONPASS_REWARD_LIST_GOLD_TRACK,黄金令牌
508bf6b370c37deb,TID_BP_PERK_CLAN_CASTLE_REQUEST_COOLDOWN_DESC,请求部落增援的等待时间缩短<num>%。可通过黄金令牌启用此特权！
d6cb8850d65b0be6,TID_SP_REWARD_TITLE_REQUEST_PERK,请求等待时间更短！
5c289fd2cc110008,TID_SP_TASKS_INFO_TITLE,月度挑战任务卡
fa49984386da1789,TID_SEASON_PASS_PERK_POPUP_INFO,启用黄金令牌可在奖励之路上解锁这些特权。\n所有特权的效果将持续到当月的月度挑战结束！
029f53d533bbf2ac,TID_HERO_RECHARGE_TIME,冷却时间（秒）：<number>
71165064693ae463,TID_SEASON_PASS_PERK_RT_DESC,请求部落增援的等待时间最多缩短<num>%。
40969ff6d8f16ee7,TID_WL_INFO_SIGNUP_TAB2_TEXT,<cFCE27F>部落对战联赛有哪些奖励？</c>\n\n您将赢得荣誉和部落对战联赛专属奖励！在对战周内赢得胜利之星可获得联赛奖章。您的部落所在的联赛段位越高，您获得的联赛奖章也越多。您可以使用来之不易的联赛奖章在商店中兑换稀有的魔法物品和其他的独特物品。\n\n<cFCE27F>是否有其他方式可以获得联赛奖章？</c>\n\n部落首领或副首领可以将限定数量的额外联赛奖章发放给加入联赛的成员，即使他们没有进行战斗！对战规模越大、您部落所在的联赛段位越高，可分配的额外奖励也越多；同时部落每赢得一次战斗日，可增加一个额外奖励的分配名额！
a819cec49269ca9a,TID_BUILDING_DAMAGE_PERCENT,对建筑伤害%：<number>
3f7b6f7084d3a65a,TID_GEAR_INFO_HEALER_JAR,召唤一群天使。
5d8844a0937674d6,TID_ALLIANCE_PROFILE_GUARDIAN_LOCKED,在大本营达到级<level>时解锁！
90eea1f3950c159c,TID_BP_REWARDS_LIST_TITLE,令牌奖励
fc683685425060e8,TID_GEAR_TITLE_FIRE_HEART,烈焰之心
d8d7810e2cca8a74,TID_GP_POP_POTIONS,药水
ead8da3387903f74,TID_SPEEDUP_INFO_SHORT,有了这个法术，再慢的部队也能快起来。
24b4efa7625bb2bf,TID_HERO_INFO_DRAGON_DUKE_SHORT,独自作战更为勇猛的火爆英雄。
1d361bd10e278c71,TID_BP_PERK_BUILDING_BOOST_DESC,建造及升级所需的资源和时间减少<num>%，在铸币坊铸造都城金币所需的资源和时间减少<num>%。可通过黄金令牌启用此特权！
e058463bffe407c4,TID_SUPER_TROOP_LEVEL_TOO_LOW_NO_COLOR,需要<num>级<troop>。
0f1f6ee68847101d,TID_SEASON_PASS_PERK_UNLOCKS_AT,解锁于：
e75708ea9f4506bf,TID_SP_REWARD_TITLE_BUILDER_PERK,建造提速，费用降低！
7faa57df8a720268,TID_SEASON_PASS_PERK_ACTIVE,已生效
639aa023a0ec0a2e,TID_UPGRADING_TOWN_HALL_FIRST,摆放自己的大本营时要注意位置哦！
e4a9c5ffb1f09d20,TID_GEAR_INFO_HEROIC_TORCH,激发附近部队的斗志，让他们能够穿过城墙、加速移动，并降低所受伤害。
7c1fad478948ba98,TID_RANKED_LOG_PREVIOUS_LISTING,之前的排位战排名
d69ddfc2d8d1c10b,TID_HERO_HEAL_PERCENT,复活后英雄生命值%：<number>
e86411477201486f,TID_GEAR_INFO_ETERNAL_TOME,大守护者和附近所有友军单位免疫伤害。
2fdc453b534e868f,TID_DECO_BONE_IDOL,枯骨成堆
38cbd4dadbe116ec,TID_CLAN_PROGRESS_EVENT_SPECIAL_PROGRESS_MULTIPLIER_UNIT_AND_STAR_DESC,使用<cffff99><unit></c>发动进攻或赢得<cffff99><count>颗胜利之星</c>，以将获得的活动货币提升<number>。
2f3efc6ba4340772,TID_SP_CHOICE_HEADER,选择您的奖励！
f0f8975c47ad9a60,TID_INFO_LEADERBOARD_AVERAGE_DEFENSE_DESTRUCTION,<number>%
46ec3be6c402ad5e,TID_ATTACK_RANGE_TILES,射程（格）：
08899aab50bedbb7,TID_NERF_DAMAGE_PERCENTAGE,伤害降低至%：<number>
c95b85dd9dc26891,TID_GEAR_TITLE_BABY_DRAGON_PUPPET,
927396bef887efbf,TID_GP_POP_RUNES,符石
5db566c864ec0b1a,TID_STUN_TIME,击晕/瘫痪时间（秒）：<number>
42b88dda35134bca,TID_CHARACTER_INFO_ICEGOLEM_SHORT,这个会走路的大冰块被消灭时，会冻结附近的一切。
3a915187dd06e3c8,TID_FREEZE_TIME,减速持续时间（秒）：<number>
31f8dee8def73f1f,TID_GEAR_INFO_PROTECTIVE_CLOAK,为飞盾战神提供大量治疗。
f384fcd9cbc0e082,TID_CAPITAL_GOLD_TOOLTIP_DESCRIPTION,为您的部落都城贡献都城金币，用于建造和升级建筑，并解锁新子城。
8ba26902da330166,TID_HERO_TAVERN_HERO_LOCKED_BY_CALENDAR,即将登场，敬请期待！
3d9b98887c122d4f,TID_SP_RESOURCE_REWARD_GET_GEM_ALTERNATIVE_TEXT,空间不足，无法存放全部<resource>。\n\n是否以<cb3f357><amount>宝石</c>的价格出售溢出部分？
f148cb548a688997,TID_HARD_MODE_DESC_LIST,•<cff4b84ff>防御设施</c>伤害提高20%。\n•<cffff4ba8>防守方英雄</c>伤害和生命值提高20%。\n•<cffff4ba8>进攻方英雄</c>伤害和生命值降低20%。\n•<cff4ebd59>普通装备</c>的等级降低3级。\n•<cff4ebd59>史诗装备</c>的等级降低6级。
bf15b8f1c9712b55,TID_BOOST_DAMAGE_PERCENTAGE,伤害提升%：<number>
e40bcd8eadd9df02,TID_SEASONPASS_TOOLTIP_DISCLAIMER,放置帮手小屋以领取该特权
0144a982e181cb7f,TID_BP_PERK_RESEARCH_BOOST_DESC,升级兵种、法术、战宠和攻城机器所需的资源和时间减少<num>%。可通过黄金令牌启用此特权！
75829fb8a960dd9e,TID_DECO_HOGSKULL_INFO,野猪的头居然比戈仑石人还重。听起来不可思议，但确实如此。
ab6b7fa25c63b208,TID_GEAR_INFO_SNAKE_ARMOR,受到伤害时，召唤灵蛇与您并肩作战。
7c7ade87128adb32,TID_SP_CLAIM_AND_USE,领取并立即使用
e7f311764e1b35b2,TID_SEASONAL_DEFENSE_AIR_BOMBS_MODULE_EFFECT,
985c1fd27a43d231,TID_PROSPECTOR_LEVEL,探矿者等级
3cb6650cf822f4a5,TID_DECO_EDRAG_STATUE,雷电飞龙雕像
e610cecb87b63854,TID_TRAP_EJECTOR_BB_INFO_SHORT,建筑大师最讨厌的工作就是给弹簧复位。
65ddea040e43271c,TID_GEAR_TITLE_RING_OF_FIRE,
e12a23e188c033c3,TID_DESERTNIGHTS_CHAMPION,幻象战神
e9be7d226f67142d,TID_SP_TASK_UPGRADE_BUILDING,开始升级任意建筑
d870ed8bb03a6dec,TID_PROJECTILE_SPELL_TOTAL_DAMAGE,灼烧伤害：<number>
27f2489dc36f5725,TID_BURST_SIZE,连发数量：<number>
b0ebeee8b830fb27,TID_BUILDING_SD_AIR_BOMBS,空中炸弹发射器
3260488d199d29b9,TID_SEASON_PASS_UNCLAIMED_FILTER,仅显示未领取的奖励
d3eed525e9dd8aa8,TID_INFO_SEASON_BANK,战斗即可额外获取资源！月度挑战结束时，资源箱中的资源将转存到您的资源仓库。
3b1c71dce906d336,TID_PTE_PERK_BUILDING_BOOST_DESC,建造及升级所需的资源和时间减少<num>%，在铸币坊铸造都城金币所需的资源和时间减少<num>%。可通过黄金令牌启用此特权！
41a1095e47d86a43,TID_BDRAG2_ABILITY_HELP,飞龙宝宝周围没有其他空中部队时，伤害提升<num>%。
543753fc7b276c59,TID_GP_POP_BOOKS,魔法之书
0f549fd4c9b92491,TID_BP_MULTIPLE_REWARD_FORMAT,<num>x<reward>
68dcacfcd77bbaaf,TID_SPELL_TIME,法术持续时间（秒）：<number>
46155c41536ad27d,TID_SP_HUD_NEW,新!
fc5d47610bedf9c1,TID_BP_PERK_GEM_DONATION_COST_DESC,快速增援只需花费1宝石。获取黄金令牌以激活此特权！
3ea488a2a2733148,TID_BUILDING_SD_AIR_BOMBS_INFO,面对空中炸弹发射器的连环轰炸，即使是敌方最强大的空中单位也会被击落。有了这座建筑大师基地的经典防御，村庄的领空将变成危险地带！
407d96024286578f,TID_SP_PURCHASE_WARNING_TEXT,当前月度挑战将在<cff0000><time></c>后结束。届时特权将失效，未领取的奖励将被自动领取或转换成宝石。\n\n您确定要购买吗？
77ea54685dfa19fa,TID_BANK_BUILDER_BASE,建筑大师资源箱
99205876412fe056,TID_SEASON_PASS_REWARD_LIST_BUTTON_TEXT,奖励\n清单
02c9968d31608ffd,TID_HINT_SPELL_EARTHQUAKE2,对同一目标重复使用地震法术，造成的伤害会递减。
8da974cba41fcb44,TID_EQUIPMENT_LOCKED_UNKNOWN_REASON,未解锁
52acbecd4b9fabaa,TID_SP_TASK_CARD,月度挑战任务卡
d12af5e722e42887,TID_SEASONPASS_PURCHASE_SCREEN_SHOP_LINK,信息
af149ea2267662d3,TID_KNOCKBACK,击退距离（格）：<number>
deffef88ee3be3ae,TID_SEASON_PASS_PERK_GEM_DESC,快速增援和为自己的部落城堡添加援军只需花费1宝石。
5773de3bf9a31316,TID_HARD_MODE_MINUS_TWO_DESC_LIST,•<cff4b84ff>防御设施</c>伤害提高10%。\n•<cffff4ba8>防守方英雄</c>伤害和生命值提高10%。\n
12b4fc5f456d5c8f,TID_SEASONPASS_PURCHASE_SCREEN_TITLE,奖励全面升级！
1b41b6139285b165,TID_EQ_EQUIPMENT_REWARD_ALREADY_OWNED,已拥有该装备
db1438dfc6d3d519,TID_SP_STORAGE_FULL,仓库已满！
ee9686ec1723d416,TID_SEASON_PASS_REWARD_LIST_HEADER,令牌奖励
a1bba7af9fb261fa,TID_ALLIANCE_PROFILE_CAPITAL_ITEM_LOCKED,建造<building>以解锁！
24e259d46b0155b1,TID_RECHARGE_TIME,冷却时间（秒）：<number>
233b5e22a99b5fd3,TID_SP_TASK_INFO_01,任务可重复完成，助您推进月度挑战奖励之路的进度！
6b74f1af16a39914,TID_ALLIANCE_PROFILE_PET_LOCKED,在战宠小屋达到<level>级时解锁！
68186441601bac23,TID_BP_PERK_GEM_DONATION_LIST_FORMAT,宝石增援
33d2f1d793850d3e,TID_BANK_HOME_VILLAGE,村庄资源箱
35641b91b6b13de7,TID_HEROJELLY_BANNER_NOT_ALL_HEROS_DESCRIPTION,<hero_name>在升级时也会参加战斗！
e7e1817096635372,TID_SEASONAL_DEFENSE_AIR_BOMBS_MODULE_ATTACK,
1c4c776edf104e8b,TID_EP_EQUIPMENT_REWARD_NO_HERO_TITLE,您需要先拥有一名英雄！
7b5ee9e256fbdd4a,TID_SEASONAL_DEFENSE_LAVA_LAUNCHER_MODULE_EFFECT,
226a039b23d2918d,TID_SP_TASKS_INFO,通过建造和战斗来完成任务并获得积分！
c3ef1ddca684ec5c,TID_SP_POPUP_AD_TITLE_PERKS,解锁超赞特权！
2c70c12f92fff6f5,TID_SEASON_PASS_PERK_BUILDER_DESC,建造及升级建筑所需的资源和时间最多减少<num>%。
fd80b3d6145a7d69,TID_SP_ALL_TASKS_COMPLETED_MORE,任务卡刷新倒计时：
3b05dd18e725ac19,TID_SEASON_PASS_BANK_PAYOUT_MUL,猪猪资源箱加成
5ec86b5523121fc4,TID_DECO_BONE_IDOL_INFO,大小为3x3的一堆头骨，每次点击都有新发现！
b9b7e3e3933cc737,TID_SP_TASK_COMPLETE_STAR_BONUS,获得胜利之星奖励
b36e5c68450eaccf,TID_GEAR_INFO_LAVALOON_PUPPET,召唤可怕的熔岩气球。
6e22dd0b3e619705,TID_JOLLY_WARDEN,欢乐守护者
a4e2455412328df3,TID_SEASON_PASS_PERK_PROSPECTOR_DESC,解锁可以每天转换矿石的探矿者。
416b5ca9207300a8,TID_INFO_LEADERBOARD_AVERAGE_ATTACK_STARS,<number>%
70ab9ff2b13879c7,TID_DECO_MECHA_BULL,机甲公牛
ea32149284fa7ca7,TID_CLANGAMES_TASK_USE_HERO_BARBARIAN_KING,全场称王
41740c0b3f097143,TID_LNY26_WARDEN,沙僧守护者
1a6e73a1999480e1,TID_SP_TASK_DESTROY_TOWNHALLS,摧毁1座大本营
97d8245de799ce2c,TID_BP_PERK_ACTIVATED,已启用<num>%<perk>！
357abe9d001d20e1,TID_DIE_DAMAGE,被消灭时造成的伤害：<number>
71d90c9006b30c33,TID_HERO_INSTRUCTIONS_WARDEN_SHORT,辅助军队作战的魔法大师。
69a8f33ef5377083,TID_HINT_SPELL_EARTHQUAKE1,地震法术可以对地面上生命值较高的密集目标造成大量伤害。
da8b240a8b13b539,TID_INFO_LEADERBOARD_AVERAGE_ATTACK_DESTRUCTION,<number>%
e92d332d600659ac,TID_SP_TASK_INFO_HEADER,完成任务，获取积分！
9f9740f045fd4bfd,TID_EFFECT_TIME,效果持续时间（秒）：<number>
5ae59f42c1eb1c56,TID_SEASONAL_DEFENSE_AIR_BOMBS_MODULE_HP,
6802d1be85394a4b,TID_TITLE_SEASON_BANK,猪猪资源箱
0c476ad6feaec57a,TID_SEASONPASS_REWARD_CLAIMED,已领取
7b68f76ad0c3c936,TID_GEAR_INFO_FIRE_IN_A_CAN,向距离最近的防御建筑扔出一个巨大的爆炸火球。
1a7bf85da234d73b,TID_SP_PERK_GEM_DONATION_COST_ALLOW_SELF_DONATE,快速增援和为自己的部落城堡添加援军只需花费1宝石。可通过黄金令牌启用此特权！
c6e2b63ea1dfcc0f,TID_GEAR_INFO_BABY_DRAGON_PUPPET,
69911705917650bb,TID_DAMAGE_RADIUS,伤害范围（格）：<number>
6657c5b7f69dfd01,TID_CLANGAMES_TASK_USE_HERO_BATTLE_MACHINE,无情机器
6b0e3b9134a5ef49,TID_BUILDING_SD_AIR_BOMBS_INFO_SHORT,连环爆炸桶
3e02ea3d8d218211,TID_PROSPECTOR_RESOURCE_INFO,可转换的资源数量上限：
bf34d1977c792c67,TID_DESERTNIGHTS_WARDEN,巫师守护者
418446513cf6e847,TID_GEAR_TITLE_FLAME_BREATH,助燃器
d3dfbac5d0f099ae,TID_PET_DIGGY_ABILITY_INFO,地兽会钻出地面，瘫痪并摧毁敌方防御建筑。
596fd0be152878ec,TID_DESERTNIGHTS_KING,沙漠蛮王
b34576319a2d64a1,TID_PROSPECTOR_ASSIGN_BUTTON,转换矿石
7ef139feeccc66df,TID_PROSPECTOR_WAIT_COOLDOWN,探矿者正在休息，请稍后再来看看！
691504b9c189460d,TID_CHARACTER_INFO_BALLOON_SHORT,这些脆弱的飞行单位可从空中摧毁防御建筑。
1aa67876355d0aeb,TID_OBSTACLE_FACEMELTER,无脸石雕
19a94abc2c49b618,TID_PROSPECTOR_GP_AD_TITLE2,使用探矿者转换矿石！
2f6d46ed75bccedc,TID_GEAR_INFO_BARBARIAN_CROWN,召唤一群狂暴野蛮人。
ca183fcfd3462379,TID_SP_TASK_UPGRADE_HERO,开始升级英雄或战宠
6579a88d43f22152,TID_NUM_ATTACKS_UNTILL_DEACTIVATE,攻击次数：
1cfbb6845cd10803,TID_LOCAL_NOTIFICATION_PET_SHOP_UPGRADE_DONE,<item>已升至<level>级
b278054b3ea2e1d9,TID_SEASON_PASS_ITEM_UNLOCKED,已解锁！
b83813941648eaa3,TID_PROSPECTOR_CANT_CONVERT_SAME_RESOURCE,无法转换为相同类型的矿石
29ba5aae42e07fa0,TID_PROSPECTOR_WAIT_WORKING,探矿者正在工作，请稍后再试！
9adc4e8dd58b992e,TID_SEASONPASS_PURCHASE_SCREEN_DISCOUNT,特别折扣！
0eb3fa8672279feb,TID_CLANGAMES_TASK_USE_HERO_MINION_PRINCE,王子巡防
7a62122b1140b91f,TID_HERO_TAVERN_HERO_LOCKED_UNKNOWN,未解锁
a434a25cbadf43bc,TID_ARCHER2_ABILITY_HELP,在部署后的<num>秒内隐身，不会被锁定为攻击目标。
f6d6774119667593,TID_SEASONPASS_BANNER_TEXT_PERKS_TITLE,解锁超赞特权！
0bebc1ff64b7a44f,TID_SP_CLAIM,领取
7d0c25fbd14862b8,TID_PIGGY_BANK_GP_DESC,解锁此特权，使月度挑战结束时获得的奖励提升至<num>倍！
d687800af819fd48,TID_BP_PERK_MAXIMUM_QUICK_DONATE,已启用宝石增援！
96cfd0f18ddb5ee5,TID_SEASONPASS_BUTTON_MISSIONS,任务
002e05da582955f6,TID_SP_TASK_REQUEST_REINFORCEMENTS,请求增援
a1e4c93e27811a72,TID_GP_PURCHASE_COUNTDOWN,月度挑战剩余<time>
3fdb71f68e1521ed,TID_DESERTNIGHTS_QUEEN,沙丘女皇
1810581fd8109193,TID_SEASONAL_DEFENSE_ROASTER_MODULE_ATTACK,
2a8988ee2d91a60c,TID_SEASONPASS_TOOLTIP_HELPERHUT_HOME_INFO,在家乡村庄放置帮手小屋。
d3a3d4b655874bf9,TID_SEASONPASS_BANNER_TEXT_SEASON_NAME,赛季名称
47da1f263b4b24aa,TID_TOOLTIP_CHEST_INFO,宝箱
5d1c2a3021d636c2,TID_SP_STORAGE_ALMOST_FULL,仓库快满了！
a00e276ceefe43aa,TID_SIEGES_FEATURE_DESCRIPTION,在攻城机器工坊中建造特殊机器，装载部落城堡中的部队加入战斗。
b97f69d99f5ad4fe,TID_VILLAGER_PROSPECTOR_INFO_ITEM1,探矿者每天都可将矿石转换成不同类型。
2c823a2ec4c8e253,TID_CLANGAMES_TASK_USE_HERO_DRAGON_DUKE,公爵狂袭
869399225e2f2aad,TID_SEASON_PASS_BANK_PAYOUT_MUL_GP2,<num>倍奖励加成已启用！
051f796cd8519d68,TID_GP_POP_NEW_SEASON_IS_HERE,<name>赛季，等您来挑战！
afb265723c408b9a,TID_SEASONPASS_BANNER_TEXT_VALUE_DESC,专属特权和其他奖励。
0cd3caa135ec70cd,TID_EP_ACTIVATE_SCID_CONFIRM,您的Supercell ID存有<num>个活动令牌。要为本次活动启用一个吗？
539819fe6df79f7b,TID_DESERTNIGHTS_MINION_PRINCE,灯神王子
896d2bb9e9a5079b,TID_PROSPECTOR_LEVEL_DESC,月度挑战期间，每天都可在帮手小屋中转换矿石。可通过黄金令牌启用此特权！
8820817b2272b8f9,TID_ACT_AS_PENETRATING_DAMAGE,伤害：<number>
74593915bf31a531,TID_GEAR_INFO_ELECTRO_SHIELD,每隔一段时间对飞盾战神附近的一切造成伤害。
2121a63fb709671e,TID_SEASONPASS_BANNER_TEXT_VALUE_TITLE,解锁一款英雄皮肤！
95822942ebbaa9d8,TID_EP_EQUIPMENT_REWARD_NO_HERO_TEXT,该装备属于<hero>。将英雄殿堂升至<level>级以解锁该英雄，并使用该装备！
1911c7025577aad1,TID_PROSPECTOR_INFO,探矿者每天都可将矿石转换成不同类型。在黄金令牌奖励之路上解锁他，即可在当前月度挑战期间使用。
1195ed4cdb289f7c,TID_BOMBER_ABILITY_HELP,弹跳两次，每次落地造成<num>伤害。
1010353e7cef9531,TID_GEAR_INFO_STUN_BLAST,释放冲击波，对周围的敌人和建筑造成伤害并附带击晕/瘫痪效果。
faabcc99ea4b24d6,TID_GIVEN_ABILITY_NERF_DAMAGE_PERCENTAGE,<ability>伤害降低至%：<number>
d29578cc4c256f48,TID_CHARACTER_INFO_FURNACE_SHORT,喷出好奇的小火怪，寻找并灼烧建筑！
5143e1a17d65d1d3,TID_GEAR_INFO_RING_OF_FIRE,
612380935dd7089d,TID_HERO_TAVERN_HERO_LOCKED_BY_CALENDAR_LOCKED,尚未解锁，即将登陆<level>级英雄殿堂！
992f857b4cd7d7c1,TID_BUILDING_SD_LAVA_LAUNCHER,熔岩发射器
afff922662b02018,TID_WL_NORMAL_WAR_AVAILABLE_TEXT,至少需要<num>名部落成员。未加入联赛的部落可在联赛报名结束后开启常规的部落对战。
fd465eb5d7ff4f9d,TID_SEASON_PASS_REWARDS_RUNES,奖励和符石
1fd47d0986d99597,TID_SEASON_PASS_PERK_RESEARCH_DESC,升级兵种、法术、战宠和攻城机器所需的资源和时间最多减少<num>%。
9934b9bb25bf8aa0,TID_GEAR_INFO_EARTHQUAKE_BOOTS,引发强烈地震，摧毁城墙并对地面目标造成伤害。
d0723e8b62bce54a,TID_PROSPECTOR_APPRENTICE,探矿者
f55b1e5c4803e97a,TID_PROSPECTOR_CONFIRM_ASSIGN_JOB,确定要指派探矿者到<building>项目吗？
f1af29e165523ea3,TID_PET_DIGGY_INFO_SHORT,钻出地面，瘫痪并摧毁敌方防御建筑。
e0ae6187d4a4b016,TID_GP_POP_BUILD_RESEARCH,发展助力
142a30264ab26a76,TID_BOOST_MAX_HEALTH_PERCENTAGE,最大生命值提升%：<number>
3472a2700028ab4b,TID_ALL_REWARDS_CLAIMED,已领取所有奖励
ec5be4cd682397f7,TID_SP_CLAIM_TASK,领取
f37561514e163bed,TID_SP_REWARD_TITLE_AUTO_FORGE_PERK,铸造增量，费用降低！
44868a57f1af61a0,TID_HARD_MODE_MINUS_ONE_DESC,防御设施伤害提高15%。防守方英雄伤害和生命值提高15%。进攻方英雄伤害和生命值降低5%。
b05d8710b1c111f9,TID_GIVEN_ABILITY_BOOST_DAMAGE_PERCENTAGE,<ability>伤害提升%：<number>
607afb7ecc5b9de9,TID_SP_TASK_INFO_03,
52c685519eb47bf5,TID_SP_DAILY_TASKS,每日任务
4c57652516901e5b,TID_SCENERY_CLASSIC_METEOR,经典陨石村庄
b5599b554f3d5ce4,TID_SP_GET_GEM_ALTERNATIVE_TEXT,您的魔法物品仓库无法存放所有的活动奖励。\n\n是否以<cb3f357><amount>宝石</c>的价格出售溢出的奖励？
9af36075d5975e56,TID_SCENERY_DESERT_NIGHTS,沙漠之夜
23f080821dbbd1aa,TID_GEAR_TITLE_DEADLY_DASH,火箭背包
dd29bf4e5d723e99,TID_SEASONPASS_BUTTON_REWARDS,奖励
9f8c8ac42c3e9881,TID_PROSPECTOR_GP_AD_EXPIRES,离过期还有：
88ab0436050d508d,TID_SEASON_PASS_BANK_PAYOUT_MUL_SP,通过黄金令牌解锁，使资源箱奖励提升至<num>倍！
582f8255a4fba644,TID_SEASON_PASS_PERK_FORGE_DESC,解锁铸币坊中的一个额外栏位，在该栏位铸造不需要建筑工人。
b4144766f232209a,TID_HASTE_DAMAGE,伤害提升%：<number>
e954a8e95cb5400b,TID_SEASON_PASS_BANK_PAYOUT_TOOLTIP_TEXT,月度挑战结束时，资源箱中开出的资源提升至<num>倍。
23cd1f6b2d7e2bb3,TID_SP_COMPLETED,月度挑战奖励之路已完成！
f0387781e7114d09,TID_CHARACTER_INFO_BOMBER_SHORT,一个喜欢炸弹、讨厌城墙的兵种。
06ba9d5431c03770,TID_BP_AUTO_CONVERSION_TEXT,所有超出库存上限的奖励将被转换为宝石。
7b2d1d6167377d1c,TID_SP_ALL_TASKS_COMPLETED_TITLE,暂无更多任务！
e9f0928ba80fb341,TID_DRAGON_DUKE_PASSIVE_ABILITY_HELP,远离友方飞行单位可使伤害提升<num>%，攻击速度提升<num2>%，并使受到的陷阱伤害减半。
8e5145ebca0f1b09,TID_POPUP_ADD_CHARGE_EFFECT,花费<cost><resource>使<item>立即获得充能特效。您可以随时开启或关闭此特效。
12667e9ccf07dbaf,TID_SP_TASK_INFO_TIMER,离解锁下一张任务卡还有：<time>
76c1f2b26b67d317,TID_LNY26_CHAMPION,红孩儿战神
2e3b9ac3db92da69,TID_SEASON_PASS_CHEST_INFO,打开宝箱有机会获得史诗奖励！
cdefdecbc3932a1d,TID_LNY26_MINION_PRINCE,牛魔王子
b6e420cf66970147,TID_SLOW_ATTACK,攻击速度降低%：<number>
8259f36409f6d1cb,TID_GEAR_TITLE_FIRE_BLAST,
5922a82f7d120145,TID_PET_ABILITY_RAVEN,闪光扫击
5b89916b9b5c7a25,TID_SP_REWARD_TITLE_BANK,更大容量的资源箱！
30a9dd858d776934,TID_SP_GET_GEM_ALTERNATIVE_TITLE,仓库已满
29e3881adc10a6be,TID_SCENERY_LNY26,火马仙宫
5f6dc100264a066b,TID_CLANGAMES_TASK_USE_HERO_BATTLE_COPTER,旋翼风暴
4764788e453b2898,TID_CHARACTER_ITEM_NOT_VIEWABLE,该装备不可用。
e94af7c29230b181,TID_SEASONPASS_BANNER_TEXT_ENDS_IN,离结束还有：<time>
04ef74ac2584b461,TID_PIGGY_BANK_TITLE,猪猪资源箱
98c625cafac23ea3,TID_SPELL_RECALL_HOUSING,可召回的部队容量：<number>
13b48c3000891a8e,TID_HERO_ABILITY_TIME,技能持续时间（秒）：<number>
259df9a9fed0181c,TID_SHIELD_PROTECTION,伤害减免%：<number>
a995d43a10abc92f,TID_HARD_MODE_MINUS_TWO_DESC,防御设施伤害提高10%。防守方英雄伤害和生命值提高10%。
6e6c813048c1fc3d,TID_HARD_MODE_MINUS_ONE_DESC_LIST,•<cff4b84ff>防御设施</c>伤害提高15%。\n•<cffff4ba8>防守方英雄</c>伤害和生命值提高15%。\n•<cffff4ba8>进攻方英雄</c>伤害和生命值降低5%。
a80c2eab5a44e004,TID_GEAR_INFO_ANGRY_TOME,附近友军单位会造成额外伤害。
947a2c841684c495,TID_DECO_DARKNESS_THRONE,黑暗王座
32e020286b95cdbc,TID_PIGGY_BANK_DESC,储存通过战斗获取的战利品，在月度挑战结束时开启！
b4c49c0faee4218d,TID_SPELL_DUPLICATE_HOUSING,可复制的部队容量：<number>
e681eb5b772a3888,TID_LNY26_QUEEN,白骨女皇
fd3d5ca8b8bc1faf,TID_GROWTH_AURA_PERCENT,生命值提升%：<number>
329b7f6b56de6da2,TID_GP_POP_BANK,更大资源箱
aa8058524bcc7cc3,TID_GEAR_INFO_FROZEN_ARROW,冰封箭矢会减缓被命中目标的速度。
e9c76536fd8475ef,TID_HERO_INSTRUCTIONS_MINION_HERO,这个自称暗黑王子的家伙是个狠角色！亡灵王子会在空中使用暗黑魔法对目标造成伤害！防守时，他只会被对空单位攻击。
52c78e2adafd8fba,TID_WEAPON_EARTHQUAKE_SPELL,地震法术塔
c1d06c525fb8dadd,TID_GEAR_INFO_LIFE_GEM,附近友军单位获得额外生命值。
02f59fcd700686e7,TID_DEGENERATION_TIME,持续时间（秒）：<number>
240d00820becc5b9,TID_GEAR_INFO_HEALING_TOME,治疗大守护者和所有附近友军单位。
0fba53f1cd246513,TID_SEASONAL_DEFENCE_SEASON_3_TITLE,精制阶段
1802c8190068f753,TID_SEASONAL_DEFENSE_ROASTER_MODULE_EFFECT,
f05408b108d1d24a,TID_REQUIRE_HERO_UNLOCKED,需要<hero>以解锁
ae7f8fb4994e7932,TID_FEATURE_LABORATORY_DESC,实验室里负责研究的法师可以让您的军队变得更强！
b05a2159baa49e76,TID_SHIELD_LOW,低
9afa12a7a1049037,TID_GEAR_INFO_ROYAL_CLOAK,使弓箭女皇隐身并强化其攻击。
0d2541e26d1c90b6,TID_CLANGAMES_TASK_USE_HERO_ARCHER_QUEEN,女皇至尊
c3db0960b8a73de6,TID_ATTACK_SPEED_INCREASE,攻击速度提升%：<number>
cf82b8ca83c11a7f,TID_AURA_HITPOINTS_INCREASE,光环提升生命值%：<number>
c6c44cb20f448775,TID_FREEZE_PERCENT,减速%：<number>
15a9f48b6c139290,TID_VILLAGER_PROSPECTOR_AMOUNT_ZERO,您需要选择一种矿石进行转换！
2328fb870dc3e115,TID_SP_POPUP_AD_DESC_PERKS_GP,解锁奖励之路上的特权。
06e780fd3998325b,TID_SP_TASK_UPGRADE_TROOP,开始实验室研究
1279b9a68ffb7116,TID_ATTACK_COOLDOWN,进攻冷却时间（秒）：
4773a8db92d08c23,TID_DEATH_FREEZE_TIME,被消灭时的冰冻效果(秒)：<number>
7cbbe2967e7b557e,TID_SEASONAL_DEFENCE_SEASON_3_DESCRIPTION,首领，新的零件已送达！趁着它们还能用，赶快建造并升级精工防御吧！
3c88d588240a3580,TID_SEASON_PASS_REWARD_LOCKED,您需要黄金令牌才能解锁这个奖励。
e50573a396515332,TID_SEARCHING,正在搜索...
dcd92dd861b26e5b,TID_MAP_LOCATION_2,闲人免入
8e5d84835adcff21,TID_FAQ_TEXT_REPLAY,系统中可同时存储的战斗回放数量是有限的，所以您最好尽早观看它们。很抱歉，当游戏更新或维护后战斗回放将会被清除，望您知晓。
87cef1c119052626,TID_DIAMOND_BUNDLE_TH8_INFO,• <gems>宝石\n• <res0>金币\n• 2级炸弹塔\n\n礼包中的建筑无需花费建造时间，存放礼包中的资源不受最大储量限制！\n\n该<cffec78><value>倍超值礼包</c>只可购买\n一次，千万不要错过哦！
50d61cc36c62158f,TID_DEVICE_LINK_ERROR_NOT_ATTACHED,您的村庄目前尚未与苹果游戏中心(Game Center)帐户关联。请先登录未曾关联任何村庄的苹果游戏中心帐户，然后重启游戏。\n\n系统将询问您是否要将当前村庄关联到该苹果游戏中心帐户。请回答\q是\q。\n\n警告：关联村庄是永久性操作，并且今后无法更改。
dbc5ace7b19cfc57,TID_POPUP_BOOST_SPELL_FACTORY,要在<time>内将法术配制速度提高至原来的<multiplier>倍吗？
6759417866452f1a,TID_START_WAR_FAILED_ENEMY_HAS_TOO_MANY_REQUESTS_PENDING,无法发起部落友谊战，还有多个友谊战邀请待处理
29474aacca87e3b7,TID_OTHER_TROOP_LEFT,该兵种已用完，请选择其他兵种
7ee977659dc7c4e4,TID_ALLIANCE_INVITATION_FAILED_AVATAR_HAS_TOO_MANY_INVITES,玩家的收件箱已满，暂时无法发送邀请！
c992bd1f3af31644,TID_EVENT_CHRISTMAS_UNIT_UPCOMING,Clash圣诞节第三天
043bd749e454186b,TID_ACHIEVEMENT_REWARD_CLAIMED,取得成就！您获得了<number>颗宝石。
a9d6a4e5fa7eaff1,TID_ACHIEVEMENT_ACCOUNT_BOUND_GAME_CENTER,绑定Game Center账号
d32164eecf602a96,TID_HINT_CLAN_WAR,参加部落对战，享受战斗的快感，收获丰厚的战利品！\n请关注官方微信订阅号cocsupercell和服务号coc-kefu
0f87c1cc85d0747a,TID_ALLIANCE_DONATE_BUTTON_QUICK,立即增援！
02872fcbba66423d,TID_ACHIEVEMENT_UNIT_UNLOCK,解锁<name>
819ea1c879e7a2df,TID_DEFENCE_TROOP_LEVEL,兵种等级：<number>
13bca340e75467c9,TID_RESOURCE_CAP_FULL_ELIXIR,建造更多圣水瓶或者升级圣水瓶！
460152aac907b1cd,TID_SHIELD_POPUP_NONE_DESCRIPTION_1,要是您没有护盾或者村庄守卫，那么可能会随时遭到攻击。务必不惜一切代价保卫大本营！陷阱、英雄和部落城堡援军能够大幅强化防御。
9eccbb9ba74c517c,TID_TUTORIAL_TOWN_HALL_2,干得好！大本营升级后，我们可以修建新的建筑了。
6c89a3d00f57d473,TID_AMMO_FILL_CONFIRMATION_ALL,所有X连弩已准备就绪！
c3393221582b711a,TID_LEAGUE_INFO_PLACEMENT_HEADLINE,进攻任何村庄以获得进入联赛的资格
4a0c25cf7b869220,TID_TOWN_HALL_INFO,这是村庄的核心地带。升级大本营，可以解锁新的建筑。\n摧毁敌军大本营，您将赢得战争，并获得一颗星。\n摧毁敌军50%的建筑及其大本营，可赢得第二颗星。\n如果100%全毁敌军建筑，则获得满分三星。\n小心！敌军也会摧毁您的大本营！\n把大本营建在村庄中心，并在其周围建造城墙、陷阱以及其他防御是最安全的举措。\n敌军十分狡猾，可能在村庄的任何一侧发起进攻！
31e920f604ebefba,TID_ACHIEVEMENT_CASTLE_TITLE,帝国缔造者
a3951346a96f9e5b,TID_HINT_WARLOCK_INFO_1,虽然女巫自身的远程攻击能力较弱，但她召唤的骷髅勇士们可以无情地撕开敌人的防线。\n请关注官方微信订阅号cocsupercell和服务号coc-kefu
854484e1c1183365,TID_FAQ_TITLE_LOSTGEMS,我刚刚购买了宝石，但是一直没有收到。怎么办？
1f3b40791b48cf98,TID_NEWS_MAYUPGRADES_TEXT,11级大本营可解锁\n• 14级加农炮\n• 4级熔岩猎犬\n• 7级气球兵\n\n7级以上大本营可解锁\n• 2-4级隐形弹簧\n\n10级以上大本营：\n• 巨石投手所需空间降至6
bc584edd8be1fabf,TID_TUTORIAL_WAR_BATTLE_1,我们将在战斗日攻击！奖杯和护盾在这里没有意义，只有胜利！
0b1cd206b1845eac,TID_DEVICE_LINK_ERROR_CODE_CURRENT_VILLAGE_TOO_HIGH_TEXT_ANDROID,您的村庄已与您所登录的Google帐户永久关联。\n\n您的村庄大本营已经达到<level>级或者进行过游戏内购，因此该村庄不能被覆盖。
1c8acfb9dadeb2d1,TID_TUTORIAL_ELIXIR_1,啊，忘记告诉您了，圣水对训练军队、修建建筑尤为重要。
52920065868a3b17,TID_WAITING_FOR_DUEL_NOTIFICATION,一名玩家准备好进行对抗赛了！
7482dec6d94359a8,TID_FAQ_TITLE_TROPHIES,奖杯是如何计算的？
d4b2619349e18d59,TID_FAQ_TEXT_RESET_ANDROID,不建议重置游戏。如果您\q卸载\q游戏（或用应用管理器清除游戏数据），您将丢失所有进度。重要：为防止您的进度意外丢失，请使用Google Play Sign-In以保护您的村庄。使用一次Google Play Sign-In之后，您便可以通过登录同样的账户回到您的村庄。
c855a83528126947,TID_HINT_VERSUS_BATTLE3,每天在对抗赛中获胜3场可获得丰厚的战利品奖励。
c067bdb722e2cadf,TID_LEADERBOARDBANNER_TIMELEFT,结束还有：
bc6ee5454001088e,TID_NEWS_VIDEO_TITLE_WAR,想了解部落对战吗？
42ff1ff1de358513,TID_LEAGUE_GOLD3_SHORT,金杯III
409d0458fdd0298d,TID_FAQ_TEXT_MULTIDEVICE,您可以在多个设备上使用同一游戏账户进行游戏。请确保您已将游戏账号绑定到苹果游戏中心(Game Center)，登录此游戏中心账号，您便可以在其它设备上加载游戏进度。
256618c11fa6c89b,TID_NEWS_UPDATE_TEXT,* 改良了雷电、毒药、地震与冰冻法术！\n* 10级大本营可解锁7级雷电法术和25块全新的城墙哦！\n* 总摧毁程度现在成为了部落对战的胜负标准：从现在起，如果部落对战结束时双方所获胜利之星数量相等，在最佳攻击中总摧毁程度更高的部落将赢得对战胜利！
52c1a5414dce0fb4,TID_START_WAR_FAILED_PENDING_REQUEST_EXISTS,无法发起部落友谊战，还有友谊战邀请待处理
992ffdce92e24a3b,TID_LEAGUE_BRONZE3_SHORT,铜杯III
69f93490aa7141e2,TID_NEWS_XMAS_2016_MORE_TITLE,其他更新
7127c89e9dabea2d,TID_LEAGUE_HERO3_SHORT,三级泰坦杯
36189fcd87809890,TID_LOCAL_NOTIFICATION_EVENT_XMAS_3,首领，抓住Clash圣诞节的尾巴，带着寒冰法师出征吧！
c171300e6f7547fd,TID_UNITS_LEFT,还剩<number>个
27c9fd9be5fac009,TID_REVENGE_NOT_AVAILABLE,无法复仇
8b32a535396366f5,TID_LEAGUE_CRYSTAL1,一级水晶杯联赛
4df3573a2b37ec2b,TID_DARKTOWER_AMMO_ALREADY_FULL_ALL,所有地狱之塔装填完毕！
cb25ee98283cf3b8,TID_HINT_AIR_MINE_MINION,搜空地雷无法探测到亡灵。\n请关注官方微信订阅号cocsupercell和服务号coc-kefu
388924f59b8f6c15,TID_POPUP_CANCEL_CLEAR_TITLE,停止移除障碍？
808fa16fd1d25d4c,TID_TAP_TO_EXPAND,点击屏幕以放大画面
a7c74aa1addb99a6,TID_WAR_INFO,在为期两天的激烈对战中获得更多胜利之星的部落将赢得胜利！获胜部落可获得战利品和部落经验值奖励哦。进攻获胜可赢得额外的战争奖励；但如果您的部落战败了，您将只能获得少量战利品。此外，部落对战出现平局时，在最佳攻击中总摧毁程度更高的部落将赢得对战胜利！
a67615737bb00401,TID_ACHIEVEMENT_WAR_LOOT_COMPLETED,通过部落对战获得的金币总数：<value>
ec4d405715e479ba,TID_ATTACK_FAIL_SHIELD,玩家有护盾保护，不能攻击哦！
0d2ab59297dbfcc0,TID_NEWS_TH11_UPDATE_TH11_TEXT,• 体验有史以来最大、最惊人、最具挑战的大本营等级：11级大本营！\n• 解锁新英雄大守护者，他能让军队所向披靡！\n• 解锁天鹰火炮防御建筑，能在远距离向敌人倾泻毁灭性打击\n• 更多防御建筑，包括一门额外的加农炮、箭塔、法师塔以及x连弩！\n• 亡灵、女巫、法师塔的等级也有所提升！
2c6731a00380bcc0,TID_FAQ_TITLE_SPELLS,什么是法术，该怎样使用法术？
1d470309e1fe9029,TID_INFO_POP_UP_TOS_PP_NOTE_TENCENT,《部落冲突》是一款免费游戏，但是您可以通过应用内购买加速游戏进度。轻按确定以接受我们的条款与隐私保护政策。
50c0236756d742ec,TID_BIND_TO_NEW_GAMECENTER_ACCOUNT_TITLE,登录新的苹果游戏中心(Game Center)账户
32df981a435274c4,TID_HINT_ARCHER_TARGET,任何进入射程的敌人都逃不过弓箭手的穿杨之箭。\n请关注官方微信订阅号cocsupercell和服务号coc-kefu
d468f2024f77355c,TID_DEVICE_LINK_ERROR_CODE_CURRENT_VILLAGE_TOO_HIGH_TEXT,您的村庄已与您所登录的苹果游戏中心(Game Center)帐户永久关联。\n\n您的村庄大本营已经达到<level>级或者进行过游戏内购，因此该村庄不能被覆盖。
26e1cebab0629d46,TID_NEWS_TROOP_TEXT,这种用岩石和熔岩生成的飞行生物能承受大量伤害。它的攻击目标是防空火箭，可深入敌人村庄，为其他部队提供掩护。被摧毁后，它会分裂成更多体型和威胁都更小的迷你熔岩犬，继续与敌军战斗。
e51cd8d5cd661e7b,TID_FAQ_TEXT_RECRUIT_ANDROID,您可以邀请自己的Google Play和Facebook好友加入您的部落或者从公众聊天室邀请玩家加入。\n\n要邀请您的Google Play和Facebook好友，您的好友必须已经玩《部落冲突》，用他们的帐户连接到Google Play或Facebook，并且已重建自己的部落城堡。满足这些条件后，您能够在好友菜单中看到自己的好友，然后您可以点击他们的名字并且从上下文菜单中选择\q邀请\q。从公众聊天室邀请玩家的方式与此相似：单击玩家的消息，并从上下文菜单选择\q邀请\q。
11c1c39874d649bc,TID_FAQ_TITLE_MULTIDEVICE,我能用多个苹果设备登录同一个游戏账户吗？
0640a511bae74081,TID_LOOT_GAINED,获得战利品：
6db18c3abfc0afdc,TID_GOLD_MINE_INFO,金矿生产金币。升级金矿提高金币产量和储量。
277898ab77c3ec72,TID_POPUP_RELOAD_ALL_XBOWS,重新装载所有X连弩
4529616823b67754,TID_ACHIEVEMENT_DESTROY_XBOW_COMPLETED,总共摧毁X连弩：<value>
c1eb943e5625ce37,TID_HINT_GIANT_TARGET,巨人喜欢攻击加农炮等防御建筑。\n请关注官方微信订阅号cocsupercell和服务号coc-kefu
8c0597a305f345d8,TID_GUARD_INFO,攻守兼备的最佳道具！村庄守卫不仅能保护您的村庄免受敌人攻击，还能让您随心所欲地攻击其他玩家。村庄守卫只能在没有护盾的情况下使用。
2444f329067df560,TID_HINT_CHAT_REPORT_LIMIT,只在必要时举报玩家——别玩过火了！\n请关注官方微信订阅号cocsupercell和服务号coc-kefu
e67b358da7d4165b,TID_LINK_SAME_PLATFORM,要在多台iOS设备上玩同一个村庄，请确保您已在本台设备上登录苹果游戏中心。\n\n然后，请在另一台苹果设备上登录此苹果游戏中心账号。您的游戏进度将会自动同步。
b106f716d9808059,TID_START_MATCHMAKE_HINT,攻防兼顾！赢得对抗赛，获取额外奖励！
f0e673a0aa32a8ea,TID_SHOP_PURCHASED,已购买
368326bd2335e471,TID_POPUP_TEXT_ABOUT_TO_SELL_FREE,您确定移除<item>吗？
efeeb46fe917e8d9,TID_ALLIANCE_WAR_TOTAL_LOOT_STOLEN,被盗的战利品总数：
37f6c02acdbf5673,TID_LEGEND_SEASON_TITLE,<month><year>传奇杯联赛锦标赛
fd009b0d588c57b8,TID_HINT_HERO_GRAND_WARDEN,大守护者掌握了神秘的神器，能让周围的部队更加强大。\n请关注官方微信订阅号cocsupercell和服务号coc-kefu
b9c125b477726301,TID_POPUP_REMOVE_WAR_DONATION_TITLE,要解散这些增援部队吗？
e78e1e8f30a8fa0e,TID_EDIT_MODE_CANNOT_SAVE,当前阵型正在使用，无法在稍后完成
269b647fb51a95d6,TID_VIEW_HIGHSCORES,查看世界范围内最强悍的部落和玩家。
8efc6a2c4f402e1d,TID_VILLAGE2_DUEL_WAITING,另一个玩家正在搜索对抗赛！
ffe2b11542642dce,TID_DOUBLE_CANNON_INFO,双管加农炮，每管发射双倍炮弹，发射的炮弹数量相当于普通加农炮的四倍。
9432537b00933ceb,TID_PROMOTE_TO_LEADER_CONFIRMATION_TITLE,确定让位吗？
5bf3484faf33648f,TID_FAQ_EXTERNAL_BUTTON,Famitsu
2a172d3f3f463565,TID_HINT_DPS,军队和防御建筑的伤害值显示的是每秒伤害值。\n请关注官方微信订阅号cocsupercell和服务号coc-kefu
c40107e0ea8e1214,TID_HINT_GIANT_DEPLOY,巨人可承受巨大伤害，先派遣他们以吸引敌军火力吧。\n请关注官方微信订阅号cocsupercell和服务号coc-kefu
d2d25d65f09ca8ab,TID_HINT_HEALER_INFO,天使只能治疗地面部队，不能攻击敌人。\n请关注官方微信订阅号cocsupercell和服务号coc-kefu
e0156ba04402cd6b,TID_ACCONT_LOCKED_TEXT,出于安全原因，您的账户已被锁定。请输入解锁代码恢复您的账户。
7735f7a32814a01f,TID_FAQ_TEXT_UPGRADES,点击要升级的建筑并选择\q升级\q选项。升级大本营可解锁新的建筑，还能进一步升级已有的建筑！\n\n建筑在升级时无法使用。这意味着在升级时，金矿和圣水收集器将不再产出相应资源；加农炮和箭塔也不会攻击敌军。
58b60ac7a92fbce2,TID_LEAGUE_MASTER2,二级大师杯联赛
42a44fecc2284639,TID_FAQ_TEXT_CONTROL,一旦被您投放到战场上，您的部队将不再听从您的调遣。当您派遣战斗部队时，屏幕上显示的瞄准镜为该部队的首选攻击目标。不同的作战单位会根据自己的能力和攻击偏好选择攻击目标。请进入训练营查看各作战单位的信息，了解他们的攻击偏好。
20c01caecae6249a,TID_NOT_ENOUGH_WORKERS_TEXT,立刻完成一个建筑以空出一个建筑工人吗？
a27c2a60a782e2df,TID_HINT LEAGUE_SHUFFLING,每个联赛历时一个月。
9ebb8f4a2b5bf958,TID_HINT_DARK_ELIXIR_BUILDINGS,从7级大本营开始可以储存、生产暗黑重油，还可拥有暗黑重油部队！\n请关注官方微信订阅号cocsupercell和服务号coc-kefu
65b5e391a82c99e9,TID_HINT_MORTAR_DAMAGE,迫击炮能对地面部队造成溅射式伤害。\n请关注官方微信订阅号cocsupercell和服务号coc-kefu
c64da82c83697efb,TID_PUSHER_INFO,将敌军地面部队向您设定的方向弹射。走你！
3ea7ba1e56b10d0f,TID_LEAGUE_GOLD2,二级金杯联赛
486dc99aa61bf1b4,TID_HEALING_WAVE_INFO,恢复军队的元气，让他们保持战斗力！\n\n施放疗伤法术会产生一个治疗效果光环，治愈该法术光环之内的部队。
b9c7950cd62ecbaf,TID_FAQ_TEXT_MATCHMAKING,联机模式的匹配只基于奖杯数量，而不是取决于经验等级或联赛等级。这意味着，对于奖杯数量在同一范围内的玩家来说，他们之间可以相互攻击。我们将这个范围限定得比较宽松，以便让您始终可以搜索到进攻目标。
a6e8556b6b0f7527,TID_FAQ_TITLE_CLAN,如何加入或创建部落？
3e2dc65c0c7c252a,TID_NEWS_TH11_UPDATE_GUARD_TEXT,• 村庄守卫能保护您免遭攻击，并能让您攻击他人\n• 您可以在护盾失效时获得免费的村庄守卫，然后就可以自由攻击，无需担心受袭\n• 联赛等级越高，您获得的免费村庄守卫时间越长 - I级泰坦联赛和传奇联赛的玩家能获得100%保护！\n• 您每天可以在商店购买一次2小时的额外村庄守卫
c670d045da9883fa,TID_HINT LEAGUE_PROMOTION,获得更多奖杯，晋级至更高联赛等级。联赛等级越高，获得的额外奖励越丰厚！\n请关注官方微信订阅号cocsupercell和服务号coc-kefu
40993e384d6d9729,TID_NO,不，谢谢。
256061a4ac2caf32,TID_TRAP_HALLOWEEN_SKEL_INFO,骷髅兵存活时间短，但却异常狡猾，他们出其不意地伏击毫无戒备的敌军部队，并分散他们的注意力！您可以将骷髅陷阱的目标设置为地面部队或空中部队。
ae23b756e68f1751,TID_GOOGLE_ACCOUNT_ALREADY_BOUND,Google Play登录失败！您的Google账户已关联另一个村庄。
07b8a9449ef21dfd,TID_LEAGUE_SILVER2,二级银杯联赛
b56fc1acce8ecc4a,TID_LABORATORY_INFO,炼金术士们在实验室隐藏着什么秘密呢？没人敢去瞧一眼。我们只知道这些研究可以使我们的军队和法术变得更强！
dfec2a72b0ae41c6,TID_INFO_POP_UP_IAP_NOTE_ANDROID,《部落冲突》是一款免费游戏，但是您可以通过应用内购买加速游戏进度。要禁用这一功能，请在您的Google Play商店应用设置中设置购买密码保护。此款游戏仅适合年满13周岁以上者。
a8f8d792280401a2,TID_NEWS_OCT_2017_UPDATE_TITLE_2,新的建筑和单位等级
ac2ce12c1effa78a,TID_LEAGUE_SILVER2_SHORT,银杯II
1ccd09c5186aaaa3,TID_NEWS_VIDEO_TEXT,我们推出了全新的电视动画广告！快来看看您最喜欢的Clash角色吧！
6bcefdb1603dd6f1,TID_LIGHTNING_STORM_INFO,用闪电电击敌军！\n\n向敌军村庄施展雷电法术，摧毁建筑并攻击小范围内的部队。
22d33fed7867d527,TID_LEAGUE_CRYSTAL3_SHORT,水晶杯III
b0a8991012d91ca7,TID_BUY_MISSING_RESOURCES_TEXT_TWO,要购买所缺的<count><resource>和<count2><resource2>吗？
32c41d65e2d2df2b,TID_BARRACK2_INFO,建筑大师训练营为对抗赛训练部队！您还可以在发动进攻前快速更换部队。升级建筑大师训练营以解锁更多兵种！
23bddaefbe895336,TID_DIAMOND_BUNDLE_BH4_INFO,• <gems>宝石\n• <res0>圣水\n• 1级守卫岗哨\n• 1级特斯拉电磁塔\n\n礼包中的建筑无需花费建造时间，存放礼包中的资源不受最大储量限制！\n\n该<cffec78><value>倍超值礼包</c>只可购买\n一次，千万不要错过哦！
5d5a54ead26bbb4c,TID_HINT_INFERNO_TOWER_TARGETS_1,地狱之塔可对其持续锁定的目标造成毁灭性的伤害。\n请关注官方微信订阅号cocsupercell和服务号coc-kefu
0ffb8b380db00313,TID_UPGRADE_FINISH_NOW,升级完成：
2dd56f42e6a1c0c3,TID_INFO_EFFECT_TYPE,影响类型：
bd8b2ae8ce58124a,TID_MULTIDEVICE_INFO_ANDROID,使用Google Play登录来保存您的进度并在多台安卓设备上玩同一个村庄。
8451713445d02c3d,TID_ALLIANCE_WAR_ATTACK_FAILED_ALL_ATTACKS_USED,您已使用完本次对战的所有进攻次数！
9dcc0d39792d525d,TID_HINT_GUARD,在村庄守卫期间您的村庄不会遭受攻击，并且向他人发动进攻，不会扣除守卫时间。\n请关注官方微信订阅号cocsupercell和服务号coc-kefu
1bf3d48265536e15,TID_ABOUT_ANDROID,"制作人员\n\n<names>\n\nClash of Clans ™ <version>\n版权所有 2012-2017 Supercell Ltd.保留所有权利。\n美国专利申请中\n所有使用本软件的行为受制于我们在www.supercell.net列明的条款、细则以及隐私保护政策。\n客服请联系clashofclans.android@supercell.net。\n\nFMOD 声效系统，版权所有 © Firelight科技有限公司,1994-2017.\n\n游戏所使用的MPEG Layer-3音频编码技术经由 Fraunhofer IIS 和 Thomson Licensing 授权许可"
7dce92e24a3bf904,TID_LEAGUE_BRONZE1_SHORT,铜杯I
5b996d46fa838f83,TID_ACHIEVEMENT_VICTORY_POINTS,在联机模式中达到<number>个奖杯
0e08128b0ea0df54,TID_HINT_ACCOUNT_SECURITY_1,切勿将您的苹果游戏中心密码告知他人！\n请关注官方微信订阅号cocsupercell和服务号coc-kefu
d8375ce12c1effa7,TID_LEAGUE_SILVER3_SHORT,银杯III
c4b679a7bbeba24a,TID_HINT_ACCOUNT_SECURITY_2_ANDROID,Supercell员工绝不会向您索要您的Google帐户密码！\n请关注官方微信订阅号cocsupercell和服务号coc-kefu
9866112860164a3f,TID_START_WAR_FAILED_ALREADY_IN_WAR,无法发起新的部落对战，您的部落已经在战争中！
497b67ef4634a585,TID_FAQ_TEXT_CLANSCORE,部落总积分是根据一个复杂的公式计算出来的，它综合考量了所有部落成员的奖杯数，而不是简单相加。这个算法可以让部落排名更加公平合理。
1075906e1174c990,TID_POISON_CLOUD,毒药法术
e028f2c43bbb736d,TID_CHAT_FAIL_BANNED,您被临时禁言，很抱歉，您暂时不能在公众聊天室发言。
4fead00a50f83e22,TID_FAQ_TITLE_CHANGENAME,我能否更改村庄名称？
65bcb391c55effc6,TID_WAR_SIZE,对战规模：<num> VS <num>
3eb6e448058b4c96,TID_EVENT_CHRISTMAS_TRAP,Clash圣诞节特别活动：冰冻陷阱
f09fc3a5a5d5dd65,TID_LEAGUE_CHAMPION2_SHORT,二级冠军杯
6861e4e664e7de2f,TID_HINT_USE_SPELLS,法术对战斗结果有决定性作用，一定要明智使用！\n请关注官方微信订阅号cocsupercell和服务号coc-kefu
c7ea2b0d8f8c0eba,TID_REPAIR_CLAN_CASTLE_2,加入部落与其他玩家结盟，互相派出增援部队，并在部落对战中并肩作战。\n\n创建自己的部落，与好友并肩作战，招募部落成员，最终率领您的部落雄霸天下！
4d55ede1ddee0eed,TID_HINT_SPELL_EARTHQUAKE2,对同一建筑重复投掷地震法术，造成的伤害会递减。\n请关注官方微信订阅号cocsupercell和服务号coc-kefu
eb3d8f6704ffe084,TID_LEAGUES_III,III
a6a05e716ce449c8,TID_HERO_ABILITY_HEALTH,生命恢复：<number>
80c3694d3c22ff1a,TID_TUTORIAL_MEET_NEW_BUILDER,Zzz...
0001014c0159153c,TID_TOWN_HALL2_INFO,建筑大师的家，战斗中的主要目标。\n\n在进攻中摧毁敌军的建筑大师大本营可获得一颗胜利之星。在对抗赛中获得最多胜利之星的一方获胜，如胜利之星数量相同，则造成更多伤害的一方获胜。\n\n升级建筑大师大本营来解锁更高级的建筑和兵种！
a18b8e54340234ae,TID_HINT_RESOURCES_ARE_SAFE,建筑大师基地中的资源不会遭到敌人的掠夺。\n请关注官方微信订阅号cocsupercell和服务号coc-kefu
ec8fc8cd02d24007,TID_MORE_WECHAT_SERVICE,关注官方认证微信服务号coc-kefu
cd3e8cf874049d78,TID_ERROR_POP_UP_BANNED_TITLE,您的账号已被封禁！
0de46c13380f90ff,TID_FAQ_TEXT_TROOPS,战斗结束后，所有幸存的部队将化为圣水，融入大地。\n\n扩大军队规模以赢得战斗是《部落冲突》的战略核心。请谨慎使用各个兵种，精心谋划各个兵种的训练数量。如果只是不顾性价比而盲目进攻的话，得到的可能是苦涩的胜利。
c9941c3b18ac4cf4,TID_EVENT_CHRISTMAS_TRAP_UPCOMING,Clash圣诞节第二天
69c5c3f7d729a329,TID_FAQ_TEXT_CLAN,要想加入或创建部落，您首先需要找到村庄内的部落城堡废墟，重新修建部落城堡。完工后，请点击部落城堡选择加入或创建一个部落。部落城堡也可以用来驻扎来自部落成员的援军和法术。部落城堡里的援军会进行防御，您也可以带上部落城堡内的援军和法术进攻他人。
28bf9c0289452ecb,TID_KICK_MEMBER_CONFIRMATION,把<name>踢出部落吗？
810f92e317614807,TID_POPUP_ABOUT_TO_SELL,您确定出售吗？
d13c62ca5d21055f,TID_VS,vs
733feca317d52730,TID_LEAGUE_CRYSTAL2_SHORT,水晶杯II
90326313c031165b,TID_TOTAL_DAMAGE,摧毁程度：
018f3a298fe09a06,TID_LEAGUE_III,III
2d8ca7979a8d20a8,TID_FAQ_TITLE_RECRUIT,如何让更多的玩家加入我的部落？
5aea7b6943383cb5,TID_PERSONAL_BREAK_STARTED,您在没有护盾的情况下在线时间过长，系统将很快强制您下线几分钟。
194fa045f42854aa,TID_LOCAL_NOTIFICATION_EVENT_SPECIAL_TROOP_DragonLighting,首领，雷电法术+飞龙活动开始了，200颗宝石等您来拿！
f1ac3a0ce862a3b0,TID_BIND_TO_NEW_GAMECENTER_ACCOUNT,您想将本设备上的游戏进度保存到这个苹果游戏中心(Game Center)账户吗？
89b76a841bf6b927,TID_HINT_XBOW_TARGETS_1,您可设定X连弩攻击小范围内的地面和空中目标。\n请关注官方微信订阅号cocsupercell和服务号coc-kefu
51f27b265b083375,TID_UNIT_COUNT,部队数量：
c4b6940a2c9baaef,TID_NEWS_MAYSPELLS_TEXT,10级大本营新增法术：镜像法术\n• 镜像法术可复制其作用范围内的部队\n• 升级镜像法术，可复制更多部队\n• 5级法术工厂可配制镜像法术\n\n9级大本营新增暗黑法术：骷髅法术\n• 在战场任意位置召唤一群骷髅兵\n• 升级骷髅法术，可召唤更多骷髅兵\n• 在新的4级暗黑法术工厂可配制骷髅法术
778a309b1020edcf,TID_HERO_ABILITY_BARBARIAN_DESC,野蛮人之王施展铁拳出击技能后，将恢复大量生命值并且召唤一群野蛮人一起并肩作战。铁拳出击技能还将短暂提升自身和周围野蛮人的速度和攻击力。
6c858603c4d83d85,TID_ALLIANCE_JOIN_OK,现在您是<name>部落的一员了！
a6bb08cbbcb13f01,TID_ATTACK_FAIL_LEVEL_DIFFERENCE,不能攻击！等级相差超过<level>级
49c2a13fb2d2a9a7,TID_LOADING_CHINA,本网络游戏适合年满13周岁以上的用户使用；为了您的健康，请合理控制游戏时间。京网文[2016]4066-516号 （总）网出证（京）字第149号 著作权人：SUPERCELL OY 出版单位：北京昆仑乐享网络技术有限公司 文网游进字[2015]0062号 新广出审[2015]1084号 出版物号：ISBN 978-7-89988-438-6 抵制不良游戏，拒绝盗版游戏。注意自我保护，谨防受骗上当。适度游戏益脑，沉迷游戏伤身。合理安排时间，享受健康生活。
09531dceff378fb7,TID_POPUP_BOOST_ALL_COLLECTORS,要在<time>内将<number>个该类型的采集器产量加倍吗？
6f45490b692b530e,TID_HINT_DARK_ELIXIR_USAGE,您可以使用暗黑重油召唤领地内最强大的英雄。\n请关注官方微信订阅号cocsupercell和服务号coc-kefu
73cc70118d97a875,TID_HERO_INSTRUCTIONS_QUEEN,虽然生命值不高，但这位优雅的女猎手掌握着毁灭性的力量。在防御时她可以对进入射程的敌人造成致命打击，而在解锁皇室披风后，她可以在攻击中隐身并造成恐怖的伤害！
1b9d73d82bb97f97,TID_MEGA_TESLA_INFO,如果特斯拉电磁塔变得超级庞大会怎样？即使面对最强大的敌军，它的超强力电磁也能对他们造成重创！
2f5321f51b49ad9b,TID_MAP_LOCATION_14,哥布林王的藏身之所
11f09ed77f81f0c6,TID_LAYOUTS_VILLAGE,基地村庄
853b91cc10f6e11f,TID_DIAMOND_BUNDLE_TH7_INFO,• <gems>宝石\n• 野蛮人之王\n• 3级特斯拉电磁塔\n\n礼包中的建筑无需花费建造时间！\n\n该<cffec78><value>倍超值礼包</c>只可购买\n一次，千万不要错过哦！
bd25e990eb332d85,TID_HINT_BOOST_SPELLS,您可以用宝石提升法术工厂生产速度。\n请关注官方微信订阅号cocsupercell和服务号coc-kefu
715fe8927119fccb,TID_HINT_ACCOUNT_SECURITY_1_ANDROID,切勿将您的Google凭据告诉任何人！\n请关注官方微信订阅号cocsupercell和服务号coc-kefu
e4011d128d736b64,TID_BARB2_ABILITY_HELP,在部署后的<num>秒内狂暴，获得额外的移动速度和伤害
2cc7bf97f6e786a0,TID_CHAT_INFO,若要举报不当言论，请点击玩家发出的消息并选择\q举报\q。
5f02bafb3101d16e,TID_HINT_FORUMS,要获取更多信息，请关注官方微信订阅号cocsupercell和服务号coc-kefu
24e25ad2e39b5d90,TID_ACHIEVEMENT_VS_BATTLE_TROPHIES_COMPLETED,对抗赛奖杯记录：<value>
d80034060cf7287e,TID_TUTORIAL_CANNON_2,这是您的新村庄，是不是很美呢？这里本来是世外桃源，可是......
5df471e2e5e968ba,TID_FINISH_SPELL,立刻完成：
bc231596d31874d1,TID_TRAIN_ALL_HOUSINGS_FULL_INFO,升级或建造新的兵营以便容纳更多士兵，或将更多部队派上战场！
70d330d9ac08bb08,TID_TRAP_SANTA_INFO,给敌人制造一份意外的惊喜。您的慷慨定将获得回报！
0a5f02cb9284b0b3,TID_GARG2_ABILITY_NAME,远程狙杀
0741bc53c395bb07,TID_NEWS_VIDEO_TEXT_WAR,观看游戏视频了解部落对战，登录论坛可以获得更多信息哦！
4ba15a1f8dc10d0b,TID_LEAGUE_GOLD3,三级金杯联赛
ba3ffd9be7809c36,TID_ATTACK_FAIL_GENERIC,暂时无法攻击这村庄！请稍后再试。
facaef67d55bfe13,TID_CHARACTER_INFO_PEKKA,皮卡超人是骑士？是武士？还是机器人？只有天知道！皮卡超人的重型盔甲可以抵御强大的伤害。
ac8c81f247d62547,TID_NEWS_BOMB_TOWER_UPGRADES_TEXT,11级大本营\n• 飞龙可升至6级\n• 飞龙宝宝可升至5级\n• X连弩可升至5级\n• 迫击炮可升至10级\n• 特斯拉电磁塔可升至9级\n• 新增25块城墙\n\n10级大本营\n• 法师可升至7级\n• 可解锁4级飞龙宝宝\n\n9级大本营\n• 可解锁6级法师
359334d90b40adee,TID_LEAGUE_MASTER2_SHORT,大师杯II
2a2570423e5f312d,TID_LOCAL_NOTIFICATION_UPGRADE_READY,<item>升级到<level>级
2f7c670c07f357f6,TID_POPUP_TRAIN_TITLE,训练军队<limit>
12d52cb635e42259,TID_HINT_LABORATORY_UPGRADES,一旦实验室开始升级就不能取消。请首领三思哦！\n请关注官方微信订阅号cocsupercell和服务号coc-kefu
96f65f0fb17edd64,TID_ACHIEVEMENT_LOOT_GOLD,盗取<number>金币
ab2bd8d6bf434cdc,TID_TEST_PACK_RES_V2,Test Pack for v2 Res
1db182091d5ce00e,TID_FAQ_TITLE_CONTROL,在战斗中如何控制我的部队？
d46c5e2a09ff0860,TID_HINT_SHIELD_SINGLE_PLAYER,攻打哥布林部落（单人模式）不会导致护盾失效。\n请关注官方微信订阅号cocsupercell和服务号coc-kefu
0023be2e01a447ad,TID_ATTACK_FAIL_TARGET_HAS_GUARD,玩家有村庄守卫保护，不能攻击哦！
1ddf580fde4e88b4,TID_FAQ_TEXT_GUARD,和护盾一样，村庄守卫能保护您免受攻击；不过与前者不同的是，即使您攻击其他村庄，守卫时间也不会减少。护盾每次失效时，您将自动获得一个村庄守卫；联赛等级越高，您获得的村庄守卫时间越长！此外，您每天也可花费少量宝石从商店购买村庄守卫。
716c0b1acf282763,TID_ACHIEVEMENT_LOOT_DARK_ELIXIR,盗取<number>滴暗黑重油
a349a1d7564e5afd,TID_ACHIEVEMENT_DONATE_UNITS,向好友派出<number>单位援兵
bfc9e943c3d2800d,TID_WAR_GOLD,战争金币
b0e34962377d3028,TID_CHAT_UNAVAILABLE,无法使用聊天室！
1081ccab9d9bf125,TID_NEWS_XMAS_2016_UPDATE_TITLE,Clash圣诞节快乐！
6f43eac1d4e8d101,TID_DEVICE_LINK_SUCCESFULL_NEW,您已成功将游戏关联到该设备。要开始玩游戏，点击「确定」即可加载您的账户。祝您玩得开心！
175b30a9bbb9d27b,TID_WITCH2_ABILITY_HELP,被消灭时化身为<num>只蝙蝠
edd71cf8f741589b,TID_NPC35,3A
4823cf0a297c33e3,TID_SHIELD_POPUP_SHIELD_DESCRIPTION_1,护盾能阻止敌方攻击，在联机模式或复仇中查看目标并不会对其产生影响；但是如果发动攻击，它们的有效时间就会缩短。
544d80114d715fa7,TID_FAQ_TITLE_GEM_BOX,如何才能获得宝箱？
dfeece87d527305c,TID_LEAGUE_CRYSTAL1_SHORT,水晶杯I
e60585e943e3ccc1,TID_HINT_REBUILD_CLANCASTLE,重建部落城堡就可以和其他玩家一起并肩战斗！\n请关注官方微信订阅号cocsupercell和服务号coc-kefu
d7c8446c7da683f1,TID_POPUP_SPEED_UP_CONSTRUCTION_SLOWDOWN,<item>正在建造，无法训练军队。您是否要使用<number>颗宝石立即完成建造？
621b45e307160337,TID_HINT_DRAGON_AIR,飞龙是强大的空中部队，可以攻击陆空目标。\n请关注官方微信订阅号cocsupercell和服务号coc-kefu
894f4b4472a3ee81,TID_NEWS_TH11_UPDATE_OVERVIEW_TEXT,• 11级大本营炫酷登场！BOOM!\n• 大守护者和天鹰火炮：有史以来最强大的战术大师和战略武器！\n• 全新军队等级、防御建筑等级和部落法术增援\n• 护盾保护期间您可以随时发动攻击，不过要保护好大本营！\n• 在护盾失效时，村庄守卫会保护你的村庄免受袭击，让你的村庄更安全\n• 哥布林现在会去大本营抢夺资源，更丰厚的联赛奖励以及奖杯奖励等精彩内容！
4ba45ed5c32639f0,TID_WAITING_FOR_COOLDOWN,下次购买前等待：
e00cf1445d233247,TID_LEAGUE_BRONZE3,三级铜杯联赛
3508ed816083b5dd,TID_DEVICE_LINK_ERROR_CODE_CURRENT_VILLAGE_TOO_HIGH_TEXT_KUNLUN,您的村庄已与您所登录的帐户永久关联。\n\n您的村庄大本营已经达到<level>级或者进行过游戏内购，因此该村庄不能被覆盖。
a448cbb1f6e9bf43,TID_HINT_STAR_BONUS,在联机模式中获胜每天可赢取一次胜利之星奖励。
d8e53c8c03b5a193,TID_ALLIANCE_WAR_STAR_XP,拿下<num>颗星后赢取了<xpnum>点部落经验值
dcc67db0399316c4,TID_HINT_RESOURCE_LOSSES,即使您的村庄被彻底摧毁，您的金币和圣水也不会被全部掠夺。\n请关注官方微信订阅号cocsupercell和服务号coc-kefu
85d5503770b7d976,TID_FAQ_TEXT_MULTIDEVICE_ANDROID,是的！首先，请确认您已使用Google Play登录您的Google账户并与村庄连接。接着，您通过相同的Google Play账户，便可以在其他Android设备上载入游戏中相同的村庄。
6cbd46572aecf2e9,TID_HINT HEROES_DIE,英雄拥有不死之身，但也会受伤。要治愈之后才能再次投入战斗。\n请关注官方微信订阅号cocsupercell和服务号coc-kefu
2d55f241b9667a45,TID_DUEL_WIN_BONUS_PERCENTAGE,<percentage>%对抗赛奖励：
c98debabc728ab6e,TID_FAQ_TITLE_UPGRADES,如何升级建筑？
b8640ca51699b501,TID_INFO_POP_UP_TOS_PP_NOTE_KUNLUN,《部落冲突》是一款免费游戏，但是您可以通过应用内购买加速游戏进度。轻按确定以接受我们的条款与隐私保护政策。
5a525cc644e57f7c,TID_LOCAL_NOTIFICATION_EVENT_XMAS_2,首领，Clash圣诞节期间还有新奇的冰冻陷阱哦，赶快去看看吧！
441078e165710dbb,TID_POPUP_BOOST_VILLAGE,在<time>内，采集资源、训练、研究和建造的速度提升至原来的<multiplier>倍！\n\n每<cooldown>可免费提速一次！
582d8bffb11b2f74,TID_ABOUT,制作人员\n\n<names>\n\nClash of Clans ™ <version>\n版权所有 2012-2017 Supercell Ltd.保留所有权利。\n美国专利申请中\n所有使用本软件的行为受制于我们在www.supercell.net列明的条款、细则以及隐私保护政策。\n客服请联系clashofclans.feedback@supercell.net。\n\nMPEG Layer-3音频编解码技术由Fraunhofer IIS和Thomson Licensing授予许可权。
3795ec40f3ec9630,TID_CHARACTER_INFO_GOBLIN,这些麻烦的小家伙眼里只有一件事：打劫！他们的反应比隐形弹簧更快，会无休止地抢夺资源。
bf88475d83aca112,TID_POPUP_UPGRADE_TROOP_TITLE,选择要升级的兵种或法术
e8e31a9eff1b1384,TID_DUEL_TOTAL_WINS,对抗赛胜场：
b0bd90c0a7e57272,TID_POPUP_BOOST_GOLD_MINE,确定在<time>内加倍金币产量吗？
6e87da44b9b33e36,TID_HINT_ARTILLERY,想避免触发天鹰火炮，利用小规模部队发动进攻是个不错的办法。
cfaf3112a6ab02d1,TID_ACHIEVEMENT_WAR_LOOT_TITLE,赏金大师
31f639b35db611ac,TID_HINT_SINGLE_PLAYER_REWARDS,还差一点金币进行升级？可通过单人模式从哥布林那里抢一些！\n请关注官方微信订阅号cocsupercell和服务号coc-kefu
bbf420b5d564de3c,TID_LINK_SAME_PLATFORM_ANDROID,要在多台安卓设备上玩同一个村庄，请确保您已在当前的安卓设备的设置中登录自己的Google帐户。\n\n然后，如果您在另一台设备也使用该Google帐户登录，您的游戏进度将会自动同步。
0ddc1a5241f7a30d,TID_NEWS_MAYSPELLS_TITLE,全新法术！
749d3b76ef558d9f,TID_BUTTON_GENERATE_CODE_TITLE,转移帐户
7ade558325b63909,TID_INFO_POP_UP_IAP_NOTE,《部落冲突》是一款免费游戏，但是您可以通过应用内购买加速游戏进度。要禁用这一功能，请在您的设备设置中关闭应用程序内购买功能。此款游戏仅适合年满13周岁以上者。
469571462902dde1,TID_FAQ_TEXT_BUYING_ANDROID,确保您使用了有效的Google账户，并且已更新您的主要付款方式。您可以在自己的Google电子钱包页面上检查相关信息。如果您对于付款方式或者取消订单有任何问题，请直接与Google联系。
cea7115ed1063b32,TID_HINT_BOOST_RESOURCES,当金矿和圣水收集器升级到5级后，您可以用宝石提高金矿和圣水收集器的产量。\n请关注官方微信订阅号cocsupercell和服务号coc-kefu
a5fa8848d22999bc,TID_LINK_NEW_DEVICE_GAME_CENTER_NOTE,注意: 如果您只在iOS设备上玩，并使用您的游戏中心账号，您不需要关联您的其它设备。只需用相同的游戏中心账号登录。
56691b731d260ac9,TID_POPUP_RELOAD_ALL_INFERNOS,重新装载所有地狱之塔
b13ebd917fede271,TID_POPUP_REMOVE_SPELL_TITLE,要移除法术吗？
c03092db92afe0db,TID_CALL_CENTER_TEXT,[Supercell 服务中心]\n\n电话：1688-6276\n服务时间：周一至周五/早上10点至下午6点\n\n温馨提示\n周末和法定假日不提供客服电话支持\n您可以在游戏中通过发送邮件获得更多帮助
af6109c3adcf85cf,TID_ALLIANCE_WAR_ATTACK_CONFIRM_3STARS,此村庄已经被摧毁，您的部落无法从中获得更多的胜利之星。您确定要进攻吗？
0e09f5e172203056,TID_DIAMOND_BUNDLE_TH9_INFO,• <gems>宝石\n• 弓箭女皇\n• 2级X连弩\n\n礼包中的建筑无需花费建造时间！\n\n该<cffec78><value>倍超值礼包</c>只可购买\n一次，千万不要错过哦！
59402338ba2687ab,TID_DARK_ELIXIR_PUMP_INFO,我们的炼金师终于找到提炼纯净暗黑重油的方法了，这种稀有的魔法物质可来之不易哦。
756e7eef85bc6b67,TID_RESOURCE_CAP_FULL_GENERIC,升级现有的资源仓库或建造更多！
2b386fd816878f86,TID_BALLOON2_ABILITY_NAME,骷髅绽放
5414ee8cbdc922cc,TID_FAQ_TEXT_TROPHIES,当您进攻或防守时，您得到或损失的奖杯数取决于战斗的结果。进攻或者防守的效果则决定了您将获得或损失的奖杯数。如果击败了奖杯数比您多的对手，那您得到的奖杯数比击败那些本身奖杯数就比较少的玩家要更多一些。
8fe5d49a240db0a1,TID_HERO_ABILITY_TIME,技能有效时间：<number> 秒
280c9e3f2eba8c56,TID_UNIT_STORAGE_CAPACITY,兵营容量：<number>
d6de1669095ec227,TID_CLAN_JOIN_FAIL_CLOSED,部落已经关闭！
451f96031896ed40,TID_POPUP_REMOVE_SPELL_TEXT,您真的要移除这些法术吗？您不会得到任何补偿哦！
c3411be690c84813,TID_DEVICE_LINK_ERROR_CODE_SAME_PLATFORM_TEXT,您无需使用关联代码即可在多台苹果设备上玩同一个村庄。\n\n要在另一台苹果设备上玩同一个村庄，请确保您当前的游戏进度已经绑定到了一个苹果游戏中心(Game Center)账户。然后，在另一台设备上，用相同的苹果游戏中心账户登录。\n\n通过您的苹果游戏中心帐户即可自动同步您的游戏进度。
77028bfb10058a89,TID_TEST_PACK_RES_FOR_BOTH_VILLAGES,Test Pack for v2 Res
cf3e08a2e657dc3b,TID_FAQ_TEXT_RESET,在当前的设备上不能重玩游戏。但是，在其他没有安装《部落冲突》的设备上可以开始新游戏。开始新游戏后记得绑定游戏中心账户哦。
c6328214ad4a92b0,TID_LEAGUES_V,V
9200cb4fad5eb3ce,TID_NEWS_UPDATE_INFO_TEXT_SHORT,
bdf5aae9b6be84b2,TID_POPUP_UNDER_ATTACK,您的村庄正在遭受攻击！请稍等。
25c895b34d7e06c4,TID_POPUP_REMOVE_TROOP_TEXT,您真的要移除部队吗？您不会得到任何补偿哦！
759c8b4d4d6c718c,TID_POPUP_TEXT_RELOAD_ALL_XBOWS,您要花费<number><resource>重新装载X连弩吗？
49abd6f32b89a034,TID_SHIELD_SCORE_LIMIT,奖杯数高于<number>的玩家不可用
b34b969409d2f5d2,TID_HINT_ARTILLERY2,在天鹰火炮造成大量伤害之前，可以通过快速攻击将其摧毁。\n请关注官方微信订阅号cocsupercell和服务号coc-kefu
7aff85ca3b58ff3a,TID_ALLIANCE_WAR_PERSONAL_ATTACK_1,第一次进攻
ff5df1e7c4b32911,TID_BUY_MISSING_RESOURCES_TEXT,要购买所缺的<count><resource>吗？
55de644e5e902c0d,TID_START_WAR_FAILED_WAR_REQUEST_NO_LONGER_EXISTS,无法开始部落友谊战，友谊战邀请已失效
0fd7acc7cff5db6f,TID_BURST_SIZE,连发弹量：<number>连发
950a114586533243,TID_LEAGUE_BRONZE2,二级铜杯联赛
e8da881b7e9d8c66,TID_HINT_SHIELD_LOSE,在有护盾时攻打其他玩家，那么您的护盾的有效时间将减少几个小时。\n请关注官方微信订阅号cocsupercell和服务号coc-kefu
b48dce92e24a3bfa,TID_LEAGUE_BRONZE2_SHORT,铜杯II
95adf3ff60b9d9ab,TID_TROOP_REQUEST_SENT,增援请求已发送！
e0aa7b62a1314265,TID_LINK_SAME_PLATFORM_TITLE_ANDROID,与Google帐户同步
b5287a5d197cf9d3,TID_REPAIR_CLAN_CASTLE,解锁部落城堡
90fae81f707066a3,TID_WAR_DARK_ELIXIR,战争暗黑重油
097bde5ffa537011,TID_LEADERBOARDBANNER_PLAYERTOURNAMENTS_V2,对抗赛锦标赛
01dd436de75360bd,TID_HINT_CAMP,兵营里的部队只能对外攻击，而不会保护您的村庄。\n请关注官方微信订阅号cocsupercell和服务号coc-kefu
d612318a8c931b36,TID_MORE_YOUKU,请关注《部落冲突》(Clash of Clans)官方优酷频道。
324f970747848572,TID_HERO_ABILITY_WARMACHINE_DESC,战争机器召唤一道闪电为战锤充能，在接下来的几秒内伤害增加，同时回复部分生命值！技能经过一定的冷却时间后可再次使用。
cd8dde3b552a8245,TID_HINT_SPELL_JUMP,弹跳法术可以创建一个跨越敌军城墙的临时通道，让您的大军顺畅通过。\n请关注官方微信订阅号cocsupercell和服务号coc-kefu
5e91b25ffc44b6cd,TID_SHIELD_BUY_CONFIRMATION,护盾已经开启！
a5911f281386c04a,TID_STREAM_EVENT_LEFT,已离开部落
7a959f9c189ddac5,TID_TRAPS_ALREADY_ARMED,所有陷阱重新布置完毕！
dc7ab5ae5c105518,TID_TUTORIAL_TRAIN_1,现在开始训练我们的士兵吧！
cdf89262730da59f,TID_ERROR_POP_UP_OUT_OF_SYNC,客户端和服务器不同步！
b4a44cb431cf420e,TID_HINT HEROES_USE,英雄可以攻击敌人的村庄也能保护您的村庄。\n请关注官方微信订阅号cocsupercell和服务号coc-kefu
ed77191e43e38897,TID_KICK_MEMBER_CONFIRMATION_TITLE,驱逐！
973ee7c83205f998,TID_BIND_TO_NEW_GOOGLE_SERVICE_ACCOUNT,您想用这个Google账户保存当前游戏进度吗？
5d0cce23de4f518a,TID_CHAT_REPORT_CONFIRMATION,您确定要举报<name>的不当行为吗？
6169a021b9fbec99,TID_AVATAR_MESSAGE_BUTTON_SUPPORT,联系支持团队
693954b9c222dcea,TID_FAQ_TITLE_REPLAY,为什么不能播放战斗回放？
f0106cd470b79304,TID_HINT_CLAN_CASTLE,部落城堡里的部队会保护您的村庄。\n请关注官方微信订阅号cocsupercell和服务号coc-kefu
f11f506b91bd60b1,TID_KICK_DEFAULT_MESSAGE,抱歉，我们决定把您请出部落。
17a46ccc049cdc56,TID_WAR_RESULTS_INFO_FRIENDLYWAR_ADDITION,部落对战结束时，战利品会送至您的宝库。战争获胜的一方还可获得可观的部落经验值。在战争结束后的一段时间内，您可以查看战争结果和战斗回放。您还可以在部落对战日志上查看更早的战争记录！\n\n注意：部落友谊战不提供战利品和部落经验值
b99e9b4234871714,TID_WORKER_INFO,没有建筑工人一切都免谈！您可以雇佣多个建筑工人同时开展多个工程，或者使用宝石加快施工速度。
6e416011fb7592e0,TID_HINT_SPELL_LIGTHNING,雷电法术可对小范围内的建筑和军队造成伤害。\n请关注官方微信订阅号cocsupercell和服务号coc-kefu
8fbc110d2f19a341,TID_GIFT_AVAILABLE_STREAM_TEXT,一个部落成员送出了礼物！
03eae3bfd9c4472f,TID_EVENT_CHRISTMAS_UNIT,Clash圣诞节特别活动：寒冰法师
cac0e098b995b05e,TID_WAR_WIN_BONUS,<percentage>战争胜利奖励
75d229db403d6f93,TID_TUTORIAL_CANNON_4,快把加农炮部署在村落中心。我们必须保卫大本营！
ae382cfd3f14e047,TID_INFO_POP_UP_TOS_PP_NOTE_ANDROID,《部落冲突》是一款免费游戏，但是您可以通过应用内购买加速游戏进度（要禁用此功能，请在Google Play Store的应用设置中设置密码保护）。轻按确定以接受我们的条款与隐私保护政策。
5aaa17df98e876b7,TID_GARG2_ABILITY_HELP,前<num>次攻击为远距离攻击
5cef5140f089df02,TID_HINT_GUARD_GAIN,每当护盾失效时，您将获得村庄守卫。此时是进攻的绝佳时机！\n请关注官方微信订阅号cocsupercell和服务号coc-kefu
bb62efccc7b94302,TID_GHOST,万圣节幽灵
e640c022974edd9f,TID_HINT_BUY_TROOP_HOUSING,升级兵营以组建一支庞大的军队！\n请关注官方微信订阅号cocsupercell和服务号coc-kefu
bdda0de56ee06135,TID_CHALLENGE_WAIT_HEADER,等待部落成员发起进攻！
3a8af3ab2a30c798,TID_HERO_ABILITY_UPGRADE_PROMPT_KING,将英雄升至<number>级以增强其技能！
5c9218bbd480d543,TID_ACHIEVEMENT_VS_BATTLE_TROPHIES,在对抗赛中达到<number>个奖杯
ca5349b16d582795,TID_NAME_INSTRUCTIONS,请选择合适的村庄名称。其他玩家会看到您的村庄名称，该名称无法再次更改！
88b612a3e07fd760,TID_MATCHMAKE_VILLAGE2_TITLE,对抗赛
0edb5391ef5e06a5,TID_ACCOUNT_LOCKED_TITLE,账户已锁定
733ab8a9afdb62e3,TID_HINT LEAGUE_DEMOTION,倘若丢失太多奖杯，会掉落至低级别的联赛。为奖杯而战！\n请关注官方微信订阅号cocsupercell和服务号coc-kefu
9dd8fac9772d9e77,TID_NEWS_BUILDER_BASE_TEXT2,• 使用全新部队和游戏玩法与其他玩家进行正面交锋的对抗，争夺新的排行榜排名\n• 训练拥有特殊技能的兵种，比如具有隐形披风技能的隐秘弓箭手！\n• 带领强大的新英雄驰骋战场，他的技能可重复使用！
550af2375e687198,TID_ATTACK_FAIL_ALREADY_UNDER_ATTACK,不能进攻，此村庄正遭受攻击。
50c49b99ae5cb8a3,TID_HERO_INSTRUCTIONS,虽然生命值不高，但这位优雅的女猎手掌握着毁灭性的力量。在防御时她可以精确打击范围内的目标，而当她的皇室披风技能解锁后，她可以在攻击时隐身并造成恐怖的伤害！
d02cb048d30e1f53,TID_POPUP_SHIELD_REMOVAL,护盾保护期间，您可以随时搜索对手，但是一旦您发动了进攻，您的护盾时间就会相应地减少。如果所需扣除的护盾时间多于您剩余的护盾时间，那么您的护盾会立即失效。
426f186e65cae45f,TID_POISON_CLOUD_INFO,借助致命的毒药，让您的部队在对抗敌军中占据上风！\n\n用毒药法术让敌军处于萦绕着的毒雾中，他们的移动和攻击速度都会变慢，并且受到的伤害会随着时间而加重。毒药法术对建筑物不起作用。
1a2cd4c15bb57030,TID_ARMY_OVERVIEW_HINT_CLAN_CASTLE,加入部落，接收部落援军和法术
15d5574f9e25471b,TID_HINT_LABORATORY,您可以在实验室升级部队，让它们变得更加强大！\n请关注官方微信订阅号cocsupercell和服务号coc-kefu
e2f58bea51d12531,TID_NEWS_MAYTROOPS_TITLE,全新兵种！
000257b7710ab17d,TID_FOLLOW_BUILDER_TEXT,离开村庄后，建筑工人开始了冒险之旅，他竟然挟持了我们的微博账号！追随他的足迹，看看接下来他有什么新动作！
6c45ab289053ec96,TID_OVERALL_DAMAGE,摧毁程度
13026b75f1636e2a,TID_HOUSING_INFO,部队驻扎在兵营。搭建并升级兵营以容纳更多部队。
c1cb7e623fd58dab,TID_HINT_CANNON_UPGRADE_NOT_FUNCTIONING,加农炮等防御建筑在升级的时候无法进行防守！\n请关注官方微信订阅号cocsupercell和服务号coc-kefu
6f4674eb32f20839,TID_CLANPERK_INFO_TEXT,赢取部落经验值，升级您的部落，解锁强大的部落特权！您可以通过加入部落对战赢取部落经验值。
ea7d6bebddc536d2,TID_HINT_SPELL_SPEEDUP,急速法术非常适合那些高伤害但移动速度缓慢的部队，比如气球兵和皮卡超人。\n请关注官方微信订阅号cocsupercell和服务号coc-kefu
2026f951832e8575,TID_HINT_BALLOON_TARGET,气球兵优先攻击敌军的各种防御建筑，例如加农炮。\n请关注官方微信订阅号cocsupercell和服务号coc-kefu
0af80f3b0d0bfe9d,TID_NEWS_XMAS_2016_MORE_TEXT,• 10级大本营可解锁9级法师塔\n• 毒药法术范围略微增加\n• 女巫伤害和生命值增加\n• 气球兵、飞龙和皮卡超人攻击速度提升\n• 部分升级费用和时间减少
65374f2d3c606da8,TID_ACHIEVEMENTS_COMPLETED,已取得：
ca29c0c6c9ca616d,TID_CLAN_JOIN_FAIL_NO_DUEL_SCORE,您的对抗赛奖杯数不够，无法加入该部落！
a749f4c82377e3c5,TID_TESLA_TOWER_INFO,利用隐藏在地下的特斯拉电磁塔设置一个致命圈套！法师在这个防御建筑中注入了雷电的力量，当敌军地面或空中部队靠近时，特斯拉电磁塔会弹出并运用雷电之力攻击这些倒霉蛋。
dcded57d7f280ccd,TID_HINT_HEALER_AIR,天使是飞行部队，然而防空火箭和箭塔能把她轻易击落。\n请关注官方微信订阅号cocsupercell和服务号coc-kefu
00bcd063081d9701,TID_HINT_ARTILLERY_TARGET,天鹰火炮偏向于攻击那些离它最近或者规模最大部队中最强悍的敌军。
899dde1c6e18a3ff,TID_NEWS_UPGRADE_OS_TEXT,很遗憾，基于多种技术原因，在下次App Store更新后，《部落冲突》将不再支持在5.1.1以下的iOS系统上运行。\n而您的设备目前使用的版本低于此要求，因此，除非将iOS升级至最新版本，否则您将无法继续玩《部落冲突》。\n如需了解怎样利用iTunes升级iOS，请轻按\q更多信息\q。
f310fc755d34ca10,TID_ALLIANCE_WAR_STARTWAR_INFO_CLANMEMBER,参与部落对战，为荣誉、战利品和部落经验值而战！\n\n\n准备好了吗？向部落首领请求开战吧。
c2d8ad0862ac100f,TID_POPUP_SPEED_UP_CONSTRUCTION,您想用<number>颗宝石加速<item>的修建吗？
2bac5f7fce50bb09,TID_FAQ_TEXT_CHATBAN,很抱歉，玩家支持专员无法为您解除封禁，请耐心等待封禁结束。
e82a030bc772dafa,TID_ALLIANCE_INVITATION_FAILED_NO_CASTLE,无法邀请，该玩家未重建部落城堡！
bcc8501f7a147b60,TID_HINT_VERSUS_BATTLE2,赢取更多奖杯来提升您的对抗赛奖励！\n请关注官方微信订阅号cocsupercell和服务号coc-kefu
d7dfbce96c9bc430,TID_NEWS_MARCH_2017_UPDATE_TEXT,• 11级大本营新增9级防空火箭\n• 12级城墙上限增加25块\n• 增强了野猪骑士、掘地矿工、女巫、飞龙和皮卡超人
beea612e92d36544,TID_ACHIEVEMENT_DESTROY_XBOW,在联机模式中摧毁<number>个X连弩
ea18dc9d47846b6c,TID_NEWS_VIDEO_TITLE_APRIL,真的来啦
c882ed83f905779c,TID_POPUP_HEADER_ABOUT_TO_CANCEL_SPELL,确定？
eee300c7231e833f,TID_POPUP_TEXT_ABOUT_TO_REARM_ALL,您确定使用<number> <resource>重新布置所有陷阱吗？
6f0e867e7c460bd9,TID_TUTORIAL_CANNON_3,哎呀，不好！哥布林部落来了！赶快部署好加农炮！马上进入紧急戒备状态！
969b552659522c9c,TID_HINT_SPELL_HEALING,疗伤法术可形成光环，治疗身处光环内的军队。\n请关注官方微信订阅号cocsupercell和服务号coc-kefu
49a0b670596caaf8,TID_HINT_TRAPS_TARGET,陷阱只在攻击者靠近时才显现。\n请关注官方微信订阅号cocsupercell和服务号coc-kefu
597f10201057b782,TID_ALLIANCE_WAR_ATTACK_FAILED_INVALID_TARGET,无法进攻此村庄，无效目标！
791b1fa4f5341ab1,TID_TREASURY_CAPACITY,宝库<resource>：<number>
fa74a2909a060a92,TID_LEAGUE_II,II
954d5a2a89815b49,TID_ATTACK_FAIL_NEWBIE_PROTECTED,无法攻击此村庄，因为其大本营的等级低于<number>。
43027829af992a93,TID_HINT_UNLOCKS,升级大本营可以解锁新型建筑和新的建筑等级哦！\n请关注官方微信订阅号cocsupercell和服务号coc-kefu
bdf5f2abd183c4af,TID_POPUP_HEADER_ABOUT_TO_SPEED_UP,现在完成！
eb2cb0bfa6ecfca5,TID_HINT_PEKKA_INFO,皮卡超人是骑士？是武士？还是机器人？只有天知道！\n请关注官方微信订阅号cocsupercell和服务号coc-kefu
b7dcfe62b8e26270,TID_FAQ_TITLE_HEROES,什么是英雄，该如何使用他们？
1a4f5cf0cf53d044,TID_LEAGUE_CHAMPION3,三级冠军杯联赛
0fc3952aac337e05,TID_HINT_TESLA_HIDDEN,隐藏的特斯拉电磁塔只在攻击者靠近时才显现。\n请关注官方微信订阅号cocsupercell和服务号coc-kefu
fc61da078a4479bb,TID_DIAMOND_BUNDLE_TH10_INFO,• <gems>宝石\n• <res0>金币\n• 2级地狱之塔\n\n礼包中的建筑无需花费建造时间，存放礼包中的资源不受最大储量限制！\n\n该<cffec78><value>倍超值礼包</c>只可购买\n一次，千万不要错过哦！
ea894e0de2cf7e34,TID_ALLIANCE_WAR_AVAILABLE_BONUS,战争胜利奖励
980ac35b0346d532,TID_LEAGUE_HERO3,三级泰坦杯联赛
ab7b807fe51970fa,TID_NEWS_RESOURCE_BOOST_TITLE,周末优惠！
c6a4b25f17b0d229,TID_TUTORIAL_ATTACK_NPC_1,来自象牙塔的法师们来帮助我们啦！让我们一举歼灭哥布林部落！
e1d0ad49d278889d,TID_DUEL_REWARDS_TITLE,对抗赛奖励
24549161da7e93b0,TID_FAQ_TITLE_MULTIACCOUNT,我能在一个苹果设备上保存多个游戏账户吗？
627bc835da9f4f44,TID_TUTORIAL_DEFEND_1,哈哈！！那些渺小的人类在那儿！！哥布林军团听令，进攻！
8f7c6a11b779cb57,TID_DIAMOND_BUNDLE_TH4_INFO,• <gems>宝石\n• <res0>金币\n• 2级防空火箭\n\n礼包中的建筑无需花费建造时间，存放礼包中的资源不受最大储量限制！\n\n该<cffec78><value>倍超值礼包</c>只可购买\n一次，千万不要错过哦！
d72af5d2d8ff21bc,TID_ALLIANCE_WAR_VISIT_FAILED_NOT_FOUND,无法访问，未找到村庄！请稍后重试。
03bfa86124848c61,TID_KICK_MESSAGE_TITLE,踢出：<name>？
5b5c8ae0927cb833,TID_LOCKED_IN_TUTORIAL,要解锁这个游戏内容您必须完成游戏教学部分！
fc729755b7ce14b1,TID_HINT_NAMECHANGE,您不能更改村庄名称，否则您的村民会找不到回家的路！\n请关注官方微信订阅号cocsupercell和服务号coc-kefu
a4c90bd49464bf41,TID_DIAMOND_BUNDLE_BH7_INFO,
6f8489f157184943,TID_TUTORIAL_GOLD_STORAGE_2,修建一个储金罐，这样可以存储大量金币！
be4d8f6954d961d3,TID_HINT LOOT_BONUS,想要获得更多战利品吗？加入联赛，获胜后可获取每轮额外奖励。\n请关注官方微信订阅号cocsupercell和服务号coc-kefu
dd34262a0f496514,TID_TROOP_SPEED_UP_SUCCESS,军队训练完毕！
c643bc5db615d68e,TID_FAQ_TITLE_CLAN_WARS,我怎样才能加入部落对战？
bce12c1effa78916,TID_LEAGUE_SILVER1_SHORT,银杯I
4262b9b033f0665f,TID_HINT_LEAGUE_SHUFFLING2,每个联赛历时一个月。
5b4f5a45c9b3d19f,TID_LEAGUE_CHAMPION2,二级冠军杯联赛
f7622d2e3ef75202,TID_HINT_TESLA_TARGET,隐藏的特斯拉电磁塔可以攻击陆空部队。\n请关注官方微信订阅号cocsupercell和服务号coc-kefu
dd189df4bc0785c7,TID_POPUP_REMOVE_WAR_DONATION_DESCR,您确定要解散部落城堡中的这些增援部队么？
46d0946778689b24,TID_NPC5,两杆大烟枪
d0cd0fb0c822acf2,TID_FAQ_TEXT_CLAN_WARS,要参加部落对战，您加入的部落至少要有十名成员。要了解更多详细信息，请按\q更多帮助\q按钮。
3f1d62231fffa7b1,TID_HINT_UPGRADE_CANNONS,升级加农炮可以提高您的防御能力。\n关注官方微信订阅号cocsupercell和服务号coc-kefu
5d8888800cfb5378,TID_HINT_TROPHY_COUNT,您所赢得的奖杯都来自对手！\n请关注官方微信订阅号cocsupercell和服务号coc-kefu
7b0b58b954c38a45,TID_SCOUT_PREP_DAY_INFO,敌军战争基地阵型在对战日可显示
db7b2d7d912f29e6,TID_POPUP_REMOVE_TROOP_TITLE,要移除部队吗？
be9b53d4fd136a29,TID_CLANPERK_DESC_DONATION_LIMIT_VALUE,<value>个援军
2a8dd7dcb60bddf7,TID_NEWS_RESOURCE_BOOST,您现在可以用一颗宝石增加任一资源采集器的产量。
a2ac7935da3dafa3,TID_ALLIANCE_WAR_ATTACK_CONFIRM_2STARS,您的部落已经从该村庄赢得2星。您要尝试获得更好的成绩吗？
8ff1de3585137bc3,TID_LEAGUE_GOLD1_SHORT,金杯I
37714f0712aac189,TID_BUTTON_GLOBAL_HIGHSCORE,全球
7ab0f882cdd8b29f,TID_NEWS_MARCH_2017_UPDATE_TITLE,平衡性调整！
d011d4ed13630600,TID_ELDER_KICK_FAIL_COOLDOWN,您不久前已经踢掉了一个部落成员，需要等待<time>才能继续该操作。
f1874b3008ff8c63,TID_WAR_PREPARE_INFO,部署您的村庄，准备参战吧！\n补给<c2>部落城堡</c>，布好<c2>陷阱</c>，加固<c2>防御</c>，同时务必让您的<c2>英雄们</c>做好战斗准备！
9f620088cac821cd,TID_AVATAR_MESSAGE_TEXT_GEM_REVOKE_PLURAL,此帐户申请退款，且请求已于<refundDate>获得批准。退款将通过订单的付款方式退回。\n\n您的帐户已被扣除共<totalRevokedGems>颗宝石，该数额与您的退款金额相符。您的宝石余额可能因此变为负数，您可以再次购买宝石或在游戏中获取宝石来将其变为正数。
2f321f42a55ba5cf,TID_LOCAL_NOTIFICATION_LABORATORY_UPGRADE_DONE,<item>已升级至<level>级
bc8b8473ed4637f7,TID_NEWS_BUILDER_BASE_TITLE1,扬帆起航探索新世界
c25d5f36b4e1706f,TID_NEWS_VIDEO_TITLE,先睹为快！
628d0d491eb2cbe8,TID_HINT_AIR_DEFENSE_TARGET,防空火箭只会攻击空中目标。\n请关注官方微信订阅号cocsupercell和服务号coc-kefu
769d50c88d7d328d,TID_HINT_BOOST_TRAINING,您可以用宝石提升训练营的训练速度。\n请关注官方微信订阅号cocsupercell和服务号coc-kefu
50e555141f12ec04,TID_HINT_SAFEGUARD_PROGRESS_ANDROID,登录Google Play账户保存您的进度。\n请关注官方微信订阅号cocsupercell和服务号coc-kefu
587b53f34b9a46af,TID_HINT_UPGRADE_TROOPS,建造实验室并升级军队，增强军队战斗力！\n请关注官方微信订阅号cocsupercell和服务号coc-kefu
20ae97159ee9d3d3,TID_DEVICE_LINK_ERROR_CODE_SAME_PLATFORM_TEXT_ANDROID,您无需使用关联代码即可在多台安卓设备上玩同一个村庄。\n\n要在另一台安卓设备上玩同一个村庄，请确保您当前的游戏进度已经绑定到了一个Google Play账户。然后，在另一台设备上，用相同的Google Play账户登录。（您可以从游戏设置中找到Google Play登录。）\n\n您的游戏进度将会自动同步。
e91a6c6282ed4c93,TID_FAQ_TITLE_CHATBAN,我在公共聊天室被禁言了，怎么办？
c5f8ccb1578dbd86,TID_PERSONAL_WAR_PREFERENCE_DESCR,请选择您是否希望加入部落对战。其他部落成员可以看到您的偏好设置。
3eb95c7f036c1c3a,TID_ADD_FRIENDS_INFO_REQUESTS,在其他玩家的简介页面可将其添加为好友。登录苹果游戏中心(Game Center)和Facebook账号后，您可以在这里查看您的好友。
19e0eb75422851d2,TID_HERO_AURA_WARDEN_DESC,守护者神秘的神器能不断发出提高生命值的光环，其效果能随着等级的提升而不断加强。附近所有友军单位，无论处于进攻还是防御状态，都将获得生命值提升。不过如果他们走得太远，就会失去这种强化效果。
d90ac5ee05a6d4e9,TID_LEAGUE_HERO2,二级泰坦杯联赛
0e318ef1db4d1e81,TID_DIAMOND_BUNDLE_TH5_INFO,• <gems>宝石\n• <res0>金币\n• 2级法师塔\n\n礼包中的建筑无需花费建造时间，存放礼包中的资源不受最大储量限制！\n\n该<cffec78><value>倍超值礼包</c>只可购买\n一次，千万不要错过哦！
cf3a298fe084ad4a,TID_LEAGUES_II,II
d4a29084ad4a92b0,TID_LEAGUES_I,I
801d668734d80bb0,TID_LEADERBOARDBANNER_PLAYER_NO_TOP_3_V2,这里将显示对抗赛锦标赛的获胜玩家！
46db7eff47900b16,TID_NEWS_BUILDER_BASE_TEXT3,• 巧用撼地巨石和弹射陷阱等特殊的防御建筑智取敌军！\n• 利用宝石矿井和时光钟楼加速基地的发展\n• 使用改装功能，将建筑大师基地中的特殊升级应用到家乡的建筑上！
a41f6f83ef475dd3,TID_HINT_VERSUS_BATTLE4,在对抗赛中难求一胜？您可以观看回放，并尝试改进您基地的防御！
12d5340bea6a37cd,TID_CHARACTER_INFO_BATTLERAM,四个野蛮人托举着巨大的攻城槌向目标发起冲锋，攻城槌撞击目标时会造成大量伤害。攻城槌破裂后，他们将拿着剑继续奋力拼杀！
1bb90090491d3718,TID_DUEL_NOTIFICATION,和<attacker>的对抗赛开始了！
ce80c7ce4d3255a9,TID_NEWS_SPELLS_TEXT,雷电法术\n* 新增7级雷电法术，既可以用来摧毁建筑，也可以消灭敌军哦！\n* 提高了5级和6级雷电法术的总伤害\n* 雷电法术现在攻击更精准，范围更集中了哦\n\n毒药法术\n* 被毒药法术击中的部队在刚开始受到的伤害较小，但随着时间推移伤害会逐渐加深\n* 大幅度提高了毒药法术的伤害，并且部队在离开法术范围后仍会受到持续伤害\n* 毒药法术现在还可以减缓敌方部队的攻击速度哦\n\n地震法术\n* 地震法术所带来的伤害更高了，且建筑物当前生命值对法术伤害值没有影响哦\n* 对同一建筑重复使用地震法术，造成的伤害将会递减\n* 投掷四次地震法术依然可以摧毁任意等级的城墙哦！
aa3407abf6b47276,TID_SPEED_UP_DUEL_CONFIRMATION,现在解锁更多对抗赛奖励？
93c811fcce488075,TID_NEWS_VIDEO_BUTTON,马上观看！
c0ff4ca9ad79f44c,TID_LEGEND_SEASON_END_INFO,您在全球的排名为第<rank>名。您的杰出表现已经记录到您的玩家简介中，所有玩家都能看到哟。
ae0723214c081379,TID_SPELL_FORGE_INFO,法术工厂是资深巫师的家，比起在前线战斗，他们更适合去创造各种魔力武器。使用强大的法术，在战斗中扭转乾坤吧！
0680f81a7e57ba68,TID_ALL_BUILDERS_AVAILABLE,所有建筑工人都有空
cb8703579d9b122d,TID_WAR_ELIXIR,战争圣水
bdd968920308eddd,TID_HINT_ARTILLERY3,天鹰火炮周围有一大片盲区，请确保您最重要的建筑在它的保护范围内！\n请关注官方微信订阅号cocsupercell和服务号coc-kefu
80f9a0cbb88b5bc9,TID_HINT_SAFEGUARD_PROGRESS,登录Game Center账户保存您的进度。\n请关注官方微信订阅号cocsupercell和服务号coc-kefu
0336b49b40adee29,TID_LEAGUE_MASTER1_SHORT,大师杯I
77d542b10dbef1d6,TID_HINT_TRAP_REPAIR,陷阱和炸弹被触发后，需重新布置。\n请关注官方微信订阅号cocsupercell和服务号coc-kefu
c3f3b75b3e49dd23,TID_CHARACTER_INFO_WALLBREAKER,只有轰塌一面面城墙才能让炸弹人那颗冰冷的心得到些许温暖。他们崇尚玉石俱焚，用\q砰\q的一声为您的地面部队开道！
2bf77b0abbfc50a2,TID_ANDROID_BILLING_PRODUCT_NOT_AVAILABLE_PRICE,点击查看更多信息！
4b499453b6a44c42,TID_SUPER_CHARGED_PEKKA,超级皮卡
2a460bfa516cf70c,TID_POPUP_REMOVE_REINFORCEMENTS_TEXT,您真的要移除这些部队/法术吗？您不会得到任何补偿。
e89385a2b3034e5c,TID_POPUP_BOOST_ELIXIR_COLLECTOR,确定在<time>内加倍圣水产量吗？
b60ac829646ac6bc,TID_FILL_ARMY_CAMPS,填满兵营
e2084e93c4c7f61a,TID_HINT_UPGRADE_MINES,金币不够用了？赶紧升级您的金矿吧。\n请关注官方微信订阅号cocsupercell和服务号coc-kefu
3da20bae3cec6163,TID_REVENGE,复仇
4271c6246f198bfb,TID_BABY_DRAGON_INFO,会喷火的飞龙宝宝在其他空中部队旁边时显得有些害羞，不过要是落单了，它可会大发雷霆。当周围没有其他空中部队时，飞龙宝宝会变得狂暴，它在狂暴状态下会获得额外的攻击力和攻击速度。
882086a7b7730f4b,TID_NEWS_TH11_UPDATE_OTHER_TEXT,• 新增两个成就：\q火炮杀手\q和\q分享即关爱\q\n• 部队/法术增援界面经重新设计，现在可以显示已有的增援\n• 和法术工厂类似，训练营中的部队现在可以按次序排列\n• 进攻开始时，\q部落对战\q按钮现将显示动画\n• 现在按对应按钮就能手动停用已启动的护盾与村庄守卫\n• 稍微延长了您离线后可遭受进攻的时间\n• 经过10秒搜索后发现目标时，将播放特别音效\n• 未找到攻击目标且取消搜索时，将播放特别音效\n• 根据个人强制下线规定，玩家在线时间的上限降低至3小时\n• 在某些情况下，在线时间的时限不会重置，而是会延长\n• 现在联机匹配为您找到低于您的大本营等级的对手的可能性更小（仅限冠军联赛以下）
cac3cdb8244b2455,TID_FAQ_TEXT_TEXTSIZE,十分抱歉，目前我们还不支持字体调节。为了获得《部落冲突》的最佳体验，我们建议您使用最新一代的iOS设备。例如：iPad 2、iPad 3、iPhone 4、iPhone 5或iPod 4th Gen。\n\n此游戏在早前的苹果设备上也能运行，但是游戏体验不能达到最佳。
0932aa35c9636543,TID_LEAGUE_CRYSTAL3,三级水晶杯联赛
3e529ee1e53428d9,TID_IAP_NOT_AVAILABLE_ANDROID,无法购买！确保您使用了有效的Google帐户，并且已更新了您的主要付款方式。
db2a7b6b78fd14f6,TID_PRODUCTION_CAPACITY,最大容量：<number>
69929f0a24ca24c6,TID_NEWS_MAYUPGRADES_TITLE,更新与平衡性调整
b8e1cf9f46623718,TID_ABOUT_TWITTER,推特
bf900410c37eff57,TID_CHALLENGE_CANT_REQUEST,加入一个部落，向部落成员请求部队和法术增援
8cf4dc62d7668b6a,TID_GRAND_WARDEN_INFO,大守护者是位了不起的战术家，他多年来潜心研究来历不明的强大神器。他能让您的部队在进攻和防守中变得更强大。
3f79557022877154,TID_DARKTOWER_AMMO_FILL_CONFIRMATION_ALL,所有地狱之塔已准备就绪！
febbcaddc49bbdc6,TID_EVENT_BOOST_BARRACKS,圣诞优惠：任一训练营和圣水收集器皆可用一颗宝石换取！活动持续到1月7日。
b069f7b1a9899144,TID_CHARACTER_INFO_GHOST,
2a4476d2d4874268,TID_PROFILE_BEST_TROHPIES,历来最佳：
5281c473d7da0880,TID_MULTI_MORTAR_INFO,远距离发射多枚能造成溅射伤害的炮弹，将命中率提升到最高！
f018f604b778ddc0,TID_NEWS_VIDEO_BUTTON_FINALLY,马上观看！
94f6553040e1c890,TID_FAQ_TITLE_DESTROYED,护盾或村庄守卫失效之后会怎样？
7f8893b152fff0ad,TID_WAR_INFO_FRIENDLYWAR_ADDITION,在为期两天的激烈对战中获得更多胜利之星的部落将赢得胜利！获胜部落可获得战利品和部落经验值奖励哦。进攻获胜可赢得额外的战争奖励；但如果您的部落战败了，您将只能获得少量战利品。此外，部落对战出现平局时，在最佳攻击中总摧毁程度更高的部落将赢得对战胜利！\n\n注意：部落友谊战可自定义时间，不提供战利品和部落经验值。
b4e9e41bb9e0bb64,TID_NEWS_BUILDER_BASE_TITLE2,在对抗赛模式中和其他玩家一决高下
18861d0a688995f7,TID_HINT_XBOW_TARGETS_2,您可设定X连弩只攻击大范围的地面目标。\n请关注官方微信订阅号cocsupercell和服务号coc-kefu
a944d7fe979d5f45,TID_ARCHER_QUEEN_INFO,弓箭女皇是一名英勇的战士，她双眼锐利如鹰，手握独门秘器改良X弩，既能攻击敌军也能保护村庄。
046ff1de35851378,TID_LEAGUE_GOLD2_SHORT,金杯II
e059dbe9ce644504,TID_ELIXIR_AMMO_FILL_CONFIRMATION_ALL,所有X连弩和天鹰火炮已准备就绪！
f1c0a070b9767b5c,TID_POPUP_SPEED_UP_UPGRADE_SLOWDOWN,<item>正在升级，军队训练速度因此减慢。您是否要使用<number>颗宝石立即完成升级？
d49f2468cfd9bb77,TID_HINT_END_BATTLE,获得一颗胜利之星后，您可以选择结束战斗并获得胜利。\n请关注官方微信订阅号cocsupercell和服务号coc-kefu
a14490d48251aebc,TID_LEAGUE_INFO_LOOT_BONUS,在一级泰坦杯联赛中，最大战利品奖励为：
d1d7f85f852419be,TID_MULTIDEVICE_INFO,请登录苹果游戏中心(Game Center)保存您的游戏进度，这样您就可以在多个苹果设备上玩《部落冲突》了。
a2d5e354e79845d6,TID_CLOCK_TOWER_INFO,时光钟楼使您基地中的项目运行加快！采集资源、训练、研究和建造的速度加快。
038214acfa440088,TID_HINT_DEFENSE,运筹帷幄，攻防兼顾才是最明智的！\n请关注官方微信订阅号cocsupercell和服务号coc-kefu
c316a160f69e9daf,TID_ALLIANCE_WAR_STAT_AVG_DESTRUCTION,平均摧毁程度
fab359d5c816e203,TID_CHAT_JUST_BANNED,其他玩家举报了您的不当言论。您暂时不能在公众聊天室发言。
326925969cd231f5,TID_MAP_LOCATION_6,强盗溪
f7cbb449ca756e2b,TID_SETTINGS_SFX,声音
d0f741dd905c9a8b,TID_TRAIN_COST,训练费用：<number>滴<resource>
17627e256b655add,TID_FAQ_TEXT_DISCONNECTED,有时您可能会因为网络原因丢失奖杯：1. 您的村庄因为连接中断而遭受攻击；2. 您在进攻时连接中断。然而，《部落冲突》的奖杯系统在任何情况下都不能因此返还您的奖杯，这是因为每个失去的奖杯都进入到另一个玩家的账户，而且我们不能给您颁发新的奖杯，否则会扰乱排名系统。\n\n为避免由于失去网络连接而丢掉奖杯，我们建议您在网络状况稳定时（最好是WiFi）再攻击其他玩家。
d6f34b480932526a,TID_POPUP_TEXT_ABOUT_TO_SELL,您确定想以<item>换取<number><resource>吗？
b2f8ba30afc03d56,TID_HINT_REBUILD_BOAT,搭乘岸边的帆船前往建筑大师基地！\n请关注官方微信订阅号cocsupercell和服务号coc-kefu
c4366389143a8ccb,TID_DEVICE_LINK_ERROR_NOT_ATTACHED_ANDROID,您的村庄尚未关联Google帐户。返回设置界面，并登录一个未关联任何村庄的Google Play账户。\n\n警告：关联村庄是永久性操作，并且今后无法更改。
224e4946f3621df2,TID_LEAGUE_SILVER1,一级银杯联赛
70dbef6ef4b2dc1b,TID_ALLIANCE_SNEAK_PREVIEW,重建部落城堡解锁部落！\n\n加入部落后，部落成员即可相互增援部队和法术。
863d71daa8b04cd0,TID_MATCH_VICTORY_BONUS,最大战利品奖励：
c374506a3bddeeb4,TID_FAQ_TITLE_TEXTSIZE,我能否调节字体大小？
de525d7a02fc374a,TID_CLAN_JOIN_FAIL_NO_SCORE,您的奖杯不够，不能加入该部落！
40dd66e4c1df89fb,TID_HINT_SHIELD,忙不过来不能玩《部落冲突》吗？记得购买护盾保护您的奖杯！\n请关注官方微信订阅号cocsupercell和服务号coc-kefu
703506cc0a1a63bc,TID_ALLIANCE_SEARCH_HINT,输入您要搜索的部落名称或标签
234f5a37eecbb209,TID_HINT HEROES_REGENERATE,让英雄休息或使用\q治愈\q按钮以恢复其生命值。\n请关注官方微信订阅号cocsupercell和服务号coc-kefu
cd67679e7c34f550,TID_HINT_SPELL_EARTHQUAKE1,地震法术可以对生命值较高并密集排列的建筑群造成大量伤害。\n请关注官方微信订阅号cocsupercell和服务号coc-kefu
984f53f03f53d3f2,TID_LEAGUE_CHAMPION1,一级冠军杯联赛
07608f46a300ca33,TID_HINT_BATTLE_ENDS,当您耗尽所有部队、部落援军和伤害法术时，战斗结束。\n请关注官方微信订阅号cocsupercell和服务号coc-kefu
280d7d469b4e5e29,TID_HINT_MORTAR_TARGET,迫击炮威力巨大，可是它只能攻击地面部队。\n请关注官方微信订阅号cocsupercell和服务号coc-kefu
373153a67aaef688,TID_FAQ_TEXT_SPELLS,大本营等级要达到五级才能施展法术。在这一级可解锁新建筑—法术工厂。法术工厂的功能和兵营很像。您可在法术工厂中配制各种法术，但是法术工厂容量有限。升级法术工厂可解锁新法术，同时增加法术储存量。\n\n只有在攻击其他玩家时才能施展法术。施展法术方法和在战斗中派遣军队有异曲同工之妙。您可以从屏幕底部选择法术并放置于要施展的地方。不同于派遣军队的是，您可以在任何区域施展法术。
706e30196e0f58f4,TID_GOOGLE_SERVICE_CONNECT_TEXT,首领！\n<c2>现在，使用您的</c> Google Play帐户登录可保证游戏进度安全。\n\n之后，<c2>只要使用同一Google Play帐户登录游戏，</c>您便可以在任一台Android设备上恢复自己的村庄。
a0f40e5ec119f07d,TID_CHARACTER_INFO_WIZARD2,这位传奇法师发射的冰晶具有很大的杀伤力，能降低敌军防御建筑的攻击速度！\n\n仅限活动期间使用。
e141fc91338f106b,TID_DARK_ELIXIR_SHOP_PACK,<number>滴暗黑重油
36b0714d21af3a9d,TID_NEWS_VIDEO_BUTTON_WAR,马上观看！
edf5e8cb5ed5f7cb,TID_HINT_USABLE_WHILE_UPGRADING,兵营、部落城堡和用于存储资源的建筑在升级之时都能正常运转。\n请关注官方微信订阅号cocsupercell和服务号coc-kefu
1e24073932b8be54,TID_ALLIANCE_WAR_PERSONAL_LOOT_RESULT,战利品
3e3406ce94c59f75,TID_DECORATION_SKULL_FLAG,海盗旗
d6d6d33a66c1f1a7,TID_ACHIEVEMENT_UNIT_UNLOCK_TITLE,释放猛兽
8fb138d288f56e6e,TID_FAQ_TITLE_DISCONNECTED,游戏中我的网络连接中断了，因此丢失了奖杯。你们能否返还给我呢？
4037c5fc2ff3085f,TID_AMMO_ALREADY_FULL_ALL,所有X连弩装填完毕！
5101ee3bad8d80d1,TID_FAQ_TITLE_RESET,我能重置游戏从头来过吗？
1e033eda7e7f5bea,TID_POPUP_TEXT_RELOAD_ALL_INFERNOS,您要花费<number><resource>重新装载地狱之塔吗？
e807d94046d3ecb3,TID_WIZARD_TOWER_INFO,终极防御设施！塔上的法师会施放威力强大的范围性攻击法术，抵御侵入领土和领空的敌军。
78c7f92ce9503860,TID_FAQ_TEXT_CHANGENAME,抱歉，您不能更改村庄名称。否则，您的村民将找不到他们的家了！
e8e4a2820a060a92,TID_LEAGUE_IV,IV
5601b680def4cd4c,TID_FAQ_TEXT_DESTROYED,如果您在没有护盾或村庄守卫保护的情况下离开游戏，您的村庄将很容易遭受敌军攻击。敌军会掠夺您的部分资源。为了更好地保护您的村庄，您可以巧妙布局村庄内的防御建筑、城墙和陷阱，也可从商店购买新的护盾或者村庄守卫。障碍物和地图边界并不能阻止敌人的进攻！
917bee4ee2f57a92,TID_HERO_ABILITY_WARDEN_DESC,守护者释放神秘书卷的全部力量，让自己和附近所有友军单位在短时间内完全免疫伤害！
648c01fdbb1aa850,TID_HINT_WELCOME,很久很久以前，在魔法森林里有一片空地......\n请关注官方微信订阅号cocsupercell和服务号coc-kefu
c8e7bea989a3abcb,TID_CLAN_WAR_SAVE_VILLAGE_BUTTON,准备就绪！
ddaa299d7084ad4a,TID_LEAGUES_IV,IV
c06ecd05c958015f,TID_DEVICE_LINK_WRONG_ACCOUNT,当前村庄已关联至另一个苹果游戏中心(Game Center)账号，而这个账号并非您目前登录的账号。\n\n请从苹果游戏中心应用程序中退出该账号，然后登录与本村庄关联的苹果游戏中心账号。\n\n然后尝试再次关联。
e05823e5a8fe62e7,TID_MORTAR_INFO,迫击炮可以发出威力无比的炮弹，它所带来的溅射弹壳可以大规模杀伤敌军。注意！要防止敌军过于接近迫击炮！
38ab618939343698,TID_TUTORIAL_DEFEND_2,好险，只差一点点了。首领，谢谢您了！
ab6531635edb919b,TID_SEASON_NAME,<year>年<month> 赛季
88b07eefa144e4ae,TID_HINT_GUARD_GAIN_TIME,联赛等级越高，您在护盾失效时获得的村庄守卫时间就越长！\n请关注官方微信订阅号cocsupercell和服务号coc-kefu
6f524e771fd0471e,TID_POPUP_BOOST_ALL_BARRACKS,要在<time>内将<number>个训练营的训练速度提高至原来的<multiplier>倍吗？
f4e0526074fdd3b9,TID_ERROR_POP_UP_UNLOCK_UNAVAILABLE,账户暂时无法解锁。请稍后重试！
5b3aa48029963a53,TID_NEWS_XMAS_2016_UPGRADES_TITLE,新的等级
09cebdb7a711f14a,TID_AVAILABLE_LOOT,可获取的战利品：
bb5a75fd6b949756,TID_HINT_GOBLIN_TARGET,哥布林总是觊觎金币和圣水，它们将优先攻击资源建筑。\n请关注官方微信订阅号cocsupercell和服务号coc-kefu
3027c89e99f861f6,TID_LEAGUE_HERO2_SHORT,二级泰坦杯
281a556264a0cd13,TID_EVENT_BOOST_EVERYTHING,周末特惠：每种建筑物加速仅需一颗宝石！
19b60c72afcfbd39,TID_LEAGUE_MASTER3,三级大师杯联赛
1005259525f4df9f,TID_DEFENCE_PERCENTAGE,防守获胜：
f327c89e96c6e99b,TID_LEAGUE_HERO1_SHORT,一级泰坦杯
f61f07bf783789bb,TID_ACHIEVEMENT_WAR_LOOT,从宝库收集<number>枚金币
a4551ada5a1c6d1b,TID_NO_MESSAGES,暂时没有新留言
4e05fdf518279fb6,TID_NEWS_VIDEO_TITLE_INTRO,战争的艺术
447e8f44913b3d22,TID_HINT_SPELL_RAGE,狂暴法术可以产生一个狂暴光环，让身处光环内的军队变得更快、更强。\n请关注官方微信订阅号cocsupercell和服务号coc-kefu
a16e63e84dedb384,TID_POPUP_REVENGE_CLEAR,您只有一次机会向该玩家复仇。确定现在复仇吗？
b506df4dfbe6627f,TID_LOCAL_NOTIFICATION_EVENT_XMAS_1,首领，为了迎接Clash圣诞节的到来，我们特别推出了1宝石加速活动和圣诞奇袭法术！
a58c6fb4d859b02c,TID_INVALID_NAME,用户名无效，请输入另外一个用户名。
1b515a1c3b210d00,TID_LEAGUE_GOLD1,一级金杯联赛
c79f40920f1d6cfb,TID_NEWS_TH11_UPDATE_GAMEPLAY_TEXT,• 战斗时间上限增加30秒\n• 哥布林现在会将大本营和部落城堡作为攻击目标，并造成双倍伤害\n• 大幅降低了所有陷阱的重新布置成本\n• 大幅降低了x连弩的重新装弹成本\n• 降低了多个天使对同一个单位的治疗效果\n• 降低了训练加速的成本，现在花费5颗宝石即可加速1小时\n• 降低了10级大本营时搜索对手和\q下一个对手\q的成本\n• 部落对战准备日降至23小时\n• 优化了部队战斗和寻路AI\n• 稍微提高了6-10级大本营中可劫掠的战利品比例\n• 降低了大本营等级低一级的村庄的战利品的比例\n• 扩大了游戏区域和部队部署区域（村庄边缘障碍物也已自动外移）
9223adde4055860a,TID_WAR_SPECTATOR_TEXT,您无法参加此次对战。在部落对战开始前，您必须已在部落中，并且在部落中的排名够高，而且没有同时参加其它部落对战。
f45176035575aa3e,TID_LEGEND_SEASON_END_INFO_WITH_PRESTIGE,您在全球的排名为第<rank>名，获得了<prestige>个传奇奖杯！您的杰出表现已经记录到您的玩家简介中，所有玩家都能看到哟。
8b97bf00c555fe55,TID_NO_SPELLS,您首先需要配制一些法术。
b034dec88c9694e4,TID_START_WAR_FAILED_WAR_COOLDOWN_ACTIVE,无法发起部落友谊战，友谊战冷却时间还未结束。
a4c90bd49464b6d1,TID_DIAMOND_BUNDLE_BH8_INFO,
e6bf2b9f2d06b14b,TID_BUILDING_BOW,X连弩
068073a22bf4a88d,TID_NEWS_MAY_BALANCING_TITLE,2017年5月平衡性调整
720fbd63edbc57d4,TID_DIE_DAMAGE,摧毁爆炸伤害：<number>
cb62c9db9e4aaa0f,TID_TUTORIAL_CANNON_5,快！现在可不是精打细算的时候。快使用宝石，提高修建速度！
e950d262cc41c1a1,TID_ACHIEVEMENT_LOOT_ELIXIR,盗取<number>滴圣水
84618605d77f8f5c,TID_HINT_PEKKA_TRAP,凭借一身重型盔甲，皮卡超人可以无视隐形弹簧。\n请关注官方微信订阅号cocsupercell和服务号coc-kefu
0e5f175be84b226d,TID_CHARACTER_INFO_MOVING_CANNON,带轮子的加农炮？敌军肯定没料到！加农炮战车火力强劲，但不是那么坚固！
2d90e7ac763aba5a,TID_WAR_RESULTS_INFO,部落对战结束时，战利品会送至您的宝库。战争获胜的一方还可获得可观的部落经验值。在战争结束后的一段时间内，您可以查看战争结果和战斗回放。您还可以在部落对战日志上查看更早的战争记录！
7a3baa5f7479947e,TID_BUTTON_SPEEDUP,立刻完成
b7ee161254b672ec,TID_RESOURCE_CAP_FULL_GOLD,建造更多储金罐或者升级储金罐！
0bf5e922d5e3aed7,TID_CHAT_WELCOME,欢迎来到公众聊天室。\n\n请友好对待他人。发表不当言论可能会遭到封禁。\n\n请勿与他人分享任何个人信息（包括电邮地址、电话号码、地址和密码）！
470c5bf7740fb29b,TID_REPLAY_SHARE_TEXT,将对抗赛回放分享到部落聊天界面？
a82d0f8cf3df60c9,TID_CLAN_GATE,部落标语
e569a84f2d749d2d,TID_TRAP_AIR2_INFO,Air Trap Info texts
2d2df8960a92b082,TID_LEAGUE_V,V
bb8a343d8948ee59,TID_CHANGE_NAME_ALREADY_USED,无法更改名称！该帐户已经使用了仅限一次的改名机会。
7f2bc147d723510f,TID_CLAN_JOIN_FAIL_BANNED,无法加入，您被禁止加入该部落！
ba3a5882cac0ecef,TID_HINT_SPELL_FREEZE_DURATION,升级冰冻法术，这样您就可以将敌人的防御冰封更长的时间了。\n请关注官方微信订阅号cocsupercell和服务号coc-kefu
b5e65626feace140,TID_SETTINGS_GOOGLE,Google Play 登录
afe105a92089901d,TID_GOOGLE_SERVICE_BOUND_TO_OTHER_ACCOUNT_TITLE,Google帐户提醒
1382d2eeb93bd333,TID_HINT TOURNAMENT,部落锦标赛和捐兵数量每个月更新一次。请关注官方微信订阅号cocsupercell和服务号coc-kefu
bb7d4422034088e3,TID_LOCAL_NOTIFICATION_SHIELDS_WILL_DISAPPEAR,首领，我们的护盾快失效了！
4a257644ea056943,TID_HINT_DARK_ELIXIR_LOOT,建好暗黑重油罐，就可以开始掠夺暗黑重油了。\n请关注官方微信订阅号cocsupercell和服务号coc-kefu
339fc3a5aaeb5508,TID_LEAGUE_CHAMPION1_SHORT,一级冠军杯
72be494545821df9,TID_LEAGUE_SILVER3,三级银杯联赛
41813faf545e3287,TID_ELIXIR_PUMP_INFO,圣水收集器可以从村庄内的地下圣泉中收集圣水。升级您的圣水收集器以使圣水产量最大化。
a92982051e8b7260,TID_INFO_POP_UP_TOS_PP_NOTE,《部落冲突》是一款免费游戏，但是您可以通过应用内购买加速游戏进度（您可在设备的设置中禁用该功能）。轻按确定以接受我们的条款与隐私保护政策。
12372d31dbc7f270,TID_HINT_TROOP_ABILITIES,在星空实验室中解锁和升级兵种的特殊技能。\n请关注官方微信订阅号cocsupercell和服务号coc-kefu
aafc6a7e08e25bba,TID_ERROR_POP_UP_WRONG_CLIENT_VERSION,好消息！现在可以免费下载新版本了。
87366e8a2e4a0c24,TID_NEWS_BUILDER_BASE_TITLE3,新的建筑、玩法和宝藏
fceb56228f6f0c21,TID_NEWS_OCT_2017_UPDATE_TEXT,• 在建筑大师基地与您的部落成员展开友谊战\n• 和部落成员一起战斗解锁新的部落特权，获得更特别的部落徽章\n• 查看好友的在线状态\n• 实时观看好友在家乡和建筑大师基地的战斗
4176355e840d18b8,TID_HINT_SPELL_JUMP_2,试着使用弹跳法术让攻击城墙的近战部队直捣黄龙！\n请关注官方微信订阅号cocsupercell和服务号coc-kefu
6b4c55911c5b6f99,TID_BALLOON2_ABILITY_HELP,被摧毁时造成<num2>伤害，同时释放出<num>个骷髅
1b002c9c0ff2aaaf,TID_TRAP_HALLOWEENBOMB_INFO,Boo！限时供应这款令人毛骨悚然的炸弹。
1a0acc5bf346d684,TID_LEAGUE_HERO1,一级泰坦杯联赛
69b43beff9182c7e,TID_CALL_CENTER_TITLE,电话查询
43f15a26005e9ca2,TID_HINT_ENEMY_TOWN_HALL,摧毁敌军大本营您可以获得一颗胜利之星。\n请关注官方微信订阅号cocsupercell和服务号coc-kefu
b89b6791f836b1e0,TID_HINT_DARK_SPELLS,暗黑法术占用的空间比普通法术要小，因此您可以携带更多暗黑法术！\n请关注官方微信订阅号cocsupercell和服务号coc-kefu
3906ad9824b75b60,TID_HINT_WIZARD_INFO,法师可以给敌人造成巨大伤害，但自身防御能力不强。\n请关注官方微信订阅号cocsupercell和服务号coc-kefu
c8a66ede3ea485ca,TID_YES,确定
002a06c708f70e73,TID_ACHIEVEMENT_LOOT_DARK_ELIXIR_TITLE,盗亦有道
bb71d9ab418ef614,TID_HINT_SHIELD_GAIN_TIME,如果您的村庄破坏严重，就能获得时间更为持久的护盾。\n请关注官方微信订阅号cocsupercell和服务号coc-kefu
d0c4c475195e7c03,TID_NEWS_VIDEO_TEXT_APRIL,来看看这段全新的动画视频，庆祝一下部落对战的到来！ 这次可是来真的了。
45b10e8754fa752b,TID_ADVANCED_SEARCH_BUTTON_MORE,筛选条件
533dc4ce4c4de622,TID_BARRACK_INFO,训练营可以训练军队助您征战。升级训练营可解锁更高级的兵种，助您在史诗般的战役中赢得胜利。
85b59335027b40ad,TID_LEAGUE_MASTER3_SHORT,大师杯III
44e791620fdb5259,TID_HINT_ARCHER_TOWER_TARGET,箭塔射程远，并且可以攻击陆空目标。\n请关注官方微信订阅号cocsupercell和服务号coc-kefu
dc90a6c0457639a4,TID_ALLIANCE_WAR_STARTWAR_INFO_NOT_ENOUGH_MEMBERS,参与部落对战，为荣誉、战利品和部落经验值而战！\n\n\n您的部落至少需要10名部落成员才能参与部落对战。
38032f2c95d81399,TID_RESOURCE_PACK_LOCKED,库存空间不够！
1c74857d0a3c30f7,TID_FAQ_TITLE_BUYING_ANDROID,我无法购买宝石。帮帮我！
6cc59b537913153c,TID_HINT_INFERNO_TOWER_TARGETS_2,地狱之塔每次切换目标后攻击力将降至最低。\n请关注官方微信订阅号cocsupercell和服务号coc-kefu
6fc32e68d7b787f9,TID_GIFT_CLAIM_FAILED_RECENTLY_CHANGED_CLAN,无法领取礼物，因为您刚刚更换了部落！请稍后重试。
2e15e923f58daeed,TID_RESOURCE_CAP_FULL_DARK_ELIXIR,建造更多或升级已有暗黑重油罐！
3c50f6acf93a98e0,TID_FAQ_TITLE_INTERNET,游戏偶尔掉线，该如何避免？
58b25ed406bffb74,TID_BUTTON_APPBANK,AppBank 指南
8d7f9adfa2781143,TID_MORE_WEIBO,请关注新浪蓝V认证微博@部落冲突Clash-of-Clans
981bf9ad89b0be54,TID_NEWS_VIDEO_BUTTON_INTRO,马上观看！
8604c52563399651,TID_FAQ_TEXT_RECRUIT,您可以关注我们的新浪蓝V认证微博 @部落冲突Clash-of-Clans ，在那里您可以在不时置顶的加友微博中留下部落名称，您的好友可以通过在游戏中搜索部落，加入您的部落。您也可以通过游戏内的公众聊天室结交新的朋友。点击玩家留言，发送邀请信息即可。您还可以通过苹果游戏中心和Facebook邀请好友参与游戏。这种情况下，被邀请的好友必须将游戏绑定到游戏中心账号或Facebook账号，并且已经修复了部落城堡，满足以上两个条件您就可以在好友栏内找到您的朋友，发出加入部落邀请了。
7bc49c264f70ea14,TID_HERO_ABILITY_UPGRADE_PROMPT_QUEEN,将英雄升至<number>级以增强其技能！
24cca3bd66272fb5,TID_HINT_SPELL_FREEZE,冰冻法术作用区域内的敌方建筑和部队将在一段时间内失去防御能力。\n请关注官方微信订阅号cocsupercell和服务号coc-kefu
43300efd160bfd7f,TID_NEWS_VIDEO_TEXT_FINALLY,\q部落对战\q终于要来了！观看这部全新的视频动画，有你最喜欢的野猪骑士哦。有没有觉得很赞呢？
bd4159715e9dbcb4,TID_TOTEM,图腾
db81df09351b91dc,TID_WARS_WON,战争胜利
4b1cfd3b3253876c,TID_HINT_RESOURCE_UPGRADE_NOT_FUNCTIONING,金矿和圣水收集器在升级的时候不能产出资源。\n请关注官方微信订阅号cocsupercell和服务号coc-kefu
538eb117b22bcd97,TID_NEWS_OCT_2017_UPDATE_TEXT_2,• 戈仑石人和瓦基丽武神可升至新的等级\n• 空气炮和炸弹塔可升至新的等级\n• 可升至12级的城墙数量增加25块
4002424f50e98f20,TID_HINT_CANNON_TARGET,加农炮只能攻击地面部队。\n请关注官方微信订阅号cocsupercell和服务号coc-kefu
2118272d782953a4,TID_NEWS_BUILDER_BASE_TEXT1,• 穿越大海，登陆建筑大师基地，开始全新历险征程！\n• 在全新的基地上训练特殊兵种、建造新建筑和解锁更多内容！\n• 修复帆船，扬帆起航！
600a0f63541f8f62,TID_ACHIEVEMENT_CLEAR_OBSTACLES,移除<number>个障碍（树木和岩石等）
ccd562a4e56d19de,TID_HERO_INSTRUCTIONS_WARDEN,这个身经百战的贤者在防守时会像一座高塔一样矗立在那，利用生命光环为附近的友军提升生命值。在攻击时，他可以随意地跳过城墙或者飞行，在永恒书卷技能解锁后更可以让周围的友军免疫伤害！
7d68f752c0d468f3,TID_EARTHQUAKE_INFO,用强烈的地震摧毁城墙与建筑吧！\n\n地震法术造成的伤害受建筑生命值影响。对同一建筑重复投掷地震法术，造成的伤害将会递减。但是，对同一块城墙重复释放该法术则可以产生更大的伤害。没有任何城墙能抵抗四次地震法术！
71d2c1913ffaa0c3,TID_HERO_ABILITY_UNLOCK_PROMPT,将英雄升至<number>级以解锁此技能！
2aa54a5ca8250b70,TID_BUTTON_TRAPS_ARMED,所有陷阱都已布置
0110cb3e54314dd5,TID_NEWS_VIDEO_BUTTON_APRIL,马上观看
f4065cf29c0c6fbc,TID_BOOST_LEFT,提速还剩下：
05abc500ddb70efd,TID_NEWS_XMAS_2016_UPGRADES_TEXT,11级大本营\n• 野蛮人之王可升至41-45级\n• 弓箭女皇可升至41-45级\n• 戈仑石人可升至6级\n• 野猪骑士可升至7级\n• 毒药法术可升至5级\n• 部落城堡可升至7级\n• 法师塔可升至10级\n• 城墙可升至12级 （最多升级50块）
a91759fcf9de1559,TID_HINT_BATTLE_LOG,战斗日志里面记录了您的交战记录哦。\n请关注官方微信订阅号cocsupercell和服务号coc-kefu
ab464c32d1cb1105,TID_ACHIEVEMENT_DESTROY_TOWNHALL2,在对抗赛中摧毁<number>座建筑大师大本营
b0fcf147ebc3324c,TID_LEAGUE_BRONZE1,一级铜杯联赛
6e0a93bd4352d56e,TID_NPC50,哥布林之王v.2
789d2b403b58ff3a,TID_ALLIANCE_WAR_PERSONAL_ATTACK_2,第二次进攻
db258cc4b1a5f5ee,TID_POPUP_RELOAD_ALL,全部重新装填
1c8c23e3066f9439,TID_BUTTON_LOAD_ALL,全部装填
047b4571e1582eb2,TID_ALLIANCE_WAR_LOOT_BONUS_TITLE,战争胜利奖励
33bd9913619b0ddd,TID_AVATAR_MESSAGE_TEXT_GEM_REVOKE,此帐户申请退款，且申请已于<refundDate>获得批准。退款将通过订单的付款方式退回。\n\n您的帐户已被扣除共<totalRevokedGems>颗宝石，该数额与您的退款金额相符。您的宝石余额可能因此变为负数，您可以再次购买宝石或在游戏中获取宝石来将其变为正数。
d345e4f5893d3286,TID_NEWS_VIDEO_TITLE_FINALLY,部落对战介绍
07fd0fe03347c8c9,TID_DEVICE_LINK_WRONG_ACCOUNT_TITLE,登录帐户错误
cd54b69b2a57679d,TID_NEWS_TREASURY TEXT,每日胜利之星奖励\n• 在联机模式中获得5颗胜利之星即可赢得奖励\n• 联赛等级越高，奖励越丰厚！\n• 每天都有全新胜利之星奖励！\n• 胜利之星奖励存放在宝库中，安全无虞\n\n资源车\n• 每次被攻击后，一辆损坏的资源车都会出现在您的村庄中。\n• 点击资源车可以找回部分被掠夺的资源\n• 每次只会出现一辆资源车，请记得及时收集！\n\n宝库\n• 部落城堡内新增了一座防护极佳的资源银行：宝库\n• 宝库可以很好地保护您的部落对战奖励和胜利之星奖励\n• 在您不需要使用这些奖励时，将它们存放在此是最安全的！\n\n平衡性调整\n• 天鹰火炮现在对戈仑石人和小戈仑石人造成三倍伤害\n• 6级大本营即可解锁第二个防空火箭，7级时解锁第三个
4fa2035c11bde611,TID_EVENT_CHRISTMAS_SPELL_UPCOMING,Clash圣诞节第一天
1968c3326018ad0d,TID_GAMECENTER_BOUND_TO_OTHER_ACCOUNT_TITLE,游戏中心警告
a930777f4d4638d6,TID_START_WAR_FAILED_NOT_ENOUGH_MEMBERS,无法发起部落对战，部落可参战成员数量不足！
ec429372895e4dcb,TID_CHARACTER_INFO_BARBARIAN,这些无畏的勇士长着引人注目的胡子，他们依靠着壮硕的肌肉在敌人的村庄肆虐。训练一队野蛮人，他们将为您出生入死！
3e2b1262eaef25f5,TID_EVENT_BOOST_COLLECTORS,特惠活动：您现在只需一颗宝石就可以提升任何一个资源采集器的产量！
33268e2a0e60719d,TID_POPUP_BOOST_DARK_ELIXIR_COLLECTOR,确定在<time>内加倍暗黑重油的产量吗？
0906c6712b567b4a,TID_ACHIEVEMENT_DESTROY_XBOW_ONE,在联机模式中摧毁1个X连弩
61f38e474a167d3b,TID_BARBARIAN_KING_INFO,野蛮人之王是领地范围内最强、最凶悍的野蛮人。以暗黑重油为食的他身材巨大，可以攻击敌军也能守护村庄。
40ab0e46d3c0306c,TID_POPUP_ABOUT_TO_SELL_TITLE,出售
4cb9633a9a62a8a1,TID_DUEL_REWARDS_INFO_TEXT,在对抗赛中获胜可赢得奖励！您不会在防守中损失资源。\n\n提升奖杯数可获得更多奖励！
3a7bc967e264c54e,TID_HINT_SPELL_POISON_CLOUD1,毒药法术对大群的敌军骷髅兵尤其有效。\n请关注官方微信订阅号cocsupercell和服务号coc-kefu
675916fe6b529d69,TID_GIANT_CANNON_INFO,什么都无法阻挡巨型加农炮的攻击。它发射的巨型加农炮弹可以射穿任何东西，并一直向前飞行，一直向前......
eec0bf2e79040fcb,TID_POPUP_SPEED_UP_UPGRADE,您想用<number>颗宝石加速<item>的升级吗？
f6094609a1d18fef,TID_CHARACTER_INFO_GOLEM,戈仑石人乐于吸收伤害。被摧毁的时候，他们会分裂产生两个小戈仑石人。每个小石人只有原本戈仑石人1/5的攻击力。
6668484860303d89,TID_POPUP_TEXT_RELOAD_ALL_ELIXIR,您要花费<number> <resource>来重新装填全部的X连弩和天鹰火炮吗？
e3281dc0fe608ca6,TID_CLAN_JOIN_FAIL_ALREADY_SENT,请稍等片刻，不要重复发送请求哦！
d38be08a0183350b,TID_HINT_REVENGE_OF_REVENGE,您先攻击对方的情况下是不能对他复仇的。\n请关注官方微信订阅号cocsupercell和服务号coc-kefu
e72dc68d32ef8d73,TID_HINT_SPELL_JUMP_DURATION,升级弹跳法术，这样您的军队就有更多的时间从容地跃过城墙了。\n请关注官方微信订阅号cocsupercell和服务号coc-kefu
441a62c6682149f5,TID_FAQ_TITLE_BUYING,游戏中购买宝石的选项不存在或者为灰色，怎么购买宝石呢？
775014ffcd7e2611,TID_KNOCKBACK,推进强度：<number>格
4a4adf9290a2c842,TID_HINT_ACHIEVEMENT_GEMS,取得成就可以获取免费宝石！\n请关注官方微信订阅号cocsupercell和服务号coc-kefu
e63ca0266f1348e4,TID_POPUP_BOOST_VILLAGE_SPEEDUP,在<time>内，采集资源、训练、研究和建造的速度提升至原来的<multiplier>倍！
de975ab603d98015,TID_NEWS_MAY_BALANCING_TEXT,• 疗伤法术、冰冻法术和镜像法术添加了新等级\n• 9级大本营可解锁第7个金矿和圣水收集器\n• 其他平衡性调整以及升级成本降低
ec064c0cea2f771c,TID_CLANS_VS,VS
a15bf527a18a09b2,TID_TUTORIAL_TOWN_HALL_1,有了从哥布林那里抢来的金币，我们就可以升级大本营了。
cb904b7103edf81a,TID_ALLIANCE_WAR_EVENTS,战争事件
67c91cc1b98141fc,TID_WAR_BATTLE_INFO,在战斗日，每个成员均可进攻两次。对敌军战争基地造成的损失以最佳战绩为准，所以战争策略非常重要！部落对战时的攻击不会减少您的护盾有效时间，也不会影响您的奖杯数。
f354fc545a20cbda,TID_HINT_GEM_MINE,修复宝石矿井后可以开始收集额外宝石！\n请关注官方微信订阅号cocsupercell和服务号coc-kefu
e76323617db8a445,TID_HINT_HEROES_ABILITIES,英雄等级达到5级便拥有可升级的特殊技能，可在进攻时使用。\n请关注官方微信订阅号cocsupercell和服务号coc-kefu
876868db53321d82,TID_SHARE_DUEL_TEXT,将对抗赛回放分享到部落？
798fb167b4f20823,TID_HINT_VERSUS_BATTLE1,在对抗赛中赢得更多胜利之星的一方获胜！星数相同时，摧毁程度更高的一方获胜。
033ff4fda680c746,TID_POPUP_REMOVE_REINFORCEMENTS_TITLE,要移除部队/法术吗？
46ad5cfb29c3769f,TID_FAQ_TEXT_GEM_BOX,宝箱会随机出现在每个玩家的村庄里。宝箱每次出现的时间也是随机的，这也就是有些玩家好像获得了更多宝箱的原因。别担心，从长期来看，每个玩家获得的宝箱数量是一样的，每个宝箱里的宝石数量都是相同的。
b4a68b2bedfe262a,TID_STREAM_CLAN_WARS_ENTRY_VS,vs
ef0c24e6307925d3,TID_AMMO_FILL_CONFIRMATION,X连弩已准备就绪！
f9e0a88ffe9367e5,TID_GIFT_CLAIM_FAILED_NOT_PART_OF_CLAN,无法领取礼物，因为您不是该部落成员！
7b4ef67da4e1d46c,TID_POPUP_BOOST_BARRACKS,要在<time>内将部队训练速度提高至原来的<multiplier>倍吗？
2090758ab88974d6,TID_ABOUT_WEIBO,微博
4e2530d0faa9ce1b,TID_ACHIEVEMENT_LOOT_ELIXIR_TITLE,圣水大盗
efb86adeb53461a0,TID_DUEL_TARGET_FOUND,已找到对抗赛对手！发起进攻！
dae6d7ab7f1f12cd,TID_HINT_CLAN_TROOP_DEPLOY,部落城堡内驻扎的援军既可以保护村庄免受敌军袭击，也可以跟随您外出征战。\n请关注官方微信订阅号cocsupercell和服务号coc-kefu
95056c230e4f76b4,TID_HINT_CLAN_CHAT_PROFANITY_FILTER,您现在可以在\q设置\q菜单中开启部落聊天不雅用语过滤器。\n请关注官方微信订阅号cocsupercell和服务号coc-kefu
08c9caf257430681,TID_ACCEPT_ALLIANCE_JOIN_REQUEST,确定要批准该请求吗？
f9792e43c4697c33,TID_JUMP_SPELL_INFO,城墙挡了您的去路？来走条捷径吧！\n\n在敌军城墙附近施展该法术，就可以在城墙上方创建通道！您的大军可以直接跳过这段城墙，保证畅通无阻！
0c0bb7918e593c0f,TID_ACHIEVEMENT_DESTROY_WALLS,在联机模式中摧毁<number>面城墙
f8ccaea13aef9ca7,TID_NEWS_UPDATE_OTHER_TEXT,* 冰冻法术如今也可作用于空中部队了\n* 熔岩猎犬不再攻击空中部队了\n* 攻击部队现在可以在更远的范围内发现防御部队并与之交战了\n* 三级泰坦与二级泰坦联赛的玩家如今可在商店买一周护盾
70edb736509adfe2,TID_DIAMOND_BUNDLE_HERO_INFO,
5079c72776e1ba0f,TID_POPUP_REARM_ALL,重新布置所有陷阱
e8ed5c2148197b85,TID_RESOURCE_STORAGE_CAPACITY,最大容量：<number>
ed63cbeb51e83ff0,TID_HINT_WALLBREAKER_DAMAGE,炸弹人愿意与敌军城墙同归于尽，能给城墙造成巨大破坏。\n请关注官方微信订阅号cocsupercell和服务号coc-kefu
3fbdea060a92b082,TID_LEAGUE_I,I
e0083210adb82f83,TID_MORE_WECHAT,关注官方认证微信订阅号cocsupercell
e14c6802a213e554,TID_CLAN_WAR_FREQ,战争频率：
3f9e97a5251313d6,TID_LEAGUE_INFO_LOOT_BONUS_PROMO,在新的联赛中，赢得一场战斗的最大战利品奖励是：
d94535933c9be316,TID_TUTORIAL_WORKER_MENU3,非常好！我们现在是队友了！说不定哪天我会去你另一个家瞧瞧并且......Zzz...
b326711c42b13af8,TID_ALLIANCE_INVITATION_FAILED_USER_BANNED,无法邀请，该玩家被禁止加入您的部落！
8dcaceaa52b7bce2,TID_NEWS_MAYTROOPS_TEXT,10级大本营解锁新兵种：掘地矿工\n•掘地矿工可穿行于地底，钻过城墙，在攻击目标旁破土而出\n•他们在地底时不会受到任何伤害并且不会触发陷阱\n•在新的12级训练营可训练掘地矿工\n•9级大本营解锁新兵种：飞龙宝宝\n•飞龙宝宝周围没有其他飞行军队时，他们会处于狂暴状态！\n•狂暴状态的飞龙宝宝伤害值和攻击速度会提高\n•在新的11级训练营可训练飞龙宝宝
7ff8b642c4f8c52a,TID_HINT_BALLOON_AIR,气球兵是空中部队，加农炮和迫击炮无法攻击到它。\n请关注官方微信订阅号cocsupercell和服务号coc-kefu
61c219dfadd0edc2,TID_HINT_TRAP_UPGRADING,别忘了升级您的陷阱，将那些不速之客拒之门外！\n请关注官方微信订阅号cocsupercell和服务号coc-kefu
2634125a1464c760,TID_RESOURCE_BUY_CONFIRMATION,获得资源！
e0282befe97757df,TID_FAQ_TEXT_TEXTSIZE_ANDROID,很遗憾，目前无法增大文字大小，但我们一直在努力改善游戏的体验、可读性以及易用性。
0c36e4cc4d7cbc83,TID_ATTACK_FAIL_NO_MATCHES,无法找到可攻击的玩家！
a0d3444f63df65bd,TID_POPUP_SHIELD_REMOVAL_REVENGE,护盾保护期间，一旦您实施了复仇，您的护盾时间就会相应地减少。如果所需扣除的护盾时间多于您剩余的护盾时间，那么您的护盾会立即失效。
c9ebd2e91b63ef05,TID_NEWS_XMAS_2016_UPDATE_TEXT,在这个飘雪的季节里，我们推出了各种特别活动！\n\n查看新的<c76589b>活动</c>选项卡，关注这些有趣的活动吧 ！
9bfb3a6d21813fc4,TID_FAQ_TEXT_INTERNET,要减少这种风险，请使用可靠的互联网服务，提供安全且稳定的连接（Wi-Fi或3G/4G）。另外，在游戏开始前，请关闭其他不必要的程式，因为它们有可能占用一部分的流量。
5446f16f7491b8d4,TID_HINT_GUARD_LOSE,您可以随意攻击，并且不会减少当前村庄守卫的有效时间。\n请关注官方微信订阅号cocsupercell和服务号coc-kefu
4149df0207760705,TID_TUTORIAL_DEFEND_5,咕噜咕噜，黄金！哥布林最爱黄金了！
dcb8be4b8dae7221,TID_ACHIEVEMENT_PVP_DEFENSES,成功抵御<number>轮攻击
19fb79e9c2df57a5,TID_ERROR_POP_UP_CONNECTION_LOST,与服务器失去连接，请查看您的网络连接后再次尝试。
a06fcf2e47ebb878,TID_FAQ_TEXT_SHIELD,护盾可以让您在较长时间内免遭敌军攻击。不过护盾超过有效时间就会失效，攻击其他村庄会使其失效更快。当村庄被大量敌军摧毁并达到一定摧毁程度后，您会自动获得至少12小时的护盾。您可以从商店购买防护时间更久的护盾。
5b16befe7412e343,TID_FEEDBACK_EMAIL_TITLE,给《部落冲突》Clash%20of%20Clans的反馈意见
79fb48a1d7045eee,TID_GIANT_ABILITY_HELP,首次攻击造成<num>%的伤害
da69168b7ef2b923,TID_ERROR_POP_UP_SERVER_MAINTENANCE_TITLE,系统维护中
d93dee4802f34ebe,TID_HINT_WIZARD_TOWER_TARGET,法师塔可以攻击陆空目标。\n请关注官方微信订阅号cocsupercell和服务号coc-kefu
e89b1368953f36b0,TID_HINT_OBSTACLES,清除岩石和树木等障碍将有机会获得宝石哦。\n请关注官方微信订阅号cocsupercell和服务号coc-kefu
b9b4d998d8c7efc0,TID_FAQ_TITLE_CLANSCORE,为什么我的部落总积分少于所有部落成员的奖杯数之和呢？
509f3eb9d6bf2db8,TID_FAQ_TITLE_TROOPS,战斗中幸存下来的部队到哪儿去了呢？
c1f0f7d35bac8d1a,TID_HINT_ACCOUNT_SECURITY_2,Supercell员工绝不会向您索要您的苹果游戏中心密码！\n请关注官方微信订阅号cocsupercell和服务号coc-kefu
732b080a3df14c00,TID_DEVICE_LINK_ERROR_TOO_MANY_DEVICES,太多已连接的设备
b20e7730ab77814a,TID_ARRANGED_WAR_SIZE,部落友谊战规模：<num> vs <num>
5e245d5ca1329649,TID_OBSTACLE_XMASTREE,圣诞树
ffcaa01b684e7608,TID_DARK_ELIXIR_STORAGE_INFO,暗黑重油威力巨大，它的威力是圣水的三倍。我们得建造一个立方体的暗黑重油罐来存储它。
38d5d64c85190539,TID_FINISH_TRAINING,立刻完成训练：
05b5dec9b9089c76,TID_HINT_WALLBREAKER_TARGET,炸弹人会炸毁城墙为部队开路，以便让主力部队更好地攻击敌军建筑。\n请关注官方微信订阅号cocsupercell和服务号coc-kefu
fd0728377170ac9c,TID_DARK_TOWER_INFO,建立有暗黑重油加持火焰的地狱之塔，可以对单一目标造成难以估算的伤害，或者一次对多重目标进行持续攻击。它的超高热量会使治愈效果失去作用！
5ed384ea9c84bc2f,TID_FACEBOOK_BOUND_TO_OTHER_ACCOUNT,该Facebook帐户已经连接至另一个村庄。要连接至当前村庄吗？
ff26863d9ccf32ec,TID_ADD_FRIENDS_INFO_REQUESTS_ANDROID,在其他玩家的简介页面可将其添加为好友。登录Facebook账号后，您可以在这里查看您的好友。
88ce961b0212f2db,TID_ERROR_POP_UP_AUTO_DISCONNECTED,因为太久没有活动，您已断开连接。
402806bddfcb73c8,TID_CHARACTER_INFO_WARLOCK,女巫从来不是一个人在战斗，她能不断召唤骷髅勇士发起攻击。升级您的女巫，每次可以召集更多骷髅勇士。
4832ac80cf836498,TID_LEAGUE_CRYSTAL2,二级水晶杯联赛
1bf07e0ebe4e4507,TID_WAR_PREPARE_ARMYCAMP_INFO,部署您的村庄，准备参战吧！\n让增援部队驻扎在<c2>部落城堡</c>，帮助您的部落成员，招募最英勇的<c2>部队</c>，配制强大的<c2>法术</c>，同时务必让您的<c2>英雄们</c>做好战争准备！
81037063b0ef5b2c,TID_NEWS_UPDATE_INFO_TITLE,最后一只迷你熔岩犬的传说
e9c3ff667c4964e0,TID_NEWS_TH11_UPDATE_LOOT_TEXT,• 大本营现在储存大量可掠夺战利品 - 在战斗中摧毁它就能获得丰厚奖励！\n• 有史以来最丰厚的联赛奖励，奖励与您的摧毁程度成正比\n• 联赛等级越高，获得的奖杯就越多，损失的就越少。
3ab4e034537b1ffd,TID_LEAGUE_TITLE2,每个联赛历时一个月。在赛季开始时，进攻任何村庄可查看自己的新联赛排名和战利品奖励。
9d1ee5da3ad52a70,TID_SINGLE_PLAYER_AVAILABLE_LOOT,可掠夺资源：
5e8cc0dbd8f4f912,TID_CHARACTER_INFO_BAT,蝙蝠行动异常迅捷，一大群蝙蝠可是相当致命的，不过它们很容易被溅射伤害消灭。
b5f7c7751fd0a7d0,TID_CANCEL_WAR_MATCHMAKING_CONFIRMATION_TEXT,等一下！您不必停止搜寻就可关闭部落对战界面。您真的要停止搜索吗？
9bb603725fcfbe8f,TID_LEAGUE_MASTER1,一级大师杯联赛
febc8c46739b78e0,TID_NEWS_UPDATE_INFO_TEXT,迷你熔岩犬的精彩故事还远未结束。该故事取自CamaroBro真实的《部落冲突》事件。
e8210e4ccfc5b394,TID_ALLIANCE_WAR_ATTACK_FAILED_SNAPSHOT_NOT_AVAILABLE,无法进攻，目标村庄不能被攻击！
b851f4215b8da451,TID_DECORATION_SMALL_PINETREE,小松树
9999480ef0de8f41,TID_HINT_BARBARIAN_TARGET,头脑简单的野蛮人只会攻击最近的目标。\n请关注官方微信订阅号cocsupercell和服务号coc-kefu
d087281d25585076,TID_FAQ_TEXT_MULTIACCOUNT,同一个苹果设备上，只能保存一个《部落冲突》的账户信息。一旦开始游戏，我们将无法为您删除已存储在苹果设备上的游戏数据。
1ed77f3c3a91ebef,TID_BOW_INFO,X连弩会发射出威力巨大的弩箭。\n装填圣水后，X连弩会自动运行。\n您可根据需要，将X连弩设置为攻\n击大范围内的地面部队，或小范围内的陆空部队。
245f85c350a23b1a,TID_HINT_WIZARD_TOWER_DAMAGE,法师塔发出的火球可以对目标区域内的多个目标造成伤害。\n请关注官方微信订阅号cocsupercell和服务号coc-kefu
31697af88e671469,TID_NEWS_TROOP_TEXT2,这种用岩石和熔岩生成的飞行生物能承受大量伤害。它的攻击目标是防空火箭，可深入敌人村庄，为其他部队提供掩护。被摧毁后，它会发生爆炸，变成更多体型和威胁都更小的生物，继续分散敌军防御的注意力。
a46208bd9274c557,TID_HINT_SHIELD_GAIN,如果有外敌摧毁了您的村庄，您可免费获得护盾。\n请关注官方微信订阅号cocsupercell和服务号coc-kefu
0393ce1f82b593e9,TID_FAQ_TEXT_LOSTGEMS,通常情况下，在游戏内购买宝石的玩家能实时收到宝石，但由于支付服务提供商或我们的服务器有时会较平时慢，甚至发生错误，一些玩家需要等待比较长时间才能收到宝石。因而在等待期间，请勿重复购买宝石。您可以尝试退出游戏，然后重新启动，这样您购买的宝石应该成功到账了。\n\n如果这样做无效，请点击下方的\q联系我们\q，然后给我们发送一封Email，我们将尽快为您解决问题。
e7907e8bb0225524,TID_ALLIANCE_WAR_TOTAL_DESTRUCTION,<friendly>总摧毁程度<enemy>
f92986e3cc6f04d9,TID_HINT_CLAN_REINFORCEMENTS,通过部落城堡向部落成员请求增援！\n请关注官方微信订阅号cocsupercell和服务号coc-kefu
1c18fbe8cda7b634,TID_POPUP_ABOUT_TO_CANCEL_SPELL,取消等待队列中的法术只会返还<number>%的费用。
9e3b964c093a5bea,TID_HINT_TOXIC_MINION,将异变亡灵部署在离敌军建筑较远的地方，让它们充分发挥远程狙杀技能。
68f8059ad797535b,TID_UNPLACED_BUILDINGS,待放置的建筑
9a37151788059fd0,TID_POPUP_REVENGE_CLEAR_TITLE,复仇
f930a2ebd859e075,TID_ACHIEVEMENT_ACCOUNT_BOUND_GOOGLE_PLAY,绑定Google Play账号
50570e95e2e29d8c,TID_EVENT_CHRISTMAS_SPELL,Clash圣诞节特别活动：圣诞奇袭
b19fc3a5a18656be,TID_LEAGUE_CHAMPION3_SHORT,三级冠军杯
a722feddd2f6d171,TID_DIAMOND_BUNDLE_TH6_INFO,• <gems>宝石\n• <res0>金币\n• 2级空气炮\n\n礼包中的建筑无需花费建造时间，存放礼包中的资源不受最大储量限制！\n\n该<cffec78><value>倍超值礼包</c>只可购买\n一次，千万不要错过哦！
1153d2bcb5e78fcc,TID_USE_SPELL_EVENT_ACHIEVEMENT_DESC_PLURAL,活动挑战：在联机模式中获胜！\n<cffec78>• 必须使用<usecount> 个<unit></c>
1feaf9be019dd103,TID_HINT HERO_ARCHER_QUEEN,一双锐利的鹰眼，一把精良的X弩，成就了这位所向披靡的弓箭女皇。\n请关注官方微信订阅号cocsupercell和服务号coc-kefu
8529f5b9ad2d2cc6,TID_HINT_SPELL_POISON_CLOUD2,您的部队可以更有效地攻击处于毒药法术影响下的部落援军。\n请关注官方微信订阅号cocsupercell和服务号coc-kefu
191e47a19d48b3fb,TID_ALLIANCE_WAR_ATTACK_CONFIRM_1STAR,您的部落已经从该村庄赢得1星。您要尝试获得更好的成绩吗？
61a997ae54427577,TID_IAP_NOT_AVAILABLE_OLD_GOOGLE_PLAY,无法购买！Google Play 商店应用程序需要升级。
b559329f1b08eb5e,TID_HINT_WARMACHINE1,修复战争机器，带着这位强大的英雄驰骋战场！\n请关注官方微信订阅号cocsupercell和服务号coc-kefu
6cda93b24279a56e,TID_NPC49,哥布林之王v.1
498f20a2dfad8b74,TID_ACHIEVEMENT_DESTROY_ARTILLERY_TITLE,火炮杀手
fec494edb19f3f33,TID_PLUS_ONE_CLAN_STAR,+1 胜利之星
1c2fa3de0a3928dc,TID_CHARACTER_INFO_HEALER,伟大的天使生来就是为了守护您的士兵。她能帮助各种地面部队恢复元气，但要记得小心保护天使免受防空火箭的袭击！
44a16fee45d59af8,TID_HEAL,每秒恢复值：<number>
741c5a4e0dcbf1f2,TID_HINT_GOBLIN_DAMAGE,哥布林能对资源建筑造成双倍伤害。\n请关注官方微信订阅号cocsupercell和服务号coc-kefu
56bb11160b45119d,TID_ERROR_POP_UP_WRONG_CLIENT_VERSION_TITLE,获取更新！
3ddcecdcfac7e21f,TID_ACHIEVEMENT_COMPLETED,已取得该成就！
a9b8394d379814d0,TID_HINT_XBOW_AMMO,X连弩以圣水作为弹药。要记得在遭受敌人攻击后及时装填圣水！\n请关注官方微信订阅号cocsupercell和服务号coc-kefu
3aac4583d1095dc1,TID_ELIXIR_SHOP_PACK,<number>滴圣水
edf7400a659ffeac,TID_FAQ_TITLE_GUARD,什么是村庄守卫？它的作用是什么？
c416604824914bd8,TID_HINT_VILLAGE_EDIT_MODE,使用村庄编辑功能可轻松设计村庄阵型。\n请关注官方微信订阅号cocsupercell和服务号coc-kefu
cfe177227c4a00d5,TID_DECORATION_PINETREE,松树
a52551b6e7756023,TID_NEWS_SAFEGUARD_TEXT,登录Game Center来保存您的进度，并在多台苹果设备上玩同一个村庄。
7f9f566eeac39375,TID_FAQ_TITLE_MATCHMAKING,进攻对象是如何决定的呢？
dfd9316f121df8ab,TID_ADVANCED_SEARCH_BUTTON_LESS,隐藏
070e6fc27397272f,TID_FAQ_TEXT_BUYING,请确保您的设备已经开启应用程序内购买功能。具体步骤：进入\q设置\q——>\q通用\q——>\q访问限制\q，确保\qApp 内购买项目\q选项设为[开启]。然后退出并重新启动游戏：连续按两次苹果的Home按钮；点击并按住下方出现的《部落冲突》图标，直到图标开始抖动；点击图标左上角的减号以关闭游戏。重新启动《部落冲突》，这样就能购买宝石了。\n\n如果您的苹果设备越狱之后安装了内购破解插件，您可能无法通过苹果iTunes商店购买宝石，很抱歉我们无法提供相关帮助。请进一步咨询相关从业者或论坛寻求更多帮助。
0188f1a173221f27,TID_ELIXIR_AMMO_ALREADY_FULL_ALL,所有X连弩和天鹰火炮装填完毕！
18fe29d7483261ce,TID_FOLLOW_BUILDER_TITLE,关注建筑工人的微博！
12d88c268d597994,TID_HINT_STORAGES_SPELL_IMMUNITY,所有资源仓库均免疫法术伤害！\n请关注官方微信订阅号cocsupercell和服务号coc-kefu
3bd4f02a805be955,TID_ALLIANCE_WAR_STARTWAR_INFO_LEADER,参与部落对战，为荣誉、战利品和部落经验值而战！\n\n\n准备好了吗？那就开战吧！
d57d3d1e961a0b50,TID_HINT_INFERNO_TOWER_AMMO,地狱之塔需要装填暗黑重油才能正常运转。请确保您的地狱之塔始终装填有足够的暗黑重油！\n请关注官方微信订阅号cocsupercell和服务号coc-kefu
9e9e970f9b61e72b,TID_FREEZE_SPELL_INFO,随着战场越来越白热化，我们要保持冷静！\n\n冰冻法术能发出一道低温冲击波，可以暂时冻结有效范围内的敌军部队和防御性建筑。
67fd6655f51aa4ff,TID_HINT_CHAT_REPORT,如果在聊天室发现不当言论，请点击该言论，并点击\q举报\q按钮。\n请关注官方微信订阅号cocsupercell和服务号coc-kefu
1752478ef5597726,TID_POPUP_REMOVE_TROOP_AND_SPELL_TEXT,您真的要移除这些部队和法术吗？您不会得到任何补偿哦！
f6340311f1bb4e26,TID_NEWS_OCT_2017_UPDATE_MAIN_TITLE,10月更新内容！
94b5afbc615f1440,TID_HINT LEAGUE_PLACEMENT,如果您有足够的奖杯，在进攻村庄后会自动加入联赛。\n请关注官方微信订阅号cocsupercell和服务号coc-kefu
7128d53145214d41,TID_HINT_PUSH_TRAP,旋转弹射陷阱，将敌军地面部队向您设定的方向弹射。
e737077e45ee0a8d,TID_AMMO_ALREADY_FULL,X连弩装填完毕！
720afde7e3e7abff,TID_NEWS_VIDEO_TEXT_INTRO,部落对战都有什么？快来看看视频了解一下吧！
d6a873ac35e33caf,TID_HINT_UPGRADE_WALLS,升级城墙以延缓敌军的进攻。\n请关注官方微信订阅号cocsupercell和服务号coc-kefu
da075b406e3e8205,TID_LEADERBOARDBANNER_PLAYER_REWARD,上次锦标赛中的顶级玩家：\n（轻按下方查看更多信息）
1023ab24e46311fe,TID_BOMBER_ABILITY_HELP,扔出的第一个炸弹造成<num3>%的伤害
4864e038c5fc80df,TID_HINT_XBOW_LVL_8,升级大本营可获取新的防御武器——X连弩。\n请关注官方微信订阅号cocsupercell和服务号coc-kefu
393d2e06ec15dce2,TID_GIFT_CLAIM_FAILED_RECENTLY_CHANGED_CLAN_TIME,无法领取礼物，因为您刚刚更换了部落！请在<time>后重试。
c8662e8888c3536a,TID_NEWS_OCT_2017_UPDATE,部落、好友和部落成员
4bd8bfc8e2c5a202,TID_BOMBER_ABILITY,强力炸弹
3c84af8d2de0894f,TID_HINT_REPLAY,您可以从战斗日志中观看回放的战斗录像！\n请关注官方微信订阅号cocsupercell和服务号coc-kefu
da899b4dd24b893f,TID_HINT_WARLOCK_INFO_2,当她召唤的所有骷髅勇士都被消灭时，女巫最为脆弱。\n请关注官方微信订阅号cocsupercell和服务号coc-kefu
c47479def37232ce,TID_ERROR_POP_UP_UNLOCK_UNAVAILABLE_TITLE,账户无法解锁
236ee1b4f503d01e,TID_TUTORIAL_DEFEND_4,我们的村庄地下埋藏着丰富的圣水。借助这些圣水的魔力，村庄里所有的建筑被敌人摧毁后都可以奇迹般地自我修复。
6c0399b17a2e7025,TID_FAQ_TITLE_SHIELD,什么是护盾？它的作用是什么？
bd03d029a9f5609e,TID_NEWS_BUTTON_FIND_OUT_MORE,查看更多！
546ab8a2f8749240,TID_DEVICE_LINK_ERROR_NOT_ATTACHED_TITLE,未与苹果游戏中心关联
2216737c54381a9c,TID_HINT HERO_BARBARIAN_KING,野蛮人之王是个强悍的家伙，通过吸食暗黑重油他长得比巨人更壮硕。\n请关注官方微信订阅号cocsupercell和服务号coc-kefu
462a5998d907fd60,TID_NAMECHANGE_WARNING,注意：您只拥有一次改名机会
197bcfbd0dde15f3,TID_BUTTON_CALL_CENTER,Telephone inquiry
75d4d54820f802f4,TID_FAQ_TEXT_HEROES,当大本营升至一定等级时，就可以从商店菜单中招募英雄。英雄可以攻击敌军也能保护村庄。英雄拥有不死之身，但也会受伤。要治愈之后才能再次投入战斗。让英雄休息或使用\q治愈\q按钮以恢复其生命值。
3c3302a367ae19e0,TID_LINK_NEW_DEVICE_TEXT,如果您想在两台设备上玩同一个村庄或者想将自己的游戏帐户绑定到新添设备，您可以在这里操作。
819e67848e0af14a,TID_BUY_SHIELD_HEADER,购买护盾吗？
647f641106842c44,TID_ARCHER_TOWER2_INFO,没人能逃过弓箭手的箭。这种箭塔有一个特殊开关 —— 可在远程攻击和快速攻击两种模式中切换！
6667daff289d14ee,TID_FAQ_TEXT_LOSTGEMS_ANDROID,虽然大部分订单能够正常交易，但有时候服务器需要一段时间才能收到您的订单确认信息。请耐心等待一段时间，宝石将很快到达。如果您未收到宝石，请退出并重新开启游戏。如果仍未收到宝石，请在Google Wallet中检查您的订单状态。
fb77d9bc18080eef,TID_DEVICE_LINK_ERROR_CODE_SAME_PLATFORM_TEXT,您无需使用关联代码即可在多台苹果设备上玩同一个村庄。\n\n要在另一台苹果设备上玩同一个村庄，请确保您当前的游戏进度已经绑定到了一个苹果游戏中心(Game Center)帐户。然后，在另一台设备上，用相同的Game Center帐户登录。\n\n通过您的Game Center帐户即可自动同步您的游戏进度。
bc4ef14a2978a613,TID_NEWS_DEC_2017_UPDATE,部落竞赛
f7c5cf69ce8a7555,TID_EVENT_ACHIEVEMENT_REWARD_CLAIMED_BOOSTER,活动已完成！您获得了<name>！
105f5484035bf77a,TID_FAQ_TEXT_RECRUIT,您可以关注我们的新浪蓝V认证微博 @部落冲突Clash-of-Clans ，在那里您可以在不时置顶的加友微博中留下部落名称，您的好友可以通过在游戏中搜索部落，加入您的部落。您也可以通过游戏内的公众聊天室结交新的朋友。点击玩家留言，发送邀请信息即可。您还可以通过苹果游戏中心(Game Center)和Facebook邀请好友参与游戏。这种情况下，被邀请的好友必须将游戏绑定到Game Center帐户或Facebook帐户，并且已经修复了部落城堡，满足以上两个条件您就可以在好友栏内找到您的朋友，发出加入部落邀请了。
56d5556f6af11bdb,TID_CLANGAMES_TASK_INFO_LOOT_ELIXIR,在联机模式中掠夺<num>圣水。
fb6cee2ec5997d3a,TID_CLANGAMES_TASK_LOOT_ELIXIR,圣水大盗
1a3fdb91c7a5ed39,TID_EVENT_TITLE_ClanWar_short,周末勇士
6361bfa64b059e00,TID_ALLIANCE_GAMES_CLAIM_REWARDS_BUTTON,存放至部落城堡
5466088424242b26,TID_ABOUT_ANDROID,"制作人员\n\n<names>\n\nClash of Clans ™ <version>\n2012-2017 Supercell Ltd.版权所有，保留所有权利。\n美国专利申请中\n所有使用本软件的行为受制于我们在www.supercell.net列明的条款、细则以及隐私保护政策。\n客服请联系clashofclans.android@supercell.net。\n\nFMOD 声效系统，版权所有 © Firelight科技有限公司,1994-2017.\n\n游戏所使用的MPEG Layer-3音频编码技术经由 Fraunhofer IIS 和 Thomson Licensing 授权许可"
cf38240a7b37bad8,TID_LOCAL_NOTIFICATION_EVENT_Xmas_MagicItem,首领，首个魔法物品礼包上线啦！
5ab85bd305662911,TID_DARK_TOWER_INFO,建立有暗黑重油加持火焰的地狱之塔，可以对单一目标造成难以估算的伤害，或者一次对多重目标进行持续攻击。
79267f79ac227c5d,TID_HINT_ACCOUNT_SECURITY_2_ANDROID,Supercell员工绝不会向您索要您的Google帐号密码！\n请关注官方微信订阅号cocsupercell和服务号coc-kefu
0ce29334ad8412e3,TID_CLANGAMES_TASK_DESTROY_XBOWS,摧毁X连弩
e43ce692f0086ec2,TID_HINT_SAFEGUARD_PROGRESS_ANDROID,登录Google Play帐号保存您的进度。\n请关注官方微信订阅号cocsupercell和服务号coc-kefu
812f2b6a46daa3fe,TID_POPUP_TEXT_RELOAD_ALL_INFERNOS,您要花费<number><resource>重新装填所有地狱之塔吗？
8193779b7f7d92a6,TID_DIAMOND_BUNDLE_MAGICITEMS_TROOP_LEVEL_PACK_INFO,• <gems>宝石\n• <res0>圣水\n• <booster1>本战斗之书\n\n包含升级部队所需的一切！\n\n千万不要错过哦！
21c9e6dc46e9d9ea,TID_CLANGAMES_TASK_INFO_GET_BUILDERBATTLESTARS,在对抗赛中赢得<num>颗胜利之星。
2c4cb0af89384ab2,TID_HINT_ACCOUNT_SECURITY_1,切勿将您的苹果游戏中心(Game Center)密码告知他人！\n请关注官方微信订阅号cocsupercell和服务号coc-kefu
305314f10eb637a3,TID_DIAMOND_BUNDLE_MAGICITEMS_SPELL_BOOK_INFO,• <gems>宝石\n• <booster1>本法术之书\n\n使用法术之书立即完成法术升级！\n\n千万不要错过哦！
dfcc3249a6d66450,TID_NEWS_DEC_2017_UPDATE_TEXT_2,具有魔法力量的强大物品出现了！魔法物品拥有强大的力量，可以为您的村庄和军队提供各种加成，或帮助您立即完成项目升级。我们对部落城堡中的宝库进行了调整，以便更好地保护魔法物品！
f8657b62a1314261,TID_LINK_SAME_PLATFORM_TITLE_ANDROID,与Google帐号同步
3e57ccaa8dd0b8d9,TID_IAP_NOT_AVAILABLE_ANDROID,无法购买！确保您使用了有效的Google帐号，并且已更新了您的主要付款方式。
3379f5b6b5fb9e2f,TID_DIAMOND_BUNDLE_MAGICITEMS_SPELL_BOOK_WITH_RESOURCES_INFO,• <booster1>本圣水之书\n• <res0>圣水\n\n使用法术之书立即完成法术升级！\n\n千万不要错过哦！
10ff29b881f86ce0,TID_CLANGAMES_TASK_INFO_USE_BARBARIANS,在联机模式中使用<num2>个野蛮人，并赢得<num>颗胜利之星。
3fa4333dd4f28ca9,TID_FAQ_TEXT_LOSTGEMS,通常情况下，在游戏内购买宝石的玩家能实时收到宝石，但由于支付服务提供商或我们的服务器有时会较平时慢，甚至发生错误，一些玩家需要等待比较长时间才能收到宝石。因而在等待期间，请勿重复购买宝石。您可以尝试退出游戏，然后重新启动，这样您购买的宝石应该成功到账了。\n\n如果这样做无效，请点击下方的\q联系我们\q，然后给我们发送一封电子邮件，我们将尽快为您解决问题。
a3a449acde84d033,TID_LOCAL_NOTIFICATION_EVENT_ChineseNewYear,首领，春节特惠礼包到了，快去看看吧！
01ac3e0aa018bd95,TID_GAMES_REWARDS_TEXT,部落竞赛结束后就可以领取奖励了！您的部落完成挑战获得的积分越多，解锁的奖励也就越多。参与部落竞赛的每位成员只需完成至少一项挑战，就可以从每列奖励中选择一项。您选择的奖励将会直接存放到您部落城堡的宝库中，所以请确保您的宝库中有足够的空间存放奖励！未领取的奖励只会保留7天时间，请记得及时领取奖励。
dbb29af831261c8a,TID_DEVICE_LINK_WRONG_ACCOUNT_ANDROID,当前村庄已与另一个Google帐号关联，而这个帐号并非您目前登录的帐号。\n\n请从设置界面注销当前Google帐号，然后用与这个村庄关联的Google帐号登录。\n\n然后尝试再次关联。
3aae4003829d0c28,TID_EVENT_TITLE_ClanWar_long3,每周拉力赛
2827ddac28c4f877,TID_CLANGAMES_TASK_INFO_USE_BOXERGIANTS,在对抗赛中使用<num2>个巨人拳击手，并赢得<num>颗胜利之星。
31dd53a437e831f2,TID_DIAMOND_BUNDLE_MAGICITEMS_TRAINING_POTION_ONLY_INFO,• <booster1>瓶训练药水\n\n提高部队训练速度、法术配制速度和英雄恢复速度！\n\n千万不要错过哦！
aa965128e091194f,TID_EVENT_TITLE_ClanWar_short2,部落冲刺
7c5ff54cf650be00,TID_CLANGAMES_TASK_INFO_LOOT_DARKELIXIR,在联机模式中掠夺<num>暗黑重油。
d72128eb2a33be01,TID_DIAMOND_BUNDLE_MAGICITEMS_VILLAGE_UPGRADE_PACK_INFO,• <gems>宝石\n• <res0>金币\n• <res1>圣水\n• <booster1>本建筑之书\n\n想升级建筑？这个礼包有您需要的一切！\n\n千万不要错过哦！
28afd0a112391614,TID_NEWS_DEC_2017_UPDATE_TEXT_3,• 总兵力：11级大本营兵营可升至新的等级，最大军队容量提升至260\n• 英雄等级：野蛮人之王和弓箭女皇现在都可以升至50级\n• 侦测插件和预防插件的系统大幅改进\n• 大量平衡性调整，包括增强低等级戈仑石人，降低低等级X连弩的每秒伤害值
4d09f3d6761ada6e,TID_CLANGAMES_TASK_INFO_BEAT_GOLDTARGET,在联机模式单场战斗中掠夺<num2>金币。
472e9af4b08f4df3,TID_DARK_ELIXIR_STORAGE_INFO,暗黑重油威力巨大，它的威力是圣水的三倍，无法存储在普通的圣水瓶中，所以我们得建造一个立方体的暗黑重油罐来存储它。
cf0569909f57dc3b,TID_FAQ_TEXT_RESET,在当前的设备上不能重玩游戏。但是，在其他没有安装《部落冲突》的设备上可以开始新游戏。开始新游戏后记得绑定游戏中心帐户哦。
b72e05a920899019,TID_GOOGLE_SERVICE_BOUND_TO_OTHER_ACCOUNT_TITLE,Google帐号提醒
21b706fc31a72918,TID_DIAMOND_BUNDLE_MAGICITEMS_EVERYTHING_BOOK_INFO,• <gems>宝石\n• <booster1>本万能之书\n\n使用强大的万能之书立即完成任一项目的升级！\n\n千万不要错过哦！
d50d1bacf74b4e52,TID_HINT_OBSTACLES,清除岩石和树木等障碍物将有机会获得宝石哦。\n请关注官方微信订阅号cocsupercell和服务号coc-kefu
d99cfe38d7819595,TID_EVENT_TITLE_Xmas_Resources,节日特惠
72fdeff9b61fb330,TID_POPUP_BOOST_BARRACKS_AND_SPELLS,要在<time>内将部队训练速度和法术配制速度提升至原来的<multiplier>倍吗？
ded56ea3e7aecff6,TID_CLANGAMES_TASK_INFO_USE_SNEAKYARCHERS,在对抗赛中使用<num2>个隐秘弓箭手，并赢得<num>颗胜利之星。
003177ef217d0036,TID_ALLIANCE_WAR_STAT_NUM_3Stars,3星胜利
f289a4a5a46d4912,TID_LOCAL_NOTIFICATION_EVENT_Xmas_Resources,首领，节日礼包上线了，不容错过哦！
b13ea97b34028aa9,TID_CLANGAMES_TASK_INFO_USE_NIGHTWITCHES,在对抗赛中使用<num2>个暗夜女巫，并赢得<num>颗胜利之星。
8825f06a6b8fd8eb,TID_CLANGAMES_TASK_INFO_USE_BABYDRAGONS2,在对抗赛中使用<num2>条飞龙宝宝，并赢得<num>颗胜利之星。
62c8748602bb6e23,TID_CLAN_GAMES_NO_REWARDS_EARNED,您没有赢得任何奖励。
64a985821e6f72c1,TID_DEVICE_LINK_WRONG_ACCOUNT,当前村庄已关联至另一个苹果游戏中心(Game Center)帐户，而这个帐户并非您目前登录的帐户。\n\n请从苹果游戏中心应用程序中退出该帐户，然后登录与本村庄关联的Game Center帐户。\n\n然后尝试再次关联。
ff6cf9f649f0527c,TID_BOOSTER_FINISH_BUILDING_UPGRADE_INFO,据说这本魔法古籍是由建筑大师亲笔撰写，可立即完成任一建筑的升级。在家乡和建筑大师基地都可使用！
914d45590c282b2f,TID_POPUP_BOOST_ALL_BARRACKS_BOOSTER,要在<time>内将<number>个训练营和法术工厂的速度提升至原来的<multiplier>倍吗？
86ed4b4d9bcf64b0,TID_NEWS_DEC_2017_UPDATE_TEXT,部落集结号吹响了，准备好和部落成员一起征战部落竞赛吧！大家全力以赴完成挑战，力争解锁更多奖励，赢取更多资源、宝石还有魔法物品！
25f89d929c922a8f,TID_ADD_FRIENDS_INFO_REQUESTS,在其他玩家的简介页面可将其添加为好友。登录苹果游戏中心(Game Center)和Facebook帐户后，您可以在这里查看您的好友。
766d278bbcd28962,TID_CLANGAMES_TASK_INFO_BEAT_ELIXIRTARGET,在联机模式单场战斗中掠夺<num2>圣水。
c84c0f6552691e5e,TID_DEVICE_LINK_ERROR_CODE_SAME_PLATFORM_TEXT_ANDROID,您无需使用关联代码即可在多台安卓设备上玩同一个村庄。\n\n要在另一台安卓设备上玩同一个村庄，请确保您当前的游戏进度已经绑定到了一个Google Play帐号。然后，在另一台设备上，用相同的Google Play帐号登录。（您可以从游戏设置中找到Google Play登录。）\n\n您的游戏进度将会自动同步。
b57537f7c17144a9,TID_POPUP_MAX_OUT_ARMY_TITLE,强化部队？
13d482aa30fcf1a4,TID_CLANGAMES_TASK_INFO_USE_ARCHERS,在联机模式中使用<num2>个弓箭手，并赢得<num>颗胜利之星。
016d4e7d58f9a135,TID_ABOUT,制作人员\n\n<names>\n\nClash of Clans ™ <version>\n2012-2017 Supercell Ltd.版权所有，保留所有权利。\n美国专利申请中\n所有使用本软件的行为受制于我们在www.supercell.net列明的条款、细则以及隐私保护政策。\n客服请联系clashofclans.feedback@supercell.net。\n\nMPEG Layer-3音频编解码技术由Fraunhofer IIS和Thomson Licensing授予许可权。
8cf5ff4f30d5c8c8,TID_NEWS_DEC_2017_UPDATE_TITLE_2,魔法物品
7f2d5e79f410cb18,TID_BOOSTER_FINISH_HERO_UPGRADE_INFO,这本魔法古籍记录了各种英雄事迹和金玉良言，可立即完成任一正在进行的英雄升级。在家乡和建筑大师基地都可使用！
81c6ce1ff6808aa5,TID_CLANGAMES_TASK_INFO_USE_WALLBREAKERS,在联机模式中使用<num2>个炸弹人，并赢得<num>颗胜利之星。
453f6da57a7661b7,TID_CLANGAMES_TASK_INFO_USE_GIANTS,在联机模式中使用<num2>个巨人，并赢得<num>颗胜利之星。
03851def217d0036,TID_ALLIANCE_WAR_STAT_NUM_1Stars,1星胜利
a56e697e12885f72,TID_CLANGAMES_TASK_INFO_BEAT_DARKELIXIRTARGET,在联机模式单场战斗中掠夺<num2>暗黑重油。
4bb5814473870949,TID_CLANGAMES_TASK_GET_BUILDERBATTLESTARS,对抗赛摘星达人
dbee2c919d9a99d3,TID_CLANGAMES_TASK_INFO_USE_DROPSHIPS,在对抗赛中使用<num2>个骷髅气球，并赢得<num>颗胜利之星。
0a9b0faf6a315611,TID_ADD_FRIENDS_INFO,登录苹果游戏中心(Game Center)帐户后您可以在这里看到您的游戏中心好友
751a10dfaa0fda85,TID_CAN_COPY_ONLY_TH_CLOSER_TO_YOUR_OWN,无法复制高于或低于您大本营等级的村庄阵型。
eb10b8e335b82504,TID_CLANGAMES_TASK_INFO_USE_VALKYRIES,在联机模式中使用<num2>个瓦基丽武神，并赢得<num>颗胜利之星。
fe7766c845c5f736,TID_DIAMOND_BUNDLE_MAGICITEMS_SPELL_LEVEL_PACK_INFO,• <gems>宝石\n• <res0>圣水\n• <booster1>本法术之书\n\n包含升级法术所需的一切！\n\n千万不要错过哦！
1000918fe0c962f7,TID_CLANGAMES_TASK_INFO_USE_WIZARDS,在联机模式中使用<num2>个法师，并赢得<num>颗胜利之星。
e65eb6fa13b1d4e2,TID_CLANGAMES_TASK_INFO_USE_LOONS,在联机模式中使用<num2>个气球兵，并赢得<num>颗胜利之星。
165d1497e0aa21e3,TID_DIAMOND_BUNDLE_MAGICITEMS_RESOURCE_POTION_ONLY_INFO,• <booster1>瓶资源药水\n\n加速资源采集器的采集速度！\n\n千万不要错过哦！
99c0935c437d17b6,TID_POPUP_TEXT_RELOAD_ALL_XBOWS,您要花费<number><resource>重新装填所有X连弩吗？
00572d969543364e,TID_HINT_ACCOUNT_SECURITY_2,Supercell员工绝不会向您索要您的苹果游戏中心(Game Center)密码！\n请关注官方微信订阅号cocsupercell和服务号coc-kefu
cb2047fddc9042e4,TID_EVENT_TITLE_ClanWar_short3,周末冲刺
c53d6b30df417b64,TID_LINK_SAME_PLATFORM,要在多台iOS设备上玩同一个村庄，请确保您已在本台设备上登录苹果游戏中心(Game Center)。\n\n然后，请在另一台苹果设备上登录此Game Center帐户。您的游戏进度将会自动同步。
cadbd9fe27198c92,TID_EVENT_TITLE_ClanWar_long2,耐力赛
a00e0206b5968dbd,TID_DEVICE_LINK_ERROR_CODE_CURRENT_VILLAGE_TOO_HIGH_TEXT_ANDROID,您的村庄已与您所登录的Google帐号永久关联。\n\n您的村庄大本营已经达到<level>级或者进行过游戏内购，因此该村庄不能被覆盖。
c3ad5bdfae162860,TID_NEWS_MAYTROOPS_TEXT,10级大本营解锁新兵种：掘地矿工\n•掘地矿工可穿行于地底，钻过城墙，在攻击目标旁破土而出\n•他们在地底时不会受到任何伤害并且不会触发陷阱\n•在新的12级训练营可训练掘地矿工\n\n9级大本营解锁新兵种：飞龙宝宝\n•飞龙宝宝周围没有其他飞行军队时，他们会处于狂暴状态！\n•狂暴状态的飞龙宝宝伤害值和攻击速度会提高\n•在新的11级训练营可训练飞龙宝宝
1d08f11439da86bc,TID_ALLIANCE_GAMES_EXPIRED_TASK,失败
d7e12e7fe42f3789,TID_CLANGAMES_TASK_INFO_LOOT_GOLD,在联机模式中掠夺<num>金币。
56e4d5a53083c255,TID_BIND_TO_NEW_GOOGLE_SERVICE_ACCOUNT_TITLE,登录新的Google Play帐号
bcb3873c3dbc030b,TID_DIAMOND_BUNDLE_MAGICITEMS_HERO_BOOK_INFO,• <gems>宝石\n• <booster1>本英雄之书\n\n使用英雄之书立即完成任一英雄的升级！！\n\n千万不要错过哦！
793eb3db968ba674,TID_DIAMOND_BUNDLE_MAGICITEMS_STRENGTH_POTION_ONLY_INFO,• <booster1>瓶力量药水\n\n发挥军队最强实力，尝试新的兵种组合！\n\n千万不要错过哦！
64fb763330181a41,TID_FAQ_TEXT_RESET_ANDROID,不建议重置游戏。如果您\q卸载\q游戏（或用应用管理器清除游戏数据），您将丢失所有进度。注意：为防止您的进度意外丢失，请使用Google Play Sign-In以保护您的村庄。使用一次Google Play Sign-In之后，您便可以通过登录同样的帐号回到您的村庄。
21b1d5a50526850e,TID_MULTIDEVICE_INFO_ANDROID,登录Google Play来保存你的进度，并在多台安卓设备上玩同一个村庄。
0795a47a6116e5ac,TID_CLANGAMES_TASK_INFO_USE_BETAMINIONS,在对抗赛中使用<num2>只异变亡灵，并赢得<num>颗胜利之星。
81fd99690380c3df,TID_DIAMOND_BUNDLE_MAGICITEMS_TRAINING_POTION_INFO,• <gems>宝石\n• <booster1>瓶训练药水\n\n提高部队训练速度、法术配制速度和英雄恢复速度！\n\n千万不要错过哦！
10d9713b16e1ed2a,TID_BIND_TO_NEW_FACEBOOK_ACCOUNT_TITLE,登录新的Facebook帐户
219b2f0100ea4bef,TID_BOOSTER_BOOST_PRODUCTION_INFO,这瓶魔法药水可以提高部队训练速度、法术配制速度和英雄恢复速度。只可在家乡使用。
626352a6e1fc650d,TID_GOOGLE_ACCOUNT_ALREADY_BOUND,Google Play登录失败！您的Google帐号已关联另一个村庄。
5f0c053bcdb24c5f,TID_ACHIEVEMENT_ACCOUNT_BOUND_TENCENT_AND_GAME_CENTER,绑定微信、QQ或Game Center帐户
a5493a7373125b24,TID_DIAMOND_BUNDLE_MAGICITEMS_HERO_LEVEL_PACK_INFO,• <gems>宝石\n• <res0>暗黑重油\n• <booster1>本英雄之书\n\n包含升级野蛮人之王或弓箭女皇所需的一切！\n\n千万不要错过哦！
dc5cb61a759a5a1c,TID_ACHIEVEMENT_ACCOUNT_BOUND_GAME_CENTER,绑定苹果游戏中心(Game Center)帐户
e640e59c4f64502e,TID_NEWS_DEC_2017_UPDATE_MAIN_TITLE,12月更新重磅登场！
14ba806270fa0af7,TID_EVENT_TEXT_Xmas-MagicItem,魔法物品特惠
50c0234ffd9db2ec,TID_BIND_TO_NEW_GAMECENTER_ACCOUNT_TITLE,登录新的苹果游戏中心(Game Center)帐户
1bf175fdbfd4571a,TID_LINK_SAME_PLATFORM_ANDROID,要在多台安卓设备上玩同一个村庄，请确保您已在当前的安卓设备的设置中登录自己的Google帐号。\n\n然后，如果您在另一台设备也使用该Google帐号登录，您的游戏进度将会自动同步。
41f154908d6532fb,TID_GOOGLE_SERVICE_CONNECT_TEXT,首领！\n现在，使用您的Google Play帐号登录可<c2>保证游戏进度安全</c>。\n\n之后，只要使用同一Google Play帐号登录游戏，<c2>您便可以在任一台Android设备上恢复自己的村庄</c>。
15fd568bcd7d9100,TID_ALLIANCE_GAMES_ABOUT_TASKS_INFO,完成挑战，为您的部落赢得积分。\n每一个部落成员都可以领取并完成挑战。积极完成挑战，为自己和部落赢取丰厚奖励。\n请选择自己能够按时完成的挑战！
06e86450e85570cd,TID_GAMES_TASKS_TEXT,挑战是对您各方面实力的一个考验。在规定的时间内完成挑战即可为您的部落赢得积分。挑战难度各有不同。如果您觉得某项挑战难度过大，您可以建议其他部落成员领取这项挑战。如果您无法完成领取的挑战，您可以放弃挑战。请注意：放弃一项挑战后，您需要等待一定的时间才能领取新的挑战。
364f219c539315b9,TID_EVENT_TITLE_ClanWar_Xmas,冬季竞赛
3560f71e07f933c2,TID_CLANGAMES_TASK_INFO_USE_PEKKAS,在联机模式中使用<num2>个皮卡超人，并赢得<num>颗胜利之星。
7ae28509e4b53f15,TID_NEWS_DEC_2017_UPDATE_TITLE_3,其他更新
c8fff5a9984e061b,TID_LINK_NEW_DEVICE_GAME_CENTER_NOTE,注意：如果您只在iOS设备上玩，并使用您的苹果游戏中心(Game Center)帐户，您不需要关联您的其它设备。只需用相同的Game Center帐户登录。
5fb732b3313e93b6,TID_DEVICE_LINK_ERROR_NOT_ATTACHED,您的村庄目前尚未与苹果游戏中心(Game Center)帐户关联。请先登录未曾关联任何村庄的Game Center，然后重启游戏。\n\n系统将询问您是否要将当前村庄关联到该Game Center帐户。请回答\q是\q。\n\n警告：关联村庄是永久性操作，并且今后无法更改。
a117f0625aef2c32,TID_DIAMOND_BUNDLE_MAGICITEMS_STRENGTH_POTION_INFO,• <gems>宝石\n• <booster1>瓶力量药水\n\n发挥军队最强实力，尝试新的兵种组合！\n\n千万不要错过哦！
bde5b68e798a5408,TID_DIAMOND_BUNDLE_MAGICITEMS_TROOP_BOOK_WITH_RESOURCES_INFO,• <booster1>本战斗之书\n• <res0>圣水\n\n使用战斗之书立即完成部队升级！！\n\n千万不要错过哦！
4a88b0b57f6e8e98,TID_FAQ_TEXT_MULTIDEVICE_ANDROID,是的！首先，请确认您已使用Google Play登录您的Google帐号并与村庄连接。接着，您通过相同的Google Play帐号，便可以在其他Android设备上载入游戏中相同的村庄。
b40bd7716ece7254,TID_EVENT_TITLE_ClanWar_Firstrun,竞赛开幕！
ab3ebcc0e3b5b56b,TID_CLANGAMES_TASK_INFO_GET_BUILDERBATTLEDESTRUCTION,在对抗赛中达到总计<num>%的摧毁率。
eece42c5d171e837,TID_CLANGAMES_TASK_INFO_USE_LAVAHOUNDS,在联机模式中使用<num2>只熔岩猎犬，并赢得<num>颗胜利之星。
05da0aa4a4a5885e,TID_HERO_ABILITY_WARMACHINE_DESC,战争机器召唤一道闪电为战锤充能，在接下来的几秒内伤害增加，同时恢复部分生命值！技能经过一定的冷却时间后可再次使用。
d7399cefeba808e4,TID_FAQ_TEXT_MULTIDEVICE,您可以在多个设备上使用同一游戏帐号进行游戏。请确保您已将游戏账号绑定到苹果游戏中心(Game Center)，登录此Game Center帐户，您便可以在其它设备上加载游戏进度。
a012ffb7328953b1,TID_TREASURY_BOOSTERS_EMPTY,您没有魔法物品。参加部落竞赛，赢取魔法物品！
0683d1d5e3cd2461,TID_BOOSTER_USE_MAX_LEVEL_ARMY,强化部队
a47ed74e93c6dbdf,TID_DIAMOND_BUNDLE_MAGICITEMS_BUILDING_BOOK_WITH_RESOURCES_INFO,• <booster1>本建筑之书\n• <res0>金币\n• <res1>圣水\n\n使用建筑之书立即完成任一建筑的升级！\n\n千万不要错过哦！
763b0cac420d8ddb,TID_DIAMOND_BUNDLE_MAGICITEMS_EVERYTHING_BOOK_WITH_RESOURCES_INFO,• <booster1>本万能之书\n• <res0>金币\n• <res1>圣水\n• <res2>暗黑重油\n\n使用强大的万能之书立即完成任一项目的升级！\n\n千万不要错过哦！
aa4e2fe1651e1e11,TID_CLANGAMES_TASK_WIN_BUILDERBATTLES,对抗赛冠军
6563ea7aeba0460a,TID_BOOSTER_MAX_LEVEL_ARMY_INFO,这瓶气味浓烈的魔法药水可以在<time>内暂时将您的部队和法术强化至您当前实验室所支持的最高等级。在家乡和建筑大师基地都可使用！
65bc2afe04a022f7,TID_POPUP_MAX_OUT_ARMY,要使用<booster>在<time>内暂时将您的军队强化至您当前实验室所支持的最高等级吗？
d2bd732e944f7a35,TID_BOOSTER_ERROR_UPGRADE,无法使用<booster>！现在没有升级项目。
05add6bae9e85a09,TID_POPUP_BOOST_ALL_COLLECTORS_BOOSTER,要在<time>内将所有<number>个采集器产量加倍吗？
609c7efd780bba8c,TID_CLANGAMES_TASK_INFO_USE_GOLEMS,在联机模式中使用<num2>个戈仑石人，并赢得<num>颗胜利之星。
191c38afe95c1fc6,TID_CLANGAMES_TASK_INFO_USE_BABYDRAGONS,在联机模式中使用<num2>条飞龙宝宝，并赢得<num>颗胜利之星。
f1975b3e9162a3b0,TID_BIND_TO_NEW_GAMECENTER_ACCOUNT,您想将本设备上的游戏进度保存到这个苹果游戏中心(Game Center)帐户吗？
88c59fc26805d5fe,TID_NEWS_OCT_2017_UPDATE_MAIN_TITLE,10月更新！
aa2dd01ad5d7ebf2,TID_CLANGAMES_TASK_INFO_USE_MINIONS,在联机模式中使用<num2>只亡灵，并赢得<num>颗胜利之星。
6a4898ab77d03910,TID_POPUP_RELOAD_ALL_XBOWS,重新装填所有X连弩
32f27ba5aec1e7ed,TID_ACCOUNT_SWITCHING_NOT_SUPPORTED,您登录的苹果游戏中心帐户关联了首领<name>的村庄。该村庄已准备好了，但如果您的游戏设备版本低于iOS7，您将无法切换到这个帐户。您需要升级iOS版本才能切换帐户。如需了解如何升级iOS，可参考: http://support.apple.com/kb/HT4623
d4dc02d6f8fb5ffc,TID_EVENT_TITLE_MagicItem_Pack,魔法物品礼包
366a94fb8c4e9835,TID_DIAMOND_BUNDLE_MAGICITEMS_TROOP_BOOK_INFO,• <gems>宝石\n• <booster1>本战斗之书\n\n使用战斗之书立即完成部队升级！\n\n千万不要错过哦！
47ed575e8be1d2ec,TID_POPUP_TEXT_RELOAD_ALL_ELIXIR,您要花费<number><resource>重新装填所有X连弩和天鹰火炮吗？
920f15b2ec86bb85,TID_EVENT_TITLE_ClanWar_short4,欢乐周末
01eb42ef217d0036,TID_ALLIANCE_WAR_STAT_NUM_2Stars,2星胜利
5d75b6e849308a7c,TID_BOOSTER_ERROR_BOOST,无法使用<booster>！现在没有可强化的项目。
f930a2c373131075,TID_ACHIEVEMENT_ACCOUNT_BOUND_GOOGLE_PLAY,绑定Google Play帐号
f961c064c4103c6a,TID_BOOSTER_MAX_LEVEL_ARMY_MAXED_UP_LAB,无法强化军队，请先升级您的实验室！
44aab58f14441359,TID_NEWS_OCT_2017_UPDATE_TITLE_2,建筑和部队可升至新的等级
383257048fed7cda,TID_CLANGAMES_TASK_GET_BUILDERBATTLEDESTRUCTION,对抗赛破坏大师
10c2b88a64a8da6b,TID_CLANGAMES_TASK_INFO_USE_BOMBERS,在对抗赛中使用<num2>个炸弹兵，并赢得<num>颗胜利之星。
0e0bc2b06e6c6c8a,TID_FAQ_TEXT_BUYING_ANDROID,确保您使用了有效的Google帐号，并且已更新您的主要付款方式。您可以在自己的Google电子钱包页面上检查相关信息。如果您对于付款方式或者取消订单有任何问题，请直接与Google联系。
f1c574d6edf38bf1,TID_CLANGAMES_TASK_INFO_USE_GOBLINS,在联机模式中使用<num2>个哥布林，并赢得<num>颗胜利之星。
4d63f2c4723450ff,TID_DEVICE_LINK_ERROR_NOT_ATTACHED_ANDROID,您的村庄尚未关联Google帐号。返回设置界面，并登录一个未关联任何村庄的Google Play帐号。\n\n警告：关联村庄是永久性操作，并且今后无法更改。
12164a732f242887,TID_CLANGAMES_TASK_INFO_USE_HEALERS,在联机模式中使用<num2>个天使，并赢得<num>颗胜利之星。
f6d6ca83d44250c8,TID_ALLIANCE_WAR_ATTACK_CONFIRM_2Stars,您的部落已经从该战争基地赢得2星。您要尝试获得更好的成绩吗？
6c5d532c1b815161,TID_CLANGAMES_TASK_LOOT_DARKELIXIR,暗黑重油大劫案
cc61bd643658d3cf,TID_BUTTON_DISABLED_REWARD_WOULD_OVERFLOW,您的宝库空间不足，不能存放<reward>。\n释放一些空间，或者选择另一项奖励。
4cd99b474ace5045,TID_DIAMOND_BUNDLE_MAGICITEMS_BUILDING_BOOK_INFO,• <gems>宝石\n• <booster1>本建筑之书\n\n使用建筑之书立即完成任一建筑的升级！\n\n千万不要错过哦！
5669020b340b3ac9,TID_POPUP_RELOAD_ALL_INFERNOS,重新装填所有地狱之塔
ad98972c5a2aa6d2,TID_BIND_TO_NEW_FACEBOOK_ACCOUNT,您想将当前游戏连接到该Facebook帐户吗？
0bece94d70ae0955,TID_EVENT_TITLE_ClanWar_long,工作日马拉松
e46747d003310459,TID_ADD_FRIENDS_INFO_REQUESTS_ANDROID,在其他玩家的简介页面可将其添加为好友。登录Facebook帐户后，您可以在这里查看您的好友。
c42aab23244d7095,TID_CLANGAMES_TASK_INFO_WIN_BUILDERBATTLES,在对抗赛中获胜<num>场。
20943c0c0d1f8509,TID_HERO_INSTRUCTIONS_QUEEN,虽然生命值不高，但这位优雅的女猎手掌握着毁灭性的力量。在防御时她可以精确打击范围内的目标，而当她的皇室披风技能解锁后，她可以在攻击时隐身并造成恐怖的伤害！
7a02aab8f07c2744,TID_LOCAL_NOTIFICATION_EVENT_MagicItem_Pack,首领，魔法物品礼包上线了，不要错过哦！
d4acfb4472e0099f,TID_BIND_TO_NEW_GOOGLE_SERVICE_ACCOUNT,您想用这个Google帐号保存当前游戏进度吗？
806747c9963cafa1,TID_CLANGAMES_TASK_INFO_USE_RAGEDBARBARIANS,在对抗赛中使用<num2>个狂暴野蛮人，并赢得<num>颗胜利之星。
dc0be51e9f969062,TID_CLANGAMES_TASK_INFO_USE_DRAGONS,在联机模式中使用<num2>条飞龙，并赢得<num>颗胜利之星。
a635971365871546,TID_ALLIANCE_WAR_ATTACK_CONFIRM_3Stars,此战争基地已经被摧毁，您的部落无法从中获得更多的胜利之星。您确定要进攻吗？
3bfe7308a30329c1,TID_DIAMOND_BUNDLE_MAGICITEMS_RESOURCE_POTION_INFO,• <gems>宝石\n• <booster1>瓶资源药水\n\n加速资源采集器的采集速度！\n\n千万不要错过哦！
ee837cd277a78f73,TID_DIAMOND_BUNDLE_MAGICITEMS_HERO_BOOK_WITH_RESOURCES_INFO,• <booster1>本英雄之书\n• <res0>暗黑重油\n\n使用英雄之书立即完成任一英雄的升级！\n\n千万不要错过哦！
47afb38057847298,TID_CLANGAMES_TASK_INFO_USE_MINERS,在联机模式中使用<num2>个掘地矿工，并赢得<num>颗胜利之星。
2ac0a5bb3641bb97,TID_CLANGAMES_TASK_INFO_USE_WITCHES,在联机模式中使用<num2>个女巫，并赢得<num>颗胜利之星。
b8c7cd913b3b6582,TID_CLANGAMES_TASK_INFO_USE_HOGRIDERS,在联机模式中使用<num2>个野猪骑士，并赢得<num>颗胜利之星。
52c3ae934ba10d10,TID_DIAMOND_BUNDLE_MAGICITEMS_BUILDING_BOOK_AND_HERO_BOOK_INFO,• <gems>宝石\n• <booster1>本英雄之书\n• <booster2>本建筑之书\n\n建筑工人都在忙？资源太多但时间不够？有了这个魔法书礼包，您将可以立即完成一个英雄和一个建筑的升级！\n\n存放礼包中的资源不受最大储量限制！\n\n千万不要错过哦！
42b7faa81e8a7956,TID_EVENT_TITLE_ChineseNewYear,春节特惠
afaff1792f409c4b,TID_HINT_SAFEGUARD_PROGRESS,登录苹果游戏中心(Game Center)帐户保存您的进度。\n请关注官方微信订阅号cocsupercell和服务号coc-kefu
5a7d097a07479603,TID_CLANGAMES_TASK_INFO_USE_BOWLERS,在联机模式中使用<num2>个巨石投手，并赢得<num>颗胜利之星。
33d545e9b4f12779,TID_CLANGAMES_TASK_INFO_USE_CANNONCARTS,在对抗赛中使用<num2>辆加农炮战车，并赢得<num>颗胜利之星。
