59246abb2337db57,TID_NPC_CHALLENGE_TH10_MINER_WIZARDS1,<c54a0fe>ウィザード</c>を投入していくつか建物を破壊しましょう！そうすれば、<c9916c8>アーチャークイーン</c>が村の内側に\nとどまるはずです。
7195190c0a0983f1,TID_FLAMER_INFO,敵に強力なプラズマを浴びせます！地上ユニットであれ空中ユニットであれ、ひどく熱い思いをするでしょう！
78b8182482b8a9b1,TID_CHARACTER_INFO_BABY_ELECTRO_DRAGON,ライトニングベビードラゴンが連鎖攻撃できるのは、3つの攻撃目標までです。与えるダメージは大きくありませんが、動きは鈍くはありません。
dbb9fb7fb8a245ca,TID_YES,はい
c76be18c1207b8e5,TID_REMOVE_TROOP_AND_SPELL_MESSAGE,ユニットと呪文を破棄しました
820598ea5e478c5b,TID_REPORT_REASON_OTHER,其他内容
117c56b35ff9cec6,TID_GAMES_TASK_REVIVE_CONFIRM_TITLE,時間を延長する
b8f9eb78457160ac,TID_COSMETICS_CUSTOM_UNITS,カスタム召喚ユニット
343dbfe85d02bcac,TID_GEAR_ANGRY_TOME,レイジジェム
1d23907a37eb0c37,TID_HINT_GOBLIN_DAMAGE,ゴブリンは資源系の建物に通常の2倍のダメージを与えられます。
09489a3602cfae37,TID_POPUP_BREAK_SHIELD,シールドを解除しますか？
b24d9fa357d50c27,TID_NPC78,怪しい空間
16bc3a362d0a4b7c,TID_CLANGAMES_TASK_USE_SUPER_BARBARIANS,マレットで大暴れ
7495ee7e10f6223f,TID_PARENTS_GUIDE_BUTTON_TENCENT,Tencent Game 子どものプライバシー保護ガイドライン
1c60c24970437f70,TID_OBSTACLE_FORTUNE_TREE,金のなる木
21213b2a1c399e97,TID_BABY_DRAGON_ENRAGE_SPEED_INCREASE,怒りボーナスダメージ：
e349346b91dd8ec8,TID_POPUP_GOBLIN_HELPER_HEADER,アルバイトの雇用！
e4e3a0e8c0b8965f,TID_WITCH2_ABILITY_HELP,<num>匹の怒れるコウモリを召喚する
876834f4a19ebf4a,TID_NEWS_TH11_UPDATE_TH11_TEXT,• 最強にして最凶、そしてこれまでで一番プレイしがいがあるタウンホールレベル11がついに解禁！\n• タウンホールレベル11で登場する新ヒーロー「グランドウォーデン」は、自分の周りにいる味方をほとんど無敵にしてしまいます！\n• タウンホールレベル11で登場する新防衛設備「イーグル砲」は、遥か彼方から天誅のごとく破壊を下します。\n• 大砲、アーチャータワー、ウィザードの塔、巨大クロスボウなど、防衛設備の設置可能数が増えます！\n• ガーゴイル、ネクロマンサー、ウィザードの塔など、一部のユニットと建物のレベル上限が上昇します！
0626899ff0e8f58f,TID_CHARACTER_INFO_BALLOON,エラくなったこのガイコツたちは、壁を壊す喜びだけでなく防衛設備を壊す喜びもおぼえてしまいました。やっかいな敵の迫撃砲や大砲を壊してもらいましょう！
e54951dbbd71c6f9,TID_STARTER_TH3_INFO_TRAINLABORATORY,ラボで<num>回アップグレードを行う。
eba5493a4d864e0e,TID_NPC8,ネズミ谷
f54d34508c310ca6,TID_INFO_DAMAGE_TYPE_SINGLE,単体攻撃
f070ed339d296dcb,TID_TRADER_GEM_OFFERS_UNLOCKS_TEXT,エメラルドを使用して購入するには、タウンホールレベル<value>に到達する必要があります
e24dd6634effd835,TID_NEWS_BOMB_TOWER_ARMY_REVAMP_TEXT,ユニットの訓練をライン化し、「高速訓練」でストレスのない訓練を実現しました！新しい訓練システムについては、短いビデオをご覧ください！
d845094f5385f823,TID_CLAN_AVAILABLE_FOR_RECRUITING_NO,必要ない
d96dc49097b8cb9b,TID_HINT_UPGRADE_CANNONS,大砲をアップグレードすれば村が攻撃された場合に有利に戦えます。
c5b81c2f0c024c71,TID_CLAN_CHANGED_TITLE,クランが変更されました
16ba31aa23666321,TID_BUTTON_CLAN_MAIL_SEND,メール送信
0bb08240a207e239,TID_OBSTACLE_BIRTHDAY2018,6周年記念ケーキ
9b7b03f987cbbd66,TID_NEWS_TH11_UPDATE_LOOT_TITLE,ろ獲品アップ：戦利品とトロフィー
f0dcfc246772c0bb,TID_CHARACTER_RIDERLESS_HOG_INFO,ライダーを降ろしたホグは、壁を飛び越えて防衛設備を攻撃します。もはやライダーはいらないのでは...？
7850c8bdae8e9975,TID_DEVICE_LINK_ERROR_BOTH_HAVE_OPEN_ID,複数のiOSデバイスでプレイするには、まず、このデバイスがWeChatまたはQQにログインしていることを確認してください。\n\n確認できましたら、他のデバイスからWeChatまたはQQにログインしてください。ゲームの進行状況は自動的に同期されます。
aab0f4e604b190bd,TID_HINT LEAGUE_PROMOTION,トロフィーを増やすことで上位のリーグに昇格できます。\n上位リーグでは、より豪華な戦利品ボーナスがもらえます！
8658d6be99bbdf13,TID_CAPBUILD_BARRACKS_MEGAPEKKA_INFO,あのパワーP.E.K.K.Aが、どうすればこの建物に収まるのでしょうか。\nもしやバラバラに分解して...？
2f9fa8b8881a7086,TID_MAP_LOCATION_8,アスランアーク
2966f62d693b143c,TID_TUTORIAL_LOOK_LABORATORY,オレはマスター大工だ。オレの自慢の建物を見せてやろうか？ユニットに特殊能力を与えられるんだぜ！
e3f9ec74ec43fcf8,TID_NPC_CHALLENGE_BOWIGI_GIANTS,中央と下側に<c54a0fe>ジャイアント</c>を配置します。
2a6c15f898c7fb8b,TID_LEAGUE_CHANGE_TEXT,所属リーグが「<league>」になりました
737211e8347f2474,TID_BATTLEPASS_TASK_INFO_WIN_BATTLES_USING_LOG_LAUNCHER,ウッドランチャーを使い、マルチプレイで<num>回勝利する。
00436180b6eb0839,TID_BOOSTER_PET_POTION_INFO,ツヤのある健康的な毛並みを保つ成分がすべて含まれており、ペットのアップグレード速度が<time>にわたって<multiplier>倍になります。
95d1d1f5a3e25c62,TID_ALLIANCE_WAR_TOTAL_DESTRUCTION,<friendly> 総破壊率 <enemy>
3ac235ae4d5baedf,TID_IAP_NOT_AVAILABLE_AMAZON,購入できません！お使いのAmazonアカウントが有効であることと、既定のお支払方法が最新の状態になっていることをご確認ください。
6e6c56e3b3e34dc4,TID_ACCEPT_EXISTING_CHALLENGE,チャレンジを承認しますか？
4f23418a416e1d06,TID_BUTTON_HOME,ホームに戻る
aa438c84dd9f91db,TID_WL_SEASON_NAME,対戦リーグ<year>年<month>シーズン
2bbd57df16c896e8,TID_GEAR_ALREADY_EQUIPPED,アイテムをすでに装備しています
d44dcab536125ef7,TID_MORE_INSTAGRAM,Instagramでもクラッシュ・オブ・クランをぜひご覧ください！
fd9553da93bc0877,TID_POPUP_BOOST_RESEARCH_TEXT,ラボを<time>にわたって<multiplier>倍にブーストしますか？
066a72c9a8d92810,TID_TAB_RESULTS,クラン対戦結果
19727082b9478daa,TID_CAPITAL_VISIT_DISTRICT_FAILED,クランの都に移動できませんでした
24d37d5c0c5cef24,TID_WARLOCK,ネクロマンサー
7af3795586420082,TID_BATTLEPASS_TASK_WIN_BATTLES_USING_BABYDRAGONS,ベビー旋風
bd4ca8d858b98654,TID_CLANGAMES_TASK_USE_YETIS,毛玉たちの猛襲
c07dbc4c562c9092,TID_BUTTON_PLAY,プレイ
5e5363454742236f,TID_CONFIRM_PARTIAL_TRAINING_TITLE,訓練しますか？
2ac19f1d8f29c769,TID_DECORATION_HOG_FLAG,ホグの旗
672f9aeb848a88de,TID_NO_SPELLS,先に呪文を生成してください！
e155a9635ca42d2b,TID_LAYOUT_CHANGED_ERROR,レイアウトが最近変更されました。<time>後に再び使用可能になります。
1b1e2828d4aff580,TID_ARCHER_QUEEN_INFO_SHORT,愛用のクロスボウで、建物だけでなくユニットたちの心まで射貫きます。
cbf262c2a8f85d5d,TID_STARTER_TH2_UPGRADEARCHERTOWER,警備任務
d6cb7f2df6d6b9fd,TID_NPC11,迫撃砲大迫力
bbe0eb36e0fbe72b,TID_SHADOW_WARDEN,ダーク ウォーデン
a53079315d74ec39,TID_CHARACTER_INFO_RAM_RIDER,ジンジャーブレッドになったラムライダーは、クッキーの体になっても勇猛果敢に突撃します。このクッキーコンビの手にかかれば、敵の壁は焦げた焼き菓子のようにバラバラに砕かれてしまうでしょう。
f458c97325f63ccb,TID_PET_PHOENIX_ABILITY,炎のフィナーレ
d98b34e9092a9833,TID_OPEN_SHOP_TRAPS,建設
24ab5f24493d3312,TID_CHARACTER_MECHA_DRAGON_INFO_SHORT,機体の作りが荒いせいで飛行できるのは3分が限界ですが、墜落するまで懸命に戦います。
2e7fa1342b08df02,TID_NPC_CHALLENGE_TH7_DRAGON_LIGHTNING,<c38eaff>ライトニングの呪文</c>を使って、\n<cf70d16>対空砲</c>の1つを破壊しましょう。
62e4e2438dacd943,TID_DEVICE_LINK_ERROR_CODE_SAME_PLATFORM_TEXT,複数の iOS デバイスでプレイするために、コードによる関連づけを使う必要はありません。\n\n別の iOS デバイスでプレイするには、もう一つのデバイスで Game Center にログインしていることを確認してください。次に、このデバイスから同じ Game Center アカウントにログインします。\n\nゲームの進行状況は Game Center アカウント経由で自動的に同期されます。
3f39d9e66200f97e,TID_NEWS_ACCOUNT_TRANSFER,Androidで、公式の中国版クラクラをゲットしましょう！
eaca50ac0baa8c52,TID_CLAN_GAMES_THEME_SPRING,春季ゲーム
5213732337bbfd57,TID_BATTLEPASS_TASK_WIN_BATTLES_USING_INVISIBILITY,ミステリーの王者
3f249c211b608c3e,TID_PIRATE_KING,海賊 キング
a72f3cc3b08cf8fa,TID_BP_PERK_SAVINGS_PAYOUT_BB_DESC,大工のシーズン資源は、大工の拠点の攻撃と防衛で戦利品を獲得するごとに溜まっていき、シーズン終了時に回収できます。
35512bcc14fe1ccc,TID_SHOVEL_OBSTACLE_CONFIRM,<booster>を使って<obstacle>を何度でも動かせるようにしますか？
dff748ec6a5cde22,TID_TRAP_AIR_MEGA_INFO,鳥か？飛行機か？何であろうと、ホーミング対空地雷は\n空の彼方まで吹っ飛ばしてしまうので同じことです。\nこのトラップは1体の飛行ユニットに絶大なダメージを与えます。
fc2930ac6a6f0dcd,TID_FULLY_LOADED,燃料満タン
62e8d6793b7d998f,TID_GINGERBREAD_CHAMPION,ジンジャーブレッド チャンピオン
bca60a5fc3602874,TID_TENCENT_USER_PRIVACY_POPUP_TEXT_1,在您使用我们(腾讯)服务前，请您务必审慎阅读、充分理解<TOS>、<PP>、<CHILDREN>、<THIRDPARTY>的各条款。同时，您应特别注意前述协议中免除或者限制我们责任的条款、对您权利进行限制的条款、约定争议解决方式和司法管辖的条款。如您已详细阅读并同意以上条款，请点击\q同意\q开始使用我们的服务。\n我已经详细阅读并同意<TOS>、<PP>、<CHILDREN>、<THIRDPARTY>。\n
1a00b27478967b73,TID_CHALLENGE_INFO_2012,すべての始まりとなる、クラッシュ・オブ・クランの全世界リリース！
65cb0cf271ddd4ab,TID_LOCAL_NOTIFICATION_EVENT_SPELL_DISCOUNT,チーフ、呪文イベントが始まりました！
e00703811d697a1f,TID_CLANPERK_DESC_WAR_LOOT_CAPACITY,宝庫の収容量増加：
f199c43c63af8a92,TID_CLOCK_TOWER_BOOST_DURATION,ブースト時間：<number>
003b2df68e5ea616,TID_TRADER_NEW,NEW
95437c46a1e30b68,TID_WL_EXPLAIN_REWARDS_TEXT,リーグメダル報酬は、獲得した星の数やクランの所属リーグ、およびその最終順位に基づいて決まります。
b4291d32a6a593f4,TID_SCENERY_BOOKS_OF_CLASH,ブック・オブ・クラッシュ
ca84ee4e1eb43d05,TID_DECO_RUIN_TRUNKS,木の幹
39d094dbb0f614e3,TID_BATTLEPASS_TASK_WIN_BATTLES_USING_FREEZE,極寒の日
67e11ed5b9dc6e34,TID_LEAGUE_INFO_PLACEMENT,対戦後のトロフィー数で入るリーグのレベルが決まります。
cd7ceb18f5317e8b,TID_CLANGAMES_TASK_USE_SNEAKYARCHERS,スニークアーチャーの狙撃術
5399b099a562df7b,TID_OTTO_FEATURE_DESCRIPTION_SHORT,建設が大好きな疲れ知らずのロボットです。
c8406ed1b744b0cd,TID_OBSTACLE_HALLOWEEN2022,トリック・オア・トリート！
7e46a42bb32d78d1,TID_EVENT_STAR_BONUS_INFO,宝庫を早くいっぱいにしましょう！\n\nこのイベント中は、星ボーナス報酬の戦利品が<starbonus>倍になります。
235def1eef7d08b0,TID_BOOSTER_FILL_ELIXIR_STORAGE_ALT_2_LINE,エリクサーのルーン
ce95db7c03e11b1d,TID_CLANGAMES_TASK_DESTROY_LABORATORIES,ラボ攻撃
d254d4d9dd0b9b51,TID_OFFER_NO_STORAGE_LIMITS,収容量制限なし！
e7ae53009354bbf3,TID_NEWS_UPDATE_AIR_MORTAR_TEXT,
962b9416c459d23a,TID_TRAP_SUPERBOMB_INFO,でっかい花火をあげたければ、巨大爆弾をしかけておきましょう。
11ad78b0daec7392,TID_BATTLEPASS_TASK_WIN_STARS_USING_HEAL,癒しの魔法
469568fe1aed135d,TID_PET_MELEEJUMPER_INFO,いつも村を見回っている忠犬のようなL.A.S.S.Iは、敵をどこまでも容赦なく追い立てます。敵が空を飛んでいる場合は... とりあえずじっと見つめます。
37c18cac6afdd7a6,TID_COLLECTORS_FULL_NOTIFICATION,チーフ、ポンプがいっぱいになっています！
1c0bee9cf2cece64,TID_TRAP_DAMAGE,ダメージ：<number>
db974190827f49d2,TID_BOOST_ALL_ELIXIR,すべてのエリクサーポンプ
2f61d72af735f3c7,TID_STARTER_TH2_CLAIMACHIEVEMENT,目標重視
4b563b302e11e411,TID_LEAGUE_INFO_LOOT_BONUS_PROMO,新しいリーグでの戦利品の最大ボーナス：
abe9de3c6d4100a5,TID_LEAGUE_WOOD2_SHORT,ウッドII
55bc2db54f26ca98,TID_LEVEL_UP,レベルアップ！
2df0d024c1f2c0b3,TID_STARTER_TH2_INFO_CLAIMACHIEVEMENT,プロフィール内の達成項目を<num>個達成する。
85f8f28fff36dd3a,TID_LINK_SAME_PLATFORM_TITLE_KUNLUN,アカウントの同期
7263247d0ed90058,TID_CHARACTER_INFO_FIREMITE,
bf651afdd2f849bc,TID_BARRACK_INFO,兵舎では敵への攻撃に使えるユニットを訓練できます。\n兵舎をアップグレードすれば強力なユニットも生産できるようになり、\n手強い相手にも勝てるようになるでしょう。
b1fdfe90576af54d,TID_CHALLENGE_FAIL_RESTRICTED,チャレンジを開始できません。
127221dc10db8af5,TID_ERROR_POP_UP_SERVER_MAINTENANCE_ESTIMATED_MINUTES,申し訳ございませんが、ゲームのサーバーはメンテナンス中です。約<value>分ほどお待ちいただき、再度お試しください。
becdc3d1ebc5b12b,TID_ACHIEVEMENT_ACCOUNT_BOUND_TENCENT_AND_GAME_CENTER,WeChat、QQまたはGame Centerに接続
b7e83bb3dea15e06,TID_CAPBUILD_BARRACKS_INFERNO_DRAGON,インフェルノドラゴンの兵舎
84afc463920d10a2,TID_CLANGAMES_TASK_LOOT_GOLD,ゴールドざくざく
674f79a21867bbfd,TID_BOOSTER_FILL_GOLD_STORAGE_INFO,この魔法アイテムを使うと、どこからともなく湧き出るゴールドで自分の村にある金庫をいっぱいにできます。
b5aec4a1f37c5a30,TID_TRAP_SHRINK,ちびっこトラップ
be3616e295091675,TID_ACHIEVEMENT_GEAR_UP_TITLE,改造屋
b13350759aa99aca,TID_DECORATION_10_YEAR_FOUNTAIN,記念噴水
6ab5ecc3a234211a,TID_RAID_WEEKEND_REWARD_TOTAL_TROPHIES,合計トロフィー：
b9ab9148c93171d5,TID_CHARACTER_INFO_GOBLIN_SHORT,ゴールドとエリクサーの略奪にかけて右に出る者はいません。
f82d92b7521409b7,TID_RUIN_INFO_UNLOCKS,修復すると獲得：
b36b289fca84e899,TID_NPC_CHALLENGE_TH9_WITCH_ARCHER_QUEEN,ここで<c9916c8>アーチャークイーン</c>を投入しましょう。\nアーミーキャンプがなくなったので、\n彼女は村の周囲を時計回りに歩くはずです。
dced4e6d36542da3,TID_ACHIEVEMENT_DESTROY_TOWNHALL2_COMPLETED,破壊したビルダーホールの数：<value>
4e0d9766b34d0e28,TID_ATTACK_FAIL_ALREADY_UNDER_ATTACK,攻撃できません！この村はすでに攻撃されているところです。
61bc609020e470df,TID_EP_RECEIVED,イベントパス獲得！
b501dd510cb7bebc,TID_NEW_CLAN_MEMBER,NEW
9e41ac164341e483,TID_ACHIEVEMENT_ACCOUNT_BOUND_GAME_CENTER,Game Centerと連携
de9b843af5b4d31f,TID_BB_ATTACK_GOLD_STORAGE_FULL_TEXT,大工の拠点ゴールドの保管容量がいっぱいです。攻撃を開始しますか？
979533d3ebcfe4d5,TID_BUY_MISSING_RESOURCES_HEADER,<resource>が足りません
383cd737c3c5e252,TID_TOXIC_MINION,ベータガーゴイル
c88b38495d2183c4,TID_BATTLE_LOG_DEFENSE,防衛ログ
2aa350e117a52c39,TID_COME_BACK_NOTIFICATION_SMALL,チーフ！兵士たちが待っていますよ！
9ce19a6de9c51009,TID_LOCAL_NOTIFICATION_BUILDER_STAR_BONUS_READY,今すぐ大工の拠点で星ボーナスを集めましょう！
d85ed30fae0caf86,TID_WAIT_BEFORE_ARRANGING_WAR_AGAIN,<time>後に別のチャレンジを送信することができます
c46f5cfc9a112d89,TID_INVALID_PLACEMENT,赤いエリアにはユニットを配置できません。
ae5daaf5d78df17e,TID_HINT_CLAN_CHAT_PROFANITY_FILTER,設定メニューから、クランチャットでの不適切な発言に対するフィルターを有効にできます。
c0776a5c8b9fa3ac,TID_ARCHER,アーチャー
8e4e868a9727c789,TID_WELCOME_BACK_EVENTS,新イベント
0204819c39154bef,TID_NEW_RAID,合戦開始
63e146c1d153e4e2,TID_TUTORIAL_SEASON_CHALLENGE_3,「特典」と呼ばれる新しい報酬もあるので、さっそく見ていきましょう！
18c28752f4689f26,TID_POISON_CLOUD,ポイズンの呪文
eaacadcdb35026ba,TID_BATTLEPASS_TASK_INFO_USE_HOGRIDERS,ホグライダーを使い、マルチプレイで<num>個の星を獲得する。
57d947df02b2c0d1,TID_PLAYER_REPORTED_SUCCESSFULLY,プレイヤーを報告しました！
82606ac382942a91,TID_POPUP_BREAK_GUARD,村の護りを解除しますか？
60f3da150a23b3d9,TID_GOOGLE_SERVICE_CONNECT_TITLE,Google Play ログインを推奨
8f1410ceafe9a89f,TID_PASSIVE_ABILITY,パッシブ能力
8e0a9883fdef97aa,TID_CLAN_WAR_LEAGUE_STARTS_IN,リーグ開始まで：<time>
c93e1c6cf797b216,TID_REMOVE_TROOP_BUTTON,取り除く
754312a786e30b8f,TID_CHARACTER_INFO_GIANT,気はやさしくて力持ちに見えるかもしれませんが、\n敵の塔や大砲をみつけた時こそ彼らの真の恐ろしさを目にすることでしょう！\n動きは遅いものの体は頑丈なので、オトリとして敵の攻撃を引きつけるのに向いています。
e8dcbb0fcfdc99fa,TID_CHARACTER_INFO_FIRECRACKER,ロケット砲士の説明文
6b4facb3dd11300a,TID_CHARACTER_MAGIC_ARCHER,スーパーアーチャー
6bc4b0f6964ecfa8,TID_ALLIANCE_WAR_SPECTATOR_MESSAGE,このクラン対戦への参加資格がありません
d818c70fc0b57baa,TID_CLANGAMES_TASK_USE_SIEGE_BARRACKS,空飛ぶ要塞
51de4e6116313b76,TID_SUPER_DRAGON,スーパードラゴン
d45872e68a9d5748,TID_TRAP_EJECTOR,ばねトラップ
9dfa68381ef0554f,TID_OBSTACLE_BIG_TREE,大きな木
01a3d17fb53b2e99,TID_TOWN_HALL_WEAPON_INFO,反則級の大型兵器「ギガテスラ」を目にすれば、敵もさぞ驚くことでしょう。タウンホールに引っかき傷でもつこうものなら、空気を震わすほどの電撃で敵を吹き飛ばします。あとに残るのは、かすかなココナッツのような...香ばしい香りだけでしょう。
662b1bf202437b72,TID_SPELL_STORAGE_BREWING_CAPACITY,生成容量：<number>
63802d23543b7cd6,TID_ERROR_POP_UP_UNLOCK_UNAVAILABLE,現在、アカウントをアンロックすることができません。あとでまたお試しください！
9545af6cbda0286f,TID_CHAT_WELCOME,ここは全プレイヤーがチャットできるグローバルチャットです。\n\n礼儀正しくチャットしましょう。問題のある言動は厳しく処罰されます。\n\nメールアドレス、電話番号、住所、パスワードなどの個人情報をチャットで発言しないでください！
233e69fefcc0176b,TID_LEGEND_SEASON_INFO_TEXT,レジェンドリーグにはシーズン終了時の特別ルールと報酬があります！
a17cdcecb2091ece,TID_NEWS_TREASURY TEXT,毎日の星ボーナス\n• 他のプレイヤーの村を攻撃して星を5つためるとボーナス戦利品を獲得できます。\n• 上位のリーグに所属しているほどボーナスが大きくなります！\n• 新しい星ボーナスは毎日もらえます！\n• 星ボーナスでもらえるボーナス戦利品は宝庫に保管されます。\n\n資源カート\n• 防衛戦が終わるたび、壊れた資源カートが村に出現します。\n• このカートからは、敵に奪われた資源の一部を回収できます。\n• 一度に出現する資源カートはひとつだけなので、見つけたらすぐに回収してください！\n\n宝庫\n• クランの城に簡単には壊れない資源の保管場所「宝庫」ができました。\n• 宝庫はクラン対戦と星ボーナスそれぞれで獲得できるボーナス戦利品を保管します。\n• ボーナス戦利品を使う予定がないうちは、宝庫が最も安全に保管できる場所です！\n\nバランス調整\n• イーグル砲がゴーレムと小型ゴーレムに与えるダメージが3倍になりました。\n• タウンホールのレベル6で2つ目、レベル7で3つ目の対空砲を建設できるようになりました。
6484846ebc276815,TID_TEST_DUMMY,テストダミー
9254f04ab6851d7b,TID_CAPITAL_TUTORIAL_1,あの... チーフに話をしたい人がいるようです。かなり失礼なことを言っていましたが...
f9d4dc4f3b2bf5c7,TID_INFOBUBBLE_BUILDER_EXTRA_SUGGESTION,その他のアップグレード：
b251845cf9445369,TID_ACHIEVEMENT_ACCOUNT_BOUND_TENCENT,WeChatまたはQQと連携
b8e157346f945115,TID_DECORATION_ARCHER_QUEEN_STATUE,アーチャークイーンの像
a63cc3439adf76bd,TID_TUTORIAL_RUINS_3,アンロックされる設備と必要な都ゴールドはここで確認するように。
dc24b5ddc2ba3b17,TID_CHARACTER_INFO_HULK_BIG,非常の手段は、いざという時に！
95227caa591045ca,TID_ALLIANCE_WAR_LOOT_BONUS_TITLE,対戦勝利ボーナス
9d4ebbcd79824529,TID_MEMBERS_SORTED_BY_REPUTATION,評判
3413f74edb9d0806,TID_DECORATION_GOLDEN_HOG_INFO,金のようですし、それらしい匂いや手触りがありますので、おそらく金でしょう。
fef1089c1106112f,TID_BP_PERK_SAVINGS_MULTIPLIER_DESC,シーズン資源に獲得した資源の<num>倍の量が加算\nされます。
ac185398f8b553a7,TID_ASK_LEADERSHIP_START_RAID,リーダー、サブリーダー、または長老に週末合戦への参加を促してみましょう
aac5982c2b7eb13f,TID_COSMETIC_ESTATE_3X3_SLANTED_HOUSE,傾いた家
58e7e720a21d41a5,TID_TROOP_REQUEST_FAIL_COOLDOWN,さらに援軍をよぶには、しばらく待ってからにしてください。
cb14edd330b8368b,TID_BUTTON_SET,決定
a1f44339ac227062,TID_CHARACTER_INFO_SIEGE_MACHINE_FLYER_SHORT,タウンホールに向かって爆進します！
d65c1132f57830e4,TID_HINT_UPGRADE_WALLS,壁をアップグレードすると、より長く敵を足止めできます
74454c8630ab03a0,TID_KUNLUN_APP_STORE_HUAWEI,Huawei
b279b39c146eaa48,TID_PLAYER_PROFILE_TROOPS,ユニット
a2bfa4d1a70608a7,TID_TIME_MINS,分
b438b16816a387cb,TID_PRESET_SAVE_OK,部隊をセーブしました！
79c0de662e262f2a,TID_HALLOWEEN_STORAGE_CONVERSION_INFO,大釜がいずれかのエリクサータンクの中身を禁断のエリクサーに変換するまで：<time>
f0ce7ec5f0f9894c,TID_NPC_CHALLENGE_TH11_EDRAG_RAGE1,<cf07bf8>レイジの呪文</c>を使って、攻撃の威力を上げましょう。
4d69c8e2f6b284dd,TID_ARRANGED_WAR_START_BUTTON,チャレンジを送信
5519b486c19189e8,TID_CLAN_JOIN_FAIL_NO_DUEL_SCORE,大工の拠点戦のトロフィー数が足りないため、このクランには参加できません。
60564f92f2fab605,TID_SUPER_WITCH_ABILITY_HELP,ドでかいスケルトンを1体召喚する
a6663beffa6c6ecf,TID_SEARCH_STATUS,対戦相手を探しています...
f096fcbb6a47bf8c,TID_ALLIANCE_MAIN_BUTTON,クラン
86a369ff66b55350,TID_BATTLEPASS_TASK_INFO_WIN_BATTLES_USING_NIGHTWITCHES,<num2>体のダークネクロを使い、大工の拠点戦で<num>回星1つを獲得する。
61541e56431adf5c,TID_NPC15,監視塔
49f31a56d827f441,TID_NEWS_UPDATE_LEGEND_LEAGUE_TEXT,
ddba21aa2dcf3dc6,TID_BOOSTER_HERO_POTION_INFO,このポーションを使うと、すべてのヒーローとペットを<time>にわたってタウンホールの最大許容レベルにブーストします。どちらの村でも使用可能です！
8ca053420204d792,TID_PIXEL_CHAMPION,ピクセル チャンピオン
1887f36c23f5cf86,TID_NEWS_UPDATE_BOOKMARKS_TITLE,
21bd897a9393c151,TID_HINT_TRAP_REPAIR,一度使ったトラップと爆弾を再び使用するには、「再利用」が必要です
2e13156e267a5cbf,TID_CHARACTER_ELITE_BARBARIAN,スーパーバーバリアン
a4cf74adc499c294,TID_ALLIANCE_WAR_EVENT_50PERCENT_DESTROYED,50％破壊！
42489bb47210271e,TID_SPELL_FROST_INFO,
eb4aa80e33eef4c1,TID_PLAYER_HOUSE,クランの家
b4b05206a7a0ef3c,TID_BUTTON_CUSTOMIZE_BUILDING,カスタマイズ
cab9eefca7455dc6,TID_CLANGAMES_TASK_DESTROY_AIRSWEEPERS,エアスイーパーを破壊
03a8d13969b9a762,TID_INFERNO_TOWN_SCENERY,インフェルノ
3840a779c31ee05b,TID_NPC_CHALLENGE_TH9_BABYDQW_JUMP,<c9916c8>バーバリアンキング</c>が進撃できるよう、\n<c85ff3b>ジャンプの呪文</c>を使いましょう！
71a0ab6b915df4ca,TID_SPOOKY_QUEEN,魔境 クイーン
978dd7c8db020a45,TID_NPC_CHALLENGE_TH10_BOBAT_FREEZES,対空系の防衛設備に<c38eaff>フリーズの呪文</c>を使えば、\n<c54a0fe>コウモリ</c>を援護できます。
b4ae00a4cf117f28,TID_BUILDING_TEXT_REQUEST,支援をもとめる
5cba5ac7ead1f250,TID_CLAN_JOIN_FAIL_NO_SCORE,トロフィー数が足りないため、このクランには参加できません。
46f617e7db80755e,TID_NPC_CHALLENGE_TH12_DRAGBAT_STONE_SLAMMER,<c54a0fe>ロックボマー</c>を投入して、\n<cf70d16>インフェルノタワー</c>を破壊しましょう。
a84aced6421de6ba,TID_LOCAL_NOTIFICATION_CLAN_GAMES_CHECK_RESULTS,クランゲームは終了しました。結果を見てみましょう！
9cdbb84b35c6a44c,TID_BATTLEPASS_TASK_WIN_WARATTACKS,みんなの英雄
e38b6ab55b8ab932,TID_TRAP_BROKEN,<item>（非準備状態）
a476abb32ab98626,TID_CHARACTER_BABY_ELECTRO_DRAGON,ライトニングベビードラゴン
d412cbf955cc68e6,TID_WAR_RESULTS_INFO,クラン対戦が終了すると、宝庫にボーナス戦利品が届きます。また、対戦に勝ったクランにはクランXPの大ボーナスもあります。クラン対戦の終了後は、一定期間だけ対戦結果やリプレイを見ることができます。さらにクラン対戦ログで過去の戦歴を確認することもできます！
bf9f4e37c4484ede,TID_POPUP_BOOSTER_FILL_STORAGE_ALMOST_FULL,<res>の保管設備はすでにほぼ一杯です。本当に<booster>を使って<res>を<num>追加しますか？
772b55c487cdb4e3,TID_CLANGAMES_TASK_INFO_DESTROY_CHAMPION_ALTARS,マルチプレイで通算<num>個のロイヤルチャンピオンの祭壇を破壊する。
73c2612633545b61,TID_ALLIANCE_WAR_STAT_PARTICIPATION_BOTTOM,攻撃回数（下位の村）
02d2e9a7e1483bfc,TID_NPC_CHALLENGE_TH11_LAVALOON_BALLOONS2,<c54a0fe>エアバルーン</c>を何体か投入して、\n素早くエリアを制圧しましょう。
c0ef047631799814,TID_DIAMOND_BUNDLE_BH8_ALT,グランドマスター大工パック
1ae4d75686a3e886,TID_BP_SKIN_UNLOCKED,<skin>をアンロックしました！
b9e95da4c8c69f1f,TID_NPC_CHALLENGE_TH9_BABYDQW_POISON,<ce98714>ポイズンの呪文</c>を使って、\n<cf70d16>敵のヒーロー</c>の動きを鈍らせます。
cf9b91e536136165,TID_CLAN_GAMES_CLAN_SCORE,クランスコア：
31f0313b1c594ae5,TID_LOADING_CHINA,本网络游戏适合年满13周岁以上的用户使用；为了您的健康，请合理控制游戏时间。粤网文【2017】6138-1456号、 （总）网出证（粤）字第057号 著作权人：SUPERCELL OY 出版单位：北京昆仑乐享网络技术有限公司 文网游进字[2015]0062号 审批文号:新广出审[2015]1084号 出版物号：ISBN 978-7-89988-438-6 抵制不良游戏，拒绝盗版游戏。注意自我保护，谨防受骗上当。适度游戏益脑，沉迷游戏伤身。合理安排时间，享受健康生活。
15990ac0476c50eb,TID_CLEAR_SHOVELED_OBSTACLE_CONFIRM_TITLE,最終確認
b7b6b8b373465394,TID_RESOURCE_PACK_LOCKED,収容量が足りません！
75b5be2329cbd5e1,TID_REDUCE_TIME_BARRACK_TROOP2,新しい訓練時間：<num2>
222d06fcdcfae974,TID_BUTTON_ASSIGN,割り当て
01da626bb0a08c4f,TID_WL_WAR_TITLE,<x>回戦
e3e9815f63af90ef,TID_HERO_ABILITY_BATTLE_COPTER,ボムラッシュ
33cc4153f3241f7b,TID_RECOMMENDED_TARGET,ここが狙い目！
4480ed222f731280,TID_BUTTON_NOTE,注意
0f9c7566facbb833,TID_TOTAL_TROOP_HEAL,ユニットの合計回復量：<number>
699fa198881a7aac,TID_MULTIPLAYER_SHIELD_COST,攻撃コスト：
b23abe5913ae304e,TID_NPC_CHALLENGE_TH11_EDRAG_GRAND_WARDEN,<c9916c8>グランドウォーデン</c>を投入して<c54a0fe>ライトニングドラゴン</c>を援護しましょう。地上のトラップにかからないよう、空中モードにするのをお忘れなく！
78b25738d1b9b4e0,TID_WARTOOLS_REMOVE_CLAIM,宣言を撤回
cb8f2d675cee088e,TID_NPC_CHALLENGE_TH10_MINER_RAGE,<c54a0fe>ヒーラー</c>がやられてしまう前に、村の入り口で\n<cf07bf8>レイジの呪文</c>を使って<cf70d16>インフェルノタワー</c>を\n素早く破壊しましょう！
5e18662c2235f739,TID_YOUR_TROOPS,あなたのユニット
dc950711eca80a68,TID_FB_CONNECT_NOT_SAFE_TEXT_ANDROID,村をFacebookに関連づけると、友達とつながることができます。ゲームの進行状況を安全にバックアップしたり、複数のデバイスでプレイするには、Google Playにログインしてください。
6cddc5ce9b39ca4c,TID_ALLIANCE_WAR_CLOSE_RESULTS_SCREEN,マップを見る
7311083694e7e2be,TID_PET_PHOENIX_INFO,ピンチの時にかけつけてくれるのが真の相棒です。配置時は無力な卵でしかないものの、ヒーローが倒される瞬間に怒りの産声を上げて伝説の火の鳥に姿を変えます。その後、フェニックスはヒーローを一時的に無敵状態にして、近くの敵と戦います。
1b1cca8bb93bb1be,TID_NPC14,フォート・ゴッブス
bdcad7ee36a5d08d,TID_CAPBUILD_GUARDPOST_CART_INFO,合戦キャノンが幸せを感じるとすれば、攻撃してきた相手を吹き飛ばす時でしょう。
b2ee2e1442248e09,TID_CAPBUILD_BARRACKS_MEGAAIR_INFO,飛空城の組み立て場所です。\n本当に飛ぶかどうか大工も半信半疑だったので、山の上に建設されています。
0ba09d92755eb5a7,TID_LABORATORY_UPGRADING_CANNOT_START_SPELL,ラボのアップグレード中は、呪文のアップグレードを開始できません
c2d275b5d37006d7,TID_MAP_LOCATION_17,龍の湖
52fbff93b0bfa3d6,TID_OFFER_ITEM_GIFTS,<c80d8e8>クランギフト：</c>
6469e9c6a52fce37,TID_CLANGAMES_TASK_USE_WIZARDS,ウィザード大戦
ef01c2aa8b2487f2,TID_TRAP_SUPERBOMB,巨大爆弾
b07148e191f43a70,TID_DONATION_FAILED_ALREADY_UPGRADED,別のクランメンバーがアップグレードを完了しました！
2937a308d67f61d0,TID_LOCAL_NOTIFICATION_EVENT_SPECIAL_OFFER,チーフ、期間限定の超お買い得なパックが発売中です！
15ca23c922bd1be0,TID_HAMMERJAM_OFFER2_MAGICITEMS_WALLRING_AND_ALLRUNES_INFO_1999,• 壁リング<booster1>個\n• ダークエリクサーのルーン<booster2>個\n• 大工ポーション<booster3>個\n\n• 収容量制限なし！\n• このパックは10回購入できます！\n\nこの素晴らしいアップデートパックでアップグレードを進めましょう！
dfd5a403f6af30cc,TID_BATTLEPASS_TASK_INFO_DEPLOY_SIEGE_MACHINES,マルチプレイで通算<num>体の突破兵器を使用する。
5f25ee0080d43b8d,TID_WAR_STATS_HEADER_WIN_WAR,クラン対戦に勝利
fdceb591f2348c52,TID_GEAR_HEALER_JAR,ヒーラー人形
b5ad5aadb7f5662d,TID_HINT_PEKKA_INFO,P.E.K.K.Aは騎士なのか？サムライなのか？ロボットなのか？\nその正体は謎につつまれています。
7b40d7344868ca4b,TID_LEADERBOARDBANNER_PLAYER_TIMELEFT,終了まで：
223d9d2c0ab8dbd4,TID_SHIELD_SHIELD,シールド
2b4fad18640fca89,TID_BATTLEPASS_TASK_WIN_BATTLES_USING_BABYDRAGONS2,ベビーシャワー
6b176dfccd9c4d59,TID_SIEGES_FEATURE,突破兵器
9b9c5ac7900cf4f8,TID_GARGOYLE,ガーゴイル
6abc71fdd1361a54,TID_ACHIEVEMENT_LOOT_GOLD_COMPLETED,戦闘で獲得したゴールドの総数：<value>
99e661cf60fb4422,TID_UPGRADING_SUBTITLE,レベル<number>にアップグレード中
46d4bd5cc3fd9b73,TID_BUTTON_PROCEED,続ける
5c56aa025e4ed405,TID_TOTAL_HEAL,合計回復量：<number>
ed5d78da37645313,TID_ALLIANCE_SELECT_BADGE,クランの紋章を編集
703b884e328a1cab,TID_FRIEND_LIST_TEAMUP_1,フレンドとプレイ
aa40275b2bedfe26,TID_STREAM_CLAN_WARS_ENTRY_VS,対
9e7f9339189ee104,TID_MONTH_12,12月
d2c95d99c98fb69c,TID_FEEDBACK_BUTTON6,アカウントがロックされました
0b696ce12db79d14,TID_BUILDING_AIR_DEFENSE,対空砲
e076ca5f772776e2,TID_HINT_CLAN_CASTLE,クランの城にいるユニットは村が攻撃された時に防衛戦に参加してくれます。
7466d858befd86d9,TID_TUTORIAL_OUTPOST_INTRO_2,え？O.T.T.Oを知らない？
b4a55e5470aabb27,TID_LUNAR_QUEEN,旧正月 クイーン
9615bf0b7cb8bac1,TID_CLANGAMES_TASK_DESTROY_BB_ROASTER,消火活動
8264407b0c4cdde5,TID_BATTLEPASS_TASK_UPGRADE_HOME_WALL,村の守り人
4da65d59c26fa577,TID_ACHIEVEMENT_DESTROY_SPELL_TOWER_COMPLETED,破壊した呪文タワーの総数：<value>
ff4f8ce279c62bc1,TID_DIAMOND_BUNDLE_GOLD_DARK_ELIXIR_INFO,• <gems>エメラルド\n• <res0>ゴールド\n• <res1>ダークエリクサー\n\n収容量制限なし！\n\nこの<cffec78><value>xバリュー</c>のスターターパックは、1度きりの限定提供となります！
21362283b12bfac2,TID_CHARACTER_INFO_RIDER,凶暴なホグ（ハネブタ）を手なずけたホグライダーは、ちゃちな壁の向こうに隠れている者たちに天罰を下してまわります。ダークエリクサーから活力を得る彼らは、負けることなど考えていません。
d0eca898d5c89115,TID_CONFIRM_ALLIANCE_GAMES_SPEEDUP,<number>エメラルドを使ってクールダウンを終了し、今すぐ新しいチャレンジを開始しますか？
3fa8dc26338160fd,TID_LINK_CODE_TEXT2,新しいデバイスで次のコードを入力してください:
6e1d089c94b5fa04,TID_WORKER_INFO,大工さんなしでは何もできません！\n大工の小屋を増やせば同時にたくさんの建物を建てられます。\nまた、エメラルドを使って完成を早めることができます。
0f3078333e788523,TID_ERROR_POP_UP_PERSONAL_BREAK_EXTENDED_FINAL,休憩時間が延長されていましたが、次の小休止までの時間はこれより通常通りに戻ります。今後このようなことが起こらないようにするには、タウンホールの防御をかため、トロフィーの数を増やしてください。
7fc5e4ea56cca0ca,TID_DIAMOND_PACK_3,エメラルドの大袋
fcf07c0174f7f73f,TID_DECORATION_FLOWERBOX2,ヒマワリの花壇
7a9911d11b32d3a7,TID_EDIT_MODE_CANCEL_BUTTON,キャンセル
acfec399d326f9e3,TID_SUPPORT_TEXTBOX_TITLE,クリエイターを支援しよう
d445e19fb102d25a,TID_CHAT_LANGUAGE,チャット言語：
b9a1f4f2b934fdf1,TID_MAP_LOCATION_7,石の湖
bd9e36c4975de056,TID_CHARACTER_INFO_TREANT_SHORT,丈夫な木の根っこが行く手を阻む壁や防衛設備を粉砕します。
156749418f21d13e,TID_ACHIEVEMENT_SCID_BOUND_TITLE,アカウントをSupercell IDに接続する。
e1f9c25ee667b59d,TID_BP_BUILDER_SEASON_BANK_INCREASE,大工のシーズン資源の容量が増加します。\n大工の拠点ゴールド：<builderGold>\n大工の拠点エリクサー：<builderElixir>
f60b057fef0710fa,TID_BOOSTER_SUPER_POTION_INFO,ダークエリクサーが醸造され、黄金色のスーパーポーションに生まれ変わりました。高温多湿の空間で仲の良いお友達とお楽しみください。使用すると、ユニット1体をスーパーユニットに3日間ブーストできます。
1f8df3a087aa71a6,TID_FEEDBACK_EMAIL_TITLE,Feedback%20for%20Clash%20of%20Clans
84683fe6ba36c6ed,TID_ENDOFSUMMER_OFFER_INFO_9999_4999,• <res0>ダークエリクサー\n• ヒーローの本<booster1>冊 - 実行中のヒーローアップグレードを瞬時に完了します\n• <res1>ゴールド\n• <res2>エリクサー\n\n• 収容量制限なし！\n• このパックの購入は2回限りです！\n\nチャンスは期間限定の今だけです！
f8e85c40d7d492cd,TID_WL_BUTTON_CHANGE_MEMBERS,メンバー変更
41356aaee6f64bc3,TID_BUILDING_SPELL_TOWER_INFO_SHORT,侵略者にも呪文の鉄槌を！
a8a335783f5fd734,TID_NPC_CHALLENGE_JUMP_TO_CLOSED_COMPARTMENTS,<c85ff3b>ジャンプの呪文</c>を使えば、壁に囲まれた\nエリアにも攻め込むことができます！
0983803e7a88e1e8,TID_CLEAR_SHOVELED_OBSTACLE_CONFIRM,本当に移動可能な<obstacle>を削除しますか？使用した<booster>は戻ってきません。
38c68dbed52c4cb7,TID_END_BATTLE_POPUP_TEXT,チーフ、戦いを今すぐ終えますか？
af496f1774f1d0a4,TID_ALLIANCE_GAMES_PICK_TASK_HEADER,チャレンジを選ぶ
781d6f3672510d39,TID_BP_SCENERY_UNLOCKED,<scenery>を\nアンロックしました！
806ea684ecbec7eb,TID_CLAN_TAGS,クランラベル
b1e07a5feace248d,TID_NEWS_CHALLENGE_BOOST_TEXT,次のアップデートは1エメラルドで資源生産をブーストできます！
b11711bbde577a25,TID_BUTTON_UPGRADE_WEAPON,兵器をアップグレード
96080c3b88a6003b,TID_CLANGAMES_TASK_WIN_STARS_USING_HASTE_INFO,ヘイストの呪文を<num2>回使い、マルチプレイで<num>回勝利する。
63ba3c5bb5864cab,TID_EDIT_MODE_MOVE_ALL,すべて移動
3284a7b3d29f75a6,TID_EVENT_ARMY_GOWIWI_INFO,皆さまおなじみゴーレム・ウィザード・ネクロマンサーの部隊で、村を破壊しましょう！ユニット価格が50％オフになります！
d33c1f199e0b9ee9,TID_BUILDER_HALL_7_INFO_SHORT,スケルトンの降下船と、その対抗策が登場！
46083d646aeded00,TID_TUTORIAL_OUTPOST_INTRO_5,まだ挨拶はできないか... でもハンマーの扱いは大したもんだぜ！
7a3cfc7b836b78e8,TID_CONFIRM_SKIN_PURCHASE_TEXT,<name>を購入しますか？
22f19cfdb6319fc9,TID_POPUP_GOBLIN_RESEARCHER_DISCLAIMER,ゴブリンに研究を依頼する場合でも\n資源と時間がかかります。
ccd13f29fe354047,TID_REMOVE_FRIEND_INVITE_CONFIRMATION_TITLE,フレンドリクエストをキャンセルしますか？
8122132faf8a5a0a,TID_SUPER_TROOP_ACTIVATE,有効にする
d403ba838479bcc4,TID_BATTLEPASS_TASK_DO_RAID_ATTACKS,合戦三昧
4611d114eaaf2aec,TID_GLADIATOR_CHAMPION,剣闘士 チャンピオン
76cd9721a6f58be9,TID_BUTTON_ATTACK_MODE_BURST,バースト
14a156bd67dd524c,TID_WL_HIDDEN_FRIENDLY_VILLAGE_INFO,参加者の変更やユニットの寄付は準備日に実行できます
80c3694d3c22ff1a,TID_TUTORIAL_MEET_NEW_BUILDER,Zzz...
444496ddf4977818,TID_BOOSTER_BOOST_ALL_PRODUCTION_TITLE,部隊の生産性を向上しますか？
10d16ce8df09373d,TID_GEAR_INFO_ROYAL_CLOAK,クイーンを透明化して攻撃を強化します
8936cb0825d7c00a,TID_WAR_SIZE_TEXT,サイズ：
c015c32bab882faf,TID_TUTORIAL_MEET_NEW_BUILDER4,オレの家を... こんなにキレイに\nしてくれたのか！恩に着るぜ！\n案内なら任せてくれ。
ea056deb57c0bef7,TID_POPUP_HEADER_ABOUT_TO_BOOST_VILLAGE_SPEEDUP,村をブースト！？
0d2b0dd3a411fda3,TID_TREASURY_BOOSTERS_EMPTY,この魔法アイテムを一つも持っていません！
1631cadee931c28f,TID_BUTTON_JOIN,参加
6d93e5b6b38c6e1c,TID_CLANGAMES_TASK_INFO_USE_MINIONS,<num2>体のガーゴイルを使い、マルチプレイで<num>個の星を獲得する。
9cdcdba665ad9cc1,TID_END_BATTLE_BUTTON,戦闘終了
5253db83269f8721,TID_DECO_RUINED_PILLAR,壊れた柱
37b3f66b9a39b577,TID_NEWS_TH11_UPDATE_ARTILLERY_TITLE,イーグル砲：眠れる番人
5a591b75c9e15a3d,TID_UNPLACED_BUILDINGS,未設置の設備
b3bd9ccad1837c9d,TID_ADVANCED_MEGA_TRAP,メガ地雷
aeb264488bb850e5,TID_POPUP_ANDROID_EXIT,ゲームを終了しますか？
25f816310a5abc42,TID_TRAIN_TROOPS_HINT,攻撃を行う前に、ユニットを訓練してください！
4a392a0d14d7f7eb,TID_NPC_CHALLENGE_TH11_LAVALOON_HASTE2,残りの<cf07bf8>ヘイストの呪文</c>を使って、\n味方の<c54a0fe>エアバルーン</c>を援護しましょう！
04f90c0d76b5502d,TID_IAP_NOT_AVAILABLE,アプリ内購入を機能制限の設定から有効にしてください。
14a9a4eb512ba9d5,TID_CLASHIVERSARY_KING,フューチャー キング
24bd759ee7f1ae78,TID_DEVICE_LINK_ERROR_CODE_CURRENT_VILLAGE_TOO_HIGH_TEXT_ANDROID,あなたの村は現在ログイン中の Google アカウントに恒久的に関連づけられています。\n\nこの村でのゲームが既に進行している（タウンホール レベル<level> または購入の履歴がある）ため、上書きできません。
691529ed8541082c,TID_POPUP_BOOST_ALL_COLLECTORS_BOOSTER,資源設備<number>棟すべての生産量を<time>だけ2倍にしますか？
9788c99a7cf115a4,TID_NPC36,ゴブリンの遠足
44f57e77c9e5078c,TID_STARTER_TH2_INFO_UPGRADEGOLDSTORAGE,いずれかの金庫をレベル<num2>にアップグレードする
a7be29764eef7fa4,TID_ALLIANCE_DONATE_DONATED,ユニットと呪文を寄付：
527ef6b3428ef742,TID_UPDATING_CONTENT,コンテンツのダウンロード中
e5dfd27d68bd6d6d,TID_DARKAGES_CHAMPION,中世 チャンピオン
a6a95df5bcb4a3c2,TID_CAPBUILD_BARRACKS_SUPER_DRAGON,スーパードラゴンの兵舎
76d3f9e98a485bce,TID_NPC_CHALLENGE_TH9_WITCH_BARBARIAN_KING,中心へのルートが確保できたところで、\n<c9916c8>バーバリアンキング</c>を配置しましょう。
cb2d22acf58d8df8,TID_EVENT_CW_TITLE,クランXPが2倍
b65da6fb8ba70cff,TID_SHIELD_PROTECTION,被ダメージ低下：<number>％
cdb850ddab086c18,TID_REGULAR_THEMED_BUILD_OFFER_INFO_TH0712_999,• <res0>ゴールド\n• 建物の本<booster1>冊 - 実行中の建物アップグレードを瞬時に完了します\n\n• 収容量制限なし！\n• このパックの購入は表示の期間内に4回限りです\n• 防衛強化の大チャンスをお見逃しなく！
5f235da6feb49aab,TID_EVENT_PASS_PURCHASE_TITLE,イベントパスを入手！
f9af288e265ebe3f,TID_BUTTON_UPGRADE_TROOPS,研究
89a0e75449084ceb,TID_BB_BATTLE_LOG_PERFECT,パーフェクト！
3744ec7dced53bf2,TID_RATE_APP_MESSAGE_AMAZON,Amazonアプリストアにこのゲームの評価やレビューを投稿してください！参考にさせていただきます。
8f98d43c73bb7574,TID_STARTER_TH5_UPGRADEBUILDERHUT,ハンマータイム！
73e1ea41a0cba117,TID_CLANGAMES_TASK_DESTROY_BB_XBOW,巨大クロスボウの破壊
46d1b4f756170e7b,TID_ATTACK_NOT_AVAILABLE,今は攻撃できません
2fc28f7f8e732263,TID_NPC_CHALLENGE_TH6_GIWIWA_GIANT,先に<c54a0fe>ジャイアント</c>を配置して、\n<c54a0fe>ウォールブレイカー</c>を守りましょう。
fca26609de25b1af,TID_PRIZE_SHOP_ITEM_PURCHASED_TREASURY_MULTI,タウンホールに<item>を<num>個追加しました
655931bbd3c64884,TID_BUY_SHIELD_TEXT,本当に<name>を買いますか？
8456435a125f4f33,TID_STARTER_TH3_BUILDCLANCASTLE,城大工
2ae09c7ac4388814,TID_BOOSTER_FILL_GOLD2_STORAGE_INFO,この魔法アイテムを使うと、どこからともなく湧き出るゴールドで大工の拠点にある金庫をいっぱいにできます。
c1ff939b12202f63,TID_MONTH_6,6月
cf9960e66c4be7e3,TID_BUTTON_ATTACK_MODE_SINGLE,単体攻撃
1cb2e15722200e11,TID_HITPOINT_INCREASE,ヒットポイント上昇：<number>
f2e38407ea47934a,TID_SUPER_BOWLER,スーパーボウラー
51dc4e748e01d197,TID_BUILDER_HALL_9_INFO_SHORT,小さな拠点ですが、強力な兵器をすべて有します。
11d0903d74b682d0,TID_DEVICE_LINK_ERROR_GAME_CENTER,Game Center にログインしていません
e01b452fcbbb5c98,TID_GEAR_INFO_VAMPSTACHE,バーバリアンキングが攻撃するたびに自身を回復します
5e4c14535038a261,TID_JOINQUESTION,参加しますか？
daf251c5af25fe8f,TID_CLAN_GAMES,クランゲーム
d4c34d648078b0fc,TID_LEAGUE_CLAY4,クレイリーグIV
df12a3a8dcf261e5,TID_EVENT_CHRISTMAS_SPELL,期間限定クラッシュマスイベント：サンタサプライズ
26da57f24fe36b93,TID_CLAN_TAG_TEACHER,教育熱心
7da4516be73c4593,TID_CAPITAL_TUTORIAL_5,偉大なクランってやつは、建設も戦闘も心を一つにしてやるもんだ。なあに、老賢者のアドバイスってやつさ。
04578f3fb7d21333,TID_BUY_MULTIPLE_MISSING_RESOURCES_HEADER,資源が不足しています
c3321d4dbb726567,TID_DIAMOND_BUNDLE_TH11_ALT_REVISED_INFO,• 建物の本<booster1>冊\n• ヒーローの本<booster2>冊\n• <res0>ゴールド\n• <res1>エリクサー\n\n収容量制限なし！\n\nこの<cffec78><value>倍バリュー</c>のパックは、1度限りの特別提供となります！
0c72148e6abba697,TID_BB_LEAGUE_THREE_STARS_PREFIX,3
9872d91bd3db0ea6,TID_GIFT_AVAILABLE_STREAM_TEXT,クランメンバーがギフトを送りました！
5c7ea6844f446901,TID_CLAN_GATE,クランバナー
85bd00acc895d56e,TID_CLANPERK_DESC_BADGE_LEVEL,クランの紋章にボーダーをつけられます：<value>
dd1c4313cd4534e6,TID_BUILDING_CLASS_DEFENSE,防衛設備
b0aa6549e7294e58,TID_FREE_IN,無料になるまで：
3a99dcec0a018c19,TID_BATTLEPASS_TASK_WIN_BATTLES_USING_ELECTRO_TITAN,タイタニックパニック
84247775cdf34892,TID_BUILDING_CUSTOMIZE_SCREEN_BUTTON_SAVE,適用
33cc56d17b60de1f,TID_MERGE_REQUIREMENTS,必要なもの：
44cf3b4de0e9ac3b,TID_LEAGUE_SILVER1,シルバーリーグI
558659454ccae09f,TID_NPC38,周辺被害
685a196eeec71ec6,TID_BURST_SIZE,バースト射撃：<number>発
31b94c3aa281f6d9,TID_BATTLEPASS_TASK_DESTROY_TOWNHALLS,村の天敵
6526ee0341321875,TID_TUTORIAL_GOLD_EARNING_LEAGUES,トロフィーをたくさん集めれば、上位のリーグに進めます。
203ed5304395fca4,TID_POPUP_NOT_ENOUGH_DIAMONDS,エメラルドを買い足しますか？
8f8b0df4a309c9c7,TID_LOCAL_NOTIFICATION_EVENT_XMAS_1,チーフ！1エメラルドのブーストと「サンタのとっておき」で、クラッシュマスをお祝いしましょう！
d2280bea87df453a,TID_CLANGAMES_TASK_INFO_USE_SNEAKYARCHERS,<num2>体のスニークアーチャーを使い、大工の拠点戦で<num>個の星を獲得する。
0e05bb4a6b51d5cd,TID_OTTO_TASKS_UPDATED,アップグレード！
aaf67278223ef63e,TID_FEATURE_DARK_ELIXIR,ダークエリクサー
ff8d4484b5d85634,TID_MEDAL_EVENT_TRACK_END,イベントが終了しました。メダルは引き続き旅商人とトレードできます！
d82e8ee53fd20dfb,TID_LEAGUE_STONE2,ストーンリーグII
03085e0b500a64f4,TID_CLANGAMES_TASK_WIN_STARS_VS_TOWNHALL_6,闘志に燃えたTH6
6bcbd5b245b4168a,TID_LEADERBOARDBANNER_2,2)
0d6c3b2509f98f46,TID_DEVICE_LINK_SUCCESFULL_OLD_NO_DEVICE,新しいデバイスがあなたのアカウントに関連づけされました！
f66c1869aa4e9308,TID_CHALLENGE_INFO_2015,タウンホール11と共にグランドウォーデンが登場。最初の闇の呪文が追加。プレイヤーがこぞってタウンホールを村の中央に移動...
0be0c09e888ae257,TID_CHALLENGE_CHANGE_LAYOUT_BUTTON,変更
dfb4a158bd372c85,TID_LEAGUE_COPPER3,コッパーリーグIII
1c598dbec2961169,TID_UNIT_ABILITY_COOLDOWN_ACTIVE,もう一度ユニットの能力を使うには、しばらく待ってからにしてください。
5d9f75e2ccafaf3a,TID_NPC_CHALLENGE_TH8_GOWIVA_HOG_RIDER,<c54a0fe>ホグライダー</c>を配置して、敵の<cf70d16>クランの城</c>から\n防衛ユニットをおびき出しましょう。
4cc3d25371109720,TID_ADD_FRIEND_ERROR_GENERIC,フレンド招待を送信できません。またのちほどお試しください。
0d76f5798803a059,TID_NPC_CHALLENGE_TH12_YETI_PEKKAS,残りの<c54a0fe>P.E.K.K.A</c>を投入しましょう。
256b5010d759ccc4,TID_BUTTON_SPEEDUP,今すぐ完成
f6829b19666c5c8c,TID_BATTLEPASS_TASK_WIN_BATTLES_USING_HASTE,スピードが命
73398bd2e150877c,TID_CAPBUILD_BARRACKS_HOG_RIDER,ホグレイダーの兵舎
bc24a9658a0e7d12,TID_NPC32,鎧を着たサル
01279cb5d7a10ed7,TID_CAPBUILD_AIRBOMBS_INFO,重厚な対空防衛をお求めの方には、この対空爆弾をオススメします。\n爆薬を詰めたタルが次々と空中に浮かび上がって、\n飛行ユニットに絶大なダメージを与えます！
cc4d3a70ebd0646f,TID_DIAMOND_BUNDLE_MAGICITEMS_TRAINING_POTION,訓練ポーションパック
ad53b49de8ed9efd,TID_VILLAGE_NOT_PREPARED,戦闘準備中の村
e35dfdad754b0aff,TID_BATTLEPASS_TASK_WIN_BATTLES_USING_STONE_SLAMMER,グランドスラム
0619f1761a8d84b0,TID_FORGE,造幣所
5319b06fff6147e3,TID_BATTLEPASS_TASK_WIN_BATTLES_USING_HEALERS,手厚いサポート
a3ea30ce31037686,TID_CHALLENGE_WAITING_TO_JOIN_LIVE,ライブリプレイで、フレンドの動向を見てみますか？
3ba44299b7af02dd,TID_SHIELD_POPUP_SHIELD_DESCRIPTION_1,シールドは村を他のプレイヤーの攻撃から守ってくれます。対戦やリベンジの相手を探しても影響を受けませんが、他のプレイヤーへの攻撃を始めると、有効時間は短くなります。
f9b297f8802feddf,TID_CHAT_RULES_OK,了解しました
73cb60c3946bbd93,TID_CLANGAMES_TASK_INFO_USE_SUPER_GIANTS,<num2>体のスーパージャイアントを使い、マルチプレイで<num>個の星を獲得する。
e37ee3b3681eade2,TID_UNIT_COUNT,ユニット数：
71617024b806230c,TID_LIGHTNINGDRAGON,ライトニングドラゴン
5552ae56cc8d6b4d,TID_SPELL_RECALL_INFO_SHORT,1度くらいうまくいかなくても大丈夫。ユニットを呼び戻せば2度目があります！
5420399a6298cc6c,TID_ALLIANCE_DONATE_BUTTON_QUICK,クイック寄付
b857f151fcdffa04,TID_MULTIDEVICE_INFO_ANDROID,Supercell IDでログインして、ゲームアカウントを保護しながら、複数デバイスでプレイを楽しみましょう。
9b03e82a73b74568,TID_BOOSTER_FINISH_HERO_UPGRADE_OFFER_INFO,ヒーローの本<num>冊 - 実行中のヒーローやペットのアップグレードを瞬時に完了します
34d7ab523fdb4901,TID_NPC_CHALLENGE_TH11_LAVALOON_WARDEN_ABILITY,<c9916c8>グランドウォーデン</c>の能力を使って、\n味方の<c54a0fe>エアバルーン</c>を無敵にしましょう！
95923d2be8c72b67,TID_CLAN_WAR_FREQ_LESS_THAN_ONCE_WEEKLY,一週間に1回未満
eee4aea60ae49347,TID_CHARACTER_HOG_WIZARD,ホグウィザード
b7756d9abc37833a,TID_FEATURE_SEASON_CHALLENGES,シーズンチャレンジ
17cbdff8319fc906,TID_RESOURCE_BOOST,資源ブースト
486e1e0209050fc7,TID_ALLIANCE_WAR_EDIT_MEMBERS,クラン対戦の参加者を選択
af97ac675c1a0a89,TID_BOOSTER_FILL_DARK_ELIXIR_STORAGE_ALT_2_LINE,ダークエリクサーのルーン
e2266b1f9bd2a001,TID_CAPITAL_DISTRICTS_STANDING,生き残っている地区：<progress>/<total>
ed9d7a87f8332928,TID_TENCENT_DOLPHIN_ERROR_4,其他系统错误，请重启手机重试。
7d91985476ba7c32,TID_CLANGAMES_TASK_WIN_HOMEBATTLESINROW,連続勝利
64e41998ec1fee6e,TID_CHARACTER_SIEGE_BATTLE_DRILL_INFO_SHORT,地中から現れ、防衛設備にスタン効果を与えます。
3224abdbedba90d2,TID_NPC_CHALLENGE_TH10_MINER_WIZARDS2,<c54a0fe>ディガー</c>の気が散らないように、何体か<c54a0fe>ウィザード</c>を\n投入して村の隅や横から建物を破壊しましょう。
c0cb372612eb859d,TID_ALLIANCE_WAR_DATA_NOT_AVAILABLE,クラン対戦は現在準備中です。またお試しください。
a67f63191c5cd948,TID_ACHIEVEMENT_SPELL_DONATION,<number>スペース分の呪文を寄付する。
566c6b71a395b8ae,TID_LEAGUE_IRON2,アイアンリーグII
1b8336489137d774,TID_SHOP_SHIELD_1D,シールド（1日）
c473e3624a845c3d,TID_CLANGAMES_TASK_INFO_DESTROY_MV_WALLS,マルチプレイで通算<num>個の壁を破壊する。
b566c46fce3fb0f8,TID_ELECTROFIRE_WIZ_ELECTRO_MODE_UPGRADE_INFO,エレクトロモード時、標的1体につき毎秒<num>ダメージを与える
c7d13b9185089922,TID_DIAMONDS_GIFT_RECEIVED,クランギフトとしてエメラルドを1個、受け取りました！
6da54efda8886fb2,TID_REPLAY_SPEED,リプレイ速度：
1272ab1b83535d60,TID_LEAGUE_BRASS3_SHORT,ブラスIII
e881d8e0ed5775e9,TID_LEAVE_ALLIANCE_BUTTON,脱退
d8edacc4276bb5a8,TID_SINGLE_PLAYER_LEVEL_WARNING,この戦闘には、タウンホールレベル<number>以上が必要です。
992848682619eb9d,TID_IAP_NOT_AVAILABLE_OLD_GOOGLE_PLAY,購入を利用できません。Google Play Store アプリをアップデートする必要があります。
d053657cd4146f3b,TID_EVENT_BOOST_COLLECTORS,スペシャルイベント：全ての資源設備の生産を、施設1棟につき1エメラルドでスピードアップすることができます。
7a4ca331d94295fd,TID_NPC_CHALLENGE_TH10_BOBAT_BATWAVE,<c9916c8>コウモリの呪文</c>を使って<c54a0fe>コウモリ</c>の大群を召喚し、\n残りの防衛設備を素早く片づけましょう。
d25208c28504fef5,TID_BUTTON_RESET_NOW,もっともらう！
db03571bc270a801,TID_WAR_DATA_ERROR_INTERNAL,このクラン対戦の詳細を確認できません。あとでまたお試しください。
d9a6f48ed9531576,TID_TAB_MORE,その他
3cd78536cce75bf4,TID_NPC_CHALLENGE_TH7_DRAGON_BARBARIAN_KING,<c9916c8>バーバリアンキング</c>を配置して、\n<cf70d16>アーチャータワー</c>から<c54a0fe>ドラゴン</c>を守りましょう。
6f4c6c5d2fc072b2,TID_LAYOUTS_INCOMPLETE,レイアウトを完成させてください
0b112280aea886f6,TID_BUTTON_DONE,OK
1a32f799750d4eb0,TID_ZAPPY,ザッピー
8b3710e033f01eb6,TID_SPELL_FACTORY_VOUCHER_CLAIM_FAILED_UNKNOWN,何らかのエラーが発生しました。またのちほどお試しください。
597c3e8751a6abb6,TID_CANCEL_FRIENDLY_WAR_TEXT,フレンド対戦チャレンジを拒否しますか？このクランからのチャレンジは、しばらくブロックされます。
940da5feb32b6704,TID_NPC48,シャーベットタワー
e477584d9d969e3f,TID_FIND_SPELL_FACTORY,呪文工場に移動
8e0e62c501553821,TID_BP_ACTIVATE_BUTTON,入手
05dad103ec9e45be,TID_KNOCKBACK,押し返す距離：<number>マス
2a648537f293764b,TID_GEAR_RESOURCE_RARE,パープル鉱石
6108f8fa3ae88432,TID_TRAINING_SCREEN_ELIXIR,エリクサー：
971a7bed5ad81a44,TID_HINT_RESOURCE_UPGRADE_NOT_FUNCTIONING,金山やエリクサーポンプをアップグレードする場合、\nアップグレードが終わるまではその建物分の生産は止まってしまいます。
142ec12331fd47ba,TID_HASTE_INFO,ユニットを激怒させてより大きく、速く、強くしましょう！\n\nこの呪文は怒りの輪を作り出します。\n輪の内側にいる限り、味方ユニットは速度と攻撃力が上昇します。
e9a2f56e0b36382f,TID_COSMETIC_ESTATE_3X3_WOODEN_HOUSE,木の家
39337bfed00d4f8b,TID_LOCKED_ITEM_LEVEL,<item>（レベル<number>でアンロック）
b34b6a810cbc0905,TID_BUILDING_ELIXIR_STORAGE,エリクサータンク
bac8bebc3cbbedc4,TID_MAP_LOCATION_18,ワシの散歩道
225fa411c584661c,TID_FEEDBACK_MAIL_TEXT,\n\n\n---------以下は削除せず、そのまま送信してください。---------\n<tags>\n------------------------------\n
3143a0ae38250c0f,TID_CLANGAMES_TASK_DESTROY_BB_STARLABORATORY,星屑のごとく
389affdbcbba2373,TID_SPELL_RECALL_HOUSING,リターン可能なユニット数：<number>収容スペース分
8ef43bd34034b278,TID_SUPER_TROOP_ALREADY_ACTIVE,すでにブーストされています
ba500dd711a793bf,TID_LOCAL_NOTIFICATION_SHIELDS_WILL_DISAPPEAR,チーフ、村のシールドが消えてしまいました！
5f3586fd577231ed,TID_CAPITAL_HALL_LEVEL,都ホール<level>
b168e8c173f235f1,TID_HINT_BATTLE_LOG,戦闘ログ画面（封筒型のアイコン）を見れば、自分の村に対する攻撃を確認できます。
9d35fdd320a9d04b,TID_BATTLEPASS_TASK_INFO_WIN_BATTLES_USING_HOGRIDERS,ホグライダーを使い、マルチプレイで<num>回勝利する。
2e2f0677736f4e2e,TID_CLANGAMES_TASK_INFO_USE_SUPER_WALL_BREAKERS,<num2>体のスーパーウォールブレイカーを使い、マルチプレイで<num>個の星を獲得する。
0bab49ede630e3e5,TID_PRESET_SUPER_TROOP_ALREADY_INCLUDED,すでにスーパーユニットが部隊に含まれています
2ce2fdd80cfc710d,TID_NPC_CHALLENGE_TH12_YETI_GRAND_WARDEN,まず<c9916c8>グランドウォーデン</c>を投入しましょう。地上モードを使ってください！
57e6cb3e4e5a41b3,TID_JUNGLE_CHAMPION,ジャングル チャンピオン
447462077b95f8aa,TID_LOCAL_NOTIFICATION_EVENT_6TH_1_GEM_BOOST,6周年記念がやって来ました！資源の生産を2倍にしましょう！わずか1エメラルドで資源生産施設をブーストできます。
7b4a78b2588f0ea3,TID_FAQ_EXTERNAL_BUTTON,ファミ通App攻略情報
f2b13df364cb193e,TID_ADVANCED_SETTINGS,詳細設定
bf712c7eeba5e6a0,TID_FIND_CLAN_BUTTON,クランを見つける
bbea20c41f5c740a,TID_CLANGAMES_TASK_USE_SUPER_VALKYRIES,バルキリーの怒り
bb36059ed496efcc,TID_ERROR_POP_UP_CONNECTION_LOST,サーバーとの接続が\n切断されました。\nインターネット接続を確認して\nもう一度お試しください。
e91507812fc7af2d,TID_CLAN_WAR_LEAGUE_JOIN_BUTTON,リーグに参加
46b101ca408620f2,TID_ACHIEVEMENT_PVP_ATTACKS,マルチプレイで通算<number>回勝利する。
475aa0d339b690cd,TID_TUTORIAL_WAR_LEAGUE_15,それを使うと、とても強力な\nアイテムを購入できます。
53ce2b4ec2e664c4,TID_REPAIR_CLAN_CASTLE,クランに参加
bad2c3489293e195,TID_PRESET_SAVE_FAIL,部隊をセーブできません。もう一度お試しください
ac808f62049836dc,TID_ALLIANCE_ACCEPTED_BY,<name>が参加を承認
e1cb0e3740f505bb,TID_CHARACTER_INFO_SIEGE_MACHINE_LOG_LAUNCHER_SHORT,ローリングウッドを止めどなく発射します。
2ffdf368059870f9,TID_RAID_WEEKEND_CLAN_PROMOTION,<clan>が昇格しました
f12e5cbf4fd9dce0,TID_CLANGAMES_TASK_INFO_USE_SIEGE_BARRACKS,<num2>基の投下兵舎を使い、マルチプレイで<num>個の星を獲得する。
c3ea68061c295830,TID_FEATURE_HERO_GEAR_DESC,装備を選んで自分だけのヒーローを作り上げましょう！鍛冶屋でヒーローに好きな能力を付与できます。
b5225f0cfe996095,TID_GEAR_INFO_ETERNAL_TOME,グランドウォーデン自身と近くの味方ユニットに対するダメージを無効にします
4c1d44ad9ce74112,TID_SMITHY_INFO,魔法の鉱石を持っていけばヒーローの装備を強化してくれます！炉の煙を使っておいしいブリスケットも作るそうですが、あまり健康的な食べ物には見えません...
b6ec364432ca93f6,TID_TIGER_KING,旧正月 キング
3f92b51af6a8e9e1,TID_BOOSTER_MOVE_OBSTACLE_INFO,パワフルだけど壊れやすいこの魔法のシャベルを使うと、障害物を1つだけ動かせます。どちらの村でも使用可能です！
a689264473ac92ba,TID_CLANGAMES_TASK_USETROOP_MAINVILLAGE,1体の<troop>を使い、マルチプレイで星1個を獲得する。
55510d4c8e4f0278,TID_SIEGE_MACHINE_BALLOON_INFO,ロックボマーは空飛ぶ大きな岩山で、標的の防衛設備の上に岩を落とすと、地震を引き起こすほどの衝撃を与えます。なお、呪文の影響は受けません。
9c0f8898b82dc094,TID_TENCENT_REFUSE,拒绝
901d94722b937796,TID_SPELL_FACTORY_VOUCHER_CLAIM_FAILED_EXPIRED,クーポンの期限が切れています
8ca98abca1030cc1,TID_ICE_KING,アイス キング
92c8aaac0f566d3b,TID_SHIELD_ACTIVE,シールド発動中
6a3489fff739e0e3,TID_HEROES_FEATURE,ヒーロー
b9d72d02e3f31157,TID_VERSUS_BATTLE_TRAIN_ARMY,ユニットを訓練して、フレンドリー・チャレンジを始めましょう！
3cbf1a4c82be118b,TID_LIGHTNING_STORM_INFO_SHORT,1撃でも2撃でも、好きなだけ撃ち落としましょう。
92d66d98fe1c7149,TID_LINK_TARGET_IOS_BUTTON,iPhone、iPad、またはiPodに\n関連づける
353f07d3dd241188,TID_GOLD_PASS_PURCHASE_INFO_SCID,今シーズンのゴールドパスを入手すると\n上の報酬をアンロックできます。
d51ae42a74f56302,TID_FINDING_RAID,検索中
baa4e53c300cd8a4,TID_RESULTS_FOR_LAST_RAID_SEASON_ARE_STILL_BEING_PREPARED,週末合戦の結果は現在集計中です
60e190716c846ead,TID_CAPITAL_RAID_ALL_ATTACKS_USED,残りの攻撃回数がありません
70edf0e7712e9e24,TID_ACHIEVEMENT_WL_STARS_COMPLETED,クラン対戦リーグの戦闘で獲得した星の数：<value>
ac4514447109c5b0,TID_TENCENT_DOLPHIN_DOWNLOADING_70,安装包更新
3927ed85019eea84,TID_MAP_LOCATION_5,凍てついた湖
2034d1c9925e15c3,TID_LOCAL_NOTIFICATION_YOUR_ARMY_IS_READY,軍団の戦闘準備が整いました！
628bec8dfe754de3,TID_CAPBUILD_BARRACKS_MINION,ガーゴイルの兵舎
f0d7be305f8715a8,TID_REMOVE_SHIELD,シールド解除
9e7f933a789ee264,TID_MONTH_10,10月
fa1cc7f0b4d7b3ba,TID_HASTE_INFO_SHORT,ユニットたちの内なる怒りを呼び覚まし、移動速度と攻撃力を上昇させます！
ceba327da6212e09,TID_NPC50,2代目ゴブリンキング
6493076f89e6ae8a,TID_CAPITAL_PLAYGROUND_JUMP_3,ただし、崖や広い水面を飛び越えることはできないから、注意するように。
9e4d6f7c78739a03,TID_CHARACTER_INFO_GOLEM_SEC,小型ゴーレムはゴーレムから生まれます。ゴーレムが破壊されると小型ゴーレムになり、戦闘を続行します。
9b98045c892aa7d8,TID_DISTRICT_LAYOUT_LOCKED,<player>がレイアウトを編集中です。
6a70de6219ef0007,TID_CHARACTER_INFO_TOXIC_MINION_SHORT,闇夜にきらめく緑の光！その攻撃ももれなく緑色に輝きます。
1fd0c0aa554efb5d,TID_CLANGAMES_TASK_DESTROY_CANNONS,大砲つぶし
c1ff939872234f63,TID_MONTH_4,4月
3729a1a3082a1d0b,TID_LEADERBOARDBANNER_PLAYER_NO_TOP_3,レジェンドリーグトーナメントの勝者がここに掲載されます！
794f04e3746f1790,TID_CLANGAMES_TASK_INFO_WIN_STARS_WITHOUT_SPELLS,マルチプレイで、呪文を使うことなく星を<num>個獲得する。
e7dd71ce907579d1,TID_BOMBER_ABILITY_HELP,2回バウンスし、着地するたびに<num>ダメージを与える
2d9fb0cfe7d38e28,TID_BP_PERK_SAVINGS_MULTIPLIER_BB,大工のシーズン資源増量
321355664b7aabdc,TID_CHARACTER_INFO_HOG_GLIDER,空を駆ける真のライダーです。壁の上を優雅に飛びますが、操縦はまだまだ苦手なようです。
8d712fe4908ce25f,TID_XP_TEXT_HAYDAY,90カ国でランキング一位を獲得した\n超人気ゲームがついに日本でリリース！\nスーパーセルからの新作を今すぐ遊ぼう！
07e0cd6d2c3c1c1e,TID_SHARE_REPLAY_FAILED2,リプレイは共有済みです
6d82f760ed405a2b,TID_ADD_FRIENDS_INFO_REQUESTS_ANDROID,プレイヤープロフィールから、ゲーム内フレンドに追加しましょう。\nSupercell IDのフレンドは、ログインすると自動的に表示されます。
0d32b0e892d73530,TID_EP_REWARD_CLAIMED,この報酬はすでに回収済みです。
8b334540257cb283,TID_PREVIOUS_ARMY,前の部隊
38dc9ee790771ee3,TID_WL_LEADERBOARD_BRACKET_POS6,グループ6位
acf8d84161c03726,TID_REJECT_FRIEND_CONFIRMATION_TITLE,フレンドリクエストを拒否しますか？
191ff37fe0b82da6,TID_TRANSITION_WAR_PREPARE,準備日
e1b0051a9e7b8d42,TID_AUTOMATED_ALLIANCE_MAIL_SENDER_NAME,自動送信メール
8f02f0314ff88666,TID_LEADERBOARDBANNER_PLAYER_NO_HISTORY,前回のトーナメントではレジェンドリーグ入りした強豪がいませんでした。
a97faa5a7ab6ef81,TID_WL_SELECT_BONUS,選択
c9de68840b1f2799,TID_UPGRADE_UNITS2,ユニットのアップグレード
8783a29720b56ae0,TID_POPUP_CANCEL_CONSTRUCTION_TITLE,建設をやめますか？
10478b57a1c17a82,TID_SIEGE_MACHINE_INVISIBLE,
b16e3b79fb534bea,TID_CLANGAMES_TASK_USE_ICEGOLEMS,氷結の猛攻
ac8aaa1e8742cfa8,TID_PRIVACY_CONTROLS_BUTTON,プライバシー設定
1e0491b777110fd9,TID_EVENT_TIME_UNTIL_START,開始まで：
4f447bec1c1d7ca5,TID_OBSTACLE_HALLOWEEN2016,怖いカボチャ
145c2f030711523f,TID_EDIT_MODE_BLOCKED,障害物がある場所に建っている施設や設備を、インベントリに移動しました。
2db12360fcbf8b43,TID_NPC_CHALLENGE_TH10_BOBAT_WALL_BREAKERS,<cf70d16>ウィザードの塔</c>を攻撃できるように、壁を壊しましょう。<cf07bf8>レイジの呪文</c>を使えば、<c54a0fe>ウォールブレイカー</c>が\n壁に与えるダメージが増加します！
fd3ef8ecfd7becff,TID_UPGRADING_TOWN_HALL_FIRST,先にタウンホールをアップグレードする必要があります。
09a44a38ef4565ec,TID_CLANGAMES_TASK_USE_BARBARIANS,バーバリアンバトル
1a14af03c16d3eff,TID_BP_PERK_MAXIMUM_QUICK_DONATE,1エメラルド寄付が有効
b7da21e4d42a3a2c,TID_CLANGAMES_TASK_INFO_USE_HOGGLIDERS,<num2>体のホググライダーを使い、大工の拠点戦で<num>個の星を獲得する。
650813d61808af6f,TID_MOVING_CANNON,移動砲台
41438adb3fea5256,TID_SHOP_MERGE_BUILDING_DISCLAIMER,2つの建物が合体して新しい建物になります。一度合体させるとやり直しできません。
e7b5cbb734d7b997,TID_BUTTON_TRY_AGAIN,もう一度プレイ
fd7f7a1e90a689ae,TID_DECO_SCARECROW,カボチャのカカシ
b70610042a6f9c11,TID_CHALLENGE_NOT_AVAILABLE_IN_MODE_SCOUT,ホームに戻らないと偵察できません！
0203058b91be3f16,TID_START_WAR_FAILED_PENDING_REQUEST_EXISTS,保留中のリクエストがあるため、対戦を開始できません
dc47e54ea90eff1c,TID_UPGRADE_COUNT_LIMIT_HIT,<c2>このタイプの建物は、これ以上アップグレードできません</c>
9abb2826db545b23,TID_BOOSTER_LAB_OFFER_INFO,研究ポーション<num>個 - ラボの研究速度が<time>にわたって<multiplier>倍になります
a0e7e3849ea7d722,TID_LAYOUTS_ALREADY_ACTIVE,現在使用中のレイアウトです
13c80888bc1acedd,TID_WL_COLUMN_POSITION,順位
6ba0ee7c113be776,TID_TOWN_HALL_LEVEL_TOO_LOW_2,ビルダーホールのレベルを<number>までアップグレードしてください！
00379345a1ae4633,TID_FULL_ARMY_REQUIRED_V2,攻撃には部隊が揃っている必要があります！
6ab16f0774f00362,TID_TUTORIAL_OWN_HOUSE_2,あんたの好きな色は知らんが、とりあえず茶色に塗っておいたからな。
32f8c8452dee6b9c,TID_CHARACTER_INFO_SIEGE_MACHINE_CATAPULT_SHORT,遠距離から敵陣を火の海にします。
616b17e5ae5dfdfb,TID_NEWS_BUILDER_GONE,そういえば、大工を見ませんでしたか？
62b8cfeeaa563b06,TID_INFO_TARGET_TYPE_UNITS,ユニット
8691335e1e615c27,TID_CAPBUILD_MULTIMORTAR_INFO,射程の長い範囲攻撃を続けて行い、命中率を最大限に高めています！
6236d93b03e00782,TID_BATTLEPASS_TASK_INFO_WIN_BATTLES_USING_RAGEDBARBARIANS,<num2>体のレイジバーバリアンを使い、大工の拠点戦で<num>回星1つを獲得する。
8c8a57bd53860ca1,TID_CHARACTER_INFO_WIZARD2,この伝説級のウィザードは、強烈な氷のかけらで敵の防衛設備をスロー状態にします！\n\n限定期間のみ使用可能です。
12efaf27b1439f30,TID_PTE_PERK_RESEARCH_BOOST_DESC,ラボにおけるユニット、呪文、突破兵器の\nアップグレードに必要な資源と時間が<num>％減少します。
60ae0aeca00979fe,TID_NPC_CHALLENGE_TH13_HYBRID_HOGS,<c54a0fe>ホグライダー</c>を投入して<c54a0fe>ディガー</c>を支援しましょう。
0ef01d29131dff45,TID_GEAR_INFO_SEEKING_SHIELD,投げたシールドが複数の防衛施設に跳ね返ってダメージを与えます
1fb3719dd15d3bd4,TID_PRESET_EMPTY,部隊がありません
8bc37e07a9313c7b,TID_ALLIANCE_CREATE_NAME,クラン名：
157a2a604a78e45b,TID_MASTER_BUILDER'S_RETURN,マスター大工の帰還
dd8fc395d61d53e6,TID_TREASURY_DESCRIPTION,クラン対戦と星ボーナスで得た戦利品は宝庫の中で安全に守られます。タウンホールをアップグレードしたりクラン特典を受け取ると、宝庫に保管できる資源の量が増えます。
5960895e931fc747,TID_DIAMOND_BUNDLE_BUILDER_BASE_HERO_PACK,大工の拠点 ヒーローパック
f99fa95eaf298d65,TID_WL_BONUSES_GIVEN_TO_STREAM,<people>に対戦リーグボーナスを支給しました
e88ef9c734866b9e,TID_ALLIANCE_WAR_BATTLE_XP,攻撃の成功により<xpnum>クランXPを獲得
69fabe26f8a19c5f,TID_POPUP_HEADER_ABOUT_TO_BOOST,生産量を一時的に上昇させます
e71fb1b29677c3c4,TID_TITLE_CLAN_MAIL_SEND,メール送信
fa6b75ddfbfb7f8a,TID_RESERARCH2_SWIPE,左右にスワイプして他のアップグレードも見てみましょう
84663d9730c3eb92,TID_BOOST_TIME_LEFT,残り時間
da90b969d3c819d8,TID_CHARACTER_APPRENTICE_WARDEN_INFO_SHORT,多忙なグランドウォーデンに代わって力を貸してくれる、魔法使いの卵です。
8dde394f8ad4de2b,TID_CREATOR_TAG_BEING_SENT,コード送信中...
a3dc8178641dab10,TID_BUY_SHIELD_HEADER,シールドを購入しますか？
c67c5dc1e5f27999,TID_REQUESTED_FROM_CLAN,もらったユニット
c6ffef72531060bb,TID_NPC_CHALLENGE_LOON_3,まずは、空中ユニットを攻撃する\n防衛設備を破壊しましょう！
4c8786b8b8930054,TID_CLAN_GAMES_LEAVING_SOON_REWARDS,クランゲームは間もなく終了します。いますぐ報酬を受け取りましょう！
125c7c50bfcfd209,TID_REQUEST_TO_JOIN_NEW_CLAN_WHILE_IN_CLAN_TEXT,参加リクエストが承認されると、現在のクランからは脱退することになります。よろしいですか？
f61bf90556802891,TID_WL_INFO_SIGNUP_TITLE,クラン対戦リーグ
651c20a73f91ff38,TID_DEVICE_LINK_ERROR_CODE_ERROR_0_TITLE,エラー発生 (100)
e289fbb9898afa7e,TID_ABOUT_FACEBOOK,Facebook
1c4bd3fd66c458c4,TID_POWER_BOOST_INFO,ユニットと呪文をタウンホールの最大許容レベルにレベルアップします。
526c0c41307fb971,TID_FRIENDLY_WAR_CHOOSE_NEW_LAYOUT,使うレイアウトを選んでください
184f6ce0aa88ad6e,TID_HUD_ATTACKER,攻撃側
461ac75a1e6c1b9a,TID_ERROR_NAMES_DONT_MATCH,名前が一致しません。もう一度お試しください。
b1d9c7408ad7c7e5,TID_WAROPTIN_TAKE,参戦
2ae8bdcec11ccd52,TID_PET_SPIRIT_FOX,スピリットフォックス
0fe874c2d8b61183,TID_STARTER_TH5_BUILDSPELLFACTORY,マジックムーブ
d2035a0117d024f1,TID_PLAYER_PREFERENCE_NO_INVITES,招待を受け取らない
c4dc9360135c7864,TID_DUPLICATE_SPELL,クローンの呪文
575327b93b632827,TID_SETTING_SHOW_LEADERBOARDS,ランキングに表示
6bf1dd16f4f6debc,TID_ALLIANCE_WAR_PLAYER_ON_WAR_COOLDOWN,次のクラン対戦に参加できるまで
bb70277a56246b6c,TID_BOOSTER_FINISH_TROOP_UPGRADE_OFFER_INFO,戦いの本<num>冊 - 実行中のユニットアップグレードを瞬時に完了します
f51479e33116b03e,TID_SUPER_WITCH_ABILITY_NAME,ビッグボーイ
628f02509592a853,TID_FEEDBACK_BUTTON,問題を報告
389e486f53691479,TID_BUILDER_HALL_1_INFO_SHORT,海の向こうの地で新たな冒険が始まりました。ここは、マスター大工の住処でもあります。
46e74c6d7047bea2,TID_REVENGE,リベンジ
ee288a24a94ea4ec,TID_EARTHQUAKE_INFO_SHORT,地面を揺らして、敵陣に亀裂を入れます。
feb6900d02c958d9,TID_PIRATE_WARDEN,海賊 ウォーデン
84457fd04227639c,TID_PRIZE_SHOP_ITEM_PURCHASED_INVENTORY,<item>をインベントリに追加しました
2a1a917077e399f7,TID_NO_SHIELD,シールドなし
b7f20c969bb20ab0,TID_CLANGAMES_TASK_INFO_WIN_STARS_VS_TOWNHALL_7,マルチプレイで、タウンホールレベル7のプレイヤーから星を<num>個獲得する。
9a28012bc65935a5,TID_BB_STAR_BONUS_POPUP_TEXT,獲得した星ボーナス：
59872972071b65a0,TID_NPC_DEPLOY_STEPS_OFF_TITLE,準備はいいですか？
fbea92456ac0c44e,TID_DIAMOND_BUNDLE_BH6_INFO_ALT,• <gems> エメラルド\n• <res0> エリクサー\n• <res1> ゴールド\n\n収容量制限なし！\n\nこの<cffec78><value>倍バリュー</c>は、1度限りの特別提供となります！
99cf83e379e4157e,TID_NEWS_UPDATE_TITLE,強くなった呪文 & クラン対戦のタイブレーク！
b5de2418bcd9be39,TID_BATTLEPASS_TASK_INFO_USE_SNEAKYARCHERS,スニークアーチャーを使い、大工の拠点戦で<num>個の星を獲得する。
e4f6a51805f435df,TID_EDIT_MODE_ERASE_OFF,削除オフ
3631cfbdd2f83a0a,TID_TUTORIAL_RAID_WEEKEND_3,この都に勝利すると、また別の対戦相手が選ばれる。週末が終わるまでは、その繰り返しじゃな。
b0290c2c3ad3db98,TID_STREAM_EVENT_KICKED,<name>にクランからはずされました
6c5f7f41cbeb3a9d,TID_ACHIEVEMENT_LOOT_CAPITAL,合戦での攻撃で<number>都ゴールドを獲得する。
f0525df92112cd18,TID_GRAND_WARDEN_GLADIATOR,剣闘士 ウォーデン
77f32b8615134ac5,TID_MISSION_REWARD,報酬：
ba717878f919ea69,TID_SPELL_FACTORY_VOUCHER_CLAIM_SUCCESS_TEXT,<message>
f1079d11063d4aad,TID_TOWNHALL_LEVEL,タウンホールレベル<level>
bb0c3a763ae2f2b9,TID_WITCH2_ABILITY_NAME,コウモリの群れ
e431a273d0a6b7b4,TID_ATTACK_FAIL_LEVEL_DIFFERENCE,レベル差が<level>より大きいため、攻撃できません。
5a08aff7ec4c5155,TID_DIAMOND_BUNDLE_MAGICITEMS_HERO_BOOK_WITH_RESOURCES_INFO_OLD,• ヒーローの本<booster1>冊\n• <res0>ダークエリクサー\n• 収容量制限なし！\n\nヒーローの本を使って、どんなヒーローアップグレードも瞬時に完了しよう！！\nこの初回限定<cffec78><value>倍バリューチャンス</c>をお見逃しなく！
07e73a499e69ce98,TID_INFO_NO_TAG,ラベル未選択
bd2aa6794ed46358,TID_DISTRICT_LAYOUT_UPDATED,<player>がレイアウトを変更しました。地区を再度読み込むと、変更が反映されます。
145e91d8a58a4ea1,TID_BUTTON_ATTACK_MODE_AIR,空中
69bb8c92142a8775,TID_STARTER_TH3_UPGRADEELIXIRSTORAGE,蓄えあれば憂いなし
2080c81d199c0c58,TID_WL_LEAGUE_RESULT,シーズン結果
2964126601177a5d,TID_BATTLEPASS_TASK_WIN_STARS_USING_BAT,群れの季節
e5e6c9109fe37255,TID_CAPITAL_RAID__WEEKEND_STARTED_NOTIFICATION,週末合戦が始まりました！敵のクランの都を攻撃して勝利を掴みましょう！
fc874598696549d6,TID_DIAMOND_BUNDLE_TH5_UPDATED_INFO,• ウィザードの塔（レベル2）\n• <res0>ゴールド\n• <res1>エリクサー\n\n収容量制限なし！\n\nこの初回限定<cffec78><value>倍バリューチャンス</c>をお見逃しなく！
983a473505030b56,TID_OBSTACLE_HALLOWEEN2017,ハロウィン障害物
e0cdccdee00deeee,TID_EVENT_BOOST_GEM_AMOUNT,1x
e6e91392a0ff1fd2,TID_SPEED_UP_DUEL_CONFIRMATION,今すぐ大工の拠点戦ボーナスをアンロックしますか？
1f6fa6e8f64bc594,TID_SPELL_ALREADY_AT_MAX_LEVEL,この呪文はすでに最大レベルです！
c470bacfa7a901ad,TID_LEAGUE_TITLE1,リーグには入っていません！
1fdd53ca33a9a271,TID_SCENERY_CHAMPION,チャンピオン
8f60545add745280,TID_BOOSTER_SUPER_POTION,スーパーポーション
1f60d92a5316572f,TID_ACHIEVEMENT_LOOT_DARK_ELIXIR_COMPLETED,戦闘で獲得したダークエリクサーの総数：<value>
9f18ecfe8a12672f,TID_SUMMER_KING,サマー キング
650a800695073ce4,TID_BUILDING_ARTILLERY,イーグル砲
9b9aa12a51a6ce0f,TID_WAITING,待機中
425b53b4bf9c9001,TID_ERROR_POP_UP_WRONG_CLIENT_VERSION_TITLE,ゲームのアップデートを\nダウンロードできます！
8e5c9257157af043,TID_TENCENT_DOLPHIN_ERROR_5,模块其他错误，请重启手机重试。
eb2cda915b62c5f6,TID_LEAGUE_SILVER,シルバー
5af8198a69bc25ad,TID_ARCHER_QUEEN,アーチャークイーン
50ed56291907c1a9,TID_NEWS_ECONOMY_TEXT,\n• 一部のユニットの訓練時間とコストが減少しました。\n• 一部の呪文の生成時間とコストが減少しました。\n• 一部のユニットと呪文の訓練や生成にかかる時間とコストが減少しました。
f7d3ccb42fd09267,TID_LAYOUTS_ACTIVE_WAR_BASE,クラン対戦拠点で使用中
f98ca0d4b92a66d8,TID_GEAR_RESOURCE_GENERIC_INFO,魔法の鉱石を鍛冶屋に渡してヒーローの装備をアップグレードしましょう！
b5a11ff6f7b6a18f,TID_ACHIEVEMENT_DESTROY_BUILDER_TITLE,組合つぶし
1e4df230f3e1d227,TID_CLAN_GAMES_THEME_WEEKENDGAMES,ウィークエンド\nゲーム
d86733efecb73bcf,TID_WL_STATS_SELECT_WL,クラン対戦リーグ
30fc0763b897ad39,TID_BP_PERK_AUTO_FORGE,自動造幣スロット
cfae958fbf714452,TID_ASSIGN_PET,ペットの割り当て
e249ab3f37d4bdfd,TID_REENGAGEMENT_APOLOGY_4,よくぞお戻りくださいました！！！
d6bfaa0d5e7d7a3b,TID_POPUP_HALLOWEEN_EVENT_END_TITLE,禁断の合成実験イベント終了！
2aaeff64c214e5d0,TID_CHAMP_WARDEN,チャンピオン ウォーデン
510744491d868c92,TID_MAKE_SCENERY,Supercell Makeの背景\n\n制作者：\n<cff8000><CREDIT></c>
d6325f02260799c2,TID_REPLAY_FAILED,リプレイの表示で問題が発生しました。
2177e080f86f4720,TID_INVALID_WAR_MEMBERS_COUNT,選択中のメンバー：<num>
fd76cd12fef5c574,TID_NPC75,ドラゴンの巣
6897cc3128bd9838,TID_FEEDBACK_BUTTON1,購入時の問題
92d490516993f76f,TID_BATTLEPASS_TASK_WIN_BATTLES_USING_WITCHES,ネクロにおまかせ
fe80b6cfde2febce,TID_NPC10,ゴブリンタウン
b68278ffaf2cf7ae,TID_ALLIANCE_BUTTON_SEARCH,探す
5b413255b17a7e3f,TID_DIAMOND_BUNDLE_BH7_INFO_ALT,• <gems> エメラルド\n• <res0> エリクサー\n• <res1> ゴールド\n\n収容量制限なし！\n\nこの<cffec78><value>倍バリュー</c>は、1度限りの特別提供となります！
0e4b907276db0e4a,TID_LINK_SAME_PLATFORM_TITLE_TENCENT,アカウントの同期
0e6887594fd88245,TID_DECORATION_SHORT_FILM_STATUE_INFO,2人の兄弟には偉大な物語がありました。
23aac10dc0cec0e8,TID_CHALLENGE_ATTACK_CODE,攻撃コード：
b99e582ad775a7ea,TID_DARKTOWER_AMMO_ALREADY_FULL,インフェルノタワーはもう満タンです！
13bc4e3524fdddad,TID_TUTORIAL_MAGICITEMS_2,危険なものでしょうか？強い力を秘めているようで、光っています！
0c2fadcae0c552cc,TID_ADVANCED_MEGA_TRAP_INFO_SHORT,特大の爆弾... まさに常軌を逸したトラップです！
2ec1241cfc089b4a,TID_DIAMOND_BUNDLE_TH9_INFO,• <gems>エメラルド\n• アーチャークイーン\n• レベル1巨大クロスボウ\n\n建設時間なし！\n\nこの<cffec78><value>倍バリュー</c>のパックは、1度限りの特別提供となります！
9c682e10ab2b6a7a,TID_TUTORIAL_PETS_3,アップグレードすれば、さらに心強い\n味方になってくれますよ。
5b69a6b5b59653d3,TID_BATTLE_PASS_SEASON_END_TEXT,獲得した報酬：
36a3f53b1da77e33,TID_CHALLENGE_TH11_LAVALOON,もっとラヴァルーン
de0deaf5ed7f3a41,TID_ALLIANCE_WAR_PREPARED_HEADER_FRIENDLY,戦闘態勢に入ったクランの仲間：
e5c8d939b3043ff7,TID_CLAN_GAMES_THEME_AUTUMN,秋季ゲーム
b8b10eb0511e73ec,TID_ALLIANCE_CREATE_TYPE,クランのタイプ：
06aea1f9809f4dc9,TID_MOVE_MASTER_BUILDER_ERROR_VILLAGE_BB,マスター大工は現在、自分の村にいます
b5dcd857f7fe09b4,TID_BATTLEPASS_TASK_WIN_BATTLES_USING_DROPSHIPS,無茶な作戦
8c2509e5be803ef1,TID_RAGE_TOWER_SHORT,レイジ
cb2be59c426c8f18,TID_CLANPERK_DESC_DONATION_UPGRADE,寄付のアップグレード：
ec3302cf7da5f62c,TID_CHARACTER_BIG_BOY,ビッグボーイ
b95bcc404612d882,TID_NPC39,究極の選択
39a9138aef9aa86b,TID_ELIXIR_SHOP_PACK,エリクサー<number>
c6534d64807c6bdc,TID_LEAGUE_CLAY2,クレイリーグII
8a721f0b3b038714,TID_STREAM_SENDER_YOU,あなた
abdd4ded483c44f4,TID_LANGUAGE_OTHER,その他
f68e16c61bf58ef1,TID_BP_TITLE,シーズンチャレンジ
9d0046a77188d61c,TID_TOWN_HALL_6_INFO_SHORT,健康診断の時間です。
e5aa083115ff8148,TID_TUTORIAL_WAR_LEAGUE_9,次に全体像を見てみましょう。\n下のボタンをタップしてください。
2ce140bf25461978,TID_TUTORIAL_SEASON_CHALLENGE_2,今後は、新しいチャレンジや\n報酬が毎月登場します！
bd12a43e04a41646,TID_BUILDING_LABORATORY,ラボ
1669da0ac9738353,TID_CHARACTER_INFO_WARLOCK_SHORT,スケルトンを一斉に召喚しましょう！
e94e57d2d2114ecb,TID_CLAN_GAMES_REWARDS_IN_TREASURY,報酬はクランの城に届いています。
38dd459620771ee3,TID_WL_LEADERBOARD_BRACKET_POS7,グループ7位
218cca7946f8efef,TID_NPC_CHALLENGE_TH11_EDRAG_BALLOONS,最後に、<c54a0fe>エアバルーン</c>を投入します。
65f7988e34dff1bb,TID_EVENT_CHRISTMAS_UNIT,期間限定クラッシュマスイベント：アイスウィザード
eb68cd20049a2c7f,TID_SHOW_SEARCH_OPTIONS,表示
4c6c5e7717c6e992,TID_BOOSTER_BUILDERS_INFO,大工が緊急の徹夜作業にそなえて作り出した強力なドリンク剤で、仕事のスピードが<time>にわたって10倍になります。自分の村でのみ使用可能です！
37ba5028ae29c16c,TID_ALLIANCE_WAR_ATTACK_CONFIRM,攻撃しますか？
573c261822f59934,TID_BATTLEPASS_TASK_WIN_BATTLES_USING_BOMBERS,もはや壁などない
a416b59e6b034855,TID_CAPITAL_RAID_DISTRICT_STILL_LOCKED,この地区はまだ攻撃できません
eb7ecedcdaff0f6b,TID_WAR_SEARCH_CANCEL,検索を中止します...
9b2c7c28cd76b5da,TID_STAR2,ワンダフル！！
96af28a0df0a440d,TID_HALLOWEEN_2016_TITLE,
ac4bd669a963da3c,TID_DARKAGES_QUEEN,中世 クイーン
9b53e2c7568d4ec6,TID_SPEEDUP,ヘイストの呪文
3c036ee299094c9e,TID_ERROR_BOOKMARKS_FULL,ブックマークが多すぎます！1つ削除してから、新しいクランをブックマークしてください。
2e0c1ff695438343,TID_ACHIEVEMENT_ACTIVATE_SUPER_TROOP,スーパーユニットを<number>回ブーストする。
5fc00fc50fd0efa6,TID_AIR_DEFENSE_SMALL_INFO,小型のロケットをまとめて打ち出して、空中の敵を追い散らします！電気虫取り器をかわいらしくしたようなものです。
7dcdeaef1410cbe0,TID_CLANGAMES_TASK_DESTROY_WARDENALTARS,グランドウォーデン祭壇を破壊
ff86e0175b62d8ba,TID_LOCAL_NOTIFICATION_EVENT_SPECIAL_SPELL,チーフ、期間限定のスペシャル呪文が登場しました！
ea599ea2bd51bd66,TID_BLACK_FRIDAY_PACK,ブラックフライデーパック
bebdf6c480eafd75,TID_ACCOUNT_LOCKED_TITLE,アカウントがロックされました
99e2b167d77e66bb,TID_EPIC_MAGIC_SCENERY,壮大なマジック
53fd0fdb6f921b46,TID_NUMBER_EIGHT,8
d34ab3fc6bbbbaa6,TID_BOOSTER_FILL_DARK_ELIXIR_STORAGE,ダークエリクサーのルーン
b3cb6d2afc13c55e,TID_NPC_CHALLENGE_TH8_GOWIPE_SUPPORT_PEKKAS,<c54a0fe>P.E.K.K.A</c>を配置して、\n村の中心へ攻め込みましょう。
b7fabe6b562e39b5,TID_SKIN_PREVIEW,スキンプレビュー
927a45e763c74601,TID_TUTORIAL_WAR_MAP_ENEMY_3,辺り一帯を見てまわってから、対戦拠点に戻りましょう、チーフ。
1bc787fdd1b72e8f,TID_REGULAR_THEMED_BATTLE_OFFER_INFO_TH0206_1999,• <res0>ゴールド\n• <res1>エリクサー\n• パワーポーション<booster1>個 - ユニットと呪文が1時間にわたってタウンホールの最大許容レベルになります\n\n• 収容量制限なし！\n• このパックの購入は表示の期間内に3回限りです\n• この特別セールでクランを壮大な戦いへといざないましょう！
1f4c371978a0f568,TID_SHOP_CATEGORY_BUILD,建物とトラップ
2ad5768f3f98aacc,TID_TRAP_TIMETRAP,タイムトラップ
dffb4d7fe9372899,TID_CHARACTER_INFO_BABY_DRAGON2,かわいくてモフモフで、かんしゃくを起こしては火をまき散らします。そのハチャメチャな破壊活動は本当にかわいらしいものです。
24541f75875b6d4a,TID_PRESTIGE_VERSUS_TROPHIES,名声
dced66e2d54a99c1,TID_START_WAR_FAILED_NO_RIGHTS,他のクランに宣戦布告できるのは、リーダーかサブリーダーだけです！
a5b7a0371b214025,TID_TUTORIAL_RAID_TEASER_2,しかるべき時が来たら週末合戦に参加できるから心配するな。
a4c01b6a63c9c322,TID_CLANGAMES_TASK_INFO_DESTROY_BB_ELIXIRSTORAGE,大工の拠点戦で通算<num>個の<building>を破壊する。
ccbc1497df5de1ec,TID_XP_TITLE_HAYDAY,ヘイ・デイを遊ぼう
c0288a305370d5dd,TID_TRANSITION_WAR_START,戦闘日
f3bd711f826ea4a3,TID_UNLOCK_GEAR,装備をアンロック：
eeeb518ed9967699,TID_REGULAR_THEMED_BATTLE_OFFER_INFO_TH0712_999,•<res0>エリクサー\n• 戦いの本<booster1>冊 - 進行中のユニットアップグレードを瞬時に完了します\n\n• 収容量制限なし！\n• このパックの購入は表示の期間内に4回限りです\n• この特別セールでクランを壮大な戦いへといざないましょう！
77095c0672f01765,TID_GIANT_SKELETON,巨大スケルトン
f66a4d8a8c9f96f7,TID_NAME_TOO_SHORT,名前が短すぎます！
9ac756f717054405,TID_EVENT_CW_INFO,クランを2倍速でレベルアップしましょう！\n\nこのイベント中に実行されたクラン対戦では、2倍のクランXPを獲得します。
c6a38f4c67283569,TID_DECORATION_LEAGUE_III_STATUE_INFO,チャンピオンに迫りつつある、真の力を持つ者にのみ与えられる像。
709f74b9a243024c,TID_SETTINGS_DARK_CLOUDS,マッチ検索中に黒雲を表示
a4458a5a47d94f19,TID_CLANGAMES_TASK_INFO_DESTROY_SCATTERSHOTS,マルチプレイで通算<num>個の投石機を破壊する。
19074c8ffeeee973,TID_CLOCKWORK_KING,メカ キング
0498c6695c567b22,TID_PLAYER_TAGS_SELECTED,<num>/<max>
83063bf47ee38a8c,TID_TH15_KING,マジック キング
fca8e6ce58b2ed5d,TID_ACHIEVEMENT_DONATE_UNITS_TITLE,助っ人参上
65c47476450fa270,TID_ALLIANCE_DEFAULT_JOIN_REQUEST_MESSAGE,あなたのクランに参加させてください！
d8a47e1fce0b3879,TID_ALLIANCE_WAR_TOTAL_LOOT_STOLEN,奪われた戦利品の総数：
6401495dced1cc45,TID_UPGRADE_TH_NOT_RECOMMENDED_TITLE,アップグレードの前に...
1609df97c9fc8eaa,TID_GEAR_INFO_EARTHQUAKE_BOOTS,強力な地震を引き起こして壁を破壊し、建物にダメージを与えます
21412fbd372c858e,TID_LEAGUE_COPPER4,コッパーリーグIV
69c5d4cd5a715569,TID_BUTTON_COLLECT,回収
2469317371038d9b,TID_ARRANGED_WAR_REQUEST_SENT,対戦リクエストを送信しました
ab5d7909b85940e1,TID_SPELL_DAMAGE_PERCENT,ダメージ：<number>％
87d10574aaaa3986,TID_STAR_BONUS_BONUS_TEXT,現在所属しているリーグでの星ボーナス報酬：
6c1ac805fda6a5a7,TID_NEWS_UPDATE_OTHER_TITLE,バランス改善
6494eb5129113282,TID_ALLIANCE_WAR_ENEMY_CLAN,敵クラン
85129b84d1e0fd6a,TID_CAPITAL_REWARD,合戦メダル
a0553aecb5e1a111,TID_NO_CLAN,クランなし
394af4250e631603,TID_COSMETICS_TIER_3,<ce86fff>レジェンド</c>
93d67c6a2e7dcad0,TID_VILLAGE_OBJECT_SHIP,船
f2aa8eb370bcc2e5,TID_ALL_CAPITAL_UPGRADES_DONE,可能なアップグレードはありません
fc7fe21364e6a913,TID_SENT_WAR_REQUEST_TO,<clan>に対戦チャレンジを送信しました！
82f1ef8d04aab6f2,TID_WAR_STATS_HEADER_WAR_STATS,攻撃データ
dc68397f711bd621,TID_POPUP_NO_UPGRADE_SLOTS_HEADER,ラボに空きがありません！
625e66a4ba71c321,TID_LEAGUE_TITANIUM1_SHORT,チタンI
14744a3eb120d789,TID_ALLIANCE_GAMES_ENDING_IN,残り時間
bfeb8cae47bacecf,TID_SPELL_OVERGROWTH,
30978ac9a51432b8,TID_ACHIEVEMENT_DESTROY_MORTARS_COMPLETED,破壊した迫撃砲の総数：<value>
4073585d55e5411f,TID_LOCAL_NOTIFICATION_EVENT_XMAS_3,チーフ！クラッシュマスもいよいよ終盤です。アイスウィザードを訓練しましょう！
b6667e802f91baee,TID_DIAMOND_BUNDLE_BH3,ビルダーホール3パック
14b8efaba7eb058a,TID_CLAN_BADGE_LOCKED,クランをレベル<num>にアップグレードして、このアイテムをアンロックしましょう！
7f4484d63a927c10,TID_DECO_RUIN_DESC,デコレーションのセットです。移動または収納する場合は、廃墟を修復してください。\n\n修復は<building>レベル<level>から可能になります。
cdfa61d4f398bc5f,TID_SETTINGS_TROOP_REQUEST_HELP,「オン」にすると、あなたが寄付できる援軍リクエストのみが表示されます。
9cb0cdbef4de9923,TID_STONE_PATH,石の道
d9fe24dc0acc4404,TID_TUTORIAL_FORGE_CRAFTING_2,作業に時間はかかりますが、より早く都を発展させることができますよ！
f5d6e9ca187e4b93,TID_BOOSTER_FREE_BUILDING_UPGRADE,建物のハンマー
7f850ef3bb453e14,TID_SHIELD_POPUP_NONE_TITLE,シールドなし
5a65cd19a4aa62f0,TID_WL_NO_SIZE_CHOSEN,対戦のサイズを選択してください
74906bef788d6b5a,TID_HINT_ARCHER_TARGET,アーチャーは射程内のあらゆる目標を攻撃します。
ae8014ab6f96a348,TID_CLANPERK_DESC_DONATION_LIMIT_VALUE_SINGLE_SPELL,ユニット<troops>体、呪文1個
40e5399273330e87,TID_STREAM_EVENT_PROMOTED_AUTOMATICALLY,が自動昇格されました
a10a016908c9eb61,TID_SCID_GOLD_PASS_QUANTITY,ゴールドパス <num>個
23c8378749bd0838,TID_TOWN_HALL_8_INFO_SHORT,地上戦が激しさを増します。
68afbc4d2717bf67,TID_REINFORCEMENT_CAMP_INFO,援軍キャンプにより、次のエリアでのバトル中に援軍が使用可能になります。
bbfa7f3355fad78c,TID_TOTAL_TRAINING_TIME,合計時間：
b39bbf202f91baee,TID_DIAMOND_BUNDLE_BH5,ビルダーホール5パック
8fee8e1984665515,TID_BUTTON_SELECT,開始
6a57f0480eaae4fb,TID_STARTER_TH3_DESTROYARCHERTOWER,アーチャータワー撃滅
e1496c14d337f31a,TID_LEAGUE_EMERALD2,エメラルドリーグII
21b290fcb785de8b,TID_NUM_ATTACKS,攻撃回数
883faec8b66b527c,TID_WAR_INFO_HEADLINE,概要
fc280505b84c9bef,TID_BATTLEPASS_TASK_WIN_STARS_USING_INVISIBILITY_INFO,インビジブルの呪文を使い、マルチプレイで<num>個の星を獲得する。
ac2a7941dd632c83,TID_SPECIAL_OFFER,特別セール
7511b7f41199ccef,TID_SPELL_DAMAGE,合計ダメージ：<number>
13a9c26c80d4dcce,TID_REENGAGEMENT_BUILDER_3,大工は村を発展させるために\n色々と構想を練っているようです。
1c61f3f8dbcb4d54,TID_LEAGUE_DIAMOND_SHORT,ダイヤモンド
fa74a2909a060a92,TID_LEAGUE_II,II
e100fbedc060f5b7,TID_HOG_GLIDER,ホググライダー
2adf40f8312b6dac,TID_HINT LEAGUE_PLACEMENT,トロフィーの数が足りていれば、他のプレイヤーを攻撃することで\n自動的にリーグに入れます。
a205e6ebcd539b8f,TID_ATTACK_FAIL_TARGET_ONLINE,攻撃できません！村の持ち主がオンラインです。
506df565bc5a2676,TID_SPECIAL_OFFER_INFO_BUILDERBASE_ANNIVERSARY_9999,• 大工の拠点 ゴールドのルーン<booster1>個\n• 大工の拠点 エリクサーのルーン<booster2>個\n• 戦いの本<booster3>冊\n• 建物の本<booster4>冊\n\n• 収容量制限なし！\n• 2回まで購入できます！\n\nこの素晴らしいパックでアップグレードを進めましょう！
66d6909a3659fda9,TID_BUTTON_ROTATE,方向転換
697ddf971f785512,TID_BUILDING_TEXT_CREATE_SPELL,生成
c098254fc2126229,TID_HINT_CLAN_TROOP_DEPLOY,クランの城にいる援軍ユニットは、自分の村が攻撃された時に防衛戦に参加してくれたり、自分から攻撃する時に配置したりできます。
9a658d1f11cd09b5,TID_BUTTON_USE_FILL_STORAGE_BOOSTER,使う
9239507b9e951066,TID_NEED_TO_GIVE_WL_BONUSES,クラン対戦を始める前に、クラン対戦リーグのボーナスメダルを配布してください。
e0b962a822660438,TID_GUARD_NOT_AVAILABLE,シールドが有効な間は村の護りを購入できません！
a830a83438104177,TID_CLANGAMES_TASK_GET_KILLS_VS_GRANDWARDEN,ウォーデン狩り
1d3f75af12d0b7c3,TID_DECO_CWL_HAMMER,リーグハンマー
15933b92cd22692d,TID_MY_ALLIANCE_TAB,マイ クラン
e7f070466c51633b,TID_WAR_HISTORY_NOT_AVAILABLE_OTHER,このクランは対戦に参加したことがありません！
cb0f51011800a80d,TID_MOVE_MASTER_BUILDER_CONFIRMATION_TITLE,移動しますか？
c388146c7044c79f,TID_CHARACTER_INFO_PEKKA_SHORT,全身を鎧で固め、研ぎ澄まされた剣を装備しています。
0b88584590ea9f7b,TID_CLAN_GAMES_XP,クランXP：
546260f8fe58a7e9,TID_ALLIANCE_WAR_STAT_ATTACKS,攻撃回数
972a9a3c62b394bf,TID_ALLIANCE_WAR_STAT_NUM_2STARS,星2つ
55452c21f7978776,TID_WARRIOR_KING,戦士 キング
d3e77d76a70b3883,TID_LEAGUE_HERO3,タイタンリーグIII
885fc41d51980e16,TID_CLANGAMES_TASK_DESTROY_BB_GIANTCANNON,どでかい案件
6855ad2c9ea6007c,TID_BATTLEPASS_TASK_INFO_USE_BOMBERS,ボンバーを使い、大工の拠点戦で<num>個の星を獲得する。
074d2b613b0b9ddc,TID_LINK_DEVICES_ENTER_CODE_KUNLUN_TEXT,村の関連付けコードは、設定画面の「デバイスを関連づける」で手に入ります。詳しいやり方はチュートリアルをご覧ください！
07fa3926972e8385,TID_CLANGAMES_TASK_WIN_BUILDERBATTLES,拠点の制覇
c1866c64b41e82f5,TID_WL_INFO_SIGNUP_TAB2_TEXT,<cFCE27F>クラン対戦リーグでもらえるものは？</c>\n\nいわずもがな、輝かしい栄光です... が、それ以外にもクラン対戦リーグに参加しなければ手に入らない特別な報酬もあります！戦闘週間に星を獲得するとリーグメダルを獲得でき、上位のリーグに所属していれば、もらえるリーグメダルも多くなります。苦労して手に入れたリーグメダルは、ショップで希少な魔法アイテムやその他の賞品と交換しましょう。\n\n<cFCE27F>リーグメダルを入手する方法は他にもある？</c>\n\nクランリーダーは、一定数のボーナスメダルを参加メンバーに支給できます... 戦闘を行わなかったメンバーにもです！勝利するたびに追加ボーナスが1つ手に入り、リーグが上位になればもらえるボーナスも増加します。
3b9f9a12406bbec4,TID_BATTLEPASS_TASK_WIN_BATTLES_USING_BAT_INFO,コウモリの呪文を使い、マルチプレイで<num>回勝利する。
7661f85ddeb4f189,TID_STREAM_EVENT_NAME_CHANGED,名前を<name>に変更しました
fef7e540f7f2e674,TID_WAR_SPECTATOR_TITLE,観戦モード
b61ce36c598d290a,TID_DIAMOND_BUNDLE_TH4_ALT_UPDATED_INFO,• <res0>ゴールド\n• <res1>エリクサー\n• <gems>エメラルド\n\n収容量制限なし！\n\nこの初回限定<cffec78><value>倍バリューチャンス</c>をお見逃しなく！
3b44a348c43681b5,TID_BATTLEPASS_TASK_INFO_WIN_BATTLES_USING_SNEAKYARCHERS,<num2>体のスニークアーチャーを使い、大工の拠点戦で<num>回星1つを獲得する。
34e6f798987942fd,TID_POPUP_TEXT_REPLACE_LAYOUT,本当に既存のレイアウトに上書きしますか？
d9d6e890343711aa,TID_CHANGE_TROOPS,ユニット変更
fda6ac6a68324d79,TID_NPC_CHALLENGE_TH12_YETI_INFO_WARDEN_WALK,<c9916c8>グランドウォーデン</c>を投入する主な目的は、この隅を一掃し、<cf70d16>インフェルノタワー</c>を破壊することです。
ccbfec6f8f776811,TID_DIAMOND_BUNDLE_GOLD_ELIXIR_DARK_ELIXIR_INFO,• <gems>エメラルド\n• <res0>ゴールド\n• <res1>エリクサー\n• <res2>ダークエリクサー\n\n収容量を超えても大丈夫です！\n\n<cffec78>これまでで最高</c>にして1度きりの限定提供ですので、どうぞお見逃しなく！
b6b530f883c77bfe,TID_TUTORIAL_CANNON_3,ひゃあ！ゴブリンが攻めてきました！\n急いで大砲を用意して村を守りましょう！
ebd06710be708b55,TID_TUTORIAL_WAR_LEAGUE_3,では、準備にかかりましょう。\n私から、いくつか重要な点をご説明します！
dea199cd389bd1a2,TID_POPUP_SPEED_UP_UPGRADE_SLOWDOWN,<item>をアップグレード中のため、訓練速度が遅くなっています。今すぐ完了させますか？
051a644456071a9e,TID_PTE_PERK_BUILDING_BOOST,大工ブースト
24086569e570c7a5,TID_ABOUT_BUTTON,このゲームについて
201b32ad2746928f,TID_HERO_INSTRUCTIONS_WARMACHINE,マスター大工の自慢の発明で、敵の建物を粉砕することができます。大工としての腕前を世間に見せつけるには、どうしたらいいでしょうか？電撃ハンマーをアンロックして、敵をブチのめせばいいのです！
287230923445178d,TID_OBSTACLE_HALLOWEEN2021,\qラブリーな\q花
e6974fe25df069ae,TID_DAILYLOGIN_TITLE,デイリーギフト！
be90c58edeebc14c,TID_CLANGAMES_TASK_INFO_DESTROY_AIRSWEEPERS,マルチプレイで通算<num>個の<building>を破壊する。
b27afb0a5dea4622,TID_MAX_SECONDARY_UNITS,出現するユニット数：<number>
c597fc45c588b295,TID_GINGERBREAD_QUEEN,ジンジャーブレッド クイーン
57a1b40a5eee8e39,TID_SHIELD_INFO,長続きする防御！シールドが有効になっていると村を他のプレイヤーに攻撃されませんが、自分から他のプレイヤーを攻撃すると、シールドの残り時間が減ります。シールドを買い足すと、効果時間が加算されます。
f223bab57f3e2138,TID_PROFILE_LEGEND_NO_LAST_RANK,ランク外
6136e6451e6683d6,TID_BOOSTER_FREE_SPELL_UPGRADE,呪文のハンマー
8acdbe8b46a2f38b,TID_BOOSTER_FINISH_TROOP_UPGRADE,戦いの本
f0f896f4d2f7e35c,TID_ADD_FRIENDS_INFO_REQUESTS_KUNLUN,プレイヤープロフィールからゲーム内フレンドに追加しましょう。
a0ddd79c2536a9ed,TID_CHALLENGE_INFO_2017,海の向こうで大工の拠点が発見される。大男が仕切る最初のクランゲームや魔法アイテムが登場。
ab4a75c00f7b2e33,TID_BP_MULTIPLE_REWARD_FORMAT,<reward> x<num>
e86b64f8d91ff67a,TID_NAME_CHANGED_SUCCESS,名前を変更しました！
51784ba34ed3b8d4,TID_CAPITAL_RAID_OFFENSIVE_REWARD,攻撃報酬：<number>
f928e4f5da28211f,TID_WL_SELECT_BONUSES_TEXT,特別ボーナスとして、リーグメダルを支給するメンバーを選んでください。選ばれたメンバーはクランチャットで表彰されます。ボーナスはリーグシーズンごとに1度しか支給できません。クラン全体の利益となるよう、よく考えて選びましょう！
fba9da4902e7f511,TID_HINT_CANNON_TARGET,大砲は地上ユニットにしか攻撃できません。
c4a6d531d89681bd,TID_BARRACK2_INFO,大工兵舎は、大工の拠点戦に使用するユニットを訓練します！また、攻撃の前にすばやくユニットを切り替えることも可能です。大工兵舎をアップグレードすると、より多くのユニットをアンロックできます！
4616e552027a5dcf,TID_CLAN_TAG_AMATEUR_ATTACKER,初心者アタッカー
d96e48b731202f2d,TID_GAMES_TASKS_HEADLINE,チャレンジ
215c2b6af7eab0e8,TID_NPC_CHALLENGE_TH11_LAVALOON_BALLOONS1,<c54a0fe>エアバルーン</c>の大半を投入しましょう。
c058586887b556a7,TID_AVATAR_MESSAGE_TEXT_GEM_REVOKE_PLURAL,本アカウントからの複数のご購入に対する返金依頼が、<refundDate>に承認されました。ご購入時の決済方法と同じ方法で返金いたします。\n\n返金額に相当するエメラルド<totalRevokedGems>個をお客様のアカウントから削除いたしました。このお手続きにより一時的にエメラルドの個数が0以下になる場合がございます。この場合でも、ゲーム内でエメラルドを集めたり、再度ご購入いただければエメラルドの数は増えていき、いずれ0以上になります。
01b6731bea68ae50,TID_CLANGAMES_TASK_INFO_USE_RAGEDBARBARIANS,<num2>体のレイジバーバリアンを使い、大工の拠点戦で<num>個の星を獲得する。
02eba5ae40ba2a44,TID_SLOW_ATTACK,攻撃速度低下：<number>％
8b744fab5efc6ecb,TID_PET_ABILITY_BARKY,ハイジャンプ
c78b666d03888f07,TID_BUY_RESOURCE_PACK_HEADER,<resource>を購入
f14c439f134ddafc,TID_STARTER_INFO_SECUREACCOUNT,ソーシャルネットワークに接続して村の安全を守る。
a28d0204d9b9616c,TID_CHARACTER_INFO_BATTLERAM,大きな丸太をかついだ4人のバーバリアンが目標に向けて突撃し、衝突すると大ダメージを与えます。また、衝突後はそれぞれが剣を抜いて戦います！
c87f00674e2fd13d,TID_BUILDING_LAVA_LAUNCHER,ラヴァランチャー
1ada729117906928,TID_REQUEST_TO_JOIN_NEW_CLAN_WHILE_IN_CLAN_TITLE,クランを脱退します
c982d7a08e50b471,TID_TRADER_ITEM_CANNOT_FIT_IN_STORAGE,保管施設が一杯です
1e10844ca8b3c658,TID_CHARACTER_SUPER_VALKYRIE_INFO,スーパーバルキリーは通常のバルキリーをあらゆる面で凌駕している上に、怒りもケタ外れに増大しています！
514d61f4218fe946,TID_NOTIFICATION_CLAN_WARS,クラン対戦
2205b10aedd983ea,TID_ERROR_POP_UP_UNLOCK_UNAVAILABLE_TITLE,アカウントをアンロックできません
7a16363f5b04b779,TID_LOCAL_NOTIFICATION_EVENT_TROOP_DISCOUNT,チーフ、ユニットイベントが始まりました！
2d7388789b063e7f,TID_BUTTON_ATTACK_MODE_AIR_AND_GROUND,対空＆対地
6910712b46c4a395,TID_POISON_CLOUD_TOWER,タワーポイズン
9aa15351c8ab8051,TID_COSMETIC_ESTATE_3X3_THATCHED_HUT_INFO,バーバリアンのお気に入りです。いい加減な作りで、可燃性も高くなっています。
e51e2750eb7b3f8e,TID_MODE_STILL_LOCKED,アンロックにはアップグレードが必要です。
95e9f418cbbe0e5a,TID_SPECIAL_OFFER_EASTER_LIMITED_999,春の特別セール
ccdee8e53fd20dfb,TID_LEAGUE_STONE4,ストーンリーグIV
2fda212df626742c,TID_LEAGUE_COPPER2_SHORT,コッパーII
882b98ee81f32982,TID_PLAYER_LEADERBOARDS,プレイヤーランキング
4c7d7f13b209ee54,TID_HERO_ABILITY_LEVEL_UNLOCK_PROMPT,能力はレベル<number>でアンロックされます！
3771b611b92d4c22,TID_WIZARD_TOWER_INFO_SHORT,魔の炎でどんな敵をも溶かします。
d6b9d06f25b5e969,TID_PROFILE_FRIEND_REQUEST_QUERY,フレンドを追加しますか？
5a35105d932f9de6,TID_TRAP_SANTA,サンタストライク
0716ebab8703126b,TID_DECO_LAKE_5,小さな池
17a22fd927f66997,TID_PRESET_CREATE_EDIT_TITLE,フレンドリー部隊を変更する
4eaddd00049f3557,TID_LOCAL_NOTIFICATION_EVENT_SPECIAL_TRAP,チーフ、期間限定のスペシャルトラップが登場しました！
de8d0adc6ad2dd95,TID_LEAGUE_MASTER,マスター
af7e89f32657e0d1,TID_CLANGAMES_TASK_GET_KILLS_VS_BARBARIANKING,キング狩り
526603601c9202c2,TID_SURRENDER_BUTTON,降参
07b436f28a7ff381,TID_BB_BATTLE_LOG_REPLAY_BUTTON,リプレイ
77efe35c6e8c7e5a,TID_CHARACTER_INFO_BOWLER,この大きくて青い仲間の生き方はシンプルです。ダークエリクサーを飲み、岩を投げる。彼の大きな岩は、目標に当たるとバウンドし、後ろにあるものにも攻撃します！
ef9c1d1d5f7bfdb0,TID_BATTLEPASS_TASK_INFO_WIN_BATTLES_USING_HOGGLIDERS,<num2>体のホググライダーを使い、大工の拠点戦で<num>回星1つを獲得する。
3cab2f65f25d4fd7,TID_MAINTENANCE_ESTIMATED_HOUR_AND_HALF,1時間半ほど後に再度お試しください。
25bf01346a83ffea,TID_HINT_ACHIEVEMENT_GEMS,達成項目をクリアして、無料でエメラルドをもらいましょう！
25534512c0e7cd26,TID_CLANGAMES_TASK_USE_GOLEMS,ごつごつ前進
a36064ce5a8731d7,TID_PRIORITIZE_UPGRADE_INTERNAL_ERROR,アップグレード優先時にエラーが発生しました
71213e92f644fb1e,TID_CHARACTER_INFO_BAT,コウモリの大群は恐るべき移動速度と攻撃力を発揮しますが、範囲攻撃を受けると簡単に排除されてしまいます。
69a73719bbb09420,TID_POPUP_GOBLIN_HELPER_DISCLAIMER,大工の小屋を5個所有していないと\nお手伝いできません
2a09ade17a9d6256,TID_TRAP_EJECT_HOUSING,スプリング容量：<number>
f6b02feca9f5e56b,TID_INFO_POP_UP_IAP_NOTE,クラッシュ・オブ・クランは無料でプレイできますが、アプリ内での購入によりゲームを早く進めることもできます。ゲーム内アイテムの購入を行いたくない場合、お使いのデバイスの「設定」から「App内での購入」を無効に設定してください。また、ダウンロードおよびご利用は13歳以上の方のみとさせていただきます。
25d2e7f88fe1df8e,TID_LOCAL_NOTIFICATION_GUARD_WILL_DISAPPEAR,チーフ、村の護りが今にも消えそうです！
ed2fbe9b45fba8df,TID_SUPER_TROOP_COOLDOWN,<time>後まで再びブーストできません
4ccf4940cd1fe048,TID_ITEM_BROKEN,<item> （破壊）
43580ea94b778a16,TID_LOCAL_NOTIFICATION_EVENT_HERO_BOOST,チーフ、1エメラルドヒーローブーストイベントが始まりました！
1ea7bf08b08fd72c,TID_MULTIPLAYER_BONUS_AVAILABLE_AGAIN,次回まで：<time>
d6f17c5f742fe8d7,TID_BIND_TO_NEW_GOOGLE_SERVICE_ACCOUNT_TITLE,新しいGoogle Play ログイン
c5997c64643dcfae,TID_V2_START_DUEL_SNAPSHOT_FAILED,村の保存データを取得できないため、マッチを検索できません
80a68233c2df08c1,TID_POPUP_REMOVE_TROOP_TITLE,ユニットを破棄しますか？
4961dcff05485092,TID_CONFIRM_SUPER_TROOP_CANCEL_AND_REMOVE_TROOPS_TEXT,まだ残り時間がありますが、スーパーユニットを元に戻しますか？当該ユニットは部隊から除外され、資源の補てんもありません。
18b305489137d5a4,TID_SHOP_SHIELD_2D,シールド（2日）
b70d6f5052b46632,TID_CLANPERK_UNLOCKED_PERKS,クラン特典
12be2d5dd7f1e5ba,TID_ITEMS_LEFT,残り <number>
7bc2ef50bbfd34b7,TID_NPC1,ゴブリンの前線拠点
0c84cadf86505fef,TID_NPC_CHALLENGE_TH11_EDRAG_FUNNEL_EDRAG2,<c54a0fe>ライトニングドラゴン</c>を1体投入して、\n村の一角を片付けましょう。
76cfd1d414fceeb4,TID_LEAGUE_HERO1_SHORT,タイタンI
80e31b95620bb4c6,TID_CONFIRM_SCENERY_PURCHASE_TITLE,背景を購入
af044f525ba431ef,TID_CLANGAMES_TASK_INFO_USE_LOG_LAUNCHER,<num2>体のウッドランチャーを使い、マルチプレイで<num>個の星を獲得する。
3d6c73027b7cea2e,TID_CLANGAMES_TASK_INFO_DESTROY_BB_ROASTER,大工の拠点戦で通算<num>個の<building>を破壊する。
ab469785576aa33e,TID_REGULAR_THEMED_BATTLE_OFFER_INFO_TH0712_4999,• <res0>ダークエリクサー\n•<res1>ゴールド\n•<res2>エリクサー\n• 戦いの本<booster1>冊 - 進行中のユニットアップグレードを瞬時に完了します\n\n• 収容量制限なし！\n• このパックの購入は表示の期間内に2回限りです\n• この特別セールでクランを壮大な戦いへといざないましょう！
9224cdac228ae0d1,TID_PUSH_WAR_0,<data>への宣戦布告が行われました！
71001d3a3bc176bf,TID_SETTING_DEPLOYMENT_BAR_SIZE_BUTTON,変更
5ced901512c8fb46,TID_CLANGAMES_TASK_INFO_WIN_HOMEBATTLES3STARS,マルチプレイで3つ星を通算<num>回達成する。
a2a52a2d35a49bbb,TID_SPELL_FACTORY_VOUCHER_CLAIM_FAILED_INVALID_CODE,クーポンコードが間違っています。正しいコードでもう一度お試しください。
346e23772958147e,TID_STARTER_TH3_INFO_BUILDCLANCASTLE,自分の村でクランの城を修復する。
d2bb132fe144e400,TID_NOT_ENOUGH_WORKERS_TEXT_MASTER_BUILDER,建設中の建物を今すぐ完成させて、\nマスター大工をこちらにまわしますか？
7c44891ec635ca01,TID_NO_CAPITAL_ARMY,攻撃の前に都の部隊を選びましょう
d84dfa048de4cb44,TID_GOLD,ゴールド
d40c6c70f29650a3,TID_DIAMOND_BUNDLE_MAGICITEMS_EVERYTHING_BOOK_WITH_RESOURCES_INFO,• 森羅万象の本<booster1>冊\n• <res0>ゴールド\n• <res1>エリクサー\n• <res2>ダークエリクサー\n• 収容量制限なし！\n\n森羅万象の本を使って、どんなアップグレードでも瞬時に完了しよう！\n\nこのチャンスをお見逃しなく！
9876ce25c6bf92fd,TID_BUTTON_CREATE_SPELL,生成
1f53d83d960adfa9,TID_BP_PERK_SAVINGS_PAYOUT,シーズン資源
2b06b41c4079c271,TID_DIAMOND_BUNDLE_TH7_ALT_UPDATED_INFO,• <res0>ダークエリクサー\n• <res1>ゴールド\n• <res2>エリクサー\n\n収容量制限なし！\n\nこの初回限定<cffec78><value>倍バリューチャンス</c>をお見逃しなく！
7ef1840690882b88,TID_LAVALOON_ABILITY_NAME,爆発＋爆誕
8a04c0417bf1d319,TID_ARMY_CAMP_VILLAGE2,キャンプ<num>
d4a29084ad4a92b0,TID_LEAGUES_I,I
d1745a75261af202,TID_TENCENT_DISAGREE,不同意
6a08d0ce26123d7e,TID_HERO_ABILITY_UNLOCK_PROMPT_MALE,ヒーローをレベル<number>にアップグレードして、この能力をアンロックしましょう！
9a450dd2cc733de1,TID_CREATE_PRESET_INFO,ユニットや呪文を追加したら、部隊をセーブしましょう
05fe61bf55294d12,TID_LIVE_REPLAY_FAIL_GENERIC,ライブリプレイを利用できません。後ほどお試しください。
1189a0db71dcdd0f,TID_NPC_CHALLENGE_TH4_GIANT_GIANTS2,<c54a0fe>ジャイアント</c>を投入して、\nすべての防衛設備を破壊します。
6ecf09f03d7200ca,TID_OFFER_CAN_BE_PURCHASED_TIMES,このパックの購入は表示の期間内に<num>回限りです！
0b1886df90db0704,TID_CHARACTER_INFO_LIGHTNINGDRAGON,鉄のように固いウロコを持ち、壊滅的なダメージを与える雷撃を噴くライトニングドラゴンは、上空から破壊の雨を降らせるのが大好きです。さらに彼が撃破されると、地上に向けて最後の雷撃が放たれます！
d7c4d771026788a6,TID_MAINTENANCE_COMING_SOON_TEXT,こんにちは、チーフ！サーバーのメンテナンスがまもなく実施されます。できるだけ早く完了させますので、今しばらくお待ちください！
2d09f4782a1ad072,TID_STAGE_LIMIT_EDIT_MODE_TRAP,トラップ：<cur>/<max>
6a4dab63e6f30faa,TID_LEAGUE_UNRANKED,ランク外
880c70a8928e48a1,TID_AURA_MAX_HITPOINTS_INCREASE,オーラによる最大HP上昇：<number>％
03ba43eba5cceaf6,TID_CHARACTER_INFO_TREANT,大自然と心を通わせるルートライダーは、丈夫な木の根っこに乗り、行く手を阻む壁や防衛設備を粉砕します。
93b1c7ad57edf874,TID_CLANGAMES_TASK_DESTROY_CHAMPION_ALTARS,ロイヤルチャンピオン祭壇を破壊
b9a6c25586c6a87b,TID_LAYOUTS_VILLAGE,自分の村
6b3d47fab32f1844,TID_TUTORIAL_CLASHOWEEN_EVENT_A5,禁断のエリクサーの大釜です！
9102ff1c630f8a17,TID_HINT_WELCOME,むかしむかし、魔法の森の中に小さな村がありました...
fd4e52a16e8a8ae4,TID_DIAMOND_BUNDLE_BH8_INFO_ALT,• <gems> エメラルド\n• <res0> エリクサー\n• <res1> ゴールド\n\n収容量制限なし！\n\nこの<cffec78><value>倍バリュー</c>は、1度限りの特別提供となります！
38def37540771ee3,TID_WL_LEADERBOARD_BRACKET_POS5,グループ5位
f51f29ff2dcd6750,TID_PLACEMENT_HINT_TUTORIAL1,何もない場所を複数回タップして\nユニットを配置してください
aae78524e1a5bb49,TID_WL_RESULT_STAYED,クランが残留しました
3bae4672abd0060b,TID_REENGAGEMENT_LAB_DID_UPGRADES_SOME_LEFT_3,資源が余っているか確認して\nさっそく次の研究を始めましょう。
68f52330601aa451,TID_BUY_PRIZE_SHOP_ITEM_TEXT,本当に<item>を買いますか？
87455431e0611288,TID_SHARE_SCID_ACTION_BUTTON,Supercell IDを共有
7043c202b9906fac,TID_CAPITAL_MAP_MODE_TEXT_RAID,攻撃中
5cd96cf871b0a1ee,TID_BUILDING_DRAGON_CAVE,予言の洞窟
07cbf75eaac94bbd,TID_STARTER_COLLECTELIXIR,エリクサー調達
e01abf6c4d71f579,TID_DEMOTE_TO_ADMIN_CONFIRMATION_TITLE,降格しますか？
c852bc84aef1c781,TID_BATTLEPASS_TASK_INFO_WIN_BATTLES_USING_BETAMINIONS,<num2>体のベータガーゴイルを使い、大工の拠点戦で<num>回星1つを獲得する。
0081ee19458d61df,TID_WALL_INFO,壁をうまく利用すれば、村を守ると同時に、敵を防衛設備の攻撃範囲に誘導できます。
a5f6356ad1460e9b,TID_DIAMOND_BUNDLE_MAGICITEMS_EVERYTHING_BOOK_INFO,• <gems>エメラルド\n•森羅万象の本<booster1>冊\n• 収容量制限なし！\n\n森羅万象の本を使って、どんなアップグレードでも瞬時に完了しよう！\n\nこのチャンスをお見逃しなく！
cfb80f26d97864b3,TID_OTTO_FEATURE_DESCRIPTION,マスター大工が製作した大工の拠点の助手ロボット。
2890b5e7ae5ed341,TID_CONFIRM_SUPER_TROOP_PURCHASE_TEXT,<original>を<duration>間<name>にブーストしますか？
4f3279bd9ac7f836,TID_ALLIANCE_WAR_ATTACK_NOT_USED,未使用
e3c4c676877e294a,TID_ACHIEVEMENT_DONATE_CAPITAL_COMPLETED,出資した都ゴールドの合計：<value>
18ef13c28996e2bb,TID_ACHIEVEMENT_UNIT_UNLOCK2_TITLE,次世代モデル
15b912ed2e526483,TID_NO_MESSAGES_TEXT,クランの城を再建したら、クランへの招待がここに届くようになります
b424f1a6d8e7401a,TID_HINT_SPELL_FREEZE_DURATION,フリーズの呪文をアップグレードして、防衛設備やユニットが動けなくなる時間をさらに長くしましょう。
20efa87fc1cc4570,TID_TEST_PACK_RES_V2,2勝テストパック
fa073fe6583d817f,TID_LEAGUE_WOOD4,ウッドリーグIV
e5fcb3bfa40d22f4,TID_REENGAGEMENT_BUILDER_2,承認のサインを、こちらと、こちらに...\nあとこちらにもお願いします。
cf0eccb05e541d15,TID_RAID_WEEKEND_HISTORY,週末合戦の履歴
109af7a13c4090ce,TID_ATTACK_LOCKED,タウンホールレベル2以上が必要です！
8cef6dc36e15d5c0,TID_DEFEAT,敗北
009a777d1f9b1e3b,TID_CLANGAMES_TASK_INFO_DESTROY_BOMBTOWERS,マルチプレイで通算<num>個の<building>を破壊する。
f1c74372232ef45d,TID_CLAN_GAMES_THEME_WINTER,冬季ゲーム
85270fd73cdd5c67,TID_SPEEDUP_INFO_SHORT,どんなに動きの遅いユニットでもスピードアップ！
d3f710199fbd0988,TID_WL_STAT_POSITION8,8位
651f40a73db1dd38,TID_DEVICE_LINK_ERROR_CODE_ERROR_2_TITLE,エラー発生 (102)
cf9fb36d189afda0,TID_BATTLEPASS_TASK_WIN_BATTLES_USING_GIANTS,勝利の運び屋
a1cf9656dc1b2afb,TID_FEEDBACK_INFO2,\n
bac11cdf08ffe947,TID_VILLAGE_EDIT_MODE_WAR,拠点編集モード
a1cf96537c1b2afb,TID_FEEDBACK_INFO4,\n
588de66a28e22719,TID_REENGAGEMENT_ATTACK_2,しばらくの間、ユニットの訓練時間が\n大幅に短縮されるでしょう！
a3d9d6490a6e2940,TID_LEAGUE_PLATINUM2,プラチナリーグII
8ce2667fb4a5f2dc,TID_BOOMBOX_NEWS,新着
bae9b5a2605a6d60,TID_OBSTACLE_BIRTHDAY2019,7周年記念サプライズ
864a1cdb31134b88,TID_LINK_SAME_PLATFORM,複数のiOSデバイスでプレイするには、このデバイスからGame Centerにログインしていることを確認します。\n\n次に、他のデバイスからGame Centerにログインします。ゲームの進行状況は自動的に同期されます。
08e0c93b397da860,TID_LOCAL_NOTIFICATION_CLAN_GAMES_ENDING_SOON_ALL_POINTS,クランゲームは間もなく終了します。
67240e6e81f4a318,TID_INFO_DAMAGE_TYPE,ダメージの種類：
2729b8a1ef6739a1,TID_STREAM_EVENT_DISTRICT_LAYOUT_SCRAMBLED,クランの都のレイアウトに不適切な部分があったため、リセットされました
12fab631547cfff7,TID_RECORDING_CANT_GO_HOME,ホームに行けません。まず記録を中止してください！
35c00dd90aa5d025,TID_SCENERY_ALREADY_OWNED,この背景は入手済みです
c99c410ab3ee06ee,TID_ACHIEVEMENT_GEAR_UP_ONE,マスター大工を使って1棟の建物を改造する。
8075f753d66912e4,TID_GAMECENTER_BOUND_TO_OTHER_ACCOUNT_TITLE,Game Center の警告
a802df68c55b85ea,TID_TRAINING_SCREEN_DARK_ELIXIR,ダークエリクサー：
94ec1bc8b1055d71,TID_FRIENDLY_ARMY_INFO,フレンドリー部隊は、フレンドリー・チャレンジやフレンド対戦で使用する攻撃用の部隊です。
d777e6ae073af32b,TID_SPECIAL_OFFER_INFO_BUILDERBASE_ANNIVERSARY_1999,• 大工の拠点 ゴールドのルーン<booster1>個\n• 大工の拠点 エリクサーのルーン<booster2>個\n• 戦いの本<booster3>冊\n• 建物の本<booster4>冊\n\n• 収容量制限なし！\n• 10回まで購入できます！\n\nこの素晴らしいパックでアップグレードを進めましょう！
58d06190f08b5512,TID_LEGENDS_UPCOMING_SHIELD_INACTIVE,次のリーグ日はシールドが無効です。攻撃や防衛をお休みしたい場合は、リーグ日が変わる前にシールドを購入してください。
67cfd67489f598ca,TID_ALREADY_BOOSTED,この建物はすでに生産アップ中です！
31fb207405d36826,TID_CLAN_STAT_DEFEATS,敗北：
770fbd4fd69980cd,TID_PLAYER_AVAILABLE_FOR_RECRUITING_DESC,ここでは、クランへの招待を受け取るかどうかを選択できます。また、新メンバーを募集しているクランに、あなたをおすすめとして表示することも可能です。
fc41f181ae7622dc,TID_TUTORIAL_GOLDSTORAGE,大切なゴールドを保管できる場所も必要です！
ce93ddbd85a76e89,TID_BUILD_TIME_INSTANT,なし
6bb02b506440e734,TID_RAID_RESULTS_FROM_DIFFERENT_ALLIANCE,このクランでは、前回の週末合戦での攻撃に参加していません。
75c0785458a4e4a3,TID_6ANNIVERSARY_OFFER_MAGICITEMS_BOOKS_AND_ALLRUNES_INFO_9999,• 壁リング<booster1>個 - 壁を瞬時にアップグレードします（ハイレベルの壁には複数のリングが必要です）\n• エリクサーのルーン<booster2>個 - エリクサータンクをいっぱいにします\n• ゴールドのルーン<booster3>個 - 金庫をいっぱいにします\n• ダークエリクサーのルーン<booster4>個 - ダークエリクサータンクをいっぱいにします\n\n• 収容量制限なし！\n• このパックの購入は2回限りです！\n\n期間限定の記念パックを、どうぞお見逃しなく！
0e084ab1190c346b,TID_DIAMOND_BUNDLE_MAGICITEMS_TRAINING_POTION_ONLY_INFO,• 訓練ポーション<booster1>個\n• 収容量制限なし！\n\nユニットの訓練、呪文の生成、ヒーローの回復をスピードアップしよう！\n\nこのチャンスをお見逃しなく！
4c0d74fd47018c02,TID_OFFER_PURCHASE_PENDING_ERROR,購入を処理しています。
d197664e9f96f046,TID_CAPBUILD_GUARDPOST_DRAGONS,スーパードラゴンの基地
f5efe49bc84cfb81,TID_NUM_ATTACKS_SHORT,攻撃：
b72a093c5fc5ae83,TID_POPUP_CHANGE_LANGUAGE_TITLE,言語設定
e52a9cd73b205e2b,TID_WL_TAB_CLAN_MEMBERS,クラン
559a05ecacafd872,TID_GOLD2_ALT,大工の拠点 ゴールド
b9c9f8780b4b9d1b,TID_JOLLY_QUEEN,トナカイ クイーン
075064b09a831ed4,TID_TUTORIAL_STAGE_2_INTRO,おい、アンタ。もう知ってるかもしれないが...
61d4a60d23fe1f82,TID_SCORE,スコア
af59d83fd7bfa37c,TID_POPUP_GOBLIN_BUILDER_DISCLAIMER,ゴブリンに建設を依頼する場合でも\n資源と時間がかかります。
209605ac66bf614e,TID_BUILDING_MORTAR,迫撃砲
13a004930fe880b6,TID_REINFORCEMENTS_ARRIVING,支援が到着するまで：
2613622c6c6afa6d,TID_BOOSTER_MAX_LEVEL_ARMY_INFO,この強烈な臭いを放つ魔法の液体を使うと、1時間にわたってユニット、呪文、突破兵器をタウンホールの最大許容レベルにブーストします。どちらの村でも使用可能です！
7ae8fde69582110c,TID_NOT_ENOUGH_BOOSTERS,必要な魔法アイテムが不足しています。
5049368ddc6c6ea9,TID_HEALER,ヒーラー
29a45653bee123a6,TID_DARK_ELIXIR_BARRACK,闇の兵舎
5b998413ec77c25f,TID_PRESET_INFO,部隊単位で楽な訓練プランを立ててみましょう！
e8b12df623747c38,TID_LEAGUE_COPPER5_SHORT,コッパーV
a34fa937ad746744,TID_COSMETIC_ESTATE_4X4_LARGE_HOUSE_INFO,広い居住空間と良い眺望、そして収納場所がたくさん用意されています。
af238141bfa75d85,TID_DECO_RAZER_PROMO,Razerデコレーション
74970d068f7ce681,TID_BUILDING_OTTOS_OUTPOST_INFO_SHORT,いい拠点にはホールが必要... もちろんO.T.T.Oも忘れてはいけません。
9196f86dfebdd88e,TID_DEVICE_LINK_ERROR_CODE_CURRENT_VILLAGE_TOO_HIGH_TEXT_KUNLUN,あなたの村は現在ログイン中のアカウントに恒久的に関連づけられています。\n\nこの村でのゲームが既に進行している（タウンホール レベル<level> または購入の履歴がある）ため、上書きできません。
504c5d1bd3cb9707,TID_SECOND_STAGE_FEATURE,さらに奥へ！
d22b9bbe96bf7955,TID_DEVICE_LINK_ERROR_CODE_SAME_PLATFORM,コードのリンクは利用できません
459b65882b939903,TID_SINGLEPLAYER,シングルプレイ
7f0f4b4a87db1bcd,TID_NPC_CHALLENGE_TH11_EDRAG_DEPLOY_BLIMP,<c54a0fe>突撃艦</c>を使って、中にいるクランの城の\nユニットを投入しましょう。
99d9b4a9b7531d47,TID_BATTLEPASS_TASK_INFO_WIN_BATTLES_USING_WALLBREAKERS,ウォールブレイカーを使い、マルチプレイで<num>回勝利する。
92b3ab30b1b090aa,TID_TUTORIAL_BATTLE_BUILDERS_1,チーフ、大工が戦いに\nもっと貢献したいそうです。
033c9c4d539fc002,TID_TOTAL_COST,合計コスト
f4e8b183653123a4,TID_PAID_NAME_CHANGE_INTRO_TEXT,エメラルドを消費して名前を変更しますか？\n不適切な名前を選択した場合、Supercellはそれをエメラルドの払い戻しなしに変更する権利を有します。
491424b5be6d3956,TID_REPAIR_HERO_TITLE,ヒーローを修復しますか？
a58a58264e34c70b,TID_NPC_CHALLENGE_TH7_HOG_HOGS,全ての<c54a0fe>ホグライダー</c>を配置して、一気に攻めましょう。
f91ff7e3d71b5377,TID_SLOW_SPEED,減速：<number>％
43a13008d4ba56a7,TID_ACHIEVEMENT_GEAR_UP,マスター大工を使って<number>棟の建物を改造する。
5bad966803c47479,TID_INFERNO_DRAGON_ABILITY_HELP,1体の敵に攻撃している間、次第に威力が増加していく
f824f5c1d11ec89f,TID_INFO_TAGS_PLAYER,あなたのプレイスタイルを表すラベルを最大<max>個まで選べます。
e43ff2543fa3dd01,TID_MAP_LOCATION_6,盗人の小川
ec582ba754ee3b29,TID_LOCKED_IN_TUTORIAL,チュートリアルを完了すれば\n使えるようになります！
ab5e18d848a28484,TID_STREAM_BUTTON_SCOUT,偵察
129a3a85746554b5,TID_WELCOME_BACK_SUBTITLE,チーフのいない間に...
624262e58adf2f45,TID_HINT_CLAN_GAMES,クランゲームに参加してチャレンジをクリアし、仲間と一緒に素敵な報酬を受け取りましょう！
d16c127cbfced33f,TID_HINT_WARLOCK_INFO_2,周りの死者がすべて倒されてしまうと魔女はとても攻撃を受けやすくなります。
2a4e7e510e5b47a1,TID_XP_TEXT_PUZZLEANDDRAGONS,日本で大ブームを巻き起こしているあのゲームがついに英国に上陸！App Storeから無料でダウンロードしよう！
2f14e6686902eaec,TID_ALLIANCE_GAMES_COMPLETED_TASK,完了
60a7fc518516d577,TID_BOOSTER_FILL_GOLD2_STORAGE_ALT_2_LINE,大工の拠点 ゴールドのルーン
efcd7fee741c12c9,TID_PTE_REWARD_LOCKED_NOT_ENOUGH_POINTS_AND_NEED_PREMIUM,この報酬をアンロックするにはイベントパスと<soft_currency>があと<num>必要です。
f561b7560ea83ef0,TID_TRAINING_SCREEN_TAB_SPELLS,呪文を生成
fddfc976705a493e,TID_ALLIANCE_CREATE_ARRANGED_WARS,フレンド対戦
17bfec1f0b88e996,TID_STREAM_DONATE_BUTTON,援軍を送る
e8e1175a9a57669d,TID_ALLIANCE_ROLE_MEMBER,メンバー
59739067dede416b,TID_REPLACE_LAYOUT,レイアウト入れ替え
6e4963d4cfac9a31,TID_HOUSE_PART_UNLOCKED,クランの家のパーツがアンロックされました！
1e68d7871ab45546,TID_CNY_PACK,旧正月パック
1ef8b13587d0201d,TID_TOWN_HALL_3_INFO_SHORT,仲間と切磋琢磨しながら強くなりましょう。
bb17f0069b72ace2,TID_ACCOUNT,デバイス
020bb95d0c97c4ec,TID_ACHIEVEMENT_PEKKA_SLAYER_TITLE,親不孝者
bbea4f0393f2d2b1,TID_ALLIANCE_WAR_STAT_NUM_0STARS,星なし
6d24c0c8ebad0bc3,TID_HINT_AIR_DEFENSE_TARGET,対空砲のロケットは飛行ユニットにしか効果がありません。
60ace9794bd8aba4,TID_LOCAL_NOTIFICATION_EVENT_SPECIAL_TROOP_GOVAHO,チーフ、今回の特別イベントでは、ゴーレムとバルキリー、そしてホグライダーを使用しましょう！
1fd62c506baaac92,TID_BOOSTER_FINISH_SPELL_UPGRADE_OFFER_INFO,呪文の本<num>冊 - 実行中の呪文アップグレードを瞬時に完了します
4010692594b70724,TID_CAPITAL_GOLD_STORAGE_FULL_TITLE,本当によろしいですか？
f55d35190606212d,TID_STARTER_UPGRADEBUILDING,建物アップグレード
d5e347347f8dd3ec,TID_CLANGAMES_TASK_INFO_USE_BARBARIANS,<num2>体のバーバリアンを使い、マルチプレイで<num>個の星を獲得する。
d80ffd84d0312c3a,TID_DIAMOND_BUNDLE_ELIXIR_INFO,• <gems>エメラルド\n• <res0>エリクサー\n\n収容量制限なし！\n\nこの <cffec78><value>xバリュー</c>のセットは、1度きりの限定提供となります！
99d1ba9f4da34d64,TID_TRAIN_SPELL_STORAGE_FULL_INFO,呪文工場をアップグレードすれば収容量が増えます。
201189de62070df0,TID_NPC_CHALLENGE_TH11_LAVALOON_BALLOONS3,残りの<c54a0fe>エアバルーン</c>を投入しましょう。
6e63d072b267a07d,TID_SHOP_AVAILABLE,建設数
c9038f18bd2c1964,TID_LEAGUES_GET_MORE_TROPHIES,トロフィーを<number>個集めてリーグに参加しましょう！
9da051ae54de8f20,TID_ARTO_TASK_MEGA_TESLA_FLUFF,何をするにも十分な電力が必要ですが、完全にアップグレードされた\nメガテスラは、十二分の電力を供給できるでしょう！
7b4ec6f67f11a556,TID_TRAINING_SCREEN_TAB_TROOPS,ユニットの訓練
bae7c319191a334e,TID_PUSH_WAR_2,<data>とのクラン対戦が始まりました！
2c4a4e33f377498f,TID_EDIT_MODE_WALLS_ONLY,壁を見る
899b9d44a875c5a5,TID_SPOOKY2022_SCENERY,魔境
c0bd0fcd3414c125,TID_NPC69,選択の時
d898ac9fcece8e29,TID_CHARACTER_INFO_HASTY_BALLOON,完璧に整備された2つのロケットを装備するロケットバルーンは、いかなる戦闘でも気持ちの良い離陸を見せてくれます！
ec3c5532b0ff0b9b,TID_REENGAGEMENT_APOLOGY_6,チーフが去ってから\n色々なことがありました。\nさっそくみんなに\n会いに行きましょう！
91509821583e3751,TID_ERROR_DOWNLOADING_SKIN,スキンを読み込めません！デバイスの空き容量を確保してから、ゲームを再起動してください。
a81991e78b5ea22f,TID_GAMES_OVERVIEW_TEXT,クランゲームでは、チャレンジをクリアしてクランメンバーと一緒にポイントを集めてゆくスタイルのゲームです。クラン全体で集めたポイントが大きいほど、ゲーム終了時の報酬も大きくなります。メンバーには積極的に参加してもらいましょう。参加人数が多ければ、それだけ上位の報酬グレードを目指しやすくなります！
5acf02375496e780,TID_LEAGUE_MASTER1,マスターリーグI
d0deb96997de5fcf,TID_BATTLEPASS_TASK_UPGRADE_BB_WALL,大工の拠点の守り人
f44d42c805027795,TID_DEVICE_LINK_ERROR_CODE_SAME_PLATFORM_TEXT_KUNLUN,複数の Android デバイスでプレイするために、コードによる関連づけを使う必要はありません。\n\n他の Android デバイスで同じセーブデータのゲームをプレイするには、同じ Android アプリストアからクラッシュ・オブ・クランをダウンロードして、同一のアカウントでログインしてください。\n\nゲームの進行状況は自動的に同期されます。
984dc8995ddabd0b,TID_HALLOWEEN_EVENT_TITLE,禁断の合成実験
8f7da9f88f972327,TID_BATTLEPASS_TASK_INFO_USE_WALLBREAKERS,ウォールブレイカーを使い、マルチプレイで<num>個の星を獲得する。
602757f8f53b6fd4,TID_SPELL_BATS_INFO,コウモリの群れを、どこにでも召喚することができます！\n\nここぞという時に、この航空部隊を投入しましょう。なお、コウモリはトラップを作動させません。
6df4b72f669c7db8,TID_TH15_CHAMPION,マジック チャンピオン
efdb5ae97dd67484,TID_BP_PERK_GEM_DONATION_LIST_FORMAT,• 1エメラルド寄付
5d542c012ee36128,TID_GEAR_TITLE_ROYAL_CLOAK,インビジブル薬
d89db6862a98ccc0,TID_OPEN_TRAIN_SPELLS,生成
d7bd3d4ba1c7603f,TID_CHALLENGE_FAIL_SERVER,チャレンジを開始できません。のちほどお試しください。
d4ad3784e25b0a26,TID_SUPER_TROOP_DISCOUNT_STICKER,スーパーユニットが<num>％オフです！
61bd7acf67119319,TID_ERROR_POP_UP_CONNECTION_FAILED_BUTTON,もう一度試す
9031c26ef10d29c3,TID_START_WAR_FAILED_WAR_REQUEST_REJECTED,このクランは最近あなたからのチャレンジを拒否しているため、フレンド対戦チャレンジを送信できません。またのちほどお試しください
5e86ec2adbc0a2fd,TID_PROJECTILE_COUNT,矢の数：<number>
738eea84f861c1b8,TID_TRAP_AIR_INFO,空飛ぶ害虫対策の最先端です。\nせまい範囲内の飛行ユニットに、まとめてダメージを与えます。
da0762f2413a3476,TID_CLAN_JOIN_FAIL_ALREADY_IN_CLAN,すでにクランに参加しています！
fd10f3761f81c138,TID_WL_SEARCHING_FOR_OPPONENTS,対戦相手のクランを探しています...
2cca2a2c4850741d,TID_NOTIFICATION_SHIELD_AND_GUARD,シールドと村の護り
78b1619d7dda0c63,TID_CAPBUILD_ROCKET,ロケット砲
96d21f5e4fa3785b,TID_CANNOT_SWITCH_TO_ACCOUNT_WITHOUT_TENCENT_ID,チーフ<name>の村（タウンホールレベル<number>）が見つかりました！接続済みのWeChatまたはQQのアカウントでログインして、ゲームをロードしますか？
993ee1b5eaf38919,TID_CHARACTER_INFO_AD_SEEKER_WITH_EXPLOSION_SHORT,敵の防衛設備を引き付ける空の盾役です。
a18dc292bcba5763,TID_DEVICE_LINK_ERROR_CODE_ERROR_0,何らかの不具合が発生しました。再度お試しください！
02b5c2d2296f0ddc,TID_CAPITAL_TUTORIAL_11,さあ、グズグズしてる時間はないぞ。さっそくクランに貢献して立派な都を築き上げるのじゃ！
da9ac67f6b7aa759,TID_ALLIANCE_WAR_FAILED_WAR_IS_ENDING,クラン対戦がまもなく終了するため、攻撃できません！
22e80794414afea5,TID_CHARACTER_BARCHER,ババーチャー
4141f68984d5c507,TID_BUTTON_ATTACK,攻撃
5a6b67317218c417,TID_CLANGAMES_TASK_DESTROY_EAGLEARTILLERY,イーグル砲の排除
68d0cbe67c688d24,TID_ANTIADDICTION_NO_REAL_NAME_VERIFIED_3,実名認証を完了されていないため、ゲーム依存防止システムによるプレイ制限がかかっております。一日のプレイ可能時間の1時間30分に達しました。弊社の公式ウェブサイトで実名認証を完了してから、もう一度ログインしてみてください。
0e276a28a609f537,TID_GIFT_DIAMOND_PACK_5,エメラルドの宝箱とギフト
568586d14af18b60,TID_PROFILE_FRIEND_REQUEST_SENT,フレンドリクエストを送信しました
e9795240a294dd46,TID_REENGAGEMENT_LAB_DID_UPGRADES_SOME_LEFT_2,ウィザードがチーフのために\n研究をいくつか完了させたようです。
ce8f9b54021971a9,TID_DECORATION_SNOWMAN,雪だるま
66c6216f3a6a606d,TID_ALLIANCE_WAR_SCOUT,偵察
ef87a45de5f4bd33,TID_ACHIEVEMENT_DESTROY_SCATTERSHOT,マルチプレイで通算<number>個の投石機を破壊する。
741c5a1c4d5aa733,TID_STAGE_LIMIT_EDIT_MODE_DEFENSE,防衛設備：<cur>/<max>
6ac1ccafdb18b199,TID_ALLIANCE_WAR_SPECTATING_NOT_ALLOWED,バトルの観戦はできません
e797368279b35d91,TID_GEAR_INFO_BARBARIAN_CROWN,レイジバーバリアンの集団を召喚します
1469335c27e345d6,TID_BUTTON_GENERATE_CODE_TITLE,アカウントの転送
d8debc9bbe59f1be,TID_SIEGE_MACHINES_OVERVIEW_TEXT,突破兵器は、戦場にクランの城のユニットを送り込むための新たな手段です。クランの城のユニットをマップの端に配置するかわりに、彼らを乗せた突破兵器が、敵の村の中心部を目指して突撃します！これらの突破兵器は、自分の村の突破工房で作ったり、クランメンバーから寄付してもらうこともできます。ただし、突破兵器を保管するには、クランの城がレベル6以上である必要があります。
5ee983ec97e310f5,TID_WEAPON_POISON_SPELL,ポイズンの呪文タワー
8287e6226a040774,TID_REQUIRED_STAR_LABORATORY_LEVEL,レベル<number>の天文ラボが必要です
c23b342c86b00c96,TID_WAR_DATA_ERROR_NO_LONGER_AVAILABLE,このクラン対戦の詳細情報は削除されました。
211e5980661ab791,TID_CHALLENGE_TH12_DRAGBAT,曲芸飛行隊
1266c7439c23f75e,TID_ROCKET_BALLOONS,ロケットバルーン
679814262cf1f60e,TID_GEAR_UP_BUILDING,建物を改造しますか？
78109fbfa7863afd,TID_WAR_BATTLE_INFO,戦闘日には各プレイヤーが攻撃を行います。同じ敵を何度も攻撃しても、集計対象となるのは味方の最も成功した攻撃のみであるため、クラン内でしっかり戦略を立てましょう！クラン対戦で敵を攻撃しても、個人のシールド効果時間が短くなったりトロフィー数が増減することはありません。
617e5d29befcdc29,TID_ERROR_POP_UP_SERVER_MAINTENANCE_BUTTON,もう一度試す
c6fc93d51fb86c92,TID_ANONYMOUS_PLAYER,匿名
58c2d7e3f4c3fa43,TID_INFO_POP_UP_IAP_NOTE_BUTTON,OK
11aa3bf76638f416,TID_GEAR_INFO_PIERCING_ARROW,村全体を貫通する巨大な矢を撃ち出します
6bfcf12636bb7306,TID_CAPITAL_SHOP_RESOURCE_CONFIRM_TEXT,<item>を<num>個購入しますか？
5400d23866756287,TID_FRIEND_FILTER_ADDABLE,フレンドリクエスト
3218c8c4bcbdf872,TID_SIEGE_MACHINE_CARRIER,投下兵舎
fea9177f88f10309,TID_HERO_ABILITY_WARDEN_DESC,グランドウォーデンが魔法の書物に秘められた全ての魔力を解き放ち、彼の近くにいる味方ユニットを、短時間ダメージに対して無敵にします！
13d5fc458a619c3a,TID_BOOST_PETS,スピードアップ：
25d69dfaa3f72199,TID_POPUP_STORE_DECORATION,デコレーションを収納しますか？
dc796d35e16855fe,TID_BOOSTER_STAR_POTION_ALT_2_LINE,大工スターの瓶
342579376c706163,TID_ERROR_POP_UP_PURCHASE_FAILED_BUTTON,OK
c1e688be333349bb,TID_CLANGAMES_TASK_INFO_GET_LEVELKILLS_VS_BARBARIANKING,マルチプレイで通算<num>レベル相当のバーバリアンキングを倒す。
8e7b33e715700508,TID_NPC_CHALLENGE_TH10_MINER_WALL_BREAKERS,他の<c54a0fe>ウォールブレイカー</c>も投入して壁を壊したら、\n<c9916c8>アーチャークイーン</c>を中に向かわせましょう。
5bc6d21f5cd4f832,TID_BUILDING_CRUSHER,クラッシャー
a0aa20f2ea169224,TID_ARTO_TASK_UPGRADE_GENERIC,\n<name>をレベル<level>にアップグレードするとクリア！
2b479be6e06e96bb,TID_WARNING_BH_LEVEL_TOO_LOW_TO_COPY_LEVEL,レイアウトをコピーするには、ビルダーホールレベル<num>以上が必要です。
8c469ff152bf32af,TID_BATTLEPASS_TASK_WIN_BATTLES_USING_WIZARDS,魔法で逆転
f81a22786fb789fd,TID_EVENT_ARMY,アーミーイベント
cd86069a9290436a,TID_EVENT_ARMY_BOOST,1エメラルド訓練ブースト
778d458d56f4481c,TID_WL_INFO_SIGNUP_TAB1_HEADER,参加
0b0fea7314895d53,TID_SAVAGE_KING,ワイルド キング
8fba8e7fc18a2e90,TID_BOOSTER_BOOST_RESOURCES_ALT_2_LINE,資源ポーション
aa646591eae6779e,TID_LEAGUE_MIN_SIZE,リーグの参加メンバーを最低<num>人選んでください
e6c17967bdc79e6b,TID_BP_SPELL_UNLOCKED,<spell>をアンロックしました！
042f9cd7f7317515,TID_TAB_TREASURY_BOOSTERS,魔法アイテム
7de5e249d9abd708,TID_ZAP_TRAP,ザップトラップ
eb0b238b4c07bb65,TID_TREASURY_ELIXIR,宝庫のエリクサー
9b6ea5cfdf8ac873,TID_CURRENT_WAR_LEAGUE,現在のリーグ：
e5ff968d523ed433,TID_NEWS_ROYALE_BUTTON,今すぐプレイ！
733ef71c815f8bdf,TID_DIAMOND_BUNDLE_TH11_INFO,• <gems>エメラルド\n• ヒーロー「グランドウォーデン」\n• レベル1イーグル砲\n\n建設時間なし！\n\nこの<cffec78><value>xバリュー</c>のスターターパックは、1度きりの限定提供となります！
2dda6e08a35bd065,TID_START_WAR_FAILED_NOT_ENOUGH_MEMBERS,参戦可能なメンバー数が不足しているため、クラン対戦を開始できません！
01c3e5df61bf0185,TID_AVATAR_MESSAGE_GEM_DONATION,エメラルドを寄付されました。「回収」を押すと受け取ることができます。
f7da74c56008a266,TID_MULTIPLAYER_STAR_BONUS_EVENT_ACTIVE,<c66CC00>星ボーナス<num>倍イベント！</c>
7c3b40ab6810dce4,TID_ALLIANCE_WAR_LOOKING_FOR_OPPONENT,クラン対戦の相手を探しています...
685ef10ff9996717,TID_DAILYLOGIN_INFO_TEXT,毎日ログインしてギフトを受け取りましょう！
2fb219a930188da0,TID_TRAINING_SCREEN_TAB_PRESETS,高速訓練
56e34e2ebead34f0,TID_ACCOUNT_DELETION_WARNING_CONTACT_PS,このアカウントの削除依頼を承りました。削除をキャンセルできるのはあと<time>です。
72979f080da6d559,TID_TUTORIAL_WAR_INFO_1,情報ボタンをタップすると詳細を確認できます。クランの皆が頼りにしてますよ、チーフ！
bcb44842b1624c79,TID_TUTORIAL_RAID_WEEKEND_2,対戦相手となる敵のクランはここに表示される。すべての地区を破壊して、勝利を掴むんじゃ。
27ecf9f675ebe27c,TID_PURCHASE_LIMIT_CONFIRM,\q<CONFIRM>\qと入力してOKボタンを押せば<ITEM>を<PRICE>で購入でいます。
0e8adcedf4c6dbe2,TID_DIAMOND_BUNDLE_TH12_ALT_INFO,• <res0>ダークエリクサー\n• <res1>ゴールド\n• <res2>エリクサー\n\n収容量制限なし！\n\nこの初回限定<cffec78><value>倍バリューチャンス</c>をお見逃しなく！
e08548f4e57d9dce,TID_BP_COMPLETED_TASKS_HEADER,クリアしたチャレンジ
5c92dda9830e5b25,TID_LOCAL_NOTIFICATION_TRAINING_HAS_STOPPED,訓練が完了しました！
3b4e7fbe4f46e2cf,TID_INFO_POP_UP_TOS_PP_NOTE_TENCENT,クラッシュ・オブ・クランは無料でプレイできますが、アプリ内での購入によりゲームを早く進めることもできます。「OK」をタップすると当社のサービス利用規約とプライバシーポリシーに同意したものとみなされます。
b938e3d304c6c16c,TID_CHALLENGE_EVENT_ENDED,チャレンジイベントが終了しました
b10fccf430f40864,TID_GUARD_ON_COOLDOWN,村の護りはまだ使えません！
e4ba731f1c2b8dbb,TID_SPEED_UP_HERO_HEALTH_HEADER,今すぐ回復
1cc4f195a8f46006,TID_SCENERY_CRYSTAL_CAVERNS,クリスタルの洞窟
d3ee3c7be68b70f1,TID_RAID_NUMBER,合戦<number>
5bbe5d84adfda3ee,TID_TRAINING_TIME2,訓練時間：
56727d710d387224,TID_CHARACTER_INFO_SPEAR_GOBLIN,ゴブリンに槍投げを教え込んだのは誰なのか？そして、槍はどこから調達しているのか？答えはすべて謎に包まれていますが、地上と上空の敵を見事に撃退してくれます。
479f8d063bbfb105,TID_INFO,i
8b33773b52de0ab8,TID_BATTLEPASS_TASK_UPGRADE_ANY_WALL,鉄壁の防衛
23d2aae6e7862da1,TID_WALL_INFO_SHORT,村の安全を守るには壁が必要です。
c3f1d411ba6187e0,TID_CAPITAL_ARMY_SAVE_FAILED,都の部隊を保存できませんでした
05bd73dc486b7e63,TID_BUY_PRIZE_SHOP_ITEM_HEADER,<item>の購入
6f99344da50dc466,TID_BOOSTER_USE_BUTTON,使う
2f3abbb4ac921cfe,TID_INVISIBILITY_SPELL_INFO,インビジブルの呪文を使うと、効果範囲内のあらゆるものが透明になり、敵から攻撃を受けません。ただし、壁と突破兵器には効果がありません。
d2c6a1597aa3bcf6,TID_NEWS_DARK_SPELLS_TITLE,
4c9a1fc434ff5629,TID_GOOGLE_SERVICE_CONNECT_TEXT,チーフ！\nGoogle Play のアカウントにログインして<c2>ゲームの進行情報を保存しましょう</c>。\n保存後は、Google Play アカウントでログインすれば\nいつでも<c2>好きな時に好きなAndroidデバイスで、村を読み込める</c>ようになります。
3568fea3bbd98dae,TID_BUTTON_GLOBAL_HIGHSCORE,グローバル
ea267fffa17aad84,TID_EVENT_CONFIRM_TIER_UNLOCK_TITLE,<soft_currency>を購入
e6f97fd6dab9c040,TID_ACHIEVEMENT_UNIT_UNLOCK_TITLE,魔獣降臨
ae70285d9fe516cc,TID_CONFIRM_MERGE,売りますか？
108d9c88e124fb1f,TID_BOOMBOX_MAINTENANCE_TIME,予想待ち時間：<time>
70a663fca0d9ac3f,TID_BP_RECEIVED,ゴールドパス獲得！
043b02295c3a4458,TID_ERROR_POP_UP_SERVER_MAINTENANCE_TITLE,メンテナンス中
10b843cacda9b986,TID_BUILDER_HALL_5_INFO_SHORT,より高度な大工技術が使われています。
7c6316da0c3f8d7e,TID_LEADERBOARDBANNER_PLAYER_HISTORY_INFO,一定数以上のトロフィーを持つプレイヤーは、各トーナメントの終了後に、トロフィー数がレジェンドリーグの初期値へとリセットされます。この時差し引かれたトロフィーは、「レジェンドトロフィー」として恒久的に授与されます。
291af623355275e0,TID_NPC89,見えないジレンマ
54d6e5284831621e,TID_TUTORIAL_TOWN_HALL_2,素晴らしい！タウンホールを\nアップグレードしたことで、ショップから\n新しい建物を建設できるようになりました。
d7c299be862f4ed5,TID_OPEN_GAMECENTER_BUTTON,Game Center を開く
075f04b0dd8a387d,TID_LOADING_FACEBOOK_FRIENDS,友達リストの読み込み中...
c3158280d3817d61,TID_VIEW_ALLIANCE,クランを見る
d8a7e85e502b41a1,TID_TUTORIAL_WAR_BATTLE_1,戦闘日は攻撃の時です！ここではトロフィーもシールドも関係ありません。ただ勝利を掴むのみです！
9684c67957b8cad2,TID_SUPER_BOWLER_ABILITY_HELP,岩が3つ目の標的までバウンドし、更なる範囲ダメージを与える
0dd4bc2930dac60d,TID_TENCENT_DOLPHIN_ERROR_1,网络错误，请在网络环境正常下重启游戏。
9aa8c9f558f43d12,TID_ALLIANCE_SEARCH,クランを探す：
3a9b64bc65bc8496,TID_MAINTENANCE_UPDATE_TITLE,次回アップデート！
771f41aa9dc049dc,TID_NOTES_LAST_EDITED,最終編集：<cffffff><name></c>
d22e3ba803a70873,TID_DIAMOND_BUNDLE_MAGICITEMS_STRENGTH_POTION_ONLY_INFO,• パワーポーション<booster1>個\n• 収容量制限なし！\n\nユニットの能力を最大限に引き出して、新しい編成を試してみよう！\n\nこのチャンスをお見逃しなく！
7d7576159d4a9fcb,TID_TUTORIAL_FORGE_3,どういう仕組みなのか尋ねたんですが、どうせ理解できないからと教えてくれませんでした...
465db1b7f04ba724,TID_WAR_WAR_BASE_INFO,準備期間中には、拠点は援軍受け入れが可能になり、また村にある全ての施設や設備を再配置できます。戦いが始まると、これらの拠点は防衛の要となり、資源とトロフィーを確実に守り抜かなければなりません。新しく建設した建物も忘れず拠点に配置しましょう！
6d18a25c246067a9,TID_DECO_CLOWN,\qラブリーな\qピエロ
59c0f4632282ddb1,TID_CLAN_TAG_UNDERDOG,弱小
a922a8618cf00ba4,TID_BUY_MULTIPLE_MISSING_RESOURCES_TEXT_N2,不足分の<resource1> <count1>と<resource2> <count2>を買いますか？
c5d3e31ba55a519c,TID_EVENT_CHRISTMAS_INFO,
b1d8cae2d48dda6c,TID_IAP_NOT_AVAILABLE_CAFE_BAZAAR,アプリ内購入を利用できません。デバイスにCafe Bazaarアプリがインストールされていることをご確認ください。
218ccafe68415948,TID_MAINTENANCE_ESTIMATED_UNKNOWN,あとでまたお試しください。
d70b45aa442d7bf8,TID_PET_POISON_LIZARD_INFO,スピードにかけては誰にも負けないポイズンリザードは、毒を吐き出して敵の速度を低下させます。ひょっとすると、ただの毒ではなく猛毒なのかも...？しかし、それを確かめる勇気は誰にもないでしょう。
850a6f5ed61a79fa,TID_LEADERBOARDBANNER_REWARD,トップ3クランへのボーナス（各クランのトップ20プレイヤーで等分）：
dfb85c79595e4b8d,TID_BATTLEPASS_TASK_INFO_WIN_BATTLES_USING_WIZARDS,ウィザードを使い、マルチプレイで<num>回勝利する。
d187fcf64338ad26,TID_DIAMOND_PACK_RED,（ひとにぎりのエメラルド）RED
442e63171e0b992b,TID_CLANGAMES_TASK_WIN_HOMEBATTLES3STARS,3つ星を求めて
6fbbf921e0000057,TID_EVENT_TITLE_REGULAR_THEMED_BATTLE_TH0212,戦闘のるつぼ
30d8973fe6583881,TID_LEAGUE_WOOD3,ウッドリーグIII
4cfc2594b5ec4605,TID_BATTLEPASS_TASK_INFO_USE_ELECTROFIREWIZARD,ファイアボルトウィザードを使い、大工の拠点戦で<num>個の星を獲得する。
2d194a5e362358e9,TID_DECO_GOBLIN_CELLAR,ゴブリンの穴ぐら
70a3760bbcc2e073,TID_CLANGAMES_TASK_INFO_DESTROY_BB_MULTIMORTAR,大工の拠点戦で通算<num>個の<building>を破壊する。
da7c31009f0d2d93,TID_CONFIRM_SUPER_TROOP_CANCEL_TITLE,スーパーユニットを元に戻しますか？
22eb5f05c8c3f8ea,TID_OFFER_BUILDING_LEVEL,レベル<level> <building>
e4170f5eb8421dcb,TID_CLAN_JOIN_FAIL_FULL,このクランはメンバーが一杯です！
25bf229a562f882d,TID_WL_MEDALS_BONUSES_ALT_GEMS_RECEIVED,クラン対戦リーグの報酬からエメラルド<num>個のボーナスを与えられました
5c382cd7010d2173,TID_ALLIANCE_WAR_STAT_ATTACKS_LOST,攻撃失敗回数
70366e90e893ff9c,TID_BUY_RESOURCE_PACK_TEXT,<resource> <count> を本当に買いますか？
f0836af1c410be2b,TID_POPUP_CANCEL_UPGRADE,<item>のアップグレードをやめますか？アップグレードコストの<number>％しか戻りません。
43a2b9fa8a0e2464,TID_ERROR_POP_UP_BANNED_BUTTON,OK
d63a7c46bd1fff83,TID_HERO_INFO_BATTLE_COPTER_SHORT,飛行マシンで地下世界を探索する... 違和感などありません。
ee5dfc29b2825412,TID_CHARACTER_INFO_SKELETON_GOLEM_WITCH,スケルトンは一体では大した戦力にならないものの、決して一人で戦うことはありません。ネクロゴーレムが無限に召喚し、大群で敵に襲いかかります！
4eaba10532e91c66,TID_CLAN_TAG_CLAN_GAMES,クランゲーム
8283f13d1285293d,TID_BATTLEPASS_TASK_WIN_BATTLES_USING_LOONS,戦勝パレード
fe8daba2c4e94e20,TID_BUILDING_MONOLITH_INFO_SHORT,敵が強力なほど威力を発揮します。
2bd56f4a72651866,TID_HERO_ABILITY_SUMMONED_UNITS_LEVEL,召喚ユニットレベル：<number>
d414b989ab74a17e,TID_PLAYER_TAGS_HEADER,結果を絞り込むためにラベルを選べます
b305a55ce92ba20e,TID_HERO_AURA_WARDEN_DESC,グランドウォーデンが持っている魔法の杖は、ユニットの生命力を強化するオーラを放ち続けます。オーラはレベルが上がるごとに強力になります。攻撃時でも防衛時でも、近くにいる味方ユニットは全員ヒットポイントが増加しますが、遠く離れてしまうと効果は失われます。
e0f794e38d4b3879,TID_POPUP_ARMY_OVERVIEW,軍の概要
68624eec46cddcc0,TID_COSMETICS_CUSTOM_MODEL,カスタムモデル
d83e5c0552d0cbc2,TID_DIAMOND_MINE_FULL_NOTIFICATION,チーフ、エメラルド鉱山がエメラルドでいっぱいです！
c7b134a6e0620639,TID_SURRENDER_POPUP_TITLE,降参しますか？
ee7f0434dc9dbbd1,TID_NPC_CHALLENGE_TH9_BABYDQW_BABY_DRAGONS,大半の<cf70d16>対空砲</c>を破壊しました。\n次は<c54a0fe>ベビードラゴン</c>を投入しましょう！
3c2eda4bf82c09b1,TID_STARTER_WINUSINGHEALER_INFO,<num2>体のヒーラーを使い、マルチプレイで<num>個の星を獲得する。
251e95f693763160,TID_SHOP_CATEGORY_SHIELD,シールド
26dd89c933a5f826,TID_BOB_TASK_GEAR_UP_FLUFF,村での建設作業を通じて、マスター大工は絶対に見分けのつかない大工の作り方を思い付きました。
68d678367e229651,TID_CHAMPION_KING,チャンピオン キング
2d2df8960a92b082,TID_LEAGUE_V,V
45b8107b66c39840,TID_DECO_SOCK,スケルトンのソックス
4485d2bfe616571d,TID_ALLIANCE_WAR_MOST_HEROIC_VICTORY,最も勇敢な攻撃
dfb935dd2107f1b4,TID_BATTLEPASS_TASK_INFO_DONATE_SIEGE_MACHINES,クランメンバーに<num>体の突破兵器を寄付する。
4c3e180d79cefd6e,TID_MEDAL_EVENT_COMBAT_ITEM_LOCKED,<soft_currency>をさらに集めてアンロック：
0ac16d196615f035,TID_BATTLEPASS_TASK_WIN_STARS_USING_SKELETON_INFO,スケルトンの呪文を使い、マルチプレイで<num>個の星を獲得する。
4fba4f935bdff028,TID_ALLIANCE_WAR_AVG_ATTACK_DURATION,平均攻撃時間
e3c9386eba07bc09,TID_INFO_POP_UP_TOS_PP_NOTE_AMAZON,クラッシュ・オブ・クランは無料でプレイできますが、アプリ内での購入によりゲームを早く進めることもできます。Amazonアプリストアの設定からApp内での購入を無効に設定することもできます。「OK」をタップすると当社のサービス利用規約とプライバシーポリシーに同意したものとみなされます。
8cd9cd9c8f61f90a,TID_FRIENDLY_ARMY_CHANGED,フレンドリー部隊を変更しました
77cdba97149180bc,TID_HALLOWEEN_INFO_SCREEN_ITEM1,マルチプレイで禁断のエリクサーを回収
40ec766e3c7dff91,TID_CLAN_SETTINGS_NO,いいえ
5de2a163bc40ce27,TID_MEGA_TESLA_INFO_SHORT,「メガテスラ」の「メガ」は「メガボルト」の略です。
c1ff939f02243f63,TID_MONTH_1,1月
24876065a31233da,TID_WL_MUST_SELECT_ALL_BONUSES,支給されていないボーナスがあります。メンバーを選択してください！
5e73db8f1b80efd2,TID_BUTTON_CHANGE_VILLAGE,移動
d829f6310a97d03a,TID_CWL23_SCENERY,クラン対戦アリーナ
d5e2c44d1ae7ab08,TID_WL_INFO_LIVE_TITLE,対戦リーグ 戦闘週間
2fde54b99423e469,TID_HINT_TREASURY,宝庫は、クランの城に保管されているクラン対戦の戦利品と星ボーナスの戦利品を守ります。
044dfd65ce0fe31f,TID_DIAMOND_BUNDLE_RED_INFO,• <gems>エメラルド\n• スーパーヒーローの像\n• バーバリアンキング用の期間限定(RED)スキン\n\n売上金の100％の金額が、(RED)を通じてエイズ対策支援のために寄付されます。
6b0b334a61b30bde,TID_BATTLEPASS_TASK_INFO_WIN_BATTLES_USING_GOLEMS,ゴーレムを使い、マルチプレイで<num>回勝利する。
fa7d14fd36604a8b,TID_ABOUT,スタッフロール\n\n<names>\n\nClash of Clans ™ <version>\nCopyright 2012-2023 Supercell Ltd. All Rights Reserved.\n米国特許出願中\n本ソフトウェアのご利用にあたっては、サービス利用規約およびプライバシーポリシーに同意いただく必要があります。具体的な内容につきましては、www.supercell.comをご確認ください。
d89f7b3b9bf9991f,TID_CLANGAMES_TASK_USE_SUPER_WITCHES,ネクロマンサーとアシスタント
8d2337f7a0103155,TID_TUTORIAL_RAID_WEEKEND_6,週末が終わると、攻撃と防衛の戦果に応じて合戦メダルが与えられるぞ。
463711bad4664201,TID_LEAGUE_INFO_LOOT_BONUS,タイタンIリーグでの戦利品の最大ボーナス：
4cb15572c3ee3597,TID_BATTLEPASS_TASK_WIN_BATTLES_USING_HEAL_INFO,ヒールの呪文を使い、マルチプレイで<num>回勝利する。
d153e56c6f53b1a3,TID_TREASURY_GOLD,宝庫のゴールド
af27b498cbac6443,TID_HEAL_AURA,回復（毎秒）：<number>
38540830b32352a2,TID_CLANGAMES_TASK_INFO_DESTROY_BB_ELIXIRPUMP,大工の拠点戦で通算<num>個の<building>を破壊する。
3f19f2ff433d05cf,TID_ALLIANCE_WAR_STARTWAR_INFO_CLANMEMBER,栄光とボーナス戦利品\nそしてクランＸＰをかけた\nクラン同士の戦い！\n\n\n準備ができたら、開戦するようリーダーに進言しましょう。
7f56b81ab62f5ff9,TID_PROFILE_BEST_WAR_STARS,クラン対戦で獲得した星：
234f738bf1c7aaa3,TID_NPC_CHALLENGE_TH4_GIANT_GOBLINS,<cf70d16>迫撃砲</c>を破壊できたら、\n<c54a0fe>ゴブリン</c>を使って仕上げにかかりましょう。
11bb6b1cbba53aef,TID_CLANGAMES_TASK_INFO_LOOT_GOLD,マルチプレイで通算<num>ゴールドを獲得する。
90ab1543fe518ea7,TID_ANTIADDICTION_ADULTHOOD_NOT_FULFILLED_2,プレイヤー様は未成年であるため、ゲーム依存防止システムによるプレイ制限がかかっております。法定休日のプレイ可能時間の3時間に達しました。
82311e25bce4e7d9,TID_PIXEL_WARDEN,ピクセル ウォーデン
217ac0574dfee2fb,TID_BOOSTER_FILL_GOLD_STORAGE,ゴールドのルーン
17625b592328d293,TID_BP_SEASON_BANK_INCREASE,シーズン資源の容量が増加します。\nゴールド：<gold>\nエリクサー：<elixir>\nダークエリクサー：<de>
a97cdc5fdadc9f52,TID_DECO_TH14_FOUNTAIN,優雅な噴水
2efff4109ee79b3e,TID_EVENT_TITLE_CLANWAR_LONG3,今週の戦利品
4e0a6d9a3922cc80,TID_STARBONUS_WINDOW_TREASURY,宝庫にボーナス戦利品が届きました。
3385dc58ded30882,TID_ALLIANCE_WAR_RESOURCE_STORAGE_CAPACITY,<resource>：<number>
130d7bc9f63ccec1,TID_LOCAL_NOTIFICATION_EVENT_ARMY_DISCOUNT,チーフ、特別なアーミーイベントが始まりました！
a1f7c1de89ccb0f5,TID_STARTER_TH2_BUILDWALLS,壁大工
2079adbed2938bef,TID_CAPITAL_RAID_DISTRICT_ALREADY_DESTROYED,この地区はすでに破壊されています
eea54f40f4f30535,TID_ALLIANCE_STREAM_REWARD,<number>XPをもらいました
d5f59afaa621b86c,TID_BP_PERK_BUILDING_BOOST,大工ブースト
0fb0f6c62d93f0af,TID_CHALLENGE_NOT_AVAILABLE_IN_MODE_CANCEL,ホームに戻らないとチャレンジをキャンセルできません！
144705f76b3e55be,TID_ARRANGED_WAR_SIZE,フレンド対戦サイズ：<num> vs <num>
5e759af1d3ff23eb,TID_START_WAR_FAILED_INVALID_SIZE,クラン対戦を開始できません！
999c30a94517683c,TID_NEWS_UPDATE_OTHER_TEXT,*「フリーズ」の呪文が敵の飛行ユニットにも効果を発するようになりました\n*ラヴァハウンドが飛行ユニットを攻撃しなくなりました。\n*攻撃側のユニットが防御側ユニットを追いかける範囲が、広くなりました\n*タイタンIIIリーグとタイタンIIリーグは、ショップで1週間のシールドを購入できるようになりました。
a7e6d38dd96a7c95,TID_CRAFTING_RESOURCE_LOCKED,<resource>を使って造幣を行うには、<building>がレベル<level>に到達している必要があります
6021c917934c2f02,TID_GEAR_UP_AVAILABLE_LATER,先にこの建物をレベル<level>にアップグレードしてください！
e179554cdb6c1ea9,TID_MOVEMENT_SPEED,移動速度：
887dfee8eeb9c3a5,TID_KUNLUN_APP_STORE_LENOVO,Lenovo
4966f0469d230384,TID_TARGET_ALREADY_IN_ALLIANCE,このプレイヤーはすでにクランに参加しています。
6378743486559ea5,TID_BP_PERK_MAXIMUM_SEASON_BANK,MAX容量アンロック
ed1e4e285adaaac3,TID_BOOSTER_ERROR_BOOST,<booster>は使用できません！ブーストできるものがありません。
7032a81cd5d49a66,TID_BOOSTER_FINISH_ANY_UPGRADE_ALT_2_LINE,森羅万象の本
dca233ca8ac063db,TID_TUTORIAL_FORGE_2,不思議なことに、毎日少しずつ都ゴールドが生成されるようです。回収する時は、ここをタップしてください。
e4f95deff0043efa,TID_DECO_MINE_CART,鉱山カート
138410692e69582a,TID_NPC_CHALLENGE_BOWIGI_RAGE2,<cf07bf8>レイジの呪文</c>を使って、味方ユニットが中央と下側へ\n攻め込むのをサポートしましょう！
083bdf22d700adb7,TID_CLANGAMES_TASK_DESTROY_BB_FIRECRACKERS,ロケット花火タックル
df095db42fed7378,TID_LEAGUE_CHAMPION,チャンピオンリーグ
c22810f2907eca1b,TID_BATTLEPASS_TASK_WIN_BATTLES_USING_JUMP,乗り越えて
62103d49083369dd,TID_CHARACTER_INFO_RAGED_BARBARIAN,なぜそんなに怒っていて、素早く、狂暴なのでしょうか？みな怖がって尋ねませんが、なくした剣が見つからないからではないかと...
b6d012630e5598e9,TID_BUILDING_CLASHOWEEN_BUILDING,禁断のエリクサーの大釜
908d6db8328dfdb8,TID_NPC_CHALLENGE_TH9_BABYDQW_ARCHER_QUEEN,<c9916c8>アーチャークイーン</c>を投入して、\n村への道を切り開きましょう。
250fbd0903bfa232,TID_BATTLEPASS_TASK_WIN_BATTLES_USING_RECALL_INFO,リターンの呪文を使い、マルチプレイで<num>回勝利する。
c271659ef80ee769,TID_BONUSES_ASSIGNED,ボーナスを確定しました
03b53e55d4b4cbbb,TID_BUY_PRIZE_SHOP_ITEM_MULTI_HEADER,<item>を<num>個購入
9465a6dec23d3851,TID_STREAM_REPLAY_TEXT_DEFENSE,防衛相手：
29c68eff4860ec8d,TID_TUTORIAL_ELIXIR_CART_3,防衛で星を獲得するごとに、エリクサーが手に入ります。
0c360900f04469af,TID_ACHIEVEMENT_TOWN_HALL_TITLE,大は小を兼ねる
ae1cad3f168c29c0,TID_CLANGAMES_TASK_INFO_GET_LEVELKILLS_VS_ROYALCHAMPION,マルチプレイで通算<num>レベル相当のロイヤルチャンピオンを倒す。
3b56df42c33f095a,TID_HINT_USABLE_WHILE_UPGRADING,アーミーキャンプ、クランの城およびタンクや金庫などの保管専用施設はアップグレード中でもいつもどおり使えます。
15abb49ca73ae37d,TID_HOUSING_INFO,ユニットは「アーミーキャンプ」に集まって出番を待ちます。\nキャンプを増設、アップグレードして強大な部隊を作り上げましょう。
280983141b6f42bd,TID_BOOSTER_FILL_DARK_ELIXIR_STORAGE_INFO,この魔法アイテムを使うと、どこからともなく湧き出るダークエリクサーで自分の村にあるダークエリクサータンクをいっぱいにできます。
cf41a29de53b6594,TID_DAILY_TASK_2_TITLE,毎日大工の拠点戦
162bd8fc974b2874,TID_PRIMAL_KING,古代 キング
ed92e05b686cfb60,TID_INFO_BALLOON_CARRIER,爆弾のかわりに骨をいっぱいに積んだバルーンです。\nスケルトンたちを、敵のすぐそばに投入できます！
775fa1bd7dbd11c5,TID_TRAP_AIR_INFO_SHORT,痛快なサプライズを空中ユニットにもお届けします。
0ff5ae599c13792e,TID_NPC_CHALLENGE_TH11_EDRAG_ARCHER_QUEEN,<c9916c8>アーチャークイーン</c>を投入して、\n突破口を完成させましょう。
8f65fba33853cb41,TID_BOARRIDER,ホグライダー
87bf6fec5a06c2e6,TID_SOUR_ELIXIR_LOOTED,禁断のエリクサー：
5629b2efd769185a,TID_STARTER_WINSTARS,星を勝ち取れ！
34d7af089e842475,TID_BUILDING_DARK_ELIXIR_STORAGE,ダークエリクサータンク
b9e3a521bfa36d08,TID_SETTINGS_NAME,名前
0b9b0b37c918255d,TID_FEATURES,機能
ff95665abd47acf1,TID_TENCENT_GUEST_LOGIN_WARNING_TITLE,ゲストとしてログインしますか？
8a3e34fab3724476,TID_GEAR_RESOURCE_COMMON_INFO,装備のアップグレードに使用できます。星ボーナスかクラン対戦で入手可能です。
12e5b1999b670f0f,TID_NPC52,クロス＆ボウ
79db8fe3dd9ebc0b,TID_TRAP_DAMAGE_RADIUS,効果範囲：<number>タイル
293af2a326916e78,TID_DIAMOND_BUNDLE_BH6_INFO,• <gems> エメラルド\n• <res0> エリクサー\n• レベル1バーナー\n• レベル1クラッシャー\n\n建設時間なし！\n\nこの<cffec78><value>倍バリュー</c>は、1度限りの特別提供となります！
e78faeb333409d4a,TID_EDIT_MODE_REMOVE_BUTTON,取り除く
0717f0489a4b99d7,TID_BARRACKS_NOT_UNLOCKED,この兵舎はまだ建設されていません
e1d42e99cfdefbc4,TID_CLANPERK_INFO_TEXT,クランXPを獲得してクランのレベルを上げ、強力な特典を手に入れましょう！\nクランXPはクラン対戦やクランゲームに参加することで手に入ります。
5870ae730d4ba7f0,TID_PROMOTE_TO_ADMIN_CONFIRMATION,<name>をクランの長老に任命しますか？
e99339d0979c0fad,TID_TENCENT_DOLPHIN_ERROR,更新错误<error>
ee2491e9638c2457,TID_POPUP_EDIT_MODE_DISCARD_TITLE,編集をキャンセルしますか？
2d7ff06236fd338d,TID_HERO_ABILITY_ROYAL_CHAMPION_TITLE,ホーミングシールド
087780451f27650b,TID_NPC_CHALLENGE_TH11_LAVALOON_STONE_SLAMMER,<c54a0fe>ロックボマー</c>を投入しましょう。<c54a0fe>エアバルーン</c>を\n守りながら防衛設備を破壊してくれます！
abb8dafd050d2006,TID_LEAGUE_IRON1_SHORT,アイアンI
591a68bb0bb40d95,TID_HALLOWEEN_2016_INFO,
ccbf3d73355a77dd,TID_CHARACTER_INFO_SKELETON3,この不死の生物は、単体ではもはや骨なしと言えるでしょう。しかし集団となれば話は別です。スケルトンの群れが一気に敵を襲います！
e95fb67e9141fc1f,TID_BATTLEPASS_TASK_INFO_USE_WIZARDS,ウィザードを使い、マルチプレイで<num>個の星を獲得する。
3af440ecc098c296,TID_LEGEND_LEAGUE_INFO_TAB0_HEADER,概要
82caab22f6ed77b2,TID_AURA_DAMAGE,オーラダメージ（毎秒）：<number>
088a0cd237731853,TID_ELIXIR_PUMP_INFO,エリクサーは、村の地下を流れている地脈からくみ上げられます。\nエリクサーポンプをアップグレードすれば、エリクサーの生産量が増えます。
73ad984d231a3f9e,TID_GOOGLE_PLAY_ACHIEVEMENTS,達成項目
61f0f8a507b56fc5,TID_HINT_BALLOON_TARGET,エアバルーンは主に大砲などの敵の防衛設備を攻撃します。
91625c4801ae294f,TID_LOCAL_NOTIFICATION_FORGOT_ARMY,おっと、ユニットの訓練をお忘れですか？
26d885230d1c54f7,TID_BIND_TO_NEW_GAMECENTER_ACCOUNT_TITLE,Game Center の新しいID
eccf25c625f76942,TID_TUTORIAL_TRAIN_1,それではユニットを訓練しましょう！
856f16809510b990,TID_DEVICE_LINK_ERROR_CODE_SAME_PLATFORM_TEXT_ANDROID,複数の Android デバイスでプレイするために、コードによる関連づけを使う必要はありません。\n\n別の Android デバイスでプレイするには、もう一つのデバイスで Google Play にログインしていることを確認してください。次に、このデバイスから Google Play ログインを使用します。（Google Play ログインはゲームの設定から見つけられます。）\n\nゲームの進行状況は自動的に同期されます。
8bc03fbec1ee2c7f,TID_CAPBUILD_BARRACKS_MEGA_SPARKY_INFO,ガラスの球体に稲妻を落とすことで、メガスパーキーに命を吹き込みます。そばに寄るだけで髪が逆立ちますよ！
4585d407f831ef63,TID_WAR_PARTICIPANTS_HEADER,クラン対戦の参加者：
2471af70ca08e62d,TID_CLANGAMES_TASK_WIN_STARS_WITHOUT_HEROES,ヒーロー気取り禁止
72f34fed96e3f8e9,TID_FEATURE_LABORATORY,ラボ
52865c36e99833c7,TID_ACCOUNT_DISABLED_TEXT,アカウントが無効化されました
dcac805b319f2279,TID_BOOSTER_USE_HERO_POTION,ヒーローを\nブースト
0b66f857624a7400,TID_SHOP_CATEGORY_VILLAGE_BACKGROUNDS,背景
d5b2a1bbd0bb816f,TID_TRAIN_ALL_HOUSINGS_FULL,アーミーキャンプが一杯です！
d05bbb7bf8bcebca,TID_LEAGUE_STONE4_SHORT,ストーンIV
09dc51fd4100a5dc,TID_LEAGUE_WOOD1_SHORT,ウッドI
0d3cdeeb95f4343a,TID_DIAMOND_BUNDLE_TH5_ALT_UPDATED_INFO,• <res0>ゴールド\n• <res1>エリクサー\n\n収容量制限なし！\n\nこの初回限定<cffec78><value>倍バリューチャンス</c>をお見逃しなく！
d534f20074840932,TID_REGION_CUSTOM1,
b492ed6722cc3b8c,TID_SPELL_OVERGROWTH_INFO,
96cc27af7db9fc0d,TID_NPC_CHALLENGE_TH7_MINION_RAGE2,<cf07bf8>レイジの呪文</c>を使用することで、\n<c54a0fe>ガーゴイル</c>がより早く標的を破壊できます。
734f903ec7df301e,TID_ALL_SPELLS_USED,呪文がありません
85d1085fb418a7d8,TID_WORKER_BUILDING,大工の小屋
708cb2a945c3488d,TID_EP_GET_BANNER_TITLE,イベントパスを購入
a8cc0c9c503c7b15,TID_DIAMOND_BUNDLE_TH11_REVISED_INFO,• レベル1イーグル砲\n• グランドウォーデン\n• ヒーローの本<booster1>冊\n• <res0>エリクサー\n\n建設時間なし、収容量制限なし！\n\nこの<cffec78><value>倍バリュー</c>のパックは、1度限りの特別提供となります！
7aa70a148b84a744,TID_COSMETICS_EXTRA_SOUNDS,追加サウンド
760f79b8079d2c62,TID_ALL_BUILDERS_AVAILABLE,全アップグレード完了
09eb884003dec27b,TID_CLANGAMES_TASK_WIN_STARS_USING_BAT_INFO,コウモリの呪文を<num2>回使い、マルチプレイで<num>回勝利する。
9df28677b521d6c2,TID_TUTORIAL_STARTER_CHALLENGE_2A,新しいチャレンジが\nアンロックされることもありますよ。
1e933ff24edec7e5,TID_WARNING_INVALID_LAYOUT_CODE,無効なレイアウトリンクです。
6eb319e74b0bd8d7,TID_ALLIANCE_GAMES_REWARDS_TAB,報酬
5ad634971497eac6,TID_BOOSTER_BOOST_PRODUCTION_OFFER_INFO,訓練ポーション<num>個 - 兵舎、呪文工場、突破工房の生産やヒーローの回復を<time>にわたって促進します
54d7e3ddcb7a2f63,TID_WL_ROUND_INFO_BUTTON,対戦情報
175077cc8030eee0,TID_OFFER_ANNIVERSARY,記念パック
bdf8083b4d9b3ede,TID_ACHIEVEMENT_DONATE_CAPITAL,<number>都ゴールドを出資して、クランの都のアップグレードに貢献する。
62187f8bd3a02317,TID_CLANGAMES_TASK_DESTROY_BB_ARMYCAMP,キャンプは大混乱
3c461d13ef4eb9f4,TID_DARK_TOWER_INFO,ダークエリクサーを燃料とする炎を灯し、1体の敵に目玉が飛び出るほどのダメージを喰らわせるか、複数の敵をほどよく火あぶりにします。
5c9da1d98531210e,TID_TENCENT_EXIT,退出
8e774bdea241340b,TID_POPUP_REMOVE_REINFORCEMENTS_TEXT,本当に破棄しますか？使ったコストは戻ってきません。
b5e12c4806653c0a,TID_REJECT_FRIEND_CONFIRMATION,<name>からのフレンドリクエストを拒否してもよろしいですか？
18c5b52b2797d8d4,TID_CLANGAMES_TASK_CLEAR_OBSTACLES,ガーデニング演習
671e11d4ddf73c5f,TID_CHAT_RULES_RESPECT,他のプレイヤーを尊重しましょう！
730f41502c9c664e,TID_CLAN_WAR_PREPARE_BUTTON,戦闘準備！
651a7b8368ac7220,TID_POPUP_UNDER_ATTACK,攻撃を受けています！\n村が自動的にロードされるまで少しお待ちください。
e98babddf5b7681f,TID_SNEAKY_ARCHERS,スニークアーチャー
d879c908f47db7a1,TID_SELF_DONATE_TROOPS,援軍
260370e20584d12d,TID_POPUP_BOOST_ELIXIR_COLLECTOR,エリクサーの生産を<time>だけ2倍にしますか？
d1b663c037575afa,TID_DAILY_LOOT_LIMIT_FULL_INFO,本日の戦利品はすべて入手済みですが、戦ってトロフィーを手に入れることはできます！
ab4f8240a2058fa2,TID_OBSTACLE_BIRTHDAY2017,5周年記念ケーキ
504bb83f7a08daca,TID_TUTORIAL_ELIXIR_CART_1,他の大工が攻撃を仕掛けてきました！私たちの防衛設備で撃退してしまいましょう！
800a0af036d27ea4,TID_OBSTACLE_TREE_STUMP,切り株
c8de19f3a3424b94,TID_ACHIEVEMENT_LEAGUE_TITLE,リーグオールスター
38b27b32d83c37cd,TID_CLANGAMES_TASK_INFO_DESTROY_KINGALTARS,マルチプレイで通算<num>個のバーバリアンキングの祭壇を破壊する。
60d8381a75a04db4,TID_MORE_CAPITAL_UPGRADES_NEEDED,都ホールをアップグレードするには、各地区であと<number>個の建物かトラップを、アンロックまたはアップグレードする必要があります。
689143deffa9d157,TID_SPECIAL_OFFER_INFO_EASTER_LIMITED_4999,• 壁リング<booster1>個\n• エリクサーのルーン<booster2>個\n• ダークエリクサーのルーン<booster3>個\n• ゴールドのルーン<booster4>個\n\n• 収容量制限なし！\n• このパックは4回購入できます！\n\nこのイカしたパックで必要な資源を手に入れ、壁もレベルアップさせましょう！
a160a8ea0966c68b,TID_BOOST_POPUP_TITLE,生産量をアップ！
db5c0cd0cb7084dd,TID_CLANGAMES_TASK_DESTROY_BB_AIRBOMBS,爆弾投下！
8e6bb93794d92292,TID_PLAYER_ALREADY_REPORTED,このプレイヤーはすでに報告しました！
0fff2303b8a04e62,TID_GIANT_ABILITY_HELP,最初の攻撃で<num>ダメージを与える
2a1ed620b1380c1c,TID_LEAGUE_MASTER1_SHORT,マスターI
b910f0e89d625ba9,TID_START_WAR,開戦！
8d11e774135559f3,TID_BUILDING_MULTI_ARCHER_TOWER,マルチアーチャータワー
bec42579f906d758,TID_DECO_RUIN_FOREST_CIRCLE,フォレストサークル
a2a0aa4092d09d74,TID_INVALID_WAR_MEMBERS_INFO_HIGH,メンバーは<value>人以下にしてください
0cee6bbdcf3f3fe2,TID_NPC_CHALLENGE_TH10_MINER_ARCHER_QUEEN,<c9916c8>アーチャークイーン</c>を配置しましょう。\n彼女は、村の周囲を反時計回りに歩くはずです。
19c44c99eb9cdead,TID_RECOVERY_BUILDING_INFO_SHORT,次のエリアへの移動中、おいしいスープをふるまってユニットを回復します。
e78326407ec90ca6,TID_CHARACTER_INFO_SIEGE_MACHINE_TROOP_CATAPULT,
6830b23ef607a145,TID_DISTRICT_WIZARD_VALLEY,ウィザードの谷
27abc8a2dddc486f,TID_ROYAL_GHOST_ABILITY_NAME,ゴーストウォーク
95772f3406b6b5ee,TID_EP_REWARD_GET_GEM_ALTERNATIVE_TITLE,保管施設が一杯です
f3533db64d311ea1,TID_POPUP_SPEED_UP_FORGE,都ゴールドの造幣を今すぐ完了しますか？
549633709fd046ab,TID_SUPERCELL_ID_BUTTON_DISCONNECTED,未接続
c90cd5705d36447f,TID_CLAN_LOCATION_UNKNOWN,不明
e5f1b4d7b1591f4e,TID_NOT_ENOUGH_RAID_MEDALS,合戦メダルが足りません。次の週末合戦で獲得しましょう。
d5efe58e38626b46,TID_SETTINGS_OFF,OFF
16ce80c039bbe0c8,TID_RAID_WEEKEND_SIGNUP_MEMBERS,週末合戦では、所属クランが他のクランの都と戦います。仲間と協力して攻撃を行い、貴重な報酬を手に入れましょう！\n\n参加する場合は、リーダー、サブリーダー、または長老にご相談ください。\n\n週末合戦はあと<time>で終了します。
ad3d6b20d6f78e1e,TID_CREATOR_BOOST_SUPPORTING,支援中：
64a85b6176ad85f4,TID_EVENT_TITLE_CLANWAR_FIRSTRUN,クランゲームが始まります！
07eded0b65bd68d1,TID_CAPITAL_LOCKED_PLAYER_LEVEL_TOO_LOW,クランの都はタウンホールレベル<level>でアンロックされます
7afb0d338f8ae0ba,TID_OBSTACLE_LNY2024,幸運の郵便受け
698ada7df9b65895,TID_CHINESE_APP_STORE_CONFLICT_MESSAGE,此微信/QQ帐号已经关联了从其他安卓应用商店下载的相同游戏，不能再次关联。如果您希望使用该微信/QQ帐号重新开始游戏，请从游戏内联系Supercell玩家支持团队。
bd9ca62b1e01e2b1,TID_OFFER_NOT_AVAILABLE,現在利用できるオファーはありません。
2f61fc7ba78f04a4,TID_TENCENT_LOGIN_PP,Tencent Game プライバシー保護ガイドライン
df6b2eb8749a2ee3,TID_ALLIANCE_WAR_BEST_NO_ATTACK_ENEMY,トップ以外（敵クラン）
2193abce4b7056fa,TID_TESLA_TOWER2_INFO_SHORT,シビレるサプライズを楽しみましょう。
e4172c0b720a6bbc,TID_CLANGAMES_TASK_INFO_USE_DROPSHIPS,<num2>個の降下船を使い、大工の拠点戦で<num>個の星を獲得する。
c790a9610a69e9cd,TID_AVATAR_MESSAGE_BUTTON_ALREADY_CLAIMED,回収済み
b22783f02ec21a07,TID_BOOSTER_FREE_HERO_UPGRADE_INFO,この魔法のハンマーを振ると、どのヒーローやペットでも次のレベルへ瞬時にアップグレードできます。どちらの村でも使用可能です！
2c1ef83b53358770,TID_NPC72,トラップ注意報
93f0e7066664ee44,TID_ACCEPT_FRIEND_ERROR_BANNED,この方はアカウント利用を制限されているので、フレンドにできません。
0e9b2ec2224e5d91,TID_CLANGAMES_TASK_INFO_DESTROY_QUEENALTARS,マルチプレイで通算<num>個のアーチャークイーンの祭壇を破壊する。
a4c8e590c9629466,TID_CLANPERK_DESC_DONATION_UPGRADE_VALUE,<value>レベル
8c1aeb4089b96a78,TID_CAPBUILD_MULTICANNON,多連砲
12e7fefc6971db55,TID_AVATAR_MESSAGE_SENDER_PLAYER_SUPPORT,プレイヤーサポート
7904fbf4c4d7866c,TID_YOU_WIN,勝利
cb93ae89e9c6484a,TID_STARTER_TH3_INFO_DESTROYARCHERTOWER,マルチプレイでアーチャータワーを<num>個破壊する。
f9a8bfa62f7e0894,TID_CAPBUILD_MINION_CRYPT,ミニガーゴイルの住処
968bf2bd98ea580c,TID_ANTIADDICTION_ADULTHOOD_NOT_FULFILLED_15MIN_WARNING,プレイヤー様は未成年であるため、ゲーム依存防止システムによるプレイ制限がかかっております。本日のプレイ可能時間は残り<MINS>分です。
4cc92e7b8957a803,TID_FRIEND_FILTER_REQUESTS,プレイヤーを探す
7c6f0af62070a23c,TID_NPC_CHALLENGE_TH13_HYBRID_VALKYRIES,まず<c54a0fe>バルキリー</c>で敵のクランの城のユニットを誘き出しましょう。
441087f2625f4983,TID_CLANGAMES_TASK_INFO_DESTROY_BB_HIDDENTESLA,大工の拠点戦で通算<num>個の<building>を破壊する。
97041a14fa8babf7,TID_CLANGAMES_TASK_USE_SUPER_MINIONS,ガーゴイルパニック
4977d85986f860ea,TID_DECO_HILL_10,巨大な峰
898e24c2bac3a1d5,TID_OBSTACLE_CLEAR_TIME,取り除くのにかかる時間
fa1043050accb48a,TID_PART_HOUSE_FOOT,クランの家の壁
581339733153d837,TID_LINK_SAME_PLATFORM_KUNLUN,複数の Android デバイスから同じセーブデータのゲームをプレイするには、同じ Android アプリストアからクラッシュ・オブ・クランをダウンロードして、同一のアカウントでログインしてください。ゲームの進行状況は自動的に同期されます。
c57b3a92bd8a8adf,TID_NPC_CHALLENGE_TH7_MINION_BALLOONS,<c54a0fe>エアバルーン</c>を使って、\nすべての<cf70d16>対空砲</c>を破壊しましょう。
d61e8af5cf86e59a,TID_COPIED_TO_DEVICE_CLIPBOARD,タグをデバイスのクリップボードにコピーしました！
2a7eea55fcc90a62,TID_NOT_ENOUGH_SPACE_IN_TREASURY_MULTI,タウンホールに<booster><num>個分の空きスペースがありません。
acd65302aea787f2,TID_GEAR_INFO_IRON_FIST,バーバリアンキングにレイジを付与します
ec79f5ea2b28f958,TID_CAPITAL_DISTRICTS_DESTROYED,破壊された地区：<progress>/<total>
57d7a9044bd78128,TID_POPUP_SPEED_UP_CONSTRUCTION,<item>の建設を今すぐ完了させますか？
e5fccc3ee43c34bc,TID_ALLIANCE_LEADERBOARDS,クランランキング
8823317a31a06a88,TID_SUPER_TROOP_OVERVIEW,<troop>
a5dd3157e53c8c75,TID_CHARACTER_ICE_SPIRIT_INFO,絶対零度の身体を持つフロストマイトは、手が付けられないほどのイタズラっ子です。元気いっぱいにフロスティから飛び降りて、近くの防衛設備を凍り付かせます。
9825f62bc0f96e71,TID_ALLIANCE_GAMES_NO_ALLIANCE,クランゲームをプレイするには、\nクランに参加する必要があります。
da480e05843c8695,TID_HINT_INFERNO_TOWER_AMMO,インフェルノタワーはダークエリクサーからその炎を作り出しています。いつでも満タン状態にしておきましょう。
ef53af486bc07e12,TID_CAN_COPY_ONLY_SAME_DH_TO_YOUR_OWN,地区ホールレベルが異なる場合、レイアウトはコピーできません。
78fdf22f64887044,TID_NUMBER_TARGETS,標的数：<number>
8178269035501355,TID_EDIT_MODE_TIP_WALLS,壁を建てるには矢印からドラッグします
689dd8a7249e573c,TID_TUTORIAL_LOOK_FINISH,ユニットですって？チーフ、\nあなたの経験が役に立ちそうですね！
fbf996d7a7250af5,TID_BATTLEPASS_TASK_INFO_USE_MEGAPEKKA,パワーP.E.K.K.Aを使い、大工の拠点戦で<num>個の星を獲得する。
f5acb9a44a17450a,TID_TUTORIAL_SHIP_ARRIVE,上陸しました！\nここは一体どこなんでしょうか？
a7972bbda21ef0cc,TID_DIAMOND_BUNDLE_MAGICITEMS_SPELL_BOOK_WITH_RESOURCES,呪文の本パック
c2d8de1a00cf8674,TID_TRAINING_TIME_REDUCTION,訓練時間低減：<number>
5a1ddf42d59b523a,TID_CLANGAMES_TASK_INFO_LOOT_ELIXIR,マルチプレイで通算<num>エリクサーを獲得する。
4991cff9917dbfc2,TID_SHOP_GIFTS_ALLIANCE_GIFTS,+ クランギフト
5e3821da0acf120b,TID_NO_FREE_TRAINING_SLOT_AVAILABLE,先に現在のユニットを削除してください
83d8c5beffe47ff5,TID_DIAMOND_BUNDLE_TH11_ALT_UPDATED_INFO,• <res0>ダークエリクサー\n• <res1>ゴールド\n• <res2>エリクサー\n\n収容量制限なし！\n\nこの初回限定<cffec78><value>倍バリューチャンス</c>をお見逃しなく！
4d70157211f5d8e0,TID_TRAP_RUIN_DESC,長年にわたって放置されてきたトラップが、再び活躍できる日を待っています。\n\n<building>レベル<level>から修復が可能になります。
1285397fca17d512,TID_SHIELD_POPUP_GUARD_DESCRIPTION_1,村の護りは、他のプレイヤーの攻撃目標から外れている時間の最後を飾ります。ペナルティなしで他のプレイヤーを攻撃できますが、有効時間はとても短いので気をつけましょう！
bbf3c330e7ed9c56,TID_POPUP_GOBLIN_RESEARCHER_HEADER,僕にお任せください！
c09cbfe169ca0929,TID_BUTTON_VILLAGE_LOAD,ロード
6756994c16755f56,TID_BUTTON_BOOSTS,ブースト
f258dafd4f6c4779,TID_HINT_ARCHER_TOWER2,アーチャータワーを低くすると射程は短くなりますが、阻止力は2倍になります。
0e762867d1bf3d51,TID_SHARE_DIALOG_COPY_ALERT_BUTTON,OK
e643a1e99d426897,TID_HINT_CANNON_UPGRADE_NOT_FUNCTIONING,大砲などの防衛設備をアップグレードする場合、アップグレードが終わるまでは発射できなくなります。
aac002892d05cc65,TID_DIAMOND_BUNDLE_MAGICITEMS_BUILDING_BOOK_AND_HERO_BOOK,魔法の本パック
a6853eb03c139437,TID_CAPITAL_MAP_MODE_TEXT_VISITING_FINISHED_DEFENSE,過去の防衛
c86ce937b41e236a,TID_CONFIRM_FINISH_TRAINING,エメラルドを使って訓練を今すぐ完了しますか？
5d14312b44301517,TID_CAPITAL_LEAGUE_TITLE,都リーグ
50b441884437428e,TID_6ANNIVERSARY_OFFER_MAGICITEMS_BOOK_AND_GOLD_ELIXIR_INFO_999,• <res0>ゴールド\n•<res1>エリクサー\n• 建物の本<booster1>冊 - 実行中の建物アップグレードを瞬時に完了します\n\n• 収容量制限なし！\n• このパックの購入は20回限りです！\n\n期間限定の記念パックを、どうぞお見逃しなく！
267f7371cd7f306a,TID_LOCAL_NOTIFICATION_EVENT_SPECIAL_TROOP_DRAGONLIGHTNING,チーフ、ドラゴン／ライトニングの呪文のイベント中は、200エメラルドをもらえますよ！
62833fe26e24d6a7,TID_BUTTON_CANCEL_PRESET,キャンセル
2b0d2b0c9883fc5b,TID_ALLIANCE_WAR_VISIT_FAILED,村に移動できません。あとでまたお試しください。
ffdced8a0add4dc6,TID_NPC_CHALLENGE_TH7_DRAGON_DRAGONS2,もう1体<c54a0fe>ドラゴン</c>を配置して、村の一角を\n破壊しましょう。そうすれば、残りのユニットが\n一気に攻め入ることができます。
afa1b0a73a973b41,TID_ACHIEVEMENT_GEAR_UP_COMPLETED,改造した建物の数：<value>
a0168a1ee4e02af9,TID_POPUP_EDIT_MODE_DISCARD,本当に変更を破棄して、\n編集モードを終了しますか？
5d988bf3c255e708,TID_BUILDING_AIR_DEFENSE2,対空爆弾
11fa855c58d9d8f1,TID_LOCAL_NOTIFICATION_FORGOT_SPELLS,おっと、呪文の強化をお忘れですか？
05f915f0ebc8e561,TID_PRIMAL_SCENERY,古代
42b2f57cea8e7181,TID_INFO_POP_UP_IAP_NOTE_KUNLUN,クラッシュ・オブ・クランは無料でプレイできますが、アプリ内での購入によりゲームを早く進めることもできます。
a79608f0a217beaf,TID_REPLAY_SHARED_FAIL,リプレイを共有したばかりです。次の共有まで<time>お待ちください。
12e037e1ce7e1c41,TID_CURRENT_DAY,現在のリーグ日
5efe4cb62d69232d,TID_CHARACTER_SIEGE_BATTLE_DRILL_INFO,バトルドリルは、ゴブリンの知恵が詰まった破壊兵器です。配置されると、地中を掘り進めて一番近い防衛設備に向かいます。地上に現れたあとは、施設にスタン効果を与えて強力なドリルをお見舞いします。
1bee9f9660f43f0e,TID_RAID_DONT_HAVE_RESULTS_YET,まだ合戦の結果がありません。
a64280049540d4d8,TID_WORKER2_BUILDING,マスター大工の小屋
8afa94439a780815,TID_TUTORIAL_CAPITAL_ARMY_1,都で攻撃を行うには、自分の都のユニットと呪文を使う必要がある。
c1ff9399c222ff63,TID_MONTH_5,5月
16238f2242a70a2f,TID_ACCEPT_FRIEND_CONFIRMATION_TITLE,フレンドを追加しますか？
40c11e97b1874e0c,TID_LAYOUTS_DEFENSIVE_LAYOUT,防衛用レイアウト
6c3727f7be985b38,TID_CLANGAMES_TASK_GET_LEVELKILLS_VS_ALLHEROES,ヒーローレベルハンター
3312fd8d9a1d19ee,TID_CONFIRM_DEVICE_LINKING,関連づけの確認
41f9fdb65d8b974f,TID_CLANGAMES_TASK_INFO_USE_SUPER_MINIONS,<num2>体のスーパーガーゴイルを使い、マルチプレイで<num>個の星を獲得する。
12edd9eac0f27f70,TID_WAR_PERSONAL_SETTING_LEAVE_ME,希望しない
8bb99887abc18496,TID_SPELL_RADIUS,効果半径：<number>マス
adb2b5b124fc615b,TID_DECORATION_CLASH_FEST_22_STATUE_INFO,この炎は尽きることがないのでしょうか...？
8f5c27eee2655868,TID_TOWN_HALL_1_INFO_SHORT,壮大な冒険はここから始まります！
128e182441854df6,TID_CHARACTER_INFO_BABY_DRAGON2_SHORT,この「ベビー」をあやすのは一筋縄ではいかないでしょう。
ea289632873d0098,TID_ALLIANCE_WAR_MOST_EXPENSIVE_ATTACK,最も資源を使った攻撃
8f329ed3ff56df95,TID_LINK_NEW_DEVICE_TEXT2,まず、デバイスをタップします:
1f0c725344ae1e29,TID_POPUP_REMOVE_SPELL_TITLE,呪文を破棄しますか？
4b8ae68460e8c282,TID_BUILDING_FENCE,柵
f2d5d0693bc8b878,TID_ACHIEVEMENT_REPAIR_BUILDING,<name>を修復
354478cbb586593f,TID_BUTTON_SELECT_SKIN,選択
3104f146637a0017,TID_FACEBOOK_UNAVAILABLE_TRACKING_DISABLED,デバイスのプライバシー設定により\nFacebookのソーシャル機能が無効になっています。
0a5885cd89470a01,TID_ALLIANCE_LEAVE_CONFIRMATION_TITLE,脱退しますか？
618df678deea80a2,TID_TAGS,ラベル
fc9b884d4d7acbff,TID_TUTORIAL_ACHIEVEMENTS,新しいことに挑戦したいという方は、ここをタップしてみましょう！
4511e5de988de69a,TID_SAVE_ALLIANCE_SETTINGS,セーブ
3da2a37c91fa6bf0,TID_AUTO_FORGE_SLOTS_ACTIVE,有効スロット：<num>
ae26b9723b49d27f,TID_CLANGAMES_TASK_INFO_USE_WALLBREAKERS,<num2>体のウォールブレイカーを使い、マルチプレイで<num>個の星を獲得する。
0fe99073832213e5,TID_REGENERATION_TIME,再生時間：<number>分
a03cdc42c77a6397,TID_CAPBUILD_SPELLLAB_FREEZE_INFO,フロストの呪文が詰まった大きな樽を生産します。見学は暖かい格好で！
7aa11eade63e285e,TID_GAMES_REWARDS_HEADLINE,報酬
84265d8dde8a535c,TID_LEAGUE_MEDALS_INFO,リーグメダルは、毎月開催されるクラン対戦リーグのイベントに参加することで獲得できます。
94acabac70d4e267,TID_BUILDING_PART_LOCKED_BY_REPUTATION,都の評判レベルが<level>に到達するとアンロックできるようになります
a3c9e13dc6b341ab,TID_WAR_DATA_ERROR_INVALID_WAR,クラン対戦の詳細を確認できません。
fc71376b57f5f5bd,TID_PRIORITIZED_UPGRADES,優先中のアップグレード：
7d7c0bcf6e7e613d,TID_COSMETICS_SKIN_FEATURES,スキン内容：
485c413af6de85e3,TID_CAPITAL_ENDLESS_HASTE_SPELL_INFO,ユニットを無限にスピードアップしましょう！\n\nこの呪文はヘイストの輪を作り出します。\n輪の中を通ったユニットは、戦闘終了までスピードアップします！
6422ae8ed8108971,TID_CANT_SIGN_UP_RAID_NO_ARMY,都ホールレベルが2に到達すると、週末合戦に参加できるようになります！
0819b140a20c39e6,TID_OBSTACLE_BIRTHDAY2021,9周年記念ケーキ
1d0390b103e4e425,TID_PLAYER_SEARCH_GENERIC,何らかの問題が発生しました。またのちほどお試しください。
300194221574a383,TID_ALLIANCE_CREATE_DESCRIPTION,説明：
51c9f47a9b87be10,TID_TRAINING_SPELLS_INFO_BUILD,呪文工場を建設して呪文をアンロックしましょう！
3a6ce6c6dd676107,TID_DECO_COFFIN,素朴な棺
854ee329e3ed2e0a,TID_LINK_NEW_DEVICE_TEXT,ここでは、2台のデバイスでプレイする場合、またはアカウントを新しいデバイスに移行する場合の設定ができます。
563c00f34103c3c5,TID_MATCHMAKE_VILLAGE2_TITLE,大工の拠点戦
f7b32857ccdfeab6,TID_CAPBUILD_CRUSHER_INFO,クラッシャーは、パーソナルスペースをとても大切にしています。\n近寄った無礼なユニットは、巨大な岩でブチのめされるでしょう！
ae5fa5752bbe8831,TID_CLAN_GAMES_THEME_DARKHEROIC,ダークヒーロー\nゲーム
c81323ce67ad2dd3,TID_CHARACTER_INFO_YETIMITE,つい抱きしめたくなるような可愛さですが、イエティが攻撃を受けると途端に怒り狂います。彼が一定量のダメージを負うと、強い敵意を持って付近の防衛設備に襲いかかります。
9faef186d6ab33ad,TID_DIAMOND_BUNDLE_TH4,タウンホール４パック
9b331d1698b99817,TID_ACHIEVEMENT_SEASON_CHALLENGE_POINTS_TITLE,絶好のシーズン
6077df7fa32f566d,TID_CAPBUILD_SPELLLAB_LONG_HASTE,無限ヘイストの呪文工場
59ae499d43533798,TID_DEVICE_LINK_ERROR_OLD_DEVICE_NOT_ACTIVE_TEXT,関連付けを完了させるには古いデバイスがアクティブになっており、関連づけ画面が表示されている必要があります。
701f94a1a143feea,TID_CLANGAMES_TASK_DESTROY_DARKSPELLFACTORIES,闇の呪文工場の無力化
6f55641e928435d6,TID_TENCENT_DOLPHIN_DOWNLOADING_73,更新下载全量文件
e9d9a37ced382ff8,TID_CLAN_MEMBERS_COUNT,メンバー <count>/<max>
aea9f4e36b52b591,TID_BB_START_ATTACK_ALL_BUILDINGS_READY,防衛準備完了
8fbf62faabaaeb01,TID_BP_REWARD_GET_GEM_ALTERNATIVE_TEXT,魔法アイテムの収容スペースが足りないため、すべての報酬を受け取れません。入りきらない報酬を<amount>エメラルドで売却しますか？
3e1d16afcb35b6fc,TID_CLANGAMES_TASK_LOOT_ELIXIR,エリクサーの横取り
d746523444f9a2de,TID_NPC_CHALLENGE_BOWIGI_WALLWRECKER,<c54a0fe>ウォールバスター</c>や<c9916c8>グランドウォーデン</c>、\n<c9916c8>バーバリアンキング</c>で追い打ちをかけます。
f20719d41c1d97a9,TID_MASTER_BUILDER_INFO,故郷を離れたマスター大工の別宅です。村に滞在している間は、追加の大工として働いてくれます。
3f5e515d46cbbf7e,TID_SUPER_TROOP_INTRO_TEXT,ユニットをスーパーユニットにブーストすれば\n敵の村を破壊する憧れのスーパー戦士へと強化できます！
01290ad0c18c6d9b,TID_TRAINING_SCREEN_TIME_LEFT,残り時間：
5b41382ab80dc321,TID_WARRIOR_QUEEN,戦士 クイーン
d83dd917b7163e36,TID_BUTTON_DISABLED_RESOURCE_REWARD_WOULD_OVERFLOW,宝庫に十分な空きスペースがないため<reward>を受け取ることができません。\n空きスペースを作るか、別の報酬を選んでください。
02f388df73439ece,TID_LEAGUE_KING,リーグ キング
34c0aa583d9d6723,TID_RAM_RIDER_ABILITY_INFO,最初に発見した防衛設備に突撃し、道中の壁を破壊する
1d908ab2efd11b0a,TID_CHARACTER_INFO_GIANT_SKELETON,生まれつき骨太だった巨大スケルトンは、いつだって壁を壊すこと以上の戦果が求められてきました。たとえ撃破されても、彼の大型爆弾は周囲にとんでもないダメージを与えます。
cede69f614a1e7ac,TID_STREAM_EVENT_LEFT,クランを脱退しました
7ddefb3c2d38bc49,TID_ZAPPY_INFO,ザッピーはいつでも充電満タン！愚かな侵略者には出力MAXで電撃を浴びせます。
f100b565f30d02fd,TID_KUNLUN_APP_STORE_ANZHI,Anzhi
a0027c1bafb77076,TID_TUTORIAL_ATTACK_DONE,そんな... 向こうも攻撃してきますよ！
230262fe2764ad13,TID_EDIT_MODE_PHOTO_MODE,撮影モード
d0101d87c33dd79f,TID_DIAMOND_BUNDLE_MAGICITEMS_VILLAGE_UPGRADE_PACK_INFO,• <gems>エメラルド\n• <res0>ゴールド\n<res1>エリクサー\n• 建物の本<booster1>冊\n• 収容量制限なし！\n\n建物のアップグレードなら、必要なものが全部入ったこのパックにお任せ！\n\nこのチャンスをお見逃しなく！
721bb00d060a1c48,TID_WAR_INFO,2日間に渡る壮絶な戦いを制するのは、最も多く星を獲得したクランです！クラン対戦に勝利したクランにはボーナス戦利品とクランXPが贈られます。対戦中の攻撃で勝利するたびにボーナスは増えますが、クランが対戦に敗北するとほとんどのボーナスを失ってしまいます！同点の場合には「最高の攻撃」の総破壊率が高いクランの勝利となります。
f061ff6be868487f,TID_RECEIVED_WAR_REQUEST_FROM,<clan>から対戦チャレンジが届きました！
8d6c198d5dd6b6eb,TID_LINK_CODE_TITLE,関連づけコード
ccefc65118fa7e6e,TID_ALLIANCE_WAR_PERSONAL_LOOT_RESULT,授与されたクラン対戦ボーナス
1ceaf1ad4140711c,TID_CLANGAMES_TASK_DESTROY_GEAREDUPARCHERTOWERS,改造済アーチャータワーを破壊
c526262737d7cf0b,TID_BUILDING_CUSTOMIZE_CATEGORY_DECO,デコレーション
10fe84ba24f42d3c,TID_HINT_VILLAGE_EDIT_MODE,村の編集モードで、あなたの村をらくらく再配置
b05b259c6b608c86,TID_NOT_UNLOCKED_YET,まだアンロックされていません
99276d84c2312967,TID_NEW_ITEMS_UNLOCKED,新しいアイテムがアンロックされました
70a24fa881629a27,TID_TASK_BANNER_START_NEW,新チャレンジ
7018d7d21aea30f6,TID_JUNGLE_KING,ジャングル キング
803855d35214bd58,TID_ELECTROFIRE_WIZ_ELECTRO_MODE,エレクトロモード
83bb8fadbe1fc811,TID_PET_PHOENIX_ABILITY_INFO,ヒーローが倒される瞬間に卵からかえり、ヒーローを一時的に無敵状態にする
f5eadd6f47be1334,TID_CLANGAMES_TASK_USE_ROCKET_BALLOONS,ロケット大騒動
807a9b0012bc6982,TID_NPC88,猛毒の広場
19ed9467ab4e63d0,TID_WAR_DONATE_MESSAGE_SAVED,援軍用のメッセージを保存しました
db250544e3a9854f,TID_HEAL_ON_ACTIVATION,回復量：<number>
cb947cdec3b6380a,TID_CHARACTER_INFO_HOG_RIDER,グライダーが壊れると、お馴染みの命知らずコンビが飛び出します。もちろん、壁を飛び越えるのもお手のものです！
0938fa0da530c0c6,TID_LAYOUT_EDITOR_UNAVAILABLE,レイアウトエディタは<time>にわたって利用できなくなりました
541a574e0e547644,TID_ALLIANCE_WAR_ATTACK_FAILED,この村は攻撃できません。あとでまたお試しください！
efeff31482492be8,TID_ENDOFSEP_OFFER_INFO_9999,• ゴールドのルーン<booster1>個 - 金庫をいっぱいにします\n• エリクサーのルーン<booster2>個 - エリクサータンクをいっぱいにします\n• 戦いの本<booster3>冊 - 実行中のユニットアップグレードを瞬時に完了します\n• 建物の本<booster4>冊 - 実行中の建物アップグレードを瞬時に完了します\n\n• 収容量制限なし！\n• このパックの購入は表示の期間内に1回限りです！\n\n秋の乱闘が始まります！
c83a405d33648863,TID_CLASHIVERSARY_QUEEN,フューチャー クイーン
8b9efa0a0f8e13b7,TID_DECO_FIREPLACE,焚火
085c693b4357603d,TID_NPC_CHALLENGE_TH8_GOWIPE_WIZARDS2,<c54a0fe>ウィザード</c>のサポートをさらに投入して、\n<c9916c8>バーバリアンキング</c>と<c54a0fe>P.E.K.K.A</c>を援護しましょう。
5372b4316e732203,TID_CLANGAMES_TASK_USE_MINIONS,群れの威力
f50b2aae5157f532,TID_DECORATION_DRAGON_STATUE,ドラゴンの像
02c33c213dc1d77a,TID_ERROR_POP_UP_LOGGED_FROM_ANOTHER_DEVICE_BUTTON,リロード
1427df419b07884e,TID_UPGRADE_ARTO_INFO,アップグレードするには、以下の4つの条件を満たす必要があります。\nすべてクリアすると、マスター大工の新発明「B.O.B」がアンロックされます！
dcbcd958ab43e31b,TID_EVENT_TITLE_6TH_ANNIVERSARY_PACK,6周年記念パック
c2a3204de965f3ba,TID_DONATION_REQUEST_REQUIRED_TROOPS,以下から援軍のリクエストを選んでください
5ece3000d12f9d77,TID_DIAMOND_BUNDLE_TH13,タウンホール13パック
2a89d35efef9ec83,TID_LAYOUTS_EMPTY_SLOT,保存なし
060765b76b092d6d,TID_CLANGAMES_TASK_WIN_BATTLES_USING_INVISIBILITY_INFO,インビジブルの呪文を<num2>回使い、マルチプレイで<num>回勝利する。
47f3d39c58d72517,TID_STAGE_BUILD_LIMIT_REACHED_DEFENSE,エリア<stage>には、防衛設備をこれ以上設置できません（最大<number>個）
13ee388b13a1c1d0,TID_WEAPON_TOWN_HALL_14,ギガインフェルノ
756b4ef49cd07892,TID_LAYOUTS_SET_DEFENSE_BUTTON,防衛用に設定
d91bd2e9d172f199,TID_BOOSTER_BOOST_ALL_PRODUCTION_TEXT,訓練ポーションを使って、ユニットの訓練、呪文の生成、ヒーローの回復を<time>にわたって<multiplier>倍にスピードアップしますか？
6ca15e82f5849551,TID_CAPBUILD_ROCKET_INFO,地上と空中の敵に対して爆発するロケット弾を発射します。\nどういうわけか、いつも百発百中です！
4110ae1835df8c5b,TID_BEAST_KING,ビースト キング
8b04747d1cefe913,TID_BUILDING_GOBLIN_CASTLE,ゴブリンの城
7ec2f305958f89b1,TID_RAID_INFO_TAB_REWARDS_TITLE,報酬
915237bba124bc3d,TID_BUILDING_CANNON,大砲
5462715e3b0c785f,TID_HINT_SHIELD_GAIN_TIME,自分の村が大きな被害を受けた場合、もらえる無料シールドの効果時間が長くなります。
418a0764700b2ac9,TID_LEGEND_SEASON_TITLE,<year>年<month>レジェンドリーグトーナメント
86153349399516ef,TID_PERSONAL_WAR_PREFERENCE_TITLE,クラン対戦への参加
6dab3429379f9cce,TID_DECORATION_LEAGUE_II_STATUE_INFO,伸びざかりのスキルを象徴する像。この像を持つものは、恐るべき戦術家になりつつあります。
079f5b815b151b27,TID_CAN_COPY_ONLY_SAME_CH_TO_YOUR_OWN,都ホールレベルが異なる場合、レイアウトはコピーできません。
1440d361aa6960e3,TID_SUPERCELL_ID_NEW_GAME_BUTTON,Supercell ID なしでプレイ
67c8d70660a119c6,TID_ALLIANCE_WAR_CLAN_BANK,クランの蔵：
8aa0f82d10645ffb,TID_SETTINGS_SNOW,雪
c003bb4d5912c3a8,TID_ALLIANCE_WAR_ENEMY_TEAM,敵チーム
70ae544d8ae346de,TID_ACHIEVEMENT_VS_BATTLE_TROPHIES_COMPLETED,大工の拠点戦トロフィー記録：<value>
2a7ce1d7cf081292,TID_NPC_CHALLENGE_ACTIVATE_QUEEN_ABILITY,<c9916c8>アーチャークイーンの特殊能力</c>を発動させてください！
b926ef0e0581a97b,TID_INFO_EFFECT_TYPE,効果の種類：
6d8624fab1f6fe67,TID_CONTRIBUTED,<name>が出資しました
cb816011c7969329,TID_ALLIANCE_WAR_ATTACK_FAILED_INVALID_TARGET,この村は攻撃目標ではないので、攻撃できません！
f7197fd6062333cc,TID_JOLLY_SCENERY,クリスマス
6764d3db0ecfa147,TID_ARROW_TRAP,スピアトラップ
28b954d6bc165391,TID_BOOKMARKS_NOT_LOADED_YET,ブックマークを読み込めませんでした。あとでまたお試しください。
01f0b78df15104d5,TID_BOOSTDEFENCES_SPELL,防衛ブーストの呪文
ecb1ccc18c67cd70,TID_BUTTON_SHARE_LAYOUT_LINK,リンクとして共有
53c184bdf41801a8,TID_SUPPORTING_NOBODY,クリエイターを支援しよう
8a0f05c749754630,TID_SHIELD_ACTIVATED,相手の村のシールドが発動して、こちらから攻撃できなくなりました。\n残り<hours>時間です。
d7a8b52b078cf90d,TID_CLAN_MEMBERS,メンバー：
c6fa9ea53a48ecad,TID_PUMPKIN_BARBARIAN,ジャック・オー・バーバリアン
03b2d856fa7b3fe9,TID_ACHIEVEMENT_DESTROY_WALLS_COMPLETED,破壊した壁の総数：<value>
a1d2d30a9c7ed10e,TID_DECORATION_CLASHMAS_22,クラッシュマスのソリ
6325f9bdba1b44a4,TID_WAR_SIZE,クラン対戦サイズ：<num> vs <num>
daf527069bb0fdfc,TID_VILLAGE_ROWBOAT,大工の船
fd03090a9f731dc5,TID_HINT_RESOURCE_LOSSES,自分の村が完全に破壊された場合でも、ゴールドとエリクサーはそれぞれ少しずつ手元に残ります。
66ef3f169005ba02,TID_NPC44,流し台
254513345753e0ed,TID_ADD_FRIENDS_INFO_CLASH,プレイヤーをゲーム内フレンドに追加して、フレンドリー・チャレンジで戦ったりクラッシュ・オブ・クラン内でフォローしたりしましょう！
f9cc0799d062d52c,TID_TUTORIAL_STARTER_CHALLENGE_3,ポイントをどんどん集めて、\n報酬を獲得しましょう！
b34dea72f6bedaa4,TID_ACHIEVEMENT_CASTLE_TITLE,覇権への道
8c93dad9de958aa4,TID_BATTLEPASS_TASK_INFO_USE_MINERS,ディガーを使い、マルチプレイで<num>個の星を獲得する。
9fde1f2ef45b114b,TID_MORE_TWITTER,公式アカウントをフォロー！
c52dadf070748c35,TID_RESUME_BOOST,再開
4946ccba2961c0db,TID_CHARACTER_INFO_YETI,この毛むくじゃらで力持ちの大男は、冷たい空気とミニイエティが大のお気に入りです。彼がダメージを負うと、ミニイエティたちが激怒します！
c9a66b258dae8806,TID_CHARACTER_INFO_WATER_DRAGON,ウォータードラゴンの説明文
6a88f801b3e6242c,TID_BASIC_TURRET_INFO,大砲は拠点防衛に向いています。大砲をアップグレードすれば\n攻撃力が上がりますが、アップグレードが完了するまでは\n村が攻撃されても撃てないので注意しましょう！
20664cfcecb58244,TID_ARTO_TASK_GEAR_UP,\n自分の村で3つの建物を改造するとクリア！
e6f0d27df3e4adf7,TID_LOADING_CHINA_TENCENT,本公司积极履行《网络游戏行业防沉迷自律公约》抵制不良游戏，拒绝盗版游戏。注意自我保护，谨防受骗上当。适度游戏益脑，沉迷游戏伤身。合理安排时间，享受健康生活。根据国家新闻出版署《关于防止未成年人沉迷网络游戏的通知》、《关于进一步严格管理切实防止未成年人沉迷网络游戏的通知》，所有网络游戏用户均需使用有效身份信息完成账号实名注册后方可进入游戏，认证为未成年的玩家将受到防沉迷功能限制。\n粤网文【2017】6138-1456号、（总）网出证（粤）字第057号 著作权人：SUPERCELL OY 出版单位：北京昆仑乐享网络技术有限公司 运营单位：北京昆仑乐享网络技术有限公司 文网游进字【2015】0062号 审批文号：新广出审【2015】1084号 出版物号：ISBN 978-7-89988-438-6
e2b1c98ca5badf2e,TID_CLANPERK_DESC_TROOP_REQUEST,寄付の待ち時間：
fb94e1ed126135f2,TID_DIAMOND_BUNDLE_MAGICITEMS_BUILDING_BOOK_INFO,• <gems>エメラルド\n• 建物の本<booster1>冊\n• 収容量制限なし！\n\n建物の本を使って、どんな建物アップグレードも瞬時に完了しよう！\n\nこのチャンスをお見逃しなく！
59857283cb0f5608,TID_CANNON_CART_MORTAR_MODE_UPGRADE_INFO,迫撃砲モード時、攻撃力が<num>まで上がる
6598a2f74d8d46fa,TID_LEAGUE_EMERALD1_SHORT,エメラルドI
2aa42c342fd062ff,TID_TUTORIAL_WAR_LEAGUE_2,ついに、私たちのクランが\n優秀であることを証明できます！
beaf43423d53d0eb,TID_WARMACHINE_INFO_SHORT,蒸気機関で動くマスター大工自慢の兵器です。
af7c4a3a29ec25d9,TID_BUILDING_OTTOS_OUTPOST,O.T.T.Oの前線基地
4226f74f887b4253,TID_ALLIANCE_WAR_ATTACK_FAILED_ATTACK_ONGOING,既に攻撃を実行中です。あとでまたお試しください！
070ebb0a45cd6c52,TID_NPC_CHALLENGE_TH9_WITCH_WIZARD,残りの<c54a0fe>ウィザード</c>を投入し、\n残った建物を片付けましょう。
d66842f666a8a9e3,TID_DISTRICT_GOBLIN_MINES,ゴブリン鉱山
e2f552a90f770ca1,TID_CLANGAMES_TASK_INFO_USE_ICEGOLEMS,<num2>体のアイスゴーレムを使い、マルチプレイで<num>個の星を獲得する。
d6eeaa77254c5eb9,TID_ICE_PUP,アイスパピィ
d60255e49a8b235e,TID_BUILDING_TEXT_RESEARCH,研究
9878d47dcfa7badc,TID_RESOURCE_PACK_ELIXIR_FULL,エリクサーを一杯にする
865a43c96a3e0826,TID_HINT_SHIELD2,シールドが有効になっている限り、村は攻撃を一切受けずにすみますが、他の村を攻撃すると有効時間が短くなります。
9129febcf1d4105e,TID_BUTTON_DISABLED_REWARD_WOULD_OVERFLOW,保管設備に<reward>を収容する空きスペースがありません。\n空きスペースを作るか、別の報酬を選んでください。
9b390c79b1af6e3c,TID_CLASHIVERSARY_WARDEN,フューチャー ウォーデン
f4f388552a8252ca,TID_OFFER_NO_BUILDING_TIME,建設時間なし！
94c7abaca3033143,TID_STARTER_TH2_BUILDBARRACKS,追加兵舎
cf3efe00a804d9a7,TID_CLANGAMES_TASK_INFO_USE_BOWLERS,<num2>体のボウラーを使い、マルチプレイで<num>個の星を獲得する。
c91bca48c0c6c055,TID_BATTLEPASS_TASK_WIN_BATTLES_USING_ELECTROFIREWIZARD,マルチエレメント
cea28a46b477ca2d,TID_CAPBUILD_CRUSHER,クラッシャー
980563f553717f79,TID_UPGRADE_THE_REQUIRED_BUILDING_FIRST,大工の拠点の<name>が、レベル<level>以上である必要があります！
b23f5b28f147e06b,TID_CHALLENGE_INFO_2020,従来のユニットにはない能力とオシャレな髪型を引っさげて、スーパーユニットが参戦。ストライカー、ウッドランチャー、インビジブルの呪文の追加で、戦術の幅がさらに拡大。
3ffd0d804ca52d4b,TID_CHARACTER_INFO_SIEGE_CART,車輪のついた大砲！？敵もまさかと思うでしょう！あまり頑丈ではありませんが、素晴らしい火力を発揮します！
7ab64fc96f1ca71e,TID_ALLIANCE_CREATE_OK,新しいクランを結成しました！
746306dc01816d2e,TID_BUTTON_ROTATE_MORE,列ごとまわす
62f8a8d693d01681,TID_BUTTON_BUY,購入
fa2b4078b10d6aff,TID_DIAMOND_FOUND,<name>の中にエメラルドを発見しました！
7ed6673368eed808,TID_HINT_DPS,ユニットおよび防衛設備のダメージの数字は、1秒間に敵に与えられるダメージとして表示されています。
233f9c2614f29d84,TID_TESLA_TOWER_INFO_SHORT,危険！感電注意！
28a4100d8f3394c2,TID_ERROR_POP_UP_UNLOCK_UNAVAILABLE_BUTTON,もう一度試す
a6bea0b007e33e57,TID_BALLOON_CARRIER,降下船
3acce0d112c96428,TID_ROYAL_GHOST_ABILITY_HELP,配置後<num>秒間は防衛設備に気付かれず、壁もすり抜ける
34515c086aca8224,TID_HERO_ROYAL_CHAMPION,ロイヤルチャンピオン
7d638721a44b4394,TID_ICE_HOUND,アイスハウンド
906486041b5e5cfb,TID_ACHIEVEMENT_DESTROY_TOWNHALL,マルチプレイで通算<number>個のタウンホールを破壊する。
489da52bfdb4b79c,TID_DIAMOND_BUNDLE_BH4_ALT,見習い大工パック
219e088b42a084fc,TID_V2_DUEL_FEED_DESTROYED,撃破
84944385bd23b89e,TID_FEATURE_BUILDER_BASE,大工の拠点
3ee6a8722416267e,TID_HINT_GUARD_GAIN,シールドの効果が切れるたびに村の護りが有効になります。攻撃するには絶好のチャンスです！
88495986a24bc6b9,TID_FEATURE_SPELLS_DESC,呪文工場で強力な魔法を瓶に詰め込み、部隊を勝利に導きましょう。
9f8758dc30bf5875,TID_POPUP_TRY_AGAIN,待ち時間：
b0ca7bc110b0212c,TID_JUMP_SPELL_INFO_SHORT,壁を破壊するなんで時代遅れです。飛び越えてしまいましょう。
bbaaabb8dafd06bb,TID_LEAGUE_IRON3_SHORT,アイアンIII
b9a703fe45ca77cb,TID_CHARACTER_INFO_SUPER_CHARGED_PEKKA,強力な闇のヨロイの内部からは不安定なエネルギーが漏れ出ており、解き放たれる時を待っています！
aa4756246cb05c89,TID_ARMY_DEEPLINK_INVALID,この部隊のリンクは無効です
1df8c8f2b6ba9953,TID_HINT_GUARD_GAIN_TIME,上位のリーグほど、シールドが切れた時に手に入る村の護りの効果時間が長くなります！
cd241b3d8c6e2eea,TID_PARTY_KING,パーティー キング
5a2454b38c707adc,TID_POPUP_TEXT_STORE_DECORATION,<item>はショップに収納され、\n無料で村に再設置できます。
28e24ab99f452f5d,TID_TUTORIAL_SEASON_CHALLENGE_7,ゴールドパスを手に入れて、特典と豪華な報酬をすべてゲットしましょう！
2529a17b87737054,TID_ERROR_POP_UP_SERVER_MAINTENANCE_ESTIMATED_TWO_HOURS,申し訳ございませんが、ゲームのサーバーはメンテナンス中です。2時間ほどお待ちいただき、再度お試しください。
425a57dd999a5c2e,TID_ACHIEVEMENT_DESTROY_SPELL_TOWER_TITLE,カウンタースペル
d9d0325891a152e1,TID_INVALID_WAR_MEMBERS_INFO_MID,<low>人または<high>人のメンバーを選んでください
c2fcd1eb0de4ce36,TID_NPC_CHALLENGE_DEPLOY_AIR_GRAND_WARDEN,<c9916c8>グランドウォーデン</c>を投入しましょう。\n空中モードを使ってください！
88445e73f1ae7b6e,TID_COSMETIC_ESTATE_4X4_GIANTS_HOUSE,ジャイアントの家
3ec7aef655edbf4f,TID_SUPER_GIANT_ABILITY_HELP,壁に与えるダメージが増大する
d869fee0bb824aa4,TID_MEMBERS_SORTED_BY_TROOPS_RECEIVED,寄付されたユニット数
54782f8bc0d43f92,TID_CLAN_HAS_REQUEST_ALREADY,クランはフレンド対戦チャレンジを保留しています
f968254bf1905369,TID_DECORATION_CLASMAS_22_INFO,離陸は簡単でも、着陸は難しいようです。
d77e8c3291a46315,TID_REENGAGEMENT_APOLOGY_3,まさか、チ... チーフ！\n本当にチーフなんですか！？
30653ad90edd3156,TID_BOOSTER_CLOCKTOWER_INFO,魔法の歯車をすり潰して作られたこの濃厚なエリクサーは、<time>にわたって時計塔をブーストします。大工の拠点でのみ使用できます。
ae5b7af98c2ba63d,TID_CANCEL_CREATOR_SUPPORT_BUTTON,支援をやめる
afb337e5b0ce5de9,TID_TRAP_CAP_REACHED,これらのトラップはこれ以上建設できません。
cb5100cdd76f02c8,TID_BABY_DRAGON_INFO,この空飛ぶ赤ん坊は、他の飛行ユニットがいると大人しいのですが、独りにすると怒り出します！周囲に飛行ユニットがいないとベビードラゴンは怒り状態になり、攻撃にボーナスダメージが発生するほか、攻撃速度も上がります。
105e004f5363e0e8,TID_PEKKA,P.E.K.K.A
b5fef83f593ddd37,TID_NEWS_TH11_UPDATE_OVERVIEW_TITLE,クラン対戦に続くクラクラ史上最大のアップデート！
6181f2231d4f379b,TID_POPUP_BOOSTER_FILL_STORAGE,<booster>を使って<num> <res>を追加しますか？
06a5a4f4248b4916,TID_BABY_DRAGON,ベビードラゴン
0deb2dd4a031d9d1,TID_BOB_TASK_GEAR_UP,\n自分の村で3つの建物を改造するとクリア！
7d8aab9dc130219f,TID_ALLIANCE_WAR_ATTACKS_REMAINING,残り攻撃回数
c5dedfd5bcb1a20e,TID_SHOCKWAVE_DAMAGE,衝撃波ダメージ：<number>
54833df8bfbd5c6f,TID_STATUE_LNY_2023_INFO,ウサギを帽子の中に入れると...？
7f7419d13fbaeec9,TID_DISTRICT_HALL_LEVEL_TOO_LOW,地区ホールレベル<number>以上が必要です！
feeb9324cb76a5f9,TID_HINT_BUY_TROOP_HOUSING,アーミーキャンプの数をアップグレードすれば巨大なアーミーで攻撃できるようになります。
9dfa2781e8366e0f,TID_SPELL_TIME,呪文の効果：<number>秒
3c4434893d95b168,TID_INFO_THROWING_POSITION_TARGET,攻撃目標
eb939eee858f8b6f,TID_ABILITY_COOLDOWN,使用間隔：<number>秒
8c9bd2db2ff06235,TID_NPC34,ポイントマン
63ed7181c20419ef,TID_BABY_DRAGON_INFO_SHORT,気性が荒いため、あまり近付かない方が良いでしょう。
81f912cffc1302bc,TID_BOOSTER_MAX_LEVEL_ARMY_OFFER_INFO,パワーポーション<num>個 - ユニットや呪文を<time>にわたってタウンホールの最大許容レベルにブーストします
cd9e5ff38b764067,TID_BOOSTER_CLOCKTOWER_OFFER_INFO,時計塔ポーション<num>個 - <time>にわたって時計塔のブーストを有効にします
0cc68e3b30104d26,TID_GEAR_TITLE_IRON_FIST,レイジ薬
eb9b42eb29f28f02,TID_BOOSTER_MOVE_OBSTACLE_OFFER_INFO,障害物のシャベル<num>個 - 障害物を移動できます
1649112a4f5ce7bc,TID_GIFT_DIAMOND_PACK_4,エメラルドの箱とギフト
08a1444560b693c5,TID_CHARACTER_INFO_ELITE_BARBARIAN,ヒットポイント、パワー、スピードに優れ、そして何よりも髪型がかっこいいスーパーバーバリアンは、バーバリアン達の憧れの的です！
425cd9c130340b07,TID_COSMETIC_ESTATE_2X2_SMALL_CABIN_INFO,四角四面の村人にはうってつけです。
a3a7230c152fa385,TID_ACHIEVEMENT_LOOT_ELIXIR,エリクサーを合計<number>奪う。
664d1d1f74be714a,TID_BUILDING_BOMB_TOWER_INFO_SHORT,地上ユニットを爆撃するためだけに作れらました。破壊された後も爆弾が残るので、油断なりません。
114be3536ba8317c,TID_BUILDER,大工
2052ae892a0c52f9,TID_PET_DIGGY,ディギー
464f82cb9f9193d6,TID_TASK_GET_VS_BONUS,毎日大工スター
f909b4c5b9438ea5,TID_FEATURE_CLANS,クラン
0e5edc4702b18932,TID_RAID_MEDALS_INFO,合戦メダルは、クランの都の週末合戦に参加することで獲得できます。旅商人からアイテムを購入する際や、クランの城に援軍を追加する際に使用しましょう。
38725c0b34ba71c3,TID_LEAGUE_TITANIUM2_SHORT,チタンII
eec495456f6ed0f2,TID_DECORATION_8YEAR_BIRTHDAY_STATUE_INFO,旅商人が8歳の誕生日を、ひと味違うプレゼントでお祝いしています！
0de8f2d607354e99,TID_CAPBUILD_SPELLLAB_HEAL,ヒールの呪文工場
3268e5f45e80a5b1,TID_HINT_HERO_GRAND_WARDEN,グランドウォーデンはミステリアスな古代のパワーを操り、近くにいるユニットを鋼鉄のように強くします。
e6fae0864c557591,TID_ALLIANCE_WAR_STAT_PARTICIPATION_TOP,攻撃回数（上位の村）
2f722cb54b2595bd,TID_WAR_PERSONAL_INFO,クラン対戦への参加を希望しますか？内容は他のクランメンバーに表示されます。
943340b35dcfb3c6,TID_GEAR_RARITY_COMMON,ノーマル
39e9a58824294f51,TID_HITPOINTS,ヒットポイント：<number>
d7f5dc7f8b69a390,TID_TYPE_ACCEPT_CLAN_INVITE_WHILE_IN_CLAN_TEXT,新たなクランからの招待を承認すると、現在のクランからは脱退することになります。よろしいですか？
a5ec193b564b0b4f,TID_CHARACTER_INFO_RAID_CART,また車輪のついた大砲ですか！？あまり新鮮な驚きはありませんが、その頑丈さと格段に向上した火力、そして騒がしい護衛のバーバリアンたちが最大の強みです！
90e4df9fd0cc53a8,TID_ALLIANCE_CREATE_TROPHY_COUNT,必要トロフィー数：
28c8bf1ae2aa668f,TID_PARTY_QUEEN,パーティー クイーン
b24dbb863cf4f864,TID_TUTORIAL_MEET_NEW_BUILDER3,あなた！どこから出てきたんですか！？
0d1c3eecbd1286ff,TID_ZAP_TRAP_INFO,そばを通ったユニットは、さぞかしショックを受けることでしょう。
1a1f2e70cb65266d,TID_SETTING_SCREEN_SHAKE,画面の振動
820285fdb70c318e,TID_HERO_ROYAL_CHAMPION_INFO_SHORT,戦いを仕切る頼もしいヒーローです。
044ce17f1f327318,TID_BATTLEPASS_TASK_WIN_BATTLES_USING_SNEAKYARCHERS,時間との戦い
ad0e8f5d04f1c8c6,TID_CHARACTER_INFO_IRONFIST_GIANT_SHORT,クラッシュ界のボクシングリーグに君臨する超ウルトラ重量級チャンピオンです。
4c4f54fdceab2843,TID_ALLIANCE_WAR_REPLAY_PERSONAL_DEFENSE,リプレイ
59fac90aa7d69efc,TID_GOLD_PASS_EXCLUSIVE_TAG,ゴールドパス\n限定！
96eed9377926421d,TID_USE_TROOP_EVENT_ACHIEVEMENT_DESC,マルチプレイ戦闘で勝利しましょう！\n<cffec78>• 1<unit>を使用する必要があります</c>
468ffe792d70c3f1,TID_SEASON_START_TEXT,<month>シーズンが開幕！
170276656715bbca,TID_CLAN_GAMES_SINGLE_LINE,クランゲーム
d313ada0a2dffb75,TID_NEWS_RABBIT_TITLE,魔法？
9fd06434a98a604c,TID_ERROR_POP_UP_BANNED_ARTICLE_BUTTON,詳しく
ae8fdb4e5542c54c,TID_BOOSTER_CLOCKTOWER_ALT_2_LINE,時計塔ポーション
8a6630db13b56ca2,TID_DISTRICT_GOLEM_QUARRY,ゴーレム発掘場
f9e2e7aebd34559e,TID_NOT_ENOUGH_WORKERS_TEXT_ARTO,建設中の建物を今すぐ完成させて、\nB.O.Bをこちらにまわしますか？
6af90c143b5c48cf,TID_NPC_CHALLENGE_BOWIGI_FREEZE1,<cf70d16>インフェルノタワー</c>が<c54a0fe>ウォールバスター</c>を破壊する前に<c38eaff>フリーズの呪文</c>を使いましょう！
aaefbcfdc58091d6,TID_NPC58,卒業セレモニー
0db5770b6b64404e,TID_CLANGAMES_TASK_INFO_WIN_HOMEBATTLESINROW,マルチプレイで<num>連勝する。
69dd37128d423541,TID_CAPBUILD_BLAST_BOW,ブラストボウ
36881e463979a01a,TID_PLAYER_SEARCH_HINT,見つけたいプレイヤーのプレイヤータグを入力してください
41ba99022b9947fb,TID_TUTORIAL_CLASHOWEEN_EVENT_A3,実は最近、ユニットの合成に挑戦していまして...
8d47781c6ef704ba,TID_BOOSTER_FILL_ELIXIR_STORAGE_INFO,この魔法アイテムを使うと、どこからともなく湧き出るエリクサーで自分の村にあるエリクサータンクをいっぱいにできます。
83406e458b5bb074,TID_BP_PERK_RESEARCH_BOOST_DESC,ラボにおけるユニット、呪文、突破兵器の\nアップグレードに必要な資源と時間が<num>％減少します。
e9d63fe0cbe35a82,TID_DECO_BOULDER,大きな岩
ce6d6443c513ffc2,TID_HINT_WIZARD_INFO,ウィザードは攻撃力は高いものの、ヒットポイントが低いため、打たれ弱いユニットです。
af7c829e64cbe0b0,TID_MAX_MEDALS_INFO,回収済みのメダル
18b89e0f0df4ab70,TID_CAPITAL_RAID_SEASON_REWARD,週末合戦で<num>個の合戦メダルを獲得しました。
4b25fffc3a70af5f,TID_LINK_SAME_PLATFORM_TENCENT,複数のデバイスでプレイするには、まずゲーム内の設定から、このデバイスがWeChatまたはQQのアカウントにログインしていることを確認してください。\n\n確認できましたら、他のデバイスからWeChatまたはQQにログインしてください。ゲームの進行状況は自動的に同期されます。
0598bab940bab2ac,TID_CAPITAL_PLAYGROUND_DEPLOY_AREA_EXPLANATION_4,配置できるエリアがどのように拡大するか、しっかりと把握するようにな。
584fb8acc538c3a3,TID_BP_REWARDS_LIST_TITLE,報酬リスト
d762758ffc708dcb,TID_ALL_WALLS,すべての壁
3b0d355bc3bba6c7,TID_DIAMOND_BUNDLE_MAGICITEMS_BUILDER_BASE_BUILDING_BOOK_WITH_BUILDER_POTION_AND_GOLD_INFO,• <res0>ゴールド（大工の拠点）\n• 建物の本<booster1>冊\n• 大工ポーション<booster2>個\n• 収容量制限なし！\n\nビルダーホールや大工の拠点の防衛設備のアップグレードに必要なものが全部入っています！
29814f16fd62510a,TID_PART_HOUSE_ROOF,クランの家の屋根
54c4224ae72f1447,TID_PUSHER,押し出しトラップ
6041aeb0ac055ccd,TID_CLAN_RAIDS,クラン合戦
404a3686924ae503,TID_FEEDBACK_INFO5,以下を正確にご記入ください：\nアクセスできない村の名前：\nタウンホールのレベル：\nXPレベル：\n所属クラン名（クランに参加している場合）：
72a9a0dfe41e6291,TID_LOG_BUTTON,戦闘ログ
918a94e172eba724,TID_INFO_RANGE_VALUE,<number>マス
ab18647c528a8684,TID_CHAT_BANNED_REASON,他のプレイヤーから、問題のある発言をしていたと報告がありました。
fb8751b8a561482b,TID_CAPITAL_RAID_AMOUNT_ATTACKS,合計攻撃回数：<number>
b242246f70392df0,TID_BALLOON_BUS,飛行船
a94f4590651013db,TID_LEADERBOARDBANNER_CLANTOURNAMENTS,クラントーナメント
340aae63b2efcb31,TID_CAPITAL_RAID_OFFENSE_MEDALS_ALT_GEMS_RECEIVED,週末合戦の攻撃報酬として、<num>エメラルドを受け取りました
00e0b1c856fbb9ec,TID_NEWS_CLASHIVERSARY_TEXT,ご存知の通り、クラッシュ・オブ・クランは5周年を迎えました！5周年記念として、プレイヤーの皆さんのために新しい障害物、セール、1エメラルドブースト等々、ありとあらゆる特別なおもてなしをご用意いたしました！\nこれからの5年間も、楽しく村を作り... 色々なものをブッ壊してまいりましょう！
c2f9931ebe838045,TID_DARKAGES_KING,中世 キング
430574accc7a4bfe,TID_BB_STAR_BONUS_COOLDOWN,星ボーナス獲得可能まで：<time>
0c5abf1dfeaaf1da,TID_CLANGAMES_TASK_WIN_STARS_USING_LIGHTNING_INFO,ライトニングの呪文を<num2>回使い、マルチプレイで<num>回勝利する。
3169969567373bb9,TID_UPGRADE_BUILDING_TO_LEVEL_TO_UNLOCK,<building>をレベル<number>までアップグレードすれば、アンロックできます！
7d36fffd166e0405,TID_DECO_DARK_AGES_DRAGON_INFO,ギラギラした目と焼けつくような息で、侵入者から村を守っています。存在感バツグンです。
5386af7974165890,TID_BUTTON_CLOCKTOWER_SPEEDUP,今すぐブースト！
82deb90d54ff173c,TID_CHALLENGE_INFO_2013,ヒーロー、最初のダークエリクサーユニット、そしてタウンホール10が登場！
a1d8aa1de0dc0957,TID_EVENT_HERO_BOOST_ALT,ヒーローブーストイベント
af1c41c5616ea3e0,TID_BATTLEPASS_TASK_WIN_STARS_USING_RAGE,アンガーマネジメント
ca6f6273e3e6b4fe,TID_INFO_TARGET_TYPE_GROUND_OR_AIR,対空または対地
ac7a262eee9c100f,TID_6ANNIVERSARY_OFFER_MAGICITEMS_BOOKS_AND_RUNES_INFO_9999,• ヒーローの本<booster1>冊 - 実行中のヒーローアップグレードを瞬時に完了します\n• 建物の本<booster2>冊 - 実行中の建物アップグレードを瞬時に完了します\n• ゴールドのルーン<booster3>個 - 金庫をいっぱいにします\n• ダークエリクサーのルーン<booster4>個 - ダークエリクサータンクをいっぱいにします\n\n• 収容量制限なし！\n• このパックの購入は2回限りです！\n\n期間限定の記念パックを、どうぞお見逃しなく！
fbd9940f1cd56406,TID_BATTLE_PASS_CLAIMED_REWARDS,入手済み
20ecd13a3b495374,TID_NEXT_REQUEST,次のリクエスト：
bce867c3db9a96d2,TID_BP_DAILY_REFRESH_IN,デイリーチャレンジ\n入れ替えまで：
a2a8a913346ad1c4,TID_LEAGUE_BRASS3,ブラスリーグIII
9b39bb00313c4c35,TID_HERO_ABILITY_UNUSABLE_IN_RECALL,能力を使うにはリターンしたヒーローを配置してください。
014760abc53672c8,TID_GEAR_UP_BUILDING_SUBTITLE,スペシャルアップグレード：
9e4fa56662fc6cb1,TID_SETTINGS_BUTTON_FACEBOOK_DISCONNECTED,未接続
71a4d9f2ce546d9e,TID_IF_LOST,敗北：
7ac4f03b75cf00a1,TID_WL_COLUMN_DETAILS,詳細
d8755481708375ac,TID_COME_BACK_NOTIFICATION_LARGE,戻ってきてください、チーフ！村にはあなたが必要なんです！
52801d2b6ba3d17a,TID_NEWS_SAFEGUARD_TEXT,Game Centerにサインインすると、ゲームの進行状況を安全にバックアップしたり、複数のiOSデバイスでプレイできるようになります。
474ad42c78da692b,TID_DIAMOND_BUNDLE_TH6_ALT_UPDATED_INFO,• <res0>ゴールド\n• <res1>エリクサー\n• <gems>エメラルド\n\n収容量制限なし！\n\nこの初回限定<cffec78><value>倍バリューチャンス</c>をお見逃しなく！
67d0d815b94e6dc5,TID_AVATAR_MESSAGE_SUBJECT_GEM_DONATION,<amount>エメラルドを受け取りました
8449fee2fe368824,TID_INFO_UNIT_COUNT,<unit>：<number>体
13b6692e9a56a23d,TID_NPC_CHALLENGE_TH13_HYBRID_MINERS,側面が一掃されました。<c54a0fe>ディガー</c>を配置して中心部に攻め込みましょう！
75beae3710dac29e,TID_CANCEL_BOOST_CONFIRMATION_TITLE,生産アップを終了しますか？
66f379302ccf1cdf,TID_SELF_SERVICE_BUTTON,セルフサービス
e016eab5736d0b14,TID_SETTING_DEPLOYMENT_BAR_SIZE,配置バーのサイズ
44cc90f12b902b3d,TID_DIAMOND_BUNDLE_TH3,タウンホール3パック
6584969834197df2,TID_NPC87,頭痛の種
0614e6032d4c47ef,TID_LEAGUE_CLAY4_SHORT,クレイIV
1a8f47711e26150b,TID_ACHIEVEMENT_DESTROY_ARTILLERY,マルチプレイで通算<number>個のイーグル砲を破壊する。
bc6be072b84d8069,TID_SPELL_HEAL_SPIRIT_INFO,
6c36dab0e88af553,TID_STARTER_UPGRADEBUILDING_INFO,自分の村で<num>つの建物アップグレードを開始する。
f48504db71baa075,TID_SUGGESTED_PLAYERS_TITLE,おすすめプレイヤー
16a83355ffb2f5e7,TID_AVAILABLE_AT_TOWN_HALL_LEVEL,<name>はタウンホールレベル<number>から利用可能
3b440c722cbecc55,TID_CLAN_GAMES_NO_REWARDS_EARNED,チャレンジを1つ以上クリアしてクランポイントが報酬グレードに到達すると、報酬をもらえます。
1b806f11434c3de9,TID_LEGENDS_TODAY_SHIELD_ACTIVE,現在シールドが発動しています。今日は攻撃にも防衛にも参加できません。
1ca26060572dbe67,TID_COSMETICS_CUSTOM_ANIMATIONS,特別アニメーション
24c4cbab34edd824,TID_NPC85,ビルダーポリス
0dd6e0e0ad4d68a2,TID_GOOGLE_ACCOUNT_ALREADY_BOUND,Google Playへのログインに失敗しました！あなたのGoogle アカウントは既に他のゲームアカウントと関連づけされています。
0189ed0bdc141311,TID_CHALLENGE_WAS_ACCEPTED,フレンドリー・チャレンジが了承されました！
fc165ad3d947dce9,TID_CHARACTER_INFO_TOXIC_MINION,遠くからターゲットを攻撃し、闇の中で光り、しかもダンスフロアが大好きです。
b9966f8563136c6e,TID_MAGIC_ARCHER_ABILITY_HELP,アーチャーの矢が、直線上にいる複数の標的を射貫く
7a5ed741326f10e8,TID_TUTORIAL_OUTPOST_INTRO_4,...
0eef9bec6d639860,TID_NEWS_RED_TEXT,RED
c69b1a05f31dc78b,TID_ALLIANCE_WAR_HAS_ENDED,現在のクラン対戦が終了しました！
23770674ddec0802,TID_BOOSTER_FINISH_TROOP_UPGRADE_ALT_2_LINE,戦いの本
d71f405633366ff4,TID_WAITING_FOR_DUEL_NOTIFICATION,大工の拠点戦を希望しているプレイヤーがいます！
112a126f47b1b5ac,TID_NPC_CHALLENGE_TH12_DRAGBAT_DRAGONS,<c54a0fe>ドラゴン</c>を続けて投入しましょう。
d3f534295d9808ba,TID_VIEW_ALLIANCE_TAB,クランを見る
0ce3a08d6571a493,TID_CHARACTER_INFO_DARK_WITCH,大胆不敵に、飛行生物の群れを呼び出します。彼女の姉妹とは違って、芝生を痛めることはありません。
5085ffa0bc4db9e2,TID_ALLIANCE_ROLE_ADMIN,長老
3f8fa49e41453ba6,TID_MOUNTAIN_GOLEM_INFO,この岩山の怪物は、動きこそカメのようにゆっくりですが、豊富なミネラルを含んだその硬い拳を決して侮ってはいけません。山に宿る神秘の力で、敵は木っ端みじんにされることでしょう。
f143f828a7976dfc,TID_NPC_CHALLENGE_TH12_YETI_RAGE2,<cf07bf8>レイジの呪文</c>を使って素早く中心部に攻め込みましょう！
2d4d2ad18a7300fd,TID_BUILDER_BASE_LEAGUE_TITLE,大工の拠点リーグ
c9c61c700c75dd89,TID_BATTLEPASS_TASK_WIN_BATTLES_USING_EARTHQUAKE_INFO,アースクエイクの呪文を使い、マルチプレイで<num>回勝利する。
722d3b2234857d26,TID_NPC_CHALLENGE_TH6_GIWIWA_WALL_BREAKERS2,<cf70d16>迫撃砲</c>の砲弾が着地したら、部隊が<cf70d16>タウンホール</c>に\n到達できるように内側の壁を破壊しましょう！
de06757823d913a1,TID_EVENT_TITLE_MAGICITEM_PACK,魔法アイテムパック
93e645041f9f9037,TID_WL_STATS_DESTRUCTION,破壊率
a87468c52c7a3bbe,TID_BOOSTER_ERROR_GENERIC,<booster>は使用できません！
0419ec2884699ded,TID_TUTORIAL_CAPITAL_UPGRADE_4,ま、わしの場合はハンマーを一振りするだけですべてを解決できるがの。
9d5f0a11279ee6cf,TID_WORKER2_INFO,この地方では、マスター大工がいなければ何もできせん！エメラルドを使えば、彼の作業をスピードアップさせることができます。
06098c808d3fa830,TID_BABY_ELECTRO_DRAGON_ABILITY_HELP,攻撃目標を3つまで連鎖して攻撃する
5f4867fec51cff8a,TID_INFO_POP_UP_TOS_PP_TITLE,重要なお知らせ
ca030a50a778236e,TID_ICE_QUEEN,アイス クイーン
81455bfdf47e5275,TID_MAINTENANCE_NORMAL_TEXT,お待ちいただく間、クラッシュ・ロワイヤルを1ラウンドなどいかがですか？
73cfda212df627af,TID_LEAGUE_COPPER3_SHORT,コッパーIII
9507cd3cd6d308f9,TID_SETTINGS_PRIVACY,プライバシー
3e5b24e920c0f61e,TID_CLANGAMES_TASK_DONATE_TROOPS,助け合いの心
b386e8ab234ca820,TID_TRADER_COUNTDOWN,次の取引まで<time>！
f66d6abdfc480f92,TID_JOINALLIANCEQUESTION,クランへの招待を承認しますか？
26f5ddfb2786c4cf,TID_FOLLOW_BUILDER_TEXT,大工が私たちのInstagramのパスワードを持って、冒険へと旅立ちました！旅の行方を追いながら、彼が次に何をするのか突きとめましょう！
d80c4e71f99883f3,TID_NPC_CHALLENGE_DEPLOY_ARCHER_QUEEN,<c9916c8>アーチャークイーン</c>を投入しましょう。
e3852f378bd27b37,TID_NPC_CHALLENGE_TH11_LAVALOON_HOUNDS1,先に<c54a0fe>ラヴァハウンド</c>を配置して、\n<c54a0fe>エアバルーン</c>を守りましょう！
4a68627290cfc175,TID_CAPITAL_ARMY_SAVE_FAILED_TOO_MANY_SPELLS,呪文の数がクランの制限を超えています。
e06a073e5eefa73d,TID_NPC_CHALLENGE_RAGE_ON_ENTRANCE,村の入り口で<cf07bf8>レイジの呪文</c>を使えば、\n多くの味方ユニットがその効果を得られます。
89848608d10cdbcf,TID_DECO_GOLDEN_BARBARIAN_INFO,これ以上の輝きを放つ髪はありません！
93fa6225e07fca2c,TID_NO_RIGHTS_TO_EDIT_DISTRICT_LAYOUT,地区のレイアウトを変更できるのはリーダーとサブリーダーのみです。
e5be5ecb306ee484,TID_PLAYER_AVAILABLE_FOR_RECRUITING_DESC_CN,クランへの招待を受け取りますか？
0b2f80858537c42c,TID_LEAGUE_SILVER2_SHORT,シルバーII
02c208b660a11856,TID_ARMY_OVERVIEW_HINT_SIEGE,突破兵器はタウンホールレベル12から登場します
32852fdfeddfde6d,TID_GOLD_PASS_PURCHASE_INFO,今シーズンのゴールドパスを購入すると、\n上のような報酬をアンロックできます。
f7aa0be344ddd5e6,TID_BATTLEPASS_TASK_WIN_BATTLES_USING_BAT,群れの季節
eaef0b877e0fffb4,TID_CAPITAL_ARMY_SAVE_PENDING,都の部隊を保存中です
9e55cad571e15b15,TID_CHARGE_LEVEL,チャージレベル<number>
47994d36f92ecbc3,TID_CLAN_WAR_CHALLENGE_CANCELLED,<name>がキャンセルしました
1bf70255c09b5e3e,TID_EVENT_DAILYLOGIN_TITLE,デイリーログインカレンダー
3893f95c226a94fc,TID_WAR_DONATE_FULL,このプレイヤーは、これ以上援軍を受け入れることができません
e4e5edb2b64b8683,TID_LEGENDS_LEAGUE_DAY_ENDS,現在のリーグ日の終了まで：
3f66b71469fda24c,TID_BIND_TO_NEW_GOOGLE_SERVICE_ACCOUNT,ここまでのゲームを Google アカウントに保存しますか?
034d64807e064c9d,TID_LEAGUE_CLAY1,クレイリーグI
edfccc37ada6c483,TID_BOUND_TO_OTHER_ACCOUNT_LOAD_VILLAGE_TITLE,村をロードしますか？
2eeb4cf533c3c4b2,TID_SETTINGS_GOOGLE,Google Play ログイン
853a57104ea9277c,TID_WL_INFO_LIVE_TAB0_TEXT,<cFCE27F>戦闘週間とは？</c>\n\n各戦闘週間では、クランは同じリーグに所属する他の7つのクランとグループを組まれます。次の7日間にわたって、クランは他のクランと一度ずつ対戦を繰り返し、グループの頂点を決めることになります！良い戦績を収めたクランは1つ上のリーグへ昇格することができ、一方で最下位になったクランは1つ下のリーグへと降格してしまいます。\n\n戦闘週間が始まると、クランはまず初戦の戦闘日に向けた準備日に入ります。準備日には、参加を表明したリーグメンバーの中から、次の対戦で戦う参加者を選択します。24時間が経過すると、最初の戦闘日が始まると同時に、2回戦の準備日もスタートします！
8890c8e3b5ba5225,TID_WAROPTIN_LEAVEOUT,不参加
815a28e6eaa52d78,TID_SEARCH_TERM_ANY,無差別
49e5490a6e2940d0,TID_LEAGUE_PLATINUM1,プラチナリーグI
8c075d35cae54b24,TID_CLANGAMES_TASK_USE_GOBLINS,ゴブリンのいたずら
28570692a9cdde41,TID_BUTTON_STORE_DECO,収納
e47083ff607722bc,TID_ALLIANCE_WAR_ATTACK_CONFIRM_2STARS,あなたのクランは、この村からすでに星2つを獲得しています。星3つを目指してこの村を攻撃しますか？
f1aaddb1d14ce19b,TID_BATTLEPASS_TASK_INFO_WIN_BATTLES_USING_HEADHUNTER,ストライカーを使い、マルチプレイで<num>回勝利する。
bd022f70d6a2949a,TID_SETTINGS_API_TOKEN_COPY_BUTTON,コピー
89fcdae7c8130076,TID_GOOGLE_PLAY_KUNLUN_LOAD_VILLAGE_TUTORIAL_BUTTON,村をロード
44910e60ef569d1b,TID_NEWS_CLASHIVERSARY_TITLE,チーフ、5周年記念おめでとうございます！
77473cb5f13990a4,TID_BOOSTER_FREE_HERO_UPGRADE_ALT_2_LINE,ヒーローのハンマー
147e810bd0bdbbd8,TID_HINT_GUARD,村の護りの有効中は自分の村が攻撃されることはありません。思う存分他の村を攻撃しましょう！
6fae86ce7ce68a0b,TID_ALLIANCE_WAR_UNDER_ATTACK_BY,<name>から攻撃を受けています！
08f2372ad43842e9,TID_DIAMOND_BUNDLE_MAGICITEMS_HERO_BOOK_WITH_RESOURCES,ヒーローの本パック
1758500295690e94,TID_DIAMOND_BUNDLE_TH6_INFO,• <gems>エメラルド\n• <res0>ゴールド\n• レベル1エアスイーパー\n\n建設時間なし、収容量制限なし！\n\nこの<cffec78><value>倍バリュー</c>のパックは、1度限りの特別提供となります！
ac642488ec80e49d,TID_CLANPERK_DESC_DONATION_REFUND_VALUE,コスト<value>％
638dbb0ae619b06b,TID_TRAP_AIR2,対空トラップ
0419da7e9e948b59,TID_LEGEND_LEAGUE_INFO_TAB0_TEXT,レジェンドリーグは、エリートプレイヤーが互いの攻撃やレイアウトの巧みさを競い合うモードです。レジェンドリーグに所属しているプレイヤーは、毎日決まった数の攻撃や防衛を行います。攻撃の際は最大<num>トロフィーを入手でき、失うことはありません。また、攻撃ボタンを押したあとの検索時間はありません。\n\nリーグ日が終了した時点でトロフィー数が一定数を下回った場合、レジェンドリーグから脱落して通常のマルチプレイに戻ります。\n\nレジェンドリーグに参加した際、初日は攻撃の回数が制限される可能性があります。
3415fcb8e052c3cc,TID_ALLIANCE_WAR_HISTORY_BROWSE_UNAVAILABLE,詳細がありません
ea55486b1f5442dc,TID_EVENT_GET_GEM_ALTERNATIVE_TITLE,保管施設が一杯です
298245055610cb18,TID_NPC_CHALLENGE_TH10_MINER_HEALS,<c54a0fe>ディガー</c>が激しい攻撃を受けている時は、\nやられてしまう前にヒールの呪文を使いましょう。
5b8f3fb7ab0af22b,TID_STAR_BONUS_HELP_TEXT,マルチプレイで星を5個獲得すると、星ボーナスがもらえます！
cccff08221cbf650,TID_GINGERBREAD_KING,ジンジャーブレッド キング
66479141ad05d87f,TID_DECO_GINGERBREAD_BUILDING,ジンジャーブレッドベーカリー
3508e9122742142a,TID_TRAP_TRIGGER_RADIUS,起動範囲：
b84c726961c5a7d5,TID_LABORATORY_HINT2,←左右にスクロールできます→
1629586c529b146d,TID_OBSTACLE_CNY2021,幸運の植木
7ba8bc6bba904cc3,TID_ROGUE_QUEEN,ならず者 クイーン
4bc7ac5bff9e975b,TID_DONATION_LIMIT_REACHED,寄付が上限に達しました
3167ed2f590a6f0f,TID_TUTORIAL_WORKER_MENU3,よっしゃ！これでオレたちはチームだ！いつかアンタの故郷にも遊びに行って\nみたいぜ... Zzz...
49c0d4f4b7677fde,TID_SEASON_NAME,<year>年<month>シーズン
7f625c143edc6663,TID_OFFER_GIFT_COUNT,クランメンバー<num>人分のギフトを含みます！
e1e6dc420d51dd8b,TID_PUBLIC_WAR_LOG,クラン対戦ログを公開
20e8a7ade6725c6b,TID_ANTIADDICTION_NO_REAL_NAME_VERIFIED_1,実名認証を完了されていないため、ゲーム依存防止システムによるプレイ制限がかかっております。午後10時から翌日の午前8時まではゲームにログインできません。弊社の公式ウェブサイトで実名認証を完了してから、もう一度ログインしてみてください。
32180e11eaa49ece,TID_BOOSTER_FINISH_BUILDING_UPGRADE,建物の本
1807a6a189046542,TID_HINT_VERSUS_BATTLE1,大工の拠点戦では、より多くの星を獲得した側が勝利します！星の数が同じであれば、破壊率で勝敗が決まります。
8c8b621be4458513,TID_CLANGAMES_TASK_GET_LEVELKILLS_VS_GRANDWARDEN,ウォーデンレベルハンター
53aaca9fa639ecfe,TID_CHARACTER_SIEGE_MACHINE_TROOP_CATAPULT,
befaf069dc2cbac5,TID_SETTINGS_BUTTON_FACEBOOK_CONNECTED,接続済み
34840676443e347a,TID_AVATAR_MESSAGE_TEXT_ALLIANCE_DISTRICT_LAYOUT_SCRAMBLED,地区のレイアウトに不適切な点が見つかったため、レイアウトがリセットされました。今後さらに違反が発見された場合は、より厳しい罰則が科されますのでご注意ください。\n不適切なレイアウトの詳細については、以下をタップしてご確認ください。
9a5979b8be083759,TID_TUTORIAL_MODE_TITLE,チュートリアルモード
ea4f3ccbacd18be5,TID_GEAR_UP_MORTAR,迫撃砲を連装迫撃砲に改造します。ダメージ範囲が拡大し、バースト射撃を行います。
6c8d5a7adcce07f5,TID_BUTTON_LOGIN,ログイン
002e5fd40610a7ff,TID_LOOT_GAINED,獲得した戦利品：
da5d9e62c8925453,TID_SCENERY_DESCRIPTION,<scenery>
9b2cf35abd80b483,TID_LINK_TARGET_DEVICE_TYPE,ターゲット デバイス
2507bded70e6559c,TID_HINT_DARK_ELIXIR_USAGE,ダークエリクサーを使えば世界最強クラスのヒーローたちを呼び寄せることができます！
e344c4c6d62a65aa,TID_TUTORIAL_ARTO_COMPLETE_3,ニンゲンの仲間よ、コンニチハ！
5ddc20b42a55dc01,TID_LEADER_ROTATION_MAIL_TEXT,このクランのリーダーは、<daysInactive>日以上ゲームにログインしていません。クランのリーダー権限は、<daysToRotation>日後に活動的かつ最も長くクランに所属し、リーダーの次に高い地位を持つプレイヤーへと引き継がれます。これを止めるには、現在のリーダーがゲームにログインする必要があります。\n\nこのままログインがなければ、<newLeader>が次のリーダーとなります。
47385bf3bd16dc0a,TID_JOIN_NOW_BUTTON,今すぐ参加
37b81fccc3a501bf,TID_NPC_CHALLENGE_INFO_AIR_SWEEPER,<cf70d16>エアスイーパー</c>の後ろから攻め込みましょう。
af9e70cd222b3a35,TID_HERO_INFO_BATTLE_COPTER,バトルコプターで飛び立とう！ハンマーで壁を叩くことに嫌気がさしたマスター大工は、次世代型の空飛ぶ強襲マシンを発明しました。強力な大砲による遠距離攻撃だけでなく、ボムラッシュの能力で近距離戦もやってのけます。
e14b475de1bd96cf,TID_REENGAGEMENT_DAILYCALENDAR_2,毎日ゲームにログインするたびに、ギフトが手に入ります！
5a6bbe9476d3758b,TID_QQ_LOGGED_IN,QQにログインしました
006c6294f58da436,TID_GOOGLE_PLAY_KUNLUN_LOAD_VILLAGE_TITLE,村をロード
06243fcf01dabdd2,TID_UPGRADE_INFO_HOUSING,アーミーキャンプごとのユニット数（+<num>）<old>
d0effb53a6092a98,TID_CAULDRON_REWARD_INFO1,デコレーション：禁断エリクサーの大釜
31a9a9ddfde3fb95,TID_COPIED_TO_DEVICE_CLIPBOARD_GENERIC,デバイスのクリップボードにコピーしました！
b54501d46e3f86a9,TID_FLYING_FORTRESS_INFO,城に翼をつけるなんてバカげていると思うかもしれませんが、飛空城にそんな常識はあてはまりません。大勢のスケルトングライダーが乗り込むこの規格外の要塞は、歯向かう敵を容赦なく爆撃します。
1d062768179c276b,TID_POPUP_STORE_OBSTACLE,障害物を収納しますか？
dc185b552ce6ad04,TID_NPC_CHALLENGE_TH10_MINER_MINERS,これで、<c54a0fe>ディガー</c>のルートを確保できました。
983c12ba4b2ee98b,TID_EVENT_TRACK_REWARD_INFO_CHARACTER_NOT_AVAILABLE,期間限定ユニットは利用できません
640379e7a04d71c2,TID_PAINTER_QUEEN,ペンキアート クイーン
d85917a02966455a,TID_TUTORIAL_ATTACK_NPC_BUTTON,攻撃
07cc94a0ad3ac364,TID_NPC_CHALLENGE_TH9_WITCH_GOLEMS,<c54a0fe>ゴーレム</c>を投入して、村に突撃しましょう。\n敵の攻撃のほとんどを吸収してくれます。
d3ac015b94c751d3,TID_GEAR_UP_ITEM,<item>を改造
9510a840b157ed03,TID_SIEGE_MACHINE_INVISIBLE_FLYING,
15bbc43c32794b8d,TID_GEAR_INFO_ARCHER_CROWN,アーチャーの集団を召喚します
f2bd2408e374ded1,TID_GEAR_RESOURCE_BONUS_LOOT_TITLE,クラン対戦終了後に付与：
05aaa5c900dcf29f,TID_SHOP_CATEGORY_FLAGS,旗
67e77f9c871b544b,TID_FB_CONNECT_NOT_SAFE_TITLE,Facebookにログイン中です
cd40730ab459798c,TID_COSMETIC_ESTATE_4X4_LARGE_HOUSE,大きな家
34d42064df9d7556,TID_DECORATION_SWORD_IN_STONE_INFO,強さの証であり、最強のクランに所属する者だけが手にできる伝説の像。
316599ca74d075eb,TID_HERO_INSTRUCTIONS,体力こそ少なめですが、この優雅なハンターは凄まじい破壊力を身に付けています。防衛の際には、攻撃範囲に入った敵をことごとく射抜いてくれるでしょう。「ロイヤルクローク」の能力に目覚めると、攻撃時に透明化して、敵に恐るべきダメージを与えます！
58cd473daa26305a,TID_OBSTACLE_SMALL_TREE,小さな木
42971f0217c8791e,TID_CHARACTER_INFO_SUPER_BARBARIANS,手っ取り早く何かをブチのめそうと思ったら、スーパーバーバリアンの一団に頼むのが得策でしょう。投入直後の生きのいい状態が一番ですが、落ち着いてからもそれなりの力を発揮します。
4fbacb55895e2068,TID_DECORATION_8YEAR_BIRTHDAY_STATUE,\qバースデーケーキ\q
169789b00e59f78f,TID_SCID_PURCHASE_PASS_EXPLANATION,ゴールドパスは、「シーズンチャレンジ」メニュー内からご自身のアカウントに使用できるだけでなく、「Supercell ID」メニューからSupercell IDのフレンドに寄付することもできます。
2132a7ca3fe76052,TID_CLAN_WAR_LEAGUE,クラン対戦リーグ
2c1bd805d35921a2,TID_BOOSTER_HERO_POTION_ENABLED,ヒーローをブースト済み
a6f9b657f47a1304,TID_POPUP_ACHIEVEMENTS_TITLE,達成項目
b696ea68abb4b03f,TID_SUPPORT_CREATOR_BUTTON,コードを入力
c2cbbb7bf8b830ea,TID_LEAGUE_STONE2_SHORT,ストーンII
adbde0a901e3b83d,TID_BUTTON_HERO_PATROL,防衛する
85a82d36e9986e8d,TID_START_MATCHMAKE_HINT,攻撃して防御しましょう！大工の拠点戦に勝利すると、ボーナス戦利品を獲得します！
1f2719c1fd9156e6,TID_CLANGAMES_TASK_INFO_DESTROY_BB_GEMMINE,大工の拠点戦で通算<num>個の<building>を破壊する。
d499387b21b97447,TID_LOADING,ロード中...
5f202dfd9de3b4a7,TID_UPGRADE_CAPITAL_UNIT,<name>をレベル<number>にアップグレードします。
c1605f11ce70ff06,TID_BUTTON_WAR_ATTACK_CONFIRM_ATTACK,攻撃
6cebef4b70b3e3f7,TID_ANTIADDICTION_NO_REAL_NAME_VERIFIED_2,実名認証を完了されていないため、ゲーム依存防止システムによるプレイ制限がかかっております。法定休日のプレイ可能時間の3時間に達しました。弊社の公式ウェブサイトで実名認証を完了してから、もう一度ログインしてみてください。
ad7817ef066f3afa,TID_TRANSITION_WAR_ENDED,クラン対戦が終了しました
02bc4a323e355cf3,TID_CAPITAL_RAID_INVALID_TARGET,この地区は攻撃できません
2eed3872471a9e34,TID_FOLLOW_BUILDER_TITLE,Instagramで大工をフォローしよう！
2b35dac5c56150f4,TID_STARTER_WINUSINGHEALER,癒しの手
1e894f2c47a2b012,TID_NEWS_TROOP_TEXT2,石と溶岩でできたこの飛行ユニットは、大量のダメージに耐えることができます。攻撃目標は対空砲で、敵の村の奥まで侵入して攻撃を引き付け、味方を守ります。倒されると小型ユニットを発生させ、敵の防衛設備をもうしばらくの間かく乱させます。
5225f521fc09c8cb,TID_SPELL_IMMORTALITY_INFO,戦場にいる自軍のユニットを無敵にできます！\n\nこの呪文をユニットの集団に使用すると、一定時間ダメージを受けなくなります。
2ed72dd925b814d5,TID_LAYOUTS_COPY_LABEL,レイアウトをコピー
b083b7ceaf23ad2a,TID_TENCENT_DOLPHIN_DOWNLOADING_74,更新校验完成文件
e2c7aebb9306eea9,TID_FEATURE_CLAN_CAPITAL,クランの都
39c154977f7097d4,TID_REPLAY_REPLAY,リプレイ
aab4dba08d5c1a20,TID_PET_ABILITY_INFO_BARKY,壁を飛び越えて、その向こう側にいる敵を攻撃することができる
5cb4eb0601635ddf,TID_CLANGAMES_TASK_WIN_STARS_VS_TOWNHALL_14,脅威のTH14
712abf2d16bde2f5,TID_CAPITAL_SPELL_DURATION,効果時間：
e657a755b06798d8,TID_BATTLEPASS_TASK_WIN_BATTLES_USING_HOGGLIDERS,ホグと栄光
57ec6ab9c172e579,TID_BATTLEPASS_TASK_DESTROY_ARMYCAMPS,キャンプ荒らし
928bea7050d929fc,TID_INVALID_WAR_MEMBERS_INFO_LOW,<value>人以上のメンバーを選んでください
0f0f6f9902861419,TID_BATTLEPASS_TASK_GET_FRIENDLY_BUILDERBATTLESTARS,戦略構築
d932786cdf54abe7,TID_STARTER_TH2_INFO_UPGRADEARCHERTOWER,ショップでアーチャータワーを手に入れる。
3429a00384097057,TID_ACHIEVEMENT_DESTROY_WEAPONISED_TH_TITLE,手強い相手
da9f6f24ee2951b6,TID_CANCLE_SPELL_INFO,注：呪文の準備予約をキャンセルした場合、コストの<number>％しか戻ってきません。
f0bde94ce4884443,TID_TENCENT_DOLPHIN_ERROR_6,当前版本不支持更新，请去应用商店下载最新版本。
cafa2eabaa3abc84,TID_REMOVE_FRIEND_INVITE_CONFIRMATION,<name>へのゲーム内フレンドリクエストをキャンセルしてもよろしいですか？
5a9298d20e210e38,TID_REQUIRED_PET_SHOP_LEVEL,レベル<number>のペット小屋が必要です
c368a20599c6b8a0,TID_ALLIANCE_WAR_SAVE_VILLAGE,村を保存
4edd122d0cf2d397,TID_GHOST_WARDEN,ゴースト ウォーデン
57db3457c0b9787b,TID_NPC_CHALLENGE_TH7_HOG_WIZARDS,<c54a0fe>ウィザード</c>を配置して、\nバーバリアンキングを援護しましょう！
400b3329eac5eccf,TID_ALLIANCE_SEARCH_HINT_CN,クランタグを入力してください
d2a9dabe4d46b821,TID_DECORATION_SMALL_PINETREE,小さなトウヒの木
62663d47cff2fff7,TID_EVENT_CHRISTMAS_UNIT_UPCOMING,クラッシュマス3日目！
79b4db150e097c2a,TID_PET_RANGEDATTACKER_INFO,エレクトロオウルは、遠距離から電撃を繰り出して、敵の防衛設備をお釈迦にします。ただし、身体は羽毛に覆われているだけなので、きちんと守ってあげましょう！
d6e31d17d96e9fd1,TID_BOOSTER_STAR_POTION_INFO,スターが詰まった瓶を割ると、大工の拠点の星ボーナスが即利用可能になります。
eb5aac8e6057d3d7,TID_NPC_CHALLENGE_TH9_LAVALOON_RAGE2,さらにもう1つ<cf07bf8>レイジの呪文</c>を使って、\n残っている<cf70d16>対空砲とエアスイーパー</c>を破壊しましょう。
cf4c85b4f4b2a0bc,TID_DIAMOND_BUNDLE_MAGICITEMS_FIGHTING_BOOK_WITH_SPELL_BOOK_AND_DARK_ELIXIR_INFO,• <res0>ダークエリクサー\n• 戦いの本<booster1>冊\n• 呪文の本<booster2>冊\n• 収容量制限なし！\n\nダークエリクサー系ユニットと呪文のアップグレードに必要なものが全部入っています！
2251db0afaab5336,TID_RED_NEWS_BUY,ショップ
7e657c5817257036,TID_LEADERBOARDBANNER_PLAYER_NO_TOP_3_V2,大工の拠点戦トーナメントの勝者は、こちらに掲載されます！
8638f88856f89e77,TID_ENDOFSEP_OFFER_INFO_TH0206_0999,• 大工ポーション<booster1>個 - 大工の作業速度が1時間にわたって10倍になります\n• パワーポーション<booster2>個 - ユニットと呪文が1時間にわたってタウンホールの最大許容レベルになります\n• <res0>ゴールド\n• 収容量制限なし！\n• このパックの購入は表示の期間内に4回限りです！\n秋の乱闘が始まります！
a88361dfdb25a14b,TID_FRIEND_LEADERBOARD,ランキング
22f07a31a9058941,TID_ACHIEVEMENT_DESTROY_TOWNHALL_TITLE,王都炎上
9856a0f1aa74c23b,TID_MOVE_MASTER_BUILDER_CONFIRMATION,今すぐマスター大工を村に送りますか？
c9c31b84f62f15c7,TID_REGULAR_THEMED_BATTLE_OFFER_INFO_TH0712_1999,•<res0>エリクサー\n• 戦いの本<booster1>冊 - 進行中のユニットアップグレードを瞬時に完了します\n\n• 収容量制限なし！\n• このパックの購入は表示の期間内に3回限りです\n• この特別セールでクランを壮大な戦いへといざないましょう！
97785524a2ebbdd2,TID_CANNON_CART_MORTAR_MODE,迫撃砲モード
1825e231c641035a,TID_CLAN_GAMES_CENTRE_INFO,クランゲームでできること：
8839040e159866af,TID_SETTING_GROUP_ATTACK,攻撃設定
b6061b48399060c6,TID_NPC_CHALLENGE_TH10_MINER_HEALERS,<c9916c8>アーチャークイーン</c>がやられないように、<c54a0fe>ヒーラー</c>を投入しましょう。
9850b84d59e1c41f,TID_CAPITAL_RAID_SNAPSHOT_NOT_AVAILABLE,地区を取得できませんでした
4d91cdfbbc92d224,TID_REGULAR_THEMED_PREPARE_OFFER_INFO_TH0712_9999,• <res0>ダークエリクサー\n•<res1>ゴールド\n• ヒーローの本<booster1>冊 - 実行中のヒーローアップグレードを瞬時に完了します\n• 呪文の本<booster2>冊 - 実行中の呪文アップグレードを瞬時に完了します\n\n• 収容量制限なし！\n• このパックの購入は表示の期間内に1回限りです\n• ヒーローやユニットをアップグレードして、強大な呪文を生成しましょう！
c1c4389e1a902c94,TID_FRIEND_LIST_ITEM_PENDING,フレンドを追加しますか？
d3f71012dfb64988,TID_WL_STAT_POSITION4,4位
d6fd16e2fbfb9812,TID_ACHIEVEMENT_WL_STARS,クラン対戦リーグの戦闘で<number>個の星を獲得する。
9ded69ad1f4eeb78,TID_HEALTH_RECOVERY,体力回復：<number>％
6b814ac987a07f41,TID_BOOSTER_SHOVEL_OBSTACLE_INFO,パワフルだけど壊れやすいこの魔法のシャベルを使うと、1つの障害物が何度でも動かせるようになります。どちらの村でも使用可能です！
9248423e6bca6727,TID_DIAMOND_BUNDLE_GOLD_ELIXIR_INFO,• <gems>エメラルド\n• <res0>ゴールド\n• <res1>エリクサー\n\n収容量制限なし！\n\nこの<cffec78><value>xバリュー</c>のスターターパックは、1度きりの限定提供となります！
1e27d50e2647f4fe,TID_SUPERCELL_ID_TITLE,Supercell ID
31c063c0828bb185,TID_SUPER_TROOP_BOOSTS_NEEDED_TITLE,スーパーユニットのブーストが必要です
5cb27ebe33b15a7a,TID_NPC_CHALLENGE_TH11_EDRAG_FUNNEL_EDRAG1,この村は<c54a0fe>ライトニングドラゴン</c>からの攻撃に\n極端に弱くなっています。1体投入し、連鎖する雷撃で\n<cf70d16>対空砲</c>を破壊しましょう。
43ca5df283f8fd08,TID_BP_PERK_GEM_DONATION_COST_DESC_STARTER,クイック寄付のコストが1エメラルドになります
1860d4b14d88c2a6,TID_TREASURY_WINDOW_TITLE,宝庫
74847dd565258fe8,TID_ATTACK_FAIL_GENERIC,村を攻撃することができません。あとでまたお試しください！
7937ae6d2a2b6822,TID_BB_ATTACK_ELIXIR_STORAGE_FULL_TEXT,大工の拠点エリクサーの保管容量がいっぱいです。攻撃を開始しますか？
1ece08cd4c1592b5,TID_POPUP_BOOST_DARK_ELIXIR_COLLECTOR,ダークエリクサーの生産を\n<time>だけ2倍にしますか？
deaff7a512678e3a,TID_ALLIANCE_TYPE_INVITE_ONLY,承認制
56c774d68a979d94,TID_LEAGUE_CHAMPION_SHORT,チャンピオン
f7c20730806ca0e6,TID_ACHIEVEMENT_PVP_DEFENSES_TITLE,難攻不落
cf3e1490a5c805b7,TID_CASTLE_FULL,城は一杯です
fb3bcab396aee1ae,TID_CLANGAMES_TASK_DESTROY_MV_BUILDINGS,建物大解体
c947b61f7d3ca507,TID_CLANGAMES_TASK_DESTROY_BB_LAVALAUNCHER,ランチャースマッシュ
f6797eb84bad5b82,TID_ACHIEVEMENT_DESTROY_SCATTERSHOT_TITLE,灰は灰に石は石に
8559bee998f6c3aa,TID_CAPITAL_PLAYGROUND_SUPER_BARBARIANS,さあ、<c54a0fe>スーパーバーバリアン</c>を配置して、設備を破壊するんじゃ。
64a8f7ec5d77feca,TID_BUTTON_TRADE,トレード
5a08809c04e24ba0,TID_PLAYER_HOUSE_UNOCCUPIED_INFO,クランメンバーが将来入居できる空き家です。
a8e2812744dd18d9,TID_GAMES_TASK_REVIVE_CONFIRM_TEXT,このタスクを完了するために、<time>延長しますか？進行状況はキープできます。
864310074b45002e,TID_TUTORIAL_ARTO_COMPLETE_4,今からB.O.Bを送って、アンタの村の手伝いをさせるよ。
2f424b56e95fbf30,TID_SCENERY_GHOST,ゴースト
23f9db636b6f71b3,TID_CLANGAMES_TASK_INFO_USE_DRAGONS,<num2>体のドラゴンを使い、マルチプレイで<num>個の星を獲得する。
72f885e54d9e3ee0,TID_WATER_2,水 2x2
976906fc6034d9f4,TID_BP_PERK_NEXT_SCORE,必要ポイント：
75d2aba624e8f552,TID_CLANGAMES_TASK_INFO_WIN_STARS_WITHOUT_HEROES,マルチプレイで、ヒーローを使うことなく星を<num>個獲得する。
aa4f499716827874,TID_BP_CONFIRM_TIER_UNLOCK_TITLE,チャレンジポイントを購入
f50267e6643ba263,TID_CAPBUILD_BARRACKS_SUPER_DRAGON_INFO,今さらですが、ドラゴンのすみかに木材を使ったのはマズかったのではないでしょうか。まだ火事になっていないのが不思議なくらいです。
47319d6f9cb76395,TID_CAPBUILD_MEGATESLA_INFO,かくしテスラに「メガ」がついたら、どうなってしまうのでしょうか？\nその強力な雷撃は、屈強なユニットに対しても大ダメージを与えます！
64efa4e22746696c,TID_NPC_CHALLENGE_TH9_LAVALOON_HASTE2,<cf07bf8>ヘイストの呪文</c>をもう1つ使って、\n<c54a0fe>エアバルーン</c>をスピードアップしましょう。
6b86ff7817438409,TID_BP_PERK_NEEDS_PREMIUM,ゴールドパスでアンロック
c45ec0dcd1a6be57,TID_BP_SEASONAL_TASKS_HEADER,アクティブチャレンジ
8be70b3c866c1edb,TID_STARTER_TH2_UPGRADEARMYCAMP,キャンプ拡張
00e6625fcec6d2a1,TID_BATTLEPASS_TASK_INFO_USE_BOWLERS,ボウラーを使い、マルチプレイで<num>個の星を獲得する。
97548b18f3b060ec,TID_ACCOUNT_DELETION_SOON_WARNING_TEXT,お客様のご依頼により、このアカウントはまもなく削除されます。
b2c654c6e5398729,TID_CLANGAMES_TASK_INFO_LOOT_DARKELIXIR,マルチプレイで通算<num>ダークエリクサーを獲得する。
48c80b6ef52737ff,TID_OVERVIEW_TROOPS_TITLE,ユニット
a1634070234e4f3f,TID_SETTINGS_API_TOKEN_COPY_NOTIFICATION,APIトークンをデバイスのクリップボードにコピーしました！
28ce0cd5b1a576f5,TID_COSMETICS_TIER_2,<cffd345>ゴールド</c>
dc0435f36eb23e2e,TID_CHARACTER_INFO_HOG_GLIDER_SHORT,鳥の自由とホグの幸福を併せ持ちます。
a5a35cc4d718e7a2,TID_DIAMOND_BUNDLE_MAGICITEMS_TROOP_LEVEL_PACK_INFO,• <gems>エメラルド\n• <res0>エリクサー\n• 戦いの本<booster1>冊\n• 収容量制限なし！\n\nユニットのアップグレードに必要なものが全部入っています！\n\nこのチャンスをお見逃しなく！
e80a91425050e2c9,TID_STARTER_TH2_UPGRADEGOLDMINE,採掘マニア
5b9774661e4d1a0c,TID_CAPBUILD_BARRACKS_BATTLERAM,攻城バーバリアンの兵舎
59898593230d2be0,TID_ERROR_POP_UP_PERSONAL_BREAK_EXTENDED,前回のゲーム終了時にシールドが有効にならなかったため、村人たちが次に休むまでの時間は完全にはリセットされませんでした。
f5a675c7a3294097,TID_BOOSTER_HERO_POTION,ヒーローポーション
dfa94f0b01284b3a,TID_EVENT_BOOST_EVERYTHING,週末限定スペシャルイベント：全ての建物を、1棟につきたったの1エメラルドでブーストできます！
1d7b61208ca45580,TID_DISTRICT_CAPITAL_PEAK,都の山頂
5147c70056922b0e,TID_SETTINGS_MUSIC,音楽
b019dc3c6a746e70,TID_LAYOUTS_ACTIVE_BASE,アクティブな拠点
d8a913346ad01fa3,TID_LEAGUE_BRASS2,ブラスリーグII
de0b771a287bc670,TID_LOCAL_NOTIFICATION_EVENT_REGULAR_THEMED_BUILD_TH0212,チーフ、安心してください...戦闘の嵐が来るまでまだ時間があります。今のうちに、今回の特別セールで防衛をアップグレードしましょう。
0df63f87f3faca7c,TID_RAID_WEEKEND_RESULTS,週末合戦の結果
c7095340feeed620,TID_SETTINGS_API_TOKEN_SHOW_BUTTON,表示
2c9aa534451237ab,TID_ALLIANCE_DONATE_DONATE_INSTANTLY,すぐに寄付する:
7f472add99a42b46,TID_EP_GET_SCREEN_TITLE,イベントパスを入手！
82b1aa2d5fec0732,TID_BB_LEAGUE_ITEM_REQUIRED_STARS,必要な星：
96a79500bbda584b,TID_BUILDING_SPELL_TOWER_INFO,ウィザードが呪文を自らの手で生成していたのは、もはや昔の話です。全自動呪文技術が開発された今、侵略者をより効率的に排除できるようになりました。
d3f71011bfb52988,TID_WL_STAT_POSITION6,6位
6eec734d7cdcd36c,TID_ALLIANCE_GAMES_ABOUT_TASKS_INFO,チャレンジをクリアして、クランのためにポイントを稼ぎましょう。\nそれぞれのクランメンバーには、目標が割り当てられます。積極的にプレイして、自分のためにもクランのためにも最高の報酬を目指しましょう。\n時間内に達成可能なチャレンジを選んでくださいね！
99293804285c780d,TID_LEAGUE_STEEL3,スチールリーグIII
01c8e84de06f9128,TID_BP_PERK_AUTO_FORGE_DESC,造幣所において、大工不要かつコスト半額の\n追加スロットをアンロックします。
b045c86240f3ec10,TID_GEAR_RESOURCE_EPIC,スター鉱石
b6535685fce2d647,TID_LOCAL_NOTIFICATION_EVENT_SPECIAL_TROOP_DragonLighting,チーフ、ドラゴン／ライトニングの呪文のイベント中は、200エメラルドをもらえますよ！
6232601a50e11bd1,TID_LINK_SAME_PLATFORM_TITLE_ANDROID,Googleアカウントと同期
cec10593ff350688,TID_INFO_TRAINING_TIME,訓練時間：
82e7e6fb11eb3df9,TID_ALLIANCE_GAMES_STARTING_IN,クランゲーム開始まで：
097b8ed8dae05414,TID_HERO_BOOST,ヒーローブースト
f524ed25ce00a0da,TID_CLANGAMES_TASK_INFO_WIN_BATTLES_USING_HEADHUNTER,<num2>体のストライカーを使い、マルチプレイで<num>回勝利する。
dc64d99b5bc1f803,TID_BDRAG2_ABILITY_NAME,かんしゃく
015f4dd5a5a804a7,TID_ERROR_POP_UP_LOGGED_FROM_ANOTHER_DEVICE_TITLE,接続が切断されました
36123dd67181d830,TID_VISIT_FAILED_RESTRICTED,この村に遊びにいくことはできません。
8477cfbb5d40e5b5,TID_OTTO_FEATURE,O.T.T.O
44fddf2c368f6839,TID_BUILDER_HALL_10_INFO_SHORT,信じることをやめないで！
eb00ba295d35db96,TID_DIAMOND_BUNDLE_MAGICITEMS_RESOURCE_POTION,資源ポーションパック
6568936a5bf44c36,TID_BP_PERK_SAVINGS_MULTIPLIER,シーズン資源増量
50db31d7eb8e10d6,TID_EVENT_TEXT_XMAS-MAGICITEM,魔法アイテムセール
72cd5e173c0f8910,TID_HINT_CLAN_WAR,クラン対戦に参戦しましょう！エキサイティングな戦いと戦利品が待っています！
df93c4738d266eac,TID_NEWS_IOS7_BUTTON,詳しく
75153eab727c5dc8,TID_SHARE_DIALOG_COPY_ALERT_MESSAGE,リンクをクリップボードにコピーしました
911e92e01671edb2,TID_CLAN_MINIMUM_TROPHYS,必要トロフィー数：
e660954243c90c19,TID_ALLIANCE_GAMES_ABOUT_TASKS_HEADER,チャレンジとは？
1e5dba972cac4cf9,TID_CLANGAMES_TASK_INFO_DESTROY_BB_ARCHERTOWER,大工の拠点戦で通算<num>個の<building>を破壊する。
4434b3460e5a6a47,TID_COSMETICS_CUSTOM_EFFECTS,ビジュアルエフェクト
47d89c08913c82f6,TID_POPUP_HEADER_WARNING,警告！
f03ea4573244916f,TID_BUTTON_GEAR_UP,改造
6d0e21bf1709b2f0,TID_CLAN_GAMES_ALREADY_CLAIMED,この報酬は回収済みです！
6c97dbc44724401e,TID_TUTORIAL_CLANGAMES_1,こんにちはチーフ！いい所に来ましたね！
3a90f40834283e55,TID_UPDATE_TROOP_LEVEL,レベル<number>にアップグレード
0768a8e077299817,TID_AD_SEEKER,ラヴァハウンド
103648e522ecb890,TID_BUY_SHIELD,シールド購入
0286b2f47ebde380,TID_CLANGAMES_TASK_INFO_USE_WIZARDS,<num2>体のウィザードを使い、マルチプレイで<num>個の星を獲得する。
78dc7c21b2bf5ccd,TID_PRIMAL_WARDEN,古代 ウォーデン
ab77bb981182f959,TID_CHARACTER_ELECTROFIRE_WIZARD_ACTIVE_INFO,使用するとファイアモードとエレクトロモードが切り替わる
6564ab592a7ec173,TID_UNDERAGE_PLAYER_PLAYTIME_ENDED_KUNLUN,根据国家防沉迷通知的相关要求和最新强化的防沉迷政策，由于您是未成年玩家，仅能在周五、周六、周日及法定节假日每日20时至21时登录游戏，在上述时间段之外无法游戏，请注意休息。
6d1119c34e3e0850,TID_REENGAGEMENT_LAB_DID_UPGRADES_NONE_LEFT_3,研究の幅を広げるために\nラボをアップグレードしましょう！
9b6e719e191c4e0b,TID_AVATAR_MESSAGE_TEXT_THANK_YOU_FOR_REPORTING,「安全で公平なプレイのために」のポリシーに違反したプレイヤーは、皆様のゲームプレイを損なう存在であり、お寄せいただく報告は問題のプレイヤーを特定する際に役立ちます。\n\n対象アカウントに対するペナルティ等について詳しいことはお伝えできませんが、ご報告いただいたプレイヤーのアカウントに対しては、然るべき対処をとりました。お客様のお力添えのおかげで、クラッシュ・オブ・クランは皆様にとってより良い場所となりました。\n\n今後また不品行に遭遇しましたら、私たちへの報告を通じてコミュニティを支援していただけますと幸いです。\n\n今後とも、Supercellをよろしくお願いいたします。\n
4be469eae6400c0c,TID_GEAR_HOG_TOTEM,ホグライダー人形
eb3d8f6704ffe084,TID_LEAGUES_III,III
3be633930e0d3f67,TID_CAPITAL_PLAYGROUND_GATES_3,<cf70d16>スーパージャイアント</c>が出てきたようじゃな。こやつらも狭い場所に閉じ込められてさぞ苦しかったのだろう。
0e4b9d6626a14576,TID_WL_MEDALS_RECEIVED,クラン対戦リーグの報酬からメダルを<num>個受け取りました
eebebdcc2b07a166,TID_POPUP_BOOST_VILLAGE,資源の収集、研究および建設が、<time>にわたって<multiplier>倍に！\n\nブーストは、<cooldown>おきに無料で利用できます！
b91b3685670fc07d,TID_LAVALOON_ABILITY_HELP,爆弾が爆発すると、ラヴァルーンパピィが召喚されます。
b56ae0f1e3621e8e,TID_TUTORIAL_CHANGE_NAME,見事な一戦でしたね！\nチーフはどんな名前を\n歴史に残すのでしょう？
ae5e2cf2444007ee,TID_WARNING_CANNOT_COPY_LAYOUT_WHILE_EDITING,別のレイアウトを編集中のため、レイアウトをコピーできません。
a713baf10dd3ef22,TID_REPORT_CONFIRM_SCREENSHOT,你确定要提交这张截图作为证据吗？
e3d03a450a7cf064,TID_NPC64,ボウリング場
657450c47f63b72c,TID_BOOSTER_BB_STAR_BONUS_ALREADY_AVAILABLE,大工の拠点の星ボーナスはすでに回収可能です！
c1ff939aa2219f63,TID_MONTH_7,7月
dbed8c066992e27e,TID_BUTTON_SCENERY,背景変更
3cf42d429f374375,TID_CLANGAMES_TASK_INFO_DESTROY_BB_BUILDINGS,大工の拠点戦で通算<num>個の建物を破壊する。
0ecae93c75ff4c6e,TID_INFOBUBBLE_BUILDER_SUGGESTION,おすすめアップグレード：
3fe42b451c924959,TID_HINT_CHAT_REPORT,チャットで問題のある発言を見かけたら、そのメッセージをタップして\n「報告する」で運営側にそのプレイヤーのことを報告してください。
6d539c5e9b52de95,TID_EVENT_COLLECTOR_BOOST,1エメラルド資源ブースト
5ac1692d470da04a,TID_COSMETICS_CUSTOM_VO,特別ボイス
510005d00511594d,TID_WAR_LEAGUES,クラン対戦リーグ
0b5fa60181e9379f,TID_POPUP_REPLACE_LAYOUT,レイアウトを上書きしますか？
9f76b0a2b3eb656f,TID_NPC71,紙の地図
b9b926dadcb1ea9c,TID_BP_SEASON_BANK_CAP_INCREASES,容量増加：
4dca921db7eccced,TID_CLANGAMES_TASK_INFO_USE_LAVAHOUNDS,<num2>体のラヴァハウンドを使い、マルチプレイで<num>個の星を獲得する。
3cfb20aa1ebfa2b2,TID_HERO_ABILITY_DURATION,能力の効果時間：
018f3a298fe09a06,TID_LEAGUE_III,III
5be178ebf732f373,TID_UPGRADING_WEAPON_FIRST,先に兵器をアップグレードする必要があります。
b56d3e65b17995af,TID_NPC_CHALLENGE_TH8_GOWIPE_EARTHQUAKE,<ca9561f>アースクエイクの呪文</c>を使って、\n密集した防衛設備や壁にダメージを与えましょう。
4100838d67080953,TID_ACHIEVEMENT_DESTROY_ARTILLERY_COMPLETED,破壊したイーグル砲の総数：<value>
b88c4014cfdf52f7,TID_ALLIANCE_WAR_SPECTATOR_MODE,観戦モード
074bc5f1cd6361f0,TID_DECORATION_10_YEAR_FOUNTAIN_INFO,Supercellの10周年をお祝いしましょう！
5cad156183e3b1f6,TID_NUMBER_THREE,3
149df1230620ee0c,TID_CHALLENGE_TH12_BOWIGI,魔女とボウリング
a280a632839d9e74,TID_BATTLEPASS_TASK_INFO_COLLECT_GOLD,金山から<num>ゴールドを集める。
bafecba5c186e095,TID_CLANGAMES_TASK_GET_KILLS_VS_ALLHEROES,ヒーロー狩り
668ac843a908e642,TID_PRESET_FULL,MAX！
1816abbf8039d59c,TID_BP_BANK_INFO,蓄積された資源は、シーズン終了時にすべて保管施設に移動します。
248625829440f844,TID_STARTER_WINELIXIR_INFO,1度のマルチプレイバトルで、<num2>以上のエリクサーを獲得する。
b06fb1279472c20f,TID_SKIN,<hero>の<name>スキン
8bddcce1c04da9c4,TID_PAINTER_WARDEN,ペンキアート ウォーデン
3e3cdd169239704b,TID_BP_PERK_INCREASE,<num>％\n<perk>
4f37ae063662a280,TID_BUTTON_FREE,無料
d274ac8c0c11dad5,TID_DIAMOND_BUNDLE_TH4_INFO,• <gems>エメラルド\n• <res0>ゴールド\n• レベル1対空砲\n\n建設時間なし、収容量制限なし！\n\nこの<cffec78><value>倍バリュー</c>のパックは、1度限りの特別提供となります！
f5cee450c7a531f4,TID_BOOST_ALL_GOLD,すべての金山
da7c088e5d663ae2,TID_DIAMOND_BUNDLE_TH8_REVISED_INFO,• 戦いの本<booster1>冊\n• 呪文の本<booster2>冊\n• <res0>エリクサー\n\n収容量制限なし！\n\nこの<cffec78><value>倍バリュー</c>のパックは、1度限りの特別提供となります！
157aa54692a0cb27,TID_CHALLENGE_DEFAULT_INPUT,ウチの村に勝てるかな？
f9f4ed5aefe3dba8,TID_STARTER_TH4_WINSTARSPRACTICE,コツを掴もう
5728189864c32232,TID_GEAR_RARITY_LEGENDARY,ウルトラレア
65efc972b3372a12,TID_DECO_LOGMAS_TREE,クリスマスウッドのツリー
b3aa2a800834c123,TID_GOBLIN_WARDEN,ゴブリン ウォーデン
e86451f98946f308,TID_BUILDING_SPELL_TOWER,呪文タワー
a80112af60330cef,TID_USES_VILLAGE2_BUILDER,マスター大工が必要です！
5c7cbb6be8b75559,TID_CLAN_WAR_CHALLENGE_REJECTED,<name>が参加を拒否
03df6383c05c0c5c,TID_DIAMOND_BUNDLE_BUILDER_BASE_RESEARCH_PACK,大工の拠点 研究パック
47ca718ef9b2c5c9,TID_BUTTON_BOOST_BUILDERS,大工をブースト
6bb2484763f094d4,TID_CLANGAMES_TASK_INFO_USE_BOMBERS,<num2>体のボンバーを使い、大工の拠点戦で<num>個の星を獲得する。
1a8ab5afe0c6319a,TID_SUPER_TROOP_BOOSTS_NEEDED,次のユニットにスーパーユニットのブーストが必要です。
27c2c4799dbe524e,TID_BATTLEPASS_TASK_INFO_UPGRADE_BB_WALL,大工の拠点で壁を<num>個アップグレードする。
60fdf8ba094e69eb,TID_NAME_REPORT_TITLE,<name>を報告しますか？
b1f60a770ca15553,TID_SKELETON_GLIDER,スケルトングライダー
70f57772026ef016,TID_CLANGAMES_TASK_DESTROY_INFERNOTOWERS,インフェルノタワーを破壊
f12e9cebd48d311f,TID_ACHIEVEMENT_DESTROY_WALLS_TITLE,ウォールバスター
7d26ecc9cba395b8,TID_REQUIRED_LEAGUE,<league>に到達でアンロック
b7fa937210b1257e,TID_CAPITAL_UPGRADE_DEPRIORITIZE,優先しない
d4ec1c2cffc437f8,TID_TRAIN_ALL_HOUSINGS_FULL_INFO,アーミーキャンプをアップグレードするか、追加で建設するか、\nあるいは今いるユニットを戦いに向かわせましょう！
18d555d81f5dcf36,TID_ARTILLERY_INFO,イーグル砲の射程はほとんど無制限で、体力の高い敵を爆撃しますが、攻撃側がたくさんのユニットを配置するまで動きません。
26b2116351324b4a,TID_LINK_NEW_DEVICE_OLD_BUTTON,これは\n古いデバイスです
58dedaf35f8096c2,TID_ACHIEVEMENT_WAR_STARS_TITLE,クラン対戦の英雄
9f433af78ce88206,TID_SPRING_SIZE_FOR_UNIT,スプリング荷重：
d9c4cfd67d906350,TID_EARTHQUAKE_INFO,大地を揺らして壁や施設をボロボロにしましょう！\n\n「アースクエイク」の呪文は、建物の最大ヒットポイントに比例したダメージを与えます。同じ建物に繰り返し使うと威力は弱くなっていきますが、同じ壁に対しては威力が増していきます。どんな壁でも4発で木っ端微塵です！
916ee2053a2615f5,TID_CLAN_LEADER,クランリーダー：
17b73c9ac5efdaf6,TID_NEWS_TH11_UPDATE_GUARD_TEXT,• 村の護りの効果中は、他のプレイヤーからの攻撃を防ぎつつ、他の村を好きなだけ攻撃できます。\n• シールドの効果が終了すると無料で村の護りが有効になります。この時期には自分の村が襲われる心配をせずに攻撃できます。\n• 上位のリーグになるほど、手に入る村の護りはより長くなります。タイタンIリーグとレジェンドリーグのプレイヤーには、シールドのない時間を完全にカバーすることが可能な村の護りが付与されます！\n• また、毎日ショップで2時間有効な村の護りを購入することもできます。
975087b08897a99f,TID_HALLOWEEN_EVENT_2023_TITLE,禁断の合成実験
a44325514aeb628b,TID_DARK_ELIXIR_SHOP_PACK,<number> ダークエリクサー
113943346a9cbed1,TID_ALLIANCE_RAID_ATTACK_FAILED_ALL_ATTACKS_USED,週末合戦の攻撃回数を使い切っています
1f9b100887e776ec,TID_RAID_WEEKEND_CLAN_DEMOTION,<clan>が降格しました
eab332f352c964c0,TID_DONATION_FAILED_PENDING_UPGRADE,前のアップグレードが保留中のため、出資できませんでした。また後ほどお試しください。
5b7eed65b1b2f2c2,TID_SPECIAL_OFFER_EASTER_LIMITED_1999,春の特別セール
7874f58316889e2c,TID_REQUIRED_TOWN_HALL_LEVEL,必要条件\nタウンホールレベル<number>
831cee0035062769,TID_NOT_ENOUGH_BOOSTER,<booster>が足りません！
a3f6563376b3cd22,TID_WAR_STATS_HEADER_COLLECT_STARS,星を<num>個獲得
aecea41d0c91115f,TID_NPC_CHALLENGE_TH9_LAVALOON_BALLOONS,<c54a0fe>エアバルーン</c>は、\n<c54a0fe>ラヴァハウンド</c>の後ろに配置しましょう。
13580153bf14aa95,TID_CHARACTER_INFO_COOKIE_PEKKA,焼きたてアツアツのC.O.O.K.I.Eは、範囲ダメージを与える回転攻撃で戦場に恐怖と甘い香りを振りまきます。敵拠点には破壊された施設のガレキと、こぼれたクッキーのかけらしか残らないでしょう。
6235d300ba5d84c4,TID_NPC_CHALLENGE_TH13_HYBRID_CLEAN_UP,残りの呪文を使って、仕上げにかかりましょう。
639de4f7addc3ab0,TID_ALLIANCE_REJECT_MESSAGE_TITLE,拒否：<name>
ba48cf6ca6a3fe52,TID_WATER,水
25ebaec3ac438df5,TID_FIND_NEW_MEMBERS,新メンバーを探す
4a0af83300d730b3,TID_BOOSTER_MAX_LEVEL_ARMY_ALREADY,部隊はブーストされています！
3737570866fe5660,TID_WAR_TEAM_TAB_DEFENSES,防衛
a4015b9efc85929f,TID_LAYOUTS_CANT_COPY_EMPTY,空のレイアウトはコピーできません。
09ea85193dccfea0,TID_DECO_RESTORED_PILLAR,柱
5e579df123ac2223,TID_MAP_LOCATION_20,ハミング山
8d4d5b3dea7e40dd,TID_OBSTACLE_POND_LARGE,大きな池
2413f22b6509dff3,TID_ACHIEVEMENT_LEAGUE_PROGRESS_3,チャンピオンリーグに到達する。
0cbb50efc5293adb,TID_ALLIANCE_WAR_CANNOT_ATTACK_WAR_ENDED,攻撃できません。クラン対戦は終了しました！
3fbf25c5c395ea9d,TID_REGULAR_THEMED_PREPARE_OFFER_INFO_TH0712_1999,• <res0>ダークエリクサー\n•<res1>エリクサー\n• ヒーローの本<booster1>冊 - 実行中のヒーローアップグレードを瞬時に完了します\n\n• 収容量制限なし！\n• このパックの購入は表示の期間内に3回限りです\n• ヒーローやユニットをアップグレードして、強大な呪文を生成しましょう！
0815b5834b2c6280,TID_TUTORIAL_ATTACK_NPC_2,できましたね。ゴブリンどもに\n思い知らせてやりましょう！
b1b810a5f498f0ef,TID_HINT_SAFEGUARD_PROGRESS,Supercell IDでログインすることで、ゲームの進行状況を安全にセーブできます。
ef3a6b76876f7902,TID_ACCEPT_NOT_AVAILABLE_IN_MODE,リクエストに応じるにはホームに戻ってください！
ffa40adfb3ece32c,TID_BUTTON_RETURN_TO_WAR,マップ
60a9d26eb0f2a28d,TID_NPC_CHALLENGE_TH8_GOWIVA_GOLEM,<c54a0fe>ゴーレム</c>を使って<cf70d16>敵のエアバルーン</c>を引き付け、\n<c54a0fe>ウィザード</c>の攻撃を援護しましょう。
c2d41c7754f27560,TID_PLAYER_HOUSE_OCCUPIED_INFO,<name>の都の別荘です。景色を楽しむもよし、白熱した合戦を楽しむもよし！
81335193a2141615,TID_NUMBER_NINE,9
9742172aec765a46,TID_BOOSTER_FREE_BUILDING_UPGRADE_OFFER_INFO,建物のハンマー<num>個 - いずれかの建物を瞬時にアップグレードします
1e6070b203a23dc1,TID_BATTLEPASS_TASK_WIN_STARS_USING_LIGHTNING,荒天の日
3f170569becb73ff,TID_CLANGAMES_TASK_DESTROY_ARCHERTOWERS,アーチャータワー強襲
bc25c080bc6c7b48,TID_BOWLER,ボウラー
bb95d4b564f787ac,TID_TUTORIAL_BARRACK_1,チーフ、ゴブリンと戦うには\n軍団が必要です！\n兵舎を建設してください！
57ae1525a1c65237,TID_CLAN_TAG_RELAXED,のんびり
4ca874fc0827633f,TID_FREEZE_PERCENT,スローダウン：<number>％
8087336df75b1b59,TID_POPUP_EDIT_MODE_COLLECT_STAGE,エリア<stage>から本当にすべての建物を回収しますか？
b2834033ff4985e5,TID_BUILDING_MULTI_MORTAR,連装迫撃砲
74772fa288c24b56,TID_CHALLENGE_COMPLETED,クリア！
d96fd5e8a5825e6b,TID_TENCENT_BOUND_TO_OTHER_ACCOUNT,チーフ「<name>」のタウンホールレベル<number>の村をロードしますか？
23bef765945f0b25,TID_YOUR_ATTACK,あなたの攻撃：
14d502f6b847d3fe,TID_DIAMOND_BUNDLE_MAGICITEMS_TRAINING_POTION_ONLY,ひとにぎりの訓練ポーション
c04488626d5c8e0e,TID_CLANGAMES_TASK_INFO_DESTROY_BB_XBOW,大工の拠点戦で通算<num>個の<building>を破壊する。
f72f93093c97ada2,TID_HINT_BOOST_RESOURCES,金山やエリクサーポンプをレベル5までアップグレードすれば、エメラルドを使って生産量を一時的に増やせるようになります。
34e57e9e23b2bd9d,TID_CHALLENGE_HEADER,自分の村を攻撃するよう、クランメンバーに挑戦しましょう
d155ce93c641eeaf,TID_LOOT_LIMIT_RESET_NOTIFICATION,チーフ、大工の拠点の戦利品はまだまだ入手可能です。戦いましょう！
e76c6dd79b11cb5b,TID_MY_PROFILE_TAB,マイ プロフィール
663f80624d36be13,TID_GROWTH_AURA_MAX,最大ヒットポイント上昇：<number>
ce36ab409a166c14,TID_SHIELD_ON_COOLDOWN,このシールドはまだ使えません！
e5e67803c049558e,TID_CREATE_ALLIANCE_BUTTON,作成
8882448b3c41b56b,TID_NEWS_TH11_UPDATE_SPELLS_TITLE,呪文を交換
0d43ecbf9b9d45f4,TID_RUINS_ARMY_CAMP,アーミーキャンプの廃墟
b846230bc758db7e,TID_CAPBUILD_BARRACKS_GIANT,スーパージャイアントの兵舎
197be6415a72dbfc,TID_LOCAL_NOTIFICATION_UPGRADE_READY,<item>をレベル<level>にアップグレードしました
dbbff149234cd92f,TID_CLANGAMES_TASK_INFO_WIN_STARS_VS_TOWNHALL_14,マルチプレイで、タウンホールレベル14のプレイヤーから星を<num>個獲得する。
8d867eb482ad69d2,TID_BUILDING_BARRACK,兵舎
2a955397fbb434e4,TID_CAPITAL_RESOURCE_FULL,収容スペースが足りません！
84b50486d6ab33ac,TID_DIAMOND_BUNDLE_TH5,タウンホール５パック
853bfff73488743a,TID_CAPITAL_TUTORIAL_2,なんだってすべてがこんなに小さいんだ？ここはアリの村か？
01e9ba7d727d1f75,TID_BB_BATTLE_LOG_ONGOING_ATTACK,攻撃を受けています！
ca99567b976e6b69,TID_INFO_RANGE,射程：
e37ab6198007cfa4,TID_SUPER_WIZARD_INFO,スーパーウィザードは、いつも魔法の力をみなぎらせています！知能にかけては右に出る者はいません。みんな焼きつくされてしまいましたからね...
4caf14ad3e288180,TID_CONFIRM_PARTIAL_TRAINING,選択したユニット用の枠が足りません。それでも一部だけ訓練を行いますか？
9da6fb4579bbfd73,TID_PRESET_LOAD_FAIL,訓練キューに空きがありません
babf66b6336dbe23,TID_RESOURCE_BUY_CONFIRMATION,資源を受け取りました！
3d2601f27f1a209d,TID_CHARACTER_INFO_MOVING_CANNON_SHORT,移動砲台に積載できる大砲は何台まででしょう？
468ffd933c22a298,TID_CLANGAMES_TASK_INFO_USE_WITCHES,<num2>体のネクロマンサーを使い、マルチプレイで<num>個の星を獲得する。
207a875f7ccc8ee3,TID_CLAN_GAMES_TOO_MANY_MEMBERS,このクランでは、クランゲームに参加しているメンバーが多すぎます。
4c6782e1f7e701b2,TID_CLANGAMES_TASK_INFO_BEAT_DARKELIXIRTARGET,1度のマルチプレイバトルで、<num2>以上のダークエリクサーを獲得する。
7c1ddf4088240004,TID_WL_BREAK_DAY_INFO,グループ内のクランは、シーズン中に各1回の休戦日があります。今日はあなたの番です！
9070a1564a34496f,TID_WAR_STATS_HEADER_BEST_ATTACKS,最高の攻撃
c399e2527d95f2a0,TID_CLASHFEST_SCENERY,クラッシュフェス
0657a0febb675546,TID_DIAMOND_BUNDLE_BOMB_TOWER_INFO,• <gems>エメラルド\n• <res0>ゴールド\n• レベル2ボムタワー\n\n建設時間なし、収容量制限なし！\n\nこの<cffec78><value>xバリュー</c>のスターターパックは、1度きりの限定提供となります！
9c10016142149e9b,TID_LEGENDS_DEFENCE_LAYOUT_BUTTON,選択
eda6e202f11dab7b,TID_DECO_CAP_REACHED,これらのデコレーションはこれ以上建設できません。
d22511a8f6ace623,TID_XMAS_PACK_INFO,• <gems>エメラルド\n• <c80d8e8>クランギフト：</c>\n各<giftgems>エメラルド\n\n最大<giftmates>人のクランメンバー向けのギフトを含みます！
526134df3c7e82a5,TID_ATTACK_LOG,攻撃ログ
ab209d05aae978b6,TID_PRIZE_SHOP_ITEM_COOLDOWN,<item>を再購入するには、あと<time>お待ちください。
797c129b8782932d,TID_BATTLEPASS_TASK_GET_STAR_BONUSES,星の成分
d856bbf6c6a32b16,TID_HERO_ABILITY_COOLDOWN_ACTIVE,もう一度ヒーローの能力を使うには、しばらく待ってからにしてください。
e439d10342494ebe,TID_REENGAGEMENT_LAB_DID_UPGRADES_NONE_LEFT_2,ウィザードが、実施できる最後の研究を\nさきほど終えたようです！
32c355044709c50c,TID_REMOVE_ARMY_CONFIRMATION,この編成で確定しますか？
18be964b92ff8a44,TID_CLOCKWORK_QUEEN,メカ クイーン
6ea4adb9df6269af,TID_PET_WALLBUSTER_INFO,突破兵器のように頑強な身体をしたヤクは、壁を壊すのが大の得意。どんな壁でもぶち破ってみせます。また、飼い主のヒーローが倒されると、レイジを発動して怒りを爆発させます。
f68a9718a8ac8e7d,TID_ALLIANCE_WAR_NEW_WAR,新たなクラン対戦
65c90e98b6dbcf42,TID_DECORATION_CLOCKWORK_STATUE,メカの像
3bf6baef629bf912,TID_NPC_NAME_TUTORIAL,逆襲
431478f7734031b5,TID_HINT_SPELL_SPEEDUP,「ヘイスト」の呪文は、攻撃力が高く移動速度が遅いエアバルーンやP.E.K.K.Aなどのユニットに効果バツグンです。
e70ecd7c68b53ec0,TID_NEWVILLAGE_LOG_SEARCHING_INFO,互いの村を攻撃し合います。より上手く攻撃できたほうが勝ちです！
6aba27f644c1246d,TID_NPC_CHALLENGE_TH7_MINION_MINIONS,<c54a0fe>ガーゴイル</c>を使って、<cf70d16>ウィザードの塔</c>や\n周辺の設備を破壊しましょう。
f2682603e3d8e0b7,TID_TUTORIAL_ELIXIR_STORAGE_2,エリクサータンクを建設して\nエリクサーを十分に\n確保できるようにしましょう！
021f72c05a52a863,TID_BUY_SHIELD_WHILE_GUARDED_TEXT,<name>を本当に買いますか？\n<cff0000>注意：村の護りの効果は消えます</c>
00f4a7df766a3bed,TID_LOCAL_NOTIFICATION_EVENT_GEM_BOOST_ATTACK,今だけ1エメラルドでブースト！ユニットの訓練、呪文の生成、ヒーローの回復をブーストして、いつもより4倍速く出撃しましょう！
842504e2074f3ccb,TID_GUIDANCE_WRONG_UNIT,正しいユニットを選択してください！
1340b5458a153262,TID_PET_MELEEJUMPER_INFO_SHORT,ヒーローを助ける忠実な猟犬です。
975c46c76420affa,TID_ACHIEVEMENT_CLAN_GAMES_POINTS_COMPLETED,通算クランゲームポイント：<value>
52a3adff2776c0f9,TID_BOOSTER_SUPER_POTION_ALT_2_LINE,スーパーポーション
5c710d66e3dc7b0b,TID_HERO_BOOST_INFO,すべてのヒーローをタウンホールの最大許容レベルにレベルアップします。
6827e01a9c497f61,TID_SHOP_CATEGORY_SPELLS,呪文
cecf85c7c9fba8dd,TID_NPC_CHALLENGE_TH11_EDRAG_EDRAGS,残りの<c54a0fe>ライトニングドラゴン</c>を続けて投入しましょう。
85f75efc6d94bdae,TID_FAMILY_FRIENDLY_INFO,年齢制限なしのクランでは、プレイヤーを守るため、チャットが厳しくフィルタリングされます。
da82675de96a3cd0,TID_ARTILLERY_AMMO_FILL_CONFIRMATION,イーグル砲にパワーがたまりました！
fba7e8defacd8ff1,TID_HOG_RAIDERS,ホグレイダー
3f8497ef5ea25453,TID_NO_TROOPS,まずはユニットを訓練してください。
b62b7a63954809c8,TID_RAID_SIGNUP_ERROR_NOT_IN_ALLIANCE,クランメンバーではないため、参加登録できません。
2ad74818b19c2d2f,TID_CHARACTER_INFO_SUPER_CHARGED_PEKKA_SHORT,もし屈強なP.E.K.K.Aに踏んづけられでもしたら...
7fb3f3e8c8a4959d,TID_ALLIANCE_GAMES_EXPIRED_TASK,時間切れ
d68a45f68772a4a4,TID_STREAM_EVENT_STARTED_WAR_LEAGUE,クラン対戦リーグの検索を開始しました
7bcf963c823584fc,TID_SIEGE_MACHINE_STORAGE_CAPACITY,突破兵器の収容数：<number>
00c6dc03030bd109,TID_TUTORIAL_WAR_LEAGUE_16,よかったら、是非ショップで\n使ってみてください！
d3dc496391bc2436,TID_HINT_TH12_MAX_LEVEL_WEAPON,フル強化されたタウンホール12を攻撃する際は、ご注意ください。破壊されると爆発します！
efa5d3b698a45135,TID_RIVER_BRIDGE,橋
95146ba8beecc890,TID_CHARACTER_INFO_ROCKET_BALLOONS,陸の攻めがうまくいかない時は、ロケットバルーンの一団が何とかしてくれるかもしれません。ガス欠にならない限り...
eee798d514aef97f,TID_BATTLEPASS_TASK_INFO_WIN_BATTLES_USING_BOWLERS,ボウラーを使い、マルチプレイで<num>回勝利する。
51aca4f8bd48abc9,TID_EVENT_TIME_LEFT,残り時間：
654319dd2e5bfa15,TID_LINK_NEW_DEVICE_GAME_CENTER_NOTE,注意：iOSデバイスのみで、Game Centerのアカウントを利用している場合はデバイスを関連づける必要はありません。同じGame Centerのアカウントからログインしてください。
3a6d98069239704b,TID_EP_PERK_INCREASE,<num>％\n<perk>
680d3e4dafeda6e1,TID_ICE_HOUND_INFO,溶岩による消化不良が解消されたアイスハウンドは、戦場をカチカチに凍らせようと奮い立っています。どうか寒さ対策は万全に。
33bf9edcfda25e1f,TID_BP_PERK_MULTIPLIER,<perk>\nx<num>
6654d51cbbb9d3d0,TID_BOOSTER_HERO_POTION_MAXED,ヒーローをブーストできません。すでに最大レベルに達しています！
1ac113f7ada7c1ad,TID_TENCENT_LOGIN_PROMPT_TITLE,注意！
a7ab26c22c0afee1,TID_BP_TAB_TASKS,チャレンジ
7a204b85d1cab402,TID_REENGAGEMENT_INTRO_3,もう資源を奪われるのはうんざりなの。
c4c52fb8cb8be5ac,TID_LEGENDS_MP_CURRENT_DAY_TITLE,現在のリーグ日
159b119341877f5e,TID_CAPBUILD_REFLECTOR,リフレクター
3f441aff3680f1ff,TID_PET_WALLBUSTER,ヤク
7cfa4791a5ca7aba,TID_NPC_CHALLENGE_BOWIGI_KINGABILITY,<c9916c8>バーバリアンキング</c>のヒットポイントが\n低下しています。<c9916c8>特殊能力</c>を発動させましょう！
b3458e014fb883ce,TID_NPC_CHALLENGE_TH8_GOWIVA_WIZARDS,<c54a0fe>ウィザード</c>は、空中ユニットにも\n大きなダメージを与えることができます。
934811abcb3320db,TID_CHARACTER_CANNON_CART_ACTIVE_INFO,使用すると移動モードと迫撃砲モードが切り替わる
29e3abd5a940fa61,TID_DIAMOND_BUNDLE_TH9_UPDATED_INFO,• 巨大クロスボウ（レベル2）\n• アーチャークイーン\n• <res0>ダークエリクサー\n• <res1>ゴールド\n\n収容量制限なし！\n\nこの初回限定<cffec78><value>倍バリューチャンス</c>をお見逃しなく！
505af3dc46cc51ee,TID_FAVORITE_TARGET_HERO,ヒーロー
21bf96d378cba7a3,TID_ARCHER_TOWER_INFO_SHORT,アーチャーたちが高台から曲者を射貫きます。
80d286b6bbae7512,TID_GEAR_TITLE_SPEEDY_SPEARS,ヘイスト薬
2ca7f0df9d2dc114,TID_ACHIEVEMENT_PVP_DEFENSES,防衛戦に<number>回勝利する。
138dfe8d926b0bed,TID_BATTLEPASS_TASK_WIN_BATTLES_USING_ELECTRODRAGON,ショックな事態
164b1ea57877f137,TID_NPC_CHALLENGE_BOWIGI_ARCHERQUEEN,<c54a0fe>ヒーラー</c>の前に<c9916c8>アーチャークイーン</c>を配置しましょう。
a720002929943102,TID_SMITHY,鍛冶屋
50714a6213647bf9,TID_NPC_CHALLENGE_TH10_MINER_BARBARIAN_KING,<c9916c8>バーバリアンキング</c>を投入しましょう。敵の防衛設備を引きつけ、<c54a0fe>ディガー</c>への攻撃を防いでくれます。
2b01ce47e985e460,TID_BUILDING_HOUSE,住居
5d35818118946b00,TID_TUTORIAL_SHOW_STAGE_2_2,で、この洞窟を新たに発見したってわけだ。資材やら道具やらを中に運び込むつもりさ。
f56ec96f1b85e7c5,TID_ADD_FRIENDS_INFO,Game Center にログインしていれば、\nGame Center の友達が表示されます
10be237217399121,TID_TAB_COMMUNITY,コミュニティ
ae18c235431c6fd2,TID_CLANGAMES_TASK_INFO_GET_HOMEBATTLESTARS,マルチプレイで通算<num>個の星を獲得する。
8148b99362e526b9,TID_DAILY_LOOT_LIMIT_FILLED,本日の戦利品が上限に達しました
79576773ea1e5409,TID_NPC24,シシリアン・ディフェンス
5323ecebbd5de182,TID_RES_PACK_INFO_GOLD,• <gems>エメラルド\n• <res0>ゴールド\n\n収容量制限なし！\n\n期間限定セールで、資源を超お得にゲットしましょう！
3af222e52fe80114,TID_CHARACTER_APPRENTICE_WARDEN_INFO,見習いウォーデンは志こそ高いですが、まだ修行中の身です。一人前のライフオーラと半人前の攻撃で味方をサポートします。
f6eecab4cdb01ae5,TID_PRESET_RESOURCES,コスト
018d625fff4c7fc7,TID_AVAILABLE_TROOPS,使用可能ユニット数：
9f7cc5fd5e207ad8,TID_PLAYER_SEARCH,プレイヤーを探す：
247ebe6636f90bb3,TID_PRIMAL_QUEEN,古代 クイーン
d643bb45f935b4e2,TID_TUTORIAL_CAPITAL_UPGRADE_2,都の設備をアップグレードするには、一人ひとりの貢献が重要になる。クラン全体で協力して都ゴールドを出し合わねばならん。
d344ab5a7ce84925,TID_CLAN_JOIN_FAIL_ALREADY_SENT,このクランへの参加リクエストを送るには、しばらくお待ちください。
fbf473ec55f8579a,TID_SUPER_MINER,スーパーディガー
d9c26fefaa6961f3,TID_BATTLEPASS_TASK_WIN_STARS_USING_BAT_INFO,コウモリの呪文を使い、マルチプレイで<num>個の星を獲得する。
a84ffa355695d1a4,TID_ARRANGED_WAR_EDIT_MEMBERS,フレンド対戦の参加者を選択
9453dfce673eeac6,TID_ADVANCED_MEGA_TRAP_INFO,大きな破壊力を持つ隠しトラップで、地上モードと空中モードを選ぶことができます！
be7ef7dbe999d619,TID_COSMETIC_ESTATE_3X3_SLANTED_HOUSE_INFO,雪の積もりにくい屋根があるのはいいのですが、\nその傾斜のせいで内装が悩みの種となっています。
8704833c927be334,TID_BALLOON2_ABILITY_HELP,使用すると<num2>ダメージを与えて壁を破壊し、<num>体のスケルトンを送り込む
96e05f5ce37811e8,TID_CLANGAMES_TASK_INFO_USE_SIEGE_SLAMMER,<num2>体のロックボマーを使い、マルチプレイで<num>個の星を獲得する。
22288d6a829b0663,TID_XMAS_SPELL_INFO,サンタさんからの最高のプレゼントです。敵の頭上に天からの災いを降らせます！
df0988ce862f5a23,TID_DIAMOND_BUNDLE_BH7_ALT,マスター大工パック
e485e74f1f07974a,TID_ACHIEVEMENT_PEKKA_SLAYER,シングルプレイのマップでM.O.M.M.Aを倒す。
e8b9764a1bcb0b56,TID_CHARACTER_INFO_HOG_RAIDERS,ライダーとグライダーの美しき再会とでも言うべきでしょうか。ホグたちのデュエットが始まります！
743e0e1e5978ff8b,TID_NO,いいえ
37d927e4c6710ec1,TID_BOOSTER_FINISH_HERO_UPGRADE,ヒーローの本
b06634ee0d241919,TID_BALLOON2_ABILITY_NAME,スケルトンボム
9a302007a2584a71,TID_ACHIEVEMENT_CLAN_GAMES_POINTS_TITLE,ゲームチャンピオン
2931ad3b697370e0,TID_TRADER_ITEM_NOT_UNLOCKED,ロックされています
b038ae741290a1d7,TID_DECORATION_GOLDEN_GOBLIN_INFO,ゴールドに対する誠実な愛、そして溢れる愛が感じられる。老若男女を問わず、全ゴブリンの共感を得る像。
cb17c36d3b5e04f2,TID_CAPBUILD_BARRACKS_BALLOON,ロケットバルーンの兵舎
3c0d396db27a3c8a,TID_ERROR_POP_UP_SERVER_MAINTENANCE_ESTIMATED_HOUR_AND_HALF,申し訳ございませんが、ゲームのサーバーはメンテナンス中です。1時間半ほどお待ちいただき、再度お試しください。
7d23989a2d873dfa,TID_CLANPERK_DESC_WAR_LOOT_MULT,クラン対戦のボーナス戦利品増加：
9618302305947f1e,TID_TRAINING_SCREEN_TAB_SIEGE_MACHINES,突破兵器の建造
a55c433de39fbbb3,TID_ALLIANCE_DATA_FAILED_NOT_FOUND,クランが見つかりません。
a6d9ecc71c0de17b,TID_BATTLEPASS_TASK_INFO_WIN_WARATTACKS,クラン対戦の戦闘で<num>回勝利する。
8b350982282e62b7,TID_TUTORIAL_DEFEND_5,ぐわはっ、キンだ！\nキンキラキンはゴブリンのダイコーブツ！
c6c5d9bcbbb2fbc2,TID_RESEARCHER_MENU_EXTRA_SUGGESTION,その他のアップグレード：
6a0a6231621e4c6a,TID_EDIT_MODE_FINISH_LATER,ドラフトを保存
238630bfba090dd8,TID_TRAINING_SCREEN_SPELLS,呪文工場
f81d5c88ddabcd56,TID_TUTORIAL_REINFORCEMENT_CAMP_INTRO_1,2つのエリアを戦い抜くのは並大抵のことじゃないからな。
0a47993959952288,TID_CLANGAMES_TASK_WIN_STARS_VS_TOWNHALL_8,アツいTH8
4f8a3b70a914a56f,TID_STARTER_INFO_WINSTARS,マルチプレイで<num>個の星を獲得する。
690cea37c717d591,TID_CLANGAMES_TASK_INFO_GET_LEVELKILLS_VS_GRANDWARDEN,マルチプレイで通算<num>レベル相当のグランドウォーデンを倒す。
d098ce0e22361c40,TID_SHOP_GUARD_2H,村の護り（2時間）
4611aabd7eff301c,TID_PLAYER_PREFERENCE_INVITES,招待を受け取る
a5ee2f8965f670cf,TID_NPC81,タイタニック
546d8d6a2739d5b7,TID_DECORATION_FLOWERBOX1,ヤグルマソウの花壇
f617c2738a7c5ee8,TID_CLAN_GAMES_REWARD_TIME_COUNTDOWN,残り時間：<time>
11f6ea8c3dce3a96,TID_GOLD_PASS_MAGIC_ITEMS_DETAILS,魔法アイテムは素晴らしいですが、たくさんあればもっと素晴らしいですよね！\n\nゴールドパスがあれば、魔法アイテムが山ほど手に入ります。詳しくは報酬リストを見てみましょう！
c769a74805645563,TID_PART_HOUSE_GROUND,クランの家の地面
11de5e66af1ede75,TID_DEVICE_LINK_ERROR_CODE_CURRENT_VILLAGE_TOO_HIGH_TEXT_TENCENT,あなたの村は現在ログイン中のアカウントに恒久的に関連づけられています。\n\nこの村でのゲームが既に進行している（タウンホールレベル<level>または購入の履歴がある）ため、上書きできません。
04851afc5e0f719c,TID_CAPITAL_MAP_MODE_TEXT_VISITING_FINISHED_ATTACK,過去の攻撃
5ef54eefeb612130,TID_DIAMOND_BUNDLE_TH9_REVISED_INFO,• アーチャークイーン\n• ヒーローの本<booster1>冊\n• <res0>ダークエリクサー\n\n収容量制限なし！\n\nこの<cffec78><value>倍バリュー</c>のパックは、1度限りの特別提供となります！
08e7a1bcc3109d54,TID_REPORT_REASON_VULGAR,色情和低俗
fbc6e2544b9ccaa6,TID_BB_STAR_BONUS_POPUP_TITLE,星ボーナス！
9e42a3c588354bd9,TID_PTE_PERK_BUILDING_BOOST_DESC,設備の建設およびアップグレードに必要な資源と時間が<num>％、造幣所での造幣に必要な資源と時間が<num>％減少します。
9e7f933bc89ee3d4,TID_MONTH_11,11月
83f71e1c8d412f65,TID_SPELL_FROST,
b3ccbd00a6ecdc50,TID_NPC_CHAMPION_HEALTH_LOW,<c9916c8>ロイヤルチャンピオン</c>のヒットポイントが低下しています。特殊能力を発動させましょう！
a83fe0ec86c58e57,TID_CLANGAMES_TASK_INFO_WIN_BATTLES_USING_YETI,<num2>体のイエティを使い、マルチプレイで<num>回勝利する。
0dd54f68f82bfc50,TID_BP_AUTO_CONVERSION_TEXT,収容しきれない報酬がある場合は、\n相当するエメラルドを獲得します。
b9589f541f9ee319,TID_COOLDOWN,使用間隔：
c13c1876fd1cb497,TID_PET_POISON_LIZARD_ABILITY_INFO,敵に毒を吐きかける
d08acade0be4a529,TID_ARCHER_QUEEN_INFO,アーチャークイーンは弓の名手で、使いこなせる者の少ない、改造した巨大クロスボウで戦います。また、敵の村を攻撃するだけでなく自分の村を守ってくれます。
83b8aa6669c524da,TID_BOOSTER_FILL_GOLD2_STORAGE,大工の拠点 ゴールドのルーン
892e1fe2e057b20e,TID_HERO_ABILITY_BATTLE_COPTER_DESC,目標に接近し、強烈な爆弾をお見舞いします。派手な爆発に巻き込まれたら、タダではすみませんよ！チャージすると爆発の範囲が増加します。
39cac8a4ff38036c,TID_POPUP_CANCEL_GOBLIN_UPGRADE,<item>のアップグレードをやめますか？ゴブリン大工に支払ったエメラルドは返還されず、資源の<number>％しか戻りません。
bae6f34f66d3e3b0,TID_SPEED_UP_TROOP_REQUEST_HEADER,今すぐ頼む！
492464dbfed68cc9,TID_ARCHER2_ABILITY_HELP,敵の防衛設備から<num>秒にわたって姿を隠すことができる
fd926a7ddd945685,TID_HERO_ABILITY_HEALTH,体力回復：<number>
30876e8d4bdb38eb,TID_GOLD_MINE_INFO,金山からは金（ゴールド）がとれます。\nアップグレードすれば生産量とゴールドの収容量が増えます。
9e1d872a82f2a5ef,TID_WAR_STATS_TIES,引き分け：
e8e85ff1fb2e7fa7,TID_DECO_RUIN_ROCKS,岩場
a7ce798c9c03df6a,TID_ACCEPT_FRIENDLY_WAR_NOT_AVAILABLE_IN_MODE,フレンド対戦チャレンジを了承するには、ホームに戻ってください！
2ea909c98994f076,TID_ELIXIR2,エリクサー
336c9c0ff02dab6a,TID_ACHIEVEMENT_CHALLENGE_BUTTON,フレンドに挑戦
8740e8340932aa89,TID_ALLIANCE_DATA_FAILED_DELETED,このクランは削除されているため、ロードできません。
5b766dedb1b2f2c2,TID_SPECIAL_OFFER_EASTER_LIMITED_9999,春の特別セール
2f9d99e39a646ea9,TID_PET_FROSTY_ABILITY,フリーズフレンド
a24d79cc7dacd7c1,TID_TUTORIAL_ARTO_START_2,だがよ... 気が変わっちまってな。O.T.T.Oとここで暮らし続けたいんだ。
93d7fcd0c9a169cc,TID_HINT HEROES_USE,ヒーローは敵の村を攻撃したり、自分の村を守ってくれます。
9966094a915dd875,TID_BUTTON_CLOCK_TOWER_BOOST,無料ブースト！
7043ed9178607706,TID_VILLAGE_EDIT_SUCCESS,村をセーブしました！
ddafbeec3fe83f1a,TID_TUTORIAL_ELIXIR_1,エリクサーを使うと、ユニットの訓練や\n建物の建設を行えます。
a9a32e33b902b793,TID_TRAP_AIR_MEGA_INFO_SHORT,上空の敵を追い回して、ドカンとお出迎えします。
7da40af3535e6bf0,TID_CLAN_TAG_CLAN_WARS,クラン対戦
162950947f731fb9,TID_GEAR_EARTHQUAKE_BOOTS,アースクエイクのブーツ
559edc0aa1ceb86e,TID_NAME_REPORT_TEXT,本当に<name>を不適切な名前として報告しますか？
60754a5430681715,TID_ALLIANCE_CREATE_SHOW_LOG,クラン対戦ログを公開
a86ac9d5bc49c790,TID_EVENT_UPCOMING_TIME,<number>日
237ddca8a2dc204b,TID_BOOSTER_MAX_LEVEL_ARMY_STARTED,部隊がブーストされました！
dd8916124444da21,TID_NPC_CHALLENGE_TH11_LAVALOON_KING_ABILITY,彼がやられてしまう前に、<c9916c8>バーバリアンキングの能力</c>を発動させましょう。
3207edbc34143d25,TID_EP_BONUS_POINTS,+<num>
4f6d527c6cdc413b,TID_POPUP_SHIELD_REMOVAL_REVENGE,他の村へのリベンジ攻撃を始めるとシールドの有効時間が短くなります。攻撃による時間短縮の長さがシールド残り時間を上回るとシールドは消えます。
cddceda4da063916,TID_TUTORIAL_STARTER_CHALLENGE_6,それではご武運を！\nチーフなら怖いものなしですよ！
948977497b25061d,TID_STARTER_WINUSINGWIZ_INFO,<num2>体のウィザードを使い、マルチプレイで<num>個の星を獲得する。
aacd40aed0d567de,TID_DISTRICT_CHALLENGE_TITLE,地区フレンドリー・チャレンジを開始
fec82047f8e617e7,TID_REQUEST_IS_PENDING,あなたのリクエストは保留中です
d8e7a1a5ddff4ac4,TID_LOCAL_NOTIFICATION_EVENT_SPECIAL_TROOP,チーフ、期間限定のスペシャルユニットが登場しました！
9e3f8cb81264d2a8,TID_BUTTON_TREASURY,宝庫
b93c4a6c2df7d6d4,TID_POPUP_BREAK_SHIELD_TEXT,本当にシールドを解除しますか？シールドの効果が終了するたびに村の護りが有効になります。
630d96ee684e6122,TID_CHARACTER_INFO_AD_SEEKER_FRAG,ラヴァハウンドがやられた場所から大量発生する小さな生き物で、さらに攻撃を続けます。
c544a7d4fbdd93ca,TID_POPUP_REMOVE_WAR_DONATION_DESCR,この援軍ユニットをクランの城から削除してよろしいですか？
fec19e1c6cb9d8d4,TID_CLANGAMES_TASK_DESTROY_TESLATOWERS,テスラを破壊
70c2b0d06ae0eec6,TID_CHARACTER_INFO_ICEGOLEM_SHORT,少し強面の動く雪だるまです。倒されると周囲を凍り付かせます。
f6dc483ba69e51a7,TID_NOT_ENOUGH_HOUSING_SPACE,アーミーキャンプに空きが足りません！
4c86174381c775e1,TID_INFO_HEAL_TYPE,回復の種類：
86a1b09a41161da3,TID_TENCENT_CREATE_NEW_ACCOUNT_CONFIRM_TITLE,新しいゲームアカウント
676113a63bb62365,TID_ARMY_OVERVIEW_HINT_SPELLS,タウンホールレベル<number>から利用可能
41d5e768b5cf867c,TID_NEWS_UPDATE_BOOKMARKS_TEXT,
6af7b96105944f1b,TID_NPC_CHALLENGE_LOON_4,残りの<c54a0fe>エアバルーン</c>で、\n最後の<cf70d16>アーチャータワー</c>破壊しましょう。
87b95c2aef4f5b99,TID_DAILY_TASK_1_TITLE,毎日マルチプレイ戦
81582f2ea5b1ad94,TID_BUILDING_ARCHER_TOWER2,アーチャータワー
d9972f12ecd7ff9b,TID_HINT_TROOP_ABILITIES,天文ラボでは、ユニットの特殊能力をアップグレードできます。
19f71604a192d45c,TID_TROOP_REQUEST_FAIL_CASTLE_FULL,クランの城はすでに一杯です！
d51f4ca72766c20a,TID_CLANGAMES_TASK_INFO_DONATE_SPELLS,通算<num>収容スペース分の呪文を寄付する。
9e5291f9c95bd157,TID_PRESET_CAPITAL_HOUSING_BUILDING_MISSING,まだ収容施設が建設されていません
b4d49bd5614affbf,TID_VIEW_PROFILE_BUTTON,プロフィール
cda8e9ca613736c2,TID_DEATH_FREEZE_TIME,撃破時のフリーズ時間：<number>秒
9c4d254cc4fcf3ff,TID_VILLAGE_EDIT_MODE,村の編集モード
64903ecfba616cfe,TID_BUILDING_UNDER_CONSTRUCTION,<building>は建設中です！
1b58fba5de3975de,TID_REENGAGEMENT_APOLOGY_2,まって、本当にゴブリンなの...？
69dd8084489ffd91,TID_TENCENT_DOLPHIN_DOWNLOADING_SIZE,<nowsize>k/<totalsize>k
cf66433e378971d9,TID_LINK_TARGET_IOS_BUTTON_ANDROID,Androidデバイスと\n関連づける
bdd8babdb26a3bcc,TID_HERO_INSTRUCTIONS_BARBARIAN,驚くべき巨体で膨大なダメージを耐え抜き、進路上にある全てのものを叩き潰します。防衛戦では自分のナワバリを徹底的に守り抜こうとし、ひとたび「アイアンフィスト」の能力に目覚めれば攻撃時に激しい怒りをぶちまけるでしょう！
82420cd0a338f521,TID_WL_INFO_LIVE_BONUS,ボーナス
c3ae5bc53b7dcb03,TID_BATTLEPASS_TASK_INFO_GET_BB_LOOT,大工の拠点で星ボーナスを<num>回獲得する。
622ce5b01ddcc1ef,TID_NPC27,レッドカーペット
4b7294a15ba598ad,TID_DEVICE_LINK_ERROR_TOO_MANY_DEVICES_TEXT,既に最大数である10台のデバイスが関連づけられています。\n\n一部の古いデバイスの削除を希望する場合、ヘルプとサポートページからお問合せください。
03eaadd449b7eaff,TID_PTE_PERK_TRAINING_BOOST,訓練ブースト
f45c9e0b2feeae10,TID_CHARACTER_GIANT_ACTIVE,ブロッキング
e87d673c29dc198a,TID_LAYOUTS_WARBASE_INFO,注意：戦闘日に「クラン対戦の拠点」のレイアウトを変更した場合、\n新しいレイアウトは次のクラン対戦から有効になります。
b1d33ff168c620de,TID_SHUTDOWN_ATTACK_DISABLED,メンテナンスが終わるまで攻撃はできません。
69cadd18e9baf26e,TID_GROWTH_AURA_PERCENT,ヒットポイント上昇：<number>％
d5dd39c03b5e2b68,TID_CAPITAL_PLAYGROUND_JUMP_2,さらに、使用すると配置できるエリアも拡大される。さっそく、ここで使ってみるんじゃ。
aa45912398ba3680,TID_CHARACTER_HASTY_BALLOON,ロケットバルーン
0ab7015f1d9cbdab,TID_POPUP_EDIT_MODE_COLLECT,本当にすべての建物から回収しますか？
dee218930b42bcb6,TID_RAM_RIDER_ABILITY_TITLE,突撃
f101003901c0a150,TID_REPORT_PROFILE_IMAGE,プロフィール画像を報告
ae012ad08968d64d,TID_CHARACTER_MEGA_SPARKY,メガスパーキー
b54357aa34dc4342,TID_EVENT_TITLE_END_OF_SUMMER_OFFER_TH0206,ビクトリーパック
052dd35e9d5b20e9,TID_POPUP_EDIT_MODE_SAVE_TITLE,変更を保存
daea3501ec811942,TID_RESEARCH2_TITLE,アップグレードの効果
875834ba32c2994b,TID_CAPBUILD_BARRACKS_INFERNO_DRAGON_INFO,インフェルノドラゴンの憩いの場です。大工の長が、最も耐火性の高い素材を使って建設しました。
fbf02706776d806f,TID_WL_MEDALS_BONUSES_RECEIVED,クラン対戦リーグの報酬からメダル<num>個のボーナスを与えられました
10f5c97ca7af3dd0,TID_COPY_ACTION_BUTTON,コピー
208d9a60aa7e910b,TID_STORAGES_SPELL_IMMUNITY,全ての資源保管施設は呪文のダメージを受けません！
b695e9b0fb588066,TID_EVENT_ACHIEVEMENT_COMPLETE,イベントクリア！
8b8e2b8875868070,TID_TAP_TO_VIEW,タップで詳細表示
c46f673ed0e71997,TID_CAPITAL_TUTORIAL_4,やはり、物を建てるにはこれくらいのスケールがなきゃいかんな。紹介しよう、この山があんたのクランの都だ。
de456142e27527a0,TID_ALLIANCE_WAR_BEST_ATTACK_FRIENDLY,味方最高の攻撃：
97600b0da28eb72a,TID_ICE_PUP_INFO,異端児のアイスパピィは、心は冷徹で、身体には氷の血が通っています... 真のクールとは、このことでしょう。攻撃が命中すると、敵の動きを鈍らせます！
3e72e345c78a6f02,TID_CHAT_JUST_BANNED,他のプレイヤーから、問題のある発言をしていたと報告があったため、<time>にわたって発言ができなくなりました。
5952cd706a40d0e4,TID_PET_ABILITY_BULLDOZER,ウォールバスター
d9f52e91002d52dd,TID_AUTO_FORGE_UNLOCKED,自動造幣スロットがアンロック
8f19e20f6bebf4c2,TID_STAR3,パーフェクト！！！
e79188224ce81106,TID_INFO_POP_UP_TOS_PP_BUTTON1,OK
0f5404028e2e9f5a,TID_ACHIEVEMENT_DRAGON_SLAYER_TITLE,ドラゴンハンター
64ebbef47440f61e,TID_WAR_BROWSE,詳細
5c2dddbca6a3fd3f,TID_RIVER,川
1170cdbec76dab35,TID_BOW_INFO_SHORT,高速の連射攻撃で敵を駆逐します。
126bb258f2dd6183,TID_CAPITAL_ARMY_SAVE_OK,都の部隊が変更されました
32bb9a16e16d6405,TID_INFO_POP_UP_IAP_NOTE_ANDROID,クラッシュ・オブ・クランは無料でプレイできますが、アプリ内での購入によりゲームを早く進めることもできます。ゲーム内アイテムの購入を行いたくない場合、「Google Play ストア」アプリで「パスワード保護」を有効にしてください。また、ダウンロードおよびご利用は13歳以上の方のみとさせていただきます。
100b2629cead826d,TID_MORE_FORUMS,クラッシュ・オブ・クランのコミュニティにぜひご参加ください！
9221a3eb48bd0118,TID_UNLOCK_DISTRICT_RUINS,地区と廃墟をアンロック：
1812ea0f3f38a9f7,TID_BUTTON_RETRY,もう一度
3f398dbc91021188,TID_EVENT_TEXT_TH12_INFERNO_PACK,TH12 インフェルノパック
4d4e190da6cf3e76,TID_LAYOUTS_VILLAGE2,大工の拠点
380b55bef320d7f7,TID_CLANGAMES_TASK_DESTROY_DARKELIXIRSTORAGES,ダークエリクサータンク襲撃
b8f4891e92806c1f,TID_ICE_HOUND_ABILITY_INFO,標的の速度を低下させ、撃破されると周辺一帯を凍らせる
a5a89059c0e2c098,TID_SUPER_TROOPS_FEATURE_DESCRIPTION,従来のユニットにはない能力とオシャレな髪型を引っさげて、スーパーユニットが参戦します。
f632679cc24e0801,TID_CLANGAMES_TASK_INFO_DESTROY_GOLDMINES,マルチプレイで通算<num>個の<building>を破壊する。
820bbaf451f7145b,TID_CLAN_GAMES_TASK_CLAIMED_ELSEWHERE,このチャレンジは別のクランメンバーに選択されました
75c7bfb5082adc70,TID_TITLE_SELF_DONATE_TROOPS,援軍を追加
a04db5b658e1b809,TID_BUTTON_RATE_APP_NEVER,投稿しない
e449a2e64029a46e,TID_CONFIRM,決定
37a707dc8067fc26,TID_TUTORIAL_MERGE_2,普通の防衛設備を2つ合体させて、強化版の設備を作るんです！
61c92a082f14d6e0,TID_ABOUT_WEIBO,Weibo
47fdf248a1dac45e,TID_ACHIEVEMENT_CLEAR_OBSTACLES_TITLE,整理整頓
38a725e10b2d6ddf,TID_CLANGAMES_TASK_INFO_USE_NIGHTWITCHES,<num2>体のダークネクロを使い、大工の拠点戦で<num>個の星を獲得する。
8c102157bef097ca,TID_CHARACTER_LAVALOON,ラヴァルーン
24219a14b5d33b63,TID_DECO_RUIN_CLIFFSIDE_FOREST,崖の下の森
f30c038d8d4bd81a,TID_REQUIRED_BUILDERS_HALL_LEVEL,必要条件\nビルダーホールレベル<number>
4c4df8d01c760f79,TID_CAPITAL_FROST_INFO,心は熱く、頭はクールに！\n\nこの呪文を使えば、敵や防衛設備をスローダウンしたり、水面を凍らせて通行可能にしたりすることができます。
8b844ae9c50f4b54,TID_ERROR_POP_UP_PERSONAL_BREAK_FINAL_TITLE,休憩時間延長
ca952a51667db645,TID_WAR_STATS_LOSSES,敗北：
93ab6c0bf909b1b1,TID_CLANGAMES_TASK_USE_LOG_LAUNCHER,ローリングウッドの嵐！
660d9a5d06b926f8,TID_TENCENT_DOLPHIN_SUCCESS,检查更新完成
f9f230993b9c0d1b,TID_BATTLEPASS_TASK_WIN_BATTLES_USING_BOWLERS,連続ストライク！
33e41b483a1a1075,TID_BUILDING_ALLIANCE_MARKER,クランの旗
2851877623425ee6,TID_OVERALL_DAMAGE,合計ダメージ
d536220074840932,TID_REGION_CUSTOM2,
1520ac80a73e9e01,TID_WELCOME_BACK_DEFENCES,村が攻撃されました
ef91b57ea08ff27e,TID_BUTTON_CONFIRM,OK
dfb00c1335b4ee4f,TID_NAME_CHANGE_IN_PROGRESS,名前を変更できません。前回の名前変更を処理中です。
2404f9fd578ee696,TID_AURA_DAMAGE_WALL,壁へのダメージ（毎秒）：<number>
8dced17a52177357,TID_CAPITAL_ARMY_SAVE_FAILED_SPELL_NOT_AVAILABLE,このクランでは使用できない呪文が含まれています。
149a8a606eb0e980,TID_COSMETIC_ESTATE_3X3_WOODEN_HOUSE_INFO,がっしりした作りで、デザインも抜群。安全と安心をお届けします。
5e85b6d0ec246ae5,TID_ALLIANCE_DEMOTE_BUTTON,<role>に降格
f074fbfc890e05ef,TID_TUTORIAL_MAGICITEMS_1,チーフ、クランの城で不思議なアイテムを見つけました！
0ed6e1678057d4fb,TID_BOOSTER_CLOCKTOWER,時計塔ポーション
037285bb0b5bbb62,TID_LEAGUE_INFO_LOOT_BONUS3,リーグに入っていれば対戦で勝利するたびに戦利品にボーナスがつきます！
9d3aec36cb61b894,TID_POPUP_FORGE_TITLE,呪文生成 <limit>
39bb594e2b5502c2,TID_CLANGAMES_TASK_SPEEDY_STARS_MV,スピードスター
4a5f41392ac37676,TID_LOCAL_NOTIFICATION_EVENT_ALL_ARMY_BOOST,チーフ、1エメラルドユニットブーストイベントが始まりました！
7e8cbfb5bf6adde6,TID_OBSTACLE_XMASPRESENT,プレゼント
7d5e56b986941c7b,TID_OPTIONAL_AVAILABLE_TITLE,アップデート可能！
7217a1bcc84d09de,TID_BOOST_ALL_HEROES,すべてのヒーロー
9caf7422788155e1,TID_BOOSTER_HERO_POTION_OFFER_INFO,ヒーローポーション<num>個 - すべてのヒーローとペットを<time>にわたってタウンホールの最大許容レベルにブーストします。どちらの村でも使用可能です！
b0bb5a45f628e337,TID_ACHIEVEMENT_DESTROY_MONOLITH_COMPLETED,破壊したモノリスの総数：<value>
c049c5cfb1d72deb,TID_SPECIAL_OFFER_EASTER_UNLIMITED,大工ブーストパック
f30c62dc9e31d4d0,TID_RECORDING_CANT_GO_MAP,マップに行けません。まず記録を中止してください！
46c0892ba6a170a5,TID_LOCAL_NOTIFICATION_EVENT_ALL_COLLECTORS_BOOST,チーフ、1エメラルド資源ブーストイベントが始まりました！
2b5954eb4f4654bf,TID_TUTORIAL_STARTER_CHALLENGE_4,ここでは、報酬の獲得に必要な\nポイント数を確認できます。
8f52c1abff4827a3,TID_DAILYLOGIN_DISABLED_CLOSEBUTTON_TEXT,先にギフトを回収してください！
373edce2b17ef0cf,TID_ACHIEVEMENT_VICTORY_POINTS,マルチプレイで<number>トロフィーに到達する。
d31186f5c3ef1d28,TID_HERO_ABILITY_ROYAL_CHAMPION_DESC,ロイヤルチャンピオンが最も近くの防衛設備に盾を投げ、大きなダメージを与えます。投げた盾は、付近にある別の防衛設備に跳ね返って、さらに破壊を続けます。
7f31aa362f30e483,TID_NPC_CHALLENGE_TH8_GOWIVA_VALKYRIES,<c54a0fe>バルキリー</c>を配置しましょう。彼女は、建物が\n密集している村で絶大な効果を発揮します。
6c3ae6e73a80d9e3,TID_MAINTENANCE_ESTIMATED_TWO_HOURS,2時間ほど後に再度お試しください。
8e5149e1e6d8f207,TID_TENCENT_AGREE,同意
0f86f11ab24d6c8b,TID_ATTACKER_GOT,攻撃側が獲得：
e5081fd03230bf2b,TID_NEWS_BD_GIFTS_TEXT,クランの仲間と一緒に、クラッシュ・オブ・クランの5周年をお祝いしましょう！<c80d8e8>エメラルド + クランギフト</c>を購入するたびに、クランのためのボーナスエメラルドをゲットできます。
0b16ebe6b219755e,TID_BUILDER_HALL_4_INFO_SHORT,時計塔で時間を早送りし、バトルで敵をコテンパンにしましょう。
5f91feda05f9e17f,TID_MOUNTAIN_GOLEM,マウンテンゴーレム
c00f851e3f0b5890,TID_RICOCHET_CANNON_INFO,大工のトンデモ新技術により砲弾が跳弾するようになり、2体の目標にダメージを与えます。
c574179901890330,TID_WL_MEDALS_ALT_GEMS_RECEIVED,クラン対戦リーグの報酬からエメラルドを<num>個受け取りました
4d3158b7b02eb00f,TID_AVATAR_MESSAGE_BUTTON_SUPPORT,サポートに連絡する
0e7e060299fed682,TID_BP_PERK_RESEARCH_BOOST_DESC_STARTER,ラボにおけるユニット、呪文、突破兵器の\nアップグレードに必要な資源と時間が減少します。
cb5b49b6551c5455,TID_PRESET_PRODUCTION_BUILDING_UNDER_UPGRADE,生産施設がアップグレード中です！
cbbead50082d5e36,TID_ALLIANCE_MAIL_FAIL_COOLDOWN,メールをもう一度送るにはしばらくお待ちください
8c94d7e5f159521b,TID_OFFER_SEASON_CHALLENGES_TEXT_1,新たなヒーロースキン！
7cc30b47eade1b8b,TID_ACHIEVEMENT_DESTROY_WEAPONISED_BUILDERS_TITLE,荒仕事
06f28673f01c33d2,TID_ALLIANCE_GAMES_PERSONAL_PROGRESS,あなたのスコア
c9eac81450049a5f,TID_BUILDING_GUARD_POST,警備所
eb23b6a95fa9b93d,TID_BATTLEPASS_TASK_WIN_BATTLES_USING_HEAL,癒しの魔法
162bed6458310b4a,TID_TENCENT_GUEST_IGNORE_WARNING_TITLE,よろしいですか？
6c6481f68709f49d,TID_CAPITAL_RAID_PERSONAL_BREAK,小休止
132079a5ccbfe57e,TID_CAPBUILD_BOMBTOWER_INFO,ボムタワーは、付近の地上ユニットを爆弾で攻撃し\n破壊されると大爆発を起こします！\n近接攻撃ユニットは、近づかない方が無難です！
0abdd264ddb5b0ad,TID_DIAMOND_BUNDLE_BH4_INFO_ALT,• <gems> エメラルド\n• <res0> エリクサー\n• <res1> ゴールド\n\n収容量制限なし！\n\nこの<cffec78><value>倍バリュー</c>は、1度限りの特別提供となります！
7bc4615d068b1756,TID_CHALLENGE_NOT_AVAILABLE_RAID_SEASON,週末合戦中は地区フレンドリー・チャレンジをプレイできません！
a5d0ac3f20161071,TID_DIAMOND_BUNDLE_MAGICITEMS_FIGHTING_BOOK_WITH_DARK_ELIXIR_INFO,• <res0>ダークエリクサー\n• 戦いの本<booster1>冊\n• 収容量制限なし！\n\nダークエリクサー系ユニットのアップグレードに必要なものが全部入っています！
da5fb79ae75a68f5,TID_SUPER_TROOPS_FEATURE,スーパーユニット
40a0c5433027b75c,TID_SHOP_CATEGORY_BUILDERS,大工
b77d958ff681dbad,TID_ELECTROFIRE_WIZARD_INFO_SHORT,偉大なるウィザードは、2つの呪文と2つの衣装を使い分けています。
a53b9a5b56580c36,TID_GAME_CENTER,Game Center
193c4b4d1e47ca2c,TID_CAPITAL_RAID_NOTWEEKEND_STARTED_NOTIFICATION,合戦の時です！敵のクランの都を攻撃して勝利を掴みましょう！
42443be1b7cc161f,TID_CANCEL_WAR_ARRANGED_MATCHMAKING_CONFIRMATION_TEXT,フレンド対戦チャレンジをキャンセルしてもよろしいですか？
09f5b24c08dd71c6,TID_RESOURCE_CAP_FULL_GOLD,金庫をもっと建てるか、今ある金庫をアップグレードしましょう！
fdd96225b974199b,TID_BATTLEPASS_TASK_WIN_BATTLES_USING_SKELETON,スケルトンチーム
f1078a5bf1b80263,TID_CLAN_HAS_TOO_FEW_MEMBERS,クランのメンバー数が不足しています
fa212df62419bc38,TID_LEAGUE_COPPER1_SHORT,コッパーI
0f15cfd6281b71c7,TID_CHARACTER_MECHA_DRAGON,ドラゴンライダー
9e47c684544493d8,TID_TUTORIAL_CAPITAL_UPGRADE_1,ふうむ、この設備はもう少し強化できそうじゃのぉ。さっそくアップグレードにかかるとしよう。
1484e2d80d4c47ef,TID_LEAGUE_CLAY2_SHORT,クレイII
ab12aa177451d2a0,TID_HINT_ARTILLERY_TARGET3,砲撃された場所の近くにいるユニットは、衝撃波によるダメージを受けます。
44b7e534296b95a9,TID_TOWN_HALL_LEVEL_TOO_LOW,タウンホールレベル<number>以上が必要です！
59a7429179282bef,TID_BOOST_POPUP_TITLE_RESUME,ブースト継続
3e7a60f5c8de0d1d,TID_DIAMOND_BUNDLE_MAGICITEMS_BUILDING_BOOK_WITH_RESOURCES_INFO,• 建物の本<booster1>冊\n• <res0>ゴールド\n• <res1>エリクサー\n• 収容量制限なし！\n\n建物の本を使って、どんな建物アップグレードも瞬時に完了しよう！\n\nこのチャンスをお見逃しなく！
aa167274060f0adc,TID_DIAMOND_BUNDLE_BH5_INFO_ALT,• <gems> エメラルド\n• <res0> エリクサー\n• <res1> ゴールド\n\n収容量制限なし！\n\nこの<cffec78><value>倍バリュー</c>は、1度限りの特別提供となります！
986dc26320d5a578,TID_BUILDING_CUSTOMIZE_CATEGORY_GROUND,地面
cb47b8205d8f0c54,TID_TUTORIAL_OWN_HOUSE_3,気に入らなけらば、ここで塗り替えるように。
8c379f6b45611d2d,TID_LEAGUE_BRONZE1_SHORT,ブロンズI
b0bdc8de0cb3e9ae,TID_GOBLIN_WORKER_BUILDING,ゴブリン大工の小屋
eea7014a6ee07e51,TID_LEGEND_SEASON_END_TIP,注：レジェンドリーグにはシーズン終了時の特別ルールと報酬があります！
ae23a0cad383eed0,TID_SPEED_UP_DUEL_CONFIRMATION_TITLE,もっともらいますか？
40d20f8dbf242758,TID_CHARACTER_INFO_BARCHER,バーバリアンのタフネスとアーチャーのテクニックを併せ持つババーチャーは、不健康な見た目とは裏腹に、抜群の破壊力を秘めています。
9aae54f7d256afe8,TID_BATTLEPASS_TASK_WIN_BATTLES_USING_JUMP_INFO,ジャンプの呪文を使い、マルチプレイで<num>回勝利する。
c7aee8758600ebbf,TID_RAID_WEEKEND_INFO,週末合戦の情報
c34de272af1bc978,TID_BARCHER_ABILITY_NAME,レイジクローク
64577a3b41b05476,TID_CHANGE_HEROES,ヒーローを変更
44d55342622c6d7a,TID_ALLIANCE_WAR_OBJECTIVES,クランの目標
6df8dfc2ea4d37ba,TID_LEGEND_SEASON_INFO_PRESTIGE,毎回新たなスタートを切れるよう、トロフィー数は毎回<value>まで減少します。減った分のトロフィーはレジェンドトロフィーとして授与されます！
ac7c51c963a74c05,TID_NPC26,アローヘッド
01e995b08f4f3f82,TID_START_WAR_FAILED_ENEMY_HAS_TOO_MANY_REQUESTS_PENDING,保留中のリクエストが多すぎ、対戦を開始できません
cab790f959da5140,TID_DIAMONDS,エメラルド
167a873deb9890b6,TID_ADD_FRIENDS_INFO_REQUESTS_TENCENT,プレイヤープロフィールから、ゲーム内フレンドに追加しましょう。WeChatやQQのフレンドは、ログインすると自動的に表示されます。
bdc0b3aa8fcf4c6b,TID_CLANGAMES_TASK_USE_SIEGE_SLAMMER,ヒット＆ハント
4b20faefbdce602a,TID_SIEGE_WORKSHOP,突破工房
4fc6e14212b749ac,TID_BOOKMARKS_FULL,ブックマークが一杯です
9e7d6991568ba23f,TID_BUTTON_CLEAR,取り除く
abbdfd991962bec0,TID_LOCAL_NOTIFICATION_EVENT_ANNIVERSARY_OFFER,チーフ、期間限定の5周年記念セールが始まりましたよ！
a45b6fc36552bdbe,TID_LEAGUE_CRYSTAL3,クリスタルリーグIII
511319faaadd488f,TID_SUPER_DRAGON_ABILITY_NAME,焼却
06cef8733ba00c98,TID_BATTLEPASS_TASK_DEPLOY_TROOPS,突撃！
f0aa9b6f60704771,TID_PET_WALLBUSTER_INFO_SHORT,壁を壊すのが大好きな聞かん坊です。
19525a91a4df789f,TID_CLANGAMES_TASK_DESTROY_SCATTERSHOT,投石機の破壊劇
72de8d969e0ada25,TID_CHARACTER_RIDERLESS_HOG,スーパーホグ
ef4525e4616ad15d,TID_BOB_TASK_DEFENCE_FLUFF,マスター大工が無敵の大工を製作するには、強力な防衛設備をアップグレードするしか手はありません。
ad9e6f0939d692ff,TID_TAB_ALLIANCE_CHAT,クラン
9c70b7f76ead6220,TID_BUTTON_CONFLICTING_ACCOUNT_NO,いいえ、元のアカウントを使用します。
598f406f72da5b2d,TID_CLANGAMES_TASK_WIN_STARS_VS_TOWNHALL_13,壮絶なTH13
fb89dddb32650848,TID_TUTORIAL_CANNON_2,こちらが新しい村です！\n本当は平和な村なんですよ。\nでもアレのせいで...
77addf45bf95541f,TID_CLAN_GAMES_THEME_CNY_2018,フェスタゲーム
fccea9b5235302ed,TID_TUTORIAL_SHOW_STAGE_2_1,建設してたら、すこし夢中になりすぎちまってな...
5fa730a994978150,TID_MOVE_MASTER_BUILDER_CONFIRMATION_BB,今すぐマスター大工を大工の拠点に送りますか？
81b0a51803b2c861,TID_TUTORIAL_BUILDER_MENU,ここでは、次の建設やアップグレードの\n提案を見ることができます！
fa1c3fc790ed3d58,TID_POPUP_SPEED_UP_BOOSTER_UPGRADE_SLOWDOWN,<item>をアップグレード中のため、訓練速度が遅くなっています。<booster>を使って今すぐ完了させますか？
77367c5261a6dd99,TID_SCID_GIFT_RECEIVED_BODY,からゴールドパスのギフトが届いています。
6359e266caec3c20,TID_CLANGAMES_TASK_INFO_GET_KILLS_VS_BARBARIANKING,マルチプレイで敵のバーバリアンキングを<num>回倒す。
cb26b292bdfe1262,TID_DEVICE_LINK_ERROR_CODE_ERROR_1,何らかの不具合が発生しました。再度お試しください！
3872e662b53d38b5,TID_CLAN_JOIN_FAIL_GENERIC,クランに参加できません！
54707574bc01aecf,TID_PEKKA2_ABILITY_NAME,オーバーチャージ
0a54e085096c4d27,TID_ACHIEVEMENT_ACCOUNT_BOUND_COMPLETED,達成！
1f6486726ac26899,TID_HEALING_WAVE_INFO_SHORT,ピンチの時もHPを瞬時に回復できます。
9b15aba2f74d8d46,TID_LEAGUE_EMERALD2_SHORT,エメラルドII
1ae274ec7131ce85,TID_BATTLEPASS_TASK_INFO_USE_ARCHERS,アーチャーを使い、マルチプレイで<num>個の星を獲得する。
6d689380235ca35c,TID_WL_COLUMN_STARS,星
7410a827fefdecc2,TID_AUTO_FORGE_SLOT_NO_BUILDER,大工不要
a817fa1ff4d75375,TID_TUTORIAL_ARTO_COMPLETE_5,他の大工に怪しまれることはないはず... だろ？
cc9d3d9ce116aef9,TID_CLANGAMES_TASK_USE_DRAGON_RIDERS,ドラッグレース
fe6dc519d797173e,TID_BATTLEPASS_TASK_DEPLOY_SPELLS,飛び交う魔法
ac62fc7164d155f3,TID_PLAYER_ATTACKING_YOU,攻撃してきたプレイヤー
8970339c6c3bcbc8,TID_FEATURE_CLANS_DESC,クランに参加すれば、仲間とのチャットや援軍の受け渡しなどが可能になり、楽しみ方が広がります！
68c81fc398f1c94a,TID_CLASHOWEEN_COMBAT_ITEM_LOCKED,禁断のエリクサーをさらに集めてアンロック：
81ba6504d0548894,TID_EVENT_TITLE_XMAS_RESOURCES,クリスマスセール
ee935a4c86d66893,TID_TRAP_EJECTOR_INFO,招かれざるお客さんを、景気よく明後日の方向に弾き飛ばしてくれます！
98e10be460ec2d82,TID_ALLIANCE_REPORT_TEXT,名前または説明文が不適切なクランとして「<name>」を報告しますか？
1c83d02d4bc40b49,TID_NEWS_JUNE_V1_BALANCING_TITLE,本拠地の村アップグレードスペシャル
7b480a1f66f4ceed,TID_LEGENDS_CANNOT_ATTACK_DAY_END_TOO_SOON,攻撃できません！まもなくリーグ日が終了します。
356ff4489b857217,TID_OBSTACLE_BIRTHDAY2022,10周年記念ケーキ
255a9c147c17776e,TID_JOLLY_KING,トナカイ キング
83f95b491be603e1,TID_ERROR_POP_UP_AUTO_DISCONNECTED_TITLE,もしもーし？
9613801f8b1f3401,TID_WL_STARTWAR_INFO_LEADER,<size>つのクランが1グループとなり、その頂点を目指して戦います。ボーナス資源やクランXPにリーグメダル... そして、栄光をその手に！\n\nあなたのクランもさっそく準備して、リーグに参加しましょう！\n参加登録終了まで：<time>
0dafc815d673d7ad,TID_MOVE_OBSTACLE_CONFIRM_TITLE,<obstacle>を移動
929fbcd3a6865a8a,TID_BATTLEPASS_TASK_INFO_WIN_BATTLES_USING_ARCHERS,アーチャーを使い、マルチプレイで<num>回勝利する。
369b472a08036a55,TID_TOTAL_CAPACITY_AFTER_TRAIN,訓練後のユニット収容数：
01585597f15475c0,TID_CLANGAMES_TASK_INFO_USE_BABYDRAGONS,<num2>体のベビードラゴンを使い、マルチプレイで<num>個の星を獲得する。
6fffeaaecc262c7b,TID_WL_STARTWAR_INFO_CLANMEMBER,<size>つのクランが1グループとなり、その頂点を目指して戦います。ボーナス資源やクランXPにリーグメダル... そして、栄光をその手に！\n\n\nさっそく準備をしたら、リーダーにリーグへの参加を提案しましょう。\n参加登録終了まで：<time>
b45808e12fd7b2bb,TID_CAPITAL_ARMY_SAVE_FAILED_UNIT_NOT_AVAILABLE,このクランでは使用できないユニットが含まれています。
0525d7c00009bade,TID_NEWS_SEP_V2_BALANCING_TEXT,• 大工の拠点に、防衛設備「重砲」と飛行ユニット「降下船」の2つが新登場！\n• ユニットはレベル14、防衛設備はレベル7までアップグレード可能。\n• バトルマシンのアップグレードはレベル15まで可能。
06b9984d48fb9843,TID_BP_ACTIVATE_SCID_TITLE,ゴールドパスを入手しますか？
617d702d57b47510,TID_CLAN_GAMES_CLAIM_REWARDS,結果
05f9c978695ca48d,TID_FLAMER_INFO_SHORT,戦場を焼き尽くす恐るべき防衛設備。ぜひマシュマロを用意しましょう。
2a68ea15c85329ca,TID_FREEZE_SPELL,フリーズの呪文
82ab8f80fa285e29,TID_JOLLY_CHAMPION,エルフ チャンピオン
73038c3cdd7471ed,TID_ABOUT_TWITTER,ツイッター
d29c014ea4330097,TID_MORE_TWITCH,Twitchでクラッシュ・オブ・クランの実況プレイ動画をご覧ください！
3be056e08abf30b5,TID_PLAYABLE_IN,プレイ可能になるまで：
c352bb980d45f69b,TID_PLACEMENT_HINT,タップか長押しでユニットを配置できます
5403d2399fc9e755,TID_GOOGLE_SERVICE_BOUND_TO_OTHER_ACCOUNT_TITLE,Google アカウントのアラート
679f5d642dc010a0,TID_BOOSTER_USE_BB_STAR_BONUS_BOOSTER_QUESTION,<booster>を使って、今すぐ大工の拠点の\n星ボーナスをチャージしますか？
632f1a80e2c50da1,TID_CLANGAMES_TASK_INFO_DESTROY_WIZARDTOWERS,マルチプレイで通算<num>個の<building>を破壊する。
ed192e611cfdd283,TID_BOOSTER_STAR_POTION_OFFER_INFO,大工スターの瓶<num>個 - 大工の拠点の星ボーナスが即利用可能になります
230836bb29057f3f,TID_CHALLENGE_TH9_LAVALOON,ラヴァルーン
82f828f1917b404b,TID_CAPITAL_RAID_VISIT_INVALID_TARGET,この地区は偵察できません
bf0411798a73e887,TID_TUTORIAL_SHIP_LOAD_SHIP,チーフ、船とクルーの準備ができました！出港準備完了です！
5bab44caa3750019,TID_GEAR_INFO_HEALING_TOME,グランドウォーデン自身と近くの味方ユニットを回復します
e02b623667eaeaba,TID_ALLIANCE_INVITATION_FAILED_USER_BANNED,招待できません。対象のプレイヤーは、あなたのクランとの接触を禁止されています！
11a6e7fa56b1e0b9,TID_V2_START_DUEL_ALREADY_IN_MATCHMAKING,すでにマッチ検索中であるため、マッチを検索できません
d274f10554f91b57,TID_PLAYER_PROFILE_CLAN_INVITES,クランからの招待
de15b7bcd4c193e7,TID_DIAMOND_BUNDLE_RED,（ヒーローパック）RED
1007fad5cc34dac3,TID_HINT_PEKKA_TRAP,P.E.K.K.Aは非常に重いヨロイを着込んでいるため、ばねトラップが通用しません。
dce6ed3c9cf60542,TID_NATIVE_DIALOG_TENCENT_ACCOUNT_CONFLICT_TITLE,アカウントの競合
be2c652b82cdaf2a,TID_GEAR_PROTECTIVE_CLOAK,ロイヤルジェム
68c1c809151f7ef9,TID_CLANGAMES_TASK_INFO_DESTROY_ELIXIRPUMPS,マルチプレイで通算<num>個の<building>を破壊する。
99ece53ad5f0f963,TID_ACHIEVEMENT_SEASON_CHALLENGE_POINTS,シーズンチャレンジで<number>ポイントを獲得する。
1105741959584523,TID_HERO_AURA_WARDEN_TITLE,ライフオーラ
1e991bd34c538c22,TID_CHARACTER_INFO_BOMBER_SHORT,爆弾好きで壁嫌い... とってもわかりやすい！
71b37a8ba2bcd770,TID_CHAT_FAIL_BANNED,あなたは<time>にわたってミュートされました。
9354b0d2dba80859,TID_BOOSTER_SUPER_POTION_OFFER_INFO,スーパーポーションx<num> - ユニットを3日間スーパーユニットにブーストします
c2fd2af7466246a6,TID_WAR_PERSONAL_SETTING_IN,参加
f09315d87beb7840,TID_CONFIRM_ARE_YOU_SURE,今の村を削除して、次の村に変更しますか？：
3d1d047872804e62,TID_REPORT_PROFILE_IMAGE_TEXT,本当に「<name>」のプロフィール画像が不適切だとして報告しますか？
fc8d981e1d5ca2f8,TID_ALLIANCE_WAR_LAST_MOMENT_EVENT,ギリギリ！
8ee6b96089395bdd,TID_LEAGUE_RUBY2,ルビーリーグII
6554324569c16677,TID_LEAGUE_CHAMPION2_SHORT,チャンピオンII
991cbf84e08aa772,TID_EVENT_TEXT_HALLOWEEN_SKEL_BARREL,敵陣にスケルトンバレルを送り込み、大パニックに陥る様子を見物しましょう！実行すると、200エメラルドとパワーポーションをもらえますよ！
4c99e74a4b7c54ec,TID_BARB2_ABILITY_NAME,レイジ
6f25ce4bb7a073da,TID_BATTLEPASS_TASK_INFO_DESTROY_BUILDERSHUTS,マルチプレイで通算<num>個の大工の小屋を破壊する。
69da50f6d6343a26,TID_BUILDING_ARCHER_TOWER,アーチャータワー
541f2cb8e68dfbd3,TID_DECO_RUIN_ABANDONED_PYRE,放置された聖なる炎
3a5da3947bee2ecd,TID_EQUIP_TITLE_PET,ペット
99a88a417ba5227a,TID_COSMETICS_CUSTOM_SOUND,サウンドエフェクト
9b37be9adc8e4c4a,TID_WECHAT_LOGOUT_BUTTON,ログアウト
7290f6fb18cc288f,TID_ACHIEVEMENT_GOLDSTORAGE_UPGRADE,金庫のどれかをレベル<number>にアップグレードする。
b7bbb5340db2d694,TID_LEAGUE_CRYSTAL,クリスタル
e39e87161805a55d,TID_SETTING_AUTO_USE_HERO_ABILITIES,撃破前に自動的に能力を使用
7a2b9b3fa7792fce,TID_PARENTS_GUIDE_BUTTON,保護者の皆さまへ
240a3e1f3394d0ef,TID_CHARACTER_HEADHUNTER,ストライカー
8d4918553d25aa41,TID_WAR_ATTACK_CONFIRM_CASTLE_TROOPS_ONLY_TEXT,クラン城の兵士：<number>
a16e876e0c559b44,TID_NPC_CHALLENGE_TH11_LAVALOON_BARBARIAN_KING,<c9916c8>バーバリアンキング</c>を投入しましょう。
5a32e304cd00b27a,TID_NO_PRIVILEDGE_TO_EDIT,メモを編集するには、クラン内での階級が現在よりも上位である必要があります。
b427ee42e797886a,TID_TUTORIAL_FAILED,エラーが発生しました。再起動してから、もう一度お試しください！
41edc9f8c0cb810c,TID_CHARACTER_INFO_MAGIC_ARCHER,とてつもない腕力を備えたスーパーアーチャーは、直線上にいる複数の標的を射貫くことができます。
f21939696e6dc6b7,TID_BUILDING_BOW,巨大クロスボウ
01787491867bbdca,TID_CLANGAMES_TASK_INFO_USE_VALKYRIES,<num2>体のバルキリーを使い、マルチプレイで<num>個の星を獲得する。
9875ff3723c642e0,TID_BATTLEPASS_TASK_WIN_BATTLES_USING_RAGEDBARBARIANS,怒りを糧に
e8c14407f64b8619,TID_TH15_QUEEN,マジック クイーン
26037b23d6b69a45,TID_BATTLEPASS_TASK_WIN_STARS_USING_EARTHQUAKE_INFO,アースクエイクの呪文を使い、マルチプレイで<num>個の星を獲得する。
f383014d37823677,TID_BP_POINTS,チャレンジポイント
26a4e6728cb38936,TID_CLANPERK_DESC_DONATION_LIMIT,寄付できる上限数：
d9fd017d4909b286,TID_CHALLENGE_CHOOSE_LAYOUT,レイアウト選択
1d0fe0112810c7de,TID_DIAMOND_BUNDLE_BUILDER_BASE_PACK,大工の拠点パック
04a77704541da23e,TID_TOWN_HALL_12_INFO_SHORT,文字通り、敵に衝撃を与えます！
b607daa3d060f58b,TID_DECORATION_BK_STATUE,スーパーヒーローの像
1295458f8e19b7ef,TID_ADDITIONAL_DAMAGE_PER_TARGET_HP,追加ダメージ：<number>％
4d6eddce3d0be2a7,TID_NPC46,メガマンション
ab92a18fd598cd85,TID_NEWS_OTHER_TITLE,
8b8929c8e40f07da,TID_LOCAL_NOTIFICATION_WAR_ENDS,クラン対戦がまもなく終了します！
823d741bdb499f75,TID_DOUBLE_CANNON_INFO_SHORT,ダブルバレルのイカした銃身から、強力な砲弾を発射します。
91075e28058edfe6,TID_LEGENDS_MULTIPLAYER,マルチプレイ
57521db13a7eb810,TID_POPUP_BOOST_SPELL_FACTORY,呪文の作成速度を<time>だけ<multiplier>倍にしますか？
443f26fa01a30a90,TID_RESOURCE_BOOST_INFO,自分の村の資源の生産速度が2倍になります。
5e3139bca9acfe5d,TID_TUTORIAL_RAID_WEEKEND_4,攻撃できる回数は各メンバー同じじゃが、初めて星3つを達成して敵の地区を破壊した際は、ボーナス攻撃が与えられる。
9016bd8228ada41a,TID_ACHIEVEMENT_PVP_DEFENSES_COMPLETED,防衛戦勝利数：<value>
ef40dd8b0a93b564,TID_ACHIEVEMENT_DONATE_SIEGES_TITLE,みんなで突破
301a2fe9b5efc21c,TID_ALLIANCE_WAR_DEFEAT,敗北
30aafa175a7a7e1a,TID_CLANPERK_DESC_DONATION_UPGRADE_PLURAL,寄付したユニットが<value>レベル分アップグレードされる
e44ab8746d0e84a0,TID_STARTER_TH5_INFO_BUILDSPELLFACTORY,ショップで呪文工場を手に入れて呪文をアンロックする。
992eb20bdb418e09,TID_BUILDER_BASE_CAMPAIGN_TITLE,大工の報酬チャレンジ
6afffb09d1106b1c,TID_CAPITAL_ARMY_SAVE_FAILED_TOO_MANY_UNITS,ユニットの数がクランの制限を超えています。
19cffde404ed4ec8,TID_COMPLETION_REWARD,完了報酬
20b0f8787229d17a,TID_RAID_WEEKEND_TOTAL_ATTACKS,合計攻撃回数：
3369074c4e47cf3b,TID_GRAND_WARDEN,グランドウォーデン
4ddf0d310ead9f1c,TID_ACHIEVEMENT_CASTLE_UPGRADE,クランの城をレベル<number>にアップグレードする。
c4143b898e2b6460,TID_CHARACTER_INFO_ELITE_WALLBREAKER,転がる方が走るよりもこんなに速いなんて、誰が想像したでしょう。スーパーウォールブレイカーは、既に点火されている爆弾を使うので、何があっても爆発します！不発に終わることはもうありません！
7d75f25a0954cb41,TID_CHARACTER_INFO_HEADHUNTER,ストライカーが戦場で与えられた仕事はただ一つ。敵のヒーローを倒すこと。一方、村では薬の調合を生業としています。身体の軽さを生かして壁を飛び越え、毒を仕込んだ武器で敵の動作と攻撃速度を低下させます。
cceb706b3818eb16,TID_CAPITAL_PLAYGROUND_INTRO,クランメンバーがすでにこの地区を攻撃したようだな。後を引き継いで攻め落とすんじゃ！
4ad99a7ae191fd3f,TID_DEVICE_LINK_ERROR_BOTH_HAVE_OPEN_ID_KUNLUN,現在の村は既に関連づけされています。関連づけの実行は1回のみです。
31d3aec9e36e1f96,TID_SPECIAL_OFFER_BUILDERBASE_ANNIVERSARY_ALLPRICEPOINTS,記念パック
a1d3c12af3a5c0cb,TID_EDIT_MODE_ERASE_ON,削除オン
59f5e4e7fcf16100,TID_EDIT_CAPITAL_ARMY,都の部隊を変更
b07395707367f3c4,TID_LEAGUE_EXACT_SIZE,対戦の参加者を<num>人選ぶ
b97b4383d4dce6ce,TID_ALLIANCE_REJECTED_BY,<name>が参加を拒否
e39185dc517de539,TID_WARMACHINE,バトルマシン
8298bd1e292504d3,TID_CLANGAMES_TASK_DESTROY_BB_CANNON,大砲のたそがれ
d4597630b5b7e3ef,TID_BOOSTER_ALL_HEROES_LOCKED,ヒーローポーションを使うにはヒーローのアンロックが必要です
f03cb70c4b3fea2b,TID_STAR_BONUS_BOOST_INFO,マルチプレイにおける攻撃で勝利を重ねると、星ボーナスとして<starbonus>倍の報酬を獲得できます！
339d5c253e6eb6ec,TID_BATTLEPASS_TASK_INFO_COLLECT_DARKELIXIR,ダークエリクサーポンプから<num>ダークエリクサーを集める。
d68d323bc1311cab,TID_PET_FROSTY,フロスティ
447e9e075f113af1,TID_NPC_CHALLENGE_TH10_BOBAT_BOWLERS,<c54a0fe>ボウラー</c>を投入して、攻撃を支援しましょう。
fc6474bf1708bf58,TID_HALLOWEEN_EVENT_2023_INFO,禁断の合成実験イベント中に禁断のエリクサーを集めて、報酬を獲得しましょう。さらに、禁断のメダルを旅商人とトレードすれば、追加の報酬が手に入ります！
0d96141d6c00024f,TID_BUILDING_GIANT_CANNON,重砲
f19e58a2c61d060f,TID_BOOSTER_MAX_LEVEL_ARMY_MAXED,部隊をブーストできません。すでに最大レベルに達しています！
08f5850e2d747fa1,TID_WAROPTIN_LEAVE,脱退
9135dbb77f40bdee,TID_CLAN_WAR_CHALLENGE_REJECTED_AUTOMATICALLY,チャレンジが拒否されました
6e23c3b3b8d988d4,TID_LAYOUTS_OBSTRUCTED,まず障害物を取り除いてください
12e31d3a8d6af6ec,TID_LOOT_RECEIVED,入手した戦利品：
5a4e81fcdd64307d,TID_TRAP_HALLOWEENBOMB_INFO,お化けだぞ～！この不気味な爆弾は期間限定アイテムです。
30096bfbfd3e17e3,TID_GEAR_TITLE_ETERNAL_TOME,エターナルトーム
327c2fd2d7da4951,TID_CHALLENGE_TH7_HOG,ホグラッシュ
53c3fcffcc0b9b33,TID_CLANGAMES_TASK_USE_ARCHERS,アーチャーの待ち伏せ
66b7ec40c524efa4,TID_CLAN_GAMES_REWARDS_RECEIVED,獲得報酬：
a2353d5aa464e258,TID_HINT_ARCHER_TOWER_TARGET,アーチャータワーは飛行ユニットと地上ユニットのどちらにも攻撃できます。
b764825e17953c0f,TID_BARBARIAN_KING_SKELETON,スケルトン キング
3ef40f2fc0c6766d,TID_WARNING_CANNOT_SHARE_INCOMPLETE_LAYOUTS,共有できるのは完成したレイアウトだけです
c3e959675475a3a4,TID_STARTER_TH2_BUILDCANNON,大砲建設
218f031f2b75a2e5,TID_STARTER_TH3_INFO_BUILDLABORATORY,ショップでラボを手に入れる。
93917e9f3ce3d0f8,TID_PET_FROSTY_ABILITY_INFO,防衛設備に張り付くフロストマイトを定期的に召喚する
ad782ec2c1c8c947,TID_BOOSTER_FREE_SPELL_UPGRADE_INFO,この魔法のハンマーを振ると、どんな呪文でも次のレベルへ瞬時にアップグレードできます。自分の村でのみ使用可能です！
5bcb45c214bbac97,TID_CLANGAMES_TASK_INFO_DESTROY_BB_GUARDPOST,大工の拠点戦で通算<num>個の<building>を破壊する。
c0774653126329b1,TID_ALLIANCE_SNEAK_PREVIEW,クランの城を再建すればクランに参加できます！\n\nクランの仲間同士で援軍ユニットや呪文を送り合って助け合いましょう。
c1ff939332280f63,TID_MONTH_8,8月
997927581945af73,TID_CLANGAMES_TASK_INFO_DESTROY_BB_CRUSHER,大工の拠点戦で通算<num>個の<building>を破壊する。
c47ce8edab339caa,TID_CAPBUILD_RAPID_ROCKETS_INFO,射程こそ対空砲に劣るものの、\nぎっしりと束ねられたロケット弾で、欠点を補って余りある火力を発揮します。
a78699bcef215dfd,TID_UNIT_STORAGE_CAPACITY_ALL,合計ユニット収容数：<number>
f748bef4bc99429b,TID_NPC_CHALLENGE_TH13_HYBRID_ELECTRO_DRAGON,<c9916c8>アーチャークイーン</c>が手いっぱいの間に、こちらの隅を<c54a0fe>ライトニングドラゴン</c>で一掃しましょう。
d746cfb0fd8abe6e,TID_NPC7,マジノ線
1c534e6cb1e6da6b,TID_CAPITAL_RAID_ATTACKER_LEFT_THE_CLAN,別のクランで攻撃を完了しています
59980007de5d657b,TID_RAID_INFO,合戦の情報
33750fde534df1e4,TID_WL_INFO_LIVE_TAB0_HEADER,戦闘週間
a2063264871cbf5c,TID_LINK_SAME_PLATFORM_ANDROID,複数のAndroidデバイスでプレイするには、ゲームの設定でGoogle アカウントにログインしていることを確認します。\n\n次に、他のデバイスからもGoogle アカウントにログインします。ゲームの進行状況は自動的に同期されます。
2af71d90d38e8fbf,TID_CHARACTER_INFO_GOBLIN,このうっとうしい奴らは、お宝のことしか考えてません！\nばねトラップが効かないほど足が速く、資源がある限りそれを追い求め続けます。
4176d2a036755c75,TID_LEGEND_SIGN_UP_CONFIRM_SHIELD_REMOVAL,レジェンドリーグに参加すると、\nシールドは解除されます。よろしいですか？
ae5f407c1ce7ad92,TID_BOOSTER_MAX_LEVEL_ARMY_ALT_2_LINE,パワーポーション
7cf99a390a9ae3a8,TID_BATTLEPASS_TASK_INFO_WIN_BATTLES_USING_BATTLE_BLIMP,突撃艦を使い、マルチプレイで<num>回勝利する。
aaed21e4ef8348b2,TID_CLANGAMES_TASK_WIN_STARS_USING_FREEZE_INFO,フリーズの呪文を<num2>回使い、マルチプレイで<num>回勝利する。
98d1e4f8cf412106,TID_UNIT_STORAGE_CAPACITY,ユニット収容数：<number>
1e20a5e84e36811f,TID_HINT_ARTILLERY,小規模なユニットの部隊は、イーグル砲が動き出す前に攻撃体勢を整えることができます。
6ba770809b3b9eba,TID_TENCENT_USER_PRIVACY_POPUP_TITLE_1,用户与隐私相关协议指引
a65428bcba326efe,TID_CHAT_RULES_WARNING,不正行為を行うと、アカウントに無期限の利用停止処分が科せられる可能性があります。
f10e74c73e750981,TID_DIAMOND_PACK_1,ひとにぎりのエメラルド
2a9bd7d2685b3e24,TID_NPC79,ロックオン
87a8f6f976afcb42,TID_CHARACTER_INFO_HEADHUNTER_SHORT,ヒーロー狩りに特化したユニットです。
215d2f0d1ba398a1,TID_WL_WARLESS_DAY_INFO_END,今日は他のクランの戦闘日です。リーグの結果は明日発表されます。
d8f0378890101cae,TID_TIME_LEFT_NONE,まもなく開始！
e110b3f11857a9d0,TID_NPC_CHALLENGE_TH11_LAVALOON_JUMP,<c85ff3b>ジャンプの呪文</c>を使って、\n<c9916c8>アーチャークイーン</c>を標的へ到達させましょう！
60127989bd6753a1,TID_CLANGAMES_TASK_USE_SUPER_WIZARDS,至高の魔法
3d32ae0d145aa5a7,TID_DAILYLOGIN_DAY,<day>日目
9f84fe76f87dfece,TID_CAPITAL_GRAVEYARD_SPELL,スケルトンラッシュの呪文
7786fc2c26e26130,TID_POPUP_FRIEND_LIST_TITLE,フレンド
2d1fdca2b3851a46,TID_REINFORCEMENT_CAMP_INFO_SHORT,ヒーローは遅れてやってくる！最初のエリア後で援軍ユニットが追加されます。
c6a325cb6a0308d0,TID_DONATION_REQUEST_TAP_TO_EDIT,タップで援軍のリクエストを選びましょう
0fdd8136679d8a1b,TID_CONFIRM_SKIN_PURCHASE_TITLE,スキンを購入！
30b3cb495397ffed,TID_CHANGE_NAME_TITLE,名前変更
1d64338f4be685e8,TID_CLANBADGE_LAYER_1,柄
3dfa190f4a87a0d9,TID_UPGRADE_INFO_DPS,毎秒ダメージ（+<num>）<old>
fdc9b7e104e1735b,TID_TOWN_HALL_2_INFO_SHORT,ここで基礎を学びましょう！
9dace0369ab13375,TID_WARS_WON,クラン対戦勝利回数
9a3276b051e11b68,TID_CAPBUILD_CANNON_INFO,連射速度こそ遅いものの、かなりの威力を誇ります。\n弱点を挙げるとすれば、空中の敵を攻撃できるほど上を狙えないことでしょう。
38d99eb380771ee3,TID_WL_LEADERBOARD_BRACKET_POS1,グループ1位
9d3c86c40e2b0c0e,TID_EVENT_PASS_PACKAGE,イベントパス
09646d0e4a7ba730,TID_DECO_CWL_SHIELD,リーグシールド
b81eb9b44abae7c0,TID_WITCH_GOLEM_ABILITY_HELP,数秒おきにスケルトン部隊を召喚します。倒されるとビッグボーイが現れます。
1fc4c9335c455e1c,TID_SUPPORTING_CURRENT,支援中：<name>
fb6754ea45e412ac,TID_UPGRADE_INFO_ATTACK_SPEED,攻撃速度（<num>秒）<old>
bfe2563035c69b13,TID_WARNING_WAR_MEMBER_NOT_IN_CLAN,このプレイヤーは、現在クランに所属していません。
02c8df1745125d3f,TID_BOOSTER_FREE_TROOP_UPGRADE_INFO,この魔法のハンマーを振ると、どんなユニットでも次のレベルへ瞬時にアップグレードできます。どちらの村でも使用可能です！
7715a60cd44afb54,TID_BUILDING_XBOW2_INFO,巨大クロスボウは絶大な威力を誇る矢を発射します。地上または空中ユニットのどちらか一方をターゲットに設定できます。
0f3bd5e6477e2479,TID_HINT_SPELL_EARTHQUAKE2,「アースクエイク」の呪文を同じ施設や設備に繰り返し使うと、ダメージは少な目になります。
0caad5032113f44b,TID_SPEEDUP_INFO,重装ユニットにも瞬発力を！\n\n「ヘイスト」の呪文には「レイジ」の呪文のようなダメージブーストはありませんが、移動速度を大幅に上昇させます。また呪文の収容スペースが小さいため、より多くの呪文を戦場に持ち込めます！
4fefc6429f0994c9,TID_MAINTENANCE_ESTIMATED_MINUTES,<value>分後に再度お試しください。
e98e3904dc7091a9,TID_NPC_CHALLENGE_TH8_GOWIPE_FUNNEL_PEKKAS,<c54a0fe>P.E.K.K.Aを2体</c>配置して、\n村を横から攻め崩しましょう。
fc16871fecb4ee7d,TID_CHAT_BANNED_PERIOD_OF,グローバルチャットではしばらく発言できません。残り：
176f39a707ebb2b7,TID_TRAIN_TUTORIAL_ARROW,長押し
b83fd4ec1377ae49,TID_INFO_ACTIVATION_TYPE_HIT_BUILDING_IN_RANGE,射程内の建物が攻撃される
0bcc351b2c7db1a1,TID_ACHIEVEMENT_LOOT_ELIXIR_TITLE,エリクサーさくさく
5c50a480e9f146e3,TID_NOTIFICATION_FORGE_COMPLETE,造幣所で都ゴールドを回収できます！
79d28756e5ddab2d,TID_CLANGAMES_TASK_INFO_WIN_STARS_VS_TITANLEAGUE,マルチプレイで、タイタンリーグのプレイヤーから星を<num>個獲得する。
ebdf9af444bb1753,TID_CLANPERK_DESC_DONATION_UPGRADE_VALUE_PLURAL,<value>レベル
5c4f600d42d6bc43,TID_ALLIANCE_WAR_STARS_WON,星
280cfad4e599d216,TID_CHALLENGE_PROGRESS,チャレンジ進行状況
b7d146c53997cf98,TID_ACHIEVEMENT_DESTROY_INFERNO,マルチプレイで通算<number>個のインフェルノタワーを破壊する。
f5fc16048150bafc,TID_RES_PACK_SPECIAL,資源パック
c8709a88de18b952,TID_SINGLE_PLAYER_AVAILABLE_LOOT,戦利品
c5c7cf21f58c75b9,TID_SETTING_SHOW_LEADERBOARDS_INFO,この項目を「オン」にすると、自分がランキングに表示されて他のプレイヤーから見えるようになります。「オフ」にするとランキングには表示されず、他のプレイヤーから見えなくなります。
a4fd6b9461aad039,TID_HINT_FORUMS,クラッシュ・オブ・クランの公式フォーラムに参加しましょう！詳細は「オプション設定」から「その他」をご覧ください。
c78d01561053fa25,TID_UNDERAGE_PLAYER_PLAYTIME_ENDING_SOON_WARNING_KUNLUN,根据国家防沉迷通知的相关要求，未成年玩家仅能在\q周五、周六、周日和法定节假日每日20时至21时登录游戏\q，其他时间无法游戏，今日可游戏时间剩余<num>分钟。请您注意休息。
6558e75b3ae1b9df,TID_BATTLEPASS_TASK_INFO_USE_SIEGEZEPPELINS,突撃艦を使い、マルチプレイで<num>個の星を獲得する。
42daf305df2ee06e,TID_GEM_MINE_INFO_SHORT,貴重なエメラルドを地中から直接採掘します。
d8aba684f28930fc,TID_NEWS_RABBIT_TEXT,ファイヤーボールだけがウィザードの技じゃないんです。他にどんなスゴ技が使えるかと言うと...
00b89f84620107c9,TID_OPTIONAL_AVAILABLE,クラッシュ・オブ・クランの新しいバージョンが利用可能です。ゲームをアップデートして、より充実したコンテンツをお楽しみください。
163f5d65eef48fcc,TID_ATTACK_IN_PROGRESS_WITH_NAME,<name>が攻撃中
65549d7311fb1c4d,TID_HINT_USE_SPELLS,呪文はうまく使えば戦いの流れを大きく変えることができます。うまく使いこなしましょう！
48e62eda0b72a800,TID_PLAYER_SEARCH_RESTRICTED,プレイヤープロフィールをロードできませんでした。
b92bcc01ff08ec09,TID_MAP_LOCATION_15,女王の安息所
506937b782d716f9,TID_DIAMOND_BUNDLE_MAGICITEMS_SPELL_BOOK_INFO,• <gems>エメラルド\n• 呪文の本<booster1>冊\n• 収容量制限なし！\n\n呪文の本を使って、どんな呪文アップグレードも瞬時に完了しよう！\n\nこのチャンスをお見逃しなく！
6d6eab5ceeb3e6fe,TID_GEAR_TITLE_LIFE_GEM,ライフエメラルド
1d98972ed78e2ab6,TID_FAMILY_FRIENDLY,年齢制限なしのクラン
a0dec9f4cddf68a9,TID_OTHER_SPELL_LEFT,別の呪文を選択してください
356d0fb8585d504d,TID_ELIXIR,エリクサー
38dbf32150771ee3,TID_WL_LEADERBOARD_BRACKET_POS2,グループ2位
85759003c1df4109,TID_SIEGE_MACHINES_OVERVIEW,概要
a8ae241437605182,TID_ALLIANCE_GAMES_RESHUFFLE_BUTTON,再シャッフル
66fd9d42eb108bb7,TID_TENCENT_USER_PRIVACY_POPUP_TEXT_2,尊敬的用户，您需要详细阅读并同意<TOS>、<PP>、<CHILDREN>、<THIRDPARTY>，才可进入游戏哦。
6103c62169b5b88f,TID_SHIELD_NONE,なし
a2a1b2906fb83d85,TID_CHARACTER_INFO_ELITE_GOBLIN,スニークゴブリンは、投入されてもしばらく誰にも気づかれません。普段のゴブリンは、資源を盗むときに大きな音を立てるため、存在がバレてやられてしまうのです。
a058039cfb7053eb,TID_LEAGUE_BRONZE,ブロンズ
e76e1f721defecb6,TID_BUNDLE_GEMS_CONFIRMATION,<ce53cff><amount>個のエメラルドを受け取りました！</c>
6d0a24441adb640f,TID_FRIENDLY_DISTRICT_CHALLENGE_DETAILS,地区フレンドリー・チャレンジの詳細
57b34744ce88a879,TID_MAX_SUMMONED_UNITS,召喚できるユニット数：<number>
018d4ad6afa96e03,TID_DIAMOND_BUNDLE_MAGICITEMS_BUILDING_BOOK,建物の本パック
c35dc773cc903c2a,TID_CAPBUILD_BARRACKS_DRAGON,スーパードラゴンの兵舎
e6de6070755fc91a,TID_CLANBADGE_LAYER_2,ボーダー
efdf7b482f212f56,TID_GIFT_CLAIM_FAILED_RECENTLY_CHANGED_CLAN,最近クランを変更したため、ギフトを受け取れません！またのちほどお試しください。
bc41c568c6287ccf,TID_WL_PERSONAL_REWARDS,報酬を受け取りました
e37d47a6b28a28d4,TID_STARS_COLLECTED,星：<number>
1b9e4ad48e8b6928,TID_SLOW_SPELL,スローの呪文
eb4d09dcc18e90cb,TID_BIND_TO_NEW_FACEBOOK_ACCOUNT,今プレイ中のゲームをこのFacebookアカウントに関連づけますか？
9f5baeb185eaffa4,TID_CAULDRON_REWARD_INFO2,イベントが終了すると、禁断のエリクサーの大釜をデコレーションとして獲得できます
273b9b4410af17f1,TID_CLAN_GAMES_THEME_NEW_YEAR,新年ゲーム
d5c98645f0e3ed58,TID_CADPA,《部落冲突》适龄提示：\n1）本游戏是一款战争策略类游戏，适用于年满12周岁及以上的用户，建议未成年人在家长监护下使用游戏产品。\n2）本游戏以荒蛮原始的孤岛为背景，讲述了原始部落为生存而相互抗争的故事，涉及的情节、环境、场景均为虚构，不会与现实生活相混淆。游戏玩法基于一定难度的思维判断，设有竞技对抗比赛，鼓励玩家提升和挑战自我。游戏中有基于文字和语音的陌生人社交系统。\n3）根据国家相关要求，游戏中有用户实名认证系统，未通过实名认证的用户不可进入游戏；认证为未成年人的用户除周五、周六、周日及法定节假日每日20时至21时外其他时间均不可进入游戏。\n游戏中部分玩法和道具需要付费。根据腾讯健康系统管理规定，认证为未成年人的用户将接受以\n管理：\n未满12周岁的用户不能付费；12周岁以上未满16周岁的未成年人用户，单次充值金额不得超过50元人民币，每月充值金额累计不得超过200元人民币；16周岁以上的未成年人用户，单次充值金额不得超过100元人民币，每月充值金额累计不得超过400元人民币。\n4）本游戏内所包含的对抗玩法需要玩家进行策略规划和推理判断，有助于帮助玩家提升逻辑思维能力。游戏设有需组队进行的大型团队任务和比赛，鼓励玩家互相配合完成比赛，有助于培养玩家的团队协作能力。游戏提供了丰富的社交系统，包括好友、公会等，玩家之间可以互相交流，互相配合，共同完成游戏任务，有助于促进玩家的社会交流，维持良好的社群关系。
c4ad6c65543264f3,TID_START_RAID,合戦を開始
63a9fd9082ce85da,TID_WAR_DONATE_MESSAGE,支援をもとめる
7ffb13249ded4fff,TID_LOCAL_NOTIFICATION_YOUR_ARMY_IS_READY_ALL,部隊は戦闘準備ができています！
7b3dec66f616984b,TID_GINGERBREAD_WARDEN,ジンジャーブレッド ウォーデン
56a7e24a2e02dbbe,TID_SCENERY_FUTURE,フューチャー
c9cf9fe89504d5d1,TID_LANGUAGE_LOCALIZED_NAME,日本語
1247a9fe1aab3168,TID_RECRUITING,メンバー募集
15d19cfd330f10c8,TID_CLANGAMES_TASK_INFO_WIN_STARS_VS_TOWNHALL_11,マルチプレイで、タウンホールレベル11のプレイヤーから星を<num>個獲得する。
76fd9d4e51f1b984,TID_CLAN_TAG_BASE_DESIGNING,拠点デザイナー
8d31270514f4d6be,TID_NPC_CHALLENGE_TH13_HYBRID_GOLEM,下部の隅には強力な防衛設備がたくさんあります。<c54a0fe>ゴーレム</c>を投入して敵の攻撃を吸収しましょう。
343cc391c5b97d87,TID_ALLIANCE_WAR_MY_TEAM,マイ チーム
9b6071d7f31b1b52,TID_OVERVIEW_TRAIN_PREVIOUS,訓練
ac5c2a041178975e,TID_CHARACTER_INFO_SIEGE_MACHINE_RAM,ウォールバスターには2つの単純な存在意義があります。その進路上にあるすべてのものをなぎ倒すこと、そしてクランの城のユニットを敵の村の中心部に送り込むことです。頑丈な素材で作られており、破壊されるまでかなりの攻撃に耐えます。なお、呪文の影響は受けません。
02342674a8327958,TID_ALLIANCE_GAMES_START_TASK,開始
d3be6e225b3f5b4e,TID_PERSONAL_WAR_PREFERENCE_OUT,参加を希望しない
8c754e9abb5aaf10,TID_CHARACTER_INFO_LIGHTNINGDRAGON_SHORT,上空から戦慄の稲妻を浴びせます。
82a0c9929389507b,TID_MEMBERS_SORTED_BY_ROLE,役職
322c4651df8ac15e,TID_ATTACK_BUTTON,攻撃
4ee4caa50385a44a,TID_ALLIANCE_TYPE_OPEN,誰でも参加可能
04f06ac0956da19c,TID_DONATE,援軍を送る
170d36171fb25033,TID_NEWS_BOMB_TOWER_ARMY_REVAMP_TITLE,訓練を刷新
894037b1a70cf3f4,TID_TIME_SECS,秒
9f377424dfa9f0ac,TID_NATIVE_DIALOG_VERSION_NOT_UP_TO_DATE_STORE_NOT_READY_TITLE,新バージョンにアップデート中
02219dd53609646e,TID_MORTAR_INFO,迫撃砲の攻撃は爆風で多数の敵をまとめて倒すことができます。\n敵に近よられると反撃できないので注意しましょう！
0ee9d8789db27aaa,TID_ALLIANCE_WAR_CANNOT_ATTACK_PREPARATION,攻撃できません。まだクラン対戦の開始前です！
5b7bbd30b1b2f2c2,TID_SPECIAL_OFFER_EASTER_LIMITED_4999,春の特別セール
44f19ac79dc18935,TID_STAR_BONUS_DESCRIPTION,宝庫に星ボーナスの戦利品が届きました！
5110446a8e5a9635,TID_COSMETIC_ESTATE_2X2_SMALL_HUT_INFO,趣のある小さな家です。背の高い人には向きません。
853ebad593a3bf90,TID_HINT_AIRGROUND_MINES,地雷とメガ地雷は、攻撃対象を地上もしくは空中に設定できます。
0a02582d91d42f51,TID_NEXT_REPLAY,次のリプレイ
06233dd0d3ae055e,TID_CHALLENGE_TH9_BABYDQW,怒れるベビーたち
e0b74903ad837e70,TID_LEAGUE_PLATINUM2_SHORT,プラチナII
82b984072b9bd0ff,TID_SUPPORT_CREATOR_INVALID_CODE,クリエイターコードが間違っています。もう一度入力してください。
c7209da47d5e2526,TID_CLANGAMES_TASK_DESTROY_BB_HIDDENTESLA,シビレるサプライズ
e356a1f640d51c6b,TID_CLANGAMES_TASK_INFO_WIN_STARS_VS_TOWNHALL_9,マルチプレイで、タウンホールレベル9のプレイヤーから星を<num>個獲得する。
8c7c972c558829ba,TID_TOWN_HALL_15_INFO_SHORT,魔法と狂気が入り混じっています！
2eba3a2f5e7f7da5,TID_BATTLEPASS_TASK_INFO_START_ANY_UPGRADE,自分の村か大工の拠点で、<num>つの建物アップグレードを開始する。
5463a7bad7fe2215,TID_DISTRICT_BARBARIAN_CAMP,バーバリアンキャンプ
65d810b8b1a2fe26,TID_HALLOWEEN_INFO_SCREEN_TITLE,禁断の合成実験イベントにようこそ！
7af098b1eb2840f2,TID_UPGRADE_FINISH_NOW,アップグレードを完了：
24e0b59d4c47ef10,TID_LEAGUE_CLAY1_SHORT,クレイI
f334042022917340,TID_NEWS_TOS_UPDATE,Supercellのサービス利用規約とプライバシーポリシーが改定されました。ゲーム内の設定画面からご覧いただけますので、必ず目を通してくださいますようお願いいたします。これらの文書は、弊社のゲームを利用する方にとって有益となる情報を含む、お客様と弊社のゲームの関係を定める重要なものです。詳細は、弊社フォーラムにてご確認いただけます。
fdf000ac5fbf7323,TID_TRAP_MINE_INFO,古きよき爆弾トラップほどわかりやすい「立入禁止」のメッセージもないでしょう。
c57479c27097e341,TID_PRODUCTION_CAPACITY,収容量：<number>
a8fdd7a4973a6c3a,TID_WALL_BREAKER,ウォールブレイカー
8aa9747f53085bcd,TID_WL_COLUMN_WARS,対戦
1a26b3f7b858c8d6,TID_ERROR_POP_UP_PERSONAL_BREAK_BUTTON,リロード
fb062276fdd78081,TID_TENCENT_LOGIN_PROMPT_BLOCKED_NONE,ゲーム依存症防止の最新の規定に従い、ゲストアカウントでログインされた場合は、実名認証を完了することができません。また、プレイ可能時間が15日間につき1時間に制限されます。\n\nプレイを続けるには、QQまたはWeChatにログインしたうえで、実名認証を完了していただきますようお願い申し上げます。
009447e7ef5eb67f,TID_UNCLOK_FROM_LABORATORY,ラボからアンロック
0fae39328480eba1,TID_SUPPORT_CREATOR_CODE_SET,<name>の支援を始めました
0b5dbbc7f110475a,TID_RUIN_DESC,長年にわたって放置されてきた設備が、新しく生まれ変わる日を待っています。\n\n<building>レベル<level>から修復が可能になります。
7a854c127d90a75f,TID_BOOSTER_BUILDERS_ALT_2_LINE,大工ポーション
1bd377ea1a0799b8,TID_BUTTON_EQUIP,装備
e85c458fe3bbc653,TID_RAID_SIGNUP_ERROR_EVENT_NOT_ACTIVE,週末合戦が開催されていないため、参加登録できません。
a007eeebab6c5cde,TID_HINT_GIANT_TARGET,ジャイアントは大砲などの防衛設備を優先的にねらいます。
ce415946165eeea7,TID_JOLLY_WARDEN,トナカイ ウォーデン
2ec9b3cf46029d6e,TID_LEGENDS_MP_DEFENCE,防衛
ebb4a5d3cef4725c,TID_ATTACK_FAIL_NEWBIE_PROTECTED,この村のタウンホールはレベルが<number>未満なので、攻撃できません！
a3cc5598d0ce1994,TID_ALLIANCE_WAR_EVENT_25PERCENT_DESTROYED,25％破壊！
6c6b7874ac8dfcc6,TID_REPORT_DONE,感谢您的举报
b7d2c2a7a5a8347f,TID_ACHIEVEMENT_LOOT_GOLD_TITLE,ゴールドごろごろ
1da88dd80cb8933a,TID_TUTORIAL_CLASHOWEEN_EVENT_E2,十分に集めたら、ここでおいしい報酬を手に入れましょう！
d89d7cae9800de3d,TID_TRAP_FREEZE_INFO,敵の攻撃を阻止しましょう。冷徹に！\n\n期間限定で使用可能です
cdff232c03ea05f7,TID_BUTTON_LOCAL_HIGHSCORE,ローカル
da0ebd67d2bbb987,TID_TUTORIAL_REINFORCEMENT_CAMP_INTRO_2,アンタの攻撃が下手だってわけじゃない... 決してそういう意味じゃないが...
80947339c90ff14a,TID_DIAMOND_BUNDLE_TH10_REVISED_INFO,• レベル1インフェルノタワー\n• ヒーローの本<booster1>冊\n• <res0>ダークエリクサー\n• 大工ポーション<booster2>個\n\n建設時間なし、収容量制限なし！\n\nこの<cffec78><value>倍バリュー</c>のパックは、1度限りの特別提供となります！
9b4c662b9f2ca1d7,TID_PET_FROSTY_INFO,フロスティは、まさにクールなペットです。氷の息で敵を凍り付かせるだけでなく、フロストマイトの群れを放って防衛設備の攻撃速度を低下させ、ヒーローを援護します。
50e8398382d70169,TID_DIAMOND_BUNDLE_BH6_ALT,エキスパート大工パック
c27fa78159ffa5f1,TID_CHARACTER_INFO_WIZARD,ウィザードは、戦場で恐るべき威力を発揮します。何人かで連携させれば、地上や空中にいる敵ユニットから建物まで、魔法でいっさいがっさい始末してくれるでしょう！
bcb407f88e3c0266,TID_BUILDING_CUSTOMIZE_CATEGORY_FOOT,壁
d1401e3bf341ffc4,TID_EVENT_TITLE_NOOB_PACK_0099_0299,1度限りの特別セール！
9a0819572ccd7985,TID_ALLIANCE_WAR_STAR_XP,星<num>個を獲得でクランXP<xpnum>を獲得
763252c232ca85b0,TID_NPC_CHALLENGE_TH11_LAVALOON_ICE_GOLEM,<c54a0fe>アイスゴーレム</c>を配置すれば、撃破された時に\n敵の防衛設備を凍結させてくれます。
b3b6c3b614d5f0b5,TID_TRAP_FREEZE,フリーズトラップ
a59bfd6080ed7b25,TID_SHIELD_POPUP_REMOVE_BUTTON,取り除く
901bf55a31342d48,TID_WAR_ATTACK_CONFIRM_TROOPS_TEXT,ユニット：<number>
bb91b33a8a65e1a0,TID_UPGRADE_TASKS_TITLE,アップグレード条件
f40af072fcb36b20,TID_ACHIEVEMENT_VS_BATTLE_TROPHIES,大工の拠点戦で<number>トロフィーに到達する。
d41af52bdc4cd36d,TID_NPC_CHALLENGE_TH8_GOWIPE_HEAL2,<cffe346>ヒールの呪文</c>を使って、\n<c54a0fe>ウィザード</c>を生き残らせましょう！
2cb3c96da2c04bc6,TID_FREE_NAME_CHANGE_INTRO_TEXT,無料の名前変更は1度のみです。以降の変更にはエメラルドが必要となるため、名前はよく考えて選びましょう。
c5f564d58a22a2a2,TID_DECO_COZY_CLAM_INFO,折り畳み式デバイスでのバトル中に、まだ見ぬ宝の山に思いを馳せながらリラックスするのに最適な場所です。
3d651535878175b3,TID_LEGENDS_LEAGUE_DAY_STARTS,次のリーグ日の開始まで：
f53d6ed08b4e5cde,TID_CLAN_TAG_DONATIONS,ユニット寄付
d36df2610f03c297,TID_RAID_WEEKEND_RAIDS_COMPLETED,完了した合戦：
2e35174d61b0db59,TID_TUTORIAL_WAR_LEAGUE_10,ここでは、グループにおける\nクランの戦況を見ることができます。
3c1fb131aeb7af3f,TID_BARB2_ABILITY_HELP,最初の<num>秒間は移動速度とダメージがアップする
28a1296097496ef0,TID_BATTLEPASS_TASK_INFO_USE_DROPSHIPS,降下船を使い、大工の拠点戦で<num>個の星を獲得する。
cd3717bfe10ba82e,TID_TUTORIAL_SELF_DONATING_1,チーフ、都で手に入れた合戦メダルは、ここで使用できます。
58cecefbf0f5cb1a,TID_DPS_INCREASE,毎秒ダメージ上昇：<number>
f193faa2e9a099bf,TID_MORE_HUNGRYAPP,클래시 오브 클랜 공략 및 팁을 지금 바로 공유하세요!
ebea81ddc33ad415,TID_SHIELD_POPUP_GUARD_TITLE,村の護り使用中
a8e3d87856c5547b,TID_POPUP_CANCEL_CLEAR_TITLE,取り除くのをやめますか？
6f5a7d3a0e8f31a1,TID_INVISIBILITY_SPELL_TOWER,タワーインビジブル
f966a96ec5242bb3,TID_ATTACK_VILLAGE2_ATTACK_USED,攻撃できません。すでに攻撃済みです！
562669531546b611,TID_BP_SCENERY_TITLE,背景
b2b7a12cbd75c4ce,TID_HINT_ACCOUNT_SECURITY_2,Supercellの従業員がSupercell IDの認証情報を尋ねることはありません。
70882ab36da5b033,TID_CLANGAMES_TASK_DESTROY_WIZARDTOWERS,ウィザードの塔紛争
a3a23d0c4a1a5ee2,TID_ADVANCED_SEARCH_BUTTON_MORE,検索オプション
8a5c4aa1ab3fce9d,TID_BATTLEPASS_TASK_INFO_WIN_BATTLES_USING_WALL_WRECKER,ウォールバスターを使い、マルチプレイで<num>回勝利する。
34dfb3ded5832c64,TID_PER_WEEKEND,毎週末
931c09e5f1205b68,TID_SPECIAL_OFFER_INFO_BUILDERBASE_ANNIVERSARY_NOTIFICATION,チーフ、特別な大工の拠点の記念セールが始まりました！
147daecc6ad8126e,TID_BP_REACH_NEXT_TH_TEASER,新たなチャレンジはタウンホールレベル<th>で\nアンロックされます
73ab1ba26c791b7a,TID_CAPBUILD_SPEAR_THROWER_INFO,地上と空中の敵に向けて大きな槍を飛ばします。実に恐るべき兵器です。
b665e67d4478ef43,TID_BUNDLE_BUY_CONFIRMATION,<ce53cff><bundle>を入手しました！</c>
dd834bb1189ecc59,TID_INVALID_PLAY_INSTALL,クラッシュ・オブ・クランが正しくインストールされていません。問題を解決するには、Google Play ストアから再インストールしてください。
aede97b84b8a115c,TID_PET_RANGEDATTACKER_INFO_SHORT,電撃の連鎖攻撃でヒーローを空から援護します。
a0902c045430bbec,TID_STARTER_TH3_INFO_JOINCLAN,クランに参加する。クランメンバーになると、強力な援軍ユニットを含むさまざまな特典が発生！
a45f8831d30e2af9,TID_SUPER_MINION,スーパーガーゴイル
caf7f628a57e1082,TID_CAPITAL_RAID_ATTACK_FAILED,地区を攻撃できませんでした
0238bbf63d030a8f,TID_ALLIANCE_WAR_NOT_IN_CLAN,クラン対戦に参戦するには、まずクランに参加してください！
171a3954a3a8f494,TID_VALUE_STICKER_CONTENT,<value>x バリュー
ca8f803b39426798,TID_ROGUE_KING,ならず者 キング
5fa4e423d48f2da0,TID_TOWN_HALL_9_INFO_SHORT,骸骨たちが真骨頂を発揮します！
6c866094ded2551f,TID_DECO_DARK_AGES_DRAGON,ドラゴンヘッド
667446b5d8d23ed0,TID_REVIVE_TIME,ヒーローの延命効果：<number>秒
1e9be496bfe90c49,TID_NEWS_BALANCING_TITLE,
447f7500d12f9c67,TID_DIAMOND_BUNDLE_TH12,タウンホール12パック
896b66245c084a45,TID_REENGAGEMENT_LAB_NO_UPGRADES_NONE_LEFT_1,最近のラボは静かなものです。もう研究をやり尽くしてしまいましたからね。
71eb67bce89dc46a,TID_BATTLE_BUILDER_FEATURE,バトル大工
d1e5e90eed79b9e5,TID_POPUP_EDIT_MODE_COLLECT_TITLE,すべて回収
41064f8eedf7c044,TID_CLAN_AVAILABLE_FOR_RECRUITING_YES,受け取る！
33d84f1869c39e22,TID_STARTER_TH5_INFO_UPGRADEBUILDERHUT,ショップで3つ目の大工の小屋を手に入れる。
c0cde57c7296dacd,TID_BUILDING_REQUIRED,<building>が必要です
c611449128732002,TID_PTE_PERK_RESEARCH_BOOST,研究ブースト
f1ed54aaddbece5f,TID_WAR_INFO_BUTTON,クラン対戦詳細
c1a81a4ad97281b5,TID_TROPHIES,トロフィー：
2061aaf2d0d20c24,TID_BOOSTER_FILL_GOLD_STORAGE_ALT_2_LINE,ゴールドのルーン
e4d53332f959b71a,TID_SIEGE_MACHINE_BALLOON,ロックボマー
89d48f93599aada6,TID_ERROR_POP_UP_WRONG_CLIENT_VERSION_BUTTON,アップデート
ee584394614a0ac3,TID_HASTE,レイジの呪文
8e4de63a98cdda7d,TID_DARK_ELIXIR,ダークエリクサー
36b75237433deca9,TID_BB_LOOT_CART_ALL_COLLECTED,防衛時の報酬：
2fdfbaab6391b11e,TID_COMPLETION_BONUS_INFO2,全報酬を回収しました！
c4a7d50e1bc160d3,TID_BP_PERK_SAVINGS_PAYOUT_DESC,シーズン資源は、マルチプレイの戦闘から戦利品を獲得することで自然と溜まっていきます。シーズンが終わると、その中身を受け取ることができます。
4e8ae522366e29e9,TID_BP_PERK_BUILDING_BOOST_DESC_STARTER,設備の建設とアップグレード、および造幣所での造幣に必要な資源と時間が減少します。
d7e3b944a4811439,TID_ALLIANCE_DONATE_DONATED_TROOPS,援軍：
3ca8bfc36c30fd90,TID_NEWS_BIRTHDAY_TEXT,クラッシュ・オブ・クランもおかげさまで2周年！8月7日まで、全ての資源設備の生産を、施設1棟につきたったの1エメラルドで1週間スピードアップアップできます！
c85680366073d212,TID_CHARACTER_INFO_SNEAKY_ARCHERS,隠密アーチャーの一団が、重要なターゲットを確実に撃破します。もちろん発見されるまでの話ですが...
c08bcf54d7374257,TID_FAQ_BUTTON,ヘルプとサポート
74754b5fdfc6f625,TID_SPELL_FACTORY_VOUCHER_CLAIM_FAILED_ALREADY_CLAIMED,クーポンは回収済みです
9f5ef39df1ce5a97,TID_HINT_SPELL_JUMP,「ジャンプ」の呪文は、味方ユニットが壁を跳び越えて進める一時的な移動経路を作り出します。
712d7ea6b9967930,TID_ARMY_CAMPS,初期ユニット：
d515e238ff42b456,TID_CLANGAMES_TASK_INFO_USE_HEADHUNTERS,<num2>体のストライカーを使い、マルチプレイで<num>個の星を獲得する。
c709fa544660ce53,TID_ACHIEVEMENT_LEAGUE_PROGRESS_1,クリスタルリーグに加入する。
9121945226328061,TID_HEAL,回復：<number>
c360818c3ddfd77e,TID_ERROR_POP_UP_CONNECTION_LOST_TITLE,接続が切断されました
71c7cbd87c3f268f,TID_BOOST_SPELLS_POPUP_TITLE,呪文の生成速度をアップ！
8b642942b11f6485,TID_BUILDING_SCATTERSHOT_INFO,投石機は、近寄る者がいれば誰であれ、ロープで緩く縛った巨大な岩の塊を投げつけます。岩は着地するとバラバラに飛び散るので、背後にいる敵ユニットにまでダメージを与えます。
62fd4354de4f4443,TID_BOMBER_ABILITY,バウンスボム
be5850f16b65fa9f,TID_REDUCE_TIME_BARRACK_TROOP,訓練時間の低減量：
070a98b1be66b54a,TID_HELP_TRAINING_SPELLS_HELP_POPUP,予備の呪文を生成し、部隊に空きができるまでここに保管しておくことができます。
aa416a2d653b0c01,TID_SHOP_CATEGORY_PRIZES,リーグショップ
92b7a57e63b3a497,TID_ERROR_POP_UP_WRONG_CLIENT_VERSION,ゲームの新しいバージョンを\nダウンロードできます！
1c9916635ad63642,TID_NPC_CHALLENGE_TH7_HOG_HEAL1,<c54a0fe>ホグライダー</c>のヒットポイントが低下しています。\n今すぐ<cffe346>ヒールの呪文</c>を使いましょう！
51939755f45c2711,TID_BATTLEPASS_TASK_INFO_DESTROY_ARMYCAMPS,マルチプレイで通算<num>個のアーミーキャンプを破壊する。
91efd90a9ed0aa06,TID_GOLD_STORAGE_INFO,大事なゴールドを置いておく建物です。\nゴブリンたちを近よらせないようにしましょう！\nアップグレードすれば収容量と、\n攻撃に対するしぶとさ（ヒットポイント）が増えます。
9b7a4c7686940c3e,TID_TRAINING_WARRIORS,ユニット：
9f3a96547a9de894,TID_OBSTACLE_POND,池
6d50e70ea3d42cce,TID_NPC9,力押し
04646f04ccc226ec,TID_BATTLECOST,コスト：
c109d60ed61342eb,TID_PET_HEALER,ユニコーン
d6ee6562e528892e,TID_ACHIEVEMENT_DESTROY_XBOW,マルチプレイで通算<number>個の巨大クロスボウを破壊する。
818a353ba5e48f6d,TID_CAPITAL_CLAN_XP_REWARD,クランXP：<number>
314496a03224eded,TID_NPC_CHALLENGE_TH9_BABYDQW_INFO_WAIT,<c9916c8>アーチャークイーン</c>が敵の<cf70d16>ボムタワー</c>を破壊するまで、辛抱強く待ちましょう。
a95fa0a18c6c6734,TID_BOMBER,ボンバー
a3e8d1ad88ecf708,TID_BUTTON_UPGRADE_SELECTION,アップグレードの選択
90f718fa2aa917c6,TID_LINK_SAME_PLATFORM_TITLE,Game Center と同期
b8b4ab91e81d2a2c,TID_NPC82,冷たい炎
bcbc9fcb3bcb8189,TID_POPUP_BOOST_RESEARCH_TITLE,研究をスピードアップ
f03f0e70de7b6d5d,TID_DECORATION_10YEAR_BIRTHDAY_STATUE,ゴブリンキング記念像
69c3d890e0bc2687,TID_NOTIFICATION_EVENTS,イベント
18d144bd0bf94e88,TID_NPC_DEPLOY_STEPS_ON_TITLE,まだ不安ですか？
6892ce9c2bc83930,TID_BUY_PREV_SLOT_FIRST,前のスロットを購入
bf351953a69b6f9d,TID_MORE_FACEBOOK,公式ページをいいね！
844623c020ae4987,TID_VIEW_PROFILE_TAB,プレイヤープロフィール
f730530d38873bd7,TID_CAPITAL_RAID_VISIT_FAILED,地区の偵察に失敗しました
6a0ba65a7b362e9c,TID_DIAMOND_BUNDLE_MAGICITEMS_HERO_BOOK_INFO,• <gems>エメラルド\n• ヒーローの本<booster1>冊\n• 収容量制限なし！\n\nヒーローの本を使って、どんなヒーローアップグレードも瞬時に完了しよう！\n\nこのチャンスをお見逃しなく！
81c0d9e57f5ee085,TID_ALLIANCE_WAR_VISIT_FAILED_UNAVAILABLE,この村は無効なため移動できません！あとでまたお試しください。
712f758bfa3c7127,TID_CLAN_GAMES_CENTRE,フェア会場
85727dc611d94df3,TID_JUMP_SPELL,ジャンプの呪文
b40b17a795cf49fc,TID_CHALLENGE_INFO_2014,クランがついにクラン対戦で戦えるように！ヒーローが特殊能力を獲得し、ラヴァハウンドが登場。
6462ee9400106cdd,TID_EVENT_ARMY_GOWIWI,GoWiWiイベント
62996e69d89d8019,TID_DELETE_ACCOUNT_TITLE,アカウント削除
a34426b7c79ec664,TID_BATTLEPASS_TASK_WIN_BATTLES_USING_SIEGE_BARRACKS,ユニットのデパート
d5d8ac0d6dafd7ae,TID_TERMS_OF_SERVICE_BUTTON,サービス利用規約
3a7362eada03c134,TID_WL_STATS_SELECT_CLASSIC,通常クラン対戦
3e0512fc3894f695,TID_ONGOING_EVENTS,本日のイベント
b21882b840dc815f,TID_ME_BONUS_POINTS_INFO,イベントパスを購入して<soft_currency>を<num>入手しましょう！
656ef622d28b434e,TID_LEGENDS_TODAY_SHIELD_INACTIVE,現在シールドが発動していません。今日は攻撃にも防衛にも参加できます。
8e0cfff96cd989a9,TID_NPC80,最高の焦らし
69f018bfe847fd70,TID_WL_DAY_TITLE,ラウンド<x>
abcd1851cbf5e615,TID_DECORATION_LEAGUE_I_STATUE,マスターの像
7f3d8b414bf2ad38,TID_DECORATION_DOWNARROW_FLAG,集合地点の旗
98389744a228a127,TID_SPECIAL_OFFER_INFO_BUILDERBASE_ANNIVERSARY_4999,• 大工の拠点 ゴールドのルーン<booster1>個\n• 大工の拠点 エリクサーのルーン<booster2>個\n• 戦いの本<booster3>冊\n• 建物の本<booster4>冊\n\n• 収容量制限なし！\n• 4回まで購入できます！\n\nこの素晴らしいパックでアップグレードを進めましょう！
b1655ff02f91baee,TID_DIAMOND_BUNDLE_BH6,ビルダーホール6パック
6e96ff72d66e117b,TID_NPC_CHALLENGE_TH12_DRAGBAT_FREEZE2,残りの<c38eaff>フリーズの呪文</c>と<c9916c8>グランドウォーデンの特殊能力</c>を使って、<cf70d16>タウンホール</c>を確実に落としましょう。
0acb94909144690b,TID_STREAM_ENTRY_AGE,<time>前
a250e9c0585160d2,TID_CLAN_TAG_BUILDER_BASE,大工の拠点
067267472400340c,TID_NPC_CHALLENGE_TH13_HYBRID_ROYAL_CHAMPION,<c9916c8>ロイヤルチャンピオン</c>を投入しましょう。<c54a0fe>ホグライダー</c>と組み合わせるととても強力です。
1eb8000dcd33aee3,TID_EVENT_SPELL_INFO,<troop>を格安で生成しましょう！
d6c224b71641a3b7,TID_SHOP_NEW_ITEM,NEW
8f2b6a0403022056,TID_TRAINING_SLOT_STOPPED,一時停止！
0e6fa2c8ecf9b5af,TID_RAID_WEEKEND,週末合戦
47d1116a6750e270,TID_FIND_NEW_MATCH,新しいマッチ
84d6b9222de82f9f,TID_MAGIC_SCENERY,マジック
53e124e10d169988,TID_JOIN_ALLIANCE_TAB,クランに参加
8f5e533b962d37a7,TID_BATTLEPASS_TASK_INFO_WIN_BATTLES_USING_ELECTRO_TITAN,エレクトロタイタンを使い、マルチプレイで<num>回勝利する。
f1145d8061e4df27,TID_DEVICE_LINK_ERROR_GAME_CENTER_TEXT,デバイスをリンクする際は、Game Centerにログインしてからやり直してください。
cbaa33b682343004,TID_ACHIEVEMENT_DESTROY_SPELL_TOWER,マルチプレイで通算<number>個の呪文タワーを破壊する。
55dc2f3f71621865,TID_GOLEM_SEC,小型ゴーレム
19c2c14e558b5085,TID_ATTACK_FRIEND_BUTTON,チャレンジ
6d994dba5401404c,TID_LEADERBOARDBANNER_PLAYER_REWARD,前回のトーナメントのプレイヤーランキング：\n（以下をタップして詳細表示）
d5027286b7ef8586,TID_BATTLEPASS_TASK_INFO_WIN_BATTLES_USING_DROPSHIPS,<num2>個の降下船を使い、大工の拠点戦で<num>回星1つを獲得する。
3f458a9d4c81c506,TID_CHALLENGE_START_FAILED,チャレンジを開始できませんでした。
75279918dd7464b8,TID_TRAINING_SCREEN_TAB_OVERVIEW,軍事関連
ca3daa93b0aec057,TID_LEAGUE_CHAMPION1,チャンピオンリーグI
44eeed79e66c7ae0,TID_TUTORIAL_TRAIN_2,兵舎をタップして\n「ユニットの訓練」を選んでください。
3b3cb1796c5e904e,TID_GAMES_TASKS_TEXT,チャレンジでは、あなたの様々な能力が試されます。引き受けたチャレンジを時間内にクリアできればクランポイントを獲得します。難易度はそれぞれ違いますので、自分には難しいと思ったら他のクランメンバーに任せましょう。自分にクリアできないチャレンジを選んでしまった場合は、そのチャレンジを破棄することもできますが、新しいチャレンジを開始できるようになるまで待機時間が発生します。
acde4190eba29420,TID_ERROR_POP_UP_OUT_OF_SYNC,クライアントとサーバーの同期がとれていません！バグ修正や調整を含む新しいアップデートが、ご利用のアプリストアに追加されました！
aa7b40075413e4a5,TID_MAX_TROOP_LEVEL,最大レベル
494523bf63573a1e,TID_ALLIANCE_PROMOTE_BUTTON,<role>に任命
696464d8855c14b1,TID_BATTLEPASS_TASK_INFO_USE_GIANTS,ジャイアントを使い、マルチプレイで<num>個の星を獲得する。
883bd6000b755c9d,TID_GEAR_INFO_FROZEN_ARROW,氷の矢を撃ち出して、命中した目標をスローダウンさせます
b215d7f52656303f,TID_GEAR_INFO_HOG_TOTEM,ホグライダーの集団を召喚します
c407aadfded6fe30,TID_TRAP_LOGTRAP_INFO,ローリングウッドにご注意ください。
ed8a8b89e5dcb57c,TID_SUPER_TROOPS_UNLOCK,スーパーユニットはタウンホールレベル<num>で村にやって来ます
7803289bcbad5efb,TID_BOB_HUT,B.O.Bの小屋
b189a5d4f03ae0da,TID_INFO_SPELL_STORAGE,呪文保存数：
61e62d05eded54e0,TID_SHOP_CATEGORY_DECOS,デコレーション
aefed5a6a5520ffe,TID_ACHIEVEMENT_DESTROY_MORTARS,マルチプレイで通算<number>個の迫撃砲を破壊する。
7d18615ff278cbbd,TID_NOT_ENOUGH_SPACE_CC,クランの城に十分な空きがありません
6c243d27db0f2848,TID_WAR_LEAGUE_STATS_TITLE,対戦リーグ記録
7eae95c0cb0799c1,TID_BATTLEPASS_TASK_WIN_BATTLES_USING_FREEZE_INFO,フリーズの呪文を使い、マルチプレイで<num>回勝利する。
277bccc82997bea4,TID_HOG_WIZARD_ABILITY_HELP,暗黒の炎で周りの敵にダメージを与えます！
89e677811a5a8a65,TID_QQ_LOGIN_BUTTON,QQログイン
f2494da8f8715b76,TID_NO_FACEBOOK_FRIENDS,クラッシュ・オブ・クランをプレイしているFacebookの友達がみつかりませんでした。
e8ac9d2733e5e09b,TID_TENCENT_RETURN,返回
46d4f3e6701934ef,TID_SHOP_TITLE,ショップ
7e6bb703eb36dc61,TID_FB_TRACKING_TITLE,Facebook ログイン情報
0d8d950c4bd698f9,TID_BATTLEPASS_TASK_INFO_USE_BARBARIANS,バーバリアンを使い、マルチプレイで<num>個の星を獲得する。
3dafa14253f825e1,TID_POPUP_CANCEL_GOBLIN_CONSTRUCTION,<item>の建設をやめますか？ゴブリン大工に支払ったエメラルドは返還されず、資源の<number>％しか戻りません。
7b04c5032d83238f,TID_MAX_MEDALS,メダル合計数
c92077bbf6edfa95,TID_CAPITAL_FRIENDLT_ARMY_DATA_NOT_AVAILABLE,都の部隊のデータが利用可能になるまでお待ちください
aabd07fbf8b83fe6,TID_LEAGUE_STEEL2_SHORT,スチールII
c6464286d3e86842,TID_POPUP_REMOVE_OTHERS_WAR_DONATION_DESCR,このプレイヤーのクランの城から援軍ユニットを削除してもよろしいですか？
fe8c4948bf24f413,TID_STARTER_TH2_INFO_UPGRADEARMYCAMP,アーミーキャンプをレベル<num2>に強化する。
cc69e53fd20dfb8e,TID_LEAGUE_STONE5,ストーンリーグV
91301e9826d15c93,TID_DIAMOND_BUNDLE_DARK_ELIXIR_INFO,• <gems>エメラルド\n• <res0>ダークエリクサー\n\n収容量制限なし！\n\nこの<cffec78><value>xバリュー</c>のセットは、1度きりの限定提供となります！
290a85ff70b0be8a,TID_SETTING_CHANGE_FAILED,設定変更エラーです。あとでまたお試しください。
5cc3bb450ea564cd,TID_WL_PARTICIPANTS_HEADER,リーグ参加者：
49d9c4f2a1398488,TID_TROOPS_USED,投入したユニット：
707af6115417c007,TID_CAPITAL_PLAYGROUND_WALL_EXPLANATION,水面や崖、または地区の外周に隣接する壁には注意することじゃ。地上ユニットはその周辺を移動することはできんからな。
3f7fd5911d9827f4,TID_NEWS_UPDATE_LEGEND_LEAGUE_TITLE,
c34b36da18bfcc6c,TID_POPUP_NO_UPGRADE_SLOTS_TEXT,前のアップグレードを完了して\nこのアップグレードを開始しますか？
3c9633c5cd68c3c2,TID_TUTORIAL_RUINS_1,ふむ。かなり荒廃してしまっているようだな...
83fa61bb71c94aea,TID_NOT_ENOUGH_SPACE_CC_REQUEST,クランの城に十分な空きがありません。他の寄付にスペースが必要です。
cf8b2f48b81c6440,TID_BATTLEPASS_TASK_INFO_WIN_BATTLES_USING_WITCHES,ネクロマンサーを使い、マルチプレイで<num>回勝利する。
236dbea0ed8aaeb6,TID_SETTINGS_SCREEN_TITLE,オプション設定
da76edf63bb343e8,TID_SUPER_HOG_RIDER_ABILITY_INFO,倒されるとホグとライダーが分離して敵を攻撃する
37bc74a0a9cdbf31,TID_LEAGUE_SIZE,リーグ：<num>人のメンバーを選択済み
a2511d591a9d34c4,TID_ACHIEVEMENT_CLAN_GAMES_POINTS_TITLE_III,ゲームチャンピオンIII
5e6e07ec7af6fe55,TID_CLAN_SEARCH_OPTIONS,さらに\n絞り込む
9cdd1d3754e1bdce,TID_GIFT_NOT_AVAILABLE_IN_MODE,ホームに戻ってギフトを受け取りましょう！
245c093247a165e9,TID_NOTIFICATION_RESOURCES,資源と今日のボーナス
0e3e6f3cd68c590a,TID_SUPER_TROOP_LIMIT_REACHED,スーパーユニットはこれ以上選べません
639cf9c99a3cff96,TID_WL_BONUSES_SENDING_FAILED_OTHER_PLAYER_SENT,ボーナスはすでに他のプレイヤーが支給済みです。
bce594f4c3102da1,TID_BATTLEPASS_TASK_INFO_USE_BETAMINIONS,ベータガーゴイルを使い、大工の拠点戦で<num>個の星を獲得する。
a4f0aca43d36e7b0,TID_DEVICE_LINKED_MAIL_ITEM,新しいデバイスが村に関連づけされました。
82f90921e66c1ea0,TID_TUTORIAL_WAR_MAP_FRIENDLY_2,敵は戦いに飢えています。しかし、我らのクランも戦いの準備が整っていますよ！
12fd3eace924ea7a,TID_DIAMOND_BUNDLE_TH7_UPDATED_INFO,• テスラ（レベル2）\n• バーバリアンキング\n• <res0>ダークエリクサー\n• <res1>ゴールド\n\n収容量制限なし！\n\nこの初回限定<cffec78><value>倍バリューチャンス</c>をお見逃しなく！
adfcaeab0f7b2e33,TID_EP_MULTIPLE_REWARD_FORMAT,<reward> x<num>
048e8467aa0b098f,TID_DISTRICT_SKULL_YARD,スケルトンパーク
617c6c9b28978608,TID_PET_ABILITY_SPIRIT_FOX,スピリットウォーク
065219e9a8af83fd,TID_PREPARATION_DAY_DURATION,準備期間
a25acde81bb0208d,TID_MOUNTAIN_GOLEM_ABILITY_INFO,指先だけで、あらゆる壁を破壊する
6fad510e94d2f791,TID_BOOKMARK_ADDED,ブックマークを追加しました
0b51d4b2a64d836f,TID_CLANGAMES_TASK_GET_HOMEBATTLESTARS,星コレクター
56cfb6c69e4066c6,TID_CLANGAMES_TASK_GET_LEVELKILLS_VS_ARCHERQUEEN,クイーンレベルハンター
65a520d436a1052c,TID_WARRIOR_WARDEN,戦士 ウォーデン
72da23bb7260c4e1,TID_UI_TOP_VIEWERS_TITLE,観戦者：
e3d3bf41faaab021,TID_HINT_SPELL_HEALING,「ヒール」の呪文は回復の輪を作り出し、その中にいる味方ユニットが受けたダメージを回復させます。
5c64a011dccc9801,TID_BATTLEPASS_TASK_INFO_WIN_BATTLES_USING_GIANTS,ジャイアントを使い、マルチプレイで<num>回勝利する。
cb3c35cf4f082ca0,TID_BATTLEPASS_TASK_WIN_BATTLES_USING_BOXERGIANTS,すべてにパンチ！
fb6a31e9770fabad,TID_BUTTON_ENERGIZE,回復
279b0013ead3467f,TID_NATIVE_DIALOG_VERSION_NOT_UP_TO_DATE_STORE_NOT_READY_MESSAGE,現在、クラッシュ・オブ・クランを新バージョンにアップデート中です。準備はまもなく整います。しばらくしてからもう一度ご確認ください！
5b98a6869901890a,TID_NPC_CHALLENGE_HEALERS_TO_SUPPORT_QUEEN,<c54a0fe>ヒーラー</c>を投入して、\n<c9916c8>アーチャークイーン</c>を援護しましょう。
e1a6e8ac4ece6329,TID_PET_ABILITY_INFO_BULLDOZER,壁に追加ダメージを与える
1b5553e38c0c3c88,TID_BP_REWARD_LOCKED_NOT_ENOUGH_POINTS_AND_NEED_PREMIUM,この報酬をアンロックするには\nあと<num>ポイントとゴールドパスが必要です。
1386e35a0b52f618,TID_BP_TASK_AVAILABLE_IN,チャレンジはあと<time>で公開されます
aa0abfe3274a7799,TID_BUILDING_CUSTOMIZE_BUTTON,カスタマイズ
40000f7d6cc69959,TID_WL_INFO_SIGNUP_TAB0_HEADER,概要
5c59f91426fb4902,TID_REPORT_LAYOUT,举报排版
de8c4d248e3b0233,TID_NO_BOOKMARKS,ブックマークしているクランがありません。\n\nクランの情報画面でブックマークに追加できます。
1bd8eb00d12f9a07,TID_DIAMOND_BUNDLE_TH14,タウンホール14パック
ab683c68e5ad9498,TID_DECO_DEAD_TREE,枯れ木
8d697ff720c25634,TID_DECO_QUARRY_5,採石場
2014cd91db2b8f6d,TID_PRIMAL_CHAMPION,古代 チャンピオン
c12f3fa546043c2f,TID_DEMOTE_TO_MEMBER_CONFIRMATION_TITLE,降格しますか？
5f7e3d356948bfb9,TID_CLAN_TAG_ACTIVE_DAILY,毎日活動
7f6141a1dc271172,TID_SHOP_CATEGORY_DEFENSE_BUILDINGS,防衛設備
d9316bc0d12f67b4,TID_XP_TITLE_UNLOCK_PUZZLEANDDRAGONS,やりましたね、チーフ！
0a1612f64ddce84e,TID_CLANGAMES_TASK_GET_BUILDERBATTLEDESTRUCTION,拠点の破壊者
d285f46280053477,TID_NPC_CHALLENGE_TH7_MINION_RAGE1,<cf07bf8>レイジの呪文</c>を使って、<c54a0fe>エアバルーン</c>をより速く、\nより強烈にしましょう！
53f0dade26434a3a,TID_SUPER_BOWLER_ABILITY_NAME,ターキー
a80ec979d069105b,TID_CHAT_JUST_DISABLED,他のプレイヤーから、問題のある発言をしていたと報告があったため、<time>にわたってチャットが使用できなくなりました。
fee94a024bc64687,TID_EVENT_CHRISTMAS_SPELL_UPCOMING,クラッシュマス1日目！
14cf39a9557bac12,TID_PIRATE_CHAMPION,海賊 チャンピオン
5a7284c091f08244,TID_BATTLEPASS_TASK_INFO_UPGRADE_HOME_WALL,自分の村で壁を<num>個アップグレードする。
816fe5cadd7c6bd9,TID_CLASHOWEEN_BUILDING_INFO,この不気味な大釜は、エリクサータンクの中身を禁断のエリクサーに変換します。最近、大工の様子がおかしいと思っていましたが、こんなものを作っていたとは... いつか元に戻ってくれるといいのですが...
02a3619227a72e37,TID_INFO_DAMAGE_TYPE_MULTIPLE,複数同時攻撃
471df2c677647843,TID_LEGEND_SEASON_END_TROPHY_RESET,新たなレジェンドリーグトーナメントの開始に伴い、トロフィー数が<value>にリセットされました。
797db8c5cd2cf0bb,TID_BATTLEPASS_TASK_INFO_GET_CLANGAMES_POINTS,クランゲームで<num>ポイントを獲得する。
7dadc235103adcba,TID_PROFILE_LEGEND_RANK_INLINE,<value>位に入賞
113ffc34e27ce011,TID_EVENT_BOOSTS,イベントブースト
1e7e1db20d0c3b83,TID_ALLIANCE_REJECT_DEFAULT_MESSAGE,クランへの参加リクエストが拒否されました。
48efb2b0cfdb3904,TID_AVATAR_MESSAGE_TEXT_LAYOUTS_SCRAMBLED,村のレイアウトに不適切な点が見つかったため、レイアウトがリセットされました。今後同様の疑いがあった場合には、停止処分となる場合があります！\n不適切な村のレイアウトに関する詳細は以下をタップしてください。
a9991b86d6ab33af,TID_DIAMOND_BUNDLE_TH6,タウンホール６パック
d3e30128c878a1c3,TID_CAPITAL_RAID_DEFENSE_MEDALS_ALT_GEMS_RECEIVED,週末合戦の防衛報酬として、<num>エメラルドを受け取りました
b7301d0d73d1abb4,TID_LEGEND_SIGN_UP_FAILED,現在レジェンドリーグに参加できません。後ほどお試しください。
343530d454f8e77f,TID_DEVICE_LINK_ERROR_INVALID_LINK_CODE_TEXT,入力したコードが間違っているか、期限切れになっています。もう一つのデバイスに表示されているコードを確認してください。\n\n戻る矢印をタップして再試行してください。\n\n注意：コードは一度しか使えず、<time>で期限が切れます。関連づけ画面を出てから入り直すことで新しいコードが入手できます。
d64a771396e256ef,TID_OVERQUEUE_HELPER_SPELLS,これらの呪文は、空きスペースがあれば参加します！
1c29f2291fc478c7,TID_POPUP_GOBLIN_HELPER_TEXT,チーフ！建設や研究の手伝いが必要でしたら、声をかけてください！エメラルドをちょっぴりいただけますけどね！
90bbfad9a91c4f0a,TID_BUILDING_BOMB_TOWER_INFO,ボムタワーは、付近の地上ユニットを爆弾で攻撃し\n破壊されると大爆発を起こします！\n近接攻撃ユニットは、近づかない方が無難です！
9a383ebd3ecd0b38,TID_ALLIANCE_WAR_AVAILABLE_BONUS,対戦勝利ボーナス
50b34de13ef4d5d2,TID_ATTACK,攻撃
f4fa8b5502c4e73b,TID_RAID_WEEKEND_STARTS_IN,週末合戦開始まで：<time>
e0883e4dba6be5da,TID_STARTER_TH3_TRAINLABORATORY,部隊強化
4cd657f4cab6d83f,TID_CLAN_TAG_FRIENDLY,フレンドリー
6772723cee1f7212,TID_ATTACK_SPEED,攻撃速度：<number>
e158f279c6138de5,TID_EVENT_STAR_BONUS,<starbonus>x星ボーナス
b356af0c552251a6,TID_HINT_TRADER,村の端に店を構える旅商人は、毎週異なる魔法アイテムを売っています。無料サンプルもお見逃しなく！
6f592744c143c181,TID_UPGRADE_COUNT_LIMITED,このタイプの建物は、あと<num>回アップグレードできます
2dd97df8fb58ec55,TID_RESOURCE_MAX,最大：
da1918c7153a954a,TID_HOUSING_VILLAGE2,キャンプごとのユニット数：
3581bf094725af71,TID_DECO_RUIN_TREE_FARM,林業地
8fa143669595dd97,TID_SETTINGS_CLAN_CHAT_FILTER,クランチャットのフィルタリング
2788b79dbe7bed0b,TID_USE_CURRENT_ARMY_AS_FRIENDLY_ARMY,現在の部隊をコピー
e7d2270d86cb80df,TID_DEMOTE_TO_MEMBER_CONFIRMATION,<name>をクランのメンバーに降格しますか？
612c5432dad0d244,TID_EVENT_PASS_PACKAGE_INFO,イベントパスを購入してさらなる報酬にアクセスしましょう
0aa5f5ebdbe22170,TID_ERROR_POP_UP_AUTO_DISCONNECTED_BUTTON,ゲームをリロード
acd2815d79e9c021,TID_CHARACTER_INFO_LUMBERJACK,どこへ行くにもレイジの瓶を持ち歩いており、やられるまで離すつもりはないようです。
58c0f99cc987e28e,TID_VILLAGE_OBJECT_SHIP_INFO,船があれば、新しい場所に\n行くことができます！
d5df3e8fdebf0858,TID_CLANGAMES_TASK_WIN_STARS_USING_CLONE_INFO,クローンの呪文を<num2>回使い、マルチプレイで<num>回勝利する。
ba13b9e9f7db3ea1,TID_SHIELD_SCORE_LIMIT,トロフィーが<number>より\n多い時は使えません
d075813fe126126a,TID_NEWS_TH11_UPDATE_OVERVIEW_TEXT,• ついにタウンホールの最大レベルが11にアップ！超ド級です！\n• グランドウォーデン & イーグル砲：新たな戦術の可能性を広げる、これまでにない強力な新戦力です！\n• ユニットと防衛設備のレベル上限がアップし、呪文をクランの仲間に寄付できるようになりました。\n• シールドで自分の村を守りつつ、いつでも他のプレイヤーの村を攻撃できるようになりました。ただし、タウンホールはしっかり守りましょう！\n• シールドが切れている時にも村の護りがプレイセッションをガード。不意の通信切断でも、村が無防備なままボコボコになることはもうありません！\n• ゴブリンがタウンホールを狙うようになったり、リーグのボーナスと獲得できるトロフィーが豪華になったり、他にも盛り沢山です！
be225df849eea837,TID_SETTING_AUTO_TRAIN,使用したユニットを自動訓練
6a3658188831956b,TID_BATTLE_LOG_OFFENSE,攻撃ログ
311eb5eb0042258f,TID_DOUBLE_CANNON_INFO,二連砲は、一基で二基分の働きをします。敵の頭痛も2倍になるでしょう！
b1bb40663a15fe8f,TID_BUTTON_GENERATE_CODE_TEXT,村を他のAndroid アプリストアに転送しましょう。村を転送することでデータを安全に保つことができます！
ffd8e54f0c2534fb,TID_PUSH_UNDER_ATTACK,村が<attacker>からの攻撃を受けています！
04cd774300324639,TID_GARG2_ABILITY_NAME,パワーショット
6d90fb56a6099b73,TID_TERMS_OF_SERVICE_BUTTON_TENCENT,Tencent Game ライセンス及びサービス契約
f95e552db707bd8f,TID_ERROR_POP_UP_BANNED,一時的に禁止されました！
67b6528049140c47,TID_HEROES_FEATURE_DESCRIPTION,攻撃では先陣を切り、防衛では守備の要になってくれます。
852f5bb4ce1e8c08,TID_ACCOUNT_DELETED_ON_REQUEST_TEXT,このアカウントは削除依頼にもとづいて無効化されました。今後、復旧することはできません。
6987e75817fae92f,TID_TOWN_HALL_7_INFO_SHORT,ヒーローとダークエリクサーの登場です。
5af29eeff671fd1f,TID_WAROPTIN_COUNTIN,参加
ca7e6f8731a6debd,TID_TARGETS_FULL,すでに誰かがこの村への攻撃を宣言しています
43d3789c11ca3bb3,TID_MORE_YOUTUBE,公式チャンネルをチェック！
6a9112bff03ad8dc,TID_CLANGAMES_TASK_BEAT_DARKELIXIRTARGET,ダークエリクサーチャレンジ
f415e52919038309,TID_DEVICE_LINK_ERROR_OLD_DEVICE_NOT_ACTIVE,古いデバイスがアクティブになっていません
a283b08768b4aa21,TID_ERROR_POP_UP_LOGIN_FAILED_15,Android用のアプリストア（<APP_STORE>）からクラッシュ・オブ・クランをインストールして起動すると、自分の村のデータにアクセスできます。
e030fbedfbd36fd2,TID_ENDOFSUMMER_OFFER_INFO_TH0712_0999,• <res0>ダークエリクサー\n• ヒーローの本<booster1>冊 - 実行中のヒーローアップグレードを瞬時に完了します\n\n• 収容量制限なし！\n• このパックの購入は5回限りです！\n\nチャンスは期間限定の今だけです！
1a490ada24bcb95a,TID_EVENT_ARMYSPELL_BOOST,1エメラルドユニットブースト
2a694f920dbc0374,TID_POPUP_BOOST_HERO_REST,ヒーローの回復速度を<time>だけ<multiplier>倍にしますか？
e204d26cec72cb70,TID_WL_INFO_SIGNUP_TAB0_TEXT,<cFCE27F>クラン対戦リーグとは？</c>\n\nクラン対戦リーグは、クランにとって究極の戦場です。リーグは月替わりで、あなたのクランは他の7つのクランと競い合い、その頂点を目指します。クランは7日間にわたって、7つのクランと7つの対戦を行います。最終的に最も多くの星を獲得したクランが上位リーグへ昇格し、その他のクランは同じリーグにとどまるか、または下位リーグへと降格されます。翌月には、再びそのリーグで対戦に参加できます。上位リーグへ進むほど、手に入る報酬と栄光が大きくなります。クランメンバーと共にリーグを駆け上がり、世界一のクランを目指しましょう！
7fc4f4c0cb0ca0ca,TID_DIAMOND_PACK_2,エメラルドの小袋
7cc8b7670514b735,TID_MAP_LOCATION_11,腐海
50a43bd10709e2bc,TID_ALLIANCE_CASTLE_INFO,クランの城の中には宝庫と、クランの仲間から寄付されたユニットや呪文があります。
074da5d51e30ddb4,TID_CHALLENGE_NOT_AVAILABLE_IN_MODE_REPLAY,リプレイを見るにはホームに戻ってください！
b10652d89b816c1f,TID_ERROR_POP_UP_CONNECTION_FAILED_TITLE,接続エラー
ee453f5fdad3b778,TID_CHALLENGE_TH8_GOWIVA,破壊の大旋風
4789414231f6a27e,TID_MAP_LOCATION_22,枯れた湖
b5b0bab7aa5932d8,TID_STUN_TIME,攻撃目標へのスタン効果：<number>秒
7e24c10c6092bcc8,TID_CHALLENGE_TH10_MINER,ディガーマニア
f2fa061454ea897e,TID_TUTORIAL_ATTACK,マジか？掃除と同じぐらい戦いも\n得意だってんなら、オレたちは\nいいチームになれるかもな！
9ae3079db12b1459,TID_CANCEL_WAR_MATCHMAKING_CONFIRMATION_TEXT,検索を中止して再検索を行っても待ち時間は短縮されず、むしろ長くかかることもあり得ます。\n本当に中止してもよろしいですか？
7c7773b29e61741d,TID_CLANGAMES_TASK_BEAT_GOLDTARGET,ゴールドチャレンジ
b53e7653069dbca7,TID_RUINS,廃墟
713b0e40cfed7812,TID_UPGRADE_TIME,アップグレード時間
b2acb8dfbdb214b8,TID_ALLIANCE_WAR_STAT_WINS,攻撃成功回数
01f11a921e5ba9ad,TID_GIFT_CLAIM_FAIL_SERVER,ギフトを受け取れませんでした。しばらく待ってから再度お試しください。
19b555cf6ac37ed4,TID_NPC_CHALLENGE_TH6_GIWIWA_GIANTS,全面攻撃を始める時は、先に<c54a0fe>ジャイアント</c>を配置して\n<c54a0fe>ウィザード</c>を守りましょう！
7d8451d8feb3432f,TID_TUTORIAL_ELIXIR_CART_2,優秀なチーフは、攻守ともに抜かりがないものです。どちらか一辺倒ではダメですよ！
250defbb8f19eefb,TID_PET_DIGGY_INFO_SHORT,防衛設備を攻撃していないときは、地中に隠れています。
c818e34d81cc9c76,TID_CONNECT_WITH_FACEBOOK_BUTTON,Facebookに接続
cd1071ca236d267b,TID_ACHIEVEMENT_DESTROY_XBOW_COMPLETED,破壊した巨大クロスボウの総数：<value>
4bfa0742b187f44a,TID_ACHIEVEMENT_WAR_LOOT_COMPLETED,クラン対戦ボーナスで獲得したゴールド：<value>
3c61df05316010d5,TID_BUILDING_ALLIANCE_CASTLE,クランの城
21251bee104c89c0,TID_ERROR_POP_UP_PURCHASE_FAILED_TITLE,購入に失敗
f811d725af6244f3,TID_TRAP_LOGTRAP,ウッドトラップ
a3cb52e8a0ca4894,TID_ALLIANCE_WAR_EVENT_75PERCENT_DESTROYED,75％破壊！
5e426c799a0dbd39,TID_CHALLENGE_INFO_2018,タウンホール12とライトニングドラゴンが電撃デビュー。さらに突破兵器、クラン対戦リーグ、旅商人の登場によりバトルが一変。
f200706d8e14e45a,TID_WL_INFO_LIVE_TAB1_HEADER,スコアとランキング
3b6e453930e01a47,TID_NPC_CHALLENGE_TH13_HYBRID_SIEGE_BARRACKS,<c54a0fe>投下兵舎</c>を<c54a0fe>ゴーレム</c>の後ろに配置しましょう。
241a52ed89c5342c,TID_ALLIANCE_GAMES_NO_REWARDS_EARNED,あなたのクランが獲得したポイントでは報酬をアンロックできませんでした。
7d4e178ae136445b,TID_ALLIANCE_WAR_FAILED_ATTACKING_SAME_TARGET,同じ相手を攻撃することはできません！
be2e33965548da93,TID_CLANGAMES_TASK_INFO_GET_LEVELKILLS_VS_ALLHEROES,マルチプレイで通算<num>レベル相当のヒーローを倒す。
de539790128f8ed3,TID_HINT_DARK_ELIXIR_BUILDINGS,タウンホールレベル7で、ダークエリクサーの保管や生産が可能になり、ダークエリクサーから生まれるユニットが使えるようになります。
6302c9c7490a6e29,TID_LEAGUE_PLATINUM3,プラチナリーグIII
1a56557dd887eede,TID_CLAN_IS_ALREADY_IN_WAR,クランはすでに対戦中です
2b1e8d86d6ab33a1,TID_DIAMOND_BUNDLE_TH8,タウンホール８パック
fadfb7a0f47baf4a,TID_CLANBADGE_LAYER_0,背景
a91445b7e1593e54,TID_SIEGE_CART,移動キャノン
6f1814a8c6302ae4,TID_FLYING_FORTRESS,飛空城
f7d6b295c9ae6c5f,TID_POPUP_UPGRADE_TITLE,レベル<number>にアップグレードしますか？
d8c8b4cdf151d7e3,TID_TUTORIAL_PETS_1,さっそく見てみましょう！
bac7293908f9a6f5,TID_CLANGAMES_TASK_INFO_DESTROY_SCATTERSHOT,マルチプレイで通算<num>個の<building>を破壊する。
f8fe31b09152419e,TID_ADVANCED_SEARCH_BUTTON_LESS,検索オプション非表示
dfcc3f7a6dc71672,TID_DRAGON,ドラゴン
9891ef8367704229,TID_PRIVACY_POLICY_BUTTON_TENCENT,Tencent Game プライバシー保護ガイドライン
c360993614e5286d,TID_HERO_ABILITY_BARBARIAN_DESC,バーバリアンキングが激怒すると、体力が大幅に回復し、速度と攻撃力が一時的に上昇します。また、レイジバーバリアンの集団も召喚されて戦いに加勢します！
28cbafbf8eb684a7,TID_ALLIANCE_INVITATION_FAILED_AVATAR_HAS_TOO_MANY_INVITES,プレイヤーの受信トレイがいっぱいなので招待できません。
66fe5036bb93dc18,TID_OBSTACLE_LNY_LANTERN_2023,ウサギのランタン
e77a031a7bd421c3,TID_SHARE,リプレイを共有
55c56b5855dbe622,TID_PET_FROSTY_INFO_SHORT,絶対零度のお供と一緒に敵を凍らせます。
213fbcde74a9e643,TID_REPORT_REASON_POLITICAL,政治敏感性
c332d62cbb723076,TID_DIAMOND_BUNDLE_TH10_ALT_REVISED_INFO,• 建物の本<booster1>冊\n• ヒーローの本<booster2>冊\n• <res0>ゴールド\n• <res1>エリクサー\n\n収容量制限なし！\n\nこの<cffec78><value>倍バリュー</c>のパックは、1度限りの特別提供となります！
c75515dbe9855906,TID_HINT_HERO_GRAND_WARDEN_MODE,飛行ユニットをお使いですか？グランドウォーデンにも飛んでもらいましょう！
64d6993b5d03e47e,TID_DIAMOND_BUNDLE_MAGICITEMS_STRENGTH_POTION,パワーポーションパック
8c42c4f3746e9359,TID_PLAYER_PROFILE_HEROES,ヒーロー
6606969412f96bb8,TID_NPC_CHALLENGE_TH12_DRAGBAT_ICE_GOLEMS,<c9916c8>アーチャークイーン</c>の盾として、\n<c54a0fe>アイスゴーレム</c>を投入しましょう。
2035a48901bbfcf0,TID_BB_DEFENCE_REWARD_CANT_COLLECT,回収できる報酬がありません
e574731325beb569,TID_BOOSTER_FINISH_BUILDING_UPGRADE_OFFER_INFO,建物の本<num>冊 - 実行中の建物アップグレードを瞬時に完了します
d1fed9ec35b7200b,TID_CLANGAMES_TASK_INFO_DESTROY_BB_OUTPOST,大工の拠点戦で通算<num>個の<building>を破壊する。
408417ffe567e5cc,TID_DECO_RUIN_RIVERSIDE_FOREST,川のほとりの森
45cb7c839365661f,TID_WARRIOR_CHAMPION,戦士 チャンピオン
a1428c7a28608f1d,TID_CHALLENGE_TH10_BOBAT,コウモリとボウリング
010f50565449a7a2,TID_USE_ATTACK_CODE_BUTTON,チャレンジコードを使う
5e83f6879d188406,TID_LEAGUE_CRYSTAL2_SHORT,クリスタルII
096e2cbfff9f6ff0,TID_NPC61,燃える恋心
7a2cd994d09b102f,TID_UPGRADE_INFO_SPAWNED_UNITS,発生ユニット数（+<num>）<old>
1d31838aef19bd49,TID_AVATAR_MESSAGE_CLAN_WAR_COOLDOWN_WARNING,問題のある言動が確認されたため、あなたのクランおよびゲームアカウントは、クラン対戦へのアクセスを一時的に禁止されました。
883cba8ba1cbd43a,TID_CLANGAMES_TASK_INFO_GET_KILLS_VS_ARCHERQUEEN,マルチプレイで敵のアーチャークイーンを<num>回倒す。
4c8702eb461cbcd5,TID_LEAGUE_SHUFLES,リーグの入れ替わりまで：<league_shufle_time>
a9b691e8dcc94aef,TID_NPC21,ダニーボーイ
22a81cbc8d07f42a,TID_WATCH_LIVE_REPLAY,ライブリプレイを見る
492e8a871ad91f33,TID_CAPITAL_GOLD_INFO,都ゴールドは、都の合戦における攻撃や造幣所から獲得できます。都のアップグレードに使用しましょう。
dadba8cefb0eff84,TID_NPC_CHALLENGE_TH7_HOG_BARBARIAN_KING,<c9916c8>バーバリアンキング</c>を配置して、\n相手のバーバリアンキングに対処してください。\nさもなくば<c54a0fe>ホグライダー</c>がやられてしまいます。
071638d520783573,TID_ACHIEVEMENT_DESTROY_SCATTERSHOT_COMPLETED,破壊した投石機の総数：<value>
a1c3189905ac4420,TID_GOBLIN_QUEEN,ゴブリン クイーン
6d8ada76144e87c3,TID_LAST_ONLINE_ONE_DAY_AGO,1日前にプレイ
1897b6c33adfb883,TID_SURRENDER_POPUP_TEXT,チーフ、退却命令を出しますか？\n戦いに負けてしまいますよ？
db021b67fae906d2,TID_GEAR_TITLE_BARBARIAN_CROWN,バーバリアン人形
829a45914b29771d,TID_ELDER_KICK_FAIL_COOLDOWN,あなたはクランからメンバーを外したばかりです。<time>待ってから再試行してください。
ec3c5208569beb0c,TID_SPELL_DUPLICATE_HOUSING,クローン能力：<number>
71bb82428d3ee3b9,TID_TROOP_ALREADY_AT_MAX_LEVEL,このユニットはすでに最大レベルです！
d31eb9c787236e94,TID_UNLOCK_SPELL_FORGE_SPELL,<name>をアンロック
00d3d1ac93206b52,TID_NPC42,凍てつくように
f560599a950cf61b,TID_BATTLEPASS_TASK_WIN_STARS_USING_POISON_INFO,ポイズンの呪文を使い、マルチプレイで<num>個の星を獲得する。
7f7c24d78b7c77f8,TID_DECO_HOG_PEN,ホグの囲い
0124d0aa9c8772b8,TID_REPAIR_CLAN_CASTLE_TITLE,クランの城を修復
0169ae00d12f9b17,TID_DIAMOND_BUNDLE_TH15,タウンホール15パック
2e65f3d601d95888,TID_MAP_LOCATION_24,スペルタウン
ae3ed21a3c874eb6,TID_UNLOCK_PET,<name>をアンロック
18d37b9eda117fa4,TID_BATTLEPASS_TASK_INFO_USE_DRAGONS,ドラゴンを使い、マルチプレイで<num>個の星を獲得する。
0af0b0475ae8df22,TID_CLAN_GAMES_THEME_BIRTHDAY,バースデーゲーム
a52f9a194a74a11c,TID_TITLE_SHARE_REPLAY,リプレイを共有
2a4b7c0e3cf3a20c,TID_TEST_PACK_RES_FOR_BOTH_VILLAGES,双方の村がタウンホールから獲得できる資源のテストパック
7552f434a641d722,TID_SELECT_LEAGUE_PARTICIPANTS,リーグ参加者の選択
c9c940fb2958bc95,TID_POPUP_BOOST_ALL_BARRACKS_BOOSTER,兵舎および呪文工場<number>棟における訓練および生成速度を<time>だけ<multiplier>倍にしますか？
d1d97e600690b6e4,TID_PURCHASE_LIMIT_TEXT,誤って購入しすぎないための待ち時間：
00c3eb4f3e5ffedb,TID_EP_PURCHASE_BONUS,ボーナス
be4386e0edf7361a,TID_ACHIEVEMENTS_INFO,達成項目はGame Centerからも確認できます
0db7e08cd74925a9,TID_HINT_PUSH_TRAP,押し出しトラップは、敵ユニットを指定の方向に押し出すことができます。
4cac8aa7dc381285,TID_FINISH_BUTTON,完了
0765b2c0af23b561,TID_TENCENT_DOLPHIN_DOWNLOADING_77,更新校验差异文件
764d81df6ad8f7e0,TID_NPC_CHALLENGE_TH12_YETI_STONE_SLAMMER,<c54a0fe>ロックボマー</c>を投入してこのサイドを一掃しましょう。<c54a0fe>ロックボマーには、8体のエアバルーン</c>が入っています。
30811a0310382fda,TID_CLANGAMES_TASK_INFO_USE_CANNONCARTS,<num2>個の移動砲台を使い、大工の拠点戦で<num>個の星を獲得する。
6874b59ddf83084c,TID_BATTLE_LOG_COL_2,奪われた資源：
6a92aac9de75f84b,TID_CREATE_SKELETONS_SPELL,スケルトンの呪文
1f56e816688f1a9c,TID_STREAM_SHARED_LAYOUT_BUILDER_BASE,ビルダーホール<num>のレイアウトを共有しました
60756282fd4b4f8a,TID_TENCENT_DOLPHIN_ERROR_2,网络超时，请在网络环境正常下重启游戏。
d3964b124500f1e7,TID_BUTTON_TREASURY2,魔法アイテム
f369ade538753fc7,TID_WAITING_FOR_ENEMY,対戦相手を待っています
b00d0f5e5b596262,TID_HERO_ABILITY_USED,既に能力を使用しています！
c1d30c045e4b79ef,TID_SHOP_CATEGORY_DIAMONDS,エメラルド
723365885bf672eb,TID_PTE_REWARD_LOCKED_NOT_ENOUGH_POINTS,この報酬をアンロックするには\n<soft_currency>があと<num>必要です。
51852364d1900a77,TID_BOOKMARK_REMOVED,ブックマークを削除しました
55d55e5af7da86cd,TID_CLAN_LOCALE,クランの所在地：
3ba6a7fe99149ffa,TID_YOU_LOST,敗北
4f6b52d1e1466570,TID_CANCEL_HERO_BOOST_CONFIRMATION,ヒーローをアップグレードすると回復速度アップが終了してしまいます。アップグレードしますか？
593725d3ef889e25,TID_DEVICE_LINK_ERROR_TIMEOUT_TEXT,この関連づけコードの期限が切れています。コードは新しいデバイスに<time>以内に入力する必要があります。\n\n関連づけコード画面に再び入ることですぐに新しいコードが入手できます。
d532320074840932,TID_REGION_CUSTOM5,
ff42a1b3cd88c6bb,TID_ACHIEVEMENT_DESTROY_BUILDER,マルチプレイで通算<number>個の大工の小屋を破壊する。
33aebd372c858e2c,TID_LEAGUE_COPPER5,コッパーリーグV
ee0b8305aa612aa6,TID_BUILDER_HALL_8_INFO_SHORT,電撃が流れるほどショッキングな新ホールです。
3a7b82ed0dff17d2,TID_DIAMOND_BUNDLE_TH5_INFO,• <gems>エメラルド\n• <res0>ゴールド\n• レベル1ウィザードの塔\n\n建設時間なし、収容量制限なし！\n\nこの<cffec78><value>倍バリュー</c>のパックは、1度限りの特別提供となります！
7cf5e56a4c336767,TID_BATTLEPASS_TASK_WIN_STARS_USING_HASTE_INFO,ヘイストの呪文を使い、マルチプレイで<num>個の星を獲得する。
e08e1fd9f3d74aad,TID_CLANGAMES_TASK_INFO_USE_BABYDRAGONS2,<num2>体のベビードラゴンを使い、大工の拠点戦で<num>個の星を獲得する。
7748f3d12eceae8d,TID_BUTTON_ATTACK_MODE_GROUND,地上
6144c2a1afa9900a,TID_TRAP_BOMB,爆弾
3fbdea060a92b082,TID_LEAGUE_I,I
a2cbedfdac53ab13,TID_STAGE_LIMIT_EDIT_MODE,<name>：<cur>/<max>
432b6d9a89e434f8,TID_TESLA_TOWER_INFO,ウィザードたちが雷雲を塔に封じ込めた強力なトラップで、敵が地上や空中から\n接近すると地面から飛び出し、ビリビリの力でこんがり丸こげにしてくれます！
b75dbe8dc3d2311d,TID_AVATAR_SEARCH_INVALID_TAG,無効なプレイヤータグです。ご確認ください。
3cd9e1bec652ee7e,TID_STARTER_WINGOLD,ゴールド奪取
bf9238141a96852c,TID_WL_BONUSES_SENDING_FAILED,ボーナスを支給できませんでした。後ほどお試しください。
669add7c72620b59,TID_WL_NORMAL_WAR_AVAILABLE_TEXT,リーグへの参加には15人以上のクランメンバーが必要です。参加しないクランも、\nリーグ登録期間が終了すれば通常のクラン対戦を開始できるようになります。
d74dc41547cf7589,TID_POPUP_GIFT_RECEIVED_TITLE,ボーナス資源
04308cc8dcd79393,TID_CHARACTER_INFO_MINION,ダークエリクサーから生まれたこの怪鳥は、驚くことにホーミング対空地雷の標的にはなりません。まさに神出鬼没のユニットと言えますが、この世界ではあまり頑丈な身体を与えてもらえなかったようです。
b75244c5fe8531fd,TID_CLAN_SHOW_ONLY_JOINABLE,参加可能なクランのみ：
ba9546117f1d20b8,TID_STARTER_TH2_LOOTGOLD,ゴールド狙い
3c7942dfbb12170e,TID_SETTING_SCREEN_SHAKE_INFO,「オン」にすると、特定の効果が発生したときにゲーム画面が揺れるようになります。
3e16245490639309,TID_WAR_STARTS_IN,クラン対戦開始まで：
732416d4b695f310,TID_CLANGAMES_TASK_DESTROY_SPELL_TOWERS,呪文タワーを破壊
864cfa34577dc2b4,TID_CLAN_WAR_LEAGUE_SIGNUP_EXPIRY,リーグ登録終了まで：<time>
40d8da55b6c51bb4,TID_NPC86,モノリスの力
0c19ff489d1118cf,TID_REQUIRED_DARK_BARRACK_LEVEL,レベル<number>の闇の兵舎が必要です
12ec638ab9c0d2a6,TID_ACHIEVEMENT_CLEAR_OBSTACLES,障害物（木、石、やぶ）を合計<number>個取り除く。
fe84eaf535015fef,TID_CLANGAMES_TASK_DESTROY_BB_BUILDERHALL,ビルダーホールの爆破
6244d2de3d7681c0,TID_HALLOWEEN_EVENT_2023_INFO_TRACK_ENDED,禁断のエリクサーイベントは終了しましたが、まだまだ報酬を入手したり、禁断のメダルを旅商人とトレードしたりする時間はあります！
c954d9d0ad7839f3,TID_HINT_ROYAL_CHAMPION,ロイヤルチャンピオンは、壁を飛び越えて敵の防衛設備に突撃します！
be7000782ad67052,TID_LEGEND_SEASON_INFO,シーズンが終了すると、最終ランクがプロフィールに掲載されます！
73017256f500de20,TID_BATTLEPASS_TASK_INFO_USE_HOGGLIDERS,ホググライダーを使い、大工の拠点戦で<num>個の星を獲得する。
bd2a560d0c5c09a5,TID_BOOST_ALL_POPUP_TITLE,訓練と生成をスピードアップ！
3ae3354a5bf2ee0b,TID_DECO_FIRST_BARBARIAN,初代バーバリアン
07e10da60212745b,TID_INFO_TEST_DUMMY,破壊不可能でダメージも受けないテスト用のダミーです
d3f710177fb3e988,TID_WL_STAT_POSITION2,2位
0adb31d7ebc852b2,TID_EVENT_TEXT_XMAS_MAGICITEM,魔法アイテムセール
e18d2a07f5f80124,TID_WL_INFO_LIVE_TAB2_HEADER,結果と報酬
627c13e73818f416,TID_LEGENDS_DEFENCE_CC_BUTTON,選択
1825cd59ea5d654e,TID_AMMO_ALREADY_FULL,巨大クロスボウを満タンにしました！
27a310622c1be7b0,TID_PIXEL_KING,ピクセル キング
347fe5489b84a967,TID_OBSTACLE_BIRTHDAY2023,11周年記念ケーキ
c54bd0a654859fa4,TID_CLANGAMES_TASK_INFO_WIN_STARS_VS_TOWNHALL_8,マルチプレイで、タウンホールレベル8のプレイヤーから星を<num>個獲得する。
3f899eb3ebd7474f,TID_BUILDING_CRUSHER_INFO_SHORT,これを読んでいるということは、クラッシャーに接近しすぎだということです。
865ef79cc924b548,TID_BUILDING_GEM_MINE,エメラルド鉱山
f66e1fe79c1d64ce,TID_BP_DAILY_TASKS_HEADER,デイリーチャレンジ
9608566d33cc5cb1,TID_CLANGAMES_TASK_USE_SIEGEZEPPELINS,突撃艦の出撃
5bd7b0b78d248ec4,TID_GOOGLE_SERVICE_BOUND_TO_OTHER_ACCOUNT,<name>チーフの村（タウンホールのレベル：<number>）をロードしますか？警告：現在プレイ中のゲームの進行状況は失われます。
317f3d575a8faeed,TID_CREATE_CLAN_PUBLISH_WAR_LOG,あなたのクランのクランプロフィールで、他のプレイヤーがあなたの対戦成績を見られるようになります
bae05c7d8886d8d6,TID_LEGENDS_MP_ATTACK,攻撃
6082565e71e52098,TID_PLAYER_CLAN_TAB,プレイヤーのクラン
992b7bf8bd30ba9a,TID_LEAGUE_STONE5_SHORT,ストーンV
8b2adc97c72b17a3,TID_V2_TRAINING_BARRACKS_UPGRADING,兵舎のアップグレード中は、ユニットの訓練が停止します！
392b567de1c35259,TID_REGULAR_THEMED_PREPARE_OFFER_INFO_TH0712_4999,• <res0>ダークエリクサー\n•<res1>ゴールド\n• ヒーローの本<booster1>冊 - 実行中のヒーローアップグレードを瞬時に完了します\n• 呪文の本<booster2>冊 - 実行中の呪文アップグレードを瞬時に完了します\n\n• 収容量制限なし！\n• このパックの購入は表示の期間内に2回限りです\n• ヒーローやユニットをアップグレードして、強大な呪文を生成しましょう！
1d68715a42aa2399,TID_FAQ_WINDOW_TITLE,ヘルプとサポート
da891156d61de91a,TID_BP_BUTTON_REWARDS_LIST,報酬リスト
d3f71016cfb25988,TID_WL_STAT_POSITION3,3位
d3ffbb1de27eed90,TID_EXISTING_PLAYER_PRIVACY_SETTINGS_ADVISORY,ゲームに個人情報設定が追加され、現在は公開に設定されています。これは「設定」＞「詳細設定」から変更できます。
06e6fdb6b72e6bec,TID_PET_SHOP,ペット小屋
3b25a8337ecd4374,TID_STREAM_EVENT_CHANGED_SETTINGS_PLAYERS_LEFT,クランの設定が変更されたため、一部のメンバーが脱退しました。
d4787d315da4d598,TID_TRAP_AIR,対空爆弾
23745d0a39b7fc21,TID_LEAGUE_GOLD,ゴールド
ce4da0fe118b1d55,TID_EVENT_ACHIEVEMENT_REWARD_CLAIMED,イベントをクリアしました！エメラルド<gem>個と<xp>XPを獲得しました！
ab44b4d47d5daac0,TID_BOOST_THIS_BUILDING,この<building>
36297b06cb30be92,TID_LEGENDS_DEFENCE_CC_TITLE,クランの城のユニットを選択
34c37ede95aaa989,TID_CHAT_REPORT_CONFIRMATION_TITLE,<name>を報告しますか？
97a19c930b704b51,TID_CANNON_ABILITY_NAME,最後の抵抗
b3abb88ace79e5a4,TID_TUTORIAL_LOOK_LABORATORY_DO,ちなみに、この辺りで大工の腕を見せつけるには、まずユニットが必要だからな！
de000a937c2b1d59,TID_TUTORIAL_OUTPOST_INTRO_3,オレが作ったロボットの助手さ。挨拶しろ、O.T.T.O！
1251dc9b8649af03,TID_NPC45,転がる恐怖
844a79a1ce55fc81,TID_CHALLENGE_INFO_2016,クラッシュ・ロワイヤルのリリースにより、クラッシュの世界が拡大。フレンドリー・チャレンジとフレンド対戦が追加。ボウラー、ディガー、ベビードラゴンが参戦。
8cbda41f93243ff4,TID_CLANGAMES_TASK_INFO_WIN_STARS_VS_TOWNHALL_13,マルチプレイで、タウンホールレベル13のプレイヤーから星を<num>個獲得する。
f0f2fc7c85dc53b6,TID_USE_TROOP_EVENT_ACHIEVEMENT_DESC_PLURAL,マルチプレイ戦闘で勝利しましょう！\n<cffec78>• <usecount><unit>を使う必要があります</c>
e4d4ab745faffd67,TID_CAPBUILD_GOBLIN_HALL_INFO,不気味なほど静かなゴブリンホールです。小銭の音と悪巧みの匂いがまったくしません。
c9d599ba373a6c67,TID_CLANGAMES_TASK_INFO_USE_SIEGERAMS,<num2>体のウォールバスターを使い、マルチプレイで<num>個の星を獲得する。
60f53a5370fe9deb,TID_TRADER_CONFIRM_TEXT,<item>を<num>個購入しますか？
fc6a649f3fb3724b,TID_TENCENT_GUEST_IGNORE_WARNING,ログインせずにこのアカウントでプレイを継続すると、プレイ時間が1時間に達した段階で、15日間のプレイ制限が課されます。
2833a85817d2a376,TID_NEWS_TH11_UPDATE_OTHER_TITLE,その他のバランス改善と変更箇所
d26df3c6b23d6c91,TID_REPLAY_NOT_AVAILABLE_IN_MODE,リプレイを見るにはホームに戻ってください！
6f624a91278ae96b,TID_ADVANCED_TRAP,地雷
2bb96978ffb5704f,TID_DECO_RESTORED_BARBARIAN,巨大バーバリアン
c8cb3b14c949fbe3,TID_MOVE_OBSTACLE_CONFIRM,<booster>を使って\n<obstacle>をここに移動しますか？
131894584544b838,TID_AIR_BLASTER,エアスイーパー
fd2803813a07642c,TID_DEVICE_LINK_ERROR_CODE_CURRENT_VILLAGE_TOO_HIGH_TEXT,あなたの村は現在ログイン中の Game Center アカウントに恒久的に関連づけられています。\n\nこの村でのゲームが既に進行している（タウンホール レベル<level> または購入の履歴がある）ため、上書きできません。
4eede825343b22bf,TID_REDUCE_COST,コスト割引：
57f61e523af0adda,TID_CHARACTER_INFO_PARTY_WIZARD,遠くからスネアドラムやハイハットの音が聞こえてきたら、パーティーウィザードがド派手に登場する前兆です。バトル後のパーティーでは、重低音のビートと特大のファイアボールが飛び交います！
7a38ef4793d89b86,TID_DIAMOND_BUNDLE_TH11_UPDATED_INFO,• イーグル砲（レベル1）\n• グランドウォーデン\n• <res0>ダークエリクサー\n\n建設時間、収容量制限なし！\n\nこの初回限定<cffec78><value>倍バリューチャンス</c>をお見逃しなく！
49eb05964700dd60,TID_DECO_HILL_6,小さな峰
a4671a3ccdbbb884,TID_BATTLEPASS_TASK_WIN_BATTLES_USING_LIGHTNING,荒天の日
8e5c95329bce7388,TID_WL_TAB_BRACKET_WARS,ラウンド
1876f1b8831e50ea,TID_CLAN_GAMES_BUILDER_THEME,大工の拠点ゲーム
550926bf05f3f42d,TID_BUTTON_DISABLE_TUTORIAL,チュートリアル終了
82fb7fe92eeab709,TID_WAR_BATTLE_INFO_HEADLINE,戦闘日
1d93ae0b839d9907,TID_ENEMY_TERRITORY,敵領土
bef09b49790ec28e,TID_TUTORIAL_SMITHY_2,装備のアンロックや強化を通じてヒーローをパワーアップさせましょう。
78b7f790c87ce7d3,TID_ALLIANCE_WAR_ATTACK_CONFIRM_3STARS,あなたのクランは、この村をすでに100％破壊しています。この村からこれ以上星は獲得できませんが、本当に攻撃しますか？
d643211a279a60e9,TID_DISTRICT_BALLOON_LAGOON,バルーンラグーン
b7b0f1cf8e920196,TID_ACHIEVEMENT_TOWN_HALL,タウンホールをレベル<number>にアップグレードする。
2d53d27376b2f773,TID_ALLIANCE_JOIN_BUTTON,参加
67271c61a3e66d3b,TID_BUTTON_RATE_APP_LATER,後で
4f32ca098eb49953,TID_HULK_SMALL,ハルク
c0bd14a9b5427ce5,TID_CLANGAMES_TASK_USE_SUPER_WALL_BREAKERS,素敵な壁壊し
d4cafc02375496e7,TID_LEAGUE_MASTER2,マスターリーグII
b3379990a4dac515,TID_BUTTON_REJECT,拒否
980c85750a0703a7,TID_ACHIEVEMENTS_COMPLETED,達成
ebcde8456252ccbd,TID_INFO_THROWING_POSITION,呪文の発動位置：
3828bd47f8a99f92,TID_BLACKSMITH_LEVEL_TOO_LOW,鍛冶屋レベル<number>以上が必要です！
1388951387481309,TID_DAILYLOGIN_BUTTON_CLAIMED,回収済み
142ce58fc94462dc,TID_SCENERY_GINGERBREAD,ジンジャーブレッドの背景
084ef595fdfc5e86,TID_INFERNO_DRAGON_ABILITY_NAME,インフェルノビーム
75ad5aa415f4be2f,TID_STAR_BONUS_HELP_TITLE,星ボーナス
77f30320e46a9e2a,TID_REENGAGEMENT_INTRO_4,欲しいならかかってきなさい！
75b03e5e4fe9be24,TID_CLANGAMES_TASK_INFO_DESTROY_BB_MEGATESLA,大工の拠点戦で通算<num>個の<building>を破壊する。
923f0fef37ce087c,TID_BATTLE_PASS_UNCLAIMED_REWARDS,未入手
6b8b43d19de046be,TID_PET_SHOP_INFO,ヒーローには忠実なる相棒が必要です。ペット小屋があれば、さまざまな能力を備えた強力なペットがアンロックされ、ヒーローと共に戦ってくれます。
382785facc181c2c,TID_BUILDING_BARRACK2,大工兵舎
54d60d072429243c,TID_CAPBUILD_BARRACKS_CANNONCART,合戦キャノンの兵舎
587a04359e2709ab,TID_SPELL_FORGE_INFO,呪文工場には、前線で戦うよりも魔法を作ることが得意な職人肌の\nウィザードたちが住んでいます。ここで用意した強力な攻撃呪文で\n戦いを有利に進めましょう！
dcfcdd106561aeb6,TID_REENGAGEMENT_INTRO_2,変装してるようだけど\nゴブリンなのはお見通しよ。
43d1bf3c1df47af5,TID_ALLIANCE_WAR_ATTACK_FAILED_TARGET_UNDER_ATTACK,この村はすでに攻撃されているところです。あとでまたお試しください！
f12cb9d5dcbaf2d6,TID_CLANGAMES_TASK_USE_DRAGONS,ドラゴンパニック
87dc30984ed71459,TID_NPC_CHALLENGE_BOWIGI_FREEZE2,2つ目の<cf70d16>インフェルノタワー</c>に\n<c38eaff>フリーズの呪文</c>を使いましょう！
3478f5eeba6239d3,TID_ALLIANCE_WAR_WIN_XP,クラン対戦に勝利して +<xpnum>クランXPボーナスを獲得！
6390bfb097ecd579,TID_LIGHTNING_STORM,ライトニングの呪文
51250789f51c3e3a,TID_GOLEM,ゴーレム
a86cb83ca441c9dd,TID_TENCENT_DOLPHIN_TITLE,检查更新
e3987eacfe4d81d8,TID_COSMETIC_ESTATE_2X2_SMALL_CABIN,小さな住居
de472fa1e416d3a1,TID_OFFER_SEASON_CHALLENGES_TEXT_3,最大20倍お得！
0c95b9abd508e83a,TID_CLANGAMES_TASK_USE_DROPSHIPS,降下船ナイトツアー
636f3c60b7e66d6a,TID_MOVE_MASTER_BUILDER_ERROR_HUT,村にマスター大工の小屋を建てる必要があります。
e15f7d9783ad57dd,TID_PLAYER_AVAILABLE_FOR_RECRUITING_TITLE,クランをお探しですか？
1eb607605b3aee77,TID_LAYOUTS_EDIT_BUTTON,レイアウトを編集
67dad69275cf60a6,TID_HINT_CAMP,アーミーキャンプにいるユニットは他の村を攻撃する時にしか使えず、自分の村を守ってはくれません。
55a87d589ebc8b39,TID_STARTER_TH2_INFO_UPGRADEBARRACKS,<num>個の兵舎をレベル<num2>にアップグレードする。
de7365213c49b855,TID_WAR_WIN_BONUS,<percentage>戦勝ボーナス
9d2754bbcc888210,TID_OBSTACLE_ROOT,根っこ
976624fa41ff9e4b,TID_DIAMOND_BUNDLE_TH10_ALT_UPDATED_INFO,• <res0>ダークエリクサー\n• <res1>ゴールド\n• <res2>エリクサー\n\n収容量制限なし！\n\nこの初回限定<cffec78><value>倍バリューチャンス</c>をお見逃しなく！
df343ce4943f5a72,TID_PET_ABILITY_INFO_SPIRIT_FOX,一定時間ごとに自身とヒーローを透明化
fa218d7b1d761e01,TID_VALUE,お得！
236a23494f6c6a02,TID_NOT_ENOUGH_RESOURCE_TWO,<resource1>と<resource2>が不足しています！
da98bfea0f3c1f5f,TID_POPUP_BREAK_LEGENDS_SHIELD_TEXT,シールドを解除してもよろしいですか？\n次のリーグ日が始まると、攻撃にも防衛にも\n参加できるようになります。
c59933a3447d7183,TID_BATTLEPASS_TASK_INFO_WIN_BATTLES_USING_DRAGONS,ドラゴンを使い、マルチプレイで<num>回勝利する。
78de83fd768b12c6,TID_ACHIEVEMENT_DESTROY_MONOLITH,マルチプレイで通算<number>個のモノリスを破壊する。
b7a751cf01f84770,TID_HALLOWEEN_END_TOKENS,手持ちの禁断のメダルは\n<num>ゴールドに変換されました。
2ef59202a5432cdb,TID_LAYOUTS_CANT_REPLACE_ACTIVE,現在使用中のレイアウトは上書きできません
969f46759cb5c489,TID_ACCEPT_PRIVACY_SUGGESTIONS,承諾
da909982887db639,TID_STREAM_EVENT_WAR_NO_MATCH_FOUND,クラン対戦の相手が見つかりませんでした。再度お試しください。
e2ba7320ac290df2,TID_CLAN_INFO,クランの情報
816a170930005fe2,TID_POPUP_REMOVE_TROOP_TEXT,本当にユニットを破棄しますか？
069403982f1fe3f5,TID_ALLIANCE_WAR_SNAPSHOT_FAILED,村を保存できませんでした。あとでまたお試しください。
e8eb1dc9e4d74a8f,TID_TENCENT_DOLPHIN_ERROR_0,初始化错误
64361bbe264b314c,TID_ELECTROFIRE_WIZARD,ファイアボルトウィザード
10f9c2937e5b951c,TID_TRAINING_CAPACITY,訓練可能な人数：<number>
2609b4a5145809c0,TID_FRIENDLY_WAR,フレンド対戦
ff9c3c9d2ffafbf8,TID_CHARACTER_INFO_IRONFIST_GIANT,有無をいわさぬ性格と牡牛のごとき身体を持つジャイアントは、日々、強烈なパンチの練習を続けています！
a76f62717dd7bef7,TID_CHARACTER_ELECTRO_TITAN,エレクトロタイタン
7e5180a2cd00e470,TID_DEVICE_LINK_ERROR_ALREADY_BOUND_TO_ALL_PLATFORMS_TITLE,既にリンクされています
a3fa29ea9c76ac87,TID_LAYOUTS_EXPLANATION,
30f7c5cebc8f09f3,TID_CAPITAL_HALL_LEVEL_STAT,都ホールレベル
c53b1298e94ce125,TID_CLASHMAS_SLEIGH,クラッシュマスのソリ
e5969874d47dc225,TID_LEAGUE_GOLD1,ゴールドリーグI
55a84d046faa6b9f,TID_TUTORIAL_FORGE_1,この造幣所は大工の長が「都の役に立つから」と提供してくれました。
43edd409fe5bbc68,TID_CAPITAL_TUTORIAL_9,設備や地形は地区ごとに異なるから、それぞれの特性を把握するようにな。都を強化するには全体の底上げが肝心じゃぞ。
bb7d3601a719152b,TID_TIME_DAYS,日
f16f3b76b310db17,TID_BUILDING_TESLA_TOWER2,かくしテスラ
7cc4dee2b9644bd3,TID_WL_INFO_SIGNUP_TAB2_HEADER,報酬
ebf3b509b12de9c0,TID_MULTIDEVICE_INFO,Supercell IDでログインして、ゲームアカウントを保護しながら、複数デバイスでプレイを楽しみましょう。
097cf9d157afee15,TID_HERO_STATS,ヒーローブースト
3d50695fce1bf5e3,TID_CLASHMAS_CAMPAIGN_TITLE,メリークラッシュマス
2c4aff7f09477746,TID_TARGET_FOUND,発見！
fa3e86569bc2e493,TID_CONFIRM_CONTINUE_WANTS_INVITES_TEXT,クランへの招待を数件拒否しました。\n引き続き招待を受け取りますか？
85de7ec75e9d41e7,TID_HERO_ABILITY_QUEEN_DESC,アーチャークイーンが姿を消し、一定の体力を回復するとともに、凄まじい威力の連続射撃を行います。彼女を攻撃していた防衛設備は目標を見失い、さらにアーチャーの集団が現れて防衛設備の注意をそらします！
22b31f3cd1f6ccac,TID_ACHIEVEMENT_VICTORY_POINTS_TITLE,勝利は蜜の味
dcb46986dd05ae69,TID_REENGAGEMENT_INTRO_1,それ以上近づかないで！
18ef00e417c7623a,TID_SEARCH_TAB_BOOKMARKS,ブックマーク
ce82d0668dabe952,TID_BOOSTER_FINISH_BUILDING_UPGRADE_INFO,マスター大工が自ら記したと思われるこの魔法の本を使うと、実行中のいずれかの建物アップグレードを瞬時に完了することができます。どちらの村でも使用可能です！
5ec165271406e961,TID_DIAMOND_BUNDLE_MAGICITEMS_TROOP_BOOK_INFO,• <gems>エメラルド\n• 戦いの本<booster1>冊\n• 収容量制限なし！\n\n戦いの本を使って、どんなユニットアップグレードも瞬時に完了しよう！\n\nこのチャンスをお見逃しなく！
f1dd70544dcef52b,TID_WL_COLUMN_DRAWS,引き分け
f96488c78538aeed,TID_FRIENDLIST_FILTER,フィルター：
fcf4a4c458574bd5,TID_CHARACTER_INFO_SIEGE_MACHINE_CARRIER,投下兵舎は空から優雅に舞い降りて、P.E.K.K.A、ウィザード、そしてクランの城のユニットまで、様々なユニットを戦場に送り出します。どうやって全員が収まっているのかは謎ですが、調べてもムダでしょう。
9f3ccf758a973de8,TID_GOBLIN_THROWER_INFO,ゴブリンによるゴブリンのための兵器です。大砲からゴブリンの入った樽を放ち、地上に解き放たれたゴブリンが敵に矢を放ちます。では、矢も何かを放つのでしょうか？
54d41237c0594b63,TID_IRONFIST_GIANT,ボクサージャイアント
a2973350ce26bb2d,TID_OVERVIEW_HEROES_TITLE,ヒーロー
96061f6994870826,TID_YOUR_CLAN_IS_ALREADY_IN_WAR,クランはすでに対戦中です
5abeca810668a6dc,TID_ALLIANCE_VISIT_BUTTON,都に行く
0d21674d299ce3c9,TID_CLANGAMES_TASK_INFO_USE_MEGAPEKKA_OLD,
e91ec2ee2b639162,TID_STARTER_TH4_BUILDAIRDEFENSE,上空を守り抜け！
ea26534d64807db0,TID_LEAGUE_CLAY3,クレイリーグIII
5458deb257289319,TID_MULTIDEVICE_INFO_TENCENT,複数のAndroidデバイスにおいて、同一のWeChatまたはQQアカウントを使ってプレイするには。
c8186445eb961594,TID_PTE_REWARD_LOCKED_NEED_PREMIUM,この報酬をアンロックするにはイベントパスが必要です。
1ee91cab912aa0e1,TID_TENCENT_LOGIN_PROMPT_BLOCKED_QQ,ゲーム依存症防止の最新の規定に従い、ゲストアカウントでログインされた場合は、実名認証を完了することができません。また、プレイ可能時間が15日間につき1時間に制限されます。\n\nプレイヤー様は以前、QQにゲームアカウントを接続しております。プレイを続けるには、QQに再度ログインしたうえで、実名認証を完了していただきますようお願い申し上げます。
cf9ae8fc924e30a4,TID_CAPBUILD_MULTIMORTAR,連装迫撃砲
9fd9caa2c2a8c789,TID_HINT_ARTILLERY2,イーグル砲が本格的に攻撃を開始する前に素早く攻撃して制圧してしまいましょう。
1b6a1f460524982e,TID_LAYOUTS_INVALID,レイアウト保存エラー
60e5a6c5504bb691,TID_CLANS_SELECTOR_SEARCH,探す
3639df6b2c705c66,TID_POPUP_HEADER_ABOUT_TO_BOOST_HERO,回復速度アップ！
082509b24cdeac80,TID_CLANGAMES_TASK_DESTROY_MONOLITHS,モノリスを破壊
e63945abb47cfda8,TID_SETTINGS_FACEBOOK,Facebook
7ee979d6f4f9e25e,TID_OVERVIEW_SIEGE_TITLE,突破兵器：<number>
eddfdad20043aa66,TID_FEEDBACK_BUTTON2,接続の問題
74fb60a18bdffe42,TID_CAPITAL_RAID_RECENT_PROGRESS,最近の成果：
2bb125bdfdaf58ac,TID_PRIORITIZE_UPGRADE_NOT_IN_ALLIANCE,クランに所属していません
60b3bb104769167a,TID_SHOP_CATEGORY_ARMY_BUILDINGS,軍事関連
de9ed4fcd11e65d1,TID_CAPITAL_UNIT_HOME,<name>のアンロックおよびアップグレードができます。
0915ac3b1289bb94,TID_FRIENDLY_DISTRICT_CHALLENGE_CLOSED,この地区はすでに攻撃されています！
a9bd4c0aa5660ddd,TID_ALLIANCE_SCORE_LIMIT_NONE,0
302d6fad0a9e5ded,TID_REQUIRED_LABORATORY_LEVEL,必要条件\nラボレベル<number>
e233bf338fd1780c,TID_BOOSTER_BOOST_RESOURCES,資源ポーション
4f5fff131f5ba23e,TID_UNLOCK_RUINS,廃墟をアンロック：
a4b73b7a90a06099,TID_WL_FAILED_TO_EDIT_ROSTER,対戦参加者リストへの変更を保存できませんでした。
03ee2634e1df9694,TID_GEAR_RARITY_EPIC,スーパーレア
9795f605f8a2b496,TID_FAQ_BUTTON_TENCENT,サードパーティの情報共有リスト
0dae0f2a0ab266aa,TID_CNY_CLAN_GAMES_HEADER,旧正月ゲーム
cb16b42688885b83,TID_SUPER_MINER_ABILITY_INFO,倒されると同時に樽型の爆弾を設置する
ca7bbe643e527a39,TID_PLAYER_PROFILE_SPELLS,呪文
99672dca77837d13,TID_TUTORIAL_DEFEND_4,村の地面には不思議な力が宿っているので、設備は自動的に修復されますよ！
b7c8ed1cb168b4cd,TID_POPUP_UPGRADE_ALREADY_IN_PROGRESS,アップグレード中
d9b0830924428b81,TID_MUTE_PLAYER_BUTTON,ミュート
151ce115603d0178,TID_POPUP_SHIELD_REMOVAL_TITLE,シールド使用中の攻撃
d640dc5979e58e9c,TID_EVENT_TITLE_END_OF_SEP_OFFER_TH071,資源狩り
de59dc21f69db53c,TID_CAPITAL_GOLD_STORAGE_FULL_TEXT,都ゴールドの保管容量がいっぱいです。\n攻撃を開始しますか？
12e670faf6c03bf0,TID_CLAN_JOIN_FAIL_BANNED,加入できません。このクランとの接触を禁止されています！
61f24732cdb26b59,TID_TUTORIAL_ATTACK_DONE3,チーフ、いい攻撃でした！\n報酬として戦利品をもらいました！
0815db2612e861fd,TID_BUY_LAYOUT_SLOT_TEXT,本当に新しいレイアウトスロットを購入しますか？
4371333b5c4d1054,TID_TAB_SETTINGS,オプション設定
0aabb8dafd0760b0,TID_LEAGUE_IRON2_SHORT,アイアンII
211c487469608f2e,TID_CLAN_CASTLE_DEFEND,防衛する
c0add1eb2e9502c8,TID_YOUR_BONUS,3勝ボーナスをゲットしました！
22dcb2a84ffc0d26,TID_POPUP_CANCEL_GOBLIN_CLEAR,<item>を取り除くのをやめますか？ゴブリン大工に支払ったエメラルドは返還されません。
478115659c4f37d0,TID_SHOP_OWNED,入手済：
de9166286914f9fd,TID_CAPITAL_PLAYGROUND_SUPER_WIZARDS_2,<c54a0fe>スーパーウィザード</c>は<c54a0fe>スニークアーチャー</c>に比べて射程距離がやや短いぞ。
c9e73641eeb04d6d,TID_STARTER_TH4_INFO_WINSTARSPRACTICE,練習モードで通算<num>個の星を獲得する。練習モードは、攻撃メニュー内からプレイ可能。
d702a5e63633f191,TID_EVENT_DONATION_INFO,1エメラルドだけで寄付できます！
ae7f3082a46eb814,TID_CHARACTER_INFO_GIANT_SHORT,防衛設備を破壊することが生きがいの屈強な巨人です！
27b60aff4772a68a,TID_SKIN_THEME_ANNIVERSARY,<year>年 周年記念スキン
8eaf5353d29fedae,TID_BUILDING_TEXT_TRAIN,訓練
d7d6ec3b08d25760,TID_LEGENDS_MATCHMAKING_ONGOING,対戦相手を探しています！
a86116231a779119,TID_STREAM_EVENT_JOINED,クランに参加しました
28e72471d48f8e9d,TID_OBSTACLE_OLD_BARBARIAN_STATUE,古いバーバリアンの像
ff1e04793fac5ffe,TID_CLANGAMES_TASK_DESTROY_BB_GEMMINE,エメラルドどろぼう
2037fc40a26c8333,TID_STREAM_EVENT_CANCELLED_WAR_LEAGUE,クラン対戦リーグの検索をキャンセルしました
dd3774637cdc6dc1,TID_HINT_LOOT_CART,防衛戦で敵に奪われた資源を資源カートから回収して取り戻しましょう。
6e13bf6ca9fe64eb,TID_ENEMY,敵
d99ec2bf36dba4c4,TID_MORTAR_INFO_SHORT,目障りな敵の軍勢を一撃で葬ります。
b2ed83f10e9fe53a,TID_GEAR_TYPE_POTION,ポーション
5db4d6fb9fc527a7,TID_REMOVE_FRIEND_CONFIRMATION_TITLE,フレンドを削除しますか？
d89af3f7f0587bf8,TID_NPC62,ぬけみち地下道
7660f56d47961234,TID_CLANGAMES_TASK_USE_HOGGLIDERS,ライダーグライダー
b1f579cdada6e66a,TID_FLYING_GOBLIN,飛行ゴブリン
da7aeb16e8aa46e5,TID_KICK_FAIL_VISITING,遊びに行っている間はプレイヤーを外すことができません。
2e80ae626c66ca4f,TID_SETTING_AUTO_TRAIN_INFO,「オン」にすると、バトルで使用したユニットを自動的に訓練予約に追加します。
37b7927ac361d7c2,TID_ERROR_POP_UP_SERVER_MAINTENANCE,申し訳ございませんが、ゲームのサーバーはメンテナンス中です。あとでまたお試しください。
2d089b524e1601b2,TID_BUY_RESOURCES_STORAGE_FULL,保管しきれない<item>があります。\n<item>を<num>個のみ購入しますか？
35f9a3b04aace434,TID_ALLIANCE_WAR_ATTACK_CONFIRM_1STAR,あなたのクランはこの村から星1つを勝ち取っています。更なる星を獲得するため、戦いに挑みますか？
b022ad41c5f7ca4d,TID_NEWS_ECONOMY_TEXT2,\n• 一部のユニットの訓練時間が減少しました。\n• 一部の呪文の生成時間が減少しました。\n• 一部のユニットと呪文の訓練や生成にかかる時間が減少しました。
04afaf31e0a1ff9d,TID_BATTLEPASS_TASK_WIN_BATTLES_USING_CLONE,分身の術
fe4f2b9639bd1898,TID_LOGIN_RESTRICTED_BY_LOCATION,現在地からはログインできません
f765b14c359f1339,TID_INFO_POP_UP_IAP_NOTE_TENCENT,クラッシュ・オブ・クランは無料でプレイできますが、アプリ内での購入によりゲームを早く進めることもできます。
753348126ee39644,TID_GIFT_CLAIM_FAILED_RECENTLY_CHANGED_CLAN_TIME,最近クランを変更したため、ギフトを受け取れません！<time>時間後にまたお試しください。
59613f3139f61298,TID_BASE_DPS,基本ダメージ（毎秒）：<number>
b5552418d8ad7c0d,TID_BOOSTER_LAB_POTION_INFO,この身体によさそうな飲み物は、ラボにいるウィザードたちの元気をサポートし、研究速度を<time>にわたって<multiplier>倍にします。自分の村でのみ使用可能です！
6fb1ef26e2d3ba6a,TID_DECORATION_SUPER_TROOP_STATUE,超絶なる像
eb6bf4389ad02ddf,TID_BATTLEPASS_TASK_INFO_DEPLOY_SPELLS,マルチプレイで通算<num>収容スペース分の呪文を使用する。
1fca1ed620b3559c,TID_LEAGUE_MASTER2_SHORT,マスターII
4da2c02710ccd954,TID_FIND_BARRACKS,兵舎に移動
9702fb8ca7a0475b,TID_ALLIANCE_WAR_EVENT_WAR_ENDED,クラン対戦は終了しました
cf61be5f1aa1af5f,TID_DECORATION_SKULL_FLAG,海賊の旗
29ddcca75e213edd,TID_CLANGAMES_TASK_INFO_DESTROY_BB_HEALINGHUT,大工の拠点戦で通算<num>個の<building>を破壊する。
961dc945551c8ecc,TID_ADD_FRIEND_ERROR_TOO_MANY_FRIENDS_OTHER,あなたのフレンドが登録しているフレンドが多すぎます。あとでまたお試しください。
7f64adf8f06a5604,TID_KICK_OUT_FROM_ALLIANCE,クランからはずす
6bc0aa4428fdfe92,TID_CLAN_GAMES_CLAIM_BONUS_REWARD_BUTTON,報酬を回収
b7ddcebe100271e2,TID_CLAN_ADVANCED_SEARCH_RESULTS_NO_NAME,検索オプションを使用した検索結果：
7f7a455835d75546,TID_SHIELD_POPUP_GUARD_TIP,もうすぐ敵がこの村を見つけられるようになります。ご注意ください！
cd5d375ea90ce08e,TID_ACHIEVEMENT_CLAN_GAMES_POINTS,クランゲームで<number>ポイントを獲得する。
d51e7b2fa9847242,TID_BP_CAP_HOUSING_UNLOCKED,<housingpart>をアンロックしました！
ee97416dd443b901,TID_CLANGAMES_TASK_INFO_DESTROY_EAGLEARTILLERY,マルチプレイで通算<num>個の<building>を破壊する。
917407fef75e70b1,TID_HINT_CHAT_REPORT_LIMIT,チャットの問題発言の報告は、本当に必要な時だけにしてください。報告しすぎてもいいことありません！
df0f7f8677da8e48,TID_TAB_TREASURY_RESOURCES,資源
b18f556862df8be2,TID_PROFILE_BEST_TROHPIES,これまでの最高記録：
fcdac1e56d69f632,TID_CLANGAMES_TASK_USE_NIGHTWITCHES,ダークネクロのコウモリ騒動
972a9a3dd2b2d1bf,TID_ALLIANCE_WAR_STAT_NUM_3STARS,星3つ
e5657272b990e955,TID_NEWS_SAFEGUARD_TEXT_ANDROID,Google Playログインを使うと、ゲームの進行状況を安全にバックアップしたり、複数のAndroidデバイスでプレイできるようになります。
6f081239125eec92,TID_NPC_CHALLENGE_TH9_WITCH_FUNNEL_WIZARD,<c54a0fe>ウィザード</c>を投入して、\nアーミーキャンプを破壊しましょう。
b84c3059a858c2b7,TID_CHALLENGE_INFO_2019,シーズンチャレンジとヒーロースキンが出現。この年の半ばにはビルダーホール9と進化したレジェンドリーグが追加。さらに、年末にはタウンホール13とロイヤルチャンピオン、イエティも登場。
2f11e3e5a146cf93,TID_LOOT_AVAILABLE,入手可能な戦利品：
fac1a7a8eb42ffe7,TID_PREFERRED_TARGET_ANY,無差別
a13b45f4992fef45,TID_REGULAR_THEMED_BUILD_OFFER_INFO_TH0712_1999,• <res0>ゴールド\n•<res1>エリクサー\n• 建物の本<booster1>冊 - 実行中の建物アップグレードを瞬時に完了します\n\n• 収容量制限なし！\n• このパックの購入は表示の期間内に3回限りです\n• 防衛強化の大チャンスをお見逃しなく！
a51f9365af2e5422,TID_BOOKS_OF_CLASH,ブック・オブ・クラッシュ
75edd743264ebc48,TID_DAILY_TASK_2_DESC,大工の拠点戦で星1個を獲得する。
ac65533333b69cd2,TID_ACHIEVEMENT_DONATE_UNITS,クランの城の容量<number>人分の援軍を送る。
bd0f8d840177d176,TID_MAP_LOCATION_2,禁断の森
85ae2ab84788c39e,TID_TENCENT_GUEST_LOGIN_WARNING,ゲーム依存症防止の最新の規定に従い、ゲストアカウントでログインされた場合は、実名認証を完了することができません。また、プレイ可能時間が15日間につき1時間に制限されます。ゲームを最大限お楽しみいただくには、QQまたはWeChatにログインしたうえで、実名認証を完了していただきますようお願い申し上げます。
aed0c8cf4a526daa,TID_NAME_CHANGE_LIMIT_EXCEEDED,名前変更回数が上限に達しています。
5dab00c649d9fa67,TID_CLAN_JOIN_FAIL_TOO_MANY_PENDING_REQUESTS,クランに参加できません。あとでまたお試しください。
e38715bc2803622d,TID_SINGLE_PLAYER_LEVEL_WARNING_HEADER,警告！
240b0d02641615de,TID_POPUP_GOBLIN_BUILDER_TEXT,大工はみんな忙しそうですが、建設くらい僕にだってできますよ？ただし、エメラルドをちょっぴりいただきますけどね！
b4f901005023c920,TID_COMING_SOON,近日公開！
cf3fa78024375250,TID_PLAYER_PREFERENCE_INVITES_AND_SUGGESTIONS,招待受け取り、おすすめを許可する
59d4e84feed18e07,TID_STARTER_WINUSINGWIZ,ウィザード注意報
97cbca61aba9b724,TID_HINT HEROES_REGENERATE,ヒーローがケガをした場合、寝させるか、回復ボタンを押して回復させてあげましょう。
0c39fb004911a702,TID_NEWS_TH11_UPDATE_SHIELDS_TEXT,• 今後はタウンホールが破壊されてもシールドは有効になりません。タウンホールは村の中心に移動しましょう！\n• シールドで自分の村が守られている間でも、いつでも他の人の村を攻撃できます。攻撃するとシールドの残り時間は短くなります。\n• 村が30％破壊されるとシールドを得ることができ、60％破壊されるとさらに長い時間シールドが張られますが、攻撃側のユニット数が少なかった場合には村がどんなに破壊されてもシールドは有効になりません。
f47620feec86466f,TID_NPC49,初代ゴブリンキング
5aaae3e2dd7d542b,TID_EVENT_PASS_PURCHASE_TEXT,イベントパスを購入して報酬をさらに獲得しましょう！
202eb8a6318d42c0,TID_CLANGAMES_TASK_INFO_DONATE_TROOPS,通算<num>収容スペース分のユニットを寄付する。
f0bd66bf0edf5a46,TID_NPC_CHALLENGE_POISON_TO_SLOW_DOWN_QUEEN,<ce98714>ポイズンの呪文</c>を使って、\n<cf70d16>敵のクイーン</c>の動きを鈍らせましょう。
51be12cffb84ddf2,TID_DEFENDING_TROOPS,防衛ユニット：
5b6477d6049e374c,TID_TUTORIAL_REINFORCEMENT_CAMP_INTRO_3,援軍を使えば戦いが楽になるんじゃないかって思ってな。
5fdd41f1059d903c,TID_ALLIANCE_REQUEST_ACCEPTED,クランへようこそ！
4406f4649dc5878f,TID_DEVICE_LINK_SUCCESFULL_NEW,このデバイスはあなたのアカウントに関連づけされました。「OK」をタップしてアカウントをロードし、ゲームを始めましょう。どうぞお楽しみください！
29cfc462f27ac286,TID_STREAM_REPLAY_BUTTON,リプレイ
55756f8bf949d3d6,TID_NPC_CHALLENGE_TH9_LAVALOON_CLEAN_UP,残りのユニットや呪文を使って、\n敵の村をきれいに破壊しましょう。
f4361dacaa29adb5,TID_GOOD_VALUE,超お得！
12680072dbd9dbe5,TID_MEDAL_EVENT_HARD_CURRENCY,メダルイベント ハード通貨
db2223aabb1606e4,TID_BATTLEPASS_TASK_WIN_BATTLES_USING_HEADHUNTER,一刀両断
a886be127415661a,TID_LUMBERJACK,ランバージャック
68bccde3d0a7f8e9,TID_ALLIANCE_EXP_EARNED,+<value>クランXP
b3afde6b6a87f565,TID_GUEST_LOGIN_IAP_BLOCKED,最新のゲーム依存防止ルールにより、ゲストアカウントでログインしているときは、ゲーム内購入をすることができません。ベストなゲーム体験をしていただくため、QQまたはWeChatでログインの上、実名認証を完了していただくことを強くおすすめしております。既にゲストアカウントでログインされている場合は、ゲームの「設定」から、お使いのアカウントをQQまたはWeChatに接続することができます。
9dc60e63a30f7a29,TID_NEWS_RED_LIKE,いいね！(RED)
8c5ee776a167b8bb,TID_BOOSTER_PET_POTION,ペットポーション
668a64d34e0d07e3,TID_REENGAGEMENT_OWN_VILLAGE,あなたの村
70554b3cf173ae69,TID_EVENT_TITLE_CHINESENEWYEAR,旧正月セール
210f8c27d0b95ce3,TID_TH15_WARDEN,マジック ウォーデン
3d0a84605e3f31d1,TID_NPC_CHALLENGE_TH7_MINION_BARBARIAN_KING,<c9916c8>バーバリアンキング</c>を使って、\n<cf70d16>ウィザードの塔</c>の注意を引き付けましょう。
122e964ba35bc9fd,TID_CLANGAMES_TASK_DESTROY_BB_WALLS,壁崩壊
5f9aee27f496c027,TID_DIAMOND_BUNDLE_HERO,ヒーロー
23941c666bffbe9b,TID_ELECTROFIRE_WIZARD_INFO,魔法を極めし華麗なる魔術師ファイアボルトウィザードは、1つの標的を焼き尽くすか、溜めた電撃を放出して複数の標的にダメージを与えます。
0be9f1142341171d,TID_ALLIANCE_WAR_EVENTS,クラン対戦履歴
79dcf87623c03c29,TID_MAINTENANCE_ESTIMATED_SOON,数分後に再度お試しください。
bc09b7c4c913a08a,TID_TRAINING_FULL,キューが一杯です
81d4fc488d1a02eb,TID_NEWS_BOMB_TOWER_UPGRADES_TITLE,新アップグレード
a8bef83e8074104c,TID_CHARACTER_INFO_SIEGE_MACHINE_CARRIER_SHORT,汚れ仕事を請け負うウィザードとP.E.K.K.Aを投入します。
27a8521baed655c4,TID_WAR_INFO_FRIENDLYWAR_ADDITION,2日間に渡る壮絶な戦いを制するのは、最も多くの星を獲得したクランです！クラン対戦に勝利したクランにはボーナス戦利品とクランXPが贈られます。敵クランメンバーの村に勝利するたびにボーナスは増えますが、クランが対戦に敗北するとほとんどのボーナスを失ってしまいます！同点の場合には「最高の攻撃」の総破壊率が高いクランの勝利となります。\n\n注意：フレンド対戦では時間設定を変更できますが、戦利品やクランXPは手に入りません。
217781a53c74b40a,TID_REVENGE_NOT_AVAILABLE,リベンジできません
05e9a88f7c54653f,TID_INVITE_FRIEND_CONFIRMATION,<name>にゲーム内フレンドリクエストを送りますか？
c84f3320a6155f42,TID_DIAMOND_BUNDLE_MAGICITEMS_HERO_BOOK,ヒーローの本パック
e6b3b8310099fe25,TID_TUTORIAL_SELF_DONATING_2,合戦メダルを使えば、クランの城に援軍を自由に入れることができますよ。
ff3e1d1acb4ec128,TID_NPC_CHALLENGE_TH8_GOWIPE_CLEAN_UP,残りのユニットを配置して、仕上げにかかりましょう。
1d99c68a2a3c4618,TID_NPC_CHALLENGE_FOUR_EARTHQUAKES,<ca9561f>アースクエイクの呪文</c>を4つ使えば、どんな壁でも\n破壊できます。敵の村に突破口を開けましょう。
6ad37dbeba170b69,TID_DETAILS_TEXT_TH12_INFERNO_PACK,タウンホールレベル12専用、期間限定パック！
25268c28d2322765,TID_NAME_ALREADY_IN_USE,すでにこの名前を使用しています！
7135a98c6697f965,TID_GOOGLE_PLAY_KUNLUN_TUTORIAL_BUTTON,チュートリアルをご覧ください！
28b3949dd17af7bd,TID_CAPITAL_RAID_DEFENSIVE_REWARD,防衛報酬：<number>
c0d760f04e2b871c,TID_CANCELLING,キャンセル中
35e92782c29b9565,TID_GEAR_GIANT_GAUNTLET,ジャイアントガントレット
ffd2aed26e480b2b,TID_NPC31,正面突破
fb6640702c0f8f2b,TID_RESOURCE_PACK_GOLD_50,50％増やす
bd5d0efe5eef70e2,TID_CHARACTER_INFO_SIEGE_MACHINE_FLYER,突撃艦は地上の障害物を飛び越え、クランの城のユニットを敵の村の中心部に送り届けるべく、爆弾を投下しながらまい進します。外殻が薄いため、簡単に撃墜されてしまうのが難点です。なお、呪文の影響は受けません。
d215b98db37ecf3d,TID_GEAR_INFO_GIANT_GAUNTLET,自身が巨大化して範囲ダメージを与えるようになり、被ダメージが低下します
90e45fa7573dda5c,TID_RAID_WEEKEND_OVER,週末合戦は終了しました
bd680880a4de9d9b,TID_CAPITAL_CLAN_RANK,クランランク：
9c8e5e17cbc1c0b7,TID_BATTLE_INBOX,受信トレイ
047a2738a39c9f1f,TID_INFO_ACTIVATION_TYPE,起動条件：
be1387277b62f0b2,TID_WL_TAB_SELECT_BONUSES,ボーナス選択
8c1f43c144454c03,TID_WARDEN_OF_THE_NORTH,北の戦士 ウォーデン
453a16b2f748deb9,TID_TITLE_RENAME_PRESET,部隊名を変更
2999511e0ce29295,TID_BATTLEPASS_TASK_WIN_STARS_USING_HASTE,スピードが命
22e87188eb59acf0,TID_CLAN_TOTAL_POINTS,合計ポイント：
a97a419f3569f2dd,TID_SCENERY_CLASHY_CONSTRUCTS,クラッシュメカ
1653afcef72c106f,TID_CLANGAMES_TASK_USE_WITCHES,魔女の戯れ
b5afe6583c5a0faf,TID_LEAGUE_WOOD5,ウッドリーグV
d7cea25dd8d5f4a8,TID_POPUP_ABOUT_TO_SELL,売りますか？
2ddc5c7c2e9faa92,TID_SPELL_BAG_OF_FROSTMITES_INFO,目標のエリアを短時間凍らせ、フロストマイトを解き放ちます。フロストマイトは跳ね回って近くの防衛設備をスロー状態にし、敵の攻撃を引きつけます。
f258e3b59dad582e,TID_CANCEL_FRIENDLY_WAR_SENDER_HEADER,チャレンジをキャンセルしますか？
aee7cf8b1c2e354b,TID_CLANPERK_DESC_DONATION_REFUND,寄付ユニットの払い戻し：
31f9ba81d0b94ef1,TID_DEVICE_LINK_CONFIRMATION_TOWNHALL_LEVEL,タウンホールレベル <level>
f7f738f0043f47fc,TID_ALLIANCE_DONATE_HEADER_SPELLS,呪文を寄付：
1b5b6677e5a3c09e,TID_ALLIANCE_WAR_NO_HEROIC_VICTORY,なし
5bec9c92684b66e3,TID_ALLIANCE_UNAVAILABLE,クランの情報を参照できません
b2a380b4c933e83b,TID_GARG2_ABILITY_HELP,最初の<num>回分の攻撃が速くなり、より遠くのターゲットを攻撃して<num3>ダメージを与える
d82815285c780dfb,TID_LEAGUE_STEEL2,スチールリーグII
745b3afc5ec84cf4,TID_XMAS_SPELL,サンタのとっておき
2d41eeb59bef6e28,TID_TRAP_SANTA_INFO,敵にスペシャルなサプライズプレゼントを届けます。敵に＊＊を送る、その寛大さはきっと報われることでしょう！
4ab4a104d62cd75c,TID_HINT_HEALER_AIR,ヒーラーは飛行ユニットなので、対空砲やアーチャータワーに攻撃されると短時間で撃ち落とされてしまいます。
14eb47fbdf4ee7ee,TID_KICKED_FROM_ALLIANCE,クラン追放：<msg>
b6fe66e9e199479c,TID_ENDOFSUMMER_OFFER_INFO_TH0712_1999,• <res0>ダークエリクサー\n• ヒーローの本<booster1>冊 - 実行中のヒーローアップグレードを瞬時に完了します\n• <res1>ゴールド\n• <res2>エリクサー\n\n• 収容量制限なし！\n• このパックの購入は5回限りです！\n\nチャンスは期間限定の今だけです！
b979dae74d4100a5,TID_LEAGUE_WOOD4_SHORT,ウッドIV
cea31fd5a647316e,TID_TUTORIAL_RUINS_2,廃墟を修復すれば、この地区に新しい設備が追加されるぞ。
92b9d89da884510a,TID_ALLIANCE_GAMES_REWARDS_AFTER_END,ゲームが終了すると、アンロックされた報酬グレードから報酬を選べるようになります。
02c86719561b84b0,TID_RATE_APP_MESSAGE,App Store でこのゲームを\n評価したり、フィードバックを\n投稿してください！\n参考にさせていただきます。
2b9ce459d29a0366,TID_ALLIANCE_TAB_NAME,クランを探す
c32883d7f81dd39f,TID_HINT_SHIELD,しばらくクラッシュ・オブ・クランをプレイしない場合、シールドを購入して攻撃でトロフィーが減らないようにしておきましょう！
5704fda4b5c8ed46,TID_UPGRADE_DENIED_UPGRADE_COUNT_LIMIT,このタイプの建物は、最大までアップグレード済みです！
12363e2f65733ffc,TID_REGENERATION_PER_SECOND,自身の回復量（毎秒）：<number>
e941f710fc51b11a,TID_STREAM_REPLAY_TEXT_ATTACK,攻撃相手：
86b6e484d09eeddf,TID_ENDOFSEP_OFFER_INFO_TH0712_1999,• 建物の本<booster1>冊 - 実行中の建物アップグレードを瞬時に完了します\n• <res0>ゴールド\n• <res1>エリクサー\n\n• 収容量制限なし！\n• このパックの購入は表示の期間内に3回限りです！\n\n秋の乱闘が始まります！
4c2091b082cf17ec,TID_LEAGUE_RUBY3_SHORT,ルビーIII
31550556349e13e7,TID_BATTLEPASS_TASK_WIN_BATTLES_USING_EARTHQUAKE,大地の怒り
bbca40de3342178d,TID_BATTLEPASS_TASK_INFO_START_HOME_UPGRADE,自分の村で<num>つの建物アップグレードを開始する。
bcc33b7908d9924e,TID_LOCAL_NOTIFICATION_CLAN_GAMES_TASK_EXPIRING,あなたのクランゲームチャレンジは間もなく終了します！
ad9399e46203d398,TID_CONGRATULATIONS,おめでとうございます！
8165af7fc40c2ba0,TID_TRAP_EJECTOR_INFO_SHORT,村で最も不人気な仕事は、ばねトラップの巻き直し係です。
e0d52d8fb056248a,TID_DIAMOND_BUNDLE_MAGICITEMS_TROOP_BOOK,戦いの本パック
feaf406cfaea772c,TID_CLAN_MINIMUM_TOWN_HALL_LEVEL,必要タウンホールレベル：
2d1ea834445c858b,TID_INFO_BALLOON_CARRIER_SHORT,乗組員の統制は取れていないようです。
27d71307f5dbad09,TID_PUSH_WAR_3,<data>とのクラン対戦がまもなく終了します。
10c0b2d98fd3e73c,TID_BATTLEPASS_TASK_INFO_USE_PEKKAS,P.E.K.K.Aを使い、マルチプレイで<num>個の星を獲得する。
15201247a6737894,TID_CAPITAL_PLAYGROUND_DEPLOY_AREA_EXPLANATION_3,設備や壁を破壊すると、配置できるエリアが拡大していくぞ。
97f5bfd1cf14bec9,TID_SUMMER_CHAMPION,サマー チャンピオン
26498014b401bd63,TID_CHARACTER_INFO_GOLEM,耐久性の高い攻撃型ユニットです。破壊されると爆発して小型ゴーレムに分裂します。小型ゴーレムは、元のゴーレムの20％の攻撃力とヒットポイントをもっています。
9b6321a3c14e04df,TID_BP_COMPLETED,クリア！
9f911713db3df72e,TID_DECORATION_WINDMETER,風向計
6b4392a6c23d825f,TID_BUILDING_SPELL_FORGE,呪文工場
d91023633e8646ac,TID_TENCENT_USER_PRIVACY_POPUP_TITLE_2,提示
c0ff1f6ee88fcbc1,TID_BUILDING_GOLD_MINE,金山
41b6780c262efce7,TID_TRADER_TUESDAY_NOTIFICATION,今日はウィークリーセールが入れ替わる火曜日です！旅商人の新しいラインアップをチェックしましょう！
8ca2000835cc0af5,TID_BUILD_TRAINING_GROUNDS,先にアーミーキャンプを建設してください
0ca80771d46396ce,TID_ALLIANCE_MAIL_NOTIFICATION,新しいクランメールが届きました！
1fbea9f70683a535,TID_CLANGAMES_TASK_USE_PEKKAS,P.E.K.K.A大乱闘
176fd47592843f04,TID_TENCENT_DOLPHIN_DOWNLOADING_72,更新下载差异文件
2a81f81a83b1e9d6,TID_TUTORIAL_PETS_6,色々な組み合わせを試せば、\nきっと最高のコンビが見つかりますよ！
c3082e7ffd990da6,TID_TRAP_TORNADO_INFO_SHORT,グルグルグル... 頭がクラクラします...
0db30917243678ea,TID_VIEW_PLAYER_ON_WAR_MAP_BUTTON,マップで見る
79f213d767cb88a8,TID_ICEGOLEM,アイスゴーレム
6f595bed70393194,TID_BUTTON_REPAIR_TRAP_ALL,全て再利用
866d0c51c5271449,TID_NPC_CHALLENGE_WARDENABILITY,必要なタイミングで<c9916c8>グランドウォーデンの特殊能力</c>を\n発動させて、味方ユニットを守りましょう！
9763c7b6d06b98f0,TID_WL_BUTTON_SEND_BONUSES,ボーナスを支給
ae567bb452c82167,TID_EVENT_ARMYSPELL_BOOST_INFO,いつもより4倍速で戦闘に備えましょう！\n\n以下を各1エメラルドでブーストできます：\n• ヒーロー\n• ユニット訓練\n• 呪文の生成
3f24b60ca8d60820,TID_NPC_CHALLENGE_TH11_EDRAG_BATTLE_BLIMP,<c54a0fe>突撃艦</c>を使って中心部に<c54a0fe>ライトニングドラゴン</c>を\n送り込み、<cf70d16>イーグル砲</c>を破壊しましょう。
536c90f03d6243bf,TID_HINT_SWAP_TROOPS,攻撃の前に戦略を変更したい場合、緑色の矢印をタップすればユニットを変更できます！
c52198082230ebc8,TID_YOU_HAVE_BEEN_ATTACKED_TITLE,敵の攻撃
0e357a6dff6a624e,TID_CHESS_QUEEN,チェス クイーン
16ed12b5c5f6e51b,TID_LOCAL_NOTIFICATION_BP_SEASON_ENDING_MAXED_POINTS,シーズンが終了する前に、シーズンチャレンジの報酬を回収しましょう。
d7d248af36b5b26d,TID_RAID_ATTACK_CONFIRM_INFO,合戦で攻撃を開始する前に、準備を整えておきましょう！
8a41943fe2543ed7,TID_CLANGAMES_TASK_USE_RAGEDBARBARIANS,レイジバーバリアン大暴れ
3fc367729fbed7ad,TID_LEAGUE_CRYSTAL1,クリスタルリーグI
7e0c6ce73d71628d,TID_RESEARCHER_MENU_IN_PROGRESS,アップグレード中：
b1bacd6e7968d70e,TID_CHARACTER_SUPER_WITCH_INFO,魔法も量より質です。スーパーネクロマンサーは、ちっぽけなスケルトンの大群を召喚するのではなく、計り知れない骨密度を誇る巨大なスケルトンを1体召喚します。
d49699b524dfab5d,TID_DIAMOND_BUNDLE_MAGICITEMS_SPELL_BOOK_WITH_RESOURCES_INFO,• 呪文の本<booster1>冊\n• <res0>エリクサー\n• 収容量制限なし！\n\n呪文の本を使って、どんな呪文アップグレードも瞬時に完了しよう！\n\nこのチャンスをお見逃しなく！
a8e5aba68792ed5b,TID_CLOCKWORK_WARDEN,メカ ウォーデン
21bccf0b893227c9,TID_REPLAY_TIME,リプレイ終了まで：
20cfa60bed712477,TID_TUTORIAL_GOLD_STORAGE_2,金庫を建設してゴールドをもっと\n貯めておけるようにしましょう！
d3cc820216819739,TID_DARKAGES_WARDEN,中世 ウォーデン
1e583fa97a487d39,TID_CLANGAMES_TASK_USESPELL_MAINVILLAGE,<spell>を1回使い、マルチプレイで星1個を獲得する。
cd1cb03292949b31,TID_BATTLEPASS_TASK_INFO_WIN_BATTLES_USING_STONE_SLAMMER,ロックボマーを使い、マルチプレイで<num>回勝利する。
858b4924017eebae,TID_ARCHER2_ABILITY_NAME,クローク
7c4516a4dea96928,TID_TUTORIAL_WAR_MAP_ENEMY_1,なんということでしょう、あっちもこっちも敵クランの対戦拠点だらけです！
3577546b8c171673,TID_DECO_GOBLIN_CHEST,ゴブリンの宝箱
55d1708ceec43b68,TID_REMOVE_TROOP_MESSAGE,ユニットを破棄しました
dbf15676a2fc835b,TID_REENGAGEMENT_LAB_NO_UPGRADES_NONE_LEFT_2,さらに研究を進めるには\nラボのアップグレードが必要です。
c4bb18b1030103cf,TID_CHALLENGE_TH11_EDRAG,電撃手術
253d80b1a5f48e58,TID_WAR_STATS_HEADER_ALLIANCE_EXP_INFO,クランXPはクラン対戦の終了時に付与されます
346c9f64699b2097,TID_SHOP_CATEGORY_SKINS,スキン
0cacceb3805997d9,TID_TROOP_SELF_DONATE_NO_REINFORCEMENTS,追加する援軍を選んでください
a37d6ac35d887ffd,TID_INFO_HOUSING,収容スペース：
7ae95f8fb5090fff,TID_BP_SEASON_BANK_NEXT_CAP,次の容量：<value>
d5bd0d377d253529,TID_HASTE_DAMAGE,ダメージ上昇：<number>％
4b51a83c06826251,TID_SUPER_BARBARIANS,スーパーバーバリアン
3602cc645d00fa23,TID_EVENT_BOOST_BARRACKS,クリスマス限定スペシャルイベント：全ての兵舎とエリクサーポンプを、たったのエメラルド1個でブーストできます！イベント期間は1月7日まで。
ac300d5e14e165fd,TID_REENGAGEMENT_APOLOGY_1,やるわね... ゴブリンにしては。
343209c88706fd18,TID_LEAGUES_LEAGUE_ORDER,リーグの区分け
b2d679fa58874b95,TID_BUILDING_PART_UNLOCKS_AT,アンロックレベル：
ba3dc48c565974ea,TID_COPY_LAYOUT_FAILED_DISTRICT_MISSING,このレイアウト用の地区がアンロックされていません。
18dc59c1a92a543e,TID_CHARACTER_FIREMITE,
3d3840932317c366,TID_PREFERRED_TARGET_DAMAGE_BONUS,（ダメージ x <number>）
7d676fd1ed6d7dec,TID_HINT_REVENGE_OF_REVENGE,自分から攻撃した相手にはリベンジ攻撃できません。
5ea03a6df0b45a3e,TID_BATTLE_START_TIME,戦闘開始まで：
2b248acfa24ab566,TID_PROMOTE_TO_ADMIN_CONFIRMATION_TITLE,任命しますか？
1a7aaf934dd6cddc,TID_HINT_END_BATTLE,星を少なくとも1つとれていれば、戦闘を途中で終えても勝利できます。
18d0109014f74fc8,TID_BUTTON_CONFLICTING_ACCOUNT_YES,はい、このアカウントに切り替えます。
f4246ca6fd180165,TID_HOLIDAY_PACK,ホリデーパック
1e4c8413f989ab22,TID_BOOSTER_BOOST_PRODUCTION_INFO,この強力なエリクサーを使うと、兵舎や呪文工場、突破工房の生産とヒーローの回復を<time>にわたって促進し、部隊全体の生産性を向上します。自分の村でのみ使用可能。
d3f710136fb7f988,TID_WL_STAT_POSITION5,5位
670010ec2d886713,TID_AUTUMN_QUEEN,紅葉 クイーン
8aa4e99ed17dec1c,TID_INFO_POP_UP_TOS_PP_NOTE_KUNLUN,クラッシュ・オブ・クランは無料でプレイできますが、アプリ内での購入によりゲームを早く進めることもできます。「OK」をタップすると当社のサービス利用規約とプライバシーポリシーに同意したものとみなされます。
81d40c55a98d33c7,TID_TUTORIAL_RAID_WEEKEND_5,ただし、敵のクランも条件は同じだから油断しないように。さんざん防衛設備を強化しろと伝えたが、まさかサボってはいないよな？
a42b7c0d4ab6e497,TID_REPAIR_CLAN_CASTLE_2,クランに参加して新たな仲間と出会い、援軍を送り合ったり、クラン対戦やクランゲームに挑みましょう。\n\n自分のクランを作ってフレンドとプレイするもよし、新しいメンバーを募集するもよし。全世界にあなたのクランの名をとどろかせましょう！
f29b44d85f422a99,TID_ACHIEVEMENT_ACCOUNT_BOUND,セキュリティ向上のため、ご利用のアカウントをSNSと連携させましょう。
c52b091da6cf68fb,TID_POPUP_SPEED_UP_BOOSTER_UPGRADE,<booster>を使って<item>のアップグレードを今すぐ完了させますか？
734feee0cf3f29c3,TID_BB_ATTACK_ELIXIR_STORAGE_FULL_TITLE,本当によろしいですか？
548f7e4431282a68,TID_CHARACTER_SIEGE_MACHINE_CATAPULT,フレイムシューター
f11cb11d4e951d55,TID_HINT_SINGLE_PLAYER_REWARDS,アップグレードしたいのにゴールドが足りない！そんな時はシングルプレイ用ミッションでゴブリンどもからうばいましょう！
7c971ad2ad9005cd,TID_BUTTON_PET_SHOP,ペット
c9b77998133a1e99,TID_DAMAGE_PER_HIT,ダメージ（1発）：<number>
6f548277bfb9e53d,TID_NPC33,欠陥工事
21603a4348152863,TID_OUTCOME,結果
92ef55874db36c12,TID_PERSONAL_WAR_PREFERENCE_IN,参加を希望
4c41ea4bf1c35954,TID_PLUS_ONE_CLAN_STAR,対戦の星+1
63c19c93308ec579,TID_WAR_BASE,クラン対戦の拠点を編集
2f694a76ab4ca7b8,TID_INFO_DAMAGE_TYPE_AOE,範囲攻撃
fb9101d1f6fac470,TID_GEAR_INFO_SPEEDY_SPEARS,自身にヘイストの呪文をかけます
1e91e1f27c3e6539,TID_REENGAGEMENT_ATTACK_3,ユニットを訓練するなら\n今が絶好のチャンスです！
0d57ca1ee30b3298,TID_BUTTON_VIEW,見る
6aa4fb47621435f9,TID_SPELL_RECALL_INFO,うまく防衛を切り崩せない？別の方向から突破したい？そんな時こそリターンの呪文の出番です。使用すると、ユニット、ヒーロー、ペットを戦場から呼び戻し、もう一度配置しなおすことができます。
601220d9206b0c13,TID_LEGENDS_SET_CASTLE_TROOPS_TEXT,次のリーグ日の防衛で、これらのクランの城のユニットを使いますか？
f6bd5355ec7bcdef,TID_RAID_INFO_TAB_ATTACK,都の地区を完全に破壊するには、ほとんどの場合、複数回の攻撃が必要です。前の攻撃で与えたダメージはその後の攻撃に引き継がれ、使用した呪文の効果は次の攻撃まで持続します。また、敵の拠点にダメージを与えるほど、ユニットを配置できるエリアが拡大し、様々な戦略を展開できるようになります。\n\nこの練習ステージで、合戦での攻撃を体験してみましょう！
7c30453e101182b6,TID_BATTLEPASS_TASK_START_HOME_UPGRADE,村を大改造
8680c37d393cdd83,TID_CLAN_GAMES_NOT_ENOUGH_POINTS,報酬のアンロックに必要なポイントが不足しています。
c3545606fc046e65,TID_HOUSING2_INFO,あなたのユニットは、このアーミーキャンプに駐留します。それぞれのキャンプには、1種類のユニットしか駐留できません。一部のユニットはアップグレードによって駐留できる数が増加します！
6900fe4588e0643a,TID_BUILDING_TOWN_HALL,タウンホール
9068e81aabdf1aa5,TID_CLAN_WARS,クラン対戦
b13c53dd31868ca3,TID_AIR_DEFENSE2_INFO,重厚な対空防衛をお求めの方には、この対空爆弾をオススメします。爆薬を詰めたタルが次々と空中に浮かび上がって、飛行ユニットに絶大なダメージを与えます！
a828c55a0e401097,TID_BOOSTER_LAB_POTION,研究ポーション
e611fb53cf7b2400,TID_NPC22,オマハハ・ビビーチ
f447c35e70204ba2,TID_NPC_CHALLENGE_TH11_LAVALOON_INFO_EAGLE,<cf70d16>イーグル砲</c>は、攻撃を開始する前に\nいち早く破壊してしまいましょう。
b83fb5495ce7164b,TID_STREAM_EVENT_CANCELLED_ARRANGED_WAR,フレンド対戦をキャンセルしました
768bde34b321b4bc,TID_CLANGAMES_TASK_INFO_DESTROY_BB_BUILDERBARRACKS,大工の拠点戦で通算<num>個の<building>を破壊する。
d50a86ed43f2c508,TID_POPUP_HEADER_ABOUT_TO_SPEED_UP,今すぐ完了！
6647d81847e883af,TID_CHARACTER_INFO_WALLBREAKER,ウォールブレイカーの冷たく死に絶えた心が温まる唯一の喜びは、壁を爆破した瞬間です。\n先陣を切って何体か送り込めば、地上ユニットが通れる道をドカンと切り開いてくれます！
8f44dbe7dce30ee5,TID_TUTORIAL_MERGE_1,大工が、防衛をさらに強化する画期的なアイデアを思い付いたそうです！
5aea4ee9e88cac70,TID_FIREPLACE,たき火
9b6c8d4d742507c9,TID_BOOSTER_FILL_DARK_ELIXIR_STORAGE_OFFER_INFO,ダークエリクサーのルーン<num>個 - ダークエリクサータンクをいっぱいにします
76ce965b36579813,TID_BUNDLE_RESOURCE,資源パック
6f7080afabafabed,TID_ALLIANCE_RAID_FAILED_RAID_IS_ENDING,週末合戦が終了中のため攻撃できません
b46ce53eb018a215,TID_HINT_SPELL_JUMP_DURATION,ユニットがもっと余裕を持って壁を飛び越えられるように、ジャンプの呪文をアップグレードしましょう。
1f5755f50f5d8ea5,TID_COMPLETION_BONUS_TITLE,ボーナスロード
0ecc5f97fa491ab0,TID_ACHIEVEMENT_SEASON_CHALLENGE_POINTS_COMPLETED,シーズンチャレンジの合計ポイント：<value>
69a1be4534bc0e72,TID_SUPER_WIZARDS,スーパーウィザード
ea6256664c67f896,TID_BUILDING_CUSTOMIZE_CATEGORY_ROOF,屋根
61b8f1bf341c73d3,TID_NPC23,鋼鉄の壁
818bc1ca650802eb,TID_CLAN_TYPE,タイプ：
35df96735ca74472,TID_EVENT_CHRISTMAS_UNIT_INFO,伝説のユニットで敵の背筋を寒くしましょう！\n\nアイスウィザードの訓練は期間限定です！
9291e8dd62105cb2,TID_UPGRADE_HOME_TH_LOCKED_INFO,次のTHレベルをアンロックするには、以下の建物を建設してください！
a7c9c0813bba5941,TID_GAMECENTER_BOUND_TO_OTHER_ACCOUNT,<name>チーフの村（タウンホールのレベル：<number>）をロードしますか？警告：現在プレイ中のゲームの進行状況は失われます。
b1a65018c5cfee7a,TID_BATTLEPASS_TASK_INFO_COMPLETE_EVENT,イベント画面のイベントを<num>個クリアする。
07ec61364072fe50,TID_CLANGAMES_TASK_GET_HOMEBATTLEDESTRUCTION,破壊王
81952fc1d0bbeb6d,TID_CLANGAMES_TASK_INFO_USE_GOBLINS,<num2>体のゴブリンを使い、マルチプレイで<num>個の星を獲得する。
c9455b25ae16f37a,TID_BOOSTER_MAX_LEVEL_ARMY,パワーポーション
824c0aeab8a453b8,TID_LIGHTNING_STORM_INFO,カミナリを落として敵を感電させましょう！\n\nこの呪文を敵の村で使用すると、せまい範囲内の建物やユニットにダメージを与えて気絶させます。
65914b18a8eed9da,TID_USE_SPELL_EVENT_ACHIEVEMENT_DESC,マルチプレイ戦闘で勝利しましょう！\n<cffec78>• 1<unit>を使用する必要があります</c>
6ca751fb790525b2,TID_GEAR_RARITY_RARE,レア
b63c1d86a58cadc6,TID_CHARACTER_INFO_SKELETON_GLIDER,身体が華奢な普通のスケルトンでは、壁を突き破ることはなかなか難しいですが、その体重のおかげでハングライダーとの相性はバッチリです！壁なんて軽々と飛び越します！
f959a93b83d9a90a,TID_CLANGAMES_TASK_INFO_DESTROY_WARDENALTARS,マルチプレイで通算<num>個のグランドウォーデンの祭壇を破壊する。
955876b5d0484d1d,TID_NPC83,異常事態
0d56344298e4f690,TID_WAR_RESULTS_BUTTON,クラン対戦結果
09909ae7dd0b76ce,TID_CAPITAL_RAID_WEEKEND_ENDSOON_NOTIFICATION,週末合戦がもうすぐ終了します！攻撃回数を使い切りましょう！
174a20114c439a49,TID_REQUIRED_SPELL_FORGE_LEVEL,レベル<number>の呪文工場が必要です
369d00cf15075679,TID_TUTORIAL_PETS_5,良いチョイスですね！ペットはそれぞれ\n特別な能力を持っているので、\n組み合わせの可能性は無限大です！
f25141f26beb5fee,TID_CLANGAMES_TASK_WIN_STARS_VS_LEGENDLEAGUE,クラッシュ・オブ・レジェンド
c36c6bcd615d3a29,TID_CHARACTER_BABY_DRAGON_ACTIVE,炎の吐息
c79d12cd337b6f8f,TID_CAPITAL_RAID_SEASON_FULL,所属クランは、この週末合戦での参加人数が上限に達しています
1d655da6fa82ceb4,TID_REPAIR_PER_SECOND,毎秒修復：<number>
2dc7771c9a19de15,TID_BATTLEPASS_TASK_INFO_USE_WITCHES,ネクロマンサーを使い、マルチプレイで<num>個の星を獲得する。
407d4afecbadef4f,TID_GOOGLE_PLUS_SIGNIN_TUTORIAL,もう自分の村を持っていますか？
018109f5522637f8,TID_ACHIEVEMENTS_VILLAGE2,大工の拠点の達成項目
0dfe2d65e5a2b668,TID_RAID_INFO_TAB_REWARDS,週末合戦中は攻撃や防衛を行うことでクランに合戦メダルが付与され、合戦が終わると、攻撃を行ったメンバー全員にメダルが配布されます。また、各地区を撃破すると合戦メダルが追加され、強力な地区を相手にするほど獲得できるメダルも増加します。防衛については、その守りの堅さに応じてメダルが与えられるので、できる限り強固なレイアウトを作り上げましょう。\n\n合戦で敵の設備を破壊して都ゴールドを奪うことも可能です。
138a12c3ab2ed2f3,TID_CLANGAMES_TASK_USE_HOGRIDERS,ホグライダーの急襲
c7b0074b448ea8af,TID_PAINTER_SCENERY,ペンキアート
6e043d3c1eb3a400,TID_ALLIANCE_WAR_MOST_HEROIC_DEFENCE,最も劇的な防衛
b0313a569ad7434a,TID_CAPITAL_FROST,フロストの呪文
34df21ef11006ab4,TID_POPUP_UPGRADE_NOT_AVAILABLE_TITLE,<character> レベル <number>
152a77f654d67042,TID_DIAMOND_BUNDLE_TH13_ALT_INFO,• <res0>ダークエリクサー\n• <res1>ゴールド\n• <res2>エリクサー\n\n収容量制限なし！\n\nこの初回限定<cffec78><value>倍バリューチャンス</c>をお見逃しなく！
8ceca7dc0b133602,TID_CHARACTER_INFO_BOWLER_SHORT,岩を投げつける青い巨人です。
de241bf1ea5f242c,TID_SIEGE_MACHINES_BATTLE,戦闘時
66f3c82529ad3212,TID_NPC_CHALLENGE_TH9_LAVALOON_ARCHER_QUEEN,<c9916c8>アーチャークイーン</c>を配置して、<cf70d16>ウィザードの塔</c>や\n<cf70d16>対空砲</c>、<cf70d16>アーチャータワー</c>を破壊しましょう。
6a0d9977e25be233,TID_EP_RESOURCE_REWARD_GET_GEM_ALTERNATIVE_TEXT,所持数が上限に達しているため、すべての<resource>を受け取れません。\nあふれた分を<amount>エメラルドで売却しますか？
26b95410a1c7eeb3,TID_HERO_ABILITY_UNLOCK_PROMPT_FEMALE,ヒーローをレベル<number>にアップグレードして、この能力をアンロックしましょう！
835537e17ab18d5c,TID_HINT_ENEMY_TOWN_HALL,敵のタウンホールを破壊できれば必ず星が1つもらえます。
448a49c6739addcc,TID_STREAM_BUTTON_FIND_CLAN,探す
61164d7a77eebe95,TID_WL_LEAGUE_INFO_BUTTON,シーズン情報
bfd7ed236ef46924,TID_DEGENERATION_TIME,稼働時間：<number>秒
7c1c4848c5353083,TID_BOOSTER_FILL_ELIXIR2_STORAGE_ALT_2_LINE,大工の拠点\nエリクサーのルーン
73cfe31bd70b4a50,TID_PLAYER_PROFILE_SIEGE,突破兵器
33102a7c4815625a,TID_POPUP_SPEED_UP_BOOSTER_CONSTRUCTION,<booster>を使って<item>の建設を今すぐ完了させますか？
1028f198fc5ee891,TID_ALLIANCE_WAR_NO_BEST_ATTACK,攻撃していません
2604fa449bddbecb,TID_LEAGUE_TITANIUM2,チタンリーグII
95606464605c242d,TID_CAPBUILD_SPELLLAB_JUMP_INFO,ジャンプの呪文が詰まった大きな樽を生産します。\n建物そのものが今にも飛び上がりそうです。
a12cd98d236f8b8d,TID_REGULAR_THEMED_PREPARE_OFFER_INFO_TH0206_1999,• <res0>エリクサー\n• 訓練ポーション<booster1>個 - 兵舎や呪文工場、突破工房の生産とヒーローの回復を1時間にわたって促進します\n• パワーポーション<booster2>個 - ユニットと呪文が1時間にわたってタウンホールの最大許容レベルになります\n• 資源ポーション<booster3>個 - 資源施設の生産率を1日にわたって大幅にブーストします\n\n• 収容量制限なし！\n• このパックの購入は表示の期間内に3回限りです\n• ヒーローやユニットをアップグレードして、強大な呪文を生成しましょう！
1f1c28dc3b07bcfc,TID_XP_BUTTON_UNLOCK_PUZZLEANDDRAGONS,アンロック
eb4f53f31a4f9c04,TID_UNABLE_TO_COPY_CURRENT_ARMY_TO_FRIENDLY_ARMY,現在の部隊をコピーできません
1914f9e706c2c72e,TID_TOWN_HALL_10_INFO_SHORT,最もアツいタウンホールです！
a808b140a20de297,TID_OBSTACLE_BIRTHDAY2020,8周年記念ケーキ
e2df84b115b8b1e8,TID_BAN_ACKNOWLEDGEMENT_TITLE,アカウント警告
5814c0f07857e09f,TID_MAX_DPS,最大ダメージ（毎秒）：<number>
b6fc1789865a91c2,TID_SELECT_SINGLE_SKIN_MODE,選択したスキンのみが適用されます
1eefbafbe849defd,TID_WARNING_SHARED_LAYOUT_NOT_AVAILABLE,このレイアウトにはアクセスできません
3d2a4ec7173d1bf0,TID_TASK_DONATE_TROOPS,毎日寄付
d5b3d1399c3d9463,TID_TH_RECOMENDATION_INFO,タウンホール<level>の戦いに備えられるよう、先にこちらをアップグレードしてみてはいかがですか？
8d892aa31499ac24,TID_LOCAL_NOTIFICATION_BUILDING_READY,<item>の建設が完了しました
200811d12bb86d06,TID_DEVICE_LINK_WRONG_ACCOUNT,今プレイ中の村は、現在ログイン中のものとは別の Game Center アカウントに関連づけられています。\n\nGame Center アプリからログアウトして、この村に関連づけられたアカウントでログインし直してください。\n\nその上で、もう一度関連づけを行ってください。
f599ce6975f84f28,TID_TUTORIAL_WAR_MAP_FRIENDLY_1,チーフ、とうとう来てくれたんですね！ここはクラン対戦の戦場です！
212be85293d6a73f,TID_POPUP_REMOVE_TROOP_AND_SPELL_TITLE,ユニットと呪文を破棄しますか？
c060800838527de3,TID_DIAMOND_BUNDLE_MAGICITEMS_BUILDING_BOOK_WITH_RESOURCES,建物の本パック
630551d31cad958b,TID_ACHIEVEMENT_NPC_STARS_TITLE,ゴブリンどもをやっつけろ！
c1bc8d51695707f3,TID_STARTER_TH4_DESTROYMORTARS,死角に入れ
3b84b05359b71c16,TID_TRAP_ZAPTRAP_INFO,ザップトラップの説明。
cd861800c4d31ef6,TID_BUTTON_DISABLED_PICK_A_REWARD,アンロックされた報酬グレードから報酬を選びましょう。
547c791c3248a473,TID_CLANGAMES_TASK_GET_BUILDERBATTLESTARS,拠点の星狩人
f7a7aa4d272323cf,TID_LEAGUE_WAR_SIZE,リーグの対戦サイズ：<num>対<num>
fc0b80702c0a9b2b,TID_RESOURCE_PACK_GOLD_10,10％増やす
0b9aba242e625ed7,TID_BP_REWARD_LOCKED_NEED_PREMIUM,この報酬をアンロックするには\nゴールドパスが必要です。
00a40e3ee763f263,TID_LEGEND_SEASON_END_INFO,グローバルランキングで<rank>位を獲得しました。あなたの目覚しい活躍はプレイヤープロフィールに記録され、誰もが閲覧可能です。
398fdb279e22c27f,TID_WL_CURRENT_ROUND,現在のラウンド：<x>/<y>
66ddce2a68db51b2,TID_LOCAL_NOTIFICATION_EVENT_XMAS_RESOURCES,チーフ、全プレイヤー必見のクリスマスセールが始まりました！
e9a1804f7bdf4fe9,TID_LEAGUES_UNRANKED_AFTER_SHUFFLE,リーグを入れ替えました。他のプレイヤーを攻撃して、リーグでランクインしましょう！
1858376f4b5ab122,TID_MATCH_VICTORY_BONUS,戦利品の最大ボーナス：
14800aad96dc8c62,TID_MISSION_COMPLETE_TITLE,ミッション完了！
513b58b022c5f031,TID_ATTACK_SPEED_INCREASE,攻撃速度上昇：<number>％
987b53d01f4c2ec2,TID_MISSION_SCREEN_TITLE,ミッション
ec8fc8cd02d24007,TID_MORE_WECHAT_SERVICE,关注官方认证微信服务号coc-kefu
9aabeb665672e8be,TID_CANNON2_INFO_SHORT,やはり定番物は廃れませんね。壊れてないのに直す必要はないでしょう？
d8b0b63d2f0f8fb6,TID_REENGAGEMENT_CHALLENGES_ALT_1,チーフが以前取り組んでいたチャレンジです！
1b3183e294bc02e7,TID_COLLECT_CRAFTED_RESOURCE,回収
4fbd61631b3cfc7f,TID_DECO_GOBLIN_DRAGON_STATUE,ゴブリンドラゴンの像
7926586d3b38b26f,TID_DEMOTED_TO_TEXT,降格！
19522b2b3f33c763,TID_DAMAGE_RADIUS,範囲ダメージ：<number>マス
8f1b0580de0a2e97,TID_GP_GET_SCREEN_TITLE,ゴールドパスを購入
b56a2c21c14c9114,TID_INFO_POP_UP_TOS_PP_NOTE_ANDROID,クラッシュ・オブ・クランは無料でプレイできますが、アプリ内での購入によりゲームを早く進めることもできます。ゲーム内アイテムの購入を行いたくない場合、「Google Play ストア」アプリで「パスワード保護」を有効にしてください。「OK」をタップすると当社のサービス利用規約とプライバシーポリシーに同意したものとみなされます。
cca456512f54f94b,TID_WAR_STATS_HEADER_ALLIANCE_EXP,クランXP
7a59005dcafde07d,TID_LEVEL_NUM,レベル <number>
2553629f3a46132b,TID_TAB_PREPARATION,準備日
2412491917653a22,TID_BATTLEPASS_TASK_WIN_BATTLES_USING_BARBARIANS,バーバリアンの拳
77528135607fe40f,TID_STREAM_EVENT_CHANGED_SETTINGS,クランの設定を更新しました
1a46d8580c0122cd,TID_ELIXIR2_ALT,大工の拠点 エリクサー
34d875005f0bfbcd,TID_NEWS_TH11_UPDATE_HERO_TITLE,グランドウォーデン：あなたの軍の新たなヒーロー
5c7826f072f8d27e,TID_EDIT_MODE_NEED_TO_FINISH,前回の村の編集セッションを復元しました
a69c2579ccb54d18,TID_BIRTHDAY_SPELL,記念スペシャル
10038f7a6c2568d8,TID_CHARACTER_RAM_RIDER,ラムライダー
6cd697ee26c49e0f,TID_CHARACTER_INFO_MEGA_SPARKY,恐れ知らずの巨大兵器です。動きはノロいですが、凄まじい電撃で敵を確実に葬り去ります。くわばらくわばら...
9c5f1ce4f36e56c4,TID_CLAN_GAMES_GET_REWARDS_AFTER_END,ゲーム終了時に報酬がもらえます。
606863a39fa0d37f,TID_TROOP_HEAL,ユニットの回復量：<number>
cdbb10c81f17b287,TID_VISITING,訪問中
2cfdefd1a67138aa,TID_GHOST_CHAMPION,ゴースト チャンピオン
f520ccc2e66f13f0,TID_STARTER_INFO_BUILDANY,<num>個の<building>をレベル<num2>にアップグレードする。
2dfc8ee1833d7a82,TID_NEWS_CHALLENGE_PREVIEW_TEXT,• 自分の村を攻撃するよう、クランの仲間に挑戦しましょう\n• フレンドリー・チャレンジでは部隊を失うことなく戦えます\n• 成績やリプレイを共有したり、クラン内で大会を開くこともできます
53f288ab11ac2b37,TID_TRAINING_LEVELS,練習モード
3e63e0b95e464412,TID_CLAN_GAMES_CHOOSE_REWARDS,報酬を選択
7a53fe90eeacd6a9,TID_GIFT_RECEIVED_INBOX_TEXT,割引コードとボーナス資源の引き換えが完了しました。左の資源があなたのインベントリに追加されています。
929bf4b72281af09,TID_MORE_APPBANK,公式攻略アプリをダウンロード！
89b354e8ce0bf91d,TID_LINK_NEW_DEVICE_NEW_BUTTON,これは\n新しいデバイスです
8de91a3daa93b0ac,TID_LEAGUE_CHAMPION3,チャンピオンリーグIII
e0fc7f2c31ac0261,TID_RAID_SIGNUP_ERROR_NO_PERMISSION,参加登録する権限がありません。
bcc820f6aceafda4,TID_RESOURCE_PACK_ELIXIR_50,50％増やす
150d99adf16fddc3,TID_MAP_LOCATION_10,ゴブリンのキャンプ
5b96ff71dc773575,TID_GOBLIN,ゴブリン
618742851107af22,TID_SETTINGS_LANGUAGE,言語
29725529b0a05ac1,TID_SUPER_WIZARD,スーパーウィザード
ac97802c6a067904,TID_CAPBUILD_SPELLLAB_GRAVEYARD_INFO,スケルトンラッシュの呪文が詰まった大きな樽を生産します。\n骨の砕ける音がすることもありますが、どうかお気になさらず。
101c39268ea31352,TID_TASK_INFO_GET_VS_BONUS,大工の拠点で今日の星ボーナスを獲得する。
da3df7f007e4791b,TID_BUTTON_SAVE_PRESET,セーブ
59789f0bd0ce255f,TID_SPECIAL_UNLOCKS_AT_LEVEL,レベル<number>で特殊能力をアンロック
eaaacdb9041bfbb8,TID_OBSTACLE_XMASTREE,クラッシュマスツリー
0ed8f9fc5f1b12af,TID_WAR_ATTACK_CONFIRM_SPELLS_TEXT,呪文：<number>
dfb757f2b537b7a4,TID_WAR_WAR_BASE_HEADLINE,準備日
c0f4e79a5eb91cd6,TID_ACHIEVEMENT_LEAGUE_PROGRESS_2,マスターリーグに到達する。
9e8ef4a35ce02856,TID_DECO_COZY_CLAM,くつろぎシェル
e061fe4699d582db,TID_EVENT_CHRISTMAS_SPELL_INFO,敵にでっかいダメージのプレゼントをお見舞いしましょう！\n\n「サンタのとっておき」の生成は期間限定です。
b70b88fba9ede2a6,TID_LEGEND_LEAGUE_INFO_TAB1_TEXT,レジェンドリーグでは、あなたの村を訪れたことのあるプレイヤーから村を守るために、さまざまなレイアウトを使い分けることができます。攻撃メニュー内の「防衛」タブから、レイアウトやクランの城の防衛ユニットを変更しましょう。防衛設定は、途中で変更したりレジェンドリーグから脱落しないかぎり、引き続き有効となります。\n\n防衛戦は、自分の村でプレイしている際にも発生します。なお、レジェンドリーグでは、防衛側が資源を失うことはありません。また、攻撃を受けている間もプレイが可能です。
3d3ad1db8cb9797e,TID_NPC_CHALLENGE_BOWIGI_WITCHES,<c54a0fe>ネクロマンサー</c>は味方ユニットを援護します。\n主力となる軍団と一緒に使用しましょう。
68ebb0b0129b506a,TID_BATTLEPASS_TASK_INFO_START_BB_UPGRADE,大工の拠点で<num>つの建物アップグレードを開始する。
af605d53f47b3281,TID_BUTTON_LOAD,補充
b8fc15b49874d47d,TID_LEAGUE_GOLD3,ゴールドリーグIII
f75749c46e3f8ab2,TID_MULTIDEVICE_INFO_KUNLUN,複数のAndroid デバイスから同じセーブデータのゲームをプレイするには、同じAndroid アプリストアからクラッシュ・オブ・クランをダウンロードして、同一のアカウントでログインしてください。
9ea9e3b1716da92f,TID_END_BATTLE_POPUP_TITLE,戦闘を終了しますか？
a6773dd1171ab9d6,TID_CAPBUILD_GOBLIN_OUTPOST,ゴブリンの前線拠点
d29399d84531db32,TID_CAPBUILD_BARRACKS_HOG_RIDER_INFO,中からは叫び声が絶え間なく響いています。\nライダーとグライダーが、お互いの再会を祝っているのでしょう。
a73c646ca441b172,TID_DARK_ELIXIR_BARRACK_INFO,闇の兵舎があればダークエリクサーから生まれた戦士たちを\n味方につけることができます。闇の兵舎をアップグレードすれば\n独特の能力をもつユニットがさらに使用可能になっていきます。
e2b6199fa772e4ce,TID_FAVORITE_TARGET_HEROES_AND_TROOPS,ヒーロー＆ユニット
7fad8a000d457573,TID_VICTORY,勝利
5587b70fe9844aaa,TID_BP_PERK_SAVINGS_MULTIPLIER_BB_DESC,大工のシーズン資源に獲得した資源の<num>倍の量が加算されます。
321965c3b7f4756c,TID_FRIENDLY_DISTRICT_CHALLENGE_NO_ATTACKS_YET,まだ攻撃が行われていません。
9e3c82a19ce2a7f0,TID_VILLAGE_EDIT_MODE_V2,大工の拠点の編集モード
94db24d00ffd66bd,TID_HINT_REPLAY,戦闘ログ画面（封筒型のアイコン）からは最近の戦闘のリプレイを見ることができます！
132570f4dda2e341,TID_RESTART_REPLAY_BUTTON,最初から
f50c4ab58fd2671b,TID_GEAR_HEALING_TOME,ヒーリングトーム
bc650ebf4cea4cd1,TID_PET_HEALER_INFO_SHORT,ヒーローの傷を癒して戦闘をサポートします。
123a9a7e7fbaee20,TID_BATTLEPASS_TASK_INFO_USE_ELECTRODRAGON,ライトニングドラゴンを使い、マルチプレイで<num>個の星を獲得する。
a56dba2adf01d030,TID_DECORATION_GENERIC,デコレーション
587975024fdd438d,TID_BOB_TASK_HEROES,\n大工の拠点のヒーローのレベルが、合計して<level>になるとクリア！
0194dc8854b7f73a,TID_NPC_NAME_TUTORIAL2,ゴブリンの森
3184e6f4b1b4845b,TID_HINT LEAGUE_SHUFFLING,リーグは1シーズン＝1ヶ月で進行します。
bf5c4bfa9c4ca8d4,TID_BOOSTER_ERROR_UPGRADE,<booster>は使用できません！アップグレードできるものがありません。
88cac2071d76f09b,TID_BUTTON_ATTACK_MODE_FAR_SLOW,長射程
efb3baea5fffc0a1,TID_LOOT_CART,資源カート
23caf14345dc0d8e,TID_ACHIEVEMENT_CASTLE_REPAIR,クランの城を修復する。
a4a36990a441deed,TID_ATTACK_FAIL_SHIELD,攻撃できません！この村はシールドが有効になっています。
7d11a44fb6c8956e,TID_STARTER_TH2_INFO_BUILDWALLS,ショップで<num>個の壁を手に入れる。
9f1cb75a99e4e560,TID_CANNOT_SWITCH_TO_ACCOUNT_WITHOUT_SUPERCELL_ID,チーフ<name>の村（タウンホールレベル<number>）が見つかりました！Supercell IDでログインしてロードしましょう。
2f3a5d973a6e18ea,TID_AMMO_FILL_CONFIRMATION,巨大クロスボウに弾薬を補充しました！
22613260ea93667d,TID_EVENT_TITLE_HAMMERJAM_PACK2,アップデートパック
529908d2ef2a4815,TID_LINK_TARGET_OTHER_BUTTON,他のデバイスに\n関連づける
676f77438644bdb8,TID_CLOCK_TOWER_UPGRADE_NOTE,ブースト時間を<time>延長
7186db874b953f02,TID_BOOST_ALL_RESOURCES,すべての資源設備
8b7f5c72576f3cfc,TID_CLANGAMES_TASK_USE_ELECTRODRAGON,ライトニングドラゴンマニア
37e42e5800fd019d,TID_NPC_CHALLENGE_TH7_DRAGON_DRAGONS1,<c54a0fe>ドラゴン</c>を両サイドに1体ずつ配置して、\n村を攻めましょう。
cede9e709213c02d,TID_FB_TRACKING_TEXT,Facebookのソーシャル機能を利用するには、「クラッシュ・オブ・クラン」のプレイヤー情報をFacebookと共有する必要があります。Facebookは共有された情報を、宣伝やトラッキングを行うために独自に使用します。\n\nFacebookと情報を共有してFacebookのソーシャル機能を利用する場合は、許可してください。\n\nFacebookと情報を共有したくない場合は、アプリのトラッキングを停止すれば「クラッシュ・オブ・クラン」におけるFacebookのソーシャル機能を無効にできます。プライバシーが保証されているSupercell IDのソーシャル機能も、ぜひチェックしてみてください！
68e3c1127e70f840,TID_PLACEMENT_HINT_TUTORIAL2,長押しでユニットをまとめて配置できます
7c184599ec0c03aa,TID_TUTORIAL_TH12_2,武装を強化すれば、\n攻撃力を高めることもできますよ。
0aebe3b77390076a,TID_STARTER_COLLECTGOLD,ゴールド収集
71af61d28a41062e,TID_CHARACTER_INFERNO_DRAGON_INFO,もう孤独を嘆くことはありません。インフェルノドラゴンは内なる怒りを、強力なビームに変える能力を身につけました。ビームは、ダメージを与えている間、威力が増加していきます。
a518e74f27de386d,TID_BUY_MULTIPLE_MISSING_RESOURCES_TEXT_N3,不足分の<resource2> <count1>、<resource2> <count2>と<resource3> <count3>を買いますか？
11cfa8b8d20e0928,TID_ALLIANCE_LEAVE_CONFIRMATION,本当にクランから脱退しますか？
ca187da37895e5aa,TID_BATTLEPASS_TASK_WIN_BATTLES_USING_GOBLINS,勝利ドロボウ
98ba734b99959963,TID_DIAMOND_BUNDLE_MAGICITEMS_EVERYTHING_BOOK_WITH_RESOURCES,森羅万象の本パック
1aa26d411cb6a5a6,TID_SHARE_DIALOG_TITLE,共有
af79f3823504a91b,TID_TUTORIAL_RAID_TEASER_3,少し辛抱して、攻撃や防衛の準備を整えておくといい。
a1f01fc8cfb25a0b,TID_DIAMOND_BUNDLE_MAGICITEMS_HERO_LEVEL_PACK,ロイヤルアップグレードパック
20cc6ef5d5412471,TID_OBSTACLE_BUSH,やぶ
ec55bdb2ca5d2105,TID_VS,対
8ac3ff7ac70e9943,TID_TRAINING_BUILDING_STATUS,兵舎
ef9ad9326207cab0,TID_DIAMOND_BUNDLE_BOMB_TOWER,ボムタワーパック
b63fc52fdf632661,TID_ACHIEVEMENT_DESTROY_TOWNHALL_COMPLETED,破壊したタウンホールの総数：<value>
69cf821078757a98,TID_WAR_ATTACK_CONFIRM_TITLE,今すぐ攻撃しますか？
b31745c71196989b,TID_CLAN_GAMES_STARTED_NOTIFICATION,クランゲームが始まりました！
838bc4c65d79bdb1,TID_PRACTICE_MODE_UNLOCKS_LATER,練習モードはタウンホールレベル4でアンロックされます
7c87f0183de77ec3,TID_CHARACTER_ELITE_WALLBREAKER,スーパーウォールブレイカー
3a2fbfd38e91fbd5,TID_POPUP_BOOSTER_INSTANT_UPGRADE,<booster>を使用して<item>を今すぐアップグレードしますか？
f94858ffb6ff2bd9,TID_CAPITAL_JUMP_INFO,壁や水が邪魔で思うように攻撃できない？そんな時はこの呪文の出番です！使用すると、ユニットが障害物を飛び越えて一直線に進軍できるようになります。もう邪魔するものは何もないですね！
67e518ad051279ae,TID_TUTORIAL_ATTACK_DONE2,この地方じゃあ、それがルールだからな！\n相手よりも上手く攻撃できれば、報酬を\nもらえるのさ。ただし盗みは禁止だ。\n無礼だからな。
916f0def9162d82b,TID_NPC40,邪悪のメガ盛り
c09957b1bc5ac078,TID_CLEARED_LEVELS,クリアしたステージ：
e881c3e04c408799,TID_SCID_GIFT_ACCEPT_BUTTON,受け取る
9523136ef36778d0,TID_VILLAGE_EDIT_SAVE_FAILED,村を保存できませんでした。再度お試しください。
79267c56f24779e3,TID_BIRTHDAY_SPELL_INFO,過激なサプライズで記念日を祝いましょう！この素敵なギフトなら、近くの建物やユニットにダメージを与えて気絶させます。
90dac37576109031,TID_LEGENDS_SIGNUP,レジェンドリーグに参加
b62101e37d1a2314,TID_OFFER_HAS_EXPIRED,セール終了
1df0b524aecee610,TID_BOB_FEATURE_DESCRIPTION,絶え間なく働く村の頼れるロボット。怪しい点などこれっぽっちもありません。
835c45b4af28dbb9,TID_BUILDING_TEXT_NO_AMMO,燃料切れ
02f1820f33c157d5,TID_CLANGAMES_TASK_USE_LOONS,エアバルーン爆撃戦
e769c38641a3d28f,TID_GEM_COMPENSATION_CLAN_GAMES,こんにちは、チーフ！前回のクランゲームにおいて、あなたの報酬が喪失されたことが確認されました。残念ながら、消えてしまった資源や魔法アイテムを取り戻すことはできませんが、代わりにアンロックした報酬グレード1つにつきエメラルド50個をお届けしました。ご迷惑をおかけして申し訳ございません。今後とも、クラッシュ・オブ・クランをお楽しみください。
8fb8e85f39646b6c,TID_COSMETIC_ESTATE_3X3_THATCHED_HUT,藁ぶきの小屋
2faf7a621c65ed22,TID_BP_TROOP_UNLOCKED,<troop>をアンロックしました！
42c05b281799af8c,TID_CLAN_WAR_FREQ_ALWAYS,常時
f861aa58ebe19452,TID_TOURNAMENT_HUB_DEFAULT_TITLE,大会ハブ
8ff2574f90734c4e,TID_SKELETON,スケルトン
061b080e7aad6800,TID_TENCENT_DOLPHIN_CHECK_VERSION,检查最新版本
eacf4559d0bac190,TID_CAPBUILD_BARRACKS_ARCHER_INFO,スニークアーチャーの訓練場です。尖ったものが飛んでくるので気をつけましょう！
381e8f9af3aee7c5,TID_POPUP_GIFT_RECEIVED_TEXT,割引コードとボーナス資源の引き換えが完了しました。ゲーム内の受信トレイで詳細をご確認ください！
0fcdff6b68904cdf,TID_SUPER_TROOP_ACTIVE_TIME,有効時間
5e106ecf9132622a,TID_ACHIEVEMENT_PVP_ATTACKS_COMPLETED,マルチプレイでの勝利数：<value>
27cacff056fa77c2,TID_CLANGAMES_TASK_INFO_DESTROY_DARKSPELLFACTORIES,マルチプレイで通算<num>個の<building>を破壊する。
41cb2d24e57ad777,TID_IAP_TRANSACTION_PENDING,処理中です。少々お待ちください。
e6d8a410511b27fc,TID_CLAN_AVAILABLE_FOR_RECRUITING_TITLE,メンバーをお探しですか？
995b48d41fc6463d,TID_CLANGAMES_TASK_USESUPERTROOP,1体の<troop>を使い、マルチプレイで星1個を<num>回獲得する。
eedae65aec666e8a,TID_WL_UPCOMING_WAR_TITLE,今後の対戦
309c3cf352d111aa,TID_BUILDING_ELIXIR_PUMP,エリクサーポンプ
b815bb2594ebd614,TID_XP_BUTTON_PUZZLEANDDRAGONS,Free
2bfa68916589b38a,TID_RED_PROCEEDS,売上金の金額が、(RED)を通じてエイズ対策支援のために寄付されます。
44c32920faf3c18d,TID_VOUCHER_CLAIM_TITLE,報酬を回収
3ef0e723f5be461f,TID_HINT HERO_BARBARIAN_KING,バーバリアンキングは最強のヒーローです。ダークエリクサーを飲みまくった挙げ句、ジャイアント真っ青の巨体になっています。
c1ff939c62275f63,TID_MONTH_3,3月
9a94a204dc1812c5,TID_CHANGE_NAME_BUTTON,名前変更
45f9f703afae8c13,TID_BATTLEPASS_TASK_WIN_BATTLES_USING_POISON_INFO,ポイズンの呪文を使い、マルチプレイで<num>回勝利する。
5933fdb0357f757b,TID_ALLIANCE_GAMES_CLAIM_REWARDS_BUTTON,報酬を回収
ce9d3f7cc39d8757,TID_HERO_ABILITY_UPGRADE_PROMPT_MALE,ヒーローをレベル<number>にアップグレードして、能力をパワーアップしましょう！
a05de59031fd0bf3,TID_GATE,ゲート
79ab4ea8272da1db,TID_NOTIFICATION_WL_DAY_CHANGED,クラン対戦リーグの新たな1日の始まりです。今日、あなたのクランは<clan>と戦います。
45d43444f1a5c134,TID_XP_TITLE_PUZZLEANDDRAGONS,日本で大ヒット中！
cf777cf822238fc4,TID_BATTLEPASS_TASK_WIN_BATTLES_USING_ICEGOLEM,冷たい手足
669a05baa2f74d8d,TID_LEAGUE_EMERALD3_SHORT,エメラルドIII
8db17c46b5a8f184,TID_LOCKED_BY_LABORATORY_LEVEL,
567b9385a3fb093a,TID_LEAGUE_BRONZE1,ブロンズリーグI
8ed7479356d80a61,TID_NPC_CHALLENGE_TH9_WITCH_WITCHES2,残りの<c54a0fe>ネクロマンサー</c>を\n<c54a0fe>ゴーレム</c>の援護に回しましょう。
53da16c18fff622b,TID_TUTORIAL_CLASHOWEEN_EVENT_A2,仕事一筋で遊び心のない大工なんて、つまらないですよね？
8051d41b184016df,TID_CLANGAMES_TASK_INFO_DESTROY_BB_GOLDMINE,大工の拠点戦で通算<num>個の<building>を破壊する。
ac6eca766a19494a,TID_MASTER_BUILDER_BUSY,マスター大工は仕事中です！
0545fedb8bf767f5,TID_TUTORIAL_SETTINGS_HELP,チーフ、何かお困りですか？
8dd8edf6c0bdae80,TID_DECORATION_LEAGUE_III_STATUE,チャレンジャーの像
290b6d34be75cab2,TID_CLASHFEST_KING,クラッシュフェス キング
e4dfb20b0bf390d4,TID_PASTE_ACTION_BUTTON,ペースト
4283a7c687485ddd,TID_HERO_ABILITY_WARMACHINE_TITLE,電撃ハンマー
e954d1f0573ed13a,TID_NAME_CHANGE_TH_LEVEL_TOO_LOW,名前はタウンホールがレベル<level>になるまで変更できません
964d419ac641e096,TID_BP_REWARD_LOCKED_NOT_ENOUGH_POINTS,この報酬をアンロックするには\nあと<num>ポイント必要です。
e3775cf8a7a167da,TID_ALLIANCE_WAR_LOOT_DELIVERED,宝庫にボーナス戦利品が届きました！
a7d3171f5d9c735e,TID_CREATE_ALLIANCE_TAB,クランを作成
0ad5e6c794ac9850,TID_LOCAL_NOTIFICATION_EVENT_CLAN_LOOTXP,チーフ、クラン対戦イベント中は、戦利品と経験値が2倍になりますよ！
b7b53af84e4ed30a,TID_WAR_ATTACK_CONFIRM_HEROES,ヒーロー：<number>
a029e01e4dc76e7f,TID_WAR_PREPARE_ARMYCAMP_INFO,クラン対戦に備えて村の戦闘態勢を整えましょう！\n<c2>クランの城</c>が満員になるよう仲間と軍を送り合い、頼りになる<c2>ユニット</c>を揃え、強力な<c2>呪文</c>を作成し、<c2>ヒーロー</c>が出撃できるようにしてきましょう！
c13ed71144b22e45,TID_RECEIVE_INVITATIONS_BUTTON,招待を受け取る
fb17dda9efab7eb2,TID_UPGRADE_INFO_SPECIAL_ABILITY,特殊能力を解放：<name>！
6e445700d78fc612,TID_CHARACTER_INFO_LAVALOON_PUP,緑色の小さな身体で敵をとことん苦しめる、生まれながらの戦闘ユニットです。
fe4c51aa402d2a7a,TID_CAPITAL_GRAVEYARD_INFO,死者を蘇らせる戦慄の呪文！\n\n戦場でユニットが倒されると、その収容スペースに応じた数のスケルトンが召喚されます。飛行ユニットの場合は、もちろん飛行スケルトンが生まれます。
308e2e80e7fb799e,TID_STARTER_TH5_DESTROYANY,壊し屋
6909c7a9c7756a84,TID_CLANGAMES_TASK_USE_MAGIC_ARCHERS,狙い撃ち
eff13f7700798287,TID_TAB_ESPORTS,eスポーツ
6f2f703fd42c566c,TID_RAID_WEEKEND_SIGN_UP_NOT_ENOUGH_TIME,週末合戦はまもなく終了するため、参加登録を行う時間がありません！
e5bad7759f03520d,TID_BATTLEPASS_TASK_INFO_UPGRADE_ANY_WALL,自分の村か大工の拠点で、壁を<num>個アップグレードする。
c536aa4609adfd57,TID_HUD_DEFENDER,防衛側
04954273db714e9c,TID_HERO_ABILITY_QUEEN_TITLE,ロイヤルクローク
67704a7e08d62a45,TID_POPUP_UPGRADE_TROOP_TITLE,ユニットをアップグレードできます
034bb2c45de165c9,TID_HINT_REBUILD_BOAT,岸辺にある船を使えば、大工の拠点に移動できます！
c9e116a0bc7577d5,TID_CAPITAL_ENDLESS_HASTE_SPELL,無限ヘイストの呪文
ce772187962e2853,TID_NPC3,ゴブリンの砲台
d3881f08040b3ecc,TID_BUTTON_GET_GIFT,ギフト受け取り
6b340e719ca55f57,TID_DIAMOND_BUNDLE_TH3_REVISED_INFO,• <gems> エメラルド\n• <res0>ゴールド\n• <res1>エリクサー\n• 大工ポーション<booster1>個\n\n収容量制限なし！\n\nこの<cffec78><value>倍バリュー</c>のパックは、1度限りの特別提供となります！
a3cd3c35afcb3ff8,TID_INFO_FORGING_TIME,生成時間：
486962835bd7dd02,TID_INVISIBILITY_TOWER_SHORT,インビジブル
0ac0c88fc4a12fe5,TID_COPY_LAYOUT_FAILED_NOT_IN_CLAN,クランに所属していない場合、クランの都のレイアウトはコピーできません。
fb36f4b2fe3ed4e4,TID_REQUIRED_BLACKSMITH_LEVEL,レベル<number>の鍛冶屋が必要です
48d3ae0b4cc4e877,TID_CREDITS_BUTTON,スタッフロール
660e1062326ec892,TID_REENGAGEMENT_LAB_DID_UPGRADES_NONE_LEFT_1,このところ、ラボはてんてこ舞いですよ。
452bff7c3c95312c,TID_WAR_STATS_HEADER_TIEBREAKERS,タイブレーク
5ca019d33122e89b,TID_TUTORIAL_CLANGAMES_2,ちょっとしたコンテストがあるんです。よかったら見て行ってくださいね！
a3bec3d116cd8ce7,TID_CAPITAL_RAID_TARGET_UNDER_ATTACK,この地区は攻撃中です
fecb467686db2f38,TID_BB_RESULTS_REWARDS,報酬：
e69000d19882cab5,TID_CLANGAMES_TASK_INFO_DESTROY_BB_CANNON,大工の拠点戦で通算<num>個の<building>を破壊する。
9c0672ca27d20c91,TID_CLANGAMES_TASK_DESTROY_BB_OUTPOST,O.T.T.Oの前線基地の破壊
e7047424b69533e5,TID_PERK_NEW,NEW!
4cda678ee9b78e70,TID_FEATURE_SEASON_CHALLENGES_DESC,毎月入れ替わるチャレンジをクリアして、報酬をがっつり稼ぎましょう！
bd2340c007b6353e,TID_PREFERRED_TARGET_EFFECT_BONUS,（効果 x <number>）
5bd93be46f17abc1,TID_STARTER_TH2_INFO_BUILDBARRACKS,ショップで兵舎をもう一つ手に入れる。
a5ede1163f3a3851,TID_INFO_TARGET_TYPE_AIR,空中
864fe46246e2e9a2,TID_LAYOUT_SLOT_UNLOCK,エメラルドで追加レイアウトスロットを購入
eee9f376a2eed492,TID_HINT_HEALER_INFO,ヒーラーは味方の地上ユニットが受けたダメージを回復できますが、敵を攻撃することはありません。
f45f75e8cd205123,TID_TENCENT_AUTH_FAILED,ログイン認証をキャンセルしました
5e0f6d58e5f9d991,TID_REQUIRED_CASTLE_LEVEL,必要条件\nクランの城レベル<number>
a563e28bdac0fe29,TID_V2_DUEL_FEED_BATTLE_STARTED,バトルが開始されました！
09991768f7cbd1e9,TID_FREEZE_TIME,スローダウンの時間：<number>秒
1b8a86b5cc84eba1,TID_NEW,NEW
9c63dc379f6b46d7,TID_LEAGUE_BRONZE3_SHORT,ブロンズIII
b0b749b7bbe697c2,TID_AIR_DEFENSE_INFO_SHORT,空中ユニットを無慈悲に撃ち落とします。
ccc15f17d8af1ddf,TID_CLANGAMES_TASK_USE_SNEAKY_GOBLINS,いたずら者たち
216f6f077169db33,TID_PERSONALISED_SHOP,カスタムショップ
76276d908083d616,TID_WAR_ATTACK_CONFIRM_CASTLE_TEXT_WITH_SIEGE,クランの城の寄付ユニット：<number>
a6a3010911e61e0d,TID_PREMIUM_PASS_PACKAGE,ゴールドパス
5aeb93aa11ecfe56,TID_GENERIC_NOTIFICATION_TITLE,通知
fe3562710110838c,TID_AIR_DEFENSE_SMALL_INFO_SHORT,空中の敵にロケットの集中砲火をを浴びせます。
c3a0127cc4179a9b,TID_BONUS_GEMBOX,エメラルドの箱
e96db239e5ceabed,TID_STREAM_EVENT_CANCELLED_WAR,クラン対戦の相手の検索を中止しました
00769b7e13c6c649,TID_ONLY_FAMILY_FRIENDLY,年齢制限なしのクランのみ
12646fc5f3a173f4,TID_DIAMOND_BUNDLE_TH5_REVISED_INFO,• 建物の本<booster1>冊\n• <res0>ゴールド\n• <res1>エリクサー\n\n収容量制限なし！\n\nこの<cffec78><value>倍バリュー</c>のパックは、1度限りの特別提供となります！
21560b4d91219c2f,TID_ALLIANCE_WAR_ATTACK_FAILED_SNAPSHOT_NOT_AVAILABLE,対象の村は現在攻撃できません。あとでまたお試しください！
cc73c3c0528b4326,TID_BUILDING_SCATTERSHOT_INFO_SHORT,重厚な岩＋軟弱な敵＝オシマイ
517a12b2ddf2825d,TID_LINK_CODE_WARNING_TEXT,警告: このコードは絶対に他人に教えないでください、個人専用です。関連づけは恒久的ですのでご注意ください。
4a1cb42a8edcb1d8,TID_6ANNIVERSARY_OFFER_MAGICITEMS_POTION_AND_GOLD_ELIXIR_INFO_1999,• <res0>ゴールド\n•<res1>エリクサー\n• 大工ポーション<booster1>個 - 大工の作業速度が1時間にわたって10倍になります\n\n• 収容量制限なし！\n• このパックの購入は10回限りです！\n\n期間限定の記念パックを、どうぞお見逃しなく！
1e5927e5e2629f03,TID_CANNON_ABILITY_HELP,台車を破壊された後も、ヒットポイントが残り<num2>の状態で砲撃を続ける
9cf0474dbaa3810c,TID_LOCAL_NOTIFICATION_CLAN_GAMES_ENDING_SOON,クランゲームは間もなく終了します。最高のポイントを狙いましょう！
0d3a101b8b95adc3,TID_DEMOTE_TO_ADMIN_CONFIRMATION,<name>をクランの長老に降格しますか？
41925ef1dbe6555c,TID_LINK_CANCELLED,関連づけがキャンセルされました。関連づけられているデバイスはありません。
6cf43c92e7e61767,TID_SETTINGS_2_ROW_DEPLOYMENT_BAR_INFO,「オン」にすると、村の攻撃時に表示される配置バーの高さが2倍になります。
9444c0a0aa618fbe,TID_BATTLEPASS_TASK_WIN_STARS_USING_JUMP_INFO,ジャンプの呪文を使い、マルチプレイで<num>個の星を獲得する。
2c9d58b8f39d34aa,TID_HINT_SHIELD_LOSE,自分の村のシールドが有効なうちに自分から他のプレイヤーを攻撃した場合、シールドの効果時間が数時間分ほど短くなります。
363ddae4a4f7ba91,TID_REGULAR_THEMED_BUILD_OFFER_INFO_TH0712_9999,• <res0>ゴールド\n•<res1>エリクサー\n• 壁リング<booster1>個 - 壁を瞬時にアップグレードします（ハイレベルの壁には複数のリングが必要です）\n• 建物の本<booster2>冊 - 実行中の建物アップグレードを瞬時に完了します\n\n• 収容量制限なし！\n• このパックの購入は表示の期間内に1回限りです\n防衛強化の大チャンスをお見逃しなく！
de707ff9b79b3eeb,TID_CLANGAMES_TASK_INFO_USE_DRAGON_RIDERS,<num2>体のドラゴンライダーを使い、マルチプレイで<num>個の星を獲得する。
52c64cbc303ca3ff,TID_CLANGAMES_TASK_USE_VALKYRIES,バルキリーの凱旋
cd171e4cebf377ac,TID_HERO_ABILITY_WARDEN_TITLE,エターナルトーム
0392648fd03c4414,TID_POPUP_BOOST_ALL_COLLECTORS,この資源設備<number>棟全ての生産量を\n<time>だけ2倍にしますか？
9a2086d5901da57d,TID_OBSTACLE_TRUNK,木の幹
baeeaab19353c582,TID_DECORATION_10YEAR_BIRTHDAY_STATUE_INFO,爆弾でしょうか？それとも10周年記念のデコレーション？真相は誰にも分かりません！
8949f95e6f3b8a24,TID_SETTINGS_PLAYERNAME_REENTERNEW,新しい名前を再入力：
c6328214ad4a92b0,TID_LEAGUES_V,V
cc62d686d4097ce8,TID_COMPLETE_NEXT_TASK_TO_UPGRADE,次の条件をクリアすればアップグレードできます。
94c408e1969eb9f9,TID_POPUP_CANCEL_UPGRADE_TITLE,アップグレードをやめますか？
c2fec29f51d7a519,TID_STREAM_SHARED_LAYOUT_WAR,タウンホールレベル<num>のクラン対戦拠点のレイアウトを共有しました
0a21dc3084c30e61,TID_CLANGAMES_TASK_WIN_STARS_USING_SKELETON_INFO,スケルトンの呪文を<num2>回使い、マルチプレイで<num>回勝利する。
b335597cd94f34b6,TID_HELP_TRAINING_PRESET_PREVIOUS_ARMY,バトルで最後に使用した部隊を、高速で訓練します！
1944d4487b31f2c5,TID_ATTACK_PERCENTAGE,攻撃：
faeac53d0444b963,TID_HINT_BARBARIAN_TARGET,バーバリアンは建物の種類を選ばず、一番近くにあるものから攻撃したがります。
2d49b25154c13a54,TID_TRAINING_SCREEN_CAPACITY,容量：
49b6691ebad12fe1,TID_TUTORIAL_SHIP_ARRIVE_FIX_VILLAGE,ついてますよ、チーフ！古い建物を修理すれば、隠れ家になりそうです！
86f185d8cf186ba7,TID_ALLIANCE_WAR_ATTACK_CONFIRM_TITLE,攻撃確定
22730317ef6c4a9b,TID_EVENT_TITLE_END_OF_SEP_OFFER_TH0206,秋の大収穫戦
63922e565a54f2b6,TID_GHOST_KING,ゴースト キング
5d7be6cd232ef98b,TID_EDIT_MODE_COPY_BUTTON,レイアウト\nコピー
a93c8ea90e76bf62,TID_CLANGAMES_TASK_INFO_USE_SIEGEZEPPELINS,<num2>体の突撃艦を使い、マルチプレイで<num>個の星を獲得する。
81bc17d864266afb,TID_BUILD_TIME,建設にかかる時間
c0f6416b78cc621e,TID_POPUP_UPGRADE_BUILD_MORE,もっと建てる：
49af168fa2f01d78,TID_BOB_HUT_INFO,B.O.Bは、大工の拠点で普通に生活する一般市民です。大工の拠点が制御するロボットだというのは、真っ赤な嘘です！
ce996bdf3ac612e1,String,String
aa9ed1b682b0a530,TID_6ANNIVERSARY_OFFER_MAGICITEMS_POTION_AND_GOLD_ELIXIR_INFO_999,• <res0>ゴールド\n•<res1>エリクサー\n• 大工ポーション<booster1>個 - 大工の作業速度が1時間にわたって10倍になります\n\n• 収容量制限なし！\n• このパックの購入は20回限りです！\n\n期間限定の記念パックを、どうぞお見逃しなく！
78c411f0f4db9e49,TID_LOCKED_BY_BARRACK_LEVEL,
e2daeb403dded77a,TID_LEGENDS_MP_PREVIOUS_DAY_TITLE,前のリーグ日
94f613d1a7a646b3,TID_RAID_WEEKEND_TOTAL_LOOT,都の合計戦利品：
6bac2f64bf0d8b92,TID_GRAND_WARDEN_INFO,グランドウォーデンは、魔法の杖と魔法の書物を携えた百戦錬磨の戦略家です。敵の村を攻める時も、村を守る時も、味方ユニットを強化してくれます。
cecc193e98cdad63,TID_LOCAL_NOTIFICATION_EVENT_REGULAR_THEMED_PREPARE_TH0212,戦闘に備えて戦力を強化！今回の特別セールでヒーローやユニットをアップグレードし、強力な呪文を生成しましょう！
3b5162ffddcb8f1e,TID_TROOP_SELF_DONATE_COMPLETED,援軍を追加しました
02740d96aac6ac68,TID_ADVANCED_TRAP_INFO,近寄った敵ユニットを驚かせる、爆薬を使った仕掛けです。\n空中モードと地上モードを選ぶことができます！
721085431e437a2d,TID_TUTORIAL_ELIXIR_CART_4,エリクサーを集めて、さっそく使ってみましょう！
08f484d17d864778,TID_BUILDING_TEXT_FULL,MAX！
96bb3bdc139822a0,TID_SETTINGS_TROOP_REQUEST,関連のある援軍リクエストのみ表示
1ef3c7330931ff08,TID_LEAGUE_GOLD1_SHORT,ゴールドI
8d9e31ba6e026bf4,TID_6ANNIVERSARY_OFFER_MAGICITEMS_RING_AND_ALLRUNES_INFO_4999,• 壁リング<booster1>個 - 壁を瞬時にアップグレードします（ハイレベルの壁には複数のリングが必要です）\n• エリクサーのルーン<booster2>個 - エリクサータンクをいっぱいにします\n• ゴールドのルーン<booster3>個 - 金庫をいっぱいにします\n• ダークエリクサーのルーン<booster4>個 - ダークエリクサータンクをいっぱいにします\n\n• 収容量制限なし！\n• このパックの購入は4回限りです！\n\n期間限定の記念パックを、どうぞお見逃しなく！
bbf83cbeefec9a7f,TID_DISTRICT_BUILDERS_WORKSHOP,大工の作業場
8332f9f9e42791e4,TID_SPEED_UP_CRAFTING,都ゴールドの造幣を今すぐ完了しますか？
eac8c2f14c6b8e67,TID_BUY_MULTIPLE_BOOSTERS,<name> <amount>個
db9cb66b3d501046,TID_BP_BONUS_POINTS_TITLE,ボーナスポイント！
3038585567e81025,TID_HINT_HEROES_ABILITIES,ヒーローには、レベル5でアンロックされ、攻撃時に使用可能となる、アップグレード可能な特殊能力があります。
a469833bd047d215,TID_TUTORIAL_ARTO_COMPLETE_2,ほらB.O.B、あいさつだ！
305ca311eb2e3605,TID_POPUP_BOOST_PET_SHOP_TITLE,ペットのアップグレードをスピードアップ\nしますか？
3f30f6554a2e3571,TID_SPOOKY_SCENERY,魔境
d0f6c2659834677e,TID_BOOST_ALL_DARK_ELIXIR,すべてのダークエリクサーポンプ
c249ff4da818f0fe,TID_FEATURE_LABORATORY_DESC,中で働くウィザードたちが、部隊を強化してくれます！
a06b163ef554288c,TID_HERO_RECHARGE_TIME,再チャージまで：<number>秒
da518d8f7d7c4d8c,TID_ACHIEVEMENT_VICTORY_POINTS_COMPLETED,獲得したトロフィー：<value>
8f6c1c66181ba8bf,TID_DIAMOND_BUNDLE_MAGICITEMS_HEROES_BOOK_WITH_DARK_ELIXIR_INFO,• <res0>ダークエリクサー\n• ヒーローの本<booster1>冊\n• 収容量制限なし！\n\nバーバリアンキングやアーチャークイーンのアップグレードに必要なものが全部入っています！
f8f6b4ac84d11875,TID_NEWS_TROOP_TITLE,ダークな新ユニット「ラヴァハウンド」が登場！
4788fcf70eeb9235,TID_NOTIFICATION_WL_LEAGUE_STARTED,クランがクラン対戦リーグに参加しました！
25bf13aae9127949,TID_ACCONT_LOCKED_TEXT,セキュリティ上の理由により、お使いのアカウントはロックされています。アンロックコードを入力し、再度アカウントを有効にしてください。
41261cd3cfb26c36,TID_BATTLEPASS_TASK_WIN_BATTLES_USING_LAVAHOUNDS,アツくてクール
ccfca82dece493cb,TID_LEGENDS_MATCHMAKING_COUNTDOWN,次のリーグ日の開始まで：
e028d59b5b48dc0e,TID_HOG_GLIDER_ABILITY_NAME,インパクトスタン
c08e521e33a6f09e,TID_CAPBUILD_SPELLLAB_RAGE_INFO,レイジの呪文が詰まった大きな樽を生産します。\n近くに寄っただけで、見境のない怒りが込み上げてきます。
d7a6afdb01375b18,TID_GUARD_INFO,攻防を同時に！村の護りがあれば、他のプレイヤーの村を攻撃しつつ、自分の村は攻撃されないようにできます。シールドが有効な間は使用できません。
380c634fa87e3976,TID_TUTORIAL_SEASON_CHALLENGE_1,チーフ、そろそろ次のステップに\n進みましょう！
f5cbc3760311d6b0,TID_BB_LOOT_CART_EMPTY_LIST_TEXT,新しい防衛報酬はありません。\n攻撃を行うたびに、防衛戦が始まります。
7ac241c394f0af47,TID_CHALLENGE_FRIEND_CONTENT,村を攻撃するようフレンドに挑戦する
6d221666f1264062,TID_BP_TAB_REWARDS,報酬
09bf57b7cbed142a,TID_TARGET,攻撃目標
e552adb144d80eae,TID_LEAGUE_DIAMOND,ダイヤモンドリーグ
a55cff5590339ae3,TID_ROGUE_CHAMPION,ならず者 チャンピオン
48402312b0e89f57,TID_TRADER_UNLOCKS_TEXT,旅商人はタウンホールレベル<value>で村にやって来ます
4b63ff1454d8f27b,TID_TOO_MANY_SHOVELED_OBSTACLES,可動化した障害物の数が上限に達しています。先に可動化した障害物を取り除いてください。
42139ec636b682d5,TID_CAPITAL_PLAYGROUND_INTRO_2,見たところ、設備をいくつか破壊して<cffe346>ヒールの呪文</c>を残していったようじゃ。
56ea99cbf46d59ca,TID_DAILYLOGIN_BUTTON_CLAIM,回収
050046f60ba7d0bd,TID_MEMBERS_SORTED_BY_TROPHY,トロフィー数
a854037546d3bb6d,TID_HINT LEAGUE_DEMOTION,トロフィーが減りすぎると下位のリーグに降格されることがあります。\n頑張ってトロフィー数を維持しましょう！
bb58fea014925bcf,TID_DUEL_REWARDS_INFO_TEXT,大工の拠点戦の勝者は戦利品をもらえます！また、防衛側が資源を失うことはありません。トロフィー数が多ければ報酬も増えます！
2503df3fccf8173e,TID_CAPITAL_PLAYGROUND_GATES_2,ただし、攻撃側にとってはゲートと壁の仕組みはまったく同じだぞ。
67ae5e70b38ffaeb,TID_CLAN_CAPITAL_TROPHIES,都のトロフィー：
43f9902652988da9,TID_BOOSTER_FILL_ELIXIR2_STORAGE_INFO,この魔法アイテムを使うと、どこからともなく湧き出るエリクサーで大工の拠点にあるエリクサータンクをいっぱいにできます。
72b2762a50371bea,TID_PET_POISON_LIZARD,ポイズンリザード
f8127bb4af588ec2,TID_TUTORIAL_ACHIEVEMENTS2,チーフ、あとはおまかせしちゃっても\n大丈夫そうですね。\n村のみんなが頼りにしていますよ！
a370ca2892509497,TID_GIFT_DIAMOND_PACK_2,エメラルドの小袋とギフト
c06d7bfc3a5b0e6a,TID_CHARACTER_COOKIE_PEKKA,C.O.O.K.I.E
12b9792d95909e3a,TID_WL_SEASON_NAME_SHORT,<month>シーズン
7b0552d5b60e7a7b,TID_RAID_RESULTS_NO_SIGNUP_FROM_ALLIANCE,クランは前回の週末合戦に参加していません。
4628c56976b17b4a,TID_EVENT_END_SOUR_ELIXIR_DEPLETED,禁断のエリクサーの呪いが解けたようです。禁断のメダルは、引き続き旅商人とトレードできます。
7fccf97c03b0d9e6,TID_EVENT_CONFIRM_TIER_UNLOCK,<num><soft_currency>を購入して、次の報酬グレードに進みますか？
8bbb7bf8ba5d7a9a,TID_LEAGUE_STONE1_SHORT,ストーンI
f6f66340c6b79434,TID_TASK_INFO_GET_STAR_BONUS,自分の村で今日の星ボーナスを獲得する。
b73c7ce6fdc0797b,TID_BOOSTER_FINISH_ANY_UPGRADE_INFO,この非常に強力な魔法の辞典を使うと、実行中のアップグレードのうちいずれかを瞬時に完了することができます。どちらの村でも使用可能です！
7b1b43b2d48fdf82,TID_TOWN_HALL_INFO,タウンホールは村の中心です。タウンホールをアップグレードすると\n新しい防衛設備、建物、トラップなどが色々と使えるようになります。\n対戦相手の村のタウンホールを破壊すれば戦いに勝利して、星が1つもらえます。\n相手の村の建物の50％を破壊すれば2つめの星が、建物を100％破壊できれば\n最高評価の3つ星がもらえます。攻撃してくる敵プレイヤーも\nあなたのタウンホールをねらってきますので注意しましょう！\nタウンホールを村の中央に配置し、壁やトラップや防衛設備で囲んで守りましょう。\n敵もずるがしこいので、どの方向から攻撃してくるかわかりません！
c414a38a6be09290,TID_BOB_TASK_DEFENCE,\n大工の拠点の防衛設備をレベル<level>にアップグレードするとクリア！
d168ed9183de5654,TID_TUTORIAL_CHECK_PARENTAL_CONSENT,プレイを始めるには、成人に達した信頼のおける方の承認が必要です。
c258c8802d094fcb,TID_START_WAR_FAILED_WAR_COOLDOWN_ACTIVE,対戦クールダウン時間のため、対戦を開始できません
12968ffd366282dc,TID_DECORATION_HOG_FLAG_INFO,ここは幸せなホグの縄張りです。
d97eeb5e24d1e895,TID_LEGENDS_DEFENCE_LAYOUT_TITLE,レイアウトを選択
9f1c881f1ddc00d2,TID_FAMILY_FRIENDLY_ENABLE_POPUP,年齢制限なしのクランでは、プレイヤーを守るため、チャットが厳しくフィルタリングされます。後から設定を変更することはできませんので、ご注意ください。
7ab432f116127500,TID_LOGIN_TO_FACEBOOK_BUTTON,Facebookにログイン
70177485950201c7,TID_DECO_RUIN_STONE_CIRCLE,ストーンサークル
225933b078fb559e,TID_WAR_NOT_ENOUGH_PARTICIPANTS,クラン対戦を始めるには、もっとメンバーが必要です。
eb6fc36442acbed7,TID_LEAGUE_CRYSTAL2,クリスタルリーグII
0a48a6f4f59d8e0e,TID_BATTLEPASS_TASK_INFO_USE_BOXERGIANTS,ボクサージャイアントを使い、大工の拠点戦で<num>個の星を獲得する。
aa83332d5730f036,TID_CHARACTER_INFO_SKELETON_BARREL,あそこに飛んでいるのは何でしょう！？あれは... スケルトンのハリーじゃないですか！おや、ラリーやテリー、そして仲間たちもタルに乗り込んでいるようですね。近くの建物に向かって直進しています！
920afab9b2ecd049,TID_NEWS_TH11_UPDATE_GAMEPLAY_TEXT,• 戦闘の制限時間が30秒間延長されました。\n• ゴブリンはタウンホールとクランの城を狙うようになり、それぞれに2倍のダメージを与えます。\n• 全ての罠の再利用コストが大幅に削減されました。\n• 巨大クロスボウの再補充コストが大幅に削減されました。\n• 多くのヒーラーが同じユニットに与える効果が低下しました。\n• 軍事関連の設備やヒーローをエメラルド5個で1時間ブーストできるようになりました。\n• タウンホールレベル10での対戦相手検索や他の相手を探すためのコストが削減されました。\n• クラン対戦の準備日が23時間に短縮されました。\n• ユニットがこれまでよりも賢く進路を選び戦うようになりました。\n• タウンホールレベル6～10で獲得できる戦利品の割合が若干増えました。\n• タウンホールレベルが1低い村から得られる戦利品が僅かに減少しました。\n• 村が広くなり、建物を配置できるエリアとユニットを配置できるエリアの両方が拡張されました。これに伴い、もともと範囲外にあった障害物の位置が移動しています。
4b7c004160f82b5b,TID_HERO_BATTLE_COPTER,バトルコプター
3678cb7e012bdd21,TID_DECORATION_SHORT_FILM_STATUE,物語の像
cf1b912f0689a075,TID_TUTORIAL_OUTPOST_INTRO_1,この建物には「O.T.T.O」が住んでいるんだ。
233baf91716e5c73,TID_CLANGAMES_TASK_INFO_DESTROY_MV_BUILDINGS,マルチプレイで通算<num>個の建物を破壊する。
ac7940f12d5ed1e2,TID_NEWS_SPELLS_TEXT,「ライトニング」の呪文\n*レベル7の「ライトニング」の呪文は、建物とユニットに同様のダメージを与えるようになりました。\n*レベル5とレベル6の「ライトニング」の呪文が強力になりました。\n*「ライトニング」の呪文のボルト同士が密集して発生するようになり、以前よりも狙った場所に当てやすくなりました。\n\n「ポイズン」の呪文\n*毒の雲に包まれたユニットが最初に受けるダメージが低くなりましたが、時間が経つほど以前よりも大きなダメージを受けるようになりました。\n*「ポイズン」の呪文のダメージが上昇し、効果時間も長くなりました。\n*「ポイズン」の呪文で敵ユニットの攻撃速度を低下させるようになりました。\n\n「アースクエイク」の呪文\n「アースクエイク」の呪文のダメージが、建物の残りヒットポイントに関わらず大きくなりました。\n*同じ建物を繰り返し「アースクエイク」の呪文で攻撃した場合、ダメージが減少するようになりました。\n*「アースクエイク」の呪文4発で全てのレベルの壁を必ず破壊できるところはこれまで通りです！
3ee847d078e1b6fb,TID_UPGRADE_INFO_DAMAGE,ダメージ（+<num>）<old>
385fc4c73d8bd6a0,TID_BATTLEPASS_TASK_INFO_USE_VALKYRIES,バルキリーを使い、マルチプレイで<num>個の星を獲得する。
108aa6118dc42e71,TID_CLANGAMES_TASK_USE_BOXERGIANTS,ボクサージャイアント大乱闘
3463944b5602ac02,TID_PET_ABILITY_INFO_ELECTROWL,攻撃が近くの標的に連鎖する
5ef73f95abc04bd3,TID_CHALLENGE_TH9_WITCH,魔女の平手打ち
5539aa085f637415,TID_NEWS_UPGRADE_OS_TEXT,技術的な諸事情に伴い、次回のアップデートより、iOS5.1.1よりも古いバージョンへのクラッシュ・オブ・クランのご提供を終了させていただくことになりました。\n現在お客様は古いバージョンのiOSをご利用中ですので、iOSをアップデートして頂けない場合は、今後クラッシュ・オブ・クランをプレイしていただくことはできなくなります。\n「詳しく」をタップすると、iTunesを用いたiOSのアップデート方法をご覧いただけます。
782b0ce8622d7f11,TID_POPUP_BOOST_ALL_BARRACKS,兵舎<number>棟における訓練速度を<time>だけ<multiplier>倍にしますか？
5a849c1d54367436,TID_CLAN_GAMES_BONUS_REWARD_UNLOCKED,ゲーム終了時に追加報酬を選ぶことができます！
ba6bd9d51a4a7271,TID_NPC28,自然の要衝
5d17148070b90f6c,TID_NOT_ENOUGH_BOOSTER_SPACE,空きスペースが足りません。持っている魔法アイテムを使うか売って、空きを作りましょう。
a4e2ae83d5d34de7,TID_BUILDING_FLAMER,バーナー
b76cf2cfac53e2ff,TID_PIXEL_SCENERY,ピクセル
a82c54a4d4809130,TID_NPC_CHALLENGE_TH9_LAVALOON_BARBARIAN_KING_1,<cf70d16>敵のアーチャークイーン</c>は<c54a0fe>エアバルーン</c>の天敵です。\nまずは彼女に対処しましょう。
a15ce30cd933fa7f,TID_CONTRIBUTE,出資
a56215fc7e6c4d8f,TID_WL_TAB_CLAN_WARS,シーズン記録
15b38c870f0761b0,TID_WARNING_1_GEM_DONATIONS_INACTIVE,1エメラルドのユニット寄付が有効になっていません。本当にエメラルドを使って寄付を行いますか？
178ef1ccd24321c4,TID_EVENT_TITLE_CLANWAR_SHORT2,クランダッシュ
fed767783b0d381e,TID_CLANGAMES_TASK_DESTROY_SPELLFACTORIES,呪文工場の無力化
960ef61be7b3e198,TID_RAID_INFO_TAB_ATTACK_TITLE,攻撃
39bd4e0498f1cf83,TID_STARTER_REQUESTTROOPS_TH3,援護要請
0ad5ccef036fce50,TID_LOCAL_NOTIFICATION_EVENT_CLAN_LootXP,チーフ、クラン対戦イベント中は、戦利品と経験値が2倍になりますよ！
9d5289f578534cc3,TID_NPC_CHALLENGE_GET_RID_OF_CC_WITH_POISON,<ce98714>ポイズンの呪文</c>を使って、敵のクランの城のユニットを撃破しましょう。
16c9b79d601e5fad,TID_FRIEND_LIST_ITEM_NEW,New!
29cd65af770c6ebe,TID_FEATURE_CLAN_GAMES,クランゲーム
64647aae178e9ef8,TID_BOOST_SIEGE_WORKSHOP_POPUP_TITLE,突破兵器の建造をブーストしましょう！
3287bcb01855f970,TID_CONTAINER_MAX,MAX：<amount>
89e9de728dd32c23,TID_DIAMOND_BUNDLE_MAGICITEMS_BUILDING_BOOK_WITH_GOLD_INFO,• <res0>ゴールド\n• 建物の本<booster1>冊\n• 収容量制限なし！\n\nタウンホールや防衛設備のアップグレードに必要なものが全部入っています！
e3e9597069eba4a5,TID_SCENERY_CHESS,チェス
9c0f4c964d910209,TID_DOWNLOADING_SKIN,スキンをダウンロード中...
1c8bd79efbafb735,TID_CAPITAL_PLAYGROUND_DEPLOY_AREA_EXPLANATION_2,最初の配置場所は、背の高い草の中と決まっておる。
1de474485f1ab804,TID_TUTORIAL_WAR_LEAGUE_12,私たちも勝利すれば、\nもっと上位のリーグに進めますよ！
81c0e130f401de48,TID_MOREGAMES,他のゲームを見る
9095fa964ef4ea79,TID_BUTTON_BUY_SKIN,購入
e619ab74ee615b31,TID_MAP_LOCATION_9,サワーレイク
fb980f93e1974346,TID_BARBARIAN_KING,バーバリアンキング
a2642e56640ec37a,TID_BB_LEAGUE_DETAILS_DEFENCE_COLUMN,防衛
cab0754394adc9ad,TID_POPUP_BOOST_RESOURCES,資源設備をブーストすると、<time>の間、生産量が2倍になります。
5d3d216c54bccf19,TID_TUTORIAL_GOLD_EARNING_GETTING_STARS,攻撃がうまくいきましたね、チーフ！勝利して星を勝ち取ることが大事ですよ。
bb21e48e49260919,TID_DECORATION_PEKKA_STATUE,P.E.K.K.Aの像
7fe157ef982ddc2b,TID_HINT_WARLOCK_INFO_1,魔女の発射攻撃は強くないものの、呼び起こされた死者が容赦なく敵の防衛を崩してくれます。
a941d036e7b7278a,TID_DECORATION_SKULL_ALTAR,太古のドクロ
fd0616c2e9c5af7d,TID_CHARACTER_INFO_ARCHER_SHORT,遠くから敵を射止める弓の名手です。
1833439e5b547fa7,TID_LOCAL_NOTIFICATION_HERO_HAS_FULL_HEALTH,<name>が再び戦える状態になりました！
f8a0fbcdb60c9ba7,TID_ACHIEVEMENT_REPAIR_BUILDING_TITLE,隠された宝
ff9dc893cbd8c476,TID_OBSTACLE_HALLOWEEN2023,怪しい苗木
a289d900d0f035ed,TID_LINK_DEVICES_ENTER_CODE_TITLE,関連づけコードを入力
d8e6d9e272d02a16,TID_LOCAL_NOTIFICATION_STAR_BONUS_READY,星ボーナスを獲得できます！戦いましょう！
c5be40dd6aa2006f,TID_BOOSTER_FREE_SPELL_UPGRADE_OFFER_INFO,呪文のハンマー<num>個 - いずれかの呪文を瞬時にアップグレードします
a569acb179c743b3,TID_ACHIEVEMENT_UNIT_UNLOCK2,大工兵舎で<name>をアンロックする。
93e8dc38a31f8481,TID_EVENT_BOOST_SPELL_AND_HEROES,スペシャルイベント：ヒーローや呪文が、それぞれたったの1エメラルドでブーストできます！イベント期間は3月6日まで。
d7b78e5e21e005b3,TID_SETTINGS_DARK_CLOUDS_INFO,「オン」にすると、対戦相手の検索中に表示される雲が黒雲になります。
620023efa6188394,TID_SUGGESTED_PLAYERS_ABOUT_TEXT,おすすめプレイヤーは、毎日様々な基準で選出され、クランに提示されます。表示されるのは、最近新しいクランを探したことのあるプレイヤーのみです。\n\n以下にいくつかの選考基準をご紹介します。\n- 攻撃、寄付、チャットなどの活動。\n- 所在地、言語、普段ゲームをプレイしている時間帯。\n\nクランの設定も考慮されるので、以下の条件を満たさないプレイヤーは除外されます。\n- 必要タウンホールレベル\n- 自分の村と大工の拠点における必要トロフィー数\nなお、クランの設定を変更しても、おすすめに反映されるまでしばらく時間がかかります。
ed25bbf7a2961b49,TID_LINK_CODE_TEXT,次に、この画面を開いたままにします。もう一つのデバイスで関連づけの画面に移動して、\qこれは\n新しいデバイスです\q ボタンをタップします。
b2fe9c47d1e0b0d4,TID_BATTLE_PASS_PIGGY_BANK_TITLE,シーズン資源
c64d7df54c2cbc81,TID_CAPBUILD_GOBLIN_OUTPOST_INFO,廃れたゴブリンの前線拠点です。ゴブリンたちはどこへ行ったのでしょう？
08ece3b68800435e,TID_NPC_CHALLENGE_TH9_LAVALOON_KING_ABILITY,<c9916c8>バーバリアンキング</c>の特殊能力で、\n素早く敵の<cf70d16>アーチャークイーン</c>を倒しましょう。
a2d45031dccdb1eb,TID_BUY_BUILDING_COMING_SOON,<target>が近日登場！
aba241802358d539,TID_CLANGAMES_TASK_INFO_DESTROY_ARCHERTOWERS,マルチプレイで通算<num>個の<building>を破壊する。
38aaac35debe402f,TID_DEVICE_LINK_ERROR_NOT_ATTACHED_TITLE,Game Center にアタッチされていません
4818722f371c9002,TID_LAVA_LAUNCHER_INFO,溶けた岩石をはるか遠くまで飛ばします。着弾すると地面が燃えあがり、その熱で地上ユニットにダメージを与えます！
0f346872cf98778e,TID_CHARACTER_SUPER_HOG_RIDER_INFO,ホグとライダーの強力なコンビがさらにパワーアップ！ライダーはホグに乗って戦場に現れますが、たとえ身体が離れても心は一つです！
7f4d5018dd566338,TID_BOOSTER_MOVE_OBSTACLE_ALT_2_LINE,障害物のシャベル
e9d77c7a71a395b8,TID_LEAGUE_IRON3,アイアンリーグIII
0fb79ea0e84a9591,TID_JUNGLE_QUEEN,ジャングル クイーン
c589085cdc1467db,TID_ARMY_SLOT_DEFAULT_NAME,部隊<num>
b41bbec5d4ab9062,TID_OFFER_DONT_MISS_ONE_TIME_OFFER,この初回限定セールをお見逃しなく！
6ebff9139af774d2,TID_PEKKA2_ABILITY_HELP,撃破された際に大爆発を起こし、<num>ダメージを与える
21ad7ded360bc8c3,TID_ALLIANCE_JOIN_CLAN,クランに参加するか、自分でクランを作ってさらに上を目指しましょう！\n\nクランの仲間同士は互いにユニットや呪文を送って助け合うことができます。
3eeb768a02bb33f7,TID_UPGRADE_BUILDING_TO_LEVEL_TO_BUILD_MORE,<building>をレベル<number>までアップグレードすれば、もっと建設できます！
b2f6a435acd65270,TID_CAPBUILD_RAPID_ROCKETS,速射ロケット
80b2611923acdc15,TID_UPGRADE_TH_LOCKED_TITLE2,必要な施設：
23994988a3a05ab6,TID_BOOSTER_FINISH_HERO_UPGRADE_ALT_2_LINE,ヒーローの本
0b997b11e51f76b4,TID_BATTLEPASS_TASK_WIN_BATTLES_USING_DRAGONS,ホットな勝利
606d96da556ca4c1,TID_AIR_DEFENSE2_INFO_SHORT,蝶のように舞い、爆弾のように爆発します。
f8eda9b685613d33,TID_LAYOUTS_COPY_EXPLANATION,「ホーム」か「クラン対戦」を選んで、選択中のレイアウトをコピーしてください。
b89ab0fd0fce72c6,TID_SUPER_VALKYRIE_ABILITY_NAME,餞別
4c6b43a9c509f4db,TID_TUTORIAL_ARTO_START_1,よお！初めてここに来た時のこと、覚えてるかい？いつかアンタの故郷にも行ってみたいって言ったろ。
e3a97f47a44c07d1,TID_STAGE,エリア<stage>
0f654e2666284e0a,TID_EVENT_SPELL,<troop>イベント
42935feb13d48d0b,TID_PROFILE_LEGEND,レジェンドリーグトーナメント
88fd5ab21d7242f5,TID_CLANGAMES_TASK_INFO_DESTROY_CANNONS,マルチプレイで通算<num>個の<building>を破壊する。
e6346e80d6d91531,TID_SCENERY_CLASSIC,クラシック
77664ab8f07245ef,TID_OBSTACLE_LARGE_PINE_TREE,森
9d0fe90baf7dad3f,TID_ACHIEVEMENTS_VILLAGE3,クランの都
0eb2cab5425a6f2e,TID_CHAT_RULES_REPORT,不適切な言動をとるプレイヤーがいたら「報告」を利用してお知らせください。
a08ce916f59fef98,TID_OFFER_DONT_MISS_ONE_TIME_OFFER_VALUE,この初回限定、<cffec78><value>倍バリューセール</c>をお見逃しなく！
29f4de997ff24e22,TID_WECHAT_NOT_INSTALLED,まだWeChatをインストールしていません
1ff3b8a58b192b49,TID_ACCOUNT_DELETION_WARNING_TEXT,お客様のご依頼により、このアカウントはあと<time>で削除されます。時間内に思いなおされた場合は、「ヘルプとサポート」より削除依頼キャンセルの旨をご連絡ください。
7ba05a74924e8b7b,TID_BABY_DRAGON2,ベビードラゴン
00b9707af25d8899,TID_CLANGAMES_TASK_INFO_USE_GOLEMS,<num2>体のゴーレムを使い、マルチプレイで<num>個の星を獲得する。
11ac9adde57131ba,TID_PET_PHOENIX,フェニックス
6df21dfed061b7fb,TID_CLAN_HOUSE_NAME_OCCUPIED,<name>の家
5e3dc9f3b1eeca14,TID_GUARD_POST_INFO,村を守るユニットが控えている建物です！攻撃があれば真っ先に飛び出して、敵を食い止めてくれます。
33c5879d1884066e,TID_LEAGUE_CRYSTAL1_SHORT,クリスタルI
91aec452d89f6720,TID_TAP_TO_EXPAND,タップで拡大します
b11d8fbb705c7db0,TID_BUILDING_SUPER_TROOP_ALERT,ブースト
9ed9a90fe7970776,TID_CLAN_WAR_FREQ_NEVER,投稿しない
74708313a4039d05,TID_SETTINGS_API_TOKEN_SHOW,「表示」をタップしてAPIトークンを見る
a3b6a4cb4cc47ad4,TID_SCID_GIFT_RECEIVED_TITLE,ギフト獲得！
523f77009c36899a,TID_PUSH_WAR_1,クラン対戦の準備期間がまもなく終了します！
7b904e6dff1421e8,TID_DIAMOND_BUNDLE_BUILDER_INFO,この大工パックには、<gems>個のエメラルドと無料の大工が入っています！
9c47fb7ce8b453ad,TID_CAPITAL_TUTORIAL_10,とはいえ、わしはこの山頂が一番好きじゃがな。
a7c3e2b0535b7907,TID_DEVICE_LINK_ERROR_CODE_CURRENT_VILLAGE_TOO_HIGH,村を上書きできません
1046caa039889cd5,TID_TASK_GET_STAR_BONUS,毎日の星
e774de950d6dca2f,TID_MAGIC_ARCHER_ABILITY_NAME,シャープショット
62cb523f389d7a55,TID_PET_POISON_LIZARD_INFO_SHORT,毒を持つ凶暴なボディーガードがヒーローを守ります。
5ff731a486997920,TID_PET_RANGEDATTACKER,エレクトロオウル
4248eb131968cd24,TID_NEWS_IOS7_TITLE,iOS 5および6で動作するデバイスへの対応を終了
d45f9b97c907dbb8,TID_LEAGUES_DIVISIONS,ディビジョン
2f4ab4500b2a7844,TID_WL_RESULT_PROMOTED,クランが昇格しました！
49d2b1111aca4109,TID_COLLECTOR_BOOST_INFO,資源の生産を2倍にしましょう！\n\nわずかエメラルド1個で、各生産施設の生産量をブーストできます。
290ac9f3d7b5fd95,TID_SKELETON_BARRELS,スケルトンバレル
312cbdb096df69a8,TID_BUY_LAYOUT_SLOT_HEADER,新スロットを購入します
b4b66b3dae7015a9,TID_BUILDING_AIR_DEFENSE_SMALL,ロケット花火
f996e2369eeca01e,TID_SHIELD_TARGET_COUNT,攻撃できる標的数
75d51b095270b608,TID_SCENERY_GOBLIN_CAVES,ゴブリンの洞窟
678bea1ad539bd69,TID_SUPER_TROOP_LEVEL_TOO_LOW,<cff0000>レベル<num>の<troop>が必要です。</c>
7598e71db2b26793,TID_NEWS_TROOP_TEXT,石と溶岩でできたこの飛行ユニットは、大量のダメージに耐えることができます。対空砲を狙い、敵の村の奥まで侵入して攻撃を引き付け、味方を守ります。倒されると小さなラヴァパピィを放出することで、もうしばらく戦いを長引かせます。
c282cbbb7bf8b9eb,TID_LEAGUE_STONE3_SHORT,ストーンIII
38ee23ea8c98eb39,TID_ACHIEVEMENT_DONATE_CAPITAL_TITLE,MVPクランメンバー
83e8a077a55f941f,TID_UPGRADE_ANYWAY,続ける
fd80aa54e29a0c64,TID_CAPITAL_PLAYGROUND_SPELL_EXPLANATION,都では、呪文にタイマーがない。
4639bb4e25dd1705,TID_NEWS_CHALLENGE_PREVIEW_BUTTON,詳しく
aab475ecb926d294,TID_BOOSTER_BOOST_RESOURCES_OFFER_INFO,資源ポーション<num>個 - 資源生産設備を<time>にわたってブーストします
c9e92ed4b400a289,TID_BP_SEASON_BANK_BB_SIZE_INCREASE,大工のシーズン資源が\n増加
f740bc7969be2914,TID_BOOSTER_HERO_POTION_STARTED,ヒーローとペットがブーストされました
c7c00c53401a8d95,TID_CHALLENGE_FAIL_SERVER_ALREADY_IN_PROGRESS,チャレンジを開始できません！以前のチャレンジが進行中です！
f54b6c15f273128e,TID_BUTTON_INFO,情報
ca1230bdefdbca89,TID_GIVE_NAME_TITLE,チーフの名前
7770476a7a18c003,TID_WL_SEASON_ENDED,シーズンが終了しました
2190110656f3a461,TID_RESOURCE_IN_TREASURY,宝庫内：
4cc207ab7885a42f,TID_MAGIC_THEATRE_SCENERY,マジックシアター
dd607fbe39c44c53,TID_NPC41,クリスタル・クラスト
fcd4147ca1301886,TID_HINT HEROES_DIE,ヒーローが死ぬことはありませんが、ケガをした場合は回復が必要になります。
dc9b513ae372d89c,TID_NPC4,キャノンボールラン
5c28cd3fb82ca0ca,TID_DIAMOND_PACK_5,エメラルドの宝箱
075b7f254700cf05,TID_YOU_HAVE_BEEN_ATTACKED_HEADER,チーフのいない間に、村が攻撃されました！
faa10122b943c391,TID_SEARCHING,検索中...
de1746394c7e4b34,TID_WL_TAB_BRACKET_LEADERBOARD,グループ
5b2b28ef33418ba0,TID_GIANT,ジャイアント
6a3639ae87c49475,TID_CHARACTER_ITEM_ALREADY_OWNED,この装備は入手済みです！
fdd39817bf4f0f64,TID_INFO_PREFERRED_TARGET,優先攻撃目標：
01d3b52d25ef2bf9,TID_DECO_RUIN_RUINED_PILLARS,ボロボロの柱
38e2ceb0f8ed4d18,TID_POWER_BOOST,パワーブースト
20b5810920f3a29d,TID_BONUS,<percentage>ボーナス：
4328af69bcd3fcee,TID_FACEBOOK_BOUND_TO_OTHER_ACCOUNT_TITLE,Facebook の警告
3eb5142830f0461b,TID_FLYING_FORTRESS_ABILITY_INFO,スケルトングライダーが船体を守っており、撃破された際には<num2>体の怒れるスケルトンを放出する
90f7d95d2be25562,TID_GEAR_INFO_PROTECTIVE_CLOAK,自身のヒットポイントを追加で大きく回復します
a8f73ed7975d8b12,TID_BUTTON_VIEW_SKIN,スキンを見る
94dba50371d8e92a,TID_MAINTENANCE_ESTIMATED_LONG,数時間後に再度お試しください。
917350b8ab4bab5a,TID_NPC_CHALLENGE_TH10_BOBAT_PEKKAS,<c54a0fe>P.E.K.K.A</c>を投入して、道を切り開きましょう。
0c65ca95be007761,TID_NOTIFICATION_CLAN_GAMES,クランゲーム
2cbfe7335540d169,TID_CLAN_TAG_TROPHY_PUSHING,トロフィー集め
02a7eef05dc828cf,TID_ATTACK_FAIL_SAME_ALLIANCE,同じクランの仲間は攻撃できません！
b2c2408b8fa98165,TID_BOOSTER_BOOST_RESOURCES_INFO,ヘイストの呪文をポーション化したこの魔法エリクサーを使うと、<time>にわたって資源施設の生産率を大幅にブーストできます。自分の村でのみ使用可能です。
d08d0a2457704231,TID_BUTTON_CLAN_WAR_HISTORY,クラン対戦ログ
2eeec03b6876b17f,TID_GEAR_UP_COMING_SOON,近日中に<building>の改造が可能になります！
8d95f05723bc5e28,TID_STAR_BONUS_WINDOW_TITLE,星ボーナス
b20e7acca96c4adf,TID_EQUIP_TITLE_GEAR1,装備
0c37949b0768a1a8,TID_CLANGAMES_TASK_DESTROY_BB_GUARDPOST,廃れた警備所
eafb9c8fd7fd7201,TID_START_WAR_FAILED_WAR_REQUEST_NO_LONGER_EXISTS,リクエストの期限が切れたため、対戦を開始できません
d01bf2ea69ef0c18,TID_DUPLICATE_SPELL_INFO,この呪文で、即席の部隊を作りましょう！\n\nクローン呪文は円形の効果エリアを発生させ、そのエリアに入ったユニットをコピーして、一定時間だけそっくりさんを出現させます。ただし、収容スペースを超える数のユニットを出現させることはできません。
72a92ccd13890c7b,TID_BATTLE_BUILDER_FEATURE_DESC,破壊と修理の終わらない連鎖に業を煮やした大工たちが小屋を武装し、施設を修理しながら戦闘にも加わります！
db36a58dc28b499a,TID_HINT_LABORATORY,ラボでユニットをアップグレードすれば、より強く、頼りがいのある戦士に成長します！
2dd21da93473ca9a,TID_NPC_CHALLENGE_TH12_YETI_EARTHQUAKES,<ca9561f>アースクエイクの呪文</c>を使って突破口を開き、防衛設備にダメージを与えましょう。
35268067e2e389e5,TID_TROOP_REQUEST_SENT,リクエストを送信しました！
8d7bf64168d78f60,TID_DIAMOND_BUNDLE_MAGICITEMS_RESOURCE_POTION_ONLY,ひとにぎりの資源ポーション
871b2e5e802e5d0d,TID_HAMMERJAM_OFFER2_MAGICITEMS_WALLRING_AND_ALLRUNES_INFO_4999,• 壁リング<booster1>個\n• エリクサーのルーン<booster2>個\n• ゴールドのルーン<booster3>個\n• ダークエリクサーのルーン<booster4>個\n\n• 収容量制限なし！\n• このパックは4回購入できます！\n\nこの素晴らしいアップデートパックでアップグレードを進めましょう！
902efa295d6cbfc0,TID_REENGAGEMENT_LAB_NO_UPGRADES_SOME_LEFT_2,何かアドバイスをしてみてはいかがですか？
0f68106a3743b6e8,TID_CLANPERK_DESC_TROOP_REQUEST_VALUE,<value>分
c971bbd7cfc64b9d,TID_PUSH_ATTACKED,村が<attacker>に攻撃されました！
841c4d9e67666f72,TID_FORUMS_BUTTON,フォーラム
d85943741838164c,TID_RAID_WEEKEND_REWARD_SUBTITLE,獲得した報酬：
e4626efb8829ebdb,TID_DIAMOND_BUNDLE_TH6_UPDATED_INFO,• ウィザードの塔（レベル3）\n• 迫撃砲（レベル4）\n• <res0>ゴールド\n• <res1> エリクサー\n\n収容量制限なし！\n\nこの初回限定<cffec78><value>倍バリューチャンス</c>をお見逃しなく！
b1440c10432351e8,TID_STARTER_TH2_UPGRADEELXIR,ポンプアップ
c33045f76187e64b,TID_CAPITAL_PLAYGROUND_FROST_2,ここで<c38eaff>フロストの呪文</c>を使い、防衛設備の背後から攻め立てるんじゃ！
044141d541086262,TID_NEWS_UPGRADES_TEXT,
c313a3f576c73fe2,TID_LOCAL_NOTIFICATION_CLOCK_TOWER,時計塔ブーストが使用可能です
78d36d284355e65e,TID_CLANPERK_DESC_DONATION_LIMIT_VALUE,ユニット<troops>体、呪文<spells>個
38a32a25153f638b,TID_DECORATION_WAR_SHIELD,戦士の像
c3aa77a53c607928,TID_BUILDING_CAP_REACHED,この建物はこれ以上建設できません。
2d6ec22870682fdd,TID_BOOSTER_FINISH_SPELL_UPGRADE_ALT_2_LINE,呪文の本
ad24649d226daf54,TID_REENGAGEMENT_LAB_NO_UPGRADES_SOME_LEFT_1,ウィザードたちは次の研究対象をめぐって意見がぶつかり、行き詰っているようです。
b85dd0c501c6516a,TID_CLANGAMES_TASK_INFO_WIN_HOMEBATTLES,マルチプレイで通算<num>回勝利する。
03142b86a92207b3,TID_DEVICE_LINK_ERROR_NOT_ATTACHED_ANDROID,あなたの村はまだ Google アカウントに関連づけられていません。設定画面に戻り、既存の村が関連づけられていない状態で Google Play にログインしてください。\n\n警告: 村の関連づけは恒久的で、後から変更することはできません。
776ca30f492ad332,TID_ACHIEVEMENT_NPC_STARS3_TITLE,さらにゴブリンどもをやっつけろ！
186b1003ae44453e,TID_ACHIEVEMENTS_INFO_ANDROID,達成項目はGoogle Playからも確認できます
62a084f41763957d,TID_BATTLEPASS_PURCHASE_TEXT,ゴールドパスで更なる報酬を\nアンロックしましょう！
ec810b48e417e0ec,TID_ALLIANCE_JOIN_OK,クラン「<name>」に参加しました！
1f2c9c7af860ddc5,TID_NPC_CHALLENGE_TH10_BOBAT_RAGE,<cf07bf8>レイジの呪文</c>を使って、<c9916c8>アーチャークイーン</c>と\n<c54a0fe>ウォールブレイカー</c>を強化しましょう。
6d4e35e452b40648,TID_ADVANCED_SETTINGS_BUTTON,見る
56a2944dc38c0f07,TID_BOOSTER_FINISH_BUILDING_UPGRADE_ALT_2_LINE,建物の本
90c9797e5c761f99,TID_ACHIEVEMENT_DESTROY_ARTILLERY_TITLE,イーグル崩壊
d7367ce87521b523,TID_CHALLENGE_TH6_GIWIWA,巨体の盾
2fce34901f36c6bf,TID_NPC_CHALLENGE_TH8_GOWIVA_POISON,<ce98714>ポイズンの呪文</c>を使って、\n<cf70d16>敵のエアバルーン</c>の動きを鈍らせます。
e6c67e67bac09e6b,TID_EP_SPELL_UNLOCKED,<spell>をアンロックしました！
435f0cd8db924535,TID_DECO_GOBLIN_KING_STATUE,ゴブリンキングの像
7593fa039d659a41,TID_EVENT_HUB_ACCESS,イベントハブ
0b187a7483d44e87,TID_CHIEFS_JOURNEY,チーフの歩み
102a4d8822af4647,TID_CLANGAMES_TASK_USE_HEADHUNTERS,隠密部隊
37f300956c41066d,TID_CANCEL_FRIENDLY_WAR_HEADER,チャレンジを拒否しますか？
f5c0cb8419a2d853,TID_EVENT_ACHIEVEMENT_REWARD_CLAIMED_BOOSTER,イベントクリア！<name>を獲得しました！
240bd7af1c0b5a43,TID_GEAR_FIRE_IN_A_CAN,魔法の火口箱
180a925f472510c1,TID_POPUP_REMOVE_SPELL_TEXT,本当に呪文を破棄しますか？使ったコストは戻ってきません。
dec17496a2344cc4,TID_NEXT_LEVEL,次のレベル
9d6cadcd77e0dbe7,TID_CLANGAMES_TASK_INFO_GET_BUILDERBATTLESTARS,大工の拠点戦で<num>個の星を獲得する。
b31c66a19b713ca0,TID_BUILDING_CLASS_RESOURCE,資源
99cd679785831a2f,TID_HINT_NAMECHANGE,村人たちが混乱してしまうため、村の名前は変えられません。
948ac4b97177581c,TID_SUPER_MINION_ABILITY_HELP,最初の<num>回分の攻撃が、より遠くのターゲットを攻撃する
bfec8046d42985fb,TID_NEWS_BOMB_TOWER_MORE_TITLE,その他のアップデート
b5b00f673b56182f,TID_CLANGAMES_TASK_SPEEDY_STARS_BB,クイックスター
42e1fad1c83925c7,TID_TIP_SPELL_FORGE,攻撃時に使えるパワフルな呪文を生み出します
096a6252e8564351,TID_SIGN_MESSAGE,！
e9caf5213f6d78f8,TID_WAR_RESULTS_INFO_HEADLINE,クラン対戦結果
ebde3cb4c08c6b9f,TID_DEVICE_LINK_SUCCESFULL_TITLE,関連づけ成功！
4a9cbc2b56606610,TID_LOOT_CART_INFO,村を襲った相手が戦利品の一部を残していきました。防衛戦が終わるたびに必ず回収しましょう！
7ceac5cb9abee991,TID_TAB_GLOBAL_CHAT,グローバル
219081ce2c3cda06,TID_TUTORIAL_OWN_HOUSE_4,すでにいくつか選択肢はあるが、都ゴールドを出資するほどアンロックされていくぞ！
25820fef4ef7dd64,TID_MAP_LOCATION_23,大工の岩
f1108f8691444547,TID_DIAMOND_BUNDLE_MAGICITEMS_BUILDING_BOOK_AND_HERO_BOOK_INFO,• <gems>エメラルド\n• ヒーローの本<booster1>冊\n• 建物の本<booster2>冊\n• 収容量制限なし！\n\n大工が手一杯だったり、資源がたくさんあるのに時間がない方へ！魔法の本パックは、ヒーロー1体と建物1棟のアップグレードを瞬時に完了します！\n\nこのチャンスをお見逃しなく！
9280c5e04091474d,TID_BP_PERK_GEM_DONATION_COST,1エメラルド寄付
6dc33c4f08c77b74,TID_MAINTENANCE_NORMAL_TITLE,メンテナンス休憩
8cc8847a213df977,TID_INFO_THROWING_POSITION_SELF,呪文タワー
de71dd8b8e660639,TID_CAPBUILD_MINION_CRYPT_INFO,地下の巣の上に建設されたこの防衛設備には、獰猛なミニガーゴイルが住んでいます。縄張り意識が強いので、侵入者を見つけると一斉に飛び出して始末します。
452da92abae8d873,TID_BATTLEPASS_TASK_INFO_DEPLOY_TROOPS,マルチプレイで通算<num>収容スペース分のユニットを使用する。
f9f08573efda7c43,TID_BATTLEPASS_TASK_INFO_USE_HEALERS,ヒーラーを使い、マルチプレイで<num>個の星を獲得する。
64a6de815d557329,TID_CLANGAMES_TASK_USE_ELECTROFIREWIZARD,稲妻と業火
87062a6acff13d4d,TID_CLAN_MIN_LEVEL,クランの最低レベル：
0768c3a48a99073a,TID_VERSUS_BATTLE_SELECT_VALID_LAYOUT,フレンドリー・チャレンジを始めるには、有効なレイアウトを選択してください！
9121dc324eca7ab8,TID_NPC_CHALLENGE_RAGE_THE_HEALERS,<cf07bf8>レイジの呪文</c>を使って、\n<c54a0fe>ヒーラー</c>の効果を促進しましょう。
fa1d329b4b6e0063,TID_CAPBUILD_SPELLLAB_FREEZE,フロストの呪文工場
dfc0e89cb4209496,TID_CLANGAMES_TASK_INFO_USE_INFERNO_DRAGONS,<num2>体のインフェルノドラゴンを使い、マルチプレイで<num>個の星を獲得する。
a51555bcf3b2df34,TID_NPC29,鋼鉄の篭手
feb54566d35a29e3,TID_POPUP_SHIELD_REMOVAL,いつでも対戦相手を探せますが、他の村への攻撃を始めるとシールドの有効時間が短くなります。攻撃による時間短縮の長さがシールド残り時間を上回るとシールドは消えます。
3b7dcf88e74fbb97,TID_NPC56,ハイプレッシャー
8eb211b5f6a293c3,TID_TRADER_CAPITAL_TAB,合戦メダル
f1e8e9f2aea5c7a1,TID_VISIT_BUTTON,遊びにいく
2cec50c2f97cb5c9,TID_PROJECTILE_DAMAGE,矢のダメージ：<number>
6efca52d2d45aa3d,TID_TELESCOPE_INFO,天文ラボは夜空の星々を観察し、ユニットの隠された能力を引き出す方法を研究します。ユニットのヒットポイントやダメージや収容スペースを改善し、特殊能力を与えましょう！
b35565e7d2c7521e,TID_CLANGAMES_TASK_GET_KILLS_VS_ARCHERQUEEN,クイーン狩り
88895a4bb91c2c9f,TID_BUILDING_CANNON2,大砲
9b4f9138f39648b2,TID_CAPBUILD_GOBLIN_HALL,ゴブリンホール
c00bb86ec331a86a,TID_CLANGAMES_TASK_INFO_WIN_STARS_VS_TOWNHALL_12,マルチプレイで、タウンホールレベル12のプレイヤーから星を<num>個獲得する。
0749706b279a76ab,TID_HERO_ABILITY_SUMMONED_TROOP_TYPE,召喚ユニット：
b6561457a4df3537,TID_RECHARGE_TIME,再チャージまでの時間：<number>秒
9fde12c8c15384ba,TID_AD_SEEKER_FRAG,ラヴァパピィ
838019b5927f5156,TID_POPUP_EDIT_MODE_SAVE,本当に変更を保存しますか？
03be36599385a3fb,TID_LEAGUE_BRONZE3,ブロンズリーグIII
77b71ded8a5a372f,TID_DIAMOND_BUNDLE_BH3_INFO,• <gems> エメラルド\n• <res0>エリクサー\n• レベル1クラッシャー\n\n建設時間なし、収容量制限なし！\n\nこの<cffec78><value>倍バリュー</c>は、1度限りの特別提供となります！
5913346ad272338b,TID_LEAGUE_BRASS1,ブラスリーグI
54907912f7e39b1a,TID_DECORATION_CLASH_FEST_22_STATUE,エターナルフレイム
e991da39e9014d14,TID_EVENT_TEXT_HALLOWEEN_GIANT_SKELETON,「不気味に大胆に」イベント中に巨大スケルトンを使って敵を震え上がらせると、200エメラルドとパワーポーションを獲得できます！
c6cabdf9deb7ba23,TID_CLAN_CHANGED_TEXT,このクランのメンバーではなくなりました。自分の村に戻ってください。
02c10211b7cd144e,TID_BALLOON_HASTE_EVENT_TITLE,エアバルーン加速イベント
e14ac47f031cf4df,TID_NPC_CHALLENGE_TH9_BABYDQW_WALL_BREAKERS,<c54a0fe>ウォールブレイカー</c>を投入して、\n時間を節約しましょう。
6f784c3231da5ee0,TID_ATTACK_COOLDOWN_AFTER_MAINTENANCE,メンテナンス直後は一時的に他のプレイヤーへの攻撃ができません。
c8f44b1ed6e504d0,TID_ICE_HOUND_ABILITY_NAME,凍てつく置き土産
116dc6a21a949075,TID_CLANGAMES_TASK_GET_KILLS_VS_BATTLEMACHINE,マシン狩り
4ca5a98d8b144e0a,TID_NPC_CHALLENGE_TH8_GOWIPE_HEAL1,<cffe346>ヒールの呪文</c>は、すべての味方ユニットが通る\n村の突破口に使いましょう。
a829c0b82495872d,TID_INVALID_NAME,この名前は使えません！\n別の名前を入力してください。
8510d8603bd680c2,TID_CAPBUILD_BLAST_BOW_INFO,ブラストボウは、長年の疑問をようやく解決してくれました。クロスボウの矢を木の幹と同じくらい太くしたらどうなるのか？... もちろんご想像のとおり、とんでもなく危険なシロモノです。
ab09be0e83a1a00e,TID_BP_TASK_HIDDEN_REQUIREMENT,前のタスクを完了すると公開されます！
8072a1bdb461f8b6,TID_EVENT_TITLE_CLANWAR_LONG2,耐久レース
0ed67420a084718a,TID_ALLIANCE_TROOP_RECEIVED,<avatar>からレベル<level>の<troop>をもらいました！
701100141cf01208,TID_HERO_ROYAL_CHAMPION_INFO,ロイヤルチャンピオンは、抜群の反射神経に優れた判断力を持った熟練戦士です。しかし、しばしば考える前に攻撃してピンチに直面するのが玉に傷。
63951655eddcc69e,TID_STARTER_WINUSINGARCHER_INFO,<num2>体のアーチャーを使い、マルチプレイで<num>個の星を獲得する。
cd15f8cec19b95fe,TID_WAR_HISTORY_NOT_AVAILABLE,クランは一度もクラン対戦に参加していません！
8bd5768ad59d821c,TID_CAPBUILD_SPELLLAB_LIGHTNING_INFO,ライトニングの呪文が詰まった大きな樽を生産します。\nうかつに近寄ると、髪型がメチャクチャになります。
c092588ea144d1ac,TID_ALL_TROOPS_USED,全ユニット出撃済み
b401451f5842bed0,TID_CONNECT_WITH_SCID_BUTTON,Supercell IDに接続
1293f9a56068d980,TID_DECO_DUCK_POND,アヒルの池
5cf1ade0327c1294,TID_POPUP_REMOVE_TROOP_AND_SPELL_TEXT,本当にユニットと呪文を破棄しますか？使ったコストは戻ってきません。
ae9a4d358c37751d,TID_FINISH_TRAINING,訓練短縮
d6db8090e3634cbd,TID_WEAPON_TOWN_HALL_14_INFO,ギガインフェルノを目にした敵は、自分たちが飛んで火に入るマシュマロであるかのように感じるでしょう。その後の改良により、撃破されると毒ガスを発生させて付近の敵ユニットにダメージを与え、動きを鈍らせることが可能になりました。
89181f97a1ad4c90,TID_FAVORITE_TARGET_AROUND_HERO,ヒーローから<num>タイル以内
489a978bc60e0209,TID_TRADER_ITEM_GENERAL_ERROR,
4d687dd7498b6cef,TID_BOOSTER_SHOVEL_OBSTACLE_OFFER_INFO,障害物のシャベル<num>個 - 障害物を何度でも動かせるようになります
e966c96eded46437,TID_DECO_RESTORED_PILLAR_INFO,細かな文字が刻まれています。実際、細かすぎて読めないくらいです。
da49d31dfff071c5,TID_MORE_FAMITSU,攻略情報をファミ通Appで今すぐチェック！
056d36e544db1f9b,TID_ARCHER_QUEEN_GLADIATOR,剣闘士 クイーン
5ab2c6ab8c62823b,TID_BP_REWARD_CATEGORY_CAP_HOUSE,都の家カスタマイズパーツ
44bfee6dd3cfb471,TID_SUPER_MINER_INFO,強力なドリルと立派な口ひげを備えたスーパーディガーは、どんな村でも掘り崩してみせます！
704731fd93349e0e,TID_EVENT_GET_GEM_ALTERNATIVE_TEXT,魔法アイテムの収容スペースが足りないため、すべてのイベント報酬を受け取れません。入りきらない報酬を<amount>エメラルドで売却しますか？
395324100267877e,TID_BOOSTER_USE_HERO_POTION_QUESTION,<booster>を使って、すべてのヒーローとペットを<time>にわたってタウンホールの最大許容レベルにレベルアップしますか？
5374cfd498ed246d,TID_NPC55,ウィザード訓練所
8ebfd45bf76a4590,TID_SHOP_CATEGORY_COSMETICS,外見変更アイテム
3415281e8d07be07,TID_CAPBUILD_SPELL_STORAGE_INFO,呪文貯蓄所には、都で生成された呪文が保管されます。\nアップグレードすると、合戦の際に使用できる呪文の容量が増加します。
41410a399509e591,TID_9TH_CLASHIVERSARY_SCENERY,9周年記念
5de0dcf2b0a0fd42,TID_BATTLEPASS_TASK_INFO_WIN_BATTLES_USING_FLAME_FLINGER,フレイムシューターを使い、マルチプレイで<num>回勝利する。
c9b985bba02dfea9,TID_WAR_STATS_TOTAL,総数：
9d82f11eb3e13bcd,TID_SKELETON_KING,スケルトン キング
a6a50c40db8354a4,TID_REPLAY_NOT_AVAILABLE,リプレイ視聴不可
dbbf2c3edb8f61cc,TID_TUTORIAL_WORKER_MENU4,チーフ、やることが沢山ありそうですよ。まずは村に手を入れましょう！
1e4c0c0a9cc274f9,TID_CREATE_SKELETONS_SPELL_INFO_SHORT,スケルトン軍団の奇襲攻撃を仕掛けましょう！
a9d142e6c8f1c048,TID_BOOMBOX_FOR_YOU,あなた宛て
78d2bfe621d8cb38,TID_NEWS_TREASURY TITLE,新しいお宝と宝庫
043baa18df642658,TID_RECOVERY_BUILDING,癒しの小屋
b0dfecdc3b0db2a4,TID_NO_OPENID_LOGIN_KUNLUN_ACCOUNTS,此账号已成功完成绑定，请您继续使用原有方式登录，后续登录方式请留意官方公告。
2e5069a0c6752b68,TID_SPELL_HEAL_SPIRIT,
188a9207dd974ec1,TID_CLANGAMES_TASK_INFO_SPEEDY_STARS_BB,大工の拠点戦で<num>個の星を獲得する。戦闘開始後<num2>秒間で獲得した星のみカウント。
c102a18ef0054d16,TID_NOT_ENOUGH_SPACE_IN_TREASURY,タウンホールに<booster>を保管する空きスペースがありません。
5ecade49179f0374,TID_DIAMOND_BUNDLE_MAGICITEMS_BUILDER_POTION_WITH_GOLD_INFO,• <res0>ゴールド\n• 大工ポーション<booster1>個\n• 収容量制限なし！\n\nタウンホールや防衛設備のアップグレードに必要なものが全部入っています！
4109330ad9ccc596,TID_START_WAR_FAILED_GENERIC_ERROR,他のクランに宣戦布告できません。あとでまたお試しください！
3201a0e4aa441760,TID_TRAP_FREEZE_SP,ゴブリンのフリーズトラップ
e69a5f494e36705d,TID_DEVICE_LINK_ERROR_GAME_CENTER_TEXT_ANDROID,デバイスの関連づけを実行するにはGoogle Playにログインしてください。設定画面にあるGoogle Playのサインインボタンをタップしてから、再度実行してください。
0396a7d8880a2b95,TID_ALLIANCE_WAR_LOOT_CONFIRMATION,本当に全ての資源を宝庫から保管施設に移動しますか？
9a338ec977520cef,TID_DIAMOND_BUNDLE_MAGICITEMS_HERO_BOOK_WITH_RESOURCES_INFO,• ヒーローの本<booster1>冊\n• <res0>ダークエリクサー\n• 収容量制限なし！\n\nヒーローの本を使って、どんなヒーローアップグレードも瞬時に完了しよう！\n\nこの初回限定<cffec78><value>倍バリューチャンス</c>をお見逃しなく！
457947bf53898561,TID_REMOVE_FRIEND_BUTTON,フレンドを削除
3549b7d6debfcde8,TID_TRAINING_TIME,訓練時間：<number>
d818c0c700ca0ead,TID_CHARACTER_INFO_MINION_HORDE,装甲のない6体の空中攻撃部隊です。3体寄ればなんとやら、6体寄ればかんとやら！
01409243df7d8a97,TID_FORCED_TO_STAGE,<name>はエリア<stage>にしか設置できません
44ab676d282a01d0,TID_DISTRICT_CHALLENGE_DEFAULT_INPUT,この地区を攻略できますか？
a49167f6c111eb67,TID_PERSONAL_BREAK_STARTED,シールドなしでの連続オンライン時間が長すぎるため、間もなく数分間だけ強制的にオフラインになります。
db8c5bc28e260d05,TID_DECO_GOBLIN_BARREL,ゴブリンの樽
963f28b7ab47dffb,TID_BB_LEAGUE_ITEM_STAR_BONUS_REWARD,星ボーナス報酬：
8705d8d7ff951d4d,TID_BATTLEPASS_TASK_INFO_DEPLOY_SUPER_TROOPS,マルチプレイで通算<num>収容スペース分のスーパーユニットを使用する。
db2061260b608430,TID_NPC30,クイーンズ・ギャンビット
d25b4e613026a067,TID_EVENT_HUB_ACCESS_INFO,イベントハブ
0077382b0a67d520,TID_RESEARCH2_ABILITY_TITLE,特殊能力
cc75fc216250c61d,TID_TUTORIAL_ELIXIRSTORAGE,エリクサーを貯めておける場所も欲しいですね。
fdd1f5b0ccdb1fad,TID_CLAN_TAG_NEWBIE,ビギナー
503bafc35141bbad,TID_GUARD_BUY_CONFIRMATION,村の護りが有効になりました！
724de2ec03bf1079,TID_XP_BUTTON_HAYDAY,Free
4128c284d6b9babb,TID_CLANGAMES_TASK_INFO_USE_LOONS,<num2>体のエアバルーンを使い、マルチプレイで<num>個の星を獲得する。
fdb3d312e759e71d,TID_CLAIMABLE_GEAR_LOCKED,イベント、ショップ、旅商人から入手可能なアイテム
7bfa724ed7b16501,TID_INFO_POP_UP_IAP_NOTE_TITLE,アプリ内での購入
28251f95f1c6a799,TID_DIAMOND_BUNDLE_TH4_REVISED_INFO,• <res0>ゴールド\n• <res1>エリクサー\n• 大工ポーション<booster1>個\n\n収容量制限なし！\n\nこの<cffec78><value>倍バリュー</c>のパックは、1度限りの特別提供となります！
ca52d94d4e87edc1,TID_HINT_GOBLIN_TARGET,ゴブリンはゴールドやエリクサーが大好きで、資源系の建物を優先的にねらいます。
eae85c37e00587e4,TID_DARK_TOWER_INFO_SHORT,1体の敵なら骨まで溶かし、複数の敵なら大やけどを負わせます。
3ea442c2ce364b6d,TID_CLANGAMES_TASK_INFO_WIN_BUILDERBATTLES,大工の拠点戦で<num>回勝利する。
a0ff2de21cdeb7a7,TID_CLANGAMES_TASK_WIN_STARS_USING_HEAL_INFO,ヒールの呪文を<num2>回使い、マルチプレイで<num>回勝利する。
e53cc4781ef91438,TID_TUTORIAL_SHIP_READY,迷う心配はありません。私たちが\n航路を覚えていますからね！
7e66a8a9996ed556,TID_SPELL_BATS_INFO_SHORT,どこにでもコウモリの群れを召喚できます。
e9d3f7186c3b41a2,TID_CAN_COPY_ONLY_SAME_BH_TO_YOUR_OWN,ビルダーホールレベルが異なる場合、レイアウトはコピーできません。
73eb2f808585361f,TID_LEAGUE_SILVER3_SHORT,シルバーIII
264924f52dc2b41c,TID_TOWN_HALL2_INFO,マスター大工の家であり、戦闘では最優先目標となります。\n\n攻撃の際に相手のビルダーホールを破壊すると、星が1つ付与されます。さらに、破壊率が50％に到達すると2つ目の星を、100％に到達すると3つ目の星を獲得できます。\n\nビルダーホールをアップグレードすると、より高度な建物やユニットがアンロックされます！
706d713e6acaff81,TID_AVAILABLE_RAID_MEDALS,利用可能な合戦メダル：
38d69e4fb0771ee3,TID_WL_LEADERBOARD_BRACKET_POS8,グループ8位
2f1ba126bfd10848,TID_ACHIEVEMENT_GOLDSTORAGE_TITLE,きんきら金庫
449fb4afcda1b329,TID_TUTORIAL_BATTLE_BUILDERS_2,大工の小屋をアップグレードして、\n真価を発揮してもらいましょう！
e56521b1700b5a3e,TID_BACK_BUTTON,戻る
826d91b73d12cbdf,TID_BATTLEPASS_TASK_WIN_STARS_USING_INVISIBILITY,いないいないばぁ！
af0c640f0af42148,TID_NPC_CHALLENGE_TH9_BABYDQW_RAGE,<cf07bf8>レイジの呪文</c>を使って、<c9916c8>アーチャークイーン</c>と\n<c54a0fe>ヒーラー</c>を強化しましょう。
703ada8df7fdf9b0,TID_BATTLEPASS_TASK_COMPLETE_EVENT,イベント賢者
13e0e987618ec1c7,TID_V2_START_DUEL_GENERIC_ERROR,マッチを検索できません！
d98eb6a0e121003b,TID_BUTTON_EDIT_PRESET,編集
4d3a4f186852f4b4,TID_MEMBERS_SORTED_BY_TROOPS_DONATED,寄付したユニット数
f8cc7429102bdd05,TID_POPUP_SPEED_UP_BOOSTER_CONSTRUCTION_SLOWDOWN,<item>を建設中のため、訓練速度が遅くなっています。<booster>を使って今すぐ完了させますか？
8f201a6dc0bea7bb,TID_RAID_SIGNUP_ERROR_NO_LONGER_AVAILABLE,週末合戦への参加登録は終了しました。
6715d7c7437cd260,TID_JOIN_NEW_CLAN_WHILE_IN_CLAN_TITLE,クランを脱退します
d9bb05689bef1c21,TID_CAPITAL_PLAYGROUND_JUMP,<c85ff3b>ジャンプの呪文</c>は、川などの水面や壁を飛び越える時に有効だぞ。
0a5227399705c4a8,TID_CHALLENGE_ALREADY_CLOSED,チャレンジは終了しました
52b8246543a26457,TID_ERROR_POP_UP_BANNED_TITLE,アカウント情報！
4aa6b2eaa715218f,TID_DECO_GREAT_PYRE,聖なる炎
3e9111294dcb0729,TID_GOBLIN_THROWER,ゴブリン砲
a39702b5b0cfd91f,TID_CHALLENGE_FRIEND_TITLE,フレンドにチャレンジ
d81cd650f2b5052a,TID_LAVA_LAUNCHER_INFO_SHORT,炎を投げるくらいなら、溶岩をぶつけた方が効果的じゃない？
c6d40a90e148e6ef,TID_POPUP_BOOST_ALL_DARK_BARRACKS,闇の兵舎<number>棟における訓練速度を<time>だけ<multiplier>倍にしますか？
5944a3733043ec1e,TID_BATTLEPASS_TASK_WIN_BATTLES_USING_VALKYRIES,切り刻み隊長
232902997f5520d1,TID_MOVE_MASTER_BUILDER_ERROR_VILLAGE_HV,マスター大工は現在、大工の拠点にいます
01e633f559ffd38e,TID_TRAINING_SLOTS,訓練スロット：
7e81e1713d6d8486,TID_CHARACTER_INFO_RAGED_BARBARIAN_SHORT,スピード、怒り具合、よだれの量... どれをとっても一級品です。
6dbb0df8083a2001,TID_CLAN_GAMES_SUMMARY,概要：
ce24b04e89aab08c,TID_WL_INFO_LIVE_TAB2_TEXT,報酬上限は、クランの所属リーグレベルとシーズン終了後の順位に基づきます。報酬は少なくとも20％で、獲得した星1つにつきさらに10％ずつ入手できます。星8個以上を獲得すれば、すべての報酬を入手することになります。
625f5f2a34e50f1a,TID_REPLAY_PLAY_AGAIN,もう一度見る
c6cdc0c0aa24c90e,TID_GOLD_PASS_SEASON_BANK_DETAILS,シーズン資源を貯めて、シーズン終了時にもらえる戦利品を増やしましょう！\n\nゴールドパス所有時のシーズン資源の最大値：\n• ゴールド：<gold>\n• エリクサー：<elixir>\n• ダークエリクサー：<de>
1218f073a5d9fead,TID_HEALING_WAVE,ヒールの呪文
a67a2e5fc980f0b5,TID_ADD_FRIEND_ERROR_TOO_MANY_FRIENDS_YOU,フレンドが多すぎます。新しいフレンドを登録するには今いるフレンドを1人削除してください。
2ca8c408b139c13d,TID_BOB_UNLOCK_BUILDING,B.O.B制御基地
086a30569629d7a0,TID_AIR_DEFENSE_INFO,この対空設備は空を飛ぶ敵には絶大な攻撃力を\n発揮しますが、地上の敵には攻撃できません。\nできるだけ広い範囲を守れるように、うまく配置しましょう。
24bde50a8ce7dd13,TID_TOO_MANY_REPORTS_SENT,1日の最大報告数を超えています！
6f3b92b2011e3e0c,TID_BOOSTER_FINISH_ANY_UPGRADE,森羅万象の本
d434c5d30844dc32,TID_STAR_BONUS_BOOST,星ボーナスブースト
736717ddbbebe1e6,TID_BUILDING_TEXT_ALERT,!!!
61f65265c3c4bc17,TID_NO_DEFENSES_YET,まだ防衛が行われていません。
15ce747b8dc5aa5f,TID_CAPITAL_LOCKED_CLAN_LEVEL_TOO_LOW,クランの都はクランレベル<level>でアンロックされます
6db4f574450d305b,TID_BB_START_ATTACK_POPUP_TITLE,攻撃開始
7423667f210090df,TID_SUPERCELL_ID_BUTTON_CONNECTED,接続済み
57adf6c00e49d2c3,TID_PET_DIGGY_ABILITY,驚天動地
7ac030bb9429091f,TID_REPLAY_SHARED_SUCCESS,リプレイを共有しました！
7ddba09ba1bcf002,TID_START_WAR_FAILED_NOT_IN_ALLIANCE,クランに参加していないので、クラン対戦はできません！
fe70229ac0baf5f6,TID_BATTLEPASS_TASK_WIN_STARS_USING_POISON,毒々バトル
f3018fd21245f30d,TID_TENCENT_DOLPHIN_ERROR_8,当前环境下载安装包异常，请去应用商店下载最新版本。
13af76761c21275f,TID_NPC_CHALLENGE_TH12_YETI_FUNNEL_WIZARDS,サポート役に<c54a0fe>ウィザード</c>を配置しましょう
447748140ea370b3,TID_BATTLEPASS_TASK_WIN_BATTLES_USING_POISON,毒々バトル
6de907f44a14921d,TID_TUTORIAL_WORKER_2,大工の小屋を2つに増やせば、\n同時に2つの建物を建設できます。
83f7e782f2559116,TID_DEFENCE_TROOP_COUNT,防衛側ユニット：<number>
949fc454dda00217,TID_TRAINING_INFO,ユニットのアイコンを長押しすると、複数のユニットの訓練を予約できます。
75a05f6723d1421b,TID_UPGRADE_INFO_START,増加
680011a498615524,TID_RAID_WEEKEND_ENEMY_DISTRICTS_DESTROYED,破壊した敵の地区：
97ba35fc7f2baa5e,TID_ACHIEVEMENT_DESTROY_XBOW_ONE,マルチプレイで巨大クロスボウを1個破壊する。
c51ca832968f715d,TID_TUTORIAL_CAPITAL_ARMY_3,部隊を選択したあとは、いつでも戦場に送り込むことができるぞ。
8317ad2121fa9ac6,TID_BUTTON_REPAIR_TRAP,再利用
a9a2c9c49c01e46c,TID_BUY_MISSING_RESOURCES_TEXT_TWO,不足している<count>個の<resource>と<count2>個の<resource2>を購入しますか？
9a20db94b8749006,TID_FEATURE_BUILDER_BASE_DESC,嵐が吹き荒れる海を渡り、未開の島で新たな冒険に旅立ちましょう。
6bca65b3f5b4168a,TID_LEADERBOARDBANNER_3,3)
b82aec47770f25a1,TID_SCENERY_NOT_AVAILABLE,この背景はシーズンチャレンジでアンロックできます
bdc52850660cada3,TID_BATTLEPASS_TASK_INFO_USE_LAVAHOUNDS,ラヴァハウンドを使い、マルチプレイで<num>個の星を獲得する。
af82d56409ae0294,TID_OBSTACLE_TOMBSTONE,墓石
a4d21a41ee7b137c,TID_ALLIANCE_WAR_EVENT_PREPARATION_STARTED,クラン対戦の準備期間に入りました
82b0ffe58f898273,TID_KUNLUN_APP_STORE_OPPO,Oppo
adffa12a3086997c,TID_TRAP_AIR_MEGA,ホーミング対空地雷
648dadfd6ae7de26,TID_WAR_STATS_HEADER_DEFEAT_BASES,敵拠点の攻略数
73c99e7ab8b866c9,TID_CLAN_SETTINGS_YES,はい
62da7f66af569b70,TID_WAR_ATTACK_CONFIRM_INFO,本当に準備万全か確認しましょう！続けると、残っている攻撃回数を1つ消費します。
a43fe049e85d28c9,TID_NPC_CHALLENGE_TH10_MINER_WIZARDS3,<c54a0fe>ディガー</c>が村の中に残るように、\n残りの<c54a0fe>ウィザード</c>を投入しましょう。
e55b8877f76ba945,TID_CLANGAMES_TASK_WIN_STARS_USING_EARTHQUAKE_INFO,アースクエイクの呪文を<num2>回使い、マルチプレイで<num>回勝利する。
824808a9e1c6fca3,TID_CRAFT,造幣
1c0f04aa24816452,TID_POPUP_BOOSTER_INSTANT_UPGRADE_TITLE,今すぐアップグレード！
0d28a5ead8d0fd64,TID_PLAYER_TAG,プレイヤータグ
6952b09c2f3dd653,TID_CLANGAMES_TASK_USE_INFERNO_DRAGONS,灼熱の戦い
d2ce67743172e831,TID_BATTLEPASS_TASK_WIN_BATTLES_USING_BETAMINIONS,エリートガーゴイル
3262730dc117ac8c,TID_DECORATION_SUPER_TROOP_STATUE_INFO,スーパーユニットが登場！
ff74ca8aff34fc3a,TID_DIAMOND_BUNDLE_MAGICITEMS_BUILDER_BASE_BUILDER_POTION_WITH_GOLD_INFO,• <res0>ゴールド（大工の拠点）\n• 大工ポーション<booster1>個\n• 収容量制限なし！\n\nビルダーホールや大工の拠点の防衛設備のアップグレードに必要なものが全部入っています！
313aa9785f6f9fea,TID_BARBARIAN_KING_GLADIATOR,剣闘士 キング
5bafb43ea5ee4e87,TID_CAPITAL_PLAYGROUND_DEPLOY_AREA_EXPLANATION,都の攻撃では、好きな方向からユニットを繰り出すことはできん。
e817256dd6eb662c,TID_CLANGAMES_TASK_INFO_DESTROY_INFERNOTOWERS,マルチプレイで通算<num>個の<building>を破壊する。
a1cf96540c1b2afb,TID_FEEDBACK_INFO1,\n
ed3226b5be85a2ef,TID_BUILDING_XBOW2_INFO_SHORT,地上にいようと空中にいようと熾烈な攻撃をお見舞いします。
2ac43b3edacdfaf4,TID_BUTTON_RATE_APP_REVIEW,フィードバック
81f2d72a227dc6e9,TID_PRIORITIZE_UPGRADE_TOO_MANY_PRIORITIZED_UPGRADES_IN_ALLIANCE_DISTRICT,アップグレード優先数の上限に達しました
97fdaaca34a8999f,TID_DIAMOND_BUNDLE_TH8_UPDATED_INFO,• ボムタワー（レベル2）\n• ウィザードの塔（レベル5）\n• <res0>ダークエリクサー\n\n収容量制限なし！\n\nこの初回限定<cffec78><value>倍バリューチャンス</c>をお見逃しなく！
93d10f69e3bb6fee,TID_BATTLEPASS_TASK_INFO_WIN_BATTLES_USING_ELECTROFIREWIZARD,<num2>体のファイアボルトウィザードを使い、大工の拠点戦で<num>回星1つを獲得する。
b9ca63d02f91baee,TID_DIAMOND_BUNDLE_BH8,ビルダーホール8パック
33124247a36a5ea3,TID_WAR_SELECT_MEMBERS_HINTS,上のボタンで参加メンバーの人数を増減できます。
5553304a5c147f8e,TID_WAR_STATS_HEADER_FEATURED_BATTLES,注目のバトル
ca508ed988b2e57f,TID_LOCAL_NOTIFICATION_EVENT_XMAS_MAGICITEM,チーフ、魔法アイテム初のクリスマスセールが始まりました！
805f7666e2bdc20c,TID_ACHIEVEMENT_WAR_STARS,クラン対戦の戦闘で星を<number>個獲得する。
25e56c80216deb31,TID_CLANGAMES_TASK_INFO_CLEAR_OBSTACLES,自分の村または大工の拠点で通算<num>個の障害物を除去する。
7c97417e2eac7195,TID_ARTO_TASK_CANNON_CART_FLUFF,車輪には、どこかつかみどころのない奥深さがあります。\n移動砲台を使いこなせるようになれば、きっと正しく理解できるはずです。
0108a8116ef9a135,TID_COPY_HERE_BUTTON,ここにコピー
9064a1e680b5dd24,TID_NEWS_UPGRADE_OS_MORE,詳しく
19a8b81a596101ee,TID_CLANGAMES_TASK_INFO_USE_SUPER_WIZARDS,<num2>体のスーパーウィザードを使い、マルチプレイで<num>個の星を獲得する。
660d78b79e9aaeb3,TID_NPC20,ゴブリンキャンパス
428631b238bdffb3,TID_ERROR_POP_UP_AUTO_DISCONNECTED,一定時間操作がなかったため、切断されました。
d379a1fe92c08ccc,TID_HASTE_SPEED,速度上昇：<number>
ee0ce646ad3ede3b,TID_CLANGAMES_TASK_DESTROY_GOLDSTORAGES,金庫襲撃
a1d49f69e205b6b5,TID_CLANGAMES_TASK_USE_CANNONCARTS,移動砲台クルーズ
7dde17fc3f155115,TID_LOCAL_NOTIFICATION_EVENT_NOOB_PACK_0099_0299,チーフ、役立つ初回限定セールをご用意しました。賢く使って栄光を掴みましょう！
f5e2425ac930663e,TID_PRESET_ORIGINAL_TROOP_ALREADY_INCLUDED,すでに通常バージョンのユニットが部隊に含まれています
a2debd6ea944ee57,TID_NPC_CHALLENGE_TH6_GIWIWA_WIZARDS2,チャンスです！<c54a0fe>ウィザード</c>をもっと投入しましょう！
a39e272163038030,TID_ANTIADDICTION_ADULTHOOD_NOT_FULFILLED_3,プレイヤー様は未成年であるため、ゲーム依存防止システムによるプレイ制限がかかっております。本日のプレイ可能時間の1時間30分に達しました。
35e57d70a7b08d26,TID_NPC47,P.E.K.K.Aの遊び場
4b9de36755279ba1,TID_VILLAGE_GUARD_TITLE,村の護り：
581b4dcd7e715e61,TID_HASTE_DAMAGE_OFFSET,攻撃力増加：<number>
15ce5a0da3f11518,TID_DECORATION_GOLDEN_HOG,金のホグ
c851776a2b36044e,TID_BOOSTER_BOOST_PRODUCTION,訓練ポーション
975ebab22e4fe92f,TID_NPC_CHALLENGE_TH8_GOWIPE_WIZARDS1,サポート役に<c54a0fe>ウィザード</c>を配置しましょう。
c937aab0faf7190c,TID_NEWS_CHALLENGE_PREVIEW_TITLE,近日登場：フレンドリー・チャレンジ！
310fed446822bbf3,TID_SIEGES_FEATURE_DESCRIPTION,援軍を搭載できる特別な兵器です。突破工房で建造できます。
066b50494863f69d,TID_WIZARD,ウィザード
5079b01c3bfa5c6d,TID_LEGEND_SIGN_UP_CONFIRM_TITLE,レジェンドリーグに参加
e8e4a2820a060a92,TID_LEAGUE_IV,IV
92a19aeb5a2be5e4,TID_WIZARD_TOWER_INFO,究極の魔法系防衛設備です！塔に陣取ったウィザードたちが\n強力な範囲攻撃呪文で、空中や地上の敵ユニットを攻撃します。
8f6b9aa92412e73e,TID_LEGENDS_ATTACKS_LEFT,残りの戦闘数：
041ecfc289b6f264,TID_BOOSTER_FINISH_SPELL_UPGRADE,呪文の本
618deee718ed19d2,TID_RAIL,レール
8ca8de213af3be03,TID_INCOMPLETE_CAPITAL_ARMY,攻撃の前に都の部隊を編成しましょう
4562b96cc7444633,TID_DIAMOND_BUNDLE_BH7_INFO,• <gems>エメラルド\n• <res0>エリクサー\n• <res1>ゴールド\n• レベル4重砲\n\n建設時間なし、収容量制限なし！\n\nこの<cffec78><value>倍バリュー</c>は、1度限りの特別提供となります！
c1ff93928229bf63,TID_MONTH_9,9月
53be0777fd08064d,TID_DECO_DEAD_JAKUZZI,不気味な温泉
30a3b497b848a98c,TID_VILLAGE2_PVP_LOOT,勝利数
130194bb2fcee3cd,TID_PRESET_TOO_MANY_DIFFERENT_SUPER_TROOPS,部隊に含まれているスーパーユニットの種類が多すぎます
7a9bfa2168cd76d3,TID_JOIN_NEW_CLAN_WHILE_IN_CLAN_TEXT,このクランに参加すると、現在のクランからは脱退することになります。よろしいですか？
7672212c4d1fd16a,TID_BB_LEAGUE_MAX_ELIXIR_REWARD,防衛時の最大報酬：
835fc7378918d55c,TID_DECORATION_GOLDEN_GOBLIN,ゴールデンゴブリン
4a8dbc6237f552f9,TID_MAP_LOCATION_21,苦難の池
3906147d4e4e45a6,TID_CONFIRM_CLEAR_TRAINING_QUEUE_TITLE,訓練予約の取り消し
666c74acf4b48fa9,TID_MINER,ディガー
46afed4192cee14a,TID_TUTORIAL_WORKER_1,わあ、お見事です！\nそれでは村を戦える状態に\nしていきましょう。
900631eee0887fa5,TID_PET_SPIRIT_FOX_INFO_SHORT,シャイすぎて透明になります！
d084b51fb101394c,TID_DONATE_NOT_AVAILABLE_IN_MODE,ユニットを寄付するにはホームに戻ってください！
7ec7401c9451b179,TID_CAPBUILD_WALL_INFO,壁は敵を食い止めて地区を守ります。\n\n地区の壁は常に均一のレベルで、アップグレードは全体に適用されます。\n共に築き、共に戦い、共に壁をアップグレードしましょう！
dec4a5e59f0a0f05,TID_GOLD_SHOP_PACK,ゴールド<number>
43598b638321273f,TID_BATTLEPASS_TASK_INFO_USE_BABYDRAGONS,ベビードラゴンを使い、マルチプレイで<num>個の星を獲得する。
fbf951ff4075e247,TID_MEGA_TESLA_INFO,テスラに「メガ」がついたら、どうなってしまうのでしょうか？\nその強力な雷撃は、屈強なユニットに対しても大ダメージを与えます！
4e8abeb754439760,TID_CHALLENGE_TH7_DRAGON,熱い吐息
8e138fab43dbd663,TID_ANDROID_BILLING_PRODUCT_NOT_AVAILABLE_PRICE,情報を表示
d0db5bcd16beeb28,TID_ALLIANCE_CREATE_TH_LEVEL,必要タウンホールレベル：
9d9e8e9df9a9b008,TID_CAPITAL_UPGRADE_PRIORITIZE,優先する
9ff4ba83d7ef73da,TID_ALLIANCE_WAR_PREPARED_HEADER_ENEMY,戦闘態勢に入った敵のクランメンバー：
672a11a224046e10,TID_CHANGE_NAME_ALREADY_USED,名前を変更できません！このアカウントでは既に名前の変更を行っています。
3bb38a622610603b,TID_STREAM_REQUESTED_REINFORCEMENTS,リクエスト済み：
49c99cd2470d7de0,TID_DECO_HILL_8,大きな峰
35d7ddbf176f0b66,TID_YOU_GOT_REWARD,戦利品：
90ccca5ccaf4cdda,TID_FRIENDLY_ZONE,味方領土
f22014638dd24d78,TID_AUTO_FORGE_SLOT_DESC,大工不要かつコスト半額で造幣できます。ゴールドパスでアンロック可能です。
e11987fd551c8348,TID_HALLOWEEN_END_CAULDRON,禁断のエリクサーのデコレーションは村で保管されます。
636b0c7fe84c993f,TID_LAST_ONLINE_OVER_WEEK_AGO,1週間以上前にプレイ
3ac77ef593fac42c,TID_ALLIANCE_WAR_LOOT_CONFIRMATION_TITLE,資源を回収しますか？
70ab47926a72062f,TID_CLANGAMES_TASK_USE_BOMBERS,ボンバー爆破大作戦
e864cfba16341c06,TID_NEWS_UPGRADE_OS_TITLE,重要なお知らせ
23c3e6585f5e9bb3,TID_WL_COLUMN_WINS,勝利数
f47904a8725f7791,TID_CAPITAL_TUTORIAL_7,都の山頂にはすべてが揃っておる。温泉に快適な住居、そして都ホールといった具合にな。
3d970ccf0f5b05ea,TID_CLAN_GAMES_CHOOSE_BONUS_REWARD,追加報酬を選択
f4c892a2e315aa09,TID_MEDALS,リーグメダル
71095b45a0ef9306,TID_DISTRICT_UNLOCKS_AT_MESSAGE,都ホールレベル<num>でアンロックされます
44a809ab183d7fba,TID_BUILDING_CLOCK_TOWER,時計塔
bd262b17dfa125e7,TID_OFFER_PURCHASE_PENDING,購入中...
100dd5200752f2c3,TID_GUIDANCE_WRONG_LOCATION,正しい位置に配置してください！
079b8349bbd14aaa,TID_CLANGAMES_TASK_DESTROY_BB_CRUSHER,クラッシュ・クラッシャー
94a83e7b6f792f68,TID_ALLIANCE_BADGE_BROWSE,見る
ec8d4c9fc9b2329d,TID_BATTLEPASS_TASK_WIN_BATTLES_USING_INVISIBILITY_INFO,インビジブルの呪文を使い、マルチプレイで<num>回勝利する。
602a6d2166e26da4,TID_BUTTON_SWAP,入れ替える
64781c7ffa2328bb,TID_HERO_GEAR_RESOURCE_REWARD_INFO,装備資源は星ボーナスからも獲得できます！
7388c7c021cf42ea,TID_ALLIANCE_WAR_COOLDOWN,あなたのクランは、<time>の間、クラン対戦への参加を禁じられました
3cf31ccd1a22c1c2,TID_AVATAR_MESSAGE_TEXT_GEM_REVOKE,本アカウントからのご購入に対する返金依頼が、<refundDate>に承認されました。ご購入時の決済方法と同じ方法で返金いたします。\n\n返金額に相当するエメラルド<totalRevokedGems>個をお客様のアカウントから削除いたしました。このお手続きにより一時的にエメラルドの個数が0以下になる場合がございます。この場合でも、ゲーム内でエメラルドを集めたり、再度ご購入いただければエメラルドの数は増えていき、いずれ0以上になります。
74819aef5fe7eb63,TID_CLANGAMES_TASK_INFO_DESTROY_BB_FIRECRACKERS,大工の拠点戦で通算<num>個の<building>を破壊する。
d3a89e58ab62d965,TID_OBSTACLE_HALLOWEEN2018,魔女の帽子
0fce0c6d9d6d12ba,TID_BUTTON_SEND_AWAY_MASTERBUILDER,移動
e0f4cfba2a6d7614,TID_ACHIEVEMENT_DONATE_SIEGES,突破兵器を<number>個寄付する。
2eefdef7282ef581,TID_HEALING_WAVE_INFO,味方ユニットを回復させて、ねばり強く戦いましょう！\n\nこの呪文は回復の輪を作り出します。\n輪の内側にいる限り、味方ユニットの受けたダメージが回復していきます。
6c77e4677f38bb1c,TID_BUILDING_TELESCOPE,天文ラボ
8d3ebebc2999b3cc,TID_STARTER_TH2_UPGRADEGOLDSTORAGE,きんきら金庫
80b4251a210c1be3,TID_NPC_CHALLENGE_TH11_LAVALOON_INFO_QUEEN,<cf70d16>敵のクイーン</c>への対処も考えなければなりません。
1dc75e33a3348393,TID_BATTLE_TIME_TITLE,戦闘終了まで：
5ed44e1d59cf65d7,TID_TREASURY_CAPACITY,<resource>：<number>
900370d1820cf65f,TID_REPORT_DESCRIPTION_TITLE,详细描述
f1f123d5fceed2da,TID_SUPER_WALLBREAKER_ABILITY_HELP,特大ボムよりも大きい爆弾で、必ず爆発する
e126449d51233592,TID_DIAMOND_BUNDLE_MAGICITEMS_BUILDING_BOOK_AND_HERO_BOOK_INFO_OLD,• <gems>エメラルド\n• ヒーローの本<booster1>冊\n• 建物の本<booster2>冊\n• 収容量制限なし！\n\n大工が手一杯だったり、資源がたくさんあるのに時間がない方へ！魔法の本パックは、ヒーロー1体と建物1棟のアップグレードを瞬時に完了します！\n\nこのチャンスをお見逃しなく！
0aec148cd7278920,TID_CLANGAMES_TASK_INFO_DESTROY_MORTARS,マルチプレイで通算<num>個の<building>を破壊する。
ebb84014237c14c0,TID_ALLIANCE_WAR_MATCHED_WAITING_OPPONENT,相手の承認を待っています
61060fa58a6766ca,TID_OBSTACLE_HALLOWEEN2015,ハロウィーンの大釜
7ebab5de8e308001,TID_HERO_ABILITY_UPGRADE_PROMPT_FEMALE,ヒーローをレベル<number>にアップグレードして、能力をパワーアップしましょう！
d3f71015afb13988,TID_WL_STAT_POSITION1,1位
d5678b6f8301b5ac,TID_ADD_FRIENDS_INFO_ANDROID,Google Play のフレンド機能も近日対応！
3b501373536e5c23,TID_DUEL_WIN_BONUS,勝利ボーナス：
e2b45b81c8cb3eff,TID_POPUP_BOOSTER_FILL_STORAGE_TITLE,保管設備を一杯にしますか？
9df0816924bae225,TID_DIAMOND_BUNDLE_MAGICITEMS_BUILDER_BASE_BUILDING_BOOK_WITH_GOLD_INFO,• <res0>ゴールド（大工の拠点）\n• 建物の本<booster1>冊\n• 収容量制限なし！\n\nビルダーホールや大工の拠点の防衛設備のアップグレードに必要なものが全部入っています！
9b070684ffdf9a29,TID_ACHIEVEMENT_DESTROY_WEAPONISED_TH_COMPLETED,破壊した武装化タウンホールの総数：<value>
a519664b8345cf5a,TID_NEWS_TH11_UPDATE_ARTILLERY_TEXT,• 強力で射程が長いこの兵器は、しっかりと準備された部隊でもない限りきれいに消し去ってしまいます。\n• 炸裂弾でヒットポイントの高いユニットさえも倒し、着弾店の近くにいるユニットにもダメージを与えます。\n• イーグル砲は、攻撃側が多くのユニットを配置するまで目覚めません。つまり、狙い済ました戦術や、巧みな波状攻撃によって攻略することは可能です！
655b211bf2c18b01,TID_STREAM_SHARED_LAYOUT_CAPITAL,<district>レベル<num>のレイアウトを共有しました
0e18718c665aeaa4,TID_CLANGAMES_TASK_INFO_GET_KILLS_VS_ALLHEROES,マルチプレイで敵のヒーローを<num>回倒す。
c05d102748c159e8,TID_ALLIANCE_WAR_CANNOT_SCOUT_WAR_OVER,偵察できません。クラン対戦は終了しました！
5d3d5abcd78a435a,TID_CAPBUILD_MULTICANNON_INFO,複数の砲身を備えた大砲です！
da4e8d42aa425dfa,TID_HERO_ABILITY_BARBARIAN_TITLE,アイアンフィスト
673dff2630261b1e,TID_TRAP_AIR2_INFO,対空トラップ説明文
f6d3e8e1dac627b1,TID_POPUP_CANCEL_GOBLIN_CONSTRUCTION_TITLE,建設をやめますか？
6b81d295b6df6fed,TID_CAPBUILD_GUARDPOST_CART,合戦キャノンの基地
1ce809fbe72b6a98,TID_INVITATIONS_FULL,招待がいっぱいです！
1167f861a3c2258c,TID_STARTER_TH3_INFO_BUILDMORTAR,ショップで迫撃砲を手に入れる。
38bb12d07a87d510,TID_CHARACTER_INFO_WIZARD_SHORT,魔法の杖は使わずに炎を操る魔術師です。
a50f5a121c5f2913,TID_CLANGAMES_TASK_INFO_GET_LEVELKILLS_VS_ARCHERQUEEN,マルチプレイで通算<num>レベル相当のアーチャークイーンを倒す。
b08848c2bf8987c4,TID_KUNLUN_APP_STORE_VIVO,Vivo
3c33ec696e5b07a5,TID_ARMOREDMACHINE,アーマードマシン
0b3f078ddeb26903,TID_BOOST_POPUP_ITEM_RESUME,再開
36e3aa1e4052dd07,TID_NPC70,闘技場
1b4f993ea99ce8bf,TID_CLANGAMES_TASK_DESTROY_GOLDMINES,金山パニック
3a88be6d6a2feff1,TID_HINT_VERSUS_BATTLE3,1日で大工の拠点戦に3回勝利すると、大きな戦利品ボーナスをもらえます。
109ac73949eb744b,TID_CHALLENGE_WAIT_HEADER,クランメンバーの攻撃を待っています！
841cd9a205d7307f,TID_HINT_LEAGUE_SHOP,リーグショップは最高のアイテムを提供してくれますが、購入するにはクラン対戦リーグに参加する必要があります。
56a0aff9e8c7e8a6,TID_ALLIANCE_WAR_REPLAY_PERSONAL_ATTACK_2,リプレイ2
85be0b1b52faa3ab,TID_SETTINGS_GENERAL,全般
28869ba93745bd85,TID_DEVICE_LINK_ERROR_ALREADY_BOUND_TO_ALL_PLATFORMS,現在の村は既に関連づけされています。関連づけの実行は1回のみです。
c6488808ac2716b6,TID_CHARACTER_ELECTRO_TITAN_INFO,エレクトロタイタンは、無尽蔵の魔力で戦場を支配します。魔力の一部を電流が通った強力なムチに変えて攻撃しながら、身体から溢れ出る残りの魔力で周囲の敵にダメージを与えます。
0457cdc6c3797438,TID_SPECIAL_OFFER_INFO_EASTER_LIMITED_999,• <res0>ゴールド\n• <res1>ダークエリクサー\n• <gems>エメラルド\n\n• 収容量制限なし！\n• このパックは20回購入できます！\n\n防衛設備やヒーロー、ダークエリクサーユニットをアップグレードするのにピッタリな役立つパック！
95357bbba41e9b5f,TID_BUILDING_CUSTOMIZE_SCREEN_TITLE,<name>をカスタマイズ
fc16cfd1d416917e,TID_LEAGUE_HERO2_SHORT,タイタンII
38d045cd020397f5,TID_NPC_CHALLENGE_TH12_YETI_FUNNEL_PEKKAS,<c54a0fe>P.E.K.K.A</c>を投入して、こちらの隅も攻め崩しましょう。<c9916c8>グランドウォーデン</c>とは距離を保ちましょう！
9938dd4bd09f2915,TID_BB_LOOT_CART_POPUP_TITLE,エリクサーカート
78ccb0e13c222c77,TID_REENGAGEMENT_LOOTCART_1,招かざる客の忘れ物です。逃げてる最中に落としていきましてね...
2e941e2ea860a460,TID_NPC2,岩場の要塞
133058d519372554,TID_NPC37,おとり商法
107d393684999ed7,TID_STARTER_TH4_UPGRADELABORATORY,ラボの拡張
79a2c796c17833a3,TID_NPC_CHALLENGE_DEPLOY_BARBARIAN_KING,<c9916c8>バーバリアンキング</c>を配置しましょう。
e514d2a9e664dc70,TID_TROOP_UPGRADE_COMPLETED,アップグレード完了：<item> レベル<number>
259ec2be4d4d111b,TID_TUTORIAL_SEASON_CHALLENGE_4,シーズン資源は、通常の戦闘から戦利品を獲得することで自然と溜まっていきます。
95ab15c1a5e28454,TID_CAPBUILD_BARRACKS_MEGAGROUND,マウンテンゴーレム発掘場
a07ad9ab7edae7cb,TID_NPC54,スケルトンラン
51bc71ac4b66a758,TID_ARTO_BUILDING,O.T.T.Oの小屋
f841782b1f628fb4,TID_FEATURE_CLAN_WARS,クラン対戦
69bb203d2f6ee95a,TID_CLAN_TAG_VETERAN,ベテラン
cbb2102c7db90697,TID_POPUP_RED_GEMS_PURCHASED_TITLE,チーフ、ありがとう！
56bf8731b4f90003,TID_TENCENT_DOLPHIN_CONFIRM,检查到新版本，请立即更新下载，大约<totalsize>k
b47e3e528ea8fec9,TID_LEGENDS_LIVE_UNDER_ATTACK,次のプレイヤーから攻撃されています：
7fd6c1f7bd829f55,TID_INFO_TARGET_TYPE_BUILDINGS_AND_WALLS,施設・設備・壁
26f755c99f9e1f26,TID_LINK_DEVICE_BUTTON,デバイスを関連づける
5ce849815a0f0c50,TID_ALLIANCE_REQUEST_DECLINED,クランへの参加が拒否されました！
474a1899187c2061,TID_DECO_RESTORED_BARBARIAN_INFO,村全体に活気を与えてくれます！
522b5e38d879ccb4,TID_POPUP_BREAK_GUARD_TEXT,村の護りがないと、他のプレイヤーがあなたの村を攻撃できるようになります。本当に村の護りを解除しますか？
87cb5b7a769d2dbb,TID_WAIT_A_WHILE_BEFORE_RETRY_CHALLENGE,あなたはチャレンジを開始したばかりです。<time>待ってから再試行してください。
ee2cab1749fa15a9,TID_WAR_EXCLUDED_MEMBERS,参加しないメンバー：
b896d4e769b033a8,TID_CLANGAMES_TASK_INFO_DESTROY_GOLDSTORAGES,マルチプレイで通算<num>個の<building>を破壊する。
a037301a0f99a660,TID_BB_BATTLE_LOG_DEFEAT,敗北
665755fd1b50c163,TID_ALLIANCE_WAR_PREPARE_FOR_WAR,クラン対戦の準備をしましょう！
5fb51d12af915b46,TID_DIAMOND_BUNDLE_TH10,タウンホール１０パック
726af278edd26922,TID_CLANGAMES_TASK_INFO_USE_BETAMINIONS,<num2>体のベータガーゴイルを使い、大工の拠点戦で<num>個の星を獲得する。
57931e2726eabd02,TID_WAR_DONATE_DONE,このプレイヤーには、これ以上援軍を送ることができません
7ac817b8482a3e4d,TID_NO_TREASURY_LOOT_TO_COLLECT,宝庫は空っぽです！回収できるものはありません。
311d9f438793fbf7,TID_BOOSTER_FILL_ELIXIR2_STORAGE,大工の拠点 エリクサーのルーン
b8e55fae02beca24,TID_ALLIANCE_GAMES_CHECKING_RESULTS,結果を確認中...
842484e3037d4c47,TID_LEAGUE_CLAY3_SHORT,クレイIII
793035420b2e1e74,TID_BB_BATTLE_LOG_SHARE_BUTTON,シェア
b63717bf63ed9e03,TID_NEWS_MIRROR_TEXT,勝利の決め手は念入りな準備とヒゲ。ウィザードがどのように戦闘準備を整えるか見てみましょう。
f1eadb6355f1a376,TID_CAPBUILD_BARRACKS_MEGAPEKKA,パワーP.E.K.K.Aの兵舎
c8bc757a3111fbcf,TID_SUPER_GIANT_ABILITY_NAME,ウォールバスター
c1eba660978a1da4,TID_TOWN_HALL_14_INFO_SHORT,ジャングルへようこそ！お楽しみが待っています！
de5f8d4897b49281,TID_LAKE_CURVE,湖の曲がり
de5743f4435685c3,TID_BP_BONUS_POINTS_INFO,前シーズンにゴールドパスを購入しているため、今シーズンも続けて購入するとボーナスチャレンジポイントを獲得できます。
5a4c1bdaa3a22d15,TID_BATTLEPASS_TASK_DONATE_SIEGE_MACHINES,クランの支援者
2e5711083704700d,TID_CAPBUILD_SPEAR_THROWER,スピアキャスター
36e09cfc1338e596,TID_ALLIANCE_WAR_PERSONAL_ATTACK_1,攻撃 1
e12507ee3fe92c1c,TID_CAPBUILD_BARRACKS_GIANT_INFO,スーパージャイアントの家です。そこら中にトレーニング機器が置いてあります！
3b9dfa8e0ba6067b,TID_STARTER_INFO_DESTROYANY,マルチプレイで通算<num>個の<building>を破壊する。
fa0453f6836fd20b,TID_CREATE_CLAN_ARRANGED_WARS_INFO,他のクランからフレンド対戦チャレンジを受け取ります
4fd20c26214f98ee,TID_HINT_CLOCK_TOWER,時計塔を使って、建設や資源の生産をスピードアップしましょう！
a77b0623bcff53dc,TID_BATTLEPASS_TASK_INFO_WIN_BATTLES_USING_MINIONS,ガーゴイルを使い、マルチプレイで<num>回勝利する。
651d90a73e81ee38,TID_DEVICE_LINK_ERROR_CODE_ERROR_1_TITLE,エラー発生 (101)
d720868f5da3f370,TID_SKIN_NOT_AVAILABLE,このスキンはシーズンチャレンジでアンロックできます
6688548f34ec2bdb,TID_PET_HEALER_INFO,ユニコーンはひどい人間不信に陥っていますが、愛と忍耐力で乗り越えれば素晴らしい仲間になります。ヒーラーと同様に、かすり傷から重傷までしっかり癒してくれるでしょう！
5542fa569917cd2b,TID_STARS_TOTAL,獲得した星の数：
4b0890ab004ef479,TID_DEVICE_LINK_ERROR_NOT_ATTACHED_TITLE_ANDROID,Google Playに関連づけられていません
e8167335a5b716b0,TID_CAPBUILD_AIRBOMBS,対空爆弾
6dc40a2fb9c23e4e,TID_EVENT_TROOP_INFO,<troop>を格安で訓練して、イベントチャレンジをクリアしましょう！
ab80a38511478e3e,TID_TUTORIAL_SELF_DONATING_3,他のクランメンバーが外出中の際は役に立つはずです。
99607e4427149a52,TID_OTHER_TROOP_LEFT,別のユニットを選択してください
626237c3696616e2,TID_EVENT_CHRISTMAS_TRAP_UPCOMING,クラッシュマス2日目！
486e9247cb3b4ce2,TID_BP_PERK_CURRENT_AMOUNT,有効
13266a17f80e144e,TID_LEAGUE_HERO,タイタン
5a9b109db12386f3,TID_BOOSTER_WALL_UPGRADE_INFO,この魔法のリングをつけて壁のピースを殴ると、そのピースを瞬時にアップグレードできます。ただし、壁のレベルが高くなると複数のリングが必要になります。どちらの村でも使用可能です！
66cb8cee09441414,TID_BUTTON_BOOST_ALL,まとめてブースト
eeff1500b57b3894,TID_NPC63,自慢のチームワーク
bc0bf841c53f9437,TID_BATTLEPASS_TASK_WIN_BATTLES_USING_NIGHTWITCHES,コウモリ大行進
91f12cb959dcad2b,TID_CAPBUILD_REFLECTOR_INFO,回転するシールドを備えた装置がどんな攻撃をも跳ね返す... そんな夢みたいな話があるわけないって？いいえ、あるのです。
388bc2b035905f79,TID_LAYOUTS_USE_BUTTON,有効にする
7b04459f4e519012,TID_NOTIFICATION_ARMY,部隊
a352b6911a4c61b5,TID_NOT_ENOUGH_WORKERS_HEADER,大工さんは全員仕事中
8d327f178a73377c,TID_HERO_GEAR_RESOURCES_TITLE,装備資源：
84f0d4476227f3e4,TID_SUPPORT_CREATOR_TITLE,クリエイターブースト
257f890a422e0105,TID_HASH,#
e3657b44bb62b86c,TID_CLANGAMES_TASK_INFO_USE_BOXERGIANTS,<num2>体のボクサージャイアントを使い、大工の拠点戦で<num>個の星を獲得する。
0a6fcd7b8e1b3043,TID_DIAMOND_BUNDLE_ELIXIR_HERO_PACK,エリクサーヒーローパック
8babfe4be9b57705,TID_ARCHER_TOWER2_INFO_SHORT,連射モードと長射程モードの切り替えが可能です。
44a1688833632e3c,TID_DAILY_BONUS_LIMIT_REACHED,本日の戦利品が上限に達しました
4fee2414901dcc8d,TID_CLANGAMES_TASK_DESTROY_BB_MEGATESLA,ショックな急展開
fd17d20a9baabfd1,TID_SUGGESTED_CLANS,おすすめクラン
b9ee0b008d41cef2,TID_BUILDING_OTTOS_OUTPOST_INFO,O.T.T.Oの家であり、2つ目のエリアの最重要拠点。攻撃的なロボットが他にも隠れているかも...？\n\n攻撃時にO.T.T.Oの前線基地を破壊すると、追加の星を獲得します。
9d7324cbcaeb4816,TID_TUTORIAL_OWN_HOUSE_1,この家があんたの別荘だ。どこぞのちんけな村とは違って、壮大な景色が拝めるぞ。
77726b3efaa64f2e,TID_WL_WAR_INDICATOR_SHORT,対戦 <x>/<y>
3a531c8285c82e7c,TID_EVENT_TITLE_CLANWAR_SHORT4,週末エスケープ
32efac059452a1b7,TID_DIAMOND_BUNDLE_MAGICITEMS_STRENGTH_POTION_ONLY,ひとにぎりのパワーポーション
28a2a90c1d0fa0a6,TID_SCOUT_PREP_DAY_INFO,敵の対戦拠点のレイアウトは、戦闘日に公開されます
f0c5f3a493238820,TID_TENCENT_DOLPHIN_DOWNLOADING_76,更新校验配置文件
46f24688403927fd,TID_PRESET_CAPITAL_PRODUCTION_BUILDING_MISSING,まだ生産施設が建設されていません
6133d95f7490c93f,TID_STARTER_TH3_INFO_WINSTARSGOBLINMAP,シングルプレイのゴブリンマップで、<num>個の星を獲得する。
8dc5906afce8ee80,TID_BUTTON_ATTACK_MODE_NORMAL,通常
3be7c4f188e7ad81,TID_CLANGAMES_TASK_WIN_STARS_VS_HIGHER_TOWNHALL,下剋上
e21815f93119b860,TID_BOOSTER_FILL_ELIXIR2_STORAGE_OFFER_INFO,大工の拠点 エリクサーのルーン<num>個 - 大工の拠点のエリクサータンクをいっぱいにします
0ab62a742a0e4419,TID_BATTLEPASS_TASK_WIN_STARS_USING_CLONE,分身の術
6529d2af5ca9237f,TID_RAID_LOG,合戦ログ
22acdfa2fa54b3b7,TID_OPEN_DAILYLOGIN,開く
4b35a1e791872e3e,TID_ALLIANCE_DEFAULT_MAIL_MESSAGE,クランの皆さんに連絡です。
6aefa1fcaa39db53,TID_PERSONALISED_SHOP_DESCRIPTION,「オン」にすると、あなたにピッタリの商品がショップに表示されるようになります。
4ad554324479d066,TID_LEAGUE_CHAMPION3_SHORT,チャンピオンIII
87379bda2090a214,TID_NPC_CHALLENGE_TH13_HYBRID_ARCHER_QUEEN,<c9916c8>アーチャークイーン</c>投入して<cf70d16>アイスゴーレム</c>を迎え撃ちましょう。
8a8182306cbe3b83,TID_BUTTON_SHARE_LAYOUT_CHAT,クランと共有
d95c2cc16d245436,TID_STREAM_EVENT_ACCEPTED,クラン参加を<name>が承認しました
db6c6e1a8a5c2977,TID_TREASURY_BOOSTERS_DESCRIPTION,魔法アイテムは素晴らしい力を持っていて、その能力はアップグレードを支援するものから村にあるものやユニットをブーストするものまで様々です。それぞれを同時に所持できる数には限りがあります。
01e5da67bf89e84a,TID_TYPE_ACCEPT_CLAN_INVITE_WHILE_IN_CLAN_TITLE,クランを脱退します
2bfd471c7913ffae,TID_RESEARCHER_MENU_ALL_UPGRADED,全アップグレード完了
43569de0e4609558,TID_DIAMOND_BUNDLE_TH8_INFO,• <gems>エメラルド\n• <res0>ゴールド\n• レベル1ボムタワー\n\n建設時間なし、収容量制限なし！\n\nこの<cffec78><value>倍バリュー</c>のパックは、1度限りの特別提供となります！
9e7259f409bcfd5a,TID_NPC67,花火工場
47bbebff8ca35ffc,TID_BUILDING_MONOLITH,モノリス
880d2a6249922ff4,TID_DECORATION_PINETREE,トウヒの木
2056aa621c4bc19d,TID_CAPITAL_PLAYGROUND_SUPER_GIANTS,<c54a0fe>スーパージャイアント</c>を盾役として配置するんじゃ。
933e20b95a3dc22a,TID_TUTORIAL_WAR_LEAGUE_7,勝利するには、相手クランよりも\n多くの星を集める必要があります。
04c69b6001da4a29,TID_SUPERCELL_ID_BANNER_TEXT,Supercell IDに接続すれば\nアカウントの保護と複数デバイスでの\nプレイが可能になります！
02e46d9d5b9a0b19,TID_NPC_CHALLENGE_TH8_GOWIPE_BARBARIAN_KING,サイドが全壊しているので、<c9916c8>バーバリアンキング</c>を\n配置すれば村の中心へ向かいます。
31c633dfccd1fd43,TID_CLANGAMES_TASK_INFO_GET_BUILDERBATTLEDESTRUCTION,大工の拠点戦で破壊率を<num>％を達成する。
0d7c9c6a1a4ae963,TID_PLAYER_HOUSE_YOUR_INFO,あなたの都の別荘です！景色を楽しむもよし、白熱した合戦を楽しむもよし！
c563be16f272f125,TID_CLAN_GAMES_THEME_DONATEDESTRUCT,ギブ＆アタック\n\nゲーム
79fbd9b0451d1871,TID_BUY_GUARD_HEADER,村の護りを購入しますか？
ac41050fed727abe,TID_CLANGAMES_TASK_INFO_DESTROY_GEAREDUPARCHERTOWERS,マルチプレイで通算<num>個の<building>を破壊する。
44e13020341a9ddb,TID_NPC74,防御の層
43799d3575f27b0e,TID_CAPBUILD_BARRACKS_MEGAAIR,飛空城製造所
551fbdf01005c5f1,TID_COSMETICS_TIER_1,<cffffff>スタンダード</c>
55914c168680ef2c,TID_CHAT_REPORT_CONFIRMATION,本当に<name>を迷惑行為ユーザーとして報告しますか？
32b2ce447272329c,TID_GEAR_INFO,情報
ac39003607a35960,TID_CHAT_RULES_PRIVATE,ご自身の個人情報は誰にも教えないでください。
f751185596f205c9,TID_CHAMPION_QUEEN,チャンピオン クイーン
528c5798eb69b64e,TID_PRESET_TIME,時間
e06ed29c701a97ad,TID_BUILDER_HALL_3_INFO_SHORT,障害物を除去し、新しい防衛設備で敵を''クラッシュ''します！
d8dae6f7bbdf60ff,TID_LABORATORY_HINT,アップグレードしたいユニットを\n選択してください
9bde0053fa5d352b,TID_ARROW_TRAP_INFO,虎視眈々と地中に潜み、招かれざる客を鋭い矢で撃退します。
bf47a0ef966b51f1,TID_TIME_LEFT,残り時間：
3612b33861b1ca06,TID_GEAR_TITLE_SEEKING_SHIELD,ホーミングシールド
5f7f4309865197a5,TID_PETS_FEATURE,ヒーローのペット
06764a59c2096f87,TID_CAPACITY_LEFT_INDICATOR_TEXT,残り
1aa1496c15c326f3,TID_LEAGUE_EMERALD3,エメラルドリーグIII
8d7f9adfa2781143,TID_MORE_WEIBO,请关注新浪蓝V认证微博@部落冲突Clash-of-Clans
25214fd47a41799b,TID_ACHIEVEMENT_TOWN_HALL2_COMPLETED,現在のビルダーホールレベル：<value>
e2213aa6d538fb3c,TID_SPELL_RECALL,リターンの呪文
19443014470731f1,TID_DUEL_NOTIFICATION,<attacker>との大工の拠点戦が始まりました！
8b198462f445d142,TID_RAID_DATA_ERROR_INTERNAL,合戦の詳細を確認できません。また後ほどお試しください。
b4d09338957e18fd,TID_DIAMOND_SHOP_PACK,エメラルド<number>
bebe2a489e5d6707,TID_EVENT_BOOST_ATTACKS,攻撃イベント：全てのユニットと呪文、そしてヒーローを、それぞれたったの1エメラルドでブーストできます！イベント期間は1月7日まで。
56651395c13839b1,TID_BOOSTER_FILL_ELIXIR_STORAGE,エリクサーのルーン
8a335e976c0723b5,TID_BUTTON_SHOP,ショップ
c9f4ff86b0f99a62,TID_LIVE_SPECTATOR_COUNT,観戦者 <num>
37b2379bf9e6aa2a,TID_ALLIANCE_WAR_ENDED,クラン対戦が終了しました
1a03bef9c76c26cd,TID_CLANGAMES_TASK_DESTROY_QUEENALTARS,アーチャークイーン祭壇を破壊
bc396fe36fbd766f,TID_LEGENDS_SHIELD,レジェンドシールド
89796a9242f7e61e,TID_DEVICE_LINK_ERROR_TIMEOUT,関連づけコードの期限切れ
d0fad97d7a971961,TID_CAPITAL_PLAYGROUND_SUPER_GIANTS_2,<c54a0fe>スーパージャイアント</c>をさらに投入して加勢するんじゃ。
03785cc75bc6323e,TID_VILLAGE_PREPARED,戦闘態勢の村
e15c8db0bd331a8f,TID_RESOURCE_PACK_DARK_ELIXIR_50,50％増やす
baf4d190f4260248,TID_SPELL_BATS,コウモリの呪文
0a5f93e7879d1884,TID_LEAGUE_CRYSTAL3_SHORT,クリスタルIII
e97c67971fc42370,TID_SPECIAL_PACK_BUILDER,スターターパック
2d9bc608744f9510,TID_NEWS_TH11_UPDATE_LOOT_TEXT,• タウンホールから大量の戦利品を獲得できるようになりました。破壊して資源をがっつり奪いましょう！\n• リーグごとのボーナスがこれまでよりも増えました。ただし、村の破壊率の影響を受けます。\n• 上位のリーグになるほど、獲得できるトロフィーの数は増え、失うトロフィーの数が減るようになりました。
440aeec0dde50be5,TID_ACHIEVEMENTS_VILLAGE1,自分の村の達成項目
022c9a7a33098383,TID_LEAGUE_DROP_OUT_OF_LEAGUE,リーグへの所属が解除されました
e519e6ff73207592,TID_CLAN_TAG_FARMING,戦利品稼ぎ
c8116182c94518f6,TID_ALLIANCE_WAR_PREPARED_FOR_WAR,戦闘準備完了！
c10971fea6a11179,TID_HAMMERJAM_OFFER1_MAGICITEMS_BUILDER_POTION_AND_GOLD_INFO_999,• <res0>ゴールド\n• 大工ポーション<booster1>個\n\n• 収容量制限なし！\n• 5回まで購入できます！\n\nこの素晴らしい建設ラッシュセールで、アップグレードシーズンを大いに楽しみましょう！
a098997b95da26ba,TID_ENDOFSEP_OFFER_INFO_TH0206_1999_0999,• 大工ポーション<booster1>個 - 大工の作業速度が1時間にわたって10倍になります\n• <res0>ゴールド\n• <res1>エリクサー\n\n• 収容量制限なし！\n• このパックの購入は表示の期間内に3回限りです！\n\n秋の乱闘が始まります！
3e317a16a6910feb,TID_DEVICE_LINK_SUCCESFULL_OLD,以下のデバイスがあなたのアカウントに関連づけされました：
8622347bba93c1b5,TID_TAB_OVERVIEW,概要
16a3d1a1e01f7ec0,TID_CAPBUILD_BARRACKS_BARBARIAN_INFO,スーパーバーバリアンのスパーリングエリアです。汗と虚栄心の匂いがします。
f95fbb0acc51a9a4,TID_BP_PERK_INCREASED_SAVINGS,増量
c37ac70b6df5bb62,TID_WL_ALL_BONUSES_ALLOCATED,すべてのボーナスが支給されています。選択中のメンバーを除外してください。
09efb216df9097f8,TID_DIAMOND_BUNDLE_BH3_INFO_ALT,• <gems> エメラルド\n• <res0> エリクサー\n• <res1> ゴールド\n\n収容量制限なし！\n\nこの<cffec78><value>倍バリュー</c>は、1度限りの特別提供となります！
b5b46053b653365f,TID_EVENT_TRACK_REWARD_INFO_SPELL_NOT_AVAILABLE,期間限定呪文は利用できません
3e3dfc78bd8661df,TID_BIND_TO_NEW_GAMECENTER_ACCOUNT,今プレイ中のゲームをこのGame Centerアカウントにセーブしますか？
1a2f599a1da0ed54,TID_WAR_PERSONAL_SETTING_OUT,不参加
3677d85d4c47ef10,TID_LEAGUE_CLAY5_SHORT,クレイV
57617bdc6ced6927,TID_BUNDLE_TOWN_HALL,タウンホールスターターパック
b3fa146aed021004,TID_SETTINGS_NOTIFICATIONS,通知設定
9be0c654e6341f0c,TID_BIND_TO_NEW_FACEBOOK_ACCOUNT_TITLE,Facebook の新しいID
deabe62bf1826d9b,TID_ARTO_BUILDING_INFO,マスター大工の新発明にとっては家であり、充電装置でもあります。O.T.T.Oを最大までアップグレードすると、大工の拠点の追加大工となって、マスター大工が村と拠点の間を自由に行き来できるようになります。
b346cc890de39171,TID_REGULAR_THEMED_BUILD_OFFER_INFO_TH0206_1999,• <res0>ゴールド\n•<res1>エリクサー\n• 大工ポーション<booster1>個 - 大工の作業速度が1時間にわたって10倍になります\n\n• 収容量制限なし！\n• このパックの購入は表示の期間内に3回限りです\n• 防衛強化の大チャンスをお見逃しなく！
6b5fceaa22f5bfb3,TID_SUMMON_SPEED,出撃速度：<number>
20be44393a59edca,TID_CAPITAL_UPGRADES,都のアップグレード
023ef3c7330b5c6f,TID_LEAGUE_GOLD2_SHORT,ゴールドII
1d2d24f8ede475b8,TID_NPC_CHALLENGE_TH6_GIWIWA_HEAL2,<cffe346>ヒールの呪文</c>をもう1つ使って、\n<c54a0fe>ジャイアント</c>のヒットポイントを回復しましょう！
fc097aa1f7efb14e,TID_CLAN_JOIN_FAIL_NO_TOWN_HALL_LEVEL,タウンホールレベルが足りないため、このクランには参加できません。
a6972843565e3ae9,TID_FEATURE_HERO_GEAR,装備
54de0be30b97307d,TID_REMOVE_SPELL_MESSAGE,呪文を破棄しました
91e6db53affb8b61,TID_REENGAGEMENT_APOLOGY_5,ゴブリンと取り違えたことを\nお詫びいたします。
b7d93dc548e69d61,TID_TUTORIAL_WAR_LEAGUE_8,各メンバーが攻撃できるのは1回ずつです。勝利を目指して戦いましょう！
36f76085e7ed9c2e,TID_6ANNIVERSARY_OFFER_MAGICITEMS_BOOK_AND_RUNES_INFO_1999,• ゴールドのルーン<booster1>個 - 金庫をいっぱいにします\n• ダークエリクサーのルーン<booster2>個 - ダークエリクサータンクをいっぱいにします\n• 建物の本<booster3>冊 - 実行中の建物アップグレードを瞬時に完了します\n\n• 収容量制限なし！\n• このパックの購入は10回限りです！\n\n期間限定の記念パックを、どうぞお見逃しなく！
cdd632182c4d732e,TID_SCID_GIFT_DECLINE_BUTTON,拒否
e183b6e95d65fb03,TID_CHARACTER_INFO_PUMPKIN_BARBARIAN,カボチャが即席のカブトになるなんて、誰が思いつくでしょうか？カボチャが頭を守ってくれるおかげで、通常のバーバリアンよりも若干ヒットポイントが増加します。
0b25fa23dceb10ba,TID_POPUP_CANCEL_CONSTRUCTION,<item>の建設をやめますか？建設コストの<number>％しか戻りません。
8cf5d1931f969ec6,TID_SCENERY_EPIC_JUNGLE,壮大なジャングル
cc3afb498ccbf079,TID_CLANGAMES_TASK_DONATE_SPELLS,呪文を寄付
5856b8e8b5aa6eed,TID_HINT_DEFENSE,他の村を積極的に攻撃するのも、自分の村の守りを固めるのも、どちらも大事です。
073472ef870d7deb,TID_DECO_LAKE_8,大きな池
fe41846a959f36c7,TID_BATTLEPASS_TASK_WIN_BATTLES_USING_DRAGON_RIDER,勝利へのフライト
e739de5ac1411a4d,TID_FEATURE_DARK_ELIXIR_DESC,エリクサーを純化させて作ったこの液体は、さらに強力なユニットを生み出してくれます！
7e1ed07d87df4ea0,TID_BOOSTER_FREE_HERO_UPGRADE,ヒーローのハンマー
779435272334d679,TID_ALLIANCE_WAR_WAR_STARTING,宣戦布告が行われました
dca851dc803e5c71,TID_CLAN_SEARCH_RESULTS,「<name>」の検索結果：
b20b2c677800f08c,TID_SPELL_STORAGE_CAPACITY,保存可能な呪文数：<number>
3b8f911fa21db546,TID_NPC68,ゴブリンの都
151bd997e5e6acee,TID_HINT_XBOW_LVL_8,タウンホールをアップグレードしていけば、やがて\n「巨大クロスボウ」という強力な防衛武器が使えるようになります。
4d00a0ceaf112cc2,TID_NPC51,インベーダー
0e3b4a89a00c053b,TID_BUILDING_DARK_TOWER,インフェルノタワー
32b2f7ffa66e4809,TID_NPC_CHALLENGE_TH10_MINER_TEST_WALL_BREAKER,<c54a0fe>ウォールブレイカー</c>を1体投入して、壁の近くに\n<cf70d16>爆弾</c>がないかどうかチェックしましょう。
b0d0b431858ab58b,TID_LOCAL_NOTIFICATION_LABORATORY_UPGRADE_DONE,<item>をレベル<level>にアップグレードしました
5d014728fc8c8fc2,TID_MINION_HORDE,ガーゴイルの群れ
522cbb199687ea78,TID_SETTINGS_PLAYERNAME_CONFIRM_NEW,本当に名前を変更しますか？\n新しい名前：
8bc34e97f7b99615,TID_NUMBER_FOUR,4
56c939801638542b,TID_POPUP_BOOST_PET_SHOP_TEXT,ペットのアップグレード速度を<time>にわたって<multiplier>倍にしますか？
2e872bb5fd46a3cf,TID_NEWS_CW_BD_GIFTS_TITLE,クランギフト！
8b68ec5c19bfa2ce,TID_PET_SHOP_UPGRADING,ペット小屋のアップグレード中は、ペットのアップグレードを開始できません
0f525ca06e44f8a1,TID_BATTLEPASS_TASK_WIN_BATTLES_USING_CLONE_INFO,クローンの呪文を使い、マルチプレイで<num>回勝利する。
49f519ecfebe9474,TID_STARTER_WINELIXIR,エリクサー奪取
dcdf34d830dcd562,TID_HINT_BATTLE_ENDS,手持ちのユニット、クランからの援軍、攻撃呪文をすべて使い尽くしてしまうと戦闘は終了します。
fc9f91ef6245ab8e,TID_PIRATE_QUEEN,海賊 クイーン
0e6724de87965a80,TID_CLAN_WAR_FREQ_MORE_THAN_ONCE_WEEKLY,一週間に2回
5fc1315f1917e296,TID_DEFENCE_LOG,防衛ログ
bbe7c699b61aa428,TID_MORE_AVAILABLE_AGAIN_IN,今日の戦利品はすべてゲットしました！\n次の戦利品まで：
2711bcadceaf7710,TID_WAR_STATS_HEADER_DEFEAT_BASES_SHORT,敵拠点の攻略数
ae7b0a5c2ff0eb94,TID_CHARACTER_INFO_ARCHER,戦場でも友人関係でも距離をとりたがる弓兵です。\n目標が倒れるか壊れるまで攻撃をやめない、そんな性格の持ち主です。
e90fd4d8797a4ac5,TID_DIAMOND_BUNDLE_MAGICITEMS_FIGHTING_BOOK_WITH_ELIXIR_INFO,• <res0>エリクサー\n• 戦いの本<booster1>冊\n• 収容量制限なし！\n\nユニットのアップグレードに必要なものが全部入っています！
5c167bf159ebf508,TID_START_RAID_FAILED_NO_RIGHTS,リーダー、サブリーダー、または長老に合戦開始を促してみましょう！
1a7c9dc6753437d9,TID_DEVICE_LINK_ERROR_NOT_ATTACHED,あなたの村はまだ Game Center アカウントに関連づけられていません。既存の村が関連づけられていない状態で Game Center アカウントにログインしていることを確認して、ゲームをもう一度起動してください。\n\n今プレイ中の村を Game Center アカウントに関連づけるか尋ねられたら、「はい」と答えます。\n\n警告: 村の関連づけは恒久的で、後から変更することはできません。
d0f1e83aaaff1d9f,TID_LIVE_ESPORTS,LIVE
39e828a72743dc94,TID_NAME_CHANGE_ON_COOLDOWN,もう一度名前を変更するには、あと<time>お待ちください。
1c598907f1c3b2d2,TID_ACHIEVEMENT_CLEAR_OBSTACLES_COMPLETED,取り除いた障害物の総数：<value>
04d0c9a856e1c17f,TID_ACHIEVEMENT_DESTROY_INFERNO_TITLE,ファイアファイター
c9aabd07fbf8b9e4,TID_LEAGUE_STEEL3_SHORT,スチールIII
a27c29b9f3ff3f96,TID_BATTLEPASS_TASK_INFO_WIN_BATTLES_USING_YETI,イエティを使い、マルチプレイで<num>回勝利する。
3d7ba4e137ac40b6,TID_LAYOUTS_WARBASE,クラン対戦の拠点
eff7946ac0b81851,TID_TUTORIAL_CLANCASTLE_1,チーフ、十分なゴールドが貯まりました。さっそくクランの城を修復しましょう！
77c7f302a5ad2f85,TID_BP_PERK_ACTIVATED,<num>％の<perk>が有効になりました！
b90582fba3ae103c,TID_DIAMOND_GIFT_RECEIVED,クランギフトとしてエメラルドを<number>個、受け取りました！
c624366c6db0b298,TID_SIEGE_MACHINE_LOG_LAUNCHER,ウッドランチャー
8ebde53fd20dfb89,TID_LEAGUE_STONE1,ストーンリーグI
542955253f8369ae,TID_REPORT_PLAYER_BUTTON,報告
e2b366184abdf74b,TID_UNABLE_TO_LOCATE_COUNTRY_FOR_SCORES,お住まいの地域のランキングがみつかりませんでした。
51557ef69abf9e57,TID_INFO_POP_UP_TOS_PP_BUTTON2,サービス利用規約
8354919ee5c6a98a,TID_NOTIFICATION_WL_SIGNUP_STARTED,クラン対戦リーグの登録が始まりました！栄光と報酬が待っています！
f761fcfe5dc3976f,TID_BATTLEPASS_TASK_COLLECT_DARKELIXIR,ダークエリクサー収集
5895324940bab21c,TID_HINT_SPELL_FREEZE,フリーズの呪文を使うと、影響範囲内にいるユニットと設備の防衛能力がなくなります。
fd7518a234b42d71,TID_ARMY_OVERVIEW_HINT_HEROES,タウンホールレベル<number>から利用可能
887818c343cc3af5,TID_BUILDING_CRUSHER_INFO,クラッシャーは、パーソナルスペースをとても大切にしています。\n近寄った無礼なユニットは、巨大な岩でブチのめされるでしょう！
47d6a8604e6390d2,TID_BAT,コウモリ
b2c7cdb71b250ebb,TID_GEAR_TYPE_OTHER,その他
9cb452b465bdf94a,TID_CLANGAMES_TASK_INFO_DESTROY_ELIXIRSTORAGES,マルチプレイで通算<num>個の<building>を破壊する。
12bac8d12ae4694f,TID_BATTLEPASS_TASK_GET_BB_LOOT,スターストライカー
15d0521c8c7c4755,TID_TRAP_SHRINK_INFO,ネクロマンサーが生み出した瓶詰めの呪いによって、攻撃側のユニットはミニサイズになり、ヒットポイントとダメージが減少し、超キュートなってしまいます。実に恐ろしいことです...
830516b5527754e1,TID_BP_SEASON_ENDS,シーズン終了まで：
feead28d82a2dda2,TID_HERO_GEAR_UPGRADED,<item>をレベル<level>にアップグレードしました
ca97dcac679f60a1,TID_BB_LEAGUE_DETAILS_STARS_COLUMN,星
9fdd1296e3b04e22,TID_CLANGAMES_TASK_INFO_DESTROY_BB_STARLABORATORY,大工の拠点戦で通算<num>個の<building>を破壊する。
5218be15d6ec47cf,TID_CLASHIVERSARY_CHAMPION,フューチャー チャンピオン
5940554df3f5b1b5,TID_GRAND_WARDEN_INFO_SHORT,部隊を支える究極の魔法使いです。
8a94794c2ea23578,TID_TRAINING_SCREEN_DARK_SPELLS,闇の呪文工場
640959518590b284,TID_10TH_CLASHIVERSARY_SCENERY,10周年記念
dfaa8d07022e8525,TID_BATTLEPASS_TASK_INFO_WIN_BATTLES_USING_PEKKAS,P.E.K.K.Aを使い、マルチプレイで<num>回勝利する。
72112ca39e50add5,TID_ARTO_TASK_GEAR_UP_FLUFF,最先端テクノロジーには最先端の思考が必要です！\n自分の村でもほんの少し触れてみれば、重要なヒントが得られるでしょう。
12cb6c67c67cbcc2,TID_CREATE_SKELETONS_SPELL_INFO,戦場の好きな場所に、スケルトンの集団を出現させましょう！\n\nいつでもどこでも必要な場所に、ちょっとした戦力を投入できます。また、スケルトンはトラップを作動させません。
fe8a0c446565a178,TID_CLANGAMES_TASK_INFO_USE_MEGAPEKKA,<num2>体のパワーP.E.K.K.Aを使い、大工の拠点の対戦で<num>個の星を獲得する。
a287509981254e8a,TID_BP_PERK_GEM_DONATION_COST_DESC,クイック寄付のコストが1エメラルドになります。
3f70037671c0c33c,TID_CHAMPION_CHAMPION,最強チャンピオン
1e84e3d0ca17bef4,TID_WAR_STATS_WINS,勝利：
75cb5d74bc163aa4,TID_NEWS_TH11_UPDATE_SHIELDS_TITLE,シールド：フレキシブルで公平になりました
c7b9f939c0ac0694,TID_GUEST_LOGIN_BUTTON,ゲストログイン
47015929b919ec13,TID_BUTTON_TRAIN_PRESET,訓練
bc51cb6ed1100f02,TID_ALLIANCE_WAR_STAT_STARS_PER_ATTACK,攻撃毎の獲得星数
795dfa57a50a9364,TID_TUTORIAL_ENTER_AGE,そうそう、こちらにも\nお答えいただけますか？
c9ad843228334065,TID_MULTIPLAYER_STAR_BONUS_BOOST_ACTIVE,<c66CC00>星ボーナス<num>倍ブースト！</c>
d2a62fe8b04e4bb6,TID_ACHIEVEMENT_CLAN_GAMES_POINTS_TITLE_II,ゲームチャンピオンII
e3c8b64d13f81d78,TID_EDIT_MODE_TIP2,建物をインベントリからドラッグして配置します。
89e615e14b64ebf6,TID_TRAINING_INFO2,ユニットをドラッグして、訓練や並べ替えを行います
dac9ec20b27db64b,TID_DIAMOND_BUNDLE_MAGICITEMS_FIGHTING_BOOK_WITH_SPELL_BOOK_AND_ELIXIR_INFO,• <res0>エリクサー\n• 戦いの本<booster1>冊\n• 呪文の本<booster2>冊\n• 収容量制限なし！\n\nユニットと呪文のアップグレードに必要なものが全部入っています！
6f402bb3b16c1e1f,TID_CLANGAMES_TASK_USE_BOWLERS,ボウリングタイム
211b38bd8059bee1,TID_TRADER_ITEM_ALREADY_BOUGHT,在庫切れ
a81819689b4d64d8,TID_BUILDING_DOUBLE_CANNON,二連砲
e3bd4cfda8dcebe5,TID_CLOCK_TOWER_INFO_SHORT,時間を制御できる時計仕掛けの設備です。
083afd1229495e89,TID_NO_EVENTS_CONTENT,現在、予定されているイベントはありません。\nまたのちほどご確認ください！
cd107ee843648814,TID_SHOP_CATEGORY_TROOPS,ユニット
7fa746376d282774,TID_STREAM_EVENT_ALLIANCE_LEVEL_UP_NO_PERKS,クランのレベルが<value>になりました！
082f26c80d7e365f,TID_NAME_ALREADY_CHANGED,名前は一度しか変更できません。
a9a1197f08a5fd64,TID_ERROR_POP_UP_PERSONAL_BREAK_MULTIPLE_FINAL,休憩時間が数回にわたり延長されましたが、次の小休止までの時間はこれより通常通りに戻ります。今後このようなことが起こらないようにするには、タウンホールの防御をかため、トロフィーの数を増やしてください。
1a6cc973067b8fe9,TID_LOOT,奪われた資源：
ee2f0910d1b3a3fb,TID_TUTORIAL_SHOW_STAGE_2_3,それと... 建物を何軒か建てておいた。ま、くつろいでくれよ。
5f30b9fab2d1bf20,TID_HOG_GLIDER_ABILITY_HELP,衝突すると、目標の機能を<num>秒にわたって停止させる
ea8be43ab0824155,TID_TUTORIAL_DEFEND_BUTTON,戦闘開始
cf0f2ee79a7719c1,TID_CLANGAMES_TASK_INFO_GET_KILLS_VS_GRANDWARDEN,マルチプレイで敵のグランドウォーデンを<num>回倒す。
f47b76f3e25c7a0a,TID_POPUP_REMOVE_REINFORCEMENTS_TITLE,破棄しますか？
f65a0bf9c108b6c1,TID_CHINA_REAL_NAME_REGULATION,実名で登録してください
3506c6d8d78215f6,TID_ALLIANCE_DONATE_HEADER,支援する
d0865446e1c61bd4,TID_BARBARIAN_KING_INFO_SHORT,最もたくましくて野蛮な巨大バーバリアンです。
6c2ccc7e56a990fc,TID_MULTIPLAYER_COST,対戦コスト：
3d78959d0ebb73ba,TID_REENGAGEMENT_CHALLENGES_1,チーフに特別なチャレンジをご用意しました！
12d7540767e29b07,TID_BALLOON_HASTE_EVENT_INFO,ヘイストの呪文でできた高速レーンを通って、エアバルーンが高速移動します。今ならどちらも割引中。空を駆け抜けましょう！
f355ffd99b074c32,TID_BUILDING_CLASS_WALL,壁
f56c654c4afc12fb,TID_BB_STAR_BONUS_MULTIPLIER,星ボーナス<mult>倍ブースト！
62213d725582d2e8,TID_DIAMOND_BUNDLE_TH4_UPDATED_INFO,• レベル2対空砲\n• <res0>ゴールド\n• <res1>エリクサー\n• <gems>エメラルド\n\n収容量制限なし！\n\nこの<cffec78><value>倍バリュー</c> のパックは、1度限りの特別提供となります！
bc3fc8516415b6b4,TID_PROFILE_LEGEND_LAST,前回：<year>年<month>シーズン
542491eb68247a57,TID_SHIELD_POPUP_NONE_DESCRIPTION_1,シールドも村の護りもない状態では、村がいつ攻撃されてもおかしくありません。全力でタウンホールを護りましょう！トラップ、ヒーロー、クランの城に待機中の援軍が防御力を最大限に高めます。
fe3e32d869092241,TID_ALLIANCE_GAMES_PERSONAL_COOLDOWN_HEADER,チャレンジクールダウン
f3ad43eddde98c2a,TID_HINT_TH12_WEAPON,レベル12のタウンホールは、攻撃すると反撃してきます。注意して攻略しましょう！
f5a242e105e4b0eb,TID_ENDOFSEP_OFFER_INFO_TH0712_0999,• 建物の本<booster1>冊 - 実行中の建物アップグレードを瞬時に完了します\n• <res0>ゴールド\n\n• 収容量制限なし！\n• このパックの購入は表示の期間内に4回限りです！\n\n秋の乱闘が始まります！
f5d604fa449bdc65,TID_LEAGUE_TITANIUM3,チタンリーグIII
2bd48cd88696fae5,TID_BATTLE_LOG_TITLE,攻撃されました！
9790ad99ea88a9c1,TID_CHARACTER_INFO_BARBARIAN,敵の村をメチャクチャにしてまわる、恐れ知らずでムキムキマッチョな戦士です。\nバーバリアンの大軍を送り込んで、相手の村を破壊しつくしましょう！
d4cd2cabaa1540c8,TID_TREASURY_DARK_ELIXIR,宝庫のダークエリクサー
55b8a6ce1551611d,TID_SCOUT_BUTTON,偵察
3f88f60377b6aae5,TID_SUPPORT_CREATOR_INFO,クリエイターコードを入力すると、コンテンツクリエイターを支援できます。
33569653e365fa57,TID_TRAINING_SPELLS_INFO,呪文はタウンホールレベル5以降で使用できます
9f94ae4b3e240175,TID_DECORATION_FIRECRACKER,お祭りの爆竹
dfb0415fb874fce3,TID_GEAR_INFO_FIRE_IN_A_CAN,現在の目標に爆発をともなう巨大なファイアボールを放ちます
ce104db477f3fc39,TID_PRESET_LOAD_FAIL_LOCKED_TROOP,必要な訓練施設が建設中です
4fe38d806c4c9b7f,TID_WAITING_FOR_BATTLE_CODE,コードを待っています...
9b8884a3f16cffca,TID_INFO_POP_UP_TOS_PP_NOTE,クラッシュ・オブ・クランは無料でプレイできますが、アプリ内での購入によりゲームを早く進めることもできます。お使いのデバイスの「設定」から「App内での購入」を無効に設定することもできます。「OK」をタップすると当社のサービス利用規約とプライバシーポリシーに同意したものとみなされます。
91d8480495cccecb,TID_NPC_CHALLENGE_TH9_WITCH_WITCHES1,<c54a0fe>ネクロマンサー</c>を投入して、村の角から\n建物を破壊していきましょう。
07ac79ee7c4dc41d,TID_TENCENT_LOGIN_PROMPT_UNBLOCKED_NONE,ゲーム依存症防止の最新の規定に従い、ゲストアカウントでログインされた場合は、実名認証を完了することができません。また、プレイ可能時間が15日間につき1時間に制限されます。\n\nゲームを最大限お楽しみいただくには、QQまたはWeChatにログインしたうえで、実名認証を完了していただきますようお願い申し上げます。
9ffdc8127a7ae23d,TID_TUTORIAL_GOLD_EARNING_LEAGUES_AND_STARS,上位のリーグでは、各スターから手に入るゴールドが増加しますよ！
53f4f386c72671a1,TID_WL_COLUMN_ATTACKS,攻撃
cc1a4f548b8cce7c,TID_CHARACTER_INFO_MINION_SHORT,敵をしつこく攻撃する遠距離ユニットです。
87fd1cfa0a142425,TID_BUTTON_UPGRADE,アップグレード
763f0c212f47705d,TID_CLAN_CASTLE_TROOPS_INSIDE,支援：
7bee3af274b75881,TID_MULTIPLAYER,マルチプレイ
91bb36c3bd9bd727,TID_POPUP_ANDROID_EXIT_TITLE,終了の確認
c549c617b95bd99f,TID_WL_COLUMN_PLAYER_NAME,名前
a98c53915c7db032,TID_TUTORIAL_ATTACK_NPC_1,象牙の塔のウィザードたちが\n助けに来てくれました！\nゴブリンの村を破壊しましょう！
132ac0f3a32574be,TID_TUTORIAL_WAR_DONATE_1,準備日には、クランメンバー同士で援軍を送り合ったり、相手クランの村を偵察します。
91c4d71cce3ba5ae,TID_LABORATORY_UPGRADING,アップグレード中：
4b66910fb4469a15,TID_NEXT_REWARDS,次の報酬
d4aeb040c2dccb2c,TID_ERROR_POP_UP_LOGIN_FAILED_TITLE,ログイン失敗
bd688a4a9ce3aeb6,TID_TUTORIAL_SMITHY_1,チーフ、鍛冶屋がオープンしました！
ba3114de767dba82,TID_LABORATORY_GOBLIN_HINT,2つ目のアップグレードを\n開始する際はご用命を！
e406e11c0df7a856,TID_BUTTON_HELP_CENTER,ヘルプ
595deb370315bc8e,TID_SNOWED_IN_SCENERY,雪の日
b7ec1392784afb61,TID_NATIVE_DIALOG_VERSION_NOT_UP_TO_DATE_STORE_NOT_READY_BUTTON,OK
18903109d2c391ef,TID_ALLIANCE_WAR_STATS_TAB,クラン対戦データ
b6e7bd0205e61599,TID_NUMBER_SIX,6
0973cdd8b9937b08,TID_STARTER_TH5_BUILDWIZARDTOWER,防衛魔法術
85df4513ea84db4c,TID_CHARACTER_APPRENTICE_WARDEN,見習いウォーデン
f811dced260b32f3,TID_TRAP_ZAPTRAP,ザップトラップ
2dfd1d7ec3bdceff,TID_CLANPERK_COMPLETED,達成！
9f0399d60cc08c18,TID_LOCAL_NOTIFICATION_EVENT_END_OF_SUMMER_OFFER_TH0212,そろそろ夏も終わりです... が、戦いの熱は収まりません！特別なセール品をお見逃しなく！
44884007404f75ee,TID_TENCENT_DOLPHIN_INSTALLFAIL,安装失败，请重试
2e84fc3b4de0e9ac,TID_LEAGUE_SILVER2,シルバーリーグII
1662abb6c730fbe6,TID_CLAN_RECRUITMENT_OPT_IN_ITEM_TEXT,クランからの招待受付を有効にする
79eb936f919d4f01,TID_INFO_TARGET_TYPE_GROUND_AND_AIR,地上＆空中
fc352126517acc33,TID_HINT_WALLBREAKER_DAMAGE,ウォールブレイカーは敵の壁に絶大なダメージを与えますが、自爆して消えてしまいます。
f24684c379e57380,TID_ALLIANCE_SEARCH_HINT,クラン名またはクランタグを入力してください
fc9f86790c9b9f80,TID_BOOSTER_BOOST_PRODUCTION_ALT_2_LINE,訓練ポーション
7b52d2f07232b26a,TID_CLANGAMES_TASK_INFO_USE_SNEAKY_GOBLINS,<num2>体のスニークゴブリンを使い、マルチプレイで<num>個の星を獲得する。
0e7e1d9dcac6b862,TID_CAPBUILD_BARRACKS_MINION_INFO,新たに開発された手法により、ガーゴイルを群れにすることが可能となりました！
1b78f4363a741f52,TID_AGE_GATE_TITLE,年齢はおいくつですか？
2b214ddf5b34bcbe,TID_ALLIANCE_WAR_PREPARATION_TIME_TITLE,準備日
e0083210adb82f83,TID_MORE_WECHAT,关注官方认证微信订阅号cocsupercell
fdf7e08514a7f5d4,TID_UPGRADE_INFO_SPAWNING,<name>召喚速度（+20％）<old>
73e7acddb98dbc0b,TID_NPC57,飛行禁止区域
0813dc9726dfa6d4,TID_RECALL_TROOPS_ALREADY_DEPLOYED,リターンしたユニットは配置済みです
91cd9362e4569293,TID_SUMMER_SCENERY,サマー
5b45d942845dadcd,TID_CLANGAMES_TASK_DESTROY_BB_ARCHERTOWER,アーチャータワーの復讐者
7f41866599b47c98,TID_NATIVE_DIALOG_TENCENT_ACCOUNT_CONFLICT_MESSAGE,ログインしようとしているアカウントは、ローカルに保存されているアカウントと異なっています。新しいアカウントに切り替えますか？
83a66bb8be2eeab7,TID_USE_CLOCKTOWER_POTION_TITLE,大工の拠点をブーストしますか？
78070ee19fe0340c,TID_DARK_WITCH,ダークネクロ
5afb9b7a9144fefa,TID_ALLIANCE_WAR_VISIT_FAILED_NOT_FOUND,村が見つかりませんでした！あとでまたお試しください。
ee392283769accfa,TID_INVITE_BUTTON,招待
cd688d87ebd31ebb,TID_GOOGLE_SERVICE_SIGN_IN,ログイン
da64db2121b6a216,TID_CLANGAMES_TASK_DESTROY_KINGALTARS,バーバリアンキング祭壇を破壊
d08c9496817a43d1,TID_BATTLEPASS_TASK_INFO_DO_RAID_ATTACKS,都の合戦で攻撃を<num>回行う。
0cee82c1d8782c68,TID_POPUP_CONFLICTING_ACCOUNT_TITLE,アカウントの競合
5b424ad1a07b4f20,TID_BOOSTER_FINISH_SPELL_UPGRADE_INFO,謎のウィザードによって記されたこの魔法の本を使うと、実行中の呪文アップグレードを瞬時に完了することができます。自分の村でのみ使用可能です。
345ec1bbfbdf9fe8,TID_CHARACTER_MECHA_DRAGON_INFO,上空を制圧する大きな影が、目に入る標的をためらうことなく粉砕します。もはや破壊を楽しんでいるようにさえ見えますが、乗っているスケルトンは、あくまで自分は操縦していないと言い張っています。
dd7c5d4781c21df8,TID_MINI_SPELL_FACTORY_INFO,最高にイケてるかブッ飛んでいるウィザードマスターだけが、ダークエリクサーの\nエネルギーから呪文を生成できます。コンパクトな闇の呪文を使いこなすには\n鋭い洞察力が必要ですが、うまく使えばユニークな方法で敵を出し抜けます。
d175a5957b56a6ed,TID_NPC_CHALLENGE_TH8_GOWIVA_ARCHER,<c54a0fe>アーチャー</c>を配置して、\n<cf70d16>防衛ユニット</c>を中心から引き離しましょう。
e5048d5dd6c3b217,TID_TENCENT_RETRY,重试
2a17e7675ffe65cc,TID_HINT_XBOW_TARGETS_1,巨大クロスボウは射程を短くして飛行ユニットと地上ユニットの両方を攻撃させることもできます。
e005af94ae304022,TID_TUTORIAL_WAR_LEAGUE_1,やりましたね、チーフ！\nクラン対戦リーグに参加しました！
d3f710100fb49988,TID_WL_STAT_POSITION7,7位
a6e4336cd0a9d633,TID_CLAN_TAG_COMPETITIVE,負けず嫌い
49ac2f24b01cb42c,TID_GOBLIN_BALLOON,エアバルーン
d4f13c76414f02a4,TID_BOOSTER_WALL_UPGRADE_OFFER_INFO,壁リング<num>個 - 壁を瞬時にアップグレードします（ハイレベルの壁では複数のリングが必要です）
375246e1cfce4c53,TID_BOOMBOX_EVENTS,イベント
bf337c7515c842e6,TID_GIANT_ABILITY_NAME,パワーパンチ
a3471db3f93270b1,TID_CLANPERK_DESC_WAR_LOOT_CAPACITY_VALUE,<value>％
eb1c62ef49dce25e,TID_REENGAGEMENT_BUILDER_4,困った時は、大工が作ったリストを\nチェックしてみてください！
1d94b1497189d56e,TID_LOCAL_NOTIFICATION_EVENT_STAR_BONUS_4X,チーフ、星ボーナス4倍イベントが始まりました！
57b1a130c03c5ce0,TID_PLACED_AFTER_SHUFFLE_POPUP_TITLE,リーグ入りしました！
af18f71779fbae68,TID_NPC_DEPLOY_STEPS_OFF_TEXT,チュートリアルなしで\nステージを再スタートします。
3c6db214d8894c84,TID_CHARACTER_INFO_SNEAKY_ARCHER_SHORT,弓矢による攻撃よりも、見えないアーチャーの方がずっと脅威です。
baa9d1a2878daf70,TID_ALLIANCE_WAR_BEST_NO_ATTACK_FRIENDLY,トップ以外（マイクラン）
b2f6abf6ef1c71bd,TID_TUTORIAL_WAR_LEAGUE_13,詳しくは情報ボタンをタップしましょう。準備は整いました！
156101b9af8a7599,TID_IN_PROGRESS,進行中
8b0988fac0f66038,TID_CURRENT_REWARDS,現在
aee1c3f51a1ea57b,TID_NPC35,トリプル A
56c5f5fb8e8142bf,TID_ENDOFSUMMER_OFFER_INFO_TH0206_1999_0999,• <res0>ゴールド\n• <res1>エリクサー\n• パワーポーション<booster1>個 - ユニットと呪文が1時間にわたってラボの最大許容レベルになります\n• 大工ポーション<booster2>個 - 大工の作業速度が1時間にわたって10倍になります\n\n• 収容量制限なし！\n• このパックの購入は5回限りです！\n\nチャンスは期間限定の今だけ！
6a1ec0cd068850cc,TID_SHOP_PURCHASED,購入済
04b05687b1906d4c,TID_WL_CANNOT_EDIT_ROSTER,現在、対戦参加者リストを編集できません。
88568f1eee83003c,TID_SELFHELP_UNAVAILABLE,現在、ヘルプとサポートは利用できません。また後ほどお試しください。
30c4fa08059282c8,TID_ALLIANCE_DEFAULT_TROOP_REQUEST_MESSAGE,援軍か呪文の寄付をお願いします！
a5d1a485a8fd7f8c,TID_SHOP_CATEGORY_TREASURE,宝物
fced9b7c8352a024,TID_LIVE_REPLAY,ライブリプレイ
181946b2d76d31ac,TID_FAVORITE_TARGET_HEROS_TARGET,ヒーローと同一
c030a8c630d5b7a1,TID_CLANGAMES_TASK_USETROOP_BUILDERBASE,1体の<troop>を使い、大工の拠点戦で星1個を獲得する。
db525193592decb2,TID_BP_SEASON_BANK_CURRENT_CAP,容量：<value>
e5fa39c5e29ec6c0,TID_BOB_TASK_TROOP_FLUFF,人畜無害なロボットを製作するには、怪力無双のユニットの研究が必要だなんて、奇妙に聞こえるかもしれません... しかし、本当なんです。
4be9b2b2cb1bf033,TID_TENCENT_LOGIN_TOS,Tencent Game ライセンス及びサービス契約
4da77263ad0e9d50,TID_CLANGAMES_TASK_INFO_USE_ROCKET_BALLOONS,<num2>体のロケットバルーンを使い、マルチプレイで<num>個の星を獲得する。
f5cb1f5e67106499,TID_MULTI_ARCHER_TOWER_INFO_SHORT,徒党を組んだアーチャーほど恐ろしいものはありません。
6b68ec68c440be89,TID_POPUP_UPGRADE_WALL_SECTION_TITLE,壁をアップグレード
42006d95bbf20050,TID_LEADERBOARDBANNER_PLAYER_HISTORY_TITLE,前回のトーナメントでのレジェンド：
01ffaf49d9354ec5,TID_BUILDING_WIZARD_TOWER,ウィザードの塔
e82c757709e67fcf,TID_CLAN_WAR_CHALLENGE_ACCEPTED,<name>が参加を承認
b8505ff105a18760,TID_SUPER_CHARGED_PEKKA,パワーP.E.K.K.A
58df3fc1ca76d9c2,TID_CAPITAL_PLAYGROUND_SUPER_WIZARDS,<c54a0fe>スーパーウィザード</c>を配置して壁の後ろにある<cf70d16>スピアキャスター</c>や<cf70d16>ボムタワー</c>を破壊するんじゃ。
553e8f23d190c937,TID_POPUP_REVENGE_CLEAR_TITLE,リベンジ
8659548f36596132,TID_CAPBUILD_GUARDPOST_GIANTS,スーパージャイアントの基地
eb290b4020ae14df,TID_BOOSTER_FILL_GOLD_STORAGE_OFFER_INFO,ゴールドのルーン<num>個 - 金庫をいっぱいにします
93ebfb967531524d,TID_ALLIANCE_CREATE_BADGE,紋章：
2e9c0b7520df0bae,TID_CHARACTER_INFO_SKELETON2,この不死の生物は、単体ではそれほど脅威にはなりません。しかし降下船から次々と送り込まれる彼らは、必ず集団で行動します！
d4c43b2fe2046967,TID_DIAMOND_BUNDLE_TH10_UPDATED_INFO,• インフェルノタワー（レベル1）\n• 巨大クロスボウ（レベル2）\n• <res0>ダークエリクサー\n\n収容量制限なし！\n\nこの初回限定<cffec78><value>倍バリューチャンス</c>をお見逃しなく！
d97c9c6cb5691439,TID_CHARACTER_INFO_WALLBREAKER_SHORT,壁を爆発させて敵陣に突破口を開きます。
5498a010e470fe4b,TID_SUPER_VALKYRIE_ABILITY_HELP,倒されたときにレイジの呪文を発動する
c7c32e5b2c159c92,TID_ALLIANCE_INVITATION_FAILED_NO_CASTLE,このプレイヤーはクランの城を建てていないため、招待できません！
322765dbc5e4bc92,TID_ACHIEVEMENT_NPC_STARS_MORE_TITLE,ゴブリンどもをみんなやっつけろ！
88bdca5d82a8ee76,TID_NEWS_RED_MORE,詳しく
fecf1c85bed47afc,TID_DECO_GOLDEN_BARBARIAN,ゴールデンバーバリアン
682da90c50d0a60b,TID_SUMMER_WARDEN,サマー ウォーデン
5c7a1ac9077e251a,TID_CLAN_GAMES_THEME_WAR,対戦ゲーム
7095a28e40c823a1,TID_NEWS_TH11_UPDATE_GUARD_TITLE,村の護り：他の村を攻撃しても自分の村は安全
71ea905576ee8fba,TID_BUTTON_REQUEST_TROOPS,支援をもとめる
a96ba3edc7932a2c,TID_UPGRADE_INFO_DEPLOY_UNIT,<old><name>出撃速度（+15％）
e2fdc6616317f7d7,TID_CAPBUILD_AIR_DEFENSE_INFO,この対空設備は空を飛ぶ敵には絶大な攻撃力を\n発揮しますが、地上の敵には攻撃できません。\nできるだけ広い範囲を守れるように、うまく配置しましょう。
cc35997189a86d05,TID_TUTORIAL_WAR_LEAGUE_14,あっ、大切なことを忘れるところでした！星の数や勝利数に応じて、\nリーグメダルがもらえます。
211023defdf17168,TID_LAYOUTS_ACTIVE_LAYOUT,使用中のレイアウト
c2782692f5ea4b92,TID_REPAIR_BUILDING_HEADER,<name>
6653436fd070f4c6,TID_CANCEL_WAR_ARRANGED_MATCHMAKING_CONFIRMATION_TITLE,チャレンジをキャンセルしますか？
791c882a35b2a18a,TID_CLANGAMES_TASK_USE_WALLBREAKERS,壁抜き記念日
625fd6701944c17c,TID_CREATOR_TAG_NOT_ENTERED,コードを入力してください
669f7ce504b159bd,TID_NPC_CHALLENGE_TH13_HYBRID_RAGE1,<cf07bf8>レイジの呪文</c>を使って素早く村に攻め入りましょう！
047babc44f01c6f0,TID_STARTER_UPGRADEWALL,バリケード構築
388bc605f267bf83,TID_MOVE,移動
4bbe62981c98399f,TID_BUTTON_APPBANK,AppBank攻略情報
ef677c68d7e9e82a,TID_BP_NO_BONUS_POINTS_TITLE,ボーナスポイント！
394f443941ff4888,TID_CHARACTER_ELITE_GIANT,スーパージャイアント
f0c5144e9198fb61,TID_ALLIANCE_WAR_RETURN_TO_CURRENT_WAR,現在のクラン対戦
d1ed53ed07f6fff5,TID_NO_EVENTS_TITLE,
85286bf04f8d4e39,TID_PLAYER_NOT_FOUND,このタグのプレイヤーは見つかりません。
93baffe00a648a30,TID_TUTORIAL_CAPITAL_ARMY_2,あんたの気が変わったとしても、頼むから部隊を何度も入れ替えないでくれよ。ユニットを搬送するのも一苦労なんじゃ。
ac1d7b289349780d,TID_ACHIEVEMENT_DESTROY_MONOLITH_TITLE,モノリスマッシャー
c1ba308a116c5a91,TID_ALLIANCE_WAR_ATTACK_FAILED_ALL_ATTACKS_USED,このクラン対戦でできる攻撃をし尽くしました！
f7a58af77a858ecf,TID_ATTACK_FAIL_NO_MATCHES,攻撃できる村がみつかりませんでした。
f4a508e09d3d9544,TID_VS_ATTACK_CONFIRM_INFO,フレンドリー・チャレンジを開始する前に、準備を整えておきましょう！
b66001212adacb8c,TID_DIAMOND_BUNDLE_TH13_INFO,• ロイヤルチャンピオン（レベル3）\n• <res0>ダークエリクサー\n\n建設時間、収容量制限なし！\n\nこの初回限定<cffec78><value>倍バリューチャンス</c>をお見逃しなく！
8d035f63e949d615,TID_NUMBER_ZERO,0
a5a5e89c0d4812d8,TID_SHIELD_GUARD,村の護り
480ce97970b6aba4,TID_LOCAL_NOTIFICATION_EVENT_SPECIAL_TROOP_GoVaHo,チーフ、今回の特別イベントでは、ゴーレムとバルキリー、そしてホグライダーを使用しましょう！
ffe250f442dff67d,TID_CHARACTER_INFO_SUPER_GIANTS,スーパージャイアントのペアこそが、真の万能ユニットと言えるでしょう。屈強で防衛設備の破壊が得意なほか、必要とあらばいとも簡単に壁をブチ抜いてくれます！
09f7cc7da19fa06f,TID_ALLIANCE_ROLE_COLEADER,サブリーダー
e1c918e68ae56bbb,TID_DIAMOND_BUNDLE_TH8_ALT_UPDATED_INFO,• <res0>ダークエリクサー\n• <res1>ゴールド\n• <res2>エリクサー\n\n収容量制限なし！\n\nこの初回限定<cffec78><value>倍バリューチャンス</c>をお見逃しなく！
6215bebd7c1470d9,TID_WAR_STATS_HEADER_BATTLES,総攻撃回数
d4daa7442c996fa1,TID_CHARACTER_SUPER_WITCH,スーパーネクロマンサー
9ea5504b6d25f505,TID_PRODUCTION_RATE_PER_DAY,生産量：1日<number>個
75d770789cb91402,TID_SOLD_OUT,売り切れ！
7d2f2abb798d2c4c,TID_GRASS,高い草
45a81ff9eed3f24c,TID_ALLIANCE_GAMES_TOWN_HALL_TOO_LOW,クランゲームをプレイするには、タウンホールレベルが<number>以上である必要があります。
c11e3021826ad024,TID_CHARACTER_LAVALOON_PUP,ラヴァルーンパピィ
4322d8d744ccc66a,TID_TROOP_INFO_COMING_SOON,近日登場！
48727b765c6ce8e1,TID_NPC_CHALLENGE_TH12_DRAGBAT_SPAWN_BATS2,<c9916c8>コウモリの呪文</c>を使って、残りの\n<cf70d16>ウィザードの塔</c>を破壊しましょう。
1bbb614441e4c258,TID_CHALLENGE_CHOOSE_NEW_LAYOUT,新しいチャレンジレイアウトを選びましょう
25014a5e9a7f2dcf,TID_REQUIRED_EXP_LEVEL,必要条件\n経験レベル<number>
e1922b20d4048a3b,TID_CAPBUILD_BARRACKS_SKELETON_BARREL_INFO,このタル工場は奇遇にも墓地のとなりに建てられています。\n管理人は風船のセールスマンです。
559b483bfd9a5e9a,TID_BATTLEPASS_TASK_INFO_WIN_BATTLES_USING_VALKYRIES,バルキリーを使い、マルチプレイで<num>回勝利する。
d476f4f7b58c7abe,TID_BATTLEPASS_TASK_INFO_USE_SIEGERAMS,ウォールバスターを使い、マルチプレイで<num>個の星を獲得する。
de7963a2c620b6ec,TID_FRIEND_LIST_TEAMUP_2_FRIENDS,ゲーム内で繋がって一緒に楽しみましょう！
9887b7fccd64176f,TID_HULK_BIG,レイジハルク
2b8d96d9b5ac30bd,TID_GEAR_RESOURCE_RARE_INFO,装備のアップグレードに使用できます。星ボーナスかクラン対戦で入手可能です。
5fb459b9b5215b46,TID_DIAMOND_BUNDLE_TH11,タウンホール１１パック
3c900e5c5748ea20,TID_FEATURE_CLAN_GAMES_DESC,クランの仲間と協力して大男のチャレンジをクリアし、豪華な報酬を獲得しましょう。
dd5816798ebb384d,TID_VALENTINES_QUEEN,ハートハンター クイーン
af617a31cad9aea7,TID_ENDOFSEP_OFFER_INFO_4999,• 戦いの本<booster1>冊 - 実行中のユニットアップグレードを瞬時に完了します\n• 建物の本<booster2>冊 - 実行中の建物アップグレードを瞬時に完了します\n• <res0>ゴールド\n• <res1>エリクサー\n\n• 収容量制限なし！\n• このパックの購入は表示の期間内に2回限りです！\n\n秋の乱闘が始まります！
097acf1987b6746c,TID_BOB_FEATURE,B.O.B
5ce2504b932cff83,TID_HINT_ARTILLERY_TARGET,イーグル砲は、最も近くにいるユニットの中で一番打たれ強いユニットか、一番大きなグループを狙います。
dc3c9432dfca7a75,TID_LINK_TARGET_DEVICE_TEXT,関連づけるデバイスの種類を選択してください:
902bb8c5875b550b,TID_ERROR_POP_UP_OUT_OF_SYNC_TITLE,エラー発生！
aaafb8ce17b82fd7,TID_SPELL_CAPACITY_AFTER_TRAIN,呪文生成後の保存可能数：
941cbd5c5030d3bd,TID_HINT_DRAGON_AIR,ドラゴンは地上ユニットと飛行ユニットの両方を攻撃できる強力な飛行ユニットです。
355773cdf2816ffd,TID_CHALLENGE_TH7_MINION,空襲攻撃
4cc05caf508dffaf,TID_HINT LOOT_BONUS,戦利品をもっと手に入れたい場合は、リーグに入って対戦に勝利する度に戦利品ボーナスをもらおう！
4a20d5edcb1fde2d,TID_BATTLEPASS_TASK_WIN_BATTLES_USING_HASTE_INFO,ヘイストの呪文を使い、マルチプレイで<num>回勝利する。
4c7a000889271578,TID_BATTLEPASS_TASK_WIN_BATTLES_USING_MINIONS,ガーゴイル軍団
b4a578192901916f,TID_SNEAKY_ARCHER,スニークアーチャー
df1715b7a13d959a,TID_CLAN_CASTLE_SLEEP,休む
3d8381478baccd3a,TID_CLANGAMES_TASK_WIN_STARS_USING_RAGE_INFO,レイジの呪文を<num2>回使い、マルチプレイで<num>回勝利する。
449cda2cdb0f657d,TID_NPC5,二丁拳銃
b1f41fff2a52b73c,TID_BDRAG2_ABILITY_HELP,他の飛行ユニットから離れると、ダメージが<num>％増加する
f6fb6fd46f48992f,TID_ALLIANCE_GAMES_PICK_TASK_INFO,左の一覧からチャレンジを選んで、さっそくクリアを目指しましょう！
fcbf6829c4a69c00,TID_LEADERBOARDBANNER_PLAYERTOURNAMENTS,レジェンドリーグトーナメント
829ef42c888437af,TID_BUILDING_GOLD_STORAGE,金庫
dcc9702d756b606e,TID_ACHIEVEMENT_UNIT_UNLOCK,兵舎で<name>をアンロックする。
589de2d4a0a85a4c,TID_CANCLE_TRAINING_INFO,注：ユニットの訓練予約をキャンセルした場合、コストの<number>％しか戻ってきません。
26cb92d460dd5ded,TID_NPC_CHALLENGE_TH8_GOWIPE_GOLEM,<c54a0fe>ゴーレム</c>は高いヒットポイントを誇ります。\n他のユニットの前に配置して、強力な盾にしましょう。
4a96b59bbabd23b9,TID_ACHIEVEMENT_DESTROY_BUILDER_COMPLETED,破壊した大工の小屋の総数：<value>
b70451119c1a0e90,TID_WAR_STATS_HEADER_TOTAL,合計
e6314db0bd360e8f,TID_RESOURCE_PACK_DARK_ELIXIR_10,10％増やす
872a5d7a3102aebb,TID_LEGEND_SEASON_END_PRESTIGE,獲得レジェンドトロフィー：
c711c42e5c23ad48,TID_PROMOTED_TO_TEXT,昇格！
7135f26ed471c28c,TID_BUTTON_SELL,売る
a182f8b550abf306,TID_HINT_CLAN_REINFORCEMENTS,クランの城があれば、クランの仲間に援軍をたのむことができます！
740fed1c4c4e4aae,TID_CLANGAMES_TASK_INFO_DESTROY_LABORATORIES,マルチプレイで通算<num>個の<building>を破壊する。
9e2d813873acbabf,TID_PLACEMENT_HINT_TUTORIAL3,ユニットを配置しましょう！
a81a95b973033c62,TID_BUTTON_FBPAGE,最新のアップデート
0c9b231d44e0c4b2,TID_GEAR_INFO_ANGRY_TOME,近くの味方ユニットの与ダメージが上昇します
8a7ae7799db3b685,TID_CHARACTER_INFO_GOLEM_SHORT,岩の怪物です。心強い盾役になってくれます。
7b97e35bf4481ef5,TID_TUTORIAL_RUINS_4,設備が増えるほど、防衛や攻撃の選択肢が広がるからな。
44900fc5406c3c09,TID_UNLOCKED_ARMY,軍事関連
a7fc488b8a53d0da,TID_LIVE_REPLAY_FAIL_NO_DATA_FOUND,ライブリプレイを利用できません。この戦闘は既に終わっています。
ce6519281cb3ae08,TID_POPUP_CANCEL_GOBLIN_CLEAR_TITLE,取り除くのをやめますか？
077c16cfd1d4174a,TID_LEAGUE_HERO3_SHORT,タイタンIII
066fc17ff1d9300c,TID_BOOSTER_HERO_POTION_ALT_2_LINE,ヒーローポーション
0074b5ade6b4a712,TID_HALLOWEEN_INFO_SCREEN_ITEM3,禁断のメダルを集めて追加の報酬とトレード！
34922269e22ab899,TID_EVENT_CHRISTMAS_TRAP_INFO,敵の攻撃を阻止しましょう！\n\nフリーズトラップが使用可能ですが、イベントが終わると溶けてなくなってしまいます。
7a81a0b0d38cb2ef,TID_TOWN_HALL_11_INFO_SHORT,文明の発達が伺えるエレガントなタウンホールです。
1780564f50aa0160,TID_BOB_UNLOCK_BUILDING_INFO,マスター大工の新発明のコントロールセンターです。B.O.Bを最大レベルまでアップグレードすると、追加の大工として村で働いてくれます。
df7ffe12e61e1005,TID_CLANGAMES_TASK_INFO_DESTROY_BB_WALLS,大工の拠点戦で通算<num>個の壁を破壊する。
9cab38aa793357fb,TID_BATTLEPASS_TASK_START_BB_UPGRADE,大工の拠点を大改造
563cdf414e20117f,TID_ALLIANCE_DATA_FAILED_LOAD_FAILED,クラン情報をロードできませんでした。\n\nまたのちほどお試しください。
4f3e79e8d14d768b,TID_STARTER_TH3_BUILDLABORATORY,マッドサイエンス
f94a6121316f77e0,TID_TUTORIAL_TH12_1,攻撃を受けた際に、タウンホールが\n反撃できるようになりました！
e31a0b08641c8690,TID_V2_DUEL_FEED_BH_DESTROYED,ビルダーホールが破壊されました！
788f3acade6b637d,TID_ACHIEVEMENT_GOLDSTORAGE_COMPLETED,金庫の最大レベル：<value>
cc63c11a76e374e3,TID_BATTLEPASS_TASK_WIN_BATTLES_USING_RAGE_INFO,レイジの呪文を使い、マルチプレイで<num>回勝利する。
c5220fec63a3299c,TID_DEFAULT_VILLAGE_NAME,<name>の村
13aa08ad40c5aa68,TID_TUTORIAL_MERGE_3,パワーアップした防衛設備の力を見せつけてやりましょう！
fa602aa408a64f80,TID_HINT_GEM_MINE,エメラルド鉱山を再建して、追加のエメラルドを手に入れましょう！
268666547b22a962,TID_OBSTACLE_TREE,木
a12dbe05f2029598,TID_CLANGAMES_TASK_INFO_USE_HEALERS,<num2>体のヒーラーを使い、マルチプレイで<num>個の星を獲得する。
613f2c63662259c9,TID_BATTLERAM,攻城バーバリアン
111f95ef4dd87d89,TID_LAST_WAR,前回：
d0a94114ca7d3ae4,TID_BOOSTER_FINISH_TROOP_UPGRADE_INFO,非常に効率的な訓練プログラムが満載のこの魔法の本を使うと、実行中のユニットアップグレードを瞬時に完了することができます。どちらの村でも使用可能です！
5e8e95d28a54d77e,TID_DIAMOND_BUNDLE_MAGICITEMS_BUILDER_BASE_HEROES_BOOK_WITH_ELIXIR_INFO,• <res0>エリクサー（大工の拠点）\n• ヒーローの本<booster1>冊\n• 収容量制限なし！\n\nバトルマシンのアップグレードに必要なものが全部入っています！
8cd19ba60ec09dbe,TID_NPC_WARDEN_HEALTH_LOW,<c9916c8>グランドウォーデン</c>のヒットポイントが低下しています。特殊能力を発動させましょう！
896d04bdc4bdb212,TID_POPUP_MAX_OUT_ARMY,<booster>を使って、ユニットを<time>にわたってタウンホールの最大許容レベルにレベルアップしますか？
41c98f2ffe7174d6,TID_CLAN_LANGUAGE_UNKNOWN,不明
3a1b58657dee1f5e,TID_CAPITAL_PLAYGROUND_CLEAN_UP,最後は残りの防衛設備を破壊するんじゃ！ほれ、これも勉強だと思って自由にやってみるといい。
f59340dba9c87ae1,TID_PET_SPIRIT_FOX_INFO,村の外の森でひっそりと暮らす孤高の動物です。とてもシャイな性格をしていますが、戦闘ではヒーローと共に勇敢に戦い、透明化の能力で勝利に貢献します。
91c6d69a57446f1b,TID_ARTO_UNLOCKED,B.O.Bが完成！
6aff504b68be6228,TID_STAR_LABORATORY_UPGRADING_CANNOT_START_UNIT,天文ラボのアップグレード中は、ユニットのアップグレードを開始できません
1df8fb9f92b920ee,TID_HINT HERO_ARCHER_QUEEN,アーチャークイーンは弓の名手で、改造して小型化した巨大クロスボウで戦います。
d8887c8135e12cf8,TID_CONFIRM_FINISH_TRAINING_TITLE,訓練を完了しますか？
38da2850e0771ee3,TID_WL_LEADERBOARD_BRACKET_POS3,グループ3位
2be2fa57cef3b61c,TID_FREEZE_SPELL_INFO,戦がヒートアップしても、涼しい顔でやり過ごそう！\n\nフリーズの呪文を使うと、極低温の衝撃波を送って敵のユニットを動けなくさせ、影響範囲内の防衛設備の機能を停止させます。
94ba8b93b5c4ccc3,TID_BUTTON_EDIT,部隊編成
ff1d3384cb682c19,TID_BUILDING_XBOW2,巨大クロスボウ
2826ea69b6a1328e,TID_NPC_CHALLENGE_BOWIGI_WALLBREAKERS,下側に<c54a0fe>ウォールブレイカー</c>を配置して、\n<c54a0fe>ボウラー</c>のために道を作りましょう！
ece7a83e109c8e4c,TID_FILL_ARMY_CAMPS,部隊を選択
68e1e194bdfb9b31,TID_BUILDING_SCATTERSHOT,投石機
f3a3b7758c993dce,TID_CLAN_TAG_ACTIVE_DONATOR,寄付に積極的
2919e07ae1324461,TID_TUTORIAL_CLASHOWEEN_EVENT_B3,お楽しみの始まりです！
11476ac82a8e9455,TID_HINT_ACCOUNT_SECURITY_1,Supercell IDの認証情報は絶対に他人に教えないでください。
e05f13570fc3a7ac,TID_JUNGLE_WARDEN,ジャングル ウォーデン
274197f718fd6016,TID_NO_OPENID_LOGIN_DISALLOWED_TENCENT,根据相关部门的最新防沉迷规则，请您打开设备设置，将设备语言切换至简体中文后，即可使用QQ/微信账号登录游戏。
10ed64c79a56386b,TID_EVENT_TITLE_END_OF_SUMMER_OFFER_TH0712,ダークパワーパック
f5d484eefdd81ab9,TID_NEWS_BOMB_TOWER_UPDATE_TITLE,新しい防衛設備：ボムタワー！
c43051e669ed9adc,TID_PERSONAL_POINT_QUOTA_FINISHED,すでに最大ポイントに到達しているためチャレンジを開始できません！
1db4cabc928ff511,TID_BATTLE_LOG_COL_1,対戦相手
bb27f5d89538685e,TID_RESOURCE_PACK_GOLD_FULL,ゴールドを一杯にする
ef70069ef026ecff,TID_CLANGAMES_TASK_USE_GIANTS,巨大なチャンス
76b2f44c8f67d0c8,TID_CHARACTER_RAM_RIDER_CHARGE,ラムライダーの突撃
da4dd352da1e4105,TID_TO,～
f6408e8a7c128f92,TID_TUTORIAL_WAR_LEAGUE_6,戦闘日に備えて、忘れずに\nユニットを寄付してくださいね！
a8474ccb3679d9b9,TID_NPC_CHALLENGE_TH12_DRAGBAT_FREEZE1,<c54a0fe>コウモリの群れ</c>がやられないように、<c38eaff>フリーズの呪文</c>を使いましょう。狙うは、<cf70d16>ウィザードの塔</c>と<cf70d16>対空砲</c>です！
6d862974bdec08b6,TID_WECHAT_LOGGED_IN,WeChatにログインしました
3af487a3772bc8a1,TID_ACHIEVEMENT_LOOT_CAPITAL_TITLE,攻撃型資本主義
4d498e9a27d63df0,TID_LAYOUTS_REBUILD_CLAN_CASTLE,まずはクランの城を建て直してください。
cd5920b254da1785,TID_BOW_INFO,巨大クロスボウは絶大な威力をほこる魔法の矢を発射します。\nエリクサーさえ補充しておけば自動的に動作し、長射程で地上ユニットだけを\nねらうか短射程で全ユニットをねらうかを設定することができます。
2c7bdf66a634b7d1,TID_LOCAL_NOTIFICATION_EVENT_REGULAR_THEMED_BATTLE_TH0212,戦場に鳴り響くトランペットが勝利を告げます！今回の特別セールでユニットをアップグレードして、クランを壮大な戦闘へといざないましょう！
3415d98994e84141,TID_OBSTACLE_LANTERN_CNY2019,輝くランタン
07ca7a6d5a9c49bc,TID_BABY_ELECTRO_DRAGON_ABILITY_NAME,連鎖ライトニング
489d51264f0555de,TID_NEWS_TH11_UPDATE_TH11_TITLE,タウンホールの最大がレベル11に
b7018811feab1489,TID_SIEGE_MACHINE_BALLOON_INFO_SHORT,上空から大岩を落とし、敵陣を破壊します。
6e3421d8b8b66168,TID_BUILDING_RICOCHET_CANNON,跳弾大砲
5f4866b8662e0979,TID_TRADER_MENU_TITLE,ウィークリーセール
059f95b976183070,TID_NOT_ENOUGH_RESOURCE,<resource>が足りません
b1cce815757cd586,TID_PREVIOUS_BEST,前回の最高
e287195ae8e9d0ca,TID_RANKTITLE,ランク
9934ce5ebdb32536,TID_MAP_LOCATION_4,バーバリア
71fcf6fbb5eb8c4c,TID_NPC_CHALLENGE_PROGRESS_WARNING_TEXT,素晴らしい攻撃でした！\nチュートリアルなしで練習してみますか？
f40b500766d21a95,TID_LEAGUE_LEGENDARY_SHORT,レジェンド
16be3ee8679856e3,TID_TRADER_FEATURE_DESCRIPTION,旅商人が毎週持ってくる素敵なアイテムをお見逃しなく！
ffbcddafce84ceac,TID_ARTO_UNLOCKED_INFO,これからはB.O.Bが自分の村の建設作業を手伝ってくれます！他の大工がB.O.Bの正体に気付かないことを祈りましょう。
f2bdac34cf6e2e1c,TID_BATTLEPASS_TASK_GET_FRIENDLY_HOMEBATTLESTARS,練習の成果
974a4429e490495c,TID_TUTORIAL_DEFEND_1b,ぎゃわはは、なんだなんだ？\nまたよわっちいニンゲンか？
9d7b89504e256db2,TID_CAPBUILD_CAPHQ_INFO,都の中核です！アップグレードすると新たな地区がアンロックされるほか、都の山頂でアップグレードできる施設が追加されます。
ab74feea03586e14,TID_WECHAT_LOGIN_BUTTON,WeChatログイン
bfb9617b13c537ac,TID_NAME_CHANGE_ALREADY_USED,すでに名前を変更しています
9f92b0a2f1063539,TID_BP_REWARD_AVAILABLE,この報酬は回収可能です。
82d4285ee58447a4,TID_BATTLEPASS_TASK_WIN_BATTLES_USING_RAGE,アンガーマネジメント
ddca2224ef0ec07c,TID_AIR_BLASTER_INFO,エアスイーパーは、ものすごい突風を起こして飛行ユニットを押し返し、上空を防御します。ただし、正面にしか効果がないので、最大限に力を発揮できるようよく考えて設置しましょう！
8928cb682a161c39,TID_CLANGAMES_TASK_WIN_STARS_VS_TOWNHALL_7,イケてるTH7
964c2843fab19999,TID_CHARACTER_ICE_SPIRIT,フロストマイト
cab3f78ca521851d,TID_CAN_COPY_ONLY_TH_CLOSER_TO_YOUR_OWN,自分のタウンホールとのレベル差が2以上ある場合は、レイアウトをコピーできません。
01bf79f706aed22d,TID_CONFIRM_WORD,決定
48728d6ce3d1c1d0,TID_HALLOWEEN_INFO_SCREEN_ITEM2,クラッシュウィンのユニットやブーストなどの報酬を獲得
3ff1cbb48cf3990d,TID_BUTTON_ENABLE_TUTORIAL,チュートリアル開始
0b86ff07713cf9d6,TID_TRAINING_SCREEN_DARK_BARRACKS,闇の兵舎
59f2f423b7645b20,TID_REGULAR_THEMED_BATTLE_OFFER_INFO_TH0206_999,• <res0>ゴールド\n• <res1>エリクサー\n• パワーポーション<booster1>個 - ユニットと呪文が1時間にわたってタウンホールの最大許容レベルになります\n\n• 収容量制限なし！\n• このパックの購入は表示の期間内に4回限りです\n• この特別セールでクランを壮大な戦いへといざないましょう！
eb7a614c59a18a0a,TID_SHIELD_BUY_CONFIRMATION,シールドが有効になりました！
0206a902a8b16722,TID_RAID_RESULTS_NO_ATTACK_FROM_ALLIANCE,クランは前回の週末合戦で攻撃を行っていません。
d7d5f38a3cf3c1cb,TID_REPAIR_BUILDING_TITLE,建物を修復しますか？
f661f59c17c843a4,TID_BP_PERK_NEEDS_PREMIUM_SEASON_BANK,ゴールドパスでアップグレード
535e99d7c7020dbd,TID_OBSTACLE_SPIKE,トゲトゲサボテン
0eeaef9ae4b742b7,TID_CANNON2_INFO,陸の守りを象徴する兵器で、とっても頑丈です！\nマスター大工にとっては、ちょっぴり懐かしいものでしょう。
94ece86318bf8eab,TID_INFO_ACTIVATION_TYPE_UNIT_IN_RANGE,攻撃目標が射程内にいる
6c49013bed178125,TID_PAINTER_CHAMPION,ペンキアート チャンピオン
64acb62eef85083f,TID_ACCEPT_FRIEND_CONFIRMATION,<name>をゲーム内フレンドに追加しますか？
753b719eeb8fb047,TID_CHARACTER_INFO_HULK_SMALL,いざという時は、非常の手段を！
1b4b3c3d4100a5dc,TID_LEAGUE_WOOD5_SHORT,ウッドV
21b13010da8feb81,TID_NPC17,町中バイパス
a238f75aacc2fad5,TID_TUTORIAL_PETS_4,まず手始めに、L.A.S.S.Iをヒーローの\nパートナーにしてみましょう！
05dd9c0a17bd1f92,TID_STREAM_DONATE_TEXT,が支援をもとめています
5e8affeaee6cfc11,TID_POINTS_BB,大工の拠点
0ac8ddddc44adde7,TID_CLANGAMES_TASK_INFO_DESTROY_BB_GOLDSTORAGE,大工の拠点戦で通算<num>個の<building>を破壊する。
d9c26c5e2b83d0bc,TID_CLANGAMES_TASK_INFO_SPEEDY_STARS_MV,マルチプレイで星を<num>個獲得する。戦闘開始後<num2>秒間で獲得した星のみカウント。
4783dfd61a539406,TID_BATTLEPASS_TASK_INFO_WIN_BATTLES_USING_BATTLE_DRILL,バトルドリルを使い、マルチプレイで<num>回勝利する。
f17aac7a7b4fb102,TID_CANNOT_ADD_MEMBER_TO_WAR_COOLDOWN,このプレイヤーはまだクラン対戦に参加できません
34324659f2667744,TID_LEAGUE_CHAMPION1_SHORT,チャンピオンI
1ae1b509fea63f91,TID_6ANNIVERSARY_OFFER_MAGICITEMS_RING_AND_GOLD_ELIXIR_INFO_1999,• <res0>ゴールド\n•<res1>エリクサー\n• 壁リング<booster1>個 - 壁を瞬時にアップグレードします（ハイレベルの壁には複数のリングが必要です）\n\n• 収容量制限なし！\n• このパックの購入は10回限りです！\n\n期間限定の記念パックを、どうぞお見逃しなく！
e76326de75b79e8f,TID_EVENT_TITLE_HAMMERJAM_PACK,アップグレードパック
645c5513a769b801,TID_WIZARD_STATUE,ウィザードの像
8b0421045a627b12,TID_BUTTON_SWAP_SKIN,スキンを変更
b6d1c399df7629be,TID_BUTTON_FIGHT,開始
d533820074840932,TID_REGION_CUSTOM4,
deb32887f26a9dbe,TID_REENGAGEMENT_BUILDER_ALT_1,チーフが去ってから、大工はもはや冬眠状態に入っておりましてね... 何か仕事を振ってみてはいかがでしょうか？
3288ba1454e268bb,TID_CAPBUILD_SUPERWIZARDTOWER_INFO,スーパーウィザードの電撃は、命中すると近くの標的に次々と連鎖します。\n敵の大群には衝撃的な威力を発揮することでしょう。
7333c4b9640dcf95,TID_DECORATION_SWORD_IN_STONE,チャンピオンの像
3b160d18baaa1722,TID_CONFIRM_ALLIANCE_GAMES_DISCARD_TITLE,チャレンジを破棄しますか？
c8fba6913535f07d,TID_TRADER_OFFER_TAB,エメラルド
26c9c6fd3d552308,TID_ATTACK_FAIL_TARGET_HAS_GUARD,攻撃できません！この村は護りが有効になっています。
6b15078de57d7c7f,TID_GOLD2,ゴールド
f5a7235e6eb6dea4,TID_TAB_VIEW_VILLAGE,自分の村
4487bbd8903d38ef,TID_CHALLENGE_INFO_2022,上空にクランの都が発見され、クランメンバーが協力して建設とバトルを行えるように。10年の節目を迎えた今、次なる10年の展望とは...！？
ff0e20e1e9fbb7f2,TID_CRAFTING_FINISHES_IN,造幣完了：
cb2b18b87ee20097,TID_GEM_BALANCE,現在所有しているエメラルドの内訳：\n合計<total>個\n\n無料分：<free>個\n\n購入分：<paid>個
17487663a9d06e38,TID_CHOOSE_WAR_LEAGUE_SIZE,リーグの対戦サイズを選択
b39a31d26be5edcf,TID_PET_MELEEJUMPER,L.A.S.S.I
fefeaffba6d3d081,TID_DIAMOND_PACK_6,ひとつまみのエメラルド
d9ba7342b5aaea0b,TID_BATTLEPASS_TASK_WIN_BATTLES_USING_LIGHTNING_INFO,ライトニングの呪文を使い、マルチプレイで<num>回勝利する。
da8532d3ddafcf59,TID_MULTIPLAYER_POINTS,トロフィー：
0194f93bf6a83c64,TID_GOBLIN_SPEAKS_2,いちどはマけたけど、このゴブリンのムラは\nもっともっとてごわいぞ。
e0516e1182c8d65e,TID_STARTER_TH2_INFO_UPGRADEELIXIR,<num>個のエリクサーポンプをレベル<num2>にアップグレードする。
28609a3dd3536ace,TID_CLANGAMES_TASK_USE_MEGAPEKKA_OLD,
8e83a42adfea24ad,TID_POPUP_RED_GEMS_PURCHASED_TEXT,(RED)のエイズ対策活動にご支援をいただき、ありがとうございます。12月8日までの間、(RED)のデコレーションをタウンホールに飾り、ご支援いただいたことを示すことができます。利用しますか？
a1b69f19a16626de,TID_NEWS_ROYALE,クラッシュ・ロワイヤル配信開始！
b7ec31a1e07ca3c1,TID_UNLOCK_BUILDINGS,以下の建物が建設可能になります：
fe150255e4d34564,TID_LEGEND_SIGN_UP_IN_PROGRESS,レジェンドリーグに参加中です。
e61907c15caf6933,TID_HINT_SPELL_JUMP_2,「ジャンプ」の呪文で、壁を壊そうと躍起になっているユニットたちを先へと導きましょう！
a218370855d58a52,TID_CLANGAMES_TASK_INFO_DESTROY_BB_AIRBOMBS,大工の拠点戦で通算<num>個の<building>を破壊する。
f60c503836e8ab8c,TID_DUPLICATE_SPELL_INFO_SHORT,好きな時にユニットの複製を作れます。
7150cfdf74267648,TID_COMPLETE_PREVIOUS_CHALLENGE,前のチャレンジを完了してください
3540545854ed60ec,TID_NOT_ENOUGH_GEAR_RESOURCES,アップグレードに必要な資源が足りません！
7d9a230d3439bd6b,TID_SPECTATOR_CAN_NOT_CLAIM,あなたは今回のクラン対戦には参加していません
ca26c57a3a0aff09,TID_BOOSTER_FREE_HERO_UPGRADE_OFFER_INFO,ヒーローのハンマー<num>個 - いずれかのヒーローまたはペットを瞬時にアップグレードします
8107d3b397c1873e,TID_CLANGAMES_TASK_DESTROY_BB_CLOCKTOWER,時計塔の分解
366b92bf3e230533,TID_CHARACTER_HOGLESS_RIDER,スーパーライダー
fb449e82b0f51a63,TID_CHARACTER_SKELETON_BARREL,スケルトンバレル
5f8f43d8a3b2ee60,TID_TENCENT_DOLPHIN_DOWNLOADING_75,更新校验本地安装包
a948384351ebd3b3,TID_LINK_DEVICES_ENTER_CODE_TEXT2,ここでリンクコードを入力してください:
3f337a0e2d389d40,TID_CHALLENGE_ATTACK_CODE_HINT,このコードを使って、あなたの村をフレンドに攻撃してもらいましょう！あなたのゲーム内フレンドは、このチャレンジをフレンドリストから受けることもできます。
e154474fc9072ac3,TID_AIR_BLASTER_INFO_SHORT,上空からの刺客をまとめて吹き飛ばします。
76591ae4c5e08a42,TID_POPUP_CANCEL_CLEAR,本当に<item>を取り除くのをやめますか？
90afd6616957a733,TID_TUTORIAL_DEFEND_2,ふう、あぶないところでした。\nありがとうございました！
67a22206cfa88fa3,TID_DECO_FIRST_BARBARIAN_INFO,無粋な髪型が流行っていた時代の古い像です。
7e7ea21d58a003a0,TID_KUNLUN_APP_STORE_XIAOMI,Xiaomi
cdfd12b0992b860b,TID_ALLIANCE_WAR_MY_ATTACKS,自分：
f0850b961d9cfed8,TID_CAPBUILD_DISHQ_INFO,村人たちと大工の長が、ここから地区を管理しています。レベルを上げると、この地区でアップグレードできる設備が追加されます。
501c25ec563feb78,TID_SHADOW_SCENERY,ダーク
d49035f01da79ef6,TID_SCENERY_PIRATE,海賊
b12ea069c94e4b61,TID_DIAMOND_BUNDLE_MAGICITEMS_RESOURCE_POTION_INFO,• <gems>エメラルド\n• 資源ポーション<booster1>個\n• 収容量制限なし！\n\n資源施設の生産率を大幅にアップしよう！\n\nこのチャンスをお見逃しなく！
551c39254f7310b2,TID_CLANGAMES_TASK_INFO_DESTROY_BB_CLOCKTOWER,大工の拠点戦で通算<num>個の<building>を破壊する。
105bc80717120030,TID_GOLD_PASS_SCENERY_DETAILS,今シーズンの限定背景は<scenery>です！
c43044dd6a4b8053,TID_HERO_INSTRUCTIONS_ROYAL_CHAMPION,壁を乗り越えて敵を討つ！ロイヤルチャンピオンが恐れるものは4つだけ。敵は怖くありません！手に持つ槍で近距離を攻撃し、ホーミングシールドの能力がアンロックされれば、盾を投げて防衛設備を破壊します！
8333476f9c4549cd,TID_SPECIAL_OFFER_INFO_EASTER_LIMITED_9999,• 壁リング<booster1>個\n• エリクサーのルーン<booster2>個\n• ダークエリクサーのルーン<booster3>個\n• ゴールドのルーン<booster4>個\n\n• 収容量制限なし！\n• このパックは2回購入できます！\n\nこの素晴らしいパックで、さまざまなアップグレードや壁のレベルアップを行いましょう！
f254285f29f79bbe,TID_EDIT_MODE_TIP1,建物をインベントリにしまうには \qすべて削除\q または \q消去モード\q を使います。
4e25a293ab33309d,TID_TUTORIAL_WAR_LEAGUE_4,まず、対戦は1つずつ行われます。
abd7c042f3913c5e,TID_VALKYRIE_QUEEN,バルキリー クイーン
7a117cb9a0548977,TID_CHALLENGE_NOT_AVAILABLE_IN_MODE,ホームに戻ってフレンドリー・チャレンジを始めましょう！
55a4276e934bdcd2,TID_CLAN_TAG,クランタグ:
7dba0adb351fab68,TID_SCID_PURCHASE_DELIVERED_CONTENTS,ご利用のアカウントに、以下のアイテムが追加されました：
57f4d6b0d1e6f118,TID_SHADOW_CHAMPION,ダーク チャンピオン
f5670ac1074af3e4,TID_RAID_RESULTS_INTERNAL_ERROR,前回の週末合戦の結果を取得する際にエラーが発生しました。
3b92c210039685e8,TID_PURCHASE_LIMIT_TITLE,購入の確認
831a0ed1cafaf01c,TID_RESOURCE_STORAGE_FULL,すでに<res>の保管設備は一杯です。
15ff58360a4ed92d,TID_ARCHER_TOWER2_INFO,どんな敵も、アーチャーの矢からは逃れられません。\nこの塔にはスイッチが備わっており、長射程と速射を切り替えることができます！
42fe08c6180d545f,TID_DEVICE_LINK_ERROR_GAME_CENTER_ANDROID,Google Playにログインしていません
b492cd6ba3a05e2e,TID_BOOSTER_FINISH_HERO_UPGRADE_INFO,たくさんの英雄譚と素晴らしい助言に満ちたこの魔法の本を使うと、実行中のヒーローやペットのアップグレードを瞬時に完了することができます。どちらの村でも使用可能です！
a4ccca4c0ad2e6d2,TID_CONFIRM_ALLIANCE_GAMES_DISCARD,このチャレンジを破棄すると、<time>の間次のチャレンジを開始できません。
5967808c631a8756,TID_CLANGAMES_TASK_INFO_WIN_STARS_VS_TOWNHALL_10,マルチプレイで、タウンホールレベル10のプレイヤーから星を<num>個獲得する。
822a46b780fd49ae,TID_ACHIEVEMENT_PVP_ATTACKS_TITLE,世界征服
7ddbdd5ac4f8dac7,TID_DIAMOND_BUNDLE_MAGICITEMS_HEROES_BOOK_WITH_ELIXIR_INFO,• <res0>エリクサー\n• ヒーローの本<booster1>冊\n• 収容量制限なし！\n\nグランドウォーデンのアップグレードに必要なものが全部入っています！
41a94bf1e720bb5e,TID_CAPITAL_PLAYGROUND_FROST,<c38eaff>フロストの呪文</c>は、水を凍らせて地上ユニットが通れるようにしたり、敵の動きを遅くしたりすることができる。
2b1ecdc12cdcc617,TID_ACHIEVEMENT_DESTROY_WEAPONISED_BUILDERS_COMPLETED,破壊した武装化大工の小屋の総数：<value>
35ee87c326950d02,TID_ALLIANCE_TAB_BOOKMARKS,ブックマーク
a053ea6ca290fecd,TID_SHIELD_POPUP_SHIELD_TITLE,シールド使用中
75ee4c053fabab31,TID_HERO_ABILITY_NUM_SUMMONED_UNITS,召喚ユニット数：<number>
a74903ad8113e0a1,TID_LEAGUE_PLATINUM1_SHORT,プラチナI
cb5e369c0427fc76,TID_CHARACTER_INFO_SUPER_MINION,スーパーガーゴイルは、だてに額が広いわけではありません。そこには、敵の防衛設備を安全な距離から狙うための頭脳が詰まっているのです！ホーミング対空地雷を避けられないほど巨大化した今では、その頭脳が生命線です。
9fd223b69fba65d8,TID_LEAGUE_DIVISIONS,ディビジョン
f2474cc2ff13ccff,TID_UPGRADE_INFO_SPECIAL_ABILITY_IMPROVED,<name>の能力を強化！
42a7c5d77ae415ba,TID_WL_RESULT_DEMOTED,クランが降格しました！
2806db55f9d3cd20,TID_ABOUT_TITLE,このゲームについて
2f26489385a3fb09,TID_LEAGUE_BRONZE2,ブロンズリーグII
4c30c47959528956,TID_SPELL_SUMMON_TROOP_COUNT,<name> 数：<number>
f2c7f072946056c7,TID_LEGEND_LEAGUE_INFO_TAB2_TEXT,レジェンドリーグでは、攻撃を受けた場合でもシールドや村の護りが発生しません。しかし、シールドを購入することで一時的に休憩することは可能です。リーグ日が変わる時点でシールドが発動していれば、次のリーグ日の攻撃と防衛をどちらも休むことができます。なお、すでに進行中のリーグ日に対して、シールドを購入ないし解除することはできません。適用されるのは、あくまでも次のリーグ日のみです。\n\nまた、翌日のためにシールドを購入したもののレジェンドリーグから降格してしまった場合、シールドは通常のマルチプレイに引き継がれます。
c6e505252b4eb50d,TID_PLAYER_PROFILE_PETS,ペット
244e3461ed437ac9,TID_POPUP_NOT_ENOUGH_DIAMONDS_TITLE,エメラルドが足りません
c895f40a1dbf8b8f,TID_FEEDBACK_BUTTON3,その他の問題
1d3fd0fbde2b85af,TID_CLAN_GAMES_LEAVING_SOON_UNKNOWN_REWARDS,おや？クランゲームの結果をまだチェックしていないようです！
837f8b71c872e7c6,TID_CHALLENGE_CHANGE_LAYOUT,レイアウト変更
133432691a7df2c8,TID_PROMOTE_TO_LEADER_CONFIRMATION_TITLE,クランのリーダーをやめますか？
124cf5d6cb57e65d,TID_CONFIRM_CONTINUE_WANTS_INVITES_TITLE,現在もクランをお探しですか？
fa3bd7ec93130ca7,TID_CONTINUE,続ける
26879d6b0e685954,TID_COMPLETION_BONUS_INFO,イベント中に<soft_currency>を集めて、<hard_currency>をさらに獲得しましょう！
4e65fedd01c92856,TID_NPC_CHALLENGE_BOWIGI_BALLOON1,<c54a0fe>エアバルーン</c>は、<c54a0fe>ヒーラー</c>を標的にするトラップを一掃するのに役立ちます。さっそく1体配置しましょう！
2557d3dc58809f19,TID_AURA_HITPOINTS_INCREASE,オーラによるHP上昇：<number>％
9022b5930ef3f3a7,TID_CLOCK_TOWER_INFO,時計塔は、村の活動を早めることができます！\n資源の収集、研究および建設が早くなります。
22cd9a8e3c0e7e10,TID_BOOSTER_WALL_UPGRADE,壁リング
9aca9a0ceab5be82,TID_NPC_CHALLENGE_TH9_LAVALOON_HASTE1,<cf07bf8>ヘイストの呪文</c>を使って、マイペースな空中ユニットを加速し、素早く<cf70d16>エアスイーパー</c>に到達しましょう。
dbdfbf6f6f5a58f4,TID_BROKEN_BUILDING,壊れた建物
8ca2109226ea90e6,TID_BP_UPCOMING_TASKS_HEADER,追加まで：<time>
6919c1ee470a509e,TID_AVATAR_SEARCH_TAG_NOT_FOUND,このプレイヤータグのプレイヤーは見つかりません。
325a74b9b491ccd9,TID_CAPITAL_MAP_MODE_TEXT_VISITING_ONGOING_DEFENSE,防衛中
6646fe5c117bb7ec,TID_CLAN_HOUSE_NAME_UNOCCUPIED,空き家
99775e30c5492b89,TID_CHARACTER_INFO_LAVALOON,超高火力の爆弾を載せたエアバルーンがラヴァハウンドの岩の鱗をまとい、敵陣を破滅に導きます！
0b401b70bf02e58d,TID_CLAN_JOIN_FAIL_CLOSED,このクランには参加できません！
731c459481256837,TID_POPUP_RESUME_BOOST_TEXT,メンテナンスにつき、ブーストは一時停止されました。
2257cafd9d11fbfc,TID_DEVICE_LINK_WRONG_ACCOUNT_TITLE,間違ったアカウントでログインしました
1a9a0ed85baaf648,TID_CAPITAL_TUTORIAL_3,ああ、やっと来たか。ずいぶん待たせるじゃないか。やることは多いが時間はあまりないぞ。急げ！
efd0778bfc00b4fb,TID_LIVE_REPLAY_FAIL_NO_FREE_SLOTS,ライブリプレイを利用できません。観戦者の定員が超過しています。
5a6c140b4effca65,TID_COSMETIC_ESTATE_4X4_GIANTS_HOUSE_INFO,玄関の扉が重すぎると感じる訪問客は、別の小さな扉から入ることもできます。
cc23a4d67d09efcb,TID_WAITING_FOR_ATTACK,相手が攻撃中！
5be9d1cac9acd1b8,TID_CAPITAL_SHOP_CONFIRM_TITLE,購入しますか？
0442a80fdb4f68bd,TID_ADD_FRIENDS_INFO_REQUESTS,プレイヤープロフィールから、ゲーム内フレンドに追加しましょう。Game CenterやSupercell IDのフレンドは、ログインすると自動的に表示されます。
2a1e1ed9a8d8c152,TID_BB_LEAGUE_DETAILS_TITLE,<name>報酬
287acd5a1aab4089,TID_FEATURE_CLAN_WARS_DESC,クランの仲間と一致団結してライバルたちを倒し、頂点を目指しましょう。クラクラの醍醐味です。
9c333f4df924761d,TID_ALLIANCE_WAR_ATTACK_FAILED_TARGET_NOT_IN_WAR,クラン対戦開始後にクランに参加したため、この戦いでは攻撃できません！
33dc379f6b470c8d,TID_LEAGUE_BRONZE2_SHORT,ブロンズII
ce3c859c902969db,TID_STARTER_INFO_REQUESTTROOPS_TH3,クランに<num>回支援を求める。支援は、クランの城か訓練メニューから要請可能。
4b2785d3690305e2,TID_INVISIBILITY_SPELL_INFO_SHORT,あら不思議！いたはずのユニットが消えています！
1f984a6faf7109ca,TID_EVENT_TITLE_CLANWAR_LONG,平日マラソン
1da3445548ce2165,TID_CAPBUILD_GUARDPOST_GIANTS_INFO,侵入者に強烈なパンチをお見舞いできるよう、\nスーパージャイアントたちが待ち構えています。
bdf124838d846503,TID_LINK_CODE_GENERATE_CODE_TEXT,下の関連づけコードを使って、村を他のAndroid アプリストアに転送しましょう。詳しいやり方はチュートリアルをご覧ください！
3d4a212df622af0c,TID_LEAGUE_COPPER4_SHORT,コッパーIV
ddfdd1754c72a220,TID_BATTLEPASS_TASK_WIN_BATTLES_USING_MINERS,砂金掘り
c7f06f1ee310a490,TID_REGULAR_THEMED_BUILD_OFFER_INFO_TH0712_4999,• <res0>ゴールド\n•<res1>エリクサー\n• 壁リング<booster1>個 - 壁を瞬時にアップグレードします（ハイレベルの壁には複数のリングが必要です）\n• 建物の本<booster2>冊 - 実行中の建物アップグレードを瞬時に完了します\n\n• 収容量制限なし！\n• このパックの購入は表示の期間内に2回限りです\n• 防衛強化の大チャンスをお見逃しなく！
15e7f11c39e7c0ca,TID_SCENERY_EPIC_WINTER,壮大な冬
0e7b6f1d08a950e1,TID_FORGE_COST,コスト：<number> <resource>
fccb827f1d360f99,TID_NEXT,次へ
d64b921fc7781062,TID_NPC16,金メッキ
da4d0a4500d54c31,TID_WL_INFO_LIVE_BONUS_MINIMUM,確定
47ae51d9ac0fa480,TID_CAPBUILD_CANNON,大砲
4d0f3cc10805e010,TID_NPC_CHALLENGE_RAGE_TOUGH_TARGETS,<cf07bf8>レイジの呪文</c>は、強靭な目標を倒す際に役立ちます。
d2c96344a9ba83f1,TID_TUTORIAL_WAR_LEAGUE_5,下にあるボタンをタップすると、\n対戦間を移動できますよ！
60730fef7d7828bf,TID_BUTTON_DISABLED_PICK_ALL_REWARDS,アンロックされた報酬グレードから、それぞれ報酬を選びましょう。
d76ebcabdadd7ca8,TID_TUTORIAL_RAID_TEASER_1,あんたら若いもんは、待つってことを知らんのかい？
9c85b64fedb4f3c9,TID_NO_MORE_CALL_FOR_TARGETS,あなたはすでに攻撃を宣言しています
6fb329438c67175c,TID_NPC25,オブシディアンタワー
6191deb1f12dfa5d,TID_GOLD_PASS_SALES_ENDED,まもなくシーズンが終了するため、ゴールドパスを有効にできません。新しいシーズンが始まってから、再度お試しください。
8010dfbd05c91586,TID_3_WIN_BONUS,3勝ボーナス
3b1bcfead97a7bc1,TID_PROFILE_LEGEND_RANK,ランク
c60b4f99f80f31ff,TID_CLANGAMES_TASK_WIN_STARS_USING_JUMP_INFO,ジャンプの呪文を<num2>回使い、マルチプレイで<num>回勝利する。
63f797e595fa3297,TID_ERROR_POP_UP_LOGGED_FROM_ANOTHER_DEVICE,他のデバイスがこの村に接続しようとしています。
ecff55d817ebba3f,TID_BATTLEPASS_TASK_COLLECT_GOLD,ゴールド採掘
a886c241291de9b8,TID_CAPITAL_VISIT_OWN_CAPITAL_FAILED,クランの都に入れませんでした
ca18f73645b012e5,TID_PUSHER_INFO,地上ユニットを、矢印の方向に押し出します。入店お断りです！
7dd3fb9d9977eff0,TID_JUMP_SPELL_INFO,壁が邪魔で思うように襲撃できない？近道しちゃいましょう！\n\n敵が設置した壁の近くでこの呪文を唱えれば、壁を飛び越えて一直線に進める近道が作られます。味方ユニットは、そこに壁なんかないかのように進軍できます！
4221bafaf2cd4657,TID_STARBONUS_WINDOW_AWARD_EVENT,<c66CC00><num>倍の星ボーナスを獲得！</c>
efca98dab8b58564,TID_PTE_PERK_TRAINING_BOOST_DESC,ユニットの訓練、呪文の生成、突破兵器の建設に\n必要な資源と時間が<num>％減少します。\nまた、ヒーローの回復時間も<num>％短縮されます。
3ab36ee3286d4868,TID_TRAINING_BUTTON_BOOST,ブースト
8ef1c3e534410ee6,TID_HINT_BOOST_SPELLS,呪文工場の作成速度は、エメラルドを使って一時的に増やすことが可能です。
1e3918053f513107,TID_BP_PERK_TRAINING_BOOST_DESC,ユニットの訓練、呪文の生成、突破兵器の建設に\n必要な資源と時間が<num>％減少します。\nまた、ヒーローの回復時間も<num>％短縮されます。
4f437db79cfba8c5,TID_EVENT_CHRISTMAS,ホリデーイベント
b231e0902f91baee,TID_DIAMOND_BUNDLE_BH4,ビルダーホール4パック
f9a6c7696d612fe6,TID_BUY_PRIZE_SHOP_ITEM_MULTI_TEXT,本当に<item>を<num>個購入しますか？
0719c3b3f20a9a17,TID_CHOOSE_SPELL_MODE,呪文モードを選びましょう
972a9a3eb2b05bbf,TID_ALLIANCE_WAR_STAT_NUM_1STARS,星1つ
d1f2484810266da3,TID_CHARACTER_SIEGE_BATTLE_DRILL,バトルドリル
90ffcd946ed8f17e,TID_GAMES_GET_GEM_ALTERNATIVE_TEXT,魔法アイテムの保管スペースが足りないため、報酬を受け取れません。代わりに<amount>エメラルドを受け取りますか？
d9ed88bf578a65b5,TID_ACHIEVEMENT_DONATE_SEIGES_COMPLETED,寄付した突破兵器の総数：<value>
b30a2374692ed210,TID_CAPITAL_TUTORIAL_6,それじゃ、さっそく上から手を付けるか？
554fb10cea7f3821,TID_NPC_CHALLENGE_TH6_GIWIWA_HEAL1,<cffe346>ヒールの呪文</c>を使って、<c54a0fe>ジャイアント</c>を\n<cf70d16>ウィザードの塔</c>から守りましょう！
d01daa45e698964e,TID_BARBARIAN_KING_PEKKA,P.E.K.K.A キング
9de495c7ebd2fa35,TID_NPC18,ボヨンボヨン城
966cb84f697e52dd,TID_STARTER_WINUSINGARCHER,進撃のアーチャー
08f0657408d56cfd,TID_CLANGAMES_TASK_INFO_USE_ARCHERS,<num2>体のアーチャーを使い、マルチプレイで<num>個の星を獲得する。
7d66c97974a43de1,TID_GEM_BALANCE_TITLE,エメラルド数
f47d37c1acfea7a6,TID_TROOP_SPEED_UP_SUCCESS,ユニットの訓練が完了しました！
19c13b8d81ad4d1e,TID_CHARACTER_INFO_RIDER_SHORT,壁を飛び越えて防衛設備に近付き、豪快にハンマーをお見舞いします。
42dfb0e640977ef2,TID_DECORATION_BARBARIAN_STATUE,偉大なる像
c85a834f1e39d3ec,TID_DECORATION_PIRATE_ANCHOR,使い古されたイカリ
982d4f34ee9f3387,TID_NEXT_MATCH,次を探す
8a73518522199615,TID_NUMBER_FIVE,5
85d7259e5b610ae2,TID_SKIN_LEAGUE_CHAMPION,リーグ チャンピオン
61059d2ba49ee760,TID_CHARACTER_INFO_GRAVE_GOLEM,岩のように硬いゴーレムの意志と、泣く子も黙るネクロマンサーの黒魔術が融合し、敵の防衛網をいとも簡単に突破します！
3eba829bfbc589db,TID_WORKER_TARGET_OTHER_VILLAGE,大工は別の村で作業中です！
233ded5049395c2a,TID_TRAINING_LEVELS_DESCRIPTION,様々な戦略パターンを試して、あなたの攻撃スキルを磨きましょう！\nタウンホールをアップグレードすると、新たな練習ステージが登場します。
b8998111cb672c77,TID_CONTACT_US_WELCOME_TEXT,こんにちは！
854b272888a047ca,TID_DIAMOND_BUNDLE_TH7_REVISED_INFO,• バーバリアンキング\n• ヒーローの本<booster1>冊\n• <res0>ダークエリクサー\n\n収容量制限なし！\n\nこの<cffec78><value>倍バリュー</c>のパックは、1度限りの特別提供となります！
2a87b4853312e1d2,TID_SETTING_AUTO_USE_HERO_ABILITIES_INFO,「オン」にすると、倒されそうなヒーローまたはユニットが未発動の能力を使用します。
62f73d61074f40e8,TID_TUTORIAL_STARTER_CHALLENGE_1,チーフにいくつかチャレンジを\nご用意しました！
f64caba14b3c096f,TID_TUTORIAL_FORGE_CRAFTING_1,都ゴールドがさらに必要な時は、大工に頼んで村の資源を変換してもらうことも可能です。
60349cea65c30664,TID_NOTIFICATION_UPGRADES,アップグレード
02d53507a0c7ba05,TID_ACHIEVEMENT_DONATE_UNITS_COMPLETED,送った援軍の総数：<value>
3469b72b64acf2d2,TID_TOWNHALL_DIVIDER_TEXT,タウンホール<level>
d9f2c6ecc7a8e1dc,TID_BB_ATTACK_GOLD_STORAGE_FULL_TITLE,本当によろしいですか？
15f879231f3b88e0,TID_TENCENT_LOGIN_AGREEMENTS,私は<TOS>、<PP>、<CHILDREN>および<THIRDPARTY>を良く読んだうえで、記載の項目に同意します。
65b3fc5989de855c,TID_HINT_CLAN_WAR_LEAGUES_1,クラン対戦に真剣に取り組んでいるクランは、クラン対戦リーグに登録してその実力を試してみましょう！
30057886d6ab33a0,TID_DIAMOND_BUNDLE_TH9,タウンホール９パック
390ff731752f0716,TID_CLOCK_TOWER_BOOST_TIME,ブースト時間：<number>秒
ee051e3999926525,TID_HINT_SHIELD_GAIN,攻撃側が自分の村を破壊した場合、無料でシールドが有効になります。
e1c3e26403bc1179,TID_DECO_RUIN_CAMPSITE,キャンプ場
3461ee8dd2a19bd3,TID_LAKE_STRAIGHT1,湖の直線
5dcc16cac6501ba1,TID_TUTORIAL_CLANCASTLE_2,クランの城をタップすれば修復できます！
ffd0a59ee5dd5f43,TID_EDIT_MODE_BLOCKED_COPY,コピーされたレイアウト内に見つからない、あるいは障害物がある場所に建っている設備を、インベントリに移動しました。
1e937f81d67629be,TID_INVISIBILITY_SPELL,インビジブルの呪文
216e5ac2f8fc8c26,TID_POPUP_BOOST_BUILDERS_TEXT,すべての大工の作業速度を<time>にわたって<multiplier>倍にしますか？
a17df566e18e037c,TID_HINT_GEAR_UP,自分の村の防衛設備に改造オプションが表示されていれば、マスター大工が特別なアップグレードを施してくれます！
8e8a17f6a56f2174,TID_UPDATE_REQUIRED_TO_CONTACT_SUPPORT_TITLE,アップデートが必要です
64ccf632fe3a3f39,TID_CAPBUILD_BARRACKS_SKELETON_BARREL,スケルトンバレルの兵舎
403ac7adcec38cd7,TID_ABILITY,特殊能力
b5b52f645d1aff2b,TID_SPEED_UP_HERO_HEALTH_TEXT,<item>を体力満タンまで回復しますか？
19df9d3c2d9bb052,TID_GEM_MINE_INFO,エメラルド鉱山は、希少価値の高い資源の鉱脈に通じています！\nしかし採掘は、時間のかかる大仕事です。
cd9973a508cc30c6,TID_PLAYER_HOUSE_INFO,自分の村を離れたクランメンバーのための別荘です。景色を楽しむもよし、壮大な合戦を楽しむもよし！
db517f42279e8f64,TID_ALLIANCE_WAR_VICTORY,勝利
b4fcc219acb1eaf9,TID_CHARACTER_INFERNO_DRAGON,インフェルノドラゴン
66b8026b457994f9,TID_STREAM_SHARED_ARMY,部隊構成を共有しました
8d62ea4dfe997969,TID_BATTLEPASS_TASK_WIN_STARS_USING_EARTHQUAKE,大地の怒り
820cca609dbe6017,TID_INFO_TARGET_TYPE_GROUND,地上
85a59e9f0bcfade6,TID_OVERQUEUE_HELPER_TROOPS,これらのユニットは、空きスペースがあれば参加します！
0f40b74903ad82a5,TID_LEAGUE_PLATINUM3_SHORT,プラチナIII
8aae05442925fd40,TID_NO_MESSAGES,新しいメッセージはありません
17a10ed56e42b140,TID_BOB_TASK_TROOP,\n大工の拠点のユニットをレベル<level>にアップグレードするとクリア！
189d22d55fbe5000,TID,JP
ea34164916723815,TID_NPC_CHALLENGE_TH11_EDRAG_CLONES,<ca0c0fe>クローンの呪文</c>を使って、中心部に\nさらに<c54a0fe>エアバルーン</c>を送り込みましょう。
35e06e2deab75a25,TID_LEGENDS_SHIELDED,シールドが発動しています！\n今日は攻撃できませんが、攻撃されることもありません。
00c6badb8c00149b,TID_BATTLEPASS_TASK_DEPLOY_SIEGE_MACHINES,突破実行中
887956e2937808cd,TID_HINT_BALLOON_AIR,エアバルーンは飛行ユニットですので、敵の大砲や迫撃砲からは狙われません。
ddaa21b476f01415,TID_ALLIANCE_WAR_ATTACK_TIME_TITLE,戦闘日
9cb54d30b72d7b0d,TID_CONFIRM_WANTS_SUGGESTED_PLAYERS_TEXT,クランへのおすすめを引き続き許可しますか？
8ebe51ffb3faaa09,TID_PET_ABILITY_UNIPONY,パーソナルヒーラー
382f7d04c64eeb40,TID_UPGRADE_INFO_HP,ヒットポイント（+<num>）<old>
c5309dbb7027963f,TID_CLANGAMES_TASK_INFO_USE_HOGRIDERS,<num2>体のホグライダーを使い、マルチプレイで<num>個の星を獲得する。
b9a15a711a7fb6cc,TID_ERROR_POP_UP_CONNECTION_LOST_BUTTON,もう一度試す
f6c05050d4a05ba3,TID_VOUCHER_CLAIM_TEXT,今すぐ報酬を受け取りますか？
82e51beca6f5f251,TID_TRAINING_SCREEN_QUEUE,予約
e1bd5b2fee8d7e8d,TID_BUILDING_STATUS,防衛設備
95d1701e9a68277a,TID_ALLIANCE_INVITATION_OK,招待を送信しました。
3f3e7124202f0b23,TID_WL_INFO_LIVE_REWARDS,報酬
1e4a75c53d57f065,TID_ALLIANCE_WAR_STARTWAR_INFO_NOT_ENOUGH_MEMBERS,栄光とボーナス戦利品\nそしてクランＸＰをかけた\nクラン同士の戦い！\n\n\nクラン対戦を行うには最低10人のメンバーが必要です。
1705da6bcc0810d1,TID_CLAN_WAR_FREQ_ONCE_WEEKLY,一週間に1回
d5c4cce2cd0ce0bf,TID_PIXEL_QUEEN,ピクセル クイーン
40a2fe3265246b1a,TID_NEXT_RAID,次の合戦
15f27aceeb5615f9,TID_COPY_ARMY_CANNOT_TRAIN,この部隊は訓練できません
e494ebd0d8eb6d83,TID_GEAR_TYPE_SUMMON,召喚
4aaa0982c01d5b6d,TID_STARTER_WINUSINGWB,ブレイクスルー
fe87ed43371f2ddd,TID_FIND_NEW_CLAN_PROMPT,辺りが静かですね。そろそろ新しいクランを探してみてはいかがですか？
6b68f09c67892abf,TID_ACHIEVEMENT_ACCOUNT_BOUND_KUNLUN,あなたの村は安全です
0c5eb0567852fc3b,TID_PRESET_LOAD_OK,部隊を訓練キューに追加しました！
f5c94c03ba0e0a89,TID_BOOSTER_SELL_BUTTON,売る
eef16c3bf97e7995,TID_BOOST_LEFT,残り時間
95705be9ce08806e,TID_BUILDER_BASE_BUTTON_STAR_BONUS_COUNTER,<progress>/<total>
dcea6e2e35c117ec,TID_WEAPON_TOWN_HALL,ギガテスラ
53f150e9cb5b3cdf,TID_SPELL_FACTORY_NOT_UNLOCKED,この呪文工場はまだ建設されていません
836ecd37a6b05608,TID_GOLD_PASS_PERK_DETAILS,建設、訓練、研究をスピードアップ！\n\nゴールドパス所有時に獲得できる特典：
90f83b82ea5f5153,TID_ACCOUNT_DELETED_DUE_INACTIVITY_TEXT,このアカウントは長期間アクセスが確認できなかったため、無効化されました。今後、復旧することはできません。
4d3247f56c7f888b,TID_GIFT_GIVEN_STREAM_TEXT,クランギフトを送りました！
be194b7e94f0f742,TID_BOOSTER_FILL_ELIXIR_STORAGE_OFFER_INFO,エリクサーのルーン<num>個 - エリクサータンクをいっぱいにします
53d2fa8cd3d6dc1a,TID_BP_SEASON_BANK_MULTIPLIER,貯蓄速度アップ
3884f35ab75aea88,TID_BP_BONUSES_INFO,特典は「報酬の道」でアンロックされ、その効果はシーズンが終了するまで持続します。
32f95f2e5d50d20d,TID_DECORATION_CERTIFIED_CLASHER_STATUE,認定クラッシャーの像
2725f17b7f8b56b4,TID_PET_ABILITY_ELECTROWL,ハイボルテージ
c1827ab40ec19322,TID_PET_ALREADY_AT_MAX_LEVEL,このペットはすでに最大レベルです！
26b960893b364de2,TID_LEAGUE_RUBY1,ルビーリーグI
13e948fc13a1c1d0,TID_WEAPON_TOWN_HALL_13,ギガインフェルノ
0612d6c566fa664a,TID_TRAP_MINE_INFO_SHORT,敵に痛快なサプライズをお届けします。
b0ec06ef70773a86,TID_EL_PRIMO,エル・プリモ
46a6846c553ef244,TID_CHARGED_PEKKA_ABILITY_HELP,使用すると大爆発を起こし、<num>ダメージを与える
b4fa449bdfd35b37,TID_LEAGUE_TITANIUM1,チタンリーグI
f125def224341f8c,TID_SPELL_SPEED_UP_SUCCESS,呪文が生成されました！
f6e54051fdc56d2f,TID_CHARACTER_SUPER_VALKYRIE,スーパーバルキリー
f577f9a234fe8a05,TID_DIAMOND_BUNDLE_TH9_ALT_UPDATED_INFO,• <res0>ダークエリクサー\n• <res1>ゴールド\n• <res2>エリクサー\n\n収容量制限なし！\n\nこの初回限定<cffec78><value>倍バリューチャンス</c>をお見逃しなく！
88bdd51c84c1ca48,TID_BOOSTER_FREE_BUILDING_UPGRADE_ALT_2_LINE,建物のハンマー
bd0f76c9b8565fb9,TID_TUTORIAL_CANNON_5,エメラルドを使えば\n建設がすぐに完了しますよ！
6c56075262917828,TID_BATTLEPASS_TASK_INFO_COLLECT_ELIXIR,エリクサーポンプから<num>エリクサーを集める。
be8082c075099d19,TID_DECORATION_SNOWMAN_INFO,温かそうな帽子、つぶらな瞳に頑丈な氷の体... 昔ながらの雪だるまのスタイルを受け継いでいます。
79c3433223214e4c,TID_BP_DAILY_TASKS_REFRESH,デイリーチャレンジはあと<time>で入れ替わります
2fc7c22c13848c25,TID_LAYOUTS_ACTIVE_VILLAGE,使用中
cdc7925afcb8e068,TID_OFFER_SEASON_CHALLENGES_TEXT_4,シーズン資源増量！
380b5511e6933680,TID_UPGRADE_TH_TO_GEARUP_UNLOCK,ビルダーホールをレベル<number>までアップグレードすると、もっと多くの施設を改造できるようになります！
9b939516a339b9ec,TID_FORGE_SLOT_UNLOCKS,タウンホールレベル<num>でアンロックされます
5f492ad432788e30,TID_BP_PERK_MAXIMUM,最大ブーストが有効
85fe093403bd60c6,TID_LOCAL_NOTIFICATION_BP_SEASON_ENDING,シーズンが終了する前に、シーズンチャレンジでポイントと報酬をどんどん集めましょう。
b0a3b7eaee2ed88e,TID_HINT_WALLBREAKER_TARGET,ウォールブレイカーは敵の建物への道をふさいでいる壁に爆弾で穴を開けてくれます。
64db708a48d784cf,TID_CLANGAMES_TASK_DESTROY_BB_DOUBLECANNON,憎き二連砲
610f99f2d60eedaa,TID_TROOP_TRAINING_MAX,MAX
08733fa29f9be341,TID_BUTTON_SELECT_MORE,列ごと選択
8904c38ca2cd36b9,TID_ACHIEVEMENT_TOWN_HALL2_TITLE,マスターエンジニア
df266481003e47e9,TID_CAPITAL_SPELL_DURATION_ATTACKS,<num>回の攻撃
1bb94cbca99f3ad4,TID_CLANGAMES_TASK_INFO_USE_SUPER_WITCHES,<num2>体のスーパーネクロマンサーを使い、マルチプレイで<num>個の星を獲得する。
a9fce23f286b0e1f,TID_TITLE_REQUEST_TROOPS,支援をもとめる
9b2db49ee110fcc8,TID_NEWS_BOMB_TOWER_UPGRADES_TEXT,タウンホール11\n• レベル6ドラゴン\n• レベル5ベビードラゴン\n• レベル5巨大クロスボウ\n• レベル10迫撃砲\n• レベル9かくしテスラ\n• 壁のピース数を25個追加\n\nタウンホールレベル10\n• レベル7ウィザード\n• レベル4ベビードラゴンをアンロック\n\nタウンホールレベル9\n• レベル6ウィザードをアンロック
88ca0944c50accfa,TID_TUTORIAL_CLASHOWEEN_EVENT_B1,ぜひ空いている場所に設置してください。
fb3b3e06f1823372,TID_NPC_CHALLENGE_TH10_BOBAT_WALL_WRECKER,残りのユニットを使って、残っている<cf70d16>ウィザードの塔</c>と<cf70d16>インフェルノタワー</c>を片付けましょう。\nまずは<c54a0fe>ウォールバスター</c>から配置します。
198ae3135974c2a9,TID_CHARACTER_INFO_MOVING_CANNON,車輪のついた大砲！？と思ったら迫撃砲になった？？敵もまさかと思うでしょう！強力なうえに万能な理想の兵器です！
2d1c1a5f954efe88,TID_SELECT_TROOP_OR_SPELL,配置するユニットまたは呪文を選んでください
a71229b4b2f815dd,TID_MULTI_MORTAR_INFO,射程の長い範囲攻撃を続けて行い、命中率を最大限に高めています！
6c74aa3a7c2f0c49,TID_INVALID_CAPITAL_ARMY,攻撃の前に都の部隊を更新しましょう
76f071368ef2bcc6,TID_OPEN_GAMECENTER_BUTTON_ANDROID,Googleにサインイン
da380eebe67c00f9,TID_DIAMOND_BUNDLE_BH4_INFO,• <gems> エメラルド\n• <res0> エリクサー\n• レベル1警備所\n• レベル1対空爆弾\n\n建設時間なし、収容量制限なし！\n\nこの<cffec78><value>倍バリュー</c>は、1度限りの特別提供となります！
d85f16a8fe46ba48,TID_LAYOUT_EDITOR,レイアウトエディタ
bfe1083761534b76,TID_ALLIANCE_DONATE_BUTTON_RETURN,戻る
539181a228f0fda9,TID_DECORATION_NATIONAL_FLAG,国旗
789599e4ea3120f9,TID_CHARACTER_INFO_WARLOCK,魔女は決して独りで戦いません。過去のバトルで死んだ戦士たちを呼び起こし、彼らを盾に戦います。アップグレードするとさらに多くの死者を呼べるようになります。
229d18638e4ab332,TID_TUTORIAL_REINFORCEMENT_CAMP_INTRO_4,増援をどう活かすかは、アンタに任せるぜ。
c370697ce2c4d132,TID_NPC_CHALLENGE_TH13_HYBRID_HEAL,<cffe346>回復の呪文</c>を使って<c54a0fe>ディガー</c>と<c54a0fe>ホグライダー</c>を守りましょう。
1168cc2ba171ef82,TID_NPC73,グランドアベニュー
a3f546595bc2d483,TID_BATTLEPASS_TASK_INFO_USE_BABYDRAGONS2,ベビードラゴンを使い、大工の拠点戦で<num>個の星を獲得する。
4628360b4880d912,TID_HINT_SPELL_POISON_CLOUD2,クランの城にいる敵ユニットに対する「ポイズン」の呪文の効果は絶大で、味方がはるかに有利になります。
75ac3f7ac64e51d2,TID_CLANGAMES_TASK_INFO_WIN_STARS_VS_HIGHER_TOWNHALL,マルチプレイで、タウンホールレベルが自分より高いプレイヤーから星を<num>個獲得する。
64ca46cd92c42208,TID_BEST_ATTACK,最高の攻撃：
9bdebb8e9cd0c617,TID_WL_HIDDEN_ENEMY_VILLAGE_INFO,対戦相手の村は戦闘日に公開されます
88046e9f776cef90,TID_DECO_FOREST_3,森
c6221981251deab3,TID_CLAN_GAMES_LEADERBOARD,クラン成績：
8edd0f6a172e7584,TID_ALLIANCE_WAR_STAT_PARTICIPATION_MID,攻撃回数（中堅の村）
267b1379e6752caf,TID_GEAR_POPUP_DRAG_INFO,アイコンをドラッグするとヒーローに装備できます
e912e41510549024,TID_SPEED_UP_TROOP_REQUEST_TEXT,待つのをやめて今すぐ支援をもとめますか？
addc8a3d24964fdd,TID_MAP_LOCATION_1,P.E.K.K.Aの湖
538f3e2e9d94da97,TID_JOURNEY_FEATURE_LABORATORY,部隊をアップグレードして強化できます！
db9bc1b7cc680d6d,TID_BUILDING_MEGA_TESLA,メガテスラ
aa414632ef0c2164,TID_SIEGE_MACHINE_RAM,ウォールバスター
eacf94ed3b4de0e9,TID_LEAGUE_SILVER3,シルバーリーグIII
cd080025d84330ad,TID_PROFILE_BUTTON_ADD_FRIEND,フレンドを追加
e52f1defe82defcc,TID_CLAN_ADVANCED_SEARCH_RESULTS_WITH_NAME,検索オプションを使用した「<name>」の検索結果：
0c1908824f8fb664,TID_HINT_TOXIC_MINION,ベータガーゴイルは敵の施設から離れた場所に投入することで、パワーショットの効果を最大限に発揮できます。
bed17bf88262bddd,TID_TOP_HUD_FRIENDLY_BATTLE,フレンドリー・チャレンジ
3d20db9f84d0a870,TID_DEVICE_LINK_ERROR_TOO_MANY_DEVICES,関連づけされたデバイスが多過ぎます
0c728c37b06f61e7,TID_ERROR_POP_UP_SERVER_MAINTENANCE_ESTIMATED_LONG,申し訳ございませんが、ゲームのサーバーはメンテナンス中です。数時間してからまたお試しください。
baabe2732295fa97,TID_PROFILE_LEGEND_PRESTIGE,レジェンドトロフィー
53743d8bfe6a54d8,TID_TUTORIAL_WAR_MAP_FRIENDLY_3,あっ、チーフ、見てください！向こうに敵クランが！
1163b2a92a184234,TID_WELCOME_BACK_UPGRADES,アップグレード完了
dd707dcd0c596672,TID_CLAN_MEMBER_COUNT,メンバー：
1507e56bd6759599,TID_GP_PURCHASE_COUNTDOWN,パスの販売終了まで：<time>
da85d5365d398a64,TID_NPC_CHALLENGE_TH12_YETI_JUMP,<c85ff3b>ジャンプの呪文</c>を使って、<cf70d16>ギガテスラ</c>に攻め込みましょう。
a3594129473c064b,TID_TRADER_FEATURE,旅商人の店
49e05c48b5bec8c3,TID_SHIELD_POPUP_SHIELD_TIP,村は安全です。くつろいでもよし、攻撃してもよしです！
abe56fa4d6e7763e,TID_DUEL_REWARDS_TITLE,大工の拠点戦報酬
56b4ef13b2d94c9d,TID_LEGENDS_ESTIMATED_SEARCH_TIME,予想待ち時間：<time>
7f50f254af23bfb3,TID_TENCENT_DOLPHIN_DOWNLOADING_79,更新校验全量文件
c3b9f2c469ef4a18,TID_STAGE_BUILD_LIMIT_REACHED_TRAP,エリア<stage>には、トラップをこれ以上設置できません（最大<number>個）
dee1907423b5cbf8,TID_FRIEND_LIST_ITEM_SENT,リクエストを送信しました
5656919cc7b208fb,TID_ARTILLERY_AMMO_ALREADY_FULL,イーグル砲のパワーが満タンになりました！
d305536ab991480d,TID_BP_PERK_TRAINING_BOOST,訓練ブースト
0a75e8e1aab44e44,TID_BATTLEPASS_TASK_GET_CLANGAMES_POINTS,優しい大男
5f948262ea7cabde,TID_CHALLENGE_LAYOUT,レイアウト
50af79646dbaf129,TID_CHARACTER_INFO_BOMBER,破壊に飢え、強力な特殊効果を発揮するボンバーは、目につくものすべてを破壊します。壁に対してはボーナスダメージが発生します！
6f3a997295e9c44f,TID_STARTER_TH4_UPGRADEARCHERTOWER,弓の強化
1648fbc273403024,TID_RAID_ERROR_NO_SEASON,合戦シーズンではないため合戦はプレイできません。
fa45dadc96b79e1e,TID_BATTLEPASS_TASK_INFO_USE_GOLEMS,ゴーレムを使い、マルチプレイで<num>個の星を獲得する。
95be06f2fd399664,TID_CLANGAMES_TASK_DESTROY_MV_WALLS,壁をぶち壊せ！
87f95db4ab707de7,TID_WARMACHINE_INFO,この巨大なロボットは、国内最大のハンマーを持ち上げようとした際に壊れてしまいました。ちょっと修理すれば、戦闘で使えるかもしれません！
f67489af85d26a86,TID_BP_PERK_BUILDING_BOOST_DESC,設備の建設およびアップグレードに必要な資源と時間が<num>％、造幣所での造幣に必要な資源と時間が<num>％減少します。
9a538e71c1ca5971,TID_DIAMOND_BUNDLE_MAGICITEMS_TROOP_BOOK_WITH_RESOURCES,戦いの本パック
e3e83db977d77330,TID_BARCHER_ABILITY_HELP,最初の5秒間、攻撃速度が上昇し、防衛設備に探知されなくなります！
352b4a9164873b2d,TID_NPC_CHALLENGE_TH10_BOBAT_ARCHER_QUEEN,あとで投入する<c54a0fe>コウモリの群れ</c>のために、\n<c9916c8>アーチャークイーン</c>を投入して2つの\n<cf70d16>ウィザードの塔</c>を破壊しておきましょう。
defca2cae87ef1b4,TID_MAINTENANCE_ESTIMATED_HOUR,1時間ほど後に再度お試しください。
8917fe7f8d1d7481,TID_HINT_LABORATORY_UPGRADES,ラボでのユニットのアップグレードは一度開始するとキャンセルできません。計画的にアップグレードしましょう！
238df01235727938,TID_DECO_RUIN_LAKESIDE_FOREST,池のほとりの森
c381f16e83263273,TID_HINT_REBUILD_CLANCASTLE,荒れ果てたクランの城を修復すれば他のプレイヤーと協力できるようになります！
73b779f1e0f31fe0,TID_BUTTON_EDIT_TAG,ラベル
5287f62d520dbe04,TID_BOOSTER_USE_HERO_POTION_QUESTION_TITLE,ヒーローをブーストしますか？
89cb0b45b05fd725,TID_PRESET_CANNOT_TRAIN,<item>は現在訓練できません
6a500b8ed42b2ef7,TID_DARK_AGES_SCENERY,中世
9eda1534748c42f6,TID_ACHIEVEMENTS_PROGRESS,進行状況
f7b0a932d54b5b4e,TID_STARTER_TH3_INFO_LOOTELIXIR,シングルプレイまたはマルチプレイにおいて、通算<num>の戦利エリクサーを獲得する。
62bd6d51ea6100b2,TID_STREAM_SHARED_LAYOUT,レイアウトを共有しました。
ffb76fc5d5b11a31,TID_TOWN_HALL_13_WEAPON_INFO,ギガインフェルノの前では、敵は焚火に群がるマシュマロも同然です。撃破されると、凍える爆発でタウンホールが破壊され、一定時間、周囲のすべてのものの動きが鈍くなります。
18d58fb7adf2e7c3,TID_REPAIR_SHIP_TITLE,船を修復しますか？
382fb2d25e81face,TID_WIZARD2,アイスウィザード
a1cf96576c1b2afb,TID_FEEDBACK_INFO3,\n
fb2f378a9b7f2084,TID_TROOP_UPGRADE_TIME,合計時間：
736909d689ec010a,TID_DIAMOND_BUNDLE_TH7_INFO,• <gems>エメラルド\n• バーバリアンキング\n• レベル2かくしテスラ\n\n建設時間なし！\n\nこの<cffec78><value>倍バリュー</c>のパックは、1度限りの特別提供となります！
3d05a59874d47dc2,TID_LEAGUE_GOLD2,ゴールドリーグII
ee0fdc671ce4f458,TID_DEFENCE_TROOP_LEVEL,ユニットレベル：<number>
bef26106e26acf48,TID_STAR_BONUS_BONUS_TEXT_BONUS,進行中の星ボーナスイベントでは、<num>倍の報酬を獲得できます
fa3c459a20f73109,TID_CAPBUILD_BARRACKS_ARCHER,スニークアーチャーの兵舎
81190d71c2b5bfa5,TID_EARTHQUAKE,アースクエイクの呪文
31aacc00a2cc3422,TID_NPC_QUEEN_HEALTH_LOW,<c9916c8>アーチャークイーン</c>のヒットポイントが\n低下しています。特殊能力を発動させましょう！
94356640acd1875b,TID_TOO_MANY_TRAINED_SUPER_TROOPS,部隊に含まれているスーパーユニットの種類が多すぎます。\n\n先に使用または破棄してください。
9fe23a4830e22de2,TID_BP_PERK_AUTO_FORGE_DESC_STARTER,大工不要かつコスト半額の造幣所の追加スロットです。
525dcfcc5f69a9b9,TID_SEARCH_TAB_CLANS,クランを探す
c6b29b8c6ea4589e,TID_WRONG_VILLAGE,まずは自分の村に戻ってください
209a13638bdafabc,TID_CHANGE_LEAGUE_WAR_PARTICIPANTS,対戦参加者の変更
b1bd2849f2cc0791,TID_CAPITAL_PLAYGROUND,都のテスト村
3e42505ea7a9a399,TID_BUTTON_CAPITAL_MAP,マップ
982e5cd2b1e48dc8,TID_BATTLEPASS_TASK_INFO_WIN_BATTLES_USING_LOONS,エアバルーンを使い、マルチプレイで<num>回勝利する。
e8efc00d86367a4f,TID_TENCENT_THIRDPARTY_INFO,サードパーティの情報共有リスト
9f80858535a9bc07,TID_LEAGUE_SILVER1_SHORT,シルバーI
9460ed535753b179,TID_DECORATION_BATTLEMACHINE,バトルマシンの像
83b76ab835a50081,TID_BUTTON_CHANGE_SPELL,呪文を選択
211245b58ca0e9e2,TID_LEGEND_SEASON_END_INTRO,チーフの伝説級の活躍に乾杯！
861f6ba0792a77dd,TID_DIAMOND_BUNDLE_MAGICITEMS_TROOP_BOOK_WITH_RESOURCES_INFO,• 戦いの本<booster1>冊\n• <res0>エリクサー\n• 収容量制限なし！\n\n戦いの本を使って、どんなユニットアップグレードも瞬時に完了しよう！\n\nこのチャンスをお見逃しなく！
9a4869e202e170a9,TID_POPUP_TRAIN_TITLE,ユニットの訓練 <limit>
82b346cf98f9cb41,TID_HOG_RIDER,ホグライダー
f56cf8954a7a67f7,TID_OBSTACLE_HALLOWEEN2019,不気味な木
7ed74cf4d5e11c0d,TID_OBSTACLE_POND_OVERGROWN,草の生い茂った池
76e38dff1368b8a3,TID_CLAN_GAMES_CHOOSE_A_CHALLENGE,チャレンジを選ぶ
fa1fe0eacc9e2faf,TID_GAMES_REWARDS_TEXT,クランゲームが終了したら、嬉しい報酬タイムです！報酬はいくつかの報酬グレードに分かれており、チャレンジで獲得したクランポイントの総計に応じてアンロックされます。クランゲームで1つ以上のチャレンジを完了したプレイヤーは、各報酬グレードから報酬を1つ選んで受け取ることができます。なお、受け取っていない報酬は7日後に無効となります。
79eacf3f7cf20d11,TID_SCENERY_CHANGE_DOWNLOADING,背景をダウンロード中です。完了したら、背景は自動的に切り替わります。
2ea9966a3d1284b4,TID_SKIN_OFFER_INFO,<name>のスキン
20696e14142b966f,TID_CLANGAMES_TASK_DESTROY_BB_ELIXIRSTORAGE,エリクサータンク潰し
3fc0f2b93f8ac10a,TID_RECALL_NO_TROOPS_TO_DEPLOY,リターンしたユニットがいません
6d8f017a94133485,TID_MEMBERS_SORTED_ALPHABETICALLY,ABC順
98627f538a0f58b3,TID_ERROR_POP_UP_LOGIN_FAILED,あとでまたお試しください。
c3f82fc0ca97ff1b,TID_DIAMOND_PACK_4,エメラルドの箱
c219898a83b0e03e,TID_BP_REWARD_CATEGORY_SKINS,ヒーロースキン
f4080675161a7167,TID_PUMPKIN_GRAVEYARD_SCENERY,カボチャの墓地
74db2292be32dd61,TID_DEVICE_LINK_ERROR_CODE_ERROR_2,何らかの不具合が発生しました。再度お試しください！
5d43d5db0e1b7088,TID_HINT_INFERNO_TOWER_TARGETS_1,インフェルノタワーは、ターゲットのユニットに対して壊滅的なダメージを与えます。
c5a878b8f4316dd7,TID_WL_BREAK_DAY,休戦日
0167f17ccae5d03e,TID_ACCOUNT_LOCKED_TEXT2,アンロックコードを入力してください：
0d72acedffdda22b,TID_POPUP_SPEED_UP_UPGRADE,<item>のアップグレードを今すぐ完了させますか？
cefb37c1ed3f3046,TID_CLAN_PERK_BONUS,特典ボーナス
ecbef50c55113a34,TID_BATTLEPASS_TASK_INFO_DESTROY_TOWNHALLS,マルチプレイで通算<num>個のタウンホールを破壊する。
3d555a52a0ebb220,TID_TUTORIAL_SEASON_CHALLENGE_6,他にも、建設や研究、訓練、寄付を\nする際にコストを節約できる特典が\nたくさんあります！
022e2f32627b04d0,TID_EXTERNAL_URL_TITLE,お知らせ
e7d24fc05de9394a,TID_SHIELD_POPUP_NONE_TIP,この村はいつ襲われてもおかしくない状態です。防御を固めましょう！
e097416bdcac1f55,TID_EVENT_TITLE_CLANWAR_SHORT3,週末ダッシュ
a0eb84460f2f483e,TID_BP_TAB_BANKS,シーズン資源
27d9344dbdc5dde4,TID_BATTLEPASS_TASK_INFO_USE_NIGHTWITCHES,ダークネクロを使い、大工の拠点戦で<num>個の星を獲得する。
0173a375e6f2a372,TID_CHARACTER_INFO_VALKYRIE_SHORT,斧の回転攻撃で、建物を木っ端みじんにします。
2390b36aa94a0867,TID_OBSTACLE_ROOT_LARGE,大きな根っこ
7c1b5e9e221ec458,TID_LEGENDS_UPCOMING_SHIELD_ACTIVE,次のリーグ日はシールドが有効です。攻撃に参加したい場合は、リーグ日が変わる前にシールドを解除してください。
a17d706a8e987f34,TID_BUTTON_SPEED_UP_REQUEST_TROOPS,今すぐ頼む！
2fcf7ecae29f03c1,TID_FRIENDLY_WAR_CHOOSE_LAYOUT,レイアウト選択
75d98f4061928484,TID_TENCENT_AUTH_EXPIRED,認証期限が切れました。ログインし直してください。
e9803e5dc5ce2017,TID_BUTTON_TRAIN,ユニットの訓練
576322d4c39b0a04,TID_CLANGAMES_TASK_INFO_WIN_STARS_VS_LEGENDLEAGUE,マルチプレイで、レジェンドリーグのプレイヤーから星を<num>個獲得する。
6f49141f52be4d55,TID_NEWS_NEW_TROOP_TEXT,
240eea818af7c1e1,TID_ACCOUNT_LOCKED_INVALID_CODE,アンロックコードが無効です！
38e3166c866e33b8,TID_WL_STATS_STARS,星
93e696e02f64a87c,TID_EFFECT_TIME,効果時間：<number>秒
543903c726ea7c9a,TID_BUY_MISSING_RESOURCES_HEADER_TWO,資源が不足しています
ab3c70386d9449af,TID_BUILDER_MENU_CAPITAL,クランの都
47a82d15874ea911,TID_TROOP_UPGRADE_ALREADY_ONGOING,すでに他のアップグレードが進行中です！
9b14b9235cb316a3,TID_STARTER_TH4_UPGRADEBARRACKS,兵舎の強化
69cd872478ee9ec7,TID_DUEL_TARGET_FOUND,大工の拠点戦の相手が見つかりました！さっそく攻撃してみましょう！
ea7a13b7b4d78e52,TID_INVALID_PLACEMENT_CAPITAL,白いエリアにユニットを配置してください！
4353aea64c7cba11,TID_NPC_CHALLENGE_TH6_GIWIWA_WIZARDS1,敵の防衛設備が混乱している間に、\n<c54a0fe>ウィザード</c>を配置しましょう！
6bc905b095b4168a,TID_LEADERBOARDBANNER_1,1)
34aba8017fdd1e7b,TID_VERSUS_BATTLE_ADD_MESSAGE,メッセージを追加して、フレンドリー・チャレンジを始めましょう！
8d5b0b2863e1380c,TID_BP_TAB_PERKS,特典
0c8b89fed85d3e1e,TID_STARTER_TH2_INFO_LOOTGOLD,シングルプレイまたはマルチプレイにおいて、通算<num>の戦利ゴールドを獲得する。
4f90353010c521c2,TID_CHARACTER_INFO_SIEGE_MACHINE_INVISIBLE,
1076acb23a7959ed,TID_CLAN_SETTINGS,クランの設定
7d41b2e2de4b71c9,TID_NPC_CHALLENGE_TH9_LAVALOON_FREEZE,味方ユニットが攻め込む際に<c38eaff>フリーズの呪文</c>を使えば、<cf70d16>エアスイーパー</c>を無効化できます。
08395999dfb9b593,TID_INVALID_DESCRIPTION,説明が無効です！別のものを試してください。
8368fb8ed2a409cf,TID_POPUP_BOOST_BARRACKS,ユニットの訓練速度を<time>だけ<multiplier>倍にしますか？
a55f3792bcac9865,TID_BB_LOOT_CART_POPUP_TEXT,防衛時の獲得報酬
dad7489a0abe5759,TID_ACHIEVEMENT_DESTROY_WEAPONISED_TH,マルチプレイで通算<number>個の武装化タウンホールを破壊する。
c757308010289714,TID_STARTER_UPGRADEWALL_INFO,壁を<num>回アップグレードする。
e33bd5d8aafeea67,TID_CAPBUILD_INFERNO,インフェルノタワー
b53c929e999ec9ed,TID_NEWS_RED_TITLE,チーフ、(RED)によるエイズ対策支援をサポートしましょう！
ed8fc59ae8f061fa,TID_DECO_FIREWORK_FANBOY,花火好きのガイコツ
d3a8ad41082c2703,TID_KUNLUN_APP_STORE_360,360
5a10fde8d3921dd7,TID_WINTER_CHAMPION,ウィンター チャンピオン
723778b08db09aaa,TID_GEM_BALANCE_BUTTON,エメラルド数
8826285c780dfb89,TID_LEAGUE_STEEL1,スチールリーグI
fc5871a395b8ae60,TID_LEAGUE_IRON1,アイアンリーグI
314efd00d4fc7a09,TID_HINT_UPGRADE_TROOPS,ユニットを強化しましょう！ラボを建設すれば、ユニットの種類ごとにアップグレードできます。
403c36a0339594fb,TID_STREAM_EVENT_ALLIANCE_LEVEL_UP,クランのレベルが<value>になりました！新たな特典：
00b3b7d8c2026f0f,TID_WL_WARLESS_DAY_INFO,今日は他のクランの戦闘日です。明日の戦いに備えましょう。
eb2ff93ea4c6afb0,TID_KICK_DEFAULT_MESSAGE,クランからはずします。
57352ec7728d1b67,TID_BUNDLE_UPDATE,アップデートスペシャルパック
0ed502ad390f6a9e,TID_CLANGAMES_TASK_WIN_STARS_USING_POISON_INFO,ポイズンの呪文を<num2>回使い、マルチプレイで<num>回勝利する。
bfb89fb27b5c1f53,TID_FLYING_FORTRESS_ABILITY_NAME,スケルトンクルー
c36b87c5fefeb348,TID_CHAT_UNAVAILABLE,チャットは<time>にわたって使用できなくなりました。
1c424b907e927969,TID_AVAILABLE_LOOT,略奪可能：
7c0c282a08a3fe66,TID_KUNLUN_APP_STORE_UC,UC
957ddf62c64bf21b,TID_TUTORIAL_ARTO_COMPLETE_1,よーし... 完成だ！
5c3eb144cf19a510,TID_BUTTON_REPAIR,修復
e49777f0116d6343,TID_HINT_ARTILLERY3,イーグル砲は自分自身の周りには攻撃できません。攻撃できないエリアが広いので、大切な建物が攻撃範囲内に入るように気をつけましょう！
2b5b40da64810491,TID_LEAGUE_INFO_PLACEMENT_HEADLINE,他のプレイヤーの村を攻撃すればリーグに入れます。
8793906759486f7b,TID_CHARACTER_INFO_EL_PRIMO,どこからともなく現れた謎の覆面ファイター。彼のパンチは壁まで軽々砕きます！その正体は誰にも分かりませんが、非常に強い男であること、そしてあなたのクランのために大暴れしてくれることは間違いありません。
e49bd94cb5299a63,TID_ACHIEVEMENT_TOWN_HALL2,ビルダーホールをレベル<number>までアップグレードする。
b9020ff0f8fc3f59,TID_GOBLIN_CHAMPION,ゴブリン チャンピオン
5d9e608229b9e7f3,TID_TUTORIAL_MODE_TEXT,チュートリアルモードでは報酬を獲得できません
71d4f4bbb3dbb1ac,TID_TUTORIAL_CLASHOWEEN_EVENT_C2,そこで開発したのが...　禁断のエリクサーです！一度味わえば、やみつきになるでしょう！
f7db1a401f0f2a6f,TID_FIND_MATCH_HEADER,マッチの検索
dc7dfc421bacec6f,TID_BATTLEPASS_TASK_INFO_WIN_BATTLES_USING_ICEGOLEM,アイスゴーレムを使い、マルチプレイで<num>回勝利する。
dfc3b53e3c34a209,TID_BATTLEPASS_TASK_WIN_BATTLES_USING_WALLBREAKERS,ブレイクスルー
b1faaa197041ec55,TID_CHALLENGE_TH12_YETI,イエティの拳
a4e46adbd0fce77e,TID_CHARACTER_INFO_PEKKA,P.E.K.K.Aは騎士なのか？サムライなのか？ロボットなのか？\nその正体は謎につつまれています。P.E.K.K.Aの着込んでいるヨロイは、どんな強力な一撃でもやわらげてしまいます。
917eca1f6f995ef5,TID_RATE_APP_MESSAGE_ANDROID,Google Play でこのゲームを評価したり、フィードバックを投稿してください！参考にさせていただきます。
27ed39b575042e4e,TID_CHARACTER_INFO_DARK_WITCH_SHORT,コウモリがいれば、まったく寂しくありません。
b20ee590aa0d9976,TID_WAR_TEAM_TAB_ATTACKS,攻撃
b63298857fd3ec92,TID_CLAN_STAT_VICTORIES,勝利：
7699dcf1bfbdf813,TID_MEDAL_EVENT_END_GOLD,イベントが終了しました。手持ちのメダルは<num>ゴールドに変換されました。
5fa35c333303a29d,TID_CLANGAMES_TASK_USE_BETAMINIONS,ベータガーゴイルバトル
3d2d40235bb0f436,TID_TOWN_HALL_UPGRADE_WARNING,注意：アップグレードすると、タウンホールレベル<number>以下の\n敵を相手にした時の戦利品が少なくなります。
706c5416adcb5af8,TID_POISON_TOWER_SHORT,ポイズン
b40fe393f73c2929,TID_CLANGAMES_TASK_DESTROY_AIRDEFENSES,対空砲を破壊
1677fedfe590fd5e,TID_CHARACTER_INFO_AD_SEEKER_WITH_EXPLOSION,本能的に対空砲を追い回す炎のような獣で、他のユニットの盾となる頼もしい存在です。倒されると、小さくて脆いユニットをたくさん放出します。
a362938ce16fa9ac,TID_NPC_CHALLENGE_LOON_1,<c54a0fe>エアバルーン</c>を使って、敵の防衛設備を圧倒しましょう。最優先攻撃目標は<cf70d16>対空砲</c>です。
6f21e2ab5e1d9571,TID_CHALLENGE_TITLE,フレンドリー・チャレンジ
e6e5ef587fb84f9f,TID_DONATION_REQUEST_ONLY_ALLOW_MAX_LEVEL,受け取れる中で\n最もレベルが高い寄付のみ
41eb0b7d4478c8f3,TID_PVP_BUTTON,対戦相手を探す
80b54fd92b850b59,TID_WAR_DURATION,戦闘：
f139e1884b958674,TID_TRAIN_SPELLS_QUEUE_SIZE,呪文の生成: <num>/<max>
7a23e3d1e7d31c22,TID_PREMIUM_PASS_PACKAGE_INFO,今シーズンのゴールドパスを入手して、更なるシーズンチャレンジ報酬を受け取りましょう！\n\n限定報酬：\n• 新登場のヒーロースキン\n• 1エメラルドでクイック寄付\n• 大工、ラボ、訓練をブースト\n• シーズン資源を最大5倍まで増量
47d7a95e3180d753,TID_ALLIANCE_GAMES_CLAN_TAB,クラン
f0dde8dbaf75e376,TID_BATTLEPASS_TASK_INFO_WIN_BATTLES_USING_BARBARIANS,バーバリアンを使い、マルチプレイで<num>回勝利する。
a6f1944db0ee8b93,TID_FEATURE_CLAN_CAPITAL_DESC,雄大な山の上に鎮座するクランの砦です。仲間と一緒に築き上げ、ライバルたちから戦利品を勝ち取りましょう。
8699779ab765c438,TID_UNABLE_TO_LOCATE_COUNTRY_FOR_CLAN_SCORES,現在の地域では、クランの上位ランキングを表示できません
221c3ffce5504586,TID_DOWNLOADING_SCENERY,背景をダウンロード中...
075ce1eed91482db,TID_NPC_CHALLENGE_TH11_LAVALOON_MINIONS,<c54a0fe>ガーゴイル</c>を使って、最後の仕上げといきましょう！
f2b3d8ccdfe35538,TID_BUTTON_ATTACK_MODE_MULTIPLE,複数攻撃
a61fdee3e451c62c,TID_CLANGAMES_TASK_DESTROY_CLANCASTLES,クランの城へ突撃
c09867ac4d8a9714,TID_CLANGAMES_TASK_USE_BABYDRAGONS2,ベビードラゴンの説得
3c483b674696042c,TID_SHOP_CATEGORY_OFFERS,特別セール品
f74fac63689f7179,TID_POPUP_SELL_BOOSTER_TITLE,魔法アイテムを売る
3ee7feae5f72f006,TID_WAR_ATTACK_CONFIRM_CASTLE_TEXT,クランの城に待機中のユニットと呪文：<number>
da3917c5ab4a1a58,TID_PART_HOUSE_DECO,クランの家のデコレーション
6e5eb34d9b6a80ec,TID_CLANGAMES_TASK_DESTROY_SCATTERSHOTS,投石機ブレイカー
79e92dab84eeeed0,TID_CHALLENGE_TH4_GIANT,巨人の拳
43bcc6b25460952f,TID_TOO_SHORT_ALLIANCE_NAME,クラン名が短すぎます！
ff40a561a7bff815,TID_REPORT_PROFILE_IMAGE_NOTIFICATION,プロフィール画像を報告しました！
9f20f8a056124d5c,TID_HINT_VERSUS_BATTLE2,より多くのトロフィーを獲得すれば、大工の拠点戦の報酬が増えます！
3bb8fb502807e242,TID_BUILDING_MONOLITH_INFO,大工が施設の建設に初めてダークエリクサーを用いたところ、とてつもなく恐ろしい兵器が生まれました。堂々とそびえたつ恐怖のモノリスは、攻撃目標が強力であればあるほど、与えるダメージが上昇します。自分の村を守る心強い存在ですが、敵に回すと少し怖い建物です。
a2b74de6a3910c04,TID_SPELL_QUEUE_IS_EMPTY,魔法生成の予約は空です
04c82855187dff9a,TID_SHIELD_POPUP_PERSONAL_BREAK_REMAINING,休憩時間まで：
734beff89456e7a2,TID_SKIN_THEME_LNY,<year>年 旧正月スキン
56a9ef317a2b7422,TID_ALLIANCE_WAR_STARTWAR_INFO_LEADER,栄光とボーナス戦利品\nそしてクランＸＰをかけた\nクラン同士の戦い！\n\n\nクランメンバーの準備が整ったら、いざ開戦！
ea74075db56d1549,TID_CHALLENGE_CLOSED,村はすでに攻撃されています！
8f91036c7ae6f71d,TID_ALLIANCE_STREAM_THANKS,支援ありがとうございます！
6e9e5d10e19eaa44,TID_CLAN_WAR_FREQ,クラン対戦の頻度：
732b48af487091ac,TID_CANCEL_FRIENDLY_WAR_SENDER_TEXT,フレンド対戦チャレンジをキャンセルしますか？
b91be3a46a0af317,TID_HINT_SPELL_RAGE,「レイジ」の呪文は怒りの輪を作り出し、その中にいる味方ユニットの攻撃力と速度を高めます。
717abd372c858e2b,TID_LEAGUE_COPPER1,コッパーリーグI
4e7712af5cc115a5,TID_WL_INFO_LIVE_WIN,勝利
ce75c0ee08b864cc,TID_FEEDBACK_BUTTON5,村にアクセスできない
eb9c49871693303f,TID_NPC_CHALLENGE_TH9_LAVALOON_HOUNDS,先に<c54a0fe>ラヴァハウンド</c>を配置して、<c3e8cb8>エアバルーン</c>を\n守りながら村のトラップを発動させましょう。
14c1c9f86d248f99,TID_ACHIEVEMENT_DESTROY_MORTARS_TITLE,死角に入れ
efe1b7028b7c6c2b,TID_LOCAL_NOTIFICATION_EVENT_6TH_ANNVERSARY_PACK,チーフ、お待たせしました！特別な6周年記念パックを今すぐチェックしましょう！
eda55a2e838e02d2,TID_GEM_POPUP_TEXT,エメラルドが足りません。ショップで買い足しましょう！
5d1b1a6449f64fee,TID_NPC13,動かざるもの
bb5845773865ba08,TID_NPC_CHALLENGE_TH9_BABYDQW_BARBARIAN_KING,<c9916c8>バーバリアンキング</c>を投入して、隅を一掃しましょう。
f095b02704fd270d,TID_POPUP_UPGRADE_WALL_SECTION_TEXT,<number> <resource>で本当に選択した壁をアップグレードしますか？
c6e914bfa9629407,TID_FRIENDS_ONLINE,オンライン
772208ec256a7b30,TID_CLANGAMES_TASK_INFO_USE_SUPER_VALKYRIES,<num2>体のスーパーバルキリーを使い、マルチプレイで<num>個の星を獲得する。
7d9727c830af2bc6,TID_ALLIANCE_GAMES_TASKS,チャレンジ：
e71e8d5ef53cbb58,TID_BATTLEPASS_TASK_WIN_STARS_USING_FREEZE,極寒の日
587dac2f35379123,TID_ACHIEVEMENTS_REWARD,達成時
4a4ba5209702ddda,TID_CAPBUILD_CAPHQ,都ホール
87b83f8c9a0fe2fc,TID_BUY_MISSING_RESOURCES_TEXT,不足分の<resource> <count> を買いますか？
1102202518ea8436,TID_CHARACTER_INFO_ELITE_GIANT,スーパージャイアントはジャイアントよりも身体が大きく、壁をブチ抜くのが得意です。腰のベルトは、毎年恒例の村の大食い競争で勝ち取ったものです。
971bab5c5c88ae1f,TID_OFFER_SEASON_CHALLENGES_TEXT,シーズンチャレンジで最大20倍お得な報酬をゲット！
138caa33b2c22482,TID_STREAM_EVENT_DEMOTED,<name>に降格されました
527627dbdd0a10c9,TID_CAPBUILD_SPELLLAB_LIGHTNING,ライトニングの呪文工場
b5889a6baad0cde9,TID_KICK_FAIL_CAPITAL,都にいる間はプレイヤーを追放できません。
9d48bc028ea383c2,TID_BOB_TASK_HEROES_FLUFF,マスター大工はヒーローを操作しながら、いつもB.O.Bの強化方法を考えています。自立したロボットになってほしい、そんな思いがあるのです。
282468d5ae8f74b6,TID_HINT_YETI,イエティにはできない芸当ですが、ミニイエティは壁をとび越えることができます。
e33245e604fd70cb,TID_NPC_CHALLENGE_BOWIGI_BOWLERS,<c54a0fe>ボウラー</c>は敵にダメージを与える主戦力です。\n中央と下側に配置しましょう。
e07800fddf6e0c8f,TID_DECO_FLEXING_BARB,ムキムキバーバリアン
586cdd67c05c2034,TID_TUTORIAL_RAID_WEEKEND_1,さあ、合戦の時が来たぞ！週末合戦では、他のクランの都と戦うことになる。
6ed6bf5b9e88e50a,TID_DIAMOND_BUNDLE_BUILDER,大工パック
96da469c56bd065d,TID_STARTER_CLEAROBSTACLES,庭仕事
7b6b5088ca073048,TID_BOOSTER_WALL_UPGRADE_ALT_2_LINE,壁リング
1fb72d5b2886b22d,TID_GEAR_INFO_LIFE_GEM,近くの味方ユニットのヒットポイントが上昇します
6612ef9dd3178d6f,TID_HINT_GUARD_LOSE,他の村を攻撃しても使用中の村の護りは失われません
8e73cfc39fd353fb,TID_EVENT_CHRISTMAS_TRAP,期間限定クラッシュマスイベント：フリーズトラップ
253572445faf5385,TID_LOCAL_NOTIFICATION_EVENT_SPELL_BREWING_BOOST,チーフ、1エメラルド生成ブーストイベントが始まりました！
619ef6d9e661fd6e,TID_NPC_CHALLENGE_TH9_LAVALOON_BARBARIAN_KING_2,彼女が壁の外に出てきたら、\n<c9916c8>バーバリアンキング</c>を\n配置して抑えます。
b4343183f2312e3c,TID_BUILDING_BOMB_TOWER,ボムタワー
7aeb9edd19f181a6,TID_AUTO_FORGE_SLOT_UNLOCKS,アンロック条件：
62514ea901eec02a,TID_CLANGAMES_TASK_GET_LEVELKILLS_VS_BARBARIANKING,キングレベルハンター
96ef0811fff42722,TID_ALLIANCE_DATA_FAILED_GENERIC,クラン情報をロードできませんでした。\n\nまたのちほどお試しください。
85156986fa507b74,TID_CHARACTER_BABY_DRAGON_ACTIVE_INFO,使用すると扇型に広がる炎を吐き出し、<num>ダメージを与える
51587ad34380d437,TID_BATTLEPASS_TASK_WIN_STARS_USING_FREEZE_INFO,フリーズの呪文を使い、マルチプレイで<num>個の星を獲得する。
b17ff358a5f8a27d,TID_CAPITAL_PLAYGROUND_GATES,防衛側のユニットは都の障害物を飛び越えることはできないが、ゲートを通り抜けることはできる。
16779f46166a57e4,TID_CAPBUILD_BARRACKS_SUPER_MINER_INFO,スーパーディガーのたまり場です。ドリル用のオイルの匂いがプンプン漂っていますが、びっくりするほど居心地はいいそうです。
03b3beea07e57cdc,TID_DIAMOND_BUNDLE_MAGICITEMS_RESOURCE_POTION_ONLY_INFO,• 資源ポーション<booster1>個\n• 収容量制限なし！\n\n資源施設の生産率を大幅にアップしよう！\n\nこのチャンスをお見逃しなく！
405c78e68fb5c3f1,TID_NPC_CHALLENGE_TH12_DRAGBAT_SPAWN_BATS1,<c9916c8>コウモリの呪文</c>を使って、<cf70d16>イーグル砲</c>と\n<cf70d16>インフェルノタワー</c>を破壊しましょう。
c5437337686c7bdc,TID_ERROR_POP_UP_SERVER_MAINTENANCE_ESTIMATED_HOUR,申し訳ございませんが、ゲームのサーバーはメンテナンス中です。1時間ほどお待ちいただき、再度お試しください。
dc178904f93412d7,TID_ADD_FRIEND_ERROR_TOO_MANY_REQUESTS_YOU,フレンドリクエストの送信数が上限に達しました。1つ削除して、再度お試しください。
531062fc5485de91,TID_SHARE_REPLAY_FAILED,リプレイはすでに他のプレイヤーによって共有されています。
2d7a886a2256ec80,TID_TUTORIAL_CLASHOWEEN_EVENT_C1,普通のエリクサーなんてダサすぎますよ...
2209ccb8dadede48,TID_ACCOUNT_SWITCHING_NOT_SUPPORTED,チーフ「<name>」の村がご利用いただけますが、移行するにはお手持ちの端末をiOS7にアップデートする必要があります。アップデートの詳細はこちらからご確認ください。http://support.apple.com/kb/HT4623?viewlocale
de43d84ecbc367de,TID_SETTINGS_API_TOKEN_RECEIVED,APIトークン：<token>
64e62a686d203aaf,TID_CLANGAMES_TASK_INFO_DESTROY_BB_GIANTCANNON,大工の拠点戦で通算<num>個の<building>を破壊する。
5ae719ef02ff7a4b,TID_BOOSTER_LAB_POTION_ALT_2_LINE,研究ポーション
b25c807b867748f7,TID_TENCENT_LOGIN_PROMPT_BLOCKED_WECHAT,ゲーム依存症防止の最新の規定に従い、ゲストアカウントでログインされた場合は、実名認証を完了することができません。また、プレイ可能時間が15日間につき1時間に制限されます。\n\nプレイヤー様は以前、WeChatにゲームアカウントを接続しております。プレイを続けるには、WeChatに再度ログインしたうえで、実名認証を完了していただきますようお願い申し上げます。
9dfb828888653015,TID_ACCOUNT_DELETION_WARNING_TITLE,アカウント削除のお知らせ
8a6d6706d22f4310,TID_MAP_LOCATION_19,ウナギ沼
1edb7f62f7c94683,TID_HINT_SPELL_POISON_CLOUD1,「ポイズン」の呪文は、スケルトンの大群に効果バツグンです。
85ee94e4fc158758,TID_TUTORIAL_CLASHOWEEN_EVENT_D1,ちなみに、禁断のエリクサーはこの大釜からも生成されます。
b17dbb2e59dfde20,TID_PUSHER_INFO_SHORT,練りに練った敵の戦略をブチ壊すのが仕事です。
55c5a60055a13c1e,TID_CLAN_GAMES_THEME_HOLIDAY,クリスマスゲーム
bb0a5db3271482c3,TID_RAID_CART,合戦キャノン
3d39b19ac5027b15,TID_TRAIN_SPELL_STORAGE_FULL,呪文がいっぱいです！
3f8a39071d4eee18,TID_ALLIANCE_WAR_MEMBER_STAT_DEFENCES,防御：
492acc5df14a5a84,TID_LAYOUT_LINK_COPIED_TO_CLIPBOARD,レイアウトへのリンクをデバイスのクリップボードにコピーしました！
5c48be7ce4b232c9,TID_CAPBUILD_ARMY_FIELD_INFO,クランのユニットたちが、合戦の開始までノンビリ過ごすための場所です。\nアップグレードすると、ユニットを収容するスペースが増加します。
7f902c3fc5ea5bd4,TID_DECORATION_LEAGUE_II_STATUE,ライバルの像
ffd3d43542cc0fef,TID_LOCAL_NOTIFICATION_EVENT_CLAN_XP,チーフ、クランXPイベントが始まりました！
ccf1829390e74be2,TID_NEWS_UPDATE_DARK_SPELLS_TEXT,
3d3219f59783ae1a,TID_CHALLENGE_CANT_REQUEST,クランに参加すると、メンバーに援軍や呪文、突破兵器をリクエストできます
b11ff302015e1674,TID_ALLIANCE_WAR_EVENT_WAR_STARTED,クラン対戦が始まりました
ae783edbb4df4714,TID_COSMETICS_EXTRA_EFFECTS,追加エフェクト
c71c8d14aba83724,TID_CLAN_TAG_TALKATIVE,おしゃべり
85f8213e5d373678,TID_REENGAGEMENT_BP_1,シーッ！他の人には内緒ですが、今シーズンのポイントを差し上げます！
c7699bcc3279693f,TID_BATTLE_PASS_SEASON_END_TITLE,シーズンが終了しました！
d92e52896da8fa4c,TID_WAR_PREPARE,戦闘準備！
7d275dbd9912c8a8,TID_ALLIANCE_WAR_CANNOT_ATTACK_SPECTATOR,戦いに直接参加していないと攻撃できません！
6e71449daccbcde5,TID_GOOGLE_SERVICE_CONNECT_BUTTON,接続
5a6d1a31852945e6,TID_NUMBER_SEVEN,7
fc57afdf09948102,TID_BP_PERK_SAVINGS_PAYOUT_BB,大工のシーズン資源
b61b4dcb8116fb8a,TID_SUPERCELL_ID_LOGIN_BUTTON,Supercell ID でログイン
754680d7082463b9,TID_BATTLEPASS_TASK_INFO_USE_MINIONS,ガーゴイルを使い、マルチプレイで<num>個の星を獲得する。
135a1fee26c9afb0,TID_NPC_CHALLENGE_TH4_GIANT_GIANTS1,先に<c54a0fe>ジャイアント</c>を配置して、\n<c54a0fe>ウォールブレイカー</c>を守りましょう。
07a4e50589c1fb8b,TID_NPC_CHALLENGE_TH9_LAVALOON_RAGE1,<cf07bf8>レイジの呪文</c>は、できるだけ多くの味方ユニットが\n効果を得られる所に使用しましょう。
d1507e982fdcd88c,TID_ONLINE,オンライン
f2b37011fed31cfa,TID_BATTLEPASS_TASK_WIN_BATTLES_USING_LOG_LAUNCHER,ウッドころころ
a61152c5fb46b34a,TID_BOOSTER_FREE_SPELL_UPGRADE_ALT_2_LINE,呪文のハンマー
6b098f01a94226dd,TID_BP_PERK_NEXT_AMOUNT,次のアップグレード：
159c11dcb757d975,TID_LEGEND_ATTACK_CONFIRM_INFO,準備は万全ですか？実行すると、残っている攻撃回数を1つ消費します。
431e86f30605e9a9,TID_MAP_LOCATION_25,豪雨地帯
cdd74a2583d9cabf,TID_CLAN_AVAILABLE_FOR_RECRUITING_DESC,新たなクランを探しているプレイヤーから\n参加リクエストを受け取りますか？
75b3e33fd02c3edc,TID_ACHIEVEMENT_DESTROY_WALLS,マルチプレイで通算<number>個の壁を破壊する。
51ce4cd8fe29d573,TID_HINT_STORAGES_SPELL_IMMUNITY,全ての資源保管施設は呪文のダメージを受けません！
857963c83bb5f54e,TID_SHOP_SHIELD_7D,シールド（1週間）
da2524da74493b45,TID_BB_LEAGUE_DETAILS_ATTACK_COLUMN,攻撃
490fd89aef525c20,TID_START_WAR_FAILED_ALREADY_IN_WAR,他のクランに宣戦布告できません。今はクラン対戦中です！
f7ef6d7f3378ac93,TID_BATTLEPASS_TASK_INFO_GET_STAR_BONUSES,自分の村で星ボーナスを<num>回獲得する。
038eddeed269e557,TID_WL_OTHER_PLAYER_EDITING_ROSTER,他のクランメンバーが、対戦参加者リストを編集しています。
d21ef41e8ba50566,TID_ALLIANCE_WAR_LOOT_TRANSFERRED,宝庫の資源を回収しました！
2fcf76711d1e8ca4,TID_ACHIEVEMENT_LOOT_DARK_ELIXIR,ダークエリクサーを合計<number>奪う。
4fe885e19d99d01b,TID_ALLIANCE_WAR_NUM_DEFENCES,防衛回数：<number>
99ff1768b70a3e84,TID_BATTLEPASS_TASK_WIN_BATTLES_USING_CANNONCARTS,移動生活
95bb86b921a60e5e,TID_SETTINGS_API_TOKEN_HEADER,APIトークン
86487aff7bba15ce,TID_WARNING_TH_LEVEL_TOO_LOW_TO_COPY_LEVEL,レイアウトをコピーするには、タウンホールレベル<num>以上が必要です。
90dbd1cb36bcafc5,TID_BUTTON_GENERATE_CODE,関連づけコード
3907c311a47c1d42,TID_YOUR_RESULT,あなたの攻撃：
1b9dc579faf90230,TID_EVENT_SHOP_TITLE,イベントセール
110582968a6c503d,TID_ANNIVERSARY_TITLE,クラッシュ10年の歩み
e63ec5fc1d642fee,TID_BATTLEPASS_TASK_START_ANY_UPGRADE,大工の生きがい
f79f4acf743ec773,TID_RAID_WEEKEND_CLAN_STAYED,<clan>は同じリーグに残留しました
e2acbad463debebf,TID_UPGRADE_TH_LOCKED_GEARUP,対象施設を最大まで改造しました！
35b149bd372c858e,TID_LEAGUE_COPPER2,コッパーリーグII
e012c4fafe5ad47b,TID_DECO_RUIN_LARGE_FOREST,大きな森
c73dc23dd7bacf6d,TID_CONFIRM_SUPER_TROOP_PURCHASE_TITLE,ブーストしますか？
bef7990bed22434b,TID_GEAR_VAMPSTACHE,吸血ヒゲ
aff2d13726068b9e,TID_TRAIN_COST,訓練コスト：<number> <resource>
1dbfb666a856e119,TID_CAPBUILD_GUARDPOST_DRAGONS_INFO,スーパードラゴンは縄張り意識が強く、攻撃されれば相手を黒焦げにします。
e1da605c01db215a,TID_TUTORIAL_ELIXIR_STORAGE_1,エリクサーポンプそのものには\n少量のエリクサーしか貯めておけません。
968e36776181579c,TID_ADVANCED_TRAP_INFO_SHORT,ユニットが近付いてくるのを心待ちにする爆弾です。
e725dfa44ab6f4a3,TID_ATTACK_IN_PROGRESS,攻撃中
8aa427e79dd02a6c,TID_CANCEL_BOOST_CONFIRMATION,建物をアップグレードすると\n生産アップが終了してしまいます。\nアップグレードしますか？
b1603839e6a27848,TID_UPCOMING_EVENTS,今後のイベント
91ef7dc68fe2897f,TID_CLANGAMES_TASK_INFO_WIN_STARS_VS_TOWNHALL_6,マルチプレイで、タウンホールレベル6のプレイヤーから星を<num>個獲得する。
2b095d613ac68e94,TID_CLANGAMES_TASK_INFO_USE_SUPER_BARBARIANS,<num2>体のスーパーバーバリアンを使い、マルチプレイで<num>個の星を獲得する。
e843769e847f521d,TID_COSMETICS_SCENERY_FEATURES,背景内容：
85f53b9c77b320be,TID_DIAMOND_BUNDLE_TH12_INFO,• レベル1突破工房\n• <res0>ダークエリクサー\n• <res1>ゴールド\n\n建設時間なし、収容量制限なし！突破工房を設置して、さっそく突破兵器を作りましょう！\n\nこの初回限定<cffec78><value>倍バリューチャンス</c>をお見逃しなく！
f2f8ce6d5e3531c9,TID_BOOSTER_FILL_GOLD2_STORAGE_OFFER_INFO,大工の拠点 ゴールドのルーン<num>個 - 大工の拠点の金庫をいっぱいにします
5bfa138b69274226,TID_LAYOUTS_ALREADY_DEFENSIVE,すでに防衛用に設定されています
748526e314d35dbd,TID_PROMOTE_POPUP_TITLE,昇格しました
99293e9fe53fd20d,TID_LEAGUE_STONE3,ストーンリーグIII
29c3868250bb7943,TID_ACHIEVEMENT_DESTROY_INFERNO_COMPLETED,破壊したインフェルノタワーの総数：<value>
2182cf4bb716e8f3,TID_ACHIEVEMENT_LOOT_CAPITAL_COMPLETED,戦闘で獲得した都ゴールドの合計：<value>
05ec52acf82a7ace,TID_BASIC_TURRET_INFO_SHORT,厄介な地上ユニットを砲弾で撃退します。
164525beff72276a,TID_GIFT_CLAIM_FAILED_NOT_PART_OF_CLAN,クランメンバーではないため、ギフトを受け取れません！
5e94e050acb9fdf0,TID_HINT_XBOW_TARGETS_2,巨大クロスボウは射程を長くして地上ユニットだけを攻撃させることもできます。
612824e55dadc673,TID_ACHIEVEMENT_ACTIVATE_SUPER_TROOP_COMPLETED,スーパーユニットのブースト回数：<value>
4393b9cf3d8cffe3,TID_CLANGAMES_TASK_GET_LEVELKILLS_VS_BATTLEMACHINE,マシンレベルハンター
99c967035a54eef3,TID_BATTLEPASS_TASK_INFO_WIN_BATTLES_USING_GOBLINS,ゴブリンを使い、マルチプレイで<num>回勝利する。
4651dce34b74532f,TID_CHARACTER_SUPER_HOG_RIDER,スーパーホグライダー
79aa1dba810f3f67,TID_NPC_CHALLENGE_LOON_2,いくつかのグループに分けて配置することで、\nトラップや<cf70d16>ウィザードの塔</c>による範囲ダメージを\n最小限に抑えられます。
ddd0cde68227d05d,TID_DIAMOND_BUNDLE_HERO_INFO,ヒーロー
31d1d286872d2504,TID_DIAMOND_BUNDLE_MAGICITEMS_SPELL_BOOK,呪文の本パック
b1f3511e8c8b1403,TID_LEAGUE_LEADERBOARDS,リーグ
01665abfe65c0efc,TID_CHARACTER_FIRECRACKER,ロケット砲士
2fa87d621b62ed22,TID_EP_TROOP_UNLOCKED,<troop>をアンロックしました！
cbdfebf3e81adb12,TID_UPCOMING_DAYS,今後のリーグ日
5f09d6c6d5e33265,TID_HINT_VERSUS_BATTLE4,大工の拠点戦になかなか勝てませんか？リプレイを見て、防衛方法を改善してみましょう！
3f22d7de1a2a6f04,TID_BATTLEPASS_TASK_WIN_STARS_USING_CLONE_INFO,クローンの呪文を使い、マルチプレイで<num>個の星を獲得する。
54f494fe83194e18,TID_PROMOTE_TO_COLEADER_CONFIRMATION_TITLE,任命しますか？
a0444ab8cfe2eecf,TID_CLANGAMES_TASK_INFO_USE_ELECTRODRAGON,<num2>体のライトニングドラゴンを使い、マルチプレイで<num>個の星を獲得する。
17bfa5c9555c152b,TID_CLANGAMES_TASK_INFO_BEAT_ELIXIRTARGET,1度のマルチプレイバトルで、<num2>以上のエリクサーを獲得する。
91b3342f17ec7366,TID_LEAGUE_RUBY1_SHORT,ルビーI
64aab024a78e2e38,TID_LOCAL_NOTIFICATION_EVENT_HAMMERJAM_PACK2,チーフ、特別なアップデートセールが始まりました！
9378065130aa8281,TID_BUTTON_SEND,送信
337dea0fbbd30f34,TID_ALLIANCE_INVITATION_FAILED_AVATAR_ALREADY_HAS_AN_INVITE,そのプレイヤーはすでに招待しています！
33959920ba45f9a2,TID_SPECIAL_OFFER_INFO_EASTER_LIMITED_1999,• 壁リング<booster1>個\n• ダークエリクサーのルーン<booster2>個\n• 大工ポーション<booster3>個\n\n• 収容量制限なし！\n• このパックは10回購入できます！\n\nこの素晴らしいパックで壁をアップグレードし、ダークエリクサータンクを一杯にして、大工もブーストしちゃいましょう！
3117f5298c5cb2e3,TID_STREAM_EVENT_JOINED_AND_LEFT,クランに参加し、脱退しました
f07d9afed4c9c2d4,TID_EVENT_ACHIEVEMENT_BOOSTER_XP_REWARD_CLAIMED,イベントクリア！<booster><number>個と経験値<xp>を獲得しました！
75ab8dae353d97c8,TID_BUTTON_GO,移動
9ad81c7361dd12b6,TID_KUNLUN_APP_STORE_BAIDU,Baidu
c14fa6064262ce65,TID_BATTLEPASS_TASK_INFO_GET_FRIENDLY_BUILDERBATTLESTARS,大工の拠点のフレンドリー・チャレンジで通算<num>個の星を獲得する。
e54ecbb0dbd9fffc,TID_COSMETIC_ESTATE_3X3_WOODEN_CABIN_INFO,四角四面の村人にはうってつけです。\nご近所さんよりも大きい家が欲しい方は、こちらをお求めください。
20815e08603bf7c5,TID_ALLIANCE_RAID_FAILED_NOT_IN_RAID,合戦中ではないため攻撃できません
cb6c008197fab3d9,TID_MINER_INFO,この巧妙なショベル使いたちは、地面にトンネルを掘って壁を潜り抜け、目標のすぐそばに出現します。地下に潜っている間は攻撃を受けず、トラップも作動しませんが、呪文によるボーナスは発生します。
4c5fc5230c620928,TID_WL_COLUMN_LOSSES,敗北
70c0264b37763336,TID_HINT_STAR_BONUS,毎日、他のプレイヤーの村を攻撃して勝利することで星ボーナスをもらえます。
870e4944a8096655,TID_DAILY_TASK_1_DESC,村のマルチプレイで星1個を獲得する。
ec55e4e223227609,TID_POPUP_BOOST_BARRACKS_AND_SPELLS,ユニットの訓練と呪文の生成速度を<time>だけ<multiplier>倍にしますか？
a9dadb96f2429214,TID_WAR_ATTACK_CONFIRM_SIEGE_MACHINE_TEXT,突破兵器： <number>
82cba930479ff7d7,TID_CLANGAMES_TASK_DESTROY_XBOWS,巨大クロスボウを破壊
4043747d063b9abc,TID_HINT_STAR_BONUS_LEAGUE,上位リーグではさらに大きな星ボーナスがもらえます！
a1a988ceb8b0c60a,TID_CHARACTER_ELITE_GOBLIN,スニークゴブリン
ce305fc29684a0f8,TID_POPUP_HEADER_ABOUT_TO_BOOST_VILLAGE,無料ブースト！
c818db1599e6b0cf,TID_STREAM_SHARED_LAYOUT_HOME,タウンホールレベル<num>のレイアウトを共有しました
f4871c537b47e62d,TID_CLANGAMES_TASK_WIN_WARSTARS,戦いこそが正義
f247151beb67a7c6,TID_CHALLENGE_CANCELLED,チャレンジは現在利用できません！
a74d60b5bf392fb7,TID_CLANGAMES_TASK_GET_LEVELKILLS_VS_ROYALCHAMPION,チャンピオンレベルハンター
81873b7db28bc490,TID_TRAP_HALLOWEENBOMB,カボチャ爆弾
9be8d7c218804486,TID_BATTLEPASS_TASK_INFO_USE_CANNONCARTS,移動砲台を使い、大工の拠点戦で<num>個の星を獲得する。
f2fe16aa9adcbcf4,TID_CHARACTER_INFO_VALKYRIE,バルキリーは両手オノの達人です。この偉大なる女戦士は建物から建物へと駆けまわり、つむじ風のごとく敵兵や建物をなぎ払います！
f55211b1a1d93b59,TID_CLAN_TAG_HUNGRY_LEARNER,勉強熱心
41bb03e00c6ddd18,TID_SUPPORT_SEND_CODE,コードを送信
e2864be837485379,TID_NEWS_ACCOUNT_TRANSFER_TEXT,対応するAndroid アプリストアに村を転送すると、データが安全に保たれるだけではなく、公式のプレイヤーサポートやアップデートなどの特典があります！
2986e6dd4f79299f,TID_ME_BONUS_POINTS_TITLE,<soft_currency>
7d6f362783378d3c,TID_PROFILE_LEGEND_BEST,最高記録：<year>年<month>シーズン
074dc9e55d76e79f,TID_ATTACK_WON,勝利
5f8fc3b1082cfa52,TID_ALLIANCE_DONATE_HEADER_TROOPS,ユニットを寄付：
cb7c814f54e34a76,TID_NEWS_ECONOMY_TEXT3,\n• 一部のユニットのコストが減少しました。\n• 一部の呪文のコストが減少しました。\n• 一部のユニットと呪文の訓練や生成にかかるコストが減少しました。
479b172f15777e5a,TID_NO_FRIENDLY_ARMY,先にフレンドリー部隊を作成してください。
7701c9873a6af1de,TID_CHARACTER_INFO_YETI_SHORT,気味の悪い友達を引き連れた毛深い怪物です。
d23069dd1aadb47f,TID_FACEBOOK_BOUND_TO_OTHER_ACCOUNT,このFacebookアカウントはすでに別のセーブデータに関連づけられています。\n関連づけを今プレイ中のセーブデータに変更しますか？
95561f0588bef69b,TID_ALLIANCE_WAR_ENDED_PROMPT,クラン対戦が終了しました
6d8cbd3efb2667e2,TID_BUILDING_MINI_SPELL_FACTORY,闇の呪文工場
6ecb20e5ef5abac8,TID_BOOSTER_MAX_LEVEL_ARMY_ENABLED,部隊をブースト済み
3f1d81c284ee8f90,TID_NPC_CHALLENGE_TH7_DRAGON_DRAGONS3,残りの<c54a0fe>ドラゴン</c>を配置しましょう。
dab476ffa649fc50,TID_DIAMOND_BUNDLE_DARK_RESEARCH_PACK,ダクエリ研究パック
5452578495049cd3,TID_SOUR_ELIXIR,禁断のエリクサー
07d587b538fdbbc2,TID_WARTOOLS_EMPTY_NOTES,タップしてメモを追加
9105e52890eb3f4b,TID_CLANGAMES_TASK_INFO_DESTROY_AIRDEFENSES,マルチプレイで通算<num>個の<building>を破壊する。
cce3b39cb5379e38,TID_LAYOUTS_COPY_EXPLANATION_V2,選択したレイアウトをコピーするスロットを選んでください
7929e58639860b13,TID_NPC6,ゴールドラッシュ
e69576aff653df38,TID_MULTIPLAYER_STAR_BONUS,星ボーナス
968b443e87b35774,TID_ALLIANCE_GAMES_ABANDON_TASK,破棄
a3b46037d553f580,TID_SHADOW_QUEEN,ダーク クイーン
ad5c6683e3f89386,TID_ACHIEVEMENT_ACCOUNT_BOUND_TITLE,村の安全を守りましょう
a1cf96501c1b2afb,TID_FEEDBACK_INFO6,\n
77be85c330cd0e33,TID_NEWS_SPELLS_TITLE,改善された呪文
aa6ab8fbdbcb1036,TID_WL_STATS_WINS,勝利数
8ecfec377eda3e25,TID_NPC60,四方八方
cec2d3b4133d4c71,TID_BUILDING_CLASS_ARMY,軍事関連
5472d72bcc5943a4,TID_TRAP_TORNADO_INFO,風や雨で立ち止まることもありますが... このトラップなら敵の前進を確実に食い止めることができます。1つ設置すれば、放たれた旋風が敵軍を巻き込み、その歩みを妨害します。
793634041dbbf960,TID_STATUE_LNY_2023,マジックショーの像
2cb23f4fca5049f3,TID_POPUP_BOOST_ATTACK,軍事設備をブーストすると、<time>の間、生産量が<multiplier>倍になります。
38d150b08f30b14e,TID_CHALLENGE_NOT_AVAILABLE_IN_MODE_ATTACK,ホームに戻らないと攻撃できません！
6f235a1ce170c044,TID_TENCENT_LOGIN_THIRDPARTY,《第三方信息共享清单》
e25d74eaffd02ba3,TID_ELIXIR_STORAGE_INFO,地下からポンプでくみ上げたエリクサーをためておくタンクです。\nアップグレードすれば、エリクサーの最大収容量を増やせます。
35be3f19f69580ea,TID_HINT_INFERNO_TOWER_TARGETS_2,インフェルノタワーのダメージ率は、ターゲットが変更になる度に最低値に戻ります。
5c0be314c8b1e4f1,TID_BOOSTER_STAR_POTION,大工スターの瓶
151016bda0a68ac7,TID_CONFIRM_DEVICE_LINK_TEXT,今の村を削除して、次の村に変更しますか？：
6267c45a59c15d87,TID_DISTRICT_LOCKED,ロック
433a070d03accb5d,TID_SETTINGS_HIGH_FRAME_RATE_TITLE,高フレームレート
c2dffa65cfede902,TID_LINK_DEVICES_ENTER_CODE_TEXT,（関連づけコードを入手するには、古いデバイスで関連づけ画面に移動し、\qこれは\n古いデバイスです\q ボタンをタップします。）
992a0a2892513faf,TID_GIFT_DIAMOND_PACK_3,エメラルドの大袋とギフト
798c5052afa9900e,TID_TRAP_MINE,爆弾
1c60a2809f107a95,TID_MINER_QUEEN,ディガー クイーン
c1a64b670dfc42c6,TID_ERROR_POP_UP_PURCHASE_FAILED,課金処理サーバーが応答していません。後ほどお試しください
dd19e10fbc015ca7,TID_ALLIANCE_WAR_EVENT_TOWN_HALL_DESTROYED,タウンホール大破！
9a125587f1f1657b,TID_BATTLEPASS_TASK_DEPLOY_SUPER_TROOPS,スーパーチャージ！
81e082b680b1a85e,TID_UPGRADE_SHIPYARD_TO_SAIL,船を修復して、新天地を目指しましょう！
d4d481a229bb8391,TID_LAST_ONLINE_WITHIN_24H,最近プレイ
86ffca1ed620b28e,TID_LEAGUE_MASTER3_SHORT,マスターIII
5185e59c4f3c9eac,TID_BOOSTER_MAX_LEVEL_ARMY_MAXED_UP_LAB,部隊をブーストできません。先にタウンホールをアップグレードしてください！
b948725dd044ba71,TID_LEAGUE_TITANIUM3_SHORT,チタンIII
19ec2d604f1beac4,TID_BOOST_DAMAGE_PERCENTAGE,ダメージ上昇：<number>％
b0868afac3b8f45b,TID_TAB_EVENTS,イベント
e29d2b2cbdb66a49,TID_TOO_MANY_ALLIANCE_CHAT_REPORTS_SENT,次のレポートを送る前に、少し時間をあけてください
5b5687de5f55b1da,TID_ITEM_LOCKED,<item>（ロック中）
7cc2f20a6afb79b6,TID_BUILDING_TESLA_TOWER,かくしテスラ
96bff7639e899882,TID_CHARACTER_INFO_HEALER,神々しいヒーラーは味方のユニットを守り、助けることを生きがいにしています。\nどんな軍隊でもヒーラーがいれば心強いですが、対空砲からはしっかり守りましょう！
54f65d5e0cc6013e,TID_ERROR_POP_UP_PERSONAL_BREAK,シールドなしでの連続プレイ時間が長くなってきましたので、村人たちを少し休ませてあげましょう。
13e2d3d5a8c52ad0,TID_CLANGAMES_TASK_WIN_STARS_VS_TITANLEAGUE,打倒タイタン
1d323ef3c7330a87,TID_LEAGUE_GOLD3_SHORT,ゴールドIII
94ff01d9f06a7531,TID_BP_SEASON_BANK_MAX_CAP,MAX容量：<value>
d2a5256997d2fcde,TID_VILLAGE_UNDER_ATTACK,村が攻撃を受けています！
f3066c8b6880f7dc,TID_BP_NO_BONUS_POINTS_TEXT,今シーズンもゴールドパスを購入して、追加チャレンジポイントを獲得しましょう。
a7df96729edcceb4,TID_ACHIEVEMENT_SPELL_DONATION_COMPLETED,寄付した呪文の総容量：<value>
472bcfc959f46363,TID_DECO_RUIN_OLD_TOMBS,廃れた墓石
c0b16e56923ed101,TID_CHARACTER_INFO_BIG_BOY,牛乳を樽ごと飲み干すビッグボーイは、まぎれもなく過去最大のスケルトンでしょう。でも恐ろしい見た目とは裏腹に... ママが大好きな甘えん坊だったりします。
8095f29da1a535fc,TID_ACHIEVEMENT_NPC_STARS,シングルプレイのマップで星を<number>個獲得する。
5eba3551f4600048,TID_TUTORIAL_CAPITAL_UPGRADE_3,都ゴールドが必要な分だけ集まれば、アップグレードが完了するぞ。
b235a6802b869829,TID_NAME_CHANGE_PREVENTED,<time>の間名前を変更することができません
c60f2c2b98b2235a,TID_ANNIVERSARY_KING,グルーヴ キング
5e666d5e089c7fb7,TID_NEWS_BIRTHDAY_TITLE,ハッピーバースデー！
5762220941554652,TID_BATTLEPASS_TASK_WIN_BATTLES_USING_BATTLE_DRILL,ドリンドル
c6aa0746618c2d2e,TID_CAPBUILD_SPELLLAB_RAGE,レイジの呪文工場
5117e4c1f63a36c0,TID_TRAP_HALLOWEEN_SKEL,スケルトントラップ
14a616305c169be7,TID_SCID_PURCHASE_DELIVERED_TITLE,アイテム到着のお知らせ
7669348b7fb9cc02,TID_REENGAGEMENT_LOOTCART_2,さっそく回収して、アップグレードに\n取りかかりましょう！
f6e893c3d8f8ba5c,TID_SUPER_MINION_ABILITY_NAME,ロングショット
54b485e9f514cfe1,TID_RESOURCE_CAP_FULL_DARK_ELIXIR,ダークエリクサータンクをもっと建てるか、\n今あるものをアップグレードしましょう！
34a0940b7d3f3d9d,TID_WL_BONUS_CONFIRM_TEXT,選択したメンバーにボーナスを支給しますか？
c4eb12607a1265d0,TID_6ANNIVERSARY_OFFER_MAGICITEMS_BOOK_AND_GOLD_INFO_999,• <res0>ゴールド\n• 建物の本<booster1>冊 - 実行中の建物アップグレードを瞬時に完了します\n\n• 収容量制限なし！\n• このパックの購入は20回限りです！\n\n期間限定の記念パックを、どうぞお見逃しなく！
5721987062210c9a,TID_CHARACTER_INFO_SIEGE_MACHINE_RAM_SHORT,タウンホールへの道を切り開きます。
0852e222d90ec381,TID_FRIEND_LIST_TEAMUP_2,フレンドリクエストはここに表示されます
8a97ea594c6bec8e,TID_BOOSTER_PET_POTION_ALT_2_LINE,ペットポーション
6f392ec282d4b841,TID_DIAMOND_BUNDLE_HERO_PACK,ヒーローパック
a7d882be0167d4f6,TID_TENCENT_LOGIN_CHILDREN,Tencent Game 子どものプライバシー保護ガイドライン
d0cf59405d1aa9f3,TID_PERSONAL_BREAK_ATTACK_DISABLED,休憩時間が終了するまで攻撃できません。
e8973fe658395a5f,TID_LEAGUE_WOOD2,ウッドリーグII
62188c8998f32345,TID_UPGRADE_WINDOW_NOTE,注意！
387650cdea512794,TID_HOUSING_TROOPS_INSIDE,全ユニット：
023991c8b7f1af6c,TID_BATTLEPASS_TASK_INFO_WIN_BATTLES_USING_HEALERS,ヒーラーを使い、マルチプレイで<num>回勝利する。
9cdc0aa4862073cd,TID_STARTER_TH2_INFO_BUILDCANNON,ショップで大砲をもう一つ手に入れる
c5f939a2f729fee7,TID_SHOVEL_OBSTACLE_CONFIRM_TITLE,障害物の可動化
a73fe6583b37cfaf,TID_LEAGUE_WOOD1,ウッドリーグI
13540bcae6cf471f,TID_BATTLEPASS_TASK_WIN_STARS_USING_RAGE_INFO,レイジの呪文を使い、マルチプレイで<num>個の星を獲得する。
7d53d47b794508a7,TID_CLANGAMES_TASK_DESTROY_BOMBTOWERS,ボムタワーを破壊
923953502da702f8,TID_REGULAR_THEMED_BATTLE_OFFER_INFO_TH0712_9999,• <res0>ダークエリクサー\n•<res1>ゴールド\n•<res2>エリクサー\n• 戦いの本<booster1>冊 - 進行中のユニットアップグレードを瞬時に完了します\n\n• 収容量制限なし！\n• このパックの購入は表示の期間内に1回限りです\n• この特別セールでクランを壮大な戦いへといざないましょう！
25e24298bdadc0c1,TID_PET_DESCRIPTION,最強のヒーローには最強の相棒を！
cadaf7b2fb39b612,TID_VILLAGE_OBJECT_ROWBOAT_INFO,マスター大工はあなたの村を訪れて、建物に特別な能力を加えることができます！村の防衛設備に追加された改造オプションを見てみましょう！
2c930a2aae285970,TID_CHARACTER_INFO_ICEGOLEM,クールな性格と絶対零度のギャグセンスの持ち主です。彼が触れたものはすべて凍てつき、撃破された時とパーティー会場で場を盛り上げようとした時は、周囲の空気を凍り付かせます。防衛設備に対してはフリーズの効果が小さく、その効果時間も短くなります。
a30b696a7f2240ea,TID_HAMMERJAM_OFFER2_MAGICITEMS_WALLRING_AND_ALLRUNES_INFO_9999,• 壁リング<booster1>個\n• エリクサーのルーン<booster2>個\n• ゴールドのルーン<booster3>個\n• ダークエリクサーのルーン<booster4>個\n\n• 収容量制限なし！\n• このパックは2回購入できます！\n\nこの素晴らしいアップデートパックでアップグレードを進めましょう！
c1c5a1a76604987f,TID_OFFER_ITEM_GIFTS_FOR_EACH,各<num>エメラルド
0a4bd20175a37b86,TID_UPGRADE_TH_LOCKED_INFO,次のビルダーホールレベルをアンロックするには、以下の施設を建設する必要があります！
5d11477f2a46da63,TID_CHARACTER_INFO_GHOST,誰にも気付いてもらえないことに憤るロイヤルゴーストは、その承認欲求が満たされるまですべてをブチ壊そうと決意しています。あまりにも影が薄いので、壁でさえ彼を止めることはできません！
79ea8e8dbfc458a5,TID_WAR_RESULTS_INFO_FRIENDLYWAR_ADDITION,クラン対戦が終了すると、宝庫にボーナス戦利品が届きます。また、対戦に勝ったクランにはクランXPの大ボーナスもあります。クラン対戦の終了後は、一定期間だけ対戦結果やリプレイを見ることができます。さらにクラン対戦ログで過去の戦歴を確認することもできます！\n\n注意：フレンド対戦では、戦利品やクランXPは手に入りません。
d062a10588d29df3,TID_SUPER_WIZARD_ABILITY_NAME,連鎖マジック
fa2a5cdd86dda63f,TID_NEWS_BOMB_TOWER_UPDATE_TEXT,• 射程の短い小型爆弾を投げて、地上のユニットを爆撃します！\n• ボムタワーは破壊されると大爆発を起こし、近くにいる近接ユニットにダメージを与えます！\n• ボムタワーはタウンホールレベル8から利用可能です
3c99f4484d9d56df,TID_CLANGAMES_TASK_INFO_DESTROY_BB_LAVALAUNCHER,大工の拠点戦で通算<num>個の<building>を破壊する。
6e448f7be6988c2f,TID_YOU_HAVE_BEEN_ATTACKED,村が敵に攻撃されました！
c7a70e9a68caff3e,TID_OFFER_TITLE_GENERIC,特別セール
6fce155edbdde0bc,TID_CAPBUILD_SPELLLAB_HEAL_INFO,ヒールの呪文が詰まった大きな樽を生産します。\nその花のような香りをかぐと、頭痛もスッキリ治まります！
83b11db73597f860,TID_RUINS_SPELL_FACTORY,呪文工場の廃墟
9160f1110399a919,TID_LOGIN_TO_SCID_BUTTON,Supercell IDにログイン
41c36e6f7cea2df5,TID_EVENT_PASS_PURCHASE_INFO,イベントパスを購入してさらなる報酬にアクセスしましょう
204aac7f1de1cab0,TID_RAID_INFO_TAB_OVERVIEW,週末合戦は、周りに実力を証明するにはうってつけの舞台です。クランは他のクランの都と次々と対戦し、勝利するほど大きな報酬を得ることができます。一方で、敵のクランもあなたの都を攻撃してくるので、戦況を見ながら地区のレイアウトを調整し、弱点を補強しましょう。\n\n攻撃できる回数は各メンバー同じですが、初めて星3つを達成して地区を破壊した際は、ボーナス攻撃が与えられます。攻撃回数を増やす方法は他にはないので、賢く使いましょう。
db8dc1a0d5b8a335,TID_BP_ACTIVATE_SCID_CONFIRM,あなたのSupercell IDではゴールドパスを<num>回分利用できます。1回分を消費して今シーズンのゴールドパスを手に入れますか？
48132fd22271559b,TID_DEMOTE_POPUP_TITLE,降格しました
8b27675b7c04ebdb,TID_EDIT_MODE_SAVE_FIRST,最初に村の編集を終わらせる必要があります
329b4288b3bd78da,TID_FREE_CRAFTING_FINISHES_IN,もうすぐ利用可能...
4b4779da9fa325f3,TID_INFO_TAGS_SEARCH,あなたにピッタリのクランを見つけるため、最大<max>個までラベルを選べます。
44b0fbadf97a4b51,TID_NOT_ENOUGH_WORKERS_TEXT_GEAR_UP,今すぐ改造を完成させて、\nマスター大工をこちらにまわしますか？
6b3b2543835a2873,TID_ACHIEVEMENT_DESTROY_XBOW_TITLE,巨大クロスボウ・エクスターミネーター
49977cfde84b669e,TID_NEWS_ROYALE_INFO,「クラッシュ・ロワイヤル」は、クラクラの世界を舞台にしたリアルタイム対戦型の新感覚カードゲームです！ぜひ、早速プレイしてみてください。
11f2201185f15b0a,TID_DECO_RUINED_PILLAR_INFO,長年の風雨に削られながらも立ち続けています。
fe537ed93b25e18e,TID_CHAT_RULES_MUTE,チャットで攻撃的なプレイヤーをミュートできます。
eeb457bf7e7e8116,TID_LEGENDS_DEFENCE_LAYOUT_TEXT,次のリーグ日の防衛に備えて、\n村のレイアウトを設定しましょう。
eb60ba6736f45d6f,TID_BUTTON_HERO_SLEEP,休む
0ee5f26e0011116c,TID_NEWS_SAFEGUARD_TITLE,村を失わないために！
8b68b4afea16d360,TID_APPLICATION_SIGNATURE_ERROR,これは、非公認バージョンのクラッシュ・オブ・クランのため、プレイヤー様のアカウントやデバイスが危険にさらされる可能性があります。プレイを続けるには、公式の提供元からゲームをインストールしたうえで、Supercell IDを使ってアカウントを移行してください。
47a0b3225a0f9a3e,TID_SUPER_DRAGON_INFO,熱すぎる情熱というのは時に脅威と化します。内なる炎が身体の外にまでほとばしるスーパードラゴンは、周囲一帯をいとも簡単に焼き尽くします！
7084fda288530168,TID_OPEN_CHALLENGE,チャレンジ開始
a984b1b07d7539d2,TID_ALLIANCE_GAMES_TASK_TAB,チャレンジ
60cec82817393154,TID_REENGAGEMENT_CHALLENGES_FINISHED_1,さすがです！冒険を続ける準備は万端ですね！
4b55ff66903d614a,TID_CLANGAMES_TASK_DESTROY_BB_ELIXIRPUMP,エリクサーポンプ叩き
6edde58f0147c2c2,TID_HOME,ホーム
b7bc8b2a0d538bdd,TID_STARTER_TH3_LOOTELIXIR,エリクサーどろぼう
5470aff9e8c7eb69,TID_ALLIANCE_WAR_REPLAY_PERSONAL_ATTACK_1,リプレイ1
1c84180cf6ce77ca,TID_BP_CONFIRM_TIER_UNLOCK,<num>ポイントを購入して、次の報酬グレードに進みますか？
29f610727814fa10,TID_NPC59,夜更かし
7ffd4ab826b64103,TID_NPC_CHALLENGE_BOWIGI_CLEANUP,残りのユニットを配置して、仕上げにかかりましょう。
0d00d981926a8b9a,TID_CLAN_GAMES_BONUS_REWARD_AVAILABLE,<num>ポイントを獲得すると、ゲーム終了時に\n追加報酬を選ぶことができます！
d3102304e77799ae,TID_BUTTON_WATCH,見る
d07e3b21dc49a013,TID_DECORATION_LEAGUE_I_STATUE_INFO,戦場でその力を発揮したが、まだまだ努力の余地がある者に与えられる像。
0dd094a044e375aa,TID_LEGENDS_GUARD_NOT_ENABLED,レジェンドリーグでは\n利用できません
376c6a3cb7bfa21c,TID_CLANGAMES_TASK_INFO_USE_MINERS,<num2>体のディガー使い、マルチプレイで<num>個の星を獲得する。
5dfec708f994c416,TID_FRIENDLY_CHALLENGE_SET_CASTLE_TROOPS_TEXT,フレンドリー・チャレンジで、これらのクランの城のユニットを使いますか？
449403b24176bfe7,TID_DECORATION_ANCIENT_BARBARIAN_STATUE,古代バーバリアンの像
76e226f06639dc45,TID_ACCEPT_FRIEND_ERROR_GENERIC,フレンドを追加できません。あとでまたお試しください。
142150219a7c9fc1,TID_BOOSTER_MOVE_OBSTACLE,障害物のシャベル
8f8f2ce7e56bd592,TID_LINK_CANCELLED_TITLE,リンクがキャンセルされました
715bc2b5d21a1dfe,TID_SIEGE_MACHINES_BATTLE_TEXT,突破兵器は、それぞれ独自の方法で敵の村に破壊をもたらします。突破兵器は複数作れるので、バトル開始時に使いたいものを選択しましょう。突破兵器を使いたくない場合は、ユニットのラインナップでクランの城のバナーに切り替えれば、クランの城にいる寄付ユニットをこれまで通りの方法で投入できます。あらかじめ、クランの城のユニットをクランメンバーにリクエストするのをお忘れなく！クランの城にユニットがいないと、突破兵器も空っぽで出撃することになってしまいます。なお、突破兵器の選択に正解はありません。最終的に、どの突破兵器をクランの城のユニットと組み合わせるかは、あなた次第です！
837aa1cf6bf23053,TID_DISTRICT_LEVEL_COMBO,<name>\nレベル<num>
2aa11721c1b3b6d6,TID_DIAMOND_BUNDLE_MAGICITEMS_SPELL_LEVEL_PACK_INFO,• <gems>エメラルド\n• <res0>エリクサー\n• 呪文の本<booster1>冊\n• 収容量制限なし！\n\n呪文のアップグレードに必要なものが全部入っています！\n\nこのチャンスをお見逃しなく！
17655ffe0809e7ba,TID_WL_WARLESS_DAY,戦闘なし
496efae3b5e31828,TID_OFFER_SEASON_CHALLENGES_TEXT_2,魔法アイテムと特典！
6917478073651ee6,TID_GEAR_FROZEN_ARROW,フローズンアロー
56c73885d16ef0c8,TID_SETTINGS_2_ROW_DEPLOYMENT_BAR,2行に拡張する
04860871bd470b42,TID_TITLE_HERO_GEAR,ヒーローの装備
9ad1311b2a3601ac,TID_LOCAL_NOTIFICATION_YOUR_SPELLS_ARE_READY,呪文を戦闘で使用できます！
fb873cb20762e35e,TID_STARTER_WINGOLD_INFO,1度のマルチプレイバトルで、<num2>以上のゴールドを獲得する。
14403499142a9736,TID_ACHIEVEMENT_WAR_LOOT,宝庫から<number>ゴールドを集める。
5d8d80709ee87181,TID_MAINTENANCE_COMING_SOON_TITLE,メンテナンスのお知らせ
ee35b43331857ef3,TID_CHARACTER_INFO_FLYING_GOBLIN,村に大損害をもたらす、空飛ぶ驚異です。それが敵の村であることを祈りましょう...
5b9bbad9327a8038,TID_SUPER_HOG_RIDER_ABILITY,分割統治法
5cc3d6896ca3be73,TID_ERROR_POP_UP_BANNED_BUTTON_CONTACT_PS,サポートに連絡する
9b5af43fc3baac25,TID_ALLIANCE_GAMES_ALLIANCE_MISMATCH,クランゲームのプレイを続けるには、今すぐ<alliance>に再加入するか次のクランゲーム開始までお待ちください。
a5391a12ae625039,TID_DIAMOND_BUNDLE_TH6_REVISED_INFO,• 建物の本<booster1>冊\n• <res0>ゴールド\n• <res1>エリクサー\n\n収容量制限なし！\n\nこの<cffec78><value>倍バリュー</c>のパックは、1度限りの特別提供となります！
3921f619c065bf92,TID_PET_DIGGY_INFO,普段は地下に隠れて物静かに暮らしているディギーですが、戦闘になると地表に飛び出し、施設を攻撃しながらヒーローをサポートします。飼い主が倒されると他のヒーローの援護に回ります。
3efdd6a407efd15c,TID_CHARACTER_INFO_SIEGE_MACHINE_INVISIBLE_FLYING,
f265d7300e432522,TID_OBSTACLE_HALLOWEEN2014,ハロウィンの墓石
e9ab8ff84112d0fb,TID_UPGRADE_HOME_TH_NOT_RECOMMENDED_INFO,タウンホールをアップグレードすると敵のレベルも上がるため、今のままでは苦戦するかもしれません。アップグレードの前に、攻撃力を上げることも検討しましょう。
7664cbdf22707876,TID_ARMY_FULL,ユニットが一杯です
662d2a1923b06335,TID_GEAR_RESOURCE_EPIC_INFO,装備のアップグレードに使用できます。クラン対戦か特別イベントで入手可能です。
5cd32cc3d41474a1,TID_CHARACTER_CHANGE_MODE_ACTIVE,モードチェンジ
b12c5270e01ea733,TID_POPUP_UNDER_ATTACK_LIVE_REPLAY,村が攻撃を受けています！
fa9ba61f4f3960e9,TID_WAR_STATS_TITLE,クラン対戦データ
7e4c85962791153a,TID_XBOW_LOADING_COST,補充コスト：<resource> <number>
74421a34b89aa49e,TID_MEMBERS_SORTED_BY_ACTIVE,最終ログイン
72f0f89b83d2bced,TID_PTE_PERK_NEEDS_PREMIUM,イベントパスでアンロック
8ffc43621039d5e6,TID_CAPBUILD_SPELLLAB_JUMP,ジャンプの呪文工場
80624dcb2cd2e24c,TID_BUTTON_BOOST,ブースト
a282efac21b6b2b1,TID_BUILDER_BASE_TROPHIES,大工の拠点トロフィー
90337f78a5ecd4a2,TID_WAITING_FOR_COOLDOWN,使用可能まで：
2aa0c9a9c262a3e3,TID_TRAP_HALLOWEEN_SKEL_INFO,短命ながらも隠れ身に長けたスケルトン部隊が、のこのこやってきた敵に奇襲をかけ、かく乱します！地上または空中のユニットを標的に指定できます。
7d50ce647ac5fc02,TID_BP_TIER_NUMBER,グレード<num>
1885dd29730341ca,TID_WAR_PERSONAL_SETTING_TAKE_ME,希望する
7fff3200e5aaccdf,TID_BATTLE_LOG_ITEM,<time>前に<name>に攻撃されました。
b92930688c6eb8aa,TID_CAPBUILD_BARRACKS_DRAGON_INFO,今さらですが、ドラゴンのすみかに木材を使ったのはマズかったのではないでしょうか。まだ火事になっていないのが不思議なくらいです。
e0cdb533ae840245,TID_TENCENT_DOLPHIN_DOWNLOADING_71,更新下载配置文件
b1d8951b9ddbeded,TID_SECOND_STAGE_FEATURE_DESCRIPTION_SHORT,海を越えた後はトンネルを抜け、建設と戦闘に励みましょう！
e89dd345dab4c2ac,TID_CLAN_GAMES_EXPIRED_TASK,選ぶ
5ad34635a3871f84,TID_CHARACTER_INFO_SIEGE_MACHINE_CATAPULT,フレイムシューターは、可愛らしいファイアスピリット数体を猛烈な勢いで発射して、戦場を火の海に変えます。長射程なので比較的安全な距離から攻撃できますが、射程の長い防衛設備やトラップには注意が必要です！なお、呪文の影響は受けません。
124e49651e80579c,TID_DIAMOND_BUNDLE_MAGICITEMS_TROOP_LEVEL_PACK,ユニットアップグレードパック
8f31c3dcd2331de5,TID_NPC53,森の迷路
930f9467dda81bf8,TID_ACHIEVEMENT_DRAGON_SLAYER,シングルプレイのマップでジャイアントドラゴンを倒す。
011bfa9f8c37335e,TID_ERROR_POP_UP_LOGIN_FAILED_BUTTON,もう一度試す
b6bdee837e575351,TID_BATTLEPASS_TASK_INFO_WIN_BATTLES_USING_MINERS,ディガーを使い、マルチプレイで<num>回勝利する。
a00f70cc888d3e9b,TID_ATTACK_LOST,敗北
46afef98ec7b928a,TID_LEGENDS_DEFENCE_CC_TEXT,次のリーグ日の防衛に備えて、\nクランの城のユニットを設定しましょう。
b282ee86d6ab33ae,TID_DIAMOND_BUNDLE_TH7,タウンホール７パック
e98cee188c1d1332,TID_SUPER_TROOP_MATCHES_LEVEL,<super>のレベルは<original>のレベルと同じになります。
b1189c83272cf45c,TID_CHAT_INFO,問題のある言動を報告するには、\n対象となるメッセージをタップして\n「報告する」を選択してください。
a9bc6968199a7df4,TID_CAPITAL_LOCKED_JOIN_CLAN,クランの都に行くにはクランに所属している必要があります
ff9faef08c0d3f5a,TID_LEADERBOARDBANNER_TIMELEFT,終了まで：
cf3a298fe084ad4a,TID_LEAGUES_II,II
65f47a113ea370a2,TID_BB_ATTACK_ELIXIR_STORAGE_ALMOST_FULL_TEXT,大工の拠点エリクサーの保管容量がもうすぐいっぱいになります。攻撃を開始しますか？
97594352daf5635f,TID_CHALLENGE_BUTTON,チャレンジ
d341a015c96e494e,TID_DEFENCE_PERCENTAGE,防御：
70881e7bfb097631,TID_TUTORIAL_PETS_2,ペットは、戦場でヒーローを支える\n強力な相棒です。
b314b18634e111d7,TID_NPC_CHALLENGE_TH12_YETI_HEALERS,<c54a0fe>ヒーラー</c>を投入して、<c9916c8>グランドウォーデン</c>を援護しましょう。
4273ccb4622ee7fd,TID_CLANGAMES_TASK_INFO_USE_PEKKAS,<num2>体のP.E.K.K.Aを使い、マルチプレイで<num>個の星を獲得する。
0ceb82036354721a,TID_NPC_CHALLENGE_TH11_LAVALOON_HASTE1,<cf07bf8>ヘイストの呪文</c>を使って、マイペースなエアバルーンを加速しましょう！複数の指で操作してみてください。
0f52e981d57f45b3,TID_TRADER_CONFIRM_TITLE,購入しますか？
6f699e68083e40e4,TID_LAYOUTS_LAST_USED,前回使用
0bb024ce3099f177,TID_POPUP_NOT_ENOUGH_DIAMONDS_BUTTON,ショップを開く
3c295032d41bc1a9,TID_MAP_LOCATION_13,コロッサスの峠
a94fb011c9c34ff7,TID_EVENT_TITLE_REGULAR_THEMED_PREPARE_TH0212,鍛冶場のフルパワー
fd54a70b38838760,TID_LEAGUE_HERO1,タイタンリーグI
20a80399197cdb3d,TID_CAPBUILD_BARRACKS_SUPER_MINER,スーパーディガーの兵舎
dfcaed45a8095763,TID_SKIN_THEME_WORLDS,<year>年 世界選手権スキン
97be35461396771f,TID_SCENERY_JUNGLE,ジャングル
019cb3cb82a16c5a,TID_CLANGAMES_TASK_INFO_DESTROY_DARKELIXIRPUMPS,マルチプレイで通算<num>個の<building>を破壊する。
30b3a067e7ec45c4,TID_BUTTON_CLAN_MAIL_NEXT,次のメールまで
93bd17328750fd5e,TID_ACHIEVEMENT_LOOT_ELIXIR_COMPLETED,戦闘で獲得したエリクサーの総数：<value>
4b0355b5aa44b1fc,TID_RAID_WEEKEND_REWARDED,報酬を獲得しました
1f47c23f51720809,TID_HINT_TRAP_UPGRADING,招かれざるお客さんを寄せ付けないよう、トラップをアップグレードしましょう
aa9f753f87b977f8,TID_WL_BONUSES_BEING_SENT,ボーナスを支給しました！
4b6a25f4b5ff66b3,TID_LEGEND_SEASON_INFO_PRESTIGE_MORE,レジェンドトロフィーは、究極の栄光の象徴です。永久に失われることはなく、新たな獲得分は既存のレジェンドトロフィーに追加されます。
5551893080b6981b,TID_WL_STARS_BREAKDOWN_TEXT,攻撃から：<num>\n対戦の勝利から：<num2>
c51b60f8d390b422,TID_POPUP_GOBLIN_BUILDER_HEADER,僕にお任せください！
828eb19c0cea2f77,TID_CLANS_VS,対
ad6b558701d86048,TID_YOU_HAVE_ALREADY_CLAIMED_THE_GIFT,このギフトは受け取り済みです
7a58c637c19fe9dc,TID_ALLIANCE_WAR_IN_WAR,クラン対戦が始まりました！
32d61da47f332e64,TID_NPC19,フィコヴァ
b3e0a6c08bebe800,TID_DIAMOND_BUNDLE_MAGICITEMS_BUILDING_BOOK_WITH_BUILDER_POTION_AND_GOLD_INFO,• <res0>ゴールド\n• 建物の本<booster1>冊\n• 大工ポーション<booster2>個\n• 収容量制限なし！\n\nタウンホールや防衛設備のアップグレードに必要なものが全部入っています！
b7b9b82d67de38d6,TID_MAP_LOCATION_12,ゴールドオークス亭
12d51846ef5d55a4,TID_WELCOME_BACK_TITLE,チーフ、おかえりなさい！
f0a5af75adc38d2e,TID_TUTORIAL_CLASHOWEEN_EVENT_E1,集めた禁断のエリクサーはここに貯蓄されます。
c5c86b1381c775e8,TID_WAR_CANNOT_EXCLUDE_MAX_REACHED,これ以上メンバーをクラン対戦から外すことはできません！
95c2bb39a6ab0f5a,TID_ACHIEVEMENT_WAR_LOOT_TITLE,財務大臣
249e2325ab3e14f5,TID_WAR_STREAM_ENTRY_TIME,あと<time>
f4104309fe948733,TID_SUPER_DRAGON_ABILITY_HELP,近くの標的に連鎖する継続的なダメージを与える
127b3c373cb421cc,TID_NATIVE_DIALOG_TENCENT_ACCOUNT_CONFLICT_NO_BUTTON,いいえ、元のアカウントを使用します。
38a6deeb153b00b4,TID_BATTLEPASS_TASK_WIN_STARS_USING_JUMP,乗り越えて
8b6f7f966692794c,TID_USE_SPELL_EVENT_ACHIEVEMENT_DESC_PLURAL,マルチプレイ戦闘で勝利しましょう！\n<cffec78>• <unit>の呪文を<usecount>回使う必要があります</c>
c173a3f0df586480,TID_GHOST,ロイヤルゴースト
ec9b07a37928048e,TID_BUTTON_CREATE_PRESET,作成
097d54f7a3a6ffe3,TID_ERROR_POP_UP_SERVER_MAINTENANCE_ESTIMATED_SOON,申し訳ございませんが、ゲームのサーバーはメンテナンス中です。数分後に終了予定ですので、再度お試しください。
0506a08e3d7cdc41,TID_NPC43,飛び跳ね上等
4c94c1b5a5a1b4d7,TID_HALLOWEEN_TOKENS_LEFT,残りの禁断のメダル：<num>
bfea75883e0a5b2f,TID_DARK_ELIXIR_STORAGE_INFO,ダークエリクサーは魔力が強すぎて、\n普通の形をしたエリクサータンクでは保管できません。\n魔力がエリクサーの3倍ほどあるので、\n正方形型のタンクを発明してやっとうまくいきました！
fe5ac496edf67bcf,TID_NO_RAIDS_MADE_YET,また攻撃が行われていません。
86182a554e33c57e,TID_OVERQUEUE_HELPER_SIEGE_MACHINE,これらの突破兵器は、空きスペースがあれば参加します！
a02f0101a9980828,TID_HINT_TRAPS_TARGET,トラップは攻撃側のユニットが近づくまで相手側には見えません。
db60e0cec6434fab,TID_CAPBUILD_SPELL_STORAGE,呪文貯蓄所
bd45ec1f7d79cf97,TID_NPC_CHALLENGE_TH12_YETI_CLEANUP,残りの<c54a0fe>ウィザード</c>、<cf07bf8>ヘイストの呪文</c>や<c38eaff>フリーズの呪文</c>を使って、最後の仕上げをしましょう。
85ac013c713b6bd1,TID_PROMOTE_TO_LEADER_CONFIRMATION,<name>を新しいリーダーに任命しますか？
aea219ec2456b7a2,TID_SLOW_SPEED_AND_ATTACK,移動/攻撃 速度低下：<number>％
eb4880ef7cf2cc56,TID_ACTIVE_ABILITY,アクティブ能力
d442e6cf5d302907,TID_BATTLEPASS_TASK_WIN_STARS_USING_SKELETON,スケルトンチーム
124d7a4b9949ffa4,TID_CLAN_GAMES_ALREADY_DOING_A_CHALLENGE,すでに取り組んでいるチャレンジがあります。
fed78f6b05b546dd,TID_TUTORIAL_DEFEND_1,ぐへへへ！やっちまえー！
84e4652c8e644cd3,TID_TOWN_HALL_13_INFO_SHORT,氷とギガインフェルノの共演。
d856635998dd1a09,TID_DECORATION_TORCH,たいまつ
448bb1878f635495,TID_HINT_WARMACHINE2,バトルマシンの電撃ハンマー能力は、使用後にチャージが完了すれば、再使用できます！
03ca17b733ed5fce,TID_CHALLENGE_SWITCH_LAYOUT,現在のレイアウト
5d5bd186e0697510,TID_NPC_CHALLENGE_BOWIGI_QUEENABILITY,困った時は、<c9916c8>アーチャークイーン</c>の特殊能力を発動させましょう！
5c9f21f714087e95,TID_RIVER_CAVE,川の洞窟
c09bd8b3a3ddec27,TID_ARCHER_TOWER_INFO,アーチャータワーは大砲よりも射程が長く、\n大砲と違って空を飛ぶ敵にも攻撃できます。
358bc8fe65b914f0,TID_BUILDERHALL_LEVEL,ビルダーホール<level>
9d05465791e5ac11,TID_AVATAR_MESSAGE_BUTTON_MORE_INFO,詳しく
b4bfa8dadac3adcd,TID_PREVIOUS_ARMY_INFO,攻撃を行ってから、前の部隊を訓練しましょう！
0e2a0af1656844e6,TID_KUNLUN_APP_STORE_WANDOUJIA,Wandoujia
46e79475c8906875,TID_REQUEST_NOT_AVAILABLE_IN_MODE,援軍を呼ぶには一旦ホームに戻ってください！
a1b1d791ef2c9a22,TID_HERO_SLEEPING,休眠中
c23ced5faa47b760,TID_FAMILY_FRIENDLY_DISABLE_POPUP,年齢制限なしのクランでは、プレイヤーを守るため、チャットが厳しくフィルタリングされます。この設定を変更すると、一部のメンバーがクランから除外される可能性もありますので、ご注意ください。なお、後から設定を戻すことはできません。
6c5cb556ddeb5bec,TID_ANTIADDICTION_ADULTHOOD_NOT_FULFILLED_1,プレイヤー様は未成年であるため、ゲーム依存防止システムによるプレイ制限がかかっております。午後10時から翌日の午前8時まではゲームにログインできません。
ebdee6b960893880,TID_LEAGUE_RUBY3,ルビーリーグIII
434b515970ef8c10,TID_CAPBUILD_SUPERWIZARDTOWER,スーパーウィザードの塔
32c448ae5eb34d27,TID_CLANGAMES_TASK_WIN_STARS_WITHOUT_SPELLS,魔法禁止ゾーン
c007a11f77a22df7,TID_STARTER_TH3_BUILDMORTAR,長射程の脅威
5ee24941befb3a47,TID_BARBARIAN,バーバリアン
f116d211f5770d0a,TID_HERO_INSTRUCTIONS_WARDEN,グランドウォーデンは、ライフオーラで後方から味方のユニットを強化する、歩く防衛設備のような存在です。攻撃時には壁を乗り越ることも高く飛ぶこともでき、ひとたびエターナルトームの能力に目覚めれば、周囲のユニットが一切ダメージを受けなくなります！
e77d10e1c79ca25d,TID_CLANGAMES_TASK_INFO_GET_HOMEBATTLEDESTRUCTION,マルチプレイで総破壊率<num>％を達成する。
89e81f73d805da30,TID_TUTORIAL_ARTO_START_3,でも安心しろよ！すぐにオレの替え玉を作ってお前の村に送ってやるからな！
b9bc103fd5e6448f,TID_CHARACTER_GRAVE_GOLEM,ネクロゴーレム
7f409981a9c12800,TID_LOCAL_NOTIFICATION_EVENT_HAMMERJAM_PACK,チーフ、特別な「建設ラッシュ」セールが始まりました！
63e8dc35941c61a9,TID_TOTAL_DAMAGE,合計ダメージ：
8e1a9305a288a2c9,TID_LAST_ONLINE_MULTIPLE_DAYS_AGO,<num>日前にプレイ
3cd15834fa36fc34,TID_WITCH_GOLEM_ABILITY_NAME,ガイコツの泉
505e70ddedb61e79,TID_STAR_BONUS_DESCRIPTION_NO_CC,宝庫に星ボーナスの戦利品が届きました。クランの城を修復して宝庫を開放しましょう！
2a42110b721bc6f2,TID_ALLIANCE_GAMES_REVIVE_TASK,延長
ede455b2a8c565df,TID_DECORATION_BUILDER_STATUE,大工の像
dfcd8d4996685f94,TID_NPC_CHALLENGE_TH9_BABYDQW_SPELLS,攻撃の仕上げに、残りの <cf07bf8>レイジの呪文</c>と\n<cffe346>ヒールの呪文</c>を使いましょう。
61950768ed869ac0,TID_GHOST_QUEEN,ゴースト クイーン
a889235da179424a,TID_HINT_WIZARD_TOWER_TARGET,ウィザードの塔は飛行ユニットと地上ユニットのどちらにも攻撃できます。
d14aa23ff6ceac81,TID_TUTORIAL_CLASHOWEEN_EVENT_A1,チーフ！ちょっとこちらへ...
c44c9301df51f9b4,TID_KICK_MESSAGE_TITLE,<name>をクランからはずす
0e0ee97b5e1c4b3f,TID_CAPBUILD_BOMBTOWER,ボムタワー
2268c946a6233353,TID_NPC_CHALLENGE_TH6_GIWIWA_WALL_BREAKERS1,<c54a0fe>ジャイアント</c>がやられる前に、\n外側の壁を破壊しましょう。
ab42f3206108ebae,TID_POPUP_BOOST_BUILDERS_TITLE,大工をスピードアップ
fa544e9558307fd5,TID_KUNLUN_APP_STORE_LANDING_PAGE,Kunlun Landing Page
9ca9679dbd9f704c,TID_BATTLEPASS_TASK_INFO_USE_RAGEDBARBARIANS,レイジバーバリアンを使い、大工の拠点戦で<num>個の星を獲得する。
80cfc6de3ab4c2a6,TID_RESEARCHER_MENU_SUGGESTION,おすすめアップグレード：
041719db3af44179,TID_ACHIEVEMENT_ACTIVATE_SUPER_TROOP_TITLE,スーパーな活躍
d73429c60e7b2568,TID_RES_PACK,資源パック
713589c6821ad050,TID_SEARCH_OPTIONS,検索オプション
2a7eb19aea576f0a,TID_ALLIANCE_ROLE_LEADER,リーダー
5288a64a7daab44f,TID_HERO_HEAL,ヒーローの回復量：<number>
321a4c54bceac800,TID_CAPBUILD_BARRACKS_WIZARD_INFO,スーパーウィザードの兵舎のようですが、\nひっきりなしに爆発が起きているので危なくて近づけません。
1f3bfa7eef2292f8,TID_GC_CHALLENGE,フレンドに挑戦
86a4cce4017d3ca9,TID_TIME_HOURS,時間
2c93af23437752f4,TID_RICOCHET_CANNON_INFO_SHORT,1発の砲弾で2体の目標を攻撃！
ed5cd0d83f86804b,TID_ADD_FRIEND_ERROR_OWN_AVATAR,自分をフレンドとして招待することはできません！
fb2b51dd57510f2c,TID_BP_SEASON_BANK_SIZE_INCREASE,シーズン資源が\n増加
0c1f72e6a86c1e70,TID_PARTY_CHAMPION,パーティー チャンピオン
d5ba18d6be42df1f,TID_REENGAGEMENT_LAB_DID_UPGRADES_SOME_LEFT_1,なにやらラボのほうが騒がしいですね...
27b0332c9bd2bfe6,TID_SPELL_BAG_OF_FROSTMITES,フロストマイトの小袋
6cad4c06d151e450,TID_BUILDING_WALL,壁
1471d226e2b00783,TID_CLANGAMES_TASK_USE_MEGAPEKKA,パワーP.E.K.K.Aの鉄槌
ff65ca5c8961a011,TID_LAYOUTS_COPY_BUTTON,レイアウトをコピー
10f985fdace351a3,TID_DECORATION_WHITE_FLAG,白い旗
f6b200345429b5e9,TID_CONFIRM_SCENERY_PURCHASE_TEXT,<name>を購入しますか？
7188733857b5a447,TID_EVENT_TITLE_CLANWAR_XMAS,冬季ゲーム
422cda57824e966a,TID_BATTLEPASS_TASK_WIN_BATTLES_USING_RECALL,帰宅ラッシュ
0cb117bd3a2cdf98,TID_ADD_FRIEND_ERROR_TOO_MANY_REQUESTS_OTHER,このフレンドが保留しているリクエスト数が上限に達しています。またのちほどお試しください。
050fa8505d306d31,TID_PAINTER_KING,ペンキアート キング
c4f2789a8ac1703d,TID_STARTER_TH5_INFO_BUILDWIZARDTOWER,レベル<num2>のウィザードの塔を1個建設する。
0b112290e73e49a6,TID_BUTTON_OKAY,OK
2a6aff8e09930db2,TID_MORE_YOUKU,请关注部落冲突（Clash of Clans）官方优酷频道。
5d18558ee32fefe4,TID_REGULAR_THEMED_BUILD_OFFER_INFO_TH0206_999,• <res0>ゴールド\n• 大工ポーション<booster1>個 - 大工の作業速度が1時間にわたって10倍になります\n\n• 収容量制限なし！\n• このパックの購入は表示の期間内に4回限りです\n• 防衛強化の大チャンスをお見逃しなく！
48844cc3462532dd,TID_ALLIANCE_BUTTON_LEAVE,脱退
a93641bf58af1090,TID_CLANS_SELECTOR_BOOKMARKS,ブックマーク
8538e84b708ed5d6,TID_LEAGUE_LEGENDARY,レジェンドリーグ
8207766e8acfd23d,TID_INFO_TAGS,クランの特徴を示すラベルを付けましょう。プレイヤーがあなたのクランを見つける手がかりになります！
6ba001f3a930278c,TID_NEWS_BOMB_TOWER_MORE_TEXT,• フレンド対戦：他のクランにチャレンジを送ってカスタム対戦\n• プレイヤープロフィールからゲーム内フレンドに追加\n• クラン対戦の戦利品ボーナスとクランXPのルールを変更\n• 多くのレベルアップグレードに際して、必要な時間とコストを低減\n• ネクロマンサーからウィザードに至るまで、数多くのバランス調整を実施！\n• 設定に新しい言語を追加：インドネシア語およびマレー語\n\n詳しくは、アップデートのリリースノートをご覧ください！
0be267ca9e010862,TID_NEWS_UPGRADES_TITLE,
ae96ff24fea4cd21,TID_CHALLENGE_TH8_GOWIPE,ヘビーなヤツら
17eb6d4e080e3c5a,TID_WL_TAB_SEASON_SUMMARY,シーズン結果
148161142f128f40,TID_MEDAL_EVENT_SOFT_CURRENCY,メダルイベント ソフト通貨
2487049ed8cd85b9,TID_NEWS_OTHER_TEXT,
1d3e2037e8b008b2,TID_POPUP_BOOST_MINI_SPELL_FACTORY,闇の呪文の生成速度を<time>だけ<multiplier>倍にしますか？
aabffb925262374e,TID_NOT_ENOUGH_WORKERS_TEXT,建設中の建物を今すぐ完成させて、\n大工をこちらにまわしますか？
fecf0ab6808ea44b,TID_KICKED_FROM_ALLIANCE_NO_MSG,クランから追放されました。
eab3d2f4f6c68273,TID_NEWS_SEP_V2_BALANCING_TITLE,ビルダーホールレベル7が登場！
087332657c3c32fe,TID_DIAMOND_BUNDLE_RESEARCH_PACK,研究パック
31cc4ebd07551e8a,TID_TRAIN_TROOPS_QUEUE_SIZE,ユニットの訓練: <num>/<max>
5aafc478d0abcb93,TID_DIAMOND_BUNDLE_GOLD_INFO,• <gems>エメラルド\n• <res0>ゴールド\n\n収容量制限なし！\n\nこの<cffec78><value>xバリュー</c>のスターターパックは、1度きりの限定提供となります！
4a5980c5094e0ce1,TID_PARTY_WARDEN,パーティー ウォーデン
399c309523bcd46e,TID_HERO_INSTRUCTIONS_QUEEN,体力こそ少なめですが、この優雅なハンターは凄まじい破壊力を身に付けています。防衛の際には、攻撃範囲に入った敵をことごとく射抜いてくれるでしょう。「ロイヤルクローク」の能力に目覚めると、攻撃時に透明化して、敵に恐るべきダメージを与えます！
6119720814aa2bf1,TID_STARBONUS_WINDOW_AWARD,星ボーナス獲得！
f80efe257e1dc0a6,TID_CLAN_RECRUITMENT_OPT_IN_ITEM_TITLE,新たなクランを探していますか？
2388706e1fd8222a,TID_POPUP_BOOST_VILLAGE_SPEEDUP,資源の収集、研究および建設が、<time>にわたって<multiplier>倍に！
153c349141d51b08,TID_CHARACTER_INFO_HOG_WIZARD,ウィザードの情熱と魔力、そしてホグライダーの気合と機動力を兼ね備えた危険なユニットです。その足跡が聞こえてくるだけで、対戦相手は震え上がることでしょう！
8f3e502473bb441d,TID_WARTOOLS_ATTACK_CONFIRMATION,この村は他のプレイヤーから攻撃を宣言されています。本当に攻撃しますか？
534dbb27d5710350,TID_CLAN_TAG_FRIENDLY_WARS,フレンド対戦
f61725225adeddea,TID_CHARACTER_INFO_AD_SEEKER_NO_EXPLOSION,対空砲に突っ込んでいく炎のような獣で、他のユニットの盾となる頼もしい存在です。倒されると、小さくて脆いユニットをたくさん生み出します。
8296b3e8b1eb3144,TID_CLANGAMES_TASK_USE_SUPER_GIANTS,偉大なる巨人たち
bb4866d26623768c,TID_CAPITAL_TUTORIAL_8,都ホールを強化するほど、建設を行える地区が増えていくぞ！
1a5f18baf2ec342b,TID_ACHIEVEMENT_LOOT_DARK_ELIXIR_TITLE,つゆだくエリクサー
eb4bfe41cf761807,TID_LABORATORY_UPGRADING_CANNOT_START_UNIT,ラボのアップグレード中は、ユニットのアップグレードを開始できません
bfdc649855ec11d2,TID_ALLIANCE_GAMES_PERSONAL_COOLDOWN_TEXT,次のチャレンジに備えて、お掃除をしています...
bbcd9c6e91f46022,TID_NPC84,痛みへの道
e8f5e4bb2266064d,TID_SHIELD_TITLE,シールド
d9d72d7b71dab21c,TID_BOOSTER_USE_MAX_LEVEL_ARMY,部隊をブースト
c4e139a496ddaf03,TID_MAKE_SKIN,Supercell Makeのスキン\n\n制作者：\n<cff8000><CREDIT></c>
4b441ea8efcfa66a,TID_BATTLEPASS_TASK_WIN_BATTLES_USING_FLAME_FLINGER,火遊び
bbf6002845eb8ea3,TID_PARTY_WIZARD,パーティーウィザード
b8e299f5882000e6,TID_CAPBUILD_BARRACKS_BARBARIAN,スーパーバーバリアンの兵舎
26fec0f7c31dc516,TID_SUPER_TROOPS_INTRO_LEVEL_TITLE,テスト村
c06337bd4afb4a09,TID_ALLIANCE_INVITATION_FAILED_NO_RIGHTS,新メンバーを招待できるのは長老とリーダーだけです！
c617f0a3e049e0ed,TID_BUILDER_HALL_6_INFO_SHORT,ついに岩の背後にあるものが明かされる...？
76882a1dbccfdc72,TID_TUTORIAL_CLASHOWEEN_EVENT_B2,さあ...
22996f9f5412be4d,TID_NEWS_NEW_TROOP_TITLE,
9c4f7983d92659a2,TID_CLANGAMES_TASK_WIN_STARS_VS_TOWNHALL_11,驚異のTH11
d53dbfbedb306ef0,TID_TOWN_HALL_16_INFO_SHORT,大自然の力を開放しましょう！
898f1ac4ca77db38,TID_UNDERAGE_PLAYER_LOGIN_DISALLOWED_KUNLUN,根据国家防沉迷通知的相关要求和最新强化的防沉迷政策，由于您是未成年玩家，仅能在周五、周六、周日及法定节假日每日20时至21时登录游戏，在上述时间段之外无法游戏，请注意休息。
720d84554d9e3ee0,TID_WATER_3,水 3x3
c6173fd310a56948,TID_DECO_RUINED_PYRE,廃れた聖なる炎
256ce5b8717d1e26,TID_TRAP_REPAIR_COST,再利用コスト：<number>
a714cf855581d618,TID_NPC_CHALLENGE_TH8_GOWIVA_HEAL,味方ユニットが村に攻め込む時には、\n<cffe346>ヒールの呪文</c>を使いましょう。
8eb01359e3a3a08c,TID_HINT_OBSTACLES,木や石などの障害物を取り除くと、時々エメラルドがもらえることがあります。
7ab0827c2dad5251,TID_CONFIRM_SUPER_TROOP_CANCEL_TEXT,まだ残り時間がありますが、スーパーユニットを元に戻しますか？資源の補てんはありません。
66d63fe6c827d454,TID_REENGAGEMENT_BUILDER_1,チーフが不在の間\n大工が建設作業を進めておりました。
7df4df944ae044a9,TID_CLAN_CASTLE_LEVEL_TOO_LOW,相手のクランの城のレベルが低すぎます！
4493fdcde6afe189,TID_DIAMOND_BUNDLE_MAGICITEMS_TRAINING_POTION_INFO,• <gems>エメラルド\n• 訓練ポーション<booster1>個\n• 収容量制限なし！\n\nユニットの訓練、呪文の生成、ヒーローの回復をスピードアップしよう！\n\nこのチャンスをお見逃しなく！
b0bad889237819cc,TID_TUTORIAL_CLASHOWEEN_EVENT_A4,僕が作った最新施設を見てください！
881ad5f6a94caef3,TID_NPC_CHALLENGE_TH7_HOG_HEAL2,残りの<cffe346>ヒールの呪文</c>を使って、<c54a0fe>ホグライダー</c>が\n攻撃中に倒されないよう援護しましょう。
09bf1e621d99510e,TID_CLAN_GAMES_THEME_MINIGAMES,ミニゲーム
0e29376820ab9bbb,TID_LINK_NEW_DEVICE_TITLE,デバイスを関連づける
ed07fbf8ba5276dd,TID_LEAGUE_STEEL1_SHORT,スチールI
405a15d3a4dddb2d,TID_BARBARIAN_KING_INFO,バーバリアンキングは国じゅうで最も強く凶悪なバーバリアンで、ダークエリクサーの飲みすぎで巨体になってしまっています。敵の村を攻撃したり、自分の村を守ってくれたりします。
d7162e65384ccf54,TID_THUPGRADE_COMPLETE,タウンホールのアップグレード完了！
aaa1c7b5cd56b75a,TID_NPC66,ワシの親衛隊
691acf9dbf4164cd,TID_UPGRADE_TH_LOCKED_TITLE,アップグレードをアンロック
e69fe88a9c531b2c,TID_USE_TROOP_EVENT_ACHIEVEMENT_NAME,<unit>を使う
6db351666e9b3b56,TID_BATTLEPASS_TASK_INFO_WIN_BATTLES_USING_LAVAHOUNDS,ラヴァハウンドを使い、マルチプレイで<num>回勝利する。
3651f435adf1486c,TID_RECOVERY_BUILDING_INFO,マスター大工のおばあちゃん直伝、栄養満点スープで心も体もポッカポカ！次のエリアの攻撃が始まる前に、ユニットのヒットポイントを一部回復します。
ec6194271f289e98,TID_TUTORIAL_GOLD_STORAGE_1,ゴールドを保管できる\n安全な場所も欲しいですね。
b2dadc723abf2ef0,TID_ALLIANCE_WAR_STREAM_DEFENDED,防衛成功！
c5f5957a09e0f9dc,TID_BOOST_ALL_DARK_BARRACKS,すべての闇の兵舎
3a0a660f9af6daf2,TID_NEWS_UPDATE_TEXT,*「ライトニング」、「ポイズン」、「アースクエイク」、「フリーズ」の呪文が強化されました！\n*タウンホールレベル10でレベル7「ライトニング」の呪文と25種類の新しい壁のパーツを使えるようになりました。\n*クラン対戦の総破壊率がタイブレークの決め手になりました。対戦終了時に同点だった場合には、「最高の攻撃」での破壊の割合が多いクランが勝者になります！
f97fe0b8b5235417,TID_HINT_GIANT_DEPLOY,ジャイアントはかなりのダメージに耐えられます。最初に配置して防衛側の注意を引きつけましょう。
8ef76a179529f3bd,TID_TOP_HUD_WATCH_LIVE_BUTTON,ライブリプレイを見る
64f2953942f96532,TID_BUILDING_DARK_ELIXIR_PUMP,ダークエリクサーポンプ
d9a7f1fc6e00c414,TID_CHALLENGE_NOT_AVAILABLE_IN_MODE_LIVE,ホームに戻らないとライブを視聴できません！
ccef7d112a0ca607,TID_BATTLE_LOG_COL_3,結果
6da441667476ba75,TID_DEVICE_LINK_ERROR_INVALID_LINK_CODE,コードが無効です
b891007757e57583,TID_PET_PHOENIX_INFO_SHORT,ここぞという場面で卵からかえり、ヒーローに助太刀します。
9c9f9c3880eb1be3,TID_REGULAR_THEMED_PREPARE_OFFER_INFO_TH0712_999,•<res0>エリクサー\n• ヒーローの本<booster1>冊 - 実行中のヒーローアップグレードを瞬時に完了します\n\n• 収容量制限なし！\n• このパックの購入は表示の期間内に4回限りです\n• ヒーローやユニットをアップグレードして、強大な呪文を生成しましょう！
e6e49bf432a179d6,TID_GOLD_PASS_SKIN_DETAILS,今シーズンの限定ヒーロースキンは<skin>です！\n\nまだ<hero>をアンロックしていない場合は、アンロック後にスキンが使用可能になります。
ddaa299d7084ad4a,TID_LEAGUES_IV,IV
d537920074840932,TID_REGION_CUSTOM3,
7564cdfe52bbdd6b,TID_TUTORIAL_WORKER_MENU2,オレのアイデアは、全部ここに入ってる。だがアンタの方が物知りだからな。\n代わりに選んでくれ！
17b05501302b00ae,TID_COMM_MAST,無線塔
8c0c8785bb660602,TID_ARTO_TASK_BATTLE_MACHINE_FLUFF,オートメーションとは厄介なものです。幸い、バトルマシンは\n何をテストするにしても村人第一・絶対安全をお約束します。
060ef189fa0a7977,TID_ACHIEVEMENT_DESTROY_WEAPONISED_BUILDERS,マルチプレイで武装化大工の小屋を通算<number>個破壊する。
d7bb641fcdc6bcab,TID_CAPBUILD_BARRACKS_BALLOON_INFO,ロケットバルーンを作るとなれば、安全など気にしていられません。\n唯一のルールは「とにかく急げ！」です。
00a6b5b60ae710db,TID_NEWS_MIRROR_TITLE,戦闘準備
e973a795eface8ef,TID_DARK_ELIXIR_PUMP_INFO,大工たちが、やっとのことで純粋なダークエリクサーを汲み上げる方法をみつけました！魔法物質の中でも最も貴重な資源です。
755380a388998246,TID_6ANNIVERSARY_OFFER_MAGICITEMS_BOOKS_AND_RUNES_INFO_4999,• ヒーローの本<booster1>冊 - 実行中のヒーローアップグレードを瞬時に完了します\n• 建物の本<booster2>冊 - 実行中の建物アップグレードを瞬時に完了します\n• ゴールドのルーン<booster3>個 - 金庫をいっぱいにします\n• ダークエリクサーのルーン<booster4>個 - ダークエリクサータンクをいっぱいにします\n\n• 収容量制限なし！\n• このパックの購入は4回限りです！\n\n期間限定の記念パックを、どうぞお見逃しなく！
343353fc1338e596,TID_ALLIANCE_WAR_PERSONAL_ATTACK_2,攻撃 2
6743a3ce3b3743ba,TID_TROOP_REQUEST_SPEED_UP_SUCCESS,クランの城から支援を頼めるようになりました！
86e4049181525dd4,TID_BB_BATTLE_LOG_VICTORY,勝利！
f352122c7b1a1b1f,TID_CLANGAMES_TASK_WIN_STARS_USING_INVISIBILITY_INFO,インビジブルの呪文を<num2>回使い、マルチプレイで<num>個の星を獲得する。
03105cf1a468e2b5,TID_COSMETICS_EXTRA_ANIMATIONS,追加アニメーション
80464f75a26ea8df,TID_NPC_CHALLENGE_PROGRESS_WARNING_TITLE,お疲れ様です！
e2db9570f026d401,TID_TENCENT_DOLPHIN_ERROR_3,磁盘空间不足，请清理磁盘空间后，重启游戏。
16fce0900544d3a9,TID_NPC_ATTACK_BUTTON,攻撃
740c14c499cb7e6a,TID_CHARACTER_WATER_DRAGON,ウォータードラゴン
ebcb1b9f901cb4ca,TID_LEGENDS_SET_CASTLE_TROOPS_EMPTY_WARNING,クランの城には現在ユニットがいません！
aaf7e41256ad2211,TID_POPUP_GOBLIN_RESEARCHER_TEXT,ラボに空きがないようですが、研究くらい僕にだってできますよ？ただし、エメラルドをちょっぴりいただきますけどね！
c284765d671b65db,TID_RESOURCE_PRODUCTION,1時間ごとの生産量：
b1dfd08c01067e67,TID_PRESET_ORIGINAL_TROOP_LEVEL_TOO_LOW,通常バージョンのユニットレベルが低すぎます
4b817b80889137db,TID_DPS,ダメージ（毎秒）：<number>
0d53de958fa1f7c8,TID_DEFEATED,勝利
d4ca97bab0f49b6f,TID_SEARCH_TAB_PLAYERS,プレイヤー
d4cbd8df8cf704ef,TID_BATTLEPASS_TASK_INFO_WIN_BATTLES_USING_BOMBERS,<num2>体のボンバーを使い、大工の拠点戦で<num>回星1つを獲得する。
2342c501055fbe50,TID_X,x
477d14bf4ff6d0f4,TID_NEWS_BUTTON_GO,GO！
d1f0cfd3dfbb0fee,TID_DECO_GOBLIN_CART,ゴブリンのカート
c2f7f9398709a398,TID_BOOSTER_FREE_BUILDING_UPGRADE_INFO,この魔法のハンマーを振ると、どんな建物でも次のレベルへ瞬時にアップグレードできます。作業にあたれる大工が1人必要です。どちらの村でも使用可能です！
dbe69082c3677686,TID_PET_POISON_LIZARD_ABILITY,バッドブレス
fa8ffee40f98d561,TID_NPC_CHALLENGE_TH11_LAVALOON_HOUNDS2,<c54a0fe>ラヴァハウンド</c>をもう1体投入しましょう。
0e831b54446976e0,TID_BOOSTER_BUILDERS,大工ポーション
9f412faf9b66257e,TID_TENCENT_DOLPHIN_DOWNLOADING_78,更新合并差异文件
5877cdeee4d44ad4,TID_PERSONAL_WAR_PREFERENCE_BUTTON_LABEL,クラン対戦
3a175048a5a88615,TID_GEAR_TYPE_SKILL,スキル
1db23324ca07806c,TID_BATTLEPASS_TASK_INFO_WIN_BATTLES_USING_CANNONCARTS,<num2>個の移動砲台を使い、大工の拠点戦で<num>回星1つを獲得する。
a3d55a6d3972cde8,TID_NEW_PLAYER_PRIVACY_SETTINGS_ADVISORY,ゲームに個人情報設定が追加され、デフォルトではオフに設定されています。「オン」に変更してもよろしいですか？\n\n✅ ランキングに表示
181fa16a4b81ebb7,TID_REPLAY_BUTTON_FAIL,このリプレイはもう期限切れです！
58646c25853163d6,TID_CLANGAMES_TASK_WIN_STARS_VS_TOWNHALL_12,勝ち誇るTH12
02749ade1dfe160e,TID_CLAN_CAPITAL_LEAGUE,都リーグ
d605f459d52f5806,TID_MULTI_ARCHER_TOWER_INFO,複数のアーチャーが、迫りくる敵に矢の雨をプレゼントします。まさにワン・フォー・オール、オール・フォー・ワンです！
78c51cfbe1ab8e43,TID_FRIEND_FILTER_INGAME,フレンド
c1ff939dd226ef63,TID_MONTH_2,2月
7b0e8b3496af5a21,TID_TENCENT_LOGIN_PROMPT_UNBLOCKED_QQ,ゲーム依存症防止の最新の規定に従い、ゲストアカウントでログインされた場合は、実名認証を完了することができません。また、プレイ可能時間が15日間につき1時間に制限されます。\n\nプレイヤー様は以前、QQにゲームアカウントを接続しております。ゲームを最大限お楽しみいただくには、QQに再度ログインしたうえで、実名認証を完了していただきますようお願い申し上げます。
459f11b052e0267b,TID_UPGRADE_INFO_ITEM_SPACER,および<old>
e40a8e39eaa1402b,TID_CAMP_FIRE_DECO,ゴブリンキャンプファイア
8d325fc277a71b54,TID_EVENT_TITLE_CLANWAR_SHORT,週末ウォーリア
a3234237422a20a6,TID_TOWN_HALL_4_INFO_SHORT,空のように大きな夢を持ちましょう。
c34c87c926fff60e,TID_MEDAL_EVENT_INFO_TRACK_ENDED,<soft_currency>は消滅しましたが、まだまだ報酬を入手したり、<hard_currency>を旅商人とトレードしたりする時間は残っています！
637773de49b5d49e,TID_SUPER_GIANTS,スーパージャイアント
24d6c66046a21cf5,TID_LEAGUE_PASSED,合格
f1c751c781fdf39d,TID_CLAN_GAMES_THEME_SUMMER,夏季ゲーム
374a849d6465eb1a,TID_LEGENDS_MATCHMAKING_SOON,処理中...
d29b0033223a221e,TID_HERO_ABILITY_TIME,能力の効果時間：<number>秒
01873448ce3d0161,TID_HINT_UPGRADE_MINES,ゴールドが貯まりにくい時は、金山をアップグレードしてみましょう。
0a4f9c3859750012,TID_NOTHING_TO_PASTE,ペースト元がありません
cb69808321c36a4c,TID_STAYS_AT_TEXT,残留！
e001c27498ad034b,TID_COME_BACK_NOTIFICATION_MEDIUM,村にはリーダーが必要です。帰ってきてください、チーフ！
0a20a0bbe68ffb6a,TID_TESLA_TOWER2_INFO,タワーでありトラップでもある、大変ショッキングな防衛設備です！\n科学の力で、地上の敵も空中の敵もビリビリさせましょう！
04799e7b3e9438b3,TID_INFOBUBBLE_BUILDER_INPROGRESS,アップグレード中：
30080d5a910e0afd,TID_POPUP_REMOVE_WAR_DONATION_TITLE,ユニットを削除しますか？
965f5b4fe186241e,TID_AVATAR_MESSAGE_BUTTON_CLAIM,回収
0975183cb98e1dd0,TID_NPC_CHALLENGE_TH12_DRAGBAT_BALLOONS,残りの<c54a0fe>エアバルーン</c>を投入しましょう。
bac0600c3aa7358c,TID_NEWS_TH11_UPDATE_OTHER_TEXT,• 新しい達成項目「イーグル崩壊」と「たすけ愛」が追加されました。\n• ユニットと呪文の寄付のインターフェースが改良され、現在寄付しているユニットと呪文を確認できるようになりました。\n• 兵舎のユニット訓練は呪文と同じように先々の分まで予約しておけるようになりました。\n• クラン対戦で攻撃が始まると、クラン対戦ボタンがアニメーションでお知らせするようになりました。\n• 使用中のシールドや村の護りは、残り時間に関わらず手動で終了させられるようになりました。\n• 村が他のプレイヤーからの攻撃対象になるまでのオフライン時間が若干長くなりました。\n• 検索開始から10秒以上たってから対戦相手が見つかった場合には、特別な効果音でお知らせします。\n• 対戦相手が見つからない場合には、効果音を鳴らしてお知らせし検索を終了します。\n• 連続3時間以上オンラインのままでいた場合、強制的にオフライン状態になるように変更されました。\n• 状況に応じて、休憩時間はリセットされるのではなく延長されるようになりました。\n• チャンピオンリーグ以下のリーグでは、プレイヤー同士の対戦で自分よりもタウンホールレベルが低い相手が選出される確率が低下しました。
4aa1bfb22ae1d104,TID_ACHIEVEMENT_NPC_STARS_COMPLETED,シングルプレイのマップの星：<value>
a94d516a00414580,TID_GAMES_GET_GEM_ALTERNATIVE_TITLE,保管施設が一杯です
5f3513278f9a3505,TID_GEAR_INFO_HEALER_JAR,ヒーラーの集団を召喚します
d44f7861e34c4145,TID_ACCEPT_ALLIANCE_JOIN_REQUEST,クランへの参加を承認しますか？
44179d02844ed49b,TID_CLAN_TAG_CLAN_WAR_LEAGUE,クラン対戦リーグ
b6bf96904766bb1a,TID_REQUIRED_DARK_SPELL_FORGE_LEVEL,レベル<number>の闇の呪文工場が必要です
b5febb378c21347d,TID_STARTER_TH4_BUILDSPRINGTRAP,トラップ起動
23c69c47a7846ba3,TID_ACHIEVEMENT_CASTLE_COMPLETED,現在のクランの城のレベル：<value>
cf2b5d0ad86a6b24,TID_DECORATION_WAR_SHIELD_INFO,この像を手に入れるには、クラン対戦リーグで自分の力を証明しなければなりません。メダルを集めましょう！
52a45b55627b9e37,TID_POPUP_BOOST_GOLD_MINE,ゴールドの生産を<time>だけ2倍にしますか？
127f6c55922468ac,TID_TAB_BATTLE,戦闘日
0ecb902ae2fb0e2c,TID_RES_PACK_INFO,• <gems>エメラルド\n• <res0>ゴールド\n• <res1>エリクサー\n\n収容量制限なし！\n\n期間限定セールで、資源を超お得にゲットしましょう！
508a866cbbc9a5e0,TID_CHALLENGE_INFO_2021,タウンホール14の実装により大旋風が巻き起こる。ヒーローに相棒のペットが追加され、攻撃力もアップ！ドラゴンライダーとフレイムシューターが、戦いをさらに過激にしてゆく。
dc3c90434838bbb7,TID_BOOSTER_USE_BB_STAR_BONUS_BOOSTER_QUESTION_TITLE,星ボーナスをチャージしますか？
24c79b5353ac73f4,TID_WARTOOLS_CLAIM_TARGET,攻撃を宣言
3e26b0fb2304af5f,TID_LAKE_CORNER,湖の角
10d052de0f50c0b3,TID_SHOP_STORAGE,保有数：
61ffa290ca76eb4d,TID_SIEGE_MACHINES_TROOP_BAR_HINT,<name>に誰も乗っていません！
9f9a90c0c02e8710,TID_TAB_VIEW_VILLAGE3,クランの都
43756bd5ceeb0e17,TID_BOOSTER_FREE_TROOP_UPGRADE,戦いのハンマー
7f3772411481964a,TID_WATCH,動画を視聴
8d9915628544eebb,TID_CAPBUILD_DISHQ,地区ホール
b6b267839bf9b027,TID_TUTORIAL_VILLAGERS_MOVE_OUT,ふう！今夜はここで休みましょう。\n故郷から離れた、もう一つの我が家です！
509ed825798a7339,TID_POISON_CLOUD_INFO,猛毒で敵を苦しめ味方ウハウハ！\n\n毒の雲に触れた敵ユニットは移動速度が下がり、攻撃速度も下がり、おまけに時間が経つにつれ大きなダメージを受けます。「ポイズン」の呪文は敵の施設や設備には効果を発揮しません。
2a5526af624c0c62,TID_STARTER_TH5_INFO_DESTROYANY,マルチプレイで通算<num>個の建物を破壊する。建物なら何でもOK。
b365ea5d50206fe1,TID_VISIT_FAILED,村に遊びにいくことができません。また後ほどお試しください。
eca1bcd1fa10decc,TID_HOUSING_SIEGE_MACHINES_INSIDE,突破兵器：
2da57a955eda6621,TID_HINT_CRUSHER,クラッシャーは地上ユニットに大ダメージを与えますが、空中ユニットや遠隔攻撃ユニットに対しては無力です。
52ca99be6979fb85,TID_BUTTON_DISABLED_GAMES_ENDING_SOON,まもなく終了！
74535c6a3dc76e8c,TID_FREEZE_SPELL_INFO_SHORT,防衛設備を凍らせれば、ピンチを脱出できます！
3c328cc1d6099930,TID_EVENT_DAILYLOGIN_INFO,毎日ログインしてギフトを受け取りましょう！
be6042234f0a442d,TID_LEAGUE_INFO_REMEMBER,リーグに入っていれば、対戦で勝利した時に戦利品ボーナスがつきます！
22300e66148ffd2d,TID_PET_DIGGY_ABILITY_INFO,地中から飛び出して防衛設備にスタン効果を与えながら攻撃する
22acc2e9a0710276,TID_LOCAL_NOTIFICATION_EVENT_STAR_BONUS,チーフ、星ボーナスイベントが始まりました！
4b21860ade61b9c6,TID_SELECT_RANDOM_SKIN_MODE,選択したすべてのスキンが\nランダムに適用されます
f51531fb2d0d66d0,TID_CHARACTER_YETI,イエティ
a44c1ee41099e02b,TID_DECORATION_9YEAR_BIRTHDAY_STATUE_INFO,のろしなのか9周年記念デコレーションなのか、はたまた最新のBBQコンロなのか？本当のところは誰にも分かりません...。
2ade1500145bf006,TID_TUTORIAL_WAR_MAP_ENEMY_2,ここでは攻撃の機会が限られており、敵軍と戦うには、クランの仲間と力を合わせなければなりません。
2467f460db89bf1a,TID_ERROR_MAX_TAGS_SELECTED,ラベルはこれ以上選べません
4df84ce8fdb8ec5c,TID_DIAMONDS_FOUND,<name>の中にエメラルドを<number>個発見しました！
00d089755714bc96,TID_CLANGAMES_TASK_DESTROY_BB_GOLDMINE,金山レイダース
a186370fdbc5ba66,TID_MULTI_MORTAR_INFO_SHORT,1台で複数の迫撃砲を備えたお得な防衛設備です。
d049d1c8b913bea2,TID_DIAMOND_BUNDLE_MAGICITEMS_HERO_LEVEL_PACK_INFO,• <gems>エメラルド\n• <res0>ダークエリクサー\n• ヒーローの本<booster1>冊\n• 収容量制限なし！\n\nバーバリアンキングやアーチャークイーンのアップグレードに必要なものが全部入っています！\n\nこのチャンスをお見逃しなく！
4871e36c74e75634,TID_CAPBUILD_GOBLIN_HUT,ゴブリンの小屋
9a3abcd5c7ba758a,TID_REINFORCEMENT_CAMPS_UNLOCK_BH,ビルダーホールレベル6で\nアンロック
b87ea90f05eb15fa,TID_CLANGAMES_TASK_DESTROY_BB_HEALINGHUT,癒しの小屋の破壊
a8911441fe991f55,TID_DIAMOND_BUNDLE_BUILD_PACK,建設パック
a6ba6c235c25f959,TID_LOCAL_NOTIFICATION_WAR_PREPARATION_ENDS,クラン対戦の準備期間がまもなく終了します！
bbeb1ca8b045cc97,TID_IAP_NOT_AVAILABLE_ANDROID,購入できません！お使いのGoogleアカウントが有効であり、かつ、メインのお支払方法が最新であることを確認してください。
64b91d26f43a8e5a,TID_POPUP_CANCEL_GOBLIN_UPGRADE_TITLE,アップグレードをやめますか？
7cf01d1f35b2405d,TID_CAPITAL_ARMY_SAVE_INVALID,無効な都の部隊のため保存できません
59b9b857861658c1,TID_SUPER_TROOP_TRY_BUTTON,試す
3afc5310c282fa98,TID_CLANPERK_DESC_LOCKED_VALUE,クランのレベル<num>でアンロック
15e1844e69533063,TID_CLAN_ACCESS_DISABLED,クランでの交流が<time>にわたってできなくなりました
bf73caecf97d50e2,TID_SHADOW_KING,ダーク キング
0f67939fe714d3b1,TID_DIAMOND_BUNDLE_ELIXIR_DARK_ELIXIR_INFO,• <gems>エメラルド\n• <res0>エリクサー\n• <res1>ダークエリクサー\n\n収容量制限なし！\n\nこの<cffec78><value>xバリュー</c>のスターターパックは、1度きりの限定提供となります！
183fc184edfeeed4,TID_TENCENT_CDKEY_EXCHANGE,兑换码
ee7a04ee69b09e17,TID_DECO_GREAT_PYRE_INFO,マシュマロを焼いて、歌を歌い、お互いの戦果を称え合いましょう！
b45e7aae76c9dbe4,TID_ACHIEVEMENT_CLAIM_BUTTON,ボーナスをもらう
e96c17e304f31aa0,TID_LEAGUE_EMERALD1,エメラルドリーグI
0bbbfde5a0c2bcf6,TID_NPC_CHALLENGE_TH13_HYBRID_GRAND_WARDEN,<c9916c8>グランドウォーデン</c>を投入して、<c54a0fe>ディガー</c>の後を追いましょう。地上モードを使ってください！
2b134f6e634e7c87,TID_BUTTON_CANCEL,キャンセル
e4e9c74bca7be23c,TID_HINT_SHIELD_SINGLE_PLAYER,ゴブリンの大軍を攻撃（シングルプレイ用ミッションをプレイ）しても、現在有効になっているシールドは解除されません。
77f1b8540c15216a,TID_ALLIANCE_WAR_XP_EARNED,獲得クランXP
31660a8b8ad458e5,TID_ACHIEVEMENT_VS_BATTLE_TROPHIES_TITLE,チャンピオンビルダー
20e092bf194ea023,TID_STAGE_BUILD_LIMIT_REACHED,エリア<stage>には、<name>をこれ以上設置できません（最大<number>個）
438796e02d4cc9cd,TID_COSMETICS_CUSTOM_MUSIC,カスタムミュージック
cb1835b35d601414,TID_LEAGUE_BRASS1_SHORT,ブラスI
2cd9260e383da7ad,TID_LOCAL_NOTIFICATION_EVENT_MAGICITEM_PACK,チーフ、魔法アイテムセールが始まりました！
6780413d52dc590a,TID_ALLIANCE_GAMES_REWARDS_NO_POINTS,報酬を受け取るには、チャレンジで一定のポイントを獲得している必要があります。
900facd0b8401db8,TID_RAGED_BARBARIAN,レイジバーバリアン
b00aba733b0764e7,TID_BP_BANK_MULTIPLIER,倍率：
528c66e18862808c,TID_RAID_MAP,合戦マップ
15a2c252d8fc0888,TID_TROOP_REQUEST_SPEED_UP_FAILED_FULL,クランの城はすでに一杯です！
afc03e92f4369f0f,TID_ALLIANCE_WAR_STAT_AVG_DESTRUCTION,平均破壊率
aee876a65d409911,TID_CLANGAMES_TASK_DESTROY_MORTARS,迫撃砲つぶし
dbbe06c3c10e01e3,TID_HASTY_BALLOON_ABILITY_HELP,最初の<num>秒間は移動速度がアップする
116c71c274bca064,TID_TUTORIAL_CLASHOWEEN_EVENT_C3,敵の村を襲撃して、禁断のエリクサーを集めましょう！
d80780a1e7bd8feb,TID_PLAYER_TAGS_SELECTED_TITLE,選択済：
204c6d4408bc0100,TID_TENCENT_AUTH_SUCCESS,認証されました
93c2edc3a637e674,TID_ACHIEVEMENT_REWARD_CLAIMED,達成項目をクリアしました！エメラルドを<number>個もらいました。
6092dd99c518a18a,TID_SIGN_TITLE,ビルダーのメモ
237a2d8c51ff2139,TID_WAR_DONATE_SPECTATOR,対戦に参加していないと援軍を送れません！
6d8044164ef6bae6,TID_STARTER_WINUSINGWB_INFO,<num2>体のウォールブレイカーを使い、マルチプレイで<num>個の星を獲得する。
817eb642f395a1ed,TID_EVENT_TITLE_REGULAR_THEMED_BUILD_TH0212,嵐の前の静けさ
6bce77fc7b0d7cc6,TID_MEMBERS_SORTED_BY_XP,XPレベル
5ff275c7883dbe04,TID_GC_NOCHALLENGE,達成項目を開く
a487b24e4acadf52,TID_RES_PACK_INFO_ELIXIR,• <gems>エメラルド\n• <res0>エリクサー\n\n収容量制限なし！\n\n期間限定セールで、資源を超お得にゲットしましょう！
12e5f0e4c33305c5,TID_EVENT_ARMY_INFO,自分の軍団で村を破壊して回りましょう！全ユニットの費用が<num>％オフになりました！
e5cce37255321e3c,TID_CHARACTER_INFO_SIEGE_MACHINE_LOG_LAUNCHER,ウッドランチャーは、速さや頑丈さでは他に劣りますが、破壊力をとればピカイチです。とめどなく丸太を投げ込んで、目の前にいるものをすべてなぎ倒し、敵のタウンホールへの突破口を開きます。なお、呪文の影響は受けません。
acb905390d83f85d,TID_ROYALE_SCENERY,ロワイヤル
ad343be899b12d5d,TID_DIAMOND_BUNDLE_MAGICITEMS_STRENGTH_POTION_INFO,• <gems>エメラルド\n• パワーポーション<booster1>個\n• 収容量制限なし！\n\nユニットの能力を最大限に引き出して、新しい編成を試してみよう！\n\nこのチャンスをお見逃しなく！
b3a68e2d718addb2,TID_GIANT_CANNON_INFO,誰であろうと、重砲の前では無力です。\nその巨大な砲弾は、あらゆるものを押しのけ、ただ前へ前へと突き進みます...
bfb537a506cacbf3,TID_POPUP_CHANGE_LANGUAGE,言語設定を変更しますか？
b7976a6905ffc809,TID_FINISH_SPELL,今すぐ完了：
740edfda9a9bca6e,TID_CONVERSION_OFFER_GEMS_NOOB_INFO_0099_0299_NEW,• <gems>エメラルド\n• 訓練ポーション<booster1>個 - 兵舎や呪文工場、突破工房の生産とヒーローの回復を1時間にわたって促進します\n\n• 収容量制限なし！\n• このパックの購入は表示の期間内に1回限りです！\n\nこの素敵な初回限定セールをぜひご活用ください！
eb6306590a98e65e,TID_BATTLEPASS_TASK_INFO_WIN_BATTLES_USING_SIEGE_BARRACKS,投下兵舎を使い、マルチプレイで<num>回勝利する。
9f43d7b010bf1d35,TID_LEGEND_LEAGUE_INFO_TAB2_HEADER,シールド
7d0fdbc85a461553,TID_PROFILE_ALL_DONATIONS,都での出資の合計
dbe48787a2414b88,TID_DIAMOND_BUNDLE_MAGICITEMS_SPELL_LEVEL_PACK,呪文アップグレードパック
579c37ee62fb2729,TID_BUILDING_CONSTRUCTION_PREVENTS,建設完了後に利用可能です！
b2d6c5b7a8abbe33,TID_TUTORIAL_PET_SHOP,チーフ、ペット小屋を\n案内させてください！
4d30e3fdbc945ce6,TID_POPUP_GIFT_RECEIVED_BUTTON,OK
65bb312e875d9cbf,TID_CLANGAMES_TASK_INFO_DESTROY_TESLATOWERS,マルチプレイで通算<num>個の<building>を破壊する。
049af431e8cdd56d,TID_TUTORIAL_STARTER_CHALLENGE_5,こうした報酬は、村を強化していく\n助けとなるでしょう。
b18797961b19db8e,TID_ALLIANCE_BUTTON_EDIT,編集
e98d060b9057712b,TID_MINER_INFO_SHORT,壁を破壊するなんで時代遅れです。地下から侵入してしまいましょう。
71a9890a1b381fce,TID_WL_COLUMN_DESTRUCTION,破壊率
d194be41f5167a3f,TID_WL_BONUSES_FAILED_NO_RIGHTS,ボーナスを支給できるのは、リーダーまたはサブリーダーのみです！
88670d0bed0eb101,TID_GEAR_UP_CANNON,大砲を二連砲に改造します。射程はやや短くなりますが、攻撃力は大幅にアップします。
4f29ce2248df1955,TID_BP_SKIN_TITLE,ヒーロースキン
f316e09dc00a5cc0,TID_OPEN_TRAIN_TROOPS,訓練
9a6f858bcf626196,TID_GEAR_TITLE_ARCHER_CROWN,アーチャー人形
9ce77f578e1c7aac,TID_DIAMOND_BUNDLE_BH3_ALT,初心者大工パック
452310ffa3096d8b,TID_MAINTENANCE_UPDATE_TEXT,クラッシュ・オブ・クランの次回アップデートでは、新しいユニットを含む最新バージョンに更新されます！
09ef5f4f26c02eb8,TID_DUEL_WIN_BONUS_PERCENTAGE,<percentage>％大工の拠点戦ボーナス：
7ccbf557f785921c,TID_DECORATION_PIRATE_ANCHOR_INFO,このイカリは船から切り離され、海底に沈められてからというもの、隠居生活を満喫しています。体調には気を付けているようですが、年齢を考えればガタが来るのは仕方がないでしょう。
c0ac02089ef4e0be,TID_BATTLEPASS_TASK_WIN_BATTLES_USING_MEGAPEKKA,スーパー大成功
31ad189084a65637,TID_SHARE_DUEL_TEXT,大工の拠点戦のリプレイをクランと共有しますか？
2b3504f4ad60c10d,TID_PRIORITIZE_UPGRADE_INVALID_ACTION,無効なアクションです
baf6dd779c4d4184,TID_HOG_WIZARD_ABILITY_NAME,灼熱ライダー
91a6c2857b81b094,TID_CAPITAL_HALL_LEVEL_TOO_LOW,都ホールレベル<number>以上が必要です！
6d4500e4a536156a,TID_CLANGAMES_TASK_WIN_HOMEBATTLES,勝利の積み重ね
4c8200957c6342c1,TID_HINT TOURNAMENT,クラントーナメントおよび寄付したユニット数のカウンターは毎月リセットされます。
618cde0d38c63bdd,TID_CLANGAMES_TASK_INFO_DESTROY_DARKELIXIRSTORAGES,マルチプレイで通算<num>個の<building>を破壊する。
881783cd19a79c6a,TID_CAPITAL_PLAYGROUND_SPELL_EXPLANATION_2,自分の攻撃中はもちろん、次の攻撃まで効果が継続するぞ。
ec9c9a6fb3e079b0,TID_TUTORIAL_WAR_LEAGUE_11,合計で最も多くの星を集めたクランが、リーグの勝者となります。
aaeff66ed528ab88,TID_NPC_CHALLENGE_BOWIGI_HEALERS,クイーンを使用する前に、<c54a0fe>ヒーラー</c>を隅に配置します。
1f0fbe22e1d66aed,TID_BP_RESOURCE_REWARD_GET_GEM_ALTERNATIVE_TEXT,所持数が上限に達しているため、すべての<resource>を受け取れません。\nあふれた分を<amount>エメラルドで売却しますか？
cce49779bdb292e0,TID_DEVICE_LINK_CODE_VALID_TIME,コードが有効です：
85f0ae5a01deef6f,TID_NAMECHANGE_WARNING,必ず適切な名前を選んでください
e20c2c4a9590e0de,TID_NPC_KING_HEALTH_LOW,<c9916c8>バーバリアンキング</c>のヒットポイントが\n低下しています。特殊能力を発動させましょう！
cdb6952e06e7bc3b,TID_WAR_DAY_DURATION,戦闘期間
966199fa7e2cbf7f,TID_BATTLEPASS_TASK_INFO_WIN_BATTLES_USING_DRAGON_RIDER,ドラゴンライダーを使い、マルチプレイで<num>回勝利する。
5597f3fd467fefb7,TID_STARTER_TH3_JOINCLAN,友を探して
e88ead80089826aa,TID_SUPPORT_TEXTBOX_PROMPT,クリエイターコードを入力
049d1ca6cb2a9b4e,TID_PRIVACY_POLICY_BUTTON,プライバシー・ポリシー
3ab0b42699422787,TID_TAB_NEWS,新着
dc820dd3edd5952f,TID_BATTLE_LOG,戦闘ログ
7cbcec7a6882c69c,TID_INFO_TARGET_TYPE,攻撃目標：
9a7586d4f07b9f2f,TID_MAP_LOCATION_14,荒れた隠れ家
ca9167e0425721de,TID_CAPITAL_RESOURCE,都ゴールド
5f6d1e8eaee4fd84,TID_REQUIRED_HQ_LEVEL,レベル<number>の都ホールが必要です
cfbf3fe891de6f44,TID_ARRANGED_WAR_SELECT_MEMBERS_HINTS,フレンド対戦では、戦利品やクランXPは手に入りません
3c282bece2447c4c,TID_OBSTACLE_STONE,岩
73e588cd502b5439,TID_ARTILLERY_INFO_SHORT,遥か彼方から敵の部隊を滅ぼします。
b85c2c5c6c9f7b44,TID_SHOP_CATEGORY_TRAPS,トラップ
9ce1c32823e1bbbe,TID_EVENT_SPELL_BOOST,1エメラルド生成ブースト
eeeeb2a1dffd3e78,TID_GOBLIN_KING,ゴブリン キング
780ec659299beca1,TID_PERSONAL_WAR_PREFERENCE_SHORT,クラン対戦への参加
6693f33aa3edd009,TID_CHARACTER_HOGLESS_RIDER_INFO,ホグから降りたライダーを侮ってはいけません。周囲の標的に力いっぱいハンマーをブン回します！
9c3cecae686902d0,TID_PLAYER_PROFILE_TROOPS_VILLAGE2,大工の拠点のユニット
979e05c95fdc8813,TID_OFFER_CW_TITLE,クラン対戦パック
de719b8626afa99a,TID_CLANGAMES_TASK_INFO_DESTROY_XBOWS,マルチプレイで通算<num>個の<building>を破壊する。
b3a7e1594b2a4139,TID_SUMMER_QUEEN,サマー クイーン
d531298ef461a5a0,TID_GEAR_RESOURCE_BONUS_LOOT_INFO,クラン対戦の終了時に「装備資源」を獲得できます。勝利すれば敗北した場合より獲得量が増加します！
e5ac4c862b87c66c,TID_BATTLEPASS_TASK_INFO_USE_LOONS,エアバルーンを使い、マルチプレイで<num>個の星を獲得する。
16094e1b26141aef,TID_BOOSTER_FREE_TROOP_UPGRADE_OFFER_INFO,戦いのハンマー<num>個 - いずれかのユニットを瞬時にアップアップグレードします
6345055437cc8607,TID_LOOT_SHORT,戦利品：
cf11b8ee89ac4b46,TID_PREPARE_DURATION,準備：
edca4f30b9153098,TID_CAPBUILD_SPELLLAB_GRAVEYARD,スケルトンラッシュの呪文工場
017cffd440df9137,TID_INFOBUBBLE_BUILDER_NOT_INPROGRESS,進行中のアップグレードはありません
1e0159bfa6f797c1,TID_ALLIANCE_WAR_ENDING_PROMPT,クラン対戦終了
74e65e451f938ef1,TID_PERSONAL_WAR_PREFERENCE_DESCR,これを設定すれば、クラン対戦への参加意思をクランリーダーに表明できます。
588fd5919b97ea8f,TID_BOOSTER_BUILDERS_OFFER_INFO,大工ポーション<num>個 - 大工の作業速度が<time>にわたって<multiplier>倍になります
ab20df12ab369372,TID_BATTLEPASS_TASK_COLLECT_ELIXIR,エリクサー収集
dadf0f54659b4796,TID_ITEM_LEVEL,<item>（レベル<number>）
3ef9be85ef5632e9,TID_CAPBUILD_INFERNO_INFO,大型ユニットの宿敵であるインフェルノタワーは、\nターゲットを取った敵に対して壊滅的なダメージを与えます。
3380fb5ce38be584,TID_FEATURE_SPELLS,呪文
7ef29dabe1779f0e,TID_POPUP_SPEED_UP_CONSTRUCTION_SLOWDOWN,<item>を建設中のため、訓練速度が遅くなっています。今すぐ完了させますか？
447559aa9d79f2a1,TID_STARTER_TH3_WINSTARSGOBLINMAP,ゴブリン退治
a258772d65bf9758,TID_LABORATORY_INFO,ウィザードたちは、ラボにどんな秘密を隠しているのでしょう？それを知る勇気のある者は1人もいません。分かっているのは、研究のおかげでユニットや呪文がより強く、硬く、素早く、素晴らしくなるということです！
25cc3657a3900531,TID_WEAPON_INVISIBILITY_SPELL,インビジブルの呪文タワー
7e6905d2c57c41b5,TID_ATTATID_POPUP_CONFLICTING_ACCOUNT_TEXT,ログインしようとしているアカウントは、ローカルに保存されているアカウントと異なっています。新しいアカウントに切り替えますか？
e24eeb548be744ea,TID_CAPBUILD_BARRACKS_MEGAGROUND_INFO,地面に巨大なゴーレムの形の穴が空いています。\n周りが穴だらけにならないことを祈るばかりです...
42e077b84b33d3ab,TID_BP_PERK_UNLOCKED_IN_REWARDS,アップグレードは報酬タブで回収できます
240a8cb49ec76273,TID_NPC_CHALLENGE_TH4_GIANT_WALL_BREAKERS,<c54a0fe>ジャイアント</c>が倒される前に、\n素早く壁を破壊しましょう。
3170797e0cf9a54a,TID_ACHIEVEMENT_WAR_STARS_COMPLETED,クラン対戦の戦闘で獲得した星の総数：<value>
27aa9145f4b13994,TID_ALLIANCE_WAR_STAR_XP_DESC,星を<num>個獲得でクランXPボーナスを+<xpnum>獲得
f7b3bbf514f517f7,TID_OBSTACLE_CNY2017,花火の山
ac609fbbd91d8052,TID_STREAM_EVENT_STARTED_WAR,クラン対戦の相手を探しています
85ab9420cbb71644,TID_ACHIEVEMENT_DESTROY_TOWNHALL2,大工の拠点戦で通算<number>個のビルダーホールを破壊する。
58ee454b46c1642a,TID_BUTTON_CLAN_WAR_MATCHED_START,チャレンジ
3dedf011b8009414,TID_REPORT_REASON_ABUSIVE,辱骂
8e28a76f71bd3d82,TID_BATTLEPASS_TASK_WIN_STARS_USING_HEAL_INFO,ヒールの呪文を使い、マルチプレイで<num>個の星を獲得する。
df7f50c0c2bee42e,TID_BUILDING_REINFORCEMENT_CAMP,援軍キャンプ
9c55bf53e62d17ec,TID_CLANGAMES_TASK_INFO_USE_GIANTS,<num2>体のジャイアントを使い、マルチプレイで<num>個の星を獲得する。
c28f5d0b7acedf7d,TID_TAB_VIEW_VILLAGE2,大工の拠点
e5716a1649b3c245,TID_DECO_HOGMASTER,サンタバーバリアン
89cbf27c7d8c745a,TID_NEXT_LEAGUE,次のリーグ
59c2dc83ba5d0773,TID_BATTLEPASS_TASK_WIN_BATTLES_USING_PEKKAS,重量級チャンピオン
8a46f01cb0323777,TID_TRAINING_SCREEN_BARRACKS,兵舎
2dbcab779e56ebae,TID_ALLIANCE_WAR_CANNOT_ATTACK,村の準備が整っていません。数分待ってから再度お試しください。
04de6bd34d185edb,TID_IAP_INFO_TEXT,"청약철회는 구매일로부터 7일 이내 가능(단, 사용시 철회불가) 법정대리인 동의 없는 미성년자명의 결제 시 취소가능"
7944b3d540e31fbe,TID_CAPITAL_REWARD_FULL,収容スペースが足りません！
ab8f55778b17456c,TID_CLANGAMES_TASK_WIN_STARS_VS_TOWNHALL_9,尊いTH9
d7f0dd2aa02cca86,TID_CLANGAMES_TASK_USE_ICE_HOUNDS,凍てつく空気
a6766ae51e67d677,TID_LIFE_STEAL,攻撃ごとの回復量：<number>
9ff21f7f8b7692a5,TID_MAP_LOCATION_3,勝利の谷
37406b2407a42210,TID_SIEGE_WORKSHOP_INFO,突破工房は、突破兵器が作られる場所です。突破工房をアップグレードすると、更なる突破兵器がアンロックされます！
041beabd978bc37a,TID_CONFIRM_ALLIANCE_GAMES_SPEEDUP_TITLE,新しいチャレンジを開始しますか？
60a8d7b624e4414a,TID_UPDATE_REQUIRED_TO_CONTACT_SUPPORT,ヘルプとサポートを利用するには、ゲームのバージョンをアップデートする必要があります。
a095458767cdd41f,TID_BUTTON_REPLAY,リプレイ
d3c62c339f9eef96,TID_CLANGAMES_TASK_INFO_DESTROY_BB_ARMYCAMP,大工の拠点戦で通算<num>個の<building>を破壊する。
336e49e8a2560491,TID_CLANGAMES_TASK_USE_HEALERS,パワーヒーリング
b0cf00402f91baee,TID_DIAMOND_BUNDLE_BH7,ビルダーホール7パック
d7a92dc62cb41b42,TID_NEWS_TH11_UPDATE_HERO_TEXT,• ユニットを強化し守ることで、パワフルで新しい戦術をもたらします。\n• グランドウォーデンは、近くにいるすべてのユニットの防御力を高め、一時的に無敵状態にすることができます！\n• ジャンプもできますし、空だって飛べます。グランドウォーデンを賢く使って、あなたの軍隊をステキに輝かせちゃいましょう！
32f8873e0de6ea42,TID_NEWS_TH11_UPDATE_SPELLS_TEXT,• クランの城レベル4以上で、クランの他メンバーにユニットだけではなく呪文の寄付もリクエストできるようになります。\n• 呪文の寄付は、現在までに登場しているすべてのクラン特典の対象です。\n• 「フリーズ」の呪文がタウンホールレベル9から使えるようになり、低レベル時の各効果時間が少しだけ長くなりました。
643fef9654be5e38,TID_SUPER_MINER_ABILITY,ラストブラスト
3153070d532bbbf5,TID_THUPGRADE_COMPLETE_INFO,次のブーストが適用されます：
10816e17e4a809e8,TID_REPORT_REASON,原因
33f1973348d37a5d,TID_CLAN_WAR_LEAGUE_BUILDING_LEAGUE_BRACKET,リーググループを作成中...
e4fffbeb698bb0e1,TID_SUPER_WIZARD_ABILITY_HELP,改良された稲妻のような火の玉が命中すると、近くの標的にダメージが連鎖する
b5c824703c6895d7,TID_MASTER_BUILDER_BUILDING,マスター大工の小屋
a230ea218c8ba5c4,TID_PRODUCTION_RATE,生産量：1時間に<number>
a65e9a6d65784601,TID_CHARACTER_INFO_SKELETON,スケルトンは一体では大した戦力ではありません。しかし彼らは決して一人で戦うことはありません。ネクロマンサーが無限に召喚し、大群で敵に襲いかかります！
6d132ad9771555f7,TID_TRAP_TORNADO,トルネードトラップ
0cfd19eb11a0d76d,TID_GOBLIN_SPEAKS_1,ぎひゃひゃひゃ！\nまだオワリじゃないからな！
9b165edfd770220f,TID_PROFILE_FRIENDS,フレンド
2cf7f38e39544159,TID_REPLAY_SHARE_TEXT,大工の拠点戦のリプレイをクランチャットで共有しますか？
3a16fa5361439258,TID_LOCAL_NOTIFICATION_EVENT_CHINESENEWYEAR,チーフ、特別な旧正月セールが始まりました！
08d525d0039adf2d,TID_PLAYER_MUTED,プレイヤーをミュートしました！
3465915d4a2b3676,TID_RAID_WEEKEND_SIGNUP_LEADERS,週末合戦では、所属クランが他のクランの都と戦います。仲間と協力して攻撃を行い、貴重な報酬を手に入れましょう！\n\nクランの準備が整ったら、さっそくご参加ください！\n\n週末合戦はあと<time>で終了します。
e8047d724ab10c71,TID_BATTLEPASS_TASK_INFO_GET_FRIENDLY_HOMEBATTLESTARS,自分の村のフレンドリー・チャレンジで通算<num>個の星を獲得する。
8428ee5442ab71e9,TID_DEVICE_LINK_WRONG_ACCOUNT_ANDROID,今プレイ中の村は、現在ログイン中のものとは別の Google アカウントに関連づけられています。\n\n設定画面に移動して、現在のGoogle アカウントからログアウトし、この村に関連づけられたアカウントでログインし直してください。\n\nその上で、もう一度関連づけを行ってください。
a3fbd8e652ffeca5,TID_HINT_MORTAR_DAMAGE,迫撃砲は着弾地点の周囲にいるすべての地上ユニットに爆風でダメージを与えます。
4985d3620513b880,TID_SEARCH_TAB,探す
6919cfd023cb7c1d,TID_DIAMOND_BUNDLE_BH9_ALT,無敵の拠点パック
95fe3a9456b48e76,TID_ACHIEVEMENT_LOOT_GOLD,ゴールドを合計<number>奪う。
f0d3e1220ec28a89,TID_NEW_BEST,新記録
8adc78ec3fc93825,TID_DIAMOND_BUNDLE_BH8_INFO,• <gems>エメラルド\n• <res0>エリクサー\n• <res1>ゴールド\n• レベル4メガテスラ\n\n建設時間なし、収容量制限なし！\n\nこの<cffec78><value>倍バリュー</c>は、1度限りの特別提供となります！
17bdb0615860e3ab,TID_CLANGAMES_TASK_USE_LAVAHOUNDS,ラヴァはラヴ
b7b2c918ad189e00,TID_CLANGAMES_TASK_INFO_DESTROY_BB_BUILDERHALL,大工の拠点戦で通算<num>個の<building>を破壊する。
278e7e2702a32089,TID_TRAP_SHRINK_SP,ゴブリンのちびっこトラップ
3d00df0266bdba12,TID_BATTLEPASS_TASK_INFO_WIN_BATTLES_USING_BOXERGIANTS,<num2>体のボクサージャイアントを使い、大工の拠点戦で<num>回星1つを獲得する。
eb69b73f59f73a37,TID_BP_SEASON_BANK_EXPANDED,シーズン資源の容量が増えました！
91da4b3d37848b4f,TID_NPC_CHALLENGE_TH12_DRAGBAT_SNIPE_ARCHER_TOWER,<c54a0fe>エアバルーン</c>で<cf70d16>アーチャータワー</c>を狙いましょう。
a9ebc92161ebf477,TID_CLAN_GAMES_TAKE_A_TASK,選ぶ
eee89fa5b7b318f0,TID_EDIT_MODE_REMOVE_ALL_BUTTON,すべて削除
2fd583e3bc986f8d,TID_NOT_ENOUGH_SPELL_STORAGE,呪文置き場に空きがありません！
72d095e358d4d98c,TID_GIANT_CANNON_INFO_SHORT,軽量級のユニットをボウリングのピンのように吹き飛ばします。
5f53fc2d14b2741e,TID_HASTE_TOWER,タワーレイジ
eea0d018300ef5b9,TID_VIEW_HIGHSCORES,世界最強クランとプレイヤーランキング
d6e2b5812a9082dd,TID_HINT_DARK_ELIXIR_LOOT,ダークエリクサーは、保管施設さえ作っておけば攻撃した村からうばえるようになります。
5fd9bdb0041e6b83,TID_CHARACTER_GIANT_ACTIVE_INFO,使用するとすべてのダメージを<num>秒間防ぐ
e878b1a724534ddb,TID_OBSTACLE_MUSHROOM,キノコ
6258cf24f8097ca3,TID_CLANGAMES_TASK_INFO_USE_YETIS,<num2>体のイエティを使い、マルチプレイで<num>個の星を獲得する。
65ca8769db70e33d,TID_BUILDING_TOWN_HALL2,ビルダーホール
61c2166f18fcafbc,TID_BUTTON_TRAIN_PRESETS,高速訓練
229d5559db6578f4,TID_HINT_TESLA_TARGET,かくしテスラの塔は飛行ユニットと地上ユニットのどちらにも攻撃できます。
a51e7943264e2346,TID_FEEDBACK_BUTTON4,フィードバック
9ddb7836de25c515,TID_BUTTON_ACCEPT,承認
f2161541476f4db0,TID_DECO_PAINTED_BABY_DRAGON,装飾されたドラゴンの像
7503339d56a460d4,TID_CAPBUILD_SPELLLAB_LONG_HASTE_INFO,無限ヘイストの呪文が詰まった大きな樽を生産します。そばを通った村人は、なぜか速足になるとか...
a39917cac08d6019,TID_STARTER_TH2_UPGRADEBARRACKS,筋力で解決
c0989732bc828e8b,TID_BATTLEPASS_TASK_WIN_BATTLES_USING_YETI,雪男の襲来
45367c60962c1407,TID_REPAIR_SHIP_2,船があれば、新しい場所に\n行くことができます！
bde2ed814406e2cc,TID_ALLIANCE_JOIN_ERROR_NOT_FAMILY_FRIENDLY,参加できるアカウントの種類が制限されたクランです。他のクランをお探しください。
566d67a70b388387,TID_LEAGUE_HERO2,タイタンリーグII
106aadf1a389324c,TID_TUTORIAL_CANNON_4,村に大砲を設置してください。\nタウンホールを守らないと！
c7cac06a44e761eb,TID_CLANGAMES_TASK_DESTROY_ELIXIRSTORAGES,エリクサータンク襲撃
fc42083a90da3902,TID_CLANPERK_DESC_WAR_LOOT_MULT_VALUE,<value>％
c1e730ac8e93e3fc,TID_NPC_CHALLENGE_TH12_YETI_YETIS,<c54a0fe>イエティ</c>を投入して、<c9916c8>グランドウォーデン</c>の注意を引きましょう！
263bcc0130d9218a,TID_ACHIEVEMENT_COMPLETED,達成項目をクリアしました！
5d4fc84d3f12156f,TID_ERROR_POP_UP_PERSONAL_BREAK_EXTENDED_TITLE,休憩時間延長
a2373926722b6ef4,TID_EVENT_TROOP,<troop>イベント
c2bf7af41c476fef,TID_CHARACTER_ELECTRO_TITAN_INFO_SHORT,シビれるほど強力な戦士です。
7a8e750059290d86,TID_NPC12,巨砲主義
d17320f88efaccb5,TID_TUTORIAL_MEET_NEW_BUILDER2,ほえ...？お客さんかい！いやっほう！
f344810daf6797f1,TID_CAPITAL_REWARD_END_BATTLE,クランの都宝箱に合戦メダルが追加されました
e53870bed3c38b5e,TID_CLAN_MIN_TROPHIES,クランポイント最低値：
3c60b71fd0e8d315,TID_WORLD_FINALS_23_STATUE,世界一決定戦2023記念像
45a763a88b2d25eb,TID_COSMETIC_ESTATE_3X3_WOODEN_CABIN,木の住居
ded1ebe725f066a0,TID_CRAFT_RESOURCES_TITLE,造幣を開始しますか？
1b8ac7d2d2ea08dc,TID_REGION_INT,インターナショナル
671c426400043784,TID_CLAN_TAG_INTERNATIONAL,インターナショナル
44017ca00ed44daa,TID_WEAPON_RAGE_SPELL,レイジの呪文タワー
05b6aa088309e692,TID_CANT_START_PVP_VILLAGE_EDIT_OPEN,まず村の編集モードを閉じてください
e8dce67cf5334ed3,TID_GEAR_UP_TIME,改造時間
417602a8b84dacb9,TID_INVITE_FRIEND_CONFIRMATION_TITLE,フレンドを追加しますか？
fff2f0ec37bac3c6,TID_CHESS_KING,チェス キング
1c857a0d80fe9f76,TID_DECO_FOREST_2,木立
b027a20121f61599,TID_NUMBER_TWO,2
2216619eea1271a0,TID_RECALL_TROOPS_TO_DEPLOY_THEM_AGAIN,ユニットをリターンして再度配置しましょう
2ed114eb454b9c2f,TID_RAID_INFO_TAB_OVERVIEW_TITLE,概要
ec39e6843ea1c3b8,TID_COSMETIC_ESTATE_2X2_SMALL_HUT,小屋
549520bc6a6cd99d,TID_CLANGAMES_TASK_INFO_USE_MAGIC_ARCHERS,<num2>体のスーパーアーチャーを使い、マルチプレイで<num>個の星を獲得する。
97b9e79df5817d60,TID_BB_ATTACK_GOLD_STORAGE_ALMOST_FULL_TEXT,大工の拠点ゴールドの保管容量がもうすぐいっぱいになります。攻撃を開始しますか？
30410acb1b795631,TID_FB_CONNECT_NOT_SAFE_TEXT,村をFacebookに関連づけると、友達とつながることができます。ゲームの進行状況を安全にバックアップしたり、複数のデバイスでプレイするには、Game Centerにサインインしてください。
56279f9ae3d2be03,TID_CLANGAMES_TASK_DESTROY_ELIXIRPUMPS,エリクサーポンプの排除
22860bfa87f53486,TID_CHARACTER_TREANT,ルートライダー
6cb2b96fbb9046a4,TID_CLANGAMES_TASK_DESTROY_BB_MULTIMORTAR,連装ゲーム
6d74103b16da12da,TID_BP_PERK_TRAINING_BOOST_DESC_STARTER,ユニットの訓練、呪文の生成、および突破兵器の建設に\n必要な資源と時間が減少します。\nまた、ヒーローの回復時間も短縮されます。
b2a6757e6a532ef2,TID_GEAR_UP_ARCHER_TOWER,アーチャータワーを低くするスイッチを追加します。低くすると、攻撃速度が大幅にアップします！
daece7442c816223,TID_UPGRADE_TH_NOT_RECOMMENDED_TITLE2,おすすめアップグレード：
b46a05fd92825f82,TID_CLANGAMES_TASK_BEAT_ELIXIRTARGET,エリクサーチャレンジ
e8a9119640021b58,TID_SPELL_FACTORY_VOUCHER_CLAIM_FAILED_TITLE,クーポンを回収できませんでした
fc99ecfb21f678ac,TID_CAPBUILD_GOBLIN_HUT_INFO,空っぽのゴブリンの小屋です。売りに出されているのでしょうか？
1d296e02866b6d39,TID_BATTLEPASS_TASK_INFO_WIN_BATTLES_USING_MEGAPEKKA,<num2>体のパワーP.E.K.K.Aを使い、大工の拠点戦で<num>回星1つを獲得する。
f85dce4c3397ba56,TID_EVENT_SPELL_BOOST_INFO,呪文の生成を4倍速にします！\n\nわずかエメラルド1個で、呪文の生成をブーストできます。
37c561cca408ad22,TID_BATTLEPASS_TASK_WIN_STARS_USING_LIGHTNING_INFO,ライトニングの呪文を使い、マルチプレイで<num>個の星を獲得する。
07d6ef696851eefb,TID_CLANGAMES_TASK_USE_SIEGERAMS,ウォールバスター大進撃
a78c063b968c0e7e,TID_BOOST_ALL_ATTACK,すべての軍事設備
c23cff319cfb4e0a,TID_CHARACTER_INFO_BARBARIAN_SHORT,自慢の剣を振り回すクラクラの立役者です。
259098bf7241d6b6,TID_ATTACK_FAIL_RESTRICTED,この村は攻撃できません。
c105d98f02a42672,TID_ALLIANCE_REQUEST_SENT,リクエストを送信しました！
49b10dbaef18de26,TID_MOUNTAIN_GOLEM_ABILITY_NAME,クラッシュ
dc131726b60282f1,TID_ALLIANCE_GAMES_COMPLETE_TASK,完了
7698f40b30ec0550,TID_ALLIANCE_WAR_LOOT_NOT_EXIST,宝庫に資源がありません。
ab6e2b2177e76089,TID_CLANGAMES_TASK_INFO_DESTROY_BB_DOUBLECANNON,大工の拠点戦で通算<num>個の<building>を破壊する。
61abd3ccb712668f,TID_HINT_WARMACHINE1,バトルマシンを修復すれば、攻撃のときに強力なヒーローとして使えるようになります！
c6660714db887018,TID_PRIORITIZE_UPGRADE_NO_PERMISSION,アップグレードを優先する権限がありません
08e32b67c0d4b859,TID_CHALLENGE_TH5_LOON,バルーンパレード
6379748f2d0299b3,TID_POPUP_REVENGE_CLEAR,それぞれの防衛ログエントリーに対してリベンジを選択できるのは１回のみです。本当によろしいですか？
be442f21254d8177,TID_SCENERY_HOG_MOUNTAIN,ホグマウンテン
b73e474c429adf58,TID_CAPBUILD_MEGATESLA,かくしメガテスラ
dfb268b354492e02,TID_TRAP_HALLOWEEN_SKEL_INFO_SHORT,防衛設備が火を吹いている最中に、敵をさらに苦しめます。
7966fb5571de3d88,TID_ALLIANCE_TAB_CLANS,クラン
538185b47b3dcf9d,TID_NEWS_TH11_UPDATE_GAMEPLAY_TITLE,ゲームバランスの改善
53aa3daa93b0adf0,TID_LEAGUE_CHAMPION2,チャンピオンリーグII
fbca660cea252fda,TID_BP_UNLOCKS_TEXT,シーズンチャレンジはタウンホールレベル<value>でアンロックされます
e93d452f4cdaee3d,TID_ADD_FRIENDS_INFO_REQUESTS_YP,プレイヤープロフィールからゲーム内フレンドに追加しましょう。
b01ef899e6ba1951,TID_DIAMOND_BUNDLE_MAGICITEMS_EVERYTHING_BOOK,森羅万象の本パック
efc13b62035da5c8,TID_ITEM_ALREADY_DONATED,すでにこの援軍を保有しています。
5220d8207604b97c,TID_ALLIANCE_TYPE_CLOSED,参加不可
58bdceb154bcc043,TID_CHARACTER_INFO_BALLOON_SHORT,華奢な乗組員が上空から防衛設備を爆撃します。
56ca2aaa8ccfb20a,TID_GAMES_OVERVIEW_HEADLINE,概要
1ba937654adbe9f3,TID_TOTAL_HERO_HEAL,ヒーローの合計回復量：<number>
c0865a88f90aa25a,TID_FRIENDLY_WARS,フレンド対戦の受け入れ
94c3cf2c5a4d57a7,TID_NPC76,思わぬ刺客
7bc1ebdde3716e32,TID_REENGAGEMENT_ATTACK_1,チーフにお戻りいただいたことに\nユニット一同、感激してますよ！
a8956a80813a54dd,TID_SHUTDOWN_STARTED,5分後に短時間のメンテナンスを開始します。メンテナンス中は攻撃ができなくなります。
ff6b98a68bd952f5,TID_STAR1,グレート！
c57f9e25246d1ca7,TID_EDIT_MODE_SAVE_BUTTON,セーブ
05537b44801c4b75,TID_CLAN_CAPITAL_RESULTS,都での戦績：
c079cc3fc3e47e6e,TID_HINT_TROPHY_COUNT,戦闘に勝った時にもらうトロフィーは、対戦相手のトロフィーから差し引かれています！
82c55c80062f4629,TID_DIAMOND_BUNDLE_BH5_ALT,熟練者大工パック
b34dcc4eac5135f4,TID_REENGAGEMENT_DAILYCALENDAR_1,ですが、その前にもう一つだけ...
a8ce27bade82d357,TID_EVENT_TOKENS,禁断のメダル
8ff1f5333eac4b5b,TID_REQUIRED_BARRACK_LEVEL,レベル<number>の兵舎が必要です
d399b66d8ce65fd5,TID_CHARACTER_YETIMITE,ミニイエティ
56c2a8e1430bae14,TID_DIAMOND_BUNDLE_MAGICITEMS_VILLAGE_UPGRADE_PACK,建物アップグレードパック
01b9df0d407543d9,TID_NPC_DEPLOY_STEPS_ON_TEXT,チュートリアルありで\nステージを再スタートします。
f17519626d90c9e0,TID_BATTLEPASS_TASK_DESTROY_BUILDERSHUTS,大工泣かせ
1d6acb6bc2b35745,TID_RUINS_BARRACKS,兵舎の廃墟
3323288d856e51ea,TID_WL_INFO_LIVE_TAB1_TEXT,<cFCE27F>ランキングの仕組みは？</c>\n\n所属クランが他の7つのクランに対してどの順位にいるのかは、ランキングから確認できます。ランキングは戦闘週間を通した各クランの戦績を示しており、これは獲得した星の合計数に基づきます。クランが対戦に勝利すると、その都度さらに10個の星を獲得できます。星の獲得数が多ければ多いほど、クランの順位も上がります！
0ae86a011e49eb51,TID_CAPBUILD_BARRACKS_BATTLERAM_INFO,たくさんの攻城バーバリアンを収容できる恐るべき施設です！
c7637faeac947501,TID_BP_AUTO_REWARDS_TITLE,獲得したシーズン報酬
cb3819f4a385c568,TID_BUILDING_TEXT_LOW_AMMO,弾薬不足
ae44673f5dd943a3,TID_DECO_JINGLEBELL,ジングルベル
fb50914dedca7c37,TID_HINT_DARK_SPELLS,闇の呪文は通常の呪文よりも収容スペースを取らないため、より多くの呪文を戦場に持ち込めます！
c22bd5865cad4cc2,TID_GEAR_RESOURCE_COMMON,ブルー鉱石
c9b188d84bd354bb,TID_NEWS_UPDATE_AIR_MORTAR_TITLE,
3702dd467634fb41,TID_EVENT_ARMY_BOOST_INFO,ユニットを4倍速で訓練しましょう！\n\nわずかエメラルド1個で、ユニットの訓練をブーストできます。
f8020f5001afe2b2,TID_CHARACTER_SPEAR_GOBLIN,槍ゴブリン
fb5d8707ba655964,TID_ERROR_POP_UP_OUT_OF_SYNC_BUTTON,ゲームをリロード
721c9a0736e911ff,TID_WIN_BONUS,勝利ボーナス
7e985815fba6d1a2,TID_GEM_BUY_CONFIRMATION,<amount>個のエメラルドを受領しました！
fa00f07caa565757,TID_LEGEND_SEASON_END_INFO_WITH_PRESTIGE,グローバルランキングで<rank>位になり、レジェンドトロフィー<prestige>個を獲得しました！あなたの目覚しい活躍はプレイヤープロフィールに記録され、誰もが閲覧可能です。
e8fe177d2f38918e,TID_TUTORIAL_CLASHOWEEN_EVENT_D2,回収するのをお忘れなく。必ずや助けになるはずです。
2690fbe219424308,TID_ACHIEVEMENT_TOWN_HALL_COMPLETED,現在のタウンホールのレベル：<value>
5d08fab2956a5bc0,TID_SPELLS_INSIDE,保存済み呪文数：<number> / <number2>
60ce5681d7f1f704,TID_UNITS_LEFT,残り <number>
59305c57424d695d,TID_HINT_AIR_MINE_MINION,ホーミング対空地雷は、ガーゴイルを感知しません
171a9d8b38463528,TID_LEGENDS_MP_SUMMARY,戦闘ログ
74ba5816b7be675e,TID_UNLOCK_DISTRICT,地区をアンロック：
048aea61963ff245,TID_HERO_ABILITY_WARMACHINE_DESC,バトルマシンは強力な落雷を発生させ、自分の耐久力を若干回復させるとともに、次の攻撃の威力も強化します。チャージすると耐久力がさらに回復し、ダメージも増加します。高レベルでは雷が複数の敵を攻撃するようになります！
2eed8107103bcabf,TID_NOTIFICATION_WL_ENDED,クラン対戦リーグが終了しました！クランの戦績を見てみましょう！
940c6277b9521b2a,TID_TRAINING_QUEUE_IS_EMPTY,訓練の予約は空です
4479ac8f05425586,TID_LOCAL_NOTIFICATION_EVENT_TROOP_TRAINING_BOOST,チーフ、1エメラルド訓練ブーストイベントが始まりました！
7cf15a5c903c026d,TID_HINT_ARTILLERY_TARGET2,イーグル砲の攻撃の着弾点には、照準マークが表示されます。
b2f7acf605a61599,TID_NUMBER_ONE,1
c572792402d44bc1,TID_PETS_FEATURE_DESCRIPTION,心強いペットをヒーローに付ければ、戦況が魔法のように変わります！
1b0c758a2603ef7f,TID_NOT_ENOUGH_EVENT_TOKENS,<hard_currency>が足りません。<soft_currency>を集めて手に入れましょう。
a089532204d60f65,TID_CHALLENGE_TH13_HYBRID,リングの天敵
4de752adda00587f,TID_POPUP_BOOST_SIEGE_WORKSHOP,<time>、突破兵器の建造スピードを<multiplier>倍にしますか？
4c06c815363e4d35,TID_LEAGUE_WARDEN,リーグ ウォーデン
291b09eab460d223,TID_V2_START_DUEL_ACTIVE,すでに大工の拠点戦が始まっているため、マッチを検索できません
b5ca5df737a809af,TID_REGULAR_THEMED_PREPARE_OFFER_INFO_TH0206_999,• <res0>エリクサー\n• 訓練ポーション<booster1>個 - 兵舎や呪文工場、突破工房の生産とヒーローの回復を1時間にわたって促進します\n• パワーポーション<booster2>個 - ユニットと呪文が1時間にわたってタウンホールの最大許容レベルになります\n• 資源ポーション<booster3>個 - 資源施設の生産率を1日にわたって大幅にブーストします\n\n• 収容量制限なし！\n• このパックの購入は表示の期間内に4回限りです\n• ヒーローやユニットをアップグレードして、強大な呪文を生成しましょう！
d48ef5282df8bddb,TID_SPELL_FACTORY_VOUCHER_CLAIM_SUCCESS_TITLE,獲得した報酬
391259a90e1baa56,TID_SHOP_CATEGORY_RESOURCE_BUILDINGS,資源
a5429cd13a31291c,TID_CHARACTER_INFO_DRAGON_SHORT,鋼のような鱗と凄まじい炎は、まさに死のコンビネーションです。
81066b0df9c9d6ae,TID_HINT_WIZARD_TOWER_DAMAGE,ウィザードの塔は効果範囲内のすべてのユニットにダメージを与えます。
dc2551c5c5fe929e,TID_GP_GET_BANNER_TITLE,ゴールドパスを購入
919f00781ba1c281,TID_BUTTON_RAID,合戦
46e214bb9c5651b9,TID_RESOURCE_CAP_FULL_GENERIC,保管施設を増やすかアップグレードしてください！
6e872072f12d9414,TID_BUTTON_START_MATCHMAKE,今すぐ探す
62bb97f2527c0aea,TID_STREAM_BUTTON_ATTACK,攻撃
48f1b4e998bdfb0b,TID_CLANGAMES_TASK_INFO_WIN_WARSTARS,クラン対戦の攻撃で、星を<num>個獲得する。
a9024977cb015a97,TID_POPUP_SOCIAL_LIST_TITLE,ソーシャル
6e6f4a4d38706a9b,TID_DARKTOWER_AMMO_FILL_CONFIRMATION,インフェルノタワーを満タンにしました！
28bfe2d37a5da95e,TID_EP_REWARD_LOCKED_NEED_PREMIUM,この報酬をアンロックするにはイベントパスが必要です。
3ab57d7973aeaf50,TID_MAP_LOCATION_16,くすぶる丘
dfcace3f7698f2d6,TID_SHIELD_POPUP_PERSONAL_BREAK,注意：シールドなしで長時間プレイすると、村人たちは少し休憩しなければいけなくなります。
ae293839033ab090,TID_BATTLEPASS_TASK_WIN_BATTLES_USING_HOGRIDERS,頼みの騎兵隊
0faa69675c9efdf7,TID_POISON_CLOUD_INFO_SHORT,毒が発生するエリアを作り出し、範囲内の敵にダメージを与え、移動速度を低下させます。
ca018c5c9a031a9b,TID_TAGS_SELECTED,<num>/<max> 選択済み
03b1254b05fc7a94,TID_CLANGAMES_TASK_DESTROY_BB_BUILDINGS,建物ドッカーン！
099bbd08d6f83813,TID_PLAYER_MUTED_HUD_MESSAGE,ミュートされています。詳細は受信トレイを確認してください。
719edee8b395360e,TID_TOWN_HALL_5_INFO_SHORT,タウンホールに魔法が降り注ぎます！
b727f57c9de2863d,TID_CAPITAL_PLAYGROUND_GATES_4,射程距離が長いユニットで対抗するといい。手も足も出んはずじゃ。
02c564b6a9b77389,TID_HINT_RESOURCES_ARE_SAFE,大工の拠点内の資源が敵に奪われることはありません。
1c6513e40baf4d57,TID_BUTTON_ATTACK_MODE_NEAR_FAST,速射
c73918a5e87de986,TID_ACCEPT_FRIEND_ERROR_TOO_MANY_FRIENDS,フレンドを追加できません。リストがいっぱいです！
eb4db1e12ed31b71,TID_CANCEL_WAR_MATCHMAKING_CONFIRMATION_TITLE,検索を中止しますか？
35b6ecf31390062e,TID_NOTIFICATION_BUILDER_IS_BACK,大工が帰ってきました！
5091b159bf17ec73,TID_LEAGUE_RUBY2_SHORT,ルビーII
b61f4ceff402655e,TID_BATTLEPASS_TASK_INFO_USE_GOBLINS,ゴブリンを使い、マルチプレイで<num>個の星を獲得する。
38f519899f3ea4cf,TID_LOOT_CART_TRANSFERRED,資源カートの資源を回収しました！
a3a9d6e91d1d94a1,TID_CLANGAMES_TASK_USE_BABYDRAGONS,ベビーの大冒険
16a74558fd8b3a53,TID_MORE_CLASH_COM,ClashofClans.comでクラクラの世界を探索
d79c3e8daad5a213,TID_NPC_CHALLENGE_TH8_GOWIPE_WALL_BREAKERS,防衛設備が他のユニットを攻撃している隙に、\n<c54a0fe>ウォールブレイカー</c>を使って壁を破壊しましょう。
89962e89ee42f3bc,TID_RATE_APP_TITLE,このゲームを評価
e69970ed51704a94,TID_TENCENT_LOGIN_PROMPT_UNBLOCKED_WECHAT,ゲーム依存症防止の最新の規定に従い、ゲストアカウントでログインされた場合は、実名認証を完了することができません。また、プレイ可能時間が15日間につき1時間に制限されます。\n\nプレイヤー様は以前、WeChatにゲームアカウントを接続しております。ゲームを最大限お楽しみいただくには、WeChatに再度ログインしたうえで、実名認証を完了していただきますようお願い申し上げます。
97cac55d0c9dba17,TID_SUPER_WALLBREAKER_ABILITY_NAME,メガ爆弾
d1257365bb6bcb75,TID_OBSTACLE_ROOT_SMALL,小さな根っこ
7ac70925431046fb,TID_BATTLEPASS_TASK_WIN_BATTLES_USING_GOLEMS,圧倒的勝利
22326c61b149a96a,TID_LOCAL_NOTIFICATION_EVENT_XMAS_2,チーフ！クラッシュマスは、フリーズトラップが加わってまだまだ続きます。お見逃しなく！
49487c896c8c11b7,TID_WL_INFO_LIVE_STAR,星
3c5d7223df2aa39f,TID_BATTLEPASS_TASK_WIN_BATTLES_USING_ARCHERS,必中の矢
854ac7309e46a537,TID_ARMY_USED,使用した部隊：
b01256b8110d75be,TID_REINFORCEMENT_CAMPS,援軍：
4f6341ea1ae75fde,TID_ALLIANCE_INVITATION_FAILED_ALREADY_IN_ALLIANCE,このプレイヤーはすでにどこかのクランに参加しています！
695a72e19fa952d9,TID_CONFIRM_CONFIRM,操作を確認するには「<confirmword>」と入力してOKボタンを押してください。
7e3ccce04e372290,TID_TIGER_MOUNTAIN_SCENERY,タイガーマウンテン
6550fa88a1f20cee,TID_CAPBUILD_BARRACKS_CANNONCART_INFO,合戦キャノンの製造所です。砲台の作り方は確かに想像がつきますが、\n一体バーバリアンたちはどのように生み出されているのでしょうか...？
e769f4ae7017eb8e,TID_TENCENT_CUSTOMER_SUPPORT,Tencent カスタマーサポート
d7199a6084b310f7,TID_BOOST,ブースト
36f055ce2d25c651,TID_BUTTON_SIGN_IN,ログイン
669b080254925bbb,TID_CLAN_TAG_NEWBIE_FRIENDLY,初心者に優しい
3a1ed1b021caca45,TID_NEWS_CW_BD_GIFTS_TEXT,クラン対戦の記念日をお祝いしましょう！<c80d8e8>エメラルド + クランギフト</c>を購入するたびに、クランのためのボーナスエメラルドをゲットできます。
773d128737f5f98e,TID_SKIN_ALREADY_OWNED,このスキンは入手済みです
33a0aa7616f025c6,TID_CLAN_WAR_FREQ_UNKNOWN,不明
da6b9b5e1eeb51ee,TID_CLANGAMES_TASK_INFO_BEAT_GOLDTARGET,1度のマルチプレイバトルで、<num2>以上のゴールドを獲得する。
1c80ae6c7aa9c8b6,TID_RAID_SIGNUP_ERROR_INTERNAL,参加登録できません。また後ほどお試しください。
014ab6c7c3db51a8,TID_CLANGAMES_TASK_INFO_USE_ICE_HOUNDS,<num2>体のアイスハウンドを使い、マルチプレイで<num>個の星を獲得する。
12ab1a58235d6014,TID_LEAGUE_BRASS2_SHORT,ブラスII
e83b3714dddf5c99,TID_CHALLENGE_WAIT_TITLE,フレンドリー・チャレンジ
557a145a470234a0,TID_WL_INFO_SIGNUP_TAB1_TEXT,<cFCE27F>どうすれば参加できるの？</c>\n\n登録期間中であれば、リーダーまたはサブリーダーがリーグへ参加登録することができます。初めて参加する時には、クランメンバーの上位15人の強さに基づいたリーグに入ります。同じリーグから他の7つのクランがマッチアップされると、すぐにラウンド1の準備日が始まります！<cFCE27F>\n\nクランがあまり強くなくても参加すべき？</c>\n\nもちろんです！15人以上のメンバーがいるのであれば参加しましょう。上位リーグに昇格できなくても、嬉しい報酬がもらえますよ！
bb619071a19d8e59,TID_NPC_CHALLENGE_TH13_HYBRID_BABY_DRAGON,<c54a0fe>ベビードラゴン</c>を投入して下部を一掃し、<c9916c8>アーチャークイーン</c>を上方に向かわせましょう。
cf2da1fc15782abb,TID_CHAT_RULES,チャットのルール
b1349e42d75547dc,TID_PRESET_UNLOCK_INFO,高速訓練は、タウンホールレベル<number>でアンロックされます！
f81a6c316e64576f,TID_RESOURCE_CAP_FULL_ELIXIR,エリクサータンクをもっと建てるか、\n今あるエリクサータンクをアップグレードしましょう！
7269366cefc1cbc8,TID_RESOURCE_PACK_DARK_ELIXIR_FULL,ダークエリクサーを満タンにする
517786627cdb0dce,TID_ACHIEVEMENT_WL_STARS_TITLE,対戦リーグの伝説
b31e2bc9775d4660,TID_PRIZE_SHOP_ITEM_PURCHASED_TREASURY,タウンホールに<item>を追加しました
fe168a69f4f0306a,TID_HINT_LEAGUE_SHUFFLING2,リーグは1シーズン＝1ヶ月で進行します。
a5b40d1e34005145,TID_POINTS_HOME_VILLAGE,自分の村
b8757f5472f65d2e,TID_FRIENDLY_WAR_PARTICIPANTS,フレンド対戦参加者
8cae0d6ee7b67d27,TID_LEADER_CANNOT_LEAVE_ALLIANCE,クランを離脱するには、クランメンバーからリーダーを選定する必要があります
59e8892fba98713e,TID_SPELL_FACTORY_VOUCHER_CLAIM_FAILED_INVALIDATED,無効なクーポンです
c40304fe767436e5,TID_CLAN_TAG_CLAN_CAPITAL,クランの都
1f346d593913c257,TID_DUEL_TOTAL_WINS,大工の拠点戦勝利数：
3869dce91b1c2e70,TID_ANTIADDICTION_NO_REAL_NAME_VERIFIED_15MIN_WARNING,実名認証を完了されていないため、ゲーム依存防止システムによるプレイ制限がかかっております。本日のプレイ可能時間は残り<MINS>分です。
49a50fa1ab3c14c7,TID_TUTORIAL_STARTER_CHALLENGE_2,チャレンジをクリアすると\nそのたびにポイントを獲得します。
fffbded153b027f7,TID_BP_REWARD_CATEGORY_SCENERIES,背景
40484a5b6dc726c9,TID_AVATAR_MESSAGE_SUBJECT_THANK_YOU_FOR_REPORTING,ご報告ありがとうございます。
4371d07c4f27d558,TID_CHARACTER_INFO_HEALER_SHORT,部隊を癒して延命します！
b464a7cefa8ea3db,TID_NEWS_IOS7_TEXT,クラッシュ・オブ・クランの次回アップデートでは、iOS 5および6で動作する、すべてのデバイスへの対応を終了します。クラッシュ・オブ・クランのプレイを続けたい場合は、iOS 7以降にアップデートしてください。詳しくは以下をタップしてください！
d300755ed56d960f,TID_CAPITAL_GOLD_STORAGE_ALMOST_FULL_TEXT,都ゴールドの保管容量がもうすぐいっぱいになります。攻撃を開始しますか？
423d6e1fbd9c143b,TID_CONFIRM_CLEAR_TRAINING_QUEUE,訓練の予約を取り消しますか？
635a63e8c1c6849e,TID_AGE_GATE_ERROR_PROMPT,続けるにはご年齢を入力してください。
84c03fbab994a3dc,TID_CAPITAL_PLAYGROUND_WALL_EXPLANATION_2,だからやつらは壁を破壊する必要があったんじゃ。<cf70d16>大砲</c>に到達するためにな。
1e14e581b3fe5da7,TID_BUILDING_HOUSING,アーミーキャンプ
f3c7f8385a0dd5c0,TID_SETTINGS_SFX,効果音
5cda16adadf881f3,TID_HINT_SPELL_LIGTHNING,「ライトニング」の呪文はせまい範囲のユニットや建物にダメージを与えます。
cbe18bb7c51312a8,TID_CHARACTER_INFO_DRAGON,竜族の強さは国じゅうで伝説となっています。\nウロコにおおわれた恐るべき飛行生物であり、口から吐き出す業火は、あらゆるものを焼き尽くします。
935db1aaed4c76eb,TID_ALLIANCE_WAR_TOTAL_DURATION,最高の攻撃の合計時間
39002736dff536a7,TID_DECORATION_CLOCKWORK_STATUE_INFO,少し照れ屋さんですが、よく観察していれば歯車が回っている瞬間を目撃できるかもしれませんよ！
b10487a88869f5ee,TID_BOOST_BARRACKS_POPUP_TITLE,ユニットの訓練速度をアップ！
38df2804f0771ee3,TID_WL_LEADERBOARD_BRACKET_POS4,グループ4位
a8c37cdf3d34262c,TID_ERROR_POP_UP_CONNECTION_FAILED,サーバーに接続できません。\nインターネット接続を確認して\nもう一度お試しください。
2f1050c1e5b153d3,TID_LEGEND_LEAGUE_INFO_TAB1_HEADER,防衛
9dfbb83417c74af6,TID_BATTLEPASS_TASK_WIN_BATTLES_USING_SKELETON_INFO,スケルトンの呪文を使い、マルチプレイで<num>回勝利する。
4046973d4003baeb,TID_DIAMOND_BUNDLE_BH5_INFO,• <gems> エメラルド\n• <res0> エリクサー\n• レベル1連装迫撃砲\n\n建設時間なし、収容量制限なし！\n\nこの<cffec78><value>倍バリュー</c>は、1度限りの特別提供となります！
5b7f595e762f65c3,TID_TUTORIAL_SEASON_CHALLENGE_5,蓄積されたシーズン資源は、毎月の\n終わりにすべて保管施設に移動します。
8e37c0b74d805e41,TID_WHAT_YOU_GOT,戦利品：
33132c93262b1e42,TID_TUTORIAL_CANNON_1,チーフ、よくいらっしゃいました！\nお待ちしてましたよ。
b13bf35d55678d13,TID_HINT_TESLA_HIDDEN,かくしテスラの塔は敵が十分近づくまで見えません。
7e0a8640a5b0e885,TID_SETTINGS_PLAYERNAME_ENTERNEW,新しい名前を入力：
e5799d6451c8b450,TID_TENCENT_CREATE_NEW_ACCOUNT_CONFIRM,現在の進行状況は、別のアカウントに関連付けられています。こちらのQQ/WeChatアカウントにログインして、新たにセーブデータを作成しますか？
dc81ca396742d7bf,TID_ALLIANCE_WAR_BEST_ATTACK_ENEMY,敵軍最高の攻撃：
580cafbd2ab3468f,TID_NATIVE_DIALOG_TENCENT_ACCOUNT_CONFLICT_YES_BUTTON,はい、このアカウントに切り替えます。
f12c01a37bb8b869,TID_ANTIADDICTION_WARNING_TITLE,警告
ef2088aa71b20ade,TID_CHARACTER_INFO_SNEAKY_ARCHER,アーチャーは月明かりにまぎれて、相手に気づかれることなく敵を始末することができます。弱点ですか？自信過剰なところです！
fbf6f7a6bb0feef1,TID_STREAM_EVENT_PROMOTED,<name>に任命されました
14c291c61354ec74,TID_OBSTACLE_HALLOWEEN2020,空虚な墓
3466bc91b94cc799,TID_LEADERBOARDBANNER_PLAYERTOURNAMENTS_V2,大工の拠点戦トーナメント
21939d3eaff4235d,TID_GEAR_PIERCING_ARROW,ジャイアントアロー
cde7dbc69d87b34a,TID_CONVERSION_OFFER_GEMS_NOOB_INFO_0099_0299,• <res0>エメラルド\n• 訓練ポーション<booster1>個 - 兵舎や呪文工場、突破工房の生産とヒーローの回復を1時間にわたって促進します\n\n• 収容量制限なし！\n• このパックの購入は表示の期間内に1回限りです！\n\nこの素敵な初回限定セールをぜひご活用ください！
3678b894077e39bf,TID_ALLIANCE_WAR_ATTACK_AVAILABLE,攻撃可能
19f0b3707f3ef530,TID_CLAN_SEARCH_NO_RESULTS,何もヒットしませんでした
0d071cde42c219b2,TID_GOLEM_KING,ゴーレム キング
de09810bc5da0803,TID_TRAINING_RESOURCES,資源
48bd02d33bfb4348,TID_YOU,あなた
0d36a4f892d73237,TID_BP_REWARD_CLAIMED,この報酬はすでに回収済みです。
e67be9dfe71d4100,TID_LEAGUE_WOOD3_SHORT,ウッドIII
7571fc1c1da86c10,TID_LEAGUE_QUEEN,リーグ クイーン
9c1c99cc5107c547,TID_NAME_INSTRUCTIONS,好きな名前をつけましょう。この名前は他のプレイヤーにも\n表示されます。後ほど設定メニューから変更することも可能です。
f5dbb596d4d3a64c,TID_HERO_ABILITY_LEVEL,能力レベル：<number>
7e390351b695f19f,TID_SETTINGS_HIGH_FRAME_RATE_INFO,この設定がオンになっている間は、<max>FPSでゲームがプレイされ、消費する電力が多くなります。この設定がオフの間は、60FPSでゲームがプレイされ、消費する電力も少なくなります。
4043e9aca16e9593,TID_BATTLEPASS_TASK_INFO_WIN_BATTLES_USING_ELECTRODRAGON,ライトニングドラゴンを使い、マルチプレイで<num>回勝利する。
7264542647048c60,TID_DECO_HILL_3,小さな丘
c518ebc5ad2e1eec,TID_UNLOCK_BUILDING_MULTIPLE,アンロック：
c6e3a7eae1718442,TID_HINT_UNLOCKS,タウンホールをアップグレードすれば、新しい建物を建設したり、今ある建物をより高いレベルまでアップグレードできるようになります。
a91caa543e65c70a,TID_SUPER_BOWLER_INFO,滑り止めの付いたグローブ、足にフィットする靴、そして標的をなぎ倒す大きな岩！スーパーボウラーは、欲しかったアイテムをすべて手に入れたようです。
1d484553ddc242e3,TID_ADD_FRIEND_ERROR_DOES_NOT_EXIST,追加しようとしたプレイヤーは存在しません。
6475eb968ef23765,TID_PRESTIGE_TROPHIES,レジェンドトロフィー
9778f510e4cb933f,TID_SIEGE_MACHINE_FLYER,突撃艦
d9158de97075f15b,TID_COSMETICS_CUSTOM_TEXTURES,カスタムテクスチャ
5a67f02922e2bbb7,TID_EDIT_MODE_VIEW_AS_ENEMY,偵察ビュー
83b43ac1bb7c2b47,TID_NPC_CHALLENGE_SPELLS_TO_CLEAN_UP,残りの呪文を使って、仕上げにかかりましょう。
10f4d6de7d897a6f,TID_ALLIANCE_WAR_LOOT_COLLECT_INFO,クラン対戦の戦利品は、宝庫から回収できます。
8bdab7139470396e,TID_TUTORIAL_TOWN_HALL_1,ゴブリンから奪ったゴールドがあれば\nタウンホールをアップグレード\nできるはずです！
bba5e0f6acefe9a4,TID_RESOURCE_PACK_ELIXIR_10,10％増やす
11dd6480796b8c9d,TID_LEAGUE_CLAY5,クレイリーグV
8c5e45f7ba8a67e4,TID_ARMY_OVERVIEW_HINT_CLAN_CASTLE,クランに参加して、クランの城に援軍や呪文や突破兵器を寄付してもらいましょう
5592f6b6cc5fffec,TID_BUILDER_HALL_2_INFO_SHORT,ついにアーチャーが登場... それとも、ずっとここに隠れていたとか？
e363676f8f39300f,TID_HINT_XBOW_AMMO,巨大クロスボウはエリクサーを弾薬として使います。敵に攻撃されたら、忘れずにエリクサーを補充しておきましょう！
a10d2e72af862575,TID_PROMOTE_TO_COLEADER_CONFIRMATION,<name>をクランのサブリーダーに任命しますか？
10d578a26f2c2c18,TID_LEGENDS_ATTACKS_EXHAUSTED,今日の攻撃はすべて終了しました！
04151ee1d87e7e72,TID_EDIT_MODE_CANNOT_SAVE,このレイアウトは使用中なので、編集を中断できません。
757b47cb906bcb03,TID_STAR_BONUS_BOOST_TEXT_BONUS,進行中の星ボーナスブーストでは、<num>倍の報酬を獲得できます
10ab6bffb4f8ee37,TID_BOOSTER_HERO_POTION_NOT_AVAILABLE,ヒーローをブーストできません。全員使用不可です。
9bdd57e93bb35d18,TID_CLAN_WIN_STREAK,クラン対戦の連勝数：
56c050a2c6a8b759,TID_BOOSTER_PET_POTION_OFFER_INFO,ペットポーション<num>個 - ペットのアップグレード速度が<time>にわたって<multiplier>倍になります
d410acd3d1ab7854,TID_NPC77,決闘場
acbade79eca6d694,TID_DRAW,引き分け
1c0ecb5b258d5fa3,TID_HINT_BOOST_TRAINING,兵舎の訓練速度は、エメラルドを使って一時的に加速することが可能です。
cb9bd394a7edef08,TID_SETTINGS_PLAYERNAME_CURRENT,現在の名前：
ad7109f0110df93b,TID_HASTY_BALLOON_ABILITY_NAME,ブースター
3e8b828c1927993f,TID_WL_COLUMN_CLAN_NAME,クラン
499517c2aa7b5294,TID_CLANGAMES_TASK_INFO_DESTROY_CLANCASTLES,マルチプレイで通算<num>個の<building>を破壊する。
f14a5919f62222cf,TID_BOOSTER_FINISH_ANY_UPGRADE_OFFER_INFO,森羅万象の本<num>冊 - 実行中のいずれかのアップグレードを瞬時に完了します
d4243b9a87cc892a,TID_NPC65,冷静沈着
a6769bd3cc767126,TID_CAPITAL_SHOP_CONFIRM_TEXT,<item>を<num>個購入しますか？
b4eb79add05d908b,TID_HINT_SCATTERSHOT,投石機は、狙った標的の背後にいる敵にもダメージを与えます。
3e9554f23eae626f,TID_LEAGUE_TITLE2,リーグは1シーズン＝1ヶ月で進行します。各シーズンの開幕後、任意のプレイヤーの村を攻撃することで、そのシーズンでの所属リーグと戦利品ボーナスが表示されます。
53e0a5b000e85271,TID_PRIZE_SHOP_ITEM_PURCHASED_RESOURCE,<count><resource>を追加しました
c9c83d7daae087a4,TID_ALLIANCE_WAR_NOT_PREPARED_FOR_WAR,クラン対戦の準備中...
640b48a65b4b6e3f,TID_BP_PERK_INCREASE_LIST_FORMAT,• <num>％ <perk>
e2a8f7077448ae42,TID_UNLOCK_BARRACK_TROOP,<name>をアンロック
7ad21044184810ed,TID_BUTTON_WATCH_EXCL,見る！
678cc76fb3bd40d5,TID_TUTORIAL_WORKER_MENU,いやっほう！建物のアイデアは色々あるぜ。まずはオレのおすすめを見てくれ！
dc9f8ae36ffce30f,TID_PET_ABILITY_INFO_UNIPONY,パートナーのヒーローを後ろから回復する
8965daed02375496,TID_LEAGUE_MASTER3,マスターリーグIII
0f113df187684efc,TID_CAPITAL_PLAYGROUND_SNEAKY_ARCHERS,<c54a0fe>スニークアーチャー</c>を配置して壁の後ろにある<cf70d16>多連砲</c>を破壊するんじゃ。
daf243490b81b555,TID_CLANGAMES_TASK_INFO_DESTROY_SPELLFACTORIES,マルチプレイで通算<num>個の<building>を破壊する。
ba324f67f48ddf63,TID_FRIENDLY_ARMY,フレンドリー部隊
06fb9717f5f0c711,TID_PUSH_WAR_4,<data>とのクラン対戦が終了しました。
65fd92e43af988e2,TID_CLANGAMES_TASK_USE_MINERS,採掘作業
d730efa9dba1b700,TID_BUTTON_FIND_NOW,今すぐ探す
e4df56109127f012,TID_DECORATION_9YEAR_BIRTHDAY_STATUE,業火の像
8afa22fca026448c,TID_DIAMOND_BUNDLE_TH10_INFO,• <gems>エメラルド\n• <res0>ゴールド\n• レベル1インフェルノタワー\n\n建設時間なし、収容量制限なし！\n\nこの<cffec78><value>倍バリュー</c>のパックは、1度限りの特別提供となります！
d886218da6c0df1b,TID_WAR_SPECTATOR_TEXT,あなたは今回のクラン対戦には参加していません。次の対戦に参加したい場合は、クランリーダーまたはサブリーダーにその意思を伝えましょう。
320c5bfe284f48e3,TID_POPUP_TEXT_STORE_OBSTACLE,<item>は収納され、レイアウトエディタから再設置できるようになります。
f2515ea17b08e348,TID_CLANGAMES_TASK_DESTROY_DARKELIXIRPUMPS,ダークエリクサー水の泡
d466bc8feb468cf0,TID_SETTINGS_ON,ON
06a8444550dd816c,TID_DIAMOND_BUNDLE_MAGICITEMS_BUILDER_BASE_FIGHTING_BOOK_WITH_ELIXIR_INFO,• <res0>エリクサー（大工の拠点）\n• 戦いの本<booster1>冊\n• 収容量制限なし！\n\n大工の拠点のユニットアップグレードに必要なものが全部入っています！
1aad3c4ad3878fca,TID_NPC90,M.O.M.M.Aの惨状
03573705c939f0f3,TID_TRAP_EJECT,ばねトラップ
c09763c89fb41268,TID_REMOVE_FRIEND_CONFIRMATION,ゲーム内フレンドから<name>を削除してもよろしいですか？
c4cab89e37423622,TID_CAPBUILD_BARRACKS_MEGA_SPARKY,メガスパーキー工房
adb4f7a05068e328,TID_MASTER_WARDEN,師範 ウォーデン
095cd259ba0504f5,TID_CHARACTER_INFO_SKELETON_BARRELS,タルのパレードですって？これは空で行われるスケルトンのパーティーです。でも風船がはじけてしまったら... 今度は地上でパーティーです！
42130b02684080e1,TID_PLAYER_SEARCH_INTERNAL_ERROR,プレイヤーの検索に失敗しました。またのちほどお試しください。
ecb5b863a9e4c94a,TID_REPORT_DESCRIPTION_DEFAULT,请描述你要举报的内容
3839438a858ea228,TID_DIE_DAMAGE,撃破時に与えるダメージ：<number>
fa348b9bd0bdcb6d,TID_TUTORIAL_SHIP,チーフ、海岸にある難破船を修復できるようになりました！
aeaa6f913d8bbe43,TID_UNABLE_TO_WATCH,現在プレイヤーがバトルに参加していません
d5e89c5c2adcb989,TID_CLANGAMES_TASK_DESTROY_BB_BUILDERBARRACKS,大工兵舎デストロイヤー
385b7318477edb6b,TID_CAPBUILD_AIR_DEFENSE,対空砲
1de62d6b665cdad4,TID_ALLIANCE_LIST_HEADER,クラン
c7c2d7fdb831130f,TID_GUARD_POST_INFO_SHORT,警備所に来れば世界を見る目が変わる... かもしれません。
f1d91dc44f9dc252,TID_CLANGAMES_TASK_WIN_STARS_VS_TOWNHALL_10,恐るべきTH10
9dc21df4a90c4978,TID_NEWS_BALANCING_TEXT,
f449733c7d4d8205,TID_ALLIANCE_WAR_EXP_AVAILABLE,攻撃に成功するとクランXPが<num>増えます
7b9a7718527bba86,TID_XP_TEXT_UNLOCK_PUZZLEANDDRAGONS,「パズル＆ドラゴンズ」内で「クラッシュ・オブ・クラン」ダンジョンがアンロック可能になりました！下のボタンでゲームを起動してアンロックしましょう。
567a654747e29db8,TID_BOOSTER_FREE_TROOP_UPGRADE_ALT_2_LINE,戦いのハンマー
9456603b96938b65,TID_DECORATION_UPARROW_FLAG,重要地点の旗
ada819d51a641472,TID_SECOND_STAGE_FEATURE_DESCRIPTION,暗い洞窟の先には、さらなる可能性が広がっています。新たな施設や戦略で戦い抜きましょう！
9480ac84ec7ea6de,TID_NEWS_JUNE_V1_BALANCING_TEXT,• 大砲、アーチャータワー、インフェルノタワーをアップグレード\n• P.E.K.K.A、ヒーラー、ウィザード、ディガー、ウォールブレイカーをレベルアップ\n• 新登場のタウンホールレベル10を含むバランス調整とセール
cdfc0e1c4c4826cb,TID_BATTLEPASS_TASK_INFO_WIN_BATTLES_USING_BABYDRAGONS,ベビードラゴンを使い、マルチプレイで<num>回勝利する。
ce5379adbb99d4d7,TID_BONUS_ATTACK_EARNED,ボーナス攻撃を獲得！
e44919690a8803e2,TID_WARRIORGIRL,バルキリー
88f34cb8fdc31515,TID_BP_PURCHASE_BUTTON_PROMPT,",\qشراء التذكرة الذهبية"
943544e9a69ea948,TID_HINT_SPELL_EARTHQUAKE1,「アースクエイク」の呪文は強力で、密集したヒットポイントが高い建物をずっしり押しつぶします。
cf449dad03b1af0d,TID_RESOURCE_STORAGE_CAPACITY,収容量：<number>
c6e2f4128f022a8f,TID_POPUP_MAX_OUT_ARMY_TITLE,ユニットと呪文をブーストしますか？
7e67feafdc6d9700,TID_CLAN_MEMBER_NOT_DOING_CHALLENGE,<name>が取り組んでいるチャレンジはありません。
92e813efb54db059,TID_ERROR_POP_UP_PERSONAL_BREAK_TITLE,小休止を取りましょう...
d209c83857f3f44d,TID_BONUS_FROM_GEAR,装備すると +<number>
be8dc2a12937013f,TID_HINT_SIEGE BARRACKS,投下兵舎は攻撃のきっかけを作るのに便利で、他のユニットへの援護にも使えます。
2c0715757d029b00,TID_CHARACTER_INFO_SUPER_WIZARDS,スーパーウィザードたちが「うぬぼれ軍団」と呼ばれているのをご存じですか？密集した建物を一掃するのは得意ですが、見た目ほどタフではありません！
dbcec1de09469f07,TID_TUTORIAL_ELIXIR_2,さっそくエリクサーポンプで、\n地下からエリクサーを\nくみ上げてみましょう！
060d17824cc60682,TID_DISTRICT_DRAGON_CLIFFS,ドラゴンの崖
3e9718ee1bf2352a,TID_NEWVILLAGE_LOG_INFO,相手の攻撃終了までお待ちください。より上手く攻撃できた方が勝者となります！
99b1f789b8dbe9ac,TID_XMAS_PACK,ホリデースーパーパック
6acaa2fb2ee775bf,TID_HINT_MORTAR_TARGET,迫撃砲は地上ユニットにしか攻撃できません。
b03643ecf8f82b7d,TID_LOCAL_NOTIFICATION_GEARUP_READY,<item>を改造できます
23e7ede90e4f752f,TID_EXTERNAL_URL_TEXT,まもなく、チーフをクラッシュ・オブ・クランの外の世界へお連れします。
f8ce02d43a7db26a,TID_ACHIEVEMENT_DESTROY_TOWNHALL2_TITLE,解体屋
3b005594c40d603d,TID_CLANGAMES_TASK_LOOT_DARKELIXIR,ダークエリクサー強盗
31da1e77604eef70,TID_CLANGAMES_TASK_DESTROY_BB_GOLDSTORAGE,金庫破壊工作
fb7316c90c76ed31,TID_DEVICE_LINK_ERROR_CODE_SAME_PLATFORM_TEXT_TENCENT,他のAndroidデバイスで同じセーブデータのゲームをプレイするには、Tencentストアからクラッシュ・オブ・クランをダウンロードして、同一のWeChatまたはQQアカウントでログインしてください。\n\nゲームの進行状況は自動的に同期されます。
359086377c982dc0,TID_REQUIRED_SIEGE_WORKSHOP_LEVEL,レベル<number>の突破工房が必要です
2aeb63c455939912,TID_ACHIEVEMENT_SPELL_DONATION_TITLE,たすけ愛
0c7f58bd032630b0,TID_SPECIAL_OFFER_INFO_EASTER_UNLIMITED,• <res0>ゴールド\n• 建物の本<booster1>冊\n• 大工ポーション<booster2>個\n• 収容量制限なし！\n• このパックは10回購入できます！\n\nタウンホールや防衛設備のアップグレードに必要なものが全部揃っています！
00b2052110fbc221,TID_HELP_TRAINING_TROOPS_HELP_POPUP,予備のユニットを訓練し、部隊に空きができるまでここに待機させておくことができます。\n\n注意：兵舎が建設中である場合は、訓練速度が遅くなります。
592a4f61e9ef3d98,TID_CAPBUILD_BARRACKS_WIZARD,スーパーウィザードの兵舎
d303592522a8ecbe,TID_ALLIANCE_GAMES_THANKS_FOR_PLAYING,クランゲームは終了しました。次回をお楽しみに！
e00671e29b08e11a,TID_CHALLENGE_NOT_AVAILABLE_NO_ARMY,都ホールレベルが2に到達すると、地区フレンドリー・チャレンジを申請できるようになります！
806a4a0d3d7c1075,TID_TUTORIAL_CAPITAL_ARMY_4,より強い部隊や戦略の幅を求めるなら、ユニットの兵舎や呪文工場をアンロックして、アップグレードを怠らんようにな。
4c2b8d363efcbe04,TID_DONATED_TO_CLAN,寄付したユニット数
589b19cbf873ded2,TID_SETTINGS_CHANGENAMENOTE,注：名前は一度しか変更できません！
69f1b0b60a9782f4,TID_MEMBERS_SORTED_BY_TOWN_HALL,タウンホールレベル
2558cb4a8d862d78,TID_BATTLEPASS_TASK_INFO_WIN_BATTLES_USING_BABYDRAGONS2,<num2>体のベビードラゴンを使い、大工の拠点戦で<num>回星1つを獲得する。
16feba2fd85582f0,TID_BP_PERK_RESEARCH_BOOST,研究ブースト
5d05ce9933ac7b4e,TID_WAR_DONATE,援軍を送る
8d135b418b02f83c,TID_INFO_SCREEN_TITLE,<object><cffcc33>レベル<number></c>
ca50c8c18a28a4eb,TID_STREAK_EVENT_REWARD_PERCENT,<num>％
27c5fb70f4b63980,TID_DECO_DUCK_POND,アヒル風呂
3f071b2df87b9a0f,TID_CHARACTER_SIEGE_MACHINE_TROOP_CATAPULT,試作型ユニットランチャー
211490d2e428602b,TID_SCENERY_GINGERBREAD,ジンジャーブレッド
d8dbe60840e231ef,TID_GRAND_WARDEN_INFO,グランドウォーデンは、強力な魔法の杖を携えた百戦錬磨の戦略家です。敵の村を攻める時も、村を守る時も、持ち前の魔法で味方ユニットを強化してくれます。
63fa997e97df0d8a,TID_CHAT_FEATURE_TITLE,新しいチャット機能！
a340d4692bb94a58,TID_LAST_ONLINE_OVER_MONTH_AGO,1カ月以上前にプレイ
6545494f2f392338,TID_LNY24_WARDEN,ドラゴン ウォーデン
8e2482c79c471b72,TID_JOIN_CLAN_TITLE,クランに参加
e6cdf1281007cd67,TID_STREAK_EVENT_COMPLETE_CURRENT_TIER_TO_RUSH,現在のタスクを終わらせて急ぐ
1417187a0bab2a58,TID_CHARACTER_INFO_WATER_DRAGON,ブルードラゴンは、まさに辰年の象徴です。強大な神通力で戦場に雨を降らせ、勝利を呼び込みます。高いヒットポイントと貫通効果のある範囲攻撃を前にした敵は、思わず降参してしまうかもしれません…
8705b554a63a94f9,TID_KEYBOARD_CONTROL_ACTIVATE_SPELL,呪文の発動：<num>
15a48ad3536b6c19,TID_MEDAL_EVENT_BUTTON_TITLE,報酬
bceed69db1790c39,TID_CHAT_TEXTFIELD_PIN_TEXT,ピン留めメッセージを入力
da67f9230e43a66e,TID_STREAK_COUNTER,<num>/<max>
3ec0567a55f0699f,TID_SUPER_TROOP_MENU_EVENT_TROOP,イベントユニット
978fccb44f9b8385,TID_CHAT_NO_PINNED_MESSAGES,ピン留めメッセージはありません。
cf8034236c3575fa,TID_WINTER_KING,北の戦士 キング
50967495509b112d,TID_CHAT_ERROR_THROTTLE,しばらく待ってからプレイヤーをタグ付けしてください。
3d06956c02f0bf1e,TID_OBSTACLE_BALL,ボールのようなもの
c997753af0c878ad,TID_CHAT_ERROR_UNDEFINED,問題が発生しました。もう一度お試しください。
871b7978eb718ab9,TID_HERO_INSTRUCTIONS_BARBARIAN,驚くべき巨体とあふれんばかりの勇気を持ち合わせる精鋭バーバリアンです。膨大なダメージを耐え抜き、進路上にあるすべてのものを叩き潰します。防衛戦では自分のナワバリを徹底的に守り抜きます！
c0b749ab15fbb3b3,TID_DECO_SPACE_2024_GLOBE,石の地球儀
f921c8f4072748c8,TID_PIN_ERROR_INVALID_STREAM_ENTRY_ID,問題が発生しました。後ほどもう一度お試しください！
63cc2347288ad851,TID_EVENT_ACHIEVEMENT_BOOSTER_GEM_XP_REWARD_CLAIMED,イベントをクリアしました！エメラルド<gem>個、<booster><number>個、<xp>XPを獲得しました！
9a27f1431eaa17aa,TID_GEAR_ROCKET_SPEAR,ロケットスピア
d576cc4035d77b8e,TID_CLAN_STATUS_CHAT,チャット：
15e109d20db48a30,TID_BUY_MULTIPLE_MISSING_RESOURCES_TEXT_N2,不足分の<count1><resource1>と<count2> <resource2>を買いますか？
c388a13fe9c2bd88,TID_LUNAR_KING,ドラゴン キング
ea1eb544b7dda438,TID_OPEN_STREAK_EVENT,開く
66afc335aebbea6d,TID_STREAK_EVENT_PERK_LEAGUE_BOOST_NAME,リーグブースト
a63f7d2c98ccd7bd,TID_CHAT_TAG_TITLE_LEADERS,リーダー
bc8a9a8dfdce79ae,TID_CHARACTER_WATER_DRAGON,ブルードラゴン
56521d6df15b9191,TID_GEAR_INFO_HASTE_VIAL,自身にヘイストの呪文をかけます
f8d20923d23d47b2,TID_CHAT_ERROR_PERMISSION_DENIED,問題が発生しました。後ほどもう一度お試しください。
9521eb7e6ee1ee71,TID_STREAK_EVENT_STREAK_COMPLETED,連続クリア達成！
8aa25225a043f521,TID_STREAK_EVENT_STREAK_BROKEN_TEXT_CONTINUE,途切れたところから連続クリア記録を伸ばします
b956df430871f401,TID_JUST_NOW,たった今
ae21a1679d58d0ec,TID_JOIN_CLAN_INFO_CAPITAL,クランの都で共に築き、共に戦おう！
57efb8bfe2455bfd,TID_KEYBOARD_CONTROL_GROUP_TITLE_HEROES,ヒーローの操作
c316fa71ef1cf007,TID_DECO_LNY24_DRAGON_PINATA,ドラゴンピニャータ
f1d92adba01bdee1,TID_DECO_EGYPT_2024_HOG,ホグスフィンクス
3fc8444c490e46c3,TID_CHARACTER_FIREMITE,ファイアマイト
891a3d9b563644ee,TID_STREAK_EVENT_BUTTON_CLAIM,回収
4cf94c6e96bd272e,TID_STREAK_EVENT_STREAK_BROKEN_BUTTON_CONTINUE,続ける！
c6cfc15bef16ae1e,TID_GOLD_PASS_ACTIVATE_INFO,今シーズンのゴールドパスを有効化すると、\n上のような報酬をアンロックできます。
53eac08c8255dc31,TID_POPUP_UPGRADE_WALL_TEXT,<booster>を<num>個使用して、この壁をアップグレードしますか？
6eeb9a057ce9e4f8,TID_UNPIN_ERROR_INTERNAL_ERROR,問題が発生しました。後ほどもう一度お試しください。
c48a88f3a433b35b,TID_PUSH_CHAT_TAG,クランチャットでメンションされました
f1a3a974590f5189,TID_KEYBOARD_CONTROL_SELECT_SIEGE_MACHINE,突破兵器の選択
8ebf25a8c281d47d,TID_LAST_ONLINE_MULTIPLE_WEEKS_AGO,<num>週間前にプレイ
98d095eb4a0b7241,TID_STREAK_EVENT_STREAK_BROKEN_TITLE,連続クリア記録が途切れました！
990b6f86f2614fdc,TID_BP_ACTIVATE_SCID_TITLE,ゴールドパスを有効化しますか？
92971e01aed9d6fc,TID_INVISIBILITY_SECONDS,透明化時間（秒）
46b87ed9e04df346,TID_EP_ACTIVATE_SCID_CONFIRM,あなたのSupercell IDにはイベントパスが<num>個あります。このイベントのために1個有効化しますか？
887c2625a8857a19,TID_ATTACK_RANGE_TILES,攻撃範囲（マス）
743de0c962794ba1,TID_STREAK_COUNTER_STREAKS,連続クリア記録
c5c453e91975d5b6,TID_SPELL_OVERGROWTH_INFO_SHORT,敵が朽ちるまで絡みつき続けます。
cbc977ca22e0b68d,TID_INFO_SCREEN_TITLE_UPGRADE,<object>を<cffcc33>レベル<number></c>にアップグレードしますか？
e18c029eecbe67cb,TID_GP_ACTIVATE_COUNTDOWN,パスの有効化画面終了まで：<time>
dace767e3b646711,TID_OFTHENORTH_BATTLE_MACHINE,北のバトルマシン
21c9e64dc2eb72a1,TID_STREAK_EVENT_BUTTON_RESET,リセット！
9b689fc5c6f0bdd2,TID_CHAT_ERROR_TOO_MANY_TAGS,メッセージにタグ付けしたプレイヤーが多すぎます。
d071486ef49a4043,TID_EP_ACTIVATE_BANNER_TITLE,イベントパスを有効化
70247968e96857e7,TID_FREE_RESEARCHER,研究を完了
85d5dd0c4feb4ff7,TID_CHARACTER_INFO_SIEGE_MACHINE_TROOP_CATAPULT,突破兵器ユニットを射出します
dc28153900fa659f,TID_SPELL_OVERGROWTH_INFO,近くの建物を頑丈な根で捕らえて、防衛設備の攻撃を封じます。ユニットは封じ込まれた建物を無視しします。
1926362bab61a720,TID_JOIN_CLAN_INFO_DONATE,ユニットの無料寄付！
d127ee7a6cba7830,TID_CHAT_PIN_NOTIFICATION_INFO,タグ付けしたプレイヤーに通知を送信しますか？
7e0dd0e54bbdacd9,TID_POPUP_GOBLIN_RESEARCHER_EXPENSIVE_DISCLAIMER,ゴブリンに研究を依頼する場合でも資源と時間がかかります。この場合、現在の研究を完了させた方が安く済みます。
1ec852f4d2a7bd04,TID_KEYBOARD_CONTROL_SELECT_HERO,ヒーローの選択：<num>
c7e6ed8a1a251620,TID_STREAK_EVENT_STREAK_COMPLETED_DESCRIPTION,連続クリア記録をすべて達成しました！おめでとうございます！
ea3bba28db290f03,TID_STREAK_EVENT_RUSH_STREAK_BUTTON_CONTINUE,急ぐ！
a2828a33978c9858,TID_BUY_MULTIPLE_MISSING_RESOURCES_TEXT_N3,不足分の<count1><resource1>、<count2><resource2>、<count3><resource3>を買いますか？
5bea2a9ebb06d21a,TID_CHAT_ERROR_MESSAGE,チャットメッセージの送信に失敗：{0}
f956fb2a37a849b6,TID_HERO_INSTRUCTIONS_QUEEN,すべてのアーチャーを凌駕する優雅なハンターで、凄まじい破壊力を身に付けています。体力こそ少なめですが、強力なクロスボウで目標を遠距離から撃ち貫きます。防衛戦では、敵を一方的に射抜いて村を守ってくれることでしょう。
ba65074fe6087d6a,TID_CHAT_TEXTFIELD_TEXT,メッセージを入力
f9ef7b8debc0b54f,TID_GEAR_INFO_ROCKET_SPEAR,次の数回分の槍投げ攻撃がより強力になり、遠くまで届きます
2d39eb4e59db6997,TID_PIN_ERROR_NOT_IN_ALLIANCE,クランに所属していないため、メッセージをピン留めできません。
c8c865f46435ab2c,TID_CANCEL,キャンセル
b5e6097fce8ca180,TID_DECO_EGYPT_2024_GOBLIN,ゴブリンファラオ
959587184c056f32,TID_SPELL_FROST,ターゲットフロストの呪文
ef81f7b7bb8aa100,TID_KEYBOARD_CONTROL_GROUP_TITLE_SPELLS,呪文の操作
419d7d9e3d0c88d8,TID_STREAK_EVENT_STREAK_BROKEN_BUTTON_BREAK,リセット！
28a0a7abb9cbb158,TID_PIN_NOT_ALLOWED_REGULAR_MEMBER,ピン留めメッセージを送信できるのは、リーダーとサブリーダーだけです！
5e03cf636ccf4665,TID_SPELL_OVERGROWTH,オーバーグロウの呪文
8419cef6ed316982,TID_STREAK_EVENT_HUD_NOTIFICATION,<num>/<max>のタスクをクリア！
d7d4c6331661371f,TID_STREAK_EVENT_BUTTON_PURCHASE,<TID_STREAK_EVENT_BUTTON_PURCHASE>
e1f9d9a62dacdd0f,TID_CLAN_STATUS_WARS,対戦
d0b23af18c19c752,TID_STREAK_EVENT_BUTTON_BOOSTS,ブースト
87382dbaa7efc01e,TID_BUTTON_CLAN_NOTICE_PUBLISH,ニュースを公開
771911a8416760b7,TID_SIEGE_MACHINE_INVISIBLE_FLYING,インビジブルドローン
356593069bff2e58,TID_INFO_SCREEN_TITLE_UPGRADING,<object>を<cffcc33>レベル<number></c>にアップグレード中
678a2fed2838532b,TID_EP_ACTIVATE_COUNTDOWN,イベントパスの有効化画面終了まで：<time>
49b2ce44cd9a47c4,TID_FIRST_TIME_DISCOUNT,初回割引
dace8af628680b15,TID_GEAR_TITLE_LIFE_GEM,ライフジェム
d1e4bf584734be7b,TID_STREAK_EVENT_STREAK_BROKEN_TEXT,連続クリア記録を伸ばすか、リセットして最初からやり直すかを選べます
8fde56e4f5f4394e,TID_CHAT_ERROR_INVALID_TAGS,無効なタグです。もう一度お試しください。
984c913c677fd78f,TID_STAR_BONUS_LOOT_HEADER,<destination>に星ボーナスの戦利品が届きました
fba4dced35721e9b,TID_ABOUT,スタッフロール\n\n<names>\n\nClash of Clans ™ <version>\nCopyright 2012-2024 Supercell Ltd. All Rights Reserved.\n米国特許出願中\n本ソフトウェアのご利用にあたっては、サービス利用規約およびプライバシーポリシーに同意いただく必要があります。具体的な内容につきましては、www.supercell.comをご確認ください。
59712185ab8214ea,TID_AVAILABLE_IN_SHOP,ショップで入手可能！
330ca7cac9448e19,TID_BUTTON_EDIT_CLAN_SETTINGS,クランの設定を編集
fc946212c9b6c62c,TID_KEYBOARD_CONTROL_GROUP_TITLE_CLAN_CASTLE,クランの城の操作
f2ca00db6ccd28f4,TID_STREAK_EVENT_TASK_NUMBER,タスク <num>/<max>
0712f16b85992f4e,TID_GP_ACTIVATE_BANNER_TITLE,ゴールドパスの有効化
57543618961d3924,TID_GOLD_PASS_REWARDS,ゴールドパス報酬
c95d58e3a68226b2,TID_HERO_INSTRUCTIONS_ROYAL_CHAMPION,壁を乗り越えて敵を討つ！ロイヤルチャンピオンが恐れるものは4つだけ。敵は怖くありません！手に持つ槍と盾による攻撃で、防衛側の敵をきりきり舞いさせます。
66e186eb3438964b,TID_STREAK_EVENT_BUTTON_RUSH,急ぐ！
ed2947f10b7b84f0,TID_GOBLIN_RESEARCHER,ゴブリン研究者
f4834e552d3d30e9,TID_BP_ACTIVATE_BUTTON,有効にする
35f2aab0842d4f15,TID_DECO_LNY24_ANCHOR,幸運のイカリ
ab1aa9a60b26d29f,TID_JOIN_CLAN_INFO_FEATURES,クラン対戦やクランゲームなどをアンロック！
d4999c3ece93526c,TID_PIN_ERROR_NO_MORE_PINS,これ以上メッセージをピン留めできません。
b9fc7ae904fd7847,TID_CHAT_BUTTON_REMOVE_PIN,ピン解除
8fcb2ea0e13ae2a1,TID_BP_TAB_TRACK,グレード
8d9ab53d2e9ef14f,TID_DECO_EGYPT_2024_BABYDRAGON,ベビープタハ
73b2a1722b1a93a0,TID_LAST_ONLINE_ONE_WEEK_AGO,1週間前にプレイ
38c1e78c2b9595b9,TID_STREAK_EVENT_RUSH_STREAK_TEXT,連続クリア記録の次のグレードに早く到達できます！
3279c5465ea93d73,TID_EVENT_PASS_ACTIVATE_TEXT,イベントパスを有効化して報酬をさらに獲得しましょう！
cbc3f759cc819e26,TID_STREAK_EVENT_RUSH_STREAK_TITLE,急いで連続クリア記録を伸ばしましょう！
61d1242fa5e0f6d8,TID_BUTTON_CLAN_NOTICE_PUBLISH_INFO_2,クランニュースは現在有効になっています。
0c9f282242ac3c9d,TID_DECO_LNY24_BABY_DRAGON,ベビードラゴンの像
051d2fad9ac4e1eb,TID_BP_ACTIVATE_SCID_CONFIRM,あなたのSupercell IDではゴールドパスを<num>回分利用できます。1回分を消費して今シーズンのゴールドパスを有効化しますか？
afb96eeb2666fbf1,TID_CHAT_INELIGIBLE_PIN_INFO,メッセージをピン留めできるのは、リーダーとサブリーダーだけです。
e92e5a3058a5648f,TID_STREAK_EVENT_STREAK_BROKEN_TEXT_RESET,連続クリア記録をリセットして最初からやり直します
f9225e58ed97407b,TID_FREE_A_BUILDER,大工を解放
3fb6a1a699ef7e00,TID_GOBLIN_BUILDER_AVAILABLE,利用可能！
7f0e2a5fc91e86e4,TID_EVENT_TRACK_REWARD_INFO_SUPER_TROOP_NOT_AVAILABLE,スーパーユニットはもう無料で有効化できません
1e8e87303d05c311,TID_CHARACTER_INFO_FIRECRACKER,火遊びが大好きなアーチャーが、さらなる火力を求めて武器を変えたようです。近くの敵に強力な砲弾を放ちますが、その反動で自身の身体は少し後退します。旧正月をドカンと盛り上げてくれることでしょう！でも、燃えるものは周りに置かないように…
57f4ffed7a1999d5,TID_GOLD_PASS_PERKS,ゴールドパス特典
9aeef2e352037ca1,TID_NAME_UNKNOWN,
4cd02d0ba0217919,TID_SUPER_TROOP_AVAILABLE_FROM_EVENT,<event>イベントで無料で有効化！
6fdfbaaaa18f5bdc,TID_KEYBOARD_CONTROL_GROUP_TITLE_TROOPS,ユニットの操作
3a8752949a401c3d,TID_SUPER_TROOP_ALREADY_ACTIVE_THROUGH_EVENT,イベントで有効化済み
337f943b15c8f3be,TID_STREAK_DESCRIPTION_TASK_BROKEN,連続クリア記録が途切れました！連続クリア記録を伸ばすか、リセットして最初からやり直すかを選べます。
e40febb641379b1c,TID_CLAN_STATUS_VERY_ACTIVE,非常に活発
4449266c6bb7f4d5,TID_STREAK_EVENT_RUSH_STREAK_BUTTON_CANCEL,キャンセル！
3ea3ef420d0d9ca8,TID_PIN_ERROR_NOT_PINNABLE,このメッセージはピン留めできません。
b476493acab9dab3,TID_BP_REWARD_RESOURCE_INFO,資源を集めて、自分の村、大工の拠点、クランの都のアップグレードに使いましょう！
46075b4738f0860a,TID_CHAT_TAG_TITLE_ALL,全員
0d308f33fb25c979,TID_CLAN_NOTICE_TITLE,クランニュース
bd43517846549caa,TID_DRAGON_PALACE_SCENERY,ドラゴンの宮殿
ba3550643446856c,TID_SETTING_CHAT_TAG_INFO,「オン」にすると、クランチャットでタグ付けされた際に通知が届きます。
7344cd77ac2d70d2,TID_SINGLE_PLAYER_LEVEL_WARNING,この戦闘は、タウンホールレベル<number>以上推奨です。
0983a96edd365180,TID_JOIN_CLAN_INFO_TOGETHER,一緒にプレイして戦利品稼ぎ！
fcee0e4de975b9d0,TID_KEYBOARD_CONTROL_SELECT_CLAN_CASTLE,クランの城の選択
82c1c9d5cec2f4d8,TID_BUTTON_CLAN_NOTICE_PUBLISH_INFO_1,現在有効なクランニュースはありません。
d12c8d7cffcead0a,TID_POPUP_GOBLIN_BUILDER_EXPENSIVE_DISCLAIMER,ゴブリン大工が建設するには、資源と時間がもっと必要です。この場合、大工を解放する方が安く済みます。
3a22d60836c3bda0,TID_PIN_NOT_ALLOWED_FEED_FULL,ピン留めメッセージの数が上限の<num>個に達しました！
56ee9ab4bff27792,TID_CLAN_STATUS_ACTIVE,有効
490d882ec84de4be,TID_GEAR_FIRE_IN_A_CAN,ファイアボール
8c7d8c6b9b8749de,TID_SPELL_HEAL_SPIRIT,ヒールスピリットの呪文
9cf6c7a3de8a09e5,TID_HERO_INSTRUCTIONS_WARDEN,グランドウォーデンは、魔法の杖の力で味方ユニットを強化してくれる偉大な魔術師です。攻撃時には壁を乗り越ることも高く飛ぶこともできるため、ユニットのサポートならお手の物です。防衛戦では強力な塔に姿を変え、進攻する敵の前に立ちふさがります。
3488765516fca242,TID_SILVER_PASS_REWARDS,シルバーパス報酬
a293a17f3c96943c,TID_DECO_LNY24_CRAB,ヤドカリ
ac9903bca527ea6c,TID_DECO_SPACE_2024_GOBLIN_STATUE,ゴブリン探検家
4619b3ce9d47a16a,TID_CHAT_TAG_ALL_INFO,クランメンバー全員にタグ付け
c687b8634167044f,TID_LNY24_CHAMPION,ドラゴン チャンピオン
371298f896ac90c6,TID_GEAR_INFO_FIRE_IN_A_CAN,最も近い防衛設備に爆発をともなう巨大なファイアボールを放ちます
052f56ee62db7faf,TID_CLAN_STATUS_DONATIONS,寄付：
ce1033555d4d8377,TID_CHAT_FEATURES_LIST,-<cff8000>@プレイヤー名</c>をタグ付けしてプレイヤーに通知を送信！\n-メッセージを長押ししてリアクションを追加！\n-リーダーとサブリーダーはメッセージをピン留め可能に！
d3aed3cede806a7b,TID_TAB_CLANS_FIND_PLAYERS,プレイヤーを探す
bb12dcdd5d59f925,TID_LNY24_QUEEN,ドラゴン クイーン
def9308c10c8357a,TID_EP_ACTIVATE_SCID_TITLE,イベントパスを有効化しますか？
649117de8c796538,TID_STREAK_EVENT_PERK_LEAGUE_BOOST_TOPIC,リーグブースト：
aa32f0b1a8b049f0,TID_DECO_SPACE_2024_CRATER,クラッシュクレーター
c8a362e63135ef75,TID_STREAK_EVENT_TIME_LEFT,イベント終了まで：<time>
6a191f103d3d1713,TID_EP_ACTIVATE_BUTTON,有効化する
2b00e19bc25f3e47,TID_STREAK_EVENT_PERK_LEAGUE_BOOST_INFO,リーグブーストが増加すると、攻撃時の報酬が豪華になります！
760520425c149819,TID_GEAR_TITLE_HASTE_VIAL,ヘイスト薬
cf8cf205eb851ddc,TID_NUM_ATTACKS_UNTILL_DEACTIVATE,攻撃回数
60e351b2b03f3993,TID_PIN_ERROR_THROTTLED,しばらく待ってからメッセージをピン留めしてください。
25d18c7f2efe5d6a,TID_CHAT_TAG_LEADERS_INFO,クランリーダーにタグ付け
b116cd2eba6c7266,TID_HERO_GEAR_UNLOCKED,<gear>をアンロックしました！
8e236fc9090c81b1,TID_UNPIN_ERROR_MESSAGE,メッセージのピン解除に失敗：{0}
7e30d54b96fbf661,TID_POPUP_UPGRADE_WALL_TITLE,壁のアップグレード！
1c1abda3f3a1b291,TID_JOIN_CLAN_INFO_CHAT,クランメンバーとチャット！
25cef1db29f25987,TID_DEAL_END_TIME,セール終了まで：
40855b855cc5eada,TID_SCENERY_OFTHENORTH,北の戦士の背景
0dfd91101ae7a8e8,TID_KEYBOARD_CONTROL_GROUP_TITLE_SIEGE_MACHINES,突破兵器の操作
a87d921f148852af,TID_CHAMPION_CHAMPION,チャンピオン チャンピオン
e73ca6fe12997b28,TID_SETTING_CHAT_TAG,クランチャットのタグ付け
a9faa7a09b1dd4e8,TID_PIN_ERROR_INTERNAL_ERROR,問題が発生しました。後ほどもう一度お試しください。
281cae83d4ec0fb1,TID_BP_REWARD_UNLOCKED_IN_TRACK,報酬はグレードで回収できます
68366161a7f33075,TID_SIEGE_MACHINE_INVISIBLE,インビジブルマシン
a57c76dac1a8991d,TID_MEDAL_EVENT_TROOP_BONUS,<troop>使用ボーナス
4fe335720d9a2227,TID_BUY_MISSING_RESOURCES_TEXT,不足分の<count><resource>を買いますか？
e09aa1a693cce5bb,TID_INFO_SCREEN_PASS_TEASER,ゴールドパスがあればこれだけお得：
8dcc363cb8ccb53d,TID_PIN_ERROR_MESSAGE,メッセージのピン留めに失敗：{0}
c112d5ed5c267439,TID_INFO_TARGET_TYPE_DEFENSES_AND_HEROES,防衛施設やヒーロー
453dddd5f9778bfd,TID_EP_SUPER_TROOP_UNLOCKED,<name>を有効化しました！
b799790a7b5b6385,TID_WINTER_QUEEN,北の戦士 クイーン
1c7b3241170b28f6,TID_CREATE_CLAN_NOTICE_SUBTEXT,クランニュースはクランの現在の設定が適用されます。
30a7827208b06f7e,TID_KEYBOARD_CONTROL_SELECT_TROOP,ユニットの選択：<num>
4faeff70d11c2a48,TID_ALLIANCE_WAR_LOOT_COLLECT_INFO_2,クラン対戦の戦利品は、宝庫や鍛冶屋から回収できます。
e347ec84e7cd91a1,TID_GOBLIN_BUILDER,ゴブリン大工
76b18b9dcb9bb967,TID_EVENT_PASS_ACTIVATE_TITLE,イベントパスを有効化！
ca3c7f0bf803c7aa,TID_STREAK_EVENT_BUTTON_BROKEN,続ける！
3a59261ff381d9c4,TID_CHAT_BUTTON_ADD_PIN,ピン留め
4bf78bda9fd350bf,TID_INFO_TARGET_TYPE_BUILDINGS,施設
c00a5fda1436f5af,TID_DAILY_LOGIN_HUB_TEXT,<cffcc33>ログインカレンダー</c>をチェックして、デイリーギフトを受け取りましょう
e9c9d501d46ccf68,TID_EDIT_CLAN_NOTICE_TITLE,
2fe9bfdc38a14661,TID_REENGAGEMENT_HUB_TITLE,チュートリアルハブ
3355cc997ac72d14,TID_STREAK_EVENT_PERK_LEAGUE_BOOST_NAME,連続クリアボーナス
d01daf07b8c81cfa,TID_DELETE_BUTTON,削除
60648af51ef7d5cd,TID_MESSAGE_INFO_WAR_SIGNUP_ACTIVE,すでにチャットでクラン対戦への参加を表明しています。
39f6e15dacf47ecf,TID_CHARACTER_CHAIN_HEAL_DRUID_INFO,
7c63080476cf3dca,TID_GEAR_TITLE_CLONING_CLOAK,マジックミラー
4bc82eeb9e686e80,TID_STREAM_EVENT_JOINED_AND_LEFT_NEW,<player>がクランに参加し、脱退しました
0d0675c7aeb1226c,TID_STREAK_EVENT_INFO_SCREEN_3,タスクを時間内に完了できなかった場合は、最初からやり直すか、エメラルドを使用してタスクに再挑戦しましょう
fe15605175ae2f09,TID_BUTTON_CLAN_NOTICE_BOARD,
5d6e39c8ba1312a9,TID_NO_MATCHING_RESULTS_FOUND,一致する結果が見つかりませんでした
f3ae9e3c3fd4037b,TID_BUTTON_CLAN_NOTICE_DESCRIPTION,
ccff4997b7d172cf,TID_DECO_GIFT_2024_CROWNSWORD,クラウンソード
845dbae33f7a047c,TID_GEAR_FOOTBALL_BOUNCE_INFO,
0280de6a7b983ab5,TID_EGYPTIAN_CHAMPION,エジプト チャンピオン
27eaab6db482e5ef,TID_CLANPERK_DESC_DONATION_LIMIT_VALUE,ユニット<troops>体、呪文<spells>個、突破兵器<sieges>機
91101d8fc14b2c24,TID_STREAK_EVENT_NOTIFICATION_STREAK_BROKEN,連続クリア失敗
962ad794be12abea,TID_HERO_ABILITY_SUMMONED_UNITS_DPS,召喚されたユニットの毎秒ダメージ：<number>
3167d8b0cbcc93bf,TID_STREAK_EVENT_LEAGUE_BOOST_DESCRIPTION,リーグの戦利品ボーナスの資源が<num>％増加します！
3f92c27fa60cb67c,TID_STREAK_EVENT_EXTRA_REWARD,+ <num>
3da2e6744bfb5691,TID_BUTTON_USE,使う
eb3f8bf60f1211f3,TID_GIVEN_ABILITY_DURATION,<ability>の効果時間：秒
ba9890525b32c2ae,TID_EGYPT_KING,エジプト キング
28406e1b81879f46,TID_NERF_DAMAGE_PERCENTAGE,ダメージ：<number>％
2f0c8e3af631f5bc,TID_DECO_CLASHBALL_TROPHYCROWN,栄冠のトロフィー
a9e0b8a83a60e7a1,TID_MASS_TAG_CLAN,クラン
a2f6122eb7b73744,TID_CHARACTER_INFO_SIDE_THROWER,バウンドする強烈なボールを最も近い防衛設備にスローイングした後、ジャイアントらしく残りの建物を攻撃し始めます！
2e682c876ebddab5,TID_EVENT_TRACK_REWARD_INFO_SUPER_TROOP,<name>を無料で有効化！
1cf642ebb07b13f2,TID_DECO_WILDWEST_CACTUS,サボテンマン
48e2a217270a0392,TID_STREAK_COUNTER_STREAKS,記録
92b343e037db8934,TID_STREAM_EVENT_CHANGED_SETTINGS_NEW,<player>がクランの設定を更新しました
6b1cfe08a769160a,TID_EP_RESOURCE_REWARD_GET_GEM_ALTERNATIVE_NO_BLACKSMITH_TITLE,保管できません
d37c6dd8c20a05d6,TID_STREAK_EVENT_PERK_LEAGUE_BOOST_TOPIC,連続クリアボーナス：
2cbd105ad096832e,TID_STREAK_EVENT_INFO_SCREEN_TITLE,連続クリアイベント
d1271c2f25ee974a,TID_DECO_CLASHBALL_STATUECHARACTER,
4465ccee9c6f10c3,TID_JOINCLAN_HUB_TEXT,<cffcc33>クランに参加</c>してメンバーと一緒にプレイし、ゲームをもっと楽しみましょう
c1f0c1797286e639,TID_STREAK_EVENT_RUSH_STREAK_TITLE,急いで連続クリア記録を継続しましょう！
acbb7286a9802aa7,TID_HERO_ABILITY_CLONE_DAMAGE,クローンのダメージ：<number>
095110a02972733f,TID_DECO_CLASHBALL_TROPHYBALL,黄金のボール
d6cd92dde32cfa08,TID_CHARACTER_INFO_FREE_KICKER,クールな表情で戦場に降り立ち、最も近い防衛設備目がけて正確なシュートをお見舞いした後、バーバリアンの本能に従って暴れまわります。
078e6e2cccfd538c,TID_CHAT_ENTRY_WAR_SIGNUP_NO,<cff6266>次のクラン対戦に参加しません</c>
051b80380a3be16c,TID_CHARACTER_INFO_GIANT,気はやさしくて力持ちに見えるかもしれませんが、敵の大砲やアーチャータワーを見つけた時こそ彼らの真の恐ろしさを目にすることでしょう！動きは遅いものの体は頑丈なので、オトリとして敵の攻撃を引きつけるのに向いています。
0691281ff328896a,TID_STREAK_EVENT_STREAK_BROKEN_TEXT,連続クリア記録を継続するか、最初からやり直しましょう
a3497f43b2fd6b52,TID_CHAT_ENTRY_WAR_SIGNUP_INFO,<cffffff>次のクラン対戦に参加しますか？</c>
c05a743dcd732951,TID_STREAK_EVENT_PERK_LEAGUE_BOOST_INFO,連続クリアボーナスが大きければ、それだけマルチプレイの戦利品ボーナスが増加します！
519eacd79630de30,TID_STREAK_EVENT_NOTIFICATION_STREAK_ADVANCED,タスク完了！
3f158db4e798e399,TID_STREAK_EVENT_INFO_SCREEN_4,次のタスクがアンロックされるまで待てない場合は、エメラルドで今すぐアンロックしましょう
c4dcf30e144155d3,TID_EP_RESOURCE_REWARD_GET_GEM_ALTERNATIVE_NO_BLACKSMITH_TEXT,<resource>を保管するには鍛冶屋を建設してください。\n代わりに<amount>エメラルドで売却しますか？
7e7b8eea2c4ed705,TID_STREAM_EVENT_CANCELLED_WAR_NEW,<player>がクラン対戦の検索をキャンセルしました
dc68659ad4a080af,TID_BUILDER_HUB_TEXT,<cffcc33>大工ブースト</c>を活用しましょう
1364722a6260ac1a,TID_SPACE_KING,スペース キング
0b4648ee21c72e91,TID_GEAR_TITLE_LIGHT_BOMB,
a965380c7deb2644,TID_NOTICE_BOARD_FTUE_ACTIVITY,
aa660b31110f13eb,TID_MEDAL_EVENT_INFO_TRACK_ENDED,これ以上進めることはできませんが、引き続き報酬を受け取り、旅商人の店で<hard_currency>を使用することは可能です。
11da79a75700eb2b,TID_CHARACTER_SHAPESHIFTER_DRUID,
25f15cef6d547aee,TID_NAME_UNKNOWN,不明
f464b991df442f17,TID_PUSH_CHAT_TAG,<name>さん、クランチャットで名前が挙がっています！
043e48bf26c3aa20,TID_GEAR_TITLE_OLYMPIC_BATON,
3647d5683076aebf,TID_PET_ANGRY_JELLY,アングリージェリー
6f21b0e18f048f78,TID_EGYPTIAN_QUEEN,エジプト クイーン
2339cd57e267cf1f,TID_STREAK_EVENT_NO_TIMER_YET,開始するには最初のタスクを完了してください。
cf95c2e2e15e2a0c,TID_GEAR_INFO_SUPER_ARCHER_PUPPET,
4c76de5c438b2006,TID_STREAK_EVENT_INFO_SCREEN_2,連続クリア記録を伸ばすとリーグボーナスの倍率がアップし、他の報酬も獲得できます
c140c80ca50bebb2,TID_SPELL_YELLOW_CARD_INFO,ラフプレイにはそれなりのペナルティが必要です。イエローカードは、防衛設備またはヒーローの機能を一時的に停止します。停止中の相手に対しては攻撃できませんが、攻撃されることもありません。
966240da8ee9dd20,TID_DECO_CLASHBALL_TROPHYBEVERAGE,
b349dc03dca22e69,TID_HERO_ABILITY_NUM_CLONES,クローン：<number>体
f77eb9b7d36a3fe4,TID_MESSAGE_WAR_SIGNUP_CONFIRM,クランチャットにクラン対戦への参加を申請しますか？
9cb6e2ad00c944fd,TID_EVENTS_HUB_TEXT,楽しい<cffcc33>イベント</c>をチェックして、報酬をもっと手に入れましょう
a0c6da42e9e8696f,TID_BUTTON_SEND_WAR_SIGNUP,クラン対戦への参加申請
1fae7bb1b29788b5,TID_PET_ANGRY_JELLY_INFO,底知れぬ怒りを具現化した生命体です。戦いに飢えており、村では怒りを解き放つ瞬間を今か今かと待ちわびています。戦闘中はヒーローを防衛設備に誘導した後、分裂して敵を攻撃します。
d9e6528fe9cb3e6e,TID_DECO_CLASHBALL_GOAL,
ef3d2215b3f8e67f,TID_STREAK_EVENT_FAILED,タスク失敗
2602b0f4a2ecce34,TID_LABORATORY_HUB_TEXT,<cffcc33>研究ブースト</c>を活用しましょう
d2d19ff7b7690bba,TID_STREAM_EVENT_CANCELLED_WAR_LEAGUE_NEW,<player>がクラン対戦リーグの検索をキャンセルしました
96a3f6abe4a8a2df,TID_WAR_SIGNUP_RESPONSE_NOT_AVAILABLE_IN_MODE,ホームに戻らないと返信できません！
a07b0a36ea790d61,TID_TRYING_TO_TYPE_TOO_MANY_TAGS,1件のメッセージにタグ付けできるプレイヤーは<num>人までです
cd9317925f44fe95,TID_CLANGAMES_TASK_USE_FREE_KICKERS,キックオフ！
91d557510099926d,TID_SCENERY_EGYPT,エジプトの背景
1370399b55995566,TID_STREAK_EVENT_RUSH_STREAK_TEXT,連続クリア記録の次のグレードをアンロックしますか？
f9244f242b9251a7,TID_STREAK_EVENT_REWARD_PERCENT_TOTAL,<num>％
de1c33e9623ff747,TID_DECO_CLASHBALL_GOLDENBOOT,黄金のスパイク
dd8ddccebce9e69a,TID_CHARACTER_BATTLE_DRUID,
c7aecf45643dfb73,TID_CHARACTER_CHAIN_HEAL_DRUID,
8566a299ffbd563f,TID_GEAR_TITLE_FOOTBALL,スパイクボール
02c8c52ae4b7bb19,TID_HERO_ABILITY_SUMMONED_UNITS_DAMAGE,召喚されたユニットのダメージ：<number>
53ec8109dc6de495,TID_STREAM_EVENT_KICKED_NEW,<name>が<player>をクランから外しました
768131504462e20c,TID_CHALLENGES_HUB_TEXT,<cffcc33>チャレンジ</c>をチェックして、次のステップを確認しましょう
50e33bc8d7080dea,TID_GEAR_INFO_LIGHT_BOMB,
37bd7b9100ee8560,TID_STREAM_EVENT_DEMOTED_NEW,<name>が<player>を<role>に降格させました
5f7b1654de49609b,TID_STREAK_EVENT_TIME_REMAINING,残り時間：<time>
4a4dcc4c79725815,TID_STREAM_EVENT_PROMOTED_AUTOMATICALLY_NEW,<player>が<role>に自動的に昇格しました
5a807c412a7a0471,TID_GEAR_FOOTBALL_STRIKE_INFO,
d88f8660ae7164ef,TID_STREAK_EVENT_STREAK_BROKEN_TEXT_CONTINUE,途切れたところから連続クリア記録を継続しますか？それとも、最初からやり直しますか？
e3c4c0c9a7bcca4f,TID_SPELL_YELLOW_CARD,イエローカード
57e3d73a47d14e02,TID_ABILITY_THROW_IN_INFO,投げたボールが2回バウンドし、地面に当たるたびに<num>ダメージを与える。壁の破壊も可能。
ee04c88cd2de5ddc,TID_CHARACTER_BATTLE_DRUID_INFO,
d127c6dba3c0513d,TID_MESSAGE_WAR_SIGNUP_CONFIRM_TITLE,クラン対戦に参加申請しますか？
523ea38900526805,TID_EGYPTIAN_WARDEN,エジプト ウォーデン
71420baac19678de,TID_ABILITY_THROW_IN,スローイン
d9d4710e58bb35ac,TID_GEAR_FOOTBALL_STRIKE,
043be3fa8efd0a20,TID_GEAR_TITLE_OLYMPIC_TORCH,
e6ab9dd34d223167,TID_STREAK_EVENT_COMPLETE_CURRENT_TIER_TO_RUSH,アンロック前に現在のタスクを完了してください
221503b768ca68d3,TID_GEAR_CLONING_CLOAK_GIVEN_ABILITY,クローン
b8b916b6d6a20a79,TID_CHARACTER_SHAPESHIFTER_DRUID_INFO,
9ef3f91f20ef0b56,TID_DECO_WILDWEST_TOTEM,ドラゴントーテム
4211221ac6f7388e,TID_SPELL_OVERGROWTH_INFO,敵の施設をすべて無視したいと思ったことはありませんか？オーバーグロウの呪文は近くの建物を頑丈な根で捕らえて、防衛設備の攻撃を封じます。ユニットは封じ込まれた建物を無視して進撃します。
8b57e86f48522d73,TID_HERO_ABILITY_SUMMONED_UNITS_HEALTH,召喚されたユニットのHP：<number>
36ba7d7988031ccd,TID_STREAM_EVENT_LEFT_NEW,<player>がクランを脱退しました
7170b2c60276c7de,TID_GIVEN_ABILITY_BOOST_DAMAGE_PERCENTAGE,<ability>のダメージ増加：<number>％
db3479ffceef8440,TID_STREAM_EVENT_CANCELLED_ARRANGED_WAR_NEW,<player>がフレンド対戦をキャンセルしました
39708d40ef0c9051,TID_CHIEFSJOURNEY_HUB_TEXT,<cffcc33>チーフの歩み</c>で、これまでにアンロックしたものを確認しましょう
7f1cddbdce626da0,TID_SPACE_CHAMPION,スペース チャンピオン
4591efd4f5064265,TID_SCENERY_SPACE,宇宙の背景
18fb1b3ad8963102,TID_BUTTON_CLAN_SEND_REQUEST,リクエストを送信
f9b9595d52f7d05d,TID_STREAK_EVENT_BANNER_TITLE,記録
b91ff72907ac7807,TID_GIVEN_ABILITY_NERF_DAMAGE_PERCENTAGE,<ability>のダメージ：<number>％
666a164385934303,TID_STREAK_EVENT_STREAK_BROKEN_TEXT_RESET,開始
64851d937c5bdc8b,TID_STREAM_EVENT_STARTED_WAR_NEW,<player>がクラン対戦の検索を開始しました
7eadaa575a0c6ced,TID_STREAM_EVENT_STARTED_WAR_LEAGUE_NEW,<player>がクラン対戦リーグの検索を開始しました
2dc1b6455b1a46af,TID_HERO_ABILITY_CLONE_HEALTH,クローンのHP：<number>
cb64b403015e7685,TID_HERO_ABILITY_CLONE_DPS,クローンの毎秒ダメージ：<number>
1782d6126b515bbe,TID_STREAM_EVENT_NAME_CHANGED_NEW,<player>が名前を<name>に変更しました
4b5995b4e05ec9e3,TID_STREAM_EVENT_PROMOTED_NEW,<name>が<player>を<role>に昇格させました
b99f7df12b8e2cd6,TID_GEAR_INFO_OLYMPIC_TORCH,
05ea0d0a018b66d3,TID_TUTORIAL_ENTER_AGE_ALTERNATE_PATH,ようこそ、チーフ！さっそく始めましょう。
6bd068ed46ca0666,TID_LOOTCART_HUB_TEXT,<cffcc33>ボーナス戦利品</c>を集めて、村のアップグレードを始めましょう
e707c336755f3b29,TID_CLANGAMES_TASK_USE_EQUIPMENT_FOOTBALL,ハットトリック！
d9d47c8a4cbf7f1c,TID_GEAR_FOOTBALL_BOUNCE,
9d48708bd30e064e,TID_PRACTICELEVELS_HUB_TEXT,<cffcc33>攻撃練習</c>を繰り返し行ってスキルを磨きましょう
514a00b7457f59f5,TID_PET_ABILITY_INFO_ANGRY_JELLY,配置後しばらくの間、ヒーローが防衛設備を狙うようになる
494816d42ac8fa02,TID_NOTICE_BOARD_FTUE_SUBTEXT,
fce05357549c1ea7,TID_STREAK_EVENT_BUTTON_RESET,やり直す！
3bb16da22e0f76c3,TID_STREAK_EVENT_REWARDS,報酬：
5122648927d86728,TID_SPACE_QUEEN,スペース クイーン
be538b763ee29871,TID_CHARACTER_SIDE_THROWER,ジャイアントスローワー
b840e4251fddc3be,TID_TRAINING_HUB_TEXT,<cffcc33>訓練ブースト</c>を活用して、戦闘に挑みましょう
b99ad6b483b08cd6,TID_GEAR_INFO_OLYMPIC_BATON,
8213e152008ac487,TID_STREAK_EVENT_INFO_SCREEN_1,制限時間内に毎日タスクを完了して、連続クリア記録を伸ばしましょう
227de31501cfd5c6,TID_DECO_WILDWEST_SKELLY,カウボーイスケルトン
516142dd8cc9d917,TID_CHAT_ENTRY_WAR_SIGNUP_TITLE,クラン対戦に参加
342d0d02d86139b1,TID_STREAK_TASK_REVEALED_IN,「<task>」のタスクの公開まで：
f46bffbd75f102c7,TID_CLANGAMES_TASK_USE_EQUIPMENT,マルチプレイで<equipment>を使って星1個を<num>回獲得する。
46bcf9933c729d32,TID_GEAR_INFO_FOOTBALL,蹴り出したボールが複数の防衛設備に跳ね返ります
04ba7bd1026237a8,TID_GEAR_TITLE_SUPER_ARCHER_PUPPET,
29d8956b73c2d898,TID_STREAK_EVENT_REWARD_PERCENT,+ <num>％
a52a0aa1f393b4a6,TID_CHALLENGE_CASTLE_EMPTY,クランの城が空っぽです！
ae8563fa9b8f710f,TID_PET_ABILITY_ANGRY_JELLY,洗脳
31035bd47a0a86ea,TID_GEAR_INFO_CLONING_CLOAK,アーチャークイーンのクローンを召喚します
b698ac4629291a37,TID_MASS_TAG_LEADERS,リーダー
e74f06d6dd7c8f56,TID_BASIC_TURRET_INFO,大砲は拠点防衛に向いています。大砲をアップグレードすれば攻撃力が上がりますが、アップグレードが完了するまでは村が攻撃されても撃てないので注意しましょう！
2fe1c8c8ac265c1e,TID_SCENERY_OFTHENORTH,北の戦士
9cb4c884ab7be4de,TID_STREAK_EVENT_STREAK_BROKEN_BUTTON_BREAK,やり直す！
fd0c8aa0ca723b5f,TID_DECO_GAME_CAMPAIGN,
4791c94136dc5842,TID_STREAM_EVENT_ACCEPTED_NEW,<player>のクラン参加を<name>が承認しました
33e6ea9a968b2851,TID_CHAT_ENTRY_WAR_SIGNUP_YES,<c6cd900>次のクラン対戦に参加します</c>
079ee82e0241c4f1,TID_SCENERY_CLASHBALL,
11143c564a4600e7,TID_NOTICE_BOARD_FTUE_TITLE,
46a19d6fde7397ca,TID_EP_RESOURCE_REWARD_GET_GEM_ALTERNATIVE_TOO_LOW_TH_TITLE,保管できません
ca9d944b729821c1,TID_OFFER_TOWNHALL_UPGRADE_PACK,ショップにタウンホール<num>パックが登場しました！
d11320fb3d2fa06f,TID_GEAR_TITLE_OLYMPIC_TORCH_GIVEN_ABILITY,
e8dfd995260222e8,TID_STREAK_EVENT_BROKEN_TIMER,タスク失敗：時間切れ
d9138297e6d4f0c9,TID_CHARACTER_FREE_KICKER,バーバリアンキッカー
172dd482a099948c,TID_SPACE_WARDEN,スペース ウォーデン
4472ed598e099fb5,TID_STREAK_EVENT_BUTTON_RUSH,アンロック！
b52dbd51cc8a04b4,TID_WAIT_BEFORE_TAGGING,チャットでのタグ付けは、クランに加入してから<number>分後に行えます！
8ca300a48ad6872a,TID_ABILITY_FREE_KICK_INFO,近くの防衛設備に<num>ダメージを与える。
ae487b4211f91b47,TID_BUTTON_CLAN_NOTICE_MESSAGE,
36bf99b7862c3c38,TID_EVENT_TRACK_REWARD_INFO_SUPER_TROOP_BOOSTED,<name>を無料で有効化！\n訓練時間が<pct>％短縮されます。
6a67a5ff3ff2619f,TID_KEYBOARD_CONTROL_GROUP_TITLE_REINFORCEMENTS,
e943c690ba679f30,TID_STREAK_DESCRIPTION_TASK_BROKEN,連続クリア記録が途切れました！連続クリア記録を継続するか、最初からやり直しましょう。
a0c879fa771f2ae7,TID_ABILITY_FREE_KICK,フリーキック
a8d529a67ce0f703,TID_DECO_CLASHBALL_TROPHYCUP,優勝カップ
a0b9cc36adcfcaf3,TID_EP_RESOURCE_REWARD_GET_GEM_ALTERNATIVE_TOO_LOW_TH_TEXT,<resource>は、タウンホール8で鍛冶屋を建設した後に保管できるようになります。\n代わりに<amount>エメラルドで売却しますか？
8c04d7391cdd7e2a,TID_GEAR_BARBARIAN_CROWN_GIVEN_ABILITY,レイジ
d15ab9242cee0f79,TID_STREAK_EVENT_LEAGUE_BOOST,連続クリアボーナス
9f205f437c035f44,TID_STREAM_EVENT_JOINED_NEW,<player>がクランに参加しました
a3e7c13ba108395d,TID_KEYBOARD_CONTROL_SELECT_REINFORCEMENTS,
de7c49e46dd9f177,TID_GEAR_INFO_OLYMPIC_TORCH_GIVEN_ABILITY,
52fffc0d766b1e65,TID_BUTTON_CLAN_NOTICE_BOARD,ニュース板
de3e0644ef58f4f8,TID_SPECIAL_REENG_TUTORIAL_7,コーチがご不在の間に、村にはさまざまな変化がありました。まずは、辺りを見回してみましょう！
f08fcb9d147fbb41,TID_HARD_MODE_DESC,防衛設備の攻撃力が5％上昇し、攻撃側のヒーローはヒットポイントが10％、与ダメージが15％減少します！
f725e7672f208c72,TID_SPECIAL_REENG_TUTORIAL_2,コーチがベンチを温めている間に、コーチの勘が鈍っていなければいいのですが...
6da14188c8efba2d,TID_SCENERY_EGYPT,エジプト
c0effc74ce9f539f,TID_DECO_TTRPG_MIMIC_CHEST,ミミックの宝箱
46574b17392ea7cc,TID_BUILDER_APPRENTICE_BOOST_DURATION,作業時間：
444d426f6978f92d,TID_GIVEN_ABILITY_BOOST_DAMAGE_PERCENTAGE,<ability>のダメージ増加（％）：<number>
50b3bb402f8d7532,TID_GIVEN_ABILITY_HASTE_SPEED,速度上昇（<ability>）：<number>
8abf6d213adffeb8,TID_LAYOUTS_UNPLACED_BUILDINGS_OR_TRAPS,まずは未設置の施設やトラップを設置してください
f28a0bd86f68b53f,TID_BUTTON_CLAN_NOTICE_REMOVE,ニュースを削除
8f4d0ab9508eb44c,TID_DEFENSIVE_LAYOUT_OBSTRUCTED_TITLE,防衛用レイアウトのエラー
b5e1bc0e8be87666,TID_MESSAGE_WAR_SIGNUP_CONFIRM,クランチャットでクラン対戦の参加者を募集しますか？
9e175e3e6b6223c8,TID_DAMAGE_RADIUS,範囲ダメージ（マス）：<number>
8145f3c272647b1c,TID_MESSAGE_WAR_SIGNUP_CONFIRM_TITLE,参加者を募集しますか？
c31fca27e47f1ae5,TID_BP_ACTIVATE_SCID_CONFIRM,あなたのSupercell IDにはゴールドパスが<num>個あります。1個消費して今シーズンのゴールドパスを有効化しますか？
041c66d88afb0093,TID_UNLOCKING_ITEM,<item>を<cffcc33>アンロック</c>しますか？
c31abcf5a8f19fc8,TID_CLAN_NOTICE_LANGUAGE_MISSING_INFO,最後に1つだけアドバイス！あなたのクランは言語の設定がされていないようです。言語を設定すれば、クランを見つけてもらいやすくなりますよ！
62e9515348cb06d0,TID_CLAN_NOTICE_SAVE_FAILED_THROTTLED,しばらく待ってからニュースを編集してください。
04d831f6450e63af,TID_CHARACTER_SHAPESHIFTER_DRUID,ドルイド
d2a246238f1ebb23,TID_DECO_SC_BRAWLSTARS,ブロスタの像
4a033cd49b13a5c2,TID_HAALAND_KING,キング ハーランド
fd59aac3cb3a60a5,TID_GEAR_INFO_HEROIC_TORCH_GIVEN_ABILITY,移動速度が上昇して被ダメージが低下し、ジャンプできるようになります
8e3684cfa59d71b1,TID_BOOST_DAMAGE_PERCENTAGE,ダメージ上昇（％）：<number>
e7da983d7922a651,TID_BUILDING_BOW_GROUND_CONFIG,巨大クロスボウ（地上）
58ea61bd2498ab58,TID_BASIC_TURRET_INFO,大砲はピンポイント防衛にうってつけです。大砲をアップグレードすれば攻撃力が上がりますが、アップグレードが完了するまでは村が攻撃されても撃てないので注意しましょう！
ab204dee59503a3d,TID_DECO_ANIME_FORTUNETELLER,ウィザード自販機
db26454f2755e18e,TID_CHARACTER_SHAPESHIFTER_DRUID_INFO_SHORT,心優しい回復役が怒れるクマに変身します。
225b304f5fe63965,TID_STREAK_EVENT_STREAK_COMPLETED_DESCRIPTION,連続クリアのタスクをすべて達成しました！おめでとうございます！
4f56edd716880add,TID_BUTTON_VILLAGERS,見習い大工
a548a3bf96d34d05,TID_TRADER_GEM_OFFERS_UNLOCKS_TEXT,エメラルドでの購入には、タウンホールレベル<value>への到達が必要です
edf830315eb872d3,TID_GIVEN_ABILITY_MOVEMENT_SPEED,<ability>移動速度：
f84e3b663296c056,TID_BA_CONFIRM_ASSIGN_JOB_LOSE_TIME,無駄になる時間が発生します。
6b43467d1a14502e,TID_KEYBOARD_CONTROL_SELECT_REINFORCEMENTS,援軍の選択
a0409ab0d03d226e,TID_FLYING_FORTRESS_ABILITY_INFO,スケルトングライダーが船体を守っており、撃破された際には<num>体の怒れるスケルトンを放出する
b1fae7c49e6b9dba,TID_CLAN_NOTICE_UNPUBLISH_FAILED_NO_PERMISSION,ニュースを削除できるのはリーダーかサブリーダーのみです。
934d8ba3b255b75c,TID_BUTTON_CLAN_NOTICE_MESSAGE,クランメッセージを使用
dcc33d677e6e1856,TID_WILDWEST_KING,ウエスタン キング
aff575464698629b,TID_VILLAGER_WAIT_COOLDOWN,見習い大工は休憩中です。今しばらくお待ちください！
655a2646357083f9,TID_POPUP_REMOVE_CLAN_NOTICE_TITLE,クランニュースを削除しますか？
4f08d19c0c9850bd,TID_VILLAGER_LIST_IN_PROGRESS,進行中の作業
0ad3ddbed6a54bfd,TID_SPECIAL_REENG_TUTORIAL_6,スピード、フィジカル、ポジショニング。どれを取っても一級品ですね！
c7f56a879f683ab7,TID_BUILDING_GOBLIN_HALL,ゴブリンホール
a14536ad3d7057da,TID_SHOP_SCID_TITLE,豪華報酬を獲得！
9f70f33295d57d6f,TID_CLAN_NOTICE_PUBLISH_FAILED_MESSAGE,クランニュースを投稿できませんでした：{0}
1d18d4c94a23f583,TID_VILLAGER_STATUS_READY,作業準備完了！
f27ebd3c2efa3710,TID_DECO_SC_HAYDAY_CHICKEN,ニワトリ勇者
2a962db47971d85c,TID_DANCE_FLOOR_INFO,
66b7ee50c8e75843,TID_BUTTON_RECRUIT_MEMBERS,メンバーを募集
017b06d2971e01ae,TID_INVISIBILITY_SECONDS,透明化時間（秒）：
88c3f39802186dd7,TID_BA_CONFIRM_ASSIGN_JOB_TITLE,<building>をスピードアップしますか？
bf060ce0a94a5863,TID_PET_ANGRY_JELLY_INFO_SHORT,ヒーローを洗脳して防衛設備を攻撃させます。
40d7e77499bed620,TID_DECO_SC_ROYALE_CASTLE,ロワイヤルタワー
ce182d2206592268,TID_POPUP_REMOVE_CLAN_NOTICE_TEXT,ニュース板からあなたのクランニュースを削除しますか？
428add06f9c45a4b,TID_SCENERY_CLASHBALL,サッカー
07fe3d0621fed2b7,TID_GEAR_INFO_ELECTRO_SHIELD,ロイヤルチャンピオンの周囲全体に継続ダメージを与えます
9ad4c632b5cb588e,TID_CLAN_NOTICE_UNPUBLISH_FAILED_THROTTLED,しばらく待ってからニュースを削除してください。
058c6a3aa0b11c1f,TID_CHALLENGE_TITLE_HARD_MODE,ハードモード
d632b236f5f9bb24,TID_STREAK_EVENT_LEAGUE_BOOST,連続クリア\nボーナス
7ddec3b87c2625a8,TID_ATTACK_RANGE_TILES,攻撃範囲（マス）：
6922db64652cc123,TID_SPELL_RADIUS,効果半径（マス）：<number>
761f88bcfbe276b8,TID_VILLAGER_UNLOCK_FIRST,ショップで見習い大工をアンロックして、アップグレード中の施設に派遣しましょう
59aa66f1621f8e00,TID_SHIELD_PROTECTION,被ダメージ低下（％）：<number>
f1d1ca3f4e9def42,TID_CHARACTER_SHAPESHIFTER_DRUID_INFO,ドルイドは複雑な内面を抱える戦士です。味方ユニットを回復させる慈悲深い一面を見せることもあれば、怒れるクマに変身して敵を容赦なく攻撃する苛烈さも持ち合わせています。
e59b0d836d613a25,TID_GEAR_INFO_HEROIC_TORCH,使用すると、付近のユニットの移動速度が上昇して被ダメージが低下し、ジャンプできるようになります
8ebf253cc5ea3111,TID_BOOSTER_BUILDERS_INFO,大工が緊急の徹夜作業に備えて作り出した強力なドリンク剤で、仕事のスピードが<time>にわたって10倍になります。自分の村でのみ使用可能です！ただし年齢制限があるので、見習い大工は飲めません。
ce8441dea4d69fc2,TID_GEAR_INFO_PHOENIX_STICK,
b8163d58ce40c43f,TID_DECO_ANIME_GIANT_SCHOOL_GIRL,激カワジャイアント
15bde50bb5f9e67c,TID_CLAN_NOTICE_BOARD_INFO,クランが投稿したクランニュースで、あなたにピッタリのクランを見つけましょう。検索オプションを使用すれば、さらに探しやすくなりますよ！\n\nリーダーとサブリーダーは、ここにニュースを投稿できます。ニュースは24時間が経過するか、クランが定員一杯になるまで表示されます。
12dc810cdb58de97,TID_WILDWEST_QUEEN,ウエスタン クイーン
9438753773670eaa,TID_VILLAGER_BUILDER_INFO_ITEM3,1日の作業時間は1時間までです。レベルアップして作業速度を上げましょう。
8caf526a3e6a0c12,TID_BUILDER_APPRENTICE_BOOST_COOLDOWN,クールダウン：
e8711c8660e50fda,TID_DECO_CLASHBALL_TROPHYBEVERAGE,勝利のミルク
075c1d9e5db9143e,TID_DECO_TTRPG_TREEPORTAL,木彫りのポータル
bf4205230aad4e1b,TID_CLAN_NOTICE_SAVE_FAILED_INTERNAL_ERROR,問題が発生しました。もう一度お試しください。
7b874c80e0f8ce80,TID_BA_CANT_UPGRADE_WORKING,作業中は見習い大工をアップグレードできません。休憩中に行いましょう！
3567d6d450f68b93,TID_BUILDING_ARCHER_TOWER_LONG_RANGE_CONFIG,アーチャータワー（長射程）
fa209d24f241996e,TID_STREAK_EVENT_TASK_REQUIREMENT_COMBAT_100,破壊率100％を達成して、連続クリア記録のタスクを完了しましょう！
b770359546244ffd,TID_NOTICE_BOARD_FTUE_SUBTEXT,設定は後から変更可能です
330f92489b86c4f7,TID_OBSTACLE_BIRTHDAY2024,12周年記念ケーキ
a76bfa8e1d988807,TID_STREAK_EVENT_TASK_REQUIREMENT_COMBAT,破壊率<amount>％以上を達成して、連続クリア記録のタスクを完了しましょう！
457a1ad333c9897c,TID_DECO_ANIME_BONSAI_TREE,桜の盆栽
6247c0e90acfa600,TID_CLAN_NOTICE_UNPUBLISH_FAILED_MESSAGE,クランニュースを削除できませんでした：{0}
a4d18e15b0f9e34a,TID_SPECIAL_FTUE_TUTORIAL_2,ようこそ村へおいでくださいました！本当は平和な村なんですよ。でもアレのせいで...
0f046743d3027326,TID_SPECIAL_REENG_TUTORIAL_3,練習試合で肩慣らしをしてみてはいかがですか？
f152e39dd801fa57,TID_SHOP_SCID_BUTTON_CTA,カードをアンロック
a31432e4077753d5,TID_VILLAGER_STATUS_LOCKED,ロック
ca22923ab743af6f,TID_APPRENTICE_UPGRADED,<item>をレベル<level>にアップグレードしました！
49c67ce363236f19,TID_NOTICE_BOARD_FTUE_TITLE,チーフ！最適なクランを探すために、まずは言語を選択してください。
f00867898d6f1430,TID_GOBLIN_HALL_INFO,ゴブリンの村の心臓部です。
73f100ab73ae4446,TID_APPRENTICEBUILDER_KING,
638af303b4e82fde,TID_DECO_ANIME_CHIBI_ARCHER,ちびアーチャー
7d80608f8cf205eb,TID_NUM_ATTACKS_UNTILL_DEACTIVATE,攻撃回数：
35e28f675764545e,TID_CREATE_CLAN_NOTICE_SUBTEXT_ACTIVE,クランニュースは現在ニュース板で有効になっています！
d93da17cb8542ac8,TID_ADDITIONAL_DAMAGE_PER_TARGET_HP,追加ダメージ（％）：<number>
2f387ce087f19c56,TID_FREEZE_TIME,スローダウンの時間（秒）：<number>
e129134a80518840,TID_BUILDING_CANNON_BURST_CONFIG,大砲（バースト）
603fdf017e329123,TID_CLAN_NOTICE_UNPUBLISH_FAILED_INTERNAL_ERROR,問題が発生しました。もう一度お試しください。
d6f953836e23a862,TID_BUILDING_ARCHER_TOWER_FAST_CONFIG,アーチャータワー（速射）
e3d6108bc6c8f3ac,TID_SPECIAL_FTUE_TUTORIAL_3,わあ！またゴブリンです... 急いで大砲を用意して村を守りましょう！
e03287303c614cf2,TID_BUILDING_BOW_AIR_CONFIG,巨大クロスボウ（空中）
994a07c4e33f9336,TID_CLAN_NOTICE_SAVE_FAILED_NO_PERMISSION,ニュースを編集できるのはリーダーかサブリーダーのみです。
2ca92a91e51e07f8,TID_EDIT_CLAN_NOTICE_TITLE,クランニュースを編集
b26e123dc8f52906,TID_BA_CONFIRM_ASSIGN_JOB,見習い大工を<building>に派遣しますか？
a8820afb493d6ee5,TID_SCENERY_WILDWEST,ウエスタンの背景
0fe3284890281516,TID_BUILDING_BOW_GROUND_AND_AIR_CONFIG,巨大クロスボウ（対空＆対地）
ab1652e26a97e00f,TID_APPRENTICE_UNLOCKED,<item>をアンロックしました！
58ee8fba382db09e,TID_NOTICE_ACTIVE_FOR,有効時間：
bb747339893182cc,TID_FOOTBALL_QUEEN,サッカー クイーン
5be0b4360ccaeb55,TID_STREAK_EVENT_PERK_LEAGUE_BOOST_INFO,連続クリアボーナスが大きいほど、マルチプレイの戦利品ボーナスが増加します！
3f6466c5a0bda92e,TID_DECO_CLASHGAMES_GOBLINDIVE,ゴブリンの飛び込み台
ff415c29cd4b7da2,TID_GEAR_TITLE_HEROIC_TORCH,英雄のトーチ
324695da5c5e7f93,TID_SPECIAL_REENG_TUTORIAL_4,そうこなくっちゃ！さっそく、ご自身の守備陣形を突破してみましょう！
4dfd8454cceb6271,TID_CHARACTER_SHAPESHIFTER_DRUID_BEAR_INFO,ドルイドが変身したタフで怒れるクマです。防衛設備に牙をむき、苛烈な攻撃を仕掛けます！
71da9c90a4e34850,TID_VILLAGER_STATUS_WORKING,残り時間：<time>
516bbe07f15b3d72,TID_CHARACTER_COURIERSPAWN,ネクロスピリット
6c872360f9cab0de,TID_DECO_SC_BEACH_CANNON,ブームビーチの像
1aa8babc7edb978d,TID_PROJECTILE_DAMAGE,武器のダメージ：<number>
e11082af8f2c55a7,TID_SPECIAL_REENG_TUTORIAL_1,コーチ！おかえりなさい！アーリング・ハーランドです！
77485793c74c7a9f,TID_WILDWEST_WARDEN,ウエスタン ウォーデン
177aef8003fde197,TID_GROWTH_AURA_PERCENT,ヒットポイント上昇（％）：<number>
1a0f218e64c03441,TID_BUILDER_APPRENTICE_BOOST_MULTIPLIER,作業速度：
8e92bcafda18b7e3,TID_CLAN_NOTICE_SAVE_FAILED_MESSAGE,クランニュースを保存できませんでした：{0}
0e37c63f6746d8c1,TID_GEAR_INFO_FOOTBALL,蹴り出したボールが複数の施設に跳ね返ります
0252c0c972a33de0,TID_GAMES_OVERVIEW_TEXT,クランゲームは、チャレンジをクリアしてクランメンバーと一緒にポイントを集めてゆくスタイルのゲームです。クラン全体で集めたポイントが大きいほど、ゲーム終了時の報酬も大きくなります。メンバーには積極的に参加してもらいましょう。参加人数が多ければ、それだけ上位の報酬グレードを目指しやすくなります！
a2085c5b15612f69,TID_DANCE_FLOOR,
25874b62dab2c8a8,TID_CHARACTER_SHAPESHIFTER_DRUID_BEAR,クマ
d415bbf47010d2b0,TID_GEAR_ELECTRO_SHIELD,エレクトロブーツ
84d9c844d1c07255,TID_VILLAGER_BUILDER_INFO_ITEM2,1度使用すると、24時間の休息が必要になります。
e2a826fac1f0c97a,TID_RANDOM_REWARD_TAP,タップ！
0a77029c9bcbfac1,TID_MECHA,M.E.C.H.A
42a2b921961a158e,TID_BA_JOB_TIME_SAVED,短縮時間：<time>
7f66a045a7382e7d,TID_DECO_CLASHBALL_GOAL,サッカー場
3adff576a20bddc3,TID_CLAN_NOTICE_BOARD_REFRESH,更新
e7f65758d3a009dc,TID_KEYBOARD_CONTROL_GROUP_TITLE_REINFORCEMENTS,援軍の操作
c8e9d49890e34966,TID_ATTACK_SPEED_INCREASE,攻撃速度上昇（％）：<number>
d1e3741a041a4607,TID_BUTTON_SEND_WAR_SIGNUP,参加者を募集
041acc031ee3fd5f,TID_DANCE_STUDIO,
ffa029b0254cb300,TID_SPELL_DAMAGE_PERCENT,ダメージ（％）：<number>
0beaa3eba192bcd2,TID_DECO_CLASHGAMES_ARCHERFOOT,足の記念像
03e57d7a4c76a499,TID_MESSAGE_INFO_WAR_SIGNUP_ACTIVE,すでにチャットで参加者を募集しています。
2da0c323145b5e46,TID_BUILDING_MORTAR_BURST_CONFIG,迫撃砲（バースト）
99393db21e85320e,TID_SPECIAL_REENG_TUTORIAL_8,それでは、ピッチでお待ちしています！
5019a6783177cacc,TID_DANCE_STUDIO_INFO,
2ac241a6cb5f10f6,TID_DECO_CLASHGAMES_FIREBOWL,チャンピオントーチ
09657eaf025140a7,TID_BUTTONS_SETTINGS_RESET,検索オプションをリセット
f62a2936d4f009b2,TID_CHARACTER_INFO_COURIERSPAWN,魔女っ子ネクロに仕えるイタズラ好きの小悪魔たちです。かわいらしい見た目に騙されたが最後、防衛設備が大損害を負うことになるでしょう。
dab2a71094778e09,TID_SPECIAL_REENG_TUTORIAL_5,すばらしい活躍です！コーチ！
163f3b54c91cf35f,TID_DECO_GAME_CAMPAIGN,ビックリスクワッド
ee1b0af88f62ec8b,TID_BUTTON_TIMER_AVAILABLE_IN,利用可能になるまで：
d655eefa99bee818,TID_FOOTBALL_CHAMPION,サッカー チャンピオン
e84685f5d2673eb4,TID_GEAR_TITLE_HEROIC_TORCH_GIVEN_ABILITY,能力
2765b0d83bc7beeb,TID_BUILDING_DARK_TOWER_MULTI_CONFIG,インフェルノタワー（複数攻撃）
8e66d54a02aa4990,TID_DANCE_STUDIO_TOO_LOW,
d9463b11a3b42f0f,TID_CLAN_NOTICE_BOARD_HEADER_TITLE,最新のクランニュースでクランを見つけましょう！
8e017f32b43741ae,TID_BA_JOB_UPGRADE_TIME,アップグレード完了まで：<cffcc33><time></c>
780b97f088b491fc,TID_SQUAD_KING,スーパースクワッド キング
1c4c5ab7653b0f69,TID_VILLAGER_LIST_ASSIGN,見習い大工を派遣しますか？
5f4b3f037fd1081c,TID_VILLAGER_STATUS_WAITING,利用可能になるまで：<time>
f69575ee96fa4222,TID_HEROJELLY_BANNER_SHORT_DESCRIPTION,アップグレード中もヒーローを使用できます！
7320dfd501a5b934,TID_GEAR_TITLE_PHOENIX_STICK,
f4dd89f61ae97cca,TID_STREAK_EVENT_RUSH_STREAK_TITLE,次のタスクをアンロック
7a6800f34a73451e,TID_BUILDING_DARK_TOWER_SINGLE_CONFIG,インフェルノタワー（単体攻撃）
9f21a46d69a6906b,TID_SCENERY_SPACE,宇宙
7f8f2a645dd0c9d4,TID_HEROJELLY_EVENT_TITLE,ヒーロー使い放題！！！
ca3b2dc161406cfe,TID_VILLAGER_LIST_PROGRESS_BUTTON_START,派遣
63996d0fb74d32ca,TID_SHOP_SCID_DESCRIPTION,Supercell ID報酬カードを有効化すると、1000ポイントをプレゼント！
776a0c8bbe9404ab,TID_DEFENSIVE_LAYOUT_OBSTRUCTED_TEXT,障害物が原因で防衛用レイアウトを使用できません。障害物が取り除かれるまで、現在のレイアウトが防衛に使用されます。
d6078445a058f6e7,TID_BUILDER_APPRENTICE_INFO,見習い大工は大工の助手となり、アップグレードにかかる時間を短縮します。1日1回まで派遣可能で、レベルアップすると作業速度が上がります！
1cc9ffd7add57269,TID_NOTIFICATION_VILLAGER_READY,見習い大工がアップグレードを手伝う準備が完了しました！
3f94c27f8cb3068a,TID_CHARACTER_INFO_GOBLIN_SHORT,ゴールドとエリクサーの略奪にかけては、右に出る者はいません。
753b47334b1f3b3f,TID_GIVEN_ABILITY_DURATION,<ability>の効果時間（秒）：
2d73336d09e523fe,TID_HAALANDCLASH_KING,サッカー キング
58157709cc4ee291,TID_VILLAGER_LIST_WAITING,進行中のアップグレード：
89f0e9a265e6206d,TID_TRADER_SPECIAL_OFFER_TAB_INFO,今後は毎週、特定の魔法アイテムを複数回購入できるようになります！各アイテムは購入数に上限がありますが、特別価格で販売されます。
8dff85e627b9267a,TID_HERO_ABILITY_NUM_CLONES,クローン（体）：<number>
446e2c33be3971fd,TID_GIVEN_ABILITY_SHIELD_PROTECTION,ダメージ軽減（<ability>）：<number>％
8d722d8ba619a66b,TID_DECO_SC_GAUNTLET,巨大ガントレット
0755e23f59b69035,TID_CHARACTER_INFO_COURIER,戦場を飛び回り、ネクロスピリットをばらまく新米ネクロマンサーです。まだ見習いで、テストは赤点ですが笑顔は満点。でも、したり顔でタワーに立つウィザードを嫌っているとか...
0727382b6798d72a,TID_TRADER_SPECIAL_OFFER_TAB,スペシャル
9d132e4a75508d9e,TID_SPECIAL_FTUE_TUTORIAL_1,こんにちは、アーリング・ハーランドです！チーフをチームに歓迎します！
f0f677ddd8c50127,TID_CHARACTER_INFO_MECHA,M.E.C.H.Aは騎士であり、侍であり、ロボットでもある、ロマンの塊のような存在です。怒りに燃える闘志で壁を容易く破壊し、防衛設備に正義の怒りをぶつけます！
8490ad198a25514a,TID_CHARACTER_COURIER,魔女っ子ネクロ
f5ceacf9313b74f5,TID_FREEZE_PERCENT,スローダウン（％）：<number>
3d7ae55459c58484,TID_VILLAGER_BUILDER_INFO_ITEM1,見習い大工は大工の助手となり、アップグレードにかかる時間を短縮します！
a81a760d0e9075f7,TID_BUTTON_CLAN_NOTICE_DESCRIPTION,ニュースの説明文
b07807ad5ba6b74b,TID_DECO_CLASHBALL_STATUECHARACTER,ハーランドの像
9fb7717998f26ae9,TID_FOOTBALL_WARDEN,サッカー ウォーデン
5b47a89d3feb2f3b,TID_DECO_TTRPG_SUPERDECO_D20,運命のダイス
30508408acbc5754,TID_HERO_ABILITY_TIME,能力の効果時間（秒）：<number>
102655f1d8841a75,TID_STREAK_EVENT_RUSH_STREAK_TEXT,次のイベントタスクをアンロックしますか？
a1c2fd629766237e,TID_BA_ASSIGN_BUTTON,見習い大工を\n派遣
17116a13ad4f9459,TID_BUILDER_APPRENTICE,見習い大工
e302a0398044ed0d,TID_STREAK_EVENT_PERK_LEAGUE_BOOST_NAME,連続クリア\nボーナス
ffd5e925bf644d64,TID_CLAN_NOTICE_PUBLISH_FAILED_INTERNAL_ERROR,問題が発生しました。もう一度お試しください。
9cdd97fe178fb98b,TID_VILLAGER_LIST_BUILDER_NO_JOB,大工によるアップグレードが進行中でない場合\n見習い大工を派遣することはできません
271c478966858013,TID_WILDWEST_CHAMPION,ウエスタン チャンピオン
ddcdfbb471462d6a,TID_COOLDOWN_TIME,クールダウン時間：
3c7397ed537b0af7,TID_CONSUMABLE_CC_REFILL_INFO,クランの城に無料の援軍が<time>にわたって追加されます。このおいしいケーキを食べるには、クランに加入してクランの城で援軍を追加しましょう！
a9e1ca8a92f3b828,TID_CHAT_NOTICE_EXPIRED,<time>が経過したため、クランニュースは期限切れになりました。
81a2018dc3a1afe0,TID_INFO_SCREEN_DISCLAIMER_MINI_LEVEL_TITLE,新レベルが近日登場！
7ac515fdbf91f9f3,TID_TTRPG_CHAMPION,パラディン チャンピオン
ae74477cbee593b6,TID_MINI_LEVEL_TIMER_TEXT,まもなく無効になります！
54754ccdbf6a3918,TID_MINI_LEVEL_REMOVED_REFUND,未完了のスーパーチャージアップグレードが払い戻されました。
15fd35814c9bd187,TID_MINI_LEVEL_INFO_ITEM3,スーパーチャージは施設の新レベルが実装されるまで有効になります。
b10da8b79f1f5039,TID_STORAGE_ITEM_USE_CC_REFILL,クランの城のケーキでクランの城に無料の援軍を追加しましょう！
33632287e7ab1d13,TID_CLAN_NOTICE_REPORT_TITLE,クランニュースを報告しますか？
9fa7902f7774fb67,TID_ALLIANCE_CREATE_MIN_REQUIREMENTS,最低条件：
9ba9fc7a297d1149,TID_CLAN_SETTINGS_APPLY_REMOVE_NOTICE_INFO,チャット言語を変更すると、ニュース板からクランニュースが削除されます。本当に変更を適用しますか？
db6dc4e8049b743b,TID_GENERIC_ERROR_HOME_VILLAGE,この操作は村でのみ実行できます。
aaf0d6bd1f5f0e42,TID_CLAN_NOTICE_PUBLISH_FAILED_ALLIANCE_FULL,クランがいっぱいのため、クランニュースを公開することはできません。
c2aee8976c072ac9,TID_BUTTON_SKIP,スキップ
14246907a4147683,TID_CLAN_NOTICE_APPLY_TITLE,変更の適用
d939fea4ed70dac0,TID_GEAR_INFO_ARCHER_CROWN,透明化したアーチャーの集団を召喚します
9325e2835ece3aa2,TID_POPUP_CANCEL_UPGRADE_MINI_LEVEL,<item>のスーパーチャージをやめますか？アップグレードコストの<number>％しか戻りません。
7a5d3376bc7f7403,TID_ANIME_CHAMPION,アニメ チャンピオン
68b22f8fdfec8513,TID_BUTTON_UPGRADE_MINI_LEVEL,スーパーチャージ！
d95416f83046e60e,TID_SHOP_SCID_TITLE,限定報酬を獲得！
56c83032b29ea3de,TID_CONSUMABLE_BOOST_HERO_INFO,栄養満点の串料理を食べることで、次の<battles>回の戦闘でヒーロー、ペット、装備がタウンホールの最大許容レベルまでブーストされます。村でのみ使用可能です！
f491b55705ecedca,TID_CONSUMABLE_CC_REFILL_AMOUNT_INFO,クランの城のケーキが有効！
4c86b9f83993e5ed,TID_SUPERCELL_ID_BUTTON_CONNECTED,開く
0774df1466fc749c,TID_ALLIANCE_JOIN_ERROR_NOTICE_EXPIRED,クランニュースの期限が切れました。
2f476d53023207ce,TID_BUTTON_CHEST_DROPRATES,報酬ドロップ率を表示
a283cbcdbf592f6d,TID_ICE_MINION_ABILITY_INFO,倒されると周辺一帯を凍らせる
f3fa86f5947c0b6d,TID_DECO_SC_BEACH_PARASOL,バカンスビーチ
504f3c8143d1917c,TID_ACHIEVEMENT_MINI_LEVEL_COMPLETED,合計スーパーチャージ回数：<value>
6944720c4c7f531b,TID_BUTTON_TRAIN_PRESET_INSTANT,即時訓練
e80368af6539d2ef,TID_INFO_SCREEN_MINI_LEVEL_DEFAULT_INFO,スーパーチャージで施設を強化しましょう！情報ボタンをタップすると詳細を確認できます。
4c9cce87e1e2f7ac,TID_CHAT_NOTICE_CREATED,<name>がクランニュースを新規作成しました。
b7f0c44a91c2c8d7,TID_POPUP_CANCEL_GOBLIN_UPGRADE_MINI_LEVEL,<item>のスーパーチャージをやめますか？ゴブリン大工に支払ったエメラルドは返還されず、資源の<number>％しか戻りません。
c7c95ea972deeb20,TID_CHARACTER_INFO_ICEMINION,ガーゴイルの獰猛さとアイスゴーレムの冷徹さを持ち合わせるアイスガーゴイルは、防衛設備を狙ってスローダウンさせます。しかし実は冷え性で悩んでいるのだとか...
22e92c29191d8a5a,TID_CLAN_NOTICE_JOIN_DISCLAIMER,あなたのクランのタイプは<type>です。他のプレイヤーはクランニュースからクランに参加できます。
1f68cfb88322d652,TID_ACHIEVEMENT_MINI_LEVEL,施設を<number>回スーパーチャージする
dedfe28637a6e922,TID_CLAN_NOTICE_STAT_WAR_LEAGUE,クラン対戦リーグ：
adfb4e8112ba31db,TID_MINI_LEVEL_REMOVED_TEXT,施設に新レベルが実装！\nスーパーチャージはすべて無効になりました。
d294433626777e58,TID_DONATE_WAR_AMOUNT_AND_CAPACITY,<donations>/<capacity>
1292cddb41e32add,TID_ITEM_INSTANTLY_TRAINED,<item>の即時訓練が完了！
e75fd7674d1cd64d,TID_STEAMPUNK_BATTLE_COPTER,スチームパンクコプター
34c9485bb4eb6a72,TID_CLAN_NOTICE_OPEN_FAILED_INTERNAL_ERROR,問題が発生しました。もう一度お試しください。
d297821ebdf0dd6b,TID_BUTTON_CLAN_NOTICE_DESCRIPTION,ニュースメッセージ
a9fcec9d99c0436a,TID_BUTTON_CLAN_NOTICE_MESSAGE,クランの説明を使用
b7c64a4cca84809c,TID_TREASURE_HUNT_INFO_TEXT_1,マルチプレイで敵の施設を破壊して、隠された財宝を見つけましょう！
6bb100d428b7db08,TID_DELIVER_REWARD_NOT_DELIVERED_RESOURCE_FULL,保管容量がいっぱいのため、この報酬は入りきりません。
9a7bbab8db219dd4,TID_CONSUMABLE_BOOST_BUILDER_INFO,分厚くジューシーな肉を食べることで、大工の作業速度が<time>にわたって<num>倍になります。村でのみ使用可能です！なお、見習い大工はベジタリアンのため摂取できません。
617c219b0b6f19ad,TID_CLAN_NOTICE_RESET_SETTINGS_CONFIRM,検索オプションを初期設定に戻しますか？
cb48dd2f6591de52,TID_CLAN_SETTINGS_APPLY_REMOVE_NOTICE_TITLE,クランニュースを削除しますか？
2ed18715b0f31fa7,TID_CONSUMABLE_CONFIRM_TITLE,魔法の食料を使いますか？
72898fac7944c9cf,TID_CLAN_NOTICE_REPORT_NOTIFICATION,クランニュースが報告されました！
1c8aa8b19d281590,TID_ANIME_QUEEN,アニメ クイーン
920c57638730860b,TID_TREASURE_HUNT_INFO_TEXT_4,宝箱を開けて貴重なアイテムを手に入れましょう！
a27b38a18e4c7d6a,TID_CONSUMABLE_CLAIM_WARNING,\n\n <c3c74a5>使用期限が切れると、アイテムは失われます。</c>
49d72e7db82ca0ca,TID_DIAMOND_PACK_7,エメラルドの宝庫
c767e7eca8cd306f,TID_CONSUMABLE_BOOST_HERO_WARN,すでにヒーローとペットはブーストされています！
eb3269d4def8ed23,TID_MINI_LEVEL_INFO_ITEM2,スーパーチャージするたびに施設が強化されます。\nパワーの限界に挑戦しましょう！
2699701a400200bd,TID_CLAN_NOTICE_SETTINGS_APPLY_INFO,クランニュースの検索オプションに変更を適用しますか？
07256bed68e6ac14,TID_CLAN_NOTICE_SETTINGS_APPLY_TITLE,変更の適用
f6802957fb3e7c67,TID_TREASURE_HUNT_EVENT_TIMER,終了まで：<time>
284785ad1946ec11,TID_SKIP_CHEST_OPEN_DESCRIPTION,宝箱の開封画面はスキップされますが、報酬はいつも通り獲得できます。本当にスキップしますか？
fb2a310a60c20bd7,TID_CLAN_SETTINGS_APPLY_TITLE,変更の適用
d03c21c80c50220d,TID_DELIVER_REWARD_DELIVERED_OVERFLOWING,保管容量がもうすぐいっぱいです！資源が容量を超過します。
f7beee72ccda04c5,TID_CLASH_GAMES_QUEEN,クラッシュゲーム クイーン
0a88148549320126,TID_NOTICE_BOARD_ERROR,ニュース板エラー
8bb764cb33b1ce6c,TID_CLASH_GAMES_KING,クラッシュゲーム キング
426fecb06637ce21,TID_NOTICE_BOARD_SEARCH_NO_RESULTS_INFO,検索オプションを変更すると、ヒット件数が増える可能性があります。
c6bfd837cbe7eda1,TID_CONSUMABLE_BOOST_ARMY,兵士のパンケーキ
ee1926a9a5990feb,TID_CHAT_NOTICE_MAX_PLAYERS,クランが定員に達したため、クランニュースは削除されました。
de74e9cdd0d567e5,TID_MINI_LEVEL_REMOVED_TITLE,施設の新レベルが追加！
ac07dbf39ebb5045,TID_TTRPG_KING,オーク バーバリアン
5c55d079b7e185d7,TID_ICE_MINION_ABILITY_NAME,凍てつく心
58281855c3cc9293,TID_INFO_SCREEN_INFO_TEXT_MINI_LEVEL,施設の新レベル実装まで待ちきれませんか？そんなときは、最大レベルに達した施設をスーパーチャージして強化しましょう！
4a374bd3f90353ee,TID_SKIP_CHEST_OPEN,宝箱の開封をスキップ
bb367e0e116697ee,TID_CONSUMABLE_CC_REFILL,クランの城のケーキ
c71d904993c1c1fa,TID_POPUP_SPEED_UP_BOOSTER_UPGRADE_MINI_LEVEL,<booster>を使って<item>のスーパーチャージを今すぐ完了しますか？
c120672db24ca6fe,TID_CONSUMABLE_BOOST_LAB,研究者のスープ
6239d1fd2712a82d,TID_NO_BOOKMARKS,ブックマークしているクランがありません。\n\nクランニュースまたはクランの情報画面で\nブックマークを追加できます。
ce3fc41abdf43e8d,TID_DECO_SC_ROYALE_CASTLE,お寝んねキング
0a77f3e178985969,TID_OBSTACLE_CLASHWEEN_2024,ゴースト集会所
4611579881555a99,TID_EVENT_TREASURE_HUNT_COOLDOWN,宝箱の追加まで：<time>
0d29e8262c11476f,TID_EVENT_TREASURE_HUNT_TITLE,トレジャーハント
a809a00e9184374c,TID_LEGEND_SIGN_UP_CONFIRM_TEXT,レジェンドリーグは他のリーグと異なり、攻撃回数制限などの特別なルールが適用されます。本当に参加しますか？
c3a6b2d38e5b057f,TID_CLAN_NOTICE_APPLY_INFO,クランニュースに変更を適用しますか？
731a36a928a28b78,TID_INFO_SCREEN_INFO_MINI_LEVEL_CONFIRM,確定
9de77bf8ba28857f,TID_INFO_SCREEN_MINI_LEVEL_INFO_TITLE,スーパーチャージ完了！
fd68c78f09d31e61,TID_CONSUMABLE_BOOST_LAB_WARN,この効果は、研究ポーションのブースト効果とは重複しません。
de5230ef8658780c,TID_MUST_CREATE_ALLIANCE_HUD_PROMPT,変更を適用するにはクランを作成してください！
1120320f3e3d048b,TID_GEAR_TITLE_ARCHER_PUPPET_GIVEN_ABILITY,インビジブル
49931fc22ad7bb75,TID_CONSUMABLE_BOOST_BUILDER_WARN,この効果は、大工ポーションのブースト効果とは重複しません。
f37ece3148c71b52,TID_INFO_SCREEN_MINI_LEVEL_INFO_TEXT,スーパーチャージは施設の新レベルが実装されるまで有効になります。
0089e701b376851b,TID_CLAN_NOTICE_STAT_WAR_FREQUENCY,クラン対戦の頻度：
0058695a80731b48,TID_EVENT_TREASURE_HUNT_FOUND,発見した宝箱
bf52fe8b7af9175a,TID_PRODUCTION_RATE,生産量（1時間）：<number>
0e3c46c2ae5e512a,TID_SET_CHAT_LANGUAGE_HUD_MESSAGE,ニュースを投稿するにはチャット言語を設定してください！
dda3000e8aeb8399,TID_LEGEND_SIGN_UP_CONFIRM_SHIELD_REMOVAL,レジェンドリーグは他のリーグと異なり、攻撃回数制限などの特別なルールが適用されます。レジェンドリーグに参加すると、シールドも解除されます。このまま続行しますか？
66c93e03e4aa1215,TID_TTRPG_QUEEN,サテュロス アーチャー
f9d9c64c0bf1d5ae,TID_CONSUMABLE_INSTANT_TRAINING,訓練隊のゼリー
2cdeabd3cb391a4b,TID_CONSUMABLE_BOOST_HERO,ヒーローの串
70cc444cb395759e,TID_MINI_LEVEL_INFO_TITLE,スーパーチャージ！
860c31fb700f4f69,TID_DECO_SUPERDECO_MOCHAPOT,魔法のモカポット
c1d93103e19d5d1a,TID_STORAGE_BUTTON_USE,使う
00d49bf749411633,TID_CLAN_BADGE_APPLY_TITLE,変更の適用
333951ed13c63cd2,TID_JOIN_CLAN_REQUIREMENT_CASTLE,クランの城が必要です
28cc7a50bfc65eb3,TID_EVENT_TREASURE_HUNT_DESCRIPTION,敵の施設を破壊して、隠された財宝を手に入れましょう！
e2f8f48c206cd913,TID_CLAN_BADGE_APPLY_INFO,クランの紋章に変更を適用しますか？
971f399eeaa56749,TID_INFO_SCREEN_TITLE_UPGRADE_MINI_LEVEL,<object>を<c00ffff>チャージレベル<number></c>までスーパーチャージしますか？
2a69e516dda6a0ae,TID_BOOSTER_HERO_POTION_MAXED_FOR_TH,ヒーローをブーストできません。先にタウンホールをアップグレードしてください！
db68a9f63686cd3f,TID_FAMILY_FRIENDLY_LOCKED_YOUNG_PLAYER,年齢制限なしのクランしか検索できません
c4a5333861e78328,TID_GENERIC_ERROR_MESSAGE,この操作は現在実行できません。
b9425e47ff8c9292,TID_CONSUMABLE_INSTANT_TRAINING_INFO,ご褒美のおやつを食べることで、最大<battles>回の戦闘でユニット、呪文、突破兵器の訓練が即座に完了します。効果時間は<time>です。
c1781ca1823e2c69,TID_STORAGE_ITEM_USES_LEFT,残り使用回数：
4e35068308c3cc39,TID_STORAGE_ITEM_EXPIRED,アイテムの使用期限が切れました
276d2e7ba3e8ae89,TID_DELIVER_REWARD_TEMPORARY_STORAGE_STORAGE_FULL,保管容量がいっぱいです！超過分のアイテムは一時保管ボックスに転送されました。
7af47331b0986abc,TID_STORAGE_ITEM_USES_EXPIRES,使用期限まで：
fba36597d6ae4dcd,TID_INFO_SCREEN_TITLE_UPGRADING_MINI_LEVEL,<object>を<c00ffff>チャージレベル<number></c>までスーパーチャージしています
420ac2b9b2d7d54d,TID_TTRPG_WARDEN,ドワーフ ウォーデン
59d755cb3ae4e28e,TID_CONSUMABLE_INSTANT_TRAINING_WARN,すでに訓練ブーストが適用されています！
f68fd97752542c2b,TID_NOTICE_CREATE_INFO,クランニュースを投稿すると、ニュース板に24時間表示されます。メッセージやデザインを変更することも可能です。\n\nクランニュースはクランが定員いっぱいになると削除されます。
eae9ed8a1892233c,TID_PREFERRED_TARGET_ANY,指定なし
7b3c01b947adc7f8,TID_CLASH_GAMES_WARDEN,クラッシュゲーム ウォーデン
f091cf49ad9d703c,TID_CONSUMABLE_BOOST_LAB_INFO,うま味たっぷりのスープを飲むことで、ラボでの研究速度が<time>にわたって<num>倍になります。村でのみ使用可能です！
f8d487cdddd02170,TID_DECO_CLASHOWEEN_2024_SUPERDECO_CAULDRON,煮えたぎる大釜
649df8eea1515cfe,TID_SCENERY_TTRPG,クラッシュ・オブ・ドラゴン
3b2290ac2128b916,TID_DECO_CLASHOWEEN_2024,ヒドラヘッド
d929061f17ddb933,TID_POPUP_NOT_ENOUGH_DIAMONDS_SHOW_MISSING_TITLE,エメラルドが<number>個足りません！
2a7c237fe368a829,TID_BUTTONS_SETTINGS_RESET,リセット
b733b95355d97296,TID_DECO_SC_ROYALE_BED,お寝んねキング
f53578bcee2e6e76,TID_BUILDING_MAXED_MINI_LEVEL_INFO,スーパーチャージを行うには、タウンホールレベル<number>以上が必要です。
363de82368947285,TID_ICEMINION,アイスガーゴイル
ebda4277c36e8f87,TID_BOX_OPEN_INFO_ON_SKIP,宝箱から<reward>を入手しました
49bb6d11da9ea7e9,TID_STORAGE_ITEM_UNPLACED,未設置
0068fa9ac1600cfe,TID_SCENERY_ANIME,アニメ
6522841f932213df,TID_TREASURE_HUNT_INFO_TEXT_3,期限内に最大3つの宝箱を回収できます。
ebe3d9cd4972cc4f,TID_NOTICE_BOARD_SEARCH_NO_RESULTS,検索結果なし
8d9a88fc5cce2b55,TID_ACHIEVEMENT_MINI_LEVEL_TITLE,スーパーチャージマスター
f1ae90173fbb3d02,TID_DECO_CLASHWEEN_2024,
50ffa692bb5cecba,TID_INFO_SCREEN_DISCLAIMER_MINI_LEVEL,スーパーチャージはこの施設の新レベルが実装されるまで有効になります。
dab4a3d7be088916,TID_STORAGE_ITEM_QUICK_TRAINING_LEFT,残り即時訓練回数：
247f8dcf3d50232e,TID_POPUP_SPEED_UP_UPGRADE_MINI_LEVEL,<item>のスーパーチャージを今すぐ完了しますか？
d7772729539eba7d,TID_CLAN_NOTICE_STAT_LANGUAGE,言語：
8d15d7f0cbd26576,TID_CLAN_NOTICE_REPORT_INFO,本当に「<name>」のクランニュースが不適切だとして報告しますか？
da3751825684976b,TID_INFO_SCREEN_INFO_MINI_LEVEL_UPGRADE,スーパーチャージ
f1e5eb16adc5a459,TID_STORAGE_ITEM_USES_ACTIVE,有効
635007a83f239f92,TID_FAILED_TO_RETRIEVE_NOTICES,クランニュースを読み込めませんでした。\nまた後ほどお試しください。
fe7c7872c869c755,TID_HARD_MODE_DESC,防衛設備の攻撃力が5％上昇し、攻撃側のヒーローはヒットポイントと与ダメージが5％減少します！装備にもレベル上限が適用され、ノーマル装備はレベル15、スーパーレア装備はレベル21が最大値となります。
e40ece8461ae1a47,TID_STORAGE_ITEM_CC_REFILL_LEFT,残り補充回数：
a9f4ccd3cc5cbbc2,TID_STORAGE_ITEM_BATTLES_LEFT,残り戦闘回数：
cf276767d1789e8f,TID_TREASURE_HUNT_INFO_TEXT_2,拠点に探索地点は何箇所かありますが、宝箱が見つかる場所は1箇所のみです。
b31c15b027800cf9,TID_CLAN_NOTICE_STAT_LOCATION,所在地：
66130a3ba065ba50,TID_CLAN_SETTINGS_APPLY_INFO,クランの設定に変更を適用しますか？
c4c6d3904646baf2,TID_WORKER_CONTEXT_MINI_LEVEL,<object>をスーパーチャージ
dc3d8a15598cb2e9,TID_CLAN_NOTICE_BOARD_INFO,クランが投稿したクランニュースで、あなたにピッタリのクランを見つけましょう。検索オプションを使用すれば、さらに探しやすくなりますよ！\n\nリーダーとサブリーダーは、ここにニュースを投稿できます。ニュースは24時間が経過するか、クランが定員いっぱいになるまで表示されます。
ab8fb1b873cadf20,TID_NOTICES_REFRESH_THROTTLED_HUD_MESSAGE,しばらく待ってから更新してください。
c6e7db7e4a3318a1,TID_ANIME_KING,アニメ キング
a22c4d96c32a287f,TID_PLAYER_ALREADY_REPORTED,このプレイヤーはすでに報告済みです
814c185061fbe75d,TID_ALLIANCE_CREATE_MIN_TROPHIES,必要トロフィー数：
97e0ddaf40f91e9b,TID_SCENERY_CLASHGAMES,クラッシュゲーム・スタジアム
49d4ee49b8c37382,TID_CONSUMABLE_BOOST_ARMY_WARN,すでに部隊はブーストされています！
39c1dd091912aea9,TID_DECO_SC_BEACH_CANNON,バカンスビーチ
55997063ae6d0663,TID_CONSUMABLE_CC_REFILL_BANNER_INFO,クランの城のケーキでクランの城に無料の援軍を追加しましょう！
5f9d5b13e3d8cce9,TID_PRESET_INSTANTLY_TRAINED,部隊の即時訓練が完了！
3f171ac1325651c4,TID_MINI_LEVEL_INFO_ITEM1,最大レベルの施設を大工にスーパーチャージしてもらいましょう。
51265205d54c474c,TID_ANIME_WARDEN,アニメ ウォーデン
32fa4a7b220dd85d,TID_DECO_CLASHOWEEN_2024_PRISONBOX,監獄ボックス
bc6e52058d153b8c,TID_POPUP_BOOSTER_INSTANT_UPGRADE_MINI_LEVEL,<booster>で<item>のスーパーチャージを即完了しますか？
f4506e98f2a6016f,TID_GEAR_LAVALOON_PUPPET,ラヴァルーン人形
81d81a55daaf8e92,TID_CONSUMABLE_BOOST_ARMY_INFO,あま～いパンケーキを食べることで、次の<battles>回の戦闘でユニット、呪文、突破兵器がタウンホールの最大許容レベルまでブーストされます。村でのみ使用可能です！
da44372f0838ff2b,TID_GENERIC_ERROR_BUILDER_BASE,この操作は大工の拠点でのみ実行できます
35cd39221933cc0c,TID_GEAR_INFO_LAVALOON_PUPPET,不気味なラヴァルーンを召喚します
0201e394d7c08400,TID_GEAR_SUMMONED_TROOPS_NO_UPGRADE_TEXT,召喚ユニット
fd965a57393bbae6,TID_CANNON_ABILITY_HELP,台車を破壊された後も、ヒットポイントが残り<num>の状態で砲撃を続けます
d9a6f38448e15af4,TID_CONSUMABLE_BOOST_BUILDER,大工の肉
84fcc27aa891160c,TID_DELIVER_REWARD_TEMPORARY_STORAGE,アイテムが一時保管ボックスに転送されました。
868e68de070e7623,TID_BOOSTER_LAB_POTION_INFO,この身体によさそうな飲み物は、ラボにいるウィザードたちの元気をサポートし、研究速度を<time>にわたって<multiplier>倍にします。自分の村でのみ使用可能です！ただし、研究員はウィザードとして認められないため、効果を得ることができません。
198d5d52a1cece33,TID_HERO_IS_UPGRADING,<name>はアップグレード中のため攻撃で使用できません
86934aa10a5d199a,TID_SPELL_RESURRECT_INFO,
f4ab4bd70f07c5a1,TID_VILLAGER_ALCHEMIST_TARGET_RESOURCE,<resource>を次に変換：
5c48f0fdf6a4bad2,TID_TRAINING_TAB_TITLE_PRESETS,部隊プリセット
fbb397444a8853c7,TID_CONVERT_RESOURCES_WARN,<c3c74a5>保管容量がもうすぐいっぱいです！容量を超過した分の資源は失われてしまいます。</c>
144b6452f5163732,TID_SNAKE,スネーク
96ae03334bd640ac,TID_BUILDING_DEFENSE_TROOP_CAGE,キャンディーケーン
802110a86e9f9650,TID_EVENT_PASS_MINI_PURCHASE_INFO,ミニイベントパスを購入してさらなる報酬を手に入れましょう！
f3fb0f45942b2003,TID_HERO_TAVERN_POP_UP_PET_SHOP_TITLE,ペット
88fb14f7ad860bfc,TID_TH17_WARDEN,ジャスティス ウォーデン
558887a20c441f3c,TID_TUTORIAL_DEFENSIVE_HERO_SWAPPING_1,このバナーを防衛するヒーローを選択しましょう。バナーの位置やヒーローはいつでも変更可能です。
455c8d7b26d39108,TID_HERO_INSTRUCTIONS_WARDEN_SHORT,部隊を支える究極の魔法使いです。
f4e4e9d91f3fb76d,TID_AVAILABLE_DEFENDING_HEROES,ヒーローを戻す
9b2b51102ec62f7e,TID_EP_MINI_GET_BANNER_TITLE,ミニイベントパスを購入
381d7e07f99d8f62,TID_TROOP_TRAINING_INFO_TAP_TO_EDIT,タップして編集
6c9e17ce49a605d7,TID_BUTTON_OK,OK
bc18bf84f47e2499,TID_CHARACTER_SNAKE_BARREL,スネークバレル
af501e92153ae6b6,TID_PLACEMENT_HINT_CONTROLLABLE_HERO,ヒーローを配置可能なエリアに投入し、攻撃を開始しましょう！
8fa5a59b21600f27,TID_ELIXIR2,大工の拠点エリクサー
e1a47bb877a1224e,TID_LAB_ASSISTANT_CANT_UPGRADE_WORKING,作業中は研究員をアップグレードできません。休憩中に行いましょう！
d468d7ab8b2aaab5,TID_TUTORIAL_HERO_TAVERN_MIGRATION_3,ヒーローホールへようこそ！ここにはヒーローの必需品がすべて揃っています！
f6c137d86c15b5c3,TID_HERO_FLAG_INFO,ヒーローの防衛地点に誉れ高きヒーローバナーが設置されます！
b825763b4e80879e,TID_SPELL_MASS_DESTRUCTION,殲滅
8ad3eaca7a3ac50f,TID_TUTORIAL_HERO_TAVERN_MIGRATION_4,祭壇は無くなってしまいましたが、ヒーローは村を守り続けます。ヒーローバナーを確認しましょう！
3f0a1f55d20f43cb,TID_INFO_TRIGGER_HOUSING,起爆に必要な敵の合計収容スペース：
a62862e3cb41b108,TID_SPELL_REVIVE,リバイブの呪文
479757d269ee7b8a,TID_HERO_TAVERN_INFO,村一番の猛者たちを称えましょう！ヒーローホールでは、ヒーローのアップグレードをはじめとしたヒーロー関連の管理を一括して行うことができます。施設をアップグレードすれば新しいヒーローもアンロックできますよ！
49b239533380bccb,TID_ATTACK_WARNING_SWAP_HERO_UPGRADE_TEXT,部隊内のヒーローはアップグレード中のため、戦闘に参加できません。代わりのヒーローを部隊に配置しますか？
0807fff727346be5,TID_ME_MINI_BONUS_POINTS_INFO,ミニイベントパスを購入して<soft_currency>を<num>個入手しましょう！
139339840ca172c7,TID_CLAIM_HERO_AT_TAVERN,ヒーローホールでこのヒーローを回収しましょう！
234674bc6cc43470,TID_UPGRADE_TOWNHALL_EAGLE_MERGE_INFO,このアップグレードでイーグル砲はタウンホールと合体し、新しい建物になります。一度合体させるとやり直しできません。
6d02d7987ebee9f9,TID_TRAP_DAMAGE_RADIUS,効果範囲（タイル）：<number>
590d05a42cc8dddc,TID_GEAR_TITLE_DARK_ORB,ダークオーブ
483406adffbfa6d5,TID_HOTROD_BATTLE_COPTER,ホットロッドコプター
46be38ffda475831,TID_TUTORIAL_HERO_TAVERN_INTRO_1,こんにちは、チーフ！ヒーローホールに新しいヒーローがやってきました。挨拶しに行きましょう！
f6cfddd62e01e8e6,TID_TROOP_TRAINING_COPY_ARMY_TEXT,部隊をコピー
312b69a5508d04ac,TID_GEAR_INFO_SEEKING_SHIELD,投げたシールドが複数の防衛設備に跳ね返ってダメージを与えます
b982932c96495797,TID_SCENERY_CLASHMAS2024,WIP
588445507e7fe509,TID_CHARACTER_INFO_SNAKE_BARREL,ヘビ年の到来を記念して、敵にかわいいヘビをプレゼントしましょう！召喚されたヘビたちは壁をよじ登り、目に入る防衛設備に噛みつきます。群れになれば恐ろしさも倍増です！
9db4ecd1e9adf541,TID_HEROES_UNLOCK_AT,ヒーローはタウンホールレベル<level>でアンロックされます！
ed0ec0507cef994a,TID_GEAR_INFO_SNAKE_ARMOR,ダメージを受けるとヘビを召喚し、敵を襲撃させます
393cb6edf168a9b0,TID_TUTORIAL_HERO_TAVERN_INTRO_3,王は多くを語らないものですが、ヒーローは村で最も大きな存在感を放つ強力なユニットです！
06869f77db3a2adc,TID_HERO_INSTRUCTIONS_MINION_HERO_SHORT,空より現れし闇のヒーローが戦場で大暴れ！
9a0c0526b4db9bc8,TID_HERO_INSTRUCTIONS_MINION_HERO,「闇の王子」の二つ名はあくまで自称ですが、その実力は本物です！空中から真っ黒な粘液で防衛設備やユニットを攻撃します！防衛時は自分の持ち場の近くで敵を待ち構えます。
989688826aa0bf80,TID_CONSUMABLE_BOOST_HERO_WARN,すでにヒーローとペットは\nブーストされています！
4f75e705dd6a54d1,TID_HERO_IS_SLEEPING,<name>は回復中のため攻撃で使用できません
54d16337e8eea261,TID_HERO_TAVERN_POP_UP_BLACKSMITH_TITLE,ヒーローの装備
a02fe5d590d8bb11,TID_VILLAGER_STOP_RECURRENCE_TITLE,繰り返しを中止しますか？
6c554761831d6d3d,TID_SEARCH_TERM_ANY,指定なし
9072bd342de4726d,TID_BUILDING_GATLING_GUN_INFO,火の用心！竜炎砲は、燃え盛る砲弾を巨大クロスボウにも勝る発射レートで放つ固定砲台です。回避されても後方の敵にダメージを与えてくれます。攻撃方向は固定されるため、よく考えて設置しましょう。
ae4e58411cebd2c0,TID_CHARACTER_INFO_MINION_BODYGUARD,凶暴な家来を召喚して、空からガーゴイルプリンスを援護しましょう！ガーディアンは防衛設備を攻撃し、ダメージを肩代わりする盾にもなります！
366257bf8d004027,TID_HERO_SELECTION_UNLOCK_BLACKSMITH_INFO,<building>を建設して\n新しいヒーローの装備をアンロックしましょう！
b944851607bd6fea,TID_RESEARCHER_APPRENTICE,研究員
ef440672d27b7e90,TID_ATTACK_WARNING_HERO_TAVERN_INFO,ヒーローホールを設置してヒーローと共に戦いましょう。
79613c991a36d2ec,TID_TROOP_TRAINING_CC_OVERVIEW,クランの城の援軍
67679dac7bc0e08f,TID_BUTTON_NEXT_LEVEL,次のステージ！
0d286fe90e476350,TID_ALCHEMIST_WAIT_COOLDOWN,錬金術師は休憩中です。今しばらくお待ちください！
e811e83030cd6a2e,TID_GOBLINMACHINE,ゴブリンマシン
f0b6bbe8311978f4,TID_BUILDING_VILLAGER_APPRENTICE_INFO,ヘルパーはこの快適な小屋のベッドでぐっすり眠り、体力を回復します！ヘルパーに作業を割り当てるには、小屋を訪れましょう。
4540a14cc4fe9433,TID_SCENERY_MASHUP,クロスオーバーの背景
0cd8a0e42c3a60cf,TID_HERO_SLOT_UNLOCK_INFO,スロット<slot>は\n<building>レベル<level>でアンロックされます。
05157036abbcf0ff,TID_GEAR_INFO_MINION_BODYGUARDS,家来を召喚し、空からガーゴイルプリンスを援護します
4fc8ebabdeca1ffd,TID_ALCHEMIST_CONFIRM_ASSIGN_JOB,錬金術師を<building>に派遣しますか？
316eab5ff9d90421,TID_EVENT_CONFIRM_TIER_UNLOCK,<soft_currency>を<num>購入して、次の報酬グレードに進みますか？
00e810f90ba09ffb,TID_HERO_TAVERN_POP_UP_PET_SHOP_BUTTON,ペット小屋に行く
1f55cfb7a6e78490,TID_HERO_TAVERN_POP_UP_BUTTON_LOCKED,ロック中
fa3eaf15b57d6fc5,TID_ALCHEMIST_APPRENTICE,錬金術師
762d9b07f0dba7ec,TID_GUIDANCE_WRONG_LOCATION_FOR_CONTROLLABLE_HERO_GROUND,配置可能なエリアをタップしてください！
31f73e6bcb076725,TID_TROOP_TRAINING_HERO_INFO_TEXT,タップしてヒーローを編集
7a0cd2c38c9953e4,TID_TUTORIAL_OFFENSIVE_HERO_SWAPPING_1,ヒーローホールをアップグレードすれば、新しいヒーロースロットをアンロックできます。最高のヒーローをチョイスしましょう。
0b43b6988607dbea,TID_ATTACK_WARNING_SWAP_HERO_UPGRADE,ヒーローがアップグレード中です！
74a80d6d7c0af407,TID_BUTTON_ATTACK_HERO_TAVERN_ATTACK,戦闘を続ける
86858698c46faac9,TID_HERO_TAVERN_POP_UP_PLACE_TAVERN,ヒーローホールを設置する
bb9d390affccb5b5,TID_CONVERT_RESOURCES_TITLE,資源を変換しますか？
82a62fb782ca0871,TID_CHARACTER_INFO_THROWER,狙った獲物は逃しません！スピアスローワーは遠方の敵や防衛設備をめがけて、次から次へと鋭い槍を投げつけます。自慢のヒゲを褒めて喜ばせてあげましょう！
d39f9cfe078c1623,TID_DECO_CLASHMAS_2024,トナカイの木馬
73828837af5be1a3,TID_CONVERT_RESOURCES_INSTANT,資源は<cffcc33>即座に</c>変換されます
53510682fe8abd13,TID_INFO_DISCLAIMER_BUILD_TAVERN,ヒーローホールを建設してヒーローをアンロックしましょう
a35fe294cc29695d,TID_EVENT_PASS_MINI_ACTIVATE_TEXT,ミニイベントパスを有効化して報酬をさらに獲得しましょう！
f992cdca3a54764e,TID_CHARACTER_INFO_SNAKE,地中から這い出したヘビたちは、お腹をすかせているようです！体をくねらせて壁をよじ登り、目に入るものすべてに噛みつきます。群れになれば恐ろしさも倍増です！
3631e3335b664cc0,TID_SCENERY_WAR_MACHINE,ウォーマシン
b27d83e423659ec5,TID_ALCHEMIST_APPRENTICE_INFO,錬金術師は資源を変換することができます。1日1回まで派遣可能で、レベルアップすると作業速度が上がります！
7e5f3f8952dda04b,TID_TRAINING_TAB_TITLE_ARMY,部隊
97155e52034177e5,TID_LAB_ASSISTANT_CONFIRM_ASSIGN_JOB,研究員を<building>のアップグレードに派遣しますか？
fa3c8ac79096ab19,TID_VILLAGER_TOTAL_SAVED_TIME,合計短縮時間：<time>
2fa8f095df0611dc,TID_BUTTON_WATCH_REPLAY,リプレイを見る
12f919dfd7d950d4,TID_GEAR_INFO_DARK_ORB,触れるものすべてにダメージを与え、動きをスローダウンさせます
d2600a6a6bec87f1,TID_TRAP_GIGA_BOMB_INFO_SHORT,ド派手にドッカーン！
da1fa657f0ea8c10,TID_ALCHEMIST_BOOST_MULTIPLIER,変換ボーナス：
78040c72f83a7fdb,TID_VILLAGER_STOP_RECURRENCE,<villager>を<building>に繰り返し派遣するのを中止しますか？\n<villager>の休息後に別の施設に派遣できるようになります。
f49d6e8410409e3d,TID_INFO_DISCLAIMER_PLACE_TAVERN,ヒーローホールを設置してヒーローにアクセス
b3250c8b4271fd91,TID_CONSUMABLE_BOOST_LAB_INFO,うま味たっぷりのスープを飲むことで、ラボでの研究速度とペット小屋でのアップグレード速度が<time>にわたって<num>倍になります。自分の村でのみ使用可能です！
cd79cefd6ea08564,TID_MEDAL_EVENT_COMBAT_ITEM_LOCKED,<soft_currency>をさらに集めてアンロック
2a0156a8d93a5572,TID_BUILDING_BOMB_TOWER_INFO,ボムタワーは、付近の地上ユニットを爆弾で攻撃し、破壊されると大爆発を起こします！\n近接攻撃ユニットは、近づかない方が無難です！
838a24699a279f95,TID_HERO_TAVERN_UNLOCKS_PENDING,新ヒーロー登場！
26b3e5ec0b73ed64,TID_HERO_SELECTION_UPGRADE_TAVERN_INFO,<building>をアップグレードして\n新しいヒーローをアンロックしましょう！
e3b023a2a0529ee7,TID_TUTORIAL_HERO_TAVERN_MIGRATION_2,朗報です！最強のヒーローたちにふさわしい建物が完成しました！さっそくヒーローホールを設置してみましょう！
af1d3af1a12b79e9,TID_VILLAGER_LAB_INFO_ITEM2,研究員は1日1回まで研究の手伝いをしてくれます。作業後は休憩が必要になります。
65a45d750bbd6ae5,TID_HERO_TAVERN_UNLOCKS_PENDING_TEXT,ヒーローホールで新しいヒーローをアンロックできます！ヒーローホールでヒーローを確認しますか？
54d914a995452aa3,TID_LAB_APPRENTICE_TITLE,研究員
9d97ed9245801a50,TID_HERO_TAVERN_POP_UP_ATTACK_BUTTON,訓練する
8d786b197d4b7df8,TID_GOLD2,大工の拠点ゴールド
fec99a895ad2bbac,TID_SPELL_RESURRECT,
49d02afd2515169f,TID_BUILD_HERO_TAVERN_TO_UNLOCK_HEROES,ヒーローホールを建設してヒーローをアンロックしましょう！
a9e8577ad3187aad,TID_PIRATE_BATTLE_COPTER,ボートコプター
e72bbd67153c7a23,TID_HERO_INSTRUCTIONS_WARDEN,杖から強力な魔法を放って敵部隊を攻撃する偉大な魔術師です。壁を乗り越えることも高く飛ぶこともできるため、味方のサポートならお手の物です。防衛時は自分の持ち場で敵を迎え撃ちます。
33818b6fbecd7b3e,TID_BUILDING_GATLING_GUN,竜炎砲
62e7ad614cbb88c2,TID_CLASHMAS_QUEEN,スプリング クイーン
1232a43bbefb132d,TID_UNPLACED_HERO_TAVERN_HINT,ヒーローを使用するにはヒーローホールを設置してください
d8602d8a5cca08f2,TID_CHOOSE_DEFENDING_HERO,入れ替えるヒーローを選択
db1b291908de82be,TID_VILLAGER_LAB_INFO_ITEM3,1日の作業時間は1時間までです。レベルアップして作業速度を上げましょう。
ad870bb7503ddbe8,TID_HERO_TAVERN_TOO_LOW,レベル<number>のヒーローホールが必要です！
a70e5948c348af95,TID_BUTTON_BOOST_TRAINING,訓練速度をアップ
c33e1935ba5b6aad,TID_VILLAGER_MIGRATION_TUTORIAL_1,夢にまで見た自分の家だ！今まで頑張って働いてきた甲斐があったよ！
113ce35940d36a07,TID_BUILDING_TROOP_CAGE,キャンディーケージ
e71e4f851e8b19f9,TID_CHEST_EPIC_INFO,スーパーレア以上の報酬が入っています！
2356854c17d723f5,TID_RESEARCHER_APPRENTICE_INFO,研究員は研究にかかる時間を短縮することができます。1日1回まで派遣可能で、レベルアップすると作業速度が上がります！
38e0b1db65593da1,TID_BUILDING_PET_CAGE,キャンディーケージ
c1309c8a982df583,TID_CLASHOWEEN_QUEEN,ダークガーゴイル クイーン
7dafbe923ae66f45,TID_CHEST_RARE_INFO,レア以上の報酬が入っています！
83f4b27ead884b7c,TID_EVENT_MINI_PASS_ACTIVATE_TITLE,ミニイベントパスを有効化！
f7bbfb938f5b88de,TID_VILLAGER_LIST_ASSIGN_LAB_ASSISTANT,研究員を派遣しますか？
b3b84c861ecaf810,TID_CLASHOWEEN_KING,ダークガーゴイル キング
85d8d10fb1c0c54f,TID_HERO_TAVERN_MENU_HEART_POP_UP_TEXT,ヒーローが攻撃で失った体力は、時間経過で回復します。
973e65fa0fe10f07,TID_TUTORIAL_HERO_TAVERN_MIGRATION_1,グルル！小さくてみじめな祭壇など王にはふさわしくないわ！
c5377c0507b99f2c,TID_CHEST_EPIC_NAME,スーパーレア宝箱
ab1f8aefff40e647,TID_BUILDING_DIRECT_HERO_CONTROL_MAIN_BUILDING,お祭り花火
308c5107562c0ff0,TID_ATTACK_WARNING_HERO_TAVERN_TITLE,部隊にヒーローがいません！
6b25f1e4635adaca,TID_GEAR_TITLE_MINION_BODYGUARDS,ガーディアン人形
9e42b63ae129a72c,TID_CLASHOWEEN_WARDEN,ダークガーゴイル ウォーデン
2ec6a7130c97aba6,TID_ALCHEMIST_CANT_UPGRADE_WORKING,作業中は錬金術師をアップグレードできません。休憩中に行いましょう！
427c5014616c0d9d,TID_BURST_SIZE,バースト射撃数：<number>発
6620ed6144fc6b67,TID_HERO_TAVERN_HERO_MAX_LEVEL_FOR_TAVERN,<hero>をアップグレードするにはヒーローホールレベル<level>が必要です！
820d4f13bcd68d50,TID_WEAPON_TOWN_HALL_17,インフェルノ砲
73af20fa031f48f6,TID_VILLAGER_LIST_ASSIGN_ALCHEMIST,錬金術師を派遣しますか？
fde8323181795828,TID_TRAINING_EDIT_HERO_SELECT_HERO,ヒーローを選択
7927793df8abccf2,TID_EP_MINI_ACTIVATE_COUNTDOWN,ミニイベントパスの有効化画面終了まで：<time>
7976162f26e3e558,TID_HERO_TAVERN_POP_UP_DEFENCE_BUTTON,ヒーローバナーを見る
e7b593f2db9c98f1,TID_EP_MINI_ACTIVATE_SCID_CONFIRM,あなたのSupercell IDにはミニイベントパスが<num>個あります。このイベントのために1個有効化しますか？
46340c4aeeef8959,TID_PTE_REWARD_LOCKED_NEED_PREMIUM_MINI,この報酬をアンロックするにはミニイベントパスが必要です。
0121c5f26233301e,TID_TOWN_HALL_INFO,タウンホールは村の中心です。タウンホールをアップグレードすると\n新しい防衛設備、建物、トラップなどが色々と使えるようになります。\n対戦相手の村のタウンホールを破壊すれば戦いに勝利して、星が1つもらえます。\n相手の村の建物の50％を破壊すれば2つめの星が、建物を100％破壊できれば最高評価の3つ星がもらえます。攻撃してくる敵プレイヤーも\nあなたのタウンホールをねらってきますので注意しましょう！\nタウンホールを村の中央に配置し、壁やトラップや防衛設備で囲んで守りましょう。\n敵もずるがしこいので、どの方向から攻撃してくるかわかりません！
396d4e0c64701183,TID_CHEST_COMMON_INFO,ランダムな報酬が入っています！
832789d9cf108400,TID_CHARACTER_INFO_BARBKINGEQUIPSNAKE,不思議なブレスレットから獰猛なヘビたちが召喚されます。噛み癖があるので要注意です！
0c892933e0ad3856,TID_VILLAGER_LAB_INFO_ITEM1,研究員はラボでのユニットアップグレードにかかる時間を短縮します。
8868b5500edd1ede,TID_VILLAGER_MIGRATION_TUTORIAL_2,「みんなの家」ね！
ee94fdac9cf564e7,TID_NOTIFICATION_VILLAGER_READY,ヘルパーの作業準備完了！
68f59cd6f32670ad,TID_VILLAGER_MIGRATION_TUTORIAL_3,どうやらラボでは私のような人材を探しているみたいだね。
635bb127466a5823,TID_TRAINING_TAB_TITLE_RESERVE,控え
a799b131666ddab6,TID_HERO_SLOT_DESCRIPTION,ヒーローバナーを設置した場所が、ヒーローの防衛地点となります。攻撃で破壊することはできません。
f55b878137ab13cc,TID_VILLAGER_ALCHEMIST_INFO_ITEM1,錬金術師は、保管施設の資源を別の資源に一瞬で変換することができます。
b38cff4d0b19c240,TID_TRAINING_EDIT_HERO_SELECT_GEAR,装備を選択
fff7d988c3ca0bdc,TID_VILLAGER_ALCHEMIST_INFO_ITEM2,1度変換作業を行うと、24時間の休息が必要になります。
473e6f4fa04a38f0,TID_HERO_INSTRUCTIONS_BARBARIAN_SHORT,最もたくましくて野蛮な巨大バーバリアンです。
a836c0ee142e6f0e,TID_DECO_CLASHMAS_2024_CHOIR,時計仕掛けの合唱団
a8ef8ea20c8bc6a1,TID_HERO_TAVERN_POP_UP_DEFENCE_TITLE,防衛ヒーロー
3d214546bf1929da,TID_DECO_DIWALI_2024,七色のランタン
49aa9dac7b45ee0d,TID_DECO_CLASHMAS_2024_SACK,ギフトバッグ
53f4ab25070f439a,TID_PTE_REWARD_LOCKED_NOT_ENOUGH_POINTS_AND_NEED_PREMIUM_MINI,この報酬をアンロックするにはミニイベントパスと<soft_currency>があと<num>個必要です。
18f2115f8dae98d9,TID_BUILDING_GATLING_GUN_INFO_SHORT,燃える高速砲弾で敵をコンガリ焼き上げましょう！
2cb11aad04290f6b,TID_EVENT_PASS_MINI_PURCHASE_TITLE,ミニイベントパスをゲット！
6cd051c6d2263c2f,TID_INFO_SCREEN_TITLE_HERO_FLAG,<flag>：<cffcc33><hero></c>
07ae1ab9a7bff4a7,TID_BUILDING_VILLAGER_APPRENTICE,ヘルパーの小屋
a27e36e539f0abc9,TID_ALCHEMIST_SOURCE_MULTIPLIER,変換率：
590a22b46cea3cd2,TID_HERO_TAVERN_POP_UP_VISIT_TAVERN,ヒーローホールへ行く
43fa101b6564d210,TID_ALCHEMIST_WAIT_WORKING,錬金術師は作業中です。今しばらくお待ちください！
5426783a25566122,TID_UPGRADE_HOME_TH_LOCKED2_INFO,次のタウンホールレベルをアンロックするには、以下の建物をアップグレードしてください！
4fbecc4bc124d4ff,TID_BUTTON_TRAIN_ALL,全ユニットを訓練する
f2330a396003daf2,TID_INFO_DISCLAIMER_VISIT_TAVERN,ヒーローホールでヒーローをアンロックしましょう！
08c84fe851633079,TID_SCENERY_TH17,ジャスティスポリス
a891972d41743a19,TID_SCENERY_WILDWEST,ウエスタン
8e4f1c86f7f189a0,TID_EP_MINI_RECEIVED,ミニイベントパスが付与されました！
da1c5fbf5764c6ac,TID_HERO_TAVERN_POP_UP_CONTINUE_ATTACKING,攻撃を続ける
aea4ff3575587fef,TID_EVENT_PASS_MINI_PACKAGE,ミニイベントパス
a7be8da185f1e6d9,TID_TH17_QUEEN,ジャスティス クイーン
c6026369cfa4fd5d,TID_CHARACTER_THROWER,スピアスローワー
141a323c8b128cb7,TID_HERO_TAVERN_HERO_LOCKED,ヒーローホールレベル<level>でアンロック！
3e94f6099b986ea3,TID_TH17_KING,ジャスティス キング
8bb365e24b103980,TID_VILLAGER_ALCHEMIST_CHOOSE_RESOURCE,変換する資源を選択：
3a63a873c3b11b40,TID_ATTACK_WARNING_SWAP_HERO_RECOVER,ヒーローが回復中です！
bba54963a348d397,TID_HERO_TAVERN_POP_UP_PURCHASE_BUILDING,<building>が購入可能です！
7b0c96169f7b0347,TID_FIRST_TIME_DISCOUNT,特別割引！
bf5268e882291734,TID_HERO_TAVERN,ヒーローホール
44d08bae009ad6b9,TID_REGENERATION_TIME,再生時間（分）：<number>
72dbae3e6dc2b1fb,TID_TRAP_GIGA_BOMB_INFO,タウンホールの中に大量破壊兵器を隠し持っていたなんて、村人たちも侮れないものです。圧倒的なダメージを誇るギガ爆弾は、爆風で敵を押しのけることができます。トラップに分類されていますが、派手に爆発してくれるので隠す必要もないでしょう！
06900e49766f1251,TID_TRAP_GIGA_BOMB,ギガ爆弾
e5b5dc94fbedcf1d,TID_HERO_TAVERN_POP_UP_DEFENCE_TEXT,ヒーローは敵の攻撃から村を守ってくれます。拠点にヒーローバナーを設置して防衛地点を指定しましょう。
75f434d0c5839925,TID_EP_MINI_GET_SCREEN_TITLE,ミニイベントパスをゲット！
48278f6b89901781,TID_NO_HERO_FLAGS_PLACED,ヒーローバナーが設置されていません！
98559b70d74d346c,TID_ALCHEMIST_ASSIGN_BUTTON,資源を変換
816dc684e8de5c9f,TID_EP_MINI_ACTIVATE_SCID_TITLE,ミニイベントパスを有効化しますか？
e7ba392fb0c558c5,TID_GOLD_SHOP_PACK_2,<number>大工の拠点ゴールド
9829c168cf945762,TID_HERO_TAVERN_POP_UP_GO_TO_TRAINING,訓練する
761633609647d655,TID_HERO_HEAL_PERCENT,ヒーローの回復量：<number>％
565daad41375f0c3,TID_PTE_PERK_NEEDS_PREMIUM_MINI,ミニイベントパスでアンロック
cc672009f840a8a4,TID_VILLAGER_ALCHEMIST_INFO_ITEM3,レベルアップして変換可能な資源の量と作業速度を上げましょう。
23339927fbb01597,TID_HERO_TAVERN_POP_UP_UNPLACED_FLAG_TEXT,未設置のヒーローバナーがあります！
0c624065bc410a5b,TID_VILLAGER_POPUP_INFO_ASSIGN_REPEAT,アップグレードが完了するまで\n繰り返し派遣する。
e0d4fcc85e8f7ae7,TID_VILLAGER_LIST_RESEARCHER_NO_JOB,ラボでのアップグレードが進行中でない場合、\n研究員は派遣できません。
2e227f4c23a65951,TID_HERO_TAVERN_LEVEL,ヒーローホール - <cffcc33>レベル<level></c>
aee3f30f6426e05c,TID_ATTACK_WARNING_HERO_TAVERN,未設置のヒーローホール
47fc3e24f05fc7ea,TID_HERO_TAVERN_POP_UP_UNLOCKS_AT_TEXT,<building>はタウンホールレベル<level>でアンロックされます
898d62972fd160c3,TID_TUTORIAL_HERO_TAVERN_INTRO_4,ヒーローバナーを設置すれば、ヒーローに村を防衛してもらうこともできます。さっそくバナーを設置しましょう！
1c8d0e85502d78e9,TID_VILLAGER_ALCHEMIST_AMOUNT_ZERO,変換する資源を選択してください！
be60c4b460e76eca,TID_ALL_HEROES_LOCKED,ヒーローがアンロックされていません
87a079e1446f0aa7,TID_VILLAGER_ALCHEMIST_UPGRADE_INFO,変換可能になる資源の量：
a42e0fbb8f73e464,TID_BARBKINGEQUIPSNAKE,スネーク
3f45a714338cdc71,TID_CHEST_COMMON_NAME,宝箱
eca1a449c34be0b7,TID_BUILDING_SPELL_CAGE,呪文サプライズ
9f95e176e2b8519a,TID_SCENERY_CLASHOWEEN2024,闇のダンジョン
080c9f639ff9f6c3,TID_MINI_LEVEL_STATUS,レベル<level> チャージレベル<charge>
e433f79c6060440a,TID_HERO_SELECTION_UNLOCK_PET_SHOP_INFO,<building>を建設して\nペットをアンロックしましょう！
c31008888c5bd66e,TID_EP_MINI_ACTIVATE_BANNER_TITLE,ミニイベントパスを有効化
4f5978a3f7e50eb4,TID_TUTORIAL_HERO_TAVERN_INTRO_5,ヒーローホールをアップグレードすると、さらなるヒーローとヒーローバナーがアンロックされ、戦闘に参加できるヒーローが増えますよ！
e64edf6343321ae5,TID_LA_ASSIGN_BUTTON,研究員を派遣
39537e318d4cc079,TID_HERO_TAVERN_POP_UP_BLACKSMITH_BUTTON,鍛冶屋に行く
60eb0e5618d00bfb,TID_ALCHEMIST_CANT_CONVERT_SAME_RESOURCE,同じ種類の資源には変換できません
b9bbf726bc12b0ed,TID_ATTACK_WARNING_SWAP_HERO_RECOVER_TEXT,部隊内のヒーローは回復中のため、戦闘に参加できません。代わりのヒーローを部隊に配置しますか？
afffba546e5408ab,TID_AIR_DEFENSE_INFO,この対空設備は空を飛ぶ敵には絶大な\n攻撃力を発揮しますが、\n地上の敵には攻撃できません。\nできるだけ広い範囲を守れるように、うまく配置しましょう。
925635f6ef5ab9ed,TID_WEAPON_TOWN_HALL_17_INFO,バーニング！インフェルノ砲は敵を追尾する4発の砲弾を発射する強力な砲台です。砲弾は着弾時に爆発し、燃え盛るエリアを生成します。射程内の敵の数が3体以下である場合は、不幸なターゲットに複数の砲弾がヒットします！
8ea0e1212e192a3b,TID_HERO_FLAG,ヒーローバナー
a3e249db8e657d21,TID_HERO_SWAP,ヒーローを入れ替える
b9d1cdd9a7e68cc6,TID_HERO_TAVERN_POP_UP_BLACKSMITH_TEXT,ヒーローの装備でヒーローに特殊能力を付与しましょう！ヒーローの装備は、鍛冶屋で鉱石を使ってアップグレードできます。
f80b21ce284b8508,TID_HERO_IS_LOCKED,<name>はロック中です
7db9ef2dd949a86b,TID_STEAMPUNK_BATTLE_MACHINE,スチームパンクマシン
96e78ca3a1306e6b,TID_EVENT_PASS_MINI_PURCHASE_TEXT,ミニイベントパスを購入して報酬をさらに獲得しましょう！
0934045340dafc5b,TID_HERO_INSTRUCTIONS_QUEEN_SHORT,愛用のクロスボウで、建物だけでなくユニットたちの心まで射貫きます。
8e7db7a5011e8251,TID_HERO_TAVERN_POP_UP_NEXT_FLAG_TEXT,次のヒーローバナーはヒーローホールレベル<level>でアンロックされます！
e27ff8e00d9d479e,TID_HERO_TAVERN_UNPLACED_TEXT,設置していないヒーローホールがあります！設置するまでヒーローは攻撃に参加できません！今すぐ設置しますか？
5a266579092ecb06,TID_MINION_BODYGUARD,ガーディアン
baae512b020aac8d,TID_GEAR_TITLE_SNAKE_ARMOR,ヘビのブレスレット
5972d52ff9514e4a,TID_TUTORIAL_HERO_TAVERN_INTRO_2,グルルルル！
809ca16973b81585,TID_TRAINING_EDIT_HERO_SELECT_PET,ペットを選択
3844b8830bac1824,TID_CLASHMAS_KING,ロボ キング
552e1074d74ab64f,TID_ALCHEMIST_NOT_ENOUGH_RESOURCES,<resource>が足りません
6a04dbf6662dc0f8,TID_BUTTON_ATTACK_HERO_TAVERN_PLACE,ヒーローホールを設置する
e92249e0a187c642,TID_ELIXIR_SHOP_PACK_2,<number>大工の拠点エリクサー
7d10ba4ea58bbf84,TID_EP_MINI_REWARD_LOCKED_NEED_PREMIUM,この報酬をアンロックするにはミニイベントパスが必要です。
428518e16b20ea7a,TID_HERO_TAVERN_POP_UP_UNPLACED_FLAG_BUTTON,ヒーローバナーを設置
15c65f8fff7c72bb,TID_CHARACTER_INFO_THROWER_SHORT,\qやり\qすぎなくらい\q投げやり\qに槍を投げます！
439d35d8fa733666,TID_HERO_TAVERN_UNPLACED,未設置のヒーローホールがあります！
b27ed2973d10501a,TID_SPELL_REVIVE_INFO_SHORT,ヒーローが撃破されたとしても、諦めてはいけません！
c3bf6d9624802204,TID_HERO_INSTRUCTIONS_ROYAL_CHAMPION_SHORT,戦いを仕切る頼もしいヒーローです。
da33049e98b6606f,TID_TOWN_HALL_17_INFO_SHORT,正義の裁きを下しましょう！
af74afb5ddda47d0,TID_CHEST_RARE_NAME,レア宝箱
73d9c5468f86d400,TID_INFO_TARGET_TYPE_DEFENSES_AND_HEROES,防衛設備やヒーロー
fd276588a08bd942,TID_UPGRADE_TH_LOCKED_TITLE3,必要なアップグレード：
9a6472f8af080b16,TID_HERO_TAVERN_POP_UP_PET_SHOP_TEXT,ペットはヒーローたちの頼れる相棒です。各ヒーローのお供につけて、戦場でもっと活躍してもらいましょう！
6b4388ab919ff35b,TID_SPELL_REVIVE_INFO,ヒーラーの特性レシピ！リバイブの呪文は撃破されたヒーローを一定の体力で復活させます。この呪文を戦場に持参すると、撃破されたヒーローの頭上に金色のハートが表示されます。アップグレードすると復活時の体力が増加します。
e5a77b64c2cc266b,TID_DECO_CLASHMAS_2024_SUPERDECO_GLOBE,スノードーム
702d08a1c8d8ea39,TID_TUTORIAL_HERO_TAVERN_MIGRATION_5,祭壇は無くなってしまいましたが、ヒーローは村を守り続けます。ヒーローバナーを設置しましょう！
5a8668e9a3afac8b,TID_CONVERT_RESOURCES_TEXT,<resource1>を<resource2>に変換しますか？
c7df5521cb5f2740,TID_OBSTACLE_DEPLOY_AREA_MARKER,配置可能エリア
f65d5e875a057629,TID_EFFECT_TIME,効果時間（秒）：<number>
0de40bfa6c15681b,TID_MINION_HERO,ガーゴイルプリンス
2b5f41dea1730195,TID_HERO_TAVERN_POP_UP_SHOP,ショップに移動
af4710ee81dad888,TID_EVENT_PASS_MINI_PACKAGE_INFO,ミニイベントパスを購入してさらなる報酬にアクセスしましょう
bba4b10d6ac9c110,TID_ALCHEMIST_WAIT_LOCKED,先に錬金術師をアンロックしてください！
c2001d9590b6f08a,TID_SPELL_SUMMON_TROOP_COUNT,<name>の数：<number>
d4c07df84f058025,TID_EVENT_TREASURE_HUNT_CHESTS_COLLECTED,回収済み：
ee0ff3fbbaa2d7aa,TID_ERROR_CANT_SAVE_EMPTY_ARMY,空の編成は保存できません
ec593eae98918ea6,TID_CHARACTER_INFO_SIEGE_MACHINE_TROOP_CATAPULT,味方に向かって援護ユニットの詰まった樽を発射する固定式マシンです。樽には複数のユニットを投入できますが、クランの城のユニットは1体までです。樽の数には限りがあるため、使うタイミングを見極めましょう！
3075d626969d87da,TID_SCENERY_LNY2025_WATER_YEARCYCLE,年周期
f747c5c1798b82aa,TID_BUTTON_ATTACK_COOLDOWN,攻撃可能になるまで：
b46cd68fcab9bf80,TID_LNY25_PRINCE,スネーク プリンス
c0bf3ae301cc2585,TID_SCENERY_FIRE_ICE,炎＆氷
98085f2877957158,TID_STARTER_PASS,スターターパス
16a6a2b9e0095ae6,TID_BUTTON_ADD_PRESET,新編成を保存
dd9e555d8fd421ff,TID_INFO_POP_UP_TOS_PP_TITLE_OLD_PLAYER,重要なお知らせ
b48668d253782aa1,TID_AGE_GATE_INFO,この画面が表示される理由
875bc14f5a685e95,TID_INFO_FRIENDLY_FREE_FRIENDLY_CC,フレンドリー・チャレンジでは援軍にコストがかかりません！
5ddde912f11ef460,TID_CHARACTER_INFO_FURNACE_SHORT,燃え盛るファイアマイトを放ち、建物を焼き尽くします。
6dfe7343ca7b5392,TID_SP_REWARD_LOCKED_NEED_PREMIUM,この報酬をアンロックするにはスターターパスが必要です。
ae3b9dcc65a6ac6b,TID_SCENERY_LNY2025_WATER_TITLE,水
601c25eeb56015d7,TID_ACHIEVEMENT_DESTROY_MULTI_ARCHER_TITLE,マルチアーチャーバスター
71db0d0cba59d096,TID_SPECIAL_REENG_TUTORIAL_LAB_UPGRADES_3,資源が残っているか確認して\nさっそく次の研究を始めましょう。
a93d14da00287d66,TID_SPECIAL_TUTORIAL_STARTER_CHALLENGE_3,ポイントを集めると報酬がアンロックされますよ！
5ef4200bbcee7209,TID_ATTACK_WARNING_SWAP_HERO_UPGRADE,ヒーローが\nアップグレード中です！
6327130d5783f131,TID_SPELL_REVIVE_INFO,ヒーラーの特製レシピ！リバイブの呪文は撃破されたヒーローを一定の体力で復活させます。この呪文を戦場に持参すると、撃破されたヒーローの頭上に金色のハートが表示されます。アップグレードすると復活時の体力が増加します。
d4252c9ff3e88293,TID_CHARACTER_SIEGE_MACHINE_TROOP_CATAPULT,ユニットランチャー
17d7a08bedca2d45,TID_HARD_MODE_DESC,防衛設備の攻撃力が20％上昇し、防衛側のヒーローの与ダメージとヒットポイントが20％増加します！攻撃側のヒーローは、与ダメージとヒットポイントが10％減少します。装備にもレベル上限が適用され、ノーマル装備はレベル15、スーパーレア装備はレベル21が最大値となります。
bc9fa581bfbfb799,TID_FIRE_KING,ファイア キング
876015bab40b220c,TID_UNABLE_TO_USE_GEARUP_FOR_MERGE,改造済みの防衛設備はこの合体に使用できません。
2adfea0aa2c7d626,TID_SETTING_GROUP_ATTACK,ゲームプレイ設定
4d7c4171ad17813f,TID_ALCHEMIST_SOURCE_MULTIPLIER,資源の最大変換量：
19181b18c31982ca,TID_SPECIAL_FTUE_TUTORIAL_CHANGE_NAME,チーフは戦いの天才です！\nチーフの名前を歴史の一ページに刻みましょう！
592db3673c40c3bb,TID_REVIVE_TIME,ヒーローの延命効果（秒）：<number>
289178ae9a894d5b,TID_BUTTON_OPEN_LABORATORY,ラボを開く
43776adf75d0d072,TID_DECO_APRIL_2025_SUPERDECO,サプライズルーレット
9c004fc319ed716d,TID_SPECIAL_REENG_TUTORIAL_LOOTCART_1,誰かが戦利品を残していったようです。
81db591ab0121ce4,TID_BOOST_MAX_HEALTH_PERCENTAGE,最大ヒットポイント上昇（％）：<number>
609287a272de96d6,TID_ACHIEVEMENT_REWARD_CLAIMED,達成項目をクリアしました！<cb3f357>エメラルド<number>個</c>を受け取りました。
f36594117c533e48,TID_ACHIEVEMENT_DESTROY_MULTI_GEAR_TOWER_TITLE,マルチギアスマッシャー
f9e36558b24073a3,TID_SPECIAL_FTUE_TUTORIAL_ATTACK_NPC_1,象牙の塔のウィザードたちが \n助けに来てくれました！\nゴブリンの村を破壊しましょう！
46c542eb3a772771,TID_CHARACTER_INFO_APRIL25TBRM,燃え上がる闘志でタウンホールへ一直線！進路を阻む敵は陸・空問わず範囲攻撃で叩きのめします。倒されても炎と共に蘇り、上昇した攻撃力で猛攻を仕掛けます。
79b349836b741c79,TID_WALL_WIZARD_CANT_AFFORD_WALLS,壁を追加するための資源が足りません。
4ebc15ddc8f0bff0,TID_SNEEZY_SPAWN,ブーガーズ
fa034f6890f4f7ae,TID_PRESET_CANT_SHARE_EMPTY,空の編成は共有できません
75049fb2877914cb,TID_SPECIAL_FTUE_TUTORIAL_2,まもなくこの村にもやってくるので、基本的な戦術を...
21c379208f1a4b22,TID_BOOSTER_FREE_BUILDING_UPGRADE_INFO,どんな建物でも瞬時にアップグレードできます。作業にあたれる大工が1人必要です。どちらの村でも使用可能です！
403e642bc3ff9f9d,TID_DECO_JAPAN_2025,神聖な鳥居
7b1ef62d303d79e8,TID_BOOSTER_CLOCKTOWER_INFO,<time>にわたって時計塔をブーストします。大工の拠点でのみ使用可能です！
03e92007df6cf9c0,TID_OFFER_DONT_MISS_ONE_TIME_OFFER_VALUE,このセールは表示期間中に1回のみ購入可能です！アイテムをすべて通常価格（エメラルド）で購入した場合と比べ、<cffec78><value>倍お得</c>に手に入れることができます。
3409c39bb0a153d5,TID_FRIENDLY_CHALLENGE_SET_CASTLE_TROOPS_TEXT,クランの城にユニットを配備して、フレンドリー・チャレンジで村を守ってもらいましょう。
4d7713147011eb26,TID_WALL_WIZARD_BUTTON_REMOVE_WALL,壁を削除
1f07192c725f5b13,TID_VILLAGER_STATUS_READY_MALE,作業準備完了！
fdbbee8b203cfac6,TID_SCENERY_LNY2025_WOOD_TITLE,木
4878f5f225d09271,TID_CLAN_PROGRESS_EVENT_INFO_TEXT_3,クランが報酬グレードを制覇すると、最後の報酬をアンロックできます！
cc200b8ece0d613e,TID_FORGE_UI_END_CRAFTING_POP_UP_CANCEL_TEXT,造幣作業をキャンセルしますか？使った資源は戻ってきません。
542924c3b01018ce,TID_SPECIAL_REENG_TUTORIAL_LOOTCART_2,アップグレードに使わせてもらいましょう！
a8ccdf1c1ae20e8b,TID_ACHIEVEMENT_DESTROY_MULTI_ARCHER,マルチプレイで通算<number>個のマルチアーチャータワーを破壊する。
adce14ff7280cf09,TID_NERF_HEALTH_PERCENTAGE,ヒットポイント減少（％）：<number>
40d3c4d4f8dfd199,TID_ACHIEVEMENT_DESTROY_RICOCHET_CANNON_COMPLETED,破壊した跳弾大砲の総数：<value>
f90091ec2ea187d8,TID_SPECIAL_FTUE_TUTORIAL_WORKER_1,お見事です！\nそれでは村を戦える状態に\nしていきましょう。
52522d1e0a1a0a6a,TID_SPECIAL_TUTORIAL_STARTER_CHALLENGE_2,クリアしてポイントを獲得しましょう。
2e31e20e8df9874a,TID_CLAN_PROGRESS_EVENT_INFO_TEXT_1,クラン一丸となって攻撃や資源生産施設、資源カートからゴールドを集めましょう。集めた分だけイベント通貨が手に入ります。
471901debdb27035,TID_SPECIAL_FTUE_TUTORIAL_TOWN_HALL_1,ゴールドでタウンホールをアップグレードし、ショップから新しい施設を建設できます。
586cbc1ea00c499a,TID_CHARACTER_FURNACE,オーブン
d04f9e250082b059,TID_BOOSTER_BOOST_RESOURCES_INFO,自分の村の資源生産設備を<time>にわたってブーストします。
9d68468736471476,TID_MILITARY_WARDEN,ジェットパック ウォーデン
82567dc03aed0e58,TID_SPECIAL_TUTORIAL_ENTER_AGE_ALTERNATE_PATH,新たなチーフがアリーナに入場しました！
ea611cd516545e14,TID_CLAN_PROGRESS_EVENT_BUTTON_CONTRIBUTE,貢献量
b7328a4665aefc15,TID_SCENERY_CLASHMAS2024,おもちゃ工房
816236f6d109d287,TID_BOOSTER_BUILDERS_INFO,自分の村の大工の作業速度が<time>にわたって10倍になります。見習い大工には効果がありません。
8a06ac301e9dd3e3,TID_ACHIEVEMENT_DESTROY_ARTILLERY,マルチプレイで通算<number>個のイーグル砲またはインフェルノ砲を破壊する。
65e26284361b31c6,TID_ARMY_LOADOUT_COPIED_TO_DEVICE_CLIPBOARD,編成をデバイスのクリップボードにコピーしました！
8eab26f7ec61e049,TID_CLAN_PROGRESS_EVENT_TOP_CONTRIBUTORS,上位貢献者
6e7e9c2cc347a8f5,TID_BOOSTER_HERO_POTION_INFO,すべてのヒーローとペットを<time>にわたってタウンホールの最大許容レベルにブーストします。どちらの村でも使用可能です！
2e1af84957ef3c44,TID_ARMY_LOADOUT_UNLOCK_WITH_TH_LEVEL,お気に入り編成はタウンホールレベル<number>でアンロックされます！
e92b7eca1748ebf7,TID_DECO_APRIL_2025,WWEタイトル
79bd200bbeeedd7f,TID_SPECIAL_REENG_TUTORIAL_2,戦場は今、チーフの力を必要としています！
0ebacb5c7303d910,TID_BUTTON_ARMY_PRESET_SAVE_HERE,部隊を保存
2b459749e3e818b0,TID_EVENT_TREASURE_HUNT_CHESTS_COMPLETE,すべての宝箱を回収しました！
6c9824bf6f6a3dbf,TID_SPECIAL_FTUE_TUTORIAL_ELIXIR_2,さっそくエリクサーポンプで、\n地下からエリクサーを\nくみ上げてみましょう！
0a2f0506d636b931,TID_HINT_HERO_GRAND_WARDEN_MODE,飛行部隊で攻めるなら、グランドウォーデンを空中モードに切り換えましょう！
030c7fb3af2d3cd1,TID_BOOSTER_MAX_LEVEL_ARMY_INFO,1時間にわたってユニット、呪文、突破兵器をタウンホールの最大許容レベルにブーストします。どちらの村でも使用可能です！
741c845528619d10,TID_SPECIAL_REENG_TUTORIAL_3,まずは肩慣らしに、ご自身の守備陣形を突破してみましょう！
4fa4d26c1147d5c6,TID_CLAN_EVENT_LEADERBOARD_TITLE_ALT,まもなく開始
785a7e5335aaa6aa,TID_SPECIAL_REENG_TUTORIAL_ATTACK_2,戦いの準備は整っているようです！
b054af8be2fd2453,TID_CHARACTER_INFO_SIEGE_MACHINE_TROOP_CATAPULT_SHORT,ユニットの詰まった樽を発射して部隊を援護します！
be7201ad8697bc13,TID_CLAN_PROGRESS_EVENT_AMOUNT_LABEL,回収済み
68b8e10b4b7d65a0,TID_CHARACTER_SUPER_DRAGON_RIDER,
bceb1e4439c70c35,TID_BOOST_HEALTH_PERCENTAGE,ヒットポイント上昇（％）：<number>
997e34e45569c72f,TID_LOCAL_NOTIFICATION_SUPERCHARGE_READY,スーパーチャージ完了！<item>がチャージレベル<level>にアップグレードされました。
9a46ac209aaab16f,TID_BOOSTER_HERO_POTION_PET_UPGRADING,ヒーローをブーストできません。ブースト可能なヒーローは最大レベルまたはアップグレード中で、対応するペットもアップグレード中です。
ad0562dbb473a45e,TID_TUTORIAL_TRAIN_3,完璧です！次はバーバリアンを戦場に解き放ち、敵を一掃しましょう！
65a272fa928aaff9,TID_ARMY_TAB_ARMY,部隊
fcf5882a6f16a7bc,TID_BUTTON_TRAINING_ADD_CC,追加
5fd664d2726dcea2,TID_BOOSTER_FREE_TROOP_UPGRADE_INFO,ユニットを瞬時にアップグレードします。どちらの村でも使用可能です！
88505a648b1b45bc,TID_SCENERY_LNY2025_STONE_TRAIT3,叡智
02b65ee38be6a835,TID_SPELL_TIME,呪文の効果（秒）：<number>
152beb41fba8f5ff,TID_CHARACTER_INFO_SNEEZY_SPAWN,スニージーの鼻から飛び出す飛行兵器！高いヒットポイントでダメージを肩代わりしながら建物を狙います。ティッシュが唯一の天敵です。
ad5db6d0cf300505,TID_APRIL25_RRBL_ABILITYNAME,サモアンスロー
e6bf56d329e58b8c,TID_BUTTON_TRAINING_CREATE_NEW_PRESET,新規作成
f00fdf70b64404c0,TID_BOOSTER_FILL_GOLD2_STORAGE_INFO,大工の拠点の金庫をいっぱいにします。
3f0793b007c507f5,TID_SPECIAL_FTUE_TUTORIAL_DEFEND_4,建物が破壊されてもご安心を。魔法の力で元通りに修復されます！
9e7b5f02c72ea650,TID_VILLAGER_ALCHEMIST_INFO_ITEM3,レベルアップして資源の変換量と変換率を上げましょう。
7e3227022cf6a404,TID_CHARACTER_ELECTROMITE_INFO,スーパーイエティがダメージを受けると即座に飛び出して、近くの施設に電撃の連鎖攻撃を与えます。
3139a5df9e661f6a,TID_PET_SNEEZY,スニージー
ab1f50ccc04ba920,TID_HERO_INSTRUCTIONS_MINION_HERO,「闇の王子」の二つ名はあくまで自称ですが、その実力は本物です！空中から文字通りの''黒''魔術でターゲットを攻撃します！防衛時は、遠距離攻撃と空中ユニットからのみダメージを受けます。
2f91d72457c8970d,TID_APRIL25_BLTM_ABILITYNAME,ビッグタイム
e9ed56355897d798,TID_SPECIAL_REENG_TUTORIAL_9,部隊を確認しましょう。\nWWEのスーパースターがすでに到着しています！
cb47bc340cce0c54,TID_TUTORIAL_OWN_HOUSE_3,気に入らなければ、ここで塗り替えるように。
7e7ece486a673b74,TID_GEAR_DARK_CROWN,ダーククラウン
84a858b13e3f64dd,TID_REQUEST_NOT_IN_ALLIANCE,援軍を受け取るにはクランに参加してください
cb9ae8919cab45bf,TID_SCENERY_LNY2025_STONE_TRAIT1,実利
b5413ee30fe45de8,TID_SCENERY_LNY2025_FIRE_YEARCYCKLE,年周期
56b0af7d34d66479,TID_SCENERY_LNY2025_WOOD_TRAIT3,内省
5266aa376a6c3714,TID_ACHIEVEMENT_DESTROY_FIRESPITTER_TITLE,竜炎砲デストロイヤー
38ecf4dcf8638619,TID_ALCHEMIST_TUTORIAL,私の魔法を体験してみませんか？1つの資源を別の資源に変換して差し上げます。
827ad6cfc7d533c7,TID_FINISH_HERO_TAVERN,ヒーローホールを完成させる
fd21d7ac6c82da91,TID_DECO_COC_GIANT_2025,ゴールデンジャイアント
d4b7f976f8b6532f,TID_SPECIAL_TUTORIAL_ATTACK_NPC_BUTTON,攻撃
d7e9b8d563835b93,TID_REPAIR_CLAN_CASTLE_TITLE,クランの城を修復しましょう
ea2d40db26e572ca,TID_PET_ABILITY_SNEEZY,はくしょんキャノン
064bb0da5d9e8178,TID_ACHIEVEMENT_DESTROY_MULTI_GEAR_TOWER,マルチプレイで通算<number>個のマルチギアタワーを破壊する。
071cf74c95c674c2,TID_BUILDING_ARCHER_CANNON_INFO,2つの定番施設が合体した強力な防衛タワーです。攻撃モードを選択して破壊の限りを尽くしましょう！空中および地上ユニットの両方を攻撃できます。
a7bc9724d44db5f2,TID_BOOSTER_STAR_POTION_INFO,大工の拠点の星ボーナスが即利用可能になります。
b17816102534aeb9,TID_GEAR_INFO_ACTION_FIGURE,ギガジャイアントが召喚され、アーチャークイーンと共に戦います
b01e9d2b46c4b06a,TID_ATTACK_WARNING_NO_HEROES_ASSIGNED,部隊にヒーローが\nいません
eef87a21536cb2c6,TID_CREATOR_FOUNTAIN_DECO,クリエイターの泉
0a9b165f81a1fb50,TID_ACHIEVEMENT_DESTROY_RICOCHET_CANNON_TITLE,跳弾大砲クラッシャー
e9bdca67f2f3c5e0,TID_INFO_POP_UP_TOS_PP_NOTE_NEW_PLAYER,クラッシュ・オブ・クランは無料でプレイできますが、アプリ内での購入によりゲームを早く進めることもできます。お使いのデバイスの「設定」から「App内での購入」を無効に設定することもできます。「同意する」をタップすると当社のサービス利用規約に同意したものとみなされます。
ae86a42f19f8bc60,TID_CLAN_PROGRESS_EVENT_INFO,クラン一丸となって攻撃や資源生産施設、資源カートからゴールドを集めましょう。イベント通貨を貢献すれば、共通報酬をアンロックできます！
30b151e056c386c8,TID_BOOSTER_FINISH_HERO_UPGRADE_INFO,実行中のヒーローやペットのアップグレードを瞬時に完了します。どちらの村でも使用可能です！
de686645ac27df34,TID_GEM_BUY_CONFIRMATION,エメラルド<cb3f357><amount>個</c>を受け取りました！
f6b0cab06d7630fb,TID_ARMY_TAB_PRESETS,お気に入り編成
f7ceae788b1615cd,TID_INFO_POP_UP_TOS_PP_NOTE_OLD_PLAYER,サービス利用規約が更新されました。プレイを続けるには、「同意する」をタップして新しい利用規約に同意してください。
e479bc4622575ab5,TID_UPGRADE_GEARUP_BUILDING_TO_LEVEL_TO_BUILD_MORE,<building>をレベル<number>までアップグレードおよび改造して、さらに建設しましょう！
fce975586d777228,TID_APRIL25_RRBL_ABILITYINFO,開戦と同時に4人の仲間を遠くに投げ飛ばして敵を襲撃させる
43a8e476b435b8d0,TID_CHARACTER_APRIL25TBRM,K.A.N.E
799e934cb6900ede,TID_SCENERY_LNY2025_METAL_TRAIT1,野心
6026f45d69b81aac,TID_ARMY_LOADOUT_SHARED_TO_CHAT,編成をチャットで共有しました！
f07fe1654925fc67,TID_SCENERY_LNY2025_WOOD_YEARCYCLE,年周期
9756cd9e9f01a87f,TID_SCENERY_LNY2025_STONE_TITLE,土
c326a1f31e41e682,TID_DECO_LNY_2025_MONK,モンクの像
31a012ba9327f2b2,TID_CLAN_PROGRESS_EVENT_TITLE,クランイベント
b12cb7e364104a44,TID_ARMY_IMPORT_CONFIRM,編成を<recipe>に保存しました
e9313e338f7ca59b,TID_DECO_MILITARY_2025_SUPERDECO_RANGE,射撃場
96ead4f781685de0,TID_OVERVIEW_REINFORCEMENTS_TITLE,援軍
09b89c95e1484294,TID_CHARACTER_ELECTROMITE,エレクトロマイト
49809647d6559697,TID_HERO_HEAL_PERCENT,ヒーローの回復量：<number>%
10067015f0182edd,TID_SCENERY_LNY2025_METAL_TRAIT3,知略
9aa20c847de28156,TID_SCENERY_ACTION_HEROES,ミリタリー
72b34f86c1df7556,TID_CHARACTER_TRIBAL_TAG_TEAM_INFO,サイズの不利は数でカバー！YEETウォリアーの配置と同時に4人のファイターが戦場に投げ込まれ、小さいながらもパワフルな拳であらゆる敵を木っ端みじんにします！
af2ed177716f96d8,TID_SPECIAL_FTUE_TUTORIAL_BARRACK_1,チーフ、ゴブリンと戦うには\n部隊が必要です！\n兵舎を建設してください！
5decc9d28775d2d5,TID_BP_PERK_CLAN_CASTLE_REQUEST_COOLDOWN,援軍リクエストの待ち時間短縮
fb26aaa499a75ddf,TID_SUPER_YETI_ABILITY_NAME,ショックウェーブ
cd20fc4f408b7777,TID_PRESET_CANT_LOAD_EMPTY,空の編成はロードできません
e9943ed5503181a1,TID_CLAN_PROGRESS_EVENT_INFO_TEXT_2,集めたイベント通貨をクランに貢献して、全員で報酬を獲得しましょう！
5187dacdfe749245,TID_GEARED_UP,改造後の<building>
aeedba78adcd700d,TID_SPELL_FACTORY_VOUCHER_CLAIM_FAILED_CONDITIONS_NOT_MET,クーポンの回収条件を満たしていません
649986664986e0f0,TID_BUNDLE_GEMS_CONFIRMATION,<cb3f357f>エメラルド<amount>個を受け取りました！</c>
3705dcc04591d202,TID_SP_RECEIVED,スターターパスを獲得！
df1f6d2de3f8373f,TID_SCENERY_LNY2025_WATER_TRAIT2,神秘
f4f62ad002449296,TID_DONATION_RESOURCE_TITLE,寄付資源
fe5b319b0e155605,TID_BOOSTER_FILL_GOLD_STORAGE_INFO,自分の村の金庫をいっぱいにします。
215cb47723b7b0f2,TID_ICE_CHAMPION,アイス チャンピオン
905ffef0b661c8d5,TID_SPECIAL_REENG_TUTORIAL_1,チーフ、まさに絶好のタイミングでお戻りになりました！今からメインイベントが始まります！
d157f1649d246660,TID_ACHIEVEMENT_DESTROY_FIRESPITTER_COMPLETED,破壊した竜炎砲の総数：<value>
bb04ec0281328e70,TID_ALCHEMIST_APPRENTICE_INFO,錬金術師は資源を変換することができます。1日1回まで作業可能で、レベルアップすると作業効率が上がります！
ff9adf881d7673c7,TID_SPECIAL_REENG_TUTORIAL_BUILDER_2,頼りになりますね！
54142faff9f1743f,TID_SPECIAL_FTUE_TUTORIAL_1,お待ちしておりました、チーフ！OverlordRHODESがWWEのスター軍団を戦場に解き放ちました！
b8bbe3f4efcfda18,TID_DEGENERATION_TIME,稼働時間（秒）：<number>
cc17b1958cd4a0e8,TID_BP_PERK_CLAN_CASTLE_REQUEST_COOLDOWN_DESC,クランの城の援軍リクエストの待ち時間が<num>％短縮されます。
fe8c4779b2f9ad32,TID_TAX_COLLECTOR,取り立てゴブリン
c4df27303304e743,TID_BUILDING_ARCHER_CANNON_LONG_RANGE_CONFIG,マルチギアタワー（長射程）
d9b31e4b17f49517,TID_SPECIAL_REENG_TUTORIAL_LAB_UPGRADES_1,なにやらラボの方が騒がしいですね...
de912ae24e5f3a81,TID_SPELL_FACTORY_REVOKE_SUCCESS_TITLE,払い戻し完了
461ca89b41aa7169,TID_SCENERY_LNY2025,巳年
99457aa861b66527,TID_SCENERY_LNY2025_FIRE_TRAIT2,大胆
ec3714413166c793,TID_CHARACTER_APRIL25BLTM,タイタネス
a85b3c5134a8ac82,TID_SPECIAL_FTUE_TUTORIAL_GOLD_STORAGE_1,ゴールドを保管できる\n安全な場所も欲しいですね。
ed4b02e86ae57b98,TID_SPECIAL_FTUE_TUTORIAL_3,...って、こんな時にゴブリン！？チーフ、大砲を設置して村の防衛をお願いします！
1964d802450ccec8,TID_BOOSTER_FILL_ELIXIR_STORAGE_INFO,自分の村のエリクサータンクをいっぱいにします。
254c54add63b651d,TID_CHARACTER_INFO_TAX_COLLECTOR,資源保管施設を狙い、通常のゴブリンよりもはるかに多くの戦利品を略奪します。とはいえ、ボーナス分は敵から奪っているのではなく、その強欲な指先で自ら生み出しているのだとか...
635ba3ec25fba908,TID_MILITARY_PRINCE,ジェネラル ガーゴイル
af4bd80646a51915,TID_CLAN_PROGRESS_EVENT_MAX_CONTRIBUTORS,クランの貢献者の数が上限に達しています。
d268789e29fa332e,TID_CHARACTER_INFO_FIREMITE,すばしっこくて好奇心旺盛なファイアマイトは、ヒットポイントは低いものの施設を爆発させるのが大好き！実際は暖かい隠れ場を探しているだけなのですが、訪れた施設に炎をまき散らし、ゆっくりと継続ダメージを与えます。
7008245239221c82,TID_BOOSTER_SUPER_POTION_INFO,ユニットを3日間スーパーユニットにブーストします。
96af44a28adf0f13,TID_PET_SNEEZY_INFO,鼻詰りは装填完了の合図です！アレルギーのせいでヒーローの後ろに控えていますが、くしゃみ共に粘液オバケ「ブーガーズ」を発射し、建物を狙います。ヒーローが倒されると、自ら前線に突撃します！
ed42ca06e8ebd0e9,TID_POPUP_CONFIRM_DELETE_RECIPE,編成を削除しますか？
d076673ccee35aa0,TID_MILITARY_KING,コンバット キング
5fa44cd8a886710f,TID_CLAN_EVENT_CURRENCY_REQUIREMENT,この報酬を獲得するには、クラン全体でイベント通貨をあと<num>枚貢献する必要があります。
67ccd75157b4b886,TID_BOOSTER_FINISH_TROOP_UPGRADE_INFO,実行中のユニットアップグレードを瞬時に完了します。どちらの村でも使用可能です！
d4c70ab3ad1f1efc,TID_GEAR_TITLE_STONE_AMULET,メタルパンツ
ef4164f2763ced83,TID_MILITARY_QUEEN,クイックファイア クイーン
16d55a955ee9dd05,TID_SUPER_YETI_ABILITY_HELP,スーパーイエティがダメージを受けると、エレクトロマイトが近くの施設に電撃の連鎖攻撃を与える
679492216ffd6b72,TID_VILLAGER_ALCHEMIST_UPGRADE_INFO,アップグレード後の資源の最大変換量：
ae45c488a4b49a7a,TID_OBSTACLE_LNY2025_EGG,ヘビの彫刻
7cf571a14c4a0c99,TID_TUTORIAL_ELIXIR_1,エリクサーは、施設の建設やアップグレードのほか、ユニットのアップグレードにも使用されます。
f0a442ee2f9d4a77,TID_EXTRA_LOOT_STOLEN_PERCENTAGE,ボーナス戦利品：<number>％
1c2e8832997d2ea6,TID_ARMY_OVERVIEW_HINT_SIEGE_BUILD_WORKSHOP,突破工房を建設して突破兵器をアンロックしましょう
f436e23b57131a39,TID_SPECIAL_REENG_TUTORIAL_BUILDER_4,困った時は、大工が作ったリストを\nチェックしてみてください！
ba761ea3f1e01a02,TID_SPECIAL_FTUE_TUTORIAL_TRAIN_1,ではユニットを訓練しましょう！
d7275b23f577b975,TID_SPECIAL_FTUE_TUTORIAL_TOWN_HALL_2,アップグレードを続けると、じきにスーパースターたちがやってきます！味方かどうかは分かりませんが...
a2cdf060198e1953,TID_STARTER_PASS_TIMER_TEXT,スターターパスはタウンホール7に到達すると終了します
fee54e442a594a84,TID_CHARACTER_INFO_APRIL25GTG,ジャイアント10体分の力を誇る巨神が、超強力な範囲攻撃で防衛設備を粉砕！ヒットポイントが半分を切ると、さらに狂暴化して速度と攻撃力が上昇します！
5e7bbd33e8903a00,TID_CLAN_SEARCH_TOWN_LEVEL_DISCLAIMER_TEXT,タウンホールレベルが高すぎます
e5083970c0134d43,TID_ACHIEVEMENT_DESTROY_RICOCHET_CANNON,マルチプレイで通算<number>個の跳弾大砲を破壊する。
2f0c9a4f5c5a4142,TID_SLOW_SPEED,減速（％）：<number>
9e2a0bba9ec2f990,TID_BUILDING_ARCHER_CANNON,マルチギアタワー
e9e2de9f513cc1f3,TID_SPECIAL_REENG_TUTORIAL_6,あらためて、おかえりなさい！チーフが不在の間に、村には大きな変化がありました。
45a76279e61b45bd,TID_SCENERY_LNY2025_STONE_TRAIT2,忍耐
f9c7f3de110a1857,TID_DIAMOND_FOUND,<name>の中から<cb3f357>エメラルド</c>を発見しました！
ddfcc1b75e399edc,TID_SCENERY_LNY2025_METAL_TRAIT2,決意
ff4a1486d880f9f0,TID_EVENT_TREASURE_HUNT_NEW_CHESTS_IN,あと<time>で宝箱が<value>個追加されます
1f52030d33a4b525,TID_SCENERY_LNY2025_FIRE_TRAIT1,情熱
7dbce30e5e266526,TID_SCENERY_LNY2025_FIRE_TRAIT3,勇猛
7f2e342f6dfeac85,TID_BOOSTER_FINISH_SPELL_UPGRADE_INFO,自分の村で実行中の呪文アップグレードを瞬時に完了します。
4cf50962bf741373,TID_BOOSTER_FILL_DARK_ELIXIR_STORAGE_INFO,自分の村のダークエリクサータンクをいっぱいにします。
f67daea9f2323bdc,TID_WALL_WIZARD_BUTTON,さらにアップグレード
77bc9e598c994527,TID_ATTACK_WARNING_NO_HEROES_ASSIGNED_TEXT,現在の部隊にヒーローを追加できます。\nヒーローを追加しますか？
1ff9b75c8080549c,TID_APRIL25_BLTM_ABILITYINFO,開戦後20秒間にわたって移動速度と攻撃力が上昇し、3回倒されるまで撃破されない
b66e32e25148462b,TID_CLAN_PROGRESS_EVENT_RESOURCE,クランイベント通貨
568c853d67f783e2,TID_SPECIAL_FTUE_TUTORIAL_ELIXIR_STORAGE_1,エリクサーポンプそのものには\n少量のエリクサーしか貯めておけません。
6c4a261636a669b1,TID_INFO_DAMAGE_MULTIPLIER_TARGET,追加ダメージ対象：
b748e8bf3579e342,TID_GEAR_INFO_TRAP_SHIELD,
9560ca87cd82c66b,TID_SPECIAL_REENG_TUTORIAL_5,見事な戦いぶりでした！まだまだその実力は健在ですね！
2aaea187101fcf77,TID_BUTTON_TAB_LOAD_ARMY,編成を使用
863e1b9ae795d309,TID_TREASURE_HUNT_INFO_TEXT_3,イベント中は最大<number>個の宝箱を回収できます！<number3>時間ごとに新しい宝箱が<number2>個追加されます。
7076007801f3261b,TID_BUTTON_ALCHEMIST_CONVERT,変換する
e68e0112f3d58f83,TID_TUTORIAL_STARTER_CHALLENGE_2,クリアしてポイントを獲得しましょう。
1c44a5122bb2fa08,TID_HINT_BOOST_TRAINING,ユニットたちは、いつだって準備万端です。とにかく訓練あるのみ！
49cd39f676fcd039,TID_BOOSTER_HERO_POTION_HERO_UPGRADING,ヒーローをブーストできません。ブースト可能なヒーローはアップグレード中です。
a9fca8abfd7f46d7,TID_DECO_LNY_2025_COOKIE,フォーチュンクッキー
4a47b4c101042e4c,TID_INFO_UNIT_COUNT,<unit>の数：<number>
447fefa92b967505,TID_GEAR_ACTION_FIGURE,アクションフィギュア
a3f538d50e8d1e5c,TID_TUTORIAL_STARTER_CHALLENGE_5,タウンホール7まで続くスターターチャレンジをお楽しみください！
afbcd798172894bb,TID_ARMY_QUICKSAVE_CONFIRM,現在の編成を<recipe>に保存しました
46e8aa382586f90a,TID_TUTORIAL_STARTER_CHALLENGE_3,タウンホールレベルが上がるたびに、新しいスターターチャレンジがアンロックされます。
94616c0d9d8a78f0,TID_BURST_SIZE,バースト射撃数：<number>
dc8bfe0910b091f5,TID_CLAN_PROGRESS_EVENT_SUBTITLE,クランメンバーと協力してイベント通貨を集めましょう！
2ef59aa9938c370f,TID_VILLAGER_STATUS_READY_FEMALE,作業準備完了！
9fa4a57fedd2ec5d,TID_TUTORIAL_STARTER_CHALLENGE_6,もっと報酬が欲しい場合は、スターターパスを入手しましょう！
4074458f5a11a47c,TID_ACHIEVEMENT_DESTROY_MULTI_ARCHER_COMPLETED,破壊したマルチアーチャータワーの総数：<value>
9c7bd7d5e34dcc11,TID_SPELL_SUMMON_TROOP_LEVEL,<name>のレベル：<number>
532e1187c2df94ea,TID_HINT_BOOST_SPELLS,呪文工場で呪文を生成し、部隊をさらに強化しましょう！
b2c20f0a32dcb14e,TID_SPECIAL_REENG_TUTORIAL_4,いざ、戦闘開始です！
2cb34b5fc2b19d06,TID_SPECIAL_REENG_TUTORIAL_LAB_UPGRADES_2,ウィザードたちがどんな研究をしているか確かめましょう！
24363cfc2fcf3989,TID_ATTACK_WARNING_SWAP_HERO_UPGRADE_TEXT,部隊内のヒーローはアップグレード中のため、戦闘に参加できません。ヒーローを変更しますか？
5bd1a742148f98ef,TID_INFO_POP_UP_TOS_PP_BUTTON1_NEW_TOS,同意する
521563363007cb20,TID_DECO_FIRE_ICE_SAUNA,ととのいサウナ
9f629dbf71a3a499,TID_SCENERY_LNY2025_METAL_TITLE,金
ee2422c62e0fb4b7,TID_APRIL25_GTG_ABILITY_HELP,ヒットポイントが半分以下になると激高し、移動速度と攻撃力が上昇する
f32b9f355ea31ff1,TID_BUTTON_USE_PRESET,使う
61cf4c2fd77a9edd,TID_ICE_WARDEN,アイス ウォーデン
a77cc055f5e8d3e2,TID_LOADOUT_CC_DONATION_REQUEST_ACTIVE,援軍のリクエスト中は、クランの城ユニットを編集できません。
4080b6970a9a9cb2,TID_SPECIAL_FTUE_TUTORIAL_ELIXIR_1,エリクサーは、施設の建設やアップグレードのほか、ユニットのアップグレードにも使用されます。
a2698ba061e469ec,TID_ARMY_TRAINING_RENAME_LOADOUT_POPUP_TITLE,編成名を変更
5b9a959fed1be46a,TID_BOOSTER_FREE_SPELL_UPGRADE_INFO,自分の村の呪文を瞬時にアップグレードします。
850c86c3a414cc30,TID_POPUP_CONFIRM_DELETE_RECIPE_TEXT,本当にこの編成を削除しますか？
ff7a1e640eb7efc6,TID_SCENERY_LNY2025_FIRE_TITLE,火
bcb8f479c48d0543,TID_INVALID_PLACEMENT_CAPITAL,ハイライトされたエリアにユニットを配置してください！
946932e1c6dae9ff,TID_SPECIAL_FTUE_TUTORIAL_BUILDER_MENU,ここでは、次の建設やアップグレードの提案を見ることができます！
fc5fb9272364556a,TID_BUILDING_CLASS_ANY_BUILDING,施設
5820675672cbf91d,TID_DECO_APRIL_GOBLINS_2025,ゴブリンデスマッチ
403155fd7778e08d,TID_FORGE_UI_END_CRAFTING_POP_UP_CANCEL_TITLE,作業をキャンセルしますか？
68e1e49d890bad94,TID_ARMY_LOADOUT_NO_SPACE,収容スペースが超過しています
7151adeca84bdd50,TID_SPECIAL_REENG_TUTORIAL_BUILDER_3,次の建設の提案リストもあるようです。
73b48c03fa8a1268,TID_ARMY_OVERVIEW_HINT_SPELLS_BUILD_SPELLFACTORY,呪文工場を建設して呪文をアンロックしましょう
4d7e7f41f43f6302,TID_BOOSTER_FINISH_ANY_UPGRADE_INFO,実行中のアップグレードを瞬時に完了します。どちらの村でも使用可能です！
5de91d96218b68e1,TID_CHARACTER_SUPER_DRAGON_RIDER_INFO,
3b7c18aa81fdcb58,TID_SPECIAL_FTUE_TUTORIAL_ELIXIR_STORAGE_2,エリクサータンクを建設して\nエリクサーを十分に\n確保できるようにしましょう！
c576d011e5c9758b,TID_LNY25_WARDEN,スネーク ウォーデン
55ca2a741511d2e5,TID_LNY25_KING,スネーク キング
9ffb7312ba52abe6,TID_SPECIAL_REENG_TUTORIAL_ATTACK_1,ユニットがチーフの到着を歓迎しています。
bc3438aa09b19bb7,TID_SPECIAL_FTUE_TUTORIAL_WORKER_2,大工の小屋を2つに増やせば、\n同時に2つの施設を建設できます。
1221b0f4e30b1de8,TID_ATTACK_WARNING_SWAP_HERO_RECOVER_TEXT,部隊内のヒーローは回復中のため、戦闘に参加できません。ヒーローを変更しますか？
eb3c55834b526530,TID_INFO_POP_UP_TOS_PP_NOTE,サービス利用規約が更新されました。プレイを続けるには、「同意する」をタップして新しい利用規約に同意してください。
989116e2f2225928,TID_SPECIAL_TUTORIAL_STARTER_CHALLENGE_4,タウンホールレベルが上がるたびに、\n新しいスターターチャレンジがアンロックされます。
94b7793dd0c94b65,TID_BOOSTER_LAB_POTION_INFO,自分の村のラボでのアップグレード速度が<time>にわたって<multiplier>倍になります。研究員には効果がありません。
a124d897b127f7df,TID_AVATAR_MESSAGE_SUBJECT_GEM_DONATION,<cb3f357>エメラルド<amount>個</c>を受け取りました
08f91eae2854f81e,TID_SP_REWARD_LOCKED_NOT_ENOUGH_POINTS_AND_NEED_PREMIUM,この報酬をアンロックするには\nあと<num>ポイントとスターターパスが必要です。
9410e7703d466478,TID_SCENERY_LNY2025_WOOD_TRAIT2,創造
923a5cda2725779b,TID_HERO_TAVERN_UNDER_CONSTRUCTION,ヒーローホールは建設中です
d3e3e0c091f5d26e,TID_TUTORIAL_DEFEND_4,かつてこの地には聡明なウィザードが住んでいました。その魔法のおかげで、建物は自動的に修復されます！
8000308b6e24cf40,TID_HERO_TAVERN_MENU_HEART_POP_UP_TEXT,ヒーローが攻撃中に失った体力は、時間経過で回復します。
6be7d6d1de835641,TID_AGE_GATE_DESCRIPTION,クラッシュ・オブ・クランは幅広い層のプレイヤーに向けたゲームです。皆さまに最高のプレイ体験をお届けするため、年齢をお聞きしています。
507a0cdb6611abbb,TID_SPECIAL_FTUE_TUTORIAL_TRAIN_3,完璧です！次はバーバリアンを戦場に解き放ち、敵を一掃しましょう！
fe09d275a0705299,TID_ARMY_PRESET_LOADED_FRIENDLY_ARMY,<army>をフレンドリー部隊に設定しました！
c41edd25af8d48b9,TID_CLAN_PROGRESS_EVENT_START_COUNTDOWN,イベント開始まで：
8ad05357dc214e78,TID_HINT HEROES_REGENERATE,ヒーローホールには、ヒーローに必要なものが何でもそろっています！
f20012da389175c3,TID_CHARACTER_INFO_SUPER_YETI,イエティ界の電撃王が降臨！ダメージを受けるたびにエレクトロマイトが飛び出し、近くの施設に電撃の連鎖攻撃を与えます。
beb1ab5667fe5a84,TID_LNY25_CHAMPION,スネーク チャンピオン
73bad9f46ee8fd72,TID_SPECIAL_FTUE_TUTORIAL_4,戦闘態勢を整えてください！\n大砲を設置してタウンホールを守りましょう！
8cd3668d0d976988,TID_APRIL25_TBRM_ABILITYINFO,タウンホールに向かって突き進み、倒されると炎と共に蘇って攻撃力が上昇する
ce99978bd0fa3fcd,TID_WALL_WIZARD_TITLE,<building> x <number>
0d7594eedded5838,TID_SPECIAL_REENG_TUTORIAL_ATTACK_3,強力な部隊を訓練しましょう！
fb9005b5ca0bb9fd,TID_OBSTACLE_APRIL25,アタッシュケース
37877f6931dd41b3,TID_ARMY_PRESET_LOADED,<army>を使用部隊に設定しました！
bbd869e6d10cb23a,TID_SKIN_FEATURE_LIST_TITLE,内容：
1042d75cbb272be3,TID_ARMY_TAB_RESERVE,控え
d9f830904c2290ca,TID_SCENERY_LNY2025_STONE_YEARCYCKLE,年周期
41426dbb32401e62,TID_CHARACTER_INFO_APRIL25RRBL,開戦と同時に4人の仲間を遠くに投げ飛ばして敵を襲撃させた後、自らは槍を手に猛攻を開始します。さあ、みんな大声で叫ぼう... YEET！！
206bd90fea563f16,TID_GET_STARTER_PASS_TITLE,スターターパスを購入
1e13aac9e9929cd5,TID_WALL_WIZARD_NOT_ENOUGH_AVAILABLE_WALLS,追加できる壁が<number>個未満です。
62e8da9c52de90e3,TID_POPUP_CONFIRM_USE_RECIPE_TITLE,この編成を使用しますか？
c59f25093af25b8c,TID_CLAN_EVENT_LEADERBOARD_INFO,イベント中に攻撃や資源生産施設、資源カートからゴールドを集めると、集めた分だけイベント通貨が手に入ります。クラン一丸となってイベント通貨を貢献し、共通報酬を獲得しましょう！
588a0c9f0289873d,TID_SCENERY_LNY2025_WATER_TRAIT1,思慮
9204b9354d6fe87b,TID_DECO_LNY_2025,ヘビの神社
ef1a6c5c0ed6f039,TID_HINT HEROES_DIE,ヒーローたちは不死身です。なぜ？どうして？それは誰も知りません！
cb6e91d0670d907f,TID_STUN_TIME,攻撃目標へのスタン効果（秒）：<number>
aa1020717453ac34,TID_CHARACTER_APRIL25GTG,ギガジャイアント
b3b60a9204951bbd,TID_SPECIAL_REENG_TUTORIAL_10,共に力を合わせて戦いましょう！
6c4988aeabe4ce12,TID_WALL_WIZARD_TOO_MANY_UPGRADES,同時にアップグレードできる施設は<number>個までです。
f0cd0c52aa47104d,TID_APRIL25_GTG_ABILITY_NAME,ギガレイジ
c6aefbfd623a02d9,TID_INFO_DAMAGE_MULTIPLIER_TARGET_TEXT,（ダメージ x<number>）
deeca3f785e65f00,TID_SPECIAL_FTUE_TUTORIAL_5,エメラルドを使えば\n建設がすぐに完了しますよ！
599c861aa6778ad5,TID_STARTER_PASS_SHOP_ITEM_SUBTITLE,タウンホールレベル7まで利用可能
c8be7cb2d9c5aae4,TID_INFO_POP_UP_TOS_PP_TITLE_NEW_PLAYER_ANDROID,重要なお知らせ
636d1f707532f2f9,TID_MILITARY_CHAMPION,スナイパー チャンピオン
7a9ec1c7b334cb21,TID_DIAMONDS_FOUND,<name>の中から<cb3f357>エメラルド<number>個</c>を発見しました！
73a79cb759b734ac,TID_IAP_INFO_TEXT,資金決済に基づく表示
11d074542d12fc7c,TID_PET_SNEEZY_INFO_SHORT,くしゃみとともに空中ユニットを解き放ち、ダメージを肩代わりさせます。はくしょん！
54fe5540cf6a8dd9,TID_GEAR_TITLE_TURBO_START,エリートダンベル
7b906c26812d4a1d,TID_SCENERY_LNY2025_METAL_YEARCYCLE,年周期
3df30db4d1b6647a,TID_SCENERY_LNY2025_WOOD_TRAIT1,外交
2d7f1d9687ccbd84,TID_SETTINGS_LEGENDARY_LOADING,
f551820d2f0eb964,TID_STARTER_PASS_PURCHASE_INFO,スターターパスでスタートダッシュを決めましょう！上の報酬に加え、さらなる特典が待っています！
65ede7f463e3e8ed,TID_EDIT_ARMY_RECIPE_HEADER,<army>を編集中
a989d711f7432468,TID_SETTINGS_HAPTIC_FEEDBACK,振動
46f3d0267b21bc78,TID_TRAINING_TAB_TITLE_PRESETS,お気に入り編成
1348c22dbb80b99c,TID_HINT_WARLOCK_INFO_1,ネクロマンサーの発射攻撃は弱いものの、呼び起こされた死者が容赦なく敵の防衛を崩してくれます。
76a29f1586df866c,TID_ACHIEVEMENT_DESTROY_ARTILLERY_COMPLETED,破壊したイーグル砲およびインフェルノ砲の総数：<value>
e09060976b23ac8f,TID_OFFER_DONT_MISS_ONE_TIME_OFFER,このセールは表示期間中に1回のみ購入可能です！
828e87c79f4e6037,TID_WALL_WIZARD_BUTTON_ADD_WALL,壁を追加
09b4e55d8fc6194d,TID_INFO_POP_UP_TOS_PP_TITLE_NEW_PLAYER,重要なお知らせ
71fa77ee533667f9,TID_BOOSTER_FINISH_BUILDING_UPGRADE_INFO,実行中の建物アップグレードを瞬時に完了します。どちらの村でも使用可能です！
4b8e598878a16282,TID_BULDING_ARCHER_CANNON_FAST_ATTACK_CONFIG,マルチギアタワー（速射）
9ef6a22cfc5755b1,TID_SPECIAL_FTUE_TUTORIAL_DEFEND_2,村人の歓声が聞こえます！\nすばらしい戦いぶりでした、チーフ！
548c14e4272e947a,TID_SPECIAL_TUTORIAL_STARTER_CHALLENGE_1,スターターチャレンジでは\n真のチーフになるための経験が得られます！
f825f77ba196c046,TID_BOOSTER_WALL_UPGRADE_INFO,壁を1つ瞬時にアップグレードできます。ただし、壁のレベルが高くなると複数のリングが必要になります。作業にあたれる大工が1人必要です。どちらの村でも使用可能です！
d871b9553d142d30,TID_SHOP_MERGE_BUILDING_DISCLAIMER_NON_GEARED,2つの未改造の建物が合体して新しい建物になります。一度合体させるとやり直しできません。
3f9512368fd52e4f,TID_GEAR_INFO_TURBO_START,最初の数回の攻撃の速度、射程、威力を強化します
9a4e665fe889ab04,TID_CLAN_PROGRESS_EVENT_END_COUNTDOWN,報酬の回収期限まで：
a19720a90934112c,TID_INFO_ATTACK_COOLDOWN,部隊がまだ戦闘中です！戦闘が終了するまでお待ちください。
9fab3b37ccb1f990,TID_PET_ABILITY_INFO_SNEEZY,くしゃみとともに空中ユニットを解き放ち、ヒーローが倒されると自ら戦闘に参加する
88e7c7026c9b93af,TID_FIRE_QUEEN,ファイア クイーン
a7d781129a2a6997,TID_POPUP_CONFIRM_USE_RECIPE_TEXT_UNITS,すでに援軍がいるため、お気に入り編成のクランの城ユニットは適用されません
be4d5532c7310716,TID_CLAN_PROGRESS_EVENT_REWARD_CLAIM_FAILED,報酬を獲得するには1回以上の貢献が必要です
e6f02216c75a49a3,TID_GEAR_INFO_STONE_AMULET,一時的に防衛バリアを生成してダメージを軽減します
f3756be1a9abb886,TID_CLAN_PROGRESS_EVENT_NOT_IN_CLAN,イベントに参加するには、クランに加入してください！
2e899fad4cc515d0,TID_SELECT_WAR_TARGET_TO_ATTACK,攻撃対象を選びましょう！
c5ad3035c661a55c,TID_SPECIAL_FTUE_TUTORIAL_GOLD_STORAGE_2,金庫を建設して\nゴールドをもっとたくさん\n貯めておけるようにしましょう！
778f94d42ad9a375,TID_WALL_WIZARD_NO_SELECTED_WALLS,削除できる壁がありません。
455bdcc00d5d5a33,TID_SPECIAL_REENG_TUTORIAL_BUILDER_1,チーフが不在の間も大工は\nきっちり仕事をしていたようです。
8d3506c7f17af97e,TID_INFO_POP_UP_TOS_PP_BUTTON1,同意する
9cbd4609e629523f,TID_CLAN_PROGRESS_EVENT_WRONG_CLAN,すでに別のクランでイベントに参加しています！
affa336ae2b4e581,TID_ACHIEVEMENT_DESTROY_MULTI_GEAR_TOWER_COMPLETED,破壊したマルチギアタワーの総数：<value>
42540d65b6dcc1df,TID_OPEN_CLAN_PROGRESS_EVENT,GO！
330c7793082fd553,TID_INFO_POP_UP_TOS_PP_NOTE_ANDROID,クラッシュ・オブ・クランは無料でプレイできますが、アプリ内での購入によりゲームを早く進めることもできます。ゲーム内アイテムの購入を行いたくない場合、「Google Play ストア」アプリで「パスワード保護」を有効にしてください。「同意する」をタップすると当社のサービス利用規約とプライバシーポリシーに同意したものとみなされます。
8366fc6e0ff2d6fd,TID_BUILDING_ARCHER_CANNON_INFO_SHORT,スピード重視？それとも射程で勝負？選択はあなた次第！
33f4ee6e116ae73e,TID_SCENERY_LNY2025_WATER_TRAIT3,交友
0aaa76f6637770f7,TID_CHARACTER_SUPER_YETI,スーパーイエティ
cdafc916ee9ae2be,TID_INFO_POP_UP_TOS_PP_NOTE_NEW_PLAYER_ANDROID,クラッシュ・オブ・クランは無料でプレイできますが、アプリ内での購入によりゲームを早く進めることもできます。ゲーム内アイテムの購入を行いたくない場合、「Google Play ストア」アプリで「パスワード保護」を有効にしてください。「同意する」をタップすると当社のサービス利用規約に同意したものとみなされます。
14729d215e82b2b8,TID_LNY25_QUEEN,スネーク クイーン
837071da223b3d7c,TID_WALL_WIZARD_NO_AVAILABLE_WALLS,追加できる同レベルの壁がありません。
a61109f82211949a,TID_POPUP_CONFIRM_USE_RECIPE_TEXT_DONATION,援軍をリクエスト中のため、お気に入り編成のクランの城ユニットは適用されません
33fe4f65ea598d94,TID_BOOSTER_FILL_ELIXIR2_STORAGE_INFO,大工の拠点のエリクサータンクをいっぱいにします。
5daba594ff63d7b5,TID_TUTORIAL_STARTER_CHALLENGE_1,チーフにスターターチャレンジをご用意しました！
1e593ed858d03ccb,TID_BOOSTER_PET_POTION_INFO,ペットのアップグレード速度を<time>にわたって<multiplier>倍にします。
1995a1baca41ef3c,TID_BUTTON_SAVE_CURRENT_RECIPE,現在の編成を保存
bead63ac1d578ff6,TID_SAVING_CHANGES,変更を保存中
775ca28471e9f26b,TID_ACHIEVEMENT_DESTROY_FIRESPITTER,マルチプレイで通算<number>個の竜炎砲を破壊する。
cc46161dee69af31,TID_CHARACTER_INFO_APRIL25BLTM,彼女の一撃はKO級！自慢のバットで防衛設備を破壊しながら、壁を飛び越えて暴れ回ります。3回倒されるまで戦い続ける不屈の戦士です！
6e6b82f1fac001ee,TID_SPECIAL_REENG_TUTORIAL_8,フレンドリーな者もいますが... そうでない者もいるので、気をつけましょう！
5bb23b2989a4b9c7,TID_APRIL25_TBRM_ABILITYNAME,フレイム・リザレクション
368a7ad609341473,TID_BOOST_MAX_DAMAGE_PERCENTAGE,最大ダメージ上昇（％）：<number>
0e13ab662fd72f45,TID_CHARACTER_INFO_FURNACE,移動こそできないものの、一定時間ごとにファイアマイトが建物めがけて突撃し、到達すると爆発して炎を撒き散らします。
b9e162b57768216f,TID_PRESET_CANT_LOAD_MISSING_HEROES,ヒーローのスロットに空きがあります！
2de149a98aae0626,TID_BOOSTER_MOVE_OBSTACLE_INFO,1つの障害物を何度でも動かせるようになります。どちらの村でも使用可能です！
bc3dadbe7fc089ce,TID_CHARACTER_APRIL25RRBL,YEETウォリアー
b48d5d01edba7dcd,TID_BUTTON_SETTINGS_CHEST_DROPRATES,報酬ドロップ率
0e467bb409d9005e,TID_ARMY_SLOT_DEFAULT_IMPORTED_NAME,インポート編成<num>
d52e4e5490b2afc6,TID_CHARACTER_TRIBAL_TAG_TEAM,サモアンブラザーズ
4d2aaf0d34a97a57,TID_TUTORIAL_TRAIN_BARBARIANS_HINT,バーバリアンを<number>体訓練しましょう
f9434dcc138f2c61,TID_GEAR_TITLE_TRAP_SHIELD,
3b81b3ec3d39033d,TID_BOOSTER_FREE_HERO_UPGRADE_INFO,ヒーローまたはペットを瞬時にアップグレードします。どちらの村でも使用可能です！
a776e4c61e5d91ab,TID_TUTORIAL_STARTER_CHALLENGE_2A,ポイントを集めると報酬がアンロックされますよ！
9c88c13b9d930533,TID_BUILDING_BOMB_TOWER_INFO,ボムタワーは、付近の地上ユニットを爆弾で攻撃し、破壊されると大爆発を起こします！近接攻撃ユニットは、近づかない方が無難です！
7e3f4e10b48013da,TID_PRESET_ALREADY_LOADED,編成はすでにロードされています
7ad891d701077fdd,TID_SPECIAL_REENG_TUTORIAL_7,OverlordRHODESが、WWEのスター軍団を戦場に送り込んだのです！
c78b0e93b779c0df,TID_GEAR_INFO_DARK_CROWN,味方が倒されるたびに力が増し、ヒットポイントと攻撃力を3回まで強化します
35fd398369ebc555,TID_POPUP_NOT_ENOUGH_RESOURCE_TITLE,資源が足りません！
c1771fd482646735,TID_CHARACTER_INFO_MINION_BODYGUARD,ガーゴイルプリンスの家来は狂暴ですが、主君の命令には忠実です。ターゲットを容赦なく攻撃し、ダメージを肩代わりする盾にもなってくれます！
b9a4ffce707dba1e,TID_OBSTACLE_APRIL25,
e5cb49601047c76c,TID_BUILDING_SUN_BEAM_INFO,
9a888283ea27f397,TID_STARTERARMY_TH14_ELECTROTITAN,タウンホール14 - 感電地獄
94176cc254e88299,TID_BUILDING_SUN_BEAM,
91c178b69f08d29a,TID_SEASONAL_DEFENCE_INFO_ITEM_1,<cffcc33>クラフト防衛設備を選択し、アップグレードしましょう。</c>クラフト防衛設備は後からいつでも交換できます。
04a597a35a460a5b,TID_STARTERARMY_TH12_ZAP_DRAGONS,タウンホール12 - ザップドラゴン
c9e13d17be0fd550,TID_UNLOCK_UTIL_REQUIRED_PET_SHOP_BUILDING_AT_LEVEL,<cffcd443d>ペット小屋を建設</c>し、<cffcd443d>レベル<number>までアップグレードして</c>アンロック。
912c6b1d658359ce,TID_SEASONAL_DEFENCE_SELECTION_SCREEN_TITLE,防衛設備の概要
aaa0fde05fbce7aa,TID_SEASONAL_DEFENCE_SEASON_1_TITLE,クラフトフェーズ
42fe24d6a55ad91c,TID_STARTERARMY_TH15_DRAGON_WARDEN,タウンホール15 - ドラゴンマスター
8742ce03a1f55e7e,TID_STARTERARMY_TH13_LAVALOON,タウンホール13 - ホットバルーン3.0
ea2e60fec078b323,TID_DARKDAYS_WARDEN,ゴッドファーザー ウォーデン
11f05eec7df79067,TID_CLANGAMES_TASK_USETROOP_MAINVILLAGE,<troop>を1体以上使い、マルチプレイで星1個を獲得する。
0bb785ddb081d62a,TID_UNLOCK_UTIL_REQUIRED_BLACKSMITH_BUILDING,<cffcd443d>鍛冶屋を建設</c>してアンロック。
0ea6fa1053ca59a1,TID_BUILDING_CRUSHER_MORTAR_INFO_SHORT,天高くから降り注ぎます！
435949aa76892136,TID_ICE_BLOCK_SPELL_INFO_SHORT,敵を震え上がらせましょう！
7278e71b1497b8f0,TID_STARTERARMY_TH13_YETIWITCH,タウンホール13 - イエティ軍団
c3afd88f03d2b618,TID_STARTERARMY_TH12_YETIBOWLER,タウンホール12 - クールモンスター
e65c111570f58af2,TID_SHOP_LINK,情報
d929f7b599764630,TID_UNLOCK_UTIL_TIME_LIMITED_SPELL_NO_LONGER_AVAILABLE,この期間限定呪文は現在使用できません。
9c412e49c7a7f75e,TID_REENGAGEMENT_ATTACK_3,強力な部隊を訓練して\n戦場に舞い戻りましょう！
1fb4259671ff3883,TID_UNLOCK_UTIL_HERO_SLOT_REQUIRES_HERO_HALL_UPGRADE,<cffcd443d>ヒーローホールをレベル<number>までアップグレードして</c>、<slot>個目のヒーロースロットをアンロック。
63f2db73c6354a3c,TID_CLAN_PROGRESS_EVENT_BOOST_LABEL,ブースト：+<percentage>
96748d1090bc7ea6,TID_STARTERARMY_TH10_BOWLING_WITCHES,タウンホール10 - ネクロボウラー
12e497964bf169ab,TID_CLANGAMES_TASK_USETROOP_BUILDERBASE,<troop>を1体以上使い、大工の拠点戦で星1個を獲得する。
41efc092b9485181,TID_ACHIEVEMENT_SEASONAL_DEFENSE,クラフト防衛設備を<number>回アップグレードする。
dbe24e0e82a5083b,TID_STARTERARMY_TH11_OVER_AND_UNDER,タウンホール11 - アップアンドダウン
6c4096046a9af8dc,TID_CLANGAMES_TASK_USESUPERTROOP,<troop>を1体以上使い、マルチプレイで星1個を<num>回獲得する。
829e7728020aba3b,TID_UNLOCK_UTIL_REQUIRED_LABORATORY_LEVEL,レベル<number>のラボが必要です。
2d47162c094703c1,TID_JAPAN_MINION_PRINCE,将軍 プリンス
7c86eec3ffc8e1e2,TID_UNLOCK_UTIL_REQUIRED_PET_SHOP_UPGRADE,<cffcd443d>ペット小屋をレベル<number>までアップグレード</c>してアンロック。
2eb82e59cf7d73dd,TID_SEAONAL_DEFENSE_CRUSHER_MORTAR_MODULE_EFFECT,クラッシュモーターの効果モジュール
64b9a29f3fee6f4c,TID_UNLOCK_UTIL_REQUIRED_CLAN_CASTLE_BUILDING,<cffcd443d>クランの城を再建</c>してアンロック。
b0e74c4d1c0e6d67,TID_HINT_NOT_ALL_HERO_SLOTS_USED,<cffcd443d>さらにヒーローを選択</c>して、スペースを使い切りましょう。
eef439b059c891cf,TID_SEAONAL_DEFENSE_SUN_BEAM_MODULE_ATTACK,
ee24867acb8c26bd,TID_DECO_CLASHARAMA_EP01_SUPERDECO,クラッシュの彫刻
6f7238a9c2910576,TID_INFO_TOOLTIP_COMMUNITY_RECIPES,ここでは、自分のタウンホールレベルに合った編成案を確認および使用することができます。\n\n表示されるクリエイター部隊はx日ごとに更新されます。
d1a52a5a854e545d,TID_STARTERARMY_TH17_DRAGONS,タウンホール17 - 天空からの鉄槌
f54b7095173735d8,TID_APRIL25_CHAMPION,ドミネーター チャンピオン
a90c0d79559b3a98,TID_TUTORIAL_GOLD_STORAGE_1,ゴールドを保管できる場所も\n欲しいですね！
03f57284c41d95e5,TID_APRIL25_PRINCE,ミステリオ プリンス
9a533e12f4db2539,TID_CREATORARMY_TH16_YETIROOTS,ルートイエティ
3fee7b8be6dca5ee,TID_BUTTON_CHANGE_SEASONAL_ARCHETYPE,防衛設備の概要
5792d5b335c9556a,TID_APRIL25_QUEEN,デストロイヤー クイーン
3bab36ef5484d7f7,TID_TUTORIAL_WORKER_1,獲得したゴールドを使って\n設備の建設＆アップグレード！\n建設が終わったら、戦闘に繰り出しましょう！
95358d234e746785,TID_BUILDING_BOMB_SPAWNER_INFO,
454e5dffce0e80b5,TID_SEAONAL_DEFENSE_SUN_BEAM_MODULE_HP,
45946f1577de9ccf,TID_SEASONAL_DEFENCE_SEASON_CARD_TITLE,クラフトフェーズ中です！
7da5cb8607ce02c1,TID_APRIL25_WARDEN,ナイトメア ウォーデン
18a38b9b8f5c6e09,TID_ICE_BLOCK_SPELL_INFO,見ているこっちが寒くなるような呪文です！\n\n地上と空中の味方ユニットを文字通り身も凍る冷気で包み込み、ほとんどのダメージを無効化します。凍り付いたユニットは移動と攻撃ができなくなります！
87af55a61f59c92b,TID_CREATOR_ARMY_REMAINING_TIME_EXPIRED,更新まで：期限切れ
1df32e1cf8e0d275,TID_DARKDAYS_KING,ブッチャー キング
67d355401ae59eea,TID_BUTTON_UPGRADE_MODULE_THREE,モジュール3をアップグレード
dd7cdaad663d109a,TID_STARTERARMY_TH16_AIR_RAID,タウンホール16 - ガイコツ航空隊
c713d6dbbdf2dddb,TID_ACHIEVEMENT_DESTROY_SEASONAL_DEFENSE,マルチプレイで通算<number>個のクラフト防衛設備を破壊する。
1889da1ea67f0a23,TID_SEASONAL_DEFENCE_INFO_ITEM_2,戦略に合わせて<cffcc33>アップグレードするモジュールを選択</c>しましょう！アップグレード中も防衛機能は維持されます！
9dc04c46e0c0ee38,TID_BUILDING_FLAME_SPINNER_INFO_SHORT,火力は無限大！炎の渦を召し上がれ！
a3b1a5ad17464546,TID_REENGAGEMENT_ATTACK_2,戦いの準備は整っているようです！
5662d7397a939219,TID_UNLOCK_UTIL_REQUIRED_HERO_UNLOCKED,<cffcd443d><hero>をアンロック</c>してアンロック。
ebf16dec888fb7b1,TID_TUTORIAL_ELIXIR_STORAGE_1,素晴らしい！\nエリクサーを使うと、\nユニットの訓練や施設の建設を行えます。
18066b14e7fe32f8,TID_BUILDING_HOOK_TOWER,フックタワー
7b2d060fd634a5e8,TID_BUILDING_CRUSHER_MORTAR_INFO,世界中のボウラーが憧れる存在です。クラッシュモーターから放たれるトゲトゲの岩は、ゴーレムのように優雅に着地した後、バウンドしてさらなる二次災害を引き起こします。頑丈なヘルメットを用意しておきましょう！
caaad349e4f2f28c,TID_HINT_HEROES_IN_ARMY_ARE_UNAVAILABLE,部隊に使用できないヒーローがいます。
389830800525e3ef,TID_SEAONAL_DEFENSE_LOG_LOBBER_MODULE_ATTACK,
e0eb8466bfafa905,TID_TUTORIAL_CHANGE_NAME,完璧です！\n戦利品を獲得するには\n攻撃するのが一番です。\nお名前を教えてもらえますか？
2880795b7a3bf1e0,TID_STARTERARMY_TH12_DIG_AND_RIDE,タウンホール12 - アップアンドダウン2.0
60bf24df61a3e865,TID_INFO_ARMY_PRESET_TAG,タップ＆長押しでお気に入り編成を並べ替えます
f6d753229a8b9c25,TID_DECO_COMMUNITY_CROWN_AND_SWORD,正義の王冠
dd59ea818206e5ca,TID_HEROES_NOT_AT_CAPACITY_TOOLTIP,<cffcd443d>さらにヒーローを選択</c>して、スペースを使い切りましょう。
432d77f3411b6697,TID_BUTTON_GUIDE,ガイド
f1c7f8f83ba77836,TID_UNLOCK_UTIL_REQUIRED_TOWN_HALL_LEVEL,<cffcd443d>タウンホールをレベル<number>までアップグレード</c>してアンロック。
f76f40267844ed58,TID_DARKDAYS_QUEEN,ファタール クイーン
9c28413ec4c2f5f2,TID_SEASONAL_DEFENCE_INFO_ITEM_4,取り扱いが難しいため、<cffcc33>最大タウンホールレベル</c>に到達した者のみが使用を許されます。
ede2ee211e01df82,TID_TRAINING_SCREEN_TAB_OVERVIEW,自分の部隊
75c71fd1a1e42f69,TID_STARTERARMY_TH08_PEKKA_SMASH,タウンホール8 - P.E.K.K.Aスマッシュ
b69d6a50b4d5c188,TID_STARTERARMY_TH11_ICE_WITCH,タウンホール11 - 氷のネクロマンサー
1c221113405518c0,TID_UNLOCK_UTIL_REQUIRED_DARK_SPELL_FORGE_BUILDING_AT_LEVEL,<cffcd443d>闇の呪文工場を建設</c>し、<cffcd443d>レベル<number>までアップグレード</c>してアンロック。
4137f9decb562aa8,TID_BUTTON_UPGRADE_MODULE_TWO,モジュール2をアップグレード
8e019c3c11efe778,TID_UNLOCK_UTIL_TIME_LIMITED_TROOP_NO_LONGER_AVAILABLE,この期間限定ユニットは現在使用できません。
d7b78597bd59366c,TID_BUILDING_BOMB_SPAWNER,
a6d94a46c8fe1431,TID_SEAONAL_DEFENSE_FLAME_SPINNER_MODULE_EFFECT,フレイムスピナーの効果モジュール
bbc870b133ac1b7e,TID_STARTERARMY_TH09_HOG_HEALS,タウンホール9 - ホグヒーラー
b45d63407db2df68,TID_BUTTON_CYCLE_SEASONAL_ARCHETYPE,防衛を変更
ae4e53aef91f9240,TID_STARTERARMY_TH12_GO_GO_WITCHES,タウンホール12 - 岩のネクロマンサー
f4ba90316c96f410,TID_STARTERARMY_TH06_BIG_BARCHERS,タウンホール6 - バーバリアン式弓部隊
2f96f2e3fe63c036,TID_STARTERARMY_TH10_AIR_RAID,タウンホール10 - 火炎飛行隊
a79c983f4c4d84a9,TID_UNLOCK_UTIL_REQUIRED_DARK_SPELL_FORGE_BUILDING,<cffcd443d>闇の呪文工場を建設</c>してアンロック。
4f8d2a900998a072,TID_STARTERARMY_TH11_ELECTRO_DRAGONS,タウンホール11 - ビリビリ日和
e21be08ad312f35b,TID_STARTERARMY_TH07_MAGIC_HOGS,タウンホール7 - マジックホグ
648248a2930d02c0,TID_SEAONAL_DEFENSE_FLAME_SPINNER_MODULE_HP,フレイムスピナーのHPモジュール
782796d0b5c0f09b,TID_BUTTON_COOKBOOK_RECIPE_SAVE,保存
1070c01d5f9c0eb6,TID_CREATOR_ARMY_REMAINING_TIME,更新まで：<time>
6a437f008f62ecc3,TID_ARMY_OVERVIEW_HINT_SPELLS,呪文はタウンホールレベル<number>でアンロックされます！
554ee70dd874d5da,TID_ACTIVE,有効
96d6b02a924b4b90,TID_CLANGAMES_TASK_USESPELL_MAINVILLAGE,<spell>を1体以上使い、マルチプレイで星1個を獲得する。
978826ba7cbe7d92,TID_UNLOCK_UTIL_REQUIRED_HERO_HALL_AT_LEVEL,<cffcd443d>ヒーローホールを建設</c>し、<cffcd443d>レベル<number>までアップグレードして</c>アンロック。
acbf132d80b4e37c,TID_BUILDING_SEASONAL_PLATFORM_INFO,クラフト防衛設備を建設して、ステータスを自由自在にアップグレードしましょう！クラフト防衛設備はクラフトフェーズが終了するまで利用可能です。フェーズが終了すると新しい防衛設備と入れ替わります。色々な防衛設備を試しているうちに、きっと新たなお気に入りが見つかることでしょう！
f4ca033e57aab672,TID_STARTERARMY_TH10_GOHO_MAGIC,タウンホール10 - 呪文一筋
e13b32e5f187c32e,TID_UNLOCK_UTIL_REQUIRED_DARK_BARRACK_BUILDING_AT_LEVEL,<cffcd443d>闇の兵舎を建設</c>し、<cffcd443d>レベル<number>までアップグレードして</c>アンロック。
1f0509a629668dc9,TID_ICE_BLOCK_SPELL_ABILITY,呪文
f96aabc784326200,TID_HINT_ADD_UNITS_TO_ARMY_CC_SLOT,<cffcd443d>ユニット、呪文、突破兵器を選択して、部隊に援軍を要請または追加</c>しましょう。
7debcd6f725b4400,TID_STARTERARMY_TH17_FURNACES,タウンホール17 - 大軍
c9e019aa5487159f,TID_SEASONAL_ARCHETYPE_TUTORIAL_SCREEN_TEXT,クラフト防衛設備はいつでも入れ替え可能です！
736020d75b9950b1,TID_DECO_CLASHARAMA_FROZEN_WIZARD_2025,フローズンウィザード
aaab5cd955f4faaa,TID_ACHIEVEMENT_SEASONAL_DEFENSE_COMPLETED,クラフト防衛設備のアップグレード回数：<value>
a0b539dd274f7508,TID_EVENT_TROOP_EXPIRED,イベント専用のユニットと呪文は利用できなくなりました
ac4ddb3e8e1bbb00,TID_CLANGAMES_TASK_USE_SUPER_MINERS,ディガートラブル
17402fec1beb8a38,TID_UNLOCK_UTIL_REQUIRED_HERO_HALL,<cffcd443d>ヒーローホールを建設</c>してアンロック。
920b9f9801cc2589,TID_STARTERARMY_TH08_FLY_HIGH,タウンホール8 - 空の支配者
235b68f7d364a386,TID_SHOP_CATEGORY_OFFERS,セール品
c4fbfcdce7f5059c,TID_UNLOCK_UTIL_REQUIRED_BLACKSMITH_BUILDING_AT_LEVEL,<cffcd443d>鍛冶屋を建設</c>し、<cffcd443d>レベル<number>までアップグレード</c>してアンロック。
f69634ee202357f6,TID_UNLOCK_UTIL_REQUIRED_DARK_BARRACK_BUILDING,<cffcd443d>闇の兵舎を建設</c>してアンロック。
4c58b218727ad635,TID_GEAR_INFO_HEROIC_TORCH,付近のユニットの闘志に火をつけ、壁の通り抜けを可能にし、移動速度上昇および被ダメージを低下させます。
c6eeafe61fc0edef,TID_STARTERARMY_TH11_LAVALOON_2,タウンホール11 - ホットバルーン2.0
3852a82c13cc5acf,TID_BUILDING_SEASONAL_PLATFORM,クラフトステーション
32acdb352301c590,TID_BUILDING_HOOK_TOWER_INFO,マスター大工の船からロープを借りてしまいましたが、大丈夫でしょうか？\n\nフックタワーは遠くの敵を近くに引き寄せ、スタンさせることができます。ただし、突破兵器は重すぎるため対象外です！
c7eecda258a72742,TID_STARTERARMY_TH14_PEKKA_BOWLER,タウンホール14 - P.E.K.K.Aボウラー
83be068d3871d2ed,TID_SEAONAL_DEFENSE_FLAME_SPINNER_MODULE_ATTACK,フレイムスピナーの攻撃モジュール
e1d5a259f5fdb33b,TID_SEAONAL_DEFENSE_CRUSHER_MORTAR_MODULE_HP,クラッシュモーターのHPモジュール
5d1fbfd86da6e5c0,TID_DARKDAYS_MINION_PRINCE,ポリス プリンス
156a5e9fe76bbd1f,TID_SEAONAL_DEFENSE_LAZY_LASER_MODULE_ATTACK,
cb67701b566704ba,TID_BP_PERK_CLAN_CASTLE_REQUEST_COOLDOWN,援軍リクエストの\n待ち時間短縮
b360fa44a0980190,TID_SEAONAL_DEFENSE_HOOK_TOWER_MODULE_ATTACK,フックタワーの攻撃モジュール
2b6976ae2c77d9a9,TID_UNLOCK_UTIL_REQUIRED_SPELL_FORGE_UPGRADE,<cffcd443d>呪文工場をレベル<number>までアップグレード</c>してアンロック。
7ac9b536e5b19698,TID_UNLOCK_UTIL_REQUIRED_SIEGE_WORKSHOP_UPGRADE,<cffcd443d>突破工房をレベル<number>までアップグレード</c>してアンロック。
a9a32fdf44e425c4,TID_SEAONAL_DEFENSE_LOG_LOBBER_MODULE_HP,
3ed7030c16f3912c,TID_STARTERARMY_TH09_LAVA_LOONS,タウンホール9 - ホットバルーン
47c05ae1ca6445bb,TID_SETTINGS_DATA_EXPORT_TITLE,JSON形式で村のデータを転送
eab96ee8319f9d25,TID_SEASONAL_DEFENCE_WORKSHOP_TITLE,クラフト防衛設備
acd2fe46eba99979,TID_BP_PERK_RESEARCH_BOOST_DESC_STARTER,ラボにおけるユニット、呪文、突破兵器のアップグレードに必要な資源と時間が減少します。
6acd9bb34b78a958,TID_STARTERARMY_TH14_MASS_HOGS,タウンホール14 - ワイルドホグ
5a3e5efb1ebb008e,TID_TUTORIAL_DEFEND_4,ここの土地には魔法が宿っているので、\n破壊された建物は\n魔法の力で元通りに修復されます！
813aac565c3ac295,TID_CREATORARMY_TH17_FURNACEQUAKE,オーブンショック
ca2b2d696cfb2107,TID_STARTERARMY_TH05_BARCHER,タウンホール5 - ブチギレ弓部隊
dd70ba1da3fc5e73,TID_SETTINGS_DATA_EXPORT_INFO,村のデータには両方の拠点における施設、トラップ、デコレーション、障害物、ユニット、呪文、突破兵器、ヒーロー、ペット、装備、家のパーツ、スキン、背景の保有数とアップグレード状況が含まれます。
e0a87292bab7c9a7,TID_SEASONAL_ARCHETYPE_TUTORIAL_SCREEN_TITLE,クラフト防衛設備を選択してください！
3ff733daac818323,TID_UNLOCK_UTIL_REQUIRED_BLACKSMITH_LEVEL,<cffcd443d>鍛冶屋をレベル<number>までアップグレード</c>してアンロック。
44b7e2e3486bcf0f,TID_DECO_CLASHARAMA_TABLE_2025,パーティーベンチ
e2a130a74e109bb1,TID_BUILDING_SEASONAL_PLATFORM_INFO_SHORT,期間限定のクラフト防衛設備で新たな戦略を試しましょう！
0609f8a21ea09ded,TID_TUTORIAL_ELIXIR_1,ゴールド以外にも、\nエリクサーが必要です。
8d2ca496600b860a,TID_DECO_CYBERCLASH_HOLOPROJECTOR,サイバーホログラム
578d4dd18c9d66a3,TID_HINT_REQUEST_REINFORCEMENTS_FOR_YOUR_CC_SLOT,部隊に<cffcd443d>援軍を要請または追加</c>しましょう。
0bed712f74513308,TID_SEAONAL_DEFENSE_LAZY_LASER_MODULE_HP,
d38884710ea48a8f,TID_EVENTARMY_TH10_HOTHOGSUMMER,ホグホグサマー
32c06aedc97e9ff2,TID_APRIL25_KING,コーディ キング
095261b12efec3e7,TID_BUTTON_SEASONAL_ARCHETYPE_INFO,情報／アップ\nグレード
4569299b6677e4c2,TID_TUTORIAL_TRAIN_3,準備完了です！\nさあ、バーバリアンたちを\n戦場に放ちましょう！
d25bb54ce1be53cf,TID_CLANGAMES_TASK_USE_SUPER_ARCHERS,信念の矢
ee78c0ce219a9f18,TID_CLANGAMES_TASK_USE_SUPER_YETIS,ビリビリガード
493c9164ac14bfb3,TID_DECO_DARKDAYS_2025,エリクサートラック
b0e79671839c7f0d,TID_JAPAN_QUEEN,弓道家 クイーン
2cf2ee91d3634b95,TID_ATTACK_COOLDOWN,攻撃クールダウン（秒）
1c29e6285fc478c7,TID_POPUP_GOBLIN_HELPER_TEXT,チーフ！建設や研究の手伝いが必要でしたら、声をかけてください！エメラルドをちょっぴりいただきますけどね！
388aa086dd5d852f,TID_SEAONAL_DEFENSE_LOG_LOBBER_MODULE_EFFECT,
76315e974cce751d,TID_BUILDING_LAZY_LASER,
5db3b43d512ad5a0,TID_STARTERARMY_TH15_GO_SKELLY,タウンホール15 - ガイコツ無双
cc8dc4449080f0d8,TID_ACHIEVEMENT_DESTROY_SEASONAL_DEFENSE_COMPLETED,クラフト防衛設備の破壊回数：<value>
788661afeaf5ec49,TID_UNLOCK_UTIL_CHARACTER_ITEM_NOT_OWNED,この装備は所有していません。
a4cc7ff89bbf8960,TID_SEAONAL_DEFENSE_CRUSHER_MORTAR_MODULE_ATTACK,クラッシュモーターの攻撃モジュール
892cfc539470396e,TID_TUTORIAL_TOWN_HALL_1,ゴブリンから奪ったゴールドがあれば\nタウンホールをアップグレード\nできるはずです。
c482c3af2fde756b,TID_GAMES_REWARDS_TEXT,クランゲームが終了したら、嬉しい報酬タイムです！報酬はいくつかの報酬グレードに分かれており、チャレンジで獲得したクランポイントの総計に応じてアンロックされます。クランゲームで1つ以上のチャレンジを完了したプレイヤーは、各報酬グレードから報酬を1つ選んで受け取ることができます。さらに、クランポイントを上限まで稼いだプレイヤーは、クランゲーム終了時に追加の報酬の獲得が可能です！未回収の報酬は7日後に無効となります。
19c96c0f41aa9007,TID_CLANGAMES_TASK_USE_SUPER_DRAGONS,燃えたぎる闘志
f2f73cc0761b9bea,TID_SPELLS_NOT_AT_CAPACITY_TOOLTIP,<cffcd443d>さらに呪文を選択</c>して、収容スペースを使い切りましょう。
1db7a7cab30ea35e,TID_UNLOCK_UTIL_REQUIRED_DARK_SPELL_FORGE_UPGRADE,<cffcd443d>闇の呪文工場をレベル<number>までアップグレード</c>してアンロック。
fa84f4cdd6f1ff53,TID_STARTERARMY_TH05_WIZARD_RUSH,タウンホール5 - ウィザードラッシュ
01fe140e11c8371c,TID_SEASONAL_DEFENCE_NO_SEASON_TITLE,クラフトフェーズは終了しています
7ee9f438908d80ad,TID_INFO_SCREEN_TITLE_NO_LEVEL,<object>
a2bf5c5ef3c38703,TID_ACHIEVEMENT_DESTROY_SEASONAL_DEFENSE_TITLE,クラフターの悪夢
ee198985073dc9cd,TID_ICE_BLOCK_SPELL,アイスガードの呪文
4af7aa97877fb072,TID_STARTERARMY_TH09_GO_WITCH,タウンホール9 - 再生と破壊
bf527d52df8c6e23,TID_SEASONAL_DEFENCE_SEASON_CARD_DESCRIPTION,フェーズ終了まで：
2313991183e42978,TID_SIEGE_NOT_AT_CAPACITY_TOOLTIP,<cffcd443d>さらに突破兵器を選択</c>して、収容スペースを使い切りましょう。
8af17ee23c74d671,TID_SCENERY_DARK_DAYS,ノワールデイズ
eee6a9b681b0f70f,TID_SEAONAL_DEFENSE_SUN_BEAM_MODULE_EFFECT,
5e3215afd73583d1,TID_BUILDING_HOOK_TOWER_INFO_SHORT,爆釣必至！敵を引き寄せスタンさせます！
0e9d3c9095bc34f0,TID_SCENERY_APRIL25,クラッシュマニア
1aebbce057587f3a,TID_SCENERY_JAPAN25,クラッシュ湾
abe353402ce9fcc5,TID_TUTORIAL_ATTACK_NPC_1,修理完了です！\nウィザードたちと一緒に\nゴブリンの村を破壊しましょう！
bca5afee02ed6e17,TID_UNLOCK_UTIL_REQUIRED_PET_SHOP_BUILDING,<cffcd443d>ペット小屋を建設</c>してアンロック。
7efedc693e3854bb,TID_TRAINING_TAB_TITLE_PRESETS,保存した編成
420ffcaf180deda8,TID_BUTTON_UPGRADE_MODULE_ONE,モジュール1をアップグレード
bd4692d44de086ff,TID_CLANGAMES_TASK_USE_SUPER_HOG_RIDERS,ブタ無双
95adfa5dde65e15e,TID_BUILDING_LAZY_LASER_INFO,
afb93baec139c882,TID_DECO_CLASHARAMA_EP02_SUPERDECO_PAINT,スケッチプロジェクター
14b3f41ef45a57e2,TID_SEASONAL_DEFENCE_SEASON_1_DESCRIPTION,新しい部品が到着しました！期間中にクラフト防衛設備を建設し、アップグレードしましょう！
f48ed45baa157fcb,TID_SEASONAL_DEFENCE_NO_SEASON_DESCRIPTION,今しばらくお待ちください。
70c22bad1df2503d,TID_SEAONAL_DEFENSE_HOOK_TOWER_MODULE_EFFECT,フックタワーの効果モジュール
321f83489b871f87,TID_OBSTACLE_BIRTHDAY2025,13周年記念ケーキ
196cbf73c5f9cc48,TID_STARTERARMY_TH06_HEALER_HELP,タウンホール6 - ヒーラーヘルプ
f800a8029084c43a,TID_TUTORIAL_GOLD_STORAGE_2,金庫を建設して\nゴールドをもっとたくさん\n貯めておけるようにしましょう！
de822cf935dc904a,TID_BUILDING_FLAME_SPINNER_INFO,改造によって回転力を手にした料理鍋の恐ろしさをご覧あれ！\n\n抜群の耐久性を誇るフレイムスピナーは、無限に回転しながら付近の地上および空中ユニットにダメージを与える炎の渦を作り出します。
6b8201c1fcb4a1ba,TID_SEAONAL_DEFENSE_HOOK_TOWER_MODULE_HP,フックタワーのHPモジュール
28d335d02f7392cc,TID_STARTERARMY_TH04_BARCHER_BLAST,タウンホール4 - 怒れる弓部隊
d742b14742662a96,TID_SEASONAL_DEFENCE_INFO_ITEM_3,クラフト防衛設備が使用できるのは、<cffcc33>クラフトフェーズ</c>が終了するまでの間のみです。新しいセットは次のフェーズで公開されます。しっかり練習しましょう！
ed13afe78f265a76,TID_UNLOCK_UTIL_REQUIRED_DARK_BARRACK_UPGRADE,<cffcd443d>闇の兵舎をレベル<number>までアップグレード</c>してアンロック。
05b6d4e8e26e8c5b,TID_UNLOCK_UTIL_REQUIRED_SIEGE_WORKSHOP_BUILDING,<cffcd443d>突破工房を建設</c>してアンロック。
b9639ff564f787ac,TID_TUTORIAL_BARRACK_1,チーフ、ゴブリンと戦うには\n軍団が必要です！\n兵舎を建設してください。
a9d5a55d34ea7103,TID_JAPAN_CHAMPION,忍者 チャンピオン
1694fa89e36163f4,TID_EDIT_MODE_BLOCKED_COPY_SEASONAL_DEFENSE,コピーしたレイアウトのクラフト防衛設備は使うことができません。代わりにクラフトステーションが設置されました。
fb29b3d0145d674d,TID_CLANGAMES_TASK_USE_SUPER_BOWLERS,精密ストローカー
40822d4a4b907803,TID_STARTERARMY_TH17_THROWERS,タウンホール17 - フローズンスピア
96cfdd99e18c3642,TID_UNLOCK_UTIL_HEROES_REQUIRE_TOWN_HALL_LEVEL,<cffcd443d>タウンホールをレベル<number>までアップグレード</c>してヒーローをアンロック。
1aeff5318b4ec9f0,TID_CLAN_PROGRESS_EVENT_BOOST_INFO,今なら<event resource>の変換が<percentage>ブーストされます！
abe1295d35c2d9f0,TID_ABOUT,スタッフロール\n\n<names>\n\nClash of Clans ™ <version>\nCopyright 2012-2025 Supercell Ltd. All Rights Reserved.\n米国特許出願中\n本ソフトウェアのご利用にあたっては、サービス利用規約およびプライバシーポリシーに同意いただく必要があります。具体的な内容につきましては、www.supercell.comをご確認ください。
49c4d60372b4b83d,TID_RESOURCE_FEST_BOOST,資源フェス\n<amount>％ブースト！
ef6784a554510690,TID_STARTERARMY_TH17_ROOTRIDERS,タウンホール17 - ルートアックス
fadfe2801b8f6106,TID_SEASONAL_DEFENCE_ACTIVE_TEXT,有効
a056dca542e5abac,TID_POPUP_CONFIRM_AUTOFIX_RECIPE_TEXT,戦闘準備を完了するため、この編成に含まれている利用不可のヒーローと装備は変更されます。
64ea97e5d9a6c654,TID_SEASONAL_DEFENCE_SWITCH_BUTTON_SWITCH,切り替え
8250c78ef15745c0,TID_SELECT,選択
96452fdd34b63d9a,TID_TUTORIAL_TOWN_HALL_2,タウンホールをアップグレードして\n新要素をアンロックしましょう！\nゴールドが足りなければ、\n戦闘あるのみです！
2e026901ee31c243,TID_REMOVE_EXPIRED_TEMP_TROOPS_FROM_ARMY,使用できない<cffcd443d>期間限定のユニット、呪文、突破兵器を削除してください</c>。
fcda83e2cc3a5910,TID_SHOP_DETAILS_LINK,http://support.supercell.com/clash-of-clans/en/articles/info-cc.html
ba3bf329ce6f1976,TID_STARTERARMY_TH04_GIANT_LOON,タウンホール4 - ジャイバルーン
8e3c2cf03f63d394,TID_STARTERARMY_TH07_MASS_ARCHERS,タウンホール7 - 秩序なき弓部隊
0fe3da48e7a4bf8b,TID_UNLOCK_UTIL_REQUIRED_SPELL_FORGE_BUILDING,<cffcd443d>呪文工場を建設</c>してアンロック。
2bef4ed8f84a8c0b,TID_DECO_DARKDAYS_2025_SUPERDECO,ジングルメーカー
39ef24c4b3606a3e,TID_STARTERARMY_TH15_NATURES_WRATH,タウンホール15 - ルートレイダー
82fa4faf4cfb6c6f,TID_JAPAN_KING,侍 キング
614e661467353c3b,TID_INFO_ARMY_PRESET_DRAG,タップ＆長押しで自分のお気に入り編成を編集
99c9c69547e6a24a,TID_STARTERARMY_TH16_SNOW_WITCH,タウンホール16 - 冷血魔導師
2e21786aeaeace9f,TID_EVENTARMY_TH15_BARCHENING,ババーチャーアタック
52e88736c6e7cc51,TID_SEASONAL_DEFENCE_NO_SEASON_TIMER,処理中...
9777d051023618c0,TID_CREATOR_ARMY_NAME,by <creator>
88bceb212868297b,TID_TROOPS_NOT_AT_CAPACITY_TOOLTIP,<cffcd443d>さらにユニットを選択</c>して、収容スペースを使い切りましょう。
e5c52b6ee4e5b886,TID_SEASONAL_DEFENCE_ERROR_ARCHETYPE_UPGRADING,防衛設備はすでにモジュールをアップグレードしています。
c9eed3bff6ae4baa,TID_STARTERARMY_TH14_ELECTRIC_AIR,タウンホール14 - ドラッグ＆ドロップ
6371e0032d23b12d,TID_BUILDING_FLAME_SPINNER,フレイムスピナー
7b4175230874f7ea,TID_TUTORIAL_BUILDER_MENU,ここからおすすめの設備を選択して\n建設を開始できます！
6e8bd66f5f1b73aa,TID_DECO_CLASHARAMA_SODASTAND_2025,ドリンクスタンド
7c6a05580fd3682d,TID_SETTINGS_DATA_EXPORT_HEADER,データを転送
c2b5ee13141407c7,TID_ARMY_IMPORT_CONFIRM,編成を保存しました：<recipe>
7e9ef9bbcee0f658,TID_STARTERARMY_TH05_GREEDY_GOBLINS,タウンホール5 - バルーン略奪団
578c12f98f3f8a53,TID_SEASONAL_DEFENCE_SWITCH_BUTTON_SELECT,選択
24c19b73edc89ec7,TID_EVENTARMY_TH10_ARMYOFTHEMONTH,今月の部隊
82b52a283a3b36de,TID_JAPAN_WARDEN,修験者 ウォーデン
f345a5e1ea6f1479,TID_SPECIAL_FTUE_TUTORIAL_ELIXIR_1,エリクサーは、\n施設の建設やアップグレードのほか、\nユニットのアップグレードにも\n使用されます。
e89cd344290b2254,TID_UNLOCK_UTIL_REQUIRED_TROOP_LEVEL_UPGRADE,<cffcd443d><troop>をレベル<number>にアップグレード</c>してアンロック。
4824f2a6741bce65,TID_STARTERARMY_TH07_FIRE_IN_THE_SKY,タウンホール7 - バルーンブレイザー
fd6c4f914efb314f,TID_STARTERARMY_TH15_ELECTROTITAN,タウンホール15 - エレクトロストライカー
a2631a7aa065d537,TID_TUTORIAL_ELIXIR_STORAGE_2,エリクサータンクを建設して\nエリクサーを一滴残らず保管しましょう。
32e046d679e8a376,TID_UNLOCK_UTIL_DONATION_REQUEST_REQUIRES_CC_LEVEL,<cffcd443d>クランの城をレベル<number>にアップグレード</c>してアンロック。
450dda13b41bd44e,TID_UNLOCK_UTIL_REQUIRED_SPELL_FORGE_BUILDING_AT_LEVEL,<cffcd443d>呪文工場を建設</c>し、<cffcd443d>レベル<number>までアップグレード</c>してアンロック。
2b269aa1643f5789,TID_STARTERARMY_TH08_DARK_ELIXIR_SPECIAL,タウンホール8 - ヘビーなヤツら
f6298ae1ae21bfa8,TID_STARTERARMY_TH13_ELECTRO_DRAGONS,タウンホール13 - エレクトロエアフォース
f9851a2fccbfb641,TID_STARTERARMY_TH16_MINERS,タウンホール16 - 独り占めの美学
e72127f2c409b749,TID_HUD_MESSAGE_ARMY_HEROES_HAVE_BEEN_SANITIZED,現在使用できないヒーローは編成から削除されました。
cc320ab470bb509b,TID_STARTERARMY_TH13_HOGMINER,タウンホール13 - アップアンドダウン3.0
5ffa6083ba7428e1,TID_UNLOCK_UTIL_REQUIRED_SIEGE_WORKSHOP_BUILDING_AT_LEVEL,<cffcd443d>突破工房を建設</c>し、<cffcd443d>レベル<number>までアップグレード</c>してアンロック。
1fe5750db3ed16b1,TID_TRAINING_TAB_TITLE_COMMUNITY_PRESETS,おすすめ編成
bf09fa0e07b92b51,TID_BP_PERK_CLAN_CASTLE_REQUEST_COOLDOWN_DESC_STARTER,クランの城の援軍リクエストの待ち時間を短縮します。
d77c4ea29ccaccd3,TID_UNLOCK_UTIL_REQUIRED_BARRACK_UPGRADE,<cffcd443d>兵舎をレベル<number>までアップグレード</c>してアンロック。
8b00209d4c3358a0,TID_STARTERARMY_TH16_ELECTRO_HEALING,タウンホール16 - タイタンヒーラー
1578ce993f13dbdf,TID_SEAONAL_DEFENSE_LAZY_LASER_MODULE_EFFECT,
c441108669564c87,TID_BUILDING_CRUSHER_MORTAR,クラッシュモーター
2e1ef595c95690b3,TID_DARKDAYS_CHAMPION,ショータイム チャンピオン
26566a9cd9bf18e0,TID_HINT_SUPER_TROOPS_NEED_ACTIVATING,<cffcd443d>スーパーユニットを有効化</c>して部隊で使用しましょう。
bed9003fd45e75ad,TID_HINT_HEROES_IN_ARMY_ARE_UNAVAILABLE_SUGGEST_SWAP,部隊に使用できないヒーローがいます。<cffcd443d>他のヒーローを選択</c>して、スペースを使い切りましょう。
d03c89727d38242f,TID_SETTINGS_DATA_EXPORT_COPY_BUTTON,コピー
a59a93805f11f599,TID_ACHIEVEMENT_SEASONAL_DEFENSE_TITLE,クラフトマスター
70c81438b3f388d3,TID_UNLOCK_UTIL_REQUIRED_BLACKSMITH_UPGRADE,<cffcd443d>鍛冶屋をレベル<number>までアップグレード</c>してアンロック。
2d5936e7f593c30e,TID_STARTERARMY_TH06_GIANTLOON,タウンホール6 - ジャイバルーン2.0
2491cf57bd483e25,TID_SETTINGS_DATA_EXPORT_COPY_NOTIFICATION,村のデータをデバイスのクリップボードにコピーしました！
8088fbe63734b35f,TID_TAB_LEAGUE_HISTORY,リーグ記録
7ad403a1555ed9f3,TID_STARTERARMY_TH7_GIANT_BLAZE,タウンホール7 - ジャイアントブレイズ
d75d8576ac3fae0c,TID_RANKED_RULE_TEXT_3,攻撃と防衛の回数に制限あり
42814e1a65e98d35,TID_GP_POP_BANK,シーズン資源増量
ec11302dda59cb0b,TID_HINT LEAGUE_DEMOTION,リーグ降格を防ぐためには、できる限りランクバトルでトロフィーを減らさないようにしましょう。
efac307cc0bf6a47,TID_LEGEND_MODE_INFO_DEFENSE_1,次のリーグ日用の防衛レイアウトとクランの城のユニットは、攻撃画面のレイアウトメニューから変更可能です。
77d6f959a204a10a,TID_EVENTARMY_TH11_CLASHERAMA_MASS_MINERS,ディガー祭り！
b60696b1259948f9,TID_TRAP_DAMAGE_TO_HEROES,ヒーローへのダメージ：<number>
de4013c6c9fe183f,TID_BARCHER_ABILITY_HELP,最初の5秒間、攻撃速度が上昇し、防衛設備に探知されなくなる
41add79a1cf76edb,TID_EVENTARMY_TH11_SEPTEMBER_WITCHES,魔のネクロ
ee8d478a00896186,TID_SHOP_MAGIC_SHIELD_7D_INFO,丸1週間資源の安全を確保！1 weekマジックシールドは敵の攻撃から資源を7日間守ってくれます。複数購入すると、その分効果が延長されます。
86c1ae2395c55337,TID_HINT LEAGUE_PROMOTION,ランクバトルでトロフィーを集め、リーグを駆け上がりましょう！リーグが上がるほどリーグボーナスと星ボーナスが豪華になります！
813ee01f4d77bfd8,TID_PLACEMENT_ST_SHORT,<value>位
6525617499080a2f,TID_LEAGUE_SEASON_ENDED_MONTH_4,トーナメントは終了しました：<year>年4月<day>日
538f1d429c5b09fb,TID_SHOP_CATEGORY_CONSUMABLES,消費アイテム
fc58b1c4daff236e,TID_MAGIC_SHIELD_MIGRATED_LEGENDS_FTUE,これがあれば安心！マジックシールドを使用すると、通常のバトルで敵の攻撃から資源を守ることができます。
ae75527db050b65b,TID_LEGEND_MODE_INFO_OVERVIEW_3,1日に最大で40個のトロフィーを獲得できます。
2c1c04e63d94b172,TID_2015_CLASHMAS_TREE,2015年クラッシュマスツリー
ca79ada716bfd820,TID_CLASHARAMA_2_WARDEN,緑龍 ウォーデン
d3b4452cc96b48e2,TID_DEMOTION_LEGEND_TROPHY_COUNT,トロフィー数は<value>以下でした
72a09e0136f7bb63,TID_SHOP_SHIELD_7D,1 weekマジックシールド
df5669752b7b51a8,TID_ACHIEVEMENT_RANKED_3_PROGRESS_1,P.E.K.K.Aリーグ24に到達
790229067a58b60c,TID_LEAGUE_TIER_9_RANK_1_SHORT,タイタン27
c5510c5eeeb21d8d,TID_RANKED_SIGNUP_PENDING,登録済み！
ebffd0327db70cf7,TID_PLACEMENT_ST,<value>位
96daf28ed3502943,TID_STARTERARMY_TH4_BARCHER_BLAST,タウンホール4 - ババアチャブラスト
1c286353113ba584,TID_LEGEND_MODE_INFO_SHIELD_1,バトルから離れて一休みしたい場合は、ショップでレジェンドシールドを購入しましょう。
c2a9056221ad1b5c,TID_ACHIEVEMENT_RANKED_4_PROGRESS_3,ライトニングリーグ31に到達
bd0f45ce41b9a726,TID_POPUP_UNDER_ATTACK_LIVE_REPLAY,が村を攻撃しています！
ef7b0675743b1e87,TID_HINT LOOT_BONUS,戦利品をもっと手に入れたい場合は、リーグに入って対戦に勝利し、リーグボーナスをもらいましょう！
f4da4c80059337e2,TID_GP_POP_POTIONS,ポーション +6
a90dc97a09206b78,TID_COSMICCURSE_KING,
a0c714f807069f48,TID_LEAGUE_INFO_REMEMBER,リーグに入っていれば、対戦で勝利した時にリーグボーナスが付きます！
e9afe0b74b1f7711,TID_LEAGUE_TIER_7,ゴーレム
9f0bc06cb790894a,TID_LEAGUE_TIER_4_RANK_1_SHORT,ウィザード12
899b8c47c1a4bc85,TID_LEAGUE_OVERVIEW_TOWN_HALL_REQUIREMENT,タウンホールレベル<level>に到達してランクバトルをアンロックし、栄光の舞台で追加の報酬とボーナスを獲得しましょう！
e409ae7dcbae2177,TID_WASTELANDS_CHAMPION,
8b02021363184e4c,TID_HINT_SHIELD_GAIN,攻撃で大量の資源が奪われた場合、無料でマジックシールドがもらえます。
aac47ebe8c39efe9,TID_LEAGUE_LEADERBOARD_DEFENCES_PERFORMED,防衛：
653693b714b97d9f,TID_ACHIEVEMENT_RANKED_3_PROGRESS_3,ドラゴンリーグ28に到達
51cb3b3f4acf476d,TID_MAGIC_SHIELD_TITLE,マジックシールド
0947ce652d5bec05,TID_LOOT_MODE,バトル
70ca4aaf200c1620,TID_LEAGUE_TIER_4_RANK_3,ウィザードリーグ10
38bc0415c71c59df,TID_LEAGUE_TIER_3_RANK_2_SHORT,アーチャー8
653d11e8a20fa6f4,TID_ACHIEVEMENT_RANKED_4_PROGRESS_2,ドラゴンリーグ30に到達
1ea06ea63a5cc06b,TID_COSMICCURSE_QUEEN,
9936f4c161ac1c47,TID_PLACEMENT_FIRST,1位
f7df39a5248331fc,TID_COSMICCURSE_DECO_LANTERN,コスモランタン
6c7487279b27b69b,TID_NEXT_DAY_SHIELD_ACTIVE,攻撃と防衛への参加が制限されています。攻撃を再開したい場合は、<cffcc33>本日中にシールドを無効化</c>しましょう。
a429b6dc6655ea54,TID_LEAGUE_TIER_6_RANK_1_SHORT,ネクロマンサー18
812ae45f1d77bfd8,TID_PLACEMENT_TH_SHORT,<value>位
d9a39c050ce5cc03,TID_LEAGUE_LEADERBOARD_ATTACKS_PERFORMED,攻撃：
4195d242a413ffb6,TID_LEAGUE_INFO_POPUP_TAB_DEFENSE,防衛
9f090c864e186c6d,TID_HINT_TRAP_REPAIR,こまめにプレイして、トラップを再設置しましょう。
db67358ff61fc5f7,TID_HINT_TH12_MAX_LEVEL_WEAPON,タウンホール12を攻撃する際はご注意ください。破壊されると爆発します！
a7ebc5fa012d7043,TID_TRAINING_LEVELS_DESCRIPTION,さまざまな戦略パターンを試して、攻撃スキルを磨きましょう！タウンホールをアップグレードすると、練習ステージがアンロックされます。
4f36f959a2060380,TID_EVENTARMY_TH13_CLASHERAMA_MASS_MINERS,ディガー祭り！
e0681b072c3deded,TID_HARD_MODE_MINUS_TWO_DESC,防衛設備の攻撃力が7％上昇し、防衛側のヒーローの与ダメージとヒットポイントが7％増加します。攻撃側のヒーローは、与ダメージとヒットポイントが3％減少します。装備にもレベル上限が適用され、ノーマル装備はレベル16、スーパーレア装備はレベル25が最大値となります。
73aa4aad002e1620,TID_LEAGUE_TIER_4_RANK_1,ウィザードリーグ12
ec3ff0f104728dfd,TID_LEAGUE_INFO_POPUP_TAB_SHIELD,シールド
05f802fe5c669976,TID_INTERMEDIATE_MODE_DESC,防衛設備の攻撃力が7％上昇し、防衛側のヒーローの与ダメージとヒットポイントが7％増加します！攻撃側のヒーローは、与ダメージとヒットポイントが3％減少します。
265099545172b3b5,TID_RANKED_MODE_INFO_PREP_1,トーナメントの参加登録を完了し、指定のグループ内でバトルに参加しましょう。
1a66f959a200b55b,TID_EVENTARMY_TH14_CLASHERAMA_MASS_MINERS,ディガー祭り！
518299e8e3ecf8bc,TID_RANKED_MODE_FTUE_4,トーナメントに参加してトロフィーを集め、上位リーグに到達すれば、豪華報酬を獲得できますよ！
681ec764eaf1c479,TID_DECO_COSMIC_BOOMBOX_INFO,ウィザードの研究により、史上最強の爆音ブームボックスが誕生しました！その音波は宇宙にいても聴こえ… 感じることができるとか。
50301e42f4752011,TID_CLASHARAMA_MINION_PRINCE,Clash-A-Rama プリンス
300397c5e74f5da9,TID_REVENGE_BUTTON_LOOT_MULTIPLAYER,戦利品<number>倍！
adf83c3a276da8d4,TID_ATT_UC_DISAGREE_OK_BUTTON,OK
2023eec9d09fcef2,TID_STARTERARMY_TH11_DRAGONS,タウンホール11 - ドラゴンレイド
057607ae9aa2d790,TID_LEAGUE_TIER_9,タイタン
95e9c5d29706375a,TID_STARTERARMY_TH12_FIRE_IN_THE_SKY_3,タウンホール12 - スカイファイア3
b79b2091ef51fed1,TID_HINT_TROPHY_COUNT,ランクバトルで自分の限界に挑戦し、リーグを駆け上がりましょう！
1882fc166ddf68b0,TID_LOG_RANKED_MODE,ランクモードの戦闘ログ
ebffd029176c0cf7,TID_PLACEMENT_TH,<value>位
9b5e7c3227cddfd2,TID_HINT_XBOW_AMMO,こまめにログインし、巨大クロスボウ、投石機、インフェルノタワー、イーグル砲を稼働させ続けましょう！
a80587fcbad58010,TID_HARD_MODE_MINUS_THREE_DESC_LIST,・<cff4b84ff>防衛設備</c>の攻撃力が7％上昇\n・<cffff4ba8>防衛側のヒーロー</c>の与ダメージとヒットポイントが7％増加\n・<cffff4ba8>攻撃側のヒーロー</c>は、与ダメージとヒットポイントが3％減少
93c9b0688d8c55f6,TID_STARTERARMY_TH6_GOB_SMASH,タウンホール6 - ゴブリンスマッシュ
a9caf411089457b2,TID_STARTERARMY_TH5_BLAST_AND_BASH,タウンホール5 - ババアチャ強襲
6a485e649205ec21,TID_LEAGUE_TIER_11_RANK_1_SHORT,ライトニング33
41add13676376edb,TID_EVENTARMY_TH15_SEPTEMBER_WITCHES,魔のネクロ
f096776c7dcfd24b,TID_LEAGUE_TIER_1_RANK_3,スケルトンリーグ1
6134aa3cd0f6b342,TID_RANKED_RULE_TEXT_4,トップで終了すると昇格！
55688effd38b3d8b,TID_HINT_SHIELD2,マジックシールドが有効になっている限り、攻撃で資源が減ることはありません！
8ee587425e91885f,TID_LEADERBOARD_TOWNHALL_SEASON,シーズングローバルランキング
c85c4030bab4279a,TID_DECO_COSMIC_BOOK_OF_SPELLS,呪いの書
36a5587e8ec6874c,TID_ACHIEVEMENT_RANKED_1_PROGRESS_2,アーチャーリーグ9に到達
6e6e2170ee480a2f,TID_LEAGUE_SEASON_ENDED_MONTH_8,トーナメントは終了しました：<year>年8月<day>日
cafa71658b0242d1,TID_SETTINGS_TITLE_CONSENT_CHOICES,同意の確認
f246767c6ccfd24b,TID_LEAGUE_TIER_1_RANK_2,スケルトンリーグ2
e4f3a92fcef2729c,TID_LEAGUE_UNLOCK_TITLE,タウンホールレベル<level>に到達してリーグをアンロック！
dc32b63f8dc7b71c,TID_HINT_SHIELD_GAIN_TIME,マジックシールドを購入して資源を守りながらゆっくり休みましょう。
e8e51fd09f4411a7,TID_ABILITY_COOLDOWN_TIME,クールダウン時間：
a95b7a3bf1e044e2,TID_STARTERARMY_TH12_DIG_AND_RIDE,タウンホール12 - アップアンドダウン2
7991560b718e5429,TID_LEAGUE_TIER_9_RANK_2,タイタンリーグ26
67f7b17584d80a2f,TID_LEAGUE_SEASON_ENDED_MONTH_7,トーナメントは終了しました：<year>年7月<day>日
d0b69a6dbb51ecc5,TID_LEAGUE_TIER_1_RANK_1_SHORT,スケルトン3
1ff7d58a6c6e642e,TID_COMM_DECO_EDRAGSKULL,エレクトロスカル
2a18016b649b4cc2,TID_2020_CLASHMAS_TREE,2020年クラッシュマスツリー
d628d44593f5e169,TID_GOLDEN_SHIELD_INFO1,ゴールデンシールドを使用すると保管施設が保護され、他のプレイヤーに攻撃された際に資源やトロフィーを失わなくなります。
474e6f7186b85741,TID_BUTTON_LEAGUE_OVERVIEW,リーグの概要
9eebf36cb790894a,TID_LEAGUE_TIER_4_RANK_2_SHORT,ウィザード11
62521177bf780a2f,TID_LEAGUE_SEASON_ENDED_MONTH_1,トーナメントは終了しました：<year>年1月<day>日
3ca3fed55e854562,TID_CYBERPUNK_CHAMPION,
a2144b4281ceef9a,TID_LEAGUE_TIER_2_RANK_3,バーバリアンリーグ4
a69f747b788dee1e,TID_HARD_MODE_MINUS_TWO_DESC_LIST,・<cff4b84ff>防衛設備</c>の攻撃力が14％上昇\n・<cffff4ba8>防衛側のヒーロー</c>の与ダメージとヒットポイントが14％増加\n・<cffff4ba8>攻撃側のヒーロー</c>は、与ダメージとヒットポイントが6％減少
9806447f107bc02a,TID_ATT_UC_ERROR_CONNECTION,「同意の確認」画面にアクセスできません。インターネット接続を確認して、もう一度お試しください。
ae86943eb0a647d1,TID_LEAGUE_LEADERBOARD_DEFENCES_COUNT,防衛：<count>/<total>
5d7e10572ae782b7,TID_ATTACK_LEAGUEGROUP_BATTLE_COUNT_EXCEEDED,すでにこのリーグでの最大バトル数に達しています。
be2c0cf21699a41d,TID_BUTTON_RANKED_SIGNUP_CONFIRM,参加登録！
800c8afe0c5d934f,TID_MISSING_ATTACK_INFO,リーグ内の敵に攻撃を仕掛けてトロフィーを獲得しましょう
a81b575e0716fa1a,TID_2022_CLASHMAS_TREE,2022年クラッシュマスツリー
e83d44f0017add9f,TID_RANKED_MODE_FTUE_1,朗報です！最近、チーフのご活躍が巷で噂になっているみたいですよ。
de33e6b80207adf1,TID_LEAGUE_START_TIME,トーナメント開始まで：
4327bf4665865fbf,TID_GP_POP_BOOKS,本 +4
d0f737c20397596b,TID_BATTLE_MODE_INFO_OVERVIEW_3,ユニットを配置する前にバトルを終了すれば、ペナルティなしで自分の村に戻れます。
1add0e49f128b859,TID_LEGEND_MODE_INFO_DEMOTION_1,週の終了時に4900トロフィーを下回っていた場合、レジェンドリーグの直前のリーグに降格します。
5604369e7319070d,TID_CLAN_MINIMUM_LEAGUE,必要リーグ：
7a51470b718e5429,TID_LEAGUE_TIER_9_RANK_3,タイタンリーグ25
83c17fa220a40c24,TID_ACHIEVEMENT_RANKED_2_PROGRESS_1,バルキリーリーグ15に到達
34eabef1d4fc52b6,TID_LEAGUE_INFO_LOOT_BONUS_PROMO,新しいリーグでの最大リーグボーナス：
2dcca81e307e97be,TID_RANKED_MODE_INFO_TITLE,ランクバトルについて
5346f959a20752c5,TID_EVENTARMY_TH12_CLASHERAMA_MASS_MINERS,ディガー祭り！
4ec43452d8848aa2,TID_CREATORARMY_TH15_CORRUPT_ROOTVALKS,ルートバルキリー
a1a6711e80e99ec3,TID_STARTERARMY_TH10_GO_WITCH_2,タウンホール10 - ゴレネクロ2
493231d6756c3135,TID_STARTERARMY_TH15_MASS_MINERS,タウンホール15 - ディガーラッシュ
183bfe0c9482e1ba,TID_ATT_UC_DISAGREE_TITLE,トラッキングを許可
64f881663be13085,TID_LEGEND_LOW_TROPHY_DISCLAIMER,日曜日までに4900トロフィーに到達してリーグ残留を目指しましょう！
a78ff6e4a43d7f05,TID_SHOP_MAGIC_SHIELD_2D_INFO,丸2日資源の安全を確保！2 dayシールドマジックは敵の攻撃から資源を48時間守ってくれます。複数購入すると、その分効果が延長されます。
f1893ef0c0378415,TID_RANKED_MODE_INFO_PREP_2,自動参加登録機能を有効化すれば、トーナメントを見逃さずに済みます。
e37ca58e0f1bb0ca,TID_SHOP_MAGIC_SHIELD_7D,シールド（1週間）
073ad18c0951835e,TID_ALLIANCE_JOIN_ERROR_AVATAR_IS_NOT_IN_CORRECT_STATE_TO_JOIN,プレイヤーがクランに参加できる状態ではないため招待を承認できません
23ee9ba4fac16b5d,TID_ACHIEVEMENT_RANKED_5_PROGRESS_2,ライトニングリーグ33に到達
f54b5c888aa1e4a5,TID_LEAGUE_TIER_11_RANK_2,ライトニングリーグ32
a4ded8dab8f369ae,TID_HARD_MODE_DESC_LIST,・<cff4b84ff>防衛設備</c>の攻撃力が20％上昇\n・<cffff4ba8>防衛側のヒーロー</c>の与ダメージとヒットポイントが20％増加\n・<cffff4ba8>攻撃側のヒーロー</c>は、与ダメージとヒットポイントが10％減少\n・<cff4ebd59>ノーマル装備</c>は3レベル低下\n・<cff4ebd59>スーパーレア装備</c>は6レベル低下
4eea5a62f8b139f2,TID_REVENGE_ATTACK,リベンジ戦！
2e6ce94c56205bab,TID_RANKED_LEGEND_RULE_TEXT_3,毎週4900トロフィーを下回ると降格します。
7b26143c232883f2,TID_RANKED_AUTO_SIGNUP_TOGGLE,自動参加登録
6131717656180a2f,TID_LEAGUE_SEASON_ENDED_MONTH_3,トーナメントは終了しました：<year>年3月<day>日
d68814cc7937d7ac,TID_LEAGUE_LEADERBOARD_DEMOTION_ZONE_TEXT,降格ゾーン
2d8dd91e8c779d91,TID_BATTLE_MODE_MODIFIER,難易度補正
2574f040933b9181,TID_LEAGUE_WARNING_NO_DEFENSE,防衛レイアウトとクランの城のユニットをレイアウトメニューで設定してください。
a147340b9d42f2b3,TID_STARTERARMY_TH11_GO_WITCH_3,タウンホール11 - ゴレネクロ3
0b5bffdbcf994fef,TID_HINT_PEKKA_TRAP,ばねトラップは、重いヨロイを着こんだP.E.K.K.Aをも跳ね返します。
e67bfedff0e61a62,TID_RANKED_MODE_INFO_OVERVIEW_1,ランクバトルの各リーグには、それぞれ固有のウィークリートーナメントが存在します。
9cf7af9322708377,TID_LEAGUE_INFO_LOOT_BONUS3,リーグに入っていれば対戦で勝利するたびにリーグボーナスが付きます！
08ea3a4865832bea,TID_DEFENSE_POPUP_TITLE,レイアウトと援軍
a9f3d7b221a62c99,TID_LEAGUE_BATTLE_START_TIME,バトル開始まで：<time>
016544aca9218953,TID_TIME_WEEKS,週
e91afc44b6d02176,TID_2023_CLASHMAS_TREE,2023年クラッシュマスツリー
f680fdb71bebcd22,TID_METEOR_GOLEM_INFO,宇宙から助っ人コンビが参戦！メテオゴーレムはどんな敵にも飛び掛かり、近接ダメージを与えます。分裂後のメテオマイトは、近くの敵を攻撃するか、仲間と合体してメテオゴーレムに戻ろうとします。
741c4ff6dd1221d2,TID_LEGEND_MODE_INFO_SHIELD_2,レジェンドシールドの効果は翌日より適用されます。
6ab5eb00148a0596,TID_JOIN_LEAGUE_TITLE_INFO,リーグを駆け上がり戦利品と栄光を手にしましょう！
a2261fbe5d8c48dd,TID_RANKED_MODE_INFO_PREP_4,ランクモードでは通常の村とは別の防衛レイアウトを選択することができます。
507d4a656633efa8,TID_LEGEND_MODE_INFO_DEFENSE_3,レジェンドリーグで攻撃を受けている間もプレイは継続可能です。
9e4be26cb790894a,TID_LEAGUE_TIER_4_RANK_3_SHORT,ウィザード10
913d0415c71c59de,TID_LEAGUE_TIER_3_RANK_3_SHORT,アーチャー7
01165b43c57fdccc,TID_2018_CLASHMAS_TREE,2018年クラッシュマスツリー
d3901e5205d6d891,TID_SHIELD_INFO_ITEM1,自分の村が攻撃されたら、8時間有効なマジックシールドで資源の安全を確保し、次回の襲撃に備えましょう。
c61fb3dfdaa95a9d,TID_NO_SHIELD_TEXT,なし
60fa5b39f185286f,TID_SCENERY_MASHARAMA,Mash-A-Rama
5b7bec809d9aa094,TID_HARD_MODE_MINUS_ONE_DESC_LIST,・<cff4b84ff>防衛設備</c>の攻撃力が20％上昇\n・<cffff4ba8>防衛側のヒーロー</c>の与ダメージとヒットポイントが20％増加\n・<cffff4ba8>攻撃側のヒーロー</c>は、与ダメージとヒットポイントが10％減少
a3e1ef60bbbf4623,TID_STARTERARMY_TH12_GO_WITCH_4,タウンホール12 - ゴレネクロ4
693f0415c71c59dd,TID_LEAGUE_TIER_3_RANK_1_SHORT,アーチャー9
8e18a500487d411c,TID_LEAGUE_LEADERBOARD_PROMOTION_ZONE_TEXT,昇格ゾーン
68a7e082ef7c2929,TID_LEAGUE_TIER_10_RANK_3_SHORT,ドラゴン28
f86f178bb71f8dfa,TID_BATTLE_MODE_INFO_REVENGE_1,資源を奪われた敵に復讐したい場合は、防衛ログで相手を特定してリベンジしに行きましょう！
1b960d6bbca9c8e8,TID_RANKED_MODE_SETUP_DEFENSES_2,クランの城のユニットは無料で追加できます。こちらで編集しましょう！
ec5f61eb0569acd0,TID_SHOP_SHIELD_1D,1 dayマジックシールド
f14678169ecb1224,TID_LEAGUE_TIER_5_RANK_3_SHORT,バルキリー13
1f7dfa3df9041adf,TID_RANKED_LEGEND_RULE_TEXT_4,月間リセット時にレジェンドトロフィー獲得。
6080c176a2a80a2f,TID_LEAGUE_SEASON_ENDED_MONTH_2,トーナメントは終了しました：<year>年2月<day>日
31fae9dc37f51626,TID_LEAGUE_INFO_POPUP_TAB_OVERVIEW,概要
a013424384a645dd,TID_STARTERARMY_TH9_GO_WITCH,タウンホール9 - ゴレネクロ
fc9207106a3d2100,TID_RANKED_MODE_INFO_PREP_3,参加登録が完了したら、防衛レイアウトとクランの城のユニットの準備が可能になります。
7ce2b9b39c0520aa,TID_ADVANCED_MODE_DESC,防衛設備の攻撃力が14％上昇し、防衛側のヒーローの与ダメージとヒットポイントが14％増加します！攻撃側のヒーローは、与ダメージとヒットポイントが6％減少します。
7a6229067a5b00ec,TID_LEAGUE_TIER_9_RANK_3_SHORT,タイタン25
4928a4f7b6a9f512,TID_CLASHARAMA_QUEEN,Clash-A-Rama クイーン
d9911e8b067c1969,TID_SPECIAL_REENG_TUTORIAL_5,その意気です！体からあふれ出るパワーを感じますよ、チーフ！
055ab8f981328f02,TID_RANKED_MODE_INFO_RESULTS_3,トーナメントが終了すると、次のトーナメントへの参加登録が可能になります。
c3ed0fa0278a8b59,TID_RANKED_SIGNUP_PENDING_INFO,トーナメントを準備中...
2fb53a866e011944,TID_LEAGUE_TIER_10_RANK_1,ドラゴンリーグ30
59b927ac86bb3427,TID_RANKED_MODE_INFO_BUTTON_FTUE,情報ボタンをタップして詳細を確認しましょう。
c6608c90b19ce30f,TID_METEOR_GOLEM,メテオゴーレム
459c6a88ddaf7937,TID_LEAGUE_TIER_8_RANK_1_SHORT,P.E.K.K.A 24
ee4a7cd79bb61941,TID_TUTORIAL_TH12_1,タウンホールに兵器が搭載され、攻撃を受けた際に反撃できるようになりました！
b58694dd59e58a20,TID_DEFENSE_RANKED_MODE,防衛レイアウトを設定
ed2b5c888aa1e5b5,TID_LEAGUE_TIER_11_RANK_3,ライトニングリーグ31
41add56733276edb,TID_EVENTARMY_TH12_SEPTEMBER_WITCHES,魔のネクロ
bdda2d3f841d59e3,TID_INFO_RANKED_MODE,ランクモードについて
44d5ea016e6b2eb7,TID_SHIELD_ACTIVE_TEXT,有効
8ad7cd6c430c2190,TID_OBSTACLE_RARE_ORE_STONE,淡光石
91e422cf379a4b8b,TID_STARTERARMY_TH5_PRECISION_DROP,タウンホール5 - 精密ドロップ
d8364da27105f44a,TID_LEAGUE_TIER_3_RANK_3,アーチャーリーグ7
ba0bb4f63f176562,TID_REVENGE_COMPLETED,リベンジ完了
33ad4365a05310d6,TID_LEAGUE_INFO_POPUP_TAB_DEMOTION,降格
3de45ee256b18b82,TID_RANKED_CANNOT_ATTACK_THROUGH_LEGEND_SHIELD,レジェンドシールドが有効化されているため、バトルに参加できません。
2286f959a20217d1,TID_EVENTARMY_TH16_CLASHERAMA_MASS_MINERS,ディガー祭り！
0a9c15a58a9d1f75,TID_BATTLE_MODIFIER_3,レジェンド
79c5f7c528461edd,TID_STARTERARMY_TH16_ELECTRO_DRAGONS,タウンホール16 - ライドラストーム3
6fdf91701af80a2f,TID_LEAGUE_SEASON_ENDED_MONTH_9,トーナメントは終了しました：<year>年9月<day>日
0ed4edde6e12c655,TID_MODE_SELECT_RANKED,ランクバトル
36db0211ed37dd7b,TID_REVENGE_USED,このリベンジは使用済みです。
be4074d61ec431c8,TID_LEAGUE_TIME_UNTIL_NEXT_LL_DAY_TIME,次のリーグ日開始まで：<time>
f3452183830e6842,TID_BATTLE_MODE_MODIFIER_FRIENDLY_CHALLENGE,難易度補正を適用しますか？
7e02da56631ff80e,TID_SPECIAL_REENG_TUTORIAL_6,痛みなくして戦利品は手に入りません！
4546304fd9ec7f45,TID_LEAGUE_TITLE2,リーグは1シーズン＝1カ月で進行します。各シーズンの開幕後、任意のプレイヤーの村を攻撃することで、そのシーズンでの所属リーグとリーグボーナスが表示されます。
e9bde7dd31cb493a,TID_STAR_BONUS_DESCRIPTION_BLACKSMITH,鍛冶屋に鉱石が配達されました。
e1c70a847839b147,TID_GP_POP_SUBTITLE,豪華報酬をアンロック！
4006cd6c47c63abb,TID_OBSTACLE_EPIC_ORE_STONE,輝光石
d4c02b43a04bc3c5,TID_LEGEND_MODE_INFO_DEMOTION_3,レジェンドリーグから降格すると、新しいリーグで次のトーナメントへの参加登録を行うことができるようになります。
d9ef797c1acf9237,TID_DECO_COMMUNITY_EAGLEHEAD,イーグルの像
177d7509de33a685,TID_BABY_DRAGON_ABILITY_NAME,かんしゃく
ef1ef9c9efdfdcc6,TID_2016_CLASHMAS_TREE,2016年クラッシュマスツリー
1a19feb999026a1b,TID_2013_CLASHMAS_TREE,2013年クラッシュマスツリー
8fa7337586762b07,TID_STARTERARMY_TH9_LAVALOON,タウンホール9 - ラヴァルーン
2b8ff5a4e793a7ea,TID_MATCH_VICTORY_BONUS,最大リーグボーナス：
3643f9fd986539dc,TID_CREATORARMY_TH11_MOOSE_MASSDRAGONS,ドラゴンラッシュ
bb1fd0a808dbcc93,TID_RANKED_MODE_INFO_BATTLE_3,バトルでは、成績に応じた数のトロフィーを獲得可能です。また、攻撃で獲得した資源はそのまま自分のものになります！
e069678430957a1d,TID_GEAR_INFO_METEOR_WAND,一番近くの防衛施設めがけて何度も降り注ぐ不思議な隕石を召喚します
f27867178f599bec,TID_LEAGUE_TIER_6,ネクロマンサー
1a6ee20a10ff0ad9,TID_BATTLE_DETAILS_DESTRUCTION_DEFENSE,防衛ごとの平均破壊率
be6e5a91fb36d1c9,TID_EXPERT_MODE_DESC,防衛設備の攻撃力が20％上昇し、防衛側のヒーローの与ダメージとヒットポイントが20％増加します！攻撃側のヒーローは、与ダメージとヒットポイントが10％減少します。
a9d77876eeee1627,TID_READY_COLORED,準備完了！
d3ec0634202e157b,TID_ACTIVE_COLORED,有効
71d910392eb3b116,TID_LEGENDS_DEFENCE_LAYOUT_TEXT,1. 防衛レイアウトを設定
5869bb15ed8cc7bd,TID_BATTLE_LOG_MISSING_ATTACK,一度も攻撃していません。
e4d62ea7a4d57ac9,TID_HOG_WIZARD_ABILITY_HELP,暗黒の炎で周りの敵にダメージを与える
97582847923853b9,TID_LEAGUE_TIER_7_RANK_1,ゴーレムリーグ21
589e20e09e3208f1,TID_LEAGUE_LL_ESTIMATED_SEARCH_TIME,予想待ち時間：
95d81b47923853b9,TID_LEAGUE_TIER_7_RANK_2,ゴーレムリーグ20
3559ea882ae91a5e,TID_WASTELANDS_DECO_COGULATOR,フォーチュンプリンター
0a8d21982b1bcc01,TID_ATTACK_LEAGUEGROUP_OUTSIDE_OF_SEASON_BATTLE_TIME_WINDOW,リーグは現在無効です。
02f373cf998f680e,TID_SPECIAL_REENG_TUTORIAL_2,「サマーラッシュ」が始まります！
c4f1d908ab9c302e,TID_STREAK_EVENT_PERK_LEAGUE_BOOST_INFO,連続クリアボーナスが大きいほど、マルチプレイのリーグボーナスが増加します！
bec3f54ffdddd490,TID_GOLDEN_SHIELD_INFO3,ゴールデンシールドは、自分の村が攻撃された際に入手できます。保管施設の安全を確保するために、ショップから購入することも可能です。
8717d5f0cb51fdc2,TID_LEGENDS_MATCHMAKING_SOON,まもなく
aa2f203134229619,TID_BUTTON_RANKED_SIGNUP,今すぐ参加登録！
acde616f70c639ec,TID_PLACEMENT_SECOND,2位
59f7be25e7c5b3dc,TID_ACHIEVEMENT_RANKED_1_PROGRESS_1,バーバリアンリーグ6に到達
68aa5231d4574c31,TID_STARTERARMY_TH17_MASS_MINERS,タウンホール17 - ディガーラッシュ2
0616f959a201e41e,TID_EVENTARMY_TH15_CLASHERAMA_MASS_MINERS,ディガー祭り！
eeb0bba777573c89,TID_STARTERARMY_TH14_DRAGONS,タウンホール14 - ドラッグ＆ドロップ
4322f55bb40dc909,TID_SHOP_LEGENDS_SHIELD_2D,レジェンドシールド（2日）
db2b5c888aa1e795,TID_LEAGUE_TIER_11_RANK_1,ライトニングリーグ33
10757aa5b5b61c8e,TID_LEAGUE_TIER_6_RANK_3,ネクロマンサーリーグ16
16ff819d601e5fad,TID_FRIEND_LIST_ITEM_NEW,NEW!
2a534a997da618c4,TID_ATT_UC_DISAGREE_TEXT,デバイスのプライバシー設定でトラッキングが拒否されています。\n許可するには、設定を変更してもう一度お試しください。
7521b6a4317ddc51,TID_RANKED_POPUP_TITLE_ACTIVE,トーナメントに参加
dc0f53d76742ede0,TID_LEAGUE_ACTIVE_LAYOUT_SET,使用中のレイアウトを更新しました
0c7cc6d2df1d63f0,TID_SCENERY_COSMICCURSE,
0f16567408b1944c,TID_ACHIEVEMENT_RANKED_TITLE_5,リーグマスター
ad78d417f9f811a8,TID_LEAGUE_INFO_POPUP_TAB_RESULTS,結果
4c24e709f5c77366,TID_BATTLE_MODIFIER_2,マスター
6d1daffc8c526a1e,TID_2014_CLASHMAS_TREE,2014年クラッシュマスツリー
c170b1eb06599fd3,TID_SHOP_SHIELD_2D,2 dayマジックシールド
69d75b77da1fbb01,TID_WASTELANDS_DECO_COGULATOR_INFO,予知した未来を書き出してくれる、偉大なハイテク歯車です！
01c84fd7a09ddfe1,TID_HINT_SHIELD_LOSE,リベンジ戦では失った資源を取り戻すことができます！
38d0fc64b3168a41,TID_STARTERARMY_TH9_FIRE_IN_THE_SKY_2,タウンホール9 - スカイファイア2
6646017570680a2f,TID_LEAGUE_SEASON_ENDED_MONTH_6,トーナメントは終了しました：<year>年6月<day>日
d35c6b75f70ba61b,TID_SPRING_TRAP_ABILITY_NAME,パワープッシュ
cc7005f5ca40e07e,TID_SETTING_HIDE_DECO_IN_BATTLE,戦闘中にデコレーションと障害物を非表示
cda03177eb945000,TID_LEGEND_SHIELD_ACTIVE,レジェンドリーグでの攻撃と防衛への参加が制限されています。発動中のシールドは当日に無効化することはできません。
796a943c5969746f,TID_STARTERARMY_TH8_WHIRLWIND_ENTRY,タウンホール8 - サイクロン
899cc751604c6ab7,TID_METEOR_GOLEM_SMALL_INFO,分裂後はメテオマイトとなり、近くの標的を攻撃するか仲間のメテオマイトを探して合体します。分裂中は、壁を乗り越えることも可能です。
cb6052359bf600a9,TID_GEAR_METEOR_WAND,メテオスタッフ
fb4797f6fc4ed86e,TID_RANKED_AUTO_SIGNUP_INFO,次のトーナメントに自動で参加登録する。
d28bb59fc2af798d,TID_DECO_COSMIC_BOOK_OF_SPELLS_INFO,この不気味な本に書いてある単語をいくつか唱えるだけで、天地を揺るがす災いが訪れます！読書には向いてなさそうです。
71c9e97961839569,TID_CLASHARAMA_KING,Clash-A-Rama キング
0315526a746f5249,TID_RANKED_AUTO_SIGNUP_ON,自動参加登録オン
41add63106476edb,TID_EVENTARMY_TH10_SEPTEMBER_WITCHES,魔のネクロ
b52f93811f156c65,TID_EVENT_NOTIFY,！
b6ea61202fdbf2a3,TID_HINT TOURNAMENT,レジェンドリーグトーナメントは4週間に1度リセットします。
418c6a8ab03f7937,TID_LEAGUE_TIER_8_RANK_2_SHORT,P.E.K.K.A 23
11c4d1bf05b61c8e,TID_LEAGUE_TIER_6_RANK_2,ネクロマンサーリーグ17
f2959ecfde2dd746,TID_BATTLE_MODE_INFO_OVERVIEW_1,回数無制限のバトルで資源を集め、戦術を試し、相手に復讐しましょう！
a9eb1c4fd634b459,TID_GP_POP_MORE_ALT,その他盛りだくさん！
ebffd026379e0cf7,TID_PLACEMENT_ND,<value>位
201428e909c6e301,TID_RANKED_MODE_FTUE_3,ここで腕自慢のチーフたちと競い合いましょう！
e0f49a2d31273975,TID_STARTERARMY_TH6_SKY_SURGE,タウンホール6 - スカイサージ
d0edca5bb40dcbdb,TID_SHOP_LEGENDS_SHIELD_1D,レジェンドシールド（1日）
6850a285acf00e9b,TID_STARTERARMY_TH7_MAGIC_HOGS,タウンホール7 - マジックホグ
f2efe7df8c58efa7,TID_LEAGUE_TIME_UNTIL_NEXT_LL_DAY,次のリーグ日開始まで：
38bc5dc0c319162d,TID_LEAGUE_TIER_10,ドラゴン
65265082ef7f9fc9,TID_LEAGUE_TIER_10_RANK_1_SHORT,ドラゴン30
a1744b4281cccfb8,TID_LEAGUE_TIER_2_RANK_1,バーバリアンリーグ6
d5b10de6f949d16a,TID_SPECIAL_REENG_TUTORIAL_8,そう、筋肉モリモリのマッチョな要塞に村を変身させられるんです！
2f86f36a3e4aa7f3,TID_RANKED_MODE_INFO_RESULTS_1,バトルフェーズが終了すると、結果が公開されます！
7cb7e1e37bde9dc6,TID_CLASHARAMA_CHAMPION,Clash-A-Rama チャンピオン
69b574f639ed5380,TID_MODE_TITLE_MINUS_THREE,ノーマル
39b2c4bc15d6116a,TID_STARTERARMY_TH7_FIRE_IN_THE_SKY,タウンホール7 - スカイファイア
eaf170027ac34bf3,TID_GP_POP_RUNES,ルーン +5
48c0a935e3bfeeab,TID_SPECIAL_REENG_TUTORIAL_4,ですが、何事にも準備運動が必要です。ご自身の防衛網を攻撃してください！
d86647166fcc77e1,TID_LEADERBOARDBANNER_REWARD,トップ3クランへのボーナス（各クランのトップ<number>プレイヤーで等分）：
fd2c779ce6f8291f,TID_OBSTACLE_COSMICTREE,呪いの枯木
25d52e55d3d8def3,TID_LEAGUE_TIER_UNRANKED,ランク外
79450339189508c6,TID_ACHIEVEMENT_RANKED_1_PROGRESS_3,ウィザードリーグ12に到達
ed9d352e427e42a6,TID_TOWN_HALL_INFO,\nタウンホールはあなたの村の心臓部です！アップグレードすることで新しい防衛設備、建物、トラップなどをアンロックできます。\n\n攻撃時に敵のタウンホールを破壊すると、星を1つ獲得できます。村の中心に置いて周りを壁やトラップ、防衛設備で囲み、防衛時に備えて守りを固めておきましょう。
fdb7980d157a67e2,TID_SHOP_MAGIC_SHIELD_1D,シールド（1日）
35fd5de32fcc7b58,TID_RANKED_MODE_FTUE_2,おかげで、私たちの村も<c2c84ad>ランクバトル</c>に参加できるようになったみたいです。
acec7d3f5e8fba6d,TID_SHIELD_INFO_ITEM3,マジックシールドはランクバトルやレジェンドリーグのバトルには適用されません。通常の攻撃に対してのみ発動します。
2109d4b5ad03b77a,TID_GP_POP_PERKS,クラン特典
d92d2ab9c556b4c2,TID_STARTERARMY_TH17_ROOT_RIDERS,タウンホール17 - ロイヤルルート
e82c608627a51762,TID_LEAGUE_TIER_2,バーバリアン
44a0bd759d9905da,TID_REMOVE,削除
5a0fd88762068f6d,TID_LAVALOON_ABILITY_HELP,爆弾が爆発すると、ラヴァルーンパピィが召喚される
386625e89e1eb180,TID_BATTLE_DETAILS_DESTRUCTION_ATTACK,攻撃ごとの平均破壊率
267832782cf6d23d,TID_BATTLE_MODE_INFO_SHIELD_3,攻撃をしてもマジックシールドの効果時間に影響はないため、ガンガン村を襲撃しましょう！
8d59e39a7f4b4a34,TID_SHOP_MAGIC_SHIELD_1D_INFO,丸1日資源の安全を確保！1 dayマジックシールドは敵の攻撃から資源を24時間守ってくれます。複数購入すると、その分効果が延長されます。
75b644124c7df805,TID_ARMY_NAME,部隊の名前
403c6a8b6b4f7937,TID_LEAGUE_TIER_8_RANK_3_SHORT,P.E.K.K.A 22
5d4bebbae665b622,TID_CANNON_ABILITY_HELP,台車を破壊された後も、ヒットポイントが残り<num>の状態で砲撃を続ける
a1f5ef13c34320eb,TID_COSMICCURSE_CHAMPION,
4017f05974b907a0,TID_2019_CLASHMAS_TREE,2019年クラッシュマスツリー
685c20cbf52d31ea,TID_LEAGUE_SEASON_ENDED_MONTH_10,トーナメントは終了しました：<year>年10月<day>日
0e9be61e174bffe8,TID_WITCH_GOLEM_ABILITY_HELP,数秒おきにスケルトン部隊を召喚し、倒されるとビッグボーイが現れる
84dd651b6c2e8bbb,TID_LEAGUE_TIER_3,アーチャー
3f38bf28fb8ac287,TID_STARTERARMY_TH12_LAVALOON_2,タウンホール12 - ラヴァルーン2
d3a9ca60f7993b8b,TID_TRAP_DAMAGE_TO_PETS,ペットへのダメージ：<number>
c30b0a1ed72eec2e,TID_LEAGUE_TIER_8_RANK_1,P.E.K.K.Aリーグ24
f44669169ecb1224,TID_LEAGUE_TIER_5_RANK_2_SHORT,バルキリー14
1bede2fcfd9236c6,TID_SPECIAL_REENG_TUTORIAL_10,ぜひご挨拶をお願いします！
41add4cc29976edb,TID_EVENTARMY_TH13_SEPTEMBER_WITCHES,魔のネクロ
a40159515d611c55,TID_LEADERBOARD_TOP_PERCENTAGE_TITLE,トップ
9301dee064af7b72,TID_DECO_EDRAGSKULL_INFO,触らないように！静電気で感電するかもしれません！このショッキングなほどイカしたデコレーションで、あなたの胸を熱くしましょう！
fcada151bc680324,TID_BUILDING_GEN_DEFENCE_TROOP_CAGE,蒼炎の焔台
82dd625eeab5f08d,TID_RANKED_LEGEND_RULE_TEXT_1,世界最高のプレイヤーと対戦！
873401ef3b260726,TID_LOG_CASUAL_MODE,カジュアルモードの戦闘ログ
5a314498a275808f,TID_STARTERARMY_TH17_FIREBALL,タウンホール17 - ファイボアサルト
44cbacf3fe55230d,TID_CYBERPUNK_KING,
9e1b836f6f5442dc,TID_TRAP_EJECTOR_BB_INFO,招かれざるお客さんを、景気よく明後日の方向に弾き飛ばしてくれます！小型ユニットは戦場外へ、収容スペースの大きいユニットにはノックバックとダメージを与えます。
85eb77c899ee1db5,TID_STARTERARMY_TH4_BALLOONED_BARCH,タウンホール4 - バルーンババアチャ
812342c57d77bfd8,TID_PLACEMENT_ND_SHORT,<value>位
159649b39deb10b4,TID_CHALLENGE_TITLE_HARD_MODE,eスポーツ
f0241bc9820d265a,TID_HINT LEAGUE_SHUFFLING,ランクモードトーナメントは1週間、レジェンドリーグトーナメントは1カ月で終了します。
65544ff55f353f1f,TID_CHARACTER_DEBRIS,
f2c77c047569f4ca,TID_MY_TOWN_HALL,自分のタウンホール
6b19aa71d55d97ae,TID_2021_CLASHMAS_TREE,2021年クラッシュマスツリー
cac410e8ead3f95d,TID_BUTTON_STATS,ステータス
3b87b62c63da34b1,TID_STARTERARMY_TH13_DRAGONFIRE,タウンホール13 - ドラゴンファイア
4da4466c7d0c522f,TID_MODE_TITLE_MINUS_ONE,エキスパート
9bca8c6abadfe765,TID_BUILDING_GEN_SPELL_CAGE,呪文の大釜
758b7b59a08415ed,TID_RANKED_ATTACKS_COMPLETED,攻撃が完了！
5ec7c29dc4897f61,TID_SHOP_CATEGORY_CHESTS,宝箱
67cb43e169772da7,TID_CANT_SIGNUP,現在参加登録は受け付けていません
9860f8f6ef7425b6,TID_PROFILE_LEGACY_RECORD,これまでの最高記録
bab470bb509be990,TID_STARTERARMY_TH13_HOGMINER,タウンホール13 - アップアンドダウン3
cf902293be377b1f,TID_SETTINGS_BUTTON_MANAGE_CONSENT,管理
20b4b9866e011944,TID_LEAGUE_TIER_10_RANK_2,ドラゴンリーグ29
4d71f9b5c05070d4,TID_COSMICCURSE_MINION_PRINCE,
2754f437beb0a584,TID_ACHIEVEMENT_RANKED_TITLE_2,リーグ愛好家
27d9d472f2350cec,TID_LEGEND_MODE_INFO_DEMOTION_2,週の終了前に4900トロフィーを下回っても即座に降格しません。再度トロフィーを集めましょう！
6d3b9c9389da097f,TID_HARD_MODE_MINUS_ONE_DESC,防衛設備の攻撃力が14％上昇し、防衛側のヒーローの与ダメージとヒットポイントが14％増加します。攻撃側のヒーローは、与ダメージとヒットポイントが6％減少します。装備にもレベル上限が適用され、ノーマル装備はレベル16、スーパーレア装備はレベル23が最大値となります。
ef652ec201b71de3,TID_PLACEMENT_THIRD,3位
78b10ed79f886d2b,TID_LEAGUE_HISTORY_EMPTY,リーグトーナメントを完了すると、ここで過去の成績を参照できます。
aa8a681ca97dfba3,TID_RANKED_RULE_TEXT_2,最大<group>人のグループで対戦
a87473e32867c6d4,TID_LEAGUE_INFO_POPUP_TAB_BATTLE,バトル
2bab0e06c9c0fe33,TID_ATTACK_LEAGUEGROUP_FAIL_GENERIC,ランクモードの村は攻撃できません！
9c5fae27b916786d,TID_REVENGE_LOOT_MULTIPLIER,戦利品<number>倍！
0e51856e552a8665,TID_MODE_SELECT_CASUAL,バトル
7b11650b718e5429,TID_LEAGUE_TIER_9_RANK_1,タイタンリーグ27
a88eb929aacfd7ca,TID_STARTERARMY_TH14_LAVALOON_3,タウンホール14 - ラヴァルーン3
de8246c30ab04f0e,TID_STAR_DEFENDERS,スターディフェンダー
28c21e7b1e7d4b69,TID_RANKED_MODE_SETUP_DEFENSES_1,戦いはもう目と鼻の先まで来ています。今すぐ<c2c84ad>防衛の準備を整えましょう</c>。
eec39582c2a6d525,TID_LEAGUE_TIME_LEFT_CURRENT_LL_DAY_TIME,リーグ日終了まで：<time>
f67a21a9b9b8cdf3,TID_CLASHARAMA_2_QUEEN,P.E.Q.Q.A
3bd45ddb15d7c027,TID_CHARACTER_ARTIFICER_INFO,
6f45ef134af490ef,TID_BATTLE_MODIFIER_1,エキスパート
8443a7c790c706a4,TID_LEGEND_MODE_INFO_SHIELD_3,リーグ日の進行中に即日有効化／無効化の切り替えを行うことはできません。
6917e082ef7df259,TID_LEAGUE_TIER_10_RANK_2_SHORT,ドラゴン29
ae1f52d35e1907aa,TID_2017_CLASHMAS_TREE,2017年クラッシュマスツリー
a46192ba9b786a53,TID_LEAGUE_LEADERBOARD_ATTACKS_COUNT,攻撃：<count>/<total>
17ef323de67788c7,TID_CREATORARMY_TH16__MOOSE_ROOTTITANS,ルートタイタン
ba293af855e67cc4,TID_RANKED_MODE_INFO_BATTLE_2,同じグループ内のプレイヤーから攻撃を受けることもあるため、防衛の準備をしておきましょう。
303fc9257efefb29,TID_GP_POP_OFFER2,全コストとタイマーが20％削減！
90639d87a63254ad,TID_NEXT_LEAGUE_DAY,次のリーグ日
478cf1d2b6d6ff45,TID_HARD_MODE_DESC,防衛設備の攻撃力が20％上昇し、防衛側のヒーローの与ダメージとヒットポイントが20％増加します！攻撃側のヒーローは、与ダメージとヒットポイントが10％減少します。ヒーローの装備にもレベル制限が適用され、ノーマル装備は3レベル、スーパーレア装備は6レベル低下します。
4df389e42a9dc1e8,TID_RANKED_RULES_TITLE,仕組み
5b1855a328c4b177,TID_2012_CLASHMAS_TREE,2012年クラッシュマスツリー
99bdcb6c388066cb,TID_TRAP_EJECTOR_INFO,招かれざる客を、景気よく明後日の方向に弾き飛ばしてくれます！
84102746d1a67111,TID_CHARACTER_ARTIFICER,
f5e6ae86d14d11fc,TID_LEAGUE_RANKINGS_RESULTS_BUTTON,結果
ccd4bc6f3d16844f,TID_CHARACTER_DEBRIS_INFO,
31fedf38a109002e,TID_BATTLE_LOG_IN_PROGRESS,防衛中...
96a924cded24e282,TID_GOLDEN_SHIELD_TITLE,ゴールデンシールド
27e44d72d4f3e43a,TID_SCENERY_CYBERCLASH,
ee21ef071c1f9015,TID_GP_POP_FORGE,自動造幣スロット
18562c90d5b61c8e,TID_LEAGUE_TIER_6_RANK_1,ネクロマンサーリーグ18
7f6ef4ee2127d946,TID_NEXT_LEAGUE_DAY_TIMER,開始まで：<time>
0d27bff7626550ca,TID_PLACEMENT_UNPLACED,順位なし
64aecb029df64308,TID_LEGEND_MODE_INFO_TITLE,レジェンドリーグについて
21f231119c8e190e,TID_LEAGUE_OVERVIEW_SIGN_UP_INSTRUCTION,ランクバトルに出場登録し、リーグを駆け上がりましょう！ただし成績次第では降格してしまいます。リーグが上がるほど報酬が豪華になります！
2014a8866e011944,TID_LEAGUE_TIER_10_RANK_3,ドラゴンリーグ28
e8d5c3b8e2177cd8,TID_LEGENDS_SHIELD_2D_INFO,レジェンドリーグでの攻撃と防衛を2日間スキップしましょう！バトルから離れて一息つきたい時にぴったりです！
75ed5b2eb5445ebc,TID_LEAGUE_TIER_5_RANK_1,バルキリーリーグ15
051ca6c7d06ec492,TID_LEGEND_MODE_INFO_OVERVIEW_2,各プレイヤーは、1日の間に決まった数の攻撃と防衛を行います。
38d4424ffdefb9ba,TID_ACHIEVEMENT_RANKED_5_PROGRESS_3,レジェンドリーグに到達
685d917ab19c81ea,TID_LEAGUE_SEASON_ENDED_MONTH_11,トーナメントは終了しました：<year>年11月<day>日
445466ee4ce4acbf,TID_BUILDING_GEN_TROOP_CAGE,ユニットケージ
3ef6f959a2034694,TID_EVENTARMY_TH17_CLASHERAMA_MASS_MINERS,ディガー祭り！
a7f1c5a76d5185ba,TID_HINT LEAGUE_PLACEMENT,タウンホールレベル7でランクバトルをアンロックし、栄光への道を突き進みましょう！
eb90dc97aa94f83c,TID_NEXT_DAY_SHIELD_INACTIVE,レジェンドシールドを購入して、期間中の攻撃と防衛をスキップしましょう。
704d5b2c95665ebc,TID_LEAGUE_TIER_5_RANK_3,バルキリーリーグ13
d1a64cb26005f44a,TID_LEAGUE_TIER_3_RANK_2,アーチャーリーグ8
78c1b7a4c05f9652,TID_NEXT_LEAGUE_START_TIME,次回のトーナメント開始まで：<league_start_time>
a7ff32be4b40d6c7,TID_LEAGUE_PLACEMENT_UNCHANGED,リーグ残留が決定しました！
e65e9af99f35ddc8,TID_RANKED_MODE_INFO_BATTLE_1,バトルが開始したら、一定回数の攻撃を行ってください。
bd83272adef52d17,TID_ACHIEVEMENT_RANKED_2_PROGRESS_2,ネクロマンサーリーグ18に到達
e22a63b089176f52,TID_SCENERY_CLASHARAMA2025,
9716f1932e2a1b0f,TID_TUTORIAL_TH12_2,タウンホールの防衛を強化して兵器の攻撃力を最大限に発揮しましょう！
63df8378854da8bf,TID_RANKED_SIGNUP_JOIN_ONGOING,トーナメントに参加する
07c7cf3f09379960,TID_COSMICCURSE_WARDEN,
6ba6f959a205f04f,TID_EVENTARMY_TH10_CLASHERAMA_MASS_MINERS,ディガー祭り！
ca66e1817ae4d861,TID_CLASHARAMA_2_CHAMPION,イエティ チャンピオン
3111bbada2c2c0f9,TID_ATTACK_LEAGUEGROUP_NO_LEAGUEGROUP_ALLOCATED,まだリーググループに配属されていません。
9969b6dc6655e874,TID_LEAGUE_TIER_6_RANK_3_SHORT,ネクロマンサー16
9039fd0ce6a033d9,TID_ACHIEVEMENT_RANKED_TITLE_1,リーグサポーター
d26790140df3a472,TID_LEAGUE_LEADERBOARD_TOURNAMENT_END,トーナメント終了まで：<time>
7cec8c4f84ccb662,TID_MAGIC_SHIELD_FTUE,マジックシールドを使用すると、通常のバトルで敵の攻撃から資源を守ることができます。
8ef5fd672199b35b,TID_LEAGUE_TIER_1,スケルトン
fa323962ae550a87,TID_BATTLE_MODE_INFO_REVENGE_2,リベンジ戦はマジックシールドでも防ぐことはできません。
bfb09184e28c84d0,TID_LEGEND_MODE_INFO_DEFENSE_2,防衛レイアウトは変更するまで有効化されます。
6bf85e67a236ec21,TID_LEAGUE_TIER_11_RANK_2_SHORT,ライトニング32
2f05fbe64f0c7a64,TID_ACHIEVEMENT_RANKED_2_PROGRESS_3,ゴーレムリーグ21に到達
ebffd0262cf20cf7,TID_PLACEMENT_RD,<value>位
16dd0044fd1a6263,TID_LEGEND_MODE_INFO_OVERVIEW_1,レジェンドリーグはトッププレイヤーたちが腕を競い合う場所です！
ba46d5ecb819eec2,TID_CLASHARAMA_2_KING,触手 キング
636b75df93a3e42c,TID_LEAGUE_TIER_7_RANK_2_SHORT,ゴーレム20
a3a44b4281cfff8b,TID_LEAGUE_TIER_2_RANK_2,バーバリアンリーグ5
812356c43d77bfd8,TID_PLACEMENT_RD_SHORT,<value>位
7514ce176255f3fa,TID_LEAGUE_TIER_5,バルキリー
b6ea01069693f865,TID_DECO_COSMIC_TELESCOPE,メテオテレスコープ
745d5b2d85775ebc,TID_LEAGUE_TIER_5_RANK_2,バルキリーリーグ14
dda52c083a449aab,TID_CLAN_MINIMUM_BUILDER_BASE_TROPHYS,必要な大工の拠点トロフィー数
cd12e9af0536da91,TID_STARTERARMY_TH8_FLY_HIGH,タウンホール8 - フライハイ
f4c7323eb6cc0f26,TID_RANKED_LOG_CURRENT_LISTING,現在のランクバトルの順位
9b80c5fb5311911d,TID_STARTERARMY_TH5_LOOT_SMASH,タウンホール5 - 戦利品スマッシュ
3008ee4bf79587d2,TID_RANKED_RULE_TEXT_1,トーナメントは<duration>に一度開催
1955100955de32b8,TID_CLAN_WAR_LEAGUE_SIGNUP_EXPIRY,リーグ参加登録終了まで：<time>
f1cc2d74ceb32e23,TID_JOIN_LEAGUE_INFO_TEXT,バトルでトロフィーを集め、リーグを駆け上がりましょう！リーグが上がると星ボーナス報酬が豪華になり、リーグボーナスを獲得できます。
fb99451aee04301f,TID_LEAGUE_BONUS,リーグボーナス
50a883a7a62b6395,TID_WASTELANDS_QUEEN,
fc18b84864fd26c5,TID_CYBERPUNK_MINION_PRINCE,
a7f50db698107cf1,TID_TRAP_DAMAGE_TO_SIEGE_MACHINES,突破兵器へのダメージ：<number>
ee388a836f13b586,TID_REVENGE_TIMER,あと<time>
45bb506125c728bf,TID_STARTERARMY_TH16_ROOT_RAIDERS_2,タウンホール16 - ルートレイダー2
81c89ef2edd571c4,TID_BATTLE_MODE_INFO_OVERVIEW_2,「次を探す」ボタンでぴったりの相手を探しましょう。資源をたくさん蓄えた村とマッチするかもしれません。
f0c670fc542ea7cb,TID_STAR_BONUS_BONUS_TEXT,現在所属しているリーグでの星ボーナス：
0d28c8c432e3b3e4,TID_LEAGUE_HISTORY_STARS_COUNT,獲得した星：<total>
ddc55f40006c6a06,TID_BATTLE_LOG_MISSING_DEFENSE,一度も防衛していません。
41add09d6c876edb,TID_EVENTARMY_TH14_SEPTEMBER_WITCHES,魔のネクロ
23f49a6dbb51ecc6,TID_LEAGUE_TIER_1_RANK_3_SHORT,スケルトン1
41add26043576edb,TID_EVENTARMY_TH17_SEPTEMBER_WITCHES,魔のネクロ
5ffce5077c25a5cb,TID_LEAGUE_TIER_2_RANK_1_SHORT,バーバリアン6
5ee000c4c8799a66,TID_LEAGUE_TIER_8,P.E.K.K.A
7b19737ffcb30284,TID_LEAGUE_INFO_UNRANKED_WARNING,次回のトーナメントに参加しない場合、「順位なし」になります！
c6ab0a1ed72d5ace,TID_LEAGUE_TIER_8_RANK_3,P.E.K.K.Aリーグ22
2f16ec2e90711a69,TID_BATTLE_MODE_INFO_REVENGE_3,相手の村は必ず自分が奪われた量以上の資源を保有しています。
e74c07743e00d8da,TID_LEAGUE_SIGNUP_TIME,参加登録終了まで：
2f6f4432b1e8336d,TID_GP_POP_BP,ボーナスポイント
343a517e9d3ab077,TID_METEOR_GOLEM_SMALL,メテオマイト
b020e1a4fac16b5f,TID_ACHIEVEMENT_RANKED_5_PROGRESS_1,ライトニングリーグ32に到達
684f45a77befb384,TID_LEAGUE_INFO_POPUP_TAB_REVENGE,リベンジ
723fef271bd30f68,TID_RANKED_POPUP_AUTO_SIGNUP_TOGGLE,次回も参加する
9416fac95a151a8c,TID_OBSTACLE_COMMON_ORE_STONE,微光石
52d901360a794b2f,TID_RANKED_MODE_INFO_OVERVIEW_2,バトルに勝利してランキングを駆け上がり、栄冠を勝ち取りましょう！
9370a5ba8743e90d,TID_RANKED_MODE_INFO_OVERVIEW_3,トーナメントは、「参加登録」、「バトル」、「結果」の3つのフェーズに分かれています。
5c02642e13bec96f,TID_PLACEMENT_THIRD_SHORT,3位
7191c2eb02a259d1,TID_CLASHARAMA_WARDEN,Clash-A-Rama ウォーデン
7cf8ff1d039db012,TID_GHOST_DEFENSE_INFO,この防衛戦はトーナメント後半に実施されます。もし後で行われなかった場合は、代わりにこれまでの防衛戦の平均結果が反映されます。
9e423d6ea832e5e7,TID_SPECIAL_REENG_TUTORIAL_9,みんながチーフを待っていますよ！
8f79df0292f3b442,TID_GEAR_RESOURCE_EPIC_INFO,装備のアップグレードに使用できます。クラン対戦、特別イベント、またはリーグ8以上の星ボーナスで入手可能です。
78b229067a5adb9c,TID_LEAGUE_TIER_9_RANK_2_SHORT,タイタン26
140f02851363b7e5,TID_HINT_SHIELD,しばらくクラッシュ・オブ・クランをプレイしない場合、マジックシールドを購入して資源を襲撃から守りましょう！
4eac7589508c1f00,TID_ALLIANCE_JOIN_ERROR_AVATAR_IS_LEADER,クランリーダーは別のクランに参加できないため、クランの招待がキャンセルされました
d36b8a1d3520ebb1,TID_SETTING_HIDE_DECO_IN_BATTLE_INFO,デコレーションと障害物の非表示は村の戦闘限定です
685f43a97c4e51ea,TID_LEAGUE_SEASON_ENDED_MONTH_12,トーナメントは終了しました：<year>年12月<day>日
dd5398bafd0a2049,TID_STARTERARMY_TH6_TANK_AND_TORCH,タウンホール6 - タンクフレイム
1470478cfaf039ee,TID_BATTLE_MODIFIER_4,eスポーツ
df1f061b1246fa1f,TID_2025_CLASHMAS_TREE,2025年クラッシュマスツリー
bef8eed3571577f0,TID_RANKED_MODE_INFO_BATTLE_4,ランキングの順位は獲得トロフィー数に応じて変動します。
e62b7caf7d7deab9,TID_LEAGUE_SIGNUP_MODIFIER_INFO,<league_name>の難易度補正
fe87ab0d157a6532,TID_SHOP_MAGIC_SHIELD_2D,シールド（2日）
372b6b086d8155e2,TID_COSMICCURSE_DECO_LANTERN_INFO,エターナルウォーデンは、このコスモランタンを使って宇宙の彼方にある新たな文明を探し出し… 呪いをかけます！
91211df0e781e95d,TID_INFO_LEADERBOARD_BATTLE_DETAILS,バトルの詳細：<name>
65348082720fa6f4,TID_ACHIEVEMENT_RANKED_4_PROGRESS_1,ドラゴンリーグ29に到達
62db75df93a189bc,TID_LEAGUE_TIER_7_RANK_1_SHORT,ゴーレム21
5381ca1616827b8e,TID_BUTTON_LEAGUE_RANKING,リーグランキング
d0164f825305f44a,TID_LEAGUE_TIER_3_RANK_1,アーチャーリーグ9
7420ed1778c02cf7,TID_PLACEMENT_UNPLACED_SHORT,順位なし
6f59a5df93a23f5c,TID_LEAGUE_TIER_7_RANK_3_SHORT,ゴーレム19
c71b0a1ed72c81be,TID_LEAGUE_TIER_8_RANK_2,P.E.K.K.Aリーグ23
9e1ead01a3802173,TID_2024_CLASHMAS_TREE,2024年クラッシュマスツリー
8f30c67c699d1fd5,TID_ACHIEVEMENT_RANKED_3_PROGRESS_2,タイタンリーグ27に到達
788d041129feb74d,TID_DECO_COSMIC_BOOMBOX,ブームボックス
3cb5cea36a24811f,TID_LEAGUE_LEADERBOARD_EMPTY,リーグトーナメントで対戦し、ここで自分の順位を確認しましょう！
9407ebf4e9115e5d,TID_SPECIAL_REENG_TUTORIAL_3,この資源ブーストブートキャンプを利用しない手はありません。戦いに備えて村を鍛え上げましょう！
ae0e96f14f9b7321,TID_RANKED_PENDING_LEAGUE_RESULT,現在のトーナメント結果を集計中
57236713aa854a64,TID_LEAGUE_RESULTS_TITLE,トーナメントの結果
80c5b682e645deb1,TID_BATTLE_MODE_INFO_SHIELD_2,自分の村が攻撃されると、8時間有効なマジックシールドを入手できます。
47df97b6da080af4,TID_RANKED_TOURNAMENT_END_TITLE,トーナメントは終了しました
6475aaac714ebdcc,TID_RANKED_POPUP_TITLE_UPCOMING,次のトーナメントに参加しますか？
42bd58360ad9c5a7,TID_ACHIEVEMENT_RANKED_TITLE_4,リーグ狂
27c895fc696bd6b0,TID_SEASONAL_DEFENCE_INFO_ITEM_2,戦略に合わせて<cffcc33>アップグレードするステータスを選択</c>しましょう！アップグレード中も防衛機能は維持されます！
fde2643922e67f3c,TID_PLACEMENT_FIRST_SHORT,1位
e5e4ca9055c17c30,TID_BATTLE_MODIFIER_BUTTON_TEXT,難易度補正：<name>
47dd4341d487a887,TID_GOLDEN_SHIELD_INFO2,ゴールデンシールドの効果が発動している間も、通常通り攻撃することができます。
fe422aef4365015e,TID_LEAGUE_OVERVIEW_BATTLES_PER_SEASON_LEGENDS,<amount>バトル／1日
40d5b6341d6bf815,TID_BATTLE_MODE_INFO_SHIELD_1,マジックシールドを使用して敵の攻撃から資源を守りましょう。
98fada47923853b9,TID_LEAGUE_TIER_7_RANK_3,ゴーレムリーグ19
5c9ce7275e25a5cb,TID_LEAGUE_TIER_2_RANK_3_SHORT,バーバリアン4
717a4aae301d1620,TID_LEAGUE_TIER_4_RANK_2,ウィザードリーグ11
5eb5974cf93aa2aa,TID_LEAGUE_TIER_4,ウィザード
be60614fccc84678,TID_SPECIAL_REENG_TUTORIAL_1,ウガーっ！村がたるんでいますね、チーフ！
920468a8d454aa73,TID_SPRING_TRAP_ABILITY_HELP,吹き飛ばせない大型ユニットをノックバックしてダメージを与える（ヒーロー、ペット、突破兵器に対してはダメージ半減）
335ecfd35711b56b,TID_MODE_TITLE_MINUS_TWO,アドバンス
ffe24c886dea4008,TID_STARTERARMY_TH10_BOWLER_SMASH,タウンホール10 - ボウラースマッシュ
16f87609b0176be3,TID_STARTERARMY_TH8_PEKKA_SMASH,タウンホール8 - P.E.K.K.Aスマッシュ
a8e46eca3b841313,TID_RANKED_POPUP_TITLE_SIGNED_UP,まもなくトーナメントが開始します！
89f7c7933dfc0252,TID_BATTLE_MODE_INFO_TITLE,バトル情報
936417a0c620eccd,TID_RANKED_MODE,ランクバトル
81b1fbec5cb97040,TID_LEGENDS_SHIELD_1D_INFO,レジェンドリーグでの攻撃と防衛を1日スキップしましょう！バトルから離れて一息つきたい時にぴったりです！
a7f46845c47c5a2b,TID_CLAN_JOIN_FAIL_NO_LEAGUE_TIER,リーグ条件を満たしていないため、このクランには参加できません。
3a30bcc839aae2a7,TID_LEAGUE_HISTORY_PLACEMENT,順位：<num>位
3e10c957c4f4f9ee,TID_LEAGUE_INFO_LOOT_BONUS,タイタンIリーグでの最大リーグボーナス：
5d2ce6374f25a5cb,TID_LEAGUE_TIER_2_RANK_2_SHORT,バーバリアン5
f1e0c8e67e839503,TID_WASTELANDS_KING,
838b37f6d60aec73,TID_LEAGUE_TIME_LEFT_CURRENT_LL_DAY,リーグ日終了まで：
f6c65a169ecb1224,TID_LEAGUE_TIER_5_RANK_1_SHORT,バルキリー15
78f398dd756f97ef,TID_LEAGUE_OVERVIEW_BATTLES_PER_SEASON,<amount> バトル / トーナメント
0b83dbd5f954dea9,TID_CLAN_MINIMUM_BUILDER_BASE_LEAGUE,大工の拠点リーグ条件：
27010141b0b17390,TID_SHOP_GIFTS_ALLIANCE_GIFTS,#名前?
1dfb7d15d61abfa9,TID_DECO_COMMUNITY_EAGLEHEAD_INFO,かつて強力な砲撃で私たちの心をワシづかみにした、あの名高い防衛設備を称えましょう！毛は生えてませんが、ハゲタカじゃありませんよ！
d0bf20c5ace7f613,TID_LEGENDS_DEFENCE_CC_TEXT,2. 防衛用の援軍を設定
b20eb67461eb36be,TID_GP_POP_OFFER1,限定ヒーロースキン！
81942d50cbc34e00,TID_SHIELD_INFO_ITEM2,攻撃をしても効果時間に影響はないため、ガンガン村を襲撃しましょう！
8269b6dc6655e964,TID_LEAGUE_TIER_6_RANK_2_SHORT,ネクロマンサー17
896e4c5180debc22,TID_TH_EVENT_METEOR_DISABLED_BUILDING,メテオ
a064d081d32c9a67,TID_BUILDING_GEN_DIRECT_HERO_CONTROL_MAIN_BUILDING,パチパチ花火
0c3798a8823775ae,TID_BABY_DRAGON_ABILITY_HELP,他の飛行ユニットから離れると、ダメージが<num>％増加する
16d4ba76469ae60a,TID_ACHIEVEMENT_RANKED_TITLE_3,リーグ信者
dbb2f14cc7f06fc2,TID_GP_POP_MORE,他にも盛りだくさん！
fb8bc70319ef3f46,TID_RANKED_LEGEND_SHIELD_EXPIRES_IN,残り効果時間：
e3bce78e5c7d58dd,TID_RANKED_MODE_FTUE_5,さっそく最初のトーナメントの参加登録をしてみましょう。
6ee3bdc8ebf00a0b,TID_RANKED_MODE_INFO_OVERVIEW_4,詳細はビデオガイドで確認してください。
b1a2aa8a8524645a,TID_BATTLE_DETAILS_AVERAGE_STARS,攻撃ごとの平均星獲得数
0c6e1dcc31c84997,TID_HINT_END_BATTLE,最強の部隊を編成し、ランクバトルで3つ星勝利をあげましょう！
f3f6754c5fcfd24b,TID_LEAGUE_TIER_1_RANK_1,スケルトンリーグ3
7e57e59e789b66fd,TID_LEAGUE_LL_ESTIMATED_SEARCH_TIME_TIME,予想待ち時間：<time>
3e2a475f556101ef,TID_SHIELD_INFO_SHORT,通常のバトルで攻撃から資源を守ってくれます。
583da8c3b3abb523,TID_CYBERPUNK_QUEEN,
468c1aa65d608c53,TID_NEW_TAG,NEW!
bbebd64e7aa6d4ae,TID_POPUP_BREAK_SHIELD_TEXT,本当にシールドを無効化しますか？
f414e3737a26b9aa,TID_SCENERY_CLASHAVERSARY2025,
660152f96cbe6e15,TID_CYBERPUNK_WARDEN,
81359a6dbb51ecc7,TID_LEAGUE_TIER_1_RANK_2_SHORT,スケルトン2
49bfe03e89c4d7c5,TID_SEASONAL_DEFENCE_ERROR_ARCHETYPE_UPGRADING,防衛設備はすでにステータスをアップグレードしています。
1f5cf144b8558c95,TID_WASTELANDS_MINION_PRINCE,
860a1641ae81a10c,TID_LEAGUE_INFO_POPUP_TAB_PREPARATION,参加登録
397791df23771ad4,TID_PLACEMENT_SECOND_SHORT,2位
e0b8ffe8605e7d33,TID_COOLDOWN_RANKED_MODE,攻撃はクールダウン中です
41add3cb59e76edb,TID_EVENTARMY_TH16_SEPTEMBER_WITCHES,魔のネクロ
600cad1ce942fb6d,TID_LEGEND_SHIELD_FTUE,レジェンドリーグでレジェンドシールドを活用して、一息つきましょう！次のリーグまでトロフィーを守ってくれます。
182a0adece0cd6b7,TID_LEGEND_SHIELD_INACTIVE,レジェンドリーグで敵へ攻撃可能、または敵から攻撃を受けます。
70f00cb27c7cb642,TID_RANKED_ATTACK_BUTTON_LEGEND_SHIELD_ACTIVE,レジェンドシールドが有効化されています！
373337261ae19b78,TID_SPECIAL_REENG_TUTORIAL_7,次はイメトレです！サマーラッシュの資源ブーストとタイマー短縮を活用すれば、どうなると思いますか？
6494d1746db80a2f,TID_LEAGUE_SEASON_ENDED_MONTH_5,トーナメントは終了しました：<year>年5月<day>日
1f855382f56830f3,TID_INFO_CASUAL_MODE,カジュアルモードについて
92c29afeba651321,TID_RANKED_LEGEND_RULE_TEXT_2,毎日の攻撃＆防衛でトロフィーを獲得しましょう。
3107c0d9f3f238b8,TID_CLASHARAMA_2_MINION_PRINCE,ラヴァ プリンス
69285e66b227ec21,TID_LEAGUE_TIER_11_RANK_3_SHORT,ライトニング31
0953645b0e3bed14,TID_LEAGUE_TIER_11,ライトニング
b6b3e952b4aa3229,TID_RANKED_MODE_INFO_RESULTS_2,成績の良いプレイヤーは上位リーグに昇格し、悪いプレイヤーは下位リーグに降格します。それ以外のプレイヤーは現在のリーグに残留します。
30c867d49d9dafe3,TID_REGION_ASIA,アジア
07ad8827bc2fc484,TID_EVENT_DECO_FLEX_AXE,グレートバトルアックス
a3754c0619307511,TID_REGION_NICARAGUA,ニカラグア
5300be82634d0712,TID_SCENERY_WASTELANDS,世紀末
60d47820b816360e,TID_BUILDING_SUN_BEAM,ライトビーム
655d5407aa2623f8,TID_REGION_VIETNAM,ベトナム
9c376fcc85a68c71,TID_REGION_SIERRA_LEONE,シエラレオネ
857fc97a090027c4,TID_REGION_CAMBODIA,カンボジア
2691d0df844996da,TID_DECO_LNY_HORSESHOE_INFO,美しい仕上がりの黄金の蹄鉄です。村に幸運をもたらします。
3ea0473f5b3939a2,TID_REGION_MOLDOVA,モルドバ
32396ca6e7e9210b,TID_REGION_GEORGIA,グルジア
59e2a4aa5c75a493,TID_REGION_KAZAKHSTAN,カザフスタン
1bf9ba5f73777b1c,TID_REGION_SURINAME,スリナム
7b944bf11972e4de,TID_REGION_PAPUA_NEW_GUINEA,パプアニューギニア
15f24041951337b9,TID_REGION_THAILAND,タイ
27d4e1afc17bf92c,TID_GIGA_INFERNO_GUARDIAN,
22926600fd39ceaf,TID_REGION_SWEDEN,スウェーデン
58a8acb3e9d7cc8c,TID_REGION_CUBA,キューバ
f585933b7346db38,TID_RANKED_MODE_DEMOTION_ALERT,降格の警告
2f258a7c8d100555,TID_REGION_BARBADOS,バルバドス
1d91f554d03a4d26,TID_BUILDING_HERO_BOOSTER_INFO_SHORT,ベルの音色が防衛ヒーローを強化します。
d82d0db107b364b1,TID_AURA_HITPOINTS_INCREASE_DEFENDING_HEROS,防衛ヒーローのヒットポイント（％）：<number>
8874aa6bbfb1a4cd,TID_REGION_SAN_MARINO,サンマリノ
5c4080377cbdc70e,TID_REGION_AUSTRALIA,オーストラリア
92f730c19ddd4dcd,TID_SPELLS_NOT_ALLOWED_TOOLTIP,部隊に含まれている<cffcd443d>期間限定呪文を変更してください</c>。
c7f4d065f7d39d09,TID_REGION_RWANDA,ルワンダ
01554634bc6f5b01,TID_COSMICCURSE_QUEEN,ハンター アーチャー
b367346e973ba667,TID_DECO_LNY_HORSESHOE,幸運の蹄鉄
dfa61a15d5513d09,TID_TRAINING_BATTLE_MODE_WAR,クラン対戦バトル
b823bd22e512944b,TID_REGION_WESTERN_SAHARA,西サハラ
2f9e0721aa382804,TID_CHARACTER_ARTIFICER_INFO_SHORT,
54a7cf026054b962,TID_REGION_NORTH_KOREA,北朝鮮
fe757489dab5176b,TID_REGION_SWITZERLAND,スイス
cb2862c8cd6366d2,TID_REGION_NIUE,ニウエ
22deb1e3446f4bcf,TID_REGION_EQUATORIAL_GUINEA,赤道ギニア
e59bee765c3048a5,TID_REGION_MARTINIQUE,マルティニーク
913d07e06bb13809,TID_SUPERDECO_FIRE_HORSE_INFO,強さを求めて燃え続ける誇り高き騎馬の像です。戦場の士気が高まります。
7a7cd724f329e883,TID_REGION_SYRIA,シリア
bd85d73c56807212,TID_NOT_ENOUGH_PRESTIGE_RESOURCE,購入に必要な資源が足りません
06e797e62ebb2b72,TID_STARTERARMY_TH18_METEOR_GOLEMS,メテオパニック
7642c1900b9dd061,TID_SUPERDECO_MYSTICAL_LAMP_INFO,秘密の洞窟で発見された魔法のランプです。どんな願いも叶えてくれます。
c6c70c7a00f8843f,TID_SELECT_TARGET_FOR_THE_EFFEFCT,エフェクトを追加するデコレーションを選択
6fc1f057cc305af8,TID_GET_SKIN_FROM_PRESTIGE_SHOP,このスキンはゴージャスショップで入手できます
36594835b627cb2d,TID_GUARDIAN_MENU_STATUS_UPGRADING,アップグレード中のため防衛できません！
9a550c37d0801fbb,TID_REGION_AUSTRIA,オーストリア
ac11c037c20b3c56,TID_REGION_ALGERIA,アルジェリア
09266e1caeaa3ba4,TID_REGION_MONACO,モナコ
9d54ef09bbf68964,TID_REGION_VENEZUELA,ベネズエラ
29188c289d792a2c,TID_REGION_ANDORRA,アンドラ
50b7dfb58c9a0481,TID_REGION_WALLIS_AND_FUTUNA,ウォリス・フツナ
35a6475646f1d988,TID_REGION_GERMANY,ドイツ
529c9fada625eef4,TID_SUPERDECO_WOLF_STATUE,ハングリーハウンド
c2397e5f2d580e42,TID_GUARDIANS_MENU_SELECTION_NONE_INFO,ガーディアンが未選択です。村を攻撃から守るガーディアンを以下から選択しましょう！
806e9329fbc3471d,TID_OBSTACLE_COMMON_ORE_STONE,ブルー鉱石の隕石
b320e4e4d4e3781a,TID_BUTTON_ADD_EFFECT,エフェクトを追加
932e072af1b0a04a,TID_SUPERCHARGE_DECOS_INFO,デコレーション、または障害物のシャベルを使用した障害物にチャージエフェクトを追加します。このセールを選択すると、適用対象となる村のオブジェクトがすべてハイライトされます。
e73a0883db1ce778,TID_BUTTON_GUARDIANS_CYCLE_BUTTON,ガーディアンを変更
1d346234a9ab91a2,TID_REGION_ST_VINCENT_GRENADINES,セントビンセント・グレナディーン
a648ec142b96ec41,TID_REGION_BANGLADESH,バングラデシュ
34f3fab9c810e240,TID_REGION_U_S_OUTLYING_ISLANDS,合衆国領有小離島
3e372da15d6f3379,TID_REGION_SINT_MAARTEN,セント・マーチン島
abe493ffa7c57287,TID_REGION_CYPRUS,キプロス
e16d3caac7879c1e,TID_REGION_MOZAMBIQUE,モザンビーク
47820e9304026e36,TID_GEAR_INFO_STICK_HORSE,配置後に移動速度と攻撃速度がアップし、壁を飛び越えて移動できるようになります
999eaf195d70adad,TID_REGION_QATAR,カタール
069b4aae4d56f4e4,TID_REGION_ICELAND,アイスランド
dc34bb8bdf6f8877,TID_REGION_AFGHANISTAN,アフガニスタン
9052ea5aa4c188ca,TID_GEAR_FROST_CHARM,フロストフレーク
91708c156fc8ca4d,TID_REGION_UNITED_ARAB_EMIRATES,アラブ首長国連邦
6b065b585afc0553,TID_STARTERARMY_TH18_SUPER_YETIS,イエティまみれ
e32cf0b96faf5c9a,TID_REGION_MAURITIUS,モーリシャス
f3e6ebdda4c72f12,TID_REGION_BOUVET_ISLAND,ブーベ島
3bee18baf4a404a0,TID_POPUP_ADD_CHARGE_EFFECT,<resource><cost>個で<item>にチャージエフェクトが追加されます。
54547ea79e27b3ce,TID_MEMBERS_SORTED_BY_LEAGUE,最高リーグ＆トロフィー
93034f36396d771b,TID_SCENERY_CLASHAVERSARY2025,13周年記念
26b7b0d1fd276183,TID_REGION_SENEGAL,セネガル
432d6733d0f566a1,TID_REGION_INDIA,インド
67d7b3efdcdbfae4,TID_REGION_SPAIN,スペイン
157f77e152e7ab09,TID_REGION_LUXEMBOURG,ルクセンブルク
834d7676035cad5b,TID_REGION_NAURU,ナウル
ed6b8645e7084595,TID_REGION_GIBRALTAR,ジブラルタル
c8c8787f374b3830,TID_TH18_UPGRADE_CUTSCENE_1,まさに難攻不落のタウンホールですね。これで死角はないでしょう！
dd606aed77d3833f,TID_REGION_ZAMBIA,ザンビア
7857fd218bf33f89,TID_SKIP_VIDEO_BUTTON,スキップ
33a9d8f752042983,TID_REGION_GUAM,グアム
9276340e76638760,TID_REGION_ANGOLA,アンゴラ
e63b4eafc476ad6b,TID_SKIP_VIDEO_TEXT,動画をスキップしますか？
3dd1bdec6ffda22b,TID_REGION_DENMARK,デンマーク
703e085591fe688b,TID_MELEE_AREA_GUARDIAN_INFO,範囲攻撃を持ち味とする、対地対空のタンクです！負けず嫌いのスマッシャーは、タウンホールが破壊されると怒り、自分が撃破されると周囲にレイジをまき散らします。
042b231049694188,TID_PRESTIGE_RESOURCE_DESCRIPTION_FOR_SKINS,クラフト防衛設備をアップグレード、または施設をスーパーチャージしてスパーキーストーンを獲得しましょう。
1e6cb500b1d42d91,TID_SHOP_ITEM_TYPE_BUILDER_SKIN,大工のスキン
80e2e8104fc5e18a,TID_REGION_KYRGYZSTAN,キルギスタン
c021881820a1988a,TID_REGION_PAKISTAN,パキスタン
845c1b74772cc320,TID_REGION_UNITED_STATES,アメリカ合衆国
d10f5bbbd205b034,TID_STARTERARMY_TH18_ELECTRO_DRAGONS,ライドラストーム4
f9bee9260e416ac6,TID_REGION_KUWAIT,クウェート
ed5d614b7b5df23d,TID_BUTTON_GUARDIANS_MENU,ガーディアン
e072d866808d29df,TID_REGION_TIMOR_LESTE,東チモール
fbe10a8d31f9b26e,TID_DECO_SMOKY_STOVE_INFO,高品質の武器を鋳造できますが、火傷には注意が必要です。
1a8ef0a6a7df6c90,TID_REGION_JORDAN,ヨルダン
bf809e33c49e06e3,TID_REGION_PUERTO_RICO,プエルトリコ
951a3c4f0859f975,TID_REGION_INDONESIA,インドネシア
725bed97866688ab,TID_REGION_GREECE,ギリシャ
6d0df096746428e6,TID_TH18_UPGRADE_CUTSCENE_3,いやー、驚きましたね。でも、村はなんとか持ちこたえたみたいです。
1a3236c35350d09a,TID_REGION_TURKS_AND_CAICOS_ISLANDS,タークス・カイコス諸島
096d256891208488,TID_REGION_NEW_CALEDONIA,ニューカレドニア
207d61f0987064f2,TID_SEASONAL_DEFENSE_BUILDING_REMOVED_TEXT,新たなクラフトフェーズが始まりました！タウンホールが最大レベルに達している場合のみ利用可能です。\n以前のクラフトステーションは削除されいています。
cd76dcdd5f895def,TID_REGION_C_TE_D_IVOIRE,コートジボワール
236a0e21946a3207,TID_REGION_LITHUANIA,リトアニア
dda9d2ea2e8d2409,TID_LOADING_VIDEO_INFO,動画をロード中...
fd330e5c105cd9b8,TID_REGION_CHINA,中国
eedbf02ae608bfd2,TID_COSMICCURSE_MINION_PRINCE,ナイトメア プリンス
c7c95f26bf8f91bb,TID_REGION_CARIBBEAN_NETHERLANDS,オランダ領ＢＥＳ諸島
ea56fa45a05c5995,TID_SHOP_MAGIC_SHIELD_2D,2 dayマジックシールド
003aeae1bc1284a1,TID_REGION_NETHERLANDS,オランダ
575271b961483b88,TID_MELEE_AREA_GUARDIAN_ABILITY,負けず嫌い
22cb21ae917f5e0b,TID_REGION_MONTSERRAT,モントセラト
7833011efa819c62,TID_REGION_SVALBARD_AND_JAN_MAYEN,スヴァルバル諸島およびヤンマイエン島
fa52a05cf2ee91d3,TID_ATTACK_COOLDOWN,攻撃クールダウン（秒）：
1cb52e95d74a10e5,TID_GUARDIAN_MENU_STATUS_DEFENDING,防衛中！
c728c5f0286deb1e,TID_REGION_FIJI,フィジー
20ef3613ee176016,TID_REGION_COOK_ISLANDS,クック諸島
2261f838878cc8f0,TID_REGION_TRINIDAD_AND_TOBAGO,トリニダード・トバゴ
38c84580c4535069,TID_FROSTAGE_QUEEN,ブリザード クイーン
1ecc80b1e6e5307b,TID_REGION_ASCENSION_ISLAND,アセンション島
5ff0473f1dd39967,TID_REGION_ANGUILLA,アンギラ
bc06927d18f8937f,TID_BUILDING_DEBRIS_TOWER_INFO,仲間想いのリベンジタワーは、復讐の鬼です。味方の建物が破壊されるたびに怒りの力でパワーアップし、仇を抹殺します。
af814788ad6bdbb6,TID_REGION_YEMEN,イエメン
ebe0222f3e07c9fc,TID_ARMY_DISCLAIMER_REMOVE_EVENT_TROOPS,使用できない期間限定ユニットが部隊に含まれています。
daada51c87bcdc76,TID_AURA_BOOST_DAMAGE_PERCENTAGE_DEFENDING_HEROS,防衛ヒーローのダメージ（％）：<number>
b845f70969cba9fb,TID_REGION_SOUTH_SUDAN,南スーダン
8f00b4a0fb5fa1d6,TID_REGION_SAINT_PIERRE_AND_MIQUELON,サンピエール島・ミクロン島
db686a69f1519602,TID_REGION_TOGO,トーゴ
a116f65bb8381b33,TID_ASSASSINS_GUARDIAN,
0d0cb3cfceda0e5c,TID_REGION_EL_SALVADOR,エルサルバドル
e8297de1115b2acd,TID_REGION_SRI_LANKA,スリランカ
5f6f854becd87acb,TID_REGION_TOKELAU,トケラウ
9d6afcb6e27ed4ea,TID_REGION_SAUDI_ARABIA,サウジアラビア
c56b89048c3b28e2,TID_INFERNO_GUARDIAN_INFO,頭を使わせたら右に出る者はいません！シューターは頭部から爆発する矢を放ち、遠距離の敵を攻撃します。着弾点には範囲ダメージの判定があります。
15924ee275e6587b,TID_GUARDIANS_INFO_SCREEN_ITEM_1,攻撃を受けた際に、固有の能力を持つガーディアンが<cffcc33>村を守ってくれます</c>。
241bbea57a956769,TID_REGION_GUINEA_BISSAU,ギニアビサウ
60cd6bf8d9679597,TID_REGION_GABON,ガボン
cfc3b9ae038f50bc,TID_REGION_CHRISTMAS_ISLAND,クリスマス島
13819e7eeeaa3e93,TID_BUILDING_BOMB_SPAWNER_INFO,今にも爆発しそうな爆弾たちを大量放出！巣から飛び立った爆弾は、地上および空中の敵に当たると爆発します。
595b4ca6d6276dbc,TID_ARMY_DISCLAIMER_MISSING_EVENT_TROOPS_WAR,注意！期間限定ユニットはクラン対戦バトルで使用できません。
1b2bb84a9851bea5,TID_SHOP_MAGIC_SHIELD_7D,1 weekマジックシールド
c7792a45a36c6a96,TID_SHOP_MAGIC_SHIELD_1D,1 dayマジックシールド
de45cc33dec34a83,TID_TH18_UPGRADE_CUTSCENE_4,この石には何か不思議な力が秘められているようです。大工たちに活用してもらいましょう。
cb77be3544a177aa,TID_REGION_TURKMENISTAN,トルクメニスタン
0bf663ac8c5ff71f,TID_REGION_GUINEA,ギニア
dd7c8d3747d3833f,TID_REGION_GAMBIA,ガンビア
afd425efe66e2eb5,TID_REGION_MEXICO,メキシコ
e74eb2c14468651e,TID_SEASONAL_DEFENSE_BUILDING_RESET_TITLE,クラフトフェーズが終了！
5b88526f598eba39,TID_MELEE_AREA_GUARDIAN,スマッシャー
b4ad27dbf6639af6,TID_REGION_GUYANA,ガイアナ
8473d96791bde086,TID_REGION_DIEGO_GARCIA,ディエゴガルシア島
766ce1a8be1effa1,TID_REGION_MONTENEGRO,モンテネグロ
31926480e57e22f3,TID_REGION_BOTSWANA,ボツワナ
2b137c7d747ef407,TID_REGION_ISRAEL,イスラエル
f50450afcb950913,TID_OBSTACLE_XMAS_TREE_2025,2025年クラッシュマスツリー
a60437f8861c8de4,TID_REVIVER_GUARDIAN,
e84b4ad46a91d5c8,TID_REGION_CZECH_REPUBLIC,チェコ共和国
d874e95fd6592b65,TID_REGION_GRENADA,グレナダ
0288a00f9a5b973a,TID_REGION_HONDURAS,ホンジュラス
6173a48c9912d909,TID_REGION_GUERNSEY,ガーンジー
7c8115b47216d590,TID_INFERNO_GUARDIAN_ABILITY,とどめの一撃
420d4f0ccdc34f80,TID_CYBERPUNK_CHAMPION,オフィサー チャンピオン
5c6e944fe82f4e16,TID_REGION_HEARD_MCDONALD_ISLANDS,ハード島とマクドナルド諸島
31b90a4dff79cc59,TID_REGION_SAINT_HELENA,セントヘレナ
169c90eb4d56f4e4,TID_REGION_IRELAND,アイルランド
cb05a12d87d395bf,TID_REGION_SERBIA,セルビア
30d4858566861500,TID_REGION_TAIWAN,台湾
32e71a20a7d39fd8,TID_REGION_UGANDA,ウガンダ
5fd6a37a244a0b32,TID_REGION_HONG_KONG,香港
ff466385ebda07de,TID_REGION_RUSSIA,ロシア
0ee253c3f386e828,TID_REGION_SINGAPORE,シンガポール
da13639df079f8c6,TID_REGION_NORWAY,ノルウェー
869b803571e8ea26,TID_REGION_CEUTA_AND_MELILLA,セウタおよびメリリャ
bb381d86a7acda29,TID_REGION_FALKLAND_ISLANDS,フォークランド諸島
2b955928dfac3fc1,TID_REGION_NORTH_AMERICA,北アメリカ
5a0930f418d516cf,TID_GUARDIAN_FEATURE_DESC,隕石のクレーターから現れた謎の戦士がヒーローのように村を守ってくれます！
9b8ad635f84b797e,TID_MELEE_AREA_GUARDIAN_INFO_SHORT,説明は不要、敵を叩き潰すのみです。
97b151e8f35cd3c1,TID_METEORITE_BUILDER_SKIN,メテオ大工
f55433acabc56095,TID_REGION_BRITISH_VIRGIN_ISLANDS,イギリス領ヴァージン諸島
d6e9c694e8f69a62,TID_REGION_PERU,ペルー
8e51d6277ce9c828,TID_REGION_NORTH_MACEDONIA,北マケドニア
049c484288ce763b,TID_SEASONAL_DEFENSE_SLOWDOWN_TOWER_MODULE_HP,
fc99d39bf9981132,TID_REGION_CHAD,チャド
87f235c6e062e2b2,TID_SEASONAL_DEFENSE_SLOWDOWN_TOWER_MODULE_EFFECT,
70cf9e3db69a0299,TID_BUILDING_HERO_BOOSTER_INFO,ベルの音色がヒーローの防衛本能を刺激し、攻撃力とヒットポイントを増加させます。破壊されると効果は消え、ヒーローのステータスは元に戻ってしまいます。残念！
e7842d8cd5a3f464,TID_COSMICCURSE_SCENERY,コスモ
f01a2901a72ea199,TID_ONLY_STASHED_DECOS_FOR_CHARGE_EFFECT,チャージエフェクトを追加できるデコレーションはすべて収納されています！
dc90eea8e8154534,TID_BUILDING_HERO_BOOSTER,ヒーローベル
fb9bcbda479caeea,TID_PLAYER_PROFILE_GUARDIANS,ガーディアン
97471f2e70b78368,TID_REGION_DJIBOUTI,ジブチ
a301edffa8a832fc,TID_REGION_HUNGARY,ハンガリー
e61d0d674aa6d97a,TID_MODE_TITLE_MINUS_ONE,レジェンド
b0fa35beb32a2107,TID_MERGED_WIZARD_TOWER_INFO,スーパーウィザードの最初の攻撃が近くの敵に連鎖し、最大で15体の敵にダメージを与えます。連鎖した攻撃は威力が減少します。
0ee49a768eecca8e,TID_CYBERPUNK_WARDEN,ドクター ウォーデン
488d8df41d5d684b,TID_SEASONAL_DEFENSE_BUILDING_RESET_TEXT,クラフトフェーズが終了し、クラフトステーションがリセットされました。次のフェーズに備えましょう！
6a04e4d043d04231,TID_REGION_SAINT_MARTIN,サン・マルタン
1cb23932bbc890e7,TID_OBSTACLE_FROZEN_STONE,フロストストーン
23cf44fafb2a387d,TID_BUILDING_SUN_BEAM_INFO_SHORT,近くの敵にも遠くの敵にもビームを浴びせます。
541d672ca2fb0529,TID_REGION_ARUBA,アルバ
eddb8247d7d9b28c,TID_REGION_BRUNEI,ブルネイ
60318d372730015f,TID_SEASONAL_DEFENCE_SEASON_CARD_TITLE_ENDS_SOON,クラフトフェーズがもうすぐ終了！
8118c432ba3af2ad,TID_REGION_TANZANIA,タンザニア
875cd73e6e5604c9,TID_REGION_TONGA,トンガ
47afcf2de5e292f7,TID_REGION_UKRAINE,ウクライナ
1fc37fc682f1dd85,TID_TOTEM_SPELL_INFO_SHORT,頑丈なトーテムで防衛施設を妨害します。
42ef29de74dbd0c1,TID_SEASONAL_DEFENSE_REFUND,未完了のアップグレードが払い戻されました。
70205c621bcc98b0,TID_DEATH_DAMAGE_RADIUS,撃破された際の爆発範囲：<number>
199ec76b842a94db,TID_REGION_S_O_TOM_AND_PR_NCIPE,サントメ・プリンシペ
c40cc3144b8df4d2,TID_REGION_FINLAND,フィンランド
1e6337aeecce991c,TID_TOTEM_SPELL_INFO,こっちこっち！近くの敵の攻撃を引き付けるトーテムで地上および空中の防衛施設を陽動し、他のユニットを守ります。隕石を使用して作成されたトーテムは、配置時に周囲の敵にダメージとスタン効果を与えます。
7a7cd707085e9f5b,TID_REGION_KENYA,ケニア
9450f26da66defc1,TID_REGION_BRAZIL,ブラジル
68bae809b66f7394,TID_REGION_BHUTAN,ブータン
7b591854dbb607ad,TID_WASTELANDS_MINION_PRINCE,アーマード プリンス
7a7cd72ef59493e3,TID_REGION_SAMOA,サモア
878f2de05fbce7a9,TID_SEASONAL_DEFENCE_SEASON_2_TITLE,クラフトフェーズ
2357d3ac75aa3a2e,TID_REGION_CANADA,カナダ
9407a4ff07805ed4,TID_REGION_CAMEROON,カメルーン
2527a99d87cfb2d0,TID_REGION_ETHIOPIA,エチオピア
f0d7976af2b964d4,TID_LEGEND_ATTACK_CONFIRM_INFO,攻撃回数を消費する前に準備を整えましょう！
0467bf8b5beeedcf,TID_REGION_SWAZILAND,エスワティニ
17167efd810c8fe1,TID_REGION_NORTHERN_MARIANA_ISLANDS,北マリアナ諸島
109b8ff0b5dc68c2,TID_REGION_COMOROS,コモロ
bde634116144dd42,TID_GUARDIAN_MENU_SELECT_ACTIVE,防衛中！
6fcc18a40d0477a1,TID_BUILDING_DEBRIS_TOWER_INFO_SHORT,味方の建物が破壊されるたびに、怒りでパワーアップします。
fcdc0215c73feaa8,TID_GEAR_TITLE_STICK_HORSE,ホビーホース
53f322eab1b20d0c,TID_SCENERY_WAR_RUINED,戦乱の王国
a56cba351f8f224d,TID_REGION_ZIMBABWE,ジンバブエ
17d103df1d6bc368,TID_REGION_SUDAN,スーダン
4138ef9d57d3b834,TID_REGION_AFRICA,アフリカ
2c47143438ebfdd8,TID_NO_VISIBLE_DECOS_FOR_CHARGE_EFFECT,チャージエフェクトを追加できるデコレーションがありません！
c18eb41f13ca608d,TID_REVENGE_TOWER_ABILITY_INFO,一定数（<num>個、<num2>個、<num3>個）の建物が破壊されるたびに怒りでパワーアップする
7e0e27f6f28a84b9,TID_REGION_GREENLAND,グリーンランド
680b0979a51cf9a9,TID_REGION_SAINT_KITTS_AND_NEVIS,セントクリストファー・ネイビス
3a38739405628243,TID_REGION_IRAQ,イラク
0e24d06f53ed6c80,TID_REGION_BELARUS,ベラルーシ
1ef6ab8cd4019440,TID_REGION_COCOS_KEELING_ISLANDS,ココス（キーリング）諸島
09ea000db4a340f3,TID_REGION_VATICAN_CITY,バチカン市国
32504488f8f263bd,TID_REGION_LESOTHO,レソト
8099dd70b2519dc3,TID_SEASONAL_DEFENSE_HERO_BOOSTER_MODULE_ATTACK,
ea7d7d37ba113f59,TID_REGION_BRITISH_INDIAN_OCEAN_TERRITORY,イギリス領インド洋地域
a0dafaeafb6a4cdd,TID_REGION_PHILIPPINES,フィリピン
d92c242cf5b34f7a,TID_MODE_TITLE_MINUS_THREE,エキスパート
1d3b4fea157ac550,TID_REGION_BAHRAIN,バーレーン
06c1d4a75fd501ae,TID_STARTERARMY_TH5_BLAST_AND_BASH,タウンホール5 - 炎上クラッシュ
c39ddb17e0d3efea,TID_WASTELANDS_QUEEN,フューリー クイーン
4c08363b67d69799,TID_REGION_BELIZE,ベリーズ
1d1770972ebe8764,TID_REGION_CENTRAL_AFRICAN_REPUBLIC,中央アフリカ共和国
bd608cf2704e276c,TID_BUILDING_MERGED_WIZARD_TOWER,スーパーウィザードの塔
0be8e450ea9b0a26,TID_TOTEM_SPELL,トーテムの呪文
4ddacf123822e221,TID_PRESTIGE_DECO_CRAFTED_DEFENCES_INFO,大工がクラフト防衛施設への愛を込めて作成した自慢の一品です！村に飾って職人たちに敬意を示しましょう！
32bf6b58520e386c,TID_GARG2_ABILITY_HELP,最初の<num>回分の攻撃は速度と射程が上がり、<num2>ダメージを与える
2671bb1a837a5d93,TID_REGION_GUATEMALA,グアテマラ
9881e5b8dbd06236,TID_REGION_URUGUAY,ウルグアイ
351a3b49ada776cf,TID_REGION_DOMINICAN_REPUBLIC,ドミニカ共和国
93a67b59b91dc64d,TID_REGION_MAURITANIA,モーリタニア
d5ae90811b3c2de5,TID_REGION_MAYOTTE,マヨット
ff14b2be25e958bc,TID_SCENERY_CYBERCLASH,サイバーワールド
87e0a5c0381a8472,TID_SEASONAL_DEFENSE_SLOWDOWN_TOWER_MODULE_ATTACK,
aa93e0f5aca1a2c3,TID_REGION_FRENCH_GUIANA,フランス領ギニア
3005e71848d718e1,TID_TH18_UPGRADE_CUTSCENE_2,あれ...？空から何かが降ってきます！
aba28ce52cd61b58,TID_REGION_SAINT_LUCIA,セントルシア
20905091bb349a0c,TID_REGION_MOROCCO,モロッコ
b1dfa8788ce85a28,TID_REVENGE_TOWER_ABILITY,アングリータワー
7db9871317de25b3,TID_REGION_KOSOVO,コソヴォ
1da91457ce9081c0,TID_SUPERCHARGE_DECOS,チャージエフェクトを追加
5855688edf15dd36,TID_REGION_MONGOLIA,モンゴル
46ad59544c39df0a,TID_POPUP_ADD_CHARGE_EFFECT_TITLE,チャージエフェクトを追加しますか？
bbad6d1ee630adb5,TID_REGION_HAITI,ハイチ
0fde0a5683717855,TID_MERGED_WIZARD_TOWER_INFO_SHORT,高貴で強力な魔法の塔です。
a85aa1fd94619a04,TID_REGION_ANTIGUA_AND_BARBUDA,アンティグア・バーブーダ
808b4d766a29fb03,TID_SEASONAL_DEFENSE_HERO_BOOSTER_MODULE_EFFECT,
6397029116708c38,TID_GUARDIAN_CHARACTER_COUNT,<character>の数：<number>
f57bd6310447c9da,TID_GUARDIANS_MENU_SELECTION_NONE,ガーディアン未選択！
297946d9b5be8c10,TID_REGION_FAROE_ISLANDS,フェロー諸島
9adf3911240f1069,TID_RANKED_MODE_INFO_RESULTS_4,未プレイ期間が一週間以内である場合、現在のランクに影響はありません。降格を避けるため、次のトーナメントへの登録を完了しましょう。
16d4ad2d84179d74,TID_LEAGUE_START_TIME,開始まで：
d5de641ef637c640,TID_SEASONAL_DEFENCE_SEASON_2_DESCRIPTION,新しい部品が到着しました！期間中にクラフト防衛設備を建設し、アップグレードしましょう！
056f0e5e8154d821,TID_REGION_KIRIBATI,キリバス
c13c9495437cfc55,TID_REGION_SEYCHELLES,セイシェル
251174e39e80a267,TID_EAGLE_GUARDIAN,
ce10e89aa17539cb,TID_REGION_PORTUGAL,ポルトガル
7ae71364141e7805,TID_REGION_PALESTINE,パレスチナ
7b4b486ac9471f00,TID_REGION_ERITREA,エリトリア
ab36fee4326b057d,TID_CYBERPUNK_QUEEN,レネゲード クイーン
2afd91d47ca0ac16,TID_REGION_CONGO_REPUBLIC,コンゴ共和国
c84587085db75e7e,TID_LEGEND_MODE_INFO_DEMOTION_2,週の終了前に4900トロフィーを下回っても挽回のチャンスはあります。再度トロフィーを集めましょう！
94c1832fed37fdaa,TID_EVENT_DECO_FLEX_AXE_INFO,自慢の剛腕で持ち上げてみましょう！
bbe779e1643acb7d,TID_SCENERY_CLASHARAMA2025,Clash-A-Rama
3a901222fbe2980c,TID_REGION_NIGER,ニジェール
41fd673c9fa3f897,TID_REGION_GHANA,ガーナ
a14c81958ee3db1d,TID_REGION_SOLOMON_ISLANDS,ソロモン諸島
39a287c68cd0f121,TID_GUARDIANS_INFO_SCREEN_ITEM_3,<cffcc33>アップグレード中は村を守ることができない</c>ので、他のガーディアンを選択しましょう！
60b98b355669a73a,TID_REGION_MALAWI,マラウィ
0ffd220db33827dd,TID_INFERNO_GUARDIAN_INFO_SHORT,頭の中はいつも爆薬でいっぱいです。
618dac2aeb29eaa3,TID_FROSTAGE_MINION_PRINCE,フロスト プリンス
760a3c8c5d697589,TID_REGION_NEPAL,ネパール
858972dd9fec1fbe,TID_REGION_MALAYSIA,マレーシア
4ebaeebad970c663,TID_MELEE_AREA_GUARDIAN_ABILITY_INFO,タウンホールが破壊されると怒り、自分が撃破されるとレイジをまき散らす
bffa4027f8eb8ac5,TID_BUILDING_SLOWDOWN_TOWER,
605e0bbdec2c2a40,TID_BUILDING_SLOWDOWN_TOWER_INFO,
4a3f26bd5494c21f,TID_INFO_ARMY_PRESET_DRAG,タップ＆長押しでお気に入り編成を並べ替え
586426f08e558ee2,TID_GUARDIANS_INFO_SCREEN_TITLE,ガーディアン
a50f21c457d3a17e,TID_REGION_LATVIA,ラトビア
39eacfbb666f784b,TID_CYBERPUNK_MINION_PRINCE,メカニック プリンス
01f2947ce0da0146,TID_SUPERCHARGE_DECO_EFFECT_TITLE,チャージエフェクトを追加
95153f57b26d30e2,TID_GEAR_INFO_FROST_CHARM,鋭利な氷片を放って近くの防衛設備を凍らせます
e11c26a97fa31e96,TID_REGION_MALDIVES,モルジブ
16cc1b72b8ff1a81,TID_CHOOSE_BATTLE_MODE,バトル
87eec8e461cec3fc,TID_REGION_CURA_AO,キュラソー島
0d67e48303426d76,TID_SHOP_PRESTIGE_TAB_DESCRIPTION,<resource>は、クラフト防衛設備のアップグレード1回につき<num1>個、スーパーチャージ1回につき<num2>個手に入ります。
3857c2f7bdb46ce9,TID_REGION_TUVALU,ツバル
f3afcdec53de5f20,TID_BUILDING_SUN_BEAM_INFO,目がくらむほどの光！ライトビームは超長射程ですが、ターゲットとの距離が離れるほど威力が減少します。
c4219c5fbb5d6ecb,TID_REGION_SOUTH_KOREA,韓国
990d7c21566e4624,TID_REGION_T_RKIYE,トルコ
12dfb966e7827dd3,TID_INFERNO_GUARDIAN_ABILITY_INFO,撃破された際に爆発で敵を奇襲する
4bb37f7ef1f4abd8,TID_REGION_ANTARCTICA,南極
56d523f636e60b16,TID_SUPERDECO_MYSTICAL_LAMP,魔法のランプ
24fd20dd368fc9ab,TID_TIME_SOON,まもなく
59762235d9d35e24,TID_REGION_SLOVENIA,スロベニア
9da94c0c2cea0b91,TID_REGION_ECUADOR,エクアドル
41dee1422e7af1e1,TID_DEFAULT_BUILDER_SKIN,大工
f7e7ccabf295c63b,TID_REGION_CAYMAN_ISLANDS,ケイマン諸島
ffadf65986316193,TID_REGION_SAINT_BARTH_LEMY,サン・バルテルミー島
c847bf25c2b67077,TID_GUARDIANS_INFO_SCREEN_ITEM_4,
0393cc0a05bf9ffd,TID_REGION_SOUTH_AFRICA,南アフリカ
cf43af005af8e25d,TID_REGION_ARMENIA,アルメニア
d19871117549d9b2,TID_REGION_LAOS,ラオス
7b5574482d8cf470,TID_REGION_ESTONIA,エストニア
67b14cf7f045f7ce,TID_REGION_LEBANON,レバノン
3a611d6613911a42,TID_REGION_FRENCH_SOUTHERN_TERRITORIES,フランス領南方・南極地域
b3d92c992dd0deba,TID_OBSTACLE_EPIC_ORE_STONE,スター鉱石の隕石
e6f28a0f37d68a72,TID_REGION_FRANCE,フランス
b84421d3baf7033a,TID_REGION_CROATIA,クロアチア
455b01263be03266,TID_REGION_CONGO_DRC,コンゴ民主共和国
abfe3e293c990b72,TID_REGION_SOMALIA,ソマリア
cb949e3c3e55ec1e,TID_METEOR_GOLEM_INFO_SHORT,仲間を投げつけて敵を攻撃します。
a14ad11619ae7053,TID_REGION_MICRONESIA,ミクロネシア
2b2aab7170490f7b,TID_REGION_LIBERIA,リベリア
0fe7d3a718aa19d8,TID_REGION_PANAMA,パナマ
597624b7a5a35214,TID_REGION_SLOVAKIA,スロバキア
0eb1d4735de5c015,TID_SEASONAL_DEFENSE_BUILDING_REMOVED_TITLE,クラフトフェーズが開始！
5cb6d5de331ee7d3,TID_BUILDING_DEBRIS_TOWER,リベンジタワー
54bf8bc17208c9be,TID_REGION_CHILE,チリ
f1dc3caa9243611d,TID_ARMY_DISCLAIMER_ARMY_NOT_FULL,部隊に空きスペースがあります。
5f8ee88851ea101f,TID_RANKED_MODE_DEMOTION_ALERT_INFO,<c7a34f7>次のトーナメントの開始前</c>に登録を完了し、降格を回避しましょう。
aff4dccffa6de725,TID_MODE_TITLE_MINUS_TWO,マスター
5592d75f87442dc9,TID_REGION_CAPE_VERDE,カーボベルデ
57dec02325a5d0d7,TID_REGION_NORFOLK_ISLAND,ノーフォーク島
2cf3e8cbd9d243e2,TID_ARMY_DISCLAIMER_MISSING_SUPER_TROOPS,注意！部隊のスーパーユニットを有効化または削除してください。
20bd45b290312978,TID_SUPERDECO_WOLF_STATUE_INFO,アツアツのエサを求めているようです！
9e8cd73f73d1b354,TID_REGION_MALTA,マルタ
d059b3ad701b6e07,TID_GUARDIANS_INFO_SCREEN_ITEM_2,アップグレードも可能で、選択したガーディアンは<cffcc33>いつでも変更できます</c>！
3f6d812160e920ae,TID_REGION_BOLIVIA,ボリビア
c6ae28bdb4d86c2b,TID_REGION_CANARY_ISLANDS,カナリア諸島
95cd6be0585eafb7,TID_REGION_BENIN,ベニン
0887a33527b2a937,TID_PRESTIGE_DECO_CRAFTED_DEFENCES,クラフトの像
930dec665f324b83,TID_REGION_TAJIKISTAN,タジキスタン
9a4dc3bf897170c5,TID_REGION_UZBEKISTAN,ウズベキスタン
7473ad3b07f14e18,TID_CYBERPUNK_KING,レネゲード キング
b60cb4963216810c,TID_REGION_FRENCH_POLYNESIA,フランス領ポリネシア
d2d9d36de8109d57,TID_GUARDIANS_MENU_TITLE,ガーディアン
377ede058fd3379d,TID_ARMY_DISCLAIMER_MISSING_EVENT_TROOPS,注意！期間限定ユニットと期間限定呪文はランクバトルで使用できません。
e1b63378b3e3f433,TID_REGION_AMERICAN_SAMOA,アメリカ領サモア
0c12ba21fe33759f,TID_SHOP_SUPERCHARGE_DECO_DESCRIPTION,ビジュアルエフェクト
cf43af073cf4a94d,TID_REGION_ALBANIA,アルバニア
10a01a2bb1e146f7,TID_REGION_POLAND,ポーランド
3a7ece119d4d4b63,TID_REGION_NEW_ZEALAND,ニュージーランド
79a505cf14ed67d1,TID_REGION_DOMINICA,ドミニカ国
ca98cd6bf156066a,TID_REGION_BELGIUM,ベルギー
286b2ae7c2cfb9b1,TID_REGION_JAPAN,日本
9f0067bd280292a6,TID_DECO_KUMQUAT_TREE,キンカンの木
e9031359fa34cb36,TID_REGION_ISLE_OF_MAN,マン島
e316f2ea5c46c074,TID_GUARDIAN_MENU_SELECT_INACTIVE,利用不可！
2b955e58b47cb7c1,TID_REGION_SOUTH_AMERICA,南アメリカ
1f4f2d56991ffd1c,TID_REGION_LIECHTENSTEIN,リヒテンシュタイン
f2399b0eaf91899f,TID_REGION_COSTA_RICA,コスタリカ
244deecb9c2e0584,TID_TROOPS_NOT_ALLOWED_TOOLTIP,部隊に含まれている<cffcd443d>期間限定ユニットを変更してください</c>。
2a79db3705628243,TID_REGION_IRAN,イラン
f082a52718d9595c,TID_SCENERY_COSMICCURSE,コスモ
ba43a0cd1d39886c,TID_REGION_MARSHALL_ISLANDS,マーシャル諸島
d874ef58ea6510eb,TID_REGION_JAMAICA,ジャマイカ
2b0d9a04992e1d96,TID_BUILDING_BOMB_SPAWNER,爆弾の巣
3a4e0cfc240e14ec,TID_REGION_TUNISIA,チュニジア
4377bea385b5e0a7,TID_COSMICCURSE_KING,バーサーカー キング
98f440a9bf18936b,TID_REGION_BOSNIA_AND_HERZEGOVINA,ボスニア・ヘルツェゴビナ
96ae84bb5216aab4,TID_EDIT_MODE_BLOCKED_COPY_GUARDIAN,コピーしたレイアウトのガーディアンは使用できません。他のガーディアンを選択してください。
55bf9e5876a90acf,TID_REGION_NAMIBIA,ナミビア
fed751f38dc1d26e,TID_SEASONAL_DEFENSE_HERO_BOOSTER_MODULE_HP,
f67e7fd39fb56ce7,TID_WASTELANDS_CHAMPION,ノマド チャンピオン
1c97f51e16b00764,TID_REGION_PITCAIRN_ISLANDS,ピトケアン諸島
82fcc66b7f92b354,TID_REGION_MACAU,マカオ
392ba2a56a518745,TID_GUARDIAN_MENU_SELECT_ACTIVATE,選択
02fba521d6c91582,TID_REGION_U_S_VIRGIN_ISLANDS,アメリカ領ヴァージン諸島
6b662b9bd844f924,TID_REGION_COLOMBIA,コロンビア
c822f2b34d41d6b5,TID_FROSTAGE_CHAMPION,極地探検家 チャンピオン
eb2b5df885960e56,TID_WASTELANDS_WARDEN,シャーマン ウォーデン
b3b7a87bc85b7a91,TID_GUARDIAN_MENU_SELECT_UPGRADING,アップグレード中は防衛できません。
8f7cd711876db1d1,TID_REGION_LIBYA,リビア
44c70ff309e28195,TID_STUN_TIME,スタンの効果時間（秒）：<number>
82fcc66812d1a0ed,TID_REGION_PALAU,パラオ
cfd080996debf44a,TID_TOWN_HALL_18_INFO_SHORT,隕石パワーを秘めたタウンホールです。
8f013087fd7944c4,TID_REGION_ITALY,イタリア
12ab629f4ab076a7,TID_BATTLE_MODE_INFO_OVERVIEW_3,通常のバトルではトロフィーは減りません。気楽にプレイしましょう！
39138716a977c4a0,TID_REGION_BERMUDA,バミューダ
16e239c20c46a331,TID_EVENT_DECO_LNY26_SCROLL,色男の巻物
c3e7f16543cf3167,TID_OBSTACLE_RARE_ORE_STONE,パープル鉱石の隕石
1c71787864dba069,TID_REGION_AZERBAIJAN,アゼルバイジャン
e789e0f766f54c2e,TID_WASTELANDS_KING,ブルーザー キング
2f1e2122967ca5e7,TID_REGION_JERSEY,ジャージー
ad679b075e2230f4,TID_REGION_MADAGASCAR,マダガスカル
7213c46d00e30779,TID_REGION_BURUNDI,ブルンジ
f07d2947f6178fd5,TID_FROSTAGE_KING,コールドスリープ キング
0c5124073c414627,TID_REGION_ROMANIA,ルーマニア
13198fc62bc6acc5,TID_REGION_TRISTAN_DA_CUNHA,トリスタンダクーニャ
c7827c8d74a8a34a,TID_REGION_PARAGUAY,パラグアイ
cf91f1f7ab884d35,TID_REGION_VANUATU,バヌアツ
1d23681b138b6d57,TID_REGION_R_UNION,レユニオン
033a5a7e4180ae12,TID_REGION_MYANMAR_BURMA,ミャンマー
0f10abd8ee094a5e,TID_REGION_ARGENTINA,アルゼンチン
a19a03ddbd8e95c4,TID_GUARDIAN_FEATURE,ガーディアン
426db909a5aef643,TID_REGION_BURKINA_FASO,ブルキナファソ
dcf4a70cc1d00465,TID_COSMICCURSE_CHAMPION,カースド チャンピオン
294837b3e9db1e0d,TID_REGION_OMAN,オマーン
526e5238e57dee8e,TID_PRESTIGE_RESOURCE,スパーキーストーン
d0bbf8b5a27478b5,TID_REGION_MALI,マリ
07ecd7b18e212187,TID_REGION_EUROPE,ヨーロッパ
f8e5f079e80f639a,TID_COSMICCURSE_WARDEN,エターナル ウォーデン
7d1515c8cef97974,TID_REGION_NIGERIA,ナイジェリア
63c36bb9c30be433,TID_SUPERDECO_FIRE_HORSE,フレイムホース
1c58e68fb3afd8ce,TID_SHOP_PRESTIGE,ゴージャスショップ
e4bc9ae00d7722a6,TID_REGION_EGYPT,エジプト
3b30ffc1eb72ee4f,TID_REGION_BAHAMAS,バハマ
84a34f6b26824e08,TID_FROSTAGE_WARDEN,ウォーロック ウォーデン
49126274858d6402,TID_DECO_SMOKY_STOVE,モクモクストーブ
c5f587eaf6a8ba16,TID_REGION_UNITED_KINGDOM,イギリス
782757a73e53b57b,TID_BUILDING_BOMB_SPAWNER_INFO_SHORT,そこら中が爆弾まみれに！
b1665dc4419170bf,TID_SHOP_ITEM_TYPE_VFX,ビジュアルエフェクト
317700cf14a1fe93,TID_REGION_LAND_ISLANDS,オーランド諸島
5f886c55d068cf99,TID_REGION_GUADELOUPE,グアドループ
93771b807141e2bc,TID_INFERNO_GUARDIAN,シューター
6470a8047c2f3e6e,TID_REGION_BULGARIA,ブルガリア
58265f8ed12a2c45,TID_SP_TASKS_MORE_UNLOCKS,タスクカードの追加まで：
99f2ed2aa3b0ccfa,TID_HERO_INFO_DRAGON_DUKE_SHORT,孤立するほど強くなるタフで火力抜群のヒーローです。
690a5ba44c34beaf,TID_CLANGAMES_TASK_USE_HERO_BARBARIAN_KING,王のタクト
1a3253e4ede5a49a,TID_ACT_AS_PENETRATING_DAMAGE,ダメージ：<number>
ec39d1562d028099,TID_SP_REWARD_TITLE_BANK,シーズン資源増量！
9505141ef7ecb6de,TID_SEASONAL_DEFENCE_SEASON_3_DESCRIPTION,新しい部品が到着しました！期間中にクラフト防衛設備を建設し、アップグレードしましょう！
2dcc992dc3960399,TID_RECHARGE_TIME,再チャージまでの時間（秒）：<number>
60059337e2c59be5,TID_GP_POP_POTIONS,ポーション
d31de34d508ce082,TID_PROSPECTOR_LEVEL,探鉱者レベル
f38c674b3aa065eb,TID_SEASON_PASS_PERK_BUILDER_DESC,施設の建設およびアップグレードに必要な時間と資源が最大<num>％減少します。
607b4b7ecc5b9de9,TID_SP_TASK_INFO_02,
993a6b5f3b595322,TID_SEASON_PASS_PERK_FORGE_DESC,造幣所で追加スロットをアンロックし、大工不要で造幣可能になります。
ce39c4a5db895ae9,TID_SP_STORAGE_ALMOST_FULL,保管施設がもうすぐいっぱいになります！
f80aa642bdba4fce,TID_GEAR_TITLE_STUN_BLAST,スタンブラスター
3f2632d6cb57bc4c,TID_GEAR_INFO_EARTHQUAKE_BOOTS,強力な地震を引き起こして壁を破壊し、地上の標的にダメージを与えます
d50d1847c956a4db,TID_SP_TASK_UPGRADE_TROOP,ラボで研究を行う
21654800248e1ef4,TID_SEASON_PASS_PERK_POPUP_INFO,報酬グレードの特典はゴールドパスでアンロック可能です。\nアンロックした特典はすべてシーズン終了まで有効になります。
d1aadfcdf62918e1,TID_HERO_INSTRUCTIONS_ROYAL_CHAMPION,壁を乗り越えて敵を討つ！ロイヤルチャンピオンが恐れるものはこの世に4つだけ。敵は怖くありません！手に持つ槍と盾による攻撃で、防衛側の敵をきりきり舞いさせます。
0b01e86d008ec61c,TID_HEROJELLY_EVENT_MULTIPLE_HERO_TITLE,一部ヒーローが使い放題！
14666ce5a28d9645,TID_SHOW_EFFECT,エフェクト表示
cecc3fc5b6065df3,TID_SP_PURCHASE_WARNING_TITLE,シーズン終了間近！
819e9505e511128a,TID_LNY26_WARDEN,水怪 ウォーデン
6f418925c3f7a58c,TID_PROSPECTOR_RESOURCE_INFO,資源の最大変換量：
70b49227056fb078,TID_BUILDING_ROASTER_INFO,灼熱のプラズマ弾を放ち、地上と空中の敵を攻撃します。安全な距離を保っていれば、美肌効果が期待できるそうです。
7ba977410d17402c,TID_DECO_EDRAG_STATUE,ライトニングドラゴンの像
7b4c79e48e83bb8a,TID_SEASONAL_DEFENSE_LAVA_LAUNCHER_MODULE_ATTACK,
4e589babfdac7e19,TID_ONE_GEM_SELF_DONATE_UNLOCK_PERK,援軍をエメラルドで購入するには、ゴールドパスで「エメラルド援軍」の特典をアンロックしましょう
1a4aee307ba726ec,TID_CHARACTER_ITEM_NOT_VIEWABLE,この装備は利用できません。
4aa61f948fa2282b,TID_PROSPECTOR_WAIT_LOCKED,先に探鉱者をアンロックしてください！
b89c650320c9c071,TID_GROWTH_AURA_MAX,最大ヒットポイント上昇（％）：<number>
f37d859a3d10f490,TID_BP_PERK_AUTO_FORGE_DESC,造幣所で大工不要かつコスト半額の追加スロットをアンロックします。ゴールドパスで獲得可能な特典です！
aaacf0830c9a1972,TID_SEASONPASS_BANNER_TEXT_ENDS_IN,終了まで：<time>
24965da37cea5acf,TID_SEASONAL_DEFENSE_ROASTER_MODULE_HP,
d0723e835c14c54a,TID_PROSPECTOR_APPRENTICE,探鉱者
7dcb9a18975c47ad,TID_INFO_LEADERBOARD_AVERAGE_DEFENSE_DESTRUCTION,<number>％
1cf0e66b60c1f4f8,TID_CLAN_PROGRESS_EVENT_SPECIAL_PROGRESS_MULTIPLIER_UNIT_AND_STAR_DESC,<cffff99><unit></c>を使って攻撃、または<cffff99>星を<count>個</c>獲得すると、イベント通貨の獲得量が<number>増加します
46d69bf281514d1e,TID_BUILDING_SD_AIR_BOMBS_INFO,樽型爆弾が次々と浮かび上がり、どんな屈強な飛行ユニットをも撃ち落とします。大工の拠点の定番防衛設備で、村の上空の安全を確保しましょう！
5f56c6f06971953c,TID_SEASONPASS_TOOLTIP_DISCLAIMER,この特典を回収するにはヘルパーの小屋を設置してください
d9fc8042ff39f2b0,TID_GEAR_INFO_FIRE_BLAST,
914ec1f18a41459c,TID_SP_TASK_REQUEST_REINFORCEMENTS,援軍を要請する
795e5e67536e8ff9,TID_SEASON_PASS_PERK_RT_DESC,クランの城の援軍リクエストの待ち時間が最大<num>％短縮されます。
940637ed97bb3821,TID_GEAR_TITLE_FIRE_HEART,ファイアハート
d87f7d7e4a3299d3,TID_SP_POPUP_AD_TITLE_PERKS,豪華特典をアンロック！
fc294c68bc3e4b71,TID_PET_RAVEN_INFO,グリードクロウの戦利品に対する執着心の前では、どんなカカシも無力です。高速の羽根で資源設備を狙い撃ちして追加ダメージを与え、敵のプライドすらも打ち砕きます。
51b09c973d0a3346,TID_CLANGAMES_TASK_USE_HERO_MINION_PRINCE,王子のパトロール
fadbe4dbc918d7f7,TID_SP_CLAIM_TASK,回収
54e6b730add1e712,TID_BP_SKIN_UNLOCKED,<skin>を回収しました！
4ac05f099878a9f6,TID_SEASONPASS_REWARD_LIST_SILVER_TRACK,シルバーパス
4d40c7ef12c706c0,TID_PET_SNEEZY_INFO,鼻詰まりは装填完了の合図です！アレルギーのせいでヒーローの後ろに控えていますが、くしゃみとともに粘液オバケ「ブーガーズ」を発射し、建物を狙います。ヒーローが倒されると、自ら前線に突撃します！
f923fff318857eb4,TID_SP_REWARD_TITLE_REQUEST_PERK,リクエストの待ち時間短縮！
c122faa5907ff531,TID_GEAR_INFO_FLAME_BREATH,灼熱の炎を吐き出して敵と施設にダメージを与えます
dc15673f259756da,TID_CLAN_PROGRESS_EVENT_SPECIAL_PROGRESS_MULTIPLIER_UNIT_DESC,<cffff99><unit></c>を使って攻撃すると、イベント通貨の獲得量が<number>増加します
0e4be13859693b76,TID_SP_TASK_INFO_HEADER,タスクを完了してポイント獲得！
1f46804598c6e2e5,TID_WEAPON_EARTHQUAKE_SPELL,アースクエイクの呪文タワー
933923fd0a234af7,TID_SP_TASK_DONATE_REINFORCEMENTS,援軍を送る
2f42761c51402bab,TID_SEASONPASS_TOOLTIP_POINTS_REQUIRED,<num>ポイントでこの報酬をアンロックできます。
320577ba37e347c3,TID_SEASONAL_DEFENSE_LAVA_LAUNCHER_MODULE_HP,
bac505d9fdbf5f27,TID_TROOP_DAMAGE_PERCENT,ユニットへのダメージ（％）：<number>
27ddd540fa25d465,TID_SEASON_PASS_PERK_GEM_DESC_NO_SELF_DONATE,クイック寄付のコストが1エメラルドになります。
e637d908a2187d3b,TID_PET_RAVEN_INFO_SHORT,厄介なペットが上空から戦利品を襲います！
6de0bae441ad8d67,TID_SP_TASK_WIN_BATTLE,バトルに勝利する
9e51ccc4c4b97312,TID_DAMAGE_RADIUS,ダメージ範囲（タイル）：<number>
60234de0ba6e0cc9,TID_VILLAGER_PROSPECTOR_INFO_ITEM1,探鉱者は毎日1回、鉱石を別の種類の鉱石に変換できます。
a8bf377b96f4f55e,TID_DESERTNIGHTS_KING,デザート キング
ed68f9f0ee9c85b6,TID_EP_EQUIPMENT_REWARD_NO_HERO_TEXT,この装備は<hero>専用です。ヒーローホールをレベル<level>までアップグレードして、アンロックしましょう！
41c981bf8c6e41fb,TID_BP_PERK_ACTIVATED,<perk>が有効になりました（<num>％）！
1fbe514780c473f0,TID_DECO_DARKNESS_THRONE_INFO,心地よいクッションに身を預けながら、闇の玉座から部隊を指揮しましょう！
71b1cb6f7168224f,TID_SPELL_RADIUS,半径（タイル）：<number>
14f2063cd4a2da03,TID_LNY26_CHAMPION,赤鬼 チャンピオン
9487b77209194ed0,TID_SP_CATCH_UP_POINTS,<mult>
c10822678bd38ec8,TID_SEASON_PASS_REWARDS_RUNES,戦利品とルーン
d3252a3c5363fdfa,TID_SEASONPASS_BANNER_TEXT_PERKS_TITLE,豪華特典をアンロック！
45f7e5d255d0adb9,TID_SP_PURCHASE_WARNING_TEXT,シーズン終了まで残り<cff0000><time></c>です。終了後は特典が失効し、未回収の報酬は自動回収またはエメラルドに変換されます。\n\n本当に購入しますか？
1fe8db13b348bd0a,TID_AURA_HITPOINTS_INCREASE,オーラによるHP上昇（％）：<number>
ad8018f0a1414871,TID_DECO_BUILDER_HEAD,大工の胸像
1f4de013a5fe51ba,TID_BP_PERK_RESEARCH_BOOST_DESC,ユニット、呪文、ペット、突破兵器のアップグレードに必要な時間と資源が<num>％減少します。ゴールドパスで獲得可能な特典です！
3e66974f6717c549,TID_TITLE_PIGGY_BANK_BONUS,＋ホグのシーズン資源ボーナス
e41eb780b7f47dea,TID_SP_STORAGE_FULL,保管施設がいっぱいです！
a25b326c5447b54f,TID_VILLAGER_PROSPECTOR_AMOUNT_ZERO,変換する鉱石を選択してください！
fff67c87dabe334f,TID_SEASON_PASS_CHEST_INFO,宝箱を開けて貴重なアイテムを手に入れましょう！
3fdd608cee494dbb,TID_SEASON_PASS_PERK_RESEARCH_DESC,ユニット、呪文、ペット、突破兵器のアップグレードに必要な時間と資源が最大<num>％減少します。
757ded47c8e8afe7,TID_PROSPECTOR_GP_AD_TITLE,探鉱者をゴールドパスでアンロック！
4988cefe6c020b0c,TID_DESERTNIGHTS_QUEEN,デューン クイーン
b5c002e1648671d9,TID_SC_PAY_SETTINGS,Supercell Store 購入手続き
7b0632e19b83f071,TID_ALL_REWARDS_CLAIMED,全報酬を回収しました
6cfdf06feaaccd76,TID_SP_GET_GEM_ALTERNATIVE_TEXT,魔法アイテムの保管スペースが足りないため、一部のイベント報酬を受け取れません。\n\n入りきらない分を<cb3f357><amount>エメラルド</c>で売却しますか？
e738c51b7684e5b1,TID_DECO_DARKNESS_THRONE,闇の玉座
f96d55714a43d7d8,TID_DECO_BUILDER_HEAD_INFO,ヒゲのおかげで賢く見えますが、実は何も考えていません。
b2ffa94a2168e5f1,TID_EP_EQUIPMENT_REWARD_NO_HERO_TITLE,ヒーローが必要です！
ed1e1e5b8f8a11b4,TID_NEW_TASK_CARDS_INTRO,チーフ！タスクを繰り返し完了して、シーズン報酬グレードを進めましょう！
17b789982c42e4e6,TID_DECO_BONE_IDOL,ドクロの偶像
ccd0243c4a023e99,TID_SEASONPASS_BUTTON_REWARDS,報酬
fe2eb86827a0ce86,TID_BP_PERK_MAXIMUM_QUICK_DONATE,エメラルド援軍を回収しました！
3865929d1008afbf,TID_INFO_ARMY_PRESET_TAG,タップ＆長押しでお気に入り編成を並べ替え
3fc4c6cb527fe64d,TID_SEASON_PASS_ITEM_UNLOCKED,アンロックしました！
8baaa9c85e7191be,TID_SEASON_PASS_BANK_PAYOUT_MUL_SP,ゴールドパスでアンロックしてシーズン資源<num>倍ボーナスを獲得しましょう！
6cc0fa5ee4ee9d22,TID_CLANGAMES_TASK_USE_HERO_ROYAL_CHAMPION,現役チャンピオン
3098e004a175938d,TID_HERO_TAVERN_HERO_LOCKED_BY_CALENDAR_LOCKED,まだロック中です！ヒーローホールレベル<level>で近日登場します！
cc87a3cfc4ed4d59,TID_SP_ALL_TASKS_COMPLETED_TITLE,全タスク完了！
81c1281b90d66253,TID_SEASONPASS_REWARD_LIST_GOLD_TRACK,ゴールドパス
c95b85dd9dc26891,TID_GEAR_TITLE_BABY_DRAGON_PUPPET,
361ef8a55ff971cc,TID_SEASONPASS_PURCHASE_SCREEN_DISCOUNT,特別割引！
62ae9f9184d4835f,TID_LNY26_QUEEN,幻霊 クイーン
4220806b240a8b13,TID_INFO_LEADERBOARD_AVERAGE_ATTACK_DESTRUCTION,<number>％
6f767f61b0e7c115,TID_DECO_HOGSKULL,ホグスカル
a7ac10a0a7acb91d,TID_KNOCKBACK,ノックバック距離（タイル）：<number>
b91a99f2b17c5956,TID_EARTHQUAKE_INFO,大地を揺らして地上の標的をボロボロにしましょう！\n\n「アースクエイク」の呪文は、標的の最大ヒットポイントに比例したダメージを与えます。同じ標的に繰り返し使うと威力は弱くなっていきますが、どんな壁でも4発で木っ端微塵です！
5f7d38b09bab8714,TID_HARD_MODE_MINUS_ONE_DESC,・防衛設備の攻撃力が15％上昇・防衛側のヒーローの与ダメージとヒットポイントが15％増加・攻撃側のヒーローは、与ダメージとヒットポイントが5％減少
827d1c6ba023f3aa,TID_GEAR_TITLE_DEADLY_DASH,ロケットバックパック
fe13c760c3a529d4,TID_LNY26_MINION_PRINCE,牛魔王 プリンス
6dc078e951f4b7dd,TID_SP_TASK_CARD,シーズンタスクカード
877d33c537392635,TID_PTE_PERK_BUILDING_BOOST_DESC,施設の建設およびアップグレードに必要な時間と資源が<num>％、造幣所での造幣に必要な時間と資源が<num>％減少します。ゴールドパスで獲得可能な特典です！
243d0284c6da1d94,TID_EQUIPMENT_LOCKED_UNKNOWN_REASON,ロック中
a1de2ee28af92a68,TID_HERO_TAVERN_HERO_LOCKED_BY_CALENDAR,もうすぐ解放！
24da4ed9857ded21,TID_BP_AUTO_REWARDS_TITLE,シーズン資源が回収されました
699a02e1956c2236,TID_DECO_HOGSKULL_INFO,嘘みたいな話ですが、ホグの頭蓋骨はあのゴーレムよりも重いそうです。
e33e4b234e780b42,TID_SEASONPASS_REWARD_CLAIMED,回収済み
e7f311764e1b35b2,TID_SEASONAL_DEFENSE_AIR_BOMBS_MODULE_EFFECT,
98a3819e86a2e1c9,TID_SHOP_STASHED,収納中：
65ddea040e43271c,TID_GEAR_TITLE_RING_OF_FIRE,
de2ad9caa4ae6778,TID_BANK_BUILDER_BASE,大工のシーズン資源
44c4a58ed8b1d815,TID_HEROES_FEATURE_DESCRIPTION,戦闘では部隊を率い、防衛では守備の要になってくれます。
e5c6a64cd14a9c55,TID_SUPERDECO_BARBBLE_HEAD,バーブルヘッド
3f3d12dd79e92dea,TID_PROSPECTOR_CANT_CONVERT_SAME_RESOURCE,同じ種類の鉱石には変換できません
a75edb19c0e2c098,TID_SUPER_TROOPS_FEATURE_DESCRIPTION,従来のユニットにはない能力とオシャレな髪型を引っさげて、スーパーユニットが参戦します！
39f8d5b1789b9938,TID_HARD_MODE_MINUS_TWO_DESC_LIST,・<cff4b84ff>防衛設備</c>の攻撃力が10％上昇\n・<cffff4ba8>防衛側のヒーロー</c>の与ダメージとヒットポイントが10％増加
ee26ecb81b41fedb,TID_SEASON_PASS_UNCLAIMED_FILTER,未回収の報酬のみ
526f3c4002350937,TID_HERO_RECHARGE_TIME,再チャージまでの時間（秒）：<number>
2a9a21ab2ed3e394,TID_GEAR_TITLE_FLAME_BREATH,フレイムブロワー
89a8b57a1a4ecf87,TID_GEAR_INFO_PROTECTIVE_CLOAK,自身のヒットポイントを大幅に回復します
976b8ef2a2e32703,TID_INFO_SEASON_BANK,戦闘で追加の資源を獲得しましょう！集めたシーズン資源は、シーズン終了時にすべて保管施設に移動します。
8d438a40db53fe69,TID_SEASON_PASS_REWARD_LIST_HEADER,パス報酬
53126a02949ec885,TID_SEASONPASS_PURCHASE_SCREEN_SKIN_AD,限定ヒーロースキン！
ab2844f863d7809d,TID_SP_CONGRATULATIONS,おめでとうございます！
553dbfaf72605f19,TID_CLANGAMES_TASK_USE_HERO_BATTLE_COPTER,プロペラパニック
a9d02fae55394f1f,TID_SP_CHOOSE,選ぶ！
7237c158a5d18fe0,TID_SP_REWARD_TITLE_BUILDER_PERK,建設速度アップ＆コストダウン！
68ac53d388e8f212,TID_PROSPECTOR_GP_AD_EXPIRES,有効期間
a9562a7d5d89a27e,TID_GP_POP_NEW_SEASON_IS_HERE,<name>シーズンが開幕！
ac6d4d51e545e80f,TID_SP_COMPLETED,シーズンパス完了！
f33bad5f597c3fe3,TID_BP_REWARDS_LIST_TITLE,パス報酬
3d8c1caae823d415,TID_PROSPECTOR_GP_AD_TEXT,ゴールドパスで鉱石を毎日変換！
c23d4707c4a74887,TID_SEASONPASS_PURCHASE_SCREEN_SHOP_LINK,情報
f86c9833eff4b6b7,TID_SCENERY_LNY26,火馬の年
76a1cb7b120b3d36,TID_DESERTNIGHTS_MINION_PRINCE,ジーニー プリンス
abf2a3db7ca4c932,TID_GP_PURCHASE_COUNTDOWN,シーズン終了まで<time>
ec39514001c65f99,TID_SEASON_PASS_PERK_ACTIVE,有効
baa70193714a014d,TID_SEASONPASS_PURCHASE_SCREEN_TEASER_TEXT,スキン、特典、アイテムなどをアンロック！
281a59a44669b6f5,TID_PET_ABILITY_RAVEN,シャインスイープ
e7e1817096635372,TID_SEASONAL_DEFENSE_AIR_BOMBS_MODULE_ATTACK,
12b6df64b3a4f4b1,TID_SP_TASK_COMPLETE_STAR_BONUS,星ボーナスを獲得する
9894280f4a933285,TID_SCENERY_DESERT_NIGHTS,月下の砂漠
7b5ee9e256fbdd4a,TID_SEASONAL_DEFENSE_LAVA_LAUNCHER_MODULE_EFFECT,
bd7cb70a1ac9e5d4,TID_SPELL_DUPLICATE_HOUSING,クローン可能収容スペース：<number>
c6d434901c6b0cad,TID_SP_REWARD_TITLE_RESEARCH_PERK,研究速度アップ＆コストダウン！
5fd48caa5569391c,TID_VILLAGER_PROSPECTOR_INFO_ITEM3,ゴールドパスを進めて探鉱者をアンロックすると、シーズンが終わるまで使用できるようになります。
03d3c4cbd835883e,TID_PROSPECTOR_ASSIGN_BUTTON,鉱石を変換
2f1a6f102ead6b4b,TID_BUILDING_DAMAGE_PERCENT,施設へのダメージ（％）：<number>
827ac34bf3d07437,TID_GP_POP_RUNES,ルーン
c2a07095f001a57c,TID_PROSPECTOR_LEVEL_DESC,シーズン終了までヘルパーの小屋で毎日鉱石を変換できるようになります。ゴールドパスで獲得可能な特典です！
097dcd4ad7541893,TID_SP_REWARD_TITLE_PROSPECTOR_PERK,追加サポート！
feee7b119a196c8e,TID_COOLDOWN_RANKED_MODE,部隊がまだ戦闘中です！戦闘が終了するまでお待ちください。
5469282cb498f5bf,TID_SP_ALL_TASKS_COMPLETED_MORE,タスクカードの追加まで：
bbe9b4b6a28984d7,TID_PROJECTILE_SPELL_TOTAL_DAMAGE,火傷ダメージ：<number>
9262861ef3b8771c,TID_SP_TASKS_INFO_TITLE,シーズンタスクカード
177ac01c6738f4d0,TID_NERF_DAMAGE_PERCENTAGE,減少後のダメージ（％）：<number>
8ab2f9852f396bad,TID_FREEZE_TIME,スローダウンの効果時間（秒）：<number>
70766a5f54162a2e,TID_HARD_MODE_MINUS_THREE_DESC_LIST,・<cff4b84ff>防衛設備</c>の攻撃力が5％上昇\n・<cffff4ba8>防衛側のヒーロー</c>の与ダメージとヒットポイントが5％増加
7a0b9d6a024daeb9,TID_HEROJELLY_BANNER_NOT_ALL_HEROS_DESCRIPTION,アップグレード中もバトルで<hero_name>を使用できます！
6a8b24c10f68f987,TID_SP_RESOURCE_REWARD_GET_GEM_ALTERNATIVE_TEXT,保管スペースが足りないため、一部の<resource>を受け取れません。\n\n入りきらない分を<cb3f357><amount>エメラルド</c>で売却しますか？
a05c3a5707394d1f,TID_HARD_MODE_MINUS_ONE_DESC_LIST,・<cff4b84ff>防衛設備</c>の攻撃力が15％上昇\n・<cffff4ba8>防衛側のヒーロー</c>の与ダメージとヒットポイントが15％増加\n・<cffff4ba8>攻撃側のヒーロー</c>は、与ダメージとヒットポイントが5％減少
2666247f1e6d8280,TID_SP_POPUP_AD_DESC_PERKS_GP,報酬グレードから特典をアンロックしましょう。
5ae59f42c1eb1c56,TID_SEASONAL_DEFENSE_AIR_BOMBS_MODULE_HP,
43b282043d2515fb,TID_SEASONPASS_BANNER_TEXT_VALUE_TITLE,ヒーロースキンをアンロック！
e1673060d5d2438d,TID_PIGGY_BANK_TITLE,ホグのシーズン資源
c6e2b63ea1dfcc0f,TID_GEAR_INFO_BABY_DRAGON_PUPPET,
9f65c794a791f794,TID_HERO_INFO_DRAGON_DUKE,短気が過ぎて幽閉されていた、飛行能力を持つ高耐久力のヒーローです。味方の飛行ユニットとの距離が離れると凶暴になり、ダメージが2倍、攻撃速度が1.5倍、トラップから受けるダメージが1/2になります。防衛時は、対空攻撃でのみダメージを受けます。
5b0aadb0a1456ab6,TID_SLOW_ATTACK,攻撃速度低下（％）：<number>
623c260a64ba3ab7,TID_PIGGY_BANK_DESC,バトルで得たボーナス戦利品を貯めて、シーズン終了時にまとめて受け取りましょう！
82b7097b142d92e0,TID_SEASONPASS_BANNER_TEXT_PERKS_DESC,特典を活用して建物をブースト＆アップグレード！
5ae620ad2ba37c59,TID_GP_POP_BOOKS,魔法の本
c8d7d1aa3bc98c15,TID_SP_TASKS_INFO,建設やバトルでタスクを完了してポイントを集めましょう！
2d1afbb94e35700d,TID_VILLAGER_PROSPECTOR_INFO_ITEM2,1度変換作業を行うと、24時間の休息が必要になります。
2673419cfa21726d,TID_OBSTACLE_FACEMELTER,フェイスメルター
1d8d13b0fabd4470,TID_SPELL_RECALL_HOUSING,リターン可能収容スペース：<number>
109cac6620cb85e0,TID_HEROJELLY_EVENT_SINGLE_HERO_TITLE,<hero_name>使い放題！
4693e172d36ad27d,TID_SP_HUD_NEW,NEW!
0ea5a7f6381645da,TID_SP_REWARD_TITLE_GEM_DONATION_PERK,少額のエメラルドで援軍補充！
2077d73cba6702d8,TID_PIGGY_BANK_GP_DESC,アンロックすると、シーズン終了時に受け取れる報酬が<num>倍になります！
8df4d071504f0432,TID_EP_MULTIPLE_REWARD_FORMAT_SIMPLE,<reward>x<num>
cd86f590ee5f2333,TID_DESERTNIGHTS_CHAMPION,ミラージュ チャンピオン
cfd92feb23c9b335,TID_BP_AUTO_CONVERSION_TEXT,所持上限を超えた報酬はエメラルドに変換されます。
1bfe837ea7b2f3ea,TID_DRAGON_DUKE_PASSIVE_ABILITY_NAME,ロイヤルランページ
7b8bb4ed57c1ce1c,TID_SP_GET_GEM_ALTERNATIVE_TITLE,保管施設がいっぱいです
326c48d85ff40d24,TID_HIDE_EFFECT,エフェクト非表示
c5e0b7307331e8ad,TID_SP_TASK_INFO_01,タスクを繰り返し完了して、シーズン報酬グレードを進めましょう！
135299aaf506e6c8,TID_SEASON_PASS_BANK_PAYOUT_MUL_GP1,<num>倍のボーナス戦利品をゲット！
ce3b0f7cca0c7e3f,TID_PET_RAVEN,グリードクロウ
70b48598a5c3f9a4,TID_SP_TASK_DESTROY_TOWNHALLS,タウンホールを破壊する
b845ba8a23854de0,TID_HASTE_DAMAGE,ダメージ上昇（％）：<number>
c7bed1980e87ba7e,TID_PROSPECTOR_APPRENTICE_INFO,探鉱者
b6acd6b6059dcee9,TID_DECO_MECHA_BULL,メカブル
9d35e7ee5bde7159,TID_WL_NORMAL_WAR_AVAILABLE_TEXT,リーグへの参加には<num>人以上のクランメンバーが必要です。参加しないクランも、\nリーグ登録期間が終了すれば通常のクラン対戦を開始できるようになります。
151df772efa761d6,TID_SLOW_SPEED_AND_ATTACK,移動／攻撃速度低下（％）：<number>
f6902c9ee9eb65ed,TID_CLANGAMES_TASK_USE_HERO_GRAND_WARDEN,グランドステージ
e7fdd54c9ef6ff07,TID_PET_ABILITY_INFO_RAVEN,資源設備を狙い撃ちして追加ダメージを与える
5ea8af0bc15446cb,TID_SHIELD_PROTECTION,ダメージ軽減（％）：<number>
03d8e40976966159,TID_LOCAL_NOTIFICATION_PET_SHOP_UPGRADE_DONE,<item>をレベル<level>にアップグレードしました
36798cf2db9a807c,TID_BP_PERK_GEM_DONATION_COST,エメラルド援軍
25ccb80e429bff4f,TID_DRAGON_DUKE_PASSIVE_ABILITY_HELP,味方の飛行ユニットから距離が離れると、与ダメージが<num>％、攻撃速度が<num2>％上昇し、トラップから受けるダメージが半減します。
3e3ab5ae12bff810,TID_PET_DIGGY_INFO_SHORT,地中から飛び出して防衛設備にスタン効果を与えながら攻撃します。
0aa4d34bc22e3f82,TID_SP_CLAIM_AND_USE,今すぐ回収して使用
3d20e87e5708aab5,TID_GIVEN_ABILITY_BOOST_DAMAGE_PERCENTAGE,<ability>のダメージ上昇（％）：<number>
1810581fd8109193,TID_SEASONAL_DEFENSE_ROASTER_MODULE_ATTACK,
47da1f263b4b24aa,TID_TOOLTIP_CHEST_INFO,宝箱
da1720b039bb2bef,TID_GIVEN_ABILITY_NERF_DAMAGE_PERCENTAGE,<ability>の減少後のダメージ（％）：<number>
32ff562de525f457,TID_SEASONPASS_BANNER_TEXT_VALUE_DESC,限定特典＆その他報酬を獲得できます。
52a2f10c76617d09,TID_SUPERDECO_BARBBLE_HEAD_INFO,3x3サイズのデコレーションです。ブルブル揺らしてみましょう。
db98685e90670e3a,TID_BUILDING_SD_LAVA_LAUNCHER_INFO_SHORT,溶岩発射！
1044bc5066de027e,TID_PROSPECTOR_WAIT_WORKING,探鉱者は作業中です。今しばらくお待ちください！
a300e25ecf72ef09,TID_SP_POPUP_AD_DESC_PERKS_SP,ゴールドパスで村の成長を加速させましょう。
63d493901e4f50c0,TID_SEASONPASS_BUTTON_MISSIONS,ミッション
31d7fbc6861a5ae5,TID_TITLE_SEASON_BANK,ホグのシーズン資源
90d5cf704fed0464,TID_SEASONPASS_TOOLTIP_HELPERHUT_HOME_INFO,村にヘルパーの小屋を設置してください。
8c33078170528086,TID_CHARACTER_INFO_FURNACE_SHORT,好奇心旺盛なファイアマイトが解き放たれ、見つけた施設を焼き尽くします！
00f4ac238bb07c49,TID_WAR_ATTACK_CONFIRM_INFO,準備は万全ですか？実行すると、残っている攻撃回数を1つ消費します。
42c17777001dd636,TID_SEASONPASS_TOOLTIP_GOTO_SHOP,ショップへGO！
4b25b0bce44b9e55,TID_ALLIANCE_PROFILE_PET_LOCKED,ペット小屋レベル<level>でアンロック！
921ed60d1a0259b5,TID_GP_POP_BUILD_RESEARCH,進捗を加速
dc579fc810a1ca51,TID_SEASON_PASS_PERK_GEM_DESC,クイック寄付と自分のクランの城への援軍追加コストが1エメラルドになります。
6af51feb5a662ba8,TID_SEASON_PASS_PERK_UNLOCKS_AT,アンロック：
189c25c5258904af,TID_EARTHQUAKE_TOWER_SHORT,アースクエイク
78956ad234e8cc04,TID_CLAN_PROGRESS_EVENT_ENDED,クランラッシュイベントが終了しました。未回収の報酬は自動的に回収されます。
ae7d3f734b96a62a,TID_CLANGAMES_TASK_USE_HERO_DRAGON_DUKE,解放されし公爵
d0b68cf231b450a7,TID_BUILDING_SD_AIR_BOMBS_INFO_SHORT,樽型爆弾の集中砲火！
90ec754b451e6b41,TID_BP_PROSPECTOR_ACTIVATED,探鉱者を回収しました！
6a5a655ac74ae851,TID_SEASON_PASS_BANK_PAYOUT_TOOLTIP_TEXT,シーズン終了時に受け取れるシーズン資源が<num>倍になります。
ab21ccabf05cb232,TID_DESERTNIGHTS_WARDEN,ソーサラー ウォーデン
5143e1a17d65d1d3,TID_GEAR_INFO_RING_OF_FIRE,
35e97eae983ea4ee,TID_SP_CHOICE_HEADER,報酬を選択！
8cd0dd26cfa8f5fd,TID_ALLIANCE_PROFILE_BUILDER_BASE_HERO_LOCKED,<building>を建設してアンロック！
4431972abb227ce6,TID_SEASONPASS_PURCHASE_SCREEN_TITLE,報酬がパワーアップ！
0d22048aa7fef362,TID_SEASON_PASS_REWARD_LOCKED,この報酬をアンロックするにはゴールドパスが必要です。
4a5913f31823b899,TID_ONE_GEM_SELF_DONATE_NEED_PREMIUM_PASS,援軍をエメラルドで購入するにはゴールドパスが必要です
43d6167851fb20e6,TID_SP_TASK_CARD_BONUS,ボーナス
5630e49ac7b16ee0,TID_SP_DAILY_TASKS,デイリータスク
b51adb0c8d07cb0f,TID_BUILDING_SD_AIR_BOMBS,対空爆弾
eab119a12ae55440,TID_DIE_DAMAGE,撃破時ダメージ：<number>
96e30cc1c04a74eb,TID_CLANGAMES_TASK_USE_HERO_BATTLE_MACHINE,凶悪マシン
04e65254068bd486,TID_SUPER_TROOP_LEVEL_TOO_LOW_NO_COLOR,レベル<num>の<troop>が必要です。
ac1cd45b811afbc6,TID_SCENERY_FROSTAGE,極寒時代
498db8040d1660a3,TID_SEASON_PASS_BANK_PAYOUT_MUL,ホグのシーズン資源増量
9c959de05fbce7a8,TID_SEASONAL_DEFENCE_SEASON_3_TITLE,クラフトフェーズ
607afb7ecc5b9de9,TID_SP_TASK_INFO_03,
43109b389434eef3,TID_GEAR_INFO_STUN_BLAST,衝撃波を放ち、周囲の敵と施設にダメージとスタン効果を与えます
e538d9afc6fe1426,TID_SP_SELL_FOR_GEMS,<cb3f357><amount>エメラルド</c>で売却
faab1fab85358488,TID_BP_PERK_CLAN_CASTLE_REQUEST_COOLDOWN,援軍リクエスト待ち時間短縮
3aa8b017afb8e793,TID_SCENERY_CLASSIC_METEOR,クラシック（隕石）
e506988f8e0b1e21,TID_GEAR_INFO_FIRE_HEART,ヒットポイントを徐々に回復し、ドラゴンデュークが倒されると爆発して周囲を炎で包みます
5997ccf8c67e24f9,TID_SEASON_PASS_BANK_PAYOUT_MUL_GP2,シーズン資源<num>倍ボーナスが有効です！
bf00ba630616d8bc,TID_POPUP_ADD_CHARGE_EFFECT,<resource><cost>個で<item>にチャージエフェクトが追加されます。エフェクトはいつでもオンとオフの切り替えが可能です。
bea91ec3a6e35cea,TID_CLAN_PROGRESS_EVENT_SPECIAL_PROGRESS_MULTIPLIER_STAR_DESC,攻撃で<cffff99>星を<count>個</c>獲得すると、イベント通貨の獲得量が<number>増加します
c8e781638c215994,TID_HINT_SPELL_EARTHQUAKE2,「アースクエイク」の呪文を同じ標的に繰り返し使うと、徐々にダメージが減少します。
9d162783c31fae4b,TID_HERO_HEAL_PERCENT,ヒーローの回復量（％）：<number>
abe3f5a445fbb70d,TID_BUILDING_SD_LAVA_LAUNCHER,ラヴァランチャー
7ebd8a68b5a13347,TID_PIGGY_BANK_GP_TITLE,ホグのシーズン資源増量
2bb2b2b5417933e4,TID_SEASON_PASS_PERK_PROSPECTOR_DESC,探鉱者がアンロックされ、毎日鉱石を変換できるようになります。
56a86b112ad7a396,TID_SP_CHOICE_OR,<val1>または<val2>を選択
f89511552e9cc7cf,TID_CAPITAL_GOLD_TOOLTIP_DESCRIPTION,クランの都で都ゴールドを出資し、施設を建設してアップグレード＆新地区をアンロックしましょう。
288f44745ddaab3a,TID_BUILDING_SD_LAVA_LAUNCHER_INFO,大工の拠点からアツアツデリバリー！ラヴァランチャーは遠距離から敵単体に溶岩を撃ち落とし、周囲一帯を灼熱地獄へと変貌させます。地上ユニットは文字通り、足の踏み場もありません。
916e61f24a9433a6,TID_UPGRADING_TOWN_HALL_FIRST,タウンホールの配置が防衛のカギです！
a8cf17f5449b5d28,TID_BP_PERK_GEM_DONATION_LIST_FORMAT,エメラルド援軍
6bdc2e17b80db58b,TID_EQ_EQUIPMENT_REWARD_ALREADY_OWNED,入手済み装備です
e4ddf4db3b113ee1,TID_BANK_HOME_VILLAGE,村のシーズン資源
b7cd764b36112188,TID_GEAR_INFO_DEADLY_DASH,炎を吐きながら村の中央を一気に駆け抜け、その間は攻撃も受けません
e2c89fc97cabe994,TID_WALL_WIZARD_TITLE,<building> x<number>
6ad16d00df613242,TID_SP_PERK_GEM_DONATION_COST_ALLOW_SELF_DONATE,クイック寄付と自分のクランの城への援軍追加コストが1エメラルドになります。ゴールドパスで獲得可能な特典です！
24305c4c3d9a9395,TID_PROSPECTOR_WAIT_COOLDOWN,探鉱者は休憩中です。今しばらくお待ちください！
8259f36409f6d1cb,TID_GEAR_TITLE_FIRE_BLAST,
547e240f8ca9be10,TID_BP_PERK_GEM_DONATION_COST_DESC,クイック寄付のコストが1エメラルドになります。ゴールドパスで獲得可能な特典です！
eea77afc3b39bd45,TID_SP_REWARD_TITLE_AUTO_FORGE_PERK,造幣量アップ＆コストダウン！
d24b685009867528,TID_WL_INFO_SIGNUP_TAB2_TEXT,<cFCE27F>クラン対戦リーグでもらえるものは？</c>\n\n言わずもがな、輝かしい栄光です... が、それ以外にもクラン対戦リーグに参加しなければ手に入らない特別な報酬もあります！戦闘週間に星を獲得するとリーグメダルを獲得でき、上位のリーグに所属していれば、もらえるリーグメダルも多くなります。苦労して手に入れたリーグメダルは、ショップで希少な魔法アイテムやその他の賞品と交換しましょう。\n\n<cFCE27F>リーグメダルを入手する方法は他にもある？</c>\n\nクランリーダーは、一定数のボーナスメダルを参加メンバーに支給できます... 戦闘を行わなかったメンバーにもです！また、規模の大きいクラン対戦ほど獲得できるボーナスが増加し、リーグが上がるにつれてボーナス内容も豪華になります。さらに、勝利ごとに追加ボーナスを1つ獲得できます。
6575918d6bc1e9c5,TID_SP_CLAIM,回収！
159513d3b1cdff83,TID_SEASON_PASS_COSMETICS,外見変更アイテム
a711d9c5ba2369ae,TID_HARD_MODE_DESC_LIST,・<cff4b84ff>防衛設備</c>の攻撃力が20％上昇\n・<cffff4ba8>防衛側のヒーロー</c>の与ダメージとヒットポイントが20％増加\n・<cffff4ba8>攻撃側のヒーロー</c>は、与ダメージとヒットポイントが20％減少\n・<cff4ebd59>ノーマル装備</c>は3レベル低下\n・<cff4ebd59>スーパーレア装備</c>は6レベル低下
ad5cfe934e7d8056,TID_SEASON_PASS_REWARD_LIST_BUTTON_TEXT,報酬\n一覧
f3807d4f0b031de3,TID_GP_POP_PERKS,スペシャル特典
87ab5bd395db92f9,TID_SIEGES_FEATURE_DESCRIPTION,戦闘で援軍を搭載できる特別な兵器です。突破工房で建造できます。
0f84dcd0df716c8d,TID_BANK_FULL,シーズン資源上限到達
6f0a771223aed902,TID_PROSPECTOR_GP_AD_TITLE2,探鉱者の力で鉱石を変換しましょう！
5d568ee42727c838,TID_ATTACK_RANGE_TILES,攻撃範囲（タイル）：
419b3d3adeb146e4,TID_SP_TASK_INFO_SUBTITLE,タスクカード
48ba5dadf5733629,TID_BP_PERK_CLAN_CASTLE_REQUEST_COOLDOWN_DESC,クランの城の援軍リクエストの待ち時間が<num>％短縮されます。ゴールドパスで獲得可能な特典です！
0390e604c56d6470,TID_TITLE_SEASON_BANK_REWARDS,ホグのシーズン資源報酬
262938e9cdedec31,TID_DEATH_FREEZE_TIME,撃破時フリーズ（秒）：<number>
b13cc7b440fb8a22,TID_SUPERCHARGE_DECOS_INFO,デコレーション、または障害物のシャベルを使用した障害物にチャージエフェクトを追加します。このセールを選択すると、適用対象となる村のオブジェクトがすべてハイライトされます。エフェクトはいつでもオンとオフの切り替えが可能です。
d9906a862da18d53,TID_DECO_BONE_IDOL_INFO,3x3サイズのデコレーションです。タップするたびに違う偶像が現れます。
7a4725d3cbeb0398,TID_CLANGAMES_TASK_USE_HERO_ARCHER_QUEEN,女王の覇権
bd309625f8c2a5e4,TID_BP_PERK_BUILDING_BOOST_DESC,施設の建設およびアップグレードに必要な時間と資源が<num>％、造幣所での造幣に必要な時間と資源が<num>％減少します。ゴールドパスで獲得可能な特典です！
52a9999dad1c0475,TID_PROSPECTOR_CONFIRM_ASSIGN_JOB,探鉱者を<building>に派遣しますか？
6ac15e2414796548,TID_SP_TASK_UPGRADE_BUILDING,任意の施設をアップグレードする
a609e269ea2cb967,TID_BUILDING_ROASTER,バーナー
ba5e135b96f24203,TID_REQUIRE_HERO_UNLOCKED,アンロックには<hero>が必要です
f6a97756e25ec926,TID_RANKED_LOG_PREVIOUS_LISTING,前回のランクモードの順位
eb428f81396d2d33,TID_SEASON_PASS_BANK_PAYOUT_MUL_DESC,シーズン終了時に受け取れるシーズン資源が<num>倍になります。ゴールドパスで獲得可能な特典です！
22e84eb15fec76b2,TID_CHARACTER_INFO_BALLOON_SHORT,華奢な乗組員が上空から防衛設備を破壊します。
3c393910fab47dba,TID_SEASONPASS_BANNER_TEXT_SEASON_NAME,シーズン名
6ba371e179ba5f2b,TID_HARD_MODE_MINUS_TWO_DESC,・防衛設備の攻撃力が10％上昇・防衛側のヒーローの与ダメージとヒットポイントが10％増加
71ba697a94edb100,TID_BUILDING_ROASTER_INFO_SHORT,敵を苦しめる灼熱地獄！
cf70a669914b9761,TID_SP_TASK_INFO_TIMER,タスクカードの追加まで：<time>
1802c8190068f753,TID_SEASONAL_DEFENSE_ROASTER_MODULE_EFFECT,
5334b9423cdad8bf,TID_ALCHEMIST_APPRENTICE_INFO,錬金術師は資源を1日1回まで変換することができます。レベルアップすると作業効率が上がります！
b092ab8b5ca92073,TID_INFO_LEADERBOARD_AVERAGE_ATTACK_STARS,<number>％
b05a2159baa49e76,TID_SHIELD_LOW,低
ce91ecae3c0a5cef,TID_CLANGAMES_TASK_USE_HERO,<hero>を使い、マルチプレイで星1個を<num>回獲得する。
e643bcb10f545930,TID_ALLIANCE_PROFILE_GUARDIAN_LOCKED,タウンホールレベル<level>でアンロック！
92d2269599de9235,TID_SP_TASK_UPGRADE_HERO,ヒーローまたはペットをアップグレードする
9d15c535acc30ebc,TID_SP_POPUP_AD_DESC_PERKS_UNLOCKED,全特典をアンロックしました。
63ab0cf5af0b76f3,TID_DRAGON_DUKE,ドラゴンデューク
353269df451a7201,TID_PROSPECTOR_INFO,探鉱者は毎日1回、鉱石を別の種類の鉱石に変換できます。ゴールドパスを進めてアンロックすれば、シーズンが終わるまで使用可能です！
cfef55d7e7ccc3b8,TID_HINT_SPELL_EARTHQUAKE1,「アースクエイクの呪文」は、地上で密集している高ヒットポイントの標的に大打撃を与えることができます。
739fdd37abd210a2,TID_TRAP_EJECTOR_BB_INFO_SHORT,マスター大工の一番嫌いな仕事はバネの巻きなおしです。
1425a833abf94b98,TID_LNY26_KING,妖猿 キング
ba96be2470e85304,TID_HERO_INSTRUCTIONS_MINION_HERO,「闇の王子」の二つ名はあくまで自称ですが、その実力は本物です！空中から文字通りの''黒''魔術でターゲットを攻撃します！防衛時は、対空攻撃でのみダメージを受けます。
e88e19dee3ceeaad,TID_ALLIANCE_PROFILE_CAPITAL_ITEM_LOCKED,<building>を建設してアンロック！
5aef1a230dbcfd21,TID_HERO_TAVERN_HERO_LOCKED_UNKNOWN,ロック中
eed8135d0fa9f47b,TID_PROSPECTOR_NOT_ENOUGH_RESOURCES,<resource>が足りません
e8e4ee3674fd4ca6,TID_POPUP_HEADER_ABOUT_TO_CANCEL_SPELL,売りますか？
691812eb53a94a46,TID_POPUP_TEXT_RELOAD_ALL_INFERNOS,<resource> <number> 個で全てのインフェルノタワーを満タンにしますか？
5e8087ae4ed777ca,TID_OBSTACLE_HALLOWEEN2014,ハロウィーンの墓石
d309c55abe0a2737,TID_WAR_TEAM_TAB_DEFENSES,防衛設備
27d3346df4af3155,TID_FAQ_TEXT_GEM_BOX,埋蔵エメラルドは、全てのプレイヤーの村にランダムに出現します。出現頻度もランダムですので、プレイヤーによって手に入る埋蔵エメラルドの量に差があると感じることがあるかもしれません。実際には、長い目で見れば、全てのプレイヤーが同じ数の埋蔵エメラルドを獲得できるようになっておりますので、ご安心ください。
a4b4bb2ee50b0ba2,TID_FAQ_TITLE_RESET,ゲームをリセットして最初からプレイできますか？
11739e2ec047df1b,TID_HERO_ABILITY_WARDEN_DESC,グランドウォーデンがいにしえの書物に秘められた全ての魔力を解き放ち、短い間グランドウォーデン自身と近くにいる味方のユニットを、ダメージに対して無敵にします！
2df81af1fd87c563,TID_HERO_AURA_WARDEN_DESC,グランドウォーデンが持っている謎の古代アイテムは、ユニットの生命力を強化するオーラを放ち続けます。オーラはレベルが上がるごとに強力になります。攻撃時でも防衛時でも、近くにいる味方ユニットは全員ヒットポイントが増えますが、遠く離れてしまうと効果は失われます。
77614ed261bae259,TID_REMOVE_FRIEND_CONFIRMATION,クラッシュ・フレンドから<name>を削除してもよろしいですか？
4b6509dff3ff95be,TID_ACHIEVEMENT_LEAGUE_PROGRESS_3,チャンピオンリーグに到達する
4dfebaa477ce350e,TID_FAQ_TITLE_MULTIDEVICE,同一のセーブデータに複数のデバイスを関連づけられますか？
65c2a3b6aeebe815,TID_GROWTH_AURA_PERCENT,ヒットポイント上昇： <number>%
0d30e997705ca194,TID_HINT_SPELL_FREEZE_DURATION,フリーズの呪文をアップグレードして、防衛施設やユニットが動けなくなる時間をさらに長くしましょう。
f7df4cc7ca544f77,TID_ABOUT_ANDROID,"スタッフロール\n\n<names>\n\nClash of Clans ™ <version>\nCopyright 2012-2017 Supercell Ltd.\nAll Rights Reserved.\n米国特許出願中\n本ソフトウェアのご利用にあたっては、サービス利用規約およびプライバシー・ポリシーに同意いただく必要があります。具体的な内容につきましては www.supercell.net をご確認ください。\nユーザーサポートEメール：\nclashofclans.android@supercell.net.\n\nFMOD Sound System, copyright © Firelight Technologies Pty, Ltd., 1994-2017.\n\nMPEG Layer-3 audio coding technology licensed from Fraunhofer IIS and Thomson Licensing"
522aef872023d7f0,TID_ADVANCED_SEARCH_BUTTON_LESS,フィルター非表示
898c7248f5fb3ec4,TID_CONTAINER_MAX,MAX： <amount>
beb5e6cf0fb34874,TID_TUTORIAL_WORKER_MENU,いやっほう！ 建物のアイデアは色々あるぜ。まずはオレのおすすめを見てくれ！
3e4de6f3bde3faeb,TID_USE_TROOP_EVENT_ACHIEVEMENT_DESC,イベントチャレンジ： マルチプレイ戦闘で勝利しましょう！\n<cffec78>• 1<unit>を使用する必要があります</c>
d5af94814871ae3e,TID_ACHIEVEMENT_SPELL_DONATION_COMPLETED,寄付した呪文の総容量： <value>
58ec290bfed5404d,TID_LEGEND_SEASON_END_INFO_WITH_PRESTIGE,グローバルランキングで <rank> 位になり、レジェンドトロフィー<prestige>個を獲得しました！あなたの目覚しい活躍はプレイヤープロフィールに記録され、誰もが閲覧可能です。
a3aac5166b45c87f,TID_SHIELD_GUARD,寝る
6300b4be1c89182d,TID_NEWS_BIRTHDAY_TITLE,チーフ、お誕生日おめでとう！
23f4da57e941da83,TID_GAMECENTER_BOUND_TO_OTHER_ACCOUNT,<name>チーフの村（タウンホールのレベル： <number>）をロードしますか？ 警告： 現在プレイ中のゲームの進行状況は失われます。
b5db1912bc57d987,TID_RED_PROCEEDS,売上金の100%の金額が、(RED)を通じてエイズ対策支援のために寄付されます。
0765ee35cb5688c0,TID_POPUP_SPEED_UP_CONSTRUCTION,エメラルド <number> で<item>の建設を\n今すぐ終わらせますか？
ead592e52555ddae,TID_UPDATE_TROOP_LEVEL,レベル <number> にアップグレード
f7d1f4dd1692822e,TID_RESOURCE_PACK_DARK_ELIXIR_50,50%増やす
5250ab7cd3fdf537,TID_WAITING_FOR_DUEL_NOTIFICATION,バーサス戦を希望しているプレイヤーがいます！
6dba14b9a6766c34,TID_DUEL_TOTAL_WINS,バーサス戦勝利数
cefeca82ba4f22ee,TID_IAP_INFO_TEXT,"청약철회는 구매일로부터 7일 이내 가능(단, 사용시 철회불가) 법정대리인 동의 없는 미성년자명의 결제 시 취소가능 (자세히보기)"
6c26e3d50a2a3b1e,TID_CLOCK_TOWER_BOOST_TIME,ブースト時間： <number>秒
252873798aae946c,TID_GEM_BALANCE,現在所有しているエメラルドの内訳:\n合計 <total> 個\n\n無料配布分: <free> 個\n\n購入分: <paid> 個
8f2ca7e9cee9c847,TID_WORKER2_INFO,この地方では、マスター大工がいなければ何もできせん！ エメラルドを使えば、彼の作業をスピードアップさせることができます。
7727e86a117a6dbf,TID_CHALLENGE_CANT_REQUEST,クランに参加すると、仲間に援軍ユニットや呪文をリクエストできます
fe715bda5a81e6f1,TID_NEWS_BUILDER_BASE_TITLE1,新世界に向けて出航しましょう
37ae91213f093df6,TID_FAQ_TEXT_TROPHIES,他のプレイヤーの村を攻撃したり、他のプレイヤーからの攻撃を受けた場合、その結果に応じてトロフィーの数が増減します。トロフィーの数は、攻撃や防衛にいかに成功したかに応じて変化します。自分より多くトロフィーを所有する敵に勝利する方が、得られるトロフィーの数はより多くなります。
1869a95d25d46ccc,TID_TUTORIAL_ATTACK,マジか？ 掃除と同じぐらい戦いも得意だってんなら、オレたちはいいチームになれるかもな！
a239bd5679bdfd05,TID_LOCAL_NOTIFICATION_EVENT_SPECIAL_TROOP_GoVaHo,チーフ、今回の特別イベントではゴーレムとバルキリー、そしてホグライダーを使用しましょう！
6de7be1fe2c8d50d,TID_SHOP_SHIELD_7D,シールド (1週間)
482db8c67ce86d78,TID_ALLIANCE_WAR_AVAILABLE_BONUS,クラン対戦勝利ボーナス
fba9618a4def1a41,TID_ALLIANCE_WAR_EVENT_50PERCENT_DESTROYED,50%破壊！
c99fde57d1f0e155,TID_POPUP_TEXT_ABOUT_TO_REARM_ALL,本当に全てのトラップを<resource><number>で再利用しますか？
410bd1ea647ef22d,TID_NEWS_BOMB_TOWER_ARMY_REVAMP_TEXT,ユニットの訓練をライン化し、「高速訓練」でストレスのない訓練を実現しました！ 新しい訓練システムについては、短いビデオをご覧ください！
71ba42c3df104117,TID_NEWS_XMAS_2016_MORE_TITLE,その他のアップデート
32d17bfb1d9d89d4,TID_FAQ_TEXT_BUYING,お使いのデバイスでアプリ内購入が許可されていることをご確認ください。「設定」＞「一般」＞「機能制限」を開き、「App内での購入」がオンになっていることを確認してください。そのうえで、以下の手順でゲームを一度終了させてください：1）デバイスのホームボタン（四角いマーク）を2回押して、2）このゲームのアイコンがブルブルゆれ始めるまで長押しして、3）アイコンの左上に表示される赤いアイコンを押してアイコンを消したうえで、4）ホームボタンをもう一度押して、5）クラッシュ・オブ・クランをもう一度起動してください。エメラルドを買えるようになるはずです。
bd0c2a79f023d4d9,TID_FORGE_COST,コスト： <number> <resource>
da30653f5fce7515,TID_CHARACTER_INFO_MINION,ダークエリクサーから生まれたこの空飛ぶ恐怖は、ホーミング対空地雷に引っかからず神出鬼没ですが、この世界での体はもろいようです。
75cab30e17a9c112,TID_MORE_AVAILABLE_AGAIN_IN,今日の戦利品はすべてゲットしました！ 次の戦利品まで：
0e838ef0e149d505,TID_UNIT_STORAGE_CAPACITY,ユニット収容数： <number>
ceb34678487beb78,TID_CONFIRM_ARE_YOU_SURE,今の村を削除して、次の村に変更しますか？ ：
a4cbf9d8d979c77d,TID_AVATAR_MESSAGE_GEM_DONATION,エメラルドを寄付されました。「取得」を押すと受け取ることができます。
cbf146609820d964,TID_EVENT_ARMY_GOWIWI_INFO,皆さまおなじみゴーレム・ウィザード・ネクロマンサーの部隊で、村を破壊しましょう！ ユニット価格が50％オフになります！
a52edb524d0ff0f5,TID_OBSTACLE_XMASTREE,Xマスツリー
0610987d1197ea65,TID_MAP_LOCATION_14,ゴブリンキングのアジト
b4a20153c71fbadd,TID_FAQ_TITLE_TEXTSIZE,テキストの表示サイズは大きくできますか？
b8c129ec1596bef5,TID_LINK_DEVICES_ENTER_CODE_TEXT,(関連づけコードを入手するには、古いデバイスで関連づけ画面に移動し、\qこれは\n古いデバイスです\q ボタンをタップします。)
ebe6649e7847c637,TID_TUTORIAL_WAR_MAP_ENEMY_1,なんてこった、あっちもこっちも敵クランの対戦拠点だらけです！
24650ae230fec348,TID_TUTORIAL_MEET_NEW_BUILDER2,ほえ...？ お客さんかい！ いやっほう！
f60b045ca894ad24,TID_FAQ_TITLE_CLAN_WARS,クラン対戦への参加方法を教えてください。
2c0fe853c2c8b5f4,TID_HINT_VERSUS_BATTLE1,バーサス戦では、より多くの星を獲得した側が勝利します！ 星の数が同じであれば、破壊率で勝敗が決まります。
bea6f0dfafd318ca,TID_NEWS_UPDATE_INFO_TITLE,最後のラヴァパピィの伝説
f753f93270b11e18,TID_CLANPERK_DESC_WAR_LOOT_CAPACITY_VALUE,<value>%
0872586b394cc399,TID_FRIEND_LIST_TEAMUP_1,フレンドと一緒に
1d06577b42ae2482,TID_SLOW_SPEED_AND_ATTACK,移動/攻撃 速度低下： <number>%
2235781372ffa53a,TID_NEWS_MAYUPGRADES_TITLE,アップグレードとバランス調整
a8bb2f9f02b11ebf,TID_ALLIANCE_WAR_STAT_NUM_0STARS,星0個
885b66821c8bec47,TID_TRAP_HALLOWEENBOMB_INFO,お化けだぞ～！ この不気味な爆弾は期間限定アイテムです。
552066f06ca15742,TID_TOWN_HALL2_INFO,マスター大工の家であり、戦闘では最優先目標となります。\n\n攻撃の際に相手のビルダーホールを破壊すると、追加で星を獲得します。\nバーサス戦では、相手より多くの星を獲得した方か、星の数が同じであれば\nより大きな損害を与えた方が勝者となります。\n\nビルダーホールをアップグレードすると\nより高度な建物やユニットがアンロックされます！
3626fe5b27f2e438,TID_CLANPERK_DESC_LOCKED_VALUE,クランのレベル <num> でアンロック
01841b89b485258b,TID_RESOURCE_STORAGE_CAPACITY,収容量： <number>
37324b72e1efa955,TID_REQUIRED_BARRACK_LEVEL,必要条件\n兵舎レベル<number>
7aaffda85b4f5bc3,TID_WAR_SIZE,クラン対戦の規模：<num> vs <num>
f53da3c7da0d7b02,TID_TRAIN_COST,訓練コスト： <number> <resource>
3a71cc46f290d350,TID_UPGRADE_INFO_DEPLOY_UNIT,<old><name>出撃速度(+15%)
0ab3ee06ee5d34bc,TID_ACHIEVEMENT_GEAR_UP_ONE,マスター大工を使って1棟の建物を改造する
b8b139d468f23a09,TID_ACHIEVEMENT_DESTROY_BUILDER,マルチプレイで大工の小屋を通算 <number>個 破壊する
ed9ef3ca64d531fc,TID_ACHIEVEMENT_PVP_DEFENSES,防衛戦に <number>回 勝利する
9d3b79c75294fa4d,TID_NEWS_BUILDER_BASE_TITLE3,新しい建物、テクニック、宝物が登場
53792c3bf0b94ca7,TID_NEWS_XMAS_2016_UPDATE_TITLE,メリークラッシュマス！
63235bbe777f4003,TID_WAR_WAR_BASE_INFO,準備期間中には、拠点は援軍受け入れが可能になり、また村にある全ての施設や設備を再配置できます。戦いが始まると、これらの拠点は防衛の要となり、資源とトロフィーを確実に守り抜くことでしょう。新しく建設した建物も忘れずに拠点に配置しましょう！
f031b20040ea2ae0,TID_TUTORIAL_VILLAGERS_MOVE_OUT,ふう！ 今夜はここで休みましょう。\n故郷から離れた、もう一つの我が家です！
284bffac80a6f3cc,TID_WAR_STATS_HEADER_COLLECT_STARS,星を <num> 個獲得
10cf24273812c6f5,TID_TUTORIAL_DEFEND_1,ぎひひ、ムラをみつけたぞ！\nヤロウども、とつげきだあああ！
caf63eb7b4a2ea41,TID_EVENT_BOOST_EVERYTHING,週末限定スペシャルイベント：全ての建物を、1棟につき、たったのエメラルド1個でブーストできます！
31cd9e9b36e17850,TID_LIVE_REPLAY_FAIL_NO_FREE_SLOTS,ライブリプレイを利用できません。実況中継観戦の定員がオーバーしています。
5244357755dd8e8d,TID_NEWS_BD_GIFTS_TEXT,クランの仲間と一緒に、クラッシュ・オブ・クランの5周年をお祝いしましょう！ <c80d8e8>エメラルド + クランギフト</c>を購入するたびに、クランのためのボーナスエメラルドをゲットできます。
4356f50baadc9e33,TID_NEWS_VIDEO_TITLE_INTRO,兵法
63e1a3ab9580c70d,TID_TUTORIAL_ACHIEVEMENTS2,チーフ、あとはおまかせしちゃっても\n大丈夫そうですね。\n村のみんなが頼りにしていますので！
62ab66f2098f6bb9,TID_GIANT_ABILITY_HELP,一撃目のダメージが<num>％
5bd21808c3ab6a15,TID_POPUP_TEXT_ABOUT_TO_SELL_FREE,本当に<item>を取り除きますか？
c0ffc694ad7f0ee7,TID_KICKED_FROM_ALLIANCE,クラン追放： <msg>
10f31c0eb3ce310b,TID_NEWS_RESOURCE_BOOST_TITLE,週末限定スペシャルイベント！
2a2a3105ab2e4f3d,TID_CLANPERK_DESC_DONATION_LIMIT,寄付可能な最大数：
e61e8b9beceacf77,TID_TUTORIAL_SHIP,チーフ、海岸にある難破船を修理できるようになりました！
2e44e8a5e0de8f71,TID_HINT_SAFEGUARD_PROGRESS_ANDROID,Google Play アカウントでログインすることで、ゲームの進行状況を安全にバックアップできます。
45d4e7859e47dd0d,TID_SHARE_DUEL_TEXT,バーサス戦のリプレイをクランと共有しますか？
fb47e7336ccb4568,TID_WAR_INFO_FRIENDLYWAR_ADDITION,2日間に渡る壮絶な戦いを制するのは、最も多くの星を獲得したクランです！クラン対戦に勝利したクランにはボーナス戦利品とクランＸＰが贈られます。敵クランメンバーの村々を攻撃し勝利を得るたびにボーナスは増えますが、クランが対戦に敗北するとボーナスはほとんど失われてしまいます！同点の場合には「最大の攻撃」の総破壊率が高いクランの勝利となります。\n\n注意： フレンド対戦では時間設定を変更できますが、戦利品やクランＸＰは手に入りません。
0d69d2c681a44c3c,TID_TUTORIAL_WORKER_MENU2,オレのアイデアは、全部ここに入ってる。だがアンタの方が物知りだからな。代わりに選んでくれ！
4d756b606e47f55e,TID_ACHIEVEMENT_UNIT_UNLOCK,兵舎で<name>をアンロックする
8cb5299a636d3118,TID_ACHIEVEMENT_TOWN_HALL2,ビルダーホールをレベル<number>までアップグレードする
b0da5f7fcfa9f6d3,TID_FEEDBACK_INFO5,以下を正確にご記入ください：\nアクセスできない村の名前：\nタウンホールのレベル：\n経験レベル：\n所属クラン名（クランに参加している場合）：
7b143700f6764a70,TID_FAQ_TITLE_LOSTGEMS,エメラルドを買ったのに、追加されません。どうすればよいのでしょうか？
51ba03bb9e96f936,TID_GEM_BALANCE_TITLE,購入情報
b42826b5e71454a8,TID_HASTE_SPEED,速度上昇： <number>
3f4d05e02035332c,TID_NEWS_TH11_UPDATE_SHIELDS_TEXT,• 今後はタウンホールが破壊されてもシールドは有効になりません。タウンホールは村の中心に移動しましょう！\n• シールドで自分の村が守られている間でも、いつでも他の人の村を攻撃できます。攻撃するとシールドの残り時間は短くなります。\n• 村が30%破壊されるとシールドを得ることができ、60%破壊されるとさらに長い時間シールドが張られますが、攻撃側のユニット数が少なかった場合には村がどんなに破壊されてもシールドは有効になりません。
c79fed22fabed6b2,TID_FAQ_TITLE_CONTROL,戦闘中にユニットを操作する方法はありますか？
984a07d083511555,TID_NEWS_XMAS_2016_MORE_TEXT,• タウンホールレベル10からレベル9のウィザードの塔を使用可能に\n• 「ポイズン」の呪文の効果範囲が若干拡大\n• ネクロマンサーのダメージとヒットポイントを強化\n• バルーン、ドラゴン、P.E.K.K.Aの攻撃速度を強化\n• 一部のアップグレードコストと時間を低減
b77a64f69a1ed233,TID_HINT_PEKKA_INFO,P.E.K.K.A.は騎士なのか？ サムライなのか？ ロボットなのか？\nその正体は謎につつまれています。
d780fa865979fc02,TID_NAME_INSTRUCTIONS,これはあなたのゲーム内での名前で、他のプレイヤーにも表示されます。後から変更できないので、よく考えて決めてください！
5d2f37885d6bbd29,TID_ACHIEVEMENT_CLEAR_OBSTACLES,障害物（木、石、やぶ）を合計 <number>個 取り除く
4204d40722784fd1,TID_NEWS_CLASHIVERSARY_TEXT,ご存知の通り、クラッシュ・オブ・クランは5周年を迎えました！ 5周年記念として、プレイヤーの皆さんのために新しい障害物、セール、1エメラルドブースト等々、ありとあらゆる特別なおもてなしをご用意いたしました！\nこれからの5年間も、楽しく村を作り... 色々なものをブッ壊してまいりましょう！
6cf14b000dd38a2c,TID_ALLIANCE_DONATE_BUTTON_QUICK,今すぐ寄付！
91fad09b61b4ca8a,TID_HERO_ABILITY_UNLOCK_PROMPT,この能力をアンロックするにはヒーローをレベル <number> にアップグレードしましょう！
a047c1c13e93a3f7,TID_BIRTHDAY_SPELL_INFO,過激なサプライズで記念日を祝いましょう！ この素敵なギフトなら、近くの建物やユニットにダメージを与えて気絶させます。
e74c45526d17f02a,TID_CHALLENGE_FAIL_SERVER_ALREADY_IN_PROGRESS,チャレンジを開始できません！ 以前のチャレンジが進行中です！
e3af6b595cd90178,TID_FAQ_TEXT_HEROES,タウンホールを十分高いレベルまでアップグレードすれば、ショップメニューからヒーローユニットをやとえるようになります。ヒーローは敵の村を攻撃したり、自分の村が攻撃された場合に守ってくれたりします。\nヒーローが死ぬことはありませんが、ケガをした場合は回復が必要になります。ヒーローを寝させるか、回復ボタンを押すことでエメラルドを使って瞬時に回復させることができます。
f04533d905d8de7b,TID_FAQ_TITLE_CHATBAN,グローバルチャットの使用を禁止されました。解除するにはどうすればよいですか？
a327dfe9907b9a01,TID_FAQ_TEXT_CHANGENAME,残念ながら、村の名前は変えられません。村人たちが道に迷ってしまいます！
24d25b5451909471,TID_STREAM_EVENT_WAR_NO_MATCH_FOUND,クラン対戦の相手が見つかりませんでした。再度、開戦をお試しください。
b0e89fb3b962d8d9,TID_CHAT_REPORT_CONFIRMATION_TITLE,<name> を通報しますか？
4a3850c7d83f51f8,TID_TUTORIAL_ELIXIR_2,エリクサーポンプは\n村の地下にあるレイラインから\nエリクサーをくみ上げてくれます。\nやってみましょう！
19c1101156cb9577,TID_DUEL_NOTIFICATION,<attacker>とのバーサス戦が始まりました！
0b19b2ea5c01e8d6,TID_TUTORIAL_WAR_MAP_ENEMY_3,辺り一帯を見て回ってから、対戦拠点に戻りましょう、チーフ。
666e60737c289145,TID_HINT_REBUILD_CLANCASTLE,荒れ果てたクランの城を再建すれば他のプレイヤーと協力できるようになります！
f761b3c038e86d66,TID_STREAM_EVENT_CHANGED_SETTINGS,新しくなったクランの設定
558d582c4f0f0322,TID_GARG2_ABILITY_NAME,ロングショット
a2e78d4bfc235c95,TID_EVENT_ARMY_INFO,自分の軍団で村を破壊して回りましょう！ 全ユニットの費用が<num>％オフになりました！
8873e40009d58460,TID_NEWS_XMAS_2016_UPGRADES_TEXT,レベル11のタウンホール\n• レベル41～45のバーバリアンキング\n• レベル41～45のアーチャークイーン\n• レベル6ゴーレム\n• レベル7のホグライダー\n• レベル5の「ポイズン」の呪文\n• レベル7のクランの城\n• レベル10のウィザードの塔\n• レベル12の壁（最大50ピース）
dd440ddf4fee9dad,TID_WITCH2_ABILITY_HELP,破壊されると、<num>匹のコウモリの群れに変化します
ad9f9979a359aab7,TID_EVENT_CHRISTMAS_SPELL_UPCOMING,クリスマス1日目！
2299b4d97d93a9e6,TID_NEWS_BOMB_TOWER_UPDATE_TITLE,新しい防衛設備： ボムタワー！
4cad4116e2dbbadf,TID_INVALID_WAR_MEMBERS_INFO_LOW,<value> 人以上のメンバーを選んでください
fc8c167e55f8df72,TID_BUTTON_LOAD,ロード
d99ac5840e3dae32,TID_POPUP_BOOST_ALL_DARK_BARRACKS,闇の兵舎 <number> 棟での訓練速度を <time> だけ <multiplier> 倍にしますか？
2731bdd9bb5fda05,TID_ALLIANCE_WAR_WIN_XP,クラン対戦に勝利して +<xpnum> クランXPボーナスを獲得！
18f3a09e6db6c2b8,TID_REPAIR_CLAN_CASTLE_TITLE,クランの城を再建
f1d5c84fd74153ba,TID_REQUIRED_CASTLE_LEVEL,必要条件：\nクランの城レベル<number>
7ff69269e629ef1b,TID_POPUP_BOOST_GOLD_MINE,ゴールドの生産を <time> だけ 2 倍にしますか？
7c0ad73472b6170b,TID_POPUP_ABOUT_TO_CANCEL_SPELL,呪文の準備予約をキャンセルした場合、コストの <number>% しかもどってきません。
41170aa1d2fee1ef,TID_DIAMOND_BUNDLE_TH7_INFO,• <gems>エメラルド\n• ヒーロー「バーバリアンキング」\n• レベル3かくしテスラ\n\n建設時間なし！\n\nこの<cffec78><value>xバリュー</c>のスターターパックは、1度きりの限定提供となります！ offer!
f6c1677f4ee7c14c,TID_HELP_TRAINING_TROOPS_HELP_POPUP,予備のユニットを訓練し、部隊に空きができるまでここに待機させておくことができます。\n\n注意： 兵舎が建設中である場合は、訓練速度が遅くなります。
6765c3fc8d5837cc,TID_POPUP_BOOST_ALL_BARRACKS,兵舎 <number> 棟での訓練速度を <time> だけ <multiplier> 倍にしますか？
4ac61736c4778489,TID_FAQ_TEXT_LOSTGEMS,ほとんどのお支払いは円滑に処理されますが、まれに支払機関またはサーバーとの通信に通常よりも時間がかかる場合や、エラーとなる場合があります。少し待ってからエメラルドが追加されているかご確認ください。それでも追加されない場合、ゲームを終了してから再起動してください。エメラルドが追加されているはずです。\n\nその上なお問題が改善されない場合は、下にある「問題を報告」ボタンより、カスタマーサポートまでご連絡ください。
b7a26a002f31a975,TID_CHARACTER_INFO_GHOST,ゴースト情報
6fc5f033a802819d,TID_SETTINGS_CHANGENAMENOTE,注： 名前は一度しか変更できません！
d3be6afacfb2cb4e,TID_PERSONAL_WAR_PREFERENCE_OUT,参戦を希望しない
1057ed31211184b7,TID_COME_BACK_NOTIFICATION_SMALL,チーフ！ 兵士たちが待っていますよ！
70a8db0f6bfaf2e1,TID_DEVICE_LINK_ERROR_CODE_CURRENT_VILLAGE_TOO_HIGH_TEXT_TENCENT,あなたの村は現在ログイン中のアカウントに恒久的に関連づけられています。\n\nこの村でのゲームが既に進行している (タウンホール レベル<level> または購入の履歴がある) ため、上書きできません。
a982f077815b385f,TID_DECORATION_SMALL_PINETREE,小さな松の木
131d1a8e23eedeb9,TID_PRODUCTION_RATE,生産量： 1 時間に <number>
49c2a13fb2d2a9a7,TID_LOADING_CHINA,本网络游戏适合年满13周岁以上的用户使用；为了您的健康，请合理控制游戏时间。京网文[2016]4066-516号 （总）网出证（京）字第149号 著作权人：SUPERCELL OY 出版单位：北京昆仑乐享网络技术有限公司 文网游进字[2015]0062号 新广出审[2015]1084号 出版物号：ISBN 978-7-89988-438-6 抵制不良游戏，拒绝盗版游戏。注意自我保护，谨防受骗上当。适度游戏益脑，沉迷游戏伤身。合理安排时间，享受健康生活。
aca4f36e3e047f33,TID_NEWS_XMAS_2016_UPDATE_TEXT,スペシャルイベント満載の雪の季節がやってきました！\n\n新しい<c76589b>イベント</c>タブを確認して、思いっきり楽しみましょう！
8fa3017d37ff9039,TID_MAX_DPS,最大ダメージ (毎秒)： <number>
639f6358e95201cf,TID_TUTORIAL_WAR_MAP_FRIENDLY_2,敵は戦いに飢えています。しかし我らのクランもこの地に集い、戦いの準備も整っています！
69d06d70d08baff6,TID_TUTORIAL_CANNON_4,大砲を村の真ん中に作りましょう。\n村の中心である\nタウンホールを守らないと！
acb5fe8531fd1a6f,TID_CLAN_SHOW_ONLY_JOINABLE,参加可能なクランのみ:
cb17fd14f51b64c6,TID_DEVICE_LINK_ERROR_CODE_CURRENT_VILLAGE_TOO_HIGH_TEXT_KUNLUN,あなたの村は現在ログイン中のアカウントに恒久的に関連づけられています。\n\nこの村でのゲームが既に進行している (タウンホール レベル<level> または購入の履歴がある) ため、上書きできません。
e2cf38163b9fea74,TID_NEWS_MAYSPELLS_TITLE,新しい呪文！
701514823d6939dd,TID_GRAND_WARDEN_INFO,グランドウォーデンは長年かけて強力な古代文明の力を戦闘で使う方法を研究してきた、キレものの戦術家です。敵の村を攻撃するユニットや、自分の村を守るユニットを強化してくれます。
d684ce86aba92308,TID_LEADERBOARDBANNER_PLAYER_REWARD,前回のトーナメントのプレイヤーランキング：\n(以下をタップして詳細表示)
e3bd776db736bce3,TID_FAQ_TITLE_MATCHMAKING,「対戦相手を探す」 はどんな仕組みですか？
b260623a38f9bdc8,TID_POPUP_REARM_ALL,全てのトラップを再利用
1e38a9ceee303eed,TID_TUTORIAL_WORKER_MENU3,よっしゃ！ これでオレたちはチームだ！ いつかアンタの故郷にも遊びに行ってみたいぜ... Zzz...
0f0d93f1e47d1f13,TID_CHARACTER_INFO_AD_SEEKER_FRAG,ラヴァハウンドがやられた場所から大量発生する小さな生き物で、さらに戦いを続けます。
dc3e3faab094e769,TID_POPUP_ABOUT_TO_SELL_TITLE,建物を売る
eaf0bc8920c950f8,TID_NAME_CHANGE_IN_PROGRESS,名前を変更できません。前回の名前変更の手続き中です。
956077b04e27c01a,TID_CLAN_WAR_SAVE_VILLAGE_BUTTON,準備よし！
9b040696c0914c1e,TID_HERO_INSTRUCTIONS_WARDEN,このベテランガーディアンは、ライフオーラで味方のユニットを後方から強化してくれ、まるで歩く防衛設備です。攻撃時には壁を乗り越えたり高く飛ぶことができ、ひとたびエターナルトームの能力に目覚めれば、近くにいるユニットはダメージを受けなくなります！
446e2bcb92f863ed,TID_TUTORIAL_LOOK_LABORATORY,オレはマスター大工だ。オレの自慢の建物を見せてやろうか？ ユニットに特殊能力を与えられるんだぜ！
ee5790ab46c0527c,TID_DECORATION_PINETREE,松の木
f2fabfa043907a4b,TID_REPAIR_SHIP_2,船があれば、新しい場所に{0}行くことができます！
ca9c75dd96ef1f16,TID_ALLIANCE_WAR_EVENT_25PERCENT_DESTROYED,25%破壊！
c3ddb2b7918d599a,TID_TUTORIAL_CANNON_3,ゴブリンの大軍が攻めてきました！\n急いで大砲を用意して、\n村を守りましょう！
5be906391fe57617,TID_TUTORIAL_TOWN_HALL_1,ゴブリンから奪ったゴールドがあれば、\nタウンホールをアップグレード\nできるはずです！
5c689957adf2e7e7,TID_REPAIR_SHIP_TITLE,船を修理しますか？
6b9c31a47ad99cea,TID_EVENT_CHRISTMAS_SPELL,期間限定クリスマスイベント：サンタサプライズ
1761c7afeda0b0b3,TID_REQUIRED_SPELL_FORGE_LEVEL,必要条件\n呪文工場レベル<number>
2443d1fd7014b1b4,TID_REPLAY_SHARE_TEXT,バーサス戦のリプレイをクランチャットで共有しますか？
83fcf9dd3d729113,TID_FAQ_TITLE_CLAN,クランに参加したり、新しく結成するにはどうすればよいのでしょうか？
8b484e085b776c93,TID_DIAMOND_BUNDLE_BH4_INFO,• <gems> エメラルド\n• <res0> エリクサー\n• レベル1警備所\n• レベル1テスラ\n\n建設時間なし、収容量制限なし！\n\nこの<cffec78><value>倍バリュー</c>は、1度限りの特別提供となります！
48fbc42e770824b5,TID_LABORATORY_INFO,錬金術師たちがラボにどんな秘密を隠しもっているのか、こわくて誰も知ろうとはしません。\nわかっているのは研究のおかげでユニットや呪文がより強く、かたく、素早く、すばらしくなることです！
bc0530d3a050f235,TID_NEWS_SPELLS_TEXT,「ライトニング」の呪文\n* レベル 7 の「ライトニング」の呪文は、建物とユニットに同様のダメージを与えるようになりました。\n* レベル 5 と レベル 6 の「ライトニング」の呪文が強力になりました。\n* 「ライトニング」の呪文のボルト同士が密集して発生するようになり、以前よりも狙った場所に当てやすくなりました。\n\n「ポイズン」の呪文\n* 毒の雲に包まれたユニットが最初に受けるダメージが低くなりましたが、時間が経つほど以前よりも大きなダメージを受けるようになりました。\n* 「ポイズン」の呪文のダメージが上昇し、効果時間も長くなりました。\n* 「ポイズン」の呪文で敵ユニットの攻撃速度を低下させるようになりました。\n\n「アースクエイク」の呪文\n「アースクエイク」の呪文のダメージが、建物の残りヒットポイントに関わらず大きくなりました。\n* 同じ建物を繰り返し「アースクエイク」の呪文で攻撃した場合、ダメージが減少するようになりました。\n* 「アースクエイク」の呪文 4 発で全てのレベルの壁を必ず破壊できるところはこれまで通りです！
14fdeb4b5eaa804b,TID_PREFERRED_TARGET_DAMAGE_BONUS,(ダメージ x <number>)
6acfddfba973447c,TID_BOMBER_ABILITY,特大ボム
fda6eb0f9ab08317,TID_ACHIEVEMENT_DESTROY_TOWNHALL2,バーサス戦で<number>個のビルダーホールを破壊する
16d442684faac3d0,TID_TUTORIAL_SHIP_ARRIVE_FIX_VILLAGE,ついてますよ、チーフ！ 古い建物を修理すれば、隠れ家になりそうです！
7bcf6ed0245d6f70,TID_DIAMOND_PACK_RED,(ひとにぎりのエメラルド)RED
d487f99b86cff70a,TID_BDRAG2_ABILITY_HELP,他の飛行ユニットから離れると、ダメージが<num>％増加します
939ae3a61b4910ce,TID_POPUP_SPEED_UP_UPGRADE_SLOWDOWN,<item>をアップグレード中のため、訓練速度が遅くなっています。エメラルド<number>個で今すぐ完了させますか？
05963e9cced1f5fb,TID_LOCAL_NOTIFICATION_EVENT_XMAS_3,チーフ！ クラッシュマスもいよいよ終盤です。アイスウィザードを訓練しましょう！
064f1a5b5fdbd41f,TID_SUPER_CHARGED_PEKKA,スーパーP.E.K.K.A
bb0dc79ecab904aa,TID_RATE_APP_MESSAGE_ANDROID,Google Play でこのゲームを評価したり、フィードバックを投稿してください！ 参考にさせていただきます。
e13cf6d7e5c3af48,TID_ACHIEVEMENT_TOWN_HALL,タウンホールをレベル <number> にアップグレードする
498b3b779923c9fa,TID_USE_SPELL_EVENT_ACHIEVEMENT_DESC_PLURAL,イベント： マルチプレイ戦闘で勝利しましょう！\n<cffec78>• <unit>の呪文を<usecount>回使う必要があります</c>
3df20a75d86e77b8,TID_INFO_DAMAGE_TYPE_AOE,範囲効果
f8e9331b55b1d307,TID_BURST_SIZE,バースト射撃： <number>発
8bff17cc9ffcb927,TID_SHOP_SHIELD_2D,シールド (2日)
f24f886bf3824def,TID_TUTORIAL_MEET_NEW_BUILDER3,あなた！ どこから出てきたんですか！？
394cad85d7b8b0bb,TID_NEWS_BUTTON_FIND_OUT_MORE,さらに詳しく
dec00857da5d25f3,TID_ACHIEVEMENT_CASTLE_UPGRADE,クランの城をレベル <number> にアップグレードする
06a57895d1708cee,TID_REMOVE_TROOP_MESSAGE,ユニットを破棄しました。
f818c1261a35c596,TID_WAR_DONATE_SPECTATOR,戦いに直接参加していないと援軍を送れません！
bb5a88bec7c6e189,TID_HERO_ABILITY_LEVEL_UNLOCK_PROMPT,能力はレベル <number> でアンロックされます！
a24183da691d410c,TID_DAMAGE_PER_HIT,ダメージ (1発)： <number>
03d92923593bec18,TID_FAQ_TEXT_SPELLS,呪文を使うにはまずタウンホールをレベル5にアップグレードする必要があります。これにより 「呪文工場」 という新しい建物が建設可能になります。呪文工場は兵舎と同じような仕組みになっていて、呪文に使う薬を作れますが、一度に貯めておける数に上限があります。呪文工場をアップグレードすると新しい呪文が使えるようになり、戦闘にそなえて貯めておける呪文の数が増えます。\n\n呪文は攻撃をする時にのみ使えます。ユニットを配置するのと同じ操作で呪文を使えます。画面の下のバーから使いたい呪文を選んで、使いたい場所をタップしてください。ユニットと違って、呪文は戦闘マップのどこにでも使えます。
92a58f1501777d54,TID_FAQ_TEXT_CONTROL,ユニットをいったん戦場に配置してしまうと、全自動で行動するため、操作はできません。ユニットを配置すると、そのユニットの最初の攻撃対象に照準マークがつきます。ユニットの種類によって攻撃能力や優先目標が違うため、攻撃対象も変わります。兵舎の「ユニットの訓練」画面からそれぞれのユニットの情報を確認できます。また、防衛設備の情報を見れば、どのようなユニットが攻撃対象にするのかを確認できます。
244660ce535767f9,TID_ACHIEVEMENT_LEAGUE_PROGRESS_1,クリスタルリーグに加入する
5f66035f9df30644,TID_HINT_BOOST_RESOURCES,金山やエリクサーポンプをレベル 5 までアップグレードすれば、エメラルドを使って生産量を一時的に増やせるようになります。
9d9e4ea21393db91,TID_HINT_VERSUS_BATTLE3,1日でバーサス戦に3回勝利すると、大きな戦利品ボーナスをもらえます。
c82516573664f0e6,TID_TREASURY_CAPACITY,宝庫の<resource>：<number>
30a91d70e64ef8bd,TID_FAQ_TEXT_RESET,現在のバージョンではゲームを最初からやり直すことはできません。ただし、クラッシュ・オブ・クランのセーブデータが存在しないデバイスでプレイを始めれば、ゲームの最初から始まります。
58876e11e2d08434,TID_FAQ_TEXT_MATCHMAKING,プレイヤー同士の対戦を行う場合、対戦相手はあなたが所有しているトロフィーの数に基づいて選出されます。経験レベルやリーグは一切考慮されません。あなたが攻撃できるのは所有するトロフィーの数が近い相手のみです。同様に、あなたの村を攻撃できるのも、所有するトロフィーの数が近い相手のみです。いつでも対戦相手が見つかるよう、判定材料となるトロフィー数には幅を持たせてあります。
5eb7a5ea5faa3089,TID_ABOUT,スタッフロール\n\n<names>\n\nClash of Clans ™ <version>\nCopyright 2012-2017 Supercell Ltd.\nAll Rights Reserved.\n米国特許出願中\n本ソフトウェアのご利用にあたっては、サービス利用規約およびプライバシー・ポリシーに同意いただく必要があります。具体的な内容につきましては www.supercell.net をご確認ください。\nユーザーサポートEメール：\nclashofclans.feedback@supercell.net.\n\nMPEG Layer-3 audio coding technology licensed from Fraunhofer IIS and Thomson Licensing
329a90250a69fed1,TID_AVATAR_MESSAGE_BUTTON_ALREADY_CLAIMED,取得済み
504343943cee2fb6,TID_CLANPERK_INFO_TEXT,クランXPを獲得してクランのレベルを上げ、強力な特典を手に入れましょう！クランXPはクラン対戦の終了時に手に入ります。
c3a03de313a88b54,TID_HASTE_DAMAGE_OFFSET,攻撃力上昇：<number>
9200cb4fad5eb3ce,TID_NEWS_UPDATE_INFO_TEXT_SHORT,
8143eb427c46241e,TID_AVATAR_MESSAGE_BUTTON_CLAIM,取得
e774f70cd3a23683,TID_DUEL_REWARDS_INFO_TEXT,バーサス戦の勝者は戦利品をもらえます！ また、防衛側が資源を失うことはありません。トロフィー数が多ければ報酬も増えます！
bb9afd02a6c247dd,TID_ALLIANCE_ACCEPTED_BY,<name> が参加を承認
7352efaac70a627e,TID_NEWS_VIDEO_BUTTON_APRIL,今すぐ見る
679203fab62fac43,TID_FAQ_TITLE_TROPHIES,トロフィーはどんな仕組みですか？
431929fe2290f8b6,TID_LAYOUTS_EMPTY_SLOT,弾切れ
5ed2f60793690e8c,TID_ELIXIR_SHOP_PACK,エリクサー <number>
e271ba3c22c5e5f8,TID_TUTORIAL_TOWN_HALL_2,できましたね！ タウンホールを\nアップグレードしたことで、新しい\n建物を建設できるようになりました。
9aa1461fd157beb4,TID_SHIELD_SCORE_LIMIT,トロフィーが <number> より\n多い時は使えません
24b49e66c1bc3f99,TID_ADD_FRIENDS_INFO_CLASH,プレイヤーをクラッシュ・フレンドとして追加してフレンドリー・チャレンジを始め、クラッシュ・オブ・クラン内でフォローしましょう！
8592830133f06217,TID_HERO_ABILITY_WARMACHINE_DESC,バトルマシンは強力な落雷を発生させ、自分の耐久力を若干回復させるとともに、次の攻撃の威力もアップします。使用後は一定時間でチャージされ、再び使用できるようになります！
b99c9b371af9f6e1,TID_ADD_FRIENDS_INFO_REQUESTS,プレイヤーのプロフィールから、クラッシュ・フレンドに追加しましょう。Game CenterやFacebookのフレンドは、ログインすると自動的に表示されます。
b9875437273116e8,TID_REPAIR_CLAN_CASTLE_2,クランに参加して新しい仲間と出会い、援軍を送り合い、そしてクラン同士の大いなる戦いに共に挑みましょう。\n\n自分のクランを作ってフレンドとプレイしたり、新しいメンバーを募集してクランの名をとどろかせましょう！
2ed4ae38e0038b24,TID_GIFT_CLAIM_FAILED_RECENTLY_CHANGED_CLAN,最近クランを変更したため、ギフトを受け取れません！ またのちほどお試しください。
d42da8faf5e16aa5,TID_NEWS_BIRTHDAY_TEXT,クラッシュ・オブ・クランもおかげさまで2周年！8月7日まで、全ての資源設備を、施設1棟につき、たったのエメラルド1個で1週間生産アップできます！
f7d1f4d80292873a,TID_RESOURCE_PACK_DARK_ELIXIR_10,10%増やす
1f3fe4d7cd39eded,TID_BARB2_ABILITY_HELP,最初の<num>秒間は移動速度とダメージがアップ
465b0decfbae4f2c,TID_LEGEND_SEASON_INFO,トーナメント終了時にレジェンドリーグにランクインしていると、成績がプロフィールに掲載されます！
3f172ed9d8f41f3c,TID_BOOSTDEFENCES_SPELL,ブーストディフェンスの呪文
deca89085e27649b,TID_EVENT_TROOP,<troop> イベント
66ce2b6ddbf603c7,TID_PRODUCTION_CAPACITY,収容量： <number>
4dd57ab7bc6ec0da,TID_TUTORIAL_WAR_BATTLE_1,戦闘日は攻撃です！ここではトロフィーもシールドも関係ありません。ただ勝利を掴むのみです！
5abaadaf8faf4de2,TID_ACHIEVEMENTS_INFO,達成項目は Game Center からも確認できます
09416c19abd26777,TID_ACHIEVEMENT_NPC_STARS,キャンペーンマップ上で星を合計 <number>個 獲得する
4641706a1ec0cd06,TID_SHOP_PURCHASED,購入済み
1c68766c1e38c939,TID_HINT_PEKKA_TRAP,P.E.K.K.A.は非常に重いヨロイを着込んでいるため、ばねトラップが通用しません。
96cda5351ab8efe9,TID_DIAMOND_BUNDLE_TH9_INFO,• <gems>エメラルド\n• ヒーロー「アーチャークイーン」\n• レベル2巨大クロスボウ\n\n建設時間なし！\n\nこの<cffec78><value>xバリュー</c>のスターターパックは、1度きりの限定提供となります！
84d3f1bbe0bb8ef8,TID_DPS,ダメージ (毎秒)： <number>
ec2f9f528e26ada5,TID_STREAM_EVENT_STARTED_WAR,クラン対戦相手を探しています
20e858880f4af1ea,TID_SLOW_SPEED,減速： <number>%
2902fa5680979b48,TID_UPGRADE_SHIPYARD_TO_SAIL,船を修理して、新天地を目指しましょう！
490fa424617a5406,TID_FAQ_TITLE_UPGRADES,建物をアップグレードするにはどうすればよいですか？
55828dbd618cad84,TID_WAR_SELECT_MEMBERS_HINTS,上のボタンで参戦するメンバーを増減できます。
34ede5491d16b1f9,TID_EVENT_CHRISTMAS_UNIT_UPCOMING,クリスマス3日目！
29d28ed9bc5da42b,TID_CANNON_ABILITY_HELP,台車を破壊された後も、ヒットポイントが残り<num2>の状態で砲撃を続けます。
86bcedc29b5f1224,TID_DARKTOWER_AMMO_ALREADY_FULL_ALL,全てのインフェルノタワーが既に満タンです！
6bef1daa6573073b,TID_CLANPERK_DESC_DONATION_UPGRADE_VALUE,<value> レベル
7a1c00a8ef528fb8,TID_NEWS_BUILDER_BASE_TEXT1,• 海を渡り、新天地で「大工の拠点」を建設しましょう！\n• 新しいユニットや建物を使って、これまでにない拠点を作ることができます！\n• 海を渡るには、まず船を修理する必要があります
6d20cce7b5bd1566,TID_HINT_ACCOUNT_SECURITY_1,Game Center のパスワードは絶対に他人に教えないでください。
91ce225e477ab770,TID_ACHIEVEMENT_DONATE_UNITS,クランの城の容量 <number>人分 の援軍を送る
8f7909873bcb2518,TID_HINT_NAMECHANGE,村の名前は変えられません。村人たちが道に迷ってしまいます！
63909224cf19a510,TID_BUTTON_REPAIR,修理
f461023221ce2fbf,TID_NEWS_MAY_BALANCING_TEXT,• ヒール、フリーズ、クローンの呪文に新しいレベルを追加\n• タウンホールレベル9に、7つめの金山とエリクサーポンプを追加\n• その他にもバランス調整やセールを実施
fec6d3b167523269,TID_CANCEL_WAR_MATCHMAKING_CONFIRMATION_TEXT,お待ちください！検索を中止しなくてもクラン対戦画面を閉じることができます。本当に中止しますか？
c339d7cf81355614,TID_TUTORIAL_CANNON_2,こちらが新しい村です。\nかわいらしいでしょう？\n快適な暮らしができそうですよね。\nところが...
6e6506704903a98f,TID_ALLIANCE_WAR_UNDER_ATTACK_BY,<name> から攻撃を受けています！
bd7c5821978a4a72,TID_UPGRADE_INFO_ITEM_SPACER,<old>および
4169f140ea482fee,TID_ACHIEVEMENT_DESTROY_TOWNHALL,マルチプレイで通算 <number>個 のタウンホールを破壊する
840e16a3cf582be9,TID_TRAINING_TIME,訓練時間： <number>
34ba151fae33c250,TID_SLOW_ATTACK,攻撃速度低下： <number>%
a0afe7c0918d65bb,TID_TUTORIAL_SHIP_READY,迷う心配はありません。私たちが航路を覚えていますからね！
068a1b862db1b115,TID_TUTORIAL_CANNON_5,節約している場合じゃありません。\n緑色のエメラルドを使って\n建設を早めましょう！
84fe3dd9045db847,TID_SHOP_GUARD_2H,村の護り (2時間)
98ecd98da569b579,TID_UNIT_STORAGE_CAPACITY_ALL,合計ユニット収容数： <number>
fa44978e974e095a,TID_HINT_VERSUS_BATTLE2,より多くのトロフィーを獲得すれば、バーサス戦の報酬が増えます！
81230f3ff7702ba7,TID_ALLIANCE_CREATE_SHOW_LOG,公開クラン対戦ログ
6b4f50b6f382bb4f,TID_FAQ_TEXT_INTERNET,信頼性の高いプロバイダの提供による、セキュリティで保護された高速インターネット回線（Wi-Fi、3G、4G）をご利用ください。また、プレイの前に、起動しておく必要がない、通信を行う可能性がある他のアプリを終了させてください。
d2d7f9323df747b4,TID_ALLIANCE_WAR_VISIT_FAILED_UNAVAILABLE,この村は無効なため移動できません！ あとでまたお試しください。
061c45982cea67dd,TID_DUEL_TARGET_FOUND,バーサス戦の相手が見つかりました！ さっそく攻撃してみましょう！
5976625d12884c4a,TID_HINT_SPELL_HEALING,「ヒール」 の呪文は回復の輪を作り出し、その中にいる味方ユニットが受けたダメージを回復させます。
fb18cc288f9650ec,TID_ACHIEVEMENT_GOLDSTORAGE_UPGRADE,金庫のどれかをレベル<number>にアップグレードする
31fa736367ad6df4,TID_HINT_VERSUS_BATTLE4,バーサス戦になかなか勝てませんか？ リプレイを見て、防衛方法を改善してみましょう！
4de0b8c26c0d54df,TID_NO_BOOKMARKS,まだクランをブックマークしていません。\n\nクランの情報ページからブックマークできます。
6b47b3eda3ee9097,TID_ALLIANCE_WAR_ATTACK_FAILED_SNAPSHOT_NOT_AVAILABLE,対象の村が無効なため攻撃できません！
6be2e1cd4111684b,TID_DEVICE_LINK_ERROR_CODE_SAME_PLATFORM_TEXT_ANDROID,複数の Android デバイスでプレイするために、コードによる関連づけを使う必要はありません。\n\n別の Android デバイスでプレイするには、もう一つのデバイスで Google Play にログインしていることを確認してください。次に、このデバイスから Google Play ログインを使用します。(Google Play ログインはゲームの設定から見つけられます。)\n\nゲームの進行状況は自動的に同期されます。
b728bb4949dfaf49,TID_HINT_GEAR_UP,自分の村の防衛施設に改造オプションが表示されていれば、マスター大工が特別なアップグレードを施してくれます！
8de9a325770d232a,TID_UPGRADE_INFO_ATTACK_SPEED,<old>攻撃速度(<num>秒)
b1e32fdf5dce467b,TID_BOMBER_ABILITY_HELP,最初に投げる爆弾のみダメージが<num3>％
d2a03ef370fa73d1,TID_ACHIEVEMENT_DESTROY_MORTARS,マルチプレイで通算 <number>個 の迫撃砲を破壊する
5ddddef956c355cb,TID_NEWS_MAYTROOPS_TEXT,タウンホールレベル10の新ユニット：ディガー\n• ディガーは地面にトンネルを掘って壁を潜り抜け、目標のすぐそばに出現します\n• 地中に潜っているディガーは攻撃を受けず、トラップも作動しません\n• ディガーはレベル12の兵舎から訓練できます\n\nタウンホールレベル9の新ユニット：ベビードラゴン\n• 周囲に飛行ユニットがいないと、ベビードラゴンは怒り出します！\n• 怒り状態になると、ベビードラゴンの攻撃にボーナスダメージが発生するほか、攻撃速度も上がります\n• ベビードラゴンはレベル11の兵舎から訓練できます
9915539ad725332a,TID_GIFT_CLAIM_FAILED_RECENTLY_CHANGED_CLAN_TIME,最近クランを変更したため、ギフトを受け取れません！ <time>時間後にまたお試しください。
856125b9ea852788,TID_POPUP_REMOVE_SPELL_TEXT,呪文を本当に破棄しますか？使ったコストは戻ってきません。
c41dfea361b22037,TID_UPGRADE_INFO_SPECIAL_ABILITY,特殊能力を解放： <name>！
bd0707e031b9718a,TID_WAR_SPECTATOR_TEXT,このクラン対戦には参加できません。対戦開始前からこのクランに参加し、ある程度高いランクであることが必要です。また、既にクラン対戦に参加していると、別の対戦には参加できません。
a8568d0766557544,TID_LEGEND_SEASON_END_INFO,グローバルランキングで <rank> 位を獲得しました。あなたの目覚しい活躍はプレイヤープロフィールに記録され、誰もが閲覧可能です。
5570182ba2c14a02,TID_GARG2_ABILITY_HELP,最初の<num>回分の攻撃は、より遠くのターゲットを攻撃します。
45996f372036df6d,TID_WAR_DARK_ELIXIR,対戦のダークエリクサー
4f47db7f5e3367bb,TID_EVENT_SPELL,<troop> イベント
1187434dddfa39ad,TID_CANCLE_TRAINING_INFO,注： ユニットの訓練予約をキャンセルした場合、コストの<number>%しかもどってきません。
cb2ac6d025e53bae,TID_CLOCK_TOWER_BOOST_DURATION,ブースト時間： <number>
de68ec80e49d154f,TID_CLANPERK_DESC_DONATION_REFUND_VALUE,コスト<value>%
3e28f2c98905119e,TID_CANCLE_SPELL_INFO,注： 呪文の準備予約をキャンセルした場合、コストの<number>%しかもどってきません。
a188d92605d3e607,TID_EVENT_BOOST_ATTACKS,攻撃イベント：全ての兵舎と呪文、そしてヒーローを、それぞれたったのエメラルド1個でブーストできます！イベント期間は1月7日まで。
5680c6f45b45f72f,TID_DARK_TOWER_INFO,インフェルノタワーにダークエリクサーを燃料とする炎を灯し、1体の敵に目玉が飛び出るほどのダメージを喰らわせるか、複数の敵をほどよく火あぶりにできます。\n灼熱の炎にはヒールの効果が通用しません！
e5bf93f012f5cc3e,TID_FAQ_TEXT_SHIELD,シールドを有効にすると長時間に渡り他のプレイヤーが村を攻撃してこなくなります。シールドは効果時間が切れると解除されますが、他のプレイヤーの村を攻撃すると残り時間が一定量減少します。村が敵の攻撃で破壊された場合、無料で最低12時間分のシールドが自動的に有効になります。ショップでもっと有効時間の長いシールドを買うこともできます。
eabd6a58ee953389,TID_ACHIEVEMENT_TOWN_HALL2_COMPLETED,現在のビルダーホールレベル： <value>
a8d4ba56a7b3207a,TID_ACHIEVEMENT_GEAR_UP,マスター大工を使って<number>棟の建物を改造する
76a7211d96fcc61c,TID_GUARD_POST_INFO,村を守るユニットが控えている建物です！ 攻撃があれば真っ先に飛び出して、敵を食い止めてくれます。
f410255c17085267,TID_NAME_CHANGE_ALREADY_USED,既に名前を変更しています
c5039d341d94d205,TID_ACHIEVEMENT_DESTROY_INFERNO,マルチプレイでインフェルノタワーを<number>個破壊する
f59fd7c1da61227b,TID_NEWS_RESOURCE_BOOST,全ての資源設備を、施設1棟につきエメラルド1個で生産アップすることができます。
ec619b14eaae2e98,TID_TUTORIAL_GOLD_STORAGE_1,ゴールドを保管できる\n安全な場所もほしいですね。
b3e7fc8742d34a49,TID_WAR_SIZE_TEXT,規模：
4aa3678828520cfb,TID_REQUIRED_DARK_SPELL_FORGE_LEVEL,必要条件\n闇の呪文工場レベル<number>
681b65eb9242441b,TID_BOOKMARKS_NOT_LOADED_YET,ブックマークをロードできませんでした。あとでまたお試しください。
500d92876384ec05,TID_DUEL_REWARDS_TITLE,バーサス戦報酬
562d8ae2e8d1a5f9,TID_ARCHER2_ABILITY_HELP,敵の防衛施設から<num>秒にわたって姿を隠すことができる
a4c90bd49464bf41,TID_DIAMOND_BUNDLE_BH7_INFO,
7e3458a7ff2425b2,TID_PRODUCTION_RATE_PER_DAY,生産量： 1日<number>個
2ad072b168b324a7,TID_TUTORIAL_LOOK_FINISH,ユニットですって？ チーフ、あなたの経験が役に立ちそうですね！
f6f74d0e0c7e45da,TID_POPUP_SPEED_UP_UPGRADE,エメラルド <number> で<item>の\nアップグレードを今すぐ終わらせますか？
24fd261e26a7b0f5,TID_WAR_STATS_HEADER_DEFEAT_BASES_SHORT,敵陣の攻略数
086d815ee5e6d7dd,TID_HINT_ACCOUNT_SECURITY_2_ANDROID,Supercell のスタッフがユーザーのGoogle アカウントのパスワードを尋ねることはありません。
a7ff4b34ff5f674f,TID_ACHIEVEMENT_ACCOUNT_BOUND_GOOGLE_PLAY,Google Playと連携
b51a10516eef8bd8,TID_LOCAL_NOTIFICATION_STAR_BONUS_READY,星ボーナスを獲得できます！ 戦いましょう！
d8d5d1704de10091,TID_POPUP_TEXT_ABOUT_TO_SELL,本当に<item>を<resource><number>で\n売りますか？
3e6bad4be7f4817d,TID_ADD_FRIENDS_INFO_REQUESTS_ANDROID,プレイヤーのプロフィールから、クラッシュ・フレンドに追加しましょう。Facebookのフレンドは、ログインすると自動的に表示されます。
56873ebb6fd154fc,TID_TUTORIAL_ELIXIR_1,エリクサーはユニットを訓練したり、\nいくつもの建物を建設するのに\n不可欠です。
e24320260a67e329,TID_BUTTON_TRAPS_ARMED,全てのトラップを再利用
e648673925bd61d9,TID_MAX_SECONDARY_UNITS,登場したユニット数：<number>
360c59081a2878d1,TID_POPUP_RELOAD_ALL_INFERNOS,全てのインフェルノタワーに充填
b6ed41f59e674cec,TID_FRIEND_LIST_TEAMUP_2_FRIENDS,フレンドにどこまでもついて行きましょう！
fc0000dab3a4619b,TID_SUMMON_SPEED,出撃速度： <number>
b276ddaea931a05d,TID_HINT_UPGRADE_TROOPS,ユニットを強化しましょう！ ラボを建設すれば、ユニットの種類ごとにアップグレードできます。
c62967316376c0ae,TID_PLUS_ONE_CLAN_STAR,戦の星+1
e754c94d415822c5,TID_DIAMOND_BUNDLE_TH4_INFO,• <gems>エメラルド\n• <res0>ゴールド\n• レベル2対空砲\n\n建設時間なし、収容量制限なし！\n\nこの<cffec78><value>xバリュー</c>のスターターパックは、1度きりの限定提供となります！
a9803e27e180f8f9,TID_DECORATION_PEKKA_STATUE,P.E.K.K.A.の像
2f2f644f4ad13f74,TID_NEWS_OCT_2017_UPDATE_MAIN_TITLE,10月のアップデート！
02e87b4ec9f0ab5b,TID_WAR_GOLD,対戦のゴールド
7f00ce448d3bd957,TID_NEWS_UPDATE_OTHER_TEXT,* 「フリーズ」の呪文が敵の飛行ユニットにも効果を発するようになりました\n* ラヴァハウンドが飛行ユニットを攻撃しなくなりました。\n* 攻撃側のユニットが防御側ユニットを追いかける範囲が、広くなりました\n* タイタンIIIリーグとタイタンIIリーグは、ショップで1週間のシールドを購入できるようになりました。
9dcdc635f5c0fba9,TID_ACHIEVEMENT_VICTORY_POINTS,マルチプレイでトロフィー数 <number>個 に到達する
87748f6df8ef454f,TID_CALL_CENTER_TEXT,[Supercell Service Center]\n\nTel:1688-6276\nHours: Mon~Fri / 10:00am ~ 18:00pm\n\nAdditional Information\nCall service is not operated in Weekend and Public Holidays\nYou can get more help by sending an email in the game
131845d597dc74d0,TID_TUTORIAL_ELIXIRSTORAGE,エリクサーも貯めておける場所がほしいですね。
c5bc4f086dea5446,TID_BABY_DRAGON_INFO,この空飛ぶ赤ん坊は、他の飛行ユニットがいると大人しいのですが、独りにすると怒り出します！ 周囲に飛行ユニットがいないとベビードラゴンは怒り状態になり、攻撃にボーナスダメージが発生するほか、攻撃速度も上がります。
18f26d6fbb3cc003,TID_USE_SPELL_EVENT_ACHIEVEMENT_DESC,イベントチャレンジ： マルチプレイ戦闘で勝利しましょう！\n<cffec78>• 1<unit>を使用する必要があります</c>
f5e86d1dac7b0e46,TID_BUY_SHIELD_WHILE_GUARDED_TEXT,<name> を本当に買いますか？\n<cff0000>注意：村の護りの効果は消えます</c>
9dc8a26baebd37cf,TID_LOCAL_NOTIFICATION_EVENT_XMAS_2,チーフ！ クラッシュマスは、フリーズトラップが加わってまだまだ続きます。お見逃しなく！
61e12ea99b58596c,TID_DUEL_WIN_BONUS_PERCENTAGE,<percentage>％バーサス戦ボーナス：
eb10458b6bc10884,TID_DIAMOND_BUNDLE_TH6_INFO,• <gems>エメラルド\n• <res0>ゴールド\n• レベル2エアスイーパー\n\n建設時間なし、収容量制限なし！\n\nこの<cffec78><value>xバリュー</c>のスターターパックは、1度きりの限定提供となります！
93a1567ed8b70dbf,TID_AIR_BLASTER_INFO,エアスイーパーは、ものすごい突風を起こして飛行ユニットを押し返し、上空を防御します。エアスイーパーは向いている方向にしか効果がないので、上手に方向転換させて効果をフルに発揮しましょう！
a19689645bda75ce,TID_MULTIDEVICE_INFO_ANDROID,Google Play ログインを使うと、ゲームの進行状況を安全にバックアップしたり、複数のAndroidデバイスでプレイできるようになります。
eca804225eff0d00,TID_LEADERBOARDBANNER_REWARD,トップ 3 クランへのボーナス (各クランのトップ 20 プレイヤーで等分)：
91f1357fa73e591c,TID_NEWS_UPDATE_INFO_TEXT,決して諦めなかったラヴァパピィの壮大な物語。CamaroBroによるクラクラでの実話から着想を得ています。
dfee5e91b61e92c9,TID_POPUP_TEXT_RELOAD_ALL_XBOWS,<resource> <number> 個で全ての巨大クロスボウに再装填しますか？
4df9a04fbc35e0c6,TID_EVENT_CHRISTMAS_TRAP_UPCOMING,クリスマス2日目！
5204c2dd20744c9a,TID_NEWS_MAYSPELLS_TEXT,タウンホールレベル10の呪文：「クローン」の呪文\n• 「クローン」の呪文は、範囲内に入ったユニットをコピーします！\n• 「クローン」の呪文をアップグレードすると、収容スペース換算でより多くのユニットを出現させます。\n• 「クローン」の呪文は、レベル5の呪文工場から生成できます\n\nタウンホールレベル9の闇呪文：「スケルトン」の呪文\n• 戦場の好きな場所に、スケルトンの集団を出現させましょう！\n• 「スケルトン」の呪文をアップグレードすると、より多くのスケルトンが出現します\n• 「スケルトン」の呪文は、レベル4の闇の呪文工場から生成できます
1539440fa15532a9,TID_TUTORIAL_TRAIN_2,兵舎をタップして、\n「ユニットの訓練」を選んでください。
67a648e4872480e8,TID_TUTORIAL_DEFEND_4,村はレイラインの上に建てました。\n大砲は時間さえたてば\n魔法で自動的に修理されます。
6de3d38be441d603,TID_CHARACTER_INFO_GOLEM,耐久性の高い攻撃型ユニットです。破壊されると爆発して2体の小型ゴーレムに分裂します。\n小型ゴーレムは、元のゴーレムの20%の攻撃力とヒットポイントをもっています。
f7fb9602f7bff35b,TID_FOLLOW_BUILDER_TEXT,大工が私たちのInstagramのパスワードを持って、冒険へと旅立ちました！ 旅の行方を追いながら、彼が次に何をするのか突きとめましょう！
f44c362d351d0c8b,TID_ACHIEVEMENT_DESTROY_ARTILLERY,マルチプレイで通算 <number>個 のイーグル砲を破壊する
3b6fe617cf34d7b8,TID_ACHIEVEMENT_PVP_ATTACKS,マルチプレイで通算 <number>回 勝利する
892a7bb027024adf,TID_FAQ_TEXT_LOSTGEMS_ANDROID,ご注文いただいたエメラルドは通常すぐに反映されますが、サーバの混雑度によってはご注文の確認に時間を要する場合もございます。しばらくお待ちいただけば、エメラルドの購入は反映されます。しばらくお待ちいただいても、エメラルドがゲーム内に反映されない時は、ゲームの再起動により反映される場合がございます。それでも反映されない場合には、Googleウォレットの購入履歴をご確認ください。
8177a0c4da4f2e66,TID_NEWS_MIRROR_TITLE,準備
f255836dcc3e7549,TID_HINT LEAGUE_PROMOTION,トロフィーを増やすことで上位のリーグに昇格できます。\n高レベルのリーグほど戦利品へのボーナスが大きくなります！
d84954387efe94d4,TID_SPELL_STORAGE_CAPACITY,保存可能な呪文数： <number>
d9119d8b2c3856e2,TID_NEWS_MARCH_2017_UPDATE_TITLE,バランス調整！
1598a8f39b74c1b5,TID_DEFENCE_TROOP_COUNT,防衛側ユニット： <number>
1af4bc8bfb033a48,TID_ACHIEVEMENT_LOOT_ELIXIR,エリクサーを合計 <number> 奪う
d0ceb6d8a8e87013,TID_TROOP_UPGRADE_ALREADY_ONGOING,すでにアップグレード中です！
af01e0e3cf76b675,TID_POPUP_CANCEL_UPGRADE,<item>のアップグレードをやめますか？ アップグレードコストの <number>% しかもどりません。
e1afb551a4acbdc4,TID_CHARACTER_INFO_AD_SEEKER_WITH_EXPLOSION,本能的に対空砲を追い回す炎のような獣で、他のユニットの盾となる頼もしい存在です。倒されると、より小型で弱いユニットを放出します。
c9867f4fd30c92aa,TID_NEWS_MARCH_2017_UPDATE_TEXT,• タウンホールレベル11に、レベル9の対空砲を追加\n• レベル12の壁の最大設置数が25増加\n• ホグライダー、ディガー、ネクロマンサー、ドラゴン、P.E.K.K.Aのステータスを強化
6010942cf1892dbb,TID_ERROR_POP_UP_OUT_OF_SYNC,クライアントとサーバーの同期がとれていません！
47dbea4e596b7e64,TID_POPUP_REMOVE_REINFORCEMENTS_TEXT,本当に破棄しますか？コストは戻ってきません。
02da0eb073725906,TID_HERO_INSTRUCTIONS_WARMACHINE,マスター大工の自慢の発明で、敵の建物を粉砕することができます。大工としての腕前を世間に見せつけるには、どうしたらいいでしょうか？ 電撃ハンマーをアンロックして、敵をブチのめせばいいのです！
a20e51f8b3cf3994,TID_CLAN_WAR_CHALLENGE_ACCEPTED,<name> が参加を承認
40b9c65e14c32812,TID_CREATE_CLAN_PUBLISH_WAR_LOG,あなたのクランのクランプロフィールから、他のプレイヤーがあなたの対戦成績を見れるようにします
43ed24c8602ec968,TID_ACHIEVEMENT_LOOT_GOLD,ゴールドを合計 <number> 奪う
b4eed8b4d5e9c704,TID_WAR_PREPARE_INFO,クラン対戦に備えて村の戦闘態勢を整えましょう！\n<c2>クランの城</c>が満員になるよう仲間と援軍を送り合い、<c2>罠</c>や<c2>防衛設備</c>を整備し、<c2>ヒーロー</c>が出撃できるようにしておきましょう！
46fd5e66ebff004c,TID_HERO_ABILITY_SUMMONED_TROOP_TYPE,召喚したユニット：
6f45692a0cff46e0,TID_ATTACK_COOLDOWN_AFTER_MAINTENANCE,メンテナンス直後は一時点に他のプレイヤーへの攻撃ができません。
9a9cc270a2195daa,TID_ALLIANCE_WAR_VISIT_FAILED_NOT_FOUND,村が見つかりませんでした！ あとでまたお試しください。
110616a68fc2e270,TID_ELIXIR_AMMO_FILL_CONFIRMATION_ALL,全ての巨大クロスボウとイーグル砲が装填されました！
c7ab95df0c0dfa21,TID_REMOVE_FRIEND_INVITE_CONFIRMATION,<name>へのクラッシュ・フレンドリクエストをキャンセルしてもよろしいですか？
24caf5b92b81b963,TID_NEWS_VIDEO_TITLE_APRIL,ついに実現
5d50981090bd08be,TID_CLAN_WAR_CHALLENGE_REJECTED,<name> が参加を拒否
25ab94cb898e8c82,TID_CHAT_UNAVAILABLE,チャットは使用できません！
aa11aef7fbcf7d16,TID_WAR_DONATE_FULL,この相手はこれ以上援軍を受け入れることができません
f3856ba90c298489,TID_WAR_BATTLE_INFO,戦闘日には各プレイヤーは2回まで攻撃ができます。同じ敵を何度も攻撃しても、集計対象となるのは味方の最も成功した攻撃のみであるため、クラン内でしっかり戦略を立てましょう！クラン対戦で敵を攻撃しても、シールドの効果時間が短くなったりトロフィーが増減することはありません。
f9142a9736db689e,TID_ACHIEVEMENT_WAR_LOOT,宝庫から<number>ゴールドを集める
e0c8a51ae3d3c942,TID_RESEARCH2_TITLE,アップグレードの恩恵
3c83854343b43d4c,TID_TOWN_HALL_INFO,タウンホールは村の中心です。タウンホールをアップグレードすると\n新しい防衛設備、建物、トラップなどが色々と使えるようになります。\n対戦相手の村のタウンホールを破壊すれば戦いに勝利して、星が 1 つもらえます。\n相手の村の建物の 50% を破壊すれば 2 つめの星が、建物を 100% 破壊できれば\n最高評価の 3 つ星がもらえます。攻撃してくる敵プレイヤーも\nあなたのタウンホールをねらってきますので注意しましょう！\nタウンホールを村の中央に配置し、壁やトラップや防衛設備で囲んで守りましょう。\n敵もずるがしこいので、どの方向から攻撃してくるかわかりません！
f94757c94df1bfbe,TID_TRAP_DAMAGE_RADIUS,効果範囲： <number>タイル
44a4fda1adfd17b2,TID_HERO_ABILITY_NUM_SUMMONED_UNITS,召喚するユニット数：<number>
78972281af093fca,TID_MORE_APPBANK,公式攻略アプリをダウンロード!
a12c01c2b16e8d15,TID_ALLIANCE_WAR_BATTLE_XP,攻撃の成功により <xpnum> クランXPを獲得
ec42bdf2f525a77a,TID_LIGHTNING_STORM_INFO,敵をカミナリで感電させます！\n\n相手の村にかけましょう。せまい範囲内の建物やユニットにダメージを与えられます。
3f9fb3c2a3e83bcb,TID_LOCAL_NOTIFICATION_EVENT_XMAS_1,チーフ！ 1エメラルドのブーストと「サンタのとっておき」で、クラッシュマスをお祝いしましょう！
6915b79a1f89775e,TID_CLANPERK_DESC_DONATION_REFUND,寄付ユニットのコスト払戻：
d437a1e579745ef6,TID_ARMY_OVERVIEW_HINT_HEROES,タウンホールレベル <number> から利用可能
d63b40ae212cd3b8,TID_CHALLENGE_ATTACK_CODE_HINT,このコードを使って、あなたの村をフレンドに攻撃してもらいましょう！ あなたのクラッシュ・フレンドは、このチャレンジをフレンドリストから受けることもできます。
a351f77149f69a61,TID_NEWS_XMAS_2016_UPGRADES_TITLE,新アップグレード
3dbdd553bcfa7beb,TID_START_MATCHMAKE_HINT,攻撃して防御しましょう！ バーサス戦に勝利すると、ボーナス戦利品を獲得します！
5a75db5588be4032,TID_FAQ_TITLE_DISCONNECTED,接続が切断されて、とったはずのトロフィーが消えてしまったのですが、元に戻す方法はありますか？
d7f8bf4e7c6c944c,TID_EVENT_CHRISTMAS_TRAP,期間限定クリスマスイベント：フリーズトラップ
b4f3108df71c9c84,TID_HINT_ACCOUNT_SECURITY_2,Supercell のスタッフがユーザーのGame Centerのパスワードを尋ねることはありません。
606c9a6b75fbc3cf,TID_POPUP_SPEED_UP_CONSTRUCTION_SLOWDOWN,<item>を建設中のため、訓練速度が遅くなっています。エメラルド<number>個で今すぐ完了させますか？
8fccab6d470e8968,TID_EVENT_CHRISTMAS_UNIT,期間限定クリスマスイベント：アイスウィザード
a91a578a2716b832,TID_HERO_ABILITY_BARBARIAN_DESC,バーバリアンキングが激怒すると、体力が大幅に回復し、彼自身と近くにいる全てのバーバリアンの速度と攻撃力が一時的に上昇します。又、バーバリアンの集団が現れて乱闘に加わります！
5a27b4267b601c5b,TID_LEGEND_SEASON_INFO_PRESTIGE_MORE,レジェンドトロフィーとは、究極の威信の象徴です。永久に失われることはなく、シーズン毎の新たな獲得分は既存のレジェンドトロフィーに追加されます。
f4de0cd8e1e5ab48,TID_FAQ_TEXT_CLAN,クランに参加するには、先にクランの城を再建しておく必要があります。再建した城をタップすれば、クランに参加したり結成したりするボタンが表示されます。なお、クランの城にはクラン仲間が送ってくれた援軍ユニットや呪文が入ります。これらのユニットは村が攻撃された時に防戦に出てくれますし、他の村を攻撃する時に寄付されたユニットや呪文を使うこともできます。
2b4b59638d282cbf,TID_UNIT_COUNT,数：
f309c55818a27d87,TID_BUTTON_HERO_PATROL,寝る
fe7bcd688a0d22e7,TID_BUILDING_TEXT_NO_AMMO,弾切れ
cf712ec72edc4e9f,TID_CHANGE_NAME_ALREADY_USED,名前を変更できません！このアカウントでは既に名前の変更権を使っています。
6d5f6dd461d46206,TID_POPUP_REMOVE_TROOP_TEXT,ユニットを本当に破棄しますか？使ったコストは戻ってきません。
afce8395dd6068c8,TID_NEWS_MAYUPGRADES_TEXT,タウンホールレベル11\n• レベル14大砲\n• レベル4ラヴァハウンド\n• レベル7バルーン\n\nタウンホールレベル7以上\n• レベル2～4ばねトラップ\n\nタウンホールレベル10以上\n• ボウラーの収容スペースを6に低減
cd1c228482fff31c,TID_AMMO_ALREADY_FULL_ALL,全ての巨大クロスボウが既に装填されています！
f828b601dd91cdac,TID_HERO_ABILITY_UPGRADE_PROMPT_QUEEN,ヒーローをレベル <number> にアップグレードして、彼女の能力をパワーアップしましょう！
964eacc96fb317bb,TID_LEADERBOARDBANNER_PLAYER_NO_TOP_3_V2,バーサス戦トーナメントの勝者は、こちらに掲載されます！
9368e56a3cf3c1ef,TID_REPAIR_BUILDING_TITLE,建物を修理しますか？
44c148aed99271dd,TID_CLANPERK_DESC_DONATION_LIMIT_VALUE,<value> ユニット
d8034f018bdd6e80,TID_CHARACTER_INFO_PUMPKIN_BARBARIAN,カボチャが即席のカブトになるなんて、誰が思いつくでしょうか？ カボチャが頭を守ってくれるおかげで、通常のバーバリアンよりも若干ヒットポイントが増加します。
8abf5f36feb474b4,TID_ARMY_OVERVIEW_HINT_CLAN_CASTLE,クランに参加して、クランの城に援軍や呪文を届けてもらいましょう
66ee77219ca58655,TID_CLAN_BADGE_LOCKED,クランをレベル <num> にアップグレードして、このアイテムをアンロックしましょう！
13bc2d6625688b56,TID_ATTACK_SPEED,攻撃速度： <number>
839b32a324cd715c,TID_CLAN_SEARCH_RESULTS,「<name>」 の検索結果：
d62714d4d853e103,TID_STREAM_EVENT_CANCELLED_ARRANGED_WAR,キャンセルされたフレンド対戦
6307f0e2c8d6fade,TID_ITEM_LEVEL,<item> （レベル <number>）
8ce7ecbad16021b5,TID_FAQ_TEXT_RESET_ANDROID,ゲームをリセットする事は推奨されていません。ゲームを「アンインストール」したり、アプリマネージャーよりゲームデータを削除した場合、ゲームの進行状況が全て削除されます。重要：誤って進行状況を失うことを防ぐため、Google Playログインを利用して村のデータを保護してください。一度Google Playログインを利用すると、同じアカウントでログインすれば、いつでもあなたの村のデータを取り戻すことが出来ます。
fc9950a364cf6938,TID_ERROR_POP_UP_BANNED_TITLE,アカウント停止
05a65e17a41425f2,TID_ACHIEVEMENT_NPC_STARS_COMPLETED,キャンペーンマップの星：<value>
b20e8a36fd40b868,TID_EARTHQUAKE_INFO,激しい地震を起こして壁や施設をボロボロにしましょう！\n\n「アースクエイク」の呪文は、施設や設備の最大ヒットポイントに比例したダメージを与えます。同じ建物に繰り返し使うと威力は弱くなっていきますが、同じ壁に対しては威力が増していきます。どんな壁であろうとこの呪文4発で木っ端微塵です！
f41a294ad7f22a6e,TID_WAR_DONATE_DONE,この相手には、これ以上援軍を送ることができません。もう送れるだけ送りました！
11d97fd64b36a200,TID_HINT_SPELL_LIGTHNING,「ライトニング」 の呪文はせまい範囲のユニットや建物にダメージを与えます。
20353639efa80e28,TID_ACHIEVEMENT_DESTROY_WALLS,マルチプレイで通算 <number>個 の壁を破壊する
1a1165e1833693c0,TID_RESOURCE_PACK_GOLD_50,50%増やす
9ce7fd638881f6fc,TID_NEWS_BUILDER_BASE_TEXT3,• クラッシャーや押し出しトラップといった容赦のない防衛設備を活用し、敵を出し抜きましょう！\n• エメラルド鉱山や時計塔を使えば拠点をブーストできます\n• 大工の拠点があれば、自分の村の設備にも特別な改造を行えるようになります！
3bc91a5f97d0d947,TID_NEWS_OCT_2017_UPDATE_TEXT,• 大工の拠点でも、クランメンバーにフレンドバトルで挑戦\n• クランと協力して新しいクラン特典レベルをアンロックし、レベルごとのクランの紋章を手に入れよう\n• フレンドのオンライン状態を確認\n• 自分の村でも大工の拠点でも、フレンドの攻撃をライブ観戦しよう
965663d35acd6641,TID_FAQ_TEXT_RECRUIT_ANDROID,Google Play や Facebook のフレンドや、グローバルチャットで見かけたプレイヤーを招待しましょう。\n\nFacebook や Google Play のフレンドを招待するには、そのフレンドがこのゲームをプレイし、ゲームを Google Play もしくは Facebook に関連づけていて、ゲーム内でクランの城を再建している必要があります。これらの条件が満たされればそのフレンドがフレンドメニューに表示されますので、名前をタップし、表示されるメニューから「招待」を選んでください。グローバルチャットからの招待も同様に、招待したいプレイヤーの発言をタップして、表示されるメニューから「招待」を選んでください。
39561f2b288c134e,TID_FAQ_TEXT_TEXTSIZE,テキストの表示サイズは大きくできませんが、クラッシュ・オブ・クランを快適にプレイするには最新もしくは最近の iOS デバイス（iPad 2、iPad mini、iPhone 4 もしくは第4世代 iPod）でのプレイをおすすめします。\n\nこのゲームはこれらよりも古いデバイスでもプレイ可能ですが、プレイしにくくなってしまう可能性があります。
d179c743b31d841e,TID_ACHIEVEMENT_UNIT_UNLOCK2,大工兵舎で<name>をアンロックする
d358b54068a359be,TID_PREFERRED_TARGET_EFFECT_BONUS,(効果 x <number>)
37b000699ece04a2,TID_KICK_MEMBER_CONFIRMATION_TITLE,さよなら！
34b2e6db0fa98ab3,TID_ADVANCED_SEARCH_BUTTON_MORE,フィルター
fe902b31384498de,TID_ACCEPT_FRIEND_CONFIRMATION,<name>をクラッシュ・フレンドに追加しますか？
4457a2fd5b4d1178,TID_ACHIEVEMENT_REWARD_CLAIMED,達成項目をクリアしました！ エメラルドを <number>個 もらいました。
b7f15a9933cf0eba,TID_POPUP_BOOST_VILLAGE,資源の収集、訓練、研究および建設が、<time>にわたって<multiplier>倍に！\n\nブーストは、<cooldown>おきに無料で利用できます！
bea8eee2f4f3ef66,TID_LAYOUTS_REBUILD_CLAN_CASTLE,まずクランの城を建て直してください。
921f16a860e0103e,TID_NAMECHANGE_WARNING,注：名前は一度しか変更できません！
e1499ea9289a3db5,TID_ACHIEVEMENT_VS_BATTLE_TROPHIES_COMPLETED,バーサストロフィー記録： <value>
f179adf0275665f4,TID_VILLAGE2_DUEL_WAITING,別のプレイヤーがバーサス戦を希望しています！
a15cdbf10ee60319,TID_ALLIANCE_STREAM_REWARD,<number> XPをもらいました
6351d3045b2de386,TID_POPUP_RED_GEMS_PURCHASED_TEXT,(RED)のエイズ対策にご支援をいただき、ありがとうございます。12月8日までの間、(RED)のデコレーションをタウンホールに飾り、ご支援いただいたことを示すことができます。利用しますか？
79f64d31413d6e2a,TID_CANCEL_FRIENDLY_WAR_TEXT,フレンド対戦チャレンジを拒否しますか？ このクランからのチャレンジは、しばらくブロックされます。
060ce82b50aee140,TID_FAQ_TEXT_TROOPS,戦闘が終わると、戦場に配置していたユニットはエリクサーにもどって地面にしみこんでしまいます。\n\nユニットを消費して戦闘に勝利するのはこのゲームの戦略性の核となっています。ユニットは効果的に使うべき消耗品とお考えください。戦闘をしかける時は念入りに計画を練り、適切な種類のユニットを適切な数だけ使うように心がけましょう。準備にかかったコストに対する見返りを考えずに手持ちのユニットを片っ端から戦闘に投入してしまっては、奪った資源よりも使った資源のほうが多くなってしまうでしょう。
43ca0e22aef98300,TID_BUTTON_HERO_SLEEP,村を守る
d1d3e8b2f3145ed7,TID_CHARACTER_INFO_SNEAKY_ARCHER,アーチャーは月明かりにまぎれて、相手に気づかれることなく敵を始末することができます。弱点ですか？ 自信過剰なことです！
4266b2e74d596784,TID_SPELL_DAMAGE_PERCENT,ダメージ： <number>%
677f0c7bfbfdc526,TID_UPGRADE_INFO_HOUSING,<old>アーミーキャンプごとのユニット数(+<num>)
3447fac94aa5612f,TID_NEWS_BOMB_TOWER_MORE_TEXT,• フレンド対戦： 他のクランにチャレンジを送ってカスタム対戦\n• プレイヤープロフィールからクラッシュ・フレンドに追加\n• クラン対戦の戦利品ボーナスとクランXPのルールを変更\n• 多くのレベルアップグレードに際して、必要な時間とコストを低減\n• ネクロマンサーからウィザードに至るまで、数多くのバランス調整を実施！\n• 設定に新しい言語を追加： インドネシア語およびマレー語\n\n詳しくは、アップデートのリリースノートをご覧ください！
65ffe9f395d5c242,TID_SPELLS_INSIDE,保存済み呪文数： <number> / <number2>
663f0cda0023ccf8,TID_DIAMOND_BUNDLE_TH5_INFO,• <gems>エメラルド\n• <res0>ゴールド\n• レベル2ウィザードの塔\n\n建設時間なし、収容量制限なし！\n\nこの<cffec78><value>xバリュー</c>のスターターパックは、1度きりの限定提供となります！
dceac4fc2c71b8ff,TID_NEWS_VIDEO_TEXT_APRIL,クラン対戦のリリース記念アニメをぜひご覧ください！今度はホントにホントです。いや、マジで。
034914b1928e7bbf,TID_EVENT_ACHIEVEMENT_REWARD_CLAIMED,イベントをクリアしました！ エメラルド<gem>個と<xp>XPを獲得しました！
92a6fc3bab7a9d90,TID_COME_BACK_NOTIFICATION_LARGE,戻ってきてください、チーフ！ 村にはあなたが必要なんです！
75741f47b28fea7a,TID_AMMO_FILL_CONFIRMATION_ALL,全ての巨大クロスボウが装填されました！
a4c90bd49464b6d1,TID_DIAMOND_BUNDLE_BH8_INFO,
fd98fc03852cee84,TID_ATTACK_FAIL_TARGET_ONLINE,攻撃できません！ 村の持ち主がオンラインです。
cd7bf3093bc8b878,TID_ACHIEVEMENT_REPAIR_BUILDING,<name>を修理
fddc4685da68653f,TID_LEADERBOARDBANNER_PLAYERTOURNAMENTS_V2,バーサス戦トーナメント
df42dac264d03a85,TID_HINT_SINGLE_PLAYER_REWARDS,アップグレードしたいのにゴールドが足りない！ そんな時はシングルプレイ用ミッションでゴブリンどもからうばいましょう！
d0dd4e3b4aa0ea04,TID_CREATE_CLAN_ARRANGED_WARS_INFO,他のクランからフレンド対戦チャレンジを受け取りますか？
f48fa835e230bf19,TID_INVALID_WAR_MEMBERS_INFO_HIGH,メンバーは <value> 人以下にしてください
6d09238186011d97,TID_WIZARD_TOWER_INFO,究極の魔法系防衛設備です！ 塔に陣取ったウィザードたちが\n強力な範囲攻撃呪文で、空中や地上の敵ユニットを攻撃します。
94a01e5b8f2ccba7,TID_FAQ_TITLE_CLANSCORE,クランのスコアが全メンバーの合計スコアより低いのは何故ですか？
035e81cbcc3a2586,TID_SHOCKWAVE_DAMAGE,衝撃波ダメージ： <number>
fa4dd4576ccea70e,TID_NEWS_MAYTROOPS_TITLE,新ユニット！
1b82b9918e8b6928,TID_SLOW_SPELL,スロウの呪文
4ade050ab3285e5f,TID_TUTORIAL_MEET_NEW_BUILDER4,オレの家を... こんなにキレイに\nしてくれたのか！ 恩に着るぜ！\n案内なら任せてくれ。
5c83c66219e731cb,TID_WAR_HISTORY_NOT_AVAILABLE,クランは一度もクラン対戦に挑んでいません！
2a2a78b8fc7eecf8,TID_FAQ_TEXT_DESTROYED,シールドや村の護りが有効になっていない状態でゲームを終了すると、村が他のプレイヤーからの攻撃を受ける可能性があります。攻撃側のプレイヤーは村に貯めてある資源の一部を盗み出すことができますが、全部うばっていくことはありません。対策としては、村に防衛設備、壁、トラップなどをしかけて撃退するか、ショップで新しいシールドや村の護りを買うことができます。障害物（木、石、やぶ）およびマップの端は壁代わりには使えませんのでご注意ください！
64597458719d101a,TID_DIAMOND_BUNDLE_TH8_INFO,• <gems>エメラルド\n• <res0>ゴールド\n• レベル2ボムタワー\n\n建設時間なし、収容量制限なし！\n\nこの<cffec78><value>xバリュー</c>のスターターパックは、1度きりの限定提供となります！
1a21ca05b6e77cab,TID_POPUP_BOOST_DARK_ELIXIR_COLLECTOR,ダークエリクサーの生産を\n<time> だけ 2倍 にしますか？
c97e8b38b70dbb95,TID_REDUCE_TIME_BARRACK_TROOP2,新しい訓練時間： <num2>
1a9881373f22f0e8,TID_ATTACK_LOCKED,タウンホールをレベル2に要アップグレード！
e63014934bf0d747,TID_HINT_SPELL_RAGE,「レイジ」 の呪文は怒りの輪を作り出し、その中にいる味方ユニットの攻撃力と速度を高めます。
37cb0fb1496eea6d,TID_POPUP_REMOVE_TROOP_AND_SPELL_TEXT,ユニットと呪文を本当に破棄しますか？使ったコストは戻ってきません。
14093ee19f2ccf27,TID_FAQ_TEXT_RECRUIT,Game Center や Facebook のフレンドや、グローバルチャットで見かけたプレイヤーを招待しましょう。\n\nGame Center や Facebook のフレンドを招待するには、そのフレンドがこのゲームをプレイし、ゲームを Game Center もしくは Facebook に関連づけていて、ゲーム内でクランの城を再建している必要があります。これらの条件が満たされればそのフレンドがフレンドメニューに表示されますので、名前をタップし、表示されるメニューから「招待」を選んでください。グローバルチャットからの招待も同様に、招待したいプレイヤーの発言をタップして、表示されるメニューから「招待」を選んでください。
aa97e504f1b9e783,TID_RESOURCE_PACK_ELIXIR_50,50%増やす
ff0870eb3d8b1f08,TID_FAQ_TEXT_MULTIDEVICE,同じセーブデータを複数のデバイスで共有することは可能です。それぞれのデバイスで同じ Game Center アカウントにログインしてください。Game Center にログインすることでそのデバイスの村が Game Center アカウントに関連づけられ、どのデバイスでも同じセーブデータを読み込めるようになります。
509a7e804ba0a6a4,TID_HEAL,回復： <number>
d67d1d1b16f54817,TID_LEAGUE_SHUFLES,リーグの入れ換わりまで： <league_shufle_time>
4238006bb2b5d624,TID_NEWS_VIDEO_TITLE,はじめにご覧ください！
6e0aef5fffb6b38f,TID_GHOST,ハロウィンゴースト
7bb9379bc8962892,TID_POPUP_BOOST_HERO_REST,ヒーローの回復速度を <time>だけ <multiplier> 倍にしますか？
da82c5d7dda1d88e,TID_FAQ_TEXT_TEXTSIZE_ANDROID,残念ながら現時点では、文字サイズの拡大はできません。スタッフは読みやすさや使いやすさも含めたゲーム体験の向上に常に努めておりますので、今後にご期待ください。
12da90da390278c5,TID_CLANPERK_DESC_WAR_LOOT_MULT_VALUE,<value>%
b6ede35755760f9c,TID_HERO_SLEEPING,村を守る
6540ab2ad90f986d,TID_ACHIEVEMENT_SPELL_DONATION,<number>スペース分の呪文を寄付
626e8491cbfa58f9,TID_ACHIEVEMENT_CASTLE_REPAIR,クランの城を再建する
5a7610c31bec012e,TID_UPGRADE_INFO_DPS,<old>秒間ダメージ(+<num>)
4ba773ec7c45b9c6,TID_NEWS_VIDEO_TEXT_INTRO,クラン対戦とは何か？紹介ビデオをぜひご覧ください！
ea0872e8898622d4,TID_FAQ_TITLE_BUYING,エメラルドを買えないのだけれども、ゲーム内から買う方法はあるのでしょうか？
e87f15dbf731ec35,TID_GOOGLE_SERVICE_BOUND_TO_OTHER_ACCOUNT,<name>チーフの村（タウンホールのレベル： <number>）をロードしますか？ 警告： 現在プレイ中のゲームの進行状況は失われます。
4e4b493ac0a70575,TID_HERO_ABILITY_UPGRADE_PROMPT_KING,ヒーローをレベル <number> にアップグレードして、彼の能力をパワーアップしましょう！
4ee80bea22173333,TID_NEWS_OCT_2017_UPDATE,クラン、フレンド、クランメンバー
9ce34e37f118b664,TID_DARK_ELIXIR_PUMP_INFO,錬金術師たちが、やっとのことで純粋なダークエリクサーをくみ上げる\n方法をみつけました！ 魔法物質の中でも最も貴重なものです。
7d32b6b191a2bd6b,TID_HITPOINTS,ヒットポイント： <number>
9aa59fe87881630d,TID_ALLIANCE_REJECTED_BY,<name> が参加を拒否
0a0fddb8702c0703,TID_NEWS_MAY_BALANCING_TITLE,2017年5月のバランス調整
d54443e25bff2721,TID_NEWS_VIDEO_TEXT_FINALLY,クラン同士の戦いが今まさに始まろうとしています！人気者のホグライダーに焦点を当てた完全新作アニメをぜひご覧ください。
4cb987ca03865ba2,TID_TRAINING_TIME_REDUCTION,訓練時間低減： <number>
038653afc70b6417,TID_POPUP_BOOST_ALL_COLLECTORS,この資源設備<number>個全ての生産量を\n<time>だけ2倍にしますか？
437af0c4573e1226,TID_BUY_SHIELD_TEXT,本当に <name> を買いますか？
a6d58b5e2334fb4b,TID_HINT_ACCOUNT_SECURITY_1_ANDROID,Google の認証情報は絶対に他人に教えないでください。
92e8c90e82b36c12,TID_PERSONAL_WAR_PREFERENCE_IN,参戦を希望
58f24f3b65e27350,TID_DEVICE_LINK_ERROR_CODE_CURRENT_VILLAGE_TOO_HIGH_TEXT_ANDROID,あなたの村は現在ログイン中の Google アカウントに恒久的に関連づけられています。\n\nこの村でのゲームが既に進行している (タウンホール レベル<level> または購入の履歴がある)ため、上書きできません。
040d026ef65b03c3,TID_WAR_INFO,2日間に渡る壮絶な戦いを制するのは最も多くの星を獲得したクランです！クラン対戦に勝利したクランにはボーナス戦利品とクランXPが贈られます。敵クランメンバーの村々を攻撃し勝利を得るたびにボーナスは増えますが、クランが対戦に敗北するとボーナスはほとんど失われてしまいます！同点の場合には「最大の攻撃」の総破壊率が高いクランの勝利となります。
1d891064151c3e24,TID_TOTEM,トーテム
d98e9652d57c218d,TID_ADD_FRIENDS_INFO_REQUESTS_TENCENT,プレイヤーのプロフィールから、クラッシュ・フレンドに追加しましょう。WeChatやQQのフレンドは、ログインすると自動的に表示されます。
e8777b6c14902890,TID_TROOP_UPGRADE_COMPLETED,アップグレード完了： <item> レベル <number>
7a420e179e12857f,TID_FILL_ARMY_CAMPS,アーミーキャンプ
771b22561ce78202,TID_CHARACTER_INFO_MOVING_CANNON,車輪のついた大砲！？ 敵もまさかと思うでしょう！ あまり頑丈ではありませんが、素晴らしい火力を発揮します！
0c9709be1bd8daf0,TID_TOTAL_HEAL,合計回復量： <number>
2b4ff7e79d18588a,TID_NEWS_OCT_2017_UPDATE_TEXT_2,• ゴーレムとバルキリーに新たなユニットレベルを追加\n• エアスイーパーとボムタワーに新たな建物レベルを追加\n• 最大レベルにできる壁が25個追加
5f8376066da8cf04,TID_WAR_ELIXIR,対戦のエリクサー
cd020c61c2517bcc,TID_CHAT_REPORT_CONFIRMATION,本当に <name> を迷惑行為ユーザーとして通報しますか？
d5b7961b467ae58b,TID_NEWS_VIDEO_TITLE_FINALLY,クラン対戦のご紹介
bfabc06fbe49ac7a,TID_ALLIANCE_REJECT_MESSAGE_TITLE,拒否： <name>
9d84916442d7e864,TID_ACHIEVEMENT_DESTROY_XBOW,マルチプレイで巨大クロスボウを<number>個破壊する
98ff8f872113ea3c,TID_DIAMOND_SHOP_PACK,エメラルド <number>
dd0e7cdcdb5968a5,TID_ALLIANCE_WAR_STAR_XP,星<num>個の獲得により <xpnum> クランXPを獲得
02e12bde84531d42,TID_FAQ_TEXT_MULTIDEVICE_ANDROID,はい！まずGoogle Play ログインを利用して、あなたの村をGoogle アカウントと関連づけしてください。その後、別のAndroidデバイスで、ゲーム内のオプション設定から、同じGoogle Play アカウントにデバイスを関連づけることで、そのAndroidデバイスで同じ村のデータをロードできるようになります。
8ec0e6875dbf6d21,TID_MATCHMAKE_VILLAGE2_TITLE,バーサス戦
dedd8d520d0eedd1,TID_DARK_ELIXIR_BARRACK_INFO,闇の兵舎があればダークエリクサーから生まれた戦士たちを\n味方につけることができます。 闇の兵舎をアップグレードすれば\n独特の能力をもつユニットがさらに使用可能になっていきます。
d6307f226ea65207,TID_AVATAR_MESSAGE_SUBJECT_GEM_DONATION,<amount>のエメラルドを取得しました
9498dd44bfbd649a,TID_LINK_NEW_DEVICE_TEXT2,まず、 デバイスをタップします:
2810ad544ff94528,TID_CLAN_MINIMUM_TROPHYS,必要なトロフィー数：
44ca235f8a82d8e6,TID_PERSONAL_WAR_PREFERENCE_DESCR,クラン対戦への参加を希望するか選んでください。内容は他のクランメンバーに表示されます。
49bd740feb84d75f,TID_SPELL_STORAGE_BREWING_CAPACITY,生成容量： <number>
805e4ea3ed970de8,TID_SPELL_DAMAGE,合計ダメージ： <number>
44cb1dc469b2e9b0,TID_POPUP_RELOAD_ALL,すべてリロード
46f3d8092ec08ff8,TID_TUTORIAL_SHIP_LOAD_SHIP,チーフ、船とクルーの準備ができました！ 出港準備完了です！
2d384b13b080bae9,TID_ALLIANCE_WAR_ATTACK_CONFIRM_3STARS,あなたのクランは、これ以上ないほど完璧にこの村を叩きのめしました。これ以上この村を攻撃してもスターは増えません。本当に攻撃しますか？
57063ca4378edde9,TID_FAQ_TITLE_INTERNET,時々通信が切断されます。どうしたら防げますか？
6c8be2b159672a76,TID_CHARACTER_INFO_RAGED_BARBARIAN,なぜそんなに怒っていて、素早く、狂暴なのでしょうか？ みな怖がって尋ねませんが、なくした剣が見つからないからではないかと...
ea6fab54a30adef1,TID_ARRANGED_WAR_SIZE,フレンド対戦の規模： <num> vs <num>
46ca427ec77a6407,TID_LIVE_REPLAY_FAIL_NO_DATA_FOUND,ライブリプレイを利用できません。このバトルは既に終わっています。
b39e3d4903a6d8ec,TID_ALLIANCE_WAR_LOOT_BONUS_TITLE,クラン対戦勝利ボーナス
e8af1a6a3d506107,TID_USE_TROOP_EVENT_ACHIEVEMENT_DESC_PLURAL,イベントチャレンジ： マルチプレイ戦闘で勝利しましょう！\n<cffec78>• <usecount><unit>を使う必要があります</c>
0c841ffdcb584389,TID_FAQ_TEXT_CLANSCORE,クランのスコアはメンバーそれぞれのスコアを特定の比率を加味して算出したもので、全メンバー分のスコアの合計ではありません。クランのスコアはランキング競争がより公平で白熱したものになるように工夫されています。
f6801d512e7a765e,TID_NEWS_VIDEO_BUTTON_INTRO,今すぐ見る！
1930aaa8a50c7994,TID_WAR_STATS_HEADER_DEFEAT_BASES,敵クラン対戦拠点の攻略数
ae45ada541a6dd3c,TID_POPUP_HEADER_ABOUT_TO_SPEED_UP,今すぐ終える
dc81ca39574d2b83,TID_ALLIANCE_WAR_BEST_ATTACK_ENEMY,敵軍最大の攻撃：
c4e1fcc9f9359c08,TID_ALLIANCE_WAR_PLAYER_ON_WAR_COOLDOWN,次のクラン対戦参加可能まで
9e7e18c83c5182f9,TID_TOWN_HALL_LEVEL_TOO_LOW,先にタウンホールをレベル <number> に要アップグレード！
ff4f73ebf3eb2f22,TID_NEWS_OCT_2017_UPDATE_TITLE_2,設備とユニットの新レベル
bb6b20d51018be33,TID_ANDROID_BILLING_PRODUCT_NOT_AVAILABLE_PRICE,タップして情報を表示
29e0806b98ad77e0,TID_ACHIEVEMENT_WAR_STARS,クラン対戦の戦闘で星を <number>個獲得する
0646f5baba0e17fa,TID_NO,結構です
0d8b8496cc94712c,TID_LINK_TARGET_IOS_BUTTON,iPhone、iPad、または iPod に\n関連づける
7d31cbf4a99c7831,TID_NEWS_VIDEO_TEXT,クラクラのキャラクターがアニメになってテレビのCMに登場！
6577db0ae64a89c7,TID_POPUP_CANCEL_CONSTRUCTION,<item>の建設をやめますか？ 建設コストの <number>% しかもどりません。
ca600aba6cfabeca,TID_TUTORIAL_ATTACK_DONE2,この地方じゃあ、それがルールだからな！ 相手よりも上手く攻撃できれば、報酬をもらえるのさ。ただし盗みは禁止だ。無礼だからな。
f2514af7bb1908bf,TID_EVENT_ARMYSPELL_BOOST_INFO,指定ユニット全員の速度を4倍にします！\n\n以下のユニットを各1エメラルドでブーストしましょう：\n• ヒーロー\n• ユニット訓練\n• 呪文の生成
217667ec728ec4ac,TID_POPUP_BOOST_ELIXIR_COLLECTOR,エリクサーの生産を <time> だけ 2 倍にしますか？
80a6a8939dee5223,TID_POPUP_BOOST_VILLAGE_SPEEDUP,資源の収集、訓練、研究および建設が、<time>にわたって<multiplier>倍に！
e4e2086822565415,TID_FAQ_TITLE_REPLAY,リプレイを見ることができないのは何故ですか？
6fff614e5662760c,TID_FAQ_TEXT_REPLAY,ゲーム内に同時に保存しておけるリプレイの数には上限があるため、できるだけ早くリプレイを視聴することをお勧めします。また、ゲームのアップデートやメンテナンス実施後には、それまでのリプレイが削除されますのでご注意ください。
7f176e44d41699ee,TID_ALL_BUILDERS_AVAILABLE,大工さんは全員いつでも働けます
688b666d0388a945,TID_BUY_RESOURCE_PACK_HEADER,<resource>の購入
0c159bb1fc199e2b,TID_GOLD_SHOP_PACK,ゴールド <number>
2e20f2f33f2e76b5,TID_NEWS_BUILDER_BASE_TEXT2,• 新しいユニット、プレイ戦術、ランキングのもと、全力で戦いましょう\n• ステルス能力を持ったスニークアーチャーなど、特殊能力を持ったユニットを訓練しましょう！\n• 特殊能力を再使用できる強力なヒーローが登場します！
a341db6291caf094,TID_ALLIANCE_WAR_EVENT_75PERCENT_DESTROYED,７5%破壊！
f3730833eba015de,TID_FAQ_TITLE_RECRUIT,クランのメンバーを増やすにはどうすればよいのでしょうか？
da2fff4c7fc7d964,TID_AVAILABLE_TROOPS,使用可能ユニット数:
3baa16b9a88a8674,TID_FAQ_TITLE_SHIELD,シールドとは？ どのように使えばよいのでしょうか？
893f2e4f53af9a61,TID_VIEW_PLAYER_ON_WAR_MAP_BUTTON,クラン対戦地図で見る
79c9ea53c4bfed53,TID_NEWS_VIDEO_TEXT_WAR,新たな「クラン対戦」の様子を特集した動画をぜひご覧ください。より詳しい情報はフォーラムなどで！
f37eda2383c997b7,TID_FAQ_TEXT_DISCONNECTED,接続の切断でトロフィーが減ってしまったということは、自分の村が攻撃されたか、自分がしかけた攻撃が途中で切れてしまって敗北したことを意味します。クラッシュ・オブ・クランのスコア計算の仕組みでは、どんな理由があってもトロフィーをもどすことはできません。自分が失ったトロフィーは別のプレイヤーの手元に移されているため、トロフィーをもどすとランキングシステムのバランスに問題が発生してしまうからです。\n\nネットワークの問題でトロフィーが減ったりしないようにするには、他のプレイヤーを攻撃するのは（WiFi 接続時など、）接続が安定している時にしましょう。
c2731119d7eacdd3,TID_NEWS_BUILDER_BASE_TITLE2,新しいバーサス戦モードで戦いましょう
023e17f39ec939a3,TID_POPUP_RELOAD_ALL_XBOWS,全ての巨大クロスボウに装填
bb01e88a9c530c1f,TID_USE_TROOP_EVENT_ACHIEVEMENT_NAME,<unit>個使う
4e2e23e3066f9c1a,TID_BUTTON_LOAD_ALL,全て装填
c6c9dd7c7451d2b1,TID_HINT_ARTILLERY_TARGET3,砲撃された場所の近くにいるユニットは、衝撃派によるダメージを受けます。
a0659524ab053447,TID_TESLA_TOWER2_INFO,タワーでありトラップでもある、大変ショッキングな防衛施設です！\n科学の力で、地上の敵も空中の敵もビリビリさせましょう！
600852f9a5f2c2d8,TID_XBOW_LOADING_COST,補充コスト： <resource> <number>
c89f10e5b6b27f42,TID_ALLIANCE_EXP_EARNED,+<value> クランXP
8023bb1b58758071,TID_FAQ_TITLE_GEM_BOX,埋蔵エメラルドを手に入れるにはどうしたらいいですか？
874b80bbc515ea97,TID_DIAMOND_PACK_6,エメラルドのトランク
12afdf74647360a5,TID_UPGRADE_INFO_HP,<old>ヒットポイント(+<num>)
6118188e174068c0,TID_NEWS_TH11_UPDATE_GAMEPLAY_TEXT,• 戦闘の制限時間が30秒間延長されました。\n• ゴブリンはタウンホールとクランの城を狙うようになり、それぞれに2倍のダメージを与えます。\n• 全ての罠の再利用コストが大幅に削減されました。\n• 巨大クロスボウの再装填コストが大幅に削減されました。\n• 多くのヒーラーが同じユニットに与える効果が低下しました。\n• 軍事関連の設備やヒーローをエメラルド5個で1時間ブーストできるようになりました。\n• タウンホールレベル10での対戦相手検索や他の相手を探すためのコストが削減されました。\n• クラン対戦の準備日が23時間に短縮されました。\n• ユニットがこれまでよりも賢く進路を選び戦うようになりました。\n• タウンホールレベル6～10で獲得できる戦利品の割合が若干増えました。\n• タウンホールレベルが1低い村から得られる戦利品が僅かに減少しました。\n• 村が広くなり、建物を配置できるエリアとユニットを配置できるエリアの両方が拡張されました。これに伴い、もともと範囲外にあった障害物の位置が移動しています。
b532023b224fa67a,TID_CLOCK_TOWER_INFO,時計塔は、村の活動を早めることができます！\n資源の収集、訓練、研究および建設が早くなります。
01781af88fc61058,TID_UPGRADE_INFO_SPAWNED_UNITS,<old>発生ユニット数(+<num>)
35ec5a627f95015b,TID_XP_TEXT_UNLOCK_PUZZLEANDDRAGONS,「パズル＆ドラゴンズ」内で「クラッシュ・オブ・クラン」ダンジョンがアンロック可能になりました！ 下のボタンでゲームを起動してアンロックしましょう。
7e908feb048fa642,TID_FAQ_TITLE_TROOPS,戦闘で生き残ったはずのユニットはどこへいってるのでしょうか？
6d49e830259c3651,TID_FAQ_TITLE_HEROES,ヒーローユニットとは？ どうやれば使えるのでしょうか？
8309188e39fe9148,TID_FLAMER_INFO,敵に強力なプラズマを浴びせます！ 地上ユニットであれ空中ユニットであれ、ひどく熱い思いをするでしょう！
aa3de4ce355bee1e,TID_NEWS_VIDEO_TITLE_WAR,クラン対戦が気になるようですね？
e24aaec8eb2f5761,TID_AIR_DEFENSE_SMALL_INFO,小型のロケットをまとめて打ち出して、空中の敵を追い散らします！ 電気虫取り器をかわいらしくしたようなものです。
365e3cc856d19576,TID_FAQ_TITLE_GUARD,村の護りとは？ どのように使えばよいのでしょうか？
70edb736509adfe2,TID_DIAMOND_BUNDLE_HERO_INFO,
d089d0107f7bd7a6,TID_POPUP_BOOST_MINI_SPELL_FACTORY,闇の呪文の生成速度を <time> だけ <multiplier> 倍にしますか？
0dfaa3124c195011,TID_CALL_CENTER_TITLE,Telephone inquiry
517467c0aa483f7c,TID_ALLIANCE_WAR_ATTACK_CONFIRM_2STARS,あなたのクランはこの村から星2つを勝ち取っています。この村を完全に攻略するための戦いに挑みますか？
209217d2b776c866,TID_KICK_MEMBER_CONFIRMATION,<name>をクランからはずしますか？
6c63eee8bfb78a89,TID_SETTINGS_BUTTON_FACEBOOK_CONNECTED,関連づけてあります
0bb4a6d7db30bab2,TID_TRAPS_ALREADY_ARMED,全ての罠の再配置完了！
46cffc00e031180b,TID_INVITE_FRIEND_CONFIRMATION,<name>にクラッシュ・フレンドリクエストを送りますか？
d67891263a2d5b0c,TID_MULTIDEVICE_INFO_KUNLUN,複数の Android デバイスから同じセーブデータのゲームをプレイするには、同じ Android アプリストアからクラッシュ・オブ・クランをダウンロードして、同一のアカウントでログインしてください。
dc0afbf1727051f4,TID_ARMY_OVERVIEW_HINT_SPELLS,タウンホールレベル <number> から利用可能
0a5a91af477e7e32,TID_BARRACK2_INFO,大工兵舎は、バーサス戦に使用するユニットを訓練します！ また、攻撃の前にすばやくユニットを切り替えることもできます。大工兵舎をアップグレードすると、より多くのユニットをアンロックできます！
e4ce65cf85f296f6,TID_NEWS_VIDEO_BUTTON_WAR,今すぐ見る！
0da93255be6d3972,TID_REPAIR_HERO_TITLE,ヒーローを修理しますか？
da5eb91cd6528c80,TID_ACHIEVEMENT_LEAGUE_PROGRESS_2,マスターリーグに到達する
55dfb1d558bbe126,TID_FAQ_TITLE_SPELLS,呪文とは？ どうすれば使えるのでしょうか？
0c8cac0660c5b0e5,TID_ALLIANCE_WAR_EXP_AVAILABLE,攻撃に成功するとクランXPが <num> 増えます
35f9a39db963f534,TID_ALLIANCE_WAR_ATTACK_CONFIRM_1STAR,あなたのクランはこの村から星1つを勝ち取っています。更なる星を獲得するための戦いに挑みますか？
733ea286b86d1bae,TID_PARENTS_GUIDE_BUTTON,保護者の方へ
8cee33053e6f4b13,TID_ACHIEVEMENT_VS_BATTLE_TROPHIES,バーサス戦で合計<number>個のトロフィーを獲得する
91e0b916c338d026,TID_BALLOON2_ABILITY_NAME,スケルトンバースト
a52af58c88b9cbf8,TID_ACCOUNT_SWITCHING_NOT_SUPPORTED,「「<name> 」さんの村がご利用いただけますが、移行するにはお手持ちの端末をiOS7にアップデートする必要があります。アップデートの詳細はこちらからご確認ください。http://support.apple.com/kb/HT4623?viewlocale
1246c57b2da0a68a,TID_CONFIRM_DEVICE_LINK_TEXT,今の村を削除して、次の村に変更しますか？ ：
8bff17cc9d2ed4b7,TID_SHOP_SHIELD_1D,シールド (1日)
cc6e5628af58398b,TID_BALLOON2_ABILITY_HELP,撃破された際に<num2> ダメージを与え、<num>体のスケルトンを発生させる
24209448752713e9,TID_TUTORIAL_ELIXIR_STORAGE_2,エリクサータンクを建設して、\nエリクサーを貯めておける\nようにしましょう！
e3bc1f386fc44efa,TID_CHARACTER_INFO_PEKKA,P.E.K.K.A.は騎士なのか？ サムライなのか？ ロボットなのか？\nその正体は謎につつまれています。P.E.K.K.A.の着込んでいるヨロイは、どんな強力な一撃でもやわらげてしまいます。
32128c22312cafdb,TID_HASTE_DAMAGE,ダメージ上昇： <number>%
1beba6d68af8cfb1,TID_TRAINING_CAPACITY,訓練可能な人数： <number>
1695885787a62f71,TID_NEW_BEST,最大
64ca46cda2cbde34,TID_BEST_ATTACK,最大の攻撃：
c030a0f5187de112,TID_FAQ_TEXT_GUARD,村の護りは、シールドと同様に他のプレイヤーからの攻撃を防ぎます。しかし、シールドとは違い、他の村を攻撃しても影響を受けません。シールドの効果が終了すると自動的に村の護りが手に入ります。また、上位のリーグになるほど、手に入る村の護りはより長くなります！また、ショップでエメラルドを少し使って村の護りを購入することもできます。
f3cff5b2b84af56e,TID_HINT_WARMACHINE1,バトルマシンを修理すれば、攻撃のときに強力なヒーローとして使えるようになります！
86f108ba9fcceaa3,TID_GEM_BALANCE_BUTTON,購入情報
91674025726bfdc9,TID_HOUSING_INFO,ユニットは 「アーミーキャンプ」 に集まって出番を待ちます。\nキャンプの数を増やしたり、アップグレードすることで\n強大なアーミーを作り上げましょう。
ed0ac80a34e2e036,TID_POPUP_TEXT_RELOAD_ALL_ELIXIR,<resource> <number> 個で全ての巨大クロスボウとイーグル砲に再装填しますか？
18d36e5dcd807473,TID_STREAM_EVENT_CANCELLED_WAR,クラン対戦相手の検索を中止しました
e916f67105633bf4,TID_FAQ_TEXT_BUYING_ANDROID,お使いのGoogle アカウントが有効であり、かつ、メインのお支払方法が最新であることをご確認ください。これらの情報は、お客様のGoogle ウォレットよりご確認いただけます。お支払方法や、ご注文のキャンセルについてご不明な点がある場合は、直接Google社へご確認くださいますようお願いいたします。
6ee7c12055b9c175,TID_DIAMOND_BUNDLE_RED_INFO,• <gems>エメラルド\n• スーパーヒーローの像\n• バーバリアンキング用の期間限定(RED)スキン\n\n売上金の100%の金額が、(RED)を通じてエイズ対策支援のために寄付されます。
2248d8c23e816c76,TID_CHAT_FAIL_BANNED,グローバルチャットでの発言はしばらくできなくなりました。
ed74a3439d6d4b32,TID_ALLIANCE_DEMOTE_BUTTON,<role> に降格
1a1165e4973696d4,TID_RESOURCE_PACK_GOLD_10,10%増やす
338912cc4da0c979,TID_LEGEND_SEASON_END_TROPHY_RESET,新たなレジェンドリーグトーナメントの開始に伴い、トロフィー数が <value> にリセットされました。
140573b8abf60b05,TID_CLAN_JOIN_FAIL_NO_DUEL_SCORE,バーサス戦のトロフィー数が足りないため、このクランには参加できません。
b1e3f2f395c1e0ea,TID_LEGEND_SEASON_INFO_PRESTIGE,レジェンドリーグでは、シーズン毎に新たなスタートを切れるよう、トロフィー数が毎回 <value> 個まで減少します。減った分のトロフィーはレジェンドトロフィーとして新たに授与されます！
5c4455c91a4a3bed,TID_HINT_SAFEGUARD_PROGRESS,Game Centerアカウントでログインすることで、ゲームの進行状況を安全にバックアップできます。
81281438e65ac56c,TID_HINT_TOXIC_MINION,ベータガーゴイルは敵の施設から離れた場所に投入して、長距離攻撃能力を活かしましょう。
81c6c958e08116e6,TID_CHAT_JUST_BANNED,他のプレイヤーから、問題のある発言をしていたと報告がありました。グローバルチャットでの発言はできなくなりました。
6c7c38a0a4478707,TID_FAQ_TEXT_UPGRADES,建物をアップグレードするには、その建物をタップして 「アップグレード」 を選択してください。タウンホールをアップグレードすれば新しい建物を建設したり、今ある建物をさらにアップグレードできるようになります。\n\n建物のほとんどは、アップグレード中は効果がなくなってしまいますのでご注意ください。例えば、金山やエリクサーポンプは生産が一時的に止まり、大砲や塔などの防衛設備は敵を攻撃できなくなります。
7c52b5ef17a562ef,TID_CLAN_ADVANCED_SEARCH_RESULTS_WITH_NAME,検索オプションを使用した「<name>」 の検索結果：
ea22694128dc360a,TID_REGENERATION_TIME,再生時間： <number>分
9895aca074111fa3,TID_FAQ_TITLE_CHANGENAME,村の名前を変える方法はありますか？
95557355757cd586,TID_PREVIOUS_BEST,前回の最大
0cabda608683a5da,TID_ATTACK_FAIL_ALREADY_UNDER_ATTACK,攻撃できません！ この村はすでに攻撃されているところです。
772fb9f131634d39,TID_DEVICE_LINK_ERROR_CODE_CURRENT_VILLAGE_TOO_HIGH_TEXT,あなたの村は現在ログイン中の Game Center アカウントに恒久的に関連づけられています。\n\nこの村でのゲームが既に進行している (タウンホール レベル<level> または購入の履歴がある)ため、上書きできません。
46d9d271f0ec06e7,TID_FAQ_TITLE_BUYING_ANDROID,エメラルドを購入できません。助けて！
39a9c1f9703d7c04,TID_LEAGUES_GET_MORE_TROPHIES,トロフィーを <number>個集めてリーグに参加しましょう！
920f0c6de69bbb84,TID_UPGRADE_INFO_SPAWNING,<old><name>発生速度(+20%)
904b9b2d921e1382,TID_DARKTOWER_AMMO_FILL_CONFIRMATION_ALL,全てのインフェルノタワーが満タンになりました！
da3a510987f90d0e,TID_SPEED_UP_DUEL_CONFIRMATION,今すぐバーサス戦ボーナスをアンロックしますか？
1e3288e0e5632dcb,TID_ALLIANCE_WAR_STAR_XP_DESC,星を<num>個獲得したので +<xpnum> クランXPボーナスを獲得
11f3cc11f4db9b39,TID_TRAP_AIR_MEGA_INFO,鳥か？ 飛行機か？ 何であろうと、ホーミング対空地雷は\n空の彼方まで吹っ飛ばしてしまうので同じことです。\nこのトラップは1体の飛行ユニットに絶大なダメージを与えます。
71d550c87e9a70d0,TID_DEFENCE_TROOP_LEVEL,ユニットレベル： <number>
499fd48197b94b29,TID_CHARACTER_INFO_AD_SEEKER_NO_EXPLOSION,対空砲に突っ込んでいく炎のような獣で、他のユニットの盾となる頼もしい存在です。倒されると、より小型で弱いユニットを生み出します。
8c990a45027eb29e,TID_ALLIANCE_WAR_TOTAL_DURATION,最大の攻撃の時間合計
39a51eab5709fb2a,TID_NEWS_UPDATE_TEXT,* 「ライトニング」 、「ポイズン」、「アースクエイク」、「フリーズ」の呪文が強化されました！\n* タウンホールレベル 10 でレベル 7 「ライトニング」の呪文と 25 種類の新しい壁のパーツを使えるようになりました。\n* クラン対戦の総破壊率がタイブレークの決め手になりました。対戦終了時に同点だった場合には、「最大の攻撃」での破壊の割合が多いクランが勝者になります！
661ce8ccb024259a,TID_TUTORIAL_ATTACK_DONE3,チーフ、いい攻撃でした！ 報酬として戦利品をもらいました！
cffe31ac6365874d,TID_INVALID_WAR_MEMBERS_INFO_MID,<low> 人または <high> 人のメンバーを選んでください
b98e3d4a9f4bf529,TID_HINT_CHAT_REPORT,チャットで問題のある発言を見かけたら、そのメッセージをタップして\n「報告する」 で運営側にそのプレイヤーのことを報告してください。
0933ff06147042ee,TID_MORE_TWITTER,公式アカウントをフォローしよう！
c8354baa90193429,TID_REPORT_PLAYER_BUTTON,報告する
abd6f5ff67cc9222,TID_V2_START_DUEL_ACTIVE,すでにバーサス戦が始まっているため、マッチを検索できません
ec35d9fe4dfa14a3,TID_TOWN_HALL_UPGRADE_WARNING,注意：アップグレードするとタウンホールのレベルが<number>以下の敵を相手にした時の戦利品が少なくなります。
b94beb929a1901b6,TID_FAQ_TITLE_MULTIACCOUNT,1つのデバイスで複数のセーブデータを使い分けてプレイできますか？
a15f873405aa4031,TID_HERO_RECHARGE_TIME,再チャージまで： <number>秒
fc1191a1eed31847,TID_FULLY_LOADED,弾薬満タン
f87494e42e3135b7,TID_FAQ_TITLE_DESTROYED,シールドや村の護りが切れるとどうなるのでしょうか？
022d0e25aa94c8d7,TID_EVENT_BOOST_COLLECTORS,スペシャルイベント：全ての資源設備を、施設1棟につきエメラルド1個で生産アップすることができます。
71e296a9fbcfe9a6,TID_TRAINING_SCREEN_TAB_SPELLS,スペルを生成
9c7f2baa5e3a14ee,TID_ACHIEVEMENT_DESTROY_XBOW_ONE,マルチプレイで巨大クロスボウを1個破壊する
ce105ff65a646c57,TID_NEXT_REWARDS,次を探す
f3c205651657bea7,TID_FAQ_TEXT_MULTIACCOUNT,クラッシュ・オブ・クランはデバイスごとに1つのセーブデータにしか対応していません。
dc22524315b7dec0,TID_MULTIDEVICE_INFO,Game Centerアカウントを使ってサインインすることで、ゲームの進行状況を安全にバックアップしたり、複数のiOSデバイスでプレイしたりできます。
120d60947bcba29a,TID_GROWTH_AURA_MAX,最大ヒットポイント上昇： <number>
325a885eb69ee141,TID_FAQ_TEXT_CHATBAN,禁止期間が終わるまでお待ち下さい。まことに申し訳ございませんが、サポートでは禁止期間の変更や解除をさせていただくことができませんので、この件でのお問い合わせはご遠慮ください。
4fdb3f9e6270eec9,TID_TUTORIAL_BARRACK_1,チーフ、ゴブリンと戦うには\n軍団が必要です！\n兵舎を建設しましょう。
4f5808f92d75df60,TID_NEWS_VIDEO_BUTTON_FINALLY,今すぐ見る！
de456142d27adb9c,TID_ALLIANCE_WAR_BEST_ATTACK_FRIENDLY,味方最大の攻撃：
298ff51a349f09df,TID_NEWS_SAFEGUARD_TEXT_ANDROID,Google Play ログインを使うと、ゲームの進行状況を安全にバックアップしたり、複数のAndroidデバイスでプレイできるようになります。
aa97e501e5b9e297,TID_RESOURCE_PACK_ELIXIR_10,10%増やす
7f2baba28a98317b,TID_TUTORIAL_GOLD_STORAGE_2,金庫を建設して\nゴールドを貯めておける\nようにしましょう！
ce3fa77f8870da69,TID_DIAMOND_BUNDLE_TH10_INFO,• <gems>エメラルド\n• <res0>ゴールド\n• レベル2インフェルノタワー\n\n建設時間なし、収容量制限なし！\n\nこの<cffec78><value>xバリュー</c>のスターターパックは、1度きりの限定提供となります！
906bffd07634496f,TID_WAR_STATS_HEADER_BEST_ATTACKS,最善の攻撃
3db718531a3743b6,TID_CLANPERK_DESC_TROOP_REQUEST_VALUE,<value> 分
92a1c183ca2c1ba2,TID_ACHIEVEMENT_LOOT_DARK_ELIXIR,ダークエリクサーを合計 <number> 奪う
cac4a65957d926dd,TID_ACHIEVEMENT_DESTROY_TOWNHALL2_COMPLETED,破壊したビルダーホールの数： <value>
3e038f38aafd8636,TID_VILLAGE_OBJECT_ROWBOAT_INFO,マスター大工はあなたの村を訪れて、建物に特別な能力を加えることができます！ 村の防衛施設に追加された改造オプションを見てみましょう！
4bd7eaa79dd5e5cb,TID_ACHIEVEMENT_GEAR_UP_COMPLETED,改造した建物の数： <value>
ba534b226153206e,TID_WAR_RESULTS_INFO_FRIENDLYWAR_ADDITION,クラン対戦が終了すると、宝庫にボーナス戦利品が届きます。また、対戦に勝ったクランにはクランXPの大ボーナスもあります。クラン対戦の終了後は、一定期間だけ対戦結果やリプレイを見ることができます。さらにクラン対戦ログで過去の戦歴を確認することもできます！\n\n注意： フレンド対戦では、戦利品やクランＸＰは手に入りません。
12725467593a7a97,TID_EVENT_BOOST_SPELL_AND_HEROES,スペシャルイベント：ヒーローや呪文が、それぞれたったのエメラルド1個でブーストできます！イベント期間は3月6日まで。
6800acef122a372f,TID_FAQ_TEXT_CLAN_WARS,クラン対戦に参戦するには、10人以上のメンバーが揃ったクランに参加する必要があります。詳細は「その他の情報」ボタンをタップしてご確認ください。
62250aeafd922719,TID_NEWS_VIDEO_BUTTON,今すぐ見る！
197bcfbd0dde15f3,TID_BUTTON_CALL_CENTER,Telephone inquiry
960b33dfbaf1f059,TID_ELIXIR_AMMO_ALREADY_FULL_ALL,全ての巨大クロスボウとイーグル砲が完全に装填されました！
41d00ad501fedeb8,TID_CLANPERK_DESC_DONATION_UPGRADE_VALUE_PLURAL,<value> レベル
0845148a040f9e5c,TID_DIE_DAMAGE,破壊された際のダメージ： <number>
aad1b51840620603,TID_HINT_XBOW_LVL_8,タウンホールをアップグレードしていけば、やがて\n「巨大クロスボウ」 という強力な防衛武器が使えるようになります。
807d4aa528b4e8d7,TID_ACHIEVEMENT_NPC_STARS,キャンペーンマップで星を <number>個獲得する
83755b4d2b95c47d,TID_CLANGAMES_TASK_INFO_USE_BOXERGIANTS,<num2>体のボクサージャイアントを使い、バーサス戦で<num>個の星を獲得する
e2257bc0e9a161c5,TID_EVENT_TITLE_ClanWar_short,週末の戦士
2dea09d545ad8e2d,TID_GAMES_REWARDS_TEXT,クランゲームが終了したら、嬉しい報酬タイムです！ 報酬はいくつかの報酬グレードに分かれており、チャレンジで獲得したクランポイントの総計に応じてアンロックされます。クランゲームで1つ以上のチャレンジを完了したプレイヤーは、各報酬グレードから報酬を1つ選んで受け取ることができます。選んだ報酬は、クランの城の宝庫に届けられますので、十分な空きを作っておきましょう！ なお受け取っていない報酬は、7日後に無効となります。
1a214584bdf41bbf,TID_WAR_INFO,2日間に渡る壮絶な戦いを制するのは、最も多く星を獲得したクランです！ クラン対戦に勝利したクランにはボーナス戦利品とクランXPが贈られます。対戦中の攻撃で勝利するたびにボーナスは増えますが、クランが対戦に敗北するとボーナスはほとんど失われてしまいます！ 同点の場合には「最大の攻撃」の総破壊率が高いクランの勝利となります。
575b9e54f40ffa87,TID_TUTORIAL_CLANGAMES_1,こんにちはチーフ！ いい所に来ましたね！
787572d843753da1,TID_DIAMOND_BUNDLE_MAGICITEMS_TROOP_BOOK_INFO,• <gems>エメラルド\n• 戦いの本<booster1>冊\n\n戦いの本を使って、ユニットアップグレードを瞬時に完了しよう！\n\nこのチャンスをお見逃しなく！
9a801c767c85ec84,TID_DIAMOND_BUNDLE_MAGICITEMS_EVERYTHING_BOOK_INFO,• <gems>エメラルド\n• 森羅万象の本<booster1>冊\n\n森羅万象の本を使って、あらゆるアップグレードを瞬時に完了しよう！\n\nこのチャンスをお見逃しなく！
49d44b7c3bae39a3,TID_BOOSTER_MAX_LEVEL_ARMY_MAXED_UP_LAB,部隊をブーストできません。先にラボをアップグレードしてください！
335f493439da86bc,TID_ALLIANCE_GAMES_EXPIRED_TASK,失敗
419e044637789cd1,TID_BOOSTER_FINISH_HERO_UPGRADE_INFO,たくさんの英雄譚と素晴らしい助言に満ちたこの魔法の本を使うと、実行中のヒーローアップグレードを瞬時に完了することができます。どちらの村でも使用可能です！
c787d643c1635054,TID_CANNOT_SWITCH_TO_ACCOUNT_WITHOUT_SUPERCELL_ID,チーフ<name>の村（タウンホールレベル<number>）が見つかりました！ Supercell IDでログインしてロードしましょう。
81e9ea729e61d6e1,TID_TUTORIAL_MAGICITEMS_2,危険なものでしょうか？ 強い力を秘めているようで、光っています！
3808af22b1c6d6ba,TID_BOOSTER_ERROR_BOOST,<booster>は使用できません！ ブーストできるものがありません。
138e1d42c549a3ff,TID_CLANGAMES_TASK_DESTROY_ARCHERTOWERS,アーチャータワー攻撃
9bceeb5c31395e21,TID_CLANGAMES_TASK_WIN_BUILDERBATTLES,大工バトルの勝利数
54678d5f0ff9db86,TID_CLANGAMES_TASK_INFO_USE_DROPSHIPS,<num2>体の降下船を使い、バーサス戦で<num>個の星を獲得する
be33c30107e2811e,TID_GAMES_TASKS_TEXT,チャレンジはそれぞれ、あなたの異なる能力が試されます。チャレンジを時間内にクリアできれば、クランポイントを獲得します。チャレンジの難易度はそれぞれ違いますので、自分には難しいと思ったら他のクランメンバーに任せましょう。自分にクリアできないチャレンジを選んでしまっても、そのチャレンジを破棄することができます。ただしその場合、新しいチャレンジを開始できるようになるまで待機時間が発生します。
2761ee1db284fe4b,TID_CLANGAMES_TASK_USE_WITCHES,ネクロマンサーの時間
5c6d339d2aab414e,TID_EVENT_TITLE_ClanWar_short3,ウィークエンドダッシュ
68fd2674778ef129,TID_EVENT_TITLE_ClanWar_Xmas,冬季ゲーム
da40c5494c35ca9d,TID_DIAMOND_BUNDLE_MAGICITEMS_TRAINING_POTION_INFO,• <gems>エメラルド\n• 訓練ポーション<booster1>個\n\nユニットの訓練、呪文の生成、ヒーローの回復をスピードアップしよう！\n\nこのチャンスをお見逃しなく！
ba1273d52b52e59d,TID_TREASURY_BOOSTERS_EMPTY,魔法アイテムがありません！ クランゲームに参加して入手しましょう。
40fcb43a02e4b7a4,TID_EVENT_TITLE_ClanWar_short4,週末の逃走
64d8f1f9a64101dd,TID_EVENT_TITLE_ClanWar_short2,クランダッシュ
d549f2e5c645a801,TID_CLANGAMES_TASK_INFO_USE_RAGEDBARBARIANS,<num2>体のレイジバーバリアンを使い、バーサス戦で<num>個の星を獲得する
0001149b3de589c4,TID_CLAN_GAMES_NO_REWARDS_EARNED,報酬の獲得はありません。
44193b6e44e38b55,TID_ACHIEVEMENT_WAR_STARS_COMPLETED,クラン対戦の戦闘で獲得した星の総数： <value>
ca159ab29f3c5d9e,TID_DIAMOND_BUNDLE_MAGICITEMS_BUILDING_BOOK_AND_HERO_BOOK_INFO,• <gems>エメラルド\n• ヒーローの本<booster1>冊\n• 建物の本<booster2>冊\n\n大工が手一杯？資源があり余っているのに時間が足りない？魔法の本パックでヒーロー1体と建物1つのアップグレードを瞬時に完了しよう！\n\n保管数の制限はありません！\n\nこのチャンスをお見逃しなく！
ef97f40848485698,TID_EVENT_TITLE_ClanWar_long3,ウィークリー戦利品
c6d5154f26097ec4,TID_BOOSTER_USE_MAX_LEVEL_ARMY,ユニットをブースト
4aa9e237717ab777,TID_NEWS_DEC_2017_UPDATE_MAIN_TITLE,12月のアップデートをお届けします！
9469f6aa3531aa27,TID_ALLIANCE_WAR_ATTACK_CONFIRM_2Stars,あなたのクランは、この村からすでに星2つを獲得しています。星3つを目指してこの村を攻撃しますか？
89613f40e4356dc9,TID_POPUP_SPEED_UP_UPGRADE,<item> のアップグレードを今すぐ完了させますか？
e4c98d48333d04d0,TID_TREASURY_BOOSTERS_DESCRIPTION,魔法アイテムは、アップグレードを支援するものから村やユニットのさまざまな能力をブーストするものまで、素晴らしい力を持っています。ただし、それぞれを同時に所持できる数には限りがあります。
acc395350e6d5736,TID_EDIT_MODE_BLOCKED_COPY,コピーされたレイアウト内に見つからない、あるいは障害物がある場所に建っている施設や設備を、インベントリに移動しました。
5d9e5ae59e9aba81,TID_DARK_TOWER_INFO,インフェルノタワーにダークエリクサーを燃料とする炎を灯し、1体の敵に目玉が飛び出るほどのダメージを喰らわせるか、複数の敵をほどよく火あぶりにできます。
ad210ee63ecfd0aa,TID_ALLIANCE_GAMES_NO_ALLIANCE,クランゲームをプレイするには、クランに参加する必要があります。
b11f47c58010e3fd,TID_WAR_INFO_FRIENDLYWAR_ADDITION,2日間に渡る壮絶な戦いを制するのは、最も多くの星を獲得したクランです！ クラン対戦に勝利したクランにはボーナス戦利品とクランＸＰが贈られます。敵クランメンバーの村々を攻撃し勝利を得るたびにボーナスは増えますが、クランが対戦に敗北するとボーナスはほとんど失われてしまいます！ 同点の場合には「最大の攻撃」の総破壊率が高いクランの勝利となります。\n\n注意： フレンド対戦では時間設定を変更できますが、戦利品やクランは手に入りません。
a90e240d53b28028,TID_DIAMOND_BUNDLE_MAGICITEMS_HERO_BOOK_WITH_RESOURCES_INFO,• ヒーローの本<booster1>冊\n• <res0>ダークエリクサー\n\nヒーローの本を使って、ヒーローアップグレードを瞬時に完了しよう！\n\nこのチャンスをお見逃しなく！
bbdca35ba53f391a,TID_BOOSTER_BOOST_PRODUCTION_INFO,この強力なエリクサーは兵舎や呪文工場、ヒーロー回復の効率を向上して、部隊の生産性を向上できます。自分の村でのみ使用可能です。
4a702d04ee00a49c,TID_POPUP_SPEED_UP_CONSTRUCTION,<item> の建設を今すぐ完了させますか？
5b942ffe5fad51b2,TID_LOCAL_NOTIFICATION_EVENT_Xmas_Resources,チーフ、全プレイヤー必見のクリスマスセールが始まりました！
375072f3576b3258,TID_LOCAL_NOTIFICATION_EVENT_ChineseNewYear,チーフ、特別な旧正月セールが始まりました！
8a1ac1e4be42ed65,TID_CLANGAMES_TASK_INFO_GET_BUILDERBATTLEDESTRUCTION,バーサス戦で破壊率を<num>％集める。
cf2d659826098066,TID_BOOSTER_FINISH_BUILDING_UPGRADE_INFO,マスター大工が自らの手で記したと思われるこの魔法の本を使うと、実行中の建物のアップグレードを瞬時に完了することができます。どちらの村でも使用可能です！
5aa5a57da01919a7,TID_ALLIANCE_WAR_ATTACK_CONFIRM_3Stars,あなたのクランは、この村をすでに100％破壊しています。これ以上この村を攻撃しても星は獲得できません。本当に攻撃しますか？
8f45fe6fc842f5b2,TID_CLANGAMES_TASK_USE_BABYDRAGONS,ベビードラゴンお話の時間
342e922fb5dee0c2,TID_DIAMOND_BUNDLE_MAGICITEMS_TRAINING_POTION_ONLY_INFO,• 訓練ポーション<booster1>個\n\nユニットの訓練、呪文の生成、ヒーローの回復をスピードアップしよう！\n\nこのチャンスをお見逃しなく！
40bbf394440d919c,TID_DIAMOND_BUNDLE_MAGICITEMS_BUILDING_BOOK_INFO,• <gems>エメラルド\n• 建物の本<booster1>冊\n\n建物の本を使って、建物アップグレードを瞬時に完了しよう！\n\nこのチャンスをお見逃しなく！
aa8cfac05c376e7d,TID_POPUP_MAX_OUT_ARMY_TITLE,ユニットをブーストしますか？
d4a31d7587e7c987,TID_NEWS_DEC_2017_UPDATE_TEXT_3,• 収容スペース： タウンホール11におけるアーミーキャンプのレベルを追加し、収容スペースを260まで拡大\n• ヒーローレベル： バーバリアンキングとアーチャークイーンの最大レベルを50に引き上げ\n• Modの検出と使用阻止能力を大幅に向上\n• 低レベルのゴーレムを強化、低レベルの巨大クロスボウの秒間ダメージを低下させるなど、多数のバランス調整を実施
8b9696debeb718db,TID_CLANGAMES_TASK_INFO_DONATE_TROOPS,通算で<num>収容スペース分のユニットを寄付する。
06e2bdc20c239c7e,TID_ACHIEVEMENT_WAR_STARS,クラン対戦の戦闘で星を<number>個獲得する
84fec89d158fdded,TID_DIAMOND_BUNDLE_MAGICITEMS_SPELL_BOOK_WITH_RESOURCES_INFO,• 呪文の本<booster1>冊\n• <res0>エリクサー\n\n呪文の本を使って、呪文アップグレードを瞬時に完了しよう！\n\nこのチャンスをお見逃しなく！
6cfb7f0e06fa9d22,TID_GAMES_OVERVIEW_TEXT,クランゲームでは、チャレンジをクリアしてクランメンバーと一緒にポイントを集めてゆくスタイルのゲームです。クラン全体で集めたポイントが大きいほど、ゲーム終了時の報酬も大きくなります。メンバーには積極的に参加してもらいましょう。参加人数が多ければ、それだけ上位の報酬帯を目指しやすくなります！
82dc8a784098568a,TID_POPUP_MAX_OUT_ARMY,<booster>を使って、<time>にわたってユニットをラボの最大許容レベルまでレベルアップしますか？
f20bc04265fe744b,TID_DIAMOND_BUNDLE_MAGICITEMS_RESOURCE_POTION_INFO,• <gems>エメラルド\n• 資源ポーション<booster1>個\n\n資源施設の生産率を大幅にブーストしよう！\n\nこのチャンスをお見逃しなく！
fd5d9fa8e455ae9f,TID_CLANGAMES_TASK_GET_BUILDERBATTLEDESTRUCTION,大工バトルの破壊者
b23ba57e49f13fd7,TID_CLANGAMES_TASK_INFO_USE_BETAMINIONS,<num2>体のベータガーゴイルを使い、バーサス戦で<num>個の星を獲得する
763340bb7e814015,TID_BUTTON_DISABLED_REWARD_WOULD_OVERFLOW,宝庫に十分な空きスペースがないため<reward>を受け取ることができません。\n空きスペースを作るか、別の報酬を選んでください。
b96400149944542a,TID_DIAMOND_BUNDLE_MAGICITEMS_HERO_LEVEL_PACK_INFO,• <gems>エメラルド\n• <res0>ダークエリクサー\n• ヒーローの本<booster1>冊\n\nバーバリアンキングやアーチャークイーンのアップグレードに必要なものが全部入っています！\n\nこのチャンスをお見逃しなく！
c2882e16da247e86,TID_EVENT_TITLE_ClanWar_long,週日マラソン
b39e9c3cf8fbfc84,TID_DIAMOND_BUNDLE_MAGICITEMS_RESOURCE_POTION_ONLY_INFO,• 資源ポーション<booster1>個\n\n資源施設の生産率を大幅にブーストしよう！\n\nこのチャンスをお見逃しなく！
5b17dd112398dae8,TID_BUY_MULTIPLE_BOOSTERS,<amount> <name>
08054554d8fca0ff,TID_CLANGAMES_TASK_WIN_HOMEBATTLESINROW,連勝
a57abb2ff7b9ec6b,TID_DIAMOND_BUNDLE_MAGICITEMS_EVERYTHING_BOOK_WITH_RESOURCES_INFO,• 森羅万象の本<booster1>冊\n• <res0>ゴールド\n• <res1>エリクサー\n• <res2>ダークエリクサー\n\n森羅万象の本を使って、あらゆるアップグレードを瞬時に完了しよう！\n\nこのチャンスをお見逃しなく！
a047820f33c1703c,TID_CLANGAMES_TASK_USE_LOONS,エアバルーン電撃戦
60ffc1c426a92f47,TID_EVENT_TITLE_ClanWar_Firstrun,ゲームが始まります！
25c7eca68193b3bc,TID_DIAMOND_BUNDLE_MAGICITEMS_TROOP_BOOK_WITH_RESOURCES_INFO,• 戦いの本<booster1>冊\n• <res0>エリクサー\n\n戦いの本を使って、ユニットのアップグレードを瞬時に完了しよう！\n\nこのチャンスをお見逃しなく！
ef91a440aa578f35,TID_BOOSTER_BOOST_ALL_PRODUCTION_TITLE,訓練ポーションを使う
81ad13318654bdc2,TID_EVENT_TITLE_Xmas_Resources,クリスマスセール
1fd5ee5b7547d2e2,TID_DIAMOND_BUNDLE_MAGICITEMS_STRENGTH_POTION_ONLY_INFO,• パワーポーション<booster1>個\n\nユニットの能力を最大限に引き出して、新しい部隊編成を試してみよう！\n\nこのチャンスをお見逃しなく！
53a73377fcf825a2,TID_EVENT_TEXT_Xmas-MagicItem,魔法アイテムセール
8b81985fa10dada2,TID_NEWS_DEC_2017_UPDATE_TITLE_3,その他の変更と追加
ab9237b163810c71,TID_EVENT_ACHIEVEMENT_REWARD_CLAIMED_BOOSTER,イベントをクリアしました！ <name>を獲得！
2fcdb670bb970da5,TID_CLANGAMES_TASK_INFO_USE_BOMBERS,<num2>体のボンバーを使い、バーサス戦で<num>個の星を獲得する
bfa212b572b2d1bf,TID_ALLIANCE_WAR_STAT_NUM_3Stars,星3つ
bfa212b4c2b394bf,TID_ALLIANCE_WAR_STAT_NUM_2Stars,星2つ
d21e662ae84b57d2,TID_DIAMOND_BUNDLE_MAGICITEMS_VILLAGE_UPGRADE_PACK_INFO,• <gems>エメラルド\n• <res0>ゴールド\n<res1>エリクサー\n• 建物の本<booster1>冊\n\n建物をアップグレードしたいときは... このパックがうってつけです！\n\nこのチャンスをお見逃しなく！
173eac6322437fa6,TID_CLANGAMES_TASK_INFO_DESTROY_WARDENALTARS,マルチプレイでグランドウォーデンの祭壇を通算<num>個破壊する。
e347fcb858967d9f,TID_NEWS_DEC_2017_UPDATE_TITLE_2,魔法アイテム
2379db0db49e02e8,TID_DIAMOND_BUNDLE_MAGICITEMS_STRENGTH_POTION_INFO,• <gems>エメラルド\n• パワーポーション<booster1>個\n\nユニットの能力を最大限に引き出して、新しい部隊編成を試してみよう！\n\nこのチャンスをお見逃しなく！
aab093400b4580b6,TID_NEWS_DEC_2017_UPDATE,クランゲーム
d24bd4e8c32fc3e3,TID_EVENT_TITLE_ClanWar_long2,耐久レース
56fee4b89fa7e3ff,TID_CLANGAMES_TASK_USE_VALKYRIES,バルキリーの騎行
19497650fe04bda1,TID_CLANGAMES_TASK_INFO_GET_BUILDERBATTLESTARS,バーサス戦で<num>個の星を獲得する。
ce237e610fd6673c,TID_CLANGAMES_TASK_INFO_USE_SNEAKYARCHERS,<num2>体のスニークアーチャーを使い、バーサス戦で<num>個の星を獲得する
219f8626b08331ad,TID_LOCAL_NOTIFICATION_EVENT_MagicItem_Pack,チーフ、魔法アイテムセールが始まりました！
a1ce0003ba4b3dbc,TID_CLANGAMES_TASK_INFO_DESTROY_QUEENALTARS,マルチプレイでアーチャークイーンの祭壇を通算<num>個破壊する。
5247399f6ecc32ec,TID_CLAN_GAMES_THEME_WEEKENDGAMES,ウィークエンドゲーム
bfa212b612b05bbf,TID_ALLIANCE_WAR_STAT_NUM_1Stars,星1つ
1e7e6c44c43328e3,TID_CLANGAMES_TASK_GET_BUILDERBATTLESTARS,大工バトルの星狩人
e81921d8349a4583,TID_EVENT_TITLE_MagicItem_Pack,魔法アイテムパック
3779ae5f423dc49e,TID_DIAMOND_BUNDLE_MAGICITEMS_SPELL_LEVEL_PACK_INFO,• <gems>エメラルド\n• <res0>エリクサー\n• 呪文の本<booster1>冊\n\n呪文のアップグレードに必要なものが全部入っています！\n\nこのチャンスをお見逃しなく！
53f840c9f5106ffb,TID_TUTORIAL_CLANGAMES_2,ちょっとしたコンテストがあるんです。 よかったら見て行ってくださいね！
5b0d68363d236d95,TID_NEWS_DEC_2017_UPDATE_TEXT_2,魔法の力を秘めた、強力なアイテムが登場しました！ 魔法アイテムには、アップグレードを支援するものから村や軍団のさまざまな能力をブーストするものまで、素晴らしい力が備わっています。こうした魔法アイテムを安全に収納できるよう、クランの城の宝庫も改造されました！
7bcf7bcefd47094c,TID_LOCAL_NOTIFICATION_EVENT_Xmas_MagicItem,チーフ、初の魔法アイテムクリスマスセールが始まりました！
20b692daabe74bba,TID_DIAMOND_BUNDLE_MAGICITEMS_SPELL_BOOK_INFO,• <gems>エメラルド\n• 呪文の本<booster1>冊\n\n呪文の本を使って、呪文アップグレードを瞬時に完了しよう！\n\nこのチャンスをお見逃しなく！
0f00c08017fd3253,TID_BOOSTER_FINISH_SPELL_UPGRADE_INFO,謎のウィザードによって記されたこの魔法の本を使うと、実行中の呪文のアップグレードを瞬時に完了することができます。自分の村でのみ使用可能です。
74f3601e8131263f,TID_TOWN_HALL2_INFO,マスター大工の家であり、戦闘では最優先目標となります。\n\n攻撃の際に相手のビルダーホールを破壊すると、追加で星を獲得します。バーサス戦では、相手より多くの星を獲得した方か、星の数が同じであれば、より大きな損害を与えた方が勝者となります。\n\nビルダーホールをアップグレードすると、より高度な建物やユニットがアンロックされます！
6bc50cf4ba671113,TID_POPUP_BOOST_ALL_COLLECTORS_BOOSTER,資源設備<number>基すべての生産量を<time>だけ2倍にしますか？
35214927a426c052,TID_EVENT_TITLE_ChineseNewYear,旧正月セール
10fd966ccc74f576,TID_NEWS_DEC_2017_UPDATE_TEXT,クラン一丸となって、クランゲームで最高の総合ポイントを目指しましょう！ クランメンバーと一緒にチャレンジをクリアして最上位の報酬グレードにたどり着き、資源やエメラルドや魔法アイテムをもらいましょう！
bf34e7d1ac7cbc6b,TID_ALLIANCE_GAMES_CLAIM_REWARDS_BUTTON,クランの城に追加
3769ed2bb0508b41,TID_DIAMOND_BUNDLE_MAGICITEMS_TROOP_LEVEL_PACK_INFO,• <gems>エメラルド\n• <res0>エリクサー\n• 戦いの本<booster1>冊\n\nユニットのアップグレードに必要なものが全部入っています！\n\nこのチャンスをお見逃しなく！
9558ef7212a1143f,TID_CLANGAMES_TASK_INFO_DONATE_SPELLS,通算で<num>収容スペース分の呪文を寄付する。
66c6d995afdafce4,TID_CLANGAMES_TASK_INFO_USE_NIGHTWITCHES,<num2>体のダークネクロを使い、バーサス戦で<num>個の星を獲得する
2e46fb30a401037c,TID_BOOSTER_MAX_LEVEL_ARMY_INFO,この強烈な臭いを放つ魔法の液体を使うと、<time>にわたってユニットと呪文をラボの最大許容レベルまでブーストできます。どちらの村でも使用可能です！
51b459a29aa5bb43,TID_CLANGAMES_TASK_INFO_USE_BABYDRAGONS2,<num2>体のベビードラゴンを使い、バーサス戦で<num>個の星を獲得する
e4ee5aa37250ac52,TID_DIAMOND_BUNDLE_MAGICITEMS_BUILDING_BOOK_WITH_RESOURCES_INFO,• 建物の本<booster1>冊\n• <res0>ゴールド\n• <res1>エリクサー\n\n建物の本を使って、建物アップグレードを瞬時に完了しよう！\n\nこのチャンスをお見逃しなく！
60a5ce0bd0ce33bd,TID_BOOSTER_FINISH_ANY_UPGRADE_INFO,この非常に強力な魔法の辞典を使うと、実行中のあらゆるアップグレードを瞬時に完了することができます。どちらの村でも使用可能です！
0fd7ab24cce6ae4b,TID_CLANGAMES_TASK_INFO_WIN_BUILDERBATTLES,バーサス戦に<num>回勝利する。
3ce500177030fe53,TID_DIAMOND_BUNDLE_MAGICITEMS_HERO_BOOK_INFO,• <gems>エメラルド\n• ヒーローの本<booster1>冊\n\nヒーローの本を使って、ヒーローアップグレードを瞬時に完了しよう！\n\nこのチャンスをお見逃しなく！
7348b121f0bd5a04,TID_CLANGAMES_TASK_INFO_DESTROY_KINGALTARS,マルチプレイでバーバリアンキングの祭壇を通算<num>個破壊する。
ba6489ee02650bde,TID_CLANGAMES_TASK_DONATE_TROOPS,お手伝い
8c3c308d6de8cd48,TID_BOOSTER_ERROR_UPGRADE,<booster>は使用できません！ アップグレードできるものがありません。
ea58b9c5d01602c3,TID_CLANGAMES_TASK_INFO_USE_CANNONCARTS,<num2>体の移動砲台を使い、バーサス戦で<num>個の星を獲得する
