d7e67dd41b24da07,TID_ERROR_BOOKMARKS_FULL,북마크가 너무 많습니다! 북마크를 추가하려면 기존 북마크를 삭제하세요.
528b908a24c9a3c7,TID_STORAGES_SPELL_IMMUNITY,모든 자원 저장소는 마법 공격에 영향을 받지 않습니다!
89817b8ff45f7bf2,TID_POPUP_BOOST_GOLD_MINE,<time> 동안 골드를 두 배로 생산할까요?
d3c737655811aff6,TID_CLAN_GAMES_NOT_ENOUGH_POINTS,보상 획득을 위해 모은 점수가 부족합니다.
820598ea5e478c5b,TID_REPORT_REASON_OTHER,其他内容
c932bfa92acdc07f,TID_ALLIANCE_STREAM_REWARD,<number> XP를 획득했습니다.
fc5f6d698db8ab44,TID_BOOSTER_MAX_LEVEL_ARMY,힘의 포션
337cc6a044587aa2,TID_MULTI_MORTAR_INFO,장거리 광역 피해를 주는 포탄을 여러 번 발사해 명중률을 극대화합니다!
37e721cbaad8529c,TID_BUTTON_SWAP,교체
37ae6fc524ad0de2,TID_PRODUCTION_RATE_PER_DAY,생산량: <number>/1일
112a9a2cb75be22f,TID_WAR_RESULTS_INFO_HEADLINE,전쟁 결과
cb0785adc18629e2,TID_SOUR_ELIXIR,오싹한 엘릭서
5de053868d3c2bd6,TID_WAR_STATS_TOTAL,합계:
b142b3dfaa07cf2d,TID_CLAN_GAMES_THEME_MINIGAMES,미니\n클랜 게임
d3dbe3c1be9c15db,TID_PROFILE_LEGEND_RANK,순위
b096e280b7e3c5ba,TID_NEWS_MIRROR_TEXT,철저히 준비하고 수염을 잘 관리하는 것이 승리의 열쇠입니다. 마법사가 어떻게 전투를 준비하는지 확인해 보세요.
632526b1a521149d,TID_STARTER_TH3_INFO_LOOTELIXIR,싱글플레이 또는 멀티플레이 전투에서\n<num> 엘릭서 약탈
6f257b90a4cc23ec,TID_NPC_DEPLOY_STEPS_ON_TITLE,아직 도움이 필요하세요?
b413d1a0b5656729,TID_CLANGAMES_TASK_BEAT_GOLDTARGET,골드 도전
843f2f51f74cc88b,TID_ALLIANCE_DONATE_HEADER_SPELLS,마법 지원:
5ae0ec53e79ad6cd,TID_ARTO_TASK_GEAR_UP_FLUFF,첨단 기술엔 뛰어난 사고력이 필요하죠! 마을에서 특별한 작업을 완료하면 첨단 기술에 필요한 통찰력이 생깁니다.
56ef84897b6286a1,TID_HINT_LOOT_CART,전리품 카트를 회수해 방어 중에 빼앗긴 자원 일부를 회수하세요.
b14ad1e0b5c1372e,TID_DECORATION_SHORT_FILM_STATUE,이야기 조각상
f20594aec2292b48,TID_EDIT_MODE_SAVE_BUTTON,저장
543869a168503984,TID_SHOP_AVAILABLE,보유:
1ad4c8188ef589b2,TID_BOOSTER_MAX_LEVEL_ARMY_STARTED,군대가 강화되었습니다!
24d559d3e687adfc,TID_BATTLE_INBOX,새 소식
28eacc0ef85e2ca3,TID_SHIELD_POPUP_REMOVE_BUTTON,제거
f917c3868948bfd0,TID_LINK_CODE_GENERATE_CODE_TEXT,아래의 연동 코드를 사용하여 다른 Android 앱 스토어로 마을을 옮기세요. 튜토리얼에서 자세한 방법을 확인하세요!
67a1f686059dcab2,TID_REDUCE_COST,할인 비용:
03a97937ba629f0b,TID_LEAGUE_CRYSTAL2_SHORT,크리스털 II
6d1d9bba1bbb1ba5,TID_BATTLEPASS_TASK_INFO_WIN_BATTLES_USING_STONE_SLAMMER,멀티플레이 전투에서 바위 비행선을 사용해 <num>회 승리
fd4893c743f05e55,TID_NPC_CHALLENGE_TH8_GOWIPE_SUPPORT_PEKKAS,<c54a0fe>P.E.K.K.A</c>를 배치해 마을 중앙으로 침투하세요.
2e28ecd4b4360879,TID_TRAP_TORNADO_INFO_SHORT,빙글빙글 돌려 휩쓸어요!
49d91859438e8806,TID_ALLIANCE_WAR_BEST_ATTACK_ENEMY,적의 최고 공격:
ff0da5b714496cac,TID_DECORATION_SUPER_TROOP_STATUE,슈퍼 조각상
965a08179cb12a21,TID_NUMBER_TARGETS,표적 수: <number>
9d21144bffffed10,TID_NPC35,대공 화기
96cd72a185608142,TID_CLANGAMES_TASK_DESTROY_GEAREDUPARCHERTOWERS,개조된 아처 타워 파괴
a636634d025a73af,TID_CHARACTER_INFO_SIEGE_MACHINE_CARRIER_SHORT,궂은일을 하도록 P.E.K.K.A와 마법사를 내보냅니다.
bb8e4dc4ac2488ee,TID_NPC61,버닝 센세이션
ec67c4520be1b9e3,TID_BOOSTER_MAX_LEVEL_ARMY_INFO,"마법의 향기가 강하게 나는 이 포션을 사용하면 1시간 동안 유닛, 마법, 시즈 머신 레벨이 마을과 장인기지 모두에서 현재 마을회관이 허용하는 최대 레벨로 증가합니다."
8992e83b81ae71a7,TID_STAR_BONUS_HELP_TEXT,멀티플레이 전투에서 별 5개를 얻으면 보너스를 받습니다!
d078124c7b783a2f,TID_BP_UPCOMING_TASKS_HEADER,<time> 후에 적용
e1992c392fd54f22,TID_BUILDING_TEXT_LOW_AMMO,엘릭서 부족
811a3ea67a75d56b,TID_CONTACT_US_WELCOME_TEXT,안녕하세요.
5545742bfda22ef8,TID_BP_PERK_TRAINING_BOOST_DESC,"유닛 훈련, 마법 제조, 시즈 머신 제작에 필요한 시간이 <num>% 감소합니다. 영웅 회복에 필요한 시간이 <num>% 감소합니다."
ec97321a0824f7ea,TID_STARTER_WINUSINGWB,장벽을 뚫을 폭탄!
3edbc8bdfc29622c,TID_MAP_LOCATION_8,아슬란 관문
9b4889ab01a0c031,TID_ACHIEVEMENT_TOWN_HALL2,장인회관을 <number>레벨로 업그레이드
fc7284c838644e88,TID_DIAMOND_BUNDLE_TH9_UPDATED_INFO,• 대형 석궁 2레벨\n• 영웅: 아처 퀸\n• <res0> 다크 엘릭서\n• <res1> 골드\n\n보관량 제한이 없습니다!\n\n이번 한 번 뿐인 <cffec78><value>배 가치</c>의 구매 기회를 놓치지 마세요!
1692c2a9989e81ec,TID_STARTER_UPGRADEWALL_INFO,장벽 업그레이드 <num>회
f7a8052dde8ef6b5,TID_SUPER_TROOP_DISCOUNT_STICKER,슈퍼 유닛 <num>% 할인!
54a3ffb4f4e70dd0,TID_INFO_BALLOON_CARRIER_SHORT,"해골 승무원 여러분, 잠시 모이세요."
676579ff2cb28a1c,TID_ACCOUNT_LOCKED_TEXT2,잠금 해제 코드:
d28458bb1f60b819,TID_CLANGAMES_TASK_INFO_DESTROY_GEAREDUPARCHERTOWERS,멀티플레이 전투에서\n<building> <num>개 파괴
10636609804fdc7d,TID_NPC_CHALLENGE_TH12_YETI_GRAND_WARDEN,먼저 <c9916c8>그랜드 워든</c>을 지상 모드로 설정해 배치하세요!
83bdac9fbad0c851,TID_INFO_TARGET_TYPE_AIR,공중
1c0820bc9883493b,TID_LEAGUE_EMERALD2_SHORT,에메랄드 II
a967606e236a2547,TID_TRAINING_SLOT_STOPPED,중단!
e788d921c77606d9,TID_HERO_ABILITY_UNLOCK_PROMPT_MALE,영웅을 <number>레벨로 업그레이드해 능력을 사용하세요!
20d7e007b9978980,TID_ALLIANCE_WAR_EXP_AVAILABLE,공격 성공 시 클랜 XP +<num>
59fc02ba05655d1d,TID_CLAN_RECRUITMENT_OPT_IN_ITEM_TEXT,클랜 초대 수신 활성화
aae9b0d7103426b4,TID_SUMMER_QUEEN,서머 퀸
17f302edcb8e8b6c,TID_CLANGAMES_TASK_BEAT_DARKELIXIRTARGET,다크 엘릭서 도전
b4b4aa292ee5dfc7,TID_NOT_ENOUGH_GEAR_RESOURCES,업그레이드 자원이 부족합니다!
ae8a54e072bc069e,TID_TRAP_DAMAGE_RADIUS,효과 범위: <number> 타일
906c95228c37bc40,TID_TUTORIAL_WORKER_MENU,좋아요! 저한테 좋은 아이디어가 많은데...\n일단 제가 써둔 목록을 확인해 보세요!
5db1c35dcf6078e9,TID_WAR_DATA_ERROR_NO_LONGER_AVAILABLE,이 전쟁의 세부 정보를 더 이상 볼 수 없습니다.
35367e836ed1150a,TID_CHALLENGE_WAS_ACCEPTED,친선 전투 수락!
3c0e4993df2dc7a8,TID_DISTRICT_CAPITAL_PEAK,캐피탈 피크
0d06ae72fe995e89,TID_ALLIANCE_INVITATION_FAILED_NO_RIGHTS,클랜 장로와 대표만이 신규 클랜원을 초대할 수 있습니다.
bcb88a622e945a68,TID_SUPERCELL_ID_BUTTON_CONNECTED,연동됨
b0b0df9e401c5e75,TID_NPC_CHALLENGE_PROGRESS_WARNING_TEXT,완벽하게 마무리했습니다! 배치 설명 없이 연습할까요?
2c166d6bb9cba822,TID_FLYING_GOBLIN,Flying Goblin
deaded194848a2ce,TID_SETTINGS_2_ROW_DEPLOYMENT_BAR,2열 배치 바
fd2620c38d38cfac,TID_CHARACTER_SUPER_WITCH,슈퍼 마녀
a68573c24d75ac55,TID_DONATE_NOT_AVAILABLE_IN_MODE,병력을 지원하려면 마을로 돌아가세요!
46eabf09a7ab3083,TID_POPUP_BOOST_PET_SHOP_TEXT,<time> 동안 펫의 업그레이드 속도를 <multiplier>배로 가속할까요?
56da9cd1e7a31802,TID_DIAMOND_BUNDLE_TH9_INFO,• 보석 <gems>개\n• 영웅: 아처 퀸\n• 대형 석궁 1레벨\n\n즉시 건설!\n\n이번 한 번뿐인 <cffec78><value>배 가치</c>의 구매 기회를 놓치지 마세요!
c0e59cf29fe04231,TID_LINK_TARGET_IOS_BUTTON_ANDROID,Android 기기에\n연동하고 싶어요.
fce1d8339f7d05c9,TID_TAB_MORE,더 보기
41424d68d31ac9e2,TID_ALLIANCE_ROLE_ADMIN,장로
80f98489a1553eba,TID_NOTIFICATION_WL_LEAGUE_STARTED,클랜이 클랜전 리그에 참가했습니다!
742bc62072e2e56b,TID_CLANGAMES_TASK_INFO_USE_INFERNO_DRAGONS,멀티플레이 전투에서\n인페르노 드래곤 <num2>마리를 사용해\n별 <num>개 획득
1efba6f187f27ca5,TID_ALLIANCE_JOIN_ERROR_NOT_FAMILY_FRIENDLY,이 클랜은 특정 유형의 계정만 가입 가능합니다. 가입할 다른 클랜을 찾아주세요.
abaefcea8a64980c,TID_DEVICE_LINK_ERROR_CODE_CURRENT_VILLAGE_TOO_HIGH,마을을 교체할 수 없습니다.
0f8bdfd7d215eb35,TID_GUARD_ON_COOLDOWN,아직 가드를 사용할 수 없습니다!
d25d36e25564d58e,TID_CREATE_ALLIANCE_BUTTON,생성
bca60a5fc3602874,TID_TENCENT_USER_PRIVACY_POPUP_TEXT_1,在您使用我们(腾讯)服务前，请您务必审慎阅读、充分理解<TOS>、<PP>、<CHILDREN>、<THIRDPARTY>的各条款。同时，您应特别注意前述协议中免除或者限制我们责任的条款、对您权利进行限制的条款、约定争议解决方式和司法管辖的条款。如您已详细阅读并同意以上条款，请点击\q同意\q开始使用我们的服务。\n我已经详细阅读并同意<TOS>、<PP>、<CHILDREN>、<THIRDPARTY>。\n
d767f248a3c4ec20,TID_PET_FROSTY_ABILITY_INFO,주기적으로 베이비 프로스티를 소환해 주변 적을 공격합니다.
c228502fa877d9ae,TID_DECORATION_SNOWMAN_INFO,"멋진 모자, 구슬 같은 눈동자, 단단한 얼음 몸체까지 눈사람의 덕목은 다 갖추고 있습니다."
003b2df68e5ea616,TID_TRADER_NEW,NEW
656a94ba290c1162,TID_NPC_CHALLENGE_TH12_DRAGBAT_FREEZE2,남은 <c38eaff>얼음 마법</c>과 <c9916c8>그랜드 워든</c>의 능력을 사용해 <cf70d16>마을회관</c>을 무너뜨리세요!
e433d7d205c090f3,TID_SHARE,영상 공유
5aa4c5b885d563c1,TID_CLANGAMES_TASK_DESTROY_BB_WALLS,장벽 싹쓸이
e84363b58301f464,TID_PERSONAL_WAR_PREFERENCE_OUT,불참
65e80a3551d1bb0f,TID_POPUP_BOOST_DARK_ELIXIR_COLLECTOR,<time> 동안 다크 엘릭서를 두 배로 생산할까요?
34627fcca3ad039b,TID_REPLAY_REPLAY,리플레이
e95e3d1b79524c59,TID_BABY_DRAGON_INFO,"하늘을 나는 이 아기 용은 얼핏 소심해 보이지만, 혼자 내버려 두면 굉장한 화력을 발휘합니다! 다른 공중 유닛들과 같이 있지 않으면, 베이비 드래곤은 분노하여 공격력과 공격 속도가 증가합니다."
deee8bac3e9aa961,TID_AMMO_FILL_CONFIRMATION,대형 석궁이 장전되었습니다!
00bc528b44081ce4,TID_CLANGAMES_TASK_USE_CANNONCARTS,대포 카트 라이더
e7dbda1bbb4d5f38,TID_PROFILE_FRIEND_REQUEST_SENT,친구 요청 전송 완료
9fd90bbd33bfa724,TID_TENCENT_AUTH_SUCCESS,인증 성공
bdedd42fd0135bf6,TID_MEDALS,리그 메달
06150c8b5671cd06,TID_NPC73,그랜드 에비뉴
0c83033fc572de26,TID_HINT_CHAT_REPORT_LIMIT,꼭 필요한 경우에만 신고 기능을 사용하세요. 너무 남발하면 안 됩니다!
e7ae53009354bbf3,TID_NEWS_UPDATE_AIR_MORTAR_TEXT,
a841986e951f745b,TID_MORE_YOUTUBE,클래시 오브 클랜 YouTube 채널을 확인하세요!
b92eef2c21236f5d,TID_CHALLENGE_TH10_MINER,광부 마니아
81c5bfe8899e6623,TID_PUSH_WAR_0,<data> 님에게 전쟁을 선포했습니다!
55d1b2c4ec51d13f,TID_TRAINING_SCREEN_TAB_PRESETS,빠른 훈련
3bb5affce356ca93,TID_RAID_CART,습격 카트
e1aa32d594605ead,TID_CHARACTER_INFO_SKELETON_GLIDER,해골의 가냘픈 몸으로 장벽을 뚫기는 쉽지 않습니다. 하지만 가볍기 때문에 글라이더와의 궁합은 최고입니다. 쉽게 날아올라 장벽을 가뿐히 뛰어넘어요!
89fc0f290292f8fb,TID_TOWN_HALL_LEVEL_TOO_LOW,마을회관을 <number>레벨로 업그레이드해야 합니다!
5b8a9f0ac63199f5,TID_NPC_CHALLENGE_BOWIGI_KINGABILITY,<c9916c8>바바리안 킹</c>의 HP가 감소하고 있습니다. 바바리안 킹의 <c9916c8>능력</c>을 사용하세요!
a191aaaa9c7357e0,TID_BOB_FEATURE_DESCRIPTION,마을의 장인들을 도울 부지런한 로봇 친구입니다. 수상한 구석이라곤 단 하나도 없습니다.
7263247d0ed90058,TID_CHARACTER_INFO_FIREMITE,
89d3e0fc632c1bde,TID_BATTLEPASS_TASK_INFO_WIN_BATTLES_USING_BOWLERS,멀티플레이 전투에서\n볼러를 사용해\n<num>회 승리
b36667fb94a0036d,TID_CLAN_WAR_FREQ_ONCE_WEEKLY,1주에 1회
6ba6c25e0c8b4b00,TID_OBSTACLE_BIG_TREE,큰 나무
6f47f3d96541b961,TID_BUILDING_CLASHOWEEN_BUILDING,오싹한 엘릭서 가마솥
5332f380ebf0ae97,TID_BOOSTER_USE_HERO_POTION_QUESTION_TITLE,영웅 강화
191f3551c855beb2,TID_SHARE_DIALOG_COPY_ALERT_MESSAGE,링크가 클립보드에 복사되었습니다!
10b4eabdcd3e3e2f,TID_MISSION_SCREEN_TITLE,임무
30831d8e32e01315,TID_TRANSITION_WAR_PREPARE,준비일
ae2d910e880496c9,TID_PRESET_LOAD_FAIL_LOCKED_TROOP,필요한 훈련 시설이 건설 중입니다
fb9e16f891c414af,TID_BATTLEPASS_TASK_INFO_USE_WIZARDS,멀티플레이 전투에서\n마법사를 사용해\n별 <num>개 획득
f73e203ee0df9d1d,TID_CAPITAL_HALL_LEVEL,캐피탈회관 <level>
2ebb4fe449f34bf7,TID_DECO_RUIN_RUINED_PILLARS,폐허가 된 기둥
d0fb5d0cd2b31b36,TID_ALLIANCE_WAR_REPLAY_PERSONAL_ATTACK_1,리플레이 1
fb7f3c1707f40c4c,TID_CHALLENGE_TH11_LAVALOON,라바와 더 많은 친구들
5a157f7d6f8582e1,TID_GIFT_AVAILABLE_STREAM_TEXT,클랜원이 선물을 보냈습니다!
1010b4b201b9dd76,TID_HINT_BOOST_RESOURCES,5레벨에 도달한 금광과 엘릭서 정제소는 보석을 사용하여 더 많이 생산할 수 있습니다.
660526b3b9c441c2,TID_BATTLEPASS_TASK_INFO_WIN_BATTLES_USING_LOONS,멀티플레이 전투에서\n해골 비행선을 사용해\n<num>회 승리
6ac23928c0a3d27c,TID_DEVICE_LINK_ERROR_OLD_DEVICE_NOT_ACTIVE,이전 기기의 비활성화 상태
a77dbfd79f9dd1a4,TID_NPC_CHALLENGE_TH7_MINION_RAGE2,<c54a0fe>미니언</c>에게 <cf07bf8>분노 마법</c>을 쓰면 공격 대상을 재빨리 해치울 수 있습니다.
e33ff243bbb4922e,TID_NPC_CHALLENGE_LOON_2,여러 그룹으로 나눠 배치해 함정과 <cf70d16>마법사 타워</c>의 광역 피해를 최소화하세요.
c2127af0c7186ed5,TID_POPUP_EDIT_MODE_DISCARD_TITLE,편집 취소
a9d3ff295dcbf1df,TID_BB_ATTACK_GOLD_STORAGE_FULL_TITLE,계속 진행할까요?
4d718deb4da08ef4,TID_ACHIEVEMENT_CLAN_GAMES_POINTS_TITLE,게임 챔피언
cc7ee6fee43d4898,TID_WL_COLUMN_DRAWS,무승부
be5ab3a3cb1c0724,TID_DECO_RUINED_PYRE,폐허가 된 모닥불 석단
76837869a1f7678a,TID_BOB_TASK_HEROES,\n장인기지 영웅을 총 <level>레벨로 업그레이드해 완료하세요.
afb0d34cf6db1748,TID_ICE_HOUND_ABILITY_INFO,아이스 하운드의 공격이 대상을 느리게 만듭니다. 아이스 하운드가 쓰러지면 주위를 얼려버립니다.
44650dbacb097a8e,TID_DIAMOND_BUNDLE_MAGICITEMS_FIGHTING_BOOK_WITH_SPELL_BOOK_AND_ELIXIR_INFO,• <res0> 엘릭서\n• 유닛의 책 x<booster1>\n• 마법의 책 x<booster2>\n• 보관량 제한이 없습니다!\n\n유닛과 마법 업그레이드에 필요한 모든 것!
1f2738a66c4c968a,TID_PASSIVE_ABILITY,패시브 능력
61bc7262c73a7908,TID_CLAN_TAG_ACTIVE_DAILY,매일 접속
ec015bdd3953bb78,TID_MULTIPLAYER_BONUS_AVAILABLE_AGAIN,다음: <time>
905337e7df0672d4,TID_CAPITAL_LOCKED_CLAN_LEVEL_TOO_LOW,클랜 캐피탈은 <level>레벨 클랜에서 잠금 해제됩니다.
04e7c469ddb4480c,TID_INVALID_NAME,잘못된 이름입니다! 다른 이름으로 시도해보세요.
3898c642e3cdb89f,TID_BUTTON_CONFLICTING_ACCOUNT_YES,"네, 현재 계정으로 변경합니다."
6a9c0c36f84ad9b3,TID_CLANGAMES_TASK_USE_WIZARDS,마법사 전쟁
52c4b9fa9abfe2b7,TID_HULK_BIG,Enraged Hulk
db0678814829a581,TID_SUMMER_SCENERY,서머 배경
7f271aaf29043b92,TID_HERO_ABILITY_SUMMONED_TROOP_TYPE,소환 유닛:
b51751ae4759e195,TID_DEVICE_LINK_ERROR_CODE_SAME_PLATFORM_TEXT_TENCENT,다른 Android 기기에서 플레이하려면 Tencent Store에서 클래시 오브 클랜을 다운로드한 다음 같은 WeChat이나 QQ 계정으로 로그인하세요.\n\n게임 진행 상황은 자동으로 동기화됩니다.
8b8422219f2d2adf,TID_ATTACK_FRIEND_BUTTON,도전
f5e5b3ae55127044,TID_DIAMOND_BUNDLE_TH5_ALT_UPDATED_INFO,• <res0> 골드\n• <res1> 엘릭서\n\n보관량 제한이 없습니다!\n\n이번 한 번 뿐인 <cffec78><value>배 가치</c>의 구매 기회를 놓치지 마세요!
67909d913a575b3f,TID_JOIN_ALLIANCE_TAB,클랜 가입
4b765dbdbddea064,TID_CLANGAMES_TASK_INFO_SPEEDY_STARS_BB,장인 전투에서 별 <num>개 획득(<num2>초 안에 획득한 별만 해당)
425b8b905fc37681,TID_EVENT_CONFIRM_TIER_UNLOCK_TITLE,<soft_currency> 구매
4811f9bc39505b74,TID_UPGRADE_DENIED_UPGRADE_COUNT_LIMIT,이 건물을 최대 수만큼 업그레이드했습니다!
56cc85374e574533,TID_GEAR_INFO_VAMPSTACHE,바바리안 킹이 공격할 때마다 체력을 회복합니다
4d6893c7946b33b4,TID_DEATH_FREEZE_TIME,파괴 시 빙결: <number>초
f3b1d600746c30c4,TID_NEWS_CHALLENGE_PREVIEW_BUTTON,더 알아보기
d38e6a12442426f4,TID_ACCOUNT_DELETION_SOON_WARNING_TEXT,요청에 따라 곧 계정이 삭제됩니다.
b4d6965193034af5,TID_GOLD_PASS_SALES_ENDED,곧 시즌이 종료되어 골드 패스 사용이 불가능합니다. 새 시즌이 시작되면 다시 시도해 주세요.
a24c23ff8aa470b0,TID_MULTIPLAYER,멀티플레이
6a0761d337df0761,TID_HINT_TROPHY_COUNT,획득한 만큼의 트로피가 상대방의 트로피 개수에서 차감됩니다!
6ffd80f804e303db,TID_CLAN_TAG_FRIENDLY,친절한
1f90cc2bf6b21127,TID_NPC_CHALLENGE_TH10_MINER_ARCHER_QUEEN,<c9916c8>아처 퀸</c>을 배치하세요. 시계 반대 방향으로 마을을 이동합니다.
ad8eaa759a529c4e,TID_NO_CAPITAL_ARMY,공격하기 전에 캐피탈 군대를 선택하세요
f13550ff56e931db,TID_DEVICE_LINK_ERROR_CODE_ERROR_0_TITLE,오류 발생 (100)
75f1405797d06509,TID_SHIELD_POPUP_GUARD_TIP,보호가 곧 끝납니다. 대비하세요!
0e4dffb67f2a058a,TID_BOOSTER_FREE_SPELL_UPGRADE_ALT_2_LINE,마법 해머
74454c8630ab03a0,TID_KUNLUN_APP_STORE_HUAWEI,Huawei
7864051fd6321e95,TID_SIEGE_MACHINE_RAM,파괴 전차
adb862e3de602297,TID_ROGUE_KING,도적 킹
0f8bd7d2eb0d4e13,TID_MASTER_BUILDER_BUILDING,마스터 장인의 집
c5070083506bc6ba,TID_NPC_CHALLENGE_TH7_DRAGON_BARBARIAN_KING,<c9916c8>바바리안 킹</c>을 배치해 <c54a0fe>드래곤</c>을 <cf70d16>아처 타워</c>로부터 보호하세요!
e9ae59ff889f6647,TID_HINT_GUARD_GAIN,보호막이 사라질 때마다 가드가 적용됩니다. 이때가 공격하기 좋은 기회입니다!
aa404d0f7ef29ddd,TID_LEAGUE_CHANGE_TEXT,리그 레벨: <league>
9334bd8aac36841c,TID_INFO_POP_UP_TOS_PP_TITLE,중요 공지
4314f5e11298bc6e,TID_TOWNHALL_LEVEL,마을회관 <level>
27ce73a962964973,TID_TUTORIAL_CAPITAL_ARMY_2,나중에 마음이 바뀐다 해도 군대를 왔다 갔다 이동시킬 여력은 없어요.
49c79170e65da7ff,TID_BOB_UNLOCK_BUILDING_INFO,마스터 장인이 개발한 최신 발명품의 본부입니다! 완전히 업그레이드되면 B.O.B이 내 마을의 추가 장인으로 활동합니다!
24cf993775558a6f,TID_CHARACTER_INFO_GIANT_SKELETON,어릴 때부터 통뼈였던 자이언트 해골은 장벽 말고도 많은 것을 때려 부술 팔자였습니다. 자이언트 해골이 쓰러지면 들고 있던 폭탄이 주변의 모든 것에 피해를 줍니다.
ae9a9cd5da0f17b9,TID_REGULAR_THEMED_PREPARE_OFFER_INFO_TH0712_9999,• <res0> 다크 엘릭서\n• <res1> 골드\n• 영웅의 책 x<booster1> - 진행 중인 영웅 업그레이드가 즉시 완료됩니다.\n• 마법의 책 x<booster2> - 진행 중인 마법 업그레이드가 즉시 완료됩니다.\n\n• 보관량 제한이 없습니다!\n• 해당 특가 상품은 표시된 기간 내에 1회만 구매할 수 있습니다.\n• 영웅과 유닛을 업그레이드하고 더 강력한 마법을 사용해보세요!
d99ea02fdd6611e0,TID_HINT_ARCHER_TOWER_TARGET,아처 타워는 지상 및 공중 유닛 모두를 공격할 수 있습니다.
49f31a56d827f441,TID_NEWS_UPDATE_LEGEND_LEAGUE_TEXT,
88c907dbcc546403,TID_RAID_INFO_TAB_OVERVIEW,"주말 습격전은 다른 클랜에게 클랜의 실력을 증명할 수 있는 기회입니다. 클랜은 다른 클랜의 캐피탈들과 싸워나가게 됩니다. 차례대로 이겨내며 더 큰 보상을 획득할 수 있습니다. 한편, 다른 클랜이 대장님의 캐피탈을 공격할 것입니다. 적의 움직임을 관찰하고 그에 맞춰 약점을 보완하기 위해 구역의 배치를 조정할 수 있습니다.\n\n모든 클랜원에게는 주말 동안 사용할 수 있는 동일한 공격 횟수가 주어집니다. 구역에서 최초로 별 3개를 획득하면 보너스 공격 기회를 받게 됩니다. 그 외 다른 방법으로는 공격 횟수를 늘릴 수 없으니 현명하게 사용하세요!"
1887f36c23f5cf86,TID_NEWS_UPDATE_BOOKMARKS_TITLE,
04b3551de5bc42fc,TID_ACHIEVEMENT_TOWN_HALL,마을회관 <number>레벨 업그레이드
2655591430ae44ef,TID_TRAINING_SCREEN_TAB_TROOPS,유닛 훈련
abc96b79802dcb42,TID_HINT HEROES_DIE,영웅은 죽지 않지만 부상당하면 다시 싸우기 전에 치유되어야 합니다.
92b16ccdd08825cc,TID_BP_PERK_MAXIMUM_SEASON_BANK,최대 저장량 도달
f66457387b281052,TID_REPORT_PROFILE_IMAGE,프로필 사진 신고
42489bb47210271e,TID_SPELL_FROST_INFO,
177c17960397081d,TID_TERMS_OF_SERVICE_BUTTON,이용 약관
4c427ae1d332898d,TID_CAPBUILD_BARRACKS_SUPER_DRAGON_INFO,"이제 와서 말이지만, 드래곤의 막사에 목재를 사용하는 것은 과연 최선이었을까요? 아직 건물에 불이 붙지 않은 게 놀라울 따름입니다."
7441130cd54f0f44,TID_BATTLEPASS_TASK_INFO_GET_FRIENDLY_BUILDERBATTLESTARS,장인기지 친선 전투에서\n별 <num>개 획득
0b0405d40bd413e3,TID_CAPBUILD_GUARDPOST_DRAGONS,슈퍼 드래곤 초소
33978a32e6f6e33c,TID_PLACEMENT_HINT_TUTORIAL2,길게 누르면 여러 유닛이 배치됩니다.
e58c8dc7559ca6d1,TID_ALLIANCE_WAR_RESOURCE_STORAGE_CAPACITY,<resource>: <number>
139afba7c9ea4adb,TID_STREAM_EVENT_PROMOTED_AUTOMATICALLY,자동으로 승급되었습니다.
bb64b7f9066523a4,TID_ALLIANCE_GAMES_PERSONAL_COOLDOWN_TEXT,다음 도전 과제를 받기 위해 준비하고 있습니다...
f0791cce0b1ce822,TID_INFO_POP_UP_TOS_PP_BUTTON1,확인
282102407f667350,TID_LEAGUE_STONE3,스톤 리그 III
9cd4b1a3819c7941,TID_ALLIANCE_WAR_LOOT_BONUS_TITLE,전쟁 승리 보너스
3af9765e46066bdc,TID_DIAMOND_BUNDLE_TH13_ALT_INFO,• <res0> 다크 엘릭서\n• <res1> 골드\n• <res2> 엘릭서\n\n보관량 제한이 없습니다!\n\n이번 한 번뿐인 <cffec78><value>배 가치 </c>의 구매 기회를 놓치지 마세요!
ff54d54c2cad1cb1,TID_AVATAR_MESSAGE_SUBJECT_THANK_YOU_FOR_REPORTING,신고해 주셔서 감사합니다!
c8424df25097ba31,TID_ALLIANCE_GAMES_PICK_TASK_HEADER,도전 과제 선택
539776b2f9e0cd81,TID_MAP_LOCATION_20,허밍 산
3bc88136ad69fe2e,TID_EDIT_MODE_CANCEL_BUTTON,취소
550d81b4eee0aee5,TID_GUARD_POST_INFO_SHORT,분명히 경계 초소에 합류하면 멋진 세상을 볼 수 있다고 들었는데요...
c11d980397fd6dc3,TID_XP_TITLE_HAYDAY,헤이데이를 즐겨보세요!
bb4fc14669ae0e69,TID_LEGEND_SIGN_UP_CONFIRM_SHIELD_REMOVAL,전설 리그에 등록하면 보호막이 제거됩니다. 계속 진행할까요?
86efc096ee3235bc,TID_CHALLENGE_CANT_REQUEST,"클랜에 가입해서 클랜 성 병력, 마법, 시즈 머신을 요청하세요!"
6fc47fffdc6895a6,TID_TUTORIAL_CLASHOWEEN_EVENT_C3,적 마을을 약탈해 오싹한 엘릭서를 얻을 수 있습니다!
0b7e267991d8ff96,TID_MULTIPLAYER_STAR_BONUS_BOOST_ACTIVE,<c66CC00><num>배 별 보너스 부스터!</c>
2037f93801cb814a,TID_DEVICE_LINK_ERROR_BOTH_HAVE_OPEN_ID_KUNLUN,현재 마을은 이미 연동되었습니다. 마을은 한 번만 연동할 수 있습니다.
91ab48cb49e3cae4,TID_WAR_INFO_FRIENDLYWAR_ADDITION,"장엄한 2일간의 클랜전에서는 별을 더 많이 얻는 쪽이 승리합니다. 전쟁에서 이기면 보너스 전리품과 클랜 XP를 받을 수 있습니다. 공격에 성공하면 보너스 전리품이 증가하지만, 클랜이 전쟁에서 패배하면 보너스 전리품을 대부분 잃게 됩니다! 전쟁이 무승부로 끝났다면 최고의 공격을 기준으로 상대를 더 많이 파괴한 쪽이 승리하게 됩니다.\n\n주의: 친선전에는 플레이어가 설정한 시간이 적용되며 전리품이나 클랜 XP가 주어지지 않습니다."
82d4e1f96f938fc0,TID_OBSTACLE_POND_OVERGROWN,잡초가 우거진 연못
ccb354a343f46c83,TID_TRADER_TUESDAY_NOTIFICATION,거래상의 화요일입니다! 신규 주간 특별 상품을 확인하세요!
b3805c8744b5098d,TID_LEAGUE_IRON3_SHORT,아이언 III
e4b666cc8d37d542,TID_DECORATION_SWORD_IN_STONE_INFO,이 조각상은 힘의 상징 그 자체입니다. 최강 클랜의 클랜원만이 이 전설의 조각상을 소유할 수 있습니다.
31f0313b1c594ae5,TID_LOADING_CHINA,本网络游戏适合年满13周岁以上的用户使用；为了您的健康，请合理控制游戏时间。粤网文【2017】6138-1456号、 （总）网出证（粤）字第057号 著作权人：SUPERCELL OY 出版单位：北京昆仑乐享网络技术有限公司 文网游进字[2015]0062号 审批文号:新广出审[2015]1084号 出版物号：ISBN 978-7-89988-438-6 抵制不良游戏，拒绝盗版游戏。注意自我保护，谨防受骗上当。适度游戏益脑，沉迷游戏伤身。合理安排时间，享受健康生活。
b984d9e21553e8d5,TID_POPUP_SHIELD_REMOVAL,언제든지 전투 상대를 찾을 수 있지만 공격을 시작하면 보호막 지속 시간이 짧아집니다. 공격 시 감소되는 시간보다 남은 지속 시간이 더 짧으면 보호막은 사라집니다.
8c846a910cb83ffe,TID_GEAR_TITLE_BARBARIAN_CROWN,바바리안 인형
9ee233eff520cb11,TID_ACCOUNT_DELETION_WARNING_TEXT,"요청에 따라 <time> 후 계정이 삭제됩니다. 계정 삭제 요청을 취소하고 싶다면, 도움말 및 지원을 통해 삭제 요청을 취소해주세요."
44b475323102a10a,TID_DECORATION_BK_STATUE,강력한 영웅 조각상
ded85d827fc4313a,TID_SEARCHING,검색 중...
1dcd3910ea79af98,TID_HINT LEAGUE_SHUFFLING,각 리그 시즌은 한 달 동안 지속됩니다.
948e3788f3b6f882,TID_USES_VILLAGE2_BUILDER,마스터 장인 필요!
8ed7bf2277e0e304,TID_DIAMOND_BUNDLE_BH4,장인회관 4 팩
9e7ad4bc8bdc6552,TID_CHARACTER_INFO_WIZARD_SHORT,파이어 볼쯤이야 맨손으로도 가능합니다.
b5fe101c623cacc9,TID_YOUR_TROOPS,내 병력
1ac3a6f115561e3f,TID_DIAMOND_BUNDLE_BH6_INFO,• 보석 <gems>개\n• <res0> 엘릭서\n• 1레벨 로스터\n• 1레벨 크러셔\n\n즉시 건설할 수 있습니다!\n\n이번 한 번뿐인 <cffec78><value>배 가치</c>의 구매 기회를 놓치지 마세요!
6487e5c4237dc5e0,TID_GEM_POPUP_TEXT,보석이 부족합니다. 상점에서 더 구매하세요!
61be1af916d96da9,TID_DECORATION_NATIONAL_FLAG,국기
2efd143a4ea58643,TID_LOCAL_NOTIFICATION_EVENT_ARMY_DISCOUNT,"대장님, 특별 군대 이벤트가 시작됐습니다!"
2378f3990653b64e,TID_POPUP_BOOST_ELIXIR_COLLECTOR,<time> 동안 엘릭서를 두 배로 생산할까요?
95f8ccba7b52b6da,TID_DIAMOND_BUNDLE_MAGICITEMS_BUILDING_BOOK_AND_HERO_BOOK_INFO_OLD,• 보석 <gems>개\n• 영웅의 책 x<booster1>\n• 건물의 책 x<booster2>\n• 보관량 제한이 없습니다!\n\n장인들이 바쁜가요? 자원은 많은데 시간은 없다고요? '매직북 팩'으로 영웅 업그레이드 하나와 건물 업그레이드 하나를 즉시 완료하세요!\n\n보관량 제한이 없습니다!\n\n놓치지 마세요!
e72a0425e1ad0045,TID_CLANGAMES_TASK_DESTROY_AIRSWEEPERS,바람 방출기 파괴
ca4644bc3a5b6678,TID_PET_MELEEJUMPER_INFO_SHORT,영웅을 돕는 믿음직한 사냥개입니다.
5b8223f6405ab3f5,TID_ALLIANCE_GAMES_REVIVE_TASK,시간 추가
bb8a21ecde306684,TID_BUTTON_DISABLED_PICK_A_REWARD,잠금 해제된 보상 티어에서 보상을 하나 선택하세요.
4e03c1312e162436,TID_ACHIEVEMENT_COMPLETED,업적 달성!
ed37895b58fe7bd3,TID_UNLOCK_BARRACK_TROOP,<name> 잠금 해제
0594e0b947e32831,TID_CLAN_TOTAL_POINTS,총 점수
366f6b54092f69d0,TID_FORGE,단조 작업소
fc0f702e569d270a,TID_CHARACTER_INFO_ARCHER_SHORT,멀리서 적을 쏘는 명사수입니다.
2e3db9292b9a0c61,TID_NPC_CHALLENGE_LOON_4,남은 <c54a0fe>해골 비행선</c>으로 마지막 <cf70d16>아처 타워</c>를 파괴하세요.
4231d1e463913dc3,TID_REPLACE_LAYOUT,배치 전환
39bb614526e16280,TID_ALLIANCE_JOIN_CLAN,클랜에 가입하거나 새로운 클랜을 생성해서\n더 강력한 세력을 구축하세요.\n\n클랜원들은 서로 돕고 병력과 마법을 지원합니다.
3d5ae22daf072a94,TID_XMAS_PACK_INFO,• 보석 <gems>개\n• <c80d8e8>클랜 선물:</c>\n각각 보석 <giftgems>개\n\n클랜원 최대 <giftmates>명을 위한 선물 포함!
bade1a439c4bbcf6,TID_CHARACTER_INFO_RAGED_BARBARIAN,그는 왜 그토록 화가 나 있고 빠르며 사나울까요? 누구도 그걸 물어볼 용기는 없습니다. 혹시 자기 검을 못 찾아서일까요?
ec2f7c35b64cfa29,TID_CHARACTER_ITEM_ALREADY_OWNED,이미 보유한 장비입니다!
11252f0ddb860e51,TID_CREATE_CLAN_ARRANGED_WARS_INFO,다른 클랜이 친선전을 요청할 수 있도록\n허용하시겠습니까?
b542f705af21c99a,TID_ACHIEVEMENTS_PROGRESS,진행도
11545177d4821067,TID_NAME_CHANGE_PREVENTED,<time> 동안 이름 변경이 불가능합니다
ccc922af72c0f8c4,TID_IAP_NOT_AVAILABLE_OLD_GOOGLE_PLAY,구매 불가! Google Play Store를 업데이트해야 합니다.
fd605133150277c1,TID_BUILDING_RICOCHET_CANNON,리코셰 대포
49d1d2d76924cc1d,TID_CLAN_MEMBER_COUNT,클랜원:
9fe7f4bb352da39b,TID_LEGENDS_DEFENCE_LAYOUT_TEXT,다음 리그일의 마을 방어에 사용할 배치를 설정하세요!
5ecde36ffb8da61c,TID_HINT_CLAN_GAMES,"클랜원과 함께 클랜 게임에 참가해 도전 과제를 완료하고, 멋진 보상을 받으세요!"
d2d1ae6e079767a7,TID_CHARACTER_INFO_SIEGE_MACHINE_LOG_LAUNCHER_SHORT,끊임없이 통나무를 굴려냅니다.
d328a1e09c2b7dba,TID_SUPER_BOWLER_ABILITY_NAME,트리플 스트라이크
b80e9beb331a6488,TID_SPEED_UP_TROOP_REQUEST_HEADER,즉시 요청하세요!
e6ca24ae5b1fb414,TID_CONTRIBUTED,기여한 플레이어: <name>
3ec1b2384a55bc41,TID_JOINQUESTION,가입하고 싶나요?
9d2831ee79a75ca1,TID_PARTY_WIZARD,파티 마법사
8c239af336bb0b17,TID_CREATE_PRESET_INFO,유닛과 마법을 추가하고 군대를 저장하세요.
c21d0d60fabb60ad,TID_TENCENT_LOGIN_PP,Tencent Game 개인정보 보호 가이드라인
7bd76cd371166373,TID_EP_RECEIVED,이벤트 패스 획득!
6a1105558dd2f8cd,TID_WAR_SEARCH_CANCEL,검색 취소 중...
e93c81295b79e676,TID_ALLIANCE_WAR_STREAM_DEFENDED,방어 성공!
6bf7978fb7b2341e,TID_TARGETS_FULL,누군가가 이미 선점한 목표입니다.
437c7ac43d1fdf4c,TID_REQUIRED_STAR_LABORATORY_LEVEL,<number>레벨의 천체 연구소 필요
2429e389add4bb52,TID_HINT_CLOCK_TOWER,"시계탑으로 건설 속도, 자원 생산 등 모든 것을 빠르게 해 보세요!"
1d1faea31dfa0010,TID_NPC_CHALLENGE_TH9_WITCH_FUNNEL_WIZARD,<c54a0fe>마법사</c>를 하나 배치해 집합소를 제거하세요.
d91c37a4f0ea6c8c,TID_ACHIEVEMENT_CLAN_GAMES_POINTS_TITLE_II,게임 챔피언 II
8912bf3f98cd829b,TID_COOLDOWN,재사용 대기시간:
b1079ef846236b23,TID_CAPBUILD_RAPID_ROCKETS_INFO,"촘촘하게 채워진 로켓 다발로서 대공포에 비해 사거리가 짧지만, 더 강력한 충격력을 자랑합니다."
9274fc0abadf95c3,TID_POPUP_RESUME_BOOST_TEXT,점검 기간 동안 가속이 일시 정지되었습니다.
5ebe6f88287978cf,TID_TUTORIAL_ELIXIR_STORAGE_1,정제소에는 소량의 엘릭서만 보관할 수 있습니다.
2e3e6223bfc44e18,TID_CHAT_JUST_BANNED,다른 플레이어들이 대장님의 부적절한 채팅 내용을 신고했습니다. 이에 따라 <time>동안 채팅에서 말할 수 없습니다.
9a1b1921ef3c506d,TID_LAYOUTS_WARBASE,전쟁 기지
807d79b589dbdfc4,TID_CLANPERK_DESC_DONATION_LIMIT_VALUE_SINGLE_SPELL,"유닛: <troops>, 마법: 1"
06c40cf1b7ac5a99,TID_ARMY_SLOT_DEFAULT_NAME,군대 <num>
df21b73b4d5d7801,TID_DIAMOND_BUNDLE_DARK_RESEARCH_PACK,다크 연구 팩
40e46ebc61630c7a,TID_SETTINGS_PLAYERNAME_CONFIRM_NEW,정말 이름을 변경하시겠습니까?\n새 이름은 다음과 같습니다:
cdff9243a0644c7f,TID_CLANGAMES_TASK_INFO_GET_BUILDERBATTLEDESTRUCTION,장인 전투에서 파괴율 <num>% 달성
56dd23ee96102cd5,TID_GHOST_WARDEN,유령 워든
223964b15dcf0dda,TID_WL_LEADERBOARD_BRACKET_POS2,조 2위
89cd57b8b6e18920,TID_ACCEPT_FRIEND_ERROR_BANNED,플레이어의 계정이 중지되어 있어 친구로 추가할 수 없습니다.
ff4971e70c08d045,TID_AURA_DAMAGE_WALL,초당 장벽 피해량: <number>
e0993a6907b63af9,TID_CLANGAMES_TASK_USETROOP_BUILDERBASE,장인 전투에서 <troop> 하나를 사용해 별 1개 획득
0845d5c8ffc9456f,TID_CHARACTER_INFO_SKELETON,혼자서는 별 위협이 되지 않는 언데드 유닛이지만 끊임없이 해골 무리를 소환하는 마녀와 함께하기에 혼자 싸우는 경우는 절대 없습니다!
80c3694d3c22ff1a,TID_TUTORIAL_MEET_NEW_BUILDER,Zzz...
69abadf111d30d7e,TID_LOGIN_TO_FACEBOOK_BUTTON,Facebook 로그인
6b5379dc05d6d96b,TID_ADVANCED_TRAP,지뢰
feb1314040f583f2,TID_CLANGAMES_TASK_DESTROY_BB_AIRBOMBS,대공 폭탄 폭파
b86e34e4f209393f,TID_REMOVE_TROOP_AND_SPELL_MESSAGE,병력 및 마법 제거됨
e7b736b255109d0c,TID_BOOSTER_BUILDERS_INFO,야근을 대비해 제조된 특별 포션입니다! 이 포션을 사용하면 장인의 작업 속도가 <time> 동안 10배 빨라집니다. 마을에서만 사용할 수 있습니다.
4bd93add322d5000,TID_FRIEND_LIST_ITEM_NEW,신규!
b4ebc33848e0cd78,TID_YOU_WIN,방어 성공:
3bf5c45719d9e766,TID_NPC_CHALLENGE_TH13_HYBRID_RAGE1,<cf07bf8>분노 마법</c>을 사용해 마을에 신속히 침투하세요!
b0a7d9d85cd01b0b,TID_HOG_GLIDER,호그 글라이더
d21670325bda5376,TID_CAULDRON_REWARD_INFO2,이벤트가 끝나면 오싹한 엘릭서 가마솥을 장식으로 받습니다.
5c95e300f798ceff,TID_WL_STATS_WINS,승리
23902c348bd95b84,TID_CHARACTER_INFO_MEGA_SPARKY,아무것도 메가 스파키를 막을 순 없습니다! 느리지만 강력한 전기 충격으로 적의 방어를 무너뜨립니다. 끝나지 않는 악몽과도 같죠.
83ae1ae4415cca43,TID_WAR_ATTACK_CONFIRM_SIEGE_MACHINE_TEXT,시즈 머신: <number>
bfcb624ddd04a2bb,TID_BUTTON_DISABLED_RESOURCE_REWARD_WOULD_OVERFLOW,금고에 공간이 부족해 <reward> 보상을 받을 수 없습니다.\n금고에 공간을 확보하거나 다른 보상을 선택해주세요.
afddca90d9cd002a,TID_LEAGUE_CRYSTAL1,크리스털 리그 I
0bd6a6e2b8e9adb3,TID_ARMY_FULL,군대 가득 참
048c5aea89a4ea02,TID_BUILDING_SCATTERSHOT,투석기
84399965dabaa35d,TID_DIAMOND_BUNDLE_MAGICITEMS_FIGHTING_BOOK_WITH_SPELL_BOOK_AND_DARK_ELIXIR_INFO,• <res0> 다크 엘릭서\n• 유닛의 책 x<booster1>\n• 마법의 책 x<booster2>\n• 보관량 제한이 없습니다!\n\n다크 엘릭서 유닛과 마법 업그레이드에 필요한 모든 것!
610764bcaebd7963,TID_TUTORIAL_CAPITAL_UPGRADE_4,하지만 저는 다른 사람들과는 달리 망치를 잘 휘둘러 단번에 일을 해내지요...
040f4a48c037d723,TID_ALLIANCE_GAMES_ABOUT_TASKS_HEADER,도전 과제가 뭔가요?
ac40388789c42ca3,TID_BOOST,가속
c16367ea3c52836a,TID_DIAMOND_PACK_1,보석 더미
fef0067d3a6e0c31,TID_WL_INFO_LIVE_BONUS_MINIMUM,보장
86e5e518bc6e2fae,TID_BOOST_BARRACKS_POPUP_TITLE,유닛 훈련 가속!
6d3171a5cacb2f52,TID_CLANGAMES_TASK_DESTROY_WARDENALTARS,그랜드 워든 제단 파괴
8e2dcae25db5c43e,TID_BP_PERK_RESEARCH_BOOST,연구소 부스트
26a2063ffe338296,TID_LEGEND_LEAGUE_INFO_TAB0_HEADER,개요
3ad7242170277d98,TID_ADVANCED_MEGA_TRAP_INFO,숨겨져 있는 파괴의 화신입니다. 공중과 지상 중 하나를 선택해 사용하세요!
2a2e19d52d6b84ff,TID_NPC_CHALLENGE_TH11_LAVALOON_BALLOONS2,일부 <c54a0fe>해골 비행선</c>을 배치해 영역을 빠르게 파괴하세요.
08419b784027db60,TID_TROOP_REQUEST_FAIL_CASTLE_FULL,클랜 성이 이미 가득 찼습니다!
337d5d66ac491678,TID_CLANGAMES_TASK_WIN_HOMEBATTLESINROW,연승의 신
599fe4ea659887bd,TID_TUTORIAL_CAPITAL_UPGRADE_2,캐피탈에서는 클랜 전체가 함께 힘을 합쳐 건물을 업그레이드합니다. 클랜원이라면 누구나 캐피탈 골드를 기여해 캐피탈에서 발전에 공헌할 수 있습니다.
57418b5b53ae8510,TID_CLAN_GAMES_CLAIM_REWARDS,결과
98dd7e850b5332e8,TID_BATTLEPASS_TASK_WIN_BATTLES_USING_NIGHTWITCHES,박쥐의 주인
8bcc976e3cacb162,TID_ERROR_POP_UP_SERVER_MAINTENANCE_ESTIMATED_TWO_HOURS,"죄송합니다, 서버 점검 중입니다. 몇 시간 후 다시 시도해주세요."
dd4c0fdfd7669eed,TID_MERGE_REQUIREMENTS,요구사항:
04008eee8e46a95f,TID_CAPITAL_RAID_RECENT_PROGRESS,최근 진행 상황:
c81e71ed93609899,TID_LOG_BUTTON,전투 기록
a36f1bfc406f51ae,TID_CAPITAL_RAID_NOTWEEKEND_STARTED_NOTIFICATION,습격할 시간입니다! 라이벌 클랜의 캐피탈을 공격하고 승리를 거두세요.
a6c961f0801246b8,TID_SIEGE_MACHINES_BATTLE_TEXT,"시즈 머신마다 특별한 방식으로 적 마을을 파괴할 수 있습니다. 시즈 머신은 여러 대 생산할 수 있으며, 전투가 시작되면 어느 시즈 머신을 사용할지 선택할 수 있습니다. 시즈 머신을 사용하지 않아도 유닛 표시줄 위의 클랜 성 배너를 눌러 기존 방식으로 클랜 성 지원군을 출격시킬 수 있습니다. 클랜 성에 유닛이 없다면 시즈 머신에 탑승할 유닛 또한 없으니, 반드시 클랜원에게 클랜 성 유닛 지원을 요청하세요! 어느 시즈 머신을 사용할지, 정답은 없습니다. 어느 조합이 클랜 성 유닛과 어울릴지는 대장님의 선택에 달려있으니까요!"
df38c1795b2c4e48,TID_TAB_TREASURY_RESOURCES,자원
39f02501da43abaf,TID_BATTLEPASS_TASK_WIN_BATTLES_USING_RECALL,토탈 리콜
0c72148e6abba697,TID_BB_LEAGUE_THREE_STARS_PREFIX,3
e85dbb59983c6c05,TID_CAPBUILD_BARRACKS_WIZARD_INFO,"슈퍼 마법사를 위한 훈련소인 것 같지만, 폭발이 계속되어 접근하기가 두렵습니다."
a82deda9a0adf763,TID_CLAN_TAG,클랜 태그:
e04168ba146ee2fa,TID_ACHIEVEMENT_LOOT_DARK_ELIXIR_COMPLETED,약탈한 다크 엘릭서: <value>
f76f5ddce2639bad,TID_BUTTON_ENERGIZE,치유
301f8075732b0186,TID_PAINTER_CHAMPION,페인트공 챔피언
7a79730cf87dc839,TID_CLANGAMES_TASK_INFO_WIN_STARS_VS_TOWNHALL_10,멀티플레이 전투에서\n마을회관 10레벨을 상대로\n별 <num>개 획득
897f250fe4338f7a,TID_BUY_SHIELD,보호막 구매
9e8d3e694ac63407,TID_CLAN_GAMES_CENTRE,축제 장소
4934cd8da1953f13,TID_CLEARED_LEVELS,완료한 레벨:
0ac6c8528be77464,TID_BUTTON_TREASURY2,마법 아이템
3f42da203ea394e8,TID_SENT_WAR_REQUEST_TO,<clan>에 친선전을 요청했습니다!
a16ac71701f08f4b,TID_CLANGAMES_TASK_DESTROY_BB_GUARDPOST,경계 초소 비상
2a71937ad1959933,TID_BUILDING_ELIXIR_PUMP,엘릭서 정제소
2167146f7d4a563b,TID_RES_PACK_INFO_ELIXIR,• 보석 <gems>개\n• <res0> 엘릭서\n\n보관량 제한이 없습니다!\n\n한정 기간 동안 할인된 가격에 자원을 구매해 보세요!
5c4cebc9668d89fd,TID_OBSTACLE_LNY2024,행운의 편지함
29266823c0a3862c,TID_NPC_CHALLENGE_TH12_YETI_EARTHQUAKES,<ca9561f>지진 마법</c>을 사용해 길을 열고 건물에 피해를 주세요.
575c5d80d22d5cc8,TID_NPC_CHALLENGE_TH12_YETI_FUNNEL_WIZARDS,<c54a0fe>마법사</c>를 배치해 공격을 지원하세요.
fe9ab1f337575599,TID_POPUP_TRY_AGAIN,예상 대기 시간:
f0a48245cb17b1f0,TID_FEATURE_CLAN_CAPITAL,클랜 캐피탈
701251ed8748ca6c,TID_BP_NO_BONUS_POINTS_TITLE,보너스 점수!
7279fa29c478b63b,TID_MODE_STILL_LOCKED,잠금 해제하려면 업그레이드하세요.
ace0ef7cfeddc667,TID_WL_TAB_BRACKET_LEADERBOARD,조
1d30c591e3ca9900,TID_SHOP_CATEGORY_TRAPS,함정
aa040bcafd503ca7,TID_RUINS,폐허
ebd782f5a3c0d528,TID_LAYOUT_SLOT_UNLOCK,보석으로 배치 슬롯 추가 구매
c3323fd0a8506515,TID_HINT_SPELL_POISON_CLOUD1,독 마법은 대규모의 해골 부대를 처리하는 데 특히 효과적입니다.
c1b0b962ec782b7d,TID_SPEED_UP_DUEL_CONFIRMATION,더 많은 장인 전투 보너스를 지금 잠금 해제할까요?
79585134e7179196,TID_BOOSTER_SUPER_POTION_OFFER_INFO,슈퍼 포션 x<num> - 일반 유닛을 3일 동안 슈퍼 유닛으로 강화할 수 있습니다.
f6318c379ba0c629,TID_SUPER_DRAGON_ABILITY_HELP,주변 대상에게까지 퍼지는 지속 피해를 줍니다.
fe56a63f0f217bcc,TID_ACHIEVEMENT_VS_BATTLE_TROPHIES_COMPLETED,장인 트로피 기록: <value>
8a726ed67307bf87,TID_EVENT_ARMY_GOWIWI_INFO,'골렘-마법사-마녀'로 구성된 클래식한 군대를 조직해 마을을 파괴하세요! 각 유닛 비용이 50% 낮아집니다!
50f377a953e2f8c8,TID_LUNAR_QUEEN,루나 퀸
2fcbcee0f8382f7a,TID_RAID_NUMBER,습격전 <number>회
f5e8addee66fbe1d,TID_WARTOOLS_ATTACK_CONFIRMATION,해당 목표를 이미 선점한 대장이 있습니다. 그래도 공격할까요?
6bcbd5b245b4168a,TID_LEADERBOARDBANNER_2,2)
599adb42cf0b65d0,TID_CHARACTER_INFO_MAGIC_ARCHER,강력한 팔 힘을 얻게 된 슈퍼 아처는 이제 여러 건물 뒤에 숨은 적도 위협할 수 있습니다.
76ad4637ea16e2f3,TID_INFO_POP_UP_TOS_PP_NOTE_KUNLUN,클래시 오브 클랜은 무료 게임이지만 인앱 구매를 통해 더 빠르게 진행할 수 있습니다. 확인을 누르면 이용 약관과 개인정보 처리방침에 동의하게 됩니다.
517cc6de12ef3bcf,TID_MUTE_PLAYER_BUTTON,차단
ab53a067ffa848c7,TID_BATTLE_BUILDER_FEATURE_DESC,자신이 지은 건물이 파괴되는 걸 지켜보기만 할 수는 없던 장인들이 그들의 오두막을 무장하고 수리를 위해 전장으로 직접 나섭니다!
1259512c865b5ef8,TID_ALLIANCE_INVITATION_FAILED_ALREADY_IN_ALLIANCE,이미 다른 클랜에 가입한 플레이어입니다!
fb35fac23d729609,TID_CHARACTER_INFO_HULK_BIG,강해질수록 더 힘들어집니다!
400791d5e57485bf,TID_LEGEND_SIGN_UP_CONFIRM_TITLE,전설 리그 등록
bc56499e366784c6,TID_BUILDER_HALL_3_INFO_SHORT,장애물을 제거하고 훌륭한 새 건물을 건설해 기지를 확장하세요.
3db3056738e1d339,TID_HINT_BARBARIAN_TARGET,바바리안은 건물 유형과는 상관없이 가까이 있는 것을 공격합니다.
e2e46c56cef17e0d,TID_REMOVE_FRIEND_BUTTON,친구 삭제
e78f55b322d5f6bf,TID_BOOST_LEFT,남은 시간:
d91d563e3166012c,TID_BB_ATTACK_ELIXIR_STORAGE_ALMOST_FULL_TEXT,장인기지 엘릭서 저장소가 거의 다 찼습니다. 그래도 공격을 진행할까요?
b59a578aa8d0db6d,TID_INVALID_WAR_MEMBERS_INFO_LOW,클랜원을 최소 <value>명 선택하세요!
8d462c01f493e09b,TID_WAR_HISTORY_NOT_AVAILABLE,클랜이 전쟁에 한 번도 참가하지 않았습니다!
b233ea2a7e8535f6,TID_LOCAL_NOTIFICATION_EVENT_END_OF_SUMMER_OFFER_TH0212,"여름의 열기는 사그라들었지만, 전투의 열기는 계속됩니다! 이번 특가 상품을 놓치지 마세요!"
32e7034d01de9c4e,TID_CHARACTER_INFO_SIEGE_MACHINE_RAM,"파괴 전차의 존재 이유는 단순합니다. 첫째, 마을 심장부까지 전진해 클랜 성 병력 내보내기. 둘째, 진로를 방해하는 모든 것을 때려 부수기. 튼튼한 재료로 제작된 파괴 전차는 부서지기 전까지 적의 공격으로부터 탑승한 병력을 보호합니다. 마법 효과에 면역입니다."
c6b3cb75a790b1f6,TID_WAR_PERSONAL_SETTING_TAKE_ME,참가함
8dd2ec64851ef4c1,TID_LOCAL_NOTIFICATION_EVENT_HERO_BOOST,"대장님, 보석 1개 영웅 가속 이벤트가 시작됐습니다!"
c1f10227132d589a,TID_CLAN_AVAILABLE_FOR_RECRUITING_TITLE,클랜원 모집
2569510deddc88be,TID_WAR_DONATE_FULL,이 플레이어는 더 이상 병력을 받을 수 없습니다.
dd31f5f70a1a824c,TID_DEVICE_LINK_ERROR_INVALID_LINK_CODE,인식할 수 없는 연동 코드
9d1ab573ce945a6b,TID_BP_REWARD_LOCKED_NOT_ENOUGH_POINTS_AND_NEED_PREMIUM,해당 보상을 잠금 해제하려면\n골드 패스와 도전 점수 <num>점이 더 필요합니다.
b7b037f48730c203,TID_DECORATION_GOLDEN_GOBLIN,황금 시인 조각상
3e036958d8421417,TID_CLOCKWORK_WARDEN,태엽장치 워든
e6d5bd106a642bfc,TID_DEVICE_LINK_ERROR_TIMEOUT_TEXT,만료된 연동 코드입니다. 연동 코드는 새로운 기기에 <time> 내로 입력해야 합니다.\n\n연동 코드 화면을 다시 찾아가면 손쉽게 새 코드를 받을 수 있습니다.
239234a100e88a9b,TID_TENCENT_LOGIN_PROMPT_BLOCKED_QQ,중독 방지법에 따라 게스트 계정으로 로그인한 경우 실명 인증 절차를 완료할 수 없으며 15일마다 1시간으로 플레이 시간이 제한됩니다.\n\n게임 계정이 이미 QQ와 연동되었습니다. 게임을 계속 플레이하기 위해 QQ 계정으로 다시 로그인하여 실명 인증 절차를 완료하시길 권장합니다.
736479fed84c67fc,TID_REQUIRED_CASTLE_LEVEL,<number>레벨 성 필요
01cad93534b495ee,TID_SKIN_LEAGUE_CHAMPION,리그 챔피언
34d56947c93aed43,TID_COSMETICS_CUSTOM_MODEL,전용 외형
aeb1d0fd3a273b8e,TID_ALLIANCE_BUTTON_EDIT,편집
ed9d7a87f8332928,TID_TENCENT_DOLPHIN_ERROR_4,其他系统错误，请重启手机重试。
043c3cb4d7a87885,TID_CHARACTER_ELITE_GOBLIN,도둑 고블린
2e81aceb591028ca,TID_PERSONAL_WAR_PREFERENCE_IN,참가
67a0c2b09b9f44d5,TID_CLANGAMES_TASK_INFO_USE_SUPER_WIZARDS,멀티플레이 전투에서\n슈퍼 마법사 <num2>명을 사용해\n별 <num>개 획득
066b0a2ef6d45ce4,TID_TOWN_HALL_9_INFO_SHORT,더 많은 해골과 기술로 더 커지는 즐거움!
5583a5866c34331f,TID_CLAN_LOCATION_UNKNOWN,설정되지 않음
6b92e60238f52e76,TID_ALLIANCE_WAR_STAT_PARTICIPATION_BOTTOM,사용한 공격 (하위 마을)
a9e42698bccff79a,TID_RECORDING_CANT_GO_MAP,전쟁 지도로 돌아가려면 먼저 녹화를 중지해야 합니다!
67e1ba00d4427655,TID_SETTING_SHOW_LEADERBOARDS_INFO,이 옵션을 켜면 순위표에 표시되어 다른 플레이어에게 노출됩니다. 이 옵션을 끄면 순위표에 표시되지 않으므로 다른 플레이어에게 보이지 않습니다.
fe08b3cc68eca5c0,TID_LAYOUTS_INVALID,배치 저장 중 오류 발생
cbfc11a53662e08d,TID_BATTLEPASS_TASK_INFO_WIN_BATTLES_USING_GIANTS,멀티플레이 전투에서\n자이언트를 사용해\n<num>회 승리
ccef24d425bffed5,TID_TIME_LEFT,남은 시간:
af7eb4339498ca72,TID_NPC_CHALLENGE_BOWIGI_FREEZE1,<cf70d16>인페르노 타워</c>가 <c54a0fe>파괴 전차</c>를 제거하기 전에 인페르노 타워에 <c38eaff>얼음 마법</c>을 사용하세요!
4868bf0e46d0b5a0,TID_CONFIRM_ALLIANCE_GAMES_SPEEDUP,보석 <number>개를 사용해\n바로 새 도전 과제를 받을까요?
2c8852237087183f,TID_TUTORIAL_CANNON_1,"어서 오세요, 대장! 기다리고 있었어요."
d4214c3cb5f9c688,TID_DECO_SOCK,해골 양말
669372c33605c8cd,TID_NEWS_ROYALE_BUTTON,확인하기
97c987e422ba4f68,TID_ALLIANCE_BADGE_BROWSE,검색
62969367bf1f66e8,TID_CLAN_TAG_VETERAN,베테랑
86d4ac381c741d4f,TID_CLANGAMES_TASK_INFO_USE_MINIONS,멀티플레이 전투에서\n미니언 <num2>마리를 사용해\n별 <num>개 획득
9f390d939f12a10c,TID_POPUP_BOOSTER_FILL_STORAGE_TITLE,저장소 채우기
3599060d8a956076,TID_ARTO_BUILDING_INFO,"마스터 장인의 최신 발명품인 O.T.T.O가 충전하며 쉴 수 있는 곳입니다. 완전히 업그레이드되면, O.T.T.O는 장인 기지의 추가 장인이 되어 마스터 장인은 마을과 장인기지 사이를 자유롭게 이동할 수 있게 됩니다."
aa4a8c7a7fdd7858,TID_SPECIAL_OFFER_INFO_BUILDERBASE_ANNIVERSARY_1999,• 장인기지 골드 룬 x<booster1>\n• 장인기지 엘릭서 룬 x<booster2>\n• 유닛의 책 x<booster3>\n• 건물의 책 x<booster4>\n\n• 보관량 제한이 없습니다!\n• 해당 특가 상품은 10회 구매할 수 있습니다!\n\n멋진 특가 상품으로 업그레이드를 시작해보세요!
0351baf8c0e8f05a,TID_CREDITS_BUTTON,제작진
1ad8e19b13714132,TID_CAPITAL_TUTORIAL_10,그래도 역시 여기가 가장 제 마음에 드는군요.
795e5234ef8ef33e,TID_DEFENCE_TROOP_COUNT,방어 유닛: <number>
0f7254bd73b0b567,TID_STREAM_DONATE_TEXT,지원군을 요청했습니다.
cabd4132e424ac4f,TID_LOCAL_NOTIFICATION_YOUR_ARMY_IS_READY_ALL,군대가 참전할 준비를 마쳤습니다!
ca7e6f6f6f5f465c,TID_TRADER_FEATURE_DESCRIPTION,매주 업데이트되는 거래상의 멋진 아이템을 확인하세요!
148277792d132c7a,TID_NPC_CHALLENGE_TH12_YETI_JUMP,<c85ff3b>이동 마법</c>을 사용해 <cf70d16>기가 뇌전탑</c>에 접근하세요.
d00216ef95054b18,TID_ALLIANCE_WAR_ENDING_PROMPT,전쟁 종료 중
9f65cac2b4d9476a,TID_COSMETICS_CUSTOM_TEXTURES,전용 텍스쳐
c60f3b3d22256668,TID_CLANGAMES_TASK_GET_BUILDERBATTLESTARS,대전 별 수집가
a9af9d3445633f9c,TID_CLANGAMES_TASK_USESPELL_MAINVILLAGE,멀티플레이 전투에서\n<spell> 하나를 사용해\n별 1개 획득
4a56bd868c39e0d9,TID_PREMIUM_PASS_PACKAGE,골드 패스
fef21bfa3d3ff28e,TID_POPUP_BREAK_LEGENDS_SHIELD_TEXT,정말로 보호막을 제거할까요? 다음 리그일이 시작되면 공격 및 방어를 할 수 있습니다.
22243e4e5799194f,TID_TOWN_HALL_WEAPON_INFO,"성질 나쁜 뇌전탑 가족의 맏형, 기가 뇌전탑으로 적군을 깜짝 놀래키세요! 마을회관을 조금만 건드려도 강력한 전기로 적을 태워버립니다. 어디서 타는 냄새 안나요?"
997f1ac56956e57c,TID_AIR_BLASTER_INFO_SHORT,공중 유닛을 살벌하게 날려버립니다.
c6bedcccd85f5dd0,TID_NEWS_UPDATE_OTHER_TEXT,* 얼음 마법이 대공 방어 부대에도 영향을 줍니다.\n* 라바 하운드가 더 이상 공중의 병력을 공격할 수 없습니다.\n* 이제 공격군은 더 멀리서부터 방어군을 감지해 싸우게 됩니다.\n* 타이탄 III 및 타이탄 II 리그는 이제 상점에서 1주일 보호막을 구매할 수 있습니다.
3bfac79feafa49f2,TID_NEWS_TROOP_TITLE,새로운 암흑 부대: 라바 하운드!
5516e391d1c91baa,TID_CLANGAMES_TASK_INFO_USE_BARBARIANS,멀티플레이 전투에서\n바바리안 <num2>명을 사용해\n별 <num>개 획득
b5d26949c8e7b527,TID_GEAR_UP_ARCHER_TOWER,아처 타워의 높이를 낮춰 공격 속도를 높일 수 있는 스위치를 장착합니다!
a135ffd5c3e6b0b4,TID_DEVICE_LINK_ERROR_NOT_ATTACHED_ANDROID,대장의 마을이 아직 Google 계정에 등록되지 않았습니다. 설정 화면으로 돌아가서 이미 등록된 마을이 없는 Google Play 계정으로 로그인하세요.\n\n경고: 마을은 계정에 영구적으로 등록되며 나중에라도 변경할 수는 없습니다.
183a7d5496d3b370,TID_CLANGAMES_TASK_DESTROY_BB_ELIXIRPUMP,엘릭서 정제소 파괴
f6e9269ab5fb4140,TID_DIAMOND_BUNDLE_BH6_ALT,전문 장인 팩
8aedcee89ca685b6,TID_SMITHY_INFO,"필요한 마법 광석을 가져오면 영웅들의 장비를 더 강력하게 업그레이드할 수 있습니다! 용광로에서 나는 연기를 이용해 맛있는 바비큐를 만들기도 하지만, 건강에 좋은지는 장담할 수 없습니다."
7f5a93dbc2391176,TID_REGULAR_THEMED_BATTLE_OFFER_INFO_TH0712_4999,• <res0> 다크 엘릭서\n• <res1> 골드\n• <res2> 엘릭서\n• 유닛의 책 x<booster1> - 진행 중인 유닛 업그레이드가 즉시 완료됩니다.\n\n• 보관량 제한이 없습니다!\n• 해당 특가 상품은 표시된 기간 내에 2회 구매할 수 있습니다.\n• 클랜에 영광스러운 승리를 안겨주세요!
bc82d205a3b6d965,TID_ATTACK_IN_PROGRESS,공격 진행 중
0f501eae044177ba,TID_SPECIAL_OFFER_EASTER_LIMITED_1999,봄맞이 특가
f73ddd1687395a90,TID_STREAM_REPLAY_TEXT_DEFENSE,방어 대상:
8b332c77cd954806,TID_FRIEND_LIST_TEAMUP_2,친구 요청은 여기에 표시됩니다
0a849873e305c962,TID_LEADERBOARDBANNER_PLAYERTOURNAMENTS,전설 리그 토너먼트
d53a63e5f9ce66e8,TID_BATTLEPASS_TASK_WIN_BATTLES_USING_WALLBREAKERS,뚫고 지나갑니다
76f5d01fca0b2a1f,TID_CHARACTER_HOG_WIZARD,호그 마법사
dc635b8ef7f01020,TID_EVENT_DAILYLOGIN_INFO,매일 로그인해 보상을 획득하세요!
60f660b94d6a1a64,TID_VILLAGE2_PVP_LOOT,승리
41aeac3e9268781c,TID_WL_INFO_SIGNUP_TAB1_HEADER,참가
102a38f6b97fe0f9,TID_TRAIN_SPELL_STORAGE_FULL_INFO,마법 제작소를 업그레이드해서 더 많은 마법을 보관하세요.
7e698d278b5d5928,TID_WL_COLUMN_LOSSES,패배
bd0ca11b61d70aaf,TID_PLAYABLE_IN,플레이 시작까지:
24038afc1d971313,TID_HINT_ARCHER_TOWER2,아처 타워를 낮추면 좁은 범위에서 저지력이 두 배가 됩니다.
9bc76689d5c1f2f3,TID_UNABLE_TO_WATCH,플레이어가 전투 중이 아닙니다.
e0c8c5f874650b37,TID_PROFILE_LEGEND,전설 리그 토너먼트
2f24260a6f79e298,TID_BUTTON_VIEW,보기
6ae949460cfb1e6d,TID_DIAMOND_BUNDLE_MAGICITEMS_HERO_BOOK_WITH_RESOURCES_INFO,• 영웅의 책 x<booster1>\n• <res0> 다크 엘릭서\n• 보관량 제한이 없습니다!\n\n'영웅의 책'으로 영웅 업그레이드를 즉시 완료!\n\n이번 한 번뿐인 <cffec78><value>배 가치</c>의 구매 기회를 놓치지 마세요!
7af2a4afdfb217e8,TID_BARCHER_ABILITY_HELP,첫 5초 동안 적의 방어 시설로부터 모습을 숨기며 공격 속도가 빨라집니다!
53b5b16a43c4825e,TID_BP_CONFIRM_TIER_UNLOCK,다음 보상까지 필요한 도전 점수 <num>점을 구매할까요?
773e99d107a7827c,TID_CREATE_ALLIANCE_TAB,클랜 생성
6aee41330172b3a3,TID_NPC_CHALLENGE_TH10_MINER_HEALERS,<c54a0fe>치유사</c>를 배치해 <c9916c8>아처 퀸</c>을 보호하세요!
6d4f0e027a5896bc,TID_TRADER_CONFIRM_TEXT,<item> <num>개를 구매할까요?
07b5daf69280fce9,TID_BOOSTER_SHOVEL_OBSTACLE_INFO,강하지만 깨지기 쉬운 이 마법의 삽으로 장애물 하나를 영구적으로 옮길 수 있게 해줍니다. 마을과 장인기지에서 사용할 수 있습니다!
b603637e17d72278,TID_GEAR_INFO_ARCHER_CROWN,아처 부대를 소환합니다
cc8cc810162d1078,TID_NPC_CHALLENGE_TH8_GOWIPE_BARBARIAN_KING,<c9916c8>바바리안 킹</c>을 배치하세요. 측면이 무너졌으니 바바리안 킹은 중앙으로 이동합니다.
4d6684703905cb80,TID_HINT_DEFENSE,공격만큼 방어도 중요합니다. 훌륭한 방어 시설을 만들어 보세요.
f182e007f301fa8e,TID_POPUP_UPGRADE_TITLE,<number>레벨로 업그레이드
1f9d18f329519901,TID_BB_LOOT_CART_POPUP_TEXT,획득한 방어 보상
7524383d216baad4,TID_BOOSTER_ERROR_GENERIC,<booster> 사용이 불가능합니다.
72ddae3467182a26,TID_BOOSTER_BOOST_ALL_PRODUCTION_TITLE,훈련 포션 사용
9c0f8898b82dc094,TID_TENCENT_REFUSE,拒绝
8530b60a0450c163,TID_CLAN_GAMES_BONUS_REWARD_UNLOCKED,클랜 게임 종료 후 추가 보상을 선택할 수 있습니다!
5e189a27e6775947,TID_EARTHQUAKE_INFO_SHORT,땅을 뒤흔들어 적진을 향한 길을 뚫으세요.
c07eab8d844d61d4,TID_SUPPORT_TEXTBOX_TITLE,크리에이터 후원
ea53645b3acc923e,TID_SKELETON_BARRELS,해골 통
7e8aef1734524135,TID_BATTLEPASS_TASK_WIN_BATTLES_USING_INVISIBILITY,보이지 않는 손
a9b7dcd6ade6ac75,TID_STAGE_LIMIT_EDIT_MODE_DEFENSE,방어 시설: <cur>/<max>개
9e00580105478f72,TID_WL_CURRENT_ROUND,현재 라운드: <x>/<y>
92417a7a7749ee76,TID_HOUSING_TROOPS_INSIDE,주둔 유닛:
9f72c3099981540a,TID_BOOSTER_FILL_DARK_ELIXIR_STORAGE_INFO,다크 엘릭서가 끊임없이 흘러나오는 이 마법 아이템으로 마을의 다크 엘릭서 저장소를 가득 채울 수 있습니다.
2ff085c315a532ee,TID_UNABLE_TO_LOCATE_COUNTRY_FOR_CLAN_SCORES,현재 클랜 지역의 최고 점수를 표시할 수 없습니다.
6819b2dad0b66574,TID_CLANGAMES_TASK_GET_KILLS_VS_ALLHEROES,영웅 사냥꾼
20ec4cbd02742b27,TID_JOLLY_KING,루돌프 킹
ac4514447109c5b0,TID_TENCENT_DOLPHIN_DOWNLOADING_70,安装包更新
62899c53fa29e320,TID_CLAN_PERK_BONUS,클랜 보너스
a40f42ff8688ac55,TID_HAMMERJAM_OFFER1_MAGICITEMS_BUILDER_POTION_AND_GOLD_INFO_999,• <res0> 골드\n• 장인 포션 x<booster1>\n\n• 보관량 제한이 없습니다!\n• 해당 특가 상품은 5회 구매할 수 있습니다!\n\n해머잼 특가 상품으로 최대한 업그레이드해 보세요!
5e851b81e3602d49,TID_BUILDING_BOMB_TOWER_INFO_SHORT,파괴 시 폭발하여 상대의 지상 유닛에게 피해를 줍니다.
799494587171b22d,TID_GEM_BUY_CONFIRMATION,보석 <amount>개 받음!
6fbb5d0cd2b31b35,TID_ALLIANCE_WAR_REPLAY_PERSONAL_ATTACK_2,리플레이 2
da600ab637cdd6ec,TID_GOBLIN,고블린
f679d8df9ee413b8,TID_LEAGUE_RUBY1_SHORT,루비 I
2c13e98cdfb34cd2,TID_DISTRICT_LAYOUT_LOCKED,<player> 님이 이미 배치를 수정 중입니다.
2ef9b8dc80546f4b,TID_TUTORIAL_OWN_HOUSE_1,마을과 멀리 떨어진 대장님의 또 다른 집입니다. 훨씬 더 멋진 경치를 자랑하죠!
ba0f1c3bec0ac3c0,TID_LEGEND_SEASON_TITLE,<year> <month> 전설 리그 토너먼트
9aaf049f1b618e7d,TID_CHALLENGE_TH9_BABYDQW,앵그리 베이비
62d8be18cee3c33a,TID_FB_CONNECT_NOT_SAFE_TITLE,Facebook에 로그인했습니다
2b484d936d9a8168,TID_AVATAR_MESSAGE_BUTTON_SUPPORT,고객지원 팀에 문의
3ea17bb4f3209774,TID_CHARACTER_SUPER_VALKYRIE,슈퍼 발키리
fef2b1b218ed7679,TID_EVENT_TEXT_TH12_INFERNO_PACK,마을회관 12레벨 인페르노 팩
4e7f32357a946611,TID_BP_SCENERY_TITLE,배경
4272ac510da52065,TID_CAPBUILD_GUARDPOST_GIANTS_INFO,슈퍼 자이언트는 칩입하는 유닛에 강력한 펀치를 날릴 준비가 되어 있습니다.
80733aba7ff630e9,TID_BOOMBOX_MAINTENANCE_TIME,예상 남은 시간: <time>
7a37a157725ec4e2,TID_NPC_CHALLENGE_TH6_GIWIWA_HEAL2,<c54a0fe>자이언트</c>에게 <cffe346>치유 마법</c>을 한 번 더 사용해 체력을 회복하세요!
3e995dbda69b9a65,TID_OBSTACLE_XMASTREE,클래시마스 트리
3b5fce1c1069f508,TID_SUPERCELL_ID_LOGIN_BUTTON,Supercell ID로 로그인
88a5ec5f74fd0202,TID_RAID_ERROR_NO_SEASON,습격전 시즌 이외에는 습격전을 할 수 없습니다.
b7f0cd7fa9a14c40,TID_REPAIR_CLAN_CASTLE_TITLE,클랜 성 재건
71038f61540e303d,TID_LEAGUE_STEEL2,스틸 리그 II
e7544940e7f840cc,TID_HERO_INFO_BATTLE_COPTER_SHORT,지하를 탐험하는 플라잉 머신이라... 아무래도 뻔한 건 재미없으니까요!
e3747b4ab98d1b38,TID_SPECIAL_OFFER_INFO_BUILDERBASE_ANNIVERSARY_9999,• 장인기지 골드 룬 x<booster1>\n• 장인기지 엘릭서 룬 x<booster2>\n• 유닛의 책 x<booster3>\n• 건물의 책 x<booster4>\n\n• 보관량 제한이 없습니다!\n• 해당 특가 상품은 2회 구매할 수 있습니다!\n\n멋진 특가 상품으로 업그레이드를 시작해보세요!
dbe903644b2fd650,TID_ACHIEVEMENT_DESTROY_SCATTERSHOT,멀티플레이 전투에서 투석기 <number>개 파괴
10478b57a1c17a82,TID_SIEGE_MACHINE_INVISIBLE,
209d3bd37234ddbb,TID_BATTLEPASS_TASK_INFO_USE_BOWLERS,멀티플레이 전투에서\n볼러를 사용해\n별 <num>개 획득
5468fbe7dfd8f4c7,TID_BATTLEPASS_TASK_WIN_STARS_USING_LIGHTNING,나쁜 날씨
1967112ed28a4be3,TID_NPC12,메가 대포
99d2a5492a7b6905,TID_ACCOUNT_LOCKED_INVALID_CODE,잘못된 잠금 해제 코드입니다!
22fb0a9ae5c42736,TID_AGE_GATE_TITLE,나이 입력
902cd72406adc665,TID_THUPGRADE_COMPLETE_INFO,획득한 부스터:
fac920f6899c216d,TID_NPC37,속임수
8ec9c9fb01f85dd8,TID_REMOVE_FRIEND_CONFIRMATION_TITLE,친구 삭제
54283e751156789a,TID_TAB_VIEW_VILLAGE2,장인기지
ee1d116824349c62,TID_LOCAL_NOTIFICATION_EVENT_XMAS_3,"대장님, 클래시 크리스마스 마지막 기간에 얼음 마법사를 훈련해 보세요!"
12ea6cfe2fd31885,TID_CONFIRM_WANTS_SUGGESTED_PLAYERS_TEXT,시간이 꽤 지났네요. 여전히 클랜의 추천 플레이어 목록에 표시되길 원하시나요?
3cc0606ec2807a13,TID_SLOW_SPEED_AND_ATTACK,이동/공격 감속: <number>%
98d03613bd06d4cf,TID_SPELL_FORGE_INFO,마법 제작소는 전장에서 활약하는 것보다 마법 무기를 제작하는 것이 더욱 능숙한 베테랑 마법사들이 머무는 곳입니다. 강력한 공격용 마법을 사용하여 전투의 흐름을 원하는 방향으로 바꾸세요!
d22017f9c53f0a59,TID_DIAMOND_BUNDLE_MAGICITEMS_HERO_BOOK_INFO,• 보석 <gems>개\n• 영웅의 책 x<booster1>\n• 보관량 제한이 없습니다!\n\n'영웅의 책'으로 영웅 업그레이드를 즉시 완료!\n\n놓치지 마세요!
f0a971fdf6900b86,TID_SUPPORT_CREATOR_TITLE,크리에이터 부스트
23af21dace73d72d,TID_CLAN_GAMES_EXPIRED_TASK,도전 과제 선택
e9d8bc67eb2b7bdf,TID_BUILDER_HALL_10_INFO_SHORT,자신을 믿어요.
cd5442ac14855bbd,TID_WL_ROUND_INFO_BUTTON,전쟁 정보
5e7a949635774b83,TID_DEVICE_LINK_ERROR_TIMEOUT,만료된 연동 코드
75a8911c880daf20,TID_CHALLENGE_INFO_2013,"영웅, 첫 번째 다크 엘릭서 유닛, 10레벨 마을회관이 등장합니다!"
b8e6452be6d87f4a,TID_TUTORIAL_SEASON_CHALLENGE_4,일반 전투에서 전리품을 획득하면 시즌 금고에 같은 양의 자원이 자동으로 채워집니다.
f125d31654f43e2c,TID_MULTI_MORTAR_INFO_SHORT,크기는 작지만 수많은 박격포를 갖추고 있습니다.
7cae3baf95dfd7e7,TID_HINT_SPELL_JUMP_2,"이동 마법을 사용하여, 벽을 공격하느라 바쁜 근접 병력의 길을 뚫어주세요!"
0eb6abc3dc6e0ab6,TID_FRIEND_FILTER_REQUESTS,플레이어 검색
0ae7ca2b896bb967,TID_ERROR_POP_UP_CONNECTION_LOST,서버와의 연결이 끊어졌습니다. 인터넷 연결 상태를 확인하고 다시 시도해주세요.
60eb090a8ad4f327,TID_CLANGAMES_TASK_INFO_WIN_STARS_VS_TOWNHALL_7,멀티플레이 전투에서\n마을회관 7레벨을 상대로\n별 <num>개 획득
065c7b79386ff466,TID_CANCELLING,취소 중
f712b59a57dd6ea6,TID_NEWS_BUTTON_GO,시작!
81f7ae0628da910a,TID_BASE_DPS,초당 기본 피해량: <number>
a36623106e97b047,TID_BOOSTER_CLOCKTOWER,시계탑 포션
f11e87ba397ba886,TID_VISIT_FAILED,마을을 방문할 수 없습니다. 잠시 후 다시 시도해주세요.
21458040ac9d0430,TID_WAR_DONATE_MESSAGE_SAVED,지원 메시지가 저장되었습니다.
5995ef4d6889f161,TID_BP_TIER_NUMBER,티어 <num>
388fd142d9db3a0e,TID_LEAGUE_GOLD2,골드 리그 II
8a0a435ef66c8f72,TID_SIEGE_MACHINE_BALLOON,바위 비행선
850aaac4f7855cfe,TID_STARTER_TH3_INFO_BUILDMORTAR,상점에서 박격포 구매
f81dbd2ebadc8437,TID_BATTLEPASS_PURCHASE_TEXT,골드 패스로 더 좋은 보상을\n잠금 해제하세요!
90921e79d7bee1a8,TID_EVENT_SPELL_BOOST,보석 1개 제조 가속
95fea978bd28ee0b,TID_CHALLENGE_EVENT_ENDED,도전 이벤트가 종료되었습니다.
c9c5455bded3a152,TID_SIEGES_FEATURE_DESCRIPTION,작업장에서 제작한 클랜 성의 부대를 운반하는 특수 무기입니다.
9328b3c931c205a5,TID_NPC_CHALLENGE_TH6_GIWIWA_GIANT,<c54a0fe>자이언트</c>를 배치해 <c54a0fe>해골 돌격병</c>을 보호하세요.
7c79ddbfeb00e14d,TID_CHARACTER_INFO_COOKIE_PEKKA,갓 구워낸 바삭한 C.O.O.K.I.E는 광역 피해를 주는 회전식 프레첼을 휘두르며 전장을 달콤하고 살벌하게 만듭니다. 지나는 자리엔 쿠키 부스러기처럼 잔해를 남깁니다.
e289fbb9898afa7e,TID_ABOUT_FACEBOOK,Facebook
bc3d7929663f02dc,TID_BOOMBOX_NEWS,뉴스
043b4f702b758f02,TID_DIAMOND_BUNDLE_TH7,마을회관 7 팩
aa9713a3b9ab0bf7,TID_HINT_WARLOCK_INFO_1,마녀의 원거리 공격은 약할지 몰라도 그녀가 소환한 해골들은 상대방을 쉴 틈 없이 정신없게 만듭니다.
7e7cb55f6b2bdb52,TID_CHARACTER_INFO_BATTLERAM,바바리안 네 명이 큰 통나무를 들고 목표물에 달려들어 큰 피해를 줍니다. 목표물에 닿으면 큰 보너스 피해를 줍니다. 그런 다음 검으로 적들과 싸웁니다!
3b58291716f8e5d5,TID_PET_HEALER_INFO,"유니콘은 낯을 많이 가리지만, 사랑과 인내를 가지고 돌보며 친해지면 정말 좋은 친구가 됩니다. 작은 상처도 큰 상처도 치유사도 모두 치유해줍니다!"
2ef0ae697881cff9,TID_BOOSTER_FILL_ELIXIR_STORAGE_INFO,엘릭서가 끊임없이 흘러나오는 이 마법 아이템으로 마을의 엘릭서 저장소를 가득 채울 수 있습니다.
b7185098702a0082,TID_CHARACTER_HEADHUNTER,헤드헌터
ccd389e62f8b7251,TID_NPC_CHALLENGE_TH8_GOWIPE_WIZARDS1,<c54a0fe>마법사</c>를 배치해 공격을 지원하세요.
bfb6263428d8670a,TID_HINT_TRADER,마을 끝자락에 있는 거래상은 매주 새로운 마법 아이템을 판매합니다. 무료로 제공되는 혜택을 놓치지 마세요!
15d67cef3bb7a7f0,TID_REGULAR_THEMED_BATTLE_OFFER_INFO_TH0206_999,• <res0> 골드\n• <res1> 엘릭서\n• 힘의 포션 x<booster1> - 1시간 동안 유닛 및 마법 레벨이 현재 마을회관에서 허용하는 최대 레벨로 증가합니다.\n\n• 보관량 제한이 없습니다!\n• 해당 특가 상품은 표시된 기간 내에 4회 구매할 수 있습니다.\n• 클랜에 영광스러운 승리를 안겨주세요!
348799aa9fa258c8,TID_TUTORIAL_CLASHOWEEN_EVENT_E1,여기가 바로 오싹한 엘릭서가 저장되는 곳이에요.
5f89206335d19dcc,TID_STREAM_BUTTON_FIND_CLAN,검색
cbf2bfbcd4be3189,TID_CAPBUILD_MINION_CRYPT,미니 미니언 벙커
997194044c66a475,TID_NATIVE_DIALOG_TENCENT_ACCOUNT_CONFLICT_YES_BUTTON,"네, 현재 계정으로 변경합니다."
78b205293216434e,TID_ME_BONUS_POINTS_INFO,이벤트 패스를 구매해 <num> <soft_currency>를 획득하세요!
39a4a13d4997b2d9,TID_CLAN_HOUSE_NAME_UNOCCUPIED,빈 집
26a16309b13d95a5,TID_CAPBUILD_SPELL_STORAGE,마법 저장소
fad414ebd9f7e2a2,TID_EVENT_ACHIEVEMENT_COMPLETE,이벤트 완료!
438db372cae44343,TID_NPC43,팔짝팔짝
fbe5555d41553294,TID_TRAP_DAMAGE,공격력: <number>
f3c30a022be9102e,TID_DPS,초당 공격력: <number>
9393c21a4475155c,TID_CHARACTER_INFO_HOG_GLIDER,"진정한 라이더는 하늘을 달리는 법이죠! 장벽을 뛰어넘는 것은 잘하지만, 충돌을 피하는 것엔 약합니다."
83f602f005b31e41,TID_CAPITAL_HALL_LEVEL_TOO_LOW,캐피탈회관을 <number>레벨로 업그레이드해야 합니다!
08d33f7ef3e47eb0,TID_SHIELD_POPUP_NONE_DESCRIPTION_1,"보호막이나 가드가 없으면 언제든지 적의 공격을 받을 수 있습니다. 최선을 다해 마을회관을 방어하세요! 함정, 영웅, 클랜 성 병력이 방어를 최대한 도와줄 수 있습니다."
640233ec0d58ee8f,TID_RESOURCE_PACK_GOLD_50,골드 절반 충전
94c91dd10e20ed8f,TID_HINT_XBOW_TARGETS_1,대형 석궁을 지상 및 공중 유닛 모두를 공격하도록 설정하면 사정거리가 짧아집니다.
5d2126796c8c11b7,TID_WL_INFO_LIVE_STAR,별
2c6296b9869f5ff0,TID_NEWS_UPGRADE_OS_TITLE,중요!
064aa3960f02190b,TID_DIAMOND_BUNDLE_MAGICITEMS_TROOP_BOOK_WITH_RESOURCES_INFO,• 유닛의 책 x<booster1>\n• <res0> 엘릭서\n• 보관량 제한이 없습니다!\n\n'유닛의 책'으로 유닛 업그레이드를 즉시 완료!\n\n놓치지 마세요!
b2707edbddd625f2,TID_TUTORIAL_FORGE_2,날마다 일정량의 캐피탈 골드를 만들어냅니다. 눌러서 캐피탈 골드를 수집하세요.
624af9405ed8bc90,TID_NPC_CHALLENGE_DEPLOY_BARBARIAN_KING,<c9916c8>바바리안 킹</c>을 배치하세요.
a72ff5d65afe6031,TID_DARKTOWER_AMMO_FILL_CONFIRMATION,인페르노 타워가 장전되었습니다!
6520efc3c5e56de7,TID_REQUEST_TO_JOIN_NEW_CLAN_WHILE_IN_CLAN_TITLE,클랜 탈퇴
ba717878f919ea69,TID_SPELL_FACTORY_VOUCHER_CLAIM_SUCCESS_TEXT,<message>
f5205f329d4cfe38,TID_SETTINGS_OFF,꺼짐
f21d86b59da35ee7,TID_REQUIRED_SIEGE_WORKSHOP_LEVEL,<number>레벨 작업장이 필요합니다.
bb86b4c7a5dd47bd,TID_CLANGAMES_TASK_DESTROY_WIZARDTOWERS,마법사 타워 파괴
795f920dc950936a,TID_SUPER_WITCH_ABILITY_HELP,거대한 해골 하나를 소환합니다.
c0c780294e1f0c05,TID_CLANGAMES_TASK_WIN_STARS_USING_HASTE_INFO,멀티플레이 전투에서\n신속 마법을 <num2>번 사용해\n<num>회 승리
8ece53a85a142cb4,TID_GOLEM,골렘
7bf0358a727e7d90,TID_HALLOWEEN_INFO_SCREEN_ITEM1,멀티플레이 전투에서 공격하여 오싹한 엘릭서를 모으세요.
61ab24fedff56413,TID_ACCOUNT_DISABLED_TEXT,계정 비활성화
40a2f7f18660b03d,TID_BUILDING_REINFORCEMENT_CAMP,지원군 캠프
f44656ff1f2b192e,TID_CLANGAMES_TASK_DESTROY_BOMBTOWERS,폭탄 타워 파괴
964dbc62c9396ea3,TID_EDIT_MODE_TIP1,\q전체 제거\q 혹은 \q터치 제거 모드\q를 사용하여 건물을 인벤토리로 옮기세요.
3d146cfb876db3db,TID_NPC_QUEEN_HEALTH_LOW,<c9916c8>아처 퀸</c>의 HP가 감소하고 있습니다. 아처 퀸의 능력을 사용하세요!
4c2d3d850d17bf79,TID_RUINS_SPELL_FACTORY,폐허가 된 마법 제작소
e0cdccdee00deeee,TID_EVENT_BOOST_GEM_AMOUNT,1x
c5cc94a85504759f,TID_COSMETIC_ESTATE_3X3_WOODEN_HOUSE_INFO,잘 지어진 집입니다. 디자인이 훌륭할 뿐만 아니라 편안하기까지 해요.
95845171ab559199,TID_NEWS_TH11_UPDATE_GAMEPLAY_TEXT,• 전투 시간 제한이 30초 늘었습니다.\n• 이제 고블린이 마을회관과 클랜 성을 겨냥하여 2배의 피해를 줍니다.\n• 모든 함정의 재장전 비용이 크게 줄어듭니다.\n• 대형 석궁의 장전 비용이 크게 줄었습니다.\n• 많은 수의 치유사들이 같은 유닛을 치유할 경우 효율이 감소합니다.\n• 병력 강화의 비용과 지속 시간이 보석 5개/1시간으로 변경됩니다.\n• 마을회관 10레벨의 상대 찾기 및 '다음 찾기' 비용이 감소합니다.\n• 클랜전 준비일이 23시간으로 변경됩니다.\n• 부대 전투 및 길 찾기 AI가 더 개선되고 정교해집니다.\n• 6~10레벨의 마을회관 전리품 약탈 가능 비율이 약간 늘어납니다.\n• 마을회관이 1레벨 낮은 마을에서 얻는 전리품이 약간 줄어듭니다.\n• 마을을 만들고 병력을 배치할 수 있는 공간이 늘어납니다. 외진 곳의 장애물들은 자동으로 옮겨집니다.
de72e8564351ccf3,TID_SIGN_MESSAGE,!
f10145d2de9781d2,TID_OBSTACLE_BIRTHDAY2019,7주년 깜짝 선물
0a323bd18a714933,TID_CHARACTER_INFO_SIEGE_MACHINE_CATAPULT,"강력한 피해를 주고 불타는 자리를 남기는 파이어 스피릿을 던집니다. 긴 사거리 덕분에 안전한 거리에서 상대를 공격할 수는 있지만, 사거리가 더 긴 방어 시설과 함정에 주의해야 합니다! 마법 효과에는 면역입니다."
ae87c0f24e92f44d,TID_BUILDER_HALL_6_INFO_SHORT,저 바위 뒤엔 뭐가 있을가요?
8ee938d2afe07c86,TID_CHARACTER_SUPER_HOG_RIDER,슈퍼 호그 라이더
dbc80f4df44dab26,TID_WARMACHINE_INFO_SHORT,마스터 장인이 전투하러 갈 때 장착하는 증기 동력 수트입니다.
9bbd5ecc547056bc,TID_STAGE_BUILD_LIMIT_REACHED,스테이지 <stage>에서 <name> 건물을 <number>개 넘게 지을 수 없습니다!
8e5c9257157af043,TID_TENCENT_DOLPHIN_ERROR_5,模块其他错误，请重启手机重试。
83c1a1f7f2e7f108,TID_NPC22,지옥의 상륙 작전
38e2d0a4fe8c2206,TID_BUY_SHIELD_WHILE_GUARDED_TEXT,<name>을 구매하시겠습니까?\n<cff0000>참고: 구매 시 가드는 종료됩니다.</c>
d73cfc9902cbc896,TID_BUILDING_CUSTOMIZE_CATEGORY_ROOF,지붕
51f6b73bca115bc3,TID_SKIN_OFFER_INFO,<name> 스킨
9931d13736c0b5ea,TID_WL_INFO_LIVE_TAB0_HEADER,전투 주간
39885ccf2fd5e84c,TID_PLAYER_ALREADY_REPORTED,이 플레이어를 이미 신고했습니다!
d0cddc05022e787b,TID_WAR_STATS_TIES,무승부:
339b62cc991ee07b,TID_LEAGUE_TITANIUM1_SHORT,티타늄 I
d5fce7bb8c6b280f,TID_BOOSTER_FILL_ELIXIR_STORAGE,엘릭서 룬
8e57bc5bfbadddf9,TID_BUTTON_SIGN_IN,로그인
46f8757ec6b83c68,TID_NEWS_SEP_V2_BALANCING_TITLE,장인회관 7레벨
0536da2fd1fd9d57,TID_PVP_BUTTON,상대 찾기
97be0986b4fcd9a8,TID_ACHIEVEMENT_DONATE_CAPITAL_COMPLETED,기여한 총 캐피탈 골드: <value>
36d84034e8cbf458,TID_BLACKSMITH_LEVEL_TOO_LOW,대장간을 <number>레벨로 업그레이드해야 합니다!
f75278320045e8c7,TID_CLASHOWEEN_COMBAT_ITEM_LOCKED,오싹한 엘릭서를 더 모아 잠금 해제하세요.
2d113653e5c46f31,TID_PLAYER_HOUSE_YOUR_INFO,마을과 멀리 떨어진 대장님의 또 다른 집입니다. 평화로운 경치도 구경하고 치열한 습격전을 위해 편히 쉴 수도 있습니다!
e355b7f032a53faf,TID_TOWN_HALL_INFO,"마을의 핵심 건물입니다. 업그레이드하면 새로운 방어 시설, 건물, 함정, 기타 등등을 사용할 수 있습니다.\n공격 시 적의 마을회관을 파괴하면 별 한 개를 확보하고 승리를 확정 짓습니다. 적 건물의 50%를 파괴하면 두 번째 별을 확보하며, 100%를 파괴하면 별 3개를 모두 확보합니다.\n상대도 여러분의 마을회관을 파괴하려 할 테니 조심해야 합니다!\n마을회관을 완전하게 보호하기 위해 마을의 중심에 위치시키고 장벽과 함정, 그리고 방어 시설로 보호하세요. 교활한 적은 모든 방향에서 공격해올 수 있습니다!"
f8091e725955bbf1,TID_NO_MESSAGES_TEXT,클랜 성을 재건하면 해당 건물을 통해 클랜 초대권을 받아 볼 수 있습니다.
60e6ae5f4095a5bf,TID_BOOSTER_STAR_POTION_ALT_2_LINE,장인기지 별 유리병
63757616c6f8cfd1,TID_BP_PERK_NEEDS_PREMIUM_SEASON_BANK,골드 패스로 업그레이드
a9601a56416e39a3,TID_FEEDBACK_BUTTON1,구매 문의
e303527973efdd2b,TID_CLANGAMES_TASK_INFO_DESTROY_BB_CLOCKTOWER,장인 전투에서 <building> <num>개 파괴
9cdc577c59e16c1a,TID_ONLINE,온라인
e7b1c064a2e5367d,TID_TRAINING_SCREEN_CAPACITY,수용량:
f527536530f236e4,TID_LEAGUE_CHAMPION,챔피언 리그
14edd656350d9a6b,TID_HINT_BALLOON_TARGET,해골 비행선은 대포 같은 적 방어 시설을 우선으로 공격합니다.
c2c13bb1468d1331,TID_PUMPKIN_BARBARIAN,호박 바바리안
bda13536ee31869f,TID_TREASURY_DESCRIPTION,클랜전 및 별 보너스 전리품이 금고에 안전하게 보호됩니다. 마을회관 업그레이드와 클랜 보너스를 통해 금고 용량을 늘릴 수 있습니다.
16617cc4b60c6521,TID_NPC_CHALLENGE_TH13_HYBRID_GOLEM,마을의 아래 구석에는 강력한 방어 시설이 많습니다. <c54a0fe>골렘</c>을 사용해 피해를 대신 받게 하세요.
310df8b6c1384aeb,TID_YOU_HAVE_BEEN_ATTACKED_HEADER,대장! 대장이 없을 때 마을이 공격을 받았어요!
c9d526d1c18bdef5,TID_FORGE_COST,비용: <number> <resource>
ff5c0f24aa1ca7fb,TID_MAP_LOCATION_24,마법 도시
1d5d001ae7a83092,TID_PRIMAL_QUEEN,원시 퀸
acd31e47b39373a9,TID_NUM_ATTACKS_SHORT,공격:
7329cc1c9ba29e71,TID_GEAR_RARITY_COMMON,일반
0339ed57d81eb483,TID_GIVE_NAME_TITLE,이름 입력
76731a77eb399b1e,TID_PRACTICE_MODE_UNLOCKS_LATER,연습 모드는 마을회관 4레벨에 잠금 해제됩니다.
9a397e9b6452f501,TID_CLANGAMES_TASK_USE_SIEGE_BARRACKS,하늘의 요새
c4aeaebb88aa60e0,TID_PET_ABILITY_INFO_ELECTROWL,일렉트로 아울의 공격이 가까운 대상에게 튕겨 나갑니다.
00e7aa22cf565cf6,TID_WARNING_CANNOT_SHARE_INCOMPLETE_LAYOUTS,완성된 배치만 공유할 수 있습니다.
d3485b0d79488e95,TID_ZAPPY_INFO,전력으로 가득 찬 감전돌이는 기지를 공격하려는 적을 모두 감전시키려고 벼르고 있습니다.
783840d850e1b278,TID_SURRENDER_POPUP_TEXT,대장! 정말 퇴각할 거예요? 아군이 패배하게 됩니다!
e41db9d642a97189,TID_ACHIEVEMENT_DESTROY_SCATTERSHOT_COMPLETED,파괴한 투석기: <value>
8cebbbb7b4ad7bf1,TID_SHOP_CATEGORY_SHIELD,보호막
aec183e9a846a8e2,TID_NPC88,독 마을 광장
167283b996ece763,TID_WAITING_FOR_ATTACK,상대가 공격하고 있습니다!
4a11a491496aeb55,TID_ATTACK_FAIL_NO_MATCHES,공격할 마을을 찾을 수 없습니다!
a96cf8492c9cfa83,TID_BOOSTER_FREE_SPELL_UPGRADE,마법 해머
0b2060d08920f4dd,TID_ERROR_POP_UP_BANNED_TITLE,계정 정보!
2f0745fcaa426346,TID_STAR_LABORATORY_UPGRADING_CANNOT_START_UNIT,천체 연구소 업그레이드 중에는 유닛을 업그레이드할 수 없습니다.
eedf2f81a6f0fb54,TID_TUTORIAL_GOLD_EARNING_LEAGUES_AND_STARS,리그가 높아질수록 별을 획득할 때 받는 골드도 증가합니다!
6de20acdcf2cf569,TID_BATTLEPASS_TASK_INFO_WIN_BATTLES_USING_ARCHERS,멀티플레이 전투에서\n아처를 사용해\n<num>회 승리
5cc03c301c81c773,TID_POPUP_ANDROID_EXIT_TITLE,종료 확인
6597d741f6a9ae1c,TID_TUTORIAL_OWN_HOUSE_2,갈색을 아주 좋아하시는 것 같아 그렇게 꾸며봤어요.
413b1f8dc474b913,TID_LINK_NEW_DEVICE_TEXT2,시작할 기기:
8699a4c62c465c65,TID_TUTORIAL_ATTACK,정말요? 마을 정리만큼 전투도 잘하신다면\n우린 좋은 팀이 될 거예요!
02f102372405a0ef,TID_INFO_RANGE_VALUE,<number>칸
be9bead5a6e1836c,TID_REQUIRED_EXP_LEVEL,<number>레벨 경험치 필요
42b325884f67a743,TID_CHARACTER_SPEAR_GOBLIN,창 고블린
feea8bb70e644577,TID_PRIMAL_WARDEN,원시 워든
638107efa82e4e14,TID_ACHIEVEMENT_CASTLE_REPAIR,클랜 성 재건
25f362a8292e4f75,TID_BALLOON_BUS,비행선
7f4eafe0a8627a70,TID_CHAT_FAIL_BANNED,<time> 동안 채팅에서 말할 수 없습니다.
b3b705c2dcc14ff0,TID_DELETE_ACCOUNT_TITLE,내 계정 삭제
f107a14e863d6b8d,TID_ALLIANCE_LIST_HEADER,클랜
486747863d6377a7,TID_MAX_MEDALS,총 메달 수
f58b73c032dc1b8c,TID_NPC_CHALLENGE_WARDENABILITY,필요할 때 <c9916c8>그랜드 워든의 능력</c>을 사용해 유닛을 보호하세요!
2b8a4b2e508053d3,TID_NPC_CHALLENGE_RAGE_ON_ENTRANCE,진입로에 <cf07bf8>분노 마법</c>을 사용해 유닛 대부분이 마법 효과를 볼 수 있도록 하세요.
96af28a0df0a440d,TID_HALLOWEEN_2016_TITLE,
62c510cdbb834d5d,TID_NPC_CHALLENGE_TH12_YETI_YETIS,<c54a0fe>예티</c>를 배치해 <c9916c8>그랜드 워든</c>의 주의를 끄세요!
303daed38699267b,TID_CAPBUILD_MINION_CRYPT_INFO,이 지하 벙커가 열리면 무단 침입에 극도로 예민한 미니 미니언 무리가 나와 적 유닛을 맹렬하게 공격합니다.
e7d1f9542513006f,TID_CAPBUILD_WALL_INFO,"장벽은 적으로부터 구역을 보호합니다.\n\n구역의 모든 장벽은 항상 같은 레벨이며 동시에 업그레이드됩니다. 함께 건설하고, 함께 전투하고, 함께 장벽을 업그레이드하세요!"
e5d0b642ec95c6fb,TID_HEALTH_RECOVERY,체력 회복: <number>%
8e74063a889854c9,TID_ALLIANCE_REQUEST_ACCEPTED,클랜 가입을 환영합니다!
53fd0fdb6f921b46,TID_NUMBER_EIGHT,8
2ee87a979adf9bc2,TID_ARMY_CAMP_VILLAGE2,집합소 <num>
c0be140381dd35d4,TID_DIAMOND_BUNDLE_MAGICITEMS_BUILDING_BOOK_AND_HERO_BOOK_INFO,• 보석 <gems>개\n• 영웅의 책 x<booster1>\n• 건물의 책 x<booster2>\n• 보관량 제한이 없습니다!\n\n장인들이 바쁜가요? 자원은 많은데 시간은 없다고요? '매직북 팩'으로 영웅 업그레이드 하나와 건물 업그레이드 하나를 즉시 완료하세요!\n\n놓치지 마세요!
07b7bf793a75db81,TID_REMOVE_FRIEND_INVITE_CONFIRMATION,<name> 님에게 보낸 클래시 친구 요청을 정말로 취소하시겠습니까?
6bc3068803d6a9b9,TID_NPC_CHALLENGE_TH9_BABYDQW_RAGE,<cf07bf8>분노 마법</c>을 사용해 <c9916c8>아처 퀸</c>과 <c54a0fe>치유사</c>를 더 강하게 만드세요!
906e440f9693ed79,TID_CHARACTER_INFO_PUMPKIN_BARBARIAN,호박이 투구 대용으로 쓰기 좋을 줄 누가 알았을까요? 호박 투구를 쓴 바바리안은 투구가 부서질 때까지 추가 HP를 받습니다.
1d2e3efe0b77331c,TID_BATTLEPASS_TASK_INFO_USE_ELECTROFIREWIZARD,장인 전투에서 일렉트로파이어 마법사를 사용해 별 <num>개 획득
e4a7014ee506bf21,TID_WL_INFO_LIVE_BONUS,보너스
4b0b1edb032d7f43,TID_LAYOUTS_COPY_BUTTON,배치 복사
3b79b1ac9fb573d9,TID_CLAN_MINIMUM_TOWN_HALL_LEVEL,필요 마을회관 레벨
a8f54d628757832a,TID_DECORATION_CLASHMAS_22,클래시마스 썰매
55ce6f034908ebdb,TID_GEAR_TITLE_SEEKING_SHIELD,추적 방패
ccf2b466af3c3151,TID_POPUP_GIFT_RECEIVED_TEXT,보너스 자원 교환을 위해 프로모션 코드를 입력하셨습니다! 게임 내 수신함에서 자세한 내용을 확인하세요!
7445a582cfefebc9,TID_TUTORIAL_DEFEND_2,"휴, 큰일 날 뻔했네. 고마워요, 대장!"
51698f1af600a235,TID_BATTLEPASS_TASK_INFO_WIN_BATTLES_USING_DRAGONS,멀티플레이 전투에서\n드래곤을 사용해\n<num>회 승리
cf0379cf64ce0635,TID_BOOSTER_PET_POTION_INFO,"펫에게 건강하고 윤기나는 빛깔을 선사하며, 펫이 <time> 동안 <multiplier>배 빠르게 업그레이드할 수 있도록 해줍니다."
aa202aab0f036833,TID_NOT_ENOUGH_RAID_MEDALS,습격전 메달이 부족합니다. 다음 주말 습격전에서 더 획득하세요.
f590aae1306ddf46,TID_INFO_POP_UP_TOS_PP_NOTE_TENCENT,클래시 오브 클랜은 무료 게임이지만 인앱 구매를 통해 더 빠르게 진행할 수 있습니다. 확인을 누르면 이용 약관과 개인정보 처리방침에 동의하게 됩니다.
dff0ad999fbd0988,TID_WL_STAT_POSITION8,8위
0498c6695c567b22,TID_PLAYER_TAGS_SELECTED,<num>/<max>
66f10a4eb0a3fe3f,TID_MASTER_BUILDER'S_RETURN,마스터 장인의 귀환
3fc3707db2795428,TID_NPC89,투명해지는 딜레마
edb2a43e34d5866c,TID_EVENT_TITLE_HAMMERJAM_PACK,업그레이드 팩
f2a5ed16f1acf28f,TID_LEGEND_SEASON_END_INTRO,전설로 남을 성과를 거두신 것을 축하합니다!
f1f9dc100fc3c618,TID_NPC_CHALLENGE_TH7_DRAGON_DRAGONS3,남은 <c54a0fe>드래곤</c>을 배치하세요.
90945bc3db0b415e,TID_EVENT_STAR_BONUS,<starbonus>배 별 보너스
ae9e0f0dc1b8af35,TID_PUSH_WAR_1,전쟁 준비 시간이 곧 종료됩니다!
ce793a474e421c43,TID_CLANGAMES_TASK_USE_WALLBREAKERS,장벽이 열리네요
de8d28a534c39a0c,TID_ACHIEVEMENT_WL_STARS,클랜전 리그 전투에서 별 <number>개 획득
367b4a027b2bcab3,TID_ACHIEVEMENTS_VILLAGE3,클랜 캐피탈
297cfdd11b21b9a0,TID_CHARACTER_INFO_ELITE_BARBARIAN,"월등한 체력, 힘, 속도, 그리고 가장 중요한 헤어 스타일까지, 슈퍼 바바리안은 모든 바바리안이 꿈꾸는 롤모델입니다!"
53af51dc1db7d839,TID_TUTORIAL_ARTO_COMPLETE_1,"자, 이제 완성!"
b02032414bcc16e9,TID_TRAP_AIR_INFO_SHORT,공중 유닛에게도 깜짝 선물이 필요하겠죠?
f700bad520d21ede,TID_UNLOCK_BUILDINGS,업그레이드 후 사용 가능:
3678ed6dc3eacbab,TID_REENGAGEMENT_LAB_NO_UPGRADES_NONE_LEFT_2,연구를 계속하려면 연구소를 업그레이드해야 합니다.
6f1584bd3165131b,TID_CLAN_GAMES_TASK_CLAIMED_ELSEWHERE,다른 클랜원이 해당 도전 과제를 시작하였습니다.
e788ff6255fe5fa1,TID_NPC27,레드 카펫
fae1cbefc2af99dd,TID_DECORATION_CLASH_FEST_22_STATUE,영원의 불꽃
bfeb8cae47bacecf,TID_SPELL_OVERGROWTH,
3b6c32fefa63a457,TID_ABOUT_TWITTER,Twitter
5437f06fb5a09f0f,TID_RAID_SIGNUP_ERROR_NO_LONGER_AVAILABLE,더 이상 주말 습격전 참가 등록이 불가능합니다.
7c583b29bbbc8414,TID_RATE_APP_MESSAGE,App Store에 여러분의 소중한 클래시 오브 클랜 평점이나 리뷰를 남겨주세요!
de85be5cde09f554,TID_EDIT_MODE_REMOVE_BUTTON,제거
b7fe5d3b21d8b737,TID_CLAN_JOIN_FAIL_GENERIC,클랜에 가입할 수 없습니다!
a79cabbfe3b09485,TID_RESOURCE_PRODUCTION,시간당 생산량:
5b1bb90b45de2f8a,TID_TRAP_TRIGGER_RADIUS,반응 범위:
0de20a4ce2424368,TID_ADD_FRIENDS_INFO_REQUESTS_YP,플레이어 프로필에서 클래시 친구를 등록하세요.
7761c8e53bccd569,TID_BUTTON_COLLECT,회수
64891c1e098a94ce,TID_NO_FACEBOOK_FRIENDS,클래시 오브 클랜을 즐기는 Facebook 친구를 찾을 수 없습니다.
5c4997fdc196ce85,TID_BUTTON_ATTACK,공격!
a4b9c182ffa800fa,TID_GIFT_DIAMOND_PACK_3,보석 자루와 선물
a7c48756d65762c8,TID_LEAGUE_CHAMPION2_SHORT,챔피언 II
4e27b3fdc8c02d31,TID_EVENT_TITLE_HAMMERJAM_PACK2,업데이트 팩
779c1f483a694d21,TID_TUTORIAL_FORGE_3,"어떤 원리인지 물어봤지만, 들어도 이해하지 못할 거라네요."
3c8fbbaad401b416,TID_OBSTACLE_HALLOWEEN2019,으스스 나무
7fc2897860e4fa97,TID_POPUP_REMOVE_WAR_DONATION_TITLE,병력 제거 확인
1f6f548c8ddf3c9e,TID_BP_REACH_NEXT_TH_TEASER,마을회관 <th> 레벨에 도달해 새 도전을 잠금 해제하세요.
3a0bafe70a92ed5a,TID_OVERVIEW_HEROES_TITLE,영웅
452b2c82bd623482,TID_TELESCOPE_INFO,"천체 연구소는 하늘의 비밀을 연구해 유닛의 숨은 잠재력을 찾아냅니다.\n유닛의 HP, 공격력, 인구수를 향상시키고 특수 능력을 이끌어냅니다!"
1b44cea0f8697bed,TID_ACHIEVEMENT_CLEAR_OBSTACLES_COMPLETED,제거한 장애물: <value>
c2f07b58675f4be7,TID_FEATURE_CLAN_CAPITAL_DESC,클랜원들과 함께 건설할 수 있는 강력한 산정 요새입니다. 라이벌 클랜을 무찌르고 전리품을 획득하세요.
4daff55bd307564e,TID_PRESET_TIME,시간
c5b0dbd8d37bc311,TID_GP_GET_SCREEN_TITLE,골드 패스 구매
81345b55831d3b03,TID_BATTLEPASS_TASK_WIN_BATTLES_USING_HEAL,치유는 마법
8188b597ce3d663d,TID_STREAM_SHARED_LAYOUT_BUILDER_BASE,장인회관 <num>레벨 배치를 공유했습니다.
2e229d345617ff18,TID_TUTORIAL_RAID_WEEKEND_5,그나저나 지금 다른 클랜이 우리의 캐피탈을 공격하고 있군요. 그래서 방어를 더 업그레이드해야 한다고 말씀드렸던 건데...
01008d907ed34960,TID_CLANGAMES_TASK_WIN_STARS_VS_TOWNHALL_12,목표: 12홀
f4a48ac335e00638,TID_CLANGAMES_TASK_DESTROY_CHAMPION_ALTARS,로얄 챔피언 제단 파괴
4cb57036a63149e4,TID_ACHIEVEMENT_ACCOUNT_BOUND_COMPLETED,완료!
fa74a2909a060a92,TID_LEAGUE_II,II
dbc6291c7823d108,TID_BOOSTER_FINISH_SPELL_UPGRADE_OFFER_INFO,마법의 책 x<num> - 진행 중인 마법 업그레이드가 즉시 완료됩니다.
e1d94f51d2fea2e1,TID_WL_INFO_LIVE_TAB0_TEXT,"<cFCE27F>전투 주간이 뭔가요?</c>\n\n클랜전 리그에서는 같은 리그에 있는 7개의 다른 클랜과 대장님의 클랜이 한 조에 편성됩니다. 이후 7일간 진행되는 전투 주간에서 다른 클랜과의 전투를 통해 편성된 조의 최강 클랜을 가려냅니다! 상위 클랜은 다음 리그로 승급하며, 하위 클랜은 강등됩니다.\n\n전투 주간이 시작되면 클랜이 첫 전투일의 준비일에 들어갑니다. 준비일에는 참가 등록한 클랜원 중에서 다음 전쟁의 참가할 인원을 선택할 수 있습니다. 24시간 후 첫 전투일이 시작되며, 동시에 두 번째 전투일의 준비일이 시작됩니다!"
c48792821e7c8f81,TID_DECO_FIREWORK_FANBOY,해골 폭죽 통
94dc84de7f1eb484,TID_STREAM_BUTTON_SCOUT,정찰
e122e7099a1c0f53,TID_CLANGAMES_TASK_USESUPERTROOP,<num>회의 멀티플레이 전투에서\n<troop> 하나를 사용해\n별 1개 획득
987269dae328120b,TID_HINT_TRAP_REPAIR,함정과 폭탄을 사용한 후에는 재장전해야 사용할 수 있습니다.
11b698b690e9d422,TID_INFO_DAMAGE_TYPE_MULTIPLE,다중 표적
b880c8d502fd7de6,TID_TENCENT_AUTH_FAILED,로그인 인증을 취소했습니다.
2756335dcc5d96db,TID_GOLD2_ALT,장인기지 골드
c099e7eb2d39dd6f,TID_BUTTON_HERO_SLEEP,수면
7b668e45e894dd94,TID_BUTTON_CLAN_MAIL_SEND,편지 전송
e25b927b9e419372,TID_PET_DIGGY_INFO_SHORT,방어 시설을 공격하지 않을 땐 땅속에 숨어 지냅니다.
cc56b292692d251d,TID_ITEM_ALREADY_DONATED,이 지원 병력은 이미 보유 중입니다.
b256541303f7aecf,TID_LAYOUTS_COPY_EXPLANATION_V2,슬롯을 선택하여 선택한 배치를 복사하세요.
40ef7d51689c8c58,TID_CLAN_MIN_LEVEL,최소 클랜 레벨
9548122d73765cb9,TID_BUTTON_BOOST_BUILDERS,장인 가속
05bd7ae8438417d1,TID_LEAGUE_SILVER2_SHORT,실버 II
849eb1ed2e897f48,TID_PUSH_ATTACKED,<attacker> 님이 마을을 공격했습니다!
1feedb42e2c6450a,TID_BOOSTER_USE_MAX_LEVEL_ARMY,군대 강화
9d54b0ad61b89710,TID_LEGENDS_MP_PREVIOUS_DAY_TITLE,이전 리그일
886106b06a87e9bf,TID_DIAMOND_BUNDLE_MAGICITEMS_HEROES_BOOK_WITH_DARK_ELIXIR_INFO,• <res0> 다크 엘릭서\n• 영웅의 책 x<booster1>\n• 보관량 제한이 없습니다!\n\n바바리안 킹과 아처 퀸 업그레이드에 필요한 모든 것!
04ed123e108f50ad,TID_ALLIANCE_WAR_MOST_HEROIC_VICTORY,가장 영웅적인 공격
5d3415fab514d1d9,TID_CAPBUILD_SPEAR_THROWER_INFO,지상과 공중의 적을 향해 큰 창을 던집니다. 매우 위협적입니다.
36449224a0d1d74b,TID_LEAGUE_MASTER3,마스터 리그 III
f163cf106b0549ae,TID_BUTTON_WATCH,보기
c4799bb049724ca9,TID_CHAT_RULES,채팅 규정
b53c3e4162b46beb,TID_SINGLE_PLAYER_LEVEL_WARNING,전투 권장 레벨: 마을회관 <number>레벨 이상
88a53b1fdfa4c44f,TID_ALLIANCE_DEFAULT_JOIN_REQUEST_MESSAGE,대장님의 클랜에 가입하고 싶습니다.
018767838193ba51,TID_BUTTON_CLAN_WAR_HISTORY,전쟁 기록
7be6cf601600f691,TID_CLANS_SELECTOR_SEARCH,검색
a3f4d1f394ee98c9,TID_NPC_CHALLENGE_TH9_BABYDQW_JUMP,<c85ff3b>이동 마법</c>을 사용해 <c9916c8>바바리안 킹</c>과 함께 공격하세요!
fd1a744c38d46f9b,TID_NOTIFICATION_FORGE_COMPLETE,이제 단조 작업소에서 캐피탈 골드를 회수할 수 있습니다!
8fbbbecdb6a7f41b,TID_WAR_INFO,"장엄한 2일간의 클랜전에서는 별을 더 많이 얻는 쪽이 승리합니다. 전쟁에서 이기면 보너스 전리품과 클랜 XP를 받을 수 있습니다. 공격에 성공하면 보너스 전리품이 증가하지만, 클랜이 전쟁에서 패배하면 보너스 전리품을 대부분 잃게 됩니다! 전쟁이 무승부로 끝났다면, 최고의 공격을 기준으로 상대를 더 많이 파괴한 쪽이 승리하게 됩니다."
cd0f2580e5de3b03,TID_RECALL_TROOPS_TO_DEPLOY_THEM_AGAIN,배치하려면 먼저 유닛을 복귀시키세요.
439f25fa883653f6,TID_OVERQUEUE_HELPER_SIEGE_MACHINE,이 시즈 머신들은 군대에 빈 공간이 생기면 추가됩니다!
7a7c21a558f53cdc,TID_KICK_MESSAGE_TITLE,추방: <name>
d940f301098c324a,TID_LIGHTNING_STORM_INFO_SHORT,필요한 만큼 얼마든지 사용하세요.
b400201aad0f783b,TID_DIAMOND_BUNDLE_TH6_ALT_UPDATED_INFO,• <res0> 골드\n• <res1> 엘릭서\n• 보석 <gems>개\n\n보관량 제한이 없습니다!\n\n이번 한 번 뿐인 <cffec78><value>배 가치</c>의 구매 기회를 놓치지 마세요!
6d349c6c71b7feff,TID_STARTER_TH3_BUILDCLANCASTLE,클랜 성 수리
f2a16dd87970a117,TID_SUPERCELL_ID_NEW_GAME_BUTTON,Supercell ID 없이 플레이
1d03036328e811bd,TID_TUTORIAL_PETS_2,펫은 전투에서 영웅과 함께 싸우는 강력한 친구입니다.
b00279e19fa4750b,TID_POPUP_NO_UPGRADE_SLOTS_TEXT,진행 중인 업그레이드를 완료하고 이 업그레이드를 바로 시작할까요?
22e65528c9e94106,TID_VISIT_BUTTON,방문
d7bbcff82ceb1ffe,TID_BUTTON_RAID,습격전
c5205f2da6ee6cbd,TID_TUTORIAL_STAGE_2_INTRO,"음, 이건 꼭 알고 계셔야 할 내용 같아요."
d5aa95b56ca492ee,TID_MY_PROFILE_TAB,내 프로필
aeff294a843de436,TID_TH_RECOMENDATION_INFO,마을회관 <level>레벨을 잠금 해제하기 전에 먼저 이곳을 업그레이드하여 만반의 준비를 갖추세요!
d4e92d76861472ef,TID_ALLIANCE_WAR_EVENTS,전쟁 이벤트
819caebba0cc8807,TID_NPC50,고블린 왕 II
47e6272b586c2b5a,TID_ERROR_POP_UP_SERVER_MAINTENANCE_ESTIMATED_LONG,"죄송합니다, 서버 점검 중입니다. 몇 시간 후 다시 시도해주세요."
c154696e0b24afd6,TID_DARKTOWER_AMMO_ALREADY_FULL,인페르노 타워가 완전히 장전되었습니다!
603056fb86ac28ca,TID_FAMILY_FRIENDLY_ENABLE_POPUP,전 연령 클랜에는 플레이어의 안전을 위해 채팅에 더 강한 필터가 적용됩니다. 본 설정은 나중에 변경할 수 없으니 유의해 주세요.
efdb25f5d186d4ad,TID_CLAN_GAMES_CHOOSE_A_CHALLENGE,도전 과제 선택
30be1fb8098db4bb,TID_TUTORIAL_OUTPOST_INTRO_5,"아, 인사하는 기능은 없었던가... 그래도 망치 하나는 정말 잘 다룬답니다!"
d9fb967aa6efbc91,TID_WL_BREAK_DAY,휴식일
bdfe3864f51fb219,TID_WAITING_FOR_BATTLE_CODE,코드 기다리는 중...
f13632df74e931db,TID_DEVICE_LINK_ERROR_CODE_ERROR_2_TITLE,오류 발생 (102)
4f77d5997be3d96a,TID_CLANGAMES_TASK_GET_BUILDERBATTLEDESTRUCTION,대전 파괴자
2797649540d99b29,TID_HINT_MORTAR_DAMAGE,박격포는 포격 대상 주변의 모든 지상 유닛에 광역 피해를 줍니다.
c307894425a8addd,TID_AURA_DAMAGE,초당 오라 피해량: <number>
2fb2a5df938f44e2,TID_INFO_SPELL_STORAGE,마법 저장소:
fb086033a14c67ca,TID_WAR_ATTACK_CONFIRM_TITLE,공격 확인
165baaa791e87ef8,TID_BATTLEPASS_TASK_WIN_WARATTACKS,전쟁 영웅
2f0a922c7394edcf,TID_CLANGAMES_TASK_INFO_USE_PEKKAS,멀티플레이 전투에서\nP.E.K.K.A <num2>명을 사용해\n별 <num>개 획득
3adfd40eddf42a6f,TID_NPC_CHALLENGE_TH10_MINER_WIZARDS1,<c54a0fe>마법사</c>를 배치해 건물을 일부 제거하세요. <c9916c8>아처 퀸</c>이 마을 안으로 진입합니다.
5d7e27cb51a4fc5f,TID_PET_POISON_LIZARD_ABILITY,치명적인 숨결
28a7d8cbc8881c27,TID_TUTORIAL_MERGE_3,이걸 활용해 마을을 지킬 생각을 하니 기대가 되네요!
3ed53e61d31df128,TID_LEAGUE_CHAMPION3,챔피언 리그 III
983c25c21daa6a7f,TID_CONTRIBUTE,기여
168646d6b77989bb,TID_SKIN_THEME_ANNIVERSARY,<year>년 기념일 스킨
bb816973b8e8d679,TID_RAID_WEEKEND_CLAN_STAYED,<clan>의 리그 유지함
91230328b19bb81a,TID_MASTER_BUILDER_INFO,마스터 장인이 마을로 떠났습니다. 마을에서 머무는 동안 추가 장인으로 사용할 수 있습니다.
9a7d0243021e7c3d,TID_STARTER_WINELIXIR,엘릭서 약탈!
49f65acc28342a68,TID_LEAGUE_COPPER4_SHORT,카퍼 IV
eea78864d1579cc0,TID_OPEN_TRAIN_SPELLS,제조
d146a3c9f4e7b2d2,TID_BATTLEPASS_TASK_INFO_COMPLETE_EVENT,이벤트 탭에 있는 이벤트 <num>개 완료
0a420c5d827a71c6,TID_PET_RANGEDATTACKER_INFO,일렉트로 아울은 먼 거리에서 적의 방어를 재로 만들어버립니다. 하지만 몸을 덮은 부드러운 깃털은 공격에 취약하니 잘 보호하세요!
0cc40f3ebb88cf78,TID_SUPPORT_CREATOR_BUTTON,코드 입력
5efc6fe5be9d53ec,TID_STAR_BONUS_BOOST_TEXT_BONUS,별 보너스 부스터로 <num>배 보상을 받습니다.
a35bd9dee2783b9e,TID_CAPITAL_ARMY_SAVE_PENDING,잠시만 기다려 주세요. 캐피탈 군대를 저장하고 있습니다.
ff5ff08e585f3d7d,TID_TUTORIAL_SETTINGS_HELP,"도움이 필요한가요, 대장님?"
2903af10049170a7,TID_CHARACTER_INFO_MINION,다크 엘릭서에서 태어난 하늘의 골칫덩어리입니다. 대공 지뢰가 감지할 수 없기에 쉽게 적 마을에 접근할 수 있지만 이 세상에선 허약한 편에 속합니다.
9f232800b3ad6039,TID_DIAMOND_BUNDLE_BOMB_TOWER_INFO,• 보석 <gems>개\n• <res0> 골드\n• 폭탄 타워 2레벨\n\n즉시 건설할 수 있고 보관량 제한이 없습니다!\n\n이번 한 번뿐인 <cffec78><value>배 가치</c>의 구매 기회를 놓치지 마세요!
3c01a336e2c81c16,TID_BONUSES_ASSIGNED,할당된 보너스
1a10fba1477ed295,TID_EVENT_BOOST_EVERYTHING,주말 특별 행사: 보석 단 하나로 각각의 건물 작업 속도를 올리세요!
3f22ce5f66969184,TID_BOOSTER_HERO_POTION_INFO,모든 영웅과 펫을 <time> 동안 현재 마을회관이 허용하는 최대 레벨로 증가시켜주는 강력한 포션입니다. 양쪽 마을에 적용됩니다!
20e822bab46ada0d,TID_BUTTON_ATTACK_MODE_BURST,점사
1bfc92d55fbe5000,TID,KR
35ee5a7a0e6b4e45,TID_GEAR_RESOURCE_RARE,은은한 광석
f1498ea8adb75325,TID_ANNIVERSARY_TITLE,클래시의 지난 10년 돌아보기
9edbb6652d7feeae,TID_PET_POISON_LIZARD_INFO,항상 제일 빨리 나타난다는 독마뱀은 적에게 끈끈한 독을 뱉어 행동을 늦춥니다. 근데 독 도마뱀이라고 해야 맞지 않나요? 하지만 감히 누가 이름을 고칠 용기가 있겠어요?
1997bc4ebf382bcf,TID_CAPITAL_PLAYGROUND_JUMP_2,<c85ff3b>이동 마법</c>으로 배치 영역을 확장할 수도 있습니다. 여기에 마법을 배치하세요.
12c4dbdf9f8ae16b,TID_NEWS_ACCOUNT_TRANSFER_TEXT,"지원되는 Android App Store로 지금 마을을 옮겨 보호하고, 공식 플레이어 지원과 업데이트 등 많은 혜택을 누리세요!"
8e3b8ddbc89ee3d4,TID_MONTH_11,11월
7196158a11b83db7,TID_6ANNIVERSARY_OFFER_MAGICITEMS_POTION_AND_GOLD_ELIXIR_INFO_1999,• <res0> 골드\n• <res1> 엘릭서\n• 장인 포션 x<booster1> - 장인의 작업 속도가 1시간 동안 10배 빨라집니다.\n\n• 보관량 제한이 없습니다!\n• 해당 특가 상품은 10회 구매할 수 있습니다!\n\n기념일 팩은 기간 한정으로 구매할 수 있습니다!
980177963ced45ce,TID_SKIN_NOT_AVAILABLE,시즌 도전에서 이 스킨을 잠금 해제하세요.
882663c04de74f3b,TID_CHALLENGE_ALREADY_CLOSED,친선 전투가 이미 종료되었습니다.
9acd965f5e95903a,TID_TESLA_TOWER2_INFO,반은 탑이고 반은 함정인 충격적인 방어 시설입니다!\n과학의 힘으로 지상과 공중의 적들을 해치웁니다!
d346bbde346c8584,TID_DIAMOND_BUNDLE_TH10_UPDATED_INFO,• 인페르노 타워 1레벨\n• 대형 석궁 2레벨\n• <res0> 다크 엘릭서\n\n보관량 제한이 없습니다!\n\n이번 한 번 뿐인 <cffec78><value>배 가치</c>의 구매 기회를 놓치지 마세요!
8572d74281019194,TID_AUTOMATED_ALLIANCE_MAIL_SENDER_NAME,자동 메일
f255c86f54e00446,TID_DONATION_FAILED_ALREADY_UPGRADED,다른 클랜원이 업그레이드를 마쳤습니다!
854b0ec7d3d11aa9,TID_ALLIANCE_WAR_LOOT_COLLECT_INFO,금고에서 전쟁 전리품 보너스를 회수할 수 있습니다.
7a2d1088d7137498,TID_HERO_BATTLE_COPTER,배틀콥터
5cc38631a234394d,TID_SELECT_LEAGUE_PARTICIPANTS,리그 참가자 선택
374ed3ab7ff55d53,TID_LEAGUE_SIZE,리그: 선택한 클랜원 <num>명
c41e506f67afc70a,TID_RESOURCE_CAP_FULL_DARK_ELIXIR,다크 엘릭서 저장소를 더 건설하거나 업그레이드하세요!
0795d355ea68a42e,TID_BP_PERK_SAVINGS_PAYOUT_BB,장인기지 금고
88991eb02fc3eff8,TID_ALLIANCE_WAR_ATTACK_FAILED,마을을 공격할 수 없습니다. 나중에 다시 시도하세요!
30571b01168c0b8e,TID_SETTINGS_API_TOKEN_COPY_BUTTON,복사
3b6d53675bc49e95,TID_BOOSTER_MOVE_OBSTACLE_INFO,강하지만 깨지기 쉬운 이 마법의 삽으로 장애물 하나를 제거할 수 있습니다. 마을과 장인기지에서 사용할 수 있습니다!
03ea210f8e41141d,TID_TRAP_CAP_REACHED,이미 해당 트랩을 최대 개수까지 설치하셨습니다.
c3c414ecff4e09be,TID_NEWS_TH11_UPDATE_OTHER_TEXT,• 2개의 새로운 업적 추가: '포탑 대항' 및 '나눔이 곧 돌봄이다'\n• 병력/마법 지원 인터페이스가 수정되어 기존의 지원 정보도 표시됩니다.\n• 훈련소의 병력을 마법 제작소처럼 훈련 대기시켜둘 수 있습니다.\n• 클랜전 공격이 시작되면 전쟁 버튼이 애니메이션 처리됩니다.\n• 아이콘을 누르면 활성화된 보호막이나 가드를 수동 해제할 수 있습니다.\n• 오프라인 상태에서 공격에 노출되기까지의 시간이 더 길어집니다.\n• 멀티플레이 상대 찾기 후 10초가 지나서 상대를 찾으면 특별한 사운드가 재생됩니다.\n• 멀티플레이 상대를 찾지 못하고 검색이 취소되면 특별한 사운드가 재생됩니다.\n• 개인 휴식 온라인 시간 제한이 3시간으로 감소합니다.\n• 일부 경우에서 개인 휴식 제한이 초기화되지 않고 연장되는 방식으로 바뀝니다.\n• 멀티플레이 상대 찾기에서 마을회관 레벨이 더 낮은 상대와 만날 확률이 감소합니다(챔피언 리그 이하에만 적용).
1b0009de543765a1,TID_GAMES_TASK_REVIVE_CONFIRM_TITLE,시간을 추가할까요?
5a7f64778ba05508,TID_BATTLEPASS_TASK_INFO_USE_WITCHES,멀티플레이 전투에서\n마녀를 사용해\n별 <num>개 획득
81abb6880308637f,TID_STREAM_EVENT_CHANGED_SETTINGS,클랜 설정을 업데이트했습니다.
b004d5482d7a8cd9,TID_COSMETIC_ESTATE_2X2_SMALL_CABIN_INFO,정사각형이 주는 안정감을 추구하는 주민을 위한 집입니다.
b57d65cde804fa07,TID_BUILDING_MONOLITH_INFO_SHORT,강자에게 더 강한 방어 시설입니다.
4a25e004243f85ca,TID_TRAINING_TIME,훈련 시간: <number>
536fcff95a8c3b61,TID_ACHIEVEMENT_LEAGUE_PROGRESS_2,마스터 리그 진입
65f0db0f970396f1,TID_HINT_CAMP,집합소의 유닛은 공격할 때만 활용할 수 있고 방어 시엔 활용할 수 없습니다.
246cef392ea756c9,TID_STREAM_REPLAY_BUTTON,리플레이
b4f9c83b81783ef6,TID_EDIT_MODE_WALLS_ONLY,장벽 보기
32215a4ce62063c7,TID_ATTACK_FAIL_RESTRICTED,해당 마을을 공격할 수 없습니다.
5e6b4c82ff70d285,TID_ALLIANCE_WAR_TOTAL_LOOT_STOLEN,도난 당한 전리품 합계:
76aa32ae900bcb56,TID_LEAGUE_DROP_OUT_OF_LEAGUE,리그에서 탈락했습니다.
4d3cbc2be6e556e2,TID_SUPER_GIANTS,슈퍼 자이언트
6f059455206aefdf,TID_CLANGAMES_TASK_DESTROY_SCATTERSHOT,투석기 철거
7b279bef62dd064b,TID_OFFER_NOT_AVAILABLE,지금은 요청을 보낼 수 없습니다
0eb1649c52419454,TID_CLANGAMES_TASK_USE_DRAGONS,드래곤 습격
13e16a694133a7e2,TID_TOWN_HALL_15_INFO_SHORT,더 많아진 마법으로 전장의 판도를 뒤바꿉니다!
908e4be3d635f434,TID_LAYOUTS_OBSTRUCTED,먼저 장애물을 제거해야 합니다.
110c842e0d30cae3,TID_WARMACHINE,배틀 머신
d4a29084ad4a92b0,TID_LEAGUES_I,I
51a9c42ca6a3fd3f,TID_RIVER,강
d1745a75261af202,TID_TENCENT_DISAGREE,不同意
6f799c806182b41d,TID_GEAR_TITLE_ARCHER_CROWN,아처 인형
c9302d40f656fff9,TID_TRAP_TORNADO,토네이도 함정
7da3056669935780,TID_BOOSTER_HERO_POTION_OFFER_INFO,영웅 포션 x<num> - 모든 영웅과 펫을 <time> 동안 현재 마을회관이 허용하는 최대 레벨로 증가시켜주는 강력한 포션입니다. 양쪽 마을에 적용됩니다!
c86851445f725b94,TID_PRESET_PRODUCTION_BUILDING_UNDER_UPGRADE,생산 시설이 업그레이드 중입니다!
c6b7dd93a8a81937,TID_ERROR_POP_UP_PURCHASE_FAILED_BUTTON,확인
7017ff288ceafe9e,TID_CHARACTER_INFO_WALLBREAKER,해골 돌격병의 차가운 언데드 심장을 데울 방법은 오로지 장벽 폭발뿐입니다. 분대 단위로 배치하면 큰 폭발과 함께 지상 유닛을 위한 길을 열어줍니다!
68d39f27d3af27d4,TID_LAST_ONLINE_WITHIN_24H,최근 플레이
99f53c05155ac81a,TID_CAPBUILD_SUPERWIZARDTOWER_INFO,"슈퍼 마법사의 전기 공격은 무리 유닛에 매우 강합니다. 최초 목표에 명중한 후, 근처에 있는 모든 유닛을 튕겨내거든요."
032d472d36a55edc,TID_CANCEL_WAR_ARRANGED_MATCHMAKING_CONFIRMATION_TEXT,친선전 도전을 정말로 취소하시겠습니까?
320edc512060bea1,TID_BUTTON_ATTACK_MODE_AIR,공중
4b2251a4d0c20ffa,TID_TUTORIAL_MODE_TEXT,튜토리얼 모드에서는 보상을 받을 수 없습니다!
76d52768280d044c,TID_SHOP_CATEGORY_DECOS,장식품
432f21a03db02c0c,TID_WL_BONUSES_SENDING_FAILED,보너스를 보내지 못했습니다. 나중에 다시 시도하세요.
c27c610a513898aa,TID_CONVERSION_OFFER_GEMS_NOOB_INFO_0099_0299_NEW,"• 보석 <gems>개\n• 훈련 포션 x<booster1> - 1시간 동안 유닛 훈련, 마법 제조, 영웅 회복 및 작업장 속도가 매우 빨라집니다.\n\n• 보관량 제한이 없습니다!\n• 해당 특가 상품은 표시된 기간 내에 1회만 구매할 수 있습니다.\n\n한정 특가 상품으로 3별 승리를 노려보세요!"
0affa1cbeed0933b,TID_PET_PHOENIX_ABILITY_INFO,영웅이 처치될 무렵에 알에서 부화해 영웅을 잠시 무적 상태로 만듭니다.
0d34f9d435d6a0e7,TID_CAPITAL_PLAYGROUND_SNEAKY_ARCHERS,<c54a0fe>은신 아처</c>를 배치해 장벽 뒤에 있는 <cf70d16>다중 대포</c>를 파괴하세요.
e67db6047069dc8c,TID_CLANGAMES_TASK_DESTROY_DARKSPELLFACTORIES,암흑 마법 제작소 파괴
938edfa81992378f,TID_DISTRICT_LAYOUT_UPDATED,<player> 님이 배치를 변경했습니다. 변경 내용을 보려면 구역을 다시 불러오세요.
fe8e85e7169e66ba,TID_TIGER_KING,루나 킹
9de637e72bf885ae,TID_LEAGUE_LEGENDARY,전설 리그
5043483d5cea06a9,TID_CLANGAMES_TASK_INFO_GET_KILLS_VS_ALLHEROES,멀티플레이 전투에서\n적 영웅 <num>회 처치
89b80a44ddff8885,TID_LEGENDS_SIGNUP,전설 리그 등록
f912b7bb9a8d3c8b,TID_BUILDING_CLASS_DEFENSE,방어 시설
099eee2f4c400ba2,TID_POISON_CLOUD_TOWER,타워 독 마법
d0d4a9afa84a7ce1,TID_CLAN_CAPITAL_RESULTS,캐피탈 결과:
532c7a21f4cfefc6,TID_NPC_CHALLENGE_LOON_3,공중 유닛을 공격하는 방어 시설을 먼저 파괴하세요!
ad9e9018b069e49b,TID_ALLIANCE_GAMES_ALLIANCE_MISMATCH,"클랜 게임에 계속 참가하려면 <alliance>에 다시 가입하거나, 다음 클랜 게임이 시작될 때까지 기다려야 합니다."
18c21d681d160aed,TID_CLANGAMES_TASK_INFO_DESTROY_XBOWS,멀티플레이 전투에서\n<building> <num>개 파괴
9145f6a05cbe3617,TID_CLAN_WAR_FREQ_UNKNOWN,설정되지 않음
88fa1b3595af014c,TID_STARTER_WINUSINGHEALER_INFO,멀티플레이 전투에서\n치유사 <num2>명을 사용해\n별 <num>개 획득
0563e6b7042b0a84,TID_CHALLENGE_INFO_2019,"연초에 시즌 도전과 영웅 스킨이 등장합니다. 이어, 9레벨 장인회관과 개선된 전설 리그가 추가됩니다. 13레벨 마을회관, 로얄 챔피언, 예티가 합류하며 한 해를 마무리합니다."
08f6b3af0582dc5c,TID_LEGEND_SEASON_INFO,전설 리그에서 시즌을 마치면 최종 순위가 프로필에 기록됩니다!
d15fc84cdf72625e,TID_CAPBUILD_BARRACKS_SKELETON_BARREL_INFO,사실 이곳은 해골 비행선 세일즈맨이 운영하는 나무통 모양의 작업장입니다. 묘지를 옆에 두고 있어요.
1fb780ef05242790,TID_GUEST_LOGIN_IAP_BLOCKED,"중독 방지법에 따라 Guest 계정으로 로그인한 경우 인앱 구매를 이용할 수 없습니다. 게임의 모든 기능을 이용하기 위해 QQ 또는 WeChat 계정으로 로그인하여 실명 인증 절차를 완료하시길 권장합니다. 이미 Guest 계정으로 로그인한 경우, 게임 내 설정에서 QQ 또는 WeChat 계정에 로그인할 수 있습니다."
a1cf9656dc1b2afb,TID_FEEDBACK_INFO2,\n
a1cf96537c1b2afb,TID_FEEDBACK_INFO4,\n
1e26859be5276bc0,TID_HASTY_BALLOON_ABILITY_NAME,부스터
c7061f742656e374,TID_NEWS_BOMB_TOWER_UPGRADES_TEXT,마을회관 11레벨\n• 드래곤 6레벨\n• 베이비 드래곤 5레벨\n• 대형 석궁 5레벨\n• 박격포 10레벨\n• 숨겨진 뇌전탑 9레벨\n• 추가 장벽 25개\n\n마을회관 10레벨\n• 마법사 7레벨\n• 베이비 드래곤 4레벨 잠금 해제\n\n마을회관 9레벨\n• 마법사 6레벨 잠금 해제
1db86379d14120ba,TID_HINT_END_BATTLE,한 개 이상의 별을 획득하면 전투를 바로 종료해도 승리하게 됩니다.
8fd2726852795343,TID_CAPBUILD_SPELLLAB_JUMP,이동 마법 제작소
043b4f71f1b58f02,TID_DIAMOND_BUNDLE_TH6,마을회관 6 팩
fd44abaca92bd72e,TID_OFFER_PURCHASE_PENDING_ERROR,구매가 완료되었습니다.
d4af10993ad736e9,TID_LEAGUE_MEDALS_INFO,리그 메달은 매월 열리는 클랜전 리그 이벤트에 참여해 획득할 수 있습니다.
2bb1f12f8a145711,TID_BOOST_ALL_HEROES,모든 영웅
a6c1cf5143afb064,TID_NEWS_TH11_UPDATE_GAMEPLAY_TITLE,게임 플레이 밸런스
faf59d12a09d611f,TID_CAPITAL_RAID_SNAPSHOT_NOT_AVAILABLE,구역 점령 실패
bcad8c9165286f52,TID_WL_INFO_LIVE_TITLE,클랜전 리그 전투 주간
0a19c742a4f4ce6b,TID_6ANNIVERSARY_OFFER_MAGICITEMS_BOOKS_AND_RUNES_INFO_9999,• 영웅의 책 x<booster1> - 진행 중인 영웅 업그레이드가 즉시 완료됩니다.\n• 건물의 책 x<booster2> - 건물 업그레이드가 즉시 완료됩니다.\n• 골드 룬 x<booster3> - 마을의 골드 저장소를 가득 채울 수 있습니다.\n• 다크 엘릭서 룬 x<booster4> - 마을의 다크 엘릭서 저장소를 가득 채울 수 있습니다.\n\n• 보관량 제한이 없습니다!\n• 해당 특가 상품은 2회 구매할 수 있습니다!\n\n기념일 팩은 기간 한정으로 구매할 수 있습니다!
447d17b587c18cb9,TID_SCORE,점수
a07a424eb7de353f,TID_TUTORIAL_SMITHY_1,"대장님, 대장간이 준비 완료되었습니다!"
bca0788789dc587f,TID_SHIELD_GUARD,가드
90484cbb9f806148,TID_UPGRADE_HOME_TH_LOCKED_INFO,다음 건물들을 건설해서 마을회관의 다음 레벨을 해제하세요!
15fd3cb104f62046,TID_PLAYER_TAGS_HEADER,태그를 선택해 검색 결과를 필터링하세요.
b02f032013ca4451,TID_CLANGAMES_TASK_USE_ICEGOLEMS,얼음 맹공격
6fee951c08b3e8e8,TID_BUY_MISSING_RESOURCES_HEADER_TWO,자원이 부족합니다.
5469a806f642ded4,TID_CURRENT_DAY,현재 리그일
17d8219fb75cbf6a,TID_BB_LEAGUE_MAX_ELIXIR_REWARD,최대 방어 시설 보상:
ba3cc61698ad847b,TID_CAPITAL_UPGRADES,캐피탈 업그레이드
5d20d4bc1f063a76,TID_OFFER_GIFT_COUNT,클랜원 최대 <num>명을 위한 선물 포함!
cda4980dd2bd9edf,TID_LAVA_LAUNCHER_INFO,아주 먼 거리까지 용암 덩어리를 던집니다. 지면을 불태워 적 지상 유닛에게 피해를 줍니다!
6a61fd541967a74e,TID_CLAN_TAG_NEWBIE,초보
b84a16577ed9f3bb,TID_DAMAGE_PER_HIT,공격당 피해: <number>
7ead854eac7a58d7,TID_DEVICE_LINK_ERROR_CODE_CURRENT_VILLAGE_TOO_HIGH_TEXT_ANDROID,이미 로그인한 Google 계정에 영구적으로 등록된 마을입니다.\n\n마을 진행 상황(마을회관 <level>레벨 혹은 구매 기록) 때문에 더는 덮어쓸 수 없습니다.
ca3bfd6734b7b552,TID_NPC_CHALLENGE_TH13_HYBRID_ELECTRO_DRAGON,"<c9916c8>아처 퀸</c>이 활약하는 동안, <c54a0fe>일렉트로 드래곤</c>으로 다른 구석을 정리하세요."
a3f90d01762e15d8,TID_SEARCH_TERM_ANY,모두
b350b78def01e70b,TID_RESOURCE_PACK_DARK_ELIXIR_FULL,다크 엘릭서 가득 충전
a5c15513e0b5e26a,TID_BUY_SHIELD_TEXT,<name>을 구매하시겠습니까?
87da5e3b6b86df38,TID_SUGGESTED_PLAYERS_TITLE,추천 플레이어
9359691ac35eaec0,TID_CAPITAL_REWARD_END_BATTLE,습격전 메달이 클랜 캐피탈 금고에 추가되었습니다.
d75b6acca50eb87d,TID_NPC_CHALLENGE_TH9_LAVALOON_RAGE2,<cf07bf8>분노 마법</c>을 사용해 남은 <cf70d16>대공포와 바람 방출기</c>를 제거하세요.
52e04000d2c85ab6,TID_TRAP_AIR2,대공 함정
06d5a49b8c0f5e23,TID_BP_RECEIVED,골드 패스 획득!
5f4c6447cdf88f31,TID_GOBLIN_BALLOON,해골 비행선
3ab73d6dac6a116f,TID_SCID_PURCHASE_DELIVERED_CONTENTS,다음 아이템이 게임 계정에 추가되었습니다.
4b5a5bf71ffc2c8d,TID_KNOCKBACK,밀어내기 강도: <number>칸
97c10a504374dd1e,TID_DECORATION_DRAGON_STATUE,드래곤 조각상
e9422c94485bfdc9,TID_BP_SEASON_BANK_CURRENT_CAP,저장량: <value>
01008d92aed34aaf,TID_CLANGAMES_TASK_WIN_STARS_VS_TOWNHALL_11,목표: 11홀
ac8c70b1f50fbcb6,TID_CRAFTING_FINISHES_IN,제작 완료:
c7f72434bafbdbe8,TID_UPGRADE_BUILDING_TO_LEVEL_TO_BUILD_MORE,<building> 건물을 <number>레벨로 업그레이드해서 더 많이 건설하세요!
b947d71609281ec3,TID_VILLAGE_GUARD_TITLE,가드:
582b52037696e455,TID_PLAYER_HOUSE,클랜 하우스
868eedefa544aaf4,TID_NPC_CHALLENGE_ACTIVATE_QUEEN_ABILITY,이제 <c9916c8>아처 퀸의 능력</c>을 사용하세요!
9a382718e97dc9e3,TID_CLANGAMES_TASK_INFO_WIN_STARS_VS_TOWNHALL_11,멀티플레이 전투에서\n마을회관 11레벨을 상대로\n별 <num>개 획득
67dcddca90d9cd02,TID_LEAGUE_CRYSTAL2,크리스털 리그 II
cdab2192ed4a2c10,TID_BATTLEPASS_TASK_WIN_BATTLES_USING_JUMP,점핑 스타
6547ba2bd9af86e1,TID_LAYOUTS_ACTIVE_BASE,활성 기지
8286fbfa3dc6d87d,TID_CHARACTER_TREANT,트리 라이더
c3440a6a2e767484,TID_PRIORITIZED_UPGRADES,업그레이드 우선순위:
e2f6e63db70c4f2a,TID_CLAN_TAG_UNDERDOG,언더독
0c7cab884ae4fca6,TID_CAPITAL_LOCKED_JOIN_CLAN,클랜 캐피탈에 가려면 클랜에 소속되어 있어야 합니다.
5ac3bf79186b1eed,TID_DISTRICT_UNLOCKS_AT_MESSAGE,캐피탈회관 <num>레벨에 잠금 해제됩니다
eb202c949b56895e,TID_LEAGUE_STEEL1_SHORT,스틸 I
bbbe5cc6c9c1212f,TID_OFFER_HAS_EXPIRED,할인 종료
6aad601fc3d41ed8,TID_STARTER_TH5_BUILDWIZARDTOWER,방어적 마법사
c3b2a4d727e59794,TID_BATTLEPASS_TASK_WIN_STARS_USING_JUMP,점핑 스타
f9af9814cabd8939,TID_ENDOFSEP_OFFER_INFO_TH0206_1999_0999,• 장인 포션 x<booster1> - 장인의 작업 속도가 1시간 동안 10배 빨라집니다.\n• <res0> 골드\n• <res1> 엘릭서\n\n• 보관량 제한이 없습니다!\n• 해당 특가 상품은 표시된 기간 내에 3회 구매할 수 있습니다.\n\n가을 전투를 준비하세요!
4c24c1252483de0e,TID_GEAR_INFO_HEALER_JAR,치유사 부대를 소환합니다
45a5f0759cc24f23,TID_TRAIN_SPELL_STORAGE_FULL,마법 저장소 가득 참!
3e25d487bbb7a9ba,TID_STARTER_INFO_SECUREACCOUNT,소셜 네트워크와 연동해 마을을 안전하게 지키세요.
87bd42a9ff657b35,TID_CHARACTER_RAM_RIDER_CHARGE,램 라이더 돌진
838607363ca31002,TID_CHARACTER_ICE_SPIRIT_INFO,차가운 눈덩이치고는 냉정을 유지할 줄 모르는 작은 친구들입니다. 프로스티 위에 있다가 가장 근접한 적을 향해 뛰어내려 동상을 입힙니다.
5c2fe4a321e558b8,TID_ERROR_POP_UP_PERSONAL_BREAK_TITLE,개인 휴식
25f8f1db9d2adb74,TID_EVENT_ARMY,군대 이벤트
fa41fc23f5e1aa3e,TID_BACK_BUTTON,뒤로
f5717d7ddce47103,TID_LEGENDS_DEFENCE_CC_TITLE,클랜 성 병력 설정
6cdc9c66b16dc8f2,TID_DEVICE_LINK_ERROR_CODE_CURRENT_VILLAGE_TOO_HIGH_TEXT,이미 로그인한 Game Center 계정에 영구적으로 등록된 마을입니다.\n\n마을 진행 상황(마을회관 <level>레벨 혹은 구매 기록) 때문에 더는 덮어쓸 수 없습니다.
363a34ccd06f9305,TID_BATTLEPASS_TASK_WIN_BATTLES_USING_YETI,예티 관찰
32546391e49228e9,TID_STARTER_WINUSINGHEALER,치유의 손
6db68664923552a8,TID_REGULAR_THEMED_BUILD_OFFER_INFO_TH0712_999,• <res0> 골드\n• 건물의 책 x<booster1> - 건물 업그레이드가 즉시 완료됩니다.\n\n• 보관량 제한이 없습니다!\n• 해당 특가 상품은 표시된 기간 내에 4회 구매할 수 있습니다.\n• 방어 시설을 더욱 견고히 업그레이드하세요!
ff235089fc72af8d,TID_CAPITAL_FROST,서리 마법
9af09f80d5f3e041,TID_REENGAGEMENT_LAB_DID_UPGRADES_NONE_LEFT_3,연구를 계속 진행하려면 연구소를 업그레이드해야 합니다!
8bb23bb87509c4d9,TID_NPC_CHALLENGE_TH8_GOWIVA_ARCHER,<c54a0fe>아처</c>를 배치해 <cf70d16>적 방어 유닛</c>을 중앙에서 끌어내세요.
d120d3ac78831b0b,TID_CLANGAMES_TASK_DESTROY_BB_BUILDERHALL,장인회관 폭파
fd958de4da2b39e2,TID_ALLIANCE_WAR_PREPARED_HEADER_ENEMY,전쟁 준비를 완료한 적:
7b66269205362c49,TID_ALLIANCE_WAR_ATTACK_NOT_USED,사용 안 함
094c7e6c6e477e23,TID_CLAN_MEMBER_NOT_DOING_CHALLENGE,<name> 님은 도전 과제를 진행하고 있지 않습니다.
8571e0aa16845ecf,TID_BATTLEPASS_TASK_WIN_BATTLES_USING_DRAGONS,화끈한 불맛
f0eaafcc3d0ac425,TID_WAR_STATS_HEADER_DEFEAT_BASES_SHORT,파괴한 전쟁 기지
a33a587591820c61,TID_CHARACTER_INFO_SKELETON3,혼자서는 별 위협이 되지 않지만 무리를 이룬다면 어떨까요? 결코 혼자 싸우는 법이 없는 언데드 유닛입니다!
98ddb13203388d15,TID_BOUND_TO_OTHER_ACCOUNT_LOAD_VILLAGE_TITLE,마을을 불러올까요?
c51d876613b04c50,TID_ATTACK_FAIL_TARGET_ONLINE,공격할 수 없습니다! 마을 주인이 접속 중입니다.
89776edcb03dd57a,TID_BUTTON_PET_SHOP,펫
7a708ad9eb0f1cc0,TID_COSMETIC_ESTATE_4X4_GIANTS_HOUSE,자이언트의 집
a2345f7ddea401e5,TID_MORTAR_INFO,박격포는 광역 피해를 주는 포탄으로 적 무리를 쓸어버립니다. 너무 가까이 접근한 적은 공격할 수 없습니다!
5a90ff4d579df280,TID_BUTTON_DONE,완료
e99884347e55128d,TID_DEVICE_LINK_WRONG_ACCOUNT_TITLE,잘못된 계정으로 로그인하셨습니다.
416693d9ec99393a,TID_EVENT_TITLE_REGULAR_THEMED_BATTLE_TH0212,전쟁의 도가니
8b3ba417abcc9887,TID_DECO_RUIN_CAMPSITE,캠핑장
0b213c284ed13229,TID_COSMETIC_ESTATE_4X4_LARGE_HOUSE,큰 집
b1bc0c573e7b4dfa,TID_DIAMOND_BUNDLE_TH14,마을회관 14 팩
c0ce7a324bb96ee6,TID_CLANGAMES_TASK_INFO_DESTROY_DARKELIXIRSTORAGES,멀티플레이 전투에서\n<building> <num>개 파괴
9097e6931fe99442,TID_CLAN_CASTLE_DEFEND,방어
6d9ac740fb8aaf3c,TID_SHIELD_POPUP_PERSONAL_BREAK_REMAINING,개인 휴식까지 남은 시간:
2f06d0657a0a8079,TID_CLANGAMES_TASK_WIN_STARS_USING_BAT_INFO,멀티플레이 전투에서\n박쥐 마법을 <num2>번 사용해\n<num>회 승리
c09ac2baf4256922,TID_BATTLEPASS_TASK_INFO_WIN_BATTLES_USING_GOBLINS,멀티플레이 전투에서\n고블린을 사용해\n<num>회 승리
eea9fe90775f401c,TID_GEAR_INFO_ETERNAL_TOME,그랜드 워든과 인근의 아군 유닛들이 무적 상태가 됩니다
ac185624b7bc7dd8,TID_ALLIANCE_WAR_NEW_WAR,새 전쟁
15094567bd78c79c,TID_ACHIEVEMENT_DONATE_SEIGES_COMPLETED,지원한 시즈 머신: <value>
8dd09f8bc4846509,TID_EVENT_ARMY_BOOST_INFO,유닛을 4배 빠르게 훈련시키세요!\n\n보석 1개로 훈련을 가속할 수 있습니다.
eb2009db830245ce,TID_DEVICE_LINK_SUCCESFULL_OLD,다음 기기를 성공적으로 계정과 연동했습니다.
dc0ba818675df71f,TID_TRAP_FREEZE,얼음 함정
9c551b7f5b8558bf,TID_SUPER_VALKYRIE_ABILITY_NAME,작별 선물
d8a30b34bd7ba6c1,TID_BP_DAILY_TASKS_HEADER,일일 도전
d1067ee9eba6f46e,TID_CONFIRM,확인
958797d9e0228489,TID_TUTORIAL_PETS_3,펫을 업그레이드해서 더욱 강력하게 만들 수 있습니다.
a9898a787f93f64a,TID_CREATE_SKELETONS_SPELL,해골 마법
4c738729ea61b9fc,TID_BATTLEPASS_TASK_WIN_BATTLES_USING_FREEZE,어느 추운 날
57bd3ba83c0b655a,TID_COPIED_TO_DEVICE_CLIPBOARD_GENERIC,기기 클립보드에 복사되었습니다!
39ca49cc6f82a5cb,TID_LINK_CANCELLED,연동을 취소하셨습니다. 연동된 기기가 없습니다.
a3bf0c4d92e4cc67,TID_BUILDING_XBOW2_INFO_SHORT,지상과 공중 유닛 모두 전멸시키세요.
ef92cf42697191aa,TID_CLAN_GAMES_THEME_NEW_YEAR,새해\n클랜 게임
c0ab44acc3e00c18,TID_PARTY_QUEEN,파티 퀸
b879a08e76db4d5f,TID_GOOGLE_SERVICE_CONNECT_TITLE,Google Play 계정 로그인 추천
368aa97220171a6f,TID_NPC_CHALLENGE_TH10_MINER_WIZARDS2,<c54a0fe>마법사</c>를 배치해 구석 및 측면에 있는 건물을 제거하고 <c54a0fe>광부</c>가 공격에 집중할 수 있도록 도와주세요.
3490f4baaaed6f32,TID_CLANGAMES_TASK_USE_ROCKET_BALLOONS,로켓 대소동
051178c9e91a675e,TID_NEWS_TROOP_TEXT,"하늘을 나는 이 괴물은 돌과 용암으로 만들어졌으며 상당한 피해를 견뎌낼 수 있습니다. 이들은 대공포 시설을 공격하며, 적진 깊이 침투해 다른 부대를 보호합니다. 파괴되면 작은 라바 펍으로 분리되어 적과 계속 싸웁니다."
646d1cb05800a449,TID_CLANGAMES_TASK_DESTROY_BB_LAVALAUNCHER,발사기 박살
a25e690bdc8584b9,TID_DIAMOND_MINE_FULL_NOTIFICATION,"대장님, 보석 광산에 보석이 가득 찼습니다!"
a1fa8cf1a70608a7,TID_TIME_MINS,분
e564bff879b40177,TID_EVENT_COLLECTOR_BOOST,보석 1개 정제소 가속
fd2a491a648b1edc,TID_CLAN_JOIN_FAIL_BANNED,추방당한 클랜에는 가입할 수 없습니다!
148d2dfcda4964ab,TID_BUTTON_SELECT_MORE,줄 선택
113812bc0ffae1bf,TID_COSMETICS_CUSTOM_MUSIC,전용 음악
84db838616a4bf1d,TID_POPUP_BOOSTER_FILL_STORAGE_ALMOST_FULL,<res> 저장소가 거의 다 찼습니다!\n<booster>으로 <num> <res>를 추가할까요?
0d166d704be97f4b,TID_CLANBADGE_LAYER_1,무늬
46998d8917510da0,TID_BATTLEPASS_TASK_INFO_USE_NIGHTWITCHES,장인 전투에서 암흑 마녀를 사용해 별 <num>개 획득
fc6bac72ec211c17,TID_NPC_DEPLOY_STEPS_ON_TEXT,튜토리얼과 함께 해당 레벨을 다시 시작할까요?
71eac9c4c5f55b0e,TID_SETTINGS_MUSIC,음악
ae0c88e9ccd3f2ad,TID_EP_RESOURCE_REWARD_GET_GEM_ALTERNATIVE_TEXT,<resource> 획득에 필요한 저장소 공간이 부족합니다.\n대체 보상 보석 <amount>개를 받을까요?
a249a4e126b636ee,TID_LOOT_AVAILABLE,획득 가능한 전리품:
1fd8be1af7907c61,TID_FEATURE_CLANS,클랜
49148483f42a12e1,TID_CHARACTER_INFO_BAT,"박쥐들은 무섭도록 빠르고 많이 모이면 매우 위험하지만, 광역 피해로 쉽게 제거됩니다."
e83ba08b9f6de57a,TID_NPC51,스페이스 인베이더
c072207948af3ece,TID_PET_WALLBUSTER_INFO,시즈 머신처럼 튼튼하고 강력한 마이티 야크는 앞을 가로막는 모든 장벽을 부숴버립니다. 주인 영웅이 쓰러지면 크게 분노합니다.
96d69d775b53cca9,TID_6ANNIVERSARY_OFFER_MAGICITEMS_BOOKS_AND_RUNES_INFO_4999,• 영웅의 책 x<booster1> - 진행 중인 영웅 업그레이드가 즉시 완료됩니다.\n• 건물의 책 x<booster2> - 건물 업그레이드가 즉시 완료됩니다.\n• 골드 룬 x<booster3> - 마을의 골드 저장소를 가득 채울 수 있습니다.\n• 다크 엘릭서 룬 x<booster4> - 마을의 다크 엘릭서 저장소를 가득 채울 수 있습니다.\n\n• 보관량 제한이 없습니다!\n• 해당 특가 상품은 4회 구매할 수 있습니다!\n\n기념일 팩은 기간 한정으로 구매할 수 있습니다!
ecb33a87c10f8e53,TID_CAPBUILD_SPELLLAB_RAGE,분노 마법 제작소
c5183a8df9d05d8f,TID_ONLY_FAMILY_FRIENDLY,전 연령 클랜만
40d6847b41adaa31,TID_DUEL_WIN_BONUS,승리 보너스:
9c7b767338991b23,TID_CLANGAMES_TASK_USE_SIEGEZEPPELINS,춤추는 전투 비행선
d9b091557961c9e8,TID_BATTLEPASS_TASK_INFO_USE_MEGAPEKKA,파워 P.E.K.K.A를 사용해 장인 전투에서 별 <num>개 획득
16eee89bace164eb,TID_XP_BUTTON_PUZZLEANDDRAGONS,무료
10327843ab1a32c7,TID_BATTLEPASS_TASK_INFO_WIN_BATTLES_USING_BOMBERS,<num>회의 장인 전투에서 폭탄병 <num2>명을 사용해 별 획득
42314e1ba513e313,TID_CAPITAL_PLAYGROUND_CLEAN_UP,이제 다양한 조합을 시도해 나머지 방어군을 파괴하세요!
231d664bdbfddba8,TID_SUMMON_SPEED,배치 속도: <number>
19fe829b4d3d20bf,TID_GAMES_GET_GEM_ALTERNATIVE_TITLE,저장 공간 부족
294364d66bf3e904,TID_RAID_INFO,습격전 정보
5248f5a09411903a,TID_ALLIANCE_WAR_CANNOT_ATTACK_PREPARATION,이 전쟁은 아직 시작하지 않았으므로 공격할 수 없습니다!
ded7fadc6f6e5e88,TID_BUTTON_LOCAL_HIGHSCORE,로컬
e864be706e3c29f4,TID_CHARACTER_INFO_RAGED_BARBARIAN_SHORT,"더 빠르고, 더 크게 분노하고, 침도 더 많이 흘립니다!"
ae84b510f579d00f,TID_DECORATION_CERTIFIED_CLASHER_STATUE,공인 클래셔 조각상
20c844528a7037db,TID_CHALLENGE_INFO_2017,바다 건너편에서 장인기지가 발견됩니다. 첫 번째 클랜 게임 및 마법 아이템과 함께 스트롱맨이 등장합니다.
e652855d76e3ee06,TID_JUMP_SPELL_INFO,"장벽에 길이 막혔나요? 지름길을 만들어 보세요!\n\n적 장벽 근처에 이 마법을 사용하면,장벽을 순식간에 뛰어넘어 이동합니다. 아군 병력은 장벽이 없었던 것처럼 진군합니다."
d4cf644bcd07dc36,TID_NPC52,화살 비
55c14d94fa202a62,TID_V2_START_DUEL_SNAPSHOT_FAILED,매치메이킹에 실패했습니다. 스냅샷을 가져오지 못했습니다.
80f420b11017f126,TID_BATTLEPASS_TASK_INFO_WIN_BATTLES_USING_LAVAHOUNDS,멀티플레이 전투에서\n라바 하운드를 사용해\n<num>회 승리
62658a974e668ace,TID_PART_HOUSE_DECO,클랜 하우스 장식
d6d103bef2800850,TID_HERO_ROYAL_CHAMPION_INFO_SHORT,영웅은 항상 행동의 중심에 있기 마련입니다.
4b0d2347cd0ce457,TID_LEAGUE_TITANIUM1,티타늄 리그 I
54f3fd90fcbeda3c,TID_EVENT_CHRISTMAS,연말 이벤트
16473b5a16214ade,TID_DIAMOND_BUNDLE_BH6_INFO_ALT,• 보석 <gems>개\n• <res0> 엘릭서\n• <res1> 골드\n\n보관량 제한이 없습니다!\n\n이번 한 번뿐인 <cffec78><value>배 가치</c>의 구매 기회를 놓치지 마세요!
d121420416f3cdd9,TID_CLAN_GAMES_TAKE_A_TASK,도전 과제 선택
e06565a1158848a7,TID_CLANGAMES_TASK_DESTROY_MV_BUILDINGS,건물 분해
713e98749c9eec8a,TID_ALLIANCE_REQUEST_SENT,요청을 보냈습니다!
faa08cc01ad4fce4,TID_CHARACTER_INFO_HOG_RIDER,"글라이더가 파괴되면, 호그 라이더가 나와 전장을 달립니다. 이 무모한 듀오는 장벽 넘기가 특기입니다."
695a418a396f24a0,TID_DECORATION_LEAGUE_II_STATUE,경쟁자 조각상
764636c52d8d03b8,TID_NPC_CHALLENGE_TH11_EDRAG_FUNNEL_EDRAG1,이 마을은 <c54a0fe>일렉트로 드래곤</c>에 매우 취약합니다. 일렉트로 드래곤 하나를 배치해 연쇄 번개로 <cf70d16>대공포</c>를 파괴하세요.
5fbd7acc28342a68,TID_LEAGUE_COPPER2_SHORT,카퍼 II
790d8ee3fa29d4af,TID_INFO_THROWING_POSITION_TARGET,목표물
f00d0c9cc2035357,TID_GUARD_BUY_CONFIRMATION,가드 개시!
68a673f7cbd405b8,TID_WL_INFO_SIGNUP_TITLE,클랜전 리그
d8ad318d64124754,TID_STARTER_WINGOLD_INFO,멀티플레이 전투에서\n한 번에 <num2> 골드 약탈
479f8d063bbfb105,TID_INFO,i
6b10ef12acaf110d,TID_WARTOOLS_REMOVE_CLAIM,선점 취소
ed0e18fee2a108be,TID_CLAN_TAG_FRIENDLY_WARS,친선전
fca1892d15cbd4c5,TID_JUNGLE_CHAMPION,정글 챔피언
064e91775cd9e1b5,TID_POPUP_MAX_OUT_ARMY,<booster> 사용으로 <time> 동안 유닛을 현재 마을회관이 허용하는 최대 레벨로 강화할까요?
6f773031ff7416a7,TID_BOOSTER_WALL_UPGRADE_ALT_2_LINE,장벽 링
d2c6a1597aa3bcf6,TID_NEWS_DARK_SPELLS_TITLE,
84d5d8bfdbe3cabb,TID_FEATURE_LABORATORY,연구소
3f79d8569053bd45,TID_LOOT_CART_TRANSFERRED,전리품 카트 자원을 회수했습니다!
526c8dcae63c315d,TID_LABORATORY_UPGRADING_CANNOT_START_SPELL,연구소 업그레이드 중에는 마법을 업그레이드할 수 없습니다.
62fccc2bedff4a2a,TID_CHARACTER_INFO_ROCKET_BALLOONS,불리한 지형에서는 로켓 비행선 무리가 임무 완수에 도움이 됩니다. 부스터가 먼저 바닥이 나지 않는다면요...
a1a532ee14505016,TID_ACHIEVEMENT_LOOT_CAPITAL_COMPLETED,약탈한 총 캐피탈 골드: <value>
ba1c31e77708fb8e,TID_BIRTHDAY_SPELL_INFO,깜짝 폭탄을 소환해 생일을 축하하세요! 이 멋진 선물은 주변의 건물과 병력에 피해를 주고 기절시킵니다.
f3f9fff9030aa590,TID_HINT_VERSUS_BATTLE2,"더 많은 트로피를 획득하면, 장인 전투에서 보상을 더 많이 받을 수 있습니다!"
7a22db15078f6281,TID_MEDAL_EVENT_TRACK_END,이벤트가 종료되었습니다. 거래상과 메달을 거래할 수 있습니다.
367636abea3d4a02,TID_SUPER_TROOP_COOLDOWN,<time> 동안 다시 강화할 수 없습니다
dc3afc35525ad4a3,TID_MATCH_VICTORY_BONUS,최대 전리품 보너스:
4d7c9a17f3afedbc,TID_LINK_TARGET_OTHER_BUTTON,다른 기기\n연동하기
14992896cbee6caf,TID_SEARCH_TAB_PLAYERS,플레이어
4071fd833b8b36c8,TID_CREATOR_TAG_BEING_SENT,코드 전송 중...
0d58ac28eb2a9fc9,TID_LABORATORY_HINT,업그레이드할 유닛을 선택하세요.
5362d420a6ca236f,TID_STREAM_EVENT_CANCELLED_ARRANGED_WAR,친선전을 취소했습니다
9497c9ae98b61d4f,TID_WAR_STATS_HEADER_ALLIANCE_EXP,클랜 XP
6b912f630a1d059a,TID_LOCAL_NOTIFICATION_EVENT_XMAS_1,"대장님, 보석 1개 가속 및 산타의 선물과 함께 즐거운 크리스마스 보내세요!"
ef3674c74d2208d4,TID_BATTLEPASS_TASK_INFO_USE_CANNONCARTS,장인 전투에서 대포 카트를 사용해 별 <num>개 획득
3e4fec667c45cbed,TID_GOBLIN_QUEEN,고블린 퀸
39f93821b2195bc6,TID_ELDER_KICK_FAIL_COOLDOWN,최근에 클랜원을 추방하셨습니다. <time> 후에 다시 시도해주세요.
f2949dca96ffcf03,TID_GEAR_POPUP_DRAG_INFO,아이콘을 드래그해 장비를 영웅에게 장착하세요
005c87456e798dce,TID_LEAGUE_IRON2_SHORT,아이언 II
398fbdd37eebf8ef,TID_POPUP_ACHIEVEMENTS_TITLE,업적
5d3d5ede930c277e,TID_BUILDING_TESLA_TOWER2,숨겨진 뇌전탑
f0c6c501fde16320,TID_CAPITAL_TUTORIAL_5,위대한 클랜은 모두가 힘을 합쳐 캐피탈을 발전시키고 함께 전투합니다. 오래 산 노인으로서 약간의 지혜를 나눠드리지요.
a8869340ecc87366,TID_CLANGAMES_TASK_WIN_BATTLES_USING_INVISIBILITY_INFO,멀티플레이 전투에서\n투명 마법을 <num2>번 사용해\n<num>회 승리
e937d3e661778789,TID_STARTER_WINUSINGARCHER,아처 공격
0dd4bc2930dac60d,TID_TENCENT_DOLPHIN_ERROR_1,网络错误，请在网络环境正常下重启游戏。
023683f247e41000,TID_BATTLEPASS_TASK_START_ANY_UPGRADE,장인의 보람
14dfe2d8daa70c9b,TID_BATTLEPASS_TASK_WIN_STARS_USING_BAT,박쥐의 계절
1df4def2b9857795,TID_CANCEL_WAR_MATCHMAKING_CONFIRMATION_TITLE,검색 중지 확인
76ef3ccc04808fe8,TID_AURA_HITPOINTS_INCREASE,오라 HP 증가: <number>%
5f7924ddc71a4822,TID_NPC21,대니 보이
9314bdf26d98f008,TID_BATTLEPASS_TASK_INFO_WIN_BATTLES_USING_ELECTROFIREWIZARD,<num>회의 장인 전투에서 일렉트로파이어 마법사 <num2>명을 사용해 별 획득
d0b06bce2bd09c91,TID_FLYING_FORTRESS_INFO,성에 날개를 다는 것이 최선이 아니라고 생각하나요? 그렇다면 하늘의 요새가 그 생각을 바꿔줄 겁니다. 해골 글라이더를 탑재한 이 공중 요새는 강력한 포격을 자랑합니다.
19384d126a2c7a04,TID_GEAR_TYPE_OTHER,기타
6694c5cda738de13,TID_BURST_SIZE,점사: <number>발
ce7762e947cd3a82,TID_BP_SEASON_BANK_MAX_CAP,최대 저장량: <value>
a091ee50ea90d881,TID_CLAN_WAR_CHALLENGE_CANCELLED,<name> 님이 취소했습니다.
c5d3e31ba55a519c,TID_EVENT_CHRISTMAS_INFO,
22a70c416f85fe41,TID_BUTTON_STORE_DECO,보관
dce88e46caaf1681,TID_CHARACTER_MAGIC_ARCHER,슈퍼 아처
fa6f2e97d6040b39,TID_GIANT_ABILITY_HELP,첫 공격이 <num>의 피해를 줍니다.
874456e60c7489b9,TID_RED_PROCEEDS,모든 수익은 (RED)의 에이즈 퇴치 활동에 기부됩니다.
574663d5402d6866,TID_LEAGUE_CLAY3,클레이 리그 III
8505bddf8653525b,TID_NPC_CHALLENGE_TH7_HOG_HOGS,<c54a0fe>호그 라이더</c>를 모두 배치해 공격하세요.
49393abf9d7d25a5,TID_WL_INFO_LIVE_WIN,승리
ec4f1fe03a081929,TID_BUILDING_LABORATORY,연구소
ba141441be80b6b4,TID_BARBARIAN,바바리안
70e1bb75dce4279a,TID_DIAMOND_BUNDLE_RESEARCH_PACK,연구 팩
90bedb8f7e20dca8,TID_ADVANCED_TRAP_INFO,지뢰를 심어 가까이 오는 적들을 공격하세요. 공중과 지상 중 하나를 선택해 사용하세요!
3b0b306bc215513f,TID_INFO_TARGET_TYPE_GROUND_AND_AIR,지상 및 공중
b590a3e912b05cd6,TID_ERROR_POP_UP_PERSONAL_BREAK_MULTIPLE_FINAL,개인 휴식 시간 제한이 여러 번 연장되었으며 곧 초기화됩니다. 이후에 이런 상황을 방지하려면 마을회관을 잘 보호하고 트로피 수를 늘려두세요.
8902012232aec0c9,TID_SHOP_CATEGORY_ARMY_BUILDINGS,군대
286e7de91ad47fe4,TID_TH15_KING,마법 킹
89e1f76d154abc8a,TID_PROFILE_FRIEND_REQUEST_QUERY,친구로 추가할까요?
12491c1d65b196b7,TID_GHOST_KING,유령 킹
13c1e18c336c94dc,TID_EXTERNAL_URL_TITLE,알림
31c7ece640ec852d,TID_BP_PERK_GEM_DONATION_COST,보석 1개 지원
78c4bac9f9cb5d0d,TID_ACCOUNT_DELETION_WARNING_CONTACT_PS,해당 계정의 삭제를 요청하셨습니다. <time> 안에 삭제 요청을 취소할 수 있습니다.
ec0df1c2c39b9107,TID_HINT_SPELL_HEALING,치유 마법은 범위 내의 아군 유닛을 회복시키는 치유 마법진을 생성합니다.
ce4e10693f86109a,TID_DIAMOND_BUNDLE_TH12_INFO,• 작업장 1레벨\n• <res0> 다크 엘릭서\n• <res1> 골드\n\n즉시 건설할 수 있고 보관량 제한이 없습니다! 지금 바로 작업장에서 시즈 머신을 생성하세요!\n\n이번 한 번 뿐인 <cffec78><value>배 가치</c>의 구매 기회를 놓치지 마세요!
d907a95f8782c33c,TID_ALLIANCE_WAR_EDIT_MEMBERS,전쟁 참가자 선택
426c23e32c085df2,TID_CLANGAMES_TASK_INFO_DESTROY_ARCHERTOWERS,멀티플레이 전투에서\n<building> <num>개 파괴
54e60ac7d662e1ac,TID_BUILDING_OTTOS_OUTPOST_INFO,O.T.T.O의 집이자 스테이지 2의 주 건물입니다 혈기 왕성한 로봇이 몇 더 머물고 있을지도 모릅니다.\n\n공격 시 O.T.T.O의 전초기지를 파괴하면 별 하나를 추가로 받습니다.
5c1e27d9dc8d7fb6,TID_GOLD_PASS_SCENERY_DETAILS,이번 시즌 전용 배경: <scenery>
a1c66eae31e9f7fa,TID_LEAGUE_INFO_LOOT_BONUS3,리그에 진입하면 승리할 때마다 전리품 보너스를 드립니다!
f7e0986eea358fbd,TID_NPC83,코너 케이스
ab5e4584ce745aab,TID_BOOKMARKS_FULL,북마크 한도 초과
2d2df8960a92b082,TID_LEAGUE_V,V
3482b82cbda25240,TID_TUTORIAL_ARTO_COMPLETE_5,"음, 뭔가 수상쩍은 걸 눈치채진 않겠죠?"
5cf1dfb11a91fc4c,TID_SUPER_TROOP_MATCHES_LEVEL,<super>의 레벨은 일반 <original>의 레벨과 동일합니다.
2c703823322932df,TID_HINT_GEM_MINE,보석 광산을 재건해 추가 보석을 얻으세요!
8d6579bd14257cbd,TID_LOCAL_NOTIFICATION_EVENT_HAMMERJAM_PACK,"대장님, 업그레이드할 시간입니다! 해머잼 특별 상품을 구매해보세요!"
37914a8311178614,TID_GOOGLE_SERVICE_SIGN_IN,로그인
97a5250b646625bd,TID_RAID_WEEKEND_SIGN_UP_NOT_ENOUGH_TIME,주말 습격전이 거의 끝나갑니다. 참여할 시간이 얼마 남지 않았습니다!
e5082a1de2426485,TID_CAPITAL_LOCKED_PLAYER_LEVEL_TOO_LOW,클랜 캐피탈은 <level>레벨 마을회관에서 잠금 해제됩니다.
008a92df3a378ba3,TID_DECO_GOLDEN_BARBARIAN_INFO,눈부시게 빛나는 머리카락을 보세요!
aa5318d88d749014,TID_HAMMERJAM_OFFER2_MAGICITEMS_WALLRING_AND_ALLRUNES_INFO_1999,• 장벽 링 x<booster1>\n• 다크 엘릭서 룬 x<booster2>\n• 장인 포션 x<booster3>\n\n• 보관량 제한이 없습니다!\n• 해당 특가 상품은 10회 구매할 수 있습니다!\n\n멋진 특가 상품으로 업그레이드를 시작해보세요!
c84e175529f702bd,TID_LEAGUE_TITLE1,리그에 참여 중이 아닙니다!
4e90ff5ccffc0a03,TID_SUPER_MINER_ABILITY,최후의 일격
e83af83a23fb2c96,TID_CHARGE_LEVEL,충전 레벨 <number>
a5c98fbe745bf9df,TID_BP_PERK_RESEARCH_BOOST_DESC,"연구소에서 유닛, 마법, 시즈 머신을 업그레이드하는 데 필요한 자원 및 시간이 <num>% 감소합니다."
c5ddb1028605378a,TID_BATTLEPASS_TASK_INFO_USE_ARCHERS,멀티플레이 전투에서\n아처를 사용해\n별 <num>개 획득
cb1712efe78abc0b,TID_BATTLEPASS_TASK_INFO_USE_DROPSHIPS,장인 전투에서 해골 수송선을 사용해 별 <num>개 획득
d3b82610c0bd5c69,TID_BATTLEPASS_TASK_WIN_BATTLES_USING_GOBLINS,승리 도둑
940ad35e97de7067,TID_LEAGUE_INFO_LOOT_BONUS,타이탄 리그 I의 최대 전리품 보너스:
80698eb67c90ed9e,TID_INFO_THROWING_POSITION,배치 위치:
cd38f62f2fdbf771,TID_LINK_SAME_PLATFORM_TITLE_TENCENT,계정 동기화
318b5e5f2cf7f4f8,TID_NPC67,불꽃 주식회사
5d249edbba42c7b1,TID_TUTORIAL_WAR_MAP_FRIENDLY_1,"드디어 도착하셨군요, 대장! 전쟁터에 잘 오셨습니다!"
3cc144e71d9c7e5c,TID_BATTLEPASS_TASK_WIN_STARS_USING_JUMP_INFO,멀티플레이 전투에서\n이동 마법을 사용해\n별 <num>개 획득
76848a19e1912bb6,TID_BATTLEPASS_TASK_GET_FRIENDLY_BUILDERBATTLESTARS,장인 전략가
cba25c504eaac93f,TID_BATTLEPASS_TASK_WIN_BATTLES_USING_BABYDRAGONS2,베이비 샤워
d1bb8d728229bf63,TID_MONTH_9,9월
12508c14613dc903,TID_CLANGAMES_TASK_DESTROY_BB_CRUSHER,크러셔 크러시
6b42f40b0b2a1190,TID_NEWS_TH11_UPDATE_GUARD_TITLE,가드 - 공격을 막아주는 방어 수단
f47bc3c316d6e6ce,TID_BATTLEPASS_TASK_INFO_WIN_BATTLES_USING_BABYDRAGONS2,<num>회의 장인 전투에서 베이비 드래곤 <num2>마리를 사용해 별 획득
387ccefc8fd9386d,TID_SPELL_TIME,마법 지속 시간: <number>초
078be3e3121d9961,TID_NAME_REPORT_TITLE,<name> 님을 신고할까요?
84bd6f78ad576ea4,TID_ACHIEVEMENT_UNIT_UNLOCK2,장인 훈련소에서 <name> 잠금 해제
dbede8148f545ab5,TID_FAQ_BUTTON,도움말 및 지원
f298b9e71e228cac,TID_LEAGUE_EMERALD3,에메랄드 리그 III
62162a5ebc04c5f4,TID_HINT_WIZARD_TOWER_TARGET,마법사 타워는 지상 및 공중 유닛 모두를 공격할 수 있습니다.
c8a7af6a0e052733,TID_NPC_CHALLENGE_BOWIGI_CLEANUP,남은 유닛을 모두 배치해 완파하세요!
04dee7729c678d5d,TID_ACHIEVEMENT_CASTLE_TITLE,제국 건설자
c8c80407fe580e26,TID_LOCAL_NOTIFICATION_EVENT_SPELL_BREWING_BOOST,"대장님, 보석 1개 제조 가속 이벤트가 시작됐습니다!"
96ce8125295fa78a,TID_CLANGAMES_TASK_WIN_STARS_USING_LIGHTNING_INFO,멀티플레이 전투에서\n번개 마법을 <num2>번 사용해\n<num>회 승리
47cd1ae8e40e5d8c,TID_NEWS_TH11_UPDATE_SHIELDS_TITLE,보호막 - 유연하고 공정한 방어 수단
0c2d384a3743b6e8,TID_CLANPERK_DESC_TROOP_REQUEST_VALUE,<value>분
cd76d514f3debc17,TID_FIND_BARRACKS,훈련소 찾기
54eaea343dee5bba,TID_LEAGUE_SHUFLES,남은 시즌 기간: <league_shufle_time>
887dfee8eeb9c3a5,TID_KUNLUN_APP_STORE_LENOVO,Lenovo
31465e180ae84635,TID_PERSONAL_WAR_PREFERENCE_BUTTON_LABEL,클랜전
2759ee5ab9e096bb,TID_DIAMOND_PACK_RED,(보석 더미)RED
e6f020593580452a,TID_HINT_GUARD,가드가 활성화되어 있을 때는 불이익 없이 적을 자유롭게 공격할 수 있습니다!
84ecc1f208fac952,TID_BP_AUTO_CONVERSION_TEXT,저장소 공간이 부족해 보상 일부가 보석으로 대체되었습니다.
02f10cdf7675269d,TID_LAYOUTS_ALREADY_ACTIVE,이미 사용 중인 배치
0487cc3b2a4c8c91,TID_DONATION_REQUEST_REQUIRED_TROOPS,아래에서 요청할 지원군을 선택하세요
aff54d61373c3257,TID_CLANGAMES_TASK_DESTROY_BB_CANNON,대포 파괴
a8c0b5af54c414e7,TID_EVENT_DONATION_INFO,보석 1개로 지원!
03e6586a8947f00c,TID_NAME_CHANGE_ALREADY_USED,이미 이름을 한 번 변경했습니다.
b95161a3115e6178,TID_NPC80,약오르지용?
55e889ebf513e5f8,TID_ACHIEVEMENT_DRAGON_SLAYER,캠페인 지도에서 자이언트 드래곤 처치
cfbaf009cb51968c,TID_ENDOFSEP_OFFER_INFO_9999,• 골드 룬 x<booster1> - 마을의 골드 저장소를 가득 채울 수 있습니다.\n• 엘릭서 룬 x<booster2> - 마을의 엘릭서 저장소를 가득 채울 수 있습니다.\n• 유닛의 책 x<booster3> - 진행 중인 유닛 업그레이드가 즉시 완료됩니다.\n• 건물의 책 x<booster4> - 건물 업그레이드가 즉시 완료됩니다.\n\n• 보관량 제한이 없습니다!\n• 해당 특가 상품은 표시된 기간 내에 1회만 구매할 수 있습니다.\n\n가을 전투를 준비하세요!
10a946158e3233d3,TID_LEGEND_LEAGUE_INFO_TAB1_HEADER,방어
84d3e13f4607b5f2,TID_POPUP_EDIT_MODE_COLLECT_TITLE,전체 회수
5ff4e5c0af91bf4f,TID_BUTTON_GENERATE_CODE_TITLE,계정 옮기기
c8f82da857642d97,TID_CLAN_WAR_FREQ_MORE_THAN_ONCE_WEEKLY,1주에 2회
1a69c41910721714,TID_WL_STARTWAR_INFO_LEADER,"<size>개의 클랜 중에서 최강 클랜을 가려내세요! 승리의 영광, 보너스 전리품, 클랜 XP 및 리그 메달을 획득할 수 있습니다!\n\n준비되었다면 리그에 참가하세요!\n\n등록 종료: <time>"
ea4ae50439312ceb,TID_LEAGUE_SILVER,실버
2a118817060b1310,TID_ACHIEVEMENT_DESTROY_MORTARS,멀티플레이 전투에서 박격포 <number>개 파괴
33169549464f34ae,TID_XMAS_SPELL_INFO,산타에게 최고의 선물을 달라고 졸랐더니... 적에게 쏟아부을 파괴의 우박을 주셨습니다!
a9d3694299e6a655,TID_CLAN_GAMES_ALREADY_DOING_A_CHALLENGE,이미 진행 중인 도전 과제가 있습니다.
e05d9d0677e91611,TID_INFO_TAGS_PLAYER,자신의 플레이 스타일을 나타내는 태그를 최대 <max>개 선택하세요.
ec33ac182a8d190f,TID_CHARACTER_INFO_VALKYRIE,양손 도끼의 달인인 이 영광된 여전사들은 가까운 건물 사이를 뛰어다니며 질풍처럼 무기를 휘둘러 여러 적이나 건물을 한 방에 쓸어버립니다!
ab8e65e71dc0c1a0,TID_PRIZE_SHOP_ITEM_PURCHASED_TREASURY,마을회관에 <item> 추가
deb38a002a0652d1,TID_ALLIANCE_WAR_AVG_ATTACK_DURATION,평균 공격 기간
b6a3b726d78a61f6,TID_DECO_BOULDER,바위
9996846c5bd2ac29,TID_PTE_PERK_TRAINING_BOOST_DESC,"유닛 훈련, 마법 제조, 시즈 머신 제작에 필요한 자원 및 시간이 <num>% 감소합니다. 영웅 회복에 필요한 시간이 <num>% 감소합니다."
5c825ec9bf1e180a,TID_SETTINGS_PLAYERNAME_REENTERNEW,새 이름 다시 입력:
61a8aa050d520c4a,TID_HERO_ABILITY_DURATION,능력 지속 시간:
763a0377687ae4ca,TID_EVENT_TITLE_MAGICITEM_PACK,마법 아이템 팩
593bb9a0ef181553,TID_SMITHY,대장간
5635ea43e99918b4,TID_BUILDING_BOMB_TOWER,폭탄 타워
2a7ce7b350a36c9c,TID_CAPBUILD_BARRACKS_MEGAPEKKA_INFO,여기에 그 커다란 파워 P.E.K.K.A가 어떻게 들어가는 거죠? 혹시 여러 조각으로 해체되는 걸까요?
be1aa60d52c0587d,TID_SPRING_SIZE_FOR_UNIT,점핑 무게:
5f5b352c4b3ac182,TID_ACHIEVEMENT_GEAR_UP_COMPLETED,총 개조된 건물: <value>
40251bf7f50a9318,TID_SUPPORTING_CURRENT,현재 후원 중: <name>
5f6fd89b02a1a5f8,TID_TOWN_HALL_6_INFO_SHORT,건강 검진을 할 시간입니다.
a04f84215b31a733,TID_NOTIFICATION_EVENTS,이벤트
414d30d089f0349b,TID_BP_PERK_BUILDING_BOOST,장인 부스트
c6332bb462b86021,TID_ERROR_POP_UP_OUT_OF_SYNC_BUTTON,새로 고침
87595bf5b0b66f1f,TID_SUPER_DRAGON,슈퍼 드래곤
833dcb330d869080,TID_DISTRICT_BUILDERS_WORKSHOP,장인의 작업장
8ed7bf23ad20e304,TID_DIAMOND_BUNDLE_BH5,장인회관 5 팩
e99339d0979c0fad,TID_TENCENT_DOLPHIN_ERROR,更新错误<error>
a16be78319af8663,TID_LINK_NEW_DEVICE_TITLE,기기 연동
5c7d4302731bab92,TID_DIAMOND_BUNDLE_MAGICITEMS_SPELL_LEVEL_PACK,마법 업그레이드 팩
07f566e8c89dc081,TID_HERO_ABILITY_WARMACHINE_DESC,배틀 머신은 짜릿한 번개를 쏘아대며 체력을 일부 회복하고 다음 공격의 피해량도 늘립니다. 충전이 되면 체력 회복량과 피해량이 증가합니다. 높은 레벨에서는 번개가 여러 표적을 동시에 공격합니다!
27b619819274a1e2,TID_CLAN_JOIN_FAIL_ALREADY_IN_CLAN,이미 다른 클랜에 가입했습니다!
f4054a9f7b0f20d7,TID_ALLIANCE_INVITATION_OK,초대장 전송 완료
3c84f170738dbae2,TID_BOOSTER_FINISH_HERO_UPGRADE_ALT_2_LINE,영웅의 책
5a5c106042d5536c,TID_DIAMOND_BUNDLE_BH4_INFO,• 보석 <gems>개\n• <res0> 엘릭서\n• 1레벨 경계 초소\n• 1레벨 대공 폭탄\n\n즉시 건설할 수 있고 보관량 제한이 없습니다!\n\n이번 한 번뿐인 <cffec78><value>배 가치</c>의 구매 기회를 놓치지 마세요!
591a68bb0bb40d95,TID_HALLOWEEN_2016_INFO,
6472687e0a187834,TID_TUTORIAL_WAR_LEAGUE_3,이제 리그를 준비하시죠. 도움이 될만한 것을 몇 가지 알려드리겠습니다!
f0965d38ce7d4362,TID_CLANGAMES_TASK_INFO_USE_LOG_LAUNCHER,멀티플레이 전투에서\n통나무 발사기 <num2>개를 사용해\n별 <num>개 획득
0281a96172f5ec07,TID_BATTLEPASS_TASK_WIN_BATTLES_USING_LOG_LAUNCHER,데구르르 통나무
9835fd33316e75e5,TID_SUPER_MINER,능력자 광부
95c52206f343f2c1,TID_ADD_FRIENDS_INFO_REQUESTS_KUNLUN,플레이어 프로필에서 클래시 친구를 등록하세요.
51722d4f9c820467,TID_CAPBUILD_BARRACKS_SUPER_MINER_INFO,능력자 광부들의 아지트로 흙냄새와 석유 냄새가 폴폴 풍기는 곳입니다.
c182305cecdab2b5,TID_BUILDING_BOW,대형 석궁
228f6ba0addfc944,TID_BUY_BUILDING_COMING_SOON,<target> 곧 공개!
c956ccb403cbee57,TID_NO_TREASURY_LOOT_TO_COLLECT,금고가 비어 회수할 자원이 없습니다.
83088ebf3801de90,TID_WL_MEDALS_ALT_GEMS_RECEIVED,클랜전 리그 보상으로 보석 <num>개를 획득했습니다.
35594606b20d69b0,TID_OBSTACLE_BIRTHDAY2020,8주년 기념 케이크
e1c732a92e488490,TID_ALLIANCE_GAMES_CHECKING_RESULTS,결과를 확인하고 있습니다...
85cf180d5575a58a,TID_CHARACTER_INFO_WATER_DRAGON,워터 드래곤 설명.
e09ba21e80073084,TID_AUTUMN_QUEEN,단풍잎 퀸
aee12142e38df281,TID_BUTTON_LOAD,장전
282926a711be1629,TID_DIAMOND_BUNDLE_BH5_ALT,중급 장인 팩
83218f866548d90a,TID_WL_INFO_LIVE_TAB2_HEADER,결과 및 보상
00ca1f5d78665f7a,TID_DIAMOND_BUNDLE_BH7_INFO,• 보석 <gems>개\n• <res0> 엘릭서\n• <res1> 골드\n• 4레벨 자이언트 대포\n\n즉시 건설할 수 있고 보관량 제한이 없습니다!\n\n이번 한 번뿐인 <cffec78><value>배 가치</c>의 구매 기회를 놓치지 마세요!
01bed94beda83031,TID_ADVANCED_MEGA_TRAP,메가 지뢰
0cdf1620462bf2fa,TID_BP_PERK_NEEDS_PREMIUM,골드 패스로 잠금 해제
467ac2a000b62fd9,TID_DISTRICT_CHALLENGE_DEFAULT_INPUT,이 구역을 격파할 수 있을까?
19c0cd3ed2087c26,TID_POPUP_STORE_DECORATION,장식을 보관할까요?
7cef37b5a72c973d,TID_STAYS_AT_TEXT,리그 유지:
f5bd88fd423a8394,TID_LEGENDS_DEFENCE_LAYOUT_TITLE,배치 설정
37e88442ef4241e1,TID_CHALLENGE_INFO_2012,클래시 오브 클랜이 전 세계에 출시되어 재미를 전파하기 시작합니다!
e99bfdb82900969b,TID_REDUCE_TIME_BARRACK_TROOP2,새 훈련 시간: <num2>
501b3ed270de5d21,TID_NPC55,마법 연습
53f67ecdbfa8c913,TID_NPC_CHALLENGE_TH9_LAVALOON_BALLOONS,<c54a0fe>라바 하운드</c> 뒤에 <c54a0fe>해골 비행선</c>을 배치하세요.
74f0e4a74d0fffb3,TID_PET_DESCRIPTION,위대한 영웅들의 위대한 동료!
b29c83a6db0ea1e9,TID_LOCAL_NOTIFICATION_GEARUP_READY,<item> 개조 준비 완료
06abfab077205fca,TID_WL_HIDDEN_FRIENDLY_VILLAGE_INFO,"참가자는 변경할 수 있으며, 준비일에도 병력을 지원할 수 있습니다."
711ee2905556d294,TID_ADD_FRIENDS_INFO_REQUESTS_ANDROID,플레이어 프로필에서 클래시 친구로 등록하세요.\n로그인하면 WeChat이나 Supercell ID 친구들이 자동으로 표시됩니다.
f5c8a652e26679dc,TID_CHARACTER_INFO_DRAGON,드래곤의 강력함은 이미 세계적으로 유명합니다. 비늘로 뒤덮인 하늘의 공포는 무자비하여 누구도 그의 화염으로부터 도망칠 수 없을 것입니다.
5d61a37df60bbd02,TID_COSMETICS_CUSTOM_VO,특별 음성
1466a67d886611d3,TID_CAPBUILD_BARRACKS_HOG_RIDER,호그 습격단 훈련소
2df17545be114dc1,TID_REENGAGEMENT_ATTACK_2,당분간 훈련 속도가 아주 빨라질 겁니다!
2e16f7b6c78afada,TID_NPC66,독수리 형제
f35bec75555590e8,TID_TRADER_GEM_OFFERS_UNLOCKS_TEXT,보석 특별 상품은 <value>레벨 마을회관에서 잠금 해제됩니다.
9163b5347ccd42a8,TID_BUTTON_TREASURY,금고
50039af3629b29ac,TID_DIAMOND_BUNDLE_TH9_REVISED_INFO,• 영웅: 아처 퀸\n• 영웅의 책 x<booster1>\n• <res0> 다크 엘릭서\n\n보관량 제한이 없습니다!\n\n이번 한 번뿐인 <cffec78><value>배 가치</c>의 구매 기회를 놓치지 마세요!
a0457d8b4412a9c8,TID_NPC_CHALLENGE_TH8_GOWIVA_GOLEM,<c54a0fe>골렘</c>을 배치해 <cf70d16>적 해골 비행선</c>을 교란하는 동안 <c54a0fe>마법사</c>로 해골 비행선을 말끔히 제거하세요.
a088b30abf18b2ca,TID_LEADERBOARDBANNER_PLAYER_HISTORY_TITLE,마지막 토너먼트 전설:
16db9d397b99b56f,TID_ACHIEVEMENT_DESTROY_WALLS_COMPLETED,파괴한 장벽: <value>
06cbdbd9336ac847,TID_ACHIEVEMENT_REPAIR_BUILDING,<name> 재건
35bfc5be810d69ba,TID_OBSTACLE_BIRTHDAY2018,6주년 기념 케이크
f5b4f2b738fae65f,TID_WARNING_WAR_MEMBER_NOT_IN_CLAN,해당 플레이어는 클랜에 소속되어 있지 않습니다.
43f51c7f3d0d9171,TID_CLANGAMES_TASK_INFO_WIN_STARS_WITHOUT_SPELLS,멀티플레이 전투에서\n마법을 사용하지 않고\n별 <num>개 획득
1b0c5d9d40abf960,TID_NO_EVENTS_CONTENT,현재 예정된 이벤트가 없습니다.\n나중에 다시 확인해 주세요!
79947f735240301b,TID_TUTORIAL_SHOW_STAGE_2_2,새 동굴을 발견했지 뭐예요. 그런데 내부가 너무 휑해 보이더라고요.
d534f20074840932,TID_REGION_CUSTOM1,
e0895978e9a1ed02,TID_ALLIANCE_DONATE_DONATE_INSTANTLY,즉시 지원:
4a4473f8561497da,TID_DIAMOND_BUNDLE_TH10_REVISED_INFO,• 인페르노 타워 1레벨\n• 영웅의 책 x<booster1>\n• <res0> 다크 엘릭서\n• 장인 포션 x<booster2>\n\n즉시 건설할 수 있고 보관량 제한이 없습니다!\n\n이번 한 번뿐인 <cffec78><value>배 가치</c>의 구매 기회를 놓치지 마세요!
ad613f73b665607b,TID_MEMBERS_SORTED_BY_ROLE,지위
b492ed6722cc3b8c,TID_SPELL_OVERGROWTH_INFO,
1cbbda0cd5ac2327,TID_BATTLEPASS_TASK_COMPLETE_EVENT,이벤트 챔피언
ae4cf0c73d70c2fd,TID_BUTTON_CREATE_SPELL,제조
b432485d5618e9f5,TID_ANTIADDICTION_ADULTHOOD_NOT_FULFILLED_2,미성년자 계정이므로 중독 근절 시스템에 의해 플레이가 제한됩니다. 법정 공휴일의 일일 최대 플레이 시간인 3시간에 도달했습니다.
4d36b62d1acdc24b,TID_ACHIEVEMENT_DESTROY_ARTILLERY,멀티플레이 전투에서 독수리 포탑 <number>개 파괴
fdb80a96e42ba006,TID_NOTIFICATION_WL_ENDED,클랜전 리그가 종료되었습니다! 결과를 확인하세요!
f083642d3b03baad,TID_CHALLENGE_FRIEND_TITLE,친구에게 도전
f1a761ce24228f3e,TID_BOMBER,폭탄병
5f4a3e4d217f9458,TID_BUILDING_WIZARD_TOWER,마법사 타워
f04dd6241f767a01,TID_CLANGAMES_TASK_INFO_GET_LEVELKILLS_VS_BARBARIANKING,멀티플레이 전투에서\n처치한 바바리안 킹 레벨의 합: <num>
1555a46fb91d53a5,TID_LEADERBOARDBANNER_PLAYER_NO_TOP_3_V2,장인 전투 토너먼트 승리자는 여기에 표시됩니다!
e63107dab5bd7276,TID_HINT_BOOST_TRAINING,훈련소는 보석을 사용하여 더 빠르게 훈련할 수 있습니다.
0040e3b472f7dfc4,TID_UNIT_STORAGE_CAPACITY,수용 유닛: <number>
287ed3e0f62136f5,TID_TRAP_SHRINK_INFO,마녀가 병에 담은 이 저주는 적을 축소시켜 일시적으로 체력과 공격력을 낮추고 치명적인 귀여움을 발산하게 만듭니다.
f1679c357da9157e,TID_CAPITAL_PLAYGROUND_JUMP,"<c85ff3b>이동 마법</c>을 사용해 장벽, 강 및 연안의 물을 뛰어넘을 수 있습니다."
009c4cf4b549a274,TID_LOCAL_NOTIFICATION_YOUR_ARMY_IS_READY,모든 유닛이 전투 준비를 마쳤습니다!
647828c32a62eeaa,TID_TUTORIAL_ELIXIR_CART_1,다른 장인에게 공격을 받았습니다. 방어 시설이 제 역할을 했는지 한번 확인해보세요!
5896ec7db2f85a9a,TID_CLANGAMES_TASK_INFO_WIN_HOMEBATTLES3STARS,멀티플레이 전투에서\n완파(별 3개) <num>회
fc135a74f0010aa3,TID_CLAN_AVAILABLE_FOR_RECRUITING_YES,예
f3bc11a089a57cee,TID_SIEGE_MACHINE_FLYER,전투 비행선
85c2d6b25ac951bb,TID_OTHER_TROOP_LEFT,다른 유닛을 선택하세요.
ce25bc78eb69d3eb,TID_NAME_CHANGE_TH_LEVEL_TOO_LOW,이름 변경은 마을회관 <level>레벨부터 가능합니다.
caed6c178ed6362b,TID_ARMY_USED,사용한 군대:
78f9075d085f6377,TID_TUTORIAL_PETS_6,다양한 조합을 시도해 최고의 콤비를 찾으세요!
dd7c9f7e66f68f6b,TID_SETTINGS_SFX,효과음
40a1fae066b4b06c,TID_VALKYRIE_QUEEN,발키리 퀸
2a16e7b86cfb1546,TID_WL_PARTICIPANTS_HEADER,리그 참가자:
05971526ef170fb5,TID_POPUP_UPGRADE_BUILD_MORE,필요한 건물:
631b59e0eaa8bbed,TID_LOCAL_NOTIFICATION_TRAINING_HAS_STOPPED,군대 훈련이 끝났습니다!
d944726a3376d399,TID_BUTTON_UPGRADE_SELECTION,업그레이드 선택
2586672ced321433,TID_CAPITAL_ENDLESS_HASTE_SPELL,무한 신속 마법
6c88fe3723413293,TID_OBSTACLE_HALLOWEEN2021,\q상냥한\q 꽃
a6bf717ba64ad99d,TID_ALLIANCE_WAR_STAT_ATTACKS,사용한 공격
78943929b94b01b2,TID_ACHIEVEMENTS_INFO,Game Center에서도 업적을 달성할 수 있습니다.
5c9da1d98531210e,TID_TENCENT_EXIT,退出
fce9e1b9f53e6d38,TID_BUTTON_RATE_APP_REVIEW,리뷰하기
64429c77a30b5689,TID_LEAGUE_STONE4_SHORT,스톤 IV
a3ad00ee1e0ef0a0,TID_CLAN_LOCALE,클랜 지역
6397402f6673503d,TID_LEAGUE_STONE4,스톤 리그 IV
5b2162c10d4d0583,TID_WAR_ATTACK_CONFIRM_INFO,준비를 마쳤는지 확인하세요! 이대로 진행하면 남은 공격 기회 중 한 번을 사용하게 됩니다.
4a6483a85a142cfc,TID_GOLD2,골드
32fa58057b62ac38,TID_SHOP_SHIELD_1D,1일 보호막
d7ae389d4227c59c,TID_WARDEN_OF_THE_NORTH,빙결의 그랜드 워든
27eb2f2473793f02,TID_BOOST_TIME_LEFT,남은 시간:
0def8f7c044bc702,TID_OPTIONAL_AVAILABLE,클래시 오브 클랜 새 버전이 업데이트되었습니다. 최적의 환경에서 플레이할 수 있도록 게임을 업데이트해주세요.
cd6e9700f4f9bf56,TID_BATTLEPASS_TASK_INFO_USE_SIEGERAMS,멀티플레이 전투에서\n파괴 전차를 사용해\n별 <num>개 획득
ce09abb8a02e2f69,TID_ATTACK_PERCENTAGE,공격 성공:
6a854d226c416453,TID_TUTORIAL_DEFEND_1,끄아아! 고블린 공겨어억!!
5342f7b15c90b6c5,TID_CAULDRON_REWARD_INFO1,장식: 오싹한 엘릭서 가마솥
a75ddce220083407,TID_GIANT_ABILITY_NAME,파워 펀치
321768ed8441ee0b,TID_VIEW_PROFILE_TAB,플레이어 프로필
c0a637f02fef92c0,TID_TUTORIAL_SHIP_ARRIVE,육지다! 이 이상한 곳은 뭘까요?
be53c918cedd6b19,TID_CAPBUILD_BARRACKS_INFERNO_DRAGON,인페르노 드래곤 훈련소
1f0c012040c14ec7,TID_FLAMER_INFO_SHORT,전장의 모든 걸 다 구워버릴 태세네요. 마시멜로는 챙기셨나요?
0855c618304a92fb,TID_WIZARD,마법사
b0af80d51687a377,TID_HINT_SWAP_TROOPS,공격 전에 전략을 바꾸고 싶으신가요? 초록색 화살을 눌러 유닛을 변경하세요!
5868b3ae9eded50c,TID_BUY_LAYOUT_SLOT_HEADER,새 슬롯
681754ea15f17a4d,TID_OPTIONAL_AVAILABLE_TITLE,업데이트 이용 가능!
1af0af846450f81c,TID_IF_LOST,패배 시:
5b3bf370632c8b29,TID_WAR_STATS_HEADER_WAR_STATS,공격 통계
e78326407ec90ca6,TID_CHARACTER_INFO_SIEGE_MACHINE_TROOP_CATAPULT,
b36ac02c261b9906,TID_LEAGUE_SILVER1,실버 리그 I
54e944def493236c,TID_NPC_CHALLENGE_TH13_HYBRID_GRAND_WARDEN,<c9916c8>광부</c> 뒤에 <c54a0fe>그랜드 워든</c>을 배치하세요. 지상 모드로 설정하세요!
0d91e9b983e614b3,TID_HINT_GOBLIN_DAMAGE,고블린은 자원 시설에 두 배의 피해를 줍니다.
521da0eac82c6350,TID_LEAGUE_COPPER3,카퍼 리그 III
b2a6fe0c530bcdff,TID_HALLOWEEN_TOKENS_LEFT,남은 매시업 메달: <num>개
1f6a18fa91eefc1e,TID_BOOSTER_ALL_HEROES_LOCKED,영웅 포션을 쓰려면 영웅을 먼저 잠금 해제해야 합니다.
6ece0590de35ec0f,TID_GIFT_CLAIM_FAILED_RECENTLY_CHANGED_CLAN_TIME,클랜을 변경한지 얼마 되지 않아 선물을 받을 수 없습니다! <time> 후에 다시 시도해 주세요.
4851ca2b213c98e2,TID_ACCEPT_EXISTING_CHALLENGE,도전을 수락할까요?
fd31b8a60068816c,TID_CANCEL_HERO_BOOST_CONFIRMATION,영웅을 업그레이드하면 가속 효과가 사라집니다. 진행할까요?
35bad0d0dc2fd629,TID_RESOURCE_MAX,최대:
f681db61f7055038,TID_OBSTACLE_BIRTHDAY2022,10주년 기념 케이크
ffb251b25e74743c,TID_PTE_PERK_NEEDS_PREMIUM,이벤트 패스로 잠금 해제
698ada7df9b65895,TID_CHINESE_APP_STORE_CONFLICT_MESSAGE,此微信/QQ帐号已经关联了从其他安卓应用商店下载的相同游戏，不能再次关联。如果您希望使用该微信/QQ帐号重新开始游戏，请从游戏内联系Supercell玩家支持团队。
c2f3b3619765f69b,TID_CHARACTER_APPRENTICE_WARDEN_INFO,크나큰 야망을 품고 있지만 배울 것들이 아직 많습니다. 마법의 기운이 가득한 생명의 오라와 어딘가 어설픈 새총을 사용하여 아군 유닛을 지원합니다.
fc5b08a83e10b6ca,TID_ERROR_POP_UP_SERVER_MAINTENANCE_ESTIMATED_HOUR_AND_HALF,"죄송합니다, 서버 점검 중입니다. 약 1시간 30분 후에 다시 시도해주세요."
9ef04807ad489dae,TID_BUILDING_TEXT_TRAIN,훈련
203e6af35f7eef2e,TID_ACHIEVEMENT_LOOT_ELIXIR_COMPLETED,약탈한 엘릭서: <value>
33fae14b6a33bf85,TID_HERO_ABILITY_ROYAL_CHAMPION_TITLE,추적 방패
b48b673a1c4bc4c9,TID_PLACEMENT_HINT,유닛을 배치하려면 탭하거나 길게 누르세요.
9b973d12fcbfd009,TID_ACHIEVEMENT_LOOT_ELIXIR,<number> 엘릭서 약탈
28f11f6347f3e184,TID_EVENT_TROOP,<troop> 이벤트
1267dd38d57b6d9b,TID_BP_PERK_SAVINGS_PAYOUT_BB_DESC,"장인기지 공격 및 방어를 통해 전리품을 획득하면 장인기지 금고에 같은 양의 자원이 자동으로 채워집니다. 시즌이 종료되면, 금고의 자원을 마을 저장소에서 받을 수 있습니다."
28fb3d10e61a396a,TID_SCENERY_GOBLIN_CAVES,고블린 동굴 배경
07eafbd2a792c257,TID_CHALLENGE_CHANGE_LAYOUT_BUTTON,변경
407cfa701987fc9e,TID_REENGAGEMENT_INTRO_4,싸움 없이는 아무것도 가져가지 못할 거다!!
f50668ea819f07d8,TID_DECO_HILL_6,작은 봉우리
928dcac367119f44,TID_SHOP_SHIELD_7D,1주일 보호막
8c8a21026bb78c9d,TID_LOOT_CART_INFO,공격자가 전리품을 어느 정도 남기고 갔습니다. 방어 후에는 항상 이 전리품들을 챙기세요!
826d84ca0a5c8cc9,TID_NEWS_ACCOUNT_TRANSFER,공식 중국 CoC Android 버전을 받으세요!
548cfbfde27e15f5,TID_DIAMOND_BUNDLE_MAGICITEMS_VILLAGE_UPGRADE_PACK,건물 업그레이드 팩
179f9a9b2034dc19,TID_TUTORIAL_SEASON_CHALLENGE_5,시즌 금고의 자원은 매달 시즌 종료 시 저장소로 이동합니다.
f374c482532c4494,TID_SPELL_RECALL,복귀 마법
3b302ed3c585cb70,TID_V2_START_DUEL_GENERIC_ERROR,매치메이킹 실패!
6ac696ac80645e6a,TID_LOCAL_NOTIFICATION_EVENT_GEM_BOOST_ATTACK,"보석 1개 가속 이벤트가 진행 중입니다! 유닛 훈련, 마법 제작 및 영웅 회복을 4배로 빠르게 완료하세요!"
2c7d0bb883c00cf1,TID_FRIENDLY_ZONE,아군 영역
f7cf74878a9b8595,TID_WAR_DATA_ERROR_INTERNAL,전쟁 세부 정보를 불러올 수 없습니다. 나중에 다시 시도해주세요.
0d6044106cf03a71,TID_FEEDBACK_BUTTON2,연결 문의
59ec6bf7141c9807,TID_NPC_CHALLENGE_TH8_GOWIVA_VALKYRIES,<c54a0fe>발키리</c>를 배치하세요. 발키리는 방어 시설들이 밀집해 있는 마을에 매우 강력합니다.
e27454d2d3d96076,TID_BOOST_ALL_GOLD,모든 금광
b4bce9bf812c7f79,TID_PROMOTED_TO_TEXT,리그 상승:
604ab96039dda313,TID_WARRIOR_KING,워리어 킹
09079dcc2b931e83,TID_DIAMOND_BUNDLE_GOLD_INFO,• 보석 <gems>개\n• <res0> 골드\n\n보관량 제한이 없습니다!\n\n이번 한 번뿐인 <cffec78><value>배 가치</c>의 구매 기회를 놓치지 마세요!
83bec0f5c1321414,TID_DECO_GOLDEN_BARBARIAN,골든 바바리안
1334d7435883c0c3,TID_BATTLEPASS_TASK_INFO_WIN_BATTLES_USING_ELECTRODRAGON,멀티플레이 전투에서\n일렉트로 드래곤을 사용해\n<num>회 승리
b688765d0a253529,TID_MEMBERS_SORTED_BY_REPUTATION,평판
739e21138eab5626,TID_HINT_HERO_GRAND_WARDEN,그랜드 워든은 신비한 유물의 힘을 지배하여 주변의 병력을 강인하게 만들어줍니다.
6c0fc23f27f1d83e,TID_TUTORIAL_ELIXIR_1,유닛을 훈련하고 건물을 건설하려면 엘릭서가 필요합니다.
04eee0d67d4ebb70,TID_HINT_CRUSHER,"크러셔는 지상 유닛에게는 위협적인 대상이지만, 공중이나 원거리 유닛으로 공격하면 쉽게 파괴할 수 있습니다."
74ed32175e11bd31,TID_LIVE_REPLAY_FAIL_NO_FREE_SLOTS,실시간 보기가 불가능합니다. 관전 슬롯이 가득 찼습니다.
394f67e124f8e75c,TID_CLANGAMES_TASK_INFO_USE_GIANTS,멀티플레이 전투에서\n자이언트 <num2>명을 사용해\n별 <num>개 획득
8823317a31a06a88,TID_SUPER_TROOP_OVERVIEW,<troop>
ad037a630f15ffc1,TID_TAB_TREASURY_BOOSTERS,마법 아이템
9afc833a89a81df7,TID_NPC64,볼링장
e20060f251543bb4,TID_NPC_CHALLENGE_TH11_EDRAG_CLONES,<ca0c0fe>복제 마법</c>을 사용해 중앙에 <c54a0fe>해골 비행선</c>을 추가로 생성하세요.
e58d1ef905c9a859,TID_EVENT_GET_GEM_ALTERNATIVE_TITLE,저장 공간 부족
7ae37a590dec7cc9,TID_DEFAULT_VILLAGE_NAME,<name> 님의 마을
2cef99b6118bc3d9,TID_HINT_DPS,유닛과 포탑의 정보 창에서 확인할 수 있는 공격력은 초당 공격력으로 설정되어 있습니다.
034d3baef8c841a0,TID_AVATAR_MESSAGE_TEXT_LAYOUTS_SCRAMBLED,마을의 배치 상태가 부적절하다고 판단되어 초기화되었습니다. 같은 일이 다시 발생할 경우 계정 정지 기간이 연장됩니다.\n부적절한 마을 배치에 대한 자세한 정보를 보시려면 아래를 탭하세요.
16a33d5172c04d59,TID_HINT_REPLAY,전투 기록을 통해 실제 전투 장면을 리플레이할 수 있습니다!
f618e0f2bf955d46,TID_CHARACTER_INFO_BOWLER,이 덩치 크고 시퍼런 친구는 단순하게 사는 걸 좋아합니다. 바로 다크 엘릭서를 마시고 바위를 던지는 것이죠. 볼러의 거대한 바위는 목표물에 명중한 뒤 튕겨나가 다시 뒤에 있는 사물을 공격합니다!
5269d49020b29ef5,TID_DIAMOND_BUNDLE_MAGICITEMS_VILLAGE_UPGRADE_PACK_INFO,• 보석 <gems>개\n• <res0> 골드\n<res1> 엘릭서\n• 건물의 책 x<booster1>\n• 보관량 제한이 없습니다!\n\n건물 업그레이드에 필요한 모든 것!\n\n놓치지 마세요!
e350927fe4761dcb,TID_PET_SPIRIT_FOX,스피릿 폭스
d1bb8d7dd226ef63,TID_MONTH_2,2월
307c79b24b7cdae5,TID_DOWNLOADING_SKIN,스킨 다운로드 중...
2e40768c21e2eb81,TID_CHARACTER_INFO_BABY_ELECTRO_DRAGON,"베이비 일렉트로 드래곤은 3개의 대상만 연쇄 공격하며 큰 피해를 주지는 못하지만, 느리지 않습니다."
3b4116125c4becdd,TID_AD_SEEKER,라바 하운드
8ceba5241499116b,TID_LEVEL_NUM,<number>레벨
960dee81af468628,TID_NPC_CHALLENGE_TH13_HYBRID_MINERS,측면이 정리되었습니다. <c54a0fe>광부</c>를 중앙에 배치하세요!
56f835a4055883fd,TID_HINT_PEKKA_INFO,P.E.K.K.A의 정체는 무엇일까요? 기사? 사무라이? 로봇? 아무도 모릅니다!
31cbdd60e8da20d5,TID_HASTE,분노 마법
e678da0d6d078030,TID_WL_COLUMN_CLAN_NAME,클랜
87ef037da5e0bc16,TID_COPY_LAYOUT_FAILED_NOT_IN_CLAN,클랜 캐피탈 배치를 복사하려면 클랜에 소속되어 있어야 합니다.
eb830d4a3eef8377,TID_CLAN_GAMES_THEME_AUTUMN,추계\n클랜 게임
fd0e5e4fbcfba606,TID_BP_COMPLETED_TASKS_HEADER,완료 도전
308644a1cd6542b6,TID_LEAGUE_INFO_REMEMBER,리그를 올려서 더 많은 전리품 보너스를 받아보세요!
89ef55f4d0db2afa,TID_EVENT_TITLE_END_OF_SUMMER_OFFER_TH0206,빅토리 팩
a653d6d51e5a97c7,TID_BP_PERK_ACTIVATED,<num>% <perk> 적용!
6c6b387e1de1e5bd,TID_PRESET_EMPTY,준비된 군대가 없습니다
0f5dbdb2a6bf7655,TID_WIZARD_TOWER_INFO,궁극의 비전 방어 시설! 타워 위의 마법사는 강력한 광역 마법으로 지상 및 공중 유닛을 동시에 공격합니다.
21ca84175f89ff0c,TID_TH15_CHAMPION,마법 챔피언
c2929abf65043f43,TID_CAPITAL_RESOURCE,캐피탈 골드
24f9612a5d4015bd,TID_BATTLEPASS_TASK_INFO_GET_FRIENDLY_HOMEBATTLESTARS,마을 친선 전투에서\n별 <num>개 획득
e2bfc5ba48a9f1a3,TID_BOOSTER_USE_BB_STAR_BONUS_BOOSTER_QUESTION,<booster> 사용으로 장인기지 별 보너스를 바로 충전할까요?
c5cbef9be84f4010,TID_CLANGAMES_TASK_DESTROY_QUEENALTARS,아처 퀸 제단 파괴
b8b73fca15379714,TID_TRADER_ITEM_CANNOT_FIT_IN_STORAGE,저장 공간 부족
9c00fc0c93f19440,TID_CAPBUILD_BARRACKS_BALLOON_INFO,로켓 비행선을 만들 때는 안전을 챙길 시간이 없습니다. 유일한 규칙이 있다면 그저 빨리 진행해야 한다는 것뿐입니다.
725de9c472f41c2b,TID_SUPER_MINION_ABILITY_HELP,첫 <num>회의 공격 사정거리가 증가합니다.
36526902a18d9e0a,TID_ACHIEVEMENT_PVP_ATTACKS,멀티플레이 전투 <number>회 승리
7e5c498d7d68db41,TID_UNLOCK_SPELL_FORGE_SPELL,<name> 잠금 해제
df603143393cd3c9,TID_NEWS_UPDATE_OTHER_TITLE,게임 밸런스 조정
d9fea3d2a33a8c93,TID_ABILITY_COOLDOWN,재사용 대기시간 <number>초
fe5b31dc9b37668b,TID_BUTTON_SET,확인
8fb91b3b5a12b44d,TID_BATTLEPASS_TASK_INFO_GET_CLANGAMES_POINTS,클랜 게임에서 <num>점 획득
0de3455dd32bacad,TID_PREFERRED_TARGET_DAMAGE_BONUS,(공격력x<number>)
21208f1ce83b7d05,TID_TUTORIAL_ATTACK_NPC_BUTTON,공격!
3e5beb4820f5a690,TID_GOLD_PASS_PURCHASE_INFO_SCID,이번 시즌의 골드 패스를 받으면 위의 보상을 잠금 해제할 수 있습니다.
8394fd7eb10e11c7,TID_ALLIANCE_CREATE_TYPE,클랜 유형
be04e55b35b42110,TID_DAILYLOGIN_TITLE,일일 보상!
f7780d8db8611085,TID_CAPBUILD_SPELLLAB_GRAVEYARD_INFO,무덤 마법이 가득한 커다란 통을 제조합니다. 뼈들이 부딪치는 소리는 무시해주세요.
f1b28f85cb5f713e,TID_CLANGAMES_TASK_INFO_USE_SIEGEZEPPELINS,멀티플레이 전투에서\n전투 비행선 <num2>대를 사용해\n별 <num>개 획득
0e0cb9a9d41f89a6,TID_MOVE,옮기기
d06a0c2d54410cc8,TID_INFOBUBBLE_BUILDER_SUGGESTION,추천 업그레이드:
db4007977c705d65,TID_WAR_PREPARE_ARMYCAMP_INFO,"마을에서 전쟁을 준비하세요!\n<c2>클랜 성</c>을 채우고, 클랜원을 돕고, 최고의 <c2>병력</c>을 고용하고, 강력한 <c2>마법</c>을 제작하고, <c2>영웅</c>들이 싸울 수 있게 준비시켜야 합니다!"
30158556947295a2,TID_ACHIEVEMENT_DESTROY_TOWNHALL_TITLE,굴욕 주기
8ede65596d8af836,TID_NPC40,절대 악
bde9d080c4650f66,TID_TUTORIAL_CANNON_4,대포를 마을에 설치하세요. 마을회관을 반드시 보호해야 해요!
b307e1547d68b824,TID_BOOSTER_LAB_POTION,연구 포션
62190a438b7dd51b,TID_HINT_ARTILLERY,독수리 포탑이 작동하기 전에 소규모 병력을 배치하면 공격 준비에 도움이 됩니다.
b6f664c0ab4839dc,TID_MOVE_MASTER_BUILDER_CONFIRMATION_BB,당분간 마스터 장인을 장인기지로 보낼까요?
611e4f6fb60d1d95,TID_LOCAL_NOTIFICATION_EVENT_SPECIAL_SPELL,"대장님, 기간 한정으로 특별 마법을 사용할 수 있습니다!"
ca32fce262e35e67,TID_STARTER_TH3_JOINCLAN,친구 찾기
ba6a9c39adb27910,TID_ACCEPT_FRIENDLY_WAR_NOT_AVAILABLE_IN_MODE,홈으로 돌아가 친선전을 수락하세요!
6b997b8493671ebf,TID_SUPER_WALLBREAKER_ABILITY_HELP,더 큰 폭발로 반드시 터지는 폭탄입니다.
1c3e1e40322b6773,TID_ALLIANCE_JOIN_BUTTON,가입
ca33e23f960fbfc8,TID_BUILDING_DARK_ELIXIR_STORAGE,다크 엘릭서 저장소
def06906841621e0,TID_BOOSTER_WALL_UPGRADE_OFFER_INFO,장벽 링 x<num> - 장벽이 즉시 업그레이드됩니다. 높은 레벨의 장벽엔 더 많이 필요합니다.
d1c2dae861094728,TID_NPC_CHALLENGE_TH8_GOWIPE_CLEAN_UP,남은 유닛을 모두 배치해 완파하세요!
20a957d784fb3987,TID_CHAT_BANNED_PERIOD_OF,전체 채팅 금지 기간:
1228dcd9f767be58,TID_RUINS_BARRACKS,폐허가 된 훈련소
d14ebae725e97486,TID_CLANPERK_COMPLETED,완료!
275c5d3289ad3071,TID_BUILDING_ELIXIR_STORAGE,엘릭서 저장소
12fece28b91c0945,TID_NO_RIGHTS_TO_EDIT_DISTRICT_LAYOUT,대표와 공동 대표만이 구역 배치를 수정할 수 있습니다.
b95fe70fc27f8d1c,TID_GUEST_LOGIN_BUTTON,게스트 로그인
c285ea0a531db83a,TID_DISTRICT_BALLOON_LAGOON,비행선 석호
cbf809562fe558c3,TID_ACHIEVEMENT_NPC_STARS_TITLE,고블린 처치
6f55641e928435d6,TID_TENCENT_DOLPHIN_DOWNLOADING_73,更新下载全量文件
1aad042206524e11,TID_ACHIEVEMENT_DONATE_UNITS,클랜 성 인구 <number>에 해당하는 지원군 파병
ef6ab2fa8b688364,TID_WAR_STATS_TITLE,전쟁 통계
62cd0b06257c3224,TID_ACHIEVEMENTS_VILLAGE1,내 마을 업적
6224a0d261ab2bcb,TID_LEAGUE_MASTER1,마스터 리그 I
39d636e6ced997c5,TID_NPC11,박격포
833263e023d08c26,TID_BAN_ACKNOWLEDGEMENT_TITLE,계정 경고
408b011dc1fb9a94,TID_BUILDING_MEGA_TESLA,메가 뇌전탑
1264f132ac73c2c1,TID_ALLIANCE_GAMES_RESHUFFLE_BUTTON,교체
21d228d9a65891e2,TID_IAP_NOT_AVAILABLE,기기의 제한 설정에서 인앱 구매를 승인하세요.
cee27a22ac99ee65,TID_RESOURCE_PACK_ELIXIR_FULL,엘릭서 가득 충전
9cb1dd965066a5ae,TID_ALLIANCE_WAR_BATTLE_XP,공격에 성공해 <xpnum>의 클랜 XP를 받았습니다.
e084cc923d9e6b9e,TID_CLANGAMES_TASK_DESTROY_BB_HEALINGHUT,치유의 오두막 격파
57b90584cbaaa2fc,TID_NPC_CHALLENGE_TH6_GIWIWA_GIANTS,<c54a0fe>자이언트</c>를 먼저 배치해 <c54a0fe>마법사</c>를 보호하면서 공격을 시작하세요!
a84af076e4475e28,TID_CLASHFEST_KING,클래시 축제 킹
220bc66127cef21e,TID_STARTER_TH5_BUILDSPELLFACTORY,마법의 길
88faae07fea2b53e,TID_BB_BATTLE_LOG_ONGOING_ATTACK,공격받고 있습니다!
4ae11b06a1c9f724,TID_GIFT_CLAIM_FAILED_NOT_PART_OF_CLAN,클랜에 소속되지 않았으므로 선물을 받을 수 없습니다!
6ac189b026c07645,TID_SELECT_RANDOM_SKIN_MODE,선택한 스킨 중 하나가 무작위로 적용됩니다.
10dea0acb058af29,TID_CLAN_TAG_COMPETITIVE,경쟁적
f100b565f30d02fd,TID_KUNLUN_APP_STORE_ANZHI,Anzhi
326646ee553d59b7,TID_GRAND_WARDEN_INFO,그랜드 워든은 마법 지팡이와 마법 책으로 무장한 베테랑 전략가입니다. 적의 마을을 공격하는 유닛을 강화하거나 마을을 지킬 수 있습니다.
f959f9809a8b4f0e,TID_CAPBUILD_SPELLLAB_RAGE_INFO,분노 마법이 가득한 커다란 통을 제조합니다. 근처에 있는 것만으로도 분노가 치밀어 오릅니다.
20b191f6ae558aba,TID_IRONFIST_GIANT,복서 자이언트
ca4346c408829be4,TID_HERO_ABILITY_QUEEN_TITLE,여왕의 망토
5788c8281cb65a38,TID_DISTRICT_BARBARIAN_CAMP,바바리안 집합소
a31cc16ff36e1511,TID_ARTO_TASK_GEAR_UP,\n마을 건물 3개를 개조해서 완료하세요.
41644aa9dc3297b0,TID_LEAGUE_DIAMOND,다이아몬드 리그
57d65473b3e36984,TID_CLANGAMES_TASK_INFO_DESTROY_CHAMPION_ALTARS,멀티플레이 전투에서 로얄 챔피언 제단 <num>개 파괴
6ef48acf02c5e8c4,TID_HINT_VERSUS_BATTLE1,"별을 더 획득해서 장인 전투에서 승리하세요! 획득한 별의 수가 같으면, 파괴율이 더 높은 플레이어가 승리합니다."
13bfc6a833ec6a00,TID_ARCHER_TOWER2_INFO,누구도 아처의 화살을 피할 수는 없습니다. 이 타워에는 장거리 공격과 빠른 공격을 전환하는 특별 스위치가 있습니다!
34a74ffdcb061cab,TID_NEWS_CW_BD_GIFTS_TEXT,클랜전 기념일을 축하해 주세요! <c80d8e8>보석+클랜 선물</c>을 구매할 때마다 클랜은 보너스 보석을 받습니다.
fdb4f44905f86e07,TID_GOLD_PASS_PERK_DETAILS,건설과 훈련과 연구를 더 빠르게!\n\n골드 패스 특전 효과:
e092602b619e75ee,TID_TUTORIAL_SHIP_ARRIVE_FIX_VILLAGE,"운이 좋은 것 같습니다, 대장님! 이 낡은 건물들을 수리해 대피소로 쓸 수 있습니다!"
4d68fab73e1c25dc,TID_PROFILE_LEGEND_NO_LAST_RANK,등록되지 않음
ff4cd4be68ae9325,TID_ACHIEVEMENT_CASTLE_UPGRADE,클랜 성 <number>레벨로 업그레이드
28687960532179d1,TID_CLAN_GAMES_LEAVING_SOON_REWARDS,클랜 게임이 곧 떠납니다. 보상을 획득하세요!
52cc85bacf912ac5,TID_CLAN_GAMES_THEME_WAR,전쟁\n클랜 게임
6d1fb62f5c76c78b,TID_LEAGUE_HERO,타이탄
5939d3dac8090800,TID_HINT_DARK_ELIXIR_BUILDINGS,"다크 엘릭서는 마을회관 7레벨부터 생산 및 저장할 수 있으며, 이때부터 암흑 병사도 훈련 가능합니다!"
823657359a9d98d6,TID_LEGENDS_MP_ATTACK,공격
b6d11d6c4f4c0797,TID_OFFER_BUILDING_LEVEL,<building> <level>레벨
e57cbb1f6e9e7aee,TID_BUY_RESOURCES_STORAGE_FULL,<item> 획득에 필요한 저장소 공간이 부족합니다.\n<item><num>개만 구매할까요?
a5d615746e874110,TID_CLANGAMES_TASK_WIN_STARS_VS_TOWNHALL_9,목표: 9홀
463d447ca01a21cc,TID_CHARACTER_INFO_DARK_WITCH_SHORT,박쥐 친구가 있다면 절대 외롭지 않아요.
7e668656ecc438e6,TID_NPC_CHALLENGE_POISON_TO_SLOW_DOWN_QUEEN,<ce98714>독 마법</c>을 사용해 <cf70d16>적 아처 퀸</c>을 느리게 만드세요.
1edfa47cfc0531b8,TID_6ANNIVERSARY_OFFER_MAGICITEMS_BOOK_AND_RUNES_INFO_1999,• 골드 룬 x<booster1> - 마을의 골드 저장소를 가득 채울 수 있습니다.\n• 다크 엘릭서 룬 x<booster2> - 마을의 다크 엘릭서 저장소를 가득 채울 수 있습니다.\n• 건물의 책 x<booster3> - 건물 업그레이드가 즉시 완료됩니다.\n\n• 보관량 제한이 없습니다!\n• 해당 특가 상품은 10회 구매할 수 있습니다!\n\n기념일 팩은 기간 한정으로 구매할 수 있습니다!
01e27442a3c86497,TID_UPGRADE_TH_LOCKED_INFO,다음 건물들을 건설해서 장인회관의 다음 레벨을 해제하세요!
0ab107502c261b99,TID_LEAGUE_SILVER2,실버 리그 II
fc685c731dc8ff3c,TID_RECALL_TROOPS_ALREADY_DEPLOYED,복귀한 유닛을 이미 배치했습니다
bc848990e024c964,TID_NPC_CHALLENGE_DEPLOY_ARCHER_QUEEN,<c9916c8>아처 퀸</c>을 배치하세요.
7087266eab28a9a7,TID_ACHIEVEMENT_LOOT_DARK_ELIXIR_TITLE,용감한 강도
b04e2b3213419863,TID_RECEIVE_INVITATIONS_BUTTON,초대 받기
bcd71330663e5d4c,TID_NPC_CHALLENGE_TH9_LAVALOON_FREEZE,"유닛들이 접근하는 동안, <c38eaff>얼음 마법</c>을 사용해 <cf70d16>바람 방출기</c>를 얼려버리세요."
e1e88eb6de752ba1,TID_CAPITAL_ARMY_SAVE_INVALID,유효하지 않은 캐피탈 군대이므로 저장할 수 없습니다.
8efd9a29bac9334a,TID_LEAGUE_BRASS1,브래스 리그 I
bc5002462b678e90,TID_WAR_STATS_HEADER_TOTAL,합계
e39240471ed9bebc,TID_CAPITAL_TUTORIAL_8,캐피탈회관이 강해질수록 건설할 수 있는 구역이 더 많이 잠금 해제됩니다.
c9186f7388d64b5d,TID_EVENT_TITLE_NOOB_PACK_0099_0299,1회 한정 특가 상품
314d1539320905e1,TID_CLANGAMES_TASK_INFO_CLEAR_OBSTACLES,마을이나 장인기지에서\n장애물 <num>개 제거
efdeb2cad2618b40,TID_BOOSTER_HERO_POTION_STARTED,영웅 및 펫이 강화되었습니다!
a20e126221c1a2ae,TID_DIAMOND_BUNDLE_TH8_ALT_UPDATED_INFO,• <res0> 다크 엘릭서\n• <res1> 골드\n• <res2> 엘릭서\n\n보관량 제한이 없습니다!\n\n이번 한 번 뿐인 <cffec78><value>배 가치</c>의 구매 기회를 놓치지 마세요!
4bdd0ef8325b1ee7,TID_HINT_DARK_SPELLS,"암흑 마법은 다른 마법보다 저장 공간을 적게 차지하므로, 전투에서 더 많이 사용할 수 있습니다!"
5d4c3763bee4b438,TID_ADD_FRIENDS_INFO_REQUESTS_TENCENT,플레이어 프로필에서 클래시 친구로 등록하세요. 로그인하면 WeChat이나 QQ 친구들이 자동으로 표시됩니다.
21663b00f6fc8819,TID_RECALL_NO_TROOPS_TO_DEPLOY,복귀한 유닛이 없습니다
422d7488bf4b4115,TID_NPC_CHALLENGE_TH11_LAVALOON_BALLOONS1,<c54a0fe>해골 비행선</c>을 대부분 배치하세요.
1b269cf25e2b2c7f,TID_CHAT_RULES_OK,확인
0110736373a8117d,TID_ALLIANCE_LEAVE_CONFIRMATION,정말 탈퇴할까요?
46024bf341fd9c03,TID_BATTLEPASS_TASK_INFO_WIN_BATTLES_USING_MINIONS,멀티플레이 전투에서\n미니언을 사용해\n<num>회 승리
13c856b4286ac29b,TID_INVALID_DESCRIPTION,부적절한 설명입니다! 다른 내용을 입력하세요.
0fdaf4623fdf66bc,TID_TUTORIAL_ARTO_START_1,이곳에서 우리가 처음 만났을 때를 기억하시나요? 제가 대장 마을에 한번 가보고 싶다고 했었는데.
a61efebafb373921,TID_UPCOMING_DAYS,다음 리그일
957bdcbe9b7c6b6e,TID_NPC76,박쥐로 렛츠고
a737069a57991cd7,TID_GIFT_GIVEN_STREAM_TEXT,클랜 선물을 보냈습니다!
4f27d2c1dd13e460,TID_TUTORIAL_CLASHOWEEN_EVENT_B2,"자, 이제..."
3bceb1c3e89b9be8,TID_HINT_UPGRADE_CANNONS,대포를 업그레이드해서 침입자에 대한 방어를 강화하세요.
15a3931ec05a1a7d,TID_UPGRADE_THE_REQUIRED_BUILDING_FIRST,장인기지에 <level>레벨의 <name> 필요!
bb2ce65540a3569c,TID_ICE_HOUND_INFO,뜨거운 라바 때문에 생긴 소화불량에서 벗어난 아이스 하운드는 전장을 꽁꽁 얼려버립니다. 쿨해서 미안해.
d6058cd292d017a7,TID_DUPLICATE_SPELL_INFO_SHORT,원하는 대로 유닛을 복제하세요.
1685d41708ca8f83,TID_HINT_TH12_MAX_LEVEL_WEAPON,완전히 업그레이드된 마을회관 12레벨은 조심해서 공략해야 합니다. 마을회관이 파괴되면 폭발하기 때문이죠!
ae90084e1b333f15,TID_LINK_SAME_PLATFORM_TITLE_ANDROID,Google 계정 동기화
cf2469345e21f8f0,TID_OBSTACLE_LARGE_PINE_TREE,거목
80afea0156fe5bca,TID_NPC_CHALLENGE_BOWIGI_FREEZE2,이제 두 번째 <cf70d16>인페르노 타워</c>에 <c38eaff>얼음 마법</c>을 사용하세요!
901141b5d9c3267b,TID_TUTORIAL_RAID_WEEKEND_3,이 캐피탈을 이기고 나면 다른 캐피탈과 매칭됩니다. 주말 습격전이 종료될 때까지 계속해서 새로운 클랜을 상대할 수 있습니다!
3fd36c0cda7c8807,TID_NPC68,고블린 수도
d2c2cb683a0de009,TID_NPC20,고보 캠퍼스
a71ed2c3f528f3bf,TID_XP_BUTTON_HAYDAY,무료
b954f71cc0b363dd,TID_ACHIEVEMENT_DESTROY_INFERNO_TITLE,소방관
083a84801714d3e4,TID_OFFER_PURCHASE_PENDING,구매 중...
52e6e857f8f0bffb,TID_DIAMOND_BUNDLE_TH8_UPDATED_INFO,• 폭탄 타워 2레벨\n• 마법사 타워 5레벨\n• <res0> 다크 엘릭서\n\n보관량 제한이 없습니다!\n\n이번 한 번 뿐인 <cffec78><value>배 가치</c>의 구매 기회를 놓치지 마세요!
182edacb0055180c,TID_CAPITAL_MAP_MODE_TEXT_VISITING_FINISHED_ATTACK,지난 습격전 공격
76cf10e83a81e570,TID_RAID_WEEKEND,주말 습격전
3678385c85373c72,TID_CLANGAMES_TASK_INFO_LOOT_GOLD,멀티플레이 전투에서\n<num> 골드 약탈
38b401f3b1252ae3,TID_UPGRADE_INFO_HOUSING,집합소 당 유닛 수(+<num>) <old>
14693f3106d24f2d,TID_MAX_MEDALS_INFO,트랙에서 획득한 메달
2a6f0310fbde0849,TID_BP_PERK_AUTO_FORGE,단조 작업소 자동 슬롯
635d64ca8202faa1,TID_SETTING_SCREEN_SHAKE_INFO,"이 옵션을 \q켜면\q, 특정 효과가 발생할 때 화면이 흔들립니다."
0b391bd67473d2d6,TID_CONGRATULATIONS,축하합니다
2b7ea4c7bd36a14b,TID_ALLIANCE_DONATE_DONATED,병력 및 마법 지원:
ed54d14a52c39544,TID_STREAM_EVENT_DISTRICT_LAYOUT_SCRAMBLED,클랜 캐피탈의 배치에 부적절한 부분이 있어 재설정되었습니다
2ad4659f4466d476,TID_POPUP_CHANGE_LANGUAGE,정말로 언어 설정을 변경할까요?
9b15f60429a16df3,TID_CHARACTER_RIDERLESS_HOG_INFO,라이더 없는 호그는 장벽을 뛰어넘고 방어 시설을 공격합니다. 그렇다면 라이더는 애초에 없어도 되는 거 아니었을까요?
8dd162823d8cb2dd,TID_HERO_ABILITY_LEVEL,능력 레벨: <number>
fd9844149475619a,TID_DISTRICT_LEVEL_COMBO,<name>\n레벨 <num>
8881120562ab7145,TID_SHIELD_POPUP_SHIELD_DESCRIPTION_1,"보호막은 다른 플레이어의 공격을 막아줍니다. 멀티플레이나 복수에서 상대 진영을 둘러보는 것에는 영향을 받지 않지만, 먼저 공격을 시도하면 보호막이 짧아집니다."
3b218aafbd5cf55b,TID_CLANGAMES_TASK_DESTROY_TESLATOWERS,뇌전탑 파괴
b5f2349701df4652,TID_TUTORIAL_CLASHOWEEN_EVENT_B1,이 가마솥을 근사한 곳에 놓아 볼까요?
b73636babefbf666,TID_BOOSTER_FINISH_SPELL_UPGRADE_INFO,무명의 마법사가 제작한 이 마법의 책을 사용하면 진행 중인 마법 업그레이드가 즉시 완료됩니다. 마을에서만 사용할 수 있습니다.
512e36fa4fc81f13,TID_ELECTROFIRE_WIZ_ELECTRO_MODE_UPGRADE_INFO,일렉트로 모드에서는 각 목표물에 초당 <num>의 피해를 줍니다.
4abce4308932ad0b,TID_BUTTON_CAPITAL_MAP,지도
6f7935c49149a399,TID_MINER_QUEEN,광부 퀸
5ae0a42a1870f78d,TID_ALLIANCE_WAR_PERSONAL_ATTACK_1,공격 1
7c98f144d3c620fd,TID_BUY_SHIELD_HEADER,보호막을 구매할까요?
e462de90057a2371,TID_CLANGAMES_TASK_INFO_DESTROY_AIRDEFENSES,멀티플레이 전투에서\n<building> <num>개 파괴
a3cce616b744672f,TID_POPUP_REMOVE_SPELL_TITLE,마법 제거 확인
bae9d214f5d654e2,TID_WAR_PARTICIPANTS_HEADER,전쟁 참가자:
b70dec0cb1f50ccf,TID_CLANGAMES_TASK_INFO_USE_BABYDRAGONS,멀티플레이 전투에서\n베이비 드래곤 <num2>마리를 사용해\n별 <num>개 획득
8d63e5793eabe866,TID_CHARACTER_INFO_TREANT_SHORT,트리 라이더의 단단한 나무 뿌리는 적의 장벽과 방어 시설을 먼지로 만들어 버립니다.
09d4bcfda4b4b499,TID_REENGAGEMENT_BUILDER_ALT_1,대장님이 자리를 비운 사이 장인이 계속 낮잠만 자고 있었습니다. 뭔가 일거리를 주는 게 좋지 않을까요?
f07ffbbcd140530a,TID_SUPER_DRAGON_ABILITY_NAME,불타는 숨결
28162fab79798f3b,TID_SPELL_FACTORY_VOUCHER_CLAIM_FAILED_INVALIDATED,유효하지 않은 쿠폰입니다.
2ad8068575b99c4b,TID_LOCAL_NOTIFICATION_EVENT_SPECIAL_TROOP_GOVAHO,"대장님, 특별 이벤트 동안 골렘, 발키리, 호그 라이더를 사용해 보세요!"
163e397125db79ee,TID_CHARACTER_LAVALOON_PUP,라벌 펍
a9c0e9e263b75051,TID_BUTTON_SWAP_SKIN,스킨 변경
f3b07b34c06b2c9f,TID_POPUP_GOBLIN_HELPER_HEADER,도움이 필요하세요?
e6f0d27df3e4adf7,TID_LOADING_CHINA_TENCENT,本公司积极履行《网络游戏行业防沉迷自律公约》抵制不良游戏，拒绝盗版游戏。注意自我保护，谨防受骗上当。适度游戏益脑，沉迷游戏伤身。合理安排时间，享受健康生活。根据国家新闻出版署《关于防止未成年人沉迷网络游戏的通知》、《关于进一步严格管理切实防止未成年人沉迷网络游戏的通知》，所有网络游戏用户均需使用有效身份信息完成账号实名注册后方可进入游戏，认证为未成年的玩家将受到防沉迷功能限制。\n粤网文【2017】6138-1456号、（总）网出证（粤）字第057号 著作权人：SUPERCELL OY 出版单位：北京昆仑乐享网络技术有限公司 运营单位：北京昆仑乐享网络技术有限公司 文网游进字【2015】0062号 审批文号：新广出审【2015】1084号 出版物号：ISBN 978-7-89988-438-6
93ac86361d763625,TID_SPECIAL_OFFER_EASTER_LIMITED_999,봄맞이 특가
b5c53478ea1b81c1,TID_SPELL_IMMORTALITY_INFO,전장 어디서든 유닛을 무적으로 만드세요!\n\n이 마법을 유닛들에게 사용하면 잠시 피해에 완전히 면역됩니다.
e36fce9cc60e384d,TID_ALLIANCE_WAR_SPECTATING_NOT_ALLOWED,클랜전 관전 비허용
5246be9022d3f8d7,TID_ALLIANCE_GAMES_REWARDS_TAB,보상
1336a9d83f85679f,TID_UNLOCK_RUINS,폐허 잠금 해제:
bc170739e94a12b1,TID_SELF_SERVICE_BUTTON,셀프 서비스
b17610c72a3a02e7,TID_BABY_DRAGON2,베이비 드래곤
3b742487e1605e0b,TID_CAPITAL_ARMY_SAVE_FAILED_TOO_MANY_SPELLS,클랜에 마법이 너무 많습니다.
8958f32310904d45,TID_CLAN_CASTLE_LEVEL_TOO_LOW,상대의 클랜 성 레벨이 너무 낮습니다!
bda2fe4a91f57094,TID_TRAIN_TROOPS_HINT,공격하기 전에 군대를 훈련시키세요!
b72dcff71ddd3cc7,TID_TUTORIAL_CHECK_PARENTAL_CONSENT,"대장님, 게임을 시작하기 전에 보호자의 승인을 받아야 합니다."
77209dce94e105b3,TID_CLANGAMES_TASK_LOOT_DARKELIXIR,다크 엘릭서 약탈
9c0b5863bf69c9ab,TID_CAMP_FIRE_DECO,고블린 캠프파이어
e05eae0cfd4daebc,TID_LEGENDS_SET_CASTLE_TROOPS_TEXT,다음 리그일 방어에 해당 클랜 성 병력을 사용할까요?
91df8edd5b58516d,TID_DRAW,무승부
24f3d54028683663,TID_LEAGUE_CLAY4,클레이 리그 IV
61aec7c5290c288a,TID_EDIT_CAPITAL_ARMY,캐피탈 군대 변경
3977fc70697339eb,TID_ALLIANCE_WAR_STAT_AVG_DESTRUCTION,평균 파괴율
45f1932051f14f93,TID_DECO_RUIN_FOREST_CIRCLE,고리형 숲
08c725f44b356080,TID_STREAM_EVENT_STARTED_WAR_LEAGUE,클랜전 리그 검색을 시작했습니다.
fffc004cc0391d4e,TID_CLAN_JOIN_FAIL_ALREADY_SENT,클랜 가입을 다시 요청하려면 기다려야 합니다!
5d8520a183c272c1,TID_V2_DUEL_FEED_DESTROYED,파괴됨
c98cfccc07048f75,TID_FAVORITE_TARGET_HEROES_AND_TROOPS,영웅 및 유닛
91dd84ec4adbb101,TID_BUILD_TIME,건설 시간
490ef144ca1e16f0,TID_MULTI_ARCHER_TOWER_INFO_SHORT,아처가 많을수록 적들은 고통받는 법이죠.
2eb2e2911dd389e8,TID_HOUSING_SIEGE_MACHINES_INSIDE,시즈 머신:
e8818e0f6447c622,TID_BATTLEPASS_TASK_INFO_DO_RAID_ATTACKS,캐피탈 습격전에서 공격 <num>회 수행하기
2ad1f5def5343b6e,TID_CHANGE_NAME_BUTTON,이름 변경
426e952872bca461,TID_OBSTACLE_ROOT,뿌리
9a5b4511ef8c2f8d,TID_BOOSTER_FREE_SPELL_UPGRADE_OFFER_INFO,마법 해머 x<num> - 마법을 다음 레벨로 즉시 업그레이드합니다.
32612a97b051a5e0,TID_CHANGE_NAME_ALREADY_USED,이름을 변경할 수 없습니다! 이미 이 계정에서 1회 한정의 이름 변경 기회를 사용했습니다.
2deed0264ed73520,TID_MULTIPLAYER_POINTS,내 트로피:
5efd5ee7d963a2f7,TID_ANTIADDICTION_ADULTHOOD_NOT_FULFILLED_3,미성년자 계정이므로 중독 근절 시스템에 의해 플레이가 제한됩니다. 일일 최대 플레이 시간인 1.5시간에 도달했습니다.
23ae768540091db6,TID_SETTING_CHANGE_FAILED,설정 변경 중에 오류가 발생했습니다. 잠시 후 다시 시도해주세요.
879e6cf5c022f77c,TID_TROOP_SPEED_UP_SUCCESS,훈련 완료!
e8228032e8a2b0b3,TID_BALLOON_CARRIER,해골 수송선
f464253df4a0b7a1,TID_BUILDING_HOUSING,집합소
bf7aa6afcff47702,TID_BOOSTER_FINISH_ANY_UPGRADE_OFFER_INFO,궁극의 책 x<num> - 진행 중인 어떤 업그레이드도 즉시 완료됩니다.
c6941a3e9c94359f,TID_TRAIN_TUTORIAL_ARROW,길게 누르기
b1bc0c573fd68dfa,TID_DIAMOND_BUNDLE_TH10,마을회관 10 팩
22d5aaa780051b51,TID_TASK_GET_VS_BONUS,오늘의 장인 별
3b79ed40f19650a3,TID_CHARACTER_INFO_TOXIC_MINION,어둠 속에서 빛을 발하며 멀리서 대상을 공격합니다. 댄스 무대에선 누구보다 더 열정적입니다.
ee1be6b7b345b1a3,TID_CAPBUILD_BARRACKS_SKELETON_BARREL,해골 통 훈련소
89c773d0b7eceac6,TID_BOOSTER_USE_HERO_POTION,영웅 강화
fdf896e187c67c3e,TID_SUPER_WIZARD,슈퍼 마법사
262ae4ed44260230,TID_BOOSTER_FREE_TROOP_UPGRADE_OFFER_INFO,유닛 해머 x<num> - 유닛을 다음 레벨로 즉시 업그레이드합니다.
d1d97bed4ced5ec2,TID_DEVICE_LINK_SUCCESFULL_OLD_NO_DEVICE,새 기기가 성공적으로 계정과 연동되었습니다!
362d81794f978063,TID_TROOP_UPGRADE_ALREADY_ONGOING,이미 업그레이드 중입니다.
12e9827e70d32de0,TID_CAPITAL_PLAYGROUND_DEPLOY_AREA_EXPLANATION,캐피탈 공격에서는 원하는 곳에 유닛을 배치할 수 없습니다.
8a990d7d6842f61b,TID_BOOSTER_FILL_GOLD_STORAGE_OFFER_INFO,골드 룬 x<num> - 마을의 골드 저장소를 가득 채울 수 있습니다.
b22c1903f6985ebe,TID_OFFER_DONT_MISS_ONE_TIME_OFFER_VALUE,이번 한 번 뿐인 <cffec78><value>배 가치의</c> 구매 기회를 놓치지 마세요!
0b8652afa83adc8a,TID_PET_PHOENIX,피닉스
31f69f6673503d5f,TID_LEAGUE_STONE1,스톤 리그 I
52451b83c2839418,TID_TRAINING_SCREEN_TIME_LEFT,남은 시간:
959d3ad3077ee689,TID_PETS_FEATURE,영웅 펫
b10ff2f0f746f97c,TID_VILLAGE_ROWBOAT,장인의 배
9902908d8c727882,TID_ALLIANCE_RAID_ATTACK_FAILED_ALL_ATTACKS_USED,주말 습격전의 공격 횟수를 모두 사용했습니다.
686b0be4ea114fcc,TID_6ANNIVERSARY_OFFER_MAGICITEMS_RING_AND_ALLRUNES_INFO_4999,• 장벽 링 x<booster1> - 장벽이 즉시 업그레이드됩니다. 높은 레벨의 장벽엔 더 많이 필요합니다.\n• 엘릭서 룬 x<booster2> - 마을의 엘릭서 저장소를 가득 채울 수 있습니다.\n• 골드 룬 x<booster3> - 마을의 골드 저장소를 가득 채울 수 있습니다.\n• 다크 엘릭서 룬 x<booster4> - 마을의 다크 엘릭서 저장소를 가득 채울 수 있습니다.\n\n• 보관량 제한이 없습니다!\n• 해당 특가 상품은 4회 구매할 수 있습니다!\n\n기념일 팩은 기간 한정으로 구매할 수 있습니다!
040fd43435db2337,TID_NPC5,두 개의 총구
626f681e0aa29f44,TID_TOWN_HALL_7_INFO_SHORT,영웅과 다크 엘릭서의 시대가 왔습니다.
3c413919004cee4d,TID_CAPITAL_SPELL_DURATION,지속 시간:
c371ee2e69f02427,TID_ERROR_POP_UP_LOGIN_FAILED,잠시 후 다시 시도해주세요.
72bffaca36edf9da,TID_DIAMOND_BUNDLE_MAGICITEMS_TRAINING_POTION_ONLY_INFO,"• 훈련 포션 x<booster1>\n• 보관량 제한이 없습니다!\n\n대장님의 유닛 훈련, 마법 제조, 영웅 회복 속도를 빠르게!\n\n놓치지 마세요!"
04715be1fe935cb0,TID_BUILDING_PART_UNLOCKS_AT,잠금 해제 조건
d902ab438da736dc,TID_BARBARIAN_KING_SKELETON,해골 킹
e8ceacec894cb22f,TID_TOTAL_DAMAGE,총 피해량:
bfcbdfa4455e52e7,TID_CREATE_SKELETONS_SPELL_INFO_SHORT,예상치 못한 해골 군대로 적을 놀래키세요.
2f00b8974d74a98f,TID_NPC_CHALLENGE_BOWIGI_BOWLERS,<c54a0fe>볼러</c>는 적에게 피해를 주는 주요 공격 유닛입니다. 중앙과 아래쪽에 배치하세요!
314bc2d0c7bcc0ce,TID_LEGENDS_MP_SUMMARY,전투 기록
2e339d72ae5d7637,TID_ADD_FRIENDS_INFO_ANDROID,Google Play 친구 기능이 곧 출시됩니다!
7a09291b1c3b1973,TID_LOADING,불러오는 중
2bc8597dfd53ad84,TID_PIXEL_QUEEN,픽셀 퀸
105e004f5363e0e8,TID_PEKKA,P.E.K.K.A
7145530003bca2aa,TID_STARTER_UPGRADEWALL,장벽 업그레이드
323800907dd80fb9,TID_PLAYER_HOUSE_UNOCCUPIED_INFO,미래 클랜원의 집이 될 여유 공간입니다.
5b86308fd8033faa,TID_BATTLEPASS_TASK_WIN_STARS_USING_BAT_INFO,멀티플레이 전투에서\n박쥐 마법을 사용해\n별 <num>개 획득
5b63437f0cc3a10e,TID_LEGENDS_LEAGUE_DAY_STARTS,다음 리그일 시작까지:
5bab27978e35a8f6,TID_BATTLEPASS_TASK_WIN_BATTLES_USING_SNEAKYARCHERS,은밀한 공격
d11487c9ce37b668,TID_GIFT_NOT_AVAILABLE_IN_MODE,마을로 돌아가 선물을 받으세요!
3dd112a9a4127867,TID_DECO_RUINED_PILLAR_INFO,세월이 흘러 파손되었지만 여전히 굳건히 서 있습니다.
c179b34b85be789d,TID_POPUP_CANCEL_GOBLIN_CLEAR_TITLE,제거 중단
4a44021a155e7905,TID_FEATURE_DARK_ELIXIR_DESC,더 강력한 군대를 만들 수 있는 더 순도 높고 강력한 형태의 엘릭서입니다!
456307a1dd23d2bd,TID_TRAP_TORNADO_INFO,"거친 소용돌이를 일으켜 적을 휩쓸고 진로를 방해해, 적을 혼란에 빠뜨립니다!"
3ae6987f677a48c6,TID_BOOSTER_ERROR_UPGRADE,<booster> 사용이 불가능합니다. 업그레이드할 것이 없습니다.
62f6a2e682ede9c5,TID_NPC_CHALLENGE_BOWIGI_WITCHES,<c54a0fe>마녀</c>는 다른 유닛을 보호할 수 있습니다. 주요 유닛 그룹과 함께 배치하세요.
3fd0e7c53cdc86da,TID_TUTORIAL_DEFEND_BUTTON,방어 시작!
42d331b2d1d4ad4a,TID_BUTTON_USE_FILL_STORAGE_BOOSTER,채우기
9cfe226a7916ab01,TID_LINK_CODE_TEXT,이제 이 페이지를 유지하시고 다른 기기에서 연동 화면으로 간 후 \q새 기기\q 버튼을 탭하세요.
74d5f81254a2e934,TID_NPC_CHALLENGE_TH12_DRAGBAT_STONE_SLAMMER,<c54a0fe>바위 비행선</c>을 배치해 <cf70d16>멀티 모드 인페르노 타워</c>를 파괴하세요.
e5e963018f7ac6b1,TID_EVENT_TRACK_REWARD_INFO_CHARACTER_NOT_AVAILABLE,기간 한정 유닛을 더 이상 사용할 수 없습니다.
413585f61fb5da8b,TID_CHALLENGE_INFO_2014,클랜전을 통해 마침내 클랜이 격돌하게 됩니다! 라바 하운드가 합류하고 영웅에게 능력이 추가됩니다.
aff13f5c2e5c82d0,TID_COSMETICS_EXTRA_ANIMATIONS,추가 애니메이션
07b88e0a32d9db3a,TID_LEAGUE_GOLD3,골드 리그 III
ac618b124224d01b,TID_AMMO_ALREADY_FULL,대형 석궁이 이미 완전히 장전되었습니다!
304e1168605aeccc,TID_BATTLEPASS_TASK_INFO_USE_LOONS,멀티플레이 전투에서\n해골 비행선을 사용해\n별 <num>개 획득
440c9a34f19b496b,TID_ALLIANCE_WAR_ATTACK_FAILED_SNAPSHOT_NOT_AVAILABLE,지금은 대상 마을을 공격할 수 없습니다! 나중에 다시 시도해주세요!
6ef497322044c17b,TID_CHARACTER_INFO_MINION_HORDE,"빠르게 날아드는 6명의 비장갑 공격 유닛입니다. 셋은 그룹, 여섯은 무리이죠!"
4642a7d04c0240a8,TID_CAPITAL_VISIT_DISTRICT_FAILED,클랜 캐피탈 방문 실패
a9306aac942870f7,TID_TUTORIAL_WAR_LEAGUE_14,"아, 하나 더! 리그 메달은 획득한 별과 승리 횟수에 따라 지급됩니다."
aa275b43bb659210,TID_SCENERY_HOG_MOUNTAIN,호그 마운틴 배경
63228ddbc12e07ac,TID_WL_RESULT_STAYED,내 클랜 리그 유지:
a20dee2a42cef6d4,TID_UNPLACED_BUILDINGS,배치하지 않은 건물
caaff37803e53886,TID_CHOOSE_WAR_LEAGUE_SIZE,리그 전쟁 규모 선택
456558f7ac341a18,TID_TRAP_AIR_MEGA_INFO_SHORT,공중 유닛을 추적하여 폭발적인 피해를 줍니다.
8d4549d95b367c9c,TID_CHARACTER_INFO_PEKKA,P.E.K.K.A는 기사일까요? 사무라이? 아니면 로봇? 아무도 모릅니다! P.E.K.K.A의 갑옷은 엄청난 피해도 견딜 수 있습니다.
fdd2d4810a981bd5,TID_GOLD_PASS_SEASON_BANK_DETAILS,시즌 금고로 시즌 종료 후 더욱 푸짐한 전리품을 받으세요!\n\n골드 패스 시즌 금고 수용량:\n• 골드: <gold>\n• 엘릭서: <elixir>\n• 다크 엘릭서: <de>
bb2117e20a17b1af,TID_HINT_NAMECHANGE,마을 이름은 변경할 수 없습니다. 병사들이 마을을 못 찾을 수도 있거든요!
51555d24b4845834,TID_BATTLE_PASS_SEASON_END_TITLE,시즌 종료!
84edfa857bde5502,TID_HALLOWEEN_EVENT_2023_INFO,매시업 매드니스 기간 동안 오싹한 엘릭서를 모으고 보상을 받으세요. 거래상과 매시업 메달을 거래하면 더 많은 보상을 받을 수 있습니다!
6f5c399018231ae6,TID_HERO_ROYAL_CHAMPION,로얄 챔피언
6f29347997facee9,TID_LEAGUE_PLATINUM1,플래티넘 리그 I
7d0a9893b85f8b37,TID_DEVICE_LINK_CONFIRMATION_TOWNHALL_LEVEL,마을회관 <level>레벨
02c0cf18c77827d9,TID_CHALLENGE_LAYOUT,배치
fdb49fffc49346e2,TID_LEADERBOARDBANNER_PLAYERTOURNAMENTS_V2,장인 전투 토너먼트
3f897ac8cd1fd494,TID_ANTIADDICTION_NO_REAL_NAME_VERIFIED_1,실명 인증이 완료되지 않아 중독 근절 시스템에 의해 플레이가 제한됩니다. 22:00부터 내일 8:00까지 게임에 로그인할 수 없습니다. 실명 인증을 완료하려면 공식 웹사이트를 참조해주세요. 실명 인증을 완료한 뒤에 로그인할 수 있습니다.
26702aa6eceb8aaa,TID_TRAP_EJECT,점핑 트랩
878182785ec0c9ad,TID_EVENT_BOOSTS,이벤트 부스트
ab3fda29e4074d6e,TID_LOCAL_NOTIFICATION_EVENT_CLAN_XP,"대장님, 클랜 XP 이벤트가 시작됐습니다!"
bdac2dfdf1d8e1a0,TID_HINT LOOT_BONUS,전리품을 더 얻고 싶나요? 리그에 진입한 후 공격해서 승리하면 전리품 보너스를 받을 수 있습니다!
89f3765e0e75be48,TID_MASTER_BUILDER_BUSY,마스터 장인이 바쁩니다!
8277b457430a835c,TID_LOGIN_TO_SCID_BUTTON,Supercell ID 로그인
d7a9c8bf4a937665,TID_TUTORIAL_OUTPOST_INTRO_3,"도우미로 쓰려고 제가 만든 작은 로봇 친구죠. 인사드려, O.T.T.O!"
3b25f5326c003078,TID_BUILDING_CRUSHER,크러셔
9fd35d41d477001c,TID_CHOOSE_SPELL_MODE,마법 모드를 선택하세요
1d724e8f896ad826,TID_CHALLENGE_CHOOSE_NEW_LAYOUT,새 친선 전투 배치를 선택하세요.
80a9137b7b38b449,TID_DECO_FIRST_BARBARIAN_INFO,촌스러운 헤어스타일이 유행하던 시절의 오래된 조각상입니다.
4a42bc17dd02fc45,TID_CONFIRM_CONTINUE_WANTS_INVITES_TITLE,아직 클랜을 찾고 있으신가요?
085ffe2824961e09,TID_BOOSTER_MOVE_OBSTACLE,장애물 삽
bf24169977ee00fb,TID_OBSTACLE_HALLOWEEN2016,무서운 호박
ace5eb74b351eaac,TID_DECORATION_10YEAR_BIRTHDAY_STATUE_INFO,이건 폭탄일까요? 10주년 기념 장식일까요? 아니면 마을회관? 아무도 모릅니다!
7dba09b4e344adbe,TID_UNABLE_TO_COPY_CURRENT_ARMY_TO_FRIENDLY_ARMY,현재 군대 복사 불가
9618d787c7217427,TID_BATTLEPASS_TASK_WIN_STARS_USING_SKELETON_INFO,멀티플레이 전투에서\n해골 마법을 사용해\n별 <num>개 획득
744ac95d4ea4df17,TID_CLANPERK_DESC_DONATION_REFUND_VALUE,<value>% 비용
1fb9733ecd6aa0ef,TID_POPUP_CANCEL_GOBLIN_UPGRADE,"<item> 업그레이드를 중단할까요? 고블린 장인에게 지불한 보석은 환불되지 않으며, 자원 비용의 <number>%만 환불됩니다."
8116b82a1d400db8,TID_PUSH_WAR_4,<data> 대항 전쟁이 종료되었습니다.
fb006ffb535273f3,TID_POPUP_RED_GEMS_PURCHASED_TITLE,"감사합니다, 대장!"
edf0ac4553fdb81a,TID_SHIELD_POPUP_SHIELD_TIP,일단은 안전합니다. 잠시 쉬거나 공격하세요!
1183c6a0e79c4290,TID_BUTTON_OKAY,확인
f5bb678c06daf5d4,TID_GEM_MINE_INFO_SHORT,땅에서 귀중한 보석을 발굴하세요.
713df9652a6db336,TID_YOU_HAVE_BEEN_ATTACKED_TITLE,적 공격
47f35e5f884ab26b,TID_WARNING_TH_LEVEL_TOO_LOW_TO_COPY_LEVEL,배치를 복사하려면 마을회관이 <num>레벨이어야 합니다.
337192a9efc2a1fa,TID_NEWS_TH11_UPDATE_TH11_TEXT,"• 그 어느 때보다 크고 강력한 11레벨 마을회관이 옵니다!\n• 새로운 마을회관 11레벨의 영웅, 그랜드 워든은 주변 아군을 무적으로 만들어 줍니다!\n• 마을회관 11레벨의 새로운 방어 시설, 독수리 포탑은 멀리서 엄청난 피해를 줍니다.\n• 추가 대포와 아처 타워, 마법사 타워, 대형 석궁 등 더 많은 방어 시설이 추가됩니다!\n• 마을회관 11레벨이 되면 미니언, 마녀, 마법사 타워 레벨이 새로 열립니다!"
75425f676aa32c34,TID_ACHIEVEMENT_DESTROY_SPELL_TOWER,멀티플레이 전투에서 마법 타워 <number>개 파괴
eb315d364598c304,TID_CHARACTER_INFO_GOBLIN_SHORT,골드와 엘릭서 약탈의 귀재입니다.
a85ad86679ca39fc,TID_RAM_RIDER_ABILITY_TITLE,돌진!
28c9f73b5a320405,TID_CLANGAMES_TASK_INFO_USE_YETIS,멀티플레이 전투에서\n예티 <num2>마리를 사용해\n별 <num>개 획득
1e4fb785eb35f195,TID_DIAMOND_BUNDLE_MAGICITEMS_HERO_BOOK_WITH_RESOURCES_INFO_OLD,• 영웅의 책 x<booster1>\n• <res0> 다크 엘릭서\n• 보관량 제한이 없습니다!\n\n'영웅의 책'으로 영웅 업그레이드를 즉시 완료!\n\n이번 한 번뿐인 <cffec78><value>배 가치</c>의 구매 기회를 놓치지 마세요!
8888c8b7171dbfd0,TID_POPUP_REVENGE_CLEAR_TITLE,복수
83224e56ff5c405f,TID_POPUP_EDIT_MODE_SAVE,저장할까요?
eb960bd6bbcb24f7,TID_BUTTON_HOME,돌아가기
7d6af2296788b380,TID_NPC_CHALLENGE_TH4_GIANT_GIANTS2,이제 <c54a0fe>자이언트</c>를 배치해 모든 방어 시설을 파괴하세요!
eb003105dee2ebc9,TID_CLANGAMES_TASK_INFO_USE_BOWLERS,멀티플레이 전투에서\n볼러 <num2>명을 사용해\n별 <num>개 획득
35088b1ceb7d77ea,TID_NPC59,불철주야
a06b37b62b9e628a,TID_AIR_DEFENSE_SMALL_INFO,작은 로켓들로 공중의 말썽꾼들을 쫓아줍니다! 벌레 퇴치기 같지만 더 예쁘죠.
344f9e11a1884d98,TID_NOT_ENOUGH_RESOURCE_TWO,<resource1> 및 <resource2>의 수량이 부족합니다!
03c4d3fd2f439f87,TID_CAPACITY_LEFT_INDICATOR_TEXT,남음
b3b758427e46f30e,TID_CHARACTER_SUPER_HOG_RIDER_INFO,보기만 해도 무시무시한 듀오인 호그와 라이더가 더욱 강해졌습니다. 한몸으로 싸우거나 서로 분리되어 싸울 수 있습니다.
dfdde5d68e30b217,TID_FLYING_FORTRESS_ABILITY_INFO,해골 글라이더로 스스로를 방어하고 패배하면 성난 해골 <num2>개를 방출합니다.
38d806a7a792a906,TID_CLANPERK_DESC_DONATION_UPGRADE_VALUE_PLURAL,<value>레벨
ce0a5e0467bf5974,TID_EVENT_HUB_ACCESS,이벤트 허브
98d960307e07ac2c,TID_XP_TITLE_UNLOCK_PUZZLEANDDRAGONS,"잘하셨어요, 대장!"
223821b0edcf0dda,TID_WL_LEADERBOARD_BRACKET_POS3,조 3위
96037ba536ad6d7c,TID_POINTS_HOME_VILLAGE,내 마을
f6b7224a7bef6acc,TID_PET_SHOP_INFO,모든 영웅에게는 그에 걸맞은 펫이 필요하죠. 영웅과 함께 싸울 다양한 능력의 강력한 펫을 펫 하우스에서 잠금 해제할 수 있습니다.
3c95d685a42dc382,TID_LEAGUE_MASTER1_SHORT,마스터 I
db204942ec05848e,TID_BUTTON_CREATE_PRESET,생성
738241ce3eb9918a,TID_SUPER_WIZARD_ABILITY_HELP,슈퍼 마법사의 파이어 볼이 주위의 적에게 튀어갑니다.
4a1cbf70c8482128,TID_STARTER_REQUESTTROOPS_TH3,지원군 요청
aae6d6b7398d152c,TID_CONFIRM_SCENERY_PURCHASE_TEXT,<name>을 구매할까요?
1647f2013fb0a794,TID_BATTLEPASS_TASK_INFO_WIN_BATTLES_USING_BARBARIANS,멀티플레이 전투에서\n바바리안을 사용해\n<num>회 승리
fdcf9953e7bd880e,TID_NEWS_UPDATE_TITLE,강력한 마법은 클랜전의 승패를 좌우합니다!
ff45269ad2a95f9d,TID_TAGS,태그
c00a768245fc5aa5,TID_HINT_SPELL_JUMP_DURATION,이동 마법을 업그레이드하면 장벽을 뛰어넘을 수 있는 지속 시간이 증가합니다.
6869f5fc97a995d0,TID_BOOSTER_CLOCKTOWER_ALT_2_LINE,시계탑 포션
665ed59b9a987ec9,TID_BATTLEPASS_TASK_WIN_STARS_USING_HEAL,치유는 마법
17d5e73db49264ee,TID_BUTTON_CONFLICTING_ACCOUNT_NO,"아니요, 기기에 저장된 계정을 사용합니다."
4dbee8d2c837811a,TID_CLANGAMES_TASK_GET_HOMEBATTLEDESTRUCTION,파괴의 군주
3190458c62c2bc9b,TID_LEGENDS_MP_CURRENT_DAY_TITLE,현재 리그일
86dc3fe29ca1256e,TID_BATTLEPASS_TASK_WIN_BATTLES_USING_EARTHQUAKE_INFO,멀티플레이 전투에서\n지진 마법을 사용해\n<num>회 승리
58ad12eac0d30a6e,TID_LOCAL_NOTIFICATION_EVENT_REGULAR_THEMED_BUILD_TH0212,"대장님, 격렬하고 치열한 전투가 곧 벌어집니다! 특별 상품으로 마을의 방어 시설을 업그레이드하고 대비하세요!"
98d6543877726e65,TID_BB_ATTACK_GOLD_STORAGE_FULL_TEXT,장인기지 골드 저장소가 가득 찼습니다. 그래도 공격을 진행할까요?
87e836666180d0f5,TID_BP_SEASON_BANK_NEXT_CAP,다음 저장량: <value>
bc6be072b84d8069,TID_SPELL_HEAL_SPIRIT_INFO,
006fc1fe007f9e4f,TID_HERO_ABILITY_UPGRADE_PROMPT_FEMALE,영웅을 <number>레벨로 업그레이드해 능력을 강화하세요!
15b4d912cbcce9ae,TID_CLOCK_TOWER_INFO_SHORT,시계탑의 힘으로 시간을 다스리세요.
d3b2ddd0d94f1d1c,TID_CAPITAL_GRAVEYARD_INFO,처치된 유닛을 되살리는 무시무시한 마법입니다!\n\n처치된 유닛의 인구수만큼 해골 병사를 소환합니다. 공중 유닛의 경우 날아다니는 해골 병사를 불러옵니다.
f69cc01ebf586c1c,TID_CHALLENGE_ATTACK_CODE,공격 코드:
9a38812ef214b9bb,TID_SNOWED_IN_SCENERY,꽁꽁 얼어라
bd3c036aa8becd81,TID_LAST_ONLINE_OVER_WEEK_AGO,1주 이상 전 플레이
305917753253fa84,TID_WALL_BREAKER,해골 돌격병
3be52f08886f3a05,TID_SUPER_BOWLER_INFO,"그립력 좋은 글러브, 편안한 신발, 어처구니없을 정도로 거대한 바위까지! 이제 슈퍼 볼러는 원하는 것을 모두 갖췄습니다!"
9dbcd2d9db3a0e21,TID_LEAGUE_GOLD1,골드 리그 I
d72dbf3c98463843,TID_ALLIANCE_WAR_ATTACK_CONFIRM_TITLE,공격 확인
e0ad593f288be003,TID_NEWS_TH11_UPDATE_OVERVIEW_TITLE,사상 최대 규모의 업데이트가 옵니다!
67e779fe95b0f87f,TID_NPC_CHALLENGE_TH9_BABYDQW_WALL_BREAKERS,<c54a0fe>해골 돌격병</c>을 배치해 시간을 아끼세요!
6aaae3d1e89ef5cb,TID_POPUP_GOBLIN_RESEARCHER_TEXT,"연구소가 바쁜 것 같은데, 제가 도와드릴까요? 약간의 보석만 주시면 됩니다!"
d194930edb19cb2a,TID_NPC_CHALLENGE_TH13_HYBRID_CLEAN_UP,남은 마법으로 공격을 마무리하세요.
3cc16d23b1fdebd7,TID_DIAMONDS,보석
7a5ed741326f10e8,TID_TUTORIAL_OUTPOST_INTRO_4,...
0eef9bec6d639860,TID_NEWS_RED_TEXT,RED
c5844ffe06ff70b2,TID_ACHIEVEMENT_NPC_STARS_COMPLETED,획득한 캠페인 지도의 별: <value>
7d27c9df95a5f455,TID_ANTIADDICTION_ADULTHOOD_NOT_FULFILLED_1,미성년자 계정이므로 중독 근절 시스템에 의해 플레이가 제한됩니다. 22:00부터 내일 8:00까지 게임에 로그인할 수 없습니다.
c6452b10a7773212,TID_NEW_PLAYER_PRIVACY_SETTINGS_ADVISORY,꺼짐으로 기본 설정된 개인정보 설정이 추가되었습니다. 설정을 활성화할까요?\n\n✅ 순위표에 표시
59a7390981547c6e,TID_KICK_DEFAULT_MESSAGE,죄송합니다. 부득이하게 클랜에서 추방하게 되었습니다.
23372172f90447bf,TID_FREEZE_SPELL,얼음 마법
f8f89026f678beb9,TID_BATTLEPASS_TASK_INFO_COLLECT_GOLD,금광에서 <num> 골드 회수
2cc3a53df72b66b4,TID_HINT HERO_ARCHER_QUEEN,예리한 눈을 지닌 아처 퀸은 작게 개조한 석궁을 사용합니다.
57bb19dff520d854,TID_STARTER_TH4_DESTROYMORTARS,박격포 섬멸
69292695915848db,TID_DIAMOND_BUNDLE_BH3_ALT,초보 장인 팩
d9ac4f1d295bb0bc,TID_CHARACTER_INFO_SIEGE_MACHINE_LOG_LAUNCHER,"가장 빠르거나 튼튼하지는 않지만, 가장 험악해 보이는 것은 확실합니다. 이 나무 기둥을 발사하는 기계는 전방으로 통나무를 끊임없이 굴려 적 마을회관까지 가는 길을 평평하게 다져놓습니다. 마법 효과에 면역입니다."
bfd2dde3687ba85d,TID_SETTING_AUTO_TRAIN_INFO,이 옵션을 켜면 전투에서 사용한 군대를 훈련 대기열에 자동으로 추가합니다.
6b0cb8113c53fa56,TID_RAID_SIGNUP_ERROR_INTERNAL,참가 등록이 불가능합니다. 잠시 후 다시 시도해 주세요.
fb37e10414caffef,TID_LOCAL_NOTIFICATION_EVENT_XMAS_2,"대장님, 클래시 크리스마스는 얼음 함정과 함께 계속 됩니다! 확인해 보세요!"
043b4f7bf9358f02,TID_DIAMOND_BUNDLE_TH8,마을회관 8 팩
4f18b92007b35ae1,TID_FB_CONNECT_NOT_SAFE_TEXT_ANDROID,마을을 Facebook에 연동해 친구들과 만날 수 있습니다. 게임 진행 상황을 안전하게 유지하고 여러 기기에서 게임을 즐기려면 Google Play에 로그인하세요.
4d517d9fd5467897,TID_CONFIRM_ALLIANCE_GAMES_SPEEDUP_TITLE,새 도전 과제
a51dc2ee6b90bd70,TID_LEGENDS_MATCHMAKING_SOON,곧 종료
b153531748f5b74d,TID_CLANGAMES_TASK_INFO_BEAT_ELIXIRTARGET,멀티플레이 전투에서\n한 번에 <num2> 엘릭서 약탈
acb52b351980c3d9,TID_SEARCH_OPTIONS,고급 검색 옵션
3f431534e6736fb9,TID_ALLIANCE_WAR_BEST_ATTACK_FRIENDLY,클랜의 최고 공격:
80b092ac1fc2ef74,TID_BOOST_ALL_DARK_BARRACKS,모든 암흑 병사 훈련소
56f56f191c70e585,TID_VILLAGE_EDIT_SAVE_FAILED,마을 저장에 실패했습니다. 다시 시도해주세요.
4c15f3dc3a6109b5,TID_DIAMOND_BUNDLE_TH9_ALT_UPDATED_INFO,• <res0> 다크 엘릭서\n• <res1> 골드\n• <res2> 엘릭서\n\n보관량 제한이 없습니다!\n\n이번 한 번 뿐인 <cffec78><value>배 가치</c>의 구매 기회를 놓치지 마세요!
30e967f4c7deed4c,TID_POPUP_BOOSTER_INSTANT_UPGRADE_TITLE,즉시 업그레이드!
b7d2c7eea9e4de4f,TID_TROOP_REQUEST_SPEED_UP_SUCCESS,클랜 성이 지원군 요청 준비를 마쳤습니다!
3d13973317bd1fb3,TID_EVENT_CHRISTMAS_TRAP,클래시 크리스마스 스페셜: 얼음 함정
097f23fdd430c5b4,TID_REENGAGEMENT_BUILDER_4,대장님의 마음에 드는 계획이 있는지 확인해보세요!
3097c8057b616338,TID_SHOP_SHIELD_2D,2일 보호막
8ed7bf2bcae0e304,TID_DIAMOND_BUNDLE_BH8,장인회관 8 팩
b9759899a051e035,TID_TRADER_CONFIRM_TITLE,구매
3ccd84e9ef0545e6,TID_BATTLEPASS_TASK_DEPLOY_SPELLS,마법 천국
93f8e4868d0adec1,TID_JOLLY_WARDEN,루돌프 워든
3c3ffa96314ef132,TID_SUPER_BOWLER_ABILITY_HELP,바위가 세 번째 표적까지 튕겨져 추가 광역 피해를 줍니다.
d188f9ba330594d9,TID_GRAND_WARDEN_INFO_SHORT,어떤 군대라도 강화하는 마법의 달인입니다.
0a6fab704bd8d787,TID_TAB_NEWS,뉴스
c9229b71a0e71774,TID_DIAMOND_BUNDLE_TH4_UPDATED_INFO,• 대공포 2레벨\n• <res0> 골드\n• <res1> 엘릭서\n• <gems> 보석\n\n보관량 제한이 없습니다!\n\n이번 한 번뿐인 <cffec78><value>배 가치</c>의 구매 기회를 놓치지 마세요!
6ef74880adadb68f,TID_LEAGUE_HERO3_SHORT,타이탄 III
0a21915a666c3e14,TID_CAPBUILD_GUARDPOST_DRAGONS_INFO,슈퍼 드래곤은 영역을 보호하려는 본능이 강해서 누가 공격해오든 물리쳐냅니다.
d1f8161511d49f3a,TID_EVENT_TITLE_CLANWAR_LONG3,주간 게임
dea0974f10a70f60,TID_SPOOKY2022_SCENERY,으스스 배경
5853b2cd1b3b2d85,TID_TUTORIAL_SELF_DONATING_1,"대장님, 캐피탈에서 얻은 습격전 메달을 여기에 사용할 수 있습니다."
6fddd80f8a17ed99,TID_POPUP_CANCEL_GOBLIN_CONSTRUCTION,"<item> 건설을 중단할까요? 고블린 장인에게 지불한 보석은 환불되지 않으며, 자원 비용의 <number>%만 환불됩니다."
92cb3f4db0a7099a,TID_DIAMOND_BUNDLE_MAGICITEMS_SPELL_BOOK,마법의 책 팩
bb14343b649ea90a,TID_ACHIEVEMENT_UNIT_UNLOCK,훈련소에서 <name> 훈련 가능
307b7ee0713e0978,TID_UPDATING_CONTENT,콘텐츠 다운로드 중
c062c66584ed4545,TID_NEWS_RED_TITLE,"대장님, 에이즈와 싸우는 (RED)를 도와주세요!"
4a8512ce5877c9e7,TID_WAITING_FOR_COOLDOWN,재구매 대기시간:
dc3534a65edbd3c4,TID_DIAMOND_BUNDLE_MAGICITEMS_BUILDING_BOOK_INFO,• 보석 <gems>개\n• 건물의 책 x<booster1>\n• 보관량 제한이 없습니다!\n\n'건물의 책'으로 건물 업그레이드를 즉시 완료!\n\n놓치지 마세요!
f4a2b0757194631c,TID_CLANGAMES_TASK_INFO_DESTROY_GOLDMINES,멀티플레이 전투에서\n<building> <num>개 파괴
dc3325eb818b222f,TID_NPC_CHALLENGE_TH10_MINER_HEALS,<c54a0fe>광부</c>가 맹공격을 받아도 계속 살아남을 수 있도록 치유 마법을 사용하세요!
06f90eb71bf3994c,TID_ACHIEVEMENT_ACCOUNT_BOUND_TENCENT_AND_GAME_CENTER,"WeChat, QQ 또는 Game Center와 연동"
2afff252783bc186,TID_HASTE_SPEED,속도 증가: <number>
679b25bdd9864532,TID_BP_SEASON_BANK_CAP_INCREASES,저장량 증가:
a1585833692cc777,TID_BATTLEPASS_TASK_INFO_USE_MINERS,멀티플레이 전투에서\n광부를 사용해\n별 <num>개 획득
e2c1d80db6a18cfd,TID_NPC23,철벽
7b441c43b8daa552,TID_NPC_CHALLENGE_RAGE_THE_HEALERS,<cf07bf8>분노 마법</c>을 사용해 <c54a0fe>치유사</c>를 강화하세요!
4930df02cf4862a8,TID_CAPBUILD_BARRACKS_BATTLERAM_INFO,이 안에 많은 배틀 램을 수용할 수 있습니다!
13822c252ddeea2e,TID_DECO_RUIN_RIVERSIDE_FOREST,강변의 숲
2846d268f167d51e,TID_UPGRADE_HOME_TH_NOT_RECOMMENDED_INFO,마을회관을 업그레이드하면 더 강력한 상대가 등장하기 때문에 현재로서는 이기기 어려울 수 있습니다. 마을회관을 업그레이드하기 전에 공격력부터 업그레이드하는 것을 고려해 보세요.
59ed2dcb6a2d05b2,TID_GEAR_RARITY_RARE,희귀
396a8947b8619360,TID_OBSTACLE_XMASPRESENT,선물
2cddef2d3f48410d,TID_CREATE_SKELETONS_SPELL_INFO,전장 어느 곳이든 해골 군대를 소환합니다!\n\n위급한 곳에 이 해골들을 배치하세요. 해골들은 함정을 작동시키지 않습니다.
37c94162f5e11f8c,TID_TUTORIAL_RAID_TEASER_2,적당한 때가 되면 클랜이 주말 습격전에 참여할 수 있습니다.
00bad7e56f99f894,TID_ERROR_POP_UP_UNLOCK_UNAVAILABLE,일시적으로 잠금을 해제할 수 없습니다. 나중에 다시 시도해주세요!
bb46c3104244d4d9,TID_LAST_WAR,마지막 전쟁:
e1521b3517912de0,TID_BALLOON_HASTE_EVENT_TITLE,해골 비행선 가속 이벤트
d4053c0c3352b012,TID_INFO_UNIT_COUNT,<unit> 수: <number>
2411974e273f50b3,TID_POPUP_BREAK_SHIELD_TEXT,정말로 보호막을 제거할까요? 보호막이 만료될 때마다 가드가 개시됩니다.
1a40da0088db5329,TID_BLACK_FRIDAY_PACK,블랙프라이데이 팩
c0c884873ee891da,TID_CLAN_GAMES_THEME_BIRTHDAY,생일\n클랜 게임
708f5bf475f56f91,TID_PREPARE_DURATION,준비:
9a89b6cfcb52139a,TID_TUTORIAL_WAR_LEAGUE_5,아래 버튼을 눌러 여러 전쟁을 살펴볼 수 있습니다!
53aaca9fa639ecfe,TID_CHARACTER_SIEGE_MACHINE_TROOP_CATAPULT,
d72bad2c7ee4da91,TID_DIAMOND_BUNDLE_GOLD_ELIXIR_DARK_ELIXIR_INFO,• 보석 <gems>개\n• <res0> 골드\n• <res1> 엘릭서\n• <res2> 다크 엘릭서\n\n저장 공간 한도를 초과해 보관할 수 있습니다!\n\n<cffec78>최고의</c> 1회 한정 특가를 놓치지 마세요!
4dfaa8f4ad9b8e56,TID_GENERIC_NOTIFICATION_TITLE,알림
418c966f710a2f54,TID_FEEDBACK_BUTTON6,계정 잠금
836a0c66c2d26ac4,TID_BP_PERK_SAVINGS_MULTIPLIER,시즌 금고 배수
da5d9e62c8925453,TID_SCENERY_DESCRIPTION,<scenery>
611d980137a9ed12,TID_BOOSTER_FINISH_BUILDING_UPGRADE,건물의 책
c250657e543313cb,TID_ELIXIR2,엘릭서
1dfeb34a2e512ba1,TID_HINT_GIANT_TARGET,자이언트는 대포와 같은 방어 시설을 우선적으로 공격합니다.
0d2a1e3eb73f0f67,TID_ACHIEVEMENT_REWARD_CLAIMED,업적 달성! 보석 <number>개를 획득했습니다.
09e9df7bb0449999,TID_TAB_VIEW_VILLAGE3,클랜 캐피탈
adac4dcd769b1a40,TID_CLAN_GAMES_THEME_WEEKENDGAMES,주말\n클랜 게임
68898d2173a10ce1,TID_HINT_LEAGUE_SHUFFLING2,각 리그 시즌은 한 달 동안 지속됩니다.
458e539ef42947cf,TID_ALLIANCE_CREATE_TH_LEVEL,최소 마을회관 레벨
1f0e6ebb1aadb522,TID_TOTAL_TROOP_HEAL,총 유닛 치유량: <number>
885c394d640c1de6,TID_SCENERY_NOT_AVAILABLE,시즌 도전에서 배경을 잠금 해제하세요!
64ffe874529d87fe,TID_STAR2,훌륭합니다!
65f04fb9a1ff21e1,TID_DIAMOND_BUNDLE_BH4_INFO_ALT,• 보석 <gems>개\n• <res0> 엘릭서\n• <res1> 골드\n\n보관량 제한이 없습니다!\n\n이번 한 번뿐인 <cffec78><value>배 가치</c>의 구매 기회를 놓치지 마세요!
175f054b15099111,TID_CAPITAL_TUTORIAL_9,각 구역에는 각기 다른 건물과 지형이 있습니다. 모두 캐피탈을 더 강하게 만드는 데 도움이 될 것입니다.
8ce7c412fa627e81,TID_ERROR_POP_UP_LOGIN_FAILED_BUTTON,다시 시도
a608078d3806c8d6,TID_BB_BATTLE_LOG_SHARE_BUTTON,공유
0fb14a51e892b00c,TID_TRAINING_LEVELS,연습
d5e3829e40b29df7,TID_TAB_BATTLE,전투일
50391793119b5da4,TID_BATTLEPASS_TASK_INFO_WIN_BATTLES_USING_SIEGE_BARRACKS,멀티플레이 전투에서 시즈 훈련소를 사용해 <num>회 승리
d0191d2a9d5c53a7,TID_PERSONAL_WAR_PREFERENCE_SHORT,클랜전 선호
6e76d78d0e22a88a,TID_ACHIEVEMENT_WL_STARS_COMPLETED,클랜전 리그 전투에서 획득한 클랜 별 합계: <value>
dbd01ec6d5f8cf6f,TID_STARTER_TH2_INFO_UPGRADEELIXIR,<num>개의 엘릭서 정제소 <num2>레벨로 업그레이드
d6ba0a7304470cf2,TID_LAVALOON_ABILITY_HELP,폭탄이 폭발하면 라벌 펍이 생성됩니다.
fac4b0149d55b3a6,TID_CHARACTER_INFO_SKELETON_GOLEM_WITCH,혼자서는 별 위협이 되지 않는 언데드 유닛입니다. 하지만 끊임없이 해골 무리를 소환하기 때문에 혼자 싸우는 경우는 절대 없습니다!
45f836b65814fa8c,TID_STARTER_TH2_UPGRADEARCHERTOWER,경계 근무
03c9621216ad4172,TID_DECORATION_LEAGUE_III_STATUE_INFO,"이 조각상 주인은 진정으로 강력하며, 챔피언의 이름이 부족하지 않습니다."
2767e80ad82c7436,TID_DIAMOND_BUNDLE_TH5_UPDATED_INFO,• 마법사 타워 2레벨\n• <res0> 골드\n• <res1> 엘릭서\n\n보관량 제한이 없습니다!\n\n이번 한 번 뿐인 <cffec78><value>배 가치</c>의 구매 기회를 놓치지 마세요!
9510a840b157ed03,TID_SIEGE_MACHINE_INVISIBLE_FLYING,
1ad14c1a999001b1,TID_BOOSTER_WALL_UPGRADE_INFO,"반지를 끼고 장벽에 주먹을 날리면, 장벽이 즉시 업그레이드됩니다. 높은 레벨의 장벽엔 더 많은 반지가 필요합니다! 마을과 장인기지에서 사용할 수 있습니다!"
395760379469c25f,TID_NPC_CHALLENGE_TH7_MINION_RAGE1,<cf07bf8>분노 마법</c>을 사용해<c54a0fe>해골 비행선</c>을 더욱 빠르고 강하게 만드세요!
1644b3f116c17b4e,TID_POPUP_GIFT_RECEIVED_TITLE,보너스 자원
c7d5addadbfb7485,TID_CLANGAMES_TASK_DONATE_TROOPS,도움의 손길
59e0e6dfac5148d9,TID_REPAIR_SHIP_2,배가 있으면 새로운 곳으로 갈 수 있습니다!
1eeefdfe7ef0ca04,TID_SPELL_BAG_OF_FROSTMITES_INFO,목표 지점을 잠시 얼리고 천천히 베이비 프로스티들을 소환해 인근의 적 방어 병력을 유인하고 느리게 만듭니다.
e4e429dcae82b889,TID_REQUIRED_BARRACK_LEVEL,<number>레벨 훈련소 필요
fcb31c55c25196ba,TID_GOLEM_KING,골렘 킹
7ab02bd37c6ad8f3,TID_GEAR_FIRE_IN_A_CAN,마법의 부싯돌 상자
f753f93270b11e18,TID_CLANPERK_DESC_WAR_LOOT_CAPACITY_VALUE,<value>%
847316e541ede7c1,TID_BATTLEPASS_TASK_WIN_STARS_USING_POISON_INFO,멀티플레이 전투에서\n독 마법을 사용해\n별 <num>개 획득
6d1128a354bb525b,TID_BOOST_POPUP_TITLE,생산 가속!
b8ba8098aada681f,TID_PREVIOUS_BEST,이전 최고 기록
f91fc9ae73d5012c,TID_PRESET_SAVE_FAIL,군대를 저장할 수 없습니다. 다시 시도해 주세요.
74f72a0cad2450bf,TID_LEGEND_SEASON_END_TROPHY_RESET,새 전설 리그 토너먼트를 위해 트로피가 <value>개로 재설정되었습니다.
dc8139a76f050014,TID_CHARACTER_INFO_GIANT_SHORT,큰 덩치로 방어 시설을 파괴하는 터프가이입니다!
3b11a52887e27d49,TID_TRAP_LOGTRAP,통나무 함정
8e90f914e47fa21d,TID_SUPER_TROOP_ACTIVE_TIME,활성화 시간
4b97942c35af893a,TID_LOOT,약탈당한 자원:
913da8c88e56a4f7,TID_CAPBUILD_RAPID_ROCKETS,쾌속 로켓
073daa023ee14ba2,TID_CLAN_TAG_TROPHY_PUSHING,트로피에 열중
5f35df473dd84b7f,TID_HINT_SHIELD_SINGLE_PLAYER,고블린 무리(싱글플레이 미션)는 공격해도 보호막이 소멸되지 않습니다.
016093edc18c1e31,TID_OFFER_NO_STORAGE_LIMITS,보관량 제한이 없습니다!
0b44598f1becdf04,TID_LABORATORY_HINT2,화면을 밀어서 업그레이드 목록 전체를 확인하세요.
f73295845b514ee7,TID_TUTORIAL_CLANCASTLE_2,클랜 성을 눌러 재건하세요!
6434ac5563b38a91,TID_POPUP_BOOST_ALL_BARRACKS,<time> 동안 훈련소 <number>곳의 훈련 속도를 <multiplier>배로 가속할까요?
778948b73e1c92aa,TID_UNCLOK_FROM_LABORATORY,연구소에서 연구
b083b7ceaf23ad2a,TID_TENCENT_DOLPHIN_DOWNLOADING_74,更新校验完成文件
9cd81bacc9d8e9d6,TID_PERK_NEW,신규!
9e47308b3ee52478,TID_TOWN_HALL_4_INFO_SHORT,하늘을 올려다보며 큰 꿈을 가지세요.
23b7e8d444558de0,TID_TRAINING_SCREEN_ELIXIR,엘릭서:
6397a63d5d3339b2,TID_CLAN_WAR_LEAGUE_STARTS_IN,리그 시작까지: <time>
55cc0728c78f3920,TID_ARTO_TASK_UPGRADE_GENERIC,\n<name> <level>레벨로 업그레이드해서 완료하세요.
a6cc882257364a7c,TID_BUTTON_RETRY,다시 시도
0c277ea57eb12e54,TID_LEGENDS_SET_CASTLE_TROOPS_EMPTY_WARNING,현재 클랜 성에 병력이 없습니다!
1560182fc9e38a36,TID_BATTLEPASS_TASK_INFO_USE_ELECTRODRAGON,멀티플레이 전투에서\n일렉트로 드래곤을 사용해\n별 <num>개 획득
d63a24e03ae1c1e9,TID_LEAGUE_BRASS1_SHORT,브래스 I
ce5643afe237945d,TID_NPC_CHALLENGE_TH11_LAVALOON_HASTE1,<cf07bf8>신속 마법</c>을 사용해 이동 속도가 느린 해골 비행선을 가속하세요! 손가락을 여러 개 사용해보세요!
64890c702aae8bb4,TID_NEWS_SAFEGUARD_TEXT,Game Center 로그인을 통해 진행 중인 마을 정보를 안전하게 유지하고 여러 대의 iOS 기기에서 게임을 즐기세요.
964d9ba5946b7e42,TID_TUTORIAL_STARTER_CHALLENGE_2,도전을 완료할 때마다 점수를 획득할 수 있습니다.
05a6ee53eb5ee96a,TID_CHARACTER_INFO_BOMBER,때려 부수기와 훌륭한 특수 효과를 사랑하는 폭탄병은 보이는 것은 뭐든 폭파해버리며 장벽에 보너스 피해를 줍니다.
65beec66e55f9b68,TID_LOCAL_NOTIFICATION_WAR_PREPARATION_ENDS,클랜전 준비가 곧 끝납니다!
613cb1225331df58,TID_BP_PERK_INCREASE,<num>%\n<perk>
05315bd8c371fae4,TID_DIAMOND_BUNDLE_TH4_INFO,• 보석 <gems>개\n• <res0> 골드\n• 대공포 1레벨\n\n즉시 건설할 수 있고 보관량 제한이 없습니다!\n\n이번 한 번뿐인 <cffec78><value>배 가치</c>의 구매 기회를 놓치지 마세요!
59da60e18cf55805,TID_NPC31,정면 승부
f1991fd6abe5c2f3,TID_HULK_SMALL,Hulk
538af353b0116451,TID_DECO_FIREPLACE,모닥불
8c5d4850c27d953c,TID_AVATAR_MESSAGE_SENDER_PLAYER_SUPPORT,플레이어 지원
f26e1e45f5c745b0,TID_EVENT_TEXT_XMAS_MAGICITEM,마법 아이템 특가 상품
951dc2ef5db05f60,TID_LEAGUE_WARDEN,리그 워든
f652411f6859c030,TID_GEAR_INFO_SPEEDY_SPEARS,로얄 챔피언에 신속 마법을 적용합니다.
f16ae5ccee47df97,TID_KICK_FAIL_VISITING,방문 도중엔 추방할 수 없습니다.
37fb41aa9a52effa,TID_CHALLENGE_TH12_YETI,예티 스매시
bb68ab91f1afe574,TID_ERROR_POP_UP_LOGIN_FAILED_TITLE,로그인 실패
81454029b346632b,TID_LEAGUE_CLAY5,클레이 리그 V
031942e97a4d50d2,TID_USE_SPELL_EVENT_ACHIEVEMENT_DESC,이벤트 도전: 멀티플레이 전투에서 승리!\n<cffec78>• 필수 사용: <unit> x 1</c>
280c0410107c966c,TID_CAPITAL_PLAYGROUND_FROST_2,적의 방어군을 뒤에서 공격할 수 있도록 여기에 <c38eaff>서리 마법</c>을 배치하세요.
cbd07f646560e94a,TID_SCENERY_CHANGE_DOWNLOADING,배경을 다운로드 중입니다. 다운로드가 완료되면 배경이 자동으로 변경됩니다.
47eaae6c1e0d1978,TID_NPC_CHALLENGE_TH9_WITCH_ARCHER_QUEEN,이제 <c9916c8>아처 퀸</c>을 배치하세요. 집합소가 제거되어 아처 퀸은 시계 방향으로 이동하게 됩니다.
f4895d6420062afd,TID_JOURNEY_FEATURE_LABORATORY,군대를 업그레이드하여 전력을 강화합니다!
045e8c8535d5609f,TID_MAP_LOCATION_1,P.E.K.K.A 호수
f0bde94ce4884443,TID_TENCENT_DOLPHIN_ERROR_6,当前版本不支持更新，请去应用商店下载最新版本。
5bf3484faf33648f,TID_FAQ_EXTERNAL_BUTTON,Famitsu
16ebc85184e4fe53,TID_ADD_FRIENDS_INFO,Game Center에 로그인하면 등록된 친구들이 표시됩니다.
b8e74495d44586b1,TID_SKELETON_KING,해골 킹
70c81a2867ce718c,TID_FAVORITE_TARGET_HERO,영웅
5d79c24a1f91194a,TID_FLYING_FORTRESS,하늘의 요새
b916ed9c14c3b87a,TID_LOCAL_NOTIFICATION_WAR_ENDS,클랜전이 곧 끝납니다!
e7eac52c4864eb7d,TID_SECOND_STAGE_FEATURE_DESCRIPTION_SHORT,"처음엔 물 위로, 그 다음엔 지하로. 건설과 전투의 시간!"
ae63d5d5401305dc,TID_START_WAR_FAILED_WAR_COOLDOWN_ACTIVE,전쟁을 시작할 수 없습니다. 전쟁 대기 시간입니다.
f1659ad551445d88,TID_TARGET_ALREADY_IN_ALLIANCE,이미 다른 클랜에 가입한 플레이어입니다.
b698f2762fcbd27a,TID_BP_PERK_BUILDING_BOOST_DESC,건물 건설 및 업그레이드에 필요한 자원과 시간이 <num>% 감소합니다. 단조 작업소에서 제작 시 필요한 자원과 시간이 <num>% 감소합니다.
662e570e0a2ab445,TID_DAILYLOGIN_DAY,<day>일 차
91687c60f1880f1b,TID_SIEGES_FEATURE,시즈 머신
92320cd39fd71b88,TID_TUTORIAL_ARTO_COMPLETE_4,얼른 마을로 보내 도움을 드리게 하겠습니다.
f9d11c33c5440981,TID_SPECIAL_OFFER_INFO_BUILDERBASE_ANNIVERSARY_NOTIFICATION,"대장님, 아주 특별한 '장인기지 기념일 특별 상품'을 구매할 수 있습니다!"
d6928219c1dd3903,TID_NPC_CHALLENGE_TH4_GIANT_WALL_BREAKERS,<c54a0fe>자이언트</c>가 처치되기 전에 빠르게 장벽을 파괴하세요.
bf599ff013f128a8,TID_DECO_RESTORED_BARBARIAN_INFO,온 마을에 활력을 불어넣습니다!
cfcb4420903f7d44,TID_CLANGAMES_TASK_USE_DROPSHIPS,달밤의 해골 수송선
87468fdaa46fd544,TID_NPC_CHALLENGE_TH7_HOG_HEAL2,<c54a0fe>호그 라이더</c>가 마을을 완파하는 동안 살아남을 수 있도록 남은 <cffe346>치유 마법</c>을 사용하세요!
9dd29d1e6d4c785e,TID_CAPITAL_MAP_MODE_TEXT_RAID,습격전 공격 중
806795d7c067666e,TID_ALLIANCE_DONATE_BUTTON_RETURN,돌아가기
6d95cd012efb0f69,TID_TROOP_REQUEST_SPEED_UP_FAILED_FULL,클랜 성이 이미 가득 찼습니다!
72983b5271fc5b38,TID_CHARACTER_MECHA_DRAGON_INFO_SHORT,폭발하지 않고 3분 동안 버틸 수 있을 만큼 튼튼합니다.
6e16b9c7009fae66,TID_TRAP_AIR_INFO,해충 구제 분야의 최신 발명품입니다. 작은 범위 내의 적 공중 유닛 여럿을 폭파할 수 있는 함정입니다.
891a81a0a8be29a6,TID_BUTTON_SHARE_LAYOUT_LINK,링크로 공유
e0e438792dc54549,TID_DEVICE_LINK_ERROR_TOO_MANY_DEVICES,연동된 기기가 너무 많습니다.
0e12402c4f882fe6,TID_PRIZE_SHOP_ITEM_COOLDOWN,<item> 재구매 대기시간: <time>
bd1bf493b2e94ebe,TID_LEGENDS_MATCHMAKING_COUNTDOWN,다음 리그일 시작까지:
d709cd53607cd968,TID_SCENERY_GHOST,유령 배경
df0a95fa297c0a93,TID_TENCENT_GUEST_IGNORE_WARNING,로그인 없이 해당 계정을 계속 플레이하면 1시간 플레이 이후 15일간 접속할 수 없습니다.
e84ecd556320dff4,TID_NO_FRIENDLY_ARMY,친선 군대를 먼저 생성해야 합니다.
7a40bea2d15ab7a0,TID_TRAP_TIMETRAP,시간 함정
23ca48acd44f7f28,TID_NPC_CHALLENGE_TH7_DRAGON_DRAGONS1,<c54a0fe>드래곤</c>을 배치해 마을의 각 측면을 파괴하세요.
694d044711f982e9,TID_VS_ATTACK_CONFIRM_INFO,친선 전투를 시작하기 전에 모든 준비를 마치세요!
ffc81f8c51610913,TID_ACHIEVEMENT_TOWN_HALL2_TITLE,마스터 엔지니어링
37552c493c4b7811,TID_DIAMOND_BUNDLE_BH5_INFO,• 보석 <gems>개\n• <res0> 엘릭서\n• 1레벨 다중 박격포\n\n즉시 건설할 수 있고 보관량 제한이 없습니다!\n\n이번 한 번뿐인 <cffec78><value>배 가치</c>의 구매 기회를 놓치지 마세요!
957b3d605d173698,TID_TUTORIAL_SEASON_CHALLENGE_3,새로운 유형의 보상인 특전도 확인해보세요!
9fdffc8b54f9861e,TID_CAPBUILD_SPELLLAB_FREEZE,서리 마법 제작소
3f9bcd45d5e8c647,TID_CLANGAMES_TASK_INFO_DESTROY_BB_ELIXIRPUMP,장인 전투에서 <building> <num>개 파괴
56e76515a9db24ed,TID_CLAN_SHOW_ONLY_JOINABLE,가입 가능한 클랜만 표시:
9a70e74f209f03b6,TID_SETTINGS_PLAYERNAME_CURRENT,현재 이름:
1e27d50e2647f4fe,TID_SUPERCELL_ID_TITLE,Supercell ID
050e07fa62d9c17f,TID_NEWS_SPELLS_TEXT,"번개 마법\n* 번개 마법 7레벨이 건물과 병력에 똑같이 피해를 줍니다\n* 번개 마법 5 및 6레벨의 피해량이 늘어납니다.\n* 번개 마법의 벼락이 더 촘촘하게 떨어져 명중률이 높아집니다.\n\n독 마법\n* 독 마법 범위 안의 병력은 이제 처음에는 더 낮은 피해를 입지만, 시간이 지날수록 피해량이 증가합니다.\n* 독 마법의 피해량이 대폭 증가하며, 마법이 중단된 후에도 한동안 효과가 남습니다.\n* 독 마법이 방어 병력의 공격 속도를 낮춥니다.\n\n지진 마법\n* 지진 마법이 건물의 현재 HP와 관계없이 더 큰 피해를 줍니다.\n* 같은 건물에 지진 마법을 반복 사용하면 피해량이 줄어듭니다.\n* 전과 마찬가지로, 지진 마법 네 번이면 어떤 장벽이든 파괴할 수 있습니다!"
6ee7d2b29005bb1a,TID_MAINTENANCE_ESTIMATED_HOUR,약 1시간 후 다시 시도해주세요.
4f0b4aa80263a148,TID_MAP_LOCATION_14,버려진 은신처
a5bbc5bb3b94719a,TID_PLAYER_AVAILABLE_FOR_RECRUITING_TITLE,클랜을 찾고있나요?
ac874703e98dce0b,TID_LEAGUE_IRON1_SHORT,아이언 I
54d93dc5ba4444d1,TID_WITCH2_ABILITY_NAME,박쥐 떼
765f634ac1902643,TID_CLAN_INFO,클랜 정보
3c00665a7fe92f6e,TID_SETTINGS_CLAN_CHAT_FILTER,클랜 채팅 필터링
e7a66f65eaba26eb,TID_LOCAL_NOTIFICATION_EVENT_XMAS_MAGICITEM,"대장님, 첫 번째 마법 아이템 크리스마스 특가 상품을 지금 확인하세요!"
0eb75769b779bc0f,TID_ACHIEVEMENT_DESTROY_ARTILLERY_TITLE,포탑 대항
c34a2433bb096d40,TID_TOWNHALL_DIVIDER_TEXT,마을회관 <level>레벨
62ddca07c8b17f2f,TID_CAPBUILD_GUARDPOST_CART_INFO,만일 습격 카트에게도 감정이 있다면 공격을 물리칠 때 행복을 느낄 겁니다.
43cd956ef6e323e8,TID_CAPITAL_RAID_ATTACKER_LEFT_THE_CLAN,이미 다른 클랜으로 공격했습니다.
240fd399d2cae9ff,TID_TENCENT_CREATE_NEW_ACCOUNT_CONFIRM_TITLE,새 게임 계정
84eab8cf42e2b0b4,TID_DECO_COZY_CLAM,안락한 조개
078cd0ccc9b04eb1,TID_CLANGAMES_TASK_INFO_DESTROY_BB_ELIXIRSTORAGE,장인 전투에서 <building> <num>개 파괴
17b11d3043a9d9ba,TID_REVENGE_NOT_AVAILABLE,복수 불가
ff987b14dc7575ef,TID_BUILDING_ALLIANCE_MARKER,클랜 깃발
209747971b705cbb,TID_BATTLEPASS_TASK_INFO_USE_WALLBREAKERS,멀티플레이 전투에서\n해골 돌격병을 사용해\n별 <num>개 획득
8c79729796e999f5,TID_CLAN_TAG_DONATIONS,지원
8ed7bf2773a0e304,TID_DIAMOND_BUNDLE_BH3,장인회관 3 팩
f229bbec4bd4e276,TID_BATTLEPASS_TASK_WIN_BATTLES_USING_HASTE,니드 포 스피드
0d764d3ca14e8168,TID_XP_TEXT_UNLOCK_PUZZLEANDDRAGONS,이제 Puzzle & Dragons에서 클래시 오브 클랜 던전을 탐험할 수 있습니다! 아래 버튼을 눌러 게임을 실행하세요!
54919b7de9d4d4cd,TID_SUPPORTING_NOBODY,크리에이터 후원
40c48ef7fa765abd,TID_GEAR_RESOURCE_COMMON_INFO,빛나는 광석은 장비를 업그레이드 하는 데 사용됩니다. 별 보너스나 클랜전에서 획득할 수 있습니다.
29d6d1d2ac670a8f,TID_CHARACTER_INFO_LUMBERJACK,나무꾼은 항상 분노 마법을 들고 다닙니다. 하지만 쓰러지기 전까지 절대 사용하지 않습니다.
c11e03f93485d190,TID_REINFORCEMENT_CAMP_INFO_SHORT,늦게라도 오니까 다행이죠! 스테이지 1 이후에 유닛을 지원합니다.
7c26b6fe3d59f5f1,TID_WL_INFO_LIVE_TAB2_TEXT,"클랜 리그 등급과 시즌 종료 시 순위에 따라 최대 획득 가능 보상이 달라집니다. 최소한 보상의 20%를 받을 수 있으며, 획득한 별마다 10%씩 추가로 보상을 받을 수 있습니다. 별을 8개 이상 모으면 모든 보상을 받습니다."
f8a2bc9b82d6b286,TID_DARK_ELIXIR,다크 엘릭서
d0c00ef772f6bd71,TID_ALLIANCE_WAR_ATTACK_AVAILABLE,공격 가능
e6992cd8d9c1a4b6,TID_CHARACTER_INFO_BARCHER,바바리안의 강인함과 아처의 용맹함을 합쳤습니다. 보기와는 달리 공격력이 아주 뛰어납니다.
8fb8513c80b624f0,TID_LINK_CODE_TEXT2,새 기기에 다음 코드를 입력하세요.
c5f869af20e6a671,TID_UNLOCK_PET,<name> 잠금 해제
e970896ce5a0d237,TID_EVENT_PASS_PACKAGE,이벤트 패스
4d2834d6a6439acf,TID_ERROR_POP_UP_LOGIN_FAILED_15,<APP_STORE> Android 앱 스토어에서 클래시 오브 클랜을 다운로드 및 설치해 실행하면 마을의 진행 상황을 확인할 수 있습니다.
848ccefa22adb221,TID_CLAN_GAMES_BUILDER_THEME,장인기지\n클랜게임
00b02faf273cc51d,TID_BP_SEASON_BANK_MULTIPLIER,자원이 더 빨리 채워집니다.
23b209c92e4eed34,TID_LEAGUE_BRONZE,브론즈
9755ce9b0dee95c0,TID_TARGET,과녁
deecc6325e7975d7,TID_FIND_CLAN_BUTTON,클랜 검색
a59956618ee8e092,TID_BOOSTER_FINISH_HERO_UPGRADE_INFO,영웅의 이야기와 교훈으로 가득한 이 책을 사용하면 진행 중인 영웅 및 펫 업그레이드가 즉시 완료됩니다. 마을과 장인기지에서 사용할 수 있습니다!
dd5f469e3fad4f82,TID_GOLD,골드
f4a8d22d0be7f717,TID_NPC_CHALLENGE_TH6_GIWIWA_WIZARDS1,방어 시설을 교란한 사이에 <c54a0fe>마법사</c>를 배치하세요!
649c9054fb5bd8f6,TID_BATTLEPASS_TASK_INFO_WIN_BATTLES_USING_BATTLE_BLIMP,멀티플레이 전투에서 전투 비행선을 사용해 <num>회 승리
bae2742d1197731a,TID_DECO_TH14_FOUNTAIN,샘솟는 분수
3776d2f040923d56,TID_NPC_CHALLENGE_TH11_LAVALOON_INFO_EAGLE,<cf70d16>독수리 포탑</c>이 공격을 시작하기 전에 먼저 파괴하세요.
70a282987add5a15,TID_BATTLEPASS_TASK_WIN_STARS_USING_INVISIBILITY,꼭꼭 숨어라
1a2832f723959ec9,TID_CAPBUILD_SPELL_STORAGE_INFO,마법 저장소는 캐피탈에서 제조한 마법을 보관합니다. 업그레이드하면 습격전에서 얻는 마법 수용량이 증가합니다.
c05b02ccaef946b7,TID_KICKED_FROM_ALLIANCE,클랜으로부터 추방되었습니다. <msg>
d37925eb4c03c4f9,TID_TROPHIES,트로피:
a8e643f8a77b92f8,TID_CAPITAL_PLAYGROUND_SPELL_EXPLANATION_2,"공격이 종료될 때까지 효과가 지속되며, 다음 공격자에게도 적용됩니다. 그 이후에는 마법이 사라집니다."
007e308ac79d60ab,TID_REQUIRED_DARK_BARRACK_LEVEL,<number>레벨 암흑 병사 훈련소가 필요합니다
b83e8c144bf76f9a,TID_NPC_CHALLENGE_TH9_LAVALOON_RAGE1,유닛 대부분이 효과를 받을 수 있는 위치에 <cf07bf8>분노 마법</c>을 사용하세요.
1d477457cc54a72d,TID_ALLIANCE_WAR_LOOT_TRANSFERRED,금고 자원 회수됨!
f92ab590f06bbbf4,TID_CAPITAL_ARMY_SAVE_FAILED_TOO_MANY_UNITS,클랜에 유닛이 너무 많습니다.
e7e06fc139f577c6,TID_REENGAGEMENT_DAILYCALENDAR_1,하지만 그전에 한 가지 더...
aef1e866fe5dfbd5,TID_ADVANCED_SEARCH_BUTTON_MORE,고급 옵션
bcf77c254b5eb16a,TID_NPC_CHALLENGE_TH13_HYBRID_HOGS,<c54a0fe>호그 라이더</c>를 배치해 <c54a0fe>광부</c>를 지원하세요.
aa1e94882d8dbf60,TID_CLANGAMES_TASK_USE_LAVAHOUNDS,라바는 사랑입니다
e8b88591cbc1697d,TID_HINT HERO_BARBARIAN_KING,바바리안 킹은 그 누구보다도 강력한 힘을 자랑합니다. 다크 엘릭서를 마시고 성장했기에 자이언트보다도 더 크게 변해버렸습니다.
57677209857f3699,TID_BUTTON_ATTACK_MODE_FAR_SLOW,장거리 공격
91a15959fe3fa0fb,TID_LAYOUTS_ACTIVE_VILLAGE,활성 마을
ff8ab443b2768fa2,TID_BUILDING_TOWN_HALL,마을회관
dc3280407301997a,TID_CLASHIVERSARY_QUEEN,퓨처 퀸
04d6568b7075801c,TID_DIAMOND_BUNDLE_MAGICITEMS_RESOURCE_POTION,자원 포션 팩
c00b06a252cc386e,TID_HINT_DARK_ELIXIR_USAGE,다크 엘릭서를 이용하면 왕국에서 가장 강력한 영웅을 소환할 수 있습니다!
8477cfbb5d40e5b5,TID_OTTO_FEATURE,O.T.T.O
9d05a931c6cb407c,TID_SLOW_ATTACK,공격 속도 감소: <number>%
c6e5cab56a03c146,TID_BATTLEPASS_TASK_WIN_BATTLES_USING_HEADHUNTER,머리를 굴려라
901dcd1f33483871,TID_WL_BREAK_DAY_INFO,이번 시즌에서는 같은 조의 모든 클랜에게 각각 하루 동안의 휴식일이 주어집니다. 오늘은 대장님의 클랜이 쉬는 날입니다!
1036390629c6c9e4,TID_DEVICE_LINK_ERROR_CODE_SAME_PLATFORM_TEXT,여러 iOS 기기에서 게임을 즐길 경우엔 연동 코드를 사용하지 않아도 됩니다.\n\n단지 다른 기기에서도 현재 기기와 동일한 Game Center 계정으로 로그인하면 됩니다.\n\n게임 진행 상황은 자동으로 Game Center 계정을 통해 동기화됩니다.
2089679e00fcc39b,TID_ITEM_BROKEN,<item> (잔해)
0d288e7b77d360e8,TID_BATTLEPASS_TASK_INFO_DONATE_SIEGE_MACHINES,클랜원에게 시즈 머신 <num>대 지원
b07d6108965ac225,TID_DARKAGES_KING,암흑시대 킹
7a47835b01ec2b72,TID_ERROR_POP_UP_CONNECTION_FAILED_BUTTON,다시 시도
dc61bf8c0376fc6c,TID_NPC81,타이타닉
c2ad98541e2782bb,TID_STARTER_TH2_BUILDWALLS,장벽 건설
a9f447a5f5c1c864,TID_ARRANGED_WAR_SIZE,친선전 규모: <num> 대 <num>
cd064d078a2bf255,TID_PLAYER_PREFERENCE_INVITES_AND_SUGGESTIONS,초대 받기 및 추천 허용
08093fb127d59a9e,TID_WAR_ATTACK_CONFIRM_SPELLS_TEXT,마법: <number>
3bf5e942529c3d3b,TID_SUPER_TROOP_BOOSTS_NEEDED_TITLE,슈퍼 유닛 강화 필요
455e2e2d46ebe902,TID_DIAMOND_BUNDLE_TH11_ALT_REVISED_INFO,• 건물의 책 x<booster1>\n• 영웅의 책 x<booster2>\n• <res0> 골드\n• <res1> 엘릭서\n\n보관량 제한이 없습니다!\n\n이번 한 번뿐인 <cffec78><value>배 가치</c>의 구매 기회를 놓치지 마세요!
4e02872e70f767db,TID_BOOSTER_PET_POTION_OFFER_INFO,펫 포션 <num>개 - 펫이 <time> 동안 <multiplier>배 빠르게 업그레이드합니다.
5f90654327ae88a4,TID_BUILDING_CONSTRUCTION_PREVENTS,건설이 완료되면 사용 가능합니다!
c29326cecb525a87,TID_CHAT_RULES_MUTE,방해되는 플레이어는 채팅에서 차단할 수 있습니다.
0cd812f960cf67fc,TID_ALLIANCE_WAR_PERSONAL_LOOT_RESULT,획득한 전쟁 보너스
5ab310ef6c91e977,TID_BATTLEPASS_TASK_INFO_USE_SNEAKYARCHERS,장인 전투에서 은신 아처를 사용해 별 <num>개 획득
b91725daec282943,TID_TROOP_UPGRADE_COMPLETED,업그레이드 완료: <number>레벨 <item>
a1519606b8ee67cd,TID_DECORATION_GOLDEN_HOG,골든 호그
6564ab592a7ec173,TID_UNDERAGE_PLAYER_PLAYTIME_ENDED_KUNLUN,根据国家防沉迷通知的相关要求和最新强化的防沉迷政策，由于您是未成年玩家，仅能在周五、周六、周日及法定节假日每日20时至21时登录游戏，在上述时间段之外无法游戏，请注意休息。
24e8d850f2b7b041,TID_BATTLEPASS_TASK_INFO_WIN_BATTLES_USING_FLAME_FLINGER,멀티플레이 전투에서 화염 투척기를 사용해 <num>회 승리
85897b2d7ff181f4,TID_NEWS_TREASURY TITLE,새로운 보물 및 금고
38027c368000e491,TID_DARK_WITCH,암흑 마녀
eb3d8f6704ffe084,TID_LEAGUES_III,III
b086a9d56a749440,TID_CLAN_GAMES_THEME_HOLIDAY,크리스마스\n클랜 게임
abc8c13bb5e34508,TID_LEAGUES_UNRANKED_AFTER_SHUFFLE,리그 시즌이 종료되었습니다. 아무 마을이나 공격해서 새 리그에 진입하세요!
6fdd355bc3fd09a5,TID_BUILDING_GUARD_POST,경계 초소
e7847caf6b5e0ab3,TID_REENGAGEMENT_INTRO_2,고블린이 변장해봤자 내 눈은 못 속이지...
0f72c58ee571ecef,TID_CAPBUILD_ARMY_FIELD_INFO,클랜 군대가 습격전을 기다리는 동안 머무는 들판입니다. 업그레이드하여 수용 공간을 늘릴 수 있습니다.
ade835c1044662db,TID_LOCAL_NOTIFICATION_EVENT_TROOP_TRAINING_BOOST,"대장님, 보석 1개 훈련 가속 이벤트가 시작됐습니다!"
39731130526b3e78,TID_HINT_WARMACHINE2,배틀 머신의 전기 망치 능력은 재충전 후 다시 사용할 수 있습니다!
a713baf10dd3ef22,TID_REPORT_CONFIRM_SCREENSHOT,你确定要提交这张截图作为证据吗？
604c6faaec96f2f2,TID_CAN_COPY_ONLY_SAME_CH_TO_YOUR_OWN,자신의 캐피탈회관 레벨과 다르면 배치를 복사할 수 없습니다.
545005ae8e6e68a3,TID_GUARD_INFO,공격과 방어의 훌륭한 조화! 가드는 적의 공격을 막아주면서 다른 마을을 마음대로 공격할 수 있게 해줍니다. 보호막이 없는 기간에만 사용 가능합니다.
b3f53febfa1f7109,TID_WAR_INFO_BUTTON,전쟁 세부 정보
dbebbfbeaf2ea319,TID_ERROR_POP_UP_WRONG_CLIENT_VERSION,새로운 버전이 출시되었습니다. 게임을 업데이트해야 합니다.
fc249870dcdd1f8c,TID_V2_DUEL_FEED_BH_DESTROYED,장인회관 파괴됨!
3f21f7d6e2a8ceee,TID_CANCEL_WAR_ARRANGED_MATCHMAKING_CONFIRMATION_TITLE,도전 취소 확인
e2be94a8c5ec7c8d,TID_TRAINING_SCREEN_DARK_ELIXIR,다크 엘릭서:
fffb40e765ceded9,TID_LEADERBOARDBANNER_REWARD,상위 3개 클랜이 받는 보상:\n(클랜 내 상위 20명에게 균등 분할)
c5695d1ecff19750,TID_ALLIANCE_WAR_RETURN_TO_CURRENT_WAR,진행 중인 전쟁
7f2ef158ad841f2f,TID_ACHIEVEMENT_PVP_ATTACKS_TITLE,정복자
98c018f833989812,TID_BIND_TO_NEW_GOOGLE_SERVICE_ACCOUNT,현재 게임 정보를 Google 계정에 저장할까요?
245adb13d69cd07a,TID_BATTLEPASS_TASK_UPGRADE_ANY_WALL,장벽 강화
99da58297dcc9494,TID_NEXT_RAID,다음 습격전
be9f48b5cfd99ee5,TID_TUTORIAL_CLASHOWEEN_EVENT_A3,"제가 다른 것도 할 수 있을 거라는 생각은 해 보셨나요? 뭐, 유닛을 만든다던가..."
59d03fb7cd53c4d9,TID_EDIT_MODE_TIP2,인벤토리에서 건물을 끌어다가 배치하세요.
ecffc01c545d72f1,TID_HOUSE_PART_UNLOCKED,클랜 하우스 자재 잠금 해제!
795ef6ee83d4803a,TID_ADDITIONAL_DAMAGE_PER_TARGET_HP,추가 피해량: <number>%
2a5fb2f719357c31,TID_MAINTENANCE_ESTIMATED_SOON,몇 분 후 다시 시도해주세요.
018f3a298fe09a06,TID_LEAGUE_III,III
3b039fbe16222693,TID_BUILDING_GEM_MINE,보석 광산
827b7bb7455aa77f,TID_CLANGAMES_TASK_SPEEDY_STARS_MV,스피드 스타
8d8b9236050c261a,TID_HERO_GEAR_RESOURCES_TITLE,장비 자원:
b69ad4f895451f29,TID_CHARACTER_INFO_SUPER_CHARGED_PEKKA_SHORT,이 초강력 P.E.K.K.A은 발걸음부터 천둥소리 같네요.
5cad156183e3b1f6,TID_NUMBER_THREE,3
5de282e856ae479e,TID_EVENT_BOOST_ATTACKS,"공격 이벤트: 보석 단 하나로 각각의 훈련소, 마법과 영웅을 즉시 준비 완료시키세요! 이벤트는 1월 7일까지 계속됩니다."
75928c1997c6574a,TID_TUTORIAL_BATTLE_BUILDERS_2,장인의 집을 업그레이드해 장인들의 능력을 확인해보세요!
046d8ba9941c5116,TID_MOVE_MASTER_BUILDER_ERROR_VILLAGE_BB,마스터 장인은 현재 마을에 있습니다.
023dfcb2593d846e,TID_CHAT_WELCOME,"전체 채팅에 오신 것을 환영합니다.\n\n다른 플레이어를 존중해 주세요. 불쾌한 언행은 처벌될 수 있습니다.\n\n개인 정보(이메일, 전화번호, 주소, 암호)를 공유하지 마세요!"
498fbbff8ef203c1,TID_COSMETIC_ESTATE_3X3_WOODEN_CABIN,나무로 만든 오두막
ddae51ca049e741b,TID_TUTORIAL_CAPITAL_UPGRADE_1,흠. 더 나아질 수 있겠는데요. 업그레이드해 봅시다!
5240145b5fec2b93,TID_NPC63,팀워크
6797fd1d3dc57ef2,TID_INFO_TEST_DUMMY,"파괴할 수 없는, 손상을 입지 않는 테스트 모형입니다."
d1cc29347997facc,TID_LEAGUE_PLATINUM2,플래티넘 리그 II
5cd5298fdd1a8aa5,TID_COSMETIC_ESTATE_3X3_THATCHED_HUT_INFO,바바리안이 살고 있습니다. 대충 지어져 불이 붙기 쉬워요.
176d2f1a1bf87435,TID_HERO_ABILITY_QUEEN_DESC,"여왕이 모습을 감추고 일부 체력을 회복하며 강력한 사격을 퍼붓습니다. 방어 시설은 여왕을 놓치게 되며, 궁수 무리가 소환되어 적의 주의를 분산시킵니다!"
2043fc87839e2d2d,TID_GOLD_PASS_PURCHASE_INFO,이번 시즌의 골드 패스를 구매하면 위의 보상을 잠금 해제할 수 있습니다.
87b5a8679b26ac8f,TID_CLANGAMES_TASK_INFO_DESTROY_SCATTERSHOTS,멀티플레이 전투에서\n투석기 <num>개 파괴
4a8273afe283459e,TID_EVENT_TITLE_END_OF_SEP_OFFER_TH071,자원 수확
8a0a3da551fa1c06,TID_CLANGAMES_TASK_USE_SIEGE_SLAMMER,풍비박산
90796f90836b25f4,TID_SCENERY_JUNGLE,정글 배경
021a664cc8efe267,TID_FLYING_FORTRESS_ABILITY_NAME,해골 크루
bf386c67ab17cc86,TID_REGION_INT,전 세계
fdc6d44871c8b502,TID_BOOSTER_FILL_DARK_ELIXIR_STORAGE_OFFER_INFO,다크 엘릭서 룬 x<num> - 마을의 다크 엘릭서 저장소를 가득 채울 수 있습니다.
2156c6f3d9052ade,TID_GEAR_INFO_HEALING_TOME,그랜드 워든과 인근의 아군 유닛들을 회복합니다
93c949a93a84762d,TID_SETTINGS_2_ROW_DEPLOYMENT_BAR_INFO,"이 옵션을 \q켜면\q, 마을 공격 시에 두 배 높이의 배치 바가 사용됩니다."
dfe623ed6d0f2f75,TID_NO_MORE_CALL_FOR_TARGETS,이미 선점한 목표가 있습니다.
0ed6eec6ebcdeb5b,TID_ALLIANCE_WAR_VISIT_FAILED_UNAVAILABLE,비활성화된 마을은 방문할 수 없습니다. 나중에 다시 시도해주세요.
62cc16360b13b580,TID_HINT_BATTLE_ENDS,지원 유닛을 포함한 모든 유닛과 마법을 소모해야 전투가 종료됩니다.
6cd1775c32edcd1f,TID_WAROPTIN_COUNTIN,참가
cd44f74277695c9f,TID_CLAN_ACCESS_DISABLED,<time> 동안 클랜 상호작용을 이용할 수 없습니다
45b78e6a905dfef8,TID_LEAGUE_DIAMOND_SHORT,다이아몬드
88fd357338ab4fa7,TID_SCENERY_CLASHY_CONSTRUCTS,클래시 명품 제작소 배경
b92cd8a110cfe61f,TID_TUTORIAL_WAR_LEAGUE_11,별을 가장 많이 얻은 클랜이 리그에서 승리하게 됩니다.
c56b9becd71d692e,TID_WARNING_1_GEM_DONATIONS_INACTIVE,보석 1개 지원이 활성화되지 않았습니다. 정말 보석으로 지원하시겠습니까?
48cea6a0144fc870,TID_CLANGAMES_TASK_INFO_DONATE_TROOPS,인구수 총합 <num>만큼의 유닛 지원
8746de052ae63552,TID_LOOT_RECEIVED,획득한 전리품:
0afbdb24da7dcb8c,TID_CLANGAMES_TASK_INFO_WIN_STARS_VS_TOWNHALL_12,멀티플레이 전투에서\n마을회관 12레벨을 상대로\n별 <num>개 획득
b83dc92e61d5cdbd,TID_AVATAR_SEARCH_INVALID_TAG,플레이어 태그가 올바르지 않습니다. 다시 확인해 주세요.
ab4db8399e0ccf31,TID_FORGE_SLOT_UNLOCKS,<num>레벨 마을회관에서 잠금 해제됩니다
2e16e7283c4b531c,TID_NPC84,고통의 길
69bf80fd8ad03531,TID_CLANGAMES_TASK_INFO_DESTROY_BOMBTOWERS,멀티플레이 전투에서\n<building> <num>개 파괴
ae05602ed46dbcfc,TID_PET_ABILITY_UNIPONY,퍼스널 힐러
331f09099df97aec,TID_CLAN_JOIN_FAIL_NO_SCORE,트로피 점수가 모자라 가입할 수 없습니다!
531b8936f6988532,TID_WL_SEASON_NAME_SHORT,<month> 시즌
f0d241244bb9b2f8,TID_BATTLEPASS_TASK_INFO_UPGRADE_BB_WALL,장인기지에서 장벽 <num>개 업그레이드
11bdd458faa35c3b,TID_TUTORIAL_TH12_2,무기를 업그레이드해서 더욱 강력하게 만들 수 있습니다.
f7b2018d0d9bc8a4,TID_STARTER_WINUSINGWIZ_INFO,멀티플레이 전투에서\n마법사 <num2>명을 사용해\n별 <num>개 획득
2b0645f108628cca,TID_STREAM_SHARED_LAYOUT_CAPITAL,<district> <num>레벨 배치를 공유했습니다.
ff3543506b1d5d9e,TID_DECORATION_SHORT_FILM_STATUE_INFO,"두 형제, 하나의 이야기."
084a2713162ec157,TID_OPEN_GAMECENTER_BUTTON_ANDROID,Google 계정 로그인
5e261c559bfdff3e,TID_RESOURCE_PACK_ELIXIR_10,엘릭서 10% 충전
c0cbfadce94f5cb5,TID_ALLIANCE_GAMES_STARTING_IN,클랜 게임 시작:
472ad10f33fa4dff,TID_MAINTENANCE_ESTIMATED_TWO_HOURS,몇 시간 후 다시 시도해주세요.
8b8180bad8928374,TID_SCENERY_EPIC_JUNGLE,웅장한 정글 배경
cb4048909ee8dfa4,TID_CAPBUILD_BARRACKS_MEGAGROUND,마운틴 골렘 채석장
e42685557d601fd2,TID_FEATURE_CLAN_WARS,클랜전
5352caf36b8acd1f,TID_ALLIANCE_GAMES_NO_ALLIANCE,클랜 게임에 참가하려면 클랜에 가입해야 합니다.
8e786281aa6607b5,TID_BUY_PRIZE_SHOP_ITEM_HEADER,<item> 구매
4ea1f4090bd4f194,TID_BOOSTER_FILL_GOLD2_STORAGE_ALT_2_LINE,장인기지 골드 룬
2fc731e59f9fb498,TID_CLANGAMES_TASK_INFO_DESTROY_BB_MEGATESLA,장인 전투에서 <building> <num>개 파괴
e6285437991bcb9d,TID_NPC_CHALLENGE_TH9_BABYDQW_POISON,<ce98714>독 마법</c>을 사용해 <cf70d16>적 영웅</c>을 느리게 만드세요.
3349ed1cb94e25eb,TID_SCENERY_PIRATE,해적 배경
9375ec1c46a32d59,TID_ALLIANCE_WAR_NUM_DEFENCES,방어: <number>
f2d675d0880352dc,TID_BUILDING_MINI_SPELL_FACTORY,암흑 마법 제작소
dd6a00b5cda6be80,TID_POPUP_MAX_OUT_ARMY_TITLE,유닛 및 마법 강화
0ccf8c6ee81e2d98,TID_TAB_PREPARATION,준비일
a114660ae8438417,TID_LEAGUE_SILVER3_SHORT,실버 III
c1820eb4215e6688,TID_TOWN_HALL_1_INFO_SHORT,가장 위대한 여정이 바로 여기에서 시작됩니다!
d9630e45cdf880a1,TID_DECORATION_LEAGUE_II_STATUE_INFO,이 조각상은 성장하는 실력을 상징합니다. 이 조각상 주인은 결코 얕볼 수 없는 실력자가 되어가고 있습니다.
3666141d03da1340,TID_INFO_TAGS,태그로 클랜의 특징을 설명해주세요. 클랜을 더 쉽게 찾을 수 있습니다!
3058df396cd146d3,TID_CLAN_WAR_CHALLENGE_ACCEPTED,<name> 님이 수락했습니다.
644dc538b35a7495,TID_DIAMOND_BUNDLE_BUILDER,장인 팩
f2a11aeb6513773f,TID_MAINTENANCE_UPDATE_TEXT,클래시 오브 클랜이 새로운 병력 등 다양한 콘텐츠를 포함하여 업데이트 중입니다!
0f9d2f85c3b37e9e,TID_HERO_ABILITY_TIME,능력 지속 시간: <number>초
ba3e284bad5c4e62,TID_BOOSTER_BOOST_RESOURCES_OFFER_INFO,자원 포션 x<num> - <time> 동안 자원 생산이 매우 빨라집니다.
3caafc553467bcdb,TID_CLAN_SEARCH_RESULTS,\q<name>\q 검색 결과
81335193a2141615,TID_NUMBER_NINE,9
c5c0ba34444fb968,TID_GEAR_RESOURCE_BONUS_LOOT_TITLE,전쟁 종료 시 획득:
097013d58bebf826,TID_RESOURCE_PACK_DARK_ELIXIR_10,다크 엘릭서 10% 충전
d9f95d3069410cfe,TID_BOOSTER_FILL_GOLD_STORAGE_ALT_2_LINE,골드 룬
495b6e6ff5258b34,TID_LOCAL_NOTIFICATION_EVENT_NOOB_PACK_0099_0299,"대장님, 단 한 번만 구매할 수 있는 특가 상품이 도착했습니다! 승리를 위해 현명히 사용하세요!"
ae67a2517e0689f8,TID_PET_POISON_LIZARD_ABILITY_INFO,적에게 독성 침방울을 뿜어댑니다.
1152ddf0c87ccf1a,TID_DECORATION_HOG_FLAG,호그 깃발
6e403ca9314a35c5,TID_ARCHER,아처
ecff29a604a8b429,TID_CLAN_JOIN_FAIL_TOO_MANY_PENDING_REQUESTS,지금은 클랜에 가입할 수 없습니다! 나중에 다시 시도해주세요.
8b32f2a8424eaa1f,TID_SHADOW_QUEEN,섀도우 퀸
83929d892977923e,TID_CAPITAL_PLAYGROUND_WALL_EXPLANATION,"지상 유닛은 물이나, 절벽 또는 구역 가장자리에 인접한 장벽 주위를 걸을 수 없습니다."
42608fef042df243,TID_REDUCE_TIME_BARRACK_TROOP,훈련 시간 감소 대상:
26fab5654657afcc,TID_BUY_MULTIPLE_MISSING_RESOURCES_HEADER,자원이 부족합니다
a304c6d03c56c94a,TID_CANCEL_FRIENDLY_WAR_SENDER_HEADER,도전을 취소하시겠습니까?
612396ec226f4aba,TID_NPC13,고정 목표
ab2bd8d6bf434cdc,TID_TEST_PACK_RES_V2,Test Pack for v2 Res
bc5d6b1e5e3dda1b,TID_ALLIANCE_CREATE_DESCRIPTION,설명:
cbd8ac316d06f01c,TID_CLANGAMES_TASK_USE_HEALERS,파워 힐링
d696a6c45cd28b4a,TID_ALLIANCE_WAR_AVAILABLE_BONUS,전쟁 승리 보너스
1820bf3b6f8484b3,TID_SKIN_PREVIEW,스킨 미리보기
6de46fccf27b35da,TID_DONATE,지원
b5fc2d97e2be4876,TID_DONATED_TO_CLAN,지원한 유닛:
6278644e5ae59f78,TID_REQUIRED_BUILDERS_HALL_LEVEL,장인회관 <number>레벨 필요
49a72942e8cefa1d,TID_WL_UPCOMING_WAR_TITLE,다음 클랜전
dc306783768a24a2,TID_CHARACTER_INFO_SIEGE_CART,바퀴 달린 대포라니! 적들이 놀라 자빠지겠군요! 화력은 끝내주지만 그리 튼튼하지는 않습니다!
551e377ad183033a,TID_BUILDING_GIANT_CANNON,자이언트 대포
63d3d6a5fe274317,TID_WAITING_FOR_DUEL_NOTIFICATION,플레이어가 장인 전투 준비를 마쳤습니다!
25d1061baa510a89,TID_INFO_ACTIVATION_TYPE_UNIT_IN_RANGE,범위 내 목표물 발견
02fc65b579c41d17,TID_FOLLOW_BUILDER_TEXT,저희 인스타그램 비번을 가로챈 장인이 모험을 떠났습니다! 팔로우해서 장인이 다음에 어디로 여행할지 알아보세요!
6de1e287826f9dc3,TID_DECO_DEAD_TREE,죽은 나무
b141a776bcd27bb9,TID_TUTORIAL_WAR_LEAGUE_9,리그 시즌을 살펴볼까요? 아래 버튼을 누르세요.
1ba925ce840d2cf5,TID_HINT_TREASURY,금고는 클랜 성에 있는 클랜전 보너스 및 별 보너스 전리품을 지켜줍니다.
e3a77f625977e297,TID_CLANGAMES_TASK_INFO_USE_LOONS,멀티플레이 전투에서\n해골 비행선 <num2>대를 사용해\n별 <num>개 획득
16f974214614662f,TID_CAPITAL_RAID__WEEKEND_STARTED_NOTIFICATION,주말 습격전이 시작되었습니다! 라이벌 클랜의 캐피탈을 공격하고 승리를 거두세요.
e0742e022dd398ca,TID_HINT_VERSUS_BATTLE3,하루에 장인 전투에서 3승을 하면 어마어마한 전리품 보너스를 받습니다.
e880ae1b568f4880,TID_LEAGUE_HERO1_SHORT,타이탄 I
305adfb629bac237,TID_TUTORIAL_SELF_DONATING_3,다른 클랜원들이 잠들어 있는 동안 요긴하게 쓸 수 있을 겁니다.
f4d6db9ea5254c4b,TID_BATTLEPASS_TASK_WIN_BATTLES_USING_WITCHES,리치 위치
e3a291d249ae7548,TID_CAN_COPY_ONLY_SAME_BH_TO_YOUR_OWN,자신의 장인회관 레벨과 맞지 않으면 배치를 복사할 수 없습니다.
69333abca1bd83fd,TID_POPUP_GIFT_RECEIVED_BUTTON,확인
1945d131a36dccf0,TID_SPEEDUP_INFO,무거운 병사들을 날렵하게 만들어보세요!\n\n신속 마법은 분노 마법처럼 공격력을 올려주지는 않지만 이동 속도를 대폭 높여줍니다. 저장 공간도 적게 차지하기 때문에 전투에서 더 많이 사용할 수 있습니다!
5ff10b60670d3264,TID_EVENT_SPELL,<troop> 이벤트
4e9c43c504a6c67b,TID_ACHIEVEMENT_DESTROY_BUILDER,멀티플레이 전투에서 장인의 집 <number>개 파괴
c7e2dd61b89690df,TID_BOOSTER_LAB_OFFER_INFO,연구 포션 x<num> - 연구소의 업그레이드 속도가 <time> 동안 <multiplier>배 빨라집니다.
769216f59d767bb5,TID_BOOSTER_FREE_BUILDING_UPGRADE_ALT_2_LINE,건물 해머
133fa3310d98a400,TID_SHOP_CATEGORY_VILLAGE_BACKGROUNDS,배경
d2d781971ab4ab23,TID_BOOSTER_MAX_LEVEL_ARMY_ENABLED,군대 강화됨
372f394b3782d351,TID_LAYOUT_CHANGED_ERROR,이 배치는 최근에 수정되었습니다. <time>후 다시 사용할 수 있습니다.
35ecd6c08dc586cc,TID_NPC_CHALLENGE_TH7_MINION_BARBARIAN_KING,<c9916c8>바바리안 킹</c>을 배치해 <cf70d16>마법사 타워</c>를 교란시키세요.
7385b6eac54b8e7e,TID_SPEED_UP_HERO_HEALTH_TEXT,<item>의 체력을 완전히 회복할까요?
5c3e6e24d5544947,TID_WARRIOR_QUEEN,워리어 퀸
370bc4b9267cff8f,TID_RAIL,레일
a15b0e52160fd8b3,TID_BP_SEASON_BANK_SIZE_INCREASE,더 큰\n시즌 금고
ac23b5a6e47a49ef,TID_HAMMERJAM_OFFER2_MAGICITEMS_WALLRING_AND_ALLRUNES_INFO_4999,• 장벽 링 x<booster1>\n• 엘릭서 룬 x<booster2>\n• 골드 룬 x<booster3>\n• 다크 엘릭서 룬 x<booster4>\n\n• 보관량 제한이 없습니다!\n• 해당 특가 상품은 4회 구매할 수 있습니다!\n\n멋진 특가 상품으로 업그레이드를 시작해보세요!
c97cae8813f87695,TID_UPGRADE_TH_NOT_RECOMMENDED_TITLE2,추천 업그레이드:
f6426fa20fecc17b,TID_BATTLEPASS_TASK_INFO_USE_HOGRIDERS,멀티플레이 전투에서\n호그 라이더를 사용해\n별 <num>개 획득
10f681b97134d0d7,TID_BOOSTER_FINISH_HERO_UPGRADE_OFFER_INFO,영웅의 책 x<num> - 진행 중인 영웅 및 펫 업그레이드가 즉시 완료됩니다.
07dbd6d952e2517f,TID_TUTORIAL_DEFEND_5,끄아아! 금이다! 고블린 금 좋아!
1f36cf63426c0d3b,TID_TREASURY_DARK_ELIXIR,금고 다크 엘릭서
830699932a4a9c1d,TID_DEFENCE_PERCENTAGE,방어 성공:
24a90b9f612d1db4,TID_HOLIDAY_PACK,연말 팩
684e31fb33db12a5,TID_CLANGAMES_TASK_INFO_USE_SUPER_BARBARIANS,멀티플레이 전투에서\n슈퍼 바바리안 <num2>명을 사용해\n별 <num>개 획득
cec0be7cb9a59bf3,TID_WL_WARLESS_DAY_INFO_END,오늘은 다른 클랜이 전투 중입니다. 리그 결과는 내일 공개됩니다!
47c0f2265323a58c,TID_DEMOTE_POPUP_TITLE,이런! 강등되었습니다!
3a68729be167b47c,TID_LEGEND_LEAGUE_INFO_TAB2_HEADER,보호막
419cda3fcbfba867,TID_ALLIANCE_WAR_PREPARED_FOR_WAR,전쟁 준비 완료!
b4f5f68ffe0eabc4,TID_LOCAL_NOTIFICATION_EVENT_6TH_ANNVERSARY_PACK,대장님! 6주년 기념 한정판 팩을 확인하세요!
ab1421e60068afd7,TID_CLAN_WAR_LEAGUE_BUILDING_LEAGUE_BRACKET,리그 조 편성 중...
be366657e0914469,TID_STREAM_ENTRY_AGE,<time> 전
f8d37151244e3b9e,TID_GEAR_ALREADY_EQUIPPED,이미 장비한 아이템입니다
cb8717d32bbecf1e,TID_WARRIOR_CHAMPION,워리어 챔피언
223c70b79dcf0dda,TID_WL_LEADERBOARD_BRACKET_POS6,조 6위
f79aef9419c55f8a,TID_CLANGAMES_TASK_USE_INFERNO_DRAGONS,파이어 파이트
826b75eb05a01291,TID_ELIXIR,엘릭서
ad03b238596625e2,TID_SIEGE_WORKSHOP_INFO,작업장에서는 시즈 머신을 생산할 수 있습니다. 작업장을 업그레이드해 다양한 시즈 머신을 잠금 해제하세요!
6b3f43dad405d2df,TID_POPUP_HEADER_ABOUT_TO_BOOST_HERO,회복 속도를 올리세요!
dff0ad95afb13988,TID_WL_STAT_POSITION1,1위
05b23221aa15fe35,TID_CHIEFS_JOURNEY,대장의 여정
979575b4ff83d1c7,TID_CHARACTER_INFO_AD_SEEKER_WITH_EXPLOSION_SHORT,공중에서 대공포의 주의를 분산시키세요.
03cbd65349f72b23,TID_WL_INFO_LIVE_REWARDS,보상
2537f5fbd3473df7,TID_BP_PERK_SAVINGS_PAYOUT_DESC,"멀티플레이 전투에서 전리품을 획득하면 시즌 금고에 같은 양의 자원이 자동으로 채워집니다. 시즌이 종료되면, 시즌 금고의 자원을 마을 저장소에서 받을 수 있습니다."
a84558dfb9077f5d,TID_CAPBUILD_BARRACKS_CANNONCART,습격 카트 훈련소
1b944efaf956967e,TID_LOCAL_NOTIFICATION_EVENT_HAMMERJAM_PACK2,"대장님, 업데이트 특별 상품을 구매할 수 있습니다!"
122350481ebf1a7b,TID_ALLIANCE_EXP_EARNED,+<value> 클랜 XP
139f889c03ae377e,TID_LINK_TARGET_DEVICE_TEXT,연동하고자 하는 기기의 유형을 선택하세요.
f81bd3900dac5009,TID_CLANGAMES_TASK_DESTROY_XBOWS,대형 석궁 파괴
6b4abb72406fa014,TID_BP_PERK_MULTIPLIER,<num>배\n<perk>
705c7c2d47d18cf3,TID_NPC39,엄선
dbe3ddc02c949b56,TID_LEAGUE_STEEL3_SHORT,스틸 III
5b082f794a911a2c,TID_BATTLE_LOG_COL_2,잃은 자원:
5d1eb187a78501c6,TID_ALLIANCE_CREATE_TROPHY_COUNT,가입조건(트로피)
71ce5c28ebda4bb6,TID_LINK_SAME_PLATFORM_ANDROID,"여러 Android 기기에서 게임을 즐기려면, 게임 설정에서 Google 계정으로 로그인한 뒤 다른 기기에서 동일한 Google 계정으로 로그인하세요.\n\n게임 진행 상황은 자동으로 동기화됩니다."
50c337d0ecc317d9,TID_SHIELD_POPUP_GUARD_DESCRIPTION_1,"가드는 공격 보호가 완전히 끝나기에 앞서 제공되는 최후 보호 수단입니다. 가드가 적용된 경우에 불이익 없이 적을 공격할 수 있지만, 오래 지속되지는 않으니 주의해야 합니다!"
b615c8314c73640b,TID_ACHIEVEMENT_DESTROY_TOWNHALL2,장인 전투에서 장인회관 <number>개 파괴
d876000b981ac5a7,TID_SCENERY_CLASSIC,기본 배경
eedc341bcad9c6f0,TID_WL_BONUSES_GIVEN_TO_STREAM,<people>에게 클랜전 리그 보너스를 지급했습니다!
bf8422f350b642d6,TID_TROOP_TRAINING_MAX,최대
b4dc9c387b604e34,TID_AIR_DEFENSE_INFO,대공포는 상대의 공중 유닛에 치명적인 피해를 주지만 지상 유닛은 공격할 수 없습니다. 최대한 넓은 영공을 방어할 수 있도록 그 위치를 잘 선정해야 합니다.
8463fe01bafbba4f,TID_LEAGUE_RUBY3,루비 리그 III
6f73691372795ba0,TID_OVERALL_DAMAGE,총 피해량
c0d5199770c03256,TID_CLANPERK_DESC_DONATION_LIMIT_VALUE,"유닛: <troops>, 마법: <spells>"
715ac572b8dea613,TID_ATTACK_NOT_AVAILABLE,지금은 공격할 수 없습니다.
0a5b2378d78634f4,TID_DECO_CWL_SHIELD,리그 방패
2d2a3689c844c5ae,TID_CHARACTER_YETIMITE,베이비 예티
898632762c578c73,TID_ALLIANCE_REJECTED_BY,<name> 님이 거절했습니다.
fcb2f37f32bf87c0,TID_CLANGAMES_TASK_DESTROY_SPELLFACTORIES,마법 제작소 파괴
ffdf625975af9410,TID_WIZARD_STATUE,마법사 조각상
b0673d5603d9d8fa,TID_BATTLEPASS_TASK_UPGRADE_BB_WALL,기지 장벽 강화
11e689a539867862,TID_BATTLEPASS_TASK_DESTROY_BUILDERSHUTS,장인의 눈물
d408cbf463bf8b48,TID_SUPER_MINER_INFO,강력한 드릴과 멋진 콧수염으로 무장한 능력자 광부는 언제든지 라이벌 마을을 무너뜨릴 준비가 되어 있습니다!
fc62d4971605c207,TID_CHARACTER_INFO_LAVALOON_PUP,전투 DNA를 가지고 태어난 이 초록색 친구들로 적을 끈질기게 괴롭혀보세요.
8cce1d703ee9adbf,TID_HALLOWEEN_EVENT_2023_INFO_TRACK_ENDED,"오싹한 엘릭서는 사라졌지만, 보상을 수령하고 거래상에게 매시업 메달을 사용할 시간은 아직 남아 있습니다!"
c4bfe9a86856f930,TID_ALLIANCE_GAMES_ABOUT_TASKS_INFO,클랜을 위해 도전 과제를 완료해 점수를 모으세요!\n클랜원마다 달성해야 하는 점수가 있습니다. 클랜과 대장님이 최대한 많은 보상을 얻을 수 있도록 노력하세요.\n반드시 제한 시간 안에 완료할 수 있는 도전 과제를 선택하세요!
7041d467fcbe0b7f,TID_STARTER_TH4_BUILDAIRDEFENSE,대공 방어
d9267439557e8467,TID_REMOVE_SHIELD,보호막 제거
b57a1524c561f9e9,TID_DIAMONDS_FOUND,<name>에서 보석 <number>개를 발견했습니다!
92529d9decda23a2,TID_START_MATCHMAKE_HINT,공격하고 방어하세요! 장인 전투에서 승리해 보너스 전리품을 획득하세요!
05db17dd761e30e5,TID_DECORATION_GOLDEN_HOG_INFO,"모습도 냄새도 느낌도 황금이니, 아마도 황금이 맞을 겁니다."
e9e93ff5d3b1838a,TID_CAPITAL_PLAYGROUND_INTRO,클랜원이 이미 이 구역을 공격했습니다. 뒤를 이어 공격을 계속합시다!
6e5da7c28331697b,TID_REPLAY_SHARED_FAIL,이미 영상을 공유하셨습니다. <time> 후 다시 공유할 수 있습니다.
f74390da466d4b80,TID_SHARE_REPLAY_FAILED2,리플레이가 이미 공유되었습니다.
b49224a0d00c3b2b,TID_LEAGUE_MASTER2,마스터 리그 II
720d8455400e7410,TID_WATER_3,물 3x3
b2b5aa7cb56f58b3,TID_FAMILY_FRIENDLY,전 연령 클랜
f50cdb72aff0d545,TID_EVENT_SPELL_BOOST_INFO,마법을 4배 빠르게 제조하세요!\n\n보석 1개로 제조 시간을 단축할 수 있습니다.
d4c0438c3763bcf7,TID_SPECIAL_OFFER_INFO_EASTER_LIMITED_999,"• <res0> 골드\n• <res1> 다크 엘릭서\n• 보석 <gems>개\n\n• 보관량 제한이 없습니다!\n• 해당 특가 상품은 20번 구매할 수 있습니다!\n\n하나의 상품으로 방어 시설, 영웅, 다크 엘릭서 유닛을 업그레이드할 수 있는 절호의 기회!"
776623dbb0c191e8,TID_NEWS_IOS7_TEXT,다음 클래시 오브 클랜 업데이트부터 iOS 버전 5/6에서 구동되는 Apple 기기 지원이 중단될 예정입니다. 클래시 오브 클랜을 계속 플레이하려면 iOS 7 이상 버전으로 업데이트해야 합니다. 자세한 정보를 보려면 아래를 누르세요!
9e1a20889ab6212d,TID_HITPOINT_INCREASE,HP 증가량: <number>
9ecc4e0c1916b2bb,TID_PURCHASE_LIMIT_TEXT,우발적인 구매를 예방하기 위해 일정 시간 동안 구매할 수 없습니다.
8b76b750231c0785,TID_VERSUS_BATTLE_SELECT_VALID_LAYOUT,친선 전투에 맞는 배치를 고르세요!
19c7f6920ae2b210,TID_NPC69,선택의 순간
6cf92ba9c2ed511d,TID_ABOUT_BUTTON,정보
0f77023eb4a74dc2,TID_WL_INFO_SIGNUP_TAB1_TEXT,"<cFCE27F>어떻게 참가할 수 있나요?</c>\n\n대표와 공동 대표가 등록 기간에 참가 등록을 할 수 있습니다. 리그에 처음 참가할 경우, 가장 강력한 클랜원 15명의 전투력을 기반으로 리그에 배정됩니다. 같은 리그 등급에 다른 클랜 7개가 배정되면, 1라운드의 준비일이 바로 시작됩니다!\n\n<cFCE27F>클랜이 그리 강하지 않은데도 참가할 수 있나요?</c>\n\n물론이죠! 최소 15명의 클랜원이 있다면 참가할 수 있습니다. 클랜의 리그 등급이 올라가지 못하더라도 멋진 보상을 받을 수 있습니다!"
8cffff2c09b5f0bb,TID_TUTORIAL_SHOW_STAGE_2_3,그래서 안에 놓을 만한 걸 몇 가지 만들어봤어요. 집처럼 아늑한 느낌이 들게요.
7cfd968ff562540d,TID_DARK_ELIXIR_STORAGE_INFO,다크 엘릭서의 힘은 보통 엘릭서보다 세 배나 강력해서 일반 모양의 엘릭서 보관 용기에는 담을 수 없습니다. 그래서 다크 엘릭서를 안전하게 보관할 수 있는 새로운 정육면체의 저장 용기를 개발했습니다!
f07b83a8cd0cb253,TID_SHOVEL_OBSTACLE_CONFIRM_TITLE,장애물 속성 변경
5f8bdd01a897a31d,TID_PLAYER_MUTED,플레이어를 차단했습니다!
f491f6e13146d69c,TID_IAP_NOT_AVAILABLE_CAFE_BAZAAR,구매를 할 수 없습니다! Cafe Bazaar 앱이 기기에 설치되어 있는지 확인해 주세요!
d37690be277611a5,TID_TUTORIAL_LOOK_LABORATORY,저는 마스터 장인입니다.\n제가 제일 좋아하는 건물을 보여드릴까요? 부대에 스페셜 능력을 부여하죠!
bafc2b8d88c2ec99,TID_TRAINING_FULL,대기열이 가득 찼습니다!
40521244109509f0,TID_CAPBUILD_SUPERWIZARDTOWER,슈퍼 마법사 타워
4bb890e68d95a383,TID_SPELL_FACTORY_NOT_UNLOCKED,이 마법 제작소는 아직 건설되지 않았습니다
5bde2c2d706f74b2,TID_BOOSTER_MAX_LEVEL_ARMY_MAXED_UP_LAB,유닛을 강화할 수 없습니다. 마을회관을 업그레이드해주세요!
08e7a1bcc3109d54,TID_REPORT_REASON_VULGAR,色情和低俗
7ba2650e9718f6b2,TID_NPC_CHALLENGE_TH8_GOWIPE_HEAL2,<c54a0fe>마법사</c>가 계속 살아남도록 <cffe346>치유 마법</c>을 사용하세요!
8370e89429b64253,TID_SHOP_CATEGORY_OFFERS,특별 상품
2b1d5c62700c48bc,TID_V2_START_DUEL_ALREADY_IN_MATCHMAKING,매치메이킹에 실패했습니다. 이미 매치메이킹 중입니다.
e9d66a7e662cf0f0,TID_GUARD_POST_INFO,방어를 돕는 유닛들을 수용합니다. 이들은 적의 발목을 확실하게 잡아줍니다.
83f71e1c8d412f65,TID_SPELL_FROST,
5690da71e6055039,TID_OBSTACLE_BIRTHDAY2023,11주년 기념 케이크
2b8f1ad84d3051ab,TID_BUILDER_HALL_8_INFO_SHORT,"찌릿, 아니 짜릿한 신규 장인회관입니다."
72313cdd128286c6,TID_DAILY_BONUS_LIMIT_REACHED,일일 전리품 한도 도달
8289db7904fd9d1a,TID_STREAM_EVENT_CHANGED_SETTINGS_PLAYERS_LEFT,클랜 설정이 업데이트되었습니다. 일부 플레이어가 클랜을 탈퇴했습니다.
bedc5f6c1f327616,TID_CAPITAL_DISTRICTS_STANDING,남은 구역: <progress>/<total>
9c18ad1867cd8ed5,TID_DOWNLOADING_SCENERY,배경 다운로드 중...
ab2a7718613fd80c,TID_BP_TAB_PERKS,특전
0681ea937d2f2923,TID_DECORATION_HOG_FLAG_INFO,이곳은 행복한 호그의 영역입니다!
773b8ac1251abc6a,TID_BONUS,<percentage> 보너스:
576c3d9bf985d731,TID_BOOSTER_STAR_POTION,장인기지 별 유리병
ff4992ba67ca33a5,TID_NPC1,고블린 전초기지
4676b3e829704032,TID_ALREADY_BOOSTED,이미 가속화된 시설입니다!
223efab4fdcf0dda,TID_WL_LEADERBOARD_BRACKET_POS4,조 4위
44d6dab14e77e28d,TID_CAPITAL_PLAYGROUND_GATES_4,원거리 유닛에게 표적이 되기 쉽죠.
833dd6ebbd0ea9d7,TID_TUTORIAL_RUINS_4,건물이 많을수록 좋은 방어와 강력한 공격을 위한 더 많은 선택지가 생깁니다.
0556615a821b7717,TID_EVENT_STAR_BONUS_INFO,금고를 더 빨리 채우세요!\n\n이벤트 중에 별 보너스 전리품이 <starbonus>배로 늘어납니다.
4e27e30115ecb490,TID_ACHIEVEMENT_WAR_STARS,클랜전 전투에서 클랜 별 <number>개 획득
1d6de3b707297155,TID_EDIT_MODE_ERASE_ON,터치 제거 켜짐
eb94474c75dabe3d,TID_BALLOON2_ABILITY_HELP,"<num2>의 피해를 주고, 장벽을 파괴하고, 활성화되면 해골 <num>마리를 소환합니다."
769f0af9a1d1c258,TID_TAB_GLOBAL_CHAT,전체
f14c2a84abb6ef73,TID_GOLD_PASS_SKIN_DETAILS,"전용 영웅 스킨: <skin>\n\n아직 <hero> 영웅을 잠금 해제하지 않았다면, 영웅을 잠금 해제한 뒤 스킨을 이용할 수 있습니다."
114f64204c6e0c82,TID_BUILDING_CLOCK_TOWER,시계탑
e62613b1630daf55,TID_ACHIEVEMENT_CHALLENGE_BUTTON,친구에게 도전
e77fa8da6eb30ee1,TID_NOT_ENOUGH_WORKERS_TEXT,진행 중인 건설을 즉시 완료하고\n장인을 불러올까요?
3207edbc34143d25,TID_EP_BONUS_POINTS,+<num>
4695770473a3a97c,TID_EVENT_CHRISTMAS_TRAP_INFO,"몰려오는 적들을 그 자리에 멈추게 하세요!\n\n얼음 함정이 추가됩니다. 단, 이벤트가 끝나면 함정도 녹아 없어집니다."
9923d6d0ff740109,TID_SIEGE_MACHINES_OVERVIEW,개요
f6cbb0a2375b34ce,TID_NEWS_BOMB_TOWER_UPDATE_TEXT,• 공격 범위가 작은 폭탄으로 지상 유닛을 공격합니다!\n• 폭탄 타워는 파괴되면 폭발하여 근처에 있는 근접 유닛에게 피해를 입힙니다!\n• 폭탄 타워는 마을회관 8레벨부터 이용 가능합니다.
3b2acedd7135cd13,TID_NEWS_IOS7_TITLE,IOS 5/6 구동 기기 지원 종료
7d511e237a57e3e5,TID_PROFILE_BEST_WAR_STARS,전쟁 별 획득:
65f28fbbcf5fbce4,TID_CAPBUILD_SPELLLAB_FREEZE_INFO,서리 마법이 가득한 커다란 통을 제조합니다. 방문할 예정이라면 따뜻한 옷을 입는 게 좋습니다!
61f3d03b26ab278a,TID_CHAT_INFO,부적절한 행위를 신고하려면 불쾌한 내용을 탭한 후 \q신고\q를 누르세요.
230359f4d2305a7f,TID_CLANGAMES_TASK_USE_SUPER_BARBARIANS,장발의 광기
ad1550dd9ae5bfe5,TID_LEGENDS_GUARD_NOT_ENABLED,전설 리그에서 이용 불가
212f1bd4208c0825,TID_CLANGAMES_TASK_DESTROY_MORTARS,박격포 전멸
704f0ea96fde9342,TID_CLANGAMES_TASK_INFO_BEAT_DARKELIXIRTARGET,멀티플레이 전투에서\n한 번에 <num2> 다크 엘릭서 약탈
5dd8b4c572f624da,TID_MAX_SECONDARY_UNITS,분리된 유닛: <number>
0ae804e9f5be5e34,TID_RATE_APP_MESSAGE_ANDROID,Google Play에 여러분의 소중한 클래시 오브 클랜 평점이나 리뷰를 남겨주세요!
137144c70bc30e71,TID_LIVE_REPLAY_FAIL_NO_DATA_FOUND,실시간 보기가 불가능합니다. 전투가 이미 끝났습니다.
8478273646417e66,TID_LEADER_CANNOT_LEAVE_ALLIANCE,클랜을 탈퇴하기 전에 먼저 새로운 클랜 대표를 임명해야 합니다!
4383b6f9c51d721b,TID_UPGRADE_INFO_START,증가
f5c5c8aa9cbbf44a,TID_CLOCKWORK_QUEEN,태엽장치 퀸
4c5731522580a52f,TID_WAR_WIN_BONUS,<percentage> 전쟁 승리 보너스
a1c6bee2c7c287a7,TID_DIAMOND_BUNDLE_BH7_ALT,마스터 장인 팩
41d5e768b5cf867c,TID_NEWS_UPDATE_BOOKMARKS_TEXT,
452539eafefb0445,TID_ALLIANCE_WAR_TOTAL_DURATION,최고 공격 기간 합계
8e3b8dd9189ee104,TID_MONTH_12,12월
4f0a493b862437ea,TID_WARRIOR_WARDEN,워리어 워든
671ec2383c6c3172,TID_REQUESTED_FROM_CLAN,지원받은 유닛:
98b56e98ea653c5b,TID_TRAINING_WARRIORS,유닛:
69dd8084489ffd91,TID_TENCENT_DOLPHIN_DOWNLOADING_SIZE,<nowsize>k/<totalsize>k
a0a717e8ef0efa19,TID_EVENT_TOKENS,매시업 메달
734aa846af640e71,TID_DEGENERATION_TIME,수명: <number>초
b27ab2d4792b5445,TID_AIR_BLASTER_INFO,"바람 방출기는 강력한 바람을 내뿜어 공중의 적을 밀어내며 하늘을 방어합니다. 바람 방출기의 바람은 한 방향으로만 보낼 수 있으므로, 방향을 바꿔가며 최대한의 효과를 얻으세요 !"
98d6dcd8e1c0e822,TID_DAILY_TASK_1_DESC,마을 멀티플레이 전투에서 별 1개 획득
4232da4f3b1e9456,TID_TAP_TO_EXPAND,확장
29f714978503a84a,TID_ERROR_POP_UP_LOGGED_FROM_ANOTHER_DEVICE,이미 다른 기기에서 접속 중입니다.
056a3475dc8ba772,TID_CLANGAMES_TASK_USE_SUPER_WALL_BREAKERS,장엄한 장벽 파괴
9becc359fd921f31,TID_TRADER_UNLOCKS_TEXT,거래상은 마을회관 <value>레벨일 때 나타납니다!
5cf5132e7326937a,TID_BOOSTER_SUPER_POTION,슈퍼 포션
d985867530e15c52,TID_HERO_GEAR_RESOURCE_REWARD_INFO,별 보너스로도 장비 자원을 획득할 수 있습니다!
72520c6b6ba37648,TID_ADVANCED_SETTINGS_BUTTON,표시
82c37c16b396f157,TID_WAR_SPECTATOR_TITLE,전쟁 관전
fe3f4ed681f4f3ea,TID_CLAN_SEARCH_NO_RESULTS,검색된 클랜이 없습니다.
90507ccfa617e5e4,TID_CAPITAL_RESOURCE_FULL,저장 공간이 부족합니다!
e187b9b34a8bc459,TID_CHALLENGE_INFO_2018,"12레벨 마을회관과 함께 일렉트로 드래곤이 짜릿한 모습으로 등장합니다. 시즈 머신, 클랜전 리그, 거래상의 출현으로 신선함이 더해집니다."
cf61679ddba3b1fc,TID_POPUP_REPLACE_LAYOUT,배치를 교체할까요?
7aa95daad3475af2,TID_CLAN_LEADER,클랜 대표:
fd8a4daf0f4c972c,TID_LEGEND_SEASON_INFO_TEXT,전설 리그에는 특별한 시즌 종료 규정과 보상이 적용됩니다!
2d5b03c04b14b81b,TID_CLANGAMES_TASK_DESTROY_BB_GOLDMINE,금광 습격
b799e462731ea118,TID_INFO_RANGE,사정거리:
b5ec3d20855f5d08,TID_SETTINGS_NAME,이름
9744cab168e79869,TID_ALLIANCE_WAR_CLOSE_RESULTS_SCREEN,지도 보기
3e80647ed3b7c81a,TID_CLANGAMES_TASK_INFO_DESTROY_SPELLFACTORIES,멀티플레이 전투에서\n<building> <num>개 파괴
22db33dd943f5bc4,TID_NPC_CHALLENGE_TH13_HYBRID_ROYAL_CHAMPION,<c9916c8>로얄 챔피언</c>을 배치하세요. <c54a0fe>호그 라이더</c>와 함께하면 매우 강력합니다.
39a6ccb35e01c6ba,TID_CHARACTER_INFO_BARBARIAN,멋들어진 콧수염과 불거져 나온 근육에서 솟구치는 힘으로 적 마을을 아수라장으로 만드는 용감한 전사입니다. 배치한 바바리안 무리가 만드는 아수라장을 감상하세요!
ea97be2abb5b5486,TID_USE_ATTACK_CODE_BUTTON,도전 코드 사용
b6cf9734361e25a4,TID_DIAMOND_BUNDLE_MAGICITEMS_BUILDER_BASE_HEROES_BOOK_WITH_ELIXIR_INFO,• <res0> 엘릭서(장인기지)\n• 영웅의 책 x<booster1>\n• 보관량 제한이 없습니다!\n\n배틀 머신 업그레이드에 필요한 모든 것!
ffdb39a3d7251e77,TID_PRESET_RESOURCES,비용
a6aa7fc5cfea14b1,TID_YOU,나
2d9b5ea5275f4c73,TID_ALLIANCE_DEMOTE_BUTTON,<role>로 강등
fe604025e3eac2b1,TID_FRIEND_LIST_TEAMUP_1,친구들과 함께하세요
912c764c9682d3a1,TID_CLANGAMES_TASK_INFO_WIN_BATTLES_USING_YETI,멀티플레이 전투에서\n예티 <num2>마리를 사용해\n<num>회 승리
3bcd96ecff558772,TID_MAINTENANCE_COMING_SOON_TITLE,서버 점검 예정
6800ff4de392e1a8,TID_ALLIANCE_WAR_MOST_HEROIC_DEFENCE,가장 영웅적인 방어
ad40b9482f405195,TID_DECORATION_LEAGUE_III_STATUE,도전자 조각상
6444abaf0118e46f,TID_WAR_BATTLE_INFO,"전투일에는 모두가 공격합니다. 각 상대에 대한 최고의 공격만이 가산됩니다. 모든 클랜원이 함께 전략을 세우는 것이 승리의 핵심 열쇠입니다! 클랜전에서는 상대를 공격해도 보호막이 줄어들지 않으며, 트로피에도 영향을 주지 않습니다."
6a9a986d8523d17b,TID_ADVANCED_MEGA_TRAP_INFO_SHORT,대체 누가 이런 사악한 대형 지뢰를 만든 거죠?
39be212d80245065,TID_FEATURE_CLAN_GAMES_DESC,클랜원과 함께 스트롱맨의 도전 과제를 완료하고 멋진 보상을 받으세요.
bf542735bc49c790,TID_EVENT_UPCOMING_TIME,<number>일
0a91e2d1327df29c,TID_BUTTON_SHOP,상점
80f5efe775e5b19b,TID_BOOST_DAMAGE_PERCENTAGE,피해량 증가: <number>%
04156c33c9c84864,TID_POPUP_BOOST_VILLAGE,"<time> 동안 자원 회수, 연구 및 건설 속도가 <multiplier>배 빨라집니다!\n\n<cooldown>마다 한 번씩 무료로 가속할 수 있습니다!"
b0c901f8db2b1bc4,TID_CLAN_WAR_FREQ_NEVER,안 함
d404fd053c5461e2,TID_NPC_CHALLENGE_TH9_LAVALOON_KING_ABILITY,<c9916c8>바바리안 킹</c>의 능력을 바로 사용해 적 <cf70d16>아처 퀸</c>을 빠르게 처치하세요.
125bd9719029f0d9,TID_WEAPON_TOWN_HALL_14_INFO,기가 인페르노를 공격하는 적들은 마치 모닥불 속 마시멜로처럼 녹아내립니다. 한층 더 업그레이드된 기가 인페르노는 파괴 시 독 구름을 뿜어내 근처 적에게 피해를 주고 느리게 만듭니다.
36b2256cacc0e4d0,TID_ERROR_POP_UP_SERVER_MAINTENANCE_ESTIMATED_HOUR,"죄송합니다, 서버 점검 중입니다. 약 1시간 후에 다시 시도해주세요."
c2889edc97b5676a,TID_BATTLEPASS_TASK_WIN_BATTLES_USING_LOONS,하늘에서 폭탄이
f37721282e446cde,TID_BUTTON_START_MATCHMAKE,지금 찾기!
7524161599bca2b7,TID_BEAST_KING,야수 킹
da1ea6102169018d,TID_ELIXIR2_ALT,장인기지 엘릭서
3ecec74ca9a2fbce,TID_LEGEND_LEAGUE_INFO_TAB0_TEXT,"전설 리그는 뛰어난 플레이어들이 누가 최고의 공격력과 마을 배치를 보유하고 있는지 겨루는 곳입니다. 전설 리그에 있는 플레이어들은 매일 정해진 수만큼 공격 및 방어를 합니다. 공격 시 트로피를 최대 <num>개까지 획득할 수 있으며 트로피는 손실하지 않습니다. 공격 버튼을 누른 후에는 상대 검색 시간이 없습니다.\n\n리그일 종료 시 트로피 수가 너무 낮으면, 전설 리그에서 강등되며 일반 멀티플레이 모드로 돌아갑니다.\n\n전설 리그에 참가했을 때, 첫째 날의 공격 및 방어 수는 감소할 수 있습니다."
35c5a64d39e1b1f9,TID_BATTLEPASS_TASK_DESTROY_ARMYCAMPS,무너진 집합소
16fbcd285f30b19d,TID_BUILDING_BARRACK2,장인 훈련소
31726e4b8338376b,TID_RUINS_ARMY_CAMP,폐허가 된 집합소
24e6c60b3591c95e,TID_NPC_CHALLENGE_TH9_WITCH_WITCHES1,<c54a0fe>마녀</c>를 배치해 측면에 있는 건물들을 제거하세요.
67a33fde5beb2fa6,TID_TASK_GET_STAR_BONUS,일일 별
9a53f3224781c12c,TID_BATTLEPASS_TASK_WIN_STARS_USING_EARTHQUAKE_INFO,멀티플레이 전투에서\n지진 마법을 사용해\n별 <num>개 획득
e45cd316d7e15a39,TID_PLAYER_PROFILE_TROOPS,병력
da55b295799573e3,TID_STARTER_TH2_BUILDBARRACKS,새 훈련소
5c15e977830175df,TID_BP_BONUS_POINTS_INFO,지난 시즌에 골드 패스를 구입하셨군요. 이번 시즌에도 구입하시면 보너스 도전 점수를 받게 됩니다.
666f289d5ec79199,TID_NPC_CHALLENGE_TH8_GOWIVA_WIZARDS,"<c54a0fe>마법사</c>는 공중 유닛을 공격할 수 있으며, 큰 피해를 줄 수 있습니다."
61c92a082f14d6e0,TID_ABOUT_WEIBO,Weibo
50eae8438417d10e,TID_LEAGUE_SILVER1_SHORT,실버 I
9850e5a68eb48bc9,TID_TROOP_INFO_COMING_SOON,곧 출시!
eb953cd09f905ca8,TID_CLANGAMES_TASK_INFO_GET_KILLS_VS_BARBARIANKING,멀티플레이 전투에서\n적 바바리안 킹 <num>회 처치
e5c0c9c68d8ca500,TID_BATTLEPASS_TASK_COLLECT_DARKELIXIR,다크 엘릭서 시추
0f2d7e5bfc96526b,TID_BATTLE_PASS_CLAIMED_REWARDS,획득한 보상
18e93f040d863dc1,TID_HINT HEROES_REGENERATE,영웅을 치유하려면 수면을 취하게 하거나 치유 버튼을 탭하세요.
42c190b6e3ac1feb,TID_BATTLEPASS_TASK_WIN_BATTLES_USING_VALKYRIES,추풍낙엽
4a7865df8088ae3b,TID_CHALLENGE_NOT_AVAILABLE_IN_MODE_LIVE,마을로 돌아가 실시간으로 관전하세요!
f13d82de9e352f19,TID_SINGLE_PLAYER_AVAILABLE_LOOT,약탈 가능:
019f02b216d0b6eb,TID_WAR_HISTORY_NOT_AVAILABLE_OTHER,이 클랜은 전쟁에 한 번도 참가하지 않았습니다!
30b62c5d62149ff4,TID_GAMES_TASKS_TEXT,"대장님의 능력을 시험할 수 있는 다양한 도전 과제들이 준비되어있습니다. 제한 시간 안에 도전 과제를 완료하면 점수를 얻어 클랜에 기여할 수 있습니다. 도전 과제마다 난이도가 다릅니다. 대장님이 완료하기에 어려워 보이는 도전 과제가 있다면, 다른 클랜원에게 도전해 달라고 부탁해 보세요. 너무 어려운 도전 과제를 받았다면, 취소할 수 있습니다. 도전 과제를 취소하면 새로운 도전 과제를 받을 수 있을 때까지 얼마간 기다려야 합니다."
660d9a5d06b926f8,TID_TENCENT_DOLPHIN_SUCCESS,检查更新完成
d536220074840932,TID_REGION_CUSTOM2,
fe11ebe2e2936196,TID_HINT_WIZARD_TOWER_DAMAGE,마법사 타워는 공격 범위 내의 모든 유닛에게 광역 피해를 줍니다.
51d7b11198fe6062,TID_BP_TAB_REWARDS,보상
f3fd73863462a604,TID_STARTER_TH2_UPGRADEELXIR,펌프 잇 업
f70dfa145263dc78,TID_ACHIEVEMENT_DESTROY_ARTILLERY_COMPLETED,파괴한 독수리 포탑: <value>
dfb0a65559fc82b0,TID_PET_ABILITY_INFO_BULLDOZER,마이티 야크가 장벽에 추가 피해를 줍니다.
2bb600e26f23fede,TID_LAVALOON_ABILITY_NAME,베이비 붐
116a5ee1eea62d6f,TID_ALLIANCE_WAR_STAT_ATTACKS_LOST,공격 실패
134cdd0af2bd145e,TID_ATTACK_FAIL_TARGET_HAS_GUARD,공격할 수 없습니다! 가드가 적용된 마을입니다.
3b73efdce60f8f48,TID_CAPBUILD_SPELLLAB_GRAVEYARD,무덤 마법 제작소
121556c2f34a18ba,TID_VILLAGE_EDIT_MODE,마을 배치 모드
6a9db4f62e2373ac,TID_SETTING_AUTO_USE_HERO_ABILITIES,처치되었을 때 능력 자동 사용
9160f64b8f56458f,TID_BOOMBOX_EVENTS,이벤트
15f5f1191ae71773,TID_ARMOREDMACHINE,기갑 장비
7a4eb2b192b8c92d,TID_TUTORIAL_ELIXIR_CART_2,강력한 공격만큼 든든한 방어도 중요합니다!
ec5f624ecf41ee3f,TID_BUTTON_UPGRADE_TROOPS,연구
57ddeb5c8c6a50f7,TID_FREE_CRAFTING_FINISHES_IN,곧 이용 가능...
d585ed63d1135257,TID_CHARACTER_INFO_DRAGON_SHORT,튼튼한 비늘과 맹렬한 화염을 뽐냅니다.
907d06666c2463d9,TID_CAPBUILD_DISHQ_INFO,여기에서는 마을 주민들과 그랜드 장인이 구역을 관리합니다. 업그레이드하면 구역에서 업그레이드할 수 있는 건물이 추가로 잠금 해제됩니다.
577d322e2492c3c3,TID_BATTLEPASS_TASK_INFO_START_BB_UPGRADE,장인기지에서 건물 업그레이드 <num>개 시작
8c80d416241bd405,TID_NO_BOOKMARKS,북마크한 클랜이 없습니다.\n\n클랜 정보 페이지에서 클랜을 북마크할 수 있습니다.
f6d34f1b45dd7769,TID_HALLOWEEN_INFO_SCREEN_TITLE,매시업 매드니스에 오신 걸 환영합니다!
3d8a93b431261d96,TID_DIAMOND_BUNDLE_HERO_PACK,영웅 팩
f7475f8aaa981f91,TID_WEAPON_RAGE_SPELL,분노 마법 타워
bb99623a10400dee,TID_CAPITAL_PLAYGROUND_SUPER_BARBARIANS,<c54a0fe>슈퍼 바바리안</c>을 배치해 건물을 파괴하세요.
8e5149e1e6d8f207,TID_TENCENT_AGREE,同意
90a3efcd300a9320,TID_BATTLEPASS_TASK_WIN_BATTLES_USING_GOLEMS,멈출 수 없는 바위
854ac5107fb77d9b,TID_NPC_CHALLENGE_TH11_LAVALOON_MINIONS,<c54a0fe>미니언</c>을 배치해 남은 건물들을 완전히 파괴하세요!
c6b0b2b3efa21e16,TID_DPS_INCREASE,DPS 증가량: <number>
a0b9e642cbfb5758,TID_NEED_TO_GIVE_WL_BONUSES,전쟁을 시작하려면 클랜전 리그 보너스 메달을 분배해야 합니다.
36432e793f6d47c8,TID_CLANGAMES_TASK_INFO_USE_SUPER_WITCHES,멀티플레이 전투에서\n슈퍼 마녀 <num2>명을 사용해\n별 <num>개 획득
e42c77a30b56895e,TID_LEAGUE_STONE1_SHORT,스톤 I
38a1dcefd67181fa,TID_WL_LEAGUE_RESULT,시즌 결과
5a71fbaaa83aca83,TID_MEMBERS_SORTED_BY_TROOPS_DONATED,지원한 최대 유닛 수
9bd096b8685d7f67,TID_NPC87,지끈지끈 두통
8d62866cc7f3f723,TID_ERROR_POP_UP_LOGGED_FROM_ANOTHER_DEVICE_TITLE,연동 실패
ded1043e9f0601be,TID_LOOT_CART,전리품 카트
dc5bfb8b478aaba2,TID_MULTIPLAYER_STAR_BONUS_EVENT_ACTIVE,<c66CC00><num>배 별 보너스 이벤트!</c>
1dad97e1016b1afd,TID_BOOST_POPUP_TITLE_RESUME,가속 다시 시작!
8998d6559dc8200b,TID_WL_SEASON_NAME,클랜전 리그 시즌 (<year>년 <month>)
7eb496d31a833bca,TID_INVISIBILITY_TOWER_SHORT,투명 마법
c9f919a0a68c0620,TID_SETTINGS_API_TOKEN_SHOW_BUTTON,보기
df9fe92f92a53c3b,TID_UPGRADE_INFO_DEPLOY_UNIT,<name> 배치 속도(+15%) <old>
5d5ae34d0804c537,TID_HINT_INFERNO_TOWER_AMMO,인페르노 타워는 다크 엘릭서를 연소하여 화염 공격을 합니다. 다크 엘릭서 충전을 잊지 마세요!
3084f506c5e71700,TID_DEVICE_LINKED_MAIL_ITEM,새로운 기기가 마을과 연동되었습니다.
5b527e1fcc042ca6,TID_MINER,광부
7af31ad292ea72ce,TID_ALLIANCE_VISIT_BUTTON,캐피탈 방문
859a007a546d30a3,TID_WL_STARS_BREAKDOWN_TEXT,공격에서: <num>\n전쟁 승리에서: <num2>
4b3a89511451533a,TID_INFO_POP_UP_TOS_PP_NOTE,클래시 오브 클랜은 무료 게임이지만 인앱 구매를 통해 더 빠르게 진행할 수 있습니다. 인앱 구매는 기기 설정에서 차단도 가능합니다. 확인을 누르면 이용 약관과 개인정보 처리방침에 동의하게 됩니다.
4cb6ff8d6e95b756,TID_RESOURCE_STORAGE_FULL,<res> 저장소가 이미 가득 찼습니다!
60a82cc164c2ab81,TID_FAVORITE_TARGET_HEROS_TARGET,영웅 공격 대상
468e2f0e8047df95,TID_WAR_LEAGUES,클랜전 리그
25b7439d14a97254,TID_HINT_SHIELD,잠시 휴식 중이신가요? 보호막을 이용하여 트로피를 보호하세요!
db4fae978d48304a,TID_PUSH_WAR_3,<data> 대항 전쟁이 곧 종료됩니다.
a53b9a5b56580c36,TID_GAME_CENTER,Game Center
dff0ad936fb7f988,TID_WL_STAT_POSITION5,5위
ab5d9cbfa26bb955,TID_NPC_CHALLENGE_TH13_HYBRID_SIEGE_BARRACKS,<c54a0fe>골렘</c> 뒤에 <c54a0fe>시즈 훈련소</c>를 배치하세요.
053db13af90f2d9f,TID_WAR_PERSONAL_SETTING_LEAVE_ME,참가 안 함
4caac601eea17d87,TID_BOOST_ALL_DARK_ELIXIR,모든 다크 엘릭서 정제소
62968c62c37621a7,TID_BOOSTER_FINISH_SPELL_UPGRADE_ALT_2_LINE,마법의 책
de2eeb816d73d40e,TID_SEASON_START_TEXT,<month> 시즌 시작!
7d8fac86e127398e,TID_NPC_CHALLENGE_TH10_BOBAT_ARCHER_QUEEN,<c9916c8>아처 퀸</c>을 배치해 <cf70d16>마법사 타워</c> 2개를 파괴하고 <c54a0fe>박쥐</c>를 보호하세요.
587e660acc28342a,TID_LEAGUE_COPPER3_SHORT,카퍼 III
dff0ad977fb3e988,TID_WL_STAT_POSITION2,2위
01008d91ced34825,TID_CLANGAMES_TASK_WIN_STARS_VS_TOWNHALL_13,목표: 13홀
25a10ebd528649cf,TID_DONATION_REQUEST_ONLY_ALLOW_MAX_LEVEL,가장 높은 레벨의 지원만 받도록 허용
104925f083a20eb2,TID_EP_MULTIPLE_REWARD_FORMAT,<num> x <reward>
6d26d6a1f2bac735,TID_POPUP_REMOVE_TROOP_AND_SPELL_TEXT,병력과 마법을 제거하시겠습니까? 비용은 돌려받을 수 없습니다.
f41d7045024498a0,TID_SHIELD_ON_COOLDOWN,보호막 사용 불가!
21f5b081d270af70,TID_UPGRADE_INFO_DPS,초당 피해량(+<num>) <old>
da75f59013985a5a,TID_BATTLEPASS_TASK_INFO_USE_BABYDRAGONS,멀티플레이 전투에서\n베이비 드래곤을 사용해\n별 <num>개 획득
8a4a8c6779164ae0,TID_HEALING_WAVE_INFO_SHORT,위급할 때 사용하여 아군 유닛을 신속하게 치유하세요.
86a17e2b51862294,TID_OBSTACLE_TOMBSTONE,묘비
4cdb71ce8cff7873,TID_CANCLE_TRAINING_INFO,주의! 대기열에서 유닛 훈련을 취소하면 훈련 비용의 <number>%만 돌려받습니다.
1735cb692432aa8f,TID_SHADOW_CHAMPION,섀도우 챔피언
02daf7285374e07b,TID_ACHIEVEMENT_NPC_STARS3_TITLE,더욱더 많은 고블린 처치!
9f11768b72746bcd,TID_WL_COLUMN_WINS,승리
c67ead9c347df37a,TID_EVENT_PASS_PURCHASE_INFO,이벤트 패스를 구매해 더 많은 보상을 획득할 기회를 얻으세요!
6e93db9a22e561b7,TID_ERROR_POP_UP_AUTO_DISCONNECTED_TITLE,거기 계세요?
c4445760a3321883,TID_POPUP_SPEED_UP_UPGRADE,<item> 업그레이드를\n즉시 완료할까요?
d9403784acfdf238,TID_ACCEPT_FRIEND_CONFIRMATION_TITLE,친구 추가
b2765a881589ebf1,TID_AIR_DEFENSE2_INFO_SHORT,나비처럼 날아 폭탄처럼 터뜨려요.
ebc122d28ab15aad,TID_VILLAGE_EDIT_SUCCESS,마을이 저장되었습니다!
a6e875df9e1c8073,TID_ACHIEVEMENTS_COMPLETED,완료:
60d9cbfda2405d3b,TID_REGULAR_THEMED_PREPARE_OFFER_INFO_TH0206_999,"• <res0> 엘릭서\n• 훈련 포션 x<booster1> - 1시간 동안 유닛 훈련, 마법 제조, 영웅 회복 및 작업장 속도가 매우 빨라집니다.\n• 힘의 포션 x<booster2> - 1시간 동안 유닛 및 마법 레벨이 마을회관에서 허용하는 최대 레벨로 증가합니다.\n• 자원 포션 x<booster3> - 1일 동안 자원 생산이 매우 빨라집니다.\n\n• 보관량 제한이 없습니다!\n• 해당 특가 상품은 표시된 기간 내에 4회 구매할 수 있습니다.\n• 영웅과 유닛을 업그레이드하고 더 강력한 마법을 사용해보세요!"
8fe56749de43bf83,TID_AIR_DEFENSE_SMALL_INFO_SHORT,적의 공중 유닛에게 분노의 로켓을 퍼붓습니다.
5bd77aec68f38075,TID_LEAGUE_MASTER,마스터
81812c4a3bdf389e,TID_CLANGAMES_TASK_INFO_USE_NIGHTWITCHES,장인 전투에서 암흑 마녀 <num2>명을 사용해 별 <num>개 획득
44950e9a1a7d6728,TID_CAPBUILD_BARRACKS_DRAGON_INFO,"이제 와서 말이지만, 드래곤의 막사에 목재를 사용하는 것은 과연 최선이었을까요? 아직 건물에 불이 붙지 않은 게 놀라울 따름입니다."
50a9b6159fb92a86,TID_DIAMOND_BUNDLE_MAGICITEMS_BUILDER_BASE_BUILDING_BOOK_WITH_GOLD_INFO,• <res0> 골드(장인기지)\n• 건물의 책 x<booster1>\n• 보관량 제한이 없습니다!\n\n장인회관과 방어 시설 업그레이드에 필요한 모든 것!
b1bc0c573e103dfa,TID_DIAMOND_BUNDLE_TH15,마을회관 15 팩
0c812c278be52c5b,TID_UPDATE_REQUIRED_TO_CONTACT_SUPPORT_TITLE,업데이트 필요
1d58f53d91edf43e,TID_LEGENDS_UPCOMING_SHIELD_INACTIVE,다음 리그일에 보호막이 제거됩니다. 리그일 변경 전에 보호막을 구매하면 공격과 방어를 건너뛸 수 있습니다.
a125e0409e167009,TID_CHARACTER_INFO_BABY_DRAGON2_SHORT,이 성질 고약한 '베이비'는 트림시키면 안 돼요.
67ac2e6c2539592e,TID_ACHIEVEMENT_LOOT_GOLD_TITLE,골드 약탈
a20aaf21f4607bee,TID_LOCAL_NOTIFICATION_CLAN_GAMES_ENDING_SOON_ALL_POINTS,클랜 게임이 곧 종료됩니다!
275c06edada8528f,TID_BUTTON_JOIN,가입
936d09cbe4b1b128,TID_RES_PACK_INFO_GOLD,• 보석 <gems>개\n• <res0> 골드\n\n보관량 제한이 없습니다!\n\n한정 기간 동안 할인된 가격에 자원을 구매해 보세요!
b461362ad28064f0,TID_DIAMOND_BUNDLE_BUILDER_BASE_HERO_PACK,장인기지 영웅 팩
e6573296355af863,TID_PIRATE_KING,해적 킹
a7fa4f84d30076b0,TID_BOOMBOX_FOR_YOU,맞춤 소식
5440bf4d7537b743,TID_BOOSTER_BOOST_PRODUCTION_INFO,"활력이 가득한 이 포션을 사용하면 <time> 동안 유닛 훈련, 마법 제조, 영웅 회복 및 작업장 속도가 매우 빨라집니다. 마을에서만 사용할 수 있습니다."
d3e85799662016ce,TID_POPUP_BOOST_PET_SHOP_TITLE,펫 업그레이드 속도 가속
06f4ff40b6b3a2c5,TID_ALLIANCE_TAB_BOOKMARKS,북마크
3925e75622ed6a56,TID_SHOP_CATEGORY_RESOURCE_BUILDINGS,자원
9d9c5bf3385cc4e3,TID_ALLIANCE_WAR_CANNOT_ATTACK_SPECTATOR,관전자는 공격할 수 없습니다!
45dfc2cb2a79351d,TID_BUTTON_TRAIN_PRESETS,빠른 훈련
8ff28d37ee7cadaf,TID_CLAN_GAMES_CENTRE_INFO,클랜 게임에서 할 수 있는 것:
389ddcc4a85c1c6c,TID_DUEL_REWARDS_TITLE,장인 전투 보상
68ca5adc24d48b3c,TID_LABORATORY_UPGRADING_CANNOT_START_UNIT,연구소 업그레이드 중에는 유닛을 업그레이드할 수 없습니다.
893bb041217f868b,TID_CHARACTER_MECHA_DRAGON_INFO,마주치는 그 어떠한 방어 시설이라도 기쁘게 가루로 만들어버리는 하늘의 파괴 머신입니다. 등에 타고 있는 해골은 자기가 한 게 아니라고 주장하고 있습니다.
11c67f2c4a3838f2,TID_MAP_LOCATION_12,금빛 참나무 여관
c8becadff5523791,TID_CAPBUILD_ROCKET_INFO,폭발하는 로켓을 공중과 지상 목표물을 향해 발사합니다. 기적처럼 늘 백발백중입니다!
40ddf82f6b55fd53,TID_DIE_DAMAGE,파괴 시 피해량: <number>
01ab897d40c87f21,TID_HINT_WIZARD_INFO,마법사는 공격력이 강한 대신 체력이 약합니다.
3ca535c878f98ea5,TID_DIAMOND_BUNDLE_MAGICITEMS_BUILDING_BOOK_AND_HERO_BOOK,매직북 팩
c3b422518689d6c0,TID_LEAGUE_MIN_SIZE,리그에 참가할 클랜원을 최소 <num>명 선택하세요!
ce2de5f8bdaae1d7,TID_DECO_GOBLIN_KING_STATUE,고블린 왕 조각상
3b1735ab580fce2f,TID_HINT_XBOW_TARGETS_2,대형 석궁을 지상 유닛만 공격하도록 설정하면 사정거리가 길어집니다.
d693076876b7409f,TID_NPC71,종이지도
b326ea21d88ea6f9,TID_PRESET_CAPITAL_PRODUCTION_BUILDING_MISSING,생산 시설이 아직 건설되지 않았습니다.
006840da78bfc8a0,TID_CHARACTER_INFO_SKELETON_BARREL,"저기 날아가는 게 뭘까요? 해리, 래리, 테리, 그리고 친구들이 통으로 들어가 근처 건물로 날아가고 있네요!"
3dee785029c6ca51,TID_BP_PERK_INCREASE_LIST_FORMAT,• <num>% <perk>
92ff249a61c7540c,TID_POPUP_BOOST_RESEARCH_TITLE,연구소 가속
7865ef79c8d05db1,TID_BATTLEPASS_TASK_DEPLOY_SUPER_TROOPS,슈퍼 돌격!
128be330bd256631,TID_CLANGAMES_TASK_USE_SUPER_WIZARDS,슈퍼한 마법
32886e9461c1f7e3,TID_BATTLEPASS_TASK_INFO_WIN_WARATTACKS,클랜전 전투에서\n<num>회 승리
1388c4531d986453,TID_CLANGAMES_TASK_INFO_DESTROY_ELIXIRSTORAGES,멀티플레이 전투에서\n<building> <num>개 파괴
fd424fda75010464,TID_BATTLEPASS_TASK_WIN_BATTLES_USING_CANNONCARTS,카트 라이프
308de3026d7741e9,TID_MULTI_ARCHER_TOWER_INFO,아처들이 팀을 이뤄 공격자들을 더 빠르고 맹렬하게 처치합니다. 팀워크로 꿈을 이루는군요!
24694a0350598eb7,TID_CWL23_SCENERY,전장 배경
83871b68cbd9f01f,TID_BONUS_ATTACK_EARNED,보너스 공격 획득!
5f05a8e4333c82c0,TID_DIAMOND_BUNDLE_MAGICITEMS_BUILDING_BOOK_WITH_GOLD_INFO,• <res0> 골드\n• 건물의 책 x<booster1>\n• 보관량 제한이 없습니다!\n\n마을회관과 방어 시설 업그레이드에 필요한 모든 것!
415e96e7cf2fd9fa,TID_ERROR_POP_UP_BANNED_BUTTON,확인
2638c13e6d71056a,TID_LINK_CODE_TITLE,연동 코드
2cddd439769b576c,TID_NPC_CHALLENGE_TH11_EDRAG_ARCHER_QUEEN,<c9916c8>아처 퀸</c>을 배치해 돌파구를 완성하세요.
24691168bc379b7c,TID_PROFILE_LEGEND_BEST,최고: <year>년 <month> 시즌
86d68fc2c9a7c1fa,TID_CHARACTER_INFO_SIEGE_MACHINE_FLYER_SHORT,마을회관으로 폭탄을 직배송하세요!
8d0a827a2d926b55,TID_SPOOKY_QUEEN,으스스 퀸
77e7e841c14a9896,TID_MAP_LOCATION_18,독수리의 길
a67b3f0590b689ae,TID_BUTTON_EDIT_TAG,태그
3e2176dd2b83a248,TID_NOT_ENOUGH_WORKERS_HEADER,장인이 모자랍니다!
f23a544c2d40241b,TID_CLANGAMES_TASK_USE_SUPER_VALKYRIES,노발대발 발키리
ec3d507c2b4c59c4,TID_CLAN_TAG_CLAN_WAR_LEAGUE,클랜전 리그
9d40a4ee1692981c,TID_PLAYER_PROFILE_SIEGE,시즈 머신
10c3a57e2f00a276,TID_BATTLEPASS_TASK_WIN_BATTLES_USING_POISON,독독히 보여줄게
219387a326ece4df,TID_ALLIANCE_REJECT_MESSAGE_TITLE,거절: <name>
cb4f96423562e878,TID_BOOSTER_SHOVEL_OBSTACLE_OFFER_INFO,장애물 삽 x<num> - 장애물을 영구적으로 옮길 수 있게 해줍니다!
c3f21f247394735e,TID_BUILDING_TEXT_RESEARCH,연구
8a28572d9ea5b598,TID_POPUP_TEXT_REPLACE_LAYOUT,기존 배치를 교체하시겠습니까?
c6ab3e49af48bce6,TID_CHARACTER_INFO_ELITE_WALLBREAKER,굴러가는 것이 달리는 것보다 효율적이라고 누가 생각이나 했겠어요? 슈퍼 해골 돌격병은 어떤 상황에서든 폭발하는 폭탄을 사용합니다! 이제 불발탄 걱정은 하지 마세요!
033c081cb95a52e1,TID_TUTORIAL_ARTO_COMPLETE_3,"반가워요, 인간 친구!"
29ead6358758d113,TID_POPUP_BOOST_BARRACKS,<time> 동안 유닛 훈련 속도를 <multiplier>배로 가속할까요?
76bb4d924c663c80,TID_DISTRICT_SKULL_YARD,해골 공원
201dcefd9a2a0c29,TID_LEAGUE_BRASS3,브래스 리그 III
2917e319e7ef0b7e,TID_CAPBUILD_MULTICANNON,다중 대포
403a3bdca1e9770e,TID_CAPBUILD_BARRACKS_GIANT,슈퍼 자이언트 훈련소
c2cabf664416d901,TID_ALLIANCE_WAR_STAT_NUM_1STARS,별 1개
ea141e764db58019,TID_SHADOW_KING,섀도우 킹
eca71d5ebc7c11b0,TID_HINT_AIRGROUND_MINES,지뢰와 메가 지뢰는 지상이나 공중 유닛을 공격하도록 설정할 수 있습니다.
adb818ae0bc2beb7,TID_DIAMOND_BUNDLE_GOLD_ELIXIR_INFO,• 보석 <gems>개\n• <res0> 골드\n• <res1> 엘릭서\n\n보관량 제한이 없습니다!\n\n이번 한 번뿐인 <cffec78><value>배 가치</c>의 구매 기회를 놓치지 마세요!
6d2af857326ac4fa,TID_STARTER_TH5_INFO_BUILDWIZARDTOWER,마법사 타워 <num2>레벨 건설
9632a10779945508,TID_NPC_CHALLENGE_TH9_LAVALOON_BARBARIAN_KING_1,<cf70d16>적 아처 퀸</c>은 <c54a0fe>해골 비행선</c>의 천적입니다. 아처 퀸을 먼저 제거하세요.
330adc642fb4d357,TID_CLAN_AVAILABLE_FOR_RECRUITING_NO,아니요
ea0f61ef46ffe5ed,TID_BARB2_ABILITY_NAME,분노
1e91ff7d3d52e364,TID_SUPPORT_CREATOR_INFO,크리에이터 코드를 입력하여 콘텐츠 크리에이터를 후원하세요!
db3a66451fe65dc7,TID_EP_PURCHASE_BONUS,보너스
53da9a4d0a488866,TID_BIND_TO_NEW_GOOGLE_SERVICE_ACCOUNT_TITLE,신규 Google Play 로그인
6582e4d6a2dc3d2f,TID_CAPITAL_PLAYGROUND_INTRO_2,일부 건물을 손상시키고 파괴한 후 <cffe346>치유 마법</c>을 남겼네요.
03234942f78d3156,TID_DUEL_NOTIFICATION,<attacker> 플레이어와의 장인 전투가 시작됐습니다!
19674fc50d750a91,TID_PRIORITIZE_UPGRADE_INVALID_ACTION,할 수 없는 행동입니다.
a25d7411a8015df2,TID_CHALLENGE_INFO_2016,"클래시 로얄의 출시로 클래시 세계관이 확장됩니다. 친선 전투와 전쟁이 추가되고 볼러, 광부, 베이비 드래곤이 등장합니다."
152b3408ffec692b,TID_PAID_NAME_CHANGE_INTRO_TEXT,"보석을 사용해 이름을 변경할까요?\n부적절한 이름을 사용한 경우, 슈퍼셀에서 어떠한 보상 없이 이름을 변경할 수 있습니다."
0353c73c40794546,TID_BUTTON_UPGRADE_WEAPON,무기 업그레이드
ff45fb1acc31b956,TID_UPGRADE_INFO_ATTACK_SPEED,공격 속도(+<num>초) <old>
969bf1d797fa8656,TID_EVENT_TITLE_CLANWAR_SHORT3,주말 대시
d1a6e3b3bacf5d5f,TID_DIAMOND_BUNDLE_TH7_REVISED_INFO,• 영웅: 바바리안 킹\n• 영웅의 책 x<booster1>\n• <res0> 다크 엘릭서\n\n보관량 제한이 없습니다!\n\n이번 한 번뿐인 <cffec78><value>배 가치</c>의 구매 기회를 놓치지 마세요!
efbd83bec32c5b81,TID_PRIZE_SHOP_ITEM_PURCHASED_TREASURY_MULTI,마을회관에 <item> x<num> 추가
8c4989ce2297af14,TID_BDRAG2_ABILITY_NAME,짜증내기
cd106921277bb7db,TID_ALLIANCE_WAR_STAR_XP,별 <num>개를 획득해 <xpnum> 클랜 XP를 받았습니다.
455b87e68215d52f,TID_CHALLENGE_NOT_AVAILABLE_IN_MODE_CANCEL,마을로 돌아가 친선 전투를 취소하세요!
e97bc7d3fa3dbea8,TID_CLASHIVERSARY_CHAMPION,퓨처 챔피언
2ae0c21fd7c532a1,TID_POPUP_BOOST_HERO_REST,<time> 동안 영웅의 회복 속도를 <multiplier>배로 가속할까요?
b68cfa31b68683f7,TID_CHALLENGE_TH8_GOWIVA,파괴의 회오리
f211aea8133a1779,TID_BP_BANK_MULTIPLIER,배수:
ab92a18fd598cd85,TID_NEWS_OTHER_TITLE,
6d36697c2f9eea43,TID_ALLIANCE_GAMES_PERSONAL_COOLDOWN_HEADER,도전 과제 대기 시간
902072c79ed140d8,TID_REJECT_FRIEND_CONFIRMATION,<name> 님이 보낸 친구 요청을 정말로 거절하시겠습니까?
2fe92eca89faeda3,TID_CHARACTER_SIEGE_BATTLE_DRILL_INFO,고블린 기술의 정수인 배틀 드릴은 땅을 파고 들어 마을회관 쪽으로 돌진합니다. 진로를 막는 적의 방어 시설에 사악한 드릴로 충격을 가하고 파괴합니다. 이 유닛은 마법 효과에 영향을 받지 않습니다.
8dc3e665efb81c48,TID_DIAMOND_BUNDLE_ELIXIR_HERO_PACK,엘릭서 영웅 팩
4dc728d798a42510,TID_BUTTON_REPAIR,재건
caa49f8b7bffad95,TID_GIANT_CANNON_INFO_SHORT,경량급 유닛을 깃털처럼 날려버리는 거대한 대포입니다.
724a6e02a7288ff4,TID_CLANGAMES_TASK_GET_LEVELKILLS_VS_ROYALCHAMPION,챔피언 레벨 사냥꾼
878c468ff65acf64,TID_STARTER_COLLECTELIXIR,엘릭서 획득!
c228a44dd86b3b97,TID_LEGEND_SEASON_END_PRESTIGE,획득한 전설 트로피:
043b4f739ef58f02,TID_DIAMOND_BUNDLE_TH5,마을회관 5 팩
1c1d3114228b28d2,TID_BOOST_ALL_POPUP_TITLE,훈련과 마법 제조를 가속하세요!
bf4009c713ecfd7d,TID_DECO_GOBLIN_CHEST,고블린 상자
cc91af1e4c5de844,TID_DECO_PAINTED_BABY_DRAGON,장식된 드래곤 조각상
8464c63e2fc22ee3,TID_PARTY_CHAMPION,파티 챔피언
010d83db552aa871,TID_BOOSTER_USE_HERO_POTION_QUESTION,<booster> 사용으로 <time> 동안 일시적으로 모든 영웅과 펫을 마을회관에서 허용하는 최대 레벨로 강화하시겠습니까?
ff436d5845da7734,TID_EVENT_ARMY_GOWIWI,GoWiWi 이벤트
f173799edb9b11d5,TID_CLANGAMES_TASK_WIN_STARS_WITHOUT_SPELLS,마법 사용 금지
4bc611fd7ebf5b30,TID_LEGEND_LEAGUE_INFO_TAB1_TEXT,"전설 리그에서는 다른 플레이어가 내 마을을 정찰할 때 봤던 배치와는 다른 배치를 방어에 사용할 수 있습니다. 방어 탭에서 방어용 배치나 클랜 성 병력을 변경할 수 있습니다. 방어 설정은 중간에 변경하거나 리그 전설에서 강등되기 전까지는 그대로 유지됩니다.\n\n마을에서 플레이하고 있는 도중에도 방어할 수 있습니다. 전설 리그에서는 공격을 받아도 자원을 약탈당하지 않으며, 공격받는 중에도 계속 플레이할 수 있습니다."
edb0b562086a6a71,TID_DEVICE_LINK_WRONG_ACCOUNT_ANDROID,"현재 마을은 로그인하신 계정이 아닌 다른 Google 계정에 등록되었습니다.\n\n설정 화면으로 가셔서 현재 Google 계정을 로그아웃하시고 이 마을이 등록된 계정으로 로그인하세요.\n\n그 후, 다시 연동하세요."
c9bfcff2fe4357a1,TID_SELF_DONATE_TROOPS,증원
71d6785f5b723ef7,TID_HELP_TRAINING_SPELLS_HELP_POPUP,군대에 빈 공간이 생길 때까지 제조한 추가 마법을 보관해 둘 수 있습니다.
43565aa70e837379,TID_BATTLEPASS_TASK_INFO_WIN_BATTLES_USING_BOXERGIANTS,<num>회의 장인 전투에서 복서 자이언트 <num2>명을 사용해 별 획득
c64fe83e4c4adbbd,TID_COSMETICS_CUSTOM_SOUND,효과음
c924baa488b921be,TID_VISIT_FAILED_RESTRICTED,해당 마을을 방문할 수 없습니다.
de753b838ba842b2,TID_LEAGUE_WOOD2_SHORT,우드 II
39cf2ce8c8de152a,TID_DIAMOND_BUNDLE_BH3_INFO,• 보석 <gems>개\n• <res0> 엘릭서\n• 1레벨 크러셔\n\n즉시 건설할 수 있고 보관량 제한이 없습니다!\n\n이번 한 번뿐인 <cffec78><value>배 가치</c>의 구매 기회를 놓치지 마세요!
bd018dc5fdaf5df9,TID_CAPITAL_PLAYGROUND_JUMP_3,<c85ff3b>이동 마법</c>은 절벽이나 개방된 수역을 뛰어넘는 데는 사용할 수 없습니다.
01183e461864a2a8,TID_TUTORIAL_BUILDER_MENU,장인의 추천 건물과 업그레이드를 확인해보세요!
60a3d91c58e957ad,TID_DECO_RUIN_STONE_CIRCLE,환상열석
3300bb68ace17b04,TID_OTTO_FEATURE_DESCRIPTION,마스터 장인이 장인기지에서 도우미 역할을 할 로봇 친구를 만듭니다.
b7a9d5ab7e58c5a4,TID_CLANGAMES_TASK_USE_BOWLERS,돌 굴러가유
7960efa7be2e2e96,TID_CLANGAMES_TASK_GET_LEVELKILLS_VS_ALLHEROES,영웅 레벨 사냥꾼
08c18e2e22a79b1d,TID_CLANGAMES_TASK_USE_SUPER_GIANTS,위대한 자이언트
fcbed38879097c7d,TID_BATTLEPASS_TASK_WIN_BATTLES_USING_PEKKAS,헤비급 챔피언
dab53520c3a7a743,TID_LINK_NEW_DEVICE_NEW_BUTTON,새 기기
cf2eec2f386c12d0,TID_TRAP_RUIN_DESC,오랫동안 방치된 함정들이 재건되기만을 기다리고 있습니다.\n\n<level>레벨 <building>에서 재건 가능.
b8f269894ac11ed5,TID_GHOST_QUEEN,유령 퀸
2a1b585b2927e648,TID_SPEED_UP_DUEL_CONFIRMATION_TITLE,지금 더 얻으시겠습니까?
09ed7f650c5afa52,TID_LABORATORY_INFO,마법사들은 연구소에 어떤 어두운 비밀을 감추고 있을까요? 아무도 밝혀낼 용기를 내지 못했습니다. 알려진 것은 마법사들의 연구를 통해 마법과 유닛이 더욱 강력해지고 빨라져서 좋다는 것뿐입니다!
f54d799b48e92357,TID_BUILDER_MENU_CAPITAL,클랜 캐피탈
8f6b00e2cb0ca104,TID_DIAMOND_BUNDLE_TH5_INFO,• 보석 <gems>개\n• <res0> 골드\n• 마법사 타워 1레벨\n\n즉시 건설할 수 있고 보관량 제한이 없습니다!\n\n이번 한 번뿐인 <cffec78><value>배 가치</c>의 구매 기회를 놓치지 마세요!
239a8b85789f0576,TID_CLAN_GAMES_REWARDS_RECEIVED,획득 보상:
f856b30e6cd788e5,TID_CLANGAMES_TASK_DESTROY_BB_FIRECRACKERS,폭죽 폭파
c7096f71ec8c9275,TID_CLANGAMES_TASK_INFO_GET_LEVELKILLS_VS_ARCHERQUEEN,멀티플레이 전투에서\n처치한 아처 퀸 레벨의 합: <num>
e7335eba6163af26,TID_POPUP_REMOVE_OTHERS_WAR_DONATION_DESCR,정말로 해당 플레이어의 전쟁 성에서 해당 지원 병력을 제거하시겠습니까?
13beed88f5abc8fd,TID_WL_STARTWAR_INFO_CLANMEMBER,"<size>개의 클랜 중에서 최강 클랜을 가려내세요! 승리의 영광, 보너스 전리품, 클랜 XP 및 리그 메달을 획득할 수 있습니다!\n\n\n준비되었다면 클랜 대표에게 리그 참가를 요청하세요!\n\n등록 종료: <time>"
5698859cbd17f2ad,TID_EP_TROOP_UNLOCKED,<troop> 잠금 해제!
b0d7edeb044d242a,TID_CLOCK_TOWER_UPGRADE_NOTE,가속 시간이 <time>만큼 길어집니다.
ad026fdc9d5cb5b7,TID_GEAR_RARITY_EPIC,영웅
53b565878ef95903,TID_CHAT_REPORT_CONFIRMATION_TITLE,<name> 님을 신고할까요?
be22111b85554a83,TID_RATE_APP_TITLE,클래시 오브 클랜 평점 남기기
db9a1e92849aff27,TID_DECO_GOBLIN_BARREL,고블린 통
c7fdc4620cb6bb00,TID_CAPBUILD_BARRACKS_BATTLERAM,배틀 램 훈련소
513c91562392c433,TID_CLAN_GAMES_STARTED_NOTIFICATION,클랜 게임이 시작되었습니다!
3373d897a4edb9bd,TID_ACHIEVEMENT_CLAN_GAMES_POINTS_COMPLETED,총 클랜 게임 점수: <value>
416af56e00bd8ce0,TID_ACHIEVEMENT_DESTROY_WALLS,멀티플레이 전투에서 장벽 <number>개 파괴
c7da8d0abba2c165,TID_PET_SPIRIT_FOX_INFO,수줍음이 많아 마을 밖 숲속에서 혼자 지내기를 좋아하는 동물입니다. 전투에 소환하면 영웅과 함께 맹렬히 싸우며 투명 능력으로 지원합니다.
57a7922313931ca5,TID_GEAR_PROTECTIVE_CLOAK,로얄 보석
d42021e43972dd77,TID_ALLIANCE_DATA_FAILED_LOAD_FAILED,클랜 정보를 불러올 수 없습니다.\n\n나중에 다시 시도해주세요.
e16ef5aad636a9db,TID_BUILD_TRAINING_GROUNDS,집합소 먼저 건설
4f6b4006d45b0447,TID_LAST_ONLINE_ONE_DAY_AGO,1일 전 플레이
6e4477a54ed71682,TID_BOOSTER_FILL_GOLD2_STORAGE_INFO,장인기지 골드가 끊임없이 흘러나오는 이 마법 아이템으로 장인기지의 골드 저장소를 가득 채울 수 있습니다.
e331378f74d87865,TID_REENGAGEMENT_BUILDER_2,여기에 승인 서명을 해주세요... 그리고 여기랑... 여기도...
18c261f75f779b11,TID_HOUSING_VILLAGE2,집합소 당 유닛 수:
42e180b2eacaf08c,TID_CHARACTER_INFO_BALLOON,장벽을 파괴하는 즐거움을 방어 시설을 파괴하는 즐거움으로 대체한 상급 해골입니다. 거슬리는 박격포와 대포를 철거하세요!
99d47d6fd148784d,TID_FRIEND_LIST_ITEM_SENT,요청 전송 완료
9bb18b139817ddf9,TID_NPC_CHALLENGE_BOWIGI_WALLBREAKERS,아래쪽에 <c54a0fe>해골 돌격병</c>을 배치해 <c54a0fe>볼러</c>가 진입할 수 있는 길을 만드세요!
9658445b49cf1c6a,TID_DEVICE_LINK_ERROR_ALREADY_BOUND_TO_ALL_PLATFORMS_TITLE,이미 연동됨
6ba770809b3b9eba,TID_TENCENT_USER_PRIVACY_POPUP_TITLE_1,用户与隐私相关协议指引
e002236d96f5f51d,TID_CHALLENGE_TH7_DRAGON,뜨거운 녀석들
02bd8579a3591958,TID_WAR_PREPARE,준비!
f27d2a592342c3ea,TID_VERSUS_BATTLE_TRAIN_ARMY,군대를 훈련시켜 친선 전투를 시작하세요!
7e667a61e9024d46,TID_WEAPON_POISON_SPELL,독 마법 타워
4b05e0a0406cb56b,TID_CLANGAMES_TASK_WIN_STARS_USING_RAGE_INFO,멀티플레이 전투에서\n분노 마법을 <num2>번 사용해\n<num>회 승리
b504ad068da2a961,TID_FEEDBACK_EMAIL_TITLE,Clash%20of%20Clans%20피드백
3060540e95330d00,TID_EVENT_CHRISTMAS_UNIT_INFO,이 전설급 유닛으로 적들을 오싹하게 만들어 주세요!\n\n얼음 마법사를 기간 한정으로 사용할 수 있습니다.
cd34a1774f25a663,TID_NEWS_TOS_UPDATE,이용 약관과 개인정보 처리방침이 업데이트되었습니다! 게임 설정에서 찾을 수 있으니 시간을 내어 확인해 주세요. 이 주요 문서는 게임 플레이어에게 유용한 정보를 비롯하여 당사의 게임과 회원님들의 관계에 대해 설명해 줍니다. 자세한 내용은 포럼을 확인해 주세요.
959e632cd1bc70a8,TID_BUILDING_SCATTERSHOT_INFO_SHORT,무거운 바위 + 물컹물컹한 적 유닛 = 꼴까닥
1fb4b0a0361a33c2,TID_WL_TAB_SELECT_BONUSES,보너스 선택
4d497f43319a6aff,TID_ELECTROFIRE_WIZARD,일렉트로파이어 마법사
2c6a09e93cdacc50,TID_WAR_RESULTS_BUTTON,전쟁 결과
c4b41bf16bad17d9,TID_TUTORIAL_REINFORCEMENT_CAMP_INTRO_2,대장님이 공격을 잘 못하신다는 말은 아니고요. 오해는 마세요.
7339908824bda8d4,TID_EDIT_MODE_VIEW_AS_ENEMY,정찰 모드
70e6e31ebe67b600,TID_VIEW_ALLIANCE,클랜 보기
469bf1c1366b9769,TID_BUY_MULTIPLE_MISSING_RESOURCES_TEXT_N3,"부족한 <resource2> <count1>개, <resource2> <count2>개, <resource3> <count3>개를 구매하시겠습니까?"
985828ef8a5edca5,TID_SUPER_GIANT_ABILITY_NAME,장벽 해체가
0e2826e19cae01e9,TID_PLAYER_PROFILE_TROOPS_VILLAGE2,장인기지 병력
4bcaf801199e1d6f,TID_CLANGAMES_TASK_WIN_STARS_USING_SKELETON_INFO,멀티플레이 전투에서\n해골 마법을 <num2>번 사용해\n<num>회 승리
7a930459fa575c47,TID_HINT_GUARD_GAIN_TIME,"소속된 리그가 높을수록, 보호막 만료 시 적용되는 가드의 시간이 길어집니다!"
4d9f68070fe2d20a,TID_BOOSTER_BOOST_PRODUCTION,훈련 포션
920b42a37dd1de3c,TID_STARTER_TH2_INFO_UPGRADEARCHERTOWER,상점에서 아처 타워 구매
e66868cbf06cca3a,TID_CLASHMAS_SLEIGH,클래시마스 썰매
31ecb34d4afc561a,TID_CAPBUILD_CRUSHER,크러셔
92284906bb7a9d99,TID_EDIT_MODE_FINISH_LATER,나중에 완료
015c5e7a1de6bb6f,TID_TUTORIAL_CANNON_2,대장의 새 마을이에요! 딱 하나만 빼면 완벽한데...
d02a02b29e5e4368,TID_BOB_HUT_INFO,B.O.B은 지극히 평범한 장인이라 마을에서 다른 장인들과 함께 지냅니다. 장인기지에서는 로봇이라는 걸 아마 모르겠죠?
1f5e1b418cb3d5ed,TID_SUPER_BARBARIANS,슈퍼 바바리안
e4fb71b9a383aed2,TID_WAR_SIZE_TEXT,규모:
46a9287d214c90bd,TID_CAPBUILD_GOBLIN_HUT_INFO,텅 빈 고블린 오두막입니다. 매물로 나온 걸까요?
633bd33530168254,TID_STARBONUS_WINDOW_AWARD,별 보너스 획득!
df35ea982c635065,TID_LEAGUE_COPPER4,카퍼 리그 IV
43c1ccafcc267e71,TID_REENGAGEMENT_ATTACK_3,"당장 군대를 훈련해야 합니다, 대장!"
c1cf24ac07768a67,TID_PLAYER_MUTED_HUD_MESSAGE,채팅 전송이 금지 처리되었습니다. 수신함에서 자세한 내용을 확인하세요.
3e3b6ef5da9901da,TID_DEVICE_LINK_ERROR_TOO_MANY_DEVICES_TEXT,이미 연동할 수 있는 최대 개수인 10개의 기기에 연동했습니다.\n\n만약 이전 기기 중 일부를 제거하고 싶으면 도움말 및 지원 페이지를 통해 문의해주세요.
9508ea9d49218884,TID_CHARACTER_INFO_SUPER_CHARGED_PEKKA,이 강력한 어둠의 피조물은 금방이라도 터질 듯 불안정한 에너지를 방출합니다!
59a3b8396be7721b,TID_DEVICE_LINK_ERROR_CODE_ERROR_1,오류가 발생했습니다. 다시 시도해주세요!
0f70cee833f0aabe,TID_BABY_DRAGON_INFO_SHORT,혼자 있을 때 더 강한 불같은 성격의 소유자입니다!
78f10b94c22c310d,TID_BATTLEPASS_TASK_INFO_USE_HOGGLIDERS,장인 전투에서 호그 글라이더를 사용해 별 <num>개 획득
2be41fd901ade794,TID_JUNGLE_KING,정글 킹
13c986c0c941bc82,TID_BATTLEPASS_TASK_WIN_BATTLES_USING_HASTE_INFO,멀티플레이 전투에서\n신속 마법을 사용해\n<num>회 승리
f075e28da82c292d,TID_STONE_PATH,돌길
91e4015803ada34f,TID_TUTORIAL_TRAIN_2,훈련소를 탭하고 유닛 훈련을 선택하세요.
932873f7a2e59f8c,TID_CHARACTER_INFO_TOXIC_MINION_SHORT,초록빛으로 빛나는 야광 미니언입니다. 때깔만 봐도 독하죠.
eace99514ae6654e,TID_BUILDING_CLASS_ARMY,군사 시설
1eea714261d3af2b,TID_MOUNTAIN_GOLEM_INFO,"이 괴물 같은 산은 몹시 느릿느릿하지만, 미네랄이 박힌 거대한 주먹을 얕봐서는 안 됩니다. 이름에서도 알 수 있듯 산과 같은 우람한 모습으로 적들을 무너뜨립니다."
df1023a9da73b06a,TID_ALLIANCE_TAB_CLANS,클랜
a74f63446023b345,TID_ACHIEVEMENT_DESTROY_WEAPONISED_BUILDERS_TITLE,이것도 파괴해 보시지!
def86ea6a9a7d902,TID_WAR_NOT_ENOUGH_PARTICIPANTS,전쟁을 시작하려면 클랜원을 더 모집하세요.
e54466d7d4172e06,TID_CANNON_ABILITY_NAME,최후의 저항
17d693f4de7f9ab6,TID_EFFECT_TIME,효과 지속 시간: <number>초
d2605afbddd0f43d,TID_TROOP_REQUEST_SENT,요청을 보냈습니다!
f8a3281f2da3f4a2,TID_HERO_ABILITY_BARBARIAN_TITLE,무쇠 주먹
b0f26ad4cf9b2515,TID_BUTTON_ACCEPT,수락
c7e031a644632f21,TID_NEWS_TH11_UPDATE_SHIELDS_TEXT,"• 이제 마을회관이 파괴되는 것만으로는 보호막이 생기지 않으니, 마을회관을 안쪽에 배치하세요!\n• 보호막이 있을 때 공격해도 지속 시간만 조금 감소하므로 언제든지 공격할 수 있습니다.\n• 30% 파괴되면 보호막이 생기며 60%에는 더 큰 보호막을 얻지만, 충분히 많은 병력의 공격을 받았을 때만 해당됩니다."
27218e0cda28dcc2,TID_DECO_DARK_AGES_DRAGON,드래곤 트로피
3f24157f4ca73aa5,TID_BOOSTER_FREE_HERO_UPGRADE_INFO,이 마법의 망치를 휘두르면 영웅 및 펫을 다음 레벨로 즉시 업그레이드할 수 있습니다. 마을과 장인기지에서 사용할 수 있습니다!
d00566fc3d9223f7,TID_PERSONAL_WAR_PREFERENCE_TITLE,클랜전 선호
dc466ba40461e9f6,TID_BUTTON_WATCH_EXCL,보기!
db6fa1cc88d486c4,TID_ALLIANCE_CREATE_OK,새로운 클랜을 생성했습니다!
c78d01561053fa25,TID_UNDERAGE_PLAYER_PLAYTIME_ENDING_SOON_WARNING_KUNLUN,根据国家防沉迷通知的相关要求，未成年玩家仅能在\q周五、周六、周日和法定节假日每日20时至21时登录游戏\q，其他时间无法游戏，今日可游戏时间剩余<num>分钟。请您注意休息。
7d01e8aef69221b7,TID_WL_NORMAL_WAR_AVAILABLE_TEXT,"클랜원이 최소 15명 필요합니다. 리그 등록이 끝난 후, 리그에 참가하지 않는 클랜은 일반 클랜전을 즐길 수 있습니다."
73b0f2d1d0646ba3,TID_CHAMPION_CHAMPION,챔피언의 챔피언
6f62a8e70052d547,TID_TIGER_MOUNTAIN_SCENERY,타이거 마운틴
ad3f8b0a53ed3ce7,TID_ATTACK_FAIL_SHIELD,공격할 수 없습니다! 보호막이 적용된 마을입니다.
3d4d024b37ca6711,TID_VIEW_HIGHSCORES,최강 클랜 및 플레이어 보기
813696eb856d4f9e,TID_OBSTACLE_POND_LARGE,큰 연못
731ff04a1a563732,TID_TRAP_BOMB,폭탄 함정
4afe8783694b4839,TID_TOWN_HALL_10_INFO_SHORT,틀림없이 가장 핫한 마을회관입니다!
329116e051e687c4,TID_ALLIANCE_GAMES_PICK_TASK_INFO,왼쪽의 도전 과제를 선택해 시작해보세요!
a8df686941165caf,TID_SETTINGS_PLAYERNAME_ENTERNEW,새 이름 입력:
0b865104dd05a391,TID_CHALLENGE_WAIT_TITLE,친선 전투
1ee77861383934c8,TID_OVERQUEUE_HELPER_TROOPS,이 유닛들은 군대에 빈 공간이 생기면 추가됩니다!
29e4c15b3c05df76,TID_DECO_FOREST_2,거목
9013f2cf5c5b2ba6,TID_REJECT_FRIEND_CONFIRMATION_TITLE,친구 요청 거절
21ac8e6a8ee46eb0,TID_ACHIEVEMENT_VICTORY_POINTS,멀티플레이 전투에서 총 <number>개의 트로피 획득
f28b75b0f8a87fc6,TID_HERO_RECHARGE_TIME,재충전 시간: <number>초
7f86d50f2005ba65,TID_PURCHASE_LIMIT_CONFIRM,\q<CONFIRM>\q이라 입력하고 확인 버튼을 눌러서 <ITEM> 아이템을 <PRICE>에 구매하세요.
02cdf1d218ec190a,TID_NPC_CHALLENGE_TH13_HYBRID_ARCHER_QUEEN,<c9916c8>아처 퀸</c>을 배치해 <cf70d16>얼음 골렘</c>을 제거하세요.
6d6efcae39d316aa,TID_ALLIANCE_TROOP_RECEIVED,<avatar> 님으로부터 <troop> <level>레벨을 받았습니다!
d74880ac76c68f48,TID_LEAGUE_HERO2_SHORT,타이탄 II
448848f8121c417d,TID_BUILDING_FENCE,울타리
512b48bfefbfe6a7,TID_ALLIANCE_WAR_UNDER_ATTACK_BY,<name>의 공격을 받고 있습니다!
66fd9d42eb108bb7,TID_TENCENT_USER_PRIVACY_POPUP_TEXT_2,尊敬的用户，您需要详细阅读并同意<TOS>、<PP>、<CHILDREN>、<THIRDPARTY>，才可进入游戏哦。
3f1802a174d47fc5,TID_TRANSITION_WAR_ENDED,전쟁 종료
173ced3d232152a6,TID_TREASURY_WINDOW_TITLE,금고
45d46b56d26c00db,TID_GOOGLE_PLAY_KUNLUN_TUTORIAL_BUTTON,튜토리얼을 확인하세요!
d421026e3f2b0000,TID_REGULAR_THEMED_BUILD_OFFER_INFO_TH0206_1999,• <res0> 골드\n• <res1> 엘릭서\n• 장인 포션 x<booster1> - 장인의 작업 속도가 1시간 동안 10배 빨라집니다.\n\n• 보관량 제한이 없습니다!\n• 해당 특가 상품은 표시된 기간 내에 3회 구매할 수 있습니다.\n• 방어 시설을 더욱 견고히 업그레이드하세요!
cb67283782355b0f,TID_BATTLEPASS_TASK_INFO_UPGRADE_HOME_WALL,마을에서 장벽 <num>개 업그레이드
a957493d34e81196,TID_BP_COMPLETED,완료!
994246df531124dd,TID_PUMPKIN_GRAVEYARD_SCENERY,호박 묘지
83e5f53e2e7c5f11,TID_CAPBUILD_MULTIMORTAR,다중 박격포
45ee70b6e3dda48a,TID_POPUP_EDIT_MODE_COLLECT_STAGE,스테이지 <stage>의 모든 건물을 회수할까요?
1e40bb78b88ede85,TID_ERROR_POP_UP_PURCHASE_FAILED,결제 서버가 응답하지 않습니다. 나중에 다시 시도해주세요.
14d4044c4e1541f2,TID_DIAMOND_BUNDLE_MAGICITEMS_BUILDING_BOOK,건물의 책 팩
abe2e6b705988e53,TID_SUPERCELL_ID_BUTTON_DISCONNECTED,연동되지 않음
a2bee5565379677c,TID_ALLIANCE_WAR_ATTACK_CONFIRM_2STARS,클랜이 이 마을에서 별 2개를 이미 획득했습니다. 더 나은 점수에 도전하시겠습니까?
0b10a6fea5a9ee53,TID_HINT_BUY_TROOP_HOUSING,집합소를 업그레이드해서 대규모 군대를 양성하세요!
fe2962ce7deb7a3b,TID_REENGAGEMENT_BUILDER_1,대장님이 안 계신 동안 장인이 뭘 좀 만들었어요.
2d9a021bf7c509df,TID_NEWS_TH11_UPDATE_HERO_TITLE,그랜드 워든: 새로운 영웅
ec0f4e3f0ea01ec4,TID_NATIVE_DIALOG_VERSION_NOT_UP_TO_DATE_STORE_NOT_READY_MESSAGE,클래시 오브 클랜을 새 버전으로 업데이트하고 있습니다. 곧 마을에 들어갈 수 있으니 잠시 후 다시 확인해주세요!
75b8fc8cd012c2cb,TID_ARRANGED_WAR_REQUEST_SENT,전쟁 요청 전송 완료
29fe2a61220c48c0,TID_CAPBUILD_AIR_DEFENSE_INFO,대공포는 상대의 공중 유닛에 치명적인 피해를 주지만 지상 유닛은 공격할 수 없습니다. 최대한 넓은 영공을 방어할 수 있도록 위치를 잘 선정하세요.
c9f96827392bd869,TID_ANTIADDICTION_WARNING_TITLE,경고
abeb1ad4ca3bd708,TID_INVALID_PLAY_INSTALL,클래시 오브 클랜이 올바르게 설치되지 않았습니다. Google Play 스토어를 통해 재설치해 문제를 해결하세요.
95da289da0cb0aa4,TID_CLANGAMES_TASK_WIN_STARS_WITHOUT_HEROES,영웅 사용 금지
f553e2666ad23c4b,TID_PRESET_CREATE_EDIT_TITLE,친선 군대 변경
d5c98645f0e3ed58,TID_CADPA,《部落冲突》适龄提示：\n1）本游戏是一款战争策略类游戏，适用于年满12周岁及以上的用户，建议未成年人在家长监护下使用游戏产品。\n2）本游戏以荒蛮原始的孤岛为背景，讲述了原始部落为生存而相互抗争的故事，涉及的情节、环境、场景均为虚构，不会与现实生活相混淆。游戏玩法基于一定难度的思维判断，设有竞技对抗比赛，鼓励玩家提升和挑战自我。游戏中有基于文字和语音的陌生人社交系统。\n3）根据国家相关要求，游戏中有用户实名认证系统，未通过实名认证的用户不可进入游戏；认证为未成年人的用户除周五、周六、周日及法定节假日每日20时至21时外其他时间均不可进入游戏。\n游戏中部分玩法和道具需要付费。根据腾讯健康系统管理规定，认证为未成年人的用户将接受以\n管理：\n未满12周岁的用户不能付费；12周岁以上未满16周岁的未成年人用户，单次充值金额不得超过50元人民币，每月充值金额累计不得超过200元人民币；16周岁以上的未成年人用户，单次充值金额不得超过100元人民币，每月充值金额累计不得超过400元人民币。\n4）本游戏内所包含的对抗玩法需要玩家进行策略规划和推理判断，有助于帮助玩家提升逻辑思维能力。游戏设有需组队进行的大型团队任务和比赛，鼓励玩家互相配合完成比赛，有助于培养玩家的团队协作能力。游戏提供了丰富的社交系统，包括好友、公会等，玩家之间可以互相交流，互相配合，共同完成游戏任务，有助于促进玩家的社会交流，维持良好的社群关系。
39efb8d4f42c9e5d,TID_CLAN_GAMES_CHOOSE_BONUS_REWARD,추가 보상 선택
5a37231165cf2504,TID_BOOSTER_FILL_ELIXIR2_STORAGE_ALT_2_LINE,장인기지 엘릭서 룬
95060a1394bf1d2a,TID_WL_SEASON_ENDED,시즌 종료
35ea4fe2f9908d59,TID_MINER_INFO,"이 유닛은 땅속에서 몰래 굴을 파고 장벽을 통과해 목표물 바로 옆에 나타납니다. 땅속에 있는 광부는 피해를 입거나 함정을 작동시키지 않지만, 마법에 의한 보너스 효과는 고스란히 받습니다."
5d1c7c3e800916c8,TID_OTTO_TASKS_UPDATED,업그레이드!
39dc0c973003c586,TID_SKIN,<hero>의 <name> 스킨
feb49439d8cbc0fa,TID_WAITING_FOR_ENEMY,상대방을 기다리는 중
1557e91f0a904d75,TID_BATTLEPASS_TASK_WIN_BATTLES_USING_MEGAPEKKA,슈퍼 성공
ffd81e57f8da5f07,TID_CAPITAL_PLAYGROUND_SPELL_EXPLANATION,캐피탈에서는 마법에 타이머가 없습니다.
5fbd04f8afb9b7c2,TID_SPECTATOR_CAN_NOT_CLAIM,클랜전에 참가하고 있지 않습니다!
9d818f9e5286b366,TID_ARMY_DEEPLINK_INVALID,유효하지 않은 군대 링크입니다.
8ba7843fae357247,TID_WAR_STATS_WINS,승리:
afda113dec14943c,TID_RESOURCE_PACK_GOLD_10,골드 10% 충전
39e3c8af1531ac22,TID_POPUP_BOOST_RESEARCH_TEXT,<time> 동안 연구소의 속도를\n<multiplier>배로 가속할까요?
68e99c790493370b,TID_TUTORIAL_STARTER_CHALLENGE_1,대장을 위해 몇 가지 도전을 준비했습니다!
8e6daadd9cb88952,TID_FIND_MATCH_HEADER,상대 찾기
50fb8f817482b853,TID_PRIMAL_KING,원시 킹
8390bc2633ece347,TID_CAPBUILD_BARRACKS_SUPER_DRAGON,슈퍼 드래곤 훈련소
c353b051a473b4b0,TID_CONFIRM_SUPER_TROOP_CANCEL_TEXT,정말로 지금 슈퍼 유닛 강화를 종료할까요? 잔여 시간에 대한 비용은 환불되지 않습니다.
f3d91f16f3d578f0,TID_DIAMOND_BUNDLE_ELIXIR_INFO,• 보석 <gems>개\n• <res0> 엘릭서\n\n보관량 제한이 없습니다!\n\n이번 한 번뿐인 <cffec78><value>배 가치</c>의 구매 기회를 놓치지 마세요!
6dc99381fff7d5e0,TID_HITPOINTS,HP: <number>
920e3410bd0e994d,TID_BP_UNLOCKS_TEXT,시즌 도전은 마을회관 <value>레벨에서 잠금 해제됩니다.
66ac22f271eaa75e,TID_BATTLEPASS_TASK_WIN_BATTLES_USING_SIEGE_BARRACKS,광대 자동차
1a948074e1278c10,TID_SETTINGS_DARK_CLOUDS,매치메이킹 시 검은 구름 표시
f784a8b5defa5735,TID_SPELL_SPEED_UP_SUCCESS,마법 제조 완료!
417096bd049c1093,TID_LOCAL_NOTIFICATION_STAR_BONUS_READY,별 보너스를 받을 수 있습니다! 용감하게 싸우세요!
1ae45b8807e36c91,TID_HINT_TROOP_ABILITIES,천체 연구소에서 유닛의 특수 능력을 잠금 해제하고 업그레이드 해 보세요.
09b5b006cf88c2b8,TID_SUPERCELL_ID_BANNER_TEXT,"Supercell ID와 연동해 계정을 안전하게 지키고, 여러 기기에서 게임을 이용하세요."
976ef7b1d05f5d05,TID_BOOSTER_CLOCKTOWER_OFFER_INFO,시계탑 포션 x<num> - <time> 동안 시계탑이 빨라집니다.
038750b368cee899,TID_DUEL_WIN_BONUS_PERCENTAGE,<percentage>% 장인 전투 보너스:
7955ab8e134903fb,TID_BATTLEPASS_TASK_WIN_BATTLES_USING_BARBARIANS,바바리안의 방망이질
3a69c685b70a8c91,TID_UPDATE_TROOP_LEVEL,<number>레벨 업그레이드
b19e95534e08ba8c,TID_SCOUT_PREP_DAY_INFO,적의 전쟁 기지 배치는 전투일에 나타납니다.
272eb182a3b73152,TID_HINT_LABORATORY_UPGRADES,연구소에서 이미 시작된 업그레이드를 중지하면 일부 비용만 돌려받게 됩니다.
b51eb93fa3b86f4b,TID_CLANGAMES_TASK_INFO_DESTROY_BB_FIRECRACKERS,장인 전투에서 <building> <num>개 파괴
e7cf3b963e596722,TID_TUTORIAL_PETS_1,한번 살펴볼까요?
a43217135a138128,TID_DIAMOND_BUNDLE_MAGICITEMS_STRENGTH_POTION_INFO,• 보석 <gems>개\n• 힘의 포션 x<booster1>\n• 보관량 제한이 없습니다!\n\n대장님의 유닛을 최대 레벨로! 새로운 유닛 조합을 시험해보세요!\n\n놓치지 마세요!
69ab3ee36d3cffc9,TID_NPC9,무력
27901f9d2225debd,TID_HEAL_ON_ACTIVATION,발동 시 치유량: <number>
2474665d13673618,TID_CLANGAMES_TASK_USE_BOXERGIANTS,복서 자이언트 원투펀치
14c19aec0c9381a7,TID_BOOSTER_FREE_TROOP_UPGRADE_ALT_2_LINE,유닛 해머
3bc1fcc51d59b288,TID_RECOVERY_BUILDING_INFO_SHORT,스테이지 사이에 유닛이 회복할 수 있도록 맛있는 수프를 제공합니다.
b8d1e490c5bf3f12,TID_SIEGE_MACHINE_STORAGE_CAPACITY,시즈 머신 수용량: <number>
64df9a18c71ddafc,TID_TRAINING_BUTTON_BOOST,가속
2db6c19961c53f51,TID_SETTINGS_API_TOKEN_COPY_NOTIFICATION,API 토큰이 기기 클립보드에 복사되었습니다!
c0ee3ad45bedf9e2,TID_BOB_TASK_GEAR_UP_FLUFF,마스터 장인이 마을에서 작업을 하다 보면 어떻게 장인들이 의심하지 않을 법한 스파이를 만드는지 배우겠죠.
5679cddab30b37a8,TID_SHIELD_POPUP_GUARD_TITLE,가드 적용 중
4c017c2916f2122c,TID_EVENT_CHRISTMAS_UNIT,클래시 크리스마스 스페셜: 얼음 마법사
7e11039cf864d55d,TID_DEVICE_LINK_ERROR_CODE_SAME_PLATFORM,코드 연동 불가
1c4c8008898b9fab,TID_NEWS_TH11_UPDATE_TH11_TITLE,마을회관 11레벨
86a1742beec9efef,TID_VILLAGE_EDIT_MODE_V2,장인기지 배치 모드
a08315b3fad8c5dd,TID_HINT_AIR_DEFENSE_TARGET,대공포의 미사일은 공중 유닛만 공격할 수 있습니다.
0c3f7bdd8fed95b6,TID_CHAT_RULES_REPORT,부적절한 행동을 하는 플레이어는 \q신고\q 버튼을 이용해 알려주세요.
307fa4d82bf5ba21,TID_HELP_TRAINING_TROOPS_HELP_POPUP,군대에 빈 공간이 생길 때까지 훈련시킨 추가 유닛을 보관해 둘 수 있습니다.\n\n주의: 훈련소가 건설 중인 경우 훈련 속도가 느려집니다.
79f68de060241f50,TID_CHARACTER_INFO_RAM_RIDER,진저브레드 램 라이더는 패배의 쓴맛이라곤 모르는 터프한 쿠키입니다. 오레오와 줄리엣 이후 최고의 디저트 듀오인 이 둘은 장벽을 연약한 버터쿠키처럼 산산조각 냅니다.
13abb08f565d65de,TID_CLANGAMES_TASK_GET_LEVELKILLS_VS_ARCHERQUEEN,퀸 레벨 사냥꾼
3ec59999b9bf0e5a,TID_SUMMER_CHAMPION,서머 챔피언
d03c242a25bfa002,TID_CLANGAMES_TASK_DESTROY_BB_BUILDERBARRACKS,장인 훈련소 파괴
5c76605e38107bf7,TID_SETTING_AUTO_TRAIN,사용한 군대 자동 훈련
27a22dec0f03e7d3,TID_BP_PERK_SAVINGS_PAYOUT,시즌 금고
e68fccf00d8fd183,TID_HINT_SPELL_FREEZE_DURATION,얼음 마법을 업그레이드하면 방어 시설과 병력을 더 오랫동안 무력화할 수 있습니다.
0f93e3fe3ae1a397,TID_AD_SEEKER_FRAG,라바 펍
a21b6bc7d4961304,TID_OBSTACLE_HALLOWEEN2020,빈 무덤
6c6b7874ac8dfcc6,TID_REPORT_DONE,感谢您的举报
a2fe41b60815ffb3,TID_START_RAID,습격전 시작
859c581e7a443892,TID_BUILDING_CUSTOMIZE_SCREEN_BUTTON_SAVE,적용
b3582b06adfa2ce3,TID_TAB_ALLIANCE_CHAT,클랜
b90804f0f1ec6bfe,TID_ACHIEVEMENT_ACCOUNT_BOUND,소셜 네트워크와 연동해 마을을 안전하게 지키세요.
a0846530ee464941,TID_LEGENDS_SHIELDED,보호막이 적용되어 있습니다! 오늘은 공격하거나 공격받을 수 없습니다!
8001988957de818d,TID_WL_COLUMN_WARS,클랜전
f48f897e7fadc3e9,TID_BATTLEPASS_TASK_DO_RAID_ATTACKS,습격전 맹활약
6abcc5b221ece8ee,TID_BUTTON_TRAIN,유닛 훈련
c11616a30e2ff6b4,TID_CLAN_ADVANCED_SEARCH_RESULTS_WITH_NAME,고급 옵션을 사용하여 \q<name>\q에 대한 검색 결과 표시
0e6e769616b8669a,TID_RAGED_BARBARIAN,분노한 바바리안
c7601b3b86f50be8,TID_LAYOUTS_INCOMPLETE,먼저 배치를 완료해야 합니다.
dc0e3198e105fa20,TID_ALLIANCE_WAR_NOT_IN_CLAN,클랜전에 참가하기 전에 먼저 클랜에 가입해야 합니다!
38b422de8714cf46,TID_BOOSTER_MAX_LEVEL_ARMY_MAXED,군대를 강화할 수 없습니다. 이미 최대 레벨입니다!
2171f5cb44b4afc0,TID_BATTLEPASS_TASK_INFO_WIN_BATTLES_USING_VALKYRIES,멀티플레이 전투에서\n발키리를 사용해\n<num>회 승리
87f7704765766a13,TID_BOOKMARKS_NOT_LOADED_YET,북마크를 불러올 수 없습니다. 잠시 후 다시 시도해주세요.
2983c443c16c691d,TID_TRAP_FREEZE_SP,고블린 얼음 함정
df50b47e0df5d8cf,TID_DEVICE_LINK_ERROR_BOTH_HAVE_OPEN_ID,"여러 iOS 기기에서 게임을 즐기고 싶으면 이 기기에서 WeChat 또는 QQ에 로그인하세요.\n\n그런 다음, 다른 기기에서도 동일한 WeChat 또는 QQ에 로그인하세요. 게임 진행 상황이 자동으로 동기화됩니다."
86548d8cf52560f3,TID_ENDOFSUMMER_OFFER_INFO_9999_4999,• <res0> 다크 엘릭서\n• 영웅의 책 x<booster1> - 진행 중인 영웅 업그레이드가 즉시 완료됩니다.\n• <res1> 골드\n• <res2> 엘릭서\n\n• 보관량 제한이 없습니다!\n• 해당 특가 상품은 2회 구매할 수 있습니다!\n\n기간 한정 상품입니다!
f567383c891a087f,TID_DECORATION_GENERIC,장식
774bd4742323f06d,TID_PET_DIGGY_ABILITY,깜짝 놀래키기
50e7fce41f4c9321,TID_NEW_RAID,신규 습격전
21db8b78a521e71b,TID_BATTLEPASS_TASK_DONATE_SIEGE_MACHINES,클랜 지원군
f193faa2e9a099bf,TID_MORE_HUNGRYAPP,클래시 오브 클랜 공략 및 팁을 지금 바로 공유하세요!
640ea4a36de49257,TID_STARTER_TH3_LOOTELIXIR,엘릭서 도둑
1aaf6186c05f1228,TID_BUILDING_CAP_REACHED,이미 해당 건물을 최대 개수까지 건설했습니다.
26e9ff77878a5155,TID_CLANGAMES_TASK_INFO_DESTROY_BB_GEMMINE,장인 전투에서 <building> <num>개 파괴
6e82e7e118639860,TID_WAR_ATTACK_CONFIRM_HEROES,영웅: <number>
a6f8d798cb1b7b6f,TID_TUTORIAL_CAPITAL_ARMY_4,"더 많은 옵션과 더 강력한 군대를 원한다면, 유닛 훈련소와 마법 제작소를 잠금 해제하고 업그레이드하세요."
13e1d2eca1be97ef,TID_ENDOFSUMMER_OFFER_INFO_TH0712_0999,• <res0> 다크 엘릭서\n• 영웅의 책 x<booster1> - 진행 중인 영웅 업그레이드가 즉시 완료됩니다.\n\n• 보관량 제한이 없습니다!\n• 해당 특가 상품은 5회 구매할 수 있습니다!\n\n기간 한정 상품입니다!
02b4843383db4367,TID_TH15_QUEEN,마법 퀸
5f47e175e4b70512,TID_BUILDING_TEXT_CREATE_SPELL,제조
31a9f0b40ae5aa3a,TID_STATUE_LNY_2023_INFO,토끼를 다시 모자에 넣으려면 어떡해야 하죠?
23713ee7a7737341,TID_UNLOCKED_ARMY,군대
84e9d5d2e86ac6bf,TID_VILLAGE_NOT_PREPARED,마을이 준비되지 않음
7d312613f39ea30a,TID_CHALLENGE_INFO_2022,구름 위에서 클랜 캐피탈이 발견되어 클랜이 함께 건설하고 함께 전투할 수 있게 됩니다! 클래시 오브 클랜의 첫 10년이 마무리되었습니다. 앞으로의 10년에는 어떤 변화가 찾아올까요?
00d05c510454af46,TID_LEAGUE_BRONZE2,브론즈 리그 II
0997e3c29fdf8e28,TID_HINT_GEAR_UP,개조 옵션을 통해 마스터 장인이 내 마을의 방어 시설에 특수 능력을 부여하도록 해 보세요!
7e249cc9f5b715a9,TID_CAPBUILD_BARRACKS_MEGAGROUND_INFO,땅에 골렘 모양으로 거대한 구멍이 뚫려 있습니다. 설마 매번 새로운 구멍을 뚫어내는 걸까요?
876747c8362d9fe5,TID_POPUP_UPGRADE_TROOP_TITLE,업그레이드할 유닛 선택
7027874754bbc219,TID_CHALLENGE_TH10_BOBAT,박쥐와 함께 볼링을
2fddc13d74ed5645,TID_LEAGUE_QUEEN,리그 퀸
5c4246b186c8f5c9,TID_BOOSTER_FINISH_ANY_UPGRADE_ALT_2_LINE,궁극의 책
44bcca126be1b5af,TID_CLAN_MINIMUM_TROPHYS,트로피 조건
7ba7fcf3e47fc77c,TID_START_WAR_FAILED_WAR_REQUEST_REJECTED,이 클랜에 보낸 도전이 최근에 거부되었으므로 친선전 도전을 보낼 수 없습니다. 나중에 다시 시도해 주세요.
60eac3176d58e293,TID_BATTLEPASS_TASK_WIN_BATTLES_USING_FLAME_FLINGER,불장난
8b3fdb29b50d01f2,TID_RAID_ATTACK_CONFIRM_INFO,습격전 공격을 시작하기 전에 모든 준비를 마치세요!
2df6de90c27e0c73,TID_EVENT_ACHIEVEMENT_BOOSTER_XP_REWARD_CLAIMED,이벤트 종료! <booster> <number>개와 <xp> XP를 획득했습니다!
80767faf51f2ebf0,TID_CAPITAL_VISIT_OWN_CAPITAL_FAILED,클랜 캐피탈 입장 실패
77ffddcb285e801c,TID_DIAMOND_BUNDLE_MAGICITEMS_RESOURCE_POTION_ONLY_INFO,• 자원 포션 x<booster1>\n• 보관량 제한이 없습니다!\n\n자원 정제소 최대 가속!\n\n놓치지 마세요!
cae4d926754f7098,TID_CLANGAMES_TASK_INFO_GET_HOMEBATTLESTARS,멀티플레이 전투에서\n별 <num>개 획득
a9699a6ad8d110ca,TID_WAR_RESULTS_INFO,전쟁이 끝나면 보너스 전리품이 금고로 전달됩니다. 또한 전쟁에서 승리하면 대량의 클랜 XP 보너스를 받을 수 있습니다. 전쟁 종료 후 일정 시간 동안 전투 결과 및 전투 장면을 다시 볼 수 있습니다. 이보다 오래된 전투 기록을 확인하려면 해당 클랜의 전쟁 기록 메뉴를 살펴보세요!
dc9efc16d1503cf9,TID_NPC74,포위
f585290ed70900ae,TID_SHIELD_POPUP_PERSONAL_BREAK,참고: 보호막 없이 너무 오래 버틴 후에는 마을에 잠깐의 휴식이 필요하게 됩니다.
8daf6a7737abe6d5,TID_LEAGUE_CHAMPION_SHORT,챔피언
ce62011f780d6fe8,TID_MULTIPLAYER_SHIELD_COST,공격 비용:
05eeb39f06a92ae0,TID_BATTLEPASS_TASK_WIN_BATTLES_USING_BATTLE_DRILL,드릴로 뚫어뚫어
cc0bd73a499f3d38,TID_PROFILE_ALL_DONATIONS,캐피탈 기여 합계
552b7325979a1532,TID_ALLIANCE_WAR_STAT_PARTICIPATION_TOP,사용한 공격 (상위 마을)
3d8f975f9237ae79,TID_CHALLENGE_FAIL_SERVER_ALREADY_IN_PROGRESS,친선 전투를 시작할 수 없습니다! 이전 전투가 진행 중입니다!
1e9be496bfe90c49,TID_NEWS_BALANCING_TITLE,
4117fdd930d913a3,TID_TRAP_HALLOWEENBOMB,호박 폭탄
ff629ebfd7104ddb,TID_HASTE_TOWER,타워 분노 마법
56794e397befab15,TID_PRIVACY_POLICY_BUTTON,개인정보 처리방침
e9ec686ff60b817b,TID_SKELETON_GLIDER,해골 글라이더
ac075ffee2337182,TID_OFFER_SEASON_CHALLENGES_TEXT_2,마법 아이템 및 특전!
97bf73e1c1a1ccfc,TID_POPUP_UNDER_ATTACK_LIVE_REPLAY,마을이 공격받고 있습니다!
fedb69490d76d58b,TID_ACHIEVEMENT_LOOT_CAPITAL,습격전 공격에서 <number>캐피탈 골드 약탈
081a8ca6a534b0ce,TID_SUPPORT_SEND_CODE,코드 전송
c74d807d5d86f9c5,TID_TRAP_ZAPTRAP_INFO,감전 함정 설명
5a7fa1b103771d05,TID_INVISIBILITY_SPELL_TOWER,타워 투명 마법
f5bbe9d8df9ee413,TID_LEAGUE_RUBY2_SHORT,루비 II
d8a1b1ea432b7fa9,TID_DECORATION_ANCIENT_BARBARIAN_STATUE,고대 바바리안 조각상
3696d51851babbb9,TID_CHAMPION_KING,챔피언 킹
97dafcfcc6051194,TID_ALLIANCE_INVITATION_FAILED_AVATAR_ALREADY_HAS_AN_INVITE,이미 초대한 플레이어입니다!
e9ec80099ef7e571,TID_NOT_ENOUGH_EVENT_TOKENS,<hard_currency> 부족!\n더 획득하려면 더 많은<soft_currency> 필요
ae002c5fe629b849,TID_TOWN_HALL2_INFO,"마스터 장인의 집이며 전투에서 주요 표적이됩니다.\n\n공격에서 장인회관을 파괴하면 하나의 별을 얻습니다. 스테이지에서 파괴율 50% 달성하면 두 번째 별을 얻으며, 100%를 달성하면 별 3개를 얻습니다.\n\n장인회관을 업그레이드하면 고급 건물과 유닛이 잠금 해제됩니다!"
987d307f776cef90,TID_DECO_FOREST_3,숲
e9674aba82042cfa,TID_INVITE_BUTTON,초대
f4ebdbf4a618559e,TID_NEWS_BOMB_TOWER_MORE_TITLE,기타 업데이트
e18bd1347655add3,TID_INCOMPLETE_CAPITAL_ARMY,공격하기 전에 캐피탈 군대를 완성하세요.
3c00fd7bd505ea6b,TID_MORTAR_INFO_SHORT,성가신 적 무리를 한방에 날려버립니다.
010e0d30840629ad,TID_CLANGAMES_TASK_INFO_DESTROY_BB_OUTPOST,장인 전투에서 <building> <num>개 파괴
c42aaae0ba78c4d2,TID_EVENT_CHRISTMAS_SPELL_UPCOMING,클래시 크리스마스 1일차!
0bae75c6e2b2fb43,TID_TUTORIAL_RUINS_1,흠. 약간 엉망인 것 같군요...
250729000c7387b9,TID_BP_SPELL_UNLOCKED,<spell> 잠금 해제!
c70e530d4012aef2,TID_IAP_NOT_AVAILABLE_AMAZON,구매할 수 없습니다! 올바른 Amazon 계정을 사용하고 있으며 주 결제 수단을 업데이트했는지 확인하세요!
0db3f8c48a874cf3,TID_LEGEND_SEASON_END_INFO_WITH_PRESTIGE,글로벌 순위 <rank>위로 시즌을 마치고 <prestige> 전설 트로피를 얻었습니다! 플레이어 프로필에 이 놀라운 성과가 기록되어 모든 사람이 볼 수 있게 됩니다.
95f0a2f43bf95b8f,TID_REGULAR_THEMED_PREPARE_OFFER_INFO_TH0712_4999,• <res0> 다크 엘릭서\n• <res1> 골드\n• 영웅의 책 x<booster1> - 진행 중인 영웅 업그레이드가 즉시 완료됩니다.\n• 마법의 책 x<booster2> - 진행 중인 마법 업그레이드가 즉시 완료됩니다.\n\n• 보관량 제한이 없습니다!\n• 해당 특가 상품은 표시된 기간 내에 2회 구매할 수 있습니다.\n• 영웅과 유닛을 업그레이드하고 더 강력한 마법을 사용해보세요!
842bf5c87a10147e,TID_DIAMOND_BUNDLE_BH5_INFO_ALT,• 보석 <gems>개\n• <res0> 엘릭서\n• <res1> 골드\n\n보관량 제한이 없습니다!\n\n이번 한 번뿐인 <cffec78><value>배 가치</c>의 구매 기회를 놓치지 마세요!
3d30b4aae642b486,TID_BATTLEPASS_TASK_INFO_WIN_BATTLES_USING_NIGHTWITCHES,<num>회의 장인 전투에서 암흑 마녀 <num2>명을 사용해 별 획득
62a44152d6dffbd1,TID_GINGERBREAD_CHAMPION,진저브레드 챔피언
6603da8bc36cdd12,TID_HINT_USABLE_WHILE_UPGRADING,"집합소와 클랜 성, 그리고 저장고는 업그레이드 중에도 제 기능을 발휘합니다."
0f6a0727f383da32,TID_EDIT_MODE_MOVE_ALL,모두 이동
43fd81bee4b3fdb4,TID_TUTORIAL_WAR_LEAGUE_16,메달을 모으면 상점에서 사용해 보세요!
ca6831b6e5938a89,TID_BOOSTER_SELL_BUTTON,판매
72f885e5400e7410,TID_WATER_2,물 2x2
4e6a3ac24ec60acf,TID_CLANGAMES_TASK_WIN_STARS_USING_JUMP_INFO,멀티플레이 전투에서\n이동 마법을 <num2>번 사용해\n<num>회 승리
468206491bb0f51d,TID_VILLAGE_UNDER_ATTACK,적이 마을 공격 중!
9b1d20a98ee99e7b,TID_SPECIAL_OFFER_INFO_BUILDERBASE_ANNIVERSARY_4999,• 장인기지 골드 룬 x<booster1>\n• 장인기지 엘릭서 룬 x<booster2>\n• 유닛의 책 x<booster3>\n• 건물의 책 x<booster4>\n\n• 보관량 제한이 없습니다!\n• 해당 특가 상품은 4회 구매할 수 있습니다!\n\n멋진 특가 상품으로 업그레이드를 시작해보세요!
e3f02aa4f64d45b5,TID_CLANGAMES_TASK_INFO_USE_SUPER_MINIONS,멀티플레이 전투에서\n슈퍼 미니언 <num2>마리를 사용해\n별 <num>개 획득
99b7a420d655d16c,TID_PLAYER_PROFILE_PETS,펫
272f9210e64ea7cd,TID_STREAM_REPLAY_TEXT_ATTACK,공격 대상:
a5d6157dfe8bb210,TID_CLANGAMES_TASK_WIN_STARS_VS_TOWNHALL_6,목표: 6홀
ed8af2bf2f79dbe5,TID_SHOCKWAVE_DAMAGE,충격파 피해: <number>
0306b780c73d8e3a,TID_ALLIANCE_WAR_MOST_EXPENSIVE_ATTACK,최고 비용 승리
9c93db6b80f09cd2,TID_NPC_CHALLENGE_BOWIGI_GIANTS,중앙과 아래쪽에 <c54a0fe>자이언트</c>를 배치하세요.
a9d9d72231e21841,TID_DEVICE_LINK_WRONG_ACCOUNT,"현재 마을은 로그인하신 계정이 아닌 다른 Game Center 계정에 등록되었습니다.\n\nGame Center를 실행하신 후 로그아웃하시고 이 마을이 등록된 Game Center 계정으로 로그인하세요.\n\n그 후, 다시 연동하세요."
e40d0bd78a30c45b,TID_DECORATION_WHITE_FLAG,하얀 깃발
8e8c4d534bc101ef,TID_LOADING_FACEBOOK_FRIENDS,친구 목록을 불러오는 중...
bf6398f1ae5603a4,TID_SUPER_WIZARD_INFO,마법의 힘으로 가득 찬 슈퍼 마법사! 마을에서 가장 똑똑한 마법사... 가 아니라면 마을을 터트려버립니다.
8a2fc2ff619f78f2,TID_DEVICE_LINK_ERROR_GAME_CENTER_TEXT_ANDROID,기기를 연동하려면 Google Play에 로그인해주세요. 설정 화면에서 Google Play 계정 로그인 버튼을 누른 후 다시 시도해주세요.
f3d23d18847a4e02,TID_WEAPON_TOWN_HALL_14,기가 인페르노
a2170ffaf3594a0e,TID_PRESET_LOAD_FAIL,훈련 대기열에 공간이 부족합니다.
f0cfeb6e2151ed1a,TID_EVENT_TROOP_INFO,할인된 가격으로 <troop>을(를) 훈련시키고 이벤트 도전을 완료하세요!
b7d1224ffa252277,TID_CAPITAL_PLAYGROUND_GATES_3,이 불쌍한 <cf70d16>슈퍼 자이언트들</c>은 그들의 구획에 갇혀 있습니다.
114513526d84c6ae,TID_MEDAL_EVENT_SOFT_CURRENCY,메달 이벤트 하급 재화
c9010641e5ddfe8e,TID_CLANGAMES_TASK_INFO_DESTROY_WIZARDTOWERS,멀티플레이 전투에서\n<building> <num>개 파괴
6e5db3b61ef00d4d,TID_HALLOWEEN_END_CAULDRON,오싹한 엘릭서 가마솥 장식은 이제 마을에 보관됩니다.
b026214048c9f192,TID_CLANGAMES_TASK_DESTROY_CLANCASTLES,클랜 성 돌격
28bf81f6c991f4fe,TID_CLAN_SETTINGS_YES,예
e9304d82a370be11,TID_ALLIANCE_CREATE_NAME,클랜 이름:
9bcf6f7948065784,TID_ALLIANCE_WAR_MEMBER_STAT_DEFENCES,방어 성공:
55b54e5f77944572,TID_CHARACTER_INFO_FLYING_GOBLIN,마을을 난장판으로 만드는 위험한 존재입니다! 부디 적 마을에서 그래야 할 텐데 말이죠...
ae8eaabe15c7653e,TID_ALLIANCE_WAR_ATTACK_CONFIRM,공격 확인
d6af1e916eb7b41a,TID_ARCHER2_ABILITY_HELP,처음 <num>초 동안 방어 시설의 표적이 되지 않습니다.
7f3f5f07b871914c,TID_VILLAGE_PREPARED,마을 준비 완료
a579462c4f6ec840,TID_NOTIFICATION_CLAN_GAMES,클랜 게임
350d75255baf2775,TID_DECO_RUIN_OLD_TOMBS,오래된 무덤
d6655ab53a4a2c75,TID_GOLD_MINE_INFO,금광은 골드를 생산하는 시설입니다. 업그레이드하면 생산력과 저장 용량이 증가합니다.
36708a4e4bfbbaf1,TID_ACHIEVEMENT_GOLDSTORAGE_COMPLETED,최고 골드 저장소 레벨: <value>
b8530651309efb60,TID_CHANGE_HEROES,영웅 교체
84615cba552482fe,TID_LAYOUTS_COPY_LABEL,배치 복사
6549dee33487fedf,TID_DIAMOND_BUNDLE_MAGICITEMS_TRAINING_POTION_ONLY,훈련 포션 더미
d6c224b71641a3b7,TID_SHOP_NEW_ITEM,NEW
ff6ce8aaca6d528d,TID_DEMOTE_TO_ADMIN_CONFIRMATION,<name> 님을 클랜 장로로 강등할까요?
569a798e2dd7c634,TID_ADD_FRIENDS_INFO_CLASH,친선 전투를 시작하려면 플레이어를 클래시 친구로 추가하고 클래시 오브 클랜에서 팔로우하세요!
ac53811993724df9,TID_FACEBOOK_BOUND_TO_OTHER_ACCOUNT_TITLE,Facebook 알림
6c0540f163ac319b,TID_PRIORITIZE_UPGRADE_NO_PERMISSION,업그레이드의 우선순위를 바꿀 수 없습니다.
3dd3aef92101ab38,TID_BUTTON_REQUEST_TROOPS,요청
b12accc62eda00fd,TID_CLANGAMES_TASK_INFO_DESTROY_SCATTERSHOT,멀티플레이 전투에서\n<building> <num>개 파괴
2280bddafd7207b0,TID_AUTO_FORGE_UNLOCKED,단조 작업소 자동 슬롯 잠금 해제
dda550f1dd08428f,TID_DIAMOND_BUNDLE_MAGICITEMS_TRAINING_POTION_INFO,"• 보석 <gems>개\n• 훈련 포션 x<booster1>\n• 보관량 제한이 없습니다!\n\n대장님의 유닛 훈련, 마법 제조, 영웅 회복을 빠르게!\n\n놓치지 마세요!"
3e9735c7264a6bd8,TID_SCID_PURCHASE_PASS_EXPLANATION,골드 패스는 시즌 도전 메뉴를 통해 본인의 계정에 사용하거나 Supercell ID 메뉴에서 Supercell ID 친구에게 선물할 수 있습니다.
738c680ee1809e66,TID_DECO_CAP_REACHED,이미 해당 장식품을 최대 개수까지 설치하셨습니다.
9d5a7933e61e2419,TID_XMAS_PACK,연말 슈퍼 팩
a6ede50305eaf116,TID_WATCH,동영상 보기
7c8d1985c65e0bc9,TID_PASTE_ACTION_BUTTON,붙여넣기
0afa4d19cd91815e,TID_ATTACK_BUTTON,공격
fb441c4df709b1f3,TID_COSMETIC_ESTATE_2X2_SMALL_HUT,작은 막사
8a34c0f5d208b2f2,TID_CLAN_GAMES_CLAN_SCORE,클랜 점수:
0bfb632e445c681d,TID_TUTORIAL_BARRACK_1,대장! 고블린 무리를 상대할 군대가 필요해요! 훈련소를 건설하세요!
8f6b4e9fbb117068,TID_TUTORIAL_PETS_4,먼저 L.A.S.S.I와 함께할 영웅을 선택해볼까요?
727bef0d1187e992,TID_TITLE_REQUEST_TROOPS,지원군 요청
a0e74f4905f596ef,TID_LIGHTNING_STORM,번개 마법
73676d669472bede,TID_POPUP_REMOVE_REINFORCEMENTS_TEXT,정말로 지원군을 제거할까요? 비용은 돌려받을 수 없습니다.
c82fc1f6db2f914d,TID_MAGIC_ARCHER_ABILITY_NAME,관통 화살
18efad2449ca07eb,TID_LEAGUE_HERO3,타이탄 리그 III
dadda89df5a0c4e0,TID_STAGE_LIMIT_EDIT_MODE,<name>: <cur>/<max>
f7a14834367626cd,TID_AURA_MAX_HITPOINTS_INCREASE,오라 최대 HP 증가: <number>
d98ed13946c16eb4,TID_CLANGAMES_TASK_INFO_USE_CANNONCARTS,장인 전투에서 대포 카트 <num2>대를 사용해 별 <num>개 획득
102881cb8859c310,TID_DIAMOND_BUNDLE_MAGICITEMS_TROOP_LEVEL_PACK,유닛 업그레이드 팩
3f921f49ac520f8f,TID_TUTORIAL_RUINS_3,여기서 얻을 수 있는 것과 필요한 캐피탈 골드의 양을 확인할 수 있습니다.
5f777a667348847e,TID_HINT_SPELL_EARTHQUAKE1,HP가 높은 건물들이 한곳에 몰려 있을 때 지진 마법은 큰 효과를 발휘합니다.
6aca20f340861a9d,TID_TUTORIAL_ARTO_COMPLETE_2,"모두에게 인사드려요, B.O.B!"
0f1961648e4be06e,TID_DIAMOND_BUNDLE_RED,(영웅 팩)RED
74ac0bdacbe065a7,TID_RES_PACK_INFO,• 보석 <gems>개\n• <res0> 골드\n• <res1> 엘릭서\n\n보관량 제한이 없습니다!\n\n한정 기간 동안 할인된 가격에 자원을 구매해 보세요!
3845a51e0c833be6,TID_BOOSTER_HERO_POTION_MAXED,영웅을 강화할 수 없습니다. 이미 최대 레벨입니다!
e8ac9d2733e5e09b,TID_TENCENT_RETURN,返回
4d2c648e72389d0d,TID_BARRACK2_INFO,장인 훈련소는 장인 전투에서 싸울 병력을 훈련시킵니다! 또한 공격 전에 병력을 얼른 교체할 수 있습니다. 장인 훈련소를 업그레이드하면 더 많은 유형의 병력이 잠금 해제됩니다!
824da9698aac9c3d,TID_BUILDING_CANNON,대포
7f3d092c544aee60,TID_GEAR_HEALER_JAR,치유사 인형
a05d45909bc3fd10,TID_GAMES_TASKS_HEADLINE,도전 과제
76f1716d785d39f7,TID_STARTER_TH4_BUILDSPRINGTRAP,함정 발동
d09e91d3ec0dbd10,TID_POPUP_EDIT_MODE_COLLECT,모든 건물을 회수할까요?
00830f602844017c,TID_BUILDER,장인
64ec5e826ceaa625,TID_BUY_PREV_SLOT_FIRST,먼저 이전 슬롯을 구매하세요!
eac06c1bda2c6e79,TID_ACCOUNT,기기
70da6adfaba632ee,TID_MAP_LOCATION_23,장인의 바위
65f2d87ea961bfaa,TID_POPUP_SELL_BOOSTER_TITLE,마법 아이템 판매
d4d3ec2be30f0cc8,TID_CLANGAMES_TASK_INFO_USE_HEALERS,멀티플레이 전투에서\n치유사 <num2>명을 사용해\n별 <num>개 획득
66fe90b1ae9096c4,TID_BATTLEPASS_TASK_WIN_BATTLES_USING_ELECTRODRAGON,짜릿한 충격
2a90ec76b360243a,TID_BUTTON_TRY_AGAIN,다시 플레이
c51adee2d9369e97,TID_ATTACK_FAIL_LEVEL_DIFFERENCE,레벨이 <level> 이상 차이 나는 마을은 공격할 수 없습니다!
d0b1a3eabb34de8d,TID_FEATURE_BUILDER_BASE_DESC,폭풍이 몰아치는 바다를 항해하고 신비한 땅에서 새로운 모험을 시작하세요.
a7cf065229519241,TID_CLANGAMES_TASK_INFO_DESTROY_BB_GUARDPOST,장인 전투에서 <building> <num>개 파괴
9247eaf2fcbb79b7,TID_TRADER_MENU_TITLE,주간 상품
dd072267becd5323,TID_NPC_CHALLENGE_TH11_LAVALOON_JUMP,<c85ff3b>이동 마법</c>을 사용해 <c9916c8>아처 퀸</c>이 목표에 도달할 수 있도록 도와주세요!
3c463121ea504c53,TID_CLEAR_SHOVELED_OBSTACLE_CONFIRM_TITLE,삭제 확인
6a0fa495053b0ee3,TID_WL_SEARCHING_FOR_OPPONENTS,상대 클랜 검색 중...
876e24eb2093fc08,TID_CAPITAL_TUTORIAL_4,"건물을 세우려면 이 정도 규모는 되어야죠. 자, 이 산이 바로 클랜의 캐피탈입니다!"
c5d7b73e88efe6ac,TID_NPC_CHALLENGE_TH10_BOBAT_WALL_BREAKERS,장벽을 파괴해 <cf70d16>마법사 타워</c>까지 도달하세요. <c54a0fe>해골 돌격병</c>은 <cf07bf8>분노 마법</c>의 효과를 받으면 장벽에 더 많은 피해를 줍니다!
4598ee128f129d32,TID_SPELL_DAMAGE,총 공격력: <number>
7460288b24d06634,TID_ACHIEVEMENT_PVP_DEFENSES,방어 전투 <number>회 승리
b61cd76db9927667,TID_WL_BONUS_CONFIRM_TEXT,선택한 클랜원에게 보너스를 주시겠습니까?
3f7fd5911d9827f4,TID_NEWS_UPDATE_LEGEND_LEAGUE_TITLE,
c7e9373e4b961f76,TID_PROFILE_LEGEND_LAST,이전: <year>년 <month> 시즌
9ab0a46a5527a7fc,TID_ROCKET_BALLOONS,로켓 비행선
07b464fb81e62086,TID_TRANSITION_WAR_START,전투일
8517dd4d77a96f1b,TID_IAP_INFO_TEXT,"구매일로부터 7일 이내 청약 철회 가능(단, 사용 시 철회 불가). 법정대리인 동의 없는 미성년자 명의 결제 시 취소 가능."
cad40db965342a33,TID_GEAR_INFO_GIANT_GAUNTLET,바바리안 킹이 거대해져 광역 피해를 주고 받는 피해는 감소합니다.
795db032f9862731,TID_DECO_CWL_HAMMER,리그 망치
1f1f7b3986eb350b,TID_DONATION_REQUEST_TAP_TO_EDIT,여기를 눌러 요청할 지원군을 선택하세요
5c50989da6ec800c,TID_BUILDER_HALL_9_INFO_SHORT,파괴되는 건물이 있으면 건설되는 것도 있어야죠.
d76a4e8f6e91fd33,TID_SHIELD_INFO,"기지를 오래도록 방어하세요! 보호막은 마을을 공격으로부터 보호하지만, 공격 후에는 지속 시간이 줄어듭니다. 여러 보호막을 동시에 구매하면 보호막의 지속 시간이 합산되어 늘어납니다."
5b9ebc4bfc7e3f99,TID_TUTORIAL_SHIP_LOAD_SHIP,"대장님, 배와 선원들이 항해 준비를 마쳤습니다!"
cacf684b381f8fb4,TID_SPELL_RECALL_INFO,"공격이 맘대로 안 풀리거나 다른 방향에서 진입하고 싶나요? 복귀 마법을 사용해 유닛과 영웅, 펫을 불러들여 다시 배치할 수 있습니다. 더 유리하게 재배치해 전장의 고점을 차지해 보세요!"
a7fc222516fd21f3,TID_HINT_WELCOME,옛날 옛적에 마법의 숲에 있던 한 공터에는...
3196baa2c8eda7c0,TID_6ANNIVERSARY_OFFER_MAGICITEMS_POTION_AND_GOLD_ELIXIR_INFO_999,• <res0> 골드\n• <res1> 엘릭서\n• 장인 포션 x<booster1> - 장인의 작업 속도가 1시간 동안 10배 빨라집니다.\n\n• 보관량 제한이 없습니다!\n• 해당 특가 상품은 20회 구매할 수 있습니다!\n\n기념일 팩은 기간 한정으로 구매할 수 있습니다!
2e3d48c514be62c9,TID_BOOSTER_BOOST_RESOURCES_INFO,신속 마법이 담긴 이 포션을 사용하면 <time> 동안 자원 생산이 매우 빨라집니다. 마을에서만 사용할 수 있습니다.
b8094bec9754e81a,TID_CAPITAL_SHOP_RESOURCE_CONFIRM_TEXT,<item> <num>개를 구매할까요?
79850d3be25950b0,TID_CHARACTER_INFO_SUPER_WIZARDS,"슈퍼 마법사들이 \q자만심\q이 강하다는 걸 아셨나요? 가까이 붙어 있는 건물들을 날려버리는 데는 뛰어나지만, 생각만큼 강력하지는 않습니다!"
f3469b74b0b40467,TID_BUILDING_MORTAR,박격포
55d387b74c3c988f,TID_CHARACTER_INFO_SKELETON2,"이 언데드 유닛은 혼자서는 별 위협이 되지 않지만, 끊임없이 해골 무리를 소환하는 해골 수송선과 함께하기에 혼자 싸우는 경우는 절대 없습니다!"
ff98f6c0db7a8083,TID_CHARACTER_INFO_AD_SEEKER_FRAG,라바 하운드가 파괴되면 이 작은 괴물들이 나타나 적과 계속해서 싸움을 이어갑니다.
38ad7c85aab96cd1,TID_DIAMOND_BUNDLE_MAGICITEMS_SPELL_LEVEL_PACK_INFO,• 보석 <gems>개\n• <res0> 엘릭서\n• 마법의 책 x<booster1>\n• 보관량 제한이 없습니다!\n\n마법 업그레이드에 필요한 모든 것!\n\n놓치지 마세요!
66eeead5b4365ec8,TID_COMPLETION_BONUS_INFO,이벤트 동안 더 많은 <hard_currency> 획득을 위해 <soft_currency> 계속 모으기!
a9c1f9fbbbfd2f51,TID_RESEARCH2_TITLE,업그레이드 혜택:
1867b91d1c7472fe,TID_INVISIBILITY_SPELL,투명 마법
1912a36549dcde80,TID_ALLIANCE_ROLE_LEADER,대표
f2dc2c3efb10d263,TID_SHOP_CATEGORY_BUILD,건물 및 함정
95310c6b989f4942,TID_NPC10,고보 마을
990dc3c68d78fe83,TID_GOBLIN_WORKER_BUILDING,고블린 장인의 집
7f6cb4c45f63898b,TID_CHARACTER_INFO_BIG_BOY,항상 우유 통 근처를 떠나지 않는 빅 보이는 마을에서 제일 큰 해골 병사입니다. 하지만 겉모습에 너무 무서워하진 마세요. 완전 마마보이니까요.
c62c2f0fb8478385,TID_SHADOW_SCENERY,섀도우 배경
ac1a14bf97c18ca3,TID_CRAFT,제작
af3a5e45d5088b12,TID_BUILDING_TEXT_FULL,가득 참!
3af2f81f9105401e,TID_NAMECHANGE_WARNING,반드시 적절한 이름을 입력해주세요!
3ff8322817fe0c51,TID_HINT_SPELL_RAGE,분노 마법은 범위 내의 아군 유닛이 더욱 강하고 빠르게 움직이도록 분노 마법진을 생성합니다.
9f366d3bcc60b48b,TID_STARTER_TH2_INFO_BUILDBARRACKS,상점에서 훈련소 추가 구매
b2b1e72e4d68d83c,TID_WAR_STATS_HEADER_BEST_ATTACKS,최고 공격
abc938a34c945d05,TID_COMM_MAST,방송탑
82c800e2c5e8db46,TID_MEMBERS_SORTED_BY_TROOPS_RECEIVED,지원받은 최대 유닛 수
9019cb7b6b1b348b,TID_BUILDING_FLAMER,로스터
0945033a9e4e5113,TID_HOG_WIZARD_ABILITY_NAME,열혈 라이더
5c59f91426fb4902,TID_REPORT_LAYOUT,举报排版
c806b455af1d1c6e,TID_DECO_RUIN_TREE_FARM,나무 농장
a4e55ee2e13171b2,TID_PIRATE_QUEEN,해적 퀸
edf69d34ace73116,TID_STARTER_TH2_INFO_CLAIMACHIEVEMENT,프로필 업적 <num>개 달성
4c44bd72a1c99870,TID_BOOSTER_BUILDERS,장인 포션
2bd76f2f432e1913,TID_OBSTACLE_HALLOWEEN2022,할로윈 이벤트!
7c95c0c2d483f6c0,TID_ZAP_TRAP,감전 함정
f341dce976264dd0,TID_LINK_CANCELLED_TITLE,연동 취소
aa28cbf348d2e8fe,TID_CLANGAMES_TASK_INFO_USE_MAGIC_ARCHERS,멀티플레이 전투에서\n슈퍼 아처 <num2>명을 사용해\n별 <num>개 획득
563127a8150e7516,TID_DETAILS_TEXT_TH12_INFERNO_PACK,마을회관 12레벨 기간 한정 팩!
ac0a36c1efa2f68f,TID_CLAN_GAMES_ALREADY_CLAIMED,이 보상을 이미 수령했습니다!
6a3a3ac822ed511d,TID_SCOUT_BUTTON,정찰
88ee57d09e759643,TID_STARTER_TH3_UPGRADEELIXIRSTORAGE,자원 저장
2111660b7c94ecb3,TID_LEAGUE_CLAY2_SHORT,클레이 II
f643d5016abfb53c,TID_TERMS_OF_SERVICE_BUTTON_TENCENT,Tencent Game 라이선스 및 서비스 계약
68f62423a7d38d9c,TID_PROMOTE_TO_COLEADER_CONFIRMATION_TITLE,승급 확인
daf1941e5fc5c1dd,TID_SCID_GIFT_RECEIVED_TITLE,선물 획득!
5f34965c762d9169,TID_REQUEST_IS_PENDING,요청이 보류 중입니다.
be1349a6a4a42723,TID_BUILDING_CLASS_RESOURCE,자원 시설
4b9af3199996576c,TID_LOCAL_NOTIFICATION_EVENT_CHINESENEWYEAR,"대장님, 아주 특별한 설날 맞이 특가 상품을 지금 확인하세요!"
33eb12224463fa67,TID_EL_PRIMO,엘 프리모
90a98cff22c2baa4,TID_CLANGAMES_TASK_DESTROY_BB_STARLABORATORY,천체 연구소 파괴
9b98afabed712964,TID_SUPER_DRAGON_INFO,"주체되지 않는 마음속 뜨거운 불덩이로 슈퍼 드래곤의 온몸이 불타오르며, 주변 모든 것을 불태웁니다!"
dcb269375d48971e,TID_CHARACTER_INFO_ICEGOLEM_SHORT,"걸어다니는 얼음 덩어리이며, 처치되면 주위를 얼어붙게 합니다."
db4fbce413a96fc9,TID_V2_TRAINING_BARRACKS_UPGRADING,훈련소 업그레이드 중에는 병력 훈련이 일시 중지됩니다!
ef3322d6a8c640a4,TID_FOLLOW_BUILDER_TITLE,인스타그램에서 장인을 팔로우하세요!
7a75941fe3d5b014,TID_CAPBUILD_MEGATESLA,숨겨진 메가 뇌전탑
bdcf00a3dd5e4535,TID_MOUNTAIN_GOLEM_ABILITY_INFO,건드리기만 해도 모든 장벽이 파괴됩니다.
0c4b7b1fe6c20ff9,TID_ACHIEVEMENT_TOWN_HALL2_COMPLETED,장인회관 현재 레벨: <value>
1da59e1481361013,TID_CHALLENGE_START_FAILED,도전을 시작하지 못했습니다
e9cb305152e2a24a,TID_OFFER_NO_BUILDING_TIME,즉시 건설할 수 있습니다!
67717df44aacd899,TID_PETS_FEATURE_DESCRIPTION,이 강력하고 멋진 친구와 함께 전장에서 영웅을 도우세요!
d6a639f5c722e68d,TID_BATTLEPASS_TASK_WIN_BATTLES_USING_POISON_INFO,멀티플레이 전투에서\n독 마법을 사용해\n<num>회 승리
c8e4fb98b85ba1fc,TID_DECO_LAKE_8,큰 연못
74cffd6d40330eb7,TID_ALL_WALLS,모든 장벽
dfe7dfb7b900baa6,TID_POPUP_ARMY_OVERVIEW,군대 개요
b48e936fcb445318,TID_HALLOWEEN_INFO_SCREEN_ITEM3,매시업 메달을 모아 거래하여 더 많은 보상을 얻으세요!
767f44eb928ea794,TID_GEAR_TITLE_IRON_FIST,분노 마법 병
f735c164c09abe3c,TID_CLANGAMES_TASK_INFO_USE_WITCHES,멀티플레이 전투에서\n마녀 <num2>명을 사용해\n별 <num>개 획득
c583c3c2414dbec7,TID_NEWS_TH11_UPDATE_OVERVIEW_TEXT,"• 마을회관 11레벨이 화려하게 등장!\n• 그랜드 워든 & 독수리 포탑: 그 어느 때보다 전략적이고 강력한 전력의 추가!\n• 새로운 부대 및 방어 시설 레벨, 클랜 마법 지원\n• 언제든지 보호막 너머로 공격할 수 있지만, 마을회관을 잘 방어해야 합니다!\n• 보호막이 없을 때 가드를 통해 무방비로 공격받지 마세요\n• 고블린들이 마을회관을 겨냥해 공격하며, 더 큰 리그 보너스와 트로피 혜택 등 많은 사항이 새롭게 추가됩니다!"
2d820d55197f1437,TID_POPUP_BOOST_ALL_BARRACKS_BOOSTER,<time> 동안 훈련소 및 마법 제작소 <number>곳의 속도를 <multiplier>배로 가속할까요?
c5afee968a842a92,TID_SHIELD_SCORE_LIMIT,트로피 <number>개 이상 이용 불가
aa5435cb4fdc8d05,TID_CHARACTER_INFO_ELITE_GIANT,슈퍼 자이언트는 친척인 일반 자이언트보다 거대하고 장벽을 부수는 능력이 뛰어납니다. 허리에 두른 벨트는 마을에서 매년 열리는 먹기 대회에서 받은 것입니다.
cda131b82c635065,TID_LEAGUE_COPPER2,카퍼 리그 II
eb212b32db907480,TID_DIAMOND_BUNDLE_MAGICITEMS_BUILDER_POTION_WITH_GOLD_INFO,• <res0> 골드\n• 장인 포션 x<booster1>\n• 보관량 제한이 없습니다!\n\n마을회관과 방어 시설 업그레이드에 필요한 모든 것!
45f9c18ca9fe64eb,TID_ENEMY,적
97c246ef8ef2c328,TID_CLAN_TAG_CLAN_CAPITAL,클랜 캐피탈
02506f1ff6cb2bc5,TID_OBSTACLE_CNY2021,행운의 나무
66896d8566f369b7,TID_STREAM_EVENT_JOINED,클랜에 가입했습니다.
5caaa63433627e53,TID_CHARACTER_BIG_BOY,빅 보이
2c55163b7f44cbf3,TID_CLANGAMES_TASK_INFO_DESTROY_BB_CANNON,장인 전투에서 <building> <num>개 파괴
472442dd9a4a1e7d,TID_CLAN_WAR_LEAGUE_JOIN_BUTTON,리그 참가
b6ebc0ac1b97b093,TID_INFO_DAMAGE_TYPE_SINGLE,단일 표적
745ce867cd255035,TID_SHIELD_ACTIVE,보호막 적용 중
f05914be640229b4,TID_CLANGAMES_TASK_USE_GOLEMS,골렘 오브 락
fa2e0b4e620eaec8,TID_LEADER_ROTATION_MAIL_TEXT,클랜의 대표가 <daysInactive>일 이상 활동을 하지 않았습니다. 클랜 대표직이 <daysToRotation>일 후 가장 오래 활동하고 지위가 높은 대장님에게 이양됩니다. 대표 변경을 피하려면 현재 대표가 로그인해야 합니다.\n\n클랜 대표는 <newLeader> 님으로 변경될 예정입니다.
521bd7e2c146709a,TID_TUTORIAL_WAR_LEAGUE_4,먼저 다른 클랜들과 번갈아 싸우게 됩니다.
828684dec0b5b220,TID_DIAMOND_BUNDLE_MAGICITEMS_FIGHTING_BOOK_WITH_DARK_ELIXIR_INFO,• <res0> 다크 엘릭서\n• 유닛의 책 x<booster1>\n• 보관량 제한이 없습니다!\n\n다크 엘릭서 유닛 업그레이드에 필요한 모든 것!
0646cf7a2cd85e49,TID_ADD_FRIEND_ERROR_TOO_MANY_REQUESTS_YOU,친구 요청을 너무 많이 보냈습니다. 새로 보내려면 하나를 삭제하세요.
70843aa06c05a552,TID_BATTLEPASS_TASK_INFO_WIN_BATTLES_USING_GOLEMS,멀티플레이 전투에서\n골렘을 사용해\n<num>회 승리
4255e54a7f10b64c,TID_BARB2_ABILITY_HELP,처음 <num>초 동안 속도와 공격 피해량이 상승합니다.
5c80db0495ec2ac0,TID_BOW_INFO,대형 석궁은 끔찍할 정도로 강력한 힘을 지닌 신비로운 화살을 발사합니다. 엘릭서로 대형 석궁을 장전하면 자동으로 작동합니다. 지상 및 공중 유닛 모두를 공격할 수 있지만 지상 유닛만 공격하도록 설정하면 사정거리가 증가합니다.
d3c54b0f7650fa17,TID_INVALID_WAR_MEMBERS_COUNT,선택한 클랜원: <num>
e8c4857fda1e88f8,TID_ALLIANCE_GAMES_CLAIM_REWARDS_BUTTON,보상 회수
4ff7fc48475dcd99,TID_TAGS_SELECTED,<num>/<max> 선택함
cdcb17ffa9237e4f,TID_VILLAGE_OBJECT_ROWBOAT_INFO,마스터 장인은 여러분의 마을을 방문해 건물을 강화할 수 있습니다! 마을 방어에서 개조 옵션을 찾아보세요!
fc230e7b1db79880,TID_BUTTON_UPGRADE,업그레이드
c3c2916d9e129760,TID_REGULAR_THEMED_BUILD_OFFER_INFO_TH0712_1999,• <res0> 골드\n• <res1> 엘릭서\n• 건물의 책 x<booster1> - 건물 업그레이드가 즉시 완료됩니다.\n\n• 보관량 제한이 없습니다!\n• 해당 특가 상품은 표시된 기간 내에 3회 구매할 수 있습니다.\n• 방어 시설을 더욱 견고히 업그레이드하세요!
eb3ae5b466bc0368,TID_ALLIANCE_ROLE_COLEADER,공동 대표
438a43e5209dc252,TID_POPUP_HEADER_ABOUT_TO_BOOST_VILLAGE_SPEEDUP,마을을 가속할까요?
bc6b199747de50dd,TID_SHIELD_ACTIVATED,상대방의 보호막이 <hours>시간 동안 적용됩니다.
fb7d09209bd1d009,TID_LEAGUES_GET_MORE_TROPHIES,트로피 <number>개를 달성하여 리그에 진입하세요.
49ac9885c8aa6f7f,TID_BUY_MISSING_RESOURCES_TEXT,부족한 <resource> <count>개를 구매할까요?
74f79d4e1c45b6f7,TID_RESOURCE_BOOST,자원 부스터
3088fe4ee355a7c6,TID_BP_CONFIRM_TIER_UNLOCK_TITLE,점수 구매
8a54001dd13aef19,TID_GEAR_INFO_PROTECTIVE_CLOAK,로얄 챔피언의 HP를 대폭 치유합니다.
aeab6eb9f5c5abd6,TID_LEAGUE_IRON1,아이언 리그 I
29585069d809e655,TID_CAPITAL_PLAYGROUND,캐피탈 플레이그라운드
e1401b6d74d1330c,TID_TRAINING_SCREEN_TAB_SIEGE_MACHINES,시즈 머신 제작
1fae6b0469f0ddfa,TID_SETTINGS_TROOP_REQUEST_HELP,"이 옵션을 \q켜면\q, 지원할 수 있는 병력 요청만 볼 수 있습니다."
98b4a57adf5de81c,TID_SPELL_FACTORY_VOUCHER_CLAIM_SUCCESS_TITLE,보상 획득
866e83635e53203d,TID_ALLIANCE_LEADERBOARDS,상위권 클랜
cf4fa8b0b417cc64,TID_BUILDER_HALL_7_INFO_SHORT,해골을 소개합니다. 동시에 해골을 상대할 해결책도요.
4e948fdb8bec428c,TID_BUTTON_SELL,판매
c452063f79889f89,TID_HERO_INSTRUCTIONS_BARBARIAN,"이 거대한 존재는 막대한 양의 피해를 흡수하고 앞을 막는 것들을 쳐부숩니다. 방어 시에는 맡은 구역을 철통같이 지키며, 공격 시에는 무쇠 주먹 능력을 사용해 파괴적인 분노를 발산할 수 있습니다!"
95f2214f5d8e72e9,TID_ACHIEVEMENT_LOOT_CAPITAL_TITLE,자본주의가 낳은 괴물
2961631bcef9f6e7,TID_CLANGAMES_TASK_DESTROY_GOLDMINES,금광 아수라장
0b9684cc96754876,TID_TUTORIAL_PETS_5,"좋은 선택이에요! 펫마다 고유한 능력이 있으며, 다른 영웅들과 조합해 다양한 콤비를 이룰 수 있습니다."
3eff9aa2d69bff37,TID_MAP_LOCATION_6,약탈자 개울
0d0d275f3ea5bc66,TID_CHALLENGE_CHOOSE_LAYOUT,배치 선택
e9b19bc4fd089ab8,TID_GAMES_TASK_REVIVE_CONFIRM_TEXT,도전 과제를 완료하기 위해 시간(<time>)을 더 추가할까요? 기존 진행 상황은 보존됩니다.
911092ad4b578a79,TID_BUTTON_BUY_SKIN,구매
eba738472f571f33,TID_CHARACTER_SUPER_VALKYRIE_INFO,"슈퍼 발키리는 모든 면에서 일반 발키리보다 우월할 뿐 아니라, 훨씬 더 화가 나 있습니다!"
b69f529e62aa5b93,TID_NEXT_LEVEL,다음 레벨
88dfaaa6f3d22f33,TID_DIAMOND_BUNDLE_TH10_INFO,• 보석 <gems>개\n• <res0> 골드\n• 인페르노 타워 1레벨\n\n즉시 건설할 수 있고 보관량 제한이 없습니다!\n\n이번 한 번뿐인 <cffec78><value>배 가치</c>의 구매 기회를 놓치지 마세요!
6eae48c25860217c,TID_ACHIEVEMENT_CLEAR_OBSTACLES,"장애물(나무, 바위, 덤불) <number>개 제거"
213fbcde74a9e643,TID_REPORT_REASON_POLITICAL,政治敏感性
4e52ca3ae6ce63fe,TID_REPLAY_SHARE_TEXT,장인 전투 리플레이를 클랜 채팅에 공유하시겠습니까?
06ce0330bff454cf,TID_HOUSING2_INFO,유닛들은 집합소에서 대기합니다. 각 집합소에는 한 번에 한 종류의 유닛만 수용할 수 있습니다. 일부 유닛은 업그레이드해서 집합소에 더 많이 수용할 수도 있습니다.
dee1f8d5181fbdef,TID_ACHIEVEMENTS_VILLAGE2,장인기지 업적
c83e1b838ba842b2,TID_LEAGUE_WOOD4_SHORT,우드 IV
6f2e452e31099ef0,TID_WELCOME_BACK_EVENTS,신규 이벤트
c2af9d77cd05d780,TID_AVATAR_MESSAGE_SUBJECT_GEM_DONATION,보석 <amount>개 받음
c1d171c79f03adc8,TID_ALLIANCE_WAR_VISIT_FAILED,방문할 수 없습니다. 나중에 다시 시도해주세요.
4c69d0343b7b6e0d,TID_UPGRADE_TH_LOCKED_GEARUP,이 건물을 최대 수만큼 개조했습니다!
b59d250153ffc1ba,TID_CHARACTER_INFERNO_DRAGON_INFO,오랫동안 혼자라는 사실에 화가 났던 인페르노 드래곤은 이제 자신의 분노를 시간이 지날수록 증폭되는 강력한 빔에 집중시키는 법을 배웠습니다!
59a686a176735ae9,TID_DEMOTE_TO_ADMIN_CONFIRMATION_TITLE,강등 확인
d284562ec4f30013,TID_EDIT_MODE_REMOVE_ALL_BUTTON,전체 제거
4c3af3a2a7e6905d,TID_DECORATION_BARBARIAN_STATUE,바바리안 조각상
d007ac3c41e81b96,TID_DIAMOND_BUNDLE_ELIXIR_DARK_ELIXIR_INFO,• 보석 <gems>개\n• <res0> 엘릭서\n• <res1> 다크 엘릭서\n\n보관량 제한이 없습니다!\n\n이번 한 번뿐인 <cffec78><value>배 가치</c>의 구매 기회를 놓치지 마세요!
b1298dc1b2244721,TID_NPC_CHALLENGE_BOWIGI_RAGE2,군대가 중앙 및 아래쪽을 뚫고 나아갈 수 있게 <cf07bf8>분노 마법</c>을 사용하세요!
f8afb97653fbc89a,TID_BUILDING_CUSTOMIZE_CATEGORY_DECO,장식
e7f001d8ccd3e251,TID_BATTLEPASS_TASK_INFO_WIN_BATTLES_USING_WALLBREAKERS,멀티플레이 전투에서\n해골 돌격병을 사용해\n<num>회 승리
75d587742b43b146,TID_POISON_CLOUD_INFO,"강력한 독으로 전장을 아군에게 유리하게 만드세요!\n\n독 마법의 안개 안에 있는 적 병력의 이동 및 공격 속도가 느려지며, 시간이 지나면서 점차 더 큰 피해를 입습니다. 건물에는 효과가 없습니다."
3ddfea8ccfafa1bb,TID_CHAT_RULES_RESPECT,다른 플레이어들을 존중해 주세요.
d4364f5a43aebd8f,TID_CHALLENGE_TH6_GIWIWA,덩치의 보호
b4a68b2bedfe262a,TID_STREAM_CLAN_WARS_ENTRY_VS,vs
dc80864526a0cea7,TID_WL_INFO_SIGNUP_TAB2_TEXT,"<cFCE27F>클랜전 리그 보상은 무엇인가요?</c>\n\n승리의 영광은 물론이고, 클랜전 리그에서만 받을 수 있는 특별 보상이 있습니다! 전투 주간에 별을 획득하면 리그 메달을 획득할 수 있습니다. 리그 등급이 높을수록 더 많은 리그 메달을 획득할 수 있습니다. 획득한 리그 메달은 상점에서 희귀한 마법 아이템이나 다른 특별 상품으로 교환할 수 있습니다.\n\n<cFCE27F>리그 메달을 획득할 다른 방법이 있나요?</c>\n\n클랜 대표는 리그에 참가한 누구에게나 실제로 공격하지 않았더라도 제한된 개수의 보너스 리그 메달을 줄 수 있습니다! 높은 리그일수록 더 많은 보너스를 받을 수 있으며, 승리할 때마다 추가로 받습니다!"
8bb4d4b72fe0baa8,TID_UPGRADE_TH_NOT_RECOMMENDED_TITLE,업그레이드하기 전에...
b03d88b44356f10b,TID_FB_TRACKING_TEXT,"Facebook 소셜 기능을 사용하려면 \q클래시 오브 클랜\q이 개인정보 데이터를 Facebook과 공유해야 합니다. Facebook은 홍보 및 추적 등의 자사 자체 목적으로 해당 데이터를 사용합니다.\n\nFacebook에 데이터를 공유하고 Facebook 소셜 기능을 사용하고자 한다면, 앱 추적 요청을 허용해 주세요.\n\nFacebook에 데이터를 공유하지 않고 \q클래시 오브 클랜\q에서 Facebook 소셜 기능을 제거하고자 한다면, 앱이 추적하지 않도록 설정하세요. 슈퍼셀의 개인정보 보호 친화적 소셜 플랫폼인 Supercell ID를 사용해보세요!"
37916dafd93b07fb,TID_RECOMMENDED_TARGET,추천 공격 대상
d522febc0919740c,TID_NPC_CHALLENGE_TH11_EDRAG_EDRAGS,남은 <c54a0fe>일렉트로 드래곤</c>을 일렬로 배치하세요.
2cb3c36a9157d127,TID_CHALLENGE_FRIEND_CONTENT,친구가 내 마을을 공격할 수 있도록 친선 전투를 신청하세요.
c850694d813d4f37,TID_BATTLE_LOG_TITLE,적이 마을을 공격했습니다!
8e0dea6dccbb56dd,TID_CLANGAMES_TASK_DESTROY_DARKELIXIRPUMPS,다크 엘릭서 배관공
88f70b086760e3e9,TID_MOVE_OBSTACLE_CONFIRM_TITLE,<obstacle> 옮기기
d48db622a00828b7,TID_TUTORIAL_MAGICITEMS_2,위험한 걸까요? 강력한 마법 때문에 빛이 납니다!
2bc4d119a7956dd9,TID_STARTER_TH3_DESTROYARCHERTOWER,아처 타워 섬멸
91397bb734a544d8,TID_ABOUT_TITLE,정보
cd237633097ec9b0,TID_DIAMOND_BUNDLE_TH7_INFO,• 보석 <gems>개\n• 영웅: 바바리안 킹\n• 숨겨진 뇌전탑 2레벨\n\n즉시 건설!\n\n이번 한 번뿐인 <cffec78><value>배 가치</c>의 구매 기회를 놓치지 마세요!
4f5ff12b4cc8c88f,TID_CLANGAMES_TASK_DESTROY_ARCHERTOWERS,아처 타워 파괴
3266edab533d410c,TID_DECO_GREAT_PYRE_INFO,여기에서 마시멜로를 구우며 위대한 전투에 대한 흥겨운 노래를 불러봅시다.
0765b2c0af23b561,TID_TENCENT_DOLPHIN_DOWNLOADING_77,更新校验差异文件
2ff8efb402ab8729,TID_PROFILE_LEGEND_PRESTIGE,전설 트로피
f5e61be3636b5d84,TID_FRIENDLY_WAR,친선전
60756282fd4b4f8a,TID_TENCENT_DOLPHIN_ERROR_2,网络超时，请在网络环境正常下重启游戏。
a0acaa6ab53f67fe,TID_PROFILE_LEGEND_RANK_INLINE,<value>위 기록
15a1d495045c4fc7,TID_PROFILE_BEST_TROHPIES,전체 최고 기록:
b7de50cacf95bc45,TID_ANTIADDICTION_ADULTHOOD_NOT_FULFILLED_15MIN_WARNING,미성년자 계정이므로 중독 근절 시스템에 의해 플레이가 제한됩니다. 오늘의 일일 플레이 시간이 <MINS>분 남았습니다.
3a85199723942c9f,TID_GOBLIN_WARDEN,고블린 워든
5542e026b373949e,TID_PET_RANGEDATTACKER_INFO_SHORT,하늘에서 감전 공격을 하며 영웅을 돕습니다.
39a0db5004b0a9b1,TID_OBSTACLE_FORTUNE_TREE,행운 나무
69340c469c74d5c2,TID_DECORATION_9YEAR_BIRTHDAY_STATUE_INFO,이건 봉화일까요? 9주년 기념 장식일까요? 아니면 바비큐 그릴? 아무도 모릅니다!
3a24cc6c75d119d0,TID_CLANGAMES_TASK_DESTROY_SPELL_TOWERS,마법 타워 파괴
776987c885cd54f6,TID_DECORATION_SUPER_TROOP_STATUE_INFO,슈퍼 유닛이 왔습니다!
f3c0fa39376981ba,TID_CLAN_GAMES_THEME_DONATEDESTRUCT,지원 & 지배\n클랜 게임
d532320074840932,TID_REGION_CUSTOM5,
009b71a40e1557a1,TID_CLAN_GAMES_GET_REWARDS_AFTER_END,보상은 클랜 게임이 종료되면 획득할 수 있습니다.
1e6d1d1d7298a742,TID_GAMES_GET_GEM_ALTERNATIVE_TEXT,마법 아이템 저장 공간이 부족해 해당 보상을 획득할 수 없습니다. 보석 <amount>개로 대체할까요?
d2c86f732dee62d0,TID_CAPITAL_GOLD_INFO,캐피탈 골드는 단조 작업소에서 얻거나 캐피탈 습격전에서 전리품으로 획득할 수 있습니다. 클랜 캐피탈의 업그레이드에 사용하세요.
96f491141f964d0a,TID_LAKE_CURVE,호수 곡선
8c895dc416153b22,TID_LEAGUE_LEGENDARY_SHORT,전설
e961cc9c9927205b,TID_WAR_RESULTS_INFO_FRIENDLYWAR_ADDITION,전쟁이 끝나면 보너스 전리품이 금고로 전달됩니다. 또한 전쟁에서 승리하면 대량의 클랜 XP 보너스를 받을 수 있습니다. 전쟁 종료 후 일정 시간 동안 전투 결과 및 전투 장면을 확인할 수 있습니다. 더 오래된 전쟁을 확인하려면 클랜의 전쟁 기록 메뉴를 살펴보세요!\n\n참고: 친선전에는 전리품이나 클랜 XP가 주어지지 않습니다.
1de3e5bbc1ac1ee0,TID_USE_CLOCKTOWER_POTION_TITLE,장인기지 가속
98c38279488b2867,TID_FACEBOOK_BOUND_TO_OTHER_ACCOUNT,이 Facebook 계정은 이미 다른 클래시 오브 클랜 게임과 연동되어 있습니다. 현재 게임과 연동할까요?
3fbdea060a92b082,TID_LEAGUE_I,I
b687c487570d2762,TID_LEAGUE_CHAMPION3_SHORT,챔피언 III
a932fa458df4e462,TID_HINT_STAR_BONUS,멀티플레이 전투에서 이겨 별 보너스를 매일 얻으세요.
da1a1b897dc11c17,TID_CAPITAL_UPGRADE_DEPRIORITIZE,우선시 취소
c4646b4171282174,TID_BATTLEPASS_TASK_WIN_STARS_USING_EARTHQUAKE,대지의 분노
a33db66386be7eed,TID_TUTORIAL_ACHIEVEMENTS,새로운 도전을 찾고 있다면 여기를 누르세요.
14a30ddd176e3d45,TID_STARS_COLLECTED,별: <number>개
e642f0f3823d8433,TID_AVATAR_MESSAGE_CLAN_WAR_COOLDOWN_WARNING,징계 조치의 일환으로 대장님의 클랜과 게임 계정은 당분간 클랜전에 참가할 수 없습니다.
2d21c3cb3f69299d,TID_DIAMOND_BUNDLE_MAGICITEMS_TROOP_BOOK_INFO,• 보석 <gems>개\n• 유닛의 책 x<booster1>\n• 보관량 제한이 없습니다!\n\n'유닛의 책'으로 유닛 업그레이드를 즉시 완료!\n\n놓치지 마세요!
b1992a6db6a32233,TID_PRESET_SAVE_OK,군대가 저장되었습니다!
f468ee3e61cc05ec,TID_CLANGAMES_TASK_DESTROY_BB_ARMYCAMP,집합소 대혼란
a70c4736d0d7e554,TID_TUTORIAL_RAID_WEEKEND_4,누구에게나 정해진 공격 횟수가 주어집니다. 구역에서 최초로 별 3개를 획득하면 보너스 공격 기회를 받게 됩니다.
94c36e4d20d18511,TID_BUTTON_BOOSTS,강화
6da664708930136b,TID_BP_BONUS_POINTS_TITLE,보너스 점수!
5286bac74358f880,TID_SEARCH_TAB,검색
db7d118bdb43cce2,TID_OBSTACLE_STONE,바위
9a5b9a82807efc69,TID_USE_TROOP_EVENT_ACHIEVEMENT_NAME,<unit> 사용
298e7aa53050e622,TID_INVISIBILITY_SPELL_INFO,반경 안의 장벽과 시즈 머신을 제외한 모든 것을 투명하게 만들어 공격받지 않게 만듭니다.
5fbacc28342a686b,TID_LEAGUE_COPPER5_SHORT,카퍼 V
6a229f55d2308444,TID_RAID_WEEKEND_CLAN_PROMOTION,<clan> 승급됨
b2dc489f0feb1c52,TID_SEASON_NAME,<year>년 <month> 시즌
0d26fa54bfc3651f,TID_DECORATION_CLOCKWORK_STATUE,태엽장치 조각상
5034676becff085f,TID_ALLIANCE_WAR_FAILED_ATTACKING_SAME_TARGET,이 대상을 이미 공격했습니다!
aaa7aadc55a4de18,TID_BUTTON_CLAN_WAR_MATCHED_START,도전
9bb8208b28530211,TID_SPELL_BATS,박쥐 마법
92aab12302a3fbbb,TID_ALLIANCE_TAB_NAME,클랜 검색
7cfb0d2345a09ce4,TID_LEAGUE_TITANIUM2,티타늄 리그 II
3baca0cb6f249c42,TID_GAMECENTER_BOUND_TO_OTHER_ACCOUNT,<number>레벨 마을회관을 보유한 <name> 님의 마을을 불러올까요? 경고: 현재 진행 중인 게임은 저장되지 않습니다.
df764afff7f7631f,TID_STARTER_WINGOLD,골드 약탈!
3b5988cd8dd2a838,TID_EVENT_TEXT_HALLOWEEN_GIANT_SKELETON,이벤트 동안 자이언트 해골을 사용해 적을 처치하고 보석 200개와 힘의 포션을 획득하세요!
e6f32adea885090c,TID_BOOSTER_FILL_GOLD_STORAGE_INFO,골드가 끊임없이 흘러나오는 이 마법 아이템으로 마을의 골드 저장소를 가득 채울 수 있습니다.
c5893a2594a8c3b3,TID_ACHIEVEMENT_DONATE_CAPITAL_TITLE,MVP 클랜원
8a3681b206d4e57a,TID_CAPITAL_TUTORIAL_3,드디어 오셨군요. 할 일이 산더미인데 시간은 별로 없어요. 서두릅시다!
d6d6641673e4c978,TID_TRAINING_TIME2,훈련 시간:
7af41f98cf18825b,TID_DAILY_TASK_2_TITLE,일일 장인 전투
210aff3cebae6dab,TID_NAME_ALREADY_CHANGED,이름은 한 번만 변경할 수 있습니다.
1e6aa913632d312c,TID_TUTORIAL_CLASHOWEEN_EVENT_C1,이 지루한 엘릭서 저장소 좀 보세요.
b60039b158c8f7f6,TID_FEATURE_SEASON_CHALLENGES,시즌 도전
501c0f2898d1e6d0,TID_SHIELD_POPUP_SHIELD_TITLE,보호막 적용 중
446e5ed2c9fec2f7,TID_ERROR_POP_UP_PERSONAL_BREAK_EXTENDED_TITLE,휴식 연장
3caf8b80d69f2444,TID_POPUP_CANCEL_GOBLIN_CLEAR,<item> 제거를 중단할까요? 고블린 장인에게 지불한 보석은 환불되지 않습니다.
ac980a5f7ea336dd,TID_NEXT_REPLAY,다음 리플레이
33794ac4e1786d5d,TID_BOOSTER_LAB_POTION_INFO,건강에 좋아 보이는 이 포션을 마신 연구소의 마법사들이 <time> 동안 <multiplier>배 빠르게 연구합니다. 마을에서만 사용할 수 있습니다.
419eb329c7e4966a,TID_NAME_CHANGED_SUCCESS,이름이 변경되었습니다!
e0739197a8e16fce,TID_UNIT_ABILITY_COOLDOWN_ACTIVE,유닛 능력을 다시 사용하려면 기다려야 합니다!
cdff011908acc425,TID_CLANGAMES_TASK_INFO_USE_ARCHERS,멀티플레이 전투에서\n아처 <num2>명을 사용해\n별 <num>개 획득
d42f3aca823d39a8,TID_NOT_ENOUGH_SPACE_IN_TREASURY,마을회관에 <booster> 보관을 위한 공간이 부족합니다.
c36b61a32238e552,TID_CLANGAMES_TASK_INFO_USE_HEADHUNTERS,멀티플레이 전투에서\n헤드헌터 <num2>명을 사용해\n별 <num>개 획득
81463a268daae1c1,TID_LEAGUE_BRASS2_SHORT,브래스 II
9be023601a853959,TID_POPUP_HEADER_ABOUT_TO_BOOST_VILLAGE,무료 가속!
d981f25878028414,TID_CLANGAMES_TASK_DESTROY_BB_HIDDENTESLA,숨겨진 뇌전탑을 찾아라
e7e83cc12929ed83,TID_GEAR_TYPE_POTION,포션
1e15bf6ef0dc27c6,TID_TUTORIAL_OUTPOST_INTRO_2,아. O.T.T.O가 누구냐고요?
89c173ec89cf01b7,TID_MAP_LOCATION_17,드래곤 호수
b45e2b6ac888b2f1,TID_BATTLEPASS_TASK_WIN_BATTLES_USING_BOXERGIANTS,자이언트 펀치
872d35fd43c59a8c,TID_CLAN_GAMES_REWARDS_IN_TREASURY,클랜 성에서 보상을 확인할 수 있습니다.
2d6b512ca4ffa5df,TID_TAB_SETTINGS,설정
f54d249e0fa5b98b,TID_BUILDING_OTTOS_OUTPOST,O.T.T.O의 전초기지
cbe8bdef6c5d5420,TID_CONFIRM_PARTIAL_TRAINING_TITLE,훈련 진행 확인
f3fdb6689e7b0ae1,TID_REGULAR_THEMED_BUILD_OFFER_INFO_TH0712_9999,• <res0> 골드\n• <res1> 엘릭서\n• 장벽 링 x<booster1> - 장벽이 즉시 업그레이드됩니다. 높은 레벨의 장벽엔 더 많이 필요합니다.\n• 건물의 책 x<booster2> - 건물 업그레이드가 즉시 완료됩니다.\n\n• 보관량 제한이 없습니다!\n• 해당 특가 상품은 표시된 기간 내에 1회만 구매할 수 있습니다.\n방어 시설을 더욱 견고히 업그레이드하세요!
a96a7d37d265f6e0,TID_STAR_BONUS_BOOST_INFO,멀티플레이 전투 승리로 받을 수 있는 별 보너스 보상이 <starbonus>배로 증가합니다!
ef6cf6bc88b93423,TID_LEGENDS_ESTIMATED_SEARCH_TIME,예상 시간: <time>
3e25fdc326e99ac7,TID_BP_ACTIVATE_SCID_CONFIRM,Supercell ID에 사용할 수 있는 골드 패스 <num>개가 있습니다. 이번 시즌의 골드 패스를 받을까요?
4f48e19e42c78fed,TID_BATTLEPASS_TASK_WIN_BATTLES_USING_BAT_INFO,멀티플레이 전투에서\n박쥐 마법을 사용해\n<num>회 승리
03e35d78350f5915,TID_DECORATION_UPARROW_FLAG,상향 깃발
c3d002b7060f8cdc,TID_FREEZE_PERCENT,감속: <number>%
17a94f4c29559f48,TID_REPORT_PROFILE_IMAGE_NOTIFICATION,프로필 사진이 신고되었습니다!
0cffbad2a3089ee5,TID_RAID_WEEKEND_ENEMY_DISTRICTS_DESTROYED,파괴된 적 구역:
2d7ae5764a9002e9,TID_PLUS_ONE_CLAN_STAR,전쟁 별 +1
73bb3ef77ac5a02b,TID_TROOP_HEAL,유닛 치유량: <number>
9f2c7e617bc79067,TID_BP_PERK_NEXT_AMOUNT,다음 업그레이드:
bd5621085e40844e,TID_REPAIR_HERO_TITLE,영웅 회복 확인
f5938495b3b74936,TID_AIR_BLASTER,바람 방출기
096c9fc669cd88d5,TID_ALLIANCE_WAR_PREPARED_HEADER_FRIENDLY,전쟁 준비를 완료한 클랜원:
811c76f6300b17e9,TID_CHARACTER_INFO_BOMBER_SHORT,폭탄을 좋아하고 장벽은 싫어하는 단순한 친구입니다.
f6fa1b60f2f3994e,TID_HINT_LABORATORY,연구소에서 유닛을 업그레이드하면 더욱 뛰어난 활약을 펼칩니다!
a6091a656b42ce9e,TID_GEAR_RESOURCE_GENERIC_INFO,마법의 광석을 대장간에 가져가 영웅의 장비를 업그레이드하세요!
3400594871407916,TID_EVENT_ARMY_BOOST,보석 1개 훈련 가속
992889d8d110263c,TID_TUTORIAL_WORKER_2,장인을 한 명 더 고용하면 두 가지 작업을 동시에 진행할 수 있습니다.
f688a9a3790ed573,TID_BUTTON_CLOCK_TOWER_BOOST,무료 가속!
6795f18b8ac528fa,TID_LEGEND_SIGN_UP_IN_PROGRESS,전설 리그 등록 진행 중
7e07417107b4b5d3,TID_BOOSTER_FREE_HERO_UPGRADE,영웅 해머
4351beabe0e28ba9,TID_PET_FROSTY,프로스티
f98a00b3c66d2e63,TID_STARTER_TH3_INFO_DESTROYARCHERTOWER,멀티플레이 전투에서\n아처 타워 <num>개 파괴
90682a10af9244a3,TID_BP_BANK_INFO,금고 자원은 시즌이 끝날 때 마을 저장소로 전달됩니다.
0eca47ee08aec861,TID_ACHIEVEMENT_ACCOUNT_BOUND_GAME_CENTER,Game Center\n연동
6054197a1820eb11,TID_ACHIEVEMENT_DESTROY_TOWNHALL,멀티플레이 전투에서 마을회관 <number>개 파괴
cd86df9e56c09692,TID_ATTACK_FAIL_SAME_ALLIANCE,클랜원은 공격할 수 없습니다!
1010445506b4243a,TID_POPUP_HEADER_WARNING,경고!
0e8726e61002a6b6,TID_LEGEND_SEASON_INFO_PRESTIGE,시즌이 새로 시작될 때마다 모든 전설 리그 플레이어의 트로피는 <value>개로 재설정됩니다. 나머지 트로피들은 전설 트로피로 등록됩니다!
969b4f90fc756e44,TID_CHAMPION_QUEEN,챔피언 퀸
9c996b1b432b46b8,TID_EVENT_TITLE_CLANWAR_FIRSTRUN,게임 시작!
ff16d55fb6996407,TID_CRAFTING_RESOURCE_LOCKED,<resource>: 제작에 사용하려면 <building> <level>레벨이 필요합니다.
2eb22274423d50f1,TID_CLANBADGE_LAYER_2,테두리
042f89e90db6a18f,TID_GEAR_HOG_TOTEM,호그 라이더 인형
8404f911cc8235cb,TID_INFO_POP_UP_IAP_NOTE_ANDROID,클래시 오브 클랜은 무료 게임이지만 인앱 구매를 통해 더 빠르게 진행할 수 있습니다. 이를 차단하려면 Google Play 스토어 앱 설정에서 암호를 걸어 보호해 주세요. 게임은 13세 이상부터 플레이할 수 있습니다.
7b504b7617d4c2c2,TID_SURRENDER_BUTTON,항복
a18e703f33414653,TID_CLANGAMES_TASK_DESTROY_BB_GIANTCANNON,자이언트 대포 파괴
6c54c029c60a7969,TID_WATCH_LIVE_REPLAY,실시간 보기
e92e5a5129c0bc1c,TID_CHARACTER_INFO_SUPER_GIANTS,"한 쌍의 슈퍼 자이언트는 정말 다재다능합니다. 늠름한 모습으로 방어 시설을 파괴하는 데 뛰어날 뿐더러, 필요한 경우 장벽을 부술 수도 있습니다!"
a9d37c87214f5b5f,TID_ALLIANCE_WAR_CANNOT_ATTACK,마을이 아직 준비 중입니다. 몇 분 후 다시 시도해주세요.
f5bb179367fc2cc8,TID_FAMILY_FRIENDLY_INFO,전 연령 클랜에서는 플레이어의 안전을 보장하기 위해 채팅에 더 강한 필터가 적용됩니다.
93684d2e80ef77e5,TID_BATTLEPASS_TASK_WIN_STARS_USING_FREEZE,어느 추운 날
7cf242af532a3674,TID_LINK_NEW_DEVICE_OLD_BUTTON,이전 기기
899fd2ca324f4493,TID_CAPBUILD_BLAST_BOW,파괴의 활
f12b96987754502c,TID_TUTORIAL_CLASHOWEEN_EVENT_A5,바로 오싹한 엘릭서 가마솥입니다!
bd816567239eece0,TID_SHOP_CATEGORY_COSMETICS,꾸미기
9fac5795ebbaa89c,TID_BUILDING_SCATTERSHOT_INFO,투석기는 엉성하게 묶인 바위 뭉치를 가장 가까이 있는 대상에게 던집니다. 충돌 시 바위 뭉치가 흩어지면서 대상 뒤쪽의 유닛에도 추가 피해를 줍니다.
b09acbbf144ae3c6,TID_CAPBUILD_BARRACKS_BALLOON,로켓 비행선 훈련소
66c3a7d13abe7e05,TID_ICE_PUP,아이스 펍
ffd198295d689f1e,TID_CHALLENGE_FAIL_RESTRICTED,도전을 시작할 수 없습니다.
790c59df22063b97,TID_CLAN_ADVANCED_SEARCH_RESULTS_NO_NAME,고급 옵션을 사용하여 검색 결과 표시
45f1f8d2db4816ef,TID_TUTORIAL_OWN_HOUSE_4,더 많은 캐피탈 골드를 기여할수록 더 많은 건물 꾸미기 옵션이 잠금 해제됩니다!
4cb3df2b5a452a30,TID_SPECIAL_OFFER_INFO_EASTER_LIMITED_1999,"• 장벽 링 x<booster1>\n• 다크 엘릭서 룬 x<booster2>\n• 장인 포션 x<booster3>\n\n• 보관량 제한이 없습니다!\n• 해당 특가 상품은 10번 구매할 수 있습니다!\n\n장벽을 업그레이드하고, 다크 엘릭서 저장소를 가득 채우고, 장인의 작업 속도를 올려보세요!"
e90f1360318e24e0,TID_WAIT_BEFORE_ARRANGING_WAR_AGAIN,<time> 후에 다른 도전을 보낼 수 있습니다.
feccf1e4fb063c52,TID_MORE_INSTAGRAM,인스타그램에서 클래시 오브 클랜을 만나세요!
fd25cf7205dd5513,TID_DIAMOND_BUNDLE_GOLD_DARK_ELIXIR_INFO,• 보석 <gems>개\n• <res0> 골드\n• <res1> 다크 엘릭서\n\n보관량 제한이 없습니다!\n\n이번 한 번뿐인 <cffec78><value>배 가치</c>의 구매 기회를 놓치지 마세요!
f3d23d18817a1e02,TID_WEAPON_TOWN_HALL_13,기가 인페르노
b6cb174ede2ab515,TID_BOOSTER_LAB_POTION_ALT_2_LINE,연구 포션
be00792602cfdfcc,TID_WL_NO_SIZE_CHOSEN,전쟁 규모를 선택해 주세요.
563519e47ce5d9f6,TID_ALLIANCE_CREATE_ARRANGED_WARS,친선전
59efe185a092b77d,TID_BATTLE_LOG_OFFENSE,공격 기록
cf0f155e6ea32f89,TID_ACHIEVEMENT_SPELL_DONATION_COMPLETED,지원한 마법량: <value>
a86cb83ca441c9dd,TID_TENCENT_DOLPHIN_TITLE,检查更新
c1a0f2e59e35c923,TID_REENGAGEMENT_INTRO_1,한 발짝도 다가오지 마!
cedb45821ee77c2b,TID_ACHIEVEMENT_TOWN_HALL_TITLE,클수록 좋아
7e7e10950e66d05f,TID_STARTER_WINUSINGARCHER_INFO,멀티플레이 전투에서\n아처 <num2>명을 사용해\n별 <num>개 획득
4efafc069fb07be2,TID_WAR_STATS_HEADER_COLLECT_STARS,획득한 별 <num>개
fa90df7ee911919c,TID_NOT_ENOUGH_WORKERS_TEXT_GEAR_UP,개조를 완료하고\n마스터 장인을 불러올까요?
dab63e87e74765dd,TID_BB_LEAGUE_ITEM_STAR_BONUS_REWARD,별 보너스 보상:
69f54cd3fa7c56a9,TID_EP_GET_SCREEN_TITLE,이벤트 패스를 획득하세요!
9a93b75ac9ab99b1,TID_DAILYLOGIN_BUTTON_CLAIMED,획득함
33eab1fa3d094864,TID_ADD_FRIENDS_INFO_REQUESTS,플레이어 프로필에서 클래시 친구로 등록하세요.\nGame Center와 Supercell ID 친구들은 로그인하면 자동으로 표시됩니다.
55bc713b61f289be,TID_CLAN_CASTLE_TROOPS_INSIDE,증원군:
bd89db09cd0b6e58,TID_CAPBUILD_MULTICANNON_INFO,여러 개의 포신을 가진 대포입니다!
f0aea382d3f16ece,TID_NPC_CHALLENGE_TH12_DRAGBAT_BALLOONS,남은 <c54a0fe>해골 비행선</c>을 배치하세요.
036b5458253fe518,TID_LANGUAGE_OTHER,기타
1f6873d89fec30b5,TID_NPC15,감시탑
5817106ff24098c1,TID_SUPER_TROOP_TRY_BUTTON,체험
90e682046c3519bf,TID_TOO_SHORT_ALLIANCE_NAME,클랜 이름이 너무 짧습니다!
00bbe924aaf82f3e,TID_CHALLENGE_TH13_HYBRID,반지의 재앙
14f85cae6ae2261e,TID_BATTLEPASS_TASK_WIN_BATTLES_USING_EARTHQUAKE,대지의 분노
4a462cf394e11655,TID_CLANGAMES_TASK_USE_GOBLINS,블링블링 고블린
eb365430a929b478,TID_LOCAL_NOTIFICATION_UPGRADE_READY,<item>: <level>레벨로 업그레이드 완료!
53ffdacafbba4fef,TID_LEAGUE_RUBY2,루비 리그 II
247f6532266d703a,TID_CLANGAMES_TASK_WIN_HOMEBATTLES3STARS,3별 사냥꾼
d3aed688419e9bef,TID_LOCAL_NOTIFICATION_BP_SEASON_ENDING_MAXED_POINTS,시즌이 끝나기 전에 시즌 도전 보상을 획득하세요.
7ce053ecf98e7230,TID_CHALLENGE_CLOSED,마을이 이미 공격받고 있습니다!
cf036635c9914fb1,TID_STARTER_TH3_INFO_TRAINLABORATORY,연구소에서 업그레이드 <num>회 연구
e8eb1dc9e4d74a8f,TID_TENCENT_DOLPHIN_ERROR_0,初始化错误
dc99578517957f96,TID_NO,아니요
df30670dc97f15d9,TID_CONFIRM_DEVICE_LINKING,연동 확인
98fc39b5bba14730,TID_CLANGAMES_TASK_DESTROY_ELIXIRPUMPS,엘릭서 정제소 전멸
2e86752a66ea166c,TID_SIEGE_CART,시즈 카트
9b3a3aced8ac0774,TID_ALLIANCE_GAMES_ABANDON_TASK,취소
27eb33ff0645c675,TID_EVENT_TIME_LEFT,남은 시간:
fa4a2076bd6a2145,TID_STARTER_TH3_INFO_BUILDLABORATORY,상점에서 연구소 구매
3e984c5283a7c942,TID_TUTORIAL_TH12_1,이제 마을회관이 반격합니다!
6dc8599d2eb52fb8,TID_CLAN_GAMES_XP,클랜 XP:
8a5495b5075df8fe,TID_BATTLEPASS_TASK_WIN_BATTLES_USING_ELECTROFIREWIZARD,만능 재주꾼의 승리
a3fa29ea9c76ac87,TID_LAYOUTS_EXPLANATION,
c23f214a244878a8,TID_TROOPS_USED,배치한 유닛:
a6dc0c60680bec64,TID_MAINTENANCE_ESTIMATED_UNKNOWN,잠시 후 다시 시도해주세요.
711ee3f9398b5093,TID_GEM_COMPENSATION_CLAN_GAMES,"안녕하세요, 대장님! 지난 클랜 게임에서 대장님의 보상이 손실된 것으로 확인되었습니다. 안타깝게도 사라진 자원 및 마법 아이템을 지급해 드릴 수 없지만, 대신 잠금 해제하신 보상 티어마다 보석 50개를 지급했습니다. 불편을 드려 죄송합니다. 건투를 빕니다!"
1ef71a474031346b,TID_NO_SHIELD,보호막 없음
3a59956d8ca84df1,TID_CAPITAL_FRIENDLT_ARMY_DATA_NOT_AVAILABLE,캐피탈 군대 데이터가 준비될 때까지 기다려 주세요.
70a7ab187c17e01a,TID_ACCOUNT_DELETED_DUE_INACTIVITY_TEXT,"해당 계정은 비활동으로 인해 비활성화되었으며, 더는 복구할 수 없습니다."
fe74240055d7ba02,TID_CLAIMABLE_GEAR_LOCKED,"이벤트, 상점, 거래상을 통해 획득할 수 있는 아이템입니다."
9c706ff7a8aae540,TID_NPC_CHALLENGE_JUMP_TO_CLOSED_COMPARTMENTS,<c85ff3b>이동 마법</c>을 사용해 장벽으로 막힌 공간으로 이동하세요!
d94b3ab2cc72000d,TID_NOT_UNLOCKED_YET,아직 잠금 해제되지 않음
98b7d4f2d203e708,TID_NPC_CHALLENGE_TH9_LAVALOON_CLEAN_UP,남은 유닛과 마법을 배치해 마을을 완파하세요!
3de2bb12764d2807,TID_ALLIANCE_WAR_ATTACKS_REMAINING,남은 공격
e8fef9e583e36ff8,TID_BP_BUILDER_SEASON_BANK_INCREASE,장인기지 금고의 용량이 다음과 같이 증가합니다.\n장인기지 골드: <builderGold>\n장인기지 엘릭서: <builderElixir>
d7f8ea854bbf5318,TID_DIAMOND_BUNDLE_MAGICITEMS_SPELL_BOOK_WITH_RESOURCES,마법의 책 팩
cfe3624f14cd204b,TID_DIAMOND_BUNDLE_TH11_INFO,• 보석 <gems>개\n• 그랜드 워든 영웅\n• 독수리 포탑 1레벨\n\n즉시 건설할 수 있습니다!\n\n이번 한 번뿐인 <cffec78><value>배 가치</c>의 구매 기회를 놓치지 마세요!
60a02ca1bf6f8416,TID_LEGENDS_DEFENCE_CC_BUTTON,선택
8020591373afcbfa,TID_DUPLICATE_SPELL_INFO,"이 마법은 즉각적으로 군대를 소환합니다!\n\n복제 마법은 마법진을 만들어 그 안에 들어가는 유닛을 복제해 줍니다. 복제된 유닛은 일정 시간이 지나면 사라지며, 복제 가능한 최대 인구수까지만 병력을 복제할 수 있습니다."
397937ba629d6699,TID_LEAGUE_CRYSTAL1_SHORT,크리스털 I
c2771b16d2012e48,TID_EQUIP_TITLE_PET,펫
40d99913d9266c47,TID_WL_WAR_TITLE,전쟁 <x>
f518b8ee3b710a3d,TID_BP_CAP_HOUSING_UNLOCKED,<housingpart> 잠금 해제!
7cdff41abfd23b0e,TID_NOTHING_TO_PASTE,붙여넣을 내용 없음
39fa31fdf2fb4867,TID_SHARE_DIALOG_COPY_ALERT_BUTTON,확인
0d21674d299ce3c9,TID_CLANGAMES_TASK_INFO_USE_MEGAPEKKA_OLD,
71097ee93cd6dd2d,TID_GEAR_INFO_EARTHQUAKE_BOOTS,벽을 부수고 건물에 피해를 주는 강력한 지진을 일으킵니다
c7619e6844921d04,TID_ALLIANCE_DONATE_DONATED_TROOPS,병력 지원:
d21436c975789d21,TID_NEWS_RABBIT_TEXT,마법사의 교묘한 능력은 불덩어리뿐만이 아닙니다. 그의 다른 능력도 만나 보세요.
2f8f8f060649e7c7,TID_ARCHER_TOWER_INFO,아처 타워는 대포보다 사정거리가 더 길고 공중 유닛도 공격할 수 있습니다.
ea075a158070fb4d,TID_CLANGAMES_TASK_USE_SNEAKY_GOBLINS,은밀한 속임수
0b0a2ad36401c390,TID_PET_DIGGY,디기
0f8e2746d997ad75,TID_STAR3,완벽합니다!
7bd889291ac4c157,TID_UPGRADE_FINISH_NOW,즉시 업그레이드:
fed26cc9295248d6,TID_BOOSTER_MAX_LEVEL_ARMY_ALT_2_LINE,힘의 포션
cdfe7a63a4fd72a9,TID_FIND_NEW_MATCH,새로운 상대 찾기
e63945abb47cfda8,TID_SETTINGS_FACEBOOK,Facebook
3e49ad015cb701ee,TID_SAVAGE_KING,야만 킹
ecd250da9f7ab7a4,TID_SETTINGS_SCREEN_TITLE,설정
bf8ea2dd3b1370fc,TID_OBSTACLE_SMALL_TREE,작은 나무
5a6d9cba40674aea,TID_STREAM_BUTTON_ATTACK,공격
3dfccd1e1ef84267,TID_SHOP_CATEGORY_PRIZES,리그 상점
45dc88dff89d6d10,TID_MAKE_SCENERY,Supercell Make 배경\n\n콘셉트:\n<cff8000><CREDIT></c>
a9bd4c0aa5660ddd,TID_ALLIANCE_SCORE_LIMIT_NONE,0
7bbeeafeaf0085e9,TID_TITLE_SELF_DONATE_TROOPS,지원군 추가
b5e4773527d6dfab,TID_COME_BACK_NOTIFICATION_SMALL,"돌아오세요, 대장! 부대원들이 대장을 기다리고 있습니다."
ecb05e21dbbc55b0,TID_RESOURCE_IN_TREASURY,금고 보관:
bed925c7e92a85c0,TID_DEFEAT,패배
119f8711cdfde485,TID_BOOSTER_FILL_GOLD_STORAGE,골드 룬
aea8db7fd160dbb2,TID_DECO_DUCK_POND,오리 연못
bbc818794d1f9e80,TID_BUTTON_ATTACK_MODE_NORMAL,일반
0fb624fa65d3fb20,TID_CHAT_LANGUAGE,채팅 언어
f3ae2053abd50948,TID_REINFORCEMENTS_ARRIVING,지원군 도착까지:
3cd5c888e84d90c9,TID_DIAMOND_BUNDLE_MAGICITEMS_EVERYTHING_BOOK,궁극의 책 팩
a1b1912530aec433,TID_REENGAGEMENT_APOLOGY_5,"고블린으로 오해해 죄송합니다, 대장님."
86ddbc8753851a44,TID_NPC18,쾌활한 성곽
d22e46f47c77e06f,TID_SPEED_UP_TROOP_REQUEST_TEXT,대기 시간을 건너뛰고 지원군을 지금 요청할까요?
05d0aeaf5b9a1f06,TID_WORKER2_INFO,마스터 장인 없이는 아무것도 건설할 수 없습니다! 초록색 보석을 사용하면 작업 시간을 단축할 수 있습니다.
68dc25a439e201f7,TID_HINT_SHIELD_LOSE,보호막이 적용된 채로 다른 플레이어를 공격하면 보호막 지속 시간이 감소합니다.
ecd98af682410cf1,TID_LAYOUT_EDITOR_UNAVAILABLE,<time> 동안 배치 편집기를 이용할 수 없습니다
7b2a12b4e95a5072,TID_BUILDING_LAVA_LAUNCHER,용암 발사기
9fd46f7f7fef2af3,TID_BUTTON_FBPAGE,최신 업데이트
f4b6363858ae58d8,TID_PROJECTILE_DAMAGE,발사체 피해량: <number>
92d7912d8a4753fd,TID_TRAP_EJECTOR,점핑 트랩
effdcc6e223d9ffa,TID_CLANPERK_DESC_LOCKED_VALUE,클랜 <num>레벨에서 잠금 해제
ba2e6bd801522ceb,TID_TRAINING_SCREEN_SPELLS,마법 제작소
a150b563a81cbb1d,TID_COPY_LAYOUT_FAILED_DISTRICT_MISSING,이 배치에 해당하는 구역을 아직 잠금 해제하지 않았습니다.
7843745254d10098,TID_AVATAR_MESSAGE_BUTTON_MORE_INFO,추가 정보
9e3060168d5fbf9e,TID_OBSTACLE_ROOT_LARGE,큰 뿌리
c2cabf649416dace,TID_ALLIANCE_WAR_STAT_NUM_2STARS,별 2개
92566c1c7d5385bd,TID_CLANGAMES_TASK_INFO_DESTROY_BB_DOUBLECANNON,장인 전투에서 <building> <num>개 파괴
d98d870c17b9837b,TID_POPUP_UPGRADE_WALL_SECTION_TITLE,장벽 업그레이드
a3598201bf4f3fd1,TID_CLAN_WAR_FREQ_LESS_THAN_ONCE_WEEKLY,거의 안 함
45ab2e2d46aee902,TID_DIAMOND_BUNDLE_TH10_ALT_REVISED_INFO,• 건물의 책 x<booster1>\n• 영웅의 책 x<booster2>\n• <res0> 골드\n• <res1> 엘릭서\n\n보관량 제한이 없습니다!\n\n이번 한 번뿐인 <cffec78><value>배 가치</c>의 구매 기회를 놓치지 마세요!
defbddbd7c305c43,TID_NPC54,해골 천국
2dc586715513c2a9,TID_HERO_INSTRUCTIONS_ROYAL_CHAMPION,"벽을 넘어 적들을 향해! 로얄 챔피언이 무서워하는 것은 4가지뿐입니다. 그리고 적은 이 중에 포함되어 있지 않죠. 짧은 사정거리에서 창으로 공격하며, 추적 방패 능력을 잠금 해제하면 방패를 던져 방어 시설을 무너뜨릴 수 있습니다!"
b1f807136ef42750,TID_PRIORITIZE_UPGRADE_NOT_IN_ALLIANCE,소속된 클랜이 없습니다
77a1a3fd664aa774,TID_BOOST_SIEGE_WORKSHOP_POPUP_TITLE,시즈 머신 제작 가속!
b9740ffb093b5665,TID_TUTORIAL_SEASON_CHALLENGE_7,골드 패스로 더 많은 보상과 골드 패스 특전 혜택을 받으세요!
864b51449b0e2e4f,TID_DARKAGES_WARDEN,암흑시대 워든
13b42c88ca1482c7,TID_ALLIANCE_WAR_EVENT_50PERCENT_DESTROYED,50% 파괴됐습니다!
e8a09f2aacc2cf84,TID_CHARACTER_INFO_WIZARD,전장의 마법사란 매우 무서운 존재입니다. 동료들과 함께 배치하면 지상과 공중을 가리지 않고 마법을 날려 집중포화가 무엇인지 보여줍니다.
0568caae5cf60545,TID_BOOSTER_FREE_BUILDING_UPGRADE_INFO,이 마법의 망치를 휘두르면 건물을 다음 레벨로 즉시 업그레이드할 수 있습니다. 일해 줄 장인이 필요합니다. 마을과 장인기지에서 사용할 수 있습니다!
71039b0f6673503d,TID_LEAGUE_STONE2,스톤 리그 II
51712aa5e404b201,TID_FINDING_RAID,습격전 찾기
99c33d825d5b463b,TID_ACHIEVEMENT_LEAGUE_PROGRESS_3,챔피언 달성!
f54e03c0271c7a9a,TID_SPELL_RADIUS,범위: <number>타일
41ec7fa61276bc0c,TID_ALLIANCE_WAR_REPLAY_PERSONAL_DEFENSE,리플레이
8824caf0f344b398,TID_BATTLEPASS_TASK_INFO_WIN_BATTLES_USING_CANNONCARTS,<num>회의 장인 전투에서 대포 카트 <num2>대를 사용해 별 획득
573afd82403f0757,TID_CLANGAMES_TASK_INFO_USE_SIEGERAMS,멀티플레이 전투에서\n파괴 전차 <num2>대를 사용해\n별 <num>개 획득
3bb37af4c21d97ee,TID_WAR_CANNOT_EXCLUDE_MAX_REACHED,더 이상 전쟁에서 클랜원을 제외할 수 없습니다!
cacd70933f64ed03,TID_CLASHOWEEN_BUILDING_INFO,"평소와 다른 행동을 보이는 장인이 만들어낸 기묘한 작품으로, 일반 엘릭서 저장소를 오싹한 엘릭서 저장소로 바꿔줍니다. 부디 일시적인 현상이어야 할 텐데요..."
7802b743562b5522,TID_DARK_ELIXIR_BARRACK,암흑 병사 훈련소
68ec37ef9df602e4,TID_REGULAR_THEMED_PREPARE_OFFER_INFO_TH0206_1999,"• <res0> 엘릭서\n• 훈련 포션 x<booster1> - 1시간 동안 유닛 훈련, 마법 제조, 영웅 회복 및 작업장 속도가 매우 빨라집니다.\n• 힘의 포션 x<booster2> - 1시간 동안 유닛 및 마법 레벨이 현재 마을회관에서 허용하는 최대 레벨로 증가합니다.\n• 자원 포션 x<booster3> - 1일 동안 자원 생산이 매우 빨라집니다.\n\n• 보관량 제한이 없습니다!\n• 해당 특가 상품은 표시된 기간 내에 3회 구매할 수 있습니다.\n• 영웅과 유닛을 업그레이드하고 더 강력한 마법을 사용해보세요!"
b2c6c20e7203035a,TID_OFFER_SEASON_CHALLENGES_TEXT_1,신규 영웅 스킨!
399a3c400c531684,TID_INFO_HEAL_TYPE,치유 유형:
9be8cb96255bc80c,TID_BP_TAB_BANKS,금고
f3d8390d789ea27d,TID_NPC_CHALLENGE_TH12_YETI_CLEANUP,"남은 <c54a0fe>마법사</c>, <cf07bf8>신속 마법</c>, <c38eaff>얼음 마법</c>을 사용해 공격을 마무리하세요."
1af2a3509e9dd020,TID_BATTLEPASS_TASK_INFO_WIN_BATTLES_USING_ELECTRO_TITAN,멀티플레이 전투에서 일렉트로 타이탄을 사용해 <num>회 승리
654842266033a781,TID_GEAR_INFO_ROYAL_CLOAK,퀸을 투명화하고 공격력을 강화합니다
c98aaa3be51f2c06,TID_CLANGAMES_TASK_WIN_STARS_USING_EARTHQUAKE_INFO,멀티플레이 전투에서\n지진 마법을 <num2>번 사용해\n<num>회 승리
1375c022fc77700c,TID_JOIN_NOW_BUTTON,지금 가입
8a3dfecd634d2b33,TID_DIAMOND_BUNDLE_MAGICITEMS_TROOP_BOOK,유닛의 책 팩
2405cb3fa5f9b7a3,TID_STARTER_TH2_INFO_UPGRADEGOLDSTORAGE,골드 저장소 <num2>레벨로 업그레이드
cfd7a0a34a47339b,TID_BB_STAR_BONUS_POPUP_TEXT,별 보너스 획득:
4fb3be3ae0b76644,TID_CLANGAMES_TASK_INFO_DESTROY_BB_BUILDERBARRACKS,장인 전투에서 <building> <num>개 파괴
0fca16cb93299734,TID_DIAMOND_BUNDLE_TH8_REVISED_INFO,• 유닛의 책 x<booster1>\n• 마법의 책 x<booster2>\n• <res0> 엘릭서\n\n보관량 제한이 없습니다!\n\n이번 한 번뿐인 <cffec78><value>배 가치</c>의 구매 기회를 놓치지 마세요!
ae5e89d6847693ab,TID_SETTINGS_GENERAL,일반
f925eed900200a9f,TID_POWER_BOOST,파워 부스터
bba0cbce2c6b0ca3,TID_TOTAL_CAPACITY_AFTER_TRAIN,훈련 후 수용 유닛:
9fa2cbb3c42d34ce,TID_WL_RESULT_PROMOTED,내 클랜 리그 상승:
bd93ae0a30b448d6,TID_LEAGUE_WOOD3,우드 리그 III
9b8ffc6f298fff7a,TID_BOOSTER_FINISH_SPELL_UPGRADE,마법의 책
37fb398460915cc4,TID_WARS_WON,승전:
060962fed2283dfa,TID_GOBLIN_KING,고블린 킹
0c4296f1c868368f,TID_ADVANCED_TRAP_INFO_SHORT,병력이 가까이 오기만을 기다리는 폭탄입니다.
7d22aea0661348c9,TID_STAGE_BUILD_LIMIT_REACHED_DEFENSE,스테이지 <stage>에서 방어 시설을 <number>개 넘게 지을 수 없습니다!
eb7f465031d209d1,TID_BATTLEPASS_TASK_INFO_USE_LAVAHOUNDS,멀티플레이 전투에서\n라바 하운드를 사용해\n별 <num>개 획득
9ba122dff5c745b0,TID_EVENT_TEXT_XMAS-MAGICITEM,마법 아이템 특가 상품
446eb631ca53aaf9,TID_ATTACK_LOCKED,이 기능을 사용하려면 마을회관을 2레벨로 업그레이드하세요!
37ddda022ac3228b,TID_BP_PERK_MAXIMUM_QUICK_DONATE,보석 1개 지원 적용!
213cf6bad0dda2f1,TID_PTE_PERK_RESEARCH_BOOST_DESC,"연구소에서 유닛, 마법, 펫, 시즈 머신을 업그레이드하는 데 필요한 자원 및 시간이 <num>% 감소합니다."
ec36e54eb9204626,TID_LAYOUTS_DEFENSIVE_LAYOUT,방어 진영
4d8f3b0b8c7f3133,TID_POPUP_GOBLIN_RESEARCHER_DISCLAIMER,고블린 장인이 연구하는 데에도 자원과 시간이 소요됩니다.
7849a3da26e47b24,TID_PER_WEEKEND,매 주말
41108faf067d0507,TID_BIRTHDAY_SPELL,생일 축하탄
8560fe03b686edd9,TID_REENGAGEMENT_BUILDER_3,장인이 이후 계획에 대한 제안서도 작성해놨습니다.
553513a6a86fbfd2,TID_BUTTON_CHANGE_VILLAGE,이동
47f515de196894c3,TID_BATTLEPASS_TASK_WIN_BATTLES_USING_BOWLERS,스트라이크 타임!
b8df6f03ccf92026,TID_REENGAGEMENT_APOLOGY_2,어... 고블린이 아니야?
722bc80a8d2331c4,TID_REPAIR_CLAN_CASTLE,클랜 기능 활성화
6e28efe3125a6378,TID_TUTORIAL_DEFEND_4,마을 지하에는 지맥이 흐르고 있습니다. 마법의 힘으로 건물들이 자동으로 수리되죠!
1642acebf3c4e225,TID_ACCEPT_FRIEND_ERROR_GENERIC,"친구를 추가하지 못했습니다, 다시 시도해 주십시오"
e0aacafa2f711d67,TID_SUPER_WIZARDS,슈퍼 마법사
e019c6269b8aba55,TID_DECORATION_GOLDEN_GOBLIN_INFO,"황금은 부서져도 눈에 부시니, 고블린은 황혼기에도 황홀해지네!"
646f9ec2af4642b2,TID_COSMETIC_ESTATE_2X2_SMALL_CABIN,작은 오두막
58a49318432bfa14,TID_ABILITY,특수 능력
dad39410db0efe89,TID_BUILD_TIME_INSTANT,없음
a0d435572648945f,TID_SPEEDUP_INFO_SHORT,한 방울만 뿌려주면 가장 느린 유닛도 날렵하게 해줍니다.
ee512cc15fe2c634,TID_BATTLEPASS_TASK_WIN_BATTLES_USING_BAT,박쥐의 계절
86638220c24ed34d,TID_SKELETON,해골
7e2bb6dae5db306c,TID_CAPITAL_RAID_PERSONAL_BREAK,개인 휴식
449bdbe8f2ebf855,TID_TOP_HUD_FRIENDLY_BATTLE,친선 전투
f657b795ffe8ec6a,TID_ARTO_BUILDING,O.T.T.O의 집
75fae6e9e6f34012,TID_NOTIFICATION_ARMY,군대
aba3951cfdc19f81,TID_WL_SELECT_BONUS,선택
54ff2932c21e8409,TID_GOBLIN_SPEAKS_1,끄아악! 아직 안 끝났어!
fa5da4d8bc32a7b4,TID_DIAMOND_BUNDLE_MAGICITEMS_BUILDING_BOOK_WITH_BUILDER_POTION_AND_GOLD_INFO,• <res0> 골드\n• 건물의 책 x<booster1>\n• 장인 포션 x<booster2>\n• 보관량 제한이 없습니다!\n\n마을회관과 방어 시설 업그레이드에 필요한 모든 것!
cee179fa2cb8dc58,TID_FEATURE_CLAN_WARS_DESC,클랜원들과 협력하여 라이벌을 무찌르고 클랜의 위상을 떨치세요. 클래시 오브 클랜의 진수를 맛보세요.
62e4c839ea834232,TID_ACHIEVEMENT_PEKKA_SLAYER,캠페인 지도에서 M.O.M.M.A 제패
498bcb1c22b182aa,TID_CAPBUILD_BARRACKS_SUPER_MINER,능력자 광부 훈련소
70c2f83fdb40c42a,TID_HOG_RAIDERS,호그 습격단
b2abe56ac272bae9,TID_CLAN_GAMES_THEME_CNY_2018,설날\n클랜 게임
e6c93bc4587fea61,TID_COMPLETION_BONUS_INFO2,모든 보상 수집 완료!
1d31659467433890,TID_CHARACTER_INFO_HOG_GLIDER_SHORT,"새처럼 자유롭고, 호그처럼 행복해요."
93d33d6e0f34e56a,TID_NEWS_TH11_UPDATE_SPELLS_TEXT,"• 클랜 성 4레벨부터 병력뿐 아니라 마법 지원도 요청할 수 있습니다.\n• 지원된 마법은 기존 클랜 보너스 혜택을 모두 받습니다.\n• 얼음 마법은 이제 마을회관 9레벨에 잠금 해제되며, 낮은 레벨의 지속 시간이 조금 늘어났습니다."
8e98ac06aadade9a,TID_DIAMOND_BUNDLE_TH5_REVISED_INFO,• 건물의 책 x<booster1>\n• <res0> 골드\n• <res1> 엘릭서\n\n보관량 제한이 없습니다!\n\n이번 한 번뿐인 <cffec78><value>배 가치</c>의 구매 기회를 놓치지 마세요!
89c47d5794201bde,TID_NOT_ENOUGH_BOOSTER_SPACE,공간이 부족합니다! 이미 보유한 마법 아이템을 사용하거나 판매해 저장 공간을 마련하세요!
b5e03746464bcead,TID_ARROW_TRAP_INFO,땅 속에서 잠잠히 기다리다 적 무리가 다가오면 뾰족한 창으로 치명적인 피해를 입힙니다.
e9aa5e2a235b0cea,TID_LINK_DEVICES_ENTER_CODE_TEXT2,연동 코드를 입력하세요.
f8c4f33c7dedcd4f,TID_CAPBUILD_GOBLIN_OUTPOST,고블린 전초기지
0089f5e62d6f2ebc,TID_LEGENDS_UPCOMING_SHIELD_ACTIVE,다음 리그일에 보호막이 적용됩니다. 리그일 변경 전에 보호막을 제거하면 공격에 참여할 수 있습니다.
160736aa0e118f76,TID_CHALLENGE_TH9_WITCH,마녀의 전략
e058fa07763a510a,TID_TENCENT_LOGIN_PROMPT_UNBLOCKED_NONE,중독 방지법에 따라 게스트 계정으로 로그인한 경우 실명 인증 절차를 완료할 수 없으며 15일마다 1시간으로 플레이 시간이 제한됩니다.\n\n게임의 모든 기능을 이용하기 위해 QQ 또는 WeChat 계정으로 로그인하여 실명 인증 절차를 완료하시길 권장합니다.
92b7f0a2376a0e30,TID_COMPLETION_REWARD,완료 보상
9429dfbd3fbd6772,TID_LEAGUE_WAR_SIZE,리그 전쟁 규모: <num> vs <num>
d8e6fe588c23f4ff,TID_CHARACTER_INFO_HOG_WIZARD,마법사의 불같은 성질과 호그 라이더의 거침없는 기동력이 합쳐진 이 듀오가 달려오는 소리만으로도 상대는 겁에 질릴 것입니다!
2782f913fe02b5e7,TID_WAR_DURATION,전투:
796363d8e202ca6d,TID_MAP_LOCATION_2,금지된 숲
29730e271e9fcd41,TID_TRAP_EJECTOR_INFO_SHORT,마을 사람들이 가장 귀찮아 하는 일은 트랩의 스프링을 되감는 뒷정리입니다.
c251a1f62ecb4bcf,TID_EVENT_PASS_PURCHASE_TEXT,이벤트 패스를 구매해 더 많은 보상을 받으세요!
a3a19063ed5c6f65,TID_NATIVE_DIALOG_TENCENT_ACCOUNT_CONFLICT_NO_BUTTON,"아니요, 기기에 저장된 계정을 사용합니다."
e5da7cd728c14c7c,TID_HINT_OBSTACLES,바위나 나무 기둥 같은 장애물을 제거하면 보석을 획득할 수도 있습니다.
a2d26c6ca6edfab8,TID_TRAP_SHRINK,축소 함정
92066c6e7a48ca9d,TID_HINT_GOBLIN_TARGET,고블린은 골드와 엘릭서를 좋아하기 때문에 주로 자원 시설을 노립니다.
8c947a0b081e744a,TID_PLAYER_SEARCH_INTERNAL_ERROR,플레이어를 찾지 못했습니다. 나중에 다시 시도해 주세요.
e4c26c138fb2cdd6,TID_ALLIANCE_SNEAK_PREVIEW,클랜 성을 재건해서 클랜 기능을 잠금 해제하세요!\n\n클랜원들은 서로 돕고 병력과 마법을 지원합니다.
04cc82fca51dba10,TID_CHAT_JUST_DISABLED,다른 플레이어들이 대장님의 부적절한 채팅 내용을 신고했습니다. 이에 따라 <time> 동안 채팅 사용이 불가능합니다.
6b58b932cf17efbf,TID_DIAMOND_FOUND,<name>에서 보석을 발견했습니다!
9199d531ee7c9f35,TID_CLANPERK_DESC_BADGE_LEVEL,클랜 배지 테두리 잠금 해제: <value>
0115f6ea2ae2523b,TID_POPUP_GOBLIN_RESEARCHER_HEADER,대장님!
b677bfb7fbc26544,TID_CLAN_WIN_STREAK,연속 승리 수:
8f113e1705bb1b59,TID_CAPITAL_HALL_LEVEL_STAT,캐피탈회관 레벨
155cb44fedc0f944,TID_NPC60,전면 공격
8a22eef69df48047,TID_CLANGAMES_TASK_INFO_DESTROY_MV_WALLS,멀티플레이 전투에서\n장벽 <num>개 파괴
bf9c33cc6911cd59,TID_DECO_COZY_CLAM_INFO,안락한 조개는 폴더블 기기에서 게임을 하는 동안 숨겨진 보물을 꿈꾸며 휴식을 취하기에 완벽한 장소입니다!
c2a0a3651b3bb247,TID_NEWS_RABBIT_TITLE,마법?
c761e540a4e00246,TID_BATTLE_LOG_ITEM,<name> 님이 <time> 전에 마을을 공격했습니다.
b4b8c31c16579f05,TID_EVENT_BOOST_BARRACKS,크리스마스 특별 행사: 모든 훈련소과 엘릭서 정제소를 각각 보석 한 개만으로 강화하세요! 이벤트는 1월 7일까지 계속됩니다.
f3fb96c6b6016dbb,TID_UNIT_STORAGE_CAPACITY_ALL,총 수용 유닛: <number>
6b22f8ced53d31a1,TID_WL_COLUMN_ATTACKS,공격
4a1a461ec72eb995,TID_FEATURE_CLANS_DESC,"클랜에 가입하여 동료 플레이어와 채팅하고, 병력 지원을 비롯한 다양한 혜택을 누리세요!"
325b0647d9645eaf,TID_EVENT_CHRISTMAS_SPELL,클래시 크리스마스 스페셜: 산타의 선물
b244f4dd9798a8d1,TID_TENCENT_LOGIN_PROMPT_UNBLOCKED_QQ,중독 방지법에 따라 게스트 계정으로 로그인한 경우 실명 인증 절차를 완료할 수 없으며 15일마다 1시간으로 플레이 시간이 제한됩니다.\n\n게임 계정이 이미 QQ와 연동되었습니다. 게임의 모든 기능을 이용하기 위해 QQ 계정으로 다시 로그인하여 실명 인증 절차를 완료하시길 권장합니다.
e0360d94aebf1d74,TID_TAB_RESULTS,전쟁 결과
f412dd058c99dfd0,TID_LEVEL_UP,레벨업!
dc8464884c4adb1d,TID_ABOUT,Credits\n\n<names>\n\nClash of Clans ™ <version>\nCopyright 2012-2023 Supercell Ltd. All Rights Reserved.\n미국 특허 출원 중\n이 소프트웨어 사용에 관한 모든 내용에는 이용 약관 및 개인정보 처리방침(www.supercell.com)이 적용됩니다.
e2332b27098e48fa,TID_BATTLEPASS_TASK_WIN_BATTLES_USING_DROPSHIPS,해골의 계획
148795e218efb9bc,TID_BATTLEPASS_TASK_WIN_STARS_USING_POISON,독독히 보여줄게
a588f7af9f1818c2,TID_BATTLEPASS_TASK_UPGRADE_HOME_WALL,마을 장벽 강화
ba0c3e498be98f96,TID_BOOSTER_FINISH_ANY_UPGRADE_INFO,마법의 힘이 가득한 이 책을 사용하면 진행 중인 어떤 업그레이드도 즉시 완료됩니다. 마을과 장인기지에서 사용할 수 있습니다!
e30b44467b4d0873,TID_BATTLEPASS_TASK_INFO_WIN_BATTLES_USING_RAGEDBARBARIANS,<num>회의 장인 전투에서 분노한 바바리안 <num2>명을 사용해 별 획득
40289e5f46a776db,TID_MORE_FORUMS,클래시 오브 클랜 커뮤니티에 가입하세요!
c4b8fa02a2677816,TID_BUTTON_FIND_NOW,지금 찾기!
9791329741657ef6,TID_HASTE_INFO_SHORT,아군 유닛을 분노시켜 더 빠르고 강력하게 만듭니다!
022354022e6e9c5d,TID_TRAIN_SPELLS_QUEUE_SIZE,마법 제조: <num>/<max>
d0bd23630f8cfaf1,TID_CLANGAMES_TASK_DESTROY_BB_ROASTER,로스터 파괴
9ef2a4382868a920,TID_COPY_ARMY_CANNOT_TRAIN,해당 군대를 훈련할 수 없습니다.
a3880d7016520133,TID_BOOSTER_HERO_POTION_ENABLED,영웅 강화됨
df7bdcdd25227f29,TID_CHARACTER_ELITE_GIANT,슈퍼 자이언트
5f20c27b8e933e30,TID_STREAM_EVENT_CANCELLED_WAR_LEAGUE,클랜전 리그 검색을 취소했습니다.
8fb46fba263401ce,TID_EVENT_CONFIRM_TIER_UNLOCK,다음 보상까지 필요한 <soft_currency> <num>개를 구매할까요?
1c70c92be0440096,TID_FEEDBACK_BUTTON5,마을 복구 문의
187b544dce5d89ff,TID_LEGENDS_MATCHMAKING_ONGOING,상대 찾는 중!
ff197119fd9fbdc2,TID_SUPER_WITCH_ABILITY_NAME,빅 보이
0de9acce94dd9e2e,TID_BATTLEPASS_TASK_WIN_BATTLES_USING_RECALL_INFO,멀티플레이 전투에서 복귀 마법을 사용해 <num>회 승리
9809a6a0c2a24971,TID_PLAYER_REPORTED_SUCCESSFULLY,플레이어 신고 완료!
1a60aebfa311d93f,TID_TUTORIAL_REINFORCEMENT_CAMP_INTRO_1,문득 이런 생각이 들었어요. 두 스테이지가 있는 플레이어를 공격하려면 쉽지 않겠구나 싶었죠.
911257de87e74d30,TID_CAPBUILD_REFLECTOR_INFO,방패의 회전 장치가 공격을 반사할 거라고 누가 생각이나 했겠어요? 하지만 반사기는 그걸 해냅니다.
65d754dcc2f93b73,TID_COME_BACK_NOTIFICATION_MEDIUM,마을에는 대장이 필요합니다. 어서 돌아오세요!
e729b56773b34d3d,TID_ALLIANCE_WAR_LOOT_CONFIRMATION,금고에 있는 모든 자원을 저장소로 옮기시겠습니까?
e57cb3339b65c8ee,TID_NPC_CHALLENGE_TH7_HOG_BARBARIAN_KING,적 바바리안 킹이 <c54a0fe>호그 라이더</c>를 처치하기 전에 <c9916c8>바바리안 킹</c>을 배치해 먼저 처치하세요!
5d39c95afd03d24a,TID_ACHIEVEMENT_DESTROY_WEAPONISED_BUILDERS,멀티플레이 전투에서 무기가 장착된 장인의 집 <number>개 파괴
147a0455497c4dec,TID_BATTLEPASS_TASK_INFO_COLLECT_DARKELIXIR,다크 엘릭서 정제소에서\n<num> 다크 엘릭서 회수
f2f4cb7f7066cb7c,TID_CHARACTER_INFO_BARBARIAN_SHORT,검을 휘두르며 싸우는 클래시 오브 클랜의 간판 유닛입니다.
8acae92fbfb6ce26,TID_HINT_BATTLE_LOG,전투 기록에서 마을을 공격한 내용을 확인할 수 있습니다.
d2c1e252d3abed2f,TID_STARTER_INFO_WINSTARS,멀티플레이 전투에서\n별 <num>개 획득
381e7391ff2cf550,TID_COSMETICS_EXTRA_SOUNDS,추가 사운드 효과
f5941eb297ec7324,TID_START_WAR_FAILED_ALREADY_IN_WAR,클랜이 이미 전쟁 중이므로 새로운 전쟁을 시작할 수 없습니다!
d793db7f8eb9f5b2,TID_SPECIAL_OFFER_INFO_EASTER_UNLIMITED,• <res0> 골드\n• 건물의 책 x<booster1>\n• 장인 포션 x<booster2>\n• 보관량 제한이 없습니다!\n• 해당 특가 상품은 10번 구매할 수 있습니다!\n\n마을회관과 방어 시설 업그레이드에 필요한 모든 것!
c06d87edf511bc16,TID_POPUP_CHANGE_LANGUAGE_TITLE,언어 설정
6e7936dfae2b132e,TID_TRAP_AIR_MEGA,대공 지뢰
0b2999ee7ced605e,TID_INVALID_PLACEMENT,빨간색 지역에는 병력을 배치할 수 없습니다!
3c3d74ebe46ba74a,TID_TENCENT_THIRDPARTY_INFO,제3자 정보 공유 목록
00642a4cb1345bf3,TID_PROMOTE_TO_COLEADER_CONFIRMATION,<name> 님을 클랜 공동 대표로 임명할까요?
79678c52831cd57e,TID_BUTTON_CONFIRM,확인
bd3914cdfc5c57fe,TID_LAYOUT_EDITOR,배치 편집기
092785a9eec910dc,TID_STARTER_TH2_UPGRADEBARRACKS,뉴 머슬
95d5d0fee7ca4ed9,TID_NPC56,부담 백배
c50e87ad7ae261d6,TID_CLANGAMES_TASK_USE_SIEGERAMS,파괴 전차로 강타
7b7747d4e505241f,TID_COSMETICS_CUSTOM_ANIMATIONS,특별 애니메이션
f152992d8a17d556,TID_REENGAGEMENT_LAB_NO_UPGRADES_SOME_LEFT_1,마법사들이 다음 연구 주제를 정하지 못하고 끙끙대고 있군요.
df55f0e4726822d0,TID_FEATURE_SPELLS_DESC,마법 제작소에서 마법이 가득한 병을 제조하세요. 이 강력한 마법을 사용하여 군대를 승리로 이끄세요.
76e32dae45289ca6,TID_PEKKA2_ABILITY_NAME,과충전
0d557962cfb9ff37,TID_FAMILY_FRIENDLY_DISABLE_POPUP,전 연령 클랜에는 플레이어의 안전을 위해 채팅에 더 강한 필터가 적용됩니다. 본 설정을 바꾸면 어떤 플레이어는 클랜에서 제외될 수 있습니다. 나중에 변경할 수 없으니 유의해 주세요.
d27413fa3a1e6b8b,TID_CLANGAMES_TASK_USE_LOONS,해골 비행선이 간다
48da29ceca1960a2,TID_HERO_ROYAL_CHAMPION_INFO,"로얄 챔피언은 수많은 전투로 단련된 베테랑이며, 날렵한 반사 신경과 재빠른 판단력으로 무장하고 있습니다. 다른 말로는, 자주 생각하기 전에 공격부터 해서 자신을 곤경에 빠뜨리곤 합니다."
3b9362dd34d96483,TID_CLANGAMES_TASK_USE_GIANTS,자이언트 파워
d91023633e8646ac,TID_TENCENT_USER_PRIVACY_POPUP_TITLE_2,提示
c4d3b8937352f635,TID_LAYOUTS_SET_DEFENSE_BUTTON,방어 상태로 설정
c2cabf67f416d844,TID_ALLIANCE_WAR_STAT_NUM_0STARS,별 0개
9936160e07bda9d6,TID_NPC_CHALLENGE_TH11_LAVALOON_STONE_SLAMMER,<c54a0fe>바위 비행선</c>을 배치하세요. <c54a0fe>해골 비행선</c>을 보호하고 적 방어 시설을 파괴할 수 있습니다!
c9f2f4c8c159dfc7,TID_CHARACTER_INFO_YETIMITE,"이 작은 녀석들은 꼭 껴안아 주고 싶게 생겼지만, 자기들의 덩치 큰 친구가 다치면 엄청나게 분노합니다. 예티가 어느 정도 다치면 베이비 예티들은 가장 가까운 방어 시설을 향해 무서운 기세로 몰려갑니다."
2600a8626f69c778,TID_CLAN_GAMES_THEME_WINTER,동계\n클랜 게임
e3ecd24d935fa9dd,TID_ALLIANCE_WAR_STATS_TAB,전쟁 통계
176fd47592843f04,TID_TENCENT_DOLPHIN_DOWNLOADING_72,更新下载差异文件
da6f2fd8418a71b3,TID_WL_EXPLAIN_REWARDS_TEXT,리그 메달 보상은 본인이 획득한 별의 수와 클랜의 리그 등급 및 순위에 따라 결정됩니다.
633d3f1574d3d481,TID_DEVICE_LINK_ERROR_INVALID_LINK_CODE_TEXT,입력하신 연동 코드는 만료되었거나 잘못 입력하신 코드입니다. 다른 기기에 표시된 코드를 정확히 입력하세요.\n\n뒤로 가기 화살표를 탭하여 다시 시도하세요.\n\n주의: 코드는 단 한 번만 사용할 수 있으며 <time> 이후에는 만료됩니다. 언제든지 연동 코드 화면을 다시 찾아가면 손쉽게 새 코드를 받을 수 있습니다.
9cd7d7d978da2f0f,TID_HINT_SPELL_LIGTHNING,번개 마법은 범위 내의 건물과 유닛에 피해를 줍니다.
04fd86c62aae0856,TID_WAR_WAR_BASE_INFO,"준비일 기간에는 전쟁 기지에서 병력을 지원 받을 수 있으며, 모든 마을 구조를 새롭게 바꿀 수 있습니다. 이 기지가 전쟁 기간 동안 방어하여 자원과 트로피를 안전하게 지켜줍니다. 건설한 새 건물들을 배치하세요!"
ed78912c8db190d0,TID_LIVE_REPLAY_FAIL_GENERIC,실시간 보기가 불가능합니다. 나중에 다시 시도해 주세요.
ba5f1154fb51ee49,TID_10TH_CLASHIVERSARY_SCENERY,클래시데이 10주년 배경
a523be82320d7f4e,TID_INFO_DAMAGE_TYPE_AOE,광역
a0e2a97937ba629e,TID_LEAGUE_CRYSTAL3_SHORT,크리스털 III
9c5074735873195f,TID_CHALLENGE_ATTACK_CODE_HINT,이 코드를 사용해 내 마을을 공격할 수 있도록 친선 전투를 신청하세요! 클래시 친구들은 친구 목록에서 바로 도전을 받을 수 있습니다.
f534a8b459ab9fbd,TID_NPC_CHALLENGE_TH6_GIWIWA_WALL_BREAKERS1,<c54a0fe>자이언트</c>가 처치되기 전에 첫 장벽 층을 파괴하세요.
0277cea1598d6c01,TID_CANNOT_SWITCH_TO_ACCOUNT_WITHOUT_TENCENT_ID,<name> 대장님의 마을(<number>레벨 마을회관)을 발견했습니다! 등록된 WeChat 또는 QQ 계정으로 로그인해 불러오세요!
b34f55969fb0807f,TID_NEWS_BOMB_TOWER_UPGRADES_TITLE,신규 업그레이드
8b7c058ac4066557,TID_BUILDER_HALL_2_INFO_SHORT,아처가 도착합니다... 아니면 여기 계속 숨어 있었던 걸까요?
4457faf290af201a,TID_CHARACTER_ELITE_WALLBREAKER,슈퍼 해골 돌격병
32baf8aa308fd0f7,TID_TUTORIAL_ATTACK_DONE2,이게 우리의 전통이에요!\n가장 용감한 사람이 보상을 받는 거죠.\n약탈은 못된 짓이니까 안 돼요!
a319d93f8c8b263a,TID_CLANGAMES_TASK_INFO_DESTROY_BB_HIDDENTESLA,장인 전투에서 <building> <num>개 파괴
745fd2e465a10c0e,TID_CLAN_WAR_PREPARE_BUTTON,준비!
3087055ac9f36d4f,TID_LEGEND_SEASON_INFO_PRESTIGE_MORE,"전설 트로피는 최고의 실력을 증명하는 상징으로 영구 보존되며, 시즌마다 계속 누적됩니다."
0026f9e20410665c,TID_STREAM_EVENT_ALLIANCE_LEVEL_UP_NO_PERKS,클랜이 <value>레벨에 도달했습니다!
cc635b002d282e24,TID_DECO_RUIN_LARGE_FOREST,큰 숲
1a81c1f02b2ee719,TID_BP_REWARD_LOCKED_NOT_ENOUGH_POINTS,해당 보상을 잠금 해제하려면\n도전 점수 <num>점이 더 필요합니다.
06489f132ba3dffd,TID_ALLIANCE_LEAVE_CONFIRMATION_TITLE,클랜 탈퇴
78aa2d67665e0082,TID_DISTRICT_LOCKED,잠김
ed925ec47cadda2e,TID_REINFORCEMENT_CAMP_INFO,지원군 캠프는 해당 스테이지에서 전투 중에 지원군을 제공해 큰 도움이 됩니다.
5510f08234252532,TID_ALLIANCE_WAR_STAT_PARTICIPATION_MID,사용한 공격 (중간 마을)
fcc8b69acb858f2b,TID_FORUMS_BUTTON,포럼
9301da77ef385dd0,TID_HINT_HEROES_ABILITIES,"영웅에게는 5레벨에서 해제되는 업그레이드 가능한 특별 능력이 있으며, 공격 중에 사용할 수 있습니다."
7bf960100d1585d9,TID_BUILDING_DOUBLE_CANNON,쌍둥이 대포
43edf482b4f09e0d,TID_CHARACTER_INFO_RIDER,난폭한 돼지를 길들여 벽을 넘어다니는 호그 라이더는 보잘것없는 장벽 뒤에 숨은 적들을 응징합니다! 다크 엘릭서의 힘이 충만한 전사들은 패배를 모릅니다!
3381660fa7b4ecb3,TID_LEAGUE_CLAY4_SHORT,클레이 IV
4d3295f3aba638a4,TID_NPC_CHALLENGE_TH10_MINER_RAGE,<cf70d16>인페르노 타워</c>가 <c54a0fe>치유사</c>를 없애기 전에 진입로에 <cf07bf8>분노 마법</c>을 사용해서 빠르게 제거하세요!
1e2424df13394d1d,TID_DIAMOND_BUNDLE_BH8_INFO,• 보석 <gems>개\n• <res0> 엘릭서\n• <res1> 골드\n• 4레벨 메가 뇌전탑\n\n즉시 건설할 수 있고 보관량 제한이 없습니다!\n\n이번 한 번뿐인 <cffec78><value>배 가치</c>의 구매 기회를 놓치지 마세요!
99ab2ee119b5910d,TID_DEFENCE_LOG,방어 기록
37e9e8c7afbde967,TID_ACHIEVEMENT_LEAGUE_PROGRESS_1,크리스털 리그 진입
3ff818112d489912,TID_NPC_NAME_TUTORIAL,보복
8ca95725931c69d5,TID_COMING_SOON,곧 공개됩니다!
51dc9b6f565a8ddc,TID_6ANNIVERSARY_OFFER_MAGICITEMS_BOOKS_AND_ALLRUNES_INFO_9999,• 장벽 링 x<booster1> - 장벽이 즉시 업그레이드됩니다. 높은 레벨의 장벽엔 더 많이 필요합니다.\n• 엘릭서 룬 x<booster2> - 마을의 엘릭서 저장소를 가득 채울 수 있습니다.\n• 골드 룬 x<booster3> - 마을의 골드 저장소를 가득 채울 수 있습니다.\n• 다크 엘릭서 룬 x<booster4> - 마을의 다크 엘릭서 저장소를 가득 채울 수 있습니다.\n\n• 보관량 제한이 없습니다!\n• 해당 특가 상품은 2회 구매할 수 있습니다!\n\n기념일 팩은 기간 한정으로 구매할 수 있습니다!
9829df126a391dc5,TID_CAPITAL_RAID_SEASON_FULL,이번 주말 습격전에 참여할 수 있는 클랜원 수가 최대한도에 도달했습니다.
9d6eb6df63d002d8,TID_HINT_STAR_BONUS_LEAGUE,상위 리그에서 더 많은 별 보너스를 획득해 보세요!
5e4207adb9a387c2,TID_HERO_ABILITY_UPGRADE_PROMPT_MALE,영웅을 <number>레벨로 업그레이드해 능력을 강화하세요!
d6a695d890b692ab,TID_PLAYER_PREFERENCE_INVITES,초대 받기
eade95b37329a443,TID_STARTER_TH4_UPGRADELABORATORY,연구소 확장
18dc59c1a92a543e,TID_CHARACTER_FIREMITE,
3f89f9027e1ae7f2,TID_WALL_INFO_SHORT,마을을 지켜주는 든든한 존재입니다.
eb15440cc82c2d32,TID_CLANGAMES_TASK_INFO_DONATE_SPELLS,인구수 총합 <num>만큼의 마법 지원
af095742953ebf3f,TID_SUPER_MINER_ABILITY_INFO,패배하면 폭발하는 통을 남깁니다.
d7f3264a5623367e,TID_DIAMOND_PACK_5,보석 금고
9df83c4aa0b8b5c4,TID_CLAN_RECRUITMENT_OPT_IN_ITEM_TITLE,클랜 초대를 받을까요?
2391203e3c2f361e,TID_TAB_ESPORTS,e스포츠
045a1314c9bed4a7,TID_EVENT_CW_TITLE,클랜 XP 2배
58263fe25494886f,TID_PUSHER_INFO_SHORT,공격해오는 적의 치밀했던 계획을 다 소용없게 만들어버리세요.
1bb10ac81b69a8db,TID_GROWTH_AURA_MAX,최대 HP 증가: <number>
f3251789de694d2f,TID_EDIT_MODE_BLOCKED_COPY,"복사한 배치에 없는 건물이나, 장애물에 막힌 건물들이 인벤토리로 이동되었습니다."
fa13f847ac2df2c8,TID_PEKKA2_ABILITY_HELP,파괴되면 큰 폭발을 일으켜 <num>의 피해를 줍니다.
24e1f46ec7b38b42,TID_POPUP_REMOVE_TROOP_TEXT,부대를 제거하시겠습니까?
c1954d6dcf45fcf1,TID_STARTER_TH2_INFO_BUILDWALLS,상점에서 장벽 <num>개 구매
8805db3a834876c8,TID_CLANGAMES_TASK_INFO_WIN_STARS_VS_HIGHER_TOWNHALL,멀티플레이 전투에서\n자신보다 높은 레벨의 마을회관을 상대로 별 <num>개 획득
01fb0258d58400b0,TID_HINT_SHIELD_GAIN_TIME,마을이 심각한 피해를 입으면 더 오래 지속되는 보호막을 획득합니다.
be4dfbf63a0a5685,TID_REENGAGEMENT_LAB_DID_UPGRADES_SOME_LEFT_3,다른 일에 사용할 자원이 충분히 있는지 한 번 살펴보죠.
a4bc5a92339b4e21,TID_SHIELD_TARGET_COUNT,방패 공격 대상 수
d7132990fcbb97a9,TID_ACCOUNT_DELETED_ON_REQUEST_TEXT,"해당 계정은 삭제 요청으로 인해 비활성화되었으며, 더는 복구할 수 없습니다."
2a90560a172a8b36,TID_SUPER_HOG_RIDER_ABILITY,헤쳐 싸워!
5bcc19bb3fdd9bb2,TID_HINT_BOOST_SPELLS,마법 제작소는 보석을 사용하여 더 빠르게 제작할 수 있습니다.
45679122fc7c4252,TID_WAR_BATTLE_INFO_HEADLINE,전투일
5355ca485b722f89,TID_DECO_GOBLIN_CART,고블린 카트
cb18be214a8c8704,TID_CLANGAMES_TASK_INFO_WIN_STARS_VS_TITANLEAGUE,멀티플레이 전투에서\n타이탄 리그의 상대를 공격해\n별 <num>개 획득
ddc2b01df33675af,TID_ACHIEVEMENT_DONATE_UNITS_TITLE,친구 돕기
90b8aca1c57e6090,TID_TROOP_REQUEST_FAIL_COOLDOWN,유닛을 더 요청하려면 기다려야 합니다.
89259562257776fa,TID_DIAMOND_BUNDLE_TH3_REVISED_INFO,• 보석 <gems>개\n• <res0> 골드\n• <res1> 엘릭서\n• 장인 포션 x<booster1>\n\n보관량 제한이 없습니다!\n\n이번 한 번뿐인 <cffec78><value>배 가치</c>의 구매 기회를 놓치지 마세요!
86c2edcf338413a6,TID_CLANGAMES_TASK_USE_MINIONS,뭉치면 무섭지
82959ccf2711a54c,TID_DECO_FLEXING_BARB,근육빵빵 바바리안
46b2c244f0b4378c,TID_TRAIN_COST,훈련 비용: <number> <resource>
03b9a357f53f34d1,TID_CLANPERK_DESC_DONATION_UPGRADE_PLURAL,지원한 병력이 <value>레벨만큼 업그레이드됩니다.
279b9748f8f48eac,TID_CONTAINER_MAX,최대: <amount>
c154bf4f421db247,TID_RAID_WEEKEND_OVER,주말 습격전 종료
2561c194923da995,TID_INFO_BALLOON_CARRIER,폭탄이 아니라 해골들을 잔뜩 싣고 있습니다. 해골들은 비행선에서 뛰어내려 적 바로 옆에 떨어집니다!
4c80df2f1d3b6dc1,TID_BP_PERK_GEM_DONATION_LIST_FORMAT,• 보석 1개 지원
097254e54f9e38e9,TID_TUTORIAL_WAR_MAP_ENEMY_3,"대장, 주변을 둘러본 다음 아군 전쟁 기지를 확인하세요."
3bbe6a87fa8f990c,TID_CLANGAMES_TASK_DESTROY_BB_MULTIMORTAR,다중 박격포 파괴
13987f99738ea63a,TID_ALLIANCE_WAR_LAST_MOMENT_EVENT,최후의 순간!
4c799fe23e9ecaf9,TID_PLAYER_PREFERENCE_NO_INVITES,초대 거절
ad6deeb536f64e81,TID_TOO_MANY_REPORTS_SENT,일일 신고 제한을 초과했습니다!
1051e3a6c958851a,TID_DECORATION_PINETREE,가문비나무
1ac1e7f63581dde8,TID_BATTLEPASS_TASK_INFO_USE_RAGEDBARBARIANS,장인 전투에서 분노한 바바리안을 사용해 별 <num>개 획득
1f166b87b877cd30,TID_CAPITAL_RAID_SEASON_REWARD,주말 습격전에서 습격전 메달 <num>개를 획득했습니다.
01bfef3604d0bee1,TID_ALLIANCE_GAMES_ENDING_IN,남은 시간:
85597102693fbc51,TID_FEEDBACK_INFO5,복구할 마을에 관한 아래의 상세 정보를 알려주세요.\n정확한 마을 이름:\n마을회관 레벨:\nXP 레벨:\n클랜 이름(있는 경우):
911c9f8ce6aef741,TID_NPC_CHALLENGE_TH12_DRAGBAT_SPAWN_BATS1,<c9916c8>박쥐 마법</c>을 사용해 <cf70d16>독수리 포탑</c> 및 <cf70d16>싱글 모드 인페르노 타워</c>를 제거하세요.
b8a8e71e228cacbf,TID_LEAGUE_EMERALD2,에메랄드 리그 II
bdc0578fed5d9c8f,TID_HALLOWEEN_END_TOKENS,남은 매시업 메달이 골드 <num>개로 전환되었습니다.
5ec2d255530469f3,TID_BOOSTER_BOOST_RESOURCES_ALT_2_LINE,자원 포션
dc9755167b30c386,TID_SPELL_DAMAGE_PERCENT,피해량: <number>%
d4a56f0c08d4399f,TID_DECORATION_DOWNARROW_FLAG,하향 깃발
7f8a6db1992f90b9,TID_CLANGAMES_TASK_USE_SNEAKYARCHERS,은신 아처 기습
b47dde6e9340ca94,TID_ZAPPY,감전돌이
a8496449eb0912ff,TID_SPELL_QUEUE_IS_EMPTY,마법 대기열이 비었습니다.
232f82eb2fa4563f,TID_BOOKMARK_REMOVED,북마크 제거됨
5719ff6e7a6702dc,TID_ALLIANCE_GAMES_TOWN_HALL_TOO_LOW,클랜 게임에 참가하려면 <number>레벨 마을회관이 필요합니다.
f6d4fe71f57ab851,TID_BATTLEPASS_TASK_INFO_WIN_BATTLES_USING_HEALERS,멀티플레이 전투에서\n치유사를 사용해\n<num>회 승리
06e038ea6b110aa1,TID_HINT_MORTAR_TARGET,박격포는 지상 유닛만 공격할 수 있습니다.
08a823af75f50977,TID_BUY_MULTIPLE_MISSING_RESOURCES_TEXT_N2,부족한 <resource1> <count1>개와 <resource2> <count2>개를 구매하시겠습니까?
105cb5c04b0f0d85,TID_LAYOUTS_ACTIVE_WAR_BASE,활성 전쟁 기지
ff2953e6d8e1f816,TID_INFO_NO_TAG,선택한 태그 없음
6dcefd9a2bd75933,TID_LEAGUE_BRASS2,브래스 리그 II
fe70219e220b8d95,TID_HERO_ABILITY_UNLOCK_PROMPT_FEMALE,영웅을 <number>레벨로 업그레이드해 능력을 사용하세요!
4f4e58edbfbc1da8,TID_ACHIEVEMENT_SPELL_DONATION,마법 저장소 공간 <number>만큼의 마법을 지원
e143a4314022005f,TID_CHARGED_PEKKA_ABILITY_HELP,활성화되면 큰 폭발을 일으켜 <num>의 피해를 줍니다.
3feb1566a0cc1c07,TID_PERSONALISED_SHOP_DESCRIPTION,"이 옵션을 \q켜면\q, 대장님께 맞춤 제공된 상품을 상점에서 확인할 수 있습니다!"
656a67611062f6c5,TID_HINT_AIR_MINE_MINION,대공 지뢰는 미니언을 감지할 수 없습니다.
c58eba85a2223e1a,TID_CAPITAL_PLAYGROUND_SUPER_GIANTS_2,더 많은 <c54a0fe>슈퍼 자이언트</c>와 함께 공격을 강화하세요.
2dbed2439f8e1965,TID_PLACED_AFTER_SHUFFLE_POPUP_TITLE,리그에 진입했습니다!
96fe87f0bf100084,TID_TAP_TO_VIEW,탭하여 자세한 정보 보기
399c0cc8689e593d,TID_DECO_RESTORED_PILLAR,기둥
14af686f34095f82,TID_CAPBUILD_SPEAR_THROWER,창 투척기
e3f965275df9f9d3,TID_ERROR_MAX_TAGS_SELECTED,선택할 수 있는 태그 수를 초과했습니다.
e3356baeb6b9a7b7,TID_DECORATION_WAR_SHIELD_INFO,이 조각상을 획득하려면 클랜전 리그에서 실력을 증명해야 합니다. 리그 메달을 획득하세요!
b551abe12aa5dc28,TID_TUTORIAL_CLASHOWEEN_EVENT_A4,저의 가장 최근 작품을 보여드리죠...
ce13e22c481aaa8a,TID_ERROR_POP_UP_PURCHASE_FAILED_TITLE,결제 실패
1d66e3ad35ded7db,TID_BUILDING_MONOLITH,모놀리스
85d296fe33af4b29,TID_PROMOTE_TO_LEADER_CONFIRMATION_TITLE,사퇴
efca8b8349483e94,TID_MEGA_TESLA_INFO,뇌전탑이 메가 뇌전탑이 되면 어떤 일이 일어날까요? 강력한 전기 충격으로 어떤 군단이 와도 꼼짝 못하겠죠?
6bf81f942cbd645a,TID_HINT_DARK_ELIXIR_LOOT,다크 엘릭서 저장소를 설치하면 다크 엘릭서를 약탈할 수 있습니다.
3d5addca798513a8,TID_WL_TAB_CLAN_MEMBERS,클랜
d881903953e4254d,TID_CAPITAL_PLAYGROUND_GATES,방어 유닛은 캐피탈의 장애물을 뛰어넘을 수 없지만 출입문은 통과할 수 있습니다.
73c8f78cb00cfcc2,TID_SHOP_CATEGORY_DIAMONDS,보석
bb6724d60a6c1746,TID_LEAGUE_INFO_LOOT_BONUS_PROMO,새 리그에서 매치에 이길 경우 최대 전리품 보너스:
1cc3e1d971a318c5,TID_OVERVIEW_SIEGE_TITLE,시즈 머신: <number>
8bc929627d404652,TID_BUY_RESOURCE_PACK_HEADER,<resource> 구매
545c3a284b4e0cca,TID_CLASHFEST_SCENERY,클래시 축제 배경
a59993e982c40f80,TID_TUTORIAL_RAID_WEEKEND_1,"아, 습격의 때가 왔습니다! 주말 습격전에는 다른 클랜의 캐피탈과 경쟁하게 됩니다."
54713541f53842fe,TID_PLAYER_SEARCH_HINT,찾고 싶은 플레이어의 플레이어 태그 입력
0e3d34a77d2c5189,TID_SNEAKY_ARCHERS,은신 아처
17ee8cefb9393d54,TID_EVENT_TRACK_REWARD_INFO_SPELL_NOT_AVAILABLE,기간 한정 마법을 더 이상 사용할 수 없습니다.
5071f79d58d83a82,TID_HINT_CANNON_TARGET,대포는 지상 유닛만 공격할 수 있습니다.
d20891abff42e5a4,TID_STARTER_TH5_INFO_BUILDSPELLFACTORY,상점에서 마법 제작소를 구매해 마법 잠금 해제
a203c2a19feaf828,TID_VIEW_PROFILE_BUTTON,프로필
0319cfda04e7017d,TID_TOWN_HALL_13_INFO_SHORT,얼음과 기가 인페르노의 앙상블을 감상해보세요.
1962184af129a802,TID_CLANGAMES_TASK_DESTROY_BB_XBOW,분노의 대형 석궁
d1a551679e84f86a,TID_BOOSTER_FILL_ELIXIR2_STORAGE_INFO,장인기지 엘릭서가 끊임없이 흘러나오는 이 마법 아이템으로 장인기지의 엘릭서 저장소를 가득 채울 수 있습니다.
049d9d4279120f50,TID_CLAN_GAMES_CLAIM_BONUS_REWARD_BUTTON,보상 받기
27212b641cf48323,TID_CLAN_JOIN_FAIL_NO_TOWN_HALL_LEVEL,마을회관 레벨이 낮아 해당 클랜에 가입할 수 없습니다!
55689e829bdaafda,TID_LOCAL_NOTIFICATION_BUILDER_STAR_BONUS_READY,장인기지의 시간입니다! 별 보너스가 준비되었습니다!
4cadb16d5b0d1a6f,TID_BUILDER_HALL_5_INFO_SHORT,장인 기술의 계속되는 발전.
483d841e564e087a,TID_WL_PERSONAL_REWARDS,보상:
2e5e10897d45ba49,TID_TUTORIAL_CLASHOWEEN_EVENT_A1,잠깐만요! 대장님!
66c180bf93253a25,TID_FB_CONNECT_NOT_SAFE_TEXT,마을을 Facebook에 연동해 친구들과 만날 수 있습니다. 게임 진행 상황을 안전하게 유지하고 여러 기기에서 게임을 즐기려면 Game Center에 로그인하세요.
822f5c3048ecc90a,TID_REENGAGEMENT_INTRO_3,이제 누구한테든 자원을 빼앗기는 일은 없을 거야.
551b783a6764f9a4,TID_BUTTON_TRADE,거래
6764a685ec6455d5,TID_BP_REWARD_CATEGORY_CAP_HOUSE,캐피탈 집 구성품
6e1456ea5a9a95fd,TID_CLAN_WAR_LEAGUE_SIGNUP_EXPIRY,리그 참가 등록 종료까지: <time>
3028b904500c86f7,TID_FRIENDLY_DISTRICT_CHALLENGE_CLOSED,구역이 이미 공격받고 있습니다!
72f609c01b742cbd,TID_GLADIATOR_CHAMPION,검투사 챔피언
322328bb6075e524,TID_TUTORIAL_WAR_INFO_1,정보 버튼을 눌러 더 자세한 내용을 볼 수 있습니다. 모두 대장만 믿고 있습니다!
d2bb295f1a636521,TID_OBSTACLE_HALLOWEEN2018,마녀의 모자
34f0a5c5f4f0322d,TID_CONFIRM_WORD,승인
2cd8351ddb18cf0b,TID_BOOSTER_BOOST_ALL_PRODUCTION_TEXT,"훈련 포션을 사용해 <time> 동안 유닛 훈련, 마법 제조, 영웅 회복 속도를 <multiplier>배로 가속할까요?"
39b82b6d3543dc01,TID_HINT_TESLA_TARGET,숨겨진 뇌전탑은 지상 및 공중 유닛 모두를 공격할 수 있습니다.
9d58d38b663897d7,TID_CHALLENGE_INFO_2020,"슈퍼 유닛이 게임에 등장합니다. 기존의 유닛에 새로운 능력과 세련된 헤어스타일이 더해진 모습입니다. 헤드헌터, 통나무 발사기, 투명 마법의 추가로 더욱 다양한 전술을 사용할 수 있게 됩니다."
e4749873ef54e5e2,TID_ACHIEVEMENT_CLAIM_BUTTON,보상 받기
0d5d823c889121f2,TID_CAPBUILD_BARRACKS_BARBARIAN_INFO,슈퍼 바바리안들의 스파링 장소입니다. 허세와 땀 냄새가 진동합니다.
8cc3929d118d5466,TID_DAILY_TASK_2_DESC,장인기지 전투에서 별 1개 획득
b83fc49ea81984d2,TID_NPC_CHALLENGE_TH7_HOG_HEAL1,<c54a0fe>호그 라이더</c>의 HP가 많이 감소되었습니다. 지금 <cffe346>치유 마법</c>을 사용하세요!
1aa789a577691337,TID_PET_SHOP,펫 하우스
683c060f084a4be0,TID_DECORATION_10_YEAR_FOUNTAIN_INFO,슈퍼셀 10주년을 기념합니다!
e29bdc0920eea260,TID_ARCHER_TOWER_INFO_SHORT,어떤 적에게든 화살을 쏘는 아처가 지키고 있습니다.
6dfdd321a5f67b10,TID_DARK_ELIXIR_SHOP_PACK,<number> 다크 엘릭서
ec4eadda5f637e58,TID_CLAN_MEMBERS,클랜원:
cca3a2235309ceb0,TID_CHARACTER_ICE_SPIRIT,베이비 프로스티
81d7e4c51606ccf9,TID_CHARACTER_INFO_GOLEM,강력한 골렘은 엄청난 피해를 견딜 수 있습니다! 골렘이 파괴되면 폭발하면서 골렘의 공격력과 HP의 20%를 가진 베이비 골렘들로 나뉩니다.
03c9f0f2cbe46582,TID_ENEMY_TERRITORY,적 영역
e0b69fcdde9e8710,TID_UPGRADE_WINDOW_NOTE,주의!
6cfc3cafb6df59ae,TID_REPORT_PLAYER_BUTTON,신고
9aa8f8db23009bb2,TID_CHALLENGE_WAIT_HEADER,클랜원의 공격을 기다리고 있습니다!
ec99578e103575ca,TID_CLANGAMES_TASK_INFO_USE_MEGAPEKKA,장인 전투에서 파워 P.E.K.K.A <num2>명을 사용해 별 <num>개 획득
ee28ec96e11158a4,TID_BUILDING_MULTI_MORTAR,다중 박격포
cae4bd6fc451a032,TID_GUIDANCE_WRONG_LOCATION,올바른 위치에 배치하세요!
ebd6037082235212,TID_BOW_INFO_SHORT,연사되는 화살로 적 유닛을 물리칩니다.
dc2da23b8075a5be,TID_DIAMOND_BUNDLE_TH12_ALT_INFO,• <res0> 다크 엘릭서\n• <res1> 골드\n• <res2> 엘릭서\n\n보관량 제한이 없습니다!\n\n이번 한 번 뿐인 <cffec78><value>배 가치</c>의 구매 기회를 놓치지 마세요!
2cd1c34d4c990bcd,TID_NPC_CHALLENGE_TH8_GOWIPE_EARTHQUAKE,<ca9561f>지진 마법</c>을 사용해 밀집해 있는 방어 시설 및 장벽에 피해를 주세요.
5fb9572d61646829,TID_HINT_UPGRADE_WALLS,장벽을 업그레이드해서 적의 진로를 방해하세요.
457fe97b568f7992,TID_BP_PERK_GEM_DONATION_COST_DESC,모든 빠른 지원 비용이 보석 1개가 됩니다.
e99344029eeecee0,TID_GEAR_UP_CANNON,이 대포를 쌍둥이 대포로 만들어 좁은 범위에 더 많은 피해를 줍니다!
cf759f543c0903c2,TID_PREFERRED_TARGET_EFFECT_BONUS,(효과 x<number>)
2af47ea75abfd864,TID_GEAR_UP_COMING_SOON,<building> 개조 곧 이용 가능!
922a312eff0a5669,TID_BARRACK_INFO,훈련소에서 훈련한 유닛으로 적을 공격할 수 있습니다. 훈련소를 업그레이드하면 큰 전투에서 활약하는 고급 유닛을 훈련할 수 있습니다.
4836339b6ca1c2f7,TID_CLAN_STAT_DEFEATS,패배:
a4ccfed3aefcfc9b,TID_CAPBUILD_BARRACKS_MINION,미니언 훈련소
0671f4895b0a40af,TID_CHARACTER_INFO_BOWLER_SHORT,바위를 던지는 덩치 크고 시퍼런 친구입니다.
553650c22deffff5,TID_DIAMOND_BUNDLE_MAGICITEMS_HEROES_BOOK_WITH_ELIXIR_INFO,• <res0> 엘릭서\n• 영웅의 책 x<booster1>\n• 보관량 제한이 없습니다!\n\n그랜드 워든 업그레이드에 필요한 모든 것!
7ead57019839eec3,TID_HINT_ARCHER_TARGET,아처는 사정거리 안의 모든 것을 공격합니다.
7ef743e8344bf0c5,TID_BATTLERAM,배틀 램
5d0fced87c0d66e5,TID_CLANS_SELECTOR_BOOKMARKS,북마크
82da006b55cbf32c,TID_STAR1,좋습니다!
72135035b2c2781e,TID_WAR_STATS_LOSSES,패배:
7d242bf0038d75c2,TID_CLANGAMES_TASK_INFO_GET_KILLS_VS_ARCHERQUEEN,멀티플레이 전투에서\n적 아처 퀸 <num>회 처치
58336b2a1870f78d,TID_ALLIANCE_WAR_PERSONAL_ATTACK_2,공격 2
63405a22723242dd,TID_ALLIANCE_BUTTON_LEAVE,탈퇴
31f04c7e96dedecc,TID_DECO_HOG_PEN,호그 우리
8ae781b9c237292f,TID_TRAP_BROKEN,<item>(장전 해제)
b226717bb5860300,TID_LOCAL_NOTIFICATION_EVENT_CLAN_LOOTXP,"대장님, 클랜전 이벤트 동안 전리품 및 XP를 두 배로 획득하세요!"
e7244c920c3ee83e,TID_BATTLEPASS_TASK_WIN_STARS_USING_LIGHTNING_INFO,멀티플레이 전투에서\n번개 마법을 사용해\n별 <num>개 획득
781ae938b0cfa58a,TID_BOOSTER_FINISH_TROOP_UPGRADE_ALT_2_LINE,유닛의 책
76f0fa94ac6b2b62,TID_PARENTS_GUIDE_BUTTON_TENCENT,Tencent Game 아동 개인정보 보호 가이드라인
3663d5402cb31663,TID_LEAGUE_CLAY2,클레이 리그 II
6de5c35fdaf785d4,TID_STARTER_TH5_INFO_DESTROYANY,멀티플레이 전투에서\n건물 <num>개 파괴
ec8fc8cd02d24007,TID_MORE_WECHAT_SERVICE,关注官方认证微信服务号coc-kefu
91df41d3054a02d4,TID_DARKAGES_QUEEN,암흑시대 퀸
04f388d8f8b50975,TID_WAR_DONATE_SPECTATOR,관전자는 지원할 수 없습니다!
1aafedd7239fe899,TID_ALLIANCE_WAR_EVENT_WAR_ENDED,전쟁 종료
a6ee8ee5494b6ef0,TID_BP_SEASONAL_TASKS_HEADER,진행 도전
883de6e3caa6bb54,TID_BOOST_POPUP_ITEM_RESUME,다시 시작
87f9e0c01e548d81,TID_PET_MELEEJUMPER_INFO,마을을 돌아다니는 믿음직한 사냥개인 L.A.S.S.I는 가라앉지 않는 분노로 적을 추격합니다. 하늘을 나는 적은 빼고요. 닭 쫓던 개처럼 쳐다보기만 할 뿐이죠.
f6fa55099bfb7ff9,TID_BP_BUTTON_REWARDS_LIST,보상 목록
ffacf19c2bc037f1,TID_CLANGAMES_TASK_INFO_DESTROY_KINGALTARS,멀티플레이 전투에서\n바바리안 킹 제단 <num>개 파괴
6c0557d639f8a031,TID_HERO_SLEEPING,수면
4e9c8ae5dab9c475,TID_OBSTACLE_HALLOWEEN2017,할로윈 장애물
282de907f547a0b4,TID_BOOSTER_FREE_SPELL_UPGRADE_INFO,이 마법의 망치를 휘두르면 마법이 다음 레벨로 즉시 업그레이드됩니다. 마을에서만 사용할 수 있습니다.
71a767a2b03e3213,TID_BUTTON_BOOST_ALL,모두 가속
63e3ecc8a6a985ab,TID_LINK_DEVICE_BUTTON,기기 연동
f7fb838ba842b289,TID_LEAGUE_WOOD5_SHORT,우드 V
8d68b1328adef987,TID_CLANGAMES_TASK_INFO_WIN_STARS_VS_TOWNHALL_9,멀티플레이 전투에서\n마을회관 9레벨을 상대로\n별 <num>개 획득
9cd54caa07e7e9de,TID_HELP_TRAINING_PRESET_PREVIOUS_ARMY,전투에서 마지막으로 사용한 군대를 빠르게 훈련시키세요!
3dc366ea9c8b1224,TID_CLANGAMES_TASK_INFO_LOOT_DARKELIXIR,멀티플레이 전투에서\n<num> 다크 엘릭서 약탈
e13b0a60b448d6c4,TID_LEAGUE_WOOD4,우드 리그 IV
89c89ae010b07922,TID_CAPBUILD_MEGATESLA_INFO,숨겨진 뇌전탑이 메가 뇌전탑이 되면 어떤 일이 일어날까요? 강력한 전기 충격으로 가장 강한 적 유닛에게 큰 피해를 주겠죠!
d13c62ca5d21055f,TID_VS,vs
0e441365ecc89748,TID_DECORATION_SKULL_ALTAR,고대 유물
01f7de494f5a4510,TID_CLANGAMES_TASK_USETROOP_MAINVILLAGE,멀티플레이 전투에서\n<troop> 하나를 사용해\n별 1개 획득
65dc83ad14587692,TID_HINT_TRAP_UPGRADING,함정을 업그레이드하여 마을에 침입한 불청객을 날려 버리세요!
fd1d5be0b91bb247,TID_RAID_WEEKEND_INFO,주말 습격전 정보
82af9a8dbc4d2378,TID_CLANGAMES_TASK_GET_HOMEBATTLESTARS,별 사냥꾼
daf83718b7ea80e7,TID_SHADOW_WARDEN,섀도우 워든
d944cf55bb3b02cb,TID_CAPITAL_RAID_INVALID_TARGET,이 구역을 공격할 수 없습니다.
e2f8ced661a43e05,TID_BOOSTER_PET_POTION_ALT_2_LINE,펫 포션
10ae5992aa9dc8a2,TID_ALLIANCE_WAR_EVENT_TOWN_HALL_DESTROYED,마을회관이 파괴됐습니다!
e8fcd9100f639ad3,TID_CAPITAL_GRAVEYARD_SPELL,무덤 마법
dad53fb50c43a529,TID_TUTORIAL_CAPITAL_ARMY_1,여기에서 공격할 때는 캐피탈의 유닛과 마법을 사용합니다.
711837ac7ca724eb,TID_POPUP_FRIEND_LIST_TITLE,친구
3a17a0e1286227c5,TID_ATTACK_FAIL_NEWBIE_PROTECTED,마을회관이 <number>레벨 미만인 마을은 공격할 수 없습니다.
41a988b8ad10310c,TID_NEW_CLAN_MEMBER,신입
4d5d6624a5c561b9,TID_ASSIGN_PET,펫 지정
1fb4a25d4dde527d,TID_VERSUS_BATTLE_ADD_MESSAGE,메시지를 추가해 친선 전투를 시작하세요!
3fa2fc8d5116ed42,TID_BATTLEPASS_TASK_WIN_BATTLES_USING_LIGHTNING,나쁜 날씨
120ba4753a6152de,TID_BUY_LAYOUT_SLOT_TEXT,정말 새 배치 슬롯을 구매하시겠습니까?
74d44c4b4f2804c1,TID_INFO_POP_UP_IAP_NOTE_TITLE,인앱 구매
39c668d2df9fc723,TID_CAPBUILD_BARRACKS_CANNONCART_INFO,"습격 카트 작업장입니다. 카트를 어떻게 조립했는지는 금방 알겠는데, 바바리안들은 도대체 어디서 온 걸까요?"
24100835bd616278,TID_FREE_IN,무료까지:
10051546410b5e7c,TID_TASK_DONATE_TROOPS,일일 지원
99b97454ffcae6a7,TID_SAVE_ALLIANCE_SETTINGS,저장
1fff0d518ee54b38,TID_CHARACTER_BABY_DRAGON_ACTIVE,불꽃 튀는 재채기
a0754554137f487d,TID_CURRENT_WAR_LEAGUE,현재 리그:
394f39217075be90,TID_FLAMER_INFO,"뜨거운 플라즈마를 적들에게 퍼붓습니다! 공중, 지상 가릴 것 없이 불태웁니다!"
2648352ed8218831,TID_ALLIANCE_REJECT_DEFAULT_MESSAGE,죄송합니다. 부득이하게 클랜 가입 요청을 받아들일 수 없습니다.
33f89fa7a25c8807,TID_NPC36,고블린 소풍
fa91dece54e57c51,TID_WL_TAB_SEASON_SUMMARY,시즌 결과
5ccaee199c287b43,TID_STAGE,스테이지 <stage>
6a7fb7bf2b79bb77,TID_TENCENT_LOGIN_CHILDREN,Tencent Game 아동 개인정보 보호 가이드라인
faf72a1d8a859dc7,TID_NAME_REPORT_TEXT,<name> 님을 부적절한 이름으로 신고하시겠습니까?
3c197b380f0e2a87,TID_COSMETIC_ESTATE_3X3_WOODEN_HOUSE,나무로 만든 집
e2c1550d25ac6784,TID_TRADER_ITEM_NOT_UNLOCKED,잠금 해제되지 않음!
cdf0fd8aa01b9ad2,TID_TENCENT_GUEST_IGNORE_WARNING_TITLE,주의
4a8cd4dafc22f0da,TID_ALLIANCE_DATA_FAILED_GENERIC,클랜 정보를 불러올 수 없습니다.\n\n나중에 다시 시도해주세요.
a1a030731cf65421,TID_BATTLEPASS_TASK_INFO_WIN_BATTLES_USING_HEADHUNTER,멀티플레이 전투에서\n헤드헌터를 사용해\n<num>회 승리
d16e3b8e9f2b62b0,TID_DISTRICT_WIZARD_VALLEY,마법사 계곡
b7e86ddd6a34dd44,TID_CLANGAMES_TASK_INFO_DESTROY_TESLATOWERS,멀티플레이 전투에서\n<building> <num>개 파괴
f3c94a583aa898b9,TID_ACHIEVEMENT_DESTROY_WALLS_TITLE,장벽 해체가
11d7c472305c50bd,TID_BUTTON_ENABLE_TUTORIAL,튜토리얼 플레이
f78b259a4aee8bb2,TID_DAILY_TASK_1_TITLE,일일 멀티플레이 전투
9f4ccda1712cf399,TID_POPUP_CANCEL_UPGRADE,<item> 업그레이드를 중단할까요? 중단하면 업그레이드 비용의 <number>%만 돌려받습니다.
4ff6a602e8575f57,TID_BABY_DRAGON,베이비 드래곤
8686ac1f89bf91a9,TID_SKIN_THEME_WORLDS,<year>년 월드 챔피언십 스킨
b52575493890f375,TID_PART_HOUSE_GROUND,클랜 하우스 부지
62cc7db87daf718a,TID_ERROR_DOWNLOADING_SKIN,스킨을 불러올 수 없습니다! 기기 저장 공간을 확보한 뒤 게임을 다시 실행해주세요.
79e5444efe6e9811,TID_BIND_TO_NEW_GAMECENTER_ACCOUNT,진행 중인 게임을 이 Game Center 계정에 저장할까요?
bc3eaa4026635f48,TID_ACHIEVEMENT_ACCOUNT_BOUND_TITLE,마을 안전하게 지키기
7ec9a2d510ebb2db,TID_MULTIDEVICE_INFO_TENCENT,여러 Android 기기에서 플레이하려면 같은 WeChat이나 QQ 계정으로 로그인하세요.
2ca0960be90f89be,TID_DIAMOND_BUNDLE_MAGICITEMS_BUILDER_BASE_BUILDING_BOOK_WITH_BUILDER_POTION_AND_GOLD_INFO,• <res0> 골드(장인기지)\n• 건물의 책 x<booster1>\n• 장인 포션 x<booster2>\n• 보관량 제한이 없습니다!\n\n장인회관과 방어 시설 업그레이드에 필요한 모든 것!
61b6a1afc9a090dd,TID_LEADERBOARDBANNER_PLAYER_HISTORY_INFO,트로피를 충분히 얻은 플레이어는 토너먼트가 종료될 때마다 전설 리그 시작 단계로 복귀됩니다. 공제된 트로피는 전설 트로피로 영구 등록됩니다.
6f1f556764bda698,TID_NEWS_CHALLENGE_PREVIEW_TITLE,공개 예정: 친선 전투!
84c60321c48b080f,TID_TUTORIAL_CANNON_3,이런! 고블린 무리예요! 어서 대포를 설치해 마을을 방어하세요!
4a76fa3b68b33773,TID_ACHIEVEMENT_SPELL_DONATION_TITLE,나눔이 곧 돌봄이다
b786d3ec3886f226,TID_DECORATION_FLOWERBOX1,국화 화단
f81586753ea4490f,TID_REGULAR_THEMED_BUILD_OFFER_INFO_TH0712_4999,• <res0> 골드\n• <res1> 엘릭서\n• 장벽 링 x<booster1> - 장벽이 즉시 업그레이드됩니다. 높은 레벨의 장벽엔 더 많이 필요합니다.\n• 건물의 책 x<booster2> - 건물 업그레이드가 즉시 완료됩니다.\n\n• 보관량 제한이 없습니다!\n• 해당 특가 상품은 표시된 기간 내에 2회 구매할 수 있습니다.\n• 방어 시설을 더욱 견고히 업그레이드하세요!
8cb07f74aaf0f76b,TID_POPUP_TRAIN_TITLE,유닛 훈련 <limit>
9ecc3e27c563ee9b,TID_LEGENDS_DEFENCE_LAYOUT_BUTTON,선택
077e63ddf5ab28bc,TID_REENGAGEMENT_CHALLENGES_ALT_1,대장님이 예전에 진행했던 도전이에요.
8f9f1376303ba41e,TID_AVATAR_MESSAGE_BUTTON_CLAIM,획득
3c672f911193572c,TID_DEVICE_LINK_ERROR_CODE_SAME_PLATFORM_TEXT_ANDROID,여러 Android 기기에서 게임을 즐길 경우엔 연동 코드를 사용하지 않아도 됩니다.\n\n단지 다른 기기에서도 현재 기기와 동일한 Google Play 로그인 정보를 사용하면 됩니다. 게임의 설정 메뉴에서 Google Play 로그인 메뉴를 찾을 수 있습니다.\n\n게임 진행 상황은 자동으로 동기화됩니다.
28a2584120f5cd3a,TID_NPC_CHALLENGE_INFO_AIR_SWEEPER,<cf70d16>바람 방출기</c> 뒤에서 마을로 접근하세요.
140c32fc4b2e411c,TID_CAPITAL_ARMY_SAVE_OK,캐피탈 군대 변경 완료
432133e98a30aeb4,TID_TOWN_HALL_14_INFO_SHORT,다양한 재미와 게임이 가득한 정글에 오신 걸 환영합니다.
62ff05418fe7a4f7,TID_DECORATION_PEKKA_STATUE,P.E.K.K.A 조각상
3f5335c135bf01fb,TID_BALLOON_HASTE_EVENT_INFO,해골 비행선이 신속 마법을 걸고 빠르게 날아갑니다. 두 가지를 할인된 가격으로 만들어보세요!
ae68821fa4cec62c,TID_DECO_JINGLEBELL,징글 벨
8f7be7e830c6cd0a,TID_BP_BONUSES_INFO,"특전은 보상 진척도에서 잠금 해제되며, 해당 시즌 종료까지 유지됩니다."
15e7b13ff89a561f,TID_RAID_SIGNUP_ERROR_EVENT_NOT_ACTIVE,주말 습격전이 활성화되지 않아 참가 등록이 불가능합니다.
5f634146cdd02f9c,TID_FRIENDLY_WAR_CHOOSE_LAYOUT,배치 선택
de0c8a9f93c9ad8b,TID_ACHIEVEMENT_GOLDSTORAGE_UPGRADE,골드 저장소 <number>레벨 업그레이드
9f263450d6a886da,TID_SIEGE_MACHINE_LOG_LAUNCHER,통나무 발사기
860fc64929b73851,TID_HERO_ABILITY_WARDEN_TITLE,영원의 책
376d2803fb9cd9ca,TID_POPUP_BREAK_GUARD,가드 제거 확인
f613773a207d57ea,TID_CAPITAL_UPGRADE_PRIORITIZE,우선시하기
6382f406b336a5c6,TID_REPAIR_SHIP_TITLE,배 재건 확인
0d6a4cd866826f5f,TID_FREEZE_TIME,감속 지속 시간: <number>초
1619f10f8d8ddacb,TID_CAPBUILD_GOBLIN_OUTPOST_INFO,버려진 고블린 전초기지입니다. 다들 어디로 간 거죠?
8a6c6b71b79d38cd,TID_DIAMOND_BUNDLE_MAGICITEMS_BUILDING_BOOK_WITH_RESOURCES_INFO,• 건물의 책 x<booster1>\n• <res0> 골드\n• <res1> 엘릭서\n• 보관량 제한이 없습니다!\n\n'건물의 책'으로 건물 업그레이드를 즉시 완료!\n\n놓치지 마세요!
4912b2f71e780a98,TID_DECO_GOBLIN_DRAGON_STATUE,고블린 드래곤 조각상
d54913094269c5d3,TID_TRAINING_SLOTS,훈련 대기열:
f08a62064f7d6627,TID_ALLIANCE_CREATE_SHOW_LOG,전쟁 기록 공개
9bad3597e80384c8,TID_REENGAGEMENT_CHALLENGES_1,대장님을 위해 몇 가지 특별한 도전을 준비했어요!
fdbaa9f8d3cceb4d,TID_DAILY_LOOT_LIMIT_FULL_INFO,오늘 받을 수 있는 전리품을 모두 받았습니다. 계속 싸워 트로피를 얻으세요!
8009e5cc4fce8048,TID_PET_DIGGY_ABILITY_INFO,땅속에서 튀어 올라와 적의 방어 시설을 마비시키고 공격을 가합니다.
55c23680d77d26fd,TID_SUGGESTED_PLAYERS_ABOUT_TEXT,"매일 다양한 요소를 고려하여 클랜에 맞는 플레이어가 추천됩니다. 최근 클랜 추천을 허용한 플레이어만 표시됩니다.\n\n고려 요소:\n- 공격, 지원 및 채팅 등의 활동\n- 지역, 언어, 평소 게임 플레이 시간대\n\n클랜 설정 또한 플레이어 추천 목록에 영향을 줍니다. 다음 조건에 부합되지 않는 플레이어는 표시되지 않습니다.\n- 최소 마을회관 레벨\n- 마을 및 장인기지의 최소 트로피 수\n클랜 설정을 변경해도 추천 목록에는 즉시 반영되지 않습니다."
79cffd15f1206284,TID_CAPITAL_PLAYGROUND_DEPLOY_AREA_EXPLANATION_3,방해되는 건물과 장벽을 파괴하면 배치 영역이 확장됩니다.
75125dbde67050b9,TID_INFO_TARGET_TYPE_UNITS,병력
43fb815b155d503f,TID_BOOSTER_FREE_TROOP_UPGRADE_INFO,이 마법의 망치를 휘두르면 유닛을 다음 레벨로 즉시 업그레이드할 수 있습니다. 마을과 장인기지에서 사용할 수 있습니다!
061b080e7aad6800,TID_TENCENT_DOLPHIN_CHECK_VERSION,检查最新版本
a1b7da35dfb39f27,TID_CLANGAMES_TASK_INFO_USE_HOGGLIDERS,장인 전투에서 호그 글라이더 <num2>명을 사용해 별 <num>개 획득
84c4cc3c17039c9c,TID_CLANGAMES_TASK_DESTROY_BB_DOUBLECANNON,쌍둥이 대포 파괴
212c15ae9eea6c8f,TID_SETTINGS_ON,켜짐
d7e1d3339fd4be8a,TID_DECO_HILL_10,거대한 봉우리
02d53049ee061f54,TID_LEAGUE_GOLD3_SHORT,골드 III
cd2df8211bee95b9,TID_CLANGAMES_TASK_INFO_USE_ICE_HOUNDS,멀티플레이 전투에서\n아이스 하운드 <num2>마리를 사용해\n별 <num>개 획득
9e7d6d3026877677,TID_STARBONUS_WINDOW_AWARD_EVENT,<c66CC00><num>배 별 보너스 받음!</c>
8570eecb9335b785,TID_FRIENDLY_ARMY,친선 군대
b518c09ce8937d99,TID_CHALLENGE_COMPLETED,완료!
763b9fc73a9c22a0,TID_PLAYER_LEADERBOARDS,상위권 플레이어
f7962e740c31492c,TID_WL_MUST_SELECT_ALL_BONUSES,클랜원을 더 선택하세요! 보너스가 남았습니다.
e4f818fb00f895b2,TID_CLAN_JOIN_FAIL_CLOSED,비공개 클랜입니다!
0afc14d8374b5494,TID_BOOSTER_FINISH_BUILDING_UPGRADE_OFFER_INFO,건물의 책 x<num> - 진행 중인 건물 업그레이드가 즉시 완료됩니다.
c22d62aec2c2d890,TID_STREAM_EVENT_LEFT,클랜을 탈퇴했습니다.
6d3ac70e009fdc5e,TID_TUTORIAL_ATTACK_NPC_1,상아탑의 마법사들이 도우러 왔군요! 함께 고블린 야영지를 공격하세요!
bd76f2ecb467802b,TID_CLASHIVERSARY_WARDEN,퓨처 워든
865f41701314b2ba,TID_CHESS_KING,체스 킹
5f49aae33cbb5210,TID_DECO_HOGMASTER,바바리안 산타
e17d0c08a5cc4cb3,TID_POPUP_TEXT_STORE_DECORATION,"<item> 아이템이 상점으로 옮겨지며, 비용 없이 다시 구매할 수 있습니다."
fb8f457b53466c92,TID_EP_REWARD_CLAIMED,이미 해당 보상을 받았습니다.
117ea24dac0afcd2,TID_LAYOUTS_REBUILD_CLAN_CASTLE,클랜 성을 먼저 재건해야 합니다.
a5a310ffb6de8159,TID_BUTTON_FIGHT,시작!
bea9844d145c594a,TID_HALLOWEEN_STORAGE_CONVERSION_INFO,가마솥이 <time> 후에 엘릭서 저장소 중 하나를 오싹한 엘릭서 저장소로 변환합니다.
2806ae25f924175c,TID_RICOCHET_CANNON_INFO,장인이 기묘한 기술을 사용해 공격 대상을 맞힌 뒤에 한 번 더 튕겨 날아가는 강력한 대포알을 개발했습니다.
af8d7c946f032118,TID_WAR_DONATE_MESSAGE,요청
72217f9997a4b8a7,TID_BP_PERK_SAVINGS_MULTIPLIER_BB_DESC,장인기지 금고에 획득한 전리품의 <num>배가 추가됩니다.
d949229b6b80c583,TID_BOOSTER_FINISH_BUILDING_UPGRADE_ALT_2_LINE,건물의 책
8db17c46b5a8f184,TID_LOCKED_BY_LABORATORY_LEVEL,
bc2616a85c5f3696,TID_COPY_ACTION_BUTTON,복사
917ed62dfc9972d3,TID_CLANPERK_INFO_TEXT,클랜 XP를 모아 클랜을 레벨 업하고 강력한 클랜 보너스를 획득하세요!\n클랜 XP는 클랜전과 클랜 게임에서 얻을 수 있습니다.
0661c316219e661f,TID_HINT_ACCOUNT_SECURITY_2,슈퍼셀 직원은 절대로 Supercell ID 로그인 정보를 묻지 않습니다!
d6ac9fa3ed769256,TID_PRODUCTION_CAPACITY,용량: <number>
3f5f12a6acf0f637,TID_WAR_DAY_DURATION,전투 기간
e993380265c95a98,TID_VIEW_ALLIANCE_TAB,클랜 보기
be4a2f1fd2202435,TID_CLANPERK_DESC_DONATION_LIMIT,지원 한도:
e87dea63ae9c911d,TID_EVENT_ARMYSPELL_BOOST_INFO,최대 전력을 4배 빨리 갖추세요!\n\n보석 1개로 가속:\n• 영웅\n• 유닛 훈련\n• 마법 제조
2167e75668c1c534,TID_BB_LOOT_CART_POPUP_TITLE,엘릭서 카트
d1f10da3f13afad9,TID_BATTLEPASS_TASK_INFO_USE_BARBARIANS,멀티플레이 전투에서\n바바리안을 사용해\n별 <num>개 획득
b41f32ef501aca4e,TID_MORE_APPBANK,AppBank
e349fbc9bfdd2cc0,TID_OPEN_TRAIN_TROOPS,훈련
ab349100fd4a0a84,TID_CLANGAMES_TASK_USE_DRAGON_RIDERS,드래그 레이싱
53850cde33a08d59,TID_NOTIFICATION_BUILDER_IS_BACK,"장인, 돌아오다!"
6a894ceb395e6491,TID_MINER_INFO_SHORT,장벽을 뚫는 대신 그 아래를 파내면 어때요?
9f47d6a15cfff799,TID_CHARACTER_CANNON_CART_ACTIVE_INFO,활성화되면 카트와 박격포 모드 사이에서 전환합니다.
dcbe9b204ffa4d2f,TID_ALLIANCE_WAR_FAILED_WAR_IS_ENDING,클랜전이 곧 종료되므로 공격할 수 없습니다!
0c87ddd153bc5c9f,TID_CLAN_CHANGED_TEXT,더 이상 이 클랜의 클랜원이 아닙니다. 고향 마을로 돌아가세요.
eb8febfa290a4f1c,TID_WL_WARLESS_DAY,전투 없음
72b7cec377143f23,TID_UPDATE_REQUIRED_TO_CONTACT_SUPPORT,도움말 및 지원 기능을 사용하려면 현재 게임 버전을 업데이트해야 합니다.
156f9a4794a7fd7b,TID_GEM_BALANCE_BUTTON,남은 보석
256e090339de4b3f,TID_WAR_BASE,전쟁 기지 변경
d90b09f57b66d829,TID_STARTER_INFO_DESTROYANY,멀티플레이 전투에서\n<building> <num>개 파괴
3125b44139eb4612,TID_SETTING_SHOW_LEADERBOARDS,순위표에 표시
c28feac18a44b7c3,TID_SIEGE_MACHINES_OVERVIEW_TEXT,"시즈 머신으로 클랜 성 지원 병력을 완전히 새로운 방식으로 출격시킬 수 있습니다. 적 마을 주변에 클랜 성 병력을 배치하는 것 대신, 클랜 성 유닛을 시즈 머신에 태워 적 마을의 심장부에 침투시킬 수 있습니다! 시즈 머신은 직접 작업장에서 생산하거나 클랜원에게서 지원받을 수 있습니다. 시즈 머신을 지원받기 위해서는 클랜 성이 최소 6레벨이어야 합니다."
26b267d559a3268f,TID_CLANGAMES_TASK_INFO_DESTROY_GOLDSTORAGES,멀티플레이 전투에서\n<building> <num>개 파괴
c7209c4940923ec4,TID_AUTO_FORGE_SLOT_NO_BUILDER,장인 필요 없음
bd376024c8f78418,TID_STREAM_SHARED_ARMY,군대 조합을 공유했습니다.
c432c12c94cad12b,TID_HINT_SPELL_SPEEDUP,신속 마법은 해골 비행선이나 P.E.K.K.A처럼 공격력은 높지만 움직임이 느린 유닛에 좋습니다.
1d86c6f1d598445d,TID_COLLECTORS_FULL_NOTIFICATION,"대장님, 자원 정제소가 가득 찼습니다!"
80aca0b84a7f3341,TID_SPECIAL_OFFER_EASTER_UNLIMITED,장인 부스트
e1cb33ae0e833181,TID_NPC86,모놀리스 천지
36393bf799e228cf,TID_GAMECENTER_BOUND_TO_OTHER_ACCOUNT_TITLE,Game Center 알림
b8fd83d8e5d2a75a,TID_CAPITAL_TUTORIAL_1,대장님과 얘기하고 싶어 하는 사람이 있어요. 좀... 실례되는 말을 하더군요.
f225871f43671f17,TID_TUTORIAL_WAR_LEAGUE_6,다음 날 필요한 병력을 먼저 지원해 두세요!
a5d6157c4e8af710,TID_CLANGAMES_TASK_WIN_STARS_VS_TOWNHALL_7,목표: 7홀
aae4aa397319cb4f,TID_ALLIANCE_WAR_SNAPSHOT_FAILED,마을을 저장하지 못했습니다. 나중에 다시 시도해주세요!
a0e92a8e93ba1b30,TID_UPGRADE_COUNT_LIMITED,이 건물 <num>개를 더 업그레이드할 수 있습니다.
0ee1d3e8dcc13c23,TID_BATTLEPASS_TASK_WIN_BATTLES_USING_RAGE,분노 조절
f6092c03f6b05056,TID_BATTLEPASS_TASK_INFO_WIN_BATTLES_USING_DRAGON_RIDER,멀티플레이 전투에서 드래곤 라이더를 사용해 <num>회 승리
d19bf9e52cad4c15,TID_CAPBUILD_BARRACKS_MEGAAIR_INFO,하늘의 요새를 건조하는 곳입니다. 장인도 이게 과연 하늘을 날 수 있을지 의심했기 때문에 높은 산 위에 자리 잡게 되었습니다.
53bceb642a7044e9,TID_BATTLEPASS_TASK_INFO_WIN_BATTLES_USING_MEGAPEKKA,<num>회의 장인 전투에서 파워 P.E.K.K.A <num2>명을 사용해 별 획득
5c119c22f6b040b5,TID_ERROR_POP_UP_OUT_OF_SYNC_TITLE,오류!
0b8a1394fca7eeb3,TID_RECRUITING,클랜원 모집
26aad76c7dc5084c,TID_TUTORIAL_RAID_WEEKEND_2,여기에서 현재 어느 클랜을 습격하고 있는지 볼 수 있습니다. 승리하려면 클랜이 모든 구역을 쓸어버려야 합니다.
4fe18d02f4200c74,TID_WL_BUTTON_SEND_BONUSES,보너스 주기
6529240b6da73f63,TID_EDIT_MODE_BLOCKED,장애물에 막힌 건물들이 소지품으로 이동되었습니다.
b14669f09d263eaf,TID_NPC90,M.O.M.M.A의 아수라장
125bcbb05b2ea687,TID_MAP_LOCATION_21,파도치는 호수
9469e81b88c0127c,TID_WAR_INFO_HEADLINE,개요
8a974509ff7750ae,TID_SIEGE_MACHINE_BALLOON_INFO,하늘을 나는 튼튼한 바위 비행선은 거대 바위를 떨어트려 방어 시설을 납작하게 만들고 지진을 일으킵니다. 마법 공격의 영향을 받지 않습니다.
b7224e1ff2fe02cd,TID_BP_SEASON_BANK_BB_SIZE_INCREASE,더 큰\n장인기지 금고
3f96159fd3b0c9d4,TID_REQUEST_TO_JOIN_NEW_CLAN_WHILE_IN_CLAN_TEXT,클랜 가입 요청이 수락되면 현재 소속된 클랜을 탈퇴하게 됩니다. 계속 진행할까요?
7ac9c860d971efe5,TID_RIVER_CAVE,강 동굴
d9699e0887f7ea75,TID_BATTLEPASS_TASK_WIN_BATTLES_USING_HOGRIDERS,해결사가 왔어?
1b8a86b5cc84eba1,TID_NEW,NEW
fdbd60aafa891ab5,TID_EDIT_MODE_NEED_TO_FINISH,최근 마을 편집 세션이 복원됐습니다.
c15bbacb3c089896,TID_MAINTENANCE_NORMAL_TEXT,기다리는 동안 클래시 로얄을 즐겨보는 것은 어떠신가요?
646a922bace92c55,TID_NPC_DEPLOY_STEPS_OFF_TEXT,튜토리얼 없이 해당 레벨을 다시 시작할까요?
24fb434b04f13819,TID_HALLOWEEN_EVENT_2023_TITLE,매시업 매드니스
9437e6e672fc081e,TID_HAMMERJAM_OFFER2_MAGICITEMS_WALLRING_AND_ALLRUNES_INFO_9999,• 장벽 링 x<booster1>\n• 엘릭서 룬 x<booster2>\n• 골드 룬 x<booster3>\n• 다크 엘릭서 룬 x<booster4>\n\n• 보관량 제한이 없습니다!\n• 해당 특가 상품은 2회 구매할 수 있습니다!\n\n멋진 특가 상품으로 업그레이드를 시작해보세요!
d092c79376d631d0,TID_AVATAR_MESSAGE_TEXT_ALLIANCE_DISTRICT_LAYOUT_SCRAMBLED,클랜의 구역 배치가 부적절하다고 판단되어 초기화되었습니다. 같은 일이 다시 발생할 경우 계정 정지 기간이 연장됩니다.\n클랜 캐피탈의 부적절한 배치에 관한 자세한 내용은 아래를 탭해 확인하세요.
1c1bbcd6e0932de7,TID_WAR_SELECT_MEMBERS_HINTS,위의 버튼으로 참가 멤버 수를 선택할 수 있습니다.
0885da2f5aab8dd6,TID_STARTER_TH2_INFO_UPGRADEBARRACKS,훈련소 <num2>레벨 <num>개 건설
82bdd2900ea14db8,TID_POPUP_GOBLIN_BUILDER_DISCLAIMER,고블린 장인이 작업하는 데에도 자원과 시간이 소요됩니다.
dade559f45f58085,TID_TRAINING_CAPACITY,훈련 수용량: <number>
277d564647eaf6c5,TID_COLLECTOR_BOOST_INFO,자원 생산량이 두 배로 증가합니다!\n\n자원 생산 시설을 보석 1개로 가속할 수 있습니다.
5826016d7c5e0412,TID_CHARACTER_INFO_LIGHTNINGDRAGON,강철처럼 튼튼한 비늘로 뒤덮인 일렉트로 드래곤은 번개 숨결을 내뿜어 공중에서 파괴의 비를 내립니다. 일렉트로 드래곤이 쓰러지면 엄청난 파괴력의 번개를 방출해 지면을 강타합니다!
80c153ddca7a913f,TID_BUILDER_BASE_CAMPAIGN_TITLE,대풍년 도전
afd3147e1a2bb19c,TID_TUTORIAL_CLASHOWEEN_EVENT_D1,이 가마솥에서 오싹한 엘릭서가 생산됩니다.
96f18e4affea0a92,TID_RAID_RESULTS_NO_SIGNUP_FROM_ALLIANCE,클랜이 지난 주말 습격전에 참여하지 않았습니다.
8b6e6aa93989e58c,TID_BOMBER_ABILITY,통통 폭탄
170d8eeb659218fa,TID_SHIELD_BUY_CONFIRMATION,보호막 적용!
810243fb1a7af560,TID_RAID_SIGNUP_ERROR_NOT_IN_ALLIANCE,더 이상 클랜에 소속되어 있지 않아 참가 등록이 불가능합니다.
e101963252f2deed,TID_TRAP_SANTA_INFO,적들에게 깜짝 선물을 안겨주세요. 대장님의 너그러움은 반드시 보상을 받을 것입니다!
af279e515f22d348,TID_CLANGAMES_TASK_LOOT_GOLD,골드 약탈
e51ede2227b499ad,TID_ACHIEVEMENT_TOWN_HALL_COMPLETED,현재 마을회관 레벨: <value>
fc12415e9eec7e71,TID_CLAN_TAG_CLAN_GAMES,클랜 게임
ac43d8e1a719152b,TID_TIME_DAYS,일
97804a3908c48854,TID_ACHIEVEMENT_DESTROY_XBOW_ONE,멀티플레이 전투에서 대형 석궁 1개 파괴
b104c0a5ded4ed5a,TID_GHOST_CHAMPION,유령 챔피언
ea7a60496d8d4995,TID_SPELL_FACTORY_VOUCHER_CLAIM_FAILED_ALREADY_CLAIMED,쿠폰을 이미 수령했습니다.
41c253849f00374e,TID_WEAPON_INVISIBILITY_SPELL,투명 마법 타워
9c2652aa821d6070,TID_CLANGAMES_TASK_USE_HOGRIDERS,호그 라이더의 습격
a23a9cb49b3bbdd7,TID_LEAGUE_LEADERBOARDS,내 리그
da938bee453c562b,TID_FRIEND_LIST_TEAMUP_2_FRIENDS,친구가 어디에 있든 같이하세요!
ac4ddebbfb2d2b23,TID_NEWS_BOMB_TOWER_ARMY_REVAMP_TITLE,군대 훈련 개선
c37679bd25d0ebc4,TID_ARMY_OVERVIEW_HINT_SPELLS,마을회관 <number>레벨부터 이용 가능
9ddd38820f8da37a,TID_BB_LEAGUE_DETAILS_DEFENCE_COLUMN,방어
2dad4626256f1b14,TID_SHARE_SCID_ACTION_BUTTON,Supercell ID 공유
54ad455ad430182e,TID_TYPE_ACCEPT_CLAN_INVITE_WHILE_IN_CLAN_TITLE,클랜 탈퇴
e10cb9660598e165,TID_ARTO_TASK_BATTLE_MACHINE_FLUFF,자동화는 까다로운 작업입니다. 다행히 배틀 머신은 '안전성이 뛰어나고 마을 친화적인 플랫폼'이라 여러 가지를 테스트할 수 있습니다.
ea82204890432eb7,TID_SIEGE_MACHINE_CARRIER,시즈 훈련소
ec87f08e47ac2224,TID_NPC_CHALLENGE_TH4_GIANT_GOBLINS,<cf70d16>박격포</c>가 파괴된 후에 <c54a0fe>고블린</c>을 배치해 완파하세요!
dd9f3e63351055a8,TID_LAYOUTS_CANT_REPLACE_ACTIVE,활성화된 배치를 교체할 수 없습니다.
164341cafd337f13,TID_TROOP_UPGRADE_TIME,총 시간:
fc9ead70b6c4820a,TID_DECORATION_PIRATE_ANCHOR_INFO,"밧줄이 끊겨 바다 밑바닥까지 떨어졌지만, 나름대로 은퇴 생활을 즐겨오고 있습니다. 쓸만해 보일 수도 있지만, 그냥 두는 게 좋을 것 같습니다."
d1e34fd3fca6239a,TID_BATTLEPASS_TASK_INFO_DEPLOY_TROOPS,멀티플레이 전투에서\n인구수 <num>만큼의 유닛 배치
5c1e2ab0c96f13de,TID_CAPBUILD_BARRACKS_MEGA_SPARKY,메가 스파키 작업장
c6328214ad4a92b0,TID_LEAGUES_V,V
d1d20694e3c3bb68,TID_DIAMOND_BUNDLE_BH4_ALT,견습 장인 팩
f528fa238ebc4b25,TID_REQUIRED_DARK_SPELL_FORGE_LEVEL,<number>레벨 암흑 마법 제작소 필요
61f4985d3c65950f,TID_BUTTON_ROTATE,회전
367409e628bf8d8d,TID_HASTY_BALLOON_ABILITY_HELP,첫 <num>초 동안 속도가 빨라집니다.
ebc6243e1155a2a9,TID_ACHIEVEMENT_SEASON_CHALLENGE_POINTS,시즌 도전에서 점수 <number>점 획득
e8403d6f528cae67,TID_PET_SHOP_UPGRADING,펫 하우스 업그레이드 중에는 펫을 업그레이드할 수 없습니다.
f5d2bf1ac9117f46,TID_TUTORIAL_ATTACK_NPC_2,잘하셨어요. 이제 녀석들에게 본때를 보여 주러 가죠!
749813b60cbf82d6,TID_BOOSTER_MAX_LEVEL_ARMY_ALREADY,군대가 이미 강화되었습니다!
46ec6ae50d8bf4fa,TID_BATTLEPASS_TASK_INFO_WIN_BATTLES_USING_HOGGLIDERS,<num>회의 장인 전투에서 호그 글라이더 <num2>명을 사용해 별 획득
a7868ab0203626bf,TID_CLAN_RAIDS,클랜 습격전
7dcebdd0a6c4a95c,TID_HINT_XBOW_LVL_8,마을회관을 9레벨로 업그레이드하면 새로운 방어 무기인 대형 석궁을 설치할 수 있습니다.
9cb9e8e1a70cf3f4,TID_TIME_SECS,초
ce996bdf3ac612e1,String,String
249210b71460c588,TID_PET_POISON_LIZARD_INFO_SHORT,영웅을 보호하는 맹독성의 까칠한 보디가드입니다.
ac8353804f54eb71,TID_BOOSTER_FINISH_TROOP_UPGRADE,유닛의 책
fb7a52a84fefae67,TID_ERROR_POP_UP_CONNECTION_FAILED_TITLE,접속 오류
061de3b66be3c3b7,TID_OPEN_DAILYLOGIN,열기
b9dd3f68b8ff9ed0,TID_NPC_CHALLENGE_TH7_MINION_MINIONS,<c54a0fe>미니언</c>을 배치해 <cf70d16>마법사 타워</c>를 파괴하고 다른 방어 시설을 완파하세요!
95bf335fe4585ad9,TID_DECORATION_CLASH_FEST_22_STATUE_INFO,이 불꽃은 영원히 타오르는 걸까요?
78c411f0f4db9e49,TID_LOCKED_BY_BARRACK_LEVEL,
1134660089bc9c2c,TID_BUILDING_STATUS,방어
4ba183363b4960e2,TID_DIAMOND_BUNDLE_MAGICITEMS_TROOP_BOOK_WITH_RESOURCES,유닛의 책 팩
516be6b26a22ae43,TID_SUPER_TROOP_ALREADY_ACTIVE,이미 강화됨
d016c11484add051,TID_EVENT_TITLE_CLANWAR_LONG2,장기전
c08f364db445a047,TID_HERO_INSTRUCTIONS_WARMACHINE,마스터 장인의 발명품은 적군의 건물들을 산산조각 냅니다. 최고의 장인임을 보여주는 데 이만큼 좋은 방법이 있을까요? 전기 망치 능력을 해제해서 적들을 사정없이 두들기세요!
8fcbe16e41ed2f32,TID_WAR_STATS_HEADER_WIN_WAR,승리한 전쟁
d40e415e3c5a2f3c,TID_CLANGAMES_TASK_INFO_USE_SIEGE_BARRACKS,멀티플레이 전투에서\n시즈 훈련소 <num2>채를 사용해\n별 <num>개 획득
75a8c67024195e46,TID_COSMETIC_ESTATE_3X3_SLANTED_HOUSE,경사 지붕 집
e7eb962689f904f9,TID_V2_START_DUEL_ACTIVE,매치메이킹에 실패했습니다. 이미 대결 중입니다.
8a4b370cf30c1c46,TID_POPUP_BREAK_GUARD_TEXT,가드가 없으면 다른 플레이어의 공격을 받을 수 있습니다. 정말로 가드를 제거하시겠습니까?
5133042d3deee439,TID_GARG2_ABILITY_HELP,"첫 <num>번의 공격이 더 빠르고, 사정거리가 더 길며, <num3>의 피해를 줍니다."
f952d1148c73838f,TID_COSMETICS_SCENERY_FEATURES,배경 구성:
f89f702a46ab9695,TID_BOOSTER_STAR_POTION_INFO,깨지기 쉬운 이 병을 별로 가득 채워 부수면 즉시 장인기지에서 별 보너스를 얻을 수 있게 됩니다.
7fd1fad6a45c381b,TID_WL_ALL_BONUSES_ALLOCATED,남은 보너스가 없습니다. 다른 클랜원을 선택 해제하세요.
b1bc0c573f6b1dfa,TID_DIAMOND_BUNDLE_TH13,마을회관 13 팩
5bb3742fe306c768,TID_BATTLEPASS_TASK_WIN_BATTLES_USING_SKELETON,해골 크루
854692e38709e7c7,TID_BATTLEPASS_TASK_INFO_WIN_BATTLES_USING_MINERS,멀티플레이 전투에서\n광부를 사용해\n<num>회 승리
8bef8f99ade31e8c,TID_BATTLEPASS_TASK_START_BB_UPGRADE,장인기지 개선
c00727a8c7bcb498,TID_DEVICE_LINK_ERROR_CODE_CURRENT_VILLAGE_TOO_HIGH_TEXT_TENCENT,이미 로그인한 계정에 영구적으로 등록된 마을입니다.\n\n마을 진행 상황(마을회관 <level>레벨 혹은 구매 기록) 때문에 더는 덮어쓸 수 없습니다.
a0dfdecf5f862c36,TID_BP_PERK_AUTO_FORGE_DESC,단조 작업소에 추가 슬롯이 잠금 해제됩니다. 이 슬롯에선 장인 없이 절반의 자원으로 생산이 가능합니다.
431516d41accdc24,TID_BUILDER_HALL_1_INFO_SHORT,마스터 장인의 집이자 바다를 건너 떠날 여정의 시작점입니다.
fe3b84776fa8f167,TID_CLANGAMES_TASK_WIN_STARS_USING_FREEZE_INFO,멀티플레이 전투에서\n얼음 마법을 <num2>번 사용해\n<num>회 승리
22e071bf4bba0add,TID_CHALLENGE_NOT_AVAILABLE_NO_ARMY,캐피탈회관 2레벨에 도달하여 친선 구역 도전 과제를 보내세요!
8e4ed2dc0b80d9fa,TID_CLAN_TYPE,유형
97ce4344244bba7c,TID_DONATION_LIMIT_REACHED,지원 한도 도달
ffa8c6f58c385066,TID_AVATAR_MESSAGE_TEXT_GEM_REVOKE,"이 계정에 대한 환불이 신청되었으며 <refundDate>에 승인되었습니다. 주문한 결제 수단을 통해 환불이 진행됩니다.\n\n환불 금액에 맞춰 총 <totalRevokedGems>개의 보석이 계정에서 차감되었으며, 이로 인해 보석 수가 마이너스로 내려갈 수 있습니다. 추가로 보석을 주문하거나 게임에서 보석을 획득하면 다시 회복됩니다."
11e54f0d2893dbfa,TID_HINT_TESLA_HIDDEN,숨겨진 뇌전탑은 적 유닛이 충분히 가까이 접근할 때까지 보이지 않습니다.
95afc89542370c4a,TID_GEAR_FROZEN_ARROW,얼음 화살
79d5d26130ae5222,TID_LOCAL_NOTIFICATION_EVENT_STAR_BONUS_4X,"대장님, 4배 별 보너스 이벤트가 시작됐습니다!"
f4058fba5bb0a589,TID_EVENT_TITLE_CLANWAR_XMAS,동계 클랜 게임
1c6c4615b20a8177,TID_REMOVE_TROOP_MESSAGE,부대 제거
9054d13abda23179,TID_SPELL_BATS_INFO,전장 어디에나 박쥐를 소환할 수 있습니다!\n\n필요한 곳에 이 공중 지원군을 내보내세요. 박쥐는 함정을 작동시키지 않습니다.
07261dcb7e3e4536,TID_BUTTON_SAVE_PRESET,저장
46116ef4fb23fdc0,TID_TITLE_SHARE_REPLAY,영상 공유
07d7cd4361042c0c,TID_BUTTON_RETURN_TO_WAR,전쟁 지도
24256007010ca308,TID_BATTLEPASS_TASK_WIN_BATTLES_USING_MINERS,골드 캐기
6553afcc5453a2f6,TID_START_WAR_FAILED_GENERIC_ERROR,새로운 전쟁을 시작할 수 없습니다! 나중에 다시 시도하세요!
d5d004a83dfd06e9,TID_NPC_CHALLENGE_PROGRESS_WARNING_TITLE,잘했어요!
b2114f2b072e0c85,TID_CLANGAMES_TASK_INFO_DESTROY_DARKELIXIRPUMPS,멀티플레이 전투에서\n<building> <num>개 파괴
219b53e314c8fcea,TID_HINT_GUARD_LOSE,가드 중에 다른 마을을 공격해도 가드 시간은 줄어들지 않습니다.
adc585ba95ca9dfc,TID_BUTTON_DISABLE_TUTORIAL,튜토리얼 종료
a273e34728788215,TID_CAPBUILD_BARRACKS_BARBARIAN,슈퍼 바바리안 훈련소
799ce461499d8e89,TID_PET_FROSTY_ABILITY,차가운 친구들
3f1cf0b2d50d8114,TID_HINT_UPGRADE_TROOPS,군대를 강화하세요! 연구소를 건설하고 유닛을 업그레이드하세요!
c06d7bfc3a5b0e6a,TID_CHARACTER_COOKIE_PEKKA,C.O.O.K.I.E
2875057304948dd4,TID_LEGENDS_ATTACKS_EXHAUSTED,오늘의 공격을 모두 완료했습니다!
25d64bcbbee3d7c8,TID_PET_ABILITY_INFO_SPIRIT_FOX,주기적으로 자신과 영웅을 투명하게 합니다.
cf929bcf928f12f0,TID_REGULAR_THEMED_BATTLE_OFFER_INFO_TH0712_9999,• <res0> 다크 엘릭서\n• <res1> 골드\n• <res2> 엘릭서\n• 유닛의 책 x<booster1> - 진행 중인 유닛 업그레이드가 즉시 완료됩니다.\n\n• 보관량 제한이 없습니다!\n• 해당 특가 상품은 표시된 기간 내에 1회만 구매할 수 있습니다.\n• 클랜에 영광스러운 승리를 안겨주세요!
379574b92b3cebcb,TID_3_WIN_BONUS,3승 보너스
c947b8ee6495a9e6,TID_NPC_CHALLENGE_TH8_GOWIPE_GOLEM,<c54a0fe>골렘</c>은 HP가 높습니다. 골렘을 다른 유닛 앞에 배치해 보호하세요.
cb9d17d326ae98cc,TID_RECORDING_CANT_GO_HOME,홈으로 돌아가려면 먼저 녹화를 중지해야 합니다!
9a7472a8843881b5,TID_TAB_OVERVIEW,개요
71b79fdbd5f6b518,TID_TREASURY_ELIXIR,금고 엘릭서
4e2e6ca2d1a81faa,TID_YOU_HAVE_ALREADY_CLAIMED_THE_GIFT,이미 이 선물을 받았습니다!
ab38a3866282b4a2,TID_STARTER_TH4_UPGRADEARCHERTOWER,더 나은 활
7adb0eb3dbbaebff,TID_PLACEMENT_HINT_TUTORIAL3,유닛을 배치하세요!
b54cfc07fcfbc8e5,TID_ACHIEVEMENT_CLAN_GAMES_POINTS_TITLE_III,게임 챔피언 III
c1829e3b008fcd27,TID_POPUP_BOOST_RESOURCES,자원 시설을 강화하면 <time> 동안 자원 생산량이 두 배가 됩니다.
973337470bae3b97,TID_EDIT_MODE_COPY_BUTTON,배치\n복사
a02fe29c3a9ec69c,TID_ANNIVERSARY_KING,비트 킹
370b3b9d27375f6d,TID_BP_PERK_BUILDING_BOOST_DESC_STARTER,건물 건설 및 업그레이드에 필요한 자원과 시간이 감소합니다. 단조 작업소에서 제작 시 필요한 자원과 시간이 감소합니다.
729685409c47a17b,TID_HINT_SAFEGUARD_PROGRESS,Supercell ID 계정으로 로그인해서 게임 진행 데이터를 안전하게 지키세요!
567a92e3b4752ab6,TID_BUILDING_PART_LOCKED_BY_REPUTATION,캐피탈 명성 <level>레벨부터 사용할 수 있습니다.
6b5a11f50cab0504,TID_ALLIANCE_STREAM_THANKS,지원군을 보내주셔서 감사합니다!
8821f722e12be338,TID_BP_PERK_INCREASED_SAVINGS,더 크게
d3b23da42bf08669,TID_ALLIANCE_REQUEST_DECLINED,클랜 가입 요청이 거절되었습니다!
8820bc98834b568e,TID_LEAGUE_EMERALD1_SHORT,에메랄드 I
0d5f107d06b2bb45,TID_AVATAR_MESSAGE_TEXT_THANK_YOU_FOR_REPORTING,"슈퍼셀의 안전하고 공정한 게임 이용 방침을 위배하고 게임을 방해하는 플레이어를 신고해 주셔서 감사합니다. 대장님의 신고는 저희에게 큰 도움이 됩니다.\n\n어떤 제재가 가해지는지 자세히 말씀드릴 순 없지만, 적절한 조치가 신고된 플레이어의 계정에 취해집니다. 대장님의 신고로 클래시 오브 클랜은 더욱 재미있고 안전한 환경을 만들어 나갈 수 있습니다.\n\n추후에도 부적절한 행동을 발견하신다면, 계속해서 저희에게 신고해 커뮤니티를 지켜주세요!\n\n감사합니다!\n슈퍼셀"
5db6fbad25492b33,TID_CHARACTER_SUPER_WITCH_INFO,집중된 마법은 집중된 결과물로 이어집니다. 슈퍼 마녀는 작은 해골 무리 대신 매우 튼튼한 골격의 거대한 해골 하나를 소환합니다.
afcb8389d8776727,TID_BUILDING_OTTOS_OUTPOST_INFO_SHORT,"기지에는 그에 걸맞은 건물이 필요한 법인데, O.T.T.O가 실망시키지 않고 잘 준비했습니다."
c5f1f0bb163b2840,TID_CHARACTER_INFO_WARLOCK,마녀는 절대 혼자 싸우지 않습니다. 끊임없이 옛 전투에서 쓰러진 언데드 병사들을 일으켜 세워 그녀의 길을 안내하도록 만듭니다. 마녀를 업그레이드하면 동시에 소환할 수 있는 해골의 수가 증가합니다.
335e10fb80cb4bbd,TID_ELECTROFIRE_WIZARD_INFO,스타일까지 갖춘 마법의 달인 일렉트로파이어 마법사는 하나의 목표물을 태워버리거나 다수의 적을 한번에 감전시켜 버립니다.
a0c394fcb7168b14,TID_NPC33,불완전한 포탑
694517fe3b297d4b,TID_FEEDBACK_BUTTON,문제점 제보
9b5994520495f59d,TID_LOCAL_NOTIFICATION_FORGOT_SPELLS,"이런, 마법 제조를 깜박한 건 아닌가요?"
1e6c73027da1a2f0,TID_ALLIANCE_GAMES_REWARDS_AFTER_END,"클랜 게임이 종료되면, 잠금 해제된 보상 티어에서 각각 하나씩 보상을 선택할 수 있습니다."
bd9519d19f39a97d,TID_MAP_LOCATION_10,고블린 야영지
42db77298eed8c86,TID_NPC34,척후병
2ac0e7d08ecde0e2,TID_CHARACTER_GIANT_ACTIVE_INFO,활성화되면 <num>초간 모든 공격을 막아냅니다.
f5424223d7042b9a,TID_GEAR_INFO_ANGRY_TOME,인근의 아군 유닛들이 추가 피해를 줍니다
1a3efd5575a09da5,TID_CLANGAMES_TASK_USE_BETAMINIONS,베타 미니언 난투
7c57305809755815,TID_BONUS_FROM_GEAR,장비에서 +<number>
26507c42783bad17,TID_CLAN_TAG_ACTIVE_DONATOR,지원 활발
fdd153f49b7d18a8,TID_INFO_EFFECT_TYPE,마법 유형:
15e9f30838ea8a02,TID_ERROR_POP_UP_SERVER_MAINTENANCE_ESTIMATED_SOON,"죄송합니다, 서버 점검 중입니다. 몇 분 후 다시 시도해주세요."
1170a51b2d81fd6e,TID_LEGENDS_MP_DEFENCE,방어
ddefe23b532ac6ba,TID_NPC_CHALLENGE_TH12_DRAGBAT_FREEZE1,<c54a0fe>박쥐</c>가 살아남을 수 있도록 <c38eaff>얼음 마법</c>을 사용하세요. <cf70d16>마법사 타워</c>와 <cf70d16>대공포</c>를 겨냥해 마법을 배치하세요.
bb36241c1aeb8416,TID_BATTLEPASS_TASK_INFO_USE_GIANTS,멀티플레이 전투에서\n자이언트를 사용해\n별 <num>개 획득
afcbbad64c7b60da,TID_HINT_XBOW_AMMO,대형 석궁의 화살은 엘릭서로 제작합니다. 적을 방어한 후 잊지 말고 대형 석궁을 재장전하세요!
33324b39544b809b,TID_NPC_CHAMPION_HEALTH_LOW,<c9916c8>로얄 챔피언</c>의 HP가 감소하고 있습니다. 로얄 챔피언의 능력을 사용하세요!
37c5acc9159a27a9,TID_PRESET_TOO_MANY_DIFFERENT_SUPER_TROOPS,군대에 다른 슈퍼 유닛이 너무 많습니다.
e95e84a670536b39,TID_ALLIANCE_DATA_FAILED_NOT_FOUND,클랜을 찾을 수 없습니다.
db2c08dc6c39e34b,TID_DISTRICT_DRAGON_CLIFFS,드래곤 절벽
40574e906c896845,TID_FRIENDS_ONLINE,온라인
da967a5f3b4b9297,TID_HINT_CLAN_CHAT_PROFANITY_FILTER,설정 메뉴에서 클랜 채팅의 욕설 및 비속어 필터링을 사용할 수 있습니다.
ff00462cb1429f6f,TID_BP_REWARDS_LIST_TITLE,보상 목록
b8cf977f953d25f9,TID_BATTLEPASS_TASK_INFO_WIN_BATTLES_USING_SNEAKYARCHERS,<num>회의 장인 전투에서 은신 아처 <num2>명을 사용해 별 획득
7b697b0ad38925b0,TID_DRAGON,드래곤
56fd3947fa99b166,TID_REPAIR_BUILDING_TITLE,건물 수리 확인
e6203979c70d3116,TID_BOOSTER_FREE_BUILDING_UPGRADE_OFFER_INFO,건물 해머 x<num> - 건물을 다음 레벨로 즉시 업그레이드합니다.
15f978ca48217d30,TID_CAPITAL_CLAN_RANK,클랜 랭크:
ac5cc11650dfaaba,TID_BUTTON_ATTACK_MODE_NEAR_FAST,빠른 공격
5a18d540947f1164,TID_SPEEDUP,신속 마법
f134e1ef47e931db,TID_DEVICE_LINK_ERROR_CODE_ERROR_1_TITLE,오류 발생 (101)
f96ed238d9ca8256,TID_NOT_ENOUGH_RESOURCE,<resource> 부족!
e84058252ac59e83,TID_ERROR_POP_UP_UNLOCK_UNAVAILABLE_BUTTON,다시 시도
c6e761b3500a5d24,TID_HINT_ACCOUNT_SECURITY_1,누구에게도 Supercell ID 로그인 정보를 알려주지 마세요!
b2787195750b4617,TID_TIME_LEFT_NONE,서버 점검 예정
a801b2a9c95c990f,TID_HERO_ABILITY_BARBARIAN_DESC,"분노한 바바리안 킹이 체력을 대량으로 회복하고, 자신의 속도 및 공격력을 증가시킵니다. 또한, 주변에 분노한 바바리안 무리를 소환하여 함께 싸웁니다!"
c7171d4c557f6bf6,TID_WARTOOLS_CLAIM_TARGET,목표 선점
d27eca6b8df00362,TID_TUTORIAL_SEASON_CHALLENGE_2,이제 매달 새로운 도전과 보상이 등장합니다!
cec5f8f5bca31ef7,TID_CLANGAMES_TASK_INFO_SPEEDY_STARS_MV,멀티플레이 전투에서\n별 <num>개 획득\n(<num2>초 안에 획득한 별만 해당)
64a1ce14753c7e0c,TID_HERO_AURA_WARDEN_DESC,"워든의 지팡이가 생명력을 올려주는 오라를 발산하며 레벨이 오를수록 오라가 강해집니다. 공격 및 방어 시 주변의 모든 아군이 HP 증가 효과를 받지만, 너무 멀리 떨어지면 효과가 사라집니다."
1163b494c969d6cc,TID_LAYOUTS_LAST_USED,마지막으로 사용
617a4dfdf84e8be3,TID_MORE_AVAILABLE_AGAIN_IN,오늘의 전리품을 모두 획득했습니다! 다음 획득까지 남은 시간:
2218cb26597518e1,TID_WL_MEDALS_RECEIVED,클랜전 리그 보상으로 메달 <num>개를 획득했습니다.
3ccc7df888417926,TID_BATTLEPASS_TASK_INFO_WIN_BATTLES_USING_YETI,멀티플레이 전투에서\n예티를 사용해\n<num>회 승리
86e6012e02899578,TID_BUILDING_CUSTOMIZE_CATEGORY_GROUND,지면
91ee092c04260c48,TID_REQUIRED_PET_SHOP_LEVEL,<number>레벨 펫 하우스 필요
1b8e747a6b9ab4b3,TID_BARBARIAN_KING_PEKKA,P.E.K.K.A 킹
914b0485581dd40e,TID_START_WAR_FAILED_NO_RIGHTS,대표와 공동 대표만이 전쟁을 시작할 수 있습니다!
bf49f3a4588c8f57,TID_CHARACTER_BABY_ELECTRO_DRAGON,베이비 일렉트로 드래곤
d5a2ac3762569dbf,TID_BATTLEPASS_TASK_INFO_DESTROY_TOWNHALLS,멀티플레이 전투에서\n마을회관 <num>개 파괴
be9f57c5e2ca85d6,TID_CONFIRM_DEVICE_LINK_TEXT,정말로 현재의 마을 정보를 삭제하고 다음 정보와 교체할까요?
64efb9ff6623b0d0,TID_NPC_CHALLENGE_DEPLOY_AIR_GRAND_WARDEN,이제 <c9916c8>그랜드 워든</c>을 배치하세요. 공중 모드를 사용하세요!
d4c02ab6f3bcdf92,TID_NOTIFICATION_RESOURCES,자원 및 일일 보너스
d18c8dcf7b3c3aff,TID_EARTHQUAKE,지진 마법
04c68319e7507658,TID_CAPBUILD_BOMBTOWER_INFO,"폭탄 타워는 근처의 지상 유닛에게 폭탄을 던지며, 파괴되면 폭발을 일으킵니다! 근접 유닛은 가까이 가지 않는 게 좋아요!"
1fcfb51d679dbedd,TID_WL_COLUMN_POSITION,순위
fdeda9527649de7a,TID_ACHIEVEMENT_GEAR_UP,마스터 장인으로 건물 <number>개 개조
7072720d3de86558,TID_HINT_UPGRADE_MINES,골드가 부족하세요? 금광을 업그레이드해보세요.
105bd722cfb11435,TID_SLOW_SPELL,느림
236071da15df04d3,TID_SCID_GOLD_PASS_QUANTITY,골드 패스 x<num>
02112a90504278f2,TID_WECHAT_NOT_INSTALLED,아직 WeChat을 설치하지 않았습니다.
b1e279f935eed7ed,TID_DAMAGE_RADIUS,광역 피해량: <number>칸
c548a9bd9b117421,TID_LINK_SAME_PLATFORM_TENCENT,"여러 기기에서 게임을 즐기려면, 게임 설정에서 WeChat이나 QQ 계정에 로그인한 뒤 다른 기기에서 동일한 WeChat이나 QQ 계정으로 로그인하세요.\n\n게임 진행 상황은 자동으로 동기화됩니다."
6e9d2e17f4df06dd,TID_BP_PERK_TRAINING_BOOST,훈련 부스트
20def138ebbd10a8,TID_DIAMOND_BUNDLE_MAGICITEMS_HERO_LEVEL_PACK,로얄 업그레이드 팩
1d2223b721a745a5,TID_ALLIANCE_WAR_STAR_XP_DESC,별 <num>개를 획득해 <xpnum> 클랜 XP 보너스를 받았습니다.
844b23e5bd2c5506,TID_FRIENDLY_WAR_PARTICIPANTS,친선전 참가자
c6531f2e10729a76,TID_HINT_CHAT_REPORT,"불건전한 내용의 채팅이 확인될 경우, 해당 내용을 눌러 \q신고\q 버튼을 눌러주세요."
e3f40b7bd1d8e3c3,TID_BUILDING_REQUIRED,<building> 필요
53fcbed872bc9959,TID_CLAN_WAR_LEAGUE,클랜전 리그
dff0ad92dfb64988,TID_WL_STAT_POSITION4,4위
1c2700136e534adf,TID_SETTING_DEPLOYMENT_BAR_SIZE,배치 바 사이즈
fa7d580884e45807,TID_GEAR_UP_ITEM,<item> 개조
1491aea370f9c378,TID_REENGAGEMENT_LAB_DID_UPGRADES_NONE_LEFT_1,연구소는 늘 바쁘게 움직이고 있었습니다.
0237d3786948b319,TID_TREASURY_BOOSTERS_EMPTY,해당 마법 아이템을 가지고 있지 않습니다!
49516f5207e2c548,TID_MAKE_SKIN,Supercell Make 스킨\n\n콘셉트:\n<cff8000><CREDIT></c>
59bf026058369ce7,TID_CONFIRM_SUPER_TROOP_PURCHASE_TITLE,강화 확인
f6f866e9fc1d1bc1,TID_BUILDING_GOLD_MINE,금광
ad24413260ca8b98,TID_BUNDLE_BUY_CONFIRMATION,<ce53cff><bundle> 받음!</c>
bc971a949a27eccf,TID_AUTO_FORGE_SLOT_DESC,장인 없이 절반의 자원으로 생산이 가능합니다. 잠금 해제하려면 골드 패스를 획득하세요.
4654b9da8fe6085e,TID_GAMES_REWARDS_HEADLINE,보상
d22b74a176fa5a39,TID_PLAYER_PROFILE_SPELLS,마법
be6f419044388966,TID_CLANGAMES_TASK_INFO_DESTROY_CLANCASTLES,멀티플레이 전투에서\n<building> <num>개 파괴
7a6fddaae2588550,TID_DIAMOND_BUNDLE_MAGICITEMS_SPELL_BOOK_WITH_RESOURCES_INFO,• 마법의 책 x<booster1>\n• <res0> 엘릭서\n• 보관량 제한이 없습니다!\n\n'마법의 책'으로 마법 업그레이드를 즉시 완료!\n\n놓치지 마세요!
1169c83f564026cd,TID_CLAN_AVAILABLE_FOR_RECRUITING_DESC,클랜 가입 신청을 받을까요?
9a6424617d0fe2bb,TID_UPGRADING_SUBTITLE,<number>레벨로 업그레이드
ba3a21d2c1e47e87,TID_ACHIEVEMENT_PVP_DEFENSES_COMPLETED,승리한 방어전: <value>
726d51f4cb13b680,TID_HINT_VILLAGE_EDIT_MODE,마을 배치 모드를 이용하면 건물의 위치를 쉽게 변경할 수 있습니다.
b36e713b39b8a97f,TID_PRESET_CAPITAL_HOUSING_BUILDING_MISSING,주거 시설이 아직 건설되지 않았습니다.
f9aecc048cea71ba,TID_ICE_KING,아이스 킹
043b4f7740758f02,TID_DIAMOND_BUNDLE_TH3,마을회관 3 팩
abe2cae890143758,TID_POPUP_CANCEL_CLEAR_TITLE,제거 중단
05c57343dcdca471,TID_OBSTACLE_BUSH,덤불
bc39791f8325e80b,TID_REENGAGEMENT_APOLOGY_6,대장님이 떠난 뒤 많은 일이 일어났어요. 모두 만나러 가시죠!
e970628c95f0ed80,TID_ACHIEVEMENT_GEAR_UP_TITLE,개조 최고조
790351e316ed0e27,TID_HINT_TOXIC_MINION,베타 미니언을 적 건물에서 먼 곳에 배치해 파워 샷 능력을 활용해 보세요.
06b99eb92b701d21,TID_CLANGAMES_TASK_INFO_BEAT_GOLDTARGET,멀티플레이 전투에서\n한 번에 <num2> 골드 약탈
e0a15af01073a728,TID_DEFENDING_TROOPS,방어 유닛:
3177b51141c6563e,TID_REPORT_PROFILE_IMAGE_TEXT,정말로 <name> 님의 프로필 사진을 부적절한 이미지로 신고하시겠습니까?
9aac7161524e3ba9,TID_BONUS_GEMBOX,보석 상자
d374f7d964656c09,TID_CLAN_IS_ALREADY_IN_WAR,클랜이 이미 전쟁 중입니다
32b75ef104fe540d,TID_TRAINING_LEVELS_DESCRIPTION,무료로 다양한 공격 전략을 연습하고 전투 실력을 기르세요!\n마을회관을 업그레이드하면 새 연습 레벨을 만날 수 있습니다!
e286ecc69ba97f4a,TID_CLANBADGE_LAYER_0,배경
16846099d8df9ee4,TID_LEAGUE_RUBY3_SHORT,루비 III
65114d341ff60034,TID_CLAN_GAMES_NO_REWARDS_EARNED,보상을 얻기 위해서는 하나 이상의 도전 과제를 완료하고 클랜 점수 티어에 도달해야 합니다.
381a30561466638c,TID_ACHIEVEMENT_CLAN_GAMES_POINTS,클랜 게임에서 <number>점 획득
d27eb5a357288273,TID_NO_TROOPS,먼저 유닛을 훈련해야 합니다.
37251628b83f4068,TID_ALLIANCE_WAR_ENDED_PROMPT,전쟁 종료
2d3fbc5f5c8dc8e6,TID_ACHIEVEMENT_CASTLE_COMPLETED,현재 클랜 성 레벨: <value>
69aaed1d369cada8,TID_EP_GET_BANNER_TITLE,이벤트 패스 구매
5ecd466e8c9ad237,TID_CAPBUILD_BOMBTOWER,폭탄 타워
49e80ece864f4468,TID_REPLAY_SHARED_SUCCESS,공유 완료!
35bd3b3cbbbff2f5,TID_GEAR_UP_TIME,개조 시간
81eb28cfdd204554,TID_WECHAT_LOGOUT_BUTTON,로그아웃
527ec44735bec0ae,TID_CHALLENGE_TH7_HOG,호그 러시
9a41b8322abe4ba2,TID_LOGIN_RESTRICTED_BY_LOCATION,현재 위치에서는 로그인이 지원되지 않습니다.
13865bb7015c9093,TID_ERROR_POP_UP_BANNED,일시적으로 로그인할 수 없습니다.
62a210a9b21af1b4,TID_START_RAID_FAILED_NO_RIGHTS,대표나 공동 대표 또는 장로에게 습격전을 시작하도록 요청하세요!
f4c22b5ecbb82356,TID_NPC_CHALLENGE_TH9_BABYDQW_BARBARIAN_KING,<c9916c8>바바리안 킹</c>을 배치해 구석을 정리하세요.
c640e9b010a0b951,TID_PROMOTE_TO_ADMIN_CONFIRMATION_TITLE,승급 확인
aca6906c777df3bc,TID_REENGAGEMENT_LOOTCART_1,아까 찾아온 녀석들이 도망치며 떨어뜨렸어요.
637dc0ed96737681,TID_BUTTON_BUY,구매
3e6b3cb2ee65faad,TID_FRIEND_FILTER_INGAME,친구
2ce83dadd265e1e4,TID_CAPBUILD_CRUSHER_INFO,크러셔는 혼자만의 공간에 있는 것을 좋아합니다. 귀찮게 하는 지상 유닛이 있다면 거대한 돌로 사정없이 내려칩니다!
5a8772e79daf232f,TID_CAPBUILD_CAPHQ_INFO,캐피탈의 심장부입니다! 업그레이드해 새로운 구역을 잠금 해제하고 캐피탈 피크의 건물을 추가로 업그레이드하세요.
9dbcd0b448d6c4bf,TID_LEAGUE_WOOD1,우드 리그 I
e9a44c7ece16fb60,TID_CLAN_WAR_FREQ,전쟁 빈도
c10b0db53ee32dbc,TID_TRAP_SUPERBOMB_INFO,대형 폭탄은 큰 폭발을 일으킵니다.
53759e7a6d75ace2,TID_BP_PERK_CURRENT_AMOUNT,적용
0488c4442e8242ba,TID_BUTTON_SEND_AWAY_MASTERBUILDER,이동
a7c97692f60d5e03,TID_PET_ABILITY_INFO_BARKY,L.A.S.S.I는 장벽을 뛰어넘어 반대쪽에 있는 대상을 공격할 수 있습니다.
9607fe85b27901fd,TID_ACHIEVEMENT_DESTROY_INFERNO_COMPLETED,파괴한 인페르노 타워: <value>
41b00b74d88f2718,TID_CHARACTER_INFO_HEALER_SHORT,아군 유닛을 치유해 더 오래 싸울 수 있게 합니다!
1ae9bb897a100921,TID_MAX_TROOP_LEVEL,최고 레벨
fd408b333db7111a,TID_DUEL_REWARDS_INFO_TEXT,장인 전투에서 이겨 전리품을 획득하세요. 방어 시 자원은 손실되지 않습니다.\n\n트로피 수가 많아지면 보상도 늘어납니다!
a2b115eea89fbd39,TID_ALLIANCE_WAR_LOOT_DELIVERED,전쟁 전리품 보너스가 금고로 전달되었습니다!
b9949766d6478d72,TID_LAKE_CORNER,호수 모서리
a2f6ee9be31bd315,TID_STREAM_SENDER_YOU,나
b8a59757c41e6f6b,TID_WL_BUTTON_CHANGE_MEMBERS,멤버 변경
79306558fd8c5719,TID_ERROR_POP_UP_PERSONAL_BREAK_FINAL_TITLE,휴식 연장
6596752b408fff54,TID_CHARACTER_INFO_MOVING_CANNON,바퀴 달린 대포라니! 방금 박격포로 변신한 건가요?? 아무도 예상 못 하겠군요. 강력하면서도 만능이네요!
313d57f4b57552f8,TID_INVALID_PLACEMENT_CAPITAL,흰색 지역에 유닛을 배치하세요!
3345088aafa2a5bf,TID_JUNGLE_QUEEN,정글 퀸
f102c0081766b95b,TID_BUNDLE_UPDATE,업데이트 스페셜 팩
8a8ebeee470f8c5a,TID_CHARACTER_FIRECRACKER,폭죽
3fba59cccbcf058a,TID_PRESET_ORIGINAL_TROOP_ALREADY_INCLUDED,일반 유닛이 이미 군대에 있습니다.
8dcae4e93fe88038,TID_CURRENT_REWARDS,현재
2f3e4427698977b6,TID_INFO_ACTIVATION_TYPE_HIT_BUILDING_IN_RANGE,범위 내 건물이 공격받음
e6bbfc03abac0b2f,TID_NPC58,졸업식
0ab4f56903fbb919,TID_WORKER_INFO,"장인 없이는 아무것도 건설할 수 없습니다! 장인을 추가로 고용하면 여러 건물을 동시에 건설할 수 있고, 건설 작업은 보석을 사용해서 시간을 단축할 수 있습니다."
6159ef26171376b0,TID_INFO_POP_UP_TOS_PP_NOTE_AMAZON,클래시 오브 클랜은 무료 게임이지만 인앱 구매를 통해 더 빠르게 진행할 수 있습니다. (Amazon 앱스토어 설정에서 인앱 구매를 비활성화하면 구매를 차단할 수 있습니다.) 확인을 누르면 이용 약관과 개인정보 처리방침에 동의하게 됩니다.
1f4bf557b1dbbefa,TID_MEMBERS_SORTED_BY_XP,최고 XP 레벨
f1006e793bb30274,TID_SEARCH_TAB_CLANS,클랜 검색
50ac5ec634fb4ad5,TID_CAPBUILD_GOBLIN_HALL,고블린 회관
7f1e21d0fba9f3dd,TID_SUPER_CHARGED_PEKKA,파워 P.E.K.K.A
f0ea6a6beb547c99,TID_REENGAGEMENT_LAB_DID_UPGRADES_NONE_LEFT_2,마법사들이 방금 모든 연구를 완료했다는 소식이 들어왔군요!
044141d541086262,TID_NEWS_UPGRADES_TEXT,
a5db6d8379847371,TID_PET_DIGGY_INFO,"내성적인 성격이라 땅속에 숨어 지내는 시간이 많습니다. 하지만 전투 때가 되면 올라와 건물을 공격하고 영웅을 도우며 자기 몫을 톡톡히 합니다. 영웅이 쓰러지면, 자기를 보살피고 쓰다듬어줄 새 영웅을 찾아나섭니다."
cd02d3bbbab59b2a,TID_HINT_HEALER_AIR,치유사는 공중 유닛입니다. 대공포와 아처 타워로 손쉽게 상대할 수 있습니다.
59e090687a1210f0,TID_TUTORIAL_STARTER_CHALLENGE_3,도전 점수를 모아 보상을 획득하세요!
706227a0126f7328,TID_CONFIRM_FINISH_TRAINING_TITLE,훈련 즉시 완료
99b12b111146e2c7,TID_6ANNIVERSARY_OFFER_MAGICITEMS_BOOK_AND_GOLD_ELIXIR_INFO_999,• <res0> 골드\n• <res1> 엘릭서\n• 건물의 책 x<booster1> - 건물 업그레이드가 즉시 완료됩니다.\n\n• 보관량 제한이 없습니다!\n• 해당 특가 상품은 20회 구매할 수 있습니다!\n\n기념일 팩은 기간 한정으로 구매할 수 있습니다!
11086f2c711c2b7d,TID_LEADERBOARDBANNER_PLAYER_NO_TOP_3,전설 리그 토너먼트 승리자는 여기에 등록됩니다!
4e41ec31fb72e520,TID_LAYOUT_LINK_COPIED_TO_CLIPBOARD,배치 링크가 기기 클립보드에 복사되었습니다!
81ae1a5586ab5231,TID_NPC29,강철 장갑
d6684c9fb1275245,TID_ROYAL_GHOST_ABILITY_HELP,배치 후 <num>초 동안 방어 시설과 장벽의 방해를 받지 않습니다.
654f6e962cb10bb1,TID_PROJECTILE_COUNT,발사체 수: <number>
d96b76fecd75067a,TID_CHARACTER_INFO_SPEAR_GOBLIN,대체 누가 고블린에게 창 던지는 법을 가르친 거죠? 이 많은 창들은 다 어디에서 나오는 걸까요? 어찌 됐든 창 고블린은 지상과 공중의 적을 통쾌하게 물리쳐줍니다.
384bdc04ce7be5a7,TID_HINT_RESOURCE_LOSSES,마을이 완전히 파괴되어도 일정량의 골드와 엘릭서는 보존됩니다.
5f60472f78638a82,TID_BUTTON_CUSTOMIZE_BUILDING,꾸미기
223d35b62dcf0dda,TID_WL_LEADERBOARD_BRACKET_POS7,조 7위
ba4904aaf17abc62,TID_BABY_DRAGON_ENRAGE_SPEED_INCREASE,분노 보너스 피해량:
23749d41947bc6bd,TID_CLANGAMES_TASK_DESTROY_LABORATORIES,연구소 강타
9bd243235be3a09c,TID_CHALLENGE_INFO_2021,정글 속의 14레벨 마을회관이 나타나 파장을 일으킵니다. 영웅에게 환상의 짝꿍 펫이 추가되어 공격력이 향상됩니다! 드래곤 라이더와 화염 투척기가 전투에 열기를 더합니다.
0098814528b3534b,TID_FEATURE_SEASON_CHALLENGES_DESC,매달 새로운 도전을 완료하고 멋진 보상을 받으세요!
8e3b8dda789ee264,TID_MONTH_10,10월
27a7362fd949dcc6,TID_DIAMOND_BUNDLE_BH9_ALT,챔피언 장인 팩
76c1da008b53da36,TID_BUTTON_EDIT,군대 재편성
cc5591fbbbe23838,TID_SPELL_STORAGE_BREWING_CAPACITY,제조 용량: <number>
1cb9c5eb1c567d7b,TID_PTE_REWARD_LOCKED_NEED_PREMIUM,해당 보상을 잠금 해제하려면 이벤트 패스가 필요합니다.
a093b2a265b0d605,TID_REENGAGEMENT_LOOTCART_2,회수해서 업그레이드를 시작하죠!
cb2b17f53b2a56a8,TID_BUILDING_GOLD_STORAGE,골드 저장소
9c632b299cc842b1,TID_EVENT_TIME_UNTIL_START,시작까지:
c4296c995515f88d,TID_OBSTACLE_ROOT_SMALL,작은 뿌리
358f62cbbb6131eb,TID_INFO_POP_UP_TOS_PP_NOTE_ANDROID,클래시 오브 클랜은 무료 게임이지만 인앱 구매를 통해 더 빠르게 진행할 수 있습니다. 이를 차단하려면 Google Play 스토어 앱 설정에서 암호를 걸어 보호하세요. 확인을 누르면 이용 약관과 개인정보 처리방침에 동의하게 됩니다.
4e987aecde5d1810,TID_PRESET_UNLOCK_INFO,빠른 훈련은 <number>레벨 마을회관에서 잠금 해제됩니다!
73a904eca42aae5c,TID_COSMETIC_ESTATE_3X3_THATCHED_HUT,초막
f11deb8e9a76c1bb,TID_MAINTENANCE_ESTIMATED_LONG,몇 시간 후 다시 시도해주세요.
472bbd0231f3e5bc,TID_SUPER_TROOP_BOOSTS_NEEDED,다음 유닛들에게 슈퍼 유닛 강화가 필요합니다:
cdaf48b0fc63432c,TID_LOCAL_NOTIFICATION_EVENT_XMAS_RESOURCES,"대장님, 지금 크리스마스 특가 상품을 확인하세요!"
12161b48b64d9a0a,TID_NPC_CHALLENGE_FOUR_EARTHQUAKES,<ca9561f>지진 마법</c>을 4번 사용하면 장벽을 파괴할 수 있습니다. 장벽을 파괴해 마을 중앙으로 돌파할 길을 터주세요!
9ddaec2919a065b6,TID_SIEGE_MACHINES_TROOP_BAR_HINT,<name> 비어 있음!
74507d43015d4e3c,TID_ALLIANCE_GAMES_CLAN_TAB,클랜
2d4791e43300ce0d,TID_BATTLEPASS_TASK_WIN_BATTLES_USING_CLONE_INFO,멀티플레이 전투에서\n복제 마법을 사용해\n<num>회 승리
e85b14f9e2554ca8,TID_CHARACTER_INFO_EL_PRIMO,복면을 쓴 이 미스터리 레슬러는 갑자기 툭 튀어나와 장벽을 주먹으로 때려 부숩니다! 강하다는 것 빼고 아무것도 알려지지 않은 엘 프리모는 대장님의 클랜을 위해 싸워줍니다.
da2bbe6aa7b94f11,TID_CLANGAMES_TASK_INFO_DESTROY_BB_ARCHERTOWER,장인 전투에서 <building> <num>개 파괴
aad62a365f7355e9,TID_NPC_CHALLENGE_TH10_BOBAT_FREEZES,공중 유닛을 목표로 하는 방어 시설에 <c38eaff>얼음 마법</c>을 사용해서 <c54a0fe>박쥐</c>를 도와주세요.
0b375a6315c686c7,TID_ALLIANCE_WAR_TOTAL_DESTRUCTION,<friendly> 총 파괴율 <enemy>
8c98fffa43c551a7,TID_WL_SELECT_BONUSES_TEXT,"추가 보너스 리그 메달을 받을 자격이 있는 클랜원을 선택하세요. 선택된 클랜원은 클랜 채팅에 발표됩니다. 보너스는 클랜을 대표하여 지급되었으며, 리그 시즌당 한 번만 지급되니 신중하게 선택하세요!"
dca77ec69b1de6c4,TID_REPLAY_SPEED,리플레이 속도:
14f4ffdb12a4721a,TID_JOLLY_CHAMPION,엘프 챔피언
bbdff2ec7e0f5274,TID_CAPBUILD_BARRACKS_DRAGON,슈퍼 드래곤 훈련소
132cf8fd816f7caa,TID_CAPITAL_FROST_INFO,전투의 열기 속에서 냉정함을 유지하는 것이 중요합니다!\n\n이 마법을 사용해 적 유닛과 건물의 속도를 늦추거나 물을 얼려 그 위를 건널 수 있습니다.
a4a53b2c5fc957e3,TID_DECO_RUIN_CLIFFSIDE_FOREST,절벽 아래의 숲
f340014ded2ecf4e,TID_DIAMOND_BUNDLE_TH4_ALT_UPDATED_INFO,• <res0> 골드\n• <res1> 엘릭서\n• 보석 <gems>개\n\n보관량 제한이 없습니다!\n\n이번 한 번 뿐인 <cffec78><value>배 가치</c>의 구매 기회를 놓치지 마세요!
ed48c72cb00dda8b,TID_ALLIANCE_GAMES_REWARDS_NO_POINTS,도전 과제를 완료해 일정 점수를 얻어야만 보상을 받을 수 있습니다.
1c2772a1901b1e4d,TID_POPUP_CANCEL_CONSTRUCTION_TITLE,건설 중단
f9e2dd4305a1dc7d,TID_DISTRICT_CHALLENGE_TITLE,친선 구역 도전 과제를 시작하세요
fb519f5c5273a60d,TID_HINT_REBUILD_CLANCASTLE,부서진 클랜 성을 재건하여 다른 플레이어와 함께 힘을 합치세요!
58880291cd51380f,TID_REGENERATION_TIME,회복 시간: <number>분
abee8b3b5d3a4240,TID_DECO_HILL_3,작은 언덕
050e21e5f2c47e20,TID_DIAMOND_BUNDLE_TH7_UPDATED_INFO,• 뇌전탑 2레벨\n• 영웅: 바바리안 킹\n• <res0> 다크 엘릭서\n• <res1> 골드\n\n보관량 제한이 없습니다!\n\n이번 한 번 뿐인 <cffec78><value>배 가치</c>의 구매 기회를 놓치지 마세요!
7735e04c96598872,TID_STARTER_WINELIXIR_INFO,멀티플레이 전투에서\n한 번에 <num2> 엘릭서 약탈
6991fbb862525a50,TID_NEWS_BIRTHDAY_TEXT,클래시 오브 클랜이 2주년을 맞이했습니다! 8월 7일까지 보석 단 1개로 모든 자원 생산 시설을 1주일 동안 가속할 수 있습니다!
3785ce1e8dba9597,TID_BATTLE_BUILDER_FEATURE,전투 장인
407126655d26a772,TID_WAROPTIN_LEAVEOUT,불참
c58c506e69165ac7,TID_LEGEND_LEAGUE_INFO_TAB2_TEXT,"전설 리그에서 공격을 받아도 보호막이나 가드를 획득하지 않습니다. 하지만, 보호막을 구매해 잠시 휴식을 취할 수는 있습니다. 보호막이 적용된 상태에서 다음 리그일로 넘어간다면, 해당 리그일의 공격 및 방어를 둘 다 건너뛸 수 있습니다. 현재 진행 중인 리그일에는 보호막을 구매하여 적용하거나 제거할 수 없으며, 보호막은 다음 리그일에만 적용됩니다.\n\n다음 리그일을 위해 보호막을 구매했지만 전설 리그에서 강등되었다면, 일반 멀티플레이 모드에서 보호막이 계속 적용됩니다."
41cab4d9b8a50325,TID_CHARACTER_INFO_WALLBREAKER_SHORT,장벽을 파괴하여 동료들을 위한 길을 열어줍니다.
477a41449793eb25,TID_AUTO_FORGE_SLOTS_ACTIVE,활성화된 슬롯: <num>
155e7e7931998aa9,TID_POPUP_NOT_ENOUGH_DIAMONDS_TITLE,보석 부족
5749a01f98d70343,TID_BATTLEPASS_TASK_GET_STAR_BONUSES,별을 향해!
fce50aac97c6c020,TID_NEW_ITEMS_UNLOCKED,새로운 아이템 사용 가능
810dfa56a3f9fdc6,TID_BATTLECOST,비용:
76eddaa37f47066b,TID_SUPER_TROOP_ACTIVATE,활성화하기
1e5238183b7d7b86,TID_ACHIEVEMENT_DESTROY_WEAPONISED_TH_TITLE,이번엔 쉽지 않을걸
260867804beb9dca,TID_PRESET_SUPER_TROOP_ALREADY_INCLUDED,슈퍼 유닛이 이미 군대에 있습니다.
695e8e9f0b00d585,TID_GIFT_CLAIM_FAILED_RECENTLY_CHANGED_CLAN,클랜을 변경한지 얼마 되지 않아 선물을 받을 수 없습니다! 나중에 다시 시도해 주세요.
901ddb1eda14bb78,TID_ERROR_POP_UP_BANNED_ARTICLE_BUTTON,자세한 정보
4a7c449d49d6ec91,TID_BATTLEPASS_TASK_GET_BB_LOOT,스타 스트라이커
3399362cc495aa5f,TID_CLANGAMES_TASK_GET_LEVELKILLS_VS_BATTLEMACHINE,머신 레벨 사냥꾼
2189414ab15796ac,TID_WAR_ATTACK_CONFIRM_CASTLE_TROOPS_ONLY_TEXT,클랜 성 병력: <number>
12ce873b71bc96bc,TID_NO_SPELLS,먼저 마법을 제조해야 합니다!
b352399319158a46,TID_ALLIANCE_WAR_CANNOT_ATTACK_WAR_ENDED,이 전쟁은 끝났으므로 공격할 수 없습니다!
430fbe8d571aac43,TID_SHIELD_PROTECTION,받는 피해 감소: <number>%
9d6358ba5bc00ced,TID_MISSION_COMPLETE_TITLE,임무 완수!
ec99430944635332,TID_TUTORIAL_ARTO_START_3,하지만 대장님을 홀로 내버려둘 순 없죠! 제가 자리를 비웠을 때 대신 대장님을 도와줄 친구를 구했답니다.
65833541810d69b8,TID_OBSTACLE_BIRTHDAY2017,5주년 기념 케이크
7be7686fae81a5bc,TID_SLOW_SPEED,속도 감소: <number>%
00481890dd2f0567,TID_AUTO_FORGE_SLOT_UNLOCKS,잠금 해제 조건:
282f035a65197fa8,TID_CLAN_MEMBERS_COUNT,클랜원: <count>/<max>
6b7c954f136dd1ac,TID_XBOW_LOADING_COST,장전 비용: <number> <resource>
11d89c56f34e2720,TID_ALLIANCE_RAID_FAILED_NOT_IN_RAID,공격할 수 없습니다! 습격전 기간이 아닙니다.
ee441f7292df86c3,TID_BUY_MISSING_RESOURCES_TEXT_TWO,부족한 <resource> <count>개와 <resource2> <count2>개를 구매하시겠습니까?
0d2baa73b63e5d1d,TID_NPC_CHALLENGE_TH10_MINER_WIZARDS3,남은 <c54a0fe>마법사</c>를 배치해 <c54a0fe>광부</c>가 마을 안에 머물 수 있도록 도와주세요.
c3f60e7cc4ecb332,TID_LEAGUE_CLAY5_SHORT,클레이 V
a9ecebe90c09ae28,TID_ALLIANCE_DATA_FAILED_DELETED,이 클랜은 삭제되어 불러올 수 없습니다.
0d82fb5d22664b74,TID_CONNECT_WITH_SCID_BUTTON,Supercell ID\n연동
2e890468cd788bb6,TID_BOOSTER_BOOST_PRODUCTION_ALT_2_LINE,훈련 포션
489a978bc60e0209,TID_TRADER_ITEM_GENERAL_ERROR,
50f231fbfc53a7d1,TID_CLAN_STAT_VICTORIES,승리:
f24761d76efa0ce5,TID_PUSHER_INFO,지상 유닛을 원하는 방향으로 날려버릴 수 있습니다. 날아가랏!
8ad8eed8b816d976,TID_WAR_TEAM_TAB_ATTACKS,공격
c276c0f823342889,TID_NO_CLAN,클랜 없음
5150cd07d997fb6d,TID_WAR_STATS_HEADER_DEFEAT_BASES,파괴한 적 전쟁 기지
c5e3d2935cc4780c,TID_BOB_TASK_DEFENCE,\n장인기지 방어 시설을 <level>레벨로 업그레이드해 완료하세요.
e64396c8cd7830ec,TID_BASIC_TURRET_INFO,대포는 훌륭한 거점 방어 시설입니다. 업그레이드하면 공격력이 증가하지만 업그레이드 중에는 작동하지 않습니다!
cb02bd63d882db61,TID_BB_ATTACK_GOLD_STORAGE_ALMOST_FULL_TEXT,장인기지 골드 저장소가 거의 다 찼습니다. 그래도 공격을 진행할까요?
022c67ed32d0921c,TID_ALLIANCE_WAR_DEFEAT,패배
b9d93cda2cda1a3a,TID_WAR_PERSONAL_SETTING_OUT,불참
53ca192679b92c96,TID_CAPBUILD_BARRACKS_MINION_INFO,새로 개발한 방법을 통해 미니언이 무리로 나올 수 있게 되었습니다!
be3f571ddc744955,TID_CLANGAMES_TASK_INFO_GET_LEVELKILLS_VS_ALLHEROES,멀티플레이 전투에서\n처치한 영웅 레벨의 합: <num>
de56375c725a94cb,TID_TOO_MANY_ALLIANCE_CHAT_REPORTS_SENT,다른 신고 접수가 가능하기 전까지 기다려 주세요.
ba02501453cd09a0,TID_END_BATTLE_POPUP_TITLE,전투 종료
8e49b221f24b32d5,TID_SINGLEPLAYER,싱글플레이
1c645e3911252979,TID_GOOGLE_PLUS_SIGNIN_TUTORIAL,이미 마을이 있으신가요?
265b7bcc8d0cffae,TID_CLOCK_TOWER_BOOST_DURATION,가속 시간: <number>
03e5433ef01ee86d,TID_DUEL_TOTAL_WINS,장인 전투 승리:
99219ab050653ada,TID_BOARRIDER,호그 라이더
377a6c7edccccd18,TID_REINFORCEMENT_CAMPS_UNLOCK_BH,장인회관 6레벨에서\n잠금 해제
4caf606e5fead63c,TID_EVENT_ARMY_INFO,이 군대로 마을을 격파하세요! 각 유닛의 훈련 비용이 <num>% 낮아집니다!
2e7e312cf684b427,TID_TENCENT_LOGIN_PROMPT_BLOCKED_WECHAT,중독 방지법에 따라 게스트 계정으로 로그인한 경우 실명 인증 절차를 완료할 수 없으며 15일마다 1시간으로 플레이 시간이 제한됩니다.\n\n게임 계정이 이미 WeChat와 연동되었습니다. 게임을 계속 플레이하기 위해 WeChat 계정으로 다시 로그인하여 실명 인증 절차를 완료하시길 권장합니다.
b0dfecdc3b0db2a4,TID_NO_OPENID_LOGIN_KUNLUN_ACCOUNTS,此账号已成功完成绑定，请您继续使用原有方式登录，后续登录方式请留意官方公告。
ec8484c296ab7b05,TID_NPC_CHALLENGE_TH8_GOWIPE_WALL_BREAKERS,적 방어 시설이 다른 유닛을 공격하고 있을 때 <c54a0fe>해골 돌격병</c>을 사용해 장벽을 파괴하세요.
2e5069a0c6752b68,TID_SPELL_HEAL_SPIRIT,
58b6cf7a4d1598c9,TID_BB_BATTLE_LOG_VICTORY,승리!
372beed9c6b616a0,TID_NPC_CHALLENGE_TH10_BOBAT_BOWLERS,<c54a0fe>볼러</c>를 배치해 공격을 지원하세요.
bba42126f1df6661,TID_REPLAY_FAILED,리플레이 재생 중 오류가 발생했습니다.
553291c042568280,TID_REPLAY_PLAY_AGAIN,다시 보기
3c8dab8bbfefdc1b,TID_LUMBERJACK,나무꾼
609b9c00aa5c03d1,TID_TUTORIAL_ENTER_AGE,"아, 그리고 한 가지 더 있어요."
9588b78367759794,TID_STAR_BONUS_BONUS_TEXT,현재 리그의 별 보너스 보상:
6b4e9cd2c24287cf,TID_SHOP_OWNED,보유:
f4c95f7857c6cd70,TID_ACHIEVEMENT_DESTROY_XBOW_COMPLETED,파괴한 대형 석궁: <value>
d467afbde4c9a876,TID_HINT_ARTILLERY_TARGET2,독수리 포탑의 포탄이 떨어지는 곳에는 조준 표시가 나타납니다.
fc811995d9495d97,TID_SUPER_WALLBREAKER_ABILITY_NAME,메가 폭탄
00f856ad166e87a7,TID_BATTLEPASS_TASK_WIN_STARS_USING_RAGE,분노 조절
dc3c194b1a07d962,TID_MULTIPLAYER_COST,공격 비용:
a023de31562d8844,TID_PTE_PERK_TRAINING_BOOST,훈련 부스트
5140fa6380f9f9c5,TID_WL_CANNOT_EDIT_ROSTER,지금은 클랜전 참가자 목록을 수정할 수 없습니다.
21d07d7917b1b6bd,TID_CHALLENGE_CHANGE_LAYOUT,배치 변경
fcc0cea2b1ea944d,TID_POPUP_UNDER_ATTACK,공격받고 있습니다! 잠시 후 마을을 확인할 수 있습니다.
0c54a550e08ea25a,TID_INFOBUBBLE_BUILDER_NOT_INPROGRESS,진행 중인 업그레이드 없음
a756580efb9a3c2f,TID_STAGE_BUILD_LIMIT_REACHED_TRAP,스테이지 <stage>에서 함정을 <number>개 넘게 지을 수 없습니다!
b9518b6edc73b206,TID_CAPBUILD_CAPHQ,캐피탈회관
37a2d47cdd870452,TID_ACHIEVEMENT_LOOT_GOLD_COMPLETED,약탈한 골드: <value>
8d2c0792dd259a6e,TID_ALLIANCE_GAMES_THANKS_FOR_PLAYING,클랜 게임이 종료되었습니다. 다음에 만나요!
f137c27eef0caeda,TID_CLAN_WARS,클랜전
d1d0494cd337300c,TID_CLANGAMES_TASK_INFO_USE_GOBLINS,멀티플레이 전투에서\n고블린 <num2>명을 사용해\n별 <num>개 획득
94e1b21a348abdc5,TID_NO_FREE_TRAINING_SLOT_AVAILABLE,기존 유닛을 먼저 제거하세요.
884110b448d6c4bf,TID_LEAGUE_WOOD5,우드 리그 V
1010650cc4ca32a9,TID_BABY_ELECTRO_DRAGON_ABILITY_NAME,연쇄 번개
7e2b890e0e4c04b7,TID_UNABLE_TO_LOCATE_COUNTRY_FOR_SCORES,해당 지역의 순위표를 찾지 못했습니다.
b117d30972e4f78f,TID_AVAILABLE_RAID_MEDALS,사용 가능한 습격전 메달:
0ea5d8638a6702a1,TID_BUILDING_TEXT_REQUEST,요청
ec9993d183dc5f75,TID_CLANGAMES_TASK_USE_BARBARIANS,바바리안 소동
d8d50473e696e2a9,TID_BP_RESOURCE_REWARD_GET_GEM_ALTERNATIVE_TEXT,<resource> 획득에 필요한 저장소 공간이 부족합니다.\n대체 보상 보석 <amount>개를 받을까요?
9208edfd5c4cc1d2,TID_ACHIEVEMENT_UNIT_UNLOCK_TITLE,야수 해방
c03e9403ef1d36dc,TID_ARMY_OVERVIEW_HINT_CLAN_CASTLE,"클랜에 가입해서 클랜 성 병력, 마법, 시즈 머신을 지원받으세요!"
739e2a5ed9c2af05,TID_ALLIANCE_WAR_ATTACK_CONFIRM_1STAR,클랜이 이미 이 마을에서 별 1개를 획득했습니다. 더 나은 점수에 도전하시겠습니까?
aaeca949374c0dc5,TID_NPC19,피코바
35c1b3ae07c71e9b,TID_OFFER_ANNIVERSARY,클래시데이 팩
c948dc0ec7121ecc,TID_AVATAR_MESSAGE_BUTTON_ALREADY_CLAIMED,이미 획득함
2fa347c5bc07f1a9,TID_DECO_MINE_CART,광산 카트
27331b9bd4356c69,TID_BOOSTER_FILL_ELIXIR_STORAGE_OFFER_INFO,엘릭서 룬 x<num> - 마을의 엘릭서 저장소를 가득 채울 수 있습니다.
aefd4feacad0d6ae,TID_MORE_TWITTER,Twitter에서 팔로우하세요! @clashofclans로 트윗을 남겨 주세요.
79c2179fcf4ed3f0,TID_DARK_TOWER_INFO,"인페르노 타워의 다크 엘릭서로 화염을 일으켜 단일 표적에게 막대한 피해를 주거나, 여러 표적을 계속해서 불태울 수 있습니다."
54b1cf0b87878480,TID_CAPBUILD_CANNON,대포
71d94cbd4f1873f2,TID_STARTER_TH2_UPGRADEGOLDMINE,금광 마니아
149d251ce345e29c,TID_PTE_PERK_RESEARCH_BOOST,연구소 부스트
9966af0187b178ce,TID_BUILDING_XBOW2,대형 석궁
923938c80fb26e9b,TID_ATTACK_LOST,패배
acdad5b008e8988b,TID_ALLIANCE_DONATE_HEADER_TROOPS,병력 지원:
a0dfb6c1df8664cc,TID_TRAP_AIR,대공 폭탄
0aef92daafbdb6ce,TID_WAR_ATTACK_CONFIRM_TROOPS_TEXT,병력: <number>
2a310cb4a4ce1574,TID_CLANPERK_UNLOCKED_PERKS,클랜 보너스
4181d49559392181,TID_TUTORIAL_SHIP_READY,길을 잃을 걱정은 하지 마세요.\n돌아오는 길은 기억할 테니까요!
b031d4609a21da57,TID_ALLIANCE_WAR_HAS_ENDED,진행 중인 전쟁이 종료되었습니다!
8e7089da09271931,TID_FAQ_WINDOW_TITLE,도움말 및 지원
8ed7bf2018a0e304,TID_DIAMOND_BUNDLE_BH7,장인회관 7 팩
cb2e574da3b90fae,TID_SETTINGS_HIGH_FRAME_RATE_TITLE,높은 프레임률
62ed8e31669ad503,TID_INFO_POP_UP_IAP_NOTE_KUNLUN,클래시 오브 클랜은 무료 게임이지만 인앱 구매를 통해 더 빠르게 진행할 수 있습니다.
5d172d8f1a2081ef,TID_DAILYLOGIN_INFO_TEXT,매일 로그인해 보상을 획득하세요!
1432eb8ab3e456ff,TID_CAPITAL_SHOP_CONFIRM_TITLE,구매할까요?
51deaf4007d063ae,TID_REGULAR_THEMED_BATTLE_OFFER_INFO_TH0712_1999,• <res0> 엘릭서\n• 유닛의 책 x<booster1> - 진행 중인 유닛 업그레이드가 즉시 완료됩니다.\n\n• 보관량 제한이 없습니다!\n• 해당 특가 상품은 표시된 기간 내에 3회 구매할 수 있습니다.\n클랜에 영광스러운 승리를 안겨주세요!
024fe0d62d11e166,TID_INFOBUBBLE_BUILDER_EXTRA_SUGGESTION,다른 업그레이드:
e457270806adc0fc,TID_ACHIEVEMENT_VS_BATTLE_TROPHIES,장인 전투에서 트로피 총 <number>개 획득
440ba78e2d48ba66,TID_ATTACK_IN_PROGRESS_WITH_NAME,<name>의 공격 진행 중!
913a0c10e7d048a2,TID_CLANGAMES_TASK_INFO_GET_KILLS_VS_GRANDWARDEN,멀티플레이 전투에서\n적 그랜드 워든 <num>회 처치
f59b82eb187b0318,TID_BATTLEPASS_TASK_INFO_USE_BABYDRAGONS2,장인 전투에서 베이비 드래곤을 사용해 별 <num>개 획득
dfb8bb26eb6c3f55,TID_BUILDER_BASE_LEAGUE_TITLE,장인기지 리그
aefb503da8d4f9be,TID_BUTTON_BOOST,가속
635656371d1995fe,TID_BUILDING_AIR_DEFENSE2,대공 폭탄
df72f72e3745e7f7,TID_CLANGAMES_TASK_INFO_USE_BOMBERS,장인 전투에서 폭탄병 <num2>명을 사용해 별 <num>개 획득
db8aca545408ffa2,TID_OTTO_FEATURE_DESCRIPTION_SHORT,건축을 좋아하는 부지런한 로봇 친구입니다.
e7883c5000c596ce,TID_EVENT_ACHIEVEMENT_REWARD_CLAIMED,이벤트 종료! 보석 <gem>개와 <xp> XP를 획득했습니다!
d89b0fb3323891fc,TID_ALLIANCE_WAR_ATTACK_FAILED_INVALID_TARGET,공격 대상이 아닌 마을입니다!
5e63d8b6e48573ac,TID_CLANGAMES_TASK_BEAT_ELIXIRTARGET,엘릭서 도전
b04b98a38e9bb3e0,TID_CAPBUILD_BARRACKS_INFERNO_DRAGON_INFO,인페르노 드래곤들이 함께 어울릴 수 있는 재미있는 곳입니다. 그랜드 장인이 찾을 수 있는 가장 내화성이 뛰어난 재료로 제작되었습니다.
38b99ecf97c2365b,TID_INFO_TAGS_SEARCH,태그를 최대 <max>개 선택해 자신에게 가장 잘 맞는 클랜을 찾아보세요.
304bde3dd90f1958,TID_WHAT_YOU_GOT,전리품:
060f927ef39d28ea,TID_BARCHER_ABILITY_NAME,분노의 망토
9327a0b94e371595,TID_SUPER_TROOP_LIMIT_REACHED,활성화할 수 있는 슈퍼 유닛의 수가 최대치입니다
a6aeea3a36125ab5,TID_VILLAGE_EDIT_MODE_WAR,전쟁 기지 배치 모드
137480f172780126,TID_CLANGAMES_TASK_INFO_DESTROY_BB_BUILDERHALL,장인 전투에서 <building> <num>개 파괴
2f3e5319b20d5407,TID_HINT_HEALER_INFO,치유사는 아군의 지상 유닛을 치유할 수 있지만 상대방을 공격할 수는 없습니다.
83226a4e048e2bdd,TID_TUTORIAL_GOLD_STORAGE_2,더 많은 골드를 보관할 수 있도록 골드 저장소를 건설하세요!
789a17004f3ad564,TID_CAPBUILD_DISHQ,구역회관
9e68f07466eda1c9,TID_NEWS_BUILDER_GONE,"어, 장인 못 보셨나요?"
736717ddbbebe1e6,TID_BUILDING_TEXT_ALERT,!!!
0fef876d3dc3ea3f,TID_BATTLEPASS_TASK_GET_CLANGAMES_POINTS,스트롱맨의 친구
90de0024266c864b,TID_CLANGAMES_TASK_WIN_BUILDERBATTLES,대전 승리
69477c4e4e55fb75,TID_CLANGAMES_TASK_USE_MINERS,땅굴 작전
a873f5259257dbd0,TID_BUY_GUARD_HEADER,가드를 구매할까요?
9d65e92baa8455cd,TID_LIGHTNING_STORM_INFO,진정한 번개의 힘을 보여주세요!\n\n이 마법을 적의 마을에서 사용하면 작은 범위 내의 적 건물과 유닛에 피해를 주고 마비시킵니다.
c221ffbd8c942eeb,TID_ALLIANCE_MAIL_NOTIFICATION,새로운 클랜 편지가 있습니다!
f044f8fe5520819b,TID_LABORATORY_GOBLIN_HINT,두 번째 업그레이드를 시작해드릴 수 있어요!
3c8de0a700c824c1,TID_CLAN_HAS_REQUEST_ALREADY,이미 요청한 친선전이 있습니다
cd77c7800adbef24,TID_INVALID_CAPITAL_ARMY,공격하기 전에 캐피탈 군대를 업데이트하세요
f3018fd21245f30d,TID_TENCENT_DOLPHIN_ERROR_8,当前环境下载安装包异常，请去应用商店下载最新版本。
2821025411540e30,TID_LEAGUE_STEEL3,스틸 리그 III
af641ad198d58c24,TID_ACHIEVEMENT_CLEAR_OBSTACLES_TITLE,말끔하게
f890899bb0490d54,TID_CLAN_TAG_INTERNATIONAL,국제적인
cd6477c918e17737,TID_CLANGAMES_TASK_INFO_USE_DRAGONS,멀티플레이 전투에서\n드래곤 <num2>마리를 사용해\n별 <num>개 획득
c56b890ac9a25db7,TID_ACCEPT_ALLIANCE_JOIN_REQUEST,가입 신청을 승인할까요?
be2efb86445ed0c0,TID_HINT_ACHIEVEMENT_GEMS,업적을 달성해 무료 보석을 획득하세요!
8d82adc763cf937f,TID_ACHIEVEMENT_LEAGUE_TITLE,리그 올스타
a13443c235b879a4,TID_POPUP_SPEED_UP_BOOSTER_CONSTRUCTION_SLOWDOWN,<item> 건설을 진행하면 군대 훈련이 지연됩니다. <booster>을 사용해 즉시 완료할까요?
6bca65b3f5b4168a,TID_LEADERBOARDBANNER_3,3)
a2d60290b923b18a,TID_BUTTON_SCENERY,배경 변경
82b0ffe58f898273,TID_KUNLUN_APP_STORE_OPPO,Oppo
97ddee3d8ef414bc,TID_TRAP_HALLOWEEN_SKEL_INFO,체력은 약하지만 은밀히 움직이는 해골들을 보내 적을 기습하고 주의를 돌리세요! 해골 함정은 지상과 공중의 적을 모두 겨냥할 수 있습니다.
7bf2347273091edd,TID_GEAR_INFO_FIRE_IN_A_CAN,현재의 목표물에 폭발하는 거대한 파이어 볼을 던집니다.
f0a224f3d511c1d8,TID_BP_REWARD_CATEGORY_SKINS,영웅 스킨
9bd2b4ca46570f14,TID_NOT_ENOUGH_BOOSTER,<booster> 부족!
d18c50366c78792a,TID_ALLIANCE_UNAVAILABLE,클랜 정보 이용 불가
17b2c7a2443a21ff,TID_TUTORIAL_FORGE_1,그랜드 장인이 보내준 단조 작업소입니다. 캐피탈에 도움이 될 거라고 하네요.
bec9cd4449f88464,TID_ALLIANCE_MAIL_FAIL_COOLDOWN,편지를 다시 전송하려면 기다려야 합니다.
4e20dd779c1a5717,TID_STARTER_TH4_WINSTARSPRACTICE,기본의 정석
083407432d5c7fed,TID_CHARACTER_INFO_SIEGE_MACHINE_FLYER,"전투 비행선은 지상의 장애물을 넘어, 적 마을의 심장부로 이동해 클랜 성 병력을 투하하며, 이동하는 동안 폭탄을 떨어트립니다. 하지만 얇고 약한 재질로 만들어져 쉽게 파괴됩니다. 마법 효과에 면역입니다."
dfdc13a2527899b6,TID_LINK_TARGET_IOS_BUTTON,"iPhone, iPad, 혹은 iPod\n연동하기"
5c03c97e0779384c,TID_CAPITAL_PLAYGROUND_FROST,<c38eaff>서리 마법</c>은 물을 얼려 지상 유닛이 건널 길을 만들거나 적 방어 시설의 속도를 늦추는 데 사용할 수 있습니다.
0562550ffda25c8e,TID_BUTTON_ATTACK_MODE_AIR_AND_GROUND,지상 및 공중
14f44d5df86dc95f,TID_CLANGAMES_TASK_USE_BOMBERS,폭탄병으로 쾅
c4a32e1454102375,TID_GEM_MINE_INFO,보석 광산에서 이 귀중한 자원을 캐낼 수 있습니다! 보석 채굴은 시간이 오래 걸리는 중노동입니다.
c0cb544442477a1e,TID_CLANGAMES_TASK_INFO_WIN_WARSTARS,클랜전에서 공격으로\n별 <num>개 획득
05f837b41fffd244,TID_COSMETIC_ESTATE_3X3_SLANTED_HOUSE_INFO,"경사 지붕은 위에 눈이 잘 쌓이지 않아 좋지만, 실내를 장식하기엔 까다롭습니다."
6d940af038081dec,TID_CHARACTER_WATER_DRAGON,워터 드래곤
5a7bc4a6c4e1f820,TID_DIAMOND_BUNDLE_TH4_REVISED_INFO,• <res0> 골드\n• <res1> 엘릭서\n• 장인 포션 x<booster1>\n\n보관량 제한이 없습니다!\n\n이번 한 번뿐인 <cffec78><value>배 가치</c>의 구매 기회를 놓치지 마세요!
b0510a20f85664e1,TID_CLAN_GAMES_CHOOSE_REWARDS,보상 선택
b27169893de937d4,TID_NPC_CHALLENGE_TH10_MINER_TEST_WALL_BREAKER,<c54a0fe>해골 돌격병</c>을 배치해 장벽 근처에 <cf70d16>폭탄</c>이 있는지 확인하세요.
cb5f15fe16ae0c61,TID_REENGAGEMENT_APOLOGY_4,돌아오셔서 정말 다행입니다!!!
1d5ff93daa48ce2f,TID_LOCAL_NOTIFICATION_EVENT_REGULAR_THEMED_PREPARE_TH0212,군대를 모아 전투를 대비하세요! 특가 상품으로 영웅과 유닛을 업그레이드하고 더 강력한 마법을 사용해보세요!
0265eca7bcc03fcf,TID_MAP_LOCATION_13,거대한 길
e7a285b73c62f7f7,TID_BP_REWARD_CATEGORY_SCENERIES,배경
d166091104ecb332,TID_LEAGUE_CLAY1_SHORT,클레이 I
17bff154f85cfe6a,TID_DARK_ELIXIR_PUMP_INFO,마침내 장인들이 순수한 다크 엘릭서 추출 방법을 알아냈습니다. 다크 엘릭서는 가장 희귀한 형태의 마법 물질입니다.
a1cf96540c1b2afb,TID_FEEDBACK_INFO1,\n
d712a0a26ef4f83e,TID_CLANGAMES_TASK_INFO_USE_SIEGE_SLAMMER,멀티플레이 전투에서\n바위 비행선 <num2>대를 사용해\n별 <num>개 획득
496c93903d7daea3,TID_PLAYER_PROFILE_CLAN_INVITES,클랜 초대
133b559266610559,TID_FIREPLACE,모닥불
8b1cfb0d23447bec,TID_LEAGUE_TITANIUM3,티타늄 리그 III
d4b28a42dd37670b,TID_PLAYER_TAGS_SELECTED_TITLE,선택함:
6292b302458b3ccb,TID_BATTLEPASS_TASK_INFO_WIN_BATTLES_USING_HOGRIDERS,멀티플레이 전투에서\n호그 라이더를 사용해\n<num>회 승리
5773e358030f6b2b,TID_FRIENDLY_WAR_CHOOSE_NEW_LAYOUT,새 친선전 배치를 선택하세요
7fdb53a4777c577f,TID_POPUP_NOT_ENOUGH_DIAMONDS_BUTTON,상점으로 이동
93e8aef954a83e9d,TID_DIAMOND_BUNDLE_DARK_ELIXIR_INFO,• 보석 <gems>개\n• <res0> 다크 엘릭서\n\n보관량 제한이 없습니다!\n\n이번 한 번뿐인 <cffec78><value>배 가치</c>의 구매 기회를 놓치지 마세요!
853c271fd4feb7ea,TID_NOT_ENOUGH_WORKERS_TEXT_ARTO,진행 중인 건설을 완료하고\nB.O.B을 불러올까요?
dbe3d2cc77a30b56,TID_LEAGUE_STONE3_SHORT,스톤 III
ede81efb02cef182,TID_START_WAR_FAILED_WAR_REQUEST_NO_LONGER_EXISTS,전쟁을 시작할 수 없습니다. 요청이 유효하지 않습니다.
e5fcb0d19a947ce3,TID_ARCHER_QUEEN,아처 퀸
b237344db9952dcb,TID_START_WAR_FAILED_PENDING_REQUEST_EXISTS,전쟁을 시작할 수 없습니다. 진행 중인 요청이 있습니다.
201775aa59355834,TID_NPC41,수정 장벽
c88997413a48aba5,TID_POPUP_FORGE_TITLE,마법 제조 <limit>
0571c638b12c7431,TID_BOOSTER_WALL_UPGRADE,장벽 링
cc7ff12497bfdee5,TID_BATTLEPASS_TASK_WIN_BATTLES_USING_HEAL_INFO,멀티플레이 전투에서\n치유 마법을 사용해\n<num>회 승리
59cabca5b92e5e9e,TID_PIRATE_WARDEN,해적 워든
f9f47547f433de68,TID_TUTORIAL_ELIXIR_2,엘릭서는 지하의 지맥에서 퍼 올릴 수 있습니다. 한 번 해볼까요?
2c8a4c9c866e33b8,TID_WL_STATS_STARS,별
fae9eb1e1363eb18,TID_ALLIANCE_WAR_MY_TEAM,내 팀
0da6151dd3cfb17d,TID_INFO_TARGET_TYPE_BUILDINGS_AND_WALLS,건물 및 장벽
0106e1c84603aeb3,TID_RAID_WEEKEND_TOTAL_LOOT,캐피탈 전리품 합계:
b4e2c2ef01fac555,TID_NEWS_BOMB_TOWER_ARMY_REVAMP_TEXT,군대 훈련을 단순화하고 빠른 훈련을 통해 훈련에 손이 덜 가도록 했습니다! 새 시스템에 대한 간단한 영상을 확인해 보세요!
3db3aefdee83d22c,TID_PREFERRED_TARGET_ANY,없음
3c61d9bb5b855763,TID_LEAGUE_INFO_PLACEMENT,대결 후 트로피 개수로 리그 레벨이 결정됩니다.
d84085cc741fc5ce,TID_BAT,박쥐
b1bc0c573fbdfdfa,TID_DIAMOND_BUNDLE_TH11,마을회관 11 팩
1d6b3cbe7e295d09,TID_NPC_CHALLENGE_TH9_WITCH_BARBARIAN_KING,이제 안쪽으로 진입할 수 있으니 <c9916c8>바바리안 킹</c>을 배치하세요.
732d82840452f7e6,TID_ACHIEVEMENT_PVP_DEFENSES_TITLE,무적
dcee4e75be0f9696,TID_NUM_ATTACKS,공격 횟수
b8bd8daac64bdecc,TID_MAX_DPS,초당 최대 피해: <number>
968795633cbb3a8e,TID_BUILDING_SPELL_TOWER_INFO,"마법사는 수년간 전장에서 파이어 볼 마법을 부리는 유일한 유닛이었는데요, 고생 끝에 적으로부터 마을을 지켜낼 자동 마법 시스템을 개발했습니다!"
c02f7ee8110515a7,TID_GEAR_UP_BUILDING,건물을 개조할까요?
1d4a888b4ddf1daa,TID_SUPER_TROOP_INTRO_TEXT,강력한 슈퍼 유닛으로 강화해 적의 마을을 가루로 만들어버리세요!
69028fe77e89616d,TID_CLANGAMES_TASK_WIN_STARS_VS_HIGHER_TOWNHALL,달걀로 바위 치기
edf40e9b714bb7b0,TID_AVATAR_MESSAGE_TEXT_GEM_REVOKE_PLURAL,"이 계정에 대한 환불이 신청되었으며 <refundDate>에 승인되었습니다. 주문한 결제 수단을 통해 환불이 진행됩니다.\n\n환불 금액에 맞춰 총 <totalRevokedGems>개의 보석이 계정에서 차감되었으며, 이로 인해 보석 수가 마이너스로 내려갈 수 있습니다. 추가로 보석을 주문하거나 게임에서 보석을 획득하면 다시 회복됩니다."
e8e4a2820a060a92,TID_LEAGUE_IV,IV
b12636d95673aa6c,TID_NO_PRIVILEDGE_TO_EDIT,메모를 편집하려면 더 높은 지위여야 합니다!
89330beb3ecd599f,TID_CAPBUILD_BARRACKS_GIANT_INFO,슈퍼 자이언트의 집입니다. 훈련 장비가 사방에 널려 있어요!
24138e735e87327d,TID_INVALID_WAR_MEMBERS_INFO_MID,클랜원을 <low>명 또는 <high>명 선택하세요!
0a661828ae00e09a,TID_ACHIEVEMENT_DESTROY_MONOLITH,멀티플레이 전투에서 모놀리스 <number>개 파괴
3f384b4cb79dbf01,TID_LAYOUTS_EMPTY_SLOT,비어 있음
b51f651ea57dc9a9,TID_GEAR_TITLE_SPEEDY_SPEARS,신속 마법 병
5e98de842ac58c91,TID_BOOSTER_HERO_POTION_NOT_AVAILABLE,영웅을 강화할 수 없습니다. 모든 영웅이 사용 중입니다.
b3297dfa94fbc24d,TID_HINT HEROES_USE,영웅 유닛은 적 마을을 공격하거나 본인의 마을을 적의 공격으로부터 지킬 수 있습니다.
bb2daf21673d05e0,TID_NPC_CHALLENGE_TH10_BOBAT_PEKKAS,<c54a0fe>P.E.K.K.A</c>를 배치해 길을 터주세요.
f3c86793822262dc,TID_DECORATION_WAR_SHIELD,전사 조각상
792b9edf11ba873a,TID_CAPITAL_ARMY_SAVE_FAILED_SPELL_NOT_AVAILABLE,이 클랜에서 사용할 수 없는 마법이 선택되었습니다.
960846f223f199d4,TID_CLAN_WAR_CHALLENGE_REJECTED,<name> 님이 거절했습니다.
9e78d5e1bd82fc33,TID_TENCENT_CREATE_NEW_ACCOUNT_CONFIRM,현재 진행 상황이 다른 계정에 연동되어 있습니다. 이 QQ/WeChat 계정으로 로그인하여 게임을 새로 시작하시겠습니까?
ff17e2fa1581142b,TID_POPUP_BOOST_VILLAGE_SPEEDUP,"<time> 동안 자원 회수, 연구 및 건설 속도가 <multiplier>배 빨라집니다!"
fc529f1496f800c0,TID_NPC_CHALLENGE_TH12_YETI_HEALERS,<c54a0fe>치유사</c>를 배치해 <c9916c8>그랜드 워든</c>을 지원하세요.
02d30c67f1855e5e,TID_MAP_LOCATION_15,여왕의 안식처
24acd403b53957df,TID_POPUP_HEADER_ABOUT_TO_SPEED_UP,즉시 완료!
716a7a33d218eb60,TID_BOOST_ALL_ATTACK,모든 군사 시설
b52150546dc7a357,TID_CLANGAMES_TASK_INFO_GET_BUILDERBATTLESTARS,장인 전투에서 별 <num>개 획득
79064adbad15067b,TID_REVIVE_TIME,되살리기: <number>초
35e760f424e3d75a,TID_BASIC_TURRET_INFO_SHORT,성가시게 공격해오는 지상 유닛을 날려버립니다.
03af90d0cc8807e9,TID_NPC49,고블린 왕 I
3c3d0f6c509f35e4,TID_CHARACTER_ELECTRO_TITAN_INFO_SHORT,짜릿하고 강력한 전사입니다.
9048f8efbf25a046,TID_UPGRADE_INFO_HP,HP(+<num>) <old>
d3c69e1044eee891,TID_SELECT_SINGLE_SKIN_MODE,선택한 스킨만 사용됩니다.
a090e7678db69638,TID_LINK_NEW_DEVICE_GAME_CENTER_NOTE,주의: Game Center 계정으로 iOS 기기에서만 게임을 즐기고 계신다면 다른 기기를 사용할 때 따로 연동할 필요 없이 해당 Game Center 계정으로 로그인하시면 됩니다.
0f765d701ec343fb,TID_NPC57,비행 금지 구역
309017de881ef61d,TID_ACHIEVEMENT_NPC_STARS,캠페인 지도에서 별 <number>개 획득
0998c336c9104733,TID_CAPITAL_GOLD_STORAGE_ALMOST_FULL_TEXT,캐피탈 골드 저장소가 거의 다 찼습니다. 그래도 공격을 진행할까요?
c4462f85ea6fbdd7,TID_WELCOME_BACK_SUBTITLE,대장님이 안 계신 동안...
51cb90b8b91eef0e,TID_POPUP_SHIELD_REMOVAL_TITLE,보호막 적용 중 공격
e70f062c6b763867,TID_DIAMOND_BUNDLE_TH11_ALT_UPDATED_INFO,• <res0> 다크 엘릭서\n• <res1> 골드\n• <res2> 엘릭서\n\n보관량 제한이 없습니다!\n\n이번 한 번 뿐인 <cffec78><value>배 가치</c>의 구매 기회를 놓치지 마세요!
eb7c77a30b56895b,TID_LEAGUE_STONE5_SHORT,스톤 V
c67b17f344835ba2,TID_CHARACTER_ELECTRO_TITAN,일렉트로 타이탄
78b5a52af9ff8c26,TID_BUNDLE_RESOURCE,자원 팩
aeeaf06da5668fd7,TID_MOVE_MASTER_BUILDER_ERROR_HUT,마을에 마스터 장인의 집을 지어야 합니다.
abf123bb412ea0b8,TID_POPUP_SPEED_UP_BOOSTER_UPGRADE,<booster>을 사용해\n<item> 업그레이드를 즉시 완료할까요?
82906d81a74a8fa8,TID_ALLIANCE_WAR_PREPARE_FOR_WAR,전쟁을 준비하세요!
eeb632a8df5f1ed6,TID_BATTLEPASS_TASK_INFO_WIN_BATTLES_USING_LOG_LAUNCHER,멀티플레이 전투에서 통나무 발사기를 사용해 <num>회 승리
ac8dd3b482723054,TID_GARGOYLE,미니언
bb07495f83e96a0e,TID_HOME,홈
805c697116688291,TID_CHARACTER_YETI,예티
10570cbe5a9f9efa,TID_GC_CHALLENGE,친구에게 도전
3a3bd6a0368c3e71,TID_REMOVE_ARMY_CONFIRMATION,편집 확인
bb614d07a18d192d,TID_ACHIEVEMENT_DONATE_SIEGES_TITLE,공성 무기 배달
52e5870ce214e050,TID_RAID_WEEKEND_SIGNUP_MEMBERS,주말 습격전 동안 소속 클랜은 다른 클랜 캐피탈을 상대로 싸우게 됩니다. 클랜원 모두 함께 힘을 합쳐 전투하고 값진 보상을 손에 넣으세요!\n\n대표나 공동 대표 또는 장로에게 참여를 요청하세요!\n\n주말 습격전 종료까지: <time>
568247c0644a1204,TID_WAR_STATS_HEADER_ALLIANCE_EXP_INFO,전쟁 종료 시 획득하는 클랜 XP
8288d11e2e8a19ce,TID_POPUP_SPEED_UP_UPGRADE_SLOWDOWN,<item> 업그레이드를 진행하면 군대 훈련이 지연됩니다. 즉시 완료할까요?
144d3a1a506532b3,TID_HOG_RIDER,호그 라이더
b9e7c5bbf9018cc4,TID_RATE_APP_MESSAGE_AMAZON,Amazon 앱스토어에 여러분의 소중한 클래시 오브 클랜 평점이나 리뷰를 남겨주세요!
09c85d9b55610525,TID_BATTLEPASS_TASK_WIN_BATTLES_USING_BETAMINIONS,알파 미니언
21ab4d0e8ad5298c,TID_CLANGAMES_TASK_INFO_WIN_STARS_VS_TOWNHALL_6,멀티플레이 전투에서\n마을회관 6레벨을 상대로\n별 <num>개 획득
507be1e46cd23289,TID_INFO_THROWING_POSITION_SELF,마법 타워
900370d1820cf65f,TID_REPORT_DESCRIPTION_TITLE,详细描述
05259063abe1d347,TID_OBSTACLE_HALLOWEEN2014,할로윈 묘비
c17a0a661a9b4c42,TID_CHAT_BANNED_REASON,다른 플레이어들이 대장님의 부적절한 채팅 내용을 신고했습니다.
ff3b0287760673e2,TID_BATTLEPASS_TASK_INFO_DESTROY_BUILDERSHUTS,멀티플레이 전투에서\n장인의 집 <num>개 파괴
45b9cdc7a82125c5,TID_BOWLER,볼러
f0fe348f8ca06392,TID_PERSONAL_BREAK_STARTED,너무 오랫동안 보호막 없이 버텼기 때문에 게임이 잠시 후 종료되고 몇 분 동안은 실행할 수 없습니다.
4187423e0991355b,TID_PET_ABILITY_SPIRIT_FOX,스피릿 워크
25f0a295fb8b031f,TID_WELCOME_BACK_DEFENCES,마을이 공격당했어요
93d9f9e0b1c25255,TID_ARROW_TRAP,창 함정
edf642c2ffb729b2,TID_LINK_DEVICES_ENTER_CODE_KUNLUN_TEXT,설정 - 기기 연동을 통해 마을의 연동 코드를 받을 수 있습니다. 튜토리얼에서 자세한 방법을 확인하세요!
aa1b519cbdef1860,TID_RAID_DONT_HAVE_RESULTS_YET,아직 습격전 결과가 나오지 않았습니다.
eae29e8abd69d7b0,TID_REQUIRED_BLACKSMITH_LEVEL,<number>레벨 대장간 필요
fa09941c5b8729fb,TID_RAID_WEEKEND_CLAN_DEMOTION,<clan> 강등됨
390009768d8b9d41,TID_PERSONAL_BREAK_ATTACK_DISABLED,공격을 시작하려면 개인 휴식이 끝날 때까지 잠시 기다려야 합니다.
2dcffad398acf33b,TID_ITEM_LOCKED,<item> (잠김)
e38652292c75218d,TID_FACEBOOK_UNAVAILABLE_TRACKING_DISABLED,기기 개인 정보 보호 설정에 따라 Facebook 소셜 기능이 비활성화되어 있습니다.
9af3112f57f8d4b5,TID_TUTORIAL_MEET_NEW_BUILDER3,우왓! 어디서 튀어나오셨어요?
4aa320aa895a3fd6,TID_TUTORIAL_SEASON_CHALLENGE_1,대장님께 새로운 걸 보여드릴 때가 된 것 같군요.
98620057a04954ad,TID_GEAR_INFO_LIFE_GEM,인근의 아군 유닛들이 추가 HP를 획득합니다
b26d3e8d2503b093,TID_CONFIRM_CLEAR_TRAINING_QUEUE,정말 훈련 대기열을 비우시겠습니까?
bfff65aabba5f958,TID_NPC_CHALLENGE_TH7_DRAGON_DRAGONS2,<c54a0fe>드래곤</c>을 하나 더 배치해 마을 구석을 정리하세요. 남은 유닛이 마을 중앙으로 진입할 수 있도록 길을 터줍니다.
17138ddd5c6810fd,TID_NPC48,샤베트 포탑
4d835732c2cef449,TID_LEGEND_SEASON_END_TIP,참고: 전설 리그에는 특별한 시즌 종료 규정과 보상이 적용됩니다!
ee9145d2ba6a12c4,TID_NEWS_TH11_UPDATE_SPELLS_TITLE,마법을 교환하라
72546850331967cc,TID_BUY_MISSING_RESOURCES_HEADER,<resource> 부족
5023c5433545c49f,TID_BOOSTER_FILL_GOLD2_STORAGE,장인기지 골드 룬
e31960a227c58ff6,TID_BUTTON_CANCEL_PRESET,취소
6f21e125d6f1c201,TID_DAILYLOGIN_DISABLED_CLOSEBUTTON_TEXT,먼저 보상을 받으세요!
da6827ece58691e0,TID_DIAMOND_PACK_3,보석 자루
821fea446fdf4798,TID_TOWN_HALL_UPGRADE_WARNING,주의: 업그레이드하면 마을회관 레벨이 <number> 이하인 상대로부터 약탈하는 전리품이 감소합니다.
b08848c2bf8987c4,TID_KUNLUN_APP_STORE_VIVO,Vivo
a85c90517d8fd646,TID_HINT LEAGUE_DEMOTION,너무 많은 트로피를 잃으면 하위 리그로 강등될 수도 있습니다. 트로피를 위해 싸우세요!
c6f1d902e464426e,TID_FINISH_SPELL,즉시 완료:
fa2ddf23e96ade87,TID_NPC_CHALLENGE_TH9_BABYDQW_INFO_WAIT,<c9916c8>아처 퀸</c>이 <cf70d16>폭탄 타워</c>를 제거할 때까지 기다리세요.
f7c9a93b36a46daf,TID_REENGAGEMENT_ATTACK_1,대장님이 돌아오셔서 다들 사기가 오르고 있습니다!
58c6b6c28c7cffdb,TID_TOTAL_TRAINING_TIME,총 시간:
9e234c8c59ba6f19,TID_HINT_REBUILD_BOAT,해안에 있는 배를 이용해 장인기지로 가세요!
e05288e49853219b,TID_CLAN_HAS_TOO_FEW_MEMBERS,클랜에 클랜원이 부족합니다.
9b301ad5a31a00e0,TID_INFO_POP_UP_IAP_NOTE,클래시 오브 클랜은 무료 게임이지만 인앱 구매를 통해 더 빠르게 진행할 수 있습니다. 이를 차단하려면 인앱 구매를 할 수 없도록 기기 설정을 변경해 주세요. 게임은 13세 이상부터 플레이할 수 있습니다.
f5b919cc2f19e79d,TID_SCENERY_ALREADY_OWNED,이미 보유한 배경입니다!
4205e0db5cc22050,TID_UPGRADE_INFO_DAMAGE,피해량(+<num>) <old>
2c4742f7b3d9b3c6,TID_DECORATION_9YEAR_BIRTHDAY_STATUE,화염 피규어
044101187da101ae,TID_MEDAL_EVENT_HARD_CURRENCY,메달 이벤트 상급 재화
10003eae653b4662,TID_WL_MEDALS_BONUSES_RECEIVED,클랜전 리그 보상으로 보너스 메달 <num>개를 획득했습니다.
3ca1f0e87c83e57c,TID_HUD_ATTACKER,공격자
782d64fc4a1f1963,TID_HOG_GLIDER_ABILITY_NAME,스턴 글라이드
28d870fc960203b7,TID_GEAR_TITLE_LIFE_GEM,생명의 보석
9229289187142e3d,TID_NPC_CHALLENGE_TH12_DRAGBAT_ICE_GOLEMS,<c54a0fe>얼음 골렘</c>을 배치해 <c9916c8>아처 퀸</c>을 보호하세요.
b96a6a83e67f2421,TID_WL_COLUMN_DESTRUCTION,파괴율 %
2ca3b5beda85ffa3,TID_NPC77,힘의 고리
ba2924da044382ab,TID_NPC_CHALLENGE_TH10_MINER_MINERS,이제 <c54a0fe>광부</c>의 진입 경로가 확보되었습니다.
e97c29245053adee,TID_PLAYER_NOT_FOUND,해당 태그로 플레이어를 찾을 수 없습니다.
998e7344bb41af81,TID_INFO_TRAINING_TIME,훈련 시간:
d2c9cf62cb16c31c,TID_TUTORIAL_ELIXIR_STORAGE_2,엘릭서 저장소를 건설하면 더 많은 엘릭서를 보관할 수 있습니다!
04bc468ba03b8abe,TID_ALLIANCE_WAR_STARTWAR_INFO_LEADER,"영광을 위해 클랜전에 참여하고, 전리품과 클랜 XP를 획득하세요!\n\n\n클랜이 준비를 마쳤습니까? 전쟁터로 나가세요!"
5f2233b0127e0eef,TID_LAST_ONLINE_MULTIPLE_DAYS_AGO,<num>일 전 플레이
5b76ab48041b2d3c,TID_POWER_BOOST_INFO,유닛과 마법을 현재 마을회관이 허용하는 최대 레벨로 강화합니다.
908514bd6448847c,TID_STREAM_SHARED_LAYOUT,배치를 공유했습니다.
25b6be66589e979d,TID_NPC_CHALLENGE_GET_RID_OF_CC_WITH_POISON,<ce98714>독 마법</c>을 사용해 적의 클랜 성 유닛을 제거하세요.
54910f4d21203236,TID_RESULTS_FOR_LAST_RAID_SEASON_ARE_STILL_BEING_PREPARED,주말 습격전 결과는 아직 준비 중입니다.
d96df94f0b6e25fb,TID_SCENERY_FUTURE,퓨처 배경
da33fb5737177109,TID_BOOSTER_HERO_POTION_ALT_2_LINE,영웅 포션
1a1174c140eeb2f0,TID_FRIENDLY_ARMY_CHANGED,친선 군대 변경 완료
536dd4ea7de9e280,TID_BUTTON_FREE,무료
8dfd0820bc988348,TID_LEAGUE_EMERALD3_SHORT,에메랄드 III
56bf8731b4f90003,TID_TENCENT_DOLPHIN_CONFIRM,检查到新版本，请立即更新下载，大约<totalsize>k
4003292d9b166876,TID_HERO_ABILITY_NUM_SUMMONED_UNITS,소환 유닛: <number>
9dfbe0f88363b3ce,TID_HINT_YETI,"예티는 장벽을 뛰어넘지 못하지만, 베이비 예티는 뛰어넘을 수 있습니다."
9e38f0344f9c0730,TID_DECO_DEAD_JAKUZZI,오싹한 스파
ba1237ce2820bff8,TID_RED_NEWS_BUY,상점
5bb922835425a0da,TID_CHALLENGE_SWITCH_LAYOUT,선택한 배치
533e27bd94d48c05,TID_CHARACTER_INFO_WARLOCK_SHORT,우아한 자태로 해골 병사들을 소환하세요!
a4cae659a960fbd0,TID_BOB_TASK_TROOP,\n장인기지 유닛을 <level>레벨로 업그레이드해 완료하세요.
b01317f9771da00a,TID_TRAP_HALLOWEENBOMB_INFO,으흐흐... 이 으스스한 폭탄은 한정 기간 아이템입니다.
885664fdd00074a5,TID_TUTORIAL_CAPITAL_UPGRADE_3,기여를 통해 충분한 캐피탈 골드가 모이면 업그레이드가 완료됩니다.
4a2a7051967a36a7,TID_DAILY_LOOT_LIMIT_FILLED,일일 전리품 한도 도달
c52d57dabc280435,TID_CLANGAMES_TASK_GET_LEVELKILLS_VS_GRANDWARDEN,워든 레벨 사냥꾼
fd3e3465162654fb,TID_LAYOUTS_ACTIVE_LAYOUT,활성화된 배치
d03aae6d009e3d57,TID_POPUP_CANCEL_GOBLIN_CONSTRUCTION_TITLE,건설 중단
b0a0bedf42b2002a,TID_DEMOTE_TO_MEMBER_CONFIRMATION_TITLE,강등 확인
031108d1d4d0a0c8,TID_LAYOUTS_EDIT_BUTTON,배치 편집
d4fe47803259c177,TID_CANCEL_FRIENDLY_WAR_SENDER_TEXT,친선전 도전을 정말로 취소하시겠습니까?
83fb286c29183793,TID_ALLIANCE_JOIN_OK,<name> 클랜에 가입했습니다!
ed61dca7538caad6,TID_BUTTON_SPEEDUP,즉시 완료
33afebf29d3feb51,TID_ALL_CAPITAL_UPGRADES_DONE,가능한 모든 업그레이드 완료
4dc76e9eaa481365,TID_LOCAL_NOTIFICATION_CLAN_GAMES_ENDING_SOON,클랜 게임이 곧 종료됩니다. 어서 점수를 모아보세요!
998db9b7f0d7f703,TID_POPUP_CANCEL_CLEAR,<item> 제거를 중단할까요?
581caa91418b771c,TID_CLANGAMES_TASK_WIN_WARSTARS,전쟁광
ebcaa1eae7d5d11f,TID_NEWS_BIRTHDAY_TITLE,"대장, 생일 축하합니다!"
b1d70ad9c62c47fd,TID_BATTLEPASS_TASK_WIN_STARS_USING_CLONE,복제의 힘
1d123e9f6136e5c2,TID_BIND_TO_NEW_GAMECENTER_ACCOUNT_TITLE,새로운 Game Center 계정 로그인
e410ba99f3b843e5,TID_CAPITAL_REWARD,습격전 메달
88a588b9587d8d24,TID_TRAINING_BUILDING_STATUS,훈련소
ca4c3b1a744f5716,TID_TUTORIAL_OUTPOST_INTRO_1,바로 여기에 O.T.T.O가 삽니다.
150ee87cee49a3f5,TID_POPUP_GOBLIN_HELPER_TEXT,대장님! 건설이나 연구에 도움이 필요하신가요? 약간의 보석을 주신다면 제가 도와드릴게요!
03f19c17d66917f8,TID_CLAN_MIN_TROPHIES,최소 클랜 점수:
5962bbae40685751,TID_LEGENDS_SHIELD,전설 보호막
d1fa71ae2509fda6,TID_CANCEL_BOOST_CONFIRMATION,건물을 업그레이드하면 가속 효과가 사라집니다. 진행할까요?
65a8a4710149bb47,TID_LOOT_SHORT,전리품:
153cdd80cf611a7c,TID_CONFIRM_MERGE,계속 진행할까요?
2daf684f48d3b1b2,TID_CONFIRM_CONFIRM,\q<confirmword>\q를 입력하고 확인 버튼을 눌러 작업을 완료하세요.
9db75afbba4fef64,TID_LEAGUE_RUBY1,루비 리그 I
265e7189aaabb4b3,TID_TRAP_HALLOWEEN_SKEL_INFO_SHORT,적 유닛의 주의를 분산시킵니다.
98848ed62645adc3,TID_ACHIEVEMENT_DESTROY_TOWNHALL2_TITLE,파괴왕
ad17d41fdb4762bf,TID_ATTACK_SPEED,공격 속도: <number>
c82720e4eb5319d5,TID_ERROR_POP_UP_PERSONAL_BREAK_BUTTON,재실행
db506dd3d5db1d89,TID_WAITING,대기 중
79385424768f493d,TID_ALLIANCE_WAR_LOOKING_FOR_OPPONENT,상대 클랜 검색 중...
8e64c0c85c479758,TID_BB_DEFENCE_REWARD_CANT_COLLECT,받을 보상이 없습니다.
0c4142f98a2d8964,TID_HEALING_WAVE,치유 마법
dcef62450af9bfd2,TID_TUTORIAL_CHANGE_NAME,훌륭한 전투였습니다! 그러고 보니 아직 대장의 이름을 듣지 못했네요?
41c39b60a1091ee0,TID_LEAGUE_TITANIUM2_SHORT,티타늄 II
00c78e04df53845f,TID_ONGOING_EVENTS,오늘의 이벤트
e6cda59c4ab036d1,TID_BUILDING_WALL,장벽
a3315cbfd2f98f27,TID_UPGRADE_TH_TO_GEARUP_UNLOCK,장인회관을 <number>레벨로 업그레이드해 더 많은 건물을 개조하세요!
ebbc3be4ba2a04b1,TID_REPAIR_PER_SECOND,초당 수리: <number>
3365427ebacaaf4d,TID_BATTLEPASS_TASK_WIN_STARS_USING_RAGE_INFO,멀티플레이 전투에서\n분노 마법을 사용해\n별 <num>개 획득
d9c61a0179178784,TID_JUMP_SPELL,이동 마법
e2bd2416313fc619,TID_NEWS_SAFEGUARD_TITLE,마을의 안전을 지키세요!
04ae5dce8d3ee422,TID_BOB_UNLOCK_BUILDING,B.O.B 본부
dba6a8854f327d1a,TID_STUN_TIME,목표물 마비: <number>초
d95dc81b4ae0226d,TID_XP_TEXT_PUZZLEANDDRAGONS,마침내 일본에서 가장 인기있는 게임이 도착했습니다. App Store에서 무료로 다운로드 받으세요.
24595dace9743611,TID_ACHIEVEMENT_DONATE_SIEGES,시즈 머신 <number>대 지원
cfff8c9448ba6102,TID_TUTORIAL_MEET_NEW_BUILDER4,제 집을... 깨끗하게 치워주셨네요!\n이제 이곳을 구경시켜 드릴게요!
b01edb6425044a18,TID_TRAINING_SCREEN_DARK_SPELLS,암흑 마법 제작소
1a0127032115716d,TID_DEVICE_LINK_ERROR_OLD_DEVICE_NOT_ACTIVE_TEXT,기기들을 성공적으로 연동하려면 이전 기기가 연동 코드를 화면에 표시한 채로 활성화 상태를 유지해야 합니다.
257f890a422e0105,TID_HASH,#
44339a514970d062,TID_TITLE_RENAME_PRESET,군대 이름 변경
94ce421a908c4eed,TID_NEWS_RED_LIKE,좋아요 (RED)
3a3136cf0abd6272,TID_CLANGAMES_TASK_INFO_DESTROY_BB_GOLDMINE,장인 전투에서 <building> <num>개 파괴
8b1959c16782aa0e,TID_ARMY_CAMPS,선발대:
30e1cbba6ce086b8,TID_CLAN_TAG_BASE_DESIGNING,기지 설계
94a4280961c51be7,TID_EVENT_GET_GEM_ALTERNATIVE_TEXT,마법 아이템 저장 공간이 부족해 이벤트 보상을 모두 획득할 수 없습니다. 남은 보상을 보석 <amount>개로 대체할까요?
f0c5f3a493238820,TID_TENCENT_DOLPHIN_DOWNLOADING_76,更新校验配置文件
374c10486ceb1e00,TID_CHARACTER_INFO_HASTY_BALLOON,안전 점검을 마친 부스터 로켓을 두 개나 새로 장착한 비행선은 누구보다 빠르게 전장을 향해 날아갑니다!
1a288120abd84557,TID_DARK_ELIXIR_BARRACK_INFO,암흑 병사 훈련소는 다크 엘릭서에서 태어난 생물을 소환합니다. 암흑 병사 훈련소를 업그레이드하면 독특한 전투 기술을 지닌 새로운 유닛을 소환할 수 있습니다.
9d03e92a799c7adc,TID_TENCENT_LOGIN_TOS,Tencent Game 라이선스 및 서비스 계약
ff9f4aaf6382dec3,TID_MAGIC_SCENERY,마법 배경
f5e3487525358e6c,TID_CHARACTER_BARCHER,바처
e825357d42a412cb,TID_ACHIEVEMENT_ACCOUNT_BOUND_KUNLUN,마을을 안전하게 보호
8c167347771cf32d,TID_LOCKED_IN_TUTORIAL,이 기능을 사용하려면 튜토리얼을 완료하세요!
74a455cff9b00658,TID_ELIXIR_PUMP_INFO,엘릭서는 마을 아래를 지나는 지맥으로부터 추출합니다. 엘릭서 정제소를 업그레이드하면 엘릭서 생산력이 증가합니다.
82594c234e4bf7e5,TID_WAROPTIN_TAKE,참가
f56ba27f5ce5b3d9,TID_OBSTACLE_CNY2017,폭죽 상자
35e2a897a35ade31,TID_NPC_CHALLENGE_TH7_HOG_WIZARDS,<c54a0fe>마법사</c>를 배치해 바바리안 킹을 도우세요!
5e47840081ea9ce3,TID_HINT_LEAGUE_SHOP,"리그 상점에서 최고의 보상들을 구매할 수 있지만, 클랜전 리그에서 싸워야 차지할 수 있습니다!"
790e6263d777ca6e,TID_HERO_ABILITY_WARMACHINE_TITLE,전기 망치
14b110c87076989e,TID_CLAN_WAR_CHALLENGE_REJECTED_AUTOMATICALLY,도전이 거절되었습니다.
ed2c74b31334d4d6,TID_NPC17,간선도로
221a619fdcdc364f,TID_NPC26,화살촉
fd0a355915e3bd1f,TID_ROYALE_SCENERY,로얄 배경
edee802b5a522f11,TID_CHARACTER_INFO_MOVING_CANNON_SHORT,대포 카트에는 대포가 몇 개까지 들어갈까요?
c0b2c6f6033a52bd,TID_TEST_PACK_RES_FOR_BOTH_VILLAGES,Test Pack for both v res from th
0e2bebc7f6a34296,TID_ENDOFSEP_OFFER_INFO_TH0206_0999,• 장인 포션 x<booster1> - 장인의 작업 속도가 1시간 동안 10배 빨라집니다.\n• 힘의 포션 x<booster2> - 1시간 동안 유닛 및 마법 레벨이 현재 마을회관에서 허용하는 최대 레벨로 증가합니다.\n• 골드 x<res0>\n• 보관량 제한이 없습니다!\n• 해당 특가 상품은 표시된 기간 내에 4회 구매할 수 있습니다.\n가을 전투를 준비하세요!
f9b65459dc6bbf06,TID_BUTTON_WAR_ATTACK_CONFIRM_ATTACK,공격
daa879bbc38de308,TID_GP_PURCHASE_COUNTDOWN,패스 판매 종료까지: <time>
3b4e58a49e159bc3,TID_PROFILE_BUTTON_ADD_FRIEND,친구 추가
9e92548db3f352dc,TID_SCENERY_EPIC_WINTER,눈부신 겨울 배경
afa2b08420c548d1,TID_WALL_INFO,장벽은 마을을 안전하게 지켜주며 적들을 공격 가능 범위 쪽으로 유도합니다.
32560d162d38005b,TID_BATTLEPASS_TASK_INFO_COLLECT_ELIXIR,엘릭서 정제소에서 <num> 엘릭서 회수
cd401751fa7b649f,TID_MORE_TWITCH,Twitch에서 클래시 오브 클랜 실시간 스트리밍 방송을 감상하세요!
90ac8d3ee5142e45,TID_BP_TASK_HIDDEN_REQUIREMENT,이전 작업을 먼저 완료하세요!
ce4c8f3f5e540908,TID_MAGIC_THEATRE_SCENERY,달빛 극장 배경
3fad81afddae24d9,TID_TRAINING_TIME_REDUCTION,훈련 시간 감소: <number>
c84b1b600fc921fe,TID_DEVICE_LINK_CODE_VALID_TIME,코드 유효 기간:
52c9d5698e93fab3,TID_NEXT_REQUEST,다음 요청:
36fd1bec3df159b8,TID_BUTTON_EQUIP,장착
7c138ab370624f56,TID_CLANGAMES_TASK_USE_ELECTRODRAGON,일렉트로 드래곤 마니아
f55989b4007b6a18,TID_SETTING_SCREEN_SHAKE,화면 흔들림
4cb98ec914dcb10f,TID_LOCAL_NOTIFICATION_EVENT_ALL_ARMY_BOOST,"대장님, 보석 1개 부대 가속 이벤트가 시작됐습니다!"
dff0ad91bfb52988,TID_WL_STAT_POSITION6,6위
44e277a401a280cc,TID_PET_WALLBUSTER,마이티 야크
23aef5e46a28cb09,TID_CHARACTER_HASTY_BALLOON,로켓 비행선
e068d9a4889fa8b3,TID_SUPPORT_CREATOR_CODE_SET,이제 <name> 님을 후원합니다!
b009b369cd77b0fb,TID_CHALLENGE_TH7_MINION,공중 습격
76adb0b6dc3e2bb0,TID_CLANGAMES_TASK_DESTROY_BB_GEMMINE,보석 약탈
783aae7c0c929e8d,TID_BUTTON_ATTACK_MODE_GROUND,지상
78c10972cde9a235,TID_WL_BONUSES_SENDING_FAILED_OTHER_PLAYER_SENT,이미 다른 대표가 보너스를 주었습니다!
77ab30eaf90dea72,TID_NPC_CHALLENGE_TH9_BABYDQW_ARCHER_QUEEN,<c9916c8>아처 퀸</c>을 배치해 마을로 진입하는 길을 뚫으세요.
205c5106393f460b,TID_LEAGUE_BRONZE1,브론즈 리그 I
8abb285855be5901,TID_BUY_PRIZE_SHOP_ITEM_MULTI_TEXT,<item> <num>개를 구매하시겠습니까?
dcd33bae5be25c98,TID_FRIEND_FILTER_ADDABLE,친구 요청
8d7f9adfa2781143,TID_MORE_WEIBO,请关注新浪蓝V认证微博@部落冲突Clash-of-Clans
a101813d4aa7b1fb,TID_NEWS_TH11_UPDATE_ARTILLERY_TEXT,"• 이 거대한 장거리 병기는 준비가 미흡한 공격군을 순식간에 박살 냅니다.\n• 폭발하는 포탄은 강한 적들을 쳐부수고 그 여파로 주변의 적들까지 피해를 줍니다.\n• 독수리 포탑은 대규모 병력을 상대로만 작동하므로, 전략적인 여러 단계의 공격을 활용하면 틈을 노릴 수도 있습니다!"
f23c343ca2d0f399,TID_MAP_LOCATION_3,승리의 계곡
d08ee6d936293907,TID_CAPITAL_GOLD_STORAGE_FULL_TEXT,캐피탈 골드 저장소가 가득 찼습니다. 그래도 공격을 진행할까요?
b0ee0a6e16033d87,TID_HINT_SIEGE BARRACKS,"시즈 훈련소는 좋은 공격 개시 수단이며, 유닛을 효과적으로 보호할 수 있습니다!"
71a5aec7061a6fa4,TID_GEAR_INFO_FROZEN_ARROW,맞은 적을 느리게 만드는 얼음 화살입니다
556303deaa0ce44f,TID_NATIVE_DIALOG_TENCENT_ACCOUNT_CONFLICT_TITLE,충돌 계정
a671b11ae802d2d7,TID_TUTORIAL_ELIXIR_CART_4,엘릭서를 모아 활용해보세요!
88758a69470dc0de,TID_ACHIEVEMENTS_REWARD,보상:
f61ffc5d87e1ff5e,TID_BUILDING_DARK_TOWER,인페르노 타워
6edde7b36ab3e5f7,TID_OPEN_CHALLENGE,도전 시작
d5c62049023bbd1f,TID_INFO_POP_UP_IAP_NOTE_TENCENT,클래시 오브 클랜은 무료 게임이지만 인앱 구매를 통해 더 빠르게 진행할 수 있습니다.
d9a175ca44f09b1c,TID_MATCHMAKE_VILLAGE2_TITLE,장인 전투
05118410c23f98aa,TID_CAPBUILD_INFERNO_INFO,대형 유닛의 숙적인 인페르노 타워는 고정된 대상에게 지속적인 공격으로 막대한 피해를 줄 수 있습니다.
2c5986f0d086e895,TID_CHARACTER_INFO_AD_SEEKER_WITH_EXPLOSION,이 화염 괴물은 적의 대공포 시설을 공격하며 다른 부대를 훌륭하게 보호합니다. 파괴되면 수많은 작고 약한 괴물로 분리됩니다.
d6432aa765aae78e,TID_TUTORIAL_GOLD_EARNING_LEAGUES,더 많은 트로피를 획득할수록 높은 리그로 올라갑니다.
7d254761a1001a7c,TID_BOOSTER_USE_BB_STAR_BONUS_BOOSTER_QUESTION_TITLE,보너스 충전?
3e0a16a32f481748,TID_HINT_ARTILLERY2,재빠르게 공격하면 독수리 포탑이 많은 피해를 입히기 전에 처리할 수 있습니다.
3bbf78338998def5,TID_CAPBUILD_REFLECTOR,반사기
630e13ed36df6b2e,TID_HERO_ABILITY_USED,이미 능력을 사용했습니다!
229a5e0d3ec4ed77,TID_TUTORIAL_WAR_LEAGUE_7,승리하려면 상대보다 더 많은 별을 모아야 합니다.
6652f62aff260276,TID_TUTORIAL_CLASHOWEEN_EVENT_E2,충분히 모아지면 여기서 군침 도는 보상을 획득하세요!
db35700dbec3b05e,TID_CLANGAMES_TASK_USE_SUPER_WITCHES,마녀와 조수
ea0182262c1d23a3,TID_ACHIEVEMENT_NPC_STARS_MORE_TITLE,더 많은 고블린 처치
2f5bd8c88ac2b1b0,TID_BUILDERHALL_LEVEL,장인회관 <level>레벨
c57a53045fb4403d,TID_POPUP_REMOVE_REINFORCEMENTS_TITLE,지원군 제거 확인
116bb42261679214,TID_GEAR_ANGRY_TOME,분노 보석
b6af5457749dd9ee,TID_TIP_SPELL_FORGE,공격에 사용할 수 있는 강력한 마법을 제조하세요.
575e427dc6ce9c13,TID_BUTTON_TRAIN_PRESET,훈련
88231bef7860febd,TID_CLANGAMES_TASK_INFO_DESTROY_BB_ROASTER,장인 전투에서 <building> <num>개 파괴
38e7c5a58cebae99,TID_BEST_ATTACK,최고 공격:
509533049ea6d262,TID_HERO_INSTRUCTIONS_WARDEN,"워든은 아군 뒤에서 생명의 오라로 아군의 체력을 높여줍니다. 공격 시에는 장벽을 넘거나 하늘을 날 수 있으며, 방어 시에는 석상으로 변해 타워처럼 적을 공격합니다. 영원의 책 능력을 잠금 해제하면 주변 아군을 피해 면역 상태로 만들어 줄 수 있습니다!"
40ec06e6d22d354e,TID_NEWS_SEP_V2_BALANCING_TEXT,"• 장인회관에 두 가지 신규 유닛 추가: 자이언트 대포(방어 시설) 및 해골 수송선(공중 유닛)\n• 유닛은 14레벨까지, 방어 시설은 7레벨까지 업그레이드 가능\n• 배틀 머신을 15레벨까지 업그레이드 가능"
b9a4fc95d533442d,TID_LEAGUE_MASTER3_SHORT,마스터 III
b3d3cf17e59453ba,TID_RECHARGE_TIME,재충전 시간: <number>초
e7b49527d7ffcf5d,TID_SHOP_MERGE_BUILDING_DISCLAIMER,두 건물이 합쳐져 새로운 건물이 됩니다. 한 번 진행하면 되돌릴 수 없습니다.
0914e79270d6937c,TID_DIAMOND_BUNDLE_TH10_ALT_UPDATED_INFO,• <res0> 다크 엘릭서\n• <res1> 골드\n• <res2> 엘릭서\n\n보관량 제한이 없습니다!\n\n이번 한 번 뿐인 <cffec78><value>배 가치</c>의 구매 기회를 놓치지 마세요!
fa7ab0fe1c11af0e,TID_CHARACTER_RAM_RIDER,램 라이더
37f429e57d6f8309,TID_LEAGUE_DIVISIONS,티어
c62717022eeef4ba,TID_PREVIOUS_ARMY,이전 군대
2e3a737c5851bc87,TID_BB_RESULTS_REWARDS,보상:
5204e8c603a9145f,TID_TRAINING_SCREEN_DARK_BARRACKS,암흑 병사 훈련소
4a9c6c79b264f20a,TID_GAMES_OVERVIEW_HEADLINE,개요
5c04ccbf4cb9c102,TID_SCENERY_GINGERBREAD,진저브레드 배경
e672755d00a81400,TID_SHIELD_SHIELD,보호막
d619cad277c891ef,TID_WITCH2_ABILITY_HELP,활성화되면 화가 많이 난 박쥐 <num>마리를 소환합니다.
a4a1d0d440b1f795,TID_CLANGAMES_TASK_INFO_WIN_BUILDERBATTLES,장인 전투에서 <num>회 승리
f5920a05485457c7,TID_LEADERBOARDBANNER_PLAYER_TIMELEFT,남은 시간:
f6491664a8cff22f,TID_HINT_SPELL_EARTHQUAKE2,같은 건물에 지진 마법을 반복해서 사용하면 피해가 줄어듭니다.
1f0fb950ac19a3e5,TID_NEWS_ROYALE,클래시 로얄 글로벌 출시 안내!
bd7c2ac3dc22e4da,TID_WARTOOLS_EMPTY_NOTES,탭해서 메모 입력
67b05b9b4636e530,TID_ENDOFSEP_OFFER_INFO_TH0712_0999,• 건물의 책 x<booster1> - 건물 업그레이드가 즉시 완료됩니다.\n• <res0> 골드\n\n• 보관량 제한이 없습니다!\n• 해당 특가 상품은 표시된 기간 내에 4회 구매할 수 있습니다.\n\n가을 전투를 준비하세요!
4b56024be62238e0,TID_STAR_BONUS_DESCRIPTION_NO_CC,별 보너스 전리품은 금고로 전달됩니다. 클랜 성을 수리해 금고를 여세요!
dbd1c2c9a564f300,TID_SPEED_UP_HERO_HEALTH_HEADER,즉시 치유!
a6a1e82c63506591,TID_LEAGUE_COPPER5,카퍼 리그 V
2759cc587282b25f,TID_RAID_WEEKEND_SIGNUP_LEADERS,주말 습격전 동안 소속 클랜은 다른 클랜의 캐피탈을 상대로 싸우게 됩니다. 클랜원 모두 함께 힘을 합쳐 전투하고 값진 보상을 손에 넣으세요!\n\n클랜이 준비가 되었나요? 지금 바로 참여하세요!\n\n주말 습격전 종료까지: <time>
76aec7f47a99e280,TID_BUTTON_NOTE,메모
cd5ee0be02c47ff9,TID_BUILDING_ARCHER_TOWER,아처 타워
7b98cd1a38f0707d,TID_WECHAT_LOGGED_IN,WeChat에 로그인함
1d110f4c63a42033,TID_LEGENDS_ATTACKS_LEFT,남은 전투:
b87f62ef6786e3cd,TID_STAR_BONUS_WINDOW_TITLE,별 보너스
1f4e779e1b4f9ca2,TID_BOOST_ALL_RESOURCES,모든 자원 시설
8d304c074c02b724,TID_ACHIEVEMENT_LOOT_DARK_ELIXIR,<number> 다크 엘릭서 약탈
32e083e911381fe9,TID_CLAN_BADGE_LOCKED,클랜을 <num>레벨로 업그레이드하여 이 아이템을 잠금 해제하세요!
e9e840db1af48465,TID_GEAR_TITLE_ETERNAL_TOME,영원의 책
f1e6e1a66d60f61e,TID_NPC_CHALLENGE_BOWIGI_QUEENABILITY,아처 퀸이 위험에 처하면 <c9916c8>아처 퀸의 능력</c>을 사용하세요!
607cb9f479a1a783,TID_OBSTACLE_TREE_STUMP,나무 그루터기
b4c90fe1ee5cb07f,TID_TRAIN_ALL_HOUSINGS_FULL_INFO,집합소를 업그레이드하거나 추가로 건설하면 더 많은 유닛을 소집하거나 전투에 동원할 수 있습니다!
f3d26e7d09f8a8a6,TID_WELCOME_BACK_TITLE,돌아오신 것을 환영합니다!
d41fea623a558e7f,TID_YOU_LOST,방어 실패
933cfd7720558083,TID_CLAN_GAMES_REWARD_TIME_COUNTDOWN,남은 시간: <time>
5921e09954be8bdb,TID_TUTORIAL_LOOK_FINISH,유닛을 쓴다고요? 대장의 솜씨가 여기서 빛을 발할지도 모릅니다!
531a315a3dee8987,TID_CHALLENGE_DEFAULT_INPUT,내 마을을 격파할 수 있을까?
dbbcfc2e00c0c5f9,TID_CHARACTER_ELECTROFIRE_WIZARD_ACTIVE_INFO,활성화되면 파이어와 일렉트로 모드 사이에서 전환합니다.
cc6e4d2bf7b563c6,TID_TASK_BANNER_START_NEW,신규 도전
e4c5b8ecd801b5d9,TID_TUTORIAL_CLASHOWEEN_EVENT_A2,맨날 일만 하고 놀 줄은 모르는 장인이라 영 재미없다고 생각하셨죠?
8bc34e97f7b99615,TID_NUMBER_FOUR,4
00df1dc45dc7755d,TID_FEATURES,특성
dea03fcf48ce4eeb,TID_SUPER_GIANT_ABILITY_HELP,장벽에 더 큰 피해를 줍니다.
be3cb81e69b181f7,TID_ALLIANCE_SELECT_BADGE,클랜 배지 편집
46ef301750e66a79,TID_BUTTON_VILLAGE_LOAD,불러오기
86a2eeaf016efc34,TID_HASTE_DAMAGE_OFFSET,공격력 증가: <number>
6cb40fd04395ec34,TID_USE_CURRENT_ARMY_AS_FRIENDLY_ARMY,현재 군대 복사
2bd39932ed774ebc,TID_LEAGUES_LEAGUE_ORDER,리그 레벨
c8e94bae24e3b32e,TID_HINT_PUSH_TRAP,푸시 트랩을 회전시켜 원하는 방향으로 적들을 날려버리세요.
3407417f49af80ac,TID_ACHIEVEMENT_DONATE_UNITS_COMPLETED,지원한 인구수: <value>
edc6da1f8596c2af,TID_CLANGAMES_TASK_INFO_DESTROY_DARKSPELLFACTORIES,멀티플레이 전투에서\n<building> <num>개 파괴
fd4b2f9270b7ed08,TID_NPC_KING_HEALTH_LOW,<c9916c8>바바리안 킹</c>의 HP가 감소하고 있습니다. 바바리안 킹의 능력을 사용하세요!
ac730d468f8aecc4,TID_NPC62,지하 차선책
40c27950641af629,TID_ACCEPT_FRIEND_ERROR_TOO_MANY_FRIENDS,친구 목록이 가득 차서 친구를 추가하지 못했습니다!
aed8fd53f5a8a198,TID_RAID_INFO_TAB_ATTACK_TITLE,공격
bc14d6c18847615a,TID_BP_REWARD_CLAIMED,이미 해당 보상을 회수했습니다.
8373c630bab96c15,TID_WAR_PERSONAL_INFO,클랜전에 참가하시겠습니까? 다른 클랜원들이 내 정보를 볼 수 있습니다.
1da7a8c6c5418d2e,TID_CLAN_TAGS,클랜 태그
d0f1e83aaaff1d9f,TID_LIVE_ESPORTS,LIVE
e408488f3bac4dec,TID_POPUP_BOOST_SPELL_FACTORY,<time> 동안 마법 제조 속도를 <multiplier>배로 가속할까요?
c703cf90facde2f5,TID_SCENERY_CRYSTAL_CAVERNS,크리스털 동굴 배경
c302140c5feea8c7,TID_CHARACTER_ELECTRO_TITAN_INFO,강렬한 마법을 쓰는 데 주저함이 없는 전장의 요주의 인물입니다. 전류가 흐르는 채찍을 내리 찍으면 넘치는 에너지가 방출되어 주변 적에게 피해를 줍니다.
b5946793725033d2,TID_NPC_CHALLENGE_TH10_BOBAT_WALL_WRECKER,남은 유닛을 모두 배치해 남은 <cf70d16>마법사 타워</c>와 <cf70d16>인페르노 타워</c>를 제거하세요. <c54a0fe>파괴 전차</c>부터 배치하세요.
47367b38ab30cacb,TID_MAX_SUMMONED_UNITS,최대 소환 유닛: <number>
c5581a49e646a5da,TID_CANCEL_BOOST_CONFIRMATION_TITLE,가속 종료
088e41dc0d7d3660,TID_WAR_TEAM_TAB_DEFENSES,방어
5e8d3f2661a6056c,TID_CHARACTER_INFO_GHOST,아무도 자신을 알아채지 못해 화가 난 로얄 고스트는 모두가 자신을 알아볼 때까지 주위의 모든 것을 파괴합니다. 존재감이 너무나 희박해 장벽조차 로얄 고스트를 막지 않습니다!
5240e7224f084db5,TID_CANNON_CART_MORTAR_MODE,박격포 모드
b8c9b032148ae4f4,TID_DIAMOND_BUNDLE_TH11_REVISED_INFO,• 독수리 포탑 1레벨\n• 영웅: 그랜드 워든\n• 영웅의 책 x<booster1>\n• <res0> 엘릭서\n\n즉시 건설할 수 있고 보관량 제한이 없습니다!\n\n이번 한 번뿐인 <cffec78><value>배 가치</c>의 구매 기회를 놓치지 마세요!
48b14d0cb7aad725,TID_DIAMOND_PACK_6,보석 한 줌
dc1f5752e622bf64,TID_ALLIANCE_WAR_VICTORY,승리
2b7fcfd43094ec4f,TID_NPC_CHALLENGE_TH11_LAVALOON_HASTE2,남은 <cf07bf8>신속 마법</c>을 사용해 <c54a0fe>해골 비행선</c>이 마을을 완파할 수 있도록 도와주세요!
b658bc9306ee9a37,TID_TUTORIAL_CLASHOWEEN_EVENT_D2,오싹한 엘릭서로 다양한 보상을 손에 넣을 수 있으니 꼭 잊지 말고 모으세요!
59d0cbbd15cdba76,TID_STARTER_TH4_UPGRADEBARRACKS,더 나은 훈련소
5f03b20052349d95,TID_GEAR_TITLE_ROYAL_CLOAK,투명 마법 병
109993f1dd6336f4,TID_LEGENDS_LIVE_UNDER_ATTACK,공격 중인 상대:
4a175df59a2a50be,TID_ALLIANCE_WAR_ATTACK_FAILED_ALL_ATTACKS_USED,이번 전쟁에서 공격 기회를 모두 사용했습니다!
45357631419d61d8,TID_ALLIANCE_WAR_HISTORY_BROWSE_UNAVAILABLE,세부 정보 확인 불가
af65da1d176c31ea,TID_NEXT_REWARDS,다음
6953a8a5e67dcf9f,TID_NPC_CHALLENGE_TH7_DRAGON_LIGHTNING,<c38eaff>번개 마법</c>으로 <cf70d16>대공포</c> 하나를 파괴하세요.
fb97051b9b8518e0,TID_BATTLEPASS_TASK_WIN_BATTLES_USING_RAGEDBARBARIANS,승리를 향한 돌진
3969e3c7f168ae3d,TID_CLANPERK_DESC_WAR_LOOT_MULT,전쟁 보너스 추가 전리품:
da52f1c2454af61d,TID_DONATION_FAILED_PENDING_UPGRADE,지원 실패! 이전의 업그레이드가 아직 대기 중입니다. 잠시 후에 다시 시도하세요.
82773f97fa88c953,TID_STARTER_TH3_TRAINLABORATORY,군대 업그레이드
3aadaee00d3dd64d,TID_START_WAR,전쟁 시작!
ff834b0aed81cf24,TID_WAR_STARTS_IN,전쟁 시작까지:
e9a36e003a53eea2,TID_WECHAT_LOGIN_BUTTON,WeChat 로그인
d62b47a03de86587,TID_GEAR_RARITY_LEGENDARY,전설
e613ba052b1ee746,TID_BOOSTER_MOVE_OBSTACLE_ALT_2_LINE,장애물 삽
e7490e20f986a99e,TID_DECORATION_10_YEAR_FOUNTAIN,10주년 기념 분수
5b55cfa787b1d6c0,TID_STARTER_TH2_BUILDCANNON,대포 설치
7ecb61920c15a446,TID_9TH_CLASHIVERSARY_SCENERY,클래시데이 9주년 배경
d7d85544df5fd95a,TID_CLANPERK_DESC_DONATION_UPGRADE,지원 업그레이드:
483db64d9c615793,TID_CLANGAMES_TASK_INFO_USE_ICEGOLEMS,멀티플레이 전투에서\n얼음 골렘 <num2>명을 사용해\n별 <num>개 획득
0ddebbdf820d2317,TID_TUTORIAL_WAR_LEAGUE_13,정보 버튼을 누르면 더 자세한 정보를 볼 수 있습니다. 이 정도면 준비된 것 같네요!
038e649b5c24abdc,TID_ACHIEVEMENT_DESTROY_MORTARS_TITLE,박격포 섬멸
8745057995860300,TID_LOCAL_NOTIFICATION_EVENT_CLAN_LootXP,"대장님, 클랜전 이벤트 동안 전리품 및 XP를 두 배로 획득하세요!"
bd0d2d519a624df5,TID_YOUR_RESULT,내 공격:
f3afd140b448d6c4,TID_LEAGUE_WOOD2,우드 리그 II
80574c74986e468c,TID_COSMETICS_TIER_3,<ce86fff>전설</c>
541ceed482f8361e,TID_WAR_DONATE,지원
721feb4b44df9c35,TID_PROMOTE_TO_ADMIN_CONFIRMATION,<name> 님을 클랜 장로로 임명할까요?
7349dc01ef4c2078,TID_EVENT_DAILYLOGIN_TITLE,일일 로그인 달력
efeb8f09091779c6,TID_ACHIEVEMENT_DESTROY_BUILDER_COMPLETED,파괴한 장인의 집: <value>
9bc7a4795c15d1bc,TID_RAID_MAP,습격전 지도
d6401855ada17df1,TID_TUTORIAL_RAID_TEASER_3,약간의 인내심을 갖고 공격을 연습하며 더 강력한 방어를 구축하세요!
b4ba5aec661c241b,TID_TUTORIAL_WAR_LEAGUE_2,우리가 최고의 클랜이라는 걸 드디어 보여줄 수 있겠군요!
680a6ece776b053b,TID_OBSTACLE_HALLOWEEN2015,할로윈 가마솥
19e84054744d0c2b,TID_SHOP_GUARD_2H,2시간 가드
da241b447cc46ee1,TID_TRADER_ITEM_ALREADY_BOUGHT,품절
e2f40e0354a7426b,TID_UPGRADE_INFO_SPAWNED_UNITS,생성 유닛 수(+<num>) <old>
d301fad1cb75782d,TID_NPC_DEPLOY_STEPS_OFF_TITLE,준비됐나요?
cd06fbd5bcbf8718,TID_EVENT_TITLE_CLANWAR_SHORT2,클랜 대시
860b7b27cca55f17,TID_CANCEL_FRIENDLY_WAR_HEADER,도전을 거절하시겠습니까?
320fcac28cc56e27,TID_NEWS_CHALLENGE_PREVIEW_TEXT,• 클랜원이 아무때나 내 마을을 공격할 수 있도록 친선 전투를 신청하세요.\n• 친선 전투는 유닛을 잃지 않고 진행할 수 있습니다.\n• 결과와 리플레이를 공유하고 클랜 내에서 경쟁도 할 수 있습니다.
a8eb63a66d15e5a1,TID_IAP_NOT_AVAILABLE_ANDROID,구매할 수 없습니다! 올바른 Google 계정을 사용하고 있으며 주 결제 수단을 업데이트했는지 확인하세요.
8b0b6953df2ab2b4,TID_ADVANCED_SETTINGS,추가 설정
eac41a8014ddd388,TID_TRAP_MINE_INFO,숨겨진 재래식 폭탄은 적에게 확실한 의사를 전달하죠. '오지 마!'
5a5f1b4137aa5208,TID_REENGAGEMENT_DAILYCALENDAR_2,"돌아오실 때마다 보상을 받으실 수 있습니다, 대장님!"
7b3ca58f8615a5ae,TID_LINK_TARGET_DEVICE_TYPE,대상 기기
ec064c0cea2f771c,TID_CLANS_VS,VS
be937422e4846114,TID_CHARACTER_INFERNO_DRAGON,인페르노 드래곤
8218acb3939e44b8,TID_NPC_CHALLENGE_TH12_DRAGBAT_SPAWN_BATS2,<c9916c8>박쥐 마법</c>을 사용해 남은 <cf70d16>마법사 타워</c>를 파괴하세요.
b4562c31fb25ccb4,TID_CAPBUILD_INFERNO,인페르노 타워
dabf3ad293c6c795,TID_LINK_DEVICES_ENTER_CODE_TEXT,(연동 코드를 받으려면 이전 기기에서 연동 화면으로 간 후 \q이전 기기\q 버튼을 탭하세요.)
44bf7341bcb69f01,TID_JOINALLIANCEQUESTION,클랜 초대를 수락할까요?
3ea0d6c65e7bd0b5,TID_STARTER_TH3_WINSTARSGOBLINMAP,고블린 처치
f90c6f7f6e52881f,TID_GEAR_RESOURCE_COMMON,빛나는 광석
e18fcf88139ce5b0,TID_OBSTACLE_TRUNK,나무 기둥
f93af23aae13983e,TID_HINT_WALLBREAKER_TARGET,해골 돌격병은 장벽에 구멍을 뚫어서 상대방 건물로 향하는 길을 엽니다.
52685d3aba29f558,TID_BUTTON_GENERATE_CODE,연동 코드
8a1577b861ec9a19,TID_DARK_TOWER_INFO_SHORT,단일 표적을 녹여버리거나 여러 표적을 불태우세요!
4816e7d8b4b2019e,TID_SPELL_CAPACITY_AFTER_TRAIN,제조 후 마법 저장소 공간:
6c807fc1cbf52de5,TID_GOOGLE_SERVICE_CONNECT_BUTTON,연동
eb8749c3a01097a3,TID_BALLOON2_ABILITY_NAME,해골 폭탄
0aaf76686d116d65,TID_SETTINGS_API_TOKEN_RECEIVED,API 토큰: <token>
aca070501c94e2c2,TID_CHALLENGE_TH9_LAVALOON,라바와 친구들
c44f9142450de8a7,TID_CLANGAMES_TASK_DESTROY_BB_BUILDINGS,건물 펑펑
eb0a13bf0ccfcd6f,TID_CAPITAL_REWARD_FULL,저장 공간이 부족합니다!
d1bb8d7b12202f63,TID_MONTH_6,6월
2a132f81f2e4a96e,TID_PLACEMENT_HINT_TUTORIAL1,빈 공간을 여러 번 탭해 유닛을 배치하세요.
3ac9208fc86299f2,TID_SCID_GIFT_ACCEPT_BUTTON,수락
ac666a0a9a72dc18,TID_CHARACTER_INFO_HULK_SMALL,힘들어질수록 더 강해집니다!
4819ae10ef3bb995,TID_ALLIANCE_WAR_CANNOT_SCOUT_WAR_OVER,이 전쟁은 끝났으므로 정찰할 수 없습니다!
d579539e9af45561,TID_NPC_CHALLENGE_TH11_LAVALOON_BALLOONS3,남은 <c54a0fe>해골 비행선</c>을 배치하세요.
409b20c76f16a1c4,TID_BUILDING_ALLIANCE_CASTLE,클랜 성
c3a9c283bc860604,TID_TRAINING_SPELLS_INFO,마법은 5레벨 마을회관부터 이용 가능합니다.
5b0deedaa7099e5c,TID_UPGRADE_COUNT_LIMIT_HIT,<c2>이 건물을 더 이상 업그레이드할 수 없습니다.</c>
83801f9110f41977,TID_BP_PERK_AUTO_FORGE_DESC_STARTER,단조 작업소의 추가 슬롯을 사용하면 장인 없이 절반의 자원으로 생산이 가능합니다.
4ad2b380733e834c,TID_LOCAL_NOTIFICATION_BUILDING_READY,<item> 건설 완료!
ee55aeab6eba4325,TID_LEAGUE_IRON3,아이언 리그 III
b0bbbde116aff871,TID_LOCAL_NOTIFICATION_CLOCK_TOWER,시계탑 가속 이용 가능
8db4073d103b58e5,TID_TUTORIAL_WAR_MAP_FRIENDLY_2,적들이 싸움에 굶주렸습니다. 하지만 우리 클랜도 만반의 준비를 갖췄습니다!
c6ca21ec995866e9,TID_HINT LEAGUE_PLACEMENT,트로피 개수가 충분하다면 아무 마을이나 공격해도 자동으로 리그에 진입합니다.
ba68f3475d9987d0,TID_EVENT_HUB_ACCESS_INFO,이벤트 허브
6293f8b0f4965d75,TID_HERO_ABILITY_LEVEL_UNLOCK_PROMPT,능력: <number>레벨에서 잠금 해제!
b6e7bd0205e61599,TID_NUMBER_SIX,6
44884007404f75ee,TID_TENCENT_DOLPHIN_INSTALLFAIL,安装失败，请重试
2bd03199ab23c584,TID_FEATURE_SPELLS,마법
062310337b9f9b70,TID_WL_LEAGUE_INFO_BUTTON,시즌 정보
8b076dbc94243657,TID_ATTACK_VILLAGE2_ATTACK_USED,공격에 실패했습니다. 공격 기회를 사용했습니다!
1915a0b7e849da17,TID_GEAR_TYPE_SKILL,스킬
f91fae4b838ba842,TID_LEAGUE_WOOD3_SHORT,우드 III
790ad610f76f1723,TID_ARTO_TASK_CANNON_CART_FLUFF,바퀴를 제대로 다루는 건 어려운 일입니다. 대포 카트를 완벽하게 완성하면 바퀴 축을 잘 정렬할 수 있습니다.
e0083210adb82f83,TID_MORE_WECHAT,关注官方认证微信订阅号cocsupercell
029b66650d2c78c5,TID_CAPITAL_RAID_DEFENSE_MEDALS_ALT_GEMS_RECEIVED,캐피탈 주말 습격전의 방어 보상으로 보석 <num>개를 획득했습니다.
20bf73cc7de5cd9c,TID_MAINTENANCE_NORMAL_TITLE,서버 점검
4b096edf4976d2ee,TID_TOWN_HALL_13_WEAPON_INFO,기가 인페르노를 공격하는 적들은 마치 모닥불을 공격하려는 마시멜로가 된 느낌을 받습니다. 파괴되면 마을회관을 폭발시키며 잠시 주변의 모든 것을 느리게 만듭니다.
9a696795d10a8f57,TID_BP_SEASON_BANK_EXPANDED,시즌 금고 저장량이 증가했습니다!
498b33290d931d1c,TID_ATTACKER_GOT,공격자 획득:
6dc822d7dc4e7472,TID_PLAYER_AVAILABLE_FOR_RECRUITING_DESC,초대 받기를 활성화해 클랜 가입 초대를 받을 수 있습니다. 추천 허용을 활성화하면 클랜의 추천 플레이어 목록에 대장님이 표시됩니다.
a5a28e6509a6f356,TID_MY_ALLIANCE_TAB,내 클랜
cb7c7ce991bcaa51,TID_OBSTACLE_SPIKE,뾰족 가시 선인장
1409348d79058e2a,TID_XP_TEXT_HAYDAY,자연으로 돌아가서 땅을 일구고 가축을 기르는 평화롭고 단조로운 삶을 경험해보세요.
e5048d5dd6c3b217,TID_TENCENT_RETRY,重试
ab057d29b3d32c7e,TID_ACHIEVEMENT_ACTIVATE_SUPER_TROOP_TITLE,슈퍼한 날
9aeebfd88e3c0266,TID_BUILDING_CUSTOMIZE_CATEGORY_FOOT,벽
37bc32cb86e8bcc5,TID_ERROR_POP_UP_AUTO_DISCONNECTED_BUTTON,새로 고침
84737d1e6fea2c72,TID_BUY_RESOURCE_PACK_TEXT,<resource> <count>개를 정말로 구매하시겠습니까?
291aeb48519a0f04,TID_NEWS_TH11_UPDATE_HERO_TEXT,"• 아군의 힘을 높이고 보호해 전장에서 새로운 전술을 구사\n• 그랜드 워든은 주변의 아군을 강하게 만들고, 일시적인 무적 상태로 만들어 줍니다!\n• 벽을 뛰어넘고 하늘을 나는 그랜드 워든을 전략적으로 활용해 강력한 군대를 만드세요!"
8c59a6b316b94fc5,TID_ACHIEVEMENT_ACTIVATE_SUPER_TROOP_COMPLETED,슈퍼 유닛 강화 횟수: <value>
bd0912464702d000,TID_CAPITAL_RAID_TARGET_UNDER_ATTACK,구역이 이미 공격받고 있습니다.
04038a2c2c550459,TID_ERROR_POP_UP_SERVER_MAINTENANCE,죄송합니다. 서버 점검 중입니다. 잠시 후 다시 시도해주세요.
e805a669c9e08033,TID_NPC_CHALLENGE_TH9_BABYDQW_SPELLS,남은 <cf07bf8>분노 마법</c>과 <cffe346>치유 마법</c>을 사용해 공격을 완료하세요.
063b438ca69a3428,TID_NEXT_LEAGUE,다음 리그:
419fefc5a8d0abd5,TID_NEWVILLAGE_LOG_INFO,상대가 공격을 마칠 때까지 기다리세요. 가장 성공적으로 공격한 사람이 이깁니다!
75438f8c371c288f,TID_SHIELD_NONE,없음
c0b5ed3c03d181e5,TID_CLAN_GAMES_SINGLE_LINE,클랜 게임
8613ace345ce13e6,TID_DECO_RUIN_ROCKS,바위 밭
c1512a334259f0fb,TID_NEWS_ECONOMY_TEXT,\n• 일부 유닛의 훈련 시간과 비용이 감소했습니다.\n• 일부 마법의 제작 시간과 비용이 감소했습니다.\n• 일부 유닛과 마법의 제작/훈련 시간과 비용이 감소했습니다.
9bcb4e425215a975,TID_LEAGUE_PLATINUM2_SHORT,플래티넘 II
90a5f8fa6961ce66,TID_NEWS_MIRROR_TITLE,준비
1e590570ff95af88,TID_TOTAL_HERO_HEAL,총 영웅 치유량: <number>
4e87b700e696a698,TID_MULTIPLAYER_STAR_BONUS,별 보너스
93ea706ab51d2496,TID_RANKTITLE,순위
fe343dd2381af2d4,TID_CLANGAMES_TASK_INFO_DESTROY_BB_STARLABORATORY,장인 전투에서 <building> <num>개 파괴
23753f8c31ca6f4a,TID_LINK_NEW_DEVICE_TEXT,두 개의 기기에서 게임을 즐기고 싶거나 기존의 계정을 새로운 기기로 옮기고자 하는 경우 이곳에서 진행할 수 있습니다.
a98f34bec8949280,TID_TUTORIAL_CLANCASTLE_1,"대장님, 저장소에 골드가 넘쳐나고 있습니다! 클랜 성을 수리하세요!"
318f85d528f4ad1b,TID_BUILDER_HALL_4_INFO_SHORT,시계탑으로 시간을 늘려 전투에서 적을 폭파시키세요.
ac8b4feb462a8890,TID_CLANGAMES_TASK_INFO_USE_RAGEDBARBARIANS,장인 전투에서 분노한 바바리안 <num2>명을 사용해 별 <num>개 획득
c9465e1683a7e99f,TID_WL_COLUMN_PLAYER_NAME,이름
0c5be91e1860829a,TID_GOLD_STORAGE_INFO,소중한 골드를 저장하는 시설입니다. 탐욕스러운 고블린을 조심하세요! 업그레이드하면 용량과 내구력이 증가합니다.
d58b6f713a867471,TID_WAR_ATTACK_CONFIRM_CASTLE_TEXT,클랜 성 병력 및 마법: <number>
34cdc08af146090f,TID_ACCEPT_FRIEND_CONFIRMATION,<name> 님을 클래시 친구로 추가하시겠습니까?
b2e977e787617d6e,TID_TUTORIAL_MEET_NEW_BUILDER2,어?! 손님이다! 야호!
fb887b8692290161,TID_SKIN_THEME_LNY,<year>년 설날 스킨
906a9537453f14ab,TID_GEAR_INFO_HOG_TOTEM,호그 라이더 무리를 소환합니다.
5b9d2069c0264a47,TID_RICOCHET_CANNON_INFO_SHORT,대포알 하나로 적 둘을 맞혀보세요!
d70f0d05a36b4df7,TID_JUNGLE_WARDEN,정글 워든
406260ac0fa9438e,TID_CLAN_TAG_CLAN_WARS,클랜전
185d6c64cc1cecae,TID_RECEIVED_WAR_REQUEST_FROM,<clan> 클랜이 친선전을 요청했습니다!
a415659cf6fa6a01,TID_LOCAL_NOTIFICATION_FORGOT_ARMY,"이런, 부대 훈련을 깜박한 건 아닌가요?"
4625e49a24f00f8c,TID_BUILDING_SUPER_TROOP_ALERT,강화
c25eaeaa193d1903,TID_WELCOME_BACK_UPGRADES,업그레이드를 완료했어요
bae4fa247e9053f7,TID_CLANGAMES_TASK_INFO_LOOT_ELIXIR,멀티플레이 전투에서\n<num> 엘릭서 약탈
da3432e187e51a55,TID_DEMOTED_TO_TEXT,리그 하락:
b174d6e1e7d25ff2,TID_SHIELD_POPUP_NONE_TITLE,보호막 없음
25d5e580d0487957,TID_NEWS_BOMB_TOWER_MORE_TEXT,• 친선전: 내가 설정한 전쟁에 다른 클랜을 초대해 보세요.\n• 플레이어 프로필에서 클래시 친구로 추가하세요.\n• 클랜전에서 얻는 전리품과 클랜 XP 획득 기준 업데이트\n• 다양한 업그레이드 레벨의 소요 시간 및 비용 감소\n• 마녀부터 마법사까지 다양한 밸런스 조정!\n• 설정 메뉴에 새 언어 추가: 인도네시아어와 말레이어 추가\n\n업데이트 소식에서 자세한 사항을 확인해 보세요!
e6a55af2e921b96e,TID_NEWS_TH11_UPDATE_LOOT_TEXT,"• 마을회관에 더 많은 자원이 보관됩니다. 회관을 파괴하면 큰 자금이 들어옵니다!\n• 리그 보너스가 그 어느 때보다 커졌지만, 기지 파괴 비율에 따라 전리품 양이 달라지게 됩니다.\n• 리그가 높을수록 트로피 획득량은 커지고 손실량은 감소합니다!"
fe23b33eff5c1938,TID_NEWS_IOS7_BUTTON,자세한 정보
45e5dc7c6d50f9ed,TID_STARTER_TH4_INFO_WINSTARSPRACTICE,연습 모드에서 별 <num>개 획득\n공격 메뉴에서 연습 모드를 확인해보세요!
cabc787e8d29898c,TID_NO_MESSAGES,현재 새로운 메시지가 없습니다.
7fad2449cbdc9b19,TID_LEAGUE_HERO2,타이탄 리그 II
89a4fd6ae66ff82d,TID_SINGLE_PLAYER_LEVEL_WARNING_HEADER,경고!
54350ecb743fa9bc,TID_DECO_HILL_8,큰 봉우리
7fecfb20b02bb7e4,TID_DIAMOND_BUNDLE_MAGICITEMS_TROOP_LEVEL_PACK_INFO,• 보석 <gems>개\n• <res0> 엘릭서\n• 유닛의 책 x<booster1>\n• 보관량 제한이 없습니다!\n\n유닛 업그레이드에 필요한 모든 것!\n\n놓치지 마세요!
9562f9766af7d057,TID_CLEAR_SHOVELED_OBSTACLE_CONFIRM,옮길 수 있는 장애물인데 정말로 삭제할까요? 사용한 부스터(<booster>)는 환급되지 않습니다.
96272c185c9e212a,TID_RAID_INFO_TAB_REWARDS,"주말 습격전 동안 클랜은 공격과 방어 모두를 통해 습격전 메달을 획득합니다. 주말 습격전 종료 시 공격을 수행한 모든 플레이어에게 습격전 메달이 분배됩니다. 클랜이 구역을 파괴할 때마다 습격전 메달을 획득하며, 강한 구역일수록 더 많은 메달을 제공합니다. 또한, 적의 공격을 성공적으로 방어해낸 정도에 따라 메달을 받게 되므로, 구역의 배치를 최대한 영리하게 설정하세요.\n\n습격전에서 공격을 통해 건물을 파괴하면 캐피탈 골드를 약탈할 수 있습니다."
a8bdd27b560dbe8c,TID_REQUIRED_SPELL_FORGE_LEVEL,<number>레벨 마법 제작소 필요
fe488e66d4e45299,TID_ELIXIR_SHOP_PACK,<number> 엘릭서
4e26d2ef45766af3,TID_POPUP_BREAK_SHIELD,보호막 제거 확인
2864631a8a4526c2,TID_DECO_RUIN_LAKESIDE_FOREST,호숫가의 숲
922794dd63ecfebd,TID_PROFILE_FRIENDS,친구
3e575534f8cc2527,TID_NAME_TOO_SHORT,이름이 너무 짧습니다!
5641a5e1756334e8,TID_RESOURCE_CAP_FULL_GENERIC,저장소를 더 건설하거나 업그레이드하세요!
90a146c1c95f1ac1,TID_CHALLENGE_NOT_AVAILABLE_IN_MODE,홈으로 돌아가 친선 전투를 시작하세요!
ddc3e514b922fb8c,TID_RESOURCE_PACK_LOCKED,저장 공간이 부족합니다!
2f9463340eed3cdd,TID_OBSTACLE_CLEAR_TIME,제거 시간
ccf8f4c5781a8a20,TID_NPC_CHALLENGE_TH4_GIANT_GIANTS1,<c54a0fe>자이언트</c>를 배치해 <c54a0fe>해골 돌격병</c>을 보호하세요.
d0c87702de22d533,TID_QQ_LOGIN_BUTTON,QQ 로그인
a0e8767a1b976c3e,TID_CAPITAL_RAID_OFFENSE_MEDALS_ALT_GEMS_RECEIVED,캐피탈 주말 습격전의 공격 보상으로 보석 <num>개를 획득했습니다.
c2782692f5ea4b92,TID_REPAIR_BUILDING_HEADER,<name>
58238314183086c3,TID_UPGRADE_INFO_SPAWNING,<name> 생성 속도(+20%) <old>
6e8a421ab3420409,TID_PRESTIGE_TROPHIES,전설 트로피
a5d61575de860410,TID_CLANGAMES_TASK_WIN_STARS_VS_TOWNHALL_8,목표: 8홀
466f0c6aa75a0185,TID_RESOURCE_PACK_DARK_ELIXIR_50,다크 엘릭서 절반 충전
39717c6fdf358166,TID_TRAP_ZAPTRAP,감전 함정
a3060780f9ffd029,TID_BUILDING_TEXT_NO_AMMO,엘릭서 고갈
f584cfe7397830cf,TID_BUNDLE_TOWN_HALL,마을회관 초보자 팩
2b0a5247245923c5,TID_TEST_DUMMY,테스트 모형
abc01e32d2173137,TID_ACCOUNT_LOCKED_TITLE,계정 잠금
0cae44978eb75b5d,TID_LAYOUTS_CANT_COPY_EMPTY,빈 배치는 복사할 수 없습니다.
d1ed53ed07f6fff5,TID_NO_EVENTS_TITLE,
71f2d8a6e2eb72f3,TID_COSMETICS_CUSTOM_EFFECTS,그래픽 효과
3b348190bcf5690f,TID_CHARACTER_INFO_VALKYRIE_SHORT,건물 사이를 휘저으며 도끼로 건물을 무너뜨립니다.
8d035f63e949d615,TID_NUMBER_ZERO,0
0cb44dfb863aef66,TID_DIAMOND_BUNDLE_TH6_REVISED_INFO,• 건물의 책 x<booster1>\n• <res0> 골드\n• <res1> 엘릭서\n\n보관량 제한이 없습니다!\n\n이번 한 번뿐인 <cffec78><value>배 가치</c>의 구매 기회를 놓치지 마세요!
7e6046b5376a00de,TID_RAID_RESULTS_INTERNAL_ERROR,지난 주말 습격전 결과를 가져오는 데 오류가 발생했습니다.
0cf412e8e6e29f40,TID_OFFER_ITEM_GIFTS_FOR_EACH,각각 보석 <num>개
bed9b45c8068e512,TID_MINI_SPELL_FACTORY_INFO,"가장 용감하거나 무모한 마스터 마법사만이 다크 엘릭서 제조에 손을 댈 수 있습니다. 암흑 마법에 숙달되려면 깊은 통찰력이 필요하지만, 전투에서 그만큼의 전술적인 효과를 보장합니다."
51e1177f44c25c16,TID_PET_PHOENIX_INFO_SHORT,영웅에게 도움이 필요할 때 부화합니다!
f4dec34482fe76a6,TID_WAR_PERSONAL_SETTING_IN,참가
bd2897e4467fbac0,TID_CLANGAMES_TASK_INFO_USE_GOLEMS,멀티플레이 전투에서\n골렘 <num2>명을 사용해\n별 <num>개 획득
9a59195b00198080,TID_TUTORIAL_WAR_DONATE_1,준비일에는 부대를 지원하고 적을 정찰합니다.
beb8419aea3d0fc1,TID_CHARACTER_INFO_GIANT,차분해 보이는 덩치들이지만 포탑이나 대포를 발견하면 내면의 분노를 표출합니다! 비록 속도는 느리지만 꾸준한 면모를 보이는 이 전사들은 앞장서서 피해를 견디는 데 매우 뛰어납니다.
3fc8aa993c76dcfc,TID_TENCENT_LOGIN_PROMPT_TITLE,주의!
3972e4b9a361a09f,TID_ACCOUNT_SWITCHING_NOT_SUPPORTED,"<name>의 마을이 연동된 Game Center 계정에 로그인했습니다.\n\n플레이 가능한 마을을 이지만, iOS7 미만에서는 이 계정으로 변경할 수 없습니다. 이 계정으로 변경하려면 iOS 버전을 업데이트해야 합니다.\n\niOS 업데이트에 관한 더 자세한 사항:\nhttp://support.apple.com/kb/HT4623?viewlocale=ko_KR&locale=ko_KR"
bf737e7f2137ac33,TID_STARTER_TH3_INFO_BUILDCLANCASTLE,마을에서 클랜 성 재건
86900be6f07f421e,TID_START_WAR_FAILED_ENEMY_HAS_TOO_MANY_REQUESTS_PENDING,전쟁을 시작할 수 없습니다. 진행 중인 요청이 너무 많습니다.
c587da68961cd50d,TID_PIXEL_SCENERY,픽셀 배경
06eda71e5eb08969,TID_PARENTS_GUIDE_BUTTON,보호자용 가이드
fc351919abf3adec,TID_SPECIAL_OFFER,특별 상품
90989429d6c0fe08,TID_CLANGAMES_TASK_USE_HEADHUNTERS,망토와 단검
c126b94ef8722272,TID_MORE_CAPITAL_UPGRADES_NEEDED,구역에서 건물이나 함정을 <number>개 더 잠금 해제하거나 업그레이드하여 캐피탈회관을 업그레이드하세요.
45e290490d2c8c12,TID_WORKER_TARGET_OTHER_VILLAGE,장인이 다른 마을에서 작업 중입니다!
5e1471f454f8def3,TID_CLANGAMES_TASK_INFO_DESTROY_MORTARS,멀티플레이 전투에서\n<building> <num>개 파괴
576fc3e753277604,TID_NPC_CHALLENGE_TH11_EDRAG_RAGE1,<cf07bf8>분노 마법</c>을 사용해 공격력을 증가시키세요.
062366cabe8db091,TID_LINK_SAME_PLATFORM_KUNLUN,여러 Android 기기에서 플레이하려면 같은 Android 앱 스토어에서 클래시 오브 클랜을 다운로드한 다음 같은 계정으로 로그인하세요. 게임 진행 상황은 자동으로 동기화됩니다.
27d21b650142699a,TID_SPELL_DUPLICATE_HOUSING,복제 수: <number>
096391ae258f6d83,TID_ZAP_TRAP_INFO,감전 함정 근처를 지나가는 유닛에게 감전 피해를 줍니다.
b85c9699c57a8dbd,TID_TUTORIAL_ACHIEVEMENTS2,"대장, 무엇을 해야 하는지 잘 알고 있군요. 마을 전체가 대장만 믿고 있어요!"
3647a738cdf97f82,TID_BOOSTER_BB_STAR_BONUS_ALREADY_AVAILABLE,장인기지에서 별 보너스가 이미 획득 가능합니다.
0641ae0db80550f0,TID_CLANGAMES_TASK_LOOT_ELIXIR,엘릭서 약탈
6ecefef721d52e85,TID_NPC_CHALLENGE_TH9_WITCH_WITCHES2,<c54a0fe>마녀</c> 대부분을 배치해 <c54a0fe>골렘</c>을 지원하세요.
748c6d0f3de2430e,TID_AVAILABLE_LOOT,약탈 가능:
097acf1987b6746c,TID_BOB_FEATURE,B.O.B
c4cebe7a4f8da51c,TID_CLANGAMES_TASK_SPEEDY_STARS_BB,퀵 스타
4a0162988aafbed9,TID_POPUP_NOT_ENOUGH_DIAMONDS,더 구매할까요?
c52df796edd5b8bd,TID_WAIT_A_WHILE_BEFORE_RETRY_CHALLENGE,최근에 전투를 시작했습니다. <time> 후에 다시 시도해주세요.
d7840ce3ca3a5d87,TID_BUTTON_HERO_PATROL,방어
13d13f4e7f95d10b,TID_ARTILLERY_INFO_SHORT,마을 저편의 적을 파괴합니다.
7937e66b621a31e7,TID_BP_PERK_SAVINGS_MULTIPLIER_DESC,시즌 금고에 획득한 전리품의 <num>배가 추가됩니다.
37213fe9f3373684,TID_NPC_CHALLENGE_TH11_LAVALOON_HOUNDS1,<c54a0fe>라바 하운드</c>를 먼저 배치해 <c54a0fe>해골 비행선</c>을 보호하세요!
c357f87e60c47259,TID_KICK_FAIL_CAPITAL,캐피탈에서는 플레이어를 추방할 수 없습니다.
ec7a0587f724eb57,TID_NEWS_TROOP_TEXT2,"하늘을 나는 이 괴물은 돌과 용암으로 만들어졌으며 무차별 공격도 견뎌냅니다. 공중 방어 시설을 공격하며, 적진 깊이 침투해 다른 부대를 엄호합니다. 파괴되면 작고 약한 괴물로 분리되어 주의를 끌며 적 방어 시설을 조금 더 방해합니다."
08c4b5a334d101fa,TID_BOOKS_OF_CLASH,클래시 서사시
accfb9db7241ee87,TID_HINT_INFERNO_TOWER_TARGETS_1,인페르노 타워에게 지속해서 공격받는 대상은 끔찍한 피해를 받습니다.
15f5784c6b42323a,TID_NO_RAIDS_MADE_YET,아직 진행된 습격전이 없습니다.
a09722179af39f32,TID_GIANT_SKELETON,자이언트 해골
1031500864627881,TID_ALLIANCE_WAR_ATTACK_CONFIRM_3STARS,이 마을은 이미 파괴되었으므로 공격해도 클랜 별을 얻을 수 없습니다. 그래도 공격하시겠습니까?
72110c27271345a7,TID_BATTLEPASS_TASK_WIN_BATTLES_USING_DRAGON_RIDER,승리를 향한 질주
307bfdc75d0f44cd,TID_BP_DAILY_TASKS_REFRESH,일일 도전 남은 시간: <time>
0073e95098aa9b4e,TID_BOOSTER_FINISH_TROOP_UPGRADE_INFO,효과적인 훈련법으로 가득한 이 책을 사용하면 진행 중인 유닛 업그레이드가 즉시 완료됩니다. 마을과 장인기지에서 사용할 수 있습니다!
05eafe1cdcc993c4,TID_CAN_COPY_ONLY_TH_CLOSER_TO_YOUR_OWN,자신의 마을회관 레벨과 2 이상 차이 나는 배치는 복사할 수 없습니다.
94ab2a1ce0d090cf,TID_ICE_PUP_INFO,"대부분의 펍과는 다르게, 차가운 심장 안에 차가운 피가 흐릅니다... 쿨한 고양이처럼요. 공격으로 적들을 느리게 만듭니다!"
389c06a9d47fd391,TID_GOLEM_SEC,작은 골렘
402a084dbcf486d8,TID_BOOST_SPELLS_POPUP_TITLE,마법 제조 가속!
6878f84f212c6b24,TID_TUTORIAL_WAR_MAP_ENEMY_1,"이런, 적의 전쟁 기지가 사방에 널려 있습니다!"
b3e6abd761e8be5f,TID_NATIVE_DIALOG_TENCENT_ACCOUNT_CONFLICT_MESSAGE,현재 로그인하려는 계정이 기기에 저장된 계정과 다릅니다. 계정을 변경하시겠습니까?
02cd27942a48248f,TID_BUTTON_RESET_NOW,지금 더 얻기!
d1bb8d7aa2219f63,TID_MONTH_7,7월
aaff88b824adf4be,TID_BP_SEASON_BANK_INCREASE,시즌 금고 저장량이 다음과 같이 증가합니다.\n골드: <gold>\n엘릭서: <elixir>\n다크 엘릭서: <de>
d3dcbfa65fe1b9a4,TID_LEGENDS_TODAY_SHIELD_INACTIVE,현재 보호막이 적용되어있지 않습니다. 오늘은 공격하거나 공격받을 수 있습니다.
1c85d6dff6d23fee,TID_CAPBUILD_SPELLLAB_LONG_HASTE,무한 신속 마법 제작소
2e2aebd8175f93a9,TID_NPC_ATTACK_BUTTON,공격
f0332bfcaa1879f7,TID_RESOURCE_CAP_FULL_ELIXIR,엘릭서 저장소를 더 건설하거나 업그레이드하세요!
92736d9baec18cfa,TID_NPC46,저택
a152896a20cdc42c,TID_VALUE,가치!
e7060b01babf1b7f,TID_BP_PERK_MAXIMUM,최대 부스트 적용 중
d178de7c8fae8391,TID_BUILDING_ARCHER_TOWER2,아처 타워
aaf868c1df64c100,TID_PET_ABILITY_BARKY,하이 점프
8e886df5055ebe32,TID_PREPARATION_DAY_DURATION,준비 기간
e5119bb8cccc9d61,TID_STARTER_INFO_REQUESTTROOPS_TH3,클랜에 지원군 요청 <num>회\n클랜 성 또는 훈련 메뉴에서 지원군을 요청할 수 있습니다.
a968c933a164e62e,TID_INVITATIONS_FULL,초대가 가득 찼습니다!
469243fb0cbd46bf,TID_SETTING_DEPLOYMENT_BAR_SIZE_BUTTON,조정
9c64e9ec8c854b9a,TID_BATTLEPASS_TASK_INFO_WIN_BATTLES_USING_DROPSHIPS,<num>회의 장인 전투에서 해골 수송선 <num2>대를 사용해 별 획득
12e48b7c172e198a,TID_GEAR_PIERCING_ARROW,자이언트 화살
9c8b4730ebe43b0c,TID_POPUP_EDIT_MODE_SAVE_TITLE,변경 사항 저장
1b8b0b5daf55f0e8,TID_BUILDING_TOWN_HALL2,장인회관
bae8be889e0a04cc,TID_TRAP_AIR2_INFO,대공 함정 정보
d20410155909a8bf,TID_DIAMOND_BUNDLE_BUILDER_INFO,장인 팩에는 보석 <gems>개와 무료 장인이 들어있습니다!
fb33d625dfa260d5,TID_LEAGUE_CRYSTAL,크리스털
b91fde544eb84346,TID_CLAN_TAG_FARMING,자원 약탈
0709d668a0de0aba,TID_HINT_REVENGE_OF_REVENGE,본인이 먼저 공격한 상대방에게는 복수할 수 없습니다.
9215ad8bd777b2b6,TID_PIXEL_KING,픽셀 킹
8a27ac80fa8041e3,TID_DIAMOND_BUNDLE_MAGICITEMS_EVERYTHING_BOOK_INFO,• 보석 <gems>개\n• 궁극의 책 x<booster1>\n• 보관량 제한이 없습니다!\n\n'궁극의 책'으로 어떤 업그레이드든 즉시 완료!\n\n놓치지 마세요!
22ce32316474e974,TID_ENDOFSUMMER_OFFER_INFO_TH0206_1999_0999,• <res0> 골드\n• <res1> 엘릭서\n• 힘의 포션 x<booster1> - 1시간 동안 유닛 및 마법 레벨이 연구소에서 업그레이드할 수 있는 최대 레벨로 증가합니다.\n• 장인 포션 x<booster2> - 장인의 작업 속도가 1시간 동안 10배 빨라집니다.\n\n• 보관량 제한이 없습니다!\n• 해당 특가 상품은 5회 구매할 수 있습니다!\n\n기간 한정 상품입니다!
d7b9216acd05bb4b,TID_STARTER_UPGRADEBUILDING_INFO,마을에서 건물 업그레이드 <num>회 시작
0f501eae0a9af7ba,TID_SPECIAL_OFFER_EASTER_LIMITED_9999,봄맞이 특가
ea6c80f387b0175d,TID_TAB_EVENTS,이벤트
cb5f7bfbe5045c92,TID_ANONYMOUS_PLAYER,익명
774fea5131169618,TID_NPC_CHALLENGE_TH10_MINER_BARBARIAN_KING,<c9916c8>바바리안 킹</c>을 배치하세요. 적 방어 시설들이 <c54a0fe>광부</c>를 공격하지 못하게 주의를 끌어줍니다.
fb935455ea183423,TID_EVENT_BOOST_COLLECTORS,특별 이벤트: 지금 보석 한 개로 자원 생산 시설을 가속할 수 있습니다!
8fecdb989259caaa,TID_CAPITAL_PLAYGROUND_DEPLOY_AREA_EXPLANATION_4,이제 배치 영역이 어떻게 확장되는지 확인해 보세요.
094fb3a38533a5bf,TID_COMPLETE_NEXT_TASK_TO_UPGRADE,업그레이드하려면 다음 작업을 완료하세요!
60ea471d82926d0d,TID_SCENERY_BOOKS_OF_CLASH,클래시 서사시 배경
9236b988c0ef1083,TID_CAPBUILD_SPELLLAB_HEAL,치유 마법 제작소
53606c31d972ef08,TID_CLAN_JOIN_FAIL_NO_DUEL_SCORE,장인 전투 트로피가 부족해 가입할 수 없습니다!
c27f9d267ed94a39,TID_PLAYER_PROFILE_HEROES,영웅
2f1dd60ea3f44163,TID_REVENGE,복수
06a83861a72a98b1,TID_OFFER_CW_TITLE,클랜전 팩
99876e273913dca9,TID_TIME_HOURS,시간
bb1b58f5234a630b,TID_CLANGAMES_TASK_INFO_WIN_STARS_VS_LEGENDLEAGUE,멀티플레이 전투에서\n전설 리그의 상대를 공격해\n별 <num>개 획득
f3b8c3255eb847e1,TID_UPGRADE_ANYWAY,계속하기
ca29a74aa6d39630,TID_EVENT_TITLE_END_OF_SEP_OFFER_TH0206,풍성한 자원 추수
572244bcdeeaf5df,TID_GEAR_UP_BUILDING_SUBTITLE,특별 업그레이드:
35905a409f69536e,TID_BATTLE_LOG,전투 기록
e2f32f9266527b45,TID_BB_LEAGUE_DETAILS_ATTACK_COLUMN,공격
c0344816650ac964,TID_CONFIRM_ARE_YOU_SURE,정말로 현재의 마을 정보를 삭제하고 다음 정보와 교체할까요?
12d8f135a8fc4d26,TID_PROMOTE_TO_LEADER_CONFIRMATION,<name> 님을 새로운 클랜 대표로 임명할까요?
b81186d1df6eaa35,TID_ARTILLERY_INFO,독수리 포탑의 사정거리는 거의 무제한이며 폭발하는 포탄으로 강력한 적을 겨냥해 공격합니다. 하지만 이 포탑은 많은 수의 병력이 배치되어야만 작동합니다.
40de082b20d6e136,TID_PLAYER_SEARCH_RESTRICTED,플레이어 프로필을 불러올 수 없습니다.
e1307cedc05c984d,TID_WRONG_VILLAGE,먼저 내 마을로 돌아가세요.
659d804151bdd30f,TID_XP_TITLE_PUZZLEANDDRAGONS,일본에서 대히트!
57d505cf2736dd1e,TID_SEARCH_TAB_BOOKMARKS,북마크
768c0e2c28aa0c62,TID_TUTORIAL_CLANGAMES_2,도전할 준비가 되셨나요? 여기서 한번 확인해 보세요!
7f4d905041410552,TID_COSMETICS_EXTRA_EFFECTS,추가 이펙트
c5803cc1a4d7722a,TID_POPUP_GOBLIN_BUILDER_TEXT,"모든 장인이 작업 중인 것 같은데, 제가 도와드릴까요? 약간의 보석만 주시면 됩니다!"
8ac64748252e734f,TID_HINT_USE_SPELLS,마법은 전투의 결과에 큰 영향을 미칩니다. 잊지 말고 사용하세요!
b27e5f3c97fd8072,TID_NOT_ENOUGH_SPELL_STORAGE,마법 저장소가 가득 찼습니다!
00bc269610d89b48,TID_POPUP_SPEED_UP_BOOSTER_UPGRADE_SLOWDOWN,<item> 업그레이드를 진행하면 군대 훈련이 지연됩니다. <booster>을 사용해 즉시 완료할까요?
2207e239e861cc65,TID_RESEARCHER_MENU_IN_PROGRESS,업그레이드 중:
2e05d9c655a625c4,TID_CLAN_CHANGED_TITLE,클랜 변경됨
70f5d8e4e048c684,TID_CLANGAMES_TASK_DESTROY_BB_OUTPOST,O.T.T.O의 전초기지 초토화
274197f718fd6016,TID_NO_OPENID_LOGIN_DISALLOWED_TENCENT,根据相关部门的最新防沉迷规则，请您打开设备设置，将设备语言切换至简体中文后，即可使用QQ/微信账号登录游戏。
e1f727008cc14f75,TID_HINT_RESOURCE_UPGRADE_NOT_FUNCTIONING,업그레이드 중인 금광과 엘릭서 정제소는 자원을 생산하지 않습니다.
6dfaba794dd87314,TID_BOOSTER_MAX_LEVEL_ARMY_OFFER_INFO,힘의 포션 x<num> - <time> 동안 유닛 및 마법 레벨이 현재 마을회관에서 허용하는 최대 레벨로 증가합니다.
29c77e2cfeca0ebe,TID_GEAR_RESOURCE_EPIC,반짝이는 광석
9202df2e1d822b67,TID_WIZARD_TOWER_INFO_SHORT,파이어 볼로 적 유닛을 녹여버립니다.
4005b5d45b642f8c,TID_CLAN_WAR_FREQ_ALWAYS,항상
2bb296c1f4e2384a,TID_TOP_HUD_WATCH_LIVE_BUTTON,실시간 보기
01a39c6da94884cb,TID_CONFIRM_CLEAR_TRAINING_QUEUE_TITLE,훈련 대기열을 비울까요?
7332d0e7867bf100,TID_CHARACTER_APPRENTICE_WARDEN,견습생 워든
f9fce1ea00666078,TID_BATTLEPASS_TASK_INFO_USE_VALKYRIES,멀티플레이 전투에서\n발키리를 사용해\n별 <num>개 획득
a8e8c5ba472f2511,TID_POPUP_BOOST_BUILDERS_TITLE,장인 가속
b7d3701c6f14666a,TID_TRAP_EJECT_HOUSING,점핑 수: <number>
405588f13cd93230,TID_ACHIEVEMENT_ACCOUNT_BOUND_TENCENT,WeChat 또는 QQ\n연동
a1edf31538b7375b,TID_YOUR_CLAN_IS_ALREADY_IN_WAR,대장의 클랜이 이미 전쟁 중입니다
e41790133afa406d,TID_CLASHIVERSARY_KING,퓨처 킹
043b4f7a23f58f02,TID_DIAMOND_BUNDLE_TH9,마을회관 9 팩
39be8b7783ec0363,TID_NPC_CHALLENGE_TH11_LAVALOON_ICE_GOLEM,<c54a0fe>얼음 골렘</c>을 배치해서 처치될 때 적 방어 시설을 얼려버리세요.
83dfff9cc630e051,TID_CAPITAL_PLAYGROUND_GATES_2,"단, 공격자에게는 출입문이 장벽과 똑같은 역할을 합니다."
4ab50226bd31f863,TID_LEGEND_SIGN_UP_FAILED,일시적으로 전설 리그 등록을 이용할 수 없습니다. 나중에 다시 시도해주세요.
65cceaa8085bdd54,TID_CHARACTER_ELITE_BARBARIAN,슈퍼 바바리안
65b37f576e56faca,TID_CHALLENGE_TH12_BOWIGI,마녀와 함께 볼링을
9009986eaf76c0bc,TID_PET_WALLBUSTER_INFO_SHORT,장벽 부수기를 좋아하는 튼튼하고 고집 센 친구입니다.
25a93c67f529acb1,TID_TUTORIAL_RAID_TEASER_1,젊은이들은 항상 모든 것을 이뤄내고 싶어 합니다.
946f7ba47e3ee272,TID_CLANGAMES_TASK_INFO_DESTROY_BB_ARMYCAMP,장인 전투에서 <building> <num>개 파괴
bac0f208a85d4800,TID_BUILDING_AIR_DEFENSE,대공포
affafdd42628c0f3,TID_CHARACTER_HOGLESS_RIDER,슈퍼 라이더
e028d53cbe41797b,TID_CLANGAMES_TASK_GET_KILLS_VS_GRANDWARDEN,워든 사냥꾼
e788a1b54fe6683c,TID_DECORATION_8YEAR_BIRTHDAY_STATUE_INFO,거래상이 달콤한 8번째 생일을 위해 특별히 준비했습니다!
f475d40b09bde471,TID_RAID_WEEKEND_HISTORY,주말 습격전 기록
2231c6bfbdcf0dda,TID_WL_LEADERBOARD_BRACKET_POS8,조 8위
99ac92a36cf1d01c,TID_NAME_CHANGE_IN_PROGRESS,이름을 변경할 수 없습니다. 이전 이름을 변경 중입니다.
2a97349f4deb8a82,TID_BATTLEPASS_TASK_WIN_BATTLES_USING_LIGHTNING_INFO,멀티플레이 전투에서\n번개 마법을 사용해\n<num>회 승리
701f3ffe92e23f86,TID_CLANGAMES_TASK_DESTROY_SCATTERSHOTS,투석기 파괴자
2f4720694968ce89,TID_WARNING_INVALID_LAYOUT_CODE,유효하지 않은 배치 링크입니다.
d5e335873c56676f,TID_ALLIANCE_INVITATION_FAILED_NO_CASTLE,클랜 성을 수리하지 않은 플레이어는 초대할 수 없습니다!
228c4fd060bc75cd,TID_GIFT_DIAMOND_PACK_2,보석 가방과 선물
3b20e827bf853290,TID_DIAMOND_BUNDLE_TH13_INFO,• 로얄 챔피언 3레벨\n• <res0> 다크 엘릭서\n\n즉시 건설할 수 있고 보관량 제한이 없습니다!\n\n이번 한 번뿐인 <cffec78><value>배 가치 </c>의 구매 기회를 놓치지 마세요!
5cc62e01f11d7ee4,TID_LOCAL_NOTIFICATION_EVENT_6TH_1_GEM_BOOST,"클래시 오브 클랜 6주년을 함께 축하해주세요! 자원 생산량이 두 배로 증가하고, 자원 생산 시설을 보석 1개로 가속할 수 있습니다!"
7347da04cc7263ee,TID_NPC24,시실리안 디펜스
0f7c4b944be61241,TID_RESEARCHER_MENU_SUGGESTION,추천 업그레이드:
a8afe96f5f689eaa,TID_ALLIANCE_WAR_COOLDOWN,<time> 동안 클랜전 참가가 금지되었습니다.
9cc20833a8aba25b,TID_MEDAL_EVENT_END_GOLD,이벤트가 종료되었습니다. 남은 메달이 골드 <num>개로 전환되었습니다.
63a68300032621e4,TID_TUTORIAL_MAGICITEMS_1,"대장님, 클랜 성에서 이상한 아이템을 발견했습니다!"
de578edea639a613,TID_BATTLEPASS_TASK_INFO_WIN_BATTLES_USING_BETAMINIONS,<num>회의 장인 전투에서 베타 미니언 <num2>마리를 사용해 별 획득
f1d98cd3e5e18304,TID_REMOVE_TROOP_BUTTON,제거
eaa91a88b598987d,TID_NOT_ENOUGH_SPACE_CC_REQUEST,클랜 성 공간 부족! 요청한 병력이 아닙니다!
f6ef53963aa2f0d4,TID_WINTER_CHAMPION,윈터 챔피언
8bec6b371943c160,TID_BATTLEPASS_TASK_INFO_START_HOME_UPGRADE,마을에서 건물 업그레이드 <num>개 시작
3dfbeff16b9c2f8d,TID_RUIN_INFO_UNLOCKS,재건하여 획득:
ed6f29a214dc06be,TID_CHARACTER_INFO_IRONFIST_GIANT_SHORT,클래시 복싱 리그의 슈퍼 울트라 헤비급 챔피언.
c1238b952df04aed,TID_DEVICE_LINK_SUCCESFULL_NEW,기기가 성공적으로 계정과 연동되었습니다. 확인 버튼을 누르면 계정 정보를 불러와 게임을 시작할 수 있습니다. 즐겁게 게임을 즐기세요!
c66a36039a91b348,TID_FIND_NEW_CLAN_PROMPT,여기는 꽤 조용하군요. 새로운 클랜을 찾을 때가 된 걸까요?
4d44433d94181948,TID_CLAN_GAMES_THEME_DARKHEROIC,다크 영웅\n클랜 게임
7eed458786d2c7c8,TID_BUTTON_GO,이동
2024102c4a8c09ef,TID_PET_HEALER_INFO_SHORT,영웅이 체력을 유지하고 잘 싸울 수 있도록 돕습니다.
ba91463a2756dae1,TID_LEAGUE_BRASS3_SHORT,브래스 III
b43d34cbd304afc0,TID_NPC_CHALLENGE_LOON_1,<c54a0fe>해골 비행선</c>을 다수 배치해 방어 시설을 무너뜨리세요. 최우선 목표는 <cf70d16>대공포</c>입니다!
70cb8aa0dd072d3f,TID_NPC_CHALLENGE_TH12_YETI_STONE_SLAMMER,<c54a0fe>바위 비행선</c>을 배치해 측면을 정리하세요. <c54a0fe>해골 비행선</c> 8기가 들어있습니다.
9664203735bfed68,TID_GEAR_UP_MORTAR,이 박격포를 다중 박격포로 바꿔 점발사격으로 더 큰 범위 피해를 주세요!
ac0bee07e828b56c,TID_MAP_LOCATION_16,불꽃 언덕
78ecd0d5dcb079bb,TID_REQUEST_NOT_AVAILABLE_IN_MODE,마을로 돌아와 지원군을 요청하세요!
18da76fbdb8752e5,TID_CLANGAMES_TASK_USE_LOG_LAUNCHER,통나무 굴러가유!
a65e11fd22b2eb30,TID_BROKEN_BUILDING,부서진 건물
06a200235b7c0d23,TID_BP_TASK_AVAILABLE_IN,새 도전까지: <time>
fd47c28a730591e2,TID_CHARACTER_INFO_SIEGE_MACHINE_CATAPULT_SHORT,멀리서 적의 기지를 불태우세요.
8b2e5b2a4cce9c7b,TID_NPC38,부수적 피해
d57f4cd0dcdb4411,TID_CAPBUILD_BLAST_BOW_INFO,활이 거대한 나무 기둥만 한 크기라면 얼마나 위험할까요? 파괴의 활을 보면 확실한 해답을 알 수 있습니다. 보시다시피 아주아주 위험합니다.
cd337fb272918598,TID_RAID_SIGNUP_ERROR_NO_PERMISSION,참가 등록 권한이 없습니다.
9d1af5414846a819,TID_NPC2,바위 요새
a9f4f4591f255745,TID_GOBLIN_CHAMPION,고블린 챔피언
8298551abbc17ad0,TID_REMOVE_SPELL_MESSAGE,마법 제거됨
61cad32d063a4383,TID_RAID_WEEKEND_TOTAL_ATTACKS,총 공격:
4d6ffbcc64dc8c6e,TID_TRAP_AIR_MEGA_INFO,저게... 새인가요? 비행기인가요? 뭐... 어차피 대공 지뢰가 추적해서 하늘 저 너머로 날려버릴 테니 별 상관없겠군요. 한 개의 공중 유닛에 엄청난 피해를 주는 함정입니다.
473f8e40aa772bfd,TID_BUILDER_BASE_TROPHIES,장인기지 트로피
768045ffcfc4d9a3,TID_BP_REWARD_LOCKED_NEED_PREMIUM,해당 보상을 잠금 해제하려면\n골드 패스가 필요합니다.
08105f45e6efeb8f,TID_CHARACTER_SIEGE_BATTLE_DRILL_INFO_SHORT,땅속에서 튀어나와 방어 시설을 마비시킵니다.
2104158c4cd7a785,TID_HERO_ABILITY_COOLDOWN_ACTIVE,영웅 능력을 다시 사용하려면 기다려야 합니다!
e5e31a24e912742b,TID_CLANGAMES_TASK_WIN_STARS_VS_LEGENDLEAGUE,클래시 오브 레전드
3ae2963e7709619a,TID_DECORATION_CLASMAS_22_INFO,이륙은 쉽지만 착륙은 쉽지 않죠.
1432a26b9de9c36f,TID_SETTINGS_CHANGENAMENOTE,주의! 이름은 단 한 번만 변경할 수 있습니다!
180235915151641b,TID_BATTLEPASS_TASK_INFO_DEPLOY_SPELLS,멀티플레이 전투에서\n인구수 <num>만큼의 마법 배치
fa07a3dbaa943ef7,TID_CLAN_GATE,클랜 배너
d533820074840932,TID_REGION_CUSTOM4,
89d2894d53b2346a,TID_6ANNIVERSARY_OFFER_MAGICITEMS_RING_AND_GOLD_ELIXIR_INFO_1999,• <res0> 골드\n• <res1> 엘릭서\n• 장벽 링 x<booster1> - 장벽이 즉시 업그레이드됩니다. 높은 레벨의 장벽엔 더 많이 필요합니다.\n\n• 보관량 제한이 없습니다!\n• 해당 특가 상품은 10회 구매할 수 있습니다!\n\n기념일 팩은 기간 한정으로 구매할 수 있습니다!
aefe7622975d6974,TID_TUTORIAL_MERGE_1,장인들에게 보다 강력한 방어를 위한 엄청난 아이디어가 있다고 합니다!
2d628bef6082a98e,TID_ARMY_OVERVIEW_HINT_HEROES,마을회관 <number>레벨부터 이용 가능
3a69f2692a374b35,TID_SETTINGS_PRIVACY,프라이버시
85bcedf1f9a54db2,TID_ALLIANCE_WAR_IN_WAR,전쟁이 시작됐습니다!
45bae2556337f91d,TID_CHARACTER_INFO_RAID_CART,"또 다른 바퀴 달린 대포라니! 크게 놀라운 요소는 없을지 모르지만, 상당한 화력과 난폭한 바바리안의 호위 등으로 충분히 만회할 수 있습니다!"
1444974066aa86d7,TID_REGULAR_THEMED_BATTLE_OFFER_INFO_TH0712_999,• <res0> 엘릭서\n• 유닛의 책 x<booster1> - 진행 중인 유닛 업그레이드가 즉시 완료됩니다.\n\n• 보관량 제한이 없습니다!\n• 해당 특가 상품은 표시된 기간 내에 4회 구매할 수 있습니다.\n클랜에 영광스러운 승리를 안겨주세요!
ca61b46d4c8c18c9,TID_SHOP_PURCHASED,보유
e500ad4f4b98076e,TID_CLANGAMES_TASK_WIN_HOMEBATTLES,승리의 달인
e29f8793774f1b80,TID_NPC_CHALLENGE_TH12_YETI_FUNNEL_PEKKAS,<c54a0fe>P.E.K.K.A</c>로 마을의 다른 구석을 정리하세요. <c9916c8>그랜드 워든</c>과 거리를 두어 배치하세요!
92e8be3999a02227,TID_PET_FROSTY_INFO_SHORT,차가운 친구들과 함께 적을 덜덜 떨게 합니다.
cf6c2c8d459e3174,TID_PRESET_CANNOT_TRAIN,<item> 훈련 불가
2f8afd49ca8c0c26,TID_ALLIANCE_DEFAULT_MAIL_MESSAGE,공지사항:
dff0ad96cfb25988,TID_WL_STAT_POSITION3,3위
96c7d4260a1a6140,TID_STARTER_TH3_BUILDMORTAR,원거리 위협
8f0fc60085ba22c9,TID_CLAN_JOIN_FAIL_FULL,클랜이 가득 찼습니다!
b39a31d26be5edcf,TID_PET_MELEEJUMPER,L.A.S.S.I
c7f94f4c460d3cdc,TID_VOUCHER_CLAIM_TITLE,보상 받기
894d9af1da311c37,TID_REENGAGEMENT_APOLOGY_1,이런... 고블린치고는 너무 강하잖아!
a3c9806870660fd3,TID_GIFT_DIAMOND_PACK_4,보석 상자와 선물
59a0bb3968e4721b,TID_DEVICE_LINK_ERROR_CODE_ERROR_2,오류가 발생했습니다. 다시 시도해주세요!
c41f7eac08983fc7,TID_LOCAL_NOTIFICATION_SHIELDS_WILL_DISAPPEAR,"대장, 보호막이 사라지기 직전입니다!"
7e9eb7912a8f36db,TID_EVENT_END_SOUR_ELIXIR_DEPLETED,오싹한 엘릭서의 저주가 풀렸습니다. 계속해서 거래상과 매시업 메달을 거래할 수 있습니다.
3d9919a317849b0f,TID_DECORATION_SMALL_PINETREE,작은 가문비나무
28609a3dd3536ace,TID_CLANGAMES_TASK_USE_MEGAPEKKA_OLD,
4e1e54f781d388f8,TID_BATTLEPASS_TASK_WIN_STARS_USING_HASTE,니드 포 스피드
9af41e92a6a1488e,TID_RUIN_DESC,오랫동안 방치된 건물들이 새롭게 재건되기를 기다리고 있습니다.\n\n<level>레벨 <building>에서 재건 가능.
0b708bdee79f86cb,TID_SETTINGS_DARK_CLOUDS_INFO,"이 옵션을 \q켜면\q, 공격할 상대를 찾을 때 검은 구름이 표시됩니다."
8d7cb919e06d2ecb,TID_LAYOUTS_WARBASE_INFO,참고: 전투일 중에 활성화된 전쟁 기지 배치를 변경하면 다음 전쟁부터 적용됩니다.
771a264fe020fd5c,TID_START_WAR_FAILED_NOT_ENOUGH_MEMBERS,클랜원이 부족하여 전쟁을 시작할 수 없습니다!
3322c824d2397e46,TID_OBSTACLE_LANTERN_CNY2019,빛나는 등불
0868e7e960a22e7b,TID_HINT_VERSUS_BATTLE4,장인 전투에서 승리하기가 힘드신가요? 리플레이를 참고하여 방어를 강화해 보세요!
a5aeab6ebb9855ab,TID_LEAGUE_IRON2,아이언 리그 II
c90b4a8360533e41,TID_POPUP_SPEED_UP_CONSTRUCTION_SLOWDOWN,<item> 건설을 진행하면 군대 훈련이 지연됩니다. 즉시 완료할까요?
be4731e705a2e692,TID_POPUP_REMOVE_TROOP_TITLE,부대 제거 확인
df4ad28fd04de317,TID_STREAM_DONATE_BUTTON,지원
3d5c7a108161b060,TID_ICE_HOUND,아이스 하운드
5f8f43d8a3b2ee60,TID_TENCENT_DOLPHIN_DOWNLOADING_75,更新校验本地安装包
7b4b44cec691fee5,TID_HERO_ABILITY_HEALTH,체력 재생: <number>
db54f0704b617392,TID_NATIVE_DIALOG_VERSION_NOT_UP_TO_DATE_STORE_NOT_READY_BUTTON,확인
b02851cb4d7738a4,TID_SUPER_MINION_ABILITY_NAME,장거리 공격
27585c61d9d70b9e,TID_REINFORCEMENT_CAMPS,지원군:
053e61d31c2a5825,TID_LEAGUE_CHAMPION2,챔피언 리그 II
5c6f05eff476314a,TID_SUPER_TROOPS_INTRO_LEVEL_TITLE,놀이터
4264d775ecdd6c8d,TID_XP_BUTTON_UNLOCK_PUZZLEANDDRAGONS,잠금 해제
b35c282c63506591,TID_LEAGUE_COPPER1,카퍼 리그 I
074a9e36ad168a95,TID_WARRIORGIRL,발키리
d724c4d354a768df,TID_BOOSTER_FREE_HERO_UPGRADE_ALT_2_LINE,영웅 해머
caa6579a5fcd8044,TID_BUTTON_LOGIN,로그인
7e7ea21d58a003a0,TID_KUNLUN_APP_STORE_XIAOMI,Xiaomi
69cdf1908a074875,TID_ALLIANCE_WAR_ATTACK_FAILED_TARGET_UNDER_ATTACK,이미 공격받고 있는 마을입니다. 나중에 다시 시도하세요!
d3cee7150417ba31,TID_CLANGAMES_TASK_INFO_USE_LAVAHOUNDS,멀티플레이 전투에서\n라바 하운드 <num2>마리를 사용해\n별 <num>개 획득
ef79009ace8492d3,TID_PART_HOUSE_FOOT,클랜 하우스 벽
fa382d419e55707e,TID_GIANT_CANNON_INFO,그 무엇도 자이언트 대포를 막을 수 없습니다. 거대한 대포알을 발사해 모든 것을 날려버리거든요.
dd01aaeffffdeb15,TID_POPUP_SPEED_UP_CONSTRUCTION,<item> 건설을\n즉시 완료할까요?
cba075c1ac17aff6,TID_BUILDING_CRUSHER_INFO,크러셔는 자기만의 공간에 있는 것을 좋아합니다. 거대한 돌로 지상 유닛들을 사정없이 내려칩니다!
767e03bbabde4a16,TID_DEVICE_LINK_SUCCESFULL_TITLE,연동 성공!
c50628c455357339,TID_TUTORIAL_ELIXIR_CART_3,방어 시 별을 획득할 때마다 엘릭서도 획득합니다.
3d0c9b064ff46b76,TID_BATTLEPASS_TASK_INFO_USE_MINIONS,멀티플레이 전투에서\n미니언을 사용해\n별 <num>개 획득
735c0511b7126d36,TID_ALLIANCE_WAR_XP_EARNED,클랜 XP 획득
6e61d31e47c8250d,TID_LEAGUE_CHAMPION1,챔피언 리그 I
a388678c5120ab7e,TID_LINK_SAME_PLATFORM_TITLE,Game Center 동기화
c1708870c3c63938,TID_CLANGAMES_TASK_USE_WITCHES,마녀의 시간
5dec1a1aca390030,TID_PRODUCTION_RATE,생산량: 시간당 <number>
2474707840b169f0,TID_DEVICE_LINK_ERROR_NOT_ATTACHED_TITLE_ANDROID,Google Play에 등록되지 않았습니다.
92c70f27527fb873,TID_RAID_WEEKEND_REWARDED,받은 보상:
9dc000d6c7bfd910,TID_HASTE_INFO,"유닛을 분노시켜 더 크고, 빠르고, 강하게 만드세요!\n\n이 마법을 사용하면 분노 마법진이 생성됩니다. 마법진 내부의 아군 유닛은 속도와 공격력이 증가합니다."
4e2d584ec502c7a5,TID_BB_LOOT_CART_ALL_COLLECTED,방어 보상:
0cf54ace716538f0,TID_GEAR_INFO_SEEKING_SHIELD,방패를 던져 여러 방어 시설 사이로 튕기며 피해를 줍니다.
0435f0883792625d,TID_UPGRADE_TASKS_TITLE,업그레이드 조건
71ee6a760696019b,TID_TITLE_HERO_GEAR,영웅 장비
9739f1291174257a,TID_UNLOCK_DISTRICT,구역 잠금 해제:
0eb35e90e62f3a24,TID_NOT_ENOUGH_BOOSTERS,필요한 마법 아이템이 충분하지 않습니다.
5611d2b9ffae0229,TID_STARTER_WINSTARS,내 손에 별이 가득!
525fe802a8355e56,TID_STARTER_TH2_UPGRADEGOLDSTORAGE,더 큰 금고
154d6ef833ad1a0a,TID_BATTLEPASS_TASK_WIN_BATTLES_USING_ARCHERS,표적에 명중
24160fc54b9f2fec,TID_HINT_SPELL_FREEZE,얼음 마법은 범위 내의 상대방 병력과 방어 시설이 제 기능을 발휘하지 못하도록 얼려 버립니다.
b806e66643de2e94,TID_DIAMOND_BUNDLE_BOMB_TOWER,폭탄 타워 팩
10c3c1ac2366e5d4,TID_CHALLENGE_TH4_GIANT,자이언트 스매시
a5495a5918bf84ce,TID_SETTINGS_GOOGLE,Google Play 로그인
b7214dff56cbbe76,TID_COSMETIC_ESTATE_2X2_SMALL_HUT_INFO,예스럽고 작은 집입니다. 키가 큰 사람은 들어가기 곤란해요.
cf77a4a03b75e6a2,TID_EVENT_TITLE_CLANWAR_SHORT4,주말 특별전
249afba84ba800a6,TID_NPC8,생쥐 계곡
e15f3c8826c42f9a,TID_ELECTROFIRE_WIZARD_INFO_SHORT,최고의 마법사라면 최소한 마법 두 개는 알고 복장도 두 벌은 갖춰야죠.
6440fedcabe92058,TID_NPC_WARDEN_HEALTH_LOW,<c9916c8>그랜드 워든</c>의 HP가 감소하고 있습니다! 그랜드 워든의 능력을 사용하세요!
c32f17acdd39af4e,TID_DIAMOND_BUNDLE_MAGICITEMS_BUILDING_BOOK_WITH_RESOURCES,건물의 책 팩
be77db8b1d6d0eb5,TID_TRAINING_QUEUE_IS_EMPTY,훈련 대기열이 비었습니다.
a33e517a468dc708,TID_BUILDING_AIR_DEFENSE_SMALL,폭죽
3ea6d7a1f6554890,TID_HERO_INSTRUCTIONS,"이 여사냥꾼은 파괴적이지만 체력이 약합니다. 방어 시에는 사정거리 내의 적들을 저격하며, 공격 시에는 여왕의 망토를 사용해 모습을 감추고 막대한 피해를 줄 수 있습니다!"
223fbfb54dcf0dda,TID_WL_LEADERBOARD_BRACKET_POS5,조 5위
62128c63eb3bd75e,TID_CLANGAMES_TASK_INFO_USE_ROCKET_BALLOONS,멀티플레이 전투에서\n로켓 비행선 <num2>대를 사용해\n별 <num>개 획득
8d644d23a41612d6,TID_CHAT_REPORT_CONFIRMATION,<name> 님을 부적절한 행위로 신고하시겠습니까?
861e061deceab9bb,TID_TOWN_HALL_3_INFO_SHORT,레벨을 올리고 팀을 구성해 더 강력해집시다.
fe5ff496fe73f5b8,TID_MASTER_WARDEN,사부 워든
8964db8db5f4b1ba,TID_LOCAL_NOTIFICATION_EVENT_ALL_COLLECTORS_BOOST,"대장님, 보석 1개 정제소 가속 이벤트가 시작됐습니다!"
a16e1053b4b7e53c,TID_LOCAL_NOTIFICATION_CLAN_GAMES_CHECK_RESULTS,클랜 게임이 종료되었습니다. 결과를 확인하세요!
86f9a72d681b7dad,TID_BIND_TO_NEW_FACEBOOK_ACCOUNT_TITLE,새로운 Facebook 계정 로그인
9ee91d211dac0016,TID_CLAN_LANGUAGE_UNKNOWN,설정되지 않음
a9585bab954ca47b,TID_OBSTACLE_TREE,나무
646cfb645ccf090d,TID_PET_HEALER,유니콘
b7b4e6b2d1949ab4,TID_DEFENCE_TROOP_LEVEL,유닛 레벨: <number>
31b52666af61f6ce,TID_BUILDING_DRAGON_CAVE,드래곤 동굴
1db37821625a6260,TID_CANCEL_CREATOR_SUPPORT_BUTTON,후원 중단
44189c937210ca2b,TID_HINT_RESOURCES_ARE_SAFE,장인기지의 자원은 적이 약탈할 수 없습니다.
0c45b34078de09ac,TID_ALLIANCE_SEARCH_HINT,클랜 이름 또는 클랜 태그 입력
9da2abb03706edfc,TID_CLOCKWORK_KING,태엽장치 킹
2a2309e16b8f8bf0,TID_JOLLY_QUEEN,크리스마스 퀸
9a9fcc894f63f288,TID_DECORATION_FIRECRACKER,설날 폭죽
0003e1f59ccad79f,TID_ATTACK_WON,승리
e2bef0cb4ad440a5,TID_CONFIRM_ALLIANCE_GAMES_DISCARD_TITLE,도전 과제 취소 확인
c9c4fc7915ec468d,TID_PAINTER_SCENERY,페인트공 배경
aa3a47c9ba4adbd5,TID_TRADER_OFFER_TAB,보석
9000296f121129f7,TID_ALLIANCE_WAR_NO_BEST_ATTACK,공격하지 않음
bdd0866b6fbfb389,TID_BOOSTER_FINISH_HERO_UPGRADE,영웅의 책
d4ba83ca6d6af874,TID_SHOP_STORAGE,보유:
df5e1dd59b472ac4,TID_DIAMOND_BUNDLE_MAGICITEMS_RESOURCE_POTION_ONLY,자원 포션 더미
7a4aa0a62bdb3a86,TID_CLANGAMES_TASK_INFO_USE_DROPSHIPS,장인 전투에서 해골 수송선 <num2>대를 사용해 별 <num>개 획득
11d78c53793d4000,TID_SPELL_ALREADY_AT_MAX_LEVEL,이미 최고 레벨인 마법입니다!
938849e5c56dca0e,TID_RESUME_BOOST,재개하기
5ae73fcefe14bd46,TID_BUTTON_REPAIR_TRAP_ALL,모두 재장전
bce4e867233dffe9,TID_PET_PHOENIX_INFO,"진정한 친구라면 위기가 찾아와도 곁에서 돕죠. 피닉스는 전투 시작 시 알 속에 무방비 상태로 있지만, 함께하는 영웅이 처치될 위기에 처하면 부화합니다. 이 분노의 불새 피닉스는 부화 후 영웅을 일시적으로 무적 상태로 만들고 주변 적에게 피해를 입힙니다."
146256db14815042,TID_ERROR_POP_UP_CONNECTION_LOST_BUTTON,다시 시도
eb146842068bcd34,TID_TUTORIAL_ATTACK_DONE,"이런, 저들도 우리를 지금 공격하네요?!"
f8ab838ba842b28c,TID_LEAGUE_WOOD1_SHORT,우드 I
0db7cdddca90d9cd,TID_LEAGUE_CRYSTAL3,크리스털 리그 III
152e69ca045a1679,TID_NEWS_UPDATE_TEXT,"* 번개, 독, 지진, 얼음 마법이 개선되었습니다!\n* 마을회관이 10레벨일 경우, 번개 마법 7레벨과 25개의 추가 장벽을 사용할 수 있습니다.\n* 파괴의 정도가 클랜전의 승패를 판가름합니다. 전쟁이 끝났을 때 점수가 같다면 최고의 공격을 기준으로 상대를 더 많이 파괴한 쪽이 승리하게 됩니다!"
64a288f308e3b679,TID_ACHIEVEMENT_PVP_ATTACKS_COMPLETED,승리한 멀티플레이 전투: <value>
2582ac62c2aaaae7,TID_OBSTACLE_OLD_BARBARIAN_STATUE,오래된 바바리안 조각상
2b5b9f33987e061f,TID_RESOURCE_BOOST_INFO,마을의 자원 생산량이 두 배가 됩니다.
e9351a80c0cdde4f,TID_GEAR_INFO_BARBARIAN_CROWN,분노한 바바리안 무리를 소환합니다
93593bd676adf281,TID_BUTTON_SEND,전송
04e0d0da130d5d91,TID_EVENT_TITLE_XMAS_RESOURCES,크리스마스 특가 상품
da0417333d6e6be4,TID_CLANGAMES_TASK_INFO_USE_SUPER_GIANTS,멀티플레이 전투에서\n슈퍼 자이언트 <num2>명을 사용해\n별 <num>개 획득
54a2bb6b63348add,TID_NOT_ENOUGH_SPACE_IN_TREASURY_MULTI,마을회관에 <num>개의 <booster> 보관을 위한 공간이 부족합니다.
89f2edf1c2940e7f,TID_CAPBUILD_AIR_DEFENSE,대공포
894bed214ac22eb2,TID_TUTORIAL_GOLDSTORAGE,골드를 보관할 장소가 필요해요!
37da4e9c1c4f0ac9,TID_GEAR_HEALING_TOME,치유의 책
c20689ccc99f1416,TID_ARMY_OVERVIEW_HINT_SIEGE,마을회관 12레벨부터 이용 가능
a3a6903b9a1f2cb0,TID_ALLIANCE_WAR_VISIT_FAILED_NOT_FOUND,마을을 찾을 수 없어 방문할 수 없습니다. 나중에 다시 시도해주세요.
68da93b8608e836a,TID_HINT_HERO_GRAND_WARDEN_MODE,공중 병력을 쓰시나요? 그랜드 워든을 공중 모드로 설정해 보세요!
e6ea13f4ec9e1abd,TID_DEVICE_LINK_ERROR_GAME_CENTER_TEXT,기기를 연동하려면 Game Center에 로그인한 다음 다시 시도하세요.
2d1a65781fb3a132,TID_MOVE_OBSTACLE_CONFIRM,<booster>을 사용해 <obstacle> 장애물을 여기로 옮길까요?
1e6d2c19f9b82b66,TID_NEWS_TH11_UPDATE_OTHER_TITLE,기타 밸런스 조정 및 개선 사항
aa55bacbfce7a388,TID_ALLIANCE_WAR_CLAN_BANK,클랜 저장소:
5e4cc2c16c800ef1,TID_NAME_CHANGE_LIMIT_EXCEEDED,가능한 이름 변경 횟수를 초과했습니다.
38cd63ed01fe6517,TID_HINT_CLAN_REINFORCEMENTS,클랜 성을 통해 클랜원에게 지원군을 요청하세요!
05aa6fa7f727a0ac,TID_BARBARIAN_KING,바바리안 킹
f7f529e921f6d4a2,TID_CAPBUILD_GUARDPOST_GIANTS,슈퍼 자이언트 초소
e0a9c035d8260e27,TID_DECO_DARK_AGES_DRAGON_INFO,이글이글 타는 눈빛과 불을 뿜는 입김으로 마을을 수호하는 무시무시한 조각상입니다.
324037cbf21ad370,TID_EVENT_TEXT_HALLOWEEN_SKEL_BARREL,해골 통을 던져 적진을 혼란에 빠트리세요! 보석 200개와 힘의 포션도 잊지 말고 획득하세요!
3037a237ada2470c,TID_SPELL_STORAGE_CAPACITY,마법 저장소 공간: <number>
449f6752a62c61e2,TID_TOURNAMENT_HUB_DEFAULT_TITLE,토너먼트 허브
ffc20df112bf3443,TID_TUTORIAL_WAR_BATTLE_1,전투일에는 적을 공격합니다! 트로피나 보호막은 상관이 없으니 이기는 것만 생각하십시오!
5a53d6d9713f5b88,TID_CLANGAMES_TASK_WIN_STARS_USING_CLONE_INFO,멀티플레이 전투에서\n복제 마법을 <num2>번 사용해\n<num>회 승리
15781df8eedcdc5a,TID_CAPBUILD_SPELLLAB_JUMP_INFO,이동 마법이 가득한 커다란 통을 제조합니다. 건물 전체가 뛰어오를 것 같은 느낌입니다.
a4c6893125c82ce0,TID_BOOSTER_STAR_POTION_OFFER_INFO,장인기지 별 유리병 <num>개 - 즉시 장인기지에서 별 보너스를 얻을 수 있게 해줍니다.
7cf379a61a655244,TID_ANTIADDICTION_NO_REAL_NAME_VERIFIED_3,실명 인증이 완료되지 않아 중독 근절 시스템에 의해 플레이가 제한됩니다. 일일 최대 플레이 시간인 1.5시간에 도달했습니다. 실명 인증을 완료하려면 공식 웹사이트를 참조해주세요. 실명 인증을 완료한 뒤에 로그인할 수 있습니다.
f7feee086f812f3b,TID_STARTER_TH5_UPGRADEBUILDERHUT,해머 타임
f44494ad8b9115d3,TID_NEWS_TREASURY TEXT,"일일 별 보너스\n• 멀티플레이 전투에서 별 5개 획득 시 보너스 전리품 획득\n• 상위 리그에서는 보너스를 더 많이 받습니다!\n• 새로운 별 보너스를 매일 받을 수 있습니다!\n• 별 보너스 보상은 금고에 안전하게 보관됩니다\n\n전리품 카트\n• 방어를 할 때마다 마을에 부서진 전리품 카트가 나타납니다\n• 이 카트를 회수해 잃어버린 보물 중 일부를 찾을 수 있습니다.\n• 한 번에 전리품 카트 하나만 나타나므로, 보이면 곧바로 회수하세요!\n\n금고\n• 클랜 성에 이제 튼튼한 보물 창고인 금고가 추가됩니다.\n• 금고는 클랜전과 별 보너스로 얻은 보너스 전리품들을 지켜줍니다.\n• 소비하기 전까지 보너스 전리품을 지켜주는 가장 튼튼한 장소가 바로 금고인 셈이죠!\n\n밸런스 조정\n• 독수리 포탑이 이제 골렘과 작은 골렘에 3배의 피해를 줍니다.\n• 이제 두 번째 대공포는 마을회관 6레벨, 세 번째 시설은 7레벨에 잠금 해제됩니다."
1663d167647b9c3d,TID_BUTTON_DISABLED_GAMES_ENDING_SOON,곧 종료됩니다!
0719f9ea8a57a3b5,TID_MAP_LOCATION_11,썩은 바다
168fff0d99481b7c,TID_ACHIEVEMENT_DESTROY_BUILDER_TITLE,장인의 집 파괴자
1885b6d8623c85e2,TID_CLANPERK_DESC_TROOP_REQUEST,지원 요청 대기 시간:
21eb29433685ea7b,TID_LOCAL_NOTIFICATION_BP_SEASON_ENDING,시즌이 끝나기 전에 시즌 도전에서 더 많은 점수와 보상을 획득하세요.
63c9f670857ec3c5,TID_CREATOR_BOOST_SUPPORTING,후원 중:
7f843b81a593605b,TID_NPC_CHALLENGE_TH11_LAVALOON_KING_ABILITY,바바리안 킹이 쓰러지기 전에 <c9916c8>바바리안 킹의 능력</c>을 사용하세요.
3f13dd2d6935eff1,TID_BUILDING_MULTI_ARCHER_TOWER,멀티 아처 타워
9467e4978d0b2489,TID_ACCEPT_PRIVACY_SUGGESTIONS,수락
cf974acb191c6407,TID_RES_PACK_SPECIAL,자원 팩
e78d53ae087e22a4,TID_POISON_TOWER_SHORT,독 마법
972a8719fde60eeb,TID_DIAMOND_BUNDLE_MAGICITEMS_STRENGTH_POTION_ONLY,힘의 포션 더미
16257e67313f357f,TID_LEGENDS_CANNOT_ATTACK_DAY_END_TOO_SOON,공격할 수 없습니다! 리그일이 곧 종료됩니다.
43476e21b2a208da,TID_CLANGAMES_TASK_INFO_DESTROY_ELIXIRPUMPS,멀티플레이 전투에서\n<building> <num>개 파괴
029756455d42e07d,TID_CHARACTER_INFO_ELITE_GOBLIN,도둑 고블린은 뛰어난 실력으로 배치된 후 잠시 적의 눈을 피해 숨을 수 있습니다. 자원을 훔칠 때 나는 큰 소리 때문에 결국 들키지만요.
50958697d31f1cbd,TID_HOG_GLIDER_ABILITY_HELP,대상을 <num>초간 마비시킵니다.
81a2b7732c7ce486,TID_BOOSTER_ERROR_BOOST,<booster> 사용이 불가능합니다. 강화할 유닛이 없습니다.
8a73518522199615,TID_NUMBER_FIVE,5
e04aaa2864b724a8,TID_LEAGUE_BRONZE1_SHORT,브론즈 I
b15aab80993777d4,TID_SHIELD_TITLE,보호막
eefd008a9b930756,TID_GEAR_RESOURCE_EPIC_INFO,반짝이는 광석은 장비를 업그레이드 하는 데 사용됩니다. 클랜전이나 특별 이벤트에서 획득할 수 있습니다.
e1345e042d24750d,TID_HALLOWEEN_EVENT_TITLE,매시업 매드니스
26b5076242738dac,TID_ALLIANCE_REPORT_TEXT,정말 <name> 클랜을 부적절한 클랜 이름 또는 설명으로 신고하시겠습니까?
9e7800b2130d9fa4,TID_NPC_NAME_TUTORIAL2,고블린 숲
af6d661b0ad6d299,TID_GOOGLE_SERVICE_CONNECT_TEXT,대장님!\n<c2>Google Play 계정에 로그인하여</c> 진행 상황을 안전하게 보존하세요.\n\n그런 다음엔 <c2>같은 Google Play 계정으로 </c> 어떤 Android 기기에서든 로그인하여 마을을 복원할 수 있습니다.
0ee6ea65521743fa,TID_BUTTON_GENERATE_CODE_TEXT,다른 Android App Store로 마을을 옮기세요. 마을을 옮기면 데이터를 보호하는 데 도움이 됩니다!
1633bf7ce2716e45,TID_CLANGAMES_TASK_DESTROY_GOLDSTORAGES,골드 저장소 습격
0848c71cab0e68bf,TID_BATTLEPASS_TASK_WIN_BATTLES_USING_HOGGLIDERS,하늘을 나는 호그
efed4df8dacfc8ad,TID_CAPBUILD_SPELLLAB_LONG_HASTE_INFO,신속 마법이 가득한 커다란 통을 만듭니다. 근처를 지나가면 갑자기 발걸음이 빨라진답니다.
8f0aa1cabe1fd99d,TID_CLAN_TAG_BUILDER_BASE,장인기지
4308662db8253485,TID_DEVICE_LINK_ERROR_CODE_CURRENT_VILLAGE_TOO_HIGH_TEXT_KUNLUN,이미 로그인한 계정에 영구적으로 등록된 마을입니다.\n\n마을 진행 상황(마을회관 <level>레벨 혹은 구매 기록) 때문에 더는 덮어쓸 수 없습니다.
90e8dcae41dfc2fb,TID_HASTE_DAMAGE,공격력 증가: <number>%
ec0a2a79c599b002,TID_VILLAGE_OBJECT_SHIP_INFO,배가 있으면 새로운 곳으로 갈 수 있습니다!
fa27bc568fe99aed,TID_ERROR_POP_UP_OUT_OF_SYNC,클라이언트와 서버가 동기화되지 않았습니다! 버그 수정 및 개선 사항이 담긴 신규 업데이트가 사용하시는 앱 스토어에 추가되었습니다!
895d6db80650c091,TID_TUTORIAL_RAID_WEEKEND_6,주말 습격전이 끝나면 클랜이 얼마나 잘 공격하고 방어했는지에 따라 습격전 메달을 받게 됩니다.
f3abc07aca365c67,TID_GOLD_PASS_EXCLUSIVE_TAG,골드 패스 전용!
b724f09200d273a3,TID_HEAL,치유력: <number>
b5afe4496e7c5204,TID_CLAN_GAMES_SUMMARY,결과:
986d6d6d9c136c0d,TID_ATTACK_FAIL_ALREADY_UNDER_ATTACK,공격할 수 없습니다! 이미 공격받고 있는 마을입니다.
53dc42000c7387bd,TID_EP_SPELL_UNLOCKED,<spell> 잠금 해제!
f6b93327ea6be3dd,TID_BATTLEPASS_TASK_INFO_USE_BOMBERS,장인 전투에서 폭탄병을 사용해 별 <num>개 획득
86a396ddf5db495d,TID_WORKER2_BUILDING,마스터 장인의 집
380761c9f271f790,TID_HINT_STORAGES_SPELL_IMMUNITY,모든 자원 저장소는 마법 공격에 영향을 받지 않습니다!
9084ff4322f14cd1,TID_PET_SPIRIT_FOX_INFO_SHORT,너무 부끄러워서 투명해진다고 하네요!
cefb2a5e5059f744,TID_NPC_CHALLENGE_TH8_GOWIPE_HEAL1,모든 유닛이 지나가는 진입로에 <cffe346>치유 마법</c>을 사용하세요.
ec27f0a7760be932,TID_SIEGE_MACHINE_BALLOON_INFO_SHORT,위에서 바위를 떨어뜨려 적의 기지를 부수세요.
343abfe58ae2aa59,TID_DARKAGES_CHAMPION,암흑시대 챔피언
b8b95915710604bc,TID_CAPITAL_RAID_VISIT_INVALID_TARGET,이 구역을 정찰할 수 없습니다.
b2433669939636b9,TID_BATTLEPASS_TASK_WIN_BATTLES_USING_HEALERS,새살이 솔솔
61ac8ddfc6284cbc,TID_POPUP_EDIT_MODE_DISCARD,변경된 사항을 무시하고 배치 모드를 종료할까요?
ec7e94334b321234,TID_BB_LOOT_CART_EMPTY_LIST_TEXT,새 방어 보상이 없습니다. 공격을 시작할 때마다 방어가 시작됩니다.
b545d6f3cbfb545b,TID_APPLICATION_SIGNATURE_ERROR,계정 및 기기 정보가 도용될 수 있는 인증되지 않은 버전의 클래시 오브 클랜입니다. 계속 플레이하려면 인증된 출처로부터 게임을 설치하고 Supercell ID를 통해 계정을 이전해주세요.
9cef068e0a93a687,TID_DECORATION_CLOCKWORK_STATUE_INFO,"별거 아닌 것처럼 보이지만, 자세히 보면 가끔 톱니바퀴가 돌아가는 것을 볼 수 있습니다!"
9a83f5290977d126,TID_CLANGAMES_TASK_INFO_USE_HOGRIDERS,멀티플레이 전투에서\n호그 라이더 <num2>명을 사용해\n별 <num>개 획득
1f9b450e03bed86b,TID_AGE_GATE_ERROR_PROMPT,나이를 입력해주세요.
174b904bd6bf39c0,TID_USE_TROOP_EVENT_ACHIEVEMENT_DESC,이벤트 도전: 멀티플레이 전투에서 승리!\n<cffec78>• 필수 사용: <unit> x 1</c>
6f28ee605841db2f,TID_REENGAGEMENT_LAB_DID_UPGRADES_SOME_LEFT_1,연구소에서 시끄러운 소리가 들리네요...
c493f03b9112f303,TID_DECORATION_LEAGUE_I_STATUE,마스터 조각상
f708b35b91d13310,TID_ERROR_POP_UP_SERVER_MAINTENANCE_BUTTON,다시 시도
30501839e8eef3df,TID_OBSTACLE_MUSHROOM,꽃버섯
e2021691fbeb7b55,TID_LINK_SAME_PLATFORM_TITLE_KUNLUN,계정 동기화
197e2518d2b1d6e0,TID_CLANGAMES_TASK_INFO_USE_SUPER_VALKYRIES,멀티플레이 전투에서\n슈퍼 발키리 <num2>명을 사용해\n별 <num>개 획득
1727d6d57fed1e83,TID_NPC_CHALLENGE_TH12_DRAGBAT_SNIPE_ARCHER_TOWER,<c54a0fe>해골 비행선</c>으로 <cf70d16>아처 타워</c>를 공격하세요.
ce2c730412252272,TID_POPUP_BOOST_BARRACKS_AND_SPELLS,<time> 동안 유닛 훈련 및 마법 제조 속도를 <multiplier>배로 가속할까요?
aa727529ed0f2b00,TID_DUPLICATE_SPELL,복제 마법
be2a6c9fe9fdd11a,TID_ERROR_POP_UP_UNLOCK_UNAVAILABLE_TITLE,잠금 해제 실패
cc8f4e0ef89faf9f,TID_BATTLEPASS_TASK_INFO_USE_DRAGONS,멀티플레이 전투에서\n드래곤을 사용해\n별 <num>개 획득
586778685d01019c,TID_TUTORIAL_MERGE_2,일반 방어 시설 두 개를 하나로 합쳐 더 강력한 무언가를 만드는 거죠!
9b96c49992940c9f,TID_BUILDING_CANNON2,대포
fc26d76735b7bcb9,TID_HINT_ENEMY_TOWN_HALL,상대방의 마을회관을 파괴하면 무조건 별 1개를 획득합니다.
55debb42ec5d85a8,TID_TUTORIAL_CLASHOWEEN_EVENT_B3,새로운 서막이 시작됩니다!
7c49af367b3227e5,TID_STREAM_EVENT_PROMOTED,<name> 님에 의해 승급되었습니다.
3ebbfa480510527c,TID_STREAM_EVENT_DEMOTED,<name> 님에 의해 강등되었습니다.
6dc7caf86c78dec8,TID_GEAR_INFO_IRON_FIST,바바리안 킹에게 분노 마법을 겁니다
050db86bb16fcc0e,TID_NPC_CHALLENGE_TH11_EDRAG_BATTLE_BLIMP,<c54a0fe>전투 비행선</c>을 사용해 <c54a0fe>일렉트로 드래곤</c>을 마을 중앙으로 보내고 <cf70d16>독수리 포탑</c>을 파괴하세요.
003c88cabfccde12,TID_CANNON_CART_MORTAR_MODE_UPGRADE_INFO,박격포 모드에서는 피해량이 증가하여 <num>의 피해를 줍니다.
1c952b803ff8f83a,TID_ALLIANCE_SEARCH_HINT_CN,클랜 태그 입력
dea43d54e047ae5a,TID_WL_STATS_SELECT_CLASSIC,일반
0390d848548e8900,TID_SHOP_CATEGORY_FLAGS,깃발
ffca74b31305d01d,TID_ERROR_POP_UP_SERVER_MAINTENANCE_ESTIMATED_MINUTES,"죄송합니다, 서버 점검 중입니다. 약 <value>분 후에 다시 시도해주세요."
dd2784acd04c0dc6,TID_NPC42,얼음장
be21388489d34c73,TID_PET_ABILITY_ELECTROWL,고압 전류
436d224172e8ba52,TID_ELECTROFIRE_WIZ_ELECTRO_MODE,일렉트로 모드
e2e74c24b595b841,TID_STARS_TOTAL,누적된 별:
fb4571f953078024,TID_STREAM_EVENT_ALLIANCE_LEVEL_UP,클랜이 <value>레벨에 도달했습니다! 새로운 클랜 보너스가 잠금 해제됩니다.
e0e170c92e51110e,TID_TRAINING_SCREEN_QUEUE,대기열
d6f3960785db6048,TID_CAPBUILD_MULTIMORTAR_INFO,장거리 광역 피해를 주는 포탄을 여러 번 발사해 명중률을 극대화합니다!
03d07e7e201bee18,TID_ALLIANCE_CREATE_BADGE,배지:
1c88f4485cdb3dd7,TID_POPUP_HEADER_ABOUT_TO_BOOST,생산 가속!
29c6734fe094fd75,TID_ERROR_POP_UP_BANNED_BUTTON_CONTACT_PS,고객지원 팀에 문의
eae43757851c7404,TID_DECORATION_8YEAR_BIRTHDAY_STATUE,\q생일 케이크 한 조각\q
2c291d586b48ca17,TID_LOCAL_NOTIFICATION_EVENT_REGULAR_THEMED_BATTLE_TH0212,승리의 전쟁 나팔 소리가 들립니다! 이번 특가 상품으로 유닛을 업그레이드하고 클랜에 영광스러운 승리를 안겨주세요!
6384f4ed0cf80b48,TID_CLANGAMES_TASK_INFO_DESTROY_BB_BUILDINGS,장인 전투에서 건물 <num>개 파괴
33ce2878e2cfd1c0,TID_CHARACTER_INFO_SIEGE_MACHINE_RAM_SHORT,마을회관으로 직접 통하는 길을 뚫어냅니다.
4fdc14cc34f36403,TID_ALLIANCE_TYPE_OPEN,공개
b1c5334f23665469,TID_HEROES_FEATURE,영웅
e7c19c087a8b1357,TID_BUILDING_TELESCOPE,천체 연구소
d33dd682a572a4d5,TID_FEEDBACK_BUTTON4,피드백
94b70be0ddda821a,TID_CONFIRM_FINISH_TRAINING,보석을 사용해 훈련을 즉시 완료할까요?
99e34572cc8d7a9e,TID_BUY_PRIZE_SHOP_ITEM_MULTI_HEADER,<item> <num>개 구매
3b3db9556782dd4c,TID_TUTORIAL_ARTO_START_2,음... 생각이 바뀌었어요. O.T.T.O랑 여기서 같이 지내는 게 좋겠어요.
b9272c4499b84770,TID_DECORATION_SKULL_FLAG,해적 깃발
0b35d5fb957ab35a,TID_CLANGAMES_TASK_DESTROY_BB_MEGATESLA,메가 뇌전탑 파괴
11fbd2b7b8bbb483,TID_CHANGE_NAME_TITLE,이름 변경
c72345004678f30d,TID_PLAYER_TAG,플레이어 태그
5bb10a13cf3de0c3,TID_BATTLEPASS_TASK_WIN_BATTLES_USING_GIANTS,오늘은 내가 캐리
99ca48c12535994b,TID_STARTER_WINUSINGWIZ,마법사 주의보
a7fb4eb87903462c,TID_CANNOT_SWITCH_TO_ACCOUNT_WITHOUT_SUPERCELL_ID,<name> 대장님의 마을(<number>레벨 마을회관)을 발견했습니다! Supercell ID로 로그인해 불러오세요!
4904692bbf37abec,TID_VIEW_PLAYER_ON_WAR_MAP_BUTTON,지도에서 보기
4f4ade59e0439138,TID_BOOSTER_FILL_DARK_ELIXIR_STORAGE,다크 엘릭서 룬
95705be9ce08806e,TID_BUILDER_BASE_BUTTON_STAR_BONUS_COUNTER,<progress>/<total>
dbf689a7243ec05e,TID_NOTES_LAST_EDITED,마지막 수정: <cffffff><name></c>
cf4a5dd743ea1bd9,TID_CLANGAMES_TASK_DESTROY_BB_ARCHERTOWER,아처 타워 어벤져스
650d7736bb865ab7,TID_WL_HIDDEN_ENEMY_VILLAGE_INFO,전투일이 되면 적 마을이 공개됩니다.
f6566b007f52a1e0,TID_POPUP_NO_UPGRADE_SLOTS_HEADER,연구소가 바쁩니다!
240b5f6673503d5f,TID_LEAGUE_STONE5,스톤 리그 V
9b45f00806dc8af8,TID_GOBLIN_THROWER_INFO,"공격해오는 적에게 고블린으로 가득 찬 통을 빠르게 투척하고, 통에서 나온 고블린은 날카로운 창을 던집니다. 그럼 창에서는 무엇이 나올까요?"
abe71e228cacbdaf,TID_LEAGUE_EMERALD1,에메랄드 리그 I
50f0a8a61f9d2bd3,TID_CLAN_GAMES,클랜 게임
425bb33a75242285,TID_FINISH_BUTTON,완료
8dd735921f534709,TID_INFO_DAMAGE_TYPE,공격 유형:
93d5402ede86632b,TID_LEAGUE_CLAY1,클레이 리그 I
f30aa9d33214e4ec,TID_HINT_BALLOON_AIR,해골 비행선은 공중 유닛이므로 대포나 박격포가 공격할 수 없습니다.
bf6352b0cdb99f44,TID_ATTACK_FAIL_GENERIC,공격할 마을을 찾지 못했습니다!
ce3c961762d545a4,TID_ARTO_TASK_MEGA_TESLA_FLUFF,"충분한 전력은 모든 작업에 중요하지만, 메가 뇌전탑이 완전히 업그레이드되면 전력이 너무 넘쳐날 수 있습니다!"
01008d931ed34bea,TID_CLANGAMES_TASK_WIN_STARS_VS_TOWNHALL_10,목표: 10홀
62df6e587ab3ebd9,TID_WIN_BONUS,승리 보너스
edf386eeb7ceaccc,TID_CAPITAL_SHOP_CONFIRM_TEXT,<item> <num>개를 구매할까요?
ce10bbb29f22def4,TID_BATTLEPASS_TASK_INFO_USE_HEALERS,멀티플레이 전투에서\n치유사를 사용해\n별 <num>개 획득
349cb0d4da7a9740,TID_GIANT,자이언트
4bbce4cc27743a2f,TID_ARTO_UNLOCKED_INFO,이제 B.O.B이 마을 일을 돕습니다! 부디 장인들이 아무런 낌새도 알아채지 않아야 할 텐데요.
5d7671b2b7897790,TID_EVENT_SHOP_TITLE,이벤트 특별 상품
fe0d101e9c72ff61,TID_MOUNTAIN_GOLEM_ABILITY_NAME,크러시
6672e30e15ed3e78,TID_SPOOKY_SCENERY,으스스 배경
e4b1a2a9a5d4097e,TID_ERROR_POP_UP_PERSONAL_BREAK_EXTENDED,지난 번 휴식 중에 보호막을 받지 못하여 개인 휴식 제한이 완전히 초기화되지 않았습니다.
eb0962fe377eea86,TID_LOCAL_NOTIFICATION_EVENT_STAR_BONUS,"대장님, 별 보너스 이벤트가 시작됐습니다!"
d1ad03bffb46777a,TID_BOOSTER_HERO_POTION,영웅 포션
aaa60e3495b5d8d9,TID_HINT_UNLOCKS,마을회관을 업그레이드하여 새로운 건물을 건설하고 기존 건물을 더욱 업그레이드해보세요.
32a94a2d11e11d82,TID_TUTORIAL_TOWN_HALL_1,고블린을 물리치고 얻은 골드 덕분에 마을회관을 업그레이드할 수 있게 되었습니다.
f9de6038dd2e85f3,TID_MEDAL_EVENT_COMBAT_ITEM_LOCKED,<soft_currency>을 더 많이 모아 잠금 해제
0a2b0f3cad12be12,TID_BATTLEPASS_TASK_WIN_BATTLES_USING_WIZARDS,뾰로롱 마법사
d70d3fa5dcbbf3e1,TID_BOOSTER_SUPER_POTION_INFO,맛있는 황금빛이 날 때까지 끓인 다크 엘릭서로 만든 슈퍼 포션을 사용하면 일반 유닛을 3일 동안 슈퍼 유닛으로 강화할 수 있습니다. 덥고 습한 환경에서 친구들과 함께 마실 때 가장 맛있습니다.
f8d9913e2068c2a9,TID_ACTIVE_ABILITY,액티브 능력
47e8952e3446970d,TID_GRAND_WARDEN_GLADIATOR,검투사 워든
4bbbe629fb7242b7,TID_TENCENT_GUEST_LOGIN_WARNING,중독 방지법에 따라 게스트 계정으로 로그인한 경우 실명 인증 절차를 완료할 수 없으며 15일마다 1시간으로 플레이 시간이 제한됩니다. 게임의 모든 기능을 이용하기 위해 QQ 또는 WeChat 계정으로 로그인하여 실명 인증 절차를 완료하시길 권장합니다.
4fe55d496fff50ca,TID_LOCAL_NOTIFICATION_EVENT_TROOP_DISCOUNT,"대장님, 유닛 이벤트가 시작됐습니다!"
5424a984ac44ed28,TID_CONNECT_WITH_FACEBOOK_BUTTON,Facebook\n연동
da775d2c1212857f,TID_CHARACTER_APPRENTICE_WARDEN_INFO_SHORT,이 마법 학생들은 그랜드 워든이 다른 일로 바쁠 때 군대를 지원할 것입니다.
b0b88f0f7413be81,TID_CAPITAL_UNIT_HOME,<name> 잠금 해제 및 업그레이드
03c0efe385c90d81,TID_STREAM_EVENT_CANCELLED_WAR,클랜전 검색 취소
3b8b90595e049457,TID_FEEDBACK_MAIL_TEXT,\n\n\n--------삭제하지 마세요!--------\n<tags>\n------------------------------\n
32f053be54304460,TID_NEWS_SPELLS_TITLE,마법 개선 및 충전
0e51b5677a6ca221,TID_CONFIRM_SKIN_PURCHASE_TITLE,구매 확인
074366a98cd158d5,TID_HERO_GEAR_UPGRADED,<item>: <level>레벨로 업그레이드 완료!
bec43f5a27ccd2e7,TID_BATTLEPASS_TASK_WIN_STARS_USING_FREEZE_INFO,멀티플레이 전투에서\n얼음 마법을 사용해\n별 <num>개 획득
893f563017a05255,TID_FIND_NEW_MEMBERS,새로운 클랜원 찾기
82d35eebc5cd76c2,TID_NOT_ENOUGH_SPACE_CC,클랜 성 공간 부족!
d8fc1eb9801f7726,TID_CANCEL_WAR_MATCHMAKING_CONFIRMATION_TEXT,"검색을 중지하고 재시작해도 검색 시간은 짧아지지 않으며, 오히려 늘어날 수 있습니다. 정말 중지하시겠습니까?"
88f91016c6a865ea,TID_TUTORIAL_WAR_MAP_FRIENDLY_3,"저기를 보십시오, 대장! 적 클랜이 보입니다!"
cb8163de19ad6aa5,TID_POPUP_RED_GEMS_PURCHASED_TEXT,(RED)의 AIDS 퇴치 활동을 도와주셔서 감사합니다! 12월 8일까지 지원 사실을 알리고 마을회관을 (RED)로 장식하시겠습니까?
182e14f25ca7e169,TID_NAME_CHANGE_ON_COOLDOWN,다음 이름 변경 가능까지: <time>
1335b18fc74aeaef,TID_CAPITAL_PLAYGROUND_SUPER_WIZARDS,<c54a0fe>슈퍼 마법사</c>를 배치해 장벽 뒤에 있는 <cf70d16>창 투척기</c>와 <cf70d16>폭탄 타워</c>를 파괴하세요.
1ed102a062a56c87,TID_BUTTON_PROCEED,계속하기
59ea793f34cd2107,TID_POPUP_BOOST_SIEGE_WORKSHOP,<time> 동안 시즈 머신 제작 속도를\n<multiplier>배로 가속할까요?
92314083819055f0,TID_REPLAY_BUTTON_FAIL,더는 재생할 수 없습니다!
aaac09b0d7e32c15,TID_BOOSTER_FILL_DARK_ELIXIR_STORAGE_ALT_2_LINE,다크 엘릭서 룬
5b212157c9edd7c3,TID_CLANGAMES_TASK_DONATE_SPELLS,마법 지원
d1bb8d7332280f63,TID_MONTH_8,8월
b42c0172553182da,TID_TO,에서
1046c9478972a119,TID_TAB_COMMUNITY,커뮤니티
396ffe6bbe1ef7fc,TID_CHARACTER_SKELETON_BARREL,해골 통
34bd697ce8c70b49,TID_BUILDING_GOBLIN_CASTLE,고블린 성
c2cabf652416db8b,TID_ALLIANCE_WAR_STAT_NUM_3STARS,별 3개
dcfba9d6d36b14e0,TID_CAPITAL_RAID_OFFENSIVE_REWARD,공격 보상: <number>
d956c4dd8166de99,TID_FRIEND_LIST_ITEM_PENDING,친구로 추가할까요?
be2910c2397aff71,TID_CLANGAMES_TASK_USE_RAGEDBARBARIANS,분노한 바바리안의 분노
74a0e8c6adbcf8fa,TID_COMPLETION_BONUS_TITLE,보너스 트랙
8e47830f57d685e8,TID_LOCKED_ITEM_LEVEL,<item> (<number>레벨에서 잠금 해제)
7d2449c9b10b1955,TID_LEAGUE_HERO1,타이탄 리그 I
09b680f173a7870b,TID_POPUP_BOOST_ALL_COLLECTORS,이 유형의 생산 시설 <number>개를\n<time> 동안 두 배로 가속할까요?
e5cc5aff1a3095e9,TID_GEAR_RESOURCE_RARE_INFO,은은한 광석은 장비를 업그레이드 하는 데 사용됩니다. 별 보너스나 클랜전에서 획득할 수 있습니다.
ef8eaa5def11de90,TID_6ANNIVERSARY_OFFER_MAGICITEMS_BOOK_AND_GOLD_INFO_999,• <res0> 골드\n• 건물의 책 x<booster1> - 건물 업그레이드가 즉시 완료됩니다.\n\n• 보관량 제한이 없습니다!\n• 해당 특가 상품은 20회 구매할 수 있습니다!\n\n기념일 팩은 기간 한정으로 구매할 수 있습니다!
89e842d85738c20f,TID_CHARACTER_INFO_FIRECRACKER,폭죽 설명.
d4c53f558acb1724,TID_CLANGAMES_TASK_INFO_USE_SNEAKY_GOBLINS,멀티플레이 전투에서\n도둑 고블린 <num2>명을 사용해\n별 <num>개 획득
2e9631ab68aff2d0,TID_NPC_CHALLENGE_TH13_HYBRID_BABY_DRAGON,<c54a0fe>베이비 드래곤</c>을 배치해 아래 쪽을 정리하세요. 그럼 <c9916c8>아처 퀸</c>이 위로 이동합니다.
d1fb45f255b90792,TID_CONFIRM_SUPER_TROOP_CANCEL_AND_REMOVE_TROOPS_TEXT,정말로 지금 슈퍼 유닛 강화를 종료하고 군대에서 해당 유닛을 제거할까요? 잔여 시간에 대한 비용은 환불되지 않습니다.
883a90a42fe7c932,TID_IAP_TRANSACTION_PENDING,잠시만 기다려주세요. 결제가 진행 중입니다.
c5c173a97e4c08c7,TID_NPC_CHALLENGE_TH9_LAVALOON_HASTE2,<cf07bf8>신속 마법</c>을 더 사용해 <c54a0fe>해골 비행선</c>을 가속하세요.
7f50f254af23bfb3,TID_TENCENT_DOLPHIN_DOWNLOADING_79,更新校验全量文件
734ec10df0fb6fd0,TID_HEAL_AURA,초당 치유량: <number>
5184ad925ff3a3fd,TID_DECO_GINGERBREAD_BUILDING,진저브레드 베이커리
adb9f8e6e6cb9c39,TID_HINT LEAGUE_PROMOTION,트로피를 더 모아서 상위 리그에 진입하세요. 리그 레벨이 높을수록 전리품 보너스도 증가합니다!
325ad26305cf7d0a,TID_ARTILLERY_AMMO_FILL_CONFIRMATION,독수리 포탑이 장전되었습니다!
a45b17a9b18fd0db,TID_TREASURY_BOOSTERS_DESCRIPTION,마법 아이템은 업그레이드 및 유닛 훈련 시간 단축 등 다양한 힘을 지니고 있습니다. 너무나도 강력한 힘 때문에 한 번에 보유할 수 있는 마법 아이템 수가 제한되어 있습니다.
53d7e079eb70d453,TID_WL_DAY_TITLE,<x> 라운드
c255d8532aab3bb1,TID_BB_LEAGUE_DETAILS_TITLE,<name> 보상
a3f819a79d634449,TID_CONFIRM_SUPER_TROOP_CANCEL_TITLE,강화 종료?
de497f969b4c2dfa,TID_SUPER_TROOP_LEVEL_TOO_LOW,<cff0000><troop> <num>레벨 필요!</c>
0f6c338cc9b7efe2,TID_NPC85,장인의 도시
3798478d32f1293f,TID_BUTTON_SELECT_SKIN,선택
a9ae5acbccff3ceb,TID_STARTER_TH3_INFO_WINSTARSGOBLINMAP,싱글플레이 전투에서\n별 <num>개 획득
73e3805cbd3579ca,TID_DAILYLOGIN_BUTTON_CLAIM,받기
a1f0cf6e9efeeefc,TID_BATTLEPASS_TASK_INFO_GET_BB_LOOT,장인기지에서 일일 별 보너스 <num>회 완료
20d0deed2618befc,TID_DECORATION_LEAGUE_I_STATUE_INFO,"이 조각상 주인은 전장에서 놀라운 용맹을 보여주었으며, 앞으로 더 많은 업적을 세울 수 있습니다."
968b8379bd9d3803,TID_BARRACKS_NOT_UNLOCKED,이 훈련소는 아직 건설되지 않았습니다
b2265b939983ab13,TID_ARCHER_QUEEN_INFO,"아처 퀸은 예리한 눈을 지닌 전사로, 뭇 남성들도 감히 사용할 엄두도 못 내는 개조형 대형 석궁을 무기로 사용합니다. 적 마을을 공격하거나 자신의 마을을 지킬 수 있습니다."
1ca409706b6bc042,TID_EDIT_MODE_TIP_WALLS,화살표를 끌어서 장벽을 세우세요.
80dfc7f37db51a0f,TID_TUTORIAL_LOOK_LABORATORY_DO,누가 제일 뛰어난 장인인지 봐줄 병사들도 물론 있어야겠죠!
d022af81f2d1aa98,TID_CHARACTER_INFO_BABY_DRAGON2,"귀엽고, 달라붙기 좋아하고, 짜증을 내며 불을 뿜어내기 일쑤입니다. 이 난동을 부리는데도 이렇게 귀엽다니..."
89883db0f1300e20,TID_PET_PHOENIX_ABILITY,불꽃 튀는 결말
9a05e77e5c440674,TID_CLANGAMES_TASK_WIN_STARS_VS_TOWNHALL_14,강력한 14레벨
576c60fa90586fd8,TID_TRAINING_INFO2,유닛을 드래그해서 훈련시키거나 순서를 바꾸세요.
a1cf96576c1b2afb,TID_FEEDBACK_INFO3,\n
4937c1b235b06291,TID_ALLIANCE_GAMES_TASKS,도전 과제:
668f8701ca42ddf5,TID_BOB_TASK_HEROES_FLUFF,마스터 장인이 용맹한 영웅을 연구하다 보면 B.O.B을 완벽한 로봇으로 만드는 데 필요한 지식을 얻게 되겠죠?
7ec11d2519e60f68,TID_WL_RESULT_DEMOTED,내 클랜 리그 하락:
385729882f45d7de,TID_CONFIRM_ALLIANCE_GAMES_DISCARD,도전 과제를 취소하면 <time> 동안\n다른 도전 과제를 시작할 수 없습니다.
184ec582891c4d04,TID_BUTTON_DISABLED_REWARD_WOULD_OVERFLOW,저장소에 공간이 부족해 <reward> 보상을 받을 수 없습니다.\n저장소에 공간을 확보하거나 다른 보상을 선택해주세요.
3880471eda3bef7d,TID_ACHIEVEMENT_SEASON_CHALLENGE_POINTS_COMPLETED,총 시즌 도전 점수: <value>
b15024b8c51308bf,TID_STREAM_EVENT_ACCEPTED,<name> 님에 의해 클랜에 가입되었습니다.
51d54a9e6303ede8,TID_BATTLEPASS_TASK_WIN_STARS_USING_HEAL_INFO,멀티플레이 전투에서\n치유 마법을 사용해\n별 <num>개 획득
1db3cca9a1ba6fa3,TID_TESLA_TOWER_INFO_SHORT,고압 전류에 주의하세요!
959418c4313f1874,TID_SELFHELP_UNAVAILABLE,현재 '도움말 및 지원'을 이용할 수 없습니다. 나중에 다시 시도해 주세요.
bf298b13a93d6306,TID_SKIN_ALREADY_OWNED,이미 해당 스킨을 보유하고 있습니다!
8260f27cb39fb961,TID_SIEGE_WORKSHOP,작업장
9cbc22ec6ed209b6,TID_MAP_LOCATION_19,장어 호수
8c8250197a370a57,TID_CHARACTER_INFO_ICEGOLEM,얼음 골렘은 성격도 차갑고 유머 감각도 썰렁하기 그지없습니다. 건드리는 모든 것에 서리가 내리고 파괴될 때는 주변을 얼립니다. 파티에서는 입만 열었다 하면 분위기가 싸해진다고 하네요. 마을 방어 시에는 빙결 효과 범위가 좁아지며 지속 시간도 짧아집니다.
f4d48b0c3aa07afd,TID_MAINTENANCE_ESTIMATED_HOUR_AND_HALF,약 1시간 30분 후 다시 시도해주세요.
a5aea5dd4bcabddf,TID_CLANGAMES_TASK_GET_KILLS_VS_ARCHERQUEEN,퀸 사냥꾼
48da34a83a3edd7f,TID_CLANGAMES_TASK_USE_HOGGLIDERS,라이딩과 글라이딩
62282e44a7ac81e9,TID_SUPER_MINION,슈퍼 미니언
fa3727a2ec7877ea,TID_POPUP_BOOST_ALL_DARK_BARRACKS,<time> 동안 암흑 병사 훈련소 <number>곳의 훈련 속도를 <multiplier>배로 가속할까요?
ae038379dd72eb53,TID_TRAINING_SCREEN_BARRACKS,훈련소
a77f0219208ac6e2,TID_CAPBUILD_BARRACKS_ARCHER_INFO,은신 아처의 훈련장입니다. 은밀하게 날아오는 날카로운 물체를 조심하세요.
4f99a670894f71eb,TID_MORE_FAMITSU,ファミ通App
acf5e40cf4ec9ed6,TID_POPUP_REMOVE_WAR_DONATION_DESCR,정말로 지원받은 병력을 전쟁 성에서 제거하시겠습니까?
4bf425140028efea,TID_CAPBUILD_AIRBOMBS_INFO,"대공 폭탄은 묵직한 대공 방어 시설입니다. 폭발하는 통을 계속 하늘로 쏘아 올려, 날아다니는 적들에게 막대한 피해를 줍니다!"
92831779297bce8f,TID_UPGRADE_INFO_SPECIAL_ABILITY_IMPROVED,<name> 능력 향상
80174c1fa87b8424,TID_CLANGAMES_TASK_DESTROY_CANNONS,대포 저격
4026cf1ed4d3de3d,TID_TRAP_MINE_INFO_SHORT,적에게 무시무시한 깜짝 선물을 선사합니다.
974a5a9f0314f6d7,TID_BATTLEPASS_TASK_INFO_WIN_BATTLES_USING_BABYDRAGONS,멀티플레이 전투에서\n베이비 드래곤을 사용해\n<num>회 승리
14b75cc1354c0fd8,TID_OUTCOME,결과:
5609200b3d684630,TID_CLANGAMES_TASK_INFO_DESTROY_BB_GOLDSTORAGE,장인 전투에서 <building> <num>개 파괴
f5020403ba54fe31,TID_BP_PERK_GEM_DONATION_COST_DESC_STARTER,모든 빠른 지원 비용이 보석 1개가 됩니다.
15569e1ccc221645,TID_FRIENDLY_DISTRICT_CHALLENGE_NO_ATTACKS_YET,아직 공격이 없습니다.
7f0750e0646a10a3,TID_PUSH_WAR_2,<data> 대항 전투일이 시작됐습니다!
f382c8059e82f5e4,TID_ALLIANCE_WAR_BEST_NO_ATTACK_FRIENDLY,클랜 최고 기록 없음
ff44d9a326d8ae42,TID_RECOVERY_BUILDING_INFO,마스터 장인의 할머니 레시피를 따라 따끈따끈하고 영양가 만점인 수프를 가마솥 가득 준비합니다. 유닛들이 다음 스테이지의 공격을 준비하러 가는 길에 한 그릇 먹으면 체력을 일부 회복합니다.
f79e7d687795fc54,TID_TUTORIAL_TRAIN_1,이제 유닛을 훈련하세요!
c9e2f3abd25e11ee,TID_DECORATION_FLOWERBOX2,해바라기 화단
d1bb8d7c62275f63,TID_MONTH_3,3월
0f1b2fdabb0a509e,TID_ALLIANCE_WAR_NO_HEROIC_VICTORY,없음
2baa4584fa2ea5d7,TID_AVATAR_MESSAGE_GEM_DONATION,보석을 지원받았습니다. 획득을 눌러 찾으세요.
099537cc32a1b761,TID_DEMOTE_TO_MEMBER_CONFIRMATION,<name> 님을 클랜원으로 강등할까요?
36ef49fc0e262d99,TID_DIAMOND_BUNDLE_MAGICITEMS_HERO_LEVEL_PACK_INFO,• 보석 <gems>개\n• <res0> 다크 엘릭서\n• 영웅의 책 x<booster1>\n• 보관량 제한이 없습니다!\n\n바바리안 킹과 아처 퀸 업그레이드에 필요한 모든 것!\n\n놓치지 마세요!
9ddd480b7c11e7c2,TID_LEAGUE_PASSED,리그 통과
884c69e7e749c64c,TID_RESOURCE_PACK_GOLD_FULL,골드 가득 충전
754fe714c00db727,TID_NPC44,싱크대
5f4c34775c51b717,TID_BOOSTER_FILL_GOLD2_STORAGE_OFFER_INFO,장인기지 골드 룬 x<num> - 장인기지의 골드 저장소를 가득 채울 수 있습니다.
bfd47ff9b12f107e,TID_CLANGAMES_TASK_DESTROY_ELIXIRSTORAGES,엘릭서 저장소 습격
444ff7dd909cf9f3,TID_CAPITAL_MAP_MODE_TEXT_VISITING_ONGOING_DEFENSE,습격전 방어 중
ffc4e1dcc88cc7b9,TID_HOUSING_INFO,유닛은 집합소로 집결합니다. 집합소를 더 건설하고 업그레이드하여 강력한 군대를 양성하세요.
0a1df6854e1dc7c8,TID_DEFEATED,승리
f00a0e5f9c29a615,TID_WARNING_BH_LEVEL_TOO_LOW_TO_COPY_LEVEL,배치를 복사하려면 장인회관이 <num>레벨이어야 합니다.
46e7fb02fc18cd57,TID_ACHIEVEMENT_SCID_BOUND_TITLE,계정을 Supercell ID에 연동해서 안전하게 지키세요!
dc9d34ba8a629604,TID_CHALLENGE_TITLE,친선 전투
8240a697e0c521d6,TID_TUTORIAL_TOWN_HALL_2,좋아요! 이제 상점에서 새 건물을 구매해 건설할 수 있습니다.
03f8a45b92015625,TID_ARRANGED_WAR_SELECT_MEMBERS_HINTS,친선전에는 전리품이나 클랜 XP가 보상으로 주어지지 않습니다
6319dd44fa6e4f61,TID_SHOP_CATEGORY_TROOPS,유닛
8c131de39c330763,TID_ANTIADDICTION_NO_REAL_NAME_VERIFIED_15MIN_WARNING,실명 인증이 완료되지 않아 중독 근절 시스템에 의해 플레이가 제한됩니다. 오늘의 일일 플레이 시간이 <MINS>분 남았습니다.
9c9eb04b990587fc,TID_LOCAL_NOTIFICATION_EVENT_SPECIAL_OFFER,"대장님, 기간 한정으로 가성비 좋은 특가 상품을 구매할 수 있습니다!"
137b19cc8ad95214,TID_REPLAY_NOT_AVAILABLE,리플레이 불가
8196700c5c1f4eab,TID_BP_REWARD_GET_GEM_ALTERNATIVE_TEXT,마법 아이템 저장 공간이 부족해 보상을 모두 획득할 수 없습니다. 남은 보상을 보석 <amount>개로 대체할까요?
6f49141f52be4d55,TID_NEWS_NEW_TROOP_TEXT,
a857b2c6bcc05e2e,TID_ALLIANCE_WAR_WIN_XP,전쟁에 승리해 <xpnum>의 클랜 XP 보너스를 받았습니다!
b8bb394b5af55d04,TID_NPC65,침착 요망
4901e754ad1d5e13,TID_FREEZE_SPELL_INFO_SHORT,방어 시설을 얼려 전투의 열기를 식히세요!
82ef933c5c82f026,TID_CLANGAMES_TASK_USE_SUPER_MINIONS,미니언 습격
8de00b7db8363ce6,TID_TESLA_TOWER_INFO,숨겨진 뇌전탑으로 치명적인 함정을 준비하세요! 마법사들이 번개 구름을 가둬둔 은밀한 포탑입니다. 적이 충분히 가까이 걸어오거나 날아오면 포탑이 튀어나와 전기 마법의 힘으로 지져버립니다!
e233c4687ca06d1f,TID_ACHIEVEMENT_GEAR_UP_ONE,마스터 장인으로 건물 하나 개조
0d1aeaf397cdf95f,TID_ACHIEVEMENT_DESTROY_WEAPONISED_BUILDERS_COMPLETED,파괴한 무기 장착 장인의 집: <value>
6bc905b095b4168a,TID_LEADERBOARDBANNER_1,1)
5168297073cb875c,TID_SHOP_CATEGORY_BUILDERS,장인
501d6dc451904466,TID_BOOSTER_USE_BUTTON,사용
ff2832b5b4d63c8a,TID_ACHIEVEMENT_WAR_STARS_COMPLETED,클랜전 전투에서 획득한 클랜 별 합계: <value>
4f90353010c521c2,TID_CHARACTER_INFO_SIEGE_MACHINE_INVISIBLE,
1d452a23fc565d5e,TID_LOCAL_NOTIFICATION_EVENT_SPECIAL_TROOP_DRAGONLIGHTNING,"대장님, 드래곤/번개 마법 이벤트 동안 보석 200개를 획득하세요!"
225767145fcfb4f6,TID_SPELL_FACTORY_VOUCHER_CLAIM_FAILED_TITLE,쿠폰 받기 실패
25b567dd9f4f35dc,TID_NPC_CHALLENGE_TH8_GOWIPE_WIZARDS2,<c54a0fe>마법사</c>를 배치해 <c9916c8>바바리안 킹</c>과 <c54a0fe>P.E.K.K.A</c>를 지원하세요.
fbeede0ebdc00e53,TID_DEVICE_LINK_ERROR_GAME_CENTER,Game Center에 로그인하지 않았습니다.
433080aefebbdc7a,TID_EVENT_TITLE_6TH_ANNIVERSARY_PACK,6주년 기념일 팩
36d94492a33c8485,TID_ERROR_POP_UP_CONNECTION_FAILED,서버에 연결할 수 없습니다. 인터넷 연결 상태를 확인하고 다시 시도해주세요.
d71bcbe85f2cff99,TID_NEXT,다음
148754bbc762c8d5,TID_LEAGUE_CHAMPION1_SHORT,챔피언 I
e896e67994902445,TID_MOVE_MASTER_BUILDER_CONFIRMATION,당분간 마스터 장인을 마을로 보낼까요?
6b5e100274effac8,TID_MORE_CLASH_COM,ClashofClans.com에서 클오클 세상을 살펴보세요.
3071787ab135b6f0,TID_BATTLEPASS_TASK_INFO_USE_SIEGEZEPPELINS,멀티플레이 전투에서\n전투 비행선을 사용해\n별 <num>개 획득
c3fbbc7908aed611,TID_CLOCK_TOWER_INFO,"시계탑은 마을의 시간을 빨리 가게 해줍니다! 자원 회수, 연구, 건설 속도가 빨라집니다."
2e80690bca9510f9,TID_INVITE_FRIEND_CONFIRMATION_TITLE,친구 추가
126f90f3a906d79b,TID_GINGERBREAD_KING,진저브레드 킹
c12cc4ab56f2d6f1,TID_SELECT_TROOP_OR_SPELL,배치할 유닛 또는 마법을 선택하세요!
6e7540591570f2fd,TID_BP_SCENERY_UNLOCKED,<scenery> 잠금 해제!
43f9fc4640a650f2,TID_SETTINGS_API_TOKEN_HEADER,API 토큰
d771b9d1ceedce09,TID_WL_FAILED_TO_EDIT_ROSTER,클랜전 참가자 목록 변경 사항을 저장하지 못했습니다.
7191985f17de3093,TID_GOLD_PASS_MAGIC_ITEMS_DETAILS,마법 아이템은 굉장하죠. 더 굉장한 게 뭔지 아시나요? 더 많은 마법 아이템이요!\n\n골드 패스로 마법 아이템을 잔뜩 획득하세요! 보상 트랙에서 획득할 수 있는 마법 아이템을 자세히 알아보세요!
5bcacd32092cc552,TID_CAPBUILD_CANNON_INFO,"발사 속도는 느릴지 몰라도 엄청난 충격력을 자랑합니다. 또 다른 단점이 있다면, 공중의 적을 공격할 만큼 충분히 위쪽으로 조준하기 어렵다는 점입니다."
d3a8ad41082c2703,TID_KUNLUN_APP_STORE_360,360
0be4e387b49588dd,TID_WIZARD2,얼음 마법사
89b0b2a293479fa0,TID_YOU_GOT_REWARD,획득:
a0170fb786fc130f,TID_LEAGUE_TITLE2,각 리그 시즌은 한 달간 지속됩니다. 시즌 초반에 플레이어의 마을을 공격해서 새로운 리그 및 전리품 보너스를 확인할 수 있습니다.
352912badba62c80,TID_CHARACTER_BABY_DRAGON_ACTIVE_INFO,활성화되면 부채꼴로 퍼지는 불꽃 재채기를 내뿜어 <num>의 피해를 줍니다.
04e45444081319ad,TID_LOOT_GAINED,약탈한 전리품:
83ba63b7c39fbdb1,TID_DECO_RUIN_DESC,장식 세트입니다.\n\n이리저리 옮기거나 보관하려면 <level>레벨 <building>에서 다시 만드세요.
59a96b5f6e2d7457,TID_LINK_CODE_WARNING_TEXT,경고: 누구에게도 이 코드를 알려주지 마세요! 개인용입니다. 영구적으로 연동된다는 점을 명심하세요.
f2b300042062f4fc,TID_EVENT_TITLE_REGULAR_THEMED_PREPARE_TH0212,전투 준비 태세
6f5d512b372c8e82,TID_SHARE_DUEL_TEXT,장인 전투 리플레이를 클랜에 공유하시겠습니까?
3ed3b9ce310f94fb,TID_MULTIDEVICE_INFO,"Supercell ID 계정으로 로그인해서 게임 진행 데이터를 안전하게 지키고, 여러 기기에서 플레이하세요!"
ddcd503f52c3bf44,TID_BATTLE_PASS_PIGGY_BANK_TITLE,시즌 금고
95afac2a19f71ede,TID_STARTER_TH5_DESTROYANY,다 부술 거야
a17e75def9364651,TID_WAR_STATS_HEADER_FEATURED_BATTLES,특별 전투
81b82dbf4de15562,TID_ALL_TROOPS_USED,유닛을 모두 배치했습니다.
948e7c63b203e99b,TID_BUILDING_CLASS_WALL,장벽
aec0adb178a20e70,TID_SETTINGS_HIGH_FRAME_RATE_INFO,"이 옵션을 \q켜면\q, 게임이 <max>FPS로 실행되며 더 많은 전력을 소모합니다. 이 옵션을 \q끄면\q, 게임이 60FPS로 실행되며 전력 소모가 낮아집니다."
254004ae01b72c6e,TID_DIAMOND_BUNDLE_BUILD_PACK,건설 팩
0c4d3d961f27656d,TID_PERSONAL_WAR_PREFERENCE_DESCR,클랜 대표가 알 수 있도록 클랜전 참가 선호 여부를 설정하세요.
7c0c282a08a3fe66,TID_KUNLUN_APP_STORE_UC,UC
af60375e064bdbba,TID_BOB_HUT,B.O.B의 집
8ff3c0f62b02ba02,TID_PTE_PERK_BUILDING_BOOST,장인 부스트
6aa6c2ac2ee50e70,TID_RESEARCHER_MENU_EXTRA_SUGGESTION,다른 업그레이드:
7aca77014780a5df,TID_CAPITAL_RAID_WEEKEND_ENDSOON_NOTIFICATION,주말 습격전이 곧 종료됩니다! 공격을 마무리하세요!
8fad64f93c6b1abb,TID_BATTLEPASS_TASK_DEPLOY_SIEGE_MACHINES,시즈 배치 완료
36a88fd6d701fbe0,TID_CLANGAMES_TASK_INFO_DESTROY_BB_HEALINGHUT,장인 전투에서 <building> <num>개 파괴
5ac3ce9dd106007d,TID_CHARACTER_INFO_SUPER_BARBARIANS,긴급 상황이 발생하면 언제든지 슈퍼 바바리안 무리에게 의지할 수 있습니다. 그들은 배치된 직후에 가장 강하지만 상황이 진정된 후에도 뛰어난 직업 의식을 유지합니다.
39e4fc7f018a2222,TID_WITCH_GOLEM_ABILITY_NAME,무덤에서 생긴 일
a57e11a734af9d49,TID_TUTORIAL_GOLD_EARNING_GETTING_STARS,"대장님, 훌륭한 공격이었습니다! 승리해 별을 얻는 것은 중요하죠."
e67e21b61e78d826,TID_BUTTON_DISABLED_PICK_ALL_REWARDS,잠금 해제된 보상 티어에서 보상을 하나씩 선택하세요.
7e49d967428df2a1,TID_CHAT_RULES_WARNING,부적절한 행동을 하면 계정이 차단될 수 있습니다!
f2386f30e7826f91,TID_CAPBUILD_BARRACKS_MEGAAIR,하늘의 요새 건조장
7bbe28968d350e9b,TID_CLANGAMES_TASK_INFO_DESTROY_LABORATORIES,멀티플레이 전투에서\n<building> <num>개 파괴
9fe99ace45beaa8b,TID_BOOSTER_BOOST_RESOURCES,자원 포션
9a723b1412c26ba5,TID_CHAT_UNAVAILABLE,채팅 사용 불가 기간: <time>.
3a8c94225910f8e9,TID_POPUP_CANCEL_UPGRADE_TITLE,업그레이드 중단
ef91add5650abe37,TID_PRIZE_SHOP_ITEM_PURCHASED_INVENTORY,내 인벤토리에 <item> 추가
fc64f1c5bf7139a9,TID_LEAGUE_EXACT_SIZE,클랜전에 참가자 <num>명을 선택하세요.
00ecc279492f9a71,TID_LOCAL_NOTIFICATION_EVENT_MAGICITEM_PACK,"대장님, 마법 아이템 특가 상품을 지금 확인하세요!"
da250e2c30131b73,TID_BP_PERK_SAVINGS_MULTIPLIER_BB,장인기지 금고 배수
a164ee99903395ee,TID_UPGRADING_WEAPON_FIRST,먼저 무기를 업그레이드해야 합니다.
fd1a223a8aaa6fab,TID_RAID_RESULTS_NO_ATTACK_FROM_ALLIANCE,클랜이 지난 주말 습격전에서 공격을 수행하지 않았습니다.
eb091316728fd16f,TID_BUTTON_GEAR_UP,개조
3abed81b0d9b721a,TID_WAR_SIZE,전쟁 규모: <num> vs <num>
d84d6f480aee9085,TID_CLAN_CAPITAL_TROPHIES,캐피탈 트로피:
24fdffa91219e590,TID_TUTORIAL_DEFEND_1b,낄낄낄! 이거 뭐야? 작은 인간 또 왔다!
9b7c235cbc7dcf53,TID_CLANGAMES_TASK_INFO_WIN_STARS_VS_TOWNHALL_14,멀티플레이 전투에서\n마을회관 14레벨을 상대로\n별 <num>개 획득
14fd7313489e2088,TID_STREAM_EVENT_STARTED_WAR,클랜전 검색 시작
31f6e96f1b3a9aa5,TID_CLANGAMES_TASK_INFO_USE_BABYDRAGONS2,장인 전투에서 베이비 드래곤 <num2>마리를 사용해 별 <num>개 획득
76f8f9577de4b6bf,TID_SPELL_FACTORY_VOUCHER_CLAIM_FAILED_INVALID_CODE,쿠폰 코드에 오류가 있습니다. 코드가 올바른지 확인하고 다시 시도해주세요.
e20f9b4631ba00df,TID_UI_TOP_VIEWERS_TITLE,관전자:
596b5713d2a42c2a,TID_BATTLEPASS_TASK_WIN_BATTLES_USING_MINIONS,작아도 아프다
f747cd0453608162,TID_WL_WAR_INDICATOR_SHORT,전쟁: <x>/<y>회
2dc0e665cdb1b66d,TID_BATTLE_PASS_UNCLAIMED_REWARDS,미획득 보상
5aa905a6dcfc40ea,TID_ASK_LEADERSHIP_START_RAID,대표나 공동 대표 또는 장로에게 주말 습격전 참여를 요청하세요.
228c54a787815b04,TID_STAR_BONUS_HELP_TITLE,별 보너스
b3c3421ad3b0c219,TID_BOOST_ALL_ELIXIR,모든 엘릭서 정제소
16cd413e90a181be,TID_TRAINING_INFO,유닛 아이콘을 길게 누르면 여러 유닛을 훈련할 수 있습니다.
e64b1b1974a44b77,TID_CHANGE_TROOPS,부대 변경
3e0a6759f15b2729,TID_BUILDING_CUSTOMIZE_SCREEN_TITLE,<name> 꾸미기
21a6b99f89123ebb,TID_LABORATORY_UPGRADING,업그레이드 중:
1ee1c4c85c08cebf,TID_SOUR_ELIXIR_LOOTED,오싹한 엘릭서:
af239b9c2d3bf71a,TID_CLAN_TAG_HUNGRY_LEARNER,열렬한 학습자
3a6eb8c1b22a127b,TID_TROOP_SELF_DONATE_NO_REINFORCEMENTS,추가할 지원군을 선택하세요.
cf322aac578f385a,TID_MAP_LOCATION_25,비 오는 평원
209263a7f41f35a6,TID_SHARE_DIALOG_TITLE,공유
91c327aca3b3f645,TID_CHARACTER_INFO_BALLOON_SHORT,공중에서 방어 시설을 폭파하는 여리여리한 친구입니다.
9ef82281e780c7dd,TID_HINT_TRAPS_TARGET,함정은 적 유닛이 충분히 가까이 접근할 때까지 보이지 않습니다.
f46bedab4659bc02,TID_BATTLEPASS_TASK_DEPLOY_TROOPS,돌격!
45f60f14bf73d2b3,TID_ADD_FRIEND_ERROR_TOO_MANY_REQUESTS_OTHER,친구가 너무 많은 요청을 받았습니다. 나중에 다시 시도해 주세요.
469d99c9b51ddce4,TID_TESLA_TOWER2_INFO_SHORT,말 그대로 쇼킹한 힘을 가지고 있습니다.
03c7b685b86f26eb,TID_CHARACTER_GIANT_ACTIVE,복서의 가드
5408def0e8f416a6,TID_RES_PACK,자원 팩
7fbd77fb43c4ba1a,TID_TENCENT_GUEST_LOGIN_WARNING_TITLE,게스트 로그인
fcb4d8c529f9f291,TID_NPC_CHALLENGE_TH9_LAVALOON_HOUNDS,"<c54a0fe>라바 하운드</c>를 배치해 <c3e8cb8>해골 비행선</c>을 보호하고, 마을에 설치된 함정들을 발동시키세요."
a70e38d76f961a13,TID_TUTORIAL_CLASHOWEEN_EVENT_C2,"짜잔, 오싹한 엘릭서입니다! 보기만 해도 소름이 돋네요!"
84a793abaff1e503,TID_POPUP_BOOSTER_FILL_STORAGE,<booster>을 사용해\n<num> <res>를 추가할까요?
4aa48094f9899f5a,TID_RESERARCH2_SWIPE,좌우로 밀어서 업그레이드 더 보기
d1c468d49e73f58a,TID_SUMMER_WARDEN,서머 워든
47c77a6c48e587af,TID_WL_LEADERBOARD_BRACKET_POS1,조 우승팀
17a88f19a866c724,TID_EDIT_MODE_PHOTO_MODE,사진 모드
aa57ea18a51a59f5,TID_REENGAGEMENT_BP_1,쉿! 이건 비밀인데요. 시즌을 마무리하실 수 있도록 포인트를 조금 드릴게요.
bad09da7c96c3e10,TID_SUPPORT_TEXTBOX_PROMPT,크리에이터 코드 입력
5e68ef7bda431f25,TID_PET_RANGEDATTACKER,일렉트로 아울
f7e8584487446fcc,TID_TUTORIAL_CAPITAL_ARMY_3,군대는 항상 여기에서 싸울 준비가 되어 있으니 무엇을 사용할 지 결정하기만 하면 됩니다.
01dbabd1cc8a6277,TID_TUTORIAL_GOLD_STORAGE_1,골드를 안전하게 보관할 장소도 필요해요.
18003d184ce6221b,TID_SUPER_TROOPS_UNLOCK,마을회관 <num>레벨부터 슈퍼 유닛 이용 가능
f7344d8dc53aab80,TID_WAR_DATA_ERROR_INVALID_WAR,전쟁 세부 정보를 찾을 수 없습니다.
a8878d4992b044df,TID_WORLD_FINALS_23_STATUE,월드 파이널 23 조각상
1f312275b80a6208,TID_ATTACK_COOLDOWN_AFTER_MAINTENANCE,잠시 동안 다른 플레이어를 공격할 수 없습니다!
50d0e75eb5bc1c59,TID_ENDOFSEP_OFFER_INFO_TH0712_1999,• 건물의 책 x<booster1> - 건물 업그레이드가 즉시 완료됩니다.\n• <res0> 골드\n• <res1> 엘릭서\n\n• 보관량 제한이 없습니다!\n• 해당 특가 상품은 표시된 기간 내에 3회 구매할 수 있습니다.\n\n가을 전투를 준비하세요!
b1bc0c573f006dfa,TID_DIAMOND_BUNDLE_TH12,마을회관 12 팩
aa3afc1f2683b70e,TID_LEAGUE_GOLD,골드
d2b3b33274bd46e9,TID_ROYAL_GHOST_ABILITY_NAME,으스스
3a87939256593b3c,TID_STREAM_EVENT_WAR_NO_MATCH_FOUND,클랜전 상대를 찾지 못했습니다. 전쟁 시작을 다시 시도해 보세요.
e25b387d4e297a29,TID_TENCENT_BOUND_TO_OTHER_ACCOUNT,<number>레벨 마을회관을 보유한 <name> 님의 마을을 불러올까요?
6e35a6b6ca4fabd8,TID_EVENT_TITLE_CHINESENEWYEAR,설날 맞이 특가 상품
2ffaddb14d9e69cb,TID_CANNON_ABILITY_HELP,"카트가 파괴된 후, 대포는 <num2>만큼의 임시 HP를 가지고 공격을 계속합니다."
49bb691c3027bd38,TID_LAYOUTS_ALREADY_DEFENSIVE,배치가 이미 방어 상태로 설정되었습니다.
80fe0907b365bac6,TID_DIAMOND_BUNDLE_MAGICITEMS_EVERYTHING_BOOK_WITH_RESOURCES_INFO,• 궁극의 책 x<booster1>\n• <res0> 골드\n• <res1> 엘릭서\n• <res2> 다크 엘릭서\n• 보관량 제한이 없습니다!\n\n'궁극의 책'으로 어떤 업그레이드든 즉시 완료!\n\n놓치지 마세요!
30aeae60fbf97291,TID_STREAM_SHARED_LAYOUT_WAR,마을회관 <num>레벨 전쟁 기지 배치를 공유했습니다.
6bd624ab754b106e,TID_BATTLEPASS_TASK_WIN_STARS_USING_INVISIBILITY_INFO,멀티플레이 전투에서\n투명 마법을 사용해\n별 <num>개 획득
2be46a5a739de757,TID_ACHIEVEMENT_SEASON_CHALLENGE_POINTS_TITLE,보람찬 시즌
e2014841737644f6,TID_TUTORIAL_BATTLE_BUILDERS_1,"대장, 장인도 전투에 도움을 주고 싶다고 합니다."
07fec3f55c322d03,TID_DIAMOND_BUNDLE_BUILDER_BASE_RESEARCH_PACK,장인기지 연구 팩
f4a10b5359ea95cb,TID_DOUBLE_CANNON_INFO,두 배의 공격을 퍼붓는 대포입니다. 상대에게 안기는 곤란함도 두 배죠!
78cd5a7700a53d96,TID_CANCEL_FRIENDLY_WAR_TEXT,친선전 도전을 정말로 거절하시겠습니까? 이 클랜에서 보낸 새 도전이 당분간 차단됩니다.
a3dc22da8e9a8adf,TID_EQUIP_TITLE_GEAR1,장비
bdbf9bd5ca44f4b1,TID_YES,예
65296be7fbb5bbc9,TID_SHUTDOWN_STARTED,5분 후에 게임이 종료되고 일시 점검이 시작됩니다. 점검 중에는 공격할 수 없습니다.
f275d0813dc9f85d,TID_GRASS,기다란 풀
717a97bd6a951423,TID_USE_TROOP_EVENT_ACHIEVEMENT_DESC_PLURAL,이벤트 도전: 멀티플레이 전투에서 승리!\n<cffec78>• 필수 사용: <unit> x <usecount></c>
e9c80e201d2b3a18,TID_OFFER_SEASON_CHALLENGES_TEXT_4,더 커진 시즌 금고!
cab3b9fab7841be7,TID_WL_STATS_SELECT_WL,클랜전 리그
8cd1390535f071bc,TID_RAID_LOG,습격전 기록
6157f6cb0993f18b,TID_NPC_CHALLENGE_TH9_LAVALOON_HASTE1,<cf07bf8>신속 마법</c>을 사용해 속도가 느린 공중 유닛이 <cf70d16>바람 방출기</c>에 더 빨리 도달하게 하세요.
dece97dd6548afb3,TID_GINGERBREAD_QUEEN,진저브레드 퀸
12b37eec5252be92,TID_WAR_STREAM_ENTRY_TIME,<time> 남음
d135a9e188959f20,TID_NEWS_JUNE_V1_BALANCING_TEXT,"• 대포, 아처 타워, 인페르노 타워 업그레이드\n• P.E.K.K.A, 치유사, 마법사, 광부, 해골 돌격병 레벨 업\n• 할인, 밸런스 조정, 마을회관 10레벨의 신규 레벨"
7aac0725ea332f74,TID_HINT_SHIELD_GAIN,공격자가 마을을 일정량 이상 파괴하면 보호막이 무료로 제공됩니다.
737aa1e79ee97ca0,TID_MAP_LOCATION_5,빙결의 호수
ef954d22e9b61a27,TID_SUPPORT_CREATOR_INVALID_CODE,잘못된 크리에이터 코드입니다. 확인 후 다시 입력하세요.
6d9fef7cd2e8b681,TID_LOCAL_NOTIFICATION_EVENT_SPECIAL_TRAP,"대장님, 기간 한정으로 특별 함정을 사용할 수 있습니다!"
67cee4d623b29939,TID_MAINTENANCE_UPDATE_TITLE,업데이트 예정!
85d71814024b58c1,TID_CLAN_TAG_TEACHER,선생님
46ad2755a605651e,TID_WORKER_BUILDING,장인의 집
2ef6fa58cfb686b5,TID_MOVE_MASTER_BUILDER_ERROR_VILLAGE_HV,마스터 장인은 현재 장인기지에 있습니다.
7539b109a2b72313,TID_PLAYER_HOUSE_INFO,마을과 멀리 떨어진 클랜원의 또 다른 집입니다. 평화로운 경치도 구경하고 치열한 습격전을 위해 편히 쉴 수도 있습니다!
92780bdf2e05b4db,TID_NPC_CHALLENGE_TH9_LAVALOON_ARCHER_QUEEN,"<c9916c8>아처 퀸</c>을 배치해 <cf70d16>마법사 타워</c>, <cf70d16>대공포</c>, <cf70d16>아처 타워</c>를 제거하세요."
978085ffcd71e981,TID_FILL_ARMY_CAMPS,군대 선택
09fddc757090b245,TID_JOIN_NEW_CLAN_WHILE_IN_CLAN_TEXT,새로운 클랜에 가입하면 현재 소속된 클랜을 탈퇴하게 됩니다. 계속 진행할까요?
00dfd0eb62cbb07e,TID_HINT_ROYAL_CHAMPION,로얄 챔피언은 장벽을 뛰어넘어 적 방어 시설에 돌격할 수 있습니다!
dab43975716b1692,TID_RECOVERY_BUILDING,치유의 오두막
f935131e983f7a74,TID_ACHIEVEMENT_LOOT_GOLD,<number> 골드 약탈
1b557d24a48c10f2,TID_GARG2_ABILITY_NAME,파워 샷
0e36a91086c241ba,TID_BB_STAR_BONUS_COOLDOWN,별 보너스 대기 시간: <time>
4ac77974e0c381ee,TID_TASK_INFO_GET_STAR_BONUS,마을에서 일일 별 보너스를 완료하세요!
e7b9f7d97ef765df,TID_CANT_START_PVP_VILLAGE_EDIT_OPEN,마을 배치 모드를 먼저 닫으세요.
9731656548bda43d,TID_REQUIRED_HQ_LEVEL,<number>레벨 캐피탈회관 필요
ee5f5a88060f0aef,TID_BATTLEPASS_TASK_INFO_DESTROY_ARMYCAMPS,멀티플레이 전투에서\n집합소 <num>개 파괴
8406933f8feb491c,TID_CHARACTER_INFO_SNEAKY_ARCHER_SHORT,원거리 방어 유닛보다 나은 게 뭘까요? 바로 투명인간 원거리 방어 유닛이죠.
767028ea1e89450f,TID_HOG_WIZARD_ABILITY_HELP,불같은 성질로 근처에 있는 적에게 피해를 줍니다!
1cf2ffdff8df0f8c,TID_CLANGAMES_TASK_WIN_STARS_USING_POISON_INFO,멀티플레이 전투에서\n독 마법을 <num2>번 사용해\n<num>회 승리
0297d05a3f19620b,TID_SECOND_STAGE_FEATURE,더 깊게
95bc9c567da0a5f4,TID_POINTS_BB,장인기지
3d24928f850446fd,TID_TUTORIAL_STARTER_CHALLENGE_5,보상을 획득해 마을을 더 강하게 성장시키세요!
ccf1829390e74be2,TID_NEWS_UPDATE_DARK_SPELLS_TEXT,
a8e1e6dd315e3794,TID_CHARACTER_INFO_PEKKA_SHORT,강력하고 치명적인 검으로 무장했습니다.
59a2b9396ae6721b,TID_DEVICE_LINK_ERROR_CODE_ERROR_0,오류가 발생했습니다. 다시 시도해주세요!
e8decf248af4aa14,TID_PET_ALREADY_AT_MAX_LEVEL,이미 최고 레벨인 펫입니다!
26c00248f78442a9,TID_PET_ABILITY_BULLDOZER,장벽 해체가
4452f88e6a12f2bc,TID_CLAN_CAPITAL_LEAGUE,캐피탈 리그
6600d05c51058fdf,TID_LEAGUE_BRONZE3,브론즈 리그 III
23a79925f70fc976,TID_POPUP_UPGRADE_WALL_SECTION_TEXT,선택한 장벽을 <resource> <number>개로 업그레이드하시겠습니까?
1b49d32adf678e3e,TID_TOWN_HALL_12_INFO_SHORT,말 그대로 쇼킹한 마을회관입니다!
e005cc16b877b124,TID_CAPITAL_PLAYGROUND_SUPER_WIZARDS_2,<c54a0fe>슈퍼 마법사</c>는 <c54a0fe>은신 아처</c>보다 사정거리가 약간 짧습니다.
29a4050aef9ddd7a,TID_EVENT_TITLE_END_OF_SUMMER_OFFER_TH0712,다크 파워 팩
5a6d1a31852945e6,TID_NUMBER_SEVEN,7
4bca4e8f2928890e,TID_ACHIEVEMENT_WAR_LOOT,금고에서 <number> 골드 회수
65f8499f66ad7c63,TID_BUILDING_SPELL_TOWER,마법 타워
b7a89d5a3750ce69,TID_HINT_SHIELD2,"보호막이 적용되면 모든 공격으로부터 보호되지만, 다른 마을을 공격하면 지속 시간이 짧아집니다."
bb5fa1089a278692,TID_RAID_RESULTS_FROM_DIFFERENT_ALLIANCE,이 클랜에서는 지난 주말 습격전에서 공격을 수행하지 않았습니다.
64713c12f455b513,TID_LAYOUTS_USE_BUTTON,활성 상태로 설정
0fbbb882ac6d3fd6,TID_LIVE_REPLAY,실시간 리플레이
1f8ba5602466250e,TID_FAQ_BUTTON_TENCENT,제3자 정보 공유 목록
016f06a0d1bfa277,TID_BOOSTER_FILL_ELIXIR_STORAGE_ALT_2_LINE,엘릭서 룬
faf26415efa30c88,TID_OFFER_ITEM_GIFTS,<c80d8e8>클랜 선물:</c>
a2e06290d663a5d2,TID_BATTLEPASS_TASK_WIN_BATTLES_USING_JUMP_INFO,멀티플레이 전투에서\n이동 마법을 사용해\n<num>회 승리
54b219ad99409d3b,TID_CHAMP_WARDEN,챔피언 워든
abeeacb0784ee852,TID_OFFER_TITLE_GENERIC,특별 상품
489ad386672e1656,TID_BATTLE_LOG_COL_3,결과:
f0a61d85e8079a49,TID_PAINTER_QUEEN,페인트공 퀸
31e2f1540e303d5f,TID_LEAGUE_STEEL1,스틸 리그 I
79ed2ed66a10214e,TID_LAYOUTS_COPY_EXPLANATION,마을 또는 전쟁 슬롯을 선택하여 원하는 배치를 복사하세요.
21e3dff4524edaec,TID_ALLIANCE_GAMES_COMPLETED_TASK,종료
85d67201c75d44fc,TID_PARTY_WARDEN,파티 워든
016e7322e747ac95,TID_LEAGUE_KING,리그 킹
e72cf79e57a0e8b3,TID_HINT_CLAN_WAR_LEAGUES_1,클랜전을 본격적으로 즐기고 싶으신가요? 클랜전 리그에 등록해 클랜의 진정한 실력을 알아보세요!
45ba3d94e5e6e748,TID_NPC_CHALLENGE_TH11_EDRAG_DEPLOY_BLIMP,<c54a0fe>전투 비행선</c>을 활용해 클랜 성 병력을 배치하세요.
571834518880360a,TID_WAR_DONATE_DONE,이미 이 플레이어에게 최대한의 병력을 지원했습니다!
0de629a6797f194d,TID_OPEN_GAMECENTER_BUTTON,Game Center 실행
0acb1ad233a4e219,TID_NPC79,집중 표적
0b059b34d405da05,TID_REQUIRED_TOWN_HALL_LEVEL,<number>레벨 마을회관 필요
6a620cffe63aaf35,TID_CAPBUILD_BARRACKS_HOG_RIDER_INFO,안에서 고함소리가 끊임없이 울려 퍼집니다. 라이더와 글라이더가 서로 만나서 기쁜가 봅니다.
ee8bc21b13070570,TID_STATUE_LNY_2023,마술쇼 조각상
4bd8a57fea400485,TID_TUTORIAL_WAR_MAP_ENEMY_2,이곳은 공격 제한 지역입니다. 전체 클랜이 나서서 싸워야 합니다.
7c81750318c1cd51,TID_ALLIANCE_WAR_ENDED,전쟁 종료
8c78465b6a5e27cc,TID_CHALLENGE_BUTTON,도전
10f2447331544142,TID_CHARACTER_HOGLESS_RIDER_INFO,호그 없는 라이더도 만만치 않습니다. 망치로 주변의 적들을 공격합니다.
dcbbfb4d1d7f27e4,TID_HINT_SPELL_POISON_CLOUD2,독 마법의 범위 안에 있는 아군은 클랜 성의 적군을 대상으로 더 효과적인 전투를 벌입니다.
e31ff890276ccd0c,TID_NEWS_ECONOMY_TEXT3,\n• 일부 유닛의 훈련 비용이 감소했습니다.\n• 일부 마법의 제작 비용이 감소했습니다.\n• 일부 유닛과 마법의 제작/훈련 비용이 감소했습니다.
77e5b66015891bc1,TID_CNY_CLAN_GAMES_HEADER,설날 클랜 게임
31b71ce2743b1ef4,TID_CHARACTER_INFO_DARK_WITCH,날짐승들을 마구 소환합니다. 언니와는 달리 풀도 멀쩡하게 남겨둡니다.
3f77bdd90add8c75,TID_CLAN_GAMES_THEME_SPRING,춘계\n클랜 게임
ea7c129a0d64d74a,TID_YOU_HAVE_BEEN_ATTACKED,대장! 마을이 공격을 당했어요!
7ff6108b042bad94,TID_ELIXIR_STORAGE_INFO,땅속에서 추출한 엘릭서를 보관하는 저장소입니다. 업그레이드하면 최대 저장 용량이 증가합니다.
14ad4b5909fafbd0,TID_TRAP_HALLOWEEN_SKEL,해골 함정
06e62ca6956f38f6,TID_BOOSTER_FINISH_ANY_UPGRADE,궁극의 책
1e7b0dd3524707af,TID_MEMBERS_SORTED_ALPHABETICALLY,알파벳
f1607b8cf7391256,TID_DECORATION_TORCH,횃불
f4353bed03fe263f,TID_FRIENDLY_WARS,친선전 활성화
e1445f3b3eb9aac9,TID_TUTORIAL_WORKER_1,지금까지 아주 잘하셨어요! 이제 마을을 전투에 맞게 만들어볼까요?
217b0fa3460c7fbc,TID_WL_INFO_LIVE_TAB1_HEADER,점수 및 순위
f05acc65ce3b8621,TID_ACHIEVEMENT_DRAGON_SLAYER_TITLE,드래곤 슬레이어
6e1c84d2b6eae1e6,TID_STREAM_EVENT_JOINED_AND_LEFT,클랜을 가입하고 탈퇴했습니다.
b7225ac7e5e67b87,TID_SETTINGS_NOTIFICATIONS,알림 설정
eee18c98933f5b5e,TID_KICK_OUT_FROM_ALLIANCE,추방
deafd1cc991a07b5,TID_TUTORIAL_WORKER_MENU4,"대장님, 여기 할 일이 많은 것 같네요.\n우리 마을도 잊지 말고 살펴주세요!"
d9bead0fe8cb8316,TID_CLAN_GAMES_LEADERBOARD,클랜 결과:
b1f3bfbc617aab5c,TID_BOB_TASK_DEFENCE_FLUFF,방어 시설을 업그레이드해 견고하게 만들어야만 마스터 장인이 견고한 장인을 만드는 법을 배웁니다.
6242109d1ea6900e,TID_LIFE_STEAL,타격당 치유량: <number>
8464ee82c613af13,TID_PIXEL_CHAMPION,픽셀 챔피언
a2eed9291f3fb4e2,TID_LANGUAGE_LOCALIZED_NAME,한국어
56ac0a6120bfa228,TID_TUTORIAL_VILLAGERS_MOVE_OUT,휴! 오늘 밤은 여기서 묵는 게 좋을 것 같아요. 마치 집처럼 편안한 곳이네요!
2361ef78600af605,TID_CHARACTER_INFO_RIDER_SHORT,장벽을 넘어다니며 망치로 방어 시설을 부숩니다.
9af965ba314a45de,TID_DECO_LAKE_5,작은 연못
8d3a9595e7318515,TID_BUTTON_REJECT,거절
4a5fbf91e601c1ac,TID_CAPBUILD_BARRACKS_ARCHER,은신 아처 훈련소
052b5ba253905882,TID_BUTTON_ATTACK_MODE_MULTIPLE,멀티
eda0cdd49e0e562e,TID_NPC70,무대의 장
fcb2d3797873067e,TID_BATTLE_TIME_TITLE,남은 시간:
4dcb4aa5395c2ec3,TID_ICE_QUEEN,아이스 퀸
c09ab0dc202c261b,TID_LEAGUE_SILVER3,실버 리그 III
8e8fb7fa7e850047,TID_MEDAL_EVENT_INFO_TRACK_ENDED,"<soft_currency>은 사라졌지만, 보상을 수령하고 거래상에게 <hard_currency>를 사용할 시간은 아직 남아 있습니다!"
4b36d8e1dc483a59,TID_CAPITAL_RAID_DEFENSIVE_REWARD,방어 보상: <number>
dce6da0e20125bbc,TID_ALLIANCE_DONATE_BUTTON_QUICK,빠른 지원
d1dceb6ee6eea4fe,TID_PRIZE_SHOP_ITEM_PURCHASED_RESOURCE,<count> <resource> 추가
ad81115ae967b7ae,TID_ALLIANCE_BUTTON_SEARCH,검색
8a7f3b7840a50820,TID_CANNOT_ADD_MEMBER_TO_WAR_COOLDOWN,이 플레이어는 아직 전쟁에 참가할 수 없습니다.
3c503d7295cb8f25,TID_RAGE_TOWER_SHORT,분노 마법
c1adf20f4b94747b,TID_UPGRADE_TIME,업그레이드 시간
7c75ca5903da22ab,TID_ALLIANCE_WAR_STARTWAR_INFO_CLANMEMBER,"영광을 위해 클랜전에 참여하고, 전리품과 클랜 XP를 획득하세요!\n\n\n출격 준비가 되었습니까? 클랜 대표에게 전쟁 시작을 요청하세요."
9ad81c7361dd12b6,TID_KUNLUN_APP_STORE_BAIDU,Baidu
eea7a370a469b597,TID_BB_START_ATTACK_ALL_BUILDINGS_READY,모든 방어 준비 완료
1826dab11b348e99,TID_CLANGAMES_TASK_INFO_USE_BETAMINIONS,장인 전투에서 베타 미니언 <num2>마리를 사용해 별 <num>개 획득
3975f983c76211e4,TID_BUTTON_SPEED_UP_REQUEST_TROOPS,즉시 요청!
def3afa0e7b76cbf,TID_ARCHER_QUEEN_GLADIATOR,검투사 퀸
8a2d57612506353f,TID_CLANGAMES_TASK_INFO_DESTROY_EAGLEARTILLERY,멀티플레이 전투에서\n<building> <num>개 파괴
bd21c5c71a56612f,TID_HINT_PEKKA_TRAP,P.E.K.K.A의 갑옷은 너무나 무거워서 점핑 트랩도 그녀를 들어 올리지 못합니다.
28e2783c3fbf8043,TID_FRIENDLY_CHALLENGE_SET_CASTLE_TROOPS_TEXT,이 클랜 성 병력을 친선 전투 방어에 사용할까요?
7d4863b5f39da378,TID_TUTORIAL_CANNON_5,보석을 사용해 시간을 단축하세요!
f25efc1b53b13d82,TID_MEGA_TESLA_INFO_SHORT,'메가'는 메가 볼트를 뜻합니다.
ba0772f4064a522f,TID_ARTO_UNLOCKED,B.O.B 완성!
c3d6ca870554703b,TID_LEADERBOARDBANNER_CLANTOURNAMENTS,클랜 토너먼트
2986e6dd4f79299f,TID_ME_BONUS_POINTS_TITLE,<soft_currency>
8cea8c8f176ef5f1,TID_TENCENT_AUTH_EXPIRED,인증이 만료되었습니다. 다시 로그인해 주세요.
e5a89f1b5733b004,TID_HERO_ABILITY_ROYAL_CHAMPION_DESC,로얄 챔피언이 가장 가까이 있는 방어 시설에 방패를 던져 확실하고 분명하게 흠집을 남깁니다. 적중한 방패는 근처 방어 시설로 튕겨 추가 피해를 줍니다.
eaba8f30cb7dca56,TID_CLANGAMES_TASK_INFO_WIN_STARS_VS_TOWNHALL_13,멀티플레이 전투에서\n마을회관 13레벨을 상대로\n별 <num>개 획득
755c82bae9473d5f,TID_STARTER_TH2_INFO_LOOTGOLD,싱글플레이 또는 멀티플레이 전투에서\n<num> 골드 약탈
96008e1d6d01bc0f,TID_ACCOUNT_DELETION_WARNING_TITLE,계정 삭제 경고
57332ccdfa3d6140,TID_TARGET_FOUND,목표물 발견!
8de22741659604f2,TID_TUTORIAL_WAR_LEAGUE_1,대장님! 드디어 클랜전 리그에 참가하게 되었습니다!
e95acb4e425215a8,TID_LEAGUE_PLATINUM3_SHORT,플래티넘 III
1fc48a60c192d627,TID_STREAM_EVENT_NAME_CHANGED,이름이 변경되었습니다!\n새 이름: <name>
0ac614cc7b9901ce,TID_BUILDING_CRUSHER_INFO_SHORT,이 글을 읽고 있다면 이미 너무 가까이 접근한 것입니다.
5248c8ee4acde17b,TID_STARTER_COLLECTGOLD,골드 획득!
917ebcd941c2ed04,TID_EXISTING_PLAYER_PRIVACY_SETTINGS_ADVISORY,현재 표시가 허용되어 있는 개인정보 설정이 추가되었습니다. 설정 -> 추가 설정에서 변경할 수 있습니다.
d82ded9d119fb536,TID_CAPITAL_RAID_ATTACK_FAILED,구역 공격 실패
b121dd29347997fa,TID_LEAGUE_PLATINUM3,플래티넘 리그 III
146953182205ef4e,TID_PTE_REWARD_LOCKED_NOT_ENOUGH_POINTS,해당 보상을 잠금 해제하려면 <soft_currency> <num> 더 필요합니다.
7611ffcb1447b03b,TID_FRIEND_LEADERBOARD,순위표
f4ff86600b8d39fe,TID_BP_AUTO_REWARDS_TITLE,시즌 보상 수령
fc82f874e9544b7d,TID_CLANGAMES_TASK_INFO_WIN_HOMEBATTLES,멀티플레이 전투에서\n<num>회 승리
1a4b49fc47c29512,TID_CAPITAL_JUMP_INFO,장벽과 물이 방해가 되나요? 이 마법을 사용해 길을 만들어내세요. 아군 유닛이 방해받지 않고 뛰어넘을 수 있게 됩니다!
a1cf96501c1b2afb,TID_FEEDBACK_INFO6,\n
6461dbd82ba134d5,TID_WARMACHINE_INFO,이 거대한 기계는 제일 큰 망치를 들어 올리다가 망가졌습니다. 약간의 수리를 하면 전투에서 사용할 수 있습니다!
e17aeef2d5dbd3ca,TID_EVENT_HERO_BOOST_ALT,영웅 가속 이벤트
988deb5efdbf5f7e,TID_CHARACTER_INFO_TREANT,자연과 한 몸이 된 땅의 전사로 걷지 않고도 움직일 수 있습니다. 단단한 나무뿌리를 타고 전장에 나타나 적의 벽과 방어를 먼지로 만들어 버립니다.
e7027977368b0371,TID_SETTINGS_API_TOKEN_SHOW,'보기' 버튼을 눌러 API 토큰 확인
6ff34e8a4686f55e,TID_PRESET_FULL,가득 참!
83664b5b13026dcd,TID_ARTILLERY_AMMO_ALREADY_FULL,독수리 포탑이 완전히 장전되었습니다!
096138001b2b7e5d,TID_TUTORIAL_WAR_LEAGUE_10,여기서 다른 클랜과의 전쟁 결과를 비교할 수 있습니다.
af2590ec5ed941ed,TID_BUY_PRIZE_SHOP_ITEM_TEXT,<item> 구매를 정말로 진행할까요?
fc5532e8cd4b82b8,TID_GOOGLE_SERVICE_BOUND_TO_OTHER_ACCOUNT,<number>레벨 마을회관을 보유한 <name> 님의 마을을 불러올까요? 경고: 현재 진행 중인 게임은 저장되지 않습니다.
6fec996cec67af15,TID_BB_STAR_BONUS_MULTIPLIER,<mult>배 별 보너스 부스터!
fc45303869b2bb2a,TID_PREVIOUS_ARMY_INFO,공격한 뒤에는 군대를 훈련시키세요!
6f235a1ce170c044,TID_TENCENT_LOGIN_THIRDPARTY,《第三方信息共享清单》
60249a1145f4e1a9,TID_CONFIRM_SUPER_TROOP_PURCHASE_TEXT,<duration> 동안 <original> 유닛을 <name> 유닛으로 강화할까요?
f516b351eec1c23a,TID_CAPITAL_TUTORIAL_11,그럼 이제 어떻게 도울 수 있을지 가서 알아볼까요?
b08baacefea4dc18,TID_TUTORIAL_WAR_LEAGUE_12,"우리 클랜이 승리한다면, 더 높은 리그로 진출할 수 있습니다!"
31040755972127f4,TID_POPUP_BOOST_ALL_COLLECTORS_BOOSTER,<time> 동안 생산 시설 <number>개를\n두 배로 가속할까요?
687047167ce9d8ec,TID_MINION_HORDE,미니언 무리
ebc165282d24adf5,TID_CANCLE_SPELL_INFO,주의! 대기열에서 마법 제작을 취소하면 제작 비용의 <number>%만 돌려받습니다.
5c30d7840938b47a,TID_OBSTACLE_POND,연못
33e842462cb451d8,TID_SUMMER_KING,서머 킹
7d40f98b62de986c,TID_NPC_CHALLENGE_TH12_YETI_INFO_WARDEN_WALK,<c9916c8>그랜드 워든</c>의 주요 목표는 마을 구석을 정리하고 <cf70d16>인페르노 타워</c>를 파괴하는 것입니다.
b1e43a9432802203,TID_MEMBERS_SORTED_BY_ACTIVE,최근 활동
07d3b0d38da465a9,TID_CLANGAMES_TASK_INFO_DESTROY_MV_BUILDINGS,멀티플레이 전투에서\n건물 <num>개 파괴
be34cdee8f2bbe9e,TID_BATTLEPASS_TASK_INFO_WIN_BATTLES_USING_ICEGOLEM,멀티플레이 전투에서\n얼음 골렘을 사용해\n<num>회 승리
2d489c5d53e48491,TID_BB_ATTACK_ELIXIR_STORAGE_FULL_TITLE,계속 진행할까요?
62a2719e5268fa88,TID_PUSHER,푸시 트랩
3586fb3952fc2b9b,TID_ALLIANCE_WAR_DATA_NOT_AVAILABLE,클랜전을 아직 불러오는 중입니다. 다시 시도해 주세요
1f9a38c9d177ca20,TID_SIEGE_MACHINES_BATTLE,전투:
fd75512db08e278f,TID_ACHIEVEMENT_PEKKA_SLAYER_TITLE,배은망덕한 녀석
7a81d2e65bb9d809,TID_TUTORIAL_RUINS_2,폐허를 재건하면 해당 구역에 새 건물을 얻게 됩니다.
37e8e3ab09798e7e,TID_TRAP_SANTA,산타의 습격
6f1872c2e108c711,TID_AVAILABLE_TROOPS,사용 가능한 부대:
f14813731743d719,TID_CLANGAMES_TASK_DESTROY_DARKELIXIRSTORAGES,다크 엘릭서 저장소 습격
d45ed5eefb0a21cc,TID_HEALER,치유사
ab61b5f1f928a19d,TID_BOOSTER_FREE_BUILDING_UPGRADE,건물 해머
c07633df5c046d08,TID_POPUP_SPEED_UP_FORGE,캐피탈 골드 제작을 지금 바로 완료할까요?
1440ed7f519eb7b1,TID_UPGRADE_TH_LOCKED_TITLE,업그레이드 잠김
69609912a2083a94,TID_FEATURE_CLAN_GAMES,클랜 게임
c8cc2a712086208a,TID_WL_STATS_DESTRUCTION,파괴율
a1811e237b0bd839,TID_ALLIANCE_INVITATION_FAILED_USER_BANNED,초대할 수 없습니다! 대장님의 클랜에서 이미 추방된 플레이어입니다!
8ecbc20f9f2a3c16,TID_NO_DEFENSES_YET,아직 진행된 방어전이 없습니다.
3a4941e859bb9b4d,TID_BUILDING_SPELL_TOWER_INFO_SHORT,드디어 마법을 투척하는 타워가 탄생했습니다!
22fc59eabd4c8e0e,TID_ACHIEVEMENT_LOOT_ELIXIR_TITLE,엘릭서 약탈
81288df59bdb4be8,TID_CHALLENGE_FAIL_SERVER,도전을 시작할 수 없습니다. 나중에 다시 시도해 주세요.
c5c5d4fb65803fb6,TID_DIAMOND_BUNDLE_RED_INFO,• 보석 <gems>개\n• 강력한 영웅 조각상\n• 바바리안 킹의 기간 한정 (RED) 스킨\n\n모든 수익은 (RED)의 에이즈 퇴치 활동에 기부됩니다.
d7d31d3b2a257009,TID_EP_REWARD_GET_GEM_ALTERNATIVE_TITLE,저장 공간 부족
1853d08ca9fb1b9f,TID_ERROR_POP_UP_PERSONAL_BREAK,마을이 보호막 없이 너무 오래 버틴 탓에 잠시 휴식이 필요합니다.
5adb3e7c56c84768,TID_REGULAR_THEMED_PREPARE_OFFER_INFO_TH0712_1999,• <res0> 다크 엘릭서\n• <res1> 엘릭서\n• 영웅의 책 x<booster1> - 진행 중인 영웅 업그레이드가 즉시 완료됩니다.\n\n• 보관량 제한이 없습니다!\n• 해당 특가 상품은 표시된 기간 내에 3회 구매할 수 있습니다.\n• 영웅과 유닛을 업그레이드하고 더 강력한 마법을 사용해보세요!
041ec84049f1f390,TID_TREASURY_CAPACITY,<resource>: <number>
26993f274cd22f8b,TID_MOVEMENT_SPEED,이동 속도:
2d7bda1d952b0505,TID_UPGRADE_INFO_ITEM_SPACER,및 <old>
bbab924dde3482a5,TID_NPC_CHALLENGE_TH7_MINION_BALLOONS,<c54a0fe>해골 비행선</c>을 배치해 모든 <cf70d16>대공포</c>를 파괴하세요!
fe17865180bedc6c,TID_BOOSTER_BUILDERS_OFFER_INFO,장인 포션 x<num> - 장인의 작업 속도가 <time> 동안 <multiplier>배 빨라집니다.
3a878e2d99034292,TID_GRAND_WARDEN,그랜드 워든
b3953553e1a81f19,TID_SCID_PURCHASE_DELIVERED_TITLE,구매 상품 전달
53ae31fdd1a4f1d5,TID_TYPE_ACCEPT_CLAN_INVITE_WHILE_IN_CLAN_TEXT,클랜 초대를 수락하면 현재 소속된 클랜을 탈퇴하게 됩니다. 계속 진행할까요?
81b87e8db56c42c0,TID_LEAGUE_INFO_PLACEMENT_HEADLINE,플레이어의 마을을 공격해서 리그에 진입하세요.
f045397b46575a42,TID_BP_TITLE,시즌 도전
59622d32294f7105,TID_BOOSTER_MOVE_OBSTACLE_OFFER_INFO,장애물 삽 x<num> - 장애물을 옮깁니다!
38cb347249c3e92e,TID_PERSONAL_POINT_QUOTA_FINISHED,개인 점수가 상한치에 도달하여 도전 과제를 시작할 수 없습니다!
98456cf64d847985,TID_CLANGAMES_TASK_INFO_USE_SUPER_WALL_BREAKERS,멀티플레이 전투에서\n슈퍼 해골 돌격병 <num2>명을 사용해\n별 <num>개 획득
817554c8b70d695d,TID_DIAMOND_BUNDLE_MAGICITEMS_SPELL_BOOK_INFO,• 보석 <gems>개\n• 마법의 책 x<booster1>\n• 보관량 제한이 없습니다!\n\n'마법의 책'으로 마법 업그레이드를 즉시 완료!\n\n놓치지 마세요!
9832342ad7da6ba3,TID_BATTLEPASS_TASK_INFO_WIN_BATTLES_USING_WIZARDS,멀티플레이 전투에서\n마법사를 사용해\n<num>회 승리
464f74417c9f18be,TID_HINT_INFERNO_TOWER_TARGETS_2,인페르노 타워가 공격 대상을 변경하면 공격력이 최소 수치부터 다시 증가합니다.
cc655ab649383324,TID_CLANGAMES_TASK_INFO_GET_LEVELKILLS_VS_GRANDWARDEN,멀티플레이 전투에서\n처치한 그랜드 워든 레벨의 합: <num>
15aa6ffcbeb04f2e,TID_DUEL_TARGET_FOUND,장인 전투 상대를 찾았습니다! 이제 공격하세요!
d3ea9cf7970481a5,TID_PROMOTE_POPUP_TITLE,승급했습니다!
f3582cb27b53fce4,TID_TUTORIAL_ELIXIRSTORAGE,엘릭서를 보관할 장소도 필요해요!
c9ef76d5cdf47cb5,TID_BUTTON_GLOBAL_HIGHSCORE,글로벌
7371bf7b4f713c4e,TID_CLANGAMES_TASK_INFO_USE_SNEAKYARCHERS,장인 전투에서 은신 아처 <num2>명을 사용해 별 <num>개 획득
2043ee9cbd17f2a9,TID_BP_TROOP_UNLOCKED,<troop> 잠금 해제!
fd3d7ec9678229c2,TID_LIGHTNINGDRAGON,일렉트로 드래곤
d0f1b380b3e07535,TID_ACHIEVEMENT_DESTROY_MONOLITH_COMPLETED,파괴한 모놀리스: <value>
29e169d4366e9718,TID_CHESS_QUEEN,체스 퀸
58822ac1607ffd3b,TID_BUTTON_RATE_APP_NEVER,거절
c94ebf3b4f91c543,TID_BATTLE_PASS_SEASON_END_TEXT,지급된 아이템:
0b27b96bb817ec84,TID_NPC_CHALLENGE_BOWIGI_BALLOON1,<c54a0fe>해골 비행선</c>은 <c54a0fe>치유사</c>에게 피해를 줄 수 있는 함정을 효과적으로 제거할 수 있습니다. 해골 비행선 하나를 지금 배치하세요!
6d0a5da4a73613da,TID_MAP_LOCATION_9,시큼한 호수
c66c0003462b35f0,TID_TUTORIAL_WORKER_MENU3,좋아요! 이제 우린 한 팀입니다! 나중에 대장 마을에 한번 가볼 수도 있겠네요. 그리고... 쿨쿨...
f3898df6bae42b3c,TID_NPC_CHALLENGE_TH8_GOWIVA_HEAL,유닛이 마을에 진입하는 동안 <cffe346>치유 마법</c>을 사용하세요.
fe538f0e86f1f84e,TID_QQ_LOGGED_IN,QQ에 로그인함
5ae26c58d8dc06e3,TID_SOLD_OUT,판매 종료!
244680ba1163fc83,TID_NPC_CHALLENGE_TH11_EDRAG_GRAND_WARDEN,<c9916c8>그랜드 워든</c>을 배치해 <c54a0fe>일렉트로 드래곤</c>을 지원하세요. 그랜드 워든을 공중 모드로 설정해 지상 함정들을 회피하세요!
e168967a26953bf5,TID_CASTLE_FULL,성이 가득 찼습니다!
569705fd1464c9c1,TID_PRIVACY_CONTROLS_BUTTON,개인정보 설정
e2bdc3ff2f673110,TID_HINT_GIANT_DEPLOY,자이언트는 방어력이 높습니다. 자이언트를 먼저 배치해 방어 시설의 시선을 끌어보세요.
038fab5cad043cb4,TID_STAGE_LIMIT_EDIT_MODE_TRAP,함정: <cur>/<max>개
a8f7f85d9b4e5461,TID_STARTER_CLEAROBSTACLES,마당 정리
1f10656acaf7062d,TID_LIVE_SPECTATOR_COUNT,관전자 <num>명
2d4f113eec8bba10,TID_OFFER_DONT_MISS_ONE_TIME_OFFER,이번 한 번뿐인 구매 기회를 놓치지 마세요!
4220366f86694988,TID_TUTORIAL_WAR_LEAGUE_15,리그 메달로 강력한 아이템을 구매할 수 있습니다.
91b03a7b013837c1,TID_ALLIANCE_WAR_EVENT_75PERCENT_DESTROYED,75% 파괴됐습니다!
61f5eb6c51698c92,TID_NEWS_RED_MORE,추가 정보
b1aed9084f299aae,TID_REGULAR_THEMED_PREPARE_OFFER_INFO_TH0712_999,• <res0> 엘릭서\n• 영웅의 책 x<booster1> - 진행 중인 영웅 업그레이드가 즉시 완료됩니다.\n\n• 보관량 제한이 없습니다!\n• 해당 특가 상품은 표시된 기간 내에 4회 구매할 수 있습니다.\n• 영웅과 유닛을 업그레이드하고 더 강력한 마법을 사용해보세요!
a982a8e881ed4439,TID_CLAN_SETTINGS,클랜 설정
b3b52d7f95c08f09,TID_CHARACTER_INFO_GOBLIN,오직 약탈에만 전념하는 작고 귀찮은 생물입니다! 고블린은 점핑 트랩보다 빠르고 자원에 대한 끝없는 욕망을 보여줍니다.
9f814ad64948af08,TID_UPGRADE_UNITS2,유닛 업그레이드
97ee4c817e8b3971,TID_PRIORITIZE_UPGRADE_TOO_MANY_PRIORITIZED_UPGRADES_IN_ALLIANCE_DISTRICT,업그레이드 우선순위 조정 한도에 도달했습니다
ce8ce070762b95ad,TID_BARBARIAN_KING_GLADIATOR,검투사 킹
79bf2f73a44741df,TID_ERROR_POP_UP_PERSONAL_BREAK_EXTENDED_FINAL,개인 휴식 시간 제한이 연장되었으나 곧 초기화됩니다. 이후에 이런 상황을 방지하려면 마을회관을 잘 보호하고 트로피 수를 늘려두세요.
0aadfaee90abff93,TID_ALLIANCE_ACCEPTED_BY,<name> 님이 수락했습니다.
9e9147a83d1a78ed,TID_LEGENDS_MULTIPLAYER,멀티플레이어
040bb871ceaec0fa,TID_TRAIN_ALL_HOUSINGS_FULL,집합소 정원 도달!
be07d87594b91ea9,TID_CLAN_SEARCH_OPTIONS,고급 옵션
7bae41789725fe7c,TID_XMAS_SPELL,산타의 선물
b5551b412305feee,TID_GEAR_RESOURCE_BONUS_LOOT_INFO,전쟁 종료 시 장비 자원을 획득할 수 있습니다. 승리하면 패배할 때보다 더 많이 받습니다!
0796d643ab468332,TID_FEATURE_DARK_ELIXIR,다크 엘릭서
6fdfc8cac5565807,TID_WL_OTHER_PLAYER_EDITING_ROSTER,다른 클랜원이 이미 클랜전 참가자 목록을 수정 중입니다.
ab2b372e824a780c,TID_BP_TAB_TASKS,도전
b448fc4fe60869e9,TID_HINT_TH12_WEAPON,마을회관 12레벨은 피해를 입으면 발동되는 무기를 가지고 있습니다. 조심해서 공략하세요!
cc28f5368adf232c,TID_CLANGAMES_TASK_INFO_WIN_STARS_VS_TOWNHALL_8,멀티플레이 전투에서\n마을회관 8레벨을 상대로\n별 <num>개 획득
35db167f46acd29c,TID_GEAR_INFO,정보
5e09633f3cc6e8bc,TID_BOOSTER_BUILDERS_ALT_2_LINE,장인 포션
2205843ac767b9d0,TID_BATTLEPASS_TASK_COLLECT_ELIXIR,엘릭서 수집
853d63ac58255a6e,TID_CHARACTER_CHANGE_MODE_ACTIVE,모드 변경
bbe5149fe5a99f5b,TID_DECORATION_SWORD_IN_STONE,챔피언 조각상
c71b269ae48af9d9,TID_CLANGAMES_TASK_USE_VALKYRIES,발키리의 비행
1441689ce89c33fc,TID_ARRANGED_WAR_START_BUTTON,도전 보내기
78e3a210ccf94573,TID_VICTORY,승리
a23551ceda298319,TID_ADD_FRIEND_ERROR_DOES_NOT_EXIST,추가하려는 플레이어가 존재하지 않습니다.
1e6ad4bba43681d3,TID_WL_INFO_SIGNUP_TAB0_TEXT,"<cFCE27F>클랜전 리그가 뭔가요?</c>\n\n클랜전 리그는 클랜을 위한 최종 콘텐츠입니다. 매달 7개의 다른 클랜과 최강 클랜을 가려내기 위해 겨루게 됩니다! 7일 동안 7개의 전쟁에서 7개의 클랜과 싸워, 마지막에 가장 많은 별을 획득한 클랜이 더 높은 리그로 승급하며, 나머지 클랜은 기존 리그에 머물거나 강등됩니다. 한 달 후 다음 클랜전 리그에서는 이전 리그에서 마무리했던 등급에서 시작하게 됩니다. 더 높은 리그 등급에 도달할수록 획득 보상이 더욱 커집니다. 더 높은 리그로 올라가 세계 최강의 클랜이 되어 보세요!"
9e8949460e65a466,TID_ALLIANCE_WAR_SAVE_VILLAGE,마을 저장
86299328045e3a5d,TID_CLANGAMES_TASK_INFO_DESTROY_BB_MULTIMORTAR,장인 전투에서 <building> <num>개 파괴
8c6f496eba927f02,TID_EDIT_MODE_CANNOT_SAVE,이 배치는 현재 활성화 상태이므로 나중에 완료할 수 없습니다.
b6ccaa9ad00c9962,TID_ANDROID_BILLING_PRODUCT_NOT_AVAILABLE_PRICE,자세히 보기
959fca758f3963c2,TID_SUPER_TROOPS_FEATURE,슈퍼 유닛
741d6a9926cb07be,TID_CHARACTER_INFO_SIEGE_MACHINE_CARRIER,"시즈 훈련소는 우아하게 낙하해 먼저 P.E.K.K.A와 마법사를 내보내며, 이후 클랜 성의 유닛들을 내보냅니다. 어떻게 저 많은 유닛이 안에 들어갔는지는 모르겠지만, 딱히 조사할 필요까지는 없어 보이네요."
7dde934f38307147,TID_REPLAY_TIME,남은 재생 시간:
b7d8859ca6a3fe52,TID_WATER,물
c1ab015c1581ffdd,TID_ALL_SPELLS_USED,마법 없음
3efdd6a407efd15c,TID_CHARACTER_INFO_SIEGE_MACHINE_INVISIBLE_FLYING,
0c597524e6c4f9d2,TID_DARK_AGES_SCENERY,암흑시대 배경
60735a821053b5aa,TID_DIAMOND_BUNDLE_BH8_ALT,그랜드마스터 장인 팩
909ead7526b3633f,TID_COSMETICS_SKIN_FEATURES,스킨 구성:
6d11627a7f569d60,TID_BUTTON_REPAIR_TRAP,재장전
df5c220dcd4d65b4,TID_SPECIAL_OFFER_INFO_EASTER_LIMITED_9999,• 장벽 링 x<booster1>\n• 엘릭서 룬 x<booster2>\n• 다크 엘릭서 룬 x<booster3>\n• 골드 룬 x<booster4>\n\n• 보관량 제한이 없습니다!\n• 해당 특가 상품은 2번 구매할 수 있습니다!\n\n미뤄뒀던 업그레이드를 진행하고 장벽 레벨을 올려보세요!
fd5b597ebe82caaa,TID_BP_NO_BONUS_POINTS_TEXT,여러 시즌 연속 골드 패스를 구입하시고 도전 점수를 추가로 받으세요.
b0cad24fb88116cc,TID_UNIT_COUNT,유닛:
ca32d8d888135b1a,TID_ENDOFSEP_OFFER_INFO_4999,• 유닛의 책 x<booster1> - 진행 중인 유닛 업그레이드가 즉시 완료됩니다.\n• 건물의 책 x<booster2> - 건물 업그레이드가 즉시 완료됩니다.\n• <res0> 골드\n• <res1> 엘릭서\n\n• 보관량 제한이 없습니다!\n• 해당 특가 상품은 표시된 기간 내에 2회 구매할 수 있습니다.\n\n가을 전투를 준비하세요!
19c8e749bee80ee7,TID_TOO_MANY_TRAINED_SUPER_TROOPS,이미 훈련한 슈퍼 유닛이 너무 많습니다.\n\n먼저 슈퍼 유닛을 사용하거나 제거하세요.
d97fb564a1ffe10e,TID_SPECIAL_OFFER_BUILDERBASE_ANNIVERSARY_ALLPRICEPOINTS,기념일 팩
8630ec7dae1e873b,TID_DIAMONDS_GIFT_RECEIVED,클랜 선물로 보석 1개를 받았습니다!
e1b41ea12d1f422d,TID_BATTLEPASS_TASK_WIN_STARS_USING_SKELETON,해골 크루
f21a299dcbd7ead9,TID_ALLIANCE_WAR_LOOT_NOT_EXIST,금고에 보관된 자원이 없습니다!
a9cdb2c57c3191c8,TID_TENCENT_CUSTOMER_SUPPORT,Tencent 고객지원
7b2344e6921167b2,TID_UPGRADE_BUILDING_TO_LEVEL_TO_UNLOCK,<building> 건물을 <number>레벨로 업그레이드해서 잠금 해제하세요!
3899e5f2ac39215f,TID_GEM_BALANCE,현재 남은 보석:\n<total>\n\n무료 보석: <free>\n\n구매한 보석: <paid>
4a09f2e0d14628e1,TID_TOWN_HALL_11_INFO_SHORT,문명의 발달에 맞춰 마을회관도 한층 더 고상해졌습니다.
3d57a9e6d4bc77d1,TID_ALLIANCE_WAR_STARTWAR_INFO_NOT_ENOUGH_MEMBERS,"영광을 위해 클랜전에 참여하고, 전리품과 클랜 XP를 획득하세요!\n\n\n전쟁을 시작하려면 최소 10명의 클랜원이 필요합니다."
e974eb20e9521335,TID_LOCAL_NOTIFICATION_EVENT_SPELL_DISCOUNT,"대장님, 마법 이벤트가 시작됐습니다!"
a33beb7279da6ec0,TID_TUTORIAL_REINFORCEMENT_CAMP_INTRO_3,스테이지 2에서 지원군이 있으면 좋겠다는 생각이 들었답니다.
791cc89b2b21c72a,TID_BOOSTER_BOOST_PRODUCTION_OFFER_INFO,"훈련 포션 x<num> - <time> 동안 유닛 훈련, 마법 제조, 영웅 회복 및 작업장 속도가 매우 빨라집니다."
3e920d5f5d96e778,TID_CLAN_GAMES_THEME_SUMMER,하계\n클랜 게임
50eacc28342a686e,TID_LEAGUE_COPPER1_SHORT,카퍼 I
e0cdb533ae840245,TID_TENCENT_DOLPHIN_DOWNLOADING_71,更新下载配置文件
b75a038bfa697fb1,TID_SUPER_WIZARD_ABILITY_NAME,연쇄 마법
2d5cc55f3246fdce,TID_CLASHMAS_CAMPAIGN_TITLE,메리 클래시마스
e6b296c571b28aad,TID_CHALLENGE_INFO_2015,11레벨 마을회관과 함께 그랜드 워든이 등장합니다. 더불어 첫 번째 암흑 마법이 출현합니다. 그리고 마을회관이 갑자기 마을 안으로 들어오게 되는데...
ebab88597a4c2161,TID_REGULAR_THEMED_BATTLE_OFFER_INFO_TH0206_1999,• <res0> 골드\n• <res1> 엘릭서\n• 힘의 포션 x<booster1> - 1시간 동안 유닛 및 마법 레벨이 현재 마을회관에서 허용하는 최대 레벨로 증가합니다.\n\n• 보관량 제한이 없습니다!\n• 해당 특가 상품은 표시된 기간 내에 3회 구매할 수 있습니다.\n• 클랜에 영광스러운 승리를 안겨주세요!
e99f4fb13e2b0ce2,TID_RESOURCE_BUY_CONFIRMATION,자원 구매 완료!
a06bf523212ada89,TID_BP_PERK_UNLOCKED_IN_REWARDS,업그레이드는 보상 탭에서 획득할 수 있습니다.
f144940b42b7be40,TID_DISTRICT_HALL_LEVEL_TOO_LOW,구역회관을 <number>레벨로 업그레이드해야 합니다!
fced228130621dd0,TID_CHARACTER_INFO_YETI_SHORT,사나운 작은 친구들을 데리고 다니는 털북숭이입니다.
563e09cca49d2147,TID_BUTTON_VIEW_SKIN,스킨 보기
e7fcaef4f326bd9e,TID_SETTINGS_BUTTON_FACEBOOK_DISCONNECTED,연동되지 않음
6d77191ac9cf716b,TID_KICKED_FROM_ALLIANCE_NO_MSG,클랜으로부터 추방되었습니다.
6d611abd4508fed7,TID_HINT_ARTILLERY3,독수리 포탑 주변의 상당 지역은 공격 사정권에서 제외됩니다. 귀중한 건물들을 잘 지킬 수 있게 배치하세요!
bffb2c846fc51c6d,TID_ACHIEVEMENT_DESTROY_XBOW,멀티플레이 전투에서 대형 석궁 <number>개 파괴
2097feea0cdfba08,TID_ERROR_POP_UP_LOGGED_FROM_ANOTHER_DEVICE_BUTTON,다시 불러오기
c5f4dee7c5ef5e4d,TID_RESEARCH2_ABILITY_TITLE,특수 능력
f6857a9459978ef2,TID_BUILDING_SPELL_FORGE,마법 제작소
d1bb8d79c222ff63,TID_MONTH_5,5월
8ddc6f3eef3a80cc,TID_CAPITAL_GOLD_STORAGE_FULL_TITLE,계속 진행할까요?
cf3a298fe084ad4a,TID_LEAGUES_II,II
59410465b4216f22,TID_SETTINGS_LANGUAGE,언어
72d958405526d2d4,TID_CLANGAMES_TASK_INFO_WIN_HOMEBATTLESINROW,멀티플레이 전투 <num>회 연속 승리
c0c34987d900fb17,TID_DIAMOND_BUNDLE_MAGICITEMS_HERO_BOOK,영웅의 책 팩
19b63f9b66ac08df,TID_PUBLIC_WAR_LOG,전쟁 기록 공개
9a62247d5bd61cc2,TID_ACHIEVEMENT_DESTROY_MONOLITH_TITLE,모놀리스 뿌셔뿌셔
4b9914d2ca38f0ff,TID_CAPBUILD_BARRACKS_MEGAPEKKA,파워 P.E.K.K.A 훈련소
19eb68bd73c6ed5b,TID_OVERVIEW_TROOPS_TITLE,병력
e53c7596f747aaaf,TID_ERROR_POP_UP_WRONG_CLIENT_VERSION_BUTTON,업데이트
727daf8fce6fe04a,TID_GAMES_REWARDS_TEXT,"클랜 게임이 종료되면, 이제 보상을 받을 시간입니다! 클랜이 도전 과제를 완료해 모은 점수로 잠금 해제한 보상 티어에서 원하는 보상을 선택할 수 있습니다. 클랜 게임에서 최소 하나 이상의 도전 과제를 완료한 클랜원이라면 티어마다 보상을 하나씩 선택할 수 있습니다. 회수되지 않은 보상은 7일 후 사라집니다."
e7f2dad1b7a272be,TID_RAID_WEEKEND_STARTS_IN,주말 습격전 시작까지: <time>
b261054d18a4fcad,TID_HINT_SCATTERSHOT,투석기는 첫 공격 대상 뒤에 있는 유닛에 효과적으로 피해를 줄 수 있습니다.
472b55fec0bad8f5,TID_START_WAR_FAILED_INVALID_SIZE,전쟁을 시작할 수 없습니다!
e660f5945be8d4d5,TID_ALLIANCE_WAR_EVENT_WAR_STARTED,전쟁 시작
4c8c752459b1400c,TID_EVENT_TITLE_CLANWAR_SHORT,주말 전사
16bcc08788d133f5,TID_ALL_BUILDERS_AVAILABLE,모든 업그레이드 완료
8d7e97cdbfe25017,TID_INFO_TARGET_TYPE_GROUND,지상
fe41261ac75f0f43,TID_CREATOR_TAG_NOT_ENTERED,코드를 입력하세요!
522e43c61f672d6f,TID_POPUP_REMOVE_SPELL_TEXT,마법을 제거하시겠습니까? 비용은 돌려받을 수 없습니다.
ca9a296ab1244e83,TID_PLAYER_CLAN_TAB,플레이어 클랜
8d2b75fdf43373f8,TID_TUTORIAL_REINFORCEMENT_CAMP_INTRO_4,지원군을 어떻게 꾸릴지는 대장님께 맡길게요.
95495617b20d69b1,TID_OBSTACLE_BIRTHDAY2021,9주년 기념 케이크
74679a06a442957f,TID_CHALLENGE_NOT_AVAILABLE_IN_MODE_ATTACK,마을로 돌아가 공격하세요!
afd4801fcb85aed2,TID_BUILDING_MONOLITH_INFO,"다크 엘릭서를 건물에 활용하는 장인의 첫 실험은 실로 섬뜩한 결과물을 낳았습니다. 모놀리스는 목표물이 강할수록 가하는 피해량도 큽니다. 대장님의 마을을 방어하는 무기로는 훌륭하지만, 적의 무기라면 공격하기 좀 무섭겠죠."
31dacd37eed9e3ae,TID_ADD_FRIEND_ERROR_TOO_MANY_FRIENDS_YOU,친구가 너무 많습니다. 새로 추가하려면 친구를 삭제해 주세요.
299e7d13522ef4b6,TID_TROOP_SELF_DONATE_COMPLETED,추가된 지원군
d2c1237560618852,TID_CHARACTER_INFO_SNEAKY_ARCHER,달빛 아래 몸을 숨긴 아처들은 적이 알아채기도 전에 표적을 해치울 수 있습니다. 과도한 자신감이 이들의 약점입니다.
de3e3ff4e92cc803,TID_TRAINING_RESOURCES,자원
6c3ad6838e0cd70c,TID_NPC_CHALLENGE_HEALERS_TO_SUPPORT_QUEEN,<c54a0fe>치유사</c>를 배치해 <c9916c8>아처 퀸</c>을 지원하세요.
9c2293f3cb6e9e6c,TID_CAPBUILD_SPELLLAB_LIGHTNING,번개 마법 제작소
f62bb903676f8917,TID_WAR_WAR_BASE_HEADLINE,준비일
c76452200cbc092e,TID_GUARD_NOT_AVAILABLE,보호막 적용 중에는 가드를 구매할 수 없습니다!
facfd3e64476973b,TID_DIAMOND_PACK_4,보석 상자
bfd92b4d10645ffb,TID_SETTINGS_SNOW,눈
6c2a489f20b22a42,TID_UPGRADE_INFO_SPECIAL_ABILITY,특수 능력 잠금 해제: <name>
d8e8afe8d13ae1fc,TID_POPUP_UPGRADE_ALREADY_IN_PROGRESS,업그레이드 중
5051c731a6f2dd33,TID_HERO_INSTRUCTIONS_QUEEN,"이 여사냥꾼은 파괴적이지만 체력이 약합니다. 방어 시에는 사정거리 내의 적들을 저격하며, 공격 시에는 여왕의 망토를 사용해 모습을 감추고 막대한 피해를 줄 수 있습니다!"
9eb7aea654248523,TID_NEWS_JUNE_V1_BALANCING_TITLE,마을 업그레이드
13ee8ccf4c3b426c,TID_CHALLENGE_NOT_AVAILABLE_IN_MODE_REPLAY,리플레이를 보려면 마을로 돌아가세요!
c2d0c49434489969,TID_WAR_STATS_HEADER_BATTLES,공격 합계
7b113deb20112a5d,TID_ACHIEVEMENT_DESTROY_TOWNHALL_COMPLETED,파괴한 마을회관: <value>
327419fe4853e34a,TID_CLANGAMES_TASK_INFO_USE_WALLBREAKERS,멀티플레이 전투에서\n해골 돌격병 <num2>명을 사용해\n별 <num>개 획득
993885ffaed909b2,TID_ACHIEVEMENT_DESTROY_SCATTERSHOT_TITLE,투석기 분쇄기
2a8910f22f102ab1,TID_GEAR_UP_AVAILABLE_LATER,먼저 이 건물을 <level>레벨로 업그레이드하세요!
c906efded8a001a3,TID_LAKE_STRAIGHT1,호수 직선
514a005c82ba850b,TID_COSMETIC_ESTATE_4X4_GIANTS_HOUSE_INFO,정문이 너무 무겁다고 느끼는 방문객들은 작은 입구를 이용할 수 있습니다.
15dc36d4665e67a9,TID_NAME_ALREADY_IN_USE,이미 해당 이름을 사용 중입니다!
162c2a4a90982a8f,TID_BOB_TASK_GEAR_UP,\n마을 건물 3개를 개조해서 완료하세요.
ecb4b352317d5db5,TID_NOTIFICATION_SHIELD_AND_GUARD,보호막 및 가드
478fd5b009745b9c,TID_BOOSTER_PET_POTION,펫 포션
b7a7d6050ed7d3d4,TID_ARRANGED_WAR_EDIT_MEMBERS,친선전 참가자를 선택하세요
229fa6b692351cb7,TID_PRESET_LOAD_OK,군대가 훈련 대기열에 추가되었습니다!
0369aaead346e0f7,TID_POPUP_SHIELD_REMOVAL_REVENGE,복수를 위해 상대방을 공격하면 보호막 지속 시간이 짧아집니다. 공격 시 감소되는 시간보다 남은 지속 시간이 더 짧으면 보호막은 사라집니다.
04c57c14bd98ca65,TID_NPC16,어리석은 자의 황금
4d5105bb68006ba8,TID_ITEM_LEVEL,<item> (<number>레벨)
4fe67efb83118095,TID_BATTLEPASS_TASK_WIN_BATTLES_USING_ICEGOLEM,"손이 꽁꽁꽁, 발이 꽁꽁꽁"
c133f6b2f16f1f5e,TID_CLANPERK_DESC_WAR_LOOT_CAPACITY,금고 추가 보관량:
eb05c4c4e9053fd0,TID_NATIVE_DIALOG_VERSION_NOT_UP_TO_DATE_STORE_NOT_READY_TITLE,새 버전으로 업데이트 중
63917e9e87a42eda,TID_REQUIRED_LEAGUE,<league> 필요
ae1610a855698daa,TID_PET_FROSTY_INFO,이름에서도 알 수 있듯이 말 그대로 아주 쿨한 펫입니다. 냉동 입김으로 적을 덜덜 떨게 할 뿐 아니라 베이비 프로스티를 소환해 적의 방어 시설을 둔하게 만들어 영웅을 돕습니다.
30408cc8d887e418,TID_WAROPTIN_LEAVE,나가기
5a48cdebfbb7700e,TID_TRAP_MINE,폭탄
bbc01b7040e92ee5,TID_TRAINING_SCREEN_TAB_OVERVIEW,군대
25d6034824b34d4a,TID_PRESTIGE_VERSUS_TROPHIES,명성
bac1d410f9df1f6d,TID_BP_REWARD_AVAILABLE,해당 보상은 이미 잠금 해제했으며\n회수할 수 있습니다.
ed5c64e80ff1a76c,TID_BATTLE_LOG_DEFENSE,방어 기록
3f00d4e1363a603f,TID_BP_PERK_NEXT_SCORE,필요한 도전 점수:
0e2a0af1656844e6,TID_KUNLUN_APP_STORE_WANDOUJIA,Wandoujia
7206b02c949b5689,TID_LEAGUE_STEEL2_SHORT,스틸 II
92b8f86df91bf368,TID_INVALID_WAR_MEMBERS_INFO_HIGH,클랜원을 최대 <value>명까지 선택하세요!
7606b9e84b013abf,TID_ALLIANCE_WAR_MATCHED_WAITING_OPPONENT,상대방의 수락을 기다리고 있습니다.
a248e61fe8f82ece,TID_POPUP_BOOSTER_INSTANT_UPGRADE,<booster>를 사용해\n<item> 업그레이드를 즉시 완료할까요?
4de02ece6b84935d,TID_CONFIRM_SKIN_PURCHASE_TEXT,<name> 스킨을 구매할까요?
a66c1bf73a40359c,TID_CLANGAMES_TASK_USE_BABYDRAGONS,베이비 드래곤 이야기
0b51e8bd2e981dc6,TID_ACHIEVEMENT_VICTORY_POINTS_TITLE,달콤한 승리!
275d9fa3f1586d18,TID_UNLOCK_DISTRICT_RUINS,구역 및 폐허 잠금 해제:
603a2549cab5dddb,TID_ITEMS_LEFT,<number>개 남음
959828c7229334d6,TID_MAGIC_ARCHER_ABILITY_HELP,화살이 여러 대상을 관통하여 피해를 줍니다.
8165ac5cc6b6323f,TID_POPUP_BOOST_MINI_SPELL_FACTORY,<time> 동안 암흑 마법 제조 속도를 <multiplier>배로 가속할까요?
574705f3a698f6d3,TID_CLANGAMES_TASK_USE_MEGAPEKKA,파워 P.E.K.K.A의 위력
6ff2fda97a84b50e,TID_PRESET_INFO,군대를 미리 만들어 훈련을 쉽게 진행하세요!
3e3ecd235a10db0b,TID_REMOVE_FRIEND_INVITE_CONFIRMATION_TITLE,친구 요청 취소
25bbd405b8cb59d7,TID_DEVICE_LINK_ERROR_NOT_ATTACHED,대장의 마을이 아직 Game Center 계정에 등록되지 않았습니다. 이미 등록된 마을이 없는 Game Center 계정으로 로그인하시고 게임을 다시 시작하세요.\n\n현재 진행 중인 마을을 Game Center에 등록할 것인지를 묻는 질문이 나타나면 '네'를 선택하세요.\n\n경고: 마을은 계정에 영구적으로 등록되며 나중에라도 변경할 수는 없습니다.
96d225a350231190,TID_PURCHASE_LIMIT_TITLE,구매 확정
2dcbae9dae83baea,TID_BATTLEPASS_TASK_WIN_STARS_USING_CLONE_INFO,멀티플레이 전투에서\n복제 마법을 사용해\n별 <num>개 획득
c35eed464c43a8e5,TID_SPELL_FACTORY_VOUCHER_CLAIM_FAILED_EXPIRED,쿠폰이 만료되었습니다.
6d27ebe1561a372d,TID_BB_ATTACK_ELIXIR_STORAGE_FULL_TEXT,장인기지 엘릭서 저장소가 가득 찼습니다. 그래도 공격을 진행할까요?
02bda32e896c820d,TID_ALLIANCE_WAR_PREPARATION_TIME_TITLE,준비일
7d35b4788c4a1a7e,TID_SEARCH_STATUS,상대 찾는 중...
c7c2e83efa78ddbc,TID_BOOSTER_SUPER_POTION_ALT_2_LINE,슈퍼 포션
bb39f9613b7d9575,TID_NPC_CHALLENGE_BOWIGI_ARCHERQUEEN,<c9916c8>아처 퀸</c>을 <c54a0fe>치유사</c> 앞에 배치하세요.
fa544e9558307fd5,TID_KUNLUN_APP_STORE_LANDING_PAGE,Kunlun Landing Page
6ca2c12b309c86d3,TID_DISTRICT_GOBLIN_MINES,고블린 광산
39d8da600636b6d6,TID_UPCOMING_EVENTS,예정 이벤트
49a1eae17852e340,TID_UNLOCK_GEAR,해제되는 장비:
8ad1c500ec320e88,TID_TUTORIAL_SHOW_STAGE_2_1,망치를 휘두르는 데 정신이 팔렸었는데...
280fc15e8a7b0173,TID_SHOP_GIFTS_ALLIANCE_GIFTS,+ 클랜 선물
bac3e2b510456387,TID_START_WAR_FAILED_NOT_IN_ALLIANCE,전쟁을 시작하려면 클랜에 소속되어 있어야 합니다!
1b0d0ff2fd69f5b3,TID_ACHIEVEMENT_DESTROY_MORTARS_COMPLETED,파괴한 박격포: <value>
0ad3003e4df55e57,TID_FINISH_TRAINING,훈련 완료:
fdc6044daf6cb925,TID_BOOSTER_FILL_ELIXIR2_STORAGE_OFFER_INFO,장인기지 엘릭서 룬 x<num> - 장인기지의 엘릭서 저장소를 가득 채울 수 있습니다.
16114f89b0994b25,TID_BB_BATTLE_LOG_PERFECT,퍼펙트!
c3d6b9a7f813bbee,TID_ATTATID_POPUP_CONFLICTING_ACCOUNT_TEXT,현재 로그인하려는 계정이 기기에 저장된 계정과 다릅니다. 계정을 변경하시겠습니까?
1e34bfaf85a754b7,TID_LOCAL_NOTIFICATION_HERO_HAS_FULL_HEALTH,<name>이 전투 준비를 마쳤습니다.
1e91a77623677673,TID_CANNON2_INFO,지상 방어의 상징이자 기본입니다! 가끔 마스터 장인을 감성에 젖게 만들기도 합니다.
b39a48efa56bfe7f,TID_CHARACTER_INFO_LAVALOON,강력한 폭탄을 실은 해골 비행선이 라바 하운드의 바위처럼 단단한 갑옷을 걸치고 적진에 공포를 선사합니다.
17386c33c325e401,TID_DECO_RESTORED_PILLAR_INFO,아주 작은 글자가 새겨져 있습니다. 사실 너무 작아서 거의 읽을 수 없어요.
4a36b717fbb2a3f6,TID_BATTLE_LOG_COL_1,상대:
62954b977da91218,TID_ALLIANCE_WAR_PLAYER_ON_WAR_COOLDOWN,다음 전쟁까지 남은 시간:
93dc9cc02b92ec23,TID_PERSONALISED_SHOP,맞춤 상점
bdaa543ac998951e,TID_TROOP_ALREADY_AT_MAX_LEVEL,이미 최고 레벨인 유닛입니다!
114af1203e685f0e,TID_FULLY_LOADED,장전 완료
5cbef7a3e1501958,TID_LINK_SAME_PLATFORM,"여러 iOS 기기에서 게임을 즐기려면, 이 기기에서 Game Center 계정으로 로그인한 뒤 다른 기기에서 동일한 Game Center 계정으로 로그인하세요.\n\n게임 진행 상황은 자동으로 동기화됩니다."
71f0e443b6d159bb,TID_BUTTON_CLEAR,제거
4e274be2823dcdf7,TID_ADVANCED_SEARCH_BUTTON_LESS,고급 옵션 숨기기
bf8693df88a00cff,TID_ALLIANCE_WAR_STAT_WINS,공격 성공
e7fd7666d4d75d83,TID_GEAR_TYPE_SUMMON,소환
83ff434a80b5f50b,TID_NPC_CHALLENGE_TH12_YETI_PEKKAS,나머지 <c54a0fe>P.E.K.K.A</c>를 배치하세요.
c0b5b315e802c9b3,TID_NEXT_MATCH,다음
8b33ab1f5cd437ee,TID_PRIORITIZE_UPGRADE_INTERNAL_ERROR,업그레이드를 우선시하는 데 오류가 발생했습니다
ee814f90cb6c12c2,TID_DECORATION_ARCHER_QUEEN_STATUE,아처 퀸 조각상
93a9f9774d2e5f8a,TID_NPC_CHALLENGE_TH13_HYBRID_VALKYRIES,먼저 <c54a0fe>발키리</c>를 배치해 적의 클랜 성 병력을 유인하세요.
5f37e8c3eb7db196,TID_LEADERBOARDBANNER_PLAYER_REWARD,마지막 토너먼트 최상위 플레이어:\n(아래를 눌러 상세 정보 확인)
29eba3afcc46e1f6,TID_NOT_ENOUGH_HOUSING_SPACE,집합소가 가득 찼습니다!
9770015b325e0aaf,TID_UPGRADE_TH_LOCKED_TITLE2,필요한 건물:
3515355a6821d961,TID_GOOGLE_PLAY_ACHIEVEMENTS,업적
97a34d21a20c44c3,TID_SUPER_VALKYRIE_ABILITY_HELP,쓰러질 때 분노 마법을 떨어뜨립니다.
2a6aff8e09930db2,TID_MORE_YOUKU,请关注部落冲突（Clash of Clans）官方优酷频道。
0be267ca9e010862,TID_NEWS_UPGRADES_TITLE,
a18cab62bbfb13aa,TID_POPUP_REVENGE_CLEAR,각 방어 기록마다 단 한 번의 복수 기회가 주어집니다. 준비되셨습니까?
eab7cdfe91d60e9b,TID_CLANGAMES_TASK_INFO_GET_HOMEBATTLEDESTRUCTION,멀티플레이 전투에서\n파괴율 총합 <num>% 달성
2487049ed8cd85b9,TID_NEWS_OTHER_TEXT,
3f8cc04aa99e84b7,TID_LEAGUE_BRONZE3_SHORT,브론즈 III
01e04914c1ec04fe,TID_NPC_CHALLENGE_TH6_GIWIWA_WIZARDS2,이제 안전합니다! 더 많은 <c54a0fe>마법사</c>를 배치하세요!
7591c89c58ab309d,TID_HINT_DRAGON_AIR,드래곤은 지상 및 공중 유닛 모두를 공격할 수 있는 강력한 공중 유닛입니다.
f79c812bcdce7f41,TID_DIAMOND_BUNDLE_BH7_INFO_ALT,• 보석 <gems>개\n• <res0> 엘릭서\n• <res1> 골드\n\n보관량 제한이 없습니다!\n\n이번 한 번뿐인 <cffec78><value>배 가치</c>의 구매 기회를 놓치지 마세요!
cede0e0b70beb975,TID_CHALLENGE_TH12_DRAGBAT,플라잉 서커스
b79f73cca2e14d95,TID_CLANGAMES_TASK_GET_KILLS_VS_BARBARIANKING,킹 사냥꾼
7405bd115024b0cf,TID_TRAP_FREEZE_INFO,몰려오는 적들을 그 자리에 싸늘하게 못박으세요!\n\n기간 한정으로 사용 가능합니다.
6ff37a4259176eed,TID_FREE_NAME_CHANGE_INTRO_TEXT,무료 이름 변경은 1회만 가능합니다. 무료 이름 변경 기회를 소모한 이후에는 보석으로 이름을 변경할 수 있습니다.
01421317a232c3db,TID_FEATURE_HERO_GEAR_DESC,장비를 장착시켜 나만의 특별한 영웅을 만들어보세요! 대장간에서 영웅의 능력을 선택할 수 있습니다.
e83809eab0afdaf2,TID_PLAYER_AVAILABLE_FOR_RECRUITING_DESC_CN,클랜 가입 초대를 받으시겠습니까?
4de962bfacbb4b42,TID_SHOVEL_OBSTACLE_CONFIRM,<booster>을 사용해 이 장애물을 영구적으로 옮길 수 있게 할까요?
d4fc95d4e8342dc3,TID_LEAGUE_MASTER2_SHORT,마스터 II
7e05bee8c3ff26eb,TID_BUILDING_CUSTOMIZE_BUTTON,꾸미기
490cdcdb37341f19,TID_LEGEND_ATTACK_CONFIRM_INFO,준비를 마쳤는지 확인하세요! 이대로 진행하면 남은 공격 기회 중 한 번을 사용하게 됩니다.
e34705cc6291c574,TID_UNITS_LEFT,<number> 유닛 남음
aad7aa46f2f210d0,TID_BATTLEPASS_TASK_COLLECT_GOLD,골드 채광
d353ad4424e59931,TID_ACHIEVEMENT_WAR_LOOT_COMPLETED,클랜전 보너스로 획득한 골드 합계: <value>
460743281fe5a7db,TID_CLANGAMES_TASK_WIN_STARS_USING_HEAL_INFO,멀티플레이 전투에서\n치유 마법을 <num2>번 사용해\n<num>회 승리
d4e3df3d393d6398,TID_SPELL_BAG_OF_FROSTMITES,베이비 프로스티 가방
97739bcb30c87854,TID_ACHIEVEMENT_DESTROY_SPELL_TOWER_COMPLETED,파괴한 마법 타워: <value>
90c6a9d07c07e717,TID_LEADERBOARDBANNER_PLAYER_NO_HISTORY,지난 토너먼트에서 등록된 전설 리그 플레이어가 없습니다.
66db6edf16321412,TID_FULL_ARMY_REQUIRED_V2,공격하려면 군대를 가득 채워야 합니다!
a3eeb137a0049580,TID_CLAN_TAG_NEWBIE_FRIENDLY,초보 환영
93be2040ff7b3f65,TID_TRAINING_SPELLS_INFO_BUILD,마법 제작소를 건설해서 마법을 잠금 해제하세요!
2ecfd7db5038c9f9,TID_LOCAL_NOTIFICATION_EVENT_ANNIVERSARY_OFFER,"대장님, 5주년 특별 상품을 기간 한정 할인합니다!"
7fc2a9a440085bba,TID_BATTLEPASS_TASK_WIN_BATTLES_USING_STONE_SLAMMER,그랜드 슬램
44b066ecc8dd4766,TID_NPC72,함정 주의보
83348f28a87fa27d,TID_USE_SPELL_EVENT_ACHIEVEMENT_DESC_PLURAL,이벤트 도전: 멀티플레이 전투에서 승리!\n<cffec78>• 필수 사용 : <usecount> <unit> 마법</c>
6daa0d0c7e55f95b,TID_NPC30,퀸스 갬빗
22996f9f5412be4d,TID_NEWS_NEW_TROOP_TITLE,
274864fcee11436f,TID_OTHER_SPELL_LEFT,다른 마법을 선택하세요.
37b8318b97b8cb43,TID_LOCAL_NOTIFICATION_CLAN_GAMES_TASK_EXPIRING,클랜 게임 도전 과제가 곧 종료됩니다!
de950737cbb0e90a,TID_NPC_CHALLENGE_TH9_BABYDQW_BABY_DRAGONS,<cf70d16>대공포</c>가 대부분 파괴되었습니다. 이제 <c54a0fe>베이비 드래곤</c>이 나설 차례입니다!
b8983315d8a81f80,TID_ACHIEVEMENT_WAR_STARS_TITLE,전쟁 영웅
113707fecf886460,TID_BUILDING_HOUSE,인구
9acdc4f69fe67ee5,TID_ALLIANCE_WAR_SPECTATOR_MESSAGE,이 전쟁에 참가할 자격이 없습니다.
f407436ab718c4ea,TID_BATTLEPASS_TASK_DESTROY_TOWNHALLS,마을의 악당
754406bc49623325,TID_HINT_SPELL_JUMP,이동 마법은 일시적으로 장벽 위에 길을 만들어 병력이 이동할 수 있게 해줍니다.
898f1ac4ca77db38,TID_UNDERAGE_PLAYER_LOGIN_DISALLOWED_KUNLUN,根据国家防沉迷通知的相关要求和最新强化的防沉迷政策，由于您是未成年玩家，仅能在周五、周六、周日及法定节假日每日20时至21时登录游戏，在上述时间段之外无法游戏，请注意休息。
dd931627dd5614cf,TID_ACCONT_LOCKED_TEXT,보안상 이유로 계정이 잠겼습니다. 잠금 해제 코드를 입력해서 계정을 복구하세요.
372477bf28ae6887,TID_LOCAL_NOTIFICATION_EVENT_SPECIAL_TROOP_DragonLighting,"대장님, 드래곤/번개 마법 이벤트 동안 보석 200개를 획득하세요!"
c09478704dcc856a,TID_MAP_LOCATION_7,바위 호수
5bf326a78937e996,TID_NPC_CHALLENGE_TH10_BOBAT_RAGE,<cf07bf8>분노 마법</c>을 사용해 <c9916c8>아처 퀸</c>과 <c54a0fe>해골 돌격병</c>을 강화하세요.
f3db3e1d6fa6332e,TID_SCID_GIFT_DECLINE_BUTTON,거절
f959ba4b74c56498,TID_ACHIEVEMENT_REPAIR_BUILDING_TITLE,숨겨진 보물
3ba5936ec1355c26,TID_MULTIDEVICE_INFO_KUNLUN,여러 Android 기기에서 플레이하려면 같은 Android 앱 스토어에서 클래시 오브 클랜을 다운로드 한 다음 같은 계정으로 로그인하세요.
a10fa6386306ace2,TID_ICE_HOUND_ABILITY_NAME,차가운 게 최고야
8dc91d6139c49e9d,TID_CAPITAL_MAP_MODE_TEXT_VISITING_FINISHED_DEFENSE,지난 습격전 방어
d9b8e0c0fcb72e8f,TID_ALLIANCE_GAMES_PERSONAL_PROGRESS,내 점수:
417bf1abc7e7c0ed,TID_DIAMOND_BUNDLE_HERO_INFO,영웅
b513db7c37858155,TID_EVENT_CHRISTMAS_UNIT_UPCOMING,클래시 크리스마스 3일차!
9189525f09da81da,TID_CAPBUILD_GOBLIN_HUT,고블린 오두막
6a6165deda777bd1,TID_BUTTON_ASSIGN,지정하기
4df5ff8d721b44d6,TID_BIND_TO_NEW_FACEBOOK_ACCOUNT,진행 중인 게임을 이 Facebook 계정과 연동할까요?
7ecb93d2d1b6114c,TID_SHOP_CATEGORY_DEFENSE_BUILDINGS,방어
9436bbdc8dcfdcd7,TID_CONTINUE,계속하기
f28b0a5fef9c3756,TID_POPUP_TEXT_STORE_OBSTACLE,"<item> 아이템이 보관되며, 배치 편집기에서 다시 설치할 수 있습니다."
11f424aaeed02df4,TID_CHARACTER_INFO_IRONFIST_GIANT,묵직한 주먹과 황소 같은 덩치의 이 자이언트는 지금껏 주먹질을 수도 없이 갈고 닦았습니다!
48529b7cec24403f,TID_RAID_WEEKEND_RESULTS,주말 습격전 결과!
64d8b138722d72a4,TID_GOBLIN_SPEAKS_2,이번에는 저번처럼 쉽지 않을 거다!
35315290f97d148b,TID_POPUP_REMOVE_TROOP_AND_SPELL_TITLE,병력 및 마법 제거 확인
c9761d07f3c3763f,TID_AVAILABLE_AT_TOWN_HALL_LEVEL,마을회관 <number>레벨부터 <name> 이용 가능
e00bc6594e2e0d97,TID_TUTORIAL_FAILED,이런! 뭔가가 잘못됐군요. 다시 시도해주세요!
314d3144c3388d2b,TID_DECO_RUIN_TRUNKS,나무 기둥
d41025ba01287f51,TID_STARTER_TH2_INFO_BUILDCANNON,상점에서 대포를 추가 구매
216c8edb998ddde5,TID_CLANGAMES_TASK_INFO_USE_DRAGON_RIDERS,멀티플레이 전투에서\n드래곤 라이더 <num2>명을 사용해\n별 <num>개 획득
16a9ee061f5408b9,TID_LEAGUE_GOLD1_SHORT,골드 I
4e62a119b701012f,TID_NOTIFICATION_UPGRADES,업그레이드
3b546a567a95ff27,TID_NPC_CHALLENGE_TH12_YETI_RAGE2,<cf07bf8>분노 마법</c>을 사용해 신속히 정리하세요!
6598c4743abfcc01,TID_PLAYER_SEARCH,플레이어 검색
e89886ff3bc02b79,TID_BUTTON_CLAN_MAIL_NEXT,다음 편지:
f9b4422d0ffa0318,TID_CAPBUILD_SPELLLAB_LIGHTNING_INFO,번개 마법이 가득한 커다란 통을 제조합니다. 가까이 접근했다가는 머리털이 삐죽 일어날 수 있습니다.
5bffb300058a5c33,TID_CHARACTER_MECHA_DRAGON,드래곤 라이더
fb8b5e36dc12d6ba,TID_FRIENDLY_ARMY_INFO,친선 군대는 친선 전투 및 친선전 공격에서 사용할 수 있습니다.
65b778acf67beb90,TID_DEVICE_LINK_ERROR_GAME_CENTER_ANDROID,Google Play에 로그인하지 않았습니다.
ddaa299d7084ad4a,TID_LEAGUES_IV,IV
d537920074840932,TID_REGION_CUSTOM3,
233c0c26e99bda12,TID_DIAMOND_BUNDLE_TH8_INFO,• 보석 <gems>개\n• <res0> 골드\n• 폭탄 타워 1레벨\n\n즉시 건설할 수 있고 보관량 제한이 없습니다!\n\n이번 한 번뿐인 <cffec78><value>배 가치</c>의 구매 기회를 놓치지 마세요!
16ad6c60be2552c4,TID_PLAYER_HOUSE_OCCUPIED_INFO,마을과 멀리 떨어진 <name>의 또 다른 집입니다. 평화로운 경치도 구경하고 치열한 습격전을 위해 편히 쉴 수도 있습니다!
56e79b4a0a5a6c4b,TID_GINGERBREAD_WARDEN,진저브레드 워든
c6b8f1cbc01fe03b,TID_BUTTON_EDIT_PRESET,편집
c2a67c60032e1722,TID_BATTLEPASS_TASK_INFO_USE_BOXERGIANTS,장인 전투에서 복서 자이언트를 사용해 별 <num>개 획득
ba465c2c000dadce,TID_BATTLEPASS_TASK_WIN_STARS_USING_HASTE_INFO,멀티플레이 전투에서\n신속 마법을 사용해\n별 <num>개 획득
a9f9d48e5f2e5c4d,TID_NPC14,놉스 요새
b969f37670271edf,TID_NPC7,마지노선
70d2b429f82b3ce0,TID_CHALLENGE_CANCELLED,더 이상 싸울 수 없습니다!
e133eb74285130e1,TID_WAR_SPECTATOR_TEXT,"해당 전쟁에 참가하고 있지 않습니다. 참가하고 싶은 경우, 클랜 대표나 공동 대표에게 다음 클랜전에서 선택해 달라고 요청하세요."
5a2f5420a09cd70f,TID_EP_REWARD_LOCKED_NEED_PREMIUM,해당 보상을 잠금 해제하려면 이벤트 패스가 필요합니다.
cfde8541796ce23f,TID_BATTLEPASS_TASK_INFO_USE_GOBLINS,멀티플레이 전투에서\n고블린을 사용해\n별 <num>개 획득
cad57955d8d61bcc,TID_GOLD_SHOP_PACK,<number> 골드
98d9dcd894cfebbb,TID_TRAP_SHRINK_SP,고블린 축소 함정
54d5e55bfdffcb5b,TID_BABY_ELECTRO_DRAGON_ABILITY_HELP,연쇄적으로 3개의 대상을 공격합니다.
e6362baf3a21aa6d,TID_BARBARIAN_KING_INFO,"바바리안 킹은 왕국에서 가장 흉악한 바바리안으로, 다크 엘릭서를 즐겨 마신 나머지 거대하게 성장해 버렸습니다. 적 마을을 공격하거나 자신의 마을을 지킬 수 있습니다."
bb712b517a753544,TID_HEROES_FEATURE_DESCRIPTION,전방에서 군대를 이끌고 적으로부터 마을을 보호합니다.
8b823c5ba4afbdb4,TID_BATTLEPASS_TASK_WIN_BATTLES_USING_BOMBERS,결코 다시 장벽
b518bd7666bbaa69,TID_BATTLEPASS_TASK_WIN_BATTLES_USING_INVISIBILITY_INFO,멀티플레이 전투에서\n투명 마법을 사용해\n<num>회 승리
9c786f121511b8af,TID_BOB_TASK_TROOP_FLUFF,"평화로운 로봇을 만들기 위해 폭력적인 유닛을 연구하라니, 앞뒤가 조금 안 맞네요."
2c14b5bc70f26677,TID_WL_COLUMN_DETAILS,세부 정보
2f6e3649b0bb293c,TID_HUD_DEFENDER,방어자
5822cb52f14a4235,TID_SECOND_STAGE_FEATURE_DESCRIPTION,어두운 동굴 더 깊은 곳에 건설하세요. 새로 발견하고 공격할 것들이 더 많이 있답니다!
a837839234d5c16e,TID_CANT_SIGN_UP_RAID_NO_ARMY,캐피탈회관 2레벨에 도달하여 주말 습격전에 참여하세요!
70703cc70a5c1c4a,TID_POPUP_SOCIAL_LIST_TITLE,소셜
60f48b90a4517d27,TID_ALLIANCE_WAR_EVENT_PREPARATION_STARTED,준비 시작
7171a660eb3a897d,TID_HERO_BOOST_INFO,모든 영웅과 펫을 마을회관에서 허용하는 최대 레벨로 강화합니다.
10f268eca272a93f,TID_DIAMOND_BUNDLE_BH3_INFO_ALT,• 보석 <gems>개\n• <res0> 엘릭서\n• <res1> 골드\n\n보관량 제한이 없습니다!\n\n이번 한 번뿐인 <cffec78><value>배 가치</c>의 구매 기회를 놓치지 마세요!
e2db9570f026d401,TID_TENCENT_DOLPHIN_ERROR_3,磁盘空间不足，请清理磁盘空间后，重启游戏。
e59897438e64afb5,TID_STARTER_WINUSINGWB_INFO,멀티플레이 전투에서\n해골 돌격병 <num2>명을 사용해\n별 <num>개 획득
f1685360b56333b9,TID_AIR_DEFENSE_INFO_SHORT,상대의 공중 유닛을 맘먹고 타격합니다.
e08228132734d35a,TID_TENCENT_LOGIN_AGREEMENTS,"본인은 <TOS>, <PP>, <CHILDREN>, <THIRDPARTY>을 주의 깊게 읽었으며 이에 동의합니다."
6f19135c83e6e846,TID_BATTLEPASS_TASK_WIN_BATTLES_USING_CLONE,복제의 힘
30dc98f0f28ba82b,TID_NPC25,흑요석 포탑
2342c501055fbe50,TID_X,x
e6027dfbd6c2bfc4,TID_ALLIANCE_SEARCH,클랜 검색:
34e38e1784121f77,TID_ACHIEVEMENT_DESTROY_SPELL_TOWER_TITLE,마법 견제
2e68f93ae9a5e4a2,TID_ACHIEVEMENT_DESTROY_INFERNO,멀티플레이 전투에서 인페르노 타워 <number>개 파괴
1c104d1cba0e1f91,TID_SPELL_FACTORY_VOUCHER_CLAIM_FAILED_UNKNOWN,오류가 발생했습니다. 잠시 후에 다시 시도해주세요.
e0a58c9cfff32afa,TID_DECORATION_PIRATE_ANCHOR,낡은 닻
c66be830d5c40eb4,TID_LOCAL_NOTIFICATION_YOUR_SPELLS_ARE_READY,전투에서 마법을 사용할 준비를 마쳤습니다!
05959fcaf50182e7,TID_COLLECT_CRAFTED_RESOURCE,회수
04aa4a897315809e,TID_DIAMOND_BUNDLE_MAGICITEMS_STRENGTH_POTION,힘의 포션 팩
9f412faf9b66257e,TID_TENCENT_DOLPHIN_DOWNLOADING_78,更新合并差异文件
17fa6542ce95ed4e,TID_ADD_FRIEND_ERROR_OWN_AVATAR,자기 자신을 친구로 등록할 수 없습니다!
9793918292a5f3b3,TID_NPC53,미로찾기
8ae762fbcbefda4c,TID_CHARACTER_INFO_AD_SEEKER_NO_EXPLOSION,이 화염 괴물은 공중 방어에 참여하여 다른 부대를 훌륭하게 보호합니다. 파괴되면 폭발하며 작고 약한 괴물로 분리됩니다.
83c49937d8155d0e,TID_PTE_REWARD_LOCKED_NOT_ENOUGH_POINTS_AND_NEED_PREMIUM,해당 보상을 잠금 해제하려면 이벤트 패스와 <soft_currency> <num>개가 더 필요합니다.
25634858b6a9dde6,TID_CONVERSION_OFFER_GEMS_NOOB_INFO_0099_0299,"• 보석 <res0>개\n• 훈련 포션 x<booster1> - 1시간 동안 유닛 훈련, 마법 제조, 영웅 회복 및 작업장 속도가 매우 빨라집니다.\n\n• 보관량 제한이 없습니다!\n• 해당 특가 상품은 표시된 기간 내에 1회만 구매할 수 있습니다.\n\n한정 특가 상품으로 3별 승리를 노려보세요!"
80339cfb22e461ac,TID_HERO_INFO_BATTLE_COPTER,"장벽을 파괴하기 귀찮으셨죠? 어서 배틀콥터에 타세요! 마스터 장인이 만든 이 차세대 플라잉 머신은 장벽 위로 날아갑니다. 강력한 대포로 원거리 공격도 할 수 있고, 근거리에서 폭탄 기습 공격 능력을 쓸 수도 있습니다."
9a994188f2a2b831,TID_TOTAL_COST,총비용
ec6fc529f82f4821,TID_CAPITAL_ARMY_SAVE_FAILED,캐피탈 군대 저장 실패
4b88047fccfe46c2,TID_NOT_ENOUGH_WORKERS_TEXT_MASTER_BUILDER,진행 중인 건설을 완료하고\n마스터 장인을 불러올까요?
538c0dee60e2dee7,TID_CLANGAMES_TASK_INFO_DESTROY_CANNONS,멀티플레이 전투에서\n<building> <num>개 파괴
144874f7027e9e79,TID_CLANGAMES_TASK_INFO_USE_ELECTRODRAGON,멀티플레이 전투에서\n일렉트로 드래곤 <num2>마리를 사용해\n별 <num>개 획득
7408231be89ed29e,TID_REPAIR_CLAN_CASTLE_2,클랜에 가입해 새로운 동맹을 만들어 유닛을 지원을 받고 클랜전과 클랜 게임에 참가해보세요.\n\n새로운 클랜을 생성해서 친구와 함께 즐기고 새로운 클랜원도 영입해 클랜 이름을 알리세요!
e9888cd126256b32,TID_HINT_WARMACHINE1,배틀 머신을 재건해 강력한 영웅을 공격에 동원해 보세요!
315970c2492e408f,TID_ARCHER2_ABILITY_NAME,망토
0b4edfa60bf75ae2,TID_BP_SEASON_ENDS,시즌 종료까지:
d978761f01e6ddc9,TID_EVENT_CW_INFO,클랜 레벨을 두 배로 빠르게 레벨 업하세요!\n\n이벤트 중에 참가하는 클랜전에서는 두 배의 클랜 XP를 받게 됩니다.
03ab11100e4b7294,TID_RESOURCE_STORAGE_CAPACITY,저장 용량: <number>
5397d9ae8ddd7a8f,TID_BUILDING_ARTILLERY,독수리 포탑
17f51a5ba9c50958,TID_ALLIANCE_GAMES_START_TASK,시작
8b87dbf565a36a8c,TID_MOREGAMES,다른 게임
231993116a5b2900,TID_SHOP_CATEGORY_SKINS,스킨
f38640d721bb2d4f,TID_BATTLEPASS_TASK_START_HOME_UPGRADE,마을 개선
f5ac4969f43c8e69,TID_NPC_CHALLENGE_TH8_GOWIVA_HOG_RIDER,<c54a0fe>호그 라이더</c>를 배치해 적의 <cf70d16>클랜 성 병력</c>을 밖으로 유인하세요!
b07630d9cdb7cfc0,TID_CLANGAMES_TASK_INFO_DESTROY_BB_AIRBOMBS,장인 전투에서 <building> <num>개 파괴
722b1aa802a460c0,TID_TUTORIAL_MODE_TITLE,튜토리얼 모드
0fa1e7c9b9e9de80,TID_ALLIANCE_ROLE_MEMBER,멤버
ad366edcbb104050,TID_BUTTON_REPLAY,리플레이
dcda686fed99b363,TID_PIRATE_CHAMPION,해적 챔피언
ca035503023c3352,TID_NEWS_TH11_UPDATE_GUARD_TEXT,"• 가드는 적의 공격을 막아주면서, 다른 마을도 자유롭게 공격할 수 있게 해줍니다.\n• 보호막이 만료되면 비용 없이 가드가 적용되어, 공격받을 염려 없이 플레이할 수 있습니다.\n• 타이탄 I 및 전설 리그 플레이어는 가드 범위가 100%에 달하는 등 상위 리그에서는 더 뛰어난 무료 가드를 얻습니다!\n• 매일 상점에서 2시간의 추가 가드를 구매할 수 있습니다."
1b77da2c94da4b45,TID_ROGUE_QUEEN,도적 퀸
9d9fbd954f0aa5ba,TID_HINT TOURNAMENT,클랜 토너먼트와 유닛 지원 기록은 한 달마다 초기화됩니다.
8ed7bf21c260e304,TID_DIAMOND_BUNDLE_BH6,장인회관 6 팩
c9b054c0cb7ab0f8,TID_ALLIANCE_WAR_MY_ATTACKS,내 공격:
31340a442410eb9a,TID_WAR_STATS_HEADER_TIEBREAKERS,승리 결정자
e5e4913498e9e404,TID_CLANGAMES_TASK_CLEAR_OBSTACLES,정원 가꾸기
49acffdd36a92430,TID_SHARE_REPLAY_FAILED,이미 다른 플레이어가 공유한 영상입니다.
5c1003d19bd8fcd2,TID_GROWTH_AURA_PERCENT,HP 증가: <number>%
8c956b4bd248059a,TID_BOOSTER_FREE_HERO_UPGRADE_OFFER_INFO,영웅 해머 x<num> - 영웅 및 펫을 다음 레벨로 즉시 업그레이드합니다.
f3ac60e32a187034,TID_OBSTACLE_HALLOWEEN2023,불운의 묘목
3ff1f4f99d6d05d4,TID_HERO_BOOST,영웅 부스터
869bc3f70036d0f5,TID_SUPER_TROOPS_FEATURE_DESCRIPTION,기존의 유닛에 새로운 능력과 세련된 헤어스타일이 더해진 모습입니다.
a3d1742080c3d7df,TID_GEAR_GIANT_GAUNTLET,자이언트 건틀릿
4bb6f71cfc367f68,TID_HEALING_WAVE_INFO,계속 싸울 수 있도록 아군 유닛을 치유하세요!\n\n이 마법을 사용하면 치유 마법진이 생성됩니다. 마법진 안의 아군 유닛은 치유 효과를 받습니다.
9c25c1b947dd477c,TID_PLAYER_SEARCH_GENERIC,알 수 없는 문제가 발생했습니다. 나중에 다시 시도해 주세요.
fe5ff69d36cf307c,TID_ACHIEVEMENT_ACTIVATE_SUPER_TROOP,일반 유닛을 슈퍼 유닛으로 <number>회 강화
b267072eb04dcb4b,TID_ALLIANCE_WAR_LOOT_CONFIRMATION_TITLE,자원 회수 확인
81d1f2febec1ca8f,TID_BP_PERK_RESEARCH_BOOST_DESC_STARTER,"연구소에서 유닛, 마법, 시즈 머신을 업그레이드하는 데 필요한 자원과 시간이 감소합니다."
3c5475a300c8867e,TID_RAID_WEEKEND_RAIDS_COMPLETED,완료한 습격전:
eec81d0e12686035,TID_CLANGAMES_TASK_USE_ICE_HOUNDS,싸늘하다
8e3420a827969e8c,TID_BUTTON_ATTACK_MODE_SINGLE,싱글
9c46453f8d418eb7,TID_ALLIANCE_WAR_STAT_STARS_PER_ATTACK,공격 1회당 획득한 별
9aa28e8e19d0078e,TID_NPC_CHALLENGE_TH11_EDRAG_BALLOONS,마지막으로 <c54a0fe>해골 비행선</c>을 배치하세요.
acd63e22e83ab4be,TID_CHARACTER_INFO_GOLEM_SHORT,막대한 피해를 견뎌내는 든든하고 활기 넘치는 바위입니다.
3b897e3ee8d3415c,TID_CHALLENGE_TH8_GOWIPE,거대한 녀석들
cea8ccff244b9d36,TID_DECO_SCARECROW,호박 허수아비
f892bba8bea7ab31,TID_DIAMOND_BUNDLE_TH7_ALT_UPDATED_INFO,• <res0> 다크 엘릭서\n• <res1> 골드\n• <res2> 엘릭서\n\n보관량 제한이 없습니다!\n\n이번 한 번 뿐인 <cffec78><value>배 가치</c>의 구매 기회를 놓치지 마세요!
274b47e9ffc5a462,TID_GEAR_EARTHQUAKE_BOOTS,지진 부츠
8b3f6a838ccc6b52,TID_OVERVIEW_TRAIN_PREVIOUS,훈련
2ada12a634dd38f6,TID_CLAN_GAMES_BONUS_REWARD_AVAILABLE,<num>점을 획득해 클랜 게임 종료 후 추가 보상을 선택하세요!
b948c963cf937836,TID_LAYOUTS_VILLAGE,내 마을
845f19a32e5277ed,TID_TENCENT_LOGIN_PROMPT_UNBLOCKED_WECHAT,중독 방지법에 따라 게스트 계정으로 로그인한 경우 실명 인증 절차를 완료할 수 없으며 15일마다 1시간으로 플레이 시간이 제한됩니다.\n\n게임 계정이 이미 WeChat와 연동되었습니다. 게임의 모든 기능을 이용하기 위해 WeChat 계정으로 다시 로그인하여 실명 인증 절차를 완료하시길 권장합니다.
8e8ea3641109fe41,TID_STREAM_EVENT_KICKED,<name> 님에 의해 클랜에서 추방되었습니다.
e6d6d0a0bb36e895,TID_FRIENDLIST_FILTER,필터:
244b925b4025d9ff,TID_PAINTER_WARDEN,페인트공 워든
685fd13f3b3bc28a,TID_TASK_INFO_GET_VS_BONUS,장인기지에서 일일 별 보너스를 완료
fa2feb92ac1ab201,TID_PRIMAL_SCENERY,원시 배경
70772adfd4e15f61,TID_SHOP_CATEGORY_SPELLS,마법
1a76d8f83415b96b,TID_THUPGRADE_COMPLETE,마을회관 업그레이드!
7d175fe854bb1e65,TID_BATTLEPASS_TASK_INFO_GET_STAR_BONUSES,마을에서 일일 별 보너스 <num>회 완료
7a45a648340b24ab,TID_SETTINGS_BUTTON_FACEBOOK_CONNECTED,연동됨
ecd8ac332113f89e,TID_MOVING_CANNON,대포 카트
29d603b7847354df,TID_BOOSTDEFENCES_SPELL,방어 강화
ec449ea46a26830b,TID_RAID_WEEKEND_REWARD_SUBTITLE,받은 보상:
af7eefe81b1cbb2b,TID_POPUP_BOOST_ATTACK,군사 시설을 강화하면 <time> 동안 생산 속도가 <multiplier>배가 됩니다.
e63796f72677cc80,TID_ERROR_POP_UP_SERVER_MAINTENANCE_TITLE,서버 점검
6cc87378ab0b87bd,TID_NPC_CHALLENGE_TH6_GIWIWA_WALL_BREAKERS2,"<cf70d16>박격포</c>의 포탄이 떨어진 후, 군대가 <cf70d16>마을회관</c>으로 진입할 수 있도록 두 번째 장벽 층을 파괴하세요!"
9cef5d73cab062d1,TID_ACHIEVEMENTS_INFO_ANDROID,Google Play에서도 업적을 달성할 수 있습니다.
c300779374dd1224,TID_OFFER_CAN_BE_PURCHASED_TIMES,해당 상품은 표시된 기간 내에 <num>회 구매할 수 있습니다!
44ca2fb236859125,TID_BUTTON_SELECT,시작!
ecd9ac9503e8b769,TID_EVENT_CHRISTMAS_SPELL_INFO,적들에게 묵직한 데미지를 선물로 안겨주세요!\n\n한정 기간 동안 산타의 선물 마법을 제조할 수 있습니다.
ad9653270661b185,TID_HALLOWEEN_INFO_SCREEN_ITEM2,클래시 할로윈 유닛이나 부스트와 같은 보상을 획득하세요.
5ca6da5af8da79db,TID_HERO_ABILITY_SUMMONED_UNITS_LEVEL,소환되는 유닛 레벨: <number>
766a757a6b03f9ec,TID_GOOGLE_PLAY_KUNLUN_LOAD_VILLAGE_TUTORIAL_BUTTON,마을 불러오기
426cef14d16661f5,TID_NEWS_BOMB_TOWER_UPDATE_TITLE,신규 방어 시설: 폭탄 타워!
d8f7525be99d5c7f,TID_SHOW_SEARCH_OPTIONS,표시
e078cbac6aa69130,TID_ALLIANCE_RAID_FAILED_RAID_IS_ENDING,공격할 수 없습니다! 주말 습격전이 곧 종료됩니다.
9b6b4d18eb7e6a20,TID_CAPBUILD_GOBLIN_HALL_INFO,"고블린들이 음모를 꾸미는 소리도, 골드가 짤랑이는 소리도 전혀 들리지 않는 수상하리만큼 조용한 고블린 회관입니다."
ba1ccf94521655c9,TID_TRAP_LOGTRAP_INFO,굴러오는 통나무를 주의하세요.
4b7e3b5448716a55,TID_TITLE_CLAN_MAIL_SEND,편지 전송
b200f317efd5ccdc,TID_BUILDING_TESLA_TOWER,숨겨진 뇌전탑
21143f95bc676311,TID_STAR_BONUS_DESCRIPTION,별 보너스 전리품은 금고로 전달됩니다.
b4f4f794ebd177ef,TID_POPUP_ANDROID_EXIT,게임을 종료할까요?
69e7aad3b9c7f3cd,TID_SUGGESTED_CLANS,추천 클랜
5fcaf7282aae5d19,TID_CAPITAL_RAID_DISTRICT_ALREADY_DESTROYED,구역이 이미 파괴됨
7a4b5fb5c823690d,TID_STARTER_TH2_INFO_UPGRADEARMYCAMP,집합소 <num2>레벨로 업그레이드
41c118573ced6b61,TID_CHALLENGE_PROGRESS,도전 과제 진행 상황
f4ee483bbaf0159a,TID_CLAN_CASTLE_SLEEP,수면
83cfd38d874867ca,TID_COSMETICS_CUSTOM_UNITS,전용 소환 유닛
584cd43c733f4a92,TID_NEWS_CLASHIVERSARY_TITLE,"대장, 클래시 5주년을 축하합니다!"
a2958ee9ce14437a,TID_NPC_CHALLENGE_TH6_GIWIWA_HEAL1,<cffe346>치유 마법</c>을 사용해 <c54a0fe>자이언트</c>를 <cf70d16>마법사 타워</c>로부터 보호하세요!
0cd66bd40c571dd2,TID_BUILDING_DARK_ELIXIR_PUMP,다크 엘릭서 정제소
b488e1ecbe77b1db,TID_ATTACK_SPEED_INCREASE,공격 속도 증가: <number>%
183fc184edfeeed4,TID_TENCENT_CDKEY_EXCHANGE,兑换码
cb0134c70de0bd7b,TID_NPC_CHALLENGE_BOWIGI_WALLWRECKER,"<c54a0fe>파괴 전차</c>, <c9916c8>그랜드 워든</c>, 그리고 <c9916c8>바바리안 킹</c>을 연달아 배치하세요."
0122fe92ef92c726,TID_NEWS_TH11_UPDATE_ARTILLERY_TITLE,독수리 포탑: 잠자는 파수꾼
b3a84677e09c1a52,TID_TH15_WARDEN,마법 워든
c232a3b611271b83,TID_STARTER_TH2_UPGRADEARMYCAMP,더 큰 집합소
70948ed2f5bf728f,TID_SPELL_SUMMON_TROOP_COUNT,<name> 수: <number>
f76dbd36b8acc9e1,TID_CAPITAL_RAID_ALL_ATTACKS_USED,남은 공격이 없습니다.
63c4d9256af5ac94,TID_REGULAR_THEMED_BUILD_OFFER_INFO_TH0206_999,• <res0> 골드\n• 장인 포션 x<booster1> - 장인의 작업 속도가 1시간 동안 10배 빨라집니다.\n\n• 보관량 제한이 없습니다!\n• 해당 특가 상품은 표시된 기간 내에 4회 구매할 수 있습니다.\n• 방어 시설을 더욱 견고히 업그레이드하세요!
12da90da390278c5,TID_CLANPERK_DESC_WAR_LOOT_MULT_VALUE,<value>%
48263afd42d6bc43,TID_ALLIANCE_WAR_STARS_WON,별
03dc6eed15bdc52c,TID_PET_POISON_LIZARD,독마뱀
6360605fb67cdfa2,TID_SCENERY_CHESS,체스 배경
d1c8d14c95a6a768,TID_GEM_BALANCE_TITLE,남은 보석
96d616eae439029d,TID_STARTER_TH2_LOOTGOLD,골드 약탈자
135bdda861b2c39a,TID_MEMBERS_SORTED_BY_TROPHY,최다 트로피
50c8180e0f95daab,TID_TUTORIAL_SMITHY_2,영웅들을 더 강하게 만들 장비들을 잠금 해제하고 업그레이드 할 수 있습니다!
b4044e8994d4ba19,TID_CHAT_RULES_PRIVATE,항상 개인 정보를 소중히 지켜주세요.
ed12cf6ffe5aff38,TID_EDIT_MODE_ERASE_OFF,터치 제거 꺼짐
0c9e850e59f7bcd3,TID_CLANGAMES_TASK_GET_LEVELKILLS_VS_BARBARIANKING,킹 레벨 사냥꾼
a56be438a0bc2da7,TID_END_BATTLE_BUTTON,전투 종료
70ef1f93a9cb6854,TID_UPGRADE_SHIPYARD_TO_SAIL,배를 수리해 새로운 곳을 방문하세요!
ab2f504158ef3ce1,TID_CLANGAMES_TASK_INFO_DESTROY_BB_XBOW,장인 전투에서 <building> <num>개 파괴
e410339c16af8158,TID_TUTORIAL_STARTER_CHALLENGE_2A,때로는 새 도전을 잠금 해제할 수도 있죠.
52bc616a90ec2212,TID_POPUP_GOBLIN_HELPER_DISCLAIMER,장인의 집이 5채 있다면\n제가 건설을 도와드릴 수 있어요.
25b6b381ddd266ac,TID_BATTLEPASS_TASK_WIN_BATTLES_USING_RAGE_INFO,멀티플레이 전투에서\n분노 마법을 사용해\n<num>회 승리
91fe20ff391093c6,TID_OFFER_SEASON_CHALLENGES_TEXT,시즌 도전에서 최대 20배 가치 상당의 보상을 획득하세요!
feb70539012b1ad8,TID_ADD_FRIEND_ERROR_GENERIC,친구 초대를 보내지 못했습니다. 나중에 다시 시도해 주세요.
e586f26872ee06ff,TID_SPELLS_INSIDE,마법 저장소 공간 사용: <number> / <number2>
6797443b0715845b,TID_ALLIANCE_WAR_SPECTATOR_MODE,전쟁 관전
0d93e9bdb18b0185,TID_BATTLEPASS_TASK_WIN_BATTLES_USING_LAVAHOUNDS,식지 않는 용암
a20718335ab49255,TID_ALLIANCE_WAR_WAR_STARTING,전쟁이 선포되었습니다.
1bcbd83eda06f50e,TID_CLANGAMES_TASK_DESTROY_BB_GOLDSTORAGE,골드 저장소 약탈
fd2a21f9e9af287d,TID_DECORATION_BATTLEMACHINE,배틀 머신 조각상
b0a78088a12dd47b,TID_CAPITAL_DISTRICTS_DESTROYED,파괴된 구역: <progress>/<total>
c9687c70a2b0e3a1,TID_SHUTDOWN_ATTACK_DISABLED,점검이 끝날 때까지 공격할 수 없습니다.
832665b29cd70a2e,TID_GHOST,로얄 고스트
d9ec1e4fee79a1cb,TID_RAID_DATA_ERROR_INTERNAL,습격전 세부 정보를 불러올 수 없습니다. 나중에 다시 시도해 주세요.
c864da647febdd09,TID_CLANPERK_DESC_DONATION_REFUND,지원 반환:
040e1ae20a099cc3,TID_BUTTON_CLOCKTOWER_SPEEDUP,지금 가속!
61e42fec4171cb86,TID_DEVICE_LINK_ERROR_ALREADY_BOUND_TO_ALL_PLATFORMS,현재 마을은 이미 연동되었습니다. 마을은 한 번만 연동할 수 있습니다.
6b783645bd2fdbfd,TID_CAPITAL_RAID_VISIT_FAILED,구역 정찰 실패
d97d8c852dbaeec2,TID_ALLIANCE_TYPE_CLOSED,비공개
dd8854faebbddb2b,TID_DECORATION_SNOWMAN,눈사람
244871b18afec851,TID_FB_TRACKING_TITLE,Facebook 로그인 업데이트
551525b3a74d5e23,TID_STARBONUS_WINDOW_TREASURY,보너스 전리품이 금고로 전달되었습니다!
efd1708a3a315283,TID_BP_ACTIVATE_SCID_TITLE,골드 패스 받기
2fde2d1f7f6c152a,TID_NEWVILLAGE_LOG_SEARCHING_INFO,상대와 공격을 주고받으세요. 더 성공적으로 공격한 쪽이 승리합니다!
aaa6e36b39cc7016,TID_NPC_CHALLENGE_TH11_LAVALOON_HOUNDS2,<c54a0fe>라바 하운드</c>를 하나 더 배치하세요.
ec4f369b18b8e356,TID_NPC_CHALLENGE_TH9_LAVALOON_BARBARIAN_KING_2,아처 퀸이 장벽 밖으로 뛰어나오면 <c9916c8>바바리안 킹</c>을 배치해 공격하세요.
5944bd690dd6506d,TID_ALLIANCE_WAR_SCOUT,정찰
e655de55f380e344,TID_LOCAL_NOTIFICATION_EVENT_SPECIAL_TROOP,"대장님, 기간 한정으로 특별 유닛을 사용할 수 있습니다!"
991b9bfe7e714f8c,TID_SHOP_CATEGORY_TREASURE,충전
043b4f7244358f02,TID_DIAMOND_BUNDLE_TH4,마을회관 4 팩
7cbf6eabbc824ea5,TID_DIAMOND_BUNDLE_MAGICITEMS_HERO_BOOK_WITH_RESOURCES,영웅의 책 팩
f7a9b483dc90b381,TID_EDIT_MODE_SAVE_FIRST,먼저 마을을 완료해야 합니다.
c391b6f872f0a149,TID_MAINTENANCE_ESTIMATED_MINUTES,약 <value>분 후 다시 시도해주세요.
de977954a5dc8d46,TID_GOBLIN_THROWER,고블린 투척기
d01b48397012aa86,TID_ANTIADDICTION_NO_REAL_NAME_VERIFIED_2,실명 인증이 완료되지 않아 중독 근절 시스템에 의해 플레이가 제한됩니다. 법정 공휴일 일일 최대 플레이 시간인 3시간에 도달했습니다. 실명 인증을 완료하려면 공식 웹사이트를 참조해주세요. 실명 인증을 완료한 뒤에 로그인할 수 있습니다.
d08fe5919dc42c3b,TID_NPC_CHALLENGE_TH13_HYBRID_HEAL,<cffe346>치유 마법</c>을 사용해 <c54a0fe>광부</c>와 <c54a0fe>호그 라이더</c>를 지키세요.
03d395e6ca62e1e9,TID_BUTTON_SHARE_LAYOUT_CHAT,클랜 채팅에 공유
242cb1225331d828,TID_EP_PERK_INCREASE,<num>%\n<perk>
7db56eb4dc20b809,TID_DEVICE_LINK_ERROR_NOT_ATTACHED_TITLE,Game Center 계정에 등록되지 않았습니다.
04356a47bcc88ae1,TID_MAINTENANCE_COMING_SOON_TEXT,"안녕하세요, 대장님! 서버 점검이 곧 시작됩니다. 최대한 빨리 돌아오겠습니다!"
38a5063e4e83c323,TID_INFERNO_TOWN_SCENERY,인페르노 전쟁 기지 배경
f6228572f57f5c1e,TID_WAR_EXCLUDED_MEMBERS,제외된 클랜원:
fa3cada712a2b51f,TID_VALENTINES_QUEEN,하트 헌터 퀸
009778ba4352ba87,TID_POPUP_STORE_OBSTACLE,장애물을 보관할까요?
544345bc1402ee04,TID_ACCEPT_NOT_AVAILABLE_IN_MODE,요청에 답하려면 마을로 돌아가세요!
359178311004a5f8,TID_GATE,출입문
4d151c16b3d1a255,TID_EPIC_MAGIC_SCENERY,멋진 마법 배경
be8958e26495e7e8,TID_CLANGAMES_TASK_INFO_DESTROY_BB_GIANTCANNON,장인 전투에서 <building> <num>개 파괴
770aa0897617b3c9,TID_NPC82,차가운 불꽃
955457088c83b382,TID_NEWS_CW_BD_GIFTS_TITLE,클랜 선물!
9e6057a64a47ee88,TID_BOOSTER_FREE_TROOP_UPGRADE,유닛 해머
1d969bc43d76049e,TID_GEAR_VAMPSTACHE,흡혈 수염
e84b2ff572907f8c,TID_CLAN_SETTINGS_NO,아니요
5a3aa1f52d471a6d,TID_BATTLEPASS_TASK_GET_FRIENDLY_HOMEBATTLESTARS,최정예 연습벌레
39cd156391c2a692,TID_CLANGAMES_TASK_INFO_GET_LEVELKILLS_VS_ROYALCHAMPION,멀티플레이 전투에서\n처치한 로얄 챔피언 레벨의 합: <num>
6f4d0ad2c435f8c1,TID_REPLAY_NOT_AVAILABLE_IN_MODE,리플레이를 보려면 마을로 돌아가세요!
181f8a13e894ce70,TID_DECORATION_10YEAR_BIRTHDAY_STATUE,고블린 왕의 조공
6630bd558649209b,TID_STAR_BONUS_BONUS_TEXT_BONUS,진행 중인 별 보너스 이벤트에서 <num>배 보상을 받았습니다.
5c0ef188cfba0d17,TID_OFFER_SEASON_CHALLENGES_TEXT_3,최대 20배 가치!
7a24e66ab1c3a2e5,TID_ROGUE_CHAMPION,도적 챔피언
ee9016cc8caa3339,TID_DIAMOND_BUNDLE_MAGICITEMS_RESOURCE_POTION_INFO,• 보석 <gems>개\n• 자원 포션 x<booster1>\n• 보관량 제한이 없습니다!\n\n자원 정제소 최대 가속!\n\n놓치지 마세요!
40317995d0bc6bd3,TID_WL_INFO_SIGNUP_TAB2_HEADER,보상
4c0a0e22563e9e6b,TID_CLANGAMES_TASK_USE_BABYDRAGONS2,스트롱 베이비 드래곤
84ef7f5baa5e80b4,TID_CHALLENGE_HEADER,클랜원이 마을을 공격할 수 있게 친선 전투를 신청하세요.
f1565b776ca51a89,TID_WARNING_CANNOT_COPY_LAYOUT_WHILE_EDITING,다른 배치를 편집하는 동안에는 배치를 복사할 수 없습니다!
327cd1a3dcd079a4,TID_HERO_STATS,영웅 부스트
5804e2e72a4db681,TID_BB_STAR_BONUS_POPUP_TITLE,별 보너스!
60210fedc440ef44,TID_SCENERY_CHAMPION,챔피언 배경
31fb3ae292a42a38,TID_BUILDING_XBOW2_INFO,무시무시하게 강력한 화살을 쏘아댑니다. 지상 및 공중 유닛을 공격할 수 있습니다.
919e41919ebf7406,TID_REENGAGEMENT_CHALLENGES_FINISHED_1,"잘하셨어요, 대장님! 이제 여정을 계속할 준비가 되었습니다!"
00d0f5f6541165fd,TID_NPC_CHALLENGE_SPELLS_TO_CLEAN_UP,남은 마법을 사용해 마을을 완파하세요!
9e80aee7f69254cc,TID_ERROR_NAMES_DONT_MATCH,이름이 일치하지 않습니다. 다시 시도해주세요.
968a51065ca0c671,TID_ICEGOLEM,얼음 골렘
38ee5f39287ac03c,TID_CLANGAMES_TASK_WIN_STARS_USING_INVISIBILITY_INFO,멀티플레이 전투에서\n투명 마법을 <num2>번 사용해\n별 <num>개 획득
afc4a6003e984734,TID_UNLOCK_BUILDING_MULTIPLE,잠금 해제:
20d9529750f32c61,TID_COMPLETE_PREVIOUS_CHALLENGE,이전 도전을 완료하세요
507f925d5745c0ed,TID_CHANGE_LEAGUE_WAR_PARTICIPANTS,전쟁 참가자 변경
b77092842d8e02fc,TID_BOOSTER_CLOCKTOWER_INFO,마법의 톱니바퀴를 가루 내 만든 이 포션을 사용하면 <time> 동안 시계탑이 빨라집니다. 장인기지에서 사용할 수 있습니다!
ffd618bb85dc77d0,TID_DIAMOND_BUNDLE_MAGICITEMS_EVERYTHING_BOOK_WITH_RESOURCES,궁극의 책 팩
f508c8c1c878cbbf,TID_UPGRADE_ARTO_INFO,업그레이드하려면 아래 작업을 완료하세요. 4개 작업을 모두 완료하면 마스터 장인의 최신 발명품인 B.O.B을 잠금 해제할 수 있습니다!
b9a694cc21eac673,TID_TUTORIAL_OWN_HOUSE_3,마음에 들지 않으면 여기에서 직접 변경할 수 있습니다!
543300ace1f75334,TID_ALLIANCE_WAR_NOT_PREPARED_FOR_WAR,전쟁 준비 중...
05d5dc6a1847035e,TID_POISON_CLOUD_INFO_SHORT,독성 웅덩이를 만들어 적을 느리게 만들고 피해를 줍니다.
d9511b48eacab1d2,TID_CLANGAMES_TASK_DESTROY_KINGALTARS,바바리안 킹 제단 파괴
31a3692c060d7b4c,TID_ACHIEVEMENT_DONATE_CAPITAL,클랜 캐피탈에서의 업그레이드를 위해 <number>캐피탈 골드 기여
79177be2ae220b32,TID_BOMBER_ABILITY_HELP,두 번 땅에 튕기며 튕길 때마다 <num>의 피해를 줍니다.
f95a35af14bf9f18,TID_EVENT_ACHIEVEMENT_REWARD_CLAIMED_BOOSTER,이벤트 종료! <name> 획득!
5ed1fb3b6bc0805c,TID_REENGAGEMENT_OWN_VILLAGE,내 마을
101dbc48ea99746f,TID_MAP_LOCATION_4,야만국
062b1a13c29f018b,TID_TRADER_CAPITAL_TAB,습격전 메달
22af8c6b5832f9b6,TID_SETTING_AUTO_USE_HERO_ABILITIES_INFO,"이 옵션을 켜면, 곧 쓰러질 영웅이나 유닛들이 가능한 경우 능력을 사용합니다."
d4e7baff1a147e2c,TID_NEWS_SAFEGUARD_TEXT_ANDROID,Google Play 로그인을 통해 진행 중인 마을 정보를 안전하게 유지하고 여러 대의 Android 기기에서 게임을 즐기세요.
7f40ef7c7cef8bf9,TID_WL_WARLESS_DAY_INFO,오늘은 다른 클랜이 전투 중입니다. 내일 있을 전쟁을 준비하세요!
64ec4a0e1dfc4361,TID_BUILDING_BARRACK,훈련소
fbd92468d4c95edc,TID_LOOT_LIMIT_RESET_NOTIFICATION,"대장님, 장인기지의 전리품을 더 받을 수 있습니다! 용감하게 싸우세요!"
f5f5cb614c6b8e67,TID_BUY_MULTIPLE_BOOSTERS,<name> <amount>개
f6d86a9436693eb7,TID_WL_TAB_CLAN_WARS,시즌 기록
9201781e88a6f660,TID_BB_BATTLE_LOG_DEFEAT,패배
d05f2645d2d1fba6,TID_BOOSTER_FILL_ELIXIR2_STORAGE,장인기지 엘릭서 룬
72345bbd9469c28b,TID_NEWS_ECONOMY_TEXT2,\n• 일부 유닛의 훈련 시간이 감소했습니다.\n• 일부 마법의 제작 시간이 감소했습니다.\n• 일부 유닛과 마법의 제작/훈련 시간이 감소했습니다.
5c5e53f9149d3760,TID_DECO_QUARRY_5,채석장
90d8139396a4733b,TID_HINT_SINGLE_PLAYER_REWARDS,골드가 부족한가요? 싱글플레이 모드를 통해 고블린에게서 약탈하세요!
c48ea08d2f324e2f,TID_CHARACTER_INFO_YETI,"이 무거운 털북숭이는 추운 날씨와 친구인 베이비 예티들을 매우 좋아합니다. 예티가 다치면, 베이비 예티들이 굉장히 화낼 겁니다!"
4fbe6fa7c220e5e4,TID_SUPER_BOWLER,슈퍼 볼러
c07bcde8b0ef5883,TID_LEAGUE_UNRANKED,랭크되지 않음
0ef49f31c379feaf,TID_BOOKMARK_ADDED,북마크 추가됨
365827bee1f4e432,TID_RESTART_REPLAY_BUTTON,다시 시작
38d4637d1d62529a,TID_BARBARIAN_KING_INFO_SHORT,가장 크고 살벌하고 강인한 바바리안입니다.
ef9c04b67258ae62,TID_CHARACTER_INFO_ARCHER,전장뿐만 아니라 일상생활에서도 거리 두길 좋아하는 명사수입니다. 집중해서 공격 대상을 파괴하는 것이야말로 이들의 진정한 행복입니다.
5aa08aa525ddcaf4,TID_JOIN_NEW_CLAN_WHILE_IN_CLAN_TITLE,클랜 탈퇴
e4cc48642d5bbdc9,TID_HINT_CLAN_CASTLE,클랜 성에 머무는 유닛은 마을을 함께 방어합니다.
bab3e10be8ca57e2,TID_STAR_BONUS_BOOST,별 보너스 부스터
6bfbab2a91d76c5f,TID_CANNON2_INFO_SHORT,쓸 만하다면 역시 클래식한 게 좋죠.
b929d2e04b710e94,TID_TUTORIAL_FORGE_CRAFTING_2,"시간이 좀 걸리겠지만, 캐피탈을 더 빨리 발전시키는 데 도움이 될 수 있습니다!"
6faf52c0e6d5a3f9,TID_COME_BACK_NOTIFICATION_LARGE,마을이 대장을 기다리고 있습니다! 어서 돌아오세요!
80c5a7aaf34aed65,TID_INFO_HOUSING,인구수:
f02f132662632168,TID_CLANGAMES_TASK_INFO_DESTROY_AIRSWEEPERS,멀티플레이 전투에서\n<building> <num>개 파괴
2cab42d80e4486cd,TID_EVENT_PASS_PURCHASE_TITLE,이벤트 패스를 획득하세요!
9fc6feba2e7dcad0,TID_VILLAGE_OBJECT_SHIP,배
a243b86a511179ac,TID_MORE_FACEBOOK,최신 뉴스를 제공합니다! Facebook에서 함께해 주세요!
e7c04e54cd74b65f,TID_HERO_HEAL,영웅 치유량: <number>
1cd011771259e9c8,TID_DIAMOND_BUNDLE_TH6_INFO,• 보석 <gems>개\n• <res0> 골드\n• 바람 방출기 1레벨\n\n즉시 건설할 수 있고 보관량 제한이 없습니다!\n\n이번 한 번뿐인 <cffec78><value>배 가치</c>의 구매 기회를 놓치지 마세요!
fe771a2e74923c05,TID_ALLIANCE_DONATE_HEADER,지원군 지원
bf64f06857c8b3d3,TID_ACHIEVEMENT_DESTROY_XBOW_TITLE,대형 석궁 척살자
3dedf011b8009414,TID_REPORT_REASON_ABUSIVE,辱骂
ea71de7dc0f20df9,TID_CLANGAMES_TASK_DESTROY_INFERNOTOWERS,인페르노 타워 파괴
f4eb39ee061f5408,TID_LEAGUE_GOLD2_SHORT,골드 II
6c46a2d645e6d7fa,TID_ALLIANCE_GAMES_EXPIRED_TASK,시간 초과
91cb21f2fe46ff25,TID_BATTLE_START_TIME,전투 대기 시간:
665e2dcdd4208ace,TID_PART_HOUSE_ROOF,클랜 하우스 지붕
6e09d15b2adb7e9a,TID_REENGAGEMENT_LAB_DID_UPGRADES_SOME_LEFT_2,마법사들이 대장님을 대신해 연구를 몇 개 끝내놨나 봅니다.
686546a92cef95d2,TID_ATTACK,공격
737860dd44ec5096,TID_POPUP_GOBLIN_BUILDER_HEADER,대장님!
c38d507f7f8d8949,TID_BB_LEAGUE_ITEM_REQUIRED_STARS,필요한 별 수:
924d7947127a4e32,TID_CONFIRM_SCENERY_PURCHASE_TITLE,배경 구매!
f817750e21add448,TID_ACHIEVEMENT_VICTORY_POINTS_COMPLETED,트로피 기록: <value>
4c620df8c492b001,TID_CLANGAMES_TASK_USE_ARCHERS,아처 어택
57f0a074f306e63a,TID_GIFT_CLAIM_FAIL_SERVER,선물을 받지 못했습니다. 나중에 다시 시도해 주세요.
3ef1ae069b51ee0c,TID_ACHIEVEMENT_VS_BATTLE_TROPHIES_TITLE,챔피언 장인
087161d2dfdf8ffd,TID_CLAN_GAMES_LEAVING_SOON_UNKNOWN_REWARDS,이런! 클랜 게임의 결과를 확인하는 걸 깜빡하셨어요!
e5d4f3346087f147,TID_CLANGAMES_TASK_USE_PEKKAS,P.E.K.K.A로 패까
429dcd00a00d9db4,TID_BP_POINTS,도전 점수
62707c9841ff932a,TID_PARTY_KING,파티 킹
3736e4f0172e37e0,TID_BOOST_PETS,가속하기:
10816e17e4a809e8,TID_REPORT_REASON,原因
1573cd6dd5c22d9d,TID_FREEZE_SPELL_INFO,"열기가 달아올라도 냉정함은 잃지 마세요!\n\n얼음 마법은 엄청나게 차가운 돌풍을 일으켜 적들을 잠시 움직이지 못하게 하고, 효과 범위 안의 방어 시설들도 무력하게 만듭니다."
3ee32834958e73c6,TID_TUTORIAL_WAR_LEAGUE_8,"각 클랜원은 한 번만 공격할 수 있으니, 헛되이 기회를 낭비하지 마세요!"
e643c923d3d00a69,TID_HERO_ABILITY_BATTLE_COPTER_DESC,배틀콥터가 목표물을 향하여 돌진해 강력한 폭탄을 날립니다. 대폭발 후에는 목표물 주변이 싹 정리되죠. 충전하면 폭탄의 광역 피해 반경과 피해량이 증가합니다!
3fdeda4905725949,TID_CAPITAL_LEAGUE_TITLE,캐피탈 리그
6c9c514dc919a5e4,TID_EXTERNAL_URL_TEXT,대장! 곧 클래시 오브 클랜 세계 밖으로 떠납니다.
1a36cf7fa466e14e,TID_ALLIANCE_WAR_ATTACK_TIME_TITLE,전투일
20ddf2a820d91e49,TID_CLAN_TAG_TALKATIVE,수다
f93a8e3b3af96f8a,TID_ALLIANCE_WAR_OBJECTIVES,클랜 목표
6cf9e7af5b7ce8a1,TID_CLANGAMES_TASK_GET_KILLS_VS_BATTLEMACHINE,머신 사냥꾼
2c037797ecee6f34,TID_BATTLEPASS_TASK_INFO_USE_GOLEMS,멀티플레이 전투에서\n골렘을 사용해\n별 <num>개 획득
13e0282d11fe3af9,TID_WAR_BROWSE,세부 정보
c04eb0543ad8e446,TID_NEWS_ROYALE_INFO,클래시 로얄은 클래시 오브 클랜 세계관을 바탕으로 한 실시간 1대1 신작 게임입니다.\n지금 바로 확인하세요!
5c55df2492e81ad6,TID_CLANPERK_DESC_DONATION_UPGRADE_VALUE,<value>레벨
92ccb81c2fc863fc,TID_SHIELD_POPUP_NONE_TIP,마을이 보호되지 않는 상태입니다. 방어를 준비하세요!
0562436d5b8034df,TID_ALLIANCE_TYPE_INVITE_ONLY,초대 한정
e298648323bfea7c,TID_CLAN_TAG_AMATEUR_ATTACKER,공격 초보
e50ec90cdb47aedc,TID_EVENT_PASS_PACKAGE_INFO,이벤트 패스를 구매해 더 많은 보상을 획득할 기회를 얻으세요!
849be983826672ba,TID_NPC47,P.E.K.K.A 놀이터
b0170a2f28539d5f,TID_SPECIAL_UNLOCKS_AT_LEVEL,특수 능력은 <number>레벨에서 해제됩니다!
bb7f6e028d591eef,TID_ALLIANCE_WAR_ATTACK_FAILED_TARGET_NOT_IN_WAR,전쟁이 시작된 후에 클랜에 가입했으므로 이 전쟁에서는 공격할 수 없습니다!
c3dbe850794fbb1f,TID_ACHIEVEMENT_UNIT_UNLOCK2_TITLE,차세대 모델
f3e1823a0db6a833,TID_OPEN_SHOP_TRAPS,설치
a44221cf615576f1,TID_WL_MEDALS_BONUSES_ALT_GEMS_RECEIVED,클랜전 리그 보상으로 보너스 보석 <num>개를 획득했습니다.
63739c03ee6cd9df,TID_PAINTER_KING,페인트공 킹
8313dc74bdb327e4,TID_COSMETICS_TIER_1,<cffffff>일반</c>
9f39f311bd78a24d,TID_NPC_CHALLENGE_TH10_MINER_WALL_BREAKERS,"다른 <c54a0fe>해골 돌격병</c>을 배치해 장벽을 부수고, <c9916c8>아처 퀸</c>이 안으로 진입할 수 있도록 하세요."
ebac89109045097e,TID_GEAR_INFO_PIERCING_ARROW,마을 전체를 가로지르는 거대한 관통 화살을 발사합니다.
c8bb5023dcd8cac6,TID_MOVE_MASTER_BUILDER_CONFIRMATION_TITLE,이동할까요?
56fa7be36e2b6dce,TID_PRIMAL_CHAMPION,원시 챔피언
6a0bf6d296d865c1,TID_TOWN_HALL_8_INFO_SHORT,지상 전투에 대비하세요.
fc4375f0113a5b62,TID_DIAMOND_BUNDLE_BH8_INFO_ALT,• 보석 <gems>개\n• <res0> 엘릭서\n• <res1> 골드\n\n보관량 제한이 없습니다!\n\n이번 한 번뿐인 <cffec78><value>배 가치</c>의 구매 기회를 놓치지 마세요!
c502d84e7a781b9e,TID_CAN_COPY_ONLY_SAME_DH_TO_YOUR_OWN,자신의 구역회관 레벨과 다르면 배치를 복사할 수 없습니다.
b13f9eb9704dab92,TID_DECORATION_BUILDER_STATUE,장인 조각상
3b47f4f4325ab87b,TID_OVERQUEUE_HELPER_SPELLS,이 마법들은 군대에 빈 공간이 생기면 추가됩니다!
d8393d83b375bb68,TID_CAPBUILD_BARRACKS_MEGA_SPARKY_INFO,반복적으로 유리구슬에 번개를 내려쳐 메가 스파키에게 생명을 불어넣는 곳입니다. 근처를 지나가기만 해도 머리카락이 쭈뼛 선답니다.
718f3d188d81c942,TID_CRAFT_RESOURCES_TITLE,제작을 시작할까요?
bc29593736416975,TID_NOTIFICATION_WL_DAY_CHANGED,새 클랜전 리그가 시작되었습니다. 오늘 전쟁 상대는 <clan> 클랜입니다!
1b75537710bf058a,TID_RESOURCE_CAP_FULL_GOLD,골드 저장소를 더 건설하거나 업그레이드하세요!
1554e001f3d8a4f6,TID_POPUP_ABOUT_TO_SELL,계속 진행할까요?
1c7fa8a65b844d7d,TID_CHARACTER_SIEGE_MACHINE_CATAPULT,화염 투척기
8de1c39b617a791e,TID_LEAGUE_TITANIUM3_SHORT,티타늄 III
1f218f75868b2c21,TID_DOUBLE_CANNON_INFO_SHORT,멋진 쌍둥이 대포가 치명적인 공세를 퍼붓습니다.
9de08fd46aecadb6,TID_CLANGAMES_TASK_INFO_DESTROY_BB_LAVALAUNCHER,장인 전투에서 <building> <num>개 파괴
98fbb26297399e9f,TID_LOCAL_NOTIFICATION_LABORATORY_UPGRADE_DONE,<item>: <level>레벨로 업그레이드 완료!
0e2187269aad4e3e,TID_STARTER_TH5_INFO_UPGRADEBUILDERHUT,상점에서 세 번째 장인의 집 구매
1a568619d5ef48e7,TID_DECO_CLOWN,\q친절한\q 광대
eb4e425215ab1868,TID_LEAGUE_PLATINUM1_SHORT,플래티넘 I
6ec601e250953c25,TID_CLANGAMES_TASK_USE_MAGIC_ARCHERS,정확한 관통
86b2ad1f7639b136,TID_WAR_ATTACK_CONFIRM_CASTLE_TEXT_WITH_SIEGE,클랜 성 병력: <number>
4a7eb4cfb665ec45,TID_BUTTON_RATE_APP_LATER,나중에
3cceb1346179da5e,TID_CLANGAMES_TASK_USE_ELECTROFIREWIZARD,타닥 타닥 일렉트로파이어
66b394b35f151e2d,TID_NEWS_CHALLENGE_BOOST_TEXT,보석 1개로 자원 생산을 가속화하는 업데이트를 기대하세요!
a39e6594a1d2c374,TID_REMOVE_FRIEND_CONFIRMATION,클래시 친구 목록에서 <name> 님을 정말로 삭제하시겠습니까?
0fb627aa2a722a86,TID_DIAMOND_BUNDLE_MAGICITEMS_BUILDER_BASE_BUILDER_POTION_WITH_GOLD_INFO,• <res0> 골드(장인기지)\n• 장인 포션 x<booster1>\n• 보관량 제한이 없습니다!\n\n장인회관과 방어 시설 업그레이드에 필요한 모든 것!
ac6958e370e2bb25,TID_CAPBUILD_BARRACKS_WIZARD,슈퍼 마법사 훈련소
15723f776998c1d6,TID_LEAGUES_DIVISIONS,티어
eda7464c00fb9104,TID_LEGENDS_TODAY_SHIELD_ACTIVE,현재 보호막이 적용되어 있습니다. 오늘은 공격하거나 공격받을 수 없습니다.
7215df02f5090059,TID_MAP_LOCATION_22,마른 호수
defe865c679f60a1,TID_BB_LEAGUE_DETAILS_STARS_COLUMN,별
1297d2671ed0c1a5,TID_TOWN_HALL_2_INFO_SHORT,기본기를 다져봅시다!
1ef850e17b8f1ced,TID_END_BATTLE_POPUP_TEXT,대장! 정말로 지금 전투를 종료할까요?
e54924fd1729db98,TID_COPIED_TO_DEVICE_CLIPBOARD,태그가 기기 클립보드에 복사되었습니다!
cabc9a36b1760522,TID_MULTIDEVICE_INFO_ANDROID,"Supercell ID 계정으로 로그인해서 게임 진행 데이터를 안전하게 지키고, 여러 기기에서 플레이하세요!"
cf751888c013df10,TID_BUNDLE_GEMS_CONFIRMATION,<ce53cff>보석 <amount>개를 받았습니다!</c>
7a1ca600126a2a85,TID_GOOD_VALUE,초특가!
25aac70ab5ecb12b,TID_BATTLEPASS_TASK_WIN_BATTLES_USING_SKELETON_INFO,멀티플레이 전투에서\n해골 마법을 사용해\n<num>회 승리
62e2486000b94698,TID_RIVER_BRIDGE,다리
9c68a5c595f3d5a8,TID_CONFIRM_CONTINUE_WANTS_INVITES_TEXT,여러 클랜의 초대를 거절했습니다. 클랜 초대를 계속 받으시겠습니까?
5e632039f1558195,TID_RESOURCE_PACK_ELIXIR_50,엘릭서 절반 충전
b027a20121f61599,TID_NUMBER_TWO,2
628434c829b0e729,TID_NEWS_UPGRADE_OS_MORE,추가 정보
4a4f606556edf70d,TID_OBSTACLE_LNY_LANTERN_2023,토끼 등불
0bc2209674d7173a,TID_BUTTON_ROTATE_MORE,회전
6ba41f99b5bbfd8c,TID_SPECIAL_OFFER_INFO_EASTER_LIMITED_4999,• 장벽 링 x<booster1>\n• 엘릭서 룬 x<booster2>\n• 다크 엘릭서 룬 x<booster3>\n• 골드 룬 x<booster4>\n\n• 보관량 제한이 없습니다!\n• 해당 특가 상품은 4번 구매할 수 있습니다!\n\n필요한 자원을 획득하고 장벽 레벨을 올려보세요!
7ecf0ea8dcf56147,TID_NEWS_BD_GIFTS_TEXT,클래시 오브 클랜이 5주년을 맞이했습니다! 클랜원들과 함께 축하하세요. <c80d8e8>보석+클랜 선물</c>을 구매할 때마다 클랜은 보너스 보석을 받습니다.
ac3eef6c4bd07990,TID_DIAMOND_BUNDLE_MAGICITEMS_STRENGTH_POTION_ONLY_INFO,• 힘의 포션 x<booster1>\n• 보관량 제한이 없습니다!\n\n대장님의 유닛을 최대 레벨로! 새로운 유닛 조합을 시험해보세요!\n\n놓치지 마세요!
4a190ae6c78022bc,TID_ALLIANCE_WAR_ENEMY_TEAM,적 팀
3a0e2b8cb2492e62,TID_ENDOFSUMMER_OFFER_INFO_TH0712_1999,• <res0> 다크 엘릭서\n• 영웅의 책 x<booster1> - 진행 중인 영웅 업그레이드가 즉시 완료됩니다.\n• <res1> 골드\n• <res2> 엘릭서\n\n• 보관량 제한이 없습니다!\n• 해당 특가 상품은 5회 구매할 수 있습니다!\n\n기간 한정 상품입니다!
e2cb3c867b1676ec,TID_DIAMOND_BUNDLE_MAGICITEMS_BUILDER_BASE_FIGHTING_BOOK_WITH_ELIXIR_INFO,• <res0> 엘릭서(장인기지)\n• 유닛의 책 x<booster1>\n• 보관량 제한이 없습니다!\n\n장인기지의 유닛 업그레이드에 필요한 모든 것!
386396c8f68ba2a3,TID_LEGENDS_DEFENCE_CC_TEXT,다음 리그일의 마을 방어에 사용할 클랜 성 병력을 설정하세요!
6617afc0ccc94c34,TID_GUIDANCE_WRONG_UNIT,올바른 유닛을 선택하세요!
0b1f21a8fc20490d,TID_TRADER_COUNTDOWN,<time> 후에 새 상품이 입고됩니다!
ed17e1767f4eef51,TID_CHARACTER_INFO_HEALER,오직 아군 유닛을 보호하고 치유할 목적으로 살아가는 성스러운 존재입니다. 그녀의 치유력은 모든 유닛에 도움이 되니 방공 시설로부터 그녀를 보호하는 것을 잊지 말아야 합니다!
c623d3965718d475,TID_LEGEND_SEASON_END_INFO,글로벌 순위 <rank>위로 시즌을 마쳤습니다. 플레이어 프로필에 이 놀라운 성과가 기록되어 모든 사람이 볼 수 있게 됩니다.
011afd4efc5ad6cf,TID_CLANGAMES_TASK_WIN_STARS_VS_TITANLEAGUE,타이탄 슬레이어
f85111660aa7e4ec,TID_LEAGUE_CLAY3_SHORT,클레이 III
584d7a87e0ef9c7e,TID_LOCAL_NOTIFICATION_EVENT_SPECIAL_TROOP_GoVaHo,"대장님, 특별 이벤트 동안 골렘, 발키리, 호그 라이더를 사용해 보세요!"
0d09546075def356,TID_LOCAL_NOTIFICATION_GUARD_WILL_DISAPPEAR,"대장님, 가드가 곧 종료됩니다!"
14453ae8c1d706b7,TID_ACHIEVEMENT_DESTROY_WEAPONISED_TH,멀티플레이 전투에서 무기가 장착된 마을회관 <number>개 파괴
81283b9abc35ce01,TID_POPUP_BOOST_BUILDERS_TEXT,<time> 동안 모든 장인의 작업 속도를\n<multiplier>배로 가속할까요?
310111d78c19a90f,TID_DIAMOND_BUNDLE_HERO,영웅
9a4e74839f7fbe63,TID_POPUP_HALLOWEEN_EVENT_END_TITLE,매시업 매드니스 종료!
288fc979b49a67c4,TID_EVENT_SPELL_INFO,<troop>을 할인된 가격으로 제조하세요!
d1bb8d7872234f63,TID_MONTH_4,4월
09f7662f9e8c3fd5,TID_INFO_POP_UP_TOS_PP_BUTTON2,이용 약관
5e927697d0cae698,TID_LINK_DEVICES_ENTER_CODE_TITLE,연동 코드 입력
2b3b626c71fad7b0,TID_ALLIANCE_INVITATION_FAILED_AVATAR_HAS_TOO_MANY_INVITES,초대할 수 없습니다. 플레이어의 수신함이 가득 찼습니다!
8047684f3b66d773,TID_BATTLEPASS_TASK_INFO_WIN_BATTLES_USING_WITCHES,멀티플레이 전투에서\n마녀를 사용해\n<num>회 승리
1202423221f12473,TID_COSMETICS_TIER_2,<cffd345>골드</c>
6b04c4f2d1de4425,TID_CLANGAMES_TASK_INFO_WIN_STARS_WITHOUT_HEROES,멀티플레이 전투에서\n영웅을 사용하지 않고\n별 <num>개 획득
0aafd1e9a114286a,TID_CHARACTER_INFO_WIZARD2,이 전설적인 마법사는 무시무시한 얼음 조각으로 적 방어 시설을 느리게 만듭니다!\n\n기간 한정으로 사용 가능합니다.
ae83c3abaf153f14,TID_SPELL_RECALL_HOUSING,복귀한 유닛 수: <number>
626931772374f4fc,TID_TRAINING_SCREEN_TAB_SPELLS,마법 제조
70b4842964817a1e,TID_UPGRADING_TOWN_HALL_FIRST,먼저 마을회관을 업그레이드해야 합니다.
7901c970235ca35c,TID_WL_COLUMN_STARS,별
55d6813a8b597ece,TID_PTE_PERK_BUILDING_BOOST_DESC,건물 건설 및 업그레이드에 필요한 자원과 시간이 <num>% 감소합니다. 단조 작업소에서 제작 시 필요한 자원과 시간이 <num>% 감소합니다.
7e4f5e3b7714526e,TID_CLANGAMES_TASK_INFO_USE_VALKYRIES,멀티플레이 전투에서\n발키리 <num2>명을 사용해\n별 <num>개 획득
731db9f22f8b8646,TID_ARCHER_QUEEN_INFO_SHORT,자신의 매력만큼 치명적인 대형 석궁으로 건물을 부숩니다.
71f080b71c31f0f7,TID_BATTLEPASS_TASK_WIN_BATTLES_USING_BABYDRAGONS,쏟아지는 베이비
b017f790f512e24d,TID_SPEED_UP_CRAFTING,캐피탈 골드 제작을 지금 바로 완료할까요?
6a6c0868550f7122,TID_SPELL_BATS_INFO_SHORT,전장 어디에나 박쥐를 소환할 수 있습니다.
c18c564d4eaddf15,TID_BP_DAILY_REFRESH_IN,일일 도전 남은 시간:
c0fdad948a566764,TID_CLANGAMES_TASK_INFO_WIN_BATTLES_USING_HEADHUNTER,멀티플레이 전투에서\n헤드헌터 <num2>명을 사용해\n<num>회 승리
254f4e0b7e29b8a1,TID_INVISIBILITY_SPELL_INFO_SHORT,"여기에 있었는데요, 없었습니다."
978fe65d84e29af9,TID_BOOSTER_FINISH_BUILDING_UPGRADE_INFO,마스터 장인이 직접 제작했다고 알려진 이 책을 사용하면 진행 중인 건물 업그레이드가 즉시 완료됩니다. 마을과 장인기지에서 사용할 수 있습니다!
2c68e1fcd131aeaf,TID_CHALLENGE_NOT_AVAILABLE_RAID_SEASON,주말 습격전 동안은 친선 구역 도전 과제를 플레이할 수 없습니다!
ee7692bba0c09fde,TID_CLANGAMES_TASK_DESTROY_EAGLEARTILLERY,독수리 포탑 전멸
8ef7ffe152e01976,TID_NPC_CHALLENGE_TH9_WITCH_WIZARD,남은 <c54a0fe>마법사</c>를 배치해 남은 건물들을 깔끔히 제거하세요.
38432113b94c00d4,TID_TAB_VIEW_VILLAGE,내 마을
3d273d36ab53d0d3,TID_CHARACTER_INFO_MINION_SHORT,원거리에서 끊임없이 공격하는 골칫덩어리입니다.
7e85cb251666a0f9,TID_CHARACTER_INFO_SKELETON_BARRELS,축제라도 벌어지는 줄 아셨나요? 사실 이건 하늘의 해골 군단입니다. 모든 풍선이 터지고 나면 지상의 해골 군단이 됩니다.
f4ce4fc4e5b78ff1,TID_DIAMOND_BUNDLE_TH11_UPDATED_INFO,• 독수리 포탑 1레벨\n• 영웅: 그랜드 워든\n• <res0> 다크 엘릭서\n\n즉시 건설할 수 있고 보관량 제한이 없습니다!\n\n이번 한 번 뿐인 <cffec78><value>배 가치</c>의 구매 기회를 놓치지 마세요!
eb609e12e71c7049,TID_COSMETIC_ESTATE_3X3_WOODEN_CABIN_INFO,정사각형이 주는 안정감과 동시에 보다 넓은 공간을 원하는 주민을 위한 집입니다.
d265d4d23f444837,TID_TOXIC_MINION,베타 미니언
ee7abb9ba4527738,TID_CAPITAL_RAID_DISTRICT_STILL_LOCKED,아직 이 구역을 공격할 수 없습니다.
7bf2cc6ddc155bbd,TID_DECO_GOBLIN_CELLAR,고블린 지하실
13cae0b43dac50dc,TID_MISSION_REWARD,보상:
8c26189a9df6e501,TID_CHARACTER_INFO_GRAVE_GOLEM,바위처럼 단단한 골렘의 투지와 마녀의 어두운 마법이 결합된 이 괴물 같은 조합은 적의 방어를 삽시간에 무너뜨립니다!
948264f90602ff90,TID_RESEARCHER_MENU_ALL_UPGRADED,모든 업그레이드 완료
9c2fe42acfddd48a,TID_NAME_INSTRUCTIONS,다른 플레이어에게 표시될 이름을 입력해주세요! 나중에 설정에서 이름을 변경할 수 있습니다.
9b64530fd3a0f5d3,TID_ALLIANCE_PROMOTE_BUTTON,<role>로 승급
cb4c44bb277766c9,TID_CAPITAL_ARMY_SAVE_FAILED_UNIT_NOT_AVAILABLE,이 클랜에서 사용할 수 없는 유닛이 선택되었습니다.
72a7350ae0e54518,TID_BP_SKIN_UNLOCKED,<skin> 잠금 해제!
a0c517fe41d59076,TID_CHARACTER_MEGA_SPARKY,메가 스파키
8d9f73df69c4c52a,TID_NPC78,수상한 공백
c9b188d84bd354bb,TID_NEWS_UPDATE_AIR_MORTAR_TITLE,
3077194c4f4d8d2a,TID_ACHIEVEMENT_DESTROY_TOWNHALL2_COMPLETED,파괴한 장인회관: <value>
58a441de0c455ed8,TID_BATTLEPASS_TASK_WIN_BATTLES_USING_FREEZE_INFO,멀티플레이 전투에서\n얼음 마법을 사용해\n<num>회 승리
42375472fc57a9b1,TID_RAID_INFO_TAB_REWARDS_TITLE,보상
3e67a5d11d0cbd36,TID_CAPITAL_PLAYGROUND_DEPLOY_AREA_EXPLANATION_2,초기 배치 영역은 기다란 풀 내부에 있습니다.
b745705571a8fae9,TID_FEATURE_HERO_GEAR,장비
837650c210449e03,TID_ERROR_POP_UP_CONNECTION_LOST_TITLE,연결 실패
90c6a6436424f641,TID_WL_BONUSES_FAILED_NO_RIGHTS,대표나 공동 대표만 보너스를 줄 수 있습니다!
49c43b78b954c6d4,TID_CHALLENGE_TH11_EDRAG,일렉트로 쇼
27abc2de9d070d6b,TID_STREAM_SHARED_LAYOUT_HOME,마을회관 <num>레벨 배치를 공유했습니다.
9831dfa959eae95b,TID_RAID_INFO_TAB_ATTACK,대부분의 캐피탈 구역에서 승리하기 위해서는 여러 번의 공격이 필요합니다. 이전 공격에서 입힌 피해는 다음 공격에서도 지속됩니다. 마법 또한 다음 공격으로 넘어갑니다. 더 많은 피해를 입힐수록 유닛 배치 지역이 확장되어 새로운 선택지가 생깁니다.\n\n이 연습 레벨에서 습격전 공격을 시험해 보세요!
383f391639f59b33,TID_CAPITAL_PLAYGROUND_SUPER_GIANTS,<c54a0fe>슈퍼 자이언트</c>를 배치해 피해를 흡수하세요.
3beb74261e3e8746,TID_BP_SKIN_TITLE,영웅 스킨
343fda81401ff02b,TID_NPC_CHALLENGE_TH8_GOWIVA_POISON,<ce98714>독 마법</c>을 사용해 <cf70d16>적 해골 비행선</c>을 느리게 만드세요.
af1d11980f4aaf10,TID_ACHIEVEMENT_WL_STARS_TITLE,클랜전 리그의 전설
be495e6464a585a7,TID_ADD_FRIEND_ERROR_TOO_MANY_FRIENDS_OTHER,친구의 친구 목록이 가득 차있습니다. 나중에 다시 시도해 주세요.
d2e42ebb1f1eb2f1,TID_ALLIANCE_GAMES_COMPLETE_TASK,완료
6dcb86da4224bb74,TID_BUTTON_APPBANK,AppBank 공략
5de43bf2cc4363e9,TID_BATTLEPASS_TASK_INFO_WIN_BATTLES_USING_BATTLE_DRILL,멀티플레이 전투에서 배틀 드릴을 사용해 <num>회 승리
6796f791868796ec,TID_BATTLEPASS_TASK_INFO_USE_BETAMINIONS,장인 전투에서 베타 미니언을 사용해 별 <num>개 획득
b76fe310c980c00b,TID_FORCED_TO_STAGE,<name> 건물은 스테이지 <stage>에 배치되어야 합니다.
be589983c7bfdc37,TID_CHARACTER_INFO_HEADHUNTER,"헤드헌터의 임무는 단 하나, 적의 영웅을 쓰러뜨리는 것입니다. 마을의 약제사 임무를 빼면요. 가벼운 몸놀림으로 장벽을 뛰어넘어 독이 묻은 무기로 적의 움직임과 공격 속도를 느리게 만듭니다."
3814708f918cb87d,TID_SURRENDER_POPUP_TITLE,항복
a27671737ef69d2d,TID_IN_PROGRESS,진행 중
b2f7acf605a61599,TID_NUMBER_ONE,1
c3f7c0e9af561ef6,TID_CLANGAMES_TASK_DESTROY_MV_WALLS,장벽 파괴
1ddd39f19d81ba91,TID_NPC_CHALLENGE_TH11_LAVALOON_WARDEN_ABILITY,<c9916c8>그랜드 워든</c>의 능력을 사용해 <c54a0fe>해골 비행선</c>을 무적으로 만드세요!
8a75aa20e1a70d14,TID_DECO_RUINED_PILLAR,폐허가 된 기둥
5af4781452dd0e06,TID_NPC_CHALLENGE_TH8_GOWIPE_FUNNEL_PEKKAS,<c54a0fe>P.E.K.K.A 2개</c>를 배치해 마을 측면을 깔끔히 제거하세요.
879fc68277145a33,TID_CHARACTER_INFO_SUPER_MINION,슈퍼 미니언의 커다란 머리는 장식이 아닙니다. 안전한 거리에서 적의 방어 시설을 공격하려면 똑똑해야 하니까요! 머리가 너무 커지는 바람에 대공 지뢰를 피할 수 없지만요.
32d451ce03dd8793,TID_NOTIFICATION_CLAN_WARS,클랜전
05d9c4934f4cc3fa,TID_FIND_SPELL_FACTORY,제작소 찾기
3ccf0ac94d61ee44,TID_BATTLEPASS_TASK_INFO_WIN_BATTLES_USING_PEKKAS,멀티플레이 전투에서\nP.E.K.K.A를 사용해\n<num>회 승리
af93b8f238d21cc7,TID_DECO_FIRST_BARBARIAN,최초의 바바리안
6d2a8880f6ab08a3,TID_TUTORIAL_CLANGAMES_1,"안녕하세요, 대장님! 클랜 게임에 오신 걸 환영합니다!"
fa45b6be71e1609d,TID_TUTORIAL_FORGE_CRAFTING_1,"또한, 장인은 기존의 자원으로도 캐피탈 골드를 제작할 수 있습니다."
e6748791f073e1de,TID_SETTING_GROUP_ATTACK,공격 설정
889009db1422576e,TID_NEWS_TH11_UPDATE_LOOT_TITLE,더 풍성한 습격: 전리품과 트로피
c7ea104f062b3b39,TID_FEEDBACK_BUTTON3,다른 문의
0700129bd8e8866c,TID_INFO_PREFERRED_TARGET,우선 대상:
07733c014000e99d,TID_ALLIANCE_WAR_BEST_NO_ATTACK_ENEMY,적 최고 기록 없음
7d40d55063e18462,TID_CAPITAL_PLAYGROUND_WALL_EXPLANATION_2,따라서 <cf70d16>대포</c>에 도달하기 위해서는 장벽을 파괴해야 합니다.
cff60ad55dcbf698,TID_CHARACTER_INFO_PARTY_WIZARD,무대를 주름잡는 파티 마법사의 등장은 언제나 화려합니다! 비트와 파이어 볼을 자유자재로 다루는 파티 마법사는 전투 뒤풀이의 진정한 주인공이죠.
12a9d9ea17f4457e,TID_NPC28,천연의 요새
16467a8aaa83c430,TID_DIAMOND_GIFT_RECEIVED,클랜 선물로 보석 <number>개를 받았습니다!
8fbfaa557c92a69a,TID_CAPITAL_CLAN_XP_REWARD,클랜 XP: <number>
012e87c182cdafb7,TID_YOUR_ATTACK,내 공격:
0f501eae02f7c7ba,TID_SPECIAL_OFFER_EASTER_LIMITED_4999,봄맞이 특가
ecc04aa845f4b724,TID_LEAGUE_BRONZE2_SHORT,브론즈 II
164a94943bae69c0,TID_INFO_FORGING_TIME,제조 시간:
08c0c1f5c44fb7e3,TID_INFO_POP_UP_IAP_NOTE_BUTTON,확인
0b8b4fce8bbd671a,TID_FAVORITE_TARGET_AROUND_HERO,영웅 주위 <num>칸
42ccd3bd74efd202,TID_TRAP_REPAIR_COST,재장전 비용: <number>
afa64ebe7241f08b,TID_CHARACTER_INFO_GOLEM_SEC,작은 골렘은 거대한 골렘 내부에 잠든 상태로 머물다가 큰 골렘이 파괴되면 잠에서 깨어나 전투를 이어갑니다.
12242b526dad58c5,TID_STARTER_TH3_BUILDLABORATORY,광기의 과학
855df70c32ca05f2,TID_EVENT_CHRISTMAS_TRAP_UPCOMING,클래시 크리스마스 2일차!
1a1cbee3fba000c3,TID_NPC_CHALLENGE_TH12_DRAGBAT_DRAGONS,<c54a0fe>드래곤</c>을 일렬로 배치하세요.
2aadb57e1f9e4642,TID_STARTER_INFO_BUILDANY,<num>개의 <building> <num2>레벨로 업그레이드
34bd45128099ea83,TID_STARTER_UPGRADEBUILDING,건물 업그레이드
404be336287eddc4,TID_STARTER_TH2_CLAIMACHIEVEMENT,목표 지향
44275bf40f60f869,TID_CLANGAMES_TASK_INFO_DESTROY_BB_CRUSHER,장인 전투에서 <building> <num>개 파괴
2ecc74a7a52e4035,TID_CLANGAMES_TASK_INFO_DESTROY_QUEENALTARS,멀티플레이 전투에서\n아처 퀸 제단 <num>개 파괴
a4213771d2fb9019,TID_DIAMOND_BUNDLE_MAGICITEMS_FIGHTING_BOOK_WITH_ELIXIR_INFO,• <res0> 엘릭서\n• 유닛의 책 x<booster1>\n• 보관량 제한이 없습니다!\n\n유닛 업그레이드에 필요한 모든 것!
eaebcec12da14623,TID_LEADERBOARDBANNER_TIMELEFT,남은 시간:
4cdf0a7512ac6e69,TID_GP_GET_BANNER_TITLE,골드 패스 구매
4e78b100b7593d1a,TID_CAPBUILD_ROCKET,로켓 포탑
c309c673e947f56b,TID_CLANGAMES_TASK_INFO_DESTROY_INFERNOTOWERS,멀티플레이 전투에서\n<building> <num>개 파괴
85483077523f2dcf,TID_RAM_RIDER_ABILITY_INFO,가장 처음 눈에 띄는 방어 시설을 향해 장벽을 뚫고 돌진합니다!
d44b7d25e08dd309,TID_HINT_FORUMS,클래시 오브 클랜 포럼에 참여하세요! 게임 내 설정에서 더 보기를 참고하세요.
e2c90f1adf6d0287,TID_NOTIFICATION_WL_SIGNUP_STARTED,클랜전 리그에 참가하세요! 승리의 영광과 보상이 대장님을 기다립니다!
6030c333c2932c1f,TID_CLAN_GAMES_TOO_MANY_MEMBERS,너무 많은 클랜원이 클랜 게임을 진행 중입니다.
849efb7c258b73f8,TID_WITCH_GOLEM_ABILITY_HELP,몇 초마다 해골 부대를 소환합니다. 처치된 후에는 빅 보이들을 생성합니다.
2a2681d86f3f5c61,TID_TRAP_EJECTOR_INFO,탄력 있는 점핑 트랩은 불청객을 저 멀리 날려버립니다!
44fb87abef62bf61,TID_FRIENDLY_DISTRICT_CHALLENGE_DETAILS,친선 구역 도전 과제 세부 정보
15d3067391adef43,TID_NEWS_CLASHIVERSARY_TEXT,"야호! 클래시 오브 클랜이 5주년을 맞이했습니다! 기념일 축하를 위해 게임에 다양한 특별 선물을 준비했습니다. 새로운 장애물, 특가 상품, 보석 1개 가속 등 많은 선물이 있습니다!\n앞으로 5년 동안도 열심히 만들고... 열심히 부수도록 하죠!"
7752563a3d1d229d,TID_WL_INFO_LIVE_TAB1_TEXT,"<cFCE27F>순위는 어떻게 매겨지나요?</c>\n\n자신의 리그 조에서 다른 클랜 7개와 비교해 현재 클랜 순위를 확인할 수 있습니다. 순위표는 획득한 별 총합을 기반으로 하며, 전투 주간 동안의 클랜 실적을 보여줍니다. 전쟁에서 승리할 때마다 추가 전쟁 별 10개를 획득할 수 있습니다. 별을 더 많이 획득할수록 순위가 올라갑니다!"
0a4f16c3f218cc7d,TID_ALLIANCE_DEFAULT_TROOP_REQUEST_MESSAGE,지원군이 필요합니다.
6f0e35139ffb6197,TID_ERROR_POP_UP_AUTO_DISCONNECTED,활동이 없어 연결이 끊어졌습니다.
64b03e6f50793177,TID_ALLIANCE_WAR_EVENT_25PERCENT_DESTROYED,25% 파괴됐습니다!
0138c3ebfeabbb56,TID_WL_TAB_BRACKET_WARS,라운드
9da35051723ede54,TID_EVENT_TITLE_REGULAR_THEMED_BUILD_TH0212,폭풍 전야
ffeedc0205dbb65a,TID_GOOGLE_SERVICE_BOUND_TO_OTHER_ACCOUNT_TITLE,Google 계정 경고
b417538670e8ff63,TID_ACHIEVEMENT_GOLDSTORAGE_TITLE,더 큰 금고
010bba2bde9f7773,TID_ALLIANCE_MAIN_BUTTON,클랜
44db55ec64cde789,TID_BDRAG2_ABILITY_HELP,다른 공중 유닛들과 떨어지면 공격력이 <num>% 상승합니다.
f2f43f941abe08ec,TID_LAYOUTS_VILLAGE2,장인기지
f70c7b651cdd6bcf,TID_PUSH_UNDER_ATTACK,<attacker> 님이 마을을 공격하고 있습니다!
bc5f528c4bed11b3,TID_INFOBUBBLE_BUILDER_INPROGRESS,업그레이드 중:
20ce44c81bbd3df1,TID_BATTLEPASS_TASK_INFO_DEPLOY_SUPER_TROOPS,멀티플레이 전투에서\n인구수 <num>만큼의 슈퍼 유닛 배치
9f27a5e478d5ee13,TID_SPELL_RECALL_INFO_SHORT,상황이 좋지 않을 땐 군대를 복귀시켜 재정비하세요.
328752387be0dc2f,TID_RAID_INFO_TAB_OVERVIEW_TITLE,개요
0ad2641dfb52f690,TID_REENGAGEMENT_LAB_NO_UPGRADES_SOME_LEFT_2,대장님이 정해주시면 좋지 않을까요?
7fae967030365538,TID_BB_START_ATTACK_POPUP_TITLE,공격 시작
9b18329e4f8d4415,TID_PREMIUM_PASS_PACKAGE_INFO,"이번 시즌 골드 패스로 시즌 도전에서 더 많은 보상을 획득하세요!\n\n전용 보상:\n• 신규 영웅 스킨\n• 보석 1개로 빠른 지원\n• 장인, 연구소 및 훈련 부스트\n• 최대 5배 커진 시즌 금고"
e423b4db11b89d6b,TID_BATTLEPASS_TASK_INFO_USE_PEKKAS,멀티플레이 전투에서\nP.E.K.K.A를 사용해\n별 <num>개 획득
730810f6d970eab3,TID_CHARACTER_INFO_SNEAKY_ARCHERS,한 무리의 은신 아처는 중요한 목표물을 확실히 제거해냅니다. 적에게 들키키 전까지는요.
98502a950981c29c,TID_STREAM_REQUESTED_REINFORCEMENTS,요청한 지원군:
43e8335660928fa5,TID_DEVICE_LINK_ERROR_CODE_SAME_PLATFORM_TEXT_KUNLUN,여러 Android 기기에서 게임을 즐기기 위해 연동 코드를 사용할 필요는 없습니다.\n\n다른 Android 기기에서 플레이하려면 같은 Android 앱 스토어에서 클래시 오브 클랜을 다운로드 한 다음 같은 계정으로 로그인하세요.\n\n게임 진행 상황은 자동으로 동기화됩니다.
861da0ba85f8ecc9,TID_NPC32,철갑 침팬지
0be0ca4c90f14ec6,TID_HINT_ARTILLERY_TARGET,독수리 포탑은 주변에서 가장 강하거나 규모가 큰 병력을 겨냥합니다.
91bc43e8fe3f04e9,TID_EARTHQUAKE_INFO,"강력한 지진으로 장벽과 건물들을 약하게 만드세요!\n\n지진 마법은 건물의 최대 HP에 비례해 피해를 줍니다. 같은 건물에 지진을 반복해서 사용하면 피해량이 줄어들지만, 같은 장벽의 경우에는 피해가 늘어납니다. 지진 마법 네 번이면 아무리 튼튼한 장벽도 허물어버릴 수 있습니다!"
395a09c58d3ca8e2,TID_ALLIANCE_GAMES_TASK_TAB,도전 과제
d87b3220dac36ecf,TID_HINT_CANNON_UPGRADE_NOT_FUNCTIONING,대포와 같은 방어 시설은 업그레이드 중 작동하지 않습니다.
ac72d9a00b2d1821,TID_BP_ACTIVATE_BUTTON,받기
faeb57bb19002884,TID_POPUP_CANCEL_CONSTRUCTION,<item> 건설을 중단할까요? 중단하면 건설 비용의 <number>%만 돌려받습니다.
256ae81cd2f49a49,TID_MEMBERS_SORTED_BY_TOWN_HALL,최고 마을회관
64b9b1dc3daf400c,TID_CLANGAMES_TASK_INFO_DESTROY_WARDENALTARS,멀티플레이 전투에서\n그랜드 워든 제단 <num>개 파괴
8f8bda46de27ecd9,TID_CHARACTER_INFO_HEADHUNTER_SHORT,적의 영웅을 겨냥해 제거합니다!
c3ec283fed987f77,TID_INFO_TARGET_TYPE_GROUND_OR_AIR,지상 및 공중
e1b7f91319dabd9b,TID_TRADER_FEATURE,거래상의 상점
674584e0e4d17a45,TID_HINT_CLAN_TROOP_DEPLOY,"클랜 성에 주둔 중인 지원군은 적이 공격할 때 함께 방어하거나, 공격할 때 배치할 수 있습니다."
5e44da3390f282f9,TID_JUMP_SPELL_INFO_SHORT,장벽을 굳이 뚫지 말고 가뿐하게 뛰어넘으세요!
8d662681b6854e42,TID_GOOGLE_ACCOUNT_ALREADY_BOUND,Google Play 로그인 실패! Google 계정이 이미 다른 계정과 연동되어 있습니다.
15394526fa2b0c73,TID_HINT_ARTILLERY_TARGET3,피격 지점 주변의 적들도 충격파로 인해 일부의 피해를 받게 됩니다.
2dd3d22ee0c64bb4,TID_NPC6,골드러시
8c6080c15943c76b,TID_RAID_MEDALS_INFO,습격전 메달은 클랜 캐피탈 주말 습격전에 참여해 획득할 수 있습니다. 거래상 및 클랜 성에 지원군을 추가하는 데 사용하세요.
780f6ed9284060a3,TID_INFERNO_DRAGON_ABILITY_HELP,하나의 대상을 공격하면 시간이 지날수록 피해량이 올라갑니다.
e6fd8ec972ee42ca,TID_TUTORIAL_SELF_DONATING_2,메달을 사용해 원하는 것으로 클랜 성을 채워보세요.
a95c4e6d665922dd,TID_CLANGAMES_TASK_INFO_USE_BOXERGIANTS,장인 전투에서 복서 자이언트 <num2>명을 사용해 별 <num>개 획득
dd88ab595c6f6cbb,TID_NPC75,드래곤 소굴
9305ebe5854331f7,TID_EVENT_BOOST_SPELL_AND_HEROES,특별 이벤트: 보석 단 하나로 각각의 영웅과 마법을 즉시 준비 완료시키세요! 이벤트는 3월 6일까지 계속됩니다.
3a6f6f13bb300c7a,TID_WARNING_SHARED_LAYOUT_NOT_AVAILABLE,해당 배치는 더 이상 이용할 수 없습니다.
f222b42ec6adf28e,TID_BUTTON_INFO,정보
8ec846bfd0acbf87,TID_NPC4,포탄 돌진
1b5d2fd16d591e74,TID_CREATE_CLAN_PUBLISH_WAR_LOG,다른 사람들이 클랜 프로필에서 전쟁 결과를 볼 수 있도록 합니다.
8e5b20fbb58fad22,TID_CAPBUILD_GUARDPOST_CART,습격 카트 초소
6e8337baf14434dd,TID_EVENT_ARMYSPELL_BOOST,보석 1개로 군대 가속
c345ce01d94005e9,TID_LEAVE_ALLIANCE_BUTTON,탈퇴
1b76c0adcbee7fe9,TID_CHALLENGE_WAITING_TO_JOIN_LIVE,친구가 어떻게 하고 있는지 실시간 리플레이를 보시겠습니까?
9dccc02565a8f589,TID_BUTTON_CHANGE_SPELL,마법을 선택하세요
a0d7599b3cd5df1b,TID_TUTORIAL_SHIP,"대장님, 이제 해안의 난파선을 수리할 수 있습니다."
aa23488d8ba857db,TID_NPC_CHALLENGE_TH11_LAVALOON_INFO_QUEEN,<cf70d16>적 아처 퀸</c>을 상대할 전략을 세워야 합니다.
9350f650788aee1d,TID_TOTAL_HEAL,총 치유량: <number>
3df307fa8c5baecd,TID_AIR_DEFENSE2_INFO,"대공 폭탄은 묵직한 대공 방어 시설입니다. 강력한 폭탄을 계속 하늘로 쏘아 올려, 날아다니는 적들에게 막대한 피해를 줍니다!"
679f06b8941b008e,TID_DISTRICT_GOLEM_QUARRY,골렘 채석장
9f4d904b090cc416,TID_TOO_MANY_SHOVELED_OBSTACLES,옮긴 장애물이 최대 한도에 도달했습니다. 옮긴 장애물 하나를 먼저 제거하세요.
5166059d336eccb2,TID_TUTORIAL_WORKER_MENU2,"이곳에 항상 아이디어를 적어두지만, 대장이 더 잘 알겠죠. 직접 골라보세요!"
0a171da956a267ce,TID_BB_BATTLE_LOG_REPLAY_BUTTON,리플레이
f178551ebc2890cd,TID_DIAMOND_SHOP_PACK,보석 <number>개
a3a3c50de1d89b5a,TID_DECO_LOGMAS_TREE,로그마스 트리
77d83b66961243fd,TID_CLANGAMES_TASK_DESTROY_AIRDEFENSES,대공포 파괴
1f1df9a10581a547,TID_NPC_CHALLENGE_TH10_BOBAT_BATWAVE,<c9916c8>박쥐 마법</c>을 사용해 거대한 <c54a0fe>박쥐</c> 떼를 소환하세요. 박쥐는 남은 방어 시설을 빠르게 제거해 줍니다.
f4d7098c0b410db3,TID_REQUIRED_LABORATORY_LEVEL,<number>레벨 연구소 필요
5775272c0f9c39fd,TID_NPC_CHALLENGE_RAGE_TOUGH_TARGETS,<cf07bf8>분노 마법</c>을 사용하면 어려운 대상을 처치하는 데 도움이 됩니다.
85b7e0f6e3701570,TID_DECO_RAZER_PROMO,Razer 장식
7f41cce21cf1994c,TID_ALLIANCE_WAR_ENEMY_CLAN,적 클랜
b7ac7dd001cfc137,TID_SCID_GIFT_RECEIVED_BODY,골드 패스 선물을 받아주세요!
3ee4623642ddbe10,TID_VALUE_STICKER_CONTENT,<value>배 가치
da5697c64a22d02c,TID_TOWN_HALL_LEVEL_TOO_LOW_2,장인회관을 <number>레벨로 업그레이드해야 합니다!
5c5649ae526dd959,TID_WL_INFO_SIGNUP_TAB0_HEADER,개요
4be269a48ce0d301,TID_INFERNO_DRAGON_ABILITY_NAME,인페르노 빔
0aefd312f2233dd9,TID_FEATURE_BUILDER_BASE,장인기지
ef26b7c97d8ec727,TID_FEATURE_LABORATORY_DESC,연구소 안에 마법사를 데려와 군대를 더욱 강력하게 업그레이드하세요!
bd81f8fc7283d988,TID_MOUNTAIN_GOLEM,마운틴 골렘
8dfd3a99d00b3de9,TID_POPUP_SPEED_UP_BOOSTER_CONSTRUCTION,<booster>을 사용해\n<item> 건설을 즉시 완료할까요?
a024c59971a07400,TID_TREASURY_GOLD,금고 골드
d4af8d5971edb5f4,TID_GIFT_RECEIVED_INBOX_TEXT,보너스 자원 교환을 위해 프로모션 코드를 입력하셨습니다! 왼쪽의 자원이 인벤토리에 추가되었습니다.
bdf2ac5a89c09cb1,TID_SPECIAL_PACK_BUILDER,초보자 세트
e06365fe4d28dca0,TID_BOOST_THIS_BUILDING,해당 <building>
9b5e98221b271d02,TID_BOOSTER_FINISH_TROOP_UPGRADE_OFFER_INFO,유닛의 책 x<num> - 진행 중인 유닛 업그레이드가 즉시 완료됩니다.
5151bdd6e293419f,TID_GOOGLE_PLAY_KUNLUN_LOAD_VILLAGE_TITLE,마을 불러오기
c1cdfa8a49460455,TID_SIGN_TITLE,장인의 메모
7a2e00de732f8c78,TID_TENCENT_LOGIN_PROMPT_BLOCKED_NONE,중독 방지법에 따라 게스트 계정으로 로그인한 경우 실명 인증 절차를 완료할 수 없으며 15일마다 1시간으로 플레이 시간이 제한됩니다.\n\n게임을 계속 플레이하기 위해 QQ 또는 WeChat 계정으로 로그인하여 실명 인증 절차를 완료하시길 권장합니다.
99d18b12488a0310,TID_DIAMOND_BUNDLE_TH6_UPDATED_INFO,• 마법사 타워 3레벨\n• 박격포 4레벨\n• <res0> 골드\n• <res1> 엘릭서\n\n보관량 제한이 없습니다!\n\n이번 한 번 뿐인<cffec78><value>배 가치</c>의 구매 기회를 놓치지 마세요!
bf657412cf78b02b,TID_CHALLENGE_NOT_AVAILABLE_IN_MODE_SCOUT,마을로 돌아가 정찰하세요!
7827c5c9f2483149,TID_INFO_ACTIVATION_TYPE,반응 유발 요소:
a0b9631fb63198b9,TID_CAPITAL_TUTORIAL_2,죄다 왜 이렇게 작죠? 개미들이 사는 마을인가요?
353ecf5d13c512cd,TID_TUTORIAL_STARTER_CHALLENGE_4,여기에서 각각의 보상에 필요한 도전 점수를 확인할 수 있습니다.
8dd58f2a86715f7b,TID_CLANGAMES_TASK_INFO_DESTROY_BB_WALLS,장인 전투에서 장벽 <num>개 파괴
99deec456ab797af,TID_BUTTON_HELP_CENTER,추가 도움말
f3404d1086e6908b,TID_CAPBUILD_SPELLLAB_HEAL_INFO,치유 마법이 가득한 커다란 통을 제조합니다. 근처에서 향기를 맡기만 해도 두통이 씻은 듯이 사라집니다!
674749071c84ce07,TID_CLANGAMES_TASK_INFO_USE_MINERS,멀티플레이 전투에서\n광부 <num2>명을 사용해\n별 <num>개 획득
1042cd4211b19938,TID_BATTLEPASS_TASK_INFO_WIN_BATTLES_USING_WALL_WRECKER,멀티플레이 전투에서 파괴 전차를 사용해 <num>회 승리
9f617e2309450a14,TID_REGENERATION_PER_SECOND,초당 자가 치유량: <number>
aaab66f9b3f5f771,TID_TUTORIAL_STARTER_CHALLENGE_6,"행운을 빕니다, 대장!"
8f8957fcdc4858d9,TID_PLAYER_ATTACKING_YOU,공격 중인 플레이어:
da4316cd3b0cfd61,TID_DIAMOND_BUNDLE_BUILDER_BASE_PACK,장인기지 팩
d8615d92694227af,TID_TUTORIAL_ATTACK_DONE3,"대장님, 최고의 공격을 하셨습니다!\n상으로 전리품을 받았습니다!"
a18d185771ff5c09,TID_HERO_ABILITY_BATTLE_COPTER,폭탄 기습 공격
4cafa8a253827a26,TID_BP_PERK_TRAINING_BOOST_DESC_STARTER,"유닛 훈련, 마법 제조, 시즈 머신 제작에 필요한 시간이 감소하며, 영웅 회복 시간도 감소합니다."
521372498f5e4560,TID_CAPITAL_TUTORIAL_7,"캐피탈 피크에는 따뜻한 온천. 편안한 오두막, 캐피탈회관 등 없는 것이 없습니다."
b7162fed6f138221,TID_POPUP_UPGRADE_NOT_AVAILABLE_TITLE,<character> <number>레벨
83c4c125440b8897,TID_BUILDING_UNDER_CONSTRUCTION,<building> 건설 중!
c85c4289bbab9e69,TID_BUTTON_GET_GIFT,선물 받기
5116819103a72bad,TID_ALLIANCE_GAMES_NO_REWARDS_EARNED,점수가 부족해 클랜이 보상을 잠금 해제하지 못했습니다.
35ad45b37473df81,TID_UPGRADE_CAPITAL_UNIT,<name> <number>레벨로 업그레이드합니다.
c1fd318b279de46f,TID_CLANGAMES_TASK_INFO_USE_WIZARDS,멀티플레이 전투에서\n마법사 <num2>명을 사용해\n별 <num>개 획득
f5bcc49b3702a2c3,TID_ALLIANCE_WAR_ATTACK_FAILED_ATTACK_ONGOING,이미 공격 중입니다. 나중에 다시 시도하세요!
f953d0e7750d2425,TID_POPUP_CANCEL_GOBLIN_UPGRADE_TITLE,업그레이드 중단
d1bb8d7f02243f63,TID_MONTH_1,1월
b85959a9bcf6d07e,TID_NPC_CHALLENGE_TH9_WITCH_GOLEMS,<c54a0fe>골렘</c>을 배치하세요. 골렘이 마을로 돌진해 대부분의 피해를 흡수할 수 있습니다.
cdd925eca2f104dd,TID_BUTTON_PLAY,플레이
1de616a2d77f52e9,TID_SNEAKY_ARCHER,은신 아처
d1c31123a8476752,TID_PRESET_ORIGINAL_TROOP_LEVEL_TOO_LOW,일반 유닛의 레벨이 너무 낮습니다.
d519764b4313d40d,TID_HINT_CLAN_WAR,클랜전에 참가하여 흥미로운 전투를 즐기고 전리품을 차지하세요!
c08a3562212e2f90,TID_VISITING,방문 중
83e1e23cd9657162,TID_TUTORIAL_SEASON_CHALLENGE_6,"건설, 연구, 훈련 및 지원 비용을 줄일 수 있는 특전 효과도 있습니다."
58af792a11c0ff90,TID_LAVA_LAUNCHER_INFO_SHORT,불꽃을 던지는 것보단 용암을 발사하는 게 더 효율적이죠.
df61b6cc569bc494,TID_CLAN_TAG_RELAXED,느긋느긋
d328aa519ec3b770,TID_TOWN_HALL_16_INFO_SHORT,대자연의 힘을 해방하세요!
d1904d0cdd772d79,TID_DECO_GREAT_PYRE,커다란 모닥불 석단
9b6b12ec7f36bd84,TID_CLANGAMES_TASK_USE_YETIS,사나운 털뭉치
230a373474092286,TID_HINT_WALLBREAKER_DAMAGE,해골 돌격병은 적 장벽에 엄청난 피해를 주는 폭발과 함께 사라집니다.
b13d8ba292713adf,TID_COPY_HERE_BUTTON,붙여넣기
9865085c3fbbaf89,TID_CLANGAMES_TASK_DESTROY_BB_ELIXIRSTORAGE,엘릭서 저장소 파괴
1baa297497bf5e38,TID_GAMES_OVERVIEW_TEXT,"클랜 게임은 클랜원과 함께 도전 과제를 완료하고 점수를 쌓아 보상을 얻을 수 있는 이벤트입니다. 클랜이 모은 점수가 많을수록, 더 많은 보상을 클랜 게임이 끝난 뒤에 받을 수 있습니다. 모든 클랜원이 참여할 수 있도록 노력해보세요. 더 많은 클랜원이 클랜 게임에 참가할수록, 더 많은 보상을 얻기가 쉬워집니다!"
69f9adbeaef357c3,TID_GIFT_DIAMOND_PACK_5,보석 금고와 선물
01c6dc44578aed25,TID_CHARACTER_GRAVE_GOLEM,마녀 골렘
914b82aabf465900,TID_PIXEL_WARDEN,픽셀 워든
423e8dae3c50e4b9,TID_TRAP_SUPERBOMB,대형 폭탄
c67ff666ccba0ad8,TID_DECO_RESTORED_BARBARIAN,커다란 바바리안
8c6c56856242d91f,TID_CLANGAMES_TASK_USE_NIGHTWITCHES,암흑 마녀의 박쥐 쇼
210ef57ff2c1c20a,TID_BATTLEPASS_TASK_INFO_UPGRADE_ANY_WALL,마을이나 장인기지에서\n장벽 <num>개 업그레이드
e5f7b6e96726f86a,TID_ATTACK_LOG,공격 기록
b8c47d2f5b1da4cd,TID_VOUCHER_CLAIM_TEXT,보상을 지금 받으시겠어요?
4b4f05b9fe58aef8,TID_NPC_CHALLENGE_TH11_EDRAG_FUNNEL_EDRAG2,<c54a0fe>일렉트로 드래곤</c> 하나를 배치해 측면을 제거하세요.
14a1610c258f7ffe,TID_HERO_ABILITY_UNUSABLE_IN_RECALL,이 능력을 사용하려면 복귀된 영웅을 전장에 배치하세요.
d7eea927d00b3d11,TID_CHARACTER_INFO_HOG_RAIDERS,"라이더와 글라이더의 아름다운 재회, 바로 호그 습격자 군단입니다!"
9b63d8cfdb7e770f,TID_CAPBUILD_AIRBOMBS,대공 폭탄
3e124ca9a78525ec,TID_NEW_BEST,새로운 최고 기록
91e913ab68deb7ed,TID_ARCHER_TOWER2_INFO_SHORT,속사포 공격과 원거리 공격을 전환해 사용하는 방어 시설입니다.
bf453931edee070e,TID_PET_ABILITY_INFO_UNIPONY,유니콘이 주인 영웅을 따라다니며 치유합니다.
352bf94a8bad32fd,TID_ACHIEVEMENT_DESTROY_WEAPONISED_TH_COMPLETED,파괴한 무기 장착 마을회관: <value>
8b0aa91f20774468,TID_ACHIEVEMENT_WAR_LOOT_TITLE,금고 사용자
676ea39d668f82a7,TID_SUPER_HOG_RIDER_ABILITY_INFO,처치되면 호그와 라이더가 분리되어 별개의 유닛이 됩니다.
62a8f15faab55d11,TID_NPC45,전기 충격
1b1c7b274308bcbd,TID_REENGAGEMENT_LAB_NO_UPGRADES_NONE_LEFT_1,모든 연구를 마무리해 연구소가 조용해졌습니다.
f19b148cb5e3229d,TID_CNY_PACK,설날 팩
3cfce97bf6492f7f,TID_CONFIRM_PARTIAL_TRAINING,지정된 유닛들을 훈련할 공간이 부족합니다. 일부만이라도 훈련을 진행하시겠습니까?
72c1e682eadf6c11,TID_BUILDING_BOMB_TOWER_INFO,"폭탄 타워는 근처의 지상 유닛에게 폭탄을 던지고, 파괴 시 폭발합니다! 근접 유닛은 가까이 가지 않는 게 좋아요!"
3b072dcea6602827,TID_CLAN_HOUSE_NAME_OCCUPIED,<name>의 집
03bd19e4366fb5ab,TID_NEWS_UPGRADE_OS_TEXT,"기술적인 여러 이유로 인해, 클래시 오브 클랜의 다음 App Store 업데이트 이후로는 iOS 5.1.1 미만의 지원이 중단됩니다.\niOS 5.1.1 미만 버전의 기기 사용자는 iOS 최신 버전으로 업데이트하기 전까지 클래시 오브 클랜을 플레이하실 수 없습니다.\niTunes를 이용해 iOS를 업데이트하는 자세한 방법을 보려면 '추가 정보'를 터치하세요."
7767fa31b8e6f41c,TID_CHARACTER_SIEGE_BATTLE_DRILL,배틀 드릴
9bbdc17b3a5b277d,TID_YOUR_BONUS,3승 보너스 보상 지급됨!
7209bc77a30b5689,TID_LEAGUE_STONE2_SHORT,스톤 II
3bbd494c8fe01e1d,TID_GC_NOCHALLENGE,새로운 업적 개발
04153db8dee1f324,TID_HERO_ABILITY_WARDEN_DESC,워든이 영원의 책이 지닌 힘을 완전히 개방해 자신과 주위 유닛을 잠시 동안 피해 면역 상태로 만듭니다!
4976e0a7cb6da310,TID_CHARACTER_INFO_LIGHTNINGDRAGON_SHORT,하늘에서 내리는 충격과 공포입니다.
4a299469690aa8b9,TID_CLOCK_TOWER_BOOST_TIME,가속 시간: <number>초
ea34e0d385278134,TID_INFO_TARGET_TYPE,공격 대상:
ecb5b863a9e4c94a,TID_REPORT_DESCRIPTION_DEFAULT,请描述你要举报的内容
9d9f2cb4d98f5f1c,TID_CAPITAL_SPELL_DURATION_ATTACKS,공격 <num>회
53f613720ed5c667,TID_V2_DUEL_FEED_BATTLE_STARTED,전투 시작!
d02202a6e44fe8d5,TID_POISON_CLOUD,독 마법
14aeee8350f46aac,TID_REENGAGEMENT_APOLOGY_3,대... 대장?! 정말 대장님이에요?
e578d9a582a189d7,TID_LEGENDS_LEAGUE_DAY_ENDS,현재 리그일 종료까지:
11492dfb2a8d0807,TID_RAID_WEEKEND_REWARD_TOTAL_TROPHIES,총 트로피:
3b48ef9f3bf4e4be,TID_WAR_LEAGUE_STATS_TITLE,클랜전 리그 이력
5450ae9263812503,TID_BUTTON_CANCEL,취소
9dc21df4a90c4978,TID_NEWS_BALANCING_TEXT,
9f3ea85351492676,TID_CHARACTER_RIDERLESS_HOG,슈퍼 호그
0c532563e8423646,TID_STARTER_TH3_INFO_JOINCLAN,클랜에 가입하세요!\n강력한 지원 유닛 등 다양한 혜택을 누릴 수 있습니다!
158099a8d5b7b8df,TID_BATTLEPASS_TASK_WIN_BATTLES_USING_ELECTRO_TITAN,타이타닉 패닉
7323c51f5453a1b8,TID_INVITE_FRIEND_CONFIRMATION,<name> 님에게 클래시 친구 요청을 보내시겠습니까?
6a2ece3c0cc273aa,TID_CAPITAL_TUTORIAL_6,위쪽부터 시작해 볼까요?
1a094887eaa8f7ca,TID_TRAIN_TROOPS_QUEUE_SIZE,유닛 훈련: <num>/<max>
df2b0c5cdae2163e,TID_CHALLENGE_TH5_LOON,벌룬 퍼레이드
fabb7092655a1597,TID_NPC_CHALLENGE_TH11_LAVALOON_BARBARIAN_KING,<c9916c8>바바리안 킹</c>을 배치하세요.
41846477f9008411,TID_HERO_AURA_WARDEN_TITLE,생명의 오라
1dcb7913a883df3c,TID_SHOP_TITLE,상점
f24c70b2582360df,TID_WEAPON_TOWN_HALL,기가 뇌전탑
65be8ce1e47f3b2e,TID_BP_MULTIPLE_REWARD_FORMAT,<reward> x <num>
88f34cb8fdc31515,TID_BP_PURCHASE_BUTTON_PROMPT,",\qشراء التذكرة الذهبية"
18cb44f5eb789d31,TID_DIAMOND_BUNDLE_MAGICITEMS_TRAINING_POTION,훈련 포션 팩
91d144581e904673,TID_DECORATION_WINDMETER,풍향계
cfdff28185d66bb5,TID_PRIVACY_POLICY_BUTTON_TENCENT,Tencent Game 개인정보 보호 가이드라인
0a826c515f24106b,TID_WARLOCK,마녀
55dcab50e7e1027d,TID_CAPITAL_RAID_AMOUNT_ATTACKS,총 공격 수: <number>
ad7cdf19f679d871,TID_CHARACTER_LAVALOON,라벌
e1d7af25ef90182b,TID_CHINA_REAL_NAME_REGULATION,실명으로 등록됨
985ceacf8030a7a2,TID_DECO_RUIN_ABANDONED_PYRE,버려진 모닥불 석단
dbc1f7f7dba330a5,TID_DIAMOND_PACK_2,보석 가방
96e6eb8e8c633908,TID_SETTINGS_TROOP_REQUEST,지원 가능한 병력 요청만 보기
5bcea2c9094b7ffd,TID_TOWN_HALL_5_INFO_SHORT,마법의 맛을 살짝 볼까요?
baa8fb7d845b2355,TID_BATTLEPASS_TASK_INFO_DEPLOY_SIEGE_MACHINES,멀티플레이 전투에서\n시즈 머신 <num>대 배치
23156c4b5308151a,TID_CLANGAMES_TASK_DESTROY_BB_CLOCKTOWER,시계탑 고장
cbc757dbbdac993f,TID_ERROR_POP_UP_WRONG_CLIENT_VERSION_TITLE,업데이트가 있습니다!
109faf01992558fd,TID_AVATAR_SEARCH_TAG_NOT_FOUND,이 태그로 플레이어를 찾을 수 없습니다.
3faa4679a64c095a,TID_TUTORIAL_PET_SHOP,"대장, 펫 하우스를 구경시켜 드릴게요!"
f8d3a36f91f02edd,TID_CAPITAL_ENDLESS_HASTE_SPELL_INFO,"유닛들의 속도를 무한대로 높이세요!\n\n이 마법을 사용하면 가속의 고리를 만들며, 이 고리를 통과하는 유닛은 남은 전투 시간 동안 이동 속도가 증가합니다!"
2affdaf294d652cb,TID_CLANGAMES_TASK_DESTROY_MONOLITHS,모놀리스 파괴
8b933fc5cf4845b2,TID_JOLLY_SCENERY,크리스마스 배경
dff0ad900fb49988,TID_WL_STAT_POSITION7,7위
a4565b13209bd4ae,TID_HINT_WARLOCK_INFO_2,마녀는 소환한 해골들이 모두 파괴되면 매우 약해집니다.
dc83c7994925ebc9,TID_NPC_CHALLENGE_BOWIGI_HEALERS,먼저 구석에 <c54a0fe>치유사</c>를 배치하세요.
6b3c396325b80ca7,TID_BATTLEPASS_TASK_INFO_START_ANY_UPGRADE,마을이나 장인기지에서\n건물 업그레이드 <num>개 시작
dc4316bf9e0fd8fd,TID_NPC3,고블린 스타일!
e7e5bcaa18cb5a8f,TID_EVENT_TITLE_CLANWAR_LONG,평일 마라톤
9ff977c6a287af4d,TID_DECO_COFFIN,안락한 관
7849235926b143ec,TID_WL_BONUSES_BEING_SENT,보너스를 보내고 있습니다!
ae41faa3d1bc041e,TID_COSMETIC_ESTATE_4X4_LARGE_HOUSE_INFO,"넓은 주거 공간, 좋은 전망, 넉넉한 수납을 자랑합니다."
f715654fb8bc0a4e,TID_ALLIANCE_CASTLE_INFO,"클랜 성에는 클랜원이 보낸 지원군 또는 마법과 함께, 자원을 보관할 수 있는 금고가 있습니다."
bfbf9b0a0df991ea,TID_POPUP_CONFLICTING_ACCOUNT_TITLE,충돌 계정
b9a15a57880f05d6,TID_JOIN_CLAN_INFO_DONATE,군대를 무료로 지원받으세요!
b9041984a8c1c3b8,TID_STREAK_EVENT_COMPLETE_CURRENT_TIER_TO_RUSH,서두르기를 사용하려면 먼저 현재의 과제를 완료하세요.
aa5c2b036554adfa,TID_GEAR_INFO_IRON_FIST,바바리안 킹에게 분노 마법을 적용합니다.
8a89549c3b788810,TID_DECO_LNY24_DRAGON_PINATA,드래곤 피냐타
6390016222d62d23,TID_PIN_NOT_ALLOWED_REGULAR_MEMBER,대표와 공동 대표만이 고정 메시지를 작성할 수 있습니다!
45702cb82de97507,TID_ME_BONUS_POINTS_INFO,이벤트 패스를 구매해 <soft_currency> <num>개를 획득하세요!
7b9477a6faf36385,TID_LNY24_QUEEN,드래곤 퀸
e7c19155438f464f,TID_SPELL_OVERGROWTH_INFO,근처의 건물을 단단한 뿌리에 가두어 방어 공격을 막습니다. 유닛은 함정에 걸린 건물을 무시합니다.
534f78fc6a7eee5b,TID_LOCAL_NOTIFICATION_EVENT_XMAS_2,"대장님, 클래시마스는 얼음 함정과 함께 계속 됩니다! 확인해 보세요!"
a91ba40cc888c1da,TID_INFO_SCREEN_TITLE_UPGRADE,<object>: <cffcc33><number>레벨로 업그레이드할까요?</c>
def6a1819b747665,TID_ALLIANCE_WAR_LOOT_COLLECT_INFO_2,금고와 대장간에서 전쟁 전리품 보너스를 회수할 수 있습니다.
43df877078344a1b,TID_STREAK_EVENT_STREAK_COMPLETED_DESCRIPTION,"축하합니다, 대장님! 모든 연승 기록을 클리어했습니다!"
2d887d855914c59b,TID_PTE_REWARD_LOCKED_NOT_ENOUGH_POINTS,이 보상을 잠금 해제하려면 <soft_currency> <num>개를 더 모으세요!
1428b42ec753a5e0,TID_CHARACTER_INFO_SIEGE_MACHINE_TROOP_CATAPULT,시즈 머신 유닛을 투척합니다.
41511adc49b1dffe,TID_KEYBOARD_CONTROL_GROUP_TITLE_SPELLS,마법 컨트롤
23f8d11a1532d2f4,TID_POPUP_GOBLIN_RESEARCHER_EXPENSIVE_DISCLAIMER,고블린 연구원이 작업하는 데에도 자원과 시간이 필요합니다. 이 경우 현재의 연구를 끝내는 것이 더 저렴합니다.
7a67aaa48659399d,TID_INFO_SCREEN_TITLE_UPGRADING,<object>: <cffcc33><number>레벨로 업그레이드 중</c>
43f9bb6a91de80ed,TID_CLAN_STATUS_CHAT,채팅:
eba15c8f2cd01bd6,TID_STREAK_EVENT_BUTTON_BROKEN,이어하기!
0270d6d7686a1ca4,TID_SUPER_TROOP_AVAILABLE_FROM_EVENT,<event> 이벤트에서 무료로 이용 가능!
e00ae33ca0aa6f6d,TID_JOIN_CLAN_INFO_TOGETHER,함께 싸워 더 많은 전리품을 획득하세요!
dafe57915461f7e4,TID_EVENT_ACHIEVEMENT_BOOSTER_GEM_XP_REWARD_CLAIMED,"이벤트 종료! 보석 <gem>개, <booster> <number>개, <xp> XP를 획득했습니다!"
146f95e2fefece76,TID_STREAK_EVENT_PERK_LEAGUE_BOOST_NAME,리그 부스트
db0b1e62e5ca7571,TID_INFO_SCREEN_PASS_TEASER,골드 패스로 다음과 같이 절약할 수 있습니다!
fe640d53401a17dd,TID_STREAK_DESCRIPTION_TASK_BROKEN,"연승 기록이 깨졌습니다! 연승을 계속 이어가거나, 초기화하고 다시 시작할 수 있습니다."
83daa29703aa7aff,TID_WINTER_QUEEN,북방의 퀸
3b1991f1de7d051e,TID_STREAK_EVENT_BUTTON_BOOSTS,부스트
da67f9230e43a66e,TID_STREAK_COUNTER,<num>/<max>
d7d7948491bf0c12,TID_POPUP_GOBLIN_BUILDER_EXPENSIVE_DISCLAIMER,고블린 장인이 작업하는 데에도 시간과 자원이 필요합니다. 이 경우 장인을 풀어주는 것이 더 저렴합니다.
29512da43ab34c19,TID_MEDAL_EVENT_BUTTON_TITLE,보상
edf2f368a96d19ba,TID_GP_ACTIVATE_COUNTDOWN,패스 활성화 화면 종료까지: <time>
60f29a8e5f1dd2a9,TID_DECO_LNY24_CRAB,소라게
1f612ee4747fa47e,TID_KEYBOARD_CONTROL_SELECT_SIEGE_MACHINE,시즈 머신 선택
6448c014e6eab1a6,TID_CHAT_FEATURES_LIST,-메시지에 <cff8000>@Player</c>를 태그하여 알림을 보내세요!\n-메시지를 길게 눌러 반응을 추가하세요!\n-대표와 공동 대표는 메시지를 고정할 수 있습니다!
6e1f64dfbbbbad87,TID_DECO_SPACE_2024_GLOBE,돌 지구본
a69eafa68700efeb,TID_STREAK_EVENT_STREAK_BROKEN_TEXT,"연승 기록을 계속 이어가거나, 초기화하고 다시 시작할 수 있습니다."
02e5dcf6999ef62f,TID_KEYBOARD_CONTROL_SELECT_TROOP,유닛 <num> 선택
7b9f75697a38a914,TID_LUNAR_KING,드래곤 킹
a7f18e3126fe7309,TID_CHAT_ERROR_THROTTLE,잠시 기다렸다가 플레이어를 다시 태그해 주세요.
4eda8325410665f4,TID_KEYBOARD_CONTROL_SELECT_HERO,영웅 <num> 선택
d9c40bb7dd1facdf,TID_DEAL_END_TIME,특가 종료까지:
7a27ce4330ed2f4d,TID_DECO_DUCK_POND,오리 둥둥 욕조
4b6abe5c8e7eac88,TID_EVENT_CHRISTMAS_TRAP,클래시마스 스페셜: 얼음 함정
ec8a21f97cfe8ce8,TID_STREAK_EVENT_RUSH_STREAK_BUTTON_CONTINUE,서두르기!
c528136f8382ca18,TID_KEYBOARD_CONTROL_ACTIVATE_SPELL,마법 <num> 활성화
bcba7ee87410b950,TID_EVENT_PASS_ACTIVATE_TITLE,이벤트 패스를 활성화하세요!
59dc24c1252483de,TID_GEAR_INFO_HEALER_JAR,치유사 부대를 소환합니다.
56c5d211f86e8336,TID_GEAR_INFO_ROCKET_SPEAR,다음 몇 번 공격의 피해량과 사정거리가 증가합니다.
73261be9e9bfee66,TID_GEAR_INFO_EARTHQUAKE_BOOTS,장벽을 부수고 건물에 피해를 주는 강력한 지진을 일으킵니다.
e638b31353a9f1e7,TID_SIEGE_MACHINE_INVISIBLE,투명 머신
67005ea87024b02b,TID_STREAK_EVENT_BUTTON_RUSH,서두르기!
fc63ffe2db2f1b92,TID_GEAR_INFO_FROZEN_ARROW,명중 시 적을 느리게 만듭니다.
e1f41443eb0fb5c7,TID_GOLD_PASS_PERKS,골드 패스 특전
85cfd8ead052f499,TID_DRAGON_PALACE_SCENERY,드래곤 궁전 배경
96954b9b1637ae80,TID_LAST_ONLINE_MULTIPLE_WEEKS_AGO,<num>주 전에 플레이
4e2b6ca4d36dd361,TID_MEGA_TESLA_INFO_SHORT,\q메가\q는 \q메가볼트\q를 뜻합니다.
3cdb02e37959a09d,TID_BP_REWARD_RESOURCE_INFO,"자원을 모아 마을, 장인기지, 클랜 캐피탈을 업그레이드하는 데 사용하세요!"
436a254649bd3fe1,TID_SETTING_CHAT_TAG,클랜 채팅 태그 허용
91c11d33cf93dd6c,TID_STREAK_EVENT_RUSH_STREAK_TITLE,연승 기록을 더 빠르게 진행하세요!
9bb33aa3fde0b738,TID_CREATE_CLAN_NOTICE_SUBTEXT,클랜 알림은 현재 클랜의 설정이 적용됩니다.
593797dcef456939,TID_EP_ACTIVATE_BANNER_TITLE,이벤트 패스 활성화
4ffaef45df8c9b48,TID_LNY24_CHAMPION,드래곤 챔피언
26baf4342d85aebe,TID_JOIN_CLAN_INFO_FEATURES,"클랜전, 클랜 게임 등을 즐기세요!"
1de9d8c28bad06c1,TID_LOCAL_NOTIFICATION_EVENT_XMAS_1,"대장님, 보석 1개 가속 및 산타의 선물과 함께 즐거운 클래시마스 보내세요!"
34492bc1451dc0a3,TID_JOIN_CLAN_INFO_CHAT,클랜원과 채팅하세요!
dd9b4b3dad52a7f6,TID_CHAT_ERROR_MESSAGE,채팅 메시지 전송 실패: {0}
34c9351a80c0cdde,TID_GEAR_INFO_BARBARIAN_CROWN,분노한 바바리안 무리를 소환합니다.
47b860e702f6daec,TID_FREE_RESEARCHER,연구 끝내기
81751caac96553df,TID_KEYBOARD_CONTROL_GROUP_TITLE_CLAN_CASTLE,클랜 성 컨트롤
411ea9fe90775f40,TID_GEAR_INFO_ETERNAL_TOME,그랜드 워든과 인근의 아군 유닛들이 무적 상태가 됩니다.
308704b82ee1e97f,TID_GOLD_PASS_REWARDS,골드 패스 보상
78629a63fc73128b,TID_JOIN_CLAN_INFO_CAPITAL,클랜 캐피탈에서 함께 건설하고 함께 싸우세요!
88654842266033a7,TID_GEAR_INFO_ROYAL_CLOAK,퀸을 투명화하고 공격력을 강화합니다.
ed12d2cc615644e5,TID_CHAT_PIN_NOTIFICATION_INFO,태그된 플레이어에게 알림을 보낼까요?
b0637439522fd2aa,TID_BUTTON_EDIT_CLAN_SETTINGS,클랜 설정 편집
5fa2a3aed995f4b5,TID_GEAR_INFO_FIRE_IN_A_CAN,가장 가까운 방어물에 폭발하는 거대한 파이어 볼을 던집니다.
f7980c78efbd0788,TID_CHAT_ERROR_INVALID_TAGS,잘못된 태그를 사용했습니다. 다시 시도해 주세요.
3f5b61fdfe8e16ab,TID_OFTHENORTH_BATTLE_MACHINE,북방의 배틀 머신
e943bfdd2af37b4b,TID_DECO_LNY24_ANCHOR,행운의 닻
6d29be43844f4cef,TID_CHAT_TEXTFIELD_TEXT,클랜 메시지...
f998c59ec5761a5a,TID_EVENT_PASS_ACTIVATE_TEXT,이벤트 패스를 활성화하고 더 많은 보상을 받으세요!
88fb18e6bb076cf0,TID_EP_ACTIVATE_COUNTDOWN,이벤트 패스 활성화 화면 종료까지: <time>
0a1cb0afcaaba4cb,TID_CHAT_BUTTON_REMOVE_PIN,고정 해제
42218a28a4eb58da,TID_STREAK_EVENT_REWARD_PERCENT,<num>%
de0cbde248792316,TID_DECO_EGYPT_2024_HOG,호그 스핑크스
abc3b31f87b14c6e,TID_SPELL_HEAL_SPIRIT,힐링 스피릿
6bb4233ee668a46a,TID_BUY_MULTIPLE_MISSING_RESOURCES_TEXT_N3,"부족한 <resource1> <count1>개, <resource2> <count2>개, <resource3> <count3>개를 구매하시겠습니까?"
986686b2218db074,TID_TAB_CLANS_FIND_PLAYERS,플레이어 찾기
359e3c8e455f1b60,TID_SPELL_BAG_OF_FROSTMITES,베이비 프로스티 주머니
7fd12c4db5d53a45,TID_SUPER_TROOP_MENU_EVENT_TROOP,이벤트 유닛
4f9add099a1df3aa,TID_HERO_INSTRUCTIONS_WARDEN,그랜드 워든은 무시무시한 마법 지팡이로 아군의 공격을 지원하며 적을 날려버리는 강력한 마법사입니다. 장벽을 넘거나 공중 유닛과 함께 하늘을 날 수도 있어 어느 유형의 유닛에게든 훌륭한 도움이 됩니다. 방어 시에는 강력한 타워로 변합니다.
5392949dca96ffcf,TID_GEAR_POPUP_DRAG_INFO,아이콘을 드래그해 장비를 영웅에게 장착하세요.
6ee90bfa62c49ea3,TID_STREAK_EVENT_PERK_LEAGUE_BOOST_TOPIC,리그 부스트:
5321ecfc7182d1f1,TID_PIN_ERROR_NOT_IN_ALLIANCE,클랜 소속이 아니므로 메시지를 고정할 수 없습니다.
756b6e60f0ce51e5,TID_PIN_ERROR_THROTTLED,메시지를 더 고정하려면 잠시 기다려 주세요.
b5d8620057a04954,TID_GEAR_INFO_LIFE_GEM,인근의 아군 유닛들이 추가 HP를 획득합니다.
273bbb5087f44eda,TID_EDIT_MODE_BLOCKED,장애물에 막힌 건물들이 인벤토리로 이동되었습니다.
4df5968919bc9792,TID_CLAN_STATUS_ACTIVE,적용
9601035ef46db10f,TID_KEYBOARD_CONTROL_GROUP_TITLE_TROOPS,유닛 컨트롤
befafbd314a264f3,TID_SPELL_OVERGROWTH,과성장 마법
cc24378a0a15b939,TID_STREAK_EVENT_STREAK_COMPLETED,연승 기록 완료!
ce7e8ab68c9b3db5,TID_PIN_ERROR_INVALID_STREAM_ENTRY_ID,오류가 발생했습니다. 나중에 다시 시도해 주세요!
57f7cec01f0539b7,TID_STREAK_COUNTER_STREAKS,연승 기록
14de5e7e3eaf95a2,TID_CHAT_ERROR_UNDEFINED,오류가 발생했습니다. 다시 시도해주세요.
d7d4c6331661371f,TID_STREAK_EVENT_BUTTON_PURCHASE,<TID_STREAK_EVENT_BUTTON_PURCHASE>
394fbf382eb65928,TID_JOLLY_QUEEN,클래시마스 퀸
d23a0651244e0892,TID_GEAR_ALREADY_EQUIPPED,이미 장착한 아이템입니다
1d8603637e17d722,TID_GEAR_INFO_ARCHER_CROWN,아처 부대를 소환합니다.
b9403d4906ce4f1d,TID_CHAT_NO_PINNED_MESSAGES,현재 고정된 메시지가 없습니다.
518e970b2398f05e,TID_GP_ACTIVATE_BANNER_TITLE,골드 패스 활성화
792bf9aaf395025b,TID_EP_ACTIVATE_SCID_CONFIRM,Supercell ID에 사용 가능한 이벤트 패스가 <num>개 있습니다. 이 이벤트에 하나를 활성화할까요?
543c733208be4c01,TID_EP_SUPER_TROOP_UNLOCKED,<name> 활성화됨!
2f2f6f2f5be89e44,TID_BUTTON_CLAN_NOTICE_PUBLISH_INFO_1,현재 활성화된 클랜 알림이 없습니다.
681c8f82077358f3,TID_CLAN_STATUS_WARS,클랜전
ca617c21a50873b2,TID_GRAND_WARDEN_INFO,그랜드 워든은 마법 지팡이로 무장한 베테랑 전략가입니다. 적의 마을을 공격하는 유닛을 지원하거나 마을을 지킬 수 있습니다.
0c20aa6201d37f32,TID_DECO_EGYPT_2024_BABYDRAGON,아기 프타
4b95db886b8148d1,TID_INFO_TARGET_TYPE_DEFENSES_AND_HEROES,방어 시설 및 영웅
8390a231f2b81002,TID_CHARACTER_INFO_FIRECRACKER,"분홍색 머리카락과 불에 대한 열정을 지닌 로켓병은 아처의 활보다 더 강력한 화력을 지닌 무기를 들고 가장 가까운 대상에게 화려한 폭발을 선사합니다. 그 위력이 어찌나 대단한지, 공격할 때마다 엄청난 반동으로 인해 로켓병이 뒤로 밀려납니다. 마치 설날을 축하하기 위한 불꽃놀이를 펼치는 느낌이 들기도 합니다. 로켓병 근처에는 가연성 물질을 두지 않도록 조심하세요!"
a2244493353ef117,TID_HERO_INSTRUCTIONS_QUEEN,다른 모든 아처들을 능가하는 파괴적인 힘을 지닌 사냥꾼입니다. 체력은 낮지만 강력한 대형 석궁으로 멀리 있는 적을 저격합니다. 방어 시에는 맹렬한 자세로 마을을 지킵니다.
52cbf7963222bcf2,TID_STREAK_EVENT_STREAK_BROKEN_TEXT_RESET,연승 기록을 초기화하여 처음부터 다시 시작합니다.
62be2895c5505813,TID_SETTING_CHAT_TAG_INFO,"이 옵션을 \q켜짐\q으로 설정하면, 클랜 채팅에서 내가 태그되었을 때 알림을 받습니다."
e35acd06f11d0af8,TID_POPUP_UPGRADE_WALL_TITLE,장벽 업그레이드!
77b73affa65dbd93,TID_KEYBOARD_CONTROL_SELECT_CLAN_CASTLE,클랜 성 선택
bb1191728d70733e,TID_LAST_ONLINE_ONE_WEEK_AGO,1주 전에 플레이
6b2a5fe0eb6e0d73,TID_DECO_SPACE_2024_GOBLIN_STATUE,고블린 탐험가
35a8f4b92a4667fa,TID_LOCAL_NOTIFICATION_EVENT_XMAS_3,"대장님, 클래시마스 마지막 기간에 얼음 마법사를 훈련해 보세요!"
aa7a2642853c20b6,TID_INFO_SCREEN_TITLE,<object> <cffcc33><number>레벨</c>
ac13240c1f6e64ee,TID_STREAK_EVENT_BUTTON_CLAIM,받기
7e80127eef4a4556,TID_STREAK_EVENT_STREAK_BROKEN_TITLE,연승 기록이 깨졌습니다!
f56796750dbf8e94,TID_CHAT_TAG_ALL_INFO,전체 클랜원 태그하기
268876f4f85b8c4d,TID_GOLD_PASS_ACTIVATE_INFO,이번 시즌의 골드 패스를 활성화하면 위와 같은 보상을 잠금 해제할 수 있습니다!
35e799bc49bea536,TID_STREAK_EVENT_STREAK_BROKEN_BUTTON_CONTINUE,이어하기!
5a40e74a498cb60a,TID_CHAT_TAG_TITLE_ALL,전체
b624dd7530fa9499,TID_ATTACK_RANGE_TILES,공격 거리: 칸
64f4aff25829df7e,TID_BUTTON_CLAN_NOTICE_PUBLISH_INFO_2,클랜 알림이 활성화되어 있습니다.
9ca5424223d7042b,TID_GEAR_INFO_ANGRY_TOME,인근의 아군 유닛들이 추가 피해를 줍니다.
f436837e28975284,TID_SPELL_RADIUS,효과 범위: <number>칸
7718691fc4838740,TID_SMITHY_INFO,"필요한 마법 광석을 가져오면 영웅 장비를 더 강력하게 업그레이드할 수 있습니다! 용광로에서 나는 연기를 이용해 맛있는 바비큐를 만들기도 하지만, 건강에 좋은지는 장담할 수 없습니다."
06ad615789893530,TID_EVENT_CHRISTMAS_TRAP_UPCOMING,클래시마스 2일차!
c64bcc097585908e,TID_BP_REWARD_UNLOCKED_IN_TRACK,트랙에서 보상을 수령할 수 있습니다.
7d04ad897e246b89,TID_HERO_INSTRUCTIONS_BARBARIAN,모든 바바리안 중 가장 크고 제일 용감한 이 바바리안은 막대한 양의 피해를 흡수하고 그의 앞을 막는 것들을 모두 칼로 쳐부숩니다. 방어할 때는 맡은 구역을 철통같이 지킵니다.
06dacda696d52981,TID_CHAT_TAG_LEADERS_INFO,클랜 대표 태그하기
fa0101ad075dc24a,TID_KEYBOARD_CONTROL_GROUP_TITLE_HEROES,영웅 컨트롤
f481211f838c71ae,TID_DECO_LNY24_BABY_DRAGON,베이비 드래곤 조각상
2f5c4c9eb03b10af,TID_GOBLIN_BUILDER,고블린 장인
4d74905f60d2c43e,TID_SPELL_FROST,집중 서리
769658e3a6d3b943,TID_AVAILABLE_IN_SHOP,상점에서 구매 가능!
ceaf8950266ad438,TID_OPEN_STREAK_EVENT,열기
9aeef2e352037ca1,TID_NAME_UNKNOWN,
c1e6af1fc316c906,TID_PIN_ERROR_NO_MORE_PINS,고정할 수 있는 메시지 최대 수에 도달했습니다.
4b9845539023cdb9,TID_HERO_INSTRUCTIONS_ROYAL_CHAMPION,"장벽을 넘어 적들을 무찌릅니다! 로얄 챔피언이 무서워하는 것은 오직 네 가지뿐, 적이라면 전혀 두렵지 않습니다. 그녀의 근거리 공격은 적의 방어를 무너뜨리는 데 아주 탁월합니다."
e134d814f32393d2,TID_CHAT_ERROR_TOO_MANY_TAGS,메시지에 너무 많은 플레이어를 태그했습니다.
b09069f07ae876e7,TID_PIN_NOT_ALLOWED_FEED_FULL,고정 메시지 한도 <num>개 도달!
f6b156c6f3d9052a,TID_GEAR_INFO_HEALING_TOME,그랜드 워든과 인근의 아군 유닛들을 회복합니다.
15d692e8166fea59,TID_INVISIBILITY_SECONDS,투명 마법: 초
eb51dd3d38b06005,TID_STREAK_EVENT_TIME_LEFT,이벤트 종료까지: <time>
a09507c461df3b8d,TID_GEAR_ROCKET_SPEAR,로켓 창
63d27bd5b22750b9,TID_FIRST_TIME_DISCOUNT,첫 구매 할인
6b60e74ebd7f00e0,TID_DPS_INCREASE,초당 피해량 증가량: <number>
9192da049049fe4b,TID_OBSTACLE_BALL,신비한 물체
7e36cc85374e5745,TID_GEAR_INFO_VAMPSTACHE,바바리안 킹이 공격할 때마다 체력을 회복합니다.
5ac304d93630c251,TID_KEYBOARD_CONTROL_GROUP_TITLE_SIEGE_MACHINES,시즈 머신 컨트롤
5c5dacd09ca68e05,TID_CLAN_STATUS_VERY_ACTIVE,매우 활동적
e71481a12ca600c3,TID_GEAR_INFO_HASTE_VIAL,로얄 챔피언에 신속 마법을 적용합니다.
3ee7bd6c7f8d34b5,TID_UNPIN_ERROR_INTERNAL_ERROR,오류가 발생했습니다. 나중에 다시 시도해 주세요.
59e656dcd0c328d8,TID_PIN_ERROR_INTERNAL_ERROR,오류가 발생했습니다. 나중에 다시 시도해 주세요.
77846d223a64e38a,TID_PUSH_CHAT_TAG,클랜 채팅에서 이름이 언급되었습니다.
431be3e51726bdd6,TID_CHARACTER_INFO_WATER_DRAGON,"청룡의 해를 맞이하여 활력과 힘이 넘치는 장엄한 드래곤이 나타났습니다. 봄의 전조로서 땅에는 생명을 주는 비를, 전장의 용감한 전사들에게는 승리를 약속합니다. 높은 HP와 더불어 대상을 관통하여 뒤에도 피해를 주는 이 강력한 유닛은 전투를 더욱 흥미진진하게 만들어줄 것입니다."
5f7bd02301e6a02f,TID_GOBLIN_BUILDER_AVAILABLE,이용 가능!
00808cd00faaabda,TID_SUPER_DRAGON_ABILITY_HELP,대상 주변으로 퍼지는 지속 피해를 줍니다.
f0622bcd4c267d9c,TID_GEAR_FIRE_IN_A_CAN,파이어 볼
933d0b6ac6006f86,TID_STREAK_EVENT_RUSH_STREAK_TEXT,다음 연승 티어를 미리 잠금 해제할 수 있습니다!
cdbc6c3d292b3eb1,TID_SILVER_PASS_REWARDS,실버 패스 보상
f1bf5a942208d941,TID_SUPER_TROOP_ALREADY_ACTIVE_THROUGH_EVENT,이벤트를 통해 이미 활성화되었습니다.
4f09e063c9783f15,TID_CHARACTER_FIREMITE,베이비 파이어
f0e9239fba4eea88,TID_HERO_ABILITY_HEALTH,HP 회복: <number>
a0bc337fcdf79892,TID_POPUP_UPGRADE_WALL_TEXT,<booster> <num>개를 사용해 이 장벽을 업그레이드할까요?
fbd02e5b90f21417,TID_STREAK_EVENT_STREAK_BROKEN_BUTTON_BREAK,초기화!
2a29db3961458f97,TID_UNPIN_ERROR_MESSAGE,메시지 고정 해제 실패: {0}
48465b0bb12a4cff,TID_WINTER_KING,북방의 킹
a4bcc30fca10a3ae,TID_GEAR_RESOURCE_GENERIC_INFO,마법의 광석을 대장간에 가져가 영웅 장비를 업그레이드하세요!
cdc414a644884e85,TID_CHARACTER_WATER_DRAGON,블루 드래곤
52ba95bebc234579,TID_STAR_BONUS_LOOT_HEADER,별 보너스 전리품이 <destination>에 전달됩니다:
c2a409e845866562,TID_EVENT_CHRISTMAS_SPELL,클래시마스 스페셜: 산타의 선물
53b94cee83eedaf5,TID_STREAK_EVENT_PERK_LEAGUE_BOOST_INFO,리그 부스트가 높을수록 공격을 통해 더 큰 보상을 받을 수 있습니다!
f63150f32491b543,TID_EVENT_TRACK_REWARD_INFO_SUPER_TROOP_NOT_AVAILABLE,무료 슈퍼 유닛을 더 이상 이용할 수 없습니다.
aa0ffd56a3fe9cf7,TID_JOLLY_SCENERY,클래시마스 배경
a7bce2f737ce6090,TID_GEAR_RARITY_EPIC,초희귀
bc88f07a94eb0421,TID_EP_ACTIVATE_BUTTON,활성화
6ba7cfabd7df2502,TID_PIN_ERROR_MESSAGE,메시지 고정 실패: {0}
f1093f2bf311548a,TID_PIN_ERROR_NOT_PINNABLE,이 메시지를 고정할 수 없습니다.
cda935212530f681,TID_BUTTON_CLAN_NOTICE_PUBLISH,공지 알림
0ea3318bc1c2054e,TID_ABOUT,Credits\n\n<names>\n\nClash of Clans ™ <version>\nCopyright 2012-2024 Supercell Ltd. All Rights Reserved.\n미국 특허 출원 중\n이 소프트웨어 사용에 관한 모든 내용에는 이용 약관 및 개인정보 처리방침(www.supercell.com)이 적용됩니다.
9aff85094d262a7a,TID_STREAK_EVENT_RUSH_STREAK_BUTTON_CANCEL,취소!
a0b974e2eb1e00cd,TID_CHARACTER_SIEGE_MACHINE_TROOP_CATAPULT,유닛 투척기 프로토타입
06ad67f6aad80a6b,TID_EVENT_CHRISTMAS_UNIT_UPCOMING,클래시마스 3일차!
0d354d83a4eff0ed,TID_HEALTH_RECOVERY,HP 회복: <number>%
161af9e012dcfae1,TID_CHAMPION_CHAMPION,챔피언 챔피언
bd6b9723b75935fd,TID_CHAT_TEXTFIELD_PIN_TEXT,고정된 메시지...
9d703cdd68ec8a67,TID_JUST_NOW,방금
2e93d4d6f9625290,TID_CLAN_STATUS_DONATIONS,지원:
60f80fbb71dbf762,TID_STREAK_EVENT_TASK_NUMBER,과제 <num>/<max>
652a70c317f59843,TID_BP_ACTIVATE_SCID_CONFIRM,Supercell ID에 사용할 수 있는 골드 패스 <num>개가 있습니다. 이번 시즌의 골드 패스를 활성화할까요?
30e4a103258ffc8a,TID_HERO_GEAR_UNLOCKED,<gear> 잠금 해제!
824b3cd9891ab4c8,TID_DECO_EGYPT_2024_GOBLIN,고블린 파라오
53d44cf3c072fd73,TID_NUM_ATTACKS_UNTILL_DEACTIVATE,공격: 횟수
5b9fb6cd19e3f2c3,TID_SIEGE_MACHINE_INVISIBLE_FLYING,투명 드론
c127307eaea71cd8,TID_CHAT_INELIGIBLE_PIN_INFO,대표와 공동 대표만이 메시지를 고정할 수 있습니다.
45a215fad9a035d6,TID_CANCEL,취소
8332f59557a62fa4,TID_DECO_SPACE_2024_CRATER,클래시 크레이터
e22f6bc6abefa352,TID_LAST_ONLINE_OVER_MONTH_AGO,1달 이상 전에 플레이
8353a3c579512524,TID_EP_ACTIVATE_SCID_TITLE,이벤트 패스를 활성화할까요?
c408a5e4f5e2c612,TID_JOIN_CLAN_TITLE,클랜 가입하기
d62a6019cb426007,TID_LNY24_WARDEN,드래곤 워든
b516dc95a4e8d9f4,TID_STREAK_EVENT_HUD_NOTIFICATION,과제 <num>/<max> 완료!
5b71af6b7795fe06,TID_EVENT_CHRISTMAS_UNIT,클래시마스 스페셜: 얼음 마법사
963eaa2d3e54eaba,TID_CLAN_NOTICE_TITLE,클랜 알림
d5a19b8bb2b21212,TID_CHAT_ERROR_PERMISSION_DENIED,오류가 발생했습니다. 나중에 다시 시도해 주세요.
c81bc3b2bb3ab18c,TID_MEDAL_EVENT_TROOP_BONUS,<troop> 사용 보너스
4a50338bc6dc880e,TID_CHAT_BUTTON_ADD_PIN,고정
11a549bf78d81ae1,TID_CHAT_TAG_TITLE_LEADERS,대표
9bd34ec6e8084937,TID_GOBLIN_RESEARCHER,고블린 연구원
034c87d9fdf06c88,TID_BP_ACTIVATE_BUTTON,활성화하기
9c3b1aad5f262f12,TID_MEDAL_EVENT_COMBAT_ITEM_LOCKED,<soft_currency> 더 많이 모아 잠금 해제
17520278381a4935,TID_SPELL_OVERGROWTH_INFO_SHORT,적을 처치하기 위해 결박합니다.
2c5b5748e5c34498,TID_EVENT_CHRISTMAS_SPELL_UPCOMING,클래시마스 1일차!
a5c78a72f9e247f8,TID_SCENERY_OFTHENORTH,북방 배경
a5649af0ce2b4e6f,TID_FREE_A_BUILDER,장인 일정 비우기
5c5b79f26313b8af,TID_CHAT_FEATURE_TITLE,새로운 채팅 기능!
6d127ba4f0355fc2,TID_STREAK_EVENT_STREAK_BROKEN_TEXT_CONTINUE,지난번 그만둔 시점부터 연승 기록을 계속 이어갑니다.
fc2a5712de39f56d,TID_STREAK_EVENT_BUTTON_RESET,초기화!
fb6910429c7528f8,TID_BP_ACTIVATE_SCID_TITLE,골드 패스를 활성화할까요?
3de0c3c903892e13,TID_GEAR_TITLE_HASTE_VIAL,신속 마법 병
68c0de87c53fd81a,TID_BP_TAB_TRACK,트랙
fc70d29cd3c2aa6e,TID_DECO_WILDWEST_SKELLY,카우보이 해골
33d3a5a5f158d1d3,TID_MESSAGE_WAR_SIGNUP_CONFIRM_TITLE,클랜전 참가 신청을 보내시겠습니까?
ea52bc20ffbe993e,TID_HERO_ABILITY_SUMMONED_UNITS_HEALTH,소환된 유닛 HP: <number>
73b6d2e07c8282f1,TID_STREAM_EVENT_PROMOTED_AUTOMATICALLY_NEW,<player> 님이 <role> 지위로 자동 승급되었습니다.
e9c9d501d46ccf68,TID_EDIT_CLAN_NOTICE_TITLE,
d48a738cd9fc513a,TID_STREAK_TASK_REVEALED_IN,<task> 과제 공개까지:
6ecd876ebd7ae50b,TID_NERF_DAMAGE_PERCENTAGE,피해량 감소: <number>%
39f6e15dacf47ecf,TID_CHARACTER_CHAIN_HEAL_DRUID_INFO,
7bf3839174b310ab,TID_EVENT_TRACK_REWARD_INFO_SUPER_TROOP,무료로 <name> 활성화!
114df740cd6f2e21,TID_STREAM_EVENT_PROMOTED_NEW,<name> 님이 <player> 님을 <role> 지위로 승급했습니다.
62d904dbc745871b,TID_NO_MATCHING_RESULTS_FOUND,일치하는 결과를 찾을 수 없습니다.
c79945121bf1f3b2,TID_GEAR_TITLE_CLONING_CLOAK,마법 반사경
62aa82dc9a86289d,TID_DAILY_LOGIN_HUB_TEXT,<cffcc33>로그인 달력</c>에서 일일 보상을 확인하세요.
a7681af63b342e5b,TID_NAME_UNKNOWN,알 수 없음
fe15605175ae2f09,TID_BUTTON_CLAN_NOTICE_BOARD,
8d33b2a2eb790df1,TID_CLANGAMES_TASK_USE_EQUIPMENT,<num>번의 멀티플레이 전투에서 <equipment> 장비를 사용해 별 1개 획득
bbe015a4242319ae,TID_SPACE_KING,스페이스 킹
a4cb534c7ec8c241,TID_SPELL_YELLOW_CARD,옐로 카드
327b14d014dd10b3,TID_STREAK_EVENT_NO_TIMER_YET,시작하려면 첫 번째 과제를 완료하세요!
4d805ae74870f4b5,TID_STREAK_EVENT_NOTIFICATION_STREAK_BROKEN,연속 기록 중단
625b9d73f3fd6fe6,TID_MASS_TAG_CLAN,클랜
755d8d572e18b7be,TID_MEDAL_EVENT_INFO_TRACK_ENDED,"진행도는 더 이상 획득할 수 없지만, 보상을 수령하고 거래상에게 <hard_currency> 자원을 사용할 시간은 아직 남아 있습니다!"
edb497ff7ecd6ba5,TID_CHAT_ENTRY_WAR_SIGNUP_INFO,<cffffff>다가오는 클랜전에 참가하시겠습니까?</c>
4331be4dad2fe3ed,TID_HERO_ABILITY_CLONE_DPS,클론 초당 피해량: <number>
6afe8c2b452c6835,TID_ABILITY_THROW_IN,스로인
f3ae9e3c3fd4037b,TID_BUTTON_CLAN_NOTICE_DESCRIPTION,
67255657f2ee6079,TID_TRAINING_HUB_TEXT,잠시 전투에서 벗어나 <cffcc33>훈련 부스트</c>를 활용하세요.
61e31abfac307a62,TID_CHARACTER_INFO_GIANT,차분해 보이는 덩치들이지만 대포나 아처 타워를 발견하면 내면의 분노를 표출합니다! 비록 속도는 느리지만 꾸준한 면모를 보이는 이 전사들은 앞장서서 피해를 견디는 데 매우 뛰어납니다.
42b301cb9832b1cf,TID_HERO_ABILITY_NUM_CLONES,클론: <number>명
84b99ccc429cf80b,TID_WAR_SIGNUP_RESPONSE_NOT_AVAILABLE_IN_MODE,마을로 돌아가 응답하세요!
845dbae33f7a047c,TID_GEAR_FOOTBALL_BOUNCE_INFO,
08b32759c795f58b,TID_STREAK_EVENT_BUTTON_RUSH,잠금 해제!
0d6474100f89445c,TID_PRACTICELEVELS_HUB_TEXT,<cffcc33>연습 공격</c>을 리플레이하여 실력을 연마하세요.
0ab6b70ac7532390,TID_STREAM_EVENT_KICKED_NEW,<name> 님이 <player> 님을 클랜에서 추방했습니다.
72bf78409cb7399f,TID_STREAK_EVENT_PERK_LEAGUE_BOOST_INFO,연속 기록 보너스가 클수록 멀티플레이 공격에서 더 많은 전리품 보너스를 획득합니다!
d932400a696bc725,TID_DECO_WILDWEST_TOTEM,드래곤 토템
f78b6ef58bd1fe2f,TID_GEAR_INFO_FOOTBALL,건물 사이를 튕기는 스파이키 볼을 날립니다.
4086111f4e0b4863,TID_GEAR_TITLE_FOOTBALL,스파이키 볼
33a1846f457b3403,TID_DECO_CLASHBALL_TROPHYBALL,베스트 볼
973c86911fa1112e,TID_SPELL_YELLOW_CARD_INFO,공격을 방해하는 등 스포츠맨십에 어긋나는 행동은 적절한 페널티를 받아 마땅합니다! 옐로 카드는 목표 방어시설 또는 영웅을 일시적으로 정지시킵니다. 일시 정지된 상태에서는 공격을 할 수도 받을 수도 없습니다.
7a7f9cc37d4f9b5e,TID_OFFER_TOWNHALL_UPGRADE_PACK,마을회관 <num> 팩을 지금 상점에서 구매할 수 있습니다!
1e809c41145f7d8e,TID_CLANGAMES_TASK_USE_FREE_KICKERS,키커 킥오프
d347d0086f1fa235,TID_STREAK_EVENT_BROKEN_TIMER,과제 실패: 0시 0분
fdebd5d4b529d442,TID_PUSH_CHAT_TAG,"<name>님, 클랜 채팅에서 이름이 언급되었습니다!"
4d5b26e9b2549f14,TID_STREAK_EVENT_PERK_LEAGUE_BOOST_TOPIC,연속 기록 보너스:
c708cb458a4684a6,TID_STREAK_EVENT_COMPLETE_CURRENT_TIER_TO_RUSH,현재의 과제를 완료해야 조기에 잠금 해제할 수 있습니다.
8ca42cabc91c8f37,TID_PET_ABILITY_INFO_ANGRY_JELLY,배치 후 일정 시간 동안 영웅이 방어시설을 목표로 삼게 됩니다.
e540e8e6b08a5ca9,TID_EVENTS_HUB_TEXT,<cffcc33>이벤트</c>에 참여하여 더 많은 재미와 보상을 얻으세요.
caaab295fd55dd9f,TID_EGYPTIAN_CHAMPION,이집트 챔피언
933b74322bfeab78,TID_BUILDER_HUB_TEXT,<cffcc33>장인 부스트</c>를 활용하세요.
d1271c2f25ee974a,TID_DECO_CLASHBALL_STATUECHARACTER,
7a0e42e102d180ee,TID_PET_ANGRY_JELLY,앵그리 젤리
3a690cec461bc9c6,TID_BASIC_TURRET_INFO,대포는 훌륭한 거점 방어시설입니다. 업그레이드하면 공격력이 증가하지만 업그레이드 중에는 방어 기능이 작동하지 않습니다!
1f807526855bf4f3,TID_GEAR_INFO_CLONING_CLOAK,아처 퀸의 클론을 소환합니다.
f46973ad631e5652,TID_ABILITY_FREE_KICK_INFO,가장 가까운 방어시설을 겨냥해 <num>의 피해를 줍니다.
e5eedba801aa284d,TID_STREAK_EVENT_REWARDS,보상:
19d44a6c75272956,TID_STREAK_EVENT_INFO_SCREEN_4,다음 과제가 잠금 해제될 때까지 기다리기 싫으신가요? 보석을 사용하면 지금 바로 잠금 해제할 수 있습니다.
b48d8d6aa26e06a6,TID_STREAK_EVENT_RUSH_STREAK_TEXT,연속 기록의 다음 티어를 미리 잠금 해제할까요?
a555956feb472a3d,TID_STREAK_EVENT_STREAK_BROKEN_TEXT_CONTINUE,"지난번 그만둔 시점부터 연속 기록을 계속 이어갈까요, 아니면 처음부터 시작할까요?"
81d361fe7084fec7,TID_STREAM_EVENT_ACCEPTED_NEW,<name> 님이 <player> 님의 클랜 가입을 승인했습니다.
ccbe4cd9e936145c,TID_CLANGAMES_TASK_USE_EQUIPMENT_FOOTBALL,해트트릭!
0b4648ee21c72e91,TID_GEAR_TITLE_LIGHT_BOMB,
a965380c7deb2644,TID_NOTICE_BOARD_FTUE_ACTIVITY,
be7b3e04ba1848e1,TID_STREAK_EVENT_INFO_SCREEN_TITLE,연속 이벤트
55a1066471325fcd,TID_REENGAGEMENT_HUB_TITLE,튜토리얼 허브
8b2dc395454d50bf,TID_SPACE_CHAMPION,스페이스 챔피언
8704eb827cf67c53,TID_STREAK_EVENT_EXTRA_REWARD,+<num>
f18ec3ceeb99c15c,TID_CLANPERK_DESC_DONATION_LIMIT_VALUE,"유닛 <troops>개, 마법 <spells>개 , 시즈 머신 <sieges>개"
11da79a75700eb2b,TID_CHARACTER_SHAPESHIFTER_DRUID,
2501baf8b5a963d5,TID_CHALLENGE_CASTLE_EMPTY,클랜 성이 비어 있습니다!
a55c18dffb9007c2,TID_CHIEFSJOURNEY_HUB_TEXT,<cffcc33>대장의 여정</c>에서 지금까지 잠금 해제한 것들을 확인해 보세요.
043e48bf26c3aa20,TID_GEAR_TITLE_OLYMPIC_BATON,
db58ea75cc4457dd,TID_STREAK_EVENT_INFO_SCREEN_1,매일 제한 시간 내에 주어진 과제를 완료하여 연속 기록을 이어가세요.
cf95c2e2e15e2a0c,TID_GEAR_INFO_SUPER_ARCHER_PUPPET,
e84385216a08de5a,TID_DECO_CLASHBALL_GOLDENBOOT,황금 축구화
966240da8ee9dd20,TID_DECO_CLASHBALL_TROPHYBEVERAGE,
ec291f088a9d21b0,TID_BUTTON_SEND_WAR_SIGNUP,클랜전 참가 신청 보내기
f5c42b9251a77e53,TID_STREAK_EVENT_REWARD_PERCENT_TOTAL,<num>%
73ab2a6c84643303,TID_STREAK_EVENT_STREAK_BROKEN_TEXT_RESET,시작
d9e6528fe9cb3e6e,TID_DECO_CLASHBALL_GOAL,
ea459febfcbf8d1b,TID_STREAK_EVENT_BANNER_TITLE,진행도
74558af49b6f5843,TID_LOOTCART_HUB_TEXT,<cffcc33>보너스 전리품</c>을 수집하여 마을 업그레이드를 시작하세요.
1884955a4491d6d1,TID_ABILITY_FREE_KICK,프리 킥
6f8b1ab545ec10c3,TID_GIVEN_ABILITY_DURATION,<ability> 지속 시간: 초
817a319f096418f3,TID_STREAK_EVENT_STREAK_BROKEN_BUTTON_BREAK,처음부터 시작!
ea64bc2165890f76,TID_EP_RESOURCE_REWARD_GET_GEM_ALTERNATIVE_TOO_LOW_TH_TITLE,저장소 없음
37b6a29eb196402c,TID_SPELL_OVERGROWTH_INFO,적 기지의 일부를 통째로 무시하는 상상을 해보셨나요? 이제 그 상상이 현실이 됩니다! 과성장 마법은 근처의 건물을 단단한 뿌리에 가두어 방어시설의 공격을 차단합니다. 유닛은 뿌리에 갇힌 건물을 무시합니다.
dd8ddccebce9e69a,TID_CHARACTER_BATTLE_DRUID,
4b35bbdc1ada5125,TID_STREAM_EVENT_STARTED_WAR_NEW,<player> 님이 클랜전 검색을 시작했습니다.
79ec473b76ea1fd9,TID_STREAK_EVENT_NOTIFICATION_STREAK_ADVANCED,과제 완료!
15d9888e82523777,TID_STREAM_EVENT_JOINED_NEW,<player> 님이 클랜에 가입했습니다.
2d34d357d880e26b,TID_STREAK_EVENT_FAILED,과제 실패
cf62899e01477932,TID_STREAM_EVENT_CANCELLED_ARRANGED_WAR_NEW,<player> 님이 친선전을 취소했습니다.
d18b7b707b7bf7df,TID_WAIT_BEFORE_TAGGING,채팅 태그는 클랜 가입 <number>분 후에 이용할 수 있습니다!
c7aecf45643dfb73,TID_CHARACTER_CHAIN_HEAL_DRUID,
7918f2caa744c76e,TID_STREAK_COUNTER_STREAKS,진행도
50e33bc8d7080dea,TID_GEAR_INFO_LIGHT_BOMB,
1ea8b896be5f38d9,TID_EP_RESOURCE_REWARD_GET_GEM_ALTERNATIVE_TOO_LOW_TH_TEXT,<resource> 저장은 마을회관 8에 대장간을 건설한 후에 할 수 있습니다.\n대신에 보석 <amount>개로 판매하시겠습니까?
8c3d527c8e1cd229,TID_CHARACTER_INFO_SIDE_THROWER,이 덩치 큰 스포츠맨은 가장 가까운 건물에 통통 튀는 무거운 공을 던집니다. 이후에는 자이언트답게 나머지 건물을 부수기 시작합니다.
0624c1125e793345,TID_DECO_WILDWEST_CACTUS,선인장 사나이
5a807c412a7a0471,TID_GEAR_FOOTBALL_STRIKE_INFO,
e39d8ce81dd64456,TID_EGYPT_KING,이집트 킹
ee04c88cd2de5ddc,TID_CHARACTER_BATTLE_DRUID_INFO,
91fb6b1b576fdd6c,TID_STREAK_EVENT_RUSH_STREAK_TITLE,연속 기록을 더 빠르게 진행하세요!
3a72a13cd1299540,TID_STREAM_EVENT_NAME_CHANGED_NEW,<player> 님의 이름이 변경되었으며 새 이름은 <name>입니다.
e8d3d45e3e7ccc6e,TID_SCENERY_SPACE,우주 배경
745713851eb91ae5,TID_GEAR_CLONING_CLOAK_GIVEN_ABILITY,복제
b9adecc84715079f,TID_SPACE_WARDEN,스페이스 워든
8163e6e2394fe132,TID_STREAM_EVENT_STARTED_WAR_LEAGUE_NEW,<player> 님이 클랜전 리그 검색을 시작했습니다.
107be9648393ac12,TID_LABORATORY_HUB_TEXT,<cffcc33>연구소 부스트</c>를 활용하세요.
d9d4710e58bb35ac,TID_GEAR_FOOTBALL_STRIKE,
043be3fa8efd0a20,TID_GEAR_TITLE_OLYMPIC_TORCH,
56445c533d782a45,TID_STREAK_EVENT_STREAK_BROKEN_TEXT,연속 기록을 계속 이어가거나 새로운 연속 기록을 처음부터 시작할 수 있습니다.
e0dc82710fc41555,TID_STREAK_EVENT_LEAGUE_BOOST,연속 기록 부스트
4f0cab0e8554d92a,TID_STREAM_EVENT_DEMOTED_NEW,<name> 님이 <player> 님을 <role> 지위로 강등했습니다.
1c2d9adb93ef05c5,TID_CHARACTER_FREE_KICKER,바바리안 키커
f002e80d28fa128d,TID_STREAM_EVENT_CHANGED_SETTINGS_NEW,<player> 님이 클랜 설정을 업데이트했습니다.
d958c0c5806d5bf1,TID_GEAR_BARBARIAN_CROWN_GIVEN_ABILITY,분노
0b9337120c499021,TID_STREAM_EVENT_CANCELLED_WAR_NEW,<player> 님이 클랜전 검색을 취소했습니다.
b8b916b6d6a20a79,TID_CHARACTER_SHAPESHIFTER_DRUID_INFO,
898cdfa589e8f06a,TID_MESSAGE_INFO_WAR_SIGNUP_ACTIVE,채팅에 이미 클랜전 신청이 활성화되어 있습니다.
169fd1c93e447b7c,TID_PET_ANGRY_JELLY_INFO,"마을 주변을 서성이는 이 분노의 덩어리는 치열한 싸움을 열망합니다. 전투에서는 영웅이 방어시설을 공격하도록 유도하고, 이후 따로 떨어져 혼자서 싸웁니다."
1b8a4ad6fa63e8f5,TID_DECO_GIFT_2024_CROWNSWORD,왕관 검
4152778a0a15b900,TID_STREAK_EVENT_STREAK_COMPLETED,연속 기록 완료!
a3636589348f2b34,TID_DECO_CLASHBALL_TROPHYCUP,셀레브레이션 컵
cde62dc922f42cfa,TID_DELETE_BUTTON,제거
f20e6bded408626a,TID_STREAM_EVENT_JOINED_AND_LEFT_NEW,<player> 님이 클랜을 가입했다가 탈퇴했습니다.
1dc6b3e8a90c46fa,TID_STREAM_EVENT_LEFT_NEW,<player> 님이 클랜을 탈퇴했습니다.
3982040f275f5c41,TID_HERO_ABILITY_SUMMONED_UNITS_DPS,소환된 유닛 초당 피해량: <number>
149bd6e5237dfc8e,TID_STREAK_EVENT_INFO_SCREEN_2,연속 기록을 이어가며 더 나은 리그 보너스 배수 및 기타 보상을 잠금 해제하세요.
20d0bf243794e02d,TID_TRYING_TO_TYPE_TOO_MANY_TAGS,메시지당 최대 <num>명의 플레이어를 태그할 수 있습니다.
2e4525b9a2aebe06,TID_CHAT_ENTRY_WAR_SIGNUP_NO,<cff6266>다음 클랜전 참가를 포기했습니다.</c>
580119d67caececb,TID_SPACE_QUEEN,스페이스 퀸
57a3cd620991589b,TID_CHARACTER_INFO_FREE_KICKER,차분하고 신중하게 조준한 샷으로 가장 가까운 방어시설을 부수는 것으로 경기를 시작합니다. 그런 다음 바바리안 특유의 난동을 부립니다.
e9ff175c156a34f6,TID_CHAT_ENTRY_WAR_SIGNUP_TITLE,클랜전 참가 신청
382447a0acaccfa1,TID_GIVEN_ABILITY_BOOST_DAMAGE_PERCENTAGE,<ability> 피해량 증가: <number>%
a1226835f33a1e74,TID_HERO_ABILITY_CLONE_DAMAGE,클론 피해량: <number>
b99f7df12b8e2cd6,TID_GEAR_INFO_OLYMPIC_TORCH,
9994a70a779208ff,TID_CHARACTER_SIDE_THROWER,자이언트 스로어
d9d47c8a4cbf7f1c,TID_GEAR_FOOTBALL_BOUNCE,
af89b9b59a0cb913,TID_CLANGAMES_TASK_WIN_HOMEBATTLESINROW,연속 기록
c7b5a191eecf822c,TID_STREAK_EVENT_PERK_LEAGUE_BOOST_NAME,연속 기록 보너스
494816d42ac8fa02,TID_NOTICE_BOARD_FTUE_SUBTEXT,
3a5029507460bef0,TID_STREAK_EVENT_TIME_REMAINING,남은 시간: <time>
153caa70944e1433,TID_STREAK_EVENT_LEAGUE_BOOST_DESCRIPTION,리그 전리품 보너스에서 자원을 <num>% 추가 획득하세요!
7c296179ff092f6f,TID_EGYPTIAN_QUEEN,이집트 퀸
0226bffdbf66d691,TID_BUTTON_USE,사용
ebdeef91ce0df7df,TID_EVENT_TRACK_REWARD_INFO_SUPER_TROOP_BOOSTED,무료로 <name> 활성화! \n훈련 시간이 <pct>% 단축되었습니다.
c4fdfc5fed9d0afd,TID_EGYPTIAN_WARDEN,이집트 워든
b99ad6b483b08cd6,TID_GEAR_INFO_OLYMPIC_BATON,
4b145d72e953f1ae,TID_JOINCLAN_HUB_TEXT,<cffcc33>클랜에 가입</c>하여 다른 플레이어와 함께 더욱 재미있게 플레이하세요.
a3e1fca958336d2e,TID_MESSAGE_WAR_SIGNUP_CONFIRM,클랜 채팅에 클랜전 참가 신청을 보내시겠습니까?
5ab2670e4162cb3f,TID_ABILITY_THROW_IN_INFO,두 번 튕기며 장벽을 파괴하고 튕길 때마다 <num>의 피해를 줍니다.
05c3e38b7bd93c2a,TID_HERO_ABILITY_SUMMONED_UNITS_DAMAGE,소환된 유닛 피해량: <number>
04ba7bd1026237a8,TID_GEAR_TITLE_SUPER_ARCHER_PUPPET,
330baa1930b6aa33,TID_STREAK_DESCRIPTION_TASK_BROKEN,연속 기록이 중단되었습니다! 연속 기록을 계속 이어가거나 처음부터 다시 시작할 수 있습니다.
305e8a04f900701e,TID_CHAT_ENTRY_WAR_SIGNUP_YES,<c6cd900>다음 클랜전에 참가를 신청했습니다.</c>
95fa60f3aacc30a8,TID_STREAK_EVENT_INFO_SCREEN_3,시간 내에 과제를 완료하지 못하면 처음부터 다시 시작하거나 보석을 사용하여 해당 과제를 재시도하세요.
43dfae051b4b0a1b,TID_STREAK_EVENT_STREAK_COMPLETED_DESCRIPTION,"축하합니다, 대장님! 모든 연속 기록을 클리어했습니다!"
fd0c8aa0ca723b5f,TID_DECO_GAME_CAMPAIGN,
3fe054dd6bd2714b,TID_DECO_CLASHBALL_TROPHYCROWN,승리의 트로피
dfcf03c05d96827b,TID_HINT_DPS,유닛과 방어시설 정보 창에서 확인할 수 있는 공격력은 초당 공격력으로 설정되어 있습니다.
90e57c11aa3dd114,TID_EP_RESOURCE_REWARD_GET_GEM_ALTERNATIVE_NO_BLACKSMITH_TITLE,저장소 없음
12386cc51c9901dd,TID_STREAM_EVENT_CANCELLED_WAR_LEAGUE_NEW,<player> 님이 클랜전 리그 검색을 취소했습니다.
079ee82e0241c4f1,TID_SCENERY_CLASHBALL,
fc51729e3bfcf9b7,TID_EP_RESOURCE_REWARD_GET_GEM_ALTERNATIVE_NO_BLACKSMITH_TEXT,<resource> 저장을 위해서는 대장간을 건설해야 합니다.\n대신에 보석 <amount>개로 판매하시겠습니까?
ed57ff01f49359cf,TID_CHALLENGES_HUB_TEXT,다음 단계를 위한 <cffcc33>도전 과제</c>를 확인하세요.
11143c564a4600e7,TID_NOTICE_BOARD_FTUE_TITLE,
5ae80e27fde5f364,TID_BUTTON_CLAN_SEND_REQUEST,요청 보내기
d11320fb3d2fa06f,TID_GEAR_TITLE_OLYMPIC_TORCH_GIVEN_ABILITY,
a63e4da7e2ffdebc,TID_TUTORIAL_ENTER_AGE_ALTERNATE_PATH,"환영합니다, 대장님! 이제 시작해 볼까요?"
7e801249a0fe8956,TID_STREAK_EVENT_STREAK_BROKEN_TITLE,연속 기록이 깨졌습니다!
7a42edd7d09e03c8,TID_SCENERY_EGYPT,이집트 배경
2c3a2718a4344c68,TID_STREAK_EVENT_BUTTON_RESET,처음부터 시작!
8a17b1152681910f,TID_PET_ABILITY_ANGRY_JELLY,세뇌
ff56044cbc809448,TID_STREAK_EVENT_REWARD_PERCENT,+<num>%
ae487b4211f91b47,TID_BUTTON_CLAN_NOTICE_MESSAGE,
6a67a5ff3ff2619f,TID_KEYBOARD_CONTROL_GROUP_TITLE_REINFORCEMENTS,
005ea5b450f86311,TID_GIVEN_ABILITY_NERF_DAMAGE_PERCENTAGE,<ability> 피해량 감소: <number>%
a3e7c13ba108395d,TID_KEYBOARD_CONTROL_SELECT_REINFORCEMENTS,
de7c49e46dd9f177,TID_GEAR_INFO_OLYMPIC_TORCH_GIVEN_ABILITY,
fc2f5510089c4edf,TID_MASS_TAG_LEADERS,대표
514149069dc810bf,TID_INFO_TARGET_TYPE_BUILDINGS,건물
be2e6541b1bda633,TID_HERO_ABILITY_CLONE_HEALTH,클론 HP: <number>
a9bcb57c26ebbfcc,TID_BUTTON_CLAN_NOTICE_DESCRIPTION,공지 설명
91f45f5040836b3f,TID_DECO_CLASHGAMES_ARCHERFOOT,발 기념상
01723ece9ff4ef6b,TID_VILLAGER_LIST_ASSIGN,견습 장인을 배정할까요?
267931e0bcc219ba,TID_HEROJELLY_BANNER_SHORT_DESCRIPTION,영웅은 업그레이드 중에도 전투에 참여할 수 있습니다!
6af29bd520f9f42b,TID_WILDWEST_KING,와일드 웨스트 킹
bf705f55f5a22e6d,TID_GEAR_INFO_ROCKET_SPEAR,다음 몇 번 공격에서 피해량과 사정거리가 증가합니다.
550bb4e52aed44d0,TID_SPECIAL_FTUE_TUTORIAL_2,대장님의 마을입니다! 딱 하나만 빼면 완벽한데...
261c77d87a6a45b1,TID_WILDWEST_CHAMPION,와일드 웨스트 챔피언
4b89e92042f3163e,TID_VILLAGER_LIST_WAITING,진행 중인 업그레이드:
4ca87729c9215e01,TID_DECO_TTRPG_TREEPORTAL,아름다운 포털
277b1e1ad6d8e5fe,TID_BUILDING_DARK_TOWER_MULTI_CONFIG,다중 조준 인페르노 타워
808d0a99a4ef354f,TID_BA_CONFIRM_ASSIGN_JOB_LOSE_TIME,초과되는 시간은 잃게 됩니다.
aa1dd279dd5f7f3b,TID_DECO_ANIME_GIANT_SCHOOL_GIRL,슈퍼 큐트 자이언트
06a3dd019105503b,TID_OBSTACLE_BIRTHDAY2024,12주년 기념 케이크
dcff362cb6e01cd1,TID_AGE_GATE_TITLE,나이를 입력해주세요!
054e7d28bfaf8eaa,TID_STREAK_EVENT_STREAK_BROKEN_TEXT,연속 기록을 계속 이어가거나 처음부터 시작할 수 있습니다.
e2f6d918b8e006de,TID_STREAK_TASK_REVEALED_IN,<task>번째 과제 공개까지:
bdd86fbf4d86175d,TID_UNLOCKING_ITEM,<item>: <cffcc33>잠금 해제</c>할까요?
27e496ab9cb82415,TID_PRACTICELEVELS_HUB_TEXT,<cffcc33>연습 공격</c>을 다시 플레이해 실력을 연마하세요.
e47b39b243e3cb6e,TID_STREAK_EVENT_TASK_REQUIREMENT_COMBAT_100,파괴율 100%를 달성하고 연속 기록 과제를 완료하세요!
27efd474c362da06,TID_DECO_CLASHBALL_TROPHYBEVERAGE,승리의 우유
ae2ce7f8288ba04e,TID_LAYOUTS_UNPLACED_BUILDINGS_OR_TRAPS,배치하지 않은 건물과 함정을 우선 배치합니다.
3d51769839d54591,TID_BUTTON_CLAN_NOTICE_MESSAGE,클랜 메시지 사용
bd40d671a13511e3,TID_DECO_SC_BRAWLSTARS,브롤의 스타
d2eb02ec3b61a55d,TID_SPECIAL_REENG_TUTORIAL_8,나중에 경기장에서 뵙겠습니다!
eab19dfe4fd7bef5,TID_GIVEN_ABILITY_SHIELD_PROTECTION,<ability> 피해량 감소: <number>%
fcd3354bd9e92189,TID_FOOTBALL_CHAMPION,축구 챔피언
89ac160fdfd9d280,TID_MEDAL_EVENT_SOFT_CURRENCY,메달 이벤트 소프트 화폐
7aa78cb6addbc282,TID_GEAR_TITLE_HEROIC_TORCH,투지의 횃불
251b10133c1c8d9f,TID_HAALANDCLASH_KING,축구 킹
51bf745f3783a3c7,TID_EVENT_TRACK_REWARD_INFO_SUPER_TROOP_BOOSTED,무료로 <name> 활성화!\n훈련 시간이 <pct>% 단축되었습니다.
32d576c1af026fd1,TID_DECO_CLASHGAMES_FIREBOWL,챔피언의 불꽃
f8b4ce7562a2cefd,TID_BOOSTER_BUILDERS_INFO,야근을 대비해 제조된 특별 포션입니다! 이 포션을 사용하면 장인의 작업 속도가 <time> 동안 10배 빨라집니다. 마을에서만 사용할 수 있습니다. 안타깝게도 견습 장인의 작업 속도에는 영향을 미치지 않습니다. (포션을 마시기엔 아직 어리다나요?)
b00bbf7c6a1e6596,TID_VILLAGER_BUILDER_INFO_ITEM1,견습 장인은 장인이 업그레이드를 더 빨리 완료하도록 돕습니다!
b18cdc0c60780c87,TID_TRAINING_HUB_TEXT,전투를 위해 <cffcc33>훈련 부스트</c>를 활용하세요.
37e907b1ddabc880,TID_BUTTON_CLAN_NOTICE_REMOVE,공지 삭제
3e025dcb8467c602,TID_BA_CONFIRM_ASSIGN_JOB,견습 장인을 <building>에 배정할까요?
6f47bc20c596c812,TID_BUILDING_BOW_GROUND_AND_AIR_CONFIG,지상 및 공중 조준 대형 석궁
f466d725a7dc96e1,TID_STREAK_EVENT_RUSH_STREAK_TITLE,다음 과제를 잠금 해제할까요?
b4a1267a8ecd0168,TID_APPRENTICE_UPGRADED,<item>: <level>레벨로 업그레이드 완료!
04f9ccda0c3699db,TID_DECO_CLASHBALL_STATUECHARACTER,홀란드 조각상
6e7461f3fd96b3f6,TID_GIVEN_ABILITY_MOVEMENT_SPEED,<ability> 이동 속도:
cbb7dc5a19d4c652,TID_CHARACTER_INFO_MECHA,M.E.C.H.A는 기사일까요? 아니면 사무라이? 로봇? M.E.C.H.A는 자신과 방어 시설을 가로막는 장벽을 손쉽게 뚫어버립니다!
5394a63c57c13c0f,TID_DECO_SC_ROYALE_CASTLE,로얄 타워
71505e0d78a22d75,TID_GEAR_ELECTRO_SHIELD,일렉트로 부츠
bcceee42c26f8f72,TID_VILLAGER_STATUS_WAITING,이용 대기 시간: <time>
5cf4ffc44d7436b2,TID_SHOP_SCID_TITLE,멋진 보상을 얻으세요!
c960fab776ce29aa,TID_GEAR_RESOURCE_GENERIC_INFO,마법 광석을 대장간에 가져가 영웅 장비를 업그레이드하세요!
cde39298a427cfc5,TID_HEROJELLY_EVENT_TITLE,무제한 영웅!!!
0fb942e092d8ce75,TID_FLYING_FORTRESS_ABILITY_INFO,해골 글라이더로 스스로를 방어하고 패배하면 성난 해골 <num>개를 방출합니다.
127a53ba6efc07d4,TID_POPUP_REMOVE_CLAN_NOTICE_TEXT,공지 게시판에서 대장님의 현재 공지를 삭제할까요?
60e85633ec27d62a,TID_PET_ANGRY_JELLY_INFO_SHORT,영웅을 세뇌해 방어 시설을 공격하도록 합니다.
e93e85c530084a7a,TID_NOTICE_ACTIVE_FOR,적용 시간:
e2ac9ab9478a9cfe,TID_VILLAGER_LIST_PROGRESS_BUTTON_START,배정
6a8b2ce434e1356a,TID_SQUAD_KING,슈퍼 스쿼드 킹
43f2c7491102986e,TID_SCENERY_WILDWEST,와일드 웨스트 배경
967e915f5921017e,TID_CLAN_NOTICE_PUBLISH_FAILED_INTERNAL_ERROR,오류가 발생했습니다. 다시 시도해 주세요.
cd0dd2876436de10,TID_BUILDING_CANNON_BURST_CONFIG,점사 대포
3f07903c450844d6,TID_STREAK_EVENT_INFO_SCREEN_4,다음 과제가 잠금 해제될 때까지 기다리기 싫으신가요? 보석을 사용해 바로 잠금 해제하세요.
d64c9e847fbe667a,TID_CHARACTER_COURIER,빗자루 마녀
db8d6f95f305ee49,TID_BA_ASSIGN_BUTTON,견습 장인 배정
e2c4ca0c4fa69781,TID_VILLAGER_BUILDER_INFO_ITEM2,"충분한 휴식을 취하고 나면, 하루에 한 번 업그레이드 작업에 배정할 수 있습니다."
d7c4a8cde2a18adc,TID_SPECIAL_REENG_TUTORIAL_2,벤치에서 쉬는 동안 감을 잃지 않으셨길 바랍니다.
37f78179ca5152f4,TID_CLAN_NOTICE_SAVE_FAILED_MESSAGE,클랜 공지 저장 실패: {0}
9b74bebaee4d622b,TID_INFO_SCREEN_TITLE_UPGRADE,<object> <cffcc33><number>레벨로 업그레이드할까요?</c>
0a89a1cbddd58de5,TID_CHARACTER_INFO_COURIERSPAWN,귀여운 외모에 속지 마세요! 이 짓궂은 장난꾸러기 불씨는 주변 방어 시설에 막대한 피해를 줄 수 있습니다.
3ed4eae14be53973,TID_CREATE_CLAN_NOTICE_SUBTEXT_ACTIVE,대장님의 클랜 공지가 현재 공지 게시판에 활성화되어 있습니다!
14f1a3940eca963b,TID_VILLAGER_STATUS_WORKING,남은 시간: <time>
c92571c0da8c7d81,TID_SPECIAL_REENG_TUTORIAL_5,"잘하셨어요, 코치님!"
2a962db47971d85c,TID_DANCE_FLOOR_INFO,
c608010f7abe926c,TID_BUILDER_APPRENTICE_BOOST_DURATION,작업 시간:
728fb2e4480d0102,TID_SPELL_YELLOW_CARD,옐로카드
d9b30b99d1b598a3,TID_APPRENTICE_UNLOCKED,<item> 잠금 해제됨!
25110f21c278ebfa,TID_BA_JOB_TIME_SAVED,절약 시간: <time>
10fb3475710f96b0,TID_BUILDING_DARK_TOWER_SINGLE_CONFIG,단일 조준 인페르노 타워
0850742bde52e92b,TID_CHARACTER_INFO_COURIER,전장을 날아다니며 마녀 스피릿을 배달하는 견습 마녀입니다. 멋들어진 탑 위에 있는 오만한 마법사들을 특히 싫어하죠.
3e66b683763bcc26,TID_BUTTON_RECRUIT_MEMBERS,클랜원 모집
8fe6c84f343e7ee4,TID_SPECIAL_FTUE_TUTORIAL_3,"이런, 또 고블린 무리예요! 어서 대포를 설치해 마을을 방어하세요!"
128b29377f97f149,TID_CHARACTER_SHAPESHIFTER_DRUID,드루이드
330bfb661410b241,TID_CLAN_NOTICE_UNPUBLISH_FAILED_INTERNAL_ERROR,오류가 발생했습니다. 다시 시도해 주세요.
2fb65310652dd144,TID_CHARACTER_SHAPESHIFTER_DRUID_BEAR_INFO,성난 곰으로 변신해 튼튼해진 드루이드는 전력을 다해 방어 시설을 무너뜨립니다!
d5dcc074b7544a9a,TID_CLAN_NOTICE_PUBLISH_FAILED_MESSAGE,클랜 공지 게시 실패: {0}
e2dc46fcef6e9f10,TID_WILDWEST_WARDEN,와일드 웨스트 워든
fdfdfc69075ff3cd,TID_SPECIAL_REENG_TUTORIAL_7,"마을에 이런저런 일들이 많았으니, 우선 주변을 꼼꼼하게 둘러보는 것이 어떨까요?"
6fc57fdec42d77b9,TID_GEAR_INFO_HEROIC_TORCH,"사용하면 인근 유닛이 더 빠르게 이동하고, 피해를 덜 받으며, 장벽을 뛰어넘을 수 있습니다."
190a5b251121b1f9,TID_PUSH_CHAT_TAG,"<name> 님, 클랜 채팅에서 이름이 언급되었습니다!"
dedf1e364af1a595,TID_BUTTON_TIMER_AVAILABLE_IN,이용 대기 시간:
6874d4046afcd13c,TID_POPUP_REMOVE_CLAN_NOTICE_TITLE,클랜 공지를 삭제할까요?
9f27724d24806d62,TID_CLAN_NOTICE_BOARD_HEADER_TITLE,최근 공지를 통해 클랜 소식을 알아보세요!
ce8441dea4d69fc2,TID_GEAR_INFO_PHOENIX_STICK,
723a50cd570b7a81,TID_BUILDER_APPRENTICE_BOOST_COOLDOWN,재사용 대기시간:
4d5ae41d2d3ba52f,TID_VILLAGER_STATUS_READY,작업 준비 완료!
d4f4f89b6c700897,TID_GIVEN_ABILITY_HASTE_SPEED,<ability> 속도 증가: <number>
e5104d6f7b86627d,TID_BUTTON_CLAN_NOTICE_BOARD,공지 게시판
da5f491b6f5799e7,TID_HARD_MODE_DESC,"방어시설이 5% 더 큰 피해를 줍니다. 공격 측 영웅의 HP가 10%, 피해량이 15% 감소합니다!"
fcce097e2d77c72f,TID_SPECIAL_REENG_TUTORIAL_4,좋아요. 자신의 수비를 이길 수 있는지 한번 봅시다!
0b1fb9012a0c42b5,TID_SCENERY_CLASHBALL,축구 배경
5f9b50bb5ab51e05,TID_SPECIAL_FTUE_TUTORIAL_1,"안녕하세요, 대장님! 저는 얼링 할랜드입니다! 팀에 오신 것을 환영해요!"
0ad9ca3457bbbe9f,TID_DEFENSIVE_LAYOUT_OBSTRUCTED_TEXT,장애물에 의해 방어 진영 배치가 제한되었습니다. 장애물이 제거되지 않으면 방어 진영에 현재 활성화된 배치가 적용됩니다.
a04d9aa8377d3d1a,TID_SPECIAL_REENG_TUTORIAL_1,코치님! 저는 얼링 할랜드입니다! 돌아오신 걸 보니 정말 기쁘네요!
74fef21992659c1f,TID_NOT_ENOUGH_EVENT_TOKENS,<hard_currency> 부족!\n더 획득하려면 더 많은 <soft_currency> 필요
07f8d94e5fe5a7b6,TID_CLAN_NOTICE_BOARD_REFRESH,새로고침
4cf7a1f43542c2c2,TID_GOBLIN_HALL_INFO,이 건물은 고블린 마을의 중심입니다.
54c01b6fd7c2032f,TID_STREAK_EVENT_INFO_SCREEN_2,연속 기록을 이어가며 리그 보너스 배수를 올리고 다른 보상을 잠금 해제하세요.
aee703e53402b11c,TID_WILDWEST_QUEEN,와일드 웨스트 퀸
1a6727bf70cd56d1,TID_BUTTON_CLAN_NOTICE_PUBLISH_INFO_2,클랜 공지가 활성화되어 있습니다.
0207def29e727f36,TID_TRADER_SPECIAL_OFFER_TAB_INFO,이제 이와 같은 특정 마법 아이템을 매주 여러 번 구매할 수 있습니다! 각각은 특별 할인으로서 구매 횟수가 제한되어 있습니다.
26a35a024aa50364,TID_FOOTBALL_QUEEN,축구 퀸
c744aa76b2ba0dcd,TID_BUILDING_ARCHER_TOWER_LONG_RANGE_CONFIG,장거리 공격 아처 타워
9d62968e75c60831,TID_BUILDER_APPRENTICE_BOOST_MULTIPLIER,작업 속도:
84e879bd2cf622ba,TID_DECO_ANIME_FORTUNETELLER,마법사 상인
34629797550770cd,TID_NOTIFICATION_VILLAGER_READY,견습 장인이 업그레이드 속도를 높여줄 준비를 마쳤습니다!
73f100ab73ae4446,TID_APPRENTICEBUILDER_KING,
8538ee8a61defda2,TID_BA_CANT_UPGRADE_WORKING,작업 중인 견습 장인은 업그레이드할 수 없습니다. 휴식 중일 때 다시 시도하세요!
cd5e6dc35e55eeb4,TID_GEAR_TITLE_HEROIC_TORCH_GIVEN_ABILITY,능력
00660ef8a8e2a989,TID_CHARACTER_SHAPESHIFTER_DRUID_BEAR,곰
8ffc349919ce6dd3,TID_NOTICE_BOARD_FTUE_TITLE,"안녕하세요, 대장님! 먼저 언어를 선택하여 대장님에게 걸맞은 최고의 클랜을 찾아봅시다."
87b4b071828f15aa,TID_DECO_SC_HAYDAY_CHICKEN,용감한 닭
b7e8fad782cee378,TID_VILLAGER_UNLOCK_FIRST,상점에서 견습 장인을 잠금 해제해 업그레이드에 배정하세요.
20a656e93ad1864d,TID_CLAN_NOTICE_SAVE_FAILED_NO_PERMISSION,대표나 공동 대표만 공지를 편집할 수 있습니다.
a18aff1a6eeb53fd,TID_VILLAGER_LIST_IN_PROGRESS,작업 진행 중
8dfc00abfb79c8ea,TID_BUILDING_ARCHER_TOWER_FAST_CONFIG,속공 아처 타워
beeb21b1025ee67d,TID_BUTTON_CLAN_NOTICE_PUBLISH_INFO_1,현재 활성화된 클랜 공지가 없습니다.
cbf201fa9ab4e8b8,TID_CLAN_NOTICE_LANGUAGE_MISSING_INFO,마지막 한 가지! 대장님의 클랜에 정의된 클랜 언어가 없는 것 같습니다. 다른 플레이어가 클랜을 쉽게 찾을 수 있도록 언어를 설정하세요!
943a863eee085891,TID_DECO_TTRPG_SUPERDECO_D20,운명의 주사위
0b3753f0e0d0bcc8,TID_BUILDING_BOW_AIR_CONFIG,공중 조준 대형 석궁
b19c83fc47e02e92,TID_STREAK_EVENT_LEAGUE_BOOST,연속 기록 보너스
82742206c0c6cfb0,TID_DECO_CLASHGAMES_GOBLINDIVE,다이빙 고블린
7ede5ba26ca2a276,TID_BUILDING_GOBLIN_HALL,고블린 회관
73816635f6edb184,TID_VILLAGER_WAIT_COOLDOWN,현재 견습 장인이 휴식 중입니다. 나중에 다시 확인하세요!
85a59cc6fca6df3b,TID_NOTICE_BOARD_FTUE_SUBTEXT,이 설정은 나중에 다시 변경할 수 있습니다.
f398a3ccefc9cc25,TID_DECO_ANIME_CHIBI_ARCHER,꼬마 아처
0740e26650c6be51,TID_HAALAND_KING,킹 홀란드
a2085c5b15612f69,TID_DANCE_FLOOR,
884395e0240e29a3,TID_STREAK_EVENT_TASK_REQUIREMENT_COMBAT,파괴율 <amount>% 이상을 달성하고 연속 기록 과제를 완료하세요!
7f4e8f9017945cbd,TID_CHARACTER_COURIERSPAWN,마녀 스피릿
0a77029c9bcbfac1,TID_MECHA,M.E.C.H.A
d4a414e4d62e2688,TID_CHARACTER_SHAPESHIFTER_DRUID_INFO_SHORT,아주 성난 곰으로 변신할 수 있는 유용한 치유사입니다.
e8f8acad2be1b852,TID_CLAN_NOTICE_BOARD_INFO,클랜이 게시하는 공지를 통해 완벽한 클랜을 찾아보세요. 고급 옵션을 조정하여 대장님에게 가장 적합한 클랜을 찾을 수 있습니다!\n\n클랜의 대표와 공동 대표는 여기에서 공지를 작성하고 공유할 수 있습니다. 각 공지는 24시간 동안 또는 클랜 정원이 가득 찰 때까지 표시됩니다.
4f444d69af017808,TID_INFO_SCREEN_TITLE_UPGRADING,<object> <cffcc33><number>레벨로 업그레이드 중</c>
62d9fb1636f5b1b2,TID_MEDAL_EVENT_HARD_CURRENCY,메달 이벤트 하드 화폐
041acc031ee3fd5f,TID_DANCE_STUDIO,
8808b5769f6672cc,TID_DECO_ANIME_BONSAI_TREE,벚나무 분재
5ab2b903b3bd0b49,TID_DECO_GAME_CAMPAIGN,놀라운 스쿼드
5468e5c9c763b898,TID_BUILDER_APPRENTICE,견습 장인
8b6bc0591ff87b80,TID_CLAN_NOTICE_SAVE_FAILED_INTERNAL_ERROR,오류가 발생했습니다. 다시 시도해 주세요.
5019a6783177cacc,TID_DANCE_STUDIO_INFO,
3a8df58c6f090ab1,TID_TRADER_SPECIAL_OFFER_TAB,스페셜
de2c0080196ee005,TID_BUILDER_APPRENTICE_INFO,"견습 장인은 장인이 업그레이드를 더 빨리 완료하도록 돕습니다. 하루에 한 번 배정할 수 있으며, 레벨을 올리면 작업 속도가 더 빨라집니다!"
8e66d54a02aa4990,TID_DANCE_STUDIO_TOO_LOW,
a1334b409dde8c67,TID_CLAN_NOTICE_SAVE_FAILED_THROTTLED,공지를 편집하려면 잠시 기다려 주세요.
7d3f779490b3d273,TID_SHOP_SCID_BUTTON_CTA,내 카드 잠금 해제
f1f527b92758f94c,TID_COOLDOWN_TIME,재사용 대기시간:
a0105959b62f25fe,TID_VILLAGER_LIST_BUILDER_NO_JOB,견습 장인을 배정하려면 장인이 업그레이드를 시작해야 합니다.
6fc9922c80cebb7f,TID_CLAN_NOTICE_UNPUBLISH_FAILED_THROTTLED,공지를 삭제하려면 잠시 기다려 주세요.
17908f163b431f42,TID_FOOTBALL_WARDEN,축구 워든
7320dfd501a5b934,TID_GEAR_TITLE_PHOENIX_STICK,
a93d6f2ddc7691d7,TID_DECO_TTRPG_MIMIC_CHEST,깜찍한 상자
4a33489deaeeeba7,TID_SPECIAL_REENG_TUTORIAL_3,실력을 뽐내기 위해 친선 경기를 하는 건 어떨까요?
a8d0044cc8286eb0,TID_EDIT_CLAN_NOTICE_TITLE,클랜 공지 편집
23ab30ef0c6c3ece,TID_DECO_CLASHBALL_GOAL,축구 캠프
adfac2b6e17e6f56,TID_CHALLENGE_TITLE_HARD_MODE,하드 모드
4cdac719f9c825bd,TID_DECO_SC_GAUNTLET,거대 건틀릿
8dc3cf62a8331480,TID_SUPER_DRAGON_ABILITY_HELP,대상과 그 주변에 지속 피해를 줍니다.
33ac5e0e59e7db62,TID_BUTTON_VILLAGERS,견습 장인
3b87e8d43c474ccb,TID_BA_JOB_UPGRADE_TIME,업그레이드 완료까지: <cffcc33><time></c>
9918f1f126563195,TID_KEYBOARD_CONTROL_GROUP_TITLE_REINFORCEMENTS,지원군 컨트롤
4c235b5e376e815a,TID_SPECIAL_REENG_TUTORIAL_6,"속도, 힘, 위치 선정이 아주 탁월하네요. 정말 인상적이에요!"
b07f1e1c3df14aba,TID_CLAN_NOTICE_TITLE,클랜 공지
eb2b7517f21006c5,TID_SHOP_SCID_DESCRIPTION,"Supercell ID 보상 카드를 활성화하고 1,000 무료 포인트를 받으세요!"
b54851f50a949a79,TID_CREATE_CLAN_NOTICE_SUBTEXT,클랜 공지는 현재 클랜의 설정이 적용됩니다.
66f49b6934cdd914,TID_VILLAGER_STATUS_LOCKED,잠김
25e22d0b40672f98,TID_GEAR_INFO_ELECTRO_SHIELD,로얄 챔피언 주변의 모든 것에 주기적으로 피해를 줍니다.
f2e9cd98340074da,TID_BA_CONFIRM_ASSIGN_JOB_TITLE,<building>의 속도를 높일까요?
d12b75730db4b3b6,TID_CLAN_NOTICE_UNPUBLISH_FAILED_MESSAGE,클랜 공지 삭제 실패: {0}
3c8d14f3c67dd41e,TID_DEFENSIVE_LAYOUT_OBSTRUCTED_TITLE,방어 진영 배치 제한됨
75d35f744f2163de,TID_CHARACTER_SHAPESHIFTER_DRUID_INFO,"드루이드는 복잡한 감정의 소유자입니다. 어떨 때는 차분히 동료 유닛을 치유하지만, 어느 순간에는 아주 성난 곰으로 변신하죠."
618f4dea135ce61d,TID_CLAN_NOTICE_UNPUBLISH_FAILED_NO_PERMISSION,대표나 공동 대표만 공지를 삭제할 수 있습니다.
06547511cd14c268,TID_VILLAGER_BUILDER_INFO_ITEM3,견습 장인은 하루에 한 시간씩 일합니다. 레벨을 올리면 작업 속도가 빨라집니다.
79978bb2fd77ce51,TID_DECO_SC_BEACH_CANNON,붐 아이돌
5aa545385a38cef8,TID_MEDAL_EVENT_INFO_TRACK_ENDED,"진행도는 더 이상 올릴 수 없지만, 아직 보상을 수령하고 거래상에게 <hard_currency> 자원을 사용할 수 있습니다!"
1e18075556e2a147,TID_BUILDING_BOW_GROUND_CONFIG,지상 조준 대형 석궁
9f308e9a3c22ac2e,TID_BUTTONS_SETTINGS_RESET,검색 옵션 초기화
73fd4b5f5de3e94d,TID_RANDOM_REWARD_TAP,탭하세요!
58060598993a7f33,TID_MESSAGE_WAR_SIGNUP_CONFIRM_TITLE,클랜전 참가 신청 보내기
fb95c13117255681,TID_BUTTON_CLAN_NOTICE_PUBLISH,공지 게시
7ab59a3e5e279af3,TID_KEYBOARD_CONTROL_SELECT_REINFORCEMENTS,지원군 선택
d70894a8002fa901,TID_GEAR_INFO_HEROIC_TORCH_GIVEN_ABILITY,"유닛이 더 빠르게 이동하고, 피해를 덜 받으며, 장벽을 뛰어넘을 수 있습니다."
fc0dfaf4328cb6fd,TID_BUILDING_MORTAR_BURST_CONFIG,점사 박격포
570789c0bfd3e7c0,TID_DIAMOND_PACK_7,보석 저장소
daa81615852f0745,TID_INFO_SCREEN_DISCLAIMER_MINI_LEVEL_TITLE,새로운 레벨 출시 예정!
6b2fea3aa0134f8a,TID_INFO_SCREEN_TITLE_UPGRADING_MINI_LEVEL,<object> 건물을 <c00ffff>충전 <number>레벨</c>로 슈퍼 충전하는 중입니다.
db45eacf36420eba,TID_CHAT_NOTICE_MAX_PLAYERS,클랜원이 한도에 도달했기 때문에 클랜 공지가 삭제되었습니다.
1c9eae4f97301b33,TID_GEAR_LAVALOON_PUPPET,라벌 인형
dbcb3a1e8b7203d2,TID_CONSUMABLE_INSTANT_TRAINING,훈련 스낵
3840da21f19feb10,TID_LEGEND_SIGN_UP_CONFIRM_TEXT,전설 리그는 공격 횟수 제한 등 다른 리그와는 다른 규칙이 적용됩니다. 정말로 전설 리그에 등록하시겠습니까?
7be3183eace49d17,TID_TREASURE_HUNT_INFO_TEXT_1,멀티플레이 전투에서 적의 건물을 파괴해 숨겨진 보물을 찾으세요!
aabdd4b1554222b3,TID_CHAT_NOTICE_EXPIRED,클랜 공지가 <time> 동안 활성화된 후 만료되었습니다.
1d2e6b44fd93f880,TID_CHAT_NOTICE_CREATED,<name> 클랜원이 클랜 공지를 생성했습니다.
33f6aa28831c3b08,TID_MINI_LEVEL_INFO_ITEM2,각 슈퍼 충전은 건물을 더 강하게 만듭니다.\n건물을 더 튼튼하게 강화하세요!
84ae0f4eed80ae24,TID_ACHIEVEMENT_MINI_LEVEL_COMPLETED,슈퍼 충전 총 횟수: <value>
fd0dadec1974bc9f,TID_STORAGE_ITEM_USES_LEFT,남은 사용 횟수:
a15d366acf437d75,TID_BOOSTER_HERO_POTION_MAXED_FOR_TH,영웅을 강화할 수 없습니다. 먼저 마을회관을 업그레이드하세요!
8bbcb2400d1f9c73,TID_BUTTON_CLAN_NOTICE_MESSAGE,클랜 설명 사용
efff929d8440a130,TID_ACHIEVEMENT_MINI_LEVEL_TITLE,슈퍼 충전 마스터
ce0557e8f657d3d3,TID_BUILDING_MAXED_MINI_LEVEL_INFO,슈퍼 충전을 사용하려면 마을회관 <number>레벨 이상이어야 합니다.
04511db829448f67,TID_CONSUMABLE_BOOST_HERO_WARN,영웅 및 펫이 이미 강화되었습니다!
e4608cc871568a54,TID_GENERIC_ERROR_BUILDER_BASE,장인기지에서만 수행할 수 있습니다.
d24b80470bc4fbaf,TID_ACHIEVEMENT_MINI_LEVEL,건물 슈퍼 충전 <number>번 하기
f35bbd957d843f20,TID_DECO_SUPERDECO_MOCHAPOT,마법의 커피 머신
45d25ace3008ed3b,TID_CLAN_NOTICE_APPLY_INFO,클랜 공지의 변경 사항을 적용하시겠습니까?
fd21fbca2f928ae6,TID_CLAN_NOTICE_REPORT_INFO,<name> 님의 클랜 공지를 부적절한 내용으로 신고하시겠습니까?
683785eca82495ed,TID_SUPERCELL_ID_BUTTON_CONNECTED,열기
b6d3aef398b53d47,TID_DECO_CLASHOWEEN_2024,히드라 묘비
2473c21687891c8d,TID_ADVANCED_SEARCH_BUTTON_LESS,검색 옵션 숨김
202cb4effbd82b86,TID_DELIVER_REWARD_TEMPORARY_STORAGE_STORAGE_FULL,저장소가 가득 찼습니다! 추가 아이템은 임시 저장소로 전달되었습니다.
6599aa29ccd17439,TID_MINI_LEVEL_INFO_ITEM1,장인을 사용해 최대 레벨 건물을 슈퍼 충전해 보세요.
fa6340c4645df368,TID_CLAN_SETTINGS_APPLY_REMOVE_NOTICE_INFO,채팅 언어 설정을 변경하면 공지 게시판의 클랜 공지가 삭제됩니다. 변경 사항을 적용하시겠습니까?
27a6cf53150551bd,TID_CONSUMABLE_BOOST_LAB_INFO,보글보글 끓어오르는 육수는 <time> 동안 연구소가 <num>배 빠르게 연구하게 해줍니다. 마을에서만 사용할 수 있습니다.
d294433626777e58,TID_DONATE_WAR_AMOUNT_AND_CAPACITY,<donations>/<capacity>
1c1f58b5f81fe013,TID_SCENERY_CLASHGAMES,클래시 게임 스타디움
9cf623f8782a80d1,TID_TTRPG_WARDEN,드워프 그랜드 워든
d6de2cb35230794e,TID_CLAN_ADVANCED_SEARCH_RESULTS_NO_NAME,검색 옵션을 사용하여 검색 결과 표시
d6d3524d45da6926,TID_ACHIEVEMENT_DONATE_CAPITAL,클랜 캐피탈에서의 업그레이드를 위해 <number> 캐피탈 골드 기여
1ab4201d1a1b91c5,TID_MINI_LEVEL_INFO_ITEM3,건물의 새로운 업그레이드 레벨이 출시될 때까지 슈퍼 충전이 지속됩니다.
818b68e19d70c7ae,TID_ANIME_QUEEN,애니메이션 퀸
67daf1bba867de0d,TID_TREASURE_HUNT_INFO_TEXT_4,보물 상자를 열어 희귀 보상을 획득할 수 있습니다!
fe7f1f47e1e6f3b4,TID_BOX_OPEN_INFO_ON_SKIP,상자를 열어 <reward> 보상을 획득했습니다.
ec8246b3a646fa09,TID_CLAN_SETTINGS_APPLY_INFO,클랜 설정의 변경 사항을 적용하시겠습니까?
ebbb163af025787b,TID_MINI_LEVEL_REMOVED_TITLE,신규 건물 레벨!
4886ec14314f65e2,TID_OBSTACLE_CLASHWEEN_2024,유령 초소
5c1804e1cd902e80,TID_EVENT_TREASURE_HUNT_COOLDOWN,새 보물 상자 추가까지: <time>
06f271d4cd9a30c7,TID_CLAN_ADVANCED_SEARCH_RESULTS_WITH_NAME,검색 옵션을 사용하여 \q<name>\q에 대한 검색 결과 표시
d9d26648da6962d0,TID_DELIVER_REWARD_NOT_DELIVERED_RESOURCE_FULL,이런! 저장소가 가득 차서 보상을 보관할 수 없습니다.
fe5d688a1500dd1a,TID_STORAGE_BUTTON_USE,사용
fb776ceec029419d,TID_DECO_SC_BEACH_PARASOL,해변의 휴식
9553129459006e39,TID_EVENT_TREASURE_HUNT_FOUND,발견한 보물 상자:
d39d77d8563abf6b,TID_INFO_SCREEN_INFO_MINI_LEVEL_UPGRADE,슈퍼 충전
7c034b955617101b,TID_ANIME_KING,애니메이션 킹
721addbc8e8c74e9,TID_ANIME_WARDEN,애니메이션 워든
673895ede3022bd6,TID_CONSUMABLE_BOOST_ARMY,파워 팬케이크
7a46866abd9f6feb,TID_DECO_CLASHOWEEN_2024_SUPERDECO_CAULDRON,보글보글 끓는 솥
56e1363656e84728,TID_ACHIEVEMENT_LOOT_CAPITAL,습격전 공격에서 <number> 캐피탈 골드 약탈
4e7d7fc9b031cc26,TID_BUTTON_CHEST_DROPRATES,보상 확률 보기
c151600c8012e658,TID_NO_BOOKMARKS,북마크한 클랜이 없습니다.\n\n클랜 공지 또는 클랜 정보 페이지에서 클랜을 북마크해보세요.
f635858b8291da02,TID_MUST_CREATE_ALLIANCE_HUD_PROMPT,클랜을 생성하고 변경 사항을 적용해 보세요!
9be15ec7bb5dfbd5,TID_ADVANCED_SEARCH_BUTTON_MORE,검색 옵션
60de699e17769687,TID_SKIP_CHEST_OPEN,상자 개봉 건너뛰기
db0c5bee3cccd195,TID_SKIP_CHEST_OPEN_DESCRIPTION,"상자 개봉 화면은 건너뛰지만, 보상은 받을 수 있습니다. 건너뛰시겠습니까?"
109897d2930b5349,TID_CLAN_NOTICE_STAT_WAR_LEAGUE,클랜전 리그:
92e2dd95eb6a9029,TID_STORAGE_ITEM_USE_CC_REFILL,클랜 성 케이크로 클랜 성을 무료로 강화하세요!
c2198dd3b26b4035,TID_CONSUMABLE_CC_REFILL_INFO,정말 구미가 당기는 거래네요! <time> 동안 무료 지원군을 클랜 성에 추가할 수 있습니다. 이 달콤한 혜택을 누리려면 클랜에 가입하고 클랜 성에 지원군을 추가하세요!
ea2ae0d74990eb2b,TID_ALLIANCE_JOIN_ERROR_NOTICE_EXPIRED,공지가 만료되었습니다.
7583f2d124aa72cb,TID_TREASURE_HUNT_INFO_TEXT_2,공격 중에 표시되는 여러 장소 중 오직 한 곳에서만 보물 상자를 발견할 수 있습니다!
d2ef70dee1de4975,TID_MINI_LEVEL_INFO_TITLE,슈퍼 충전!
ddc706b57eb40ce7,TID_POPUP_CANCEL_UPGRADE_MINI_LEVEL,<item> 슈퍼 충전을 중단할까요? 중단하면 슈퍼 충전 비용의 <number>%만 돌려받습니다.
5b91d0d228f0c844,TID_SHOP_SCID_TITLE,한정판 보상을 받으세요!
0356405847f41287,TID_CLAN_NOTICE_SETTINGS_APPLY_TITLE,변경 사항 적용
a46d1fb12df21633,TID_GEAR_TITLE_ARCHER_PUPPET_GIVEN_ABILITY,투명 마법
f4977f86cd3d5398,TID_NOTICES_REFRESH_THROTTLED_HUD_MESSAGE,잠시 기다린 후 새로고침 해주세요.
4b7b3efebf358fe9,TID_INFO_SCREEN_MINI_LEVEL_INFO_TEXT,새로운 업그레이드 레벨이 출시될 때까지 슈퍼 충전이 지속됩니다.
3b249902b713726c,TID_MINI_LEVEL_TIMER_TEXT,곧 비활성화됩니다!
bafd578c6d4503bd,TID_GEAR_SUMMONED_TROOPS_NO_UPGRADE_TEXT,소환 유닛
4d15f8fc93e81834,TID_STORAGE_ITEM_USES_EXPIRES,만료까지:
4f7a95bebc234579,TID_STAR_BONUS_LOOT_HEADER,별 보너스 전리품이 <destination>에 전달됩니다.
f2e9dcc6b59348c2,TID_INFO_SCREEN_TITLE_UPGRADE_MINI_LEVEL,<object> 건물을 <c00ffff>충전 <number>레벨</c>까지 슈퍼 충전하시겠습니까?
81d228d93dc4f0a6,TID_STORAGE_ITEM_CC_REFILL_LEFT,남은 리필 수:
891dfbac65394953,TID_CLAN_NOTICE_LANGUAGE_MISSING_INFO,마지막 한 가지! 대장님의 클랜에 설정된 클랜 언어가 없는 것 같습니다. 다른 플레이어가 클랜을 쉽게 찾을 수 있도록 언어를 설정하세요!
193572e1474ab5de,TID_CLAN_NOTICE_REPORT_NOTIFICATION,클랜 공지 신고 완료!
ddd47b849b229113,TID_POPUP_SPEED_UP_BOOSTER_UPGRADE_MINI_LEVEL,<booster> 부스터를 사용해 <item> 슈퍼 충전을 완료하시겠습니까?
854bf072e1d81ddd,TID_CLAN_SETTINGS_APPLY_TITLE,변경 사항 적용
cc2d09387f63e08f,TID_CONSUMABLE_BOOST_HERO_INFO,"다음 <battles>번의 전투에서 영웅, 펫 및 장비 레벨을 마을회관의 최대 레벨에 맞춰 올려주는 강력한 식량입니다. 마을에서만 사용할 수 있습니다."
e1f831e90e86ef42,TID_STORAGE_ITEM_BATTLES_LEFT,남은 전투 수:
6bb9d6f1537c90ca,TID_CLAN_NOTICE_RESET_SETTINGS_CONFIRM,검색 옵션을 기본값으로 초기화하시겠습니까?
debbeb8f55376314,TID_NOTICE_BOARD_ERROR,공지 게시판 오류
daf11a036745c091,TID_POPUP_SPEED_UP_UPGRADE_MINI_LEVEL,<item> 슈퍼 충전을 완료하시겠습니까?
002bb3287047cc25,TID_CONSUMABLE_BOOST_HERO,마이티 밀
28d3a2ade6bea1d2,TID_CONSUMABLE_INSTANT_TRAINING_WARN,훈련 부스트가 활성화되어 있습니다.
8a7b2a8a3a6d3276,TID_CONSUMABLE_BOOST_BUILDER_WARN,이 효과는 장인 포션의 가속 효과와 중첩되지 않습니다.
2e006dcbcc0b586a,TID_CLAN_NOTICE_PUBLISH_FAILED_ALLIANCE_FULL,클랜 정원이 가득 차서 공지를 게시할 수 없습니다.
ccdb957301b94dee,TID_CLASH_GAMES_KING,클래시 게임 킹
e65c5af79fb1d67d,TID_STORAGE_ITEM_QUICK_TRAINING_LEFT,남은 즉시 훈련 수:
c25e51f2c1f9a429,TID_DECO_SC_ROYALE_BED,잠꾸러기 킹
d9315de75fef6c8b,TID_CONSUMABLE_INSTANT_TRAINING_INFO,"<time> 동안 혹은 <battles>번의 전투에서 유닛, 마법 및 시즈 머신을 즉시 훈련시켜주는 간식입니다."
422b2c48b0a16cf6,TID_GENERIC_ERROR_HOME_VILLAGE,마을에서만 수행할 수 있습니다.
571580875a137b9b,TID_BUTTONS_SETTINGS_RESET,초기화
3ac5759898127488,TID_GEAR_INFO_ARCHER_CROWN,투명 아처 부대를 소환합니다.
4bec8e1737c4f23d,TID_INFO_SCREEN_INFO_TEXT_MINI_LEVEL,다음 건물 레벨이 나오길 기다리고 계시나요? 그동안 완전히 업그레이드된 건물을 슈퍼 충전하여 더욱 강력하게 만드세요!
19be09aa051459d9,TID_POPUP_NOT_ENOUGH_DIAMONDS_SHOW_MISSING_TITLE,보석 <number>개 부족!
2f6195d85ad875b5,TID_CLAN_NOTICE_STAT_LANGUAGE,언어:
45173e14d6b93933,TID_ICEMINION,아이스 미니언
8dcf55e7f6b39500,TID_POPUP_UPGRADE_WALL_SECTION_TEXT,선택한 장벽을 <number> <resource>로 업그레이드하시겠습니까?
0371d7b42725ce21,TID_CLAN_SETTINGS_APPLY_REMOVE_NOTICE_TITLE,클랜 공지 삭제
a9da95f492339f3a,TID_FAILED_TO_RETRIEVE_NOTICES,클랜 공지를 불러오지 못했습니다.\n나중에 다시 시도해 주세요.
818fe68c89abe24d,TID_CONSUMABLE_CC_REFILL_AMOUNT_INFO,클랜 성 케이크 활성화!
8860e6ef246fb7a4,TID_SET_CHAT_LANGUAGE_HUD_MESSAGE,공지를 게시하기 전에 채팅 언어를 설정해야 합니다!
f567d5c09aaae5a4,TID_CONSUMABLE_CONFIRM_TITLE,마법의 간식을 사용하시겠습니까?
db7973833754f19b,TID_CONSUMABLE_BOOST_BUILDER_INFO,장인이 <time> 동안 <num>배 더 빨리 일할 수 있게 해주는 육즙이 가득한 든든한 군것질거리입니다. 마을에서만 사용할 수 있습니다. 안타깝게도 채식주의자인 견습 장인의 작업 속도에는 영향을 미치지 않습니다.
6b11384cd3cd928e,TID_DECO_CLASHOWEEN_2024_PRISONBOX,탈옥 상자
1188e3c6c3940d5d,TID_NOTICE_BOARD_SEARCH_NO_RESULTS,결과 없음
cf05c63205907fe9,TID_TTRPG_CHAMPION,팔라딘 챔피언
b8e66e12ddcab6c0,TID_BUTTON_TRAIN_PRESET_INSTANT,즉시 훈련
147bdb4dc5550bf1,TID_DELIVER_REWARD_DELIVERED_OVERFLOWING,저장소가 거의 찼습니다! 자원 저장 용량 한도에 가까워지고 있습니다.
94993e92516fda4a,TID_CONSUMABLE_CC_REFILL_BANNER_INFO,클랜 성 케이크로 클랜 성을 무료로 강화하세요!
bc80450cd937584e,TID_TREASURE_HUNT_INFO_TEXT_3,타이머가 초기화될 때까지 총 3개의 보물 상자를 획득할 수 있습니다.
2f124aa8622a548d,TID_DECO_SC_ROYALE_CASTLE,잠꾸러기 킹
5438e67dd663873f,TID_CONSUMABLE_BOOST_ARMY_INFO,"다음 <battles>번의 전투에서 유닛, 마법 및 시즈 머신 레벨을 마을회관의 최대 레벨에 맞춰 올려주는 든든한 식량입니다. 마을에서만 사용할 수 있습니다."
5190be52baa76b7b,TID_CONSUMABLE_BOOST_LAB,연구 수프
110a8c324afee717,TID_STORAGE_ITEM_USES_ACTIVE,사용 중
1f3168e1ff315540,TID_CONSUMABLE_BOOST_ARMY_WARN,군대가 이미 강화되었습니다!
f1ae90173fbb3d02,TID_DECO_CLASHWEEN_2024,
4fd5de2fb2be759f,TID_CLAN_NOTICE_BOARD_INFO,클랜이 게시하는 공지를 통해 완벽한 클랜을 찾아보세요. 검색 옵션을 조정하여 대장님에게 가장 적합한 클랜을 찾을 수 있습니다!\n\n클랜의 대표와 공동 대표는 여기에서 공지를 작성하고 공유할 수 있습니다. 각 공지는 24시간 동안 또는 클랜 정원이 가득 찰 때까지 표시됩니다.
9c8086ee768ee283,TID_ITEM_INSTANTLY_TRAINED,<item> 즉시 훈련 완료!
176d50ad43f2f126,TID_CLAN_NOTICE_STAT_WAR_FREQUENCY,전쟁 빈도:
29d47e107156f835,TID_STEAMPUNK_BATTLE_COPTER,스팀펑크 배틀콥터
60f60c63f1666c6e,TID_ICE_MINION_ABILITY_NAME,차가운 심장
92c3eaee319c3369,TID_CONSUMABLE_BOOST_LAB_WARN,이 효과는 연구 포션의 가속 효과와 중첩되지 않습니다.
ae29246f3fb9e117,TID_PRESET_INSTANTLY_TRAINED,군대 즉시 훈련 완료!
16811ab395e3e377,TID_CLAN_BADGE_APPLY_TITLE,변경 사항 적용
53fe6277c16d6c1e,TID_POPUP_CANCEL_GOBLIN_UPGRADE_MINI_LEVEL,"<item> 슈퍼 충전을 중단할까요? 고블린 장인에게 지불한 보석은 환불되지 않으며, 자원 비용의 <number>%만 환불됩니다."
42a27ec864712b7d,TID_TTRPG_KING,오크 바바리안
52fab7e6d41ad651,TID_STORAGE_ITEM_EXPIRED,아이템 만료
5319561c0e7bd475,TID_CONSUMABLE_BOOST_BUILDER,장인의 새참
5678ba1d9504e407,TID_CLASH_GAMES_WARDEN,클래시 게임 워든
de4626091b913f8e,TID_CLASH_GAMES_QUEEN,클래시 게임 퀸
3c5dd2ae6cce676b,TID_CLAN_BADGE_APPLY_INFO,변경한 클랜 배지를 적용하시겠습니까?
92f7ce905577e10c,TID_NOTICE_BOARD_SEARCH_NO_RESULTS_INFO,더 많은 결과를 보려면 검색 옵션을 변경해 보세요.
05d52d1ee9017f74,TID_CONSUMABLE_CLAIM_WARNING,\n\n <c3c74a5>이 아이템은 만료되기 전에 사용하지 않으면 사라집니다.</c>
3a28f8223077f2d2,TID_HARD_MODE_DESC,"방어시설이 5% 더 큰 피해를 줍니다. 공격 측 영웅의 HP가 5%, 피해량이 5% 감소합니다! 일반 장비는 15레벨, 초희귀 장비는 21레벨로 제한됩니다."
86adef9fc4a2edca,TID_SEARCH_OPTIONS,검색 옵션
46cb09e5947e9cf9,TID_BUTTON_UPGRADE_MINI_LEVEL,슈퍼 충전!
05d2a87117544852,TID_DECO_SC_BEACH_CANNON,해변의 휴식
34a05d71bf51f323,TID_MINI_LEVEL_REMOVED_TEXT,건물에 새로운 레벨이 출시되었습니다!\n건물에 적용된 슈퍼 충전이 모두 비활성화됩니다.
ef9687b3cc585457,TID_MINI_LEVEL_REMOVED_REFUND,사용하지 않은 슈퍼 충전 업그레이드가 환불되었습니다.
297041a00e19d0ef,TID_GEAR_INFO_LAVALOON_PUPPET,무시무시한 라벌을 소환합니다.
0cd0f6f796878e19,TID_TTRPG_QUEEN,사티로스 아처
8f099a9960f71385,TID_CLAN_NOTICE_APPLY_TITLE,변경 사항 적용
b50e73f9efd41b78,TID_LEGEND_SIGN_UP_CONFIRM_SHIELD_REMOVAL,전설 리그는 공격 횟수 제한 등 다른 리그와는 다른 규칙이 적용됩니다. 전설 리그에 등록하면 보호막이 제거됩니다. 계속 진행하시겠습니까?
2df5b9b0abc20fe0,TID_INFO_SCREEN_MINI_LEVEL_DEFAULT_INFO,슈퍼 충전은 건물을 강하게 만듭니다! 정보 버튼을 눌러 더 자세한 내용을 확인해 보세요.
061da6af7657f0db,TID_ANIME_CHAMPION,애니메이션 챔피언
3ce3ca7b36c9202c,TID_EVENT_TREASURE_HUNT_DESCRIPTION,적 건물을 파괴하고 숨겨진 보물을 찾으세요!
45cd1c833927f0c3,TID_INFO_SCREEN_MINI_LEVEL_INFO_TITLE,슈퍼 충전 완료!
17387200e25481c9,TID_CHARACTER_INFO_ICEMINION,미니언의 맹렬함과 얼음 골렘의 차가움을 결합한 아이스 미니언은 적의 방어 시설을 겨냥해 느리게 만듭니다. 하지만 보기와는 달리 눈송이처럼 연약하답니다!
bb9cb4fa6a2c3051,TID_SCENERY_TTRPG,클래시 오브 드래곤
dddff5bab0b74b35,TID_ALLIANCE_CREATE_MIN_TROPHIES,필요한 트로피 수:
4ea699be1c195b40,TID_INFO_SCREEN_DISCLAIMER_MINI_LEVEL,이 슈퍼 충전은 이 건물의 새로운 업그레이드 레벨이 출시되기 전까지 지속됩니다.
3f724bcd9e89afd1,TID_WORKER_CONTEXT_MINI_LEVEL,<object> 슈퍼 충전
d469bbdd080fe632,TID_NOTICE_CREATE_INFO,클랜 공지를 게시하면 24시간 동안 공지 게시판에 표시됩니다. 클랜 메시지와 디자인을 변경해 보세요.\n\n클랜 정원이 차면 공지는 삭제됩니다.
7b952bc1581c1b89,TID_EVENT_TREASURE_HUNT_TITLE,보물 사냥
dbe64361825d031e,TID_CLAN_NOTICE_REPORT_TITLE,클랜 공지 신고
4655eaa69afc6b78,TID_INFO_SCREEN_INFO_MINI_LEVEL_CONFIRM,확인
08dd70864c90f904,TID_CLAN_NOTICE_SETTINGS_APPLY_INFO,클랜 공지 검색 옵션의 변경 사항을 적용하시겠습니까?
ece0724052787fa6,TID_STORAGE_ITEM_UNPLACED,미사용
5ae69408276891ba,TID_CONSUMABLE_CC_REFILL,클랜 성 케이크
14baf2bcc78a9bbc,TID_BUTTON_SKIP,건너뛰기
2c72eaa0c4f9c296,TID_CANNON_ABILITY_HELP,"카트가 파괴된 후, 대포는 <num>만큼의 임시 HP를 가지고 공격을 계속합니다."
ab12bf6b23b60519,TID_CLAN_NOTICE_OPEN_FAILED_INTERNAL_ERROR,오류가 발생했습니다. 다시 시도해 주세요.
d3ed76907c08b23e,TID_PLAYER_ALREADY_REPORTED,이 플레이어는 이미 신고되었습니다.
269b864138e4b103,TID_CLAN_NOTICE_STAT_LOCATION,지역:
7b9f6d81a79fc4fe,TID_SCENERY_ANIME,애니메이션 배경
0749f3c54c80004d,TID_ICE_MINION_ABILITY_INFO,처치되면 주위를 얼려버립니다.
81c62ee1dddd8da4,TID_JOIN_CLAN_REQUIREMENT_CASTLE,클랜 성 필요
a6f76622ca1cd52d,TID_ALLIANCE_CREATE_MIN_REQUIREMENTS,최소 요건:
752b8b7fa35e0f1b,TID_FAMILY_FRIENDLY_LOCKED_YOUNG_PLAYER,전 연령 클랜만 검색할 수 있습니다.
a562492ebb01411a,TID_BUTTON_CLAN_NOTICE_DESCRIPTION,공지 메시지
1f7bdccd2f5e9ffa,TID_GENERIC_ERROR_MESSAGE,지금은 수행할 수 없습니다.
2ec8ca7cd1a68f20,TID_POPUP_BOOSTER_INSTANT_UPGRADE_MINI_LEVEL,<booster> 부스터를 사용해 <item> 건물을 즉시 슈퍼 충전하시겠습니까?
f110c8db74895f4f,TID_DELIVER_REWARD_TEMPORARY_STORAGE,아이템이 임시 저장소로 전달되었습니다.
3c2848a5490869cb,TID_CLAN_NOTICE_JOIN_DISCLAIMER,참고! 클랜 유형이 <type> 유형으로 설정되어 있습니다. 플레이어는 계속해서 클랜 공지를 통해 클랜에 가입할 수 있습니다.
9dd56f91300eae52,TID_TREASURE_HUNT_EVENT_TIMER,남은 시간: <time>
bf9ec9a363e73cd1,TID_HERO_INSTRUCTIONS_WARDEN_SHORT,어떤 군대라도 강화하는 마법의 달인입니다.
86934aa10a5d199a,TID_SPELL_RESURRECT_INFO,
43e15d90ef4194c3,TID_EP_MINI_RECEIVED,미니 이벤트 패스 획득!
3e5b3f87c4871ff7,TID_HERO_TAVERN_POP_UP_PLACE_TAVERN,영웅 회관 배치하기
3c7d501131f5fc72,TID_SCENERY_MASHUP,크로스오버 배경
1d9c4add74baa11e,TID_HERO_INSTRUCTIONS_QUEEN_SHORT,자신의 매력만큼 치명적인 대형 석궁으로 건물을 부숩니다.
5d180d3e3584b991,TID_HERO_SLOT_UNLOCK_INFO,<slot> 슬롯 번호는 \n<building> <level>레벨에서 잠금 해제됩니다.
40054244fefa3b5b,TID_HERO_INSTRUCTIONS_WARDEN,이 강력한 마법의 달인은 지팡이로 적을 날려버리며 아군 유닛을 지원합니다! 그랜드 워든은 장벽 위를 걷거나 심지어 날아다닐 수도 있습니다! 방어 시에는 자신의 영웅 깃발이 있는 지점에서 위엄 있게 적을 맞이합니다.
6c2e0edca88867de,TID_TUTORIAL_HERO_TAVERN_MIGRATION_4,제단은 사라졌지만 영웅들은 여전히 마을을 지켜줄 거예요. 어서 영웅 깃발이 있는 곳으로 가봐요!
b16564b9753fc9b6,TID_SLOW_SPEED_AND_ATTACK,이동/공격 감속(%): <number>
fa409b13cde0ffb0,TID_VILLAGER_ALCHEMIST_TARGET_RESOURCE,<resource> 자원을 다음으로 변환:
032212c888af44e1,TID_GIVEN_ABILITY_SHIELD_PROTECTION,<ability> 피해량 감소(%): <number>
7f46eef686aca537,TID_HERO_TAVERN_POP_UP_SHOP,상점으로 이동
c94bc2d3b8b6b09e,TID_HERO_TAVERN_UNPLACED_TEXT,영웅 회관이 배치되지 않았습니다! 영웅 회관을 배치하기 전까지는 공격에 영웅을 사용할 수 없습니다! 지금 배치하시겠습니까?
285ecce735d11d00,TID_LA_ASSIGN_BUTTON,연구소 조수 배정
8334951dba689a94,TID_ATTACK_RANGE_TILES,공격 거리(칸):
ceba6970e55e3bba,TID_MINION_BODYGUARD,보디가드
6c7954c1d3125078,TID_BUILD_HERO_TAVERN_TO_UNLOCK_HEROES,영웅을 잠금 해제하려면 영웅 회관을 건설하세요!
6f92675fa78c355e,TID_TH17_KING,정의의 사도 킹
8509e84e4c84472a,TID_TRAP_GIGA_BOMB_INFO_SHORT,엄청난 폭발력으로 쾅 하고 터집니다!
a2cab05900a5d418,TID_TUTORIAL_HERO_TAVERN_MIGRATION_3,영웅 회관에 오신 것을 환영합니다! 영웅에게 필요한 모든 것이 이곳에 있습니다!
eba6078daf9eae07,TID_ALCHEMIST_ASSIGN_BUTTON,자원 변환
d39e4cc127110b09,TID_HERO_INSTRUCTIONS_ROYAL_CHAMPION_SHORT,영웅은 항상 행동의 중심에 있기 마련입니다.
fa201d208a1d8c10,TID_GIVEN_ABILITY_DURATION,<ability> 지속 시간(초):
ecf6fed58c86d419,TID_HERO_INSTRUCTIONS_MINION_HERO,스스로 어둠의 왕자라고 칭한 미니언 프린스의 전투 실력만큼은 믿음직합니다! 미니언 프린스는 하늘을 날아다니며 방어 시설과 유닛에 어두운 점액질을 뿌려 피해를 줍니다! 방어 시에는 자신의 영웅 깃발 근처 주의를 빙빙 떠다닙니다.
09866fc67a09b51d,TID_KNOCKBACK,밀어내기 강도(칸): <number>
f693381194540c53,TID_HERO_TAVERN_POP_UP_BLACKSMITH_BUTTON,대장간으로 이동
7e6189b37cf10b7e,TID_CHARACTER_THROWER,창 투척수
9238c4dca8dd562b,TID_VILLAGER_MIGRATION_TUTORIAL_2,"기뻐하기엔 아직 일러, 친구!"
b6d8b887a6985e75,TID_BOOSTER_LAB_POTION_INFO,건강에 좋아 보이는 이 포션을 마신 연구소의 마법사들이 <time> 동안 <multiplier>배 빠르게 연구합니다. 마을에서만 사용할 수 있습니다! 안타깝게도 연구소 조수의 작업 속도에는 영향을 미치지 않습니다(아직 마법사 자격증을 취득하지 못했다고 하네요).
9bb3efb4f3dc7ec2,TID_HERO_TAVERN_POP_UP_PET_SHOP_TEXT,펫은 영웅의 단짝 친구입니다. 영웅에게 펫을 배정하면 전투력이 더욱 높아집니다!
b7cef4b2ef5a4e50,TID_BARBKINGEQUIPSNAKE,스네이크
9a3e71b863dbe462,TID_BUTTON_ATTACK_HERO_TAVERN_ATTACK,전투 계속하기
2f837e96299d0fb6,TID_AURA_HITPOINTS_INCREASE,오라 HP 증가(%): <number>
db0ac4a31257c211,TID_HERO_INSTRUCTIONS_MINION_HERO_SHORT,이 예측 불가능한 영웅은 하늘을 날아다니며 소란을 일으킵니다!
b982932c96495797,TID_SCENERY_CLASHMAS2024,WIP
b2cf858dc0841509,TID_CLASHMAS_QUEEN,서프라이즈 퀸
9a56b87bfc3cbcad,TID_BUILDING_GATLING_GUN_INFO,화염 방사포는 대형 석궁보다 빠른 속도로 화염을 뿜어냅니다! 화염 방사포는 목표물을 지나쳐 뒤에 있는 적에게 피해를 입힙니다. 한 방향으로만 공격할 수 있으니 신중하게 배치하세요!
fa2e7b643cb6dff5,TID_HOTROD_BATTLE_COPTER,개조 배틀콥터
1bb21b76abdc5c2c,TID_SHIELD_PROTECTION,받는 피해 감소(%): <number>
6a72044f42660072,TID_ALCHEMIST_BOOST_MULTIPLIER,변환 보너스:
3d7aeb77678e7cc4,TID_HERO_TAVERN_POP_UP_DEFENCE_TITLE,방어 영웅
ab347c7bcf7ce386,TID_VILLAGER_ALCHEMIST_AMOUNT_ZERO,변환할 자원을 선택해야 합니다!
86fba4bf5e3fe764,TID_CLASHMAS_KING,로보킹
11d51d38e6ceb885,TID_SPELL_REVIVE_INFO_SHORT,이제 전투에서 영웅의 활약이 끝이 났다고 생각하셨나요? 그럴 리가요!
c35b715da2afbc18,TID_CHEST_RARE_INFO,최소 1개의 희귀 보상이 들어있는 상자입니다!
a4876ab2e29df36c,TID_GEAR_TITLE_MINION_BODYGUARDS,보디가드 인형
c3469fa81eba2480,TID_EP_MINI_ACTIVATE_SCID_TITLE,미니 이벤트 패스를 활성화할까요?
e75449cf730c9a09,TID_BUTTON_ATTACK_HERO_TAVERN_PLACE,영웅 회관 배치
ddb5982d5d531e3e,TID_DECO_DIWALI_2024,축제 등불
14c431d6e17b2538,TID_SPELL_TIME,마법 지속 시간(초): <number>
b30c89b2bdacb419,TID_SHOCKWAVE_DAMAGE,충격파 피해량: <number>
d47c3c9ac48aa76b,TID_HASTE_DAMAGE_OFFSET,피해량 증가: <number>
c9aa70d56b660ff4,TID_DECO_CLASHMAS_2024,흔들 순록
367ca520711daad1,TID_VILLAGER_ALCHEMIST_INFO_ITEM2,연금술사는 완전히 쉬었을 때 하루에 한 번만 변환할 수 있습니다.
79aad2fb4a77dbfa,TID_SCENERY_WAR_MACHINE,전쟁 머신 배경
d8920afb8aec2269,TID_EP_MINI_REWARD_LOCKED_NEED_PREMIUM,해당 보상을 잠금 해제하려면 미니 이벤트 패스가 필요합니다.
2d780ba917e60d39,TID_FREEZE_PERCENT,감속(%): <number>
60b92337c2b32879,TID_ALL_HEROES_LOCKED,잠금 해제된 영웅 없음
446f6a1f199a2b2c,TID_CONSUMABLE_BOOST_LAB_INFO,보글보글 끓어오르는 육수는 <time> 동안 연구소의 연구와 펫 하우스 업그레이드를 <num>배 빠르게 해줍니다. 마을에서만 사용할 수 있습니다.
d8046077ce520b60,TID_DECO_CLASHMAS_2024_SUPERDECO_GLOBE,스노우볼
8669a12335846fca,TID_EVENT_PASS_MINI_PURCHASE_TEXT,미니 이벤트 패스를 구매해 더 많은 보상을 받으세요!
4df9ae96968354cb,TID_MINI_LEVEL_STATUS,<level>레벨 / 충전: <charge>회
024f3f12b6971882,TID_BUILDING_DIRECT_HERO_CONTROL_MAIN_BUILDING,축제 폭죽
43e3005d52f1a79a,TID_GIVEN_ABILITY_BOOST_DAMAGE_PERCENTAGE,<ability> 피해량 증가(%): <number>
26551e7cef6eca7d,TID_ALCHEMIST_CONFIRM_ASSIGN_JOB,연금술사를 <building> 업그레이드에 배정할까요?
5ae923c24d58d349,TID_EVENT_PASS_MINI_PACKAGE_INFO,미니 이벤트 패스를 구매해 더 많은 보상을 획득할 기회를 얻으세요!
54669f6db2ced4e3,TID_STEAMPUNK_BATTLE_MACHINE,스팀펑크 머신
dab3811d4f88dad2,TID_HERO_TAVERN_TOO_LOW,<number>레벨 영웅 회관이 필요합니다!
31fad0ac655c07f4,TID_REVIVE_TIME,되살리기(초): <number>
654c50c7db4dbc61,TID_INFO_DISCLAIMER_BUILD_TAVERN,영웅을 잠금 해제하려면 영웅 회관을 건설하세요.
481fe9975e03fe2d,TID_EVENT_PASS_MINI_PURCHASE_INFO,미니 이벤트 패스를 구매해 더 많은 보상을 획득할 기회를 얻으세요!
6571a911864f8688,TID_VILLAGER_LAB_INFO_ITEM3,연구원 조수는 하루에 한 시간씩 일합니다. 레벨을 올리면 작업 속도가 빨라집니다.
9718f69a3b7bc3b6,TID_HERO_TAVERN_POP_UP_ATTACK_BUTTON,훈련 장소로 이동
fec14658893b8dec,TID_HERO_TAVERN,영웅 회관
09585541455a292e,TID_ELIXIR2,장인기지 엘릭서
5cadb6fe78f31753,TID_DPS,초당 피해량: <number>
34865f9fcd83d136,TID_HERO_TAVERN_HERO_LOCKED,영웅 회관 <level>레벨을\n잠금 해제하세요!
3c743ae087c10585,TID_DEGENERATION_TIME,수명(초): <number>
60c37c53fb8dd057,TID_BA_CONFIRM_ASSIGN_JOB,견습 장인을 <building> 업그레이드에 배정할까요?
c8db5cf8ef65d869,TID_GEAR_INFO_MINION_BODYGUARDS,날아다니는 보디가드를 소환하여 미니언 프린스를 엄호합니다.
332850100fe0f559,TID_CHEST_EPIC_NAME,초희귀 상자
07ab9f5b953f9d06,TID_SNAKE,스네이크
683b3c98c8c4b823,TID_TRAINING_TAB_TITLE_RESERVE,예비
61e50c35f7c112ea,TID_ATTACK_WARNING_HERO_TAVERN,영웅 회관이 배치되지 않았습니다.
730f885b376ec04d,TID_HERO_HEAL_PERCENT,영웅 치유량: <number>%
71fc825efa8d2702,TID_HERO_TAVERN_POP_UP_DEFENCE_TEXT,영웅은 마을을 공격으로부터 방어합니다. 기지에 영웅 깃발을 배치하고 영웅을 배정해 마을을 방어하세요.
794139084e9c70b9,TID_UNPLACED_HERO_TAVERN_HINT,영웅을 사용하려면 영웅 회관을 배치하세요.
f76d21a0301377ce,TID_BUTTON_OK,확인
46f43e0d037044aa,TID_HERO_TAVERN_POP_UP_PET_SHOP_BUTTON,펫 하우스로 이동
c4afe9079d311bd7,TID_RESEARCHER_APPRENTICE,연구소 조수
2529a75acd4fe282,TID_TRAINING_TAB_TITLE_PRESETS,군대 프리셋
73ac3ac00c4bd3e7,TID_HERO_TAVERN_HERO_MAX_LEVEL_FOR_TAVERN,<hero> 업그레이드에 <level>레벨 영웅 회관이 필요합니다!
8a39f5a240594836,TID_HERO_IS_LOCKED,<name> 잠김
1d205cb099cda6e3,TID_HERO_IS_UPGRADING,<name> 영웅이 업그레이드 중이라 공격에 사용할 수 없습니다.
61a8ec245455832c,TID_SPELL_RECALL_HOUSING,복귀 유닛 수: <number>
dde67627dcf30ee5,TID_HEROES_UNLOCK_AT,영웅은 <level>레벨 마을회관에서 잠금 해제됩니다!
34a61add9606717f,TID_HERO_SELECTION_UPGRADE_TAVERN_INFO,<building> 건물을 업그레이드해\n 더 많은 영웅을 잠금 해제하세요!
d6f84c37e177aee3,TID_VILLAGER_ALCHEMIST_UPGRADE_INFO,변환 가능한 자원의 양:
f689eb002fd69daf,TID_INFO_TRIGGER_HOUSING,폭발에 필요한 유닛 수:
625908808395dc4b,TID_CHARACTER_INFO_BARBKINGEQUIPSNAKE,신비한 고대 팔찌에 의해 소환된 이 굶주린 스네이크들의 목표는 단 하나입니다. 바로 모든 것을 물어뜯는 것입니다!
0d9da55769da0b0a,TID_LAB_APPRENTICE_TITLE,연구소 조수
187688077eb1c08d,TID_SCENERY_TH17,저스티스 배경
72ca6b2bd4552b7e,TID_TUTORIAL_DEFENSIVE_HERO_SWAPPING_1,이제 이 깃발을 지킬 영웅을 선택하세요. 영웅은 언제든지 변경할 수 있습니다.
42abdb44c11542df,TID_EP_MINI_ACTIVATE_SCID_CONFIRM,Supercell ID에 사용 가능한 미니 이벤트 패스가 <num>개 있습니다. 이 이벤트에 하나를 활성화할까요?
689068099d8f5293,TID_CHARACTER_INFO_THROWER_SHORT,더 많이 던질수록 더 많은 피해를 입힙니다!
4176ffab32e1037d,TID_UPGRADE_TH_LOCKED_TITLE3,필요한 업그레이드:
cdd26653172d7f2c,TID_HASTE_DAMAGE,피해량 증가(%): <number>
c12eb310cde87bd5,TID_BUILDING_VILLAGER_APPRENTICE_INFO,도우미는 이 아늑한 오두막의 따뜻한 이층 침대에서 휴식을 취합니다! 도우미 오두막을 방문해 마을 곳곳에 도우미를 배치하세요.
7e52f6d3f1bef93f,TID_MOVEMENT_SPEED,이동 속도(초):
9f8c957e58079f0f,TID_DAMAGE_RADIUS,광역 피해량(칸): <number>
81b4cb95744affa1,TID_TH17_WARDEN,정의의 수호자 워든
e76302864db24316,TID_HERO_IS_SLEEPING,<name> 영웅이 휴식 중이라 공격에 사용할 수 없습니다.
869a6c73746d08e4,TID_CONVERT_RESOURCES_WARN,<c3c74a5>저장 공간이 거의 다 차서 일부 자원이 손실됩니다.</c>
fec99a895ad2bbac,TID_SPELL_RESURRECT,
2cff502043d1f576,TID_BUILDING_TROOP_CAGE,사탕 케이지
f7937d184dfb3968,TID_GEAR_INFO_SNAKE_ARMOR,피해를 입으면 곁에서 싸울 뱀을 소환합니다.
6209c0028cadae30,TID_ELIXIR_SHOP_PACK_2,<number> 장인기지 엘릭서
40aae0aaa2808276,TID_SPELL_RADIUS,효과 범위(칸): <number>
a28df9a18031abd0,TID_PREFERRED_TARGET_DAMAGE_BONUS,(피해량x<number>)
a4ab68143f1acffc,TID_VILLAGER_STOP_RECURRENCE_TITLE,반복 작업을 중단하시겠습니까?
822af4301eac78da,TID_HERO_TAVERN_POP_UP_BLACKSMITH_TEXT,장비로 영웅을 강화하여 전투에서 새로운 능력을 부여하세요! 대장간에서 광석을 사용해 장비를 업그레이드하세요.
a6a50e1ba3d8239a,TID_TUTORIAL_HERO_TAVERN_INTRO_2,그르렁!
4f9eca945ee0a727,TID_UPGRADE_TOWNHALL_EAGLE_MERGE_INFO,이 업그레이드를 시작하면 독수리 포탑과 마을회관이 합쳐집니다. 한번 합체되면 취소할 수 없습니다.
55a71c0eda6f359c,TID_EP_MINI_GET_BANNER_TITLE,미니 이벤트 패스 구매
548be9a1124f35e9,TID_TRAP_DAMAGE,피해량: <number>
775e1cedb0b3e501,TID_PTE_REWARD_LOCKED_NOT_ENOUGH_POINTS_AND_NEED_PREMIUM_MINI,해당 보상을 잠금 해제하려면 미니 이벤트 패스와 <soft_currency> <num>개가 더 필요합니다.
3c90a5127292a38c,TID_NOTIFICATION_VILLAGER_READY,도우미가 일할 준비가 되었습니다!
a6563827b0e55bce,TID_GIVEN_ABILITY_NERF_DAMAGE_PERCENTAGE,<ability> 피해량 감소(%): <number>
57572ac9a79ce35c,TID_ATTACK_WARNING_HERO_TAVERN_INFO,영웅을 전투에 투입하려면 영웅 회관을 배치하세요.
bffc154d9192d3e0,TID_GEAR_TITLE_DARK_ORB,다크 구슬
20140f232c8a3b29,TID_HERO_TAVERN_MENU_HEART_POP_UP_TEXT,영웅은 공격 시 HP를 잃지만 시간이 지나면 회복됩니다.
61aae689ed240902,TID_CHEST_RARE_NAME,희귀 상자
486a84f8aef8dd0f,TID_CLASHOWEEN_QUEEN,다크 미니언 퀸
7dfeed394cff1d4a,TID_GEAR_INFO_DARK_ORB,무엇이든 닿으면 피해를 입고 속도가 느려집니다.
dc3017b5e317122f,TID_HERO_TAVERN_POP_UP_BLACKSMITH_TITLE,영웅 장비
7be3b6b4923fb64c,TID_NERF_DAMAGE_PERCENTAGE,피해량 감소(%): <number>
74309fb3f3661029,TID_EVENT_PASS_MINI_ACTIVATE_TEXT,미니 이벤트 패스를 활성화해 더 많은 보상을 받으세요!
175aabf8120c348b,TID_AVAILABLE_DEFENDING_HEROES,교체 가능한 영웅
cefe6a4d1a28aa4e,TID_ME_MINI_BONUS_POINTS_INFO,미니 이벤트 패스를 구매해 <soft_currency> <num>개를 획득하세요!
dd2594ab60a68f00,TID_TRAINING_EDIT_HERO_SELECT_GEAR,장비 선택
0a8c6cf1f4bdb541,TID_ATTACK_SPEED_INCREASE,공격 속도 증가(%): <number>
c58199ee9d8138ee,TID_ATTACK_WARNING_SWAP_HERO_RECOVER_TEXT,군대에 속한 영웅이 회복 중이라 전투할 수 없지만 사용 가능한 다른 영웅이 있습니다. 군대를 변경할까요?
6f5268c681cc1498,TID_HERO_TAVERN_UNLOCKS_PENDING_TEXT,영웅 회관에서 새로운 영웅을 잠금 해제할 준비가 되었습니다! 영웅 회관을 방문해 새로운 영웅을 만나보시겠습니까?
71101a8e9c3a8437,TID_ALCHEMIST_WAIT_LOCKED,먼저 연금술사를 잠금 해제해야 합니다!
bd0c153174ced80e,TID_HERO_TAVERN_POP_UP_DEFENCE_BUTTON,영웅 깃발 보기
fadf3852c9cbcfea,TID_WEAPON_TOWN_HALL_17,인페르노 포탑
fa6a039c820d7c8b,TID_EVENT_MINI_PASS_ACTIVATE_TITLE,미니 이벤트 패스를 활성화하세요!
afaa4d59a8b733b6,TID_HERO_TAVERN_POP_UP_PURCHASE_BUILDING,지금 <building> 구매 가능!
6cbd06e899103768,TID_HERO_TAVERN_LEVEL,영웅 회관 - <cffcc33><level>레벨</c>
d676456f7ffd1253,TID_WEAPON_TOWN_HALL_17_INFO,열기를 투척하세요! 인페르노 포탑은 적을 추적하는 폭탄 4발을 발사하는 강력한 포탄입니다. 발사된 포탄이 낙하하는 지점에 활활 타오르는 불덩이를 남깁니다. 사정거리 안의 적 수가 4명 미만이면 같은 대상을 여러 번 타격할 수 있습니다. 아얏!
08089f52e6b3baca,TID_VILLAGER_ALCHEMIST_INFO_ITEM1,연금술사는 창고의 자원을 다른 종류의 자원으로 빠르게 변환합니다.
16ded4fc9b4d38a8,TID_VILLAGER_LAB_INFO_ITEM2,충분히 휴식을 취한 상태에서 하루에 1번 연구를 도와줄 수 있습니다.
9ade00372e807f01,TID_SCENERY_CLASHOWEEN2024,암흑의 던전 배경
b44cfed6638f68ab,TID_VILLAGER_TOTAL_SAVED_TIME,총 절약 시간: <time>
f9044e7cbc73749e,TID_EFFECT_TIME,효과 지속 시간(초): <number>
6714754c58d2afd9,TID_HEALTH_RECOVERY,HP 회복(%): <number>
f6fe1e82550502b7,TID_HERO_SWAP,영웅 교체
8569be938c3c4005,TID_INFO_DISCLAIMER_VISIT_TAVERN,영웅을 잠금 해제하려면 영웅 회관을 방문하세요!
6ae73451d1185df0,TID_HERO_TAVERN_POP_UP_UNPLACED_FLAG_TEXT,배치하지 않은 영웅 깃발이 한 개 있습니다!
51ff68634fb8f637,TID_CONVERT_RESOURCES_TITLE,자원을 변환할까요?
698340ce830fd960,TID_BUTTON_WATCH_REPLAY,리플레이 보기
6e3e1ca3c37f17d5,TID_HERO_TAVERN_INFO,마을에서 가장 강력한 전사들을 기리는 곳입니다! 영웅 업그레이드를 비롯한 모든 영웅 관련 주요 업무를 여기에서 진행할 수 있습니다. 영웅 회관을 업그레이드하여 더 많은 영웅을 잠금 해제하세요!
6dc511de1386a9e9,TID_FIRST_TIME_DISCOUNT,특별 할인!
9f12cda6a542bc4e,TID_VILLAGER_LAB_INFO_ITEM1,연구소 조수는 연구소의 연구 업그레이드 속도를 높여줍니다.
fb6d0d72668ebfbb,TID_VILLAGER_LIST_ASSIGN_ALCHEMIST,연금술사를 배정할까요?
3caf107017475396,TID_NUM_ATTACKS_UNTILL_DEACTIVATE,공격 횟수:
70a19cfffa7f704b,TID_TRAINING_TAB_TITLE_ARMY,군대
0f40065b1fe51ddf,TID_ATTACK_WARNING_SWAP_HERO_UPGRADE,업그레이드 중인 영웅을 교체하세요!
ff3cc4284daa71dd,TID_BUTTON_BOOST_TRAINING,훈련 가속
623d2c6853a3a89f,TID_CHARACTER_INFO_MINION_BODYGUARD,미니언 프린스는 이 사악한 부하들을 소환해 곁에서 싸우게 할 수 있습니다! 이들은 피해를 흡수하고 방어 시설을 공격합니다.
8216c95c6ca87477,TID_INFO_SCREEN_TITLE_HERO_FLAG,<flag>: <cffcc33><hero></c>
449537c8b2c18b83,TID_CLASHOWEEN_WARDEN,다크 미니언 워든
1b4964c31354adcb,TID_CHARACTER_INFO_SNAKE_BARREL,이번 설날에는 스네이크가 비처럼 쏟아집니다! 통에서 나온 이 위협적인 녹색 생물은 스르르 벽을 타고 이동해 방어 시설을 물어뜯습니다. 무리 지어 공격하면 더욱더 치명적입니다!
6ed47fc78cc355a8,TID_TROOP_TRAINING_HERO_INFO_TEXT,탭하여 영웅 편집
3c1af4207f712c8d,TID_GOLD2,장인기지 골드
c737ec97f4f74ff4,TID_SPELL_REVIVE,소생 마법
f9bb856648c325f4,TID_ALCHEMIST_SOURCE_MULTIPLIER,변환할 자원:
c892b9c8fea6953f,TID_TRAINING_EDIT_HERO_SELECT_HERO,영웅 선택
692ff5fd6682521f,TID_TUTORIAL_HERO_TAVERN_MIGRATION_2,좋은 소식입니다! 강력한 영웅들에게 어울리는 건물을 만들었답니다! 영웅 회관을 배치해 보세요!
1b3774c2bc403e8a,TID_DEATH_FREEZE_TIME,파괴 시 빙결(초): <number>
333e37c73f9c32bb,TID_PIRATE_BATTLE_COPTER,보트콥터
a6143e1c6e116dbf,TID_CHOOSE_DEFENDING_HERO,교체할 영웅 선택
37ba40a8d74e0fea,TID_INVISIBILITY_SECONDS,투명 마법(초):
727dcb27edc54e39,TID_ATTACK_WARNING_HERO_TAVERN_TITLE,군대에 영웅이 없습니다!
6620ac9164c00746,TID_ALCHEMIST_WAIT_WORKING,연금술사는 지금 작업 중입니다. 나중에 다시 시도하세요!
1e233b09332509be,TID_CHARACTER_INFO_THROWER,이 강력한 투수는 사냥감을 절대 놓치지 않습니다! 창 투척수는 원거리에서 강력한 창을 던져 적과 방어 시설을 공격합니다. 무거운 창을 가볍게 던질 수 있는 힘은 창 투척수의 멋진 수염에서 나온다고 하네요!
0ae0588cfab67ed3,TID_BOOST_DAMAGE_PERCENTAGE,피해량 증가(%): <number>
7c35ab215a375249,TID_HERO_RECHARGE_TIME,재충전 시간(초): <number>
f6d64bc81a753f61,TID_TUTORIAL_OFFENSIVE_HERO_SWAPPING_1,군대에 합류할 최고의 영웅을 선택하세요. 영웅 회관을 업그레이드하면 더 많은 영웅 슬롯을 잠금 해제할 수 있습니다!
bc3bc1edf2453ec2,TID_BUILDING_GATLING_GUN,화염 방사포
eaf652eedc089a4f,TID_SPELL_DAMAGE,총 피해량: <number>
14e8591bcc8f17b6,TID_HERO_TAVERN_POP_UP_UNPLACED_FLAG_BUTTON,영웅 깃발 배치
fcfdc9745c063ede,TID_VILLAGER_MIGRATION_TUTORIAL_1,야호! 고생 끝에 드디어 내 집을 마련했어!
ec745f83f7c71fcd,TID_GUIDANCE_WRONG_LOCATION_FOR_CONTROLLABLE_HERO_GROUND,올바른 위치를 탭하세요!
72f9651d2ad453af,TID_BUILDING_PET_CAGE,사탕 케이지
e6931401582085a1,TID_TRAP_DAMAGE_RADIUS,효과 범위(칸): <number>
7336ff943601a974,TID_PRODUCTION_RATE,시간당 생산량: <number>
1e4c88e6d2bad930,TID_CLAIM_HERO_AT_TAVERN,영웅 회관을 방문하여 이 영웅을 받으세요!
aa45aab3c1467ba3,TID_OBSTACLE_DEPLOY_AREA_MARKER,배치 가능한 구역 표시
264124c692076413,TID_CHARACTER_INFO_SNAKE,전투의 맛을 보려고 지하에서 올라온 위협적인 작은 녹색 생물입니다! 벽 위를 스르르 기어다니며 눈에 보이는 무엇에든 자신의 이빨을 박아 물어뜯습니다. 무리를 지으면 더욱더 치명적입니다!
bc03aeed938ef28c,TID_VILLAGER_MIGRATION_TUTORIAL_3,아무래도 연구소에 나 같은 인재를 필요로 하는 것 같아.
861d743205eaadf7,TID_TUTORIAL_HERO_TAVERN_INTRO_3,말수가 적은 왕이네요. 영웅은 군대에서 가장 강력한 구성원입니다!
53bdf5fcdf6b805d,TID_ALCHEMIST_WAIT_COOLDOWN,연금술사는 지금 휴식 중입니다. 나중에 다시 확인하세요!
05b498c776b512f0,TID_BUILDING_GATLING_GUN_INFO_SHORT,빠르고 강렬한 화염으로 적에게 화끈한 맛을 보여주세요!
5e0bc48af8f2865c,TID_VILLAGER_ALCHEMIST_CHOOSE_RESOURCE,변환할 자원 선택:
57c61da80bc2c644,TID_CONVERT_RESOURCES_INSTANT,자원이 <cffcc33>즉시</c> 변환됩니다.
7b267c7b76c5a27a,TID_TUTORIAL_HERO_TAVERN_MIGRATION_1,그르렁! 좁고 불편한 제단이다! 왕을 모욕하는 것인가!
67b9f9caf7b63d87,TID_TH17_QUEEN,저스티스 퀸
7c240eb0eedaff41,TID_PTE_REWARD_LOCKED_NEED_PREMIUM_MINI,해당 보상을 잠금 해제하려면 미니 이벤트 패스가 필요합니다.
d7bd6ee14548305c,TID_BUTTON_NEXT_LEVEL,다음 레벨!
996f349caf7e40e9,TID_SPELL_REVIVE_INFO,"치유사의 특별 레시피! 소생 마법은 쓰러진 영웅의 HP를 일정량 회복시켜 전투에 복귀시킵니다. 이 마법을 전투에 사용하면, 소생시킬 수 있는 쓰러진 영웅의 머리 위에 금빛 하트가 표시됩니다. 소생 마법을 업그레이드하면 영웅이 회복하는 HP 양이 증가합니다."
24f891150d66d668,TID_TUTORIAL_HERO_TAVERN_INTRO_4,또한 영웅 깃발을 사용하면 영웅이 마을을 공격으로부터 보호합니다. 영웅 깃발을 배치해 보세요!
3ed932b90e4bb8d1,TID_ALCHEMIST_APPRENTICE,연금술사
1712b39e7d3ea5b7,TID_SLOW_SPEED,속도 감소(%): <number>
08d8a8544f70ec71,TID_CHEST_COMMON_NAME,상자
ba0285c3f893085e,TID_BUILDING_SPELL_CAGE,서프라이즈 마법
d9ead3b8d7e55478,TID_VILLAGER_LIST_RESEARCHER_NO_JOB,연구소 연구 업그레이드를 시작하여 연구소 조수를 배정하세요.
f1b18f64c8fd126f,TID_VILLAGER_LIST_ASSIGN_LAB_ASSISTANT,연구소 조수를 배정할까요?
c024d1f2f9e3e67a,TID_LAB_ASSISTANT_CONFIRM_ASSIGN_JOB,조수를 <building> 업그레이드에 배정할까요?
81f4e4ed99530e0f,TID_GOLD_SHOP_PACK_2,<number> 장인기지 골드
5494a1a252e492fd,TID_BURST_SIZE,점사 횟수: <number>
57f74e956cecea41,TID_GEAR_TITLE_SNAKE_ARMOR,스네이크 팔찌
9368c9e1a737e6d0,TID_TROOP_TRAINING_CC_OVERVIEW,클랜 성 지원군
2190a9b3c26f73aa,TID_CLASHOWEEN_KING,다크 미니언 킹
5f7eaab38fee752a,TID_HERO_TAVERN_POP_UP_NEXT_FLAG_TEXT,다음 깃발은 영웅 회관 <level>레벨에서 잠금 해제됩니다!
0231132e061f6403,TID_HERO_TAVERN_POP_UP_GO_TO_TRAINING,훈련 장소로 이동하기
efc66cc25560de64,TID_TROOP_TRAINING_INFO_TAP_TO_EDIT,탭하여 편집
36631401af8325ed,TID_HERO_TAVERN_POP_UP_BUTTON_LOCKED,잠김
95b0620d9c76af3f,TID_TRAP_GIGA_BOMB,기가 폭탄
afc6d8d3f56963dd,TID_LAB_ASSISTANT_CANT_UPGRADE_WORKING,작업 중인 연구소 조수는 업그레이드할 수 없습니다. 휴식 중일 때 다시 시도하세요!
ccc5784c92491698,TID_VILLAGER_ALCHEMIST_INFO_ITEM3,연금술사의 레벨을 올려서 변환할 자원의 양과 속도를 높이세요.
8492ab90075ebc4b,TID_ATTACK_WARNING_SWAP_HERO_RECOVER,회복 중인 영웅을 교체하세요!
47b204756074a8a2,TID_INFO_DISCLAIMER_PLACE_TAVERN,영웅을 이용하려면 영웅 회관을 배치하세요.
0bac8cd1f4287733,TID_HERO_TAVERN_POP_UP_VISIT_TAVERN,영웅 회관에 방문하기
21732941cd95d707,TID_DECO_CLASHMAS_2024_CHOIR,태엽장치 합창단
889ea4ca766f7711,TID_PTE_PERK_NEEDS_PREMIUM_MINI,미니 이벤트 패스로 잠금 해제
5b86caee2d846b4e,TID_HERO_TAVERN_UNPLACED,영웅 회관 배치 필요!
9bea2236fdcd10fa,TID_HERO_SELECTION_UNLOCK_PET_SHOP_INFO,<building> 건물을 건설해\n 펫을 잠금 해제하세요!
c870c792cc786b2d,TID_VILLAGER_POPUP_INFO_ASSIGN_REPEAT,업그레이드가 완료될 때까지 이 반복 작업에 배정 유지
2cb9867f24551d52,TID_HERO_TAVERN_POP_UP_PET_SHOP_TITLE,펫
a44bbc430ae509f0,TID_EVENT_PASS_MINI_PACKAGE,미니 이벤트 패스
d598905d5d63015c,TID_TROOP_TRAINING_COPY_ARMY_TEXT,군대 복사
6bb61edbb2b080b3,TID_PLACEMENT_HINT_CONTROLLABLE_HERO,배치 구역에 영웅을 배치하여 공격을 시작하세요!
83fdc7d6d27f26f4,TID_CONVERT_RESOURCES_TEXT,<resource1> 자원을 <resource2> 자원으로 변환할까요?
40e4f82036532b32,TID_RESEARCHER_APPRENTICE_INFO,연구소 조수는 연구 속도를 높여주며 하루에 한 번 배치할 수 있습니다. 레벨을 올려 작업 속도를 더욱 높이세요!
4ed7fc443fd50167,TID_ALCHEMIST_CANT_UPGRADE_WORKING,작업 중인 연금술사는 업그레이드할 수 없습니다. 휴식 중일 때 다시 시도하세요!
72935ae191e95c59,TID_HERO_TAVERN_POP_UP_CONTINUE_ATTACKING,공격 계속하기
61f703534f96916a,TID_ALCHEMIST_NOT_ENOUGH_RESOURCES,<resource> 부족
320652fa3acc725a,TID_CHEST_COMMON_INFO,무작위 보상이 들어 있는 상자입니다!
26a0bb7a5e4a2a30,TID_CHARACTER_SNAKE_BARREL,스네이크 통
fab82f909ca766b8,TID_EP_MINI_GET_SCREEN_TITLE,미니 이벤트 패스를 획득하세요!
7dffd63700026952,TID_HERO_ABILITY_TIME,능력 지속 시간(초): <number>
7be6e0be62237ce2,TID_TOWN_HALL_17_INFO_SHORT,전장을 지배하세요!
6e6d1a63cf0ac7b8,TID_CHEST_EPIC_INFO,최소 1개의 초희귀 보상이 들어있는 상자입니다!
6c70b469168090ee,TID_GROWTH_AURA_PERCENT,HP 증가(%): <number>
3b64f556fd624fd5,TID_ATTACK_WARNING_SWAP_HERO_UPGRADE_TEXT,군대에 속한 영웅이 업그레이드 중이라 전투할 수 없지만 사용 가능한 다른 영웅이 있습니다. 군대를 변경할까요?
9b66151dce136ee2,TID_EP_MINI_ACTIVATE_COUNTDOWN,<time> 이후 미니 이벤트 패스 활성화 화면 종료
c7e799c9a0e78213,TID_HERO_SELECTION_UNLOCK_BLACKSMITH_INFO,<building> 건물을 건설해\n 더 많은 장비를 잠금 해제하세요!
39daeed86cf552fd,TID_HERO_SLOT_DESCRIPTION,영웅 깃발은 영웅의 방어 지점입니다. 영웅 깃발은 공격으로 파괴할 수 없습니다.
450b910a802e40f6,TID_VILLAGER_STOP_RECURRENCE,<building>에 배정된 <villager> 도우미의 반복 작업을 중지할까요?\n휴식 후에 <villager> 도우미를 다시 배정할 수 있습니다.
149d3a6e778abcb0,TID_REGENERATION_TIME,회복 시간(분): <number>
413faa79e0904f75,TID_RECHARGE_TIME,재충전 시간(초): <number>
ee617fe5fa266a72,TID_DECO_CLASHMAS_2024_SACK,선물 가방
81795f924c56685a,TID_ICE_HOUND_ABILITY_INFO,공격이 대상을 느리게 만듭니다. 쓰러지면 주위를 얼려버립니다.
9c16c39522b27fda,TID_TUTORIAL_HERO_TAVERN_INTRO_1,대장님! 신규 영웅 회관에 강력한 영웅이 등장했다고 합니다. 가서 인사합시다!
0d5d44d6bf742bd9,TID_TRAINING_EDIT_HERO_SELECT_PET,펫 선택
0a93c5a587a8697c,TID_HERO_TAVERN_POP_UP_UNLOCKS_AT_TEXT,<building> 건물은 마을회관 <level>레벨에서 잠금 해제됩니다.
4891f4ee40477006,TID_SPELL_DAMAGE_PERCENT,피해량(%): <number>
4fe80954e5e248c5,TID_EVENT_PASS_MINI_PURCHASE_TITLE,미니 이벤트 패스를 획득하세요!
9d6bc3d78ad3a1f0,TID_MAX_DPS,초당 최대 피해량: <number>
cfad5b164bef0565,TID_HERO_FLAG_INFO,내 영웅의 방어 지점을 표시하는 자랑스러운 영웅 깃발입니다!
2e875e8a222090b3,TID_TUTORIAL_HERO_TAVERN_MIGRATION_5,제단은 사라졌지만 영웅들은 여전히 마을을 지켜줄 거예요. 어서 영웅 깃발을 배치하세요!
0dad2702a1a9f30d,TID_GOBLINMACHINE,고블린 머신
57eaf53ef45bad73,TID_ALCHEMIST_APPRENTICE_INFO,연금술사는 자원을 다른 유형으로 변환하는 데 도움을 줍니다. 하루에 한 번씩 연금술사를 배정할 수 있습니다. 작업 효율을 높이려면 연금술사의 레벨을 높이세요!
ec4276a8b092e203,TID_SPELL_MASS_DESTRUCTION,대량 파괴
dc676b3b8e45103c,TID_HERO_FLAG,영웅 깃발
dc2e00dbc980f12e,TID_HERO_INSTRUCTIONS_BARBARIAN_SHORT,가장 크고 살벌하고 강인한 바바리안입니다.
95f98bd8b656ecd0,TID_BUILDING_VILLAGER_APPRENTICE,도우미 오두막
5d3776c77d485c48,TID_DAMAGE_PER_HIT,공격당 피해량: <number>
5f1ce9bbe028a34f,TID_ALCHEMIST_CANT_CONVERT_SAME_RESOURCE,같은 자원으로는 전환할 수 없습니다.
4f42cff11fe86ae0,TID_HINT_DPS,유닛과 방어시설 정보 창에서 확인할 수 있는 피해량은 초당 피해량으로 설정되어 있습니다.
ffb396fb01297cea,TID_MINION_HERO,미니언 프린스
007f6585ecd2582c,TID_EP_MINI_ACTIVATE_BANNER_TITLE,미니 이벤트 패스 활성화
2a2e73ea6448dcfb,TID_TUTORIAL_HERO_TAVERN_INTRO_5,영웅 회관을 업그레이드하여 더 많은 영웅과 영웅 깃발을 잠금 해제하세요! 이제 영웅을 전투에 투입해 보세요!
67fa64c0635fcc63,TID_FREEZE_TIME,감속 지속 시간(초): <number>
9e9b657016acdf9e,TID_HERO_ABILITY_NUM_CLONES,클론 수: <number>
7ff1c20c8702e5d3,TID_STUN_TIME,목표물 마비(초): <number>
81ebdd1dda66ebbc,TID_NO_HERO_FLAGS_PLACED,배치한 영웅 깃발이 없습니다!
0fef38ea25b3f7e8,TID_BUILDING_DEFENSE_TROOP_CAGE,사탕 지팡이
76e4d375b91f414f,TID_BUTTON_TRAIN_ALL,모두 훈련
3e312ff1fd2e100a,TID_TRAP_GIGA_BOMB_INFO,마을 주민들의 격렬한 반대에 부딪혀 이 위험한 무기는 마을회관 밖으로 옮겨졌습니다! 기가 폭탄은 적을 뒤로 밀어내고 막대한 피해를 줍니다. 함정임에도 불구하고 너무 치명적이라 굳이 숨길 필요가 없습니다!
49515b6daf1c6158,TID_UPGRADE_HOME_TH_LOCKED2_INFO,다음 건물들을 업그레이드하여 마을회관의 다음 레벨을 잠금 해제하세요!
55e9000846fc29fc,TID_HERO_TAVERN_UNLOCKS_PENDING,신규 영웅 이용 가능!
7b87078b81e878bc,TID_SPECIAL_FTUE_TUTORIAL_2,이들이 곧 대장님의 마을에 나타날 거예요. 그럼 천천히 설명해 드리겠습니다...
42ecd97fd8179c14,TID_ARMY_QUICKSAVE_CONFIRM,현재 군대를 <recipe> 편성으로 저장했습니다.
11cfc721e86fe605,TID_CLAN_PROGRESS_EVENT_AMOUNT_LABEL,획득 완료
aa6f4c0fc98ddef1,TID_SCENERY_LNY2025_WATER_YEARCYCLE,연 주기
edcc44594c4a658d,TID_TUTORIAL_STARTER_CHALLENGE_6,더 많은 보상을 원하시나요? 그럼 스타터 패스를 이용해 보세요!
de651f2dff3601a0,TID_SPECIAL_REENG_TUTORIAL_BUILDER_3,벌써 다음 건설 구상도 세워 두었다고 해요.
5071aede416a94f0,TID_BOOST_MAX_HEALTH_PERCENTAGE,최대 HP 증가(%): <number>
648661f5438e8bfc,TID_CHARACTER_FURNACE,용광로
9ba4717a98f9e45e,TID_TUTORIAL_TRAIN_3,바로 그거죠! 이제 바바리안을 풀어 더 많은 초록색 녀석들을 혼쭐내세요!
7a8049e8528d57d0,TID_ACHIEVEMENT_DESTROY_MULTI_GEAR_TOWER_TITLE,멀티 개조 타워 버스터
f52267338fdd9f10,TID_SPECIAL_FTUE_TUTORIAL_ATTACK_NPC_1,상아탑의 마법사들이 도우러 왔어요! 고블린 집합소를 탭해 보세요!
b83a5e19834b2257,TID_SPECIAL_TUTORIAL_STARTER_CHALLENGE_2,도전을 완료해 도전 점수를 획득하세요.
5a8f90df626fc66c,TID_SPECIAL_FTUE_TUTORIAL_DEFEND_4,건물들도 무너지지 않는답니다! 마법처럼 스스로 복구되죠!
de02f84b4bd3d820,TID_INFO_DAMAGE_MULTIPLIER_TARGET,추가 피해 대상:
f23fc90bc3527245,TID_SPECIAL_FTUE_TUTORIAL_3,고블린?! 여기는 대장님의 마을입니다! 대포를 설치해 방어하세요!
91e0a6e5c6ce2969,TID_UPGRADE_GEARUP_BUILDING_TO_LEVEL_TO_BUILD_MORE,<building> 건물을 <number>레벨로 업그레이드하고 개조해서 더 많이 건설하세요!
4fbfc5421802dc41,TID_TUTORIAL_STARTER_CHALLENGE_5,마을회관 7레벨이 될 때까지 스타터 도전을 이용할 수 있습니다.
cad66180532067bc,TID_BUTTON_TRAINING_ADD_CC,추가
aa7039bf36583c50,TID_LNY25_WARDEN,스네이크 워든
8b1415786917953b,TID_HINT HEROES_REGENERATE,영웅 회관은 영웅에게 필요한 것을 모두 갖춘 곳입니다!
1cf8071cd428d0bd,TID_CLAN_PROGRESS_EVENT_TITLE,클랜 이벤트
12e90fe4eb677824,TID_DIAMONDS_FOUND,<name>에서 <cb3f357>보석 <number>개</c>를 발견했습니다!
33af0c8f4ab786da,TID_SPECIAL_REENG_TUTORIAL_10,전투를 시작해 봅시다!
e4589192c34b63c8,TID_SPECIAL_REENG_TUTORIAL_ATTACK_1,유닛이 대장님이 오신 걸 환영한다고 합니다.
875aca7b0f8d6473,TID_GEAR_INFO_TURBO_START,"미니언 프린스의 처음 몇 번의 공격 속도, 사정거리, 위력을 증가시킵니다."
44c729c0649a5526,TID_SCENERY_LNY2025_FIRE_TRAIT3,용기
675e0be29c078289,TID_BUILDING_ARCHER_CANNON_INFO_SHORT,속도? 사정거리? 선택은 대장님의 몫입니다!
fddb1f74cbb90c4e,TID_BOOSTER_STAR_POTION_INFO,즉시 장인기지에서 별 보너스를 얻을 수 있게 해줍니다.
5eebd9a29bc6bdcc,TID_PRESET_CANT_LOAD_EMPTY,빈 편성을 불러올 수 없습니다.
f21f61ea8ed0418e,TID_CLAN_EVENT_LEADERBOARD_TITLE_ALT,곧 시작
b7c060677e843c0f,TID_BOOSTER_BUILDERS_INFO,<time> 동안 마을에서 장인의 작업 속도를 10배로 증가시킵니다. 견습 장인에게는 적용되지 않습니다.
1708670d888be078,TID_GEAR_INFO_STONE_AMULET,일시적으로 받는 피해를 줄여주는 보호 장벽을 생성합니다.
6a685bcc19beb1e4,TID_SPECIAL_FTUE_TUTORIAL_ELIXIR_1,"엘릭서는 건물의 건설과 업그레이드, 그리고 유닛 업그레이드에 사용됩니다."
4080bcc2903ee2df,TID_POPUP_CONFIRM_DELETE_RECIPE,편성을 삭제할까요?
40266f804af70c16,TID_AGE_GATE_INFO,이 창은 뭔가요?
a50e1a904d8faffe,TID_BUILDING_ARCHER_CANNON,멀티 개조 타워
8ecde47fc86d7c15,TID_TUTORIAL_STARTER_CHALLENGE_2A,도전 점수를 모아 보상을 잠금 해제하세요!
96c4e79ace28a059,TID_CLAN_SEARCH_TOWN_LEVEL_DISCLAIMER_TEXT,마을회관 레벨이 너무 높습니다.
c6791cc555b94822,TID_INFO_POP_UP_TOS_PP_BUTTON1,동의
64e7089e06224c2d,TID_FORGE_UI_END_CRAFTING_POP_UP_CANCEL_TEXT,단조 작업소 작업을 취소하시겠습니까? 소모한 자원은 돌려받을 수 없습니다.
c9db7d68c71ac5b3,TID_LNY25_PRINCE,스네이크 프린스
e29efce76c036ee8,TID_BOOSTER_WALL_UPGRADE_INFO,"장벽이 즉시 업그레이드됩니다. 높은 레벨의 장벽엔 더 많은 링이 필요합니다. 일해 줄 장인이 필요하며, 마을과 장인기지에서 사용할 수 있습니다."
c64728c0241079c5,TID_ARMY_TRAINING_RENAME_LOADOUT_POPUP_TITLE,군대 편성 이름 변경
6a28ff36fa66153b,TID_CHARACTER_ELECTROMITE,일렉트로마이트
7c472c3bfb6b6637,TID_CLAN_PROGRESS_EVENT_INFO_TEXT_2,클랜과 함께 모은 이벤트 화폐를 기여하여 공유 보상을 획득하세요!
faaf9e6bd34d185e,TID_IAP_INFO_TEXT,"청약철회는 구매일로부터 7일 이내 가능(단, 사용시 철회불가) 법정대리인 동의 없는 미성년자명의 결제 시 취소가능."
e11f19bf4d114b2f,TID_LNY25_CHAMPION,스네이크 챔피언
ba8843acc489b24a,TID_BOOSTER_FINISH_TROOP_UPGRADE_INFO,진행 중인 영웅 업그레이드가 즉시 완료됩니다. 마을과 장인기지에서 사용할 수 있습니다.
ae821299cae0fce5,TID_ATTACK_WARNING_SWAP_HERO_UPGRADE_TEXT,군대에 속한 영웅이 업그레이드 중이라 공격에 사용할 수 없습니다. 하지만 사용할 수 있는 다른 영웅이 있습니다. 영웅을 교체할까요?
1df7fa8b828483fd,TID_SCENERY_LNY2025_STONE_TRAIT1,실용적
941c1308ca31f31a,TID_OFFER_DONT_MISS_ONE_TIME_OFFER_VALUE,해당 상품은 표시된 기간 동안 단 한 번만 구매할 수 있습니다! <cffec78><value>배 가치</c>: 상품에 포함된 아이템의 보석 가격을 기준으로 합니다.
1b1d631011b8f9ea,TID_GEAR_INFO_ACTION_FIGURE,자이언트 자이언트가 소환되여 아처 퀸 곁에서 함께 전투합니다.
40655789c25d7e88,TID_POPUP_CONFIRM_USE_RECIPE_TITLE,군대 편성를 사용할까요?
053b17371ef1ae5e,TID_SPECIAL_TUTORIAL_STARTER_CHALLENGE_1,스타터 도전으로 진정한 강자가 되는 데 필요한 경험치를 얻을 수 있어요!
caa8882317028e35,TID_APRIL25_RRBL_ABILITYNAME,트라이벌 스로우
4f0fa4f764a364f6,TID_CLAN_PROGRESS_EVENT_INFO_TEXT_1,"공격, 생산 시설, 그리고 전리품 카트를 통해 클랜과 함께 골드를 획득하세요! 획득한 골드와 동일한 양의 이벤트 화폐를 받을 수 있습니다."
bceec28a719705d5,TID_BOOSTER_FREE_SPELL_UPGRADE_INFO,마을에서 마법을 다음 레벨로 즉시 업그레이드합니다.
73eef33623d31aca,TID_ALCHEMIST_SOURCE_MULTIPLIER,자원 변환 한도:
63dc17bc044ee700,TID_CHARACTER_INFO_SUPER_YETI,수수께끼의 가면 뒤로 전류가 가득 흐릅니다! 슈퍼 예티가 피해를 입을 때마다 작은 전기 친구들이 튀어나와 가장 가까운 건물을 감전시키며 강력한 연쇄 반응을 일으킵니다!
416c5c4479e6b510,TID_SPELL_FACTORY_VOUCHER_CLAIM_FAILED_CONDITIONS_NOT_MET,쿠폰을 받을 수 없습니다.
23fb4e5a9d2eb908,TID_BOOSTER_MOVE_OBSTACLE_INFO,장애물 하나를 영구적으로 이동 가능하게 만듭니다. 마을과 장인기지에서 사용할 수 있습니다!
ed9be0b34e07978c,TID_OPEN_CLAN_PROGRESS_EVENT,시작!
8e325db9c81ba015,TID_ARMY_IMPORT_CONFIRM,공유된 군대 <recipe>
da2a279124eb060b,TID_GEM_BUY_CONFIRMATION,보석 <cb3f357><amount>개</c> 받음!
260640247ea4ad48,TID_PET_ABILITY_SNEEZY,에취!
6f7559328c1fb2b7,TID_ACHIEVEMENT_DESTROY_FIRESPITTER,멀티플레이 전투에서 화염 방사포 <number>개 파괴
ba1467b984d849ea,TID_LOADOUT_CC_DONATION_REQUEST_ACTIVE,기부 요청이 활성화된 상태에서는 선호하는 클랜 성 유닛을 수정할 수 없습니다.
ee4db8faa87094fd,TID_SCENERY_LNY2025_STONE_TRAIT2,강한 인내심
3d57f0e8fc544cce,TID_SP_RECEIVED,스타터 패스 획득!
4c67ec12eef993cf,TID_GEAR_DARK_CROWN,다크 크라운
7cb27d7a2edf639b,TID_REPAIR_CLAN_CASTLE_TITLE,클랜 성을 재건하세요.
3aaf30e52f3b9c68,TID_INFO_POP_UP_TOS_PP_TITLE_NEW_PLAYER,중요 공지
ff573afd77154908,TID_SPECIAL_FTUE_TUTORIAL_CHANGE_NAME,대장님은 강력한 도전자입니다! 과연 후세에는 대장님을 뭐라고 부를까요?
c6620b167a894741,TID_CLAN_PROGRESS_EVENT_BUTTON_CONTRIBUTE,기여
d2e7f3e8484ea2c2,TID_SPECIAL_REENG_TUTORIAL_9,군대를 확인해 보세요. 슈퍼스타 한 명이 벌써 도착했다고 합니다!
ec67c51741a41a91,TID_ARMY_TAB_PRESETS,군대 편성
11e60ed610fbf239,TID_CLAN_PROGRESS_EVENT_INFO_TEXT_3,클랜과 함께 보상 트랙을 완료하고 최종 보상을 잠금 해제하세요!
34d5332e71d11d9b,TID_BUTTON_ALCHEMIST_CONVERT,변환
1a34a9b5c99a6e3c,TID_SCENERY_LNY2025_METAL_YEARCYCLE,연 주기
e5a578c2cc0ae74f,TID_CLAN_PROGRESS_EVENT_REWARD_CLAIM_FAILED,보상을 받으려면 최소 한 번 이상 기여하세요.
297fd575db509f2b,TID_LNY25_QUEEN,스네이크 퀸
79ed9402c2fcaeb8,TID_SPECIAL_REENG_TUTORIAL_4,싸울 시간입니다!
95134e18ce3582ab,TID_SPECIAL_TUTORIAL_STARTER_CHALLENGE_4,마을회관을 업그레이드하여 더 많은 스타터 도전을 잠금 해제하세요.
66f530f71fa275e1,TID_SCENERY_LNY2025_WATER_TRAIT1,자상함
c56e00fbb28463e2,TID_DECO_APRIL_GOBLINS_2025,난투 고블린
3a2487d543ad2d20,TID_HINT_BOOST_TRAINING,"유닛들은 언제나 싸울 준비가 되어 있습니다. 다만, 훈련이 필요할 뿐이죠!"
6cc9dd227cd3531c,TID_FIRE_KING,파이어 킹
8d2f7a4053b5a5b7,TID_BOOSTER_HERO_POTION_INFO,<time> 동안 모든 영웅과 펫의 레벨이 현재 마을회관이 허용하는 최대 레벨로 증가합니다. 마을과 장인기지에서 사용할 수 있습니다!
b21949ea4ca79d1c,TID_SUPER_YETI_ABILITY_HELP,슈퍼 예티가 피해를 입으면 일렉트로마이트가 찌릿찌릿한 연쇄 반응을 일으킵니다.
e1d82b8573988c3f,TID_ARMY_OVERVIEW_HINT_SIEGE_BUILD_WORKSHOP,작업장을 건설해 시즈 머신을 잠금 해제하세요.
806a2fffc4aa748e,TID_INFO_POP_UP_TOS_PP_NOTE_NEW_PLAYER_ANDROID,클래시 오브 클랜은 무료 게임이지만 인앱 구매를 통해 더 빠르게 진행할 수 있습니다. 이를 차단하려면 Google Play 스토어 앱 설정에서 암호를 걸어 보호하세요. '동의'를 누르면 이용 약관에 동의한 것으로 간주됩니다.
6ab7ce089e9ef956,TID_CLAN_PROGRESS_EVENT_END_COUNTDOWN,보상 수집 마감까지:
82084e8fe5722ecc,TID_VILLAGER_LAB_INFO_ITEM3,연구소 조수는 하루에 한 시간씩 일합니다. 레벨을 올리면 작업 속도가 빨라집니다.
e5876d01c1c8f9a7,TID_OFFER_DONT_MISS_ONE_TIME_OFFER,해당 상품은 표시된 기간 동안 단 한 번만 구매할 수 있습니다!
6461be6975da6eb4,TID_BOOSTER_MAX_LEVEL_ARMY_INFO,"1시간 동안 유닛, 마법, 시즈 머신 레벨이 마을과 장인기지 모두에서 현재 마을회관이 허용하는 최대 레벨로 증가합니다."
dbb9d693af0376c9,TID_EDIT_ARMY_RECIPE_HEADER,<army> 편성 수정
68b8e10b4b7d65a0,TID_CHARACTER_SUPER_DRAGON_RIDER,
8141d20a6c09dae3,TID_SPECIAL_FTUE_TUTORIAL_TOWN_HALL_1,골드로 마을회관을 업그레이드할 수 있습니다. 그러면 상점에서 새 건물이 잠금 해제됩니다.
bcdb11993f78b7ec,TID_BOOSTER_FILL_DARK_ELIXIR_STORAGE_INFO,마을의 다크 엘릭서 저장소를 가득 채웁니다.
cadd791ecca0f0b0,TID_CHARACTER_APRIL25RRBL,YEET맨
cb8305240eb7efc6,TID_SCENERY_LNY2025_FIRE_TITLE,불
8eefc71c0ea2c48b,TID_ATTACK_WARNING_NO_HEROES_ASSIGNED_TEXT,군대에 영웅을 더 추가할 수 있습니다. 더 추가하시겠어요?
264f3d65a826ac65,TID_SPECIAL_FTUE_TUTORIAL_DEFEND_2,"군중이 열광하고 있어요! 멋진 전투군요, 대장님."
694f522cffcff354,TID_VILLAGER_ALCHEMIST_UPGRADE_INFO,업그레이드 후의 자원 변환 한도:
3c2a7cddcaadc088,TID_SPECIAL_REENG_TUTORIAL_7,OverlordRHODES가 WWE 슈퍼스타들을 전투에 투입했어요!
3e6b490c226e5a0c,TID_SAVING_CHANGES,변경 사항 저장 중
db41914f022c1a5c,TID_ACHIEVEMENT_DESTROY_ARTILLERY,멀티플레이 전투에서 독수리 포탑 혹은 인페르노 포탑 <number>개 파괴
8cbdd553fd67bdd8,TID_BOOSTER_SUPER_POTION_INFO,3일 동안 일반 유닛을 슈퍼 유닛으로 강화할 수 있습니다!
136a98e697ddf820,TID_ERROR_CANT_SAVE_EMPTY_ARMY,빈 군대는 저장할 수 없습니다.
6af8f32b092b6264,TID_SCENERY_LNY2025_METAL_TRAIT3,전략적
07a6f66fe55b49bc,TID_SCENERY_LNY2025_METAL_TRAIT2,결단력
4c06d19ea8bbce96,TID_REQUEST_NOT_IN_ALLIANCE,지원군을 얻으려면 클랜에 가입해야 합니다.
51798e901708bdf1,TID_APRIL25_TBRM_ABILITYNAME,불꽃 부활
44d5beaa83872634,TID_INFO_POP_UP_TOS_PP_NOTE_OLD_PLAYER,이용 약관이 개정되었습니다. '동의'를 눌러 개정된 새 약관을 수락하고 계속 플레이하세요.
585c1a25e22cd7c1,TID_EVENT_TREASURE_HUNT_CHESTS_COMPLETE,모든 보물 상자를 획득했습니다!
70611dfab1222c7d,TID_WALL_WIZARD_BUTTON,더 업그레이드하기
4123644a78bdd1f9,TID_SCENERY_LNY2025_FIRE_TRAIT2,모험심
e3e75d278cd84f93,TID_SPECIAL_REENG_TUTORIAL_6,"돌아온 걸 환영합니다, 대장님! 안 계시는 동안 많은 일이 일어났어요."
4efd444d415ecc11,TID_ACHIEVEMENT_DESTROY_MULTI_GEAR_TOWER,멀티플레이 전투에서 멀티 개조 타워 <number>개 파괴
a2c9123b5977de35,TID_DECO_MILITARY_2025_SUPERDECO_RANGE,사격장
57696baa8cc211bc,TID_MILITARY_PRINCE,미니언 장군
f1feb664641348de,TID_SPECIAL_FTUE_TUTORIAL_TOWN_HALL_2,계속 업그레이드하면 우호적인... (아닐 수도 있는) 슈퍼스타들이 곧 모습을 드러낼 것입니다!
6de9129bf4a71229,TID_PET_SNEEZY,스니지
80452553615dc4ec,TID_SPECIAL_TUTORIAL_ENTER_AGE_ALTERNATE_PATH,새로운 대장이 아레나에 입장했습니다!
362ccaf1a0db7a50,TID_ACHIEVEMENT_DESTROY_FIRESPITTER_COMPLETED,파괴한 총 화염 방사포: <value>개
6fa5e6d1554fe05a,TID_GEAR_ACTION_FIGURE,액션 피규어
03be30e52f2449f9,TID_INFO_POP_UP_TOS_PP_TITLE_OLD_PLAYER,중요 공지
0fd6df637c04b038,TID_BOOSTER_FILL_ELIXIR_STORAGE_INFO,마을의 엘릭서 저장소를 가득 채웁니다.
669242cc5aed46e7,TID_BUTTON_ARMY_PRESET_SAVE_HERE,군대 저장
5d8dabd40a2d3e87,TID_HARD_MODE_DESC,"방어시설이 20% 더 큰 피해를 줍니다. 방어 측 영웅의 피해량과 HP가 20% 증가합니다. 공격 측 영웅의 피해량과 HP가 10% 감소합니다. 일반 장비는 15레벨, 초희귀 장비는 21레벨로 제한됩니다."
dacbf1407f69d4dd,TID_ARMY_OVERVIEW_HINT_SPELLS_BUILD_SPELLFACTORY,마법 제작소를 건설해 마법을 잠금 해제하세요.
8d0a9c689fd15b83,TID_LOCAL_NOTIFICATION_SUPERCHARGE_READY,슈퍼 충전 완료! <item> 건물이 <level>레벨로 업그레이드되었습니다.
292c4e7c628fcba0,TID_INFO_POP_UP_TOS_PP_TITLE_NEW_PLAYER_ANDROID,중요 공지
e896d5fcf3b46711,TID_CLAN_PROGRESS_EVENT_SUBTITLE,클랜과 함께 이벤트 화폐를 얻으세요!
529515a6db5823ae,TID_BUILDING_GATLING_GUN_INFO,화염 방사포는 대형 석궁보다 빠른 속도로 화염을 뿜어냅니다! 화염 방사포는 목표물을 넘어 뒤에 있는 적까지 피해를 입힙니다. 한 방향으로만 공격할 수 있으니 신중하게 배치하세요!
240159fa25c5cc20,TID_EVENT_TREASURE_HUNT_CHESTS_COLLECTED,획득 완료:
dad7ac2b0c36fd8f,TID_CLAN_PROGRESS_EVENT_NOT_IN_CLAN,이벤트에 참가하려면 클랜에 가입하세요!
7bcd3628eecafb00,TID_ARMY_PRESET_LOADED_FRIENDLY_ARMY,<army> 편성이 친선 군대로 설정되었습니다!
ed2acf5344831ef5,TID_SPECIAL_FTUE_TUTORIAL_BARRACK_1,고블린 무리를 상대할 군대가 필요해요. 훈련소를 건설하세요.
f7b7dc1a32f03fe6,TID_ACHIEVEMENT_DESTROY_MULTI_ARCHER_COMPLETED,파괴한 총 멀티 아처 타워: <value>개
54aada6422a9daae,TID_SHOP_MERGE_BUILDING_DISCLAIMER_NON_GEARED,개조되지 않은 두 건물이 합쳐져 새로운 건물이 됩니다. 한 번 진행하면 되돌릴 수 없습니다.
43a8e476b435b8d0,TID_CHARACTER_APRIL25TBRM,K.A.N.E
6964c8a59e077a4d,TID_TUTORIAL_STARTER_CHALLENGE_1,대장님을 위해 몇 가지 스타터 도전을 준비했어요!
824df8d69557fbf7,TID_GEARED_UP,<building> 개조됨
6f26eb9f4c854280,TID_PRESET_CANT_SHARE_EMPTY,빈 편성을 공유할 수 없습니다.
e5497f2b29df8376,TID_ACHIEVEMENT_DESTROY_ARTILLERY_COMPLETED,파괴한 독수리 포탑 혹은 인페르노 포탑: <value>
7a2a80bea365251a,TID_PET_SNEEZY_INFO_SHORT,재채기로 공중 유닛을 생성하여 피해를 대신 받게 합니다. 에취!
1d5271f72cd21c7a,TID_OVERVIEW_REINFORCEMENTS_TITLE,지원군
c7e896c29387dc00,TID_INFO_POP_UP_TOS_PP_BUTTON1_NEW_TOS,동의
eea8434f42971af3,TID_HERO_TAVERN_MENU_HEART_POP_UP_TEXT,영웅이 공격 중에 잃은 HP는 시간이 지나면 회복됩니다.
cca27d57cb0e9480,TID_ACHIEVEMENT_DESTROY_RICOCHET_CANNON_TITLE,리코셰 대포 크래셔
ba0d63b0a8c47b20,TID_SCENERY_LNY2025_WOOD_TITLE,나무
a5725d88091535a8,TID_BUTTON_ATTACK_COOLDOWN,공격 가능까지:
b9373d71c4db669b,TID_SPECIAL_REENG_TUTORIAL_BUILDER_1,대장님이 자리를 비운 사이에 장인이 제법 바빴던 모양이에요.
483e227885504eb0,TID_NERF_HEALTH_PERCENTAGE,HP 감소: <number>%
775fdedcf4fbd7ee,TID_SPECIAL_REENG_TUTORIAL_BUILDER_2,참 좋은 친구예요!
4ac595be7f92a7ec,TID_CHARACTER_SIEGE_MACHINE_TROOP_CATAPULT,유닛 발사기
2cde67623b1bf7e7,TID_BOOSTER_FINISH_ANY_UPGRADE_INFO,진행 중인 업그레이드가 즉시 완료됩니다. 마을과 장인기지에서 사용할 수 있습니다.
9968bf582c1ef069,TID_ARMY_SLOT_DEFAULT_IMPORTED_NAME,<num> 편성을 불러왔습니다.
82baf5be9f01a87f,TID_SCENERY_LNY2025_STONE_TITLE,땅
1ddf83d78707f3b1,TID_SCENERY_LNY2025_WATER_TRAIT3,사교성
dffb9a1bda9534e0,TID_DECO_APRIL_2025,WWE 타이틀
7eb7aa7df49467a3,TID_VILLAGER_STATUS_READY_FEMALE,작업 준비 완료!
8d94e9fcb0fac420,TID_SPECIAL_REENG_TUTORIAL_1,"대장님, 메인 이벤트에 딱 맞춰 오셨네요!"
ecac536350bd7ae5,TID_STARTER_PASS_PURCHASE_INFO,스타터 패스와 함께 클래시 모험을 시작하고 더 많은 보상을 획득해 보세요!
b3d29acf71a3a499,TID_SCENERY_LNY2025_METAL_TITLE,쇠
26e11e61f9a336b1,TID_CHARACTER_INFO_APRIL25GTG,자이언트 10명의 힘을 지닌 자이언트 자이언트는 강력한 광역 피해로 방어 시설을 초토화합니다. 최대 HP의 절반을 잃으면 분노 모드에 돌입해 속도와 공격력이 대폭 증가합니다!
f78b8757e8a695c9,TID_ACHIEVEMENT_DESTROY_MULTI_ARCHER,멀티플레이 전투에서 멀티 아처 타워 <number>개 파괴
4c284548ec728903,TID_AVATAR_MESSAGE_SUBJECT_GEM_DONATION,보석 <cb3f357><amount>개</c> 받음
699cb8c54f9de06a,TID_BUTTON_ADD_PRESET,군대를 새로운 편성으로 저장
29a30be8ce19a5bd,TID_CLAN_EVENT_CURRENCY_REQUIREMENT,이 보상을 획득하려면 클랜이 이벤트 화폐를 <num>개 더 기여해야 합니다.
328892dd34bd9c3d,TID_APRIL25_BLTM_ABILITYINFO,"전투 시작 후 20초 동안 속도와 피해량이 증가하며, 완전히 쓰러지려면 3번 처치되어야 합니다."
cfa44175085cbe92,TID_BULDING_ARCHER_CANNON_FAST_ATTACK_CONFIG,빠른 공격 멀티 개조 타워
7fd59376604a9a0a,TID_GEAR_INFO_DARK_CROWN,아군이 처치될 때마다 HP와 피해량이 증가합니다. (최대 3회)
b82da893e658cf19,TID_SPELL_FACTORY_REVOKE_SUCCESS_TITLE,환불 처리 완료
01b180c63ea4a05b,TID_BP_PERK_CLAN_CASTLE_REQUEST_COOLDOWN_DESC,클랜 성 유닛 요청 대기 시간이 <num>% 감소합니다.
7828abda3e3d94ec,TID_SCENERY_CLASHMAS2024,장난감 공방 배경
1e9d121cf4f30a03,TID_ACHIEVEMENT_REWARD_CLAIMED,도전 과제 달성! <cb3f357>보석 <number>개</c>를 획득했습니다.
1d76246f971e1485,TID_BOOSTER_HERO_POTION_PET_UPGRADING,"영웅을 강화할 수 없습니다. 강화 가능한 영웅이 이미 최대 레벨이거나 업그레이드 중이며, 해당 영웅의 펫도 업그레이드 중입니다!"
6683aca498c77ebe,TID_DECO_JAPAN_2025,신성한 문
d2f9ea87202e3a3f,TID_SPECIAL_FTUE_TUTORIAL_5,대장님! 보석을 사용해 시간을 단축하세요!
24daf5ff332b239e,TID_SP_REWARD_LOCKED_NEED_PREMIUM,해당 보상을 잠금 해제하려면 스타터 패스가 필요합니다.
7af5a40e2cf8a52b,TID_BUTTON_SAVE_CURRENT_RECIPE,현재 편성 저장
555f46388a52668a,TID_SCENERY_LNY2025_WOOD_YEARCYCLE,연 주기
c93fbd6f2c0dea7b,TID_POPUP_CONFIRM_USE_RECIPE_TEXT_UNITS,이미 지원군을 보유 중이므로 편성의 클랜 성은 사용되지 않습니다.
39c0e5a60b11e7e3,TID_ICE_WARDEN,아이스 워든
43f53037ed8e671d,TID_ARMY_LOADOUT_UNLOCK_WITH_TH_LEVEL,군대 편성은 마을회관 <number>레벨에서 잠금 해제됩니다!
72e7901da8177a51,TID_BOOSTER_FILL_GOLD_STORAGE_INFO,마을의 골드 저장소를 가득 채웁니다.
52095bcefa53bf81,TID_INFO_DAMAGE_MULTIPLIER_TARGET_TEXT,(피해량 x<number>)
406bb35b268d8ea1,TID_TREASURE_HUNT_INFO_TEXT_3,이벤트가 진행되는 동안 최대 <number>개의 보물 상자를 획득할 수 있습니다! <number3>시간마다 신규 보물 상자 <number2>개가 추가됩니다.
9e0eaf59d02e088b,TID_POPUP_CONFIRM_USE_RECIPE_TEXT_DONATION,기부 요청이 진행 중이므로 편성의 클랜 성은 사용되지 않습니다.
5b44e61e7710a2a5,TID_DELIVER_REWARD_NOT_DELIVERED_RESOURCE_FULL,저장소가 가득 차서 보상을 보관할 수 없습니다.
a032854bf4020074,TID_SPECIAL_REENG_TUTORIAL_LAB_UPGRADES_1,연구소에서 폭발과 굉음이 엄청 들리네요.
61e3d141fad727df,TID_WALL_WIZARD_BUTTON_ADD_WALL,장벽 추가
4036c3242f5993a3,TID_SCENERY_FIRE_ICE,불과 얼음 배경
38e411f3ed3c7114,TID_SPECIAL_FTUE_TUTORIAL_1,"어서 오세요, 대장님! OverlordRHODES가 WWE 슈퍼스타들을 전투에 투입했습니다!"
1cf8b601ad1acb04,TID_CLAN_PROGRESS_EVENT_INFO,"공격, 생산 시설, 그리고 전리품 카트를 통해 클랜과 함께 골드를 모으고 이벤트 화폐에 기여하여 공유 보상을 잠금 해제하세요!"
508c71b4d05c492f,TID_BUTTON_TAB_LOAD_ARMY,군대 사용
46691b59ae298c9b,TID_EXTRA_LOOT_STOLEN_PERCENTAGE,추가 전리품: <number>%
869d228d0b69ce84,TID_DIAMOND_FOUND,<name>에서 <cb3f357>보석</c>을 발견했습니다!
cbf12b40e4073d5d,TID_BUTTON_SETTINGS_CHEST_DROPRATES,상자 보상 확률
2f4789dbbe7b7be0,TID_SPECIAL_REENG_TUTORIAL_LAB_UPGRADES_3,자원이 있으면 바로 연구를 하나 더 시작할 수 있어요!
a6fe27890fde02a1,TID_FIRE_QUEEN,파이어 퀸
675c61f23eeaad13,TID_SPECIAL_TUTORIAL_ATTACK_NPC_BUTTON,공격!
44379a2432d4b6dd,TID_ACHIEVEMENT_DESTROY_RICOCHET_CANNON,멀티플레이 전투에서 리코셰 대포 <number>개 파괴
2791409498966c1e,TID_SPECIAL_REENG_TUTORIAL_LOOTCART_1,누가 전리품을 안쪽에 두고 간 모양이네요.
2dae811bc8608c30,TID_GEAR_TITLE_STONE_AMULET,메탈 바지
6aa81b42cef77ede,TID_SCENERY_LNY2025_METAL_TRAIT1,야망
63f67e19bb57b2b0,TID_FRIENDLY_CHALLENGE_SET_CASTLE_TROOPS_TEXT,친선 전투 방어에서 마을 방어에 사용할 클랜 성 병력을 설정하세요.
b42e9c5dc8dca4da,TID_DECO_LNY_2025,스네이크 신전
102940b1ac539f79,TID_SPECIAL_REENG_TUTORIAL_ATTACK_3,군대를 더욱 강력하게 훈련하세요!
334cd73852f311cc,TID_CHARACTER_TRIBAL_TAG_TEAM_INFO,"몸집은 작지만 머릿수로 승부합니다! 이 근접 전투 4인조는 YEET맨이 배치될 때 전장에 던져지며, 앙증맞지만 강력한 주먹으로 손에 잡히는 대로 모든 걸 강타합니다!"
d4003ae481100d9c,TID_SCENERY_LNY2025_WOOD_TRAIT2,창의성
d430f9263a95aad6,TID_SCENERY_LNY2025_WOOD_TRAIT1,외교적
45d58dee8638e004,TID_SPECIAL_FTUE_TUTORIAL_GOLD_STORAGE_2,골드 저장소를 건설하면 반짝이는 걸 잔뜩 모을 수 있죠! 으하하!
1bd747561ca22be5,TID_CHARACTER_APRIL25GTG,자이언트 자이언트
2bd977992532f098,TID_BP_PERK_CLAN_CASTLE_REQUEST_COOLDOWN,요청 시간 감소
66390f7336b16e3a,TID_ACHIEVEMENT_DESTROY_RICOCHET_CANNON_COMPLETED,파괴한 총 리코셰 대포: <value>개
b9855b1f70e5eaaa,TID_WALL_WIZARD_NO_AVAILABLE_WALLS,현재 레벨에서 추가할 수 있는 장벽이 더 이상 없습니다.
a4735a13c11fb01b,TID_BOOSTER_FINISH_BUILDING_UPGRADE_INFO,진행 중인 건물 업그레이드가 즉시 완료됩니다. 마을과 장인기지에서 사용할 수 있습니다.
d6710cc689645b60,TID_BOOSTER_BOOST_RESOURCES_INFO,<time> 동안 마을의 자원 생산이 매우 빨라집니다.
818d01f3d835ffb6,TID_BOOSTER_FINISH_HERO_UPGRADE_INFO,영웅 또는 펫 업그레이드가 즉시 완료됩니다. 마을과 장인기지에서 사용할 수 있습니다.
051f416f6332184a,TID_LNY25_KING,스네이크 킹
2fb6a1621974ccf9,TID_SPECIAL_FTUE_TUTORIAL_ELIXIR_STORAGE_2,엘릭서 저장소를 건설하면 더 많은 엘릭서를 보관할 수 있습니다!
1257ea6c0d66e7f0,TID_CHARACTER_INFO_APRIL25BLTM,"진정한 강자의 등장입니다! 디스아머는 방어 시설을 향해 방망이를 휘둘러 무자비하게 파괴하며, 벽을 가뿐히 뛰어넘습니다! 그녀를 완전히 쓰러뜨리려면 3번이나 처치해야 합니다. 정말 강인함의 결정체죠!"
c5711dcc87c5fcac,TID_APRIL25_BLTM_ABILITYNAME,빅 타임
0bd08554f6c75b03,TID_SP_REWARD_LOCKED_NOT_ENOUGH_POINTS_AND_NEED_PREMIUM,해당 보상을 잠금 해제하려면 스타터 패스와 도전 점수 <num>점이 더 필요합니다.
8fd962d5a3cbd851,TID_BOOST_HEALTH_PERCENTAGE,HP 증가(%): <number>
12e6891889126cff,TID_SPECIAL_FTUE_TUTORIAL_ELIXIR_2,엘릭서는 지하의 지맥에서 퍼 올릴 수 있습니다. 해보죠!
0f60c2fd23dbfbf3,TID_SUPER_YETI_ABILITY_NAME,충격과 공포
5357fb81b361f28c,TID_FINISH_HERO_TAVERN,영웅 회관 건설 완료
f86f914ecefdfd0a,TID_WALL_WIZARD_TOO_MANY_UPGRADES,한 번에 <number>개의 건물만 업그레이드할 수 있습니다.
0d637f6d53e09cb8,TID_CHARACTER_INFO_FURNACE,"용광로 자체는 이동하지 않지만, 건물을 공격하는 베이비 파이어를 생성합니다. 이 작은 불꽃 친구들은 머무르는 공간에 불 웅덩이를 남깁니다."
7faa6fa1f4414925,TID_CHARACTER_APRIL25BLTM,디스아머
ae3a9c4a9737ecdc,TID_BOOST_MAX_DAMAGE_PERCENTAGE,최대 피해량 증가(%): <number>
b30c52e3876db704,TID_ALCHEMIST_TUTORIAL,마법을 사용하여 자원을 다른 유형으로 변환할 수 있어요.
ccafc6bcaa3e9ff1,TID_BUTTON_USE_PRESET,사용
834027b8a2086bf7,TID_BOOSTER_FREE_TROOP_UPGRADE_INFO,유닛을 다음 레벨로 즉시 업그레이드합니다. 마을과 장인기지에서 사용할 수 있습니다!
eed768e857d773fb,TID_STARTER_PASS_SHOP_ITEM_SUBTITLE,마을회관 7레벨까지 이용 가능
5c5d6ca37d714882,TID_SPECIAL_REENG_TUTORIAL_ATTACK_2,물론 싸울 준비가 되어 있고요!
c7e8aa7230f962ea,TID_SPECIAL_FTUE_TUTORIAL_TRAIN_1,유닛을 훈련하세요!
043fc707e277af68,TID_CLAN_PROGRESS_EVENT_START_COUNTDOWN,이벤트 시작까지:
cf09af21a6747592,TID_SCENERY_LNY2025,푸른 뱀의 해
b88c48da417d64ea,TID_MILITARY_QUEEN,퀵파이어 퀸
0c050fc4a1f32e11,TID_EVENT_TREASURE_HUNT_NEW_CHESTS_IN,보물 상자 <value>개 추가까지: <time>
6be25be472d9209c,TID_ARMY_PRESET_LOADED,<army> 편성이 활성 군대로 설정되었습니다!
8d7a61a46ebde320,TID_INVALID_PLACEMENT_CAPITAL,강조 표시된 구역에 유닛을 배치해 보세요!
812fa970ebed78ae,TID_SPECIAL_REENG_TUTORIAL_LOOTCART_2,업그레이드에 사용하면 딱이겠네요!
b748e8bf3579e342,TID_GEAR_INFO_TRAP_SHIELD,
f6ac90b837df5450,TID_MILITARY_KING,컴뱃 킹
b897f7e3ec43058b,TID_CREATOR_FOUNTAIN_DECO,크리에이터 분수
6735e9668b5c2a10,TID_OBSTACLE_APRIL25,현금이 든 금고
7a5b112a36b67a24,TID_ARMY_LOADOUT_NO_SPACE,군대 공간 부족!
30f9acecdd0dba82,TID_MILITARY_CHAMPION,스나이퍼 챔피언
5fbdb62c2abe0751,TID_SPECIAL_REENG_TUTORIAL_BUILDER_4,대장님의 마음에 드는 계획이 있는지 확인해보세요!
f5d06c8631d31fe8,TID_ACHIEVEMENT_DESTROY_MULTI_ARCHER_TITLE,멀티 아처 타워 터미네이터
ba70be92827e114a,TID_BOOSTER_FINISH_SPELL_UPGRADE_INFO,마을에서 진행 중인 마법 업그레이드가 즉시 완료됩니다.
6895efba320f8a53,TID_SPECIAL_FTUE_TUTORIAL_ELIXIR_STORAGE_1,정제소에는 소량의 엘릭서만 보관할 수 있습니다.
a01cca3c276487c5,TID_CHARACTER_INFO_TAX_COLLECTOR,"저 탐욕스러운 손짓을 보세요! 수금 고블린은 자원 건물을 목표로 삼으며, 일반 고블린보다 훨씬 더 많은 전리품을 약탈합니다. 추가 전리품은 방어자의 자원에서 가져가는 것이 아니라, 수금 고블린이 직접 생성해 냅니다!"
7a03d84985361a68,TID_SPECIAL_REENG_TUTORIAL_3,직접 방어에 나서서 아직 버틸 힘이 남았는지 확인해 보세요!
27a1f408616eaaa9,TID_CHALLENGE_DEFAULT_INPUT,내 마을을 격파해봐!
c84fce4bd8fef0dd,TID_HERO_TAVERN_UNDER_CONSTRUCTION,영웅 회관이 건설 중입니다.
6b5cd18c3a287ff9,TID_ARMY_TAB_ARMY,군대
0e0eb5f3fe569471,TID_BOOSTER_FREE_HERO_UPGRADE_INFO,영웅 및 펫을 다음 레벨로 즉시 업그레이드합니다. 마을과 장인기지에서 사용할 수 있습니다!
72f50117a57f66c3,TID_MILITARY_WARDEN,제트팩 워든
f10b734cc576236d,TID_SELECT_WAR_TARGET_TO_ATTACK,공격할 목표를 선택하세요!
b4f202254f295244,TID_CLAN_EVENT_LEADERBOARD_INFO,"클랜과 함께 공격, 생산 시설, 전리품 카트에서 골드를 모으면 같은 양의 이벤트 화폐를 획득할 수 있습니다. 클랜과 함께 이벤트 화폐를 기여하여 공유 보상을 잠금 해제하세요!"
5aebc593d03f9654,TID_INFO_POP_UP_TOS_PP_NOTE_ANDROID,클래시 오브 클랜은 무료 게임이지만 인앱 구매를 통해 더 빠르게 진행할 수 있습니다. 이를 차단하려면 Google Play 스토어 앱 설정에서 암호를 걸어 보호하세요. '동의'를 누르면 이용 약관과 개인정보 처리방침에 동의한 것으로 간주됩니다.
e6ea9b6ec86a292b,TID_TUTORIAL_STARTER_CHALLENGE_3,마을회관을 업그레이드하여 더 많은 스타터 도전을 잠금 해제하세요.
940550a8305903ed,TID_CLAN_PROGRESS_EVENT_RESOURCE,클랜 이벤트 화폐
38c081b900dcc701,TID_SPECIAL_FTUE_TUTORIAL_4,전투태세를 갖추세요! 대포를 설치해 마을회관을 지키세요!
9772cbf2af01877b,TID_OBSTACLE_LNY2025_EGG,스네이크 조각품
8dd55470ff4d8df9,TID_SPECIAL_FTUE_TUTORIAL_WORKER_2,장인을 한 명 더 고용해 두 가지 작업을 동시에 진행하세요.
569b4103dea0d2a4,TID_WALL_WIZARD_BUTTON_REMOVE_WALL,장벽 제거
0aa33196adb40736,TID_WALL_WIZARD_NOT_ENOUGH_AVAILABLE_WALLS,선택할 수 있는 장벽이 <number>개 미만입니다.
bb94ef8de69e544d,TID_SPELL_SUMMON_TROOP_LEVEL,<name> 레벨: <number>
6156e2dc4cd724a9,TID_CHARACTER_INFO_APRIL25TBRM,"막무가내의 강인한 유닛입니다! K.A.N.E.는 목표를 정하면 곧장 마을회관으로 돌진하며, 경로상의 지상 및 공중 유닛을 강타해 막대한 광역 피해를 줍니다. 처치되면 불꽃 속에서 부활하여 피해량이 증가하고 맹렬한 화염 오라를 두릅니다!"
848a78e70c14a72b,TID_SCENERY_LNY2025_FIRE_YEARCYCKLE,연 주기
a30ca86f66f21440,TID_HINT_BOOST_SPELLS,마법 제작소에서 마법을 제조하고 군대를 한층 더 강화하세요!
f86cd4db2bf211fb,TID_POPUP_CONFIRM_DELETE_RECIPE_TEXT,정말로 이 편성을 삭제하시겠습니까?
b757c48f882704da,TID_SCENERY_LNY2025_WOOD_TRAIT3,자기 성찰
5de91d96218b68e1,TID_CHARACTER_SUPER_DRAGON_RIDER_INFO,
be6815c3cd24bc8a,TID_VILLAGER_ALCHEMIST_INFO_ITEM3,연금술사의 레벨을 올려서 변환할 자원의 양과 변환율을 높이세요.
064526907a1695fc,TID_WALL_WIZARD_NO_SELECTED_WALLS,제거할 수 있는 장벽이 더 이상 없습니다.
1e83c9470cd4b875,TID_SPECIAL_FTUE_TUTORIAL_WORKER_1,잘하셨어요! 이제 마을을 전투에 맞게 만들어볼까요?
a024fa5dd110da70,TID_TAX_COLLECTOR,수금 고블린
d9550a4e368657c8,TID_SNEEZY_SPAWN,부거스
25b452fc4321dc77,TID_ACHIEVEMENT_DESTROY_MULTI_GEAR_TOWER_COMPLETED,파괴한 총 멀티 개조 타워: <value>
1b225ae33589cbe3,TID_ARMY_TAB_RESERVE,예비
2fa1ac719e6a5525,TID_SCENERY_LNY2025_FIRE_TRAIT1,열정
592b6d96661cd8b2,TID_CHARACTER_SUPER_YETI,슈퍼 예티
d6d2ad1e71f76495,TID_TUTORIAL_DEFEND_4,이 땅에는 한때 신중한 마법사가 살았습니다. 그래서인지 건물들이 마법처럼 자동으로 수리되죠!
43fb345480fa23ba,TID_BOOSTER_FILL_GOLD2_STORAGE_INFO,장인기지의 장인기지 골드 저장소를 가득 채웁니다.
ce99978bd0fa3fcd,TID_WALL_WIZARD_TITLE,<building> x <number>
67e821168f606238,TID_SPECIAL_REENG_TUTORIAL_5,해냈어요! 오랜만에 돌아오셨네요!
cace4766df0d24bd,TID_ICE_CHAMPION,아이스 챔피언
002d9f518aad69bd,TID_DECO_COC_GIANT_2025,골든 자이언트
def2352c1ef69f4c,TID_SCENERY_LNY2025_WATER_TRAIT2,신비로움
a3999b76fbdd2b74,TID_CHARACTER_INFO_MINION_BODYGUARD,"이 사악한 형제는 미니언 프린스의 충실한 보디가드입니다. 이들은 피해를 흡수하며, 적에게 강렬한 반격을 날립니다!"
1404144588abc6fb,TID_CLAN_PROGRESS_EVENT_WRONG_CLAN,이미 다른 클랜에서 이벤트에 참여 중입니다!
76cae30e3912888d,TID_TUTORIAL_ELIXIR_1,"엘릭서는 건물의 건설과 업그레이드, 그리고 유닛 업그레이드에 사용됩니다."
78da4f2ce937b63f,TID_BOOSTER_FREE_BUILDING_UPGRADE_INFO,"건물을 다음 레벨로 즉시 업그레이드합니다. 일해 줄 장인이 필요하며, 마을과 장인기지에서 사용할 수 있습니다!"
b95e39b07fd4307b,TID_APRIL25_GTG_ABILITY_NAME,자이언트의 분노
1c5c10ff7b921206,TID_SPECIAL_REENG_TUTORIAL_8,"어떤 슈퍼스타는 우호적이지만, 다른 슈퍼스타들은... 그렇지 않을 수도 있습니다. 그러니 조심하세요!"
018973ce1729c5bc,TID_DECO_LNY_2025_MONK,수도자 조각상
2d8a8f1c29569e98,TID_ATTACK_WARNING_NO_HEROES_ASSIGNED,군대에 영웅이 없습니다.
fb082bd4d7177ee2,TID_TRAINING_TAB_TITLE_PRESETS,군대 편성
a2cf1f089e1dc468,TID_SETTINGS_HAPTIC_FEEDBACK,진동
69b627764278d265,TID_APRIL25_GTG_ABILITY_HELP,자이언트 자이언트는 최대 HP의 절반을 잃으면 분노 모드에 돌입해 속도와 피해량이 증가합니다.
104dc51fcca9b877,TID_SPECIAL_FTUE_TUTORIAL_GOLD_STORAGE_1,골드를 안전하게 보관할 장소도 필요해요.
1a0fda37f22a6101,TID_INFO_POP_UP_TOS_PP_NOTE,이용 약관이 개정되었습니다. \q동의\q를 눌러 개정된 새 약관을 수락하고 계속 플레이하세요.
1dd56dba6ffa07d4,TID_SKIN_FEATURE_LIST_TITLE,포함 사항:
c93b2dd0534c454b,TID_BUILDING_ARCHER_CANNON_LONG_RANGE_CONFIG,장거리 공격 멀티 개조 타워
34bbe497b20488aa,TID_SCENERY_ACTION_HEROES,밀리터리 배경
d818e95c88cd59b2,TID_UNABLE_TO_USE_GEARUP_FOR_MERGE,이 합체에는 개조된 방어시설을 사용할 수 없습니다.
6bed0145f73a91d0,TID_AGE_GATE_DESCRIPTION,클래시 오브 클랜은 모든 연령대가 즐길 수 있는 게임입니다. 최상의 게임 경험을 제공하기 위해 대장님의 나이를 묻고자 합니다.
1dedb06c39ca0976,TID_CHARACTER_INFO_SIEGE_MACHINE_TROOP_CATAPULT,"전투에서 아군을 향해 유닛과 클랜 성 병력이 담긴 통을 발사해 전투를 지원하는 고정식 기계입니다. 각 통은 클랜 성 병력 1개를 포함해 여러 개의 유닛을 보유할 수 있습니다. 발사기 안에는 몇 개의 통만 있으니, 신중하게 사용하세요!"
5f158803a9340778,TID_SPECIAL_REENG_TUTORIAL_2,젖 먹던 힘까지 내야 할 겁니다!
02759b46f69beeee,TID_BUNDLE_GEMS_CONFIRMATION,<cb3f357f>보석 <amount>개를 받았습니다!</c>
c7eaa2662c1542b9,TID_SPECIAL_FTUE_TUTORIAL_BUILDER_MENU,장인의 추천 건물과 업그레이드를 확인해보세요!
2d7f1d9687ccbd84,TID_SETTINGS_LEGENDARY_LOADING,
5fbe2fb3e552e30c,TID_ARMY_LOADOUT_COPIED_TO_DEVICE_CLIPBOARD,군대 편성이 기기 클립보드에 복사되었습니다!
e1ab0ee58270eb4e,TID_ALCHEMIST_APPRENTICE_INFO,"연금술사는 자원을 다른 유형으로 변환하는 데 도움을 줍니다! 단, 하루에 한 번만 일하므로 작업 효율을 높이려면 연금술사의 레벨을 높이세요!"
1087fafdbed2334d,TID_PRESET_CANT_LOAD_MISSING_HEROES,편성에 할당되지 않은 영웅 슬롯이 있습니다!
7b1625fa1d3b7da8,TID_BOOSTER_PET_POTION_INFO,펫 업그레이드 속도를 <time> 동안 <multiplier>배로 증가시킵니다.
d7a93d40c234cc64,TID_STARTER_PASS_TIMER_TEXT,마을회관 7레벨에 도달하면 스타터 패스가 종료됩니다.
e1f4e924e95297c4,TID_HINT HEROES_DIE,영웅들은 불멸입니다. 어떻게 그럴 수 있냐고요? 그건 아무도 모릅니다!
228ba0501332f72e,TID_APRIL25_RRBL_ABILITYINFO,YEET맨은 전투 시작과 동시에 장거리에서 충성스러운 부족원 4명을 던져 모든 걸 공격하게 합니다.
6f17a7db9478872e,TID_PET_SNEEZY_INFO,"꽉 막힌 콧구멍이 답답해 보이겠지만, 사실은 완전히 장전된 상태랍니다! 스니지는 알레르기 때문에 영웅 뒤에 매달려 있으며, 재채기를 통해 건물을 목표로 하는 단단한 코딱지 공중 유닛 '부거스'를 날립니다. 자신의 영웅이 쓰러지면 직접 전투에 나섭니다!"
cc4f2dfb88a1a927,TID_STARTER_PASS,스타터 패스
329fda9a8bdaac54,TID_ACHIEVEMENT_DESTROY_FIRESPITTER_TITLE,화염 방사포 슬레이어
5456ceb708f9788b,TID_INFO_POP_UP_TOS_PP_NOTE_NEW_PLAYER,클래시 오브 클랜은 무료 게임이지만 인앱 구매를 통해 더 빠르게 진행할 수 있습니다. 인앱 구매는 기기 설정에서 차단도 가능합니다. '동의'를 누르면 이용 약관과 개인정보 처리방침에 동의한 것으로 간주됩니다.
277a1701e91454ff,TID_CHARACTER_INFO_APRIL25RRBL,"엄청난 사정거리를 자랑하는 YEET맨은 전투 시작과 함께 충성스러운 부족원 4명을 던져 모든 것을 공격하게 합니다. 그 후에는 다시 믿음직한 창을 사용해 전투를 이어갑니다. 크게 외치세요, YEET!"
5f513c05c970a494,TID_ATTACK_WARNING_SWAP_HERO_RECOVER_TEXT,군대에 속한 영웅이 회복 중이라 공격에 사용할 수 없습니다. 하지만 사용할 수 있는 다른 영웅이 있습니다. 영웅을 교체할까요?
4a091b90cbe7fd26,TID_BUTTON_OPEN_LABORATORY,연구소 열기
4b41a72c7598b178,TID_BOOSTER_CLOCKTOWER_INFO,<time> 동안 시계탑이 빨라집니다. 장인기지에서 사용할 수 있습니다!
92bb211f0689f2ef,TID_SPECIAL_REENG_TUTORIAL_LAB_UPGRADES_2,이 마법사들이 뭘 하고 있었는지 볼까요!
e23e0c2dc2114bd9,TID_ARMY_LOADOUT_SHARED_TO_CHAT,군대 편성을 채팅에 공유했습니다!
f7f191dde9fd5d10,TID_HERO_INSTRUCTIONS_MINION_HERO,"스스로 어둠의 왕자라 부르는 미니언 프린스, 그의 전투 실력만큼은 믿음직합니다! 하늘을 날며 어둠의 마법으로 적을 공격하고, 방어 시에는 원거리 유닛과 공중 유닛만이 미니언 프린스에게 피해를 줄 수 있습니다."
4f4529f815470bbf,TID_VILLAGER_STATUS_READY_MALE,작업 준비 완료!
3241f6b0064c3bf1,TID_SCENERY_LNY2025_STONE_TRAIT3,지혜로움
1e211051a9790034,TID_PET_FROSTY_ABILITY_INFO,주기적으로 주변 방어 시설에 베이비 프로스티를 소환합니다.
5893b38d9b67c942,TID_CHARACTER_INFO_FIREMITE,"재빠르고, 호기심 많은 작은 친구로 체력은 낮지만, 건물을 활활 태우고 싶어 하는 욕구로 가득합니다! 따뜻한 은신처 외에는 바라는 것이 없지만 머무르는 공간에 불 웅덩이를 남겨 시간이 지남에 따라 대상에 주는 피해가 점점 증가합니다."
2ba3f860ac603af0,TID_FORGE_UI_END_CRAFTING_POP_UP_CANCEL_TITLE,작업을 취소할까요?
066961bfdf4d343a,TID_CHARACTER_INFO_SNEEZY_SPAWN,스니지의 꽉 막힌 콧구멍에서 직접 발사되는 무시무시한 코딱지입니다! 이 단단한 공중 유닛은 피해를 흡수하며 건물을 공격합니다. 휴지는 멀리하는 게 좋겠네요!
09f5dbcf353a56c7,TID_CLAN_PROGRESS_EVENT_MAX_CONTRIBUTORS,이 클랜은 기여자 수 최대한도에 도달했습니다.
c61c5b9486796641,TID_BUILDING_ARCHER_CANNON_INFO,두 가지 기본 방어시설이 합쳐진 강력한 조합입니다! 적절한 공격 모드를 선택해 적들을 파괴하세요! 멀티 개조 타워는 공중 유닛과 지상 유닛 모두를 공격합니다.
b186c1e97f5761e6,TID_SCENERY_LNY2025_STONE_YEARCYCKLE,연 주기
f3f80838f5cd00dd,TID_CHARACTER_ELECTROMITE_INFO,슈퍼 예티가 피해를 입으면 즉각 반응하는 작은 전기 친구들입니다! 가장 가까운 건물을 감전시키며 강력한 연쇄 반응을 일으킵니다!
7cf3c33ac4b5fea0,TID_WALL_WIZARD_CANT_AFFORD_WALLS,자원이 부족해 장벽을 추가할 수 없습니다.
9a61edacf8116d1f,TID_DONATION_RESOURCE_TITLE,자원 지원
c800f4baefeddf3e,TID_BOOSTER_HERO_POTION_HERO_UPGRADING,영웅을 강화할 수 없습니다. 강화 가능한 영웅이 업그레이드 중입니다!
a3abd73c65a6ac6b,TID_SCENERY_LNY2025_WATER_TITLE,물
e8d434c3c323dbda,TID_INFO_FRIENDLY_FREE_FRIENDLY_CC,친선 공격에서는 지원군이 무료입니다!
201add357082adbb,TID_PRESET_ALREADY_LOADED,편성을 이미 불러왔습니다.
01c965e9ef2cab76,TID_PET_ABILITY_INFO_SNEEZY,재채기로 지원형 공중 유닛을 방출하며 영웅이 쓰러지면 직접 공격에 나섭니다.
82839d6bf954c7f4,TID_CHARACTER_INFO_SIEGE_MACHINE_TROOP_CATAPULT_SHORT,유닛으로 가득한 통을 발사해 대장님의 군대를 지원하세요!
d7b7d1bc9ca2bdc2,TID_APRIL25_TBRM_ABILITYINFO,"마을회관을 곧장 목표로 삼으며, 처치되면 불꽃 속에서 부활하여 피해량이 증가하고 강렬한 화염 오라를 두릅니다."
bf9f58f4a167c069,TID_BOOSTER_FILL_ELIXIR2_STORAGE_INFO,장인기지의 장인기지 엘릭서 저장소를 가득 채웁니다.
982b4475cd63f9e2,TID_DECO_LNY_2025_COOKIE,럭키 쿠키
c241aab4c25a5dbe,TID_POPUP_NOT_ENOUGH_RESOURCE_TITLE,재료 부족!
e25efaf5dbbad126,TID_BOOSTER_LAB_POTION_INFO,<time> 동안 마을에서 연구소 연구의 작업 속도를 <multiplier>배로 증가시킵니다. 연구소 조수에게는 적용되지 않습니다.
92b1fc05f6f9363c,TID_SPECIAL_FTUE_TUTORIAL_TRAIN_3,바로 그거죠! 이제 바바리안을 풀어 더 많은 초록색 녀석들을 혼쭐내세요!
e6e97bfb217f156a,TID_BUILDING_CLASS_ANY_BUILDING,건물
641652e04ccecb97,TID_TUTORIAL_STARTER_CHALLENGE_2,도전을 완료해 도전 점수를 획득하세요.
95659b94bc2ec2c9,TID_CHARACTER_FIRECRACKER,로켓병
e25d822fea0df53a,TID_SETTING_GROUP_ATTACK,게임플레이 설정
bc7ea6887df24e44,TID_CHARACTER_INFO_FURNACE_SHORT,건물을 불태우는 호기심 많은 베이비 파이어들을 분출합니다!
3a7b4948f9a7c0f8,TID_CLAN_PROGRESS_EVENT_TOP_CONTRIBUTORS,상위 기여자
57ba5b1a9005498c,TID_SPECIAL_TUTORIAL_STARTER_CHALLENGE_3,도전 점수를 모아 보상을 잠금 해제하세요!
d8215ceaefdd2200,TID_INFO_ATTACK_COOLDOWN,유닛들이 아직 전투 중입니다! 전투가 끝날 때까지 잠시 기다려주세요.
f9434dcc138f2c61,TID_GEAR_TITLE_TRAP_SHIELD,
a0738b57225ef202,TID_GET_STARTER_PASS_TITLE,스타터 패스 구매
984cb13a38aff3a7,TID_GEAR_TITLE_TURBO_START,노블 아이언
f28cbd92b06de752,TID_BUTTON_TRAINING_CREATE_NEW_PRESET,신규 생성
27f646c3d967c7c2,TID_TUTORIAL_TRAIN_BARBARIANS_HINT,바바리안 <number>명을 훈련하세요.
e858915d25b8dccb,TID_CHARACTER_TRIBAL_TAG_TEAM,트라이벌 태그 팀
b6c36dec0e919149,TID_DECO_APRIL_2025_SUPERDECO,서프라이즈 룰렛
8d7d0632bd63772d,TID_DECO_FIRE_ICE_SAUNA,아늑한 사우나
1cdcc08bfcbc2898,TID_SPELL_SUMMON_TROOP_LEVEL,<name>: <number>레벨
b9a4ffce707dba1e,TID_OBSTACLE_APRIL25,
e5cb49601047c76c,TID_BUILDING_SUN_BEAM_INFO,
c7668cdff3d20f4d,TID_UNLOCK_UTIL_CHARACTER_ITEM_NOT_OWNED,이 장비를 보유하고 있지 않습니다.
393863f41a16488f,TID_CLANGAMES_TASK_USE_SUPER_ARCHERS,굳센 화살
94176cc254e88299,TID_BUILDING_SUN_BEAM,
ee4903d0d78dca47,TID_STARTERARMY_TH11_LAVALOON_2,마을회관 11 - 뜨거운 비행선 2.0
558879ff71ef0026,TID_TRAINING_SCREEN_TAB_OVERVIEW,내 군대
e0ff7dc9bb3ab857,TID_DECO_CLASHARAMA_EP01_SUPERDECO,클래시 조각상
1e4c45eaf00e0159,TID_SEAONAL_DEFENSE_FLAME_SPINNER_MODULE_ATTACK,파이어 스피너 공격 모듈
dd0c702aa0b2a7a1,TID_SETTINGS_DATA_EXPORT_HEADER,데이터 내보내기
33dcf23757ceac6c,TID_SEASONAL_DEFENCE_ACTIVE_TEXT,활성화
0524f6b528904e9d,TID_CREATOR_ARMY_NAME,제작자: <creator>
8f109014e9c2ed08,TID_HINT_NOT_ALL_HERO_SLOTS_USED,이용 가능한 슬롯을 모두 사용하려면 <cffcd443d>영웅을 더 선택하세요</c>.
e27634ff9b19fdf2,TID_MILITARY_PRINCE,장군 프린스
0d977982de57b297,TID_TUTORIAL_CHANGE_NAME,좋아요! 공격은 전리품을 얻는 최고의 방법이죠! 대장님을 어떻게 불러드리면 될까요?
f8227ab485ff19c2,TID_BUILDING_SEASONAL_PLATFORM,크래프트 스테이션
8c58525c18d9f08d,TID_STARTERARMY_TH17_THROWERS,마을회관 17 - 얼어붙은 창
026a41b51c7337bf,TID_TUTORIAL_DEFEND_4,이 마법의 땅에서는 건물이 저절로 수리됩니다. 마법 같죠?
d3ac567050816bd6,TID_ACHIEVEMENT_DESTROY_SEASONAL_DEFENSE_COMPLETED,총 파괴된 크래프트 방어시설 수: <value>
95d7c212c9685376,TID_BUTTON_SEASONAL_ARCHETYPE_INFO,정보 / 업그레이드
302f7da2e9629ed9,TID_STARTERARMY_TH05_WIZARD_RUSH,마을회관 5 - 마법사 러시
7e623c28707d67d3,TID_STARTERARMY_TH15_NATURES_WRATH,마을회관 15 - 루트 습격단
c603ab192837966f,TID_UNLOCK_UTIL_REQUIRED_BARRACK_UPGRADE,<cffcd443d>훈련소를 <number>레벨로 업그레이드하여</c> 잠금 해제하세요.
a3f05b9c4d434d89,TID_HINT_HEROES_IN_ARMY_ARE_UNAVAILABLE,군대에 있는 일부 영웅을 이용할 수 없습니다.
ce95609bb2813069,TID_CLANGAMES_TASK_USE_SUPER_YETIS,감전 방지
03e14d6d398f4fc1,TID_UNLOCK_UTIL_HEROES_REQUIRE_TOWN_HALL_LEVEL,<cffcd443d>마을회관을 <number>레벨로 업그레이드하여</c> 영웅을 잠금 해제하세요.
5aa04a8932d02730,TID_UNLOCK_UTIL_HERO_SLOT_REQUIRES_HERO_HALL_UPGRADE,<cffcd443d>영웅 회관을 <number>레벨로 업그레이드하여</c> <slot>번째 슬롯을 잠금 해제하세요.
045722303c587bc6,TID_UNLOCK_UTIL_REQUIRED_HERO_HALL_AT_LEVEL,<cffcd443d>영웅 회관을 건설하고</c> <cffcd443d><number>레벨로 업그레이드하여</c> 잠금 해제하세요.
eef439b059c891cf,TID_SEAONAL_DEFENSE_SUN_BEAM_MODULE_ATTACK,
5fe9f0e92e203d85,TID_STARTERARMY_TH06_HEALER_HELP,마을회관 6 - 치유사의 도움
98c5e1829ba8273e,TID_JAPAN_KING,사무라이 킹
f980af224c264a7a,TID_HINT_REQUEST_REINFORCEMENTS_FOR_YOUR_CC_SLOT,내 군대에 <cffcd443d>지원군을 추가하거나 요청하세요.</c>
4dc3f15ea2955f1a,TID_UNLOCK_UTIL_REQUIRED_PET_SHOP_BUILDING_AT_LEVEL,<cffcd443d>펫 하우스를 건설하고</c> <cffcd443d><number>레벨로 업그레이드하여</c> 잠금 해제하세요.
113d46321b392ff0,TID_TUTORIAL_GOLD_STORAGE_2,골드 저장소를 건설하면 반짝이는 걸 보관할 수 있어요!
a41333fbca77f378,TID_UNLOCK_UTIL_REQUIRED_SPELL_FORGE_BUILDING_AT_LEVEL,<cffcd443d>마법 제작소를 건설하고</c> <cffcd443d><number>레벨로 업그레이드하여</c> 잠금 해제하세요.
e3c119d3759437fc,TID_SEASONAL_DEFENCE_INFO_ITEM_3,방어시설은 <cffcc33>크래프트 단계</c>가 종료될 때까지 이용할 수 있습니다. 신규 방어시설 세트는 다음 단계에서 출시됩니다! 연습만이 살길입니다!
e1b2a8ce2057a053,TID_DARKDAYS_QUEEN,팜므파탈 퀸
3e73624510f231f3,TID_BUILDING_SEASONAL_PLATFORM_INFO_SHORT,임시 크래프트 방어시설과 함께 신규 전략을 세워보세요!
3dd87092f5e5dc85,TID_STARTERARMY_TH13_LAVALOON,마을회관 13 - 뜨거운 비행선 3.0
e135c92e442b6af2,TID_SHOP_LINK,정보
0f6afc5032c79066,TID_BUTTON_UPGRADE_MODULE_ONE,모듈 1 업그레이드
98e82293c6092e88,TID_STARTERARMY_TH17_FURNACES,마을회관 17 - 무리
a8f1aff04c91b09a,TID_TUTORIAL_GOLD_STORAGE_1,골드를 저장할 수 있는 저장소도 건설해 봅시다!
3d738c5e385c4ac4,TID_DARKDAYS_WARDEN,갓파더 워든
06eb108fbe90c106,TID_APRIL25_PRINCE,미스테리오 프린스
6de733feeed613d2,TID_JAPAN_QUEEN,궁도 퀸
95358d234e746785,TID_BUILDING_BOMB_SPAWNER_INFO,
f086f166872e5f89,TID_SCENERY_APRIL25,클래시마니아 배경
25f7ef4531eb4a0d,TID_BUTTON_UPGRADE_MODULE_THREE,모듈 3 업그레이드
454e5dffce0e80b5,TID_SEAONAL_DEFENSE_SUN_BEAM_MODULE_HP,
a1ffb45b5b8296c3,TID_DARKDAYS_MINION_PRINCE,경찰 프린스
4281d9dfc9bd5170,TID_DECO_DARKDAYS_2025,약탈자 왜건
d0065511704b973f,TID_UNLOCK_UTIL_REQUIRED_HERO_UNLOCKED,잠금 해제하려면 <cffcd443d><hero> 영웅이 필요</c>합니다.
b0cd931197a9924e,TID_HUD_MESSAGE_ARMY_HEROES_HAVE_BEEN_SANITIZED,아직 이용할 수 없는 영웅이 이 편성에서 제거되었습니다.
d0c317999adf0cce,TID_SEASONAL_ARCHETYPE_TUTORIAL_SCREEN_TEXT,크래프트 방어시설 중에서 언제든지 변경할 수 있습니다!
b2ed427afe8aee55,TID_CREATORARMY_TH17_FURNACEQUAKE,용광로 지진
3f8c99e8a9a6f3aa,TID_UNLOCK_UTIL_REQUIRED_PET_SHOP_BUILDING,<cffcd443d>펫 하우스를 건설하여</c> 잠금 해제하세요.
708be4a2090063f1,TID_STARTERARMY_TH08_PEKKA_SMASH,마을회관 8 - P.E.K.K.A 스매시
a8f205a03825d5e9,TID_SEASONAL_DEFENCE_NO_SEASON_TIMER,곧 이용 가능...
71c51d4d9bc40a53,TID_EVENTARMY_TH10_HOTHOGSUMMER,뜨거운 호그의 여름
2b6974fa92ea5830,TID_STARTERARMY_TH12_DIG_AND_RIDE,마을회관 12 - 위로 아래로 2.0
389830800525e3ef,TID_SEAONAL_DEFENSE_LOG_LOBBER_MODULE_ATTACK,
342d3aa44b274a3f,TID_CLANGAMES_TASK_USE_SUPER_HOG_RIDERS,호그의 활약
f712d05a888bde68,TID_BP_PERK_CLAN_CASTLE_REQUEST_COOLDOWN_DESC_STARTER,클랜 성 유닛 요청 대기 시간이 감소합니다.
5561d82f0010b572,TID_TUTORIAL_TRAIN_3,바로 그거죠! 이제 바바리안을 풀어보세요!
4f41c67ac1800ba4,TID_POPUP_CONFIRM_AUTOFIX_RECIPE_TEXT,이 편성에서 사용 불가능한 영웅 혹은 장비는 바로 전투에 돌입할 수 있도록 자동으로 변경됩니다.
ee650ecf33a1171f,TID_BUILDING_SEASONAL_PLATFORM_INFO,"크래프트 방어시설을 건설하고, 원하는 대로 건물의 능력치를 업그레이드해보세요! 크래프트 방어 시설은 해당 크래프트 단계가 끝날 때까지 유지되며, 다음 단계가 시작되면 새로운 방어시설이 그 자리를 대신하게 됩니다. 새로운 방어시설을 실험해 보고, 새로운 최애를 찾아보세요!"
8268d9099f6a69d2,TID_UNLOCK_UTIL_DONATION_REQUEST_REQUIRES_CC_LEVEL,<cffcd443d>클랜 성을 <number>레벨로 업그레이드하여</c> 잠금 해제하세요.
0a265a3cf65bb3fd,TID_INFO_ARMY_PRESET_TAG,군대 편성 순서를 바꾸려면 길게 누르세요.
4e61af4acc2e07fd,TID_BUILDING_CRUSHER_MORTAR_INFO,"볼러들이 사인을 받기 위해 줄을 섰어요! 크러셔 박격포에서 발사되는 가시 박힌 돌은 골렘처럼 우아하게 떨어진 뒤, 사방으로 튀며 추가로 부수적 피해를 입힙니다. 안전모를 쓰는 걸 추천합니다!"
7e174fcd6d73804d,TID_STARTERARMY_TH14_ELECTROTITAN,마을회관 14 - 짜릿한 시작
1fc75649dcbfa534,TID_ARMY_OVERVIEW_HINT_SPELLS,마법은 <number>레벨 마을회관에서 잠금 해제됩니다.
fd8b9a33a555a0cf,TID_DECO_CLASHARAMA_EP02_SUPERDECO_PAINT,스케치 소환사
88fe909f950256fd,TID_STARTERARMY_TH16_SNOW_WITCH,마을회관 16 - 차가운 캐스터
66c1e5ada8a8eda9,TID_STARTERARMY_TH10_GOHO_MAGIC,마을회관 10 - 마법 러너
01b53f90dbce3158,TID_SEASONAL_DEFENCE_WORKSHOP_TITLE,크래프트 방어시설
ca49d3e5336fbf15,TID_STARTERARMY_TH07_FIRE_IN_THE_SKY,마을회관 7 - 비행선 블레이저
c5c03398622b75f8,TID_CLANGAMES_TASK_USE_SUPER_DRAGONS,불타는 욕망
d7b78597bd59366c,TID_BUILDING_BOMB_SPAWNER,
19d2436abb4c3c17,TID_UNLOCK_UTIL_REQUIRED_CLAN_CASTLE_BUILDING,<cffcd443d>클랜 성을 재건하여</c> 잠금 해제하세요.
1065695a138ef586,TID_SEASONAL_DEFENCE_SEASON_1_TITLE,크래프트 단계
c21c405a1204b0e5,TID_BUTTON_CYCLE_SEASONAL_ARCHETYPE,방어 변경
c00f98a58ba68c20,TID_SEASONAL_DEFENCE_NO_SEASON_TITLE,크래프트 단계 활성화되지 않음
bb1d65a83511af0d,TID_CLANGAMES_TASK_USETROOP_BUILDERBASE,장인 전투에서 <troop> 하나 이상을 사용해 별 1개 획득
7fd733717aaf4f1e,TID_UNLOCK_UTIL_REQUIRED_SIEGE_WORKSHOP_BUILDING,<cffcd443d>작업장을 건설하여</c> 잠금 해제하세요.
f32f94e4bcfada76,TID_BOOSTER_FINISH_TROOP_UPGRADE_INFO,진행 중인 유닛 업그레이드가 즉시 완료됩니다. 마을과 장인기지에서 사용할 수 있습니다.
44e63f49e742e64b,TID_RESOURCE_FEST_BOOST,자원 축제 \n <amount>% 가속!
127d9462e38a6429,TID_STARTERARMY_TH08_DARK_ELIXIR_SPECIAL,마을회관 8 - 거대한 녀석들
5c8505ee4e4d1a29,TID_TUTORIAL_TOWN_HALL_2,"마을회관을 업그레이드하여 새로운 것들을 잠금 해제하세요! 골드가 부족하다면, 전투를 해서 획득하세요!"
466649f60e2eef31,TID_UNLOCK_UTIL_REQUIRED_LABORATORY_LEVEL,연구소 <number>레벨이 필요합니다.
0e87a049c5b67f28,TID_STARTERARMY_TH04_GIANT_LOON,마을회관 4 - 자이언트 룬
c051798715173c8d,TID_UNLOCK_UTIL_REQUIRED_SIEGE_WORKSHOP_BUILDING_AT_LEVEL,<cffcd443d>작업장을 건설하고</c> <cffcd443d><number>레벨로 업그레이드하여</c> 잠금 해제하세요.
156a5e9fe76bbd1f,TID_SEAONAL_DEFENSE_LAZY_LASER_MODULE_ATTACK,
a3e0ebd9e9bd97de,TID_DARKDAYS_CHAMPION,쇼타임 챔피언
b8a21f01824274b7,TID_SEAONAL_DEFENSE_HOOK_TOWER_MODULE_EFFECT,후크 타워 효과 모듈
90427a93d4ab1bcb,TID_ARMY_IMPORT_CONFIRM,해당 군대가 <recipe> 슬롯에 저장되었습니다.
a9a32fdf44e425c4,TID_SEAONAL_DEFENSE_LOG_LOBBER_MODULE_HP,
09e288f7c9b06511,TID_STARTERARMY_TH13_HOGMINER,마을회관 13 - 위로 아래로 3.0
48197644ec270b28,TID_UNLOCK_UTIL_REQUIRED_DARK_SPELL_FORGE_UPGRADE,<cffcd443d>암흑 마법 제작소를 <number>레벨로 업그레이드하여</c> 잠금 해제하세요.
55f1cca6e8c40bb5,TID_STARTERARMY_TH07_MASS_ARCHERS,마을회관 7 - 아처 아나키
1971564c09d8b53b,TID_STARTERARMY_TH12_GO_GO_WITCHES,마을회관 12 - 록키 마녀
b6d8ec6789820db2,TID_REENGAGEMENT_ATTACK_3,강력한 군대를 훈련하고 다시 전투에 나서세요!
bba80c3dde0b5a80,TID_DECO_CLASHARAMA_SODASTAND_2025,탄산음료 가판대
82ecfe62b590948e,TID_SEASONAL_DEFENCE_ERROR_ARCHETYPE_UPGRADING,방어시설이 이미 모듈을 업그레이드하는 중입니다.
0a4d83df802a9440,TID_STARTERARMY_TH10_BOWLING_WITCHES,마을회관 10 - 볼링 마녀
7a029e43c3c65771,TID_CLANGAMES_TASK_USESPELL_MAINVILLAGE,멀티플레이 전투에서 <spell> 하나 이상을 사용해 별 1개 획득
08b43f1b47327b44,TID_BUILDING_HOOK_TOWER_INFO,마스터 장인의 배에서 밧줄을 조금 빌려도 괜찮겠죠? 싫어하려나요?\n\n후크 타워는 먼발치에 있는 적을 끌어당기고 그들을 마비시킵니다. 안타깝게도 시즈 머신은 너무 무거워서 끌어당길 수 없다고 하네요!
d9c37dd5780ed08f,TID_STARTERARMY_TH14_ELECTRIC_AIR,마을회관 14 - 드래그 앤 드롭
a5e94dbe6086e83f,TID_STARTERARMY_TH11_ICE_WITCH,마을회관 11 - 프로스티 마녀
79667dd378d26d41,TID_BUILDING_HOOK_TOWER_INFO_SHORT,월척이요! 적을 끌어당기고 마비시키세요!
605327d6802467e9,TID_CLANGAMES_TASK_USE_SUPER_BOWLERS,조준의 신
7a20eedf00655b42,TID_UNLOCK_UTIL_REQUIRED_BLACKSMITH_LEVEL,<cffcd443d>대장간을 <number>레벨로 업그레이드하여</c> 잠금 해제하세요.
ea5ce6947e30540c,TID_INFO_ARMY_PRESET_DRAG,내 군대 편성 순서를 바꾸려면 길게 누르세요.
18822862d4e28f7e,TID_CLAN_PROGRESS_EVENT_BOOST_LABEL,강화됨: +<percentage>
e80aaee26a9ffbee,TID_REMOVE_EXPIRED_TEMP_TROOPS_FROM_ARMY,"더 이상 이용할 수 없는 <cffcd443d>기간 한정 유닛, 마법 및 시즈 머신을 제거합니다.</c>"
d0fcc4d6260c1f3d,TID_STARTERARMY_TH09_LAVA_LOONS,마을회관 9 - 뜨거운 비행선
21a028d8f368ec43,TID_STARTERARMY_TH16_AIR_RAID,마을회관 16 - 하늘 속 해골
7f7b18ddaf327c54,TID_DECO_CYBERCLASH_HOLOPROJECTOR,사이버 홀로그램
480cc3240b340f59,TID_SEASONAL_DEFENCE_SEASON_1_DESCRIPTION,"대장님, 따끈한 부품이 막 도착했어요! 부품이 있을 때 크래프트 방어시설을 건설하고 업그레이드하세요!"
0f6988defb5cea43,TID_SEASONAL_DEFENCE_SWITCH_BUTTON_SWITCH,변경
af3c21130bcb715a,TID_SETTINGS_DATA_EXPORT_COPY_NOTIFICATION,마을 데이터가 기기 클립보드에 복사되었습니다!
dc4f4f61f29d9eba,TID_ACHIEVEMENT_SEASONAL_DEFENSE,크래프트 방어시설 <number>번 업그레이드하기
46601b2690e9df2d,TID_HINT_SUPER_TROOPS_NEED_ACTIVATING,슈퍼 유닛을 군대에서 사용하려면 <cffcd443d>활성화하세요</c>.
81b65c8ae14a4049,TID_HEROES_NOT_AT_CAPACITY_TOOLTIP,이용 가능한 슬롯을 모두 사용하려면 <cffcd443d>영웅을 더 선택하세요</c>.
ed8902936260d042,TID_CLANGAMES_TASK_USETROOP_MAINVILLAGE,멀티플레이 전투에서 <troop> 하나 이상을 사용해 별 1개 획득
021cd8b851d3d025,TID_SEAONAL_DEFENSE_CRUSHER_MORTAR_MODULE_EFFECT,크러셔 박격포 효과 모듈
39bfbb21bf4faa9e,TID_SCENERY_JAPAN25,드넓은 바다 배경
eb6f38e08c848859,TID_TUTORIAL_ELIXIR_1,골드 외에도 엘릭서가 필요합니다.
c89b0a0e09fa63ec,TID_UNLOCK_UTIL_REQUIRED_HERO_HALL,<cffcd443d>영웅 회관을 건설하여</c> 잠금 해제하세요.
0bed712f74513308,TID_SEAONAL_DEFENSE_LAZY_LASER_MODULE_HP,
80615beb48fb43f4,TID_STARTERARMY_TH06_GIANTLOON,마을회관 6 - 자이언트 룬 2.0
8d887b401b1355f6,TID_SEASONAL_DEFENCE_INFO_ITEM_2,<cffcc33>어느 모듈을 업그레이드할지 선택하여</c> 전략을 구성하세요! 크래프트 방어시설은 업그레이드하는 동안에도 방어합니다!
86bf5a118f3741d9,TID_UNLOCK_UTIL_REQUIRED_BLACKSMITH_BUILDING_AT_LEVEL,<cffcd443d>대장간을 건설하고</c> <cffcd443d><number>레벨로 업그레이드하여</c> 잠금 해제하세요.
ce99b3f4c31644a1,TID_STARTERARMY_TH09_HOG_HEALS,마을회관 9 - 치유의 호그
851940502ef79ae5,TID_ABOUT,Credits\n\n<names>\n\nClash of Clans ™ <version>\nCopyright 2012-2025 Supercell Ltd. All Rights Reserved.\n미국 특허 출원 중\n이 소프트웨어 사용에 관한 모든 내용에는 이용 약관 및 개인정보 처리방침(www.supercell.com)이 적용됩니다.
8fc403df520fa540,TID_ICE_BLOCK_SPELL,얼음 블록 마법
720f3e8536565028,TID_UNLOCK_UTIL_TIME_LIMITED_SPELL_NO_LONGER_AVAILABLE,기간 한정 마법을 더 이상 이용할 수 없습니다.
f46a61332b5c5607,TID_UNLOCK_UTIL_REQUIRED_DARK_BARRACK_BUILDING,<cffcd443d>암흑 병사 훈련소를 건설하여</c> 잠금 해제하세요.
461130988c7ae133,TID_APRIL25_QUEEN,잔혹 퀸
388aa086dd5d852f,TID_SEAONAL_DEFENSE_LOG_LOBBER_MODULE_EFFECT,
76315e974cce751d,TID_BUILDING_LAZY_LASER,
becc57730dc9c9f7,TID_STARTERARMY_TH09_GO_WITCH,마을회관 9 - 비상과 파괴
cd599133b5737955,TID_ICE_BLOCK_SPELL_INFO,"정말 기발한 방어 전략입니다!\n\n이 차가운 혼합물은 내 지상 및 공중 유닛을 얼음으로 뒤덮어 거의 모든 피해를 막아줍니다. 단, 얼음 블록의 영향을 받은 유닛은 꽁꽁 얼어붙어 이동도 공격도 하지 못하게 되니 주의하세요!"
8552e52f7ae03308,TID_UNLOCK_UTIL_REQUIRED_BLACKSMITH_UPGRADE,<cffcd443d>대장간을 <number>레벨로 업그레이드하여</c> 잠금 해제하세요.
69f57dc6448de835,TID_ACHIEVEMENT_DESTROY_SEASONAL_DEFENSE_TITLE,크래프트 제작자의 악몽
684116d648a159a4,TID_BUTTON_GUIDE,안내
c941fff6d70329b2,TID_EVENTARMY_TH10_ARMYOFTHEMONTH,이달의 군대
0755c36361ceadc9,TID_ICE_BLOCK_SPELL_ABILITY,마법
d8eb5d64f59ae2a2,TID_ACHIEVEMENT_SEASONAL_DEFENSE_COMPLETED,총 크래프트 방어시설 업그레이드 수: <value>
5c34b596bfb6d8fd,TID_UNLOCK_UTIL_REQUIRED_DARK_SPELL_FORGE_BUILDING,<cffcd443d>암흑 마법 제작소를 건설하여</c> 잠금 해제하세요.
a849b8d70e733663,TID_GAMES_REWARDS_TEXT,"클랜 게임이 종료되면, 이제 보상을 받을 시간입니다! 클랜이 도전 과제를 완료해 모은 점수로 잠금 해제한 보상 티어에서 원하는 보상을 선택할 수 있습니다. 클랜 게임에서 최소 하나 이상의 도전 과제를 완료한 클랜원이라면 티어마다 보상을 하나씩 선택할 수 있습니다. 개인 기여 점수를 최대로 모으면 클랜 게임이 종료될 때 추가 보상을 선택할 수 있습니다! 수령하지 않은 보상은 7일 후 사라집니다."
aa7131c2420de91c,TID_STARTERARMY_TH16_MINERS,마을회관 16 - 모든 광산
088839a194d3077a,TID_APRIL25_WARDEN,다크니스 워든
ad7fbf0790542500,TID_TUTORIAL_BUILDER_MENU,여기에서 추천 건물을 선택하고 바로 건설을 시작해 보세요!
b20bb2a6499ab077,TID_DARKDAYS_KING,정육사 바바리안
7ee9f438908d80ad,TID_INFO_SCREEN_TITLE_NO_LEVEL,<object>
0273b5b8df292df8,TID_STARTERARMY_TH15_DRAGON_WARDEN,마을회관 15 - 드래곤 마스터
49fd95e0bd932821,TID_SEASONAL_DEFENCE_INFO_ITEM_4,숙달하기 꽤나 까다롭기 때문에 <cffcc33>최대 마을회관 레벨</c>의 대장만이 이용할 수 있습니다.
41062b44b74728f1,TID_SEAONAL_DEFENSE_HOOK_TOWER_MODULE_HP,후크 타워 HP 모듈
ae4655606397c3ce,TID_STARTERARMY_TH07_MAGIC_HOGS,마을회관 7 - 마법의 호그
ebe69d1f46abb093,TID_GAMES_TASKS_TEXT,"대장님의 능력을 시험할 수 있는 다양한 도전 과제들이 준비되어있습니다. 제한 시간 안에 도전 과제를 완료하면 클랜을 위한 점수를 얻게 됩니다. 도전 과제마다 난이도가 다릅니다. 대장님이 완료하기에 어려워 보이는 도전 과제가 있다면, 다른 클랜원에게 도전해 달라고 부탁해 보세요. 너무 어려운 도전 과제를 받았다면, 폐기할 수 있습니다. 도전 과제를 폐기하면 새로운 도전 과제를 받을 수 있을 때까지 얼마간 기다려야 합니다."
5948c51d55f1a794,TID_CLANGAMES_TASK_USE_SUPER_MINERS,광부의 실수
eee6a9b681b0f70f,TID_SEAONAL_DEFENSE_SUN_BEAM_MODULE_EFFECT,
33f673208e7ac197,TID_STARTERARMY_TH14_PEKKA_BOWLER,마을회관 14 - P.E.K.K.A 볼러
6b33934f2afbadb3,TID_SETTINGS_DATA_EXPORT_INFO,"마을 데이터에는 두 마을의 건물, 함정, 장식, 장애물, 유닛, 마법, 시즈 머신, 영웅, 펫, 장비, 집 부품, 스킨 및 배경의 수량과 업그레이드 레벨이 포함됩니다."
997701bcb1d80f9d,TID_JAPAN_WARDEN,수도자 워든
ce5dd0acf6b57194,TID_SIEGE_NOT_AT_CAPACITY_TOOLTIP,인구수를 모두 사용하려면 <cffcd443d>시즈 머신을 더 선택하세요</c>.
4146f4396aa482cf,TID_STARTERARMY_TH15_ELECTROTITAN,마을회관 15 - 일렉트로 스트라이커
f7570190944ae231,TID_STARTERARMY_TH12_ZAP_DRAGONS,마을회관 12 - 찌릿 드래곤
76ecbad5bfbe9e81,TID_DECO_DARKDAYS_2025_SUPERDECO,징글 메이커
7164be8f6e6f8f5e,TID_STARTERARMY_TH17_DRAGONS,마을회관 17 - 날개 달린 분노
95adfa5dde65e15e,TID_BUILDING_LAZY_LASER_INFO,
1ef04eaf68413b44,TID_BUILDING_FLAME_SPINNER_INFO_SHORT,뜨거운 회오리바람이 끊임없이 불어옵니다!
e8844f2b708dd987,TID_EVENTARMY_TH15_BARCHENING,바처 어택
50df83de77e02cb8,TID_REENGAGEMENT_ATTACK_2,물론 싸울 준비가 되어 있고요!
b39400b8877d6acc,TID_SEASONAL_DEFENCE_SEASON_CARD_TITLE,크래프트 단계 활성화!
c295e3582cec5c07,TID_DECO_CLASHARAMA_FROZEN_WIZARD_2025,얼음 마법사
523ffffd1e3c014d,TID_BUILDING_FLAME_SPINNER,화염 스피너
e319ed88386c008f,TID_APRIL25_KING,킹 코디
cf0d0ffb36ebda20,TID_ACHIEVEMENT_SEASONAL_DEFENSE_TITLE,크래프트 전문가
424165f6d50847ce,TID_TRAINING_TAB_TITLE_COMMUNITY_PRESETS,편성책
1f03b5b4573892ea,TID_STARTERARMY_TH15_GO_SKELLY,마을회관 15 - 해골 난장판
0d0dd4710a6c9066,TID_BUTTON_UPGRADE_MODULE_TWO,모듈 2 업그레이드
a146026ebdee97f0,TID_HINT_HEROES_IN_ARMY_ARE_UNAVAILABLE_SUGGEST_SWAP,군대에 있는 일부 영웅을 이용할 수 없습니다. 이용 가능한 공간을 모두 사용하려면 <cffcd443d>다른 영웅을 선택하세요</c>.
982becc90bcfb767,TID_CLANGAMES_TASK_USESUPERTROOP,<num>회의 멀티플레이 전투에서 <troop> 하나 이상을 사용해별 1개 획득
2dbe59fedb330892,TID_UNLOCK_UTIL_REQUIRED_TOWN_HALL_LEVEL,<cffcd443d>마을회관을 <number>레벨로 업그레이드하여</c> 잠금 해제하세요.
251a50828db23759,TID_STARTERARMY_TH13_YETIWITCH,마을회관 13 - 예티 떼
7ea334c0fbb7736f,TID_ICE_BLOCK_SPELL_INFO_SHORT,적 방어시설에 냉랭한 기운을 선사하세요!
aebb25e7bcffde40,TID_HINT_ADD_UNITS_TO_ARMY_CC_SLOT,"<cffcd443d>유닛, 마법 및 시즈 머신을 선택한 다음 내 군대에 지원군을 요청하거나 추가</c>하세요."
b9f0f98566a273f6,TID_CLAN_PROGRESS_EVENT_BOOST_INFO,현재 <event resource> 변환이 <percentage> 강화되었습니다!
b41c20e268adace5,TID_STARTERARMY_TH04_BARCHER_BLAST,마을회관 4 - 앵그리 궁술
adf5c8059dc65b01,TID_SEASONAL_DEFENCE_INFO_ITEM_1,<cffcc33>크래프트 방어시설을 선택하고 업그레이드하세요.</c> 언제든지 변경할 수 있습니다.
fdbdd6e59803019f,TID_BUILDING_FLAME_SPINNER_INFO,용도에 맞게 재탄생한 이 끊임없이 회전하는 오븐을 조심하세요!\n\n어지러움 따위는 모르는 화염 스피너는 불꽃 회오리바람을 일으켜 인근의 지상 및 공중 적에게 끊임없는 피해를 줍니다.
b4a4f8eb1be2119e,TID_JAPAN_CHAMPION,닌자 챔피언
808cf8c8762035c0,TID_SELECT,선택
c2faa8b53af6e786,TID_TROOPS_NOT_AT_CAPACITY_TOOLTIP,인구수를 모두 사용하려면 <cffcd443d>유닛을 더 선택하세요</c>.
3b86e01960f722ed,TID_TUTORIAL_ATTACK_NPC_1,"준비를 마쳤습니다! 마법사가 도와준다고 하니, 함께 고블린 야영지를 공격하러 갑시다!"
ba3c105e8ed368a4,TID_TUTORIAL_WORKER_1,전리품으로 얻은 골드를 건물과 업그레이드에 사용하세요. 건설하고 전투하세요. 정말 쉽죠?
ac3d0022df91ebf8,TID_CREATOR_ARMY_REMAINING_TIME,초기화까지: <time>
5a46ccd0dbf47ffb,TID_SCENERY_DARK_DAYS,암흑시대 배경
e3b5222a99e20f57,TID_CREATORARMY_TH16_YETIROOTS,뿌리 깊은 예티
9e6ccd6073f7121a,TID_BUILDING_CRUSHER_MORTAR,크러셔 박격포
6fadba567112597e,TID_STARTERARMY_TH11_ELECTRO_DRAGONS,마을회관 11 - 찌릿찌릿한 날씨
a6b2dc118005503a,TID_OBSTACLE_BIRTHDAY2025,13주년 기념 케이크
bbd0038b3167c76d,TID_SEAONAL_DEFENSE_FLAME_SPINNER_MODULE_HP,파이어 스피너 HP 모듈
fcda83e2cc3a5910,TID_SHOP_DETAILS_LINK,http://support.supercell.com/clash-of-clans/en/articles/info-cc.html
2931b806096d3561,TID_JAPAN_MINION_PRINCE,사이클론 프린스
475485171e9bdbd1,TID_STARTERARMY_TH13_ELECTRO_DRAGONS,마을회관 13 - 일렉트로 항공로
52b6b052b75f18e3,TID_SEAONAL_DEFENSE_CRUSHER_MORTAR_MODULE_HP,크러셔 박격포 HP 모듈
fd34677191b79694,TID_ACHIEVEMENT_DESTROY_SEASONAL_DEFENSE,멀티플레이 전투에서 크래프트 방어시설 <number>개 파괴하기
06990b90295f0d2b,TID_UNLOCK_UTIL_REQUIRED_SIEGE_WORKSHOP_UPGRADE,<cffcd443d>작업장을 <number>레벨로 업그레이드하여</c> 잠금 해제하세요.
c177e9dcdf12d278,TID_ATTACK_COOLDOWN,공격 재사용 대기 시간(초)
2a67185806f095fa,TID_SEAONAL_DEFENSE_FLAME_SPINNER_MODULE_EFFECT,파이어 스피너 효과 모듈
86062e470aec4576,TID_STARTERARMY_TH16_ELECTRO_HEALING,마을회관 16 - 타이탄 치유사
bc58570197689ff8,TID_SEAONAL_DEFENSE_HOOK_TOWER_MODULE_ATTACK,후크 타워 공격 모듈
3712d8fc4fd83ad2,TID_STARTERARMY_TH08_FLY_HIGH,마을회관 8 - 하이 플라이어
62fc81b1a3cde275,TID_SETTINGS_DATA_EXPORT_COPY_BUTTON,복사
9aa84124a431dc8c,TID_TUTORIAL_ELIXIR_STORAGE_2,엘릭서 저장소를 건설해 봅시다. 단 한 방울도 낭비할 수 없도록요.
26711c459f02ee74,TID_CREATOR_ARMY_REMAINING_TIME_EXPIRED,초기화까지: 만료됨
bed89df110f6900a,TID_INFO_TOOLTIP_COMMUNITY_RECIPES,여기에서 대장님의 마을회관 레벨에 맞춰 미리 맞춤 제작된 편성을 확인하고 사용할 수 있습니다.\n\n추천 군대 제안은 x일마다 초기화됩니다.
d0b0bc7dfeef1517,TID_UNLOCK_UTIL_REQUIRED_SPELL_FORGE_UPGRADE,<cffcd443d>마법 제작소를 <number>레벨로 업그레이드하여</c> 잠금 해제하세요.
9d3d3e5093696b16,TID_STARTERARMY_TH05_GREEDY_GOBLINS,마을회관 5 - 전리품 비행선
51a4a416aea6cdde,TID_SEASONAL_ARCHETYPE_TUTORIAL_SCREEN_TITLE,크래프트 방어시설을 선택하세요!
5ff84af1575d709b,TID_BUTTON_COOKBOOK_RECIPE_SAVE,저장
f126ea7a1c6cb2d0,TID_UNLOCK_UTIL_REQUIRED_DARK_SPELL_FORGE_BUILDING_AT_LEVEL,<cffcd443d>암흑 마법 제작소를 건설하고</c> <cffcd443d><number>레벨로 업그레이드하여</c> 잠금 해제하세요.
9a22cafc9124d2c7,TID_UNLOCK_UTIL_REQUIRED_TROOP_LEVEL_UPGRADE,<cffcd443d><troop> 유닛을 <number>레벨로 업그레이드하여</c> 잠금 해제하세요.
c5dfeac3b581ce50,TID_ARMY_SLOT_DEFAULT_IMPORTED_NAME,<num> 편성
b928d0c28650cfc3,TID_UNLOCK_UTIL_REQUIRED_DARK_BARRACK_BUILDING_AT_LEVEL,<cffcd443d>암흑 병사 훈련소를 건설하고</c> <cffcd443d><number>레벨로 업그레이드하여</c> 잠금 해제하세요.
ec0d0922fd2d0810,TID_SEASONAL_DEFENCE_SEASON_CARD_DESCRIPTION,단계 종료까지:
55502dbf0848fa53,TID_SEASONAL_DEFENCE_SWITCH_BUTTON_SELECT,선택
2482ccf13db1aa56,TID_UNLOCK_UTIL_REQUIRED_BLACKSMITH_BUILDING,<cffcd443d>대장간을 건설하여</c> 잠금 해제하세요.
cc989cdfa682a613,TID_STARTERARMY_TH10_AIR_RAID,마을회관 10 - 파이어 플라이어
09c10f90f2c9f6ef,TID_STARTERARMY_TH06_BIG_BARCHERS,마을회관 6 - 바바리안 궁술
972193e890098709,TID_SEASONAL_DEFENCE_NO_SEASON_DESCRIPTION,곧 돌아옵니다!
a9250b18554ebd81,TID_STARTERARMY_TH11_OVER_AND_UNDER,마을회관 11 - 위로 아래로
81f9f2d3c33feae7,TID_SPELLS_NOT_AT_CAPACITY_TOOLTIP,인구수를 모두 사용하려면 <cffcd443d>마법을 더 선택하세요</c>.
eb05e530b8d3a584,TID_TUTORIAL_ELIXIR_STORAGE_1,좋았어요! 엘릭서는 건물을 건설하고 업그레이드하는 데 사용됩니다.
bbfeab91d7ac3f4f,TID_EDIT_MODE_BLOCKED_COPY_SEASONAL_DEFENSE,복사된 배치의 크래프트 방어시설을 이용할 수 없습니다. 크래프트 스테이션으로 대체되었습니다.
6fd8afe20ac4ade2,TID_STARTERARMY_TH12_YETIBOWLER,마을회관 12 - 멋진 몬스터
2c353e446e69c65a,TID_EVENT_TROOP_EXPIRED,이벤트 유닛과 마법이 사라졌습니다.
07508b0b0f9a9723,TID_DECO_CLASHARAMA_TABLE_2025,파티 벤치
d11ff15f0e66c9ec,TID_GEAR_INFO_HEROIC_TORCH,"인근에 있는 유닛에게 활활 타오르는 의지를 불어넣어, 장벽을 넘고 더 빠르게 움직이며 피해를 덜 받도록 만듭니다."
89434d47556a43db,TID_UNLOCK_UTIL_TIME_LIMITED_TROOP_NO_LONGER_AVAILABLE,기간 한정 유닛을 더 이상 이용할 수 없습니다.
433baf78d6f37f8b,TID_STARTERARMY_TH05_BARCHER,마을회관 5 - 분노의 궁술
1578ce993f13dbdf,TID_SEAONAL_DEFENSE_LAZY_LASER_MODULE_EFFECT,
9e0b88cc5c7f3bd5,TID_DECO_COMMUNITY_CROWN_AND_SWORD,정의의 왕관
5031ea0cc52a33b1,TID_BUTTON_CHANGE_SEASONAL_ARCHETYPE,방어 개요
28a1ff802b72e67a,TID_SETTINGS_DATA_EXPORT_TITLE,마을 데이터를 JSON 형식으로 내보내기
a57f96d8c6cb21af,TID_ACTIVE,활성화
bc0192a82ff1ef34,TID_UNLOCK_UTIL_REQUIRED_SPELL_FORGE_BUILDING,<cffcd443d>마법 제작소를 건설하여</c> 잠금 해제하세요.
04158bc6bd73f2c8,TID_UNLOCK_UTIL_REQUIRED_PET_SHOP_UPGRADE,<cffcd443d>펫 하우스를 <number>레벨로 업그레이드하여</c> 잠금 해제하세요.
4d1dc96e8bce6888,TID_BUILDING_CRUSHER_MORTAR_INFO_SHORT,무언가 하늘 위로 솟아오르면 반드시 다시 내려와... 박살을 내기 마련이죠!
91672deb38fa8c76,TID_SEASONAL_DEFENCE_SELECTION_SCREEN_TITLE,방어 개요
3637850aa72d4486,TID_SEAONAL_DEFENSE_CRUSHER_MORTAR_MODULE_ATTACK,크러셔 박격포 공격 모듈
2e59f200c9a58ebe,TID_STARTERARMY_TH14_MASS_HOGS,마을회관 14 - 호그 와일드
76db1ca0ea2d4a49,TID_TRAINING_TAB_TITLE_PRESETS,저장된 편성
58d0780586ed5bb4,TID_APRIL25_CHAMPION,궁극의 로얄 챔피언
abfe154b323927fe,TID_UNLOCK_UTIL_REQUIRED_DARK_BARRACK_UPGRADE,<cffcd443d>암흑 병사 훈련소를 <number>레벨로 업그레이드하여</c> 잠금 해제하세요.
dc15c99fa29a5e62,TID_BUILDING_HOOK_TOWER,후크 타워
8e7a1397c12604c8,TID_STARTERARMY_TH17_ROOTRIDERS,마을회관 17 - 나무와 도끼
6b5614589e015d9a,TID_GP_POP_BOOKS,+ 책 4개
31a8e71967e07d42,TID_STREAK_EVENT_PERK_LEAGUE_BOOST_INFO,"연속 기록 보너스가 클수록, 멀티플레이 공격에서 더 많은 리그 보너스를 획득합니다!"
4ae565fd74bb33d8,TID_LEAGUE_OVERVIEW_BATTLES_PER_SEASON,토너먼트 전투 수: <amount>
7e8c740344e77fb2,TID_SHOP_MAGIC_SHIELD_2D,2일 보호막
a3884a8080384c71,TID_ACHIEVEMENT_RANKED_2_PROGRESS_3,골렘 21 리그 도달
3fe542df56c3a4f3,TID_RANKED_SIGNUP_PENDING_INFO,토너먼트 준비 중...
4a616cfb044a337b,TID_EVENTARMY_TH13_CLASHERAMA_MASS_MINERS,광부 축제!
9ad15e4c182a8dae,TID_LEAGUE_LEADERBOARD_TOURNAMENT_END,토너먼트 종료까지: <time>
87c9ed57d93aedf3,TID_EVENTARMY_TH13_SEPTEMBER_WITCHES,사악한 마녀
f65504dc98298f2f,TID_ACHIEVEMENT_RANKED_TITLE_2,리그 열성자
a84338455e3795b2,TID_HINT_SHIELD,잠시 휴식 중이신가요? 마법 보호막을 이용하여 자원을 보호하세요!
fa17e0e824d3474e,TID_BUILDING_GEN_DEFENCE_TROOP_CAGE,적 초소
470cb2ac0f941788,TID_CHALLENGE_TITLE_HARD_MODE,e스포츠
ac3c34ed632eb7c9,TID_ACHIEVEMENT_RANKED_3_PROGRESS_3,드래곤 28 리그 도달
05038917a492ce9c,TID_LEGEND_SHIELD_ACTIVE,전설 리그에서 공격하거나 공격받을 수 없습니다. 활성화한 보호막은 다음 날에 제거할 수 있습니다.
4fd7bddeaaab6c72,TID_COSMICCURSE_DECO_LANTERN,우주 등불
509a221852f29959,TID_LEGENDS_DEFENCE_CC_TEXT,2. 방어 지원군 설정
9a68ea84fd01cec5,TID_STARTERARMY_TH14_LAVALOON_3,마을회관 14 - 라벌 3
300d41b87565fe09,TID_RANKED_SIGNUP_PENDING,참가 등록 완료!
1c7f37fe91c11a84,TID_SHOP_LEGENDS_SHIELD_2D,2일 전설 보호막
6c25c75a3dc85353,TID_LEAGUE_TIER_10_RANK_3,드래곤 리그 28
c96b2e88b17df3ee,TID_SHIELD_INFO_ITEM3,마법 보호막은 경쟁전이나 전설 리그 전투에 영향을 미치지 않습니다. 일반 공격에만 적용됩니다.
062e88b86e2fa2fc,TID_DECO_EDRAGSKULL_INFO,손대지 마세요! 정전기 쇼크 위험! 눈을 사로잡을 만큼 짜릿하게 멋진 장식이랍니다!
99b22127d1984298,TID_GOLDEN_SHIELD_INFO1,"저장소를 보호합니다. 다른 플레이어로부터 공격받더라도, 손실되는 자원이나 트로피가 전혀 없습니다."
a698d9f6881c493f,TID_LEAGUE_SEASON_ENDED_MONTH_1,토너먼트 종료: <year>년 1월 <day>일
9861372f5668f326,TID_STAR_DEFENDERS,별 수비대!
183c3c26bebf7d82,TID_RANKED_AUTO_SIGNUP_INFO,다음 토너먼트에 자동으로 참가 등록합니다.
d96e275ad728178e,TID_LEAGUE_TIER_7_RANK_3,골렘 리그 19
e403940d81624657,TID_SPECIAL_REENG_TUTORIAL_6,땀흘려 노력하는 과정이 전리품보다 더 값진 법이죠!
9f041b41a1127321,TID_LEAGUE_TIER_2_RANK_3_SHORT,바바리안 4
8772d3d94b27d700,TID_LEAGUE_HISTORY_EMPTY,"리그 토너먼트를 완료하고, 여기에서 지난 성과를 확인하세요."
254bee728e2d39a7,TID_CLASHARAMA_2_CHAMPION,예티 챔피언
cf1b7391d8f6cea8,TID_STARTERARMY_TH12_FIRE_IN_THE_SKY_3,마을회관 12 - 하늘 위의 불꽃 3
73a4ca3053420304,TID_CLAN_MINIMUM_BUILDER_BASE_TROPHYS,필요한 장인기지 트로피:
e5cb43b21c593dfe,TID_LEAGUE_START_TIME,토너먼트 시작까지:
8a23e3458469cc37,TID_LEAGUE_TIME_UNTIL_NEXT_LL_DAY_TIME,다음 날 시작까지: <time>시간
e4dc251dedce2152,TID_STARTERARMY_TH5_PRECISION_DROP,마을회관 5 - 정밀 배치
a90dc97a09206b78,TID_COSMICCURSE_KING,
8d917daa44ce96a1,TID_RANKED_POPUP_TITLE_UPCOMING,다가오는 토너먼트에 참가 등록하세요!
ee11fe2f69256ee4,TID_ALLIANCE_JOIN_ERROR_AVATAR_IS_NOT_IN_CORRECT_STATE_TO_JOIN,클랜에 가입할 수 있는 상태가 아니므로 초대를 수락할 수 없습니다.
85e0f79f65edd1ed,TID_BATTLE_MODE_INFO_REVENGE_2,마법 보호막조차도 복수 공격을 막을 순 없습니다.
db7f1ad20069a747,TID_METEOR_GOLEM,운석 골렘
ace964da373b0d86,TID_LEAGUE_TIER_11_RANK_3_SHORT,일렉트로 31
e409ae7dcbae2177,TID_WASTELANDS_CHAMPION,
c3fdd804568787ce,TID_STARTERARMY_TH10_GO_WITCH_2,마을회관 10 - 마녀 출동 2.0
941efced2d9521a5,TID_LEAGUE_TIER_10_RANK_3_SHORT,드래곤 28
2c9f8bcc03f46f5b,TID_LEAGUE_INFO_REMEMBER,리그를 올려서 더 많은 리그 보너스를 받으세요!
1bb6202664a72b77,TID_STARTERARMY_TH16_ROOT_RAIDERS_2,마을회관 16 - 루트 레이더 2
f07f2e68834253e1,TID_LEAGUE_HISTORY_PLACEMENT,순위: <num>위
b81632847d9b5205,TID_TRAP_DAMAGE_TO_HEROES,영웅 대상 피해량: <number>
611622fbca6dc66a,TID_GP_POP_BP,보너스 점수
1ea06ea63a5cc06b,TID_COSMICCURSE_QUEEN,
5005d9ae13bec96f,TID_PLACEMENT_THIRD_SHORT,3위
4c0af4033374a479,TID_LEAGUE_TIER_1_RANK_1_SHORT,해골 3
8d76cd497654b625,TID_LEAGUE_TIER_1_RANK_2,해골 리그 2
9169b32a34d585cd,TID_TAB_LEAGUE_HISTORY,리그 이력
a20988a17d904519,TID_LEAGUE_TIER_11,일렉트로
e7f86da62cf20cf7,TID_PLACEMENT_RD,<value>위
1e356cfb044a35d7,TID_EVENTARMY_TH17_CLASHERAMA_MASS_MINERS,광부 축제!
13fdfe4f2cca2cb0,TID_LEAGUE_TIER_3,아처
8d24ff457d77bfd8,TID_PLACEMENT_ND_SHORT,<value>위
450cc0cf0bdcfefb,TID_LEAGUE_LL_ESTIMATED_SEARCH_TIME_TIME,예상 시간: <time>
02a3d78435c629e3,TID_NEXT_LEAGUE_START_TIME,다음 토너먼트 시작까지: <league_start_time>
ac2734ec733fb9b1,TID_ACHIEVEMENT_RANKED_4_PROGRESS_2,드래곤 30 리그 도달
bc27d51a42ddb9de,TID_STARTERARMY_TH6_TANK_AND_TORCH,마을회관 6 - 탱커 토치
1f15a3e7864d0982,TID_LEAGUE_TIER_9_RANK_3,타이탄 리그 25
3253a7fe2df0bf91,TID_TRAP_DAMAGE_TO_PETS,펫 대상 피해량: <number>
510b1541eac7f33b,TID_STARTERARMY_TH16_ELECTRO_DRAGONS,마을회관 16 - 일렉트로 스톰 3
da18ec5838cec10d,TID_BUILDING_GEN_DIRECT_HERO_CONTROL_MAIN_BUILDING,타들어가는 폭죽
8ecc7b90a40984ab,TID_BABY_DRAGON_ABILITY_NAME,짜증내기
e5599ccf7387eb7d,TID_LEAGUE_TIER_8_RANK_2,P.E.K.K.A 리그 23
4b5898428d44956c,TID_BATTLE_MODE_INFO_SHIELD_1,마법 보호막을 사용해 공격자로부터 자원을 보호하세요.
85a307f604dc5512,TID_BATTLE_MODE_INFO_OVERVIEW_2,'다음' 버튼을 눌러 나에게 맞는 상대를 찾으세요. 일부 마을은 다른 마을보다 더 많은 자원을 갖고 있습니다.
998af4033374a47b,TID_LEAGUE_TIER_1_RANK_3_SHORT,해골 1
bfa11f156c6502bc,TID_EVENT_NOTIFY,!
916a72546f68aa13,TID_RANKED_POPUP_TITLE_ACTIVE,토너먼트 참가
59417ee03c24147d,TID_LEAGUE_TIER_9_RANK_2_SHORT,타이탄 26
7e9a72bb913a21f2,TID_MODE_SELECT_CASUAL,전투
355ff880650097ae,TID_LEADERBOARD_TOP_PERCENTAGE_TITLE,상위
83e73ffb20e5e087,TID_LEAGUE_INFO_POPUP_TAB_BATTLE,전투
e8a9ae5996013fce,TID_CLASHARAMA_KING,Clash-A-Rama 킹
9531494161ac1c47,TID_PLACEMENT_FIRST,1위
d1b24d74b57912e0,TID_RANKED_LEGEND_SHIELD_EXPIRES_IN,만료까지:
e0c64e67b88904c6,TID_HINT LEAGUE_SHUFFLING,"경쟁전 토너먼트는 1주간, 전설 리그 토너먼트는 1달간 지속됩니다."
35ead90286f9a7ce,TID_LEAGUE_TIER_3_RANK_1_SHORT,아처 9
62a27dc668a0fb61,TID_LEGEND_MODE_INFO_DEMOTION_2,"한 주가 끝나기 전까지 전투를 계속하여, 트로피 4,900개 이상 모으세요!"
4c4c37fe93ac8a86,TID_SHOP_LEGENDS_SHIELD_1D,1일 전설 보호막
a919cd9b45ba0f11,TID_SPECIAL_REENG_TUTORIAL_7,"자, 상상해 보세요! 서머 잼의 자원 부스터와 타이머 단축과 함께라면..."
935adcd040c2a1f7,TID_ACHIEVEMENT_RANKED_1_PROGRESS_1,바바리안 6 리그 도달
42ac99408740ff17,TID_POPUP_GOBLIN_RESEARCHER_DISCLAIMER,고블린 연구원이 연구하는 데에도 자원과 시간이 소요됩니다.
48d48ad91ae2d4d3,TID_LEAGUE_TIER_7_RANK_3_SHORT,골렘 19
78ca0c28389b29b3,TID_POPUP_UNDER_ATTACK_LIVE_REPLAY,플레이어가 마을을 공격하고 있습니다!
ef3964da373b0c5d,TID_LEAGUE_TIER_11_RANK_2_SHORT,일렉트로 32
153882ea1ca107cf,TID_LEAGUE_INFO_LOOT_BONUS3,리그에 진입하면 승리할 때마다 리그 보너스를 드립니다!
2b7e32c588782523,TID_BATTLE_MODIFIER_BUTTON_TEXT,특수 모드: <name>
39f2aae6f905d595,TID_HINT_TROPHY_COUNT,경쟁전 전투에서 나의 스킬을 시험하고 리그를 올라가세요!
a9d2f34f96940b1f,TID_MODE_TITLE_MINUS_THREE,중급
3ca3fed55e854562,TID_CYBERPUNK_CHAMPION,
397299831a61c0d6,TID_LEAGUE_INFO_POPUP_TAB_DEMOTION,강등
0ff7c01b4a7c5063,TID_CLASHARAMA_2_MINION_PRINCE,라바 프린스
453d2ad91ae2d4d3,TID_LEAGUE_TIER_7_RANK_2_SHORT,골렘 20
9eb41b41a113a851,TID_LEAGUE_TIER_2_RANK_2_SHORT,바바리안 5
1e8ff26c88a59371,TID_LEAGUE_SIGNUP_MODIFIER_INFO,<league_name> 특수 모드
c75734ef430cb2dd,TID_ACHIEVEMENT_RANKED_4_PROGRESS_1,드래곤 29 리그 도달
a88c745fcbf1dbe7,TID_RANKED_LOG_CURRENT_LISTING,현재 경쟁전 순위
9e78d9f68a94ebb5,TID_LEAGUE_SEASON_ENDED_MONTH_3,토너먼트 종료: <year>년 3월 <day>일
035769676b89b918,TID_ACHIEVEMENT_RANKED_TITLE_1,리그 추종자
65e2a104900b4120,TID_LEAGUE_TIER_5_RANK_3,발키리 리그 13
3db9008499724b57,TID_RANKED_MODE_INFO_TITLE,경쟁전 전투 정보
28badeffd930856a,TID_SHIELD_INFO_SHORT,일반 전투에서 공격으로부터 자원을 보호하세요.
c7db902fc84c326b,TID_GEAR_INFO_METEOR_WAND,가장 가까운 방어시설을 반복적으로 타격하는 미스터리한 유성우를 소환합니다.
cf9d15643a080782,TID_GP_POP_POTIONS,+ 포션 6개
dd29aaac0b0e5e46,TID_INFO_LEADERBOARD_BATTLE_DETAILS,전투 세부 정보: <name>
604f564b1265af02,TID_2017_CLASHMAS_TREE,2017년 클래시마스 트리
43b476487360864d,TID_LEAGUE_UNLOCK_TITLE,마을회관 <level>레벨에 도달해 리그를 잠금 해제하세요!
cb28d9f68c495d6e,TID_LEAGUE_SEASON_ENDED_MONTH_4,토너먼트 종료: <year>년 4월 <day>일
db8f27aa9761e18a,TID_STARTERARMY_TH8_FLY_HIGH,마을회관 8 - 비상
817ea70074c07d1b,TID_MISSING_ATTACK_INFO,같은 리그의 상대를 공격해 트로피를 얻으세요.
a5f6955221755c3a,TID_ATT_UC_DISAGREE_OK_BUTTON,확인
1c6aab9141bae11a,TID_ACHIEVEMENT_RANKED_5_PROGRESS_2,일렉트로 33 리그 도달
0dcbfb8ae7bf2bfe,TID_METEOR_GOLEM_SMALL,운석 베이비 골렘
0b527772d3622405,TID_LEGENDS_SHIELD_2D_INFO,전설 리그에서 다음 이틀 동안 공격과 방어를 건너뛰세요. 휴식이 필요하다면 최상의 선택입니다!
f35e1111d0834bce,TID_SETTING_HIDE_DECO_IN_BATTLE_INFO,장식과 장애물은 마을 전투 때만 숨겨집니다.
7c3f575b0364fe47,TID_2016_CLASHMAS_TREE,2016년 클래시마스 트리
c4973f83dc9b7f0f,TID_HINT_END_BATTLE,경쟁전 전투를 위한 강력한 군대를 소집하세요. 별 3개 승리가 시작되는 곳입니다!
8e7dbd497654b625,TID_LEAGUE_TIER_1_RANK_3,해골 리그 1
118c8e14b73907f8,TID_CREATORARMY_TH16__MOOSE_ROOTTITANS,루트 타이탄
0598f10d9be4bc03,TID_MODE_SELECT_RANKED,경쟁전 전투
65ecf94639539a7e,TID_ATTACK_LEAGUEGROUP_FAIL_GENERIC,경쟁전 마을을 공격할 수 없습니다!
999f4cee9b7521a5,TID_LEAGUE_TIER_10_RANK_1_SHORT,드래곤 30
d69f59bbed6993f1,TID_2018_CLASHMAS_TREE,2018년 클래시마스 트리
33ac5a5a9f1fdf25,TID_RANKED_RULES_TITLE,작동 방식
c4688137ebf04cb5,TID_HARD_MODE_DESC_LIST,• <cff4b84ff>방어시설</c>이 20% 더 큰 피해를 줍니다.\n• <cffff4ba8>방어 측 영웅</c>의 피해량과 HP가 20% 증가합니다.\n• <cffff4ba8>공격 측 영웅</c>의 피해량과 HP가 10% 감소합니다.\n• <cff4ebd59>일반 장비</c>는 3레벨 감소합니다.\n• <cff4ebd59>초희귀 장비</c>는 6레벨 감소합니다.
eee3904910054f8e,TID_RANKED_AUTO_SIGNUP_ON,자동 참가 등록 켜기
87c9ed5672205df3,TID_EVENTARMY_TH12_SEPTEMBER_WITCHES,사악한 마녀
273e783d137ddafa,TID_RANKED_RULE_TEXT_2,최대 <group>명으로 구성된 그룹에서 경쟁하세요.
28a8be3ba71e7b6f,TID_BATTLE_DETAILS_DESTRUCTION_DEFENSE,방어당 평균 파괴율
6e6e46d80cb92ebb,TID_LEAGUE_LEADERBOARD_PROMOTION_ZONE_TEXT,승급 구역
8d395d9f4d77bfd8,TID_PLACEMENT_ST_SHORT,<value>위
7a5944c1eee4510d,TID_HINT_TRAP_REPAIR,함정을 계속 가동하려면 자주 플레이하세요.
fd460a9ee2986547,TID_RANKED_LEGEND_RULE_TEXT_3,매주 트로피가 4900개 미만으로 떨어지면 강등됩니다.
4b27080f4131a2a5,TID_GP_POP_PERKS,클랜 보너스
aeb8a88de8ab3ec6,TID_BATTLE_MODIFIER_1,전문가
8dcd616ec7fe3b2a,TID_LEAGUE_TIER_2_RANK_2,바바리안 리그 5
a0d9dcef70c639ec,TID_PLACEMENT_SECOND,2위
807a3afbfad2b8aa,TID_LEAGUE_SIGNUP_TIME,참가 등록 종료까지:
40da0a398c030b43,TID_SPECIAL_REENG_TUTORIAL_8,대장님의 마을을 최강의 요새로 만들 수 있습니다!
154eb32d71416e8c,TID_LEADERBOARDBANNER_REWARD,상위 3개 클랜이 받는 보상: (클랜 내 상위 <number>명에게 균등 분할)
595b3fbb07a535da,TID_REMOVE,제거
5eee47c9ab61ad27,TID_LEAGUE_OVERVIEW_TOWN_HALL_REQUIREMENT,"마을회관 <level>레벨에서 경쟁전 전투를 잠금 해제해, 더 많은 보상과 보너스를 얻고 영광을 위해 플레이하세요!"
ab4871315014e093,TID_DEMOTION_LEGEND_TROPHY_COUNT,트로피 수가 <value>개 미만입니다.
dd93f6a42d05060a,TID_LEAGUE_LEADERBOARD_EMPTY,리그 토너먼트에서 경쟁하면 여기서 순위를 확인할 수 있습니다!
78f7c9b065117d8c,TID_STARTERARMY_TH13_HOGMINER,마을회관 13 - 위로 아래로 3
fb8db1ec46c603cd,TID_STAR_BONUS_BONUS_TEXT_BONUS,진행 중인 별 보너스 이벤트에서는 <num>배 보상을 받습니다.
2f7c92977b5c1302,TID_LEGEND_SHIELD_INACTIVE,전설 리그에서 공격하거나 공격받을 수 있습니다.
2fdc24898961dbf7,TID_CLASHARAMA_2_KING,젤리 킹
87c9ed548f0f8df3,TID_EVENTARMY_TH11_SEPTEMBER_WITCHES,사악한 마녀
001ab9350ee0d6aa,TID_BATTLE_MODE_INFO_OVERVIEW_1,"무제한 전투에 참여해 자원을 얻고, 전략을 시험하고, 공격자에게 복수의 칼날을 찌르세요!"
2d8964da373b0e30,TID_LEAGUE_TIER_11_RANK_1_SHORT,일렉트로 33
99e1431ef2015187,TID_LEAGUE_INFO_POPUP_TAB_PREPARATION,참가 등록
7b5bfc3df1963ec8,TID_STARTERARMY_TH11_GO_WITCH_3,마을회관 11 -마녀 출동 3
9c6df1220421af6f,TID_LEAGUE_TIER_5_RANK_3_SHORT,발키리 13
70a24a02b48f2605,TID_HINT_PEKKA_TRAP,"P.E.K.K.A의 갑옷은 꽤나 무겁지만, 점핑 트랩은 밀쳐낼 수 있습니다."
42a36a04e1614206,TID_LEAGUE_TIME_LEFT_CURRENT_LL_DAY,리그일 종료까지:
96e41d9986644dea,TID_LEAGUE_LEADERBOARD_DEMOTION_ZONE_TEXT,강등 구역
c549f7a592ebd6ae,TID_RANKED_MODE_FTUE_5,대장님의 첫 토너먼트에 참가 등록을 해보세요.
d0c7827fb3126c1a,TID_SHOP_MAGIC_SHIELD_1D_INFO,하루 종일 자원을 안전하게 보호하세요! 1일 마법 보호막은 공격자로부터 24시간 동안 자원을 보호합니다. 여러 보호막을 동시에 구매하면 보호막의 지속 시간이 합산되어 늘어납니다.
8b968db89e5fbeee,TID_BUTTON_STATS,능력치
d0766ed6fdcc1f82,TID_STAR_BONUS_DESCRIPTION_BLACKSMITH,광석은 대장간으로 전달됩니다.
6728dfaf34b72425,TID_OBSTACLE_COSMICTREE,저주받은 묘목
08b78f7e610b6a0c,TID_DECO_COMMUNITY_EAGLEHEAD_INFO,"우리의 마음속에 폭발성 포탄을 쏘아 올렸던 전설적인 방어시설에 경의를 표합니다! 당신은 거대했고, 머리에서 빛이 나던 용감한 대머리였으며, 아름다웠습니다."
a004f4bb60f619f9,TID_LEGEND_SHIELD_FTUE,전설 보호막과 함께라면 전설 리그에서도 휴식을 취할 수 있습니다! 다음 리그일까지 트로피를 지켜줍니다.
c5595428c7376c19,TID_PLACEMENT_UNPLACED,순위에 들지 않음
751d93e8d4e2c544,TID_WASTELANDS_DECO_COGULATOR,운세 프린터
8208d9f68bd0baf0,TID_LEAGUE_SEASON_ENDED_MONTH_2,토너먼트 종료: <year>년 2월 <day>일
1385e76f0707fd83,TID_ACHIEVEMENT_RANKED_2_PROGRESS_1,발키리 15 리그 도달
88f068f1e693f685,TID_GP_POP_SUBTITLE,멋진 보상을 잠금 해제하세요!
b5b0d678314a28d7,TID_LEAGUE_TIER_4_RANK_1,마법사 리그 12
dc33f1ef3b5c475c,TID_PROFILE_LEGACY_RECORD,이전 최고 기록:
e706de1700c89711,TID_CLASHARAMA_WARDEN,Clash-A-Rama 워든
eb2ad90286f9a7cc,TID_LEAGUE_TIER_3_RANK_3_SHORT,아처 7
8d7ab41ad63b5f77,TID_LEGEND_MODE_INFO_TITLE,전설 리그 정보
6754129115152220,TID_RANKED_LEGEND_RULE_TEXT_4,매월 초기화에서 전설 트로피를 획득하세요.
38607fc171ad2ace,TID_STARTERARMY_TH17_FIREBALL,마을회관 17 - 파이어볼 매드니스
55806d32e83b765c,TID_READY_COLORED,준비!
459c6a88ddaf7937,TID_LEAGUE_TIER_8_RANK_1_SHORT,P.E.K.K.A 24
756cef32eb90f8dc,TID_SPECIAL_REENG_TUTORIAL_10,인사를 해보세요!
ff1266f00a55687f,TID_LEGEND_MODE_INFO_SHIELD_1,공격과 방어로부터 휴식을 취하려면 상점에서 전설 보호막을 구매해야 합니다.
7745a1bf3c753ffe,TID_RANKED_MODE_INFO_PREP_2,자동 참가 등록을 설정해두면 절대 토너먼트를 놓칠 일이 없습니다.
6468edb636b3447f,TID_RANKED_AUTO_SIGNUP_TOGGLE,자동 참가 등록
d63bb7538a8d046d,TID_CLASHARAMA_QUEEN,Clash-A-Rama 퀸
e45d5bab9c415714,TID_LEGEND_MODE_INFO_DEMOTION_1,"한 주가 끝날 때 보유한 트로피 수가 4,900개 미만인 경우, 전설 리그 다음으로 높은 리그로 강등됩니다."
9b442f61fde2e1a8,TID_LEAGUE_INFO_POPUP_TAB_RESULTS,결과
89cad90286f9a7cd,TID_LEAGUE_TIER_3_RANK_2_SHORT,아처 8
28d8475e8650f18f,TID_HINT_SHIELD_GAIN,공격자가 많은 양의 전리품을 취하게 되면 마법 보호막이 무료로 제공됩니다.
58f17ee251b4147d,TID_LEAGUE_TIER_9_RANK_1_SHORT,타이탄 27
85cc894ff4f97207,TID_BATTLE_MODE_MODIFIER_FRIENDLY_CHALLENGE,전투 특수 모드를 적용하겠습니까?
4c1d616ec7fe3947,TID_LEAGUE_TIER_2_RANK_1,바바리안 리그 6
3217bfa6dac8e873,TID_STARTERARMY_TH14_DRAGONS,마을회관 14 - 드래그 앤 드롭
fd566c1b38547730,TID_CLASHARAMA_CHAMPION,Clash-A-Rama 챔피언
ad49cca908d87c56,TID_STARTERARMY_TH8_WHIRLWIND_ENTRY,마을회관 8 - 회오리 바람
7ce1e40344e4b0b2,TID_SHOP_MAGIC_SHIELD_1D,1일 보호막
ad9fbc6bc0515464,TID_ACHIEVEMENT_RANKED_1_PROGRESS_3,마법사 12 리그 도달
e51bc46800540e7b,TID_2025_CLASHMAS_TREE,2025년 클래시마스 트리
56ff011bec3efc30,TID_ATTACK_LEAGUEGROUP_OUTSIDE_OF_SEASON_BATTLE_TIME_WINDOW,리그 토너먼트가 활성화되지 않았습니다.
1bbbb3a13b1d31ad,TID_RANKED_POPUP_AUTO_SIGNUP_TOGGLE,등록된 참가 상태 유지하기
8eab5d497654b625,TID_LEAGUE_TIER_1_RANK_1,해골 리그 3
6d95c75a3c132353,TID_LEAGUE_TIER_10_RANK_2,드래곤 리그 29
5f746cfb044a32d0,TID_EVENTARMY_TH12_CLASHERAMA_MASS_MINERS,광부 축제!
6edd8d1b8c646325,TID_LEAGUE_TIME_LEFT_CURRENT_LL_DAY_TIME,리그일 종료까지: <time>시간
ecca21742a70b30e,TID_REVENGE_LOOT_MULTIPLIER,전리품 <number>배!
a6f1352f3b828d66,TID_LEAGUE_LEADERBOARD_DEFENCES_PERFORMED,방어:
06dbfad454bae280,TID_ACHIEVEMENT_RANKED_4_PROGRESS_3,일렉트로 31 리그 도달
87c9ed53887ffdf3,TID_EVENTARMY_TH14_SEPTEMBER_WITCHES,사악한 마녀
97a79748def779b1,TID_SHOP_MAGIC_SHIELD_2D_INFO,이틀 내내 자원을 안전하게 보호하세요! 2일 마법 보호막은 공격자로부터 48시간 동안 자원을 보호합니다. 여러 보호막을 동시에 구매하면 보호막의 지속 시간이 합산되어 늘어납니다.
efb8d9f68f85aea1,TID_LEAGUE_SEASON_ENDED_MONTH_7,토너먼트 종료: <year>년 7월 <day>일
5b917ee1e754147d,TID_LEAGUE_TIER_9_RANK_3_SHORT,타이탄 25
505216951ddaa109,TID_LEAGUE_RESULTS_TITLE,토너먼트 결과
1d21b7e912f84ea9,TID_TRAP_EJECTOR_INFO,탄력 있는 점핑 트랩은 불청객 하나를 저 멀리 날려버립니다!
0761624265394a60,TID_SCENERY_MASHARAMA,Mash-A-Rama 배경
04711769bb671dee,TID_SHIELD_INFO_ITEM1,마을이 공격당한 후 8시간 마법 보호막을 얻으세요. 추가 공격으로부터 자원을 보호합니다.
48b7096b8bb45358,TID_MODE_TITLE_MINUS_ONE,전문가
e54adfde12f6289a,TID_HARD_MODE_MINUS_TWO_DESC,"방어시설이 7% 더 큰 피해를 줍니다. 방어 측 영웅의 피해량과 HP가 7% 증가합니다. 공격 측 영웅의 피해량과 HP가 3% 감소합니다. 일반 장비는 16레벨, 초희귀 장비는 25레벨로 제한됩니다."
bb2ff37e2600a6cb,TID_LEAGUE_TIER_6_RANK_2,마녀 리그 17
e362934201b71de3,TID_PLACEMENT_THIRD,3위
7a754955022aae7f,TID_STARTERARMY_TH17_MASS_MINERS,마을회관 17 - 대량의 광부 2
1eef015c3ed751ac,TID_CANT_SIGNUP,지금은 참가 등록을 할 수 없습니다.
1dc5a3e787967982,TID_LEAGUE_TIER_9_RANK_2,타이탄 리그 26
0c7cc6d2df1d63f0,TID_SCENERY_COSMICCURSE,
309e6258c4821205,TID_MATCH_VICTORY_BONUS,최대 리그 보너스:
0f441e811c18497c,TID_BATTLE_LOG_IN_PROGRESS,방어 진행 중...
bdfb30c017e63d51,TID_BATTLE_MODE_INFO_REVENGE_3,복수하는 마을에는 적어도 약탈당한 자원과 동일한 양의 자원이 있습니다.
d758d9f68d0d0c2b,TID_LEAGUE_SEASON_ENDED_MONTH_5,토너먼트 종료: <year>년 5월 <day>일
acbe977eaba2fec5,TID_BABY_DRAGON_ABILITY_HELP,다른 공중 유닛들과 떨어지면 공격력이 <num>% 상승합니다.
4f3d5c6d7cad997b,TID_SHOP_MAGIC_SHIELD_7D,1주일 보호막
88a0724c34f63c09,TID_BATTLE_MODE_INFO_SHIELD_3,공격을 하더라도 마법 보호막의 지속 시간에 영향을 미치지 않습니다. 그러니 전투를 계속하세요!
f7dfef42b529895e,TID_HINT LOOT_BONUS,전리품을 더 얻고 싶나요? 리그에 진입한 후 공격해서 승리하면 리그 보너스를 받을 수 있습니다!
4518d9f6823ec317,TID_LEAGUE_SEASON_ENDED_MONTH_9,토너먼트 종료: <year>년 9월 <day>일
15cda7aae39661e5,TID_POPUP_GOBLIN_RESEARCHER_EXPENSIVE_DISCLAIMER,고블린 연구원이 연구하는 데에도 자원과 시간이 필요합니다. 이 경우 현재의 연구를 끝내는 것이 더 저렴합니다.
547bfacfab92e2cf,TID_LEAGUE_TIER_6_RANK_2_SHORT,마녀 17
0757f0fa3ca69400,TID_TRAP_EJECTOR_BB_INFO,"이 탄력 있는 장치는 작은 유닛을 전장에서 멀리 날려버리고, 인구수가 높은 유닛은 뒤로 밀쳐내며 피해를 입힙니다."
6a4e73d546b85c20,TID_CLASHARAMA_2_WARDEN,아이반 워든
65f67c088b3d9dbd,TID_GP_POP_OFFER1,한정판 영웅 스킨!
2c9730496d5f78a7,TID_HARD_MODE_MINUS_TWO_DESC_LIST,• <cff4b84ff>방어시설</c>이 14% 더 큰 피해를 줍니다.\n• <cffff4ba8>방어 측 영웅</c>의 피해량과 HP가 14% 증가합니다.\n• <cffff4ba8>공격 측 영웅</c>의 피해량과 HP가 6% 감소합니다.
7bc34c0bd4a4b763,TID_LEAGUE_TIER_3_RANK_3,아처 리그 7
118f520b5660ea16,TID_2013_CLASHMAS_TREE,2013년 클래시마스 트리
8d2d59df1d77bfd8,TID_PLACEMENT_TH_SHORT,<value>위
dcfc9c39bfe8e01b,TID_STARTERARMY_TH15_NATURES_WRATH,마을회관 15 - 루트 레이더
5e5e6174abf62568,TID_NEXT_DAY_SHIELD_INACTIVE,휴식이 필요한가요? 전설 보호막을 구매해 다음 날의 공격과 방어를 건너뛰세요.
418c6a8ab03f7937,TID_LEAGUE_TIER_8_RANK_2_SHORT,P.E.K.K.A 23
6042a10493bda120,TID_LEAGUE_TIER_5_RANK_1,발키리 리그 15
c94aeaecf3538e0c,TID_PLACEMENT_UNPLACED_SHORT,순위에 들지 않음
1c75a3e785fbe982,TID_LEAGUE_TIER_9_RANK_1,타이탄 리그 27
ff863a65e0655dca,TID_GP_POP_MORE,그 외 다수!
37932f2ec6134a2b,TID_BATTLE_MODIFIER_3,전설
14167a58dfcee63c,TID_SHIELD_ACTIVE_TEXT,적용 중
e5a6ea827310cb3f,TID_STARTERARMY_TH12_LAVALOON_2,마을회관 12 - 라벌 2
91c73d0cb3d652a6,TID_SPECIAL_REENG_TUTORIAL_2,서머 잼 시간이 왔습니다!
cf1e0571eb91228a,TID_RANKED_MODE_SETUP_DEFENSES_2,방어용 클랜 성 유닛은 무료로 추가할 수 있습니다. 여기에서 편집하세요!
88eef3c64d5484a9,TID_RANKED_MODE_FTUE_1,"좋은 소식이에요, 대장님! 대장님이 전투에서 승리를 거뒀다는 이야기가 소문이 났어요."
c69ee520e009a942,TID_ACHIEVEMENT_RANKED_TITLE_5,리그 마스터
5f866acfab92e2cf,TID_LEAGUE_TIER_6_RANK_1_SHORT,마녀 18
9a52a6ba930593f2,TID_LEAGUE_TIER_4_RANK_1_SHORT,마법사 12
a12c84da1e039e8e,TID_NEXT_DAY_SHIELD_ACTIVE,공격하거나 공격받을 수 없습니다. <cffcc33>다음 날이 시작되기 전에 보호막을 제거</c>하고 공격과 방어를 재개하세요.
210a6cfb044a372a,TID_EVENTARMY_TH14_CLASHERAMA_MASS_MINERS,광부 축제!
e9f78d279676b6bd,TID_TRAINING_LEVELS_DESCRIPTION,다양한 공격 전략을 통해 전투 실력을 기르세요! 마을회관을 업그레이드하면 연습 레벨이 잠금 해제됩니다.
0d4650e80e8ba41c,TID_BATTLE_MODE_INFO_SHIELD_2,마을이 공격당하면 8시간 마법 보호막을 얻습니다.
94dbc02844514b6f,TID_2021_CLASHMAS_TREE,2021년 클래시마스 트리
6f1508b17cd15f0f,TID_NEXT_LEAGUE_DAY_TIMER,시작까지: <time>
88d3bda0def1ef11,TID_DEFENSE_POPUP_TITLE,배치 및 지원군
d4ef41bad728178e,TID_LEAGUE_TIER_7_RANK_1,골렘 리그 21
31615c0d2b550461,TID_HINT LEAGUE_DEMOTION,경쟁전 전투에서 너무 많은 트로피를 잃으면 강등될 수 있습니다. 트로피를 위해 싸우세요!
9c641b41a111c5c1,TID_LEAGUE_TIER_2_RANK_1_SHORT,바바리안 6
cc72dee54cf95966,TID_METEOR_GOLEM_INFO,우주에서 대장님의 군대까지! 던지기를 좋아하는 이 듀오는 근접 공격을 위해서라면 무엇이든 서슴지 않습니다. 흩어지면 운석 베이비 골렘들이 근처 적을 공격하거나 아군을 찾아 합쳐져 운석 골렘으로 변합니다!
c14c7e9cb3e87158,TID_RANKED_MODE_INFO_OVERVIEW_3,"토너먼트는 참가 등록, 전투, 결과의 3단계로 나누어져 있습니다."
9882a6b8fe9593f2,TID_LEAGUE_TIER_4_RANK_2_SHORT,마법사 11
9020ac0bb5e5e0e7,TID_STARTERARMY_TH17_ROOT_RIDERS,마을회관 17 - 로얄 뿌리
0dff531b4761bb53,TID_2012_CLASHMAS_TREE,2012년 클래시마스 트리
99cdf121b2c1af6f,TID_LEAGUE_TIER_5_RANK_1_SHORT,발키리 15
95aefcecf6e521a5,TID_LEAGUE_TIER_10_RANK_2_SHORT,드래곤 29
e5bed09c48f68845,TID_LEAGUE_INFO_UNRANKED_WARNING,"다음 토너먼트에 참가하지 않을 경우, 랭크되지 않습니다!"
403c6a8b6b4f7937,TID_LEAGUE_TIER_8_RANK_3_SHORT,P.E.K.K.A 22
444ddaee84114216,TID_LEAGUE_LEADERBOARD_ATTACKS_PERFORMED,공격:
a1f5ef13c34320eb,TID_COSMICCURSE_CHAMPION,
db3eaf16a0c07c31,TID_HINT TOURNAMENT,전설 리그 토너먼트는 4주마다 초기화됩니다.
c70a4239a303a771,TID_LEGEND_MODE_INFO_SHIELD_3,진행 중인 리그일에는 전설 보호막을 적용하거나 제거할 수 없습니다.
02e8330f7cca49a5,TID_LEAGUE_ACTIVE_LAYOUT_SET,활성화된 배치 업데이트 완료
d88e41b065bd216d,TID_LEGEND_MODE_INFO_DEFENSE_3,전설 리그에서 공격받는 동안에도 계속 플레이할 수 있습니다.
8316c727f410f771,TID_MAGIC_SHIELD_FTUE,마법 보호막은 일반 전투에서 적의 공격으로부터 자원을 보호해 줍니다.
a7e21ec0e538e795,TID_ATTACK_LEAGUEGROUP_NO_LEAGUEGROUP_ALLOCATED,리그 그룹에 아직 배정되지 않았습니다.
cb182df232b94156,TID_LEGEND_MODE_INFO_OVERVIEW_2,각 플레이어는 하루에 일정 횟수의 공격과 방어를 얻습니다.
ea06c2d38168d972,TID_MODE_TITLE_MINUS_TWO,고급
0b206cfb044a347c,TID_EVENTARMY_TH16_CLASHERAMA_MASS_MINERS,광부 축제!
42b8a6e1b146601e,TID_ACHIEVEMENT_RANKED_3_PROGRESS_1,P.E.K.K.A 24 리그 도달
9711b35166cf596d,TID_HARD_MODE_DESC,"방어시설이 20% 더 큰 피해를 줍니다. 방어 측 영웅의 피해량과 HP가 20% 증가합니다. 공격 측 영웅의 피해량과 HP가 10% 감소합니다. 영웅 장비의 일반 장비는 3레벨, 초희귀 장비는 6레벨 감소합니다."
44cbacf3fe55230d,TID_CYBERPUNK_KING,
4454ea5442ae3cb7,TID_LEAGUE_TIER_6,마녀
6892def79d33cf15,TID_LEAGUE_WARNING_NO_DEFENSE,배치 메뉴에서 방어 배치와 방어용 클랜 성 병력을 변경해야 합니다.
799d7b5019fc33e1,TID_OBSTACLE_COMMON_ORE_STONE,강하게 빛나는 돌
52bf036baabbdd16,TID_BUILDING_GEN_SPELL_CAGE,마법 솥
eec48da3d3f3e207,TID_STARTERARMY_TH4_BALLOONED_BARCH,마을회관 4 - 해골 바처
ac455ad1d5f49dc1,TID_RANKED_LEGEND_RULE_TEXT_1,세계 최고 플레이어들과 경쟁하세요!
3a623f9a5eb607ac,TID_STARTERARMY_TH5_BLAST_AND_BASH,마을회관 5 - 블라스트 히트
292860d217f7670d,TID_BUTTON_LEAGUE_RANKING,리그 랭킹
68b1c22634867f80,TID_ACHIEVEMENT_RANKED_5_PROGRESS_3,전설 리그 도달
2aa4b222ad8a9d4b,TID_BUTTON_RANKED_SIGNUP,참가 등록!
254a4f16cd8e7a5d,TID_SPECIAL_REENG_TUTORIAL_9,모두들 대장님을 기다리고 있어요.
87c9ed5223654df3,TID_EVENTARMY_TH15_SEPTEMBER_WITCHES,사악한 마녀
65544ff55f353f1f,TID_CHARACTER_DEBRIS,
b0002de65f09f036,TID_LEAGUE_TIME_UNTIL_NEXT_LL_DAY,다음 날 시작까지:
22ebea45685aa39b,TID_GP_POP_MORE_ALT,그 외 다수!
9246c4e83fdeb8a0,TID_LEGEND_MODE_INFO_OVERVIEW_1,전설 리그는 최상위 플레이어가 자신의 역량을 시험하는 무대입니다!
f3a9052723f142d8,TID_RANKED_ATTACKS_COMPLETED,공격 완료!
68a8e7a1c5b80a05,TID_RANKED_MODE_INFO_RESULTS_2,"우수한 성과를 거둔 플레이어는 다음 리그로 승급되지만, 낮은 수준의 성과를 거둔 플레이어는 하위 리그로 강등됩니다. 이 외의 플레이어는 같은 리그에 그대로 유지됩니다."
0a1c9d6486345d3d,TID_LEAGUE_TIER_11_RANK_2,일렉트로 리그 32
7f4dc0e8e265f1f7,TID_STARTERARMY_TH12_GO_WITCH_4,마을회관 12 -마녀 출동 4
61a4775a3e7eb353,TID_LEAGUE_TIER_10_RANK_1,드래곤 리그 30
7731d75752669dbe,TID_LEAGUE_TIER_2,바바리안
33baab9141bae36f,TID_ACHIEVEMENT_RANKED_5_PROGRESS_1,일렉트로 32 리그 도달
f85a8eddaed9480e,TID_RANKED_MODE_INFO_PREP_4,경쟁전 전투를 위한 방어 배치는 일반 마을 배치와 다르게 설정할 수 있습니다.
198deceeebe3ac12,TID_GEAR_METEOR_WAND,유성우 지팡이
b9868c49d978efd4,TID_SEASONAL_DEFENCE_ERROR_ARCHETYPE_UPGRADING,방어시설이 이미 스탯을 업그레이드하는 중입니다.
f039e490bddf4185,TID_SHOP_SHIELD_1D,1일 마법 보호막
7b5be6fc00fdc95b,TID_LEAGUE_INFO_LOOT_BONUS,타이탄 리그 I의 최대 리그 보너스:
b5c9fb0eb6575654,TID_HINT_SHIELD_LOSE,복수 공격은 약탈당한 자원을 되찾는 기회를 제공합니다!
4d71f9b5c05070d4,TID_COSMICCURSE_MINION_PRINCE,
e0a5c99ff0febbe0,TID_RANKED_MODE_INFO_BUTTON_FTUE,정보 버튼을 탭하여 자세한 내용을 확인해 보세요.
51ef75baba9b3a14,TID_REVENGE_USED,이미 복수를 시행하였습니다.
54108acfab92e2cf,TID_LEAGUE_TIER_6_RANK_3_SHORT,마녀 16
ba9e280e2600a6cb,TID_LEAGUE_TIER_6_RANK_3,마녀 리그 16
b2bd9eee2600a6cb,TID_LEAGUE_TIER_6_RANK_1,마녀 리그 18
4b4f3c384d653f2a,TID_LEAGUE_TITLE2,각 리그 시즌은 한 달간 지속됩니다. 시즌 초반에 플레이어의 마을을 공격해서 새로운 리그 및 리그 보너스를 확인할 수 있습니다.
cbdc0c5641b593be,TID_ACHIEVEMENT_RANKED_3_PROGRESS_2,타이탄 27 리그 도달
5968d9f6837a9252,TID_LEAGUE_SEASON_ENDED_MONTH_8,토너먼트 종료: <year>년 8월 <day>일
270d0ed9b18b8fa0,TID_SHOP_GIFTS_ALLIANCE_GIFTS,#이름?
c48f9a3948ab4019,TID_BUTTON_RANKED_SIGNUP_CONFIRM,참가하기!
850af5ef4e04042b,TID_OBSTACLE_RARE_ORE_STONE,진동하는 돌
daf4ea631d8763b0,TID_REVENGE_TIMER,남은 시간: <time>
e4a11f150b1be7b0,TID_DECO_COMMUNITY_EAGLEHEAD,독수리 기념비
9564528e784f088e,TID_JOIN_LEAGUE_INFO_TEXT,전투를 통해 트로피를 얻고 리그를 올라가세요! 상위 리그는 리그 보너스와 더 많은 별 보너스를 보상으로 제공합니다!
20a48eebbd0146fc,TID_LEGEND_MODE_INFO_DEFENSE_1,공격 화면의 배치 메뉴에서 다음 리그일의 방어 배치와 방어용 클랜 성 유닛을 변경할 수 있습니다.
6314298a77382746,TID_SPECIAL_REENG_TUTORIAL_4,"하지만 우선, 자신의 방어시설을 상대로 테스트를 해볼까요?!"
0a9fa1bbb47b144e,TID_SHOP_CATEGORY_CONSUMABLES,소모성 아이템
5e1b0ad80b4c9c04,TID_ACHIEVEMENT_RANKED_2_PROGRESS_2,마녀 18 리그 도달
5ecfdfe621b9be6b,TID_ACHIEVEMENT_RANKED_TITLE_4,리그 광신자
44df557b21665ccd,TID_2014_CLASHMAS_TREE,2014년 클래시마스 트리
8d24eb443d77bfd8,TID_PLACEMENT_RD_SHORT,<value>위
6c1531537d50638b,TID_LEAGUE_LEADERBOARD_ATTACKS_COUNT,공격: <count>/<total>
3bd45ddb15d7c027,TID_CHARACTER_ARTIFICER_INFO,
2ee033a13387615e,TID_STARTERARMY_TH13_DRAGONFIRE,마을회관 13 - 드래곤 파이어
9fd7bd0bbcaa6a61,TID_RANKED_RULE_TEXT_4,상위권에 들면 다음으로 승급합니다!
58af546b30670d88,TID_2015_CLASHMAS_TREE,2015년 클래시마스 트리
737563d9a73eee12,TID_LEGENDS_MATCHMAKING_SOON,잠시 후!
ebb76e90f874f74c,TID_RANKED_TOURNAMENT_END_TITLE,토너먼트 종료
afe6593fb17c4bd8,TID_RANKED_MODE,경쟁전 전투
e87e836151e76612,TID_COOLDOWN_RANKED_MODE,공격 대기 시간
db5e4ca5c0eb7d5c,TID_CLASHARAMA_MINION_PRINCE,Clash-A-Rama 프린스
d49b813c0f62e7d7,TID_COMM_DECO_EDRAGSKULL,일렉트로 스컬
03aa239e650f8093,TID_RANKED_MODE_INFO_BATTLE_4,트로피 수에 따라 순위표에서 순위가 결정됩니다.
6c62a5120dfa5442,TID_LEAGUE_TIER_4,마법사
d3b2984513eba36a,TID_RANKED_MODE_INFO_BATTLE_1,"전투가 시작되면, 일정 횟수의 공격을 시작할 수 있습니다."
7d76fb25cfe3905e,TID_BUILDING_GEN_TROOP_CAGE,부대 집합소
b925daadf26f7ccc,TID_MAGIC_SHIELD_MIGRATED_LEGENDS_FTUE,자원을 안전하게 지키세요! 마법 보호막은 일반 전투에서 적의 공격으로부터 자원을 지켜줍니다.
07561459238c2c18,TID_GP_POP_RUNES,+ 룬 5개
21fc7b07da4ca8ba,TID_GOLDEN_SHIELD_TITLE,골드 보호막
84102746d1a67111,TID_CHARACTER_ARTIFICER,
edaa8fff3a4b375b,TID_REVENGE_COMPLETED,복수 완료
c1c7a50a8c268f50,TID_LEAGUE_TIER_10,드래곤
0be37f54718ba101,TID_JOIN_LEAGUE_TITLE_INFO,리그를 올려서 전리품과 영광을 얻으세요!
ccd4bc6f3d16844f,TID_CHARACTER_DEBRIS_INFO,
27e44d72d4f3e43a,TID_SCENERY_CYBERCLASH,
523003cd6f240878,TID_ACHIEVEMENT_RANKED_1_PROGRESS_2,아처 9 리그 도달
16fa817df085e690,TID_RANKED_CANNOT_ATTACK_THROUGH_LEGEND_SHIELD,전설 보호막이 적용 중이기 때문에 전투에 참가할 수 없습니다.
6ff4065fc9ee26d6,TID_STARTERARMY_TH8_PEKKA_SMASH,마을회관 8 - P.E.K.K.A 스매시
24ca51f3ce6fb040,TID_RANKED_SIGNUP_JOIN_ONGOING,토너먼트 참가
44a2a69b38acb8d4,TID_STARTERARMY_TH9_FIRE_IN_THE_SKY_2,마을회관 9 - 하늘 위의 불꽃 2
34e663b55b4125af,TID_LEAGUE_OVERVIEW_SIGN_UP_INSTRUCTION,"경쟁전 전투에 참가해 상위 리그로 오르세요! 단, 성과에 따라 강등될 수도 있으니 유의하세요. 리그가 높을수록 보상이 더 커집니다!"
a8dd9d6486345d3c,TID_LEAGUE_TIER_11_RANK_3,일렉트로 리그 31
d0f3c32a735577dc,TID_REVENGE_BUTTON_LOOT_MULTIPLAYER,전리품 <number>배!
c4125ed75aeabbe2,TID_INFO_RANKED_MODE,경쟁전 모드 정보
cd7d616ec7fe3af1,TID_LEAGUE_TIER_2_RANK_3,바바리안 리그 4
695acdddb8754f61,TID_SHOP_CATEGORY_CHESTS,상자
aa2110208bf14faf,TID_SCENERY_DARK_DAYS,무법시대 배경
c1f2bb0159525ee5,TID_COSMICCURSE_DECO_LANTERN_INFO,영원의 워든은 이 우주 등불을 사용해 우주 곳곳의 새로운 세계를 찾아냅니다... 그리고 그곳에 저주를 내리죠!
ff4f0089d16e0985,TID_LEGEND_MODE_INFO_OVERVIEW_3,공격 당 최대 40개의 트로피를 얻을 수 있습니다.
fe7b4c1a15ac8111,TID_LEGEND_MODE_INFO_DEFENSE_2,방어 배치는 변경하지 않는 한 그대로 유지됩니다.
604b6cfb044a302d,TID_EVENTARMY_TH11_CLASHERAMA_MASS_MINERS,광부 축제!
4ea8104774d52370,TID_STARTERARMY_TH7_MAGIC_HOGS,마을회관 7 - 마법의 호그
59e51a92f013f8de,TID_RANKED_RULE_TEXT_3,공격과 방어는 제한되어 있습니다.
956b22c70a932d6f,TID_OBSTACLE_EPIC_ORE_STONE,은은히 빛나는 돌
60f6bf1452c16ca1,TID_ALLIANCE_JOIN_ERROR_AVATAR_IS_LEADER,클랜의 대표일 때에는 신규 클랜에 가입할 수 없으므로 클랜 초대가 취소되었습니다.
8b7cbf0b2930f441,TID_LEAGUE_INFO_POPUP_TAB_SHIELD,보호막
02547bad41b66b3d,TID_NEW_TAG,신규!
a5b32b055c139694,TID_GP_POP_FORGE,단조 작업소 자동 슬롯
8bac7edf8303d9bb,TID_HARD_MODE_MINUS_ONE_DESC_LIST,• <cff4b84ff>방어시설</c>이 20% 더 큰 피해를 줍니다.\n• <cffff4ba8>방어 측 영웅</c>의 피해량과 HP가 20% 증가합니다.\n• <cffff4ba8>공격 측 영웅</c>의 피해량과 HP가 10% 감소합니다.
35702c5f23771ad4,TID_PLACEMENT_SECOND_SHORT,2위
072aa2a197e77bf9,TID_RANKED_MODE_INFO_OVERVIEW_1,경쟁전 전투의 각 리그에는 고유한 주간 토너먼트가 있습니다.
853eac743c513c93,TID_SHOP_MAGIC_SHIELD_7D_INFO,일주일 내내 자원을 안전하게 보호하세요! 1주일 마법 보호막은 공격자로부터 7일 동안 자원을 보호합니다. 여러 보호막을 동시에 구매하면 보호막의 지속 시간이 합산되어 늘어납니다.
f68812e95f320ade,TID_HINT LEAGUE_PLACEMENT,"마을회관 7레벨에서 경쟁전 전투를 잠금 해제하고, 영광을 위해 싸우세요!"
4ca6967067b420f3,TID_STARTERARMY_TH9_GO_WITCH,마을회관 9 -마녀 출동
4b7f6fc21ea62ea0,TID_BATTLE_DETAILS_AVERAGE_STARS,공격당 획득한 별의 평균
88abc13855501a2a,TID_2020_CLASHMAS_TREE,2020년 클래시마스 트리
124841d21cd037ab,TID_LEAGUE_LL_ESTIMATED_SEARCH_TIME,예상 시간:
e22a63b089176f52,TID_SCENERY_CLASHARAMA2025,
e47d1aec826e49f2,TID_LEAGUE_TIER_9,타이탄
07c7cf3f09379960,TID_COSMICCURSE_WARDEN,
c74fbdf11475a956,TID_RANKED_MODE_SETUP_DEFENSES_1,"전투가 곧 시작됩니다, 대장님. <c2c84ad>방어 시설을 배치</c>해 볼까요?"
c4bd1b6c6a2a9f83,TID_RANKED_MODE_INFO_OVERVIEW_4,자세한 내용은 동영상 가이드를 참고해 주세요.
69ede55fef97579d,TID_LEADERBOARD_TOWNHALL_SEASON,시즌 글로벌 랭킹
e6458bf33c4d2062,TID_STARTERARMY_TH7_FIRE_IN_THE_SKY,마을회관 7 - 하늘 위의 불꽃
e6ad57f886294e1c,TID_LEAGUE_TIER_UNRANKED,랭크 없음
aeb88b78f509095b,TID_POPUP_BREAK_SHIELD_TEXT,정말로 보호막을 제거하겠습니까?
b5e93520be20db65,TID_SHOP_SHIELD_7D,1주일 마법 보호막
ff681226424db2e9,TID_ATT_UC_DISAGREE_TITLE,추적 활성화
e3133eb16f8b332f,TID_HINT LEAGUE_PROMOTION,트로피를 획득해 경쟁전 전투의 리그를 올리세요. 리그 레벨이 높을수록 리그 및 별 보너스도 증가합니다!
a5940b2ae5ae3229,TID_ATT_UC_DISAGREE_TEXT,"기기의 개인정보 설정에서 추적이 차단되어 있습니다.\n추적에 동의하시려면, 시스템 설정에서 추적을 활성화하신 후에 다시 시도해 주세요."
46e0bad91ae2d4d3,TID_LEAGUE_TIER_7_RANK_1_SHORT,골렘 21
8023c992ce4bafe2,TID_CLAN_MINIMUM_LEAGUE,필요한 리그:
3bd8a3624ff8bcc6,TID_BATTLE_MODE_INFO_OVERVIEW_3,유닛을 배치하지 않았다면 페널티 없이 내 마을로 돌아갈 수 있습니다.
7717ebe8ef254d27,TID_RANKED_MODE_FTUE_2,덕분에 마을이 <c2c84ad>경쟁전</c> 전투에 참가할 수 있게 되었어요.
453fbb22e5b4572d,TID_SPECIAL_REENG_TUTORIAL_1,"으악! 마을이 엉망진창이 되었어요, 대장님."
649c43a43a10240b,TID_METEOR_GOLEM_SMALL_INFO,"운석 베이비 골렘이 분열되면 근처의 적을 찾아 박살 내거나, 다른 운석 베이비 골렘을 찾아 다시 합체합니다. 분열된 운석 베이비 골렘은 장벽을 뛰어넘을 수도 있습니다."
6b51c268a9bfdbec,TID_GEAR_RESOURCE_EPIC_INFO,"반짝이는 광석은 장비를 업그레이드 하는 데 사용됩니다. 클랜전, 특별 이벤트, 리그 8 이상에서의 별 보너스를 통해 획득할 수 있습니다."
8f08d3a693b73ef7,TID_LOG_CASUAL_MODE,캐주얼 모드 전투 기록
2dacaf0f095e5626,TID_LEAGUE_INFO_POPUP_TAB_OVERVIEW,개요
d55d2c2ad728178e,TID_LEAGUE_TIER_7_RANK_2,골렘 리그 20
8e5e016101ba9dfa,TID_LOG_RANKED_MODE,경쟁전 모드 전투 기록
3bdb647706648a27,TID_MAGIC_SHIELD_TITLE,마법 보호막
f96bc57811555f3e,TID_2024_CLASHMAS_TREE,2024년 클래시마스 트리
725a24517c906872,TID_RANKED_MODE_INFO_PREP_3,"참가 등록 후, 방어 배치와 클랜 성 병력을 준비할 수 있습니다."
490cbe166418197e,TID_ACHIEVEMENT_RANKED_TITLE_3,리그 슈퍼팬
3044033a6ab0ac35,TID_STARTERARMY_TH11_DRAGONS,마을회관 11 - 드래곤 해방
25e203d1f13f6c39,TID_LOOT_MODE,전투
50a883a7a62b6395,TID_WASTELANDS_QUEEN,
fc18b84864fd26c5,TID_CYBERPUNK_MINION_PRINCE,
7eb9a72c412fabce,TID_GP_POP_OFFER2,모든 비용과 타이머가 20% 감소!
73883c0bd4a4b763,TID_LEAGUE_TIER_3_RANK_2,아처 리그 8
10e2c34d5e2db742,TID_HINT_XBOW_AMMO,"자주 로그인해 대형 석궁, 투석기, 인페르노 타워, 및 독수리 포탑의 가동을 계속 유지하세요!"
9932a6b925e593f2,TID_LEAGUE_TIER_4_RANK_3_SHORT,마법사 10
f1e5d9b922e67f3c,TID_PLACEMENT_FIRST_SHORT,1위
e81c04ded4007e77,TID_BATTLE_MODE_MODIFIER,전투 특수 모드
7752606b90ffe99d,TID_LEAGUE_TIER_5,발키리
8ae364b05a49a51a,TID_RANKED_MODE_INFO_BATTLE_3,"성과에 따라 트로피를 획득하며, 습격으로 얻은 자원은 모두 받을 수 있습니다."
f5d4c730453dd4fd,TID_TH_EVENT_METEOR_DISABLED_BUILDING,운석
7e2cc496cf909fb6,TID_LEAGUE_INFO_POPUP_TAB_DEFENSE,방어
586ba98555957ea6,TID_BATTLE_MODIFIER_4,e스포츠
61f2a10491d03120,TID_LEAGUE_TIER_5_RANK_2,발키리 리그 14
87c9ed50de4a9df3,TID_EVENTARMY_TH16_SEPTEMBER_WITCHES,사악한 마녀
f1c6cba2746def49,TID_LEAGUE_OVERVIEW_BATTLES_PER_SEASON_LEGENDS,일일 전투 수: <amount>
453944968dfb0b9f,TID_LEAGUE_SEASON_ENDED_MONTH_12,토너먼트 종료: <year>년 12월 <day>일
5ee000c4c8799a66,TID_LEAGUE_TIER_8,P.E.K.K.A
9af5e6a985ac2e22,TID_LEAGUE_BONUS,리그 보너스
65017b398107d244,TID_RANKED_MODE_INFO_RESULTS_3,토너먼트가 종료되면 다음 토너먼트의 참가 등록이 가능합니다.
c1dc395591fc71ea,TID_MY_TOWN_HALL,내 마을회관
f3c8d9f68ec1ffe4,TID_LEAGUE_SEASON_ENDED_MONTH_6,토너먼트 종료: <year>년 6월 <day>일
a7f3bbbdd0de799c,TID_BUTTON_LEAGUE_OVERVIEW,리그 개요
bd883b72f95e219f,TID_RANKED_MODE_INFO_PREP_1,토너먼트에 참가 등록해 그룹을 배정받고 경쟁을 시작하세요.
5dfc4c5bc312a746,TID_CREATORARMY_TH11_MOOSE_MASSDRAGONS,매스 드래곤
a00ae490bfb2d187,TID_SHOP_SHIELD_2D,2일 마법 보호막
0ba193dca9218953,TID_TIME_WEEKS,주
3c37d9fc263569b8,TID_RANKED_POPUP_TITLE_SIGNED_UP,토너먼트가 곧 시작됩니다!
523be492dd5351b6,TID_LEAGUE_INFO_POPUP_TAB_REVENGE,복수
fc08662eba37bc91,TID_DECO_COSMIC_BOOMBOX_INFO,"마법사의 연구 끝에 역사상 가장 시끄러운 음악 발사기가 탄생했습니다! 그 음파는 우주에서도 들리고, 온몸으로도 느껴집니다."
ac3bc2086653e9e5,TID_2023_CLASHMAS_TREE,2023년 클래시마스 트리
45da13202e0389ea,TID_BATTLE_LOG_MISSING_ATTACK,공격 기록이 없습니다.
0ff71b740527ab4b,TID_ABILITY_COOLDOWN_TIME,재사용 대기시간:
2653215b6b5c3239,TID_NEXT_LEAGUE_DAY,다음 리그일
a92f6c46544f06be,TID_DECO_COSMIC_BOOK_OF_SPELLS,저주받은 고서
a21547d29416b0ad,TID_ADVANCED_MODE_DESC,방어시설이 14% 더 큰 피해를 줍니다. 방어 측 영웅의 피해량과 HP가 14% 증가합니다. 공격 측 영웅의 피해량과 HP가 6% 감소합니다.
6fb330cb9dc72fa2,TID_DECO_COSMIC_BOOMBOX,붐 박스
95151b7133f78056,TID_LEAGUE_LEADERBOARD_DEFENCES_COUNT,방어: <count>/<total>
c3da55f0d557e1fc,TID_LEAGUE_RANKINGS_RESULTS_BUTTON,결과
e4e99ccf725c9b7d,TID_LEAGUE_TIER_8_RANK_3,P.E.K.K.A 리그 22
879dad11a3a855f4,TID_TRAP_DAMAGE_TO_SIEGE_MACHINES,시즈 머신 대상 피해량: <number>
2339446f134db7eb,TID_INTERMEDIATE_MODE_DESC,방어시설이 7% 더 큰 피해를 줍니다. 방어 측 영웅의 피해량과 HP가 7% 증가합니다. 공격 측 영웅의 피해량과 HP가 3% 감소합니다.
90ada171a74c92fd,TID_CREATORARMY_TH15_CORRUPT_ROOTVALKS,루트 발키리
f02af4033374a47a,TID_LEAGUE_TIER_1_RANK_2_SHORT,해골 2
9fcb3b4379d91e09,TID_GP_POP_BANK,더 큰 시즌 금고
e7f86da9176c0cf7,TID_PLACEMENT_TH,<value>위
d3b6ddb3d079a043,TID_LEGEND_LOW_TROPHY_DISCLAIMER,"일요일이 끝나기 전까지 4,900개 이상의 트로피를 모아 같은 리그를 유지하세요!"
341f6cfb044a3681,TID_EVENTARMY_TH15_CLASHERAMA_MASS_MINERS,광부 축제!
5a683ce19c290888,TID_ATTACK_LEAGUEGROUP_BATTLE_COUNT_EXCEEDED,이 리그의 최대 전투 횟수에 도달했습니다.
580ba6453cfdf137,TID_HINT_TH12_MAX_LEVEL_WEAPON,마을회관 12레벨은 조심해서 공략하세요. 파괴되면 폭발하기 때문이죠!
4a8f385cf6e96255,TID_DECO_COSMIC_TELESCOPE,유성 관측
893e5591b0ac830e,TID_DECO_COSMIC_BOOK_OF_SPELLS_INFO,이 오싹한 책에서 몇 마디를 읊는 것만으로도 우주의 저주가 풀릴 거예요! 결코 편안한 독서는 아니겠군요.
b04bc3187752b8a0,TID_2022_CLASHMAS_TREE,2022년 클래시마스 트리
d89c0c57636790ad,TID_RANKED_RULE_TEXT_1,토너먼트는 <duration>마다 진행됩니다.
2e57c6180a4adaee,TID_ARMY_NAME,군대 이름
87c9ed5524153df3,TID_EVENTARMY_TH10_SEPTEMBER_WITCHES,사악한 마녀
091bf830ff0b52f2,TID_LEAGUE_HISTORY_STARS_COUNT,획득한 별: <total>개
5da28c01fd18accd,TID_SHIELD_INFO_ITEM2,공격을 하더라도 보호막의 지속 시간에 영향을 미치지 않습니다. 그러니 전투를 계속하세요!
81a576c8bd8b5eed,TID_SEASONAL_DEFENCE_INFO_ITEM_2,<cffcc33>어느 스탯을 업그레이드할지 선택하여</c> 전략을 구성하세요! 크래프트 방어시설은 업그레이드하는 동안에도 방어합니다!
86607876959a9ea6,TID_EXPERT_MODE_DESC,방어시설이 20% 더 큰 피해를 줍니다. 방어 측 영웅의 피해량과 HP가 20% 증가합니다. 공격 측 영웅의 피해량과 HP가 10% 감소합니다.
aa27fe5c998b849c,TID_HARD_MODE_MINUS_THREE_DESC_LIST,• <cff4b84ff>방어시설</c>이 7% 더 큰 피해를 줍니다.\n• <cffff4ba8>방어 측 영웅</c>의 피해량과 HP가 7% 증가합니다.\n• <cffff4ba8>공격 측 영웅</c>의 피해량과 HP가 3% 감소합니다.
9404eed09719f92b,TID_ATT_UC_ERROR_CONNECTION,동의 관리자에 연결할 수 없습니다. 인터넷 연결 상태를 확인하고 다시 시도해 주세요.
e568aa54a35f0a63,TID_SPRING_TRAP_ABILITY_HELP,"튕겨 나가지 않는 몸집이 큰 유닛을 밀어내고 피해를 입힙니다. 영웅, 펫, 시즈 머신은 절반의 피해를 입습니다."
6e6f4952b67a21a9,TID_CLASHARAMA_2_QUEEN,P.E.Q.Q.A 퀸
ed6f73a4320729ba,TID_LEGEND_MODE_INFO_DEMOTION_3,전설 리그에서 강등되면 신규 리그에서 참여할 수 있는 다음 토너먼트에 참가 등록할 수 있습니다.
f4e3dac9189f2866,TID_STARTERARMY_TH15_MASS_MINERS,마을회관 15 - 대량의 광부
57a4b859c99b272a,TID_SPRING_TRAP_ABILITY_NAME,파워풀 푸시 트랩
987df123df51af6f,TID_LEAGUE_TIER_5_RANK_2_SHORT,발키리 14
e4fa92ea5830460e,TID_STARTERARMY_TH12_DIG_AND_RIDE,마을회관 12 - 위로 아래로 2
87c9ed5175502df3,TID_EVENTARMY_TH17_SEPTEMBER_WITCHES,사악한 마녀
dcdd23316328e67b,TID_GOLDEN_SHIELD_INFO2,또한 다른 플레이어를 공격해도 골드 보호막을 잃지 않습니다.
2e99fb921708c01e,TID_RANKED_MODE_INFO_RESULTS_1,"전투 단계 종료 후, 결과가 나옵니다!"
bced4a7252db6155,TID_BATTLE_MODE_INFO_REVENGE_1,내 자원을 약탈한 상대에게 보복하고 싶으신가요? 방어 기록에서 공격자를 선택해 복수하세요!
cd489c08071cea2a,TID_RANKED_MODE_FTUE_3,모든 마을의 대장이 모여 영광을 차지하기 위해 결전을 벌이는 자리죠!
755e6cfb044a3186,TID_EVENTARMY_TH10_CLASHERAMA_MASS_MINERS,광부 축제!
9f888576aeb2a119,TID_STARTERARMY_TH4_BARCHER_BLAST,마을회관 4 - 바처 블라스트
e7f86db27db70cf7,TID_PLACEMENT_ST,<value>위
a7e59a625f6f8cb6,TID_LEAGUE_TIER_7,골렘
5b9f9d6486345d3f,TID_LEAGUE_TIER_11_RANK_1,일렉트로 리그 33
80f21a8c9ad36b72,TID_BATTLE_DETAILS_DESTRUCTION_ATTACK,공격당 평균 파괴율
7055ac0bd4a4b763,TID_LEAGUE_TIER_3_RANK_1,아처 리그 9
b1374a204f53d760,TID_HARD_MODE_MINUS_ONE_DESC,"방어시설이 14% 더 큰 피해를 줍니다. 방어 측 영웅의 피해량과 HP가 14% 증가합니다. 공격 측 영웅의 피해량과 HP가 6% 감소합니다. 일반 장비는 16레벨, 초희귀 장비는 23레벨로 제한됩니다."
b0868d4803292418,TID_RANKED_PENDING_LEAGUE_RESULT,현재 토너먼트 결과 집계 중
93e1a4968f71093d,TID_LEAGUE_SEASON_ENDED_MONTH_10,토너먼트 종료: <year>년 10월 <day>일
363272e7a0759dd5,TID_STARTERARMY_TH5_LOOT_SMASH,마을회관 5 - 전리품 스매시
9e1bab90d2457530,TID_LEAGUE_BATTLE_START_TIME,전투 시작까지: <time>
f1e0c8e67e839503,TID_WASTELANDS_KING,
b6d0d67832fcc8d7,TID_LEAGUE_TIER_4_RANK_3,마법사 리그 10
26597f5f9d789191,TID_TUTORIAL_TH12_1,이제 마을회관에 무기가 생겨 적의 공격에 반격할 수 있습니다!
caef58abfc68c2b4,TID_2019_CLASHMAS_TREE,2019년 클래시마스 트리
f88dd4968e34086c,TID_LEAGUE_SEASON_ENDED_MONTH_11,토너먼트 종료: <year>년 11월 <day>일
2329516601c9f9a2,TID_SPECIAL_REENG_TUTORIAL_3,부트캠프로 자원을 강화해 마을을 전투에 대비시키세요!
6190ec5e2ce45a3b,TID_TOWN_HALL_INFO,"\n대장님 마을의 핵심 건물입니다! 마을회관을 업그레이드하고 신규 방어시설, 건물, 함정 등을 잠금 해제하세요.\n\n공격 시 상대의 마을회관을 파괴하면 별 1개를 얻습니다. 마을회관을 마을의 중심에 배치하고 장벽, 함정 그리고 방어시설로 주변을 감싸 공격으로부터 보호하세요."
884b219c653ffba6,TID_STARTERARMY_TH6_GOB_SMASH,마을회관 6 - 고블린 스매시
5940e84d92278cc9,TID_GOLDEN_SHIELD_INFO3,내 마을이 약탈당하면 골드 보호막을 얻을 수 있습니다. 저장소를 안전하게 보호하고 싶다면 상점에서 골드 보호막을 구매할 수도 있습니다.
5913f062985fe68d,TID_INFO_CASUAL_MODE,캐주얼 모드 정보
3ce16d50bea23976,TID_BATTLE_MODE_INFO_TITLE,전투 정보
18399e6307845301,TID_RANKED_MODE_INFO_OVERVIEW_2,전투에서 승리해 순위표를 올라가고 영광을 차지하세요!
275cd04fa739118d,TID_TUTORIAL_TH12_2,마을회관의 무기가 더 큰 피해를 줄 수 있도록 방어할 때 안전하게 지키세요!
5a886575a8bfa82e,TID_WASTELANDS_DECO_COGULATOR_INFO,이 위대하고 강력한 톱니바퀴 통은 미래를 예측하고 출력해냅니다!
e201561803cc1225,TID_HINT_SHIELD_GAIN_TIME,마법 보호막을 구매하고 자원이 보호되는 마음의 평안을 얻으세요.
753271de22977682,TID_LEGENDS_DEFENCE_LAYOUT_TEXT,1. 방어 배치 설정
d6d56e9ccfbf6059,TID_NO_SHIELD_TEXT,보호막 없음
1d2fc0eaf2ccfd67,TID_SETTING_HIDE_DECO_IN_BATTLE,전투 중 장식 및 장애물 숨기기
583da8c3b3abb523,TID_CYBERPUNK_QUEEN,
745c2f050862959d,TID_CLAN_MINIMUM_BUILDER_BASE_LEAGUE,필요한 장인기지 리그:
a7e327fe46b50d63,TID_HINT_SHIELD2,마법 보호막이 적용되면 모든 공격으로부터 자원이 보호됩니다!
9c2b7d6cae0be2af,TID_STARTERARMY_TH9_LAVALOON,마을회관 9 - 라벌
8513b597a6cecf52,TID_LEGENDS_SHIELD_1D_INFO,전설 리그에서 다음 하루 동안 공격과 방어를 건너뛰세요. 휴식이 필요하다면 최상의 선택입니다!
f414e3737a26b9aa,TID_SCENERY_CLASHAVERSARY2025,
07eb701187695af0,TID_RANKED_ATTACK_BUTTON_LEGEND_SHIELD_ACTIVE,전설 보호막 적용 중!
660152f96cbe6e15,TID_CYBERPUNK_WARDEN,
44a84caed5d87482,TID_REVENGE_ATTACK,복수 공격!
a3016ce3c4d716d5,TID_SETTINGS_TITLE_CONSENT_CHOICES,동의 선택
705d28b708f70a09,TID_ACTIVE_COLORED,적용 중
4161bc4a94a614b0,TID_STAR_BONUS_BONUS_TEXT,현재 리그의 별 보너스:
e1499ccf71ea7b7d,TID_LEAGUE_TIER_8_RANK_1,P.E.K.K.A 리그 24
1f5cf144b8558c95,TID_WASTELANDS_MINION_PRINCE,
dfbabfd9a3746e68,TID_RANKED_LEGEND_RULE_TEXT_2,매일 공격하고 방어하여 트로피를 획득하세요.
ffafd42748cadc22,TID_RANKED_MODE_INFO_BATTLE_2,"같은 그룹 내 다른 플레이어로부터 공격받게 되므로, 방어를 준비하세요!"
0d7567d90b3102e6,TID_SPECIAL_REENG_TUTORIAL_5,"바로 그거죠! 열기를 느껴보세요, 대장님!"
5ca8e01776d9a9c1,TID_BATTLE_LOG_MISSING_DEFENSE,방어 기록이 없습니다.
5cadb5a36ffd31ca,TID_LEGEND_MODE_INFO_SHIELD_2,전설 보호막은 다음 리그일에 적용됩니다.
f75889e41bdd8b1f,TID_SETTINGS_BUTTON_MANAGE_CONSENT,관리
e2fc21abdca33aa5,TID_STARTERARMY_TH6_SKY_SURGE,마을회관 6 - 스카이 서지
b0c2daa3dc13b5a3,TID_RANKED_MODE_FTUE_4,"토너먼트에 참가해 트로피를 얻고, 더 높은 리그에 도달해 더 큰 보상을 받으세요!"
64fc4bc22ccb9cb3,TID_LEAGUE_TIER_1,해골
9e486f429b0f2582,TID_BATTLE_MODIFIER_2,마스터
b760d6783327b8d7,TID_LEAGUE_TIER_4_RANK_2,마법사 리그 11
e7f86da6379e0cf7,TID_PLACEMENT_ND,<value>위
b1b42cfa5b2e69aa,TID_LEAGUE_PLACEMENT_UNCHANGED,현재 리그를 유지했습니다!
1eeae62e561154fc,TID_CLAN_JOIN_FAIL_NO_LEAGUE_TIER,해당 클랜에 가입하려면 더 높은 리그 순위가 필요합니다.
bd46dd407a4f1f35,TID_DEFENSE_RANKED_MODE,방어 배치 설정하기
b3c6549b21ce0617,TID_LEAGUE_INFO_LOOT_BONUS_PROMO,새 리그에서 매치에 이길 경우 최대 리그 보너스:
9b1dfe8a7109e597,TID_GHOST_DEFENSE_INFO,이 방어는 토너먼트 후반에 이루어지거나 다른 방어의 평균으로 산정됩니다.
1892915f76b08e37,TID_STARTERARMY_TH7_GIANT_BLAZE,마을회관 7 - 자이언트 블레이즈
a99e82ef3c799cc1,TID_STARTERARMY_TH10_BOWLER_SMASH,마을회관 10 - 볼러 스매시
fbde9e15be6f0105,TID_SCENERY_COSMICCURSE,저주받은 우주 배경
8876af948bb462f7,TID_REGION_MOZAMBIQUE,모잠비크
1242822c441d597b,TID_CYBERPUNK_QUEEN,레니게이드 퀸
673401fadb6ad436,TID_ARMY_DISCLAIMER_REMOVE_EVENT_TROOPS,유효하지 않은 기간 한정 유닛이 포함되어 있습니다.
893382d13c91d0ba,TID_REGION_VANUATU,바누아투
8e317fcfe8339231,TID_REGION_LAND_ISLANDS,올란드 제도
493e0700df77b1b2,TID_REGION_CONGO_DRC,콩고 민주공화국
9dabf21bd153423b,TID_GEAR_TITLE_STICK_HORSE,말 머리 막대
a22ed44c71f64351,TID_REGION_CENTRAL_AFRICAN_REPUBLIC,중앙아프리카 공화국
837138fc845ebcf3,TID_REGION_ARGENTINA,아르헨티나
33e04b6bb7c84650,TID_REGION_SENEGAL,세네갈
1427fe835fa12d86,TID_REGION_BURUNDI,부룬디
3bf79de3ed26f745,TID_GUARDIAN_MENU_SELECT_ACTIVATE,선택
dd442bcb757dca06,TID_EVENT_DECO_FLEX_AXE,강인한 전투 도끼
9263063f0bcfa96b,TID_REGION_ST_VINCENT_GRENADINES,세인트빈센트 그레나딘
861481c10aea9aa6,TID_ONLY_STASHED_DECOS_FOR_CHARGE_EFFECT,충전 효과를 적용할 수 있는 장식이 모두 보관 상태입니다!
53b79aec2f9244e5,TID_WASTELANDS_KING,브루저 킹
27d4e1afc17bf92c,TID_GIGA_INFERNO_GUARDIAN,
7ffce15170796399,TID_REGION_SOUTH_KOREA,대한민국
195b418f69aa07dc,TID_CYBERPUNK_MINION_PRINCE,발명가 미니언
9e9fee6bf7008eac,TID_REGION_EL_SALVADOR,엘살바도르
0cda45f6ab7413f5,TID_REGION_T_RKIYE,튀르키예
1569ea713bcda962,TID_BUILDING_DEBRIS_TOWER,복수 타워
0a8e7f197c38d000,TID_SUPERDECO_FIRE_HORSE,화염의 말 조각상
46ee98a6bcf26602,TID_MELEE_AREA_GUARDIAN,스매셔
c4f2fd13b8e9b0fc,TID_REGION_SVALBARD_AND_JAN_MAYEN,스발바르 얀마옌
0fb65cd3c891f851,TID_BUTTON_GUARDIANS_CYCLE_BUTTON,가디언 교체
9277a72775289f3f,TID_CHOOSE_BATTLE_MODE,전투
860dbd0957eec988,TID_REGION_GREENLAND,그린란드
2f9e0721aa382804,TID_CHARACTER_ARTIFICER_INFO_SHORT,
73ee8711920870b4,TID_REGION_SIERRA_LEONE,시에라리온
5ff414c690cda682,TID_REGION_PARAGUAY,파라과이
7fdc2a74112a8a83,TID_BUILDING_HERO_BOOSTER_INFO,종소리가 울리면 방어 영웅의 투지가 불타오르며 힘과 HP가 강화됩니다. 하지만 종이 파괴되면 영웅은 본래의 능력으로 돌아갑니다. 아쉽군요!
bcbde8712160705c,TID_REGION_LEBANON,레바논
0b97b08da5f6c669,TID_PLAYER_PROFILE_GUARDIANS,가디언
52f020a77f1549b2,TID_REGION_NEPAL,네팔
1338530eabb549b1,TID_REGION_BENIN,베냉
692e8154b11259d3,TID_OBSTACLE_XMAS_TREE_2025,2025년 클래시마스 트리
02c4328d30d11952,TID_REGION_NEW_CALEDONIA,뉴칼레도니아
1ea7af58645e3500,TID_REGION_TAIWAN,대만
a4acc5933250a630,TID_REGION_MADAGASCAR,마다가스카
854da9e15f6b1c3f,TID_COSMICCURSE_KING,버서커 킹
67f0cbda406e29d5,TID_WASTELANDS_QUEEN,퓨리 퀸
14807a28f9d4f9b1,TID_REGION_GABON,가봉
81ed02d6d045eef3,TID_INFERNO_GUARDIAN_INFO_SHORT,머릿속이 폭발에 대한 생각으로 가득 찼어요.
c7e1949a28e997d3,TID_OBSTACLE_COMMON_ORE_STONE,빛나는 광석 운석
fcfdac10988e66d9,TID_COSMICCURSE_WARDEN,영원의 워든
545ca051ea5c262b,TID_OBSTACLE_RARE_ORE_STONE,은은한 광석 운석
74cc3aa68059cfe6,TID_REGION_ARMENIA,아르메니아
399c1b467beaf40f,TID_REGION_NIUE,니우에
a0e2b75217a7127c,TID_PRESTIGE_RESOURCE,스파키 스톤
c101043b83b227d4,TID_REGION_CAMEROON,카메룬
565a7c6ea818f901,TID_REGION_CAMBODIA,캄보디아
4dec91aec9a08beb,TID_METEORITE_BUILDER_SKIN,운석 장인
8e2018294b0ab425,TID_REGION_CHRISTMAS_ISLAND,크리스마스 섬
14847e7451a40c5c,TID_REGION_ASIA,아시아
808b0bf7ae3d77e4,TID_MELEE_AREA_GUARDIAN_INFO_SHORT,백 마디 말보다 한 번의 파괴가 더 무서운 법이죠.
2f5cb29ab076e5d4,TID_REGION_CAYMAN_ISLANDS,케이맨 제도
4bc2afd8eb409d0c,TID_REGION_JAMAICA,자메이카
9207b57b812ced50,TID_REGION_EQUATORIAL_GUINEA,적도 기니
a951118dee44d8f2,TID_BUILDING_BOMB_SPAWNER,벌집 폭탄
c2431ca39a8a26e4,TID_GUARDIANS_INFO_SCREEN_ITEM_1,마을이 공격당하면 <cffcc33>가디언은 마을을 방어</c>합니다. 각자 고유의 방어 방식이 있습니다.
ff66cc1f6e5b18ff,TID_REGION_MICRONESIA,미크로네시아
02115e286d2da566,TID_GUARDIANS_INFO_SCREEN_TITLE,가디언
32452091871506b9,TID_LOADING_VIDEO_INFO,영상 불러오는 중...
68a8cf7c6f5afa96,TID_METEOR_GOLEM_INFO_SHORT,친구 좋다는 게 뭐겠어요? 적에게 던질 때 딱이죠!
bb7d42698e45bc5e,TID_REGION_SPAIN,스페인
6845e3348352bfff,TID_REGION_ERITREA,에리트레아
bd6f042bb27bcbea,TID_REGION_MAYOTTE,마요트
63e5be7452ab6a67,TID_REGION_UKRAINE,우크라이나
1cf0d5ce1aed1ed7,TID_REGION_DOMINICAN_REPUBLIC,도미니카 공화국
9cd952fe334dff15,TID_REGION_JORDAN,요르단
8cdfa7ac6c3c3d38,TID_REGION_GIBRALTAR,지브롤터
9c52998da9ab61d3,TID_REGION_URUGUAY,우루과이
4c652b5f4187fce8,TID_REGION_NORTH_MACEDONIA,북마케도니아
08c304d6fab4ed94,TID_GUARDIAN_MENU_SELECT_INACTIVE,바쁨!
02054d1b82951044,TID_REGION_CEUTA_AND_MELILLA,세우타 멜리야
514afc77d432e7af,TID_SHOP_ITEM_TYPE_VFX,그래픽 효과
d1918a133e70e9b8,TID_REGION_TONGA,통가
94e6ab4b9564b00f,TID_REGION_C_TE_D_IVOIRE,코트디부아르
9386b17cef716548,TID_REGION_FAROE_ISLANDS,페로 제도
e71b41dc246d7ab3,TID_STARTERARMY_TH18_SUPER_YETIS,와르르 예티
752f025b627a40b0,TID_BUILDING_SUN_BEAM_INFO,"너무 밝아서 눈을 찡그려도 소용없어요! 라이트 빔의 광선은 매우 긴 사거리를 자랑하지만, 멀어질수록 빛이 약해집니다. 가까울수록 더 큰 피해를 입힙니다."
2b6e2d73a69c90c8,TID_REGION_ISLE_OF_MAN,맨섬
4530ceb02fa904d3,TID_REGION_SAMOA,사모아
838e653e8046d5fc,TID_TH18_UPGRADE_CUTSCENE_4,저기 이상한 에너지로 빛나는 돌이 있어요. 장인이라면 이를 활용할 수 있을지도 몰라요.
e71020cf96bd0bc5,TID_REGION_FINLAND,핀란드
dfc11e3f79178821,TID_REGION_PANAMA,파나마
5133053d2ceee439,TID_GARG2_ABILITY_HELP,"첫 <num>번의 공격이 더 빠르고, 사정거리가 더 길며, <num2>의 피해를 줍니다."
b1202c3aae2bca3f,TID_REGION_NORTH_AMERICA,북아메리카
cdbf1463a23c6c83,TID_REGION_BRAZIL,브라질
b8cf04883f0d76ec,TID_REGION_ALGERIA,알제리
ae14c0a080c78a0a,TID_BUTTON_GUARDIANS_MENU,가디언
de10db646b44ca19,TID_GEAR_FROST_CHARM,서리 조각
61eb5676e1e159be,TID_REGION_CHILE,칠레
c386d21094b98ef9,TID_BUILDING_HERO_BOOSTER,영웅 종
2eaf8202e9dc1840,TID_SKIP_VIDEO_TEXT,동영상을 건너뛸까요?
c597596a9d2f9c8b,TID_TROOPS_NOT_ALLOWED_TOOLTIP,군대에서 <cffcd443d>기간 한정 유닛을 교체하세요.</c>
07b8b91857cdfbe4,TID_REGION_SOUTH_AFRICA,남아프리카
f4031ddfa65762bf,TID_REGION_SAINT_HELENA,세인트 헬레나
d30b360c245bff5c,TID_BUILDING_MERGED_WIZARD_TOWER,슈퍼 마법사 타워
47d204547b04a53f,TID_REGION_BOLIVIA,볼리비아
75e3e525f4a932fb,TID_REGION_HAITI,아이티
628a7a3a0c8b7a71,TID_REGION_ZAMBIA,잠비아
e618b7aa3622fb1a,TID_GUARDIAN_MENU_SELECT_ACTIVE,방어 중!
2ecc1849dab11394,TID_REGION_LIBERIA,라이베리아
62c534072bca2f95,TID_SUPERDECO_WOLF_STATUE,굶주린 사냥개
aae8d415766df5e6,TID_PRESTIGE_RESOURCE_DESCRIPTION_FOR_SKINS,크래프트 방어시설과 슈퍼 충전 건물을 업그레이드해 스파키 스톤을 획득하세요.
4d572fe1ef7efde5,TID_REGION_BOUVET_ISLAND,부베 섬
265497a45ee48362,TID_REGION_SOMALIA,소말리아
641248ae47652298,TID_GUARDIAN_CHARACTER_COUNT,<character> 수: <number>
fd249f19515de8b1,TID_REGION_IRAN,이란
a116f65bb8381b33,TID_ASSASSINS_GUARDIAN,
7874c4e1f03e2b15,TID_SEASONAL_DEFENSE_BUILDING_REMOVED_TITLE,크래프트 방어 단계 시작!
3b7bfd2fc99c9696,TID_REGION_SWITZERLAND,스위스
1827e1bfe3a722fd,TID_REGION_COSTA_RICA,코스타리카
0fe70975b82f9322,TID_REGION_VENEZUELA,베네수엘라
582cf641911f3a8a,TID_TOWN_HALL_18_INFO_SHORT,운석 마을회관입니다.
3cc6192c636ad357,TID_DECO_LNY_HORSESHOE,행운의 편자
9808e528ee131a70,TID_POPUP_ADD_CHARGE_EFFECT,<resource> <cost>개로 <item>에 영구적인 충전 효과를 즉시 부여합니다.
7e04288d7d70be4e,TID_TH18_UPGRADE_CUTSCENE_1,와! 이 마을회관은 분명 인기가 많을 거예요. 전 알 수 있답니다.
0523a25fdc6a32e2,TID_REGION_ZIMBABWE,짐바브웨
8ce8f411e64e3c05,TID_REGION_MALAYSIA,말레이시아
7b2a4bf09b70c282,TID_REGION_ASCENSION_ISLAND,어센션 섬
ae43e70a207e8efc,TID_SKIP_VIDEO_BUTTON,건너뛰기
cfdca20bada05008,TID_REGION_SLOVAKIA,슬로바키아
8ae105b5854a5e4a,TID_REGION_SAINT_BARTH_LEMY,생바르텔르미
823bcb965e83e881,TID_REGION_S_O_TOM_AND_PR_NCIPE,상투메 프린시페
8471a16079151643,TID_REGION_MAURITANIA,모리타니
cbf31febc39a6b3f,TID_REGION_VATICAN_CITY,바티칸
b641db95d451d037,TID_REGION_SINGAPORE,싱가포르
3594b000fc2159b1,TID_REGION_JAPAN,일본
34a6a4691920f82f,TID_SELECT_TARGET_FOR_THE_EFFEFCT,효과를 적용할 장식을 선택하세요.
b732635fa85edeef,TID_REGION_SEYCHELLES,세이셸
c15c3d8d4d00f9f9,TID_REGION_FRENCH_SOUTHERN_TERRITORIES,프랑스령 남방 및 남극 지역
6830ceb1625451df,TID_REGION_SYRIA,시리아
a60437f8861c8de4,TID_REVIVER_GUARDIAN,
44057a85a7f35df7,TID_GUARDIAN_MENU_STATUS_UPGRADING,업그레이드 중. 방어 불가!
f318922f13641e3b,TID_BUILDING_HERO_BOOSTER_INFO_SHORT,종소리가 방어 영웅을 강화합니다.
3ab0aa3b071b1792,TID_TRAINING_BATTLE_MODE_WAR,전쟁 훈련
17c2c8b818b04333,TID_SUPERDECO_MYSTICAL_LAMP_INFO,신비한 동굴에서 발견된 요술 램프는 상상 이상의 소원을 이루어줄 수 있다네요.
0d08fd9aa2686a1a,TID_REGION_R_UNION,레위니옹
6614eeefe0a67fb5,TID_REGION_ANTIGUA_AND_BARBUDA,앤티가 바부다
480e3e0a162bef6a,TID_SEASONAL_DEFENCE_SEASON_2_DESCRIPTION,"대장님, 따끈한 부품이 막 도착했어요! 부품이 있을 때 크래프트 방어시설을 건설하고 업그레이드하세요!"
4fed8af41ceb1494,TID_AURA_HITPOINTS_INCREASE_DEFENDING_HEROS,방어 영웅 HP(%): <number>
43cb03d197ac28de,TID_CYBERPUNK_WARDEN,박사 워든
dc9ee6546bb90732,TID_GUARDIANS_MENU_SELECTION_NONE_INFO,가디언을 선택하지 않았습니다. 마을이 공격당할 때 방어해 줄 가디언 하나를 선택하세요!
3cc819d3cb4e7b58,TID_SHOP_PRESTIGE_TAB_DESCRIPTION,"각 크래프트 방어시설의 업그레이드로 <resource> <num1>개를, 각 슈퍼 충전 건물에서 <resource> <num2>개를 획득하세요."
2ea5656b1d5159b1,TID_REGION_SUDAN,수단
38dcb7f1a3738ea4,TID_MEMBERS_SORTED_BY_LEAGUE,최고 리그 및 트로피
0595aa1942d823ef,TID_REGION_AZERBAIJAN,아제르바이잔
53dc6bf7e16e0ecd,TID_REGION_NORTH_KOREA,북한
634bf0886b0ed1a4,TID_REGION_GEORGIA,조지아
9c35a74f2cb3d233,TID_REGION_CROATIA,크로아티아
fc918eb4dfb10d55,TID_GEAR_INFO_STICK_HORSE,장벽을 넘어 질주하고 배치된 후 이동 속도와 공격 속도가 증가합니다.
dab8be5a922dd0f6,TID_STARTERARMY_TH18_ELECTRO_DRAGONS,일렉트로 스톰 4
abb15a85cb0548bd,TID_BUILDING_SUN_BEAM,라이트 빔
89327c7f7e1ebb5d,TID_SEASONAL_DEFENSE_BUILDING_REMOVED_TEXT,새로운 크래프트 단계가 시작됐습니다! 이번 단계는 최대 레벨의 마을회관만 이용할 수 있습니다.\n크래프트 스테이션이 제거되었습니다.
437f2015c9c7f026,TID_DECO_KUMQUAT_TREE,금귤 나무
2013c3365923a338,TID_REGION_SAINT_MARTIN,세인트마틴
b6c01116f7ef7960,TID_AURA_BOOST_DAMAGE_PERCENTAGE_DEFENDING_HEROS,방어 영웅 피해량(%): <number>
aad17a2cb7e3967e,TID_REGION_RUSSIA,러시아
049c484288ce763b,TID_SEASONAL_DEFENSE_SLOWDOWN_TOWER_MODULE_HP,
7b3a0085c7135acc,TID_REGION_TUNISIA,튀니지
dacbb8f6f32159b8,TID_REGION_INDIA,인도
8721c2b42f41e3a0,TID_REGION_MARSHALL_ISLANDS,마셜 제도
f3ede27e6fe1daf6,TID_REGION_COMOROS,코모로
b4a4a114f2024729,TID_SHOP_MAGIC_SHIELD_2D,2일 마법 보호막
87f235c6e062e2b2,TID_SEASONAL_DEFENSE_SLOWDOWN_TOWER_MODULE_EFFECT,
a8cb19e5bbb25d6f,TID_REGION_TURKS_AND_CAICOS_ISLANDS,터크스 케이커스 제도
1fec40b38d052eb2,TID_REGION_CONGO_REPUBLIC,콩고
804aa590884bb74e,TID_REGION_PALESTINE,팔레스타인
e6ece271dc04582c,TID_REGION_LUXEMBOURG,룩셈부르크
5d1087b73ccd60e0,TID_REGION_PUERTO_RICO,푸에르토 리코
7f305ac5d8895db0,TID_REGION_KIRIBATI,키리바시
a0624f38a71e8f8f,TID_REGION_EGYPT,이집트
1fdbe573d7ab1ab2,TID_REGION_MONTSERRAT,몬트세라트섬
a60efb19088c58a5,TID_REGION_PERU,페루
acff3c844e3bc349,TID_REGION_LESOTHO,레소토
75bdd8bec1429bfe,TID_GUARDIANS_MENU_TITLE,가디언
b685497b5a14931a,TID_REGION_NICARAGUA,니카라과
9b86f479d72718ea,TID_INFERNO_GUARDIAN_INFO,"머리를 쓰세요! 롱샷은 자신의 머리에서 장거리의 폭발성 화살을 발사하며, 적에게 막대한 광역 피해를 입힙니다."
f34fb6d1946fd0a9,TID_SUPERCHARGE_DECOS,충전 효과 추가하기
86f88a09d39796db,TID_STARTERARMY_TH18_METEOR_GOLEMS,운석 아수라장
7e837be8b5d5253a,TID_REGION_NAURU,나우루
438e1fbfeeccbb4f,TID_DECO_LNY_HORSESHOE_INFO,반짝반짝 빛이 나는 이 편자는 마을에 행운을 가져다준답니다.
1ab9907b4908656d,TID_FROSTAGE_CHAMPION,탐험가 챔피언
2a9c923fc197a6de,TID_TOTEM_SPELL,토템 마법
aca4774e94a8eb48,TID_REGION_CYPRUS,키프로스
5335c06c137e66e9,TID_STUN_TIME,마비 지속 시간(초): <number>
21c2a7584d290838,TID_REGION_DIEGO_GARCIA,디에고가르시아
72bc0adcc1dd8304,TID_SUPERCHARGE_DECO_EFFECT_TITLE,충전 효과 추가하기
3ce0d37f176f0bae,TID_TH18_UPGRADE_CUTSCENE_2,잠깐만요... 하늘에 저 반짝이는 물체는 뭐죠?!
7a3ba66cab27b743,TID_BUILDING_SUN_BEAM_INFO_SHORT,넓은 범위에 걸쳐 적에게 빛을 쏘세요.
509c4e3b1c410841,TID_REGION_ANGUILLA,앙귈라
ab6cf2eb427b5769,TID_REGION_SWEDEN,스웨덴
de51d2641c008509,TID_REGION_GUINEA,기니
b42a8fb5c8e32de3,TID_REGION_ECUADOR,에콰도르
0ea7be737c7e2780,TID_REGION_TIMOR_LESTE,동티모르
94d2c7c641e73237,TID_REGION_MONTENEGRO,몬테네그로
940927cd2a404fce,TID_BUILDING_DEBRIS_TOWER_INFO,"이 타워의 친구 건물을 파괴하면, 복수 타워의 보복이 시작됩니다. 파괴한 자를 물색하고, 찾아내고, 공격을 가할 거예요. 친구 건물이 무너짐에 따라, 복수 타워는 더욱 강해지고 분노합니다!"
231fc691097ddf79,TID_REGION_NORFOLK_ISLAND,노퍽 섬
1fa0286ee87a005d,TID_SEASONAL_DEFENSE_BUILDING_RESET_TEXT,크래프트 단계가 종료되고 크래프트 스테이션이 초기화되었습니다. 다음 단계를 준비해 주세요!
f394e8f5858c1b80,TID_REGION_KAZAKHSTAN,카자흐스탄
1314be9f39703500,TID_REGION_BHUTAN,부탄
402f731410655f28,TID_SHOP_MAGIC_SHIELD_7D,1주일 마법 보호막
a804568787cee264,TID_STARTERARMY_TH10_GO_WITCH_2,마을회관 10 - 마녀 출동 2
3ac2cccabde36a6c,TID_SHOP_PRESTIGE,고급 상점
9e0bae926c2f3d78,TID_COSMICCURSE_MINION_PRINCE,악몽의 프린스
cde39b8ef495ec10,TID_REGION_VIETNAM,베트남
9eddeb69ee3b66dd,TID_SEASONAL_DEFENSE_BUILDING_RESET_TITLE,크래프트 방어 단계 종료!
0f36a3173bf7268e,TID_REGION_UNITED_ARAB_EMIRATES,아랍에미리트
d0d46842c3a96163,TID_REGION_GERMANY,독일
3f1e322e2edd638c,TID_REGION_UZBEKISTAN,우즈베키스탄
5eabe412889405b2,TID_REGION_SAINT_PIERRE_AND_MIQUELON,생피에르 미클롱
a475e8657596d2d5,TID_MELEE_AREA_GUARDIAN_ABILITY,투덜투덜
198e7e87bd871dd1,TID_REGION_TAJIKISTAN,타지키스탄
2007a99db084f370,TID_REGION_U_S_OUTLYING_ISLANDS,미국령 군소 제도
fcfddcd68e64306a,TID_REGION_BRUNEI,브루나이
713c6dd68b2922e6,TID_REGION_HEARD_MCDONALD_ISLANDS,허드 맥도널드 제도
b33af7920918442e,TID_REGION_MEXICO,멕시코
7ceef061a78e3576,TID_REGION_SWAZILAND,에스와티니
c4e1cafe8d8f799c,TID_REGION_SURINAME,수리남
ebbf59a833f485bf,TID_REGION_ALBANIA,알바니아
77d269be292b9eb7,TID_REGION_LIECHTENSTEIN,리히텐슈타인
b0769268d68eefbb,TID_EVENT_DECO_FLEX_AXE_INFO,이 무시무시한 무기를 들고 팽팽하게 부푼 이두박근을 적들에게 뽐내세요!
2089ed7ea2bb2fd8,TID_MELEE_AREA_GUARDIAN_INFO,"이 튼튼한 가디언은 지상 및 공중 유닛에게 광역 피해를 입힙니다. 스매셔는 패배를 인정하지 못하는 편으로, 마을회관이 파괴되면 분노 상태가 되고, 자신이 처치되면 분노를 남깁니다."
366e5fc1003aef91,TID_REGION_TURKMENISTAN,투르크메니스탄
eafaed123e85426e,TID_REGION_CURA_AO,퀴라소
7406d2632dfeb6da,TID_INFERNO_GUARDIAN_ABILITY,최후의 폭발
72824124c1a81506,TID_MERGED_WIZARD_TOWER_INFO,슈퍼 마법사의 첫 공격은 근처에 있는 최대 15명의 적에게 전류를 퍼뜨립니다. 연쇄된 공격은 위력이 감소합니다.
1c3af794cf17b57e,TID_REGION_MONACO,모나코
9c781fbc9bea77f5,TID_TOTEM_SPELL_INFO_SHORT,단단한 토템으로 방어시설을 교란하세요.
ee56fda1959dd8b6,TID_SHOP_ITEM_TYPE_BUILDER_SKIN,장인 스킨
8feb6848b3ac6934,TID_REGION_GUAM,괌
6accd8d559afd0fb,TID_GUARDIAN_FEATURE,가디언
59bc4fe471fc2794,TID_REGION_PALAU,팔라우
853c730518e9f4de,TID_REGION_SAN_MARINO,산 마리노
f4fd7d6b3a955b1f,TID_REGION_CAPE_VERDE,카보베르데
9e0d402b59851242,TID_REGION_MALAWI,말라위
750d54833791c1e1,TID_REGION_ANDORRA,안도라
efff10f7dd6c58b5,TID_REGION_FIJI,피지
a5061d388305524c,TID_RANKED_MODE_DEMOTION_ALERT_INFO,"강등되지 않으려면, <c7a34f7>다음 토너먼트가 시작</c>되기 전에 참가 등록을 완료하세요."
c48604f6c1247f59,TID_INFERNO_GUARDIAN_ABILITY_INFO,처치되면 적을 위한 폭발성 깜짝 선물을 남깁니다.
c7695e341417985e,TID_REGION_CANADA,캐나다
52226dc548978211,TID_REGION_BOTSWANA,보츠와나
b9677a8f594d0115,TID_INFERNO_GUARDIAN,롱샷
4ceb5d52c9b4a03e,TID_REGION_U_S_VIRGIN_ISLANDS,미국령 버진아일랜드
8099dd70b2519dc3,TID_SEASONAL_DEFENSE_HERO_BOOSTER_MODULE_ATTACK,
ea0cfeb8a515c4b3,TID_REGION_WALLIS_AND_FUTUNA,왈리스푸투나 제도
7f18a5d9425550aa,TID_REGION_MARTINIQUE,마르티니크
039ec1db51ddda0f,TID_BUILDING_BOMB_SPAWNER_INFO_SHORT,사방에서 폭탄이... 펑펑!
641be73b2295c055,TID_REGION_SOLOMON_ISLANDS,솔로몬 제도
2de232dd67c05454,TID_REGION_KYRGYZSTAN,키르기스스탄
bf78cf973649a407,TID_SPELLS_NOT_ALLOWED_TOOLTIP,군대에서 <cffcd443d>기간 한정 마법을 교체하세요.</c>
cb0cc80a4ce8a6e3,TID_GUARDIANS_INFO_SCREEN_ITEM_2,가디언을 선택하고 업그레이드하세요. <cffcc33>언제든지 변경</c>할 수 있습니다.
1e5aa308b229ba34,TID_REGION_PORTUGAL,포르투갈
e9a61d2689a4e40a,TID_REGION_MOROCCO,모로코
4c33ec6570c76632,TID_REGION_TRISTAN_DA_CUNHA,트리스탄다쿠냐
c6c531657f32e3e0,TID_MODE_TITLE_MINUS_THREE,전문가
36fbe121b2c8422a,TID_BUTTON_ADD_EFFECT,효과 추가
4e3658057663a2d0,TID_REGION_BULGARIA,불가리아
87e0a5c0381a8472,TID_SEASONAL_DEFENSE_SLOWDOWN_TOWER_MODULE_ATTACK,
e7adb36d9315746a,TID_PRESTIGE_DECO_CRAFTED_DEFENCES,크래프트 조각상
9f997571240d37f2,TID_POPUP_ADD_CHARGE_EFFECT_TITLE,충전 효과를 추가할까요?
d8ef73550659b6de,TID_REGION_UNITED_KINGDOM,영국
7b495e247689eae5,TID_REGION_UGANDA,우간다
9bcdc2b690922770,TID_DECO_SMOKY_STOVE,활활 타는 난로
43c6dd1c4be51636,TID_REGION_NIGER,니제르
45139a8f35ae229b,TID_REGION_AFRICA,아프리카
f7ebce9eb4803440,TID_REGION_LIBYA,리비아
3b3e4d2231988d1f,TID_REGION_NEW_ZEALAND,뉴질랜드
20136ca6a43de8b8,TID_REGION_CUBA,쿠바
58764e33f3e76064,TID_REGION_CARIBBEAN_NETHERLANDS,네덜란드령 카리브
808b4d766a29fb03,TID_SEASONAL_DEFENSE_HERO_BOOSTER_MODULE_EFFECT,
b47432a24436b377,TID_REGION_FRENCH_GUIANA,프랑스령 기아나
4fbeaf0208fd37c6,TID_REGION_BELIZE,벨리즈
4bf0304358bd797c,TID_MODE_TITLE_MINUS_ONE,전설
f293b3b4a120e68d,TID_REGION_COOK_ISLANDS,쿡 제도
1949567d6e1aec76,TID_REGION_GUATEMALA,과테말라
4501baae44f6b696,TID_REGION_ARUBA,아루바
f1d56445fbe440b3,TID_REGION_INDONESIA,인도네시아
251174e39e80a267,TID_EAGLE_GUARDIAN,
a05bb1e0bc741877,TID_GEAR_INFO_FROST_CHARM,조각을 내던져 가장 가까운 방어시설을 얼립니다.
5ed829dcdf573e5a,TID_RANKED_MODE_DEMOTION_ALERT,강등 주의
cb7aeafdc4954d2d,TID_REGION_HUNGARY,헝가리
10656a6a208ef586,TID_SEASONAL_DEFENCE_SEASON_2_TITLE,크래프트 단계
389311aa7a71fcf8,TID_GET_SKIN_FROM_PRESTIGE_SHOP,고급 상점에서 이 스킨을 구매하세요.
9cc9e81435017c6c,TID_DECO_SMOKY_STOVE_INFO,손을 따뜻하게 하고 멋진 무기를 단조하는 데 제격이죠.
83f222e54afb9cc4,TID_SCENERY_CLASHAVERSARY2025,클래시데이 13주년 배경
3783593efb5e8be7,TID_REGION_MYANMAR_BURMA,미얀마(버마)
070baa59f8557a90,TID_REGION_LITHUANIA,리투아니아
cccfa04776eaa40e,TID_REGION_SAINT_KITTS_AND_NEVIS,세인트키츠네비스
441c61bd9f04edd5,TID_REGION_ITALY,이탈리아
c9f594e907c77e80,TID_MERGED_WIZARD_TOWER_INFO_SHORT,"고고하고, 강력하고, 마법 같군요."
7b842460afe304bf,TID_SCENERY_CYBERCLASH,사이버 배경
9d04efd8d66bfc2c,TID_LEGEND_ATTACK_CONFIRM_INFO,남은 공격 기회 중 한 번을 사용하기 전에 준비를 잘 마쳤는지 확인하세요!
954450cb386c40ee,TID_STARTERARMY_TH12_GO_WITCH_4,마을회관 12 - 마녀 출동 4
50160d716d96c1e1,TID_DEFAULT_BUILDER_SKIN,장인
63183819247a11e4,TID_REGION_GUYANA,가이아나
37dae6339dd05e2a,TID_NO_VISIBLE_DECOS_FOR_CHARGE_EFFECT,충전 효과를 적용할 장식이 없습니다!
2fab8ab3e6af94b6,TID_FROSTAGE_MINION_PRINCE,프로스트 프린스
503c4ac82e4f250f,TID_REGION_EUROPE,유럽
7b08809b39f5dbde,TID_REGION_TOKELAU,토켈라우
44c929f758ea3440,TID_COSMICCURSE_QUEEN,헌터 퀸
6f7295ab2dade8bf,TID_REGION_CHAD,차드
0bf6a2fa54fc251f,TID_REGION_JERSEY,저지
4436ef1d3aca534e,TID_REGION_GREECE,그리스
a46d145743f6bf13,TID_REGION_AMERICAN_SAMOA,미국령 사모아
da4dc84ace26d15b,TID_REGION_SINT_MAARTEN,세인트 마틴
be2db52bcaf610a8,TID_ARMY_DISCLAIMER_MISSING_SUPER_TROOPS,주의! 군대에서 슈퍼 유닛을 활성화하거나 제거하세요.
bffa4027f8eb8ac5,TID_BUILDING_SLOWDOWN_TOWER,
605e0bbdec2c2a40,TID_BUILDING_SLOWDOWN_TOWER_INFO,
8e675bd63e7fa215,TID_REGION_MAURITIUS,모리셔스
03f401f8cee0cb81,TID_WASTELANDS_WARDEN,샤먼 워든
a8fe92239555dd93,TID_COSMICCURSE_SCENERY,저주받은 우주 배경
861dfe18f2f85cbc,TID_REGION_AFGHANISTAN,아프가니스탄
063161fcd49972bd,TID_REGION_BURKINA_FASO,부르키나파소
f1cac1dd15552827,TID_DEATH_DAMAGE_RADIUS,처치될 때 폭발 반경: <number>
34e12fe9cdcb3dc4,TID_REGION_MACAU,마카오
399c5d9d850c58b0,TID_REGION_TOGO,토고
98560f13981f9716,TID_REGION_ETHIOPIA,에티오피아
7ab3df4720930cd9,TID_REGION_FRENCH_POLYNESIA,프랑스령 폴리네시아
1c917030473e071c,TID_REGION_SERBIA,세르비아
fe3a3a01dfe9fece,TID_REGION_AUSTRALIA,호주
19eb5c4544ab17b9,TID_REGION_THAILAND,태국
2bba1b56a2074485,TID_ARMY_DISCLAIMER_ARMY_NOT_FULL,군대에 빈 슬롯이 있습니다.
e60d27ea401159b8,TID_REGION_CHINA,중국
2ef2850f373f99f5,TID_REGION_TANZANIA,탄자니아
f153f24c9400e9d4,TID_REGION_IRELAND,아일랜드
8088325ee5dac8a0,TID_REGION_BAHAMAS,바하마
9691e338b82809cf,TID_REGION_HONDURAS,온두라스
889b2a70f6fa7109,TID_FROSTAGE_WARDEN,흑마법사 워든
710bbb6c0defa98a,TID_REGION_BANGLADESH,방글라데시
5ab0f87010531401,TID_PRESTIGE_DECO_CRAFTED_DEFENCES_INFO,크래프트 방어시설을 기리며 장인이 손수 조각했습니다. 이 훌륭한 장식품으로 대장님의 헌신을 증명해 보이세요.
2ba23bd76c6550c4,TID_BUILDING_BOMB_SPAWNER_INFO,아주 빠르게 폭발하는 폭탄이에요! 벌집에서 직선으로 폭탄이 분열되어 지상이나 공중 유닛과 부딪히면 폭발을 일으킵니다.
2b4995fccf11634e,TID_REGION_SAINT_LUCIA,세인트루시아
b13db8d6f7ea067a,TID_REGION_KUWAIT,쿠웨이트
16a4a006e92982db,TID_SCENERY_CLASHARAMA2025,Clash-A-Rama 배경
e53d105a3032be58,TID_REGION_WESTERN_SAHARA,서부 사하라
d79582b0ef32731e,TID_REGION_PHILIPPINES,필리핀
04464efe35c94204,TID_REGION_ESTONIA,에스토니아
d170adca58721bd1,TID_WASTELANDS_CHAMPION,노마드 챔피언
869def3ae3a8613b,TID_REGION_FRANCE,프랑스
0422d9595b7680ae,TID_REGION_BARBADOS,바베이도스
c847bf25c2b67077,TID_GUARDIANS_INFO_SCREEN_ITEM_4,
c96a65de93863bc5,TID_RANKED_MODE_INFO_RESULTS_4,"1주간은 휴식을 취하더라도 순위를 유지할 수 있습니다. 하지만 강등되지 않으려면, 그 다음 토너먼트에 참가 등록하는 것을 잊지 마세요."
044de5511912cf8a,TID_SEASONAL_DEFENSE_REFUND,완료되지 않은 업그레이드는 환불되었습니다.
068f7c28a45159b1,TID_REGION_YEMEN,예멘
81f57659fc08330b,TID_SEASONAL_DEFENCE_SEASON_CARD_TITLE_ENDS_SOON,크래프트 단계 곧 종료!
4d9b746ddae49b91,TID_REGION_GRENADA,그레나다
c623d9ad4e3549b8,TID_REGION_MALTA,몰타
cd6bf9c231fd6992,TID_GUARDIAN_FEATURE_DESC,떨어진 운석에서 태어난 이 수수께끼의 전사는 마치 영웅처럼 마을을 수호합니다!
f74ccf81878cff05,TID_FROSTAGE_QUEEN,눈보라 퀸
f05785c35fd7d5b6,TID_REVENGE_TOWER_ABILITY,타워의 분노
1f1ddd093ca1b0fb,TID_REGION_QATAR,카타르
7847c5d6d8a7481c,TID_MODE_TITLE_MINUS_TWO,마스터
c1f9572902210bc1,TID_GUARDIAN_MENU_SELECT_UPGRADING,업그레이드 중에는 방어할 수 없습니다.
3bd82ca44969b9aa,TID_SHOP_SUPERCHARGE_DECO_DESCRIPTION,그래픽 효과
c417fe131d1b45a0,TID_REGION_ANGOLA,앙골라
003e5c986d44b8e2,TID_REGION_NAMIBIA,나미비아
152113e1191e0df9,TID_REGION_ICELAND,아이슬란드
856a159b369bb1bb,TID_REVENGE_TOWER_ABILITY_INFO,"건물이 <num>개, <num2>개 그리고 <num3>개 파괴될 때, 더욱 강해지고 분노합니다."
fa3564a6c8f85354,TID_REGION_BERMUDA,버뮤다
cc91508fee0f7d2b,TID_NOT_ENOUGH_PRESTIGE_RESOURCE,이 아이템을 구매할 재화 부족
593e17302f0daf0f,TID_SUPERCHARGE_DECOS_INFO,모든 장식이나 옮긴 장애물에 충전 시각 효과를 영구적으로 추가하세요. 이 아이템을 선택하면 적용할 수 있는 마을의 모든 장식이 강조 표시됩니다.
95dca4873c55dbcb,TID_REGION_SLOVENIA,슬로베니아
db02424f3dd30a84,TID_SUPERDECO_FIRE_HORSE_INFO,힘과 욕망으로 타오르는 고고한 말입니다. 이 위풍당당한 조각상은 실제로 열기를 발산합니다.
f9f2ccb4614fdb70,TID_TH18_UPGRADE_CUTSCENE_3,어머! 아주... 강력했네요. 하지만 저희 마을은 끄떡없어요.
b5f2e14958c13937,TID_REGION_GUERNSEY,건지
59a6a49cb062aa90,TID_REGION_CANARY_ISLANDS,카나리아 제도
4b49769d9b03774c,TID_REGION_NORTHERN_MARIANA_ISLANDS,북마리아나 제도
bf37d9f1c9b06311,TID_REGION_GUINEA_BISSAU,기니비사우
3b28424697781f2f,TID_SCENERY_WASTELANDS,폐허 배경
ef7e73cb3d3b21e6,TID_REGION_BOSNIA_AND_HERZEGOVINA,보스니아 헤르체고비나
eb171849f1ab353e,TID_REGION_NIGERIA,나이지리아
d52a853db2b9f8b5,TID_REGION_MALI,말리
00f9d82f0e654c07,TID_LEAGUE_START_TIME,시작까지:
f65d0b9c562de8b1,TID_REGION_OMAN,오만
5a71dd87c0dccb32,TID_REGION_HONG_KONG,홍콩
13ac6ec55bfbcd11,TID_EVENT_DECO_LNY26_SCROLL,근사한 두루마리
e497a114f06fd72b,TID_SHOP_MAGIC_SHIELD_1D,1일 마법 보호막
6a80b5934f92a182,TID_REGION_SOUTH_SUDAN,남수단
6ba4db19aa8b3ce0,TID_BUILDING_DEBRIS_TOWER_INFO_SHORT,"다른 건물이 무너질수록, 더욱 강해지고 분노합니다."
e9ace48639b10c6c,TID_REGION_MOLDOVA,몰도바
5502331c38ef5cc0,TID_GUARDIAN_MENU_STATUS_DEFENDING,방어 중!
748f4fd797f06a1c,TID_REGION_ISRAEL,이스라엘
3d9580d9fec75cb2,TID_REGION_SAUDI_ARABIA,사우디아라비아
b1202b4ae60ee33f,TID_REGION_SOUTH_AMERICA,남아메리카
a9804e24790a87cb,TID_TIME_SOON,잠시 후!
d1e52f82183d65f2,TID_REGION_BELGIUM,벨기에
c4da8e4fe448ef9e,TID_REGION_COLOMBIA,콜롬비아
2f4e1e3ceae69c18,TID_REGION_PITCAIRN_ISLANDS,핏케언섬
d241b9948153eb9c,TID_RANKED_LEGEND_RULE_TEXT_4,매월 전설 트로피가 재설정됩니다.
fc4df88940a055d1,TID_REGION_LAOS,라오스
609a4606590812d5,TID_REGION_PAPUA_NEW_GUINEA,파푸아 뉴기니
e6eabbeffa358b7d,TID_SUPERDECO_WOLF_STATUE_INFO,뜨거운 무언가를 갈망하는 사냥개랍니다!
ffd35f15797f0a3d,TID_ARMY_DISCLAIMER_MISSING_EVENT_TROOPS,주의! 기간 한정 유닛 및 마법은 경쟁전 전투에서 사용할 수 없습니다.
c8293134d55be340,TID_GUARDIANS_MENU_SELECTION_NONE,가디언 없음!
b61620a74c3e0c72,TID_REGION_LATVIA,라트비아
3f0776185578cc8e,TID_STARTERARMY_TH9_GO_WITCH,마을회관 9 - 마녀 출동
4c557ed393083889,TID_TOTEM_SPELL_INFO,"대장님, 저기 좀 보세요! 토템 마법을 떨어뜨려 지상 및 공중의 방어시설을 교란하세요. 주변 적들이 토템에 집중 공격을 가하므로 다른 공격 유닛의 부담이 줄어듭니다. 고밀도 우주 암석으로 만들어진 이 토템은 착지 시에도 주변에 피해를 주고 적을 기절시킵니다."
c8a0155533799d47,TID_COSMICCURSE_CHAMPION,저주받은 챔피언
fed751f38dc1d26e,TID_SEASONAL_DEFENSE_HERO_BOOSTER_MODULE_HP,
3c95f2d1d20c048d,TID_OBSTACLE_FROZEN_STONE,얼음 스톤
b5c456f7ed7fb321,TID_STARTERARMY_TH11_GO_WITCH_3,마을회관 11 - 마녀 출동 3
5b80c2c32428aafd,TID_REGION_DOMINICA,도미니카
788cc91a9c48ca4e,TID_EDIT_MODE_BLOCKED_COPY_GUARDIAN,복사된 배치의 가디언은 사용할 수 없습니다. 다른 가디언을 선택해 주세요.
83d8f93f44e5db88,TID_CYBERPUNK_CHAMPION,경관 챔피언
3060a98a5b8c651c,TID_REGION_DENMARK,덴마크
302189f4d9446524,TID_REGION_NORWAY,노르웨이
64df038900ae95cf,TID_REGION_UNITED_STATES,미국
8588a77940b671d4,TID_CYBERPUNK_KING,레니게이드 킹
6d2ada7b26552f15,TID_REGION_POLAND,폴란드
22067a5370d5534d,TID_REGION_TRINIDAD_AND_TOBAGO,트리니다드 토바고
f6099710faca23d9,TID_REGION_DJIBOUTI,지부티
40eb141a686c8bd8,TID_REGION_ANTARCTICA,남극
2e1091beafb05655,TID_REGION_SRI_LANKA,스리랑카
0c2316c589827852,TID_SUPERDECO_MYSTICAL_LAMP,요술 램프
c7dd3c57c1ea9b11,TID_REGION_PAKISTAN,파키스탄
039d265e51d43039,TID_REGION_CZECH_REPUBLIC,체코 공화국
69247a3a0c8b5755,TID_REGION_GAMBIA,감비아
b731aae8bcf5aaf2,TID_REGION_GUADELOUPE,과달루프
594b86b0746b7383,TID_REGION_MONGOLIA,몽골
15ca5c414ef27f74,TID_REGION_BELARUS,벨라루스
adabcc76e884f7a0,TID_REGION_BAHRAIN,바레인
4007cf7cd269d766,TID_REGION_TUVALU,투발루
cc5e1e45f9d4f9b8,TID_REGION_GHANA,가나
f0990f62a26495e0,TID_REGION_ROMANIA,루마니아
9d71980fbe2c2a75,TID_REGION_BRITISH_VIRGIN_ISLANDS,영국령 버진 아일랜드
4573a0b685399151,TID_MELEE_AREA_GUARDIAN_ABILITY_INFO,"마을회관이 파괴되면 격분하고, 마을회관보다 자신이 먼저 처치되면 분노의 흔적을 남깁니다."
d1aa2441543c2e62,TID_REGION_COCOS_KEELING_ISLANDS,코코스 제도
dce678f710b20f82,TID_SCENERY_WAR_RUINED,멸망한 왕국 전쟁 배경
877f965a73748b93,TID_BATTLE_MODE_INFO_OVERVIEW_3,"일반 전투에서는 트로피를 잃지 않으니, 최대한 즐겨 보세요!"
2c4456da55ef2ed9,TID_REGION_NETHERLANDS,네덜란드
35b44eba19629749,TID_REGION_MALDIVES,몰디브
24f1978c4bf52cb6,TID_GUARDIANS_INFO_SCREEN_ITEM_3,가디언은 <cffcc33>업그레이드 중에는 방어할 수 없습니다</c>. 방어할 수 있는 가디언을 선택하세요!
e25999cc0c35cacb,TID_REGION_FALKLAND_ISLANDS,포클랜드 제도
1ec25e244cbc5857,TID_REGION_RWANDA,르완다
d3585333ce9159b8,TID_REGION_KENYA,케냐
a781457bf9536894,TID_REGION_BRITISH_INDIAN_OCEAN_TERRITORY,영국령 인도양 식민지
8c6846e42ca8cc92,TID_ARMY_DISCLAIMER_MISSING_EVENT_TROOPS_WAR,주의! 기간 한정 유닛은 전쟁 전투에서 사용할 수 없습니다.
f719aba8664f1951,TID_REGION_IRAQ,이라크
fcc9d389057faa26,TID_REGION_KOSOVO,코소보
be116360778321da,TID_WASTELANDS_MINION_PRINCE,철갑 프린스
474d35f8c605e2d4,TID_OBSTACLE_EPIC_ORE_STONE,반짝이는 광석 운석
dc465adeb4c52bc2,TID_REGION_AUSTRIA,오스트리아
41ed4f08094d3cf7,TID_FROSTAGE_KING,각성 킹
75bd57ada52481d0,TID_SHOP_STASHED,보관 완료:
d35e77ffea6e64f0,TID_SP_SELL_FOR_GEMS,<cb3f357>보석 <amount>개</c>에 판매
5254ae77eb833f70,TID_SEASONPASS_TOOLTIP_GOTO_SHOP,상점으로 이동!
4ec072d678a51a8d,TID_EARTHQUAKE_TOWER_SHORT,지진 마법
eba0835f16f6dedf,TID_ACT_AS_PENETRATING_DAMAGE,피해량: <number>
480f95101d214f7b,TID_SEASONAL_DEFENCE_SEASON_3_DESCRIPTION,"대장님, 따끈한 부품이 막 도착했어요! 부품이 있을 때 크래프트 방어시설을 건설하고 업그레이드하세요!"
71a82d200d6b1d46,TID_SP_POPUP_AD_TITLE_PERKS,놀라운 특전을 잠금 해제하세요!
5740e9954c5763bd,TID_PROSPECTOR_LEVEL_DESC,시즌 동안 도우미 오두막에서 매일 광석을 변환할 수 있습니다. 골드 패스로 이 혜택을 누리세요!
cd31d89387bf7862,TID_SP_CLAIM_AND_USE,지금 받고 사용하기
4faba21e91f42290,TID_SEASONPASS_PURCHASE_SCREEN_DISCOUNT,특별 할인!
6922fded5f20d3fd,TID_ALLIANCE_PROFILE_GUARDIAN_LOCKED,마을회관 <level>레벨에서 잠금 해제됩니다!
0253f8d9c7be7e10,TID_SP_CHOICE_HEADER,보상을 선택하세요!
2e6b8ecec2224074,TID_BUILDING_SD_AIR_BOMBS_INFO,"연달아 발사되는 대공 폭탄은 가장 강력한 공중의 적조차 하늘에서 격추시킵니다. 이 장인기지의 고전 무기가 있는 한, 대장님의 마을 상공에는 늘 위험이 도사리고 있을 것입니다!"
30ac9705c6feaf8d,TID_HEROJELLY_BANNER_NOT_ALL_HEROS_DESCRIPTION,<hero_name> 영웅은 업그레이드 중에도 전투에 참여할 수 있습니다!
9a27dbe325da05f7,TID_TRAP_EJECTOR_BB_INFO_SHORT,마스터 장인이 가장 귀찮아 하는 일은 트랩의 스프링을 되감는 뒷정리입니다.
607b4b7ecc5b9de9,TID_SP_TASK_INFO_02,
edc344756dbfb387,TID_BUILDING_ROASTER_INFO,뜨거운 플라즈마를 뿜어내 지상과 공중의 적을 공격합니다. 안전거리만 잘 유지한다면 피부에 건강한 윤기를 더해줄지도 몰라요.
fbb1cdfdec28acf6,TID_PROSPECTOR_APPRENTICE_INFO,탐광 전문가
ee1aab06aa699b5c,TID_SP_REWARD_TITLE_AUTO_FORGE_PERK,"단조 작업소에서 더 많이, 더 저렴하게 생산하세요!"
5509291be5ecc5a4,TID_PROSPECTOR_WAIT_WORKING,현재 탐광 전문가가 작업 중입니다. 나중에 다시 시도하세요!
c471c4a557ef0b0c,TID_DECO_MECHA_BULL,메카 황소
1659fe4ebd32c51d,TID_KNOCKBACK,밀어내기 범위(칸): <number>
ae86f1774d172f2a,TID_ALLIANCE_PROFILE_BUILDER_BASE_HERO_LOCKED,<building> 건물을 건설해 잠금 해제하세요!
742a9d6849d0e920,TID_BP_PERK_RESEARCH_BOOST_DESC,"유닛, 마법, 펫, 시즈 머신을 업그레이드하는 데 필요한 시간 및 자원이 <num>% 감소합니다. 골드 패스로 이 혜택을 누리세요!"
3567ad98bc61c4fc,TID_SP_TASK_INFO_01,과제를 여러 번 완료해 시즌 트랙을 진행해 보세요!
eb06129c8e892066,TID_CLAN_PROGRESS_EVENT_SPECIAL_PROGRESS_MULTIPLIER_UNIT_AND_STAR_DESC,"<cffff99><unit></c> 유닛을 사용해 공격하거나 <cffff99>별 <count>개</c>를 얻어, 획득한 이벤트 화폐를 <number>만큼 부스트하세요."
1545a2a500b83afd,TID_CLANGAMES_TASK_USE_HERO_BATTLE_MACHINE,사악한 머신
cab34f3226550a60,TID_NUM_ATTACKS_UNTILL_DEACTIVATE,공격 수:
0a53c299514f63a4,TID_HARD_MODE_MINUS_ONE_DESC_LIST,• <cff4b84ff>방어시설</c>이 15% 더 큰 피해를 줍니다.\n• <cffff4ba8>방어 측 영웅</c>의 피해량과 HP가 15% 증가합니다.\n• <cffff4ba8>공격 측 영웅</c>의 피해량과 HP가 5% 감소합니다.
f8b3149351efe493,TID_SP_REWARD_TITLE_RESEARCH_PERK,더 빠르고 저렴하게 연구하세요!
eb37f7d8b3371914,TID_SP_TASK_UPGRADE_HERO,영웅 또는 펫 업그레이드 시작
2b8d71c1a50f7964,TID_HERO_TAVERN_HERO_LOCKED_BY_CALENDAR_LOCKED,아직 갇혀 있습니다! 영웅 회관 <level>레벨에 곧 추가됩니다!
b0111cafbf0d4de8,TID_GP_POP_RUNES,룬
13293a74bce33f26,TID_EQ_EQUIPMENT_REWARD_ALREADY_OWNED,이미 보유한 장비입니다.
99bebbc460968054,TID_EP_EQUIPMENT_REWARD_NO_HERO_TEXT,<hero>에게 속한 장비입니다. 영웅 회관을 <level>레벨로 업그레이드해 잠금 해제하고 사용해 보세요!
5c9e3b0ad7204b3e,TID_BUILDING_SD_LAVA_LAUNCHER_INFO,"장인기지에서 따끈따끈한 신상품이 도착했습니다! 용암 발사기는 멀리 있는 단일 목표물을 향해 강력한 화염을 뿜어내며, '도전! 용암 위를 건너라'처럼 지상 유닛을 위험에 빠뜨립니다."
99ba23f577324c48,TID_SEASON_PASS_PERK_RT_DESC,클랜 성 병력 요청 대기 시간이 최대 <num>%까지 감소합니다.
7b4c79e48e83bb8a,TID_SEASONAL_DEFENSE_LAVA_LAUNCHER_MODULE_ATTACK,
6271e8729106f183,TID_HARD_MODE_MINUS_THREE_DESC_LIST,• <cff4b84ff>방어시설</c>이 5% 더 큰 피해를 줍니다.\n• <cffff4ba8>방어 측 영웅</c>의 피해량과 HP가 5% 증가합니다.\n
7e06f76e333170c6,TID_SEASONPASS_PURCHASE_SCREEN_TITLE,더 크고 더 많은 보상!
a32b17e1c07d72c7,TID_SEASON_PASS_REWARD_LOCKED,해당 보상을 잠금 해제하려면 골드 패스가 필요합니다.
2a26348feb181c10,TID_BUILDING_ROASTER,로스터
e6d8f996331be03a,TID_SP_TASK_INFO_TIMER,다음 과제 카드 잠금 해제까지: <time>
d567cd175a4c6a6a,TID_DRAGON_DUKE,드래곤 듀크
c3a78edc89e063b6,TID_PET_ABILITY_RAVEN,자원 털이
75c4c0bf4025da1b,TID_LOCAL_NOTIFICATION_PET_SHOP_UPGRADE_DONE,<item>: <level>레벨로 업그레이드 완료!
24965da37cea5acf,TID_SEASONAL_DEFENSE_ROASTER_MODULE_HP,
67aed467e256c7d2,TID_BUILDING_SD_AIR_BOMBS,대공 폭탄
afd067cbe229355b,TID_DECO_DARKNESS_THRONE_INFO,어둠의 왕좌에 푹신한 방석을 깔고 앉아 마을을 지휘하세요!
10656b7a318ef586,TID_SEASONAL_DEFENCE_SEASON_3_TITLE,크래프트 단계
ec4a7d488ea48c0e,TID_SEASON_PASS_CHEST_INFO,상자를 열어 멋진 보상을 획득할 기회를 잡으세요!
62f3fa7dbc50c98c,TID_PROSPECTOR_WAIT_LOCKED,먼저 탐광 전문가를 잠금 해제해야 합니다!
d9fc8042ff39f2b0,TID_GEAR_INFO_FIRE_BLAST,
8b6dd115ef4d3704,TID_SP_ALL_TASKS_COMPLETED_MORE,과제 카드 추가까지:
bc481c5abbd61dcf,TID_SP_TASK_DONATE_REINFORCEMENTS,지원군 지원
8de49d9df4d07150,TID_EP_MULTIPLE_REWARD_FORMAT_SIMPLE,<reward> <num>개
e10930152084a367,TID_BP_PERK_ACTIVATED,<num>% <perk> 획득 완료!
0c56431e5e387b7f,TID_HEROJELLY_EVENT_MULTIPLE_HERO_TITLE,일부 영웅 무제한 사용 가능!
c1571664e0c09364,TID_CLANGAMES_TASK_USE_HERO_ROYAL_CHAMPION,군림 챔피언
304683f19c9badc4,TID_SEASON_PASS_PERK_RESEARCH_DESC,"유닛, 마법, 펫, 시즈 머신을 업그레이드하는 데 필요한 시간 및 자원이 최대 <num>% 감소합니다."
5750e76fe97a937f,TID_UPGRADING_TOWN_HALL_FIRST,방어를 위해 마을회관을 신중히 배치하세요!
36a1e280a3109398,TID_PROSPECTOR_GP_AD_EXPIRES,만료까지:
94b858506b666c01,TID_SP_ALL_TASKS_COMPLETED_TITLE,과제를 모두 끝냈습니다!
f0956d7b6b0d246e,TID_FEATURE_LABORATORY_DESC,연구소 내부의 마법사 연구를 통해 군대를 더욱 강력하게 만들 수 있습니다!
547de2f67eb8c9ba,TID_SHIELD_LOW,낮음
911e94be1b0e928f,TID_GEAR_TITLE_FIRE_HEART,불꽃 심장
ac701a3adebf549b,TID_SIEGES_FEATURE_DESCRIPTION,클랜 성 병력을 운반하는 특수 무기입니다. 작업장에서 제작되었습니다.
968762c69434c1c5,TID_GEAR_INFO_FIRE_HEART,"드래곤 듀크가 천천히 HP를 회복하고, 처치되면 강력한 불꽃을 뿜어냅니다."
764b12bd83cbc80a,TID_SEASONPASS_BANNER_TEXT_VALUE_TITLE,영웅 스킨을 잠금 해제하세요!
a744a2ab84284878,TID_SHOW_EFFECT,효과 보기
2fcf5cd5656fd402,TID_GROWTH_AURA_PERCENT,HP 증가량(%): <number>
320577ba37e347c3,TID_SEASONAL_DEFENSE_LAVA_LAUNCHER_MODULE_HP,
43b15b7c1133bcb2,TID_PIGGY_BANK_GP_TITLE,호그 저금통 배수
aa7ae0d9f36ae641,TID_ALCHEMIST_APPRENTICE_INFO,연금술사는 하루에 한 번 자원을 다른 유형으로 변환해 줍니다. 작업 효율을 높이려면 연금술사의 레벨을 높이세요!
929b0f819b01a69a,TID_CLANGAMES_TASK_USE_HERO_ARCHER_QUEEN,퀸 슈프림
1b377086b9326dee,TID_DEATH_FREEZE_TIME,패배 시 빙결(초): <number>
307f51d47e8bb670,TID_BUILDING_DAMAGE_PERCENT,건물 피해량(%): <number>
3d34a1898485076d,TID_OBSTACLE_FACEMELTER,페이스 멜터
1c6978bfbf056c4d,TID_GP_POP_BOOKS,책
a10e739423c577aa,TID_LNY26_MINION_PRINCE,마계 황소 프린스
ae518fe1a27e19cf,TID_SP_PURCHASE_WARNING_TITLE,시즌 종료 임박!
4c75c0f9410f676a,TID_PROSPECTOR_LEVEL,탐광 전문가 레벨
9487b77209194ed0,TID_SP_CATCH_UP_POINTS,<mult>
ad0624934872c01a,TID_PET_DIGGY_INFO_SHORT,땅속에서 튀어 올라와 적의 방어 시설을 마비시키고 공격을 가합니다.
e99f8860e91118b0,TID_PIGGY_BANK_DESC,전투에서 얻은 보너스 전리품을 저장하고 시즌이 종료되면 열어보세요!
999b1bc44c34a96d,TID_SEASONPASS_TOOLTIP_DISCLAIMER,도우미 오두막을 배치해 이 특전을 받으세요.
72a83955dcc9c967,TID_CHARACTER_INFO_BALLOON_SHORT,공중에서 방어 시설을 파괴하는 여리여리한 친구입니다.
8ab0306afd6436c3,TID_SP_CONGRATULATIONS,축하합니다!
84d0e95c3f18bfa0,TID_SP_CHOICE_OR,<val1> 또는 <val2> 중에 선택하세요.
e91582bd0c1dad96,TID_TITLE_SEASON_BANK,호그 저금통
49c22f076c70bace,TID_ONE_GEM_SELF_DONATE_NEED_PREMIUM_PASS,보석으로 지원군을 구매하려면 골드 패스가 필요합니다.
89baa4df727a26e3,TID_LNY26_WARDEN,강물 요괴 워든
d956b5e589cdd783,TID_LNY26_CHAMPION,붉은 악동 챔피언
1877ba0350aec949,TID_BP_PERK_GEM_DONATION_COST_DESC,빠른 지원 비용이 보석 1개가 됩니다. 골드 패스로 이 혜택을 누리세요!
153df5c3d876e59d,TID_HEROJELLY_EVENT_SINGLE_HERO_TITLE,무제한 <hero_name>!
35ae27cbbe0e0939,TID_SUPERDECO_BARBBLE_HEAD_INFO,흔들거리는 큰 머리의 3x3 장식입니다. 그 외의 특별한 점은 없어요.
f6e44ace71789f2b,TID_GEAR_INFO_SEEKING_SHIELD,방패를 던져 여러 방어 시설 사이로 튕기고 피해를 줍니다.
2dee56d3276aeefc,TID_SP_POPUP_AD_DESC_PERKS_GP,보상 트랙에서 특전을 잠금 해제하세요.
1a9b7f69a2ee7560,TID_CLANGAMES_TASK_USE_HERO_BATTLE_COPTER,프로펠러 패닉
844a3e2172df3fde,TID_GP_POP_BANK,더 큰 금고
668fdb5aba9c9adc,TID_SEASON_PASS_BANK_PAYOUT_TOOLTIP_TEXT,시즌 종료 시 금고 내용물의 <num>배를 획득합니다.
a866762c2086a656,TID_SEASON_PASS_REWARD_LIST_BUTTON_TEXT,보상\n목록
e2a00917ea21b9d9,TID_GEAR_INFO_STUN_BLAST,근처의 적 유닛과 건물을 마비시키고 피해를 주는 충격파를 쏩니다.
f025834b23da1e99,TID_SEASONPASS_BUTTON_REWARDS,보상
b3aff4b1ad45f04f,TID_TITLE_PIGGY_BANK_BONUS,+ 호그 저금통 보너스
d7cebcc69e757d84,TID_CHARACTER_INFO_FURNACE_SHORT,건물을 폭파시키고 불태우는 호기심 많은 베이비 파이어들을 분출합니다!
a51aaa261a71c650,TID_BP_MULTIPLE_REWARD_FORMAT,<num>x <reward>
5d1bcd348e9de8db,TID_DECO_BUILDER_HEAD,장인 흉상
df9f208f364d4674,TID_CHARACTER_INFO_ICEGOLEM_SHORT,이 걸어다니는 고드름은 처치되면 주변을 얼려버립니다.
73369bbd86d175a3,TID_DRAGON_DUKE_PASSIVE_ABILITY_NAME,로얄 램피지
c95afa21c9d157be,TID_SCENERY_LNY26,붉은 말의 해
c758b36a4a9ddcb5,TID_HARD_MODE_DESC_LIST,• <cff4b84ff>방어시설</c>이 20% 더 큰 피해를 줍니다.\n• <cffff4ba8>방어 측 영웅</c>의 피해량과 HP가 20% 증가합니다.\n• <cffff4ba8>공격 측 영웅</c>의 피해량과 HP가 20% 감소합니다.\n• <cff4ebd59>일반 장비</c>는 3레벨 감소합니다.\n• <cff4ebd59>초희귀 장비</c>는 6레벨 감소합니다.
316507cac7bf1ce9,TID_ONE_GEM_SELF_DONATE_UNLOCK_PERK,골드 패스 트랙에서 보석 지원군 혜택을 잠금 해제하고 보석으로 지원군을 구매하세요.
a16057a9d2169e53,TID_VILLAGER_PROSPECTOR_INFO_ITEM3,골드 패스 트랙에서 탐광 전문가를 잠금 해제해 시즌 동안 사용하세요.
f0f8975c47ad9a60,TID_INFO_LEADERBOARD_AVERAGE_DEFENSE_DESTRUCTION,<number>%
fb5278a54e3032f6,TID_PIGGY_BANK_GP_DESC,이 특전을 잠금 해제하고 시즌 종료 시 <num>배 더 많은 양을 획득하세요!
c95b85dd9dc26891,TID_GEAR_TITLE_BABY_DRAGON_PUPPET,
3dab81049081258d,TID_CLAN_PROGRESS_EVENT_SPECIAL_PROGRESS_MULTIPLIER_STAR_DESC,"공격에서 <cffff99>별 <count>개</c>를 얻어, 획득한 이벤트 화폐를 <number>만큼 부스트하세요."
be2e3ae0b4c5a918,TID_SEASONPASS_REWARD_LIST_SILVER_TRACK,실버 패스
c35c40f52f58cf3c,TID_HERO_INFO_DRAGON_DUKE,"분노 조절 장애로 인해 갇혀 있는 이 튼튼한 비행 영웅은 아군 비행 유닛과 떨어질수록 더욱 격렬하고 강력해집니다. 그의 로얄 램피지는 피해량을 100%, 공격 속도를 50% 증가시키고, 함정에서 받는 피해를 절반으로 줄여줍니다. 방어 시에는 공중 유닛을 공격할 수 있는 적에게만 공격받습니다."
2d1368b5193363b3,TID_SP_TASK_DESTROY_TOWNHALLS,마을회관 파괴
4fd263d7fcf529fd,TID_HERO_TAVERN_HERO_LOCKED_UNKNOWN,잠김
ecb46e06dd608270,TID_SPELL_RADIUS,타일 반경(칸): <number>
cac37dca0a37da19,TID_BATTLE_BUILDER_FEATURE_DESC,자신이 지은 건물이 파괴되는 걸 지켜보기만 할 수는 없던 장인들이 그들의 오두막을 무장시키고 전투 중에 수리를 수행합니다!
d93a578064b9c4de,TID_GEAR_INFO_DEADLY_DASH,화염을 내뿜고 공격을 피해다니며 마을의 중심부를 가로지릅니다.
c12291b30b5e3b65,TID_SC_PAY_SETTINGS,슈퍼셀 스토어 구매
34af7316bd8db348,TID_WL_NORMAL_WAR_AVAILABLE_TEXT,"클랜원이 최소 <num>명 필요합니다. 리그 등록이 끝난 후, 리그에 참가하지 않는 클랜은 일반 클랜전을 즐길 수 있습니다."
1588a05122d2b3fd,TID_PET_ABILITY_INFO_RAVEN,자원 건물을 목표물로 삼아 추가 피해를 줍니다.
baf5856c7dab98df,TID_VILLAGER_PROSPECTOR_INFO_ITEM2,탐광 전문가는 완전히 쉬었을 때 하루에 한 번만 변환할 수 있습니다.
51d7838b3bd54549,TID_CLAN_PROGRESS_EVENT_SPECIAL_PROGRESS_MULTIPLIER_UNIT_DESC,"<cffff99><unit></c> 유닛을 사용해 공격하여, 획득한 이벤트 화폐를 <number>만큼 부스트하세요."
2dee7d14efdadde7,TID_SP_POPUP_AD_DESC_PERKS_UNLOCKED,모든 특전이 잠금 해제되었습니다.
4fc91a2a5ecb3c24,TID_CLANGAMES_TASK_USE_HERO_DRAGON_DUKE,듀크 봉인 해제
d1996f181ebd1068,TID_PIGGY_BANK_TITLE,호그 저금통
fc83e59e85ff4ac2,TID_HARD_MODE_MINUS_TWO_DESC_LIST,• <cff4b84ff>방어시설</c>이 10% 더 큰 피해를 줍니다.\n• <cffff4ba8>방어 측 영웅</c>의 피해량과 HP가 10% 증가합니다.\n
dd0aa169dc2019c7,TID_SP_TASK_WIN_BATTLE,전투에서 승리
e7f311764e1b35b2,TID_SEASONAL_DEFENSE_AIR_BOMBS_MODULE_EFFECT,
9f558c95afa9763c,TID_SP_TASK_UPGRADE_BUILDING,임의의 건물 업그레이드 시작
6d5fc801770b3505,TID_GEAR_TITLE_FLAME_BREATH,화염 풀무
ac55c29b2295c9eb,TID_SP_TASK_CARD_BONUS,보너스
65ddea040e43271c,TID_GEAR_TITLE_RING_OF_FIRE,
629c71bd01fb41a8,TID_BP_SKIN_UNLOCKED,<skin> 획득 완료!
b21ac6e89739281b,TID_SP_TASK_INFO_HEADER,과제를 완료해 포인트를 얻으세요!
c78d63366211e46a,TID_HINT_SPELL_EARTHQUAKE1,HP가 높은 지상 목표물들이 한곳에 몰려 있을 때 지진 마법은 큰 효과를 발휘합니다.
738641564d6eb09f,TID_SEASON_PASS_REWARD_LIST_HEADER,패스 보상
6931089c90e57183,TID_BP_PERK_CLAN_CASTLE_REQUEST_COOLDOWN_DESC,클랜 성 병력 요청 대기 시간이 <num>% 감소합니다. 골드 패스로 이 혜택을 누리세요!
cbcdd770effea3d6,TID_SEASONPASS_PURCHASE_SCREEN_SKIN_AD,한정판 영웅 스킨!
7a2ae3bb707f24a9,TID_SEASONPASS_REWARD_LIST_GOLD_TRACK,골드 패스
adbfa7c97cabe994,TID_WALL_WIZARD_TITLE,<building>x <number>
447a49d94db01721,TID_PROSPECTOR_APPRENTICE,탐광 전문가
c41f75b3d12a26cc,TID_SEASON_PASS_REWARDS_RUNES,보상 및 룬
b0c51ee381cf45e5,TID_SP_REWARD_TITLE_GEM_DONATION_PERK,더 적은 보석으로 클랜 성을 채우세요!
066966aab4f02e02,TID_DESERTNIGHTS_WARDEN,소서러 워든
b123fa9afe2206d9,TID_CHARACTER_APPRENTICE_WARDEN_INFO_SHORT,이 마법 학생들은 그랜드 워든이 바쁠 때 군대를 지원합니다.
1d6d7189e90cd35d,TID_SEASON_PASS_PERK_UNLOCKS_AT,잠금 해제 조건:
0aa30fe35ead9196,TID_SP_STORAGE_FULL,저장 공간 부족!
10e8caa6af2fbe61,TID_SPELL_DUPLICATE_HOUSING,복제 가능한 최대 인구수: <number>
8feb4e5a38cfc1df,TID_SEASON_PASS_PERK_POPUP_INFO,골드 패스로 보상 트랙의 이 특전들을 잠금 해제하세요.\n모든 특전은 시즌 종료까지 활성화됩니다.
6a26fa19489f596f,TID_LNY26_QUEEN,백골 퀸
f67684cc03231d0e,TID_PROSPECTOR_GP_AD_TITLE,골드 패스로 탐광 전문가를 잠금 해제하세요!
00eef68ccd54cabb,TID_CAPITAL_GOLD_TOOLTIP_DESCRIPTION,클랜 캐피탈에 캐피탈 골드를 기여해 건물을 건설 및 업그레이드하고 구역을 잠금 해제하세요.
f4b6ad622d79d7fb,TID_SP_PURCHASE_WARNING_TEXT,"현재 시즌은 <cff0000><time></c> 후에 종료됩니다. 종료 이후에는 특전이 만료되며, 미수령 보상은 자동으로 수령되거나 보석으로 전환됩니다.\n\n정말로 구매할까요?"
a3ac714d1a71c650,TID_EP_MULTIPLE_REWARD_FORMAT,<num>x <reward>
5e8876f59d343809,TID_HERO_INFO_DRAGON_DUKE_SHORT,혼자 있을 때 더 강력해지는 불같은 성격의 영웅입니다!
e7e1817096635372,TID_SEASONAL_DEFENSE_AIR_BOMBS_MODULE_ATTACK,
02d0c20a34f10812,TID_SP_TASK_INFO_SUBTITLE,과제 카드
10670fd495bb9bbd,TID_GEAR_INFO_VAMPSTACHE,바바리안 킹이 공격할 때마다 자신의 HP를 회복합니다.
3901c1cad0c26df4,TID_PROSPECTOR_INFO,탐광 전문가는 매일 광석 유형을 변환해 줍니다. 골드 패스 트랙에서 잠금 해제해 시즌 동안 사용하세요!
7b5ee9e256fbdd4a,TID_SEASONAL_DEFENSE_LAVA_LAUNCHER_MODULE_EFFECT,
59c259ab09339beb,TID_PROSPECTOR_CANT_CONVERT_SAME_RESOURCE,같은 종류의 광석으로는 변환할 수 없습니다.
4dc5016fd658f08e,TID_SP_GET_GEM_ALTERNATIVE_TEXT,마법 아이템 저장 공간이 부족해 이벤트 보상을 모두 획득할 수 없습니다.\n남은 보상을 \n보석 <cb3f357><amount></c>개로 대체할까요?
a84f7c648654c32d,TID_GROWTH_AURA_MAX,최대 HP 증가량: <number>
816a8dbe5dbe403b,TID_BUILDING_SD_LAVA_LAUNCHER_INFO_SHORT,용암의 힘을 해방하세요!
416b5ca9207300a8,TID_INFO_LEADERBOARD_AVERAGE_ATTACK_STARS,<number>%
db67ec1e1b210046,TID_HERO_TAVERN_HERO_LOCKED_BY_CALENDAR,곧 해방 예정!
83b7065179986024,TID_SP_CHOOSE,선택!
ec5df0190ce1b90a,TID_BP_PERK_AUTO_FORGE_DESC,단조 작업소에 추가 슬롯이 잠금 해제됩니다. 이 슬롯에선 장인 사용 없이 절반의 자원으로 생산이 가능합니다. 골드 패스로 이 혜택을 누리세요!
a65c68ebc9e4fcdb,TID_SEASON_PASS_BANK_PAYOUT_MUL_GP1,<num>배 더 많은 보너스 전리품을 획득하세요!
b2959beb24d9aa82,TID_SP_TASKS_INFO_TITLE,시즌 과제 카드
d32e6ae5a8345f5e,TID_CHARACTER_INFO_WALLBREAKER_SHORT,장벽을 파괴하여 아군을 위한 길을 열어줍니다.
d6229f79cb3737da,TID_TROOP_DAMAGE_PERCENT,유닛 피해량(%): <number>
22608837a77563ec,TID_COOLDOWN_RANKED_MODE,유닛들이 아직 전투 중입니다! 전투가 끝날 때까지 잠시 기다려주세요.
b2d4e21d14a5eb3a,TID_BP_AUTO_REWARDS_TITLE,금고 보상 수집 완료
3307e9e4975b7272,TID_HINT_SPELL_EARTHQUAKE2,같은 목표물에 지진 마법을 반복해서 사용하면 피해가 줄어듭니다.
b3c8523cbe955a72,TID_SEASON_PASS_PERK_PROSPECTOR_DESC,매일 광석을 변환해 주는 탐광 전문가를 잠금 해제하세요.
da8b240a8b13b539,TID_INFO_LEADERBOARD_AVERAGE_ATTACK_DESTRUCTION,<number>%
0972c7718c7497ea,TID_ALLIANCE_PROFILE_PET_LOCKED,펫 하우스 <level>레벨에서 잠금 해제하세요!
5ae59f42c1eb1c56,TID_SEASONAL_DEFENSE_AIR_BOMBS_MODULE_HP,
00b5acd8b8dda18f,TID_SP_COMPLETED,시즌 패스 완료!
e16e19d8917ecbba,TID_SEASONPASS_PURCHASE_SCREEN_TEASER_TEXT,"스킨, 특전, 아이템 등을 잠금 해제하세요!"
2bf33901be0bdc91,TID_HARD_MODE_MINUS_ONE_DESC,방어시설이 15% 더 큰 피해를 줍니다. 방어 측 영웅의 피해량과 HP가 15% 증가합니다. 공격 측 영웅의 피해량과 HP가 5% 감소합니다.
539f407127b1973d,TID_ALL_REWARDS_CLAIMED,모든 보상을 받았습니다.
2a44d8ee1eb31958,TID_SEASON_PASS_BANK_PAYOUT_MUL_GP2,<num>배 지급액 배수가 적용됩니다!
c6e2b63ea1dfcc0f,TID_GEAR_INFO_BABY_DRAGON_PUPPET,
d7297826a0520289,TID_SEASON_PASS_COSMETICS,꾸미기 아이템
881d01f3d835ffb6,TID_BOOSTER_FINISH_HERO_UPGRADE_INFO,영웅 또는 펫 업그레이드가 즉시 완료됩니다. 마을과 장인기지에서 사용할 수 있습니다!
c5549f3cf079a887,TID_SEASONPASS_PURCHASE_SCREEN_SHOP_LINK,정보
9e87f1980a2f10e1,TID_NEW_TASK_CARDS_INTRO,대장님! 과제를 여러 번 완료해 시즌 트랙을 진행해 보세요.
254e67623b1bf7e7,TID_BOOSTER_FINISH_ANY_UPGRADE_INFO,진행 중인 업그레이드가 즉시 완료됩니다. 마을과 장인기지에서 사용할 수 있습니다!
a7a627b24c1beb8f,TID_SEASON_PASS_PERK_GEM_DESC,빠른 지원과 개인 클랜 성 지원군을 보석 1개로 이용 가능합니다.
bcc8ba68979acae8,TID_LNY26_KING,돌원숭 킹
cc20f84458dd777c,TID_PROSPECTOR_GP_AD_TEXT,골드 패스로 매일 광석을 변환하세요!
5994705b6d472da1,TID_VILLAGER_PROSPECTOR_AMOUNT_ZERO,변환할 광석을 선택해야 합니다!
50f8f4a9a98b8858,TID_PET_RAVEN_INFO_SHORT,공중에서 전리품을 약탈하는 성가신 펫입니다!
a2630a2b5de90d13,TID_SP_TASK_UPGRADE_TROOP,연구소 연구 시작
41b802a3a9143ce4,TID_BP_PERK_GEM_DONATION_LIST_FORMAT,보석 지원군
48558d7d08af3d15,TID_SUPERDECO_BARBBLE_HEAD,흔들 머리 바바리안
ec0ba41d2bc42384,TID_SEASON_PASS_ITEM_UNLOCKED,잠금 해제됨!
2b70acb170138cb6,TID_SCENERY_CLASSIC_METEOR,일반 운석 배경
c1c17cf9ded1436f,TID_EARTHQUAKE_INFO,"강력한 지진으로 장벽과 지상 목표물들을 약하게 만드세요!\n\n지진 마법은 목표물의 최대 HP에 비례해 피해를 줍니다. 같은 목표물에 지진을 반복해서 사용하면 피해량이 줄어들지만, 지진 마법 네 번이면 아무리 튼튼한 장벽도 허물어버릴 수 있습니다!"
7dd6729fa535aa52,TID_RANKED_LOG_PREVIOUS_LISTING,이전 경쟁전 순위
85d9ca5ad21f6edf,TID_CLAN_PROGRESS_EVENT_ENDED,클랜 러시 이벤트가 종료되었습니다. 아직 수령하지 않은 보상이 자동으로 획득됩니다.
3afe15d63ab5f736,TID_HEROES_FEATURE_DESCRIPTION,전투에서 군대를 이끌고 적의 공격으로부터 마을을 보호합니다.
c804b36cc4ce4569,TID_SP_TASK_REQUEST_REINFORCEMENTS,지원군 요청
fabf94e4bcfada76,TID_BOOSTER_FINISH_TROOP_UPGRADE_INFO,진행 중인 유닛 업그레이드가 즉시 완료됩니다. 마을과 장인기지에서 사용할 수 있습니다!
26bf1127e3bf88e2,TID_ADDITIONAL_DAMAGE_PER_TARGET_HP,추가 피해량(%): <number>
cf96ebd36ecb89cf,TID_SEASONPASS_BANNER_TEXT_PERKS_TITLE,엄청난 특전을 잠금 해제하세요!
1d143b5a25ac84a5,TID_GP_PURCHASE_COUNTDOWN,시즌 종료까지: <time>
864e77ca45175d50,TID_PROSPECTOR_ASSIGN_BUTTON,광석 변환
67423430bbcc2d56,TID_HERO_INSTRUCTIONS_MINION_HERO,"스스로 어둠의 왕자라 부르는 미니언 프린스, 그의 전투 실력만큼은 믿음직합니다! 하늘을 날며 어둠의 마법으로 적을 공격하고, 방어 시에는 공중 유닛을 공격할 수 있는 적에게만 공격받습니다."
e5bdffecffadfa74,TID_GP_POP_POTIONS,포션
44f6a7d91bebde7b,TID_BANK_FULL,금고 가득 참
f3ee619e0ac4f6ff,TID_SEASONPASS_TOOLTIP_HELPERHUT_HOME_INFO,마을에 도우미 오두막을 배치하세요.
1810581fd8109193,TID_SEASONAL_DEFENSE_ROASTER_MODULE_ATTACK,
1212bd8c213040a9,TID_SPEEDUP_INFO_SHORT,이 마법 한 방울이면 가장 느린 유닛도 날렵해집니다.
5f673ca5a74639b0,TID_EQUIPMENT_LOCKED_UNKNOWN_REASON,잠김
d25bb331c2c8f1ab,TID_DESERTNIGHTS_KING,사막 킹
332932b34722ef06,TID_DECO_BUILDER_HEAD_INFO,이 멋진 콧수염을 가진 마스터 장인의 머릿속에는 과연 어떤 생각이 들어 있을까요? 놀랍게도 완전히 텅 비어 있답니다.
187ca5ec62c42046,TID_GP_POP_NEW_SEASON_IS_HERE,<name> 시즌 시작!
2e5e7180e2dff206,TID_VILLAGER_PROSPECTOR_INFO_ITEM1,탐광 전문가는 매일 광석 유형을 변환해 줍니다.
818efd8d590c2c76,TID_BUILDING_ROASTER_INFO_SHORT,뜨거운 맛을 보여주며 적들을 괴롭히세요.
d8e84b12ccdbd4ad,TID_CLANGAMES_TASK_USE_HERO_BARBARIAN_KING,킹 커맨더
9ef6720f51271418,TID_DIAMOND_BUNDLE_MAGICITEMS_BUILDING_BOOK_AND_HERO_BOOK_INFO,• 보석 <gems>개\n• 영웅의 책 x<booster1>\n• 건물의 책 x<booster2>\n• 보관량 제한이 없습니다!\n\n장인들이 바쁜가요? 자원은 많은데 시간은 없다고요? '마술의 책 팩'으로 영웅 업그레이드 하나와 건물 업그레이드 하나를 즉시 완료하세요!\n\n놓치지 마세요!
caa395d6d9f1e2e9,TID_GEAR_INFO_FLAME_BREATH,적 유닛과 건물에 피해를 주는 뜨거운 화염을 뿜어냅니다.
c3dca8d6f71cd8aa,TID_PROSPECTOR_CONFIRM_ASSIGN_JOB,탐광 전문가를 <building> 업그레이드에 배정할까요?
ee410f0b3e0b7404,TID_SEASONPASS_BANNER_TEXT_SEASON_NAME,시즌 이름
3a3ef388781f68c5,TID_SEASONPASS_BANNER_TEXT_VALUE_DESC,한정 특전 및 기타 보상.
4499fd5d3831fd53,TID_DIE_DAMAGE,패배 시 피해량: <number>
b5730028f9ac6936,TID_SEASONPASS_TOOLTIP_POINTS_REQUIRED,이 보상을 잠금 해제하려면 <num> 포인트가 필요합니다.
c16fef7155aead4f,TID_GEAR_TITLE_STUN_BLAST,스턴 블래스터
c759a776ad5a4c17,TID_SP_POPUP_AD_DESC_PERKS_SP,골드 패스로 마을을 업그레이드하세요.
e14fcbb1b45a420b,TID_DAMAGE_RADIUS,피해 범위(칸): <number>
527d69c29809adec,TID_SUPER_TROOP_LEVEL_TOO_LOW_NO_COLOR,<num>레벨 <troop> 필요!
27f320d53122bb2c,TID_PET_RAVEN,그리디 레이븐
78a619cbab083f26,TID_DECO_BONE_IDOL,해골 우상
ec85f398c10f4727,TID_DECO_HOGSKULL_INFO,호그의 머리는 골렘보다 더 무겁습니다. 말도 안 되는 소리 같지만 정말이랍니다.
478346de5779fc8c,TID_BANK_HOME_VILLAGE,마을 금고
913155b059c5e2aa,TID_EP_EQUIPMENT_REWARD_NO_HERO_TITLE,영웅이 필요합니다!
1a1ea44e0d1bfd95,TID_SCENERY_DESERT_NIGHTS,사막의 밤 배경
fe48fcf972159a09,TID_REQUIRE_HERO_UNLOCKED,잠금 해제하려면 <hero> 필요
9ccc7b0968797579,TID_SP_GET_GEM_ALTERNATIVE_TITLE,저장 공간 부족
8ee8a2986bc51f39,TID_SP_REWARD_TITLE_REQUEST_PERK,더 빠른 요청!
5143e1a17d65d1d3,TID_GEAR_INFO_RING_OF_FIRE,
6589740efe20a279,TID_SEASON_PASS_PERK_BUILDER_DESC,건물 및 업그레이드에 소요되는 시간과 자원이 최대 <num>% 감소합니다.
6c0ab95dc87de830,TID_DECO_DARKNESS_THRONE,어둠의 왕좌
693779dad83305dc,TID_DIAMOND_BUNDLE_MAGICITEMS_BUILDING_BOOK_AND_HERO_BOOK_INFO_OLD,• 보석 <gems>개\n• 영웅의 책 x<booster1>\n• 건물의 책 x<booster2>\n• 보관량 제한이 없습니다!\n\n장인들이 바쁜가요? 자원은 많은데 시간은 없다고요? '마술의 책 팩'으로 영웅 업그레이드 하나와 건물 업그레이드 하나를 즉시 완료하세요!\n\n보관량 제한이 없습니다!\n\n놓치지 마세요!
c2bf7d8132b284c8,TID_BP_AUTO_CONVERSION_TEXT,인벤토리 저장 용량을 초과하는 보상은 모두 보석으로 변환됩니다.
92d6557cbc60cdfd,TID_SLOW_ATTACK,공격 속도 감소(%): <number>
abb6396ac9076c3b,TID_SCENERY_FROSTAGE,프로스트 에이지 배경
4762cad657225d7d,TID_SEASON_PASS_PERK_ACTIVE,적용 중
9473c562a863e3c1,TID_SEASON_PASS_BANK_PAYOUT_MUL_SP,골드 패스에서 잠금 해제하고 <num>배 더 많은 양을 획득하세요!
106663ed72672b96,TID_SEASON_PASS_PERK_FORGE_DESC,단조 작업소에 장인 사용 없이 생산 가능한 추가 슬롯이 잠금 해제됩니다.
d4e551db19085881,TID_CLANGAMES_TASK_USE_HERO_MINION_PRINCE,프린스 패트롤
5b68a76b35884082,TID_POPUP_ADD_CHARGE_EFFECT,<resource> <cost>개로 <item>에 영구적인 충전 효과를 즉시 부여합니다. 효과는 언제든지 켜거나 끌 수 있습니다.
bce0173bf2857b97,TID_ALLIANCE_PROFILE_CAPITAL_ITEM_LOCKED,<building> 건물을 건설해 잠금 해제하세요!
306c74dce56de8b5,TID_SP_PERK_GEM_DONATION_COST_ALLOW_SELF_DONATE,빠른 지원과 개인 클랜 성 지원군을 보석 1개로 이용 가능합니다. 골드 패스로 이 혜택을 누리세요!
607afb7ecc5b9de9,TID_SP_TASK_INFO_03,
0fe41f5e2d060af1,TID_SP_REWARD_TITLE_BUILDER_PERK,더 빠르고 저렴하게 건설하세요!
0c590b4c0e63425c,TID_WL_INFO_SIGNUP_TAB2_TEXT,"<cFCE27F>클랜전 리그 보상은 무엇인가요?</c>\n\n승리의 영광은 물론이고, 클랜전 리그에서만 받을 수 있는 특별 보상이 있습니다! 전투 주간에 별을 획득하면 리그 메달을 획득할 수 있습니다. 리그 등급이 높을수록 더 많은 리그 메달을 획득할 수 있습니다. 획득한 리그 메달은 상점에서 희귀한 마법 아이템이나 다른 특별 상품으로 교환할 수 있습니다.\n\n<cFCE27F>리그 메달을 획득할 다른 방법이 있나요?</c>\n\n클랜 대표는 전투에 참여하지 않은 클랜원을 포함하여 모든 참가자에게 제한된 수의 보너스 메달을 줄 수 있습니다. 규모가 큰 전쟁은 더 많은 보너스를 제공합니다. 높은 리그일수록 더 크고 더 많은 보너스를 받을 수 있으며, 승리할 때마다 추가 보너스를 받습니다!"
e5874fb990e36650,TID_CLANGAMES_TASK_USE_HERO,<num>회의 멀티플레이 전투에서 <hero> 영웅을 사용해 별 1개 획득
168e0f4d3bcec6ba,TID_SP_TASKS_MORE_UNLOCKS,더 많은 과제 카드 잠금 해제까지:
b0b0b7b36c861481,TID_PROSPECTOR_NOT_ENOUGH_RESOURCES,<resource> 부족
a1c51123ae9e9ebc,TID_GP_POP_PERKS,스페셜 특전
8421c64eadb80a11,TID_SP_TASKS_INFO,건설하고 전투하며 과제를 완료하고 포인트를 얻으세요!
07c222d3ff68a137,TID_ATTACK_RANGE_TILES,공격 범위(칸):
a392edbf73bcfc8e,TID_SEASONPASS_REWARD_CLAIMED,이미 획득함
787bdfdc324dcfb3,TID_BP_PERK_MAXIMUM_QUICK_DONATE,보석 지원군 획득 완료!
7097a29d27a58145,TID_DECO_BONE_IDOL_INFO,탭할 때마다 새로운 유물이 솟아나는 3x3의 해골 더미입니다!
275dc87778d4459f,TID_PROSPECTOR_RESOURCE_INFO,자원 변환 한도:
b02c791639f2ba26,TID_SEASON_PASS_BANK_PAYOUT_MUL_DESC,시즌 종료 시 금고 내용물의 <num>배를 얻습니다. 골드 패스로 이 혜택을 누리세요!
fad500d3819e33e5,TID_SEASON_PASS_BANK_PAYOUT_MUL,호그 저금통 배수
ade35a13c11fb01b,TID_BOOSTER_FINISH_BUILDING_UPGRADE_INFO,진행 중인 건물 업그레이드가 즉시 완료됩니다. 마을과 장인기지에서 사용할 수 있습니다!
5f6677895b6221d7,TID_HARD_MODE_MINUS_TWO_DESC,방어시설이 10% 더 큰 피해를 줍니다. 방어 측 영웅의 피해량과 HP가 10% 증가합니다.
d2b19d264b4f73a9,TID_DESERTNIGHTS_QUEEN,사막 퀸
4960613030ee4de4,TID_SP_REWARD_TITLE_PROSPECTOR_PERK,추가 도움!
a5db9abbc3428649,TID_SEASON_PASS_PERK_GEM_DESC_NO_SELF_DONATE,빠른 지원 비용이 보석 1개가 됩니다.
71afe7352e1b5d25,TID_BUILDING_SD_AIR_BOMBS_INFO_SHORT,폭발하는 통들을 마구 퍼부으세요.
c317bce6e409bbe6,TID_HIDE_EFFECT,효과 숨기기
dfd2fd4c8040f7f7,TID_SP_CLAIM_TASK,받기
8259f36409f6d1cb,TID_GEAR_TITLE_FIRE_BLAST,
7a39150661fd75b4,TID_SPELL_RECALL_HOUSING,복귀 가능한 최대 인구수: <number>
0ee087df9ffbb50c,TID_SEASONPASS_BANNER_TEXT_PERKS_DESC,특전을 활용해 건설 및 업그레이드 속도를 높이세요!
0e668115680b3ff1,TID_PTE_PERK_BUILDING_BOOST_DESC,건물 및 업그레이드에 소요되는 시간과 자원이 <num>% 감소합니다. 단조 작업소에서 제작 시 필요한 시간과 자원도 <num>% 감소합니다. 골드 패스로 이 혜택을 누리세요!
8a8c78f52ca6dee5,TID_SEASONPASS_BUTTON_MISSIONS,임무
7047106647b714aa,TID_TOOLTIP_CHEST_INFO,상자
098ecfb0f760c659,TID_GEAR_INFO_EARTHQUAKE_BOOTS,장벽을 부수고 지상 목표물에 피해를 주는 강력한 지진을 일으킵니다.
4b7463e37b368274,TID_GEAR_TITLE_DEADLY_DASH,로켓 배낭
487d26d3d1350d56,TID_SP_STORAGE_ALMOST_FULL,저장 공간이 거의 찼습니다!
d6b4846caa720888,TID_SP_TASK_CARD,시즌 과제 카드
9230894665837b2a,TID_SP_TASK_COMPLETE_STAR_BONUS,별 보너스 완료
e84e447fa2499e6b,TID_DESERTNIGHTS_MINION_PRINCE,지니 프린스
8cdb879f16817254,TID_BP_PERK_BUILDING_BOOST_DESC,건물 및 업그레이드에 소요되는 시간과 자원이 <num>% 감소합니다. 단조 작업소에서 제작 시 필요한 시간과 자원도 <num>% 감소합니다. 골드 패스로 이 혜택을 누리세요!
ba6929fbab31c013,TID_SP_RESOURCE_REWARD_GET_GEM_ALTERNATIVE_TEXT,<resource> 획득에 필요한 저장소 공간이 부족합니다.\n\n대체 보상 <cb3f357>보석 <amount>개</c>를 받을까요?
eaa90e137b91624f,TID_SP_REWARD_TITLE_BANK,더 큰 금고!
d6cb91a607540ad5,TID_CHARACTER_ITEM_NOT_VIEWABLE,이용할 수 없는 장비입니다.
4afa0b769d0a3c58,TID_HERO_HEAL_PERCENT,영웅 치유량(%): <number>
c7d7fffba1b17fff,TID_SEASONPASS_BANNER_TEXT_ENDS_IN,종료까지: <time>
7bce7e034306fd2b,TID_FEATURE_DARK_ELIXIR_DESC,더 강력한 군대를 만들 수 있도록 도와주는 더 순도 높고 강력한 형태의 엘릭서입니다!
e406b0d889a8d350,TID_SEASON_PASS_UNCLAIMED_FILTER,미수령 보상만
d52328bb7b79bf66,TID_GP_POP_BUILD_RESEARCH,진행 부스트
f171d215f7f4b231,TID_DESERTNIGHTS_CHAMPION,신기루 챔피언
a518397152ec9f5e,TID_BP_REWARDS_LIST_TITLE,패스 보상
fbf4c1fa9c90cd12,TID_PROSPECTOR_GP_AD_TITLE2,탐광 전문가를 사용해 광석을 변환하세요!
de1596022091e3e4,TID_DIAMOND_BUNDLE_MAGICITEMS_BUILDING_BOOK_AND_HERO_BOOK,마술의 책 팩
1c59b45f1ecab6ac,TID_SP_DAILY_TASKS,일일 과제
62b86f00c28a45cd,TID_CHARACTER_INFO_AD_SEEKER_WITH_EXPLOSION_SHORT,공중에서 대공포의 주의를 분산시킵니다.
2c8d216656b08db2,TID_DECO_HOGSKULL,호그 해골
1802c8190068f753,TID_SEASONAL_DEFENSE_ROASTER_MODULE_EFFECT,
51ff9d6f175b55a1,TID_PET_RAVEN_INFO,어떤 허수아비도 그리디 레이븐의 전리품 사냥을 막을 수 없습니다! 이 복면 도적의 날렵한 깃털은 자원 건물에 추가 피해를 주며 자존심에도 상처를 남깁니다.
3d8862d87e8cd4c4,TID_SP_CLAIM,받기!
f52daa4ee1cea659,TID_INFO_SEASON_BANK,전투 시 추가 자원을 획득하세요! 금고 자원은 시즌 종료 시 마을 저장소로 전달됩니다.
87f0094e6b837385,TID_WEAPON_EARTHQUAKE_SPELL,지진 마법 타워
01debdfce748a641,TID_DECO_EDRAG_STATUE,일렉트로 드래곤 조각상
2ca582888f147b89,TID_BANK_BUILDER_BASE,장인기지 금고
fcae1b5aef67aa40,TID_BP_PROSPECTOR_ACTIVATED,탐광 전문가 획득 완료!
d06556563f3cdacb,TID_BP_PERK_GEM_DONATION_COST,보석 지원군
e2976ce76c036ee8,TID_BOOSTER_WALL_UPGRADE_INFO,"장벽이 즉시 업그레이드됩니다. 높은 레벨의 장벽엔 더 많은 링이 필요합니다. 일해 줄 장인이 필요하며, 마을과 장인기지에서 사용할 수 있습니다!"
a8ab15001b46a2bb,TID_DRAGON_DUKE_PASSIVE_ABILITY_HELP,"아군 공중 유닛과 거리를 두면 피해량이 <num>%, 공격 속도가 <num2>% 증가하고, 함정에서 받는 피해가 절반으로 줄어듭니다."
01f11a0b2b8695e1,TID_SUPERCHARGE_DECOS_INFO,모든 장식이나 옮긴 장애물에 충전 시각 효과를 추가하세요. 이 아이템을 선택하면 적용할 수 있는 마을의 모든 장식이 강조 표시됩니다. 효과는 언제든지 켜거나 끌 수 있습니다.
98d25ea776947469,TID_PROJECTILE_SPELL_TOTAL_DAMAGE,화상 피해량: <number>
18b1081560c62499,TID_PROSPECTOR_WAIT_COOLDOWN,현재 탐광 전문가가 휴식 중입니다. 나중에 다시 확인하세요!
2f85ea6fee74ffd8,TID_TITLE_SEASON_BANK_REWARDS,호그 저금통 보상
20b1cf923ecf48b5,TID_BUILDING_SD_LAVA_LAUNCHER,용암 발사기
46a5d772d36ad27d,TID_SP_HUD_NEW,New!
fc7101519985e21c,TID_CLANGAMES_TASK_USE_HERO_GRAND_WARDEN,그랜드 스탠드
ea3fc2224efbe3e0,TID_FAQ_TEXT_CHANGENAME,죄송합니다. 마을 이름은 변경할 수 없습니다. 주민들이 마을을 못 찾을 수도 있기 때문이죠!
6487cc16b8a6c5e0,TID_GEM_POPUP_TEXT,보석이 부족합니다. 상점에서 더 구입하세요!
372c2a489f20b22a,TID_UPGRADE_INFO_SPECIAL_ABILITY,특수 능력 잠금 해제: <name>!
7903dc46264bd5cc,TID_NEW,신규
0b981c5f2a5b63a5,TID_REPLAY_NOT_AVAILABLE,재생 불가
5d9f023d73731b98,TID_MAP_LOCATION_1,P.E.K.K.A. 호수
f6eb63009f300ae2,TID_TUTORIAL_CHANGE_NAME,훌륭한 전투였습니다! 역사에 기록될 이름을 정해주세요.
cf1177e2d9ffac93,TID_DARKTOWER_AMMO_ALREADY_FULL_ALL,모든 인페르노 타워가 완전히 장전되었습니다!
4eb6b0b7a0d11468,TID_RES_PACK_INFO,• 보석 <gems>개\n• <res0> 골드\n• <res1> 엘릭서\n\n저장소 한도가 없습니다!\n\n한정 기간 동안 할인된 가격에 자원을 구매해 보세요!
995a0f194360c740,TID_TUTORIAL_DEFEND_1b,"음하하하! 뭐야, 약해빠진 인간이 한 명 더 있군!"
6e4421eeffe561fb,TID_POPUP_SPEED_UP_UPGRADE_SLOWDOWN,<item> 업그레이드를 진행하면 군대 훈련이 지연됩니다. 보석 <number>개로 즉시 완료할까요?
ac040ff31916836d,TID_NEWS_XMAS_2016_MORE_TITLE,기타 업데이트
5b186a4e80adfaaa,TID_POPUP_RED_GEMS_PURCHASED_TEXT,(RED)의 AIDS 퇴치 활동을 도와주셔서 감사합니다. 12월 8일까지 지원 사실을 알리고 마을회관을 (RED)로 장식하시겠습니까?
53be66f3d6a56790,TID_NEWS_SAFEGUARD_TEXT_ANDROID,Google Play 계정 로그인을 통해 진행 중인 마을 정보를 안전하게 유지하고 여러 대의 Android 기기에서 게임을 즐기세요.
facfd3e64476967e,TID_DIAMOND_PACK_5,보석 상자
d509e654fc58666e,TID_ALLIANCE_WAR_HAS_ENDED,진행 중인 전쟁이 끝났습니다!
04c3fa56d0eb4b91,TID_REPAIR_SHIP_TITLE,배를 재건할까요?
456851b03cdf2736,TID_ANDROID_BILLING_PRODUCT_NOT_AVAILABLE_PRICE,탭하여 정보 보기!
a46a849e33c536b6,TID_NEWS_VIDEO_TEXT_APRIL,이 새로운 애니메이션 비디오를 감상하고 클랜전 개막을 축하해 주세요! 이번엔 정말 장난이 아닙니다. 진짜라고요.
e42432af748beebd,TID_POPUP_TEXT_ABOUT_TO_SELL_FREE,<item>(을)를 제거할까요?
4cadf850623af2ed,TID_TREASURY_CAPACITY,금고 <resource>: <number>
6ec88c29d26d774a,TID_LOCAL_NOTIFICATION_EVENT_CLAN_LootXP,"대장, 클랜전 이벤트 동안 두 배의 전리품 및 XP를 획득하세요!"
4a762bc1b50f61b9,TID_POPUP_RELOAD_ALL,모두 장전
7232d8be18cee3c3,TID_FB_CONNECT_NOT_SAFE_TITLE,Facebook에 로그인했습니다.
1166bdba6a53a0f8,TID_DIAMOND_BUNDLE_DARK_ELIXIR_INFO,• 보석 <gems>개\n• <res0> 다크 엘릭서\n\n저장소 한도가 없습니다!\n\n이번 한 번뿐인 <cffec78><value>배 가치</c>의 구매 기회를 놓치지 마세요!
cefeca82ba4f22ee,TID_IAP_INFO_TEXT,"청약철회는 구매일로부터 7일 이내 가능(단, 사용시 철회불가) 법정대리인 동의 없는 미성년자명의 결제 시 취소가능 (자세히보기)"
5bbe8f35f1ee5d63,TID_TRAP_SANTA_INFO,적들에게 깜짝 선물을 안겨주세요. 당신의 너그러움은 보상을 받을 것입니다!
5583cf88ee03ab08,TID_PLAYER_ATTACKING_YOU,공격 중인 사용자:
42ba8a1609bfb1f6,TID_CLANPERK_DESC_DONATION_LIMIT_VALUE,병력 <value>명
d06c10c90b3a8975,TID_NEWS_MAYUPGRADES_TITLE,업그레이드 및 밸런스 조정
c77c265fb152b26b,TID_POPUP_EDIT_MODE_DISCARD_TITLE,편집을 취소할까요?
67b52941a0e45ff0,TID_LEADERBOARDBANNER_PLAYER_NO_TOP_3_V2,대전 승리자는 여기에 등록됩니다!
7e9ae6e4b05c424c,TID_NOT_ENOUGH_WORKERS_TEXT,진행 중인 건설을 즉시 완료하고 장인을 불러올까요?
abfe0c2ab0b6b747,TID_NEWS_OCT_2017_UPDATE_TEXT_2,• 발키리와 골렘의 신규 레벨이 추가되었습니다.\n• 바람 방출기와 폭탄 타워의 신규 레벨이 추가되었습니다.\n• 최대 레벨의 장벽이 25개 추가되었습니다.
28f7cfb01b897a45,TID_POINTS_BB,장인 기지
61c26b630ddb8ad7,TID_VERSUS_BATTLE_TRAIN_ARMY,군대를 육성해 친선 전투를 시작하세요!
d92ba351e53baf7c,TID_CANCEL_WAR_MATCHMAKING_CONFIRMATION_TITLE,검색을 중지할까요?
ff12cc102959e2f1,TID_HERO_ABILITY_UNLOCK_PROMPT,영웅을 <number>레벨로 업그레이드하여 이 능력을 사용하세요!
3e91fe8e086d91f5,TID_CREATE_SKELETONS_SPELL_INFO,전장 어느 곳이든 해골 군대를 소환합니다!\n\n위급한 곳에 이 해골들을 투입하세요. 해골들은 함정을 작동시키지 않습니다.
0aff347798a4251f,TID_BUTTON_REPLAY,재생
eea753a35f0c3295,TID_POPUP_TEXT_RELOAD_ALL_ELIXIR,<number> <resource>으로 모든 대형 석궁과 독수리 포탑을 장전하시겠습니까?
5ec0351bf8ee19f3,TID_NEWS_UPDATE_INFO_TEXT,멈출 줄 모르는 라바 펍의 장엄한 전설입니다. CamaroBro의 이야기에서 영감을 받았습니다.
4b4823ccdeabc121,TID_TUTORIAL_ELIXIR_STORAGE_1,정제소에는 소량의 엘릭서만 보관할 수 있어요.
d2bfeb32142e5c41,TID_NEWS_VIDEO_TITLE_FINALLY,클랜전 소개
141d4547db8b38b5,TID_ADVANCED_SEARCH_BUTTON_MORE,필터
88215e126f603cb4,TID_TOTEM,토템
2fae9dcad8ac0c91,TID_XP_TITLE_HAYDAY,Hay Day를 즐겨보세요!
4a57c8c8b555bbe1,TID_HERO_ABILITY_SUMMONED_TROOP_TYPE,소환한 유닛:
21d46bfecaf4ccaf,TID_DIAMOND_BUNDLE_TH5_INFO,• 보석 <gems>개\n• <res0> 골드\n• 마법사 타워 2레벨\n\n즉시 건설할 수 있고 저장소 한도가 없습니다!\n\n이번 한 번뿐인 <cffec78><value>배 가치</c>의 구매 기회를 놓치지 마세요!
ac1049c290107afa,TID_NEWS_MAYSPELLS_TITLE,신규 마법!
ec54e1e7a2aa9239,TID_WAR_ATTACK_CONFIRM_TITLE,지금 공격할까요?
87dbd508571f98cc,TID_UPGRADE_INFO_SPECIAL_ABILITY_IMPROVED,<name> 능력을 향상시킵니다!
0727ca30b60f791b,TID_NEWS_MARCH_2017_UPDATE_TEXT,"• 11레벨 마을회관에 대공포 9레벨 추가\n• 12레벨 장벽의 제한 개수가 25개 증가\n• 호그 라이더, 광부, 마녀, 드래곤, P.E.K.K.A 능력치 상승"
f6218bbe4e98639c,TID_ERROR_POP_UP_OUT_OF_SYNC,클라이언트와 서버가 동기화되지 않았습니다!
f8b790359dedb9e3,TID_PLACEMENT_HINT_TUTORIAL2,길게 누르면 여러 유닛이 투입됩니다.
4c8d1e4c17301c0a,TID_GC_NOCHALLENGE,새로운 도전 과제 개발
a9283f69becd5f5f,TID_NEWS_MAY_BALANCING_TEXT,"• 치유, 얼음, 복제 마법의 신규 레벨\n• 마을회관 9레벨에 7번째 금광 및 엘릭서 정제소\n• 다른 밸런스 조정 및 할인"
1c7da097271c9906,TID_REPLAY_SHARE_TEXT,대전 리플레이를 클랜 채팅에 공유하시겠습니까?
b0026f79e2c91d60,TID_POISON_CLOUD_INFO,이 강력한 독으로 아군을 적군보다 유리하게 만드세요!\n\n독 마법의 안개 안에 있는 방어 병력은 이동 및 공격 속도가 느려지고 시간이 지남에 따라 더 큰 피해를 입습니다. 건물에는 독 마법의 효과가 없습니다.
2f360bed353920d2,TID_DIAMOND_BUNDLE_GOLD_ELIXIR_INFO,• 보석 <gems>개\n• <res0> 골드\n• <res1> 엘릭서\n\n저장소 한도가 없습니다!\n\n이번 한 번뿐인 <cffec78><value>배 가치</c>의 구매 기회를 놓치지 마세요!
8ab175c6f9ed8d2a,TID_LEADERBOARDBANNER_REWARD,상위 3개 클랜이 받는 보상: (클랜 내 상위 20명에게 균등 분할)
9d31a79b0e9b131e,TID_GIFT_DIAMOND_PACK_2,보석 주머니와 선물
0b9179115d77b25e,TID_TUTORIAL_ATTACK,정말이야? 청소만큼 싸움도 잘한다면\n우린 좋은 팀이 될 거야!
ea3c3f0bac0881e9,TID_DUEL_WIN_BONUS_PERCENTAGE,<percentage>% 대전 보너스:
440260916a00e4a5,TID_FAQ_TITLE_RECRUIT,어떻게 하면 제 클랜에 더 많은 사람을 가입시킬 수 있나요?
fa6136611eee12cf,TID_LIVE_REPLAY_FAIL_NO_DATA_FOUND,실시간 감상이 불가능합니다. 전투가 이미 끝났습니다.
418b70aac6d0b8db,TID_REPAIR_CLAN_CASTLE_2,클랜에 가입해서 새로운 동맹을 만들어 유닛 지원을 받고 클랜전에 참가하세요.\n\n새로운 클랜을 생성해서 친구와 즐기고 새로운 클랜원도 영입하여 왕국에 이름을 남겨보세요!
aa2a0e88cfa766f5,TID_ALLIANCE_WAR_ATTACK_FAILED_SNAPSHOT_NOT_AVAILABLE,비활성화된 마을은 공격할 수 없습니다!
fac82cb27b53fce4,TID_TUTORIAL_ELIXIRSTORAGE,엘릭서를 보관할 장소도 필요해요.
f8bc271489f28737,TID_NPC47,P.E.K.K.A. 놀이터
c39f1852498d06dc,TID_FAQ_TITLE_CHATBAN,전체 채팅에서 채팅이 금지되었습니다. 어떻게 해야 하나요?
b11eeb2e3e031940,TID_NEWS_VIDEO_TITLE,먼저 만나보세요!
74159335e0f37831,TID_POPUP_RELOAD_ALL_INFERNOS,모든 인페르노 타워 장전
a9119e5a25a85054,TID_ACHIEVEMENTS_VILLAGE2,장인 기지 도전 과제
771b7c79926b3f39,TID_AMMO_ALREADY_FULL_ALL,모든 대형 석궁이 완전히 장전되었습니다!
90c679d7357d639a,TID_SPEED_UP_DUEL_CONFIRMATION,더 많은 대전 보너스를 지금 잠금 해제할까요?
e933b5457f070f49,TID_VILLAGE_EDIT_MODE_V2,장인 기지 배치 모드
fca30470fde28a4c,TID_USE_SPELL_EVENT_ACHIEVEMENT_DESC_PLURAL,이벤트 도전: 멀티플레이 전투에서 승리하세요!\n<cffec78>• 필수 사용 : <usecount> <unit> 마법</c>
2f8e4ba898d8dfab,TID_CHARACTER_INFO_GHOST,유령 정보
cb314873a01097a3,TID_BALLOON2_ABILITY_NAME,해골 폭주
312be2cae8901437,TID_POPUP_CANCEL_CLEAR_TITLE,제거 중단?
a466127b5d5ca00c,TID_HINT_TOXIC_MINION,베타 미니언을 적 건물에서 먼 곳에 배치해 장거리 공격 능력을 활용해 보세요.
40c695b904dbc969,TID_WATCH_LIVE_REPLAY,실시간 감상
f103783b2a59bdf9,TID_GIANT_ABILITY_HELP,첫 공격이 <num>%의 피해를 줍니다.
1489835cdd63b7f2,TID_FAQ_TITLE_DISCONNECTED,연결이 끊겨 획득한 트로피가 사라졌습니다. 돌려주실 수 있나요?
bdf4bcb76d6ff64f,TID_TUTORIAL_SHIP_ARRIVE,육지다! 이 이상한 곳은 뭐지?
d1323fce7c676e5d,TID_HINT_PEKKA_TRAP,P.E.K.K.A.의 갑옷은 너무나 무거워서 점핑 트랩도 그녀를 들어 올리지 못합니다.
624460bf964d23da,TID_ACHIEVEMENT_REWARD_CLAIMED,도전 과제 달성! 보석 <number>개를 획득했습니다.
97cc99578517957f,TID_NO,아니요.
e4bd01fa528f9d3d,TID_TUTORIAL_MEET_NEW_BUILDER4,내 집을... 깨끗하게 치워놨군!\n이제 이곳을 구경해도 돼!
d5e8f11779702e78,TID_NEWS_VIDEO_TITLE_WAR,클랜전에 관한 궁금증이 있으십니까?
53a01bcb0cdd8c39,TID_FAQ_TEXT_DISCONNECTED,연결이 끊겨 트로피를 잃은 경우엔 그사이 공격을 당했거나 공격 도중 패배한 경우입니다. 클래시 오브 클랜에서 사용 중인 점수 시스템은 어떤 상황에서도 점수를 되돌려 드릴 수 없습니다. 사용자가 잃은 점수가 다른 사용자에게 전이되는 시스템이기 때문에 전투와 관계없이 트로피를 생성하여 드릴 경우 순위 시스템의 불균형을 초래할 수 있습니다.\n\n인터넷 연결 문제로 트로피를 잃지 않기 위해서는 안정적인 연결을 확보한 후 다른 사용자를 공격할 것을 추천합니다(가급적 WiFi 환경 추천).
0a5890ec2ae96888,TID_POPUP_ABOUT_TO_SELL_TITLE,건물 판매
0b0bbd149920f4dd,TID_ERROR_POP_UP_BANNED_TITLE,계정 정지!
2a90ffc2ce8dc36e,TID_HINT_ACCOUNT_SECURITY_2,Supercell은 절대로 귀하의 Game Center 비밀번호를 묻지 않습니다.
bfa85849be6e3ca2,TID_LOCAL_NOTIFICATION_EVENT_SPECIAL_TROOP_GoVaHo,"대장, 특별 이벤트 동안 골렘, 발키리, 호그 라이더를 사용해 보세요!"
08ec08e9e45a7b1a,TID_ACHIEVEMENT_NPC_STARS_TITLE,고블린을 처치하세요!
b9438a857af0eac3,TID_XMAS_PACK_INFO,• 보석 <gems>개\n• <c80d8e8>클랜 선물:</c>\n각각 보석 <giftgems>개\n\n클랜 친구 최대 <giftmates>명을 위한 선물 포함!
f0465d1fc7229d76,TID_ALLIANCE_INVITATION_FAILED_USER_BANNED,초대할 수 없습니다! 이미 추방한 사용자입니다!
2d6c3a8633f19b33,TID_SHIELD_SCORE_LIMIT,트로피 <number>개 이상의 사용자는 사용할 수 없습니다.
9a56ceb7b7c0c95b,TID_ALLIANCE_DONATE_BUTTON_QUICK,지금 지원!
d9e355870600cbc3,TID_AVAILABLE_LOOT,약탈할 자원:
d3a6a90c739b0379,TID_TUTORIAL_ATTACK_DONE,"이런, 저들도 우리를 공격하는 거야?!"
fe8f1dfe9cc3c809,TID_FAQ_TEXT_MULTIDEVICE,"동일한 게임을 여러 기기에서 즐길 수 있습니다. 단, 각 기기에 동일한 Game Center 계정으로 로그인해야 합니다. Game Center 계정으로 로그인하면 모든 기기에서 해당 계정의 게임 정보를 불러올 수 있습니다."
16126286454f4222,TID_DIAMOND_BUNDLE_TH7_INFO,• 보석 <gems>개\n• 바바리안 킹 영웅\n• 숨겨진 뇌전탑 3레벨\n\n즉시 건설할 수 있습니다!\n\n이번 한 번뿐인 <cffec78><value>배 가치</c>의 구매 기회를 놓치지 마세요!
94d8abe6b754b527,TID_EDIT_MODE_TIP2,인벤토리에서 빌딩을 끌어다가 배치하세요.
41d7a15125a0fe05,TID_TUTORIAL_CANNON_4,대포는 마을 중앙에 설치하세요. 마을회관을 반드시 보호해야 합니다!
ae3d7d58561ed0de,TID_DIAMOND_BUNDLE_BH4_INFO,• 보석 <gems>개\n• <res0> 엘릭서\n• 1레벨 경계 초소\n• 1레벨 뇌전탑\n\n즉시 건설할 수 있고 저장소 한도도 없습니다!\n\n이번 한 번뿐인 <cffec78><value>배 가치</c>의 구매 기회를 놓치지 마세요!
e1b6e8462ae688c6,TID_TUTORIAL_DEFEND_4,이 마을 지하에는 지맥이 흐르기 때문에 대포를 수리할 필요가 없습니다. 시간이 지나면 마법의 힘이 대포를 수리합니다.
d480476b8489fd44,TID_FAQ_TITLE_MULTIDEVICE,하나의 계정을 여러 기기에서 즐길 수 있나요?
a41ef1a841bbe964,TID_DECORATION_BARBARIAN_STATUE,전사 동상
192351a436935e5c,TID_HINT_REPLAY,전투 기록을 통해 실제 전투 장면을 재생할 수 있습니다!
383f3dfe9bf8c91c,TID_LOOT_LIMIT_RESET_NOTIFICATION,"대장님, 장인 기지의 전리품을 더 받을 수 있습니다! 용감하게 싸우세요!"
9ababd48abab6e60,TID_TUTORIAL_GOLD_STORAGE_2,골드를 대량으로 보관할 수 있도록 골드 저장소를 건설하세요!
62d8f95b144c92b1,TID_USE_TROOP_EVENT_ACHIEVEMENT_DESC,이벤트 도전: 멀티플레이 전투에서 승리하세요!\n<cffec78>• 필수 사용: <unit> x 1</c>
4e19571083a1a083,TID_COMING_SOON,곧 출시됩니다.
644c3eccff8a559e,TID_NEWS_VIDEO_TITLE_APRIL,진짜가 나타났다!
c081e03c2d86e83b,TID_ADVANCED_SEARCH_BUTTON_LESS,필터 숨김
c3f756c89902b3dc,TID_PUSH_UNDER_ATTACK,<attacker>에게 마을이 공격받고 있습니다!
12545b124db96816,TID_ALLIANCE_INVITATION_FAILED_ALREADY_IN_ALLIANCE,이미 다른 클랜에 가입한 사용자입니다!
043919ffb8d864fb,TID_ALLIANCE_WAR_LOOT_CONFIRMATION_TITLE,자원을 회수할까요?
a977b2a68f80c0e7,TID_RES_PACK_INFO_GOLD,• 보석 <gems>개\n• <res0> 골드\n\n저장소 한도가 없습니다!\n\n한정 기간 동안 할인된 가격에 자원을 구매해 보세요!
28b27cf0feab5363,TID_CALL_CENTER_TEXT,"전화번호: 1688-6276\n운영시간: 월~금 / 오전 10:00 ~ 오후 18:00\n\n- 안내사항\n주말 및 공휴일은 운영하지 않습니다.\n게임 내 문의를 주시면, 보다 정확한 안내를\n받으실 수 있습니다."
bbbb4302c2a40aa5,TID_PLAYER_LEADERBOARDS,최상위 플레이어
0ec244f30f07bd87,TID_FAQ_TITLE_REPLAY,전투 리플레이를 볼 수 없는 이유는 무엇인가요?
4e6a3675b3a36aa5,TID_USE_TROOP_EVENT_ACHIEVEMENT_DESC_PLURAL,이벤트 도전: 멀티플레이 전투에서 승리하세요!\n<cffec78>• 필수 사용: <unit> x <usecount></c>
4e24b4b9696e72ad,TID_CHARACTER_INFO_SKELETON2,"이 죽지 않는 유닛은 혼자서는 별 위협이 되지 않지만, 끊임없이 해골 무리를 소환하는 해골 수송선과 함께하기에 혼자 싸우는 경우는 절대 없습니다!"
bb9b9874ba5956af,TID_FAQ_TEXT_GUARD,"가드는 보호막처럼 공격을 막아줍니다. 하지만 보호막과 달리, 가드는 다른 마을을 공격해도 시간이 줄어들지 않습니다. 보호막이 사라지면 자동으로 몇 시간 동안 가드가 진행되며, 리그가 높을수록 더 오래 가드가 유지됩니다! 매일 상점에서 약간의 보석을 지불하고 추가 가드를 구매할 수도 있습니다."
a4b56b168893def0,TID_MAP_LOCATION_14,고블린 왕의 은신처
2a3b37dd82bc4f98,TID_DIAMOND_BUNDLE_TH9_INFO,• 보석 <gems>개\n• 아처 퀸 영웅\n• 대형 석궁 2레벨\n\n즉시 건설할 수 있습니다!\n\n이번 한 번뿐인 <cffec78><value>배 가치</c>의 구매 기회를 놓치지 마세요!
f6e38289ac47d3f8,TID_HERO_ABILITY_BARBARIAN_DESC,"분노에 타오르는 왕이 체력을 대량으로 회복하고, 자신과 주변에 있는 바바리안들의 속도 및 공격력을 일시적으로 증가시킵니다. 또한, 주변에 바바리안 무리가 소환되어 전투에 가담합니다!"
3a22e02e37d96172,TID_FAQ_TEXT_RECRUIT,"Game Center나 Facebook에서 친구를 초대하거나 전체 채팅에서 사람을 모집하여 클랜원을 늘릴 수 있습니다.\n\nFacebook이나 Game Center 친구를 초대하려면, 해당 친구들이 클래시 오브 클랜을 실행하고 Facebook이나 Game Center 계정과 연결한 후 클랜 성을 재건해야 합니다. 이와 같은 조건을 만족하는 친구는 친구 메뉴에서 이름을 탭한 후 초대 버튼을 선택하여 초대할 수 있습니다. 전체 채팅에서 초대하는 방법도 비슷합니다. 해당 사용자의 채팅 내용을 탭한 후 초대 버튼을 선택하여 초대할 수 있습니다."
7f42970a9a320026,TID_ALLIANCE_DEFAULT_JOIN_REQUEST_MESSAGE,당신의 클랜에 가입하고 싶습니다.
49c2a13fb2d2a9a7,TID_LOADING_CHINA,本网络游戏适合年满13周岁以上的用户使用；为了您的健康，请合理控制游戏时间。京网文[2016]4066-516号 （总）网出证（京）字第149号 著作权人：SUPERCELL OY 出版单位：北京昆仑乐享网络技术有限公司 文网游进字[2015]0062号 新广出审[2015]1084号 出版物号：ISBN 978-7-89988-438-6 抵制不良游戏，拒绝盗版游戏。注意自我保护，谨防受骗上当。适度游戏益脑，沉迷游戏伤身。合理安排时间，享受健康生活。
e934c41d2fa43799,TID_REPLAY_REPLAY,재생
e77e5cfa9f04bf84,TID_DIAMOND_BUNDLE_BH4_INFO_ALT,• 보석 <gems>개\n• <res0> 엘릭서\n• <res1> 골드\n\n저장소 한도가 없습니다!\n\n이번 한 번뿐인 <cffec78><value>배 가치</c>의 구매 기회를 놓치지 마세요!
f275daa93dc9f85d,TID_GRASS,길다란 풀
0c10d2b4e2e9d199,TID_FAQ_TITLE_UPGRADES,건물은 어떻게 업그레이드하나요?
d6306e765f7e6e40,TID_FAQ_TITLE_SHIELD,보호막이란 무엇이고 어떻게 사용하나요?
1cdcb210254299bd,TID_TUTORIAL_MEET_NEW_BUILDER3,우왓! 어디서 나타난 거야?
f88d31e5e9d88fb6,TID_WITCH2_ABILITY_HELP,파괴되면 <num>마리의 박쥐 떼로 변합니다.
e6d4fcc0e0e69579,TID_NEWS_MAYUPGRADES_TEXT,마을회관 11레벨\n• 대포 14레벨\n• 라바 하운드 4레벨\n• 해골 비행선 7레벨\n\n마을회관 7레벨 이상\n• 점핑 트랩 2~4레벨\n\n마을회관 10레벨 이상\n• 볼러 인구수가 6으로 감소
fe04dfafa3b6deb2,TID_HERO_ABILITY_UPGRADE_PROMPT_KING,영웅을 <number>레벨로 업그레이드하여 능력을 강화하세요!
8b117d3e9dd2b9f4,TID_ACHIEVEMENT_ACCOUNT_BOUND_GAME_CENTER,Game Center에 연결
db1e4ed2dc0b80d9,TID_CLAN_TYPE,유형:
386403b85b54faf8,TID_TUTORIAL_WORKER_MENU2,"이곳에 항상 많은 아이디어가 있지만, 대장이 더 잘 알겠지. 직접 골라봐!"
387fc28408ebd3f4,TID_TUTORIAL_CANNON_5,머뭇거릴 때가 아닙니다. 보석을 사용해서 시간을 단축하세요!
77cbe7d6a66aa557,TID_CLAN_SHOW_ONLY_JOINABLE,내가 가입할 수 있는 클랜만:
b3371dbb1192a937,TID_LOCAL_NOTIFICATION_GUARD_WILL_DISAPPEAR,"대장, 가드가 곧 종료됩니다!"
e5713d005bf99de8,TID_ABOUT_ANDROID,"Credits\n\n<names>\n\nClash of Clans ™ <version>\nCopyright 2012-2017 Supercell Ltd. All Rights Reserved.\n미국 특허출원 중\n이 소프트웨어의 사용에 관한 모든 내용은 이용 약관 및 개인정보 보호정책(www.supercell.net)의 적용을 받습니다.\n지원이 필요한 경우 clashofclans.feedback@supercell.net으로 문의하십시오.\n\nFMOD Sound System, copyright © Firelight Technologies Pty, Ltd., 1994-2017.\n\nMPEG Layer-3 오디오 코딩 기술은 Fraunhofer IIS 및 Thomson Licensing에게 사용 허가를 받았습니다."
73ac22ad0f92e103,TID_HERO_INSTRUCTIONS_WARDEN,"이 노련한 전투학자는 방어 시 아군들을 찾아 그 뒤에서 탑의 모습으로 싸우며 생명의 오라로 아군들을 지원합니다. 공격 시에는 벽을 넘어가거나 하늘을 날 수 있으며, 영원의 책 기술이 잠금 해제되면 주변 부대원들을 피해 면역 상태로 만들어 줍니다!"
72a20a12b7ef1a60,TID_SINGLE_PLAYER_AVAILABLE_LOOT,약탈할 자원:
3c421d4012f56032,TID_INFO_POP_UP_TOS_PP_NOTE_ANDROID,클래시 오브 클랜은 무료 게임이지만 인앱 구매를 통해 더 빠르게 진행할 수 있습니다. 이를 차단하려면 Google Play 스토어 앱 설정에서 암호를 걸어 보호하세요. 확인을 누르면 이용 약관과 개인정보 보호정책에 동의하게 됩니다.
95916be46dfb5219,TID_ALL_TROOPS_USED,유닛을 모두 투입했습니다.
2fe6c403528cc75f,TID_FAQ_TITLE_SPELLS,"마법은 무엇이고, 어떻게 사용하나요?"
94c9281928dad4bb,TID_DIAMOND_BUNDLE_BH6_INFO_ALT,• 보석 <gems>개\n• <res0> 엘릭서\n• <res1> 골드\n\n저장소 한도가 없습니다!\n\n이번 한 번뿐인 <cffec78><value>배 가치</c>의 구매 기회를 놓치지 마세요!
418b32a7093ae989,TID_FAQ_TITLE_RESET,게임을 처음부터 다시 시작할 수 있나요?
2ecfbd983083179e,TID_HINT_CRUSHER,크러셔는 지상 유닛을 완전히 파괴해버리지만 공중이나원거리 유닛으로 공격하면 쉽게
75ce991a6c6c512d,TID_IAP_NOT_AVAILABLE_CAFE_BAZAAR,구매를 할 수 없습니다! Cafe Bazaar 앱이 기기에 설치되어 있는지 확인해 주십시오.
e06fec9e30975002,TID_ADD_FRIENDS_INFO_REQUESTS,플레이어 프로필에서 클래시 친구로 등록하세요.\nGame Center와 Facebook 친구들은 로그인하면 자동으로 표시됩니다.
4922cc9ef1d3b1fa,TID_FB_CONNECT_NOT_SAFE_TEXT_ANDROID,마을을 Facebook에 연결해 친구들과 만날 수 있습니다. 게임 진행 상황을 안전하게 유지하고 여러 대의 기기에서 게임을 즐기려면 Google Play에 로그인하세요.
a2d3ad00ee1e0ef0,TID_CLAN_LOCALE,클랜 지역:
64005c6107bd862f,TID_LOCAL_NOTIFICATION_EVENT_ANNIVERSARY_OFFER,"대장, 5주년 특별 상품을 기간 한정 할인합니다!"
62f76125833c1179,TID_SEASON_NAME,<year> <month> 시즌
34ccf5eb76b30ff0,TID_ALLIANCE_INVITATION_FAILED_AVATAR_HAS_TOO_MANY_INVITES,초대할 수 없습니다. 사용자의 수신함이 가득 찼습니다!
de205e004f5363e0,TID_PEKKA,P.E.K.K.A.
9e3ef869bc21f43a,TID_VILLAGE2_DUEL_WAITING,다른 플레이어가 대전 상대를 찾고 있습니다!
2135820bf4520796,TID_WALL_INFO,장벽은 마을을 안전히 지켜주고 적들을 사선으로 몰아줍니다.
ed588352ae3bfae7,TID_TUTORIAL_WORKER_MENU3,좋아! 이제 우린 한 팀이야! 나중에 너희 마을에 한번 가볼 수도 있겠네. 그리고... Zzz...
fa39dd09b0fe38ea,TID_HINT_SAFEGUARD_PROGRESS_ANDROID,Google Play 계정으로 로그인해서 진행 상황을 안전하게 보관하세요.
cc3cbd4be8fac53d,TID_POPUP_SPEED_UP_UPGRADE,보석 <number>개로 <item> 업그레이드를 즉시 완료할까요?
00be4d2e9811faf2,TID_FAQ_TEXT_CHATBAN,채팅 금지 기간이 지날 때까지 기다려 주시기 바랍니다. 고객 지원 센터는 채팅 금지 관련 권한이 없으므로 문의해도 아무런 영향을 미치지 않습니다.
60c594e0b947e328,TID_CLAN_TOTAL_POINTS,총 점수:
ea25581a49e646a5,TID_CANCEL_BOOST_CONFIRMATION_TITLE,가속 종료?
f59d46360e01b016,TID_WAR_INFO_FRIENDLYWAR_ADDITION,"장엄한 2일간의 클랜전에서는 별을 더 많이 얻는 쪽이 승리합니다. 전쟁에서 이기면 보너스 전리품과 클랜 XP를 받을 수 있습니다. 공격에 성공하면 보너스가 증가하지만, 클랜이 전쟁에서 패배하면 대부분의 보너스를 잃게 됩니다! 전쟁이 무승부로 끝났다면 최고의 공격을 기준으로 상대를 더 많이 파괴한 쪽이 승리하게 됩니다.\n\n주의: 친선전에는 사용자가 설정한 시간이 적용되며 전리품이나 클랜 XP가 주어지지 않습니다."
6deec8509dae37bf,TID_CANCEL_WAR_ARRANGED_MATCHMAKING_CONFIRMATION_TITLE,도전을 취소하시겠습니까?
8d24116f5a99114f,TID_POPUP_REMOVE_WAR_DONATION_DESCR,정말로 지원 받은 병력을 전쟁 성에서 제거하시겠습니까?
ec0ec64ead473722,TID_TUTORIAL_LOOK_LABORATORY,난 마스터 장인이야.\n내가 제일 좋아하는 건물을 보여줄까? 부대에 특별한 능력을 부여할 수 있지!
a00fd431e9cf01aa,TID_ELIXIR_AMMO_FILL_CONFIRMATION_ALL,모든 대형 석궁과 독수리 포탑이 장전되었습니다!
58ae228b0c167935,TID_ACHIEVEMENTS_VILLAGE1,내 마을 도전 과제
9c0215b439f10118,TID_RESOURCE_PACK_GOLD_10,골드 10% 채우기
37e83dc5cce5007c,TID_NEWS_TOS_UPDATE,이용 약관과 개인정보 취급 방침이 업데이트되었습니다! 게임 설정에서 찾을 수 있으니 시간을 내어 확인해 주세요. 이 주요 문서는 게임 플레이어에게 유용한 정보를 비롯하여 당사의 게임과 회원님들의 관계에 대해 설명해 줍니다. 자세한 내용은 포럼을 확인해 주세요.
82e88d039c2d1390,TID_FAQ_TEXT_INTERNET,"위험을 최소화하려면 신뢰할 수 있는 인터넷 공급 서비스를 통해 안전하고 강한 연결 방법(Wi-Fi 또는 3G/4G)을 사용하세요. 또한, 다른 프로그램은 불필요하게 대역폭을 차지할 수 있으니 플레이 전에 종료하세요."
f8e69c6d8cec5653,TID_RESOURCE_PACK_DARK_ELIXIR_50,다크 엘릭서 절반 채우기
81acca9225397fff,TID_TUTORIAL_WAR_MAP_ENEMY_3,"대장, 주변을 둘러본 다음 아군 전쟁 기지를 확인하십시오."
6f9abfffe9cf6f12,TID_TRAPS_ALREADY_ARMED,모든 함정이 재설치되었습니다!
43492449f488b0dd,TID_FAQ_TEXT_DESTROYED,"보호막이나 가드가 없는 상태로 게임을 종료하면 마을이 적 공격에 노출됩니다. 공격하는 플레이어는 마을의 자원을 일부 약탈할 수 있습니다. 단, 자원을 모조리 가져갈 수는 없습니다. 방어 시설과 장벽, 그리고 함정으로 마을을 보호하거나 상점에서 보호막이나 가드를 구매하여 적의 공격을 방지할 수 있습니다. 장애물이나 지도 가장자리는 공격 병력을 막아주지 못합니다!"
2883aff377b97441,TID_DUEL_REWARDS_INFO_TEXT,대전에서 이겨 전리품을 획득하세요. 방어 시 자원은 손실되지 않습니다.\n\n트로피 수가 많아지면 보상도 늘어납니다!
1a35c4e96e2f1ec9,TID_PARENTS_GUIDE_BUTTON,게임 가이드
9200cb4fad5eb3ce,TID_NEWS_UPDATE_INFO_TEXT_SHORT,
a0127ef54d9a379d,TID_NEWS_VIDEO_TEXT_WAR,새로운 클랜전을 보여주는 게임 플레이 비디오를 감상하세요. 포럼에서도 더 많은 정보를 얻을 수 있습니다!
638fc617aa71e7bd,TID_WAR_SPECTATOR_TEXT,"이 전쟁에 참가할 수 없습니다. 전쟁이 시작되기 전에 클랜에 소속되고 등급이 충분해야 하며, 다른 전쟁에 참가 중이어서는 안 됩니다."
2fdd997b96a3f8b0,TID_AMMO_FILL_CONFIRMATION_ALL,모든 대형 석궁이 장전되었습니다!
51321cfa5347346e,TID_LIGHTNING_STORM_INFO,진정한 번개가 무엇인지 보여주세요!\n\n이 마법을 사용하면 해당 지역 내 적 건물과 유닛에 피해를 줍니다.
fdd9a106a5dac3d7,TID_DIAMOND_BUNDLE_TH4_INFO,• 보석 <gems>개\n• <res0> 골드\n• 바람 방출기 2레벨\n\n즉시 건설할 수 있고 저장소 한도가 없습니다!\n\n이번 한 번뿐인 <cffec78><value>배 가치</c>의 구매 기회를 놓치지 마세요!
fc525c66091716a1,TID_LABORATORY_INFO,연금술사들은 연구소에 어떤 어두운 비밀을 감추고 있을까요? 아무도 밝혀낼 용기를 내지 못했습니다. 우리가 아는 것은 단지 그들의 연구를 통해 마법과 유닛이 더욱 강력해지고 빨라져서 좋다는 것입니다!
e68571f953078024,TID_STREAM_EVENT_ALLIANCE_LEVEL_UP,클랜이 <value>레벨에 도달했습니다! 새로운 클랜 보너스가 잠금 해제됩니다:
de42d909aeed444d,TID_CHARACTER_INFO_WIZARD,전장의 마법사란 매우 무서운 존재입니다. 동료들과 함께 투입하면 지상과 공중을 가리지 않고 마법을 날려 집중포화가 무엇인지 보여줍니다.
2dec2772a1901b1e,TID_POPUP_CANCEL_CONSTRUCTION_TITLE,건설 중단?
13f3b94b591028ca,TID_PERSONAL_WAR_PREFERENCE_IN,참여
e013a2c99f2da145,TID_TUTORIAL_TOWN_HALL_1,고블린을 물리치고 획득한 골드로 마을회관을 업그레이드할 수 있습니다.
64c8fa86ae5f8ab7,TID_TUTORIAL_ELIXIR_2,지하에 흐르는 지맥에서 엘릭서를 퍼올릴 수 있습니다. 한 번 해볼까요?
597cef1106519abd,TID_WAR_GOLD,전쟁 골드
fc5dd56a99f98e9f,TID_INFO_POP_UP_TOS_PP_NOTE_TENCENT,클래시 오브 클랜은 무료 게임이지만 인앱 구매를 통해 더 빠르게 진행할 수 있습니다. 확인을 누르면 이용 약관과 개인정보 보호정책에 동의하게 됩니다.
d0af8ed8b45c1044,TID_ACHIEVEMENT_ACCOUNT_BOUND,계정을 소셜 네트워크에 연결해서 안전하게 지키세요.
3b74f0c202ff08c9,TID_FAQ_TEXT_RESET,지금은 새로운 게임을 다시 시작할 수 없습니다. 그러나 클래시 오브 클랜이 설치되지 않은 다른 기기에서 새로운 게임을 시작할 수 있습니다.
8c134c9cf8db5fb2,TID_HINT_WARLOCK_INFO_2,"마녀는, 소환한 해골들이 모두 파괴되면 매우 약해집니다."
5a7a6503b8ac54dc,TID_WAR_ELIXIR,전쟁 엘릭서
24b845b8d4e3de21,TID_TUTORIAL_DEFEND_1,"키기긱! 저기다! 얘들아, 공겨어억!"
ec6b8bf2f9738692,TID_INFO_PREFERRED_TARGET,우선 공격 대상:
6eb54e12777b24b6,TID_FAQ_TITLE_CLANSCORE,왜 클랜 점수가 모든 클랜원의 점수를 더한 것보다 낮을까요?
3c0e673e9e7eeebc,TID_CHAT_WELCOME,"전체 채팅에 오신 것을 환영합니다.\n\n다른 사용자를 존중해 주세요. 불쾌한 언행은 처벌될 수 있습니다.\n\n개인 정보(이메일, 전화번호, 주소, 암호)를 공유하지 마세요!"
afb9a1c744093e48,TID_POPUP_ABOUT_TO_SELL,계속 진행하시겠습니까?
e2ef0c65e6d9793c,TID_LEAGUE_UNRANKED,배치 전
3f16423c6cbc85f2,TID_TUTORIAL_WORKER_1,지금까지 아주 잘하셨어요! 이제 마을을 전투 대형으로 만들어 보세요.
7985a774995676b1,TID_NEWS_MARCH_2017_UPDATE_TITLE,밸런스 업데이트!
35e2b1f5049b352e,TID_FAQ_TITLE_MULTIACCOUNT,한 개의 기기에서 여러 계정을 사용할 수 있나요?
927c7baf9c89375a,TID_DIAMOND_BUNDLE_BH3_INFO_ALT,• 보석 <gems>개\n• <res0> 엘릭서\n• <res1> 골드\n\n저장소 한도가 없습니다!\n\n이번 한 번뿐인 <cffec78><value>배 가치</c>의 구매 기회를 놓치지 마세요!
64640150233363f2,TID_TROOPS_USED,투입한 유닛:
cc179a2f0b115f32,TID_POPUP_BOOST_ALL_COLLECTORS,이 유형의 생산 시설 <number>개를 <time> 동안 두 배로 가속할까요?
de011b1c595188c3,TID_FAQ_TEXT_TROOPS,"모든 유닛은 전투가 끝나면 엘릭서로 변해 대지에 흡수됩니다.\n\n전투에서 승리하기 위해 유닛을 소모하는 것은 클래시 오브 클랜의 핵심 전략입니다. 모든 유닛이 현명하게 사용할 자원이라 생각해야 합니다. 모든 전투에서 신중하게 계획을 세워 알맞은 유형의 유닛을 적당히 투입해야 합니다. 유닛 훈련 비용을 고려하지 않고 모든 유닛을 투입할 경우, 투자한 자원보다 더 적은 자원을 획득하는 불상사가 일어날 수 있습니다."
e0f6795d22302aed,TID_SHARE_REPLAY_FAILED,이미 다른 사용자에 의해 공유된 영상입니다.
f2fd5dc84fe99130,TID_KICK_MEMBER_CONFIRMATION,<name> 님을 클랜에서 추방할까요?
d48c21ef730046e5,TID_FAQ_TEXT_TEXTSIZE_ANDROID,"텍스트 크기는 늘릴 수 없습니다. 언제나 게임 플레이 환경과 가독성, 그리고 유용성을 개선하기 위해 최선을 다하고 있습니다."
a182925618dd9bd2,TID_START_MATCHMAKE_HINT,공격하고 방어하세요! 대전에서 승리해 보너스 전리품을 획득하세요!
272eaf0af2ee99b3,TID_NEWS_VIDEO_TEXT,좋아하는 Clash 캐릭터들이 새로운 애니메이션 TV 광고에서 살아 움직입니다!
5375ff24eb741b1a,TID_NEWS_VIDEO_BUTTON_WAR,지금 보기!
4a4a6ed87562e81d,TID_SHARE_DUEL_TEXT,대전 리플레이를 클랜에 공유하시겠습니까?
479f4bbbb606829d,TID_BALLOON2_ABILITY_HELP,파괴 시 <num2>의 피해를 주고 해골 <num>마리를 소환합니다.
3165c054b361ffdf,TID_TUTORIAL_CANNON_2,대장의 새 마을이에요. 참 아름답죠! 딱 하나만 빼면 완벽한데...
e1863493af89db13,TID_RESOURCE_PACK_GOLD_FULL,골드 가득 채우기
22c3bb35e6a330f2,TID_LINK_CODE_GENERATE_CODE_TEXT,아래의 연동 코드를 사용하여 다른 Android App Store로 마을을 옮기세요. 튜토리얼에서 자세한 방법을 확인하세요!
7689750e2cf278af,TID_NEWS_TH11_UPDATE_OTHER_TEXT,• 2개의 새로운 도전 과제 추가: '포탑 대항' 및 '나눔이 곧 돌봄이다'\n• 병력/마법 지원 인터페이스가 수정되어 기존의 지원 정보도 표시됩니다.\n• 훈련소의 병력을 마법 제작소처럼 훈련 대기시켜둘 수 있습니다.\n• 클랜전 공격이 시작되면 전쟁 버튼이 애니메이션 처리됩니다.\n• 아이콘을 누르면 활성화된 보호막이나 가드를 수동 해제할 수 있습니다.\n• 오프라인 상태에서 공격에 노출되기까지의 시간이 더 길어집니다.\n• 멀티플레이 상대 찾기 후 10초가 지나서 상대를 찾으면 특별한 사운드가 재생됩니다.\n• 멀티플레이 상대를 찾지 못하고 검색이 취소되면 특별한 사운드가 재생됩니다.\n• 개인 휴식 온라인 시간 제한이 3시간으로 감소합니다.\n• 일부 경우에서 개인 휴식 제한이 초기화되지 않고 연장되는 방식으로 바뀝니다.\n• 멀티플레이 상대 찾기에서 마을회관 레벨이 더 낮은 상대와 만날 확률이 감소합니다(챔피언 리그 이하에만 적용).
128e3d824df17ccb,TID_WAR_RESULTS_INFO,전쟁이 끝나면 보너스 전리품이 금고로 배달됩니다. 또한 전쟁에 이기면 대량의 클랜 XP 보너스를 받을 수 있습니다. 전쟁 종료 후 일정 시간 동안 전투 결과 및 전투 장면을 다시 볼 수 있습니다. 이보다 오래된 전투 기록을 확인하려면 해당 클랜의 전쟁 기록 메뉴를 살펴보세요!
b77eacc7f1fde238,TID_NEWS_XMAS_2016_UPDATE_TEXT,특별 이벤트로 가득한 겨울입니다!\n\n신규 <c76589b>이벤트</c> 탭에서 재미있는 이벤트들을 확인해 보세요!
cdfda560875b1212,TID_ALL_BUILDERS_AVAILABLE,사용 가능한 장인
b42902f913edddbe,TID_NEWS_MAYTROOPS_TEXT,신규 마을회관 10레벨 유닛: 광부\n• 광부는 땅속에서 몰래 굴을 파고 장벽을 통과해 목표물 바로 옆에서 나타납니다.\n• 땅속에 있는 광부는 피해를 입거나 함정을 작동시키지 않습니다.\n• 광부는 새로운 12레벨 훈련소에서 훈련할 수 있습니다.\n\n신규 마을회관 9레벨 유닛: 베이비 드래곤\n• 베이비 드래곤이 다른 공중 유닛과 같이 있지 않으면 분노합니다!\n• 분노한 베이비 드래곤은 공격력과 공격 속도 보너스를 받습니다.\n• 베이비 드래곤은 새로운 11레벨 훈련소에서 훈련할 수 있습니다.
4ebd8ee5019a1e58,TID_RESOURCE_PACK_ELIXIR_FULL,엘릭서 가득 채우기
59596a0955c9f8f4,TID_BUTTON_TRAPS_ARMED,모든 함정 설치 완료
3593830684f390ca,TID_UPGRADE_THE_REQUIRED_BUILDING_FIRST,장인 기지에 <level>레벨의 <name> 필요!
b7519840ff07fa01,TID_FAQ_TITLE_TROOPS,전투에서 살아남은 유닛은 어떻게 되나요?
44cadd4bcd931ade,TID_FOLLOW_BUILDER_TEXT,장인이 모험을 떠났습니다. 장인이 우리의 인스타그램 비밀번호를 알아냈습니다! 그의 여행을 따라가 보고 다음에는 무엇을 할지 확인해 보세요!
544d823b6bb2de2d,TID_UNITS_LEFT,<number>유닛 남음
aba4bcca126be1b5,TID_CLAN_MINIMUM_TROPHYS,트로피 조건:
802a9f0d2b0b3163,TID_POPUP_HEADER_ABOUT_TO_CANCEL_SPELL,정말 취소하시겠습니까?
722a7fd9c1f6ee6f,TID_LEADERBOARDBANNER_PLAYERTOURNAMENTS_V2,대전 토너먼트
d6e945eb0c4dcf3c,TID_LEAGUE_INFO_REMEMBER,리그를 올려서 더 많은 약탈 보너스를 받아보세요!
bb320435de27e752,TID_NEWS_BUILDER_BASE_TEXT3,• 크러셔와 푸시 트랩처럼 다루기 힘든 방어시설로 상대를 앞지르세요!\n• 보석 광산과 시계탑으로 기지를 가속하세요.\n• 장인 기지의 특별 업그레이드를 통해 기존 마을의 방어시설을 개조하세요!
e510e97d8ceda4c2,TID_CHARACTER_INFO_WALLBREAKER,해골 돌격병의 차가운 언데드 심장을 데울 방법은 오로지 장벽 폭발뿐입니다. 분대 단위로 투입하면 큰 폭발과 함께 지상 유닛을 위한 길을 열어줍니다!
5289bf7f7f1385f3,TID_DIAMOND_BUNDLE_ELIXIR_DARK_ELIXIR_INFO,• 보석 <gems>개\n• <res0> 엘릭서\n• <res1> 다크 엘릭서\n\n저장소 한도가 없습니다!\n\n이번 한 번뿐인 <cffec78><value>배 가치</c>의 구매 기회를 놓치지 마세요!
ab640aa63cba06e9,TID_DUEL_TOTAL_WINS,대전 승리:
58c46af7cc7e9ee1,TID_FAQ_TEXT_MULTIDEVICE_ANDROID,예! 먼저 Google Play에 로그인하여 마을이 Google 계정에 연결되었는지 확인하세요. 그 후 인게임 설정을 통해 같은 Google Play 계정에 접속하면 다른 Android 기기에서도 자신의 마을을 불러올 수 있습니다.
0934ef435be35b8a,TID_POPUP_BOOST_VILLAGE,"<time> 동안 자원 회수, 훈련, 연구 및 건설 속도가 <multiplier>배 빨라집니다!\n\n<cooldown>마다 한 번씩 무료로 가속할 수 있습니다!"
4302b7ca879ab195,TID_GOOGLE_ACCOUNT_ALREADY_BOUND,Google Play 계정 로그인 실패! Google 계정이 이미 다른 계정과 연동되어 있습니다.
c62645adc3264ea4,TID_ACHIEVEMENT_DESTROY_TOWNHALL2_TITLE,파괴
3e108713d9ee64e8,TID_LAYOUTS_VILLAGE2,장인 기지
47f90b2e4936d237,TID_HERO_ABILITY_TIME,능력 시간: <number>초
a4c90bd49464bf41,TID_DIAMOND_BUNDLE_BH7_INFO,
df86dde7e949302f,TID_VIEW_PROFILE_TAB,사용자 정보
094e51d75d5e6e2e,TID_FB_CONNECT_NOT_SAFE_TEXT,마을을 Facebook에 연결해 친구들과 만날 수 있습니다. 게임 진행 상황을 안전하게 유지하고 여러 대의 기기에서 게임을 즐기려면 Game Center에 로그인하세요.
52c05a9a10bf9b8a,TID_CHAT_FAIL_BANNED,전체 채팅이 일시적으로 금지되었습니다.
7bb14a922d3c2693,TID_TUTORIAL_WORKER_2,장인을 한 명 더 고용하면 두 가지 작업을 동시에 진행할 수 있어요.
827ee4ab4258af6b,TID_LINK_SAME_PLATFORM_TENCENT,"여러 기기에서 게임을 즐기려면 게임 설정에서 WeChat이나 QQ 계정에 로그인하세요.\n\n그 후, 다른 기기에서도 같은 WeChat이나 QQ 계정으로 로그인하세요. 게임 진행 상황이 자동으로 동기화됩니다."
fbd20aa8be255df9,TID_FAQ_TEXT_SHIELD,"보호막은 일정 기간 동안 다른 플레이어의 공격으로부터 마을을 보호해 줍니다. 기간이 만료되면 보호막이 사라지며, 다른 마을을 공격하면 지속 시간이 감소합니다. 마을이 공격을 받아 파괴되면 자동으로 12시간 이상의 보호막이 새로 적용됩니다. 상점에서 지속 시간이 더 긴 보호막을 구매할 수도 있습니다."
48479579ec2c5c66,TID_TUTORIAL_ELIXIR_STORAGE_2,대량으로 보관할 수 있도록 저장소를 건설하세요!
c32090b1b5f4e958,TID_HERO_ABILITY_UPGRADE_PROMPT_QUEEN,영웅을 <number>레벨로 업그레이드하여 능력을 강화하세요!
a431b519a8038adf,TID_GIANT_CANNON_INFO,자이언트 대포 앞에 장애물이란 없습니다. 이 대포가 뱉어내는 집채만한 대포알은 모든 것을 밀어버리며 날아갑니다.
b0522d3ea4b464e1,TID_CHARACTER_INFO_MOVING_CANNON,바퀴 달린 대포라니! 적들이 놀라 자빠지겠군요! 화력은 끝내주지만 그리 튼튼하지는 않습니다!
3f0b17c928d51399,TID_LEAGUE_INFO_LOOT_BONUS3,리그에 진입하면 승리할 때마다 약탈 보너스를 드립니다!
75bfb63734229c78,TID_LEGEND_SEASON_END_TIP,참고: 전설 리그는 특별한 시즌 말 규정과 보상이 적용됩니다!
dcd4f45a730cb1ac,TID_CLAN_WAR_SAVE_VILLAGE_BUTTON,마을 저장!
5c6d850229c22d04,TID_DUEL_TARGET_FOUND,대전 상대를 찾았습니다! 공격하세요!
7d2efe277b60a013,TID_HINT_ACCOUNT_SECURITY_1,누구에게도 Game Center 비밀번호를 알려주지 마세요.
95d80a3184ee1adf,TID_CHAT_JUST_BANNED,다른 사용자들이 귀하의 부적절한 채팅 내용을 신고했습니다. 전체 채팅이 금지되었습니다.
bbaa84bb0bb8d110,TID_HINT_SAFEGUARD_PROGRESS,Game Center 계정으로 로그인해서 진행 상황을 안전하게 보관하세요.
e282efeb720d9f71,TID_BOMBER_ABILITY_HELP,처음 던진 폭탄이 <num3>%의 피해를 줍니다.
c167a2a0f47611e9,TID_LEGEND_SEASON_END_INFO_WITH_PRESTIGE,전체 순위 <rank>위로 시즌을 마치고 <prestige> 전설 트로피를 얻었습니다! 플레이어 프로필에 이 놀라운 성과가 기록되어 모든 사람이 볼 수 있게 됩니다.
ea7c1d2d58bcc46f,TID_ADVANCED_MEGA_TRAP_INFO,꼭꼭 숨은 파괴의 화신입니다. 공중과 지상 중 하나를 선택하세요!
de000c899d3620e2,TID_TUTORIAL_ATTACK_NPC_2,잘했어요. 이제 녀석들에게 본때를 보여 주러 가죠!
db154ecb0ccef3c7,TID_NEWS_VIDEO_BUTTON,지금 보기!
ed7082e82f4b4794,TID_LINK_SAME_PLATFORM_ANDROID,"여러 Android 기기에서 게임을 즐기고 싶으면 이 기기에서 Google 계정으로 로그인하세요.\n\n그 후, 다른 기기에서 동일한 Google계정으로 로그인하세요. 진행 중인 마을 정보가 자동으로 동기화됩니다."
9944ce86d30cc347,TID_ABOUT,Credits\n\n<names>\n\nClash of Clans ™ <version>\nCopyright 2012-2017 Supercell Ltd. All Rights Reserved.\n미국 특허출원 중\n이 소프트웨어의 사용에 관한 모든 내용은 이용 약관 및 개인정보 보호정책(www.supercell.net)의 적용을 받습니다.\n지원이 필요한 경우 clashofclans.feedback@supercell.net으로 문의하십시오.\n\nMPEG Layer-3 오디오 코딩 기술은 Fraunhofer IIS 및 Thomson Licensing에게 사용 허가를 받았습니다.
95d1db62a60fd10c,TID_NEWS_UPDATE_INFO_TITLE,마지막 라바 펍의 전설
8d83673ae863b7b9,TID_DIAMOND_BUNDLE_TH8_INFO,• 보석 <gems>개\n• <res0> 골드\n• 폭탄 타워 2레벨\n\n즉시 건설할 수 있고 저장소 한도가 없습니다!\n\n이번 한 번뿐인 <cffec78><value>배 가치</c>의 구매 기회를 놓치지 마세요!
42f7f6dabdc502e3,TID_INFO_POP_UP_TOS_PP_NOTE,클래시 오브 클랜은 무료 게임이지만 인앱 구매를 통해 더 빠르게 진행할 수 있습니다. 인앱 구매는 기기 설정에서 차단도 가능합니다. 확인을 누르면 이용 약관과 개인정보 보호정책에 동의하게 됩니다.
53b31c26a76fbd56,TID_PROFILE_LEGEND_LAST,이전: <year> <month> 시즌
c726d72506eb812f,TID_TOWN_HALL_INFO,"마을의 핵심 건물입니다. 업그레이드하면 새로운 방어 시설, 건물, 함정, 기타 등등을 사용할 수 있습니다.\n공격 시 적의 마을회관을 파괴하면 별 한 개를 확보하고 승리를 확정 짓습니다. 적 건물의 50%를 파괴하면 두 번째 별을 확보하며, 100%를 파괴하면 별 3개를 모두 확보합니다.\n상대도 여러분의 마을 회관을 파괴하려 할 테니 조심해야 합니다!\n마을회관을 완전하게 보호하기 위해 마을의 중심에 위치시키고 장벽과 함정, 그리고 방어 시설로 보호하세요. 교활한 적은 모든 방향에서 공격해올 수 있습니다!"
33638d3e6170656f,TID_CHARACTER_INFO_GOLEM,"강력한 골렘은 엄청난 피해량을 견딜 수 있습니다! 골렘이 파괴되면 폭발하면서 작은 골렘 둘로 나뉘고, 골렘의 공격력과 체력의 20%를 지니게 됩니다."
eab9d94d939c85b7,TID_HINT_ACHIEVEMENT_GEMS,도전 과제를 달성하여 보석을 무료로 획득하세요!
f70dfa110456ba78,TID_ACHIEVEMENT_DESTROY_ARTILLERY_COMPLETED,파괴된 독수리 포탑: <value>
df5abacc2aca4e88,TID_BUTTON_LOCAL_HIGHSCORE,지역
4544bda2adc7bd6a,TID_PROFILE_LEGEND_BEST,최고: <year> <month> 시즌
f803ec4a1e41f236,TID_LINK_SAME_PLATFORM,"여러 iOS 기기에서 게임을 즐기고 싶으면 이 기기에서 Game Center 계정으로 로그인하세요.\n\n그 후, 다른 기기에서 동일한 Game Center 계정으로 로그인하세요. 진행 중인 마을 정보가 자동으로 동기화됩니다."
3876917a073abbf7,TID_NEWS_XMAS_2016_UPGRADES_TITLE,신규 업그레이드
70a5b123eeeacbd2,TID_CANCEL_WAR_MATCHMAKING_CONFIRMATION_TEXT,잠깐만요! 검색을 중지하지 않아도 클랜전 화면을 닫을 수 있습니다. 정말 중지하시겠습니까?
9147b2c38176b89a,TID_VIEW_HIGHSCORES,최강 클랜 및 사용자 보기
fc8a0a143da3a500,TID_REPAIR_HERO_TITLE,영웅을 수리할까요?
0af9f4422610a94b,TID_FAQ_TEXT_RECRUIT_ANDROID,"Google Play나 Facebook에서 친구를 초대하거나 전체 채팅에서 사람을 모집하여 클랜원을 늘릴 수 있습니다.\n\nFacebook이나 Google Play 친구를 초대하려면, 해당 친구들이 클래시 오브 클랜을 실행하고 Facebook이나 Google Play 계정과 연결한 후 클랜 성을 재건해야 합니다. 이와 같은 조건을 만족하는 친구는 친구 메뉴에서 이름을 탭한 후 초대 버튼을 누르면 됩니다. 전체 채팅에서 초대하는 방법도 비슷합니다. 해당 사용자의 채팅 내용을 탭한 후 초대 버튼을 누르면 됩니다."
bf74c7b6b75787f2,TID_ADD_FRIEND_ERROR_TOO_MANY_FRIENDS_YOU,친구가 너무 많습니다. 새로 추가하려면 친구를 삭제해 주십시오.
67c80fbabb2c91ae,TID_AVATAR_MESSAGE_TEXT_LAYOUTS_SCRAMBLED,마을 배치 상태가 부적절하다고 판단되어 초기화 되었습니다. 같은 일이 다시 발생할 경우 계정 정지됩니다.\n부적절한 마을 배치에 대한 자세한 정보를 보시려면 아래를 탭해주세요.
8853ce71c76bfa46,TID_FAQ_TEXT_CLAN,"클랜에 가입하려면 먼저 클랜 성을 재건해야 합니다. 그 후 재건된 클랜 성을 탭하면 클랜에 가입하거나 새로운 클랜을 생성할 수 있습니다. 클랜 성은 클랜원이 지원해준 병력과 마법이 보관되는 장소이기도 합니다. 클랜 성 내부에 주둔 중인 부대는 마을을 방어해 주며, 성에 보관된 부대와 마법으로 다른 마을을 공격할 수도 있습니다."
e54bee1366079c05,TID_ALLIANCE_DONATE_HEADER,지원군 기부
13248a9de5027d93,TID_FAQ_TITLE_LOSTGEMS,방금 보석을 구매했는데 추가되지 않았습니다. 어떻게 해야 하나요?
421344113d1ea6b0,TID_TARGET_ALREADY_IN_ALLIANCE,이미 다른 클랜에 가입한 사용자입니다.
c0a5bd22486ce445,TID_GRAND_WARDEN_INFO,"그랜드 워든은 오랫동안 출처 불명의 강력한 유물을 연구하여 그 힘을 지배하는 전략가로, 적 마을을 공격하거나 자신의 마을을 지키는 부대원들을 더 강하게 만듭니다."
e0cfb02db372e8b4,TID_PLACEMENT_HINT_TUTORIAL1,빈 공간을 여러 번 탭하여 유닛을 투입하세요.
1162410cc5f254cf,TID_TUTORIAL_CANNON_3,이런! 고블린 무리예요! 어서 대포를 설치해서 마을을 방어하세요!
1d0970dfd569530f,TID_FAQ_TITLE_TROPHIES,트로피 시스템은 어떻게 운영되나요?
b4ce7b6aa5fbc17c,TID_BOMBER_ABILITY,왕폭탄
b869368afd368481,TID_ALLIANCE_WAR_ENDED,전쟁이 끝났습니다.
7214055d215cdc57,TID_ALLIANCE_INVITATION_FAILED_AVATAR_ALREADY_HAS_AN_INVITE,이미 초대한 사용자입니다!
fadfc914c68bf34f,TID_PLAYER_ALREADY_REPORTED,이미 신고한 사용자입니다!
e1ac6d1df0c5eca9,TID_CLANPERK_INFO_TEXT,클랜 XP를 모아 클랜을 레벨 업하고 강력한 클랜 보너스를 획득하세요!\n클랜전에서 싸워 클랜 XP를 얻을 수 있습니다.
34d307905406b78b,TID_FAQ_TITLE_CLAN_WARS,클랜전에 참가하려면 어떻게 해야 하나요?
5eab309ba9854634,TID_BUTTON_LOAD_ALL,모두 장전
1699a44c7ece16fb,TID_CLAN_WAR_FREQ,전쟁 빈도:
7b52a5b33072a748,TID_CLAN_ADVANCED_SEARCH_RESULTS_WITH_NAME,고급 옵션을 사용하여 \q<name>\q 대한 검색 결과 표시
58fc529b7beb270f,TID_FAQ_TEXT_UPGRADES,"건물을 탭한 후 \q업그레이드\q 옵션을 선택하여 업그레이드할 수 있습니다. 마을회관을 업그레이드하면 새로운 건물을 지을 수 있고 기존 건물도 더 업그레이드할 수 있습니다!\n\n업그레이드 중인 건물은 제 기능을 발휘하지 못합니다. 따라서, 업그레이드 중인 금광과 엘릭서 정제소는 자원을 생성하지 못하고 대포와 포탑은 적을 공격할 수 없습니다."
bb466ced00aa2ea1,TID_DARKTOWER_AMMO_FILL_CONFIRMATION_ALL,모든 인페르노 타워가 장전되었습니다!
414151a496311371,TID_TUTORIAL_TOWN_HALL_2,잘하셨습니다! 마을회관이 업그레이드되어 새로운 건물을 지을 수 있습니다.
68a1d2aa9701cf97,TID_LIVE_REPLAY_FAIL_NO_FREE_SLOTS,실시간 감상이 불가능합니다. 관전 슬롯이 가득 찼습니다.
f814c7eb91b30d12,TID_MULTIDEVICE_INFO_ANDROID,Google Play 계정 로그인을 통해 진행 중인 마을 정보를 안전하게 유지하고 여러 대의 Android 기기에서 게임을 즐기세요.
9513f6fa2db69629,TID_NEWS_OCT_2017_UPDATE,"클랜, 친구 그리고 클랜 친구"
f8329c1a68a6768f,TID_FAQ_TITLE_INTERNET,가끔 연결이 끊어집니다. 어떻게 해야 끊어짐을 방지할 수 있을까요?
3c70bcc41c3441f1,TID_REPLAY_FAILED,재생 중 오류가 발생했습니다.
23fa3592819554f6,TID_CHARACTER_INFO_BARBARIAN,멋들어진 콧수염과 불거져 나온 근육에서 솟구치는 힘으로 적 마을을 아수라장으로 만드는 용감한 전사입니다. 투입한 바바리안 무리가 만드는 아수라장을 감상하세요!
4dbe0e8f8ea5a6bd,TID_WAR_SELECT_MEMBERS_HINTS,위의 버튼을 사용해 클랜원 수를 늘리거나 줄일 수 있습니다.
fd8d1eb187a78501,TID_ALLIANCE_CREATE_TROPHY_COUNT,가입조건(트로피):
37912f12268417a1,TID_GARG2_ABILITY_NAME,장거리 공격
91ef871520605a3d,TID_ACHIEVEMENTS_INFO,Game Center에도 도전 과제가 있습니다.
7f6039bc4382b32a,TID_INFO_POP_UP_TOS_PP_NOTE_KUNLUN,클래시 오브 클랜은 무료 게임이지만 인앱 구매를 통해 더 빠르게 진행할 수 있습니다. 확인을 누르면 이용 약관과 개인정보 보호정책에 동의하게 됩니다.
e0fb448eacee20eb,TID_TUTORIAL_ELIXIR_1,엘릭서는 유닛 훈련과 건물 건설에 꼭 필요한 자원이랍니다.
43e132406b78fd0e,TID_ALLIANCE_WAR_ATTACK_CONFIRM_2STARS,클랜이 이미 이 마을에서 별 2개를 획득했습니다. 더 나은 점수에 도전하시겠습니까?
0720c3513633884a,TID_TOP_HUD_WATCH_LIVE_BUTTON,실시간 감상
7a165b1238e58c98,TID_TAB_VIEW_VILLAGE2,장인 기지
e605cbe4e339a593,TID_ACHIEVEMENTS_INFO_ANDROID,Google Play에서도 도전 과제를 달성할 수 있습니다.
a6cdc4c99e36e5bf,TID_TUTORIAL_ATTACK_NPC_1,상아탑의 마법사들이 도우러 왔어요! 고블린 야영지를 공격하세요!
ec0378c9fa3bed87,TID_BUTTON_HERO_PATROL,가드
f4593c149b798f5c,TID_FAQ_TITLE_HEROES,"영웅 유닛은 무엇이고, 어떻게 사용하나요?"
bea72e0997b4021b,TID_HINT_VERSUS_BATTLE2,더 많은 트로피를 획득해서 대전 보상을 더 많이 늘리세요!
b0a83f9c83e06bc9,TID_SHOP_PURCHASED,구매함
71570c55cd2ee695,TID_DIAMOND_BUNDLE_ELIXIR_INFO,• 보석 <gems>개\n• <res0> 엘릭서\n\n저장소 한도가 없습니다!\n\n이번 한 번뿐인 <cffec78><value>배 가치</c>의 구매 기회를 놓치지 마세요!
75129268f335e124,TID_DIAMOND_BUNDLE_BH7_INFO_ALT,• 보석 <gems>개\n• <res0> 엘릭서\n• <res1> 골드\n\n저장소 한도가 없습니다!\n\n이번 한 번뿐인 <cffec78><value>배 가치</c>의 구매 기회를 놓치지 마세요!
63d50d3c2645e3c0,TID_HERO_ABILITY_WARMACHINE_DESC,"배틀 머신은 짜릿한 번개를 떨어트리며, 체력을 일부 회복하고 다음 공격의 피해량도 늘려줍니다. 시간이 지나면 이 능력은 재충전되어 다시 사용할 수 있습니다!"
1805ce23e13246fa,TID_HINT LEAGUE_PROMOTION,트로피를 더 모아서 상위 리그에 진입하세요. 리그 레벨이 높을수록 약탈 보너스도 증가합니다!
9733f82c3c020ec8,TID_NEWS_VIDEO_TEXT_INTRO,클랜전에 대해 알고 계세요? 소개 영상에서 알아보세요!
4b2024d5d087bb4a,TID_TUTORIAL_ACHIEVEMENTS2,"대장, 무엇을 해야 하는지 잘 알고 있군요. 저희 마을은 대장만 믿을게요!"
591f4d9799c94887,TID_USE_SPELL_EVENT_ACHIEVEMENT_DESC,이벤트 도전: 멀티플레이 전투에서 승리하세요!\n<cffec78>• 필수 사용: <unit> x 1</c>
76573faacce396bd,TID_NEWS_BUILDER_BASE_TITLE2,신규 대전 모드에서 전투
f8c2c4ca8414f104,TID_NEWS_BUILDER_BASE_TITLE1,새로운 세계를 향해 출항
d644de4894c693a2,TID_NEWS_XMAS_2016_UPGRADES_TEXT,마을회관 11레벨\n• 바바리안 킹 41 ~ 45레벨\n• 아처 퀸 41 ~ 45레벨\n• 골렘 6레벨\n• 호그 라이더 7레벨\n• 독 마법 5레벨\n• 클랜 성 7레벨\n• 마법사 타워 10레벨\n• 장벽 12레벨(최대 50개)
6af5aa87a2e45ac4,TID_HINT_ACCOUNT_SECURITY_1_ANDROID,누구에게도 Google 계정 정보를 알려주지 마세요.
1008d6c89afd1eec,TID_PLACEMENT_HINT,유닛을 투입하려면 탭하거나 길게 누르세요.
68c3158f70d2c8ce,TID_NEWS_VIDEO_BUTTON_APRIL,지금 보기
d81faa3ca8e3c43f,TID_FAQ_TEXT_RESET_ANDROID,게임은 초기화하지 않는 것이 좋습니다. 만약 게임을 \q제거\q(혹은 게임 데이터 삭제)하면 모든 정보가 사라집니다. 중요: 실수로 모든 진행 상황을 손실하는 일을 예방하기 위해 Google Play 로그인을 사용하여 마을 정보를 안전하게 유지하세요. Google Play 계정으로 단 한 번만 로그인해도 언제나 동일한 계정으로 로그인하여 마을을 불러올 수 있습니다.
f134719144a1e276,TID_LIVE_REPLAY_FAIL_GENERIC,실시간 감상이 불가능합니다. 나중에 다시 시도해 주세요.
5da28d8041b240e8,TID_DARK_TOWER_INFO,"인페르노 타워의 다크 엘릭서로 화염을 일으켜 단일 표적에게 막대한 피해를 주거나, 여러 표적을 계속해서 불태울 수 있습니다. 엄청난 열기로 인해 치유 효과가 차단됩니다!"
32de678f1414b5a9,TID_BARRACK2_INFO,장인 훈련소는 대전에서 싸울 병력을 훈련시킵니다! 또한 공격 전에 병력을 빠르게 교체할 수 있습니다. 장인 훈련소를 업그레이드하면 더 많은 유형의 병력이 잠금 해제됩니다!
796c53667c0eb25f,TID_ACHIEVEMENT_CLAIM_BUTTON,보상받기
508f68ee582d6569,TID_BUTTON_COLLECT,저장
db8c0def13cae80f,TID_FAQ_TEXT_LOSTGEMS_ANDROID,"대부분의 주문은 원활하게 진행되지만, 때때로 서버에서 주문이 확인되기 전까지 다소 시간이 걸릴 수 있습니다. 조금만 기다리면 보석이 곧 지급됩니다. 만일 구매한 보석이 도착하지 않으면 게임을 종료한 다음 다시 시작해보세요. 그래도 보석이 추가되지 않는다면 Google Wallet에서 주문 상태를 확인해 보세요."
023127f62801c758,TID_PRIVACY_POLICY_BUTTON,개인 정보 보호 정책
c1c0ba50ba3ed140,TID_DARK_ELIXIR_PUMP_INFO,마침내 연금술사들이 순수한 다크 엘릭서를 추출하는 방법을 알아냈습니다. 가장 희귀한 형태의 마법 물질입니다.
a4c90bd49464b6d1,TID_DIAMOND_BUNDLE_BH8_INFO,
b357fd4b1977b78b,TID_NEWS_OCT_2017_UPDATE_MAIN_TITLE,10월 업데이트!
fa0b7ead816b4212,TID_GOOGLE_PLAY_ACHIEVEMENTS,도전 과제
fce394fd7eb10e11,TID_ALLIANCE_CREATE_TYPE,클랜 유형:
761c448a92be97b3,TID_POPUP_REMOVE_TROOP_TEXT,부대를 제거하시겠습니까? 비용은 돌려받을 수 없습니다.
19c9b929508778c2,TID_FAQ_TEXT_REPLAY,"한 번에 저장할 수 있는 리플레이 수는 제한되어 있으므로 가능한 한 빨리 확인하는 것이 좋습니다. 또한, 게임 업데이트나 점검 후에도 리플레이를 볼 수 없는 경우가 있습니다."
554096440280c259,TID_CHALLENGE_CANT_REQUEST,클랜에 가입해서 클랜 성 병력 및 마법을 요청하세요.
b7163dcad33f958e,TID_CHARACTER_INFO_PUMPKIN_BARBARIAN,호박이 갑옷 대용으로 쓰기 좋을 줄 누가 알았을까요? 호박 투구를 쓴 바바리안은 투구가 부서질 때까지 추가 HP를 받습니다.
bebbdd21789a2baf,TID_ALLIANCE_INVITATION_FAILED_NO_CASTLE,클랜 성을 수리하지 않은 사용자는 초대할 수 없습니다!
3f71aed027ba31e9,TID_ACCEPT_FRIEND_ERROR_BANNED,사용자의 계정이 중지되어 있어 친구로 추가할 수 없습니다.
a3f464ce50da4b14,TID_POPUP_SPEED_UP_CONSTRUCTION,보석 <number>개로 <item> 건설을 즉시 완료할까요?
bfdb005486a9e18c,TID_HERO_ABILITY_QUEEN_TITLE,왕의 망토
f0c9d885e017dd74,TID_LEAGUE_INFO_PLACEMENT_HEADLINE,아무 사용자의 마을을 공격해서 리그에 진입하세요.
707104795c4caec9,TID_ALLIANCE_WAR_STAR_XP_DESC,별 <num>개를 획득해 <xpnum>의 클랜 XP 보너스를 받았습니다.
fe9f578861d4c104,TID_DUEL_REWARDS_TITLE,대전 보상
1dad3b438d56fe5c,TID_DIAMOND_BUNDLE_BOMB_TOWER_INFO,• 보석 <gems>개\n• <res0> 골드\n• 폭탄 타워 2레벨\n\n즉시 건설할 수 있고 저장소 한도가 없습니다!\n\n이번 한 번뿐인 <cffec78><value>배 가치</c>의 구매 기회를 놓치지 마세요!
ad83d19289722320,TID_HERO_ABILITY_NUM_SUMMONED_UNITS,소환한 유닛: <number>
917389c220eb3a9f,TID_ACHIEVEMENT_VS_BATTLE_TROPHIES_COMPLETED,대전 트로피 기록: <value>
180f7eb93cb76fa1,TID_HINT_CLAN_TROOP_DEPLOY,"클랜 성에 주둔 중인 지원군은 적이 공격할 때 함께 방어하거나, 공격할 때 투입할 수 있습니다."
d6da7124ab2ae5bc,TID_LEGEND_SEASON_INFO_TEXT,전설 리그는 특별한 시즌 말 규정과 보상이 적용됩니다!
c26f598d9016f9e7,TID_DIAMOND_BUNDLE_BH5_INFO,• 보석 <gems>개\n• <res0> 엘릭서\n• 1레벨 다중 박격포\n\n즉시 건설할 수 있고 저장 한도도 없습니다!\n\n이번 한 번뿐인 <cffec78><value>배 가치</c>의 구매 기회를 놓치지 마세요!
c9d421db9f98fc45,TID_TUTORIAL_DEFEND_5,하하하 금이다!! 우린 금을 좋아하지!
382a554aa3cae271,TID_NEWS_VIDEO_TEXT_FINALLY,클랜전의 바람이 불어옵니다! 호그 라이더가 함께하는 새로운 애니메이션 비디오를 만나 보세요. 멋지지 않습니까?!
522ddc37d37d88fe,TID_NEWS_MAY_BALANCING_TITLE,2017년 5월 밸런스 업데이트
89789ffb5f9b75d0,TID_TUTORIAL_VILLAGERS_MOVE_OUT,휴! 오늘 밤은 여기서 묵는 게 좋을 것 같아요.\n마치 집처럼 편안한 곳이네요!
769fdb12ad351298,TID_POPUP_TEXT_ABOUT_TO_SELL,<item>:\n<resource> <number>개에 판매할까요?
796940dce3a83d44,TID_POPUP_TEXT_RELOAD_ALL_XBOWS,<number> <resource>으로 모든 대형 석궁을 장전하시겠습니까?
03f6506d2b1e602e,TID_LEAGUE_TITLE2,각 리그 시즌은 한 달간 지속됩니다. 시즌 초반에 아무 사용자나 공격해서 새로운 리그 및 전리품 보너스를 확인할 수 있습니다.
1e54206a63d6f189,TID_BUTTON_GLOBAL_HIGHSCORE,전체
2d6b19cb699edd55,TID_DIAMOND_PACK_4,보석함
9828608064e1dc48,TID_NEWS_MAYSPELLS_TEXT,마을회관 10레벨 마법: 복제 마법\n• 복제 마법은 마법진 안에 들어가는 유닛을 복제해 줍니다!\n• 복제 마법을 업그레이드하면 생성하는 유닛의 인구수 한도가 늘어납니다.\n• 복제 마법은 5레벨 마법 제작소에서 만들 수 있습니다.\n\n마을 회관 9레벨 암흑 마법: 해골 마법\n• 전장 어디에든 해골 군대를 소환하세요!\n• 해골 마법을 업그레이드하면 더 많은 해골들이 소환됩니다.\n• 해골 마법은 새로운 4레벨 암흑 마법 제작소에서 만들 수 있습니다.
480c85b7800eafb2,TID_CHALLENGE_DEFAULT_INPUT,제 마을을 격파할 수 있나요?
37c8983e10fe6b4b,TID_FAQ_TEXT_HEROES,마을회관의 레벨이 충분히 높아지면 상점을 통해 영웅을 영입할 수 있습니다. 영웅은 적 마을을 공격하거나 공격을 받을 때 자신의 마을을 지킬 수 있습니다.\n영웅은 불사의 존재이지만 부상당하면 치유해야 합니다. 수면을 취하거나 치유 버튼을 눌러 회복할 수 있습니다.
95ba47639c8a1ddd,TID_WAR_PREPARE_INFO,"마을에서 전쟁을 준비하세요!\n<c2>클랜 성</c>을 채우고 <c2>함정</c>을 설치하며, <c2>방어 건물</c>을 세우고 <c2>영웅</c>들이 싸울 수 있게 준비시켜야 합니다!"
c3be5680fcbf75b9,TID_FRIEND_LIST_TEAMUP_2_FRIENDS,친구가 어디에 있든 팔로우하세요!
98ec40566e736fe6,TID_NOT_ENOUGH_WORKERS_TEXT_MASTER_BUILDER,이전 건설을 완료하고 마스터 장인을 불러올까요?
164e270bb79216a1,TID_CLOCK_TOWER_INFO,"시계탑은 마을의 시간을 빨리 가게 해줍니다! 자원 회수, 훈련, 연구, 건설 속도가 빨라집니다."
ebb6812ba4cb803c,TID_ATTACK_COOLDOWN_AFTER_MAINTENANCE,잠시 동안 다른 사용자를 공격할 수 없습니다!
ff8daaef2eb109da,TID_DECORATION_SMALL_PINETREE,작은 소나무
dc66d866bd5df86b,TID_STREAM_REPLAY_BUTTON,재생
b46350f3be6a25eb,TID_OFFER_ANNIVERSARY,클래시 기념일 팩
db5dc7aa7eadc599,TID_SETTINGS_GOOGLE,Google Play 계정 로그인
350832989f12476b,TID_ADD_FRIENDS_INFO_REQUESTS_ANDROID,플레이어 프로필에서 클래시 친구로 등록하세요.\nFacebook 친구들은 로그인하면 자동으로 표시됩니다.
17a322f54336c5bc,TID_ADVANCED_TRAP_INFO,지뢰를 심어 가까이 오는 적들을 공격하세요. 공중과 지상 중 하나를 선택하세요!
380b7be7e4c89bcc,TID_NEWS_RED_TITLE,"대장, 에이즈와 싸우는 (RED)를 도와주세요!"
c50a8c94225910f8,TID_POPUP_CANCEL_UPGRADE_TITLE,업그레이드 중단?
93cc5539ad4db67a,TID_PLAYER_MUTED,사용자를 차단했습니다!
92eac36cc7f3f719,TID_ERROR_POP_UP_LOGGED_FROM_ANOTHER_DEVICE_TITLE,연결 실패
7a45a67223fa94ab,TID_SETTINGS_BUTTON_FACEBOOK_CONNECTED,연결됨
1c8783a152cd8d83,TID_ACHIEVEMENT_ACCOUNT_BOUND_TENCENT,WeChat 또는 QQ에 연결
ca12422b6ee9d716,TID_SHOP_NEW_ITEM,신규
f7952f8bb29d0a2d,TID_POPUP_SPEED_UP_CONSTRUCTION_SLOWDOWN,<item> 건설을 진행하면 군대 훈련이 지연됩니다. 보석 <number>개로 즉시 완료할까요?
48cb48c6693e5bbd,TID_FAQ_TITLE_CLAN,클랜에 가입하거나 새 클랜을 생성하려면 어떻게 해야 하나요?
0d7633612b6ea3e9,TID_NEWS_XMAS_2016_MORE_TEXT,"• 마을회관 10레벨에서 마법사 타워 9레벨 이용 가능\n• 독 마법 효과 범위 약간 증가\n• 마녀 공격력 및 HP 증가\n• 해골 비행선, 드래곤, 및 P.E.K.K.A의 공격 속도 개선\n• 일부 업그레이드 비용 및 시간 감소"
a985fa3f4fe07912,TID_NEWS_RESOURCE_BOOST_TITLE,주말 특별 행사!
ff9ab8e41ba1df2b,TID_ACHIEVEMENT_COMPLETED,도전 과제 달성!
c11b5b7879a45ca1,TID_FAQ_TEXT_TEXTSIZE,"텍스트 크기는 늘릴 수 없지만 클래시 오브 클랜을 최적화된 환경에서 즐기기 위해 iPad 2, iPhone 4, 혹은 4세대 iPod 이상의 최신 iOS 기기에서 실행할 것을 추천합니다.\n\n이전 세대의 기기에서도 게임을 실행할 순 있지만 최적화된 환경에서 즐기지 못할 수도 있습니다."
0f13044e55fa0915,TID_ACHIEVEMENT_VS_BATTLE_TROPHIES,대전에서 트로피 총 <number>개 획득
96d8a2d5ea6e485b,TID_WAR_RESULTS_INFO_FRIENDLYWAR_ADDITION,전쟁이 끝나면 보너스 전리품이 금고로 배달됩니다. 또한 전쟁에서 승리하면 대량의 클랜 XP 보너스를 받을 수 있습니다. 전쟁 종료 후 일정 시간 동안 전투 결과 및 전투 장면을 확인할 수 있습니다. 더 오래된 전쟁을 확인하려면 클랜의 전쟁 기록 메뉴를 살펴보세요!\n\n참고: 친선전에는 전리품이나 클랜 XP가 주어지지 않습니다.
9e8b97e37b82a013,TID_REPLAY_SPEED,재생 속도:
f1782f0a78228836,TID_CALL_CENTER_TITLE,슈퍼셀 고객센터
ca0af597889a74d5,TID_FAQ_TITLE_GUARD,가드는 무엇이며 어떻게 사용하나요?
7dbfc156e9e06740,TID_FAQ_TEXT_TROPHIES,"다른 플레이어를 공격하거나 공격을 받을 때는 전투 결과에 따라 트로피를 얻거나 잃게 됩니다. 얻거나 잃는 트로피 수는 공격이나 방어가 얼마나 성공적이었는지에 따라 다릅니다. 본인보다 트로피 수가 더 많은 상대에게 승리하면, 더 적은 트로피를 가진 상대에게 이겼을 때보다 트로피를 많이 얻을 수 있습니다."
b2475104bac6cfe8,TID_POPUP_RELOAD_ALL_XBOWS,모든 대형 석궁 장전
2b6ae9f47a3dcda5,TID_HINT LOOT_BONUS,전리품을 더 얻고 싶나요? 리그에 진입한 후 공격해서 승리하면 약탈 보너스를 받을 수 있습니다!
146e1d3334e9e042,TID_SUPER_CHARGED_PEKKA,슈퍼 P.E.K.K.A
63589f57c56178a5,TID_WAR_DARK_ELIXIR,전쟁 다크 엘릭서
e6e582da3bc671df,TID_HERO_AURA_WARDEN_DESC,워든의 신비로운 유물이 생명력을 올려주는 오라를 발산하며 레벨이 오를수록 오라가 강해집니다. 공격 및 방어시 주변의 모든 아군이 HP 증가 효과를 받지만 너무 멀리 떨어지면 효과가 사라집니다.
14342a2d9c604786,TID_FAQ_TEXT_CLANSCORE,클랜 점수는 모든 클랜원들의 가중 점수를 사용하는 공식으로 계산됩니다. 단순히 클랜원들의 점수를 더한 값은 아닙니다. 이러한 계산법은 더욱 경쟁적이고 공정하게 클랜 순위를 매기기 위해 설계되었습니다.
147724134694e4b2,TID_BOOST_LEFT,남은 가속 시간:
3468c3d9bf6ea777,TID_ACHIEVEMENT_ACCOUNT_BOUND_GOOGLE_PLAY,Google Play에 연결
5a18306035f7aac9,TID_HINT_GIANT_DEPLOY,자이언트는 방어력이 높습니다. 자이언트를 먼저 투입하여 방어 시설의 시선을 끌어보세요.
fdf715bdafc426f3,TID_FAQ_TEXT_MATCHMAKING,"플레이어 vs 플레이어 대전은 소지한 트로피를 기반으로만 연결되며, 경험치 레벨이나 리그는 반영되지 않습니다. 따라서 비슷한 수의 트로피를 가진 플레이어를 상대로 공격하거나 공격을 받게 됩니다. 이 범위는 항상 대전 상대를 찾을 수 있을 만큼 충분히 넓게 적용됩니다."
b26f7a6b13a18463,TID_DIAMOND_BUNDLE_TH6_INFO,• 보석 <gems>개\n• <res0> 골드\n• 바람 방출기 2레벨\n\n즉시 건설할 수 있고 저장소 한도가 없습니다!\n\n이번 한 번뿐인 <cffec78><value>배 가치</c>의 구매 기회를 놓치지 마세요!
1173284658df37d7,TID_FAQ_TEXT_BUYING,사용 중인 기기에서 인앱 구매를 할 수 있는지 확인하세요. 설정 >일반 > 차단 메뉴로 가셔서 인앱 구매를 허용했는지 확인하세요. 홈 버튼을 2회 누르고 클래시 오브 클랜 창을 위로 밀어 게임을 종료한 후 다시 시작하면 보석을 구매할 수 있습니다.
23b293e45005d628,TID_DECORATION_PEKKA_STATUE,P.E.K.K.A. 동상
2660c1baf22a4298,TID_DIAMOND_BUNDLE_TH10_INFO,• 보석 <gems>개\n• <res0> 골드\n• 인페르노 타워 2레벨\n\n즉시 건설할 수 있고 저장소 한도가 없습니다!\n\n이번 한 번뿐인 <cffec78><value>배 가치</c>의 구매 기회를 놓치지 마세요!
ac29b79f7903c178,TID_LINK_SAME_PLATFORM_KUNLUN,여러 Android 기기에서 플레이하려면 같은 Android 앱 스토어에서 클래시 오브 클랜을 다운로드 한 다음 같은 계정으로 로그인하세요. 진행 상황은 자동으로 동기화됩니다.
15ab6b274abab4b2,TID_FAQ_TEXT_CLAN_WARS,클랜전에서 싸우려면 10명 이상이 클랜에 가입해야 합니다. 자세한 내용을 알아보려면 \q추가 도움말\q 버튼을 누르세요.
977ae4b80a8ae556,TID_CHAT_UNAVAILABLE,채팅 불가능!
3beae16b28b95202,TID_HINT_VERSUS_BATTLE4,대전에서 승리하기가 힘드신가요? 리플레이를 보고 방어를 강화해 보세요!
7b280eb74d23d70d,TID_GARG2_ABILITY_HELP,첫 <num>번의 공격을 더 먼 거리에서 할 수 있습니다.
339bf6606d9f8785,TID_CONFIRM_MERGE,계속 진행하시겠습니까?
52ef31d6b1987d08,TID_FAQ_TITLE_CONTROL,전투 중에 유닛을 조정할 수 있나요?
7fabdc313b26cb76,TID_DIAMOND_BUNDLE_GOLD_DARK_ELIXIR_INFO,• 보석 <gems>개\n• <res0> 골드\n• <res1> 다크 엘릭서\n\n저장소 한도가 없습니다!\n\n이번 한 번뿐인 <cffec78><value>배 가치</c>의 구매 기회를 놓치지 마세요!
8c8caef4f3054216,TID_SETTINGS_BUTTON_FACEBOOK_DISCONNECTED,연결되지 않음
f92204837a21f2b5,TID_ALLIANCE_WAR_STAR_XP,별 <num>개를 획득해 <xpnum>의 클랜 XP를 받았습니다.
d99f08918c5e93ef,TID_NO_SPELLS,먼저 마법을 만들어야 합니다!
083ccb5783b2f92e,TID_TUTORIAL_WORKER_MENU,좋아! 나한테 좋은 아이디어가 많아.\n일단 내가 써둔 목록을 확인해봐!
bdfe7b3b94b7dfc0,TID_LEGEND_SEASON_END_INFO,전체 순위 <rank>위로 시즌을 마쳤습니다. 플레이어 프로필에 이 놀라운 성과가 기록되어 모든 사람이 볼 수 있게 됩니다.
8b898e8f156880e6,TID_DIAMOND_BUNDLE_GOLD_INFO,• 보석 <gems>개\n• <res0> 골드\n\n저장소 한도가 없습니다!\n\n이번 한 번뿐인 <cffec78><value>배 가치</c>의 구매 기회를 놓치지 마세요!
6dc1f1078fbd3596,TID_MULTIDEVICE_INFO,Game Center 계정으로 로그인해서 진행 상황을 안전하게 유지하고 다양한 iOS 기기에서 즐겨보세요.
393a61222672dd61,TID_BUILD_TIME_INSTANT,즉시 건설
a28d4fabf11606f0,TID_DIAMOND_BUNDLE_BH3_INFO,• 보석 <gems>개\n• <res0> 엘릭서\n• 1레벨 크러셔\n\n즉시 건설할 수 있고 저장소 한도도 없습니다!\n\n이번 한 번뿐인 <cffec78><value>배 가치</c>의 구매 기회를 놓치지 마세요!
38badfa60439145d,TID_CLAN_JOIN_FAIL_NO_DUEL_SCORE,대전 트로피가 부족해 가입할 수 없습니다!
26fad61f5be7f7bf,TID_PLAYER_PROFILE_TROOPS_VILLAGE2,장인 기지 병력
7ecd66b32fc1c507,TID_DIAMOND_BUNDLE_BH8_INFO_ALT,• 보석 <gems>개\n• <res0> 엘릭서\n• <res1> 골드\n\n저장소 한도가 없습니다!\n\n이번 한 번뿐인 <cffec78><value>배 가치</c>의 구매 기회를 놓치지 마세요!
bbd3c306e35fa1e0,TID_FAQ_TITLE_CHANGENAME,마을 이름을 변경할 수 있나요?
c40b5490aedf18ea,TID_POPUP_TEXT_ABOUT_TO_REARM_ALL,모든 함정을 <resource> <number>개로 재장전할까요?
fecbcb716777d182,TID_DIAMOND_PACK_2,보석 주머니
00b322c464fa7efd,TID_WAR_INFO,"장엄한 2일간의 클랜전에서는 별을 더 많이 얻는 쪽이 승리합니다. 전쟁에서 이기면 보너스 전리품과 클랜 XP를 받을 수 있습니다. 공격에 성공하면 보너스가 증가하지만, 클랜이 전쟁에서 패배하면 대부분의 보너스를 잃게 됩니다! 전쟁이 무승부로 끝났다면 최고의 공격을 기준으로 상대를 더 많이 파괴한 쪽이 승리하게 됩니다."
24ecf1fcac264c3c,TID_FAQ_TEXT_BUYING_ANDROID,"올바른 Google 계정을 사용하고 있는지, 그리고 주요 결제 방법이 최신 정보로 갱신되었는지 확인하세요. Google Wallet 화면에서 이 정보를 확인할 수 있습니다. 결제 방법이나 주문 취소 관련 문의 사항이 있으면 Google에 바로 문의하세요."
80e9c1337db51a0f,TID_TUTORIAL_LOOK_LABORATORY_DO,누가 제일 뛰어난 장인인지 봐줄 병사들도 물론 있어야겠지!
70edb736509adfe2,TID_DIAMOND_BUNDLE_HERO_INFO,
a2b115cf01edbd69,TID_ALLIANCE_WAR_LOOT_DELIVERED,전쟁 전리품 보너스가 금고로 배달되었습니다!
569c0d5ae2ec2c5c,TID_HINT_ACCOUNT_SECURITY_2_ANDROID,Supercell은 절대로 귀하의 Google 계정 비밀번호를 묻지 않습니다.
2b99d128e8865f97,TID_HINT_REBUILD_BOAT,해안에 있는 배를 이용해 장인 기지로 가세요!
eb19ab3413edd0f9,TID_OBSTACLE_XMASTREE,크리스마스트리
bf33a4b7c369528a,TID_PERSONAL_WAR_PREFERENCE_DESCR,클랜전 참여를 원하는지 선택하세요. 다른 클랜원들이 볼 수 있습니다.
f4ec64cc140e7fb4,TID_JUMP_SPELL_INFO,벽 때문에 막혔습니까? 지름길을 사용해 보세요!\n\n적 장벽 근처에 이 마법을 사용하면 적에게 바로 가는 길을 만듭니다. 병력이 길이 놓인 벽을 순식간에 뛰어넘습니다!
a077c6e42dcba11c,TID_LABORATORY_HINT2,화면을 밀어서 전체 업그레이드 목록을 확인하세요.
d5b84e4ee3b461cf,TID_LOGIN_TO_FACEBOOK_BUTTON,Facebook에 로그인
61cde6b11e346467,TID_HINT_REBUILD_CLANCASTLE,부서진 클랜 성을 재건하여 다른 사용자와 함께 힘을 합치세요!
545c62566f9f27ef,TID_GHOST,할로윈 유령
a5bdbf9bd5ca44f4,TID_YES,예.
f627e2dce71eb673,TID_NEWS_OCT_2017_UPDATE_TEXT,• 장인 기지에서 클랜원에게 친선 전투를 신청해 보세요.\n• 클랜원과 협력해 새 클랜 보너스 레벨을 해제하고 레벨별 클랜 배지를 얻으세요.\n• 친구들의 온라인 상태를 볼 수 있습니다.\n• 마을과 장인 기지 모두에서 친구들의 공격을 실시간으로 보세요.
f9ef928dd7434089,TID_HINT_PEKKA_INFO,P.E.K.K.A.의 정체는 무엇일까요? 기사? 사무라이? 로봇? 아무도 모릅니다!
f0b993404372305f,TID_ACHIEVEMENT_DESTROY_TOWNHALL2_COMPLETED,총 파괴한 장인회관: <value>
f1f1591352da7fb3,TID_WAITING_FOR_DUEL_NOTIFICATION,플레이어가 대전 준비를 마쳤습니다!
6f78fc82a3884cdc,TID_FAQ_TEXT_LOSTGEMS,"결제는 대부분 원활하게 진행되지만, 가끔 결제 업체나 저희 서버의 응답이 평상시보다 느려지거나 오류가 발생하여 지연될 수 있으니 조금 기다려주세요. 만약 해결되지 않았다면 게임을 종료하고 다시 시작해보세요. 보석의 수가 정상적으로 적용되었을 것입니다.\n\n이후에도 해결되지 않는다면 아래의 \q문제 신고\q 버튼을 터치해 문의해 주세요."
8109c3b09884577e,TID_STAR_BONUS_DESCRIPTION,별 보너스 전리품이 금고로 전달되었습니다.
a33240cd0fdeadab,TID_HINT_VERSUS_BATTLE1,별을 더 획득해서 대전에서 승리하세요! 파괴 퍼센트가 승리의 열쇠입니다.
8031ecb8b357b11b,TID_RESOURCE_PACK_DARK_ELIXIR_FULL,다크 엘릭서 가득 채우기
19522694fc6a2ffd,TID_NEWS_BUILDER_BASE_TITLE3,"신규 건물, 비법, 그리고 보물"
a2d9916870660fd3,TID_GIFT_DIAMOND_PACK_5,보석 상자와 선물
a3bb5c4b79af327d,TID_NEWS_XMAS_2016_UPDATE_TITLE,메리 클래시마스!
bfa5740ff84e3726,TID_PLAYER_REPORTED_SUCCESSFULLY,사용자 신고 완료!
9154e76f04d9bc4c,TID_FAQ_TITLE_BUYING_ANDROID,보석을 구매할 수 없습니다. 도와주세요!
f1ae877580c00505,TID_RESOURCE_PACK_ELIXIR_50,엘릭서 절반 채우기
373e2a839bbc223e,TID_POPUP_ACHIEVEMENTS_TITLE,도전 과제
aecd73ea763e53f2,TID_FAQ_TITLE_MATCHMAKING,상대 찾기는 어떻게 운영되나요?
e319929416a8f68c,TID_GIFT_DIAMOND_PACK_4,보석함과 선물
62b8315a1757d47d,TID_GOBLIN_SPEAKS_1,으악! 아직 끝나지 않았다.
01b3c294773092c7,TID_HINT_SHIELD_LOSE,보호막이 적용된 채로 다른 사용자를 공격하면 보호막 지속 시간이 감소합니다.
9aacdcf0f03daef9,TID_NEWS_MAYTROOPS_TITLE,신규 병력!
6c1f73196a9206a0,TID_FAQ_TEXT_SPELLS,마법을 사용하려면 먼저 마을회관을 5레벨로 업그레이드해야 합니다. 그러면 마법 제작소라는 새로운 건물을 지을 수 있습니다. 마법 제작소는 훈련소과 비슷한 방식으로 운영됩니다. 이곳에서 마법을 제작할 수 있지만 보관할 수 있는 수는 한정되어 있습니다. 마법 제작소를 업그레이드하면 새로운 마법을 제작할 수 있고 더 많은 마법을 보관할 수 있습니다.\n\n마법은 다른 사용자를 공격할 때만 사용할 수 있습니다. 마법의 사용법은 유닛을 투입하는 법과 같습니다. 하단 메뉴에서 사용할 마법을 선택한 후 사용할 지역을 탭하면 됩니다. 마법은 유닛과는 다르게 전장 전역에 사용할 수 있습니다.
f6feb98bad13008f,TID_NEWS_VIDEO_TITLE_INTRO,전쟁의 기술
51bf35fa2a7d353d,TID_MEGA_TESLA_INFO,뇌전탑이 메가 뇌전탑이 되면 어떤 일이 일어날까요? 강력한 전기 충격으로 최고로 강한 적에게 큰 피해를 주겠죠!
abe72177536f6404,TID_NAMECHANGE_WARNING,참고: 이름은 한 번만 변경할 수 있습니다.
91c566877e738312,TID_POPUP_REMOVE_TROOP_TITLE,부대를 제거할까요?
05b40a064a1eb88d,TID_LINK_NEW_DEVICE_GAME_CENTER_NOTE,주의: Game Center 계정으로 iOS 기기에서만 게임을 즐기고 계신다면 다른 기기를 사용할 때 따로 연동할 필요 없이 해당 Game Center 계정으로 로그인만 하면 됩니다.
17d0556d8072873c,TID_ARMY_OVERVIEW_HINT_CLAN_CASTLE,클랜에 가입해서 클랜 성 병력 및 마법을 지원받으세요.
1b9608580f89713f,TID_DUEL_NOTIFICATION,<attacker> 상대와의 대전이 시작됐습니다!
fb0d02afe1d3d0f9,TID_RESOURCE_PACK_GOLD_50,골드 절반 채우기
64d599de08c50ce2,TID_FAQ_TITLE_DESTROYED,보호막이나 가드가 만료되면 어떻게 되나요?
7772061a8306da9d,TID_NEWS_BUTTON_FIND_OUT_MORE,더 알아보기!
c5aadc954a8540cf,TID_NEWS_BUILDER_BASE_TEXT2,"• 신규 부대, 게임플레이, 순위표 등과 함께 정면으로 공격하세요.\n• 은신 아처의 망토 같은 특별한 능력과 함께 유닛을 훈련시키세요.\n• 재사용 가능한 능력과 함께 강력한 신규 유닛을 활용해 보세요!"
5a08911664ec148d,TID_MATCHMAKE_VILLAGE2_TITLE,대전
1a39da7283b666ef,TID_BIND_TO_NEW_GOOGLE_SERVICE_ACCOUNT_TITLE,신규 Google Play 계정 로그인
425f269b4b6e96e2,TID_FAQ_TITLE_TEXTSIZE,텍스트 크기를 키울 수 있나요?
58fad17a19d25756,TID_FAQ_TEXT_GEM_BOX,"보석함은 플레이어의 마을에 무작위로 나타납니다. 나타나는 시간 또한 예측할 수 없으므로, 일부 플레이어가 다른 플레이어보다 보석을 더 많이 받는다는 오해가 발생할 수도 있습니다. 하지만 장기적으로 보면 누구나 공평하게 보석을 받게 되므로 걱정할 필요는 없습니다."
a73efc433f9f4f1a,TID_MORE_TWITTER,Twitter에서 팔로우하세요! T@clashofclans로 트윗을 남겨 주세요.
12674625c5fc696f,TID_RESOURCE_PACK_ELIXIR_10,엘릭서 10% 채우기
f0abb24c57f7e3aa,TID_REPAIR_BUILDING_TITLE,건물을 수리할까요?
1b7daf02167b27f4,TID_RES_PACK_INFO_ELIXIR,• 보석 <gems>개\n• <res0> 엘릭서\n\n저장소 한도가 없습니다!\n\n한정 기간 동안 할인된 가격에 자원을 구매해 보세요!
e8d5fd98206e1211,TID_TOWN_HALL2_INFO,"마스터 장인의 집이자 전투에서 주요 표적이 됩니다.\n\n공격 시 장인회관을 파괴하면 추가로 별을 얻습니다. 최대한 많은 별을 얻거나, 똑같은 별을 얻었을 경우 더 큰 피해를 입히면, 대전에서 승리할 수 있습니다.\n\n장인회관을 업그레이드하면 고급 건물과 부대원들이 해제됩니다!"
3e2a95b8c834ee85,TID_SHIELD_INFO,"기지를 오래도록 방어하세요! 보호막은 마을을 공격으로부터 보호하지만, 공격 후에는 지속 시간이 줄어듭니다. 여러 보호막을 동시에 구입하면 보호막의 지속 시간이 합산되어 늘어납니다."
c87e1602e57d1ccd,TID_HEALING_WAVE_INFO,유닛을 치유하여 유닛을 전장에 유지하세요!\n\n이 마법을 사용하면 치유 마법진이 생성됩니다. 마법진 안의 아군 유닛은 치유 효과를 받습니다.
81989a73e41dfc08,TID_DECORATION_PINETREE,소나무
56978e71cbf52de5,TID_GOOGLE_SERVICE_CONNECT_BUTTON,연결
0fbdcb6e2c994490,TID_POPUP_BOOST_VILLAGE_SPEEDUP,"<time> 동안 자원 회수, 훈련, 연구 및 건설 속도가 <multiplier>배 빨라집니다!"
c81a83be0c3f5ebd,TID_XP_TITLE_PUZZLEANDDRAGONS,일본에서 대 히트!
5bf2b6b23c93468c,TID_NEWS_VIDEO_BUTTON_FINALLY,지금 보기!
f76b55bd9540f366,TID_NEWS_RESOURCE_BOOST,지금 보석 한 개로 자원 생산 시설을 가속할 수 있습니다.
376eb337f8386cdd,TID_TUTORIAL_ATTACK_DONE2,이게 우리 방식이야!\n제일 잘 공격한 사람이 보상을 받는 거지.\n약탈은 안 돼. 그건 못된 짓이야!
40697339ebc155ca,TID_ALLIANCE_WAR_STAT_AVG_DESTRUCTION,평균 파괴
0cc340f293f3e97f,TID_RESOURCE_PACK_DARK_ELIXIR_10,다크 엘릭서 10% 채우기
44b1c99dd07c5909,TID_NAME_INSTRUCTIONS,"이름을 입력하세요. 이름은 다른 플레이어에게 보여지며, 나중에 다시 바꿀 수 없습니다!"
48fd1f8cf4f0d2cb,TID_NEWS_VIDEO_BUTTON_INTRO,지금 보기!
25cf44d0ececdf34,TID_ACHIEVEMENT_DESTROY_TOWNHALL2,대전에서 장인회관 <number>개 파괴
bdb3b512ee9f9192,TID_HERO_ABILITY_WARDEN_DESC,워든은 영원의 책이 지닌 힘을 완전히 개방하여 자신과 주변 부대원을 잠시 동안 피해 면역 상태로 만듭니다!
79788008642a47a0,TID_NEWS_BUILDER_BASE_TEXT1,"• 장인 기지: 해안을 건너 새로운 모험을 하세요!\n• 특별한 유닛, 건물 등으로 완전히 새로운 기지를 건설하세요!\n• 배를 수리해 모험을 시작하세요!"
69a781194e643297,TID_POPUP_REMOVE_WAR_DONATION_TITLE,병력을 제거할까요?
ba0117d073b81d1e,TID_CONNECT_WITH_FACEBOOK_BUTTON,Facebook에 연결
8a409d214ac22b96,TID_TUTORIAL_GOLDSTORAGE,골드를 보관할 장소도 필요해요!
5e7da330e22ed55b,TID_CHAT_BANNED_REASON,다른 사용자들이 귀하의 부적절한 채팅 내용을 신고했습니다.
bdd2417d5ef7c7a2,TID_HINT_RESOURCES_ARE_SAFE,장인 기지의 자원은 적이 약탈할 수 없습니다.
8184ffb7a9d9a383,TID_NEWS_OCT_2017_UPDATE_TITLE_2,신규 방어시설 및 유닛 레벨
06a5e68b44eb8a1b,TID_DIAMOND_BUNDLE_BH5_INFO_ALT,• 보석 <gems>개\n• <res0> 엘릭서\n• <res1> 골드\n\n저장소 한도가 없습니다!\n\n이번 한 번뿐인 <cffec78><value>배 가치</c>의 구매 기회를 놓치지 마세요!
b2708e7ca96bf66e,TID_FAQ_TEXT_MULTIACCOUNT,클래시 오브 클랜은 기기당 단 한 개의 계정만 허용합니다.
a075954c0601b022,TID_FAQ_TITLE_BUYING,보석을 구매할 수 없습니다. 게임에서 구매할 수 없나요?
2a5be48ef3a08b40,TID_HINT_SPELL_SPEEDUP,신속 마법은 해골 비행선이나 P.E.K.K.A.처럼 공격력은 높지만 움직임이 느린 유닛에 좋습니다.
9c5a2036761cfcc1,TID_GIVE_NAME_TITLE,제 이름은...
481646825ba6f345,TID_NEWS_SEP_V2_BALANCING_TEXT,"• 장인회관에 두 가지 신규 유닛 추가: 자이언트 대포(방어시설) 및 해골 수송선(공중 유닛)\n• 유닛은 14레벨까지, 방어시설은 7레벨까지 업그레이드 가능\n• 배틀 머신을 15레벨까지 업그레이드 가능"
a4bf5c68de88814e,TID_FAQ_TEXT_CONTROL,유닛은 전장에 투입되면 자동으로 공격하며 조정할 수 없습니다. 투입한 순간 유닛의 첫 공격 대상이 십자선으로 표시됩니다. 각 유닛은 선호하는 공격 대상을 고유한 기술로 공격합니다. 훈련소의 유닛 훈련 창에서 볼 수 있는 각 유닛의 정보와 방어 시설의 정보를 확인하여 어떤 유닛을 우선적으로 공격하는지 알 수 있습니다.
2fd063f215e6d6af,TID_BUTTON_CALL_CENTER,전화 문의
26e98eeab270a968,TID_LOCAL_NOTIFICATION_EVENT_SPECIAL_TROOP_DragonLighting,"대장, 드래곤/번개 마법 이벤트 동안 보석 200개를 획득하세요!"
26b3d269a7838585,TID_UNLOCK_BUILDINGS,업그레이드 후 사용 가능한 건물:
519ae1c6195cb714,TID_ELIXIR_AMMO_ALREADY_FULL_ALL,모든 대형 석궁과 독수리 포탑이 완전히 장전되었습니다!
b6f3d380667c6065,TID_POPUP_TEXT_RELOAD_ALL_INFERNOS,<number> <resource>으로 모든 인페르노 타워를 장전하시겠습니까?
cbc3948428a53591,TID_HINT_VERSUS_BATTLE3,하루에 대전에서 3회 승리하면 어마어마한 전리품 보너스를 받습니다.
9d89b65af17c1e22,TID_POPUP_ABOUT_TO_CANCEL_SPELL,대기열의 마법 제작을 취소하면 제작 비용의 <number>%만 돌려받습니다.
ef8b223892a032a4,TID_FILL_ARMY_CAMPS,집합소 채우기
b5c54dccf62442db,TID_POPUP_REARM_ALL,모든 함정 재장전
2f5ee0d9f5f621f7,TID_KICK_MEMBER_CONFIRMATION_TITLE,추방
1e33b697d11bab14,TID_WAR_BATTLE_INFO,"전투일에는 누구든지 두 번 공격할 수 있습니다. 상대에 대한 최고의 공격만이 가산되므로 클랜 전략이 매우 중요합니다! 클랜전에서는 적을 공격해도 보호막이 줄어들지 않으며, 트로피에도 영향을 주지 않습니다."
e4b9abce52b8a3c9,TID_FAQ_TITLE_GEM_BOX,보석 상자를 얻으려면 어떻게 하나요?
d6844f8e1738d8f7,TID_ALLIANCE_WAR_TOTAL_DESTRUCTION,<friendly> 종합 파괴 <enemy>
30582a8d59f3ad78,TID_POPUP_SHIELD_REMOVAL_REVENGE,복수를 위해 적을 공격하면 보호막 지속 시간이 짧아집니다. 공격 시 감소되는 시간보다 남은 지속 시간이 더 짧으면 보호막은 사라집니다.
8a816277eda394d2,TID_BUTTON_EDIT,군대 편집
a9fdee52e5c4c00c,TID_CLANGAMES_TASK_INFO_USE_BABYDRAGONS,멀티플레이 전투에서\n베이비 드래곤(x <num2>)을 사용해\n별 <num>개 획득
e0da840be2b7675f,TID_CLANGAMES_TASK_GET_BUILDERBATTLESTARS,장인기지 대전 별 수집가
4d506f4365e114ef,TID_CLANGAMES_TASK_INFO_USE_MINIONS,멀티플레이 전투에서\n미니언(x <num2>)을 사용해\n별 <num>개 획득
a11c6736ce95da62,TID_DIAMOND_BUNDLE_MAGICITEMS_VILLAGE_UPGRADE_PACK_INFO,• 보석 <gems>개\n• <res0> 골드\n<res1> 엘릭서\n• 건물의 책 <booster1>개\n\n건물 업그레이드에 필요한 모든 것!\n\n놓치지 마세요!
c2e237ec1cb6dace,TID_ALLIANCE_WAR_STAT_NUM_2Stars,별 2개
de892823aa10fb5e,TID_CLANGAMES_TASK_USE_MINERS,광부 작전
e8f9598a62ae43a8,TID_BOOSTER_FINISH_BUILDING_UPGRADE_INFO,마스터 장인이 직접 제작했다고 알려진 이 책을 사용하면\n모든 건물의 업그레이드가 즉시 완료됩니다.\n마을과 장인기지에서 사용할 수 있습니다.
6daed3b1fa319321,TID_DIAMOND_BUNDLE_MAGICITEMS_STRENGTH_POTION_ONLY_INFO,• 힘의 포션 <booster1>개\n\n대장님의 유닛을 최대 레벨로! 새로운 유닛 조합을 시험해보세요!\n\n놓치지 마세요!
5b3b953ae3fbef40,TID_BOOSTER_BOOST_PRODUCTION_INFO,"활력이 가득한 이 포션을 사용하면\n유닛 훈련, 마법 제작 및 영웅 회복 시간이 크게 단축됩니다.\n마을에서 사용할 수 있습니다."
e141a92095146c18,TID_NEWS_DEC_2017_UPDATE_TEXT_2,강력한 마법 아이템이 등장했습니다! 마법 아이템은 업그레이드 및 유닛 훈련 시간 단축 등 다양한 힘을 지니고 있습니다. 클랜 성의 금고가 이 귀중한 마법 아이템을 안전하게 지킬 수 있도록 변경되었습니다!
6eb8afc6376fb038,TID_CLANGAMES_TASK_INFO_WIN_BUILDERBATTLES,대전에서 <num>회 승리
241a14016863b3bf,TID_EVENT_TITLE_MagicItem_Pack,마법 아이템 팩
a54d7b24a9c90beb,TID_NEWS_DEC_2017_UPDATE_MAIN_TITLE,12월 업데이트가 도착했습니다!
4abb8fe701c89337,TID_EVENT_TITLE_ClanWar_Xmas,동계 게임
db15fde0a76ecb1c,TID_TUTORIAL_ATTACK_NPC_1,상아탑의 마법사들이 도우러 왔어요!\n고블린 야영지를 공격하세요!
fa80cc26e73297c6,TID_ALLIANCE_GAMES_CLAIM_REWARDS_BUTTON,클랜 성에 보관
b11fe05cc1d3c620,TID_POPUP_MAX_OUT_ARMY,<booster> 사용으로 <time> 동안 군대를 연구소에서 업그레이드할 수 있는 최대 레벨로 강화할까요?
df2b151c89c5e5a7,TID_EVENT_TEXT_Xmas-MagicItem,마법 아이템 특가 상품
be7639cb5f2160a6,TID_CLANGAMES_TASK_INFO_USE_CANNONCARTS,장인기지 대전에서\n대포 카트(x <num2>)를 사용해\n별 <num>개 획득
ed57bdf74e2091ec,TID_EVENT_TITLE_ClanWar_short4,주말 특별전
b321b5a4ae99681b,TID_POPUP_SPEED_UP_CONSTRUCTION,<item> 건설을 즉시 완료할까요?
cd65bbc4b3f1ca81,TID_DIAMOND_BUNDLE_MAGICITEMS_TRAINING_POTION_INFO,"• 보석 <gems>개\n• 훈련 포션 <booster1>개\n\n대장님의 유닛 훈련, 마법 제조, 영웅 회복 속도를 빠르게!\n\n놓치지 마세요!"
61eea4a0d9c1d310,TID_EVENT_TITLE_ClanWar_short3,주말 대시
83d937cf35a90341,TID_POPUP_SPEED_UP_BOOSTER_UPGRADE_SLOWDOWN,<item> 업그레이드를 진행하면 군대 훈련이 지연됩니다. <booster> 사용으로 즉시 완료할까요?
54ab5ce0a899f85f,TID_ALLIANCE_GAMES_REWARDS_AFTER_END,"클랜 게임이 종료되면, 잠금 해제된 보상 티어에서 보상을 하나씩 선택할 수 있습니다."
4fc6195d058ae57d,TID_DIAMOND_BUNDLE_MAGICITEMS_HERO_LEVEL_PACK_INFO,• 보석 <gems>개\n• <res0> 다크 엘릭서\n• 영웅의 책 <booster1>개\n\n바바리안 킹과 아처 퀸 업그레이드에 필요한 모든 것!\n\n놓치지 마세요!
e9d9026a62e406bf,TID_EVENT_TITLE_ClanWar_short,주말 전사
11c7952b4f2e2df2,TID_DIAMOND_BUNDLE_MAGICITEMS_STRENGTH_POTION_INFO,• 보석 <gems>개\n• 힘의 포션 <booster1>개\n\n대장님의 유닛을 최대 레벨로! 새로운 유닛 조합을 시험해보세요!\n\n놓치지 마세요!
2a5802d19ef7c228,TID_POPUP_MAX_OUT_ARMY_TITLE,유닛을 강화할까요?
38a3ab78f192f8a0,TID_BOOSTER_BOOST_ALL_PRODUCTION_TEXT,"훈련 포션을 사용해 <time> 동안 유닛 훈련, 마법 제조 및 영웅 회복 속도를 <multiplier>배로 가속할까요?"
2251529b10c9e1ad,TID_POPUP_SPEED_UP_BOOSTER_CONSTRUCTION_SLOWDOWN,<item> 건설을 진행하면 군대 훈련이 지연됩니다. <booster> 사용으로 즉시 완료할까요?
7589538b245e44bb,TID_DIAMOND_BUNDLE_MAGICITEMS_TRAINING_POTION_ONLY_INFO,"• 훈련 포션 <booster1>개\n\n대장님의 유닛 훈련, 마법 제조, 영웅 회복 속도를 빠르게!\n놓치지 마세요!"
c2e237eeccb6d901,TID_ALLIANCE_WAR_STAT_NUM_1Stars,별 1개
25d1f381cbaf5112,TID_CLAN_GAMES_NO_REWARDS_EARNED,보상을 얻지 못했습니다.
c84e9e8504f3cb14,TID_NEWS_DEC_2017_UPDATE_TITLE_3,기타 변경 및 추가 사항
44d1d334abb18d37,TID_POPUP_BOOST_ALL_COLLECTORS_BOOSTER,<time> 동안 생산 시설 <number>곳을 두 배로 가속할까요?
37d3ff6caebe17fb,TID_LOCAL_NOTIFICATION_EVENT_Xmas_MagicItem,"대장님, 첫 번째 마법 아이템 크리스마스 특가 상품이 도착했습니다!"
9ad5b23f774e3231,TID_CONFIRM_ALLIANCE_GAMES_SPEEDUP_TITLE,새 도전 과제를 시작할까요?
c142842d3691107e,TID_CLANGAMES_TASK_INFO_USE_HEALERS,멀티플레이 전투에서\n치유사(x <num2>)를 사용해\n별 <num>개 획득
31b738f8fa9be7aa,TID_CLAN_GAMES_THEME_SPRING,춘계 클랜 게임
38b9d89e524af017,TID_ALLIANCE_WAR_ATTACK_CONFIRM_3Stars,이 마을은 이미 파괴되었으므로 공격해도 클랜 별을 얻을 수 없습니다. 그래도 공격하시겠습니까?
1c351b9398435a02,TID_BOOST_ALL_POPUP_TITLE,훈련과 마법 제작을 가속하세요!
af1772dd8bffc18f,TID_DIAMOND_BUNDLE_MAGICITEMS_BUILDING_BOOK_WITH_RESOURCES_INFO,• 건물의 책 <booster1>개\n• <res0> 골드\n• <res1> 엘릭서\n\n건물의 책으로 건물 업그레이드를 즉시 완료!\n\n놓치지 마세요!
faac2ca497da355e,TID_BUTTON_DISABLED_REWARD_WOULD_OVERFLOW,금고에 공간이 부족해 <reward> 보상을 받을 수 없습니다.\n금고에 공간을 확보하거나 다른 보상을 선택해주세요.
4ce5d31983a20a4b,TID_CLANGAMES_TASK_INFO_DONATE_TROOPS,인구수 총합 <num>의 유닛 지원
9fde4e85d7aa496c,TID_CLANGAMES_TASK_WIN_BUILDERBATTLES,장인기지 대전 승리
d1dd1efc9d973728,TID_LOCAL_NOTIFICATION_EVENT_ChineseNewYear,"대장님, 아주 특별한 설날 맞이 특가 상품이 도착했습니다!"
f507abccc894e523,TID_CLAN_GAMES_THEME_AUTUMN,추계 클랜 게임
b5dcc9ff6f8561da,TID_EVENT_TITLE_ClanWar_long,평일 마라톤
eb43af07597036f1,TID_EVENT_TITLE_ClanWar_long2,장기전
19e01e6c4acf239e,TID_CLANGAMES_TASK_GET_BUILDERBATTLEDESTRUCTION,장인기지 대전 파괴자
4b31b6fb1fda219f,TID_BOOSTER_MAX_LEVEL_ARMY_INFO,마법의 향기가 강하게 나는 이 포션을 사용하면\n<time> 동안 유닛 및 마법 레벨이 연구소에서 업그레이드할 수 있는\n최대 레벨로 올라갑니다. 마을과 장인기지에서 사용할 수 있습니다.
d86e691fdd32d893,TID_CLANGAMES_TASK_INFO_USE_ARCHERS,멀티플레이 전투에서\n아처(x <num2>)를 사용해\n별 <num>개 획득
aa796777b533b7b8,TID_CLANGAMES_TASK_INFO_USE_DROPSHIPS,장인기지 대전에서\n해골 수송선(x <num2>)을 사용해\n별 <num>개 획득
765b283d73e0f80b,TID_NEWS_DEC_2017_UPDATE_TEXT_3,"• 인구수: 마을회관 11레벨에 새 훈련소 레벨이 추가되었습니다. 최대 인구수가 260으로 증가하였습니다.\n• 영웅 레벨: 바바리안 킹과 아처 퀸의 최대 레벨이 50으로 증가하였습니다.\n• 모드(mod) 색출 및 방지 시스템이 개선되었습니다.\n• 낮은 레벨 골렘 상향, 낮은 레벨 대형 석궁 초당 데미지 감소 등의 밸런스가 조절되었습니다."
2ee270f011ad4ae7,TID_EVENT_TITLE_Xmas_Resources,크리스마스 특가 상품
508e91f338107881,TID_NEWS_DEC_2017_UPDATE,클랜 게임
21d2b7b967429b9e,TID_DIAMOND_BUNDLE_MAGICITEMS_BUILDING_BOOK_INFO,• 보석 <gems>개\n• 건물의 책 <booster1>개\n\n건물의 책으로 건물 업그레이드를 즉시 완료!\n\n놓치지 마세요!
8566479c2af15ec7,TID_DIAMOND_BUNDLE_BH8_INFO,• 보석 <gems>개\n• <res0> 엘릭서\n• <res1> 골드\n• 4레벨 메가 뇌전탑\n\n즉시 건설할 수 있고 저장소 한도도 없습니다!\n\n이번 한 번뿐인 <cffec78><value>배 가치</c>의 구매 기회를 놓치지 마세요!
241984ded20da4c0,TID_LOCAL_NOTIFICATION_EVENT_Xmas_Resources,"대장님, 크리스마스 특가 상품이 도착했습니다!"
26dc3af8616afe08,TID_POPUP_SPEED_UP_UPGRADE,<item> 업그레이드를 즉시 완료할까요?
77476a90fda6ffa3,TID_DIAMOND_BUNDLE_MAGICITEMS_TROOP_BOOK_WITH_RESOURCES_INFO,• 유닛의 책 <booster1>개\n• <res0> 엘릭서\n\n유닛의 책으로 유닛 업그레이드를 즉시 완료!\n\n놓치지 마세요!
401dd56adb7877c3,TID_CLANGAMES_TASK_DONATE_SPELLS,마법 기부
3fa19efcce6a681c,TID_DIAMOND_BUNDLE_MAGICITEMS_HERO_BOOK_WITH_RESOURCES_INFO,• 영웅의 책 <booster1>개\n• <res0> 다크 엘릭서\n\n영웅의 책으로 영웅 업그레이드를 즉시 완료!\n\n놓치지 마세요!
625459f337739e0f,TID_NEWS_BUILDER_BASE_TEXT1,"• 장인기지: 해안을 건너 새로운 모험을 하세요!\n• 특별한 유닛, 건물 등으로 완전히 새로운 기지를 건설하세요!\n• 배를 수리해 모험을 시작하세요!"
38b8feb90379bdb5,TID_CLANGAMES_TASK_INFO_USE_RAGEDBARBARIANS,장인기지 대전에서\n분노한 바바리안(x <num2>)을 사용해\n별 <num>개 획득
8e0c2984c55d9889,TID_BOOSTER_FINISH_SPELL_UPGRADE_INFO,무명의 마법사가 제작한 이 마법의 책을 사용하면\n현재 진행 중인 마법 업그레이드가 즉시 완료됩니다.\n마을에서 사용할 수 있습니다.
18322932db40b4b2,TID_CLANGAMES_TASK_INFO_DONATE_SPELLS,인구수 총합 <num>의 마법 지원
24c034dc4443396a,TID_DIAMOND_BUNDLE_MAGICITEMS_SPELL_BOOK_INFO,• 보석 <gems>개\n• 마법의 책 <booster1>개\n\n마법의 책으로 마법 업그레이드를 즉시 완료!\n\n놓치지 마세요!
827b0c8aed6a2fbe,TID_CLANGAMES_TASK_INFO_USE_SNEAKYARCHERS,장인기지 대전에서\n은신 아처(x <num2>)를 사용해\n별 <num>개 획득
501f062783e1a64d,TID_CLANGAMES_TASK_INFO_USE_GOLEMS,멀티플레이 전투에서\n골렘(x <num2>)을 사용해\n별 <num>개 획득
7c797a28ba17265c,TID_WAR_INFO_FRIENDLYWAR_ADDITION,"장엄한 2일간의 클랜전에서는 별을 더 많이 얻는 쪽이 승리합니다. 전쟁에서 이기면 보너스 전리품과 클랜 XP를 받을 수 있습니다. 공격에 성공하면 보너스 전리품이 증가하지만, 클랜이 전쟁에서 패배하면 보너스 전리품을 대부분 잃게 됩니다! 전쟁이 무승부로 끝났다면 최고의 공격을 기준으로 상대를 더 많이 파괴한 쪽이 승리하게 됩니다.\n\n주의: 친선전에는 사용자가 설정한 시간이 적용되며 전리품이나 클랜 XP가 주어지지 않습니다."
fe9159030b7cf77f,TID_CLANGAMES_TASK_INFO_USE_BOWLERS,멀티플레이 전투에서\n볼러(x <num2>)를 사용해\n별 <num>개 획득
5e536a2242d91f14,TID_CLANGAMES_TASK_USE_NIGHTWITCHES,암흑 마녀의 박쥐쇼
c22182ac35861b6b,TID_EVENT_TITLE_ClanWar_Firstrun,게임을 시작합니다!
6d4cc6fa17231a3d,TID_NEWS_OCT_2017_UPDATE_TEXT_2,• 발키리와 골렘의 신규 레벨이 추가되었습니다.\n• 바람 방출기와 폭탄 타워의 신규 레벨이 추가되었습니다.\n• 최대 레벨 장벽을 25개 더 설치할 수 있습니다.
b1c202befcef8b2e,TID_NEWS_BUILDER_BASE_TEXT3,• 크러셔와 푸시 트랩처럼 다루기 힘든 방어시설로 상대를 앞지르세요!\n• 보석 광산과 시계탑으로 기지를 가속하세요.\n• 장인기지의 특별 업그레이드를 통해 기존 마을의 방어시설을 개조하세요!
96a2839d4ed0eab9,TID_CLAN_GAMES_THEME_WINTER,동계 클랜 게임
5b919853e1f167c2,TID_CLANGAMES_TASK_INFO_GET_BUILDERBATTLESTARS,대전에서 별 <num>개 수집
5b17dd112398dae8,TID_BUY_MULTIPLE_BOOSTERS,<amount> <name>
aa472c84bc0dd256,TID_CLAN_GAMES_THEME_WEEKENDGAMES,주말 클랜 게임
8d01aac60d85be0f,TID_DIAMOND_BUNDLE_MAGICITEMS_TROOP_BOOK_INFO,• 보석 <gems>개\n• 유닛의 책 <booster1>개\n\n유닛의 책으로 유닛 업그레이드를 즉시 완료!\n\n놓치지 마세요!
7e2449228d5fcb7a,TID_DIAMOND_BUNDLE_MAGICITEMS_BUILDING_BOOK_AND_HERO_BOOK_INFO,• 보석 <gems>개\n• 영웅의 책 <booster1>개\n• 건물의 책 <booster2>개\n\n장인이 다들 바쁜가요? 자원은 많은데 시간은 없다고요? 매직북 팩으로 영웅 업그레이드 하나와 건물 업그레이드 하나를 즉시 완료하세요!\n\n보관량 제한 없음!\n\n놓치지 마세요!
e824e3f0f64e7f8a,TID_CLAN_GAMES_THEME_NEW_YEAR,신년 맞이 클랜 게임
c2e237edacb6db8b,TID_ALLIANCE_WAR_STAT_NUM_3Stars,별 3개
1f2b6386ee7b6cb8,TID_DIAMOND_BUNDLE_MAGICITEMS_TROOP_LEVEL_PACK_INFO,• 보석 <gems>개\n• <res0> 엘릭서\n• 유닛의 책 <booster1>개\n\n유닛 업그레이드에 필요한 모든 것!\n\n놓치지 마세요!
bcb88a583965ea68,TID_SUPERCELL_ID_BUTTON_CONNECTED,연결됨
2a4f4340aa121bc5,TID_NEWS_DEC_2017_UPDATE_TEXT,"클랜 게임에서 클랜원과 협동해 최대로 보상을 받으세요! 함께 도전 과제를 완료하고 보상 티어를 잠금 해제해 자원, 보석 및 마법 아이템을 획득하세요!"
3355a6942dc4f463,TID_CLANGAMES_TASK_INFO_LOOT_GOLD,멀티플레이 전투에서\n골드 <num> 약탈
287d4df68a1b7894,TID_DIAMOND_BUNDLE_MAGICITEMS_EVERYTHING_BOOK_WITH_RESOURCES_INFO,• 궁극의 책 <booster1>개\n• <res0> 골드\n• <res1> 엘릭서\n• <res2> 다크 엘릭서\n\n궁극의 책으로 모든 업그레이드를 즉시 완료!\n\n놓치지 마세요!
6bde363da28a4ed8,TID_CLANGAMES_TASK_INFO_USE_VALKYRIES,멀티플레이 전투에서\n발키리(x <num2>)를 사용해\n별 <num>개 획득
5a13aa2a1f563600,TID_CLAN_GAMES_THEME_CNY_2018,설날 맞이 클랜 게임
d089e093a4fae33c,TID_BOOSTER_FINISH_HERO_UPGRADE_INFO,영웅의 이야기와 교훈으로 가득한 이 책을 사용하면\n현재 진행 중인 영웅 업그레이드가 즉시 완료됩니다.\n마을과 장인기지에서 사용할 수 있습니다.
5d3a1002e31fde6c,TID_NEWS_OCT_2017_UPDATE_TEXT,• 장인기지에서 클랜원에게 친선 전투를 신청해 보세요.\n• 클랜원과 협력해 새 클랜 보너스 레벨을 해제하고 레벨별 클랜 배지를 얻으세요.\n• 친구들의 온라인 상태를 볼 수 있습니다.\n• 마을과 장인기지 모두에서 친구들의 공격을 실시간으로 보세요.
9b887c1e41ae4ca0,TID_DIAMOND_BUNDLE_BH7_INFO,• 보석 <gems>개\n• <res0> 엘릭서\n• <res1> 골드\n• 4레벨 자이언트 대포\n\n즉시 건설할 수 있고 저장소 한도도 없습니다!\n\n이번 한 번뿐인 <cffec78><value>배 가치</c>의 구매 기회를 놓치지 마세요!
82ffb783efb81218,TID_DIAMOND_BUNDLE_MAGICITEMS_SPELL_BOOK_WITH_RESOURCES_INFO,• 마법의 책 <booster1>개\n• <res0> 엘릭서\n\n마법의 책으로 마법 업그레이드를 즉시 완료!\n\n놓치지 마세요!
b821725214570727,TID_CLANGAMES_TASK_INFO_USE_BARBARIANS,멀티플레이 전투에서\n바바리안(x <num2>)을 사용해\n별 <num>개 획득
9b850034d120e409,TID_DIAMOND_BUNDLE_MAGICITEMS_SPELL_LEVEL_PACK_INFO,• 보석 <gems>개\n• <res0> 엘릭서\n• 마법의 책 <booster1>개\n\n마법 업그레이드에 필요한 모든 것!\n\n놓치지 마세요!
2010113539b21570,TID_NEWS_OCT_2017_UPDATE_TITLE_2,신규 건물 및 유닛 레벨
c11e73237b1d40b6,TID_DIAMOND_BUNDLE_BH4_INFO,• 보석 <gems>개\n• <res0> 엘릭서\n• 1레벨 경계 초소\n• 1레벨 대공 폭탄\n\n즉시 건설할 수 있고 저장소 한도도 없습니다!\n\n이번 한 번뿐인 <cffec78><value>배 가치</c>의 구매 기회를 놓치지 마세요!
86890faef42bb08c,TID_CLANGAMES_TASK_INFO_USE_BOMBERS,장인기지 대전에서\n폭탄병(x <num2>)을 사용해\n별 <num>개 획득
74ad615b2a81f129,TID_EVENT_TITLE_ClanWar_long3,주간 게임
2687c1b40242be35,TID_DIAMOND_BUNDLE_MAGICITEMS_HERO_BOOK_INFO,• 보석 <gems>개\n• 영웅의 책 <booster1>개\n\n영웅의 책으로 영웅 업그레이드를 즉시 완료!\n\n놓치지 마세요!
d42c698751102c5b,TID_NEWS_MAYSPELLS_TEXT,마을회관 10레벨 마법: 복제 마법\n• 복제 마법은 마법진 안에 들어가는 유닛을 복제해 줍니다!\n• 복제 마법을 업그레이드하면 생성하는 유닛의 인구수 한도가 늘어납니다.\n• 복제 마법은 5레벨 마법 제작소에서 만들 수 있습니다.\n\n마을회관 9레벨 암흑 마법: 해골 마법\n• 전장 어디에든 해골 군대를 소환하세요!\n• 해골 마법을 업그레이드하면 더 많은 해골들이 소환됩니다.\n• 해골 마법은 새로운 4레벨 암흑 마법 제작소에서 만들 수 있습니다.
c092e6b705bb71db,TID_SUPERCELL_ID_BUTTON_DISCONNECTED,연결되지 않음
3300e25558808618,TID_DIAMOND_BUNDLE_MAGICITEMS_RESOURCE_POTION_ONLY_INFO,• 자원 포션 <booster1>개\n\n자원 정제소 최대 가속!\n\n놓치지 마세요!
cec407f5196ecf4c,TID_CONFIRM_ALLIANCE_GAMES_DISCARD_TITLE,도전 과제를 취소할까요?
17d876787646b6bc,TID_ALLIANCE_GAMES_EXPIRED_TASK,실패
8f129d2fdce9cd90,TID_CLANGAMES_TASK_INFO_USE_HOGRIDERS,멀티플레이 전투에서\n호그 라이더(x <num2>)를 사용해\n별 <num>개 획득
6f75e2d22245ca27,TID_POPUP_SPEED_UP_BOOSTER_UPGRADE,<item> 업그레이드를\n<booster> 사용으로 즉시 완료할까요?
65755f7ca41752d9,TID_ACHIEVEMENTS_VILLAGE2,장인기지 도전 과제
6e35cf312858451e,TID_BOOSTER_USE_MAX_LEVEL_ARMY,유닛 강화
2cde0fe7f166fbea,TID_CLANGAMES_TASK_INFO_USE_GIANTS,멀티플레이 전투에서\n자이언트(x <num2>)를 사용해\n별 <num>개 획득
4a8bdf183a9ea56e,TID_EVENT_TITLE_ChineseNewYear,설날 맞이 특가
4d6cd5c4079f5079,TID_NEWS_DEC_2017_UPDATE_TITLE_2,마법 아이템
c18f1d2a1d2ec098,TID_CLANGAMES_TASK_INFO_GET_HOMEBATTLESTARS,멀티플레이 전투에서\n별 <num>개 수집
b3d9e90dfd9b4bed,TID_ALLIANCE_WAR_ATTACK_CONFIRM_2Stars,클랜이 이미 이 마을에서 별 2개를 획득했습니다. 더 나은 점수에 도전하시겠습니까?
40a334985383d242,TID_CLAN_GAMES_THEME_HOLIDAY,크리스마스 클랜 게임
b63b9095e94acf90,TID_POPUP_SPEED_UP_BOOSTER_CONSTRUCTION,<item> 건설을\n<booster> 사용으로 즉시 완료할까요?
d8eadce89486cb4b,TID_CLANGAMES_TASK_INFO_USE_BABYDRAGONS2,장인기지 대전에서\n베이비 드래곤(x <num2>)을 사용해\n별 <num>개 획득
34b93e5820d8bf43,TID_CLAN_GAMES_THEME_MINIGAMES,미니 클랜 게임
5ca01b7a2139243c,TID_DIAMOND_BUNDLE_MAGICITEMS_EVERYTHING_BOOK_INFO,• 보석 <gems>개\n• 궁극의 책 <booster1>개\n\n궁극의 책으로 모든 업그레이드를 즉시 완료!\n\n놓치지 마세요!
6ada0aac5ea7fe20,TID_TREASURY_BOOSTERS_EMPTY,마법 아이템이 없습니다! 클랜 게임에 참가하여 마법 아이템을 획득하세요.
f636105365905e21,TID_CLANGAMES_TASK_INFO_USE_LOONS,멀티플레이 전투에서\n해골 비행선(x <num2>)을 사용해\n별 <num>개 획득
1f082cd36bc6d8b3,TID_CLANGAMES_TASK_INFO_CLEAR_OBSTACLES,마을이나 장인기지에서 장애물 <num>개 제거
3ce7d88f16a92c81,TID_CLANGAMES_TASK_INFO_USE_GOBLINS,멀티플레이 전투에서\n고블린(x <num2>)을 사용해\n별 <num>개 획득
6407beafb1f0eaab,TID_CLAN_GAMES_THEME_SUMMER,하계 클랜 게임
a4238b3833ba7128,TID_ALLIANCE_GAMES_ABOUT_TASKS_INFO,클랜을 위해 도전 과제를 완료해 점수를 모으세요!\n클랜원마다 달성해야 하는 점수가 있습니다. 클랜과 대장님이 최대한 많은 보상을 얻을 수 있도록 노력하세요.\n반드시 제한 시간 안에 완료할 수 있는 도전과제를 선택하세요!
c7d121e8bee40c4a,TID_WAR_INFO,"2일간의 클랜전에서는 별을 더 많이 얻는 쪽이 승리합니다. 전쟁에서 이기면 보너스 전리품과 클랜 XP를 받을 수 있습니다. 공격에 성공하면 보너스 전리품이 증가하지만, 클랜이 전쟁에서 패배하면 보너스 전리품을 대부분 잃게 됩니다! 전쟁이 무승부로 끝났다면, 최고의 공격을 기준으로 상대를 더 많이 파괴한 쪽이 승리하게 됩니다."
b8262c0ae2eb741c,TID_CLANGAMES_TASK_INFO_USE_NIGHTWITCHES,장인기지 대전에서\n암흑 마녀(x <num2>)를 사용해\n별 <num>개 획득
3a8f5b3db63d57eb,TID_CLAN_GAMES_THEME_WAR,전쟁 클랜 게임
35149e8be5c24950,TID_CLANGAMES_TASK_INFO_USE_BETAMINIONS,장인기지 대전에서\n베타 미니언(x <num2>)을 사용해\n별 <num>개 획득
7cd6d92486be5416,TID_CLANGAMES_TASK_INFO_USE_BOXERGIANTS,장인기지 대전에서\n복서 자이언트(x <num2>)를 사용해\n별 <num>개 획득
7e8e66cccf864817,TID_CLAN_GAMES_THEME_BIRTHDAY,생일 클랜 게임
d66db5c2e675e4c5,TID_BOOSTER_MAX_LEVEL_ARMY_MAXED_UP_LAB,군대를 강화할 수 없습니다. 연구소를 업그레이드해주세요!
72d62101c91ad2b1,TID_CLANGAMES_TASK_INFO_USE_MINERS,멀티플레이 전투에서\n광부(x <num2>)를 사용해\n별 <num>개 획득
cc54fa291d9c65aa,TID_CLANGAMES_TASK_INFO_USE_DRAGONS,멀티플레이 전투에서\n드래곤(x <num2>)을 사용해\n별 <num>개 획득
3a8c5c9a84cb6acf,TID_LOCAL_NOTIFICATION_EVENT_MagicItem_Pack,"대장님, 마법 아이템 특가 상품이 도착했습니다!"
3a9bfa2aa60af179,TID_CLANGAMES_TASK_INFO_USE_PEKKAS,멀티플레이 전투에서\nP.E.K.K.A(x <num2>)를 사용해\n별 <num>개 획득
3a73aea2f284d25e,TID_EVENT_TITLE_ClanWar_short2,클랜 대시
a38cb58593434e80,TID_CLANGAMES_TASK_INFO_WIN_HOMEBATTLES,멀티플레이 전투 <num>회 승리
d8eef5210b8a68d8,TID_CLANGAMES_TASK_INFO_USE_LAVAHOUNDS,멀티플레이 전투에서\n라바 하운드(x <num2>)를 사용해\n별 <num>개 획득
d127c32497c0a8b7,TID_GAMES_REWARDS_TEXT,"클랜 게임이 종료되면, 이제 보상을 받을 시간입니다! 클랜이 도전 과제를 완료하여 모은 점수로 잠금 해제된 보상 티어에서 각 하나씩 보상을 선택할 수 있습니다. 클랜 게임에서 최소한 하나 이상의 도전 과제를 완료한 클랜원은 각 티어에서 보상을 하나씩 선택할 수 있습니다. 선택한 보상은 클랜 성의 금고에 저장됩니다. 보상을 받을 수 있도록 잊지 말고 금고에 여유 공간을 만들어 두세요! 회수되지 않은 보상은 7일 후 사라집니다."
26af70f4bbf7a38e,TID_BOOSTER_FINISH_TROOP_UPGRADE_INFO,효과적인 훈련법으로 가득한 이 책을 사용하면\n현재 진행 중인 유닛 업그레이드가 즉시 완료됩니다.\n마을과 장인기지에서 사용할 수 있습니다.
df43883d8dcdffc7,TID_CLANGAMES_TASK_INFO_USE_WALLBREAKERS,멀티플레이 전투에서\n해골 돌격병(x <num2>)을 사용해\n별 <num>개 획득
e2a4a9621504a28a,TID_CLANGAMES_TASK_INFO_USE_WITCHES,멀티플레이 전투에서\n마녀(x <num2>)를 사용해\n별 <num>개 획득
66fb193d53b805c1,TID_BOOSTER_FINISH_ANY_UPGRADE_INFO,마법의 힘이 가득한 이 책을 사용하면\n현재 진행 중인 모든 업그레이드가 즉시 완료됩니다.\n마을과 장인기지에서 사용할 수 있습니다.
ebbbf5d7552fbb6b,TID_DIAMOND_BUNDLE_MAGICITEMS_RESOURCE_POTION_INFO,• 보석 <gems>개\n• 자원 포션 <booster1>개\n\n자원 정제소 최대 가속!\n\n놓치지 마세요!
bdd20e7b7928ee23,TID_BOOSTER_BOOST_RESOURCES_INFO,신속 마법이 담긴 이 포션을 사용하면\n자원 생산 속도가 <time> 동안 크게 단축됩니다.\n마을에서 사용할 수 있습니다.
44849b8e1d2896a3,TID_CLANGAMES_TASK_INFO_GET_BUILDERBATTLEDESTRUCTION,대전에서 파괴율 <num>% 달성
d46c598df203f8d9,TID_CLANGAMES_TASK_INFO_USE_WIZARDS,멀티플레이 전투에서\n마법사(x <num2>)를 사용해\n별 <num>개 획득
